Starting experiments for Shiro-ef hnswdis library...


EXPERIMENTS_ROOT: /home/ryawszn/experiments/shiro-ef
Starting offline experiments...


Dataset: deep-image-96-angular
Metric: cd
Truncation ratio: 0.5
Normalize the data vectors
Data vectors dimensions: 9990000 x 96
Query vectors dimensions: 10000 x 96
Neighbors dimensions: 10000 x 100
Using AVX512 Inner Product distance
Index loaded
Dimension of space:96
Data size of space:384
Ground truth computed in 153141 ms
Sampling computing time: 161450 ms
Loading samplings from /home/ryawszn/experiments/shiro-ef/sampling/deep-image-96-angular-samplings--k100-ef.bin
Samplings loaded from /home/ryawszn/experiments/shiro-ef/sampling/deep-image-96-angular-samplings--k100-ef.bin
Average Recall: 0.838966
Initial average recall with ef=100: 0.838874
Average Recall: 0.886667
Initial average recall with ef=150: 0.886432
Recall diff is too small for 1 consecutive steps, break.
Recall diff is too small for 1 consecutive steps, break.
Recall diff is too small for 1 consecutive steps, break.
Recall diff is too small for 1 consecutive steps, break.
Recall diff is too small for 1 consecutive steps, break.
Recall diff is too small for 1 consecutive steps, break.
Recall diff is too small for 1 consecutive steps, break.
Recall diff is too small for 1 consecutive steps, break.
Recall diff is too small for 1 consecutive steps, break.
Recall diff is too small for 1 consecutive steps, break.
Recall diff is too small for 1 consecutive steps, break.
Recall diff is too small for 1 consecutive steps, break.
Recall diff is too small for 1 consecutive steps, break.
Weighted average ef: 359.195
EF-estimation table computing time: 151949 ms
Training convergence-bucket 0 [15.9769, 48.7988) with 200 queries.
Average Recall: 0.620804
Initial average recall with ef=100: 0.61367
Average Recall: 0.699749
Initial average recall with ef=150: 0.69367
Recall diff is too small for 1 consecutive steps, break.
Weighted average ef: 923.35
Training convergence-bucket 1 [48.7988, 52.9019) with 200 queries.
Average Recall: 0.653
Initial average recall with ef=100: 0.643829
Average Recall: 0.73215
Initial average recall with ef=150: 0.723143
Weighted average ef: 737.755
Training convergence-bucket 2 [52.9019, 60.0296) with 200 queries.
Average Recall: 0.7367
Initial average recall with ef=100: 0.734021
Average Recall: 0.8058
Initial average recall with ef=150: 0.803598
Weighted average ef: 531.905
Training convergence-bucket 3 [60.0296, 64.134) with 200 queries.
Average Recall: 0.816
Initial average recall with ef=100: 0.814712
Average Recall: 0.87875
Initial average recall with ef=150: 0.877853
Weighted average ef: 337.12
Training convergence-bucket 4 [64.134, 67.6072) with 200 queries.
Average Recall: 0.858141
Initial average recall with ef=100: 0.855591
Average Recall: 0.912864
Initial average recall with ef=150: 0.910215
Recall diff is too small for 1 consecutive steps, break.
Weighted average ef: 256.965
Training convergence-bucket 5 [67.6072, 71.1849) with 200 queries.
Average Recall: 0.88515
Initial average recall with ef=100: 0.88766
Average Recall: 0.9299
Initial average recall with ef=150: 0.933032
Weighted average ef: 202.975
Training convergence-bucket 6 [71.1849, 74.4271) with 200 queries.
Average Recall: 0.92065
Initial average recall with ef=100: 0.922473
Average Recall: 0.9561
Initial average recall with ef=150: 0.957581
Weighted average ef: 152.75
Training convergence-bucket 7 [74.4271, 77.7543) with 200 queries.
Average Recall: 0.9451
Initial average recall with ef=100: 0.948192
Average Recall: 0.9724
Initial average recall with ef=150: 0.974787
Weighted average ef: 121.8
Training convergence-bucket 8 [77.7543, 82.04) with 200 queries.
Average Recall: 0.9686
Initial average recall with ef=100: 0.968769
Average Recall: 0.9849
Initial average recall with ef=150: 0.985128
Weighted average ef: 109.25
Training convergence-bucket 9 [82.04, inf) with 200 queries.
Average Recall: 0.98455
Initial average recall with ef=100: 0.989126
Average Recall: 0.9933
Initial average recall with ef=150: 0.99612
Weighted average ef: 93.25
Reconstructed True WAE: 243.132 (Hard Pct: 0.0211)

Dataset: glove-100-angular
Metric: cd
Truncation ratio: 0.5
Normalize the data vectors
Data vectors dimensions: 1183514 x 100
Query vectors dimensions: 10000 x 100
Neighbors dimensions: 10000 x 100
Using AVX512 Inner Product distance
Index loaded
Dimension of space:100
Data size of space:400
Ground truth computed in 8571 ms
Sampling computing time: 15077 ms
Loading samplings from /home/ryawszn/experiments/shiro-ef/sampling/glove-100-angular-samplings--k100-ef.bin
Samplings loaded from /home/ryawszn/experiments/shiro-ef/sampling/glove-100-angular-samplings--k100-ef.bin
Average Recall: 0.727104
Initial average recall with ef=100: 0.727344
Average Recall: 0.770668
Initial average recall with ef=150: 0.77093
Recall diff is too small for 1 consecutive steps, break.
Weighted average ef: 1690.15
EF-estimation table computing time: 28576 ms
Training convergence-bucket 0 [11.9239, 36.5612) with 200 queries.
Average Recall: 0.45775
Initial average recall with ef=100: 0.434202
Average Recall: 0.5046
Initial average recall with ef=150: 0.481489
Weighted average ef: 4369.62
Training convergence-bucket 1 [36.5612, 44.32) with 200 queries.
Average Recall: 0.4665
Initial average recall with ef=100: 0.442582
Average Recall: 0.5241
Initial average recall with ef=150: 0.500549
Recall diff is too small for 1 consecutive steps, break.
Recall diff is too small for 1 consecutive steps, break.
Recall diff is too small for 1 consecutive steps, break.
Weighted average ef: 3776.78
Training convergence-bucket 2 [44.32, 51.3519) with 200 queries.
Average Recall: 0.5554
Initial average recall with ef=100: 0.541087
Average Recall: 0.61685
Initial average recall with ef=150: 0.604402
Recall diff is too small for 1 consecutive steps, break.
Weighted average ef: 2805.55
Training convergence-bucket 3 [51.3519, 57.3494) with 200 queries.
Average Recall: 0.631
Initial average recall with ef=100: 0.620449
Average Recall: 0.69215
Initial average recall with ef=150: 0.680674
Weighted average ef: 1928.91
Training convergence-bucket 4 [57.3494, 62.36) with 200 queries.
Average Recall: 0.71275
Initial average recall with ef=100: 0.697614
Average Recall: 0.76865
Initial average recall with ef=150: 0.757045
Weighted average ef: 1212.92
Training convergence-bucket 5 [62.36, 67.4098) with 200 queries.
Average Recall: 0.79205
Initial average recall with ef=100: 0.781492
Average Recall: 0.8402
Initial average recall with ef=150: 0.831713
Weighted average ef: 813.325
Training convergence-bucket 6 [67.4098, 72.0157) with 200 queries.
Average Recall: 0.8497
Initial average recall with ef=100: 0.843046
Average Recall: 0.89005
Initial average recall with ef=150: 0.885287
Weighted average ef: 551.17
Training convergence-bucket 7 [72.0157, 76.1974) with 200 queries.
Average Recall: 0.90275
Initial average recall with ef=100: 0.900177
Average Recall: 0.9333
Initial average recall with ef=150: 0.932249
Recall diff is too small for 1 consecutive steps, break.
Weighted average ef: 243.29
Training convergence-bucket 8 [76.1974, 80.8181) with 200 queries.
Average Recall: 0.9334
Initial average recall with ef=100: 0.936292
Average Recall: 0.9541
Initial average recall with ef=150: 0.956348
Recall diff is too small for 1 consecutive steps, break.
Recall diff is too small for 1 consecutive steps, break.
Weighted average ef: 190.01
Training convergence-bucket 9 [80.8181, inf) with 200 queries.
Average Recall: 0.969751
Initial average recall with ef=100: 0.974066
Average Recall: 0.9827
Initial average recall with ef=150: 0.985824
Weighted average ef: 99.5
Reconstructed True WAE: 1436.64 (Hard Pct: 0.0084)

Dataset: word2vec-300-angular
Metric: cd
Truncation ratio: 0.5
Normalize the data vectors
Data vectors dimensions: 1000000 x 300
Query vectors dimensions: 1000 x 300
Neighbors dimensions: 1000 x 100
Using AVX512 Inner Product distance
Index loaded
Dimension of space:300
Data size of space:1200
Ground truth computed in 14871 ms
Sampling computing time: 22742 ms
Loading samplings from /home/ryawszn/experiments/shiro-ef/sampling/word2vec-300-angular-samplings--k100-ef.bin
Samplings loaded from /home/ryawszn/experiments/shiro-ef/sampling/word2vec-300-angular-samplings--k100-ef.bin
Average Recall: 0.814942
Initial average recall with ef=100: 0.815848
Average Recall: 0.863051
Initial average recall with ef=150: 0.86389
Recall diff is too small for 1 consecutive steps, break.
Recall diff is too small for 1 consecutive steps, break.
Weighted average ef: 437.12
EF-estimation table computing time: 9248 ms
Training convergence-bucket 0 [16.7157, 45.4324) with 200 queries.
Average Recall: 0.57135
Initial average recall with ef=100: 0.570765
Average Recall: 0.65215
Initial average recall with ef=150: 0.655191
Weighted average ef: 910.955
Training convergence-bucket 1 [45.4324, 49.0301) with 200 queries.
Average Recall: 0.60335
Initial average recall with ef=100: 0.605464
Average Recall: 0.6891
Initial average recall with ef=150: 0.691749
Recall diff is too small for 1 consecutive steps, break.
Weighted average ef: 862.14
Training convergence-bucket 2 [49.0301, 55.234) with 200 queries.
Average Recall: 0.66035
Initial average recall with ef=100: 0.656167
Average Recall: 0.74275
Initial average recall with ef=150: 0.737389
Recall diff is too small for 1 consecutive steps, break.
Recall diff is too small for 1 consecutive steps, break.
Weighted average ef: 763.465
Training convergence-bucket 3 [55.234, 62.4334) with 200 queries.
Average Recall: 0.79625
Initial average recall with ef=100: 0.792454
Average Recall: 0.8523
Initial average recall with ef=150: 0.849755
Recall diff is too small for 1 consecutive steps, break.
Recall diff is too small for 1 consecutive steps, break.
Weighted average ef: 436.295
Training convergence-bucket 4 [62.4334, 67.152) with 200 queries.
Average Recall: 0.84685
Initial average recall with ef=100: 0.845575
Average Recall: 0.89615
Initial average recall with ef=150: 0.895517
Weighted average ef: 304.035
Training convergence-bucket 5 [67.152, 71.2249) with 200 queries.
Average Recall: 0.88475
Initial average recall with ef=100: 0.88689
Average Recall: 0.9261
Initial average recall with ef=150: 0.927927
Recall diff is too small for 1 consecutive steps, break.
Weighted average ef: 204.79
Training convergence-bucket 6 [71.2249, 74.3644) with 200 queries.
Average Recall: 0.9248
Initial average recall with ef=100: 0.920588
Average Recall: 0.95235
Initial average recall with ef=150: 0.949765
Weighted average ef: 154.235
Training convergence-bucket 7 [74.3644, 77.2476) with 200 queries.
Average Recall: 0.94
Initial average recall with ef=100: 0.938197
Average Recall: 0.96325
Initial average recall with ef=150: 0.961694
Weighted average ef: 139.645
Training convergence-bucket 8 [77.2476, 80.0452) with 200 queries.
Average Recall: 0.9551
Initial average recall with ef=100: 0.957811
Average Recall: 0.9752
Initial average recall with ef=150: 0.977574
Weighted average ef: 101
Training convergence-bucket 9 [80.0452, inf) with 200 queries.
Average Recall: 0.96665
Initial average recall with ef=100: 0.968095
Average Recall: 0.9812
Initial average recall with ef=150: 0.982857
Weighted average ef: 97.715
Reconstructed True WAE: 289.225 (Hard Pct: 0.02505)

Dataset: sift10m-128-euclidean
Metric: l2
Truncation ratio: 0.5
Data vectors dimensions: 10000000 x 128
Query vectors dimensions: 1000 x 128
Neighbors dimensions: 1000 x 100
Index loaded
Dimension of space:128
Data size of space:512
Ground truth computed in 163617 ms
Sampling computing time: 173777 ms
Loading samplings from /home/ryawszn/experiments/shiro-ef/sampling/sift10m-128-euclidean-samplings--k100-ef.bin
Samplings loaded from /home/ryawszn/experiments/shiro-ef/sampling/sift10m-128-euclidean-samplings--k100-ef.bin
Average Recall: 0.858042
Initial average recall with ef=100: 0.858457
Average Recall: 0.903745
Initial average recall with ef=150: 0.904128
Recall diff is too small for 1 consecutive steps, break.
Weighted average ef: 298.081
EF-estimation table computing time: 173064 ms
Training convergence-bucket 0 [22.4341, 54.8694) with 200 queries.
Average Recall: 0.67325
Initial average recall with ef=100: 0.667011
Average Recall: 0.7494
Initial average recall with ef=150: 0.744456
Weighted average ef: 694.02
Training convergence-bucket 1 [54.8694, 58.4954) with 200 queries.
Average Recall: 0.70815
Initial average recall with ef=100: 0.705445
Average Recall: 0.78175
Initial average recall with ef=150: 0.779791
Weighted average ef: 563.91
Training convergence-bucket 2 [58.4954, 63.9193) with 200 queries.
Average Recall: 0.78685
Initial average recall with ef=100: 0.781676
Average Recall: 0.84955
Initial average recall with ef=150: 0.845459
Recall diff is too small for 1 consecutive steps, break.
Weighted average ef: 392.465
Training convergence-bucket 3 [63.9193, 67.1803) with 200 queries.
Average Recall: 0.83515
Initial average recall with ef=100: 0.832344
Average Recall: 0.8923
Initial average recall with ef=150: 0.890469
Weighted average ef: 285.535
Training convergence-bucket 4 [67.1803, 70.45) with 200 queries.
Average Recall: 0.86965
Initial average recall with ef=100: 0.867554
Average Recall: 0.9203
Initial average recall with ef=150: 0.918967
Weighted average ef: 217.72
Training convergence-bucket 5 [70.45, 72.7911) with 200 queries.
Average Recall: 0.8968
Initial average recall with ef=100: 0.894603
Average Recall: 0.937951
Initial average recall with ef=150: 0.936719
Weighted average ef: 192.07
Training convergence-bucket 6 [72.7911, 75.4077) with 200 queries.
Average Recall: 0.91425
Initial average recall with ef=100: 0.915519
Average Recall: 0.9532
Initial average recall with ef=150: 0.954645
Weighted average ef: 152.915
Training convergence-bucket 7 [75.4077, 78.0557) with 200 queries.
Average Recall: 0.9472
Initial average recall with ef=100: 0.94866
Average Recall: 0.9751
Initial average recall with ef=150: 0.975722
Weighted average ef: 122.5
Training convergence-bucket 8 [78.0557, 81.4853) with 200 queries.
Average Recall: 0.96405
Initial average recall with ef=100: 0.967958
Average Recall: 0.98415
Initial average recall with ef=150: 0.986702
Weighted average ef: 105.25
Training convergence-bucket 9 [81.4853, inf) with 200 queries.
Average Recall: 0.985101
Initial average recall with ef=100: 0.98978
Average Recall: 0.9938
Initial average recall with ef=150: 0.996703
Weighted average ef: 91
Reconstructed True WAE: 214.323 (Hard Pct: 0.0193)

Dataset: gist-960-euclidean
Metric: l2
Truncation ratio: 0.5
Data vectors dimensions: 1000000 x 960
Query vectors dimensions: 1000 x 960
Neighbors dimensions: 1000 x 100
Index loaded
Dimension of space:960
Data size of space:3840
Ground truth computed in 56870 ms
Sampling computing time: 77336 ms
Loading samplings from /home/ryawszn/experiments/shiro-ef/sampling/gist-960-euclidean-samplings--k100-ef.bin
Samplings loaded from /home/ryawszn/experiments/shiro-ef/sampling/gist-960-euclidean-samplings--k100-ef.bin
Average Recall: 0.723844
Initial average recall with ef=100: 0.721912
Average Recall: 0.798894
Initial average recall with ef=150: 0.797498
Recall diff is too small for 1 consecutive steps, break.
Weighted average ef: 635.626
EF-estimation table computing time: 87283 ms
Training convergence-bucket 0 [30.6942, 41.7589) with 200 queries.
Average Recall: 0.51515
Initial average recall with ef=100: 0.511554
Average Recall: 0.61175
Initial average recall with ef=150: 0.608238
Recall diff is too small for 1 consecutive steps, break.
Weighted average ef: 1495.17
Training convergence-bucket 1 [41.7589, 45.8009) with 200 queries.
Average Recall: 0.57655
Initial average recall with ef=100: 0.573777
Average Recall: 0.6722
Initial average recall with ef=150: 0.669681
Weighted average ef: 975.03
Training convergence-bucket 2 [45.8009, 49.4407) with 200 queries.
Average Recall: 0.61415
Initial average recall with ef=100: 0.615183
Average Recall: 0.70725
Initial average recall with ef=150: 0.707173
Recall diff is too small for 1 consecutive steps, break.
Weighted average ef: 883.62
Training convergence-bucket 3 [49.4407, 52.3927) with 200 queries.
Average Recall: 0.65175
Initial average recall with ef=100: 0.652872
Average Recall: 0.7456
Initial average recall with ef=150: 0.74617
Recall diff is too small for 1 consecutive steps, break.
Recall diff is too small for 1 consecutive steps, break.
Weighted average ef: 677.56
Training convergence-bucket 4 [52.3927, 55.4145) with 200 queries.
Average Recall: 0.6924
Initial average recall with ef=100: 0.69413
Average Recall: 0.7775
Initial average recall with ef=150: 0.779728
Weighted average ef: 533.665
Training convergence-bucket 5 [55.4145, 58.7542) with 200 queries.
Average Recall: 0.75675
Initial average recall with ef=100: 0.75113
Average Recall: 0.8333
Initial average recall with ef=150: 0.827684
Recall diff is too small for 1 consecutive steps, break.
Weighted average ef: 411.265
Training convergence-bucket 6 [58.7542, 61.8934) with 200 queries.
Average Recall: 0.78145
Initial average recall with ef=100: 0.784063
Average Recall: 0.8523
Initial average recall with ef=150: 0.854271
Recall diff is too small for 1 consecutive steps, break.
Weighted average ef: 392.115
Training convergence-bucket 7 [61.8934, 67.1228) with 200 queries.
Average Recall: 0.8253
Initial average recall with ef=100: 0.827581
Average Recall: 0.88935
Initial average recall with ef=150: 0.891505
Weighted average ef: 297.63
Training convergence-bucket 8 [67.1228, 73.6922) with 200 queries.
Average Recall: 0.87545
Initial average recall with ef=100: 0.876162
Average Recall: 0.9265
Initial average recall with ef=150: 0.927892
Weighted average ef: 213.98
Training convergence-bucket 9 [73.6922, inf) with 200 queries.
Average Recall: 0.9495
Initial average recall with ef=100: 0.950852
Average Recall: 0.9732
Initial average recall with ef=150: 0.974432
Weighted average ef: 112.635
Reconstructed True WAE: 536.988 (Hard Pct: 0.01025)

Dataset: tiny5m-384-euclidean
Metric: l2
Truncation ratio: 0.5
Data vectors dimensions: 5000000 x 384
Query vectors dimensions: 1000 x 384
Neighbors dimensions: 1000 x 100
Index loaded
Dimension of space:384
Data size of space:1536
Ground truth computed in 345036 ms
Sampling computing time: 362799 ms
Loading samplings from /home/ryawszn/experiments/shiro-ef/sampling/tiny5m-384-euclidean-samplings--k100-ef.bin
Samplings loaded from /home/ryawszn/experiments/shiro-ef/sampling/tiny5m-384-euclidean-samplings--k100-ef.bin
Average Recall: 0.63727
Initial average recall with ef=100: 0.636088
Average Recall: 0.709229
Initial average recall with ef=150: 0.70826
Weighted average ef: 1207.66
EF-estimation table computing time: 295326 ms
Training convergence-bucket 0 [24.4106, 37.7392) with 200 queries.
Average Recall: 0.39385
Initial average recall with ef=100: 0.3875
Average Recall: 0.46885
Initial average recall with ef=150: 0.462865
Recall diff is too small for 1 consecutive steps, break.
Recall diff is too small for 1 consecutive steps, break.
Weighted average ef: 2780.74
Training convergence-bucket 1 [37.7392, 42.3542) with 200 queries.
Average Recall: 0.4372
Initial average recall with ef=100: 0.433834
Average Recall: 0.52855
Initial average recall with ef=150: 0.525699
Recall diff is too small for 1 consecutive steps, break.
Weighted average ef: 2069.44
Training convergence-bucket 2 [42.3542, 45.9566) with 200 queries.
Average Recall: 0.48585
Initial average recall with ef=100: 0.487487
Average Recall: 0.5704
Initial average recall with ef=150: 0.572513
Recall diff is too small for 1 consecutive steps, break.
Recall diff is too small for 1 consecutive steps, break.
Recall diff is too small for 1 consecutive steps, break.
Weighted average ef: 1857.2
Training convergence-bucket 3 [45.9566, 49.0114) with 200 queries.
Average Recall: 0.5265
Initial average recall with ef=100: 0.525389
Average Recall: 0.612
Initial average recall with ef=150: 0.611762
Weighted average ef: 1535.72
Training convergence-bucket 4 [49.0114, 52.2824) with 200 queries.
Average Recall: 0.60045
Initial average recall with ef=100: 0.592473
Average Recall: 0.68365
Initial average recall with ef=150: 0.676344
Recall diff is too small for 1 consecutive steps, break.
Recall diff is too small for 1 consecutive steps, break.
Recall diff is too small for 1 consecutive steps, break.
Weighted average ef: 1124.8
Training convergence-bucket 5 [52.2824, 55.9473) with 200 queries.
Average Recall: 0.6412
Initial average recall with ef=100: 0.638947
Average Recall: 0.7196
Initial average recall with ef=150: 0.718053
Recall diff is too small for 1 consecutive steps, break.
Recall diff is too small for 1 consecutive steps, break.
Weighted average ef: 981.385
Training convergence-bucket 6 [55.9473, 60.8972) with 200 queries.
Average Recall: 0.72445
Initial average recall with ef=100: 0.723385
Average Recall: 0.79595
Initial average recall with ef=150: 0.795156
Recall diff is too small for 1 consecutive steps, break.
Recall diff is too small for 1 consecutive steps, break.
Recall diff is too small for 1 consecutive steps, break.
Weighted average ef: 597.26
Training convergence-bucket 7 [60.8972, 66.5637) with 200 queries.
Average Recall: 0.77465
Initial average recall with ef=100: 0.777166
Average Recall: 0.84515
Initial average recall with ef=150: 0.848984
Recall diff is too small for 1 consecutive steps, break.
Recall diff is too small for 1 consecutive steps, break.
Weighted average ef: 386.67
Training convergence-bucket 8 [66.5637, 74.078) with 200 queries.
Average Recall: 0.8583
Initial average recall with ef=100: 0.858258
Average Recall: 0.9121
Initial average recall with ef=150: 0.912528
Weighted average ef: 254.865
Training convergence-bucket 9 [74.078, inf) with 200 queries.
Average Recall: 0.93025
Initial average recall with ef=100: 0.946047
Average Recall: 0.95605
Initial average recall with ef=150: 0.970174
Weighted average ef: 117.825
Reconstructed True WAE: 1055.2 (Hard Pct: 0.00815)
Starting per-query result experiments...


Dataset: deep-image-96-angular
Metric: cd
Truncation Ratio: 0.5
Normalize the data vectors
Data vectors dimensions: 9990000 x 96
Query vectors dimensions: 10000 x 96
Neighbors dimensions: 10000 x 100
Using AVX512 Inner Product distance
Index loaded
Dimension of space:96
Data size of space:384
****Weighted average ef: 243

=== Summary (Iteration 1/3) ===
Average Latency: 1.06974e+06 ns
Average Recall: 0.980951
Total Latency: 10.6974 seconds

=== Summary (Iteration 2/3) ===
Average Latency: 862810 ns
Average Recall: 0.980951
Total Latency: 8.6281 seconds

=== Summary (Iteration 3/3) ===
Average Latency: 856419 ns
Average Recall: 0.980951
Total Latency: 8.56419 seconds

Per-query results (median latency per query) have been written to research/csv/per_query_results_deep-image-96-angular.csv

=== Final Summary (Median Iteration) ===
Average Latency: 849539 ns
Total Latency: 8.49539 seconds
Average Recall: 0.980951
5th percentile recall: 0.93
1st percentile recall: 0.89
Experiment finished.

======================================
Testing ef: 100
Per-query results appended to research/csv/per_query_baseline_deep-image-96-angular.csv

=== Summary for ef 100 ===
Average Recall: 0.858449
5th percentile recall: 0.61
1st percentile recall: 0.46

Total Latency: 2.21798 seconds
Average Latency: 221798 ns

======================================
Testing ef: 200
Per-query results appended to research/csv/per_query_baseline_deep-image-96-angular.csv

=== Summary for ef 200 ===
Average Recall: 0.935464
5th percentile recall: 0.76
1st percentile recall: 0.62

Total Latency: 4.07924 seconds
Average Latency: 407924 ns

======================================
Testing ef: 300
Per-query results appended to research/csv/per_query_baseline_deep-image-96-angular.csv

=== Summary for ef 300 ===
Average Recall: 0.96196
5th percentile recall: 0.84
1st percentile recall: 0.71

Total Latency: 5.96055 seconds
Average Latency: 596055 ns

======================================
Testing ef: 400
Per-query results appended to research/csv/per_query_baseline_deep-image-96-angular.csv

=== Summary for ef 400 ===
Average Recall: 0.974615
5th percentile recall: 0.88
1st percentile recall: 0.78

Total Latency: 7.7223 seconds
Average Latency: 772230 ns

======================================
Testing ef: 500
Per-query results appended to research/csv/per_query_baseline_deep-image-96-angular.csv

=== Summary for ef 500 ===
Average Recall: 0.981696
5th percentile recall: 0.91
1st percentile recall: 0.81

Total Latency: 9.52524 seconds
Average Latency: 952524 ns

======================================
Testing ef: 600
Per-query results appended to research/csv/per_query_baseline_deep-image-96-angular.csv

=== Summary for ef 600 ===
Average Recall: 0.986142
5th percentile recall: 0.93
1st percentile recall: 0.85

Total Latency: 11.0786 seconds
Average Latency: 1.10786e+06 ns

======================================
Testing ef: 700
Per-query results appended to research/csv/per_query_baseline_deep-image-96-angular.csv

=== Summary for ef 700 ===
Average Recall: 0.989093
5th percentile recall: 0.94
1st percentile recall: 0.87

Total Latency: 12.6797 seconds
Average Latency: 1.26797e+06 ns

======================================
Testing ef: 800
Per-query results appended to research/csv/per_query_baseline_deep-image-96-angular.csv

=== Summary for ef 800 ===
Average Recall: 0.991222
5th percentile recall: 0.95
1st percentile recall: 0.89

Total Latency: 14.3142 seconds
Average Latency: 1.43142e+06 ns
Experiment finished
Dataset: glove-100-angular
Metric: cd
Truncation Ratio: 0.5
Normalize the data vectors
Data vectors dimensions: 1183514 x 100
Query vectors dimensions: 10000 x 100
Neighbors dimensions: 10000 x 100
Using AVX512 Inner Product distance
Index loaded
Dimension of space:100
Data size of space:400
****Weighted average ef: 1436

=== Summary (Iteration 1/3) ===
Average Latency: 4.35386e+06 ns
Average Recall: 0.978862
Total Latency: 43.5386 seconds

=== Summary (Iteration 2/3) ===
Average Latency: 4.04649e+06 ns
Average Recall: 0.978862
Total Latency: 40.4649 seconds

=== Summary (Iteration 3/3) ===
Average Latency: 4.08277e+06 ns
Average Recall: 0.978862
Total Latency: 40.8277 seconds

Per-query results (median latency per query) have been written to research/csv/per_query_results_glove-100-angular.csv

=== Final Summary (Median Iteration) ===
Average Latency: 3.90169e+06 ns
Total Latency: 39.0169 seconds
Average Recall: 0.978862
5th percentile recall: 0.92
1st percentile recall: 0.87
Experiment finished.

======================================
Testing ef: 100
Per-query results appended to research/csv/per_query_baseline_glove-100-angular.csv

=== Summary for ef 100 ===
Average Recall: 0.693211
5th percentile recall: 0.22
1st percentile recall: 0.13

Total Latency: 1.69785 seconds
Average Latency: 169785 ns

======================================
Testing ef: 200
Per-query results appended to research/csv/per_query_baseline_glove-100-angular.csv

=== Summary for ef 200 ===
Average Recall: 0.78078
5th percentile recall: 0.34
1st percentile recall: 0.24

Total Latency: 3.26791 seconds
Average Latency: 326791 ns

======================================
Testing ef: 300
Per-query results appended to research/csv/per_query_baseline_glove-100-angular.csv

=== Summary for ef 300 ===
Average Recall: 0.823661
5th percentile recall: 0.42
1st percentile recall: 0.31

Total Latency: 4.82098 seconds
Average Latency: 482098 ns

======================================
Testing ef: 400
Per-query results appended to research/csv/per_query_baseline_glove-100-angular.csv

=== Summary for ef 400 ===
Average Recall: 0.850518
5th percentile recall: 0.48
1st percentile recall: 0.36

Total Latency: 6.55396 seconds
Average Latency: 655396 ns

======================================
Testing ef: 500
Per-query results appended to research/csv/per_query_baseline_glove-100-angular.csv

=== Summary for ef 500 ===
Average Recall: 0.87009
5th percentile recall: 0.53
1st percentile recall: 0.42

Total Latency: 8.19103 seconds
Average Latency: 819103 ns

======================================
Testing ef: 600
Per-query results appended to research/csv/per_query_baseline_glove-100-angular.csv

=== Summary for ef 600 ===
Average Recall: 0.88479
5th percentile recall: 0.57
1st percentile recall: 0.45

Total Latency: 9.91351 seconds
Average Latency: 991351 ns

======================================
Testing ef: 700
Per-query results appended to research/csv/per_query_baseline_glove-100-angular.csv

=== Summary for ef 700 ===
Average Recall: 0.89638
5th percentile recall: 0.6
1st percentile recall: 0.49

Total Latency: 11.1546 seconds
Average Latency: 1.11546e+06 ns

======================================
Testing ef: 800
Per-query results appended to research/csv/per_query_baseline_glove-100-angular.csv

=== Summary for ef 800 ===
Average Recall: 0.906007
5th percentile recall: 0.63
1st percentile recall: 0.52

Total Latency: 12.8079 seconds
Average Latency: 1.28079e+06 ns

======================================
Testing ef: 1000
Per-query results appended to research/csv/per_query_baseline_glove-100-angular.csv

=== Summary for ef 1000 ===
Average Recall: 0.921142
5th percentile recall: 0.68
1st percentile recall: 0.57

Total Latency: 16.2025 seconds
Average Latency: 1.62025e+06 ns

======================================
Testing ef: 1200
Per-query results appended to research/csv/per_query_baseline_glove-100-angular.csv

=== Summary for ef 1200 ===
Average Recall: 0.932081
5th percentile recall: 0.72
1st percentile recall: 0.62

Total Latency: 18.6724 seconds
Average Latency: 1.86724e+06 ns

======================================
Testing ef: 1400
Per-query results appended to research/csv/per_query_baseline_glove-100-angular.csv

=== Summary for ef 1400 ===
Average Recall: 0.940876
5th percentile recall: 0.75
1st percentile recall: 0.65

Total Latency: 21.7716 seconds
Average Latency: 2.17716e+06 ns

======================================
Testing ef: 1600
Per-query results appended to research/csv/per_query_baseline_glove-100-angular.csv

=== Summary for ef 1600 ===
Average Recall: 0.947809
5th percentile recall: 0.77
1st percentile recall: 0.68

Total Latency: 24.3252 seconds
Average Latency: 2.43252e+06 ns

======================================
Testing ef: 2000
Per-query results appended to research/csv/per_query_baseline_glove-100-angular.csv

=== Summary for ef 2000 ===
Average Recall: 0.958095
5th percentile recall: 0.81
1st percentile recall: 0.73

Total Latency: 29.4347 seconds
Average Latency: 2.94347e+06 ns

======================================
Testing ef: 2400
Per-query results appended to research/csv/per_query_baseline_glove-100-angular.csv

=== Summary for ef 2400 ===
Average Recall: 0.965554
5th percentile recall: 0.84
1st percentile recall: 0.77

Total Latency: 34.9653 seconds
Average Latency: 3.49653e+06 ns

======================================
Testing ef: 2800
Per-query results appended to research/csv/per_query_baseline_glove-100-angular.csv

=== Summary for ef 2800 ===
Average Recall: 0.971147
5th percentile recall: 0.86
1st percentile recall: 0.8

Total Latency: 39.8467 seconds
Average Latency: 3.98467e+06 ns

======================================
Testing ef: 3200
Per-query results appended to research/csv/per_query_baseline_glove-100-angular.csv

=== Summary for ef 3200 ===
Average Recall: 0.975475
5th percentile recall: 0.88
1st percentile recall: 0.82

Total Latency: 45.0093 seconds
Average Latency: 4.50093e+06 ns

======================================
Testing ef: 3600
Per-query results appended to research/csv/per_query_baseline_glove-100-angular.csv

=== Summary for ef 3600 ===
Average Recall: 0.978849
5th percentile recall: 0.9
1st percentile recall: 0.84

Total Latency: 50.2312 seconds
Average Latency: 5.02312e+06 ns

======================================
Testing ef: 4000
Per-query results appended to research/csv/per_query_baseline_glove-100-angular.csv

=== Summary for ef 4000 ===
Average Recall: 0.981574
5th percentile recall: 0.91
1st percentile recall: 0.86

Total Latency: 55.661 seconds
Average Latency: 5.5661e+06 ns

======================================
Testing ef: 4400
Per-query results appended to research/csv/per_query_baseline_glove-100-angular.csv

=== Summary for ef 4400 ===
Average Recall: 0.983888
5th percentile recall: 0.92
1st percentile recall: 0.87

Total Latency: 60.166 seconds
Average Latency: 6.0166e+06 ns

======================================
Testing ef: 4800
Per-query results appended to research/csv/per_query_baseline_glove-100-angular.csv

=== Summary for ef 4800 ===
Average Recall: 0.985809
5th percentile recall: 0.93
1st percentile recall: 0.88

Total Latency: 65.3118 seconds
Average Latency: 6.53118e+06 ns

======================================
Testing ef: 5200
Per-query results appended to research/csv/per_query_baseline_glove-100-angular.csv

=== Summary for ef 5200 ===
Average Recall: 0.987421
5th percentile recall: 0.94
1st percentile recall: 0.89

Total Latency: 70.3213 seconds
Average Latency: 7.03213e+06 ns
Experiment finished
Dataset: word2vec-300-angular
Metric: cd
Truncation Ratio: 0.5
Normalize the data vectors
Data vectors dimensions: 1000000 x 300
Query vectors dimensions: 1000 x 300
Neighbors dimensions: 1000 x 100
Using AVX512 Inner Product distance
Index loaded
Dimension of space:300
Data size of space:1200
****Weighted average ef: 289

=== Summary (Iteration 1/3) ===
Average Latency: 1.13741e+06 ns
Average Recall: 0.9731
Total Latency: 1.13741 seconds

=== Summary (Iteration 2/3) ===
Average Latency: 1.11007e+06 ns
Average Recall: 0.9731
Total Latency: 1.11007 seconds

=== Summary (Iteration 3/3) ===
Average Latency: 1.10415e+06 ns
Average Recall: 0.9731
Total Latency: 1.10415 seconds

Per-query results (median latency per query) have been written to research/csv/per_query_results_word2vec-300-angular.csv

=== Final Summary (Median Iteration) ===
Average Latency: 1.10363e+06 ns
Total Latency: 1.10363 seconds
Average Recall: 0.9731
5th percentile recall: 0.88
1st percentile recall: 0.8
Experiment finished.

======================================
Testing ef: 100
Per-query results appended to research/csv/per_query_baseline_word2vec-300-angular.csv

=== Summary for ef 100 ===
Average Recall: 0.86798
5th percentile recall: 0.59
1st percentile recall: 0.45

Total Latency: 0.278915 seconds
Average Latency: 278915 ns

======================================
Testing ef: 200
Per-query results appended to research/csv/per_query_baseline_word2vec-300-angular.csv

=== Summary for ef 200 ===
Average Recall: 0.93202
5th percentile recall: 0.74
1st percentile recall: 0.6

Total Latency: 0.514294 seconds
Average Latency: 514294 ns

======================================
Testing ef: 300
Per-query results appended to research/csv/per_query_baseline_word2vec-300-angular.csv

=== Summary for ef 300 ===
Average Recall: 0.95406
5th percentile recall: 0.81
1st percentile recall: 0.65

Total Latency: 0.762885 seconds
Average Latency: 762885 ns

======================================
Testing ef: 400
Per-query results appended to research/csv/per_query_baseline_word2vec-300-angular.csv

=== Summary for ef 400 ===
Average Recall: 0.96578
5th percentile recall: 0.84
1st percentile recall: 0.72

Total Latency: 0.99068 seconds
Average Latency: 990680 ns

======================================
Testing ef: 500
Per-query results appended to research/csv/per_query_baseline_word2vec-300-angular.csv

=== Summary for ef 500 ===
Average Recall: 0.97237
5th percentile recall: 0.86
1st percentile recall: 0.75

Total Latency: 1.18397 seconds
Average Latency: 1.18397e+06 ns

======================================
Testing ef: 600
Per-query results appended to research/csv/per_query_baseline_word2vec-300-angular.csv

=== Summary for ef 600 ===
Average Recall: 0.97677
5th percentile recall: 0.88
1st percentile recall: 0.78

Total Latency: 1.39258 seconds
Average Latency: 1.39258e+06 ns

======================================
Testing ef: 700
Per-query results appended to research/csv/per_query_baseline_word2vec-300-angular.csv

=== Summary for ef 700 ===
Average Recall: 0.97981
5th percentile recall: 0.89
1st percentile recall: 0.79

Total Latency: 1.59033 seconds
Average Latency: 1.59033e+06 ns

======================================
Testing ef: 800
Per-query results appended to research/csv/per_query_baseline_word2vec-300-angular.csv

=== Summary for ef 800 ===
Average Recall: 0.98184
5th percentile recall: 0.9
1st percentile recall: 0.81

Total Latency: 1.7508 seconds
Average Latency: 1.7508e+06 ns

======================================
Testing ef: 1000
Per-query results appended to research/csv/per_query_baseline_word2vec-300-angular.csv

=== Summary for ef 1000 ===
Average Recall: 0.9851
5th percentile recall: 0.92
1st percentile recall: 0.84

Total Latency: 2.09473 seconds
Average Latency: 2.09473e+06 ns

======================================
Testing ef: 1200
Per-query results appended to research/csv/per_query_baseline_word2vec-300-angular.csv

=== Summary for ef 1200 ===
Average Recall: 0.9873
5th percentile recall: 0.92
1st percentile recall: 0.85

Total Latency: 2.47247 seconds
Average Latency: 2.47247e+06 ns
Experiment finished
Dataset: sift10m-128-euclidean
Metric: l2
Truncation Ratio: 0.5
Data vectors dimensions: 10000000 x 128
Query vectors dimensions: 1000 x 128
Neighbors dimensions: 1000 x 100
Index loaded
Dimension of space:128
Data size of space:512
****Weighted average ef: 214

=== Summary (Iteration 1/3) ===
Average Latency: 1.23105e+06 ns
Average Recall: 0.98107
Total Latency: 1.23105 seconds

=== Summary (Iteration 2/3) ===
Average Latency: 1.0147e+06 ns
Average Recall: 0.98107
Total Latency: 1.0147 seconds

=== Summary (Iteration 3/3) ===
Average Latency: 990800 ns
Average Recall: 0.98107
Total Latency: 0.9908 seconds

Per-query results (median latency per query) have been written to research/csv/per_query_results_sift10m-128-euclidean.csv

=== Final Summary (Median Iteration) ===
Average Latency: 999324 ns
Total Latency: 0.999324 seconds
Average Recall: 0.98107
5th percentile recall: 0.94
1st percentile recall: 0.92
Experiment finished.

======================================
Testing ef: 100
Per-query results appended to research/csv/per_query_baseline_sift10m-128-euclidean.csv

=== Summary for ef 100 ===
Average Recall: 0.86009
5th percentile recall: 0.64
1st percentile recall: 0.52

Total Latency: 0.28539 seconds
Average Latency: 285390 ns

======================================
Testing ef: 200
Per-query results appended to research/csv/per_query_baseline_sift10m-128-euclidean.csv

=== Summary for ef 200 ===
Average Recall: 0.94087
5th percentile recall: 0.8
1st percentile recall: 0.72

Total Latency: 0.519239 seconds
Average Latency: 519239 ns

======================================
Testing ef: 300
Per-query results appended to research/csv/per_query_baseline_sift10m-128-euclidean.csv

=== Summary for ef 300 ===
Average Recall: 0.96736
5th percentile recall: 0.88
1st percentile recall: 0.79

Total Latency: 0.723658 seconds
Average Latency: 723658 ns

======================================
Testing ef: 400
Per-query results appended to research/csv/per_query_baseline_sift10m-128-euclidean.csv

=== Summary for ef 400 ===
Average Recall: 0.97966
5th percentile recall: 0.91
1st percentile recall: 0.86

Total Latency: 0.894595 seconds
Average Latency: 894595 ns

======================================
Testing ef: 500
Per-query results appended to research/csv/per_query_baseline_sift10m-128-euclidean.csv

=== Summary for ef 500 ===
Average Recall: 0.98616
5th percentile recall: 0.94
1st percentile recall: 0.89

Total Latency: 1.09865 seconds
Average Latency: 1.09865e+06 ns

======================================
Testing ef: 600
Per-query results appended to research/csv/per_query_baseline_sift10m-128-euclidean.csv

=== Summary for ef 600 ===
Average Recall: 0.98984
5th percentile recall: 0.95
1st percentile recall: 0.91

Total Latency: 1.31565 seconds
Average Latency: 1.31565e+06 ns

======================================
Testing ef: 700
Per-query results appended to research/csv/per_query_baseline_sift10m-128-euclidean.csv

=== Summary for ef 700 ===
Average Recall: 0.99247
5th percentile recall: 0.96
1st percentile recall: 0.92

Total Latency: 1.52904 seconds
Average Latency: 1.52904e+06 ns
Experiment finished
Dataset: gist-960-euclidean
Metric: l2
Truncation Ratio: 0.5
Data vectors dimensions: 1000000 x 960
Query vectors dimensions: 1000 x 960
Neighbors dimensions: 1000 x 100
Index loaded
Dimension of space:960
Data size of space:3840
****Weighted average ef: 536

=== Summary (Iteration 1/3) ===
Average Latency: 4.06785e+06 ns
Average Recall: 0.97068
Total Latency: 4.06785 seconds

=== Summary (Iteration 2/3) ===
Average Latency: 3.93081e+06 ns
Average Recall: 0.97068
Total Latency: 3.93081 seconds

=== Summary (Iteration 3/3) ===
Average Latency: 4.03299e+06 ns
Average Recall: 0.97068
Total Latency: 4.03299 seconds

Per-query results (median latency per query) have been written to research/csv/per_query_results_gist-960-euclidean.csv

=== Final Summary (Median Iteration) ===
Average Latency: 3.96347e+06 ns
Total Latency: 3.96347 seconds
Average Recall: 0.97068
5th percentile recall: 0.91
1st percentile recall: 0.87
Experiment finished.

======================================
Testing ef: 100
Per-query results appended to research/csv/per_query_baseline_gist-960-euclidean.csv

=== Summary for ef 100 ===
Average Recall: 0.72945
5th percentile recall: 0.48
1st percentile recall: 0.41

Total Latency: 0.727256 seconds
Average Latency: 727256 ns

======================================
Testing ef: 200
Per-query results appended to research/csv/per_query_baseline_gist-960-euclidean.csv

=== Summary for ef 200 ===
Average Recall: 0.85214
5th percentile recall: 0.65
1st percentile recall: 0.57

Total Latency: 1.36986 seconds
Average Latency: 1.36986e+06 ns

======================================
Testing ef: 300
Per-query results appended to research/csv/per_query_baseline_gist-960-euclidean.csv

=== Summary for ef 300 ===
Average Recall: 0.90334
5th percentile recall: 0.75
1st percentile recall: 0.67

Total Latency: 1.94192 seconds
Average Latency: 1.94192e+06 ns

======================================
Testing ef: 400
Per-query results appended to research/csv/per_query_baseline_gist-960-euclidean.csv

=== Summary for ef 400 ===
Average Recall: 0.931
5th percentile recall: 0.8
1st percentile recall: 0.74

Total Latency: 2.31881 seconds
Average Latency: 2.31881e+06 ns

======================================
Testing ef: 500
Per-query results appended to research/csv/per_query_baseline_gist-960-euclidean.csv

=== Summary for ef 500 ===
Average Recall: 0.94756
5th percentile recall: 0.84
1st percentile recall: 0.78

Total Latency: 2.79706 seconds
Average Latency: 2.79706e+06 ns

======================================
Testing ef: 600
Per-query results appended to research/csv/per_query_baseline_gist-960-euclidean.csv

=== Summary for ef 600 ===
Average Recall: 0.95888
5th percentile recall: 0.87
1st percentile recall: 0.81

Total Latency: 3.44028 seconds
Average Latency: 3.44028e+06 ns

======================================
Testing ef: 700
Per-query results appended to research/csv/per_query_baseline_gist-960-euclidean.csv

=== Summary for ef 700 ===
Average Recall: 0.96669
5th percentile recall: 0.89
1st percentile recall: 0.84

Total Latency: 3.8674 seconds
Average Latency: 3.8674e+06 ns

======================================
Testing ef: 800
Per-query results appended to research/csv/per_query_baseline_gist-960-euclidean.csv

=== Summary for ef 800 ===
Average Recall: 0.97194
5th percentile recall: 0.9
1st percentile recall: 0.84

Total Latency: 4.18621 seconds
Average Latency: 4.18621e+06 ns

======================================
Testing ef: 1000
Per-query results appended to research/csv/per_query_baseline_gist-960-euclidean.csv

=== Summary for ef 1000 ===
Average Recall: 0.97977
5th percentile recall: 0.92
1st percentile recall: 0.88

Total Latency: 5.24993 seconds
Average Latency: 5.24993e+06 ns

======================================
Testing ef: 1200
Per-query results appended to research/csv/per_query_baseline_gist-960-euclidean.csv

=== Summary for ef 1200 ===
Average Recall: 0.9845
5th percentile recall: 0.94
1st percentile recall: 0.9

Total Latency: 5.93166 seconds
Average Latency: 5.93166e+06 ns

======================================
Testing ef: 1400
Per-query results appended to research/csv/per_query_baseline_gist-960-euclidean.csv

=== Summary for ef 1400 ===
Average Recall: 0.98754
5th percentile recall: 0.95
1st percentile recall: 0.92

Total Latency: 6.81962 seconds
Average Latency: 6.81962e+06 ns

======================================
Testing ef: 1600
Per-query results appended to research/csv/per_query_baseline_gist-960-euclidean.csv

=== Summary for ef 1600 ===
Average Recall: 0.98959
5th percentile recall: 0.96
1st percentile recall: 0.93

Total Latency: 7.56331 seconds
Average Latency: 7.56331e+06 ns

======================================
Testing ef: 2000
Per-query results appended to research/csv/per_query_baseline_gist-960-euclidean.csv

=== Summary for ef 2000 ===
Average Recall: 0.9926
5th percentile recall: 0.97
1st percentile recall: 0.95

Total Latency: 8.98713 seconds
Average Latency: 8.98713e+06 ns
Experiment finished
Dataset: tiny5m-384-euclidean
Metric: l2
Truncation Ratio: 0.5
Data vectors dimensions: 5000000 x 384
Query vectors dimensions: 1000 x 384
Neighbors dimensions: 1000 x 100
Index loaded
Dimension of space:384
Data size of space:1536
****Weighted average ef: 1055

=== Summary (Iteration 1/3) ===
Average Latency: 5.83363e+06 ns
Average Recall: 0.97113
Total Latency: 5.83363 seconds

=== Summary (Iteration 2/3) ===
Average Latency: 5.32213e+06 ns
Average Recall: 0.97113
Total Latency: 5.32213 seconds

=== Summary (Iteration 3/3) ===
Average Latency: 5.28988e+06 ns
Average Recall: 0.97113
Total Latency: 5.28988 seconds

Per-query results (median latency per query) have been written to research/csv/per_query_results_tiny5m-384-euclidean.csv

=== Final Summary (Median Iteration) ===
Average Latency: 5.34343e+06 ns
Total Latency: 5.34343 seconds
Average Recall: 0.97113
5th percentile recall: 0.9
1st percentile recall: 0.86
Experiment finished.

======================================
Testing ef: 100
Per-query results appended to research/csv/per_query_baseline_tiny5m-384-euclidean.csv

=== Summary for ef 100 ===
Average Recall: 0.66558
5th percentile recall: 0.33
1st percentile recall: 0.24

Total Latency: 0.506083 seconds
Average Latency: 506083 ns

======================================
Testing ef: 200
Per-query results appended to research/csv/per_query_baseline_tiny5m-384-euclidean.csv

=== Summary for ef 200 ===
Average Recall: 0.78273
5th percentile recall: 0.47
1st percentile recall: 0.37

Total Latency: 0.921243 seconds
Average Latency: 921243 ns

======================================
Testing ef: 300
Per-query results appended to research/csv/per_query_baseline_tiny5m-384-euclidean.csv

=== Summary for ef 300 ===
Average Recall: 0.8409
5th percentile recall: 0.57
1st percentile recall: 0.45

Total Latency: 1.33452 seconds
Average Latency: 1.33452e+06 ns

======================================
Testing ef: 400
Per-query results appended to research/csv/per_query_baseline_tiny5m-384-euclidean.csv

=== Summary for ef 400 ===
Average Recall: 0.87384
5th percentile recall: 0.63
1st percentile recall: 0.52

Total Latency: 1.73366 seconds
Average Latency: 1.73366e+06 ns

======================================
Testing ef: 500
Per-query results appended to research/csv/per_query_baseline_tiny5m-384-euclidean.csv

=== Summary for ef 500 ===
Average Recall: 0.89599
5th percentile recall: 0.68
1st percentile recall: 0.57

Total Latency: 2.14297 seconds
Average Latency: 2.14297e+06 ns

======================================
Testing ef: 600
Per-query results appended to research/csv/per_query_baseline_tiny5m-384-euclidean.csv

=== Summary for ef 600 ===
Average Recall: 0.91168
5th percentile recall: 0.73
1st percentile recall: 0.61

Total Latency: 2.3316 seconds
Average Latency: 2.3316e+06 ns

======================================
Testing ef: 700
Per-query results appended to research/csv/per_query_baseline_tiny5m-384-euclidean.csv

=== Summary for ef 700 ===
Average Recall: 0.92387
5th percentile recall: 0.75
1st percentile recall: 0.64

Total Latency: 2.73756 seconds
Average Latency: 2.73756e+06 ns

======================================
Testing ef: 800
Per-query results appended to research/csv/per_query_baseline_tiny5m-384-euclidean.csv

=== Summary for ef 800 ===
Average Recall: 0.93377
5th percentile recall: 0.77
1st percentile recall: 0.67

Total Latency: 3.12585 seconds
Average Latency: 3.12585e+06 ns

======================================
Testing ef: 1000
Per-query results appended to research/csv/per_query_baseline_tiny5m-384-euclidean.csv

=== Summary for ef 1000 ===
Average Recall: 0.9479
5th percentile recall: 0.81
1st percentile recall: 0.72

Total Latency: 3.83591 seconds
Average Latency: 3.83591e+06 ns

======================================
Testing ef: 1200
Per-query results appended to research/csv/per_query_baseline_tiny5m-384-euclidean.csv

=== Summary for ef 1200 ===
Average Recall: 0.95815
5th percentile recall: 0.84
1st percentile recall: 0.77

Total Latency: 4.23288 seconds
Average Latency: 4.23288e+06 ns

======================================
Testing ef: 1400
Per-query results appended to research/csv/per_query_baseline_tiny5m-384-euclidean.csv

=== Summary for ef 1400 ===
Average Recall: 0.96481
5th percentile recall: 0.86
1st percentile recall: 0.78

Total Latency: 5.12215 seconds
Average Latency: 5.12215e+06 ns

======================================
Testing ef: 1600
Per-query results appended to research/csv/per_query_baseline_tiny5m-384-euclidean.csv

=== Summary for ef 1600 ===
Average Recall: 0.97003
5th percentile recall: 0.88
1st percentile recall: 0.82

Total Latency: 5.45374 seconds
Average Latency: 5.45374e+06 ns

======================================
Testing ef: 2000
Per-query results appended to research/csv/per_query_baseline_tiny5m-384-euclidean.csv

=== Summary for ef 2000 ===
Average Recall: 0.97688
5th percentile recall: 0.9
1st percentile recall: 0.85

Total Latency: 7.01254 seconds
Average Latency: 7.01254e+06 ns

======================================
Testing ef: 2400
Per-query results appended to research/csv/per_query_baseline_tiny5m-384-euclidean.csv

=== Summary for ef 2400 ===
Average Recall: 0.98152
5th percentile recall: 0.92
1st percentile recall: 0.88

Total Latency: 7.99139 seconds
Average Latency: 7.99139e+06 ns

======================================
Testing ef: 2800
Per-query results appended to research/csv/per_query_baseline_tiny5m-384-euclidean.csv

=== Summary for ef 2800 ===
Average Recall: 0.98463
5th percentile recall: 0.94
1st percentile recall: 0.88

Total Latency: 8.98418 seconds
Average Latency: 8.98418e+06 ns

======================================
Testing ef: 3200
Per-query results appended to research/csv/per_query_baseline_tiny5m-384-euclidean.csv

=== Summary for ef 3200 ===
Average Recall: 0.98676
5th percentile recall: 0.94
1st percentile recall: 0.89

Total Latency: 10.0725 seconds
Average Latency: 1.00725e+07 ns

======================================
Testing ef: 3600
Per-query results appended to research/csv/per_query_baseline_tiny5m-384-euclidean.csv

=== Summary for ef 3600 ===
Average Recall: 0.98858
5th percentile recall: 0.95
1st percentile recall: 0.91

Total Latency: 11.2732 seconds
Average Latency: 1.12732e+07 ns

======================================
Testing ef: 4000
Per-query results appended to research/csv/per_query_baseline_tiny5m-384-euclidean.csv

=== Summary for ef 4000 ===
Average Recall: 0.99018
5th percentile recall: 0.96
1st percentile recall: 0.92

Total Latency: 12.4053 seconds
Average Latency: 1.24053e+07 ns
Experiment finished
Starting ablation study tests: visited list size...


Dataset: deep-image-96-angular
Metric: cd
Truncation ratio: 0.5
Normalize the data vectors
Data vectors dimensions: 9990000 x 96
Query vectors dimensions: 10000 x 96
Neighbors dimensions: 10000 x 100
Using AVX512 Inner Product distance
Index loaded
Dimension of space:96
Data size of space:384
Samplings loaded


Visited list size: 100


Loading samplings from /home/ryawszn/experiments/shiro-ef/sampling/deep-image-96-angular-samplings--k100-ef.bin
Samplings loaded from /home/ryawszn/experiments/shiro-ef/sampling/deep-image-96-angular-samplings--k100-ef.bin
Average Recall: 0.838966
Initial average recall with ef=100: 0.838045
Average Recall: 0.886667
Initial average recall with ef=150: 0.885724
Recall diff is too small for 1 consecutive steps, break.
Recall diff is too small for 1 consecutive steps, break.
Recall diff is too small for 1 consecutive steps, break.
Recall diff is too small for 1 consecutive steps, break.
Recall diff is too small for 1 consecutive steps, break.
Weighted average ef: 475.076
EF-estimation table computing time: 8752 ms
Training convergence-bucket 0 [0, 1.82901) with 200 queries.
Average Recall: 0.83895
Initial average recall with ef=100: 0.853062
Average Recall: 0.8857
Initial average recall with ef=150: 0.896313
Recall diff is too small for 1 consecutive steps, break.
Weighted average ef: 271.77
Training convergence-bucket 1 [1.82901, 5.52896) with 200 queries.
Average Recall: 0.830855
Initial average recall with ef=100: 0.818
Average Recall: 0.879548
Initial average recall with ef=150: 0.869
Recall diff is too small for 1 consecutive steps, break.
Recall diff is too small for 1 consecutive steps, break.
Recall diff is too small for 1 consecutive steps, break.
Recall diff is too small for 1 consecutive steps, break.
Recall diff is too small for 1 consecutive steps, break.
Recall diff is too small for 1 consecutive steps, break.
Weighted average ef: 343.58
Training convergence-bucket 2 [5.52896, 9.73108) with 200 queries.
Average Recall: 0.8165
Initial average recall with ef=100: 0.823804
Average Recall: 0.86765
Initial average recall with ef=150: 0.874969
Recall diff is too small for 1 consecutive steps, break.
Weighted average ef: 372.845
Training convergence-bucket 3 [9.73108, 14.4424) with 200 queries.
Average Recall: 0.8066
Initial average recall with ef=100: 0.806975
Average Recall: 0.8616
Initial average recall with ef=150: 0.862716
Recall diff is too small for 1 consecutive steps, break.
Recall diff is too small for 1 consecutive steps, break.
Recall diff is too small for 1 consecutive steps, break.
Weighted average ef: 357.17
Training convergence-bucket 4 [14.4424, 18.9299) with 200 queries.
Average Recall: 0.81875
Initial average recall with ef=100: 0.822453
Average Recall: 0.87005
Initial average recall with ef=150: 0.873333
Weighted average ef: 325.335
Training convergence-bucket 5 [18.9299, 23.1191) with 200 queries.
Average Recall: 0.83345
Initial average recall with ef=100: 0.841899
Average Recall: 0.8841
Initial average recall with ef=150: 0.891392
Weighted average ef: 256.42
Training convergence-bucket 6 [23.1191, 29.5976) with 200 queries.
Average Recall: 0.8306
Initial average recall with ef=100: 0.833267
Average Recall: 0.88345
Initial average recall with ef=150: 0.885267
Weighted average ef: 283.925
Training convergence-bucket 7 [29.5976, 35.8629) with 200 queries.
Average Recall: 0.83985
Initial average recall with ef=100: 0.848385
Average Recall: 0.88895
Initial average recall with ef=150: 0.896646
Recall diff is too small for 1 consecutive steps, break.
Weighted average ef: 276.345
Training convergence-bucket 8 [35.8629, 45.3082) with 200 queries.
Average Recall: 0.852814
Initial average recall with ef=100: 0.865097
Average Recall: 0.898493
Initial average recall with ef=150: 0.907935
Recall diff is too small for 1 consecutive steps, break.
Recall diff is too small for 1 consecutive steps, break.
Recall diff is too small for 1 consecutive steps, break.
Recall diff is too small for 1 consecutive steps, break.
Recall diff is too small for 1 consecutive steps, break.
Recall diff is too small for 1 consecutive steps, break.
Weighted average ef: 248.245
Training convergence-bucket 9 [45.3082, inf) with 200 queries.
Average Recall: 0.92135
Initial average recall with ef=100: 0.956646
Average Recall: 0.9472
Initial average recall with ef=150: 0.975963
Weighted average ef: 98.36
Reconstructed True WAE: 290.72 (Hard Pct: 0.0211)
****Weighted average ef: 290
Search time: 7534 ms
Search time: 7902 ms
Search time: 10712 ms
Average Recall: 0.975887
5th percentile recall: 0.9
1st percentile recall: 0.82
Median search time: 7902 ms
Search times: 7534 ms, 7902 ms, 10712 ms, 
deep-image-96-angular experiment results:
statisc_length, time, avg_recall, 5th_percentile_recall, 1st_percentile_recall, recall_above_99, recall_above_95, recall_above_90
100, 7902, 0.975887, 0.9, 0.82, 5906, 8181, 9433
Experiment finished


Visited list size: 250


Loading samplings from /home/ryawszn/experiments/shiro-ef/sampling/deep-image-96-angular-samplings--k100-ef.bin
Samplings loaded from /home/ryawszn/experiments/shiro-ef/sampling/deep-image-96-angular-samplings--k100-ef.bin
Average Recall: 0.838966
Initial average recall with ef=100: 0.838591
Average Recall: 0.886667
Initial average recall with ef=150: 0.8862
Recall diff is too small for 1 consecutive steps, break.
Recall diff is too small for 1 consecutive steps, break.
Recall diff is too small for 1 consecutive steps, break.
Recall diff is too small for 1 consecutive steps, break.
Recall diff is too small for 1 consecutive steps, break.
Recall diff is too small for 1 consecutive steps, break.
Recall diff is too small for 1 consecutive steps, break.
Recall diff is too small for 1 consecutive steps, break.
Recall diff is too small for 1 consecutive steps, break.
Recall diff is too small for 1 consecutive steps, break.
Recall diff is too small for 1 consecutive steps, break.
Recall diff is too small for 1 consecutive steps, break.
Weighted average ef: 438.651
EF-estimation table computing time: 6357 ms
Training convergence-bucket 0 [0.26916, 24.0118) with 200 queries.
Average Recall: 0.7337
Initial average recall with ef=100: 0.729651
Average Recall: 0.7988
Initial average recall with ef=150: 0.795407
Recall diff is too small for 1 consecutive steps, break.
Weighted average ef: 536.55
Training convergence-bucket 1 [24.0118, 30.5047) with 200 queries.
Average Recall: 0.72665
Initial average recall with ef=100: 0.712438
Average Recall: 0.7967
Initial average recall with ef=150: 0.783687
Recall diff is too small for 1 consecutive steps, break.
Recall diff is too small for 1 consecutive steps, break.
Recall diff is too small for 1 consecutive steps, break.
Recall diff is too small for 1 consecutive steps, break.
Recall diff is too small for 1 consecutive steps, break.
Weighted average ef: 556.265
Training convergence-bucket 2 [30.5047, 36.3916) with 200 queries.
Average Recall: 0.744322
Initial average recall with ef=100: 0.738402
Average Recall: 0.810553
Initial average recall with ef=150: 0.804497
Recall diff is too small for 1 consecutive steps, break.
Recall diff is too small for 1 consecutive steps, break.
Recall diff is too small for 1 consecutive steps, break.
Recall diff is too small for 1 consecutive steps, break.
Recall diff is too small for 1 consecutive steps, break.
Recall diff is too small for 1 consecutive steps, break.
Recall diff is too small for 1 consecutive steps, break.
Recall diff is too small for 1 consecutive steps, break.
Recall diff is too small for 1 consecutive steps, break.
Recall diff is too small for 1 consecutive steps, break.
Weighted average ef: 548.09
Training convergence-bucket 3 [36.3916, 41.671) with 200 queries.
Average Recall: 0.75835
Initial average recall with ef=100: 0.752485
Average Recall: 0.82265
Initial average recall with ef=150: 0.818242
Recall diff is too small for 1 consecutive steps, break.
Recall diff is too small for 1 consecutive steps, break.
Recall diff is too small for 1 consecutive steps, break.
Weighted average ef: 434.2
Training convergence-bucket 4 [41.671, 46.5923) with 200 queries.
Average Recall: 0.814925
Initial average recall with ef=100: 0.806474
Average Recall: 0.87
Initial average recall with ef=150: 0.862081
Recall diff is too small for 1 consecutive steps, break.
Recall diff is too small for 1 consecutive steps, break.
Recall diff is too small for 1 consecutive steps, break.
Recall diff is too small for 1 consecutive steps, break.
Recall diff is too small for 1 consecutive steps, break.
Recall diff is too small for 1 consecutive steps, break.
Recall diff is too small for 1 consecutive steps, break.
Recall diff is too small for 1 consecutive steps, break.
Weighted average ef: 293.39
Training convergence-bucket 5 [46.5923, 52.0484) with 200 queries.
Average Recall: 0.8727
Initial average recall with ef=100: 0.895449
Average Recall: 0.9158
Initial average recall with ef=150: 0.935329
Weighted average ef: 172.985
Training convergence-bucket 6 [52.0484, 56.3452) with 200 queries.
Average Recall: 0.9028
Initial average recall with ef=100: 0.920809
Average Recall: 0.94225
Initial average recall with ef=150: 0.955434
Weighted average ef: 145.04
Training convergence-bucket 7 [56.3452, 61.0398) with 200 queries.
Average Recall: 0.92265
Initial average recall with ef=100: 0.931316
Average Recall: 0.95565
Initial average recall with ef=150: 0.962211
Recall diff is too small for 1 consecutive steps, break.
Weighted average ef: 149.775
Training convergence-bucket 8 [61.0398, 66.9429) with 200 queries.
Average Recall: 0.93905
Initial average recall with ef=100: 0.942222
Average Recall: 0.9666
Initial average recall with ef=150: 0.968519
Weighted average ef: 136.135
Training convergence-bucket 9 [66.9429, inf) with 200 queries.
Average Recall: 0.97395
Initial average recall with ef=100: 0.979945
Average Recall: 0.98725
Initial average recall with ef=150: 0.991311
Weighted average ef: 97.95
Reconstructed True WAE: 261.896 (Hard Pct: 0.0211)
****Weighted average ef: 261
Search time: 7567 ms
Search time: 7802 ms
Search time: 10444 ms
Average Recall: 0.978816
5th percentile recall: 0.91
1st percentile recall: 0.83
Median search time: 7802 ms
Search times: 7567 ms, 7802 ms, 10444 ms, 
deep-image-96-angular experiment results:
statisc_length, time, avg_recall, 5th_percentile_recall, 1st_percentile_recall, recall_above_99, recall_above_95, recall_above_90
250, 7802, 0.978816, 0.91, 0.83, 6181, 8552, 9551
Experiment finished


Visited list size: 500


Loading samplings from /home/ryawszn/experiments/shiro-ef/sampling/deep-image-96-angular-samplings--k100-ef.bin
Samplings loaded from /home/ryawszn/experiments/shiro-ef/sampling/deep-image-96-angular-samplings--k100-ef.bin
Average Recall: 0.838966
Initial average recall with ef=100: 0.838679
Average Recall: 0.886667
Initial average recall with ef=150: 0.887273
Recall diff is too small for 1 consecutive steps, break.
Recall diff is too small for 1 consecutive steps, break.
Recall diff is too small for 1 consecutive steps, break.
Recall diff is too small for 1 consecutive steps, break.
Recall diff is too small for 1 consecutive steps, break.
Recall diff is too small for 1 consecutive steps, break.
Recall diff is too small for 1 consecutive steps, break.
Recall diff is too small for 1 consecutive steps, break.
Recall diff is too small for 1 consecutive steps, break.
Recall diff is too small for 1 consecutive steps, break.
Weighted average ef: 361.009
EF-estimation table computing time: 5515 ms
Training convergence-bucket 0 [12.5621, 38.0918) with 200 queries.
Average Recall: 0.64775
Initial average recall with ef=100: 0.642167
Average Recall: 0.72305
Initial average recall with ef=150: 0.719111
Recall diff is too small for 1 consecutive steps, break.
Recall diff is too small for 1 consecutive steps, break.
Weighted average ef: 805.13
Training convergence-bucket 1 [38.0918, 44.7743) with 200 queries.
Average Recall: 0.677789
Initial average recall with ef=100: 0.666343
Average Recall: 0.753367
Initial average recall with ef=150: 0.741886
Recall diff is too small for 1 consecutive steps, break.
Recall diff is too small for 1 consecutive steps, break.
Recall diff is too small for 1 consecutive steps, break.
Recall diff is too small for 1 consecutive steps, break.
Weighted average ef: 844.97
Training convergence-bucket 2 [44.7743, 50.943) with 200 queries.
Average Recall: 0.72985
Initial average recall with ef=100: 0.727977
Average Recall: 0.8012
Initial average recall with ef=150: 0.799101
Recall diff is too small for 1 consecutive steps, break.
Weighted average ef: 506.15
Training convergence-bucket 3 [50.943, 56.2647) with 200 queries.
Average Recall: 0.80608
Initial average recall with ef=100: 0.806919
Average Recall: 0.865779
Initial average recall with ef=150: 0.865465
Recall diff is too small for 1 consecutive steps, break.
Recall diff is too small for 1 consecutive steps, break.
Recall diff is too small for 1 consecutive steps, break.
Recall diff is too small for 1 consecutive steps, break.
Recall diff is too small for 1 consecutive steps, break.
Weighted average ef: 242.265
Training convergence-bucket 4 [56.2647, 60.3598) with 200 queries.
Average Recall: 0.8621
Initial average recall with ef=100: 0.870273
Average Recall: 0.91425
Initial average recall with ef=150: 0.923333
Weighted average ef: 215.69
Training convergence-bucket 5 [60.3598, 63.9306) with 200 queries.
Average Recall: 0.87625
Initial average recall with ef=100: 0.88
Average Recall: 0.92255
Initial average recall with ef=150: 0.926298
Weighted average ef: 200.5
Training convergence-bucket 6 [63.9306, 67.2212) with 200 queries.
Average Recall: 0.911951
Initial average recall with ef=100: 0.917634
Average Recall: 0.94915
Initial average recall with ef=150: 0.953387
Weighted average ef: 164.455
Training convergence-bucket 7 [67.2212, 71.268) with 200 queries.
Average Recall: 0.939801
Initial average recall with ef=100: 0.945833
Average Recall: 0.9666
Initial average recall with ef=150: 0.971458
Weighted average ef: 129.615
Training convergence-bucket 8 [71.268, 75.9547) with 200 queries.
Average Recall: 0.9553
Initial average recall with ef=100: 0.957819
Average Recall: 0.9776
Initial average recall with ef=150: 0.979149
Weighted average ef: 112.75
Training convergence-bucket 9 [75.9547, inf) with 200 queries.
Average Recall: 0.98185
Initial average recall with ef=100: 0.983457
Average Recall: 0.9924
Initial average recall with ef=150: 0.993404
Weighted average ef: 98
Reconstructed True WAE: 240.047 (Hard Pct: 0.0211)
****Weighted average ef: 240
Search time: 7860 ms
Search time: 10510 ms
Search time: 8342 ms
Average Recall: 0.979838
5th percentile recall: 0.92
1st percentile recall: 0.86
Median search time: 8342 ms
Search times: 7860 ms, 8342 ms, 10510 ms, 
deep-image-96-angular experiment results:
statisc_length, time, avg_recall, 5th_percentile_recall, 1st_percentile_recall, recall_above_99, recall_above_95, recall_above_90
500, 8342, 0.979838, 0.92, 0.86, 5950, 8648, 9703
Experiment finished


Visited list size: 750


Loading samplings from /home/ryawszn/experiments/shiro-ef/sampling/deep-image-96-angular-samplings--k100-ef.bin
Samplings loaded from /home/ryawszn/experiments/shiro-ef/sampling/deep-image-96-angular-samplings--k100-ef.bin
Average Recall: 0.838966
Initial average recall with ef=100: 0.838899
Average Recall: 0.886667
Initial average recall with ef=150: 0.886503
Recall diff is too small for 1 consecutive steps, break.
Recall diff is too small for 1 consecutive steps, break.
Recall diff is too small for 1 consecutive steps, break.
Recall diff is too small for 1 consecutive steps, break.
Recall diff is too small for 1 consecutive steps, break.
Recall diff is too small for 1 consecutive steps, break.
Recall diff is too small for 1 consecutive steps, break.
Recall diff is too small for 1 consecutive steps, break.
Recall diff is too small for 1 consecutive steps, break.
Recall diff is too small for 1 consecutive steps, break.
Weighted average ef: 371.903
EF-estimation table computing time: 5983 ms
Training convergence-bucket 0 [11.4719, 44.9128) with 200 queries.
Average Recall: 0.623467
Initial average recall with ef=100: 0.619259
Average Recall: 0.701558
Initial average recall with ef=150: 0.696667
Recall diff is too small for 1 consecutive steps, break.
Weighted average ef: 938.77
Training convergence-bucket 1 [44.9128, 50.2904) with 200 queries.
Average Recall: 0.6631
Initial average recall with ef=100: 0.655222
Average Recall: 0.7415
Initial average recall with ef=150: 0.736111
Recall diff is too small for 1 consecutive steps, break.
Weighted average ef: 721.925
Training convergence-bucket 2 [50.2904, 56.728) with 200 queries.
Average Recall: 0.72575
Initial average recall with ef=100: 0.723933
Average Recall: 0.7972
Initial average recall with ef=150: 0.795393
Recall diff is too small for 1 consecutive steps, break.
Weighted average ef: 527.815
Training convergence-bucket 3 [56.728, 61.3028) with 200 queries.
Average Recall: 0.829598
Initial average recall with ef=100: 0.825824
Average Recall: 0.889297
Initial average recall with ef=150: 0.885989
Recall diff is too small for 1 consecutive steps, break.
Recall diff is too small for 1 consecutive steps, break.
Recall diff is too small for 1 consecutive steps, break.
Weighted average ef: 246.095
Training convergence-bucket 4 [61.3028, 65.0236) with 200 queries.
Average Recall: 0.8541
Initial average recall with ef=100: 0.856703
Average Recall: 0.907149
Initial average recall with ef=150: 0.911099
Recall diff is too small for 1 consecutive steps, break.
Weighted average ef: 233.575
Training convergence-bucket 5 [65.0236, 68.2315) with 200 queries.
Average Recall: 0.88515
Initial average recall with ef=100: 0.888128
Average Recall: 0.9298
Initial average recall with ef=150: 0.93246
Weighted average ef: 201.135
Training convergence-bucket 6 [68.2315, 71.7362) with 200 queries.
Average Recall: 0.9174
Initial average recall with ef=100: 0.920266
Average Recall: 0.9533
Initial average recall with ef=150: 0.955798
Weighted average ef: 151.89
Training convergence-bucket 7 [71.7362, 75.2017) with 200 queries.
Average Recall: 0.94235
Initial average recall with ef=100: 0.943692
Average Recall: 0.9702
Initial average recall with ef=150: 0.971128
Weighted average ef: 136.46
Training convergence-bucket 8 [75.2017, 79.6146) with 200 queries.
Average Recall: 0.96375
Initial average recall with ef=100: 0.966062
Average Recall: 0.98255
Initial average recall with ef=150: 0.984249
Weighted average ef: 110.25
Training convergence-bucket 9 [79.6146, inf) with 200 queries.
Average Recall: 0.9839
Initial average recall with ef=100: 0.989831
Average Recall: 0.99325
Initial average recall with ef=150: 0.996554
Weighted average ef: 88.5
Reconstructed True WAE: 229.162 (Hard Pct: 0.0211)
****Weighted average ef: 229
Search time: 10378 ms
Search time: 8497 ms
Search time: 7839 ms
Average Recall: 0.979295
5th percentile recall: 0.93
1st percentile recall: 0.88
Median search time: 8497 ms
Search times: 7839 ms, 8497 ms, 10378 ms, 
deep-image-96-angular experiment results:
statisc_length, time, avg_recall, 5th_percentile_recall, 1st_percentile_recall, recall_above_99, recall_above_95, recall_above_90
750, 8497, 0.979295, 0.93, 0.88, 5591, 8564, 9748
Experiment finished


Visited list size: 1000


Loading samplings from /home/ryawszn/experiments/shiro-ef/sampling/deep-image-96-angular-samplings--k100-ef.bin
Samplings loaded from /home/ryawszn/experiments/shiro-ef/sampling/deep-image-96-angular-samplings--k100-ef.bin
Average Recall: 0.838966
Initial average recall with ef=100: 0.838869
Average Recall: 0.886667
Initial average recall with ef=150: 0.88669
Recall diff is too small for 1 consecutive steps, break.
Recall diff is too small for 1 consecutive steps, break.
Recall diff is too small for 1 consecutive steps, break.
Recall diff is too small for 1 consecutive steps, break.
Recall diff is too small for 1 consecutive steps, break.
Recall diff is too small for 1 consecutive steps, break.
Recall diff is too small for 1 consecutive steps, break.
Recall diff is too small for 1 consecutive steps, break.
Recall diff is too small for 1 consecutive steps, break.
Weighted average ef: 377.096
EF-estimation table computing time: 6028 ms
Training convergence-bucket 0 [19.0504, 48.4779) with 200 queries.
Average Recall: 0.614573
Initial average recall with ef=100: 0.611979
Average Recall: 0.692563
Initial average recall with ef=150: 0.690053
Weighted average ef: 928.215
Training convergence-bucket 1 [48.4779, 52.7404) with 200 queries.
Average Recall: 0.65905
Initial average recall with ef=100: 0.6484
Average Recall: 0.73985
Initial average recall with ef=150: 0.7292
Weighted average ef: 740.13
Training convergence-bucket 2 [52.7404, 59.6321) with 200 queries.
Average Recall: 0.7359
Initial average recall with ef=100: 0.732011
Average Recall: 0.8041
Initial average recall with ef=150: 0.801033
Recall diff is too small for 1 consecutive steps, break.
Weighted average ef: 531.725
Training convergence-bucket 3 [59.6321, 63.8973) with 200 queries.
Average Recall: 0.81725
Initial average recall with ef=100: 0.816146
Average Recall: 0.88085
Initial average recall with ef=150: 0.880208
Weighted average ef: 339.14
Training convergence-bucket 4 [63.8973, 67.4905) with 200 queries.
Average Recall: 0.855477
Initial average recall with ef=100: 0.853607
Average Recall: 0.910352
Initial average recall with ef=150: 0.907541
Recall diff is too small for 1 consecutive steps, break.
Recall diff is too small for 1 consecutive steps, break.
Weighted average ef: 300.585
Training convergence-bucket 5 [67.4905, 71.0151) with 200 queries.
Average Recall: 0.88795
Initial average recall with ef=100: 0.891021
Average Recall: 0.93255
Initial average recall with ef=150: 0.93629
Weighted average ef: 190.88
Training convergence-bucket 6 [71.0151, 74.3094) with 200 queries.
Average Recall: 0.9218
Initial average recall with ef=100: 0.922434
Average Recall: 0.955801
Initial average recall with ef=150: 0.956349
Weighted average ef: 152
Training convergence-bucket 7 [74.3094, 77.605) with 200 queries.
Average Recall: 0.943651
Initial average recall with ef=100: 0.947487
Average Recall: 0.9713
Initial average recall with ef=150: 0.974136
Weighted average ef: 121.15
Training convergence-bucket 8 [77.605, 81.6601) with 200 queries.
Average Recall: 0.9674
Initial average recall with ef=100: 0.97037
Average Recall: 0.984351
Initial average recall with ef=150: 0.986296
Weighted average ef: 101.45
Training convergence-bucket 9 [81.6601, inf) with 200 queries.
Average Recall: 0.9856
Initial average recall with ef=100: 0.990324
Average Recall: 0.99415
Initial average recall with ef=150: 0.996973
Weighted average ef: 93.355
Reconstructed True WAE: 251.63 (Hard Pct: 0.0211)
****Weighted average ef: 251
Search time: 11794 ms
Search time: 8452 ms
Search time: 8579 ms
Average Recall: 0.982298
5th percentile recall: 0.94
1st percentile recall: 0.9
Median search time: 8579 ms
Search times: 8452 ms, 8579 ms, 11794 ms, 
deep-image-96-angular experiment results:
statisc_length, time, avg_recall, 5th_percentile_recall, 1st_percentile_recall, recall_above_99, recall_above_95, recall_above_90
1000, 8579, 0.982298, 0.94, 0.9, 5982, 8901, 9860
Experiment finished


Visited list size: 2000


Loading samplings from /home/ryawszn/experiments/shiro-ef/sampling/deep-image-96-angular-samplings--k100-ef.bin
Samplings loaded from /home/ryawszn/experiments/shiro-ef/sampling/deep-image-96-angular-samplings--k100-ef.bin
Average Recall: 0.838996
Initial average recall with ef=100: 0.838985
Average Recall: 0.886667
Initial average recall with ef=150: 0.886514
Recall diff is too small for 1 consecutive steps, break.
Recall diff is too small for 1 consecutive steps, break.
Recall diff is too small for 1 consecutive steps, break.
Recall diff is too small for 1 consecutive steps, break.
Recall diff is too small for 1 consecutive steps, break.
Recall diff is too small for 1 consecutive steps, break.
Recall diff is too small for 1 consecutive steps, break.
Weighted average ef: 374.688
EF-estimation table computing time: 7056 ms
Training convergence-bucket 0 [24.4359, 56.1647) with 200 queries.
Average Recall: 0.592613
Initial average recall with ef=100: 0.589894
Average Recall: 0.679347
Initial average recall with ef=150: 0.675957
Weighted average ef: 973.135
Training convergence-bucket 1 [56.1647, 60.1434) with 200 queries.
Average Recall: 0.6467
Initial average recall with ef=100: 0.646105
Average Recall: 0.7236
Initial average recall with ef=150: 0.722789
Weighted average ef: 796
Training convergence-bucket 2 [60.1434, 65.2829) with 200 queries.
Average Recall: 0.73835
Initial average recall with ef=100: 0.736613
Average Recall: 0.8083
Initial average recall with ef=150: 0.806344
Weighted average ef: 522.655
Training convergence-bucket 3 [65.2829, 69.2451) with 200 queries.
Average Recall: 0.81475
Initial average recall with ef=100: 0.815128
Average Recall: 0.88045
Initial average recall with ef=150: 0.880923
Recall diff is too small for 1 consecutive steps, break.
Recall diff is too small for 1 consecutive steps, break.
Weighted average ef: 317.65
Training convergence-bucket 4 [69.2451, 72.7223) with 200 queries.
Average Recall: 0.86215
Initial average recall with ef=100: 0.867553
Average Recall: 0.9148
Initial average recall with ef=150: 0.920372
Weighted average ef: 226.54
Training convergence-bucket 5 [72.7223, 75.9096) with 200 queries.
Average Recall: 0.901658
Initial average recall with ef=100: 0.897917
Average Recall: 0.946382
Initial average recall with ef=150: 0.941927
Recall diff is too small for 1 consecutive steps, break.
Weighted average ef: 175.66
Training convergence-bucket 6 [75.9096, 78.9759) with 200 queries.
Average Recall: 0.92025
Initial average recall with ef=100: 0.924339
Average Recall: 0.95345
Initial average recall with ef=150: 0.957672
Weighted average ef: 151.84
Training convergence-bucket 7 [78.9759, 82.2437) with 200 queries.
Average Recall: 0.9492
Initial average recall with ef=100: 0.951189
Average Recall: 0.974301
Initial average recall with ef=150: 0.976054
Weighted average ef: 114.5
Training convergence-bucket 8 [82.2437, 85.7125) with 200 queries.
Average Recall: 0.97345
Initial average recall with ef=100: 0.974787
Average Recall: 0.9896
Initial average recall with ef=150: 0.990426
Weighted average ef: 97.75
Training convergence-bucket 9 [85.7125, inf) with 200 queries.
Average Recall: 0.98995
Initial average recall with ef=100: 0.993077
Average Recall: 0.99575
Initial average recall with ef=150: 0.997747
Weighted average ef: 91
Reconstructed True WAE: 236.119 (Hard Pct: 0.0211)
****Weighted average ef: 236
Search time: 9734 ms
Search time: 10125 ms
Search time: 9980 ms
Average Recall: 0.97822
5th percentile recall: 0.93
1st percentile recall: 0.89
Median search time: 9980 ms
Search times: 9734 ms, 9980 ms, 10125 ms, 
deep-image-96-angular experiment results:
statisc_length, time, avg_recall, 5th_percentile_recall, 1st_percentile_recall, recall_above_99, recall_above_95, recall_above_90
2000, 9980, 0.97822, 0.93, 0.89, 5083, 8468, 9831
Experiment finished


Visited list size: 33


Loading samplings from /home/ryawszn/experiments/shiro-ef/sampling/deep-image-96-angular-samplings--k100-ef.bin
Samplings loaded from /home/ryawszn/experiments/shiro-ef/sampling/deep-image-96-angular-samplings--k100-ef.bin
Average Recall: 0.838966
Initial average recall with ef=100: 0.838
Average Recall: 0.886667
Initial average recall with ef=150: 0.885693
Recall diff is too small for 1 consecutive steps, break.
Recall diff is too small for 1 consecutive steps, break.
Recall diff is too small for 1 consecutive steps, break.
Recall diff is too small for 1 consecutive steps, break.
Weighted average ef: 396.946
EF-estimation table computing time: 5033 ms
Training convergence-bucket 0 [0, 0) with 200 queries.
Average Recall: 0.89495
Initial average recall with ef=100: 0.906101
Average Recall: 0.93435
Initial average recall with ef=150: 0.94434
Weighted average ef: 146.54
Training convergence-bucket 1 [0, 0) with 200 queries.
Average Recall: 0.88975
Initial average recall with ef=100: 0.898861
Average Recall: 0.9315
Initial average recall with ef=150: 0.938101
Recall diff is too small for 1 consecutive steps, break.
Weighted average ef: 161.59
Training convergence-bucket 2 [0, 0) with 200 queries.
Average Recall: 0.8831
Initial average recall with ef=100: 0.886957
Average Recall: 0.9262
Initial average recall with ef=150: 0.928447
Weighted average ef: 200.495
Training convergence-bucket 3 [0, 0) with 200 queries.
Average Recall: 0.9048
Initial average recall with ef=100: 0.906452
Average Recall: 0.9422
Initial average recall with ef=150: 0.942774
Weighted average ef: 159.35
Training convergence-bucket 4 [0, 0) with 200 queries.
Average Recall: 0.74065
Initial average recall with ef=100: 0.725461
Average Recall: 0.8017
Initial average recall with ef=150: 0.788355
Weighted average ef: 529.885
Training convergence-bucket 5 [0, 0) with 200 queries.
Average Recall: 0.75855
Initial average recall with ef=100: 0.734968
Average Recall: 0.82215
Initial average recall with ef=150: 0.803677
Recall diff is too small for 1 consecutive steps, break.
Recall diff is too small for 1 consecutive steps, break.
Recall diff is too small for 1 consecutive steps, break.
Weighted average ef: 486.155
Training convergence-bucket 6 [0, 0) with 200 queries.
Average Recall: 0.720402
Initial average recall with ef=100: 0.693129
Average Recall: 0.786332
Initial average recall with ef=150: 0.762024
Recall diff is too small for 1 consecutive steps, break.
Recall diff is too small for 1 consecutive steps, break.
Recall diff is too small for 1 consecutive steps, break.
Weighted average ef: 623.205
Training convergence-bucket 7 [0, 0) with 200 queries.
Average Recall: 0.8699
Initial average recall with ef=100: 0.865
Average Recall: 0.9141
Initial average recall with ef=150: 0.911266
Weighted average ef: 235.46
Training convergence-bucket 8 [0, 1.15777) with 200 queries.
Average Recall: 0.8845
Initial average recall with ef=100: 0.89188
Average Recall: 0.92055
Initial average recall with ef=150: 0.923684
Weighted average ef: 182.56
Training convergence-bucket 9 [1.15777, inf) with 200 queries.
Average Recall: 0.842513
Initial average recall with ef=100: 0.831806
Average Recall: 0.887136
Initial average recall with ef=150: 0.877032
Recall diff is too small for 1 consecutive steps, break.
Weighted average ef: 280.935
Reconstructed True WAE: 231.365 (Hard Pct: 0.0211)
****Weighted average ef: 231
Search time: 5441 ms
Search time: 5624 ms
Search time: 8697 ms
Average Recall: 0.957445
5th percentile recall: 0.83
1st percentile recall: 0.73
Median search time: 5624 ms
Search times: 5441 ms, 5624 ms, 8697 ms, 
deep-image-96-angular experiment results:
statisc_length, time, avg_recall, 5th_percentile_recall, 1st_percentile_recall, recall_above_99, recall_above_95, recall_above_90
33, 5624, 0.957445, 0.83, 0.73, 4587, 6840, 8579
Experiment finished


Visited list size: 1025


Loading samplings from /home/ryawszn/experiments/shiro-ef/sampling/deep-image-96-angular-samplings--k100-ef.bin
Samplings loaded from /home/ryawszn/experiments/shiro-ef/sampling/deep-image-96-angular-samplings--k100-ef.bin
Average Recall: 0.838966
Initial average recall with ef=100: 0.838874
Average Recall: 0.886667
Initial average recall with ef=150: 0.886632
Recall diff is too small for 1 consecutive steps, break.
Recall diff is too small for 1 consecutive steps, break.
Recall diff is too small for 1 consecutive steps, break.
Recall diff is too small for 1 consecutive steps, break.
Recall diff is too small for 1 consecutive steps, break.
Recall diff is too small for 1 consecutive steps, break.
Recall diff is too small for 1 consecutive steps, break.
Recall diff is too small for 1 consecutive steps, break.
Recall diff is too small for 1 consecutive steps, break.
Recall diff is too small for 1 consecutive steps, break.
Recall diff is too small for 1 consecutive steps, break.
Recall diff is too small for 1 consecutive steps, break.
Recall diff is too small for 1 consecutive steps, break.
Weighted average ef: 358.979
EF-estimation table computing time: 7405 ms
Training convergence-bucket 0 [15.9769, 48.7988) with 200 queries.
Average Recall: 0.620804
Initial average recall with ef=100: 0.61367
Average Recall: 0.699749
Initial average recall with ef=150: 0.69367
Recall diff is too small for 1 consecutive steps, break.
Weighted average ef: 923.35
Training convergence-bucket 1 [48.7988, 52.9019) with 200 queries.
Average Recall: 0.653
Initial average recall with ef=100: 0.643829
Average Recall: 0.73215
Initial average recall with ef=150: 0.723143
Weighted average ef: 737.755
Training convergence-bucket 2 [52.9019, 60.0296) with 200 queries.
Average Recall: 0.7367
Initial average recall with ef=100: 0.734021
Average Recall: 0.8058
Initial average recall with ef=150: 0.803598
Weighted average ef: 531.905
Training convergence-bucket 3 [60.0296, 64.134) with 200 queries.
Average Recall: 0.816
Initial average recall with ef=100: 0.814712
Average Recall: 0.87875
Initial average recall with ef=150: 0.877853
Weighted average ef: 337.12
Training convergence-bucket 4 [64.134, 67.6072) with 200 queries.
Average Recall: 0.858141
Initial average recall with ef=100: 0.855591
Average Recall: 0.912864
Initial average recall with ef=150: 0.910215
Recall diff is too small for 1 consecutive steps, break.
Weighted average ef: 256.965
Training convergence-bucket 5 [67.6072, 71.1849) with 200 queries.
Average Recall: 0.88515
Initial average recall with ef=100: 0.88766
Average Recall: 0.9299
Initial average recall with ef=150: 0.933032
Weighted average ef: 202.975
Training convergence-bucket 6 [71.1849, 74.4271) with 200 queries.
Average Recall: 0.92065
Initial average recall with ef=100: 0.922473
Average Recall: 0.9561
Initial average recall with ef=150: 0.957581
Weighted average ef: 152.75
Training convergence-bucket 7 [74.4271, 77.7543) with 200 queries.
Average Recall: 0.9451
Initial average recall with ef=100: 0.948192
Average Recall: 0.9724
Initial average recall with ef=150: 0.974787
Weighted average ef: 121.8
Training convergence-bucket 8 [77.7543, 82.04) with 200 queries.
Average Recall: 0.9686
Initial average recall with ef=100: 0.968769
Average Recall: 0.9849
Initial average recall with ef=150: 0.985128
Weighted average ef: 109.25
Training convergence-bucket 9 [82.04, inf) with 200 queries.
Average Recall: 0.98455
Initial average recall with ef=100: 0.989126
Average Recall: 0.9933
Initial average recall with ef=150: 0.99612
Weighted average ef: 93.25
Reconstructed True WAE: 243.132 (Hard Pct: 0.0211)
****Weighted average ef: 243
Search time: 9082 ms
Search time: 8398 ms
Search time: 8322 ms
Average Recall: 0.980951
5th percentile recall: 0.93
1st percentile recall: 0.89
Median search time: 8398 ms
Search times: 8322 ms, 8398 ms, 9082 ms, 
deep-image-96-angular experiment results:
statisc_length, time, avg_recall, 5th_percentile_recall, 1st_percentile_recall, recall_above_99, recall_above_95, recall_above_90
1025, 8398, 0.980951, 0.93, 0.89, 5675, 8760, 9846
Experiment finished
Dataset: glove-100-angular
Metric: cd
Truncation ratio: 0.5
Normalize the data vectors
Data vectors dimensions: 1183514 x 100
Query vectors dimensions: 10000 x 100
Neighbors dimensions: 10000 x 100
Using AVX512 Inner Product distance
Index loaded
Dimension of space:100
Data size of space:400
Samplings loaded


Visited list size: 100


Loading samplings from /home/ryawszn/experiments/shiro-ef/sampling/glove-100-angular-samplings--k100-ef.bin
Samplings loaded from /home/ryawszn/experiments/shiro-ef/sampling/glove-100-angular-samplings--k100-ef.bin
Average Recall: 0.727104
Initial average recall with ef=100: 0.727299
Average Recall: 0.770668
Initial average recall with ef=150: 0.770886
Recall diff is too small for 1 consecutive steps, break.
Recall diff is too small for 1 consecutive steps, break.
Recall diff is too small for 1 consecutive steps, break.
Weighted average ef: 1810.21
EF-estimation table computing time: 31222 ms
Training convergence-bucket 0 [0, 1.58278) with 200 queries.
Average Recall: 0.76345
Initial average recall with ef=100: 0.749212
Average Recall: 0.8019
Initial average recall with ef=150: 0.78903
Recall diff is too small for 1 consecutive steps, break.
Recall diff is too small for 1 consecutive steps, break.
Recall diff is too small for 1 consecutive steps, break.
Recall diff is too small for 1 consecutive steps, break.
Recall diff is too small for 1 consecutive steps, break.
Recall diff is too small for 1 consecutive steps, break.
Weighted average ef: 1413.11
Training convergence-bucket 1 [1.58278, 4.60345) with 200 queries.
Average Recall: 0.7552
Initial average recall with ef=100: 0.74475
Average Recall: 0.8021
Initial average recall with ef=150: 0.794
Recall diff is too small for 1 consecutive steps, break.
Recall diff is too small for 1 consecutive steps, break.
Weighted average ef: 1272.03
Training convergence-bucket 2 [4.60345, 7.90316) with 200 queries.
Average Recall: 0.71555
Initial average recall with ef=100: 0.692756
Average Recall: 0.7592
Initial average recall with ef=150: 0.737821
Recall diff is too small for 1 consecutive steps, break.
Recall diff is too small for 1 consecutive steps, break.
Recall diff is too small for 1 consecutive steps, break.
Weighted average ef: 1542.23
Training convergence-bucket 3 [7.90316, 12.0228) with 200 queries.
Average Recall: 0.73435
Initial average recall with ef=100: 0.713608
Average Recall: 0.78185
Initial average recall with ef=150: 0.762025
Recall diff is too small for 1 consecutive steps, break.
Weighted average ef: 1584.73
Training convergence-bucket 4 [12.0228, 16.0145) with 200 queries.
Average Recall: 0.6912
Initial average recall with ef=100: 0.673455
Average Recall: 0.734
Initial average recall with ef=150: 0.716485
Recall diff is too small for 1 consecutive steps, break.
Recall diff is too small for 1 consecutive steps, break.
Weighted average ef: 1989.27
Training convergence-bucket 5 [16.0145, 20.4835) with 200 queries.
Average Recall: 0.6837
Initial average recall with ef=100: 0.643526
Average Recall: 0.72955
Initial average recall with ef=150: 0.692372
Recall diff is too small for 1 consecutive steps, break.
Recall diff is too small for 1 consecutive steps, break.
Recall diff is too small for 1 consecutive steps, break.
Recall diff is too small for 1 consecutive steps, break.
Recall diff is too small for 1 consecutive steps, break.
Recall diff is too small for 1 consecutive steps, break.
Recall diff is too small for 1 consecutive steps, break.
Weighted average ef: 1936.9
Training convergence-bucket 6 [20.4835, 25.4146) with 200 queries.
Average Recall: 0.68355
Initial average recall with ef=100: 0.648509
Average Recall: 0.7265
Initial average recall with ef=150: 0.692547
Recall diff is too small for 1 consecutive steps, break.
Recall diff is too small for 1 consecutive steps, break.
Recall diff is too small for 1 consecutive steps, break.
Recall diff is too small for 1 consecutive steps, break.
Weighted average ef: 2205.1
Training convergence-bucket 7 [25.4146, 31.3999) with 200 queries.
Average Recall: 0.69715
Initial average recall with ef=100: 0.672323
Average Recall: 0.745
Initial average recall with ef=150: 0.719548
Recall diff is too small for 1 consecutive steps, break.
Recall diff is too small for 1 consecutive steps, break.
Recall diff is too small for 1 consecutive steps, break.
Recall diff is too small for 1 consecutive steps, break.
Weighted average ef: 1745.9
Training convergence-bucket 8 [31.3999, 39.8546) with 200 queries.
Average Recall: 0.71735
Initial average recall with ef=100: 0.696645
Average Recall: 0.76325
Initial average recall with ef=150: 0.740443
Recall diff is too small for 1 consecutive steps, break.
Recall diff is too small for 1 consecutive steps, break.
Recall diff is too small for 1 consecutive steps, break.
Recall diff is too small for 1 consecutive steps, break.
Recall diff is too small for 1 consecutive steps, break.
Recall diff is too small for 1 consecutive steps, break.
Recall diff is too small for 1 consecutive steps, break.
Recall diff is too small for 1 consecutive steps, break.
Recall diff is too small for 1 consecutive steps, break.
Weighted average ef: 1706.95
Training convergence-bucket 9 [39.8546, inf) with 200 queries.
Average Recall: 0.82955
Initial average recall with ef=100: 0.841758
Average Recall: 0.86335
Initial average recall with ef=150: 0.874424
Recall diff is too small for 1 consecutive steps, break.
Recall diff is too small for 1 consecutive steps, break.
Weighted average ef: 875.555
Reconstructed True WAE: 1719.81 (Hard Pct: 0.0084)
****Weighted average ef: 1719
Search time: 37930 ms
Search time: 37200 ms
Search time: 38279 ms
Average Recall: 0.970142
5th percentile recall: 0.87
1st percentile recall: 0.81
Median search time: 37930 ms
Search times: 37200 ms, 37930 ms, 38279 ms, 
glove-100-angular experiment results:
statisc_length, time, avg_recall, 5th_percentile_recall, 1st_percentile_recall, recall_above_99, recall_above_95, recall_above_90
100, 37930, 0.970142, 0.87, 0.81, 5908, 7542, 8959
Experiment finished


Visited list size: 250


Loading samplings from /home/ryawszn/experiments/shiro-ef/sampling/glove-100-angular-samplings--k100-ef.bin
Samplings loaded from /home/ryawszn/experiments/shiro-ef/sampling/glove-100-angular-samplings--k100-ef.bin
Average Recall: 0.727104
Initial average recall with ef=100: 0.727289
Average Recall: 0.770668
Initial average recall with ef=150: 0.770877
Recall diff is too small for 1 consecutive steps, break.
Weighted average ef: 1768.92
EF-estimation table computing time: 30258 ms
Training convergence-bucket 0 [0.187017, 15.8714) with 200 queries.
Average Recall: 0.73455
Initial average recall with ef=100: 0.71619
Average Recall: 0.7818
Initial average recall with ef=150: 0.766369
Weighted average ef: 1411.35
Training convergence-bucket 1 [15.8714, 22.6154) with 200 queries.
Average Recall: 0.63985
Initial average recall with ef=100: 0.616647
Average Recall: 0.6894
Initial average recall with ef=150: 0.667052
Recall diff is too small for 1 consecutive steps, break.
Recall diff is too small for 1 consecutive steps, break.
Weighted average ef: 2329.69
Training convergence-bucket 2 [22.6154, 27.3701) with 200 queries.
Average Recall: 0.59665
Initial average recall with ef=100: 0.54372
Average Recall: 0.64965
Initial average recall with ef=150: 0.599451
Recall diff is too small for 1 consecutive steps, break.
Recall diff is too small for 1 consecutive steps, break.
Recall diff is too small for 1 consecutive steps, break.
Weighted average ef: 2745.83
Training convergence-bucket 3 [27.3701, 31.9811) with 200 queries.
Average Recall: 0.62855
Initial average recall with ef=100: 0.590382
Average Recall: 0.6767
Initial average recall with ef=150: 0.639363
Recall diff is too small for 1 consecutive steps, break.
Weighted average ef: 2309.87
Training convergence-bucket 4 [31.9811, 36.4314) with 200 queries.
Average Recall: 0.6455
Initial average recall with ef=100: 0.62019
Average Recall: 0.69085
Initial average recall with ef=150: 0.663228
Recall diff is too small for 1 consecutive steps, break.
Recall diff is too small for 1 consecutive steps, break.
Recall diff is too small for 1 consecutive steps, break.
Recall diff is too small for 1 consecutive steps, break.
Weighted average ef: 2290.65
Training convergence-bucket 5 [36.4314, 41.147) with 200 queries.
Average Recall: 0.68245
Initial average recall with ef=100: 0.658165
Average Recall: 0.7327
Initial average recall with ef=150: 0.711329
Recall diff is too small for 1 consecutive steps, break.
Recall diff is too small for 1 consecutive steps, break.
Recall diff is too small for 1 consecutive steps, break.
Recall diff is too small for 1 consecutive steps, break.
Weighted average ef: 1862.59
Training convergence-bucket 6 [41.147, 47.1918) with 200 queries.
Average Recall: 0.7323
Initial average recall with ef=100: 0.730667
Average Recall: 0.7779
Initial average recall with ef=150: 0.776606
Recall diff is too small for 1 consecutive steps, break.
Recall diff is too small for 1 consecutive steps, break.
Recall diff is too small for 1 consecutive steps, break.
Recall diff is too small for 1 consecutive steps, break.
Weighted average ef: 1322.51
Training convergence-bucket 7 [47.1918, 54.8456) with 200 queries.
Average Recall: 0.79345
Initial average recall with ef=100: 0.800556
Average Recall: 0.83635
Initial average recall with ef=150: 0.84463
Recall diff is too small for 1 consecutive steps, break.
Recall diff is too small for 1 consecutive steps, break.
Weighted average ef: 838.185
Training convergence-bucket 8 [54.8456, 63.9884) with 200 queries.
Average Recall: 0.8716
Initial average recall with ef=100: 0.875471
Average Recall: 0.90595
Initial average recall with ef=150: 0.909588
Recall diff is too small for 1 consecutive steps, break.
Weighted average ef: 432.9
Training convergence-bucket 9 [63.9884, inf) with 200 queries.
Average Recall: 0.94615
Initial average recall with ef=100: 0.956628
Average Recall: 0.9654
Initial average recall with ef=150: 0.973488
Weighted average ef: 138.825
Reconstructed True WAE: 1613.69 (Hard Pct: 0.0084)
****Weighted average ef: 1613
Search time: 38352 ms
Search time: 37936 ms
Search time: 38068 ms
Average Recall: 0.972627
5th percentile recall: 0.88
1st percentile recall: 0.83
Median search time: 38068 ms
Search times: 37936 ms, 38068 ms, 38352 ms, 
glove-100-angular experiment results:
statisc_length, time, avg_recall, 5th_percentile_recall, 1st_percentile_recall, recall_above_99, recall_above_95, recall_above_90
250, 38068, 0.972627, 0.88, 0.83, 5869, 7635, 9181
Experiment finished


Visited list size: 500


Loading samplings from /home/ryawszn/experiments/shiro-ef/sampling/glove-100-angular-samplings--k100-ef.bin
Samplings loaded from /home/ryawszn/experiments/shiro-ef/sampling/glove-100-angular-samplings--k100-ef.bin
Average Recall: 0.727104
Initial average recall with ef=100: 0.727201
Average Recall: 0.770668
Initial average recall with ef=150: 0.770756
Weighted average ef: 1746.55
EF-estimation table computing time: 29397 ms
Training convergence-bucket 0 [2.99109, 29.1436) with 200 queries.
Average Recall: 0.60265
Initial average recall with ef=100: 0.577401
Average Recall: 0.6483
Initial average recall with ef=150: 0.623955
Recall diff is too small for 1 consecutive steps, break.
Recall diff is too small for 1 consecutive steps, break.
Recall diff is too small for 1 consecutive steps, break.
Recall diff is too small for 1 consecutive steps, break.
Recall diff is too small for 1 consecutive steps, break.
Recall diff is too small for 1 consecutive steps, break.
Weighted average ef: 2628.53
Training convergence-bucket 1 [29.1436, 34.4529) with 200 queries.
Average Recall: 0.54165
Initial average recall with ef=100: 0.515141
Average Recall: 0.60115
Initial average recall with ef=150: 0.574915
Recall diff is too small for 1 consecutive steps, break.
Recall diff is too small for 1 consecutive steps, break.
Recall diff is too small for 1 consecutive steps, break.
Recall diff is too small for 1 consecutive steps, break.
Weighted average ef: 3222.43
Training convergence-bucket 2 [34.4529, 38.8102) with 200 queries.
Average Recall: 0.52645
Initial average recall with ef=100: 0.503552
Average Recall: 0.5784
Initial average recall with ef=150: 0.555902
Recall diff is too small for 1 consecutive steps, break.
Recall diff is too small for 1 consecutive steps, break.
Weighted average ef: 3496.82
Training convergence-bucket 3 [38.8102, 44.5328) with 200 queries.
Average Recall: 0.58255
Initial average recall with ef=100: 0.563152
Average Recall: 0.63825
Initial average recall with ef=150: 0.621304
Recall diff is too small for 1 consecutive steps, break.
Recall diff is too small for 1 consecutive steps, break.
Weighted average ef: 2808.03
Training convergence-bucket 4 [44.5328, 50.5715) with 200 queries.
Average Recall: 0.68675
Initial average recall with ef=100: 0.677401
Average Recall: 0.73955
Initial average recall with ef=150: 0.732034
Recall diff is too small for 1 consecutive steps, break.
Weighted average ef: 1701.04
Training convergence-bucket 5 [50.5715, 56.9575) with 200 queries.
Average Recall: 0.77335
Initial average recall with ef=100: 0.773018
Average Recall: 0.8233
Initial average recall with ef=150: 0.826095
Recall diff is too small for 1 consecutive steps, break.
Weighted average ef: 821.78
Training convergence-bucket 6 [56.9575, 62.4863) with 200 queries.
Average Recall: 0.8121
Initial average recall with ef=100: 0.810506
Average Recall: 0.8554
Initial average recall with ef=150: 0.856236
Recall diff is too small for 1 consecutive steps, break.
Recall diff is too small for 1 consecutive steps, break.
Weighted average ef: 679.53
Training convergence-bucket 7 [62.4863, 67.8471) with 200 queries.
Average Recall: 0.87915
Initial average recall with ef=100: 0.888869
Average Recall: 0.9137
Initial average recall with ef=150: 0.923571
Recall diff is too small for 1 consecutive steps, break.
Recall diff is too small for 1 consecutive steps, break.
Recall diff is too small for 1 consecutive steps, break.
Weighted average ef: 293.21
Training convergence-bucket 8 [67.8471, 74.4493) with 200 queries.
Average Recall: 0.91255
Initial average recall with ef=100: 0.917683
Average Recall: 0.93845
Initial average recall with ef=150: 0.943107
Recall diff is too small for 1 consecutive steps, break.
Weighted average ef: 231.93
Training convergence-bucket 9 [74.4493, inf) with 200 queries.
Average Recall: 0.95385
Initial average recall with ef=100: 0.961534
Average Recall: 0.9702
Initial average recall with ef=150: 0.975966
Weighted average ef: 126.33
Reconstructed True WAE: 1487.52 (Hard Pct: 0.0084)
****Weighted average ef: 1487
Search time: 39710 ms
Search time: 39546 ms
Search time: 39611 ms
Average Recall: 0.976639
5th percentile recall: 0.9
1st percentile recall: 0.85
Median search time: 39611 ms
Search times: 39546 ms, 39611 ms, 39710 ms, 
glove-100-angular experiment results:
statisc_length, time, avg_recall, 5th_percentile_recall, 1st_percentile_recall, recall_above_99, recall_above_95, recall_above_90
500, 39611, 0.976639, 0.9, 0.85, 6014, 7988, 9457
Experiment finished


Visited list size: 750


Loading samplings from /home/ryawszn/experiments/shiro-ef/sampling/glove-100-angular-samplings--k100-ef.bin
Samplings loaded from /home/ryawszn/experiments/shiro-ef/sampling/glove-100-angular-samplings--k100-ef.bin
Average Recall: 0.727104
Initial average recall with ef=100: 0.72758
Average Recall: 0.770668
Initial average recall with ef=150: 0.771182
Recall diff is too small for 1 consecutive steps, break.
Recall diff is too small for 1 consecutive steps, break.
Weighted average ef: 1675.5
EF-estimation table computing time: 26348 ms
Training convergence-bucket 0 [9.24193, 34.6147) with 200 queries.
Average Recall: 0.5089
Initial average recall with ef=100: 0.484076
Average Recall: 0.5546
Initial average recall with ef=150: 0.530543
Recall diff is too small for 1 consecutive steps, break.
Recall diff is too small for 1 consecutive steps, break.
Recall diff is too small for 1 consecutive steps, break.
Weighted average ef: 3555.07
Training convergence-bucket 1 [34.6147, 39.7172) with 200 queries.
Average Recall: 0.47005
Initial average recall with ef=100: 0.452042
Average Recall: 0.524
Initial average recall with ef=150: 0.506649
Recall diff is too small for 1 consecutive steps, break.
Recall diff is too small for 1 consecutive steps, break.
Recall diff is too small for 1 consecutive steps, break.
Recall diff is too small for 1 consecutive steps, break.
Recall diff is too small for 1 consecutive steps, break.
Recall diff is too small for 1 consecutive steps, break.
Weighted average ef: 3944.35
Training convergence-bucket 2 [39.7172, 45.851) with 200 queries.
Average Recall: 0.56275
Initial average recall with ef=100: 0.544481
Average Recall: 0.62575
Initial average recall with ef=150: 0.610273
Recall diff is too small for 1 consecutive steps, break.
Recall diff is too small for 1 consecutive steps, break.
Recall diff is too small for 1 consecutive steps, break.
Weighted average ef: 2863.07
Training convergence-bucket 3 [45.851, 52.2809) with 200 queries.
Average Recall: 0.6395
Initial average recall with ef=100: 0.617239
Average Recall: 0.6963
Initial average recall with ef=150: 0.677362
Recall diff is too small for 1 consecutive steps, break.
Weighted average ef: 1868.66
Training convergence-bucket 4 [52.2809, 57.9518) with 200 queries.
Average Recall: 0.6902
Initial average recall with ef=100: 0.681136
Average Recall: 0.7455
Initial average recall with ef=150: 0.738182
Recall diff is too small for 1 consecutive steps, break.
Recall diff is too small for 1 consecutive steps, break.
Weighted average ef: 1500.56
Training convergence-bucket 5 [57.9518, 63.4104) with 200 queries.
Average Recall: 0.7711
Initial average recall with ef=100: 0.761788
Average Recall: 0.8222
Initial average recall with ef=150: 0.814916
Recall diff is too small for 1 consecutive steps, break.
Recall diff is too small for 1 consecutive steps, break.
Weighted average ef: 843.425
Training convergence-bucket 6 [63.4104, 68.2549) with 200 queries.
Average Recall: 0.83975
Initial average recall with ef=100: 0.834489
Average Recall: 0.88
Initial average recall with ef=150: 0.876193
Weighted average ef: 576.865
Training convergence-bucket 7 [68.2549, 73.1921) with 200 queries.
Average Recall: 0.89745
Initial average recall with ef=100: 0.898208
Average Recall: 0.9305
Initial average recall with ef=150: 0.931098
Recall diff is too small for 1 consecutive steps, break.
Weighted average ef: 280.325
Training convergence-bucket 8 [73.1921, 78.1851) with 200 queries.
Average Recall: 0.9306
Initial average recall with ef=100: 0.927473
Average Recall: 0.95285
Initial average recall with ef=150: 0.950165
Weighted average ef: 223.63
Training convergence-bucket 9 [78.1851, inf) with 200 queries.
Average Recall: 0.960751
Initial average recall with ef=100: 0.964066
Average Recall: 0.975
Initial average recall with ef=150: 0.977802
Weighted average ef: 131.935
Reconstructed True WAE: 1447.05 (Hard Pct: 0.0084)
****Weighted average ef: 1447
Search time: 40320 ms
Search time: 40327 ms
Search time: 40605 ms
Average Recall: 0.978202
5th percentile recall: 0.91
1st percentile recall: 0.86
Median search time: 40327 ms
Search times: 40320 ms, 40327 ms, 40605 ms, 
glove-100-angular experiment results:
statisc_length, time, avg_recall, 5th_percentile_recall, 1st_percentile_recall, recall_above_99, recall_above_95, recall_above_90
750, 40327, 0.978202, 0.91, 0.86, 6048, 8163, 9573
Experiment finished


Visited list size: 1000


Loading samplings from /home/ryawszn/experiments/shiro-ef/sampling/glove-100-angular-samplings--k100-ef.bin
Samplings loaded from /home/ryawszn/experiments/shiro-ef/sampling/glove-100-angular-samplings--k100-ef.bin
Average Recall: 0.727104
Initial average recall with ef=100: 0.727507
Average Recall: 0.770668
Initial average recall with ef=150: 0.771101
Recall diff is too small for 1 consecutive steps, break.
Weighted average ef: 1704.76
EF-estimation table computing time: 28889 ms
Training convergence-bucket 0 [16.6872, 36.5737) with 200 queries.
Average Recall: 0.4564
Initial average recall with ef=100: 0.436211
Average Recall: 0.50335
Initial average recall with ef=150: 0.48379
Recall diff is too small for 1 consecutive steps, break.
Weighted average ef: 4292.81
Training convergence-bucket 1 [36.5737, 43.9721) with 200 queries.
Average Recall: 0.4757
Initial average recall with ef=100: 0.452131
Average Recall: 0.5329
Initial average recall with ef=150: 0.51
Recall diff is too small for 1 consecutive steps, break.
Recall diff is too small for 1 consecutive steps, break.
Recall diff is too small for 1 consecutive steps, break.
Recall diff is too small for 1 consecutive steps, break.
Weighted average ef: 3789.34
Training convergence-bucket 2 [43.9721, 51.0335) with 200 queries.
Average Recall: 0.54765
Initial average recall with ef=100: 0.529946
Average Recall: 0.60795
Initial average recall with ef=150: 0.591667
Recall diff is too small for 1 consecutive steps, break.
Recall diff is too small for 1 consecutive steps, break.
Recall diff is too small for 1 consecutive steps, break.
Weighted average ef: 2955.92
Training convergence-bucket 3 [51.0335, 56.8676) with 200 queries.
Average Recall: 0.6376
Initial average recall with ef=100: 0.627833
Average Recall: 0.69695
Initial average recall with ef=150: 0.688444
Weighted average ef: 1838.36
Training convergence-bucket 4 [56.8676, 61.9647) with 200 queries.
Average Recall: 0.7088
Initial average recall with ef=100: 0.704451
Average Recall: 0.76775
Initial average recall with ef=150: 0.76456
Recall diff is too small for 1 consecutive steps, break.
Recall diff is too small for 1 consecutive steps, break.
Weighted average ef: 1225.39
Training convergence-bucket 5 [61.9647, 66.9521) with 200 queries.
Average Recall: 0.7904
Initial average recall with ef=100: 0.777374
Average Recall: 0.83815
Initial average recall with ef=150: 0.82743
Recall diff is too small for 1 consecutive steps, break.
Weighted average ef: 804.88
Training convergence-bucket 6 [66.9521, 71.7006) with 200 queries.
Average Recall: 0.8508
Initial average recall with ef=100: 0.844783
Average Recall: 0.8906
Initial average recall with ef=150: 0.885543
Weighted average ef: 597.31
Training convergence-bucket 7 [71.7006, 76.0596) with 200 queries.
Average Recall: 0.89845
Initial average recall with ef=100: 0.889882
Average Recall: 0.93055
Initial average recall with ef=150: 0.924556
Weighted average ef: 297.705
Training convergence-bucket 8 [76.0596, 80.6096) with 200 queries.
Average Recall: 0.9365
Initial average recall with ef=100: 0.936441
Average Recall: 0.957
Initial average recall with ef=150: 0.957119
Recall diff is too small for 1 consecutive steps, break.
Recall diff is too small for 1 consecutive steps, break.
Weighted average ef: 179.485
Training convergence-bucket 9 [80.6096, inf) with 200 queries.
Average Recall: 0.968751
Initial average recall with ef=100: 0.970615
Average Recall: 0.9815
Initial average recall with ef=150: 0.983352
Weighted average ef: 107.5
Reconstructed True WAE: 1434.95 (Hard Pct: 0.0084)
****Weighted average ef: 1434
Search time: 40714 ms
Search time: 40660 ms
Search time: 40543 ms
Average Recall: 0.9788
5th percentile recall: 0.92
1st percentile recall: 0.87
Median search time: 40660 ms
Search times: 40543 ms, 40660 ms, 40714 ms, 
glove-100-angular experiment results:
statisc_length, time, avg_recall, 5th_percentile_recall, 1st_percentile_recall, recall_above_99, recall_above_95, recall_above_90
1000, 40660, 0.9788, 0.92, 0.87, 5971, 8199, 9667
Experiment finished


Visited list size: 2000


Loading samplings from /home/ryawszn/experiments/shiro-ef/sampling/glove-100-angular-samplings--k100-ef.bin
Samplings loaded from /home/ryawszn/experiments/shiro-ef/sampling/glove-100-angular-samplings--k100-ef.bin
Average Recall: 0.727104
Initial average recall with ef=100: 0.726864
Average Recall: 0.770668
Initial average recall with ef=150: 0.770578
Weighted average ef: 1617.26
EF-estimation table computing time: 26148 ms
Training convergence-bucket 0 [28.1122, 46.7444) with 200 queries.
Average Recall: 0.3951
Initial average recall with ef=100: 0.388177
Average Recall: 0.4481
Initial average recall with ef=150: 0.441927
Recall diff is too small for 1 consecutive steps, break.
Recall diff is too small for 1 consecutive steps, break.
Recall diff is too small for 1 consecutive steps, break.
Weighted average ef: 4356.67
Training convergence-bucket 1 [46.7444, 52.7404) with 200 queries.
Average Recall: 0.4498
Initial average recall with ef=100: 0.437047
Average Recall: 0.5062
Initial average recall with ef=150: 0.493731
Recall diff is too small for 1 consecutive steps, break.
Weighted average ef: 3974.87
Training convergence-bucket 2 [52.7404, 58.5006) with 200 queries.
Average Recall: 0.53445
Initial average recall with ef=100: 0.529947
Average Recall: 0.59775
Initial average recall with ef=150: 0.592105
Recall diff is too small for 1 consecutive steps, break.
Recall diff is too small for 1 consecutive steps, break.
Recall diff is too small for 1 consecutive steps, break.
Weighted average ef: 2675.82
Training convergence-bucket 3 [58.5006, 63.4889) with 200 queries.
Average Recall: 0.6428
Initial average recall with ef=100: 0.638054
Average Recall: 0.7046
Initial average recall with ef=150: 0.69973
Recall diff is too small for 1 consecutive steps, break.
Weighted average ef: 1732.99
Training convergence-bucket 4 [63.4889, 68.356) with 200 queries.
Average Recall: 0.7385
Initial average recall with ef=100: 0.733915
Average Recall: 0.7989
Initial average recall with ef=150: 0.794709
Weighted average ef: 1090.93
Training convergence-bucket 5 [68.356, 73.5803) with 200 queries.
Average Recall: 0.811
Initial average recall with ef=100: 0.809412
Average Recall: 0.85845
Initial average recall with ef=150: 0.856738
Recall diff is too small for 1 consecutive steps, break.
Weighted average ef: 689.785
Training convergence-bucket 6 [73.5803, 78.081) with 200 queries.
Average Recall: 0.86525
Initial average recall with ef=100: 0.852325
Average Recall: 0.9015
Initial average recall with ef=150: 0.890407
Recall diff is too small for 1 consecutive steps, break.
Weighted average ef: 457.17
Training convergence-bucket 7 [78.081, 81.3358) with 200 queries.
Average Recall: 0.9052
Initial average recall with ef=100: 0.903934
Average Recall: 0.9346
Initial average recall with ef=150: 0.933333
Recall diff is too small for 1 consecutive steps, break.
Weighted average ef: 296.735
Training convergence-bucket 8 [81.3358, 84.9856) with 200 queries.
Average Recall: 0.95005
Initial average recall with ef=100: 0.953785
Average Recall: 0.969
Initial average recall with ef=150: 0.972486
Weighted average ef: 120.51
Training convergence-bucket 9 [84.9856, inf) with 200 queries.
Average Recall: 0.978901
Initial average recall with ef=100: 0.983104
Average Recall: 0.9876
Initial average recall with ef=150: 0.991092
Weighted average ef: 92.5
Reconstructed True WAE: 1382.03 (Hard Pct: 0.0084)
****Weighted average ef: 1382
Search time: 39272 ms
Search time: 39515 ms
Search time: 39794 ms
Average Recall: 0.977658
5th percentile recall: 0.92
1st percentile recall: 0.88
Median search time: 39515 ms
Search times: 39272 ms, 39515 ms, 39794 ms, 
glove-100-angular experiment results:
statisc_length, time, avg_recall, 5th_percentile_recall, 1st_percentile_recall, recall_above_99, recall_above_95, recall_above_90
2000, 39515, 0.977658, 0.92, 0.88, 5665, 8037, 9694
Experiment finished


Visited list size: 33


Loading samplings from /home/ryawszn/experiments/shiro-ef/sampling/glove-100-angular-samplings--k100-ef.bin
Samplings loaded from /home/ryawszn/experiments/shiro-ef/sampling/glove-100-angular-samplings--k100-ef.bin
Average Recall: 0.727104
Initial average recall with ef=100: 0.727189
Average Recall: 0.770668
Initial average recall with ef=150: 0.770761
Recall diff is too small for 1 consecutive steps, break.
Weighted average ef: 1829.47
EF-estimation table computing time: 29150 ms
Training convergence-bucket 0 [0, 0) with 200 queries.
Average Recall: 0.7518
Initial average recall with ef=100: 0.738037
Average Recall: 0.795
Initial average recall with ef=150: 0.781779
Recall diff is too small for 1 consecutive steps, break.
Recall diff is too small for 1 consecutive steps, break.
Recall diff is too small for 1 consecutive steps, break.
Recall diff is too small for 1 consecutive steps, break.
Recall diff is too small for 1 consecutive steps, break.
Weighted average ef: 1376.14
Training convergence-bucket 1 [0, 0) with 200 queries.
Average Recall: 0.7586
Initial average recall with ef=100: 0.738521
Average Recall: 0.8053
Initial average recall with ef=150: 0.78645
Recall diff is too small for 1 consecutive steps, break.
Recall diff is too small for 1 consecutive steps, break.
Recall diff is too small for 1 consecutive steps, break.
Recall diff is too small for 1 consecutive steps, break.
Recall diff is too small for 1 consecutive steps, break.
Recall diff is too small for 1 consecutive steps, break.
Weighted average ef: 1435.64
Training convergence-bucket 2 [0, 0) with 200 queries.
Average Recall: 0.74965
Initial average recall with ef=100: 0.746144
Average Recall: 0.7965
Initial average recall with ef=150: 0.793203
Recall diff is too small for 1 consecutive steps, break.
Weighted average ef: 1136.22
Training convergence-bucket 3 [0, 0) with 200 queries.
Average Recall: 0.7512
Initial average recall with ef=100: 0.723671
Average Recall: 0.79525
Initial average recall with ef=150: 0.76924
Recall diff is too small for 1 consecutive steps, break.
Weighted average ef: 1253.72
Training convergence-bucket 4 [0, 0) with 200 queries.
Average Recall: 0.75075
Initial average recall with ef=100: 0.728012
Average Recall: 0.7939
Initial average recall with ef=150: 0.773354
Recall diff is too small for 1 consecutive steps, break.
Recall diff is too small for 1 consecutive steps, break.
Recall diff is too small for 1 consecutive steps, break.
Weighted average ef: 1295.31
Training convergence-bucket 5 [0, 0) with 200 queries.
Average Recall: 0.7265
Initial average recall with ef=100: 0.70038
Average Recall: 0.76865
Initial average recall with ef=150: 0.742975
Recall diff is too small for 1 consecutive steps, break.
Recall diff is too small for 1 consecutive steps, break.
Weighted average ef: 1713.76
Training convergence-bucket 6 [0, 0) with 200 queries.
Average Recall: 0.61255
Initial average recall with ef=100: 0.57872
Average Recall: 0.65555
Initial average recall with ef=150: 0.620305
Recall diff is too small for 1 consecutive steps, break.
Recall diff is too small for 1 consecutive steps, break.
Weighted average ef: 2690.92
Training convergence-bucket 7 [0, 0) with 200 queries.
Average Recall: 0.7021
Initial average recall with ef=100: 0.688333
Average Recall: 0.7485
Initial average recall with ef=150: 0.735513
Weighted average ef: 1704.29
Training convergence-bucket 8 [0, 0.0212053) with 200 queries.
Average Recall: 0.7349
Initial average recall with ef=100: 0.706957
Average Recall: 0.7734
Initial average recall with ef=150: 0.748261
Recall diff is too small for 1 consecutive steps, break.
Recall diff is too small for 1 consecutive steps, break.
Recall diff is too small for 1 consecutive steps, break.
Recall diff is too small for 1 consecutive steps, break.
Recall diff is too small for 1 consecutive steps, break.
Recall diff is too small for 1 consecutive steps, break.
Recall diff is too small for 1 consecutive steps, break.
Weighted average ef: 1802.61
Training convergence-bucket 9 [0.0212053, inf) with 200 queries.
Average Recall: 0.733
Initial average recall with ef=100: 0.70673
Average Recall: 0.77465
Initial average recall with ef=150: 0.750189
Recall diff is too small for 1 consecutive steps, break.
Weighted average ef: 1873.58
Reconstructed True WAE: 1620.65 (Hard Pct: 0.0084)
****Weighted average ef: 1620
Search time: 32255 ms
Search time: 32157 ms
Search time: 32244 ms
Average Recall: 0.961004
5th percentile recall: 0.83
1st percentile recall: 0.74
Median search time: 32244 ms
Search times: 32157 ms, 32244 ms, 32255 ms, 
glove-100-angular experiment results:
statisc_length, time, avg_recall, 5th_percentile_recall, 1st_percentile_recall, recall_above_99, recall_above_95, recall_above_90
33, 32244, 0.961004, 0.83, 0.74, 5701, 7137, 8431
Experiment finished


Visited list size: 1025


Loading samplings from /home/ryawszn/experiments/shiro-ef/sampling/glove-100-angular-samplings--k100-ef.bin
Samplings loaded from /home/ryawszn/experiments/shiro-ef/sampling/glove-100-angular-samplings--k100-ef.bin
Average Recall: 0.727104
Initial average recall with ef=100: 0.727344
Average Recall: 0.770668
Initial average recall with ef=150: 0.77093
Recall diff is too small for 1 consecutive steps, break.
Weighted average ef: 1690.15
EF-estimation table computing time: 28695 ms
Training convergence-bucket 0 [11.9239, 36.5612) with 200 queries.
Average Recall: 0.45775
Initial average recall with ef=100: 0.434202
Average Recall: 0.5046
Initial average recall with ef=150: 0.481489
Weighted average ef: 4369.62
Training convergence-bucket 1 [36.5612, 44.32) with 200 queries.
Average Recall: 0.4665
Initial average recall with ef=100: 0.442582
Average Recall: 0.5241
Initial average recall with ef=150: 0.500549
Recall diff is too small for 1 consecutive steps, break.
Recall diff is too small for 1 consecutive steps, break.
Recall diff is too small for 1 consecutive steps, break.
Weighted average ef: 3776.78
Training convergence-bucket 2 [44.32, 51.3519) with 200 queries.
Average Recall: 0.5554
Initial average recall with ef=100: 0.541087
Average Recall: 0.61685
Initial average recall with ef=150: 0.604402
Recall diff is too small for 1 consecutive steps, break.
Weighted average ef: 2805.55
Training convergence-bucket 3 [51.3519, 57.3494) with 200 queries.
Average Recall: 0.631
Initial average recall with ef=100: 0.620449
Average Recall: 0.69215
Initial average recall with ef=150: 0.680674
Weighted average ef: 1928.91
Training convergence-bucket 4 [57.3494, 62.36) with 200 queries.
Average Recall: 0.71275
Initial average recall with ef=100: 0.697614
Average Recall: 0.76865
Initial average recall with ef=150: 0.757045
Weighted average ef: 1212.92
Training convergence-bucket 5 [62.36, 67.4098) with 200 queries.
Average Recall: 0.79205
Initial average recall with ef=100: 0.781492
Average Recall: 0.8402
Initial average recall with ef=150: 0.831713
Weighted average ef: 813.325
Training convergence-bucket 6 [67.4098, 72.0157) with 200 queries.
Average Recall: 0.8497
Initial average recall with ef=100: 0.843046
Average Recall: 0.89005
Initial average recall with ef=150: 0.885287
Weighted average ef: 551.17
Training convergence-bucket 7 [72.0157, 76.1974) with 200 queries.
Average Recall: 0.90275
Initial average recall with ef=100: 0.900177
Average Recall: 0.9333
Initial average recall with ef=150: 0.932249
Recall diff is too small for 1 consecutive steps, break.
Weighted average ef: 243.29
Training convergence-bucket 8 [76.1974, 80.8181) with 200 queries.
Average Recall: 0.9334
Initial average recall with ef=100: 0.936292
Average Recall: 0.9541
Initial average recall with ef=150: 0.956348
Recall diff is too small for 1 consecutive steps, break.
Recall diff is too small for 1 consecutive steps, break.
Weighted average ef: 190.01
Training convergence-bucket 9 [80.8181, inf) with 200 queries.
Average Recall: 0.969751
Initial average recall with ef=100: 0.974066
Average Recall: 0.9827
Initial average recall with ef=150: 0.985824
Weighted average ef: 99.5
Reconstructed True WAE: 1436.64 (Hard Pct: 0.0084)
****Weighted average ef: 1436
Search time: 40804 ms
Search time: 40721 ms
Search time: 40844 ms
Average Recall: 0.978862
5th percentile recall: 0.92
1st percentile recall: 0.87
Median search time: 40804 ms
Search times: 40721 ms, 40804 ms, 40844 ms, 
glove-100-angular experiment results:
statisc_length, time, avg_recall, 5th_percentile_recall, 1st_percentile_recall, recall_above_99, recall_above_95, recall_above_90
1025, 40804, 0.978862, 0.92, 0.87, 5956, 8213, 9680
Experiment finished
Dataset: word2vec-300-angular
Metric: cd
Truncation ratio: 0.5
Normalize the data vectors
Data vectors dimensions: 1000000 x 300
Query vectors dimensions: 1000 x 300
Neighbors dimensions: 1000 x 100
Using AVX512 Inner Product distance
Index loaded
Dimension of space:300
Data size of space:1200
Samplings loaded


Visited list size: 100


Loading samplings from /home/ryawszn/experiments/shiro-ef/sampling/word2vec-300-angular-samplings--k100-ef.bin
Samplings loaded from /home/ryawszn/experiments/shiro-ef/sampling/word2vec-300-angular-samplings--k100-ef.bin
Average Recall: 0.814942
Initial average recall with ef=100: 0.815928
Average Recall: 0.863051
Initial average recall with ef=150: 0.864002
Weighted average ef: 458.849
EF-estimation table computing time: 10216 ms
Training convergence-bucket 0 [0, 1.5386) with 200 queries.
Average Recall: 0.82505
Initial average recall with ef=100: 0.820526
Average Recall: 0.875201
Initial average recall with ef=150: 0.871776
Recall diff is too small for 1 consecutive steps, break.
Recall diff is too small for 1 consecutive steps, break.
Recall diff is too small for 1 consecutive steps, break.
Weighted average ef: 320.83
Training convergence-bucket 1 [1.5386, 5.52896) with 200 queries.
Average Recall: 0.81675
Initial average recall with ef=100: 0.804351
Average Recall: 0.86715
Initial average recall with ef=150: 0.858312
Recall diff is too small for 1 consecutive steps, break.
Recall diff is too small for 1 consecutive steps, break.
Weighted average ef: 335.935
Training convergence-bucket 2 [5.52896, 9.36049) with 200 queries.
Average Recall: 0.8195
Initial average recall with ef=100: 0.824877
Average Recall: 0.8669
Initial average recall with ef=150: 0.873087
Weighted average ef: 351.805
Training convergence-bucket 3 [9.36049, 13.1856) with 200 queries.
Average Recall: 0.77665
Initial average recall with ef=100: 0.764877
Average Recall: 0.82905
Initial average recall with ef=150: 0.82
Recall diff is too small for 1 consecutive steps, break.
Recall diff is too small for 1 consecutive steps, break.
Recall diff is too small for 1 consecutive steps, break.
Weighted average ef: 497.13
Training convergence-bucket 4 [13.1856, 17.3553) with 200 queries.
Average Recall: 0.7922
Initial average recall with ef=100: 0.773742
Average Recall: 0.8432
Initial average recall with ef=150: 0.829048
Weighted average ef: 432.73
Training convergence-bucket 5 [17.3553, 22.0667) with 200 queries.
Average Recall: 0.8141
Initial average recall with ef=100: 0.806486
Average Recall: 0.8649
Initial average recall with ef=150: 0.85946
Recall diff is too small for 1 consecutive steps, break.
Weighted average ef: 352.94
Training convergence-bucket 6 [22.0667, 27.5172) with 200 queries.
Average Recall: 0.7733
Initial average recall with ef=100: 0.758452
Average Recall: 0.8266
Initial average recall with ef=150: 0.816194
Recall diff is too small for 1 consecutive steps, break.
Recall diff is too small for 1 consecutive steps, break.
Weighted average ef: 493.75
Training convergence-bucket 7 [27.5172, 34.3256) with 200 queries.
Average Recall: 0.7985
Initial average recall with ef=100: 0.786178
Average Recall: 0.85025
Initial average recall with ef=150: 0.838344
Recall diff is too small for 1 consecutive steps, break.
Recall diff is too small for 1 consecutive steps, break.
Recall diff is too small for 1 consecutive steps, break.
Weighted average ef: 404.795
Training convergence-bucket 8 [34.3256, 43.966) with 200 queries.
Average Recall: 0.847801
Initial average recall with ef=100: 0.846169
Average Recall: 0.8886
Initial average recall with ef=150: 0.887598
Recall diff is too small for 1 consecutive steps, break.
Weighted average ef: 311.66
Training convergence-bucket 9 [43.966, inf) with 200 queries.
Average Recall: 0.8856
Initial average recall with ef=100: 0.922954
Average Recall: 0.9187
Initial average recall with ef=150: 0.949394
Recall diff is too small for 1 consecutive steps, break.
Weighted average ef: 150.54
Reconstructed True WAE: 352.652 (Hard Pct: 0.02505)
****Weighted average ef: 352
Search time: 1293 ms
Search time: 1280 ms
Search time: 1325 ms
Average Recall: 0.97496
5th percentile recall: 0.88
1st percentile recall: 0.8
Median search time: 1293 ms
Search times: 1280 ms, 1293 ms, 1325 ms, 
word2vec-300-angular experiment results:
statisc_length, time, avg_recall, 5th_percentile_recall, 1st_percentile_recall, recall_above_99, recall_above_95, recall_above_90
100, 1293, 0.97496, 0.88, 0.8, 644, 817, 923
Experiment finished


Visited list size: 250


Loading samplings from /home/ryawszn/experiments/shiro-ef/sampling/word2vec-300-angular-samplings--k100-ef.bin
Samplings loaded from /home/ryawszn/experiments/shiro-ef/sampling/word2vec-300-angular-samplings--k100-ef.bin
Average Recall: 0.814942
Initial average recall with ef=100: 0.816323
Average Recall: 0.863051
Initial average recall with ef=150: 0.86445
Weighted average ef: 460.885
EF-estimation table computing time: 10486 ms
Training convergence-bucket 0 [0.917878, 21.0308) with 200 queries.
Average Recall: 0.7366
Initial average recall with ef=100: 0.715939
Average Recall: 0.8026
Initial average recall with ef=150: 0.787273
Recall diff is too small for 1 consecutive steps, break.
Recall diff is too small for 1 consecutive steps, break.
Weighted average ef: 591.59
Training convergence-bucket 1 [21.0308, 27.3371) with 200 queries.
Average Recall: 0.7026
Initial average recall with ef=100: 0.689767
Average Recall: 0.7733
Initial average recall with ef=150: 0.764477
Weighted average ef: 666.04
Training convergence-bucket 2 [27.3371, 32.5569) with 200 queries.
Average Recall: 0.70525
Initial average recall with ef=100: 0.688963
Average Recall: 0.76965
Initial average recall with ef=150: 0.760244
Recall diff is too small for 1 consecutive steps, break.
Recall diff is too small for 1 consecutive steps, break.
Recall diff is too small for 1 consecutive steps, break.
Weighted average ef: 609.4
Training convergence-bucket 3 [32.5569, 36.9901) with 200 queries.
Average Recall: 0.72685
Initial average recall with ef=100: 0.696471
Average Recall: 0.7863
Initial average recall with ef=150: 0.757843
Recall diff is too small for 1 consecutive steps, break.
Recall diff is too small for 1 consecutive steps, break.
Recall diff is too small for 1 consecutive steps, break.
Weighted average ef: 595.975
Training convergence-bucket 4 [36.9901, 42.1494) with 200 queries.
Average Recall: 0.78275
Initial average recall with ef=100: 0.768075
Average Recall: 0.8389
Initial average recall with ef=150: 0.827453
Recall diff is too small for 1 consecutive steps, break.
Recall diff is too small for 1 consecutive steps, break.
Recall diff is too small for 1 consecutive steps, break.
Weighted average ef: 416.34
Training convergence-bucket 5 [42.1494, 47.0294) with 200 queries.
Average Recall: 0.8336
Initial average recall with ef=100: 0.838581
Average Recall: 0.88165
Initial average recall with ef=150: 0.886622
Weighted average ef: 293.36
Training convergence-bucket 6 [47.0294, 52.4305) with 200 queries.
Average Recall: 0.88605
Initial average recall with ef=100: 0.913665
Average Recall: 0.92125
Initial average recall with ef=150: 0.942671
Weighted average ef: 196.97
Training convergence-bucket 7 [52.4305, 57.3667) with 200 queries.
Average Recall: 0.90175
Initial average recall with ef=100: 0.913176
Average Recall: 0.93475
Initial average recall with ef=150: 0.944765
Weighted average ef: 198.765
Training convergence-bucket 8 [57.3667, 63.1262) with 200 queries.
Average Recall: 0.9292
Initial average recall with ef=100: 0.93259
Average Recall: 0.956451
Initial average recall with ef=150: 0.96012
Weighted average ef: 138.335
Training convergence-bucket 9 [63.1262, inf) with 200 queries.
Average Recall: 0.9448
Initial average recall with ef=100: 0.9456
Average Recall: 0.9657
Initial average recall with ef=150: 0.966629
Weighted average ef: 130.1
Reconstructed True WAE: 322.803 (Hard Pct: 0.02505)
****Weighted average ef: 322
Search time: 1285 ms
Search time: 1340 ms
Search time: 1326 ms
Average Recall: 0.97598
5th percentile recall: 0.89
1st percentile recall: 0.8
Median search time: 1326 ms
Search times: 1285 ms, 1326 ms, 1340 ms, 
word2vec-300-angular experiment results:
statisc_length, time, avg_recall, 5th_percentile_recall, 1st_percentile_recall, recall_above_99, recall_above_95, recall_above_90
250, 1326, 0.97598, 0.89, 0.8, 653, 827, 933
Experiment finished


Visited list size: 500


Loading samplings from /home/ryawszn/experiments/shiro-ef/sampling/word2vec-300-angular-samplings--k100-ef.bin
Samplings loaded from /home/ryawszn/experiments/shiro-ef/sampling/word2vec-300-angular-samplings--k100-ef.bin
Average Recall: 0.814942
Initial average recall with ef=100: 0.815053
Average Recall: 0.863051
Initial average recall with ef=150: 0.863397
Weighted average ef: 449.125
EF-estimation table computing time: 10236 ms
Training convergence-bucket 0 [5.27339, 34.9833) with 200 queries.
Average Recall: 0.64455
Initial average recall with ef=100: 0.63565
Average Recall: 0.726
Initial average recall with ef=150: 0.721695
Recall diff is too small for 1 consecutive steps, break.
Weighted average ef: 755.215
Training convergence-bucket 1 [34.9833, 40.8946) with 200 queries.
Average Recall: 0.62795
Initial average recall with ef=100: 0.608011
Average Recall: 0.70875
Initial average recall with ef=150: 0.692614
Recall diff is too small for 1 consecutive steps, break.
Recall diff is too small for 1 consecutive steps, break.
Weighted average ef: 788.845
Training convergence-bucket 2 [40.8946, 45.6633) with 200 queries.
Average Recall: 0.6737
Initial average recall with ef=100: 0.665886
Average Recall: 0.74265
Initial average recall with ef=150: 0.7384
Weighted average ef: 710.64
Training convergence-bucket 3 [45.6633, 51.2816) with 200 queries.
Average Recall: 0.74215
Initial average recall with ef=100: 0.741445
Average Recall: 0.8066
Initial average recall with ef=150: 0.809306
Recall diff is too small for 1 consecutive steps, break.
Recall diff is too small for 1 consecutive steps, break.
Weighted average ef: 540.77
Training convergence-bucket 4 [51.2816, 56.5281) with 200 queries.
Average Recall: 0.8396
Initial average recall with ef=100: 0.838834
Average Recall: 0.8891
Initial average recall with ef=150: 0.89043
Weighted average ef: 298.915
Training convergence-bucket 5 [56.5281, 61.4925) with 200 queries.
Average Recall: 0.87435
Initial average recall with ef=100: 0.8716
Average Recall: 0.91125
Initial average recall with ef=150: 0.909086
Recall diff is too small for 1 consecutive steps, break.
Recall diff is too small for 1 consecutive steps, break.
Weighted average ef: 289.29
Training convergence-bucket 6 [61.4925, 65.4214) with 200 queries.
Average Recall: 0.9197
Initial average recall with ef=100: 0.923952
Average Recall: 0.9493
Initial average recall with ef=150: 0.952036
Recall diff is too small for 1 consecutive steps, break.
Weighted average ef: 158.225
Training convergence-bucket 7 [65.4214, 68.9728) with 200 queries.
Average Recall: 0.9305
Initial average recall with ef=100: 0.933371
Average Recall: 0.95835
Initial average recall with ef=150: 0.960843
Weighted average ef: 148.66
Training convergence-bucket 8 [68.9728, 72.7084) with 200 queries.
Average Recall: 0.942101
Initial average recall with ef=100: 0.944629
Average Recall: 0.966
Initial average recall with ef=150: 0.968343
Recall diff is too small for 1 consecutive steps, break.
Weighted average ef: 123.955
Training convergence-bucket 9 [72.7084, inf) with 200 queries.
Average Recall: 0.95485
Initial average recall with ef=100: 0.957588
Average Recall: 0.97255
Initial average recall with ef=150: 0.975
Weighted average ef: 110.875
Reconstructed True WAE: 310.866 (Hard Pct: 0.02505)
****Weighted average ef: 310
Search time: 1284 ms
Search time: 1301 ms
Search time: 1288 ms
Average Recall: 0.97573
5th percentile recall: 0.88
1st percentile recall: 0.78
Median search time: 1288 ms
Search times: 1284 ms, 1288 ms, 1301 ms, 
word2vec-300-angular experiment results:
statisc_length, time, avg_recall, 5th_percentile_recall, 1st_percentile_recall, recall_above_99, recall_above_95, recall_above_90
500, 1288, 0.97573, 0.88, 0.78, 650, 831, 929
Experiment finished


Visited list size: 750


Loading samplings from /home/ryawszn/experiments/shiro-ef/sampling/word2vec-300-angular-samplings--k100-ef.bin
Samplings loaded from /home/ryawszn/experiments/shiro-ef/sampling/word2vec-300-angular-samplings--k100-ef.bin
Average Recall: 0.814942
Initial average recall with ef=100: 0.815925
Average Recall: 0.863051
Initial average recall with ef=150: 0.86412
Recall diff is too small for 1 consecutive steps, break.
Weighted average ef: 431.658
EF-estimation table computing time: 9953 ms
Training convergence-bucket 0 [14.3205, 41.03) with 200 queries.
Average Recall: 0.5983
Initial average recall with ef=100: 0.585251
Average Recall: 0.6776
Initial average recall with ef=150: 0.66905
Weighted average ef: 845.69
Training convergence-bucket 1 [41.03, 45.7668) with 200 queries.
Average Recall: 0.61615
Initial average recall with ef=100: 0.600884
Average Recall: 0.69825
Initial average recall with ef=150: 0.685967
Recall diff is too small for 1 consecutive steps, break.
Recall diff is too small for 1 consecutive steps, break.
Weighted average ef: 856.285
Training convergence-bucket 2 [45.7668, 51.2793) with 200 queries.
Average Recall: 0.65455
Initial average recall with ef=100: 0.650739
Average Recall: 0.735
Initial average recall with ef=150: 0.736364
Weighted average ef: 759.41
Training convergence-bucket 3 [51.2793, 58.0487) with 200 queries.
Average Recall: 0.7818
Initial average recall with ef=100: 0.776386
Average Recall: 0.84165
Initial average recall with ef=150: 0.836988
Recall diff is too small for 1 consecutive steps, break.
Recall diff is too small for 1 consecutive steps, break.
Weighted average ef: 469.425
Training convergence-bucket 4 [58.0487, 63.1309) with 200 queries.
Average Recall: 0.839649
Initial average recall with ef=100: 0.837412
Average Recall: 0.88985
Initial average recall with ef=150: 0.889235
Recall diff is too small for 1 consecutive steps, break.
Weighted average ef: 315.85
Training convergence-bucket 5 [63.1309, 67.3591) with 200 queries.
Average Recall: 0.89235
Initial average recall with ef=100: 0.892393
Average Recall: 0.92895
Initial average recall with ef=150: 0.929571
Weighted average ef: 193.87
Training convergence-bucket 6 [67.3591, 70.8556) with 200 queries.
Average Recall: 0.91785
Initial average recall with ef=100: 0.920439
Average Recall: 0.9492
Initial average recall with ef=150: 0.951319
Recall diff is too small for 1 consecutive steps, break.
Weighted average ef: 161.085
Training convergence-bucket 7 [70.8556, 73.9005) with 200 queries.
Average Recall: 0.9384
Initial average recall with ef=100: 0.935876
Average Recall: 0.9622
Initial average recall with ef=150: 0.960621
Weighted average ef: 137.085
Training convergence-bucket 8 [73.9005, 77.1416) with 200 queries.
Average Recall: 0.9526
Initial average recall with ef=100: 0.955738
Average Recall: 0.97295
Initial average recall with ef=150: 0.975284
Weighted average ef: 110.4
Training convergence-bucket 9 [77.1416, inf) with 200 queries.
Average Recall: 0.9578
Initial average recall with ef=100: 0.954458
Average Recall: 0.9749
Initial average recall with ef=150: 0.972892
Weighted average ef: 114.93
Reconstructed True WAE: 301.435 (Hard Pct: 0.02505)
****Weighted average ef: 301
Search time: 1301 ms
Search time: 1294 ms
Search time: 1291 ms
Average Recall: 0.97503
5th percentile recall: 0.89
1st percentile recall: 0.79
Median search time: 1294 ms
Search times: 1291 ms, 1294 ms, 1301 ms, 
word2vec-300-angular experiment results:
statisc_length, time, avg_recall, 5th_percentile_recall, 1st_percentile_recall, recall_above_99, recall_above_95, recall_above_90
750, 1294, 0.97503, 0.89, 0.79, 625, 821, 934
Experiment finished


Visited list size: 1000


Loading samplings from /home/ryawszn/experiments/shiro-ef/sampling/word2vec-300-angular-samplings--k100-ef.bin
Samplings loaded from /home/ryawszn/experiments/shiro-ef/sampling/word2vec-300-angular-samplings--k100-ef.bin
Average Recall: 0.814942
Initial average recall with ef=100: 0.814807
Average Recall: 0.863051
Initial average recall with ef=150: 0.863031
Recall diff is too small for 1 consecutive steps, break.
Weighted average ef: 440.908
EF-estimation table computing time: 10618 ms
Training convergence-bucket 0 [18.7028, 44.8651) with 200 queries.
Average Recall: 0.5782
Initial average recall with ef=100: 0.571989
Average Recall: 0.6576
Initial average recall with ef=150: 0.655691
Weighted average ef: 905
Training convergence-bucket 1 [44.8651, 48.7095) with 200 queries.
Average Recall: 0.60155
Initial average recall with ef=100: 0.603152
Average Recall: 0.6876
Initial average recall with ef=150: 0.69
Recall diff is too small for 1 consecutive steps, break.
Weighted average ef: 841.715
Training convergence-bucket 2 [48.7095, 54.9012) with 200 queries.
Average Recall: 0.6576
Initial average recall with ef=100: 0.649891
Average Recall: 0.7399
Initial average recall with ef=150: 0.733913
Recall diff is too small for 1 consecutive steps, break.
Recall diff is too small for 1 consecutive steps, break.
Weighted average ef: 790.64
Training convergence-bucket 3 [54.9012, 62.2252) with 200 queries.
Average Recall: 0.79625
Initial average recall with ef=100: 0.788719
Average Recall: 0.8528
Initial average recall with ef=150: 0.847256
Recall diff is too small for 1 consecutive steps, break.
Recall diff is too small for 1 consecutive steps, break.
Weighted average ef: 436.95
Training convergence-bucket 4 [62.2252, 67.0127) with 200 queries.
Average Recall: 0.85205
Initial average recall with ef=100: 0.849773
Average Recall: 0.9007
Initial average recall with ef=150: 0.9
Weighted average ef: 299.615
Training convergence-bucket 5 [67.0127, 71.0686) with 200 queries.
Average Recall: 0.88095
Initial average recall with ef=100: 0.883155
Average Recall: 0.92205
Initial average recall with ef=150: 0.923274
Weighted average ef: 220.365
Training convergence-bucket 6 [71.0686, 74.1341) with 200 queries.
Average Recall: 0.92415
Initial average recall with ef=100: 0.923684
Average Recall: 0.952
Initial average recall with ef=150: 0.951754
Weighted average ef: 150.265
Training convergence-bucket 7 [74.1341, 76.8993) with 200 queries.
Average Recall: 0.93765
Initial average recall with ef=100: 0.939773
Average Recall: 0.96245
Initial average recall with ef=150: 0.964318
Weighted average ef: 126.21
Training convergence-bucket 8 [76.8993, 79.8417) with 200 queries.
Average Recall: 0.954951
Initial average recall with ef=100: 0.955198
Average Recall: 0.9743
Initial average recall with ef=150: 0.974576
Weighted average ef: 109.88
Training convergence-bucket 9 [79.8417, inf) with 200 queries.
Average Recall: 0.9661
Initial average recall with ef=100: 0.969304
Average Recall: 0.981151
Initial average recall with ef=150: 0.983544
Weighted average ef: 91.85
Reconstructed True WAE: 288.971 (Hard Pct: 0.02505)
****Weighted average ef: 288
Search time: 1261 ms
Search time: 1250 ms
Search time: 1243 ms
Average Recall: 0.97319
5th percentile recall: 0.88
1st percentile recall: 0.79
Median search time: 1250 ms
Search times: 1243 ms, 1250 ms, 1261 ms, 
word2vec-300-angular experiment results:
statisc_length, time, avg_recall, 5th_percentile_recall, 1st_percentile_recall, recall_above_99, recall_above_95, recall_above_90
1000, 1250, 0.97319, 0.88, 0.79, 594, 803, 920
Experiment finished


Visited list size: 2000


Loading samplings from /home/ryawszn/experiments/shiro-ef/sampling/word2vec-300-angular-samplings--k100-ef.bin
Samplings loaded from /home/ryawszn/experiments/shiro-ef/sampling/word2vec-300-angular-samplings--k100-ef.bin
Average Recall: 0.815457
Initial average recall with ef=100: 0.815767
Average Recall: 0.863056
Initial average recall with ef=150: 0.863457
Weighted average ef: 437.67
EF-estimation table computing time: 10670 ms
Training convergence-bucket 0 [29.546, 53.3985) with 200 queries.
Average Recall: 0.52975
Initial average recall with ef=100: 0.529471
Average Recall: 0.61445
Initial average recall with ef=150: 0.614444
Recall diff is too small for 1 consecutive steps, break.
Weighted average ef: 922.68
Training convergence-bucket 1 [53.3985, 57.6828) with 200 queries.
Average Recall: 0.61415
Initial average recall with ef=100: 0.617447
Average Recall: 0.7033
Initial average recall with ef=150: 0.703936
Recall diff is too small for 1 consecutive steps, break.
Weighted average ef: 913.715
Training convergence-bucket 2 [57.6828, 64.1108) with 200 queries.
Average Recall: 0.67555
Initial average recall with ef=100: 0.66954
Average Recall: 0.75395
Initial average recall with ef=150: 0.749885
Recall diff is too small for 1 consecutive steps, break.
Weighted average ef: 769.515
Training convergence-bucket 3 [64.1108, 69.8817) with 200 queries.
Average Recall: 0.7753
Initial average recall with ef=100: 0.769419
Average Recall: 0.835
Initial average recall with ef=150: 0.829767
Recall diff is too small for 1 consecutive steps, break.
Weighted average ef: 563.445
Training convergence-bucket 4 [69.8817, 73.8769) with 200 queries.
Average Recall: 0.85675
Initial average recall with ef=100: 0.854713
Average Recall: 0.9028
Initial average recall with ef=150: 0.901437
Weighted average ef: 265.45
Training convergence-bucket 5 [73.8769, 77.4268) with 200 queries.
Average Recall: 0.88795
Initial average recall with ef=100: 0.891371
Average Recall: 0.9268
Initial average recall with ef=150: 0.930171
Weighted average ef: 192.86
Training convergence-bucket 6 [77.4268, 80.3123) with 200 queries.
Average Recall: 0.924701
Initial average recall with ef=100: 0.926207
Average Recall: 0.9544
Initial average recall with ef=150: 0.95546
Weighted average ef: 151.41
Training convergence-bucket 7 [80.3123, 82.5208) with 200 queries.
Average Recall: 0.95035
Initial average recall with ef=100: 0.949657
Average Recall: 0.970951
Initial average recall with ef=150: 0.970514
Weighted average ef: 111.5
Training convergence-bucket 8 [82.5208, 84.7555) with 200 queries.
Average Recall: 0.962151
Initial average recall with ef=100: 0.961348
Average Recall: 0.97965
Initial average recall with ef=150: 0.979101
Weighted average ef: 100.93
Training convergence-bucket 9 [84.7555, inf) with 200 queries.
Average Recall: 0.97795
Initial average recall with ef=100: 0.980805
Average Recall: 0.9893
Initial average recall with ef=150: 0.991149
Weighted average ef: 89.75
Reconstructed True WAE: 303.96 (Hard Pct: 0.02505)
****Weighted average ef: 303
Search time: 1397 ms
Search time: 1399 ms
Search time: 1357 ms
Average Recall: 0.97461
5th percentile recall: 0.89
1st percentile recall: 0.81
Median search time: 1397 ms
Search times: 1357 ms, 1397 ms, 1399 ms, 
word2vec-300-angular experiment results:
statisc_length, time, avg_recall, 5th_percentile_recall, 1st_percentile_recall, recall_above_99, recall_above_95, recall_above_90
2000, 1397, 0.97461, 0.89, 0.81, 604, 811, 931
Experiment finished


Visited list size: 33


Loading samplings from /home/ryawszn/experiments/shiro-ef/sampling/word2vec-300-angular-samplings--k100-ef.bin
Samplings loaded from /home/ryawszn/experiments/shiro-ef/sampling/word2vec-300-angular-samplings--k100-ef.bin
Average Recall: 0.814942
Initial average recall with ef=100: 0.815358
Average Recall: 0.863051
Initial average recall with ef=150: 0.86344
Weighted average ef: 478.015
EF-estimation table computing time: 10481 ms
Training convergence-bucket 0 [0, 0) with 200 queries.
Average Recall: 0.8861
Initial average recall with ef=100: 0.875235
Average Recall: 0.92225
Initial average recall with ef=150: 0.913893
Recall diff is too small for 1 consecutive steps, break.
Weighted average ef: 236.895
Training convergence-bucket 1 [0, 0) with 200 queries.
Average Recall: 0.8892
Initial average recall with ef=100: 0.891698
Average Recall: 0.92595
Initial average recall with ef=150: 0.927987
Recall diff is too small for 1 consecutive steps, break.
Weighted average ef: 194.355
Training convergence-bucket 2 [0, 0) with 200 queries.
Average Recall: 0.89295
Initial average recall with ef=100: 0.884
Average Recall: 0.92975
Initial average recall with ef=150: 0.923355
Weighted average ef: 230.67
Training convergence-bucket 3 [0, 0) with 200 queries.
Average Recall: 0.8864
Initial average recall with ef=100: 0.882483
Average Recall: 0.92305
Initial average recall with ef=150: 0.918966
Recall diff is too small for 1 consecutive steps, break.
Weighted average ef: 212.36
Training convergence-bucket 4 [0, 0) with 200 queries.
Average Recall: 0.74075
Initial average recall with ef=100: 0.701419
Average Recall: 0.799401
Initial average recall with ef=150: 0.767871
Recall diff is too small for 1 consecutive steps, break.
Weighted average ef: 571.845
Training convergence-bucket 5 [0, 0) with 200 queries.
Average Recall: 0.64445
Initial average recall with ef=100: 0.624675
Average Recall: 0.7179
Initial average recall with ef=150: 0.703314
Recall diff is too small for 1 consecutive steps, break.
Recall diff is too small for 1 consecutive steps, break.
Weighted average ef: 756.915
Training convergence-bucket 6 [0, 0) with 200 queries.
Average Recall: 0.7107
Initial average recall with ef=100: 0.670123
Average Recall: 0.78125
Initial average recall with ef=150: 0.749444
Recall diff is too small for 1 consecutive steps, break.
Recall diff is too small for 1 consecutive steps, break.
Recall diff is too small for 1 consecutive steps, break.
Weighted average ef: 604.17
Training convergence-bucket 7 [0, 0) with 200 queries.
Average Recall: 0.8965
Initial average recall with ef=100: 0.899352
Average Recall: 0.93075
Initial average recall with ef=150: 0.933309
Weighted average ef: 170.595
Training convergence-bucket 8 [0, 3.14714) with 200 queries.
Average Recall: 0.83785
Initial average recall with ef=100: 0.835555
Average Recall: 0.87985
Initial average recall with ef=150: 0.878264
Recall diff is too small for 1 consecutive steps, break.
Weighted average ef: 330.41
Training convergence-bucket 9 [3.14714, inf) with 200 queries.
Average Recall: 0.76455
Initial average recall with ef=100: 0.743791
Average Recall: 0.8204
Initial average recall with ef=150: 0.803987
Recall diff is too small for 1 consecutive steps, break.
Recall diff is too small for 1 consecutive steps, break.
Weighted average ef: 536.74
Reconstructed True WAE: 324.206 (Hard Pct: 0.02505)
****Weighted average ef: 324
Search time: 1131 ms
Search time: 1130 ms
Search time: 1143 ms
Average Recall: 0.96863
5th percentile recall: 0.85
1st percentile recall: 0.75
Median search time: 1131 ms
Search times: 1130 ms, 1131 ms, 1143 ms, 
word2vec-300-angular experiment results:
statisc_length, time, avg_recall, 5th_percentile_recall, 1st_percentile_recall, recall_above_99, recall_above_95, recall_above_90
33, 1131, 0.96863, 0.85, 0.75, 595, 767, 896
Experiment finished


Visited list size: 1025


Loading samplings from /home/ryawszn/experiments/shiro-ef/sampling/word2vec-300-angular-samplings--k100-ef.bin
Samplings loaded from /home/ryawszn/experiments/shiro-ef/sampling/word2vec-300-angular-samplings--k100-ef.bin
Average Recall: 0.814942
Initial average recall with ef=100: 0.815848
Average Recall: 0.863051
Initial average recall with ef=150: 0.86389
Recall diff is too small for 1 consecutive steps, break.
Recall diff is too small for 1 consecutive steps, break.
Weighted average ef: 437.12
EF-estimation table computing time: 10425 ms
Training convergence-bucket 0 [16.7157, 45.4324) with 200 queries.
Average Recall: 0.57135
Initial average recall with ef=100: 0.570765
Average Recall: 0.65215
Initial average recall with ef=150: 0.655191
Weighted average ef: 910.955
Training convergence-bucket 1 [45.4324, 49.0301) with 200 queries.
Average Recall: 0.60335
Initial average recall with ef=100: 0.605464
Average Recall: 0.6891
Initial average recall with ef=150: 0.691749
Recall diff is too small for 1 consecutive steps, break.
Weighted average ef: 862.14
Training convergence-bucket 2 [49.0301, 55.234) with 200 queries.
Average Recall: 0.66035
Initial average recall with ef=100: 0.656167
Average Recall: 0.74275
Initial average recall with ef=150: 0.737389
Recall diff is too small for 1 consecutive steps, break.
Recall diff is too small for 1 consecutive steps, break.
Weighted average ef: 763.465
Training convergence-bucket 3 [55.234, 62.4334) with 200 queries.
Average Recall: 0.79625
Initial average recall with ef=100: 0.792454
Average Recall: 0.8523
Initial average recall with ef=150: 0.849755
Recall diff is too small for 1 consecutive steps, break.
Recall diff is too small for 1 consecutive steps, break.
Weighted average ef: 436.295
Training convergence-bucket 4 [62.4334, 67.152) with 200 queries.
Average Recall: 0.84685
Initial average recall with ef=100: 0.845575
Average Recall: 0.89615
Initial average recall with ef=150: 0.895517
Weighted average ef: 304.035
Training convergence-bucket 5 [67.152, 71.2249) with 200 queries.
Average Recall: 0.88475
Initial average recall with ef=100: 0.88689
Average Recall: 0.9261
Initial average recall with ef=150: 0.927927
Recall diff is too small for 1 consecutive steps, break.
Weighted average ef: 204.79
Training convergence-bucket 6 [71.2249, 74.3644) with 200 queries.
Average Recall: 0.9248
Initial average recall with ef=100: 0.920588
Average Recall: 0.95235
Initial average recall with ef=150: 0.949765
Weighted average ef: 154.235
Training convergence-bucket 7 [74.3644, 77.2476) with 200 queries.
Average Recall: 0.94
Initial average recall with ef=100: 0.938197
Average Recall: 0.96325
Initial average recall with ef=150: 0.961694
Weighted average ef: 139.645
Training convergence-bucket 8 [77.2476, 80.0452) with 200 queries.
Average Recall: 0.9551
Initial average recall with ef=100: 0.957811
Average Recall: 0.9752
Initial average recall with ef=150: 0.977574
Weighted average ef: 101
Training convergence-bucket 9 [80.0452, inf) with 200 queries.
Average Recall: 0.96665
Initial average recall with ef=100: 0.968095
Average Recall: 0.9812
Initial average recall with ef=150: 0.982857
Weighted average ef: 97.715
Reconstructed True WAE: 289.225 (Hard Pct: 0.02505)
****Weighted average ef: 289
Search time: 1265 ms
Search time: 1239 ms
Search time: 1239 ms
Average Recall: 0.9731
5th percentile recall: 0.88
1st percentile recall: 0.8
Median search time: 1239 ms
Search times: 1239 ms, 1239 ms, 1265 ms, 
word2vec-300-angular experiment results:
statisc_length, time, avg_recall, 5th_percentile_recall, 1st_percentile_recall, recall_above_99, recall_above_95, recall_above_90
1025, 1239, 0.9731, 0.88, 0.8, 588, 805, 920
Experiment finished
Dataset: sift10m-128-euclidean
Metric: l2
Truncation ratio: 0.5
Data vectors dimensions: 10000000 x 128
Query vectors dimensions: 1000 x 128
Neighbors dimensions: 1000 x 100
Index loaded
Dimension of space:128
Data size of space:512
Samplings loaded


Visited list size: 100


Loading samplings from /home/ryawszn/experiments/shiro-ef/sampling/sift10m-128-euclidean-samplings--k100-ef.bin
Samplings loaded from /home/ryawszn/experiments/shiro-ef/sampling/sift10m-128-euclidean-samplings--k100-ef.bin
Average Recall: 0.858047
Initial average recall with ef=100: 0.859199
Average Recall: 0.903755
Initial average recall with ef=150: 0.904765
Weighted average ef: 303.602
EF-estimation table computing time: 6478 ms
Training convergence-bucket 0 [0, 2.117) with 200 queries.
Average Recall: 0.8519
Initial average recall with ef=100: 0.856527
Average Recall: 0.9033
Initial average recall with ef=150: 0.905569
Recall diff is too small for 1 consecutive steps, break.
Weighted average ef: 257.065
Training convergence-bucket 1 [2.117, 5.52947) with 200 queries.
Average Recall: 0.8488
Initial average recall with ef=100: 0.857791
Average Recall: 0.8971
Initial average recall with ef=150: 0.902822
Recall diff is too small for 1 consecutive steps, break.
Weighted average ef: 242.88
Training convergence-bucket 2 [5.52947, 9.15133) with 200 queries.
Average Recall: 0.84795
Initial average recall with ef=100: 0.857273
Average Recall: 0.8969
Initial average recall with ef=150: 0.903879
Weighted average ef: 241.93
Training convergence-bucket 3 [9.15133, 14.4436) with 200 queries.
Average Recall: 0.8511
Initial average recall with ef=100: 0.860184
Average Recall: 0.8986
Initial average recall with ef=150: 0.906258
Weighted average ef: 242.83
Training convergence-bucket 4 [14.4436, 19.9194) with 200 queries.
Average Recall: 0.84355
Initial average recall with ef=100: 0.851988
Average Recall: 0.89075
Initial average recall with ef=150: 0.900124
Weighted average ef: 253.46
Training convergence-bucket 5 [19.9194, 24.3233) with 200 queries.
Average Recall: 0.83105
Initial average recall with ef=100: 0.838415
Average Recall: 0.88335
Initial average recall with ef=150: 0.889634
Recall diff is too small for 1 consecutive steps, break.
Weighted average ef: 272.08
Training convergence-bucket 6 [24.3233, 30.4926) with 200 queries.
Average Recall: 0.84625
Initial average recall with ef=100: 0.860921
Average Recall: 0.8931
Initial average recall with ef=150: 0.905066
Recall diff is too small for 1 consecutive steps, break.
Weighted average ef: 228.84
Training convergence-bucket 7 [30.4926, 37.8707) with 200 queries.
Average Recall: 0.85175
Initial average recall with ef=100: 0.868889
Average Recall: 0.89715
Initial average recall with ef=150: 0.909739
Weighted average ef: 215.9
Training convergence-bucket 8 [37.8707, 45.8401) with 200 queries.
Average Recall: 0.8797
Initial average recall with ef=100: 0.904025
Average Recall: 0.9203
Initial average recall with ef=150: 0.940503
Weighted average ef: 173.635
Training convergence-bucket 9 [45.8401, inf) with 200 queries.
Average Recall: 0.92845
Initial average recall with ef=100: 0.943989
Average Recall: 0.95705
Initial average recall with ef=150: 0.968876
Weighted average ef: 115.91
Reconstructed True WAE: 248.18 (Hard Pct: 0.0193)
****Weighted average ef: 248
Search time: 873 ms
Search time: 881 ms
Search time: 877 ms
Average Recall: 0.97605
5th percentile recall: 0.91
1st percentile recall: 0.87
Median search time: 877 ms
Search times: 873 ms, 877 ms, 881 ms, 
sift10m-128-euclidean experiment results:
statisc_length, time, avg_recall, 5th_percentile_recall, 1st_percentile_recall, recall_above_99, recall_above_95, recall_above_90
100, 877, 0.97605, 0.91, 0.87, 533, 812, 955
Experiment finished


Visited list size: 250


Loading samplings from /home/ryawszn/experiments/shiro-ef/sampling/sift10m-128-euclidean-samplings--k100-ef.bin
Samplings loaded from /home/ryawszn/experiments/shiro-ef/sampling/sift10m-128-euclidean-samplings--k100-ef.bin
Average Recall: 0.858042
Initial average recall with ef=100: 0.858786
Average Recall: 0.90375
Initial average recall with ef=150: 0.904481
Recall diff is too small for 1 consecutive steps, break.
Weighted average ef: 294.35
EF-estimation table computing time: 6305 ms
Training convergence-bucket 0 [0.314647, 24.6656) with 200 queries.
Average Recall: 0.77585
Initial average recall with ef=100: 0.774046
Average Recall: 0.8371
Initial average recall with ef=150: 0.836416
Recall diff is too small for 1 consecutive steps, break.
Recall diff is too small for 1 consecutive steps, break.
Recall diff is too small for 1 consecutive steps, break.
Weighted average ef: 419.11
Training convergence-bucket 1 [24.6656, 32.7422) with 200 queries.
Average Recall: 0.75755
Initial average recall with ef=100: 0.753275
Average Recall: 0.82355
Initial average recall with ef=150: 0.819708
Recall diff is too small for 1 consecutive steps, break.
Recall diff is too small for 1 consecutive steps, break.
Weighted average ef: 440.795
Training convergence-bucket 2 [32.7422, 39.8436) with 200 queries.
Average Recall: 0.78695
Initial average recall with ef=100: 0.79462
Average Recall: 0.84595
Initial average recall with ef=150: 0.853684
Weighted average ef: 362.25
Training convergence-bucket 3 [39.8436, 46.279) with 200 queries.
Average Recall: 0.8076
Initial average recall with ef=100: 0.815086
Average Recall: 0.8667
Initial average recall with ef=150: 0.872171
Weighted average ef: 325.405
Training convergence-bucket 4 [46.279, 51.3621) with 200 queries.
Average Recall: 0.85305
Initial average recall with ef=100: 0.862791
Average Recall: 0.90525
Initial average recall with ef=150: 0.91314
Weighted average ef: 231.45
Training convergence-bucket 5 [51.3621, 55.4368) with 200 queries.
Average Recall: 0.86935
Initial average recall with ef=100: 0.880437
Average Recall: 0.9144
Initial average recall with ef=150: 0.924262
Recall diff is too small for 1 consecutive steps, break.
Weighted average ef: 218.99
Training convergence-bucket 6 [55.4368, 59.5152) with 200 queries.
Average Recall: 0.8961
Initial average recall with ef=100: 0.905543
Average Recall: 0.93505
Initial average recall with ef=150: 0.943315
Weighted average ef: 174.895
Training convergence-bucket 7 [59.5152, 63.2045) with 200 queries.
Average Recall: 0.92475
Initial average recall with ef=100: 0.930476
Average Recall: 0.95665
Initial average recall with ef=150: 0.961111
Weighted average ef: 147.275
Training convergence-bucket 8 [63.2045, 67.9803) with 200 queries.
Average Recall: 0.941
Initial average recall with ef=100: 0.945532
Average Recall: 0.9677
Initial average recall with ef=150: 0.970479
Weighted average ef: 130.175
Training convergence-bucket 9 [67.9803, inf) with 200 queries.
Average Recall: 0.968251
Initial average recall with ef=100: 0.971105
Average Recall: 0.9852
Initial average recall with ef=150: 0.987053
Weighted average ef: 106
Reconstructed True WAE: 234.438 (Hard Pct: 0.0193)
****Weighted average ef: 234
Search time: 1038 ms
Search time: 1041 ms
Search time: 1031 ms
Average Recall: 0.98396
5th percentile recall: 0.94
1st percentile recall: 0.9
Median search time: 1038 ms
Search times: 1031 ms, 1038 ms, 1041 ms, 
sift10m-128-euclidean experiment results:
statisc_length, time, avg_recall, 5th_percentile_recall, 1st_percentile_recall, recall_above_99, recall_above_95, recall_above_90
250, 1038, 0.98396, 0.94, 0.9, 657, 899, 986
Experiment finished


Visited list size: 500


Loading samplings from /home/ryawszn/experiments/shiro-ef/sampling/sift10m-128-euclidean-samplings--k100-ef.bin
Samplings loaded from /home/ryawszn/experiments/shiro-ef/sampling/sift10m-128-euclidean-samplings--k100-ef.bin
Average Recall: 0.858042
Initial average recall with ef=100: 0.8589
Average Recall: 0.90375
Initial average recall with ef=150: 0.90451
Weighted average ef: 294.615
EF-estimation table computing time: 6208 ms
Training convergence-bucket 0 [11.3595, 42.687) with 200 queries.
Average Recall: 0.70095
Initial average recall with ef=100: 0.698242
Average Recall: 0.7731
Initial average recall with ef=150: 0.770495
Recall diff is too small for 1 consecutive steps, break.
Recall diff is too small for 1 consecutive steps, break.
Weighted average ef: 608.805
Training convergence-bucket 1 [42.687, 51.4139) with 200 queries.
Average Recall: 0.72825
Initial average recall with ef=100: 0.721844
Average Recall: 0.7988
Initial average recall with ef=150: 0.794525
Recall diff is too small for 1 consecutive steps, break.
Weighted average ef: 523.49
Training convergence-bucket 2 [51.4139, 56.7528) with 200 queries.
Average Recall: 0.793
Initial average recall with ef=100: 0.790105
Average Recall: 0.85405
Initial average recall with ef=150: 0.851526
Recall diff is too small for 1 consecutive steps, break.
Weighted average ef: 401.855
Training convergence-bucket 3 [56.7528, 61.1796) with 200 queries.
Average Recall: 0.82955
Initial average recall with ef=100: 0.826952
Average Recall: 0.88735
Initial average recall with ef=150: 0.885508
Weighted average ef: 305.42
Training convergence-bucket 4 [61.1796, 64.0985) with 200 queries.
Average Recall: 0.8608
Initial average recall with ef=100: 0.859736
Average Recall: 0.9101
Initial average recall with ef=150: 0.910159
Weighted average ef: 238.745
Training convergence-bucket 5 [64.0985, 66.7628) with 200 queries.
Average Recall: 0.88885
Initial average recall with ef=100: 0.893226
Average Recall: 0.93145
Initial average recall with ef=150: 0.935269
Weighted average ef: 190.5
Training convergence-bucket 6 [66.7628, 69.4074) with 200 queries.
Average Recall: 0.91185
Initial average recall with ef=100: 0.91733
Average Recall: 0.9494
Initial average recall with ef=150: 0.953456
Weighted average ef: 152.865
Training convergence-bucket 7 [69.4074, 72.4219) with 200 queries.
Average Recall: 0.9358
Initial average recall with ef=100: 0.936735
Average Recall: 0.9667
Initial average recall with ef=150: 0.967296
Weighted average ef: 144.19
Training convergence-bucket 8 [72.4219, 76.0408) with 200 queries.
Average Recall: 0.95565
Initial average recall with ef=100: 0.958617
Average Recall: 0.9769
Initial average recall with ef=150: 0.978404
Weighted average ef: 112.92
Training convergence-bucket 9 [76.0408, inf) with 200 queries.
Average Recall: 0.97575
Initial average recall with ef=100: 0.98326
Average Recall: 0.9897
Initial average recall with ef=150: 0.994475
Weighted average ef: 93
Reconstructed True WAE: 216.651 (Hard Pct: 0.0193)
****Weighted average ef: 216
Search time: 1041 ms
Search time: 1032 ms
Search time: 1014 ms
Average Recall: 0.98343
5th percentile recall: 0.94
1st percentile recall: 0.91
Median search time: 1032 ms
Search times: 1014 ms, 1032 ms, 1041 ms, 
sift10m-128-euclidean experiment results:
statisc_length, time, avg_recall, 5th_percentile_recall, 1st_percentile_recall, recall_above_99, recall_above_95, recall_above_90
500, 1032, 0.98343, 0.94, 0.91, 600, 909, 994
Experiment finished


Visited list size: 750


Loading samplings from /home/ryawszn/experiments/shiro-ef/sampling/sift10m-128-euclidean-samplings--k100-ef.bin
Samplings loaded from /home/ryawszn/experiments/shiro-ef/sampling/sift10m-128-euclidean-samplings--k100-ef.bin
Average Recall: 0.858042
Initial average recall with ef=100: 0.85905
Average Recall: 0.90374
Initial average recall with ef=150: 0.904628
Recall diff is too small for 1 consecutive steps, break.
Weighted average ef: 295.394
EF-estimation table computing time: 6615 ms
Training convergence-bucket 0 [23.021, 50.4448) with 200 queries.
Average Recall: 0.6864
Initial average recall with ef=100: 0.67908
Average Recall: 0.7608
Initial average recall with ef=150: 0.753678
Recall diff is too small for 1 consecutive steps, break.
Weighted average ef: 635.55
Training convergence-bucket 1 [50.4448, 56.5004) with 200 queries.
Average Recall: 0.71115
Initial average recall with ef=100: 0.706611
Average Recall: 0.78495
Initial average recall with ef=150: 0.782278
Weighted average ef: 550.805
Training convergence-bucket 2 [56.5004, 61.4076) with 200 queries.
Average Recall: 0.78625
Initial average recall with ef=100: 0.776343
Average Recall: 0.84955
Initial average recall with ef=150: 0.842114
Weighted average ef: 391.985
Training convergence-bucket 3 [61.4076, 64.965) with 200 queries.
Average Recall: 0.84155
Initial average recall with ef=100: 0.841436
Average Recall: 0.8955
Initial average recall with ef=150: 0.895692
Weighted average ef: 282.53
Training convergence-bucket 4 [64.965, 67.9519) with 200 queries.
Average Recall: 0.86295
Initial average recall with ef=100: 0.861585
Average Recall: 0.91375
Initial average recall with ef=150: 0.912951
Weighted average ef: 232.96
Training convergence-bucket 5 [67.9519, 70.4386) with 200 queries.
Average Recall: 0.89225
Initial average recall with ef=100: 0.893598
Average Recall: 0.9352
Initial average recall with ef=150: 0.936085
Weighted average ef: 191.455
Training convergence-bucket 6 [70.4386, 73.2328) with 200 queries.
Average Recall: 0.91715
Initial average recall with ef=100: 0.918182
Average Recall: 0.9541
Initial average recall with ef=150: 0.955187
Weighted average ef: 155.535
Training convergence-bucket 7 [73.2328, 75.5719) with 200 queries.
Average Recall: 0.94245
Initial average recall with ef=100: 0.944555
Average Recall: 0.970751
Initial average recall with ef=150: 0.972618
Weighted average ef: 127.75
Training convergence-bucket 8 [75.5719, 79.4136) with 200 queries.
Average Recall: 0.959051
Initial average recall with ef=100: 0.961489
Average Recall: 0.98095
Initial average recall with ef=150: 0.9825
Weighted average ef: 111.715
Training convergence-bucket 9 [79.4136, inf) with 200 queries.
Average Recall: 0.98125
Initial average recall with ef=100: 0.985191
Average Recall: 0.9919
Initial average recall with ef=150: 0.9947
Weighted average ef: 93
Reconstructed True WAE: 217.329 (Hard Pct: 0.0193)
****Weighted average ef: 217
Search time: 1035 ms
Search time: 1010 ms
Search time: 1027 ms
Average Recall: 0.98324
5th percentile recall: 0.95
1st percentile recall: 0.92
Median search time: 1027 ms
Search times: 1010 ms, 1027 ms, 1035 ms, 
sift10m-128-euclidean experiment results:
statisc_length, time, avg_recall, 5th_percentile_recall, 1st_percentile_recall, recall_above_99, recall_above_95, recall_above_90
750, 1027, 0.98324, 0.95, 0.92, 584, 901, 997
Experiment finished


Visited list size: 1000


Loading samplings from /home/ryawszn/experiments/shiro-ef/sampling/sift10m-128-euclidean-samplings--k100-ef.bin
Samplings loaded from /home/ryawszn/experiments/shiro-ef/sampling/sift10m-128-euclidean-samplings--k100-ef.bin
Average Recall: 0.858042
Initial average recall with ef=100: 0.859157
Average Recall: 0.903755
Initial average recall with ef=150: 0.904674
Weighted average ef: 297.884
EF-estimation table computing time: 6983 ms
Training convergence-bucket 0 [21.0988, 54.4924) with 200 queries.
Average Recall: 0.67255
Initial average recall with ef=100: 0.669333
Average Recall: 0.7484
Initial average recall with ef=150: 0.745222
Weighted average ef: 686.075
Training convergence-bucket 1 [54.4924, 58.4213) with 200 queries.
Average Recall: 0.70845
Initial average recall with ef=100: 0.701038
Average Recall: 0.78285
Initial average recall with ef=150: 0.776393
Weighted average ef: 574.995
Training convergence-bucket 2 [58.4213, 63.7445) with 200 queries.
Average Recall: 0.79215
Initial average recall with ef=100: 0.792198
Average Recall: 0.85385
Initial average recall with ef=150: 0.853846
Recall diff is too small for 1 consecutive steps, break.
Weighted average ef: 358.27
Training convergence-bucket 3 [63.7445, 66.981) with 200 queries.
Average Recall: 0.8324
Initial average recall with ef=100: 0.829519
Average Recall: 0.88985
Initial average recall with ef=150: 0.888289
Recall diff is too small for 1 consecutive steps, break.
Weighted average ef: 282.055
Training convergence-bucket 4 [66.981, 70.1803) with 200 queries.
Average Recall: 0.87
Initial average recall with ef=100: 0.867914
Average Recall: 0.9199
Initial average recall with ef=150: 0.918556
Weighted average ef: 219.725
Training convergence-bucket 5 [70.1803, 72.611) with 200 queries.
Average Recall: 0.8927
Initial average recall with ef=100: 0.893784
Average Recall: 0.9349
Initial average recall with ef=150: 0.93573
Weighted average ef: 192.08
Training convergence-bucket 6 [72.611, 75.2831) with 200 queries.
Average Recall: 0.91935
Initial average recall with ef=100: 0.920426
Average Recall: 0.9568
Initial average recall with ef=150: 0.957713
Weighted average ef: 151.75
Training convergence-bucket 7 [75.2831, 77.847) with 200 queries.
Average Recall: 0.9447
Initial average recall with ef=100: 0.948138
Average Recall: 0.9736
Initial average recall with ef=150: 0.975638
Weighted average ef: 119.25
Training convergence-bucket 8 [77.847, 81.4053) with 200 queries.
Average Recall: 0.96395
Initial average recall with ef=100: 0.965751
Average Recall: 0.983751
Initial average recall with ef=150: 0.984819
Weighted average ef: 108.75
Training convergence-bucket 9 [81.4053, inf) with 200 queries.
Average Recall: 0.9842
Initial average recall with ef=100: 0.987566
Average Recall: 0.9937
Initial average recall with ef=150: 0.996085
Weighted average ef: 95.25
Reconstructed True WAE: 215.473 (Hard Pct: 0.0193)
****Weighted average ef: 215
Search time: 1075 ms
Search time: 1082 ms
Search time: 1059 ms
Average Recall: 0.98333
5th percentile recall: 0.95
1st percentile recall: 0.92
Median search time: 1075 ms
Search times: 1059 ms, 1075 ms, 1082 ms, 
sift10m-128-euclidean experiment results:
statisc_length, time, avg_recall, 5th_percentile_recall, 1st_percentile_recall, recall_above_99, recall_above_95, recall_above_90
1000, 1075, 0.98333, 0.95, 0.92, 574, 917, 997
Experiment finished


Visited list size: 2000


Loading samplings from /home/ryawszn/experiments/shiro-ef/sampling/sift10m-128-euclidean-samplings--k100-ef.bin
Samplings loaded from /home/ryawszn/experiments/shiro-ef/sampling/sift10m-128-euclidean-samplings--k100-ef.bin
Average Recall: 0.858042
Initial average recall with ef=100: 0.858045
Average Recall: 0.90375
Initial average recall with ef=150: 0.903755
Recall diff is too small for 1 consecutive steps, break.
Weighted average ef: 298.211
EF-estimation table computing time: 7384 ms
Training convergence-bucket 0 [45.6221, 59.6958) with 200 queries.
Average Recall: 0.65405
Initial average recall with ef=100: 0.651134
Average Recall: 0.7293
Initial average recall with ef=150: 0.725515
Recall diff is too small for 1 consecutive steps, break.
Weighted average ef: 765.47
Training convergence-bucket 1 [59.6958, 63.8477) with 200 queries.
Average Recall: 0.7099
Initial average recall with ef=100: 0.708254
Average Recall: 0.78895
Initial average recall with ef=150: 0.787725
Weighted average ef: 542.325
Training convergence-bucket 2 [63.8477, 67.8336) with 200 queries.
Average Recall: 0.7727
Initial average recall with ef=100: 0.769947
Average Recall: 0.8392
Initial average recall with ef=150: 0.836316
Weighted average ef: 415.865
Training convergence-bucket 3 [67.8336, 70.8806) with 200 queries.
Average Recall: 0.83405
Initial average recall with ef=100: 0.832283
Average Recall: 0.88915
Initial average recall with ef=150: 0.886957
Recall diff is too small for 1 consecutive steps, break.
Weighted average ef: 279.74
Training convergence-bucket 4 [70.8806, 74.067) with 200 queries.
Average Recall: 0.8748
Initial average recall with ef=100: 0.872099
Average Recall: 0.9242
Initial average recall with ef=150: 0.921602
Weighted average ef: 210.6
Training convergence-bucket 5 [74.067, 76.6889) with 200 queries.
Average Recall: 0.8989
Initial average recall with ef=100: 0.898936
Average Recall: 0.94295
Initial average recall with ef=150: 0.942607
Weighted average ef: 180.635
Training convergence-bucket 6 [76.6889, 79.4247) with 200 queries.
Average Recall: 0.9256
Initial average recall with ef=100: 0.926304
Average Recall: 0.961901
Initial average recall with ef=150: 0.96212
Weighted average ef: 144.9
Training convergence-bucket 7 [79.4247, 82.1562) with 200 queries.
Average Recall: 0.949
Initial average recall with ef=100: 0.950582
Average Recall: 0.9768
Initial average recall with ef=150: 0.977407
Weighted average ef: 118.51
Training convergence-bucket 8 [82.1562, 85.1959) with 200 queries.
Average Recall: 0.9719
Initial average recall with ef=100: 0.972448
Average Recall: 0.9885
Initial average recall with ef=150: 0.988906
Weighted average ef: 100.5
Training convergence-bucket 9 [85.1959, inf) with 200 queries.
Average Recall: 0.98955
Initial average recall with ef=100: 0.990645
Average Recall: 0.9966
Initial average recall with ef=150: 0.997204
Weighted average ef: 93
Reconstructed True WAE: 215.82 (Hard Pct: 0.0193)
****Weighted average ef: 215
Search time: 1160 ms
Search time: 1178 ms
Search time: 1155 ms
Average Recall: 0.97942
5th percentile recall: 0.94
1st percentile recall: 0.91
Median search time: 1160 ms
Search times: 1155 ms, 1160 ms, 1178 ms, 
sift10m-128-euclidean experiment results:
statisc_length, time, avg_recall, 5th_percentile_recall, 1st_percentile_recall, recall_above_99, recall_above_95, recall_above_90
2000, 1160, 0.97942, 0.94, 0.91, 496, 874, 991
Experiment finished


Visited list size: 33


Loading samplings from /home/ryawszn/experiments/shiro-ef/sampling/sift10m-128-euclidean-samplings--k100-ef.bin
Samplings loaded from /home/ryawszn/experiments/shiro-ef/sampling/sift10m-128-euclidean-samplings--k100-ef.bin
Average Recall: 0.858047
Initial average recall with ef=100: 0.859672
Average Recall: 0.903755
Initial average recall with ef=150: 0.905159
Recall diff is too small for 1 consecutive steps, break.
Weighted average ef: 293.402
EF-estimation table computing time: 5765 ms
Training convergence-bucket 0 [0, 0) with 200 queries.
Average Recall: 0.8983
Initial average recall with ef=100: 0.905818
Average Recall: 0.93665
Initial average recall with ef=150: 0.941576
Weighted average ef: 149.84
Training convergence-bucket 1 [0, 0) with 200 queries.
Average Recall: 0.8967
Initial average recall with ef=100: 0.90638
Average Recall: 0.9346
Initial average recall with ef=150: 0.942393
Weighted average ef: 157.79
Training convergence-bucket 2 [0, 0) with 200 queries.
Average Recall: 0.9
Initial average recall with ef=100: 0.902663
Average Recall: 0.9397
Initial average recall with ef=150: 0.94142
Weighted average ef: 163.06
Training convergence-bucket 3 [0, 0) with 200 queries.
Average Recall: 0.8861
Initial average recall with ef=100: 0.885714
Average Recall: 0.93
Initial average recall with ef=150: 0.92994
Weighted average ef: 176.025
Training convergence-bucket 4 [0, 0) with 200 queries.
Average Recall: 0.78085
Initial average recall with ef=100: 0.770252
Average Recall: 0.83865
Initial average recall with ef=150: 0.829749
Recall diff is too small for 1 consecutive steps, break.
Weighted average ef: 408.48
Training convergence-bucket 5 [0, 0) with 200 queries.
Average Recall: 0.80495
Initial average recall with ef=100: 0.800417
Average Recall: 0.85815
Initial average recall with ef=150: 0.854583
Recall diff is too small for 1 consecutive steps, break.
Weighted average ef: 371.95
Training convergence-bucket 6 [0, 0) with 200 queries.
Average Recall: 0.75875
Initial average recall with ef=100: 0.745364
Average Recall: 0.8208
Initial average recall with ef=150: 0.810728
Weighted average ef: 425.295
Training convergence-bucket 7 [0, 0.00014288) with 200 queries.
Average Recall: 0.90375
Initial average recall with ef=100: 0.911317
Average Recall: 0.94285
Initial average recall with ef=150: 0.948383
Weighted average ef: 144.15
Training convergence-bucket 8 [0.00014288, 1.16557) with 200 queries.
Average Recall: 0.88875
Initial average recall with ef=100: 0.902993
Average Recall: 0.9262
Initial average recall with ef=150: 0.938231
Weighted average ef: 159.265
Training convergence-bucket 9 [1.16557, inf) with 200 queries.
Average Recall: 0.86235
Initial average recall with ef=100: 0.864969
Average Recall: 0.91
Initial average recall with ef=150: 0.912919
Weighted average ef: 209.215
Reconstructed True WAE: 199.517 (Hard Pct: 0.0193)
****Weighted average ef: 199
Search time: 641 ms
Search time: 641 ms
Search time: 638 ms
Average Recall: 0.95535
5th percentile recall: 0.85
1st percentile recall: 0.76
Median search time: 641 ms
Search times: 638 ms, 641 ms, 641 ms, 
sift10m-128-euclidean experiment results:
statisc_length, time, avg_recall, 5th_percentile_recall, 1st_percentile_recall, recall_above_99, recall_above_95, recall_above_90
33, 641, 0.95535, 0.85, 0.76, 387, 654, 847
Experiment finished


Visited list size: 1025


Loading samplings from /home/ryawszn/experiments/shiro-ef/sampling/sift10m-128-euclidean-samplings--k100-ef.bin
Samplings loaded from /home/ryawszn/experiments/shiro-ef/sampling/sift10m-128-euclidean-samplings--k100-ef.bin
Average Recall: 0.858042
Initial average recall with ef=100: 0.858457
Average Recall: 0.903745
Initial average recall with ef=150: 0.904128
Recall diff is too small for 1 consecutive steps, break.
Weighted average ef: 298.081
EF-estimation table computing time: 6917 ms
Training convergence-bucket 0 [22.4341, 54.8694) with 200 queries.
Average Recall: 0.67325
Initial average recall with ef=100: 0.667011
Average Recall: 0.7494
Initial average recall with ef=150: 0.744456
Weighted average ef: 694.02
Training convergence-bucket 1 [54.8694, 58.4954) with 200 queries.
Average Recall: 0.70815
Initial average recall with ef=100: 0.705445
Average Recall: 0.78175
Initial average recall with ef=150: 0.779791
Weighted average ef: 563.91
Training convergence-bucket 2 [58.4954, 63.9193) with 200 queries.
Average Recall: 0.78685
Initial average recall with ef=100: 0.781676
Average Recall: 0.84955
Initial average recall with ef=150: 0.845459
Recall diff is too small for 1 consecutive steps, break.
Weighted average ef: 392.465
Training convergence-bucket 3 [63.9193, 67.1803) with 200 queries.
Average Recall: 0.83515
Initial average recall with ef=100: 0.832344
Average Recall: 0.8923
Initial average recall with ef=150: 0.890469
Weighted average ef: 285.535
Training convergence-bucket 4 [67.1803, 70.45) with 200 queries.
Average Recall: 0.86965
Initial average recall with ef=100: 0.867554
Average Recall: 0.9203
Initial average recall with ef=150: 0.918967
Weighted average ef: 217.72
Training convergence-bucket 5 [70.45, 72.7911) with 200 queries.
Average Recall: 0.8968
Initial average recall with ef=100: 0.894603
Average Recall: 0.937951
Initial average recall with ef=150: 0.936719
Weighted average ef: 192.07
Training convergence-bucket 6 [72.7911, 75.4077) with 200 queries.
Average Recall: 0.91425
Initial average recall with ef=100: 0.915519
Average Recall: 0.9532
Initial average recall with ef=150: 0.954645
Weighted average ef: 152.915
Training convergence-bucket 7 [75.4077, 78.0557) with 200 queries.
Average Recall: 0.9472
Initial average recall with ef=100: 0.94866
Average Recall: 0.9751
Initial average recall with ef=150: 0.975722
Weighted average ef: 122.5
Training convergence-bucket 8 [78.0557, 81.4853) with 200 queries.
Average Recall: 0.96405
Initial average recall with ef=100: 0.967958
Average Recall: 0.98415
Initial average recall with ef=150: 0.986702
Weighted average ef: 105.25
Training convergence-bucket 9 [81.4853, inf) with 200 queries.
Average Recall: 0.985101
Initial average recall with ef=100: 0.98978
Average Recall: 0.9938
Initial average recall with ef=150: 0.996703
Weighted average ef: 91
Reconstructed True WAE: 214.323 (Hard Pct: 0.0193)
****Weighted average ef: 214
Search time: 1023 ms
Search time: 1035 ms
Search time: 1039 ms
Average Recall: 0.98107
5th percentile recall: 0.94
1st percentile recall: 0.92
Median search time: 1035 ms
Search times: 1023 ms, 1035 ms, 1039 ms, 
sift10m-128-euclidean experiment results:
statisc_length, time, avg_recall, 5th_percentile_recall, 1st_percentile_recall, recall_above_99, recall_above_95, recall_above_90
1025, 1035, 0.98107, 0.94, 0.92, 515, 891, 994
Experiment finished
Dataset: gist-960-euclidean
Metric: l2
Truncation ratio: 0.5
Data vectors dimensions: 1000000 x 960
Query vectors dimensions: 1000 x 960
Neighbors dimensions: 1000 x 100
Index loaded
Dimension of space:960
Data size of space:3840
Samplings loaded


Visited list size: 100


Loading samplings from /home/ryawszn/experiments/shiro-ef/sampling/gist-960-euclidean-samplings--k100-ef.bin
Samplings loaded from /home/ryawszn/experiments/shiro-ef/sampling/gist-960-euclidean-samplings--k100-ef.bin
Average Recall: 0.723844
Initial average recall with ef=100: 0.724568
Average Recall: 0.798894
Initial average recall with ef=150: 0.799679
Recall diff is too small for 1 consecutive steps, break.
Weighted average ef: 613.463
EF-estimation table computing time: 36271 ms
Training convergence-bucket 0 [0, 2.1171) with 200 queries.
Average Recall: 0.7215
Initial average recall with ef=100: 0.701429
Average Recall: 0.79435
Initial average recall with ef=150: 0.778333
Recall diff is too small for 1 consecutive steps, break.
Recall diff is too small for 1 consecutive steps, break.
Weighted average ef: 568.715
Training convergence-bucket 1 [2.1171, 6.33954) with 200 queries.
Average Recall: 0.7113
Initial average recall with ef=100: 0.681938
Average Recall: 0.79115
Initial average recall with ef=150: 0.767563
Weighted average ef: 543.645
Training convergence-bucket 2 [6.33954, 10.5186) with 200 queries.
Average Recall: 0.71655
Initial average recall with ef=100: 0.699136
Average Recall: 0.79685
Initial average recall with ef=150: 0.782531
Weighted average ef: 523.775
Training convergence-bucket 3 [10.5186, 14.6036) with 200 queries.
Average Recall: 0.72635
Initial average recall with ef=100: 0.711437
Average Recall: 0.80355
Initial average recall with ef=150: 0.7905
Recall diff is too small for 1 consecutive steps, break.
Recall diff is too small for 1 consecutive steps, break.
Weighted average ef: 462.445
Training convergence-bucket 4 [14.6036, 19.0057) with 200 queries.
Average Recall: 0.7266
Initial average recall with ef=100: 0.701739
Average Recall: 0.8018
Initial average recall with ef=150: 0.781491
Recall diff is too small for 1 consecutive steps, break.
Recall diff is too small for 1 consecutive steps, break.
Weighted average ef: 598.285
Training convergence-bucket 5 [19.0057, 22.801) with 200 queries.
Average Recall: 0.727
Initial average recall with ef=100: 0.702866
Average Recall: 0.8037
Initial average recall with ef=150: 0.783758
Recall diff is too small for 1 consecutive steps, break.
Recall diff is too small for 1 consecutive steps, break.
Weighted average ef: 514.565
Training convergence-bucket 6 [22.801, 27.4997) with 200 queries.
Average Recall: 0.67375
Initial average recall with ef=100: 0.645987
Average Recall: 0.7542
Initial average recall with ef=150: 0.731401
Recall diff is too small for 1 consecutive steps, break.
Weighted average ef: 666.15
Training convergence-bucket 7 [27.4997, 34.3256) with 200 queries.
Average Recall: 0.7226
Initial average recall with ef=100: 0.702927
Average Recall: 0.7952
Initial average recall with ef=150: 0.778293
Weighted average ef: 649.51
Training convergence-bucket 8 [34.3256, 41.8251) with 200 queries.
Average Recall: 0.72675
Initial average recall with ef=100: 0.713265
Average Recall: 0.80165
Initial average recall with ef=150: 0.791293
Recall diff is too small for 1 consecutive steps, break.
Weighted average ef: 440.92
Training convergence-bucket 9 [41.8251, inf) with 200 queries.
Average Recall: 0.78605
Initial average recall with ef=100: 0.791489
Average Recall: 0.8465
Initial average recall with ef=150: 0.85383
Recall diff is too small for 1 consecutive steps, break.
Recall diff is too small for 1 consecutive steps, break.
Recall diff is too small for 1 consecutive steps, break.
Weighted average ef: 336.32
Reconstructed True WAE: 582.877 (Hard Pct: 0.01025)
****Weighted average ef: 582
Search time: 4176 ms
Search time: 4172 ms
Search time: 4135 ms
Average Recall: 0.96843
5th percentile recall: 0.89
1st percentile recall: 0.85
Median search time: 4172 ms
Search times: 4135 ms, 4172 ms, 4176 ms, 
gist-960-euclidean experiment results:
statisc_length, time, avg_recall, 5th_percentile_recall, 1st_percentile_recall, recall_above_99, recall_above_95, recall_above_90
100, 4172, 0.96843, 0.89, 0.85, 436, 719, 937
Experiment finished


Visited list size: 250


Loading samplings from /home/ryawszn/experiments/shiro-ef/sampling/gist-960-euclidean-samplings--k100-ef.bin
Samplings loaded from /home/ryawszn/experiments/shiro-ef/sampling/gist-960-euclidean-samplings--k100-ef.bin
Average Recall: 0.723844
Initial average recall with ef=100: 0.724832
Average Recall: 0.798894
Initial average recall with ef=150: 0.799869
Recall diff is too small for 1 consecutive steps, break.
Weighted average ef: 616.916
EF-estimation table computing time: 36926 ms
Training convergence-bucket 0 [4.65246, 21.22) with 200 queries.
Average Recall: 0.6684
Initial average recall with ef=100: 0.655632
Average Recall: 0.75195
Initial average recall with ef=150: 0.741322
Recall diff is too small for 1 consecutive steps, break.
Weighted average ef: 705.775
Training convergence-bucket 1 [21.22, 26.3862) with 200 queries.
Average Recall: 0.66155
Initial average recall with ef=100: 0.648516
Average Recall: 0.74855
Initial average recall with ef=150: 0.738132
Recall diff is too small for 1 consecutive steps, break.
Weighted average ef: 778.575
Training convergence-bucket 2 [26.3862, 29.7635) with 200 queries.
Average Recall: 0.66375
Initial average recall with ef=100: 0.657967
Average Recall: 0.7467
Initial average recall with ef=150: 0.742198
Recall diff is too small for 1 consecutive steps, break.
Weighted average ef: 714.445
Training convergence-bucket 3 [29.7635, 33.5557) with 200 queries.
Average Recall: 0.6637
Initial average recall with ef=100: 0.647688
Average Recall: 0.74815
Initial average recall with ef=150: 0.73578
Weighted average ef: 712.02
Training convergence-bucket 4 [33.5557, 37.1184) with 200 queries.
Average Recall: 0.6625
Initial average recall with ef=100: 0.645291
Average Recall: 0.7485
Initial average recall with ef=150: 0.733779
Recall diff is too small for 1 consecutive steps, break.
Recall diff is too small for 1 consecutive steps, break.
Weighted average ef: 705.865
Training convergence-bucket 5 [37.1184, 40.663) with 200 queries.
Average Recall: 0.69915
Initial average recall with ef=100: 0.690618
Average Recall: 0.7758
Initial average recall with ef=150: 0.769101
Weighted average ef: 659.905
Training convergence-bucket 6 [40.663, 44.9062) with 200 queries.
Average Recall: 0.73935
Initial average recall with ef=100: 0.73642
Average Recall: 0.814
Initial average recall with ef=150: 0.811136
Recall diff is too small for 1 consecutive steps, break.
Recall diff is too small for 1 consecutive steps, break.
Recall diff is too small for 1 consecutive steps, break.
Weighted average ef: 519.64
Training convergence-bucket 7 [44.9062, 50.049) with 200 queries.
Average Recall: 0.76945
Initial average recall with ef=100: 0.760171
Average Recall: 0.84015
Initial average recall with ef=150: 0.834148
Recall diff is too small for 1 consecutive steps, break.
Weighted average ef: 427.23
Training convergence-bucket 8 [50.049, 59.4355) with 200 queries.
Average Recall: 0.8022
Initial average recall with ef=100: 0.798654
Average Recall: 0.87035
Initial average recall with ef=150: 0.868397
Weighted average ef: 299.215
Training convergence-bucket 9 [59.4355, inf) with 200 queries.
Average Recall: 0.9084
Initial average recall with ef=100: 0.920938
Average Recall: 0.9448
Initial average recall with ef=150: 0.95425
Weighted average ef: 128.675
Reconstructed True WAE: 564.592 (Hard Pct: 0.01025)
****Weighted average ef: 564
Search time: 4282 ms
Search time: 4337 ms
Search time: 4230 ms
Average Recall: 0.96973
5th percentile recall: 0.9
1st percentile recall: 0.85
Median search time: 4282 ms
Search times: 4230 ms, 4282 ms, 4337 ms, 
gist-960-euclidean experiment results:
statisc_length, time, avg_recall, 5th_percentile_recall, 1st_percentile_recall, recall_above_99, recall_above_95, recall_above_90
250, 4282, 0.96973, 0.9, 0.85, 422, 743, 945
Experiment finished


Visited list size: 500


Loading samplings from /home/ryawszn/experiments/shiro-ef/sampling/gist-960-euclidean-samplings--k100-ef.bin
Samplings loaded from /home/ryawszn/experiments/shiro-ef/sampling/gist-960-euclidean-samplings--k100-ef.bin
Average Recall: 0.723844
Initial average recall with ef=100: 0.723273
Average Recall: 0.798894
Initial average recall with ef=150: 0.798585
Weighted average ef: 630.346
EF-estimation table computing time: 37087 ms
Training convergence-bucket 0 [18.1099, 33.3734) with 200 queries.
Average Recall: 0.57175
Initial average recall with ef=100: 0.566064
Average Recall: 0.66825
Initial average recall with ef=150: 0.664202
Recall diff is too small for 1 consecutive steps, break.
Weighted average ef: 1017.17
Training convergence-bucket 1 [33.3734, 37.3365) with 200 queries.
Average Recall: 0.6058
Initial average recall with ef=100: 0.593967
Average Recall: 0.6951
Initial average recall with ef=150: 0.683631
Recall diff is too small for 1 consecutive steps, break.
Weighted average ef: 1030.7
Training convergence-bucket 2 [37.3365, 40.9562) with 200 queries.
Average Recall: 0.624
Initial average recall with ef=100: 0.622337
Average Recall: 0.71585
Initial average recall with ef=150: 0.714185
Weighted average ef: 778.92
Training convergence-bucket 3 [40.9562, 44.4083) with 200 queries.
Average Recall: 0.6596
Initial average recall with ef=100: 0.652079
Average Recall: 0.74495
Initial average recall with ef=150: 0.737865
Recall diff is too small for 1 consecutive steps, break.
Weighted average ef: 744.07
Training convergence-bucket 4 [44.4083, 47.6401) with 200 queries.
Average Recall: 0.6904
Initial average recall with ef=100: 0.681147
Average Recall: 0.77485
Initial average recall with ef=150: 0.767049
Weighted average ef: 703.475
Training convergence-bucket 5 [47.6401, 51.195) with 200 queries.
Average Recall: 0.7178
Initial average recall with ef=100: 0.709611
Average Recall: 0.79755
Initial average recall with ef=150: 0.790611
Recall diff is too small for 1 consecutive steps, break.
Recall diff is too small for 1 consecutive steps, break.
Weighted average ef: 544.73
Training convergence-bucket 6 [51.195, 55.2606) with 200 queries.
Average Recall: 0.7692
Initial average recall with ef=100: 0.770604
Average Recall: 0.8462
Initial average recall with ef=150: 0.848626
Weighted average ef: 415.34
Training convergence-bucket 7 [55.2606, 60.2319) with 200 queries.
Average Recall: 0.80335
Initial average recall with ef=100: 0.812203
Average Recall: 0.8674
Initial average recall with ef=150: 0.876102
Weighted average ef: 303.815
Training convergence-bucket 8 [60.2319, 67.85) with 200 queries.
Average Recall: 0.86445
Initial average recall with ef=100: 0.866527
Average Recall: 0.91705
Initial average recall with ef=150: 0.918922
Weighted average ef: 216.32
Training convergence-bucket 9 [67.85, inf) with 200 queries.
Average Recall: 0.9321
Initial average recall with ef=100: 0.938506
Average Recall: 0.96175
Initial average recall with ef=150: 0.966092
Weighted average ef: 127.325
Reconstructed True WAE: 565.056 (Hard Pct: 0.01025)
****Weighted average ef: 565
Search time: 4348 ms
Search time: 4360 ms
Search time: 4319 ms
Average Recall: 0.97106
5th percentile recall: 0.91
1st percentile recall: 0.88
Median search time: 4348 ms
Search times: 4319 ms, 4348 ms, 4360 ms, 
gist-960-euclidean experiment results:
statisc_length, time, avg_recall, 5th_percentile_recall, 1st_percentile_recall, recall_above_99, recall_above_95, recall_above_90
500, 4348, 0.97106, 0.91, 0.88, 424, 747, 958
Experiment finished


Visited list size: 750


Loading samplings from /home/ryawszn/experiments/shiro-ef/sampling/gist-960-euclidean-samplings--k100-ef.bin
Samplings loaded from /home/ryawszn/experiments/shiro-ef/sampling/gist-960-euclidean-samplings--k100-ef.bin
Average Recall: 0.723844
Initial average recall with ef=100: 0.723874
Average Recall: 0.798894
Initial average recall with ef=150: 0.799042
Recall diff is too small for 1 consecutive steps, break.
Weighted average ef: 632.465
EF-estimation table computing time: 38184 ms
Training convergence-bucket 0 [25.1903, 39.108) with 200 queries.
Average Recall: 0.5476
Initial average recall with ef=100: 0.546544
Average Recall: 0.6414
Initial average recall with ef=150: 0.640838
Weighted average ef: 1244.63
Training convergence-bucket 1 [39.108, 42.5307) with 200 queries.
Average Recall: 0.57985
Initial average recall with ef=100: 0.574894
Average Recall: 0.67345
Initial average recall with ef=150: 0.669202
Recall diff is too small for 1 consecutive steps, break.
Recall diff is too small for 1 consecutive steps, break.
Weighted average ef: 1042.4
Training convergence-bucket 2 [42.5307, 45.5466) with 200 queries.
Average Recall: 0.60285
Initial average recall with ef=100: 0.60478
Average Recall: 0.6991
Initial average recall with ef=150: 0.70033
Recall diff is too small for 1 consecutive steps, break.
Recall diff is too small for 1 consecutive steps, break.
Weighted average ef: 803.55
Training convergence-bucket 3 [45.5466, 49.1426) with 200 queries.
Average Recall: 0.66775
Initial average recall with ef=100: 0.665784
Average Recall: 0.75695
Initial average recall with ef=150: 0.755297
Recall diff is too small for 1 consecutive steps, break.
Weighted average ef: 672.525
Training convergence-bucket 4 [49.1426, 52.5059) with 200 queries.
Average Recall: 0.70565
Initial average recall with ef=100: 0.702378
Average Recall: 0.78725
Initial average recall with ef=150: 0.784541
Recall diff is too small for 1 consecutive steps, break.
Weighted average ef: 546.925
Training convergence-bucket 5 [52.5059, 55.638) with 200 queries.
Average Recall: 0.7344
Initial average recall with ef=100: 0.733736
Average Recall: 0.81295
Initial average recall with ef=150: 0.812143
Recall diff is too small for 1 consecutive steps, break.
Recall diff is too small for 1 consecutive steps, break.
Weighted average ef: 457.195
Training convergence-bucket 6 [55.638, 59.5569) with 200 queries.
Average Recall: 0.7681
Initial average recall with ef=100: 0.77224
Average Recall: 0.84245
Initial average recall with ef=150: 0.84651
Weighted average ef: 424.855
Training convergence-bucket 7 [59.5569, 64.4043) with 200 queries.
Average Recall: 0.8215
Initial average recall with ef=100: 0.81875
Average Recall: 0.88685
Initial average recall with ef=150: 0.885909
Weighted average ef: 291.225
Training convergence-bucket 8 [64.4043, 71.5866) with 200 queries.
Average Recall: 0.868
Initial average recall with ef=100: 0.869886
Average Recall: 0.9197
Initial average recall with ef=150: 0.922686
Weighted average ef: 199.88
Training convergence-bucket 9 [71.5866, inf) with 200 queries.
Average Recall: 0.942751
Initial average recall with ef=100: 0.94478
Average Recall: 0.96885
Initial average recall with ef=150: 0.96978
Weighted average ef: 122.72
Reconstructed True WAE: 540.985 (Hard Pct: 0.01025)
****Weighted average ef: 540
Search time: 4359 ms
Search time: 4372 ms
Search time: 4392 ms
Average Recall: 0.97148
5th percentile recall: 0.91
1st percentile recall: 0.88
Median search time: 4372 ms
Search times: 4359 ms, 4372 ms, 4392 ms, 
gist-960-euclidean experiment results:
statisc_length, time, avg_recall, 5th_percentile_recall, 1st_percentile_recall, recall_above_99, recall_above_95, recall_above_90
750, 4372, 0.97148, 0.91, 0.88, 423, 760, 964
Experiment finished


Visited list size: 1000


Loading samplings from /home/ryawszn/experiments/shiro-ef/sampling/gist-960-euclidean-samplings--k100-ef.bin
Samplings loaded from /home/ryawszn/experiments/shiro-ef/sampling/gist-960-euclidean-samplings--k100-ef.bin
Average Recall: 0.723844
Initial average recall with ef=100: 0.722466
Average Recall: 0.798894
Initial average recall with ef=150: 0.797926
Recall diff is too small for 1 consecutive steps, break.
Weighted average ef: 637.894
EF-estimation table computing time: 37339 ms
Training convergence-bucket 0 [30.513, 41.6003) with 200 queries.
Average Recall: 0.519
Initial average recall with ef=100: 0.514737
Average Recall: 0.6165
Initial average recall with ef=150: 0.612579
Recall diff is too small for 1 consecutive steps, break.
Recall diff is too small for 1 consecutive steps, break.
Weighted average ef: 1404.51
Training convergence-bucket 1 [41.6003, 45.6083) with 200 queries.
Average Recall: 0.5729
Initial average recall with ef=100: 0.570585
Average Recall: 0.6681
Initial average recall with ef=150: 0.665638
Recall diff is too small for 1 consecutive steps, break.
Recall diff is too small for 1 consecutive steps, break.
Weighted average ef: 994.965
Training convergence-bucket 2 [45.6083, 49.0686) with 200 queries.
Average Recall: 0.6162
Initial average recall with ef=100: 0.616344
Average Recall: 0.71045
Initial average recall with ef=150: 0.710054
Recall diff is too small for 1 consecutive steps, break.
Weighted average ef: 831.48
Training convergence-bucket 3 [49.0686, 52.2315) with 200 queries.
Average Recall: 0.65935
Initial average recall with ef=100: 0.656615
Average Recall: 0.74845
Initial average recall with ef=150: 0.746042
Recall diff is too small for 1 consecutive steps, break.
Recall diff is too small for 1 consecutive steps, break.
Weighted average ef: 699.305
Training convergence-bucket 4 [52.2315, 55.1139) with 200 queries.
Average Recall: 0.6899
Initial average recall with ef=100: 0.691604
Average Recall: 0.77725
Initial average recall with ef=150: 0.778663
Weighted average ef: 561.405
Training convergence-bucket 5 [55.1139, 58.5137) with 200 queries.
Average Recall: 0.75275
Initial average recall with ef=100: 0.749286
Average Recall: 0.8304
Initial average recall with ef=150: 0.827473
Weighted average ef: 427.52
Training convergence-bucket 6 [58.5137, 61.708) with 200 queries.
Average Recall: 0.784
Initial average recall with ef=100: 0.785926
Average Recall: 0.8547
Initial average recall with ef=150: 0.856878
Recall diff is too small for 1 consecutive steps, break.
Weighted average ef: 369.835
Training convergence-bucket 7 [61.708, 66.8889) with 200 queries.
Average Recall: 0.82105
Initial average recall with ef=100: 0.821813
Average Recall: 0.8855
Initial average recall with ef=150: 0.886483
Weighted average ef: 288.14
Training convergence-bucket 8 [66.8889, 73.3901) with 200 queries.
Average Recall: 0.8758
Initial average recall with ef=100: 0.879506
Average Recall: 0.9256
Initial average recall with ef=150: 0.929341
Weighted average ef: 205.395
Training convergence-bucket 9 [73.3901, inf) with 200 queries.
Average Recall: 0.9475
Initial average recall with ef=100: 0.949595
Average Recall: 0.972
Initial average recall with ef=150: 0.973642
Weighted average ef: 113.61
Reconstructed True WAE: 539.375 (Hard Pct: 0.01025)
****Weighted average ef: 539
Search time: 4401 ms
Search time: 4354 ms
Search time: 4358 ms
Average Recall: 0.97072
5th percentile recall: 0.91
1st percentile recall: 0.87
Median search time: 4358 ms
Search times: 4354 ms, 4358 ms, 4401 ms, 
gist-960-euclidean experiment results:
statisc_length, time, avg_recall, 5th_percentile_recall, 1st_percentile_recall, recall_above_99, recall_above_95, recall_above_90
1000, 4358, 0.97072, 0.91, 0.87, 428, 750, 962
Experiment finished


Visited list size: 2000


Loading samplings from /home/ryawszn/experiments/shiro-ef/sampling/gist-960-euclidean-samplings--k100-ef.bin
Samplings loaded from /home/ryawszn/experiments/shiro-ef/sampling/gist-960-euclidean-samplings--k100-ef.bin
Average Recall: 0.724344
Initial average recall with ef=100: 0.723939
Average Recall: 0.798894
Initial average recall with ef=150: 0.798741
Weighted average ef: 641.144
EF-estimation table computing time: 38597 ms
Training convergence-bucket 0 [38.339, 49.6032) with 200 queries.
Average Recall: 0.49565
Initial average recall with ef=100: 0.491746
Average Recall: 0.592
Initial average recall with ef=150: 0.588307
Recall diff is too small for 1 consecutive steps, break.
Weighted average ef: 1419.03
Training convergence-bucket 1 [49.6032, 52.7748) with 200 queries.
Average Recall: 0.54695
Initial average recall with ef=100: 0.547194
Average Recall: 0.6467
Initial average recall with ef=150: 0.646888
Recall diff is too small for 1 consecutive steps, break.
Recall diff is too small for 1 consecutive steps, break.
Weighted average ef: 1201.98
Training convergence-bucket 2 [52.7748, 55.7191) with 200 queries.
Average Recall: 0.60485
Initial average recall with ef=100: 0.603102
Average Recall: 0.7015
Initial average recall with ef=150: 0.699412
Recall diff is too small for 1 consecutive steps, break.
Weighted average ef: 838.29
Training convergence-bucket 3 [55.7191, 58.0952) with 200 queries.
Average Recall: 0.6607
Initial average recall with ef=100: 0.660417
Average Recall: 0.7497
Initial average recall with ef=150: 0.749531
Recall diff is too small for 1 consecutive steps, break.
Weighted average ef: 742.345
Training convergence-bucket 4 [58.0952, 61.13) with 200 queries.
Average Recall: 0.70505
Initial average recall with ef=100: 0.704249
Average Recall: 0.79225
Initial average recall with ef=150: 0.79057
Weighted average ef: 524.71
Training convergence-bucket 5 [61.13, 64.1647) with 200 queries.
Average Recall: 0.74895
Initial average recall with ef=100: 0.754841
Average Recall: 0.82835
Initial average recall with ef=150: 0.833032
Recall diff is too small for 1 consecutive steps, break.
Weighted average ef: 429.405
Training convergence-bucket 6 [64.1647, 67.7843) with 200 queries.
Average Recall: 0.79415
Initial average recall with ef=100: 0.793704
Average Recall: 0.8623
Initial average recall with ef=150: 0.861429
Weighted average ef: 358.075
Training convergence-bucket 7 [67.7843, 72.378) with 200 queries.
Average Recall: 0.8401
Initial average recall with ef=100: 0.840474
Average Recall: 0.9031
Initial average recall with ef=150: 0.903947
Weighted average ef: 252.5
Training convergence-bucket 8 [72.378, 78.8862) with 200 queries.
Average Recall: 0.89095
Initial average recall with ef=100: 0.891064
Average Recall: 0.93575
Initial average recall with ef=150: 0.936968
Weighted average ef: 202.79
Training convergence-bucket 9 [78.8862, inf) with 200 queries.
Average Recall: 0.9561
Initial average recall with ef=100: 0.957207
Average Recall: 0.9773
Initial average recall with ef=150: 0.97743
Weighted average ef: 110.34
Reconstructed True WAE: 536.196 (Hard Pct: 0.01025)
****Weighted average ef: 536
Search time: 4531 ms
Search time: 4485 ms
Search time: 4473 ms
Average Recall: 0.97107
5th percentile recall: 0.92
1st percentile recall: 0.88
Median search time: 4485 ms
Search times: 4473 ms, 4485 ms, 4531 ms, 
gist-960-euclidean experiment results:
statisc_length, time, avg_recall, 5th_percentile_recall, 1st_percentile_recall, recall_above_99, recall_above_95, recall_above_90
2000, 4485, 0.97107, 0.92, 0.88, 413, 758, 966
Experiment finished


Visited list size: 33


Loading samplings from /home/ryawszn/experiments/shiro-ef/sampling/gist-960-euclidean-samplings--k100-ef.bin
Samplings loaded from /home/ryawszn/experiments/shiro-ef/sampling/gist-960-euclidean-samplings--k100-ef.bin
Average Recall: 0.723844
Initial average recall with ef=100: 0.72367
Average Recall: 0.798894
Initial average recall with ef=150: 0.798824
Recall diff is too small for 1 consecutive steps, break.
Recall diff is too small for 1 consecutive steps, break.
Weighted average ef: 611.363
EF-estimation table computing time: 35189 ms
Training convergence-bucket 0 [0, 0) with 200 queries.
Average Recall: 0.7474
Initial average recall with ef=100: 0.737024
Average Recall: 0.8209
Initial average recall with ef=150: 0.811131
Weighted average ef: 474.355
Training convergence-bucket 1 [0, 0) with 200 queries.
Average Recall: 0.7554
Initial average recall with ef=100: 0.744557
Average Recall: 0.8312
Initial average recall with ef=150: 0.823354
Weighted average ef: 394.195
Training convergence-bucket 2 [0, 0) with 200 queries.
Average Recall: 0.74965
Initial average recall with ef=100: 0.742174
Average Recall: 0.82545
Initial average recall with ef=150: 0.818967
Recall diff is too small for 1 consecutive steps, break.
Recall diff is too small for 1 consecutive steps, break.
Recall diff is too small for 1 consecutive steps, break.
Weighted average ef: 499.21
Training convergence-bucket 3 [0, 0) with 200 queries.
Average Recall: 0.71845
Initial average recall with ef=100: 0.707134
Average Recall: 0.7953
Initial average recall with ef=150: 0.786829
Recall diff is too small for 1 consecutive steps, break.
Weighted average ef: 512.275
Training convergence-bucket 4 [0, 0) with 200 queries.
Average Recall: 0.74425
Initial average recall with ef=100: 0.74118
Average Recall: 0.81685
Initial average recall with ef=150: 0.813168
Recall diff is too small for 1 consecutive steps, break.
Recall diff is too small for 1 consecutive steps, break.
Weighted average ef: 410.07
Training convergence-bucket 5 [0, 0) with 200 queries.
Average Recall: 0.652
Initial average recall with ef=100: 0.624424
Average Recall: 0.73315
Initial average recall with ef=150: 0.711091
Recall diff is too small for 1 consecutive steps, break.
Recall diff is too small for 1 consecutive steps, break.
Weighted average ef: 842.535
Training convergence-bucket 6 [0, 0) with 200 queries.
Average Recall: 0.62155
Initial average recall with ef=100: 0.586331
Average Recall: 0.71005
Initial average recall with ef=150: 0.680651
Recall diff is too small for 1 consecutive steps, break.
Recall diff is too small for 1 consecutive steps, break.
Recall diff is too small for 1 consecutive steps, break.
Recall diff is too small for 1 consecutive steps, break.
Weighted average ef: 992.89
Training convergence-bucket 7 [0, 0) with 200 queries.
Average Recall: 0.73455
Initial average recall with ef=100: 0.719437
Average Recall: 0.81
Initial average recall with ef=150: 0.796562
Recall diff is too small for 1 consecutive steps, break.
Weighted average ef: 495.91
Training convergence-bucket 8 [0, 3.14714) with 200 queries.
Average Recall: 0.78215
Initial average recall with ef=100: 0.785484
Average Recall: 0.84505
Initial average recall with ef=150: 0.845678
Recall diff is too small for 1 consecutive steps, break.
Recall diff is too small for 1 consecutive steps, break.
Weighted average ef: 383.52
Training convergence-bucket 9 [3.14714, inf) with 200 queries.
Average Recall: 0.73305
Initial average recall with ef=100: 0.718782
Average Recall: 0.801
Initial average recall with ef=150: 0.789423
Recall diff is too small for 1 consecutive steps, break.
Recall diff is too small for 1 consecutive steps, break.
Recall diff is too small for 1 consecutive steps, break.
Weighted average ef: 543.56
Reconstructed True WAE: 562.539 (Hard Pct: 0.01025)
****Weighted average ef: 562
Search time: 4154 ms
Search time: 4053 ms
Search time: 3945 ms
Average Recall: 0.96482
5th percentile recall: 0.89
1st percentile recall: 0.83
Median search time: 4053 ms
Search times: 3945 ms, 4053 ms, 4154 ms, 
gist-960-euclidean experiment results:
statisc_length, time, avg_recall, 5th_percentile_recall, 1st_percentile_recall, recall_above_99, recall_above_95, recall_above_90
33, 4053, 0.96482, 0.89, 0.83, 429, 677, 908
Experiment finished


Visited list size: 1025


Loading samplings from /home/ryawszn/experiments/shiro-ef/sampling/gist-960-euclidean-samplings--k100-ef.bin
Samplings loaded from /home/ryawszn/experiments/shiro-ef/sampling/gist-960-euclidean-samplings--k100-ef.bin
Average Recall: 0.723844
Initial average recall with ef=100: 0.721912
Average Recall: 0.798894
Initial average recall with ef=150: 0.797498
Recall diff is too small for 1 consecutive steps, break.
Weighted average ef: 635.626
EF-estimation table computing time: 37734 ms
Training convergence-bucket 0 [30.6942, 41.7589) with 200 queries.
Average Recall: 0.51515
Initial average recall with ef=100: 0.511554
Average Recall: 0.61175
Initial average recall with ef=150: 0.608238
Recall diff is too small for 1 consecutive steps, break.
Weighted average ef: 1495.17
Training convergence-bucket 1 [41.7589, 45.8009) with 200 queries.
Average Recall: 0.57655
Initial average recall with ef=100: 0.573777
Average Recall: 0.6722
Initial average recall with ef=150: 0.669681
Weighted average ef: 975.03
Training convergence-bucket 2 [45.8009, 49.4407) with 200 queries.
Average Recall: 0.61415
Initial average recall with ef=100: 0.615183
Average Recall: 0.70725
Initial average recall with ef=150: 0.707173
Recall diff is too small for 1 consecutive steps, break.
Weighted average ef: 883.62
Training convergence-bucket 3 [49.4407, 52.3927) with 200 queries.
Average Recall: 0.65175
Initial average recall with ef=100: 0.652872
Average Recall: 0.7456
Initial average recall with ef=150: 0.74617
Recall diff is too small for 1 consecutive steps, break.
Recall diff is too small for 1 consecutive steps, break.
Weighted average ef: 677.56
Training convergence-bucket 4 [52.3927, 55.4145) with 200 queries.
Average Recall: 0.6924
Initial average recall with ef=100: 0.69413
Average Recall: 0.7775
Initial average recall with ef=150: 0.779728
Weighted average ef: 533.665
Training convergence-bucket 5 [55.4145, 58.7542) with 200 queries.
Average Recall: 0.75675
Initial average recall with ef=100: 0.75113
Average Recall: 0.8333
Initial average recall with ef=150: 0.827684
Recall diff is too small for 1 consecutive steps, break.
Weighted average ef: 411.265
Training convergence-bucket 6 [58.7542, 61.8934) with 200 queries.
Average Recall: 0.78145
Initial average recall with ef=100: 0.784063
Average Recall: 0.8523
Initial average recall with ef=150: 0.854271
Recall diff is too small for 1 consecutive steps, break.
Weighted average ef: 392.115
Training convergence-bucket 7 [61.8934, 67.1228) with 200 queries.
Average Recall: 0.8253
Initial average recall with ef=100: 0.827581
Average Recall: 0.88935
Initial average recall with ef=150: 0.891505
Weighted average ef: 297.63
Training convergence-bucket 8 [67.1228, 73.6922) with 200 queries.
Average Recall: 0.87545
Initial average recall with ef=100: 0.876162
Average Recall: 0.9265
Initial average recall with ef=150: 0.927892
Weighted average ef: 213.98
Training convergence-bucket 9 [73.6922, inf) with 200 queries.
Average Recall: 0.9495
Initial average recall with ef=100: 0.950852
Average Recall: 0.9732
Initial average recall with ef=150: 0.974432
Weighted average ef: 112.635
Reconstructed True WAE: 536.988 (Hard Pct: 0.01025)
****Weighted average ef: 536
Search time: 4332 ms
Search time: 4267 ms
Search time: 4284 ms
Average Recall: 0.97068
5th percentile recall: 0.91
1st percentile recall: 0.87
Median search time: 4284 ms
Search times: 4267 ms, 4284 ms, 4332 ms, 
gist-960-euclidean experiment results:
statisc_length, time, avg_recall, 5th_percentile_recall, 1st_percentile_recall, recall_above_99, recall_above_95, recall_above_90
1025, 4284, 0.97068, 0.91, 0.87, 425, 748, 962
Experiment finished
Dataset: tiny5m-384-euclidean
Metric: l2
Truncation ratio: 0.5
Data vectors dimensions: 5000000 x 384
Query vectors dimensions: 1000 x 384
Neighbors dimensions: 1000 x 100
Index loaded
Dimension of space:384
Data size of space:1536
Samplings loaded


Visited list size: 100


Loading samplings from /home/ryawszn/experiments/shiro-ef/sampling/tiny5m-384-euclidean-samplings--k100-ef.bin
Samplings loaded from /home/ryawszn/experiments/shiro-ef/sampling/tiny5m-384-euclidean-samplings--k100-ef.bin
Average Recall: 0.63727
Initial average recall with ef=100: 0.637605
Average Recall: 0.709249
Initial average recall with ef=150: 0.709599
Recall diff is too small for 1 consecutive steps, break.
Weighted average ef: 1215.32
EF-estimation table computing time: 54142 ms
Training convergence-bucket 0 [0, 1.70488) with 200 queries.
Average Recall: 0.63005
Initial average recall with ef=100: 0.60753
Average Recall: 0.70145
Initial average recall with ef=150: 0.683012
Recall diff is too small for 1 consecutive steps, break.
Weighted average ef: 1048.68
Training convergence-bucket 1 [1.70488, 5.52896) with 200 queries.
Average Recall: 0.6258
Initial average recall with ef=100: 0.601046
Average Recall: 0.69725
Initial average recall with ef=150: 0.674942
Recall diff is too small for 1 consecutive steps, break.
Recall diff is too small for 1 consecutive steps, break.
Recall diff is too small for 1 consecutive steps, break.
Weighted average ef: 1257.55
Training convergence-bucket 2 [5.52896, 9.5438) with 200 queries.
Average Recall: 0.6186
Initial average recall with ef=100: 0.588922
Average Recall: 0.6907
Initial average recall with ef=150: 0.662515
Recall diff is too small for 1 consecutive steps, break.
Recall diff is too small for 1 consecutive steps, break.
Weighted average ef: 1382.43
Training convergence-bucket 3 [9.5438, 12.7452) with 200 queries.
Average Recall: 0.6521
Initial average recall with ef=100: 0.623636
Average Recall: 0.727
Initial average recall with ef=150: 0.702121
Recall diff is too small for 1 consecutive steps, break.
Recall diff is too small for 1 consecutive steps, break.
Recall diff is too small for 1 consecutive steps, break.
Recall diff is too small for 1 consecutive steps, break.
Recall diff is too small for 1 consecutive steps, break.
Weighted average ef: 968.24
Training convergence-bucket 4 [12.7452, 16.0145) with 200 queries.
Average Recall: 0.60745
Initial average recall with ef=100: 0.563806
Average Recall: 0.6861
Initial average recall with ef=150: 0.646516
Recall diff is too small for 1 consecutive steps, break.
Weighted average ef: 1225.31
Training convergence-bucket 5 [16.0145, 20.0493) with 200 queries.
Average Recall: 0.62105
Initial average recall with ef=100: 0.585665
Average Recall: 0.6944
Initial average recall with ef=150: 0.662543
Recall diff is too small for 1 consecutive steps, break.
Recall diff is too small for 1 consecutive steps, break.
Weighted average ef: 1252.77
Training convergence-bucket 6 [20.0493, 25.4146) with 200 queries.
Average Recall: 0.63265
Initial average recall with ef=100: 0.606454
Average Recall: 0.70505
Initial average recall with ef=150: 0.679535
Recall diff is too small for 1 consecutive steps, break.
Recall diff is too small for 1 consecutive steps, break.
Recall diff is too small for 1 consecutive steps, break.
Recall diff is too small for 1 consecutive steps, break.
Recall diff is too small for 1 consecutive steps, break.
Weighted average ef: 1143.01
Training convergence-bucket 7 [25.4146, 30.4785) with 200 queries.
Average Recall: 0.61295
Initial average recall with ef=100: 0.576306
Average Recall: 0.68675
Initial average recall with ef=150: 0.651401
Recall diff is too small for 1 consecutive steps, break.
Recall diff is too small for 1 consecutive steps, break.
Weighted average ef: 1167.17
Training convergence-bucket 8 [30.4785, 39.8546) with 200 queries.
Average Recall: 0.632
Initial average recall with ef=100: 0.601707
Average Recall: 0.7045
Initial average recall with ef=150: 0.676829
Recall diff is too small for 1 consecutive steps, break.
Recall diff is too small for 1 consecutive steps, break.
Weighted average ef: 1264.59
Training convergence-bucket 9 [39.8546, inf) with 200 queries.
Average Recall: 0.74005
Initial average recall with ef=100: 0.749167
Average Recall: 0.7993
Initial average recall with ef=150: 0.805417
Recall diff is too small for 1 consecutive steps, break.
Recall diff is too small for 1 consecutive steps, break.
Weighted average ef: 585.22
Reconstructed True WAE: 1181.32 (Hard Pct: 0.00815)
****Weighted average ef: 1181
Search time: 5952 ms
Search time: 5926 ms
Search time: 5894 ms
Average Recall: 0.97089
5th percentile recall: 0.9
1st percentile recall: 0.83
Median search time: 5926 ms
Search times: 5894 ms, 5926 ms, 5952 ms, 
tiny5m-384-euclidean experiment results:
statisc_length, time, avg_recall, 5th_percentile_recall, 1st_percentile_recall, recall_above_99, recall_above_95, recall_above_90
100, 5926, 0.97089, 0.9, 0.83, 540, 765, 932
Experiment finished


Visited list size: 250


Loading samplings from /home/ryawszn/experiments/shiro-ef/sampling/tiny5m-384-euclidean-samplings--k100-ef.bin
Samplings loaded from /home/ryawszn/experiments/shiro-ef/sampling/tiny5m-384-euclidean-samplings--k100-ef.bin
Average Recall: 0.63727
Initial average recall with ef=100: 0.637118
Average Recall: 0.709224
Initial average recall with ef=150: 0.709133
Recall diff is too small for 1 consecutive steps, break.
Weighted average ef: 1203.95
EF-estimation table computing time: 51442 ms
Training convergence-bucket 0 [2.27092, 18.8445) with 200 queries.
Average Recall: 0.58865
Initial average recall with ef=100: 0.557143
Average Recall: 0.6588
Initial average recall with ef=150: 0.630179
Recall diff is too small for 1 consecutive steps, break.
Recall diff is too small for 1 consecutive steps, break.
Recall diff is too small for 1 consecutive steps, break.
Recall diff is too small for 1 consecutive steps, break.
Weighted average ef: 1303.9
Training convergence-bucket 1 [18.8445, 24.1212) with 200 queries.
Average Recall: 0.56585
Initial average recall with ef=100: 0.536628
Average Recall: 0.64295
Initial average recall with ef=150: 0.617093
Recall diff is too small for 1 consecutive steps, break.
Recall diff is too small for 1 consecutive steps, break.
Weighted average ef: 1359.26
Training convergence-bucket 2 [24.1212, 27.7046) with 200 queries.
Average Recall: 0.5677
Initial average recall with ef=100: 0.551561
Average Recall: 0.6499
Initial average recall with ef=150: 0.635029
Recall diff is too small for 1 consecutive steps, break.
Weighted average ef: 1355.19
Training convergence-bucket 3 [27.7046, 30.7366) with 200 queries.
Average Recall: 0.5441
Initial average recall with ef=100: 0.51927
Average Recall: 0.62725
Initial average recall with ef=150: 0.604382
Recall diff is too small for 1 consecutive steps, break.
Recall diff is too small for 1 consecutive steps, break.
Recall diff is too small for 1 consecutive steps, break.
Recall diff is too small for 1 consecutive steps, break.
Weighted average ef: 1607.83
Training convergence-bucket 4 [30.7366, 34.1283) with 200 queries.
Average Recall: 0.5547
Initial average recall with ef=100: 0.527371
Average Recall: 0.6305
Initial average recall with ef=150: 0.603943
Recall diff is too small for 1 consecutive steps, break.
Recall diff is too small for 1 consecutive steps, break.
Weighted average ef: 1586.39
Training convergence-bucket 5 [34.1283, 37.8845) with 200 queries.
Average Recall: 0.57625
Initial average recall with ef=100: 0.548963
Average Recall: 0.65695
Initial average recall with ef=150: 0.633719
Weighted average ef: 1245.21
Training convergence-bucket 6 [37.8845, 42.2144) with 200 queries.
Average Recall: 0.6085
Initial average recall with ef=100: 0.595574
Average Recall: 0.69135
Initial average recall with ef=150: 0.679399
Recall diff is too small for 1 consecutive steps, break.
Recall diff is too small for 1 consecutive steps, break.
Recall diff is too small for 1 consecutive steps, break.
Weighted average ef: 1153.51
Training convergence-bucket 7 [42.2144, 48.5427) with 200 queries.
Average Recall: 0.68835
Initial average recall with ef=100: 0.670181
Average Recall: 0.7587
Initial average recall with ef=150: 0.744578
Recall diff is too small for 1 consecutive steps, break.
Recall diff is too small for 1 consecutive steps, break.
Weighted average ef: 810.615
Training convergence-bucket 8 [48.5427, 57.5264) with 200 queries.
Average Recall: 0.783
Initial average recall with ef=100: 0.787006
Average Recall: 0.84265
Initial average recall with ef=150: 0.847126
Recall diff is too small for 1 consecutive steps, break.
Recall diff is too small for 1 consecutive steps, break.
Recall diff is too small for 1 consecutive steps, break.
Weighted average ef: 408.12
Training convergence-bucket 9 [57.5264, inf) with 200 queries.
Average Recall: 0.8956
Initial average recall with ef=100: 0.922976
Average Recall: 0.9332
Initial average recall with ef=150: 0.953929
Weighted average ef: 148.225
Reconstructed True WAE: 1099.6 (Hard Pct: 0.00815)
****Weighted average ef: 1099
Search time: 5639 ms
Search time: 5640 ms
Search time: 5643 ms
Average Recall: 0.96966
5th percentile recall: 0.89
1st percentile recall: 0.84
Median search time: 5640 ms
Search times: 5639 ms, 5640 ms, 5643 ms, 
tiny5m-384-euclidean experiment results:
statisc_length, time, avg_recall, 5th_percentile_recall, 1st_percentile_recall, recall_above_99, recall_above_95, recall_above_90
250, 5640, 0.96966, 0.89, 0.84, 501, 762, 921
Experiment finished


Visited list size: 500


Loading samplings from /home/ryawszn/experiments/shiro-ef/sampling/tiny5m-384-euclidean-samplings--k100-ef.bin
Samplings loaded from /home/ryawszn/experiments/shiro-ef/sampling/tiny5m-384-euclidean-samplings--k100-ef.bin
Average Recall: 0.63727
Initial average recall with ef=100: 0.636857
Average Recall: 0.709234
Initial average recall with ef=150: 0.708917
Recall diff is too small for 1 consecutive steps, break.
Weighted average ef: 1195.31
EF-estimation table computing time: 51421 ms
Training convergence-bucket 0 [11.36, 30.3319) with 200 queries.
Average Recall: 0.48145
Initial average recall with ef=100: 0.470423
Average Recall: 0.5558
Initial average recall with ef=150: 0.545556
Recall diff is too small for 1 consecutive steps, break.
Weighted average ef: 2093.65
Training convergence-bucket 1 [30.3319, 34.9061) with 200 queries.
Average Recall: 0.4853
Initial average recall with ef=100: 0.460722
Average Recall: 0.5749
Initial average recall with ef=150: 0.552
Recall diff is too small for 1 consecutive steps, break.
Recall diff is too small for 1 consecutive steps, break.
Recall diff is too small for 1 consecutive steps, break.
Recall diff is too small for 1 consecutive steps, break.
Recall diff is too small for 1 consecutive steps, break.
Weighted average ef: 1802.59
Training convergence-bucket 2 [34.9061, 37.9415) with 200 queries.
Average Recall: 0.4987
Initial average recall with ef=100: 0.486196
Average Recall: 0.5837
Initial average recall with ef=150: 0.572174
Weighted average ef: 1736.74
Training convergence-bucket 3 [37.9415, 41.284) with 200 queries.
Average Recall: 0.52865
Initial average recall with ef=100: 0.510437
Average Recall: 0.60625
Initial average recall with ef=150: 0.58847
Recall diff is too small for 1 consecutive steps, break.
Recall diff is too small for 1 consecutive steps, break.
Recall diff is too small for 1 consecutive steps, break.
Weighted average ef: 1634.89
Training convergence-bucket 4 [41.284, 44.5612) with 200 queries.
Average Recall: 0.5677
Initial average recall with ef=100: 0.559011
Average Recall: 0.65085
Initial average recall with ef=150: 0.643571
Recall diff is too small for 1 consecutive steps, break.
Recall diff is too small for 1 consecutive steps, break.
Weighted average ef: 1207.23
Training convergence-bucket 5 [44.5612, 48.4976) with 200 queries.
Average Recall: 0.6043
Initial average recall with ef=100: 0.58977
Average Recall: 0.6882
Initial average recall with ef=150: 0.676839
Weighted average ef: 1125.92
Training convergence-bucket 6 [48.4976, 53.111) with 200 queries.
Average Recall: 0.6962
Initial average recall with ef=100: 0.692614
Average Recall: 0.7703
Initial average recall with ef=150: 0.768409
Weighted average ef: 721.67
Training convergence-bucket 7 [53.111, 59.2926) with 200 queries.
Average Recall: 0.7435
Initial average recall with ef=100: 0.758111
Average Recall: 0.81165
Initial average recall with ef=150: 0.826556
Recall diff is too small for 1 consecutive steps, break.
Weighted average ef: 475.27
Training convergence-bucket 8 [59.2926, 67.3852) with 200 queries.
Average Recall: 0.8514
Initial average recall with ef=100: 0.851243
Average Recall: 0.9013
Initial average recall with ef=150: 0.902486
Recall diff is too small for 1 consecutive steps, break.
Weighted average ef: 286.615
Training convergence-bucket 9 [67.3852, inf) with 200 queries.
Average Recall: 0.9155
Initial average recall with ef=100: 0.93017
Average Recall: 0.9494
Initial average recall with ef=150: 0.959887
Weighted average ef: 141.8
Reconstructed True WAE: 1093.29 (Hard Pct: 0.00815)
****Weighted average ef: 1093
Search time: 5623 ms
Search time: 5736 ms
Search time: 5731 ms
Average Recall: 0.9709
5th percentile recall: 0.9
1st percentile recall: 0.84
Median search time: 5731 ms
Search times: 5623 ms, 5731 ms, 5736 ms, 
tiny5m-384-euclidean experiment results:
statisc_length, time, avg_recall, 5th_percentile_recall, 1st_percentile_recall, recall_above_99, recall_above_95, recall_above_90
500, 5731, 0.9709, 0.9, 0.84, 515, 761, 938
Experiment finished


Visited list size: 750


Loading samplings from /home/ryawszn/experiments/shiro-ef/sampling/tiny5m-384-euclidean-samplings--k100-ef.bin
Samplings loaded from /home/ryawszn/experiments/shiro-ef/sampling/tiny5m-384-euclidean-samplings--k100-ef.bin
Average Recall: 0.637275
Initial average recall with ef=100: 0.637275
Average Recall: 0.709229
Initial average recall with ef=150: 0.70923
Recall diff is too small for 1 consecutive steps, break.
Weighted average ef: 1202.21
EF-estimation table computing time: 52404 ms
Training convergence-bucket 0 [17.1152, 35.4) with 200 queries.
Average Recall: 0.4181
Initial average recall with ef=100: 0.409789
Average Recall: 0.50125
Initial average recall with ef=150: 0.49321
Recall diff is too small for 1 consecutive steps, break.
Weighted average ef: 2410.78
Training convergence-bucket 1 [35.4, 39.3415) with 200 queries.
Average Recall: 0.45265
Initial average recall with ef=100: 0.445895
Average Recall: 0.53605
Initial average recall with ef=150: 0.530158
Recall diff is too small for 1 consecutive steps, break.
Recall diff is too small for 1 consecutive steps, break.
Weighted average ef: 2125.35
Training convergence-bucket 2 [39.3415, 42.818) with 200 queries.
Average Recall: 0.502
Initial average recall with ef=100: 0.491429
Average Recall: 0.58335
Initial average recall with ef=150: 0.572963
Recall diff is too small for 1 consecutive steps, break.
Recall diff is too small for 1 consecutive steps, break.
Weighted average ef: 1877.45
Training convergence-bucket 3 [42.818, 46.0689) with 200 queries.
Average Recall: 0.52215
Initial average recall with ef=100: 0.514579
Average Recall: 0.6087
Initial average recall with ef=150: 0.601895
Recall diff is too small for 1 consecutive steps, break.
Recall diff is too small for 1 consecutive steps, break.
Weighted average ef: 1449.96
Training convergence-bucket 4 [46.0689, 49.3836) with 200 queries.
Average Recall: 0.5842
Initial average recall with ef=100: 0.577219
Average Recall: 0.66905
Initial average recall with ef=150: 0.662086
Recall diff is too small for 1 consecutive steps, break.
Recall diff is too small for 1 consecutive steps, break.
Weighted average ef: 1245.35
Training convergence-bucket 5 [49.3836, 53.3286) with 200 queries.
Average Recall: 0.6277
Initial average recall with ef=100: 0.617158
Average Recall: 0.70585
Initial average recall with ef=150: 0.696632
Recall diff is too small for 1 consecutive steps, break.
Recall diff is too small for 1 consecutive steps, break.
Recall diff is too small for 1 consecutive steps, break.
Weighted average ef: 1098.34
Training convergence-bucket 6 [53.3286, 58.1182) with 200 queries.
Average Recall: 0.7096
Initial average recall with ef=100: 0.712033
Average Recall: 0.7822
Initial average recall with ef=150: 0.78478
Recall diff is too small for 1 consecutive steps, break.
Weighted average ef: 654.52
Training convergence-bucket 7 [58.1182, 63.9646) with 200 queries.
Average Recall: 0.7761
Initial average recall with ef=100: 0.776774
Average Recall: 0.84185
Initial average recall with ef=150: 0.843495
Recall diff is too small for 1 consecutive steps, break.
Weighted average ef: 472.145
Training convergence-bucket 8 [63.9646, 71.5132) with 200 queries.
Average Recall: 0.85625
Initial average recall with ef=100: 0.8555
Average Recall: 0.9112
Initial average recall with ef=150: 0.911
Weighted average ef: 245.36
Training convergence-bucket 9 [71.5132, inf) with 200 queries.
Average Recall: 0.924
Initial average recall with ef=100: 0.934624
Average Recall: 0.9528
Initial average recall with ef=150: 0.961183
Weighted average ef: 156.875
Reconstructed True WAE: 1070.79 (Hard Pct: 0.00815)
****Weighted average ef: 1070
Search time: 5723 ms
Search time: 5678 ms
Search time: 5716 ms
Average Recall: 0.97097
5th percentile recall: 0.9
1st percentile recall: 0.85
Median search time: 5716 ms
Search times: 5678 ms, 5716 ms, 5723 ms, 
tiny5m-384-euclidean experiment results:
statisc_length, time, avg_recall, 5th_percentile_recall, 1st_percentile_recall, recall_above_99, recall_above_95, recall_above_90
750, 5716, 0.97097, 0.9, 0.85, 504, 767, 937
Experiment finished


Visited list size: 1000


Loading samplings from /home/ryawszn/experiments/shiro-ef/sampling/tiny5m-384-euclidean-samplings--k100-ef.bin
Samplings loaded from /home/ryawszn/experiments/shiro-ef/sampling/tiny5m-384-euclidean-samplings--k100-ef.bin
Average Recall: 0.63727
Initial average recall with ef=100: 0.636092
Average Recall: 0.709239
Initial average recall with ef=150: 0.708222
Weighted average ef: 1199.38
EF-estimation table computing time: 51085 ms
Training convergence-bucket 0 [22.3759, 37.6213) with 200 queries.
Average Recall: 0.3961
Initial average recall with ef=100: 0.392769
Average Recall: 0.4721
Initial average recall with ef=150: 0.468769
Recall diff is too small for 1 consecutive steps, break.
Weighted average ef: 2694.34
Training convergence-bucket 1 [37.6213, 42.2246) with 200 queries.
Average Recall: 0.4355
Initial average recall with ef=100: 0.429319
Average Recall: 0.52605
Initial average recall with ef=150: 0.519843
Recall diff is too small for 1 consecutive steps, break.
Recall diff is too small for 1 consecutive steps, break.
Recall diff is too small for 1 consecutive steps, break.
Weighted average ef: 2080.07
Training convergence-bucket 2 [42.2246, 45.6562) with 200 queries.
Average Recall: 0.5007
Initial average recall with ef=100: 0.500051
Average Recall: 0.58395
Initial average recall with ef=150: 0.583505
Recall diff is too small for 1 consecutive steps, break.
Weighted average ef: 1809.39
Training convergence-bucket 3 [45.6562, 48.844) with 200 queries.
Average Recall: 0.5232
Initial average recall with ef=100: 0.518125
Average Recall: 0.60965
Initial average recall with ef=150: 0.605521
Recall diff is too small for 1 consecutive steps, break.
Recall diff is too small for 1 consecutive steps, break.
Recall diff is too small for 1 consecutive steps, break.
Weighted average ef: 1618.93
Training convergence-bucket 4 [48.844, 52.1632) with 200 queries.
Average Recall: 0.5811
Initial average recall with ef=100: 0.581648
Average Recall: 0.66405
Initial average recall with ef=150: 0.663517
Recall diff is too small for 1 consecutive steps, break.
Weighted average ef: 1235.86
Training convergence-bucket 5 [52.1632, 55.9325) with 200 queries.
Average Recall: 0.6465
Initial average recall with ef=100: 0.651842
Average Recall: 0.726
Initial average recall with ef=150: 0.731526
Recall diff is too small for 1 consecutive steps, break.
Weighted average ef: 891.04
Training convergence-bucket 6 [55.9325, 60.7262) with 200 queries.
Average Recall: 0.7261
Initial average recall with ef=100: 0.72513
Average Recall: 0.79775
Initial average recall with ef=150: 0.797254
Recall diff is too small for 1 consecutive steps, break.
Recall diff is too small for 1 consecutive steps, break.
Weighted average ef: 577.915
Training convergence-bucket 7 [60.7262, 66.4428) with 200 queries.
Average Recall: 0.7739
Initial average recall with ef=100: 0.776432
Average Recall: 0.8435
Initial average recall with ef=150: 0.847459
Recall diff is too small for 1 consecutive steps, break.
Weighted average ef: 404.115
Training convergence-bucket 8 [66.4428, 73.9977) with 200 queries.
Average Recall: 0.8597
Initial average recall with ef=100: 0.862528
Average Recall: 0.91315
Initial average recall with ef=150: 0.915899
Recall diff is too small for 1 consecutive steps, break.
Weighted average ef: 225.435
Training convergence-bucket 9 [73.9977, inf) with 200 queries.
Average Recall: 0.9299
Initial average recall with ef=100: 0.945778
Average Recall: 0.9562
Initial average recall with ef=150: 0.969556
Weighted average ef: 124.965
Reconstructed True WAE: 1060.16 (Hard Pct: 0.00815)
****Weighted average ef: 1060
Search time: 5693 ms
Search time: 5727 ms
Search time: 5687 ms
Average Recall: 0.9712
5th percentile recall: 0.9
1st percentile recall: 0.86
Median search time: 5693 ms
Search times: 5687 ms, 5693 ms, 5727 ms, 
tiny5m-384-euclidean experiment results:
statisc_length, time, avg_recall, 5th_percentile_recall, 1st_percentile_recall, recall_above_99, recall_above_95, recall_above_90
1000, 5693, 0.9712, 0.9, 0.86, 502, 765, 949
Experiment finished


Visited list size: 2000


Loading samplings from /home/ryawszn/experiments/shiro-ef/sampling/tiny5m-384-euclidean-samplings--k100-ef.bin
Samplings loaded from /home/ryawszn/experiments/shiro-ef/sampling/tiny5m-384-euclidean-samplings--k100-ef.bin
Average Recall: 0.637375
Initial average recall with ef=100: 0.6355
Average Recall: 0.709209
Initial average recall with ef=150: 0.707707
Weighted average ef: 1213.39
EF-estimation table computing time: 53850 ms
Training convergence-bucket 0 [32.837, 45.5312) with 200 queries.
Average Recall: 0.36615
Initial average recall with ef=100: 0.362371
Average Recall: 0.4492
Initial average recall with ef=150: 0.445361
Recall diff is too small for 1 consecutive steps, break.
Recall diff is too small for 1 consecutive steps, break.
Weighted average ef: 2914.93
Training convergence-bucket 1 [45.5312, 48.7882) with 200 queries.
Average Recall: 0.4173
Initial average recall with ef=100: 0.416667
Average Recall: 0.4987
Initial average recall with ef=150: 0.498359
Weighted average ef: 2435.37
Training convergence-bucket 2 [48.7882, 51.7768) with 200 queries.
Average Recall: 0.4775
Initial average recall with ef=100: 0.474974
Average Recall: 0.56445
Initial average recall with ef=150: 0.562256
Recall diff is too small for 1 consecutive steps, break.
Recall diff is too small for 1 consecutive steps, break.
Weighted average ef: 1825.8
Training convergence-bucket 3 [51.7768, 54.8458) with 200 queries.
Average Recall: 0.5318
Initial average recall with ef=100: 0.534091
Average Recall: 0.62015
Initial average recall with ef=150: 0.621566
Recall diff is too small for 1 consecutive steps, break.
Recall diff is too small for 1 consecutive steps, break.
Weighted average ef: 1455.31
Training convergence-bucket 4 [54.8458, 57.6805) with 200 queries.
Average Recall: 0.6028
Initial average recall with ef=100: 0.603085
Average Recall: 0.6845
Initial average recall with ef=150: 0.684202
Recall diff is too small for 1 consecutive steps, break.
Weighted average ef: 1014.05
Training convergence-bucket 5 [57.6805, 61.3813) with 200 queries.
Average Recall: 0.6434
Initial average recall with ef=100: 0.646931
Average Recall: 0.72425
Initial average recall with ef=150: 0.728095
Weighted average ef: 916.155
Training convergence-bucket 6 [61.3813, 65.2123) with 200 queries.
Average Recall: 0.735
Initial average recall with ef=100: 0.741337
Average Recall: 0.80905
Initial average recall with ef=150: 0.815936
Weighted average ef: 453.635
Training convergence-bucket 7 [65.2123, 71.1422) with 200 queries.
Average Recall: 0.7847
Initial average recall with ef=100: 0.788656
Average Recall: 0.85435
Initial average recall with ef=150: 0.859032
Weighted average ef: 372.3
Training convergence-bucket 8 [71.1422, 77.6019) with 200 queries.
Average Recall: 0.86875
Initial average recall with ef=100: 0.868973
Average Recall: 0.91955
Initial average recall with ef=150: 0.920811
Weighted average ef: 225.335
Training convergence-bucket 9 [77.6019, inf) with 200 queries.
Average Recall: 0.94635
Initial average recall with ef=100: 0.960058
Average Recall: 0.9679
Initial average recall with ef=150: 0.98
Weighted average ef: 105.25
Reconstructed True WAE: 1062.22 (Hard Pct: 0.00815)
****Weighted average ef: 1062
Search time: 5800 ms
Search time: 5851 ms
Search time: 5752 ms
Average Recall: 0.97174
5th percentile recall: 0.91
1st percentile recall: 0.85
Median search time: 5800 ms
Search times: 5752 ms, 5800 ms, 5851 ms, 
tiny5m-384-euclidean experiment results:
statisc_length, time, avg_recall, 5th_percentile_recall, 1st_percentile_recall, recall_above_99, recall_above_95, recall_above_90
2000, 5800, 0.97174, 0.91, 0.85, 483, 766, 952
Experiment finished


Visited list size: 33


Loading samplings from /home/ryawszn/experiments/shiro-ef/sampling/tiny5m-384-euclidean-samplings--k100-ef.bin
Samplings loaded from /home/ryawszn/experiments/shiro-ef/sampling/tiny5m-384-euclidean-samplings--k100-ef.bin
Average Recall: 0.63727
Initial average recall with ef=100: 0.636371
Average Recall: 0.709249
Initial average recall with ef=150: 0.708546
Recall diff is too small for 1 consecutive steps, break.
Recall diff is too small for 1 consecutive steps, break.
Recall diff is too small for 1 consecutive steps, break.
Weighted average ef: 1221.7
EF-estimation table computing time: 51711 ms
Training convergence-bucket 0 [0, 0) with 200 queries.
Average Recall: 0.6437
Initial average recall with ef=100: 0.631243
Average Recall: 0.71785
Initial average recall with ef=150: 0.70787
Recall diff is too small for 1 consecutive steps, break.
Recall diff is too small for 1 consecutive steps, break.
Weighted average ef: 958.785
Training convergence-bucket 1 [0, 0) with 200 queries.
Average Recall: 0.6743
Initial average recall with ef=100: 0.666353
Average Recall: 0.7464
Initial average recall with ef=150: 0.740471
Weighted average ef: 810.195
Training convergence-bucket 2 [0, 0) with 200 queries.
Average Recall: 0.64495
Initial average recall with ef=100: 0.632398
Average Recall: 0.72055
Initial average recall with ef=150: 0.711403
Recall diff is too small for 1 consecutive steps, break.
Recall diff is too small for 1 consecutive steps, break.
Recall diff is too small for 1 consecutive steps, break.
Weighted average ef: 954.405
Training convergence-bucket 3 [0, 0) with 200 queries.
Average Recall: 0.66145
Initial average recall with ef=100: 0.648623
Average Recall: 0.735
Initial average recall with ef=150: 0.721257
Recall diff is too small for 1 consecutive steps, break.
Recall diff is too small for 1 consecutive steps, break.
Weighted average ef: 917.24
Training convergence-bucket 4 [0, 0) with 200 queries.
Average Recall: 0.6621
Initial average recall with ef=100: 0.641235
Average Recall: 0.73345
Initial average recall with ef=150: 0.715
Recall diff is too small for 1 consecutive steps, break.
Recall diff is too small for 1 consecutive steps, break.
Recall diff is too small for 1 consecutive steps, break.
Weighted average ef: 925.935
Training convergence-bucket 5 [0, 0) with 200 queries.
Average Recall: 0.59905
Initial average recall with ef=100: 0.577758
Average Recall: 0.67395
Initial average recall with ef=150: 0.654424
Recall diff is too small for 1 consecutive steps, break.
Recall diff is too small for 1 consecutive steps, break.
Recall diff is too small for 1 consecutive steps, break.
Weighted average ef: 1281.19
Training convergence-bucket 6 [0, 0) with 200 queries.
Average Recall: 0.478
Initial average recall with ef=100: 0.450977
Average Recall: 0.54805
Initial average recall with ef=150: 0.520862
Recall diff is too small for 1 consecutive steps, break.
Recall diff is too small for 1 consecutive steps, break.
Recall diff is too small for 1 consecutive steps, break.
Recall diff is too small for 1 consecutive steps, break.
Recall diff is too small for 1 consecutive steps, break.
Weighted average ef: 2310.46
Training convergence-bucket 7 [0, 0) with 200 queries.
Average Recall: 0.63675
Initial average recall with ef=100: 0.604125
Average Recall: 0.71385
Initial average recall with ef=150: 0.683813
Recall diff is too small for 1 consecutive steps, break.
Weighted average ef: 1098.31
Training convergence-bucket 8 [0, 0.057642) with 200 queries.
Average Recall: 0.68085
Initial average recall with ef=100: 0.663837
Average Recall: 0.74645
Initial average recall with ef=150: 0.731395
Recall diff is too small for 1 consecutive steps, break.
Recall diff is too small for 1 consecutive steps, break.
Recall diff is too small for 1 consecutive steps, break.
Recall diff is too small for 1 consecutive steps, break.
Recall diff is too small for 1 consecutive steps, break.
Weighted average ef: 943.79
Training convergence-bucket 9 [0.057642, inf) with 200 queries.
Average Recall: 0.69155
Initial average recall with ef=100: 0.680061
Average Recall: 0.75695
Initial average recall with ef=150: 0.747485
Recall diff is too small for 1 consecutive steps, break.
Weighted average ef: 900.605
Reconstructed True WAE: 1083.2 (Hard Pct: 0.00815)
****Weighted average ef: 1083
Search time: 5189 ms
Search time: 5263 ms
Search time: 5200 ms
Average Recall: 0.96232
5th percentile recall: 0.85
1st percentile recall: 0.78
Median search time: 5200 ms
Search times: 5189 ms, 5200 ms, 5263 ms, 
tiny5m-384-euclidean experiment results:
statisc_length, time, avg_recall, 5th_percentile_recall, 1st_percentile_recall, recall_above_99, recall_above_95, recall_above_90
33, 5200, 0.96232, 0.85, 0.78, 506, 716, 874
Experiment finished


Visited list size: 1025


Loading samplings from /home/ryawszn/experiments/shiro-ef/sampling/tiny5m-384-euclidean-samplings--k100-ef.bin
Samplings loaded from /home/ryawszn/experiments/shiro-ef/sampling/tiny5m-384-euclidean-samplings--k100-ef.bin
Average Recall: 0.63727
Initial average recall with ef=100: 0.636088
Average Recall: 0.709229
Initial average recall with ef=150: 0.70826
Weighted average ef: 1207.66
EF-estimation table computing time: 53252 ms
Training convergence-bucket 0 [24.4106, 37.7392) with 200 queries.
Average Recall: 0.39385
Initial average recall with ef=100: 0.3875
Average Recall: 0.46885
Initial average recall with ef=150: 0.462865
Recall diff is too small for 1 consecutive steps, break.
Recall diff is too small for 1 consecutive steps, break.
Weighted average ef: 2780.74
Training convergence-bucket 1 [37.7392, 42.3542) with 200 queries.
Average Recall: 0.4372
Initial average recall with ef=100: 0.433834
Average Recall: 0.52855
Initial average recall with ef=150: 0.525699
Recall diff is too small for 1 consecutive steps, break.
Weighted average ef: 2069.44
Training convergence-bucket 2 [42.3542, 45.9566) with 200 queries.
Average Recall: 0.48585
Initial average recall with ef=100: 0.487487
Average Recall: 0.5704
Initial average recall with ef=150: 0.572513
Recall diff is too small for 1 consecutive steps, break.
Recall diff is too small for 1 consecutive steps, break.
Recall diff is too small for 1 consecutive steps, break.
Weighted average ef: 1857.2
Training convergence-bucket 3 [45.9566, 49.0114) with 200 queries.
Average Recall: 0.5265
Initial average recall with ef=100: 0.525389
Average Recall: 0.612
Initial average recall with ef=150: 0.611762
Weighted average ef: 1535.72
Training convergence-bucket 4 [49.0114, 52.2824) with 200 queries.
Average Recall: 0.60045
Initial average recall with ef=100: 0.592473
Average Recall: 0.68365
Initial average recall with ef=150: 0.676344
Recall diff is too small for 1 consecutive steps, break.
Recall diff is too small for 1 consecutive steps, break.
Recall diff is too small for 1 consecutive steps, break.
Weighted average ef: 1124.8
Training convergence-bucket 5 [52.2824, 55.9473) with 200 queries.
Average Recall: 0.6412
Initial average recall with ef=100: 0.638947
Average Recall: 0.7196
Initial average recall with ef=150: 0.718053
Recall diff is too small for 1 consecutive steps, break.
Recall diff is too small for 1 consecutive steps, break.
Weighted average ef: 981.385
Training convergence-bucket 6 [55.9473, 60.8972) with 200 queries.
Average Recall: 0.72445
Initial average recall with ef=100: 0.723385
Average Recall: 0.79595
Initial average recall with ef=150: 0.795156
Recall diff is too small for 1 consecutive steps, break.
Recall diff is too small for 1 consecutive steps, break.
Recall diff is too small for 1 consecutive steps, break.
Weighted average ef: 597.26
Training convergence-bucket 7 [60.8972, 66.5637) with 200 queries.
Average Recall: 0.77465
Initial average recall with ef=100: 0.777166
Average Recall: 0.84515
Initial average recall with ef=150: 0.848984
Recall diff is too small for 1 consecutive steps, break.
Recall diff is too small for 1 consecutive steps, break.
Weighted average ef: 386.67
Training convergence-bucket 8 [66.5637, 74.078) with 200 queries.
Average Recall: 0.8583
Initial average recall with ef=100: 0.858258
Average Recall: 0.9121
Initial average recall with ef=150: 0.912528
Weighted average ef: 254.865
Training convergence-bucket 9 [74.078, inf) with 200 queries.
Average Recall: 0.93025
Initial average recall with ef=100: 0.946047
Average Recall: 0.95605
Initial average recall with ef=150: 0.970174
Weighted average ef: 117.825
Reconstructed True WAE: 1055.2 (Hard Pct: 0.00815)
****Weighted average ef: 1055
Search time: 5664 ms
Search time: 5701 ms
Search time: 5649 ms
Average Recall: 0.97113
5th percentile recall: 0.9
1st percentile recall: 0.86
Median search time: 5664 ms
Search times: 5649 ms, 5664 ms, 5701 ms, 
tiny5m-384-euclidean experiment results:
statisc_length, time, avg_recall, 5th_percentile_recall, 1st_percentile_recall, recall_above_99, recall_above_95, recall_above_90
1025, 5664, 0.97113, 0.9, 0.86, 491, 767, 941
Experiment finished
Starting ablation study tests: sampling size...


Dataset: deep-image-96-angular
Metric: cd
Truncation ratio: 0.5
Normalize the data vectors
Data vectors dimensions: 9990000 x 96
Query vectors dimensions: 10000 x 96
Neighbors dimensions: 10000 x 100
Using AVX512 Inner Product distance
Index loaded
Dimension of space:96
Data size of space:384


Sampling size: 5000


Ground truth computed in 239719 ms
Sampling computing time: 264795 ms
Loading samplings from /home/ryawszn/experiments/shiro-ef/ablation_sampling_size/deep-image-96-angular-samplings-5000-k100-ef.bin
Samplings loaded from /home/ryawszn/experiments/shiro-ef/ablation_sampling_size/deep-image-96-angular-samplings-5000-k100-ef.bin
Average Recall: 0.835431
Initial average recall with ef=100: 0.835354
Average Recall: 0.884345
Initial average recall with ef=150: 0.884416
Recall diff is too small for 1 consecutive steps, break.
Recall diff is too small for 1 consecutive steps, break.
Recall diff is too small for 1 consecutive steps, break.
Recall diff is too small for 1 consecutive steps, break.
Recall diff is too small for 1 consecutive steps, break.
Recall diff is too small for 1 consecutive steps, break.
Recall diff is too small for 1 consecutive steps, break.
Recall diff is too small for 1 consecutive steps, break.
Recall diff is too small for 1 consecutive steps, break.
Weighted average ef: 370.991
EF-estimation table computing time: 36318 ms
Training convergence-bucket 0 [15.9769, 48.7988) with 500 queries.
Average Recall: 0.618718
Initial average recall with ef=100: 0.617975
Average Recall: 0.698277
Initial average recall with ef=150: 0.697087
Weighted average ef: 964.774
Training convergence-bucket 1 [48.7988, 52.9167) with 500 queries.
Average Recall: 0.64656
Initial average recall with ef=100: 0.644969
Average Recall: 0.72852
Initial average recall with ef=150: 0.72764
Weighted average ef: 803.116
Training convergence-bucket 2 [52.9167, 59.5423) with 500 queries.
Average Recall: 0.727114
Initial average recall with ef=100: 0.723926
Average Recall: 0.8007
Initial average recall with ef=150: 0.799325
Recall diff is too small for 1 consecutive steps, break.
Weighted average ef: 584.228
Training convergence-bucket 3 [59.5423, 63.8973) with 500 queries.
Average Recall: 0.81404
Initial average recall with ef=100: 0.813543
Average Recall: 0.8763
Initial average recall with ef=150: 0.875931
Weighted average ef: 353.082
Training convergence-bucket 4 [63.8973, 67.4557) with 500 queries.
Average Recall: 0.84994
Initial average recall with ef=100: 0.851381
Average Recall: 0.904241
Initial average recall with ef=150: 0.905979
Weighted average ef: 269.664
Training convergence-bucket 5 [67.4557, 70.9055) with 500 queries.
Average Recall: 0.890101
Initial average recall with ef=100: 0.889485
Average Recall: 0.934821
Initial average recall with ef=150: 0.934433
Recall diff is too small for 1 consecutive steps, break.
Weighted average ef: 208.01
Training convergence-bucket 6 [70.9055, 73.985) with 500 queries.
Average Recall: 0.916901
Initial average recall with ef=100: 0.918898
Average Recall: 0.95322
Initial average recall with ef=150: 0.955143
Weighted average ef: 171.894
Training convergence-bucket 7 [73.985, 77.5067) with 500 queries.
Average Recall: 0.940581
Initial average recall with ef=100: 0.941667
Average Recall: 0.96992
Initial average recall with ef=150: 0.970813
Weighted average ef: 133.87
Training convergence-bucket 8 [77.5067, 81.5583) with 500 queries.
Average Recall: 0.9635
Initial average recall with ef=100: 0.964685
Average Recall: 0.98266
Initial average recall with ef=150: 0.98361
Weighted average ef: 110
Training convergence-bucket 9 [81.5583, inf) with 500 queries.
Average Recall: 0.9863
Initial average recall with ef=100: 0.987012
Average Recall: 0.99448
Initial average recall with ef=150: 0.995041
Weighted average ef: 100.344
****Weighted average ef: 369
Search time: 10923 ms
Search time: 10105 ms
Search time: 10129 ms
Average Recall: 0.984824
5th percentile recall: 0.94
1st percentile recall: 0.9
Median search time: 10129 ms
Search times: 10105 ms, 10129 ms, 10923 ms, 
deep-image-96-angular experiment results:
statisc_length, time, avg_recall, 5th_percentile_recall, 1st_percentile_recall, recall_above_99, recall_above_95, recall_above_90
1025, 10129, 0.984824, 0.94, 0.9, 6564, 9059, 9869
Experiment finished


Sampling size: 3000


Ground truth computed in 112389 ms
Sampling computing time: 138775 ms
Loading samplings from /home/ryawszn/experiments/shiro-ef/ablation_sampling_size/deep-image-96-angular-samplings-3000-k100-ef.bin
Samplings loaded from /home/ryawszn/experiments/shiro-ef/ablation_sampling_size/deep-image-96-angular-samplings-3000-k100-ef.bin
Average Recall: 0.83662
Initial average recall with ef=100: 0.83655
Average Recall: 0.885091
Initial average recall with ef=150: 0.88502
Recall diff is too small for 1 consecutive steps, break.
Recall diff is too small for 1 consecutive steps, break.
Recall diff is too small for 1 consecutive steps, break.
Recall diff is too small for 1 consecutive steps, break.
Recall diff is too small for 1 consecutive steps, break.
Recall diff is too small for 1 consecutive steps, break.
Recall diff is too small for 1 consecutive steps, break.
Recall diff is too small for 1 consecutive steps, break.
Recall diff is too small for 1 consecutive steps, break.
Weighted average ef: 384.662
EF-estimation table computing time: 15579 ms
Training convergence-bucket 0 [15.9769, 48.7906) with 300 queries.
Average Recall: 0.617592
Initial average recall with ef=100: 0.614561
Average Recall: 0.697759
Initial average recall with ef=150: 0.693579
Weighted average ef: 957.27
Training convergence-bucket 1 [48.7906, 52.7652) with 300 queries.
Average Recall: 0.6524
Initial average recall with ef=100: 0.651964
Average Recall: 0.7326
Initial average recall with ef=150: 0.732036
Recall diff is too small for 1 consecutive steps, break.
Weighted average ef: 740.46
Training convergence-bucket 2 [52.7652, 59.4389) with 300 queries.
Average Recall: 0.732733
Initial average recall with ef=100: 0.728217
Average Recall: 0.805933
Initial average recall with ef=150: 0.802692
Recall diff is too small for 1 consecutive steps, break.
Weighted average ef: 562.917
Training convergence-bucket 3 [59.4389, 63.8131) with 300 queries.
Average Recall: 0.8111
Initial average recall with ef=100: 0.812774
Average Recall: 0.8734
Initial average recall with ef=150: 0.875034
Weighted average ef: 344.157
Training convergence-bucket 4 [63.8131, 67.4476) with 300 queries.
Average Recall: 0.849633
Initial average recall with ef=100: 0.848182
Average Recall: 0.905033
Initial average recall with ef=150: 0.90472
Weighted average ef: 260.967
Training convergence-bucket 5 [67.4476, 70.7987) with 300 queries.
Average Recall: 0.891967
Initial average recall with ef=100: 0.89614
Average Recall: 0.9348
Initial average recall with ef=150: 0.938316
Weighted average ef: 194.547
Training convergence-bucket 6 [70.7987, 73.871) with 300 queries.
Average Recall: 0.916767
Initial average recall with ef=100: 0.918512
Average Recall: 0.954
Initial average recall with ef=150: 0.955502
Weighted average ef: 160.407
Training convergence-bucket 7 [73.871, 77.6318) with 300 queries.
Average Recall: 0.942234
Initial average recall with ef=100: 0.94479
Average Recall: 0.969867
Initial average recall with ef=150: 0.971853
Weighted average ef: 130.75
Training convergence-bucket 8 [77.6318, 81.9406) with 300 queries.
Average Recall: 0.963534
Initial average recall with ef=100: 0.964712
Average Recall: 0.982334
Initial average recall with ef=150: 0.983186
Weighted average ef: 108.833
Training convergence-bucket 9 [81.9406, inf) with 300 queries.
Average Recall: 0.987567
Initial average recall with ef=100: 0.990807
Average Recall: 0.994633
Initial average recall with ef=150: 0.996597
Weighted average ef: 95
****Weighted average ef: 355
Search time: 10147 ms
Search time: 10121 ms
Search time: 10004 ms
Average Recall: 0.985013
5th percentile recall: 0.94
1st percentile recall: 0.9
Median search time: 10121 ms
Search times: 10004 ms, 10121 ms, 10147 ms, 
deep-image-96-angular experiment results:
statisc_length, time, avg_recall, 5th_percentile_recall, 1st_percentile_recall, recall_above_99, recall_above_95, recall_above_90
1025, 10121, 0.985013, 0.94, 0.9, 6629, 9076, 9863
Experiment finished


Sampling size: 2000


Ground truth computed in 70654 ms
Sampling computing time: 87287 ms
Loading samplings from /home/ryawszn/experiments/shiro-ef/ablation_sampling_size/deep-image-96-angular-samplings-2000-k100-ef.bin
Samplings loaded from /home/ryawszn/experiments/shiro-ef/ablation_sampling_size/deep-image-96-angular-samplings-2000-k100-ef.bin
Average Recall: 0.838966
Initial average recall with ef=100: 0.838874
Average Recall: 0.886667
Initial average recall with ef=150: 0.886606
Recall diff is too small for 1 consecutive steps, break.
Recall diff is too small for 1 consecutive steps, break.
Recall diff is too small for 1 consecutive steps, break.
Recall diff is too small for 1 consecutive steps, break.
Recall diff is too small for 1 consecutive steps, break.
Recall diff is too small for 1 consecutive steps, break.
Recall diff is too small for 1 consecutive steps, break.
Recall diff is too small for 1 consecutive steps, break.
Recall diff is too small for 1 consecutive steps, break.
Recall diff is too small for 1 consecutive steps, break.
Recall diff is too small for 1 consecutive steps, break.
Recall diff is too small for 1 consecutive steps, break.
Recall diff is too small for 1 consecutive steps, break.
Weighted average ef: 358.979
EF-estimation table computing time: 8850 ms
Training convergence-bucket 0 [15.9769, 48.7988) with 200 queries.
Average Recall: 0.620804
Initial average recall with ef=100: 0.61367
Average Recall: 0.699749
Initial average recall with ef=150: 0.69367
Recall diff is too small for 1 consecutive steps, break.
Weighted average ef: 923.35
Training convergence-bucket 1 [48.7988, 52.9019) with 200 queries.
Average Recall: 0.653
Initial average recall with ef=100: 0.643829
Average Recall: 0.73215
Initial average recall with ef=150: 0.723143
Weighted average ef: 737.755
Training convergence-bucket 2 [52.9019, 60.0296) with 200 queries.
Average Recall: 0.7367
Initial average recall with ef=100: 0.734021
Average Recall: 0.8058
Initial average recall with ef=150: 0.803598
Weighted average ef: 531.905
Training convergence-bucket 3 [60.0296, 64.134) with 200 queries.
Average Recall: 0.816
Initial average recall with ef=100: 0.814712
Average Recall: 0.87875
Initial average recall with ef=150: 0.877853
Weighted average ef: 337.12
Training convergence-bucket 4 [64.134, 67.6072) with 200 queries.
Average Recall: 0.858141
Initial average recall with ef=100: 0.855591
Average Recall: 0.912864
Initial average recall with ef=150: 0.910215
Recall diff is too small for 1 consecutive steps, break.
Weighted average ef: 256.965
Training convergence-bucket 5 [67.6072, 71.1849) with 200 queries.
Average Recall: 0.88515
Initial average recall with ef=100: 0.88766
Average Recall: 0.9299
Initial average recall with ef=150: 0.933032
Weighted average ef: 202.975
Training convergence-bucket 6 [71.1849, 74.4271) with 200 queries.
Average Recall: 0.92065
Initial average recall with ef=100: 0.922473
Average Recall: 0.9561
Initial average recall with ef=150: 0.957581
Weighted average ef: 152.75
Training convergence-bucket 7 [74.4271, 77.7543) with 200 queries.
Average Recall: 0.9451
Initial average recall with ef=100: 0.948192
Average Recall: 0.9724
Initial average recall with ef=150: 0.974787
Weighted average ef: 121.8
Training convergence-bucket 8 [77.7543, 82.04) with 200 queries.
Average Recall: 0.9686
Initial average recall with ef=100: 0.968769
Average Recall: 0.9849
Initial average recall with ef=150: 0.985128
Weighted average ef: 109.25
Training convergence-bucket 9 [82.04, inf) with 200 queries.
Average Recall: 0.98455
Initial average recall with ef=100: 0.989126
Average Recall: 0.9933
Initial average recall with ef=150: 0.99612
Weighted average ef: 93.25
****Weighted average ef: 346
Search time: 10126 ms
Search time: 9878 ms
Search time: 10004 ms
Average Recall: 0.98464
5th percentile recall: 0.94
1st percentile recall: 0.9
Median search time: 10004 ms
Search times: 9878 ms, 10004 ms, 10126 ms, 
deep-image-96-angular experiment results:
statisc_length, time, avg_recall, 5th_percentile_recall, 1st_percentile_recall, recall_above_99, recall_above_95, recall_above_90
1025, 10004, 0.98464, 0.94, 0.9, 6551, 9048, 9863
Experiment finished


Sampling size: 1000


Ground truth computed in 37324 ms
Sampling computing time: 45520 ms
Loading samplings from /home/ryawszn/experiments/shiro-ef/ablation_sampling_size/deep-image-96-angular-samplings-1000-k100-ef.bin
Samplings loaded from /home/ryawszn/experiments/shiro-ef/ablation_sampling_size/deep-image-96-angular-samplings-1000-k100-ef.bin
Average Recall: 0.831631
Initial average recall with ef=100: 0.833391
Average Recall: 0.88125
Initial average recall with ef=150: 0.882702
Recall diff is too small for 1 consecutive steps, break.
Recall diff is too small for 1 consecutive steps, break.
Recall diff is too small for 1 consecutive steps, break.
Recall diff is too small for 1 consecutive steps, break.
Recall diff is too small for 1 consecutive steps, break.
Recall diff is too small for 1 consecutive steps, break.
Recall diff is too small for 1 consecutive steps, break.
Recall diff is too small for 1 consecutive steps, break.
Recall diff is too small for 1 consecutive steps, break.
Recall diff is too small for 1 consecutive steps, break.
Weighted average ef: 362.128
EF-estimation table computing time: 4999 ms
Training convergence-bucket 0 [23.9732, 48.5805) with 100 queries.
Average Recall: 0.611515
Initial average recall with ef=100: 0.602841
Average Recall: 0.689192
Initial average recall with ef=150: 0.677727
Weighted average ef: 903.17
Training convergence-bucket 1 [48.5805, 52.5194) with 100 queries.
Average Recall: 0.6499
Initial average recall with ef=100: 0.636071
Average Recall: 0.7287
Initial average recall with ef=150: 0.717381
Weighted average ef: 724.06
Training convergence-bucket 2 [52.5194, 58.6216) with 100 queries.
Average Recall: 0.7407
Initial average recall with ef=100: 0.744545
Average Recall: 0.8129
Initial average recall with ef=150: 0.812857
Weighted average ef: 416.26
Training convergence-bucket 3 [58.6216, 63.5105) with 100 queries.
Average Recall: 0.7798
Initial average recall with ef=100: 0.779146
Average Recall: 0.8481
Initial average recall with ef=150: 0.849756
Weighted average ef: 326.22
Training convergence-bucket 4 [63.5105, 66.9576) with 100 queries.
Average Recall: 0.8596
Initial average recall with ef=100: 0.860964
Average Recall: 0.913
Initial average recall with ef=150: 0.91506
Weighted average ef: 203.76
Training convergence-bucket 5 [66.9576, 70.2342) with 100 queries.
Average Recall: 0.8764
Initial average recall with ef=100: 0.877907
Average Recall: 0.9265
Initial average recall with ef=150: 0.927442
Weighted average ef: 195
Training convergence-bucket 6 [70.2342, 73.1722) with 100 queries.
Average Recall: 0.9138
Initial average recall with ef=100: 0.920933
Average Recall: 0.952
Initial average recall with ef=150: 0.9572
Weighted average ef: 133.32
Training convergence-bucket 7 [73.1722, 76.7458) with 100 queries.
Average Recall: 0.9373
Initial average recall with ef=100: 0.938171
Average Recall: 0.9668
Initial average recall with ef=150: 0.968049
Weighted average ef: 112
Training convergence-bucket 8 [76.7458, 80.8514) with 100 queries.
Average Recall: 0.9595
Initial average recall with ef=100: 0.965405
Average Recall: 0.9792
Initial average recall with ef=150: 0.985135
Weighted average ef: 78.6
Training convergence-bucket 9 [80.8514, inf) with 100 queries.
Average Recall: 0.9856
Initial average recall with ef=100: 0.990385
Average Recall: 0.9942
Initial average recall with ef=150: 0.997436
Weighted average ef: 78
****Weighted average ef: 317
Search time: 9904 ms
Search time: 9824 ms
Search time: 9934 ms
Average Recall: 0.983434
5th percentile recall: 0.94
1st percentile recall: 0.89
Median search time: 9904 ms
Search times: 9824 ms, 9904 ms, 9934 ms, 
deep-image-96-angular experiment results:
statisc_length, time, avg_recall, 5th_percentile_recall, 1st_percentile_recall, recall_above_99, recall_above_95, recall_above_90
1025, 9904, 0.983434, 0.94, 0.89, 6338, 8936, 9837
Experiment finished
Dataset: glove-100-angular
Metric: cd
Truncation ratio: 0.5
Normalize the data vectors
Data vectors dimensions: 1183514 x 100
Query vectors dimensions: 10000 x 100
Neighbors dimensions: 10000 x 100
Using AVX512 Inner Product distance
Index loaded
Dimension of space:100
Data size of space:400


Sampling size: 5000


Ground truth computed in 22792 ms
Sampling computing time: 41577 ms
Loading samplings from /home/ryawszn/experiments/shiro-ef/ablation_sampling_size/glove-100-angular-samplings-5000-k100-ef.bin
Samplings loaded from /home/ryawszn/experiments/shiro-ef/ablation_sampling_size/glove-100-angular-samplings-5000-k100-ef.bin
Average Recall: 0.730259
Initial average recall with ef=100: 0.730298
Average Recall: 0.773522
Initial average recall with ef=150: 0.773553
Weighted average ef: 1651.51
EF-estimation table computing time: 72014 ms
Training convergence-bucket 0 [12.3661, 36.6258) with 500 queries.
Average Recall: 0.4629
Initial average recall with ef=100: 0.450701
Average Recall: 0.51
Initial average recall with ef=150: 0.498062
Recall diff is too small for 1 consecutive steps, break.
Weighted average ef: 4300.1
Training convergence-bucket 1 [36.6258, 45.1641) with 500 queries.
Average Recall: 0.47318
Initial average recall with ef=100: 0.460373
Average Recall: 0.53384
Initial average recall with ef=150: 0.521719
Recall diff is too small for 1 consecutive steps, break.
Recall diff is too small for 1 consecutive steps, break.
Recall diff is too small for 1 consecutive steps, break.
Recall diff is too small for 1 consecutive steps, break.
Weighted average ef: 3766.8
Training convergence-bucket 2 [45.1641, 51.7575) with 500 queries.
Average Recall: 0.53484
Initial average recall with ef=100: 0.523856
Average Recall: 0.5907
Initial average recall with ef=150: 0.58033
Recall diff is too small for 1 consecutive steps, break.
Weighted average ef: 3081.59
Training convergence-bucket 3 [51.7575, 57.3152) with 500 queries.
Average Recall: 0.63934
Initial average recall with ef=100: 0.633542
Average Recall: 0.69804
Initial average recall with ef=150: 0.692667
Weighted average ef: 2042.59
Training convergence-bucket 4 [57.3152, 62.8015) with 500 queries.
Average Recall: 0.7333
Initial average recall with ef=100: 0.731058
Average Recall: 0.789861
Initial average recall with ef=150: 0.788299
Weighted average ef: 1172.31
Training convergence-bucket 5 [62.8015, 67.6736) with 500 queries.
Average Recall: 0.79422
Initial average recall with ef=100: 0.790375
Average Recall: 0.84314
Initial average recall with ef=150: 0.840417
Weighted average ef: 783.572
Training convergence-bucket 6 [67.6736, 72.2123) with 500 queries.
Average Recall: 0.858581
Initial average recall with ef=100: 0.858424
Average Recall: 0.897341
Initial average recall with ef=150: 0.897605
Weighted average ef: 472.972
Training convergence-bucket 7 [72.2123, 76.5039) with 500 queries.
Average Recall: 0.90522
Initial average recall with ef=100: 0.905163
Average Recall: 0.93554
Initial average recall with ef=150: 0.935528
Weighted average ef: 318.028
Training convergence-bucket 8 [76.5039, 80.8632) with 500 queries.
Average Recall: 0.93458
Initial average recall with ef=100: 0.936037
Average Recall: 0.9576
Initial average recall with ef=150: 0.958781
Weighted average ef: 201.542
Training convergence-bucket 9 [80.8632, inf) with 500 queries.
Average Recall: 0.96648
Initial average recall with ef=100: 0.969472
Average Recall: 0.97922
Initial average recall with ef=150: 0.981768
Weighted average ef: 140.848
****Weighted average ef: 1628
Search time: 44985 ms
Search time: 44873 ms
Search time: 44996 ms
Average Recall: 0.979761
5th percentile recall: 0.92
1st percentile recall: 0.88
Median search time: 44985 ms
Search times: 44873 ms, 44985 ms, 44996 ms, 
glove-100-angular experiment results:
statisc_length, time, avg_recall, 5th_percentile_recall, 1st_percentile_recall, recall_above_99, recall_above_95, recall_above_90
1025, 44985, 0.979761, 0.92, 0.88, 6106, 8283, 9697
Experiment finished


Sampling size: 3000


Ground truth computed in 12735 ms
Sampling computing time: 98274 ms
Loading samplings from /home/ryawszn/experiments/shiro-ef/ablation_sampling_size/glove-100-angular-samplings-3000-k100-ef.bin
Samplings loaded from /home/ryawszn/experiments/shiro-ef/ablation_sampling_size/glove-100-angular-samplings-3000-k100-ef.bin
Average Recall: 0.7273
Initial average recall with ef=100: 0.727095
Average Recall: 0.770527
Initial average recall with ef=150: 0.77063
Recall diff is too small for 1 consecutive steps, break.
Weighted average ef: 1688.39
EF-estimation table computing time: 38287 ms
Training convergence-bucket 0 [15.6808, 36.8533) with 300 queries.
Average Recall: 0.463
Initial average recall with ef=100: 0.447553
Average Recall: 0.510333
Initial average recall with ef=150: 0.494056
Recall diff is too small for 1 consecutive steps, break.
Recall diff is too small for 1 consecutive steps, break.
Weighted average ef: 4283.8
Training convergence-bucket 1 [36.8533, 44.7359) with 300 queries.
Average Recall: 0.4686
Initial average recall with ef=100: 0.446893
Average Recall: 0.526467
Initial average recall with ef=150: 0.505679
Recall diff is too small for 1 consecutive steps, break.
Recall diff is too small for 1 consecutive steps, break.
Weighted average ef: 3786.73
Training convergence-bucket 2 [44.7359, 51.6719) with 300 queries.
Average Recall: 0.526656
Initial average recall with ef=100: 0.522968
Average Recall: 0.585467
Initial average recall with ef=150: 0.574876
Weighted average ef: 3175.62
Training convergence-bucket 3 [51.6719, 57.0697) with 300 queries.
Average Recall: 0.6379
Initial average recall with ef=100: 0.633824
Average Recall: 0.6978
Initial average recall with ef=150: 0.694963
Weighted average ef: 1752.96
Training convergence-bucket 4 [57.0697, 62.3526) with 300 queries.
Average Recall: 0.711933
Initial average recall with ef=100: 0.703972
Average Recall: 0.770733
Initial average recall with ef=150: 0.763475
Recall diff is too small for 1 consecutive steps, break.
Weighted average ef: 1222.27
Training convergence-bucket 5 [62.3526, 67.2739) with 300 queries.
Average Recall: 0.7857
Initial average recall with ef=100: 0.773827
Average Recall: 0.8343
Initial average recall with ef=150: 0.824441
Recall diff is too small for 1 consecutive steps, break.
Weighted average ef: 786.28
Training convergence-bucket 6 [67.2739, 72.573) with 300 queries.
Average Recall: 0.866133
Initial average recall with ef=100: 0.864305
Average Recall: 0.9039
Initial average recall with ef=150: 0.902708
Weighted average ef: 449.01
Training convergence-bucket 7 [72.573, 76.8178) with 300 queries.
Average Recall: 0.900933
Initial average recall with ef=100: 0.901444
Average Recall: 0.9331
Initial average recall with ef=150: 0.934366
Weighted average ef: 315.693
Training convergence-bucket 8 [76.8178, 81.054) with 300 queries.
Average Recall: 0.939567
Initial average recall with ef=100: 0.93957
Average Recall: 0.961134
Initial average recall with ef=150: 0.961326
Recall diff is too small for 1 consecutive steps, break.
Weighted average ef: 191.647
Training convergence-bucket 9 [81.054, inf) with 300 queries.
Average Recall: 0.971933
Initial average recall with ef=100: 0.979187
Average Recall: 0.982067
Initial average recall with ef=150: 0.988622
Weighted average ef: 104.987
****Weighted average ef: 1606
Search time: 44253 ms
Search time: 44463 ms
Search time: 44784 ms
Average Recall: 0.979372
5th percentile recall: 0.92
1st percentile recall: 0.87
Median search time: 44463 ms
Search times: 44253 ms, 44463 ms, 44784 ms, 
glove-100-angular experiment results:
statisc_length, time, avg_recall, 5th_percentile_recall, 1st_percentile_recall, recall_above_99, recall_above_95, recall_above_90
1025, 44463, 0.979372, 0.92, 0.87, 6089, 8227, 9678
Experiment finished


Sampling size: 2000


Ground truth computed in 8183 ms
Sampling computing time: 64593 ms
Loading samplings from /home/ryawszn/experiments/shiro-ef/ablation_sampling_size/glove-100-angular-samplings-2000-k100-ef.bin
Samplings loaded from /home/ryawszn/experiments/shiro-ef/ablation_sampling_size/glove-100-angular-samplings-2000-k100-ef.bin
Average Recall: 0.727104
Initial average recall with ef=100: 0.727344
Average Recall: 0.770668
Initial average recall with ef=150: 0.77093
Recall diff is too small for 1 consecutive steps, break.
Weighted average ef: 1690.15
EF-estimation table computing time: 30103 ms
Training convergence-bucket 0 [11.9239, 36.5612) with 200 queries.
Average Recall: 0.45775
Initial average recall with ef=100: 0.434202
Average Recall: 0.5046
Initial average recall with ef=150: 0.481489
Weighted average ef: 4369.62
Training convergence-bucket 1 [36.5612, 44.32) with 200 queries.
Average Recall: 0.4665
Initial average recall with ef=100: 0.442582
Average Recall: 0.5241
Initial average recall with ef=150: 0.500549
Recall diff is too small for 1 consecutive steps, break.
Recall diff is too small for 1 consecutive steps, break.
Recall diff is too small for 1 consecutive steps, break.
Weighted average ef: 3776.78
Training convergence-bucket 2 [44.32, 51.3519) with 200 queries.
Average Recall: 0.5554
Initial average recall with ef=100: 0.541087
Average Recall: 0.61685
Initial average recall with ef=150: 0.604402
Recall diff is too small for 1 consecutive steps, break.
Weighted average ef: 2805.55
Training convergence-bucket 3 [51.3519, 57.3494) with 200 queries.
Average Recall: 0.631
Initial average recall with ef=100: 0.620449
Average Recall: 0.69215
Initial average recall with ef=150: 0.680674
Weighted average ef: 1928.91
Training convergence-bucket 4 [57.3494, 62.36) with 200 queries.
Average Recall: 0.71275
Initial average recall with ef=100: 0.697614
Average Recall: 0.76865
Initial average recall with ef=150: 0.757045
Weighted average ef: 1212.92
Training convergence-bucket 5 [62.36, 67.4098) with 200 queries.
Average Recall: 0.79205
Initial average recall with ef=100: 0.781492
Average Recall: 0.8402
Initial average recall with ef=150: 0.831713
Weighted average ef: 813.325
Training convergence-bucket 6 [67.4098, 72.0157) with 200 queries.
Average Recall: 0.8497
Initial average recall with ef=100: 0.843046
Average Recall: 0.89005
Initial average recall with ef=150: 0.885287
Weighted average ef: 551.17
Training convergence-bucket 7 [72.0157, 76.1974) with 200 queries.
Average Recall: 0.90275
Initial average recall with ef=100: 0.900177
Average Recall: 0.9333
Initial average recall with ef=150: 0.932249
Recall diff is too small for 1 consecutive steps, break.
Weighted average ef: 243.29
Training convergence-bucket 8 [76.1974, 80.8181) with 200 queries.
Average Recall: 0.9334
Initial average recall with ef=100: 0.936292
Average Recall: 0.9541
Initial average recall with ef=150: 0.956348
Recall diff is too small for 1 consecutive steps, break.
Recall diff is too small for 1 consecutive steps, break.
Weighted average ef: 190.01
Training convergence-bucket 9 [80.8181, inf) with 200 queries.
Average Recall: 0.969751
Initial average recall with ef=100: 0.974066
Average Recall: 0.9827
Initial average recall with ef=150: 0.985824
Weighted average ef: 99.5
****Weighted average ef: 1599
Search time: 44636 ms
Search time: 45742 ms
Search time: 44850 ms
Average Recall: 0.979424
5th percentile recall: 0.92
1st percentile recall: 0.87
Median search time: 44850 ms
Search times: 44636 ms, 44850 ms, 45742 ms, 
glove-100-angular experiment results:
statisc_length, time, avg_recall, 5th_percentile_recall, 1st_percentile_recall, recall_above_99, recall_above_95, recall_above_90
1025, 44850, 0.979424, 0.92, 0.87, 6071, 8261, 9686
Experiment finished


Sampling size: 1000


Ground truth computed in 4170 ms
Sampling computing time: 32724 ms
Loading samplings from /home/ryawszn/experiments/shiro-ef/ablation_sampling_size/glove-100-angular-samplings-1000-k100-ef.bin
Samplings loaded from /home/ryawszn/experiments/shiro-ef/ablation_sampling_size/glove-100-angular-samplings-1000-k100-ef.bin
Average Recall: 0.720779
Initial average recall with ef=100: 0.720424
Average Recall: 0.76217
Initial average recall with ef=150: 0.762058
Recall diff is too small for 1 consecutive steps, break.
Weighted average ef: 1822.3
EF-estimation table computing time: 14912 ms
Training convergence-bucket 0 [14.12, 36.4422) with 100 queries.
Average Recall: 0.449
Initial average recall with ef=100: 0.441956
Average Recall: 0.4914
Initial average recall with ef=150: 0.484348
Recall diff is too small for 1 consecutive steps, break.
Weighted average ef: 4253.52
Training convergence-bucket 1 [36.4422, 44.2366) with 100 queries.
Average Recall: 0.4737
Initial average recall with ef=100: 0.460333
Average Recall: 0.5303
Initial average recall with ef=150: 0.516667
Recall diff is too small for 1 consecutive steps, break.
Recall diff is too small for 1 consecutive steps, break.
Recall diff is too small for 1 consecutive steps, break.
Recall diff is too small for 1 consecutive steps, break.
Recall diff is too small for 1 consecutive steps, break.
Weighted average ef: 3619.9
Training convergence-bucket 2 [44.2366, 50.6898) with 100 queries.
Average Recall: 0.5156
Initial average recall with ef=100: 0.508764
Average Recall: 0.573
Initial average recall with ef=150: 0.565618
Recall diff is too small for 1 consecutive steps, break.
Recall diff is too small for 1 consecutive steps, break.
Recall diff is too small for 1 consecutive steps, break.
Recall diff is too small for 1 consecutive steps, break.
Recall diff is too small for 1 consecutive steps, break.
Weighted average ef: 2986.76
Training convergence-bucket 3 [50.6898, 57.6122) with 100 queries.
Average Recall: 0.5915
Initial average recall with ef=100: 0.585733
Average Recall: 0.6439
Initial average recall with ef=150: 0.638267
Recall diff is too small for 1 consecutive steps, break.
Recall diff is too small for 1 consecutive steps, break.
Weighted average ef: 2165.86
Training convergence-bucket 4 [57.6122, 62.9038) with 100 queries.
Average Recall: 0.6981
Initial average recall with ef=100: 0.668354
Average Recall: 0.7546
Initial average recall with ef=150: 0.728228
Weighted average ef: 1500.68
Training convergence-bucket 5 [62.9038, 67.0109) with 100 queries.
Average Recall: 0.8129
Initial average recall with ef=100: 0.819
Average Recall: 0.8618
Initial average recall with ef=150: 0.871714
Weighted average ef: 310.08
Training convergence-bucket 6 [67.0109, 72.2027) with 100 queries.
Average Recall: 0.8561
Initial average recall with ef=100: 0.862113
Average Recall: 0.8917
Initial average recall with ef=150: 0.898732
Recall diff is too small for 1 consecutive steps, break.
Weighted average ef: 349.08
Training convergence-bucket 7 [72.2027, 76.9911) with 100 queries.
Average Recall: 0.9051
Initial average recall with ef=100: 0.902571
Average Recall: 0.9353
Initial average recall with ef=150: 0.932857
Recall diff is too small for 1 consecutive steps, break.
Weighted average ef: 183.27
Training convergence-bucket 8 [76.9911, 80.9762) with 100 queries.
Average Recall: 0.9345
Initial average recall with ef=100: 0.943662
Average Recall: 0.9548
Initial average recall with ef=150: 0.965211
Weighted average ef: 113.26
Training convergence-bucket 9 [80.9762, inf) with 100 queries.
Average Recall: 0.9713
Initial average recall with ef=100: 0.981667
Average Recall: 0.9849
Initial average recall with ef=150: 0.991515
Weighted average ef: 67.5
****Weighted average ef: 1554
Search time: 44294 ms
Search time: 44186 ms
Search time: 44062 ms
Average Recall: 0.978896
5th percentile recall: 0.91
1st percentile recall: 0.87
Median search time: 44186 ms
Search times: 44062 ms, 44186 ms, 44294 ms, 
glove-100-angular experiment results:
statisc_length, time, avg_recall, 5th_percentile_recall, 1st_percentile_recall, recall_above_99, recall_above_95, recall_above_90
1025, 44186, 0.978896, 0.91, 0.87, 6060, 8215, 9627
Experiment finished
Dataset: word2vec-300-angular
Metric: cd
Truncation ratio: 0.5
Normalize the data vectors
Data vectors dimensions: 1000000 x 300
Query vectors dimensions: 1000 x 300
Neighbors dimensions: 1000 x 100
Using AVX512 Inner Product distance
Index loaded
Dimension of space:300
Data size of space:1200


Sampling size: 5000


Ground truth computed in 38355 ms
Sampling computing time: 63394 ms
Loading samplings from /home/ryawszn/experiments/shiro-ef/ablation_sampling_size/word2vec-300-angular-samplings-5000-k100-ef.bin
Samplings loaded from /home/ryawszn/experiments/shiro-ef/ablation_sampling_size/word2vec-300-angular-samplings-5000-k100-ef.bin
Average Recall: 0.819386
Initial average recall with ef=100: 0.819602
Average Recall: 0.867407
Initial average recall with ef=150: 0.868264
Weighted average ef: 514.539
EF-estimation table computing time: 21797 ms
Training convergence-bucket 0 [16.7157, 45.3421) with 500 queries.
Average Recall: 0.588678
Initial average recall with ef=100: 0.589897
Average Recall: 0.66746
Initial average recall with ef=150: 0.670329
Weighted average ef: 957.994
Training convergence-bucket 1 [45.3421, 49.1903) with 500 queries.
Average Recall: 0.60798
Initial average recall with ef=100: 0.608547
Average Recall: 0.69162
Initial average recall with ef=150: 0.693137
Recall diff is too small for 1 consecutive steps, break.
Weighted average ef: 915.452
Training convergence-bucket 2 [49.1903, 55.5752) with 500 queries.
Average Recall: 0.68606
Initial average recall with ef=100: 0.681357
Average Recall: 0.76406
Initial average recall with ef=150: 0.760021
Recall diff is too small for 1 consecutive steps, break.
Recall diff is too small for 1 consecutive steps, break.
Weighted average ef: 748.566
Training convergence-bucket 3 [55.5752, 62.5187) with 500 queries.
Average Recall: 0.78926
Initial average recall with ef=100: 0.791465
Average Recall: 0.85034
Initial average recall with ef=150: 0.85327
Recall diff is too small for 1 consecutive steps, break.
Recall diff is too small for 1 consecutive steps, break.
Recall diff is too small for 1 consecutive steps, break.
Recall diff is too small for 1 consecutive steps, break.
Weighted average ef: 472.426
Training convergence-bucket 4 [62.5187, 67.1937) with 500 queries.
Average Recall: 0.8532
Initial average recall with ef=100: 0.852081
Average Recall: 0.90144
Initial average recall with ef=150: 0.900871
Recall diff is too small for 1 consecutive steps, break.
Recall diff is too small for 1 consecutive steps, break.
Weighted average ef: 312.418
Training convergence-bucket 5 [67.1937, 70.9906) with 500 queries.
Average Recall: 0.8859
Initial average recall with ef=100: 0.884286
Average Recall: 0.925201
Initial average recall with ef=150: 0.924499
Recall diff is too small for 1 consecutive steps, break.
Weighted average ef: 234.19
Training convergence-bucket 6 [70.9906, 73.9035) with 500 queries.
Average Recall: 0.920341
Initial average recall with ef=100: 0.920235
Average Recall: 0.9515
Initial average recall with ef=150: 0.951386
Weighted average ef: 164.33
Training convergence-bucket 7 [73.9035, 76.8518) with 500 queries.
Average Recall: 0.933901
Initial average recall with ef=100: 0.934397
Average Recall: 0.96032
Initial average recall with ef=150: 0.961315
Weighted average ef: 147.574
Training convergence-bucket 8 [76.8518, 80.258) with 500 queries.
Average Recall: 0.95548
Initial average recall with ef=100: 0.954615
Average Recall: 0.9759
Initial average recall with ef=150: 0.975385
Recall diff is too small for 1 consecutive steps, break.
Recall diff is too small for 1 consecutive steps, break.
Weighted average ef: 121.11
Training convergence-bucket 9 [80.258, inf) with 500 queries.
Average Recall: 0.9727
Initial average recall with ef=100: 0.972699
Average Recall: 0.9863
Initial average recall with ef=150: 0.986278
Weighted average ef: 105.724
****Weighted average ef: 417
Search time: 1380 ms
Search time: 1382 ms
Search time: 1387 ms
Average Recall: 0.97706
5th percentile recall: 0.89
1st percentile recall: 0.8
Median search time: 1382 ms
Search times: 1380 ms, 1382 ms, 1387 ms, 
word2vec-300-angular experiment results:
statisc_length, time, avg_recall, 5th_percentile_recall, 1st_percentile_recall, recall_above_99, recall_above_95, recall_above_90
1025, 1382, 0.97706, 0.89, 0.8, 655, 830, 935
Experiment finished


Sampling size: 3000


Ground truth computed in 22344 ms
Sampling computing time: 56552 ms
Loading samplings from /home/ryawszn/experiments/shiro-ef/ablation_sampling_size/word2vec-300-angular-samplings-3000-k100-ef.bin
Samplings loaded from /home/ryawszn/experiments/shiro-ef/ablation_sampling_size/word2vec-300-angular-samplings-3000-k100-ef.bin
Average Recall: 0.818431
Initial average recall with ef=100: 0.818274
Average Recall: 0.866572
Initial average recall with ef=150: 0.867198
Weighted average ef: 540.146
EF-estimation table computing time: 13676 ms
Training convergence-bucket 0 [16.7157, 45.5038) with 300 queries.
Average Recall: 0.579699
Initial average recall with ef=100: 0.576181
Average Recall: 0.659367
Initial average recall with ef=150: 0.660833
Recall diff is too small for 1 consecutive steps, break.
Weighted average ef: 953.683
Training convergence-bucket 1 [45.5038, 49.2529) with 300 queries.
Average Recall: 0.6057
Initial average recall with ef=100: 0.611272
Average Recall: 0.692734
Initial average recall with ef=150: 0.699117
Weighted average ef: 892.12
Training convergence-bucket 2 [49.2529, 55.5498) with 300 queries.
Average Recall: 0.677633
Initial average recall with ef=100: 0.670144
Average Recall: 0.757767
Initial average recall with ef=150: 0.752094
Weighted average ef: 774.153
Training convergence-bucket 3 [55.5498, 62.7725) with 300 queries.
Average Recall: 0.787633
Initial average recall with ef=100: 0.783993
Average Recall: 0.847766
Initial average recall with ef=150: 0.845504
Recall diff is too small for 1 consecutive steps, break.
Recall diff is too small for 1 consecutive steps, break.
Recall diff is too small for 1 consecutive steps, break.
Weighted average ef: 529.807
Training convergence-bucket 4 [62.7725, 67.1138) with 300 queries.
Average Recall: 0.850833
Initial average recall with ef=100: 0.853174
Average Recall: 0.900567
Initial average recall with ef=150: 0.90262
Recall diff is too small for 1 consecutive steps, break.
Weighted average ef: 295.613
Training convergence-bucket 5 [67.1138, 71.0207) with 300 queries.
Average Recall: 0.887267
Initial average recall with ef=100: 0.884907
Average Recall: 0.927
Initial average recall with ef=150: 0.925465
Weighted average ef: 222.673
Training convergence-bucket 6 [71.0207, 74.2946) with 300 queries.
Average Recall: 0.923733
Initial average recall with ef=100: 0.925257
Average Recall: 0.9535
Initial average recall with ef=150: 0.955037
Weighted average ef: 149.407
Training convergence-bucket 7 [74.2946, 77.1196) with 300 queries.
Average Recall: 0.9415
Initial average recall with ef=100: 0.940296
Average Recall: 0.966367
Initial average recall with ef=150: 0.965481
Weighted average ef: 133.937
Training convergence-bucket 8 [77.1196, 80.2527) with 300 queries.
Average Recall: 0.9556
Initial average recall with ef=100: 0.953594
Average Recall: 0.974234
Initial average recall with ef=150: 0.972989
Weighted average ef: 122.047
Training convergence-bucket 9 [80.2527, inf) with 300 queries.
Average Recall: 0.973967
Initial average recall with ef=100: 0.974509
Average Recall: 0.9865
Initial average recall with ef=150: 0.987091
Weighted average ef: 95.81
****Weighted average ef: 416
Search time: 1390 ms
Search time: 1374 ms
Search time: 1413 ms
Average Recall: 0.97768
5th percentile recall: 0.89
1st percentile recall: 0.81
Median search time: 1390 ms
Search times: 1374 ms, 1390 ms, 1413 ms, 
word2vec-300-angular experiment results:
statisc_length, time, avg_recall, 5th_percentile_recall, 1st_percentile_recall, recall_above_99, recall_above_95, recall_above_90
1025, 1390, 0.97768, 0.89, 0.81, 665, 837, 933
Experiment finished


Sampling size: 2000


Ground truth computed in 14900 ms
Sampling computing time: 38216 ms
Loading samplings from /home/ryawszn/experiments/shiro-ef/ablation_sampling_size/word2vec-300-angular-samplings-2000-k100-ef.bin
Samplings loaded from /home/ryawszn/experiments/shiro-ef/ablation_sampling_size/word2vec-300-angular-samplings-2000-k100-ef.bin
Average Recall: 0.814942
Initial average recall with ef=100: 0.815848
Average Recall: 0.863051
Initial average recall with ef=150: 0.86389
Recall diff is too small for 1 consecutive steps, break.
Recall diff is too small for 1 consecutive steps, break.
Weighted average ef: 437.12
EF-estimation table computing time: 10289 ms
Training convergence-bucket 0 [16.7157, 45.4324) with 200 queries.
Average Recall: 0.57135
Initial average recall with ef=100: 0.570765
Average Recall: 0.65215
Initial average recall with ef=150: 0.655191
Weighted average ef: 910.955
Training convergence-bucket 1 [45.4324, 49.0301) with 200 queries.
Average Recall: 0.60335
Initial average recall with ef=100: 0.605464
Average Recall: 0.6891
Initial average recall with ef=150: 0.691749
Recall diff is too small for 1 consecutive steps, break.
Weighted average ef: 862.14
Training convergence-bucket 2 [49.0301, 55.234) with 200 queries.
Average Recall: 0.66035
Initial average recall with ef=100: 0.656167
Average Recall: 0.74275
Initial average recall with ef=150: 0.737389
Recall diff is too small for 1 consecutive steps, break.
Recall diff is too small for 1 consecutive steps, break.
Weighted average ef: 763.465
Training convergence-bucket 3 [55.234, 62.4334) with 200 queries.
Average Recall: 0.79625
Initial average recall with ef=100: 0.792454
Average Recall: 0.8523
Initial average recall with ef=150: 0.849755
Recall diff is too small for 1 consecutive steps, break.
Recall diff is too small for 1 consecutive steps, break.
Weighted average ef: 436.295
Training convergence-bucket 4 [62.4334, 67.152) with 200 queries.
Average Recall: 0.84685
Initial average recall with ef=100: 0.845575
Average Recall: 0.89615
Initial average recall with ef=150: 0.895517
Weighted average ef: 304.035
Training convergence-bucket 5 [67.152, 71.2249) with 200 queries.
Average Recall: 0.88475
Initial average recall with ef=100: 0.88689
Average Recall: 0.9261
Initial average recall with ef=150: 0.927927
Recall diff is too small for 1 consecutive steps, break.
Weighted average ef: 204.79
Training convergence-bucket 6 [71.2249, 74.3644) with 200 queries.
Average Recall: 0.9248
Initial average recall with ef=100: 0.920588
Average Recall: 0.95235
Initial average recall with ef=150: 0.949765
Weighted average ef: 154.235
Training convergence-bucket 7 [74.3644, 77.2476) with 200 queries.
Average Recall: 0.94
Initial average recall with ef=100: 0.938197
Average Recall: 0.96325
Initial average recall with ef=150: 0.961694
Weighted average ef: 139.645
Training convergence-bucket 8 [77.2476, 80.0452) with 200 queries.
Average Recall: 0.9551
Initial average recall with ef=100: 0.957811
Average Recall: 0.9752
Initial average recall with ef=150: 0.977574
Weighted average ef: 101
Training convergence-bucket 9 [80.0452, inf) with 200 queries.
Average Recall: 0.96665
Initial average recall with ef=100: 0.968095
Average Recall: 0.9812
Initial average recall with ef=150: 0.982857
Weighted average ef: 97.715
****Weighted average ef: 397
Search time: 1391 ms
Search time: 1344 ms
Search time: 1333 ms
Average Recall: 0.97621
5th percentile recall: 0.88
1st percentile recall: 0.8
Median search time: 1344 ms
Search times: 1333 ms, 1344 ms, 1391 ms, 
word2vec-300-angular experiment results:
statisc_length, time, avg_recall, 5th_percentile_recall, 1st_percentile_recall, recall_above_99, recall_above_95, recall_above_90
1025, 1344, 0.97621, 0.88, 0.8, 642, 827, 931
Experiment finished


Sampling size: 1000


Ground truth computed in 7722 ms
Sampling computing time: 18907 ms
Loading samplings from /home/ryawszn/experiments/shiro-ef/ablation_sampling_size/word2vec-300-angular-samplings-1000-k100-ef.bin
Samplings loaded from /home/ryawszn/experiments/shiro-ef/ablation_sampling_size/word2vec-300-angular-samplings-1000-k100-ef.bin
Average Recall: 0.811469
Initial average recall with ef=100: 0.813401
Average Recall: 0.860639
Initial average recall with ef=150: 0.863186
Recall diff is too small for 1 consecutive steps, break.
Weighted average ef: 435.621
EF-estimation table computing time: 5101 ms
Training convergence-bucket 0 [29.5677, 45.3188) with 100 queries.
Average Recall: 0.5475
Initial average recall with ef=100: 0.557253
Average Recall: 0.6239
Initial average recall with ef=150: 0.637692
Recall diff is too small for 1 consecutive steps, break.
Weighted average ef: 903.52
Training convergence-bucket 1 [45.3188, 48.9502) with 100 queries.
Average Recall: 0.5972
Initial average recall with ef=100: 0.607444
Average Recall: 0.686
Initial average recall with ef=150: 0.698778
Recall diff is too small for 1 consecutive steps, break.
Weighted average ef: 757.11
Training convergence-bucket 2 [48.9502, 54.9923) with 100 queries.
Average Recall: 0.6501
Initial average recall with ef=100: 0.633418
Average Recall: 0.7346
Initial average recall with ef=150: 0.720886
Recall diff is too small for 1 consecutive steps, break.
Weighted average ef: 697.79
Training convergence-bucket 3 [54.9923, 62.7586) with 100 queries.
Average Recall: 0.7833
Initial average recall with ef=100: 0.787429
Average Recall: 0.8433
Initial average recall with ef=150: 0.848
Weighted average ef: 342.84
Training convergence-bucket 4 [62.7586, 66.7039) with 100 queries.
Average Recall: 0.8501
Initial average recall with ef=100: 0.86125
Average Recall: 0.9026
Initial average recall with ef=150: 0.912361
Recall diff is too small for 1 consecutive steps, break.
Weighted average ef: 210.29
Training convergence-bucket 5 [66.7039, 70.4739) with 100 queries.
Average Recall: 0.8839
Initial average recall with ef=100: 0.887703
Average Recall: 0.923
Initial average recall with ef=150: 0.924595
Weighted average ef: 192.42
Training convergence-bucket 6 [70.4739, 73.5225) with 100 queries.
Average Recall: 0.929
Initial average recall with ef=100: 0.92557
Average Recall: 0.9598
Initial average recall with ef=150: 0.957975
Weighted average ef: 126.56
Training convergence-bucket 7 [73.5225, 76.8277) with 100 queries.
Average Recall: 0.9415
Initial average recall with ef=100: 0.942025
Average Recall: 0.9696
Initial average recall with ef=150: 0.971392
Weighted average ef: 109.78
Training convergence-bucket 8 [76.8277, 80.4151) with 100 queries.
Average Recall: 0.952
Initial average recall with ef=100: 0.955278
Average Recall: 0.9733
Initial average recall with ef=150: 0.975556
Weighted average ef: 94.07
Training convergence-bucket 9 [80.4151, inf) with 100 queries.
Average Recall: 0.9801
Initial average recall with ef=100: 0.981964
Average Recall: 0.9903
Initial average recall with ef=150: 0.992143
Weighted average ef: 56
****Weighted average ef: 349
Search time: 1285 ms
Search time: 1267 ms
Search time: 1310 ms
Average Recall: 0.97354
5th percentile recall: 0.88
1st percentile recall: 0.78
Median search time: 1285 ms
Search times: 1267 ms, 1285 ms, 1310 ms, 
word2vec-300-angular experiment results:
statisc_length, time, avg_recall, 5th_percentile_recall, 1st_percentile_recall, recall_above_99, recall_above_95, recall_above_90
1025, 1285, 0.97354, 0.88, 0.78, 618, 811, 922
Experiment finished
Dataset: sift10m-128-euclidean
Metric: l2
Truncation ratio: 0.5
Data vectors dimensions: 10000000 x 128
Query vectors dimensions: 1000 x 128
Neighbors dimensions: 1000 x 100
Index loaded
Dimension of space:128
Data size of space:512


Sampling size: 5000


Ground truth computed in 308201 ms
Sampling computing time: 340779 ms
Loading samplings from /home/ryawszn/experiments/shiro-ef/ablation_sampling_size/sift10m-128-euclidean-samplings-5000-k100-ef.bin
Samplings loaded from /home/ryawszn/experiments/shiro-ef/ablation_sampling_size/sift10m-128-euclidean-samplings-5000-k100-ef.bin
Average Recall: 0.857277
Initial average recall with ef=100: 0.857564
Average Recall: 0.903178
Initial average recall with ef=150: 0.903427
Weighted average ef: 297.022
EF-estimation table computing time: 216912 ms
Training convergence-bucket 0 [21.0604, 54.5185) with 500 queries.
Average Recall: 0.66984
Initial average recall with ef=100: 0.666604
Average Recall: 0.7483
Initial average recall with ef=150: 0.745563
Recall diff is too small for 1 consecutive steps, break.
Weighted average ef: 714.35
Training convergence-bucket 1 [54.5185, 58.4205) with 500 queries.
Average Recall: 0.70392
Initial average recall with ef=100: 0.704131
Average Recall: 0.77844
Initial average recall with ef=150: 0.778487
Weighted average ef: 601.918
Training convergence-bucket 2 [58.4205, 64.2007) with 500 queries.
Average Recall: 0.78136
Initial average recall with ef=100: 0.780533
Average Recall: 0.84746
Initial average recall with ef=150: 0.846906
Weighted average ef: 400.91
Training convergence-bucket 3 [64.2007, 67.4212) with 500 queries.
Average Recall: 0.8353
Initial average recall with ef=100: 0.834814
Average Recall: 0.89128
Initial average recall with ef=150: 0.890868
Weighted average ef: 283.718
Training convergence-bucket 4 [67.4212, 70.2919) with 500 queries.
Average Recall: 0.86486
Initial average recall with ef=100: 0.865031
Average Recall: 0.916061
Initial average recall with ef=150: 0.916722
Weighted average ef: 237.924
Training convergence-bucket 5 [70.2919, 72.8826) with 500 queries.
Average Recall: 0.89756
Initial average recall with ef=100: 0.896667
Average Recall: 0.940581
Initial average recall with ef=150: 0.94002
Weighted average ef: 197.672
Training convergence-bucket 6 [72.8826, 75.3647) with 500 queries.
Average Recall: 0.919481
Initial average recall with ef=100: 0.920466
Average Recall: 0.955061
Initial average recall with ef=150: 0.955628
Weighted average ef: 164.106
Training convergence-bucket 7 [75.3647, 78.0935) with 500 queries.
Average Recall: 0.9457
Initial average recall with ef=100: 0.946124
Average Recall: 0.97342
Initial average recall with ef=150: 0.973675
Weighted average ef: 123.8
Training convergence-bucket 8 [78.0935, 81.6267) with 500 queries.
Average Recall: 0.96666
Initial average recall with ef=100: 0.968252
Average Recall: 0.98536
Initial average recall with ef=150: 0.986179
Weighted average ef: 106.5
Training convergence-bucket 9 [81.6267, inf) with 500 queries.
Average Recall: 0.98816
Initial average recall with ef=100: 0.988551
Average Recall: 0.99588
Initial average recall with ef=150: 0.996137
Weighted average ef: 99.7
****Weighted average ef: 293
Search time: 1523 ms
Search time: 1113 ms
Search time: 1104 ms
Average Recall: 0.98498
5th percentile recall: 0.95
1st percentile recall: 0.92
Median search time: 1113 ms
Search times: 1104 ms, 1113 ms, 1523 ms, 
sift10m-128-euclidean experiment results:
statisc_length, time, avg_recall, 5th_percentile_recall, 1st_percentile_recall, recall_above_99, recall_above_95, recall_above_90
1025, 1113, 0.98498, 0.95, 0.92, 624, 922, 997
Experiment finished


Sampling size: 3000


Ground truth computed in 160753 ms
Sampling computing time: 189100 ms
Loading samplings from /home/ryawszn/experiments/shiro-ef/ablation_sampling_size/sift10m-128-euclidean-samplings-3000-k100-ef.bin
Samplings loaded from /home/ryawszn/experiments/shiro-ef/ablation_sampling_size/sift10m-128-euclidean-samplings-3000-k100-ef.bin
Average Recall: 0.860808
Initial average recall with ef=100: 0.861091
Average Recall: 0.905032
Initial average recall with ef=150: 0.905294
Recall diff is too small for 1 consecutive steps, break.
Weighted average ef: 298.131
EF-estimation table computing time: 231196 ms
Training convergence-bucket 0 [21.0604, 54.8035) with 300 queries.
Average Recall: 0.671
Initial average recall with ef=100: 0.668741
Average Recall: 0.749067
Initial average recall with ef=150: 0.747343
Recall diff is too small for 1 consecutive steps, break.
Weighted average ef: 691.073
Training convergence-bucket 1 [54.8035, 58.4532) with 300 queries.
Average Recall: 0.7059
Initial average recall with ef=100: 0.704621
Average Recall: 0.7781
Initial average recall with ef=150: 0.777379
Weighted average ef: 595.517
Training convergence-bucket 2 [58.4532, 64.1829) with 300 queries.
Average Recall: 0.780167
Initial average recall with ef=100: 0.778771
Average Recall: 0.846067
Initial average recall with ef=150: 0.845085
Weighted average ef: 402.937
Training convergence-bucket 3 [64.1829, 67.5275) with 300 queries.
Average Recall: 0.8443
Initial average recall with ef=100: 0.843509
Average Recall: 0.8976
Initial average recall with ef=150: 0.897088
Weighted average ef: 275.693
Training convergence-bucket 4 [67.5275, 70.2011) with 300 queries.
Average Recall: 0.870633
Initial average recall with ef=100: 0.870239
Average Recall: 0.921634
Initial average recall with ef=150: 0.92099
Recall diff is too small for 1 consecutive steps, break.
Weighted average ef: 228.953
Training convergence-bucket 5 [70.2011, 72.9926) with 300 queries.
Average Recall: 0.904933
Initial average recall with ef=100: 0.905
Average Recall: 0.944834
Initial average recall with ef=150: 0.944931
Weighted average ef: 173.787
Training convergence-bucket 6 [72.9926, 75.7296) with 300 queries.
Average Recall: 0.922767
Initial average recall with ef=100: 0.922703
Average Recall: 0.955734
Initial average recall with ef=150: 0.955912
Weighted average ef: 161.723
Training convergence-bucket 7 [75.7296, 78.8681) with 300 queries.
Average Recall: 0.947901
Initial average recall with ef=100: 0.949861
Average Recall: 0.973201
Initial average recall with ef=150: 0.974773
Weighted average ef: 124.333
Training convergence-bucket 8 [78.8681, 82.2389) with 300 queries.
Average Recall: 0.9728
Initial average recall with ef=100: 0.97526
Average Recall: 0.9888
Initial average recall with ef=150: 0.990381
Weighted average ef: 100
Training convergence-bucket 9 [82.2389, inf) with 300 queries.
Average Recall: 0.987734
Initial average recall with ef=100: 0.988523
Average Recall: 0.995367
Initial average recall with ef=150: 0.995842
Weighted average ef: 98.78
****Weighted average ef: 285
Search time: 1531 ms
Search time: 1114 ms
Search time: 1131 ms
Average Recall: 0.98486
5th percentile recall: 0.95
1st percentile recall: 0.91
Median search time: 1131 ms
Search times: 1114 ms, 1131 ms, 1531 ms, 
sift10m-128-euclidean experiment results:
statisc_length, time, avg_recall, 5th_percentile_recall, 1st_percentile_recall, recall_above_99, recall_above_95, recall_above_90
1025, 1131, 0.98486, 0.95, 0.91, 633, 918, 995
Experiment finished


Sampling size: 2000


Ground truth computed in 113223 ms
Sampling computing time: 131392 ms
Loading samplings from /home/ryawszn/experiments/shiro-ef/ablation_sampling_size/sift10m-128-euclidean-samplings-2000-k100-ef.bin
Samplings loaded from /home/ryawszn/experiments/shiro-ef/ablation_sampling_size/sift10m-128-euclidean-samplings-2000-k100-ef.bin
Average Recall: 0.858042
Initial average recall with ef=100: 0.858457
Average Recall: 0.903745
Initial average recall with ef=150: 0.904128
Recall diff is too small for 1 consecutive steps, break.
Weighted average ef: 298.081
EF-estimation table computing time: 118066 ms
Training convergence-bucket 0 [22.4341, 54.8694) with 200 queries.
Average Recall: 0.67325
Initial average recall with ef=100: 0.667011
Average Recall: 0.7494
Initial average recall with ef=150: 0.744456
Weighted average ef: 694.02
Training convergence-bucket 1 [54.8694, 58.4954) with 200 queries.
Average Recall: 0.70815
Initial average recall with ef=100: 0.705445
Average Recall: 0.78175
Initial average recall with ef=150: 0.779791
Weighted average ef: 563.91
Training convergence-bucket 2 [58.4954, 63.9193) with 200 queries.
Average Recall: 0.78685
Initial average recall with ef=100: 0.781676
Average Recall: 0.84955
Initial average recall with ef=150: 0.845459
Recall diff is too small for 1 consecutive steps, break.
Weighted average ef: 392.465
Training convergence-bucket 3 [63.9193, 67.1803) with 200 queries.
Average Recall: 0.83515
Initial average recall with ef=100: 0.832344
Average Recall: 0.8923
Initial average recall with ef=150: 0.890469
Weighted average ef: 285.535
Training convergence-bucket 4 [67.1803, 70.45) with 200 queries.
Average Recall: 0.86965
Initial average recall with ef=100: 0.867554
Average Recall: 0.9203
Initial average recall with ef=150: 0.918967
Weighted average ef: 217.72
Training convergence-bucket 5 [70.45, 72.7911) with 200 queries.
Average Recall: 0.8968
Initial average recall with ef=100: 0.894603
Average Recall: 0.937951
Initial average recall with ef=150: 0.936719
Weighted average ef: 192.07
Training convergence-bucket 6 [72.7911, 75.4077) with 200 queries.
Average Recall: 0.91425
Initial average recall with ef=100: 0.915519
Average Recall: 0.9532
Initial average recall with ef=150: 0.954645
Weighted average ef: 152.915
Training convergence-bucket 7 [75.4077, 78.0557) with 200 queries.
Average Recall: 0.9472
Initial average recall with ef=100: 0.94866
Average Recall: 0.9751
Initial average recall with ef=150: 0.975722
Weighted average ef: 122.5
Training convergence-bucket 8 [78.0557, 81.4853) with 200 queries.
Average Recall: 0.96405
Initial average recall with ef=100: 0.967958
Average Recall: 0.98415
Initial average recall with ef=150: 0.986702
Weighted average ef: 105.25
Training convergence-bucket 9 [81.4853, inf) with 200 queries.
Average Recall: 0.985101
Initial average recall with ef=100: 0.98978
Average Recall: 0.9938
Initial average recall with ef=150: 0.996703
Weighted average ef: 91
****Weighted average ef: 281
Search time: 2581 ms
Search time: 1232 ms
Search time: 1127 ms
Average Recall: 0.98384
5th percentile recall: 0.95
1st percentile recall: 0.92
Median search time: 1232 ms
Search times: 1127 ms, 1232 ms, 2581 ms, 
sift10m-128-euclidean experiment results:
statisc_length, time, avg_recall, 5th_percentile_recall, 1st_percentile_recall, recall_above_99, recall_above_95, recall_above_90
1025, 1232, 0.98384, 0.95, 0.92, 591, 915, 994
Experiment finished


Sampling size: 1000


Ground truth computed in 66983 ms
Sampling computing time: 76389 ms
Loading samplings from /home/ryawszn/experiments/shiro-ef/ablation_sampling_size/sift10m-128-euclidean-samplings-1000-k100-ef.bin
Samplings loaded from /home/ryawszn/experiments/shiro-ef/ablation_sampling_size/sift10m-128-euclidean-samplings-1000-k100-ef.bin
Average Recall: 0.858149
Initial average recall with ef=100: 0.86003
Average Recall: 0.902969
Initial average recall with ef=150: 0.904708
Weighted average ef: 300.862
EF-estimation table computing time: 155275 ms
Training convergence-bucket 0 [34.1451, 55.0745) with 100 queries.
Average Recall: 0.6616
Initial average recall with ef=100: 0.666667
Average Recall: 0.7381
Initial average recall with ef=150: 0.744
Weighted average ef: 680.21
Training convergence-bucket 1 [55.0745, 58.3454) with 100 queries.
Average Recall: 0.7067
Initial average recall with ef=100: 0.703721
Average Recall: 0.7807
Initial average recall with ef=150: 0.779419
Weighted average ef: 504.7
Training convergence-bucket 2 [58.3454, 63.4773) with 100 queries.
Average Recall: 0.7793
Initial average recall with ef=100: 0.770741
Average Recall: 0.842
Initial average recall with ef=150: 0.83358
Weighted average ef: 365.72
Training convergence-bucket 3 [63.4773, 67.2627) with 100 queries.
Average Recall: 0.8399
Initial average recall with ef=100: 0.836279
Average Recall: 0.8941
Initial average recall with ef=150: 0.892209
Weighted average ef: 259.73
Training convergence-bucket 4 [67.2627, 70.5206) with 100 queries.
Average Recall: 0.8707
Initial average recall with ef=100: 0.864
Average Recall: 0.9213
Initial average recall with ef=150: 0.916706
Weighted average ef: 200.8
Training convergence-bucket 5 [70.5206, 72.917) with 100 queries.
Average Recall: 0.901
Initial average recall with ef=100: 0.892329
Average Recall: 0.9411
Initial average recall with ef=150: 0.933699
Weighted average ef: 148.52
Training convergence-bucket 6 [72.917, 75.3921) with 100 queries.
Average Recall: 0.9215
Initial average recall with ef=100: 0.921951
Average Recall: 0.9558
Initial average recall with ef=150: 0.956341
Weighted average ef: 140.21
Training convergence-bucket 7 [75.3921, 78.3961) with 100 queries.
Average Recall: 0.9436
Initial average recall with ef=100: 0.944445
Average Recall: 0.9723
Initial average recall with ef=150: 0.972716
Weighted average ef: 102.6
Training convergence-bucket 8 [78.3961, 81.8021) with 100 queries.
Average Recall: 0.9683
Initial average recall with ef=100: 0.972133
Average Recall: 0.9867
Initial average recall with ef=150: 0.988533
Weighted average ef: 80.5
Training convergence-bucket 9 [81.8021, inf) with 100 queries.
Average Recall: 0.9889
Initial average recall with ef=100: 0.9915
Average Recall: 0.9976
Initial average recall with ef=150: 0.9985
Weighted average ef: 80
****Weighted average ef: 256
Search time: 5558 ms
Search time: 1096 ms
Search time: 1596 ms
Average Recall: 0.98299
5th percentile recall: 0.94
1st percentile recall: 0.9
Median search time: 1596 ms
Search times: 1096 ms, 1596 ms, 5558 ms, 
sift10m-128-euclidean experiment results:
statisc_length, time, avg_recall, 5th_percentile_recall, 1st_percentile_recall, recall_above_99, recall_above_95, recall_above_90
1025, 1596, 0.98299, 0.94, 0.9, 599, 893, 989
Experiment finished
Dataset: gist-960-euclidean
Metric: l2
Truncation ratio: 0.5
Data vectors dimensions: 1000000 x 960
Query vectors dimensions: 1000 x 960
Neighbors dimensions: 1000 x 100
Index loaded
Dimension of space:960
Data size of space:3840


Sampling size: 5000


Ground truth computed in 120267 ms
Sampling computing time: 170294 ms
Loading samplings from /home/ryawszn/experiments/shiro-ef/ablation_sampling_size/gist-960-euclidean-samplings-5000-k100-ef.bin
Samplings loaded from /home/ryawszn/experiments/shiro-ef/ablation_sampling_size/gist-960-euclidean-samplings-5000-k100-ef.bin
Average Recall: 0.730732
Initial average recall with ef=100: 0.730944
Average Recall: 0.803245
Initial average recall with ef=150: 0.803531
Weighted average ef: 615.649
EF-estimation table computing time: 115136 ms
Training convergence-bucket 0 [30.6942, 41.9249) with 500 queries.
Average Recall: 0.51676
Initial average recall with ef=100: 0.515092
Average Recall: 0.61436
Initial average recall with ef=150: 0.612495
Weighted average ef: 1457.83
Training convergence-bucket 1 [41.9249, 46.1801) with 500 queries.
Average Recall: 0.57288
Initial average recall with ef=100: 0.57389
Average Recall: 0.66732
Initial average recall with ef=150: 0.668839
Recall diff is too small for 1 consecutive steps, break.
Weighted average ef: 1002.21
Training convergence-bucket 2 [46.1801, 49.6573) with 500 queries.
Average Recall: 0.6303
Initial average recall with ef=100: 0.629115
Average Recall: 0.7221
Initial average recall with ef=150: 0.720905
Recall diff is too small for 1 consecutive steps, break.
Weighted average ef: 785.688
Training convergence-bucket 3 [49.6573, 52.5944) with 500 queries.
Average Recall: 0.66598
Initial average recall with ef=100: 0.665874
Average Recall: 0.75024
Initial average recall with ef=150: 0.750102
Weighted average ef: 721.13
Training convergence-bucket 4 [52.5944, 55.8023) with 500 queries.
Average Recall: 0.71114
Initial average recall with ef=100: 0.712793
Average Recall: 0.791881
Initial average recall with ef=150: 0.793491
Recall diff is too small for 1 consecutive steps, break.
Weighted average ef: 551.228
Training convergence-bucket 5 [55.8023, 58.9785) with 500 queries.
Average Recall: 0.7497
Initial average recall with ef=100: 0.749878
Average Recall: 0.82708
Initial average recall with ef=150: 0.827363
Recall diff is too small for 1 consecutive steps, break.
Weighted average ef: 453.36
Training convergence-bucket 6 [58.9785, 62.5835) with 500 queries.
Average Recall: 0.789039
Initial average recall with ef=100: 0.790082
Average Recall: 0.85926
Initial average recall with ef=150: 0.86045
Recall diff is too small for 1 consecutive steps, break.
Weighted average ef: 363.89
Training convergence-bucket 7 [62.5835, 67.2248) with 500 queries.
Average Recall: 0.83818
Initial average recall with ef=100: 0.839443
Average Recall: 0.897961
Initial average recall with ef=150: 0.899649
Weighted average ef: 272.008
Training convergence-bucket 8 [67.2248, 73.9518) with 500 queries.
Average Recall: 0.88532
Initial average recall with ef=100: 0.888021
Average Recall: 0.930781
Initial average recall with ef=150: 0.933422
Weighted average ef: 205.426
Training convergence-bucket 9 [73.9518, inf) with 500 queries.
Average Recall: 0.94804
Initial average recall with ef=100: 0.950268
Average Recall: 0.97152
Initial average recall with ef=150: 0.972948
Weighted average ef: 128.346
****Weighted average ef: 594
Search time: 4527 ms
Search time: 4286 ms
Search time: 4286 ms
Average Recall: 0.97132
5th percentile recall: 0.91
1st percentile recall: 0.86
Median search time: 4286 ms
Search times: 4286 ms, 4286 ms, 4527 ms, 
gist-960-euclidean experiment results:
statisc_length, time, avg_recall, 5th_percentile_recall, 1st_percentile_recall, recall_above_99, recall_above_95, recall_above_90
1025, 4286, 0.97132, 0.91, 0.86, 441, 755, 967
Experiment finished


Sampling size: 3000


Ground truth computed in 54886 ms
Sampling computing time: 162101 ms
Loading samplings from /home/ryawszn/experiments/shiro-ef/ablation_sampling_size/gist-960-euclidean-samplings-3000-k100-ef.bin
Samplings loaded from /home/ryawszn/experiments/shiro-ef/ablation_sampling_size/gist-960-euclidean-samplings-3000-k100-ef.bin
Average Recall: 0.726279
Initial average recall with ef=100: 0.726162
Average Recall: 0.80018
Initial average recall with ef=150: 0.800164
Recall diff is too small for 1 consecutive steps, break.
Recall diff is too small for 1 consecutive steps, break.
Weighted average ef: 638.948
EF-estimation table computing time: 56986 ms
Training convergence-bucket 0 [30.6942, 41.7195) with 300 queries.
Average Recall: 0.518267
Initial average recall with ef=100: 0.514762
Average Recall: 0.616
Initial average recall with ef=150: 0.613095
Recall diff is too small for 1 consecutive steps, break.
Recall diff is too small for 1 consecutive steps, break.
Recall diff is too small for 1 consecutive steps, break.
Weighted average ef: 1405.49
Training convergence-bucket 1 [41.7195, 45.9217) with 300 queries.
Average Recall: 0.5689
Initial average recall with ef=100: 0.56912
Average Recall: 0.6657
Initial average recall with ef=150: 0.665845
Weighted average ef: 1007.39
Training convergence-bucket 2 [45.9217, 49.5009) with 300 queries.
Average Recall: 0.622667
Initial average recall with ef=100: 0.622379
Average Recall: 0.7183
Initial average recall with ef=150: 0.718965
Recall diff is too small for 1 consecutive steps, break.
Weighted average ef: 812.187
Training convergence-bucket 3 [49.5009, 52.4724) with 300 queries.
Average Recall: 0.6484
Initial average recall with ef=100: 0.650069
Average Recall: 0.738367
Initial average recall with ef=150: 0.74
Weighted average ef: 724.11
Training convergence-bucket 4 [52.4724, 55.4485) with 300 queries.
Average Recall: 0.702033
Initial average recall with ef=100: 0.705445
Average Recall: 0.783667
Initial average recall with ef=150: 0.786644
Recall diff is too small for 1 consecutive steps, break.
Weighted average ef: 602.327
Training convergence-bucket 5 [55.4485, 58.9306) with 300 queries.
Average Recall: 0.744633
Initial average recall with ef=100: 0.741753
Average Recall: 0.821499
Initial average recall with ef=150: 0.819244
Weighted average ef: 487.243
Training convergence-bucket 6 [58.9306, 62.5424) with 300 queries.
Average Recall: 0.792133
Initial average recall with ef=100: 0.793887
Average Recall: 0.859267
Initial average recall with ef=150: 0.860989
Weighted average ef: 358
Training convergence-bucket 7 [62.5424, 66.9433) with 300 queries.
Average Recall: 0.834833
Initial average recall with ef=100: 0.835674
Average Recall: 0.896833
Initial average recall with ef=150: 0.898121
Weighted average ef: 253.31
Training convergence-bucket 8 [66.9433, 73.3868) with 300 queries.
Average Recall: 0.884633
Initial average recall with ef=100: 0.884555
Average Recall: 0.930767
Initial average recall with ef=150: 0.931103
Weighted average ef: 203.417
Training convergence-bucket 9 [73.3868, inf) with 300 queries.
Average Recall: 0.9463
Initial average recall with ef=100: 0.948144
Average Recall: 0.971434
Initial average recall with ef=150: 0.972509
Weighted average ef: 132.07
****Weighted average ef: 598
Search time: 4374 ms
Search time: 4384 ms
Search time: 4473 ms
Average Recall: 0.97237
5th percentile recall: 0.92
1st percentile recall: 0.87
Median search time: 4384 ms
Search times: 4374 ms, 4384 ms, 4473 ms, 
gist-960-euclidean experiment results:
statisc_length, time, avg_recall, 5th_percentile_recall, 1st_percentile_recall, recall_above_99, recall_above_95, recall_above_90
1025, 4384, 0.97237, 0.92, 0.87, 455, 768, 967
Experiment finished


Sampling size: 2000


Ground truth computed in 36060 ms
Sampling computing time: 107695 ms
Loading samplings from /home/ryawszn/experiments/shiro-ef/ablation_sampling_size/gist-960-euclidean-samplings-2000-k100-ef.bin
Samplings loaded from /home/ryawszn/experiments/shiro-ef/ablation_sampling_size/gist-960-euclidean-samplings-2000-k100-ef.bin
Average Recall: 0.723844
Initial average recall with ef=100: 0.721912
Average Recall: 0.798894
Initial average recall with ef=150: 0.797498
Recall diff is too small for 1 consecutive steps, break.
Weighted average ef: 635.626
EF-estimation table computing time: 37180 ms
Training convergence-bucket 0 [30.6942, 41.7589) with 200 queries.
Average Recall: 0.51515
Initial average recall with ef=100: 0.511554
Average Recall: 0.61175
Initial average recall with ef=150: 0.608238
Recall diff is too small for 1 consecutive steps, break.
Weighted average ef: 1495.17
Training convergence-bucket 1 [41.7589, 45.8009) with 200 queries.
Average Recall: 0.57655
Initial average recall with ef=100: 0.573777
Average Recall: 0.6722
Initial average recall with ef=150: 0.669681
Weighted average ef: 975.03
Training convergence-bucket 2 [45.8009, 49.4407) with 200 queries.
Average Recall: 0.61415
Initial average recall with ef=100: 0.615183
Average Recall: 0.70725
Initial average recall with ef=150: 0.707173
Recall diff is too small for 1 consecutive steps, break.
Weighted average ef: 883.62
Training convergence-bucket 3 [49.4407, 52.3927) with 200 queries.
Average Recall: 0.65175
Initial average recall with ef=100: 0.652872
Average Recall: 0.7456
Initial average recall with ef=150: 0.74617
Recall diff is too small for 1 consecutive steps, break.
Recall diff is too small for 1 consecutive steps, break.
Weighted average ef: 677.56
Training convergence-bucket 4 [52.3927, 55.4145) with 200 queries.
Average Recall: 0.6924
Initial average recall with ef=100: 0.69413
Average Recall: 0.7775
Initial average recall with ef=150: 0.779728
Weighted average ef: 533.665
Training convergence-bucket 5 [55.4145, 58.7542) with 200 queries.
Average Recall: 0.75675
Initial average recall with ef=100: 0.75113
Average Recall: 0.8333
Initial average recall with ef=150: 0.827684
Recall diff is too small for 1 consecutive steps, break.
Weighted average ef: 411.265
Training convergence-bucket 6 [58.7542, 61.8934) with 200 queries.
Average Recall: 0.78145
Initial average recall with ef=100: 0.784063
Average Recall: 0.8523
Initial average recall with ef=150: 0.854271
Recall diff is too small for 1 consecutive steps, break.
Weighted average ef: 392.115
Training convergence-bucket 7 [61.8934, 67.1228) with 200 queries.
Average Recall: 0.8253
Initial average recall with ef=100: 0.827581
Average Recall: 0.88935
Initial average recall with ef=150: 0.891505
Weighted average ef: 297.63
Training convergence-bucket 8 [67.1228, 73.6922) with 200 queries.
Average Recall: 0.87545
Initial average recall with ef=100: 0.876162
Average Recall: 0.9265
Initial average recall with ef=150: 0.927892
Weighted average ef: 213.98
Training convergence-bucket 9 [73.6922, inf) with 200 queries.
Average Recall: 0.9495
Initial average recall with ef=100: 0.950852
Average Recall: 0.9732
Initial average recall with ef=150: 0.974432
Weighted average ef: 112.635
****Weighted average ef: 599
Search time: 4422 ms
Search time: 4397 ms
Search time: 4434 ms
Average Recall: 0.972
5th percentile recall: 0.91
1st percentile recall: 0.88
Median search time: 4422 ms
Search times: 4397 ms, 4422 ms, 4434 ms, 
gist-960-euclidean experiment results:
statisc_length, time, avg_recall, 5th_percentile_recall, 1st_percentile_recall, recall_above_99, recall_above_95, recall_above_90
1025, 4422, 0.972, 0.91, 0.88, 448, 766, 963
Experiment finished


Sampling size: 1000


Ground truth computed in 18260 ms
Sampling computing time: 54279 ms
Loading samplings from /home/ryawszn/experiments/shiro-ef/ablation_sampling_size/gist-960-euclidean-samplings-1000-k100-ef.bin
Samplings loaded from /home/ryawszn/experiments/shiro-ef/ablation_sampling_size/gist-960-euclidean-samplings-1000-k100-ef.bin
Average Recall: 0.72514
Initial average recall with ef=100: 0.722307
Average Recall: 0.79989
Initial average recall with ef=150: 0.797998
Weighted average ef: 644.447
EF-estimation table computing time: 18016 ms
Training convergence-bucket 0 [30.6942, 41.7357) with 100 queries.
Average Recall: 0.51
Initial average recall with ef=100: 0.495465
Average Recall: 0.6055
Initial average recall with ef=150: 0.59186
Recall diff is too small for 1 consecutive steps, break.
Recall diff is too small for 1 consecutive steps, break.
Weighted average ef: 1507.61
Training convergence-bucket 1 [41.7357, 45.7697) with 100 queries.
Average Recall: 0.5548
Initial average recall with ef=100: 0.559681
Average Recall: 0.6552
Initial average recall with ef=150: 0.660319
Recall diff is too small for 1 consecutive steps, break.
Weighted average ef: 996.88
Training convergence-bucket 2 [45.7697, 49.5918) with 100 queries.
Average Recall: 0.6291
Initial average recall with ef=100: 0.623605
Average Recall: 0.7228
Initial average recall with ef=150: 0.719651
Weighted average ef: 661.44
Training convergence-bucket 3 [49.5918, 52.85) with 100 queries.
Average Recall: 0.642
Initial average recall with ef=100: 0.648831
Average Recall: 0.7369
Initial average recall with ef=150: 0.746104
Weighted average ef: 526.46
Training convergence-bucket 4 [52.85, 55.8565) with 100 queries.
Average Recall: 0.7208
Initial average recall with ef=100: 0.722262
Average Recall: 0.8028
Initial average recall with ef=150: 0.806071
Weighted average ef: 426.13
Training convergence-bucket 5 [55.8565, 58.6942) with 100 queries.
Average Recall: 0.7347
Initial average recall with ef=100: 0.737143
Average Recall: 0.8184
Initial average recall with ef=150: 0.822619
Weighted average ef: 401.84
Training convergence-bucket 6 [58.6942, 62.8473) with 100 queries.
Average Recall: 0.7843
Initial average recall with ef=100: 0.773055
Average Recall: 0.8493
Initial average recall with ef=150: 0.842083
Weighted average ef: 302.52
Training convergence-bucket 7 [62.8473, 67.45) with 100 queries.
Average Recall: 0.8301
Initial average recall with ef=100: 0.82663
Average Recall: 0.896
Initial average recall with ef=150: 0.893261
Weighted average ef: 282.75
Training convergence-bucket 8 [67.45, 74.5128) with 100 queries.
Average Recall: 0.8939
Initial average recall with ef=100: 0.891739
Average Recall: 0.9393
Initial average recall with ef=150: 0.938116
Weighted average ef: 144.14
Training convergence-bucket 9 [74.5128, inf) with 100 queries.
Average Recall: 0.9517
Initial average recall with ef=100: 0.953387
Average Recall: 0.9727
Initial average recall with ef=150: 0.974677
Weighted average ef: 78.35
****Weighted average ef: 532
Search time: 4215 ms
Search time: 4164 ms
Search time: 4198 ms
Average Recall: 0.96859
5th percentile recall: 0.91
1st percentile recall: 0.85
Median search time: 4198 ms
Search times: 4164 ms, 4198 ms, 4215 ms, 
gist-960-euclidean experiment results:
statisc_length, time, avg_recall, 5th_percentile_recall, 1st_percentile_recall, recall_above_99, recall_above_95, recall_above_90
1025, 4198, 0.96859, 0.91, 0.85, 402, 719, 954
Experiment finished
Dataset: tiny5m-384-euclidean
Metric: l2
Truncation ratio: 0.5
Data vectors dimensions: 5000000 x 384
Query vectors dimensions: 1000 x 384
Neighbors dimensions: 1000 x 100
Index loaded
Dimension of space:384
Data size of space:1536


Sampling size: 5000


Ground truth computed in 484593 ms
Sampling computing time: 530240 ms
Loading samplings from /home/ryawszn/experiments/shiro-ef/ablation_sampling_size/tiny5m-384-euclidean-samplings-5000-k100-ef.bin
Samplings loaded from /home/ryawszn/experiments/shiro-ef/ablation_sampling_size/tiny5m-384-euclidean-samplings-5000-k100-ef.bin
Average Recall: 0.644481
Initial average recall with ef=100: 0.644581
Average Recall: 0.716474
Initial average recall with ef=150: 0.716579
Recall diff is too small for 1 consecutive steps, break.
Weighted average ef: 1212.18
EF-estimation table computing time: 385656 ms
Training convergence-bucket 0 [24.3682, 37.8976) with 500 queries.
Average Recall: 0.38492
Initial average recall with ef=100: 0.383911
Average Recall: 0.46154
Initial average recall with ef=150: 0.460544
Recall diff is too small for 1 consecutive steps, break.
Weighted average ef: 2942.43
Training convergence-bucket 1 [37.8976, 42.5828) with 500 queries.
Average Recall: 0.43816
Initial average recall with ef=100: 0.436253
Average Recall: 0.52438
Initial average recall with ef=150: 0.522057
Recall diff is too small for 1 consecutive steps, break.
Weighted average ef: 2358.78
Training convergence-bucket 2 [42.5828, 46.3005) with 500 queries.
Average Recall: 0.49044
Initial average recall with ef=100: 0.491095
Average Recall: 0.57578
Initial average recall with ef=150: 0.576734
Weighted average ef: 1841.33
Training convergence-bucket 3 [46.3005, 49.5724) with 500 queries.
Average Recall: 0.54714
Initial average recall with ef=100: 0.545624
Average Recall: 0.63362
Initial average recall with ef=150: 0.632638
Weighted average ef: 1401.63
Training convergence-bucket 4 [49.5724, 53.1673) with 500 queries.
Average Recall: 0.59654
Initial average recall with ef=100: 0.594664
Average Recall: 0.68242
Initial average recall with ef=150: 0.680916
Recall diff is too small for 1 consecutive steps, break.
Recall diff is too small for 1 consecutive steps, break.
Weighted average ef: 1219.45
Training convergence-bucket 5 [53.1673, 57.1227) with 500 queries.
Average Recall: 0.66666
Initial average recall with ef=100: 0.667525
Average Recall: 0.74794
Initial average recall with ef=150: 0.74856
Recall diff is too small for 1 consecutive steps, break.
Recall diff is too small for 1 consecutive steps, break.
Weighted average ef: 789.568
Training convergence-bucket 6 [57.1227, 61.1887) with 500 queries.
Average Recall: 0.72414
Initial average recall with ef=100: 0.725881
Average Recall: 0.80052
Initial average recall with ef=150: 0.802295
Recall diff is too small for 1 consecutive steps, break.
Weighted average ef: 582.902
Training convergence-bucket 7 [61.1887, 66.612) with 500 queries.
Average Recall: 0.789419
Initial average recall with ef=100: 0.791337
Average Recall: 0.85558
Initial average recall with ef=150: 0.85784
Recall diff is too small for 1 consecutive steps, break.
Weighted average ef: 408.798
Training convergence-bucket 8 [66.612, 74.2145) with 500 queries.
Average Recall: 0.865841
Initial average recall with ef=100: 0.867678
Average Recall: 0.91598
Initial average recall with ef=150: 0.918222
Recall diff is too small for 1 consecutive steps, break.
Weighted average ef: 251.382
Training convergence-bucket 9 [74.2145, inf) with 500 queries.
Average Recall: 0.94156
Initial average recall with ef=100: 0.946273
Average Recall: 0.967
Initial average recall with ef=150: 0.970774
Weighted average ef: 142.172
****Weighted average ef: 1193
Search time: 6320 ms
Search time: 6039 ms
Search time: 6091 ms
Average Recall: 0.97368
5th percentile recall: 0.91
1st percentile recall: 0.86
Median search time: 6091 ms
Search times: 6039 ms, 6091 ms, 6320 ms, 
tiny5m-384-euclidean experiment results:
statisc_length, time, avg_recall, 5th_percentile_recall, 1st_percentile_recall, recall_above_99, recall_above_95, recall_above_90
1025, 6091, 0.97368, 0.91, 0.86, 524, 785, 952
Experiment finished


Sampling size: 3000


Ground truth computed in 315328 ms
Sampling computing time: 467880 ms
Loading samplings from /home/ryawszn/experiments/shiro-ef/ablation_sampling_size/tiny5m-384-euclidean-samplings-3000-k100-ef.bin
Samplings loaded from /home/ryawszn/experiments/shiro-ef/ablation_sampling_size/tiny5m-384-euclidean-samplings-3000-k100-ef.bin
Average Recall: 0.640496
Initial average recall with ef=100: 0.640444
Average Recall: 0.711789
Initial average recall with ef=150: 0.711782
Recall diff is too small for 1 consecutive steps, break.
Recall diff is too small for 1 consecutive steps, break.
Weighted average ef: 1211.73
EF-estimation table computing time: 314220 ms
Training convergence-bucket 0 [24.3011, 37.8858) with 300 queries.
Average Recall: 0.3974
Initial average recall with ef=100: 0.392759
Average Recall: 0.4732
Initial average recall with ef=150: 0.468103
Recall diff is too small for 1 consecutive steps, break.
Recall diff is too small for 1 consecutive steps, break.
Recall diff is too small for 1 consecutive steps, break.
Weighted average ef: 2726.78
Training convergence-bucket 1 [37.8858, 42.2002) with 300 queries.
Average Recall: 0.4425
Initial average recall with ef=100: 0.439113
Average Recall: 0.527267
Initial average recall with ef=150: 0.524164
Recall diff is too small for 1 consecutive steps, break.
Recall diff is too small for 1 consecutive steps, break.
Recall diff is too small for 1 consecutive steps, break.
Weighted average ef: 2204.56
Training convergence-bucket 2 [42.2002, 45.9509) with 300 queries.
Average Recall: 0.4723
Initial average recall with ef=100: 0.471404
Average Recall: 0.555233
Initial average recall with ef=150: 0.554315
Recall diff is too small for 1 consecutive steps, break.
Recall diff is too small for 1 consecutive steps, break.
Weighted average ef: 1913.29
Training convergence-bucket 3 [45.9509, 49.4342) with 300 queries.
Average Recall: 0.531834
Initial average recall with ef=100: 0.528571
Average Recall: 0.6181
Initial average recall with ef=150: 0.615034
Recall diff is too small for 1 consecutive steps, break.
Recall diff is too small for 1 consecutive steps, break.
Recall diff is too small for 1 consecutive steps, break.
Weighted average ef: 1535.71
Training convergence-bucket 4 [49.4342, 53.241) with 300 queries.
Average Recall: 0.597733
Initial average recall with ef=100: 0.597322
Average Recall: 0.683933
Initial average recall with ef=150: 0.683559
Weighted average ef: 1177.41
Training convergence-bucket 5 [53.241, 56.9215) with 300 queries.
Average Recall: 0.6666
Initial average recall with ef=100: 0.669379
Average Recall: 0.742666
Initial average recall with ef=150: 0.745621
Weighted average ef: 799.607
Training convergence-bucket 6 [56.9215, 61.2814) with 300 queries.
Average Recall: 0.723733
Initial average recall with ef=100: 0.726132
Average Recall: 0.799067
Initial average recall with ef=150: 0.80108
Recall diff is too small for 1 consecutive steps, break.
Weighted average ef: 574.05
Training convergence-bucket 7 [61.2814, 66.4953) with 300 queries.
Average Recall: 0.789033
Initial average recall with ef=100: 0.787148
Average Recall: 0.8557
Initial average recall with ef=150: 0.854673
Recall diff is too small for 1 consecutive steps, break.
Recall diff is too small for 1 consecutive steps, break.
Weighted average ef: 405.757
Training convergence-bucket 8 [66.4953, 73.9923) with 300 queries.
Average Recall: 0.850567
Initial average recall with ef=100: 0.856087
Average Recall: 0.903
Initial average recall with ef=150: 0.908514
Weighted average ef: 253.87
Training convergence-bucket 9 [73.9923, inf) with 300 queries.
Average Recall: 0.933267
Initial average recall with ef=100: 0.945196
Average Recall: 0.959734
Initial average recall with ef=150: 0.969181
Weighted average ef: 133.883
****Weighted average ef: 1172
Search time: 6246 ms
Search time: 5952 ms
Search time: 5891 ms
Average Recall: 0.97263
5th percentile recall: 0.9
1st percentile recall: 0.85
Median search time: 5952 ms
Search times: 5891 ms, 5952 ms, 6246 ms, 
tiny5m-384-euclidean experiment results:
statisc_length, time, avg_recall, 5th_percentile_recall, 1st_percentile_recall, recall_above_99, recall_above_95, recall_above_90
1025, 5952, 0.97263, 0.9, 0.85, 520, 778, 949
Experiment finished


Sampling size: 2000


Ground truth computed in 241613 ms
Sampling computing time: 342019 ms
Loading samplings from /home/ryawszn/experiments/shiro-ef/ablation_sampling_size/tiny5m-384-euclidean-samplings-2000-k100-ef.bin
Samplings loaded from /home/ryawszn/experiments/shiro-ef/ablation_sampling_size/tiny5m-384-euclidean-samplings-2000-k100-ef.bin
Average Recall: 0.63727
Initial average recall with ef=100: 0.636088
Average Recall: 0.709229
Initial average recall with ef=150: 0.70826
Weighted average ef: 1207.66
EF-estimation table computing time: 274171 ms
Training convergence-bucket 0 [24.4106, 37.7392) with 200 queries.
Average Recall: 0.39385
Initial average recall with ef=100: 0.3875
Average Recall: 0.46885
Initial average recall with ef=150: 0.462865
Recall diff is too small for 1 consecutive steps, break.
Recall diff is too small for 1 consecutive steps, break.
Weighted average ef: 2780.74
Training convergence-bucket 1 [37.7392, 42.3542) with 200 queries.
Average Recall: 0.4372
Initial average recall with ef=100: 0.433834
Average Recall: 0.52855
Initial average recall with ef=150: 0.525699
Recall diff is too small for 1 consecutive steps, break.
Weighted average ef: 2069.44
Training convergence-bucket 2 [42.3542, 45.9566) with 200 queries.
Average Recall: 0.48585
Initial average recall with ef=100: 0.487487
Average Recall: 0.5704
Initial average recall with ef=150: 0.572513
Recall diff is too small for 1 consecutive steps, break.
Recall diff is too small for 1 consecutive steps, break.
Recall diff is too small for 1 consecutive steps, break.
Weighted average ef: 1857.2
Training convergence-bucket 3 [45.9566, 49.0114) with 200 queries.
Average Recall: 0.5265
Initial average recall with ef=100: 0.525389
Average Recall: 0.612
Initial average recall with ef=150: 0.611762
Weighted average ef: 1535.72
Training convergence-bucket 4 [49.0114, 52.2824) with 200 queries.
Average Recall: 0.60045
Initial average recall with ef=100: 0.592473
Average Recall: 0.68365
Initial average recall with ef=150: 0.676344
Recall diff is too small for 1 consecutive steps, break.
Recall diff is too small for 1 consecutive steps, break.
Recall diff is too small for 1 consecutive steps, break.
Weighted average ef: 1124.8
Training convergence-bucket 5 [52.2824, 55.9473) with 200 queries.
Average Recall: 0.6412
Initial average recall with ef=100: 0.638947
Average Recall: 0.7196
Initial average recall with ef=150: 0.718053
Recall diff is too small for 1 consecutive steps, break.
Recall diff is too small for 1 consecutive steps, break.
Weighted average ef: 981.385
Training convergence-bucket 6 [55.9473, 60.8972) with 200 queries.
Average Recall: 0.72445
Initial average recall with ef=100: 0.723385
Average Recall: 0.79595
Initial average recall with ef=150: 0.795156
Recall diff is too small for 1 consecutive steps, break.
Recall diff is too small for 1 consecutive steps, break.
Recall diff is too small for 1 consecutive steps, break.
Weighted average ef: 597.26
Training convergence-bucket 7 [60.8972, 66.5637) with 200 queries.
Average Recall: 0.77465
Initial average recall with ef=100: 0.777166
Average Recall: 0.84515
Initial average recall with ef=150: 0.848984
Recall diff is too small for 1 consecutive steps, break.
Recall diff is too small for 1 consecutive steps, break.
Weighted average ef: 386.67
Training convergence-bucket 8 [66.5637, 74.078) with 200 queries.
Average Recall: 0.8583
Initial average recall with ef=100: 0.858258
Average Recall: 0.9121
Initial average recall with ef=150: 0.912528
Weighted average ef: 254.865
Training convergence-bucket 9 [74.078, inf) with 200 queries.
Average Recall: 0.93025
Initial average recall with ef=100: 0.946047
Average Recall: 0.95605
Initial average recall with ef=150: 0.970174
Weighted average ef: 117.825
****Weighted average ef: 1170
Search time: 6654 ms
Search time: 5762 ms
Search time: 5838 ms
Average Recall: 0.9723
5th percentile recall: 0.9
1st percentile recall: 0.86
Median search time: 5838 ms
Search times: 5762 ms, 5838 ms, 6654 ms, 
tiny5m-384-euclidean experiment results:
statisc_length, time, avg_recall, 5th_percentile_recall, 1st_percentile_recall, recall_above_99, recall_above_95, recall_above_90
1025, 5838, 0.9723, 0.9, 0.86, 514, 777, 944
Experiment finished


Sampling size: 1000


Ground truth computed in 194605 ms
Sampling computing time: 245540 ms
Loading samplings from /home/ryawszn/experiments/shiro-ef/ablation_sampling_size/tiny5m-384-euclidean-samplings-1000-k100-ef.bin
Samplings loaded from /home/ryawszn/experiments/shiro-ef/ablation_sampling_size/tiny5m-384-euclidean-samplings-1000-k100-ef.bin
Average Recall: 0.64305
Initial average recall with ef=100: 0.63834
Average Recall: 0.71347
Initial average recall with ef=150: 0.709562
Recall diff is too small for 1 consecutive steps, break.
Weighted average ef: 1217.33
EF-estimation table computing time: 253218 ms
Training convergence-bucket 0 [30.2484, 37.933) with 100 queries.
Average Recall: 0.3847
Initial average recall with ef=100: 0.365465
Average Recall: 0.455
Initial average recall with ef=150: 0.434419
Recall diff is too small for 1 consecutive steps, break.
Recall diff is too small for 1 consecutive steps, break.
Weighted average ef: 2717.46
Training convergence-bucket 1 [37.933, 42.4807) with 100 queries.
Average Recall: 0.4477
Initial average recall with ef=100: 0.445444
Average Recall: 0.5307
Initial average recall with ef=150: 0.525
Recall diff is too small for 1 consecutive steps, break.
Recall diff is too small for 1 consecutive steps, break.
Weighted average ef: 2019.92
Training convergence-bucket 2 [42.4807, 46.0939) with 100 queries.
Average Recall: 0.5008
Initial average recall with ef=100: 0.497391
Average Recall: 0.5836
Initial average recall with ef=150: 0.58163
Recall diff is too small for 1 consecutive steps, break.
Weighted average ef: 1767.58
Training convergence-bucket 3 [46.0939, 49.0776) with 100 queries.
Average Recall: 0.5244
Initial average recall with ef=100: 0.526667
Average Recall: 0.6131
Initial average recall with ef=150: 0.613571
Recall diff is too small for 1 consecutive steps, break.
Weighted average ef: 1254.62
Training convergence-bucket 4 [49.0776, 53.0137) with 100 queries.
Average Recall: 0.5875
Initial average recall with ef=100: 0.585233
Average Recall: 0.6704
Initial average recall with ef=150: 0.665581
Recall diff is too small for 1 consecutive steps, break.
Weighted average ef: 1075.21
Training convergence-bucket 5 [53.0137, 57.1349) with 100 queries.
Average Recall: 0.6713
Initial average recall with ef=100: 0.675625
Average Recall: 0.7482
Initial average recall with ef=150: 0.757375
Recall diff is too small for 1 consecutive steps, break.
Weighted average ef: 630.54
Training convergence-bucket 6 [57.1349, 61.8139) with 100 queries.
Average Recall: 0.7191
Initial average recall with ef=100: 0.735696
Average Recall: 0.7955
Initial average recall with ef=150: 0.81
Weighted average ef: 434
Training convergence-bucket 7 [61.8139, 66.4127) with 100 queries.
Average Recall: 0.7952
Initial average recall with ef=100: 0.811375
Average Recall: 0.8606
Initial average recall with ef=150: 0.875
Weighted average ef: 299.53
Training convergence-bucket 8 [66.4127, 74.2809) with 100 queries.
Average Recall: 0.857
Initial average recall with ef=100: 0.861711
Average Recall: 0.9084
Initial average recall with ef=150: 0.91421
Weighted average ef: 194.95
Training convergence-bucket 9 [74.2809, inf) with 100 queries.
Average Recall: 0.9428
Initial average recall with ef=100: 0.951831
Average Recall: 0.9692
Initial average recall with ef=150: 0.975493
Weighted average ef: 91.17
****Weighted average ef: 1048
Search time: 7581 ms
Search time: 5839 ms
Search time: 5245 ms
Average Recall: 0.97154
5th percentile recall: 0.9
1st percentile recall: 0.86
Median search time: 5839 ms
Search times: 5245 ms, 5839 ms, 7581 ms, 
tiny5m-384-euclidean experiment results:
statisc_length, time, avg_recall, 5th_percentile_recall, 1st_percentile_recall, recall_above_99, recall_above_95, recall_above_90
1025, 5839, 0.97154, 0.9, 0.86, 505, 772, 940
Experiment finished
Starting ablation study tests: weighted decay function (gamma)...




Dataset: deep-image-96-angular
Metric: cd
Normalize the data vectors
Data vectors dimensions: 9990000 x 96
Query vectors dimensions: 10000 x 96
Neighbors dimensions: 10000 x 100
Using AVX512 Inner Product distance
Index loaded
Dimension of space:96
Data size of space:384

--- Gamma: 8 ---

Loading samplings from /home/ryawszn/experiments/shiro-ef/sampling/deep-image-96-angular-samplings--k100-ef.bin
Samplings loaded from /home/ryawszn/experiments/shiro-ef/sampling/deep-image-96-angular-samplings--k100-ef.bin
Average Recall: 0.838966
Initial average recall with ef=100: 0.838874
Average Recall: 0.886667
Initial average recall with ef=150: 0.886432
Recall diff is too small for 1 consecutive steps, break.
Recall diff is too small for 1 consecutive steps, break.
Recall diff is too small for 1 consecutive steps, break.
Recall diff is too small for 1 consecutive steps, break.
Recall diff is too small for 1 consecutive steps, break.
Recall diff is too small for 1 consecutive steps, break.
Recall diff is too small for 1 consecutive steps, break.
Recall diff is too small for 1 consecutive steps, break.
Recall diff is too small for 1 consecutive steps, break.
Recall diff is too small for 1 consecutive steps, break.
Recall diff is too small for 1 consecutive steps, break.
Recall diff is too small for 1 consecutive steps, break.
Recall diff is too small for 1 consecutive steps, break.
Weighted average ef: 359.195
Training convergence-bucket 0 [20.4975, 37.7451) with 200 queries.
Average Recall: 0.601
Initial average recall with ef=100: 0.597632
Average Recall: 0.67845
Initial average recall with ef=150: 0.675895
Recall diff is too small for 1 consecutive steps, break.
Recall diff is too small for 1 consecutive steps, break.
Weighted average ef: 1037.24
Training convergence-bucket 1 [37.7451, 41.8473) with 200 queries.
Average Recall: 0.64593
Initial average recall with ef=100: 0.644944
Average Recall: 0.726834
Initial average recall with ef=150: 0.724494
Recall diff is too small for 1 consecutive steps, break.
Weighted average ef: 719.92
Training convergence-bucket 2 [41.8473, 47.2557) with 200 queries.
Average Recall: 0.74425
Initial average recall with ef=100: 0.740378
Average Recall: 0.8175
Initial average recall with ef=150: 0.814324
Weighted average ef: 461.525
Training convergence-bucket 3 [47.2557, 51.2144) with 200 queries.
Average Recall: 0.81375
Initial average recall with ef=100: 0.812813
Average Recall: 0.8776
Initial average recall with ef=150: 0.876875
Weighted average ef: 367.015
Training convergence-bucket 4 [51.2144, 55.6691) with 200 queries.
Average Recall: 0.85765
Initial average recall with ef=100: 0.862094
Average Recall: 0.91205
Initial average recall with ef=150: 0.916178
Weighted average ef: 239.815
Training convergence-bucket 5 [55.6691, 59.7641) with 200 queries.
Average Recall: 0.898
Initial average recall with ef=100: 0.897892
Average Recall: 0.9422
Initial average recall with ef=150: 0.942648
Weighted average ef: 176.95
Training convergence-bucket 6 [59.7641, 64.1054) with 200 queries.
Average Recall: 0.92
Initial average recall with ef=100: 0.918378
Average Recall: 0.954322
Initial average recall with ef=150: 0.953297
Recall diff is too small for 1 consecutive steps, break.
Weighted average ef: 160.46
Training convergence-bucket 7 [64.1054, 68.8992) with 200 queries.
Average Recall: 0.95095
Initial average recall with ef=100: 0.954
Average Recall: 0.97575
Initial average recall with ef=150: 0.978324
Weighted average ef: 115.25
Training convergence-bucket 8 [68.8992, 75.5518) with 200 queries.
Average Recall: 0.9697
Initial average recall with ef=100: 0.971111
Average Recall: 0.987
Initial average recall with ef=150: 0.988042
Weighted average ef: 99.75
Training convergence-bucket 9 [75.5518, inf) with 200 queries.
Average Recall: 0.9879
Initial average recall with ef=100: 0.991452
Average Recall: 0.99455
Initial average recall with ef=150: 0.996667
Weighted average ef: 94.5
Reconstructed True WAE: 235.452 (Hard Pct: 0.0211)
****Weighted average ef: 235
Search time: 8829 ms
Search time: 8475 ms
Search time: 8146 ms
Average Recall: 0.977068
5th percentile recall: 0.93
1st percentile recall: 0.88
Median search time: 8475 ms
Search times: 8146 ms, 8475 ms, 8829 ms, 
deep-image-96-angular experiment results:
statisc_length, time, avg_recall, 5th_percentile_recall, 1st_percentile_recall, recall_above_99, recall_above_95, recall_above_90
1025, 8475, 0.977068, 0.93, 0.88, 5050, 8319, 9770
Experiment finished

--- Gamma: 12 ---

Loading samplings from /home/ryawszn/experiments/shiro-ef/sampling/deep-image-96-angular-samplings--k100-ef.bin
Samplings loaded from /home/ryawszn/experiments/shiro-ef/sampling/deep-image-96-angular-samplings--k100-ef.bin
Average Recall: 0.838966
Initial average recall with ef=100: 0.838925
Average Recall: 0.886667
Initial average recall with ef=150: 0.886466
Recall diff is too small for 1 consecutive steps, break.
Recall diff is too small for 1 consecutive steps, break.
Recall diff is too small for 1 consecutive steps, break.
Recall diff is too small for 1 consecutive steps, break.
Recall diff is too small for 1 consecutive steps, break.
Recall diff is too small for 1 consecutive steps, break.
Recall diff is too small for 1 consecutive steps, break.
Recall diff is too small for 1 consecutive steps, break.
Recall diff is too small for 1 consecutive steps, break.
Recall diff is too small for 1 consecutive steps, break.
Recall diff is too small for 1 consecutive steps, break.
Recall diff is too small for 1 consecutive steps, break.
Recall diff is too small for 1 consecutive steps, break.
Weighted average ef: 359.22
Training convergence-bucket 0 [17.923, 44.31) with 200 queries.
Average Recall: 0.6139
Initial average recall with ef=100: 0.610368
Average Recall: 0.6921
Initial average recall with ef=150: 0.689684
Recall diff is too small for 1 consecutive steps, break.
Recall diff is too small for 1 consecutive steps, break.
Recall diff is too small for 1 consecutive steps, break.
Weighted average ef: 973.12
Training convergence-bucket 1 [44.31, 48.4262) with 200 queries.
Average Recall: 0.640955
Initial average recall with ef=100: 0.64
Average Recall: 0.723115
Initial average recall with ef=150: 0.722703
Recall diff is too small for 1 consecutive steps, break.
Weighted average ef: 761.45
Training convergence-bucket 2 [48.4262, 54.8681) with 200 queries.
Average Recall: 0.7475
Initial average recall with ef=100: 0.745272
Average Recall: 0.8163
Initial average recall with ef=150: 0.814511
Recall diff is too small for 1 consecutive steps, break.
Recall diff is too small for 1 consecutive steps, break.
Weighted average ef: 488.045
Training convergence-bucket 3 [54.8681, 58.918) with 200 queries.
Average Recall: 0.8147
Initial average recall with ef=100: 0.817772
Average Recall: 0.8783
Initial average recall with ef=150: 0.880881
Weighted average ef: 312.005
Training convergence-bucket 4 [58.918, 62.801) with 200 queries.
Average Recall: 0.8531
Initial average recall with ef=100: 0.855246
Average Recall: 0.90885
Initial average recall with ef=150: 0.91153
Recall diff is too small for 1 consecutive steps, break.
Weighted average ef: 244.57
Training convergence-bucket 5 [62.801, 66.7466) with 200 queries.
Average Recall: 0.895628
Initial average recall with ef=100: 0.890656
Average Recall: 0.939448
Initial average recall with ef=150: 0.933989
Recall diff is too small for 1 consecutive steps, break.
Weighted average ef: 179.28
Training convergence-bucket 6 [66.7466, 70.4658) with 200 queries.
Average Recall: 0.91965
Initial average recall with ef=100: 0.925326
Average Recall: 0.9538
Initial average recall with ef=150: 0.959402
Weighted average ef: 150.59
Training convergence-bucket 7 [70.4658, 74.2954) with 200 queries.
Average Recall: 0.94745
Initial average recall with ef=100: 0.950649
Average Recall: 0.9739
Initial average recall with ef=150: 0.976378
Weighted average ef: 118.5
Training convergence-bucket 8 [74.2954, 79.6671) with 200 queries.
Average Recall: 0.96875
Initial average recall with ef=100: 0.97
Average Recall: 0.986001
Initial average recall with ef=150: 0.986979
Weighted average ef: 103
Training convergence-bucket 9 [79.6671, inf) with 200 queries.
Average Recall: 0.98735
Initial average recall with ef=100: 0.991129
Average Recall: 0.99435
Initial average recall with ef=150: 0.996613
Weighted average ef: 94.5
Reconstructed True WAE: 237.828 (Hard Pct: 0.0211)
****Weighted average ef: 237
Search time: 8892 ms
Search time: 8475 ms
Search time: 8898 ms
Average Recall: 0.97998
5th percentile recall: 0.93
1st percentile recall: 0.89
Median search time: 8892 ms
Search times: 8475 ms, 8892 ms, 8898 ms, 
deep-image-96-angular experiment results:
statisc_length, time, avg_recall, 5th_percentile_recall, 1st_percentile_recall, recall_above_99, recall_above_95, recall_above_90
1025, 8892, 0.97998, 0.93, 0.89, 5523, 8669, 9826
Experiment finished

--- Gamma: 16 ---

Loading samplings from /home/ryawszn/experiments/shiro-ef/sampling/deep-image-96-angular-samplings--k100-ef.bin
Samplings loaded from /home/ryawszn/experiments/shiro-ef/sampling/deep-image-96-angular-samplings--k100-ef.bin
Average Recall: 0.838966
Initial average recall with ef=100: 0.838962
Average Recall: 0.886667
Initial average recall with ef=150: 0.886432
Recall diff is too small for 1 consecutive steps, break.
Recall diff is too small for 1 consecutive steps, break.
Recall diff is too small for 1 consecutive steps, break.
Recall diff is too small for 1 consecutive steps, break.
Recall diff is too small for 1 consecutive steps, break.
Recall diff is too small for 1 consecutive steps, break.
Recall diff is too small for 1 consecutive steps, break.
Recall diff is too small for 1 consecutive steps, break.
Recall diff is too small for 1 consecutive steps, break.
Recall diff is too small for 1 consecutive steps, break.
Recall diff is too small for 1 consecutive steps, break.
Recall diff is too small for 1 consecutive steps, break.
Recall diff is too small for 1 consecutive steps, break.
Weighted average ef: 359.435
Training convergence-bucket 0 [15.9769, 48.7988) with 200 queries.
Average Recall: 0.620804
Initial average recall with ef=100: 0.61367
Average Recall: 0.699749
Initial average recall with ef=150: 0.69367
Recall diff is too small for 1 consecutive steps, break.
Weighted average ef: 923.35
Training convergence-bucket 1 [48.7988, 52.9019) with 200 queries.
Average Recall: 0.653
Initial average recall with ef=100: 0.643829
Average Recall: 0.73215
Initial average recall with ef=150: 0.723143
Weighted average ef: 737.755
Training convergence-bucket 2 [52.9019, 60.0296) with 200 queries.
Average Recall: 0.7367
Initial average recall with ef=100: 0.734021
Average Recall: 0.8058
Initial average recall with ef=150: 0.803598
Weighted average ef: 531.905
Training convergence-bucket 3 [60.0296, 64.134) with 200 queries.
Average Recall: 0.816
Initial average recall with ef=100: 0.814712
Average Recall: 0.87875
Initial average recall with ef=150: 0.877853
Weighted average ef: 337.12
Training convergence-bucket 4 [64.134, 67.6072) with 200 queries.
Average Recall: 0.858141
Initial average recall with ef=100: 0.855591
Average Recall: 0.912864
Initial average recall with ef=150: 0.910215
Recall diff is too small for 1 consecutive steps, break.
Weighted average ef: 256.965
Training convergence-bucket 5 [67.6072, 71.1849) with 200 queries.
Average Recall: 0.88515
Initial average recall with ef=100: 0.88766
Average Recall: 0.9299
Initial average recall with ef=150: 0.933032
Weighted average ef: 202.975
Training convergence-bucket 6 [71.1849, 74.4271) with 200 queries.
Average Recall: 0.92065
Initial average recall with ef=100: 0.922473
Average Recall: 0.9561
Initial average recall with ef=150: 0.957581
Weighted average ef: 152.75
Training convergence-bucket 7 [74.4271, 77.7543) with 200 queries.
Average Recall: 0.9451
Initial average recall with ef=100: 0.948192
Average Recall: 0.9724
Initial average recall with ef=150: 0.974787
Weighted average ef: 121.8
Training convergence-bucket 8 [77.7543, 82.04) with 200 queries.
Average Recall: 0.9686
Initial average recall with ef=100: 0.968769
Average Recall: 0.9849
Initial average recall with ef=150: 0.985128
Weighted average ef: 109.25
Training convergence-bucket 9 [82.04, inf) with 200 queries.
Average Recall: 0.98455
Initial average recall with ef=100: 0.989126
Average Recall: 0.9933
Initial average recall with ef=150: 0.99612
Weighted average ef: 93.25
Reconstructed True WAE: 243.132 (Hard Pct: 0.0211)
****Weighted average ef: 243
Search time: 8720 ms
Search time: 9109 ms
Search time: 9083 ms
Average Recall: 0.980951
5th percentile recall: 0.93
1st percentile recall: 0.89
Median search time: 9083 ms
Search times: 8720 ms, 9083 ms, 9109 ms, 
deep-image-96-angular experiment results:
statisc_length, time, avg_recall, 5th_percentile_recall, 1st_percentile_recall, recall_above_99, recall_above_95, recall_above_90
1025, 9083, 0.980951, 0.93, 0.89, 5675, 8760, 9846
Experiment finished

--- Gamma: 24 ---

Loading samplings from /home/ryawszn/experiments/shiro-ef/sampling/deep-image-96-angular-samplings--k100-ef.bin
Samplings loaded from /home/ryawszn/experiments/shiro-ef/sampling/deep-image-96-angular-samplings--k100-ef.bin
Average Recall: 0.838966
Initial average recall with ef=100: 0.83895
Average Recall: 0.886667
Initial average recall with ef=150: 0.886606
Recall diff is too small for 1 consecutive steps, break.
Recall diff is too small for 1 consecutive steps, break.
Recall diff is too small for 1 consecutive steps, break.
Recall diff is too small for 1 consecutive steps, break.
Recall diff is too small for 1 consecutive steps, break.
Recall diff is too small for 1 consecutive steps, break.
Recall diff is too small for 1 consecutive steps, break.
Recall diff is too small for 1 consecutive steps, break.
Recall diff is too small for 1 consecutive steps, break.
Recall diff is too small for 1 consecutive steps, break.
Recall diff is too small for 1 consecutive steps, break.
Recall diff is too small for 1 consecutive steps, break.
Recall diff is too small for 1 consecutive steps, break.
Weighted average ef: 359.103
Training convergence-bucket 0 [13.5053, 54.1341) with 200 queries.
Average Recall: 0.626533
Initial average recall with ef=100: 0.621366
Average Recall: 0.706181
Initial average recall with ef=150: 0.70153
Recall diff is too small for 1 consecutive steps, break.
Weighted average ef: 850.625
Training convergence-bucket 1 [54.1341, 59.4898) with 200 queries.
Average Recall: 0.6675
Initial average recall with ef=100: 0.652135
Average Recall: 0.745
Initial average recall with ef=150: 0.730393
Recall diff is too small for 1 consecutive steps, break.
Weighted average ef: 708.035
Training convergence-bucket 2 [59.4898, 66.4704) with 200 queries.
Average Recall: 0.73225
Initial average recall with ef=100: 0.729787
Average Recall: 0.8021
Initial average recall with ef=150: 0.800053
Recall diff is too small for 1 consecutive steps, break.
Weighted average ef: 561.27
Training convergence-bucket 3 [66.4704, 70.9119) with 200 queries.
Average Recall: 0.828643
Initial average recall with ef=100: 0.826264
Average Recall: 0.885377
Initial average recall with ef=150: 0.883297
Recall diff is too small for 1 consecutive steps, break.
Recall diff is too small for 1 consecutive steps, break.
Recall diff is too small for 1 consecutive steps, break.
Recall diff is too small for 1 consecutive steps, break.
Recall diff is too small for 1 consecutive steps, break.
Weighted average ef: 270.635
Training convergence-bucket 4 [70.9119, 74.0718) with 200 queries.
Average Recall: 0.84215
Initial average recall with ef=100: 0.853297
Average Recall: 0.89755
Initial average recall with ef=150: 0.908378
Weighted average ef: 259.2
Training convergence-bucket 5 [74.0718, 77.0611) with 200 queries.
Average Recall: 0.8915
Initial average recall with ef=100: 0.890895
Average Recall: 0.9366
Initial average recall with ef=150: 0.936263
Weighted average ef: 199.215
Training convergence-bucket 6 [77.0611, 79.5317) with 200 queries.
Average Recall: 0.9172
Initial average recall with ef=100: 0.920208
Average Recall: 0.953
Initial average recall with ef=150: 0.955312
Weighted average ef: 162.155
Training convergence-bucket 7 [79.5317, 82.063) with 200 queries.
Average Recall: 0.93865
Initial average recall with ef=100: 0.941277
Average Recall: 0.96705
Initial average recall with ef=150: 0.969149
Weighted average ef: 131.34
Training convergence-bucket 8 [82.063, 84.7361) with 200 queries.
Average Recall: 0.96525
Initial average recall with ef=100: 0.968777
Average Recall: 0.983251
Initial average recall with ef=150: 0.986117
Weighted average ef: 102.5
Training convergence-bucket 9 [84.7361, inf) with 200 queries.
Average Recall: 0.9789
Initial average recall with ef=100: 0.985028
Average Recall: 0.9897
Initial average recall with ef=150: 0.993898
Weighted average ef: 91
Reconstructed True WAE: 233.878 (Hard Pct: 0.0211)
****Weighted average ef: 233
Search time: 8879 ms
Search time: 8798 ms
Search time: 8274 ms
Average Recall: 0.97883
5th percentile recall: 0.93
1st percentile recall: 0.88
Median search time: 8798 ms
Search times: 8274 ms, 8798 ms, 8879 ms, 
deep-image-96-angular experiment results:
statisc_length, time, avg_recall, 5th_percentile_recall, 1st_percentile_recall, recall_above_99, recall_above_95, recall_above_90
1025, 8798, 0.97883, 0.93, 0.88, 5379, 8513, 9792
Experiment finished

--- Gamma: 32 ---

Loading samplings from /home/ryawszn/experiments/shiro-ef/sampling/deep-image-96-angular-samplings--k100-ef.bin
Samplings loaded from /home/ryawszn/experiments/shiro-ef/sampling/deep-image-96-angular-samplings--k100-ef.bin
Average Recall: 0.838966
Initial average recall with ef=100: 0.838771
Average Recall: 0.886667
Initial average recall with ef=150: 0.88662
Recall diff is too small for 1 consecutive steps, break.
Recall diff is too small for 1 consecutive steps, break.
Recall diff is too small for 1 consecutive steps, break.
Recall diff is too small for 1 consecutive steps, break.
Recall diff is too small for 1 consecutive steps, break.
Recall diff is too small for 1 consecutive steps, break.
Recall diff is too small for 1 consecutive steps, break.
Recall diff is too small for 1 consecutive steps, break.
Recall diff is too small for 1 consecutive steps, break.
Recall diff is too small for 1 consecutive steps, break.
Recall diff is too small for 1 consecutive steps, break.
Recall diff is too small for 1 consecutive steps, break.
Recall diff is too small for 1 consecutive steps, break.
Weighted average ef: 359.227
Training convergence-bucket 0 [12.29, 57.0713) with 200 queries.
Average Recall: 0.631759
Initial average recall with ef=100: 0.626141
Average Recall: 0.712211
Initial average recall with ef=150: 0.706902
Recall diff is too small for 1 consecutive steps, break.
Weighted average ef: 846.91
Training convergence-bucket 1 [57.0713, 64.1638) with 200 queries.
Average Recall: 0.6747
Initial average recall with ef=100: 0.662079
Average Recall: 0.7513
Initial average recall with ef=150: 0.740843
Recall diff is too small for 1 consecutive steps, break.
Recall diff is too small for 1 consecutive steps, break.
Weighted average ef: 665.67
Training convergence-bucket 2 [64.1638, 70.6993) with 200 queries.
Average Recall: 0.73196
Initial average recall with ef=100: 0.728396
Average Recall: 0.800402
Initial average recall with ef=150: 0.796898
Recall diff is too small for 1 consecutive steps, break.
Recall diff is too small for 1 consecutive steps, break.
Weighted average ef: 635.07
Training convergence-bucket 3 [70.6993, 75.0632) with 200 queries.
Average Recall: 0.8413
Initial average recall with ef=100: 0.840802
Average Recall: 0.89295
Initial average recall with ef=150: 0.893209
Weighted average ef: 321.715
Training convergence-bucket 4 [75.0632, 78.1258) with 200 queries.
Average Recall: 0.84625
Initial average recall with ef=100: 0.851902
Average Recall: 0.90155
Initial average recall with ef=150: 0.908043
Recall diff is too small for 1 consecutive steps, break.
Weighted average ef: 262.995
Training convergence-bucket 5 [78.1258, 80.4129) with 200 queries.
Average Recall: 0.8846
Initial average recall with ef=100: 0.888842
Average Recall: 0.93
Initial average recall with ef=150: 0.933842
Weighted average ef: 217.105
Training convergence-bucket 6 [80.4129, 82.6168) with 200 queries.
Average Recall: 0.9164
Initial average recall with ef=100: 0.917717
Average Recall: 0.95195
Initial average recall with ef=150: 0.953424
Weighted average ef: 152.71
Training convergence-bucket 7 [82.6168, 84.5197) with 200 queries.
Average Recall: 0.9366
Initial average recall with ef=100: 0.942174
Average Recall: 0.9637
Initial average recall with ef=150: 0.967881
Weighted average ef: 135.69
Training convergence-bucket 8 [84.5197, 86.7819) with 200 queries.
Average Recall: 0.9535
Initial average recall with ef=100: 0.956931
Average Recall: 0.9754
Initial average recall with ef=150: 0.978042
Weighted average ef: 119.5
Training convergence-bucket 9 [86.7819, inf) with 200 queries.
Average Recall: 0.97105
Initial average recall with ef=100: 0.975568
Average Recall: 0.98595
Initial average recall with ef=150: 0.988757
Weighted average ef: 103.25
Reconstructed True WAE: 252.864 (Hard Pct: 0.0211)
****Weighted average ef: 252
Search time: 9318 ms
Search time: 8403 ms
Search time: 8774 ms
Average Recall: 0.978206
5th percentile recall: 0.92
1st percentile recall: 0.88
Median search time: 8774 ms
Search times: 8403 ms, 8774 ms, 9318 ms, 
deep-image-96-angular experiment results:
statisc_length, time, avg_recall, 5th_percentile_recall, 1st_percentile_recall, recall_above_99, recall_above_95, recall_above_90
1025, 8774, 0.978206, 0.92, 0.88, 5468, 8323, 9742
Experiment finished


Dataset: glove-100-angular
Metric: cd
Normalize the data vectors
Data vectors dimensions: 1183514 x 100
Query vectors dimensions: 10000 x 100
Neighbors dimensions: 10000 x 100
Using AVX512 Inner Product distance
Index loaded
Dimension of space:100
Data size of space:400

--- Gamma: 8 ---

Loading samplings from /home/ryawszn/experiments/shiro-ef/sampling/glove-100-angular-samplings--k100-ef.bin
Samplings loaded from /home/ryawszn/experiments/shiro-ef/sampling/glove-100-angular-samplings--k100-ef.bin
Average Recall: 0.727104
Initial average recall with ef=100: 0.727344
Average Recall: 0.770668
Initial average recall with ef=150: 0.77093
Recall diff is too small for 1 consecutive steps, break.
Weighted average ef: 1690.15
Training convergence-bucket 0 [15.6476, 28.8599) with 200 queries.
Average Recall: 0.4484
Initial average recall with ef=100: 0.421505
Average Recall: 0.4953
Initial average recall with ef=150: 0.468656
Recall diff is too small for 1 consecutive steps, break.
Recall diff is too small for 1 consecutive steps, break.
Weighted average ef: 4183.29
Training convergence-bucket 1 [28.8599, 33.605) with 200 queries.
Average Recall: 0.4596
Initial average recall with ef=100: 0.436284
Average Recall: 0.52135
Initial average recall with ef=150: 0.499235
Recall diff is too small for 1 consecutive steps, break.
Recall diff is too small for 1 consecutive steps, break.
Recall diff is too small for 1 consecutive steps, break.
Recall diff is too small for 1 consecutive steps, break.
Weighted average ef: 3811.72
Training convergence-bucket 2 [33.605, 37.9781) with 200 queries.
Average Recall: 0.54245
Initial average recall with ef=100: 0.527766
Average Recall: 0.601
Initial average recall with ef=150: 0.586543
Recall diff is too small for 1 consecutive steps, break.
Recall diff is too small for 1 consecutive steps, break.
Recall diff is too small for 1 consecutive steps, break.
Recall diff is too small for 1 consecutive steps, break.
Weighted average ef: 3117.74
Training convergence-bucket 3 [37.9781, 43.482) with 200 queries.
Average Recall: 0.6254
Initial average recall with ef=100: 0.619615
Average Recall: 0.68635
Initial average recall with ef=150: 0.681648
Recall diff is too small for 1 consecutive steps, break.
Recall diff is too small for 1 consecutive steps, break.
Recall diff is too small for 1 consecutive steps, break.
Weighted average ef: 1964.05
Training convergence-bucket 4 [43.482, 48.8246) with 200 queries.
Average Recall: 0.71175
Initial average recall with ef=100: 0.706534
Average Recall: 0.7707
Initial average recall with ef=150: 0.76642
Recall diff is too small for 1 consecutive steps, break.
Recall diff is too small for 1 consecutive steps, break.
Weighted average ef: 1120.42
Training convergence-bucket 5 [48.8246, 54.9639) with 200 queries.
Average Recall: 0.80335
Initial average recall with ef=100: 0.793678
Average Recall: 0.85005
Initial average recall with ef=150: 0.842816
Weighted average ef: 757.76
Training convergence-bucket 6 [54.9639, 61.0586) with 200 queries.
Average Recall: 0.86015
Initial average recall with ef=100: 0.862655
Average Recall: 0.89965
Initial average recall with ef=150: 0.902316
Weighted average ef: 365.59
Training convergence-bucket 7 [61.0586, 66.9937) with 200 queries.
Average Recall: 0.9063
Initial average recall with ef=100: 0.901734
Average Recall: 0.9381
Initial average recall with ef=150: 0.934624
Recall diff is too small for 1 consecutive steps, break.
Weighted average ef: 251.18
Training convergence-bucket 8 [66.9937, 74.0374) with 200 queries.
Average Recall: 0.9353
Initial average recall with ef=100: 0.936782
Average Recall: 0.9561
Initial average recall with ef=150: 0.958218
Recall diff is too small for 1 consecutive steps, break.
Weighted average ef: 192.38
Training convergence-bucket 9 [74.0374, inf) with 200 queries.
Average Recall: 0.978351
Initial average recall with ef=100: 0.980272
Average Recall: 0.9881
Initial average recall with ef=150: 0.989511
Weighted average ef: 97.5
Reconstructed True WAE: 1420.43 (Hard Pct: 0.0084)
****Weighted average ef: 1420
Search time: 39020 ms
Search time: 39519 ms
Search time: 41657 ms
Average Recall: 0.978017
5th percentile recall: 0.91
1st percentile recall: 0.87
Median search time: 39519 ms
Search times: 39020 ms, 39519 ms, 41657 ms, 
glove-100-angular experiment results:
statisc_length, time, avg_recall, 5th_percentile_recall, 1st_percentile_recall, recall_above_99, recall_above_95, recall_above_90
1025, 39519, 0.978017, 0.91, 0.87, 5901, 8113, 9631
Experiment finished

--- Gamma: 12 ---

Loading samplings from /home/ryawszn/experiments/shiro-ef/sampling/glove-100-angular-samplings--k100-ef.bin
Samplings loaded from /home/ryawszn/experiments/shiro-ef/sampling/glove-100-angular-samplings--k100-ef.bin
Average Recall: 0.727104
Initial average recall with ef=100: 0.727344
Average Recall: 0.770668
Initial average recall with ef=150: 0.77093
Recall diff is too small for 1 consecutive steps, break.
Weighted average ef: 1690.15
Training convergence-bucket 0 [13.9031, 33.6363) with 200 queries.
Average Recall: 0.4553
Initial average recall with ef=100: 0.431087
Average Recall: 0.50385
Initial average recall with ef=150: 0.480054
Recall diff is too small for 1 consecutive steps, break.
Recall diff is too small for 1 consecutive steps, break.
Weighted average ef: 4164.12
Training convergence-bucket 1 [33.6363, 40.1089) with 200 queries.
Average Recall: 0.46515
Initial average recall with ef=100: 0.440382
Average Recall: 0.5205
Initial average recall with ef=150: 0.496175
Recall diff is too small for 1 consecutive steps, break.
Recall diff is too small for 1 consecutive steps, break.
Weighted average ef: 3827.42
Training convergence-bucket 2 [40.1089, 45.8854) with 200 queries.
Average Recall: 0.5436
Initial average recall with ef=100: 0.528541
Average Recall: 0.6056
Initial average recall with ef=150: 0.591676
Recall diff is too small for 1 consecutive steps, break.
Weighted average ef: 3003.05
Training convergence-bucket 3 [45.8854, 51.584) with 200 queries.
Average Recall: 0.62995
Initial average recall with ef=100: 0.627017
Average Recall: 0.68975
Initial average recall with ef=150: 0.68779
Recall diff is too small for 1 consecutive steps, break.
Weighted average ef: 1871.44
Training convergence-bucket 4 [51.584, 56.7325) with 200 queries.
Average Recall: 0.7085
Initial average recall with ef=100: 0.700056
Average Recall: 0.7689
Initial average recall with ef=150: 0.761469
Weighted average ef: 1189.1
Training convergence-bucket 5 [56.7325, 62.3606) with 200 queries.
Average Recall: 0.79935
Initial average recall with ef=100: 0.792191
Average Recall: 0.84605
Initial average recall with ef=150: 0.841461
Weighted average ef: 753.385
Training convergence-bucket 6 [62.3606, 67.6807) with 200 queries.
Average Recall: 0.8572
Initial average recall with ef=100: 0.854602
Average Recall: 0.8962
Initial average recall with ef=150: 0.893523
Recall diff is too small for 1 consecutive steps, break.
Recall diff is too small for 1 consecutive steps, break.
Recall diff is too small for 1 consecutive steps, break.
Weighted average ef: 490.32
Training convergence-bucket 7 [67.6807, 72.6272) with 200 queries.
Average Recall: 0.90335
Initial average recall with ef=100: 0.89614
Average Recall: 0.93515
Initial average recall with ef=150: 0.929942
Weighted average ef: 261.33
Training convergence-bucket 8 [72.6272, 78.223) with 200 queries.
Average Recall: 0.933
Initial average recall with ef=100: 0.93337
Average Recall: 0.9543
Initial average recall with ef=150: 0.955028
Recall diff is too small for 1 consecutive steps, break.
Weighted average ef: 201.885
Training convergence-bucket 9 [78.223, inf) with 200 queries.
Average Recall: 0.975651
Initial average recall with ef=100: 0.978132
Average Recall: 0.9864
Initial average recall with ef=150: 0.988132
Weighted average ef: 98
Reconstructed True WAE: 1446.1 (Hard Pct: 0.0084)
****Weighted average ef: 1446
Search time: 40827 ms
Search time: 40356 ms
Search time: 40339 ms
Average Recall: 0.978835
5th percentile recall: 0.92
1st percentile recall: 0.87
Median search time: 40356 ms
Search times: 40339 ms, 40356 ms, 40827 ms, 
glove-100-angular experiment results:
statisc_length, time, avg_recall, 5th_percentile_recall, 1st_percentile_recall, recall_above_99, recall_above_95, recall_above_90
1025, 40356, 0.978835, 0.92, 0.87, 5979, 8205, 9668
Experiment finished

--- Gamma: 16 ---

Loading samplings from /home/ryawszn/experiments/shiro-ef/sampling/glove-100-angular-samplings--k100-ef.bin
Samplings loaded from /home/ryawszn/experiments/shiro-ef/sampling/glove-100-angular-samplings--k100-ef.bin
Average Recall: 0.727104
Initial average recall with ef=100: 0.727344
Average Recall: 0.770668
Initial average recall with ef=150: 0.77093
Recall diff is too small for 1 consecutive steps, break.
Weighted average ef: 1690.15
Training convergence-bucket 0 [11.9239, 36.5612) with 200 queries.
Average Recall: 0.45775
Initial average recall with ef=100: 0.434202
Average Recall: 0.5046
Initial average recall with ef=150: 0.481489
Weighted average ef: 4369.62
Training convergence-bucket 1 [36.5612, 44.32) with 200 queries.
Average Recall: 0.4665
Initial average recall with ef=100: 0.442582
Average Recall: 0.5241
Initial average recall with ef=150: 0.500549
Recall diff is too small for 1 consecutive steps, break.
Recall diff is too small for 1 consecutive steps, break.
Recall diff is too small for 1 consecutive steps, break.
Weighted average ef: 3776.78
Training convergence-bucket 2 [44.32, 51.3519) with 200 queries.
Average Recall: 0.5554
Initial average recall with ef=100: 0.541087
Average Recall: 0.61685
Initial average recall with ef=150: 0.604402
Recall diff is too small for 1 consecutive steps, break.
Weighted average ef: 2805.55
Training convergence-bucket 3 [51.3519, 57.3494) with 200 queries.
Average Recall: 0.631
Initial average recall with ef=100: 0.620449
Average Recall: 0.69215
Initial average recall with ef=150: 0.680674
Weighted average ef: 1928.91
Training convergence-bucket 4 [57.3494, 62.36) with 200 queries.
Average Recall: 0.71275
Initial average recall with ef=100: 0.697614
Average Recall: 0.76865
Initial average recall with ef=150: 0.757045
Weighted average ef: 1212.92
Training convergence-bucket 5 [62.36, 67.4098) with 200 queries.
Average Recall: 0.79205
Initial average recall with ef=100: 0.781492
Average Recall: 0.8402
Initial average recall with ef=150: 0.831713
Weighted average ef: 813.325
Training convergence-bucket 6 [67.4098, 72.0157) with 200 queries.
Average Recall: 0.8497
Initial average recall with ef=100: 0.843046
Average Recall: 0.89005
Initial average recall with ef=150: 0.885287
Weighted average ef: 551.17
Training convergence-bucket 7 [72.0157, 76.1974) with 200 queries.
Average Recall: 0.90275
Initial average recall with ef=100: 0.900177
Average Recall: 0.9333
Initial average recall with ef=150: 0.932249
Recall diff is too small for 1 consecutive steps, break.
Weighted average ef: 243.29
Training convergence-bucket 8 [76.1974, 80.8181) with 200 queries.
Average Recall: 0.9334
Initial average recall with ef=100: 0.936292
Average Recall: 0.9541
Initial average recall with ef=150: 0.956348
Recall diff is too small for 1 consecutive steps, break.
Recall diff is too small for 1 consecutive steps, break.
Weighted average ef: 190.01
Training convergence-bucket 9 [80.8181, inf) with 200 queries.
Average Recall: 0.969751
Initial average recall with ef=100: 0.974066
Average Recall: 0.9827
Initial average recall with ef=150: 0.985824
Weighted average ef: 99.5
Reconstructed True WAE: 1436.64 (Hard Pct: 0.0084)
****Weighted average ef: 1436
Search time: 40378 ms
Search time: 39819 ms
Search time: 40500 ms
Average Recall: 0.978862
5th percentile recall: 0.92
1st percentile recall: 0.87
Median search time: 40378 ms
Search times: 39819 ms, 40378 ms, 40500 ms, 
glove-100-angular experiment results:
statisc_length, time, avg_recall, 5th_percentile_recall, 1st_percentile_recall, recall_above_99, recall_above_95, recall_above_90
1025, 40378, 0.978862, 0.92, 0.87, 5956, 8213, 9680
Experiment finished

--- Gamma: 24 ---

Loading samplings from /home/ryawszn/experiments/shiro-ef/sampling/glove-100-angular-samplings--k100-ef.bin
Samplings loaded from /home/ryawszn/experiments/shiro-ef/sampling/glove-100-angular-samplings--k100-ef.bin
Average Recall: 0.727104
Initial average recall with ef=100: 0.727344
Average Recall: 0.770668
Initial average recall with ef=150: 0.77093
Recall diff is too small for 1 consecutive steps, break.
Weighted average ef: 1690.15
Training convergence-bucket 0 [8.9977, 40.0413) with 200 queries.
Average Recall: 0.45005
Initial average recall with ef=100: 0.432947
Average Recall: 0.50035
Initial average recall with ef=150: 0.484105
Recall diff is too small for 1 consecutive steps, break.
Weighted average ef: 4395.42
Training convergence-bucket 1 [40.0413, 50.1148) with 200 queries.
Average Recall: 0.47865
Initial average recall with ef=100: 0.448122
Average Recall: 0.53205
Initial average recall with ef=150: 0.501381
Recall diff is too small for 1 consecutive steps, break.
Recall diff is too small for 1 consecutive steps, break.
Recall diff is too small for 1 consecutive steps, break.
Weighted average ef: 3658.91
Training convergence-bucket 2 [50.1148, 59.1119) with 200 queries.
Average Recall: 0.56265
Initial average recall with ef=100: 0.540385
Average Recall: 0.62355
Initial average recall with ef=150: 0.603791
Recall diff is too small for 1 consecutive steps, break.
Recall diff is too small for 1 consecutive steps, break.
Weighted average ef: 2772.75
Training convergence-bucket 3 [59.1119, 65.1733) with 200 queries.
Average Recall: 0.6561
Initial average recall with ef=100: 0.63927
Average Recall: 0.71735
Initial average recall with ef=150: 0.700337
Recall diff is too small for 1 consecutive steps, break.
Weighted average ef: 1751
Training convergence-bucket 4 [65.1733, 69.8343) with 200 queries.
Average Recall: 0.7191
Initial average recall with ef=100: 0.705275
Average Recall: 0.7699
Initial average recall with ef=150: 0.758352
Recall diff is too small for 1 consecutive steps, break.
Weighted average ef: 1345.02
Training convergence-bucket 5 [69.8343, 73.7217) with 200 queries.
Average Recall: 0.7868
Initial average recall with ef=100: 0.770231
Average Recall: 0.8366
Initial average recall with ef=150: 0.823353
Recall diff is too small for 1 consecutive steps, break.
Recall diff is too small for 1 consecutive steps, break.
Recall diff is too small for 1 consecutive steps, break.
Weighted average ef: 775.9
Training convergence-bucket 6 [73.7217, 77.5891) with 200 queries.
Average Recall: 0.83415
Initial average recall with ef=100: 0.829605
Average Recall: 0.87545
Initial average recall with ef=150: 0.872429
Recall diff is too small for 1 consecutive steps, break.
Weighted average ef: 669.88
Training convergence-bucket 7 [77.5891, 80.8246) with 200 queries.
Average Recall: 0.89295
Initial average recall with ef=100: 0.889944
Average Recall: 0.92405
Initial average recall with ef=150: 0.921966
Recall diff is too small for 1 consecutive steps, break.
Weighted average ef: 330.725
Training convergence-bucket 8 [80.8246, 83.8633) with 200 queries.
Average Recall: 0.92855
Initial average recall with ef=100: 0.930787
Average Recall: 0.95025
Initial average recall with ef=150: 0.951854
Weighted average ef: 230.665
Training convergence-bucket 9 [83.8633, inf) with 200 queries.
Average Recall: 0.96205
Initial average recall with ef=100: 0.966216
Average Recall: 0.97715
Initial average recall with ef=150: 0.980432
Weighted average ef: 120.995
Reconstructed True WAE: 1427.89 (Hard Pct: 0.0084)
****Weighted average ef: 1427
Search time: 40002 ms
Search time: 40564 ms
Search time: 40063 ms
Average Recall: 0.978774
5th percentile recall: 0.92
1st percentile recall: 0.88
Median search time: 40063 ms
Search times: 40002 ms, 40063 ms, 40564 ms, 
glove-100-angular experiment results:
statisc_length, time, avg_recall, 5th_percentile_recall, 1st_percentile_recall, recall_above_99, recall_above_95, recall_above_90
1025, 40063, 0.978774, 0.92, 0.88, 5928, 8181, 9694
Experiment finished

--- Gamma: 32 ---

Loading samplings from /home/ryawszn/experiments/shiro-ef/sampling/glove-100-angular-samplings--k100-ef.bin
Samplings loaded from /home/ryawszn/experiments/shiro-ef/sampling/glove-100-angular-samplings--k100-ef.bin
Average Recall: 0.727104
Initial average recall with ef=100: 0.727344
Average Recall: 0.770668
Initial average recall with ef=150: 0.77093
Recall diff is too small for 1 consecutive steps, break.
Weighted average ef: 1690.15
Training convergence-bucket 0 [7.48489, 41.7367) with 200 queries.
Average Recall: 0.445
Initial average recall with ef=100: 0.431257
Average Recall: 0.49545
Initial average recall with ef=150: 0.482408
Recall diff is too small for 1 consecutive steps, break.
Recall diff is too small for 1 consecutive steps, break.
Weighted average ef: 4395.81
Training convergence-bucket 1 [41.7367, 53.9998) with 200 queries.
Average Recall: 0.4846
Initial average recall with ef=100: 0.457705
Average Recall: 0.53905
Initial average recall with ef=150: 0.512241
Recall diff is too small for 1 consecutive steps, break.
Recall diff is too small for 1 consecutive steps, break.
Recall diff is too small for 1 consecutive steps, break.
Recall diff is too small for 1 consecutive steps, break.
Weighted average ef: 3693.44
Training convergence-bucket 2 [53.9998, 64.8583) with 200 queries.
Average Recall: 0.5811
Initial average recall with ef=100: 0.555393
Average Recall: 0.63855
Initial average recall with ef=150: 0.615786
Recall diff is too small for 1 consecutive steps, break.
Recall diff is too small for 1 consecutive steps, break.
Recall diff is too small for 1 consecutive steps, break.
Weighted average ef: 2633.33
Training convergence-bucket 3 [64.8583, 70.4417) with 200 queries.
Average Recall: 0.671
Initial average recall with ef=100: 0.648295
Average Recall: 0.7313
Initial average recall with ef=150: 0.710341
Recall diff is too small for 1 consecutive steps, break.
Weighted average ef: 1633.97
Training convergence-bucket 4 [70.4417, 74.6007) with 200 queries.
Average Recall: 0.72425
Initial average recall with ef=100: 0.697627
Average Recall: 0.7753
Initial average recall with ef=150: 0.751808
Recall diff is too small for 1 consecutive steps, break.
Weighted average ef: 1369.55
Training convergence-bucket 5 [74.6007, 78.0344) with 200 queries.
Average Recall: 0.7865
Initial average recall with ef=100: 0.775112
Average Recall: 0.8344
Initial average recall with ef=150: 0.825506
Recall diff is too small for 1 consecutive steps, break.
Recall diff is too small for 1 consecutive steps, break.
Recall diff is too small for 1 consecutive steps, break.
Weighted average ef: 825.675
Training convergence-bucket 6 [78.0344, 80.7628) with 200 queries.
Average Recall: 0.84075
Initial average recall with ef=100: 0.832727
Average Recall: 0.8796
Initial average recall with ef=150: 0.873636
Weighted average ef: 567.065
Training convergence-bucket 7 [80.7628, 83.364) with 200 queries.
Average Recall: 0.86925
Initial average recall with ef=100: 0.867796
Average Recall: 0.90155
Initial average recall with ef=150: 0.90209
Weighted average ef: 509.365
Training convergence-bucket 8 [83.364, 85.8838) with 200 queries.
Average Recall: 0.9168
Initial average recall with ef=100: 0.919274
Average Recall: 0.94055
Initial average recall with ef=150: 0.943296
Recall diff is too small for 1 consecutive steps, break.
Weighted average ef: 240.41
Training convergence-bucket 9 [85.8838, inf) with 200 queries.
Average Recall: 0.9518
Initial average recall with ef=100: 0.954254
Average Recall: 0.97095
Initial average recall with ef=150: 0.972983
Weighted average ef: 132.295
Reconstructed True WAE: 1418.38 (Hard Pct: 0.0084)
****Weighted average ef: 1418
Search time: 40128 ms
Search time: 39310 ms
Search time: 40565 ms
Average Recall: 0.978866
5th percentile recall: 0.92
1st percentile recall: 0.87
Median search time: 40128 ms
Search times: 39310 ms, 40128 ms, 40565 ms, 
glove-100-angular experiment results:
statisc_length, time, avg_recall, 5th_percentile_recall, 1st_percentile_recall, recall_above_99, recall_above_95, recall_above_90
1025, 40128, 0.978866, 0.92, 0.87, 5945, 8203, 9693
Experiment finished


Dataset: word2vec-300-angular
Metric: cd
Normalize the data vectors
Data vectors dimensions: 1000000 x 300
Query vectors dimensions: 1000 x 300
Neighbors dimensions: 1000 x 100
Using AVX512 Inner Product distance
Index loaded
Dimension of space:300
Data size of space:1200

--- Gamma: 8 ---

Loading samplings from /home/ryawszn/experiments/shiro-ef/sampling/word2vec-300-angular-samplings--k100-ef.bin
Samplings loaded from /home/ryawszn/experiments/shiro-ef/sampling/word2vec-300-angular-samplings--k100-ef.bin
Average Recall: 0.814942
Initial average recall with ef=100: 0.815848
Average Recall: 0.863051
Initial average recall with ef=150: 0.86389
Recall diff is too small for 1 consecutive steps, break.
Recall diff is too small for 1 consecutive steps, break.
Weighted average ef: 437.12
Training convergence-bucket 0 [19.8611, 37.1326) with 200 queries.
Average Recall: 0.57
Initial average recall with ef=100: 0.569027
Average Recall: 0.6531
Initial average recall with ef=150: 0.655568
Weighted average ef: 910.035
Training convergence-bucket 1 [37.1326, 40.2484) with 200 queries.
Average Recall: 0.61695
Initial average recall with ef=100: 0.612609
Average Recall: 0.7009
Initial average recall with ef=150: 0.697663
Weighted average ef: 859.22
Training convergence-bucket 2 [40.2484, 45.4258) with 200 queries.
Average Recall: 0.65055
Initial average recall with ef=100: 0.654332
Average Recall: 0.7301
Initial average recall with ef=150: 0.734973
Recall diff is too small for 1 consecutive steps, break.
Recall diff is too small for 1 consecutive steps, break.
Weighted average ef: 848.965
Training convergence-bucket 3 [45.4258, 52.2457) with 200 queries.
Average Recall: 0.7824
Initial average recall with ef=100: 0.77929
Average Recall: 0.84285
Initial average recall with ef=150: 0.841657
Weighted average ef: 477.875
Training convergence-bucket 4 [52.2457, 57.3053) with 200 queries.
Average Recall: 0.84205
Initial average recall with ef=100: 0.844556
Average Recall: 0.89265
Initial average recall with ef=150: 0.894911
Weighted average ef: 313.82
Training convergence-bucket 5 [57.3053, 61.8944) with 200 queries.
Average Recall: 0.8905
Initial average recall with ef=100: 0.892456
Average Recall: 0.9298
Initial average recall with ef=150: 0.931696
Weighted average ef: 193.315
Training convergence-bucket 6 [61.8944, 65.6423) with 200 queries.
Average Recall: 0.922601
Initial average recall with ef=100: 0.923529
Average Recall: 0.95205
Initial average recall with ef=150: 0.953471
Recall diff is too small for 1 consecutive steps, break.
Weighted average ef: 145.275
Training convergence-bucket 7 [65.6423, 69.4472) with 200 queries.
Average Recall: 0.9455
Initial average recall with ef=100: 0.9484
Average Recall: 0.967351
Initial average recall with ef=150: 0.969543
Weighted average ef: 117.75
Training convergence-bucket 8 [69.4472, 73.6913) with 200 queries.
Average Recall: 0.954251
Initial average recall with ef=100: 0.952414
Average Recall: 0.9754
Initial average recall with ef=150: 0.974368
Weighted average ef: 108.02
Training convergence-bucket 9 [73.6913, inf) with 200 queries.
Average Recall: 0.97465
Initial average recall with ef=100: 0.978364
Average Recall: 0.98635
Initial average recall with ef=150: 0.98897
Weighted average ef: 89.945
Reconstructed True WAE: 294.187 (Hard Pct: 0.02505)
****Weighted average ef: 294
Search time: 1233 ms
Search time: 1243 ms
Search time: 1251 ms
Average Recall: 0.97314
5th percentile recall: 0.88
1st percentile recall: 0.8
Median search time: 1243 ms
Search times: 1233 ms, 1243 ms, 1251 ms, 
word2vec-300-angular experiment results:
statisc_length, time, avg_recall, 5th_percentile_recall, 1st_percentile_recall, recall_above_99, recall_above_95, recall_above_90
1025, 1243, 0.97314, 0.88, 0.8, 587, 802, 921
Experiment finished

--- Gamma: 12 ---

Loading samplings from /home/ryawszn/experiments/shiro-ef/sampling/word2vec-300-angular-samplings--k100-ef.bin
Samplings loaded from /home/ryawszn/experiments/shiro-ef/sampling/word2vec-300-angular-samplings--k100-ef.bin
Average Recall: 0.814942
Initial average recall with ef=100: 0.815848
Average Recall: 0.863051
Initial average recall with ef=150: 0.86389
Recall diff is too small for 1 consecutive steps, break.
Recall diff is too small for 1 consecutive steps, break.
Weighted average ef: 437.12
Training convergence-bucket 0 [18.4885, 42.4341) with 200 queries.
Average Recall: 0.57605
Initial average recall with ef=100: 0.575543
Average Recall: 0.6577
Initial average recall with ef=150: 0.66087
Recall diff is too small for 1 consecutive steps, break.
Weighted average ef: 895.505
Training convergence-bucket 1 [42.4341, 45.5059) with 200 queries.
Average Recall: 0.60545
Initial average recall with ef=100: 0.602337
Average Recall: 0.6912
Initial average recall with ef=150: 0.690163
Recall diff is too small for 1 consecutive steps, break.
Weighted average ef: 853.685
Training convergence-bucket 2 [45.5059, 51.2352) with 200 queries.
Average Recall: 0.6557
Initial average recall with ef=100: 0.654121
Average Recall: 0.73525
Initial average recall with ef=150: 0.734615
Weighted average ef: 784.96
Training convergence-bucket 3 [51.2352, 58.5823) with 200 queries.
Average Recall: 0.78285
Initial average recall with ef=100: 0.777725
Average Recall: 0.84335
Initial average recall with ef=150: 0.839521
Recall diff is too small for 1 consecutive steps, break.
Recall diff is too small for 1 consecutive steps, break.
Weighted average ef: 511.73
Training convergence-bucket 4 [58.5823, 63.4065) with 200 queries.
Average Recall: 0.851
Initial average recall with ef=100: 0.850698
Average Recall: 0.899951
Initial average recall with ef=150: 0.899768
Weighted average ef: 279.04
Training convergence-bucket 5 [63.4065, 67.7693) with 200 queries.
Average Recall: 0.883351
Initial average recall with ef=100: 0.884702
Average Recall: 0.9234
Initial average recall with ef=150: 0.924107
Weighted average ef: 209.78
Training convergence-bucket 6 [67.7693, 71.0417) with 200 queries.
Average Recall: 0.92775
Initial average recall with ef=100: 0.929217
Average Recall: 0.956151
Initial average recall with ef=150: 0.958193
Weighted average ef: 126.68
Training convergence-bucket 7 [71.0417, 74.2028) with 200 queries.
Average Recall: 0.94295
Initial average recall with ef=100: 0.941538
Average Recall: 0.96495
Initial average recall with ef=150: 0.963956
Weighted average ef: 132.885
Training convergence-bucket 8 [74.2028, 77.6677) with 200 queries.
Average Recall: 0.952951
Initial average recall with ef=100: 0.952011
Average Recall: 0.9742
Initial average recall with ef=150: 0.973631
Weighted average ef: 118.085
Training convergence-bucket 9 [77.6677, inf) with 200 queries.
Average Recall: 0.9714
Initial average recall with ef=100: 0.972899
Average Recall: 0.9844
Initial average recall with ef=150: 0.986036
Weighted average ef: 95.625
Reconstructed True WAE: 297.616 (Hard Pct: 0.02505)
****Weighted average ef: 297
Search time: 1279 ms
Search time: 1295 ms
Search time: 1273 ms
Average Recall: 0.97398
5th percentile recall: 0.88
1st percentile recall: 0.8
Median search time: 1279 ms
Search times: 1273 ms, 1279 ms, 1295 ms, 
word2vec-300-angular experiment results:
statisc_length, time, avg_recall, 5th_percentile_recall, 1st_percentile_recall, recall_above_99, recall_above_95, recall_above_90
1025, 1279, 0.97398, 0.88, 0.8, 603, 807, 922
Experiment finished

--- Gamma: 16 ---

Loading samplings from /home/ryawszn/experiments/shiro-ef/sampling/word2vec-300-angular-samplings--k100-ef.bin
Samplings loaded from /home/ryawszn/experiments/shiro-ef/sampling/word2vec-300-angular-samplings--k100-ef.bin
Average Recall: 0.814942
Initial average recall with ef=100: 0.815848
Average Recall: 0.863051
Initial average recall with ef=150: 0.86389
Recall diff is too small for 1 consecutive steps, break.
Recall diff is too small for 1 consecutive steps, break.
Weighted average ef: 437.12
Training convergence-bucket 0 [16.7157, 45.4324) with 200 queries.
Average Recall: 0.57135
Initial average recall with ef=100: 0.570765
Average Recall: 0.65215
Initial average recall with ef=150: 0.655191
Weighted average ef: 910.955
Training convergence-bucket 1 [45.4324, 49.0301) with 200 queries.
Average Recall: 0.60335
Initial average recall with ef=100: 0.605464
Average Recall: 0.6891
Initial average recall with ef=150: 0.691749
Recall diff is too small for 1 consecutive steps, break.
Weighted average ef: 862.14
Training convergence-bucket 2 [49.0301, 55.234) with 200 queries.
Average Recall: 0.66035
Initial average recall with ef=100: 0.656167
Average Recall: 0.74275
Initial average recall with ef=150: 0.737389
Recall diff is too small for 1 consecutive steps, break.
Recall diff is too small for 1 consecutive steps, break.
Weighted average ef: 763.465
Training convergence-bucket 3 [55.234, 62.4334) with 200 queries.
Average Recall: 0.79625
Initial average recall with ef=100: 0.792454
Average Recall: 0.8523
Initial average recall with ef=150: 0.849755
Recall diff is too small for 1 consecutive steps, break.
Recall diff is too small for 1 consecutive steps, break.
Weighted average ef: 436.295
Training convergence-bucket 4 [62.4334, 67.152) with 200 queries.
Average Recall: 0.84685
Initial average recall with ef=100: 0.845575
Average Recall: 0.89615
Initial average recall with ef=150: 0.895517
Weighted average ef: 304.035
Training convergence-bucket 5 [67.152, 71.2249) with 200 queries.
Average Recall: 0.88475
Initial average recall with ef=100: 0.88689
Average Recall: 0.9261
Initial average recall with ef=150: 0.927927
Recall diff is too small for 1 consecutive steps, break.
Weighted average ef: 204.79
Training convergence-bucket 6 [71.2249, 74.3644) with 200 queries.
Average Recall: 0.9248
Initial average recall with ef=100: 0.920588
Average Recall: 0.95235
Initial average recall with ef=150: 0.949765
Weighted average ef: 154.235
Training convergence-bucket 7 [74.3644, 77.2476) with 200 queries.
Average Recall: 0.94
Initial average recall with ef=100: 0.938197
Average Recall: 0.96325
Initial average recall with ef=150: 0.961694
Weighted average ef: 139.645
Training convergence-bucket 8 [77.2476, 80.0452) with 200 queries.
Average Recall: 0.9551
Initial average recall with ef=100: 0.957811
Average Recall: 0.9752
Initial average recall with ef=150: 0.977574
Weighted average ef: 101
Training convergence-bucket 9 [80.0452, inf) with 200 queries.
Average Recall: 0.96665
Initial average recall with ef=100: 0.968095
Average Recall: 0.9812
Initial average recall with ef=150: 0.982857
Weighted average ef: 97.715
Reconstructed True WAE: 289.225 (Hard Pct: 0.02505)
****Weighted average ef: 289
Search time: 1278 ms
Search time: 570 ms
Search time: 1266 ms
Average Recall: 0.9731
5th percentile recall: 0.88
1st percentile recall: 0.8
Median search time: 1266 ms
Search times: 570 ms, 1266 ms, 1278 ms, 
word2vec-300-angular experiment results:
statisc_length, time, avg_recall, 5th_percentile_recall, 1st_percentile_recall, recall_above_99, recall_above_95, recall_above_90
1025, 1266, 0.9731, 0.88, 0.8, 588, 805, 920
Experiment finished

--- Gamma: 24 ---

Loading samplings from /home/ryawszn/experiments/shiro-ef/sampling/word2vec-300-angular-samplings--k100-ef.bin
Samplings loaded from /home/ryawszn/experiments/shiro-ef/sampling/word2vec-300-angular-samplings--k100-ef.bin
Average Recall: 0.814942
Initial average recall with ef=100: 0.815848
Average Recall: 0.863051
Initial average recall with ef=150: 0.86389
Recall diff is too small for 1 consecutive steps, break.
Recall diff is too small for 1 consecutive steps, break.
Weighted average ef: 437.12
Training convergence-bucket 0 [14.0114, 48.1978) with 200 queries.
Average Recall: 0.5711
Initial average recall with ef=100: 0.56956
Average Recall: 0.65245
Initial average recall with ef=150: 0.65467
Weighted average ef: 904.105
Training convergence-bucket 1 [48.1978, 52.9714) with 200 queries.
Average Recall: 0.6215
Initial average recall with ef=100: 0.609609
Average Recall: 0.7047
Initial average recall with ef=150: 0.69648
Recall diff is too small for 1 consecutive steps, break.
Weighted average ef: 850.95
Training convergence-bucket 2 [52.9714, 59.5184) with 200 queries.
Average Recall: 0.65065
Initial average recall with ef=100: 0.638198
Average Recall: 0.7322
Initial average recall with ef=150: 0.719302
Recall diff is too small for 1 consecutive steps, break.
Weighted average ef: 761.755
Training convergence-bucket 3 [59.5184, 67.4822) with 200 queries.
Average Recall: 0.80005
Initial average recall with ef=100: 0.793293
Average Recall: 0.85605
Initial average recall with ef=150: 0.851437
Recall diff is too small for 1 consecutive steps, break.
Weighted average ef: 432.48
Training convergence-bucket 4 [67.4822, 72.0635) with 200 queries.
Average Recall: 0.8513
Initial average recall with ef=100: 0.850412
Average Recall: 0.9004
Initial average recall with ef=150: 0.899235
Weighted average ef: 288.905
Training convergence-bucket 5 [72.0635, 75.4063) with 200 queries.
Average Recall: 0.8872
Initial average recall with ef=100: 0.88189
Average Recall: 0.92485
Initial average recall with ef=150: 0.921768
Weighted average ef: 226.135
Training convergence-bucket 6 [75.4063, 78.1609) with 200 queries.
Average Recall: 0.919101
Initial average recall with ef=100: 0.91956
Average Recall: 0.94975
Initial average recall with ef=150: 0.950275
Weighted average ef: 157.68
Training convergence-bucket 7 [78.1609, 80.5558) with 200 queries.
Average Recall: 0.93775
Initial average recall with ef=100: 0.936099
Average Recall: 0.9612
Initial average recall with ef=150: 0.960165
Weighted average ef: 142.39
Training convergence-bucket 8 [80.5558, 82.799) with 200 queries.
Average Recall: 0.94935
Initial average recall with ef=100: 0.947257
Average Recall: 0.9702
Initial average recall with ef=150: 0.969086
Weighted average ef: 124.05
Training convergence-bucket 9 [82.799, inf) with 200 queries.
Average Recall: 0.96145
Initial average recall with ef=100: 0.963625
Average Recall: 0.978751
Initial average recall with ef=150: 0.981
Weighted average ef: 95.5
Reconstructed True WAE: 298.746 (Hard Pct: 0.02505)
****Weighted average ef: 298
Search time: 1279 ms
Search time: 1318 ms
Search time: 1317 ms
Average Recall: 0.97483
5th percentile recall: 0.88
1st percentile recall: 0.81
Median search time: 1317 ms
Search times: 1279 ms, 1317 ms, 1318 ms, 
word2vec-300-angular experiment results:
statisc_length, time, avg_recall, 5th_percentile_recall, 1st_percentile_recall, recall_above_99, recall_above_95, recall_above_90
1025, 1317, 0.97483, 0.88, 0.81, 614, 824, 924
Experiment finished

--- Gamma: 32 ---

Loading samplings from /home/ryawszn/experiments/shiro-ef/sampling/word2vec-300-angular-samplings--k100-ef.bin
Samplings loaded from /home/ryawszn/experiments/shiro-ef/sampling/word2vec-300-angular-samplings--k100-ef.bin
Average Recall: 0.814942
Initial average recall with ef=100: 0.815848
Average Recall: 0.863051
Initial average recall with ef=150: 0.86389
Recall diff is too small for 1 consecutive steps, break.
Recall diff is too small for 1 consecutive steps, break.
Weighted average ef: 437.12
Training convergence-bucket 0 [12.5083, 49.9927) with 200 queries.
Average Recall: 0.5673
Initial average recall with ef=100: 0.561475
Average Recall: 0.6479
Initial average recall with ef=150: 0.64541
Recall diff is too small for 1 consecutive steps, break.
Weighted average ef: 914.915
Training convergence-bucket 1 [49.9927, 55.8853) with 200 queries.
Average Recall: 0.6255
Initial average recall with ef=100: 0.615714
Average Recall: 0.7099
Initial average recall with ef=150: 0.703771
Weighted average ef: 789.715
Training convergence-bucket 2 [55.8853, 62.6429) with 200 queries.
Average Recall: 0.6667
Initial average recall with ef=100: 0.647976
Average Recall: 0.7449
Initial average recall with ef=150: 0.727738
Weighted average ef: 727.84
Training convergence-bucket 3 [62.6429, 70.0778) with 200 queries.
Average Recall: 0.79765
Initial average recall with ef=100: 0.782934
Average Recall: 0.85405
Initial average recall with ef=150: 0.842096
Weighted average ef: 430.96
Training convergence-bucket 4 [70.0778, 74.7141) with 200 queries.
Average Recall: 0.85785
Initial average recall with ef=100: 0.854699
Average Recall: 0.90445
Initial average recall with ef=150: 0.902289
Weighted average ef: 276.31
Training convergence-bucket 5 [74.7141, 77.888) with 200 queries.
Average Recall: 0.89505
Initial average recall with ef=100: 0.895455
Average Recall: 0.93095
Initial average recall with ef=150: 0.932102
Weighted average ef: 202.41
Training convergence-bucket 6 [77.888, 80.5052) with 200 queries.
Average Recall: 0.9077
Initial average recall with ef=100: 0.90419
Average Recall: 0.94045
Initial average recall with ef=150: 0.937765
Weighted average ef: 204.06
Training convergence-bucket 7 [80.5052, 82.3685) with 200 queries.
Average Recall: 0.932301
Initial average recall with ef=100: 0.931345
Average Recall: 0.957
Initial average recall with ef=150: 0.956784
Recall diff is too small for 1 consecutive steps, break.
Weighted average ef: 139.28
Training convergence-bucket 8 [82.3685, 84.7801) with 200 queries.
Average Recall: 0.94325
Initial average recall with ef=100: 0.94209
Average Recall: 0.96535
Initial average recall with ef=150: 0.965367
Weighted average ef: 133.26
Training convergence-bucket 9 [84.7801, inf) with 200 queries.
Average Recall: 0.95615
Initial average recall with ef=100: 0.95717
Average Recall: 0.975601
Initial average recall with ef=150: 0.977547
Weighted average ef: 100.02
Reconstructed True WAE: 293.689 (Hard Pct: 0.02505)
****Weighted average ef: 293
Search time: 1305 ms
Search time: 1282 ms
Search time: 1284 ms
Average Recall: 0.97435
5th percentile recall: 0.88
1st percentile recall: 0.8
Median search time: 1284 ms
Search times: 1282 ms, 1284 ms, 1305 ms, 
word2vec-300-angular experiment results:
statisc_length, time, avg_recall, 5th_percentile_recall, 1st_percentile_recall, recall_above_99, recall_above_95, recall_above_90
1025, 1284, 0.97435, 0.88, 0.8, 604, 819, 927
Experiment finished


Dataset: sift10m-128-euclidean
Metric: l2
Data vectors dimensions: 10000000 x 128
Query vectors dimensions: 1000 x 128
Neighbors dimensions: 1000 x 100
Index loaded
Dimension of space:128
Data size of space:512

--- Gamma: 8 ---

Loading samplings from /home/ryawszn/experiments/shiro-ef/sampling/sift10m-128-euclidean-samplings--k100-ef.bin
Samplings loaded from /home/ryawszn/experiments/shiro-ef/sampling/sift10m-128-euclidean-samplings--k100-ef.bin
Average Recall: 0.858042
Initial average recall with ef=100: 0.858457
Average Recall: 0.903745
Initial average recall with ef=150: 0.904128
Recall diff is too small for 1 consecutive steps, break.
Weighted average ef: 298.081
Training convergence-bucket 0 [18.7878, 40.9293) with 200 queries.
Average Recall: 0.66015
Initial average recall with ef=100: 0.658206
Average Recall: 0.7358
Initial average recall with ef=150: 0.734022
Weighted average ef: 716.425
Training convergence-bucket 1 [40.9293, 44.762) with 200 queries.
Average Recall: 0.7099
Initial average recall with ef=100: 0.709091
Average Recall: 0.7835
Initial average recall with ef=150: 0.783155
Recall diff is too small for 1 consecutive steps, break.
Recall diff is too small for 1 consecutive steps, break.
Weighted average ef: 558.505
Training convergence-bucket 2 [44.762, 49.4993) with 200 queries.
Average Recall: 0.781
Initial average recall with ef=100: 0.779243
Average Recall: 0.84685
Initial average recall with ef=150: 0.845838
Recall diff is too small for 1 consecutive steps, break.
Weighted average ef: 376.985
Training convergence-bucket 3 [49.4993, 53.5797) with 200 queries.
Average Recall: 0.8323
Initial average recall with ef=100: 0.829305
Average Recall: 0.89095
Initial average recall with ef=150: 0.889572
Weighted average ef: 268.785
Training convergence-bucket 4 [53.5797, 57.5798) with 200 queries.
Average Recall: 0.8692
Initial average recall with ef=100: 0.869193
Average Recall: 0.91845
Initial average recall with ef=150: 0.918656
Weighted average ef: 229.93
Training convergence-bucket 5 [57.5798, 60.7789) with 200 queries.
Average Recall: 0.8967
Initial average recall with ef=100: 0.898361
Average Recall: 0.9415
Initial average recall with ef=150: 0.942841
Weighted average ef: 170.25
Training convergence-bucket 6 [60.7789, 64.4964) with 200 queries.
Average Recall: 0.9267
Initial average recall with ef=100: 0.927925
Average Recall: 0.9621
Initial average recall with ef=150: 0.96367
Weighted average ef: 146.225
Training convergence-bucket 7 [64.4964, 68.858) with 200 queries.
Average Recall: 0.9464
Initial average recall with ef=100: 0.947409
Average Recall: 0.97505
Initial average recall with ef=150: 0.975596
Weighted average ef: 123.25
Training convergence-bucket 8 [68.858, 74.4271) with 200 queries.
Average Recall: 0.968751
Initial average recall with ef=100: 0.969275
Average Recall: 0.98715
Initial average recall with ef=150: 0.98772
Weighted average ef: 101.915
Training convergence-bucket 9 [74.4271, inf) with 200 queries.
Average Recall: 0.98935
Initial average recall with ef=100: 0.990526
Average Recall: 0.99615
Initial average recall with ef=150: 0.996842
Weighted average ef: 95
Reconstructed True WAE: 212.693 (Hard Pct: 0.0193)
****Weighted average ef: 212
Search time: 978 ms
Search time: 991 ms
Search time: 989 ms
Average Recall: 0.97846
5th percentile recall: 0.94
1st percentile recall: 0.9
Median search time: 989 ms
Search times: 978 ms, 989 ms, 991 ms, 
sift10m-128-euclidean experiment results:
statisc_length, time, avg_recall, 5th_percentile_recall, 1st_percentile_recall, recall_above_99, recall_above_95, recall_above_90
1025, 989, 0.97846, 0.94, 0.9, 473, 859, 989
Experiment finished

--- Gamma: 12 ---

Loading samplings from /home/ryawszn/experiments/shiro-ef/sampling/sift10m-128-euclidean-samplings--k100-ef.bin
Samplings loaded from /home/ryawszn/experiments/shiro-ef/sampling/sift10m-128-euclidean-samplings--k100-ef.bin
Average Recall: 0.858042
Initial average recall with ef=100: 0.858457
Average Recall: 0.903745
Initial average recall with ef=150: 0.904128
Recall diff is too small for 1 consecutive steps, break.
Weighted average ef: 298.081
Training convergence-bucket 0 [20.4017, 48.9446) with 200 queries.
Average Recall: 0.66705
Initial average recall with ef=100: 0.665435
Average Recall: 0.74285
Initial average recall with ef=150: 0.741794
Weighted average ef: 701.99
Training convergence-bucket 1 [48.9446, 52.6571) with 200 queries.
Average Recall: 0.70495
Initial average recall with ef=100: 0.703441
Average Recall: 0.78025
Initial average recall with ef=150: 0.778871
Recall diff is too small for 1 consecutive steps, break.
Weighted average ef: 559.37
Training convergence-bucket 2 [52.6571, 58.019) with 200 queries.
Average Recall: 0.78595
Initial average recall with ef=100: 0.780588
Average Recall: 0.8492
Initial average recall with ef=150: 0.844759
Recall diff is too small for 1 consecutive steps, break.
Weighted average ef: 385.885
Training convergence-bucket 3 [58.019, 61.6378) with 200 queries.
Average Recall: 0.8361
Initial average recall with ef=100: 0.833892
Average Recall: 0.89245
Initial average recall with ef=150: 0.891514
Weighted average ef: 266.205
Training convergence-bucket 4 [61.6378, 65.215) with 200 queries.
Average Recall: 0.8658
Initial average recall with ef=100: 0.862337
Average Recall: 0.91675
Initial average recall with ef=150: 0.914783
Weighted average ef: 229.3
Training convergence-bucket 5 [65.215, 68.0749) with 200 queries.
Average Recall: 0.89965
Initial average recall with ef=100: 0.902169
Average Recall: 0.9418
Initial average recall with ef=150: 0.944127
Weighted average ef: 171.25
Training convergence-bucket 6 [68.0749, 71.1031) with 200 queries.
Average Recall: 0.91905
Initial average recall with ef=100: 0.92246
Average Recall: 0.957051
Initial average recall with ef=150: 0.959572
Weighted average ef: 146.95
Training convergence-bucket 7 [71.1031, 74.6186) with 200 queries.
Average Recall: 0.9472
Initial average recall with ef=100: 0.949579
Average Recall: 0.97605
Initial average recall with ef=150: 0.977421
Weighted average ef: 119.68
Training convergence-bucket 8 [74.6186, 78.7975) with 200 queries.
Average Recall: 0.967251
Initial average recall with ef=100: 0.969634
Average Recall: 0.98595
Initial average recall with ef=150: 0.987435
Weighted average ef: 101
Training convergence-bucket 9 [78.7975, inf) with 200 queries.
Average Recall: 0.98745
Initial average recall with ef=100: 0.990811
Average Recall: 0.99515
Initial average recall with ef=150: 0.997297
Weighted average ef: 92.5
Reconstructed True WAE: 210.455 (Hard Pct: 0.0193)
****Weighted average ef: 210
Search time: 1036 ms
Search time: 1045 ms
Search time: 1027 ms
Average Recall: 0.97998
5th percentile recall: 0.94
1st percentile recall: 0.91
Median search time: 1036 ms
Search times: 1027 ms, 1036 ms, 1045 ms, 
sift10m-128-euclidean experiment results:
statisc_length, time, avg_recall, 5th_percentile_recall, 1st_percentile_recall, recall_above_99, recall_above_95, recall_above_90
1025, 1036, 0.97998, 0.94, 0.91, 498, 882, 994
Experiment finished

--- Gamma: 16 ---

Loading samplings from /home/ryawszn/experiments/shiro-ef/sampling/sift10m-128-euclidean-samplings--k100-ef.bin
Samplings loaded from /home/ryawszn/experiments/shiro-ef/sampling/sift10m-128-euclidean-samplings--k100-ef.bin
Average Recall: 0.858042
Initial average recall with ef=100: 0.858457
Average Recall: 0.903745
Initial average recall with ef=150: 0.904128
Recall diff is too small for 1 consecutive steps, break.
Weighted average ef: 298.081
Training convergence-bucket 0 [22.4341, 54.8694) with 200 queries.
Average Recall: 0.67325
Initial average recall with ef=100: 0.667011
Average Recall: 0.7494
Initial average recall with ef=150: 0.744456
Weighted average ef: 694.02
Training convergence-bucket 1 [54.8694, 58.4954) with 200 queries.
Average Recall: 0.70815
Initial average recall with ef=100: 0.705445
Average Recall: 0.78175
Initial average recall with ef=150: 0.779791
Weighted average ef: 563.91
Training convergence-bucket 2 [58.4954, 63.9193) with 200 queries.
Average Recall: 0.78685
Initial average recall with ef=100: 0.781676
Average Recall: 0.84955
Initial average recall with ef=150: 0.845459
Recall diff is too small for 1 consecutive steps, break.
Weighted average ef: 392.465
Training convergence-bucket 3 [63.9193, 67.1803) with 200 queries.
Average Recall: 0.83515
Initial average recall with ef=100: 0.832344
Average Recall: 0.8923
Initial average recall with ef=150: 0.890469
Weighted average ef: 285.535
Training convergence-bucket 4 [67.1803, 70.45) with 200 queries.
Average Recall: 0.86965
Initial average recall with ef=100: 0.867554
Average Recall: 0.9203
Initial average recall with ef=150: 0.918967
Weighted average ef: 217.72
Training convergence-bucket 5 [70.45, 72.7911) with 200 queries.
Average Recall: 0.8968
Initial average recall with ef=100: 0.894603
Average Recall: 0.937951
Initial average recall with ef=150: 0.936719
Weighted average ef: 192.07
Training convergence-bucket 6 [72.7911, 75.4077) with 200 queries.
Average Recall: 0.91425
Initial average recall with ef=100: 0.915519
Average Recall: 0.9532
Initial average recall with ef=150: 0.954645
Weighted average ef: 152.915
Training convergence-bucket 7 [75.4077, 78.0557) with 200 queries.
Average Recall: 0.9472
Initial average recall with ef=100: 0.94866
Average Recall: 0.9751
Initial average recall with ef=150: 0.975722
Weighted average ef: 122.5
Training convergence-bucket 8 [78.0557, 81.4853) with 200 queries.
Average Recall: 0.96405
Initial average recall with ef=100: 0.967958
Average Recall: 0.98415
Initial average recall with ef=150: 0.986702
Weighted average ef: 105.25
Training convergence-bucket 9 [81.4853, inf) with 200 queries.
Average Recall: 0.985101
Initial average recall with ef=100: 0.98978
Average Recall: 0.9938
Initial average recall with ef=150: 0.996703
Weighted average ef: 91
Reconstructed True WAE: 214.323 (Hard Pct: 0.0193)
****Weighted average ef: 214
Search time: 1065 ms
Search time: 1050 ms
Search time: 1043 ms
Average Recall: 0.98107
5th percentile recall: 0.94
1st percentile recall: 0.92
Median search time: 1050 ms
Search times: 1043 ms, 1050 ms, 1065 ms, 
sift10m-128-euclidean experiment results:
statisc_length, time, avg_recall, 5th_percentile_recall, 1st_percentile_recall, recall_above_99, recall_above_95, recall_above_90
1025, 1050, 0.98107, 0.94, 0.92, 515, 891, 994
Experiment finished

--- Gamma: 24 ---

Loading samplings from /home/ryawszn/experiments/shiro-ef/sampling/sift10m-128-euclidean-samplings--k100-ef.bin
Samplings loaded from /home/ryawszn/experiments/shiro-ef/sampling/sift10m-128-euclidean-samplings--k100-ef.bin
Average Recall: 0.858042
Initial average recall with ef=100: 0.858457
Average Recall: 0.903745
Initial average recall with ef=150: 0.904128
Recall diff is too small for 1 consecutive steps, break.
Weighted average ef: 298.081
Training convergence-bucket 0 [25.8504, 62.2438) with 200 queries.
Average Recall: 0.68435
Initial average recall with ef=100: 0.678
Average Recall: 0.7588
Initial average recall with ef=150: 0.753556
Recall diff is too small for 1 consecutive steps, break.
Weighted average ef: 646.225
Training convergence-bucket 1 [62.2438, 66.918) with 200 queries.
Average Recall: 0.71875
Initial average recall with ef=100: 0.710582
Average Recall: 0.7912
Initial average recall with ef=150: 0.784286
Weighted average ef: 564.825
Training convergence-bucket 2 [66.918, 71.4268) with 200 queries.
Average Recall: 0.78645
Initial average recall with ef=100: 0.780726
Average Recall: 0.84815
Initial average recall with ef=150: 0.844022
Weighted average ef: 365.34
Training convergence-bucket 3 [71.4268, 74.3457) with 200 queries.
Average Recall: 0.83355
Initial average recall with ef=100: 0.828242
Average Recall: 0.89175
Initial average recall with ef=150: 0.887692
Weighted average ef: 272.985
Training convergence-bucket 4 [74.3457, 76.7021) with 200 queries.
Average Recall: 0.8776
Initial average recall with ef=100: 0.879319
Average Recall: 0.9235
Initial average recall with ef=150: 0.924608
Weighted average ef: 212.935
Training convergence-bucket 5 [76.7021, 78.9802) with 200 queries.
Average Recall: 0.89885
Initial average recall with ef=100: 0.900618
Average Recall: 0.9397
Initial average recall with ef=150: 0.941517
Weighted average ef: 173.9
Training convergence-bucket 6 [78.9802, 80.7191) with 200 queries.
Average Recall: 0.9093
Initial average recall with ef=100: 0.909372
Average Recall: 0.94665
Initial average recall with ef=150: 0.946649
Weighted average ef: 174.955
Training convergence-bucket 7 [80.7191, 82.4344) with 200 queries.
Average Recall: 0.93735
Initial average recall with ef=100: 0.938842
Average Recall: 0.967751
Initial average recall with ef=150: 0.968947
Weighted average ef: 129.09
Training convergence-bucket 8 [82.4344, 84.7709) with 200 queries.
Average Recall: 0.958751
Initial average recall with ef=100: 0.960359
Average Recall: 0.9818
Initial average recall with ef=150: 0.982872
Weighted average ef: 114.75
Training convergence-bucket 9 [84.7709, inf) with 200 queries.
Average Recall: 0.975501
Initial average recall with ef=100: 0.978889
Average Recall: 0.9882
Initial average recall with ef=150: 0.990159
Weighted average ef: 104.29
Reconstructed True WAE: 211.947 (Hard Pct: 0.0193)
****Weighted average ef: 211
Search time: 1032 ms
Search time: 1057 ms
Search time: 1035 ms
Average Recall: 0.98032
5th percentile recall: 0.94
1st percentile recall: 0.91
Median search time: 1035 ms
Search times: 1032 ms, 1035 ms, 1057 ms, 
sift10m-128-euclidean experiment results:
statisc_length, time, avg_recall, 5th_percentile_recall, 1st_percentile_recall, recall_above_99, recall_above_95, recall_above_90
1025, 1035, 0.98032, 0.94, 0.91, 518, 875, 995
Experiment finished

--- Gamma: 32 ---

Loading samplings from /home/ryawszn/experiments/shiro-ef/sampling/sift10m-128-euclidean-samplings--k100-ef.bin
Samplings loaded from /home/ryawszn/experiments/shiro-ef/sampling/sift10m-128-euclidean-samplings--k100-ef.bin
Average Recall: 0.858042
Initial average recall with ef=100: 0.858457
Average Recall: 0.903745
Initial average recall with ef=150: 0.904128
Recall diff is too small for 1 consecutive steps, break.
Weighted average ef: 298.081
Training convergence-bucket 0 [28.14, 67.5275) with 200 queries.
Average Recall: 0.692
Initial average recall with ef=100: 0.687228
Average Recall: 0.7654
Initial average recall with ef=150: 0.761576
Recall diff is too small for 1 consecutive steps, break.
Recall diff is too small for 1 consecutive steps, break.
Weighted average ef: 622.675
Training convergence-bucket 1 [67.5275, 72.4336) with 200 queries.
Average Recall: 0.7299
Initial average recall with ef=100: 0.720749
Average Recall: 0.80105
Initial average recall with ef=150: 0.793262
Weighted average ef: 535.43
Training convergence-bucket 2 [72.4336, 75.9933) with 200 queries.
Average Recall: 0.78875
Initial average recall with ef=100: 0.785503
Average Recall: 0.85
Initial average recall with ef=150: 0.84709
Recall diff is too small for 1 consecutive steps, break.
Weighted average ef: 407.72
Training convergence-bucket 3 [75.9933, 78.6994) with 200 queries.
Average Recall: 0.84665
Initial average recall with ef=100: 0.840506
Average Recall: 0.8991
Initial average recall with ef=150: 0.894944
Weighted average ef: 263.205
Training convergence-bucket 4 [78.6994, 80.5563) with 200 queries.
Average Recall: 0.87355
Initial average recall with ef=100: 0.871862
Average Recall: 0.920151
Initial average recall with ef=150: 0.918777
Weighted average ef: 221.555
Training convergence-bucket 5 [80.5563, 82.4981) with 200 queries.
Average Recall: 0.9008
Initial average recall with ef=100: 0.901658
Average Recall: 0.94095
Initial average recall with ef=150: 0.941176
Weighted average ef: 180.67
Training convergence-bucket 6 [82.4981, 83.9255) with 200 queries.
Average Recall: 0.9187
Initial average recall with ef=100: 0.918877
Average Recall: 0.9516
Initial average recall with ef=150: 0.952246
Weighted average ef: 158.1
Training convergence-bucket 7 [83.9255, 85.2872) with 200 queries.
Average Recall: 0.92415
Initial average recall with ef=100: 0.925158
Average Recall: 0.9584
Initial average recall with ef=150: 0.958842
Weighted average ef: 158.745
Training convergence-bucket 8 [85.2872, 87.093) with 200 queries.
Average Recall: 0.94645
Initial average recall with ef=100: 0.949632
Average Recall: 0.97165
Initial average recall with ef=150: 0.973842
Weighted average ef: 127.455
Training convergence-bucket 9 [87.093, inf) with 200 queries.
Average Recall: 0.9595
Initial average recall with ef=100: 0.963622
Average Recall: 0.9792
Initial average recall with ef=150: 0.981459
Weighted average ef: 116.065
Reconstructed True WAE: 215.862 (Hard Pct: 0.0193)
****Weighted average ef: 215
Search time: 1035 ms
Search time: 1068 ms
Search time: 1062 ms
Average Recall: 0.98163
5th percentile recall: 0.94
1st percentile recall: 0.9
Median search time: 1062 ms
Search times: 1035 ms, 1062 ms, 1068 ms, 
sift10m-128-euclidean experiment results:
statisc_length, time, avg_recall, 5th_percentile_recall, 1st_percentile_recall, recall_above_99, recall_above_95, recall_above_90
1025, 1062, 0.98163, 0.94, 0.9, 571, 884, 989
Experiment finished


Dataset: gist-960-euclidean
Metric: l2
Data vectors dimensions: 1000000 x 960
Query vectors dimensions: 1000 x 960
Neighbors dimensions: 1000 x 100
Index loaded
Dimension of space:960
Data size of space:3840

--- Gamma: 8 ---

Loading samplings from /home/ryawszn/experiments/shiro-ef/sampling/gist-960-euclidean-samplings--k100-ef.bin
Samplings loaded from /home/ryawszn/experiments/shiro-ef/sampling/gist-960-euclidean-samplings--k100-ef.bin
Average Recall: 0.723844
Initial average recall with ef=100: 0.721912
Average Recall: 0.798894
Initial average recall with ef=150: 0.797498
Recall diff is too small for 1 consecutive steps, break.
Weighted average ef: 635.626
Training convergence-bucket 0 [24.9194, 33.5937) with 200 queries.
Average Recall: 0.508
Initial average recall with ef=100: 0.503213
Average Recall: 0.60355
Initial average recall with ef=150: 0.599378
Weighted average ef: 1508.77
Training convergence-bucket 1 [33.5937, 36.4299) with 200 queries.
Average Recall: 0.56975
Initial average recall with ef=100: 0.571421
Average Recall: 0.6655
Initial average recall with ef=150: 0.666526
Recall diff is too small for 1 consecutive steps, break.
Weighted average ef: 1000.66
Training convergence-bucket 2 [36.4299, 39.2705) with 200 queries.
Average Recall: 0.6226
Initial average recall with ef=100: 0.623915
Average Recall: 0.7183
Initial average recall with ef=150: 0.71873
Recall diff is too small for 1 consecutive steps, break.
Weighted average ef: 773.195
Training convergence-bucket 3 [39.2705, 41.8882) with 200 queries.
Average Recall: 0.6434
Initial average recall with ef=100: 0.644922
Average Recall: 0.7371
Initial average recall with ef=150: 0.738135
Recall diff is too small for 1 consecutive steps, break.
Recall diff is too small for 1 consecutive steps, break.
Weighted average ef: 690.335
Training convergence-bucket 4 [41.8882, 44.8952) with 200 queries.
Average Recall: 0.69975
Initial average recall with ef=100: 0.702328
Average Recall: 0.78285
Initial average recall with ef=150: 0.785238
Recall diff is too small for 1 consecutive steps, break.
Recall diff is too small for 1 consecutive steps, break.
Recall diff is too small for 1 consecutive steps, break.
Weighted average ef: 565.29
Training convergence-bucket 5 [44.8952, 48.0766) with 200 queries.
Average Recall: 0.7488
Initial average recall with ef=100: 0.748177
Average Recall: 0.82905
Initial average recall with ef=150: 0.828564
Recall diff is too small for 1 consecutive steps, break.
Weighted average ef: 436.945
Training convergence-bucket 6 [48.0766, 52.0187) with 200 queries.
Average Recall: 0.7864
Initial average recall with ef=100: 0.7875
Average Recall: 0.8559
Initial average recall with ef=150: 0.856543
Recall diff is too small for 1 consecutive steps, break.
Recall diff is too small for 1 consecutive steps, break.
Weighted average ef: 362.4
Training convergence-bucket 7 [52.0187, 57.3465) with 200 queries.
Average Recall: 0.82795
Initial average recall with ef=100: 0.832147
Average Recall: 0.8936
Initial average recall with ef=150: 0.897797
Weighted average ef: 257.965
Training convergence-bucket 8 [57.3465, 65.351) with 200 queries.
Average Recall: 0.88125
Initial average recall with ef=100: 0.87908
Average Recall: 0.9306
Initial average recall with ef=150: 0.929828
Weighted average ef: 197.91
Training convergence-bucket 9 [65.351, inf) with 200 queries.
Average Recall: 0.950551
Initial average recall with ef=100: 0.956765
Average Recall: 0.9725
Initial average recall with ef=150: 0.977647
Weighted average ef: 103.25
Reconstructed True WAE: 519.948 (Hard Pct: 0.01025)
****Weighted average ef: 519
Search time: 4270 ms
Search time: 4285 ms
Search time: 4345 ms
Average Recall: 0.9698
5th percentile recall: 0.91
1st percentile recall: 0.87
Median search time: 4285 ms
Search times: 4270 ms, 4285 ms, 4345 ms, 
gist-960-euclidean experiment results:
statisc_length, time, avg_recall, 5th_percentile_recall, 1st_percentile_recall, recall_above_99, recall_above_95, recall_above_90
1025, 4285, 0.9698, 0.91, 0.87, 400, 742, 962
Experiment finished

--- Gamma: 12 ---

Loading samplings from /home/ryawszn/experiments/shiro-ef/sampling/gist-960-euclidean-samplings--k100-ef.bin
Samplings loaded from /home/ryawszn/experiments/shiro-ef/sampling/gist-960-euclidean-samplings--k100-ef.bin
Average Recall: 0.723844
Initial average recall with ef=100: 0.721912
Average Recall: 0.798894
Initial average recall with ef=150: 0.797498
Recall diff is too small for 1 consecutive steps, break.
Weighted average ef: 635.626
Training convergence-bucket 0 [28.599, 38.6064) with 200 queries.
Average Recall: 0.50655
Initial average recall with ef=100: 0.503316
Average Recall: 0.60345
Initial average recall with ef=150: 0.600622
Recall diff is too small for 1 consecutive steps, break.
Weighted average ef: 1551.86
Training convergence-bucket 1 [38.6064, 42.1291) with 200 queries.
Average Recall: 0.5825
Initial average recall with ef=100: 0.57957
Average Recall: 0.67665
Initial average recall with ef=150: 0.673817
Recall diff is too small for 1 consecutive steps, break.
Weighted average ef: 980.31
Training convergence-bucket 2 [42.1291, 45.5053) with 200 queries.
Average Recall: 0.6157
Initial average recall with ef=100: 0.617914
Average Recall: 0.7098
Initial average recall with ef=150: 0.710214
Weighted average ef: 834.81
Training convergence-bucket 3 [45.5053, 48.2706) with 200 queries.
Average Recall: 0.6456
Initial average recall with ef=100: 0.645585
Average Recall: 0.7404
Initial average recall with ef=150: 0.739574
Recall diff is too small for 1 consecutive steps, break.
Weighted average ef: 696.88
Training convergence-bucket 4 [48.2706, 51.4619) with 200 queries.
Average Recall: 0.69735
Initial average recall with ef=100: 0.700162
Average Recall: 0.7812
Initial average recall with ef=150: 0.784649
Recall diff is too small for 1 consecutive steps, break.
Weighted average ef: 544.44
Training convergence-bucket 5 [51.4619, 54.5101) with 200 queries.
Average Recall: 0.7483
Initial average recall with ef=100: 0.743716
Average Recall: 0.82695
Initial average recall with ef=150: 0.82377
Recall diff is too small for 1 consecutive steps, break.
Weighted average ef: 457.77
Training convergence-bucket 6 [54.5101, 58.1983) with 200 queries.
Average Recall: 0.7881
Initial average recall with ef=100: 0.791044
Average Recall: 0.8577
Initial average recall with ef=150: 0.860385
Weighted average ef: 348.725
Training convergence-bucket 7 [58.1983, 63.176) with 200 queries.
Average Recall: 0.82615
Initial average recall with ef=100: 0.82895
Average Recall: 0.8923
Initial average recall with ef=150: 0.895193
Recall diff is too small for 1 consecutive steps, break.
Weighted average ef: 258.765
Training convergence-bucket 8 [63.176, 70.4213) with 200 queries.
Average Recall: 0.8796
Initial average recall with ef=100: 0.87933
Average Recall: 0.9285
Initial average recall with ef=150: 0.928827
Weighted average ef: 201.425
Training convergence-bucket 9 [70.4213, inf) with 200 queries.
Average Recall: 0.948601
Initial average recall with ef=100: 0.951257
Average Recall: 0.972
Initial average recall with ef=150: 0.9744
Recall diff is too small for 1 consecutive steps, break.
Weighted average ef: 111.035
Reconstructed True WAE: 545.744 (Hard Pct: 0.01025)
****Weighted average ef: 545
Search time: 3715 ms
Search time: 4524 ms
Search time: 4485 ms
Average Recall: 0.97132
5th percentile recall: 0.91
1st percentile recall: 0.87
Median search time: 4485 ms
Search times: 3715 ms, 4485 ms, 4524 ms, 
gist-960-euclidean experiment results:
statisc_length, time, avg_recall, 5th_percentile_recall, 1st_percentile_recall, recall_above_99, recall_above_95, recall_above_90
1025, 4485, 0.97132, 0.91, 0.87, 430, 758, 968
Experiment finished

--- Gamma: 16 ---

Loading samplings from /home/ryawszn/experiments/shiro-ef/sampling/gist-960-euclidean-samplings--k100-ef.bin
Samplings loaded from /home/ryawszn/experiments/shiro-ef/sampling/gist-960-euclidean-samplings--k100-ef.bin
Average Recall: 0.723844
Initial average recall with ef=100: 0.721912
Average Recall: 0.798894
Initial average recall with ef=150: 0.797498
Recall diff is too small for 1 consecutive steps, break.
Weighted average ef: 635.626
Training convergence-bucket 0 [30.6942, 41.7589) with 200 queries.
Average Recall: 0.51515
Initial average recall with ef=100: 0.511554
Average Recall: 0.61175
Initial average recall with ef=150: 0.608238
Recall diff is too small for 1 consecutive steps, break.
Weighted average ef: 1495.17
Training convergence-bucket 1 [41.7589, 45.8009) with 200 queries.
Average Recall: 0.57655
Initial average recall with ef=100: 0.573777
Average Recall: 0.6722
Initial average recall with ef=150: 0.669681
Weighted average ef: 975.03
Training convergence-bucket 2 [45.8009, 49.4407) with 200 queries.
Average Recall: 0.61415
Initial average recall with ef=100: 0.615183
Average Recall: 0.70725
Initial average recall with ef=150: 0.707173
Recall diff is too small for 1 consecutive steps, break.
Weighted average ef: 883.62
Training convergence-bucket 3 [49.4407, 52.3927) with 200 queries.
Average Recall: 0.65175
Initial average recall with ef=100: 0.652872
Average Recall: 0.7456
Initial average recall with ef=150: 0.74617
Recall diff is too small for 1 consecutive steps, break.
Recall diff is too small for 1 consecutive steps, break.
Weighted average ef: 677.56
Training convergence-bucket 4 [52.3927, 55.4145) with 200 queries.
Average Recall: 0.6924
Initial average recall with ef=100: 0.69413
Average Recall: 0.7775
Initial average recall with ef=150: 0.779728
Weighted average ef: 533.665
Training convergence-bucket 5 [55.4145, 58.7542) with 200 queries.
Average Recall: 0.75675
Initial average recall with ef=100: 0.75113
Average Recall: 0.8333
Initial average recall with ef=150: 0.827684
Recall diff is too small for 1 consecutive steps, break.
Weighted average ef: 411.265
Training convergence-bucket 6 [58.7542, 61.8934) with 200 queries.
Average Recall: 0.78145
Initial average recall with ef=100: 0.784063
Average Recall: 0.8523
Initial average recall with ef=150: 0.854271
Recall diff is too small for 1 consecutive steps, break.
Weighted average ef: 392.115
Training convergence-bucket 7 [61.8934, 67.1228) with 200 queries.
Average Recall: 0.8253
Initial average recall with ef=100: 0.827581
Average Recall: 0.88935
Initial average recall with ef=150: 0.891505
Weighted average ef: 297.63
Training convergence-bucket 8 [67.1228, 73.6922) with 200 queries.
Average Recall: 0.87545
Initial average recall with ef=100: 0.876162
Average Recall: 0.9265
Initial average recall with ef=150: 0.927892
Weighted average ef: 213.98
Training convergence-bucket 9 [73.6922, inf) with 200 queries.
Average Recall: 0.9495
Initial average recall with ef=100: 0.950852
Average Recall: 0.9732
Initial average recall with ef=150: 0.974432
Weighted average ef: 112.635
Reconstructed True WAE: 536.988 (Hard Pct: 0.01025)
****Weighted average ef: 536
Search time: 4336 ms
Search time: 4357 ms
Search time: 3665 ms
Average Recall: 0.97068
5th percentile recall: 0.91
1st percentile recall: 0.87
Median search time: 4336 ms
Search times: 3665 ms, 4336 ms, 4357 ms, 
gist-960-euclidean experiment results:
statisc_length, time, avg_recall, 5th_percentile_recall, 1st_percentile_recall, recall_above_99, recall_above_95, recall_above_90
1025, 4336, 0.97068, 0.91, 0.87, 425, 748, 962
Experiment finished

--- Gamma: 24 ---

Loading samplings from /home/ryawszn/experiments/shiro-ef/sampling/gist-960-euclidean-samplings--k100-ef.bin
Samplings loaded from /home/ryawszn/experiments/shiro-ef/sampling/gist-960-euclidean-samplings--k100-ef.bin
Average Recall: 0.723844
Initial average recall with ef=100: 0.721912
Average Recall: 0.798894
Initial average recall with ef=150: 0.797498
Recall diff is too small for 1 consecutive steps, break.
Weighted average ef: 635.626
Training convergence-bucket 0 [30.7352, 44.6282) with 200 queries.
Average Recall: 0.525
Initial average recall with ef=100: 0.521937
Average Recall: 0.62225
Initial average recall with ef=150: 0.619529
Weighted average ef: 1343.88
Training convergence-bucket 1 [44.6282, 49.7379) with 200 queries.
Average Recall: 0.57195
Initial average recall with ef=100: 0.567801
Average Recall: 0.6686
Initial average recall with ef=150: 0.66534
Recall diff is too small for 1 consecutive steps, break.
Recall diff is too small for 1 consecutive steps, break.
Weighted average ef: 1078.83
Training convergence-bucket 2 [49.7379, 53.6839) with 200 queries.
Average Recall: 0.61325
Initial average recall with ef=100: 0.611344
Average Recall: 0.7022
Initial average recall with ef=150: 0.699247
Recall diff is too small for 1 consecutive steps, break.
Recall diff is too small for 1 consecutive steps, break.
Recall diff is too small for 1 consecutive steps, break.
Weighted average ef: 898.965
Training convergence-bucket 3 [53.6839, 57.2999) with 200 queries.
Average Recall: 0.6587
Initial average recall with ef=100: 0.656
Average Recall: 0.7531
Initial average recall with ef=150: 0.750579
Recall diff is too small for 1 consecutive steps, break.
Weighted average ef: 681.3
Training convergence-bucket 4 [57.2999, 60.584) with 200 queries.
Average Recall: 0.7115
Initial average recall with ef=100: 0.70625
Average Recall: 0.7929
Initial average recall with ef=150: 0.788967
Weighted average ef: 548.18
Training convergence-bucket 5 [60.584, 63.8747) with 200 queries.
Average Recall: 0.7394
Initial average recall with ef=100: 0.736508
Average Recall: 0.8191
Initial average recall with ef=150: 0.817249
Recall diff is too small for 1 consecutive steps, break.
Weighted average ef: 445.515
Training convergence-bucket 6 [63.8747, 67.4823) with 200 queries.
Average Recall: 0.77825
Initial average recall with ef=100: 0.782742
Average Recall: 0.85025
Initial average recall with ef=150: 0.854624
Weighted average ef: 381.845
Training convergence-bucket 7 [67.4823, 71.6615) with 200 queries.
Average Recall: 0.82335
Initial average recall with ef=100: 0.823513
Average Recall: 0.88605
Initial average recall with ef=150: 0.887514
Weighted average ef: 288.475
Training convergence-bucket 8 [71.6615, 77.7438) with 200 queries.
Average Recall: 0.87395
Initial average recall with ef=100: 0.874045
Average Recall: 0.925
Initial average recall with ef=150: 0.926236
Weighted average ef: 209.225
Training convergence-bucket 9 [77.7438, inf) with 200 queries.
Average Recall: 0.9431
Initial average recall with ef=100: 0.946706
Average Recall: 0.9695
Initial average recall with ef=150: 0.972294
Weighted average ef: 117.81
Reconstructed True WAE: 541.07 (Hard Pct: 0.01025)
****Weighted average ef: 541
Search time: 4490 ms
Search time: 4699 ms
Search time: 4523 ms
Average Recall: 0.97082
5th percentile recall: 0.91
1st percentile recall: 0.87
Median search time: 4523 ms
Search times: 4490 ms, 4523 ms, 4699 ms, 
gist-960-euclidean experiment results:
statisc_length, time, avg_recall, 5th_percentile_recall, 1st_percentile_recall, recall_above_99, recall_above_95, recall_above_90
1025, 4523, 0.97082, 0.91, 0.87, 430, 741, 963
Experiment finished

--- Gamma: 32 ---

Loading samplings from /home/ryawszn/experiments/shiro-ef/sampling/gist-960-euclidean-samplings--k100-ef.bin
Samplings loaded from /home/ryawszn/experiments/shiro-ef/sampling/gist-960-euclidean-samplings--k100-ef.bin
Average Recall: 0.723844
Initial average recall with ef=100: 0.721912
Average Recall: 0.798894
Initial average recall with ef=150: 0.797498
Recall diff is too small for 1 consecutive steps, break.
Weighted average ef: 635.626
Training convergence-bucket 0 [29.4093, 46.2452) with 200 queries.
Average Recall: 0.52995
Initial average recall with ef=100: 0.527672
Average Recall: 0.6271
Initial average recall with ef=150: 0.625344
Recall diff is too small for 1 consecutive steps, break.
Recall diff is too small for 1 consecutive steps, break.
Weighted average ef: 1242.72
Training convergence-bucket 1 [46.2452, 51.6952) with 200 queries.
Average Recall: 0.5717
Initial average recall with ef=100: 0.568235
Average Recall: 0.6661
Initial average recall with ef=150: 0.663476
Recall diff is too small for 1 consecutive steps, break.
Recall diff is too small for 1 consecutive steps, break.
Weighted average ef: 1098.18
Training convergence-bucket 2 [51.6952, 56.0833) with 200 queries.
Average Recall: 0.62355
Initial average recall with ef=100: 0.624162
Average Recall: 0.7118
Initial average recall with ef=150: 0.711243
Recall diff is too small for 1 consecutive steps, break.
Weighted average ef: 830.49
Training convergence-bucket 3 [56.0833, 59.9785) with 200 queries.
Average Recall: 0.663
Initial average recall with ef=100: 0.659409
Average Recall: 0.75655
Initial average recall with ef=150: 0.753871
Weighted average ef: 662.07
Training convergence-bucket 4 [59.9785, 63.6571) with 200 queries.
Average Recall: 0.70195
Initial average recall with ef=100: 0.697473
Average Recall: 0.7887
Initial average recall with ef=150: 0.784516
Weighted average ef: 563.54
Training convergence-bucket 5 [63.6571, 66.9771) with 200 queries.
Average Recall: 0.74745
Initial average recall with ef=100: 0.750219
Average Recall: 0.82345
Initial average recall with ef=150: 0.826175
Weighted average ef: 407.125
Training convergence-bucket 6 [66.9771, 70.7043) with 200 queries.
Average Recall: 0.7701
Initial average recall with ef=100: 0.769681
Average Recall: 0.84155
Initial average recall with ef=150: 0.842394
Recall diff is too small for 1 consecutive steps, break.
Weighted average ef: 400.06
Training convergence-bucket 7 [70.7043, 74.8879) with 200 queries.
Average Recall: 0.82395
Initial average recall with ef=100: 0.826505
Average Recall: 0.88615
Initial average recall with ef=150: 0.888871
Weighted average ef: 294.3
Training convergence-bucket 8 [74.8879, 80.0994) with 200 queries.
Average Recall: 0.86795
Initial average recall with ef=100: 0.862356
Average Recall: 0.92065
Initial average recall with ef=150: 0.917471
Weighted average ef: 219.22
Training convergence-bucket 9 [80.0994, inf) with 200 queries.
Average Recall: 0.93885
Initial average recall with ef=100: 0.94
Average Recall: 0.9669
Initial average recall with ef=150: 0.968409
Weighted average ef: 125.81
Reconstructed True WAE: 532.727 (Hard Pct: 0.01025)
****Weighted average ef: 532
Search time: 4372 ms
Search time: 4391 ms
Search time: 4376 ms
Average Recall: 0.97062
5th percentile recall: 0.91
1st percentile recall: 0.87
Median search time: 4376 ms
Search times: 4372 ms, 4376 ms, 4391 ms, 
gist-960-euclidean experiment results:
statisc_length, time, avg_recall, 5th_percentile_recall, 1st_percentile_recall, recall_above_99, recall_above_95, recall_above_90
1025, 4376, 0.97062, 0.91, 0.87, 415, 744, 958
Experiment finished


Dataset: tiny5m-384-euclidean
Metric: l2
Data vectors dimensions: 5000000 x 384
Query vectors dimensions: 1000 x 384
Neighbors dimensions: 1000 x 100
Index loaded
Dimension of space:384
Data size of space:1536

--- Gamma: 8 ---

Loading samplings from /home/ryawszn/experiments/shiro-ef/sampling/tiny5m-384-euclidean-samplings--k100-ef.bin
Samplings loaded from /home/ryawszn/experiments/shiro-ef/sampling/tiny5m-384-euclidean-samplings--k100-ef.bin
Average Recall: 0.63727
Initial average recall with ef=100: 0.636088
Average Recall: 0.709229
Initial average recall with ef=150: 0.70826
Weighted average ef: 1207.66
Training convergence-bucket 0 [20.9728, 29.1911) with 200 queries.
Average Recall: 0.3913
Initial average recall with ef=100: 0.385285
Average Recall: 0.46575
Initial average recall with ef=150: 0.460414
Weighted average ef: 2830.9
Training convergence-bucket 1 [29.1911, 32.4219) with 200 queries.
Average Recall: 0.42775
Initial average recall with ef=100: 0.425979
Average Recall: 0.5162
Initial average recall with ef=150: 0.515026
Weighted average ef: 2144.94
Training convergence-bucket 2 [32.4219, 35.2796) with 200 queries.
Average Recall: 0.49885
Initial average recall with ef=100: 0.496387
Average Recall: 0.58725
Initial average recall with ef=150: 0.585654
Recall diff is too small for 1 consecutive steps, break.
Weighted average ef: 1665.5
Training convergence-bucket 3 [35.2796, 37.8505) with 200 queries.
Average Recall: 0.5213
Initial average recall with ef=100: 0.520895
Average Recall: 0.60185
Initial average recall with ef=150: 0.601684
Recall diff is too small for 1 consecutive steps, break.
Recall diff is too small for 1 consecutive steps, break.
Weighted average ef: 1560.67
Training convergence-bucket 4 [37.8505, 40.4633) with 200 queries.
Average Recall: 0.5849
Initial average recall with ef=100: 0.58254
Average Recall: 0.66855
Initial average recall with ef=150: 0.666878
Recall diff is too small for 1 consecutive steps, break.
Weighted average ef: 1228.34
Training convergence-bucket 5 [40.4633, 44.0583) with 200 queries.
Average Recall: 0.64685
Initial average recall with ef=100: 0.646596
Average Recall: 0.73095
Initial average recall with ef=150: 0.731064
Recall diff is too small for 1 consecutive steps, break.
Recall diff is too small for 1 consecutive steps, break.
Weighted average ef: 893.53
Training convergence-bucket 6 [44.0583, 49.1021) with 200 queries.
Average Recall: 0.7209
Initial average recall with ef=100: 0.727884
Average Recall: 0.79745
Initial average recall with ef=150: 0.804392
Weighted average ef: 591.75
Training convergence-bucket 7 [49.1021, 55.4203) with 200 queries.
Average Recall: 0.7776
Initial average recall with ef=100: 0.783152
Average Recall: 0.84525
Initial average recall with ef=150: 0.851685
Recall diff is too small for 1 consecutive steps, break.
Weighted average ef: 379.505
Training convergence-bucket 8 [55.4203, 64.8484) with 200 queries.
Average Recall: 0.86765
Initial average recall with ef=100: 0.870056
Average Recall: 0.9194
Initial average recall with ef=150: 0.921676
Weighted average ef: 203.89
Training convergence-bucket 9 [64.8484, inf) with 200 queries.
Average Recall: 0.9356
Initial average recall with ef=100: 0.953276
Average Recall: 0.95965
Initial average recall with ef=150: 0.97454
Weighted average ef: 112.49
Reconstructed True WAE: 1066.23 (Hard Pct: 0.00815)
****Weighted average ef: 1066
Search time: 6000 ms
Search time: 5813 ms
Search time: 5751 ms
Average Recall: 0.97171
5th percentile recall: 0.9
1st percentile recall: 0.86
Median search time: 5813 ms
Search times: 5751 ms, 5813 ms, 6000 ms, 
tiny5m-384-euclidean experiment results:
statisc_length, time, avg_recall, 5th_percentile_recall, 1st_percentile_recall, recall_above_99, recall_above_95, recall_above_90
1025, 5813, 0.97171, 0.9, 0.86, 493, 770, 949
Experiment finished

--- Gamma: 12 ---

Loading samplings from /home/ryawszn/experiments/shiro-ef/sampling/tiny5m-384-euclidean-samplings--k100-ef.bin
Samplings loaded from /home/ryawszn/experiments/shiro-ef/sampling/tiny5m-384-euclidean-samplings--k100-ef.bin
Average Recall: 0.63727
Initial average recall with ef=100: 0.636088
Average Recall: 0.709229
Initial average recall with ef=150: 0.70826
Weighted average ef: 1207.66
Training convergence-bucket 0 [23.4149, 34.5571) with 200 queries.
Average Recall: 0.39105
Initial average recall with ef=100: 0.388112
Average Recall: 0.46465
Initial average recall with ef=150: 0.462347
Recall diff is too small for 1 consecutive steps, break.
Recall diff is too small for 1 consecutive steps, break.
Weighted average ef: 2819.33
Training convergence-bucket 1 [34.5571, 38.3483) with 200 queries.
Average Recall: 0.44235
Initial average recall with ef=100: 0.44267
Average Recall: 0.53155
Initial average recall with ef=150: 0.532042
Recall diff is too small for 1 consecutive steps, break.
Weighted average ef: 2013.65
Training convergence-bucket 2 [38.3483, 41.7142) with 200 queries.
Average Recall: 0.48335
Initial average recall with ef=100: 0.482552
Average Recall: 0.56995
Initial average recall with ef=150: 0.570052
Weighted average ef: 1889.88
Training convergence-bucket 3 [41.7142, 44.6621) with 200 queries.
Average Recall: 0.5252
Initial average recall with ef=100: 0.527347
Average Recall: 0.60905
Initial average recall with ef=150: 0.611428
Recall diff is too small for 1 consecutive steps, break.
Weighted average ef: 1541.28
Training convergence-bucket 4 [44.6621, 47.6026) with 200 queries.
Average Recall: 0.5921
Initial average recall with ef=100: 0.588229
Average Recall: 0.67555
Initial average recall with ef=150: 0.672656
Recall diff is too small for 1 consecutive steps, break.
Recall diff is too small for 1 consecutive steps, break.
Recall diff is too small for 1 consecutive steps, break.
Recall diff is too small for 1 consecutive steps, break.
Recall diff is too small for 1 consecutive steps, break.
Recall diff is too small for 1 consecutive steps, break.
Recall diff is too small for 1 consecutive steps, break.
Weighted average ef: 1174.14
Training convergence-bucket 5 [47.6026, 51.2323) with 200 queries.
Average Recall: 0.64225
Initial average recall with ef=100: 0.646364
Average Recall: 0.7248
Initial average recall with ef=150: 0.729145
Recall diff is too small for 1 consecutive steps, break.
Weighted average ef: 893.785
Training convergence-bucket 6 [51.2323, 56.3155) with 200 queries.
Average Recall: 0.7301
Initial average recall with ef=100: 0.733053
Average Recall: 0.80325
Initial average recall with ef=150: 0.806421
Weighted average ef: 577.595
Training convergence-bucket 7 [56.3155, 62.1307) with 200 queries.
Average Recall: 0.77115
Initial average recall with ef=100: 0.778087
Average Recall: 0.8398
Initial average recall with ef=150: 0.847322
Recall diff is too small for 1 consecutive steps, break.
Weighted average ef: 398.755
Training convergence-bucket 8 [62.1307, 70.4633) with 200 queries.
Average Recall: 0.8635
Initial average recall with ef=100: 0.863523
Average Recall: 0.9167
Initial average recall with ef=150: 0.917841
Weighted average ef: 220.125
Training convergence-bucket 9 [70.4633, inf) with 200 queries.
Average Recall: 0.93165
Initial average recall with ef=100: 0.947151
Average Recall: 0.957
Initial average recall with ef=150: 0.970756
Weighted average ef: 115.64
Reconstructed True WAE: 1057.22 (Hard Pct: 0.00815)
****Weighted average ef: 1057
Search time: 5694 ms
Search time: 5775 ms
Search time: 5727 ms
Average Recall: 0.97116
5th percentile recall: 0.9
1st percentile recall: 0.85
Median search time: 5727 ms
Search times: 5694 ms, 5727 ms, 5775 ms, 
tiny5m-384-euclidean experiment results:
statisc_length, time, avg_recall, 5th_percentile_recall, 1st_percentile_recall, recall_above_99, recall_above_95, recall_above_90
1025, 5727, 0.97116, 0.9, 0.85, 493, 769, 943
Experiment finished

--- Gamma: 16 ---

Loading samplings from /home/ryawszn/experiments/shiro-ef/sampling/tiny5m-384-euclidean-samplings--k100-ef.bin
Samplings loaded from /home/ryawszn/experiments/shiro-ef/sampling/tiny5m-384-euclidean-samplings--k100-ef.bin
Average Recall: 0.63727
Initial average recall with ef=100: 0.636088
Average Recall: 0.709229
Initial average recall with ef=150: 0.70826
Weighted average ef: 1207.66
Training convergence-bucket 0 [24.4106, 37.7392) with 200 queries.
Average Recall: 0.39385
Initial average recall with ef=100: 0.3875
Average Recall: 0.46885
Initial average recall with ef=150: 0.462865
Recall diff is too small for 1 consecutive steps, break.
Recall diff is too small for 1 consecutive steps, break.
Weighted average ef: 2780.74
Training convergence-bucket 1 [37.7392, 42.3542) with 200 queries.
Average Recall: 0.4372
Initial average recall with ef=100: 0.433834
Average Recall: 0.52855
Initial average recall with ef=150: 0.525699
Recall diff is too small for 1 consecutive steps, break.
Weighted average ef: 2069.44
Training convergence-bucket 2 [42.3542, 45.9566) with 200 queries.
Average Recall: 0.48585
Initial average recall with ef=100: 0.487487
Average Recall: 0.5704
Initial average recall with ef=150: 0.572513
Recall diff is too small for 1 consecutive steps, break.
Recall diff is too small for 1 consecutive steps, break.
Recall diff is too small for 1 consecutive steps, break.
Weighted average ef: 1857.2
Training convergence-bucket 3 [45.9566, 49.0114) with 200 queries.
Average Recall: 0.5265
Initial average recall with ef=100: 0.525389
Average Recall: 0.612
Initial average recall with ef=150: 0.611762
Weighted average ef: 1535.72
Training convergence-bucket 4 [49.0114, 52.2824) with 200 queries.
Average Recall: 0.60045
Initial average recall with ef=100: 0.592473
Average Recall: 0.68365
Initial average recall with ef=150: 0.676344
Recall diff is too small for 1 consecutive steps, break.
Recall diff is too small for 1 consecutive steps, break.
Recall diff is too small for 1 consecutive steps, break.
Weighted average ef: 1124.8
Training convergence-bucket 5 [52.2824, 55.9473) with 200 queries.
Average Recall: 0.6412
Initial average recall with ef=100: 0.638947
Average Recall: 0.7196
Initial average recall with ef=150: 0.718053
Recall diff is too small for 1 consecutive steps, break.
Recall diff is too small for 1 consecutive steps, break.
Weighted average ef: 981.385
Training convergence-bucket 6 [55.9473, 60.8972) with 200 queries.
Average Recall: 0.72445
Initial average recall with ef=100: 0.723385
Average Recall: 0.79595
Initial average recall with ef=150: 0.795156
Recall diff is too small for 1 consecutive steps, break.
Recall diff is too small for 1 consecutive steps, break.
Recall diff is too small for 1 consecutive steps, break.
Weighted average ef: 597.26
Training convergence-bucket 7 [60.8972, 66.5637) with 200 queries.
Average Recall: 0.77465
Initial average recall with ef=100: 0.777166
Average Recall: 0.84515
Initial average recall with ef=150: 0.848984
Recall diff is too small for 1 consecutive steps, break.
Recall diff is too small for 1 consecutive steps, break.
Weighted average ef: 386.67
Training convergence-bucket 8 [66.5637, 74.078) with 200 queries.
Average Recall: 0.8583
Initial average recall with ef=100: 0.858258
Average Recall: 0.9121
Initial average recall with ef=150: 0.912528
Weighted average ef: 254.865
Training convergence-bucket 9 [74.078, inf) with 200 queries.
Average Recall: 0.93025
Initial average recall with ef=100: 0.946047
Average Recall: 0.95605
Initial average recall with ef=150: 0.970174
Weighted average ef: 117.825
Reconstructed True WAE: 1055.2 (Hard Pct: 0.00815)
****Weighted average ef: 1055
Search time: 5795 ms
Search time: 5740 ms
Search time: 5819 ms
Average Recall: 0.97113
5th percentile recall: 0.9
1st percentile recall: 0.86
Median search time: 5795 ms
Search times: 5740 ms, 5795 ms, 5819 ms, 
tiny5m-384-euclidean experiment results:
statisc_length, time, avg_recall, 5th_percentile_recall, 1st_percentile_recall, recall_above_99, recall_above_95, recall_above_90
1025, 5795, 0.97113, 0.9, 0.86, 491, 767, 941
Experiment finished

--- Gamma: 24 ---

Loading samplings from /home/ryawszn/experiments/shiro-ef/sampling/tiny5m-384-euclidean-samplings--k100-ef.bin
Samplings loaded from /home/ryawszn/experiments/shiro-ef/sampling/tiny5m-384-euclidean-samplings--k100-ef.bin
Average Recall: 0.63727
Initial average recall with ef=100: 0.636088
Average Recall: 0.709229
Initial average recall with ef=150: 0.70826
Weighted average ef: 1207.66
Training convergence-bucket 0 [24.4184, 41.2263) with 200 queries.
Average Recall: 0.3894
Initial average recall with ef=100: 0.380733
Average Recall: 0.4669
Initial average recall with ef=150: 0.458272
Recall diff is too small for 1 consecutive steps, break.
Weighted average ef: 2721.94
Training convergence-bucket 1 [41.2263, 46.9728) with 200 queries.
Average Recall: 0.4407
Initial average recall with ef=100: 0.436806
Average Recall: 0.53015
Initial average recall with ef=150: 0.526754
Recall diff is too small for 1 consecutive steps, break.
Recall diff is too small for 1 consecutive steps, break.
Weighted average ef: 2099.69
Training convergence-bucket 2 [46.9728, 50.8232) with 200 queries.
Average Recall: 0.5019
Initial average recall with ef=100: 0.499082
Average Recall: 0.58705
Initial average recall with ef=150: 0.584643
Recall diff is too small for 1 consecutive steps, break.
Weighted average ef: 1805.74
Training convergence-bucket 3 [50.8232, 54.4226) with 200 queries.
Average Recall: 0.52165
Initial average recall with ef=100: 0.519372
Average Recall: 0.6061
Initial average recall with ef=150: 0.604555
Weighted average ef: 1609.2
Training convergence-bucket 4 [54.4226, 58.4861) with 200 queries.
Average Recall: 0.59495
Initial average recall with ef=100: 0.588216
Average Recall: 0.6769
Initial average recall with ef=150: 0.670595
Recall diff is too small for 1 consecutive steps, break.
Recall diff is too small for 1 consecutive steps, break.
Weighted average ef: 1124.08
Training convergence-bucket 5 [58.4861, 62.2562) with 200 queries.
Average Recall: 0.6545
Initial average recall with ef=100: 0.662246
Average Recall: 0.73385
Initial average recall with ef=150: 0.740963
Weighted average ef: 855.07
Training convergence-bucket 6 [62.2562, 67.0835) with 200 queries.
Average Recall: 0.71265
Initial average recall with ef=100: 0.711295
Average Recall: 0.78335
Initial average recall with ef=150: 0.782902
Recall diff is too small for 1 consecutive steps, break.
Recall diff is too small for 1 consecutive steps, break.
Recall diff is too small for 1 consecutive steps, break.
Weighted average ef: 680.48
Training convergence-bucket 7 [67.0835, 72.0901) with 200 queries.
Average Recall: 0.7812
Initial average recall with ef=100: 0.775676
Average Recall: 0.8493
Initial average recall with ef=150: 0.845405
Weighted average ef: 433.54
Training convergence-bucket 8 [72.0901, 78.3351) with 200 queries.
Average Recall: 0.84855
Initial average recall with ef=100: 0.85023
Average Recall: 0.904
Initial average recall with ef=150: 0.906552
Weighted average ef: 242.45
Training convergence-bucket 9 [78.3351, inf) with 200 queries.
Average Recall: 0.9272
Initial average recall with ef=100: 0.941183
Average Recall: 0.9547
Initial average recall with ef=150: 0.967278
Weighted average ef: 119.305
Reconstructed True WAE: 1065.13 (Hard Pct: 0.00815)
****Weighted average ef: 1065
Search time: 5219 ms
Search time: 5746 ms
Search time: 5845 ms
Average Recall: 0.97193
5th percentile recall: 0.91
1st percentile recall: 0.86
Median search time: 5746 ms
Search times: 5219 ms, 5746 ms, 5845 ms, 
tiny5m-384-euclidean experiment results:
statisc_length, time, avg_recall, 5th_percentile_recall, 1st_percentile_recall, recall_above_99, recall_above_95, recall_above_90
1025, 5746, 0.97193, 0.91, 0.86, 497, 773, 951
Experiment finished

--- Gamma: 32 ---

Loading samplings from /home/ryawszn/experiments/shiro-ef/sampling/tiny5m-384-euclidean-samplings--k100-ef.bin
Samplings loaded from /home/ryawszn/experiments/shiro-ef/sampling/tiny5m-384-euclidean-samplings--k100-ef.bin
Average Recall: 0.63727
Initial average recall with ef=100: 0.636088
Average Recall: 0.709229
Initial average recall with ef=150: 0.70826
Weighted average ef: 1207.66
Training convergence-bucket 0 [23.3608, 42.8686) with 200 queries.
Average Recall: 0.3885
Initial average recall with ef=100: 0.384093
Average Recall: 0.4675
Initial average recall with ef=150: 0.463057
Recall diff is too small for 1 consecutive steps, break.
Weighted average ef: 2760.94
Training convergence-bucket 1 [42.8686, 49.1761) with 200 queries.
Average Recall: 0.4434
Initial average recall with ef=100: 0.440103
Average Recall: 0.53065
Initial average recall with ef=150: 0.527629
Recall diff is too small for 1 consecutive steps, break.
Recall diff is too small for 1 consecutive steps, break.
Recall diff is too small for 1 consecutive steps, break.
Recall diff is too small for 1 consecutive steps, break.
Weighted average ef: 2147.43
Training convergence-bucket 2 [49.1761, 53.6789) with 200 queries.
Average Recall: 0.50745
Initial average recall with ef=100: 0.502435
Average Recall: 0.59205
Initial average recall with ef=150: 0.587979
Recall diff is too small for 1 consecutive steps, break.
Recall diff is too small for 1 consecutive steps, break.
Recall diff is too small for 1 consecutive steps, break.
Weighted average ef: 1711.47
Training convergence-bucket 3 [53.6789, 57.7565) with 200 queries.
Average Recall: 0.5198
Initial average recall with ef=100: 0.510105
Average Recall: 0.6077
Initial average recall with ef=150: 0.599684
Weighted average ef: 1691.64
Training convergence-bucket 4 [57.7565, 62.4261) with 200 queries.
Average Recall: 0.6092
Initial average recall with ef=100: 0.606786
Average Recall: 0.6897
Initial average recall with ef=150: 0.687755
Weighted average ef: 1153.3
Training convergence-bucket 5 [62.4261, 66.615) with 200 queries.
Average Recall: 0.65605
Initial average recall with ef=100: 0.657927
Average Recall: 0.73135
Initial average recall with ef=150: 0.73342
Recall diff is too small for 1 consecutive steps, break.
Weighted average ef: 886.405
Training convergence-bucket 6 [66.615, 70.7321) with 200 queries.
Average Recall: 0.71725
Initial average recall with ef=100: 0.710108
Average Recall: 0.788
Initial average recall with ef=150: 0.782473
Recall diff is too small for 1 consecutive steps, break.
Recall diff is too small for 1 consecutive steps, break.
Recall diff is too small for 1 consecutive steps, break.
Weighted average ef: 644.97
Training convergence-bucket 7 [70.7321, 75.7811) with 200 queries.
Average Recall: 0.7768
Initial average recall with ef=100: 0.770984
Average Recall: 0.845
Initial average recall with ef=150: 0.840874
Recall diff is too small for 1 consecutive steps, break.
Weighted average ef: 500.925
Training convergence-bucket 8 [75.7811, 80.6996) with 200 queries.
Average Recall: 0.83505
Initial average recall with ef=100: 0.834444
Average Recall: 0.8908
Initial average recall with ef=150: 0.89269
Weighted average ef: 268.185
Training convergence-bucket 9 [80.6996, inf) with 200 queries.
Average Recall: 0.9192
Initial average recall with ef=100: 0.937294
Average Recall: 0.94955
Initial average recall with ef=150: 0.965471
Weighted average ef: 122.97
Reconstructed True WAE: 1073.03 (Hard Pct: 0.00815)
****Weighted average ef: 1073
Search time: 5872 ms
Search time: 5093 ms
Search time: 5869 ms
Average Recall: 0.97222
5th percentile recall: 0.91
1st percentile recall: 0.87
Median search time: 5869 ms
Search times: 5093 ms, 5869 ms, 5872 ms, 
tiny5m-384-euclidean experiment results:
statisc_length, time, avg_recall, 5th_percentile_recall, 1st_percentile_recall, recall_above_99, recall_above_95, recall_above_90
1025, 5869, 0.97222, 0.91, 0.87, 495, 770, 953
Experiment finished
Starting ablation study tests: truncation ratio (alpha)...




Dataset: deep-image-96-angular
Metric: cd
Normalize the data vectors
Data vectors dimensions: 9990000 x 96
Query vectors dimensions: 10000 x 96
Neighbors dimensions: 10000 x 100
Using AVX512 Inner Product distance
Index loaded
Dimension of space:96
Data size of space:384

--- Alpha: 0.25 ---

Loading samplings from /home/ryawszn/experiments/shiro-ef/sampling/deep-image-96-angular-samplings--k100-ef.bin
Samplings loaded from /home/ryawszn/experiments/shiro-ef/sampling/deep-image-96-angular-samplings--k100-ef.bin
Average Recall: 0.838966
Initial average recall with ef=100: 0.838874
Average Recall: 0.886667
Initial average recall with ef=150: 0.886432
Recall diff is too small for 1 consecutive steps, break.
Recall diff is too small for 1 consecutive steps, break.
Recall diff is too small for 1 consecutive steps, break.
Recall diff is too small for 1 consecutive steps, break.
Recall diff is too small for 1 consecutive steps, break.
Recall diff is too small for 1 consecutive steps, break.
Recall diff is too small for 1 consecutive steps, break.
Recall diff is too small for 1 consecutive steps, break.
Recall diff is too small for 1 consecutive steps, break.
Recall diff is too small for 1 consecutive steps, break.
Recall diff is too small for 1 consecutive steps, break.
Recall diff is too small for 1 consecutive steps, break.
Recall diff is too small for 1 consecutive steps, break.
Weighted average ef: 359.195
Training convergence-bucket 0 [12.29, 57.0713) with 200 queries.
Average Recall: 0.631759
Initial average recall with ef=100: 0.626141
Average Recall: 0.712211
Initial average recall with ef=150: 0.706902
Recall diff is too small for 1 consecutive steps, break.
Weighted average ef: 846.91
Training convergence-bucket 1 [57.0713, 64.1638) with 200 queries.
Average Recall: 0.6747
Initial average recall with ef=100: 0.662079
Average Recall: 0.7513
Initial average recall with ef=150: 0.740843
Recall diff is too small for 1 consecutive steps, break.
Recall diff is too small for 1 consecutive steps, break.
Weighted average ef: 665.67
Training convergence-bucket 2 [64.1638, 70.6993) with 200 queries.
Average Recall: 0.73196
Initial average recall with ef=100: 0.728396
Average Recall: 0.800402
Initial average recall with ef=150: 0.796898
Recall diff is too small for 1 consecutive steps, break.
Recall diff is too small for 1 consecutive steps, break.
Weighted average ef: 635.07
Training convergence-bucket 3 [70.6993, 75.0632) with 200 queries.
Average Recall: 0.8413
Initial average recall with ef=100: 0.840802
Average Recall: 0.89295
Initial average recall with ef=150: 0.893209
Weighted average ef: 321.715
Training convergence-bucket 4 [75.0632, 78.1258) with 200 queries.
Average Recall: 0.84625
Initial average recall with ef=100: 0.851902
Average Recall: 0.90155
Initial average recall with ef=150: 0.908043
Recall diff is too small for 1 consecutive steps, break.
Weighted average ef: 262.995
Training convergence-bucket 5 [78.1258, 80.4129) with 200 queries.
Average Recall: 0.8846
Initial average recall with ef=100: 0.888842
Average Recall: 0.93
Initial average recall with ef=150: 0.933842
Weighted average ef: 217.105
Training convergence-bucket 6 [80.4129, 82.6168) with 200 queries.
Average Recall: 0.9164
Initial average recall with ef=100: 0.917717
Average Recall: 0.95195
Initial average recall with ef=150: 0.953424
Weighted average ef: 152.71
Training convergence-bucket 7 [82.6168, 84.5197) with 200 queries.
Average Recall: 0.9366
Initial average recall with ef=100: 0.942174
Average Recall: 0.9637
Initial average recall with ef=150: 0.967881
Weighted average ef: 135.69
Training convergence-bucket 8 [84.5197, 86.7819) with 200 queries.
Average Recall: 0.9535
Initial average recall with ef=100: 0.956931
Average Recall: 0.9754
Initial average recall with ef=150: 0.978042
Weighted average ef: 119.5
Training convergence-bucket 9 [86.7819, inf) with 200 queries.
Average Recall: 0.97105
Initial average recall with ef=100: 0.975568
Average Recall: 0.98595
Initial average recall with ef=150: 0.988757
Weighted average ef: 103.25
Reconstructed True WAE: 252.864 (Hard Pct: 0.0211)
****Weighted average ef: 252
Search time: 8417 ms
Search time: 9014 ms
Search time: 9052 ms
Average Recall: 0.978206
5th percentile recall: 0.92
1st percentile recall: 0.88
Median search time: 9014 ms
Search times: 8417 ms, 9014 ms, 9052 ms, 
deep-image-96-angular experiment results:
statisc_length, time, avg_recall, 5th_percentile_recall, 1st_percentile_recall, recall_above_99, recall_above_95, recall_above_90
1025, 9014, 0.978206, 0.92, 0.88, 5468, 8323, 9742
Experiment finished

--- Alpha: 0.5 ---

Loading samplings from /home/ryawszn/experiments/shiro-ef/sampling/deep-image-96-angular-samplings--k100-ef.bin
Samplings loaded from /home/ryawszn/experiments/shiro-ef/sampling/deep-image-96-angular-samplings--k100-ef.bin
Average Recall: 0.838966
Initial average recall with ef=100: 0.83887
Average Recall: 0.886667
Initial average recall with ef=150: 0.886606
Recall diff is too small for 1 consecutive steps, break.
Recall diff is too small for 1 consecutive steps, break.
Recall diff is too small for 1 consecutive steps, break.
Recall diff is too small for 1 consecutive steps, break.
Recall diff is too small for 1 consecutive steps, break.
Recall diff is too small for 1 consecutive steps, break.
Recall diff is too small for 1 consecutive steps, break.
Recall diff is too small for 1 consecutive steps, break.
Recall diff is too small for 1 consecutive steps, break.
Recall diff is too small for 1 consecutive steps, break.
Recall diff is too small for 1 consecutive steps, break.
Recall diff is too small for 1 consecutive steps, break.
Recall diff is too small for 1 consecutive steps, break.
Weighted average ef: 358.901
Training convergence-bucket 0 [15.9769, 48.7988) with 200 queries.
Average Recall: 0.620804
Initial average recall with ef=100: 0.61367
Average Recall: 0.699749
Initial average recall with ef=150: 0.69367
Recall diff is too small for 1 consecutive steps, break.
Weighted average ef: 923.35
Training convergence-bucket 1 [48.7988, 52.9019) with 200 queries.
Average Recall: 0.653
Initial average recall with ef=100: 0.643829
Average Recall: 0.73215
Initial average recall with ef=150: 0.723143
Weighted average ef: 737.755
Training convergence-bucket 2 [52.9019, 60.0296) with 200 queries.
Average Recall: 0.7367
Initial average recall with ef=100: 0.734021
Average Recall: 0.8058
Initial average recall with ef=150: 0.803598
Weighted average ef: 531.905
Training convergence-bucket 3 [60.0296, 64.134) with 200 queries.
Average Recall: 0.816
Initial average recall with ef=100: 0.814712
Average Recall: 0.87875
Initial average recall with ef=150: 0.877853
Weighted average ef: 337.12
Training convergence-bucket 4 [64.134, 67.6072) with 200 queries.
Average Recall: 0.858141
Initial average recall with ef=100: 0.855591
Average Recall: 0.912864
Initial average recall with ef=150: 0.910215
Recall diff is too small for 1 consecutive steps, break.
Weighted average ef: 256.965
Training convergence-bucket 5 [67.6072, 71.1849) with 200 queries.
Average Recall: 0.88515
Initial average recall with ef=100: 0.88766
Average Recall: 0.9299
Initial average recall with ef=150: 0.933032
Weighted average ef: 202.975
Training convergence-bucket 6 [71.1849, 74.4271) with 200 queries.
Average Recall: 0.92065
Initial average recall with ef=100: 0.922473
Average Recall: 0.9561
Initial average recall with ef=150: 0.957581
Weighted average ef: 152.75
Training convergence-bucket 7 [74.4271, 77.7543) with 200 queries.
Average Recall: 0.9451
Initial average recall with ef=100: 0.948192
Average Recall: 0.9724
Initial average recall with ef=150: 0.974787
Weighted average ef: 121.8
Training convergence-bucket 8 [77.7543, 82.04) with 200 queries.
Average Recall: 0.9686
Initial average recall with ef=100: 0.968769
Average Recall: 0.9849
Initial average recall with ef=150: 0.985128
Weighted average ef: 109.25
Training convergence-bucket 9 [82.04, inf) with 200 queries.
Average Recall: 0.98455
Initial average recall with ef=100: 0.989126
Average Recall: 0.9933
Initial average recall with ef=150: 0.99612
Weighted average ef: 93.25
Reconstructed True WAE: 243.132 (Hard Pct: 0.0211)
****Weighted average ef: 243
Search time: 9530 ms
Search time: 9308 ms
Search time: 8604 ms
Average Recall: 0.980951
5th percentile recall: 0.93
1st percentile recall: 0.89
Median search time: 9308 ms
Search times: 8604 ms, 9308 ms, 9530 ms, 
deep-image-96-angular experiment results:
statisc_length, time, avg_recall, 5th_percentile_recall, 1st_percentile_recall, recall_above_99, recall_above_95, recall_above_90
1025, 9308, 0.980951, 0.93, 0.89, 5675, 8760, 9846
Experiment finished

--- Alpha: 0.75 ---

Loading samplings from /home/ryawszn/experiments/shiro-ef/sampling/deep-image-96-angular-samplings--k100-ef.bin
Samplings loaded from /home/ryawszn/experiments/shiro-ef/sampling/deep-image-96-angular-samplings--k100-ef.bin
Average Recall: 0.838966
Initial average recall with ef=100: 0.838783
Average Recall: 0.886667
Initial average recall with ef=150: 0.886606
Recall diff is too small for 1 consecutive steps, break.
Recall diff is too small for 1 consecutive steps, break.
Recall diff is too small for 1 consecutive steps, break.
Recall diff is too small for 1 consecutive steps, break.
Recall diff is too small for 1 consecutive steps, break.
Recall diff is too small for 1 consecutive steps, break.
Recall diff is too small for 1 consecutive steps, break.
Recall diff is too small for 1 consecutive steps, break.
Recall diff is too small for 1 consecutive steps, break.
Recall diff is too small for 1 consecutive steps, break.
Recall diff is too small for 1 consecutive steps, break.
Recall diff is too small for 1 consecutive steps, break.
Recall diff is too small for 1 consecutive steps, break.
Weighted average ef: 358.932
Training convergence-bucket 0 [18.707, 42.4302) with 200 queries.
Average Recall: 0.61185
Initial average recall with ef=100: 0.609424
Average Recall: 0.6895
Initial average recall with ef=150: 0.688325
Recall diff is too small for 1 consecutive steps, break.
Recall diff is too small for 1 consecutive steps, break.
Weighted average ef: 991.08
Training convergence-bucket 1 [42.4302, 46.5474) with 200 queries.
Average Recall: 0.639548
Initial average recall with ef=100: 0.630449
Average Recall: 0.721859
Initial average recall with ef=150: 0.711854
Weighted average ef: 751.6
Training convergence-bucket 2 [46.5474, 52.6766) with 200 queries.
Average Recall: 0.74575
Initial average recall with ef=100: 0.744728
Average Recall: 0.8155
Initial average recall with ef=150: 0.814837
Recall diff is too small for 1 consecutive steps, break.
Weighted average ef: 501.675
Training convergence-bucket 3 [52.6766, 56.7084) with 200 queries.
Average Recall: 0.813
Initial average recall with ef=100: 0.816754
Average Recall: 0.87735
Initial average recall with ef=150: 0.880733
Weighted average ef: 311.925
Training convergence-bucket 4 [56.7084, 60.7758) with 200 queries.
Average Recall: 0.8552
Initial average recall with ef=100: 0.857713
Average Recall: 0.91085
Initial average recall with ef=150: 0.913617
Recall diff is too small for 1 consecutive steps, break.
Weighted average ef: 245.07
Training convergence-bucket 5 [60.7758, 64.7174) with 200 queries.
Average Recall: 0.899799
Initial average recall with ef=100: 0.893405
Average Recall: 0.942312
Initial average recall with ef=150: 0.936757
Weighted average ef: 184.535
Training convergence-bucket 6 [64.7174, 68.6719) with 200 queries.
Average Recall: 0.9186
Initial average recall with ef=100: 0.924486
Average Recall: 0.953801
Initial average recall with ef=150: 0.959622
Weighted average ef: 149.59
Training convergence-bucket 7 [68.6719, 72.8584) with 200 queries.
Average Recall: 0.94915
Initial average recall with ef=100: 0.952
Average Recall: 0.97445
Initial average recall with ef=150: 0.976789
Weighted average ef: 120.75
Training convergence-bucket 8 [72.8584, 78.5753) with 200 queries.
Average Recall: 0.96855
Initial average recall with ef=100: 0.969843
Average Recall: 0.9861
Initial average recall with ef=150: 0.987068
Weighted average ef: 103.75
Training convergence-bucket 9 [78.5753, inf) with 200 queries.
Average Recall: 0.98755
Initial average recall with ef=100: 0.991344
Average Recall: 0.99445
Initial average recall with ef=150: 0.99672
Weighted average ef: 94.5
Reconstructed True WAE: 237.764 (Hard Pct: 0.0211)
****Weighted average ef: 237
Search time: 9070 ms
Search time: 8415 ms
Search time: 8982 ms
Average Recall: 0.979903
5th percentile recall: 0.93
1st percentile recall: 0.89
Median search time: 8982 ms
Search times: 8415 ms, 8982 ms, 9070 ms, 
deep-image-96-angular experiment results:
statisc_length, time, avg_recall, 5th_percentile_recall, 1st_percentile_recall, recall_above_99, recall_above_95, recall_above_90
1025, 8982, 0.979903, 0.93, 0.89, 5475, 8673, 9833
Experiment finished


Dataset: glove-100-angular
Metric: cd
Normalize the data vectors
Data vectors dimensions: 1183514 x 100
Query vectors dimensions: 10000 x 100
Neighbors dimensions: 10000 x 100
Using AVX512 Inner Product distance
Index loaded
Dimension of space:100
Data size of space:400

--- Alpha: 0.25 ---

Loading samplings from /home/ryawszn/experiments/shiro-ef/sampling/glove-100-angular-samplings--k100-ef.bin
Samplings loaded from /home/ryawszn/experiments/shiro-ef/sampling/glove-100-angular-samplings--k100-ef.bin
Average Recall: 0.727104
Initial average recall with ef=100: 0.727344
Average Recall: 0.770668
Initial average recall with ef=150: 0.77093
Recall diff is too small for 1 consecutive steps, break.
Weighted average ef: 1690.15
Training convergence-bucket 0 [7.48489, 41.7367) with 200 queries.
Average Recall: 0.445
Initial average recall with ef=100: 0.431257
Average Recall: 0.49545
Initial average recall with ef=150: 0.482408
Recall diff is too small for 1 consecutive steps, break.
Recall diff is too small for 1 consecutive steps, break.
Weighted average ef: 4395.81
Training convergence-bucket 1 [41.7367, 53.9998) with 200 queries.
Average Recall: 0.4846
Initial average recall with ef=100: 0.457705
Average Recall: 0.53905
Initial average recall with ef=150: 0.512241
Recall diff is too small for 1 consecutive steps, break.
Recall diff is too small for 1 consecutive steps, break.
Recall diff is too small for 1 consecutive steps, break.
Recall diff is too small for 1 consecutive steps, break.
Weighted average ef: 3693.44
Training convergence-bucket 2 [53.9998, 64.8583) with 200 queries.
Average Recall: 0.5811
Initial average recall with ef=100: 0.555393
Average Recall: 0.63855
Initial average recall with ef=150: 0.615786
Recall diff is too small for 1 consecutive steps, break.
Recall diff is too small for 1 consecutive steps, break.
Recall diff is too small for 1 consecutive steps, break.
Weighted average ef: 2633.33
Training convergence-bucket 3 [64.8583, 70.4417) with 200 queries.
Average Recall: 0.671
Initial average recall with ef=100: 0.648295
Average Recall: 0.7313
Initial average recall with ef=150: 0.710341
Recall diff is too small for 1 consecutive steps, break.
Weighted average ef: 1633.97
Training convergence-bucket 4 [70.4417, 74.6007) with 200 queries.
Average Recall: 0.72425
Initial average recall with ef=100: 0.697627
Average Recall: 0.7753
Initial average recall with ef=150: 0.751808
Recall diff is too small for 1 consecutive steps, break.
Weighted average ef: 1369.55
Training convergence-bucket 5 [74.6007, 78.0344) with 200 queries.
Average Recall: 0.7865
Initial average recall with ef=100: 0.775112
Average Recall: 0.8344
Initial average recall with ef=150: 0.825506
Recall diff is too small for 1 consecutive steps, break.
Recall diff is too small for 1 consecutive steps, break.
Recall diff is too small for 1 consecutive steps, break.
Weighted average ef: 825.675
Training convergence-bucket 6 [78.0344, 80.7628) with 200 queries.
Average Recall: 0.84075
Initial average recall with ef=100: 0.832727
Average Recall: 0.8796
Initial average recall with ef=150: 0.873636
Weighted average ef: 567.065
Training convergence-bucket 7 [80.7628, 83.364) with 200 queries.
Average Recall: 0.86925
Initial average recall with ef=100: 0.867796
Average Recall: 0.90155
Initial average recall with ef=150: 0.90209
Weighted average ef: 509.365
Training convergence-bucket 8 [83.364, 85.8838) with 200 queries.
Average Recall: 0.9168
Initial average recall with ef=100: 0.919274
Average Recall: 0.94055
Initial average recall with ef=150: 0.943296
Recall diff is too small for 1 consecutive steps, break.
Weighted average ef: 240.41
Training convergence-bucket 9 [85.8838, inf) with 200 queries.
Average Recall: 0.9518
Initial average recall with ef=100: 0.954254
Average Recall: 0.97095
Initial average recall with ef=150: 0.972983
Weighted average ef: 132.295
Reconstructed True WAE: 1418.38 (Hard Pct: 0.0084)
****Weighted average ef: 1418
Search time: 39575 ms
Search time: 39510 ms
Search time: 39375 ms
Average Recall: 0.978866
5th percentile recall: 0.92
1st percentile recall: 0.87
Median search time: 39510 ms
Search times: 39375 ms, 39510 ms, 39575 ms, 
glove-100-angular experiment results:
statisc_length, time, avg_recall, 5th_percentile_recall, 1st_percentile_recall, recall_above_99, recall_above_95, recall_above_90
1025, 39510, 0.978866, 0.92, 0.87, 5945, 8203, 9693
Experiment finished

--- Alpha: 0.5 ---

Loading samplings from /home/ryawszn/experiments/shiro-ef/sampling/glove-100-angular-samplings--k100-ef.bin
Samplings loaded from /home/ryawszn/experiments/shiro-ef/sampling/glove-100-angular-samplings--k100-ef.bin
Average Recall: 0.727104
Initial average recall with ef=100: 0.727344
Average Recall: 0.770668
Initial average recall with ef=150: 0.77093
Recall diff is too small for 1 consecutive steps, break.
Weighted average ef: 1690.15
Training convergence-bucket 0 [11.9239, 36.5612) with 200 queries.
Average Recall: 0.45775
Initial average recall with ef=100: 0.434202
Average Recall: 0.5046
Initial average recall with ef=150: 0.481489
Weighted average ef: 4369.62
Training convergence-bucket 1 [36.5612, 44.32) with 200 queries.
Average Recall: 0.4665
Initial average recall with ef=100: 0.442582
Average Recall: 0.5241
Initial average recall with ef=150: 0.500549
Recall diff is too small for 1 consecutive steps, break.
Recall diff is too small for 1 consecutive steps, break.
Recall diff is too small for 1 consecutive steps, break.
Weighted average ef: 3776.78
Training convergence-bucket 2 [44.32, 51.3519) with 200 queries.
Average Recall: 0.5554
Initial average recall with ef=100: 0.541087
Average Recall: 0.61685
Initial average recall with ef=150: 0.604402
Recall diff is too small for 1 consecutive steps, break.
Weighted average ef: 2805.55
Training convergence-bucket 3 [51.3519, 57.3494) with 200 queries.
Average Recall: 0.631
Initial average recall with ef=100: 0.620449
Average Recall: 0.69215
Initial average recall with ef=150: 0.680674
Weighted average ef: 1928.91
Training convergence-bucket 4 [57.3494, 62.36) with 200 queries.
Average Recall: 0.71275
Initial average recall with ef=100: 0.697614
Average Recall: 0.76865
Initial average recall with ef=150: 0.757045
Weighted average ef: 1212.92
Training convergence-bucket 5 [62.36, 67.4098) with 200 queries.
Average Recall: 0.79205
Initial average recall with ef=100: 0.781492
Average Recall: 0.8402
Initial average recall with ef=150: 0.831713
Weighted average ef: 813.325
Training convergence-bucket 6 [67.4098, 72.0157) with 200 queries.
Average Recall: 0.8497
Initial average recall with ef=100: 0.843046
Average Recall: 0.89005
Initial average recall with ef=150: 0.885287
Weighted average ef: 551.17
Training convergence-bucket 7 [72.0157, 76.1974) with 200 queries.
Average Recall: 0.90275
Initial average recall with ef=100: 0.900177
Average Recall: 0.9333
Initial average recall with ef=150: 0.932249
Recall diff is too small for 1 consecutive steps, break.
Weighted average ef: 243.29
Training convergence-bucket 8 [76.1974, 80.8181) with 200 queries.
Average Recall: 0.9334
Initial average recall with ef=100: 0.936292
Average Recall: 0.9541
Initial average recall with ef=150: 0.956348
Recall diff is too small for 1 consecutive steps, break.
Recall diff is too small for 1 consecutive steps, break.
Weighted average ef: 190.01
Training convergence-bucket 9 [80.8181, inf) with 200 queries.
Average Recall: 0.969751
Initial average recall with ef=100: 0.974066
Average Recall: 0.9827
Initial average recall with ef=150: 0.985824
Weighted average ef: 99.5
Reconstructed True WAE: 1436.64 (Hard Pct: 0.0084)
****Weighted average ef: 1436
Search time: 39676 ms
Search time: 39176 ms
Search time: 39804 ms
Average Recall: 0.978862
5th percentile recall: 0.92
1st percentile recall: 0.87
Median search time: 39676 ms
Search times: 39176 ms, 39676 ms, 39804 ms, 
glove-100-angular experiment results:
statisc_length, time, avg_recall, 5th_percentile_recall, 1st_percentile_recall, recall_above_99, recall_above_95, recall_above_90
1025, 39676, 0.978862, 0.92, 0.87, 5956, 8213, 9680
Experiment finished

--- Alpha: 0.75 ---

Loading samplings from /home/ryawszn/experiments/shiro-ef/sampling/glove-100-angular-samplings--k100-ef.bin
Samplings loaded from /home/ryawszn/experiments/shiro-ef/sampling/glove-100-angular-samplings--k100-ef.bin
Average Recall: 0.727104
Initial average recall with ef=100: 0.727344
Average Recall: 0.770668
Initial average recall with ef=150: 0.77093
Recall diff is too small for 1 consecutive steps, break.
Weighted average ef: 1690.15
Training convergence-bucket 0 [14.5627, 32.2154) with 200 queries.
Average Recall: 0.4596
Initial average recall with ef=100: 0.434293
Average Recall: 0.5073
Initial average recall with ef=150: 0.482283
Recall diff is too small for 1 consecutive steps, break.
Weighted average ef: 4132.5
Training convergence-bucket 1 [32.2154, 38.1656) with 200 queries.
Average Recall: 0.4537
Initial average recall with ef=100: 0.432713
Average Recall: 0.5117
Initial average recall with ef=150: 0.491755
Recall diff is too small for 1 consecutive steps, break.
Weighted average ef: 3960.55
Training convergence-bucket 2 [38.1656, 43.4927) with 200 queries.
Average Recall: 0.5481
Initial average recall with ef=100: 0.53123
Average Recall: 0.6088
Initial average recall with ef=150: 0.59262
Recall diff is too small for 1 consecutive steps, break.
Weighted average ef: 3036.52
Training convergence-bucket 3 [43.4927, 49.0518) with 200 queries.
Average Recall: 0.62515
Initial average recall with ef=100: 0.623672
Average Recall: 0.686
Initial average recall with ef=150: 0.686384
Weighted average ef: 1864.24
Training convergence-bucket 4 [49.0518, 54.4145) with 200 queries.
Average Recall: 0.70805
Initial average recall with ef=100: 0.699086
Average Recall: 0.76745
Initial average recall with ef=150: 0.758857
Recall diff is too small for 1 consecutive steps, break.
Weighted average ef: 1206.21
Training convergence-bucket 5 [54.4145, 60.38) with 200 queries.
Average Recall: 0.80405
Initial average recall with ef=100: 0.797182
Average Recall: 0.8504
Initial average recall with ef=150: 0.845691
Recall diff is too small for 1 consecutive steps, break.
Weighted average ef: 727.14
Training convergence-bucket 6 [60.38, 65.7937) with 200 queries.
Average Recall: 0.8593
Initial average recall with ef=100: 0.859716
Average Recall: 0.89805
Initial average recall with ef=150: 0.89875
Recall diff is too small for 1 consecutive steps, break.
Weighted average ef: 444.81
Training convergence-bucket 7 [65.7937, 71.2425) with 200 queries.
Average Recall: 0.9006
Initial average recall with ef=100: 0.891325
Average Recall: 0.93335
Initial average recall with ef=150: 0.926386
Weighted average ef: 264.405
Training convergence-bucket 8 [71.2425, 77.0473) with 200 queries.
Average Recall: 0.93575
Initial average recall with ef=100: 0.936167
Average Recall: 0.9564
Initial average recall with ef=150: 0.957167
Recall diff is too small for 1 consecutive steps, break.
Weighted average ef: 192.93
Training convergence-bucket 9 [77.0473, inf) with 200 queries.
Average Recall: 0.976751
Initial average recall with ef=100: 0.978297
Average Recall: 0.98725
Initial average recall with ef=150: 0.988297
Weighted average ef: 97.5
Reconstructed True WAE: 1432.67 (Hard Pct: 0.0084)
****Weighted average ef: 1432
Search time: 38597 ms
Search time: 39207 ms
Search time: 39308 ms
Average Recall: 0.978518
5th percentile recall: 0.91
1st percentile recall: 0.87
Median search time: 39207 ms
Search times: 38597 ms, 39207 ms, 39308 ms, 
glove-100-angular experiment results:
statisc_length, time, avg_recall, 5th_percentile_recall, 1st_percentile_recall, recall_above_99, recall_above_95, recall_above_90
1025, 39207, 0.978518, 0.91, 0.87, 5958, 8175, 9650
Experiment finished


Dataset: word2vec-300-angular
Metric: cd
Normalize the data vectors
Data vectors dimensions: 1000000 x 300
Query vectors dimensions: 1000 x 300
Neighbors dimensions: 1000 x 100
Using AVX512 Inner Product distance
Index loaded
Dimension of space:300
Data size of space:1200

--- Alpha: 0.25 ---

Loading samplings from /home/ryawszn/experiments/shiro-ef/sampling/word2vec-300-angular-samplings--k100-ef.bin
Samplings loaded from /home/ryawszn/experiments/shiro-ef/sampling/word2vec-300-angular-samplings--k100-ef.bin
Average Recall: 0.814942
Initial average recall with ef=100: 0.815848
Average Recall: 0.863051
Initial average recall with ef=150: 0.86389
Recall diff is too small for 1 consecutive steps, break.
Recall diff is too small for 1 consecutive steps, break.
Weighted average ef: 437.12
Training convergence-bucket 0 [12.5083, 49.9927) with 200 queries.
Average Recall: 0.5673
Initial average recall with ef=100: 0.561475
Average Recall: 0.6479
Initial average recall with ef=150: 0.64541
Recall diff is too small for 1 consecutive steps, break.
Weighted average ef: 914.915
Training convergence-bucket 1 [49.9927, 55.8853) with 200 queries.
Average Recall: 0.6255
Initial average recall with ef=100: 0.615714
Average Recall: 0.7099
Initial average recall with ef=150: 0.703771
Weighted average ef: 789.715
Training convergence-bucket 2 [55.8853, 62.6429) with 200 queries.
Average Recall: 0.6667
Initial average recall with ef=100: 0.647976
Average Recall: 0.7449
Initial average recall with ef=150: 0.727738
Weighted average ef: 727.84
Training convergence-bucket 3 [62.6429, 70.0778) with 200 queries.
Average Recall: 0.79765
Initial average recall with ef=100: 0.782934
Average Recall: 0.85405
Initial average recall with ef=150: 0.842096
Weighted average ef: 430.96
Training convergence-bucket 4 [70.0778, 74.7141) with 200 queries.
Average Recall: 0.85785
Initial average recall with ef=100: 0.854699
Average Recall: 0.90445
Initial average recall with ef=150: 0.902289
Weighted average ef: 276.31
Training convergence-bucket 5 [74.7141, 77.888) with 200 queries.
Average Recall: 0.89505
Initial average recall with ef=100: 0.895455
Average Recall: 0.93095
Initial average recall with ef=150: 0.932102
Weighted average ef: 202.41
Training convergence-bucket 6 [77.888, 80.5052) with 200 queries.
Average Recall: 0.9077
Initial average recall with ef=100: 0.90419
Average Recall: 0.94045
Initial average recall with ef=150: 0.937765
Weighted average ef: 204.06
Training convergence-bucket 7 [80.5052, 82.3685) with 200 queries.
Average Recall: 0.932301
Initial average recall with ef=100: 0.931345
Average Recall: 0.957
Initial average recall with ef=150: 0.956784
Recall diff is too small for 1 consecutive steps, break.
Weighted average ef: 139.28
Training convergence-bucket 8 [82.3685, 84.7801) with 200 queries.
Average Recall: 0.94325
Initial average recall with ef=100: 0.94209
Average Recall: 0.96535
Initial average recall with ef=150: 0.965367
Weighted average ef: 133.26
Training convergence-bucket 9 [84.7801, inf) with 200 queries.
Average Recall: 0.95615
Initial average recall with ef=100: 0.95717
Average Recall: 0.975601
Initial average recall with ef=150: 0.977547
Weighted average ef: 100.02
Reconstructed True WAE: 293.689 (Hard Pct: 0.02505)
****Weighted average ef: 293
Search time: 1303 ms
Search time: 1305 ms
Search time: 1277 ms
Average Recall: 0.97435
5th percentile recall: 0.88
1st percentile recall: 0.8
Median search time: 1303 ms
Search times: 1277 ms, 1303 ms, 1305 ms, 
word2vec-300-angular experiment results:
statisc_length, time, avg_recall, 5th_percentile_recall, 1st_percentile_recall, recall_above_99, recall_above_95, recall_above_90
1025, 1303, 0.97435, 0.88, 0.8, 604, 819, 927
Experiment finished

--- Alpha: 0.5 ---

Loading samplings from /home/ryawszn/experiments/shiro-ef/sampling/word2vec-300-angular-samplings--k100-ef.bin
Samplings loaded from /home/ryawszn/experiments/shiro-ef/sampling/word2vec-300-angular-samplings--k100-ef.bin
Average Recall: 0.814942
Initial average recall with ef=100: 0.815848
Average Recall: 0.863051
Initial average recall with ef=150: 0.86389
Recall diff is too small for 1 consecutive steps, break.
Recall diff is too small for 1 consecutive steps, break.
Weighted average ef: 437.12
Training convergence-bucket 0 [16.7157, 45.4324) with 200 queries.
Average Recall: 0.57135
Initial average recall with ef=100: 0.570765
Average Recall: 0.65215
Initial average recall with ef=150: 0.655191
Weighted average ef: 910.955
Training convergence-bucket 1 [45.4324, 49.0301) with 200 queries.
Average Recall: 0.60335
Initial average recall with ef=100: 0.605464
Average Recall: 0.6891
Initial average recall with ef=150: 0.691749
Recall diff is too small for 1 consecutive steps, break.
Weighted average ef: 862.14
Training convergence-bucket 2 [49.0301, 55.234) with 200 queries.
Average Recall: 0.66035
Initial average recall with ef=100: 0.656167
Average Recall: 0.74275
Initial average recall with ef=150: 0.737389
Recall diff is too small for 1 consecutive steps, break.
Recall diff is too small for 1 consecutive steps, break.
Weighted average ef: 763.465
Training convergence-bucket 3 [55.234, 62.4334) with 200 queries.
Average Recall: 0.79625
Initial average recall with ef=100: 0.792454
Average Recall: 0.8523
Initial average recall with ef=150: 0.849755
Recall diff is too small for 1 consecutive steps, break.
Recall diff is too small for 1 consecutive steps, break.
Weighted average ef: 436.295
Training convergence-bucket 4 [62.4334, 67.152) with 200 queries.
Average Recall: 0.84685
Initial average recall with ef=100: 0.845575
Average Recall: 0.89615
Initial average recall with ef=150: 0.895517
Weighted average ef: 304.035
Training convergence-bucket 5 [67.152, 71.2249) with 200 queries.
Average Recall: 0.88475
Initial average recall with ef=100: 0.88689
Average Recall: 0.9261
Initial average recall with ef=150: 0.927927
Recall diff is too small for 1 consecutive steps, break.
Weighted average ef: 204.79
Training convergence-bucket 6 [71.2249, 74.3644) with 200 queries.
Average Recall: 0.9248
Initial average recall with ef=100: 0.920588
Average Recall: 0.95235
Initial average recall with ef=150: 0.949765
Weighted average ef: 154.235
Training convergence-bucket 7 [74.3644, 77.2476) with 200 queries.
Average Recall: 0.94
Initial average recall with ef=100: 0.938197
Average Recall: 0.96325
Initial average recall with ef=150: 0.961694
Weighted average ef: 139.645
Training convergence-bucket 8 [77.2476, 80.0452) with 200 queries.
Average Recall: 0.9551
Initial average recall with ef=100: 0.957811
Average Recall: 0.9752
Initial average recall with ef=150: 0.977574
Weighted average ef: 101
Training convergence-bucket 9 [80.0452, inf) with 200 queries.
Average Recall: 0.96665
Initial average recall with ef=100: 0.968095
Average Recall: 0.9812
Initial average recall with ef=150: 0.982857
Weighted average ef: 97.715
Reconstructed True WAE: 289.225 (Hard Pct: 0.02505)
****Weighted average ef: 289
Search time: 1240 ms
Search time: 1270 ms
Search time: 1268 ms
Average Recall: 0.9731
5th percentile recall: 0.88
1st percentile recall: 0.8
Median search time: 1268 ms
Search times: 1240 ms, 1268 ms, 1270 ms, 
word2vec-300-angular experiment results:
statisc_length, time, avg_recall, 5th_percentile_recall, 1st_percentile_recall, recall_above_99, recall_above_95, recall_above_90
1025, 1268, 0.9731, 0.88, 0.8, 588, 805, 920
Experiment finished

--- Alpha: 0.75 ---

Loading samplings from /home/ryawszn/experiments/shiro-ef/sampling/word2vec-300-angular-samplings--k100-ef.bin
Samplings loaded from /home/ryawszn/experiments/shiro-ef/sampling/word2vec-300-angular-samplings--k100-ef.bin
Average Recall: 0.814942
Initial average recall with ef=100: 0.815848
Average Recall: 0.863051
Initial average recall with ef=150: 0.86389
Recall diff is too small for 1 consecutive steps, break.
Recall diff is too small for 1 consecutive steps, break.
Weighted average ef: 437.12
Training convergence-bucket 0 [19.0517, 40.9826) with 200 queries.
Average Recall: 0.5713
Initial average recall with ef=100: 0.570324
Average Recall: 0.65355
Initial average recall with ef=150: 0.656432
Recall diff is too small for 1 consecutive steps, break.
Recall diff is too small for 1 consecutive steps, break.
Weighted average ef: 909.245
Training convergence-bucket 1 [40.9826, 43.9578) with 200 queries.
Average Recall: 0.61225
Initial average recall with ef=100: 0.608956
Average Recall: 0.6967
Initial average recall with ef=150: 0.69544
Weighted average ef: 848.935
Training convergence-bucket 2 [43.9578, 49.6356) with 200 queries.
Average Recall: 0.65485
Initial average recall with ef=100: 0.652717
Average Recall: 0.7349
Initial average recall with ef=150: 0.73413
Recall diff is too small for 1 consecutive steps, break.
Weighted average ef: 815.8
Training convergence-bucket 3 [49.6356, 56.7463) with 200 queries.
Average Recall: 0.7808
Initial average recall with ef=100: 0.776131
Average Recall: 0.84165
Initial average recall with ef=150: 0.839345
Recall diff is too small for 1 consecutive steps, break.
Weighted average ef: 493.63
Training convergence-bucket 4 [56.7463, 61.6822) with 200 queries.
Average Recall: 0.84955
Initial average recall with ef=100: 0.850347
Average Recall: 0.8987
Initial average recall with ef=150: 0.899306
Weighted average ef: 291.7
Training convergence-bucket 5 [61.6822, 66.1731) with 200 queries.
Average Recall: 0.8875
Initial average recall with ef=100: 0.888639
Average Recall: 0.92665
Initial average recall with ef=150: 0.927692
Weighted average ef: 203.645
Training convergence-bucket 6 [66.1731, 69.5844) with 200 queries.
Average Recall: 0.92465
Initial average recall with ef=100: 0.925848
Average Recall: 0.9537
Initial average recall with ef=150: 0.955438
Weighted average ef: 143.18
Training convergence-bucket 7 [69.5844, 73.0511) with 200 queries.
Average Recall: 0.9422
Initial average recall with ef=100: 0.942652
Average Recall: 0.9649
Initial average recall with ef=150: 0.965193
Weighted average ef: 134.635
Training convergence-bucket 8 [73.0511, 76.5108) with 200 queries.
Average Recall: 0.954451
Initial average recall with ef=100: 0.954885
Average Recall: 0.97475
Initial average recall with ef=150: 0.975345
Weighted average ef: 111.25
Training convergence-bucket 9 [76.5108, inf) with 200 queries.
Average Recall: 0.9719
Initial average recall with ef=100: 0.973626
Average Recall: 0.98505
Initial average recall with ef=150: 0.986901
Weighted average ef: 97.095
Reconstructed True WAE: 300.272 (Hard Pct: 0.02505)
****Weighted average ef: 300
Search time: 1246 ms
Search time: 1263 ms
Search time: 1208 ms
Average Recall: 0.97397
5th percentile recall: 0.88
1st percentile recall: 0.81
Median search time: 1246 ms
Search times: 1208 ms, 1246 ms, 1263 ms, 
word2vec-300-angular experiment results:
statisc_length, time, avg_recall, 5th_percentile_recall, 1st_percentile_recall, recall_above_99, recall_above_95, recall_above_90
1025, 1246, 0.97397, 0.88, 0.81, 605, 807, 924
Experiment finished


Dataset: sift10m-128-euclidean
Metric: l2
Data vectors dimensions: 10000000 x 128
Query vectors dimensions: 1000 x 128
Neighbors dimensions: 1000 x 100
Index loaded
Dimension of space:128
Data size of space:512

--- Alpha: 0.25 ---

Loading samplings from /home/ryawszn/experiments/shiro-ef/sampling/sift10m-128-euclidean-samplings--k100-ef.bin
Samplings loaded from /home/ryawszn/experiments/shiro-ef/sampling/sift10m-128-euclidean-samplings--k100-ef.bin
Average Recall: 0.858042
Initial average recall with ef=100: 0.858457
Average Recall: 0.903745
Initial average recall with ef=150: 0.904128
Recall diff is too small for 1 consecutive steps, break.
Weighted average ef: 298.081
Training convergence-bucket 0 [28.14, 67.5275) with 200 queries.
Average Recall: 0.692
Initial average recall with ef=100: 0.687228
Average Recall: 0.7654
Initial average recall with ef=150: 0.761576
Recall diff is too small for 1 consecutive steps, break.
Recall diff is too small for 1 consecutive steps, break.
Weighted average ef: 622.675
Training convergence-bucket 1 [67.5275, 72.4336) with 200 queries.
Average Recall: 0.7299
Initial average recall with ef=100: 0.720749
Average Recall: 0.80105
Initial average recall with ef=150: 0.793262
Weighted average ef: 535.43
Training convergence-bucket 2 [72.4336, 75.9933) with 200 queries.
Average Recall: 0.78875
Initial average recall with ef=100: 0.785503
Average Recall: 0.85
Initial average recall with ef=150: 0.84709
Recall diff is too small for 1 consecutive steps, break.
Weighted average ef: 407.72
Training convergence-bucket 3 [75.9933, 78.6994) with 200 queries.
Average Recall: 0.84665
Initial average recall with ef=100: 0.840506
Average Recall: 0.8991
Initial average recall with ef=150: 0.894944
Weighted average ef: 263.205
Training convergence-bucket 4 [78.6994, 80.5563) with 200 queries.
Average Recall: 0.87355
Initial average recall with ef=100: 0.871862
Average Recall: 0.920151
Initial average recall with ef=150: 0.918777
Weighted average ef: 221.555
Training convergence-bucket 5 [80.5563, 82.4981) with 200 queries.
Average Recall: 0.9008
Initial average recall with ef=100: 0.901658
Average Recall: 0.94095
Initial average recall with ef=150: 0.941176
Weighted average ef: 180.67
Training convergence-bucket 6 [82.4981, 83.9255) with 200 queries.
Average Recall: 0.9187
Initial average recall with ef=100: 0.918877
Average Recall: 0.9516
Initial average recall with ef=150: 0.952246
Weighted average ef: 158.1
Training convergence-bucket 7 [83.9255, 85.2872) with 200 queries.
Average Recall: 0.92415
Initial average recall with ef=100: 0.925158
Average Recall: 0.9584
Initial average recall with ef=150: 0.958842
Weighted average ef: 158.745
Training convergence-bucket 8 [85.2872, 87.093) with 200 queries.
Average Recall: 0.94645
Initial average recall with ef=100: 0.949632
Average Recall: 0.97165
Initial average recall with ef=150: 0.973842
Weighted average ef: 127.455
Training convergence-bucket 9 [87.093, inf) with 200 queries.
Average Recall: 0.9595
Initial average recall with ef=100: 0.963622
Average Recall: 0.9792
Initial average recall with ef=150: 0.981459
Weighted average ef: 116.065
Reconstructed True WAE: 215.862 (Hard Pct: 0.0193)
****Weighted average ef: 215
Search time: 1073 ms
Search time: 1084 ms
Search time: 1056 ms
Average Recall: 0.98163
5th percentile recall: 0.94
1st percentile recall: 0.9
Median search time: 1073 ms
Search times: 1056 ms, 1073 ms, 1084 ms, 
sift10m-128-euclidean experiment results:
statisc_length, time, avg_recall, 5th_percentile_recall, 1st_percentile_recall, recall_above_99, recall_above_95, recall_above_90
1025, 1073, 0.98163, 0.94, 0.9, 571, 884, 989
Experiment finished

--- Alpha: 0.5 ---

Loading samplings from /home/ryawszn/experiments/shiro-ef/sampling/sift10m-128-euclidean-samplings--k100-ef.bin
Samplings loaded from /home/ryawszn/experiments/shiro-ef/sampling/sift10m-128-euclidean-samplings--k100-ef.bin
Average Recall: 0.858042
Initial average recall with ef=100: 0.858457
Average Recall: 0.903745
Initial average recall with ef=150: 0.904128
Recall diff is too small for 1 consecutive steps, break.
Weighted average ef: 298.081
Training convergence-bucket 0 [22.4341, 54.8694) with 200 queries.
Average Recall: 0.67325
Initial average recall with ef=100: 0.667011
Average Recall: 0.7494
Initial average recall with ef=150: 0.744456
Weighted average ef: 694.02
Training convergence-bucket 1 [54.8694, 58.4954) with 200 queries.
Average Recall: 0.70815
Initial average recall with ef=100: 0.705445
Average Recall: 0.78175
Initial average recall with ef=150: 0.779791
Weighted average ef: 563.91
Training convergence-bucket 2 [58.4954, 63.9193) with 200 queries.
Average Recall: 0.78685
Initial average recall with ef=100: 0.781676
Average Recall: 0.84955
Initial average recall with ef=150: 0.845459
Recall diff is too small for 1 consecutive steps, break.
Weighted average ef: 392.465
Training convergence-bucket 3 [63.9193, 67.1803) with 200 queries.
Average Recall: 0.83515
Initial average recall with ef=100: 0.832344
Average Recall: 0.8923
Initial average recall with ef=150: 0.890469
Weighted average ef: 285.535
Training convergence-bucket 4 [67.1803, 70.45) with 200 queries.
Average Recall: 0.86965
Initial average recall with ef=100: 0.867554
Average Recall: 0.9203
Initial average recall with ef=150: 0.918967
Weighted average ef: 217.72
Training convergence-bucket 5 [70.45, 72.7911) with 200 queries.
Average Recall: 0.8968
Initial average recall with ef=100: 0.894603
Average Recall: 0.937951
Initial average recall with ef=150: 0.936719
Weighted average ef: 192.07
Training convergence-bucket 6 [72.7911, 75.4077) with 200 queries.
Average Recall: 0.91425
Initial average recall with ef=100: 0.915519
Average Recall: 0.9532
Initial average recall with ef=150: 0.954645
Weighted average ef: 152.915
Training convergence-bucket 7 [75.4077, 78.0557) with 200 queries.
Average Recall: 0.9472
Initial average recall with ef=100: 0.94866
Average Recall: 0.9751
Initial average recall with ef=150: 0.975722
Weighted average ef: 122.5
Training convergence-bucket 8 [78.0557, 81.4853) with 200 queries.
Average Recall: 0.96405
Initial average recall with ef=100: 0.967958
Average Recall: 0.98415
Initial average recall with ef=150: 0.986702
Weighted average ef: 105.25
Training convergence-bucket 9 [81.4853, inf) with 200 queries.
Average Recall: 0.985101
Initial average recall with ef=100: 0.98978
Average Recall: 0.9938
Initial average recall with ef=150: 0.996703
Weighted average ef: 91
Reconstructed True WAE: 214.323 (Hard Pct: 0.0193)
****Weighted average ef: 214
Search time: 1027 ms
Search time: 1056 ms
Search time: 1040 ms
Average Recall: 0.98107
5th percentile recall: 0.94
1st percentile recall: 0.92
Median search time: 1040 ms
Search times: 1027 ms, 1040 ms, 1056 ms, 
sift10m-128-euclidean experiment results:
statisc_length, time, avg_recall, 5th_percentile_recall, 1st_percentile_recall, recall_above_99, recall_above_95, recall_above_90
1025, 1040, 0.98107, 0.94, 0.92, 515, 891, 994
Experiment finished

--- Alpha: 0.75 ---

Loading samplings from /home/ryawszn/experiments/shiro-ef/sampling/sift10m-128-euclidean-samplings--k100-ef.bin
Samplings loaded from /home/ryawszn/experiments/shiro-ef/sampling/sift10m-128-euclidean-samplings--k100-ef.bin
Average Recall: 0.858042
Initial average recall with ef=100: 0.858457
Average Recall: 0.903745
Initial average recall with ef=150: 0.904128
Recall diff is too small for 1 consecutive steps, break.
Weighted average ef: 298.081
Training convergence-bucket 0 [19.7621, 46.4968) with 200 queries.
Average Recall: 0.6653
Initial average recall with ef=100: 0.663533
Average Recall: 0.7414
Initial average recall with ef=150: 0.740217
Weighted average ef: 715.185
Training convergence-bucket 1 [46.4968, 50.3318) with 200 queries.
Average Recall: 0.7059
Initial average recall with ef=100: 0.705
Average Recall: 0.78025
Initial average recall with ef=150: 0.779521
Weighted average ef: 565.535
Training convergence-bucket 2 [50.3318, 55.5377) with 200 queries.
Average Recall: 0.78545
Initial average recall with ef=100: 0.782216
Average Recall: 0.84925
Initial average recall with ef=150: 0.847189
Recall diff is too small for 1 consecutive steps, break.
Weighted average ef: 375.705
Training convergence-bucket 3 [55.5377, 59.3194) with 200 queries.
Average Recall: 0.8338
Initial average recall with ef=100: 0.830914
Average Recall: 0.89155
Initial average recall with ef=150: 0.889892
Weighted average ef: 266.37
Training convergence-bucket 4 [59.3194, 63.027) with 200 queries.
Average Recall: 0.86585
Initial average recall with ef=100: 0.865183
Average Recall: 0.91625
Initial average recall with ef=150: 0.915968
Weighted average ef: 234.41
Training convergence-bucket 5 [63.027, 65.9243) with 200 queries.
Average Recall: 0.89885
Initial average recall with ef=100: 0.899626
Average Recall: 0.9427
Initial average recall with ef=150: 0.943743
Weighted average ef: 172.5
Training convergence-bucket 6 [65.9243, 69.1854) with 200 queries.
Average Recall: 0.92245
Initial average recall with ef=100: 0.923834
Average Recall: 0.958451
Initial average recall with ef=150: 0.959741
Weighted average ef: 151.255
Training convergence-bucket 7 [69.1854, 72.9783) with 200 queries.
Average Recall: 0.9464
Initial average recall with ef=100: 0.948281
Average Recall: 0.9755
Initial average recall with ef=150: 0.976667
Weighted average ef: 123.18
Training convergence-bucket 8 [72.9783, 77.5569) with 200 queries.
Average Recall: 0.96695
Initial average recall with ef=100: 0.968
Average Recall: 0.98555
Initial average recall with ef=150: 0.986205
Weighted average ef: 104.165
Training convergence-bucket 9 [77.5569, inf) with 200 queries.
Average Recall: 0.9895
Initial average recall with ef=100: 0.990895
Average Recall: 0.9966
Initial average recall with ef=150: 0.997368
Weighted average ef: 95
Reconstructed True WAE: 211.961 (Hard Pct: 0.0193)
****Weighted average ef: 211
Search time: 1024 ms
Search time: 202 ms
Search time: 1020 ms
Average Recall: 0.97936
5th percentile recall: 0.94
1st percentile recall: 0.91
Median search time: 1020 ms
Search times: 202 ms, 1020 ms, 1024 ms, 
sift10m-128-euclidean experiment results:
statisc_length, time, avg_recall, 5th_percentile_recall, 1st_percentile_recall, recall_above_99, recall_above_95, recall_above_90
1025, 1020, 0.97936, 0.94, 0.91, 490, 870, 990
Experiment finished


Dataset: gist-960-euclidean
Metric: l2
Data vectors dimensions: 1000000 x 960
Query vectors dimensions: 1000 x 960
Neighbors dimensions: 1000 x 100
Index loaded
Dimension of space:960
Data size of space:3840

--- Alpha: 0.25 ---

Loading samplings from /home/ryawszn/experiments/shiro-ef/sampling/gist-960-euclidean-samplings--k100-ef.bin
Samplings loaded from /home/ryawszn/experiments/shiro-ef/sampling/gist-960-euclidean-samplings--k100-ef.bin
Average Recall: 0.723844
Initial average recall with ef=100: 0.721912
Average Recall: 0.798894
Initial average recall with ef=150: 0.797498
Recall diff is too small for 1 consecutive steps, break.
Weighted average ef: 635.626
Training convergence-bucket 0 [29.4093, 46.2452) with 200 queries.
Average Recall: 0.52995
Initial average recall with ef=100: 0.527672
Average Recall: 0.6271
Initial average recall with ef=150: 0.625344
Recall diff is too small for 1 consecutive steps, break.
Recall diff is too small for 1 consecutive steps, break.
Weighted average ef: 1242.72
Training convergence-bucket 1 [46.2452, 51.6952) with 200 queries.
Average Recall: 0.5717
Initial average recall with ef=100: 0.568235
Average Recall: 0.6661
Initial average recall with ef=150: 0.663476
Recall diff is too small for 1 consecutive steps, break.
Recall diff is too small for 1 consecutive steps, break.
Weighted average ef: 1098.18
Training convergence-bucket 2 [51.6952, 56.0833) with 200 queries.
Average Recall: 0.62355
Initial average recall with ef=100: 0.624162
Average Recall: 0.7118
Initial average recall with ef=150: 0.711243
Recall diff is too small for 1 consecutive steps, break.
Weighted average ef: 830.49
Training convergence-bucket 3 [56.0833, 59.9785) with 200 queries.
Average Recall: 0.663
Initial average recall with ef=100: 0.659409
Average Recall: 0.75655
Initial average recall with ef=150: 0.753871
Weighted average ef: 662.07
Training convergence-bucket 4 [59.9785, 63.6571) with 200 queries.
Average Recall: 0.70195
Initial average recall with ef=100: 0.697473
Average Recall: 0.7887
Initial average recall with ef=150: 0.784516
Weighted average ef: 563.54
Training convergence-bucket 5 [63.6571, 66.9771) with 200 queries.
Average Recall: 0.74745
Initial average recall with ef=100: 0.750219
Average Recall: 0.82345
Initial average recall with ef=150: 0.826175
Weighted average ef: 407.125
Training convergence-bucket 6 [66.9771, 70.7043) with 200 queries.
Average Recall: 0.7701
Initial average recall with ef=100: 0.769681
Average Recall: 0.84155
Initial average recall with ef=150: 0.842394
Recall diff is too small for 1 consecutive steps, break.
Weighted average ef: 400.06
Training convergence-bucket 7 [70.7043, 74.8879) with 200 queries.
Average Recall: 0.82395
Initial average recall with ef=100: 0.826505
Average Recall: 0.88615
Initial average recall with ef=150: 0.888871
Weighted average ef: 294.3
Training convergence-bucket 8 [74.8879, 80.0994) with 200 queries.
Average Recall: 0.86795
Initial average recall with ef=100: 0.862356
Average Recall: 0.92065
Initial average recall with ef=150: 0.917471
Weighted average ef: 219.22
Training convergence-bucket 9 [80.0994, inf) with 200 queries.
Average Recall: 0.93885
Initial average recall with ef=100: 0.94
Average Recall: 0.9669
Initial average recall with ef=150: 0.968409
Weighted average ef: 125.81
Reconstructed True WAE: 532.727 (Hard Pct: 0.01025)
****Weighted average ef: 532
Search time: 4394 ms
Search time: 4465 ms
Search time: 4474 ms
Average Recall: 0.97062
5th percentile recall: 0.91
1st percentile recall: 0.87
Median search time: 4465 ms
Search times: 4394 ms, 4465 ms, 4474 ms, 
gist-960-euclidean experiment results:
statisc_length, time, avg_recall, 5th_percentile_recall, 1st_percentile_recall, recall_above_99, recall_above_95, recall_above_90
1025, 4465, 0.97062, 0.91, 0.87, 415, 744, 958
Experiment finished

--- Alpha: 0.5 ---

Loading samplings from /home/ryawszn/experiments/shiro-ef/sampling/gist-960-euclidean-samplings--k100-ef.bin
Samplings loaded from /home/ryawszn/experiments/shiro-ef/sampling/gist-960-euclidean-samplings--k100-ef.bin
Average Recall: 0.723844
Initial average recall with ef=100: 0.721912
Average Recall: 0.798894
Initial average recall with ef=150: 0.797498
Recall diff is too small for 1 consecutive steps, break.
Weighted average ef: 635.626
Training convergence-bucket 0 [30.6942, 41.7589) with 200 queries.
Average Recall: 0.51515
Initial average recall with ef=100: 0.511554
Average Recall: 0.61175
Initial average recall with ef=150: 0.608238
Recall diff is too small for 1 consecutive steps, break.
Weighted average ef: 1495.17
Training convergence-bucket 1 [41.7589, 45.8009) with 200 queries.
Average Recall: 0.57655
Initial average recall with ef=100: 0.573777
Average Recall: 0.6722
Initial average recall with ef=150: 0.669681
Weighted average ef: 975.03
Training convergence-bucket 2 [45.8009, 49.4407) with 200 queries.
Average Recall: 0.61415
Initial average recall with ef=100: 0.615183
Average Recall: 0.70725
Initial average recall with ef=150: 0.707173
Recall diff is too small for 1 consecutive steps, break.
Weighted average ef: 883.62
Training convergence-bucket 3 [49.4407, 52.3927) with 200 queries.
Average Recall: 0.65175
Initial average recall with ef=100: 0.652872
Average Recall: 0.7456
Initial average recall with ef=150: 0.74617
Recall diff is too small for 1 consecutive steps, break.
Recall diff is too small for 1 consecutive steps, break.
Weighted average ef: 677.56
Training convergence-bucket 4 [52.3927, 55.4145) with 200 queries.
Average Recall: 0.6924
Initial average recall with ef=100: 0.69413
Average Recall: 0.7775
Initial average recall with ef=150: 0.779728
Weighted average ef: 533.665
Training convergence-bucket 5 [55.4145, 58.7542) with 200 queries.
Average Recall: 0.75675
Initial average recall with ef=100: 0.75113
Average Recall: 0.8333
Initial average recall with ef=150: 0.827684
Recall diff is too small for 1 consecutive steps, break.
Weighted average ef: 411.265
Training convergence-bucket 6 [58.7542, 61.8934) with 200 queries.
Average Recall: 0.78145
Initial average recall with ef=100: 0.784063
Average Recall: 0.8523
Initial average recall with ef=150: 0.854271
Recall diff is too small for 1 consecutive steps, break.
Weighted average ef: 392.115
Training convergence-bucket 7 [61.8934, 67.1228) with 200 queries.
Average Recall: 0.8253
Initial average recall with ef=100: 0.827581
Average Recall: 0.88935
Initial average recall with ef=150: 0.891505
Weighted average ef: 297.63
Training convergence-bucket 8 [67.1228, 73.6922) with 200 queries.
Average Recall: 0.87545
Initial average recall with ef=100: 0.876162
Average Recall: 0.9265
Initial average recall with ef=150: 0.927892
Weighted average ef: 213.98
Training convergence-bucket 9 [73.6922, inf) with 200 queries.
Average Recall: 0.9495
Initial average recall with ef=100: 0.950852
Average Recall: 0.9732
Initial average recall with ef=150: 0.974432
Weighted average ef: 112.635
Reconstructed True WAE: 536.988 (Hard Pct: 0.01025)
****Weighted average ef: 536
Search time: 4925 ms
Search time: 4449 ms
Search time: 4403 ms
Average Recall: 0.97068
5th percentile recall: 0.91
1st percentile recall: 0.87
Median search time: 4449 ms
Search times: 4403 ms, 4449 ms, 4925 ms, 
gist-960-euclidean experiment results:
statisc_length, time, avg_recall, 5th_percentile_recall, 1st_percentile_recall, recall_above_99, recall_above_95, recall_above_90
1025, 4449, 0.97068, 0.91, 0.87, 425, 748, 962
Experiment finished

--- Alpha: 0.75 ---

Loading samplings from /home/ryawszn/experiments/shiro-ef/sampling/gist-960-euclidean-samplings--k100-ef.bin
Samplings loaded from /home/ryawszn/experiments/shiro-ef/sampling/gist-960-euclidean-samplings--k100-ef.bin
Average Recall: 0.723844
Initial average recall with ef=100: 0.721912
Average Recall: 0.798894
Initial average recall with ef=150: 0.797498
Recall diff is too small for 1 consecutive steps, break.
Weighted average ef: 635.626
Training convergence-bucket 0 [27.5923, 37.1704) with 200 queries.
Average Recall: 0.50555
Initial average recall with ef=100: 0.50228
Average Recall: 0.6028
Initial average recall with ef=150: 0.599948
Recall diff is too small for 1 consecutive steps, break.
Weighted average ef: 1561.35
Training convergence-bucket 1 [37.1704, 40.4195) with 200 queries.
Average Recall: 0.5812
Initial average recall with ef=100: 0.577861
Average Recall: 0.67385
Initial average recall with ef=150: 0.670963
Weighted average ef: 1000.27
Training convergence-bucket 2 [40.4195, 43.7982) with 200 queries.
Average Recall: 0.61625
Initial average recall with ef=100: 0.619468
Average Recall: 0.71375
Initial average recall with ef=150: 0.716543
Recall diff is too small for 1 consecutive steps, break.
Weighted average ef: 786.47
Training convergence-bucket 3 [43.7982, 46.3981) with 200 queries.
Average Recall: 0.64745
Initial average recall with ef=100: 0.645714
Average Recall: 0.74005
Initial average recall with ef=150: 0.738307
Recall diff is too small for 1 consecutive steps, break.
Recall diff is too small for 1 consecutive steps, break.
Recall diff is too small for 1 consecutive steps, break.
Weighted average ef: 679.55
Training convergence-bucket 4 [46.3981, 49.6726) with 200 queries.
Average Recall: 0.6994
Initial average recall with ef=100: 0.703048
Average Recall: 0.78335
Initial average recall with ef=150: 0.786738
Recall diff is too small for 1 consecutive steps, break.
Recall diff is too small for 1 consecutive steps, break.
Weighted average ef: 542.425
Training convergence-bucket 5 [49.6726, 52.6429) with 200 queries.
Average Recall: 0.7496
Initial average recall with ef=100: 0.744696
Average Recall: 0.8274
Initial average recall with ef=150: 0.824199
Recall diff is too small for 1 consecutive steps, break.
Weighted average ef: 439.495
Training convergence-bucket 6 [52.6429, 56.3866) with 200 queries.
Average Recall: 0.78035
Initial average recall with ef=100: 0.782097
Average Recall: 0.8516
Initial average recall with ef=150: 0.853333
Weighted average ef: 368.145
Training convergence-bucket 7 [56.3866, 61.4924) with 200 queries.
Average Recall: 0.8298
Initial average recall with ef=100: 0.83235
Average Recall: 0.89575
Initial average recall with ef=150: 0.897978
Recall diff is too small for 1 consecutive steps, break.
Weighted average ef: 255.15
Training convergence-bucket 8 [61.4924, 68.9973) with 200 queries.
Average Recall: 0.88015
Initial average recall with ef=100: 0.87904
Average Recall: 0.929
Initial average recall with ef=150: 0.928701
Weighted average ef: 203.515
Training convergence-bucket 9 [68.9973, inf) with 200 queries.
Average Recall: 0.948701
Initial average recall with ef=100: 0.95142
Average Recall: 0.9714
Initial average recall with ef=150: 0.973807
Weighted average ef: 121.15
Reconstructed True WAE: 525.336 (Hard Pct: 0.01025)
****Weighted average ef: 525
Search time: 4363 ms
Search time: 4351 ms
Search time: 4354 ms
Average Recall: 0.97023
5th percentile recall: 0.91
1st percentile recall: 0.87
Median search time: 4354 ms
Search times: 4351 ms, 4354 ms, 4363 ms, 
gist-960-euclidean experiment results:
statisc_length, time, avg_recall, 5th_percentile_recall, 1st_percentile_recall, recall_above_99, recall_above_95, recall_above_90
1025, 4354, 0.97023, 0.91, 0.87, 408, 745, 964
Experiment finished


Dataset: tiny5m-384-euclidean
Metric: l2
Data vectors dimensions: 5000000 x 384
Query vectors dimensions: 1000 x 384
Neighbors dimensions: 1000 x 100
Index loaded
Dimension of space:384
Data size of space:1536

--- Alpha: 0.25 ---

Loading samplings from /home/ryawszn/experiments/shiro-ef/sampling/tiny5m-384-euclidean-samplings--k100-ef.bin
Samplings loaded from /home/ryawszn/experiments/shiro-ef/sampling/tiny5m-384-euclidean-samplings--k100-ef.bin
Average Recall: 0.63727
Initial average recall with ef=100: 0.636088
Average Recall: 0.709229
Initial average recall with ef=150: 0.70826
Weighted average ef: 1207.66
Training convergence-bucket 0 [23.3608, 42.8686) with 200 queries.
Average Recall: 0.3885
Initial average recall with ef=100: 0.384093
Average Recall: 0.4675
Initial average recall with ef=150: 0.463057
Recall diff is too small for 1 consecutive steps, break.
Weighted average ef: 2760.94
Training convergence-bucket 1 [42.8686, 49.1761) with 200 queries.
Average Recall: 0.4434
Initial average recall with ef=100: 0.440103
Average Recall: 0.53065
Initial average recall with ef=150: 0.527629
Recall diff is too small for 1 consecutive steps, break.
Recall diff is too small for 1 consecutive steps, break.
Recall diff is too small for 1 consecutive steps, break.
Recall diff is too small for 1 consecutive steps, break.
Weighted average ef: 2147.43
Training convergence-bucket 2 [49.1761, 53.6789) with 200 queries.
Average Recall: 0.50745
Initial average recall with ef=100: 0.502435
Average Recall: 0.59205
Initial average recall with ef=150: 0.587979
Recall diff is too small for 1 consecutive steps, break.
Recall diff is too small for 1 consecutive steps, break.
Recall diff is too small for 1 consecutive steps, break.
Weighted average ef: 1711.47
Training convergence-bucket 3 [53.6789, 57.7565) with 200 queries.
Average Recall: 0.5198
Initial average recall with ef=100: 0.510105
Average Recall: 0.6077
Initial average recall with ef=150: 0.599684
Weighted average ef: 1691.64
Training convergence-bucket 4 [57.7565, 62.4261) with 200 queries.
Average Recall: 0.6092
Initial average recall with ef=100: 0.606786
Average Recall: 0.6897
Initial average recall with ef=150: 0.687755
Weighted average ef: 1153.3
Training convergence-bucket 5 [62.4261, 66.615) with 200 queries.
Average Recall: 0.65605
Initial average recall with ef=100: 0.657927
Average Recall: 0.73135
Initial average recall with ef=150: 0.73342
Recall diff is too small for 1 consecutive steps, break.
Weighted average ef: 886.405
Training convergence-bucket 6 [66.615, 70.7321) with 200 queries.
Average Recall: 0.71725
Initial average recall with ef=100: 0.710108
Average Recall: 0.788
Initial average recall with ef=150: 0.782473
Recall diff is too small for 1 consecutive steps, break.
Recall diff is too small for 1 consecutive steps, break.
Recall diff is too small for 1 consecutive steps, break.
Weighted average ef: 644.97
Training convergence-bucket 7 [70.7321, 75.7811) with 200 queries.
Average Recall: 0.7768
Initial average recall with ef=100: 0.770984
Average Recall: 0.845
Initial average recall with ef=150: 0.840874
Recall diff is too small for 1 consecutive steps, break.
Weighted average ef: 500.925
Training convergence-bucket 8 [75.7811, 80.6996) with 200 queries.
Average Recall: 0.83505
Initial average recall with ef=100: 0.834444
Average Recall: 0.8908
Initial average recall with ef=150: 0.89269
Weighted average ef: 268.185
Training convergence-bucket 9 [80.6996, inf) with 200 queries.
Average Recall: 0.9192
Initial average recall with ef=100: 0.937294
Average Recall: 0.94955
Initial average recall with ef=150: 0.965471
Weighted average ef: 122.97
Reconstructed True WAE: 1073.03 (Hard Pct: 0.00815)
****Weighted average ef: 1073
Search time: 5145 ms
Search time: 5984 ms
Search time: 5972 ms
Average Recall: 0.97222
5th percentile recall: 0.91
1st percentile recall: 0.87
Median search time: 5972 ms
Search times: 5145 ms, 5972 ms, 5984 ms, 
tiny5m-384-euclidean experiment results:
statisc_length, time, avg_recall, 5th_percentile_recall, 1st_percentile_recall, recall_above_99, recall_above_95, recall_above_90
1025, 5972, 0.97222, 0.91, 0.87, 495, 770, 953
Experiment finished

--- Alpha: 0.5 ---

Loading samplings from /home/ryawszn/experiments/shiro-ef/sampling/tiny5m-384-euclidean-samplings--k100-ef.bin
Samplings loaded from /home/ryawszn/experiments/shiro-ef/sampling/tiny5m-384-euclidean-samplings--k100-ef.bin
Average Recall: 0.63727
Initial average recall with ef=100: 0.636088
Average Recall: 0.709229
Initial average recall with ef=150: 0.70826
Weighted average ef: 1207.66
Training convergence-bucket 0 [24.4106, 37.7392) with 200 queries.
Average Recall: 0.39385
Initial average recall with ef=100: 0.3875
Average Recall: 0.46885
Initial average recall with ef=150: 0.462865
Recall diff is too small for 1 consecutive steps, break.
Recall diff is too small for 1 consecutive steps, break.
Weighted average ef: 2780.74
Training convergence-bucket 1 [37.7392, 42.3542) with 200 queries.
Average Recall: 0.4372
Initial average recall with ef=100: 0.433834
Average Recall: 0.52855
Initial average recall with ef=150: 0.525699
Recall diff is too small for 1 consecutive steps, break.
Weighted average ef: 2069.44
Training convergence-bucket 2 [42.3542, 45.9566) with 200 queries.
Average Recall: 0.48585
Initial average recall with ef=100: 0.487487
Average Recall: 0.5704
Initial average recall with ef=150: 0.572513
Recall diff is too small for 1 consecutive steps, break.
Recall diff is too small for 1 consecutive steps, break.
Recall diff is too small for 1 consecutive steps, break.
Weighted average ef: 1857.2
Training convergence-bucket 3 [45.9566, 49.0114) with 200 queries.
Average Recall: 0.5265
Initial average recall with ef=100: 0.525389
Average Recall: 0.612
Initial average recall with ef=150: 0.611762
Weighted average ef: 1535.72
Training convergence-bucket 4 [49.0114, 52.2824) with 200 queries.
Average Recall: 0.60045
Initial average recall with ef=100: 0.592473
Average Recall: 0.68365
Initial average recall with ef=150: 0.676344
Recall diff is too small for 1 consecutive steps, break.
Recall diff is too small for 1 consecutive steps, break.
Recall diff is too small for 1 consecutive steps, break.
Weighted average ef: 1124.8
Training convergence-bucket 5 [52.2824, 55.9473) with 200 queries.
Average Recall: 0.6412
Initial average recall with ef=100: 0.638947
Average Recall: 0.7196
Initial average recall with ef=150: 0.718053
Recall diff is too small for 1 consecutive steps, break.
Recall diff is too small for 1 consecutive steps, break.
Weighted average ef: 981.385
Training convergence-bucket 6 [55.9473, 60.8972) with 200 queries.
Average Recall: 0.72445
Initial average recall with ef=100: 0.723385
Average Recall: 0.79595
Initial average recall with ef=150: 0.795156
Recall diff is too small for 1 consecutive steps, break.
Recall diff is too small for 1 consecutive steps, break.
Recall diff is too small for 1 consecutive steps, break.
Weighted average ef: 597.26
Training convergence-bucket 7 [60.8972, 66.5637) with 200 queries.
Average Recall: 0.77465
Initial average recall with ef=100: 0.777166
Average Recall: 0.84515
Initial average recall with ef=150: 0.848984
Recall diff is too small for 1 consecutive steps, break.
Recall diff is too small for 1 consecutive steps, break.
Weighted average ef: 386.67
Training convergence-bucket 8 [66.5637, 74.078) with 200 queries.
Average Recall: 0.8583
Initial average recall with ef=100: 0.858258
Average Recall: 0.9121
Initial average recall with ef=150: 0.912528
Weighted average ef: 254.865
Training convergence-bucket 9 [74.078, inf) with 200 queries.
Average Recall: 0.93025
Initial average recall with ef=100: 0.946047
Average Recall: 0.95605
Initial average recall with ef=150: 0.970174
Weighted average ef: 117.825
Reconstructed True WAE: 1055.2 (Hard Pct: 0.00815)
****Weighted average ef: 1055
Search time: 5867 ms
Search time: 4973 ms
Search time: 5826 ms
Average Recall: 0.97113
5th percentile recall: 0.9
1st percentile recall: 0.86
Median search time: 5826 ms
Search times: 4973 ms, 5826 ms, 5867 ms, 
tiny5m-384-euclidean experiment results:
statisc_length, time, avg_recall, 5th_percentile_recall, 1st_percentile_recall, recall_above_99, recall_above_95, recall_above_90
1025, 5826, 0.97113, 0.9, 0.86, 491, 767, 941
Experiment finished

--- Alpha: 0.75 ---

Loading samplings from /home/ryawszn/experiments/shiro-ef/sampling/tiny5m-384-euclidean-samplings--k100-ef.bin
Samplings loaded from /home/ryawszn/experiments/shiro-ef/sampling/tiny5m-384-euclidean-samplings--k100-ef.bin
Average Recall: 0.63727
Initial average recall with ef=100: 0.636088
Average Recall: 0.709229
Initial average recall with ef=150: 0.70826
Weighted average ef: 1207.66
Training convergence-bucket 0 [22.8104, 33.0068) with 200 queries.
Average Recall: 0.39405
Initial average recall with ef=100: 0.391174
Average Recall: 0.46775
Initial average recall with ef=150: 0.46551
Weighted average ef: 2814.44
Training convergence-bucket 1 [33.0068, 36.7077) with 200 queries.
Average Recall: 0.43545
Initial average recall with ef=100: 0.433545
Average Recall: 0.5253
Initial average recall with ef=150: 0.52291
Recall diff is too small for 1 consecutive steps, break.
Weighted average ef: 2097.64
Training convergence-bucket 2 [36.7077, 39.9209) with 200 queries.
Average Recall: 0.48555
Initial average recall with ef=100: 0.483874
Average Recall: 0.5716
Initial average recall with ef=150: 0.570785
Recall diff is too small for 1 consecutive steps, break.
Weighted average ef: 1824.17
Training convergence-bucket 3 [39.9209, 42.6998) with 200 queries.
Average Recall: 0.5256
Initial average recall with ef=100: 0.527005
Average Recall: 0.60835
Initial average recall with ef=150: 0.61
Weighted average ef: 1526.72
Training convergence-bucket 4 [42.6998, 45.6045) with 200 queries.
Average Recall: 0.5881
Initial average recall with ef=100: 0.584093
Average Recall: 0.6726
Initial average recall with ef=150: 0.669482
Recall diff is too small for 1 consecutive steps, break.
Recall diff is too small for 1 consecutive steps, break.
Recall diff is too small for 1 consecutive steps, break.
Weighted average ef: 1230.76
Training convergence-bucket 5 [45.6045, 49.2559) with 200 queries.
Average Recall: 0.6464
Initial average recall with ef=100: 0.649081
Average Recall: 0.72885
Initial average recall with ef=150: 0.732108
Recall diff is too small for 1 consecutive steps, break.
Weighted average ef: 883.985
Training convergence-bucket 6 [49.2559, 54.0595) with 200 queries.
Average Recall: 0.72625
Initial average recall with ef=100: 0.731347
Average Recall: 0.7996
Initial average recall with ef=150: 0.804611
Weighted average ef: 590.15
Training convergence-bucket 7 [54.0595, 60.3929) with 200 queries.
Average Recall: 0.77755
Initial average recall with ef=100: 0.782312
Average Recall: 0.8459
Initial average recall with ef=150: 0.851667
Recall diff is too small for 1 consecutive steps, break.
Weighted average ef: 404.93
Training convergence-bucket 8 [60.3929, 69.0507) with 200 queries.
Average Recall: 0.863
Initial average recall with ef=100: 0.866818
Average Recall: 0.9164
Initial average recall with ef=150: 0.920455
Weighted average ef: 216.04
Training convergence-bucket 9 [69.0507, inf) with 200 queries.
Average Recall: 0.93075
Initial average recall with ef=100: 0.950355
Average Recall: 0.95595
Initial average recall with ef=150: 0.972959
Weighted average ef: 111.15
Reconstructed True WAE: 1063.83 (Hard Pct: 0.00815)
****Weighted average ef: 1063
Search time: 5924 ms
Search time: 5044 ms
Search time: 5879 ms
Average Recall: 0.97158
5th percentile recall: 0.9
1st percentile recall: 0.85
Median search time: 5879 ms
Search times: 5044 ms, 5879 ms, 5924 ms, 
tiny5m-384-euclidean experiment results:
statisc_length, time, avg_recall, 5th_percentile_recall, 1st_percentile_recall, recall_above_99, recall_above_95, recall_above_90
1025, 5879, 0.97158, 0.9, 0.85, 497, 766, 944
Experiment finished
Starting ablation study tests: n_convergence_buckets...




Dataset: deep-image-96-angular
Metric: cd
Normalize the data vectors
Data vectors dimensions: 9990000 x 96
Query vectors dimensions: 10000 x 96
Neighbors dimensions: 10000 x 100
Using AVX512 Inner Product distance
Index loaded
Dimension of space:96
Data size of space:384

--- n_convergence_buckets: 0 ---

Loading samplings from /home/ryawszn/experiments/shiro-ef/sampling/deep-image-96-angular-samplings--k100-ef.bin
Samplings loaded from /home/ryawszn/experiments/shiro-ef/sampling/deep-image-96-angular-samplings--k100-ef.bin
Average Recall: 0.838966
Initial average recall with ef=100: -2.74287e+28
Average Recall: 0.886667
Initial average recall with ef=150: -2.78686e+28
Recall diff is too small for 1 consecutive steps, break.
Recall diff is too small for 1 consecutive steps, break.
Recall diff is too small for 1 consecutive steps, break.
Recall diff is too small for 1 consecutive steps, break.
Recall diff is too small for 1 consecutive steps, break.
Recall diff is too small for 1 consecutive steps, break.
Recall diff is too small for 1 consecutive steps, break.
Recall diff is too small for 1 consecutive steps, break.
Recall diff is too small for 1 consecutive steps, break.
Recall diff is too small for 1 consecutive steps, break.
Recall diff is too small for 1 consecutive steps, break.
Recall diff is too small for 1 consecutive steps, break.
Recall diff is too small for 1 consecutive steps, break.
Weighted average ef: 358.979
Training absolute cv-matrix bin 38 with 5 queries.
Average Recall: 0.562
Initial average recall with ef=100: -nan
Average Recall: 0.632
Initial average recall with ef=150: -nan
Weighted average ef: 0
Training absolute cv-matrix bin 39 with 6 queries.
Average Recall: 0.588333
Initial average recall with ef=100: -nan
Average Recall: 0.688333
Initial average recall with ef=150: -nan
Weighted average ef: 0
Training absolute cv-matrix bin 40 with 10 queries.
Average Recall: 0.624
Initial average recall with ef=100: 0.618333
Average Recall: 0.694
Initial average recall with ef=150: 0.681667
Weighted average ef: 415.8
Training absolute cv-matrix bin 41 with 10 queries.
Average Recall: 0.608
Initial average recall with ef=100: 0.54
Average Recall: 0.674
Initial average recall with ef=150: 0.633333
Weighted average ef: 509.7
Training absolute cv-matrix bin 42 with 16 queries.
Average Recall: 0.60875
Initial average recall with ef=100: 0.614444
Average Recall: 0.695
Initial average recall with ef=150: 0.705555
Recall diff is too small for 1 consecutive steps, break.
Weighted average ef: 506.438
Training absolute cv-matrix bin 43 with 24 queries.
Average Recall: 0.558333
Initial average recall with ef=100: 0.582857
Average Recall: 0.6425
Initial average recall with ef=150: 0.671429
Recall diff is too small for 1 consecutive steps, break.
Weighted average ef: 255.917
Training absolute cv-matrix bin 44 with 16 queries.
Average Recall: 0.645
Initial average recall with ef=100: 0.664286
Average Recall: 0.7275
Initial average recall with ef=150: 0.748571
Recall diff is too small for 1 consecutive steps, break.
Weighted average ef: 251.562
Training absolute cv-matrix bin 45 with 21 queries.
Average Recall: 0.659048
Initial average recall with ef=100: 0.615
Average Recall: 0.731905
Initial average recall with ef=150: 0.702
Weighted average ef: 459.714
Training absolute cv-matrix bin 46 with 25 queries.
Average Recall: 0.6176
Initial average recall with ef=100: 0.621875
Average Recall: 0.7036
Initial average recall with ef=150: 0.69875
Recall diff is too small for 1 consecutive steps, break.
Weighted average ef: 552.8
Training absolute cv-matrix bin 47 with 30 queries.
Average Recall: 0.619655
Initial average recall with ef=100: 0.610556
Average Recall: 0.694138
Initial average recall with ef=150: 0.686667
Weighted average ef: 514.867
Training absolute cv-matrix bin 48 with 40 queries.
Average Recall: 0.6235
Initial average recall with ef=100: 0.65875
Average Recall: 0.70375
Initial average recall with ef=150: 0.733437
Weighted average ef: 636.7
Training absolute cv-matrix bin 49 with 33 queries.
Average Recall: 0.639697
Initial average recall with ef=100: 0.628667
Average Recall: 0.722727
Initial average recall with ef=150: 0.697333
Weighted average ef: 356.061
Training absolute cv-matrix bin 50 with 34 queries.
Average Recall: 0.655882
Initial average recall with ef=100: 0.653478
Average Recall: 0.731471
Initial average recall with ef=150: 0.725217
Weighted average ef: 614.647
Training absolute cv-matrix bin 51 with 57 queries.
Average Recall: 0.659825
Initial average recall with ef=100: 0.64383
Average Recall: 0.741754
Initial average recall with ef=150: 0.725106
Weighted average ef: 652.035
Training absolute cv-matrix bin 52 with 67 queries.
Average Recall: 0.667761
Initial average recall with ef=100: 0.664259
Average Recall: 0.742985
Initial average recall with ef=150: 0.742778
Weighted average ef: 669.045
Training absolute cv-matrix bin 53 with 47 queries.
Average Recall: 0.655106
Initial average recall with ef=100: 0.654186
Average Recall: 0.742766
Initial average recall with ef=150: 0.742093
Weighted average ef: 691.851
Training absolute cv-matrix bin 54 with 19 queries.
Average Recall: 0.733684
Initial average recall with ef=100: 0.725
Average Recall: 0.788947
Initial average recall with ef=150: 0.783333
Weighted average ef: 218.053
Training absolute cv-matrix bin 55 with 20 queries.
Average Recall: 0.712
Initial average recall with ef=100: -nan
Average Recall: 0.7855
Initial average recall with ef=150: -nan
Weighted average ef: 0
Training absolute cv-matrix bin 56 with 27 queries.
Average Recall: 0.750741
Initial average recall with ef=100: 0.766364
Average Recall: 0.818148
Initial average recall with ef=150: 0.838182
Weighted average ef: 169.778
Training absolute cv-matrix bin 57 with 25 queries.
Average Recall: 0.7908
Initial average recall with ef=100: 0.775
Average Recall: 0.8512
Initial average recall with ef=150: 0.86
Weighted average ef: 62.88
Training absolute cv-matrix bin 58 with 27 queries.
Average Recall: 0.787037
Initial average recall with ef=100: 0.832222
Average Recall: 0.852592
Initial average recall with ef=150: 0.894444
Weighted average ef: 83.6667
Training absolute cv-matrix bin 59 with 28 queries.
Average Recall: 0.808928
Initial average recall with ef=100: 0.855714
Average Recall: 0.867143
Initial average recall with ef=150: 0.915714
Weighted average ef: 59.2143
Training absolute cv-matrix bin 60 with 41 queries.
Average Recall: 0.824146
Initial average recall with ef=100: 0.825556
Average Recall: 0.88561
Initial average recall with ef=150: 0.891667
Weighted average ef: 116.561
Training absolute cv-matrix bin 61 with 57 queries.
Average Recall: 0.80193
Initial average recall with ef=100: 0.805641
Average Recall: 0.86421
Initial average recall with ef=150: 0.872051
Weighted average ef: 238.105
Training absolute cv-matrix bin 62 with 46 queries.
Average Recall: 0.803044
Initial average recall with ef=100: 0.781482
Average Recall: 0.872609
Initial average recall with ef=150: 0.852593
Weighted average ef: 272.609
Training absolute cv-matrix bin 63 with 46 queries.
Average Recall: 0.840652
Initial average recall with ef=100: 0.856071
Average Recall: 0.896739
Initial average recall with ef=150: 0.911071
Weighted average ef: 161.196
Training absolute cv-matrix bin 64 with 59 queries.
Average Recall: 0.827118
Initial average recall with ef=100: 0.844651
Average Recall: 0.892373
Initial average recall with ef=150: 0.910698
Weighted average ef: 202.458
Training absolute cv-matrix bin 65 with 55 queries.
Average Recall: 0.860926
Initial average recall with ef=100: 0.861333
Average Recall: 0.911667
Initial average recall with ef=150: 0.913
Weighted average ef: 165.055
Training absolute cv-matrix bin 66 with 55 queries.
Average Recall: 0.851273
Initial average recall with ef=100: 0.867879
Average Recall: 0.910545
Initial average recall with ef=150: 0.92303
Weighted average ef: 139.236
Training absolute cv-matrix bin 67 with 57 queries.
Average Recall: 0.899123
Initial average recall with ef=100: 0.887838
Average Recall: 0.939298
Initial average recall with ef=150: 0.932162
Weighted average ef: 135.386
Training absolute cv-matrix bin 68 with 59 queries.
Average Recall: 0.871017
Initial average recall with ef=100: 0.869375
Average Recall: 0.920169
Initial average recall with ef=150: 0.920313
Weighted average ef: 127.356
Training absolute cv-matrix bin 69 with 52 queries.
Average Recall: 0.880385
Initial average recall with ef=100: 0.892333
Average Recall: 0.928269
Initial average recall with ef=150: 0.935333
Weighted average ef: 113.808
Training absolute cv-matrix bin 70 with 62 queries.
Average Recall: 0.895806
Initial average recall with ef=100: 0.911429
Average Recall: 0.937581
Initial average recall with ef=150: 0.954524
Weighted average ef: 119.065
Training absolute cv-matrix bin 71 with 64 queries.
Average Recall: 0.913125
Initial average recall with ef=100: 0.907949
Average Recall: 0.950781
Initial average recall with ef=150: 0.948205
Weighted average ef: 105.688
Training absolute cv-matrix bin 72 with 54 queries.
Average Recall: 0.91463
Initial average recall with ef=100: 0.907714
Average Recall: 0.950741
Initial average recall with ef=150: 0.946
Weighted average ef: 118.519
Training absolute cv-matrix bin 73 with 66 queries.
Average Recall: 0.927424
Initial average recall with ef=100: 0.940526
Average Recall: 0.961061
Initial average recall with ef=150: 0.972632
Weighted average ef: 78.6364
Training absolute cv-matrix bin 74 with 57 queries.
Average Recall: 0.924912
Initial average recall with ef=100: 0.914
Average Recall: 0.959123
Initial average recall with ef=150: 0.949667
Weighted average ef: 90.8772
Training absolute cv-matrix bin 75 with 65 queries.
Average Recall: 0.935538
Initial average recall with ef=100: 0.932121
Average Recall: 0.967385
Initial average recall with ef=150: 0.966667
Weighted average ef: 73.3231
Training absolute cv-matrix bin 76 with 60 queries.
Average Recall: 0.952833
Initial average recall with ef=100: 0.958421
Average Recall: 0.976667
Initial average recall with ef=150: 0.982368
Weighted average ef: 72.2833
Training absolute cv-matrix bin 77 with 58 queries.
Average Recall: 0.95931
Initial average recall with ef=100: 0.97
Average Recall: 0.980862
Initial average recall with ef=150: 0.987188
Weighted average ef: 57.7586
Training absolute cv-matrix bin 78 with 46 queries.
Average Recall: 0.967174
Initial average recall with ef=100: 0.972609
Average Recall: 0.982826
Initial average recall with ef=150: 0.98913
Weighted average ef: 53.2609
Training absolute cv-matrix bin 79 with 54 queries.
Average Recall: 0.968333
Initial average recall with ef=100: 0.977647
Average Recall: 0.985741
Initial average recall with ef=150: 0.990294
Weighted average ef: 62.963
Training absolute cv-matrix bin 80 with 42 queries.
Average Recall: 0.969048
Initial average recall with ef=100: 0.986
Average Recall: 0.984048
Initial average recall with ef=150: 0.9955
Weighted average ef: 47.619
Training absolute cv-matrix bin 81 with 44 queries.
Average Recall: 0.973409
Initial average recall with ef=100: 0.9808
Average Recall: 0.988409
Initial average recall with ef=150: 0.9928
Weighted average ef: 60.2273
Training absolute cv-matrix bin 82 with 44 queries.
Average Recall: 0.976364
Initial average recall with ef=100: 0.986786
Average Recall: 0.991364
Initial average recall with ef=150: 0.9975
Weighted average ef: 63.6364
Training absolute cv-matrix bin 83 with 46 queries.
Average Recall: 0.983913
Initial average recall with ef=100: 0.99125
Average Recall: 0.993044
Initial average recall with ef=150: 0.9975
Weighted average ef: 69.5652
Training absolute cv-matrix bin 84 with 34 queries.
Average Recall: 0.987941
Initial average recall with ef=100: 0.994783
Average Recall: 0.993529
Initial average recall with ef=150: 0.998261
Weighted average ef: 67.6471
Training absolute cv-matrix bin 85 with 18 queries.
Average Recall: 0.976667
Initial average recall with ef=100: 0.994286
Average Recall: 0.988889
Initial average recall with ef=150: 0.998571
Weighted average ef: 77.7778
Training absolute cv-matrix bin 86 with 18 queries.
Average Recall: 0.992222
Initial average recall with ef=100: 0.99625
Average Recall: 0.997222
Initial average recall with ef=150: 0.99875
Weighted average ef: 88.8889
Training absolute cv-matrix bin 87 with 17 queries.
Average Recall: 0.995294
Initial average recall with ef=100: 0.995294
Average Recall: 0.999412
Initial average recall with ef=150: 0.999412
Weighted average ef: 100
Training absolute cv-matrix bin 88 with 9 queries.
Average Recall: 0.974444
Initial average recall with ef=100: 0.998571
Average Recall: 0.982222
Initial average recall with ef=150: 1
Weighted average ef: 77.7778
Training absolute cv-matrix bin 89 with 9 queries.
Average Recall: 0.998889
Initial average recall with ef=100: 0.998889
Average Recall: 1
Initial average recall with ef=150: 1
Weighted average ef: 100
Training absolute cv-matrix bin 90 with 3 queries.
Average Recall: 0.996667
Initial average recall with ef=100: 0.996667
Average Recall: 1
Initial average recall with ef=150: 1
Weighted average ef: 100
Reconstructed True WAE: 100 (Hard Pct: 0.0211)
Search time: 4017 ms
Search time: 3726 ms
Search time: 2806 ms
Average Recall: 0.858448
5th percentile recall: 0.61
1st percentile recall: 0.46
Median search time: 3726 ms
Search times: 2806 ms, 3726 ms, 4017 ms, 
deep-image-96-angular experiment results:
statisc_length, time, avg_recall, 5th_percentile_recall, 1st_percentile_recall, recall_above_99, recall_above_95, recall_above_90
1025, 3726, 0.858448, 0.61, 0.46, 1339, 2748, 4547
Experiment finished

--- n_convergence_buckets: 5 ---

Loading samplings from /home/ryawszn/experiments/shiro-ef/sampling/deep-image-96-angular-samplings--k100-ef.bin
Samplings loaded from /home/ryawszn/experiments/shiro-ef/sampling/deep-image-96-angular-samplings--k100-ef.bin
Average Recall: 0.838966
Initial average recall with ef=100: 0.838874
Average Recall: 0.886667
Initial average recall with ef=150: 0.886444
Recall diff is too small for 1 consecutive steps, break.
Recall diff is too small for 1 consecutive steps, break.
Recall diff is too small for 1 consecutive steps, break.
Recall diff is too small for 1 consecutive steps, break.
Recall diff is too small for 1 consecutive steps, break.
Recall diff is too small for 1 consecutive steps, break.
Recall diff is too small for 1 consecutive steps, break.
Recall diff is too small for 1 consecutive steps, break.
Recall diff is too small for 1 consecutive steps, break.
Recall diff is too small for 1 consecutive steps, break.
Recall diff is too small for 1 consecutive steps, break.
Recall diff is too small for 1 consecutive steps, break.
Recall diff is too small for 1 consecutive steps, break.
Weighted average ef: 359.216
Training convergence-bucket 0 [15.9769, 52.9019) with 400 queries.
Average Recall: 0.636942
Initial average recall with ef=100: 0.633021
Average Recall: 0.71599
Initial average recall with ef=150: 0.7123
Recall diff is too small for 1 consecutive steps, break.
Recall diff is too small for 1 consecutive steps, break.
Weighted average ef: 856.198
Training convergence-bucket 1 [52.9019, 64.134) with 400 queries.
Average Recall: 0.77635
Initial average recall with ef=100: 0.774793
Average Recall: 0.842275
Initial average recall with ef=150: 0.841451
Weighted average ef: 454.773
Training convergence-bucket 2 [64.134, 71.1849) with 400 queries.
Average Recall: 0.87168
Initial average recall with ef=100: 0.869605
Average Recall: 0.921404
Initial average recall with ef=150: 0.919237
Recall diff is too small for 1 consecutive steps, break.
Recall diff is too small for 1 consecutive steps, break.
Recall diff is too small for 1 consecutive steps, break.
Weighted average ef: 246.9
Training convergence-bucket 3 [71.1849, 77.7543) with 400 queries.
Average Recall: 0.932875
Initial average recall with ef=100: 0.934731
Average Recall: 0.96425
Initial average recall with ef=150: 0.965627
Weighted average ef: 141.125
Training convergence-bucket 4 [77.7543, inf) with 400 queries.
Average Recall: 0.976575
Initial average recall with ef=100: 0.976709
Average Recall: 0.9891
Initial average recall with ef=150: 0.989246
Weighted average ef: 107.79
Reconstructed True WAE: 245.109 (Hard Pct: 0.0211)
Search time: 9219 ms
Search time: 8352 ms
Search time: 9239 ms
Average Recall: 0.980538
5th percentile recall: 0.93
1st percentile recall: 0.89
Median search time: 9219 ms
Search times: 8352 ms, 9219 ms, 9239 ms, 
deep-image-96-angular experiment results:
statisc_length, time, avg_recall, 5th_percentile_recall, 1st_percentile_recall, recall_above_99, recall_above_95, recall_above_90
1025, 9219, 0.980538, 0.93, 0.89, 5553, 8716, 9844
Experiment finished

--- n_convergence_buckets: 10 ---

Loading samplings from /home/ryawszn/experiments/shiro-ef/sampling/deep-image-96-angular-samplings--k100-ef.bin
Samplings loaded from /home/ryawszn/experiments/shiro-ef/sampling/deep-image-96-angular-samplings--k100-ef.bin
Average Recall: 0.838966
Initial average recall with ef=100: 0.838865
Average Recall: 0.886667
Initial average recall with ef=150: 0.886606
Recall diff is too small for 1 consecutive steps, break.
Recall diff is too small for 1 consecutive steps, break.
Recall diff is too small for 1 consecutive steps, break.
Recall diff is too small for 1 consecutive steps, break.
Recall diff is too small for 1 consecutive steps, break.
Recall diff is too small for 1 consecutive steps, break.
Recall diff is too small for 1 consecutive steps, break.
Recall diff is too small for 1 consecutive steps, break.
Recall diff is too small for 1 consecutive steps, break.
Recall diff is too small for 1 consecutive steps, break.
Recall diff is too small for 1 consecutive steps, break.
Recall diff is too small for 1 consecutive steps, break.
Recall diff is too small for 1 consecutive steps, break.
Weighted average ef: 358.932
Training convergence-bucket 0 [15.9769, 48.7988) with 200 queries.
Average Recall: 0.620804
Initial average recall with ef=100: 0.61367
Average Recall: 0.699749
Initial average recall with ef=150: 0.69367
Recall diff is too small for 1 consecutive steps, break.
Weighted average ef: 923.35
Training convergence-bucket 1 [48.7988, 52.9019) with 200 queries.
Average Recall: 0.653
Initial average recall with ef=100: 0.643829
Average Recall: 0.73215
Initial average recall with ef=150: 0.723143
Weighted average ef: 737.755
Training convergence-bucket 2 [52.9019, 60.0296) with 200 queries.
Average Recall: 0.7367
Initial average recall with ef=100: 0.734021
Average Recall: 0.8058
Initial average recall with ef=150: 0.803598
Weighted average ef: 531.905
Training convergence-bucket 3 [60.0296, 64.134) with 200 queries.
Average Recall: 0.816
Initial average recall with ef=100: 0.814712
Average Recall: 0.87875
Initial average recall with ef=150: 0.877853
Weighted average ef: 337.12
Training convergence-bucket 4 [64.134, 67.6072) with 200 queries.
Average Recall: 0.858141
Initial average recall with ef=100: 0.855591
Average Recall: 0.912864
Initial average recall with ef=150: 0.910215
Recall diff is too small for 1 consecutive steps, break.
Weighted average ef: 256.965
Training convergence-bucket 5 [67.6072, 71.1849) with 200 queries.
Average Recall: 0.88515
Initial average recall with ef=100: 0.88766
Average Recall: 0.9299
Initial average recall with ef=150: 0.933032
Weighted average ef: 202.975
Training convergence-bucket 6 [71.1849, 74.4271) with 200 queries.
Average Recall: 0.92065
Initial average recall with ef=100: 0.922473
Average Recall: 0.9561
Initial average recall with ef=150: 0.957581
Weighted average ef: 152.75
Training convergence-bucket 7 [74.4271, 77.7543) with 200 queries.
Average Recall: 0.9451
Initial average recall with ef=100: 0.948192
Average Recall: 0.9724
Initial average recall with ef=150: 0.974787
Weighted average ef: 121.8
Training convergence-bucket 8 [77.7543, 82.04) with 200 queries.
Average Recall: 0.9686
Initial average recall with ef=100: 0.968769
Average Recall: 0.9849
Initial average recall with ef=150: 0.985128
Weighted average ef: 109.25
Training convergence-bucket 9 [82.04, inf) with 200 queries.
Average Recall: 0.98455
Initial average recall with ef=100: 0.989126
Average Recall: 0.9933
Initial average recall with ef=150: 0.99612
Weighted average ef: 93.25
Reconstructed True WAE: 243.132 (Hard Pct: 0.0211)
Search time: 8479 ms
Search time: 9242 ms
Search time: 9315 ms
Average Recall: 0.980951
5th percentile recall: 0.93
1st percentile recall: 0.89
Median search time: 9242 ms
Search times: 8479 ms, 9242 ms, 9315 ms, 
deep-image-96-angular experiment results:
statisc_length, time, avg_recall, 5th_percentile_recall, 1st_percentile_recall, recall_above_99, recall_above_95, recall_above_90
1025, 9242, 0.980951, 0.93, 0.89, 5675, 8760, 9846
Experiment finished

--- n_convergence_buckets: 15 ---

Loading samplings from /home/ryawszn/experiments/shiro-ef/sampling/deep-image-96-angular-samplings--k100-ef.bin
Samplings loaded from /home/ryawszn/experiments/shiro-ef/sampling/deep-image-96-angular-samplings--k100-ef.bin
Average Recall: 0.838966
Initial average recall with ef=100: 0.838874
Average Recall: 0.886667
Initial average recall with ef=150: 0.886606
Recall diff is too small for 1 consecutive steps, break.
Recall diff is too small for 1 consecutive steps, break.
Recall diff is too small for 1 consecutive steps, break.
Recall diff is too small for 1 consecutive steps, break.
Recall diff is too small for 1 consecutive steps, break.
Recall diff is too small for 1 consecutive steps, break.
Recall diff is too small for 1 consecutive steps, break.
Recall diff is too small for 1 consecutive steps, break.
Recall diff is too small for 1 consecutive steps, break.
Recall diff is too small for 1 consecutive steps, break.
Recall diff is too small for 1 consecutive steps, break.
Recall diff is too small for 1 consecutive steps, break.
Recall diff is too small for 1 consecutive steps, break.
Weighted average ef: 358.979
Training convergence-bucket 0 [15.9769, 46.5965) with 133 queries.
Average Recall: 0.617143
Initial average recall with ef=100: 0.613496
Average Recall: 0.696541
Initial average recall with ef=150: 0.69374
Recall diff is too small for 1 consecutive steps, break.
Weighted average ef: 947.797
Training convergence-bucket 1 [46.5965, 50.4206) with 133 queries.
Average Recall: 0.626288
Initial average recall with ef=100: 0.622253
Average Recall: 0.704545
Initial average recall with ef=150: 0.699259
Recall diff is too small for 1 consecutive steps, break.
Recall diff is too small for 1 consecutive steps, break.
Weighted average ef: 808.15
Training convergence-bucket 2 [50.4206, 52.887) with 133 queries.
Average Recall: 0.666391
Initial average recall with ef=100: 0.650862
Average Recall: 0.746166
Initial average recall with ef=150: 0.731638
Weighted average ef: 683.15
Training convergence-bucket 3 [52.887, 57.5485) with 133 queries.
Average Recall: 0.704135
Initial average recall with ef=100: 0.694958
Average Recall: 0.777293
Initial average recall with ef=150: 0.76916
Recall diff is too small for 1 consecutive steps, break.
Weighted average ef: 615.774
Training convergence-bucket 4 [57.5485, 61.4624) with 133 queries.
Average Recall: 0.805038
Initial average recall with ef=100: 0.815217
Average Recall: 0.86594
Initial average recall with ef=150: 0.876174
Weighted average ef: 281.481
Training convergence-bucket 5 [61.4624, 64.0918) with 133 queries.
Average Recall: 0.818271
Initial average recall with ef=100: 0.819355
Average Recall: 0.881955
Initial average recall with ef=150: 0.88379
Weighted average ef: 305.647
Training convergence-bucket 6 [64.0918, 66.4256) with 133 queries.
Average Recall: 0.848258
Initial average recall with ef=100: 0.844646
Average Recall: 0.906894
Initial average recall with ef=150: 0.904179
Weighted average ef: 266.075
Training convergence-bucket 7 [66.4256, 68.8595) with 133 queries.
Average Recall: 0.878271
Initial average recall with ef=100: 0.879483
Average Recall: 0.924135
Initial average recall with ef=150: 0.925173
Weighted average ef: 196.195
Training convergence-bucket 8 [68.8595, 71.1499) with 133 queries.
Average Recall: 0.88812
Initial average recall with ef=100: 0.895385
Average Recall: 0.933459
Initial average recall with ef=150: 0.942051
Weighted average ef: 168.722
Training convergence-bucket 9 [71.1499, 73.4504) with 133 queries.
Average Recall: 0.917444
Initial average recall with ef=100: 0.918333
Average Recall: 0.953383
Initial average recall with ef=150: 0.954649
Weighted average ef: 146.992
Training convergence-bucket 10 [73.4504, 75.5063) with 133 queries.
Average Recall: 0.92812
Initial average recall with ef=100: 0.928036
Average Recall: 0.962481
Initial average recall with ef=150: 0.961875
Weighted average ef: 129.06
Training convergence-bucket 11 [75.5063, 77.6922) with 133 queries.
Average Recall: 0.950602
Initial average recall with ef=100: 0.95713
Average Recall: 0.974962
Initial average recall with ef=150: 0.980174
Weighted average ef: 101.128
Training convergence-bucket 12 [77.6922, 80.5332) with 133 queries.
Average Recall: 0.966692
Initial average recall with ef=100: 0.966557
Average Recall: 0.983759
Initial average recall with ef=150: 0.983607
Weighted average ef: 102.045
Training convergence-bucket 13 [80.5332, 83.3406) with 133 queries.
Average Recall: 0.974962
Initial average recall with ef=100: 0.979573
Average Recall: 0.989323
Initial average recall with ef=150: 0.992906
Weighted average ef: 91.7293
Training convergence-bucket 14 [83.3406, inf) with 138 queries.
Average Recall: 0.987681
Initial average recall with ef=100: 0.99296
Average Recall: 0.993985
Initial average recall with ef=150: 0.9972
Weighted average ef: 90.5797
Reconstructed True WAE: 236.876 (Hard Pct: 0.0211)
Search time: 9377 ms
Search time: 9530 ms
Search time: 8602 ms
Average Recall: 0.981073
5th percentile recall: 0.93
1st percentile recall: 0.89
Median search time: 9377 ms
Search times: 8602 ms, 9377 ms, 9530 ms, 
deep-image-96-angular experiment results:
statisc_length, time, avg_recall, 5th_percentile_recall, 1st_percentile_recall, recall_above_99, recall_above_95, recall_above_90
1025, 9377, 0.981073, 0.93, 0.89, 5731, 8766, 9850
Experiment finished

--- n_convergence_buckets: 20 ---

Loading samplings from /home/ryawszn/experiments/shiro-ef/sampling/deep-image-96-angular-samplings--k100-ef.bin
Samplings loaded from /home/ryawszn/experiments/shiro-ef/sampling/deep-image-96-angular-samplings--k100-ef.bin
Average Recall: 0.838966
Initial average recall with ef=100: 0.838874
Average Recall: 0.886667
Initial average recall with ef=150: 0.886606
Recall diff is too small for 1 consecutive steps, break.
Recall diff is too small for 1 consecutive steps, break.
Recall diff is too small for 1 consecutive steps, break.
Recall diff is too small for 1 consecutive steps, break.
Recall diff is too small for 1 consecutive steps, break.
Recall diff is too small for 1 consecutive steps, break.
Recall diff is too small for 1 consecutive steps, break.
Recall diff is too small for 1 consecutive steps, break.
Recall diff is too small for 1 consecutive steps, break.
Recall diff is too small for 1 consecutive steps, break.
Recall diff is too small for 1 consecutive steps, break.
Recall diff is too small for 1 consecutive steps, break.
Recall diff is too small for 1 consecutive steps, break.
Weighted average ef: 358.979
Training convergence-bucket 0 [15.9769, 45.0787) with 100 queries.
Average Recall: 0.6062
Initial average recall with ef=100: 0.60573
Average Recall: 0.6854
Initial average recall with ef=150: 0.683933
Weighted average ef: 934.15
Training convergence-bucket 1 [45.0787, 48.7988) with 100 queries.
Average Recall: 0.635556
Initial average recall with ef=100: 0.615698
Average Recall: 0.714242
Initial average recall with ef=150: 0.69593
Recall diff is too small for 1 consecutive steps, break.
Recall diff is too small for 1 consecutive steps, break.
Weighted average ef: 761.28
Training convergence-bucket 2 [48.7988, 51.2679) with 100 queries.
Average Recall: 0.6368
Initial average recall with ef=100: 0.63253
Average Recall: 0.7164
Initial average recall with ef=150: 0.711325
Weighted average ef: 799.46
Training convergence-bucket 3 [51.2679, 52.9019) with 100 queries.
Average Recall: 0.6692
Initial average recall with ef=100: 0.656111
Average Recall: 0.7479
Initial average recall with ef=150: 0.736111
Recall diff is too small for 1 consecutive steps, break.
Recall diff is too small for 1 consecutive steps, break.
Weighted average ef: 664.04
Training convergence-bucket 4 [52.9019, 56.2452) with 100 queries.
Average Recall: 0.6812
Initial average recall with ef=100: 0.678043
Average Recall: 0.7578
Initial average recall with ef=150: 0.755
Weighted average ef: 666.8
Training convergence-bucket 5 [56.2452, 60.0296) with 100 queries.
Average Recall: 0.7922
Initial average recall with ef=100: 0.789438
Average Recall: 0.8538
Initial average recall with ef=150: 0.850899
Weighted average ef: 391.09
Training convergence-bucket 6 [60.0296, 62.0305) with 100 queries.
Average Recall: 0.8106
Initial average recall with ef=100: 0.818642
Average Recall: 0.8728
Initial average recall with ef=150: 0.880741
Weighted average ef: 255.73
Training convergence-bucket 7 [62.0305, 64.134) with 100 queries.
Average Recall: 0.8214
Initial average recall with ef=100: 0.827262
Average Recall: 0.8847
Initial average recall with ef=150: 0.890476
Weighted average ef: 264.61
Training convergence-bucket 8 [64.134, 65.9558) with 100 queries.
Average Recall: 0.846161
Initial average recall with ef=100: 0.8444
Average Recall: 0.903434
Initial average recall with ef=150: 0.906667
Weighted average ef: 193.93
Training convergence-bucket 9 [65.9558, 67.6072) with 100 queries.
Average Recall: 0.87
Initial average recall with ef=100: 0.876322
Average Recall: 0.9222
Initial average recall with ef=150: 0.926667
Weighted average ef: 194.04
Training convergence-bucket 10 [67.6072, 69.5279) with 100 queries.
Average Recall: 0.8763
Initial average recall with ef=100: 0.878052
Average Recall: 0.9228
Initial average recall with ef=150: 0.924026
Weighted average ef: 180.46
Training convergence-bucket 11 [69.5279, 71.1849) with 100 queries.
Average Recall: 0.894
Initial average recall with ef=100: 0.900723
Average Recall: 0.937
Initial average recall with ef=150: 0.94494
Weighted average ef: 150.26
Training convergence-bucket 12 [71.1849, 72.8497) with 100 queries.
Average Recall: 0.9164
Initial average recall with ef=100: 0.913494
Average Recall: 0.9533
Initial average recall with ef=150: 0.951446
Weighted average ef: 147.61
Training convergence-bucket 13 [72.8497, 74.4271) with 100 queries.
Average Recall: 0.9249
Initial average recall with ef=100: 0.927467
Average Recall: 0.9589
Initial average recall with ef=150: 0.960933
Weighted average ef: 121.83
Training convergence-bucket 14 [74.4271, 76.0701) with 100 queries.
Average Recall: 0.9355
Initial average recall with ef=100: 0.932338
Average Recall: 0.9666
Initial average recall with ef=150: 0.964805
Weighted average ef: 122.9
Training convergence-bucket 15 [76.0701, 77.7543) with 100 queries.
Average Recall: 0.9547
Initial average recall with ef=100: 0.961892
Average Recall: 0.9782
Initial average recall with ef=150: 0.983784
Weighted average ef: 77.5
Training convergence-bucket 16 [77.7543, 79.7074) with 100 queries.
Average Recall: 0.9656
Initial average recall with ef=100: 0.968023
Average Recall: 0.9831
Initial average recall with ef=150: 0.985
Weighted average ef: 92.72
Training convergence-bucket 17 [79.7074, 82.04) with 100 queries.
Average Recall: 0.9716
Initial average recall with ef=100: 0.980769
Average Recall: 0.9867
Initial average recall with ef=150: 0.993077
Weighted average ef: 78
Training convergence-bucket 18 [82.04, 84.2485) with 100 queries.
Average Recall: 0.9801
Initial average recall with ef=100: 0.983218
Average Recall: 0.9919
Initial average recall with ef=150: 0.993793
Weighted average ef: 88.5
Training convergence-bucket 19 [84.2485, inf) with 100 queries.
Average Recall: 0.989
Initial average recall with ef=100: 0.996706
Average Recall: 0.9947
Initial average recall with ef=150: 0.999294
Weighted average ef: 85
Reconstructed True WAE: 244.639 (Hard Pct: 0.0211)
Search time: 9895 ms
Search time: 9094 ms
Search time: 9826 ms
Average Recall: 0.982285
5th percentile recall: 0.94
1st percentile recall: 0.9
Median search time: 9826 ms
Search times: 9094 ms, 9826 ms, 9895 ms, 
deep-image-96-angular experiment results:
statisc_length, time, avg_recall, 5th_percentile_recall, 1st_percentile_recall, recall_above_99, recall_above_95, recall_above_90
1025, 9826, 0.982285, 0.94, 0.9, 6033, 8875, 9859
Experiment finished


Dataset: glove-100-angular
Metric: cd
Normalize the data vectors
Data vectors dimensions: 1183514 x 100
Query vectors dimensions: 10000 x 100
Neighbors dimensions: 10000 x 100
Using AVX512 Inner Product distance
Index loaded
Dimension of space:100
Data size of space:400

--- n_convergence_buckets: 0 ---

Loading samplings from /home/ryawszn/experiments/shiro-ef/sampling/glove-100-angular-samplings--k100-ef.bin
Samplings loaded from /home/ryawszn/experiments/shiro-ef/sampling/glove-100-angular-samplings--k100-ef.bin
Average Recall: 0.727104
Initial average recall with ef=100: 0.727344
Average Recall: 0.770668
Initial average recall with ef=150: 0.77093
Recall diff is too small for 1 consecutive steps, break.
Weighted average ef: 1690.15
Training absolute cv-matrix bin 22 with 5 queries.
Average Recall: 0.606
Initial average recall with ef=100: -nan
Average Recall: 0.662
Initial average recall with ef=150: -nan
Weighted average ef: 0
Training absolute cv-matrix bin 23 with 3 queries.
Average Recall: 0.683333
Initial average recall with ef=100: -nan
Average Recall: 0.726667
Initial average recall with ef=150: -nan
Weighted average ef: 0
Training absolute cv-matrix bin 24 with 5 queries.
Average Recall: 0.382
Initial average recall with ef=100: -nan
Average Recall: 0.452
Initial average recall with ef=150: -nan
Weighted average ef: 0
Training absolute cv-matrix bin 26 with 6 queries.
Average Recall: 0.415
Initial average recall with ef=100: 0.35
Average Recall: 0.455
Initial average recall with ef=150: 0.383333
Weighted average ef: 2500
Training absolute cv-matrix bin 28 with 7 queries.
Average Recall: 0.51
Initial average recall with ef=100: -nan
Average Recall: 0.561429
Initial average recall with ef=150: -nan
Weighted average ef: 0
Training absolute cv-matrix bin 29 with 9 queries.
Average Recall: 0.485556
Initial average recall with ef=100: -nan
Average Recall: 0.515556
Initial average recall with ef=150: -nan
Weighted average ef: 0
Training absolute cv-matrix bin 30 with 12 queries.
Average Recall: 0.523333
Initial average recall with ef=100: -nan
Average Recall: 0.589167
Initial average recall with ef=150: -nan
Weighted average ef: 0
Training absolute cv-matrix bin 31 with 11 queries.
Average Recall: 0.483636
Initial average recall with ef=100: -nan
Average Recall: 0.52
Initial average recall with ef=150: -nan
Weighted average ef: 0
Training absolute cv-matrix bin 32 with 17 queries.
Average Recall: 0.436471
Initial average recall with ef=100: 0.404
Average Recall: 0.478823
Initial average recall with ef=150: 0.456
Weighted average ef: 1470.59
Training absolute cv-matrix bin 33 with 16 queries.
Average Recall: 0.495
Initial average recall with ef=100: 0.356667
Average Recall: 0.536875
Initial average recall with ef=150: 0.42
Weighted average ef: 937.5
Training absolute cv-matrix bin 34 with 36 queries.
Average Recall: 0.423611
Initial average recall with ef=100: 0.409286
Average Recall: 0.478055
Initial average recall with ef=150: 0.466786
Weighted average ef: 3491.89
Training absolute cv-matrix bin 35 with 40 queries.
Average Recall: 0.4125
Initial average recall with ef=100: 0.383636
Average Recall: 0.458
Initial average recall with ef=150: 0.429394
Recall diff is too small for 1 consecutive steps, break.
Weighted average ef: 4007.52
Training absolute cv-matrix bin 36 with 47 queries.
Average Recall: 0.384255
Initial average recall with ef=100: 0.36
Average Recall: 0.438085
Initial average recall with ef=150: 0.413658
Recall diff is too small for 1 consecutive steps, break.
Weighted average ef: 4096.6
Training absolute cv-matrix bin 37 with 36 queries.
Average Recall: 0.410556
Initial average recall with ef=100: 0.397143
Average Recall: 0.4725
Initial average recall with ef=150: 0.465714
Weighted average ef: 3315.86
Training absolute cv-matrix bin 38 with 26 queries.
Average Recall: 0.438462
Initial average recall with ef=100: 0.461
Average Recall: 0.493846
Initial average recall with ef=150: 0.514
Recall diff is too small for 1 consecutive steps, break.
Weighted average ef: 1526.08
Training absolute cv-matrix bin 39 with 17 queries.
Average Recall: 0.550588
Initial average recall with ef=100: 0.4975
Average Recall: 0.595294
Initial average recall with ef=150: 0.525
Weighted average ef: 1176.47
Training absolute cv-matrix bin 40 with 17 queries.
Average Recall: 0.503529
Initial average recall with ef=100: 0.495
Average Recall: 0.548235
Initial average recall with ef=150: 0.553333
Weighted average ef: 1509.71
Training absolute cv-matrix bin 41 with 25 queries.
Average Recall: 0.4908
Initial average recall with ef=100: 0.458421
Average Recall: 0.5544
Initial average recall with ef=150: 0.520526
Recall diff is too small for 1 consecutive steps, break.
Weighted average ef: 3152.48
Training absolute cv-matrix bin 42 with 25 queries.
Average Recall: 0.498
Initial average recall with ef=100: 0.47
Average Recall: 0.56
Initial average recall with ef=150: 0.52
Recall diff is too small for 1 consecutive steps, break.
Weighted average ef: 819.6
Training absolute cv-matrix bin 43 with 28 queries.
Average Recall: 0.5
Initial average recall with ef=100: 0.353333
Average Recall: 0.5525
Initial average recall with ef=150: 0.406667
Recall diff is too small for 1 consecutive steps, break.
Recall diff is too small for 1 consecutive steps, break.
Weighted average ef: 1047.43
Training absolute cv-matrix bin 44 with 21 queries.
Average Recall: 0.527619
Initial average recall with ef=100: 0.43
Average Recall: 0.579524
Initial average recall with ef=150: 0.483333
Recall diff is too small for 1 consecutive steps, break.
Weighted average ef: 1543
Training absolute cv-matrix bin 45 with 24 queries.
Average Recall: 0.477083
Initial average recall with ef=100: 0.447273
Average Recall: 0.56625
Initial average recall with ef=150: 0.545455
Weighted average ef: 1593.04
Training absolute cv-matrix bin 46 with 28 queries.
Average Recall: 0.562857
Initial average recall with ef=100: 0.447273
Average Recall: 0.616071
Initial average recall with ef=150: 0.492727
Weighted average ef: 1659.04
Training absolute cv-matrix bin 47 with 29 queries.
Average Recall: 0.523103
Initial average recall with ef=100: 0.519231
Average Recall: 0.59
Initial average recall with ef=150: 0.592308
Weighted average ef: 1169.66
Training absolute cv-matrix bin 48 with 32 queries.
Average Recall: 0.553125
Initial average recall with ef=100: 0.511333
Average Recall: 0.61
Initial average recall with ef=150: 0.554667
Recall diff is too small for 1 consecutive steps, break.
Weighted average ef: 1714.12
Training absolute cv-matrix bin 49 with 32 queries.
Average Recall: 0.578438
Initial average recall with ef=100: 0.611818
Average Recall: 0.633125
Initial average recall with ef=150: 0.669091
Recall diff is too small for 1 consecutive steps, break.
Weighted average ef: 857.594
Training absolute cv-matrix bin 50 with 26 queries.
Average Recall: 0.609615
Initial average recall with ef=100: 0.576667
Average Recall: 0.672692
Initial average recall with ef=150: 0.646667
Weighted average ef: 801.923
Training absolute cv-matrix bin 51 with 32 queries.
Average Recall: 0.600313
Initial average recall with ef=100: 0.524286
Average Recall: 0.65375
Initial average recall with ef=150: 0.582143
Weighted average ef: 1393.06
Training absolute cv-matrix bin 52 with 36 queries.
Average Recall: 0.595278
Initial average recall with ef=100: 0.607273
Average Recall: 0.653056
Initial average recall with ef=150: 0.658182
Recall diff is too small for 1 consecutive steps, break.
Recall diff is too small for 1 consecutive steps, break.
Weighted average ef: 1388.81
Training absolute cv-matrix bin 53 with 40 queries.
Average Recall: 0.60475
Initial average recall with ef=100: 0.5625
Average Recall: 0.6665
Initial average recall with ef=150: 0.625
Weighted average ef: 1660.97
Training absolute cv-matrix bin 54 with 35 queries.
Average Recall: 0.681143
Initial average recall with ef=100: 0.692
Average Recall: 0.744571
Initial average recall with ef=150: 0.742
Recall diff is too small for 1 consecutive steps, break.
Weighted average ef: 346.743
Training absolute cv-matrix bin 55 with 29 queries.
Average Recall: 0.638621
Initial average recall with ef=100: 0.6425
Average Recall: 0.701379
Initial average recall with ef=150: 0.72
Weighted average ef: 398.207
Training absolute cv-matrix bin 56 with 31 queries.
Average Recall: 0.68129
Initial average recall with ef=100: 0.67375
Average Recall: 0.739032
Initial average recall with ef=150: 0.729375
Weighted average ef: 899.742
Training absolute cv-matrix bin 57 with 43 queries.
Average Recall: 0.661163
Initial average recall with ef=100: 0.611905
Average Recall: 0.722326
Initial average recall with ef=150: 0.67381
Recall diff is too small for 1 consecutive steps, break.
Weighted average ef: 1114.86
Training absolute cv-matrix bin 58 with 30 queries.
Average Recall: 0.685667
Initial average recall with ef=100: 0.70375
Average Recall: 0.743333
Initial average recall with ef=150: 0.77375
Weighted average ef: 209.067
Training absolute cv-matrix bin 59 with 52 queries.
Average Recall: 0.705
Initial average recall with ef=100: 0.6112
Average Recall: 0.766923
Initial average recall with ef=150: 0.6796
Recall diff is too small for 1 consecutive steps, break.
Recall diff is too small for 1 consecutive steps, break.
Weighted average ef: 1033.5
Training absolute cv-matrix bin 60 with 31 queries.
Average Recall: 0.732258
Initial average recall with ef=100: 0.75
Average Recall: 0.79129
Initial average recall with ef=150: 0.804
Weighted average ef: 457.452
Training absolute cv-matrix bin 61 with 34 queries.
Average Recall: 0.771471
Initial average recall with ef=100: 0.67
Average Recall: 0.818235
Initial average recall with ef=150: 0.74
Recall diff is too small for 1 consecutive steps, break.
Weighted average ef: 128
Training absolute cv-matrix bin 62 with 46 queries.
Average Recall: 0.737609
Initial average recall with ef=100: 0.713
Average Recall: 0.790652
Initial average recall with ef=150: 0.765
Weighted average ef: 480.565
Training absolute cv-matrix bin 63 with 42 queries.
Average Recall: 0.774524
Initial average recall with ef=100: 0.713889
Average Recall: 0.826667
Initial average recall with ef=150: 0.78
Recall diff is too small for 1 consecutive steps, break.
Weighted average ef: 454.524
Training absolute cv-matrix bin 64 with 38 queries.
Average Recall: 0.786842
Initial average recall with ef=100: 0.822778
Average Recall: 0.836842
Initial average recall with ef=150: 0.875556
Weighted average ef: 271.5
Training absolute cv-matrix bin 65 with 43 queries.
Average Recall: 0.825814
Initial average recall with ef=100: 0.837895
Average Recall: 0.869535
Initial average recall with ef=150: 0.88
Recall diff is too small for 1 consecutive steps, break.
Recall diff is too small for 1 consecutive steps, break.
Weighted average ef: 238.814
Training absolute cv-matrix bin 66 with 36 queries.
Average Recall: 0.805
Initial average recall with ef=100: 0.79
Average Recall: 0.851944
Initial average recall with ef=150: 0.834
Weighted average ef: 233
Training absolute cv-matrix bin 67 with 38 queries.
Average Recall: 0.814737
Initial average recall with ef=100: 0.815263
Average Recall: 0.855526
Initial average recall with ef=150: 0.861053
Weighted average ef: 375.237
Training absolute cv-matrix bin 68 with 45 queries.
Average Recall: 0.812667
Initial average recall with ef=100: 0.820476
Average Recall: 0.860889
Initial average recall with ef=150: 0.868095
Weighted average ef: 284.222
Training absolute cv-matrix bin 69 with 39 queries.
Average Recall: 0.866923
Initial average recall with ef=100: 0.876667
Average Recall: 0.898462
Initial average recall with ef=150: 0.915
Weighted average ef: 48.2308
Training absolute cv-matrix bin 70 with 44 queries.
Average Recall: 0.883864
Initial average recall with ef=100: 0.862143
Average Recall: 0.916136
Initial average recall with ef=150: 0.890714
Recall diff is too small for 1 consecutive steps, break.
Weighted average ef: 178.727
Training absolute cv-matrix bin 71 with 49 queries.
Average Recall: 0.848775
Initial average recall with ef=100: 0.81875
Average Recall: 0.895306
Initial average recall with ef=150: 0.873333
Recall diff is too small for 1 consecutive steps, break.
Weighted average ef: 221.184
Training absolute cv-matrix bin 72 with 37 queries.
Average Recall: 0.875135
Initial average recall with ef=100: 0.844286
Average Recall: 0.912703
Initial average recall with ef=150: 0.892857
Weighted average ef: 98.8378
Training absolute cv-matrix bin 73 with 52 queries.
Average Recall: 0.899423
Initial average recall with ef=100: 0.880833
Average Recall: 0.931154
Initial average recall with ef=150: 0.915417
Weighted average ef: 133.731
Training absolute cv-matrix bin 74 with 55 queries.
Average Recall: 0.900182
Initial average recall with ef=100: 0.899091
Average Recall: 0.931636
Initial average recall with ef=150: 0.933182
Weighted average ef: 96.5273
Training absolute cv-matrix bin 75 with 48 queries.
Average Recall: 0.919583
Initial average recall with ef=100: 0.915417
Average Recall: 0.945
Initial average recall with ef=150: 0.940417
Weighted average ef: 123.125
Training absolute cv-matrix bin 76 with 36 queries.
Average Recall: 0.937222
Initial average recall with ef=100: 0.963158
Average Recall: 0.960833
Initial average recall with ef=150: 0.976842
Weighted average ef: 61.1111
Training absolute cv-matrix bin 77 with 38 queries.
Average Recall: 0.927895
Initial average recall with ef=100: 0.921875
Average Recall: 0.950526
Initial average recall with ef=150: 0.945
Recall diff is too small for 1 consecutive steps, break.
Weighted average ef: 72.1053
Training absolute cv-matrix bin 78 with 47 queries.
Average Recall: 0.93383
Initial average recall with ef=100: 0.956
Average Recall: 0.954894
Initial average recall with ef=150: 0.972
Weighted average ef: 25.5319
Training absolute cv-matrix bin 79 with 51 queries.
Average Recall: 0.922353
Initial average recall with ef=100: 0.938
Average Recall: 0.944706
Initial average recall with ef=150: 0.958
Recall diff is too small for 1 consecutive steps, break.
Weighted average ef: 73.7451
Training absolute cv-matrix bin 80 with 45 queries.
Average Recall: 0.961111
Initial average recall with ef=100: 0.977857
Average Recall: 0.972667
Initial average recall with ef=150: 0.987143
Weighted average ef: 34.4444
Training absolute cv-matrix bin 81 with 44 queries.
Average Recall: 0.950227
Initial average recall with ef=100: 0.980909
Average Recall: 0.971591
Initial average recall with ef=150: 0.991818
Weighted average ef: 25
Training absolute cv-matrix bin 82 with 41 queries.
Average Recall: 0.960732
Initial average recall with ef=100: 0.979333
Average Recall: 0.976341
Initial average recall with ef=150: 0.988
Weighted average ef: 36.5854
Training absolute cv-matrix bin 83 with 32 queries.
Average Recall: 0.980312
Initial average recall with ef=100: 0.988
Average Recall: 0.989687
Initial average recall with ef=150: 0.998
Weighted average ef: 15.625
Training absolute cv-matrix bin 84 with 29 queries.
Average Recall: 0.974138
Initial average recall with ef=100: 0.99875
Average Recall: 0.984138
Initial average recall with ef=150: 1
Weighted average ef: 27.5862
Training absolute cv-matrix bin 85 with 19 queries.
Average Recall: 0.991579
Initial average recall with ef=100: -nan
Average Recall: 0.996316
Initial average recall with ef=150: -nan
Weighted average ef: 0
Training absolute cv-matrix bin 86 with 13 queries.
Average Recall: 0.970769
Initial average recall with ef=100: 0.988571
Average Recall: 0.983846
Initial average recall with ef=150: 0.998571
Weighted average ef: 53.8462
Training absolute cv-matrix bin 87 with 7 queries.
Average Recall: 0.991429
Initial average recall with ef=100: -nan
Average Recall: 0.997143
Initial average recall with ef=150: -nan
Weighted average ef: 0
Training absolute cv-matrix bin 88 with 5 queries.
Average Recall: 0.996
Initial average recall with ef=100: -nan
Average Recall: 1
Initial average recall with ef=150: -nan
Weighted average ef: 0
Reconstructed True WAE: 0 (Hard Pct: 0.0084)
Search time: 3108 ms
Search time: 3057 ms
Search time: 2140 ms
Average Recall: 0.693211
5th percentile recall: 0.22
1st percentile recall: 0.13
Median search time: 3057 ms
Search times: 2140 ms, 3057 ms, 3108 ms, 
glove-100-angular experiment results:
statisc_length, time, avg_recall, 5th_percentile_recall, 1st_percentile_recall, recall_above_99, recall_above_95, recall_above_90
1025, 3057, 0.693211, 0.22, 0.13, 895, 1808, 2838
Experiment finished

--- n_convergence_buckets: 5 ---

Loading samplings from /home/ryawszn/experiments/shiro-ef/sampling/glove-100-angular-samplings--k100-ef.bin
Samplings loaded from /home/ryawszn/experiments/shiro-ef/sampling/glove-100-angular-samplings--k100-ef.bin
Average Recall: 0.727104
Initial average recall with ef=100: 0.727344
Average Recall: 0.770668
Initial average recall with ef=150: 0.77093
Recall diff is too small for 1 consecutive steps, break.
Weighted average ef: 1690.15
Training convergence-bucket 0 [11.9239, 44.32) with 400 queries.
Average Recall: 0.462125
Initial average recall with ef=100: 0.448078
Average Recall: 0.51435
Initial average recall with ef=150: 0.500623
Recall diff is too small for 1 consecutive steps, break.
Recall diff is too small for 1 consecutive steps, break.
Weighted average ef: 4175.99
Training convergence-bucket 1 [44.32, 57.3494) with 400 queries.
Average Recall: 0.5932
Initial average recall with ef=100: 0.584219
Average Recall: 0.6545
Initial average recall with ef=150: 0.64599
Recall diff is too small for 1 consecutive steps, break.
Recall diff is too small for 1 consecutive steps, break.
Weighted average ef: 2460.38
Training convergence-bucket 2 [57.3494, 67.4098) with 400 queries.
Average Recall: 0.7524
Initial average recall with ef=100: 0.746525
Average Recall: 0.804425
Initial average recall with ef=150: 0.800265
Recall diff is too small for 1 consecutive steps, break.
Weighted average ef: 1033.85
Training convergence-bucket 3 [67.4098, 76.1974) with 400 queries.
Average Recall: 0.876225
Initial average recall with ef=100: 0.874632
Average Recall: 0.911675
Initial average recall with ef=150: 0.910842
Weighted average ef: 444.222
Training convergence-bucket 4 [76.1974, inf) with 400 queries.
Average Recall: 0.951575
Initial average recall with ef=100: 0.954271
Average Recall: 0.9684
Initial average recall with ef=150: 0.970588
Recall diff is too small for 1 consecutive steps, break.
Weighted average ef: 168.295
Reconstructed True WAE: 1435.84 (Hard Pct: 0.0084)
Search time: 39402 ms
Search time: 40188 ms
Search time: 40418 ms
Average Recall: 0.979027
5th percentile recall: 0.92
1st percentile recall: 0.87
Median search time: 40188 ms
Search times: 39402 ms, 40188 ms, 40418 ms, 
glove-100-angular experiment results:
statisc_length, time, avg_recall, 5th_percentile_recall, 1st_percentile_recall, recall_above_99, recall_above_95, recall_above_90
1025, 40188, 0.979027, 0.92, 0.87, 5975, 8228, 9690
Experiment finished

--- n_convergence_buckets: 10 ---

Loading samplings from /home/ryawszn/experiments/shiro-ef/sampling/glove-100-angular-samplings--k100-ef.bin
Samplings loaded from /home/ryawszn/experiments/shiro-ef/sampling/glove-100-angular-samplings--k100-ef.bin
Average Recall: 0.727104
Initial average recall with ef=100: 0.727344
Average Recall: 0.770668
Initial average recall with ef=150: 0.77093
Recall diff is too small for 1 consecutive steps, break.
Weighted average ef: 1690.15
Training convergence-bucket 0 [11.9239, 36.5612) with 200 queries.
Average Recall: 0.45775
Initial average recall with ef=100: 0.434202
Average Recall: 0.5046
Initial average recall with ef=150: 0.481489
Weighted average ef: 4369.62
Training convergence-bucket 1 [36.5612, 44.32) with 200 queries.
Average Recall: 0.4665
Initial average recall with ef=100: 0.442582
Average Recall: 0.5241
Initial average recall with ef=150: 0.500549
Recall diff is too small for 1 consecutive steps, break.
Recall diff is too small for 1 consecutive steps, break.
Recall diff is too small for 1 consecutive steps, break.
Weighted average ef: 3776.78
Training convergence-bucket 2 [44.32, 51.3519) with 200 queries.
Average Recall: 0.5554
Initial average recall with ef=100: 0.541087
Average Recall: 0.61685
Initial average recall with ef=150: 0.604402
Recall diff is too small for 1 consecutive steps, break.
Weighted average ef: 2805.55
Training convergence-bucket 3 [51.3519, 57.3494) with 200 queries.
Average Recall: 0.631
Initial average recall with ef=100: 0.620449
Average Recall: 0.69215
Initial average recall with ef=150: 0.680674
Weighted average ef: 1928.91
Training convergence-bucket 4 [57.3494, 62.36) with 200 queries.
Average Recall: 0.71275
Initial average recall with ef=100: 0.697614
Average Recall: 0.76865
Initial average recall with ef=150: 0.757045
Weighted average ef: 1212.92
Training convergence-bucket 5 [62.36, 67.4098) with 200 queries.
Average Recall: 0.79205
Initial average recall with ef=100: 0.781492
Average Recall: 0.8402
Initial average recall with ef=150: 0.831713
Weighted average ef: 813.325
Training convergence-bucket 6 [67.4098, 72.0157) with 200 queries.
Average Recall: 0.8497
Initial average recall with ef=100: 0.843046
Average Recall: 0.89005
Initial average recall with ef=150: 0.885287
Weighted average ef: 551.17
Training convergence-bucket 7 [72.0157, 76.1974) with 200 queries.
Average Recall: 0.90275
Initial average recall with ef=100: 0.900177
Average Recall: 0.9333
Initial average recall with ef=150: 0.932249
Recall diff is too small for 1 consecutive steps, break.
Weighted average ef: 243.29
Training convergence-bucket 8 [76.1974, 80.8181) with 200 queries.
Average Recall: 0.9334
Initial average recall with ef=100: 0.936292
Average Recall: 0.9541
Initial average recall with ef=150: 0.956348
Recall diff is too small for 1 consecutive steps, break.
Recall diff is too small for 1 consecutive steps, break.
Weighted average ef: 190.01
Training convergence-bucket 9 [80.8181, inf) with 200 queries.
Average Recall: 0.969751
Initial average recall with ef=100: 0.974066
Average Recall: 0.9827
Initial average recall with ef=150: 0.985824
Weighted average ef: 99.5
Reconstructed True WAE: 1436.64 (Hard Pct: 0.0084)
Search time: 40441 ms
Search time: 40291 ms
Search time: 41423 ms
Average Recall: 0.978862
5th percentile recall: 0.92
1st percentile recall: 0.87
Median search time: 40441 ms
Search times: 40291 ms, 40441 ms, 41423 ms, 
glove-100-angular experiment results:
statisc_length, time, avg_recall, 5th_percentile_recall, 1st_percentile_recall, recall_above_99, recall_above_95, recall_above_90
1025, 40441, 0.978862, 0.92, 0.87, 5956, 8213, 9680
Experiment finished

--- n_convergence_buckets: 15 ---

Loading samplings from /home/ryawszn/experiments/shiro-ef/sampling/glove-100-angular-samplings--k100-ef.bin
Samplings loaded from /home/ryawszn/experiments/shiro-ef/sampling/glove-100-angular-samplings--k100-ef.bin
Average Recall: 0.727104
Initial average recall with ef=100: 0.727344
Average Recall: 0.770668
Initial average recall with ef=150: 0.77093
Recall diff is too small for 1 consecutive steps, break.
Weighted average ef: 1690.15
Training convergence-bucket 0 [11.9239, 34.9995) with 133 queries.
Average Recall: 0.481654
Initial average recall with ef=100: 0.454298
Average Recall: 0.529925
Initial average recall with ef=150: 0.503306
Recall diff is too small for 1 consecutive steps, break.
Weighted average ef: 3991.57
Training convergence-bucket 1 [34.9995, 38.3028) with 133 queries.
Average Recall: 0.405714
Initial average recall with ef=100: 0.39075
Average Recall: 0.459098
Initial average recall with ef=150: 0.444667
Recall diff is too small for 1 consecutive steps, break.
Weighted average ef: 4219.62
Training convergence-bucket 2 [38.3028, 44.2028) with 133 queries.
Average Recall: 0.495263
Initial average recall with ef=100: 0.462895
Average Recall: 0.550451
Initial average recall with ef=150: 0.517632
Recall diff is too small for 1 consecutive steps, break.
Recall diff is too small for 1 consecutive steps, break.
Recall diff is too small for 1 consecutive steps, break.
Recall diff is too small for 1 consecutive steps, break.
Recall diff is too small for 1 consecutive steps, break.
Weighted average ef: 3429.23
Training convergence-bucket 3 [44.2028, 49.0698) with 133 queries.
Average Recall: 0.53
Initial average recall with ef=100: 0.509167
Average Recall: 0.593158
Initial average recall with ef=150: 0.574583
Recall diff is too small for 1 consecutive steps, break.
Weighted average ef: 2910.37
Training convergence-bucket 4 [49.0698, 53.2432) with 133 queries.
Average Recall: 0.599925
Initial average recall with ef=100: 0.590526
Average Recall: 0.656692
Initial average recall with ef=150: 0.650088
Recall diff is too small for 1 consecutive steps, break.
Recall diff is too small for 1 consecutive steps, break.
Recall diff is too small for 1 consecutive steps, break.
Weighted average ef: 2172.05
Training convergence-bucket 5 [53.2432, 57.288) with 133 queries.
Average Recall: 0.651654
Initial average recall with ef=100: 0.636348
Average Recall: 0.715715
Initial average recall with ef=150: 0.699304
Recall diff is too small for 1 consecutive steps, break.
Recall diff is too small for 1 consecutive steps, break.
Weighted average ef: 1748.16
Training convergence-bucket 6 [57.288, 60.5908) with 133 queries.
Average Recall: 0.694511
Initial average recall with ef=100: 0.665585
Average Recall: 0.752331
Initial average recall with ef=150: 0.727568
Weighted average ef: 1396.42
Training convergence-bucket 7 [60.5908, 63.8554) with 133 queries.
Average Recall: 0.753383
Initial average recall with ef=100: 0.73991
Average Recall: 0.806391
Initial average recall with ef=150: 0.796847
Recall diff is too small for 1 consecutive steps, break.
Weighted average ef: 809.165
Training convergence-bucket 8 [63.8554, 67.2985) with 133 queries.
Average Recall: 0.810526
Initial average recall with ef=100: 0.799391
Average Recall: 0.855639
Initial average recall with ef=150: 0.846783
Recall diff is too small for 1 consecutive steps, break.
Recall diff is too small for 1 consecutive steps, break.
Weighted average ef: 696.218
Training convergence-bucket 9 [67.2985, 70.6364) with 133 queries.
Average Recall: 0.83827
Initial average recall with ef=100: 0.825769
Average Recall: 0.87767
Initial average recall with ef=150: 0.867212
Recall diff is too small for 1 consecutive steps, break.
Weighted average ef: 627.015
Training convergence-bucket 10 [70.6364, 73.6544) with 133 queries.
Average Recall: 0.87218
Initial average recall with ef=100: 0.88027
Average Recall: 0.911579
Initial average recall with ef=150: 0.92009
Recall diff is too small for 1 consecutive steps, break.
Recall diff is too small for 1 consecutive steps, break.
Recall diff is too small for 1 consecutive steps, break.
Weighted average ef: 239.12
Training convergence-bucket 11 [73.6544, 76.1636) with 133 queries.
Average Recall: 0.909624
Initial average recall with ef=100: 0.901226
Average Recall: 0.938195
Initial average recall with ef=150: 0.932736
Recall diff is too small for 1 consecutive steps, break.
Weighted average ef: 226.083
Training convergence-bucket 12 [76.1636, 79.401) with 133 queries.
Average Recall: 0.930827
Initial average recall with ef=100: 0.936277
Average Recall: 0.953008
Initial average recall with ef=150: 0.95734
Recall diff is too small for 1 consecutive steps, break.
Recall diff is too small for 1 consecutive steps, break.
Weighted average ef: 129.113
Training convergence-bucket 13 [79.401, 82.2773) with 133 queries.
Average Recall: 0.94797
Initial average recall with ef=100: 0.948775
Average Recall: 0.966165
Initial average recall with ef=150: 0.967449
Weighted average ef: 136.579
Training convergence-bucket 14 [82.2773, inf) with 138 queries.
Average Recall: 0.975725
Initial average recall with ef=100: 0.980446
Average Recall: 0.985942
Initial average recall with ef=150: 0.989464
Weighted average ef: 86.9565
Reconstructed True WAE: 1421.23 (Hard Pct: 0.0084)
Search time: 39054 ms
Search time: 40199 ms
Search time: 39735 ms
Average Recall: 0.978179
5th percentile recall: 0.91
1st percentile recall: 0.86
Median search time: 39735 ms
Search times: 39054 ms, 39735 ms, 40199 ms, 
glove-100-angular experiment results:
statisc_length, time, avg_recall, 5th_percentile_recall, 1st_percentile_recall, recall_above_99, recall_above_95, recall_above_90
1025, 39735, 0.978179, 0.91, 0.86, 5983, 8175, 9596
Experiment finished

--- n_convergence_buckets: 20 ---

Loading samplings from /home/ryawszn/experiments/shiro-ef/sampling/glove-100-angular-samplings--k100-ef.bin
Samplings loaded from /home/ryawszn/experiments/shiro-ef/sampling/glove-100-angular-samplings--k100-ef.bin
Average Recall: 0.727104
Initial average recall with ef=100: 0.727344
Average Recall: 0.770668
Initial average recall with ef=150: 0.77093
Recall diff is too small for 1 consecutive steps, break.
Weighted average ef: 1690.15
Training convergence-bucket 0 [11.9239, 34.1347) with 100 queries.
Average Recall: 0.5009
Initial average recall with ef=100: 0.467471
Average Recall: 0.5464
Initial average recall with ef=150: 0.512299
Weighted average ef: 3577.75
Training convergence-bucket 1 [34.1347, 36.5612) with 100 queries.
Average Recall: 0.4146
Initial average recall with ef=100: 0.3925
Average Recall: 0.4628
Initial average recall with ef=150: 0.441136
Weighted average ef: 4224.6
Training convergence-bucket 2 [36.5612, 40.1144) with 100 queries.
Average Recall: 0.4311
Initial average recall with ef=100: 0.408621
Average Recall: 0.4895
Initial average recall with ef=150: 0.468046
Weighted average ef: 3820.61
Training convergence-bucket 3 [40.1144, 44.32) with 100 queries.
Average Recall: 0.5019
Initial average recall with ef=100: 0.4685
Average Recall: 0.5587
Initial average recall with ef=150: 0.52325
Recall diff is too small for 1 consecutive steps, break.
Recall diff is too small for 1 consecutive steps, break.
Weighted average ef: 3166.9
Training convergence-bucket 4 [44.32, 48.125) with 100 queries.
Average Recall: 0.5168
Initial average recall with ef=100: 0.478953
Average Recall: 0.5819
Initial average recall with ef=150: 0.547558
Recall diff is too small for 1 consecutive steps, break.
Weighted average ef: 3054.26
Training convergence-bucket 5 [48.125, 51.3519) with 100 queries.
Average Recall: 0.594
Initial average recall with ef=100: 0.590562
Average Recall: 0.6518
Initial average recall with ef=150: 0.649775
Weighted average ef: 2474.84
Training convergence-bucket 6 [51.3519, 54.0953) with 100 queries.
Average Recall: 0.5953
Initial average recall with ef=100: 0.583636
Average Recall: 0.6539
Initial average recall with ef=150: 0.643068
Recall diff is too small for 1 consecutive steps, break.
Recall diff is too small for 1 consecutive steps, break.
Weighted average ef: 2137.91
Training convergence-bucket 7 [54.0953, 57.3494) with 100 queries.
Average Recall: 0.6667
Initial average recall with ef=100: 0.648118
Average Recall: 0.7304
Initial average recall with ef=150: 0.709765
Recall diff is too small for 1 consecutive steps, break.
Recall diff is too small for 1 consecutive steps, break.
Recall diff is too small for 1 consecutive steps, break.
Weighted average ef: 1525.64
Training convergence-bucket 8 [57.3494, 59.7036) with 100 queries.
Average Recall: 0.6891
Initial average recall with ef=100: 0.631733
Average Recall: 0.7454
Initial average recall with ef=150: 0.693467
Recall diff is too small for 1 consecutive steps, break.
Weighted average ef: 1510.23
Training convergence-bucket 9 [59.7036, 62.36) with 100 queries.
Average Recall: 0.7364
Initial average recall with ef=100: 0.734302
Average Recall: 0.7919
Initial average recall with ef=150: 0.793023
Recall diff is too small for 1 consecutive steps, break.
Weighted average ef: 859.1
Training convergence-bucket 10 [62.36, 64.9002) with 100 queries.
Average Recall: 0.7752
Initial average recall with ef=100: 0.750741
Average Recall: 0.8259
Initial average recall with ef=150: 0.805802
Recall diff is too small for 1 consecutive steps, break.
Recall diff is too small for 1 consecutive steps, break.
Recall diff is too small for 1 consecutive steps, break.
Weighted average ef: 788.97
Training convergence-bucket 11 [64.9002, 67.4098) with 100 queries.
Average Recall: 0.8089
Initial average recall with ef=100: 0.800135
Average Recall: 0.8545
Initial average recall with ef=150: 0.849865
Recall diff is too small for 1 consecutive steps, break.
Weighted average ef: 614.63
Training convergence-bucket 12 [67.4098, 69.6861) with 100 queries.
Average Recall: 0.8347
Initial average recall with ef=100: 0.824026
Average Recall: 0.8757
Initial average recall with ef=150: 0.866364
Recall diff is too small for 1 consecutive steps, break.
Recall diff is too small for 1 consecutive steps, break.
Weighted average ef: 599.66
Training convergence-bucket 13 [69.6861, 72.0157) with 100 queries.
Average Recall: 0.8647
Initial average recall with ef=100: 0.86411
Average Recall: 0.9044
Initial average recall with ef=150: 0.906301
Recall diff is too small for 1 consecutive steps, break.
Recall diff is too small for 1 consecutive steps, break.
Recall diff is too small for 1 consecutive steps, break.
Weighted average ef: 258.5
Training convergence-bucket 14 [72.0157, 74.1857) with 100 queries.
Average Recall: 0.8922
Initial average recall with ef=100: 0.887385
Average Recall: 0.9266
Initial average recall with ef=150: 0.923385
Recall diff is too small for 1 consecutive steps, break.
Weighted average ef: 197.88
Training convergence-bucket 15 [74.1857, 76.1974) with 100 queries.
Average Recall: 0.9133
Initial average recall with ef=100: 0.907324
Average Recall: 0.94
Initial average recall with ef=150: 0.937324
Recall diff is too small for 1 consecutive steps, break.
Weighted average ef: 175.46
Training convergence-bucket 16 [76.1974, 78.7486) with 100 queries.
Average Recall: 0.9322
Initial average recall with ef=100: 0.946892
Average Recall: 0.9546
Initial average recall with ef=150: 0.966622
Recall diff is too small for 1 consecutive steps, break.
Weighted average ef: 95.66
Training convergence-bucket 17 [78.7486, 80.8181) with 100 queries.
Average Recall: 0.9346
Initial average recall with ef=100: 0.935345
Average Recall: 0.9536
Initial average recall with ef=150: 0.956379
Weighted average ef: 133.33
Training convergence-bucket 18 [80.8181, 83.3266) with 100 queries.
Average Recall: 0.9593
Initial average recall with ef=100: 0.968088
Average Recall: 0.9763
Initial average recall with ef=150: 0.981912
Weighted average ef: 78.77
Training convergence-bucket 19 [83.3266, inf) with 100 queries.
Average Recall: 0.9802
Initial average recall with ef=100: 0.989524
Average Recall: 0.9891
Initial average recall with ef=150: 0.995397
Weighted average ef: 63
Reconstructed True WAE: 1425.93 (Hard Pct: 0.0084)
Search time: 40178 ms
Search time: 40371 ms
Search time: 39432 ms
Average Recall: 0.978408
5th percentile recall: 0.91
1st percentile recall: 0.86
Median search time: 40178 ms
Search times: 39432 ms, 40178 ms, 40371 ms, 
glove-100-angular experiment results:
statisc_length, time, avg_recall, 5th_percentile_recall, 1st_percentile_recall, recall_above_99, recall_above_95, recall_above_90
1025, 40178, 0.978408, 0.91, 0.86, 6012, 8172, 9613
Experiment finished


Dataset: word2vec-300-angular
Metric: cd
Normalize the data vectors
Data vectors dimensions: 1000000 x 300
Query vectors dimensions: 1000 x 300
Neighbors dimensions: 1000 x 100
Using AVX512 Inner Product distance
Index loaded
Dimension of space:300
Data size of space:1200

--- n_convergence_buckets: 0 ---

Loading samplings from /home/ryawszn/experiments/shiro-ef/sampling/word2vec-300-angular-samplings--k100-ef.bin
Samplings loaded from /home/ryawszn/experiments/shiro-ef/sampling/word2vec-300-angular-samplings--k100-ef.bin
Average Recall: 0.814942
Initial average recall with ef=100: 0.815848
Average Recall: 0.863051
Initial average recall with ef=150: 0.86389
Recall diff is too small for 1 consecutive steps, break.
Recall diff is too small for 1 consecutive steps, break.
Weighted average ef: 437.12
Training absolute cv-matrix bin 31 with 3 queries.
Average Recall: 0.733333
Initial average recall with ef=100: -nan
Average Recall: 0.786667
Initial average recall with ef=150: -nan
Weighted average ef: 0
Training absolute cv-matrix bin 32 with 4 queries.
Average Recall: 0.555
Initial average recall with ef=100: -nan
Average Recall: 0.63
Initial average recall with ef=150: -nan
Weighted average ef: 0
Training absolute cv-matrix bin 33 with 4 queries.
Average Recall: 0.6525
Initial average recall with ef=100: -nan
Average Recall: 0.7
Initial average recall with ef=150: -nan
Weighted average ef: 0
Training absolute cv-matrix bin 35 with 4 queries.
Average Recall: 0.69
Initial average recall with ef=100: -nan
Average Recall: 0.75
Initial average recall with ef=150: -nan
Weighted average ef: 0
Training absolute cv-matrix bin 36 with 7 queries.
Average Recall: 0.542857
Initial average recall with ef=100: -nan
Average Recall: 0.64
Initial average recall with ef=150: -nan
Weighted average ef: 0
Training absolute cv-matrix bin 37 with 7 queries.
Average Recall: 0.524286
Initial average recall with ef=100: -nan
Average Recall: 0.621429
Initial average recall with ef=150: -nan
Weighted average ef: 0
Training absolute cv-matrix bin 38 with 8 queries.
Average Recall: 0.5675
Initial average recall with ef=100: -nan
Average Recall: 0.66875
Initial average recall with ef=150: -nan
Weighted average ef: 0
Training absolute cv-matrix bin 39 with 13 queries.
Average Recall: 0.565385
Initial average recall with ef=100: 0.363333
Average Recall: 0.649231
Initial average recall with ef=150: 0.456667
Weighted average ef: 230.769
Training absolute cv-matrix bin 40 with 11 queries.
Average Recall: 0.475455
Initial average recall with ef=100: -nan
Average Recall: 0.547273
Initial average recall with ef=150: -nan
Weighted average ef: 0
Training absolute cv-matrix bin 41 with 16 queries.
Average Recall: 0.55
Initial average recall with ef=100: 0.463333
Average Recall: 0.63125
Initial average recall with ef=150: 0.53
Weighted average ef: 187.5
Training absolute cv-matrix bin 42 with 26 queries.
Average Recall: 0.537308
Initial average recall with ef=100: 0.58
Average Recall: 0.625
Initial average recall with ef=150: 0.68
Recall diff is too small for 1 consecutive steps, break.
Weighted average ef: 374.885
Training absolute cv-matrix bin 43 with 34 queries.
Average Recall: 0.555294
Initial average recall with ef=100: 0.564762
Average Recall: 0.645294
Initial average recall with ef=150: 0.651905
Weighted average ef: 617.647
Training absolute cv-matrix bin 44 with 38 queries.
Average Recall: 0.609737
Initial average recall with ef=100: 0.617391
Average Recall: 0.682105
Initial average recall with ef=150: 0.692609
Recall diff is too small for 1 consecutive steps, break.
Recall diff is too small for 1 consecutive steps, break.
Weighted average ef: 459.368
Training absolute cv-matrix bin 45 with 59 queries.
Average Recall: 0.615254
Initial average recall with ef=100: 0.629574
Average Recall: 0.692712
Initial average recall with ef=150: 0.708723
Recall diff is too small for 1 consecutive steps, break.
Weighted average ef: 728.186
Training absolute cv-matrix bin 46 with 45 queries.
Average Recall: 0.604
Initial average recall with ef=100: 0.600857
Average Recall: 0.694667
Initial average recall with ef=150: 0.692286
Recall diff is too small for 1 consecutive steps, break.
Weighted average ef: 639.378
Training absolute cv-matrix bin 47 with 59 queries.
Average Recall: 0.600678
Initial average recall with ef=100: 0.6204
Average Recall: 0.693898
Initial average recall with ef=150: 0.7152
Recall diff is too small for 1 consecutive steps, break.
Recall diff is too small for 1 consecutive steps, break.
Recall diff is too small for 1 consecutive steps, break.
Weighted average ef: 709.644
Training absolute cv-matrix bin 48 with 56 queries.
Average Recall: 0.585536
Initial average recall with ef=100: 0.606444
Average Recall: 0.666786
Initial average recall with ef=150: 0.682
Weighted average ef: 691.375
Training absolute cv-matrix bin 49 with 62 queries.
Average Recall: 0.658548
Initial average recall with ef=100: 0.628409
Average Recall: 0.73629
Initial average recall with ef=150: 0.715227
Weighted average ef: 610.629
Training absolute cv-matrix bin 50 with 64 queries.
Average Recall: 0.639687
Initial average recall with ef=100: 0.631698
Average Recall: 0.720937
Initial average recall with ef=150: 0.714906
Weighted average ef: 787.875
Training absolute cv-matrix bin 51 with 29 queries.
Average Recall: 0.640345
Initial average recall with ef=100: 0.623
Average Recall: 0.734828
Initial average recall with ef=150: 0.698
Recall diff is too small for 1 consecutive steps, break.
Weighted average ef: 245.345
Training absolute cv-matrix bin 52 with 12 queries.
Average Recall: 0.76
Initial average recall with ef=100: 0.73
Average Recall: 0.835833
Initial average recall with ef=150: 0.793333
Weighted average ef: 120.25
Training absolute cv-matrix bin 53 with 14 queries.
Average Recall: 0.660714
Initial average recall with ef=100: -nan
Average Recall: 0.746429
Initial average recall with ef=150: -nan
Weighted average ef: 0
Training absolute cv-matrix bin 54 with 17 queries.
Average Recall: 0.702941
Initial average recall with ef=100: 0.8
Average Recall: 0.787647
Initial average recall with ef=150: 0.86
Weighted average ef: 74.8235
Training absolute cv-matrix bin 55 with 20 queries.
Average Recall: 0.7605
Initial average recall with ef=100: 0.775714
Average Recall: 0.8235
Initial average recall with ef=150: 0.834286
Weighted average ef: 114.1
Training absolute cv-matrix bin 56 with 23 queries.
Average Recall: 0.753478
Initial average recall with ef=100: 0.796667
Average Recall: 0.816087
Initial average recall with ef=150: 0.868333
Weighted average ef: 103.435
Training absolute cv-matrix bin 57 with 19 queries.
Average Recall: 0.777368
Initial average recall with ef=100: -nan
Average Recall: 0.825789
Initial average recall with ef=150: -nan
Weighted average ef: 0
Training absolute cv-matrix bin 58 with 32 queries.
Average Recall: 0.791562
Initial average recall with ef=100: 0.794444
Average Recall: 0.84875
Initial average recall with ef=150: 0.848889
Recall diff is too small for 1 consecutive steps, break.
Weighted average ef: 113.531
Training absolute cv-matrix bin 59 with 26 queries.
Average Recall: 0.823077
Initial average recall with ef=100: 0.801
Average Recall: 0.867692
Initial average recall with ef=150: 0.84
Recall diff is too small for 1 consecutive steps, break.
Weighted average ef: 137.538
Training absolute cv-matrix bin 60 with 37 queries.
Average Recall: 0.789459
Initial average recall with ef=100: 0.808
Average Recall: 0.846757
Initial average recall with ef=150: 0.862
Weighted average ef: 163.811
Training absolute cv-matrix bin 61 with 29 queries.
Average Recall: 0.826552
Initial average recall with ef=100: 0.843846
Average Recall: 0.887241
Initial average recall with ef=150: 0.9
Weighted average ef: 130.759
Training absolute cv-matrix bin 62 with 35 queries.
Average Recall: 0.834
Initial average recall with ef=100: 0.858333
Average Recall: 0.886572
Initial average recall with ef=150: 0.914167
Recall diff is too small for 1 consecutive steps, break.
Weighted average ef: 92.3429
Training absolute cv-matrix bin 63 with 36 queries.
Average Recall: 0.822778
Initial average recall with ef=100: 0.797619
Average Recall: 0.878333
Initial average recall with ef=150: 0.857143
Weighted average ef: 306.111
Training absolute cv-matrix bin 64 with 36 queries.
Average Recall: 0.835
Initial average recall with ef=100: 0.843333
Average Recall: 0.89
Initial average recall with ef=150: 0.892857
Weighted average ef: 184
Training absolute cv-matrix bin 65 with 43 queries.
Average Recall: 0.867907
Initial average recall with ef=100: 0.876667
Average Recall: 0.910232
Initial average recall with ef=150: 0.919445
Weighted average ef: 98.5814
Training absolute cv-matrix bin 66 with 61 queries.
Average Recall: 0.845574
Initial average recall with ef=100: 0.836842
Average Recall: 0.89541
Initial average recall with ef=150: 0.887368
Recall diff is too small for 1 consecutive steps, break.
Weighted average ef: 236.082
Training absolute cv-matrix bin 67 with 36 queries.
Average Recall: 0.874722
Initial average recall with ef=100: 0.887222
Average Recall: 0.922778
Initial average recall with ef=150: 0.938333
Weighted average ef: 102.778
Training absolute cv-matrix bin 68 with 60 queries.
Average Recall: 0.885167
Initial average recall with ef=100: 0.901795
Average Recall: 0.923833
Initial average recall with ef=150: 0.937179
Weighted average ef: 155.8
Training absolute cv-matrix bin 69 with 44 queries.
Average Recall: 0.870227
Initial average recall with ef=100: 0.841177
Average Recall: 0.912955
Initial average recall with ef=150: 0.890588
Weighted average ef: 100.614
Training absolute cv-matrix bin 70 with 54 queries.
Average Recall: 0.898148
Initial average recall with ef=100: 0.918667
Average Recall: 0.936482
Initial average recall with ef=150: 0.954667
Weighted average ef: 86.3704
Training absolute cv-matrix bin 71 with 63 queries.
Average Recall: 0.92254
Initial average recall with ef=100: 0.912727
Average Recall: 0.950159
Initial average recall with ef=150: 0.942424
Weighted average ef: 110.825
Training absolute cv-matrix bin 72 with 60 queries.
Average Recall: 0.928167
Initial average recall with ef=100: 0.906087
Average Recall: 0.953334
Initial average recall with ef=150: 0.943478
Weighted average ef: 95.7167
Training absolute cv-matrix bin 73 with 57 queries.
Average Recall: 0.928947
Initial average recall with ef=100: 0.932647
Average Recall: 0.958772
Initial average recall with ef=150: 0.963529
Weighted average ef: 91.1053
Training absolute cv-matrix bin 74 with 76 queries.
Average Recall: 0.920395
Initial average recall with ef=100: 0.913636
Average Recall: 0.949474
Initial average recall with ef=150: 0.946545
Weighted average ef: 135.158
Training absolute cv-matrix bin 75 with 73 queries.
Average Recall: 0.943288
Initial average recall with ef=100: 0.930408
Average Recall: 0.963288
Initial average recall with ef=150: 0.95347
Weighted average ef: 103.164
Training absolute cv-matrix bin 76 with 70 queries.
Average Recall: 0.949857
Initial average recall with ef=100: 0.960435
Average Recall: 0.971571
Initial average recall with ef=150: 0.97913
Weighted average ef: 73.5714
Training absolute cv-matrix bin 77 with 71 queries.
Average Recall: 0.952254
Initial average recall with ef=100: 0.949762
Average Recall: 0.973521
Initial average recall with ef=150: 0.971667
Weighted average ef: 83.9577
Training absolute cv-matrix bin 78 with 76 queries.
Average Recall: 0.950526
Initial average recall with ef=100: 0.956316
Average Recall: 0.971316
Initial average recall with ef=150: 0.977105
Weighted average ef: 57.2368
Training absolute cv-matrix bin 79 with 60 queries.
Average Recall: 0.962667
Initial average recall with ef=100: 0.968857
Average Recall: 0.980333
Initial average recall with ef=150: 0.984286
Weighted average ef: 65.8333
Training absolute cv-matrix bin 80 with 63 queries.
Average Recall: 0.949365
Initial average recall with ef=100: 0.940455
Average Recall: 0.970635
Initial average recall with ef=150: 0.967273
Weighted average ef: 50.7936
Training absolute cv-matrix bin 81 with 42 queries.
Average Recall: 0.970238
Initial average recall with ef=100: 0.989167
Average Recall: 0.983333
Initial average recall with ef=150: 0.994167
Weighted average ef: 28.5714
Training absolute cv-matrix bin 82 with 37 queries.
Average Recall: 0.971622
Initial average recall with ef=100: 0.996
Average Recall: 0.984054
Initial average recall with ef=150: 0.998
Weighted average ef: 27.027
Training absolute cv-matrix bin 83 with 25 queries.
Average Recall: 0.9612
Initial average recall with ef=100: 0.992
Average Recall: 0.98
Initial average recall with ef=150: 0.994
Weighted average ef: 20
Training absolute cv-matrix bin 84 with 19 queries.
Average Recall: 0.978421
Initial average recall with ef=100: 0.98
Average Recall: 0.987368
Initial average recall with ef=150: 0.988
Weighted average ef: 26.3158
Training absolute cv-matrix bin 85 with 9 queries.
Average Recall: 0.985556
Initial average recall with ef=100: -nan
Average Recall: 0.993333
Initial average recall with ef=150: -nan
Weighted average ef: 0
Training absolute cv-matrix bin 86 with 4 queries.
Average Recall: 0.99
Initial average recall with ef=100: -nan
Average Recall: 0.9975
Initial average recall with ef=150: -nan
Weighted average ef: 0
Training absolute cv-matrix bin 87 with 4 queries.
Average Recall: 0.975
Initial average recall with ef=100: -nan
Average Recall: 0.9975
Initial average recall with ef=150: -nan
Weighted average ef: 0
Training absolute cv-matrix bin 88 with 3 queries.
Average Recall: 0.993333
Initial average recall with ef=100: -nan
Average Recall: 1
Initial average recall with ef=150: -nan
Weighted average ef: 0
Reconstructed True WAE: 0 (Hard Pct: 0.02505)
Search time: 478 ms
Search time: 499 ms
Search time: -538 ms
Average Recall: 0.86798
5th percentile recall: 0.59
1st percentile recall: 0.45
Median search time: 478 ms
Search times: -538 ms, 478 ms, 499 ms, 
word2vec-300-angular experiment results:
statisc_length, time, avg_recall, 5th_percentile_recall, 1st_percentile_recall, recall_above_99, recall_above_95, recall_above_90
1025, 478, 0.86798, 0.59, 0.45, 138, 321, 512
Experiment finished

--- n_convergence_buckets: 5 ---

Loading samplings from /home/ryawszn/experiments/shiro-ef/sampling/word2vec-300-angular-samplings--k100-ef.bin
Samplings loaded from /home/ryawszn/experiments/shiro-ef/sampling/word2vec-300-angular-samplings--k100-ef.bin
Average Recall: 0.814942
Initial average recall with ef=100: 0.815848
Average Recall: 0.863051
Initial average recall with ef=150: 0.86389
Recall diff is too small for 1 consecutive steps, break.
Recall diff is too small for 1 consecutive steps, break.
Weighted average ef: 437.12
Training convergence-bucket 0 [16.7157, 49.0301) with 400 queries.
Average Recall: 0.58735
Initial average recall with ef=100: 0.582096
Average Recall: 0.670625
Initial average recall with ef=150: 0.666154
Recall diff is too small for 1 consecutive steps, break.
Weighted average ef: 916.883
Training convergence-bucket 1 [49.0301, 62.4334) with 400 queries.
Average Recall: 0.7283
Initial average recall with ef=100: 0.723726
Average Recall: 0.797525
Initial average recall with ef=150: 0.792959
Recall diff is too small for 1 consecutive steps, break.
Recall diff is too small for 1 consecutive steps, break.
Weighted average ef: 642.745
Training convergence-bucket 2 [62.4334, 71.2249) with 400 queries.
Average Recall: 0.8658
Initial average recall with ef=100: 0.867143
Average Recall: 0.911126
Initial average recall with ef=150: 0.912225
Weighted average ef: 267.34
Training convergence-bucket 3 [71.2249, 77.2476) with 400 queries.
Average Recall: 0.9324
Initial average recall with ef=100: 0.931138
Average Recall: 0.957801
Initial average recall with ef=150: 0.956984
Recall diff is too small for 1 consecutive steps, break.
Weighted average ef: 151.363
Training convergence-bucket 4 [77.2476, inf) with 400 queries.
Average Recall: 0.960875
Initial average recall with ef=100: 0.962869
Average Recall: 0.9782
Initial average recall with ef=150: 0.979974
Weighted average ef: 115.292
Reconstructed True WAE: 286.976 (Hard Pct: 0.02505)
Search time: 1251 ms
Search time: 1239 ms
Search time: 1222 ms
Average Recall: 0.97216
5th percentile recall: 0.87
1st percentile recall: 0.78
Median search time: 1239 ms
Search times: 1222 ms, 1239 ms, 1251 ms, 
word2vec-300-angular experiment results:
statisc_length, time, avg_recall, 5th_percentile_recall, 1st_percentile_recall, recall_above_99, recall_above_95, recall_above_90
1025, 1239, 0.97216, 0.87, 0.78, 585, 804, 917
Experiment finished

--- n_convergence_buckets: 10 ---

Loading samplings from /home/ryawszn/experiments/shiro-ef/sampling/word2vec-300-angular-samplings--k100-ef.bin
Samplings loaded from /home/ryawszn/experiments/shiro-ef/sampling/word2vec-300-angular-samplings--k100-ef.bin
Average Recall: 0.814942
Initial average recall with ef=100: 0.815848
Average Recall: 0.863051
Initial average recall with ef=150: 0.86389
Recall diff is too small for 1 consecutive steps, break.
Recall diff is too small for 1 consecutive steps, break.
Weighted average ef: 437.12
Training convergence-bucket 0 [16.7157, 45.4324) with 200 queries.
Average Recall: 0.57135
Initial average recall with ef=100: 0.570765
Average Recall: 0.65215
Initial average recall with ef=150: 0.655191
Weighted average ef: 910.955
Training convergence-bucket 1 [45.4324, 49.0301) with 200 queries.
Average Recall: 0.60335
Initial average recall with ef=100: 0.605464
Average Recall: 0.6891
Initial average recall with ef=150: 0.691749
Recall diff is too small for 1 consecutive steps, break.
Weighted average ef: 862.14
Training convergence-bucket 2 [49.0301, 55.234) with 200 queries.
Average Recall: 0.66035
Initial average recall with ef=100: 0.656167
Average Recall: 0.74275
Initial average recall with ef=150: 0.737389
Recall diff is too small for 1 consecutive steps, break.
Recall diff is too small for 1 consecutive steps, break.
Weighted average ef: 763.465
Training convergence-bucket 3 [55.234, 62.4334) with 200 queries.
Average Recall: 0.79625
Initial average recall with ef=100: 0.792454
Average Recall: 0.8523
Initial average recall with ef=150: 0.849755
Recall diff is too small for 1 consecutive steps, break.
Recall diff is too small for 1 consecutive steps, break.
Weighted average ef: 436.295
Training convergence-bucket 4 [62.4334, 67.152) with 200 queries.
Average Recall: 0.84685
Initial average recall with ef=100: 0.845575
Average Recall: 0.89615
Initial average recall with ef=150: 0.895517
Weighted average ef: 304.035
Training convergence-bucket 5 [67.152, 71.2249) with 200 queries.
Average Recall: 0.88475
Initial average recall with ef=100: 0.88689
Average Recall: 0.9261
Initial average recall with ef=150: 0.927927
Recall diff is too small for 1 consecutive steps, break.
Weighted average ef: 204.79
Training convergence-bucket 6 [71.2249, 74.3644) with 200 queries.
Average Recall: 0.9248
Initial average recall with ef=100: 0.920588
Average Recall: 0.95235
Initial average recall with ef=150: 0.949765
Weighted average ef: 154.235
Training convergence-bucket 7 [74.3644, 77.2476) with 200 queries.
Average Recall: 0.94
Initial average recall with ef=100: 0.938197
Average Recall: 0.96325
Initial average recall with ef=150: 0.961694
Weighted average ef: 139.645
Training convergence-bucket 8 [77.2476, 80.0452) with 200 queries.
Average Recall: 0.9551
Initial average recall with ef=100: 0.957811
Average Recall: 0.9752
Initial average recall with ef=150: 0.977574
Weighted average ef: 101
Training convergence-bucket 9 [80.0452, inf) with 200 queries.
Average Recall: 0.96665
Initial average recall with ef=100: 0.968095
Average Recall: 0.9812
Initial average recall with ef=150: 0.982857
Weighted average ef: 97.715
Reconstructed True WAE: 289.225 (Hard Pct: 0.02505)
Search time: 1286 ms
Search time: 1284 ms
Search time: 1254 ms
Average Recall: 0.9731
5th percentile recall: 0.88
1st percentile recall: 0.8
Median search time: 1284 ms
Search times: 1254 ms, 1284 ms, 1286 ms, 
word2vec-300-angular experiment results:
statisc_length, time, avg_recall, 5th_percentile_recall, 1st_percentile_recall, recall_above_99, recall_above_95, recall_above_90
1025, 1284, 0.9731, 0.88, 0.8, 588, 805, 920
Experiment finished

--- n_convergence_buckets: 15 ---

Loading samplings from /home/ryawszn/experiments/shiro-ef/sampling/word2vec-300-angular-samplings--k100-ef.bin
Samplings loaded from /home/ryawszn/experiments/shiro-ef/sampling/word2vec-300-angular-samplings--k100-ef.bin
Average Recall: 0.814942
Initial average recall with ef=100: 0.815848
Average Recall: 0.863051
Initial average recall with ef=150: 0.86389
Recall diff is too small for 1 consecutive steps, break.
Recall diff is too small for 1 consecutive steps, break.
Weighted average ef: 437.12
Training convergence-bucket 0 [16.7157, 43.7983) with 133 queries.
Average Recall: 0.565263
Initial average recall with ef=100: 0.565702
Average Recall: 0.648647
Initial average recall with ef=150: 0.653636
Recall diff is too small for 1 consecutive steps, break.
Recall diff is too small for 1 consecutive steps, break.
Weighted average ef: 898.015
Training convergence-bucket 1 [43.7983, 46.5903) with 133 queries.
Average Recall: 0.603383
Initial average recall with ef=100: 0.59775
Average Recall: 0.680451
Initial average recall with ef=150: 0.67725
Recall diff is too small for 1 consecutive steps, break.
Recall diff is too small for 1 consecutive steps, break.
Recall diff is too small for 1 consecutive steps, break.
Weighted average ef: 831.962
Training convergence-bucket 2 [46.5903, 49.0182) with 133 queries.
Average Recall: 0.593308
Initial average recall with ef=100: 0.597899
Average Recall: 0.682857
Initial average recall with ef=150: 0.687563
Recall diff is too small for 1 consecutive steps, break.
Weighted average ef: 824.729
Training convergence-bucket 3 [49.0182, 51.1158) with 133 queries.
Average Recall: 0.648647
Initial average recall with ef=100: 0.634359
Average Recall: 0.728045
Initial average recall with ef=150: 0.71812
Recall diff is too small for 1 consecutive steps, break.
Recall diff is too small for 1 consecutive steps, break.
Weighted average ef: 811.06
Training convergence-bucket 4 [51.1158, 58.1606) with 133 queries.
Average Recall: 0.727368
Initial average recall with ef=100: 0.713737
Average Recall: 0.79985
Initial average recall with ef=150: 0.785859
Recall diff is too small for 1 consecutive steps, break.
Weighted average ef: 529.444
Training convergence-bucket 5 [58.1606, 62.3614) with 133 queries.
Average Recall: 0.80812
Initial average recall with ef=100: 0.806546
Average Recall: 0.86376
Initial average recall with ef=150: 0.862636
Weighted average ef: 379.699
Training convergence-bucket 6 [62.3614, 65.8446) with 133 queries.
Average Recall: 0.840451
Initial average recall with ef=100: 0.835517
Average Recall: 0.891504
Initial average recall with ef=150: 0.887759
Weighted average ef: 344.376
Training convergence-bucket 7 [65.8446, 68.5713) with 133 queries.
Average Recall: 0.868722
Initial average recall with ef=100: 0.877523
Average Recall: 0.913835
Initial average recall with ef=150: 0.920459
Weighted average ef: 206.128
Training convergence-bucket 8 [68.5713, 71.1877) with 133 queries.
Average Recall: 0.883534
Initial average recall with ef=100: 0.880808
Average Recall: 0.924587
Initial average recall with ef=150: 0.923232
Weighted average ef: 210.346
Training convergence-bucket 9 [71.1877, 73.3812) with 133 queries.
Average Recall: 0.924887
Initial average recall with ef=100: 0.918485
Average Recall: 0.950752
Initial average recall with ef=150: 0.947273
Weighted average ef: 136.459
Training convergence-bucket 10 [73.3812, 75.3697) with 133 queries.
Average Recall: 0.92782
Initial average recall with ef=100: 0.92875
Average Recall: 0.955414
Initial average recall with ef=150: 0.956964
Weighted average ef: 146.06
Training convergence-bucket 11 [75.3697, 77.1954) with 133 queries.
Average Recall: 0.944662
Initial average recall with ef=100: 0.948942
Average Recall: 0.966992
Initial average recall with ef=150: 0.969135
Weighted average ef: 107.421
Training convergence-bucket 12 [77.1954, 78.9633) with 133 queries.
Average Recall: 0.953008
Initial average recall with ef=100: 0.954456
Average Recall: 0.973158
Initial average recall with ef=150: 0.974258
Weighted average ef: 97.7444
Training convergence-bucket 13 [78.9633, 81.1247) with 133 queries.
Average Recall: 0.956842
Initial average recall with ef=100: 0.957191
Average Recall: 0.976391
Initial average recall with ef=150: 0.97809
Weighted average ef: 84.2105
Training convergence-bucket 14 [81.1247, inf) with 138 queries.
Average Recall: 0.972246
Initial average recall with ef=100: 0.973229
Average Recall: 0.985
Initial average recall with ef=150: 0.985208
Weighted average ef: 77.529
Reconstructed True WAE: 289.616 (Hard Pct: 0.02505)
Search time: 1292 ms
Search time: 1296 ms
Search time: 1327 ms
Average Recall: 0.97304
5th percentile recall: 0.88
1st percentile recall: 0.79
Median search time: 1296 ms
Search times: 1292 ms, 1296 ms, 1327 ms, 
word2vec-300-angular experiment results:
statisc_length, time, avg_recall, 5th_percentile_recall, 1st_percentile_recall, recall_above_99, recall_above_95, recall_above_90
1025, 1296, 0.97304, 0.88, 0.79, 592, 804, 919
Experiment finished

--- n_convergence_buckets: 20 ---

Loading samplings from /home/ryawszn/experiments/shiro-ef/sampling/word2vec-300-angular-samplings--k100-ef.bin
Samplings loaded from /home/ryawszn/experiments/shiro-ef/sampling/word2vec-300-angular-samplings--k100-ef.bin
Average Recall: 0.814942
Initial average recall with ef=100: 0.815848
Average Recall: 0.863051
Initial average recall with ef=150: 0.86389
Recall diff is too small for 1 consecutive steps, break.
Recall diff is too small for 1 consecutive steps, break.
Weighted average ef: 437.12
Training convergence-bucket 0 [16.7157, 42.5979) with 100 queries.
Average Recall: 0.558
Initial average recall with ef=100: 0.566471
Average Recall: 0.6379
Initial average recall with ef=150: 0.652353
Weighted average ef: 828.33
Training convergence-bucket 1 [42.5979, 45.4324) with 100 queries.
Average Recall: 0.5847
Initial average recall with ef=100: 0.582308
Average Recall: 0.6664
Initial average recall with ef=150: 0.667033
Recall diff is too small for 1 consecutive steps, break.
Recall diff is too small for 1 consecutive steps, break.
Weighted average ef: 853.06
Training convergence-bucket 2 [45.4324, 47.3674) with 100 queries.
Average Recall: 0.6218
Initial average recall with ef=100: 0.608989
Average Recall: 0.7097
Initial average recall with ef=150: 0.699551
Recall diff is too small for 1 consecutive steps, break.
Recall diff is too small for 1 consecutive steps, break.
Weighted average ef: 764.07
Training convergence-bucket 3 [47.3674, 49.0301) with 100 queries.
Average Recall: 0.5849
Initial average recall with ef=100: 0.599294
Average Recall: 0.6685
Initial average recall with ef=150: 0.680588
Recall diff is too small for 1 consecutive steps, break.
Recall diff is too small for 1 consecutive steps, break.
Weighted average ef: 803.69
Training convergence-bucket 4 [49.0301, 50.5259) with 100 queries.
Average Recall: 0.659
Initial average recall with ef=100: 0.640741
Average Recall: 0.7357
Initial average recall with ef=150: 0.723086
Recall diff is too small for 1 consecutive steps, break.
Weighted average ef: 710.65
Training convergence-bucket 5 [50.5259, 55.234) with 100 queries.
Average Recall: 0.6617
Initial average recall with ef=100: 0.658537
Average Recall: 0.7498
Initial average recall with ef=150: 0.741342
Recall diff is too small for 1 consecutive steps, break.
Weighted average ef: 674.88
Training convergence-bucket 6 [55.234, 59.3457) with 100 queries.
Average Recall: 0.7805
Initial average recall with ef=100: 0.771029
Average Recall: 0.8377
Initial average recall with ef=150: 0.832647
Weighted average ef: 394.29
Training convergence-bucket 7 [59.3457, 62.4334) with 100 queries.
Average Recall: 0.812
Initial average recall with ef=100: 0.819091
Average Recall: 0.8669
Initial average recall with ef=150: 0.871429
Recall diff is too small for 1 consecutive steps, break.
Weighted average ef: 344
Training convergence-bucket 8 [62.4334, 65.2514) with 100 queries.
Average Recall: 0.8295
Initial average recall with ef=100: 0.825233
Average Recall: 0.8834
Initial average recall with ef=150: 0.881047
Weighted average ef: 384.69
Training convergence-bucket 9 [65.2514, 67.152) with 100 queries.
Average Recall: 0.8642
Initial average recall with ef=100: 0.863704
Average Recall: 0.9089
Initial average recall with ef=150: 0.909012
Weighted average ef: 246.28
Training convergence-bucket 10 [67.152, 69.3115) with 100 queries.
Average Recall: 0.8764
Initial average recall with ef=100: 0.890127
Average Recall: 0.9194
Initial average recall with ef=150: 0.92962
Weighted average ef: 199.71
Training convergence-bucket 11 [69.3115, 71.2249) with 100 queries.
Average Recall: 0.8931
Initial average recall with ef=100: 0.890135
Average Recall: 0.9328
Initial average recall with ef=150: 0.931216
Recall diff is too small for 1 consecutive steps, break.
Weighted average ef: 194.89
Training convergence-bucket 12 [71.2249, 72.8966) with 100 queries.
Average Recall: 0.9237
Initial average recall with ef=100: 0.914706
Average Recall: 0.9505
Initial average recall with ef=150: 0.945147
Recall diff is too small for 1 consecutive steps, break.
Weighted average ef: 133.94
Training convergence-bucket 13 [72.8966, 74.3644) with 100 queries.
Average Recall: 0.9259
Initial average recall with ef=100: 0.926667
Average Recall: 0.9542
Initial average recall with ef=150: 0.955256
Weighted average ef: 125.32
Training convergence-bucket 14 [74.3644, 75.7664) with 100 queries.
Average Recall: 0.9373
Initial average recall with ef=100: 0.933333
Average Recall: 0.9606
Initial average recall with ef=150: 0.957857
Weighted average ef: 129.66
Training convergence-bucket 15 [75.7664, 77.2476) with 100 queries.
Average Recall: 0.9427
Initial average recall with ef=100: 0.952676
Average Recall: 0.9659
Initial average recall with ef=150: 0.972958
Weighted average ef: 88
Training convergence-bucket 16 [77.2476, 78.6042) with 100 queries.
Average Recall: 0.9526
Initial average recall with ef=100: 0.958
Average Recall: 0.9726
Initial average recall with ef=150: 0.974923
Weighted average ef: 82
Training convergence-bucket 17 [78.6042, 80.0452) with 100 queries.
Average Recall: 0.9576
Initial average recall with ef=100: 0.959211
Average Recall: 0.9778
Initial average recall with ef=150: 0.979079
Weighted average ef: 95
Training convergence-bucket 18 [80.0452, 82.0146) with 100 queries.
Average Recall: 0.9605
Initial average recall with ef=100: 0.961563
Average Recall: 0.9765
Initial average recall with ef=150: 0.977969
Weighted average ef: 80.51
Training convergence-bucket 19 [82.0146, inf) with 100 queries.
Average Recall: 0.9728
Initial average recall with ef=100: 0.982105
Average Recall: 0.9859
Initial average recall with ef=150: 0.989649
Weighted average ef: 58.5
Reconstructed True WAE: 282.86 (Hard Pct: 0.02505)
Search time: 1255 ms
Search time: 1254 ms
Search time: 1243 ms
Average Recall: 0.97229
5th percentile recall: 0.88
1st percentile recall: 0.79
Median search time: 1254 ms
Search times: 1243 ms, 1254 ms, 1255 ms, 
word2vec-300-angular experiment results:
statisc_length, time, avg_recall, 5th_percentile_recall, 1st_percentile_recall, recall_above_99, recall_above_95, recall_above_90
1025, 1254, 0.97229, 0.88, 0.79, 584, 799, 918
Experiment finished


Dataset: sift10m-128-euclidean
Metric: l2
Data vectors dimensions: 10000000 x 128
Query vectors dimensions: 1000 x 128
Neighbors dimensions: 1000 x 100
Index loaded
Dimension of space:128
Data size of space:512

--- n_convergence_buckets: 0 ---

Loading samplings from /home/ryawszn/experiments/shiro-ef/sampling/sift10m-128-euclidean-samplings--k100-ef.bin
Samplings loaded from /home/ryawszn/experiments/shiro-ef/sampling/sift10m-128-euclidean-samplings--k100-ef.bin
Average Recall: 0.858042
Initial average recall with ef=100: 0.858457
Average Recall: 0.903745
Initial average recall with ef=150: 0.904128
Recall diff is too small for 1 consecutive steps, break.
Weighted average ef: 298.081
Training absolute cv-matrix bin 42 with 5 queries.
Average Recall: 0.71
Initial average recall with ef=100: -nan
Average Recall: 0.764
Initial average recall with ef=150: -nan
Weighted average ef: 0
Training absolute cv-matrix bin 43 with 8 queries.
Average Recall: 0.69625
Initial average recall with ef=100: 0.77
Average Recall: 0.76
Initial average recall with ef=150: 0.803333
Weighted average ef: 375
Training absolute cv-matrix bin 45 with 5 queries.
Average Recall: 0.682
Initial average recall with ef=100: 0.76
Average Recall: 0.744
Initial average recall with ef=150: 0.82
Weighted average ef: 264.6
Training absolute cv-matrix bin 46 with 5 queries.
Average Recall: 0.662
Initial average recall with ef=100: -nan
Average Recall: 0.742
Initial average recall with ef=150: -nan
Weighted average ef: 0
Training absolute cv-matrix bin 47 with 11 queries.
Average Recall: 0.679091
Initial average recall with ef=100: 0.69
Average Recall: 0.758182
Initial average recall with ef=150: 0.775
Weighted average ef: 363.636
Training absolute cv-matrix bin 48 with 8 queries.
Average Recall: 0.6175
Initial average recall with ef=100: -nan
Average Recall: 0.70625
Initial average recall with ef=150: -nan
Weighted average ef: 0
Training absolute cv-matrix bin 49 with 16 queries.
Average Recall: 0.706875
Initial average recall with ef=100: 0.685
Average Recall: 0.78125
Initial average recall with ef=150: 0.756667
Weighted average ef: 276.188
Training absolute cv-matrix bin 50 with 21 queries.
Average Recall: 0.662857
Initial average recall with ef=100: 0.662
Average Recall: 0.749524
Initial average recall with ef=150: 0.742667
Weighted average ef: 587.048
Training absolute cv-matrix bin 51 with 21 queries.
Average Recall: 0.680952
Initial average recall with ef=100: 0.676
Average Recall: 0.75
Initial average recall with ef=150: 0.758
Weighted average ef: 131.905
Training absolute cv-matrix bin 52 with 32 queries.
Average Recall: 0.654063
Initial average recall with ef=100: 0.660909
Average Recall: 0.728125
Initial average recall with ef=150: 0.740909
Recall diff is too small for 1 consecutive steps, break.
Weighted average ef: 485.406
Training absolute cv-matrix bin 53 with 35 queries.
Average Recall: 0.677143
Initial average recall with ef=100: 0.656522
Average Recall: 0.756857
Initial average recall with ef=150: 0.741739
Weighted average ef: 568.714
Training absolute cv-matrix bin 54 with 33 queries.
Average Recall: 0.679394
Initial average recall with ef=100: 0.6848
Average Recall: 0.755758
Initial average recall with ef=150: 0.7612
Weighted average ef: 495.97
Training absolute cv-matrix bin 55 with 47 queries.
Average Recall: 0.683404
Initial average recall with ef=100: 0.687027
Average Recall: 0.761064
Initial average recall with ef=150: 0.764595
Weighted average ef: 554.192
Training absolute cv-matrix bin 56 with 48 queries.
Average Recall: 0.70875
Initial average recall with ef=100: 0.707895
Average Recall: 0.787917
Initial average recall with ef=150: 0.784737
Weighted average ef: 503.542
Training absolute cv-matrix bin 57 with 62 queries.
Average Recall: 0.717258
Initial average recall with ef=100: 0.702692
Average Recall: 0.788871
Initial average recall with ef=150: 0.776538
Weighted average ef: 506.919
Training absolute cv-matrix bin 58 with 72 queries.
Average Recall: 0.725556
Initial average recall with ef=100: 0.712712
Average Recall: 0.791944
Initial average recall with ef=150: 0.781525
Weighted average ef: 519.931
Training absolute cv-matrix bin 59 with 28 queries.
Average Recall: 0.786071
Initial average recall with ef=100: 0.775
Average Recall: 0.854286
Initial average recall with ef=150: 0.8475
Weighted average ef: 184.857
Training absolute cv-matrix bin 60 with 19 queries.
Average Recall: 0.828421
Initial average recall with ef=100: 0.848333
Average Recall: 0.892632
Initial average recall with ef=150: 0.896667
Weighted average ef: 81.4737
Training absolute cv-matrix bin 61 with 26 queries.
Average Recall: 0.791538
Initial average recall with ef=100: 0.792308
Average Recall: 0.851154
Initial average recall with ef=150: 0.841538
Weighted average ef: 193.385
Training absolute cv-matrix bin 62 with 42 queries.
Average Recall: 0.797857
Initial average recall with ef=100: 0.79619
Average Recall: 0.860476
Initial average recall with ef=150: 0.862381
Weighted average ef: 186.095
Training absolute cv-matrix bin 63 with 56 queries.
Average Recall: 0.817857
Initial average recall with ef=100: 0.805526
Average Recall: 0.873571
Initial average recall with ef=150: 0.863421
Weighted average ef: 231.661
Training absolute cv-matrix bin 64 with 55 queries.
Average Recall: 0.818545
Initial average recall with ef=100: 0.827368
Average Recall: 0.879273
Initial average recall with ef=150: 0.891579
Weighted average ef: 192.145
Training absolute cv-matrix bin 65 with 62 queries.
Average Recall: 0.830807
Initial average recall with ef=100: 0.829048
Average Recall: 0.890484
Initial average recall with ef=150: 0.891667
Weighted average ef: 198.306
Training absolute cv-matrix bin 66 with 59 queries.
Average Recall: 0.84678
Initial average recall with ef=100: 0.841667
Average Recall: 0.899153
Initial average recall with ef=150: 0.893571
Weighted average ef: 200.966
Training absolute cv-matrix bin 67 with 66 queries.
Average Recall: 0.867576
Initial average recall with ef=100: 0.861765
Average Recall: 0.917273
Initial average recall with ef=150: 0.912157
Weighted average ef: 191.545
Training absolute cv-matrix bin 68 with 57 queries.
Average Recall: 0.866316
Initial average recall with ef=100: 0.861316
Average Recall: 0.917895
Initial average recall with ef=150: 0.916579
Weighted average ef: 172.895
Training absolute cv-matrix bin 69 with 57 queries.
Average Recall: 0.867193
Initial average recall with ef=100: 0.851282
Average Recall: 0.919649
Initial average recall with ef=150: 0.909744
Weighted average ef: 168.316
Training absolute cv-matrix bin 70 with 81 queries.
Average Recall: 0.880987
Initial average recall with ef=100: 0.879649
Average Recall: 0.927901
Initial average recall with ef=150: 0.926842
Weighted average ef: 157.852
Training absolute cv-matrix bin 71 with 95 queries.
Average Recall: 0.892842
Initial average recall with ef=100: 0.891176
Average Recall: 0.933474
Initial average recall with ef=150: 0.933676
Weighted average ef: 144.463
Training absolute cv-matrix bin 72 with 78 queries.
Average Recall: 0.91359
Initial average recall with ef=100: 0.907667
Average Recall: 0.953077
Initial average recall with ef=150: 0.948
Weighted average ef: 144.513
Training absolute cv-matrix bin 73 with 79 queries.
Average Recall: 0.904937
Initial average recall with ef=100: 0.899623
Average Recall: 0.947721
Initial average recall with ef=150: 0.946981
Weighted average ef: 118.975
Training absolute cv-matrix bin 74 with 70 queries.
Average Recall: 0.924
Initial average recall with ef=100: 0.9275
Average Recall: 0.957857
Initial average recall with ef=150: 0.959545
Weighted average ef: 100.714
Training absolute cv-matrix bin 75 with 76 queries.
Average Recall: 0.928684
Initial average recall with ef=100: 0.93283
Average Recall: 0.964868
Initial average recall with ef=150: 0.96717
Weighted average ef: 103.289
Training absolute cv-matrix bin 76 with 78 queries.
Average Recall: 0.941026
Initial average recall with ef=100: 0.943443
Average Recall: 0.971795
Initial average recall with ef=150: 0.972459
Weighted average ef: 103.205
Training absolute cv-matrix bin 77 with 75 queries.
Average Recall: 0.960133
Initial average recall with ef=100: 0.961429
Average Recall: 0.982267
Initial average recall with ef=150: 0.9825
Weighted average ef: 80.6667
Training absolute cv-matrix bin 78 with 74 queries.
Average Recall: 0.958919
Initial average recall with ef=100: 0.966182
Average Recall: 0.980271
Initial average recall with ef=150: 0.984
Weighted average ef: 85.1351
Training absolute cv-matrix bin 79 with 51 queries.
Average Recall: 0.965882
Initial average recall with ef=100: 0.97125
Average Recall: 0.987843
Initial average recall with ef=150: 0.989167
Weighted average ef: 50
Training absolute cv-matrix bin 80 with 52 queries.
Average Recall: 0.962885
Initial average recall with ef=100: 0.97125
Average Recall: 0.981923
Initial average recall with ef=150: 0.98875
Weighted average ef: 65.3846
Training absolute cv-matrix bin 81 with 53 queries.
Average Recall: 0.978302
Initial average recall with ef=100: 0.977778
Average Recall: 0.991887
Initial average recall with ef=150: 0.992222
Weighted average ef: 67.9245
Training absolute cv-matrix bin 82 with 43 queries.
Average Recall: 0.974418
Initial average recall with ef=100: 0.991667
Average Recall: 0.987442
Initial average recall with ef=150: 0.99875
Weighted average ef: 55.814
Training absolute cv-matrix bin 83 with 47 queries.
Average Recall: 0.98617
Initial average recall with ef=100: 0.991389
Average Recall: 0.99383
Initial average recall with ef=150: 0.996944
Weighted average ef: 76.5957
Training absolute cv-matrix bin 84 with 36 queries.
Average Recall: 0.993889
Initial average recall with ef=100: 0.995
Average Recall: 0.998056
Initial average recall with ef=150: 0.998333
Weighted average ef: 83.3333
Training absolute cv-matrix bin 85 with 15 queries.
Average Recall: 0.984667
Initial average recall with ef=100: 0.989091
Average Recall: 0.993333
Initial average recall with ef=150: 0.993636
Weighted average ef: 73.3333
Training absolute cv-matrix bin 86 with 21 queries.
Average Recall: 0.994762
Initial average recall with ef=100: 0.996875
Average Recall: 0.999524
Initial average recall with ef=150: 0.999375
Weighted average ef: 76.1905
Training absolute cv-matrix bin 87 with 7 queries.
Average Recall: 0.988571
Initial average recall with ef=100: 0.988571
Average Recall: 0.998571
Initial average recall with ef=150: 0.998571
Weighted average ef: 100
Reconstructed True WAE: 100 (Hard Pct: 0.0193)
Search time: 487 ms
Search time: 446 ms
Search time: 466 ms
Average Recall: 0.86009
5th percentile recall: 0.64
1st percentile recall: 0.52
Median search time: 466 ms
Search times: 446 ms, 466 ms, 487 ms, 
sift10m-128-euclidean experiment results:
statisc_length, time, avg_recall, 5th_percentile_recall, 1st_percentile_recall, recall_above_99, recall_above_95, recall_above_90
1025, 466, 0.86009, 0.64, 0.52, 115, 243, 434
Experiment finished

--- n_convergence_buckets: 5 ---

Loading samplings from /home/ryawszn/experiments/shiro-ef/sampling/sift10m-128-euclidean-samplings--k100-ef.bin
Samplings loaded from /home/ryawszn/experiments/shiro-ef/sampling/sift10m-128-euclidean-samplings--k100-ef.bin
Average Recall: 0.858042
Initial average recall with ef=100: 0.858457
Average Recall: 0.903745
Initial average recall with ef=150: 0.904128
Recall diff is too small for 1 consecutive steps, break.
Weighted average ef: 298.081
Training convergence-bucket 0 [22.4341, 58.4954) with 400 queries.
Average Recall: 0.6907
Initial average recall with ef=100: 0.687235
Average Recall: 0.765575
Initial average recall with ef=150: 0.762791
Recall diff is too small for 1 consecutive steps, break.
Weighted average ef: 651.418
Training convergence-bucket 1 [58.4954, 67.1803) with 400 queries.
Average Recall: 0.811
Initial average recall with ef=100: 0.808917
Average Recall: 0.870925
Initial average recall with ef=150: 0.86933
Recall diff is too small for 1 consecutive steps, break.
Weighted average ef: 345.51
Training convergence-bucket 2 [67.1803, 72.7911) with 400 queries.
Average Recall: 0.883225
Initial average recall with ef=100: 0.883899
Average Recall: 0.929126
Initial average recall with ef=150: 0.929798
Weighted average ef: 215.21
Training convergence-bucket 3 [72.7911, 78.0557) with 400 queries.
Average Recall: 0.930725
Initial average recall with ef=100: 0.933003
Average Recall: 0.96415
Initial average recall with ef=150: 0.965827
Weighted average ef: 145.083
Training convergence-bucket 4 [78.0557, inf) with 400 queries.
Average Recall: 0.974575
Initial average recall with ef=100: 0.976072
Average Recall: 0.988975
Initial average recall with ef=150: 0.989949
Weighted average ef: 105.458
Reconstructed True WAE: 217.585 (Hard Pct: 0.0193)
Search time: 1076 ms
Search time: 1103 ms
Search time: 1071 ms
Average Recall: 0.98142
5th percentile recall: 0.94
1st percentile recall: 0.91
Median search time: 1076 ms
Search times: 1071 ms, 1076 ms, 1103 ms, 
sift10m-128-euclidean experiment results:
statisc_length, time, avg_recall, 5th_percentile_recall, 1st_percentile_recall, recall_above_99, recall_above_95, recall_above_90
1025, 1076, 0.98142, 0.94, 0.91, 540, 885, 993
Experiment finished

--- n_convergence_buckets: 10 ---

Loading samplings from /home/ryawszn/experiments/shiro-ef/sampling/sift10m-128-euclidean-samplings--k100-ef.bin
Samplings loaded from /home/ryawszn/experiments/shiro-ef/sampling/sift10m-128-euclidean-samplings--k100-ef.bin
Average Recall: 0.858042
Initial average recall with ef=100: 0.858457
Average Recall: 0.903745
Initial average recall with ef=150: 0.904128
Recall diff is too small for 1 consecutive steps, break.
Weighted average ef: 298.081
Training convergence-bucket 0 [22.4341, 54.8694) with 200 queries.
Average Recall: 0.67325
Initial average recall with ef=100: 0.667011
Average Recall: 0.7494
Initial average recall with ef=150: 0.744456
Weighted average ef: 694.02
Training convergence-bucket 1 [54.8694, 58.4954) with 200 queries.
Average Recall: 0.70815
Initial average recall with ef=100: 0.705445
Average Recall: 0.78175
Initial average recall with ef=150: 0.779791
Weighted average ef: 563.91
Training convergence-bucket 2 [58.4954, 63.9193) with 200 queries.
Average Recall: 0.78685
Initial average recall with ef=100: 0.781676
Average Recall: 0.84955
Initial average recall with ef=150: 0.845459
Recall diff is too small for 1 consecutive steps, break.
Weighted average ef: 392.465
Training convergence-bucket 3 [63.9193, 67.1803) with 200 queries.
Average Recall: 0.83515
Initial average recall with ef=100: 0.832344
Average Recall: 0.8923
Initial average recall with ef=150: 0.890469
Weighted average ef: 285.535
Training convergence-bucket 4 [67.1803, 70.45) with 200 queries.
Average Recall: 0.86965
Initial average recall with ef=100: 0.867554
Average Recall: 0.9203
Initial average recall with ef=150: 0.918967
Weighted average ef: 217.72
Training convergence-bucket 5 [70.45, 72.7911) with 200 queries.
Average Recall: 0.8968
Initial average recall with ef=100: 0.894603
Average Recall: 0.937951
Initial average recall with ef=150: 0.936719
Weighted average ef: 192.07
Training convergence-bucket 6 [72.7911, 75.4077) with 200 queries.
Average Recall: 0.91425
Initial average recall with ef=100: 0.915519
Average Recall: 0.9532
Initial average recall with ef=150: 0.954645
Weighted average ef: 152.915
Training convergence-bucket 7 [75.4077, 78.0557) with 200 queries.
Average Recall: 0.9472
Initial average recall with ef=100: 0.94866
Average Recall: 0.9751
Initial average recall with ef=150: 0.975722
Weighted average ef: 122.5
Training convergence-bucket 8 [78.0557, 81.4853) with 200 queries.
Average Recall: 0.96405
Initial average recall with ef=100: 0.967958
Average Recall: 0.98415
Initial average recall with ef=150: 0.986702
Weighted average ef: 105.25
Training convergence-bucket 9 [81.4853, inf) with 200 queries.
Average Recall: 0.985101
Initial average recall with ef=100: 0.98978
Average Recall: 0.9938
Initial average recall with ef=150: 0.996703
Weighted average ef: 91
Reconstructed True WAE: 214.323 (Hard Pct: 0.0193)
Search time: 1061 ms
Search time: 1067 ms
Search time: 1085 ms
Average Recall: 0.98107
5th percentile recall: 0.94
1st percentile recall: 0.92
Median search time: 1067 ms
Search times: 1061 ms, 1067 ms, 1085 ms, 
sift10m-128-euclidean experiment results:
statisc_length, time, avg_recall, 5th_percentile_recall, 1st_percentile_recall, recall_above_99, recall_above_95, recall_above_90
1025, 1067, 0.98107, 0.94, 0.92, 515, 891, 994
Experiment finished

--- n_convergence_buckets: 15 ---

Loading samplings from /home/ryawszn/experiments/shiro-ef/sampling/sift10m-128-euclidean-samplings--k100-ef.bin
Samplings loaded from /home/ryawszn/experiments/shiro-ef/sampling/sift10m-128-euclidean-samplings--k100-ef.bin
Average Recall: 0.858042
Initial average recall with ef=100: 0.858457
Average Recall: 0.903745
Initial average recall with ef=150: 0.904128
Recall diff is too small for 1 consecutive steps, break.
Weighted average ef: 298.081
Training convergence-bucket 0 [22.4341, 52.71) with 133 queries.
Average Recall: 0.672857
Initial average recall with ef=100: 0.675043
Average Recall: 0.74797
Initial average recall with ef=150: 0.750256
Weighted average ef: 654.241
Training convergence-bucket 1 [52.71, 56.2869) with 133 queries.
Average Recall: 0.681053
Initial average recall with ef=100: 0.679832
Average Recall: 0.758196
Initial average recall with ef=150: 0.756387
Recall diff is too small for 1 consecutive steps, break.
Weighted average ef: 641.917
Training convergence-bucket 2 [56.2869, 58.4937) with 133 queries.
Average Recall: 0.717895
Initial average recall with ef=100: 0.711626
Average Recall: 0.79015
Initial average recall with ef=150: 0.784878
Weighted average ef: 533.496
Training convergence-bucket 3 [58.4937, 62.5193) with 133 queries.
Average Recall: 0.77406
Initial average recall with ef=100: 0.76563
Average Recall: 0.839399
Initial average recall with ef=150: 0.832605
Recall diff is too small for 1 consecutive steps, break.
Weighted average ef: 408.105
Training convergence-bucket 4 [62.5193, 65.0366) with 133 queries.
Average Recall: 0.816165
Initial average recall with ef=100: 0.811074
Average Recall: 0.874963
Initial average recall with ef=150: 0.871818
Weighted average ef: 298.94
Training convergence-bucket 5 [65.0366, 67.1613) with 133 queries.
Average Recall: 0.841504
Initial average recall with ef=100: 0.841176
Average Recall: 0.897293
Initial average recall with ef=150: 0.896723
Weighted average ef: 260.263
Training convergence-bucket 6 [67.1613, 69.4087) with 133 queries.
Average Recall: 0.867368
Initial average recall with ef=100: 0.863879
Average Recall: 0.917594
Initial average recall with ef=150: 0.914397
Weighted average ef: 221.601
Training convergence-bucket 7 [69.4087, 71.1776) with 133 queries.
Average Recall: 0.87594
Initial average recall with ef=100: 0.873675
Average Recall: 0.924286
Initial average recall with ef=150: 0.924017
Weighted average ef: 204.474
Training convergence-bucket 8 [71.1776, 72.7581) with 133 queries.
Average Recall: 0.904737
Initial average recall with ef=100: 0.905169
Average Recall: 0.94406
Initial average recall with ef=150: 0.945254
Weighted average ef: 160.496
Training convergence-bucket 9 [72.7581, 74.4494) with 133 queries.
Average Recall: 0.908872
Initial average recall with ef=100: 0.907706
Average Recall: 0.949925
Initial average recall with ef=150: 0.95055
Weighted average ef: 141.534
Training convergence-bucket 10 [74.4494, 76.2153) with 133 queries.
Average Recall: 0.931278
Initial average recall with ef=100: 0.93708
Average Recall: 0.964887
Initial average recall with ef=150: 0.968496
Weighted average ef: 124.451
Training convergence-bucket 11 [76.2153, 77.9685) with 133 queries.
Average Recall: 0.951128
Initial average recall with ef=100: 0.952966
Average Recall: 0.977519
Initial average recall with ef=150: 0.978051
Weighted average ef: 106.391
Training convergence-bucket 12 [77.9685, 80.104) with 133 queries.
Average Recall: 0.961053
Initial average recall with ef=100: 0.965294
Average Recall: 0.982857
Initial average recall with ef=150: 0.985798
Weighted average ef: 98.4962
Training convergence-bucket 13 [80.104, 82.8039) with 133 queries.
Average Recall: 0.971955
Initial average recall with ef=100: 0.975351
Average Recall: 0.987143
Initial average recall with ef=150: 0.989561
Weighted average ef: 91.9774
Training convergence-bucket 14 [82.8039, inf) with 138 queries.
Average Recall: 0.989855
Initial average recall with ef=100: 0.992397
Average Recall: 0.996522
Initial average recall with ef=150: 0.997521
Weighted average ef: 87.6812
Reconstructed True WAE: 214.182 (Hard Pct: 0.0193)
Search time: 1136 ms
Search time: 1095 ms
Search time: 1067 ms
Average Recall: 0.98127
5th percentile recall: 0.94
1st percentile recall: 0.91
Median search time: 1095 ms
Search times: 1067 ms, 1095 ms, 1136 ms, 
sift10m-128-euclidean experiment results:
statisc_length, time, avg_recall, 5th_percentile_recall, 1st_percentile_recall, recall_above_99, recall_above_95, recall_above_90
1025, 1095, 0.98127, 0.94, 0.91, 531, 891, 993
Experiment finished

--- n_convergence_buckets: 20 ---

Loading samplings from /home/ryawszn/experiments/shiro-ef/sampling/sift10m-128-euclidean-samplings--k100-ef.bin
Samplings loaded from /home/ryawszn/experiments/shiro-ef/sampling/sift10m-128-euclidean-samplings--k100-ef.bin
Average Recall: 0.858042
Initial average recall with ef=100: 0.858457
Average Recall: 0.903745
Initial average recall with ef=150: 0.904128
Recall diff is too small for 1 consecutive steps, break.
Weighted average ef: 298.081
Training convergence-bucket 0 [22.4341, 51.4896) with 100 queries.
Average Recall: 0.6743
Initial average recall with ef=100: 0.67931
Average Recall: 0.7502
Initial average recall with ef=150: 0.754943
Weighted average ef: 645.05
Training convergence-bucket 1 [51.4896, 54.8694) with 100 queries.
Average Recall: 0.6722
Initial average recall with ef=100: 0.669529
Average Recall: 0.7486
Initial average recall with ef=150: 0.747647
Weighted average ef: 610.72
Training convergence-bucket 2 [54.8694, 56.8831) with 100 queries.
Average Recall: 0.6944
Initial average recall with ef=100: 0.692333
Average Recall: 0.7722
Initial average recall with ef=150: 0.769333
Recall diff is too small for 1 consecutive steps, break.
Weighted average ef: 583.17
Training convergence-bucket 3 [56.8831, 58.4954) with 100 queries.
Average Recall: 0.7219
Initial average recall with ef=100: 0.713778
Average Recall: 0.7913
Initial average recall with ef=150: 0.783889
Weighted average ef: 512.47
Training convergence-bucket 4 [58.4954, 61.6399) with 100 queries.
Average Recall: 0.7674
Initial average recall with ef=100: 0.760488
Average Recall: 0.8339
Initial average recall with ef=150: 0.828659
Weighted average ef: 409.61
Training convergence-bucket 5 [61.6399, 63.9193) with 100 queries.
Average Recall: 0.8063
Initial average recall with ef=100: 0.802988
Average Recall: 0.8652
Initial average recall with ef=150: 0.863908
Weighted average ef: 306.06
Training convergence-bucket 6 [63.9193, 65.5179) with 100 queries.
Average Recall: 0.8239
Initial average recall with ef=100: 0.817222
Average Recall: 0.8846
Initial average recall with ef=150: 0.880667
Weighted average ef: 276.7
Training convergence-bucket 7 [65.5179, 67.1803) with 100 queries.
Average Recall: 0.8464
Initial average recall with ef=100: 0.852184
Average Recall: 0.9
Initial average recall with ef=150: 0.903448
Weighted average ef: 240.39
Training convergence-bucket 8 [67.1803, 68.8151) with 100 queries.
Average Recall: 0.8719
Initial average recall with ef=100: 0.866627
Average Recall: 0.92
Initial average recall with ef=150: 0.91747
Weighted average ef: 201.88
Training convergence-bucket 9 [68.8151, 70.45) with 100 queries.
Average Recall: 0.8674
Initial average recall with ef=100: 0.862651
Average Recall: 0.9206
Initial average recall with ef=150: 0.918675
Weighted average ef: 192.82
Training convergence-bucket 10 [70.45, 71.5511) with 100 queries.
Average Recall: 0.8883
Initial average recall with ef=100: 0.881951
Average Recall: 0.9295
Initial average recall with ef=150: 0.925244
Weighted average ef: 188.04
Training convergence-bucket 11 [71.5511, 72.7911) with 100 queries.
Average Recall: 0.9053
Initial average recall with ef=100: 0.905422
Average Recall: 0.9464
Initial average recall with ef=150: 0.94747
Weighted average ef: 154.4
Training convergence-bucket 12 [72.7911, 74.0301) with 100 queries.
Average Recall: 0.9069
Initial average recall with ef=100: 0.906585
Average Recall: 0.9485
Initial average recall with ef=150: 0.950244
Weighted average ef: 144
Training convergence-bucket 13 [74.0301, 75.4077) with 100 queries.
Average Recall: 0.9216
Initial average recall with ef=100: 0.92775
Average Recall: 0.9579
Initial average recall with ef=150: 0.962
Weighted average ef: 124
Training convergence-bucket 14 [75.4077, 76.6774) with 100 queries.
Average Recall: 0.9384
Initial average recall with ef=100: 0.943333
Average Recall: 0.9708
Initial average recall with ef=150: 0.972976
Weighted average ef: 108
Training convergence-bucket 15 [76.6774, 78.0557) with 100 queries.
Average Recall: 0.956
Initial average recall with ef=100: 0.958764
Average Recall: 0.9794
Initial average recall with ef=150: 0.981124
Weighted average ef: 99
Training convergence-bucket 16 [78.0557, 79.4635) with 100 queries.
Average Recall: 0.9608
Initial average recall with ef=100: 0.964048
Average Recall: 0.9822
Initial average recall with ef=150: 0.984405
Weighted average ef: 93.5
Training convergence-bucket 17 [79.4635, 81.4853) with 100 queries.
Average Recall: 0.9673
Initial average recall with ef=100: 0.971687
Average Recall: 0.9861
Initial average recall with ef=150: 0.988795
Weighted average ef: 89
Training convergence-bucket 18 [81.4853, 83.4415) with 100 queries.
Average Recall: 0.978
Initial average recall with ef=100: 0.98679
Average Recall: 0.9902
Initial average recall with ef=150: 0.995803
Weighted average ef: 81
Training convergence-bucket 19 [83.4415, inf) with 100 queries.
Average Recall: 0.9922
Initial average recall with ef=100: 0.993333
Average Recall: 0.9974
Initial average recall with ef=150: 0.997471
Weighted average ef: 87
Reconstructed True WAE: 213.642 (Hard Pct: 0.0193)
Search time: 1105 ms
Search time: 1099 ms
Search time: 1089 ms
Average Recall: 0.98251
5th percentile recall: 0.94
1st percentile recall: 0.92
Median search time: 1099 ms
Search times: 1089 ms, 1099 ms, 1105 ms, 
sift10m-128-euclidean experiment results:
statisc_length, time, avg_recall, 5th_percentile_recall, 1st_percentile_recall, recall_above_99, recall_above_95, recall_above_90
1025, 1099, 0.98251, 0.94, 0.92, 565, 905, 996
Experiment finished


Dataset: gist-960-euclidean
Metric: l2
Data vectors dimensions: 1000000 x 960
Query vectors dimensions: 1000 x 960
Neighbors dimensions: 1000 x 100
Index loaded
Dimension of space:960
Data size of space:3840

--- n_convergence_buckets: 0 ---

Loading samplings from /home/ryawszn/experiments/shiro-ef/sampling/gist-960-euclidean-samplings--k100-ef.bin
Samplings loaded from /home/ryawszn/experiments/shiro-ef/sampling/gist-960-euclidean-samplings--k100-ef.bin
Average Recall: 0.723844
Initial average recall with ef=100: 0.721912
Average Recall: 0.798894
Initial average recall with ef=150: 0.797498
Recall diff is too small for 1 consecutive steps, break.
Weighted average ef: 635.626
Training absolute cv-matrix bin 35 with 9 queries.
Average Recall: 0.441111
Initial average recall with ef=100: -nan
Average Recall: 0.513333
Initial average recall with ef=150: -nan
Weighted average ef: 0
Training absolute cv-matrix bin 36 with 14 queries.
Average Recall: 0.532143
Initial average recall with ef=100: 0.496667
Average Recall: 0.621429
Initial average recall with ef=150: 0.59
Weighted average ef: 256.929
Training absolute cv-matrix bin 37 with 12 queries.
Average Recall: 0.525833
Initial average recall with ef=100: 0.436667
Average Recall: 0.625833
Initial average recall with ef=150: 0.536667
Weighted average ef: 363
Training absolute cv-matrix bin 38 with 27 queries.
Average Recall: 0.48
Initial average recall with ef=100: 0.4875
Average Recall: 0.583333
Initial average recall with ef=150: 0.588
Recall diff is too small for 1 consecutive steps, break.
Recall diff is too small for 1 consecutive steps, break.
Weighted average ef: 1155.85
Training absolute cv-matrix bin 39 with 40 queries.
Average Recall: 0.51275
Initial average recall with ef=100: 0.5108
Average Recall: 0.60925
Initial average recall with ef=150: 0.6064
Weighted average ef: 905.85
Training absolute cv-matrix bin 40 with 46 queries.
Average Recall: 0.522609
Initial average recall with ef=100: 0.525882
Average Recall: 0.617609
Initial average recall with ef=150: 0.622941
Recall diff is too small for 1 consecutive steps, break.
Weighted average ef: 884.152
Training absolute cv-matrix bin 41 with 65 queries.
Average Recall: 0.533077
Initial average recall with ef=100: 0.517115
Average Recall: 0.636
Initial average recall with ef=150: 0.618846
Recall diff is too small for 1 consecutive steps, break.
Weighted average ef: 1076.82
Training absolute cv-matrix bin 42 with 66 queries.
Average Recall: 0.544849
Initial average recall with ef=100: 0.542182
Average Recall: 0.640758
Initial average recall with ef=150: 0.638727
Recall diff is too small for 1 consecutive steps, break.
Weighted average ef: 1054.08
Training absolute cv-matrix bin 43 with 32 queries.
Average Recall: 0.59625
Initial average recall with ef=100: 0.586842
Average Recall: 0.688125
Initial average recall with ef=150: 0.676842
Recall diff is too small for 1 consecutive steps, break.
Recall diff is too small for 1 consecutive steps, break.
Recall diff is too small for 1 consecutive steps, break.
Weighted average ef: 484.75
Training absolute cv-matrix bin 44 with 41 queries.
Average Recall: 0.59561
Initial average recall with ef=100: 0.583793
Average Recall: 0.696829
Initial average recall with ef=150: 0.689655
Recall diff is too small for 1 consecutive steps, break.
Recall diff is too small for 1 consecutive steps, break.
Recall diff is too small for 1 consecutive steps, break.
Weighted average ef: 544.61
Training absolute cv-matrix bin 45 with 56 queries.
Average Recall: 0.611607
Initial average recall with ef=100: 0.602174
Average Recall: 0.6975
Initial average recall with ef=150: 0.69
Weighted average ef: 753.268
Training absolute cv-matrix bin 46 with 61 queries.
Average Recall: 0.636065
Initial average recall with ef=100: 0.638913
Average Recall: 0.723607
Initial average recall with ef=150: 0.721087
Recall diff is too small for 1 consecutive steps, break.
Weighted average ef: 694.525
Training absolute cv-matrix bin 47 with 51 queries.
Average Recall: 0.596863
Initial average recall with ef=100: 0.572941
Average Recall: 0.698431
Initial average recall with ef=150: 0.674412
Weighted average ef: 638.569
Training absolute cv-matrix bin 48 with 55 queries.
Average Recall: 0.614364
Initial average recall with ef=100: 0.608222
Average Recall: 0.706545
Initial average recall with ef=150: 0.701111
Recall diff is too small for 1 consecutive steps, break.
Recall diff is too small for 1 consecutive steps, break.
Recall diff is too small for 1 consecutive steps, break.
Recall diff is too small for 1 consecutive steps, break.
Weighted average ef: 692.327
Training absolute cv-matrix bin 49 with 52 queries.
Average Recall: 0.621538
Initial average recall with ef=100: 0.614211
Average Recall: 0.710192
Initial average recall with ef=150: 0.702895
Weighted average ef: 795.212
Training absolute cv-matrix bin 50 with 63 queries.
Average Recall: 0.629206
Initial average recall with ef=100: 0.631667
Average Recall: 0.728571
Initial average recall with ef=150: 0.725476
Recall diff is too small for 1 consecutive steps, break.
Weighted average ef: 533.619
Training absolute cv-matrix bin 51 with 63 queries.
Average Recall: 0.684127
Initial average recall with ef=100: 0.682745
Average Recall: 0.773175
Initial average recall with ef=150: 0.772745
Recall diff is too small for 1 consecutive steps, break.
Recall diff is too small for 1 consecutive steps, break.
Recall diff is too small for 1 consecutive steps, break.
Weighted average ef: 440.825
Training absolute cv-matrix bin 52 with 83 queries.
Average Recall: 0.66012
Initial average recall with ef=100: 0.661304
Average Recall: 0.754578
Initial average recall with ef=150: 0.757536
Recall diff is too small for 1 consecutive steps, break.
Weighted average ef: 577.663
Training absolute cv-matrix bin 53 with 66 queries.
Average Recall: 0.699849
Initial average recall with ef=100: 0.708913
Average Recall: 0.777424
Initial average recall with ef=150: 0.791087
Weighted average ef: 378.424
Training absolute cv-matrix bin 54 with 74 queries.
Average Recall: 0.697568
Initial average recall with ef=100: 0.704576
Average Recall: 0.787432
Initial average recall with ef=150: 0.79661
Weighted average ef: 435.284
Training absolute cv-matrix bin 55 with 50 queries.
Average Recall: 0.7394
Initial average recall with ef=100: 0.749091
Average Recall: 0.8158
Initial average recall with ef=150: 0.822424
Weighted average ef: 324.46
Training absolute cv-matrix bin 56 with 55 queries.
Average Recall: 0.747455
Initial average recall with ef=100: 0.753704
Average Recall: 0.829818
Initial average recall with ef=150: 0.831852
Recall diff is too small for 1 consecutive steps, break.
Weighted average ef: 209.364
Training absolute cv-matrix bin 57 with 74 queries.
Average Recall: 0.76027
Initial average recall with ef=100: 0.751905
Average Recall: 0.835811
Initial average recall with ef=150: 0.830635
Weighted average ef: 384.473
Training absolute cv-matrix bin 58 with 61 queries.
Average Recall: 0.758033
Initial average recall with ef=100: 0.75125
Average Recall: 0.830984
Initial average recall with ef=150: 0.827
Recall diff is too small for 1 consecutive steps, break.
Recall diff is too small for 1 consecutive steps, break.
Weighted average ef: 319.967
Training absolute cv-matrix bin 59 with 53 queries.
Average Recall: 0.786792
Initial average recall with ef=100: 0.8116
Average Recall: 0.85283
Initial average recall with ef=150: 0.8716
Weighted average ef: 168.736
Training absolute cv-matrix bin 60 with 60 queries.
Average Recall: 0.792333
Initial average recall with ef=100: 0.806842
Average Recall: 0.864667
Initial average recall with ef=150: 0.875
Recall diff is too small for 1 consecutive steps, break.
Weighted average ef: 222.583
Training absolute cv-matrix bin 61 with 72 queries.
Average Recall: 0.770278
Initial average recall with ef=100: 0.7714
Average Recall: 0.844583
Initial average recall with ef=150: 0.8464
Weighted average ef: 278.111
Training absolute cv-matrix bin 62 with 41 queries.
Average Recall: 0.818049
Initial average recall with ef=100: 0.828947
Average Recall: 0.886585
Initial average recall with ef=150: 0.892632
Weighted average ef: 156.463
Training absolute cv-matrix bin 63 with 34 queries.
Average Recall: 0.820294
Initial average recall with ef=100: 0.804
Average Recall: 0.886177
Initial average recall with ef=150: 0.881333
Weighted average ef: 142.912
Training absolute cv-matrix bin 64 with 44 queries.
Average Recall: 0.830227
Initial average recall with ef=100: 0.816842
Average Recall: 0.890455
Initial average recall with ef=150: 0.877368
Weighted average ef: 136.114
Training absolute cv-matrix bin 65 with 33 queries.
Average Recall: 0.831818
Initial average recall with ef=100: 0.875
Average Recall: 0.894545
Initial average recall with ef=150: 0.93
Weighted average ef: 24.2424
Training absolute cv-matrix bin 66 with 37 queries.
Average Recall: 0.843513
Initial average recall with ef=100: 0.845
Average Recall: 0.901622
Initial average recall with ef=150: 0.898333
Weighted average ef: 141.838
Training absolute cv-matrix bin 67 with 43 queries.
Average Recall: 0.862326
Initial average recall with ef=100: 0.86625
Average Recall: 0.921163
Initial average recall with ef=150: 0.92875
Weighted average ef: 81.3954
Training absolute cv-matrix bin 68 with 38 queries.
Average Recall: 0.850789
Initial average recall with ef=100: 0.884118
Average Recall: 0.911316
Initial average recall with ef=150: 0.93
Weighted average ef: 97.2632
Training absolute cv-matrix bin 69 with 24 queries.
Average Recall: 0.886667
Initial average recall with ef=100: 0.803333
Average Recall: 0.93125
Initial average recall with ef=150: 0.876667
Weighted average ef: 39.75
Training absolute cv-matrix bin 70 with 29 queries.
Average Recall: 0.878621
Initial average recall with ef=100: 0.89625
Average Recall: 0.928621
Initial average recall with ef=150: 0.9575
Weighted average ef: 46.5517
Training absolute cv-matrix bin 71 with 26 queries.
Average Recall: 0.869615
Initial average recall with ef=100: -nan
Average Recall: 0.920385
Initial average recall with ef=150: -nan
Weighted average ef: 0
Training absolute cv-matrix bin 72 with 28 queries.
Average Recall: 0.9075
Initial average recall with ef=100: 0.885714
Average Recall: 0.946071
Initial average recall with ef=150: 0.937143
Weighted average ef: 48.2143
Training absolute cv-matrix bin 73 with 25 queries.
Average Recall: 0.91
Initial average recall with ef=100: 0.882
Average Recall: 0.9504
Initial average recall with ef=150: 0.932
Weighted average ef: 40
Training absolute cv-matrix bin 74 with 15 queries.
Average Recall: 0.927333
Initial average recall with ef=100: 0.903333
Average Recall: 0.959333
Initial average recall with ef=150: 0.936667
Weighted average ef: 40
Training absolute cv-matrix bin 75 with 23 queries.
Average Recall: 0.944348
Initial average recall with ef=100: -nan
Average Recall: 0.976956
Initial average recall with ef=150: -nan
Weighted average ef: 0
Training absolute cv-matrix bin 76 with 18 queries.
Average Recall: 0.89
Initial average recall with ef=100: 0.876667
Average Recall: 0.928333
Initial average recall with ef=150: 0.936667
Weighted average ef: 33.3333
Training absolute cv-matrix bin 77 with 19 queries.
Average Recall: 0.938421
Initial average recall with ef=100: -nan
Average Recall: 0.968421
Initial average recall with ef=150: -nan
Weighted average ef: 0
Training absolute cv-matrix bin 78 with 20 queries.
Average Recall: 0.9445
Initial average recall with ef=100: 0.943333
Average Recall: 0.9715
Initial average recall with ef=150: 0.97
Weighted average ef: 22.5
Training absolute cv-matrix bin 79 with 17 queries.
Average Recall: 0.964118
Initial average recall with ef=100: 0.9575
Average Recall: 0.97647
Initial average recall with ef=150: 0.965
Weighted average ef: 23.5294
Training absolute cv-matrix bin 80 with 9 queries.
Average Recall: 0.963333
Initial average recall with ef=100: -nan
Average Recall: 0.982222
Initial average recall with ef=150: -nan
Weighted average ef: 0
Training absolute cv-matrix bin 81 with 19 queries.
Average Recall: 0.976316
Initial average recall with ef=100: 0.99
Average Recall: 0.991579
Initial average recall with ef=150: 0.998
Weighted average ef: 26.3158
Training absolute cv-matrix bin 82 with 13 queries.
Average Recall: 0.968462
Initial average recall with ef=100: -nan
Average Recall: 0.984615
Initial average recall with ef=150: -nan
Weighted average ef: 0
Training absolute cv-matrix bin 83 with 4 queries.
Average Recall: 0.975
Initial average recall with ef=100: -nan
Average Recall: 0.995
Initial average recall with ef=150: -nan
Weighted average ef: 0
Training absolute cv-matrix bin 84 with 7 queries.
Average Recall: 0.984286
Initial average recall with ef=100: -nan
Average Recall: 0.991429
Initial average recall with ef=150: -nan
Weighted average ef: 0
Training absolute cv-matrix bin 85 with 10 queries.
Average Recall: 0.973
Initial average recall with ef=100: 0.994
Average Recall: 0.984
Initial average recall with ef=150: 0.998
Weighted average ef: 50
Training absolute cv-matrix bin 86 with 9 queries.
Average Recall: 0.995555
Initial average recall with ef=100: 0.996667
Average Recall: 1
Initial average recall with ef=150: 1
Weighted average ef: 66.6667
Reconstructed True WAE: 100 (Hard Pct: 0.01025)
Search time: 993 ms
Search time: 1003 ms
Search time: 950 ms
Average Recall: 0.72945
5th percentile recall: 0.48
1st percentile recall: 0.41
Median search time: 993 ms
Search times: 950 ms, 993 ms, 1003 ms, 
gist-960-euclidean experiment results:
statisc_length, time, avg_recall, 5th_percentile_recall, 1st_percentile_recall, recall_above_99, recall_above_95, recall_above_90
1025, 993, 0.72945, 0.48, 0.41, 21, 72, 157
Experiment finished

--- n_convergence_buckets: 5 ---

Loading samplings from /home/ryawszn/experiments/shiro-ef/sampling/gist-960-euclidean-samplings--k100-ef.bin
Samplings loaded from /home/ryawszn/experiments/shiro-ef/sampling/gist-960-euclidean-samplings--k100-ef.bin
Average Recall: 0.723844
Initial average recall with ef=100: 0.721912
Average Recall: 0.798894
Initial average recall with ef=150: 0.797498
Recall diff is too small for 1 consecutive steps, break.
Weighted average ef: 635.626
Training convergence-bucket 0 [30.6942, 45.8009) with 400 queries.
Average Recall: 0.54585
Initial average recall with ef=100: 0.542595
Average Recall: 0.641975
Initial average recall with ef=150: 0.639313
Recall diff is too small for 1 consecutive steps, break.
Weighted average ef: 1256.53
Training convergence-bucket 1 [45.8009, 52.3927) with 400 queries.
Average Recall: 0.63295
Initial average recall with ef=100: 0.633102
Average Recall: 0.726425
Initial average recall with ef=150: 0.726231
Recall diff is too small for 1 consecutive steps, break.
Weighted average ef: 811.337
Training convergence-bucket 2 [52.3927, 58.7542) with 400 queries.
Average Recall: 0.724575
Initial average recall with ef=100: 0.721502
Average Recall: 0.8054
Initial average recall with ef=150: 0.803005
Recall diff is too small for 1 consecutive steps, break.
Weighted average ef: 521.46
Training convergence-bucket 3 [58.7542, 67.1228) with 400 queries.
Average Recall: 0.803375
Initial average recall with ef=100: 0.803248
Average Recall: 0.870825
Initial average recall with ef=150: 0.870793
Weighted average ef: 352.965
Training convergence-bucket 4 [67.1228, inf) with 400 queries.
Average Recall: 0.912475
Initial average recall with ef=100: 0.912626
Average Recall: 0.94985
Initial average recall with ef=150: 0.950371
Weighted average ef: 172.607
Reconstructed True WAE: 535.93 (Hard Pct: 0.01025)
Search time: 4541 ms
Search time: 4556 ms
Search time: 4534 ms
Average Recall: 0.9712
5th percentile recall: 0.91
1st percentile recall: 0.88
Median search time: 4541 ms
Search times: 4534 ms, 4541 ms, 4556 ms, 
gist-960-euclidean experiment results:
statisc_length, time, avg_recall, 5th_percentile_recall, 1st_percentile_recall, recall_above_99, recall_above_95, recall_above_90
1025, 4541, 0.9712, 0.91, 0.88, 422, 749, 967
Experiment finished

--- n_convergence_buckets: 10 ---

Loading samplings from /home/ryawszn/experiments/shiro-ef/sampling/gist-960-euclidean-samplings--k100-ef.bin
Samplings loaded from /home/ryawszn/experiments/shiro-ef/sampling/gist-960-euclidean-samplings--k100-ef.bin
Average Recall: 0.723844
Initial average recall with ef=100: 0.721912
Average Recall: 0.798894
Initial average recall with ef=150: 0.797498
Recall diff is too small for 1 consecutive steps, break.
Weighted average ef: 635.626
Training convergence-bucket 0 [30.6942, 41.7589) with 200 queries.
Average Recall: 0.51515
Initial average recall with ef=100: 0.511554
Average Recall: 0.61175
Initial average recall with ef=150: 0.608238
Recall diff is too small for 1 consecutive steps, break.
Weighted average ef: 1495.17
Training convergence-bucket 1 [41.7589, 45.8009) with 200 queries.
Average Recall: 0.57655
Initial average recall with ef=100: 0.573777
Average Recall: 0.6722
Initial average recall with ef=150: 0.669681
Weighted average ef: 975.03
Training convergence-bucket 2 [45.8009, 49.4407) with 200 queries.
Average Recall: 0.61415
Initial average recall with ef=100: 0.615183
Average Recall: 0.70725
Initial average recall with ef=150: 0.707173
Recall diff is too small for 1 consecutive steps, break.
Weighted average ef: 883.62
Training convergence-bucket 3 [49.4407, 52.3927) with 200 queries.
Average Recall: 0.65175
Initial average recall with ef=100: 0.652872
Average Recall: 0.7456
Initial average recall with ef=150: 0.74617
Recall diff is too small for 1 consecutive steps, break.
Recall diff is too small for 1 consecutive steps, break.
Weighted average ef: 677.56
Training convergence-bucket 4 [52.3927, 55.4145) with 200 queries.
Average Recall: 0.6924
Initial average recall with ef=100: 0.69413
Average Recall: 0.7775
Initial average recall with ef=150: 0.779728
Weighted average ef: 533.665
Training convergence-bucket 5 [55.4145, 58.7542) with 200 queries.
Average Recall: 0.75675
Initial average recall with ef=100: 0.75113
Average Recall: 0.8333
Initial average recall with ef=150: 0.827684
Recall diff is too small for 1 consecutive steps, break.
Weighted average ef: 411.265
Training convergence-bucket 6 [58.7542, 61.8934) with 200 queries.
Average Recall: 0.78145
Initial average recall with ef=100: 0.784063
Average Recall: 0.8523
Initial average recall with ef=150: 0.854271
Recall diff is too small for 1 consecutive steps, break.
Weighted average ef: 392.115
Training convergence-bucket 7 [61.8934, 67.1228) with 200 queries.
Average Recall: 0.8253
Initial average recall with ef=100: 0.827581
Average Recall: 0.88935
Initial average recall with ef=150: 0.891505
Weighted average ef: 297.63
Training convergence-bucket 8 [67.1228, 73.6922) with 200 queries.
Average Recall: 0.87545
Initial average recall with ef=100: 0.876162
Average Recall: 0.9265
Initial average recall with ef=150: 0.927892
Weighted average ef: 213.98
Training convergence-bucket 9 [73.6922, inf) with 200 queries.
Average Recall: 0.9495
Initial average recall with ef=100: 0.950852
Average Recall: 0.9732
Initial average recall with ef=150: 0.974432
Weighted average ef: 112.635
Reconstructed True WAE: 536.988 (Hard Pct: 0.01025)
Search time: 4517 ms
Search time: 4434 ms
Search time: 4511 ms
Average Recall: 0.97068
5th percentile recall: 0.91
1st percentile recall: 0.87
Median search time: 4511 ms
Search times: 4434 ms, 4511 ms, 4517 ms, 
gist-960-euclidean experiment results:
statisc_length, time, avg_recall, 5th_percentile_recall, 1st_percentile_recall, recall_above_99, recall_above_95, recall_above_90
1025, 4511, 0.97068, 0.91, 0.87, 425, 748, 962
Experiment finished

--- n_convergence_buckets: 15 ---

Loading samplings from /home/ryawszn/experiments/shiro-ef/sampling/gist-960-euclidean-samplings--k100-ef.bin
Samplings loaded from /home/ryawszn/experiments/shiro-ef/sampling/gist-960-euclidean-samplings--k100-ef.bin
Average Recall: 0.723844
Initial average recall with ef=100: 0.721912
Average Recall: 0.798894
Initial average recall with ef=150: 0.797498
Recall diff is too small for 1 consecutive steps, break.
Weighted average ef: 635.626
Training convergence-bucket 0 [30.6942, 40.5798) with 133 queries.
Average Recall: 0.506992
Initial average recall with ef=100: 0.496379
Average Recall: 0.603083
Initial average recall with ef=150: 0.594741
Recall diff is too small for 1 consecutive steps, break.
Recall diff is too small for 1 consecutive steps, break.
Weighted average ef: 1342.31
Training convergence-bucket 1 [40.5798, 42.654) with 133 queries.
Average Recall: 0.528947
Initial average recall with ef=100: 0.531111
Average Recall: 0.628496
Initial average recall with ef=150: 0.630171
Recall diff is too small for 1 consecutive steps, break.
Recall diff is too small for 1 consecutive steps, break.
Weighted average ef: 1210.28
Training convergence-bucket 2 [42.654, 45.7711) with 133 queries.
Average Recall: 0.601353
Initial average recall with ef=100: 0.603675
Average Recall: 0.694211
Initial average recall with ef=150: 0.697521
Recall diff is too small for 1 consecutive steps, break.
Weighted average ef: 746.316
Training convergence-bucket 3 [45.7711, 48.0704) with 133 queries.
Average Recall: 0.615038
Initial average recall with ef=100: 0.617458
Average Recall: 0.708947
Initial average recall with ef=150: 0.709576
Weighted average ef: 771.459
Training convergence-bucket 4 [48.0704, 50.5709) with 133 queries.
Average Recall: 0.621654
Initial average recall with ef=100: 0.620672
Average Recall: 0.712556
Initial average recall with ef=150: 0.71084
Recall diff is too small for 1 consecutive steps, break.
Recall diff is too small for 1 consecutive steps, break.
Weighted average ef: 812.932
Training convergence-bucket 5 [50.5709, 52.3534) with 133 queries.
Average Recall: 0.662406
Initial average recall with ef=100: 0.661452
Average Recall: 0.758045
Initial average recall with ef=150: 0.757177
Recall diff is too small for 1 consecutive steps, break.
Weighted average ef: 678.211
Training convergence-bucket 6 [52.3534, 54.2885) with 133 queries.
Average Recall: 0.687368
Initial average recall with ef=100: 0.691638
Average Recall: 0.772632
Initial average recall with ef=150: 0.77681
Recall diff is too small for 1 consecutive steps, break.
Weighted average ef: 499.782
Training convergence-bucket 7 [54.2885, 56.492) with 133 queries.
Average Recall: 0.72797
Initial average recall with ef=100: 0.725763
Average Recall: 0.809023
Initial average recall with ef=150: 0.807119
Weighted average ef: 451.609
Training convergence-bucket 8 [56.492, 58.7339) with 133 queries.
Average Recall: 0.757895
Initial average recall with ef=100: 0.756396
Average Recall: 0.834512
Initial average recall with ef=150: 0.833694
Weighted average ef: 361.925
Training convergence-bucket 9 [58.7339, 60.9183) with 133 queries.
Average Recall: 0.779774
Initial average recall with ef=100: 0.787931
Average Recall: 0.850075
Initial average recall with ef=150: 0.856207
Weighted average ef: 360.12
Training convergence-bucket 10 [60.9183, 63.4275) with 133 queries.
Average Recall: 0.794211
Initial average recall with ef=100: 0.8
Average Recall: 0.863684
Initial average recall with ef=150: 0.869153
Weighted average ef: 315.737
Training convergence-bucket 11 [63.4275, 67.0092) with 133 queries.
Average Recall: 0.831278
Initial average recall with ef=100: 0.832373
Average Recall: 0.89391
Initial average recall with ef=150: 0.895169
Weighted average ef: 249.18
Training convergence-bucket 12 [67.0092, 70.9906) with 133 queries.
Average Recall: 0.867068
Initial average recall with ef=100: 0.863983
Average Recall: 0.921805
Initial average recall with ef=150: 0.921271
Weighted average ef: 223.263
Training convergence-bucket 13 [70.9906, 76.8303) with 133 queries.
Average Recall: 0.906692
Initial average recall with ef=100: 0.908182
Average Recall: 0.945865
Initial average recall with ef=150: 0.948586
Weighted average ef: 138.075
Training convergence-bucket 14 [76.8303, inf) with 138 queries.
Average Recall: 0.960145
Initial average recall with ef=100: 0.963137
Average Recall: 0.979783
Initial average recall with ef=150: 0.981275
Weighted average ef: 85.029
Reconstructed True WAE: 529.813 (Hard Pct: 0.01025)
Search time: 4455 ms
Search time: 3624 ms
Search time: 4513 ms
Average Recall: 0.97066
5th percentile recall: 0.91
1st percentile recall: 0.87
Median search time: 4455 ms
Search times: 3624 ms, 4455 ms, 4513 ms, 
gist-960-euclidean experiment results:
statisc_length, time, avg_recall, 5th_percentile_recall, 1st_percentile_recall, recall_above_99, recall_above_95, recall_above_90
1025, 4455, 0.97066, 0.91, 0.87, 419, 754, 964
Experiment finished

--- n_convergence_buckets: 20 ---

Loading samplings from /home/ryawszn/experiments/shiro-ef/sampling/gist-960-euclidean-samplings--k100-ef.bin
Samplings loaded from /home/ryawszn/experiments/shiro-ef/sampling/gist-960-euclidean-samplings--k100-ef.bin
Average Recall: 0.723844
Initial average recall with ef=100: 0.721912
Average Recall: 0.798894
Initial average recall with ef=150: 0.797498
Recall diff is too small for 1 consecutive steps, break.
Weighted average ef: 635.626
Training convergence-bucket 0 [30.6942, 39.908) with 100 queries.
Average Recall: 0.4988
Initial average recall with ef=100: 0.487857
Average Recall: 0.5961
Initial average recall with ef=150: 0.588214
Recall diff is too small for 1 consecutive steps, break.
Recall diff is too small for 1 consecutive steps, break.
Weighted average ef: 1271.2
Training convergence-bucket 1 [39.908, 41.7589) with 100 queries.
Average Recall: 0.5315
Initial average recall with ef=100: 0.528842
Average Recall: 0.6274
Initial average recall with ef=150: 0.623053
Recall diff is too small for 1 consecutive steps, break.
Weighted average ef: 1371.48
Training convergence-bucket 2 [41.7589, 43.3285) with 100 queries.
Average Recall: 0.5468
Initial average recall with ef=100: 0.53241
Average Recall: 0.6454
Initial average recall with ef=150: 0.632048
Weighted average ef: 1134.46
Training convergence-bucket 3 [43.3285, 45.8009) with 100 queries.
Average Recall: 0.6063
Initial average recall with ef=100: 0.600455
Average Recall: 0.699
Initial average recall with ef=150: 0.695341
Recall diff is too small for 1 consecutive steps, break.
Weighted average ef: 834.67
Training convergence-bucket 4 [45.8009, 47.5361) with 100 queries.
Average Recall: 0.6163
Initial average recall with ef=100: 0.618675
Average Recall: 0.7078
Initial average recall with ef=150: 0.709157
Recall diff is too small for 1 consecutive steps, break.
Recall diff is too small for 1 consecutive steps, break.
Weighted average ef: 733.2
Training convergence-bucket 5 [47.5361, 49.4407) with 100 queries.
Average Recall: 0.612
Initial average recall with ef=100: 0.615955
Average Recall: 0.7067
Initial average recall with ef=150: 0.709551
Recall diff is too small for 1 consecutive steps, break.
Weighted average ef: 859.95
Training convergence-bucket 6 [49.4407, 51.0664) with 100 queries.
Average Recall: 0.6337
Initial average recall with ef=100: 0.632093
Average Recall: 0.7284
Initial average recall with ef=150: 0.723721
Recall diff is too small for 1 consecutive steps, break.
Weighted average ef: 717.1
Training convergence-bucket 7 [51.0664, 52.3927) with 100 queries.
Average Recall: 0.6698
Initial average recall with ef=100: 0.668409
Average Recall: 0.7628
Initial average recall with ef=150: 0.763182
Recall diff is too small for 1 consecutive steps, break.
Recall diff is too small for 1 consecutive steps, break.
Recall diff is too small for 1 consecutive steps, break.
Weighted average ef: 542.09
Training convergence-bucket 8 [52.3927, 53.8934) with 100 queries.
Average Recall: 0.6874
Initial average recall with ef=100: 0.693855
Average Recall: 0.7706
Initial average recall with ef=150: 0.776145
Weighted average ef: 478.85
Training convergence-bucket 9 [53.8934, 55.4145) with 100 queries.
Average Recall: 0.6974
Initial average recall with ef=100: 0.704944
Average Recall: 0.7844
Initial average recall with ef=150: 0.793595
Weighted average ef: 502.79
Training convergence-bucket 10 [55.4145, 57.2711) with 100 queries.
Average Recall: 0.753
Initial average recall with ef=100: 0.748
Average Recall: 0.8306
Initial average recall with ef=150: 0.825125
Weighted average ef: 376.27
Training convergence-bucket 11 [57.2711, 58.7542) with 100 queries.
Average Recall: 0.7605
Initial average recall with ef=100: 0.760235
Average Recall: 0.836
Initial average recall with ef=150: 0.835765
Recall diff is too small for 1 consecutive steps, break.
Weighted average ef: 370.39
Training convergence-bucket 12 [58.7542, 60.5336) with 100 queries.
Average Recall: 0.7801
Initial average recall with ef=100: 0.787882
Average Recall: 0.8499
Initial average recall with ef=150: 0.856588
Weighted average ef: 354.85
Training convergence-bucket 13 [60.5336, 61.8934) with 100 queries.
Average Recall: 0.7828
Initial average recall with ef=100: 0.785909
Average Recall: 0.8547
Initial average recall with ef=150: 0.857386
Weighted average ef: 338.84
Training convergence-bucket 14 [61.8934, 64.4703) with 100 queries.
Average Recall: 0.8124
Initial average recall with ef=100: 0.816747
Average Recall: 0.8815
Initial average recall with ef=150: 0.885904
Weighted average ef: 265.74
Training convergence-bucket 15 [64.4703, 67.1228) with 100 queries.
Average Recall: 0.8382
Initial average recall with ef=100: 0.847051
Average Recall: 0.8972
Initial average recall with ef=150: 0.903974
Weighted average ef: 213
Training convergence-bucket 16 [67.1228, 69.9377) with 100 queries.
Average Recall: 0.8631
Initial average recall with ef=100: 0.859091
Average Recall: 0.9195
Initial average recall with ef=150: 0.917841
Weighted average ef: 223.28
Training convergence-bucket 17 [69.9377, 73.6922) with 100 queries.
Average Recall: 0.8878
Initial average recall with ef=100: 0.893924
Average Recall: 0.9335
Initial average recall with ef=150: 0.939114
Weighted average ef: 155.48
Training convergence-bucket 18 [73.6922, 78.8145) with 100 queries.
Average Recall: 0.9299
Initial average recall with ef=100: 0.931711
Average Recall: 0.9622
Initial average recall with ef=150: 0.963947
Weighted average ef: 113.27
Training convergence-bucket 19 [78.8145, inf) with 100 queries.
Average Recall: 0.9691
Initial average recall with ef=100: 0.974058
Average Recall: 0.9842
Initial average recall with ef=150: 0.987391
Weighted average ef: 71.5
Reconstructed True WAE: 537.648 (Hard Pct: 0.01025)
Search time: 4600 ms
Search time: 4568 ms
Search time: 4666 ms
Average Recall: 0.97183
5th percentile recall: 0.91
1st percentile recall: 0.87
Median search time: 4600 ms
Search times: 4568 ms, 4600 ms, 4666 ms, 
gist-960-euclidean experiment results:
statisc_length, time, avg_recall, 5th_percentile_recall, 1st_percentile_recall, recall_above_99, recall_above_95, recall_above_90
1025, 4600, 0.97183, 0.91, 0.87, 439, 761, 964
Experiment finished


Dataset: tiny5m-384-euclidean
Metric: l2
Data vectors dimensions: 5000000 x 384
Query vectors dimensions: 1000 x 384
Neighbors dimensions: 1000 x 100
Index loaded
Dimension of space:384
Data size of space:1536

--- n_convergence_buckets: 0 ---

Loading samplings from /home/ryawszn/experiments/shiro-ef/sampling/tiny5m-384-euclidean-samplings--k100-ef.bin
Samplings loaded from /home/ryawszn/experiments/shiro-ef/sampling/tiny5m-384-euclidean-samplings--k100-ef.bin
Average Recall: 0.63727
Initial average recall with ef=100: 0.636088
Average Recall: 0.709229
Initial average recall with ef=150: 0.70826
Weighted average ef: 1207.66
Training absolute cv-matrix bin 30 with 4 queries.
Average Recall: 0.435
Initial average recall with ef=100: -nan
Average Recall: 0.5
Initial average recall with ef=150: -nan
Weighted average ef: 0
Training absolute cv-matrix bin 31 with 7 queries.
Average Recall: 0.518571
Initial average recall with ef=100: -nan
Average Recall: 0.575714
Initial average recall with ef=150: -nan
Weighted average ef: 0
Training absolute cv-matrix bin 32 with 16 queries.
Average Recall: 0.333125
Initial average recall with ef=100: 0.35
Average Recall: 0.4025
Initial average recall with ef=150: 0.406
Weighted average ef: 838.125
Training absolute cv-matrix bin 33 with 21 queries.
Average Recall: 0.395714
Initial average recall with ef=100: 0.382143
Average Recall: 0.477619
Initial average recall with ef=150: 0.472857
Recall diff is too small for 1 consecutive steps, break.
Weighted average ef: 1858.71
Training absolute cv-matrix bin 34 with 31 queries.
Average Recall: 0.403548
Initial average recall with ef=100: 0.354667
Average Recall: 0.497097
Initial average recall with ef=150: 0.431333
Recall diff is too small for 1 consecutive steps, break.
Weighted average ef: 1477.74
Training absolute cv-matrix bin 35 with 32 queries.
Average Recall: 0.373125
Initial average recall with ef=100: 0.332727
Average Recall: 0.439688
Initial average recall with ef=150: 0.394091
Weighted average ef: 2101
Training absolute cv-matrix bin 36 with 49 queries.
Average Recall: 0.393265
Initial average recall with ef=100: 0.353333
Average Recall: 0.470204
Initial average recall with ef=150: 0.426061
Weighted average ef: 2188.39
Training absolute cv-matrix bin 37 with 54 queries.
Average Recall: 0.386111
Initial average recall with ef=100: 0.354103
Average Recall: 0.460185
Initial average recall with ef=150: 0.419231
Recall diff is too small for 1 consecutive steps, break.
Recall diff is too small for 1 consecutive steps, break.
Recall diff is too small for 1 consecutive steps, break.
Recall diff is too small for 1 consecutive steps, break.
Recall diff is too small for 1 consecutive steps, break.
Weighted average ef: 2186.15
Training absolute cv-matrix bin 38 with 51 queries.
Average Recall: 0.412941
Initial average recall with ef=100: 0.355
Average Recall: 0.490196
Initial average recall with ef=150: 0.440938
Recall diff is too small for 1 consecutive steps, break.
Weighted average ef: 1695.04
Training absolute cv-matrix bin 39 with 34 queries.
Average Recall: 0.462647
Initial average recall with ef=100: 0.447778
Average Recall: 0.57
Initial average recall with ef=150: 0.578333
Recall diff is too small for 1 consecutive steps, break.
Weighted average ef: 1346.5
Training absolute cv-matrix bin 40 with 39 queries.
Average Recall: 0.443846
Initial average recall with ef=100: 0.408077
Average Recall: 0.540513
Initial average recall with ef=150: 0.507692
Recall diff is too small for 1 consecutive steps, break.
Recall diff is too small for 1 consecutive steps, break.
Weighted average ef: 1449
Training absolute cv-matrix bin 41 with 39 queries.
Average Recall: 0.458461
Initial average recall with ef=100: 0.418929
Average Recall: 0.544359
Initial average recall with ef=150: 0.515357
Recall diff is too small for 1 consecutive steps, break.
Weighted average ef: 1497.54
Training absolute cv-matrix bin 42 with 60 queries.
Average Recall: 0.481
Initial average recall with ef=100: 0.461042
Average Recall: 0.5735
Initial average recall with ef=150: 0.559167
Weighted average ef: 1585.83
Training absolute cv-matrix bin 43 with 57 queries.
Average Recall: 0.477544
Initial average recall with ef=100: 0.478372
Average Recall: 0.554035
Initial average recall with ef=150: 0.553256
Recall diff is too small for 1 consecutive steps, break.
Recall diff is too small for 1 consecutive steps, break.
Recall diff is too small for 1 consecutive steps, break.
Weighted average ef: 1515.77
Training absolute cv-matrix bin 44 with 57 queries.
Average Recall: 0.488772
Initial average recall with ef=100: 0.48
Average Recall: 0.573509
Initial average recall with ef=150: 0.564524
Recall diff is too small for 1 consecutive steps, break.
Weighted average ef: 1290.47
Training absolute cv-matrix bin 45 with 49 queries.
Average Recall: 0.491837
Initial average recall with ef=100: 0.435185
Average Recall: 0.585918
Initial average recall with ef=150: 0.53
Recall diff is too small for 1 consecutive steps, break.
Recall diff is too small for 1 consecutive steps, break.
Weighted average ef: 985.327
Training absolute cv-matrix bin 46 with 64 queries.
Average Recall: 0.530312
Initial average recall with ef=100: 0.516739
Average Recall: 0.611719
Initial average recall with ef=150: 0.600435
Weighted average ef: 1139.38
Training absolute cv-matrix bin 47 with 64 queries.
Average Recall: 0.506406
Initial average recall with ef=100: 0.480625
Average Recall: 0.591875
Initial average recall with ef=150: 0.570208
Recall diff is too small for 1 consecutive steps, break.
Recall diff is too small for 1 consecutive steps, break.
Recall diff is too small for 1 consecutive steps, break.
Recall diff is too small for 1 consecutive steps, break.
Weighted average ef: 1541.34
Training absolute cv-matrix bin 48 with 69 queries.
Average Recall: 0.539855
Initial average recall with ef=100: 0.546981
Average Recall: 0.628261
Initial average recall with ef=150: 0.633207
Recall diff is too small for 1 consecutive steps, break.
Weighted average ef: 1069.41
Training absolute cv-matrix bin 49 with 67 queries.
Average Recall: 0.596418
Initial average recall with ef=100: 0.596724
Average Recall: 0.677612
Initial average recall with ef=150: 0.678793
Recall diff is too small for 1 consecutive steps, break.
Weighted average ef: 1000.99
Training absolute cv-matrix bin 50 with 46 queries.
Average Recall: 0.576522
Initial average recall with ef=100: 0.593571
Average Recall: 0.655
Initial average recall with ef=150: 0.668571
Weighted average ef: 804
Training absolute cv-matrix bin 51 with 65 queries.
Average Recall: 0.600615
Initial average recall with ef=100: 0.603774
Average Recall: 0.688769
Initial average recall with ef=150: 0.693585
Recall diff is too small for 1 consecutive steps, break.
Weighted average ef: 875.631
Training absolute cv-matrix bin 52 with 57 queries.
Average Recall: 0.616316
Initial average recall with ef=100: 0.629091
Average Recall: 0.697895
Initial average recall with ef=150: 0.705455
Weighted average ef: 542.281
Training absolute cv-matrix bin 53 with 61 queries.
Average Recall: 0.623279
Initial average recall with ef=100: 0.630962
Average Recall: 0.703443
Initial average recall with ef=150: 0.709615
Recall diff is too small for 1 consecutive steps, break.
Weighted average ef: 854.41
Training absolute cv-matrix bin 54 with 60 queries.
Average Recall: 0.657333
Initial average recall with ef=100: 0.652791
Average Recall: 0.733666
Initial average recall with ef=150: 0.735349
Recall diff is too small for 1 consecutive steps, break.
Recall diff is too small for 1 consecutive steps, break.
Recall diff is too small for 1 consecutive steps, break.
Weighted average ef: 694.7
Training absolute cv-matrix bin 55 with 45 queries.
Average Recall: 0.686889
Initial average recall with ef=100: 0.685417
Average Recall: 0.764667
Initial average recall with ef=150: 0.77125
Weighted average ef: 388.111
Training absolute cv-matrix bin 56 with 39 queries.
Average Recall: 0.679744
Initial average recall with ef=100: 0.693158
Average Recall: 0.75641
Initial average recall with ef=150: 0.772632
Weighted average ef: 351
Training absolute cv-matrix bin 57 with 39 queries.
Average Recall: 0.693077
Initial average recall with ef=100: 0.709412
Average Recall: 0.770769
Initial average recall with ef=150: 0.793529
Recall diff is too small for 1 consecutive steps, break.
Weighted average ef: 255.667
Training absolute cv-matrix bin 58 with 55 queries.
Average Recall: 0.742364
Initial average recall with ef=100: 0.743684
Average Recall: 0.813091
Initial average recall with ef=150: 0.816842
Weighted average ef: 308.109
Training absolute cv-matrix bin 59 with 32 queries.
Average Recall: 0.7475
Initial average recall with ef=100: 0.743333
Average Recall: 0.817813
Initial average recall with ef=150: 0.806667
Weighted average ef: 109.5
Training absolute cv-matrix bin 60 with 39 queries.
Average Recall: 0.755128
Initial average recall with ef=100: 0.7735
Average Recall: 0.819744
Initial average recall with ef=150: 0.8415
Recall diff is too small for 1 consecutive steps, break.
Weighted average ef: 201.026
Training absolute cv-matrix bin 61 with 44 queries.
Average Recall: 0.751136
Initial average recall with ef=100: 0.780385
Average Recall: 0.820682
Initial average recall with ef=150: 0.853462
Recall diff is too small for 1 consecutive steps, break.
Weighted average ef: 202.295
Training absolute cv-matrix bin 62 with 30 queries.
Average Recall: 0.755
Initial average recall with ef=100: 0.74
Average Recall: 0.834333
Initial average recall with ef=150: 0.8325
Weighted average ef: 191.733
Training absolute cv-matrix bin 63 with 32 queries.
Average Recall: 0.730625
Initial average recall with ef=100: 0.768889
Average Recall: 0.814375
Initial average recall with ef=150: 0.847778
Weighted average ef: 107.625
Training absolute cv-matrix bin 64 with 43 queries.
Average Recall: 0.798372
Initial average recall with ef=100: 0.79
Average Recall: 0.861628
Initial average recall with ef=150: 0.851304
Recall diff is too small for 1 consecutive steps, break.
Weighted average ef: 201.93
Training absolute cv-matrix bin 65 with 31 queries.
Average Recall: 0.812903
Initial average recall with ef=100: 0.823077
Average Recall: 0.877419
Initial average recall with ef=150: 0.883846
Weighted average ef: 131.194
Training absolute cv-matrix bin 66 with 29 queries.
Average Recall: 0.834828
Initial average recall with ef=100: 0.8675
Average Recall: 0.893793
Initial average recall with ef=150: 0.905
Weighted average ef: 35.7241
Training absolute cv-matrix bin 67 with 33 queries.
Average Recall: 0.858182
Initial average recall with ef=100: 0.892308
Average Recall: 0.912121
Initial average recall with ef=150: 0.94
Weighted average ef: 72.7273
Training absolute cv-matrix bin 68 with 31 queries.
Average Recall: 0.844839
Initial average recall with ef=100: 0.848889
Average Recall: 0.903871
Initial average recall with ef=150: 0.908889
Weighted average ef: 78.1935
Training absolute cv-matrix bin 69 with 29 queries.
Average Recall: 0.83931
Initial average recall with ef=100: 0.89
Average Recall: 0.895862
Initial average recall with ef=150: 0.94125
Weighted average ef: 55.1724
Training absolute cv-matrix bin 70 with 26 queries.
Average Recall: 0.856923
Initial average recall with ef=100: 0.857778
Average Recall: 0.915769
Initial average recall with ef=150: 0.916667
Weighted average ef: 85.6154
Training absolute cv-matrix bin 71 with 23 queries.
Average Recall: 0.863913
Initial average recall with ef=100: 0.895556
Average Recall: 0.917391
Initial average recall with ef=150: 0.945556
Weighted average ef: 65.2174
Training absolute cv-matrix bin 72 with 23 queries.
Average Recall: 0.871739
Initial average recall with ef=100: -nan
Average Recall: 0.916087
Initial average recall with ef=150: -nan
Weighted average ef: 0
Training absolute cv-matrix bin 73 with 19 queries.
Average Recall: 0.914737
Initial average recall with ef=100: -nan
Average Recall: 0.953684
Initial average recall with ef=150: -nan
Weighted average ef: 0
Training absolute cv-matrix bin 74 with 26 queries.
Average Recall: 0.931538
Initial average recall with ef=100: 0.92
Average Recall: 0.963077
Initial average recall with ef=150: 0.95875
Weighted average ef: 46.1538
Training absolute cv-matrix bin 75 with 23 queries.
Average Recall: 0.897826
Initial average recall with ef=100: 0.843333
Average Recall: 0.928261
Initial average recall with ef=150: 0.893333
Weighted average ef: 33.3913
Training absolute cv-matrix bin 76 with 18 queries.
Average Recall: 0.917222
Initial average recall with ef=100: -nan
Average Recall: 0.946667
Initial average recall with ef=150: -nan
Weighted average ef: 0
Training absolute cv-matrix bin 77 with 21 queries.
Average Recall: 0.898571
Initial average recall with ef=100: -nan
Average Recall: 0.943809
Initial average recall with ef=150: -nan
Weighted average ef: 0
Training absolute cv-matrix bin 78 with 18 queries.
Average Recall: 0.930556
Initial average recall with ef=100: -nan
Average Recall: 0.952222
Initial average recall with ef=150: -nan
Weighted average ef: 0
Training absolute cv-matrix bin 79 with 9 queries.
Average Recall: 0.944444
Initial average recall with ef=100: -nan
Average Recall: 0.97
Initial average recall with ef=150: -nan
Weighted average ef: 0
Training absolute cv-matrix bin 80 with 14 queries.
Average Recall: 0.975714
Initial average recall with ef=100: 0.993333
Average Recall: 0.994286
Initial average recall with ef=150: 0.996667
Weighted average ef: 21.4286
Training absolute cv-matrix bin 81 with 8 queries.
Average Recall: 0.8125
Initial average recall with ef=100: -nan
Average Recall: 0.8575
Initial average recall with ef=150: -nan
Weighted average ef: 0
Training absolute cv-matrix bin 82 with 10 queries.
Average Recall: 0.968
Initial average recall with ef=100: -nan
Average Recall: 0.982
Initial average recall with ef=150: -nan
Weighted average ef: 0
Training absolute cv-matrix bin 83 with 6 queries.
Average Recall: 0.99
Initial average recall with ef=100: 0.9975
Average Recall: 0.996667
Initial average recall with ef=150: 0.9975
Weighted average ef: 66.6667
Training absolute cv-matrix bin 84 with 11 queries.
Average Recall: 0.979091
Initial average recall with ef=100: 0.984286
Average Recall: 0.990909
Initial average recall with ef=150: 0.994286
Weighted average ef: 63.6364
Training absolute cv-matrix bin 85 with 9 queries.
Average Recall: 0.992222
Initial average recall with ef=100: 0.993333
Average Recall: 0.998889
Initial average recall with ef=150: 0.998333
Weighted average ef: 66.6667
Training absolute cv-matrix bin 86 with 7 queries.
Average Recall: 0.988571
Initial average recall with ef=100: 0.996667
Average Recall: 0.995714
Initial average recall with ef=150: 1
Weighted average ef: 42.8571
Training absolute cv-matrix bin 87 with 6 queries.
Average Recall: 0.975
Initial average recall with ef=100: 1
Average Recall: 0.988333
Initial average recall with ef=150: 1
Weighted average ef: 66.6667
Training absolute cv-matrix bin 88 with 7 queries.
Average Recall: 0.984286
Initial average recall with ef=100: 0.998
Average Recall: 0.995714
Initial average recall with ef=150: 1
Weighted average ef: 71.4286
Training absolute cv-matrix bin 89 with 4 queries.
Average Recall: 0.9925
Initial average recall with ef=100: 0.99
Average Recall: 0.9975
Initial average recall with ef=150: 0.996667
Weighted average ef: 75
Training absolute cv-matrix bin 99 with 3 queries.
Average Recall: 0.746667
Initial average recall with ef=100: -nan
Average Recall: 0.803333
Initial average recall with ef=150: -nan
Weighted average ef: 0
Reconstructed True WAE: 0 (Hard Pct: 0.00815)
Search time: 680 ms
Search time: 670 ms
Search time: 665 ms
Average Recall: 0.66558
5th percentile recall: 0.33
1st percentile recall: 0.24
Median search time: 670 ms
Search times: 665 ms, 670 ms, 680 ms, 
tiny5m-384-euclidean experiment results:
statisc_length, time, avg_recall, 5th_percentile_recall, 1st_percentile_recall, recall_above_99, recall_above_95, recall_above_90
1025, 670, 0.66558, 0.33, 0.24, 37, 78, 156
Experiment finished

--- n_convergence_buckets: 5 ---

Loading samplings from /home/ryawszn/experiments/shiro-ef/sampling/tiny5m-384-euclidean-samplings--k100-ef.bin
Samplings loaded from /home/ryawszn/experiments/shiro-ef/sampling/tiny5m-384-euclidean-samplings--k100-ef.bin
Average Recall: 0.63727
Initial average recall with ef=100: 0.636088
Average Recall: 0.709229
Initial average recall with ef=150: 0.70826
Weighted average ef: 1207.66
Training convergence-bucket 0 [24.4106, 42.3542) with 400 queries.
Average Recall: 0.415525
Initial average recall with ef=100: 0.415089
Average Recall: 0.4987
Initial average recall with ef=150: 0.49827
Recall diff is too small for 1 consecutive steps, break.
Weighted average ef: 2429.32
Training convergence-bucket 1 [42.3542, 49.0114) with 400 queries.
Average Recall: 0.506175
Initial average recall with ef=100: 0.503919
Average Recall: 0.5912
Initial average recall with ef=150: 0.589288
Weighted average ef: 1725.99
Training convergence-bucket 2 [49.0114, 55.9473) with 400 queries.
Average Recall: 0.620825
Initial average recall with ef=100: 0.621134
Average Recall: 0.701625
Initial average recall with ef=150: 0.701713
Recall diff is too small for 1 consecutive steps, break.
Weighted average ef: 1132.08
Training convergence-bucket 3 [55.9473, 66.5637) with 400 queries.
Average Recall: 0.74955
Initial average recall with ef=100: 0.74874
Average Recall: 0.82055
Initial average recall with ef=150: 0.820488
Recall diff is too small for 1 consecutive steps, break.
Weighted average ef: 528.355
Training convergence-bucket 4 [66.5637, inf) with 400 queries.
Average Recall: 0.894275
Initial average recall with ef=100: 0.896893
Average Recall: 0.934075
Initial average recall with ef=150: 0.936449
Weighted average ef: 206.915
Reconstructed True WAE: 1066.35 (Hard Pct: 0.00815)
Search time: 5917 ms
Search time: 5904 ms
Search time: 5907 ms
Average Recall: 0.97183
5th percentile recall: 0.9
1st percentile recall: 0.86
Median search time: 5907 ms
Search times: 5904 ms, 5907 ms, 5917 ms, 
tiny5m-384-euclidean experiment results:
statisc_length, time, avg_recall, 5th_percentile_recall, 1st_percentile_recall, recall_above_99, recall_above_95, recall_above_90
1025, 5907, 0.97183, 0.9, 0.86, 499, 769, 949
Experiment finished

--- n_convergence_buckets: 10 ---

Loading samplings from /home/ryawszn/experiments/shiro-ef/sampling/tiny5m-384-euclidean-samplings--k100-ef.bin
Samplings loaded from /home/ryawszn/experiments/shiro-ef/sampling/tiny5m-384-euclidean-samplings--k100-ef.bin
Average Recall: 0.63727
Initial average recall with ef=100: 0.636088
Average Recall: 0.709229
Initial average recall with ef=150: 0.70826
Weighted average ef: 1207.66
Training convergence-bucket 0 [24.4106, 37.7392) with 200 queries.
Average Recall: 0.39385
Initial average recall with ef=100: 0.3875
Average Recall: 0.46885
Initial average recall with ef=150: 0.462865
Recall diff is too small for 1 consecutive steps, break.
Recall diff is too small for 1 consecutive steps, break.
Weighted average ef: 2780.74
Training convergence-bucket 1 [37.7392, 42.3542) with 200 queries.
Average Recall: 0.4372
Initial average recall with ef=100: 0.433834
Average Recall: 0.52855
Initial average recall with ef=150: 0.525699
Recall diff is too small for 1 consecutive steps, break.
Weighted average ef: 2069.44
Training convergence-bucket 2 [42.3542, 45.9566) with 200 queries.
Average Recall: 0.48585
Initial average recall with ef=100: 0.487487
Average Recall: 0.5704
Initial average recall with ef=150: 0.572513
Recall diff is too small for 1 consecutive steps, break.
Recall diff is too small for 1 consecutive steps, break.
Recall diff is too small for 1 consecutive steps, break.
Weighted average ef: 1857.2
Training convergence-bucket 3 [45.9566, 49.0114) with 200 queries.
Average Recall: 0.5265
Initial average recall with ef=100: 0.525389
Average Recall: 0.612
Initial average recall with ef=150: 0.611762
Weighted average ef: 1535.72
Training convergence-bucket 4 [49.0114, 52.2824) with 200 queries.
Average Recall: 0.60045
Initial average recall with ef=100: 0.592473
Average Recall: 0.68365
Initial average recall with ef=150: 0.676344
Recall diff is too small for 1 consecutive steps, break.
Recall diff is too small for 1 consecutive steps, break.
Recall diff is too small for 1 consecutive steps, break.
Weighted average ef: 1124.8
Training convergence-bucket 5 [52.2824, 55.9473) with 200 queries.
Average Recall: 0.6412
Initial average recall with ef=100: 0.638947
Average Recall: 0.7196
Initial average recall with ef=150: 0.718053
Recall diff is too small for 1 consecutive steps, break.
Recall diff is too small for 1 consecutive steps, break.
Weighted average ef: 981.385
Training convergence-bucket 6 [55.9473, 60.8972) with 200 queries.
Average Recall: 0.72445
Initial average recall with ef=100: 0.723385
Average Recall: 0.79595
Initial average recall with ef=150: 0.795156
Recall diff is too small for 1 consecutive steps, break.
Recall diff is too small for 1 consecutive steps, break.
Recall diff is too small for 1 consecutive steps, break.
Weighted average ef: 597.26
Training convergence-bucket 7 [60.8972, 66.5637) with 200 queries.
Average Recall: 0.77465
Initial average recall with ef=100: 0.777166
Average Recall: 0.84515
Initial average recall with ef=150: 0.848984
Recall diff is too small for 1 consecutive steps, break.
Recall diff is too small for 1 consecutive steps, break.
Weighted average ef: 386.67
Training convergence-bucket 8 [66.5637, 74.078) with 200 queries.
Average Recall: 0.8583
Initial average recall with ef=100: 0.858258
Average Recall: 0.9121
Initial average recall with ef=150: 0.912528
Weighted average ef: 254.865
Training convergence-bucket 9 [74.078, inf) with 200 queries.
Average Recall: 0.93025
Initial average recall with ef=100: 0.946047
Average Recall: 0.95605
Initial average recall with ef=150: 0.970174
Weighted average ef: 117.825
Reconstructed True WAE: 1055.2 (Hard Pct: 0.00815)
Search time: 5795 ms
Search time: 5805 ms
Search time: 5804 ms
Average Recall: 0.97113
5th percentile recall: 0.9
1st percentile recall: 0.86
Median search time: 5804 ms
Search times: 5795 ms, 5804 ms, 5805 ms, 
tiny5m-384-euclidean experiment results:
statisc_length, time, avg_recall, 5th_percentile_recall, 1st_percentile_recall, recall_above_99, recall_above_95, recall_above_90
1025, 5804, 0.97113, 0.9, 0.86, 491, 767, 941
Experiment finished

--- n_convergence_buckets: 15 ---

Loading samplings from /home/ryawszn/experiments/shiro-ef/sampling/tiny5m-384-euclidean-samplings--k100-ef.bin
Samplings loaded from /home/ryawszn/experiments/shiro-ef/sampling/tiny5m-384-euclidean-samplings--k100-ef.bin
Average Recall: 0.63727
Initial average recall with ef=100: 0.636088
Average Recall: 0.709229
Initial average recall with ef=150: 0.70826
Weighted average ef: 1207.66
Training convergence-bucket 0 [24.4106, 36.4095) with 133 queries.
Average Recall: 0.394135
Initial average recall with ef=100: 0.384252
Average Recall: 0.468496
Initial average recall with ef=150: 0.459449
Recall diff is too small for 1 consecutive steps, break.
Recall diff is too small for 1 consecutive steps, break.
Recall diff is too small for 1 consecutive steps, break.
Weighted average ef: 2837.92
Training convergence-bucket 1 [36.4095, 38.9783) with 133 queries.
Average Recall: 0.395038
Initial average recall with ef=100: 0.383361
Average Recall: 0.473233
Initial average recall with ef=150: 0.463197
Weighted average ef: 2453.47
Training convergence-bucket 2 [38.9783, 42.3447) with 133 queries.
Average Recall: 0.456165
Initial average recall with ef=100: 0.455
Average Recall: 0.552932
Initial average recall with ef=150: 0.553197
Recall diff is too small for 1 consecutive steps, break.
Recall diff is too small for 1 consecutive steps, break.
Recall diff is too small for 1 consecutive steps, break.
Weighted average ef: 1802.25
Training convergence-bucket 3 [42.3447, 44.7098) with 133 queries.
Average Recall: 0.487669
Initial average recall with ef=100: 0.485547
Average Recall: 0.570376
Initial average recall with ef=150: 0.569062
Recall diff is too small for 1 consecutive steps, break.
Recall diff is too small for 1 consecutive steps, break.
Weighted average ef: 1880.61
Training convergence-bucket 4 [44.7098, 46.9815) with 133 queries.
Average Recall: 0.507143
Initial average recall with ef=100: 0.504083
Average Recall: 0.592857
Initial average recall with ef=150: 0.591833
Recall diff is too small for 1 consecutive steps, break.
Weighted average ef: 1418.95
Training convergence-bucket 5 [46.9815, 48.9767) with 133 queries.
Average Recall: 0.522632
Initial average recall with ef=100: 0.518443
Average Recall: 0.61
Initial average recall with ef=150: 0.605164
Recall diff is too small for 1 consecutive steps, break.
Recall diff is too small for 1 consecutive steps, break.
Weighted average ef: 1512.95
Training convergence-bucket 6 [48.9767, 51.289) with 133 queries.
Average Recall: 0.587368
Initial average recall with ef=100: 0.5856
Average Recall: 0.666767
Initial average recall with ef=150: 0.66608
Weighted average ef: 1180.44
Training convergence-bucket 7 [51.289, 53.4256) with 133 queries.
Average Recall: 0.612932
Initial average recall with ef=100: 0.61075
Average Recall: 0.698421
Initial average recall with ef=150: 0.69575
Recall diff is too small for 1 consecutive steps, break.
Recall diff is too small for 1 consecutive steps, break.
Recall diff is too small for 1 consecutive steps, break.
Weighted average ef: 994.902
Training convergence-bucket 8 [53.4256, 55.9105) with 133 queries.
Average Recall: 0.659098
Initial average recall with ef=100: 0.659832
Average Recall: 0.736316
Initial average recall with ef=150: 0.737815
Recall diff is too small for 1 consecutive steps, break.
Weighted average ef: 842.271
Training convergence-bucket 9 [55.9105, 58.9624) with 133 queries.
Average Recall: 0.707368
Initial average recall with ef=100: 0.70808
Average Recall: 0.781879
Initial average recall with ef=150: 0.78328
Recall diff is too small for 1 consecutive steps, break.
Recall diff is too small for 1 consecutive steps, break.
Weighted average ef: 595.015
Training convergence-bucket 10 [58.9624, 62.5858) with 133 queries.
Average Recall: 0.754812
Initial average recall with ef=100: 0.760246
Average Recall: 0.824662
Initial average recall with ef=150: 0.831803
Weighted average ef: 494.887
Training convergence-bucket 11 [62.5858, 66.3855) with 133 queries.
Average Recall: 0.783835
Initial average recall with ef=100: 0.787826
Average Recall: 0.852782
Initial average recall with ef=150: 0.857304
Recall diff is too small for 1 consecutive steps, break.
Weighted average ef: 335.226
Training convergence-bucket 12 [66.3855, 70.909) with 133 queries.
Average Recall: 0.844962
Initial average recall with ef=100: 0.849009
Average Recall: 0.902932
Initial average recall with ef=150: 0.907748
Recall diff is too small for 1 consecutive steps, break.
Weighted average ef: 232.639
Training convergence-bucket 13 [70.909, 76.7789) with 133 queries.
Average Recall: 0.898571
Initial average recall with ef=100: 0.909208
Average Recall: 0.937745
Initial average recall with ef=150: 0.948614
Recall diff is too small for 1 consecutive steps, break.
Weighted average ef: 132.692
Training convergence-bucket 14 [76.7789, inf) with 138 queries.
Average Recall: 0.936087
Initial average recall with ef=100: 0.952342
Average Recall: 0.959638
Initial average recall with ef=150: 0.972973
Weighted average ef: 106.348
Reconstructed True WAE: 1055.84 (Hard Pct: 0.00815)
Search time: 5828 ms
Search time: 4804 ms
Search time: 5821 ms
Average Recall: 0.97121
5th percentile recall: 0.9
1st percentile recall: 0.86
Median search time: 5821 ms
Search times: 4804 ms, 5821 ms, 5828 ms, 
tiny5m-384-euclidean experiment results:
statisc_length, time, avg_recall, 5th_percentile_recall, 1st_percentile_recall, recall_above_99, recall_above_95, recall_above_90
1025, 5821, 0.97121, 0.9, 0.86, 496, 765, 943
Experiment finished

--- n_convergence_buckets: 20 ---

Loading samplings from /home/ryawszn/experiments/shiro-ef/sampling/tiny5m-384-euclidean-samplings--k100-ef.bin
Samplings loaded from /home/ryawszn/experiments/shiro-ef/sampling/tiny5m-384-euclidean-samplings--k100-ef.bin
Average Recall: 0.63727
Initial average recall with ef=100: 0.636088
Average Recall: 0.709229
Initial average recall with ef=150: 0.70826
Weighted average ef: 1207.66
Training convergence-bucket 0 [24.4106, 35.694) with 100 queries.
Average Recall: 0.3992
Initial average recall with ef=100: 0.379
Average Recall: 0.4769
Initial average recall with ef=150: 0.454667
Recall diff is too small for 1 consecutive steps, break.
Recall diff is too small for 1 consecutive steps, break.
Recall diff is too small for 1 consecutive steps, break.
Weighted average ef: 2755.78
Training convergence-bucket 1 [35.694, 37.7392) with 100 queries.
Average Recall: 0.3885
Initial average recall with ef=100: 0.363827
Average Recall: 0.4608
Initial average recall with ef=150: 0.431482
Recall diff is too small for 1 consecutive steps, break.
Recall diff is too small for 1 consecutive steps, break.
Weighted average ef: 2454.83
Training convergence-bucket 2 [37.7392, 39.9783) with 100 queries.
Average Recall: 0.4192
Initial average recall with ef=100: 0.416044
Average Recall: 0.5067
Initial average recall with ef=150: 0.504505
Recall diff is too small for 1 consecutive steps, break.
Weighted average ef: 2202.83
Training convergence-bucket 3 [39.9783, 42.3542) with 100 queries.
Average Recall: 0.4552
Initial average recall with ef=100: 0.449231
Average Recall: 0.5504
Initial average recall with ef=150: 0.546044
Recall diff is too small for 1 consecutive steps, break.
Weighted average ef: 1794.38
Training convergence-bucket 4 [42.3542, 44.0632) with 100 queries.
Average Recall: 0.4815
Initial average recall with ef=100: 0.483936
Average Recall: 0.5643
Initial average recall with ef=150: 0.567021
Recall diff is too small for 1 consecutive steps, break.
Recall diff is too small for 1 consecutive steps, break.
Recall diff is too small for 1 consecutive steps, break.
Weighted average ef: 1907.59
Training convergence-bucket 5 [44.0632, 45.9566) with 100 queries.
Average Recall: 0.4902
Initial average recall with ef=100: 0.49022
Average Recall: 0.5765
Initial average recall with ef=150: 0.578022
Recall diff is too small for 1 consecutive steps, break.
Recall diff is too small for 1 consecutive steps, break.
Recall diff is too small for 1 consecutive steps, break.
Recall diff is too small for 1 consecutive steps, break.
Recall diff is too small for 1 consecutive steps, break.
Weighted average ef: 1493.66
Training convergence-bucket 6 [45.9566, 47.5527) with 100 queries.
Average Recall: 0.5186
Initial average recall with ef=100: 0.515165
Average Recall: 0.6022
Initial average recall with ef=150: 0.600549
Recall diff is too small for 1 consecutive steps, break.
Recall diff is too small for 1 consecutive steps, break.
Recall diff is too small for 1 consecutive steps, break.
Weighted average ef: 1528.14
Training convergence-bucket 7 [47.5527, 49.0114) with 100 queries.
Average Recall: 0.5344
Initial average recall with ef=100: 0.524023
Average Recall: 0.6218
Initial average recall with ef=150: 0.612069
Recall diff is too small for 1 consecutive steps, break.
Weighted average ef: 1363.78
Training convergence-bucket 8 [49.0114, 50.6772) with 100 queries.
Average Recall: 0.5939
Initial average recall with ef=100: 0.589348
Average Recall: 0.6726
Initial average recall with ef=150: 0.668478
Recall diff is too small for 1 consecutive steps, break.
Weighted average ef: 1113.64
Training convergence-bucket 9 [50.6772, 52.2824) with 100 queries.
Average Recall: 0.607
Initial average recall with ef=100: 0.593103
Average Recall: 0.6947
Initial average recall with ef=150: 0.682184
Recall diff is too small for 1 consecutive steps, break.
Recall diff is too small for 1 consecutive steps, break.
Recall diff is too small for 1 consecutive steps, break.
Recall diff is too small for 1 consecutive steps, break.
Weighted average ef: 1069.69
Training convergence-bucket 10 [52.2824, 54.0737) with 100 queries.
Average Recall: 0.6122
Initial average recall with ef=100: 0.616786
Average Recall: 0.6931
Initial average recall with ef=150: 0.696429
Recall diff is too small for 1 consecutive steps, break.
Weighted average ef: 959.26
Training convergence-bucket 11 [54.0737, 55.9473) with 100 queries.
Average Recall: 0.6702
Initial average recall with ef=100: 0.682439
Average Recall: 0.7461
Initial average recall with ef=150: 0.760854
Recall diff is too small for 1 consecutive steps, break.
Recall diff is too small for 1 consecutive steps, break.
Recall diff is too small for 1 consecutive steps, break.
Weighted average ef: 687.4
Training convergence-bucket 12 [55.9473, 58.4397) with 100 queries.
Average Recall: 0.6969
Initial average recall with ef=100: 0.696333
Average Recall: 0.7722
Initial average recall with ef=150: 0.773556
Recall diff is too small for 1 consecutive steps, break.
Recall diff is too small for 1 consecutive steps, break.
Weighted average ef: 656.52
Training convergence-bucket 13 [58.4397, 60.8972) with 100 queries.
Average Recall: 0.752
Initial average recall with ef=100: 0.762442
Average Recall: 0.8197
Initial average recall with ef=150: 0.830349
Weighted average ef: 451.99
Training convergence-bucket 14 [60.8972, 63.5801) with 100 queries.
Average Recall: 0.74
Initial average recall with ef=100: 0.748572
Average Recall: 0.8171
Initial average recall with ef=150: 0.827143
Recall diff is too small for 1 consecutive steps, break.
Recall diff is too small for 1 consecutive steps, break.
Weighted average ef: 392.79
Training convergence-bucket 15 [63.5801, 66.5637) with 100 queries.
Average Recall: 0.8093
Initial average recall with ef=100: 0.803659
Average Recall: 0.8732
Initial average recall with ef=150: 0.870244
Weighted average ef: 288.09
Training convergence-bucket 16 [66.5637, 69.7839) with 100 queries.
Average Recall: 0.8419
Initial average recall with ef=100: 0.849873
Average Recall: 0.9001
Initial average recall with ef=150: 0.906456
Weighted average ef: 221.06
Training convergence-bucket 17 [69.7839, 74.078) with 100 queries.
Average Recall: 0.8747
Initial average recall with ef=100: 0.878667
Average Recall: 0.9241
Initial average recall with ef=150: 0.928133
Weighted average ef: 181.45
Training convergence-bucket 18 [74.078, 78.8511) with 100 queries.
Average Recall: 0.9156
Initial average recall with ef=100: 0.929718
Average Recall: 0.9472
Initial average recall with ef=150: 0.960563
Weighted average ef: 111
Training convergence-bucket 19 [78.8511, inf) with 100 queries.
Average Recall: 0.9449
Initial average recall with ef=100: 0.963731
Average Recall: 0.9649
Initial average recall with ef=150: 0.980299
Weighted average ef: 79.64
Reconstructed True WAE: 1044.99 (Hard Pct: 0.00815)
Search time: 5782 ms
Search time: 6255 ms
Search time: 4788 ms
Average Recall: 0.97053
5th percentile recall: 0.9
1st percentile recall: 0.85
Median search time: 5782 ms
Search times: 4788 ms, 5782 ms, 6255 ms, 
tiny5m-384-euclidean experiment results:
statisc_length, time, avg_recall, 5th_percentile_recall, 1st_percentile_recall, recall_above_99, recall_above_95, recall_above_90
1025, 5782, 0.97053, 0.9, 0.85, 492, 762, 935
Experiment finished
Starting ablation study tests: min_queries_per_score...




Dataset: deep-image-96-angular
Metric: cd
Normalize the data vectors
Data vectors dimensions: 9990000 x 96
Query vectors dimensions: 10000 x 96
Neighbors dimensions: 10000 x 100
Using AVX512 Inner Product distance
Index loaded
Dimension of space:96
Data size of space:384

--- min_queries_per_score: 0 ---

Loading samplings from /home/ryawszn/experiments/shiro-ef/sampling/deep-image-96-angular-samplings--k100-ef.bin
Samplings loaded from /home/ryawszn/experiments/shiro-ef/sampling/deep-image-96-angular-samplings--k100-ef.bin
Average Recall: 0.838966
Initial average recall with ef=100: -1.02145e+08
Average Recall: 0.886667
Initial average recall with ef=150: -1.03611e+08
Recall diff is too small for 1 consecutive steps, break.
Recall diff is too small for 1 consecutive steps, break.
Recall diff is too small for 1 consecutive steps, break.
Recall diff is too small for 1 consecutive steps, break.
Recall diff is too small for 1 consecutive steps, break.
Recall diff is too small for 1 consecutive steps, break.
Recall diff is too small for 1 consecutive steps, break.
Recall diff is too small for 1 consecutive steps, break.
Recall diff is too small for 1 consecutive steps, break.
Recall diff is too small for 1 consecutive steps, break.
Recall diff is too small for 1 consecutive steps, break.
Recall diff is too small for 1 consecutive steps, break.
Recall diff is too small for 1 consecutive steps, break.
Recall diff is too small for 1 consecutive steps, break.
Recall diff is too small for 1 consecutive steps, break.
Recall diff is too small for 1 consecutive steps, break.
Weighted average ef: 363.107
Training convergence-bucket 0 [15.9769, 48.7988) with 200 queries.
Average Recall: 0.620804
Initial average recall with ef=100: 0.6177
Average Recall: 0.699749
Initial average recall with ef=150: 0.69625
Recall diff is too small for 1 consecutive steps, break.
Weighted average ef: 978.29
Training convergence-bucket 1 [48.7988, 52.9019) with 200 queries.
Average Recall: 0.653
Initial average recall with ef=100: 0.653
Average Recall: 0.73215
Initial average recall with ef=150: 0.73215
Recall diff is too small for 1 consecutive steps, break.
Recall diff is too small for 1 consecutive steps, break.
Recall diff is too small for 1 consecutive steps, break.
Recall diff is too small for 1 consecutive steps, break.
Recall diff is too small for 1 consecutive steps, break.
Recall diff is too small for 1 consecutive steps, break.
Recall diff is too small for 1 consecutive steps, break.
Weighted average ef: 813.535
Training convergence-bucket 2 [52.9019, 60.0296) with 200 queries.
Average Recall: 0.7367
Initial average recall with ef=100: 0.7367
Average Recall: 0.8058
Initial average recall with ef=150: 0.8058
Recall diff is too small for 1 consecutive steps, break.
Recall diff is too small for 1 consecutive steps, break.
Weighted average ef: 562.22
Training convergence-bucket 3 [60.0296, 64.134) with 200 queries.
Average Recall: 0.816
Initial average recall with ef=100: 0.816
Average Recall: 0.87875
Initial average recall with ef=150: 0.87875
Weighted average ef: 362.205
Training convergence-bucket 4 [64.134, 67.6072) with 200 queries.
Average Recall: 0.858141
Initial average recall with ef=100: 0.85385
Average Recall: 0.912864
Initial average recall with ef=150: 0.9083
Recall diff is too small for 1 consecutive steps, break.
Recall diff is too small for 1 consecutive steps, break.
Weighted average ef: 304.435
Training convergence-bucket 5 [67.6072, 71.1849) with 200 queries.
Average Recall: 0.88515
Initial average recall with ef=100: 0.88515
Average Recall: 0.9299
Initial average recall with ef=150: 0.9299
Recall diff is too small for 1 consecutive steps, break.
Weighted average ef: 236.865
Training convergence-bucket 6 [71.1849, 74.4271) with 200 queries.
Average Recall: 0.92065
Initial average recall with ef=100: 0.92065
Average Recall: 0.9561
Initial average recall with ef=150: 0.9561
Recall diff is too small for 1 consecutive steps, break.
Weighted average ef: 166.94
Training convergence-bucket 7 [74.4271, 77.7543) with 200 queries.
Average Recall: 0.9451
Initial average recall with ef=100: 0.9451
Average Recall: 0.9724
Initial average recall with ef=150: 0.9724
Weighted average ef: 133.43
Training convergence-bucket 8 [77.7543, 82.04) with 200 queries.
Average Recall: 0.9686
Initial average recall with ef=100: 0.9686
Average Recall: 0.9849
Initial average recall with ef=150: 0.9849
Weighted average ef: 112.65
Training convergence-bucket 9 [82.04, inf) with 200 queries.
Average Recall: 0.98455
Initial average recall with ef=100: 0.98455
Average Recall: 0.9933
Initial average recall with ef=150: 0.9933
Weighted average ef: 107.37
Reconstructed True WAE: 243.734 (Hard Pct: 0.0211)
Search time: 9260 ms
Search time: 7847 ms
Search time: 8947 ms
Average Recall: 0.977442
5th percentile recall: 0.92
1st percentile recall: 0.88
Median search time: 8947 ms
Search times: 7847 ms, 8947 ms, 9260 ms, 
deep-image-96-angular experiment results:
statisc_length, time, avg_recall, 5th_percentile_recall, 1st_percentile_recall, recall_above_99, recall_above_95, recall_above_90
1025, 8947, 0.977442, 0.92, 0.88, 5217, 8325, 9733
Experiment finished

--- min_queries_per_score: 1 ---

Loading samplings from /home/ryawszn/experiments/shiro-ef/sampling/deep-image-96-angular-samplings--k100-ef.bin
Samplings loaded from /home/ryawszn/experiments/shiro-ef/sampling/deep-image-96-angular-samplings--k100-ef.bin
Average Recall: 0.838966
Initial average recall with ef=100: 0.838166
Average Recall: 0.886667
Initial average recall with ef=150: 0.885958
Recall diff is too small for 1 consecutive steps, break.
Recall diff is too small for 1 consecutive steps, break.
Recall diff is too small for 1 consecutive steps, break.
Recall diff is too small for 1 consecutive steps, break.
Recall diff is too small for 1 consecutive steps, break.
Recall diff is too small for 1 consecutive steps, break.
Recall diff is too small for 1 consecutive steps, break.
Recall diff is too small for 1 consecutive steps, break.
Recall diff is too small for 1 consecutive steps, break.
Recall diff is too small for 1 consecutive steps, break.
Recall diff is too small for 1 consecutive steps, break.
Recall diff is too small for 1 consecutive steps, break.
Recall diff is too small for 1 consecutive steps, break.
Recall diff is too small for 1 consecutive steps, break.
Recall diff is too small for 1 consecutive steps, break.
Recall diff is too small for 1 consecutive steps, break.
Weighted average ef: 363.169
Training convergence-bucket 0 [15.9769, 48.7988) with 200 queries.
Average Recall: 0.620804
Initial average recall with ef=100: 0.6177
Average Recall: 0.699749
Initial average recall with ef=150: 0.69625
Recall diff is too small for 1 consecutive steps, break.
Weighted average ef: 978.29
Training convergence-bucket 1 [48.7988, 52.9019) with 200 queries.
Average Recall: 0.653
Initial average recall with ef=100: 0.653
Average Recall: 0.73215
Initial average recall with ef=150: 0.73215
Recall diff is too small for 1 consecutive steps, break.
Recall diff is too small for 1 consecutive steps, break.
Recall diff is too small for 1 consecutive steps, break.
Recall diff is too small for 1 consecutive steps, break.
Recall diff is too small for 1 consecutive steps, break.
Recall diff is too small for 1 consecutive steps, break.
Recall diff is too small for 1 consecutive steps, break.
Weighted average ef: 813.535
Training convergence-bucket 2 [52.9019, 60.0296) with 200 queries.
Average Recall: 0.7367
Initial average recall with ef=100: 0.7367
Average Recall: 0.8058
Initial average recall with ef=150: 0.8058
Recall diff is too small for 1 consecutive steps, break.
Recall diff is too small for 1 consecutive steps, break.
Weighted average ef: 562.22
Training convergence-bucket 3 [60.0296, 64.134) with 200 queries.
Average Recall: 0.816
Initial average recall with ef=100: 0.816
Average Recall: 0.87875
Initial average recall with ef=150: 0.87875
Weighted average ef: 362.205
Training convergence-bucket 4 [64.134, 67.6072) with 200 queries.
Average Recall: 0.858141
Initial average recall with ef=100: 0.85385
Average Recall: 0.912864
Initial average recall with ef=150: 0.9083
Recall diff is too small for 1 consecutive steps, break.
Recall diff is too small for 1 consecutive steps, break.
Weighted average ef: 304.435
Training convergence-bucket 5 [67.6072, 71.1849) with 200 queries.
Average Recall: 0.88515
Initial average recall with ef=100: 0.88515
Average Recall: 0.9299
Initial average recall with ef=150: 0.9299
Recall diff is too small for 1 consecutive steps, break.
Weighted average ef: 236.865
Training convergence-bucket 6 [71.1849, 74.4271) with 200 queries.
Average Recall: 0.92065
Initial average recall with ef=100: 0.92065
Average Recall: 0.9561
Initial average recall with ef=150: 0.9561
Recall diff is too small for 1 consecutive steps, break.
Weighted average ef: 166.94
Training convergence-bucket 7 [74.4271, 77.7543) with 200 queries.
Average Recall: 0.9451
Initial average recall with ef=100: 0.9451
Average Recall: 0.9724
Initial average recall with ef=150: 0.9724
Weighted average ef: 133.43
Training convergence-bucket 8 [77.7543, 82.04) with 200 queries.
Average Recall: 0.9686
Initial average recall with ef=100: 0.9686
Average Recall: 0.9849
Initial average recall with ef=150: 0.9849
Weighted average ef: 112.65
Training convergence-bucket 9 [82.04, inf) with 200 queries.
Average Recall: 0.98455
Initial average recall with ef=100: 0.98455
Average Recall: 0.9933
Initial average recall with ef=150: 0.9933
Weighted average ef: 107.37
Reconstructed True WAE: 243.734 (Hard Pct: 0.0211)
Search time: 7910 ms
Search time: 8940 ms
Search time: 8973 ms
Average Recall: 0.977442
5th percentile recall: 0.92
1st percentile recall: 0.88
Median search time: 8940 ms
Search times: 7910 ms, 8940 ms, 8973 ms, 
deep-image-96-angular experiment results:
statisc_length, time, avg_recall, 5th_percentile_recall, 1st_percentile_recall, recall_above_99, recall_above_95, recall_above_90
1025, 8940, 0.977442, 0.92, 0.88, 5217, 8325, 9733
Experiment finished

--- min_queries_per_score: 3 ---

Loading samplings from /home/ryawszn/experiments/shiro-ef/sampling/deep-image-96-angular-samplings--k100-ef.bin
Samplings loaded from /home/ryawszn/experiments/shiro-ef/sampling/deep-image-96-angular-samplings--k100-ef.bin
Average Recall: 0.838966
Initial average recall with ef=100: 0.838874
Average Recall: 0.886667
Initial average recall with ef=150: 0.886432
Recall diff is too small for 1 consecutive steps, break.
Recall diff is too small for 1 consecutive steps, break.
Recall diff is too small for 1 consecutive steps, break.
Recall diff is too small for 1 consecutive steps, break.
Recall diff is too small for 1 consecutive steps, break.
Recall diff is too small for 1 consecutive steps, break.
Recall diff is too small for 1 consecutive steps, break.
Recall diff is too small for 1 consecutive steps, break.
Recall diff is too small for 1 consecutive steps, break.
Recall diff is too small for 1 consecutive steps, break.
Recall diff is too small for 1 consecutive steps, break.
Recall diff is too small for 1 consecutive steps, break.
Recall diff is too small for 1 consecutive steps, break.
Weighted average ef: 359.195
Training convergence-bucket 0 [15.9769, 48.7988) with 200 queries.
Average Recall: 0.620804
Initial average recall with ef=100: 0.61367
Average Recall: 0.699749
Initial average recall with ef=150: 0.69367
Recall diff is too small for 1 consecutive steps, break.
Weighted average ef: 923.35
Training convergence-bucket 1 [48.7988, 52.9019) with 200 queries.
Average Recall: 0.653
Initial average recall with ef=100: 0.643829
Average Recall: 0.73215
Initial average recall with ef=150: 0.723143
Weighted average ef: 737.755
Training convergence-bucket 2 [52.9019, 60.0296) with 200 queries.
Average Recall: 0.7367
Initial average recall with ef=100: 0.734021
Average Recall: 0.8058
Initial average recall with ef=150: 0.803598
Weighted average ef: 531.905
Training convergence-bucket 3 [60.0296, 64.134) with 200 queries.
Average Recall: 0.816
Initial average recall with ef=100: 0.814712
Average Recall: 0.87875
Initial average recall with ef=150: 0.877853
Weighted average ef: 337.12
Training convergence-bucket 4 [64.134, 67.6072) with 200 queries.
Average Recall: 0.858141
Initial average recall with ef=100: 0.855591
Average Recall: 0.912864
Initial average recall with ef=150: 0.910215
Recall diff is too small for 1 consecutive steps, break.
Weighted average ef: 256.965
Training convergence-bucket 5 [67.6072, 71.1849) with 200 queries.
Average Recall: 0.88515
Initial average recall with ef=100: 0.88766
Average Recall: 0.9299
Initial average recall with ef=150: 0.933032
Weighted average ef: 202.975
Training convergence-bucket 6 [71.1849, 74.4271) with 200 queries.
Average Recall: 0.92065
Initial average recall with ef=100: 0.922473
Average Recall: 0.9561
Initial average recall with ef=150: 0.957581
Weighted average ef: 152.75
Training convergence-bucket 7 [74.4271, 77.7543) with 200 queries.
Average Recall: 0.9451
Initial average recall with ef=100: 0.948192
Average Recall: 0.9724
Initial average recall with ef=150: 0.974787
Weighted average ef: 121.8
Training convergence-bucket 8 [77.7543, 82.04) with 200 queries.
Average Recall: 0.9686
Initial average recall with ef=100: 0.968769
Average Recall: 0.9849
Initial average recall with ef=150: 0.985128
Weighted average ef: 109.25
Training convergence-bucket 9 [82.04, inf) with 200 queries.
Average Recall: 0.98455
Initial average recall with ef=100: 0.989126
Average Recall: 0.9933
Initial average recall with ef=150: 0.99612
Weighted average ef: 93.25
Reconstructed True WAE: 243.132 (Hard Pct: 0.0211)
Search time: 9444 ms
Search time: 9401 ms
Search time: 8395 ms
Average Recall: 0.980951
5th percentile recall: 0.93
1st percentile recall: 0.89
Median search time: 9401 ms
Search times: 8395 ms, 9401 ms, 9444 ms, 
deep-image-96-angular experiment results:
statisc_length, time, avg_recall, 5th_percentile_recall, 1st_percentile_recall, recall_above_99, recall_above_95, recall_above_90
1025, 9401, 0.980951, 0.93, 0.89, 5675, 8760, 9846
Experiment finished

--- min_queries_per_score: 5 ---

Loading samplings from /home/ryawszn/experiments/shiro-ef/sampling/deep-image-96-angular-samplings--k100-ef.bin
Samplings loaded from /home/ryawszn/experiments/shiro-ef/sampling/deep-image-96-angular-samplings--k100-ef.bin
Average Recall: 0.838966
Initial average recall with ef=100: 0.840696
Average Recall: 0.886667
Initial average recall with ef=150: 0.887924
Recall diff is too small for 1 consecutive steps, break.
Recall diff is too small for 1 consecutive steps, break.
Recall diff is too small for 1 consecutive steps, break.
Recall diff is too small for 1 consecutive steps, break.
Recall diff is too small for 1 consecutive steps, break.
Recall diff is too small for 1 consecutive steps, break.
Recall diff is too small for 1 consecutive steps, break.
Recall diff is too small for 1 consecutive steps, break.
Recall diff is too small for 1 consecutive steps, break.
Recall diff is too small for 1 consecutive steps, break.
Recall diff is too small for 1 consecutive steps, break.
Weighted average ef: 350.427
Training convergence-bucket 0 [15.9769, 48.7988) with 200 queries.
Average Recall: 0.620804
Initial average recall with ef=100: 0.612955
Average Recall: 0.699749
Initial average recall with ef=150: 0.692216
Recall diff is too small for 1 consecutive steps, break.
Weighted average ef: 829.93
Training convergence-bucket 1 [48.7988, 52.9019) with 200 queries.
Average Recall: 0.653
Initial average recall with ef=100: 0.643314
Average Recall: 0.73215
Initial average recall with ef=150: 0.722791
Weighted average ef: 724.42
Training convergence-bucket 2 [52.9019, 60.0296) with 200 queries.
Average Recall: 0.7367
Initial average recall with ef=100: 0.726236
Average Recall: 0.8058
Initial average recall with ef=150: 0.796685
Weighted average ef: 518.155
Training convergence-bucket 3 [60.0296, 64.134) with 200 queries.
Average Recall: 0.816
Initial average recall with ef=100: 0.823425
Average Recall: 0.87875
Initial average recall with ef=150: 0.885801
Weighted average ef: 283.07
Training convergence-bucket 4 [64.134, 67.6072) with 200 queries.
Average Recall: 0.858141
Initial average recall with ef=100: 0.858409
Average Recall: 0.912864
Initial average recall with ef=150: 0.913295
Recall diff is too small for 1 consecutive steps, break.
Weighted average ef: 232.4
Training convergence-bucket 5 [67.6072, 71.1849) with 200 queries.
Average Recall: 0.88515
Initial average recall with ef=100: 0.890909
Average Recall: 0.9299
Initial average recall with ef=150: 0.936061
Weighted average ef: 171.255
Training convergence-bucket 6 [71.1849, 74.4271) with 200 queries.
Average Recall: 0.92065
Initial average recall with ef=100: 0.922048
Average Recall: 0.9561
Initial average recall with ef=150: 0.957711
Weighted average ef: 136
Training convergence-bucket 7 [74.4271, 77.7543) with 200 queries.
Average Recall: 0.9451
Initial average recall with ef=100: 0.947408
Average Recall: 0.9724
Initial average recall with ef=150: 0.974506
Weighted average ef: 104.55
Training convergence-bucket 8 [77.7543, 82.04) with 200 queries.
Average Recall: 0.9686
Initial average recall with ef=100: 0.971377
Average Recall: 0.9849
Initial average recall with ef=150: 0.987186
Weighted average ef: 90.5
Training convergence-bucket 9 [82.04, inf) with 200 queries.
Average Recall: 0.98455
Initial average recall with ef=100: 0.991879
Average Recall: 0.9933
Initial average recall with ef=150: 0.997697
Weighted average ef: 82.5
Reconstructed True WAE: 238.634 (Hard Pct: 0.0211)
Search time: 9377 ms
Search time: 8260 ms
Search time: 9313 ms
Average Recall: 0.980775
5th percentile recall: 0.93
1st percentile recall: 0.89
Median search time: 9313 ms
Search times: 8260 ms, 9313 ms, 9377 ms, 
deep-image-96-angular experiment results:
statisc_length, time, avg_recall, 5th_percentile_recall, 1st_percentile_recall, recall_above_99, recall_above_95, recall_above_90
1025, 9313, 0.980775, 0.93, 0.89, 5651, 8744, 9840
Experiment finished


Dataset: glove-100-angular
Metric: cd
Normalize the data vectors
Data vectors dimensions: 1183514 x 100
Query vectors dimensions: 10000 x 100
Neighbors dimensions: 10000 x 100
Using AVX512 Inner Product distance
Index loaded
Dimension of space:100
Data size of space:400

--- min_queries_per_score: 0 ---

Loading samplings from /home/ryawszn/experiments/shiro-ef/sampling/glove-100-angular-samplings--k100-ef.bin
Samplings loaded from /home/ryawszn/experiments/shiro-ef/sampling/glove-100-angular-samplings--k100-ef.bin
Average Recall: 0.727104
Initial average recall with ef=100: 0.727105
Average Recall: 0.770668
Initial average recall with ef=150: 0.77067
Recall diff is too small for 1 consecutive steps, break.
Weighted average ef: 1692.65
Training convergence-bucket 0 [11.9239, 36.5612) with 200 queries.
Average Recall: 0.45775
Initial average recall with ef=100: 0.45775
Average Recall: 0.5046
Initial average recall with ef=150: 0.5046
Recall diff is too small for 1 consecutive steps, break.
Recall diff is too small for 1 consecutive steps, break.
Weighted average ef: 4420.43
Training convergence-bucket 1 [36.5612, 44.32) with 200 queries.
Average Recall: 0.4665
Initial average recall with ef=100: 0.4665
Average Recall: 0.5241
Initial average recall with ef=150: 0.5241
Recall diff is too small for 1 consecutive steps, break.
Recall diff is too small for 1 consecutive steps, break.
Recall diff is too small for 1 consecutive steps, break.
Recall diff is too small for 1 consecutive steps, break.
Recall diff is too small for 1 consecutive steps, break.
Weighted average ef: 3855.65
Training convergence-bucket 2 [44.32, 51.3519) with 200 queries.
Average Recall: 0.5554
Initial average recall with ef=100: 0.5554
Average Recall: 0.61685
Initial average recall with ef=150: 0.61685
Recall diff is too small for 1 consecutive steps, break.
Recall diff is too small for 1 consecutive steps, break.
Recall diff is too small for 1 consecutive steps, break.
Weighted average ef: 2925.85
Training convergence-bucket 3 [51.3519, 57.3494) with 200 queries.
Average Recall: 0.631
Initial average recall with ef=100: 0.631
Average Recall: 0.69215
Initial average recall with ef=150: 0.69215
Recall diff is too small for 1 consecutive steps, break.
Recall diff is too small for 1 consecutive steps, break.
Weighted average ef: 2106.46
Training convergence-bucket 4 [57.3494, 62.36) with 200 queries.
Average Recall: 0.71275
Initial average recall with ef=100: 0.71275
Average Recall: 0.76865
Initial average recall with ef=150: 0.76865
Weighted average ef: 1324.35
Training convergence-bucket 5 [62.36, 67.4098) with 200 queries.
Average Recall: 0.79205
Initial average recall with ef=100: 0.79205
Average Recall: 0.8402
Initial average recall with ef=150: 0.8402
Recall diff is too small for 1 consecutive steps, break.
Recall diff is too small for 1 consecutive steps, break.
Weighted average ef: 864.515
Training convergence-bucket 6 [67.4098, 72.0157) with 200 queries.
Average Recall: 0.8497
Initial average recall with ef=100: 0.8497
Average Recall: 0.89005
Initial average recall with ef=150: 0.89005
Recall diff is too small for 1 consecutive steps, break.
Weighted average ef: 637.87
Training convergence-bucket 7 [72.0157, 76.1974) with 200 queries.
Average Recall: 0.90275
Initial average recall with ef=100: 0.90275
Average Recall: 0.9333
Initial average recall with ef=150: 0.9333
Recall diff is too small for 1 consecutive steps, break.
Recall diff is too small for 1 consecutive steps, break.
Recall diff is too small for 1 consecutive steps, break.
Weighted average ef: 305.45
Training convergence-bucket 8 [76.1974, 80.8181) with 200 queries.
Average Recall: 0.9334
Initial average recall with ef=100: 0.9334
Average Recall: 0.9541
Initial average recall with ef=150: 0.9541
Recall diff is too small for 1 consecutive steps, break.
Recall diff is too small for 1 consecutive steps, break.
Recall diff is too small for 1 consecutive steps, break.
Weighted average ef: 252.755
Training convergence-bucket 9 [80.8181, inf) with 200 queries.
Average Recall: 0.969751
Initial average recall with ef=100: 0.96975
Average Recall: 0.9827
Initial average recall with ef=150: 0.9827
Weighted average ef: 127.445
Reconstructed True WAE: 1417.38 (Hard Pct: 0.0084)
Search time: 38990 ms
Search time: 40849 ms
Search time: 40098 ms
Average Recall: 0.978599
5th percentile recall: 0.92
1st percentile recall: 0.87
Median search time: 40098 ms
Search times: 38990 ms, 40098 ms, 40849 ms, 
glove-100-angular experiment results:
statisc_length, time, avg_recall, 5th_percentile_recall, 1st_percentile_recall, recall_above_99, recall_above_95, recall_above_90
1025, 40098, 0.978599, 0.92, 0.87, 5956, 8203, 9653
Experiment finished

--- min_queries_per_score: 1 ---

Loading samplings from /home/ryawszn/experiments/shiro-ef/sampling/glove-100-angular-samplings--k100-ef.bin
Samplings loaded from /home/ryawszn/experiments/shiro-ef/sampling/glove-100-angular-samplings--k100-ef.bin
Average Recall: 0.727104
Initial average recall with ef=100: 0.727105
Average Recall: 0.770668
Initial average recall with ef=150: 0.77067
Recall diff is too small for 1 consecutive steps, break.
Weighted average ef: 1692.65
Training convergence-bucket 0 [11.9239, 36.5612) with 200 queries.
Average Recall: 0.45775
Initial average recall with ef=100: 0.45775
Average Recall: 0.5046
Initial average recall with ef=150: 0.5046
Recall diff is too small for 1 consecutive steps, break.
Recall diff is too small for 1 consecutive steps, break.
Weighted average ef: 4420.43
Training convergence-bucket 1 [36.5612, 44.32) with 200 queries.
Average Recall: 0.4665
Initial average recall with ef=100: 0.4665
Average Recall: 0.5241
Initial average recall with ef=150: 0.5241
Recall diff is too small for 1 consecutive steps, break.
Recall diff is too small for 1 consecutive steps, break.
Recall diff is too small for 1 consecutive steps, break.
Recall diff is too small for 1 consecutive steps, break.
Recall diff is too small for 1 consecutive steps, break.
Weighted average ef: 3855.65
Training convergence-bucket 2 [44.32, 51.3519) with 200 queries.
Average Recall: 0.5554
Initial average recall with ef=100: 0.5554
Average Recall: 0.61685
Initial average recall with ef=150: 0.61685
Recall diff is too small for 1 consecutive steps, break.
Recall diff is too small for 1 consecutive steps, break.
Recall diff is too small for 1 consecutive steps, break.
Weighted average ef: 2925.85
Training convergence-bucket 3 [51.3519, 57.3494) with 200 queries.
Average Recall: 0.631
Initial average recall with ef=100: 0.631
Average Recall: 0.69215
Initial average recall with ef=150: 0.69215
Recall diff is too small for 1 consecutive steps, break.
Recall diff is too small for 1 consecutive steps, break.
Weighted average ef: 2106.46
Training convergence-bucket 4 [57.3494, 62.36) with 200 queries.
Average Recall: 0.71275
Initial average recall with ef=100: 0.71275
Average Recall: 0.76865
Initial average recall with ef=150: 0.76865
Weighted average ef: 1324.35
Training convergence-bucket 5 [62.36, 67.4098) with 200 queries.
Average Recall: 0.79205
Initial average recall with ef=100: 0.79205
Average Recall: 0.8402
Initial average recall with ef=150: 0.8402
Recall diff is too small for 1 consecutive steps, break.
Recall diff is too small for 1 consecutive steps, break.
Weighted average ef: 864.515
Training convergence-bucket 6 [67.4098, 72.0157) with 200 queries.
Average Recall: 0.8497
Initial average recall with ef=100: 0.8497
Average Recall: 0.89005
Initial average recall with ef=150: 0.89005
Recall diff is too small for 1 consecutive steps, break.
Weighted average ef: 637.87
Training convergence-bucket 7 [72.0157, 76.1974) with 200 queries.
Average Recall: 0.90275
Initial average recall with ef=100: 0.90275
Average Recall: 0.9333
Initial average recall with ef=150: 0.9333
Recall diff is too small for 1 consecutive steps, break.
Recall diff is too small for 1 consecutive steps, break.
Recall diff is too small for 1 consecutive steps, break.
Weighted average ef: 305.45
Training convergence-bucket 8 [76.1974, 80.8181) with 200 queries.
Average Recall: 0.9334
Initial average recall with ef=100: 0.9334
Average Recall: 0.9541
Initial average recall with ef=150: 0.9541
Recall diff is too small for 1 consecutive steps, break.
Recall diff is too small for 1 consecutive steps, break.
Recall diff is too small for 1 consecutive steps, break.
Weighted average ef: 252.755
Training convergence-bucket 9 [80.8181, inf) with 200 queries.
Average Recall: 0.969751
Initial average recall with ef=100: 0.96975
Average Recall: 0.9827
Initial average recall with ef=150: 0.9827
Weighted average ef: 127.445
Reconstructed True WAE: 1417.38 (Hard Pct: 0.0084)
Search time: 40099 ms
Search time: 39252 ms
Search time: 40222 ms
Average Recall: 0.978599
5th percentile recall: 0.92
1st percentile recall: 0.87
Median search time: 40099 ms
Search times: 39252 ms, 40099 ms, 40222 ms, 
glove-100-angular experiment results:
statisc_length, time, avg_recall, 5th_percentile_recall, 1st_percentile_recall, recall_above_99, recall_above_95, recall_above_90
1025, 40099, 0.978599, 0.92, 0.87, 5956, 8203, 9653
Experiment finished

--- min_queries_per_score: 3 ---

Loading samplings from /home/ryawszn/experiments/shiro-ef/sampling/glove-100-angular-samplings--k100-ef.bin
Samplings loaded from /home/ryawszn/experiments/shiro-ef/sampling/glove-100-angular-samplings--k100-ef.bin
Average Recall: 0.727104
Initial average recall with ef=100: 0.727344
Average Recall: 0.770668
Initial average recall with ef=150: 0.77093
Recall diff is too small for 1 consecutive steps, break.
Weighted average ef: 1690.15
Training convergence-bucket 0 [11.9239, 36.5612) with 200 queries.
Average Recall: 0.45775
Initial average recall with ef=100: 0.434202
Average Recall: 0.5046
Initial average recall with ef=150: 0.481489
Weighted average ef: 4369.62
Training convergence-bucket 1 [36.5612, 44.32) with 200 queries.
Average Recall: 0.4665
Initial average recall with ef=100: 0.442582
Average Recall: 0.5241
Initial average recall with ef=150: 0.500549
Recall diff is too small for 1 consecutive steps, break.
Recall diff is too small for 1 consecutive steps, break.
Recall diff is too small for 1 consecutive steps, break.
Weighted average ef: 3776.78
Training convergence-bucket 2 [44.32, 51.3519) with 200 queries.
Average Recall: 0.5554
Initial average recall with ef=100: 0.541087
Average Recall: 0.61685
Initial average recall with ef=150: 0.604402
Recall diff is too small for 1 consecutive steps, break.
Weighted average ef: 2805.55
Training convergence-bucket 3 [51.3519, 57.3494) with 200 queries.
Average Recall: 0.631
Initial average recall with ef=100: 0.620449
Average Recall: 0.69215
Initial average recall with ef=150: 0.680674
Weighted average ef: 1928.91
Training convergence-bucket 4 [57.3494, 62.36) with 200 queries.
Average Recall: 0.71275
Initial average recall with ef=100: 0.697614
Average Recall: 0.76865
Initial average recall with ef=150: 0.757045
Weighted average ef: 1212.92
Training convergence-bucket 5 [62.36, 67.4098) with 200 queries.
Average Recall: 0.79205
Initial average recall with ef=100: 0.781492
Average Recall: 0.8402
Initial average recall with ef=150: 0.831713
Weighted average ef: 813.325
Training convergence-bucket 6 [67.4098, 72.0157) with 200 queries.
Average Recall: 0.8497
Initial average recall with ef=100: 0.843046
Average Recall: 0.89005
Initial average recall with ef=150: 0.885287
Weighted average ef: 551.17
Training convergence-bucket 7 [72.0157, 76.1974) with 200 queries.
Average Recall: 0.90275
Initial average recall with ef=100: 0.900177
Average Recall: 0.9333
Initial average recall with ef=150: 0.932249
Recall diff is too small for 1 consecutive steps, break.
Weighted average ef: 243.29
Training convergence-bucket 8 [76.1974, 80.8181) with 200 queries.
Average Recall: 0.9334
Initial average recall with ef=100: 0.936292
Average Recall: 0.9541
Initial average recall with ef=150: 0.956348
Recall diff is too small for 1 consecutive steps, break.
Recall diff is too small for 1 consecutive steps, break.
Weighted average ef: 190.01
Training convergence-bucket 9 [80.8181, inf) with 200 queries.
Average Recall: 0.969751
Initial average recall with ef=100: 0.974066
Average Recall: 0.9827
Initial average recall with ef=150: 0.985824
Weighted average ef: 99.5
Reconstructed True WAE: 1436.64 (Hard Pct: 0.0084)
Search time: 40708 ms
Search time: 40570 ms
Search time: 40683 ms
Average Recall: 0.978862
5th percentile recall: 0.92
1st percentile recall: 0.87
Median search time: 40683 ms
Search times: 40570 ms, 40683 ms, 40708 ms, 
glove-100-angular experiment results:
statisc_length, time, avg_recall, 5th_percentile_recall, 1st_percentile_recall, recall_above_99, recall_above_95, recall_above_90
1025, 40683, 0.978862, 0.92, 0.87, 5956, 8213, 9680
Experiment finished

--- min_queries_per_score: 5 ---

Loading samplings from /home/ryawszn/experiments/shiro-ef/sampling/glove-100-angular-samplings--k100-ef.bin
Samplings loaded from /home/ryawszn/experiments/shiro-ef/sampling/glove-100-angular-samplings--k100-ef.bin
Average Recall: 0.727104
Initial average recall with ef=100: 0.725373
Average Recall: 0.770668
Initial average recall with ef=150: 0.769234
Recall diff is too small for 1 consecutive steps, break.
Weighted average ef: 1689.4
Training convergence-bucket 0 [11.9239, 36.5612) with 200 queries.
Average Recall: 0.45775
Initial average recall with ef=100: 0.430608
Average Recall: 0.5046
Initial average recall with ef=150: 0.477017
Weighted average ef: 4253.18
Training convergence-bucket 1 [36.5612, 44.32) with 200 queries.
Average Recall: 0.4665
Initial average recall with ef=100: 0.43858
Average Recall: 0.5241
Initial average recall with ef=150: 0.496154
Recall diff is too small for 1 consecutive steps, break.
Weighted average ef: 3569.57
Training convergence-bucket 2 [44.32, 51.3519) with 200 queries.
Average Recall: 0.5554
Initial average recall with ef=100: 0.537904
Average Recall: 0.61685
Initial average recall with ef=150: 0.60012
Weighted average ef: 2552.65
Training convergence-bucket 3 [51.3519, 57.3494) with 200 queries.
Average Recall: 0.631
Initial average recall with ef=100: 0.61619
Average Recall: 0.69215
Initial average recall with ef=150: 0.676548
Weighted average ef: 1838.39
Training convergence-bucket 4 [57.3494, 62.36) with 200 queries.
Average Recall: 0.71275
Initial average recall with ef=100: 0.698589
Average Recall: 0.76865
Initial average recall with ef=150: 0.758466
Weighted average ef: 1037.02
Training convergence-bucket 5 [62.36, 67.4098) with 200 queries.
Average Recall: 0.79205
Initial average recall with ef=100: 0.78478
Average Recall: 0.8402
Initial average recall with ef=150: 0.836352
Weighted average ef: 672.905
Training convergence-bucket 6 [67.4098, 72.0157) with 200 queries.
Average Recall: 0.8497
Initial average recall with ef=100: 0.841538
Average Recall: 0.89005
Initial average recall with ef=150: 0.883654
Weighted average ef: 464.92
Training convergence-bucket 7 [72.0157, 76.1974) with 200 queries.
Average Recall: 0.90275
Initial average recall with ef=100: 0.894444
Average Recall: 0.9333
Initial average recall with ef=150: 0.927778
Recall diff is too small for 1 consecutive steps, break.
Weighted average ef: 233.29
Training convergence-bucket 8 [76.1974, 80.8181) with 200 queries.
Average Recall: 0.9334
Initial average recall with ef=100: 0.93624
Average Recall: 0.9541
Initial average recall with ef=150: 0.95712
Weighted average ef: 125.74
Training convergence-bucket 9 [80.8181, inf) with 200 queries.
Average Recall: 0.969751
Initial average recall with ef=100: 0.977673
Average Recall: 0.9827
Initial average recall with ef=150: 0.9875
Weighted average ef: 60.5
Reconstructed True WAE: 1431.52 (Hard Pct: 0.0084)
Search time: 40277 ms
Search time: 39709 ms
Search time: 40223 ms
Average Recall: 0.978564
5th percentile recall: 0.92
1st percentile recall: 0.87
Median search time: 40223 ms
Search times: 39709 ms, 40223 ms, 40277 ms, 
glove-100-angular experiment results:
statisc_length, time, avg_recall, 5th_percentile_recall, 1st_percentile_recall, recall_above_99, recall_above_95, recall_above_90
1025, 40223, 0.978564, 0.92, 0.87, 5960, 8179, 9653
Experiment finished


Dataset: word2vec-300-angular
Metric: cd
Normalize the data vectors
Data vectors dimensions: 1000000 x 300
Query vectors dimensions: 1000 x 300
Neighbors dimensions: 1000 x 100
Using AVX512 Inner Product distance
Index loaded
Dimension of space:300
Data size of space:1200

--- min_queries_per_score: 0 ---

Loading samplings from /home/ryawszn/experiments/shiro-ef/sampling/word2vec-300-angular-samplings--k100-ef.bin
Samplings loaded from /home/ryawszn/experiments/shiro-ef/sampling/word2vec-300-angular-samplings--k100-ef.bin
Average Recall: 0.814942
Initial average recall with ef=100: 0.814945
Average Recall: 0.863051
Initial average recall with ef=150: 0.863055
Recall diff is too small for 1 consecutive steps, break.
Recall diff is too small for 1 consecutive steps, break.
Weighted average ef: 439.395
Training convergence-bucket 0 [16.7157, 45.4324) with 200 queries.
Average Recall: 0.57135
Initial average recall with ef=100: 0.57135
Average Recall: 0.65215
Initial average recall with ef=150: 0.65215
Recall diff is too small for 1 consecutive steps, break.
Recall diff is too small for 1 consecutive steps, break.
Recall diff is too small for 1 consecutive steps, break.
Weighted average ef: 977.135
Training convergence-bucket 1 [45.4324, 49.0301) with 200 queries.
Average Recall: 0.60335
Initial average recall with ef=100: 0.60335
Average Recall: 0.6891
Initial average recall with ef=150: 0.6891
Recall diff is too small for 1 consecutive steps, break.
Recall diff is too small for 1 consecutive steps, break.
Weighted average ef: 923
Training convergence-bucket 2 [49.0301, 55.234) with 200 queries.
Average Recall: 0.66035
Initial average recall with ef=100: 0.66035
Average Recall: 0.74275
Initial average recall with ef=150: 0.74275
Recall diff is too small for 1 consecutive steps, break.
Recall diff is too small for 1 consecutive steps, break.
Recall diff is too small for 1 consecutive steps, break.
Recall diff is too small for 1 consecutive steps, break.
Recall diff is too small for 1 consecutive steps, break.
Weighted average ef: 824.36
Training convergence-bucket 3 [55.234, 62.4334) with 200 queries.
Average Recall: 0.79625
Initial average recall with ef=100: 0.79625
Average Recall: 0.8523
Initial average recall with ef=150: 0.8523
Recall diff is too small for 1 consecutive steps, break.
Recall diff is too small for 1 consecutive steps, break.
Recall diff is too small for 1 consecutive steps, break.
Recall diff is too small for 1 consecutive steps, break.
Recall diff is too small for 1 consecutive steps, break.
Recall diff is too small for 1 consecutive steps, break.
Weighted average ef: 541.005
Training convergence-bucket 4 [62.4334, 67.152) with 200 queries.
Average Recall: 0.84685
Initial average recall with ef=100: 0.84685
Average Recall: 0.89615
Initial average recall with ef=150: 0.89615
Recall diff is too small for 1 consecutive steps, break.
Recall diff is too small for 1 consecutive steps, break.
Recall diff is too small for 1 consecutive steps, break.
Recall diff is too small for 1 consecutive steps, break.
Recall diff is too small for 1 consecutive steps, break.
Recall diff is too small for 1 consecutive steps, break.
Recall diff is too small for 1 consecutive steps, break.
Weighted average ef: 346.765
Training convergence-bucket 5 [67.152, 71.2249) with 200 queries.
Average Recall: 0.88475
Initial average recall with ef=100: 0.88475
Average Recall: 0.9261
Initial average recall with ef=150: 0.9261
Recall diff is too small for 1 consecutive steps, break.
Recall diff is too small for 1 consecutive steps, break.
Recall diff is too small for 1 consecutive steps, break.
Recall diff is too small for 1 consecutive steps, break.
Recall diff is too small for 1 consecutive steps, break.
Recall diff is too small for 1 consecutive steps, break.
Recall diff is too small for 1 consecutive steps, break.
Weighted average ef: 249.7
Training convergence-bucket 6 [71.2249, 74.3644) with 200 queries.
Average Recall: 0.9248
Initial average recall with ef=100: 0.9248
Average Recall: 0.95235
Initial average recall with ef=150: 0.95235
Recall diff is too small for 1 consecutive steps, break.
Weighted average ef: 177.21
Training convergence-bucket 7 [74.3644, 77.2476) with 200 queries.
Average Recall: 0.94
Initial average recall with ef=100: 0.94
Average Recall: 0.96325
Initial average recall with ef=150: 0.96325
Weighted average ef: 149.395
Training convergence-bucket 8 [77.2476, 80.0452) with 200 queries.
Average Recall: 0.9551
Initial average recall with ef=100: 0.9551
Average Recall: 0.9752
Initial average recall with ef=150: 0.9752
Recall diff is too small for 1 consecutive steps, break.
Weighted average ef: 129.47
Training convergence-bucket 9 [80.0452, inf) with 200 queries.
Average Recall: 0.96665
Initial average recall with ef=100: 0.96665
Average Recall: 0.9812
Initial average recall with ef=150: 0.9812
Weighted average ef: 121.53
Reconstructed True WAE: 285.094 (Hard Pct: 0.02505)
Search time: 1242 ms
Search time: 1229 ms
Search time: 1228 ms
Average Recall: 0.97219
5th percentile recall: 0.88
1st percentile recall: 0.79
Median search time: 1229 ms
Search times: 1228 ms, 1229 ms, 1242 ms, 
word2vec-300-angular experiment results:
statisc_length, time, avg_recall, 5th_percentile_recall, 1st_percentile_recall, recall_above_99, recall_above_95, recall_above_90
1025, 1229, 0.97219, 0.88, 0.79, 579, 801, 917
Experiment finished

--- min_queries_per_score: 1 ---

Loading samplings from /home/ryawszn/experiments/shiro-ef/sampling/word2vec-300-angular-samplings--k100-ef.bin
Samplings loaded from /home/ryawszn/experiments/shiro-ef/sampling/word2vec-300-angular-samplings--k100-ef.bin
Average Recall: 0.814942
Initial average recall with ef=100: 0.814945
Average Recall: 0.863051
Initial average recall with ef=150: 0.863055
Recall diff is too small for 1 consecutive steps, break.
Recall diff is too small for 1 consecutive steps, break.
Weighted average ef: 439.395
Training convergence-bucket 0 [16.7157, 45.4324) with 200 queries.
Average Recall: 0.57135
Initial average recall with ef=100: 0.57135
Average Recall: 0.65215
Initial average recall with ef=150: 0.65215
Recall diff is too small for 1 consecutive steps, break.
Recall diff is too small for 1 consecutive steps, break.
Recall diff is too small for 1 consecutive steps, break.
Weighted average ef: 977.135
Training convergence-bucket 1 [45.4324, 49.0301) with 200 queries.
Average Recall: 0.60335
Initial average recall with ef=100: 0.60335
Average Recall: 0.6891
Initial average recall with ef=150: 0.6891
Recall diff is too small for 1 consecutive steps, break.
Recall diff is too small for 1 consecutive steps, break.
Weighted average ef: 923
Training convergence-bucket 2 [49.0301, 55.234) with 200 queries.
Average Recall: 0.66035
Initial average recall with ef=100: 0.66035
Average Recall: 0.74275
Initial average recall with ef=150: 0.74275
Recall diff is too small for 1 consecutive steps, break.
Recall diff is too small for 1 consecutive steps, break.
Recall diff is too small for 1 consecutive steps, break.
Recall diff is too small for 1 consecutive steps, break.
Recall diff is too small for 1 consecutive steps, break.
Weighted average ef: 824.36
Training convergence-bucket 3 [55.234, 62.4334) with 200 queries.
Average Recall: 0.79625
Initial average recall with ef=100: 0.79625
Average Recall: 0.8523
Initial average recall with ef=150: 0.8523
Recall diff is too small for 1 consecutive steps, break.
Recall diff is too small for 1 consecutive steps, break.
Recall diff is too small for 1 consecutive steps, break.
Recall diff is too small for 1 consecutive steps, break.
Recall diff is too small for 1 consecutive steps, break.
Recall diff is too small for 1 consecutive steps, break.
Weighted average ef: 541.005
Training convergence-bucket 4 [62.4334, 67.152) with 200 queries.
Average Recall: 0.84685
Initial average recall with ef=100: 0.84685
Average Recall: 0.89615
Initial average recall with ef=150: 0.89615
Recall diff is too small for 1 consecutive steps, break.
Recall diff is too small for 1 consecutive steps, break.
Recall diff is too small for 1 consecutive steps, break.
Recall diff is too small for 1 consecutive steps, break.
Recall diff is too small for 1 consecutive steps, break.
Recall diff is too small for 1 consecutive steps, break.
Recall diff is too small for 1 consecutive steps, break.
Weighted average ef: 346.765
Training convergence-bucket 5 [67.152, 71.2249) with 200 queries.
Average Recall: 0.88475
Initial average recall with ef=100: 0.88475
Average Recall: 0.9261
Initial average recall with ef=150: 0.9261
Recall diff is too small for 1 consecutive steps, break.
Recall diff is too small for 1 consecutive steps, break.
Recall diff is too small for 1 consecutive steps, break.
Recall diff is too small for 1 consecutive steps, break.
Recall diff is too small for 1 consecutive steps, break.
Recall diff is too small for 1 consecutive steps, break.
Recall diff is too small for 1 consecutive steps, break.
Weighted average ef: 249.7
Training convergence-bucket 6 [71.2249, 74.3644) with 200 queries.
Average Recall: 0.9248
Initial average recall with ef=100: 0.9248
Average Recall: 0.95235
Initial average recall with ef=150: 0.95235
Recall diff is too small for 1 consecutive steps, break.
Weighted average ef: 177.21
Training convergence-bucket 7 [74.3644, 77.2476) with 200 queries.
Average Recall: 0.94
Initial average recall with ef=100: 0.94
Average Recall: 0.96325
Initial average recall with ef=150: 0.96325
Weighted average ef: 149.395
Training convergence-bucket 8 [77.2476, 80.0452) with 200 queries.
Average Recall: 0.9551
Initial average recall with ef=100: 0.9551
Average Recall: 0.9752
Initial average recall with ef=150: 0.9752
Recall diff is too small for 1 consecutive steps, break.
Weighted average ef: 129.47
Training convergence-bucket 9 [80.0452, inf) with 200 queries.
Average Recall: 0.96665
Initial average recall with ef=100: 0.96665
Average Recall: 0.9812
Initial average recall with ef=150: 0.9812
Weighted average ef: 121.53
Reconstructed True WAE: 285.094 (Hard Pct: 0.02505)
Search time: 1234 ms
Search time: 1233 ms
Search time: 1229 ms
Average Recall: 0.97219
5th percentile recall: 0.88
1st percentile recall: 0.79
Median search time: 1233 ms
Search times: 1229 ms, 1233 ms, 1234 ms, 
word2vec-300-angular experiment results:
statisc_length, time, avg_recall, 5th_percentile_recall, 1st_percentile_recall, recall_above_99, recall_above_95, recall_above_90
1025, 1233, 0.97219, 0.88, 0.79, 579, 801, 917
Experiment finished

--- min_queries_per_score: 3 ---

Loading samplings from /home/ryawszn/experiments/shiro-ef/sampling/word2vec-300-angular-samplings--k100-ef.bin
Samplings loaded from /home/ryawszn/experiments/shiro-ef/sampling/word2vec-300-angular-samplings--k100-ef.bin
Average Recall: 0.814942
Initial average recall with ef=100: 0.815848
Average Recall: 0.863051
Initial average recall with ef=150: 0.86389
Recall diff is too small for 1 consecutive steps, break.
Recall diff is too small for 1 consecutive steps, break.
Weighted average ef: 437.12
Training convergence-bucket 0 [16.7157, 45.4324) with 200 queries.
Average Recall: 0.57135
Initial average recall with ef=100: 0.570765
Average Recall: 0.65215
Initial average recall with ef=150: 0.655191
Weighted average ef: 910.955
Training convergence-bucket 1 [45.4324, 49.0301) with 200 queries.
Average Recall: 0.60335
Initial average recall with ef=100: 0.605464
Average Recall: 0.6891
Initial average recall with ef=150: 0.691749
Recall diff is too small for 1 consecutive steps, break.
Weighted average ef: 862.14
Training convergence-bucket 2 [49.0301, 55.234) with 200 queries.
Average Recall: 0.66035
Initial average recall with ef=100: 0.656167
Average Recall: 0.74275
Initial average recall with ef=150: 0.737389
Recall diff is too small for 1 consecutive steps, break.
Recall diff is too small for 1 consecutive steps, break.
Weighted average ef: 763.465
Training convergence-bucket 3 [55.234, 62.4334) with 200 queries.
Average Recall: 0.79625
Initial average recall with ef=100: 0.792454
Average Recall: 0.8523
Initial average recall with ef=150: 0.849755
Recall diff is too small for 1 consecutive steps, break.
Recall diff is too small for 1 consecutive steps, break.
Weighted average ef: 436.295
Training convergence-bucket 4 [62.4334, 67.152) with 200 queries.
Average Recall: 0.84685
Initial average recall with ef=100: 0.845575
Average Recall: 0.89615
Initial average recall with ef=150: 0.895517
Weighted average ef: 304.035
Training convergence-bucket 5 [67.152, 71.2249) with 200 queries.
Average Recall: 0.88475
Initial average recall with ef=100: 0.88689
Average Recall: 0.9261
Initial average recall with ef=150: 0.927927
Recall diff is too small for 1 consecutive steps, break.
Weighted average ef: 204.79
Training convergence-bucket 6 [71.2249, 74.3644) with 200 queries.
Average Recall: 0.9248
Initial average recall with ef=100: 0.920588
Average Recall: 0.95235
Initial average recall with ef=150: 0.949765
Weighted average ef: 154.235
Training convergence-bucket 7 [74.3644, 77.2476) with 200 queries.
Average Recall: 0.94
Initial average recall with ef=100: 0.938197
Average Recall: 0.96325
Initial average recall with ef=150: 0.961694
Weighted average ef: 139.645
Training convergence-bucket 8 [77.2476, 80.0452) with 200 queries.
Average Recall: 0.9551
Initial average recall with ef=100: 0.957811
Average Recall: 0.9752
Initial average recall with ef=150: 0.977574
Weighted average ef: 101
Training convergence-bucket 9 [80.0452, inf) with 200 queries.
Average Recall: 0.96665
Initial average recall with ef=100: 0.968095
Average Recall: 0.9812
Initial average recall with ef=150: 0.982857
Weighted average ef: 97.715
Reconstructed True WAE: 289.225 (Hard Pct: 0.02505)
Search time: 1280 ms
Search time: 1266 ms
Search time: 1232 ms
Average Recall: 0.9731
5th percentile recall: 0.88
1st percentile recall: 0.8
Median search time: 1266 ms
Search times: 1232 ms, 1266 ms, 1280 ms, 
word2vec-300-angular experiment results:
statisc_length, time, avg_recall, 5th_percentile_recall, 1st_percentile_recall, recall_above_99, recall_above_95, recall_above_90
1025, 1266, 0.9731, 0.88, 0.8, 588, 805, 920
Experiment finished

--- min_queries_per_score: 5 ---

Loading samplings from /home/ryawszn/experiments/shiro-ef/sampling/word2vec-300-angular-samplings--k100-ef.bin
Samplings loaded from /home/ryawszn/experiments/shiro-ef/sampling/word2vec-300-angular-samplings--k100-ef.bin
Average Recall: 0.814942
Initial average recall with ef=100: 0.817254
Average Recall: 0.863051
Initial average recall with ef=150: 0.865721
Recall diff is too small for 1 consecutive steps, break.
Weighted average ef: 431.1
Training convergence-bucket 0 [16.7157, 45.4324) with 200 queries.
Average Recall: 0.57135
Initial average recall with ef=100: 0.584244
Average Recall: 0.65215
Initial average recall with ef=150: 0.670116
Weighted average ef: 855.955
Training convergence-bucket 1 [45.4324, 49.0301) with 200 queries.
Average Recall: 0.60335
Initial average recall with ef=100: 0.602278
Average Recall: 0.6891
Initial average recall with ef=150: 0.689056
Recall diff is too small for 1 consecutive steps, break.
Weighted average ef: 851.055
Training convergence-bucket 2 [49.0301, 55.234) with 200 queries.
Average Recall: 0.66035
Initial average recall with ef=100: 0.648528
Average Recall: 0.74275
Initial average recall with ef=150: 0.730736
Recall diff is too small for 1 consecutive steps, break.
Recall diff is too small for 1 consecutive steps, break.
Weighted average ef: 722.67
Training convergence-bucket 3 [55.234, 62.4334) with 200 queries.
Average Recall: 0.79625
Initial average recall with ef=100: 0.795
Average Recall: 0.8523
Initial average recall with ef=150: 0.852763
Recall diff is too small for 1 consecutive steps, break.
Weighted average ef: 390.205
Training convergence-bucket 4 [62.4334, 67.152) with 200 queries.
Average Recall: 0.84685
Initial average recall with ef=100: 0.843155
Average Recall: 0.89615
Initial average recall with ef=150: 0.893631
Weighted average ef: 287.325
Training convergence-bucket 5 [67.152, 71.2249) with 200 queries.
Average Recall: 0.88475
Initial average recall with ef=100: 0.885235
Average Recall: 0.9261
Initial average recall with ef=150: 0.926309
Recall diff is too small for 1 consecutive steps, break.
Weighted average ef: 186.53
Training convergence-bucket 6 [71.2249, 74.3644) with 200 queries.
Average Recall: 0.9248
Initial average recall with ef=100: 0.919493
Average Recall: 0.95235
Initial average recall with ef=150: 0.94971
Weighted average ef: 123.29
Training convergence-bucket 7 [74.3644, 77.2476) with 200 queries.
Average Recall: 0.94
Initial average recall with ef=100: 0.94298
Average Recall: 0.96325
Initial average recall with ef=150: 0.965232
Weighted average ef: 106.41
Training convergence-bucket 8 [77.2476, 80.0452) with 200 queries.
Average Recall: 0.9551
Initial average recall with ef=100: 0.958121
Average Recall: 0.9752
Initial average recall with ef=150: 0.977651
Weighted average ef: 88.25
Training convergence-bucket 9 [80.0452, inf) with 200 queries.
Average Recall: 0.96665
Initial average recall with ef=100: 0.968051
Average Recall: 0.9812
Initial average recall with ef=150: 0.982881
Weighted average ef: 66.75
Reconstructed True WAE: 285.768 (Hard Pct: 0.02505)
Search time: 1248 ms
Search time: 338 ms
Search time: 1243 ms
Average Recall: 0.97307
5th percentile recall: 0.88
1st percentile recall: 0.79
Median search time: 1243 ms
Search times: 338 ms, 1243 ms, 1248 ms, 
word2vec-300-angular experiment results:
statisc_length, time, avg_recall, 5th_percentile_recall, 1st_percentile_recall, recall_above_99, recall_above_95, recall_above_90
1025, 1243, 0.97307, 0.88, 0.79, 583, 809, 920
Experiment finished


Dataset: sift10m-128-euclidean
Metric: l2
Data vectors dimensions: 10000000 x 128
Query vectors dimensions: 1000 x 128
Neighbors dimensions: 1000 x 100
Index loaded
Dimension of space:128
Data size of space:512

--- min_queries_per_score: 0 ---

Loading samplings from /home/ryawszn/experiments/shiro-ef/sampling/sift10m-128-euclidean-samplings--k100-ef.bin
Samplings loaded from /home/ryawszn/experiments/shiro-ef/sampling/sift10m-128-euclidean-samplings--k100-ef.bin
Average Recall: 0.858042
Initial average recall with ef=100: 0.858045
Average Recall: 0.903745
Initial average recall with ef=150: 0.90375
Recall diff is too small for 1 consecutive steps, break.
Weighted average ef: 299.802
Training convergence-bucket 0 [22.4341, 54.8694) with 200 queries.
Average Recall: 0.67325
Initial average recall with ef=100: 0.67325
Average Recall: 0.7494
Initial average recall with ef=150: 0.7494
Recall diff is too small for 1 consecutive steps, break.
Weighted average ef: 737.85
Training convergence-bucket 1 [54.8694, 58.4954) with 200 queries.
Average Recall: 0.70815
Initial average recall with ef=100: 0.70815
Average Recall: 0.78175
Initial average recall with ef=150: 0.78175
Weighted average ef: 587.905
Training convergence-bucket 2 [58.4954, 63.9193) with 200 queries.
Average Recall: 0.78685
Initial average recall with ef=100: 0.78685
Average Recall: 0.84955
Initial average recall with ef=150: 0.84955
Recall diff is too small for 1 consecutive steps, break.
Weighted average ef: 420.575
Training convergence-bucket 3 [63.9193, 67.1803) with 200 queries.
Average Recall: 0.83515
Initial average recall with ef=100: 0.83515
Average Recall: 0.8923
Initial average recall with ef=150: 0.8923
Weighted average ef: 293.155
Training convergence-bucket 4 [67.1803, 70.45) with 200 queries.
Average Recall: 0.86965
Initial average recall with ef=100: 0.86965
Average Recall: 0.9203
Initial average recall with ef=150: 0.9203
Recall diff is too small for 1 consecutive steps, break.
Weighted average ef: 232.655
Training convergence-bucket 5 [70.45, 72.7911) with 200 queries.
Average Recall: 0.8968
Initial average recall with ef=100: 0.8968
Average Recall: 0.937951
Initial average recall with ef=150: 0.93795
Recall diff is too small for 1 consecutive steps, break.
Weighted average ef: 200.16
Training convergence-bucket 6 [72.7911, 75.4077) with 200 queries.
Average Recall: 0.91425
Initial average recall with ef=100: 0.91425
Average Recall: 0.9532
Initial average recall with ef=150: 0.9532
Recall diff is too small for 1 consecutive steps, break.
Weighted average ef: 169.345
Training convergence-bucket 7 [75.4077, 78.0557) with 200 queries.
Average Recall: 0.9472
Initial average recall with ef=100: 0.9472
Average Recall: 0.9751
Initial average recall with ef=150: 0.9751
Weighted average ef: 128.17
Training convergence-bucket 8 [78.0557, 81.4853) with 200 queries.
Average Recall: 0.96405
Initial average recall with ef=100: 0.96405
Average Recall: 0.98415
Initial average recall with ef=150: 0.98415
Weighted average ef: 115.68
Training convergence-bucket 9 [81.4853, inf) with 200 queries.
Average Recall: 0.985101
Initial average recall with ef=100: 0.9851
Average Recall: 0.9938
Initial average recall with ef=150: 0.9938
Weighted average ef: 104.44
Reconstructed True WAE: 215.462 (Hard Pct: 0.0193)
Search time: 1085 ms
Search time: 1075 ms
Search time: 1084 ms
Average Recall: 0.9812
5th percentile recall: 0.94
1st percentile recall: 0.92
Median search time: 1084 ms
Search times: 1075 ms, 1084 ms, 1085 ms, 
sift10m-128-euclidean experiment results:
statisc_length, time, avg_recall, 5th_percentile_recall, 1st_percentile_recall, recall_above_99, recall_above_95, recall_above_90
1025, 1084, 0.9812, 0.94, 0.92, 532, 882, 995
Experiment finished

--- min_queries_per_score: 1 ---

Loading samplings from /home/ryawszn/experiments/shiro-ef/sampling/sift10m-128-euclidean-samplings--k100-ef.bin
Samplings loaded from /home/ryawszn/experiments/shiro-ef/sampling/sift10m-128-euclidean-samplings--k100-ef.bin
Average Recall: 0.858042
Initial average recall with ef=100: 0.858045
Average Recall: 0.903745
Initial average recall with ef=150: 0.90375
Recall diff is too small for 1 consecutive steps, break.
Weighted average ef: 299.802
Training convergence-bucket 0 [22.4341, 54.8694) with 200 queries.
Average Recall: 0.67325
Initial average recall with ef=100: 0.67325
Average Recall: 0.7494
Initial average recall with ef=150: 0.7494
Recall diff is too small for 1 consecutive steps, break.
Weighted average ef: 737.85
Training convergence-bucket 1 [54.8694, 58.4954) with 200 queries.
Average Recall: 0.70815
Initial average recall with ef=100: 0.70815
Average Recall: 0.78175
Initial average recall with ef=150: 0.78175
Weighted average ef: 587.905
Training convergence-bucket 2 [58.4954, 63.9193) with 200 queries.
Average Recall: 0.78685
Initial average recall with ef=100: 0.78685
Average Recall: 0.84955
Initial average recall with ef=150: 0.84955
Recall diff is too small for 1 consecutive steps, break.
Weighted average ef: 420.575
Training convergence-bucket 3 [63.9193, 67.1803) with 200 queries.
Average Recall: 0.83515
Initial average recall with ef=100: 0.83515
Average Recall: 0.8923
Initial average recall with ef=150: 0.8923
Weighted average ef: 293.155
Training convergence-bucket 4 [67.1803, 70.45) with 200 queries.
Average Recall: 0.86965
Initial average recall with ef=100: 0.86965
Average Recall: 0.9203
Initial average recall with ef=150: 0.9203
Recall diff is too small for 1 consecutive steps, break.
Weighted average ef: 232.655
Training convergence-bucket 5 [70.45, 72.7911) with 200 queries.
Average Recall: 0.8968
Initial average recall with ef=100: 0.8968
Average Recall: 0.937951
Initial average recall with ef=150: 0.93795
Recall diff is too small for 1 consecutive steps, break.
Weighted average ef: 200.16
Training convergence-bucket 6 [72.7911, 75.4077) with 200 queries.
Average Recall: 0.91425
Initial average recall with ef=100: 0.91425
Average Recall: 0.9532
Initial average recall with ef=150: 0.9532
Recall diff is too small for 1 consecutive steps, break.
Weighted average ef: 169.345
Training convergence-bucket 7 [75.4077, 78.0557) with 200 queries.
Average Recall: 0.9472
Initial average recall with ef=100: 0.9472
Average Recall: 0.9751
Initial average recall with ef=150: 0.9751
Weighted average ef: 128.17
Training convergence-bucket 8 [78.0557, 81.4853) with 200 queries.
Average Recall: 0.96405
Initial average recall with ef=100: 0.96405
Average Recall: 0.98415
Initial average recall with ef=150: 0.98415
Weighted average ef: 115.68
Training convergence-bucket 9 [81.4853, inf) with 200 queries.
Average Recall: 0.985101
Initial average recall with ef=100: 0.9851
Average Recall: 0.9938
Initial average recall with ef=150: 0.9938
Weighted average ef: 104.44
Reconstructed True WAE: 215.462 (Hard Pct: 0.0193)
Search time: 111 ms
Search time: 1061 ms
Search time: 1025 ms
Average Recall: 0.9812
5th percentile recall: 0.94
1st percentile recall: 0.92
Median search time: 1025 ms
Search times: 111 ms, 1025 ms, 1061 ms, 
sift10m-128-euclidean experiment results:
statisc_length, time, avg_recall, 5th_percentile_recall, 1st_percentile_recall, recall_above_99, recall_above_95, recall_above_90
1025, 1025, 0.9812, 0.94, 0.92, 532, 882, 995
Experiment finished

--- min_queries_per_score: 3 ---

Loading samplings from /home/ryawszn/experiments/shiro-ef/sampling/sift10m-128-euclidean-samplings--k100-ef.bin
Samplings loaded from /home/ryawszn/experiments/shiro-ef/sampling/sift10m-128-euclidean-samplings--k100-ef.bin
Average Recall: 0.858042
Initial average recall with ef=100: 0.858457
Average Recall: 0.903745
Initial average recall with ef=150: 0.904128
Recall diff is too small for 1 consecutive steps, break.
Weighted average ef: 298.081
Training convergence-bucket 0 [22.4341, 54.8694) with 200 queries.
Average Recall: 0.67325
Initial average recall with ef=100: 0.667011
Average Recall: 0.7494
Initial average recall with ef=150: 0.744456
Weighted average ef: 694.02
Training convergence-bucket 1 [54.8694, 58.4954) with 200 queries.
Average Recall: 0.70815
Initial average recall with ef=100: 0.705445
Average Recall: 0.78175
Initial average recall with ef=150: 0.779791
Weighted average ef: 563.91
Training convergence-bucket 2 [58.4954, 63.9193) with 200 queries.
Average Recall: 0.78685
Initial average recall with ef=100: 0.781676
Average Recall: 0.84955
Initial average recall with ef=150: 0.845459
Recall diff is too small for 1 consecutive steps, break.
Weighted average ef: 392.465
Training convergence-bucket 3 [63.9193, 67.1803) with 200 queries.
Average Recall: 0.83515
Initial average recall with ef=100: 0.832344
Average Recall: 0.8923
Initial average recall with ef=150: 0.890469
Weighted average ef: 285.535
Training convergence-bucket 4 [67.1803, 70.45) with 200 queries.
Average Recall: 0.86965
Initial average recall with ef=100: 0.867554
Average Recall: 0.9203
Initial average recall with ef=150: 0.918967
Weighted average ef: 217.72
Training convergence-bucket 5 [70.45, 72.7911) with 200 queries.
Average Recall: 0.8968
Initial average recall with ef=100: 0.894603
Average Recall: 0.937951
Initial average recall with ef=150: 0.936719
Weighted average ef: 192.07
Training convergence-bucket 6 [72.7911, 75.4077) with 200 queries.
Average Recall: 0.91425
Initial average recall with ef=100: 0.915519
Average Recall: 0.9532
Initial average recall with ef=150: 0.954645
Weighted average ef: 152.915
Training convergence-bucket 7 [75.4077, 78.0557) with 200 queries.
Average Recall: 0.9472
Initial average recall with ef=100: 0.94866
Average Recall: 0.9751
Initial average recall with ef=150: 0.975722
Weighted average ef: 122.5
Training convergence-bucket 8 [78.0557, 81.4853) with 200 queries.
Average Recall: 0.96405
Initial average recall with ef=100: 0.967958
Average Recall: 0.98415
Initial average recall with ef=150: 0.986702
Weighted average ef: 105.25
Training convergence-bucket 9 [81.4853, inf) with 200 queries.
Average Recall: 0.985101
Initial average recall with ef=100: 0.98978
Average Recall: 0.9938
Initial average recall with ef=150: 0.996703
Weighted average ef: 91
Reconstructed True WAE: 214.323 (Hard Pct: 0.0193)
Search time: 1066 ms
Search time: 1059 ms
Search time: 1053 ms
Average Recall: 0.98107
5th percentile recall: 0.94
1st percentile recall: 0.92
Median search time: 1059 ms
Search times: 1053 ms, 1059 ms, 1066 ms, 
sift10m-128-euclidean experiment results:
statisc_length, time, avg_recall, 5th_percentile_recall, 1st_percentile_recall, recall_above_99, recall_above_95, recall_above_90
1025, 1059, 0.98107, 0.94, 0.92, 515, 891, 994
Experiment finished

--- min_queries_per_score: 5 ---

Loading samplings from /home/ryawszn/experiments/shiro-ef/sampling/sift10m-128-euclidean-samplings--k100-ef.bin
Samplings loaded from /home/ryawszn/experiments/shiro-ef/sampling/sift10m-128-euclidean-samplings--k100-ef.bin
Average Recall: 0.858042
Initial average recall with ef=100: 0.859643
Average Recall: 0.903745
Initial average recall with ef=150: 0.905163
Recall diff is too small for 1 consecutive steps, break.
Weighted average ef: 294.683
Training convergence-bucket 0 [22.4341, 54.8694) with 200 queries.
Average Recall: 0.67325
Initial average recall with ef=100: 0.672647
Average Recall: 0.7494
Initial average recall with ef=150: 0.749235
Weighted average ef: 636.74
Training convergence-bucket 1 [54.8694, 58.4954) with 200 queries.
Average Recall: 0.70815
Initial average recall with ef=100: 0.70442
Average Recall: 0.78175
Initial average recall with ef=150: 0.778453
Weighted average ef: 537.79
Training convergence-bucket 2 [58.4954, 63.9193) with 200 queries.
Average Recall: 0.78685
Initial average recall with ef=100: 0.782579
Average Recall: 0.84955
Initial average recall with ef=150: 0.847044
Weighted average ef: 329.925
Training convergence-bucket 3 [63.9193, 67.1803) with 200 queries.
Average Recall: 0.83515
Initial average recall with ef=100: 0.828728
Average Recall: 0.8923
Initial average recall with ef=150: 0.888035
Weighted average ef: 261.085
Training convergence-bucket 4 [67.1803, 70.45) with 200 queries.
Average Recall: 0.86965
Initial average recall with ef=100: 0.86253
Average Recall: 0.9203
Initial average recall with ef=150: 0.915361
Weighted average ef: 196.63
Training convergence-bucket 5 [70.45, 72.7911) with 200 queries.
Average Recall: 0.8968
Initial average recall with ef=100: 0.89184
Average Recall: 0.937951
Initial average recall with ef=150: 0.934294
Weighted average ef: 166.89
Training convergence-bucket 6 [72.7911, 75.4077) with 200 queries.
Average Recall: 0.91425
Initial average recall with ef=100: 0.915882
Average Recall: 0.9532
Initial average recall with ef=150: 0.955647
Weighted average ef: 141
Training convergence-bucket 7 [75.4077, 78.0557) with 200 queries.
Average Recall: 0.9472
Initial average recall with ef=100: 0.951063
Average Recall: 0.9751
Initial average recall with ef=150: 0.977375
Weighted average ef: 99.25
Training convergence-bucket 8 [78.0557, 81.4853) with 200 queries.
Average Recall: 0.96405
Initial average recall with ef=100: 0.966477
Average Recall: 0.98415
Initial average recall with ef=150: 0.986023
Weighted average ef: 97.75
Training convergence-bucket 9 [81.4853, inf) with 200 queries.
Average Recall: 0.985101
Initial average recall with ef=100: 0.990471
Average Recall: 0.9938
Initial average recall with ef=150: 0.996882
Weighted average ef: 85
Reconstructed True WAE: 214.083 (Hard Pct: 0.0193)
Search time: 1096 ms
Search time: 1113 ms
Search time: 1151 ms
Average Recall: 0.98323
5th percentile recall: 0.95
1st percentile recall: 0.92
Median search time: 1113 ms
Search times: 1096 ms, 1113 ms, 1151 ms, 
sift10m-128-euclidean experiment results:
statisc_length, time, avg_recall, 5th_percentile_recall, 1st_percentile_recall, recall_above_99, recall_above_95, recall_above_90
1025, 1113, 0.98323, 0.95, 0.92, 580, 911, 996
Experiment finished


Dataset: gist-960-euclidean
Metric: l2
Data vectors dimensions: 1000000 x 960
Query vectors dimensions: 1000 x 960
Neighbors dimensions: 1000 x 100
Index loaded
Dimension of space:960
Data size of space:3840

--- min_queries_per_score: 0 ---

Loading samplings from /home/ryawszn/experiments/shiro-ef/sampling/gist-960-euclidean-samplings--k100-ef.bin
Samplings loaded from /home/ryawszn/experiments/shiro-ef/sampling/gist-960-euclidean-samplings--k100-ef.bin
Average Recall: 0.723844
Initial average recall with ef=100: 0.723845
Average Recall: 0.798894
Initial average recall with ef=150: 0.798895
Recall diff is too small for 1 consecutive steps, break.
Weighted average ef: 639.117
Training convergence-bucket 0 [30.6942, 41.7589) with 200 queries.
Average Recall: 0.51515
Initial average recall with ef=100: 0.51515
Average Recall: 0.61175
Initial average recall with ef=150: 0.61175
Recall diff is too small for 1 consecutive steps, break.
Recall diff is too small for 1 consecutive steps, break.
Recall diff is too small for 1 consecutive steps, break.
Recall diff is too small for 1 consecutive steps, break.
Weighted average ef: 1519.39
Training convergence-bucket 1 [41.7589, 45.8009) with 200 queries.
Average Recall: 0.57655
Initial average recall with ef=100: 0.57655
Average Recall: 0.6722
Initial average recall with ef=150: 0.6722
Recall diff is too small for 1 consecutive steps, break.
Weighted average ef: 1047.22
Training convergence-bucket 2 [45.8009, 49.4407) with 200 queries.
Average Recall: 0.61415
Initial average recall with ef=100: 0.61415
Average Recall: 0.70725
Initial average recall with ef=150: 0.70725
Recall diff is too small for 1 consecutive steps, break.
Recall diff is too small for 1 consecutive steps, break.
Recall diff is too small for 1 consecutive steps, break.
Recall diff is too small for 1 consecutive steps, break.
Recall diff is too small for 1 consecutive steps, break.
Weighted average ef: 924.21
Training convergence-bucket 3 [49.4407, 52.3927) with 200 queries.
Average Recall: 0.65175
Initial average recall with ef=100: 0.65175
Average Recall: 0.7456
Initial average recall with ef=150: 0.7456
Recall diff is too small for 1 consecutive steps, break.
Recall diff is too small for 1 consecutive steps, break.
Recall diff is too small for 1 consecutive steps, break.
Recall diff is too small for 1 consecutive steps, break.
Recall diff is too small for 1 consecutive steps, break.
Recall diff is too small for 1 consecutive steps, break.
Weighted average ef: 747.76
Training convergence-bucket 4 [52.3927, 55.4145) with 200 queries.
Average Recall: 0.6924
Initial average recall with ef=100: 0.6924
Average Recall: 0.7775
Initial average recall with ef=150: 0.7775
Recall diff is too small for 1 consecutive steps, break.
Recall diff is too small for 1 consecutive steps, break.
Weighted average ef: 627.835
Training convergence-bucket 5 [55.4145, 58.7542) with 200 queries.
Average Recall: 0.75675
Initial average recall with ef=100: 0.75675
Average Recall: 0.8333
Initial average recall with ef=150: 0.8333
Recall diff is too small for 1 consecutive steps, break.
Recall diff is too small for 1 consecutive steps, break.
Recall diff is too small for 1 consecutive steps, break.
Weighted average ef: 459.585
Training convergence-bucket 6 [58.7542, 61.8934) with 200 queries.
Average Recall: 0.78145
Initial average recall with ef=100: 0.78145
Average Recall: 0.8523
Initial average recall with ef=150: 0.8523
Recall diff is too small for 1 consecutive steps, break.
Recall diff is too small for 1 consecutive steps, break.
Weighted average ef: 412.11
Training convergence-bucket 7 [61.8934, 67.1228) with 200 queries.
Average Recall: 0.8253
Initial average recall with ef=100: 0.8253
Average Recall: 0.88935
Initial average recall with ef=150: 0.88935
Recall diff is too small for 1 consecutive steps, break.
Recall diff is too small for 1 consecutive steps, break.
Weighted average ef: 339.395
Training convergence-bucket 8 [67.1228, 73.6922) with 200 queries.
Average Recall: 0.87545
Initial average recall with ef=100: 0.87545
Average Recall: 0.9265
Initial average recall with ef=150: 0.9265
Recall diff is too small for 1 consecutive steps, break.
Recall diff is too small for 1 consecutive steps, break.
Weighted average ef: 245.58
Training convergence-bucket 9 [73.6922, inf) with 200 queries.
Average Recall: 0.9495
Initial average recall with ef=100: 0.9495
Average Recall: 0.9732
Initial average recall with ef=150: 0.9732
Recall diff is too small for 1 consecutive steps, break.
Weighted average ef: 133.365
Reconstructed True WAE: 537.126 (Hard Pct: 0.01025)
Search time: 4559 ms
Search time: 4520 ms
Search time: 4495 ms
Average Recall: 0.97061
5th percentile recall: 0.91
1st percentile recall: 0.87
Median search time: 4520 ms
Search times: 4495 ms, 4520 ms, 4559 ms, 
gist-960-euclidean experiment results:
statisc_length, time, avg_recall, 5th_percentile_recall, 1st_percentile_recall, recall_above_99, recall_above_95, recall_above_90
1025, 4520, 0.97061, 0.91, 0.87, 425, 745, 964
Experiment finished

--- min_queries_per_score: 1 ---

Loading samplings from /home/ryawszn/experiments/shiro-ef/sampling/gist-960-euclidean-samplings--k100-ef.bin
Samplings loaded from /home/ryawszn/experiments/shiro-ef/sampling/gist-960-euclidean-samplings--k100-ef.bin
Average Recall: 0.723844
Initial average recall with ef=100: 0.723845
Average Recall: 0.798894
Initial average recall with ef=150: 0.798895
Recall diff is too small for 1 consecutive steps, break.
Weighted average ef: 639.117
Training convergence-bucket 0 [30.6942, 41.7589) with 200 queries.
Average Recall: 0.51515
Initial average recall with ef=100: 0.51515
Average Recall: 0.61175
Initial average recall with ef=150: 0.61175
Recall diff is too small for 1 consecutive steps, break.
Recall diff is too small for 1 consecutive steps, break.
Recall diff is too small for 1 consecutive steps, break.
Recall diff is too small for 1 consecutive steps, break.
Weighted average ef: 1519.39
Training convergence-bucket 1 [41.7589, 45.8009) with 200 queries.
Average Recall: 0.57655
Initial average recall with ef=100: 0.57655
Average Recall: 0.6722
Initial average recall with ef=150: 0.6722
Recall diff is too small for 1 consecutive steps, break.
Weighted average ef: 1047.22
Training convergence-bucket 2 [45.8009, 49.4407) with 200 queries.
Average Recall: 0.61415
Initial average recall with ef=100: 0.61415
Average Recall: 0.70725
Initial average recall with ef=150: 0.70725
Recall diff is too small for 1 consecutive steps, break.
Recall diff is too small for 1 consecutive steps, break.
Recall diff is too small for 1 consecutive steps, break.
Recall diff is too small for 1 consecutive steps, break.
Recall diff is too small for 1 consecutive steps, break.
Weighted average ef: 924.21
Training convergence-bucket 3 [49.4407, 52.3927) with 200 queries.
Average Recall: 0.65175
Initial average recall with ef=100: 0.65175
Average Recall: 0.7456
Initial average recall with ef=150: 0.7456
Recall diff is too small for 1 consecutive steps, break.
Recall diff is too small for 1 consecutive steps, break.
Recall diff is too small for 1 consecutive steps, break.
Recall diff is too small for 1 consecutive steps, break.
Recall diff is too small for 1 consecutive steps, break.
Recall diff is too small for 1 consecutive steps, break.
Weighted average ef: 747.76
Training convergence-bucket 4 [52.3927, 55.4145) with 200 queries.
Average Recall: 0.6924
Initial average recall with ef=100: 0.6924
Average Recall: 0.7775
Initial average recall with ef=150: 0.7775
Recall diff is too small for 1 consecutive steps, break.
Recall diff is too small for 1 consecutive steps, break.
Weighted average ef: 627.835
Training convergence-bucket 5 [55.4145, 58.7542) with 200 queries.
Average Recall: 0.75675
Initial average recall with ef=100: 0.75675
Average Recall: 0.8333
Initial average recall with ef=150: 0.8333
Recall diff is too small for 1 consecutive steps, break.
Recall diff is too small for 1 consecutive steps, break.
Recall diff is too small for 1 consecutive steps, break.
Weighted average ef: 459.585
Training convergence-bucket 6 [58.7542, 61.8934) with 200 queries.
Average Recall: 0.78145
Initial average recall with ef=100: 0.78145
Average Recall: 0.8523
Initial average recall with ef=150: 0.8523
Recall diff is too small for 1 consecutive steps, break.
Recall diff is too small for 1 consecutive steps, break.
Weighted average ef: 412.11
Training convergence-bucket 7 [61.8934, 67.1228) with 200 queries.
Average Recall: 0.8253
Initial average recall with ef=100: 0.8253
Average Recall: 0.88935
Initial average recall with ef=150: 0.88935
Recall diff is too small for 1 consecutive steps, break.
Recall diff is too small for 1 consecutive steps, break.
Weighted average ef: 339.395
Training convergence-bucket 8 [67.1228, 73.6922) with 200 queries.
Average Recall: 0.87545
Initial average recall with ef=100: 0.87545
Average Recall: 0.9265
Initial average recall with ef=150: 0.9265
Recall diff is too small for 1 consecutive steps, break.
Recall diff is too small for 1 consecutive steps, break.
Weighted average ef: 245.58
Training convergence-bucket 9 [73.6922, inf) with 200 queries.
Average Recall: 0.9495
Initial average recall with ef=100: 0.9495
Average Recall: 0.9732
Initial average recall with ef=150: 0.9732
Recall diff is too small for 1 consecutive steps, break.
Weighted average ef: 133.365
Reconstructed True WAE: 537.126 (Hard Pct: 0.01025)
Search time: 4482 ms
Search time: 4528 ms
Search time: 4541 ms
Average Recall: 0.97061
5th percentile recall: 0.91
1st percentile recall: 0.87
Median search time: 4528 ms
Search times: 4482 ms, 4528 ms, 4541 ms, 
gist-960-euclidean experiment results:
statisc_length, time, avg_recall, 5th_percentile_recall, 1st_percentile_recall, recall_above_99, recall_above_95, recall_above_90
1025, 4528, 0.97061, 0.91, 0.87, 425, 745, 964
Experiment finished

--- min_queries_per_score: 3 ---

Loading samplings from /home/ryawszn/experiments/shiro-ef/sampling/gist-960-euclidean-samplings--k100-ef.bin
Samplings loaded from /home/ryawszn/experiments/shiro-ef/sampling/gist-960-euclidean-samplings--k100-ef.bin
Average Recall: 0.723844
Initial average recall with ef=100: 0.721912
Average Recall: 0.798894
Initial average recall with ef=150: 0.797498
Recall diff is too small for 1 consecutive steps, break.
Weighted average ef: 635.626
Training convergence-bucket 0 [30.6942, 41.7589) with 200 queries.
Average Recall: 0.51515
Initial average recall with ef=100: 0.511554
Average Recall: 0.61175
Initial average recall with ef=150: 0.608238
Recall diff is too small for 1 consecutive steps, break.
Weighted average ef: 1495.17
Training convergence-bucket 1 [41.7589, 45.8009) with 200 queries.
Average Recall: 0.57655
Initial average recall with ef=100: 0.573777
Average Recall: 0.6722
Initial average recall with ef=150: 0.669681
Weighted average ef: 975.03
Training convergence-bucket 2 [45.8009, 49.4407) with 200 queries.
Average Recall: 0.61415
Initial average recall with ef=100: 0.615183
Average Recall: 0.70725
Initial average recall with ef=150: 0.707173
Recall diff is too small for 1 consecutive steps, break.
Weighted average ef: 883.62
Training convergence-bucket 3 [49.4407, 52.3927) with 200 queries.
Average Recall: 0.65175
Initial average recall with ef=100: 0.652872
Average Recall: 0.7456
Initial average recall with ef=150: 0.74617
Recall diff is too small for 1 consecutive steps, break.
Recall diff is too small for 1 consecutive steps, break.
Weighted average ef: 677.56
Training convergence-bucket 4 [52.3927, 55.4145) with 200 queries.
Average Recall: 0.6924
Initial average recall with ef=100: 0.69413
Average Recall: 0.7775
Initial average recall with ef=150: 0.779728
Weighted average ef: 533.665
Training convergence-bucket 5 [55.4145, 58.7542) with 200 queries.
Average Recall: 0.75675
Initial average recall with ef=100: 0.75113
Average Recall: 0.8333
Initial average recall with ef=150: 0.827684
Recall diff is too small for 1 consecutive steps, break.
Weighted average ef: 411.265
Training convergence-bucket 6 [58.7542, 61.8934) with 200 queries.
Average Recall: 0.78145
Initial average recall with ef=100: 0.784063
Average Recall: 0.8523
Initial average recall with ef=150: 0.854271
Recall diff is too small for 1 consecutive steps, break.
Weighted average ef: 392.115
Training convergence-bucket 7 [61.8934, 67.1228) with 200 queries.
Average Recall: 0.8253
Initial average recall with ef=100: 0.827581
Average Recall: 0.88935
Initial average recall with ef=150: 0.891505
Weighted average ef: 297.63
Training convergence-bucket 8 [67.1228, 73.6922) with 200 queries.
Average Recall: 0.87545
Initial average recall with ef=100: 0.876162
Average Recall: 0.9265
Initial average recall with ef=150: 0.927892
Weighted average ef: 213.98
Training convergence-bucket 9 [73.6922, inf) with 200 queries.
Average Recall: 0.9495
Initial average recall with ef=100: 0.950852
Average Recall: 0.9732
Initial average recall with ef=150: 0.974432
Weighted average ef: 112.635
Reconstructed True WAE: 536.988 (Hard Pct: 0.01025)
Search time: 4478 ms
Search time: 4441 ms
Search time: 4642 ms
Average Recall: 0.97068
5th percentile recall: 0.91
1st percentile recall: 0.87
Median search time: 4478 ms
Search times: 4441 ms, 4478 ms, 4642 ms, 
gist-960-euclidean experiment results:
statisc_length, time, avg_recall, 5th_percentile_recall, 1st_percentile_recall, recall_above_99, recall_above_95, recall_above_90
1025, 4478, 0.97068, 0.91, 0.87, 425, 748, 962
Experiment finished

--- min_queries_per_score: 5 ---

Loading samplings from /home/ryawszn/experiments/shiro-ef/sampling/gist-960-euclidean-samplings--k100-ef.bin
Samplings loaded from /home/ryawszn/experiments/shiro-ef/sampling/gist-960-euclidean-samplings--k100-ef.bin
Average Recall: 0.723844
Initial average recall with ef=100: 0.720061
Average Recall: 0.798894
Initial average recall with ef=150: 0.796108
Recall diff is too small for 1 consecutive steps, break.
Weighted average ef: 634.926
Training convergence-bucket 0 [30.6942, 41.7589) with 200 queries.
Average Recall: 0.51515
Initial average recall with ef=100: 0.509029
Average Recall: 0.61175
Initial average recall with ef=150: 0.606343
Weighted average ef: 1318.08
Training convergence-bucket 1 [41.7589, 45.8009) with 200 queries.
Average Recall: 0.57655
Initial average recall with ef=100: 0.57236
Average Recall: 0.6722
Initial average recall with ef=150: 0.668483
Weighted average ef: 915.685
Training convergence-bucket 2 [45.8009, 49.4407) with 200 queries.
Average Recall: 0.61415
Initial average recall with ef=100: 0.612458
Average Recall: 0.70725
Initial average recall with ef=150: 0.70486
Recall diff is too small for 1 consecutive steps, break.
Weighted average ef: 790.545
Training convergence-bucket 3 [49.4407, 52.3927) with 200 queries.
Average Recall: 0.65175
Initial average recall with ef=100: 0.648362
Average Recall: 0.7456
Initial average recall with ef=150: 0.741977
Recall diff is too small for 1 consecutive steps, break.
Recall diff is too small for 1 consecutive steps, break.
Weighted average ef: 650.19
Training convergence-bucket 4 [52.3927, 55.4145) with 200 queries.
Average Recall: 0.6924
Initial average recall with ef=100: 0.695723
Average Recall: 0.7775
Initial average recall with ef=150: 0.780301
Weighted average ef: 469.125
Training convergence-bucket 5 [55.4145, 58.7542) with 200 queries.
Average Recall: 0.75675
Initial average recall with ef=100: 0.749713
Average Recall: 0.8333
Initial average recall with ef=150: 0.826609
Recall diff is too small for 1 consecutive steps, break.
Weighted average ef: 406.84
Training convergence-bucket 6 [58.7542, 61.8934) with 200 queries.
Average Recall: 0.78145
Initial average recall with ef=100: 0.791227
Average Recall: 0.8523
Initial average recall with ef=150: 0.861227
Weighted average ef: 309.21
Training convergence-bucket 7 [61.8934, 67.1228) with 200 queries.
Average Recall: 0.8253
Initial average recall with ef=100: 0.827358
Average Recall: 0.88935
Initial average recall with ef=150: 0.89195
Weighted average ef: 253.63
Training convergence-bucket 8 [67.1228, 73.6922) with 200 queries.
Average Recall: 0.87545
Initial average recall with ef=100: 0.873734
Average Recall: 0.9265
Initial average recall with ef=150: 0.927342
Weighted average ef: 185.13
Training convergence-bucket 9 [73.6922, inf) with 200 queries.
Average Recall: 0.9495
Initial average recall with ef=100: 0.953333
Average Recall: 0.9732
Initial average recall with ef=150: 0.976222
Weighted average ef: 82.87
Reconstructed True WAE: 525.822 (Hard Pct: 0.01025)
Search time: 4455 ms
Search time: 3396 ms
Search time: 4421 ms
Average Recall: 0.97011
5th percentile recall: 0.91
1st percentile recall: 0.87
Median search time: 4421 ms
Search times: 3396 ms, 4421 ms, 4455 ms, 
gist-960-euclidean experiment results:
statisc_length, time, avg_recall, 5th_percentile_recall, 1st_percentile_recall, recall_above_99, recall_above_95, recall_above_90
1025, 4421, 0.97011, 0.91, 0.87, 411, 746, 959
Experiment finished


Dataset: tiny5m-384-euclidean
Metric: l2
Data vectors dimensions: 5000000 x 384
Query vectors dimensions: 1000 x 384
Neighbors dimensions: 1000 x 100
Index loaded
Dimension of space:384
Data size of space:1536

--- min_queries_per_score: 0 ---

Loading samplings from /home/ryawszn/experiments/shiro-ef/sampling/tiny5m-384-euclidean-samplings--k100-ef.bin
Samplings loaded from /home/ryawszn/experiments/shiro-ef/sampling/tiny5m-384-euclidean-samplings--k100-ef.bin
Average Recall: 0.63727
Initial average recall with ef=100: 0.63727
Average Recall: 0.709229
Initial average recall with ef=150: 0.70923
Recall diff is too small for 1 consecutive steps, break.
Weighted average ef: 1210.75
Training convergence-bucket 0 [24.4106, 37.7392) with 200 queries.
Average Recall: 0.39385
Initial average recall with ef=100: 0.39385
Average Recall: 0.46885
Initial average recall with ef=150: 0.46885
Recall diff is too small for 1 consecutive steps, break.
Recall diff is too small for 1 consecutive steps, break.
Recall diff is too small for 1 consecutive steps, break.
Recall diff is too small for 1 consecutive steps, break.
Recall diff is too small for 1 consecutive steps, break.
Recall diff is too small for 1 consecutive steps, break.
Weighted average ef: 2846.44
Training convergence-bucket 1 [37.7392, 42.3542) with 200 queries.
Average Recall: 0.4372
Initial average recall with ef=100: 0.4372
Average Recall: 0.52855
Initial average recall with ef=150: 0.52855
Recall diff is too small for 1 consecutive steps, break.
Recall diff is too small for 1 consecutive steps, break.
Recall diff is too small for 1 consecutive steps, break.
Weighted average ef: 2119.22
Training convergence-bucket 2 [42.3542, 45.9566) with 200 queries.
Average Recall: 0.48585
Initial average recall with ef=100: 0.48585
Average Recall: 0.5704
Initial average recall with ef=150: 0.5704
Recall diff is too small for 1 consecutive steps, break.
Recall diff is too small for 1 consecutive steps, break.
Recall diff is too small for 1 consecutive steps, break.
Recall diff is too small for 1 consecutive steps, break.
Recall diff is too small for 1 consecutive steps, break.
Weighted average ef: 1925.39
Training convergence-bucket 3 [45.9566, 49.0114) with 200 queries.
Average Recall: 0.5265
Initial average recall with ef=100: 0.5265
Average Recall: 0.612
Initial average recall with ef=150: 0.612
Weighted average ef: 1614.23
Training convergence-bucket 4 [49.0114, 52.2824) with 200 queries.
Average Recall: 0.60045
Initial average recall with ef=100: 0.60045
Average Recall: 0.68365
Initial average recall with ef=150: 0.68365
Recall diff is too small for 1 consecutive steps, break.
Recall diff is too small for 1 consecutive steps, break.
Recall diff is too small for 1 consecutive steps, break.
Recall diff is too small for 1 consecutive steps, break.
Recall diff is too small for 1 consecutive steps, break.
Recall diff is too small for 1 consecutive steps, break.
Weighted average ef: 1185.22
Training convergence-bucket 5 [52.2824, 55.9473) with 200 queries.
Average Recall: 0.6412
Initial average recall with ef=100: 0.6412
Average Recall: 0.7196
Initial average recall with ef=150: 0.7196
Recall diff is too small for 1 consecutive steps, break.
Recall diff is too small for 1 consecutive steps, break.
Recall diff is too small for 1 consecutive steps, break.
Recall diff is too small for 1 consecutive steps, break.
Weighted average ef: 1029.39
Training convergence-bucket 6 [55.9473, 60.8972) with 200 queries.
Average Recall: 0.72445
Initial average recall with ef=100: 0.72445
Average Recall: 0.79595
Initial average recall with ef=150: 0.79595
Recall diff is too small for 1 consecutive steps, break.
Recall diff is too small for 1 consecutive steps, break.
Recall diff is too small for 1 consecutive steps, break.
Recall diff is too small for 1 consecutive steps, break.
Recall diff is too small for 1 consecutive steps, break.
Weighted average ef: 616.74
Training convergence-bucket 7 [60.8972, 66.5637) with 200 queries.
Average Recall: 0.77465
Initial average recall with ef=100: 0.77465
Average Recall: 0.84515
Initial average recall with ef=150: 0.84515
Recall diff is too small for 1 consecutive steps, break.
Recall diff is too small for 1 consecutive steps, break.
Recall diff is too small for 1 consecutive steps, break.
Weighted average ef: 454.345
Training convergence-bucket 8 [66.5637, 74.078) with 200 queries.
Average Recall: 0.8583
Initial average recall with ef=100: 0.8583
Average Recall: 0.9121
Initial average recall with ef=150: 0.9121
Recall diff is too small for 1 consecutive steps, break.
Recall diff is too small for 1 consecutive steps, break.
Weighted average ef: 290.22
Training convergence-bucket 9 [74.078, inf) with 200 queries.
Average Recall: 0.93025
Initial average recall with ef=100: 0.93025
Average Recall: 0.95605
Initial average recall with ef=150: 0.95605
Recall diff is too small for 1 consecutive steps, break.
Recall diff is too small for 1 consecutive steps, break.
Recall diff is too small for 1 consecutive steps, break.
Recall diff is too small for 1 consecutive steps, break.
Weighted average ef: 175.295
Reconstructed True WAE: 1055.09 (Hard Pct: 0.00815)
Search time: 6036 ms
Search time: 5940 ms
Search time: 4680 ms
Average Recall: 0.97133
5th percentile recall: 0.9
1st percentile recall: 0.86
Median search time: 5940 ms
Search times: 4680 ms, 5940 ms, 6036 ms, 
tiny5m-384-euclidean experiment results:
statisc_length, time, avg_recall, 5th_percentile_recall, 1st_percentile_recall, recall_above_99, recall_above_95, recall_above_90
1025, 5940, 0.97133, 0.9, 0.86, 490, 768, 944
Experiment finished

--- min_queries_per_score: 1 ---

Loading samplings from /home/ryawszn/experiments/shiro-ef/sampling/tiny5m-384-euclidean-samplings--k100-ef.bin
Samplings loaded from /home/ryawszn/experiments/shiro-ef/sampling/tiny5m-384-euclidean-samplings--k100-ef.bin
Average Recall: 0.63727
Initial average recall with ef=100: 0.63727
Average Recall: 0.709229
Initial average recall with ef=150: 0.70923
Recall diff is too small for 1 consecutive steps, break.
Weighted average ef: 1210.75
Training convergence-bucket 0 [24.4106, 37.7392) with 200 queries.
Average Recall: 0.39385
Initial average recall with ef=100: 0.39385
Average Recall: 0.46885
Initial average recall with ef=150: 0.46885
Recall diff is too small for 1 consecutive steps, break.
Recall diff is too small for 1 consecutive steps, break.
Recall diff is too small for 1 consecutive steps, break.
Recall diff is too small for 1 consecutive steps, break.
Recall diff is too small for 1 consecutive steps, break.
Recall diff is too small for 1 consecutive steps, break.
Weighted average ef: 2846.44
Training convergence-bucket 1 [37.7392, 42.3542) with 200 queries.
Average Recall: 0.4372
Initial average recall with ef=100: 0.4372
Average Recall: 0.52855
Initial average recall with ef=150: 0.52855
Recall diff is too small for 1 consecutive steps, break.
Recall diff is too small for 1 consecutive steps, break.
Recall diff is too small for 1 consecutive steps, break.
Weighted average ef: 2119.22
Training convergence-bucket 2 [42.3542, 45.9566) with 200 queries.
Average Recall: 0.48585
Initial average recall with ef=100: 0.48585
Average Recall: 0.5704
Initial average recall with ef=150: 0.5704
Recall diff is too small for 1 consecutive steps, break.
Recall diff is too small for 1 consecutive steps, break.
Recall diff is too small for 1 consecutive steps, break.
Recall diff is too small for 1 consecutive steps, break.
Recall diff is too small for 1 consecutive steps, break.
Weighted average ef: 1925.39
Training convergence-bucket 3 [45.9566, 49.0114) with 200 queries.
Average Recall: 0.5265
Initial average recall with ef=100: 0.5265
Average Recall: 0.612
Initial average recall with ef=150: 0.612
Weighted average ef: 1614.23
Training convergence-bucket 4 [49.0114, 52.2824) with 200 queries.
Average Recall: 0.60045
Initial average recall with ef=100: 0.60045
Average Recall: 0.68365
Initial average recall with ef=150: 0.68365
Recall diff is too small for 1 consecutive steps, break.
Recall diff is too small for 1 consecutive steps, break.
Recall diff is too small for 1 consecutive steps, break.
Recall diff is too small for 1 consecutive steps, break.
Recall diff is too small for 1 consecutive steps, break.
Recall diff is too small for 1 consecutive steps, break.
Weighted average ef: 1185.22
Training convergence-bucket 5 [52.2824, 55.9473) with 200 queries.
Average Recall: 0.6412
Initial average recall with ef=100: 0.6412
Average Recall: 0.7196
Initial average recall with ef=150: 0.7196
Recall diff is too small for 1 consecutive steps, break.
Recall diff is too small for 1 consecutive steps, break.
Recall diff is too small for 1 consecutive steps, break.
Recall diff is too small for 1 consecutive steps, break.
Weighted average ef: 1029.39
Training convergence-bucket 6 [55.9473, 60.8972) with 200 queries.
Average Recall: 0.72445
Initial average recall with ef=100: 0.72445
Average Recall: 0.79595
Initial average recall with ef=150: 0.79595
Recall diff is too small for 1 consecutive steps, break.
Recall diff is too small for 1 consecutive steps, break.
Recall diff is too small for 1 consecutive steps, break.
Recall diff is too small for 1 consecutive steps, break.
Recall diff is too small for 1 consecutive steps, break.
Weighted average ef: 616.74
Training convergence-bucket 7 [60.8972, 66.5637) with 200 queries.
Average Recall: 0.77465
Initial average recall with ef=100: 0.77465
Average Recall: 0.84515
Initial average recall with ef=150: 0.84515
Recall diff is too small for 1 consecutive steps, break.
Recall diff is too small for 1 consecutive steps, break.
Recall diff is too small for 1 consecutive steps, break.
Weighted average ef: 454.345
Training convergence-bucket 8 [66.5637, 74.078) with 200 queries.
Average Recall: 0.8583
Initial average recall with ef=100: 0.8583
Average Recall: 0.9121
Initial average recall with ef=150: 0.9121
Recall diff is too small for 1 consecutive steps, break.
Recall diff is too small for 1 consecutive steps, break.
Weighted average ef: 290.22
Training convergence-bucket 9 [74.078, inf) with 200 queries.
Average Recall: 0.93025
Initial average recall with ef=100: 0.93025
Average Recall: 0.95605
Initial average recall with ef=150: 0.95605
Recall diff is too small for 1 consecutive steps, break.
Recall diff is too small for 1 consecutive steps, break.
Recall diff is too small for 1 consecutive steps, break.
Recall diff is too small for 1 consecutive steps, break.
Weighted average ef: 175.295
Reconstructed True WAE: 1055.09 (Hard Pct: 0.00815)
Search time: 5925 ms
Search time: 5864 ms
Search time: 4837 ms
Average Recall: 0.97133
5th percentile recall: 0.9
1st percentile recall: 0.86
Median search time: 5864 ms
Search times: 4837 ms, 5864 ms, 5925 ms, 
tiny5m-384-euclidean experiment results:
statisc_length, time, avg_recall, 5th_percentile_recall, 1st_percentile_recall, recall_above_99, recall_above_95, recall_above_90
1025, 5864, 0.97133, 0.9, 0.86, 490, 768, 944
Experiment finished

--- min_queries_per_score: 3 ---

Loading samplings from /home/ryawszn/experiments/shiro-ef/sampling/tiny5m-384-euclidean-samplings--k100-ef.bin
Samplings loaded from /home/ryawszn/experiments/shiro-ef/sampling/tiny5m-384-euclidean-samplings--k100-ef.bin
Average Recall: 0.63727
Initial average recall with ef=100: 0.636088
Average Recall: 0.709229
Initial average recall with ef=150: 0.70826
Weighted average ef: 1207.66
Training convergence-bucket 0 [24.4106, 37.7392) with 200 queries.
Average Recall: 0.39385
Initial average recall with ef=100: 0.3875
Average Recall: 0.46885
Initial average recall with ef=150: 0.462865
Recall diff is too small for 1 consecutive steps, break.
Recall diff is too small for 1 consecutive steps, break.
Weighted average ef: 2780.74
Training convergence-bucket 1 [37.7392, 42.3542) with 200 queries.
Average Recall: 0.4372
Initial average recall with ef=100: 0.433834
Average Recall: 0.52855
Initial average recall with ef=150: 0.525699
Recall diff is too small for 1 consecutive steps, break.
Weighted average ef: 2069.44
Training convergence-bucket 2 [42.3542, 45.9566) with 200 queries.
Average Recall: 0.48585
Initial average recall with ef=100: 0.487487
Average Recall: 0.5704
Initial average recall with ef=150: 0.572513
Recall diff is too small for 1 consecutive steps, break.
Recall diff is too small for 1 consecutive steps, break.
Recall diff is too small for 1 consecutive steps, break.
Weighted average ef: 1857.2
Training convergence-bucket 3 [45.9566, 49.0114) with 200 queries.
Average Recall: 0.5265
Initial average recall with ef=100: 0.525389
Average Recall: 0.612
Initial average recall with ef=150: 0.611762
Weighted average ef: 1535.72
Training convergence-bucket 4 [49.0114, 52.2824) with 200 queries.
Average Recall: 0.60045
Initial average recall with ef=100: 0.592473
Average Recall: 0.68365
Initial average recall with ef=150: 0.676344
Recall diff is too small for 1 consecutive steps, break.
Recall diff is too small for 1 consecutive steps, break.
Recall diff is too small for 1 consecutive steps, break.
Weighted average ef: 1124.8
Training convergence-bucket 5 [52.2824, 55.9473) with 200 queries.
Average Recall: 0.6412
Initial average recall with ef=100: 0.638947
Average Recall: 0.7196
Initial average recall with ef=150: 0.718053
Recall diff is too small for 1 consecutive steps, break.
Recall diff is too small for 1 consecutive steps, break.
Weighted average ef: 981.385
Training convergence-bucket 6 [55.9473, 60.8972) with 200 queries.
Average Recall: 0.72445
Initial average recall with ef=100: 0.723385
Average Recall: 0.79595
Initial average recall with ef=150: 0.795156
Recall diff is too small for 1 consecutive steps, break.
Recall diff is too small for 1 consecutive steps, break.
Recall diff is too small for 1 consecutive steps, break.
Weighted average ef: 597.26
Training convergence-bucket 7 [60.8972, 66.5637) with 200 queries.
Average Recall: 0.77465
Initial average recall with ef=100: 0.777166
Average Recall: 0.84515
Initial average recall with ef=150: 0.848984
Recall diff is too small for 1 consecutive steps, break.
Recall diff is too small for 1 consecutive steps, break.
Weighted average ef: 386.67
Training convergence-bucket 8 [66.5637, 74.078) with 200 queries.
Average Recall: 0.8583
Initial average recall with ef=100: 0.858258
Average Recall: 0.9121
Initial average recall with ef=150: 0.912528
Weighted average ef: 254.865
Training convergence-bucket 9 [74.078, inf) with 200 queries.
Average Recall: 0.93025
Initial average recall with ef=100: 0.946047
Average Recall: 0.95605
Initial average recall with ef=150: 0.970174
Weighted average ef: 117.825
Reconstructed True WAE: 1055.2 (Hard Pct: 0.00815)
Search time: 6205 ms
Search time: 6012 ms
Search time: 4717 ms
Average Recall: 0.97113
5th percentile recall: 0.9
1st percentile recall: 0.86
Median search time: 6012 ms
Search times: 4717 ms, 6012 ms, 6205 ms, 
tiny5m-384-euclidean experiment results:
statisc_length, time, avg_recall, 5th_percentile_recall, 1st_percentile_recall, recall_above_99, recall_above_95, recall_above_90
1025, 6012, 0.97113, 0.9, 0.86, 491, 767, 941
Experiment finished

--- min_queries_per_score: 5 ---

Loading samplings from /home/ryawszn/experiments/shiro-ef/sampling/tiny5m-384-euclidean-samplings--k100-ef.bin
Samplings loaded from /home/ryawszn/experiments/shiro-ef/sampling/tiny5m-384-euclidean-samplings--k100-ef.bin
Average Recall: 0.63727
Initial average recall with ef=100: 0.632906
Average Recall: 0.709229
Initial average recall with ef=150: 0.705715
Weighted average ef: 1201.22
Training convergence-bucket 0 [24.4106, 37.7392) with 200 queries.
Average Recall: 0.39385
Initial average recall with ef=100: 0.376243
Average Recall: 0.46885
Initial average recall with ef=150: 0.450608
Recall diff is too small for 1 consecutive steps, break.
Recall diff is too small for 1 consecutive steps, break.
Weighted average ef: 2716.71
Training convergence-bucket 1 [37.7392, 42.3542) with 200 queries.
Average Recall: 0.4372
Initial average recall with ef=100: 0.430163
Average Recall: 0.52855
Initial average recall with ef=150: 0.522772
Recall diff is too small for 1 consecutive steps, break.
Weighted average ef: 1986.51
Training convergence-bucket 2 [42.3542, 45.9566) with 200 queries.
Average Recall: 0.48585
Initial average recall with ef=100: 0.484372
Average Recall: 0.5704
Initial average recall with ef=150: 0.568852
Recall diff is too small for 1 consecutive steps, break.
Recall diff is too small for 1 consecutive steps, break.
Recall diff is too small for 1 consecutive steps, break.
Weighted average ef: 1730.1
Training convergence-bucket 3 [45.9566, 49.0114) with 200 queries.
Average Recall: 0.5265
Initial average recall with ef=100: 0.523184
Average Recall: 0.612
Initial average recall with ef=150: 0.609441
Weighted average ef: 1436.24
Training convergence-bucket 4 [49.0114, 52.2824) with 200 queries.
Average Recall: 0.60045
Initial average recall with ef=100: 0.598389
Average Recall: 0.68365
Initial average recall with ef=150: 0.683167
Recall diff is too small for 1 consecutive steps, break.
Recall diff is too small for 1 consecutive steps, break.
Weighted average ef: 1017.64
Training convergence-bucket 5 [52.2824, 55.9473) with 200 queries.
Average Recall: 0.6412
Initial average recall with ef=100: 0.649581
Average Recall: 0.7196
Initial average recall with ef=150: 0.727725
Weighted average ef: 813.245
Training convergence-bucket 6 [55.9473, 60.8972) with 200 queries.
Average Recall: 0.72445
Initial average recall with ef=100: 0.724294
Average Recall: 0.79595
Initial average recall with ef=150: 0.796467
Recall diff is too small for 1 consecutive steps, break.
Recall diff is too small for 1 consecutive steps, break.
Recall diff is too small for 1 consecutive steps, break.
Weighted average ef: 553.05
Training convergence-bucket 7 [60.8972, 66.5637) with 200 queries.
Average Recall: 0.77465
Initial average recall with ef=100: 0.780727
Average Recall: 0.84515
Initial average recall with ef=150: 0.852667
Recall diff is too small for 1 consecutive steps, break.
Weighted average ef: 333.05
Training convergence-bucket 8 [66.5637, 74.078) with 200 queries.
Average Recall: 0.8583
Initial average recall with ef=100: 0.863567
Average Recall: 0.9121
Initial average recall with ef=150: 0.916433
Weighted average ef: 210.13
Training convergence-bucket 9 [74.078, inf) with 200 queries.
Average Recall: 0.93025
Initial average recall with ef=100: 0.944662
Average Recall: 0.95605
Initial average recall with ef=150: 0.968947
Weighted average ef: 92.325
Reconstructed True WAE: 1055.67 (Hard Pct: 0.00815)
Search time: 6022 ms
Search time: 5944 ms
Search time: 5878 ms
Average Recall: 0.97119
5th percentile recall: 0.9
1st percentile recall: 0.86
Median search time: 5944 ms
Search times: 5878 ms, 5944 ms, 6022 ms, 
tiny5m-384-euclidean experiment results:
statisc_length, time, avg_recall, 5th_percentile_recall, 1st_percentile_recall, recall_above_99, recall_above_95, recall_above_90
1025, 5944, 0.97119, 0.9, 0.86, 492, 766, 945
Experiment finished
