nohup: ignoring input
Starting experiments for Shiro-ef hnswdis library...


EXPERIMENTS_ROOT: /home/yc.shea/experiments/shiro-ef
Starting offline experiments...


Dataset: deep-image-96-angular
Metric: cd
Truncation ratio: 1
Normalize the data vectors
Data vectors dimensions: 9990000 x 96
Query vectors dimensions: 10000 x 96
Neighbors dimensions: 10000 x 100
Using AVX Inner Product distance
Index loaded
Dimension of space:96
Data size of space:384
Ground truth computed in 283234 ms
Sampling computing time: 303395 ms
Loading samplings from /home/yc.shea/experiments/shiro-ef/sampling/deep-image-96-angular-samplings--k100-ef.bin
Samplings loaded from /home/yc.shea/experiments/shiro-ef/sampling/deep-image-96-angular-samplings--k100-ef.bin
Average Recall: 0.835152
Initial average recall with ef=100: 0.835458
Average Recall: 0.884026
Initial average recall with ef=150: 0.884358
Recall diff is too small for 1 consecutive steps, break.
Weighted average ef: 391.431
EF-estimation table computing time: 23835 ms
Per-bucket recall: conv_p20=40.6884 hard_recall=0.95 easy_recall=0.98
Training convergence-bucket 0 [23.234, 37.7252) with 300 queries (recall=0.95).
Average Recall: 0.607433
Initial average recall with ef=100: 0.603238
Average Recall: 0.686733
Initial average recall with ef=150: 0.682242
Recall diff is too small for 1 consecutive steps, break.
Recall diff is too small for 1 consecutive steps, break.
Weighted average ef: 1040.64
Training convergence-bucket 1 [37.7252, 40.6884) with 300 queries (recall=0.95).
Average Recall: 0.638833
Initial average recall with ef=100: 0.633333
Average Recall: 0.7185
Initial average recall with ef=150: 0.713824
Weighted average ef: 898.307
Training convergence-bucket 2 [40.6884, 46.2056) with 300 queries (recall=0.98).
Average Recall: 0.721667
Initial average recall with ef=100: 0.719509
Average Recall: 0.796767
Initial average recall with ef=150: 0.795088
Recall diff is too small for 1 consecutive steps, break.
Weighted average ef: 1074.09
Training convergence-bucket 3 [46.2056, 51.5452) with 300 queries (recall=0.98).
Average Recall: 0.809334
Initial average recall with ef=100: 0.806406
Average Recall: 0.873066
Initial average recall with ef=150: 0.871317
Recall diff is too small for 1 consecutive steps, break.
Weighted average ef: 599.717
Training convergence-bucket 4 [51.5452, 55.7279) with 300 queries (recall=0.98).
Average Recall: 0.856767
Initial average recall with ef=100: 0.855866
Average Recall: 0.9146
Initial average recall with ef=150: 0.914028
Weighted average ef: 383.963
Training convergence-bucket 5 [55.7279, 59.6592) with 300 queries (recall=0.98).
Average Recall: 0.8974
Initial average recall with ef=100: 0.896632
Average Recall: 0.9425
Initial average recall with ef=150: 0.942268
Weighted average ef: 312.253
Training convergence-bucket 6 [59.6592, 64.0217) with 300 queries (recall=0.98).
Average Recall: 0.920367
Initial average recall with ef=100: 0.920381
Average Recall: 0.956
Initial average recall with ef=150: 0.956505
Recall diff is too small for 1 consecutive steps, break.
Weighted average ef: 259.147
Training convergence-bucket 7 [64.0217, 68.7624) with 300 queries (recall=0.98).
Average Recall: 0.944234
Initial average recall with ef=100: 0.945
Average Recall: 0.9727
Initial average recall with ef=150: 0.973288
Recall diff is too small for 1 consecutive steps, break.
Weighted average ef: 189.85
Training convergence-bucket 8 [68.7624, 75.1871) with 300 queries (recall=0.98).
Average Recall: 0.969667
Initial average recall with ef=100: 0.971497
Average Recall: 0.9869
Initial average recall with ef=150: 0.988095
Weighted average ef: 137.303
Training convergence-bucket 9 [75.1871, inf) with 300 queries (recall=0.98).
Average Recall: 0.985867
Initial average recall with ef=100: 0.987456
Average Recall: 0.992567
Initial average recall with ef=150: 0.993852
Weighted average ef: 98.83
Reconstructed True WAE: 258.456 (Hard Pct: 0.0203333)
  Avg Ef Hard (bucketed): 1013.41 | Avg Ef Easy (bucketed): 242.787

Dataset: glove-100-angular
Metric: cd
Truncation ratio: 1
Normalize the data vectors
Data vectors dimensions: 1183514 x 100
Query vectors dimensions: 10000 x 100
Neighbors dimensions: 10000 x 100
Using AVX Inner Product distance
Index loaded
Dimension of space:100
Data size of space:400
Ground truth computed in 26673 ms
Sampling computing time: 42540 ms
Loading samplings from /home/yc.shea/experiments/shiro-ef/sampling/glove-100-angular-samplings--k100-ef.bin
Samplings loaded from /home/yc.shea/experiments/shiro-ef/sampling/glove-100-angular-samplings--k100-ef.bin
Average Recall: 0.726394
Initial average recall with ef=100: 0.72636
Average Recall: 0.770571
Initial average recall with ef=150: 0.770564
Weighted average ef: 1702.87
EF-estimation table computing time: 60969 ms
Per-bucket recall: conv_p20=33.9721 hard_recall=0.95 easy_recall=0.98
Training convergence-bucket 0 [13.8318, 28.5699) with 300 queries (recall=0.95).
Average Recall: 0.473767
Initial average recall with ef=100: 0.457038
Average Recall: 0.522667
Initial average recall with ef=150: 0.506376
Recall diff is too small for 1 consecutive steps, break.
Recall diff is too small for 1 consecutive steps, break.
Recall diff is too small for 1 consecutive steps, break.
Weighted average ef: 4193.52
Training convergence-bucket 1 [28.5699, 33.9721) with 300 queries (recall=0.95).
Average Recall: 0.4857
Initial average recall with ef=100: 0.470421
Average Recall: 0.545367
Initial average recall with ef=150: 0.530456
Recall diff is too small for 1 consecutive steps, break.
Recall diff is too small for 1 consecutive steps, break.
Recall diff is too small for 1 consecutive steps, break.
Weighted average ef: 3620.78
Training convergence-bucket 2 [33.9721, 38.6824) with 300 queries (recall=0.98).
Average Recall: 0.512933
Initial average recall with ef=100: 0.504739
Average Recall: 0.570066
Initial average recall with ef=150: 0.561568
Recall diff is too small for 1 consecutive steps, break.
Recall diff is too small for 1 consecutive steps, break.
Recall diff is too small for 1 consecutive steps, break.
Weighted average ef: 4232.57
Training convergence-bucket 3 [38.6824, 43.4136) with 300 queries (recall=0.98).
Average Recall: 0.6236
Initial average recall with ef=100: 0.622657
Average Recall: 0.688833
Initial average recall with ef=150: 0.685804
Recall diff is too small for 1 consecutive steps, break.
Recall diff is too small for 1 consecutive steps, break.
Recall diff is too small for 1 consecutive steps, break.
Recall diff is too small for 1 consecutive steps, break.
Weighted average ef: 3125.75
Training convergence-bucket 4 [43.4136, 48.8656) with 300 queries (recall=0.98).
Average Recall: 0.699367
Initial average recall with ef=100: 0.695055
Average Recall: 0.7583
Initial average recall with ef=150: 0.754066
Recall diff is too small for 1 consecutive steps, break.
Recall diff is too small for 1 consecutive steps, break.
Recall diff is too small for 1 consecutive steps, break.
Recall diff is too small for 1 consecutive steps, break.
Weighted average ef: 2554.64
Training convergence-bucket 5 [48.8656, 54.8283) with 300 queries (recall=0.98).
Average Recall: 0.775533
Initial average recall with ef=100: 0.774714
Average Recall: 0.830467
Initial average recall with ef=150: 0.831071
Recall diff is too small for 1 consecutive steps, break.
Recall diff is too small for 1 consecutive steps, break.
Recall diff is too small for 1 consecutive steps, break.
Weighted average ef: 1677.38
Training convergence-bucket 6 [54.8283, 61.6016) with 300 queries (recall=0.98).
Average Recall: 0.873534
Initial average recall with ef=100: 0.868877
Average Recall: 0.911933
Initial average recall with ef=150: 0.908551
Recall diff is too small for 1 consecutive steps, break.
Recall diff is too small for 1 consecutive steps, break.
Recall diff is too small for 1 consecutive steps, break.
Weighted average ef: 750.297
Training convergence-bucket 7 [61.6016, 67.4292) with 300 queries (recall=0.98).
Average Recall: 0.902667
Initial average recall with ef=100: 0.906277
Average Recall: 0.931833
Initial average recall with ef=150: 0.93539
Recall diff is too small for 1 consecutive steps, break.
Recall diff is too small for 1 consecutive steps, break.
Weighted average ef: 727.927
Training convergence-bucket 8 [67.4292, 74.2709) with 300 queries (recall=0.98).
Average Recall: 0.940267
Initial average recall with ef=100: 0.945338
Average Recall: 0.960667
Initial average recall with ef=150: 0.965302
Recall diff is too small for 1 consecutive steps, break.
Recall diff is too small for 1 consecutive steps, break.
Recall diff is too small for 1 consecutive steps, break.
Weighted average ef: 305.177
Training convergence-bucket 9 [74.2709, inf) with 300 queries (recall=0.98).
Average Recall: 0.9766
Initial average recall with ef=100: 0.97993
Average Recall: 0.9856
Initial average recall with ef=150: 0.988676
Weighted average ef: 151.2
Reconstructed True WAE: 1426.68 (Hard Pct: 0.00633333)
  Avg Ef Hard (bucketed): 4807.06 | Avg Ef Easy (bucketed): 1405.13

Dataset: word2vec-300-angular
Metric: cd
Truncation ratio: 1
Normalize the data vectors
Data vectors dimensions: 1000000 x 300
Query vectors dimensions: 1000 x 300
Neighbors dimensions: 1000 x 100
Using AVX Inner Product distance
Index loaded
Dimension of space:300
Data size of space:1200
Ground truth computed in 53812 ms
Sampling computing time: 75253 ms
Loading samplings from /home/yc.shea/experiments/shiro-ef/sampling/word2vec-300-angular-samplings--k100-ef.bin
Samplings loaded from /home/yc.shea/experiments/shiro-ef/sampling/word2vec-300-angular-samplings--k100-ef.bin
Average Recall: 0.82003
Initial average recall with ef=100: 0.820083
Average Recall: 0.867479
Initial average recall with ef=150: 0.868171
Weighted average ef: 531.174
EF-estimation table computing time: 20833 ms
Per-bucket recall: conv_p20=40.0553 hard_recall=0.95 easy_recall=0.98
Training convergence-bucket 0 [13.6502, 36.851) with 300 queries (recall=0.95).
Average Recall: 0.588833
Initial average recall with ef=100: 0.588293
Average Recall: 0.671833
Initial average recall with ef=150: 0.672474
Recall diff is too small for 1 consecutive steps, break.
Weighted average ef: 874.633
Training convergence-bucket 1 [36.851, 40.0553) with 300 queries (recall=0.95).
Average Recall: 0.609333
Initial average recall with ef=100: 0.613453
Average Recall: 0.692267
Initial average recall with ef=150: 0.698417
Weighted average ef: 860.953
Training convergence-bucket 2 [40.0553, 45.905) with 300 queries (recall=0.98).
Average Recall: 0.664248
Initial average recall with ef=100: 0.659928
Average Recall: 0.7421
Initial average recall with ef=150: 0.745197
Recall diff is too small for 1 consecutive steps, break.
Weighted average ef: 907.953
Training convergence-bucket 3 [45.905, 52.7299) with 300 queries (recall=0.98).
Average Recall: 0.7862
Initial average recall with ef=100: 0.786928
Average Recall: 0.844767
Initial average recall with ef=150: 0.846036
Recall diff is too small for 1 consecutive steps, break.
Recall diff is too small for 1 consecutive steps, break.
Recall diff is too small for 1 consecutive steps, break.
Weighted average ef: 868.59
Training convergence-bucket 4 [52.7299, 57.8759) with 300 queries (recall=0.98).
Average Recall: 0.8483
Initial average recall with ef=100: 0.850649
Average Recall: 0.8967
Initial average recall with ef=150: 0.899046
Recall diff is too small for 1 consecutive steps, break.
Recall diff is too small for 1 consecutive steps, break.
Recall diff is too small for 1 consecutive steps, break.
Recall diff is too small for 1 consecutive steps, break.
Recall diff is too small for 1 consecutive steps, break.
Recall diff is too small for 1 consecutive steps, break.
Recall diff is too small for 1 consecutive steps, break.
Weighted average ef: 627.05
Training convergence-bucket 5 [57.8759, 62.0518) with 300 queries (recall=0.98).
Average Recall: 0.900067
Initial average recall with ef=100: 0.901424
Average Recall: 0.9368
Initial average recall with ef=150: 0.938029
Recall diff is too small for 1 consecutive steps, break.
Recall diff is too small for 1 consecutive steps, break.
Recall diff is too small for 1 consecutive steps, break.
Weighted average ef: 398.33
Training convergence-bucket 6 [62.0518, 65.7271) with 300 queries (recall=0.98).
Average Recall: 0.918534
Initial average recall with ef=100: 0.919963
Average Recall: 0.9502
Initial average recall with ef=150: 0.952263
Recall diff is too small for 1 consecutive steps, break.
Weighted average ef: 295.677
Training convergence-bucket 7 [65.7271, 69.7432) with 300 queries (recall=0.98).
Average Recall: 0.9447
Initial average recall with ef=100: 0.946222
Average Recall: 0.9705
Initial average recall with ef=150: 0.971556
Recall diff is too small for 1 consecutive steps, break.
Weighted average ef: 195.497
Training convergence-bucket 8 [69.7432, 74.4169) with 300 queries (recall=0.98).
Average Recall: 0.963467
Initial average recall with ef=100: 0.964254
Average Recall: 0.981834
Initial average recall with ef=150: 0.982351
Weighted average ef: 157.46
Training convergence-bucket 9 [74.4169, inf) with 300 queries (recall=0.98).
Average Recall: 0.976167
Initial average recall with ef=100: 0.978655
Average Recall: 0.987867
Initial average recall with ef=150: 0.989382
Recall diff is too small for 1 consecutive steps, break.
Weighted average ef: 135.953
Reconstructed True WAE: 266.504 (Hard Pct: 0.024)
  Avg Ef Hard (bucketed): 904.319 | Avg Ef Easy (bucketed): 250.82

Dataset: sift10m-128-euclidean
Metric: l2
Truncation ratio: 1
Data vectors dimensions: 10000000 x 128
Query vectors dimensions: 1000 x 128
Neighbors dimensions: 1000 x 100
Index loaded
Dimension of space:128
Data size of space:512
Ground truth computed in 342661 ms
Sampling computing time: 360294 ms
Loading samplings from /home/yc.shea/experiments/shiro-ef/sampling/sift10m-128-euclidean-samplings--k100-ef.bin
Samplings loaded from /home/yc.shea/experiments/shiro-ef/sampling/sift10m-128-euclidean-samplings--k100-ef.bin
Average Recall: 0.856011
Initial average recall with ef=100: 0.856315
Average Recall: 0.902513
Initial average recall with ef=150: 0.902814
Weighted average ef: 299.369
EF-estimation table computing time: 15367 ms
Per-bucket recall: conv_p20=43.9052 hard_recall=0.95 easy_recall=0.98
Training convergence-bucket 0 [25.6326, 40.8522) with 300 queries (recall=0.95).
Average Recall: 0.6557
Initial average recall with ef=100: 0.655017
Average Recall: 0.7357
Initial average recall with ef=150: 0.735813
Weighted average ef: 738.057
Training convergence-bucket 1 [40.8522, 43.9052) with 300 queries (recall=0.95).
Average Recall: 0.6922
Initial average recall with ef=100: 0.691365
Average Recall: 0.7701
Initial average recall with ef=150: 0.769625
Weighted average ef: 622.07
Training convergence-bucket 2 [43.9052, 49.5591) with 300 queries (recall=0.98).
Average Recall: 0.772167
Initial average recall with ef=100: 0.771632
Average Recall: 0.8429
Initial average recall with ef=150: 0.842396
Recall diff is too small for 1 consecutive steps, break.
Weighted average ef: 667.26
Training convergence-bucket 3 [49.5591, 53.5044) with 300 queries (recall=0.98).
Average Recall: 0.8279
Initial average recall with ef=100: 0.827109
Average Recall: 0.886266
Initial average recall with ef=150: 0.885646
Recall diff is too small for 1 consecutive steps, break.
Weighted average ef: 476.44
Training convergence-bucket 4 [53.5044, 57.6866) with 300 queries (recall=0.98).
Average Recall: 0.8677
Initial average recall with ef=100: 0.865517
Average Recall: 0.919066
Initial average recall with ef=150: 0.917414
Recall diff is too small for 1 consecutive steps, break.
Weighted average ef: 357.447
Training convergence-bucket 5 [57.6866, 60.9502) with 300 queries (recall=0.98).
Average Recall: 0.899567
Initial average recall with ef=100: 0.900206
Average Recall: 0.9427
Initial average recall with ef=150: 0.94339
Weighted average ef: 300.147
Training convergence-bucket 6 [60.9502, 64.8344) with 300 queries (recall=0.98).
Average Recall: 0.926633
Initial average recall with ef=100: 0.927578
Average Recall: 0.961734
Initial average recall with ef=150: 0.962664
Recall diff is too small for 1 consecutive steps, break.
Weighted average ef: 219.8
Training convergence-bucket 7 [64.8344, 69.4434) with 300 queries (recall=0.98).
Average Recall: 0.955167
Initial average recall with ef=100: 0.956531
Average Recall: 0.980734
Initial average recall with ef=150: 0.981599
Weighted average ef: 167.25
Training convergence-bucket 8 [69.4434, 74.9222) with 300 queries (recall=0.98).
Average Recall: 0.972767
Initial average recall with ef=100: 0.973547
Average Recall: 0.989067
Initial average recall with ef=150: 0.989527
Weighted average ef: 133.167
Training convergence-bucket 9 [74.9222, inf) with 300 queries (recall=0.98).
Average Recall: 0.990367
Initial average recall with ef=100: 0.990791
Average Recall: 0.996934
Initial average recall with ef=150: 0.997217
Weighted average ef: 101.333
Reconstructed True WAE: 189.968 (Hard Pct: 0.02)
  Avg Ef Hard (bucketed): 684.97 | Avg Ef Easy (bucketed): 179.866

Dataset: gist-960-euclidean
Metric: l2
Truncation ratio: 1
Data vectors dimensions: 1000000 x 960
Query vectors dimensions: 1000 x 960
Neighbors dimensions: 1000 x 100
Index loaded
Dimension of space:960
Data size of space:3840
Ground truth computed in 137633 ms
Sampling computing time: 177936 ms
Loading samplings from /home/yc.shea/experiments/shiro-ef/sampling/gist-960-euclidean-samplings--k100-ef.bin
Samplings loaded from /home/yc.shea/experiments/shiro-ef/sampling/gist-960-euclidean-samplings--k100-ef.bin
Average Recall: 0.726243
Initial average recall with ef=100: 0.725997
Average Recall: 0.799901
Initial average recall with ef=150: 0.799863
Recall diff is too small for 1 consecutive steps, break.
Weighted average ef: 642.249
EF-estimation table computing time: 85660 ms
Per-bucket recall: conv_p20=36.2647 hard_recall=0.95 easy_recall=0.98
Training convergence-bucket 0 [25.3651, 33.1353) with 300 queries (recall=0.95).
Average Recall: 0.503567
Initial average recall with ef=100: 0.50189
Average Recall: 0.598533
Initial average recall with ef=150: 0.597388
Recall diff is too small for 1 consecutive steps, break.
Recall diff is too small for 1 consecutive steps, break.
Weighted average ef: 1418.12
Training convergence-bucket 1 [33.1353, 36.2647) with 300 queries (recall=0.95).
Average Recall: 0.5618
Initial average recall with ef=100: 0.562341
Average Recall: 0.6548
Initial average recall with ef=150: 0.655117
Weighted average ef: 1208.1
Training convergence-bucket 2 [36.2647, 39.2767) with 300 queries (recall=0.98).
Average Recall: 0.6292
Initial average recall with ef=100: 0.632755
Average Recall: 0.716667
Initial average recall with ef=150: 0.71932
Recall diff is too small for 1 consecutive steps, break.
Recall diff is too small for 1 consecutive steps, break.
Recall diff is too small for 1 consecutive steps, break.
Recall diff is too small for 1 consecutive steps, break.
Weighted average ef: 1584.18
Training convergence-bucket 3 [39.2767, 41.989) with 300 queries (recall=0.98).
Average Recall: 0.662433
Initial average recall with ef=100: 0.666944
Average Recall: 0.755067
Initial average recall with ef=150: 0.759444
Recall diff is too small for 1 consecutive steps, break.
Recall diff is too small for 1 consecutive steps, break.
Recall diff is too small for 1 consecutive steps, break.
Recall diff is too small for 1 consecutive steps, break.
Weighted average ef: 1164.02
Training convergence-bucket 4 [41.989, 45.0088) with 300 queries (recall=0.98).
Average Recall: 0.699867
Initial average recall with ef=100: 0.700414
Average Recall: 0.787267
Initial average recall with ef=150: 0.787862
Recall diff is too small for 1 consecutive steps, break.
Recall diff is too small for 1 consecutive steps, break.
Recall diff is too small for 1 consecutive steps, break.
Recall diff is too small for 1 consecutive steps, break.
Weighted average ef: 1099.88
Training convergence-bucket 5 [45.0088, 48.08) with 300 queries (recall=0.98).
Average Recall: 0.751
Initial average recall with ef=100: 0.753881
Average Recall: 0.829167
Initial average recall with ef=150: 0.832657
Recall diff is too small for 1 consecutive steps, break.
Recall diff is too small for 1 consecutive steps, break.
Recall diff is too small for 1 consecutive steps, break.
Weighted average ef: 843.767
Training convergence-bucket 6 [48.08, 51.9007) with 300 queries (recall=0.98).
Average Recall: 0.781033
Initial average recall with ef=100: 0.781631
Average Recall: 0.8552
Initial average recall with ef=150: 0.855816
Recall diff is too small for 1 consecutive steps, break.
Recall diff is too small for 1 consecutive steps, break.
Weighted average ef: 667.69
Training convergence-bucket 7 [51.9007, 57.2243) with 300 queries (recall=0.98).
Average Recall: 0.826267
Initial average recall with ef=100: 0.832014
Average Recall: 0.8873
Initial average recall with ef=150: 0.892266
Recall diff is too small for 1 consecutive steps, break.
Recall diff is too small for 1 consecutive steps, break.
Recall diff is too small for 1 consecutive steps, break.
Weighted average ef: 513.037
Training convergence-bucket 8 [57.2243, 65.9373) with 300 queries (recall=0.98).
Average Recall: 0.891
Initial average recall with ef=100: 0.891667
Average Recall: 0.9371
Initial average recall with ef=150: 0.937411
Recall diff is too small for 1 consecutive steps, break.
Recall diff is too small for 1 consecutive steps, break.
Weighted average ef: 320.317
Training convergence-bucket 9 [65.9373, inf) with 300 queries (recall=0.98).
Average Recall: 0.956267
Initial average recall with ef=100: 0.960601
Average Recall: 0.977933
Initial average recall with ef=150: 0.981237
Weighted average ef: 163.037
Reconstructed True WAE: 561.044 (Hard Pct: 0.0111)
  Avg Ef Hard (bucketed): 1574.95 | Avg Ef Easy (bucketed): 549.663

Dataset: tiny5m-384-euclidean
Metric: l2
Truncation ratio: 1
Data vectors dimensions: 5000000 x 384
Query vectors dimensions: 1000 x 384
Neighbors dimensions: 1000 x 100
Index loaded
Dimension of space:384
Data size of space:1536
Ground truth computed in 346870 ms
Sampling computing time: 375859 ms
Loading samplings from /home/yc.shea/experiments/shiro-ef/sampling/tiny5m-384-euclidean-samplings--k100-ef.bin
Samplings loaded from /home/yc.shea/experiments/shiro-ef/sampling/tiny5m-384-euclidean-samplings--k100-ef.bin
Average Recall: 0.64064
Initial average recall with ef=100: 0.639897
Average Recall: 0.712267
Initial average recall with ef=150: 0.711524
Recall diff is too small for 1 consecutive steps, break.
Weighted average ef: 1245.15
EF-estimation table computing time: 125251 ms
Per-bucket recall: conv_p20=32.7229 hard_recall=0.95 easy_recall=0.98
Training convergence-bucket 0 [19.9269, 29.1617) with 300 queries (recall=0.95).
Average Recall: 0.368333
Initial average recall with ef=100: 0.365034
Average Recall: 0.449567
Initial average recall with ef=150: 0.446599
Recall diff is too small for 1 consecutive steps, break.
Recall diff is too small for 1 consecutive steps, break.
Weighted average ef: 3119.55
Training convergence-bucket 1 [29.1617, 32.7229) with 300 queries (recall=0.95).
Average Recall: 0.445967
Initial average recall with ef=100: 0.444403
Average Recall: 0.527967
Initial average recall with ef=150: 0.525904
Recall diff is too small for 1 consecutive steps, break.
Weighted average ef: 2289.54
Training convergence-bucket 2 [32.7229, 35.5877) with 300 queries (recall=0.98).
Average Recall: 0.4995
Initial average recall with ef=100: 0.49848
Average Recall: 0.5833
Initial average recall with ef=150: 0.582128
Recall diff is too small for 1 consecutive steps, break.
Recall diff is too small for 1 consecutive steps, break.
Recall diff is too small for 1 consecutive steps, break.
Recall diff is too small for 1 consecutive steps, break.
Weighted average ef: 3345.51
Training convergence-bucket 3 [35.5877, 38.2446) with 300 queries (recall=0.98).
Average Recall: 0.5344
Initial average recall with ef=100: 0.531439
Average Recall: 0.6181
Initial average recall with ef=150: 0.615719
Recall diff is too small for 1 consecutive steps, break.
Recall diff is too small for 1 consecutive steps, break.
Weighted average ef: 2773.15
Training convergence-bucket 4 [38.2446, 40.8709) with 300 queries (recall=0.98).
Average Recall: 0.5937
Initial average recall with ef=100: 0.591045
Average Recall: 0.6801
Initial average recall with ef=150: 0.677282
Recall diff is too small for 1 consecutive steps, break.
Recall diff is too small for 1 consecutive steps, break.
Weighted average ef: 2112.64
Training convergence-bucket 5 [40.8709, 44.4111) with 300 queries (recall=0.98).
Average Recall: 0.644033
Initial average recall with ef=100: 0.639897
Average Recall: 0.722767
Initial average recall with ef=150: 0.719034
Recall diff is too small for 1 consecutive steps, break.
Recall diff is too small for 1 consecutive steps, break.
Recall diff is too small for 1 consecutive steps, break.
Recall diff is too small for 1 consecutive steps, break.
Recall diff is too small for 1 consecutive steps, break.
Recall diff is too small for 1 consecutive steps, break.
Recall diff is too small for 1 consecutive steps, break.
Weighted average ef: 1710.65
Training convergence-bucket 6 [44.4111, 48.5404) with 300 queries (recall=0.98).
Average Recall: 0.733933
Initial average recall with ef=100: 0.736224
Average Recall: 0.811133
Initial average recall with ef=150: 0.813601
Recall diff is too small for 1 consecutive steps, break.
Weighted average ef: 943.817
Training convergence-bucket 7 [48.5404, 54.8204) with 300 queries (recall=0.98).
Average Recall: 0.788333
Initial average recall with ef=100: 0.794565
Average Recall: 0.8563
Initial average recall with ef=150: 0.862065
Recall diff is too small for 1 consecutive steps, break.
Recall diff is too small for 1 consecutive steps, break.
Weighted average ef: 721.5
Training convergence-bucket 8 [54.8204, 64.7424) with 300 queries (recall=0.98).
Average Recall: 0.8599
Initial average recall with ef=100: 0.858755
Average Recall: 0.911204
Initial average recall with ef=150: 0.910676
Recall diff is too small for 1 consecutive steps, break.
Recall diff is too small for 1 consecutive steps, break.
Recall diff is too small for 1 consecutive steps, break.
Weighted average ef: 502.707
Training convergence-bucket 9 [64.7424, inf) with 300 queries (recall=0.98).
Average Recall: 0.94104
Initial average recall with ef=100: 0.942989
Average Recall: 0.964598
Initial average recall with ef=150: 0.963298
Recall diff is too small for 1 consecutive steps, break.
Weighted average ef: 219.8
Reconstructed True WAE: 1150.96 (Hard Pct: 0.00823333)
  Avg Ef Hard (bucketed): 3481.07 | Avg Ef Easy (bucketed): 1131.62

Dataset: msmarco
Metric: cd
Truncation ratio: 1
Normalize the data vectors
Data vectors dimensions: 8841823 x 1536
Query vectors dimensions: 6980 x 1536
Neighbors dimensions: 6980 x 1000
Using AVX Inner Product distance
Index loaded
Dimension of space:1536
Data size of space:6144
Ground truth computed in 2309475 ms
Sampling computing time: 2600567 ms
Loading samplings from /home/yc.shea/experiments/shiro-ef/sampling/msmarco-samplings--k1000-ef.bin
Samplings loaded from /home/yc.shea/experiments/shiro-ef/sampling/msmarco-samplings--k1000-ef.bin
Average Recall: 0.953913
Initial average recall with ef=1000: 0.954011
Average Recall: 0.973458
Initial average recall with ef=1500: 0.973531
Weighted average ef: 1377.23
EF-estimation table computing time: 174137 ms
Per-bucket recall: conv_p20=54.7226 hard_recall=0.95 easy_recall=0.98
Training convergence-bucket 0 [13.7411, 49.5293) with 300 queries (recall=0.95).
Average Recall: 0.86397
Initial average recall with ef=1000: 0.860909
Average Recall: 0.911523
Initial average recall with ef=1500: 0.909495
Weighted average ef: 2557.87
Training convergence-bucket 1 [49.5293, 54.7226) with 300 queries (recall=0.95).
Average Recall: 0.897813
Initial average recall with ef=1000: 0.894583
Average Recall: 0.93784
Initial average recall with ef=1500: 0.935738
Weighted average ef: 1954.44
Training convergence-bucket 2 [54.7226, 59.6962) with 300 queries (recall=0.98).
Average Recall: 0.915037
Initial average recall with ef=1000: 0.911511
Average Recall: 0.94923
Initial average recall with ef=1500: 0.946904
Weighted average ef: 2890.88
Training convergence-bucket 3 [59.6962, 69.4004) with 300 queries (recall=0.98).
Average Recall: 0.955096
Initial average recall with ef=1000: 0.953223
Average Recall: 0.976103
Initial average recall with ef=1500: 0.974907
Weighted average ef: 1860.85
Training convergence-bucket 4 [69.4004, 73.6055) with 300 queries (recall=0.98).
Average Recall: 0.973646
Initial average recall with ef=1000: 0.975038
Average Recall: 0.987336
Initial average recall with ef=1500: 0.988369
Weighted average ef: 1236.67
Training convergence-bucket 5 [73.6055, 76.8759) with 300 queries (recall=0.98).
Average Recall: 0.97901
Initial average recall with ef=1000: 0.978671
Average Recall: 0.990579
Initial average recall with ef=1500: 0.990466
Weighted average ef: 1231.67
Training convergence-bucket 6 [76.8759, 79.0543) with 300 queries (recall=0.98).
Average Recall: 0.982966
Initial average recall with ef=1000: 0.983896
Average Recall: 0.992459
Initial average recall with ef=1500: 0.99295
Weighted average ef: 1075
Training convergence-bucket 7 [79.0543, 80.953) with 300 queries (recall=0.98).
Average Recall: 0.987543
Initial average recall with ef=1000: 0.989697
Average Recall: 0.994896
Initial average recall with ef=1500: 0.996153
Weighted average ef: 971.667
Training convergence-bucket 8 [80.953, 82.819) with 300 queries (recall=0.98).
Average Recall: 0.991033
Initial average recall with ef=1000: 0.991553
Average Recall: 0.996786
Initial average recall with ef=1500: 0.997032
Weighted average ef: 980
Training convergence-bucket 9 [82.819, inf) with 300 queries (recall=0.98).
Average Recall: 0.992972
Initial average recall with ef=1000: 0.993832
Average Recall: 0.997756
Initial average recall with ef=1500: 0.998065
Weighted average ef: 941.667
Reconstructed True WAE: 1191.84 (Hard Pct: 0.0271333)
  Avg Ef Hard (bucketed): 2131.08 | Avg Ef Easy (bucketed): 1165.64

Dataset: cohere
Metric: cd
Truncation ratio: 1
Normalize the data vectors
Data vectors dimensions: 18380565 x 1024
Query vectors dimensions: 1677 x 1024
Neighbors dimensions: 1677 x 1000
Using AVX Inner Product distance
Index loaded
Dimension of space:1024
Data size of space:4096
Ground truth computed in 3550860 ms
Sampling computing time: 3869446 ms
Loading samplings from /home/yc.shea/experiments/shiro-ef/sampling/cohere-samplings--k1000-ef.bin
Samplings loaded from /home/yc.shea/experiments/shiro-ef/sampling/cohere-samplings--k1000-ef.bin
Average Recall: 0.949602
Initial average recall with ef=1000: 0.949743
Average Recall: 0.970867
Initial average recall with ef=1500: 0.971027
Weighted average ef: 1399.54
EF-estimation table computing time: 167909 ms
Per-bucket recall: conv_p20=53.6956 hard_recall=0.95 easy_recall=0.98
Training convergence-bucket 0 [7.12137, 47.2788) with 300 queries (recall=0.95).
Average Recall: 0.880264
Initial average recall with ef=1000: 0.874307
Average Recall: 0.920297
Initial average recall with ef=1500: 0.915931
Recall diff is too small for 1 consecutive steps, break.
Weighted average ef: 2448.28
Training convergence-bucket 1 [47.2788, 53.6956) with 300 queries (recall=0.95).
Average Recall: 0.892633
Initial average recall with ef=1000: 0.883615
Average Recall: 0.932667
Initial average recall with ef=1500: 0.92658
Weighted average ef: 1977.89
Training convergence-bucket 2 [53.6956, 62.295) with 300 queries (recall=0.98).
Average Recall: 0.934647
Initial average recall with ef=1000: 0.931992
Average Recall: 0.962513
Initial average recall with ef=1500: 0.960966
Weighted average ef: 2247.67
Training convergence-bucket 3 [62.295, 66.7162) with 300 queries (recall=0.98).
Average Recall: 0.95837
Initial average recall with ef=1000: 0.957904
Average Recall: 0.97782
Initial average recall with ef=1500: 0.977638
Weighted average ef: 1761.89
Training convergence-bucket 4 [66.7162, 69.9602) with 300 queries (recall=0.98).
Average Recall: 0.961089
Initial average recall with ef=1000: 0.961336
Average Recall: 0.979833
Initial average recall with ef=1500: 0.980146
Weighted average ef: 1545.46
Training convergence-bucket 5 [69.9602, 72.4964) with 300 queries (recall=0.98).
Average Recall: 0.965393
Initial average recall with ef=1000: 0.96585
Average Recall: 0.9825
Initial average recall with ef=1500: 0.982962
Weighted average ef: 1545
Training convergence-bucket 6 [72.4964, 74.83) with 300 queries (recall=0.98).
Average Recall: 0.97238
Initial average recall with ef=1000: 0.973655
Average Recall: 0.986429
Initial average recall with ef=1500: 0.987525
Weighted average ef: 1299.79
Training convergence-bucket 7 [74.83, 76.9645) with 300 queries (recall=0.98).
Average Recall: 0.972957
Initial average recall with ef=1000: 0.973571
Average Recall: 0.987229
Initial average recall with ef=1500: 0.987721
Weighted average ef: 1333.33
Training convergence-bucket 8 [76.9645, 79.6261) with 300 queries (recall=0.98).
Average Recall: 0.979266
Initial average recall with ef=1000: 0.981312
Average Recall: 0.990536
Initial average recall with ef=1500: 0.991888
Weighted average ef: 1171.67
Training convergence-bucket 9 [79.6261, inf) with 300 queries (recall=0.98).
Average Recall: 0.978996
Initial average recall with ef=1000: 0.983149
Average Recall: 0.988803
Initial average recall with ef=1500: 0.992287
Weighted average ef: 1055
Reconstructed True WAE: 1325.43 (Hard Pct: 0.0192333)
  Avg Ef Hard (bucketed): 2242.81 | Avg Ef Easy (bucketed): 1307.44
Starting per-query result experiments...


Dataset: deep-image-96-angular
Metric: cd
Truncation Ratio: 1
Normalize the data vectors
Data vectors dimensions: 9990000 x 96
Query vectors dimensions: 10000 x 96
Neighbors dimensions: 10000 x 100
Using AVX Inner Product distance
Index loaded
Dimension of space:96
Data size of space:384
****Weighted average ef: 258

=== Summary (Iteration 1/3) ===
Average Latency: 1.72183e+06 ns
Average Recall: 0.986031
Total Latency: 17.2183 seconds

=== Summary (Iteration 2/3) ===
Average Latency: 1.6338e+06 ns
Average Recall: 0.986031
Total Latency: 16.338 seconds

=== Summary (Iteration 3/3) ===
Average Latency: 1.66902e+06 ns
Average Recall: 0.986031
Total Latency: 16.6902 seconds

Per-query results (median latency per query) have been written to research/csv/per_query_results_deep-image-96-angular.csv

=== Final Summary (Median Iteration) ===
Average Latency: 1.63889e+06 ns
Total Latency: 16.3889 seconds
Average Recall: 0.986031
5th percentile recall: 0.95
1st percentile recall: 0.92
Experiment finished.

======================================
Testing ef: 100
Per-query results appended to research/csv/per_query_baseline_deep-image-96-angular.csv

=== Summary for ef 100 ===
Average Recall: 0.858459
5th percentile recall: 0.6
1st percentile recall: 0.46

Total Latency: 3.19449 seconds
Average Latency: 319449 ns

======================================
Testing ef: 200
Per-query results appended to research/csv/per_query_baseline_deep-image-96-angular.csv

=== Summary for ef 200 ===
Average Recall: 0.935477
5th percentile recall: 0.76
1st percentile recall: 0.63

Total Latency: 8.18397 seconds
Average Latency: 818397 ns

======================================
Testing ef: 300
Per-query results appended to research/csv/per_query_baseline_deep-image-96-angular.csv

=== Summary for ef 300 ===
Average Recall: 0.961983
5th percentile recall: 0.84
1st percentile recall: 0.72

Total Latency: 11.8087 seconds
Average Latency: 1.18087e+06 ns

======================================
Testing ef: 400
Per-query results appended to research/csv/per_query_baseline_deep-image-96-angular.csv

=== Summary for ef 400 ===
Average Recall: 0.974622
5th percentile recall: 0.88
1st percentile recall: 0.77

Total Latency: 14.1967 seconds
Average Latency: 1.41967e+06 ns

======================================
Testing ef: 500
Per-query results appended to research/csv/per_query_baseline_deep-image-96-angular.csv

=== Summary for ef 500 ===
Average Recall: 0.981729
5th percentile recall: 0.91
1st percentile recall: 0.82

Total Latency: 18.8648 seconds
Average Latency: 1.88648e+06 ns

======================================
Testing ef: 600
Per-query results appended to research/csv/per_query_baseline_deep-image-96-angular.csv

=== Summary for ef 600 ===
Average Recall: 0.986145
5th percentile recall: 0.93
1st percentile recall: 0.85

Total Latency: 20.3592 seconds
Average Latency: 2.03592e+06 ns

======================================
Testing ef: 700
Per-query results appended to research/csv/per_query_baseline_deep-image-96-angular.csv

=== Summary for ef 700 ===
Average Recall: 0.989089
5th percentile recall: 0.94
1st percentile recall: 0.87

Total Latency: 24.0563 seconds
Average Latency: 2.40563e+06 ns

======================================
Testing ef: 800
Per-query results appended to research/csv/per_query_baseline_deep-image-96-angular.csv

=== Summary for ef 800 ===
Average Recall: 0.991205
5th percentile recall: 0.95
1st percentile recall: 0.89

Total Latency: 27.8932 seconds
Average Latency: 2.78932e+06 ns

======================================
Testing ef: 1000
Per-query results appended to research/csv/per_query_baseline_deep-image-96-angular.csv

=== Summary for ef 1000 ===
Average Recall: 0.993988
5th percentile recall: 0.97
1st percentile recall: 0.92

Total Latency: 32.9395 seconds
Average Latency: 3.29395e+06 ns

======================================
Testing ef: 1200
Per-query results appended to research/csv/per_query_baseline_deep-image-96-angular.csv

=== Summary for ef 1200 ===
Average Recall: 0.995624
5th percentile recall: 0.97
1st percentile recall: 0.93

Total Latency: 38.7187 seconds
Average Latency: 3.87187e+06 ns

======================================
Testing ef: 1400
Per-query results appended to research/csv/per_query_baseline_deep-image-96-angular.csv

=== Summary for ef 1400 ===
Average Recall: 0.996625
5th percentile recall: 0.98
1st percentile recall: 0.94

Total Latency: 43.9849 seconds
Average Latency: 4.39849e+06 ns

======================================
Testing ef: 1600
Per-query results appended to research/csv/per_query_baseline_deep-image-96-angular.csv

=== Summary for ef 1600 ===
Average Recall: 0.997364
5th percentile recall: 0.98
1st percentile recall: 0.95

Total Latency: 51.1079 seconds
Average Latency: 5.11079e+06 ns

======================================
Testing ef: 2000
Per-query results appended to research/csv/per_query_baseline_deep-image-96-angular.csv

=== Summary for ef 2000 ===
Average Recall: 0.99822
5th percentile recall: 0.99
1st percentile recall: 0.97

Total Latency: 60.2655 seconds
Average Latency: 6.02655e+06 ns

======================================
Testing ef: 2400
Per-query results appended to research/csv/per_query_baseline_deep-image-96-angular.csv

=== Summary for ef 2400 ===
Average Recall: 0.998738
5th percentile recall: 0.99
1st percentile recall: 0.97

Total Latency: 72.0701 seconds
Average Latency: 7.20701e+06 ns

======================================
Testing ef: 2800
Per-query results appended to research/csv/per_query_baseline_deep-image-96-angular.csv

=== Summary for ef 2800 ===
Average Recall: 0.999036
5th percentile recall: 0.99
1st percentile recall: 0.98

Total Latency: 82.5052 seconds
Average Latency: 8.25052e+06 ns

======================================
Testing ef: 3200
Per-query results appended to research/csv/per_query_baseline_deep-image-96-angular.csv

=== Summary for ef 3200 ===
Average Recall: 0.999247
5th percentile recall: 1
1st percentile recall: 0.98

Total Latency: 95.1724 seconds
Average Latency: 9.51724e+06 ns

======================================
Testing ef: 3600
Per-query results appended to research/csv/per_query_baseline_deep-image-96-angular.csv

=== Summary for ef 3600 ===
Average Recall: 0.999395
5th percentile recall: 1
1st percentile recall: 0.99

Total Latency: 107.945 seconds
Average Latency: 1.07945e+07 ns

======================================
Testing ef: 4000
Per-query results appended to research/csv/per_query_baseline_deep-image-96-angular.csv

=== Summary for ef 4000 ===
Average Recall: 0.999511
5th percentile recall: 1
1st percentile recall: 0.99

Total Latency: 116.973 seconds
Average Latency: 1.16973e+07 ns

======================================
Testing ef: 4400
Per-query results appended to research/csv/per_query_baseline_deep-image-96-angular.csv

=== Summary for ef 4400 ===
Average Recall: 0.999571
5th percentile recall: 1
1st percentile recall: 0.99

Total Latency: 128.321 seconds
Average Latency: 1.28321e+07 ns

======================================
Testing ef: 4800
Per-query results appended to research/csv/per_query_baseline_deep-image-96-angular.csv

=== Summary for ef 4800 ===
Average Recall: 0.999633
5th percentile recall: 1
1st percentile recall: 0.99

Total Latency: 140.023 seconds
Average Latency: 1.40023e+07 ns

======================================
Testing ef: 5200
Per-query results appended to research/csv/per_query_baseline_deep-image-96-angular.csv

=== Summary for ef 5200 ===
Average Recall: 0.999681
5th percentile recall: 1
1st percentile recall: 0.99

Total Latency: 149.424 seconds
Average Latency: 1.49424e+07 ns
Experiment finished
Dataset: glove-100-angular
Metric: cd
Truncation Ratio: 1
Normalize the data vectors
Data vectors dimensions: 1183514 x 100
Query vectors dimensions: 10000 x 100
Neighbors dimensions: 10000 x 100
Using AVX Inner Product distance
Index loaded
Dimension of space:100
Data size of space:400
****Weighted average ef: 1426

=== Summary (Iteration 1/3) ===
Average Latency: 6.3981e+06 ns
Average Recall: 0.978517
Total Latency: 63.981 seconds

=== Summary (Iteration 2/3) ===
Average Latency: 6.37272e+06 ns
Average Recall: 0.978517
Total Latency: 63.7272 seconds

=== Summary (Iteration 3/3) ===
Average Latency: 6.31196e+06 ns
Average Recall: 0.978517
Total Latency: 63.1196 seconds

Per-query results (median latency per query) have been written to research/csv/per_query_results_glove-100-angular.csv

=== Final Summary (Median Iteration) ===
Average Latency: 6.2658e+06 ns
Total Latency: 62.658 seconds
Average Recall: 0.978517
5th percentile recall: 0.92
1st percentile recall: 0.88
Experiment finished.

======================================
Testing ef: 100
Per-query results appended to research/csv/per_query_baseline_glove-100-angular.csv

=== Summary for ef 100 ===
Average Recall: 0.692471
5th percentile recall: 0.21
1st percentile recall: 0.13

Total Latency: 2.92612 seconds
Average Latency: 292612 ns

======================================
Testing ef: 200
Per-query results appended to research/csv/per_query_baseline_glove-100-angular.csv

=== Summary for ef 200 ===
Average Recall: 0.780586
5th percentile recall: 0.34
1st percentile recall: 0.23

Total Latency: 5.44683 seconds
Average Latency: 544683 ns

======================================
Testing ef: 300
Per-query results appended to research/csv/per_query_baseline_glove-100-angular.csv

=== Summary for ef 300 ===
Average Recall: 0.823567
5th percentile recall: 0.42
1st percentile recall: 0.31

Total Latency: 7.72208 seconds
Average Latency: 772208 ns

======================================
Testing ef: 400
Per-query results appended to research/csv/per_query_baseline_glove-100-angular.csv

=== Summary for ef 400 ===
Average Recall: 0.850391
5th percentile recall: 0.48
1st percentile recall: 0.37

Total Latency: 10.2207 seconds
Average Latency: 1.02207e+06 ns

======================================
Testing ef: 500
Per-query results appended to research/csv/per_query_baseline_glove-100-angular.csv

=== Summary for ef 500 ===
Average Recall: 0.869853
5th percentile recall: 0.52
1st percentile recall: 0.41

Total Latency: 12.5868 seconds
Average Latency: 1.25868e+06 ns

======================================
Testing ef: 600
Per-query results appended to research/csv/per_query_baseline_glove-100-angular.csv

=== Summary for ef 600 ===
Average Recall: 0.884764
5th percentile recall: 0.56
1st percentile recall: 0.45

Total Latency: 14.908 seconds
Average Latency: 1.4908e+06 ns

======================================
Testing ef: 700
Per-query results appended to research/csv/per_query_baseline_glove-100-angular.csv

=== Summary for ef 700 ===
Average Recall: 0.896339
5th percentile recall: 0.59
1st percentile recall: 0.49

Total Latency: 17.2047 seconds
Average Latency: 1.72047e+06 ns

======================================
Testing ef: 800
Per-query results appended to research/csv/per_query_baseline_glove-100-angular.csv

=== Summary for ef 800 ===
Average Recall: 0.905889
5th percentile recall: 0.62
1st percentile recall: 0.52

Total Latency: 19.5696 seconds
Average Latency: 1.95696e+06 ns

======================================
Testing ef: 1000
Per-query results appended to research/csv/per_query_baseline_glove-100-angular.csv

=== Summary for ef 1000 ===
Average Recall: 0.921071
5th percentile recall: 0.68
1st percentile recall: 0.57

Total Latency: 23.9952 seconds
Average Latency: 2.39952e+06 ns

======================================
Testing ef: 1200
Per-query results appended to research/csv/per_query_baseline_glove-100-angular.csv

=== Summary for ef 1200 ===
Average Recall: 0.932159
5th percentile recall: 0.72
1st percentile recall: 0.62

Total Latency: 28.5225 seconds
Average Latency: 2.85225e+06 ns

======================================
Testing ef: 1400
Per-query results appended to research/csv/per_query_baseline_glove-100-angular.csv

=== Summary for ef 1400 ===
Average Recall: 0.940925
5th percentile recall: 0.75
1st percentile recall: 0.65

Total Latency: 33.5505 seconds
Average Latency: 3.35505e+06 ns

======================================
Testing ef: 1600
Per-query results appended to research/csv/per_query_baseline_glove-100-angular.csv

=== Summary for ef 1600 ===
Average Recall: 0.947888
5th percentile recall: 0.77
1st percentile recall: 0.68

Total Latency: 37.8452 seconds
Average Latency: 3.78452e+06 ns

======================================
Testing ef: 2000
Per-query results appended to research/csv/per_query_baseline_glove-100-angular.csv

=== Summary for ef 2000 ===
Average Recall: 0.958143
5th percentile recall: 0.81
1st percentile recall: 0.73

Total Latency: 47.3499 seconds
Average Latency: 4.73499e+06 ns

======================================
Testing ef: 2400
Per-query results appended to research/csv/per_query_baseline_glove-100-angular.csv

=== Summary for ef 2400 ===
Average Recall: 0.96557
5th percentile recall: 0.84
1st percentile recall: 0.77

Total Latency: 56.4461 seconds
Average Latency: 5.64461e+06 ns

======================================
Testing ef: 2800
Per-query results appended to research/csv/per_query_baseline_glove-100-angular.csv

=== Summary for ef 2800 ===
Average Recall: 0.971166
5th percentile recall: 0.86
1st percentile recall: 0.8

Total Latency: 65.4808 seconds
Average Latency: 6.54808e+06 ns

======================================
Testing ef: 3200
Per-query results appended to research/csv/per_query_baseline_glove-100-angular.csv

=== Summary for ef 3200 ===
Average Recall: 0.975521
5th percentile recall: 0.88
1st percentile recall: 0.82

Total Latency: 73.7579 seconds
Average Latency: 7.37579e+06 ns

======================================
Testing ef: 3600
Per-query results appended to research/csv/per_query_baseline_glove-100-angular.csv

=== Summary for ef 3600 ===
Average Recall: 0.978893
5th percentile recall: 0.9
1st percentile recall: 0.84

Total Latency: 83.3785 seconds
Average Latency: 8.33785e+06 ns

======================================
Testing ef: 4000
Per-query results appended to research/csv/per_query_baseline_glove-100-angular.csv

=== Summary for ef 4000 ===
Average Recall: 0.981611
5th percentile recall: 0.91
1st percentile recall: 0.86

Total Latency: 92.5828 seconds
Average Latency: 9.25828e+06 ns

======================================
Testing ef: 4400
Per-query results appended to research/csv/per_query_baseline_glove-100-angular.csv

=== Summary for ef 4400 ===
Average Recall: 0.983885
5th percentile recall: 0.92
1st percentile recall: 0.87

Total Latency: 101.74 seconds
Average Latency: 1.0174e+07 ns

======================================
Testing ef: 4800
Per-query results appended to research/csv/per_query_baseline_glove-100-angular.csv

=== Summary for ef 4800 ===
Average Recall: 0.985818
5th percentile recall: 0.93
1st percentile recall: 0.88

Total Latency: 110.855 seconds
Average Latency: 1.10855e+07 ns

======================================
Testing ef: 5200
Per-query results appended to research/csv/per_query_baseline_glove-100-angular.csv

=== Summary for ef 5200 ===
Average Recall: 0.987403
5th percentile recall: 0.93
1st percentile recall: 0.89

Total Latency: 119.902 seconds
Average Latency: 1.19902e+07 ns
Experiment finished
Dataset: word2vec-300-angular
Metric: cd
Truncation Ratio: 1
Normalize the data vectors
Data vectors dimensions: 1000000 x 300
Query vectors dimensions: 1000 x 300
Neighbors dimensions: 1000 x 100
Using AVX Inner Product distance
Index loaded
Dimension of space:300
Data size of space:1200
****Weighted average ef: 266

=== Summary (Iteration 1/3) ===
Average Latency: 2.21799e+06 ns
Average Recall: 0.9768
Total Latency: 2.21799 seconds

=== Summary (Iteration 2/3) ===
Average Latency: 2.2075e+06 ns
Average Recall: 0.9768
Total Latency: 2.2075 seconds

=== Summary (Iteration 3/3) ===
Average Latency: 2.20022e+06 ns
Average Recall: 0.9768
Total Latency: 2.20022 seconds

Per-query results (median latency per query) have been written to research/csv/per_query_results_word2vec-300-angular.csv

=== Final Summary (Median Iteration) ===
Average Latency: 2.2004e+06 ns
Total Latency: 2.2004 seconds
Average Recall: 0.9768
5th percentile recall: 0.89
1st percentile recall: 0.82
Experiment finished.

======================================
Testing ef: 100
Per-query results appended to research/csv/per_query_baseline_word2vec-300-angular.csv

=== Summary for ef 100 ===
Average Recall: 0.86714
5th percentile recall: 0.59
1st percentile recall: 0.46

Total Latency: 0.475346 seconds
Average Latency: 475346 ns

======================================
Testing ef: 200
Per-query results appended to research/csv/per_query_baseline_word2vec-300-angular.csv

=== Summary for ef 200 ===
Average Recall: 0.9319
5th percentile recall: 0.74
1st percentile recall: 0.6

Total Latency: 0.850563 seconds
Average Latency: 850563 ns

======================================
Testing ef: 300
Per-query results appended to research/csv/per_query_baseline_word2vec-300-angular.csv

=== Summary for ef 300 ===
Average Recall: 0.95406
5th percentile recall: 0.8
1st percentile recall: 0.66

Total Latency: 1.20344 seconds
Average Latency: 1.20344e+06 ns

======================================
Testing ef: 400
Per-query results appended to research/csv/per_query_baseline_word2vec-300-angular.csv

=== Summary for ef 400 ===
Average Recall: 0.96575
5th percentile recall: 0.84
1st percentile recall: 0.72

Total Latency: 1.54079 seconds
Average Latency: 1.54079e+06 ns

======================================
Testing ef: 500
Per-query results appended to research/csv/per_query_baseline_word2vec-300-angular.csv

=== Summary for ef 500 ===
Average Recall: 0.97232
5th percentile recall: 0.86
1st percentile recall: 0.75

Total Latency: 1.87383 seconds
Average Latency: 1.87383e+06 ns

======================================
Testing ef: 600
Per-query results appended to research/csv/per_query_baseline_word2vec-300-angular.csv

=== Summary for ef 600 ===
Average Recall: 0.9767
5th percentile recall: 0.87
1st percentile recall: 0.78

Total Latency: 2.22394 seconds
Average Latency: 2.22394e+06 ns

======================================
Testing ef: 700
Per-query results appended to research/csv/per_query_baseline_word2vec-300-angular.csv

=== Summary for ef 700 ===
Average Recall: 0.97979
5th percentile recall: 0.89
1st percentile recall: 0.79

Total Latency: 2.51253 seconds
Average Latency: 2.51253e+06 ns

======================================
Testing ef: 800
Per-query results appended to research/csv/per_query_baseline_word2vec-300-angular.csv

=== Summary for ef 800 ===
Average Recall: 0.98183
5th percentile recall: 0.9
1st percentile recall: 0.81

Total Latency: 2.80968 seconds
Average Latency: 2.80968e+06 ns

======================================
Testing ef: 1000
Per-query results appended to research/csv/per_query_baseline_word2vec-300-angular.csv

=== Summary for ef 1000 ===
Average Recall: 0.98507
5th percentile recall: 0.92
1st percentile recall: 0.84

Total Latency: 3.40965 seconds
Average Latency: 3.40965e+06 ns

======================================
Testing ef: 1200
Per-query results appended to research/csv/per_query_baseline_word2vec-300-angular.csv

=== Summary for ef 1200 ===
Average Recall: 0.98723
5th percentile recall: 0.93
1st percentile recall: 0.85

Total Latency: 4.01101 seconds
Average Latency: 4.01101e+06 ns
Experiment finished
Dataset: sift10m-128-euclidean
Metric: l2
Truncation Ratio: 1
Data vectors dimensions: 10000000 x 128
Query vectors dimensions: 1000 x 128
Neighbors dimensions: 1000 x 100
Index loaded
Dimension of space:128
Data size of space:512
****Weighted average ef: 189

=== Summary (Iteration 1/3) ===
Average Latency: 1.5075e+06 ns
Average Recall: 0.98493
Total Latency: 1.5075 seconds

=== Summary (Iteration 2/3) ===
Average Latency: 1.51233e+06 ns
Average Recall: 0.98493
Total Latency: 1.51233 seconds

=== Summary (Iteration 3/3) ===
Average Latency: 1.49688e+06 ns
Average Recall: 0.98493
Total Latency: 1.49688 seconds

Per-query results (median latency per query) have been written to research/csv/per_query_results_sift10m-128-euclidean.csv

=== Final Summary (Median Iteration) ===
Average Latency: 1.49622e+06 ns
Total Latency: 1.49622 seconds
Average Recall: 0.98493
5th percentile recall: 0.95
1st percentile recall: 0.92
Experiment finished.

======================================
Testing ef: 100
Per-query results appended to research/csv/per_query_baseline_sift10m-128-euclidean.csv

=== Summary for ef 100 ===
Average Recall: 0.86051
5th percentile recall: 0.64
1st percentile recall: 0.53

Total Latency: 0.362316 seconds
Average Latency: 362316 ns

======================================
Testing ef: 200
Per-query results appended to research/csv/per_query_baseline_sift10m-128-euclidean.csv

=== Summary for ef 200 ===
Average Recall: 0.94072
5th percentile recall: 0.8
1st percentile recall: 0.72

Total Latency: 0.674219 seconds
Average Latency: 674219 ns

======================================
Testing ef: 300
Per-query results appended to research/csv/per_query_baseline_sift10m-128-euclidean.csv

=== Summary for ef 300 ===
Average Recall: 0.96723
5th percentile recall: 0.87
1st percentile recall: 0.79

Total Latency: 0.978972 seconds
Average Latency: 978972 ns

======================================
Testing ef: 400
Per-query results appended to research/csv/per_query_baseline_sift10m-128-euclidean.csv

=== Summary for ef 400 ===
Average Recall: 0.97948
5th percentile recall: 0.91
1st percentile recall: 0.86

Total Latency: 1.27648 seconds
Average Latency: 1.27648e+06 ns

======================================
Testing ef: 500
Per-query results appended to research/csv/per_query_baseline_sift10m-128-euclidean.csv

=== Summary for ef 500 ===
Average Recall: 0.98597
5th percentile recall: 0.94
1st percentile recall: 0.89

Total Latency: 1.57353 seconds
Average Latency: 1.57353e+06 ns

======================================
Testing ef: 600
Per-query results appended to research/csv/per_query_baseline_sift10m-128-euclidean.csv

=== Summary for ef 600 ===
Average Recall: 0.98965
5th percentile recall: 0.95
1st percentile recall: 0.91

Total Latency: 1.86504 seconds
Average Latency: 1.86504e+06 ns

======================================
Testing ef: 700
Per-query results appended to research/csv/per_query_baseline_sift10m-128-euclidean.csv

=== Summary for ef 700 ===
Average Recall: 0.99237
5th percentile recall: 0.96
1st percentile recall: 0.92

Total Latency: 2.15228 seconds
Average Latency: 2.15228e+06 ns

======================================
Testing ef: 800
Per-query results appended to research/csv/per_query_baseline_sift10m-128-euclidean.csv

=== Summary for ef 800 ===
Average Recall: 0.99412
5th percentile recall: 0.97
1st percentile recall: 0.94

Total Latency: 2.43933 seconds
Average Latency: 2.43933e+06 ns

======================================
Testing ef: 1000
Per-query results appended to research/csv/per_query_baseline_sift10m-128-euclidean.csv

=== Summary for ef 1000 ===
Average Recall: 0.99612
5th percentile recall: 0.98
1st percentile recall: 0.95

Total Latency: 3.00983 seconds
Average Latency: 3.00983e+06 ns

======================================
Testing ef: 1200
Per-query results appended to research/csv/per_query_baseline_sift10m-128-euclidean.csv

=== Summary for ef 1200 ===
Average Recall: 0.99736
5th percentile recall: 0.98
1st percentile recall: 0.96

Total Latency: 3.57486 seconds
Average Latency: 3.57486e+06 ns
Experiment finished
Dataset: gist-960-euclidean
Metric: l2
Truncation Ratio: 1
Data vectors dimensions: 1000000 x 960
Query vectors dimensions: 1000 x 960
Neighbors dimensions: 1000 x 100
Index loaded
Dimension of space:960
Data size of space:3840
****Weighted average ef: 561

=== Summary (Iteration 1/3) ===
Average Latency: 8.47897e+06 ns
Average Recall: 0.98183
Total Latency: 8.47897 seconds

=== Summary (Iteration 2/3) ===
Average Latency: 8.49559e+06 ns
Average Recall: 0.98183
Total Latency: 8.49559 seconds

=== Summary (Iteration 3/3) ===
Average Latency: 8.64394e+06 ns
Average Recall: 0.98183
Total Latency: 8.64394 seconds

Per-query results (median latency per query) have been written to research/csv/per_query_results_gist-960-euclidean.csv

=== Final Summary (Median Iteration) ===
Average Latency: 8.47148e+06 ns
Total Latency: 8.47148 seconds
Average Recall: 0.98183
5th percentile recall: 0.94
1st percentile recall: 0.91
Experiment finished.

======================================
Testing ef: 100
Per-query results appended to research/csv/per_query_baseline_gist-960-euclidean.csv

=== Summary for ef 100 ===
Average Recall: 0.72898
5th percentile recall: 0.48
1st percentile recall: 0.39

Total Latency: 1.07785 seconds
Average Latency: 1.07785e+06 ns

======================================
Testing ef: 200
Per-query results appended to research/csv/per_query_baseline_gist-960-euclidean.csv

=== Summary for ef 200 ===
Average Recall: 0.85125
5th percentile recall: 0.65
1st percentile recall: 0.57

Total Latency: 1.96892 seconds
Average Latency: 1.96892e+06 ns

======================================
Testing ef: 300
Per-query results appended to research/csv/per_query_baseline_gist-960-euclidean.csv

=== Summary for ef 300 ===
Average Recall: 0.90331
5th percentile recall: 0.75
1st percentile recall: 0.67

Total Latency: 2.82428 seconds
Average Latency: 2.82428e+06 ns

======================================
Testing ef: 400
Per-query results appended to research/csv/per_query_baseline_gist-960-euclidean.csv

=== Summary for ef 400 ===
Average Recall: 0.93082
5th percentile recall: 0.8
1st percentile recall: 0.73

Total Latency: 3.6456 seconds
Average Latency: 3.6456e+06 ns

======================================
Testing ef: 500
Per-query results appended to research/csv/per_query_baseline_gist-960-euclidean.csv

=== Summary for ef 500 ===
Average Recall: 0.94723
5th percentile recall: 0.84
1st percentile recall: 0.78

Total Latency: 4.47489 seconds
Average Latency: 4.47489e+06 ns

======================================
Testing ef: 600
Per-query results appended to research/csv/per_query_baseline_gist-960-euclidean.csv

=== Summary for ef 600 ===
Average Recall: 0.95876
5th percentile recall: 0.87
1st percentile recall: 0.81

Total Latency: 5.22199 seconds
Average Latency: 5.22199e+06 ns

======================================
Testing ef: 700
Per-query results appended to research/csv/per_query_baseline_gist-960-euclidean.csv

=== Summary for ef 700 ===
Average Recall: 0.96664
5th percentile recall: 0.89
1st percentile recall: 0.83

Total Latency: 5.87578 seconds
Average Latency: 5.87578e+06 ns

======================================
Testing ef: 800
Per-query results appended to research/csv/per_query_baseline_gist-960-euclidean.csv

=== Summary for ef 800 ===
Average Recall: 0.97186
5th percentile recall: 0.9
1st percentile recall: 0.85

Total Latency: 6.58431 seconds
Average Latency: 6.58431e+06 ns

======================================
Testing ef: 1000
Per-query results appended to research/csv/per_query_baseline_gist-960-euclidean.csv

=== Summary for ef 1000 ===
Average Recall: 0.97985
5th percentile recall: 0.93
1st percentile recall: 0.88

Total Latency: 7.98572 seconds
Average Latency: 7.98572e+06 ns

======================================
Testing ef: 1200
Per-query results appended to research/csv/per_query_baseline_gist-960-euclidean.csv

=== Summary for ef 1200 ===
Average Recall: 0.98449
5th percentile recall: 0.94
1st percentile recall: 0.9

Total Latency: 9.3644 seconds
Average Latency: 9.3644e+06 ns

======================================
Testing ef: 1400
Per-query results appended to research/csv/per_query_baseline_gist-960-euclidean.csv

=== Summary for ef 1400 ===
Average Recall: 0.98749
5th percentile recall: 0.95
1st percentile recall: 0.92

Total Latency: 10.9147 seconds
Average Latency: 1.09147e+07 ns

======================================
Testing ef: 1600
Per-query results appended to research/csv/per_query_baseline_gist-960-euclidean.csv

=== Summary for ef 1600 ===
Average Recall: 0.98953
5th percentile recall: 0.96
1st percentile recall: 0.93

Total Latency: 12.3324 seconds
Average Latency: 1.23324e+07 ns

======================================
Testing ef: 2000
Per-query results appended to research/csv/per_query_baseline_gist-960-euclidean.csv

=== Summary for ef 2000 ===
Average Recall: 0.99245
5th percentile recall: 0.96
1st percentile recall: 0.94

Total Latency: 14.7326 seconds
Average Latency: 1.47326e+07 ns

======================================
Testing ef: 2400
Per-query results appended to research/csv/per_query_baseline_gist-960-euclidean.csv

=== Summary for ef 2400 ===
Average Recall: 0.99414
5th percentile recall: 0.97
1st percentile recall: 0.95

Total Latency: 17.4309 seconds
Average Latency: 1.74309e+07 ns

======================================
Testing ef: 2800
Per-query results appended to research/csv/per_query_baseline_gist-960-euclidean.csv

=== Summary for ef 2800 ===
Average Recall: 0.99516
5th percentile recall: 0.97
1st percentile recall: 0.95

Total Latency: 19.5502 seconds
Average Latency: 1.95502e+07 ns

======================================
Testing ef: 3200
Per-query results appended to research/csv/per_query_baseline_gist-960-euclidean.csv

=== Summary for ef 3200 ===
Average Recall: 0.99592
5th percentile recall: 0.98
1st percentile recall: 0.96

Total Latency: 22.2105 seconds
Average Latency: 2.22105e+07 ns

======================================
Testing ef: 3600
Per-query results appended to research/csv/per_query_baseline_gist-960-euclidean.csv

=== Summary for ef 3600 ===
Average Recall: 0.99645
5th percentile recall: 0.98
1st percentile recall: 0.96

Total Latency: 24.7242 seconds
Average Latency: 2.47242e+07 ns

======================================
Testing ef: 4000
Per-query results appended to research/csv/per_query_baseline_gist-960-euclidean.csv

=== Summary for ef 4000 ===
Average Recall: 0.99684
5th percentile recall: 0.98
1st percentile recall: 0.96

Total Latency: 27.1443 seconds
Average Latency: 2.71443e+07 ns

======================================
Testing ef: 4400
Per-query results appended to research/csv/per_query_baseline_gist-960-euclidean.csv

=== Summary for ef 4400 ===
Average Recall: 0.99711
5th percentile recall: 0.98
1st percentile recall: 0.96

Total Latency: 29.3012 seconds
Average Latency: 2.93012e+07 ns

======================================
Testing ef: 4800
Per-query results appended to research/csv/per_query_baseline_gist-960-euclidean.csv

=== Summary for ef 4800 ===
Average Recall: 0.99731
5th percentile recall: 0.98
1st percentile recall: 0.97

Total Latency: 31.0021 seconds
Average Latency: 3.10021e+07 ns

======================================
Testing ef: 5200
Per-query results appended to research/csv/per_query_baseline_gist-960-euclidean.csv

=== Summary for ef 5200 ===
Average Recall: 0.99765
5th percentile recall: 0.99
1st percentile recall: 0.97

Total Latency: 33.1228 seconds
Average Latency: 3.31228e+07 ns
Experiment finished
Dataset: tiny5m-384-euclidean
Metric: l2
Truncation Ratio: 1
Data vectors dimensions: 5000000 x 384
Query vectors dimensions: 1000 x 384
Neighbors dimensions: 1000 x 100
Index loaded
Dimension of space:384
Data size of space:1536
****Weighted average ef: 1150

=== Summary (Iteration 1/3) ===
Average Latency: 1.03057e+07 ns
Average Recall: 0.97662
Total Latency: 10.3057 seconds

=== Summary (Iteration 2/3) ===
Average Latency: 1.04159e+07 ns
Average Recall: 0.97662
Total Latency: 10.4159 seconds

=== Summary (Iteration 3/3) ===
Average Latency: 1.0423e+07 ns
Average Recall: 0.97662
Total Latency: 10.423 seconds

Per-query results (median latency per query) have been written to research/csv/per_query_results_tiny5m-384-euclidean.csv

=== Final Summary (Median Iteration) ===
Average Latency: 1.03133e+07 ns
Total Latency: 10.3133 seconds
Average Recall: 0.97662
5th percentile recall: 0.93
1st percentile recall: 0.88
Experiment finished.

======================================
Testing ef: 100
Per-query results appended to research/csv/per_query_baseline_tiny5m-384-euclidean.csv

=== Summary for ef 100 ===
Average Recall: 0.66538
5th percentile recall: 0.32
1st percentile recall: 0.25

Total Latency: 0.735908 seconds
Average Latency: 735908 ns

======================================
Testing ef: 200
Per-query results appended to research/csv/per_query_baseline_tiny5m-384-euclidean.csv

=== Summary for ef 200 ===
Average Recall: 0.78298
5th percentile recall: 0.47
1st percentile recall: 0.37

Total Latency: 1.34814 seconds
Average Latency: 1.34814e+06 ns

======================================
Testing ef: 300
Per-query results appended to research/csv/per_query_baseline_tiny5m-384-euclidean.csv

=== Summary for ef 300 ===
Average Recall: 0.84094
5th percentile recall: 0.57
1st percentile recall: 0.48

Total Latency: 1.97395 seconds
Average Latency: 1.97395e+06 ns

======================================
Testing ef: 400
Per-query results appended to research/csv/per_query_baseline_tiny5m-384-euclidean.csv

=== Summary for ef 400 ===
Average Recall: 0.87422
5th percentile recall: 0.63
1st percentile recall: 0.53

Total Latency: 2.55852 seconds
Average Latency: 2.55852e+06 ns

======================================
Testing ef: 500
Per-query results appended to research/csv/per_query_baseline_tiny5m-384-euclidean.csv

=== Summary for ef 500 ===
Average Recall: 0.8957
5th percentile recall: 0.68
1st percentile recall: 0.57

Total Latency: 3.18134 seconds
Average Latency: 3.18134e+06 ns

======================================
Testing ef: 600
Per-query results appended to research/csv/per_query_baseline_tiny5m-384-euclidean.csv

=== Summary for ef 600 ===
Average Recall: 0.91109
5th percentile recall: 0.72
1st percentile recall: 0.61

Total Latency: 3.66552 seconds
Average Latency: 3.66552e+06 ns

======================================
Testing ef: 700
Per-query results appended to research/csv/per_query_baseline_tiny5m-384-euclidean.csv

=== Summary for ef 700 ===
Average Recall: 0.92374
5th percentile recall: 0.75
1st percentile recall: 0.64

Total Latency: 4.15418 seconds
Average Latency: 4.15418e+06 ns

======================================
Testing ef: 800
Per-query results appended to research/csv/per_query_baseline_tiny5m-384-euclidean.csv

=== Summary for ef 800 ===
Average Recall: 0.93366
5th percentile recall: 0.77
1st percentile recall: 0.67

Total Latency: 4.69236 seconds
Average Latency: 4.69236e+06 ns

======================================
Testing ef: 1000
Per-query results appended to research/csv/per_query_baseline_tiny5m-384-euclidean.csv

=== Summary for ef 1000 ===
Average Recall: 0.94776
5th percentile recall: 0.81
1st percentile recall: 0.72

Total Latency: 5.7632 seconds
Average Latency: 5.7632e+06 ns

======================================
Testing ef: 1200
Per-query results appended to research/csv/per_query_baseline_tiny5m-384-euclidean.csv

=== Summary for ef 1200 ===
Average Recall: 0.95812
5th percentile recall: 0.84
1st percentile recall: 0.76

Total Latency: 6.82617 seconds
Average Latency: 6.82617e+06 ns

======================================
Testing ef: 1400
Per-query results appended to research/csv/per_query_baseline_tiny5m-384-euclidean.csv

=== Summary for ef 1400 ===
Average Recall: 0.96488
5th percentile recall: 0.86
1st percentile recall: 0.77

Total Latency: 8.5738 seconds
Average Latency: 8.5738e+06 ns

======================================
Testing ef: 1600
Per-query results appended to research/csv/per_query_baseline_tiny5m-384-euclidean.csv

=== Summary for ef 1600 ===
Average Recall: 0.97017
5th percentile recall: 0.89
1st percentile recall: 0.81

Total Latency: 9.542 seconds
Average Latency: 9.542e+06 ns

======================================
Testing ef: 2000
Per-query results appended to research/csv/per_query_baseline_tiny5m-384-euclidean.csv

=== Summary for ef 2000 ===
Average Recall: 0.97729
5th percentile recall: 0.91
1st percentile recall: 0.84

Total Latency: 11.8167 seconds
Average Latency: 1.18167e+07 ns

======================================
Testing ef: 2400
Per-query results appended to research/csv/per_query_baseline_tiny5m-384-euclidean.csv

=== Summary for ef 2400 ===
Average Recall: 0.9818
5th percentile recall: 0.92
1st percentile recall: 0.88

Total Latency: 13.9937 seconds
Average Latency: 1.39937e+07 ns

======================================
Testing ef: 2800
Per-query results appended to research/csv/per_query_baseline_tiny5m-384-euclidean.csv

=== Summary for ef 2800 ===
Average Recall: 0.98479
5th percentile recall: 0.94
1st percentile recall: 0.89

Total Latency: 15.7783 seconds
Average Latency: 1.57783e+07 ns

======================================
Testing ef: 3200
Per-query results appended to research/csv/per_query_baseline_tiny5m-384-euclidean.csv

=== Summary for ef 3200 ===
Average Recall: 0.98712
5th percentile recall: 0.94
1st percentile recall: 0.9

Total Latency: 17.7315 seconds
Average Latency: 1.77315e+07 ns

======================================
Testing ef: 3600
Per-query results appended to research/csv/per_query_baseline_tiny5m-384-euclidean.csv

=== Summary for ef 3600 ===
Average Recall: 0.98871
5th percentile recall: 0.95
1st percentile recall: 0.91

Total Latency: 20.0489 seconds
Average Latency: 2.00489e+07 ns

======================================
Testing ef: 4000
Per-query results appended to research/csv/per_query_baseline_tiny5m-384-euclidean.csv

=== Summary for ef 4000 ===
Average Recall: 0.99015
5th percentile recall: 0.96
1st percentile recall: 0.92

Total Latency: 22.36 seconds
Average Latency: 2.236e+07 ns

======================================
Testing ef: 4400
Per-query results appended to research/csv/per_query_baseline_tiny5m-384-euclidean.csv

=== Summary for ef 4400 ===
Average Recall: 0.99134
5th percentile recall: 0.96
1st percentile recall: 0.93

Total Latency: 24.1981 seconds
Average Latency: 2.41981e+07 ns

======================================
Testing ef: 4800
Per-query results appended to research/csv/per_query_baseline_tiny5m-384-euclidean.csv

=== Summary for ef 4800 ===
Average Recall: 0.99212
5th percentile recall: 0.97
1st percentile recall: 0.93

Total Latency: 26.0393 seconds
Average Latency: 2.60393e+07 ns

======================================
Testing ef: 5200
Per-query results appended to research/csv/per_query_baseline_tiny5m-384-euclidean.csv

=== Summary for ef 5200 ===
Average Recall: 0.99277
5th percentile recall: 0.97
1st percentile recall: 0.94

Total Latency: 27.8337 seconds
Average Latency: 2.78337e+07 ns
Experiment finished
Dataset: msmarco
Metric: cd
Truncation Ratio: 1
Normalize the data vectors
Data vectors dimensions: 8841823 x 1536
Query vectors dimensions: 6980 x 1536
Neighbors dimensions: 6980 x 1000
Using AVX Inner Product distance
Index loaded
Dimension of space:1536
Data size of space:6144
****Weighted average ef: 1191

=== Summary (Iteration 1/3) ===
Average Latency: 2.45847e+07 ns
Average Recall: 0.976829
Total Latency: 171.601 seconds

=== Summary (Iteration 2/3) ===
Average Latency: 3.59072e+07 ns
Average Recall: 0.976829
Total Latency: 250.632 seconds

=== Summary (Iteration 3/3) ===
Average Latency: 3.59638e+07 ns
Average Recall: 0.976829
Total Latency: 251.027 seconds

Per-query results (median latency per query) have been written to research/csv/per_query_results_msmarco.csv

=== Final Summary (Median Iteration) ===
Average Latency: 3.52149e+07 ns
Total Latency: 245.8 seconds
Average Recall: 0.976829
5th percentile recall: 0.911
1st percentile recall: 0.853
Experiment finished.

======================================
Testing ef: 1000
Per-query results appended to research/csv/per_query_baseline_msmarco.csv

=== Summary for ef 1000 ===
Average Recall: 0.947277
5th percentile recall: 0.808
1st percentile recall: 0.7

Total Latency: 137.489 seconds
Average Latency: 1.96975e+07 ns

======================================
Testing ef: 1200
Per-query results appended to research/csv/per_query_baseline_msmarco.csv

=== Summary for ef 1200 ===
Average Recall: 0.958146
5th percentile recall: 0.836
1st percentile recall: 0.736

Total Latency: 161.411 seconds
Average Latency: 2.31248e+07 ns

======================================
Testing ef: 1400
Per-query results appended to research/csv/per_query_baseline_msmarco.csv

=== Summary for ef 1400 ===
Average Recall: 0.96536
5th percentile recall: 0.857
1st percentile recall: 0.763

Total Latency: 187.075 seconds
Average Latency: 2.68015e+07 ns

======================================
Testing ef: 1600
Per-query results appended to research/csv/per_query_baseline_msmarco.csv

=== Summary for ef 1600 ===
Average Recall: 0.970567
5th percentile recall: 0.873
1st percentile recall: 0.784

Total Latency: 211.87 seconds
Average Latency: 3.03538e+07 ns

======================================
Testing ef: 2000
Per-query results appended to research/csv/per_query_baseline_msmarco.csv

=== Summary for ef 2000 ===
Average Recall: 0.977447
5th percentile recall: 0.896
1st percentile recall: 0.819

Total Latency: 260.457 seconds
Average Latency: 3.73147e+07 ns

======================================
Testing ef: 2400
Per-query results appended to research/csv/per_query_baseline_msmarco.csv

=== Summary for ef 2400 ===
Average Recall: 0.981847
5th percentile recall: 0.913
1st percentile recall: 0.843

Total Latency: 313.342 seconds
Average Latency: 4.48914e+07 ns

======================================
Testing ef: 2800
Per-query results appended to research/csv/per_query_baseline_msmarco.csv

=== Summary for ef 2800 ===
Average Recall: 0.98488
5th percentile recall: 0.926
1st percentile recall: 0.863

Total Latency: 358.011 seconds
Average Latency: 5.1291e+07 ns

======================================
Testing ef: 3200
Per-query results appended to research/csv/per_query_baseline_msmarco.csv

=== Summary for ef 3200 ===
Average Recall: 0.987058
5th percentile recall: 0.935
1st percentile recall: 0.878

Total Latency: 402.377 seconds
Average Latency: 5.76471e+07 ns

======================================
Testing ef: 3600
Per-query results appended to research/csv/per_query_baseline_msmarco.csv

=== Summary for ef 3600 ===
Average Recall: 0.988732
5th percentile recall: 0.942
1st percentile recall: 0.891

Total Latency: 450.53 seconds
Average Latency: 6.45458e+07 ns

======================================
Testing ef: 4000
Per-query results appended to research/csv/per_query_baseline_msmarco.csv

=== Summary for ef 4000 ===
Average Recall: 0.990068
5th percentile recall: 0.949
1st percentile recall: 0.901

Total Latency: 494.109 seconds
Average Latency: 7.07892e+07 ns

======================================
Testing ef: 4400
Per-query results appended to research/csv/per_query_baseline_msmarco.csv

=== Summary for ef 4400 ===
Average Recall: 0.991135
5th percentile recall: 0.953
1st percentile recall: 0.909

Total Latency: 548.934 seconds
Average Latency: 7.86439e+07 ns

======================================
Testing ef: 4800
Per-query results appended to research/csv/per_query_baseline_msmarco.csv

=== Summary for ef 4800 ===
Average Recall: 0.991991
5th percentile recall: 0.958
1st percentile recall: 0.916

Total Latency: 596.008 seconds
Average Latency: 8.5388e+07 ns

======================================
Testing ef: 5200
Per-query results appended to research/csv/per_query_baseline_msmarco.csv

=== Summary for ef 5200 ===
Average Recall: 0.992692
5th percentile recall: 0.961
1st percentile recall: 0.923

Total Latency: 638.643 seconds
Average Latency: 9.14962e+07 ns
Experiment finished
Dataset: cohere
Metric: cd
Truncation Ratio: 1
Normalize the data vectors
Data vectors dimensions: 18380565 x 1024
Query vectors dimensions: 1677 x 1024
Neighbors dimensions: 1677 x 1000
Using AVX Inner Product distance
Index loaded
Dimension of space:1024
Data size of space:4096
****Weighted average ef: 1325

=== Summary (Iteration 1/3) ===
Average Latency: 1.55448e+07 ns
Average Recall: 0.968477
Total Latency: 26.0687 seconds

=== Summary (Iteration 2/3) ===
Average Latency: 2.37434e+07 ns
Average Recall: 0.968477
Total Latency: 39.8176 seconds

=== Summary (Iteration 3/3) ===
Average Latency: 2.79235e+07 ns
Average Recall: 0.968477
Total Latency: 46.8277 seconds

Per-query results (median latency per query) have been written to research/csv/per_query_results_cohere.csv

=== Final Summary (Median Iteration) ===
Average Latency: 2.35524e+07 ns
Total Latency: 39.4974 seconds
Average Recall: 0.968477
5th percentile recall: 0.877
1st percentile recall: 0.717
Experiment finished.

======================================
Testing ef: 1000
Per-query results appended to research/csv/per_query_baseline_cohere.csv

=== Summary for ef 1000 ===
Average Recall: 0.923758
5th percentile recall: 0.737
1st percentile recall: 0.579

Total Latency: 24.4539 seconds
Average Latency: 1.4582e+07 ns

======================================
Testing ef: 1200
Per-query results appended to research/csv/per_query_baseline_cohere.csv

=== Summary for ef 1200 ===
Average Recall: 0.938033
5th percentile recall: 0.766
1st percentile recall: 0.619

Total Latency: 29.3203 seconds
Average Latency: 1.74838e+07 ns

======================================
Testing ef: 1400
Per-query results appended to research/csv/per_query_baseline_cohere.csv

=== Summary for ef 1400 ===
Average Recall: 0.947676
5th percentile recall: 0.796
1st percentile recall: 0.649

Total Latency: 34.5151 seconds
Average Latency: 2.05814e+07 ns

======================================
Testing ef: 1600
Per-query results appended to research/csv/per_query_baseline_cohere.csv

=== Summary for ef 1600 ===
Average Recall: 0.954849
5th percentile recall: 0.818
1st percentile recall: 0.667

Total Latency: 39.7818 seconds
Average Latency: 2.3722e+07 ns

======================================
Testing ef: 2000
Per-query results appended to research/csv/per_query_baseline_cohere.csv

=== Summary for ef 2000 ===
Average Recall: 0.96445
5th percentile recall: 0.85
1st percentile recall: 0.712

Total Latency: 49.0326 seconds
Average Latency: 2.92383e+07 ns

======================================
Testing ef: 2400
Per-query results appended to research/csv/per_query_baseline_cohere.csv

=== Summary for ef 2400 ===
Average Recall: 0.97057
5th percentile recall: 0.871
1st percentile recall: 0.74

Total Latency: 57.7211 seconds
Average Latency: 3.44192e+07 ns

======================================
Testing ef: 2800
Per-query results appended to research/csv/per_query_baseline_cohere.csv

=== Summary for ef 2800 ===
Average Recall: 0.974831
5th percentile recall: 0.885
1st percentile recall: 0.759

Total Latency: 67.015 seconds
Average Latency: 3.99612e+07 ns

======================================
Testing ef: 3200
Per-query results appended to research/csv/per_query_baseline_cohere.csv

=== Summary for ef 3200 ===
Average Recall: 0.97801
5th percentile recall: 0.899
1st percentile recall: 0.773

Total Latency: 75.1615 seconds
Average Latency: 4.4819e+07 ns

======================================
Testing ef: 3600
Per-query results appended to research/csv/per_query_baseline_cohere.csv

=== Summary for ef 3600 ===
Average Recall: 0.980622
5th percentile recall: 0.909
1st percentile recall: 0.795

Total Latency: 84.2217 seconds
Average Latency: 5.02216e+07 ns

======================================
Testing ef: 4000
Per-query results appended to research/csv/per_query_baseline_cohere.csv

=== Summary for ef 4000 ===
Average Recall: 0.982408
5th percentile recall: 0.918
1st percentile recall: 0.806

Total Latency: 93.1298 seconds
Average Latency: 5.55336e+07 ns

======================================
Testing ef: 4400
Per-query results appended to research/csv/per_query_baseline_cohere.csv

=== Summary for ef 4400 ===
Average Recall: 0.983933
5th percentile recall: 0.925
1st percentile recall: 0.814

Total Latency: 101.485 seconds
Average Latency: 6.05161e+07 ns

======================================
Testing ef: 4800
Per-query results appended to research/csv/per_query_baseline_cohere.csv

=== Summary for ef 4800 ===
Average Recall: 0.985215
5th percentile recall: 0.931
1st percentile recall: 0.824

Total Latency: 110.933 seconds
Average Latency: 6.61498e+07 ns

======================================
Testing ef: 5200
Per-query results appended to research/csv/per_query_baseline_cohere.csv

=== Summary for ef 5200 ===
Average Recall: 0.986348
5th percentile recall: 0.937
1st percentile recall: 0.835

Total Latency: 119.884 seconds
Average Latency: 7.14872e+07 ns
Experiment finished
Starting ablation study tests: visited list size...


Dataset: deep-image-96-angular
Metric: cd
Truncation ratio: 1
Normalize the data vectors
Data vectors dimensions: 9990000 x 96
Query vectors dimensions: 10000 x 96
Neighbors dimensions: 10000 x 100
Using AVX Inner Product distance
Index loaded
Dimension of space:96
Data size of space:384
Samplings loaded


Visited list size: 33


Loading samplings from /home/yc.shea/experiments/shiro-ef/sampling/deep-image-96-angular-samplings--k100-ef.bin
Samplings loaded from /home/yc.shea/experiments/shiro-ef/sampling/deep-image-96-angular-samplings--k100-ef.bin
Average Recall: 0.835152
Initial average recall with ef=100: 0.83546
Average Recall: 0.884029
Initial average recall with ef=150: 0.884339
Weighted average ef: 388.321
EF-estimation table computing time: 15733 ms
Per-bucket recall: conv_p20=0 hard_recall=0.95 easy_recall=0.98
Training convergence-bucket 0 [0, 0) with 300 queries (recall=0.95).
Average Recall: 0.888367
Initial average recall with ef=100: 0.887364
Average Recall: 0.929367
Initial average recall with ef=150: 0.928605
Weighted average ef: 194.95
Training convergence-bucket 1 [0, 0) with 300 queries (recall=0.95).
Average Recall: 0.880833
Initial average recall with ef=100: 0.880036
Average Recall: 0.925367
Initial average recall with ef=150: 0.924618
Weighted average ef: 223.977
Training convergence-bucket 2 [0, 0) with 300 queries (recall=0.95).
Average Recall: 0.897
Initial average recall with ef=100: 0.895522
Average Recall: 0.935234
Initial average recall with ef=150: 0.933806
Recall diff is too small for 1 consecutive steps, break.
Weighted average ef: 193.233
Training convergence-bucket 3 [0, 0) with 300 queries (recall=0.95).
Average Recall: 0.8924
Initial average recall with ef=100: 0.894886
Average Recall: 0.9351
Initial average recall with ef=150: 0.936832
Weighted average ef: 179.81
Training convergence-bucket 4 [0, 0) with 300 queries (recall=0.95).
Average Recall: 0.724267
Initial average recall with ef=100: 0.71397
Average Recall: 0.788233
Initial average recall with ef=150: 0.779438
Recall diff is too small for 1 consecutive steps, break.
Recall diff is too small for 1 consecutive steps, break.
Weighted average ef: 682.3
Training convergence-bucket 5 [0, 0) with 300 queries (recall=0.95).
Average Recall: 0.758
Initial average recall with ef=100: 0.755555
Average Recall: 0.8183
Initial average recall with ef=150: 0.817259
Recall diff is too small for 1 consecutive steps, break.
Recall diff is too small for 1 consecutive steps, break.
Weighted average ef: 531.933
Training convergence-bucket 6 [0, 0) with 300 queries (recall=0.95).
Average Recall: 0.7303
Initial average recall with ef=100: 0.72194
Average Recall: 0.7969
Initial average recall with ef=150: 0.791007
Recall diff is too small for 1 consecutive steps, break.
Recall diff is too small for 1 consecutive steps, break.
Recall diff is too small for 1 consecutive steps, break.
Weighted average ef: 617.217
Training convergence-bucket 7 [0, 0.00145432) with 300 queries (recall=0.95).
Average Recall: 0.887234
Initial average recall with ef=100: 0.887208
Average Recall: 0.929867
Initial average recall with ef=150: 0.930075
Weighted average ef: 214.763
Training convergence-bucket 8 [0.00145432, 6.50449) with 300 queries (recall=0.98).
Average Recall: 0.8729
Initial average recall with ef=100: 0.88374
Average Recall: 0.913867
Initial average recall with ef=150: 0.923465
Recall diff is too small for 1 consecutive steps, break.
Recall diff is too small for 1 consecutive steps, break.
Recall diff is too small for 1 consecutive steps, break.
Recall diff is too small for 1 consecutive steps, break.
Recall diff is too small for 1 consecutive steps, break.
Weighted average ef: 406.903
Training convergence-bucket 9 [6.50449, inf) with 300 queries (recall=0.98).
Average Recall: 0.820267
Initial average recall with ef=100: 0.814924
Average Recall: 0.868134
Initial average recall with ef=150: 0.864542
Recall diff is too small for 1 consecutive steps, break.
Recall diff is too small for 1 consecutive steps, break.
Recall diff is too small for 1 consecutive steps, break.
Recall diff is too small for 1 consecutive steps, break.
Recall diff is too small for 1 consecutive steps, break.
Weighted average ef: 846.663
Reconstructed True WAE: 212.55 (Hard Pct: 0.0203333)
  Avg Ef Hard (bucketed): 373.298 | Avg Ef Easy (bucketed): 209.214
****Weighted average ef: 212
Search time: 9224 ms
Search time: 9177 ms
Search time: 9172 ms
Average Recall: 0.955847
5th percentile recall: 0.84
1st percentile recall: 0.73
Median search time: 9177 ms
Search times: 9172 ms, 9177 ms, 9224 ms, 
deep-image-96-angular experiment results:
statisc_length, time, avg_recall, 5th_percentile_recall, 1st_percentile_recall, recall_above_99, recall_above_95, recall_above_90
33, 9177, 0.955847, 0.84, 0.73, 4111, 6630, 8532
Experiment finished


Visited list size: 1025


Loading samplings from /home/yc.shea/experiments/shiro-ef/sampling/deep-image-96-angular-samplings--k100-ef.bin
Samplings loaded from /home/yc.shea/experiments/shiro-ef/sampling/deep-image-96-angular-samplings--k100-ef.bin
Average Recall: 0.835152
Initial average recall with ef=100: 0.835458
Average Recall: 0.884026
Initial average recall with ef=150: 0.884358
Recall diff is too small for 1 consecutive steps, break.
Weighted average ef: 391.431
EF-estimation table computing time: 16366 ms
Per-bucket recall: conv_p20=40.6884 hard_recall=0.95 easy_recall=0.98
Training convergence-bucket 0 [23.234, 37.7252) with 300 queries (recall=0.95).
Average Recall: 0.607433
Initial average recall with ef=100: 0.603238
Average Recall: 0.686733
Initial average recall with ef=150: 0.682242
Recall diff is too small for 1 consecutive steps, break.
Recall diff is too small for 1 consecutive steps, break.
Weighted average ef: 1040.64
Training convergence-bucket 1 [37.7252, 40.6884) with 300 queries (recall=0.95).
Average Recall: 0.638833
Initial average recall with ef=100: 0.633333
Average Recall: 0.7185
Initial average recall with ef=150: 0.713824
Weighted average ef: 898.307
Training convergence-bucket 2 [40.6884, 46.2056) with 300 queries (recall=0.98).
Average Recall: 0.721667
Initial average recall with ef=100: 0.719509
Average Recall: 0.796767
Initial average recall with ef=150: 0.795088
Recall diff is too small for 1 consecutive steps, break.
Weighted average ef: 1074.09
Training convergence-bucket 3 [46.2056, 51.5452) with 300 queries (recall=0.98).
Average Recall: 0.809334
Initial average recall with ef=100: 0.806406
Average Recall: 0.873066
Initial average recall with ef=150: 0.871317
Recall diff is too small for 1 consecutive steps, break.
Weighted average ef: 599.717
Training convergence-bucket 4 [51.5452, 55.7279) with 300 queries (recall=0.98).
Average Recall: 0.856767
Initial average recall with ef=100: 0.855866
Average Recall: 0.9146
Initial average recall with ef=150: 0.914028
Weighted average ef: 383.963
Training convergence-bucket 5 [55.7279, 59.6592) with 300 queries (recall=0.98).
Average Recall: 0.8974
Initial average recall with ef=100: 0.896632
Average Recall: 0.9425
Initial average recall with ef=150: 0.942268
Weighted average ef: 312.253
Training convergence-bucket 6 [59.6592, 64.0217) with 300 queries (recall=0.98).
Average Recall: 0.920367
Initial average recall with ef=100: 0.920381
Average Recall: 0.956
Initial average recall with ef=150: 0.956505
Recall diff is too small for 1 consecutive steps, break.
Weighted average ef: 259.147
Training convergence-bucket 7 [64.0217, 68.7624) with 300 queries (recall=0.98).
Average Recall: 0.944234
Initial average recall with ef=100: 0.945
Average Recall: 0.9727
Initial average recall with ef=150: 0.973288
Recall diff is too small for 1 consecutive steps, break.
Weighted average ef: 189.85
Training convergence-bucket 8 [68.7624, 75.1871) with 300 queries (recall=0.98).
Average Recall: 0.969667
Initial average recall with ef=100: 0.971497
Average Recall: 0.9869
Initial average recall with ef=150: 0.988095
Weighted average ef: 137.303
Training convergence-bucket 9 [75.1871, inf) with 300 queries (recall=0.98).
Average Recall: 0.985867
Initial average recall with ef=100: 0.987456
Average Recall: 0.992567
Initial average recall with ef=150: 0.993852
Weighted average ef: 98.83
Reconstructed True WAE: 258.456 (Hard Pct: 0.0203333)
  Avg Ef Hard (bucketed): 1013.41 | Avg Ef Easy (bucketed): 242.787
****Weighted average ef: 258
Search time: 16310 ms
Search time: 16876 ms
Search time: 16475 ms
Average Recall: 0.986031
5th percentile recall: 0.95
1st percentile recall: 0.92
Median search time: 16475 ms
Search times: 16310 ms, 16475 ms, 16876 ms, 
deep-image-96-angular experiment results:
statisc_length, time, avg_recall, 5th_percentile_recall, 1st_percentile_recall, recall_above_99, recall_above_95, recall_above_90
1025, 16475, 0.986031, 0.95, 0.92, 6594, 9451, 9932
Experiment finished


Visited list size: 32769


Loading samplings from /home/yc.shea/experiments/shiro-ef/sampling/deep-image-96-angular-samplings--k100-ef.bin
Samplings loaded from /home/yc.shea/experiments/shiro-ef/sampling/deep-image-96-angular-samplings--k100-ef.bin
Average Recall: 0.990732
Initial average recall with ef=100: 0.990741
Average Recall: 0.990732
Initial average recall with ef=150: 0.990741
Weighted average ef: 240.414
EF-estimation table computing time: 74845 ms
Per-bucket recall: conv_p20=75.5422 hard_recall=0.95 easy_recall=0.98
Training convergence-bucket 0 [53.5839, 70.0415) with 300 queries (recall=0.95).
Average Recall: 0.945534
Initial average recall with ef=100: 0.945585
Average Recall: 0.945534
Initial average recall with ef=150: 0.945585
Weighted average ef: 1746.77
Training convergence-bucket 1 [70.0415, 75.5422) with 300 queries (recall=0.95).
Average Recall: 0.977834
Initial average recall with ef=100: 0.977879
Average Recall: 0.977834
Initial average recall with ef=150: 0.977879
Weighted average ef: 99
Training convergence-bucket 2 [75.5422, 79.7845) with 300 queries (recall=0.98).
Average Recall: 0.9916
Initial average recall with ef=100: 0.991572
Average Recall: 0.9916
Initial average recall with ef=150: 0.991572
Recall diff is too small for 1 consecutive steps, break.
Weighted average ef: 184.147
Training convergence-bucket 3 [79.7845, 83.2132) with 300 queries (recall=0.98).
Average Recall: 0.996934
Initial average recall with ef=100: 0.996946
Average Recall: 0.996934
Initial average recall with ef=150: 0.996946
Weighted average ef: 99.3333
Training convergence-bucket 4 [83.2132, 85.6021) with 300 queries (recall=0.98).
Average Recall: 0.9986
Initial average recall with ef=100: 0.998931
Average Recall: 0.9986
Initial average recall with ef=150: 0.998931
Weighted average ef: 96.6667
Training convergence-bucket 5 [85.6021, 87.7634) with 300 queries (recall=0.98).
Average Recall: 0.999433
Initial average recall with ef=100: 0.999452
Average Recall: 0.999433
Initial average recall with ef=150: 0.999452
Weighted average ef: 97.3333
Training convergence-bucket 6 [87.7634, 89.6518) with 300 queries (recall=0.98).
Average Recall: 0.999867
Initial average recall with ef=100: 0.999863
Average Recall: 0.999867
Initial average recall with ef=150: 0.999863
Weighted average ef: 97.6667
Training convergence-bucket 7 [89.6518, 91.0925) with 300 queries (recall=0.98).
Average Recall: 0.999767
Initial average recall with ef=100: 0.99979
Average Recall: 0.999767
Initial average recall with ef=150: 0.99979
Weighted average ef: 95.3333
Training convergence-bucket 8 [91.0925, 92.5042) with 300 queries (recall=0.98).
Average Recall: 1
Initial average recall with ef=100: 1
Average Recall: 1
Initial average recall with ef=150: 1
Weighted average ef: 94
Training convergence-bucket 9 [92.5042, inf) with 300 queries (recall=0.98).
Average Recall: 0.997766
Initial average recall with ef=100: 0.998498
Average Recall: 0.997766
Initial average recall with ef=150: 0.998498
Weighted average ef: 97.6667
Reconstructed True WAE: 110.187 (Hard Pct: 0.0203333)
  Avg Ef Hard (bucketed): 196.185 | Avg Ef Easy (bucketed): 108.402
****Weighted average ef: 110
Search time: 116936 ms
Search time: 117132 ms
Search time: 117334 ms
Average Recall: 0.996781
5th percentile recall: 0.98
1st percentile recall: 0.95
Median search time: 117132 ms
Search times: 116936 ms, 117132 ms, 117334 ms, 
deep-image-96-angular experiment results:
statisc_length, time, avg_recall, 5th_percentile_recall, 1st_percentile_recall, recall_above_99, recall_above_95, recall_above_90
32769, 117132, 0.996781, 0.98, 0.95, 9284, 9890, 9988
Experiment finished
Dataset: glove-100-angular
Metric: cd
Truncation ratio: 1
Normalize the data vectors
Data vectors dimensions: 1183514 x 100
Query vectors dimensions: 10000 x 100
Neighbors dimensions: 10000 x 100
Using AVX Inner Product distance
Index loaded
Dimension of space:100
Data size of space:400
Samplings loaded


Visited list size: 33


Loading samplings from /home/yc.shea/experiments/shiro-ef/sampling/glove-100-angular-samplings--k100-ef.bin
Samplings loaded from /home/yc.shea/experiments/shiro-ef/sampling/glove-100-angular-samplings--k100-ef.bin
Average Recall: 0.726394
Initial average recall with ef=100: 0.726503
Average Recall: 0.770571
Initial average recall with ef=150: 0.770651
Recall diff is too small for 1 consecutive steps, break.
Recall diff is too small for 1 consecutive steps, break.
Recall diff is too small for 1 consecutive steps, break.
Weighted average ef: 1838.24
EF-estimation table computing time: 61809 ms
Per-bucket recall: conv_p20=0 hard_recall=0.95 easy_recall=0.98
Training convergence-bucket 0 [0, 0) with 300 queries (recall=0.95).
Average Recall: 0.7373
Initial average recall with ef=100: 0.719552
Average Recall: 0.783233
Initial average recall with ef=150: 0.767276
Recall diff is too small for 1 consecutive steps, break.
Recall diff is too small for 1 consecutive steps, break.
Recall diff is too small for 1 consecutive steps, break.
Recall diff is too small for 1 consecutive steps, break.
Recall diff is too small for 1 consecutive steps, break.
Recall diff is too small for 1 consecutive steps, break.
Recall diff is too small for 1 consecutive steps, break.
Weighted average ef: 1695.43
Training convergence-bucket 1 [0, 0) with 300 queries (recall=0.95).
Average Recall: 0.739334
Initial average recall with ef=100: 0.717093
Average Recall: 0.7804
Initial average recall with ef=150: 0.759302
Recall diff is too small for 1 consecutive steps, break.
Recall diff is too small for 1 consecutive steps, break.
Recall diff is too small for 1 consecutive steps, break.
Weighted average ef: 1599.07
Training convergence-bucket 2 [0, 0) with 300 queries (recall=0.95).
Average Recall: 0.743
Initial average recall with ef=100: 0.72313
Average Recall: 0.789367
Initial average recall with ef=150: 0.771565
Recall diff is too small for 1 consecutive steps, break.
Recall diff is too small for 1 consecutive steps, break.
Recall diff is too small for 1 consecutive steps, break.
Recall diff is too small for 1 consecutive steps, break.
Weighted average ef: 1580.68
Training convergence-bucket 3 [0, 0) with 300 queries (recall=0.95).
Average Recall: 0.736633
Initial average recall with ef=100: 0.720817
Average Recall: 0.783
Initial average recall with ef=150: 0.769338
Recall diff is too small for 1 consecutive steps, break.
Recall diff is too small for 1 consecutive steps, break.
Recall diff is too small for 1 consecutive steps, break.
Recall diff is too small for 1 consecutive steps, break.
Recall diff is too small for 1 consecutive steps, break.
Recall diff is too small for 1 consecutive steps, break.
Weighted average ef: 1545.14
Training convergence-bucket 4 [0, 0) with 300 queries (recall=0.95).
Average Recall: 0.737867
Initial average recall with ef=100: 0.709449
Average Recall: 0.7833
Initial average recall with ef=150: 0.75815
Recall diff is too small for 1 consecutive steps, break.
Recall diff is too small for 1 consecutive steps, break.
Recall diff is too small for 1 consecutive steps, break.
Recall diff is too small for 1 consecutive steps, break.
Weighted average ef: 1563.86
Training convergence-bucket 5 [0, 0) with 300 queries (recall=0.95).
Average Recall: 0.602433
Initial average recall with ef=100: 0.573496
Average Recall: 0.648933
Initial average recall with ef=150: 0.62094
Weighted average ef: 3005.92
Training convergence-bucket 6 [0, 0) with 300 queries (recall=0.95).
Average Recall: 0.707067
Initial average recall with ef=100: 0.688885
Average Recall: 0.751067
Initial average recall with ef=150: 0.733808
Recall diff is too small for 1 consecutive steps, break.
Recall diff is too small for 1 consecutive steps, break.
Weighted average ef: 1848.26
Training convergence-bucket 7 [0, 0) with 300 queries (recall=0.95).
Average Recall: 0.753433
Initial average recall with ef=100: 0.733901
Average Recall: 0.798966
Initial average recall with ef=150: 0.782159
Recall diff is too small for 1 consecutive steps, break.
Recall diff is too small for 1 consecutive steps, break.
Recall diff is too small for 1 consecutive steps, break.
Recall diff is too small for 1 consecutive steps, break.
Recall diff is too small for 1 consecutive steps, break.
Recall diff is too small for 1 consecutive steps, break.
Recall diff is too small for 1 consecutive steps, break.
Weighted average ef: 1474.63
Training convergence-bucket 8 [0, 0.489176) with 300 queries (recall=0.95).
Average Recall: 0.762867
Initial average recall with ef=100: 0.749695
Average Recall: 0.8024
Initial average recall with ef=150: 0.790038
Recall diff is too small for 1 consecutive steps, break.
Recall diff is too small for 1 consecutive steps, break.
Recall diff is too small for 1 consecutive steps, break.
Recall diff is too small for 1 consecutive steps, break.
Weighted average ef: 1417.26
Training convergence-bucket 9 [0.489176, inf) with 300 queries (recall=0.98).
Average Recall: 0.744034
Initial average recall with ef=100: 0.727778
Average Recall: 0.785067
Initial average recall with ef=150: 0.769464
Recall diff is too small for 1 consecutive steps, break.
Recall diff is too small for 1 consecutive steps, break.
Recall diff is too small for 1 consecutive steps, break.
Recall diff is too small for 1 consecutive steps, break.
Recall diff is too small for 1 consecutive steps, break.
Recall diff is too small for 1 consecutive steps, break.
Recall diff is too small for 1 consecutive steps, break.
Recall diff is too small for 1 consecutive steps, break.
Recall diff is too small for 1 consecutive steps, break.
Weighted average ef: 2921.78
Reconstructed True WAE: 1500.21 (Hard Pct: 0.00633333)
  Avg Ef Hard (bucketed): 2448.43 | Avg Ef Easy (bucketed): 1494.17
****Weighted average ef: 1500
Search time: 43437 ms
Search time: 43697 ms
Search time: 43826 ms
Average Recall: 0.957184
5th percentile recall: 0.83
1st percentile recall: 0.73
Median search time: 43697 ms
Search times: 43437 ms, 43697 ms, 43826 ms, 
glove-100-angular experiment results:
statisc_length, time, avg_recall, 5th_percentile_recall, 1st_percentile_recall, recall_above_99, recall_above_95, recall_above_90
33, 43697, 0.957184, 0.83, 0.73, 5018, 6862, 8399
Experiment finished


Visited list size: 1025


Loading samplings from /home/yc.shea/experiments/shiro-ef/sampling/glove-100-angular-samplings--k100-ef.bin
Samplings loaded from /home/yc.shea/experiments/shiro-ef/sampling/glove-100-angular-samplings--k100-ef.bin
Average Recall: 0.726394
Initial average recall with ef=100: 0.72636
Average Recall: 0.770571
Initial average recall with ef=150: 0.770564
Weighted average ef: 1702.87
EF-estimation table computing time: 61273 ms
Per-bucket recall: conv_p20=33.9721 hard_recall=0.95 easy_recall=0.98
Training convergence-bucket 0 [13.8318, 28.5699) with 300 queries (recall=0.95).
Average Recall: 0.473767
Initial average recall with ef=100: 0.457038
Average Recall: 0.522667
Initial average recall with ef=150: 0.506376
Recall diff is too small for 1 consecutive steps, break.
Recall diff is too small for 1 consecutive steps, break.
Recall diff is too small for 1 consecutive steps, break.
Weighted average ef: 4193.52
Training convergence-bucket 1 [28.5699, 33.9721) with 300 queries (recall=0.95).
Average Recall: 0.4857
Initial average recall with ef=100: 0.470421
Average Recall: 0.545367
Initial average recall with ef=150: 0.530456
Recall diff is too small for 1 consecutive steps, break.
Recall diff is too small for 1 consecutive steps, break.
Recall diff is too small for 1 consecutive steps, break.
Weighted average ef: 3620.78
Training convergence-bucket 2 [33.9721, 38.6824) with 300 queries (recall=0.98).
Average Recall: 0.512933
Initial average recall with ef=100: 0.504739
Average Recall: 0.570066
Initial average recall with ef=150: 0.561568
Recall diff is too small for 1 consecutive steps, break.
Recall diff is too small for 1 consecutive steps, break.
Recall diff is too small for 1 consecutive steps, break.
Weighted average ef: 4232.57
Training convergence-bucket 3 [38.6824, 43.4136) with 300 queries (recall=0.98).
Average Recall: 0.6236
Initial average recall with ef=100: 0.622657
Average Recall: 0.688833
Initial average recall with ef=150: 0.685804
Recall diff is too small for 1 consecutive steps, break.
Recall diff is too small for 1 consecutive steps, break.
Recall diff is too small for 1 consecutive steps, break.
Recall diff is too small for 1 consecutive steps, break.
Weighted average ef: 3125.75
Training convergence-bucket 4 [43.4136, 48.8656) with 300 queries (recall=0.98).
Average Recall: 0.699367
Initial average recall with ef=100: 0.695055
Average Recall: 0.7583
Initial average recall with ef=150: 0.754066
Recall diff is too small for 1 consecutive steps, break.
Recall diff is too small for 1 consecutive steps, break.
Recall diff is too small for 1 consecutive steps, break.
Recall diff is too small for 1 consecutive steps, break.
Weighted average ef: 2554.64
Training convergence-bucket 5 [48.8656, 54.8283) with 300 queries (recall=0.98).
Average Recall: 0.775533
Initial average recall with ef=100: 0.774714
Average Recall: 0.830467
Initial average recall with ef=150: 0.831071
Recall diff is too small for 1 consecutive steps, break.
Recall diff is too small for 1 consecutive steps, break.
Recall diff is too small for 1 consecutive steps, break.
Weighted average ef: 1677.38
Training convergence-bucket 6 [54.8283, 61.6016) with 300 queries (recall=0.98).
Average Recall: 0.873534
Initial average recall with ef=100: 0.868877
Average Recall: 0.911933
Initial average recall with ef=150: 0.908551
Recall diff is too small for 1 consecutive steps, break.
Recall diff is too small for 1 consecutive steps, break.
Recall diff is too small for 1 consecutive steps, break.
Weighted average ef: 750.297
Training convergence-bucket 7 [61.6016, 67.4292) with 300 queries (recall=0.98).
Average Recall: 0.902667
Initial average recall with ef=100: 0.906277
Average Recall: 0.931833
Initial average recall with ef=150: 0.93539
Recall diff is too small for 1 consecutive steps, break.
Recall diff is too small for 1 consecutive steps, break.
Weighted average ef: 727.927
Training convergence-bucket 8 [67.4292, 74.2709) with 300 queries (recall=0.98).
Average Recall: 0.940267
Initial average recall with ef=100: 0.945338
Average Recall: 0.960667
Initial average recall with ef=150: 0.965302
Recall diff is too small for 1 consecutive steps, break.
Recall diff is too small for 1 consecutive steps, break.
Recall diff is too small for 1 consecutive steps, break.
Weighted average ef: 305.177
Training convergence-bucket 9 [74.2709, inf) with 300 queries (recall=0.98).
Average Recall: 0.9766
Initial average recall with ef=100: 0.97993
Average Recall: 0.9856
Initial average recall with ef=150: 0.988676
Weighted average ef: 151.2
Reconstructed True WAE: 1426.68 (Hard Pct: 0.00633333)
  Avg Ef Hard (bucketed): 4807.06 | Avg Ef Easy (bucketed): 1405.13
****Weighted average ef: 1426
Search time: 60347 ms
Search time: 60237 ms
Search time: 60520 ms
Average Recall: 0.978517
5th percentile recall: 0.92
1st percentile recall: 0.88
Median search time: 60347 ms
Search times: 60237 ms, 60347 ms, 60520 ms, 
glove-100-angular experiment results:
statisc_length, time, avg_recall, 5th_percentile_recall, 1st_percentile_recall, recall_above_99, recall_above_95, recall_above_90
1025, 60347, 0.978517, 0.92, 0.88, 5578, 8426, 9725
Experiment finished


Visited list size: 32769


Loading samplings from /home/yc.shea/experiments/shiro-ef/sampling/glove-100-angular-samplings--k100-ef.bin
Samplings loaded from /home/yc.shea/experiments/shiro-ef/sampling/glove-100-angular-samplings--k100-ef.bin
Average Recall: 0.929299
Initial average recall with ef=100: 0.929043
Average Recall: 0.929302
Initial average recall with ef=150: 0.929046
Weighted average ef: 2105.08
EF-estimation table computing time: 88697 ms
Per-bucket recall: conv_p20=63.2455 hard_recall=0.95 easy_recall=0.98
Training convergence-bucket 0 [47.6327, 57.1503) with 300 queries (recall=0.95).
Average Recall: 0.730234
Initial average recall with ef=100: 0.730233
Average Recall: 0.730267
Initial average recall with ef=150: 0.730267
Weighted average ef: 5000
Training convergence-bucket 1 [57.1503, 63.2455) with 300 queries (recall=0.95).
Average Recall: 0.812666
Initial average recall with ef=100: 0.812207
Average Recall: 0.812666
Initial average recall with ef=150: 0.812207
Weighted average ef: 4983.33
Training convergence-bucket 2 [63.2455, 69.4185) with 300 queries (recall=0.98).
Average Recall: 0.877733
Initial average recall with ef=100: 0.877458
Average Recall: 0.877733
Initial average recall with ef=150: 0.877458
Weighted average ef: 4983.33
Training convergence-bucket 3 [69.4185, 75.0773) with 300 queries (recall=0.98).
Average Recall: 0.931801
Initial average recall with ef=100: 0.931443
Average Recall: 0.931801
Initial average recall with ef=150: 0.931443
Recall diff is too small for 1 consecutive steps, break.
Weighted average ef: 4872.65
Training convergence-bucket 4 [75.0773, 79.402) with 300 queries (recall=0.98).
Average Recall: 0.964834
Initial average recall with ef=100: 0.965101
Average Recall: 0.964834
Initial average recall with ef=150: 0.965101
Weighted average ef: 3854.93
Training convergence-bucket 5 [79.402, 83.2499) with 300 queries (recall=0.98).
Average Recall: 0.985234
Initial average recall with ef=100: 0.985169
Average Recall: 0.985234
Initial average recall with ef=150: 0.985169
Recall diff is too small for 1 consecutive steps, break.
Weighted average ef: 872.897
Training convergence-bucket 6 [83.2499, 86.3915) with 300 queries (recall=0.98).
Average Recall: 0.993034
Initial average recall with ef=100: 0.993007
Average Recall: 0.993034
Initial average recall with ef=150: 0.993007
Weighted average ef: 98.6667
Training convergence-bucket 7 [86.3915, 89.4309) with 300 queries (recall=0.98).
Average Recall: 0.998033
Initial average recall with ef=100: 0.998
Average Recall: 0.998033
Initial average recall with ef=150: 0.998
Weighted average ef: 96.6667
Training convergence-bucket 8 [89.4309, 91.5474) with 300 queries (recall=0.98).
Average Recall: 0.999533
Initial average recall with ef=100: 0.999579
Average Recall: 0.999533
Initial average recall with ef=150: 0.999579
Weighted average ef: 95
Training convergence-bucket 9 [91.5474, inf) with 300 queries (recall=0.98).
Average Recall: 0.999933
Initial average recall with ef=100: 0.999928
Average Recall: 0.999933
Initial average recall with ef=150: 0.999928
Weighted average ef: 92.6667
Reconstructed True WAE: 596.59 (Hard Pct: 0.00633333)
  Avg Ef Hard (bucketed): 4710.22 | Avg Ef Easy (bucketed): 570.371
****Weighted average ef: 596
Search time: 154137 ms
Search time: 154115 ms
Search time: 154204 ms
Average Recall: 0.983738
5th percentile recall: 0.93
1st percentile recall: 0.89
Median search time: 154137 ms
Search times: 154115 ms, 154137 ms, 154204 ms, 
glove-100-angular experiment results:
statisc_length, time, avg_recall, 5th_percentile_recall, 1st_percentile_recall, recall_above_99, recall_above_95, recall_above_90
32769, 154137, 0.983738, 0.93, 0.89, 6676, 8812, 9798
Experiment finished
Dataset: word2vec-300-angular
Metric: cd
Truncation ratio: 1
Normalize the data vectors
Data vectors dimensions: 1000000 x 300
Query vectors dimensions: 1000 x 300
Neighbors dimensions: 1000 x 100
Using AVX Inner Product distance
Index loaded
Dimension of space:300
Data size of space:1200
Samplings loaded


Visited list size: 33


Loading samplings from /home/yc.shea/experiments/shiro-ef/sampling/word2vec-300-angular-samplings--k100-ef.bin
Samplings loaded from /home/yc.shea/experiments/shiro-ef/sampling/word2vec-300-angular-samplings--k100-ef.bin
Average Recall: 0.82003
Initial average recall with ef=100: 0.820029
Average Recall: 0.867479
Initial average recall with ef=150: 0.867951
Weighted average ef: 483.301
EF-estimation table computing time: 20261 ms
Per-bucket recall: conv_p20=0 hard_recall=0.95 easy_recall=0.98
Training convergence-bucket 0 [0, 0) with 300 queries (recall=0.95).
Average Recall: 0.894333
Initial average recall with ef=100: 0.891787
Average Recall: 0.9294
Initial average recall with ef=150: 0.927909
Recall diff is too small for 1 consecutive steps, break.
Weighted average ef: 220.397
Training convergence-bucket 1 [0, 0) with 300 queries (recall=0.95).
Average Recall: 0.8848
Initial average recall with ef=100: 0.883359
Average Recall: 0.921167
Initial average recall with ef=150: 0.919466
Recall diff is too small for 1 consecutive steps, break.
Weighted average ef: 250.337
Training convergence-bucket 2 [0, 0) with 300 queries (recall=0.95).
Average Recall: 0.893167
Initial average recall with ef=100: 0.887683
Average Recall: 0.927467
Initial average recall with ef=150: 0.92332
Weighted average ef: 252.96
Training convergence-bucket 3 [0, 0) with 300 queries (recall=0.95).
Average Recall: 0.8869
Initial average recall with ef=100: 0.882981
Average Recall: 0.921167
Initial average recall with ef=150: 0.917358
Weighted average ef: 293.43
Training convergence-bucket 4 [0, 0) with 300 queries (recall=0.95).
Average Recall: 0.736633
Initial average recall with ef=100: 0.709962
Average Recall: 0.798867
Initial average recall with ef=150: 0.777023
Recall diff is too small for 1 consecutive steps, break.
Recall diff is too small for 1 consecutive steps, break.
Weighted average ef: 591.547
Training convergence-bucket 5 [0, 0) with 300 queries (recall=0.95).
Average Recall: 0.688467
Initial average recall with ef=100: 0.674775
Average Recall: 0.758
Initial average recall with ef=150: 0.748534
Weighted average ef: 685.107
Training convergence-bucket 6 [0, 0) with 300 queries (recall=0.95).
Average Recall: 0.737458
Initial average recall with ef=100: 0.71928
Average Recall: 0.802434
Initial average recall with ef=150: 0.78848
Weighted average ef: 598.517
Training convergence-bucket 7 [0, 0.00383526) with 300 queries (recall=0.95).
Average Recall: 0.8657
Initial average recall with ef=100: 0.860698
Average Recall: 0.9071
Initial average recall with ef=150: 0.904225
Weighted average ef: 330.537
Training convergence-bucket 8 [0.00383526, 8.97154) with 300 queries (recall=0.98).
Average Recall: 0.855867
Initial average recall with ef=100: 0.852134
Average Recall: 0.8949
Initial average recall with ef=150: 0.892648
Recall diff is too small for 1 consecutive steps, break.
Recall diff is too small for 1 consecutive steps, break.
Recall diff is too small for 1 consecutive steps, break.
Recall diff is too small for 1 consecutive steps, break.
Recall diff is too small for 1 consecutive steps, break.
Recall diff is too small for 1 consecutive steps, break.
Recall diff is too small for 1 consecutive steps, break.
Weighted average ef: 521.32
Training convergence-bucket 9 [8.97154, inf) with 300 queries (recall=0.98).
Average Recall: 0.756767
Initial average recall with ef=100: 0.738066
Average Recall: 0.814367
Initial average recall with ef=150: 0.797819
Recall diff is too small for 1 consecutive steps, break.
Recall diff is too small for 1 consecutive steps, break.
Recall diff is too small for 1 consecutive steps, break.
Recall diff is too small for 1 consecutive steps, break.
Recall diff is too small for 1 consecutive steps, break.
Weighted average ef: 707.59
Reconstructed True WAE: 243.497 (Hard Pct: 0.024)
  Avg Ef Hard (bucketed): 429.156 | Avg Ef Easy (bucketed): 238.932
****Weighted average ef: 243
Search time: 1346 ms
Search time: 1424 ms
Search time: 1344 ms
Average Recall: 0.95401
5th percentile recall: 0.81
1st percentile recall: 0.68
Median search time: 1346 ms
Search times: 1344 ms, 1346 ms, 1424 ms, 
word2vec-300-angular experiment results:
statisc_length, time, avg_recall, 5th_percentile_recall, 1st_percentile_recall, recall_above_99, recall_above_95, recall_above_90
33, 1346, 0.95401, 0.81, 0.68, 472, 686, 840
Experiment finished


Visited list size: 1025


Loading samplings from /home/yc.shea/experiments/shiro-ef/sampling/word2vec-300-angular-samplings--k100-ef.bin
Samplings loaded from /home/yc.shea/experiments/shiro-ef/sampling/word2vec-300-angular-samplings--k100-ef.bin
Average Recall: 0.82003
Initial average recall with ef=100: 0.8201
Average Recall: 0.867479
Initial average recall with ef=150: 0.868171
Weighted average ef: 531.174
EF-estimation table computing time: 20625 ms
Per-bucket recall: conv_p20=40.0553 hard_recall=0.95 easy_recall=0.98
Training convergence-bucket 0 [13.6502, 36.851) with 300 queries (recall=0.95).
Average Recall: 0.588833
Initial average recall with ef=100: 0.588293
Average Recall: 0.671833
Initial average recall with ef=150: 0.672474
Recall diff is too small for 1 consecutive steps, break.
Weighted average ef: 874.633
Training convergence-bucket 1 [36.851, 40.0553) with 300 queries (recall=0.95).
Average Recall: 0.609333
Initial average recall with ef=100: 0.613453
Average Recall: 0.692267
Initial average recall with ef=150: 0.698417
Weighted average ef: 860.953
Training convergence-bucket 2 [40.0553, 45.905) with 300 queries (recall=0.98).
Average Recall: 0.664248
Initial average recall with ef=100: 0.659928
Average Recall: 0.7421
Initial average recall with ef=150: 0.745197
Recall diff is too small for 1 consecutive steps, break.
Weighted average ef: 907.953
Training convergence-bucket 3 [45.905, 52.7299) with 300 queries (recall=0.98).
Average Recall: 0.7862
Initial average recall with ef=100: 0.786928
Average Recall: 0.844767
Initial average recall with ef=150: 0.846036
Recall diff is too small for 1 consecutive steps, break.
Recall diff is too small for 1 consecutive steps, break.
Recall diff is too small for 1 consecutive steps, break.
Weighted average ef: 868.59
Training convergence-bucket 4 [52.7299, 57.8759) with 300 queries (recall=0.98).
Average Recall: 0.8483
Initial average recall with ef=100: 0.850649
Average Recall: 0.8967
Initial average recall with ef=150: 0.899046
Recall diff is too small for 1 consecutive steps, break.
Recall diff is too small for 1 consecutive steps, break.
Recall diff is too small for 1 consecutive steps, break.
Recall diff is too small for 1 consecutive steps, break.
Recall diff is too small for 1 consecutive steps, break.
Recall diff is too small for 1 consecutive steps, break.
Recall diff is too small for 1 consecutive steps, break.
Weighted average ef: 627.05
Training convergence-bucket 5 [57.8759, 62.0518) with 300 queries (recall=0.98).
Average Recall: 0.900067
Initial average recall with ef=100: 0.901424
Average Recall: 0.9368
Initial average recall with ef=150: 0.938029
Recall diff is too small for 1 consecutive steps, break.
Recall diff is too small for 1 consecutive steps, break.
Recall diff is too small for 1 consecutive steps, break.
Weighted average ef: 398.33
Training convergence-bucket 6 [62.0518, 65.7271) with 300 queries (recall=0.98).
Average Recall: 0.918534
Initial average recall with ef=100: 0.919963
Average Recall: 0.9502
Initial average recall with ef=150: 0.952263
Recall diff is too small for 1 consecutive steps, break.
Weighted average ef: 295.677
Training convergence-bucket 7 [65.7271, 69.7432) with 300 queries (recall=0.98).
Average Recall: 0.9447
Initial average recall with ef=100: 0.946222
Average Recall: 0.9705
Initial average recall with ef=150: 0.971556
Recall diff is too small for 1 consecutive steps, break.
Weighted average ef: 195.497
Training convergence-bucket 8 [69.7432, 74.4169) with 300 queries (recall=0.98).
Average Recall: 0.963467
Initial average recall with ef=100: 0.964254
Average Recall: 0.981834
Initial average recall with ef=150: 0.982351
Weighted average ef: 157.46
Training convergence-bucket 9 [74.4169, inf) with 300 queries (recall=0.98).
Average Recall: 0.976167
Initial average recall with ef=100: 0.978655
Average Recall: 0.987867
Initial average recall with ef=150: 0.989382
Recall diff is too small for 1 consecutive steps, break.
Weighted average ef: 135.953
Reconstructed True WAE: 266.504 (Hard Pct: 0.024)
  Avg Ef Hard (bucketed): 904.319 | Avg Ef Easy (bucketed): 250.82
****Weighted average ef: 266
Search time: 2282 ms
Search time: 2209 ms
Search time: 2222 ms
Average Recall: 0.9768
5th percentile recall: 0.89
1st percentile recall: 0.82
Median search time: 2222 ms
Search times: 2209 ms, 2222 ms, 2282 ms, 
word2vec-300-angular experiment results:
statisc_length, time, avg_recall, 5th_percentile_recall, 1st_percentile_recall, recall_above_99, recall_above_95, recall_above_90
1025, 2222, 0.9768, 0.89, 0.82, 637, 839, 933
Experiment finished


Visited list size: 32769


Loading samplings from /home/yc.shea/experiments/shiro-ef/sampling/word2vec-300-angular-samplings--k100-ef.bin
Samplings loaded from /home/yc.shea/experiments/shiro-ef/sampling/word2vec-300-angular-samplings--k100-ef.bin
Average Recall: 0.980293
Initial average recall with ef=100: 0.9806
Average Recall: 0.980293
Initial average recall with ef=150: 0.9806
Recall diff is too small for 1 consecutive steps, break.
Recall diff is too small for 1 consecutive steps, break.
Recall diff is too small for 1 consecutive steps, break.
Recall diff is too small for 1 consecutive steps, break.
Recall diff is too small for 1 consecutive steps, break.
Recall diff is too small for 1 consecutive steps, break.
Recall diff is too small for 1 consecutive steps, break.
Recall diff is too small for 1 consecutive steps, break.
Weighted average ef: 102.767
EF-estimation table computing time: 83098 ms
Per-bucket recall: conv_p20=80.0457 hard_recall=0.95 easy_recall=0.98
Training convergence-bucket 0 [48.419, 76.1415) with 300 queries (recall=0.95).
Average Recall: 0.8888
Initial average recall with ef=100: 0.890732
Average Recall: 0.8888
Initial average recall with ef=150: 0.890732
Recall diff is too small for 1 consecutive steps, break.
Recall diff is too small for 1 consecutive steps, break.
Recall diff is too small for 1 consecutive steps, break.
Recall diff is too small for 1 consecutive steps, break.
Recall diff is too small for 1 consecutive steps, break.
Recall diff is too small for 1 consecutive steps, break.
Recall diff is too small for 1 consecutive steps, break.
Recall diff is too small for 1 consecutive steps, break.
Recall diff is too small for 1 consecutive steps, break.
Recall diff is too small for 1 consecutive steps, break.
Recall diff is too small for 1 consecutive steps, break.
Recall diff is too small for 1 consecutive steps, break.
Weighted average ef: 141.76
Training convergence-bucket 1 [76.1415, 80.0457) with 300 queries (recall=0.95).
Average Recall: 0.968167
Initial average recall with ef=100: 0.969246
Average Recall: 0.968167
Initial average recall with ef=150: 0.969246
Recall diff is too small for 1 consecutive steps, break.
Recall diff is too small for 1 consecutive steps, break.
Weighted average ef: 97.8333
Training convergence-bucket 2 [80.0457, 82.9005) with 300 queries (recall=0.98).
Average Recall: 0.979867
Initial average recall with ef=100: 0.981004
Average Recall: 0.979867
Initial average recall with ef=150: 0.981004
Recall diff is too small for 1 consecutive steps, break.
Recall diff is too small for 1 consecutive steps, break.
Recall diff is too small for 1 consecutive steps, break.
Recall diff is too small for 1 consecutive steps, break.
Recall diff is too small for 1 consecutive steps, break.
Recall diff is too small for 1 consecutive steps, break.
Recall diff is too small for 1 consecutive steps, break.
Recall diff is too small for 1 consecutive steps, break.
Weighted average ef: 103.863
Training convergence-bucket 3 [82.9005, 85.2073) with 300 queries (recall=0.98).
Average Recall: 0.986067
Initial average recall with ef=100: 0.988679
Average Recall: 0.986067
Initial average recall with ef=150: 0.988679
Recall diff is too small for 1 consecutive steps, break.
Recall diff is too small for 1 consecutive steps, break.
Recall diff is too small for 1 consecutive steps, break.
Recall diff is too small for 1 consecutive steps, break.
Recall diff is too small for 1 consecutive steps, break.
Recall diff is too small for 1 consecutive steps, break.
Weighted average ef: 98.52
Training convergence-bucket 4 [85.2073, 87.3872) with 300 queries (recall=0.98).
Average Recall: 0.991633
Initial average recall with ef=100: 0.994481
Average Recall: 0.991633
Initial average recall with ef=150: 0.994481
Recall diff is too small for 1 consecutive steps, break.
Weighted average ef: 90
Training convergence-bucket 5 [87.3872, 89.1899) with 300 queries (recall=0.98).
Average Recall: 0.994634
Initial average recall with ef=100: 0.995665
Average Recall: 0.994634
Initial average recall with ef=150: 0.995665
Recall diff is too small for 1 consecutive steps, break.
Recall diff is too small for 1 consecutive steps, break.
Recall diff is too small for 1 consecutive steps, break.
Weighted average ef: 89.6867
Training convergence-bucket 6 [89.1899, 90.6718) with 300 queries (recall=0.98).
Average Recall: 0.998067
Initial average recall with ef=100: 0.999122
Average Recall: 0.998067
Initial average recall with ef=150: 0.999122
Weighted average ef: 87.3333
Training convergence-bucket 7 [90.6718, 91.8) with 300 queries (recall=0.98).
Average Recall: 0.998367
Initial average recall with ef=100: 0.998769
Average Recall: 0.998367
Initial average recall with ef=150: 0.998769
Recall diff is too small for 1 consecutive steps, break.
Weighted average ef: 90.18
Training convergence-bucket 8 [91.8, 92.9502) with 300 queries (recall=0.98).
Average Recall: 0.998233
Initial average recall with ef=100: 0.999046
Average Recall: 0.998233
Initial average recall with ef=150: 0.999046
Weighted average ef: 87.3333
Training convergence-bucket 9 [92.9502, inf) with 300 queries (recall=0.98).
Average Recall: 0.999133
Initial average recall with ef=100: 0.999317
Average Recall: 0.999133
Initial average recall with ef=150: 0.999317
Weighted average ef: 92.6667
Reconstructed True WAE: 100.187 (Hard Pct: 0.024)
  Avg Ef Hard (bucketed): 103.128 | Avg Ef Easy (bucketed): 100.115
****Weighted average ef: 100
Search time: 13470 ms
Search time: 13364 ms
Search time: 13228 ms
Average Recall: 0.98938
5th percentile recall: 0.94
1st percentile recall: 0.87
Median search time: 13364 ms
Search times: 13228 ms, 13364 ms, 13470 ms, 
word2vec-300-angular experiment results:
statisc_length, time, avg_recall, 5th_percentile_recall, 1st_percentile_recall, recall_above_99, recall_above_95, recall_above_90
32769, 13364, 0.98938, 0.94, 0.87, 814, 924, 976
Experiment finished
Dataset: sift10m-128-euclidean
Metric: l2
Truncation ratio: 1
Data vectors dimensions: 10000000 x 128
Query vectors dimensions: 1000 x 128
Neighbors dimensions: 1000 x 100
Index loaded
Dimension of space:128
Data size of space:512
Samplings loaded


Visited list size: 33


Loading samplings from /home/yc.shea/experiments/shiro-ef/sampling/sift10m-128-euclidean-samplings--k100-ef.bin
Samplings loaded from /home/yc.shea/experiments/shiro-ef/sampling/sift10m-128-euclidean-samplings--k100-ef.bin
Average Recall: 0.856017
Initial average recall with ef=100: 0.85627
Average Recall: 0.902509
Initial average recall with ef=150: 0.9027
Weighted average ef: 293.136
EF-estimation table computing time: 11358 ms
Per-bucket recall: conv_p20=0 hard_recall=0.95 easy_recall=0.98
Training convergence-bucket 0 [0, 0) with 300 queries (recall=0.95).
Average Recall: 0.9055
Initial average recall with ef=100: 0.910036
Average Recall: 0.9427
Initial average recall with ef=150: 0.945491
Weighted average ef: 175.01
Training convergence-bucket 1 [0, 0) with 300 queries (recall=0.95).
Average Recall: 0.896633
Initial average recall with ef=100: 0.9004
Average Recall: 0.938634
Initial average recall with ef=150: 0.9412
Weighted average ef: 170.72
Training convergence-bucket 2 [0, 0) with 300 queries (recall=0.95).
Average Recall: 0.897267
Initial average recall with ef=100: 0.900478
Average Recall: 0.938734
Initial average recall with ef=150: 0.941765
Weighted average ef: 181.193
Training convergence-bucket 3 [0, 0) with 300 queries (recall=0.95).
Average Recall: 0.894734
Initial average recall with ef=100: 0.896066
Average Recall: 0.933967
Initial average recall with ef=150: 0.935331
Weighted average ef: 181.737
Training convergence-bucket 4 [0, 0) with 300 queries (recall=0.95).
Average Recall: 0.761167
Initial average recall with ef=100: 0.75218
Average Recall: 0.821633
Initial average recall with ef=150: 0.813383
Weighted average ef: 483.47
Training convergence-bucket 5 [0, 0) with 300 queries (recall=0.95).
Average Recall: 0.7945
Initial average recall with ef=100: 0.791498
Average Recall: 0.854167
Initial average recall with ef=150: 0.851835
Recall diff is too small for 1 consecutive steps, break.
Recall diff is too small for 1 consecutive steps, break.
Weighted average ef: 390.687
Training convergence-bucket 6 [0, 0) with 300 queries (recall=0.95).
Average Recall: 0.759167
Initial average recall with ef=100: 0.754961
Average Recall: 0.825834
Initial average recall with ef=150: 0.822031
Recall diff is too small for 1 consecutive steps, break.
Weighted average ef: 448.94
Training convergence-bucket 7 [0, 0.000209119) with 300 queries (recall=0.95).
Average Recall: 0.894167
Initial average recall with ef=100: 0.896803
Average Recall: 0.934334
Initial average recall with ef=150: 0.936914
Recall diff is too small for 1 consecutive steps, break.
Weighted average ef: 183.69
Training convergence-bucket 8 [0.000209119, 5.52459) with 300 queries (recall=0.98).
Average Recall: 0.901734
Initial average recall with ef=100: 0.91962
Average Recall: 0.9352
Initial average recall with ef=150: 0.94943
Recall diff is too small for 1 consecutive steps, break.
Recall diff is too small for 1 consecutive steps, break.
Recall diff is too small for 1 consecutive steps, break.
Recall diff is too small for 1 consecutive steps, break.
Weighted average ef: 263.983
Training convergence-bucket 9 [5.52459, inf) with 300 queries (recall=0.98).
Average Recall: 0.855367
Initial average recall with ef=100: 0.860952
Average Recall: 0.899967
Initial average recall with ef=150: 0.904542
Recall diff is too small for 1 consecutive steps, break.
Recall diff is too small for 1 consecutive steps, break.
Recall diff is too small for 1 consecutive steps, break.
Recall diff is too small for 1 consecutive steps, break.
Recall diff is too small for 1 consecutive steps, break.
Weighted average ef: 449.917
Reconstructed True WAE: 191.903 (Hard Pct: 0.02)
  Avg Ef Hard (bucketed): 311.503 | Avg Ef Easy (bucketed): 189.462
****Weighted average ef: 191
Search time: 912 ms
Search time: 911 ms
Search time: 922 ms
Average Recall: 0.95693
5th percentile recall: 0.86
1st percentile recall: 0.79
Median search time: 912 ms
Search times: 911 ms, 912 ms, 922 ms, 
sift10m-128-euclidean experiment results:
statisc_length, time, avg_recall, 5th_percentile_recall, 1st_percentile_recall, recall_above_99, recall_above_95, recall_above_90
33, 912, 0.95693, 0.86, 0.79, 387, 657, 863
Experiment finished


Visited list size: 1025


Loading samplings from /home/yc.shea/experiments/shiro-ef/sampling/sift10m-128-euclidean-samplings--k100-ef.bin
Samplings loaded from /home/yc.shea/experiments/shiro-ef/sampling/sift10m-128-euclidean-samplings--k100-ef.bin
Average Recall: 0.856011
Initial average recall with ef=100: 0.856315
Average Recall: 0.902513
Initial average recall with ef=150: 0.902814
Weighted average ef: 299.369
EF-estimation table computing time: 14243 ms
Per-bucket recall: conv_p20=43.9052 hard_recall=0.95 easy_recall=0.98
Training convergence-bucket 0 [25.6326, 40.8522) with 300 queries (recall=0.95).
Average Recall: 0.6557
Initial average recall with ef=100: 0.655017
Average Recall: 0.7357
Initial average recall with ef=150: 0.735813
Weighted average ef: 738.057
Training convergence-bucket 1 [40.8522, 43.9052) with 300 queries (recall=0.95).
Average Recall: 0.6922
Initial average recall with ef=100: 0.691365
Average Recall: 0.7701
Initial average recall with ef=150: 0.769625
Weighted average ef: 622.07
Training convergence-bucket 2 [43.9052, 49.5591) with 300 queries (recall=0.98).
Average Recall: 0.772167
Initial average recall with ef=100: 0.771632
Average Recall: 0.8429
Initial average recall with ef=150: 0.842396
Recall diff is too small for 1 consecutive steps, break.
Weighted average ef: 667.26
Training convergence-bucket 3 [49.5591, 53.5044) with 300 queries (recall=0.98).
Average Recall: 0.8279
Initial average recall with ef=100: 0.827109
Average Recall: 0.886266
Initial average recall with ef=150: 0.885646
Recall diff is too small for 1 consecutive steps, break.
Weighted average ef: 476.44
Training convergence-bucket 4 [53.5044, 57.6866) with 300 queries (recall=0.98).
Average Recall: 0.8677
Initial average recall with ef=100: 0.865517
Average Recall: 0.919066
Initial average recall with ef=150: 0.917414
Recall diff is too small for 1 consecutive steps, break.
Weighted average ef: 357.447
Training convergence-bucket 5 [57.6866, 60.9502) with 300 queries (recall=0.98).
Average Recall: 0.899567
Initial average recall with ef=100: 0.900206
Average Recall: 0.9427
Initial average recall with ef=150: 0.94339
Weighted average ef: 300.147
Training convergence-bucket 6 [60.9502, 64.8344) with 300 queries (recall=0.98).
Average Recall: 0.926633
Initial average recall with ef=100: 0.927578
Average Recall: 0.961734
Initial average recall with ef=150: 0.962664
Recall diff is too small for 1 consecutive steps, break.
Weighted average ef: 219.8
Training convergence-bucket 7 [64.8344, 69.4434) with 300 queries (recall=0.98).
Average Recall: 0.955167
Initial average recall with ef=100: 0.956531
Average Recall: 0.980734
Initial average recall with ef=150: 0.981599
Weighted average ef: 167.25
Training convergence-bucket 8 [69.4434, 74.9222) with 300 queries (recall=0.98).
Average Recall: 0.972767
Initial average recall with ef=100: 0.973547
Average Recall: 0.989067
Initial average recall with ef=150: 0.989527
Weighted average ef: 133.167
Training convergence-bucket 9 [74.9222, inf) with 300 queries (recall=0.98).
Average Recall: 0.990367
Initial average recall with ef=100: 0.990791
Average Recall: 0.996934
Initial average recall with ef=150: 0.997217
Weighted average ef: 101.333
Reconstructed True WAE: 189.968 (Hard Pct: 0.02)
  Avg Ef Hard (bucketed): 684.97 | Avg Ef Easy (bucketed): 179.866
****Weighted average ef: 189
Search time: 1515 ms
Search time: 1507 ms
Search time: 1503 ms
Average Recall: 0.98493
5th percentile recall: 0.95
1st percentile recall: 0.92
Median search time: 1507 ms
Search times: 1503 ms, 1507 ms, 1515 ms, 
sift10m-128-euclidean experiment results:
statisc_length, time, avg_recall, 5th_percentile_recall, 1st_percentile_recall, recall_above_99, recall_above_95, recall_above_90
1025, 1507, 0.98493, 0.95, 0.92, 626, 937, 997
Experiment finished


Visited list size: 32769


Loading samplings from /home/yc.shea/experiments/shiro-ef/sampling/sift10m-128-euclidean-samplings--k100-ef.bin
Samplings loaded from /home/yc.shea/experiments/shiro-ef/sampling/sift10m-128-euclidean-samplings--k100-ef.bin
Average Recall: 0.995549
Initial average recall with ef=100: 0.995621
Average Recall: 0.995549
Initial average recall with ef=150: 0.995621
Weighted average ef: 99.8667
EF-estimation table computing time: 78545 ms
Per-bucket recall: conv_p20=75.9903 hard_recall=0.95 easy_recall=0.98
Training convergence-bucket 0 [60.2114, 72.1708) with 300 queries (recall=0.95).
Average Recall: 0.976134
Initial average recall with ef=100: 0.976542
Average Recall: 0.976134
Initial average recall with ef=150: 0.976542
Weighted average ef: 98.3333
Training convergence-bucket 1 [72.1708, 75.9903) with 300 queries (recall=0.95).
Average Recall: 0.988734
Initial average recall with ef=100: 0.988784
Average Recall: 0.988734
Initial average recall with ef=150: 0.988784
Weighted average ef: 98.6667
Training convergence-bucket 2 [75.9903, 79.4676) with 300 queries (recall=0.98).
Average Recall: 0.994867
Initial average recall with ef=100: 0.994865
Average Recall: 0.994867
Initial average recall with ef=150: 0.994865
Recall diff is too small for 1 consecutive steps, break.
Weighted average ef: 99.3333
Training convergence-bucket 3 [79.4676, 82.3911) with 300 queries (recall=0.98).
Average Recall: 0.997833
Initial average recall with ef=100: 0.99783
Average Recall: 0.997833
Initial average recall with ef=150: 0.99783
Weighted average ef: 98.3333
Training convergence-bucket 4 [82.3911, 85.0692) with 300 queries (recall=0.98).
Average Recall: 0.9991
Initial average recall with ef=100: 0.999153
Average Recall: 0.9991
Initial average recall with ef=150: 0.999153
Weighted average ef: 98.3333
Training convergence-bucket 5 [85.0692, 87.2047) with 300 queries (recall=0.98).
Average Recall: 0.999333
Initial average recall with ef=100: 0.999324
Average Recall: 0.999333
Initial average recall with ef=150: 0.999324
Weighted average ef: 98.6667
Training convergence-bucket 6 [87.2047, 89.0125) with 300 queries (recall=0.98).
Average Recall: 0.999833
Initial average recall with ef=100: 0.999828
Average Recall: 0.999833
Initial average recall with ef=150: 0.999828
Weighted average ef: 96.6667
Training convergence-bucket 7 [89.0125, 90.5778) with 300 queries (recall=0.98).
Average Recall: 0.9998
Initial average recall with ef=100: 0.999791
Average Recall: 0.9998
Initial average recall with ef=150: 0.999791
Weighted average ef: 95.6667
Training convergence-bucket 8 [90.5778, 92.1366) with 300 queries (recall=0.98).
Average Recall: 0.999933
Initial average recall with ef=100: 0.999931
Average Recall: 0.999933
Initial average recall with ef=150: 0.999931
Weighted average ef: 97.3333
Training convergence-bucket 9 [92.1366, inf) with 300 queries (recall=0.98).
Average Recall: 0.999933
Initial average recall with ef=100: 0.999931
Average Recall: 0.999933
Initial average recall with ef=150: 0.999931
Weighted average ef: 97.3333
Reconstructed True WAE: 100 (Hard Pct: 0.02)
  Avg Ef Hard (bucketed): 100 | Avg Ef Easy (bucketed): 100
****Weighted average ef: 100
Search time: 12732 ms
Search time: 12561 ms
Search time: 12964 ms
Average Recall: 0.99786
5th percentile recall: 0.99
1st percentile recall: 0.97
Median search time: 12732 ms
Search times: 12561 ms, 12732 ms, 12964 ms, 
sift10m-128-euclidean experiment results:
statisc_length, time, avg_recall, 5th_percentile_recall, 1st_percentile_recall, recall_above_99, recall_above_95, recall_above_90
32769, 12732, 0.99786, 0.99, 0.97, 955, 998, 999
Experiment finished
Dataset: gist-960-euclidean
Metric: l2
Truncation ratio: 1
Data vectors dimensions: 1000000 x 960
Query vectors dimensions: 1000 x 960
Neighbors dimensions: 1000 x 100
Index loaded
Dimension of space:960
Data size of space:3840
Samplings loaded


Visited list size: 33


Loading samplings from /home/yc.shea/experiments/shiro-ef/sampling/gist-960-euclidean-samplings--k100-ef.bin
Samplings loaded from /home/yc.shea/experiments/shiro-ef/sampling/gist-960-euclidean-samplings--k100-ef.bin
Average Recall: 0.726246
Initial average recall with ef=100: 0.726821
Average Recall: 0.799901
Initial average recall with ef=150: 0.800457
Weighted average ef: 624.56
EF-estimation table computing time: 76719 ms
Per-bucket recall: conv_p20=0 hard_recall=0.95 easy_recall=0.98
Training convergence-bucket 0 [0, 0) with 300 queries (recall=0.95).
Average Recall: 0.752267
Initial average recall with ef=100: 0.747396
Average Recall: 0.825067
Initial average recall with ef=150: 0.822113
Recall diff is too small for 1 consecutive steps, break.
Recall diff is too small for 1 consecutive steps, break.
Weighted average ef: 434.893
Training convergence-bucket 1 [0, 0) with 300 queries (recall=0.95).
Average Recall: 0.735533
Initial average recall with ef=100: 0.72893
Average Recall: 0.812167
Initial average recall with ef=150: 0.807528
Recall diff is too small for 1 consecutive steps, break.
Recall diff is too small for 1 consecutive steps, break.
Weighted average ef: 495.757
Training convergence-bucket 2 [0, 0) with 300 queries (recall=0.95).
Average Recall: 0.7508
Initial average recall with ef=100: 0.738097
Average Recall: 0.8229
Initial average recall with ef=150: 0.813694
Weighted average ef: 500.367
Training convergence-bucket 3 [0, 0) with 300 queries (recall=0.95).
Average Recall: 0.7592
Initial average recall with ef=100: 0.750332
Average Recall: 0.831534
Initial average recall with ef=150: 0.823764
Recall diff is too small for 1 consecutive steps, break.
Recall diff is too small for 1 consecutive steps, break.
Weighted average ef: 475.357
Training convergence-bucket 4 [0, 0) with 300 queries (recall=0.95).
Average Recall: 0.754433
Initial average recall with ef=100: 0.742953
Average Recall: 0.823566
Initial average recall with ef=150: 0.814606
Recall diff is too small for 1 consecutive steps, break.
Recall diff is too small for 1 consecutive steps, break.
Weighted average ef: 445.307
Training convergence-bucket 5 [0, 0) with 300 queries (recall=0.95).
Average Recall: 0.625933
Initial average recall with ef=100: 0.598855
Average Recall: 0.7112
Initial average recall with ef=150: 0.68897
Recall diff is too small for 1 consecutive steps, break.
Recall diff is too small for 1 consecutive steps, break.
Weighted average ef: 973.83
Training convergence-bucket 6 [0, 0) with 300 queries (recall=0.95).
Average Recall: 0.596867
Initial average recall with ef=100: 0.567857
Average Recall: 0.681933
Initial average recall with ef=150: 0.656706
Recall diff is too small for 1 consecutive steps, break.
Weighted average ef: 947.877
Training convergence-bucket 7 [0, 0) with 300 queries (recall=0.95).
Average Recall: 0.752634
Initial average recall with ef=100: 0.743779
Average Recall: 0.825533
Initial average recall with ef=150: 0.819084
Weighted average ef: 467.853
Training convergence-bucket 8 [0, 8.97154) with 300 queries (recall=0.98).
Average Recall: 0.7895
Initial average recall with ef=100: 0.782024
Average Recall: 0.851333
Initial average recall with ef=150: 0.84619
Recall diff is too small for 1 consecutive steps, break.
Recall diff is too small for 1 consecutive steps, break.
Recall diff is too small for 1 consecutive steps, break.
Recall diff is too small for 1 consecutive steps, break.
Recall diff is too small for 1 consecutive steps, break.
Recall diff is too small for 1 consecutive steps, break.
Weighted average ef: 923.977
Training convergence-bucket 9 [8.97154, inf) with 300 queries (recall=0.98).
Average Recall: 0.7453
Initial average recall with ef=100: 0.742612
Average Recall: 0.8138
Initial average recall with ef=150: 0.811119
Recall diff is too small for 1 consecutive steps, break.
Recall diff is too small for 1 consecutive steps, break.
Recall diff is too small for 1 consecutive steps, break.
Recall diff is too small for 1 consecutive steps, break.
Recall diff is too small for 1 consecutive steps, break.
Recall diff is too small for 1 consecutive steps, break.
Recall diff is too small for 1 consecutive steps, break.
Recall diff is too small for 1 consecutive steps, break.
Recall diff is too small for 1 consecutive steps, break.
Recall diff is too small for 1 consecutive steps, break.
Recall diff is too small for 1 consecutive steps, break.
Weighted average ef: 1173.36
Reconstructed True WAE: 458.618 (Hard Pct: 0.0111)
  Avg Ef Hard (bucketed): 632.441 | Avg Ef Easy (bucketed): 456.667
****Weighted average ef: 458
Search time: 5426 ms
Search time: 5441 ms
Search time: 5456 ms
Average Recall: 0.95264
5th percentile recall: 0.85
1st percentile recall: 0.8
Median search time: 5441 ms
Search times: 5426 ms, 5441 ms, 5456 ms, 
gist-960-euclidean experiment results:
statisc_length, time, avg_recall, 5th_percentile_recall, 1st_percentile_recall, recall_above_99, recall_above_95, recall_above_90
33, 5441, 0.95264, 0.85, 0.8, 353, 587, 834
Experiment finished


Visited list size: 1025


Loading samplings from /home/yc.shea/experiments/shiro-ef/sampling/gist-960-euclidean-samplings--k100-ef.bin
Samplings loaded from /home/yc.shea/experiments/shiro-ef/sampling/gist-960-euclidean-samplings--k100-ef.bin
Average Recall: 0.726243
Initial average recall with ef=100: 0.725997
Average Recall: 0.799901
Initial average recall with ef=150: 0.799863
Recall diff is too small for 1 consecutive steps, break.
Weighted average ef: 642.249
EF-estimation table computing time: 85348 ms
Per-bucket recall: conv_p20=36.2647 hard_recall=0.95 easy_recall=0.98
Training convergence-bucket 0 [25.3651, 33.1353) with 300 queries (recall=0.95).
Average Recall: 0.503567
Initial average recall with ef=100: 0.50189
Average Recall: 0.598533
Initial average recall with ef=150: 0.597388
Recall diff is too small for 1 consecutive steps, break.
Recall diff is too small for 1 consecutive steps, break.
Weighted average ef: 1418.12
Training convergence-bucket 1 [33.1353, 36.2647) with 300 queries (recall=0.95).
Average Recall: 0.5618
Initial average recall with ef=100: 0.562341
Average Recall: 0.6548
Initial average recall with ef=150: 0.655117
Weighted average ef: 1208.1
Training convergence-bucket 2 [36.2647, 39.2767) with 300 queries (recall=0.98).
Average Recall: 0.6292
Initial average recall with ef=100: 0.632755
Average Recall: 0.716667
Initial average recall with ef=150: 0.71932
Recall diff is too small for 1 consecutive steps, break.
Recall diff is too small for 1 consecutive steps, break.
Recall diff is too small for 1 consecutive steps, break.
Recall diff is too small for 1 consecutive steps, break.
Weighted average ef: 1584.18
Training convergence-bucket 3 [39.2767, 41.989) with 300 queries (recall=0.98).
Average Recall: 0.662433
Initial average recall with ef=100: 0.666944
Average Recall: 0.755067
Initial average recall with ef=150: 0.759444
Recall diff is too small for 1 consecutive steps, break.
Recall diff is too small for 1 consecutive steps, break.
Recall diff is too small for 1 consecutive steps, break.
Recall diff is too small for 1 consecutive steps, break.
Weighted average ef: 1164.02
Training convergence-bucket 4 [41.989, 45.0088) with 300 queries (recall=0.98).
Average Recall: 0.699867
Initial average recall with ef=100: 0.700414
Average Recall: 0.787267
Initial average recall with ef=150: 0.787862
Recall diff is too small for 1 consecutive steps, break.
Recall diff is too small for 1 consecutive steps, break.
Recall diff is too small for 1 consecutive steps, break.
Recall diff is too small for 1 consecutive steps, break.
Weighted average ef: 1099.88
Training convergence-bucket 5 [45.0088, 48.08) with 300 queries (recall=0.98).
Average Recall: 0.751
Initial average recall with ef=100: 0.753881
Average Recall: 0.829167
Initial average recall with ef=150: 0.832657
Recall diff is too small for 1 consecutive steps, break.
Recall diff is too small for 1 consecutive steps, break.
Recall diff is too small for 1 consecutive steps, break.
Weighted average ef: 843.767
Training convergence-bucket 6 [48.08, 51.9007) with 300 queries (recall=0.98).
Average Recall: 0.781033
Initial average recall with ef=100: 0.781631
Average Recall: 0.8552
Initial average recall with ef=150: 0.855816
Recall diff is too small for 1 consecutive steps, break.
Recall diff is too small for 1 consecutive steps, break.
Weighted average ef: 667.69
Training convergence-bucket 7 [51.9007, 57.2243) with 300 queries (recall=0.98).
Average Recall: 0.826267
Initial average recall with ef=100: 0.832014
Average Recall: 0.8873
Initial average recall with ef=150: 0.892266
Recall diff is too small for 1 consecutive steps, break.
Recall diff is too small for 1 consecutive steps, break.
Recall diff is too small for 1 consecutive steps, break.
Weighted average ef: 513.037
Training convergence-bucket 8 [57.2243, 65.9373) with 300 queries (recall=0.98).
Average Recall: 0.891
Initial average recall with ef=100: 0.891667
Average Recall: 0.9371
Initial average recall with ef=150: 0.937411
Recall diff is too small for 1 consecutive steps, break.
Recall diff is too small for 1 consecutive steps, break.
Weighted average ef: 320.317
Training convergence-bucket 9 [65.9373, inf) with 300 queries (recall=0.98).
Average Recall: 0.956267
Initial average recall with ef=100: 0.960601
Average Recall: 0.977933
Initial average recall with ef=150: 0.981237
Weighted average ef: 163.037
Reconstructed True WAE: 561.044 (Hard Pct: 0.0111)
  Avg Ef Hard (bucketed): 1574.95 | Avg Ef Easy (bucketed): 549.663
****Weighted average ef: 561
Search time: 8650 ms
Search time: 8914 ms
Search time: 8920 ms
Average Recall: 0.98183
5th percentile recall: 0.94
1st percentile recall: 0.91
Median search time: 8914 ms
Search times: 8650 ms, 8914 ms, 8920 ms, 
gist-960-euclidean experiment results:
statisc_length, time, avg_recall, 5th_percentile_recall, 1st_percentile_recall, recall_above_99, recall_above_95, recall_above_90
1025, 8914, 0.98183, 0.94, 0.91, 568, 889, 993
Experiment finished


Visited list size: 32769


Loading samplings from /home/yc.shea/experiments/shiro-ef/sampling/gist-960-euclidean-samplings--k100-ef.bin
Samplings loaded from /home/yc.shea/experiments/shiro-ef/sampling/gist-960-euclidean-samplings--k100-ef.bin
Average Recall: 0.982066
Initial average recall with ef=100: 0.98226
Average Recall: 0.982066
Initial average recall with ef=150: 0.98226
Weighted average ef: 435.733
EF-estimation table computing time: 146749 ms
Per-bucket recall: conv_p20=75.384 hard_recall=0.95 easy_recall=0.98
Training convergence-bucket 0 [63.4613, 72.7335) with 300 queries (recall=0.95).
Average Recall: 0.930533
Initial average recall with ef=100: 0.931655
Average Recall: 0.930533
Initial average recall with ef=150: 0.931655
Weighted average ef: 3246.93
Training convergence-bucket 1 [72.7335, 75.384) with 300 queries (recall=0.95).
Average Recall: 0.963067
Initial average recall with ef=100: 0.963864
Average Recall: 0.963067
Initial average recall with ef=150: 0.963864
Recall diff is too small for 1 consecutive steps, break.
Weighted average ef: 232.833
Training convergence-bucket 2 [75.384, 77.3959) with 300 queries (recall=0.98).
Average Recall: 0.973501
Initial average recall with ef=100: 0.973411
Average Recall: 0.973501
Initial average recall with ef=150: 0.973411
Weighted average ef: 2462.99
Training convergence-bucket 3 [77.3959, 79.3997) with 300 queries (recall=0.98).
Average Recall: 0.983001
Initial average recall with ef=100: 0.983932
Average Recall: 0.983001
Initial average recall with ef=150: 0.983932
Weighted average ef: 843.307
Training convergence-bucket 4 [79.3997, 81.5192) with 300 queries (recall=0.98).
Average Recall: 0.987834
Initial average recall with ef=100: 0.988247
Average Recall: 0.987834
Initial average recall with ef=150: 0.988247
Weighted average ef: 329.137
Training convergence-bucket 5 [81.5192, 83.6323) with 300 queries (recall=0.98).
Average Recall: 0.991967
Initial average recall with ef=100: 0.992483
Average Recall: 0.991967
Initial average recall with ef=150: 0.992483
Weighted average ef: 246.5
Training convergence-bucket 6 [83.6323, 85.6756) with 300 queries (recall=0.98).
Average Recall: 0.995367
Initial average recall with ef=100: 0.995917
Average Recall: 0.995367
Initial average recall with ef=150: 0.995917
Weighted average ef: 96.3333
Training convergence-bucket 7 [85.6756, 87.9767) with 300 queries (recall=0.98).
Average Recall: 0.996967
Initial average recall with ef=100: 0.997109
Average Recall: 0.996967
Initial average recall with ef=150: 0.997109
Weighted average ef: 98
Training convergence-bucket 8 [87.9767, 90.6296) with 300 queries (recall=0.98).
Average Recall: 0.998933
Initial average recall with ef=100: 0.999129
Average Recall: 0.998933
Initial average recall with ef=150: 0.999129
Weighted average ef: 95.6667
Training convergence-bucket 9 [90.6296, inf) with 300 queries (recall=0.98).
Average Recall: 0.999567
Initial average recall with ef=100: 0.999565
Average Recall: 0.999567
Initial average recall with ef=150: 0.999565
Weighted average ef: 92
Reconstructed True WAE: 138.445 (Hard Pct: 0.0111)
  Avg Ef Hard (bucketed): 934.862 | Avg Ef Easy (bucketed): 129.505
****Weighted average ef: 138
Search time: 24882 ms
Search time: 24214 ms
Search time: 24509 ms
Average Recall: 0.98898
5th percentile recall: 0.95
1st percentile recall: 0.94
Median search time: 24509 ms
Search times: 24214 ms, 24509 ms, 24882 ms, 
gist-960-euclidean experiment results:
statisc_length, time, avg_recall, 5th_percentile_recall, 1st_percentile_recall, recall_above_99, recall_above_95, recall_above_90
32769, 24509, 0.98898, 0.95, 0.94, 729, 949, 998
Experiment finished
Dataset: tiny5m-384-euclidean
Metric: l2
Truncation ratio: 1
Data vectors dimensions: 5000000 x 384
Query vectors dimensions: 1000 x 384
Neighbors dimensions: 1000 x 100
Index loaded
Dimension of space:384
Data size of space:1536
Samplings loaded


Visited list size: 33


Loading samplings from /home/yc.shea/experiments/shiro-ef/sampling/tiny5m-384-euclidean-samplings--k100-ef.bin
Samplings loaded from /home/yc.shea/experiments/shiro-ef/sampling/tiny5m-384-euclidean-samplings--k100-ef.bin
Average Recall: 0.64064
Initial average recall with ef=100: 0.640358
Average Recall: 0.712267
Initial average recall with ef=150: 0.711846
Recall diff is too small for 1 consecutive steps, break.
Recall diff is too small for 1 consecutive steps, break.
Recall diff is too small for 1 consecutive steps, break.
Weighted average ef: 1235.01
EF-estimation table computing time: 115118 ms
Per-bucket recall: conv_p20=0 hard_recall=0.95 easy_recall=0.98
Training convergence-bucket 0 [0, 0) with 300 queries (recall=0.95).
Average Recall: 0.651333
Initial average recall with ef=100: 0.635985
Average Recall: 0.722967
Initial average recall with ef=150: 0.709517
Recall diff is too small for 1 consecutive steps, break.
Recall diff is too small for 1 consecutive steps, break.
Recall diff is too small for 1 consecutive steps, break.
Weighted average ef: 1081.29
Training convergence-bucket 1 [0, 0) with 300 queries (recall=0.95).
Average Recall: 0.66806
Initial average recall with ef=100: 0.66384
Average Recall: 0.738495
Initial average recall with ef=150: 0.73422
Recall diff is too small for 1 consecutive steps, break.
Recall diff is too small for 1 consecutive steps, break.
Recall diff is too small for 1 consecutive steps, break.
Recall diff is too small for 1 consecutive steps, break.
Recall diff is too small for 1 consecutive steps, break.
Recall diff is too small for 1 consecutive steps, break.
Weighted average ef: 853.263
Training convergence-bucket 2 [0, 0) with 300 queries (recall=0.95).
Average Recall: 0.647257
Initial average recall with ef=100: 0.629361
Average Recall: 0.720368
Initial average recall with ef=150: 0.703496
Recall diff is too small for 1 consecutive steps, break.
Recall diff is too small for 1 consecutive steps, break.
Recall diff is too small for 1 consecutive steps, break.
Recall diff is too small for 1 consecutive steps, break.
Weighted average ef: 1031.85
Training convergence-bucket 3 [0, 0) with 300 queries (recall=0.95).
Average Recall: 0.652609
Initial average recall with ef=100: 0.632885
Average Recall: 0.726521
Initial average recall with ef=150: 0.709577
Recall diff is too small for 1 consecutive steps, break.
Recall diff is too small for 1 consecutive steps, break.
Weighted average ef: 1035.08
Training convergence-bucket 4 [0, 0) with 300 queries (recall=0.95).
Average Recall: 0.672366
Initial average recall with ef=100: 0.658613
Average Recall: 0.7438
Initial average recall with ef=150: 0.732518
Recall diff is too small for 1 consecutive steps, break.
Recall diff is too small for 1 consecutive steps, break.
Weighted average ef: 965.547
Training convergence-bucket 5 [0, 0) with 300 queries (recall=0.95).
Average Recall: 0.5917
Initial average recall with ef=100: 0.561825
Average Recall: 0.666566
Initial average recall with ef=150: 0.640799
Recall diff is too small for 1 consecutive steps, break.
Recall diff is too small for 1 consecutive steps, break.
Weighted average ef: 1550.76
Training convergence-bucket 6 [0, 0) with 300 queries (recall=0.95).
Average Recall: 0.463333
Initial average recall with ef=100: 0.43658
Average Recall: 0.537
Initial average recall with ef=150: 0.511933
Recall diff is too small for 1 consecutive steps, break.
Recall diff is too small for 1 consecutive steps, break.
Recall diff is too small for 1 consecutive steps, break.
Recall diff is too small for 1 consecutive steps, break.
Weighted average ef: 2399.8
Training convergence-bucket 7 [0, 0) with 300 queries (recall=0.95).
Average Recall: 0.646233
Initial average recall with ef=100: 0.630611
Average Recall: 0.719367
Initial average recall with ef=150: 0.706565
Recall diff is too small for 1 consecutive steps, break.
Recall diff is too small for 1 consecutive steps, break.
Recall diff is too small for 1 consecutive steps, break.
Weighted average ef: 1059.55
Training convergence-bucket 8 [0, 2.09491) with 300 queries (recall=0.95).
Average Recall: 0.699833
Initial average recall with ef=100: 0.675977
Average Recall: 0.768067
Initial average recall with ef=150: 0.747318
Recall diff is too small for 1 consecutive steps, break.
Recall diff is too small for 1 consecutive steps, break.
Recall diff is too small for 1 consecutive steps, break.
Recall diff is too small for 1 consecutive steps, break.
Weighted average ef: 857.857
Training convergence-bucket 9 [2.09491, inf) with 300 queries (recall=0.98).
Average Recall: 0.713833
Initial average recall with ef=100: 0.698423
Average Recall: 0.7797
Initial average recall with ef=150: 0.766423
Recall diff is too small for 1 consecutive steps, break.
Recall diff is too small for 1 consecutive steps, break.
Recall diff is too small for 1 consecutive steps, break.
Recall diff is too small for 1 consecutive steps, break.
Recall diff is too small for 1 consecutive steps, break.
Recall diff is too small for 1 consecutive steps, break.
Weighted average ef: 1583
Reconstructed True WAE: 1019.92 (Hard Pct: 0.00823333)
  Avg Ef Hard (bucketed): 1840.73 | Avg Ef Easy (bucketed): 1013.11
****Weighted average ef: 1019
Search time: 7471 ms
Search time: 7554 ms
Search time: 7554 ms
Average Recall: 0.95472
5th percentile recall: 0.85
1st percentile recall: 0.73
Median search time: 7554 ms
Search times: 7471 ms, 7554 ms, 7554 ms, 
tiny5m-384-euclidean experiment results:
statisc_length, time, avg_recall, 5th_percentile_recall, 1st_percentile_recall, recall_above_99, recall_above_95, recall_above_90
33, 7554, 0.95472, 0.85, 0.73, 413, 644, 855
Experiment finished


Visited list size: 1025


Loading samplings from /home/yc.shea/experiments/shiro-ef/sampling/tiny5m-384-euclidean-samplings--k100-ef.bin
Samplings loaded from /home/yc.shea/experiments/shiro-ef/sampling/tiny5m-384-euclidean-samplings--k100-ef.bin
Average Recall: 0.64064
Initial average recall with ef=100: 0.639839
Average Recall: 0.712267
Initial average recall with ef=150: 0.711505
Recall diff is too small for 1 consecutive steps, break.
Weighted average ef: 1244.61
EF-estimation table computing time: 124074 ms
Per-bucket recall: conv_p20=32.7229 hard_recall=0.95 easy_recall=0.98
Training convergence-bucket 0 [19.9269, 29.1617) with 300 queries (recall=0.95).
Average Recall: 0.368333
Initial average recall with ef=100: 0.365034
Average Recall: 0.449567
Initial average recall with ef=150: 0.446599
Recall diff is too small for 1 consecutive steps, break.
Recall diff is too small for 1 consecutive steps, break.
Weighted average ef: 3119.55
Training convergence-bucket 1 [29.1617, 32.7229) with 300 queries (recall=0.95).
Average Recall: 0.445967
Initial average recall with ef=100: 0.444403
Average Recall: 0.527967
Initial average recall with ef=150: 0.525904
Recall diff is too small for 1 consecutive steps, break.
Weighted average ef: 2289.54
Training convergence-bucket 2 [32.7229, 35.5877) with 300 queries (recall=0.98).
Average Recall: 0.4995
Initial average recall with ef=100: 0.49848
Average Recall: 0.5833
Initial average recall with ef=150: 0.582128
Recall diff is too small for 1 consecutive steps, break.
Recall diff is too small for 1 consecutive steps, break.
Recall diff is too small for 1 consecutive steps, break.
Recall diff is too small for 1 consecutive steps, break.
Weighted average ef: 3345.51
Training convergence-bucket 3 [35.5877, 38.2446) with 300 queries (recall=0.98).
Average Recall: 0.5344
Initial average recall with ef=100: 0.531439
Average Recall: 0.6181
Initial average recall with ef=150: 0.615719
Recall diff is too small for 1 consecutive steps, break.
Recall diff is too small for 1 consecutive steps, break.
Weighted average ef: 2773.15
Training convergence-bucket 4 [38.2446, 40.8709) with 300 queries (recall=0.98).
Average Recall: 0.5937
Initial average recall with ef=100: 0.591045
Average Recall: 0.6801
Initial average recall with ef=150: 0.677282
Recall diff is too small for 1 consecutive steps, break.
Recall diff is too small for 1 consecutive steps, break.
Weighted average ef: 2112.64
Training convergence-bucket 5 [40.8709, 44.4111) with 300 queries (recall=0.98).
Average Recall: 0.644033
Initial average recall with ef=100: 0.639897
Average Recall: 0.722767
Initial average recall with ef=150: 0.719034
Recall diff is too small for 1 consecutive steps, break.
Recall diff is too small for 1 consecutive steps, break.
Recall diff is too small for 1 consecutive steps, break.
Recall diff is too small for 1 consecutive steps, break.
Recall diff is too small for 1 consecutive steps, break.
Recall diff is too small for 1 consecutive steps, break.
Recall diff is too small for 1 consecutive steps, break.
Weighted average ef: 1710.65
Training convergence-bucket 6 [44.4111, 48.5404) with 300 queries (recall=0.98).
Average Recall: 0.733933
Initial average recall with ef=100: 0.736224
Average Recall: 0.811133
Initial average recall with ef=150: 0.813601
Recall diff is too small for 1 consecutive steps, break.
Weighted average ef: 943.817
Training convergence-bucket 7 [48.5404, 54.8204) with 300 queries (recall=0.98).
Average Recall: 0.788333
Initial average recall with ef=100: 0.794565
Average Recall: 0.8563
Initial average recall with ef=150: 0.862065
Recall diff is too small for 1 consecutive steps, break.
Recall diff is too small for 1 consecutive steps, break.
Weighted average ef: 721.5
Training convergence-bucket 8 [54.8204, 64.7424) with 300 queries (recall=0.98).
Average Recall: 0.8599
Initial average recall with ef=100: 0.858755
Average Recall: 0.911204
Initial average recall with ef=150: 0.910676
Recall diff is too small for 1 consecutive steps, break.
Recall diff is too small for 1 consecutive steps, break.
Recall diff is too small for 1 consecutive steps, break.
Weighted average ef: 502.707
Training convergence-bucket 9 [64.7424, inf) with 300 queries (recall=0.98).
Average Recall: 0.94104
Initial average recall with ef=100: 0.94417
Average Recall: 0.964598
Initial average recall with ef=150: 0.965851
Recall diff is too small for 1 consecutive steps, break.
Weighted average ef: 213.807
Reconstructed True WAE: 1150.2 (Hard Pct: 0.00823333)
  Avg Ef Hard (bucketed): 3481.07 | Avg Ef Easy (bucketed): 1130.85
****Weighted average ef: 1150
Search time: 10976 ms
Search time: 10259 ms
Search time: 10983 ms
Average Recall: 0.97661
5th percentile recall: 0.93
1st percentile recall: 0.88
Median search time: 10976 ms
Search times: 10259 ms, 10976 ms, 10983 ms, 
tiny5m-384-euclidean experiment results:
statisc_length, time, avg_recall, 5th_percentile_recall, 1st_percentile_recall, recall_above_99, recall_above_95, recall_above_90
1025, 10976, 0.97661, 0.93, 0.88, 519, 856, 976
Experiment finished


Visited list size: 32769


Loading samplings from /home/yc.shea/experiments/shiro-ef/sampling/tiny5m-384-euclidean-samplings--k100-ef.bin
Samplings loaded from /home/yc.shea/experiments/shiro-ef/sampling/tiny5m-384-euclidean-samplings--k100-ef.bin
Average Recall: 0.950041
Initial average recall with ef=100: 0.94997
Average Recall: 0.950041
Initial average recall with ef=150: 0.94997
Weighted average ef: 1816.62
EF-estimation table computing time: 145863 ms
Per-bucket recall: conv_p20=63.978 hard_recall=0.95 easy_recall=0.98
Training convergence-bucket 0 [53.0748, 60.5677) with 300 queries (recall=0.95).
Average Recall: 0.821834
Initial average recall with ef=100: 0.821833
Average Recall: 0.821834
Initial average recall with ef=150: 0.821833
Weighted average ef: 5000
Training convergence-bucket 1 [60.5677, 63.978) with 300 queries (recall=0.95).
Average Recall: 0.8855
Initial average recall with ef=100: 0.884882
Average Recall: 0.8855
Initial average recall with ef=150: 0.884882
Weighted average ef: 4950
Training convergence-bucket 2 [63.978, 67.128) with 300 queries (recall=0.98).
Average Recall: 0.923467
Initial average recall with ef=100: 0.923367
Average Recall: 0.923467
Initial average recall with ef=150: 0.923367
Weighted average ef: 4950
Training convergence-bucket 3 [67.128, 70.4949) with 300 queries (recall=0.98).
Average Recall: 0.947567
Initial average recall with ef=100: 0.947576
Average Recall: 0.947567
Initial average recall with ef=150: 0.947576
Weighted average ef: 4950
Training convergence-bucket 4 [70.4949, 73.5801) with 300 queries (recall=0.98).
Average Recall: 0.966434
Initial average recall with ef=100: 0.967085
Average Recall: 0.966434
Initial average recall with ef=150: 0.967085
Recall diff is too small for 1 consecutive steps, break.
Weighted average ef: 3557.5
Training convergence-bucket 5 [73.5801, 77.2919) with 300 queries (recall=0.98).
Average Recall: 0.9809
Initial average recall with ef=100: 0.981843
Average Recall: 0.9809
Initial average recall with ef=150: 0.981843
Weighted average ef: 976.373
Training convergence-bucket 6 [77.2919, 80.4493) with 300 queries (recall=0.98).
Average Recall: 0.9896
Initial average recall with ef=100: 0.990171
Average Recall: 0.9896
Initial average recall with ef=150: 0.990171
Weighted average ef: 315.787
Training convergence-bucket 7 [80.4493, 84.6535) with 300 queries (recall=0.98).
Average Recall: 0.995233
Initial average recall with ef=100: 0.995808
Average Recall: 0.995233
Initial average recall with ef=150: 0.995808
Weighted average ef: 196.163
Training convergence-bucket 8 [84.6535, 88.9975) with 300 queries (recall=0.98).
Average Recall: 0.997867
Initial average recall with ef=100: 0.998276
Average Recall: 0.997867
Initial average recall with ef=150: 0.998276
Weighted average ef: 178.333
Training convergence-bucket 9 [88.9975, inf) with 300 queries (recall=0.98).
Average Recall: 0.9921
Initial average recall with ef=100: 0.992976
Average Recall: 0.9921
Initial average recall with ef=150: 0.992976
Weighted average ef: 96.3333
Reconstructed True WAE: 1209.94 (Hard Pct: 0.00823333)
  Avg Ef Hard (bucketed): 4964.28 | Avg Ef Easy (bucketed): 1178.77
****Weighted average ef: 1209
Search time: 27754 ms
Search time: 27980 ms
Search time: 28164 ms
Average Recall: 0.98967
5th percentile recall: 0.97
1st percentile recall: 0.94
Median search time: 27980 ms
Search times: 27754 ms, 27980 ms, 28164 ms, 
tiny5m-384-euclidean experiment results:
statisc_length, time, avg_recall, 5th_percentile_recall, 1st_percentile_recall, recall_above_99, recall_above_95, recall_above_90
32769, 27980, 0.98967, 0.97, 0.94, 785, 971, 997
Experiment finished
Dataset: msmarco
Metric: cd
Truncation ratio: 1
Normalize the data vectors
Data vectors dimensions: 8841823 x 1536
Query vectors dimensions: 6980 x 1536
Neighbors dimensions: 6980 x 1000
Using AVX Inner Product distance
Index loaded
Dimension of space:1536
Data size of space:6144
Samplings loaded


Visited list size: 33


Loading samplings from /home/yc.shea/experiments/shiro-ef/sampling/msmarco-samplings--k1000-ef.bin
Samplings loaded from /home/yc.shea/experiments/shiro-ef/sampling/msmarco-samplings--k1000-ef.bin
Average Recall: 0.953913
Initial average recall with ef=1000: 0.953907
Average Recall: 0.973458
Initial average recall with ef=1500: 0.973448
Weighted average ef: 1318
EF-estimation table computing time: 135625 ms
Per-bucket recall: conv_p20=0 hard_recall=0.95 easy_recall=0.98
Training convergence-bucket 0 [0, 0) with 300 queries (recall=0.95).
Average Recall: 0.975453
Initial average recall with ef=1000: 0.977143
Average Recall: 0.987926
Initial average recall with ef=1500: 0.988892
Weighted average ef: 868.093
Training convergence-bucket 1 [0, 0) with 300 queries (recall=0.95).
Average Recall: 0.975566
Initial average recall with ef=1000: 0.975864
Average Recall: 0.988159
Initial average recall with ef=1500: 0.988288
Weighted average ef: 858.417
Training convergence-bucket 2 [0, 0) with 300 queries (recall=0.95).
Average Recall: 0.975229
Initial average recall with ef=1000: 0.975041
Average Recall: 0.988236
Initial average recall with ef=1500: 0.988012
Weighted average ef: 846
Training convergence-bucket 3 [0, 0) with 300 queries (recall=0.95).
Average Recall: 0.958796
Initial average recall with ef=1000: 0.956532
Average Recall: 0.976773
Initial average recall with ef=1500: 0.975198
Weighted average ef: 1110.3
Training convergence-bucket 4 [0, 0) with 300 queries (recall=0.95).
Average Recall: 0.877106
Initial average recall with ef=1000: 0.873924
Average Recall: 0.922287
Initial average recall with ef=1500: 0.919746
Weighted average ef: 2259.81
Training convergence-bucket 5 [0, 0) with 300 queries (recall=0.95).
Average Recall: 0.91214
Initial average recall with ef=1000: 0.908086
Average Recall: 0.946376
Initial average recall with ef=1500: 0.943801
Weighted average ef: 1594.83
Training convergence-bucket 6 [0, 0.00622819) with 300 queries (recall=0.95).
Average Recall: 0.953533
Initial average recall with ef=1000: 0.949878
Average Recall: 0.973213
Initial average recall with ef=1500: 0.970539
Weighted average ef: 1133.33
Training convergence-bucket 7 [0.00622819, 2.09491) with 300 queries (recall=0.98).
Average Recall: 0.977386
Initial average recall with ef=1000: 0.976329
Average Recall: 0.988456
Initial average recall with ef=1500: 0.987738
Weighted average ef: 1092.21
Training convergence-bucket 8 [2.09491, 8.97154) with 300 queries (recall=0.98).
Average Recall: 0.974796
Initial average recall with ef=1000: 0.976229
Average Recall: 0.98662
Initial average recall with ef=1500: 0.987396
Weighted average ef: 1133.9
Training convergence-bucket 9 [8.97154, inf) with 300 queries (recall=0.98).
Average Recall: 0.95908
Initial average recall with ef=1000: 0.9568
Average Recall: 0.976463
Initial average recall with ef=1500: 0.974772
Recall diff is too small for 1 consecutive steps, break.
Recall diff is too small for 1 consecutive steps, break.
Weighted average ef: 1682.29
Reconstructed True WAE: 1036.79 (Hard Pct: 0.0271333)
  Avg Ef Hard (bucketed): 1104.93 | Avg Ef Easy (bucketed): 1034.89
****Weighted average ef: 1036
Search time: 178887 ms
Search time: 180389 ms
Search time: 180901 ms
Average Recall: 0.959807
5th percentile recall: 0.844
1st percentile recall: 0.739
Median search time: 180389 ms
Search times: 178887 ms, 180389 ms, 180901 ms, 
msmarco experiment results:
statisc_length, time, avg_recall, 5th_percentile_recall, 1st_percentile_recall, recall_above_99, recall_above_95, recall_above_90
33, 180389, 0.959807, 0.844, 0.739, 2606, 5142, 6169
Experiment finished


Visited list size: 1025


Loading samplings from /home/yc.shea/experiments/shiro-ef/sampling/msmarco-samplings--k1000-ef.bin
Samplings loaded from /home/yc.shea/experiments/shiro-ef/sampling/msmarco-samplings--k1000-ef.bin
Average Recall: 0.953913
Initial average recall with ef=1000: 0.954011
Average Recall: 0.973458
Initial average recall with ef=1500: 0.973531
Weighted average ef: 1377.23
EF-estimation table computing time: 201587 ms
Per-bucket recall: conv_p20=54.7226 hard_recall=0.95 easy_recall=0.98
Training convergence-bucket 0 [13.7411, 49.5293) with 300 queries (recall=0.95).
Average Recall: 0.86397
Initial average recall with ef=1000: 0.860909
Average Recall: 0.911523
Initial average recall with ef=1500: 0.909495
Weighted average ef: 2557.87
Training convergence-bucket 1 [49.5293, 54.7226) with 300 queries (recall=0.95).
Average Recall: 0.897813
Initial average recall with ef=1000: 0.894583
Average Recall: 0.93784
Initial average recall with ef=1500: 0.935738
Weighted average ef: 1954.44
Training convergence-bucket 2 [54.7226, 59.6962) with 300 queries (recall=0.98).
Average Recall: 0.915037
Initial average recall with ef=1000: 0.911511
Average Recall: 0.94923
Initial average recall with ef=1500: 0.946904
Weighted average ef: 2890.88
Training convergence-bucket 3 [59.6962, 69.4004) with 300 queries (recall=0.98).
Average Recall: 0.955096
Initial average recall with ef=1000: 0.953223
Average Recall: 0.976103
Initial average recall with ef=1500: 0.974907
Weighted average ef: 1860.85
Training convergence-bucket 4 [69.4004, 73.6055) with 300 queries (recall=0.98).
Average Recall: 0.973646
Initial average recall with ef=1000: 0.975038
Average Recall: 0.987336
Initial average recall with ef=1500: 0.988369
Weighted average ef: 1236.67
Training convergence-bucket 5 [73.6055, 76.8759) with 300 queries (recall=0.98).
Average Recall: 0.97901
Initial average recall with ef=1000: 0.978671
Average Recall: 0.990579
Initial average recall with ef=1500: 0.990466
Weighted average ef: 1231.67
Training convergence-bucket 6 [76.8759, 79.0543) with 300 queries (recall=0.98).
Average Recall: 0.982966
Initial average recall with ef=1000: 0.983896
Average Recall: 0.992459
Initial average recall with ef=1500: 0.99295
Weighted average ef: 1075
Training convergence-bucket 7 [79.0543, 80.953) with 300 queries (recall=0.98).
Average Recall: 0.987543
Initial average recall with ef=1000: 0.989697
Average Recall: 0.994896
Initial average recall with ef=1500: 0.996153
Weighted average ef: 971.667
Training convergence-bucket 8 [80.953, 82.819) with 300 queries (recall=0.98).
Average Recall: 0.991033
Initial average recall with ef=1000: 0.991553
Average Recall: 0.996786
Initial average recall with ef=1500: 0.997032
Weighted average ef: 980
Training convergence-bucket 9 [82.819, inf) with 300 queries (recall=0.98).
Average Recall: 0.992972
Initial average recall with ef=1000: 0.993832
Average Recall: 0.997756
Initial average recall with ef=1500: 0.998065
Weighted average ef: 941.667
Reconstructed True WAE: 1191.84 (Hard Pct: 0.0271333)
  Avg Ef Hard (bucketed): 2131.08 | Avg Ef Easy (bucketed): 1165.64
****Weighted average ef: 1191
Search time: 238584 ms
Search time: 255120 ms
Search time: 243228 ms
Average Recall: 0.976829
5th percentile recall: 0.911
1st percentile recall: 0.853
Median search time: 243228 ms
Search times: 238584 ms, 243228 ms, 255120 ms, 
msmarco experiment results:
statisc_length, time, avg_recall, 5th_percentile_recall, 1st_percentile_recall, recall_above_99, recall_above_95, recall_above_90
1025, 243228, 0.976829, 0.911, 0.853, 3351, 5997, 6732
Experiment finished


Visited list size: 32769


Loading samplings from /home/yc.shea/experiments/shiro-ef/sampling/msmarco-samplings--k1000-ef.bin
Samplings loaded from /home/yc.shea/experiments/shiro-ef/sampling/msmarco-samplings--k1000-ef.bin
Average Recall: 0.970181
Initial average recall with ef=1000: 0.970296
Average Recall: 0.973607
Initial average recall with ef=1500: 0.973713
Weighted average ef: 1432.17
EF-estimation table computing time: 347187 ms
Per-bucket recall: conv_p20=82.7594 hard_recall=0.95 easy_recall=0.98
Training convergence-bucket 0 [60.9158, 78.6092) with 300 queries (recall=0.95).
Average Recall: 0.8713
Initial average recall with ef=1000: 0.872142
Average Recall: 0.88609
Initial average recall with ef=1500: 0.886875
Weighted average ef: 3539.16
Training convergence-bucket 1 [78.6092, 82.7594) with 300 queries (recall=0.95).
Average Recall: 0.928467
Initial average recall with ef=1000: 0.928262
Average Recall: 0.938353
Initial average recall with ef=1500: 0.938211
Weighted average ef: 2178.7
Training convergence-bucket 2 [82.7594, 86.2055) with 300 queries (recall=0.98).
Average Recall: 0.95324
Initial average recall with ef=1000: 0.953062
Average Recall: 0.958627
Initial average recall with ef=1500: 0.958471
Weighted average ef: 3332.12
Training convergence-bucket 3 [86.2055, 88.5538) with 300 queries (recall=0.98).
Average Recall: 0.975113
Initial average recall with ef=1000: 0.975166
Average Recall: 0.977816
Initial average recall with ef=1500: 0.977892
Weighted average ef: 1895.28
Training convergence-bucket 4 [88.5538, 90.0465) with 300 queries (recall=0.98).
Average Recall: 0.988383
Initial average recall with ef=1000: 0.988715
Average Recall: 0.98915
Initial average recall with ef=1500: 0.989461
Weighted average ef: 1128.11
Training convergence-bucket 5 [90.0465, 91.0067) with 300 queries (recall=0.98).
Average Recall: 0.993012
Initial average recall with ef=1000: 0.993288
Average Recall: 0.993416
Initial average recall with ef=1500: 0.99366
Weighted average ef: 985.5
Training convergence-bucket 6 [91.0067, 91.7052) with 300 queries (recall=0.98).
Average Recall: 0.996109
Initial average recall with ef=1000: 0.99645
Average Recall: 0.996282
Initial average recall with ef=1500: 0.996581
Weighted average ef: 980
Training convergence-bucket 7 [91.7052, 92.2318) with 300 queries (recall=0.98).
Average Recall: 0.997769
Initial average recall with ef=1000: 0.997813
Average Recall: 0.997856
Initial average recall with ef=1500: 0.997896
Weighted average ef: 930
Training convergence-bucket 8 [92.2318, 92.8005) with 300 queries (recall=0.98).
Average Recall: 0.998969
Initial average recall with ef=1000: 0.999068
Average Recall: 0.999005
Initial average recall with ef=1500: 0.99909
Weighted average ef: 923.333
Training convergence-bucket 9 [92.8005, inf) with 300 queries (recall=0.98).
Average Recall: 0.99939
Initial average recall with ef=1000: 0.999466
Average Recall: 0.999406
Initial average recall with ef=1500: 0.999484
Weighted average ef: 943.333
Reconstructed True WAE: 1110.98 (Hard Pct: 0.0271333)
  Avg Ef Hard (bucketed): 2238.71 | Avg Ef Easy (bucketed): 1079.53
****Weighted average ef: 1110
Search time: 442815 ms
Search time: 444548 ms
Search time: 443639 ms
Average Recall: 0.983554
5th percentile recall: 0.936
1st percentile recall: 0.889
Median search time: 443639 ms
Search times: 442815 ms, 443639 ms, 444548 ms, 
msmarco experiment results:
statisc_length, time, avg_recall, 5th_percentile_recall, 1st_percentile_recall, recall_above_99, recall_above_95, recall_above_90
32769, 443639, 0.983554, 0.936, 0.889, 3899, 6415, 6874
Experiment finished
Dataset: cohere
Metric: cd
Truncation ratio: 1
Normalize the data vectors
Data vectors dimensions: 18380565 x 1024
Query vectors dimensions: 1677 x 1024
Neighbors dimensions: 1677 x 1000
Using AVX Inner Product distance
Index loaded
Dimension of space:1024
Data size of space:4096
Samplings loaded


Visited list size: 33


Loading samplings from /home/yc.shea/experiments/shiro-ef/sampling/cohere-samplings--k1000-ef.bin
Samplings loaded from /home/yc.shea/experiments/shiro-ef/sampling/cohere-samplings--k1000-ef.bin
Average Recall: 0.949602
Initial average recall with ef=1000: 0.949606
Average Recall: 0.970867
Initial average recall with ef=1500: 0.970863
Recall diff is too small for 1 consecutive steps, break.
Weighted average ef: 1347.52
EF-estimation table computing time: 90857 ms
Per-bucket recall: conv_p20=0 hard_recall=0.95 easy_recall=0.98
Training convergence-bucket 0 [0, 0) with 300 queries (recall=0.95).
Average Recall: 0.966033
Initial average recall with ef=1000: 0.966285
Average Recall: 0.982666
Initial average recall with ef=1500: 0.983029
Weighted average ef: 918.333
Training convergence-bucket 1 [0, 0) with 300 queries (recall=0.95).
Average Recall: 0.962843
Initial average recall with ef=1000: 0.961124
Average Recall: 0.980763
Initial average recall with ef=1500: 0.97972
Weighted average ef: 1015.49
Training convergence-bucket 2 [0, 0) with 300 queries (recall=0.95).
Average Recall: 0.964279
Initial average recall with ef=1000: 0.961886
Average Recall: 0.981687
Initial average recall with ef=1500: 0.9802
Weighted average ef: 958.333
Training convergence-bucket 3 [0, 0) with 300 queries (recall=0.95).
Average Recall: 0.933277
Initial average recall with ef=1000: 0.927956
Average Recall: 0.959403
Initial average recall with ef=1500: 0.955524
Weighted average ef: 1433.03
Training convergence-bucket 4 [0, 0) with 300 queries (recall=0.95).
Average Recall: 0.904364
Initial average recall with ef=1000: 0.896755
Average Recall: 0.939886
Initial average recall with ef=1500: 0.934615
Weighted average ef: 1889.81
Training convergence-bucket 5 [0, 0) with 300 queries (recall=0.95).
Average Recall: 0.938986
Initial average recall with ef=1000: 0.934909
Average Recall: 0.964353
Initial average recall with ef=1500: 0.961237
Recall diff is too small for 1 consecutive steps, break.
Weighted average ef: 1248.34
Training convergence-bucket 6 [0, 0.0101141) with 300 queries (recall=0.95).
Average Recall: 0.96279
Initial average recall with ef=1000: 0.96085
Average Recall: 0.980403
Initial average recall with ef=1500: 0.979129
Weighted average ef: 940
Training convergence-bucket 7 [0.0101141, 2.09491) with 300 queries (recall=0.98).
Average Recall: 0.962486
Initial average recall with ef=1000: 0.964793
Average Recall: 0.978073
Initial average recall with ef=1500: 0.980333
Weighted average ef: 1307.16
Training convergence-bucket 8 [2.09491, 9.76606) with 300 queries (recall=0.98).
Average Recall: 0.955613
Initial average recall with ef=1000: 0.951128
Average Recall: 0.974523
Initial average recall with ef=1500: 0.971455
Recall diff is too small for 1 consecutive steps, break.
Weighted average ef: 1668.72
Training convergence-bucket 9 [9.76606, inf) with 300 queries (recall=0.98).
Average Recall: 0.945323
Initial average recall with ef=1000: 0.943373
Average Recall: 0.966869
Initial average recall with ef=1500: 0.965228
Weighted average ef: 2118.34
Reconstructed True WAE: 1126.18 (Hard Pct: 0.0192333)
  Avg Ef Hard (bucketed): 1496.49 | Avg Ef Easy (bucketed): 1118.92
****Weighted average ef: 1126
Search time: 41258 ms
Search time: 42072 ms
Search time: 42053 ms
Average Recall: 0.951496
5th percentile recall: 0.827
1st percentile recall: 0.697
Median search time: 42053 ms
Search times: 41258 ms, 42053 ms, 42072 ms, 
cohere experiment results:
statisc_length, time, avg_recall, 5th_percentile_recall, 1st_percentile_recall, recall_above_99, recall_above_95, recall_above_90
33, 42053, 0.951496, 0.827, 0.697, 462, 1152, 1437
Experiment finished


Visited list size: 1025


Loading samplings from /home/yc.shea/experiments/shiro-ef/sampling/cohere-samplings--k1000-ef.bin
Samplings loaded from /home/yc.shea/experiments/shiro-ef/sampling/cohere-samplings--k1000-ef.bin
Average Recall: 0.949602
Initial average recall with ef=1000: 0.949743
Average Recall: 0.970867
Initial average recall with ef=1500: 0.971027
Weighted average ef: 1399.54
EF-estimation table computing time: 162042 ms
Per-bucket recall: conv_p20=53.6956 hard_recall=0.95 easy_recall=0.98
Training convergence-bucket 0 [7.12137, 47.2788) with 300 queries (recall=0.95).
Average Recall: 0.880264
Initial average recall with ef=1000: 0.874307
Average Recall: 0.920297
Initial average recall with ef=1500: 0.915931
Recall diff is too small for 1 consecutive steps, break.
Weighted average ef: 2448.28
Training convergence-bucket 1 [47.2788, 53.6956) with 300 queries (recall=0.95).
Average Recall: 0.892633
Initial average recall with ef=1000: 0.883615
Average Recall: 0.932667
Initial average recall with ef=1500: 0.92658
Weighted average ef: 1977.89
Training convergence-bucket 2 [53.6956, 62.295) with 300 queries (recall=0.98).
Average Recall: 0.934647
Initial average recall with ef=1000: 0.931992
Average Recall: 0.962513
Initial average recall with ef=1500: 0.960966
Weighted average ef: 2247.67
Training convergence-bucket 3 [62.295, 66.7162) with 300 queries (recall=0.98).
Average Recall: 0.95837
Initial average recall with ef=1000: 0.957904
Average Recall: 0.97782
Initial average recall with ef=1500: 0.977638
Weighted average ef: 1761.89
Training convergence-bucket 4 [66.7162, 69.9602) with 300 queries (recall=0.98).
Average Recall: 0.961089
Initial average recall with ef=1000: 0.961336
Average Recall: 0.979833
Initial average recall with ef=1500: 0.980146
Weighted average ef: 1545.46
Training convergence-bucket 5 [69.9602, 72.4964) with 300 queries (recall=0.98).
Average Recall: 0.965393
Initial average recall with ef=1000: 0.96585
Average Recall: 0.9825
Initial average recall with ef=1500: 0.982962
Weighted average ef: 1545
Training convergence-bucket 6 [72.4964, 74.83) with 300 queries (recall=0.98).
Average Recall: 0.97238
Initial average recall with ef=1000: 0.973655
Average Recall: 0.986429
Initial average recall with ef=1500: 0.987525
Weighted average ef: 1299.79
Training convergence-bucket 7 [74.83, 76.9645) with 300 queries (recall=0.98).
Average Recall: 0.972957
Initial average recall with ef=1000: 0.973571
Average Recall: 0.987229
Initial average recall with ef=1500: 0.987721
Weighted average ef: 1333.33
Training convergence-bucket 8 [76.9645, 79.6261) with 300 queries (recall=0.98).
Average Recall: 0.979266
Initial average recall with ef=1000: 0.981312
Average Recall: 0.990536
Initial average recall with ef=1500: 0.991888
Weighted average ef: 1171.67
Training convergence-bucket 9 [79.6261, inf) with 300 queries (recall=0.98).
Average Recall: 0.978996
Initial average recall with ef=1000: 0.983149
Average Recall: 0.988803
Initial average recall with ef=1500: 0.992287
Weighted average ef: 1055
Reconstructed True WAE: 1325.43 (Hard Pct: 0.0192333)
  Avg Ef Hard (bucketed): 2242.81 | Avg Ef Easy (bucketed): 1307.44
****Weighted average ef: 1325
Search time: 54958 ms
Search time: 54747 ms
Search time: 55566 ms
Average Recall: 0.968477
5th percentile recall: 0.877
1st percentile recall: 0.717
Median search time: 54958 ms
Search times: 54747 ms, 54958 ms, 55566 ms, 
cohere experiment results:
statisc_length, time, avg_recall, 5th_percentile_recall, 1st_percentile_recall, recall_above_99, recall_above_95, recall_above_90
1025, 54958, 0.968477, 0.877, 0.717, 709, 1393, 1559
Experiment finished


Visited list size: 32769


Loading samplings from /home/yc.shea/experiments/shiro-ef/sampling/cohere-samplings--k1000-ef.bin
Samplings loaded from /home/yc.shea/experiments/shiro-ef/sampling/cohere-samplings--k1000-ef.bin
Average Recall: 0.96819
Initial average recall with ef=1000: 0.968297
Average Recall: 0.971038
Initial average recall with ef=1500: 0.971146
Weighted average ef: 1481.42
EF-estimation table computing time: 278391 ms
Per-bucket recall: conv_p20=83.9351 hard_recall=0.95 easy_recall=0.98
Training convergence-bucket 0 [60.9635, 79.9169) with 300 queries (recall=0.95).
Average Recall: 0.864607
Initial average recall with ef=1000: 0.86419
Average Recall: 0.876833
Initial average recall with ef=1500: 0.876343
Weighted average ef: 4159.41
Training convergence-bucket 1 [79.9169, 83.9351) with 300 queries (recall=0.95).
Average Recall: 0.931237
Initial average recall with ef=1000: 0.931158
Average Recall: 0.937927
Initial average recall with ef=1500: 0.937907
Weighted average ef: 2370.56
Training convergence-bucket 2 [83.9351, 86.6251) with 300 queries (recall=0.98).
Average Recall: 0.960856
Initial average recall with ef=1000: 0.960877
Average Recall: 0.964933
Initial average recall with ef=1500: 0.964997
Weighted average ef: 3135.2
Training convergence-bucket 3 [86.6251, 88.1651) with 300 queries (recall=0.98).
Average Recall: 0.974394
Initial average recall with ef=1000: 0.974364
Average Recall: 0.976187
Initial average recall with ef=1500: 0.97614
Weighted average ef: 2346.66
Training convergence-bucket 4 [88.1651, 89.2624) with 300 queries (recall=0.98).
Average Recall: 0.983219
Initial average recall with ef=1000: 0.983589
Average Recall: 0.984823
Initial average recall with ef=1500: 0.985179
Weighted average ef: 1194.15
Training convergence-bucket 5 [89.2624, 90.1885) with 300 queries (recall=0.98).
Average Recall: 0.988156
Initial average recall with ef=1000: 0.988615
Average Recall: 0.9892
Initial average recall with ef=1500: 0.989605
Weighted average ef: 992.667
Training convergence-bucket 6 [90.1885, 91.0275) with 300 queries (recall=0.98).
Average Recall: 0.99048
Initial average recall with ef=1000: 0.990538
Average Recall: 0.990953
Initial average recall with ef=1500: 0.990965
Recall diff is too small for 1 consecutive steps, break.
Weighted average ef: 968.567
Training convergence-bucket 7 [91.0275, 91.7368) with 300 queries (recall=0.98).
Average Recall: 0.99439
Initial average recall with ef=1000: 0.994286
Average Recall: 0.994749
Initial average recall with ef=1500: 0.994633
Weighted average ef: 981.663
Training convergence-bucket 8 [91.7368, 92.5707) with 300 queries (recall=0.98).
Average Recall: 0.996552
Initial average recall with ef=1000: 0.996923
Average Recall: 0.996649
Initial average recall with ef=1500: 0.99701
Weighted average ef: 956.667
Training convergence-bucket 9 [92.5707, inf) with 300 queries (recall=0.98).
Average Recall: 0.997966
Initial average recall with ef=1000: 0.998043
Average Recall: 0.998082
Initial average recall with ef=1500: 0.998151
Weighted average ef: 926.667
Reconstructed True WAE: 1231.76 (Hard Pct: 0.0192333)
  Avg Ef Hard (bucketed): 2616.23 | Avg Ef Easy (bucketed): 1204.61
****Weighted average ef: 1231
Search time: 89368 ms
Search time: 89425 ms
Search time: 89157 ms
Average Recall: 0.974194
5th percentile recall: 0.913
1st percentile recall: 0.828
Median search time: 89368 ms
Search times: 89157 ms, 89368 ms, 89425 ms, 
cohere experiment results:
statisc_length, time, avg_recall, 5th_percentile_recall, 1st_percentile_recall, recall_above_99, recall_above_95, recall_above_90
32769, 89368, 0.974194, 0.913, 0.828, 659, 1444, 1611
Experiment finished
Starting ablation study tests: sampling size...


Dataset: deep-image-96-angular
Metric: cd
Truncation ratio: 1
Normalize the data vectors
Data vectors dimensions: 9990000 x 96
Query vectors dimensions: 10000 x 96
Neighbors dimensions: 10000 x 100
Using AVX Inner Product distance
Index loaded
Dimension of space:96
Data size of space:384


Sampling size: 10000


Ground truth computed in 955807 ms
Sampling computing time: 1015401 ms
Loading samplings from /home/yc.shea/experiments/shiro-ef/ablation_sampling_size/deep-image-96-angular-samplings-10000-k100-ef.bin
Samplings loaded from /home/yc.shea/experiments/shiro-ef/ablation_sampling_size/deep-image-96-angular-samplings-10000-k100-ef.bin
Average Recall: 0.833778
Initial average recall with ef=100: 0.833858
Average Recall: 0.882007
Initial average recall with ef=150: 0.882057
Recall diff is too small for 1 consecutive steps, break.
Recall diff is too small for 1 consecutive steps, break.
Recall diff is too small for 1 consecutive steps, break.
Recall diff is too small for 1 consecutive steps, break.
Recall diff is too small for 1 consecutive steps, break.
Recall diff is too small for 1 consecutive steps, break.
Recall diff is too small for 1 consecutive steps, break.
Recall diff is too small for 1 consecutive steps, break.
Recall diff is too small for 1 consecutive steps, break.
Weighted average ef: 389.829
EF-estimation table computing time: 55310 ms
Per-bucket recall: conv_p20=40.7197 hard_recall=0.95 easy_recall=0.98
Training convergence-bucket 0 [16.4645, 37.6133) with 1000 queries (recall=0.95).
Average Recall: 0.598518
Initial average recall with ef=100: 0.597283
Average Recall: 0.677998
Initial average recall with ef=150: 0.676657
Weighted average ef: 1105.48
Training convergence-bucket 1 [37.6133, 40.7197) with 1000 queries (recall=0.95).
Average Recall: 0.63489
Initial average recall with ef=100: 0.633663
Average Recall: 0.71479
Initial average recall with ef=150: 0.713845
Weighted average ef: 941.443
Training convergence-bucket 2 [40.7197, 46.5007) with 1000 queries (recall=0.98).
Average Recall: 0.72533
Initial average recall with ef=100: 0.724289
Average Recall: 0.798981
Initial average recall with ef=150: 0.798143
Recall diff is too small for 1 consecutive steps, break.
Recall diff is too small for 1 consecutive steps, break.
Recall diff is too small for 1 consecutive steps, break.
Recall diff is too small for 1 consecutive steps, break.
Recall diff is too small for 1 consecutive steps, break.
Weighted average ef: 1095.96
Training convergence-bucket 3 [46.5007, 51.143) with 1000 queries (recall=0.98).
Average Recall: 0.81051
Initial average recall with ef=100: 0.810519
Average Recall: 0.87293
Initial average recall with ef=150: 0.873093
Weighted average ef: 593.553
Training convergence-bucket 4 [51.143, 55.2267) with 1000 queries (recall=0.98).
Average Recall: 0.85672
Initial average recall with ef=100: 0.857077
Average Recall: 0.909859
Initial average recall with ef=150: 0.910131
Weighted average ef: 431.525
Training convergence-bucket 5 [55.2267, 59.1716) with 1000 queries (recall=0.98).
Average Recall: 0.8902
Initial average recall with ef=100: 0.890892
Average Recall: 0.935828
Initial average recall with ef=150: 0.936586
Recall diff is too small for 1 consecutive steps, break.
Recall diff is too small for 1 consecutive steps, break.
Weighted average ef: 342.897
Training convergence-bucket 6 [59.1716, 63.4503) with 1000 queries (recall=0.98).
Average Recall: 0.919559
Initial average recall with ef=100: 0.920292
Average Recall: 0.955837
Initial average recall with ef=150: 0.956465
Weighted average ef: 262.262
Training convergence-bucket 7 [63.4503, 68.4983) with 1000 queries (recall=0.98).
Average Recall: 0.946139
Initial average recall with ef=100: 0.946787
Average Recall: 0.973497
Initial average recall with ef=150: 0.974048
Weighted average ef: 197.418
Training convergence-bucket 8 [68.4983, 75.1717) with 1000 queries (recall=0.98).
Average Recall: 0.967847
Initial average recall with ef=100: 0.96827
Average Recall: 0.985807
Initial average recall with ef=150: 0.986137
Weighted average ef: 149.702
Training convergence-bucket 9 [75.1717, inf) with 1000 queries (recall=0.98).
Average Recall: 0.987728
Initial average recall with ef=100: 0.988412
Average Recall: 0.99413
Initial average recall with ef=150: 0.99453
Weighted average ef: 106.238
****Weighted average ef: 522
Search time: 15973 ms
Search time: 16628 ms
Search time: 16529 ms
Average Recall: 0.986134
5th percentile recall: 0.95
1st percentile recall: 0.92
Median search time: 16529 ms
Search times: 15973 ms, 16529 ms, 16628 ms, 
deep-image-96-angular experiment results:
statisc_length, time, avg_recall, 5th_percentile_recall, 1st_percentile_recall, recall_above_99, recall_above_95, recall_above_90
1025, 16529, 0.986134, 0.95, 0.92, 6657, 9442, 9937
Experiment finished


Sampling size: 5000


Ground truth computed in 479265 ms
Sampling computing time: 559125 ms
Loading samplings from /home/yc.shea/experiments/shiro-ef/ablation_sampling_size/deep-image-96-angular-samplings-5000-k100-ef.bin
Samplings loaded from /home/yc.shea/experiments/shiro-ef/ablation_sampling_size/deep-image-96-angular-samplings-5000-k100-ef.bin
Average Recall: 0.833812
Initial average recall with ef=100: 0.833978
Average Recall: 0.882168
Initial average recall with ef=150: 0.88234
Weighted average ef: 399.748
EF-estimation table computing time: 44761 ms
Per-bucket recall: conv_p20=40.7504 hard_recall=0.95 easy_recall=0.98
Training convergence-bucket 0 [21.651, 37.6395) with 500 queries (recall=0.95).
Average Recall: 0.60532
Initial average recall with ef=100: 0.601943
Average Recall: 0.68502
Initial average recall with ef=150: 0.681963
Recall diff is too small for 1 consecutive steps, break.
Recall diff is too small for 1 consecutive steps, break.
Weighted average ef: 1073.15
Training convergence-bucket 1 [37.6395, 40.7504) with 500 queries (recall=0.95).
Average Recall: 0.638
Initial average recall with ef=100: 0.635216
Average Recall: 0.71574
Initial average recall with ef=150: 0.713922
Weighted average ef: 916.568
Training convergence-bucket 2 [40.7504, 46.6119) with 500 queries (recall=0.98).
Average Recall: 0.7268
Initial average recall with ef=100: 0.726599
Average Recall: 0.799619
Initial average recall with ef=150: 0.799532
Recall diff is too small for 1 consecutive steps, break.
Recall diff is too small for 1 consecutive steps, break.
Recall diff is too small for 1 consecutive steps, break.
Weighted average ef: 1028.91
Training convergence-bucket 3 [46.6119, 51.4408) with 500 queries (recall=0.98).
Average Recall: 0.80882
Initial average recall with ef=100: 0.808873
Average Recall: 0.872201
Initial average recall with ef=150: 0.872316
Recall diff is too small for 1 consecutive steps, break.
Weighted average ef: 621.552
Training convergence-bucket 4 [51.4408, 55.2335) with 500 queries (recall=0.98).
Average Recall: 0.85574
Initial average recall with ef=100: 0.857039
Average Recall: 0.908681
Initial average recall with ef=150: 0.909834
Recall diff is too small for 1 consecutive steps, break.
Recall diff is too small for 1 consecutive steps, break.
Recall diff is too small for 1 consecutive steps, break.
Weighted average ef: 435.438
Training convergence-bucket 5 [55.2335, 59.0651) with 500 queries (recall=0.98).
Average Recall: 0.887381
Initial average recall with ef=100: 0.887095
Average Recall: 0.933521
Initial average recall with ef=150: 0.933714
Recall diff is too small for 1 consecutive steps, break.
Weighted average ef: 334.366
Training convergence-bucket 6 [59.0651, 63.1211) with 500 queries (recall=0.98).
Average Recall: 0.917781
Initial average recall with ef=100: 0.918745
Average Recall: 0.955561
Initial average recall with ef=150: 0.956379
Recall diff is too small for 1 consecutive steps, break.
Weighted average ef: 247.094
Training convergence-bucket 7 [63.1211, 67.9401) with 500 queries (recall=0.98).
Average Recall: 0.943461
Initial average recall with ef=100: 0.943927
Average Recall: 0.97204
Initial average recall with ef=150: 0.972429
Recall diff is too small for 1 consecutive steps, break.
Weighted average ef: 202.178
Training convergence-bucket 8 [67.9401, 74.7938) with 500 queries (recall=0.98).
Average Recall: 0.96754
Initial average recall with ef=100: 0.968745
Average Recall: 0.9853
Initial average recall with ef=150: 0.986073
Weighted average ef: 148.51
Training convergence-bucket 9 [74.7938, inf) with 500 queries (recall=0.98).
Average Recall: 0.987675
Initial average recall with ef=100: 0.990308
Average Recall: 0.994289
Initial average recall with ef=150: 0.996598
Weighted average ef: 100.9
****Weighted average ef: 510
Search time: 19707 ms
Search time: 20013 ms
Search time: 19826 ms
Average Recall: 0.985834
5th percentile recall: 0.95
1st percentile recall: 0.92
Median search time: 19826 ms
Search times: 19707 ms, 19826 ms, 20013 ms, 
deep-image-96-angular experiment results:
statisc_length, time, avg_recall, 5th_percentile_recall, 1st_percentile_recall, recall_above_99, recall_above_95, recall_above_90
1025, 19826, 0.985834, 0.95, 0.92, 6568, 9407, 9937
Experiment finished


Sampling size: 3000


Ground truth computed in 276919 ms
Sampling computing time: 333432 ms
Loading samplings from /home/yc.shea/experiments/shiro-ef/ablation_sampling_size/deep-image-96-angular-samplings-3000-k100-ef.bin
Samplings loaded from /home/yc.shea/experiments/shiro-ef/ablation_sampling_size/deep-image-96-angular-samplings-3000-k100-ef.bin
Average Recall: 0.835152
Initial average recall with ef=100: 0.835458
Average Recall: 0.884026
Initial average recall with ef=150: 0.884358
Recall diff is too small for 1 consecutive steps, break.
Weighted average ef: 391.431
EF-estimation table computing time: 22443 ms
Per-bucket recall: conv_p20=40.6884 hard_recall=0.95 easy_recall=0.98
Training convergence-bucket 0 [23.234, 37.7252) with 300 queries (recall=0.95).
Average Recall: 0.607433
Initial average recall with ef=100: 0.603238
Average Recall: 0.686733
Initial average recall with ef=150: 0.682242
Recall diff is too small for 1 consecutive steps, break.
Recall diff is too small for 1 consecutive steps, break.
Weighted average ef: 1040.64
Training convergence-bucket 1 [37.7252, 40.6884) with 300 queries (recall=0.95).
Average Recall: 0.638833
Initial average recall with ef=100: 0.633333
Average Recall: 0.7185
Initial average recall with ef=150: 0.713824
Weighted average ef: 898.307
Training convergence-bucket 2 [40.6884, 46.2056) with 300 queries (recall=0.98).
Average Recall: 0.721667
Initial average recall with ef=100: 0.719509
Average Recall: 0.796767
Initial average recall with ef=150: 0.795088
Recall diff is too small for 1 consecutive steps, break.
Weighted average ef: 1074.09
Training convergence-bucket 3 [46.2056, 51.5452) with 300 queries (recall=0.98).
Average Recall: 0.809334
Initial average recall with ef=100: 0.806406
Average Recall: 0.873066
Initial average recall with ef=150: 0.871317
Recall diff is too small for 1 consecutive steps, break.
Weighted average ef: 599.717
Training convergence-bucket 4 [51.5452, 55.7279) with 300 queries (recall=0.98).
Average Recall: 0.856767
Initial average recall with ef=100: 0.855866
Average Recall: 0.9146
Initial average recall with ef=150: 0.914028
Weighted average ef: 383.963
Training convergence-bucket 5 [55.7279, 59.6592) with 300 queries (recall=0.98).
Average Recall: 0.8974
Initial average recall with ef=100: 0.896632
Average Recall: 0.9425
Initial average recall with ef=150: 0.942268
Weighted average ef: 312.253
Training convergence-bucket 6 [59.6592, 64.0217) with 300 queries (recall=0.98).
Average Recall: 0.920367
Initial average recall with ef=100: 0.920381
Average Recall: 0.956
Initial average recall with ef=150: 0.956505
Recall diff is too small for 1 consecutive steps, break.
Weighted average ef: 259.147
Training convergence-bucket 7 [64.0217, 68.7624) with 300 queries (recall=0.98).
Average Recall: 0.944234
Initial average recall with ef=100: 0.945
Average Recall: 0.9727
Initial average recall with ef=150: 0.973288
Recall diff is too small for 1 consecutive steps, break.
Weighted average ef: 189.85
Training convergence-bucket 8 [68.7624, 75.1871) with 300 queries (recall=0.98).
Average Recall: 0.969667
Initial average recall with ef=100: 0.971497
Average Recall: 0.9869
Initial average recall with ef=150: 0.988095
Weighted average ef: 137.303
Training convergence-bucket 9 [75.1871, inf) with 300 queries (recall=0.98).
Average Recall: 0.985867
Initial average recall with ef=100: 0.987456
Average Recall: 0.992567
Initial average recall with ef=150: 0.993852
Weighted average ef: 98.83
****Weighted average ef: 499
Search time: 20127 ms
Search time: 19511 ms
Search time: 20055 ms
Average Recall: 0.986031
5th percentile recall: 0.95
1st percentile recall: 0.92
Median search time: 20055 ms
Search times: 19511 ms, 20055 ms, 20127 ms, 
deep-image-96-angular experiment results:
statisc_length, time, avg_recall, 5th_percentile_recall, 1st_percentile_recall, recall_above_99, recall_above_95, recall_above_90
1025, 20055, 0.986031, 0.95, 0.92, 6594, 9451, 9932
Experiment finished


Sampling size: 1000


Ground truth computed in 91621 ms
Sampling computing time: 110390 ms
Loading samplings from /home/yc.shea/experiments/shiro-ef/ablation_sampling_size/deep-image-96-angular-samplings-1000-k100-ef.bin
Samplings loaded from /home/yc.shea/experiments/shiro-ef/ablation_sampling_size/deep-image-96-angular-samplings-1000-k100-ef.bin
Average Recall: 0.83324
Initial average recall with ef=100: 0.83555
Average Recall: 0.883729
Initial average recall with ef=150: 0.884934
Weighted average ef: 382.261
EF-estimation table computing time: 7950 ms
Per-bucket recall: conv_p20=40.6884 hard_recall=0.95 easy_recall=0.98
Training convergence-bucket 0 [26.5957, 37.8865) with 100 queries (recall=0.95).
Average Recall: 0.6116
Initial average recall with ef=100: 0.610786
Average Recall: 0.6943
Initial average recall with ef=150: 0.690899
Recall diff is too small for 1 consecutive steps, break.
Weighted average ef: 892.67
Training convergence-bucket 1 [37.8865, 40.6884) with 100 queries (recall=0.95).
Average Recall: 0.641
Initial average recall with ef=100: 0.630125
Average Recall: 0.7229
Initial average recall with ef=150: 0.715875
Recall diff is too small for 1 consecutive steps, break.
Recall diff is too small for 1 consecutive steps, break.
Weighted average ef: 710.21
Training convergence-bucket 2 [40.6884, 46.4283) with 100 queries (recall=0.98).
Average Recall: 0.7346
Initial average recall with ef=100: 0.733165
Average Recall: 0.8093
Initial average recall with ef=150: 0.810633
Recall diff is too small for 1 consecutive steps, break.
Recall diff is too small for 1 consecutive steps, break.
Recall diff is too small for 1 consecutive steps, break.
Recall diff is too small for 1 consecutive steps, break.
Weighted average ef: 733.65
Training convergence-bucket 3 [46.4283, 51.0785) with 100 queries (recall=0.98).
Average Recall: 0.7897
Initial average recall with ef=100: 0.804778
Average Recall: 0.8656
Initial average recall with ef=150: 0.871667
Weighted average ef: 535.05
Training convergence-bucket 4 [51.0785, 55.4609) with 100 queries (recall=0.98).
Average Recall: 0.8598
Initial average recall with ef=100: 0.863659
Average Recall: 0.9092
Initial average recall with ef=150: 0.912317
Recall diff is too small for 1 consecutive steps, break.
Weighted average ef: 359.88
Training convergence-bucket 5 [55.4609, 58.8808) with 100 queries (recall=0.98).
Average Recall: 0.8816
Initial average recall with ef=100: 0.875063
Average Recall: 0.9299
Initial average recall with ef=150: 0.928861
Recall diff is too small for 1 consecutive steps, break.
Weighted average ef: 296.08
Training convergence-bucket 6 [58.8808, 63.4699) with 100 queries (recall=0.98).
Average Recall: 0.9205
Initial average recall with ef=100: 0.916538
Average Recall: 0.9581
Initial average recall with ef=150: 0.955385
Weighted average ef: 207.57
Training convergence-bucket 7 [63.4699, 67.919) with 100 queries (recall=0.98).
Average Recall: 0.9424
Initial average recall with ef=100: 0.943929
Average Recall: 0.9715
Initial average recall with ef=150: 0.973809
Weighted average ef: 171.15
Training convergence-bucket 8 [67.919, 74.2157) with 100 queries (recall=0.98).
Average Recall: 0.9638
Initial average recall with ef=100: 0.964396
Average Recall: 0.9819
Initial average recall with ef=150: 0.981868
Weighted average ef: 146.7
Training convergence-bucket 9 [74.2157, inf) with 100 queries (recall=0.98).
Average Recall: 0.9874
Initial average recall with ef=100: 0.990875
Average Recall: 0.9946
Initial average recall with ef=150: 0.99675
Weighted average ef: 84.29
****Weighted average ef: 413
Search time: 18545 ms
Search time: 17446 ms
Search time: 17893 ms
Average Recall: 0.984342
5th percentile recall: 0.95
1st percentile recall: 0.9
Median search time: 17893 ms
Search times: 17446 ms, 17893 ms, 18545 ms, 
deep-image-96-angular experiment results:
statisc_length, time, avg_recall, 5th_percentile_recall, 1st_percentile_recall, recall_above_99, recall_above_95, recall_above_90
1025, 17893, 0.984342, 0.95, 0.9, 6307, 9329, 9883
Experiment finished
Dataset: glove-100-angular
Metric: cd
Truncation ratio: 1
Normalize the data vectors
Data vectors dimensions: 1183514 x 100
Query vectors dimensions: 10000 x 100
Neighbors dimensions: 10000 x 100
Using AVX Inner Product distance
Index loaded
Dimension of space:100
Data size of space:400


Sampling size: 10000


Ground truth computed in 92379 ms
Sampling computing time: 145562 ms
Loading samplings from /home/yc.shea/experiments/shiro-ef/ablation_sampling_size/glove-100-angular-samplings-10000-k100-ef.bin
Samplings loaded from /home/yc.shea/experiments/shiro-ef/ablation_sampling_size/glove-100-angular-samplings-10000-k100-ef.bin
Average Recall: 0.73145
Initial average recall with ef=100: 0.731391
Average Recall: 0.775874
Initial average recall with ef=150: 0.775914
Recall diff is too small for 1 consecutive steps, break.
Weighted average ef: 1768.81
EF-estimation table computing time: 135485 ms
Per-bucket recall: conv_p20=34.1817 hard_recall=0.95 easy_recall=0.98
Training convergence-bucket 0 [9.49065, 28.7621) with 1000 queries (recall=0.95).
Average Recall: 0.46866
Initial average recall with ef=100: 0.464717
Average Recall: 0.52056
Initial average recall with ef=150: 0.516761
Recall diff is too small for 1 consecutive steps, break.
Weighted average ef: 4169.04
Training convergence-bucket 1 [28.7621, 34.1817) with 1000 queries (recall=0.95).
Average Recall: 0.48486
Initial average recall with ef=100: 0.479352
Average Recall: 0.54422
Initial average recall with ef=150: 0.539027
Weighted average ef: 3726.41
Training convergence-bucket 2 [34.1817, 39.0231) with 1000 queries (recall=0.98).
Average Recall: 0.54732
Initial average recall with ef=100: 0.539446
Average Recall: 0.60873
Initial average recall with ef=150: 0.601508
Weighted average ef: 4036.13
Training convergence-bucket 3 [39.0231, 43.7663) with 1000 queries (recall=0.98).
Average Recall: 0.622262
Initial average recall with ef=100: 0.621828
Average Recall: 0.68385
Initial average recall with ef=150: 0.679561
Recall diff is too small for 1 consecutive steps, break.
Recall diff is too small for 1 consecutive steps, break.
Weighted average ef: 3374.41
Training convergence-bucket 4 [43.7663, 49.1252) with 1000 queries (recall=0.98).
Average Recall: 0.71474
Initial average recall with ef=100: 0.712118
Average Recall: 0.77223
Initial average recall with ef=150: 0.770112
Recall diff is too small for 1 consecutive steps, break.
Recall diff is too small for 1 consecutive steps, break.
Recall diff is too small for 1 consecutive steps, break.
Weighted average ef: 2357.53
Training convergence-bucket 5 [49.1252, 54.9524) with 1000 queries (recall=0.98).
Average Recall: 0.790139
Initial average recall with ef=100: 0.79075
Average Recall: 0.83961
Initial average recall with ef=150: 0.84038
Weighted average ef: 1622.47
Training convergence-bucket 6 [54.9524, 60.9817) with 1000 queries (recall=0.98).
Average Recall: 0.865969
Initial average recall with ef=100: 0.866794
Average Recall: 0.906258
Initial average recall with ef=150: 0.907197
Weighted average ef: 916.845
Training convergence-bucket 7 [60.9817, 67.1497) with 1000 queries (recall=0.98).
Average Recall: 0.902889
Initial average recall with ef=100: 0.903343
Average Recall: 0.933648
Initial average recall with ef=150: 0.934156
Recall diff is too small for 1 consecutive steps, break.
Recall diff is too small for 1 consecutive steps, break.
Weighted average ef: 724.9
Training convergence-bucket 8 [67.1497, 73.4091) with 1000 queries (recall=0.98).
Average Recall: 0.942747
Initial average recall with ef=100: 0.942953
Average Recall: 0.964078
Initial average recall with ef=150: 0.964284
Recall diff is too small for 1 consecutive steps, break.
Recall diff is too small for 1 consecutive steps, break.
Weighted average ef: 361.942
Training convergence-bucket 9 [73.4091, inf) with 1000 queries (recall=0.98).
Average Recall: 0.974738
Initial average recall with ef=100: 0.976117
Average Recall: 0.985459
Initial average recall with ef=150: 0.98664
Recall diff is too small for 1 consecutive steps, break.
Weighted average ef: 190.853
****Weighted average ef: 2148
Search time: 62122 ms
Search time: 62692 ms
Search time: 62754 ms
Average Recall: 0.978125
5th percentile recall: 0.92
1st percentile recall: 0.88
Median search time: 62692 ms
Search times: 62122 ms, 62692 ms, 62754 ms, 
glove-100-angular experiment results:
statisc_length, time, avg_recall, 5th_percentile_recall, 1st_percentile_recall, recall_above_99, recall_above_95, recall_above_90
1025, 62692, 0.978125, 0.92, 0.88, 5455, 8421, 9739
Experiment finished


Sampling size: 5000


Ground truth computed in 45384 ms
Sampling computing time: 301336 ms
Loading samplings from /home/yc.shea/experiments/shiro-ef/ablation_sampling_size/glove-100-angular-samplings-5000-k100-ef.bin
Samplings loaded from /home/yc.shea/experiments/shiro-ef/ablation_sampling_size/glove-100-angular-samplings-5000-k100-ef.bin
Average Recall: 0.731625
Initial average recall with ef=100: 0.731622
Average Recall: 0.775846
Initial average recall with ef=150: 0.7758
Recall diff is too small for 1 consecutive steps, break.
Weighted average ef: 1680.73
EF-estimation table computing time: 101942 ms
Per-bucket recall: conv_p20=34.3367 hard_recall=0.95 easy_recall=0.98
Training convergence-bucket 0 [15.8214, 28.7213) with 500 queries (recall=0.95).
Average Recall: 0.46776
Initial average recall with ef=100: 0.459571
Average Recall: 0.51736
Initial average recall with ef=150: 0.509551
Recall diff is too small for 1 consecutive steps, break.
Recall diff is too small for 1 consecutive steps, break.
Recall diff is too small for 1 consecutive steps, break.
Recall diff is too small for 1 consecutive steps, break.
Weighted average ef: 4251.49
Training convergence-bucket 1 [28.7213, 34.3367) with 500 queries (recall=0.95).
Average Recall: 0.48174
Initial average recall with ef=100: 0.474192
Average Recall: 0.5367
Initial average recall with ef=150: 0.529489
Weighted average ef: 3748.03
Training convergence-bucket 2 [34.3367, 38.7642) with 500 queries (recall=0.98).
Average Recall: 0.53948
Initial average recall with ef=100: 0.533156
Average Recall: 0.60136
Initial average recall with ef=150: 0.595615
Recall diff is too small for 1 consecutive steps, break.
Recall diff is too small for 1 consecutive steps, break.
Recall diff is too small for 1 consecutive steps, break.
Recall diff is too small for 1 consecutive steps, break.
Recall diff is too small for 1 consecutive steps, break.
Recall diff is too small for 1 consecutive steps, break.
Recall diff is too small for 1 consecutive steps, break.
Weighted average ef: 4065.54
Training convergence-bucket 3 [38.7642, 43.8152) with 500 queries (recall=0.98).
Average Recall: 0.606834
Initial average recall with ef=100: 0.604153
Average Recall: 0.673046
Initial average recall with ef=150: 0.670289
Recall diff is too small for 1 consecutive steps, break.
Recall diff is too small for 1 consecutive steps, break.
Recall diff is too small for 1 consecutive steps, break.
Recall diff is too small for 1 consecutive steps, break.
Recall diff is too small for 1 consecutive steps, break.
Recall diff is too small for 1 consecutive steps, break.
Recall diff is too small for 1 consecutive steps, break.
Recall diff is too small for 1 consecutive steps, break.
Recall diff is too small for 1 consecutive steps, break.
Recall diff is too small for 1 consecutive steps, break.
Weighted average ef: 2967.9
Training convergence-bucket 4 [43.8152, 49.6335) with 500 queries (recall=0.98).
Average Recall: 0.71764
Initial average recall with ef=100: 0.715237
Average Recall: 0.77388
Initial average recall with ef=150: 0.772206
Weighted average ef: 2387.77
Training convergence-bucket 5 [49.6335, 55.4587) with 500 queries (recall=0.98).
Average Recall: 0.806081
Initial average recall with ef=100: 0.807713
Average Recall: 0.857881
Initial average recall with ef=150: 0.859834
Recall diff is too small for 1 consecutive steps, break.
Weighted average ef: 1401.94
Training convergence-bucket 6 [55.4587, 60.9916) with 500 queries (recall=0.98).
Average Recall: 0.866961
Initial average recall with ef=100: 0.864969
Average Recall: 0.907141
Initial average recall with ef=150: 0.905378
Weighted average ef: 879.836
Training convergence-bucket 7 [60.9916, 67.3437) with 500 queries (recall=0.98).
Average Recall: 0.91232
Initial average recall with ef=100: 0.913544
Average Recall: 0.9412
Initial average recall with ef=150: 0.942505
Weighted average ef: 542.832
Training convergence-bucket 8 [67.3437, 73.5584) with 500 queries (recall=0.98).
Average Recall: 0.94216
Initial average recall with ef=100: 0.943996
Average Recall: 0.9636
Initial average recall with ef=150: 0.965021
Weighted average ef: 384.794
Training convergence-bucket 9 [73.5584, inf) with 500 queries (recall=0.98).
Average Recall: 0.97508
Initial average recall with ef=100: 0.978
Average Recall: 0.98614
Initial average recall with ef=150: 0.98851
Recall diff is too small for 1 consecutive steps, break.
Weighted average ef: 159.056
****Weighted average ef: 2078
Search time: 59201 ms
Search time: 59248 ms
Search time: 59246 ms
Average Recall: 0.975898
5th percentile recall: 0.91
1st percentile recall: 0.87
Median search time: 59246 ms
Search times: 59201 ms, 59246 ms, 59248 ms, 
glove-100-angular experiment results:
statisc_length, time, avg_recall, 5th_percentile_recall, 1st_percentile_recall, recall_above_99, recall_above_95, recall_above_90
1025, 59246, 0.975898, 0.91, 0.87, 5273, 8199, 9630
Experiment finished


Sampling size: 3000


Ground truth computed in 26877 ms
Sampling computing time: 175888 ms
Loading samplings from /home/yc.shea/experiments/shiro-ef/ablation_sampling_size/glove-100-angular-samplings-3000-k100-ef.bin
Samplings loaded from /home/yc.shea/experiments/shiro-ef/ablation_sampling_size/glove-100-angular-samplings-3000-k100-ef.bin
Average Recall: 0.726394
Initial average recall with ef=100: 0.72636
Average Recall: 0.770571
Initial average recall with ef=150: 0.770564
Weighted average ef: 1702.87
EF-estimation table computing time: 63013 ms
Per-bucket recall: conv_p20=33.9721 hard_recall=0.95 easy_recall=0.98
Training convergence-bucket 0 [13.8318, 28.5699) with 300 queries (recall=0.95).
Average Recall: 0.473767
Initial average recall with ef=100: 0.457038
Average Recall: 0.522667
Initial average recall with ef=150: 0.506376
Recall diff is too small for 1 consecutive steps, break.
Recall diff is too small for 1 consecutive steps, break.
Recall diff is too small for 1 consecutive steps, break.
Weighted average ef: 4193.52
Training convergence-bucket 1 [28.5699, 33.9721) with 300 queries (recall=0.95).
Average Recall: 0.4857
Initial average recall with ef=100: 0.470421
Average Recall: 0.545367
Initial average recall with ef=150: 0.530456
Recall diff is too small for 1 consecutive steps, break.
Recall diff is too small for 1 consecutive steps, break.
Recall diff is too small for 1 consecutive steps, break.
Weighted average ef: 3620.78
Training convergence-bucket 2 [33.9721, 38.6824) with 300 queries (recall=0.98).
Average Recall: 0.512933
Initial average recall with ef=100: 0.504739
Average Recall: 0.570066
Initial average recall with ef=150: 0.561568
Recall diff is too small for 1 consecutive steps, break.
Recall diff is too small for 1 consecutive steps, break.
Recall diff is too small for 1 consecutive steps, break.
Weighted average ef: 4232.57
Training convergence-bucket 3 [38.6824, 43.4136) with 300 queries (recall=0.98).
Average Recall: 0.6236
Initial average recall with ef=100: 0.622657
Average Recall: 0.688833
Initial average recall with ef=150: 0.685804
Recall diff is too small for 1 consecutive steps, break.
Recall diff is too small for 1 consecutive steps, break.
Recall diff is too small for 1 consecutive steps, break.
Recall diff is too small for 1 consecutive steps, break.
Weighted average ef: 3125.75
Training convergence-bucket 4 [43.4136, 48.8656) with 300 queries (recall=0.98).
Average Recall: 0.699367
Initial average recall with ef=100: 0.695055
Average Recall: 0.7583
Initial average recall with ef=150: 0.754066
Recall diff is too small for 1 consecutive steps, break.
Recall diff is too small for 1 consecutive steps, break.
Recall diff is too small for 1 consecutive steps, break.
Recall diff is too small for 1 consecutive steps, break.
Weighted average ef: 2554.64
Training convergence-bucket 5 [48.8656, 54.8283) with 300 queries (recall=0.98).
Average Recall: 0.775533
Initial average recall with ef=100: 0.774714
Average Recall: 0.830467
Initial average recall with ef=150: 0.831071
Recall diff is too small for 1 consecutive steps, break.
Recall diff is too small for 1 consecutive steps, break.
Recall diff is too small for 1 consecutive steps, break.
Weighted average ef: 1677.38
Training convergence-bucket 6 [54.8283, 61.6016) with 300 queries (recall=0.98).
Average Recall: 0.873534
Initial average recall with ef=100: 0.868877
Average Recall: 0.911933
Initial average recall with ef=150: 0.908551
Recall diff is too small for 1 consecutive steps, break.
Recall diff is too small for 1 consecutive steps, break.
Recall diff is too small for 1 consecutive steps, break.
Weighted average ef: 750.297
Training convergence-bucket 7 [61.6016, 67.4292) with 300 queries (recall=0.98).
Average Recall: 0.902667
Initial average recall with ef=100: 0.906277
Average Recall: 0.931833
Initial average recall with ef=150: 0.93539
Recall diff is too small for 1 consecutive steps, break.
Recall diff is too small for 1 consecutive steps, break.
Weighted average ef: 727.927
Training convergence-bucket 8 [67.4292, 74.2709) with 300 queries (recall=0.98).
Average Recall: 0.940267
Initial average recall with ef=100: 0.945338
Average Recall: 0.960667
Initial average recall with ef=150: 0.965302
Recall diff is too small for 1 consecutive steps, break.
Recall diff is too small for 1 consecutive steps, break.
Recall diff is too small for 1 consecutive steps, break.
Weighted average ef: 305.177
Training convergence-bucket 9 [74.2709, inf) with 300 queries (recall=0.98).
Average Recall: 0.9766
Initial average recall with ef=100: 0.97993
Average Recall: 0.9856
Initial average recall with ef=150: 0.988676
Weighted average ef: 151.2
****Weighted average ef: 2133
Search time: 61974 ms
Search time: 62077 ms
Search time: 62144 ms
Average Recall: 0.978517
5th percentile recall: 0.92
1st percentile recall: 0.88
Median search time: 62077 ms
Search times: 61974 ms, 62077 ms, 62144 ms, 
glove-100-angular experiment results:
statisc_length, time, avg_recall, 5th_percentile_recall, 1st_percentile_recall, recall_above_99, recall_above_95, recall_above_90
1025, 62077, 0.978517, 0.92, 0.88, 5578, 8426, 9725
Experiment finished


Sampling size: 1000


Ground truth computed in 9001 ms
Sampling computing time: 59817 ms
Loading samplings from /home/yc.shea/experiments/shiro-ef/ablation_sampling_size/glove-100-angular-samplings-1000-k100-ef.bin
Samplings loaded from /home/yc.shea/experiments/shiro-ef/ablation_sampling_size/glove-100-angular-samplings-1000-k100-ef.bin
Average Recall: 0.72343
Initial average recall with ef=100: 0.72238
Average Recall: 0.76795
Initial average recall with ef=150: 0.767018
Recall diff is too small for 1 consecutive steps, break.
Recall diff is too small for 1 consecutive steps, break.
Recall diff is too small for 1 consecutive steps, break.
Weighted average ef: 1667.48
EF-estimation table computing time: 20056 ms
Per-bucket recall: conv_p20=34.4118 hard_recall=0.95 easy_recall=0.98
Training convergence-bucket 0 [9.75073, 28.9134) with 100 queries (recall=0.95).
Average Recall: 0.4516
Initial average recall with ef=100: 0.416941
Average Recall: 0.5121
Initial average recall with ef=150: 0.478353
Recall diff is too small for 1 consecutive steps, break.
Recall diff is too small for 1 consecutive steps, break.
Weighted average ef: 3746.81
Training convergence-bucket 1 [28.9134, 34.4118) with 100 queries (recall=0.95).
Average Recall: 0.5016
Initial average recall with ef=100: 0.471724
Average Recall: 0.5555
Initial average recall with ef=150: 0.526782
Recall diff is too small for 1 consecutive steps, break.
Recall diff is too small for 1 consecutive steps, break.
Recall diff is too small for 1 consecutive steps, break.
Recall diff is too small for 1 consecutive steps, break.
Weighted average ef: 3321.43
Training convergence-bucket 2 [34.4118, 38.5567) with 100 queries (recall=0.98).
Average Recall: 0.5345
Initial average recall with ef=100: 0.534674
Average Recall: 0.5964
Initial average recall with ef=150: 0.5975
Recall diff is too small for 1 consecutive steps, break.
Recall diff is too small for 1 consecutive steps, break.
Recall diff is too small for 1 consecutive steps, break.
Recall diff is too small for 1 consecutive steps, break.
Weighted average ef: 3827.1
Training convergence-bucket 3 [38.5567, 43.4252) with 100 queries (recall=0.98).
Average Recall: 0.6045
Initial average recall with ef=100: 0.605732
Average Recall: 0.6625
Initial average recall with ef=150: 0.665122
Recall diff is too small for 1 consecutive steps, break.
Weighted average ef: 3011.54
Training convergence-bucket 4 [43.4252, 49.3038) with 100 queries (recall=0.98).
Average Recall: 0.715
Initial average recall with ef=100: 0.72225
Average Recall: 0.7716
Initial average recall with ef=150: 0.778125
Recall diff is too small for 1 consecutive steps, break.
Recall diff is too small for 1 consecutive steps, break.
Recall diff is too small for 1 consecutive steps, break.
Recall diff is too small for 1 consecutive steps, break.
Weighted average ef: 1887.15
Training convergence-bucket 5 [49.3038, 54.3723) with 100 queries (recall=0.98).
Average Recall: 0.7585
Initial average recall with ef=100: 0.753781
Average Recall: 0.812
Initial average recall with ef=150: 0.808658
Recall diff is too small for 1 consecutive steps, break.
Recall diff is too small for 1 consecutive steps, break.
Recall diff is too small for 1 consecutive steps, break.
Recall diff is too small for 1 consecutive steps, break.
Recall diff is too small for 1 consecutive steps, break.
Recall diff is too small for 1 consecutive steps, break.
Weighted average ef: 1220.84
Training convergence-bucket 6 [54.3723, 61.7715) with 100 queries (recall=0.98).
Average Recall: 0.8505
Initial average recall with ef=100: 0.828228
Average Recall: 0.8888
Initial average recall with ef=150: 0.868987
Recall diff is too small for 1 consecutive steps, break.
Recall diff is too small for 1 consecutive steps, break.
Recall diff is too small for 1 consecutive steps, break.
Recall diff is too small for 1 consecutive steps, break.
Weighted average ef: 961.57
Training convergence-bucket 7 [61.7715, 67.7893) with 100 queries (recall=0.98).
Average Recall: 0.8968
Initial average recall with ef=100: 0.911549
Average Recall: 0.9292
Initial average recall with ef=150: 0.940563
Recall diff is too small for 1 consecutive steps, break.
Recall diff is too small for 1 consecutive steps, break.
Weighted average ef: 295.97
Training convergence-bucket 8 [67.7893, 74.1041) with 100 queries (recall=0.98).
Average Recall: 0.9386
Initial average recall with ef=100: 0.942394
Average Recall: 0.9589
Initial average recall with ef=150: 0.96338
Recall diff is too small for 1 consecutive steps, break.
Recall diff is too small for 1 consecutive steps, break.
Weighted average ef: 239.07
Training convergence-bucket 9 [74.1041, inf) with 100 queries (recall=0.98).
Average Recall: 0.9827
Initial average recall with ef=100: 0.985217
Average Recall: 0.9925
Initial average recall with ef=150: 0.994493
Weighted average ef: 78.5
****Weighted average ef: 1858
Search time: 59721 ms
Search time: 59878 ms
Search time: 59796 ms
Average Recall: 0.977281
5th percentile recall: 0.92
1st percentile recall: 0.87
Median search time: 59796 ms
Search times: 59721 ms, 59796 ms, 59878 ms, 
glove-100-angular experiment results:
statisc_length, time, avg_recall, 5th_percentile_recall, 1st_percentile_recall, recall_above_99, recall_above_95, recall_above_90
1025, 59796, 0.977281, 0.92, 0.87, 5427, 8293, 9683
Experiment finished
Dataset: word2vec-300-angular
Metric: cd
Truncation ratio: 1
Normalize the data vectors
Data vectors dimensions: 1000000 x 300
Query vectors dimensions: 1000 x 300
Neighbors dimensions: 1000 x 100
Using AVX Inner Product distance
Index loaded
Dimension of space:300
Data size of space:1200


Sampling size: 10000


Ground truth computed in 179353 ms
Sampling computing time: 251027 ms
Loading samplings from /home/yc.shea/experiments/shiro-ef/ablation_sampling_size/word2vec-300-angular-samplings-10000-k100-ef.bin
Samplings loaded from /home/yc.shea/experiments/shiro-ef/ablation_sampling_size/word2vec-300-angular-samplings-10000-k100-ef.bin
Average Recall: 0.818002
Initial average recall with ef=100: 0.817913
Average Recall: 0.866178
Initial average recall with ef=150: 0.866223
Weighted average ef: 520.206
EF-estimation table computing time: 67875 ms
Per-bucket recall: conv_p20=39.9621 hard_recall=0.95 easy_recall=0.98
Training convergence-bucket 0 [13.6502, 36.692) with 1000 queries (recall=0.95).
Average Recall: 0.58231
Initial average recall with ef=100: 0.576301
Average Recall: 0.66435
Initial average recall with ef=150: 0.659426
Recall diff is too small for 1 consecutive steps, break.
Weighted average ef: 941.976
Training convergence-bucket 1 [36.692, 39.9621) with 1000 queries (recall=0.95).
Average Recall: 0.61354
Initial average recall with ef=100: 0.613265
Average Recall: 0.69752
Initial average recall with ef=150: 0.697904
Recall diff is too small for 1 consecutive steps, break.
Recall diff is too small for 1 consecutive steps, break.
Weighted average ef: 925.854
Training convergence-bucket 2 [39.9621, 45.6947) with 1000 queries (recall=0.98).
Average Recall: 0.668018
Initial average recall with ef=100: 0.665316
Average Recall: 0.74579
Initial average recall with ef=150: 0.746218
Recall diff is too small for 1 consecutive steps, break.
Weighted average ef: 949.563
Training convergence-bucket 3 [45.6947, 52.2645) with 1000 queries (recall=0.98).
Average Recall: 0.78737
Initial average recall with ef=100: 0.789226
Average Recall: 0.84662
Initial average recall with ef=150: 0.84807
Recall diff is too small for 1 consecutive steps, break.
Recall diff is too small for 1 consecutive steps, break.
Recall diff is too small for 1 consecutive steps, break.
Recall diff is too small for 1 consecutive steps, break.
Recall diff is too small for 1 consecutive steps, break.
Weighted average ef: 912.416
Training convergence-bucket 4 [52.2645, 57.0951) with 1000 queries (recall=0.98).
Average Recall: 0.84479
Initial average recall with ef=100: 0.846378
Average Recall: 0.895409
Initial average recall with ef=150: 0.897255
Recall diff is too small for 1 consecutive steps, break.
Recall diff is too small for 1 consecutive steps, break.
Recall diff is too small for 1 consecutive steps, break.
Recall diff is too small for 1 consecutive steps, break.
Recall diff is too small for 1 consecutive steps, break.
Weighted average ef: 718.951
Training convergence-bucket 5 [57.0951, 61.3626) with 1000 queries (recall=0.98).
Average Recall: 0.885269
Initial average recall with ef=100: 0.884795
Average Recall: 0.926458
Initial average recall with ef=150: 0.926281
Recall diff is too small for 1 consecutive steps, break.
Recall diff is too small for 1 consecutive steps, break.
Recall diff is too small for 1 consecutive steps, break.
Recall diff is too small for 1 consecutive steps, break.
Recall diff is too small for 1 consecutive steps, break.
Recall diff is too small for 1 consecutive steps, break.
Recall diff is too small for 1 consecutive steps, break.
Recall diff is too small for 1 consecutive steps, break.
Recall diff is too small for 1 consecutive steps, break.
Weighted average ef: 490.525
Training convergence-bucket 6 [61.3626, 65.3343) with 1000 queries (recall=0.98).
Average Recall: 0.916588
Initial average recall with ef=100: 0.91742
Average Recall: 0.949057
Initial average recall with ef=150: 0.949773
Recall diff is too small for 1 consecutive steps, break.
Weighted average ef: 338.231
Training convergence-bucket 7 [65.3343, 69.2611) with 1000 queries (recall=0.98).
Average Recall: 0.945748
Initial average recall with ef=100: 0.946212
Average Recall: 0.969467
Initial average recall with ef=150: 0.969879
Recall diff is too small for 1 consecutive steps, break.
Weighted average ef: 221.423
Training convergence-bucket 8 [69.2611, 73.7328) with 1000 queries (recall=0.98).
Average Recall: 0.959017
Initial average recall with ef=100: 0.959573
Average Recall: 0.978538
Initial average recall with ef=150: 0.979055
Weighted average ef: 186.273
Training convergence-bucket 9 [73.7328, inf) with 1000 queries (recall=0.98).
Average Recall: 0.977048
Initial average recall with ef=100: 0.977779
Average Recall: 0.988358
Initial average recall with ef=150: 0.988924
Weighted average ef: 137.072
****Weighted average ef: 582
Search time: 2293 ms
Search time: 2230 ms
Search time: 2275 ms
Average Recall: 0.97797
5th percentile recall: 0.9
1st percentile recall: 0.82
Median search time: 2275 ms
Search times: 2230 ms, 2275 ms, 2293 ms, 
word2vec-300-angular experiment results:
statisc_length, time, avg_recall, 5th_percentile_recall, 1st_percentile_recall, recall_above_99, recall_above_95, recall_above_90
1025, 2275, 0.97797, 0.9, 0.82, 653, 849, 944
Experiment finished


Sampling size: 5000


Ground truth computed in 90721 ms
Sampling computing time: 205012 ms
Loading samplings from /home/yc.shea/experiments/shiro-ef/ablation_sampling_size/word2vec-300-angular-samplings-5000-k100-ef.bin
Samplings loaded from /home/yc.shea/experiments/shiro-ef/ablation_sampling_size/word2vec-300-angular-samplings-5000-k100-ef.bin
Average Recall: 0.819944
Initial average recall with ef=100: 0.819935
Average Recall: 0.868497
Initial average recall with ef=150: 0.868673
Weighted average ef: 514.542
EF-estimation table computing time: 35321 ms
Per-bucket recall: conv_p20=40.0104 hard_recall=0.95 easy_recall=0.98
Training convergence-bucket 0 [12.2873, 36.7041) with 500 queries (recall=0.95).
Average Recall: 0.593
Initial average recall with ef=100: 0.589188
Average Recall: 0.6734
Initial average recall with ef=150: 0.671021
Recall diff is too small for 1 consecutive steps, break.
Weighted average ef: 894.196
Training convergence-bucket 1 [36.7041, 40.0104) with 500 queries (recall=0.95).
Average Recall: 0.6148
Initial average recall with ef=100: 0.617031
Average Recall: 0.7
Initial average recall with ef=150: 0.70299
Recall diff is too small for 1 consecutive steps, break.
Recall diff is too small for 1 consecutive steps, break.
Weighted average ef: 900.336
Training convergence-bucket 2 [40.0104, 45.7286) with 500 queries (recall=0.98).
Average Recall: 0.670601
Initial average recall with ef=100: 0.668351
Average Recall: 0.74944
Initial average recall with ef=150: 0.751211
Recall diff is too small for 1 consecutive steps, break.
Weighted average ef: 950.094
Training convergence-bucket 3 [45.7286, 52.3765) with 500 queries (recall=0.98).
Average Recall: 0.78264
Initial average recall with ef=100: 0.78148
Average Recall: 0.8457
Initial average recall with ef=150: 0.844989
Recall diff is too small for 1 consecutive steps, break.
Recall diff is too small for 1 consecutive steps, break.
Recall diff is too small for 1 consecutive steps, break.
Recall diff is too small for 1 consecutive steps, break.
Recall diff is too small for 1 consecutive steps, break.
Weighted average ef: 888.802
Training convergence-bucket 4 [52.3765, 56.6925) with 500 queries (recall=0.98).
Average Recall: 0.8458
Initial average recall with ef=100: 0.844905
Average Recall: 0.8954
Initial average recall with ef=150: 0.89499
Recall diff is too small for 1 consecutive steps, break.
Recall diff is too small for 1 consecutive steps, break.
Recall diff is too small for 1 consecutive steps, break.
Recall diff is too small for 1 consecutive steps, break.
Recall diff is too small for 1 consecutive steps, break.
Recall diff is too small for 1 consecutive steps, break.
Recall diff is too small for 1 consecutive steps, break.
Recall diff is too small for 1 consecutive steps, break.
Recall diff is too small for 1 consecutive steps, break.
Recall diff is too small for 1 consecutive steps, break.
Weighted average ef: 690.502
Training convergence-bucket 5 [56.6925, 61.3208) with 500 queries (recall=0.98).
Average Recall: 0.89048
Initial average recall with ef=100: 0.891631
Average Recall: 0.9313
Initial average recall with ef=150: 0.932833
Recall diff is too small for 1 consecutive steps, break.
Recall diff is too small for 1 consecutive steps, break.
Weighted average ef: 396.196
Training convergence-bucket 6 [61.3208, 65.2867) with 500 queries (recall=0.98).
Average Recall: 0.918841
Initial average recall with ef=100: 0.919807
Average Recall: 0.951941
Initial average recall with ef=150: 0.953126
Recall diff is too small for 1 consecutive steps, break.
Weighted average ef: 294.382
Training convergence-bucket 7 [65.2867, 69.1677) with 500 queries (recall=0.98).
Average Recall: 0.946681
Initial average recall with ef=100: 0.946801
Average Recall: 0.97018
Initial average recall with ef=150: 0.970169
Weighted average ef: 204.858
Training convergence-bucket 8 [69.1677, 73.6526) with 500 queries (recall=0.98).
Average Recall: 0.9608
Initial average recall with ef=100: 0.96145
Average Recall: 0.98006
Initial average recall with ef=150: 0.980336
Recall diff is too small for 1 consecutive steps, break.
Weighted average ef: 175.146
Training convergence-bucket 9 [73.6526, inf) with 500 queries (recall=0.98).
Average Recall: 0.9756
Initial average recall with ef=100: 0.97657
Average Recall: 0.98762
Initial average recall with ef=150: 0.98843
Weighted average ef: 138.08
****Weighted average ef: 553
Search time: 2203 ms
Search time: 2156 ms
Search time: 2155 ms
Average Recall: 0.97683
5th percentile recall: 0.89
1st percentile recall: 0.82
Median search time: 2156 ms
Search times: 2155 ms, 2156 ms, 2203 ms, 
word2vec-300-angular experiment results:
statisc_length, time, avg_recall, 5th_percentile_recall, 1st_percentile_recall, recall_above_99, recall_above_95, recall_above_90
1025, 2156, 0.97683, 0.89, 0.82, 628, 839, 937
Experiment finished


Sampling size: 3000


Ground truth computed in 53852 ms
Sampling computing time: 119688 ms
Loading samplings from /home/yc.shea/experiments/shiro-ef/ablation_sampling_size/word2vec-300-angular-samplings-3000-k100-ef.bin
Samplings loaded from /home/yc.shea/experiments/shiro-ef/ablation_sampling_size/word2vec-300-angular-samplings-3000-k100-ef.bin
Average Recall: 0.82003
Initial average recall with ef=100: 0.820119
Average Recall: 0.867479
Initial average recall with ef=150: 0.868171
Weighted average ef: 531.174
EF-estimation table computing time: 20652 ms
Per-bucket recall: conv_p20=40.0553 hard_recall=0.95 easy_recall=0.98
Training convergence-bucket 0 [13.6502, 36.851) with 300 queries (recall=0.95).
Average Recall: 0.588833
Initial average recall with ef=100: 0.588293
Average Recall: 0.671833
Initial average recall with ef=150: 0.672474
Recall diff is too small for 1 consecutive steps, break.
Weighted average ef: 874.633
Training convergence-bucket 1 [36.851, 40.0553) with 300 queries (recall=0.95).
Average Recall: 0.609333
Initial average recall with ef=100: 0.613453
Average Recall: 0.692267
Initial average recall with ef=150: 0.698417
Weighted average ef: 860.953
Training convergence-bucket 2 [40.0553, 45.905) with 300 queries (recall=0.98).
Average Recall: 0.664248
Initial average recall with ef=100: 0.659928
Average Recall: 0.7421
Initial average recall with ef=150: 0.745197
Recall diff is too small for 1 consecutive steps, break.
Weighted average ef: 907.953
Training convergence-bucket 3 [45.905, 52.7299) with 300 queries (recall=0.98).
Average Recall: 0.7862
Initial average recall with ef=100: 0.786928
Average Recall: 0.844767
Initial average recall with ef=150: 0.846036
Recall diff is too small for 1 consecutive steps, break.
Recall diff is too small for 1 consecutive steps, break.
Recall diff is too small for 1 consecutive steps, break.
Weighted average ef: 868.59
Training convergence-bucket 4 [52.7299, 57.8759) with 300 queries (recall=0.98).
Average Recall: 0.8483
Initial average recall with ef=100: 0.850649
Average Recall: 0.8967
Initial average recall with ef=150: 0.899046
Recall diff is too small for 1 consecutive steps, break.
Recall diff is too small for 1 consecutive steps, break.
Recall diff is too small for 1 consecutive steps, break.
Recall diff is too small for 1 consecutive steps, break.
Recall diff is too small for 1 consecutive steps, break.
Recall diff is too small for 1 consecutive steps, break.
Recall diff is too small for 1 consecutive steps, break.
Weighted average ef: 627.05
Training convergence-bucket 5 [57.8759, 62.0518) with 300 queries (recall=0.98).
Average Recall: 0.900067
Initial average recall with ef=100: 0.901424
Average Recall: 0.9368
Initial average recall with ef=150: 0.938029
Recall diff is too small for 1 consecutive steps, break.
Recall diff is too small for 1 consecutive steps, break.
Recall diff is too small for 1 consecutive steps, break.
Weighted average ef: 398.33
Training convergence-bucket 6 [62.0518, 65.7271) with 300 queries (recall=0.98).
Average Recall: 0.918534
Initial average recall with ef=100: 0.919963
Average Recall: 0.9502
Initial average recall with ef=150: 0.952263
Recall diff is too small for 1 consecutive steps, break.
Weighted average ef: 295.677
Training convergence-bucket 7 [65.7271, 69.7432) with 300 queries (recall=0.98).
Average Recall: 0.9447
Initial average recall with ef=100: 0.946222
Average Recall: 0.9705
Initial average recall with ef=150: 0.971556
Recall diff is too small for 1 consecutive steps, break.
Weighted average ef: 195.497
Training convergence-bucket 8 [69.7432, 74.4169) with 300 queries (recall=0.98).
Average Recall: 0.963467
Initial average recall with ef=100: 0.964254
Average Recall: 0.981834
Initial average recall with ef=150: 0.982351
Weighted average ef: 157.46
Training convergence-bucket 9 [74.4169, inf) with 300 queries (recall=0.98).
Average Recall: 0.976167
Initial average recall with ef=100: 0.978655
Average Recall: 0.987867
Initial average recall with ef=150: 0.989382
Recall diff is too small for 1 consecutive steps, break.
Weighted average ef: 135.953
****Weighted average ef: 532
Search time: 2195 ms
Search time: 2270 ms
Search time: 2191 ms
Average Recall: 0.9768
5th percentile recall: 0.89
1st percentile recall: 0.82
Median search time: 2195 ms
Search times: 2191 ms, 2195 ms, 2270 ms, 
word2vec-300-angular experiment results:
statisc_length, time, avg_recall, 5th_percentile_recall, 1st_percentile_recall, recall_above_99, recall_above_95, recall_above_90
1025, 2195, 0.9768, 0.89, 0.82, 637, 839, 933
Experiment finished


Sampling size: 1000


Ground truth computed in 17989 ms
Sampling computing time: 39158 ms
Loading samplings from /home/yc.shea/experiments/shiro-ef/ablation_sampling_size/word2vec-300-angular-samplings-1000-k100-ef.bin
Samplings loaded from /home/yc.shea/experiments/shiro-ef/ablation_sampling_size/word2vec-300-angular-samplings-1000-k100-ef.bin
Average Recall: 0.81452
Initial average recall with ef=100: 0.814841
Average Recall: 0.862149
Initial average recall with ef=150: 0.863155
Recall diff is too small for 1 consecutive steps, break.
Recall diff is too small for 1 consecutive steps, break.
Recall diff is too small for 1 consecutive steps, break.
Weighted average ef: 420.276
EF-estimation table computing time: 6888 ms
Per-bucket recall: conv_p20=39.7395 hard_recall=0.95 easy_recall=0.98
Training convergence-bucket 0 [13.6502, 36.5837) with 100 queries (recall=0.95).
Average Recall: 0.5786
Initial average recall with ef=100: 0.594167
Average Recall: 0.6597
Initial average recall with ef=150: 0.67369
Recall diff is too small for 1 consecutive steps, break.
Recall diff is too small for 1 consecutive steps, break.
Recall diff is too small for 1 consecutive steps, break.
Weighted average ef: 768.36
Training convergence-bucket 1 [36.5837, 39.7395) with 100 queries (recall=0.95).
Average Recall: 0.5876
Initial average recall with ef=100: 0.593371
Average Recall: 0.6709
Initial average recall with ef=150: 0.678876
Weighted average ef: 839.88
Training convergence-bucket 2 [39.7395, 45.4121) with 100 queries (recall=0.98).
Average Recall: 0.6581
Initial average recall with ef=100: 0.660476
Average Recall: 0.7367
Initial average recall with ef=150: 0.740952
Recall diff is too small for 1 consecutive steps, break.
Recall diff is too small for 1 consecutive steps, break.
Weighted average ef: 817.11
Training convergence-bucket 3 [45.4121, 52.3877) with 100 queries (recall=0.98).
Average Recall: 0.7826
Initial average recall with ef=100: 0.772658
Average Recall: 0.8416
Initial average recall with ef=150: 0.832405
Recall diff is too small for 1 consecutive steps, break.
Recall diff is too small for 1 consecutive steps, break.
Recall diff is too small for 1 consecutive steps, break.
Weighted average ef: 658.73
Training convergence-bucket 4 [52.3877, 57.1647) with 100 queries (recall=0.98).
Average Recall: 0.8478
Initial average recall with ef=100: 0.844225
Average Recall: 0.8974
Initial average recall with ef=150: 0.895493
Recall diff is too small for 1 consecutive steps, break.
Recall diff is too small for 1 consecutive steps, break.
Recall diff is too small for 1 consecutive steps, break.
Recall diff is too small for 1 consecutive steps, break.
Weighted average ef: 435.27
Training convergence-bucket 5 [57.1647, 61.9177) with 100 queries (recall=0.98).
Average Recall: 0.8922
Initial average recall with ef=100: 0.894211
Average Recall: 0.9318
Initial average recall with ef=150: 0.932369
Recall diff is too small for 1 consecutive steps, break.
Weighted average ef: 340.9
Training convergence-bucket 6 [61.9177, 64.9283) with 100 queries (recall=0.98).
Average Recall: 0.9156
Initial average recall with ef=100: 0.915844
Average Recall: 0.9478
Initial average recall with ef=150: 0.949221
Recall diff is too small for 1 consecutive steps, break.
Recall diff is too small for 1 consecutive steps, break.
Recall diff is too small for 1 consecutive steps, break.
Weighted average ef: 246.01
Training convergence-bucket 7 [64.9283, 69.218) with 100 queries (recall=0.98).
Average Recall: 0.9462
Initial average recall with ef=100: 0.951333
Average Recall: 0.9708
Initial average recall with ef=150: 0.9736
Weighted average ef: 148.58
Training convergence-bucket 8 [69.218, 74.2587) with 100 queries (recall=0.98).
Average Recall: 0.9609
Initial average recall with ef=100: 0.96589
Average Recall: 0.9773
Initial average recall with ef=150: 0.982329
Weighted average ef: 121.27
Training convergence-bucket 9 [74.2587, inf) with 100 queries (recall=0.98).
Average Recall: 0.9756
Initial average recall with ef=100: 0.97806
Average Recall: 0.9875
Initial average recall with ef=150: 0.988358
Weighted average ef: 88.85
****Weighted average ef: 446
Search time: 2001 ms
Search time: 2086 ms
Search time: 1998 ms
Average Recall: 0.97366
5th percentile recall: 0.88
1st percentile recall: 0.8
Median search time: 2001 ms
Search times: 1998 ms, 2001 ms, 2086 ms, 
word2vec-300-angular experiment results:
statisc_length, time, avg_recall, 5th_percentile_recall, 1st_percentile_recall, recall_above_99, recall_above_95, recall_above_90
1025, 2001, 0.97366, 0.88, 0.8, 588, 818, 917
Experiment finished
Dataset: sift10m-128-euclidean
Metric: l2
Truncation ratio: 1
Data vectors dimensions: 10000000 x 128
Query vectors dimensions: 1000 x 128
Neighbors dimensions: 1000 x 100
Index loaded
Dimension of space:128
Data size of space:512


Sampling size: 10000


Ground truth computed in 1117388 ms
Sampling computing time: 1177070 ms
Loading samplings from /home/yc.shea/experiments/shiro-ef/ablation_sampling_size/sift10m-128-euclidean-samplings-10000-k100-ef.bin
Samplings loaded from /home/yc.shea/experiments/shiro-ef/ablation_sampling_size/sift10m-128-euclidean-samplings-10000-k100-ef.bin
Average Recall: 0.855998
Initial average recall with ef=100: 0.856093
Average Recall: 0.902121
Initial average recall with ef=150: 0.902201
Weighted average ef: 301.823
EF-estimation table computing time: 48418 ms
Per-bucket recall: conv_p20=44.0446 hard_recall=0.95 easy_recall=0.98
Training convergence-bucket 0 [19.562, 41.0095) with 1000 queries (recall=0.95).
Average Recall: 0.65944
Initial average recall with ef=100: 0.658028
Average Recall: 0.73697
Initial average recall with ef=150: 0.735843
Weighted average ef: 740.495
Training convergence-bucket 1 [41.0095, 44.0446) with 1000 queries (recall=0.95).
Average Recall: 0.69964
Initial average recall with ef=100: 0.698367
Average Recall: 0.774961
Initial average recall with ef=150: 0.773972
Recall diff is too small for 1 consecutive steps, break.
Weighted average ef: 619.162
Training convergence-bucket 2 [44.0446, 49.4466) with 1000 queries (recall=0.98).
Average Recall: 0.77017
Initial average recall with ef=100: 0.76894
Average Recall: 0.83821
Initial average recall with ef=150: 0.837329
Weighted average ef: 678.73
Training convergence-bucket 3 [49.4466, 53.7743) with 1000 queries (recall=0.98).
Average Recall: 0.83176
Initial average recall with ef=100: 0.83086
Average Recall: 0.891069
Initial average recall with ef=150: 0.890364
Weighted average ef: 489.577
Training convergence-bucket 4 [53.7743, 57.4315) with 1000 queries (recall=0.98).
Average Recall: 0.86204
Initial average recall with ef=100: 0.862374
Average Recall: 0.91547
Initial average recall with ef=150: 0.915899
Weighted average ef: 395.474
Training convergence-bucket 5 [57.4315, 61.0076) with 1000 queries (recall=0.98).
Average Recall: 0.902999
Initial average recall with ef=100: 0.903236
Average Recall: 0.944749
Initial average recall with ef=150: 0.94498
Weighted average ef: 287.005
Training convergence-bucket 6 [61.0076, 64.7982) with 1000 queries (recall=0.98).
Average Recall: 0.925919
Initial average recall with ef=100: 0.926255
Average Recall: 0.960687
Initial average recall with ef=150: 0.960954
Recall diff is too small for 1 consecutive steps, break.
Weighted average ef: 237.086
Training convergence-bucket 7 [64.7982, 68.857) with 1000 queries (recall=0.98).
Average Recall: 0.947828
Initial average recall with ef=100: 0.948494
Average Recall: 0.974717
Initial average recall with ef=150: 0.975141
Weighted average ef: 190.383
Training convergence-bucket 8 [68.857, 74.5823) with 1000 queries (recall=0.98).
Average Recall: 0.969766
Initial average recall with ef=100: 0.970302
Average Recall: 0.987427
Initial average recall with ef=150: 0.987835
Weighted average ef: 143.11
Training convergence-bucket 9 [74.5823, inf) with 1000 queries (recall=0.98).
Average Recall: 0.990268
Initial average recall with ef=100: 0.990705
Average Recall: 0.996719
Initial average recall with ef=150: 0.996955
Weighted average ef: 104.2
****Weighted average ef: 388
Search time: 1647 ms
Search time: 1646 ms
Search time: 1612 ms
Average Recall: 0.98468
5th percentile recall: 0.95
1st percentile recall: 0.91
Median search time: 1646 ms
Search times: 1612 ms, 1646 ms, 1647 ms, 
sift10m-128-euclidean experiment results:
statisc_length, time, avg_recall, 5th_percentile_recall, 1st_percentile_recall, recall_above_99, recall_above_95, recall_above_90
1025, 1646, 0.98468, 0.95, 0.91, 629, 936, 995
Experiment finished


Sampling size: 5000


Ground truth computed in 560260 ms
Sampling computing time: 632566 ms
Loading samplings from /home/yc.shea/experiments/shiro-ef/ablation_sampling_size/sift10m-128-euclidean-samplings-5000-k100-ef.bin
Samplings loaded from /home/yc.shea/experiments/shiro-ef/ablation_sampling_size/sift10m-128-euclidean-samplings-5000-k100-ef.bin
Average Recall: 0.856746
Initial average recall with ef=100: 0.856991
Average Recall: 0.902316
Initial average recall with ef=150: 0.902547
Recall diff is too small for 1 consecutive steps, break.
Weighted average ef: 299.161
EF-estimation table computing time: 24145 ms
Per-bucket recall: conv_p20=44.0511 hard_recall=0.95 easy_recall=0.98
Training convergence-bucket 0 [25.6326, 40.9475) with 500 queries (recall=0.95).
Average Recall: 0.65656
Initial average recall with ef=100: 0.653437
Average Recall: 0.73576
Initial average recall with ef=150: 0.733313
Recall diff is too small for 1 consecutive steps, break.
Recall diff is too small for 1 consecutive steps, break.
Weighted average ef: 724.792
Training convergence-bucket 1 [40.9475, 44.0511) with 500 queries (recall=0.95).
Average Recall: 0.69542
Initial average recall with ef=100: 0.693064
Average Recall: 0.77072
Initial average recall with ef=150: 0.768675
Weighted average ef: 628.68
Training convergence-bucket 2 [44.0511, 49.751) with 500 queries (recall=0.98).
Average Recall: 0.77154
Initial average recall with ef=100: 0.771173
Average Recall: 0.83784
Initial average recall with ef=150: 0.837757
Weighted average ef: 685.552
Training convergence-bucket 3 [49.751, 54.004) with 500 queries (recall=0.98).
Average Recall: 0.83428
Initial average recall with ef=100: 0.833265
Average Recall: 0.892961
Initial average recall with ef=150: 0.892082
Weighted average ef: 480.526
Training convergence-bucket 4 [54.004, 57.3974) with 500 queries (recall=0.98).
Average Recall: 0.87064
Initial average recall with ef=100: 0.86998
Average Recall: 0.92056
Initial average recall with ef=150: 0.920183
Recall diff is too small for 1 consecutive steps, break.
Recall diff is too small for 1 consecutive steps, break.
Weighted average ef: 385.16
Training convergence-bucket 5 [57.3974, 61.0076) with 500 queries (recall=0.98).
Average Recall: 0.899761
Initial average recall with ef=100: 0.899735
Average Recall: 0.943721
Initial average recall with ef=150: 0.943747
Weighted average ef: 288.748
Training convergence-bucket 6 [61.0076, 64.9151) with 500 queries (recall=0.98).
Average Recall: 0.925161
Initial average recall with ef=100: 0.925634
Average Recall: 0.959321
Initial average recall with ef=150: 0.959678
Weighted average ef: 244.598
Training convergence-bucket 7 [64.9151, 69.3439) with 500 queries (recall=0.98).
Average Recall: 0.951261
Initial average recall with ef=100: 0.951743
Average Recall: 0.97724
Initial average recall with ef=150: 0.977555
Weighted average ef: 178.384
Training convergence-bucket 8 [69.3439, 74.5819) with 500 queries (recall=0.98).
Average Recall: 0.97326
Initial average recall with ef=100: 0.973851
Average Recall: 0.98894
Initial average recall with ef=150: 0.989335
Weighted average ef: 136.9
Training convergence-bucket 9 [74.5819, inf) with 500 queries (recall=0.98).
Average Recall: 0.989659
Initial average recall with ef=100: 0.990779
Average Recall: 0.99616
Initial average recall with ef=150: 0.996947
Weighted average ef: 101.8
****Weighted average ef: 385
Search time: 1524 ms
Search time: 1512 ms
Search time: 1524 ms
Average Recall: 0.98539
5th percentile recall: 0.95
1st percentile recall: 0.93
Median search time: 1524 ms
Search times: 1512 ms, 1524 ms, 1524 ms, 
sift10m-128-euclidean experiment results:
statisc_length, time, avg_recall, 5th_percentile_recall, 1st_percentile_recall, recall_above_99, recall_above_95, recall_above_90
1025, 1524, 0.98539, 0.95, 0.93, 645, 945, 996
Experiment finished


Sampling size: 3000


Ground truth computed in 333594 ms
Sampling computing time: 380618 ms
Loading samplings from /home/yc.shea/experiments/shiro-ef/ablation_sampling_size/sift10m-128-euclidean-samplings-3000-k100-ef.bin
Samplings loaded from /home/yc.shea/experiments/shiro-ef/ablation_sampling_size/sift10m-128-euclidean-samplings-3000-k100-ef.bin
Average Recall: 0.856011
Initial average recall with ef=100: 0.856315
Average Recall: 0.902513
Initial average recall with ef=150: 0.902814
Weighted average ef: 299.369
EF-estimation table computing time: 15832 ms
Per-bucket recall: conv_p20=43.9052 hard_recall=0.95 easy_recall=0.98
Training convergence-bucket 0 [25.6326, 40.8522) with 300 queries (recall=0.95).
Average Recall: 0.6557
Initial average recall with ef=100: 0.655017
Average Recall: 0.7357
Initial average recall with ef=150: 0.735813
Weighted average ef: 738.057
Training convergence-bucket 1 [40.8522, 43.9052) with 300 queries (recall=0.95).
Average Recall: 0.6922
Initial average recall with ef=100: 0.691365
Average Recall: 0.7701
Initial average recall with ef=150: 0.769625
Weighted average ef: 622.07
Training convergence-bucket 2 [43.9052, 49.5591) with 300 queries (recall=0.98).
Average Recall: 0.772167
Initial average recall with ef=100: 0.771632
Average Recall: 0.8429
Initial average recall with ef=150: 0.842396
Recall diff is too small for 1 consecutive steps, break.
Weighted average ef: 667.26
Training convergence-bucket 3 [49.5591, 53.5044) with 300 queries (recall=0.98).
Average Recall: 0.8279
Initial average recall with ef=100: 0.827109
Average Recall: 0.886266
Initial average recall with ef=150: 0.885646
Recall diff is too small for 1 consecutive steps, break.
Weighted average ef: 476.44
Training convergence-bucket 4 [53.5044, 57.6866) with 300 queries (recall=0.98).
Average Recall: 0.8677
Initial average recall with ef=100: 0.865517
Average Recall: 0.919066
Initial average recall with ef=150: 0.917414
Recall diff is too small for 1 consecutive steps, break.
Weighted average ef: 357.447
Training convergence-bucket 5 [57.6866, 60.9502) with 300 queries (recall=0.98).
Average Recall: 0.899567
Initial average recall with ef=100: 0.900206
Average Recall: 0.9427
Initial average recall with ef=150: 0.94339
Weighted average ef: 300.147
Training convergence-bucket 6 [60.9502, 64.8344) with 300 queries (recall=0.98).
Average Recall: 0.926633
Initial average recall with ef=100: 0.927578
Average Recall: 0.961734
Initial average recall with ef=150: 0.962664
Recall diff is too small for 1 consecutive steps, break.
Weighted average ef: 219.8
Training convergence-bucket 7 [64.8344, 69.4434) with 300 queries (recall=0.98).
Average Recall: 0.955167
Initial average recall with ef=100: 0.956531
Average Recall: 0.980734
Initial average recall with ef=150: 0.981599
Weighted average ef: 167.25
Training convergence-bucket 8 [69.4434, 74.9222) with 300 queries (recall=0.98).
Average Recall: 0.972767
Initial average recall with ef=100: 0.973547
Average Recall: 0.989067
Initial average recall with ef=150: 0.989527
Weighted average ef: 133.167
Training convergence-bucket 9 [74.9222, inf) with 300 queries (recall=0.98).
Average Recall: 0.990367
Initial average recall with ef=100: 0.990791
Average Recall: 0.996934
Initial average recall with ef=150: 0.997217
Weighted average ef: 101.333
****Weighted average ef: 378
Search time: 1570 ms
Search time: 1498 ms
Search time: 1504 ms
Average Recall: 0.98493
5th percentile recall: 0.95
1st percentile recall: 0.92
Median search time: 1504 ms
Search times: 1498 ms, 1504 ms, 1570 ms, 
sift10m-128-euclidean experiment results:
statisc_length, time, avg_recall, 5th_percentile_recall, 1st_percentile_recall, recall_above_99, recall_above_95, recall_above_90
1025, 1504, 0.98493, 0.95, 0.92, 626, 937, 997
Experiment finished


Sampling size: 1000


Ground truth computed in 112684 ms
Sampling computing time: 126379 ms
Loading samplings from /home/yc.shea/experiments/shiro-ef/ablation_sampling_size/sift10m-128-euclidean-samplings-1000-k100-ef.bin
Samplings loaded from /home/yc.shea/experiments/shiro-ef/ablation_sampling_size/sift10m-128-euclidean-samplings-1000-k100-ef.bin
Average Recall: 0.848749
Initial average recall with ef=100: 0.850443
Average Recall: 0.897048
Initial average recall with ef=150: 0.898692
Weighted average ef: 310.335
EF-estimation table computing time: 6408 ms
Per-bucket recall: conv_p20=43.7756 hard_recall=0.95 easy_recall=0.98
Training convergence-bucket 0 [26.7615, 40.7579) with 100 queries (recall=0.95).
Average Recall: 0.6479
Initial average recall with ef=100: 0.636353
Average Recall: 0.7279
Initial average recall with ef=150: 0.720235
Recall diff is too small for 1 consecutive steps, break.
Weighted average ef: 685.88
Training convergence-bucket 1 [40.7579, 43.7756) with 100 queries (recall=0.95).
Average Recall: 0.6698
Initial average recall with ef=100: 0.671111
Average Recall: 0.7508
Initial average recall with ef=150: 0.752
Weighted average ef: 611.79
Training convergence-bucket 2 [43.7756, 48.2035) with 100 queries (recall=0.98).
Average Recall: 0.7685
Initial average recall with ef=100: 0.767303
Average Recall: 0.8385
Initial average recall with ef=150: 0.83618
Recall diff is too small for 1 consecutive steps, break.
Weighted average ef: 632.86
Training convergence-bucket 3 [48.2035, 52.416) with 100 queries (recall=0.98).
Average Recall: 0.8136
Initial average recall with ef=100: 0.81
Average Recall: 0.8778
Initial average recall with ef=150: 0.874253
Recall diff is too small for 1 consecutive steps, break.
Recall diff is too small for 1 consecutive steps, break.
Recall diff is too small for 1 consecutive steps, break.
Weighted average ef: 455.48
Training convergence-bucket 4 [52.416, 56.1904) with 100 queries (recall=0.98).
Average Recall: 0.8659
Initial average recall with ef=100: 0.862222
Average Recall: 0.9177
Initial average recall with ef=150: 0.915333
Recall diff is too small for 1 consecutive steps, break.
Recall diff is too small for 1 consecutive steps, break.
Weighted average ef: 337.75
Training convergence-bucket 5 [56.1904, 59.6463) with 100 queries (recall=0.98).
Average Recall: 0.8937
Initial average recall with ef=100: 0.891882
Average Recall: 0.9409
Initial average recall with ef=150: 0.939765
Weighted average ef: 258.24
Training convergence-bucket 6 [59.6463, 64.054) with 100 queries (recall=0.98).
Average Recall: 0.9173
Initial average recall with ef=100: 0.912644
Average Recall: 0.9565
Initial average recall with ef=150: 0.953218
Weighted average ef: 204.97
Training convergence-bucket 7 [64.054, 69.2406) with 100 queries (recall=0.98).
Average Recall: 0.9443
Initial average recall with ef=100: 0.948837
Average Recall: 0.9739
Initial average recall with ef=150: 0.976628
Recall diff is too small for 1 consecutive steps, break.
Weighted average ef: 157.49
Training convergence-bucket 8 [69.2406, 75.281) with 100 queries (recall=0.98).
Average Recall: 0.9743
Initial average recall with ef=100: 0.978961
Average Recall: 0.9889
Initial average recall with ef=150: 0.991948
Weighted average ef: 91.5
Training convergence-bucket 9 [75.281, inf) with 100 queries (recall=0.98).
Average Recall: 0.9922
Initial average recall with ef=100: 0.993596
Average Recall: 0.9976
Initial average recall with ef=150: 0.998764
Weighted average ef: 91.01
****Weighted average ef: 352
Search time: 1561 ms
Search time: 1507 ms
Search time: 1502 ms
Average Recall: 0.98526
5th percentile recall: 0.95
1st percentile recall: 0.93
Median search time: 1507 ms
Search times: 1502 ms, 1507 ms, 1561 ms, 
sift10m-128-euclidean experiment results:
statisc_length, time, avg_recall, 5th_percentile_recall, 1st_percentile_recall, recall_above_99, recall_above_95, recall_above_90
1025, 1507, 0.98526, 0.95, 0.93, 629, 945, 997
Experiment finished
Dataset: gist-960-euclidean
Metric: l2
Truncation ratio: 1
Data vectors dimensions: 1000000 x 960
Query vectors dimensions: 1000 x 960
Neighbors dimensions: 1000 x 100
Index loaded
Dimension of space:960
Data size of space:3840


Sampling size: 10000


Ground truth computed in 446879 ms
Sampling computing time: 580281 ms
Loading samplings from /home/yc.shea/experiments/shiro-ef/ablation_sampling_size/gist-960-euclidean-samplings-10000-k100-ef.bin
Samplings loaded from /home/yc.shea/experiments/shiro-ef/ablation_sampling_size/gist-960-euclidean-samplings-10000-k100-ef.bin
Average Recall: 0.729382
Initial average recall with ef=100: 0.729493
Average Recall: 0.802237
Initial average recall with ef=150: 0.802354
Recall diff is too small for 1 consecutive steps, break.
Weighted average ef: 635.231
EF-estimation table computing time: 288565 ms
Per-bucket recall: conv_p20=36.4299 hard_recall=0.95 easy_recall=0.98
Training convergence-bucket 0 [20.8785, 33.1882) with 1000 queries (recall=0.95).
Average Recall: 0.51094
Initial average recall with ef=100: 0.510765
Average Recall: 0.60734
Initial average recall with ef=150: 0.607362
Recall diff is too small for 1 consecutive steps, break.
Recall diff is too small for 1 consecutive steps, break.
Weighted average ef: 1425.55
Training convergence-bucket 1 [33.1882, 36.4299) with 1000 queries (recall=0.95).
Average Recall: 0.56923
Initial average recall with ef=100: 0.569618
Average Recall: 0.661139
Initial average recall with ef=150: 0.661618
Weighted average ef: 1151.02
Training convergence-bucket 2 [36.4299, 39.5349) with 1000 queries (recall=0.98).
Average Recall: 0.62604
Initial average recall with ef=100: 0.62503
Average Recall: 0.718439
Initial average recall with ef=150: 0.717591
Recall diff is too small for 1 consecutive steps, break.
Recall diff is too small for 1 consecutive steps, break.
Weighted average ef: 1597.09
Training convergence-bucket 3 [39.5349, 42.2468) with 1000 queries (recall=0.98).
Average Recall: 0.67065
Initial average recall with ef=100: 0.671108
Average Recall: 0.75931
Initial average recall with ef=150: 0.759829
Recall diff is too small for 1 consecutive steps, break.
Weighted average ef: 1358.14
Training convergence-bucket 4 [42.2468, 45.0743) with 1000 queries (recall=0.98).
Average Recall: 0.70386
Initial average recall with ef=100: 0.704561
Average Recall: 0.7868
Initial average recall with ef=150: 0.787629
Recall diff is too small for 1 consecutive steps, break.
Recall diff is too small for 1 consecutive steps, break.
Weighted average ef: 1176.98
Training convergence-bucket 5 [45.0743, 48.305) with 1000 queries (recall=0.98).
Average Recall: 0.74444
Initial average recall with ef=100: 0.745511
Average Recall: 0.82304
Initial average recall with ef=150: 0.824267
Recall diff is too small for 1 consecutive steps, break.
Weighted average ef: 904.689
Training convergence-bucket 6 [48.305, 52.2182) with 1000 queries (recall=0.98).
Average Recall: 0.788579
Initial average recall with ef=100: 0.79
Average Recall: 0.857551
Initial average recall with ef=150: 0.858898
Recall diff is too small for 1 consecutive steps, break.
Recall diff is too small for 1 consecutive steps, break.
Recall diff is too small for 1 consecutive steps, break.
Recall diff is too small for 1 consecutive steps, break.
Weighted average ef: 749.416
Training convergence-bucket 7 [52.2182, 57.5825) with 1000 queries (recall=0.98).
Average Recall: 0.83715
Initial average recall with ef=100: 0.83733
Average Recall: 0.897079
Initial average recall with ef=150: 0.897218
Recall diff is too small for 1 consecutive steps, break.
Weighted average ef: 534.196
Training convergence-bucket 8 [57.5825, 65.8724) with 1000 queries (recall=0.98).
Average Recall: 0.888639
Initial average recall with ef=100: 0.890428
Average Recall: 0.934788
Initial average recall with ef=150: 0.936248
Recall diff is too small for 1 consecutive steps, break.
Weighted average ef: 368.451
Training convergence-bucket 9 [65.8724, inf) with 1000 queries (recall=0.98).
Average Recall: 0.954247
Initial average recall with ef=100: 0.956447
Average Recall: 0.976818
Initial average recall with ef=150: 0.978624
Weighted average ef: 179.683
****Weighted average ef: 944
Search time: 9039 ms
Search time: 9000 ms
Search time: 8707 ms
Average Recall: 0.98163
5th percentile recall: 0.94
1st percentile recall: 0.91
Median search time: 9000 ms
Search times: 8707 ms, 9000 ms, 9039 ms, 
gist-960-euclidean experiment results:
statisc_length, time, avg_recall, 5th_percentile_recall, 1st_percentile_recall, recall_above_99, recall_above_95, recall_above_90
1025, 9000, 0.98163, 0.94, 0.91, 574, 893, 990
Experiment finished


Sampling size: 5000


Ground truth computed in 223946 ms
Sampling computing time: 615729 ms
Loading samplings from /home/yc.shea/experiments/shiro-ef/ablation_sampling_size/gist-960-euclidean-samplings-5000-k100-ef.bin
Samplings loaded from /home/yc.shea/experiments/shiro-ef/ablation_sampling_size/gist-960-euclidean-samplings-5000-k100-ef.bin
Average Recall: 0.730005
Initial average recall with ef=100: 0.730441
Average Recall: 0.80238
Initial average recall with ef=150: 0.802864
Weighted average ef: 615.593
EF-estimation table computing time: 137775 ms
Per-bucket recall: conv_p20=36.4974 hard_recall=0.95 easy_recall=0.98
Training convergence-bucket 0 [24.4065, 33.1701) with 500 queries (recall=0.95).
Average Recall: 0.5123
Initial average recall with ef=100: 0.510536
Average Recall: 0.60742
Initial average recall with ef=150: 0.606186
Recall diff is too small for 1 consecutive steps, break.
Weighted average ef: 1388.47
Training convergence-bucket 1 [33.1701, 36.4974) with 500 queries (recall=0.95).
Average Recall: 0.57086
Initial average recall with ef=100: 0.57051
Average Recall: 0.6624
Initial average recall with ef=150: 0.662082
Weighted average ef: 1076.48
Training convergence-bucket 2 [36.4974, 39.5816) with 500 queries (recall=0.98).
Average Recall: 0.62748
Initial average recall with ef=100: 0.626066
Average Recall: 0.717599
Initial average recall with ef=150: 0.716516
Recall diff is too small for 1 consecutive steps, break.
Weighted average ef: 1551.67
Training convergence-bucket 3 [39.5816, 42.2809) with 500 queries (recall=0.98).
Average Recall: 0.6615
Initial average recall with ef=100: 0.661935
Average Recall: 0.75114
Initial average recall with ef=150: 0.751466
Recall diff is too small for 1 consecutive steps, break.
Recall diff is too small for 1 consecutive steps, break.
Recall diff is too small for 1 consecutive steps, break.
Weighted average ef: 1372.29
Training convergence-bucket 4 [42.2809, 45.2733) with 500 queries (recall=0.98).
Average Recall: 0.70888
Initial average recall with ef=100: 0.709836
Average Recall: 0.79078
Initial average recall with ef=150: 0.792172
Recall diff is too small for 1 consecutive steps, break.
Recall diff is too small for 1 consecutive steps, break.
Recall diff is too small for 1 consecutive steps, break.
Recall diff is too small for 1 consecutive steps, break.
Recall diff is too small for 1 consecutive steps, break.
Weighted average ef: 1103.87
Training convergence-bucket 5 [45.2733, 48.4996) with 500 queries (recall=0.98).
Average Recall: 0.74158
Initial average recall with ef=100: 0.741606
Average Recall: 0.82084
Initial average recall with ef=150: 0.820996
Recall diff is too small for 1 consecutive steps, break.
Recall diff is too small for 1 consecutive steps, break.
Recall diff is too small for 1 consecutive steps, break.
Recall diff is too small for 1 consecutive steps, break.
Weighted average ef: 963.258
Training convergence-bucket 6 [48.4996, 52.4051) with 500 queries (recall=0.98).
Average Recall: 0.78694
Initial average recall with ef=100: 0.788914
Average Recall: 0.85806
Initial average recall with ef=150: 0.860246
Recall diff is too small for 1 consecutive steps, break.
Recall diff is too small for 1 consecutive steps, break.
Recall diff is too small for 1 consecutive steps, break.
Recall diff is too small for 1 consecutive steps, break.
Weighted average ef: 701.848
Training convergence-bucket 7 [52.4051, 57.9648) with 500 queries (recall=0.98).
Average Recall: 0.84334
Initial average recall with ef=100: 0.845176
Average Recall: 0.902221
Initial average recall with ef=150: 0.903975
Recall diff is too small for 1 consecutive steps, break.
Recall diff is too small for 1 consecutive steps, break.
Weighted average ef: 443.416
Training convergence-bucket 8 [57.9648, 66.4246) with 500 queries (recall=0.98).
Average Recall: 0.894501
Initial average recall with ef=100: 0.897214
Average Recall: 0.93882
Initial average recall with ef=150: 0.941227
Recall diff is too small for 1 consecutive steps, break.
Recall diff is too small for 1 consecutive steps, break.
Weighted average ef: 325.756
Training convergence-bucket 9 [66.4246, inf) with 500 queries (recall=0.98).
Average Recall: 0.9527
Initial average recall with ef=100: 0.955103
Average Recall: 0.97456
Initial average recall with ef=150: 0.976591
Recall diff is too small for 1 consecutive steps, break.
Weighted average ef: 188.732
****Weighted average ef: 911
Search time: 8752 ms
Search time: 8469 ms
Search time: 8857 ms
Average Recall: 0.98143
5th percentile recall: 0.94
1st percentile recall: 0.91
Median search time: 8752 ms
Search times: 8469 ms, 8752 ms, 8857 ms, 
gist-960-euclidean experiment results:
statisc_length, time, avg_recall, 5th_percentile_recall, 1st_percentile_recall, recall_above_99, recall_above_95, recall_above_90
1025, 8752, 0.98143, 0.94, 0.91, 573, 882, 990
Experiment finished


Sampling size: 3000


Ground truth computed in 134593 ms
Sampling computing time: 362354 ms
Loading samplings from /home/yc.shea/experiments/shiro-ef/ablation_sampling_size/gist-960-euclidean-samplings-3000-k100-ef.bin
Samplings loaded from /home/yc.shea/experiments/shiro-ef/ablation_sampling_size/gist-960-euclidean-samplings-3000-k100-ef.bin
Average Recall: 0.726243
Initial average recall with ef=100: 0.725997
Average Recall: 0.799901
Initial average recall with ef=150: 0.799863
Recall diff is too small for 1 consecutive steps, break.
Weighted average ef: 642.249
EF-estimation table computing time: 84692 ms
Per-bucket recall: conv_p20=36.2647 hard_recall=0.95 easy_recall=0.98
Training convergence-bucket 0 [25.3651, 33.1353) with 300 queries (recall=0.95).
Average Recall: 0.503567
Initial average recall with ef=100: 0.50189
Average Recall: 0.598533
Initial average recall with ef=150: 0.597388
Recall diff is too small for 1 consecutive steps, break.
Recall diff is too small for 1 consecutive steps, break.
Weighted average ef: 1418.12
Training convergence-bucket 1 [33.1353, 36.2647) with 300 queries (recall=0.95).
Average Recall: 0.5618
Initial average recall with ef=100: 0.562341
Average Recall: 0.6548
Initial average recall with ef=150: 0.655117
Weighted average ef: 1208.1
Training convergence-bucket 2 [36.2647, 39.2767) with 300 queries (recall=0.98).
Average Recall: 0.6292
Initial average recall with ef=100: 0.632755
Average Recall: 0.716667
Initial average recall with ef=150: 0.71932
Recall diff is too small for 1 consecutive steps, break.
Recall diff is too small for 1 consecutive steps, break.
Recall diff is too small for 1 consecutive steps, break.
Recall diff is too small for 1 consecutive steps, break.
Weighted average ef: 1584.18
Training convergence-bucket 3 [39.2767, 41.989) with 300 queries (recall=0.98).
Average Recall: 0.662433
Initial average recall with ef=100: 0.666944
Average Recall: 0.755067
Initial average recall with ef=150: 0.759444
Recall diff is too small for 1 consecutive steps, break.
Recall diff is too small for 1 consecutive steps, break.
Recall diff is too small for 1 consecutive steps, break.
Recall diff is too small for 1 consecutive steps, break.
Weighted average ef: 1164.02
Training convergence-bucket 4 [41.989, 45.0088) with 300 queries (recall=0.98).
Average Recall: 0.699867
Initial average recall with ef=100: 0.700414
Average Recall: 0.787267
Initial average recall with ef=150: 0.787862
Recall diff is too small for 1 consecutive steps, break.
Recall diff is too small for 1 consecutive steps, break.
Recall diff is too small for 1 consecutive steps, break.
Recall diff is too small for 1 consecutive steps, break.
Weighted average ef: 1099.88
Training convergence-bucket 5 [45.0088, 48.08) with 300 queries (recall=0.98).
Average Recall: 0.751
Initial average recall with ef=100: 0.753881
Average Recall: 0.829167
Initial average recall with ef=150: 0.832657
Recall diff is too small for 1 consecutive steps, break.
Recall diff is too small for 1 consecutive steps, break.
Recall diff is too small for 1 consecutive steps, break.
Weighted average ef: 843.767
Training convergence-bucket 6 [48.08, 51.9007) with 300 queries (recall=0.98).
Average Recall: 0.781033
Initial average recall with ef=100: 0.781631
Average Recall: 0.8552
Initial average recall with ef=150: 0.855816
Recall diff is too small for 1 consecutive steps, break.
Recall diff is too small for 1 consecutive steps, break.
Weighted average ef: 667.69
Training convergence-bucket 7 [51.9007, 57.2243) with 300 queries (recall=0.98).
Average Recall: 0.826267
Initial average recall with ef=100: 0.832014
Average Recall: 0.8873
Initial average recall with ef=150: 0.892266
Recall diff is too small for 1 consecutive steps, break.
Recall diff is too small for 1 consecutive steps, break.
Recall diff is too small for 1 consecutive steps, break.
Weighted average ef: 513.037
Training convergence-bucket 8 [57.2243, 65.9373) with 300 queries (recall=0.98).
Average Recall: 0.891
Initial average recall with ef=100: 0.891667
Average Recall: 0.9371
Initial average recall with ef=150: 0.937411
Recall diff is too small for 1 consecutive steps, break.
Recall diff is too small for 1 consecutive steps, break.
Weighted average ef: 320.317
Training convergence-bucket 9 [65.9373, inf) with 300 queries (recall=0.98).
Average Recall: 0.956267
Initial average recall with ef=100: 0.960601
Average Recall: 0.977933
Initial average recall with ef=150: 0.981237
Weighted average ef: 163.037
****Weighted average ef: 898
Search time: 8543 ms
Search time: 8841 ms
Search time: 8847 ms
Average Recall: 0.98183
5th percentile recall: 0.94
1st percentile recall: 0.91
Median search time: 8841 ms
Search times: 8543 ms, 8841 ms, 8847 ms, 
gist-960-euclidean experiment results:
statisc_length, time, avg_recall, 5th_percentile_recall, 1st_percentile_recall, recall_above_99, recall_above_95, recall_above_90
1025, 8841, 0.98183, 0.94, 0.91, 568, 889, 993
Experiment finished


Sampling size: 1000


Ground truth computed in 45648 ms
Sampling computing time: 120535 ms
Loading samplings from /home/yc.shea/experiments/shiro-ef/ablation_sampling_size/gist-960-euclidean-samplings-1000-k100-ef.bin
Samplings loaded from /home/yc.shea/experiments/shiro-ef/ablation_sampling_size/gist-960-euclidean-samplings-1000-k100-ef.bin
Average Recall: 0.734309
Initial average recall with ef=100: 0.730983
Average Recall: 0.80614
Initial average recall with ef=150: 0.803667
Recall diff is too small for 1 consecutive steps, break.
Weighted average ef: 613.073
EF-estimation table computing time: 27190 ms
Per-bucket recall: conv_p20=36.2786 hard_recall=0.95 easy_recall=0.98
Training convergence-bucket 0 [26.4751, 33.331) with 100 queries (recall=0.95).
Average Recall: 0.508
Initial average recall with ef=100: 0.505667
Average Recall: 0.5991
Initial average recall with ef=150: 0.596111
Weighted average ef: 1246.89
Training convergence-bucket 1 [33.331, 36.2786) with 100 queries (recall=0.95).
Average Recall: 0.5636
Initial average recall with ef=100: 0.551047
Average Recall: 0.6564
Initial average recall with ef=150: 0.644767
Recall diff is too small for 1 consecutive steps, break.
Weighted average ef: 997.75
Training convergence-bucket 2 [36.2786, 39.2807) with 100 queries (recall=0.98).
Average Recall: 0.6282
Initial average recall with ef=100: 0.624222
Average Recall: 0.7218
Initial average recall with ef=150: 0.717222
Recall diff is too small for 1 consecutive steps, break.
Recall diff is too small for 1 consecutive steps, break.
Recall diff is too small for 1 consecutive steps, break.
Recall diff is too small for 1 consecutive steps, break.
Recall diff is too small for 1 consecutive steps, break.
Recall diff is too small for 1 consecutive steps, break.
Recall diff is too small for 1 consecutive steps, break.
Recall diff is too small for 1 consecutive steps, break.
Weighted average ef: 1329.39
Training convergence-bucket 3 [39.2807, 42.0763) with 100 queries (recall=0.98).
Average Recall: 0.6901
Initial average recall with ef=100: 0.692444
Average Recall: 0.7708
Initial average recall with ef=150: 0.774889
Recall diff is too small for 1 consecutive steps, break.
Recall diff is too small for 1 consecutive steps, break.
Recall diff is too small for 1 consecutive steps, break.
Recall diff is too small for 1 consecutive steps, break.
Recall diff is too small for 1 consecutive steps, break.
Recall diff is too small for 1 consecutive steps, break.
Recall diff is too small for 1 consecutive steps, break.
Recall diff is too small for 1 consecutive steps, break.
Recall diff is too small for 1 consecutive steps, break.
Recall diff is too small for 1 consecutive steps, break.
Weighted average ef: 935.85
Training convergence-bucket 4 [42.0763, 45.2568) with 100 queries (recall=0.98).
Average Recall: 0.709
Initial average recall with ef=100: 0.718684
Average Recall: 0.7941
Initial average recall with ef=150: 0.808158
Recall diff is too small for 1 consecutive steps, break.
Recall diff is too small for 1 consecutive steps, break.
Recall diff is too small for 1 consecutive steps, break.
Recall diff is too small for 1 consecutive steps, break.
Weighted average ef: 731.36
Training convergence-bucket 5 [45.2568, 48.4944) with 100 queries (recall=0.98).
Average Recall: 0.7495
Initial average recall with ef=100: 0.751772
Average Recall: 0.828
Initial average recall with ef=150: 0.832025
Recall diff is too small for 1 consecutive steps, break.
Recall diff is too small for 1 consecutive steps, break.
Weighted average ef: 629.24
Training convergence-bucket 6 [48.4944, 52.5765) with 100 queries (recall=0.98).
Average Recall: 0.8015
Initial average recall with ef=100: 0.815625
Average Recall: 0.8693
Initial average recall with ef=150: 0.881625
Recall diff is too small for 1 consecutive steps, break.
Recall diff is too small for 1 consecutive steps, break.
Weighted average ef: 431.37
Training convergence-bucket 7 [52.5765, 57.5077) with 100 queries (recall=0.98).
Average Recall: 0.8508
Initial average recall with ef=100: 0.8576
Average Recall: 0.91
Initial average recall with ef=150: 0.9152
Recall diff is too small for 1 consecutive steps, break.
Recall diff is too small for 1 consecutive steps, break.
Weighted average ef: 297.54
Training convergence-bucket 8 [57.5077, 65.3834) with 100 queries (recall=0.98).
Average Recall: 0.8807
Initial average recall with ef=100: 0.888
Average Recall: 0.9313
Initial average recall with ef=150: 0.936941
Recall diff is too small for 1 consecutive steps, break.
Recall diff is too small for 1 consecutive steps, break.
Weighted average ef: 289.24
Training convergence-bucket 9 [65.3834, inf) with 100 queries (recall=0.98).
Average Recall: 0.9617
Initial average recall with ef=100: 0.965901
Average Recall: 0.9806
Initial average recall with ef=150: 0.984098
Weighted average ef: 89.66
****Weighted average ef: 697
Search time: 8352 ms
Search time: 7860 ms
Search time: 7878 ms
Average Recall: 0.97689
5th percentile recall: 0.93
1st percentile recall: 0.88
Median search time: 7878 ms
Search times: 7860 ms, 7878 ms, 8352 ms, 
gist-960-euclidean experiment results:
statisc_length, time, avg_recall, 5th_percentile_recall, 1st_percentile_recall, recall_above_99, recall_above_95, recall_above_90
1025, 7878, 0.97689, 0.93, 0.88, 489, 849, 979
Experiment finished
Dataset: tiny5m-384-euclidean
Metric: l2
Truncation ratio: 1
Data vectors dimensions: 5000000 x 384
Query vectors dimensions: 1000 x 384
Neighbors dimensions: 1000 x 100
Index loaded
Dimension of space:384
Data size of space:1536


Sampling size: 10000


Ground truth computed in 1126754 ms
Sampling computing time: 1259824 ms
Loading samplings from /home/yc.shea/experiments/shiro-ef/ablation_sampling_size/tiny5m-384-euclidean-samplings-10000-k100-ef.bin
Samplings loaded from /home/yc.shea/experiments/shiro-ef/ablation_sampling_size/tiny5m-384-euclidean-samplings-10000-k100-ef.bin
Average Recall: 0.640931
Initial average recall with ef=100: 0.640833
Average Recall: 0.712512
Initial average recall with ef=150: 0.712417
Weighted average ef: 1230.43
EF-estimation table computing time: 427415 ms
Per-bucket recall: conv_p20=32.4165 hard_recall=0.95 easy_recall=0.98
Training convergence-bucket 0 [19.1508, 29.0333) with 1000 queries (recall=0.95).
Average Recall: 0.37855
Initial average recall with ef=100: 0.377956
Average Recall: 0.45866
Initial average recall with ef=150: 0.458197
Weighted average ef: 3036.31
Training convergence-bucket 1 [29.0333, 32.4165) with 1000 queries (recall=0.95).
Average Recall: 0.43816
Initial average recall with ef=100: 0.43717
Average Recall: 0.51975
Initial average recall with ef=150: 0.51862
Weighted average ef: 2347.24
Training convergence-bucket 2 [32.4165, 35.2814) with 1000 queries (recall=0.98).
Average Recall: 0.4827
Initial average recall with ef=100: 0.481849
Average Recall: 0.568879
Initial average recall with ef=150: 0.56802
Recall diff is too small for 1 consecutive steps, break.
Weighted average ef: 3408.72
Training convergence-bucket 3 [35.2814, 37.8449) with 1000 queries (recall=0.98).
Average Recall: 0.54145
Initial average recall with ef=100: 0.5391
Average Recall: 0.62583
Initial average recall with ef=150: 0.623448
Recall diff is too small for 1 consecutive steps, break.
Recall diff is too small for 1 consecutive steps, break.
Recall diff is too small for 1 consecutive steps, break.
Weighted average ef: 2720.97
Training convergence-bucket 4 [37.8449, 40.6103) with 1000 queries (recall=0.98).
Average Recall: 0.59571
Initial average recall with ef=100: 0.594874
Average Recall: 0.67897
Initial average recall with ef=150: 0.678271
Weighted average ef: 2153.3
Training convergence-bucket 5 [40.6103, 44.0951) with 1000 queries (recall=0.98).
Average Recall: 0.65538
Initial average recall with ef=100: 0.655122
Average Recall: 0.73721
Initial average recall with ef=150: 0.736791
Recall diff is too small for 1 consecutive steps, break.
Recall diff is too small for 1 consecutive steps, break.
Recall diff is too small for 1 consecutive steps, break.
Weighted average ef: 1551.1
Training convergence-bucket 6 [44.0951, 48.4996) with 1000 queries (recall=0.98).
Average Recall: 0.71741
Initial average recall with ef=100: 0.71695
Average Recall: 0.793339
Initial average recall with ef=150: 0.79308
Recall diff is too small for 1 consecutive steps, break.
Recall diff is too small for 1 consecutive steps, break.
Recall diff is too small for 1 consecutive steps, break.
Weighted average ef: 1128.77
Training convergence-bucket 7 [48.4996, 54.6604) with 1000 queries (recall=0.98).
Average Recall: 0.78999
Initial average recall with ef=100: 0.792092
Average Recall: 0.857179
Initial average recall with ef=150: 0.859541
Recall diff is too small for 1 consecutive steps, break.
Recall diff is too small for 1 consecutive steps, break.
Weighted average ef: 700.975
Training convergence-bucket 8 [54.6604, 64.1497) with 1000 queries (recall=0.98).
Average Recall: 0.865719
Initial average recall with ef=100: 0.86764
Average Recall: 0.917099
Initial average recall with ef=150: 0.918901
Recall diff is too small for 1 consecutive steps, break.
Recall diff is too small for 1 consecutive steps, break.
Recall diff is too small for 1 consecutive steps, break.
Weighted average ef: 457.117
Training convergence-bucket 9 [64.1497, inf) with 1000 queries (recall=0.98).
Average Recall: 0.944532
Initial average recall with ef=100: 0.946816
Average Recall: 0.968427
Initial average recall with ef=150: 0.970193
Recall diff is too small for 1 consecutive steps, break.
Weighted average ef: 232.629
****Weighted average ef: 1773
Search time: 10974 ms
Search time: 10954 ms
Search time: 10429 ms
Average Recall: 0.97681
5th percentile recall: 0.93
1st percentile recall: 0.89
Median search time: 10954 ms
Search times: 10429 ms, 10954 ms, 10974 ms, 
tiny5m-384-euclidean experiment results:
statisc_length, time, avg_recall, 5th_percentile_recall, 1st_percentile_recall, recall_above_99, recall_above_95, recall_above_90
1025, 10954, 0.97681, 0.93, 0.89, 511, 859, 980
Experiment finished


Sampling size: 5000


Ground truth computed in 555792 ms
Sampling computing time: 1080942 ms
Loading samplings from /home/yc.shea/experiments/shiro-ef/ablation_sampling_size/tiny5m-384-euclidean-samplings-5000-k100-ef.bin
Samplings loaded from /home/yc.shea/experiments/shiro-ef/ablation_sampling_size/tiny5m-384-euclidean-samplings-5000-k100-ef.bin
Average Recall: 0.643914
Initial average recall with ef=100: 0.643924
Average Recall: 0.714118
Initial average recall with ef=150: 0.714119
Recall diff is too small for 1 consecutive steps, break.
Weighted average ef: 1235.16
EF-estimation table computing time: 204095 ms
Per-bucket recall: conv_p20=32.779 hard_recall=0.95 easy_recall=0.98
Training convergence-bucket 0 [20.8208, 29.1421) with 500 queries (recall=0.95).
Average Recall: 0.37938
Initial average recall with ef=100: 0.375668
Average Recall: 0.46
Initial average recall with ef=150: 0.456437
Weighted average ef: 3061.42
Training convergence-bucket 1 [29.1421, 32.779) with 500 queries (recall=0.95).
Average Recall: 0.44686
Initial average recall with ef=100: 0.443841
Average Recall: 0.52716
Initial average recall with ef=150: 0.524492
Recall diff is too small for 1 consecutive steps, break.
Weighted average ef: 2248.65
Training convergence-bucket 2 [32.779, 35.4314) with 500 queries (recall=0.98).
Average Recall: 0.49676
Initial average recall with ef=100: 0.496124
Average Recall: 0.57964
Initial average recall with ef=150: 0.578936
Recall diff is too small for 1 consecutive steps, break.
Recall diff is too small for 1 consecutive steps, break.
Recall diff is too small for 1 consecutive steps, break.
Recall diff is too small for 1 consecutive steps, break.
Weighted average ef: 3318.07
Training convergence-bucket 3 [35.4314, 38.0624) with 500 queries (recall=0.98).
Average Recall: 0.5531
Initial average recall with ef=100: 0.552469
Average Recall: 0.63692
Initial average recall with ef=150: 0.636531
Recall diff is too small for 1 consecutive steps, break.
Weighted average ef: 2668.65
Training convergence-bucket 4 [38.0624, 40.6562) with 500 queries (recall=0.98).
Average Recall: 0.5844
Initial average recall with ef=100: 0.582895
Average Recall: 0.66886
Initial average recall with ef=150: 0.667531
Recall diff is too small for 1 consecutive steps, break.
Recall diff is too small for 1 consecutive steps, break.
Recall diff is too small for 1 consecutive steps, break.
Recall diff is too small for 1 consecutive steps, break.
Recall diff is too small for 1 consecutive steps, break.
Weighted average ef: 2320.17
Training convergence-bucket 5 [40.6562, 44.3486) with 500 queries (recall=0.98).
Average Recall: 0.6518
Initial average recall with ef=100: 0.649816
Average Recall: 0.7305
Initial average recall with ef=150: 0.729082
Recall diff is too small for 1 consecutive steps, break.
Recall diff is too small for 1 consecutive steps, break.
Recall diff is too small for 1 consecutive steps, break.
Recall diff is too small for 1 consecutive steps, break.
Recall diff is too small for 1 consecutive steps, break.
Recall diff is too small for 1 consecutive steps, break.
Recall diff is too small for 1 consecutive steps, break.
Recall diff is too small for 1 consecutive steps, break.
Recall diff is too small for 1 consecutive steps, break.
Weighted average ef: 1671.81
Training convergence-bucket 6 [44.3486, 48.8303) with 500 queries (recall=0.98).
Average Recall: 0.72372
Initial average recall with ef=100: 0.723107
Average Recall: 0.7973
Initial average recall with ef=150: 0.797099
Recall diff is too small for 1 consecutive steps, break.
Recall diff is too small for 1 consecutive steps, break.
Recall diff is too small for 1 consecutive steps, break.
Recall diff is too small for 1 consecutive steps, break.
Recall diff is too small for 1 consecutive steps, break.
Weighted average ef: 1136.07
Training convergence-bucket 7 [48.8303, 55.2764) with 500 queries (recall=0.98).
Average Recall: 0.79728
Initial average recall with ef=100: 0.797505
Average Recall: 0.8624
Initial average recall with ef=150: 0.862597
Recall diff is too small for 1 consecutive steps, break.
Recall diff is too small for 1 consecutive steps, break.
Recall diff is too small for 1 consecutive steps, break.
Recall diff is too small for 1 consecutive steps, break.
Weighted average ef: 671.772
Training convergence-bucket 8 [55.2764, 64.819) with 500 queries (recall=0.98).
Average Recall: 0.862961
Initial average recall with ef=100: 0.865021
Average Recall: 0.91206
Initial average recall with ef=150: 0.914331
Recall diff is too small for 1 consecutive steps, break.
Weighted average ef: 497.734
Training convergence-bucket 9 [64.819, inf) with 500 queries (recall=0.98).
Average Recall: 0.944096
Initial average recall with ef=100: 0.943557
Average Recall: 0.967389
Initial average recall with ef=150: 0.965553
Recall diff is too small for 1 consecutive steps, break.
Recall diff is too small for 1 consecutive steps, break.
Weighted average ef: 246.922
****Weighted average ef: 1784
Search time: 10498 ms
Search time: 10912 ms
Search time: 11032 ms
Average Recall: 0.97668
5th percentile recall: 0.93
1st percentile recall: 0.89
Median search time: 10912 ms
Search times: 10498 ms, 10912 ms, 11032 ms, 
tiny5m-384-euclidean experiment results:
statisc_length, time, avg_recall, 5th_percentile_recall, 1st_percentile_recall, recall_above_99, recall_above_95, recall_above_90
1025, 10912, 0.97668, 0.93, 0.89, 528, 859, 979
Experiment finished


Sampling size: 3000


Ground truth computed in 336553 ms
Sampling computing time: 652217 ms
Loading samplings from /home/yc.shea/experiments/shiro-ef/ablation_sampling_size/tiny5m-384-euclidean-samplings-3000-k100-ef.bin
Samplings loaded from /home/yc.shea/experiments/shiro-ef/ablation_sampling_size/tiny5m-384-euclidean-samplings-3000-k100-ef.bin
Average Recall: 0.64064
Initial average recall with ef=100: 0.639839
Average Recall: 0.712267
Initial average recall with ef=150: 0.711429
Recall diff is too small for 1 consecutive steps, break.
Weighted average ef: 1244.74
EF-estimation table computing time: 125993 ms
Per-bucket recall: conv_p20=32.7229 hard_recall=0.95 easy_recall=0.98
Training convergence-bucket 0 [19.9269, 29.1617) with 300 queries (recall=0.95).
Average Recall: 0.368333
Initial average recall with ef=100: 0.365034
Average Recall: 0.449567
Initial average recall with ef=150: 0.446599
Recall diff is too small for 1 consecutive steps, break.
Recall diff is too small for 1 consecutive steps, break.
Weighted average ef: 3119.55
Training convergence-bucket 1 [29.1617, 32.7229) with 300 queries (recall=0.95).
Average Recall: 0.445967
Initial average recall with ef=100: 0.444403
Average Recall: 0.527967
Initial average recall with ef=150: 0.525904
Recall diff is too small for 1 consecutive steps, break.
Weighted average ef: 2289.54
Training convergence-bucket 2 [32.7229, 35.5877) with 300 queries (recall=0.98).
Average Recall: 0.4995
Initial average recall with ef=100: 0.49848
Average Recall: 0.5833
Initial average recall with ef=150: 0.582128
Recall diff is too small for 1 consecutive steps, break.
Recall diff is too small for 1 consecutive steps, break.
Recall diff is too small for 1 consecutive steps, break.
Recall diff is too small for 1 consecutive steps, break.
Weighted average ef: 3345.51
Training convergence-bucket 3 [35.5877, 38.2446) with 300 queries (recall=0.98).
Average Recall: 0.5344
Initial average recall with ef=100: 0.531439
Average Recall: 0.6181
Initial average recall with ef=150: 0.615719
Recall diff is too small for 1 consecutive steps, break.
Recall diff is too small for 1 consecutive steps, break.
Weighted average ef: 2773.15
Training convergence-bucket 4 [38.2446, 40.8709) with 300 queries (recall=0.98).
Average Recall: 0.5937
Initial average recall with ef=100: 0.591045
Average Recall: 0.6801
Initial average recall with ef=150: 0.677282
Recall diff is too small for 1 consecutive steps, break.
Recall diff is too small for 1 consecutive steps, break.
Weighted average ef: 2112.64
Training convergence-bucket 5 [40.8709, 44.4111) with 300 queries (recall=0.98).
Average Recall: 0.644033
Initial average recall with ef=100: 0.639897
Average Recall: 0.722767
Initial average recall with ef=150: 0.719034
Recall diff is too small for 1 consecutive steps, break.
Recall diff is too small for 1 consecutive steps, break.
Recall diff is too small for 1 consecutive steps, break.
Recall diff is too small for 1 consecutive steps, break.
Recall diff is too small for 1 consecutive steps, break.
Recall diff is too small for 1 consecutive steps, break.
Recall diff is too small for 1 consecutive steps, break.
Weighted average ef: 1710.65
Training convergence-bucket 6 [44.4111, 48.5404) with 300 queries (recall=0.98).
Average Recall: 0.733933
Initial average recall with ef=100: 0.736224
Average Recall: 0.811133
Initial average recall with ef=150: 0.813601
Recall diff is too small for 1 consecutive steps, break.
Weighted average ef: 943.817
Training convergence-bucket 7 [48.5404, 54.8204) with 300 queries (recall=0.98).
Average Recall: 0.788333
Initial average recall with ef=100: 0.794565
Average Recall: 0.8563
Initial average recall with ef=150: 0.862065
Recall diff is too small for 1 consecutive steps, break.
Recall diff is too small for 1 consecutive steps, break.
Weighted average ef: 721.5
Training convergence-bucket 8 [54.8204, 64.7424) with 300 queries (recall=0.98).
Average Recall: 0.8599
Initial average recall with ef=100: 0.858755
Average Recall: 0.911204
Initial average recall with ef=150: 0.910676
Recall diff is too small for 1 consecutive steps, break.
Recall diff is too small for 1 consecutive steps, break.
Recall diff is too small for 1 consecutive steps, break.
Weighted average ef: 502.707
Training convergence-bucket 9 [64.7424, inf) with 300 queries (recall=0.98).
Average Recall: 0.94104
Initial average recall with ef=100: 0.942989
Average Recall: 0.964598
Initial average recall with ef=150: 0.963298
Recall diff is too small for 1 consecutive steps, break.
Weighted average ef: 219.8
****Weighted average ef: 1773
Search time: 11442 ms
Search time: 10773 ms
Search time: 10831 ms
Average Recall: 0.97662
5th percentile recall: 0.93
1st percentile recall: 0.88
Median search time: 10831 ms
Search times: 10773 ms, 10831 ms, 11442 ms, 
tiny5m-384-euclidean experiment results:
statisc_length, time, avg_recall, 5th_percentile_recall, 1st_percentile_recall, recall_above_99, recall_above_95, recall_above_90
1025, 10831, 0.97662, 0.93, 0.88, 519, 856, 976
Experiment finished


Sampling size: 1000


Ground truth computed in 113989 ms
Sampling computing time: 220022 ms
Loading samplings from /home/yc.shea/experiments/shiro-ef/ablation_sampling_size/tiny5m-384-euclidean-samplings-1000-k100-ef.bin
Samplings loaded from /home/yc.shea/experiments/shiro-ef/ablation_sampling_size/tiny5m-384-euclidean-samplings-1000-k100-ef.bin
Average Recall: 0.641123
Initial average recall with ef=100: 0.639288
Average Recall: 0.711866
Initial average recall with ef=150: 0.709137
Recall diff is too small for 1 consecutive steps, break.
Recall diff is too small for 1 consecutive steps, break.
Recall diff is too small for 1 consecutive steps, break.
Recall diff is too small for 1 consecutive steps, break.
Weighted average ef: 1135.74
EF-estimation table computing time: 30569 ms
Per-bucket recall: conv_p20=32.6105 hard_recall=0.95 easy_recall=0.98
Training convergence-bucket 0 [21.0238, 29.1421) with 100 queries (recall=0.95).
Average Recall: 0.3751
Initial average recall with ef=100: 0.371954
Average Recall: 0.453
Initial average recall with ef=150: 0.450575
Weighted average ef: 2557.79
Training convergence-bucket 1 [29.1421, 32.6105) with 100 queries (recall=0.95).
Average Recall: 0.4185
Initial average recall with ef=100: 0.417176
Average Recall: 0.5035
Initial average recall with ef=150: 0.503765
Recall diff is too small for 1 consecutive steps, break.
Weighted average ef: 2059.59
Training convergence-bucket 2 [32.6105, 35.9007) with 100 queries (recall=0.98).
Average Recall: 0.5061
Initial average recall with ef=100: 0.503409
Average Recall: 0.5816
Initial average recall with ef=150: 0.577159
Recall diff is too small for 1 consecutive steps, break.
Recall diff is too small for 1 consecutive steps, break.
Weighted average ef: 3086.9
Training convergence-bucket 3 [35.9007, 38.4856) with 100 queries (recall=0.98).
Average Recall: 0.5485
Initial average recall with ef=100: 0.540814
Average Recall: 0.6373
Initial average recall with ef=150: 0.630581
Recall diff is too small for 1 consecutive steps, break.
Recall diff is too small for 1 consecutive steps, break.
Recall diff is too small for 1 consecutive steps, break.
Recall diff is too small for 1 consecutive steps, break.
Weighted average ef: 2098.53
Training convergence-bucket 4 [38.4856, 41.566) with 100 queries (recall=0.98).
Average Recall: 0.5975
Initial average recall with ef=100: 0.589231
Average Recall: 0.6844
Initial average recall with ef=150: 0.681154
Recall diff is too small for 1 consecutive steps, break.
Recall diff is too small for 1 consecutive steps, break.
Recall diff is too small for 1 consecutive steps, break.
Recall diff is too small for 1 consecutive steps, break.
Recall diff is too small for 1 consecutive steps, break.
Recall diff is too small for 1 consecutive steps, break.
Weighted average ef: 1457.73
Training convergence-bucket 5 [41.566, 44.7408) with 100 queries (recall=0.98).
Average Recall: 0.6341
Initial average recall with ef=100: 0.635952
Average Recall: 0.7178
Initial average recall with ef=150: 0.719762
Recall diff is too small for 1 consecutive steps, break.
Recall diff is too small for 1 consecutive steps, break.
Recall diff is too small for 1 consecutive steps, break.
Recall diff is too small for 1 consecutive steps, break.
Weighted average ef: 1574.3
Training convergence-bucket 6 [44.7408, 48.6277) with 100 queries (recall=0.98).
Average Recall: 0.7426
Initial average recall with ef=100: 0.753721
Average Recall: 0.8164
Initial average recall with ef=150: 0.825465
Recall diff is too small for 1 consecutive steps, break.
Recall diff is too small for 1 consecutive steps, break.
Recall diff is too small for 1 consecutive steps, break.
Recall diff is too small for 1 consecutive steps, break.
Recall diff is too small for 1 consecutive steps, break.
Weighted average ef: 787.07
Training convergence-bucket 7 [48.6277, 55.8236) with 100 queries (recall=0.98).
Average Recall: 0.7777
Initial average recall with ef=100: 0.789012
Average Recall: 0.8462
Initial average recall with ef=150: 0.856049
Recall diff is too small for 1 consecutive steps, break.
Weighted average ef: 569.51
Training convergence-bucket 8 [55.8236, 65.643) with 100 queries (recall=0.98).
Average Recall: 0.878384
Initial average recall with ef=100: 0.879855
Average Recall: 0.922222
Initial average recall with ef=150: 0.925507
Recall diff is too small for 1 consecutive steps, break.
Recall diff is too small for 1 consecutive steps, break.
Recall diff is too small for 1 consecutive steps, break.
Weighted average ef: 280.88
Training convergence-bucket 9 [65.643, inf) with 100 queries (recall=0.98).
Average Recall: 0.941123
Initial average recall with ef=100: 0.928026
Average Recall: 0.963367
Initial average recall with ef=150: 0.946579
Recall diff is too small for 1 consecutive steps, break.
Weighted average ef: 262.08
****Weighted average ef: 1473
Search time: 11040 ms
Search time: 10952 ms
Search time: 10981 ms
Average Recall: 0.9783
5th percentile recall: 0.93
1st percentile recall: 0.89
Median search time: 10981 ms
Search times: 10952 ms, 10981 ms, 11040 ms, 
tiny5m-384-euclidean experiment results:
statisc_length, time, avg_recall, 5th_percentile_recall, 1st_percentile_recall, recall_above_99, recall_above_95, recall_above_90
1025, 10981, 0.9783, 0.93, 0.89, 547, 874, 979
Experiment finished
Dataset: msmarco
Metric: cd
Truncation ratio: 1
Normalize the data vectors
Data vectors dimensions: 8841823 x 1536
Query vectors dimensions: 6980 x 1536
Neighbors dimensions: 6980 x 1000
Using AVX Inner Product distance
Index loaded
Dimension of space:1536
Data size of space:6144


Sampling size: 10000


Ground truth computed in 8007996 ms
Sampling computing time: 9150859 ms
Loading samplings from /home/yc.shea/experiments/shiro-ef/ablation_sampling_size/msmarco-samplings-10000-k1000-ef.bin
Samplings loaded from /home/yc.shea/experiments/shiro-ef/ablation_sampling_size/msmarco-samplings-10000-k1000-ef.bin
Average Recall: 0.953969
Initial average recall with ef=1000: 0.953971
Average Recall: 0.973514
Initial average recall with ef=1500: 0.973508
Weighted average ef: 1378.81
EF-estimation table computing time: 569873 ms
Per-bucket recall: conv_p20=54.8769 hard_recall=0.95 easy_recall=0.98
Training convergence-bucket 0 [13.7411, 49.7546) with 1000 queries (recall=0.95).
Average Recall: 0.866428
Initial average recall with ef=1000: 0.86398
Average Recall: 0.913424
Initial average recall with ef=1500: 0.911743
Weighted average ef: 2551.29
Training convergence-bucket 1 [49.7546, 54.8769) with 1000 queries (recall=0.95).
Average Recall: 0.898878
Initial average recall with ef=1000: 0.89709
Average Recall: 0.938478
Initial average recall with ef=1500: 0.937311
Weighted average ef: 1975.86
Training convergence-bucket 2 [54.8769, 60.1739) with 1000 queries (recall=0.98).
Average Recall: 0.913315
Initial average recall with ef=1000: 0.912576
Average Recall: 0.948304
Initial average recall with ef=1500: 0.947885
Weighted average ef: 3080.35
Training convergence-bucket 3 [60.1739, 69.2243) with 1000 queries (recall=0.98).
Average Recall: 0.957628
Initial average recall with ef=1000: 0.95743
Average Recall: 0.977655
Initial average recall with ef=1500: 0.977556
Weighted average ef: 1825.06
Training convergence-bucket 4 [69.2243, 73.7206) with 1000 queries (recall=0.98).
Average Recall: 0.971203
Initial average recall with ef=1000: 0.971265
Average Recall: 0.98582
Initial average recall with ef=1500: 0.985887
Weighted average ef: 1436.31
Training convergence-bucket 5 [73.7206, 76.7312) with 1000 queries (recall=0.98).
Average Recall: 0.979019
Initial average recall with ef=1000: 0.979175
Average Recall: 0.9903
Initial average recall with ef=1500: 0.990397
Weighted average ef: 1228.48
Training convergence-bucket 6 [76.7312, 78.9101) with 1000 queries (recall=0.98).
Average Recall: 0.982751
Initial average recall with ef=1000: 0.983111
Average Recall: 0.992417
Initial average recall with ef=1500: 0.992644
Weighted average ef: 1167.23
Training convergence-bucket 7 [78.9101, 80.9021) with 1000 queries (recall=0.98).
Average Recall: 0.987231
Initial average recall with ef=1000: 0.987614
Average Recall: 0.994815
Initial average recall with ef=1500: 0.995041
Weighted average ef: 1102.5
Training convergence-bucket 8 [80.9021, 82.8568) with 1000 queries (recall=0.98).
Average Recall: 0.989798
Initial average recall with ef=1000: 0.989824
Average Recall: 0.996064
Initial average recall with ef=1500: 0.996066
Weighted average ef: 1035.22
Training convergence-bucket 9 [82.8568, inf) with 1000 queries (recall=0.98).
Average Recall: 0.99323
Initial average recall with ef=1000: 0.993487
Average Recall: 0.997647
Initial average recall with ef=1500: 0.997811
Weighted average ef: 1019
****Weighted average ef: 1642
Search time: 203261 ms
Search time: 202331 ms
Search time: 203464 ms
Average Recall: 0.976701
5th percentile recall: 0.91
1st percentile recall: 0.851
Median search time: 203261 ms
Search times: 202331 ms, 203261 ms, 203464 ms, 
msmarco experiment results:
statisc_length, time, avg_recall, 5th_percentile_recall, 1st_percentile_recall, recall_above_99, recall_above_95, recall_above_90
1025, 203261, 0.976701, 0.91, 0.851, 3353, 6000, 6723
Experiment finished


Sampling size: 5000


Ground truth computed in 3987447 ms
Sampling computing time: 4890835 ms
Loading samplings from /home/yc.shea/experiments/shiro-ef/ablation_sampling_size/msmarco-samplings-5000-k1000-ef.bin
Samplings loaded from /home/yc.shea/experiments/shiro-ef/ablation_sampling_size/msmarco-samplings-5000-k1000-ef.bin
Average Recall: 0.953498
Initial average recall with ef=1000: 0.953437
Average Recall: 0.973312
Initial average recall with ef=1500: 0.973269
Weighted average ef: 1385.05
EF-estimation table computing time: 287937 ms
Per-bucket recall: conv_p20=54.7629 hard_recall=0.95 easy_recall=0.98
Training convergence-bucket 0 [13.7411, 49.512) with 500 queries (recall=0.95).
Average Recall: 0.867416
Initial average recall with ef=1000: 0.863436
Average Recall: 0.91444
Initial average recall with ef=1500: 0.911807
Weighted average ef: 2476.81
Training convergence-bucket 1 [49.512, 54.7629) with 500 queries (recall=0.95).
Average Recall: 0.896018
Initial average recall with ef=1000: 0.893418
Average Recall: 0.936558
Initial average recall with ef=1500: 0.934829
Weighted average ef: 1990
Training convergence-bucket 2 [54.7629, 60.2355) with 500 queries (recall=0.98).
Average Recall: 0.911536
Initial average recall with ef=1000: 0.910464
Average Recall: 0.947173
Initial average recall with ef=1500: 0.946468
Weighted average ef: 3205.47
Training convergence-bucket 3 [60.2355, 69.2973) with 500 queries (recall=0.98).
Average Recall: 0.958732
Initial average recall with ef=1000: 0.957979
Average Recall: 0.978597
Initial average recall with ef=1500: 0.978195
Weighted average ef: 1772.11
Training convergence-bucket 4 [69.2973, 73.5601) with 500 queries (recall=0.98).
Average Recall: 0.971348
Initial average recall with ef=1000: 0.970906
Average Recall: 0.986121
Initial average recall with ef=1500: 0.985942
Weighted average ef: 1403.7
Training convergence-bucket 5 [73.5601, 76.6131) with 500 queries (recall=0.98).
Average Recall: 0.977877
Initial average recall with ef=1000: 0.977826
Average Recall: 0.989833
Initial average recall with ef=1500: 0.989813
Weighted average ef: 1264.09
Training convergence-bucket 6 [76.6131, 78.7894) with 500 queries (recall=0.98).
Average Recall: 0.982247
Initial average recall with ef=1000: 0.982651
Average Recall: 0.992143
Initial average recall with ef=1500: 0.99238
Weighted average ef: 1171
Training convergence-bucket 7 [78.7894, 80.8787) with 500 queries (recall=0.98).
Average Recall: 0.987453
Initial average recall with ef=1000: 0.988212
Average Recall: 0.994852
Initial average recall with ef=1500: 0.995334
Weighted average ef: 1091.36
Training convergence-bucket 8 [80.8787, 82.7556) with 500 queries (recall=0.98).
Average Recall: 0.989625
Initial average recall with ef=1000: 0.990153
Average Recall: 0.995861
Initial average recall with ef=1500: 0.996151
Weighted average ef: 1048
Training convergence-bucket 9 [82.7556, inf) with 500 queries (recall=0.98).
Average Recall: 0.992648
Initial average recall with ef=1000: 0.993012
Average Recall: 0.997432
Initial average recall with ef=1500: 0.9976
Weighted average ef: 1017
****Weighted average ef: 1643
Search time: 210465 ms
Search time: 209055 ms
Search time: 207656 ms
Average Recall: 0.97741
5th percentile recall: 0.914
1st percentile recall: 0.854
Median search time: 209055 ms
Search times: 207656 ms, 209055 ms, 210465 ms, 
msmarco experiment results:
statisc_length, time, avg_recall, 5th_percentile_recall, 1st_percentile_recall, recall_above_99, recall_above_95, recall_above_90
1025, 209055, 0.97741, 0.914, 0.854, 3476, 6029, 6734
Experiment finished


Sampling size: 3000


Ground truth computed in 2353107 ms
Sampling computing time: 2904054 ms
Loading samplings from /home/yc.shea/experiments/shiro-ef/ablation_sampling_size/msmarco-samplings-3000-k1000-ef.bin
Samplings loaded from /home/yc.shea/experiments/shiro-ef/ablation_sampling_size/msmarco-samplings-3000-k1000-ef.bin
Average Recall: 0.953913
Initial average recall with ef=1000: 0.954011
Average Recall: 0.973458
Initial average recall with ef=1500: 0.973531
Weighted average ef: 1377.23
EF-estimation table computing time: 175784 ms
Per-bucket recall: conv_p20=54.7226 hard_recall=0.95 easy_recall=0.98
Training convergence-bucket 0 [13.7411, 49.5293) with 300 queries (recall=0.95).
Average Recall: 0.86397
Initial average recall with ef=1000: 0.860909
Average Recall: 0.911523
Initial average recall with ef=1500: 0.909495
Weighted average ef: 2557.87
Training convergence-bucket 1 [49.5293, 54.7226) with 300 queries (recall=0.95).
Average Recall: 0.897813
Initial average recall with ef=1000: 0.894583
Average Recall: 0.93784
Initial average recall with ef=1500: 0.935738
Weighted average ef: 1954.44
Training convergence-bucket 2 [54.7226, 59.6962) with 300 queries (recall=0.98).
Average Recall: 0.915037
Initial average recall with ef=1000: 0.911511
Average Recall: 0.94923
Initial average recall with ef=1500: 0.946904
Weighted average ef: 2890.88
Training convergence-bucket 3 [59.6962, 69.4004) with 300 queries (recall=0.98).
Average Recall: 0.955096
Initial average recall with ef=1000: 0.953223
Average Recall: 0.976103
Initial average recall with ef=1500: 0.974907
Weighted average ef: 1860.85
Training convergence-bucket 4 [69.4004, 73.6055) with 300 queries (recall=0.98).
Average Recall: 0.973646
Initial average recall with ef=1000: 0.975038
Average Recall: 0.987336
Initial average recall with ef=1500: 0.988369
Weighted average ef: 1236.67
Training convergence-bucket 5 [73.6055, 76.8759) with 300 queries (recall=0.98).
Average Recall: 0.97901
Initial average recall with ef=1000: 0.978671
Average Recall: 0.990579
Initial average recall with ef=1500: 0.990466
Weighted average ef: 1231.67
Training convergence-bucket 6 [76.8759, 79.0543) with 300 queries (recall=0.98).
Average Recall: 0.982966
Initial average recall with ef=1000: 0.983896
Average Recall: 0.992459
Initial average recall with ef=1500: 0.99295
Weighted average ef: 1075
Training convergence-bucket 7 [79.0543, 80.953) with 300 queries (recall=0.98).
Average Recall: 0.987543
Initial average recall with ef=1000: 0.989697
Average Recall: 0.994896
Initial average recall with ef=1500: 0.996153
Weighted average ef: 971.667
Training convergence-bucket 8 [80.953, 82.819) with 300 queries (recall=0.98).
Average Recall: 0.991033
Initial average recall with ef=1000: 0.991553
Average Recall: 0.996786
Initial average recall with ef=1500: 0.997032
Weighted average ef: 980
Training convergence-bucket 9 [82.819, inf) with 300 queries (recall=0.98).
Average Recall: 0.992972
Initial average recall with ef=1000: 0.993832
Average Recall: 0.997756
Initial average recall with ef=1500: 0.998065
Weighted average ef: 941.667
****Weighted average ef: 1570
Search time: 204266 ms
Search time: 204068 ms
Search time: 205686 ms
Average Recall: 0.976829
5th percentile recall: 0.911
1st percentile recall: 0.853
Median search time: 204266 ms
Search times: 204068 ms, 204266 ms, 205686 ms, 
msmarco experiment results:
statisc_length, time, avg_recall, 5th_percentile_recall, 1st_percentile_recall, recall_above_99, recall_above_95, recall_above_90
1025, 204266, 0.976829, 0.911, 0.853, 3351, 5997, 6732
Experiment finished


Sampling size: 1000


Ground truth computed in 818331 ms
Sampling computing time: 989083 ms
Loading samplings from /home/yc.shea/experiments/shiro-ef/ablation_sampling_size/msmarco-samplings-1000-k1000-ef.bin
Samplings loaded from /home/yc.shea/experiments/shiro-ef/ablation_sampling_size/msmarco-samplings-1000-k1000-ef.bin
Average Recall: 0.956265
Initial average recall with ef=1000: 0.956601
Average Recall: 0.975004
Initial average recall with ef=1500: 0.975285
Weighted average ef: 1350.96
EF-estimation table computing time: 60554 ms
Per-bucket recall: conv_p20=55.1559 hard_recall=0.95 easy_recall=0.98
Training convergence-bucket 0 [25.9966, 50.0281) with 100 queries (recall=0.95).
Average Recall: 0.86649
Initial average recall with ef=1000: 0.863761
Average Recall: 0.91388
Initial average recall with ef=1500: 0.912609
Weighted average ef: 2435.86
Training convergence-bucket 1 [50.0281, 55.1559) with 100 queries (recall=0.95).
Average Recall: 0.89755
Initial average recall with ef=1000: 0.89789
Average Recall: 0.93901
Initial average recall with ef=1500: 0.939462
Weighted average ef: 1872.04
Training convergence-bucket 2 [55.1559, 63.1179) with 100 queries (recall=0.98).
Average Recall: 0.91608
Initial average recall with ef=1000: 0.91184
Average Recall: 0.94981
Initial average recall with ef=1500: 0.946691
Weighted average ef: 2581.08
Training convergence-bucket 3 [63.1179, 71.9578) with 100 queries (recall=0.98).
Average Recall: 0.96273
Initial average recall with ef=1000: 0.960449
Average Recall: 0.98092
Initial average recall with ef=1500: 0.979
Weighted average ef: 1216.72
Training convergence-bucket 4 [71.9578, 74.8943) with 100 queries (recall=0.98).
Average Recall: 0.97904
Initial average recall with ef=1000: 0.979333
Average Recall: 0.99076
Initial average recall with ef=1500: 0.991267
Weighted average ef: 920
Training convergence-bucket 5 [74.8943, 76.8228) with 100 queries (recall=0.98).
Average Recall: 0.98034
Initial average recall with ef=1000: 0.982079
Average Recall: 0.99156
Initial average recall with ef=1500: 0.992476
Weighted average ef: 770
Training convergence-bucket 6 [76.8228, 78.8758) with 100 queries (recall=0.98).
Average Recall: 0.98639
Initial average recall with ef=1000: 0.988031
Average Recall: 0.99416
Initial average recall with ef=1500: 0.994891
Weighted average ef: 712.5
Training convergence-bucket 7 [78.8758, 80.9538) with 100 queries (recall=0.98).
Average Recall: 0.99128
Initial average recall with ef=1000: 0.990452
Average Recall: 0.99713
Initial average recall with ef=1500: 0.996794
Weighted average ef: 760.28
Training convergence-bucket 8 [80.9538, 82.9347) with 100 queries (recall=0.98).
Average Recall: 0.99028
Initial average recall with ef=1000: 0.994029
Average Recall: 0.99615
Initial average recall with ef=1500: 0.997943
Weighted average ef: 733.32
Training convergence-bucket 9 [82.9347, inf) with 100 queries (recall=0.98).
Average Recall: 0.99247
Initial average recall with ef=1000: 0.995318
Average Recall: 0.99666
Initial average recall with ef=1500: 0.998152
Weighted average ef: 680
****Weighted average ef: 1268
Search time: 217231 ms
Search time: 196838 ms
Search time: 195683 ms
Average Recall: 0.974045
5th percentile recall: 0.903
1st percentile recall: 0.837
Median search time: 196838 ms
Search times: 195683 ms, 196838 ms, 217231 ms, 
msmarco experiment results:
statisc_length, time, avg_recall, 5th_percentile_recall, 1st_percentile_recall, recall_above_99, recall_above_95, recall_above_90
1025, 196838, 0.974045, 0.903, 0.837, 3123, 5841, 6655
Experiment finished
Dataset: cohere
Metric: cd
Truncation ratio: 1
Normalize the data vectors
Data vectors dimensions: 18380565 x 1024
Query vectors dimensions: 1677 x 1024
Neighbors dimensions: 1677 x 1000
Using AVX Inner Product distance
Index loaded
Dimension of space:1024
Data size of space:4096


Sampling size: 10000


Ground truth computed in 12359391 ms
Sampling computing time: 13428694 ms
Loading samplings from /home/yc.shea/experiments/shiro-ef/ablation_sampling_size/cohere-samplings-10000-k1000-ef.bin
Samplings loaded from /home/yc.shea/experiments/shiro-ef/ablation_sampling_size/cohere-samplings-10000-k1000-ef.bin
Average Recall: 0.949448
Initial average recall with ef=1000: 0.94944
Average Recall: 0.970962
Initial average recall with ef=1500: 0.970949
Weighted average ef: 1378.2
EF-estimation table computing time: 533398 ms
Per-bucket recall: conv_p20=53.5337 hard_recall=0.95 easy_recall=0.98
Training convergence-bucket 0 [5.33867, 46.8974) with 1000 queries (recall=0.95).
Average Recall: 0.890365
Initial average recall with ef=1000: 0.886019
Average Recall: 0.928471
Initial average recall with ef=1500: 0.925414
Weighted average ef: 2287.92
Training convergence-bucket 1 [46.8974, 53.5337) with 1000 queries (recall=0.95).
Average Recall: 0.888104
Initial average recall with ef=1000: 0.886164
Average Recall: 0.929491
Initial average recall with ef=1500: 0.928151
Weighted average ef: 2305.17
Training convergence-bucket 2 [53.5337, 61.9706) with 1000 queries (recall=0.98).
Average Recall: 0.930944
Initial average recall with ef=1000: 0.930495
Average Recall: 0.959356
Initial average recall with ef=1500: 0.959178
Weighted average ef: 2570.86
Training convergence-bucket 3 [61.9706, 66.5847) with 1000 queries (recall=0.98).
Average Recall: 0.955845
Initial average recall with ef=1000: 0.955863
Average Recall: 0.97661
Initial average recall with ef=1500: 0.97661
Weighted average ef: 1860.27
Training convergence-bucket 4 [66.5847, 69.7293) with 1000 queries (recall=0.98).
Average Recall: 0.963257
Initial average recall with ef=1000: 0.963782
Average Recall: 0.981326
Initial average recall with ef=1500: 0.981726
Weighted average ef: 1664.29
Training convergence-bucket 5 [69.7293, 72.2059) with 1000 queries (recall=0.98).
Average Recall: 0.966672
Initial average recall with ef=1000: 0.967122
Average Recall: 0.983134
Initial average recall with ef=1500: 0.983402
Weighted average ef: 1579.1
Training convergence-bucket 6 [72.2059, 74.485) with 1000 queries (recall=0.98).
Average Recall: 0.967409
Initial average recall with ef=1000: 0.967624
Average Recall: 0.983259
Initial average recall with ef=1500: 0.983439
Weighted average ef: 1617.32
Training convergence-bucket 7 [74.485, 76.7765) with 1000 queries (recall=0.98).
Average Recall: 0.973566
Initial average recall with ef=1000: 0.974063
Average Recall: 0.98737
Initial average recall with ef=1500: 0.987715
Weighted average ef: 1375.73
Training convergence-bucket 8 [76.7765, 79.4865) with 1000 queries (recall=0.98).
Average Recall: 0.976799
Initial average recall with ef=1000: 0.9769
Average Recall: 0.989132
Initial average recall with ef=1500: 0.989185
Weighted average ef: 1347.76
Training convergence-bucket 9 [79.4865, inf) with 1000 queries (recall=0.98).
Average Recall: 0.981344
Initial average recall with ef=1000: 0.982207
Average Recall: 0.991194
Initial average recall with ef=1500: 0.991791
Weighted average ef: 1144.5
****Weighted average ef: 1775
Search time: 55982 ms
Search time: 55879 ms
Search time: 55669 ms
Average Recall: 0.969505
5th percentile recall: 0.876
1st percentile recall: 0.703
Median search time: 55879 ms
Search times: 55669 ms, 55879 ms, 55982 ms, 
cohere experiment results:
statisc_length, time, avg_recall, 5th_percentile_recall, 1st_percentile_recall, recall_above_99, recall_above_95, recall_above_90
1025, 55879, 0.969505, 0.876, 0.703, 749, 1410, 1562
Experiment finished


Sampling size: 5000


Ground truth computed in 5999075 ms
Sampling computing time: 6901669 ms
Loading samplings from /home/yc.shea/experiments/shiro-ef/ablation_sampling_size/cohere-samplings-5000-k1000-ef.bin
Samplings loaded from /home/yc.shea/experiments/shiro-ef/ablation_sampling_size/cohere-samplings-5000-k1000-ef.bin
Average Recall: 0.949478
Initial average recall with ef=1000: 0.949302
Average Recall: 0.970847
Initial average recall with ef=1500: 0.970936
Weighted average ef: 1331.34
EF-estimation table computing time: 258362 ms
Per-bucket recall: conv_p20=53.3284 hard_recall=0.95 easy_recall=0.98
Training convergence-bucket 0 [10.8442, 46.9159) with 500 queries (recall=0.95).
Average Recall: 0.883916
Initial average recall with ef=1000: 0.878502
Average Recall: 0.923866
Initial average recall with ef=1500: 0.919733
Weighted average ef: 2386.51
Training convergence-bucket 1 [46.9159, 53.3284) with 500 queries (recall=0.95).
Average Recall: 0.8917
Initial average recall with ef=1000: 0.88598
Average Recall: 0.931822
Initial average recall with ef=1500: 0.927838
Weighted average ef: 2136.55
Training convergence-bucket 2 [53.3284, 61.9973) with 500 queries (recall=0.98).
Average Recall: 0.936064
Initial average recall with ef=1000: 0.933903
Average Recall: 0.963309
Initial average recall with ef=1500: 0.96194
Weighted average ef: 2383.76
Training convergence-bucket 3 [61.9973, 66.7059) with 500 queries (recall=0.98).
Average Recall: 0.95433
Initial average recall with ef=1000: 0.954778
Average Recall: 0.975384
Initial average recall with ef=1500: 0.975765
Weighted average ef: 1927.96
Training convergence-bucket 4 [66.7059, 69.762) with 500 queries (recall=0.98).
Average Recall: 0.965366
Initial average recall with ef=1000: 0.965627
Average Recall: 0.982517
Initial average recall with ef=1500: 0.982726
Weighted average ef: 1596.72
Training convergence-bucket 5 [69.762, 72.2976) with 500 queries (recall=0.98).
Average Recall: 0.965522
Initial average recall with ef=1000: 0.965883
Average Recall: 0.982305
Initial average recall with ef=1500: 0.98254
Weighted average ef: 1603.49
Training convergence-bucket 6 [72.2976, 74.5782) with 500 queries (recall=0.98).
Average Recall: 0.968081
Initial average recall with ef=1000: 0.969198
Average Recall: 0.983702
Initial average recall with ef=1500: 0.984498
Weighted average ef: 1535.51
Training convergence-bucket 7 [74.5782, 76.762) with 500 queries (recall=0.98).
Average Recall: 0.973246
Initial average recall with ef=1000: 0.974
Average Recall: 0.986989
Initial average recall with ef=1500: 0.987549
Weighted average ef: 1407.18
Training convergence-bucket 8 [76.762, 79.3668) with 500 queries (recall=0.98).
Average Recall: 0.975891
Initial average recall with ef=1000: 0.9763
Average Recall: 0.988313
Initial average recall with ef=1500: 0.988582
Weighted average ef: 1332.75
Training convergence-bucket 9 [79.3668, inf) with 500 queries (recall=0.98).
Average Recall: 0.980676
Initial average recall with ef=1000: 0.980479
Average Recall: 0.990171
Initial average recall with ef=1500: 0.991853
Weighted average ef: 1144
****Weighted average ef: 1745
Search time: 55870 ms
Search time: 55240 ms
Search time: 54280 ms
Average Recall: 0.969426
5th percentile recall: 0.879
1st percentile recall: 0.717
Median search time: 55240 ms
Search times: 54280 ms, 55240 ms, 55870 ms, 
cohere experiment results:
statisc_length, time, avg_recall, 5th_percentile_recall, 1st_percentile_recall, recall_above_99, recall_above_95, recall_above_90
1025, 55240, 0.969426, 0.879, 0.717, 725, 1408, 1562
Experiment finished


Sampling size: 3000


Ground truth computed in 3615683 ms
Sampling computing time: 4156600 ms
Loading samplings from /home/yc.shea/experiments/shiro-ef/ablation_sampling_size/cohere-samplings-3000-k1000-ef.bin
Samplings loaded from /home/yc.shea/experiments/shiro-ef/ablation_sampling_size/cohere-samplings-3000-k1000-ef.bin
Average Recall: 0.949602
Initial average recall with ef=1000: 0.949743
Average Recall: 0.970867
Initial average recall with ef=1500: 0.971027
Weighted average ef: 1399.54
EF-estimation table computing time: 141025 ms
Per-bucket recall: conv_p20=53.6956 hard_recall=0.95 easy_recall=0.98
Training convergence-bucket 0 [7.12137, 47.2788) with 300 queries (recall=0.95).
Average Recall: 0.880264
Initial average recall with ef=1000: 0.874307
Average Recall: 0.920297
Initial average recall with ef=1500: 0.915931
Recall diff is too small for 1 consecutive steps, break.
Weighted average ef: 2448.28
Training convergence-bucket 1 [47.2788, 53.6956) with 300 queries (recall=0.95).
Average Recall: 0.892633
Initial average recall with ef=1000: 0.883615
Average Recall: 0.932667
Initial average recall with ef=1500: 0.92658
Weighted average ef: 1977.89
Training convergence-bucket 2 [53.6956, 62.295) with 300 queries (recall=0.98).
Average Recall: 0.934647
Initial average recall with ef=1000: 0.931992
Average Recall: 0.962513
Initial average recall with ef=1500: 0.960966
Weighted average ef: 2247.67
Training convergence-bucket 3 [62.295, 66.7162) with 300 queries (recall=0.98).
Average Recall: 0.95837
Initial average recall with ef=1000: 0.957904
Average Recall: 0.97782
Initial average recall with ef=1500: 0.977638
Weighted average ef: 1761.89
Training convergence-bucket 4 [66.7162, 69.9602) with 300 queries (recall=0.98).
Average Recall: 0.961089
Initial average recall with ef=1000: 0.961336
Average Recall: 0.979833
Initial average recall with ef=1500: 0.980146
Weighted average ef: 1545.46
Training convergence-bucket 5 [69.9602, 72.4964) with 300 queries (recall=0.98).
Average Recall: 0.965393
Initial average recall with ef=1000: 0.96585
Average Recall: 0.9825
Initial average recall with ef=1500: 0.982962
Weighted average ef: 1545
Training convergence-bucket 6 [72.4964, 74.83) with 300 queries (recall=0.98).
Average Recall: 0.97238
Initial average recall with ef=1000: 0.973655
Average Recall: 0.986429
Initial average recall with ef=1500: 0.987525
Weighted average ef: 1299.79
Training convergence-bucket 7 [74.83, 76.9645) with 300 queries (recall=0.98).
Average Recall: 0.972957
Initial average recall with ef=1000: 0.973571
Average Recall: 0.987229
Initial average recall with ef=1500: 0.987721
Weighted average ef: 1333.33
Training convergence-bucket 8 [76.9645, 79.6261) with 300 queries (recall=0.98).
Average Recall: 0.979266
Initial average recall with ef=1000: 0.981312
Average Recall: 0.990536
Initial average recall with ef=1500: 0.991888
Weighted average ef: 1171.67
Training convergence-bucket 9 [79.6261, inf) with 300 queries (recall=0.98).
Average Recall: 0.978996
Initial average recall with ef=1000: 0.983149
Average Recall: 0.988803
Initial average recall with ef=1500: 0.992287
Weighted average ef: 1055
****Weighted average ef: 1638
Search time: 54319 ms
Search time: 54277 ms
Search time: 53361 ms
Average Recall: 0.968477
5th percentile recall: 0.877
1st percentile recall: 0.717
Median search time: 54277 ms
Search times: 53361 ms, 54277 ms, 54319 ms, 
cohere experiment results:
statisc_length, time, avg_recall, 5th_percentile_recall, 1st_percentile_recall, recall_above_99, recall_above_95, recall_above_90
1025, 54277, 0.968477, 0.877, 0.717, 709, 1393, 1559
Experiment finished


Sampling size: 1000


Ground truth computed in 1195194 ms
Sampling computing time: 1374045 ms
Loading samplings from /home/yc.shea/experiments/shiro-ef/ablation_sampling_size/cohere-samplings-1000-k1000-ef.bin
Samplings loaded from /home/yc.shea/experiments/shiro-ef/ablation_sampling_size/cohere-samplings-1000-k1000-ef.bin
Average Recall: 0.94833
Initial average recall with ef=1000: 0.948695
Average Recall: 0.970107
Initial average recall with ef=1500: 0.970418
Weighted average ef: 1364.6
EF-estimation table computing time: 54893 ms
Per-bucket recall: conv_p20=53.4353 hard_recall=0.95 easy_recall=0.98
Training convergence-bucket 0 [12.4523, 46.6856) with 100 queries (recall=0.95).
Average Recall: 0.87251
Initial average recall with ef=1000: 0.86397
Average Recall: 0.91283
Initial average recall with ef=1500: 0.907522
Weighted average ef: 1977.69
Training convergence-bucket 1 [46.6856, 53.4353) with 100 queries (recall=0.95).
Average Recall: 0.89332
Initial average recall with ef=1000: 0.865651
Average Recall: 0.93316
Initial average recall with ef=1500: 0.915381
Weighted average ef: 1529.19
Training convergence-bucket 2 [53.4353, 61.8174) with 100 queries (recall=0.98).
Average Recall: 0.92696
Initial average recall with ef=1000: 0.922241
Average Recall: 0.95784
Initial average recall with ef=1500: 0.953931
Weighted average ef: 1653.79
Training convergence-bucket 3 [61.8174, 65.7215) with 100 queries (recall=0.98).
Average Recall: 0.95383
Initial average recall with ef=1000: 0.957247
Average Recall: 0.97573
Initial average recall with ef=1500: 0.978027
Weighted average ef: 1322.01
Training convergence-bucket 4 [65.7215, 69.2917) with 100 queries (recall=0.98).
Average Recall: 0.96524
Initial average recall with ef=1000: 0.968333
Average Recall: 0.98271
Initial average recall with ef=1500: 0.984476
Weighted average ef: 955
Training convergence-bucket 5 [69.2917, 71.7656) with 100 queries (recall=0.98).
Average Recall: 0.96483
Initial average recall with ef=1000: 0.967453
Average Recall: 0.98175
Initial average recall with ef=1500: 0.982875
Weighted average ef: 1067.41
Training convergence-bucket 6 [71.7656, 74.4751) with 100 queries (recall=0.98).
Average Recall: 0.97532
Initial average recall with ef=1000: 0.977693
Average Recall: 0.989
Initial average recall with ef=1500: 0.990194
Weighted average ef: 835
Training convergence-bucket 7 [74.4751, 76.8456) with 100 queries (recall=0.98).
Average Recall: 0.97398
Initial average recall with ef=1000: 0.976145
Average Recall: 0.98772
Initial average recall with ef=1500: 0.989
Weighted average ef: 815
Training convergence-bucket 8 [76.8456, 79.4487) with 100 queries (recall=0.98).
Average Recall: 0.97471
Initial average recall with ef=1000: 0.977044
Average Recall: 0.98815
Initial average recall with ef=1500: 0.989397
Weighted average ef: 920
Training convergence-bucket 9 [79.4487, inf) with 100 queries (recall=0.98).
Average Recall: 0.9826
Initial average recall with ef=1000: 0.985506
Average Recall: 0.99219
Initial average recall with ef=1500: 0.993928
Weighted average ef: 875
****Weighted average ef: 1195
Search time: 56471 ms
Search time: 55447 ms
Search time: 54665 ms
Average Recall: 0.97064
5th percentile recall: 0.884
1st percentile recall: 0.75
Median search time: 55447 ms
Search times: 54665 ms, 55447 ms, 56471 ms, 
cohere experiment results:
statisc_length, time, avg_recall, 5th_percentile_recall, 1st_percentile_recall, recall_above_99, recall_above_95, recall_above_90
1025, 55447, 0.97064, 0.884, 0.75, 720, 1411, 1571
Experiment finished
Starting ablation study tests: weighted decay function (gamma)...




Dataset: deep-image-96-angular
Metric: cd
Normalize the data vectors
Data vectors dimensions: 9990000 x 96
Query vectors dimensions: 10000 x 96
Neighbors dimensions: 10000 x 100
Using AVX Inner Product distance
Index loaded
Dimension of space:96
Data size of space:384

--- Gamma: 8 ---

Loading samplings from /home/yc.shea/experiments/shiro-ef/sampling/deep-image-96-angular-samplings--k100-ef.bin
Samplings loaded from /home/yc.shea/experiments/shiro-ef/sampling/deep-image-96-angular-samplings--k100-ef.bin
Average Recall: 0.835152
Initial average recall with ef=100: 0.835458
Average Recall: 0.884026
Initial average recall with ef=150: 0.884358
Recall diff is too small for 1 consecutive steps, break.
Weighted average ef: 391.431
Per-bucket recall: conv_p20=29.0066 hard_recall=0.95 easy_recall=0.98
Training convergence-bucket 0 [17.4829, 26.216) with 300 queries (recall=0.95).
Average Recall: 0.592867
Initial average recall with ef=100: 0.588464
Average Recall: 0.671
Initial average recall with ef=150: 0.66625
Weighted average ef: 1125.44
Training convergence-bucket 1 [26.216, 29.0066) with 300 queries (recall=0.95).
Average Recall: 0.6324
Initial average recall with ef=100: 0.627897
Average Recall: 0.713567
Initial average recall with ef=150: 0.709
Weighted average ef: 925.697
Training convergence-bucket 2 [29.0066, 33.433) with 300 queries (recall=0.98).
Average Recall: 0.735067
Initial average recall with ef=100: 0.734511
Average Recall: 0.811
Initial average recall with ef=150: 0.810874
Recall diff is too small for 1 consecutive steps, break.
Recall diff is too small for 1 consecutive steps, break.
Weighted average ef: 901.293
Training convergence-bucket 3 [33.433, 38.1976) with 300 queries (recall=0.98).
Average Recall: 0.807167
Initial average recall with ef=100: 0.807021
Average Recall: 0.871533
Initial average recall with ef=150: 0.871915
Recall diff is too small for 1 consecutive steps, break.
Recall diff is too small for 1 consecutive steps, break.
Weighted average ef: 581.783
Training convergence-bucket 4 [38.1976, 42.7285) with 300 queries (recall=0.98).
Average Recall: 0.856167
Initial average recall with ef=100: 0.855401
Average Recall: 0.913633
Initial average recall with ef=150: 0.913031
Weighted average ef: 387.43
Training convergence-bucket 5 [42.7285, 46.821) with 300 queries (recall=0.98).
Average Recall: 0.9003
Initial average recall with ef=100: 0.89934
Average Recall: 0.946134
Initial average recall with ef=150: 0.945868
Weighted average ef: 285.047
Training convergence-bucket 6 [46.821, 51.963) with 300 queries (recall=0.98).
Average Recall: 0.921333
Initial average recall with ef=100: 0.921638
Average Recall: 0.957334
Initial average recall with ef=150: 0.957805
Weighted average ef: 263.827
Training convergence-bucket 7 [51.963, 57.2799) with 300 queries (recall=0.98).
Average Recall: 0.947967
Initial average recall with ef=100: 0.948771
Average Recall: 0.975234
Initial average recall with ef=150: 0.975973
Weighted average ef: 178.84
Training convergence-bucket 8 [57.2799, 65.3371) with 300 queries (recall=0.98).
Average Recall: 0.971734
Initial average recall with ef=100: 0.972007
Average Recall: 0.987934
Initial average recall with ef=150: 0.988163
Weighted average ef: 139.47
Training convergence-bucket 9 [65.3371, inf) with 300 queries (recall=0.98).
Average Recall: 0.986567
Initial average recall with ef=100: 0.987509
Average Recall: 0.992967
Initial average recall with ef=150: 0.993772
Weighted average ef: 101.567
Reconstructed True WAE: 225.887 (Hard Pct: 0.0203333)
  Avg Ef Hard (bucketed): 1019.62 | Avg Ef Easy (bucketed): 209.413
****Weighted average ef: 225
Search time: 15045 ms
Search time: 15774 ms
Search time: 15390 ms
Average Recall: 0.984538
5th percentile recall: 0.95
1st percentile recall: 0.91
Median search time: 15390 ms
Search times: 15045 ms, 15390 ms, 15774 ms, 
deep-image-96-angular experiment results:
statisc_length, time, avg_recall, 5th_percentile_recall, 1st_percentile_recall, recall_above_99, recall_above_95, recall_above_90
1025, 15390, 0.984538, 0.95, 0.91, 6202, 9347, 9925
Experiment finished

--- Gamma: 12 ---

Loading samplings from /home/yc.shea/experiments/shiro-ef/sampling/deep-image-96-angular-samplings--k100-ef.bin
Samplings loaded from /home/yc.shea/experiments/shiro-ef/sampling/deep-image-96-angular-samplings--k100-ef.bin
Average Recall: 0.835152
Initial average recall with ef=100: 0.835458
Average Recall: 0.884026
Initial average recall with ef=150: 0.884358
Recall diff is too small for 1 consecutive steps, break.
Weighted average ef: 391.431
Per-bucket recall: conv_p20=35.5094 hard_recall=0.95 easy_recall=0.98
Training convergence-bucket 0 [20.9298, 32.7522) with 300 queries (recall=0.95).
Average Recall: 0.600567
Initial average recall with ef=100: 0.595857
Average Recall: 0.679667
Initial average recall with ef=150: 0.674571
Recall diff is too small for 1 consecutive steps, break.
Recall diff is too small for 1 consecutive steps, break.
Weighted average ef: 1080.33
Training convergence-bucket 1 [32.7522, 35.5094) with 300 queries (recall=0.95).
Average Recall: 0.6323
Initial average recall with ef=100: 0.628819
Average Recall: 0.712333
Initial average recall with ef=150: 0.709167
Weighted average ef: 921.987
Training convergence-bucket 2 [35.5094, 40.7965) with 300 queries (recall=0.98).
Average Recall: 0.732534
Initial average recall with ef=100: 0.731317
Average Recall: 0.808034
Initial average recall with ef=150: 0.807473
Recall diff is too small for 1 consecutive steps, break.
Recall diff is too small for 1 consecutive steps, break.
Weighted average ef: 912.863
Training convergence-bucket 3 [40.7965, 46.0394) with 300 queries (recall=0.98).
Average Recall: 0.8063
Initial average recall with ef=100: 0.804875
Average Recall: 0.870467
Initial average recall with ef=150: 0.869786
Recall diff is too small for 1 consecutive steps, break.
Recall diff is too small for 1 consecutive steps, break.
Recall diff is too small for 1 consecutive steps, break.
Weighted average ef: 612.077
Training convergence-bucket 4 [46.0394, 50.369) with 300 queries (recall=0.98).
Average Recall: 0.857333
Initial average recall with ef=100: 0.85516
Average Recall: 0.9141
Initial average recall with ef=150: 0.912455
Recall diff is too small for 1 consecutive steps, break.
Weighted average ef: 370.737
Training convergence-bucket 5 [50.369, 54.4902) with 300 queries (recall=0.98).
Average Recall: 0.900033
Initial average recall with ef=100: 0.899069
Average Recall: 0.946034
Initial average recall with ef=150: 0.945724
Weighted average ef: 293.783
Training convergence-bucket 6 [54.4902, 59.2677) with 300 queries (recall=0.98).
Average Recall: 0.919767
Initial average recall with ef=100: 0.920483
Average Recall: 0.955934
Initial average recall with ef=150: 0.956965
Recall diff is too small for 1 consecutive steps, break.
Weighted average ef: 260.64
Training convergence-bucket 7 [59.2677, 64.3209) with 300 queries (recall=0.98).
Average Recall: 0.945767
Initial average recall with ef=100: 0.946621
Average Recall: 0.973367
Initial average recall with ef=150: 0.974061
Weighted average ef: 187.913
Training convergence-bucket 8 [64.3209, 71.5169) with 300 queries (recall=0.98).
Average Recall: 0.971234
Initial average recall with ef=100: 0.971565
Average Recall: 0.9879
Initial average recall with ef=150: 0.988163
Weighted average ef: 139.303
Training convergence-bucket 9 [71.5169, inf) with 300 queries (recall=0.98).
Average Recall: 0.985734
Initial average recall with ef=100: 0.986493
Average Recall: 0.9925
Initial average recall with ef=150: 0.993229
Weighted average ef: 102.5
Reconstructed True WAE: 255.166 (Hard Pct: 0.0203333)
  Avg Ef Hard (bucketed): 1020.03 | Avg Ef Easy (bucketed): 239.291
****Weighted average ef: 255
Search time: 15924 ms
Search time: 16198 ms
Search time: 15503 ms
Average Recall: 0.985377
5th percentile recall: 0.95
1st percentile recall: 0.92
Median search time: 15924 ms
Search times: 15503 ms, 15924 ms, 16198 ms, 
deep-image-96-angular experiment results:
statisc_length, time, avg_recall, 5th_percentile_recall, 1st_percentile_recall, recall_above_99, recall_above_95, recall_above_90
1025, 15924, 0.985377, 0.95, 0.92, 6402, 9416, 9933
Experiment finished

--- Gamma: 16 ---

Loading samplings from /home/yc.shea/experiments/shiro-ef/sampling/deep-image-96-angular-samplings--k100-ef.bin
Samplings loaded from /home/yc.shea/experiments/shiro-ef/sampling/deep-image-96-angular-samplings--k100-ef.bin
Average Recall: 0.835152
Initial average recall with ef=100: 0.835458
Average Recall: 0.884026
Initial average recall with ef=150: 0.884358
Recall diff is too small for 1 consecutive steps, break.
Weighted average ef: 391.431
Per-bucket recall: conv_p20=40.6884 hard_recall=0.95 easy_recall=0.98
Training convergence-bucket 0 [23.234, 37.7252) with 300 queries (recall=0.95).
Average Recall: 0.607433
Initial average recall with ef=100: 0.603238
Average Recall: 0.686733
Initial average recall with ef=150: 0.682242
Recall diff is too small for 1 consecutive steps, break.
Recall diff is too small for 1 consecutive steps, break.
Weighted average ef: 1040.64
Training convergence-bucket 1 [37.7252, 40.6884) with 300 queries (recall=0.95).
Average Recall: 0.638833
Initial average recall with ef=100: 0.633333
Average Recall: 0.7185
Initial average recall with ef=150: 0.713824
Weighted average ef: 898.307
Training convergence-bucket 2 [40.6884, 46.2056) with 300 queries (recall=0.98).
Average Recall: 0.721667
Initial average recall with ef=100: 0.719509
Average Recall: 0.796767
Initial average recall with ef=150: 0.795088
Recall diff is too small for 1 consecutive steps, break.
Weighted average ef: 1074.09
Training convergence-bucket 3 [46.2056, 51.5452) with 300 queries (recall=0.98).
Average Recall: 0.809334
Initial average recall with ef=100: 0.806406
Average Recall: 0.873066
Initial average recall with ef=150: 0.871317
Recall diff is too small for 1 consecutive steps, break.
Weighted average ef: 599.717
Training convergence-bucket 4 [51.5452, 55.7279) with 300 queries (recall=0.98).
Average Recall: 0.856767
Initial average recall with ef=100: 0.855866
Average Recall: 0.9146
Initial average recall with ef=150: 0.914028
Weighted average ef: 383.963
Training convergence-bucket 5 [55.7279, 59.6592) with 300 queries (recall=0.98).
Average Recall: 0.8974
Initial average recall with ef=100: 0.896632
Average Recall: 0.9425
Initial average recall with ef=150: 0.942268
Weighted average ef: 312.253
Training convergence-bucket 6 [59.6592, 64.0217) with 300 queries (recall=0.98).
Average Recall: 0.920367
Initial average recall with ef=100: 0.920381
Average Recall: 0.956
Initial average recall with ef=150: 0.956505
Recall diff is too small for 1 consecutive steps, break.
Weighted average ef: 259.147
Training convergence-bucket 7 [64.0217, 68.7624) with 300 queries (recall=0.98).
Average Recall: 0.944234
Initial average recall with ef=100: 0.945
Average Recall: 0.9727
Initial average recall with ef=150: 0.973288
Recall diff is too small for 1 consecutive steps, break.
Weighted average ef: 189.85
Training convergence-bucket 8 [68.7624, 75.1871) with 300 queries (recall=0.98).
Average Recall: 0.969667
Initial average recall with ef=100: 0.971497
Average Recall: 0.9869
Initial average recall with ef=150: 0.988095
Weighted average ef: 137.303
Training convergence-bucket 9 [75.1871, inf) with 300 queries (recall=0.98).
Average Recall: 0.985867
Initial average recall with ef=100: 0.987456
Average Recall: 0.992567
Initial average recall with ef=150: 0.993852
Weighted average ef: 98.83
Reconstructed True WAE: 258.456 (Hard Pct: 0.0203333)
  Avg Ef Hard (bucketed): 1013.41 | Avg Ef Easy (bucketed): 242.787
****Weighted average ef: 258
Search time: 17830 ms
Search time: 17060 ms
Search time: 18882 ms
Average Recall: 0.986031
5th percentile recall: 0.95
1st percentile recall: 0.92
Median search time: 17830 ms
Search times: 17060 ms, 17830 ms, 18882 ms, 
deep-image-96-angular experiment results:
statisc_length, time, avg_recall, 5th_percentile_recall, 1st_percentile_recall, recall_above_99, recall_above_95, recall_above_90
1025, 17830, 0.986031, 0.95, 0.92, 6594, 9451, 9932
Experiment finished

--- Gamma: 24 ---

Loading samplings from /home/yc.shea/experiments/shiro-ef/sampling/deep-image-96-angular-samplings--k100-ef.bin
Samplings loaded from /home/yc.shea/experiments/shiro-ef/sampling/deep-image-96-angular-samplings--k100-ef.bin
Average Recall: 0.835152
Initial average recall with ef=100: 0.835458
Average Recall: 0.884026
Initial average recall with ef=150: 0.884358
Recall diff is too small for 1 consecutive steps, break.
Weighted average ef: 391.431
Per-bucket recall: conv_p20=48.2825 hard_recall=0.95 easy_recall=0.98
Training convergence-bucket 0 [25.9617, 44.4466) with 300 queries (recall=0.95).
Average Recall: 0.619733
Initial average recall with ef=100: 0.616201
Average Recall: 0.700067
Initial average recall with ef=150: 0.696595
Recall diff is too small for 1 consecutive steps, break.
Weighted average ef: 950.397
Training convergence-bucket 1 [44.4466, 48.2825) with 300 queries (recall=0.95).
Average Recall: 0.643433
Initial average recall with ef=100: 0.63734
Average Recall: 0.7217
Initial average recall with ef=150: 0.716312
Weighted average ef: 896.72
Training convergence-bucket 2 [48.2825, 54.1365) with 300 queries (recall=0.98).
Average Recall: 0.715034
Initial average recall with ef=100: 0.710674
Average Recall: 0.789
Initial average recall with ef=150: 0.786135
Recall diff is too small for 1 consecutive steps, break.
Weighted average ef: 1135.79
Training convergence-bucket 3 [54.1365, 59.1208) with 300 queries (recall=0.98).
Average Recall: 0.810734
Initial average recall with ef=100: 0.807128
Average Recall: 0.874667
Initial average recall with ef=150: 0.872269
Recall diff is too small for 1 consecutive steps, break.
Weighted average ef: 599.89
Training convergence-bucket 4 [59.1208, 62.9975) with 300 queries (recall=0.98).
Average Recall: 0.858233
Initial average recall with ef=100: 0.858125
Average Recall: 0.9144
Initial average recall with ef=150: 0.914306
Recall diff is too small for 1 consecutive steps, break.
Recall diff is too small for 1 consecutive steps, break.
Weighted average ef: 418.557
Training convergence-bucket 5 [62.9975, 66.5575) with 300 queries (recall=0.98).
Average Recall: 0.890933
Initial average recall with ef=100: 0.891246
Average Recall: 0.9371
Initial average recall with ef=150: 0.937751
Weighted average ef: 307.117
Training convergence-bucket 6 [66.5575, 70.0955) with 300 queries (recall=0.98).
Average Recall: 0.919267
Initial average recall with ef=100: 0.918316
Average Recall: 0.955033
Initial average recall with ef=150: 0.954398
Weighted average ef: 278.553
Training convergence-bucket 7 [70.0955, 74.2355) with 300 queries (recall=0.98).
Average Recall: 0.942467
Initial average recall with ef=100: 0.942561
Average Recall: 0.970934
Initial average recall with ef=150: 0.971315
Recall diff is too small for 1 consecutive steps, break.
Weighted average ef: 213.42
Training convergence-bucket 8 [74.2355, 79.215) with 300 queries (recall=0.98).
Average Recall: 0.9662
Initial average recall with ef=100: 0.968596
Average Recall: 0.984634
Initial average recall with ef=150: 0.986336
Weighted average ef: 144.97
Training convergence-bucket 9 [79.215, inf) with 300 queries (recall=0.98).
Average Recall: 0.985534
Initial average recall with ef=100: 0.985773
Average Recall: 0.9928
Initial average recall with ef=150: 0.99299
Weighted average ef: 105
Reconstructed True WAE: 277.379 (Hard Pct: 0.0203333)
  Avg Ef Hard (bucketed): 975.005 | Avg Ef Easy (bucketed): 262.9
****Weighted average ef: 277
Search time: 17037 ms
Search time: 16621 ms
Search time: 16814 ms
Average Recall: 0.986115
5th percentile recall: 0.95
1st percentile recall: 0.91
Median search time: 16814 ms
Search times: 16621 ms, 16814 ms, 17037 ms, 
deep-image-96-angular experiment results:
statisc_length, time, avg_recall, 5th_percentile_recall, 1st_percentile_recall, recall_above_99, recall_above_95, recall_above_90
1025, 16814, 0.986115, 0.95, 0.91, 6693, 9407, 9933
Experiment finished

--- Gamma: 32 ---

Loading samplings from /home/yc.shea/experiments/shiro-ef/sampling/deep-image-96-angular-samplings--k100-ef.bin
Samplings loaded from /home/yc.shea/experiments/shiro-ef/sampling/deep-image-96-angular-samplings--k100-ef.bin
Average Recall: 0.835152
Initial average recall with ef=100: 0.835458
Average Recall: 0.884026
Initial average recall with ef=150: 0.884358
Recall diff is too small for 1 consecutive steps, break.
Weighted average ef: 391.431
Per-bucket recall: conv_p20=53.6384 hard_recall=0.95 easy_recall=0.98
Training convergence-bucket 0 [26.4202, 49.0172) with 300 queries (recall=0.95).
Average Recall: 0.624933
Initial average recall with ef=100: 0.617224
Average Recall: 0.705567
Initial average recall with ef=150: 0.698683
Recall diff is too small for 1 consecutive steps, break.
Weighted average ef: 943.667
Training convergence-bucket 1 [49.0172, 53.6384) with 300 queries (recall=0.95).
Average Recall: 0.649333
Initial average recall with ef=100: 0.646528
Average Recall: 0.727067
Initial average recall with ef=150: 0.724931
Recall diff is too small for 1 consecutive steps, break.
Weighted average ef: 894.423
Training convergence-bucket 2 [53.6384, 59.5147) with 300 queries (recall=0.98).
Average Recall: 0.715167
Initial average recall with ef=100: 0.708191
Average Recall: 0.7866
Initial average recall with ef=150: 0.780957
Recall diff is too small for 1 consecutive steps, break.
Weighted average ef: 1161.75
Training convergence-bucket 3 [59.5147, 64.237) with 300 queries (recall=0.98).
Average Recall: 0.8117
Initial average recall with ef=100: 0.80786
Average Recall: 0.877433
Initial average recall with ef=150: 0.874737
Recall diff is too small for 1 consecutive steps, break.
Recall diff is too small for 1 consecutive steps, break.
Weighted average ef: 597.64
Training convergence-bucket 4 [64.237, 68.003) with 300 queries (recall=0.98).
Average Recall: 0.8575
Initial average recall with ef=100: 0.857805
Average Recall: 0.912567
Initial average recall with ef=150: 0.912927
Recall diff is too small for 1 consecutive steps, break.
Recall diff is too small for 1 consecutive steps, break.
Recall diff is too small for 1 consecutive steps, break.
Weighted average ef: 413.493
Training convergence-bucket 5 [68.003, 71.1562) with 300 queries (recall=0.98).
Average Recall: 0.8884
Initial average recall with ef=100: 0.887651
Average Recall: 0.934067
Initial average recall with ef=150: 0.934164
Weighted average ef: 354.56
Training convergence-bucket 6 [71.1562, 74.1201) with 300 queries (recall=0.98).
Average Recall: 0.9188
Initial average recall with ef=100: 0.920772
Average Recall: 0.9542
Initial average recall with ef=150: 0.955649
Recall diff is too small for 1 consecutive steps, break.
Weighted average ef: 252.677
Training convergence-bucket 7 [74.1201, 77.58) with 300 queries (recall=0.98).
Average Recall: 0.936734
Initial average recall with ef=100: 0.937774
Average Recall: 0.967434
Initial average recall with ef=150: 0.968269
Weighted average ef: 208.087
Training convergence-bucket 8 [77.58, 81.6798) with 300 queries (recall=0.98).
Average Recall: 0.964667
Initial average recall with ef=100: 0.967167
Average Recall: 0.983034
Initial average recall with ef=150: 0.984846
Weighted average ef: 150.967
Training convergence-bucket 9 [81.6798, inf) with 300 queries (recall=0.98).
Average Recall: 0.984334
Initial average recall with ef=100: 0.984552
Average Recall: 0.992367
Initial average recall with ef=150: 0.992552
Weighted average ef: 107.167
Reconstructed True WAE: 279.621 (Hard Pct: 0.0203333)
  Avg Ef Hard (bucketed): 941.782 | Avg Ef Easy (bucketed): 265.877
****Weighted average ef: 279
Search time: 16436 ms
Search time: 16033 ms
Search time: 16540 ms
Average Recall: 0.985959
5th percentile recall: 0.95
1st percentile recall: 0.91
Median search time: 16436 ms
Search times: 16033 ms, 16436 ms, 16540 ms, 
deep-image-96-angular experiment results:
statisc_length, time, avg_recall, 5th_percentile_recall, 1st_percentile_recall, recall_above_99, recall_above_95, recall_above_90
1025, 16436, 0.985959, 0.95, 0.91, 6728, 9354, 9918
Experiment finished


Dataset: glove-100-angular
Metric: cd
Normalize the data vectors
Data vectors dimensions: 1183514 x 100
Query vectors dimensions: 10000 x 100
Neighbors dimensions: 10000 x 100
Using AVX Inner Product distance
Index loaded
Dimension of space:100
Data size of space:400

--- Gamma: 8 ---

Loading samplings from /home/yc.shea/experiments/shiro-ef/sampling/glove-100-angular-samplings--k100-ef.bin
Samplings loaded from /home/yc.shea/experiments/shiro-ef/sampling/glove-100-angular-samplings--k100-ef.bin
Average Recall: 0.726394
Initial average recall with ef=100: 0.72636
Average Recall: 0.770571
Initial average recall with ef=150: 0.770564
Weighted average ef: 1702.87
Per-bucket recall: conv_p20=23.4556 hard_recall=0.95 easy_recall=0.98
Training convergence-bucket 0 [13.2878, 20.043) with 300 queries (recall=0.95).
Average Recall: 0.447867
Initial average recall with ef=100: 0.429509
Average Recall: 0.4995
Initial average recall with ef=150: 0.481474
Recall diff is too small for 1 consecutive steps, break.
Recall diff is too small for 1 consecutive steps, break.
Weighted average ef: 4231.85
Training convergence-bucket 1 [20.043, 23.4556) with 300 queries (recall=0.95).
Average Recall: 0.478934
Initial average recall with ef=100: 0.467509
Average Recall: 0.537433
Initial average recall with ef=150: 0.525882
Recall diff is too small for 1 consecutive steps, break.
Weighted average ef: 3830.79
Training convergence-bucket 2 [23.4556, 26.9925) with 300 queries (recall=0.98).
Average Recall: 0.536133
Initial average recall with ef=100: 0.520284
Average Recall: 0.589733
Initial average recall with ef=150: 0.574042
Recall diff is too small for 1 consecutive steps, break.
Recall diff is too small for 1 consecutive steps, break.
Recall diff is too small for 1 consecutive steps, break.
Recall diff is too small for 1 consecutive steps, break.
Recall diff is too small for 1 consecutive steps, break.
Recall diff is too small for 1 consecutive steps, break.
Weighted average ef: 4064.05
Training convergence-bucket 3 [26.9925, 30.9276) with 300 queries (recall=0.98).
Average Recall: 0.6266
Initial average recall with ef=100: 0.623566
Average Recall: 0.692633
Initial average recall with ef=150: 0.69014
Recall diff is too small for 1 consecutive steps, break.
Recall diff is too small for 1 consecutive steps, break.
Recall diff is too small for 1 consecutive steps, break.
Weighted average ef: 3169.47
Training convergence-bucket 4 [30.9276, 35.8085) with 300 queries (recall=0.98).
Average Recall: 0.6926
Initial average recall with ef=100: 0.686679
Average Recall: 0.751733
Initial average recall with ef=150: 0.746462
Recall diff is too small for 1 consecutive steps, break.
Recall diff is too small for 1 consecutive steps, break.
Recall diff is too small for 1 consecutive steps, break.
Recall diff is too small for 1 consecutive steps, break.
Recall diff is too small for 1 consecutive steps, break.
Weighted average ef: 2746.22
Training convergence-bucket 5 [35.8085, 41.9049) with 300 queries (recall=0.98).
Average Recall: 0.784267
Initial average recall with ef=100: 0.786486
Average Recall: 0.840833
Initial average recall with ef=150: 0.841486
Recall diff is too small for 1 consecutive steps, break.
Recall diff is too small for 1 consecutive steps, break.
Recall diff is too small for 1 consecutive steps, break.
Weighted average ef: 1401.22
Training convergence-bucket 6 [41.9049, 48.9935) with 300 queries (recall=0.98).
Average Recall: 0.8632
Initial average recall with ef=100: 0.866111
Average Recall: 0.9024
Initial average recall with ef=150: 0.906593
Recall diff is too small for 1 consecutive steps, break.
Recall diff is too small for 1 consecutive steps, break.
Recall diff is too small for 1 consecutive steps, break.
Weighted average ef: 817.55
Training convergence-bucket 7 [48.9935, 55.511) with 300 queries (recall=0.98).
Average Recall: 0.905133
Initial average recall with ef=100: 0.902947
Average Recall: 0.9346
Initial average recall with ef=150: 0.932596
Recall diff is too small for 1 consecutive steps, break.
Recall diff is too small for 1 consecutive steps, break.
Recall diff is too small for 1 consecutive steps, break.
Weighted average ef: 747.117
Training convergence-bucket 8 [55.511, 63.953) with 300 queries (recall=0.98).
Average Recall: 0.950933
Initial average recall with ef=100: 0.95257
Average Recall: 0.970434
Initial average recall with ef=150: 0.97169
Recall diff is too small for 1 consecutive steps, break.
Recall diff is too small for 1 consecutive steps, break.
Weighted average ef: 254.31
Training convergence-bucket 9 [63.953, inf) with 300 queries (recall=0.98).
Average Recall: 0.9783
Initial average recall with ef=100: 0.983298
Average Recall: 0.986434
Initial average recall with ef=150: 0.990737
Recall diff is too small for 1 consecutive steps, break.
Weighted average ef: 140.047
Reconstructed True WAE: 1394.93 (Hard Pct: 0.00633333)
  Avg Ef Hard (bucketed): 4785.13 | Avg Ef Easy (bucketed): 1373.32
****Weighted average ef: 1394
Search time: 65274 ms
Search time: 60090 ms
Search time: 59796 ms
Average Recall: 0.978214
5th percentile recall: 0.92
1st percentile recall: 0.88
Median search time: 60090 ms
Search times: 59796 ms, 60090 ms, 65274 ms, 
glove-100-angular experiment results:
statisc_length, time, avg_recall, 5th_percentile_recall, 1st_percentile_recall, recall_above_99, recall_above_95, recall_above_90
1025, 60090, 0.978214, 0.92, 0.88, 5514, 8410, 9723
Experiment finished

--- Gamma: 12 ---

Loading samplings from /home/yc.shea/experiments/shiro-ef/sampling/glove-100-angular-samplings--k100-ef.bin
Samplings loaded from /home/yc.shea/experiments/shiro-ef/sampling/glove-100-angular-samplings--k100-ef.bin
Average Recall: 0.726394
Initial average recall with ef=100: 0.72636
Average Recall: 0.770571
Initial average recall with ef=150: 0.770564
Weighted average ef: 1702.87
Per-bucket recall: conv_p20=29.4133 hard_recall=0.95 easy_recall=0.98
Training convergence-bucket 0 [14.0027, 24.9457) with 300 queries (recall=0.95).
Average Recall: 0.461633
Initial average recall with ef=100: 0.448483
Average Recall: 0.511
Initial average recall with ef=150: 0.498276
Recall diff is too small for 1 consecutive steps, break.
Recall diff is too small for 1 consecutive steps, break.
Recall diff is too small for 1 consecutive steps, break.
Recall diff is too small for 1 consecutive steps, break.
Weighted average ef: 4246.93
Training convergence-bucket 1 [24.9457, 29.4133) with 300 queries (recall=0.95).
Average Recall: 0.4883
Initial average recall with ef=100: 0.472756
Average Recall: 0.547433
Initial average recall with ef=150: 0.532403
Recall diff is too small for 1 consecutive steps, break.
Weighted average ef: 3680.17
Training convergence-bucket 2 [29.4133, 33.4873) with 300 queries (recall=0.98).
Average Recall: 0.516367
Initial average recall with ef=100: 0.507817
Average Recall: 0.573033
Initial average recall with ef=150: 0.563979
Recall diff is too small for 1 consecutive steps, break.
Recall diff is too small for 1 consecutive steps, break.
Recall diff is too small for 1 consecutive steps, break.
Weighted average ef: 4172.59
Training convergence-bucket 3 [33.4873, 38.0301) with 300 queries (recall=0.98).
Average Recall: 0.628567
Initial average recall with ef=100: 0.627036
Average Recall: 0.693333
Initial average recall with ef=150: 0.692857
Recall diff is too small for 1 consecutive steps, break.
Recall diff is too small for 1 consecutive steps, break.
Recall diff is too small for 1 consecutive steps, break.
Weighted average ef: 3051.08
Training convergence-bucket 4 [38.0301, 43.3999) with 300 queries (recall=0.98).
Average Recall: 0.693067
Initial average recall with ef=100: 0.687798
Average Recall: 0.751367
Initial average recall with ef=150: 0.746282
Recall diff is too small for 1 consecutive steps, break.
Recall diff is too small for 1 consecutive steps, break.
Recall diff is too small for 1 consecutive steps, break.
Weighted average ef: 2638.44
Training convergence-bucket 5 [43.3999, 49.4518) with 300 queries (recall=0.98).
Average Recall: 0.7792
Initial average recall with ef=100: 0.782473
Average Recall: 0.835867
Initial average recall with ef=150: 0.837957
Recall diff is too small for 1 consecutive steps, break.
Recall diff is too small for 1 consecutive steps, break.
Recall diff is too small for 1 consecutive steps, break.
Weighted average ef: 1549.91
Training convergence-bucket 6 [49.4518, 56.6052) with 300 queries (recall=0.98).
Average Recall: 0.87
Initial average recall with ef=100: 0.867619
Average Recall: 0.909
Initial average recall with ef=150: 0.908022
Recall diff is too small for 1 consecutive steps, break.
Recall diff is too small for 1 consecutive steps, break.
Weighted average ef: 821.073
Training convergence-bucket 7 [56.6052, 62.8085) with 300 queries (recall=0.98).
Average Recall: 0.9054
Initial average recall with ef=100: 0.903798
Average Recall: 0.934667
Initial average recall with ef=150: 0.93331
Recall diff is too small for 1 consecutive steps, break.
Recall diff is too small for 1 consecutive steps, break.
Recall diff is too small for 1 consecutive steps, break.
Weighted average ef: 713.86
Training convergence-bucket 8 [62.8085, 70.2824) with 300 queries (recall=0.98).
Average Recall: 0.9425
Initial average recall with ef=100: 0.945516
Average Recall: 0.962767
Initial average recall with ef=150: 0.965445
Recall diff is too small for 1 consecutive steps, break.
Recall diff is too small for 1 consecutive steps, break.
Weighted average ef: 295.56
Training convergence-bucket 9 [70.2824, inf) with 300 queries (recall=0.98).
Average Recall: 0.978934
Initial average recall with ef=100: 0.981945
Average Recall: 0.987267
Initial average recall with ef=150: 0.990104
Recall diff is too small for 1 consecutive steps, break.
Weighted average ef: 147.653
Reconstructed True WAE: 1420.99 (Hard Pct: 0.00633333)
  Avg Ef Hard (bucketed): 4804.4 | Avg Ef Easy (bucketed): 1399.42
****Weighted average ef: 1420
Search time: 60160 ms
Search time: 59941 ms
Search time: 60608 ms
Average Recall: 0.978348
5th percentile recall: 0.92
1st percentile recall: 0.88
Median search time: 60160 ms
Search times: 59941 ms, 60160 ms, 60608 ms, 
glove-100-angular experiment results:
statisc_length, time, avg_recall, 5th_percentile_recall, 1st_percentile_recall, recall_above_99, recall_above_95, recall_above_90
1025, 60160, 0.978348, 0.92, 0.88, 5537, 8425, 9725
Experiment finished

--- Gamma: 16 ---

Loading samplings from /home/yc.shea/experiments/shiro-ef/sampling/glove-100-angular-samplings--k100-ef.bin
Samplings loaded from /home/yc.shea/experiments/shiro-ef/sampling/glove-100-angular-samplings--k100-ef.bin
Average Recall: 0.726394
Initial average recall with ef=100: 0.72636
Average Recall: 0.770571
Initial average recall with ef=150: 0.770564
Weighted average ef: 1702.87
Per-bucket recall: conv_p20=33.9721 hard_recall=0.95 easy_recall=0.98
Training convergence-bucket 0 [13.8318, 28.5699) with 300 queries (recall=0.95).
Average Recall: 0.473767
Initial average recall with ef=100: 0.457038
Average Recall: 0.522667
Initial average recall with ef=150: 0.506376
Recall diff is too small for 1 consecutive steps, break.
Recall diff is too small for 1 consecutive steps, break.
Recall diff is too small for 1 consecutive steps, break.
Weighted average ef: 4193.52
Training convergence-bucket 1 [28.5699, 33.9721) with 300 queries (recall=0.95).
Average Recall: 0.4857
Initial average recall with ef=100: 0.470421
Average Recall: 0.545367
Initial average recall with ef=150: 0.530456
Recall diff is too small for 1 consecutive steps, break.
Recall diff is too small for 1 consecutive steps, break.
Recall diff is too small for 1 consecutive steps, break.
Weighted average ef: 3620.78
Training convergence-bucket 2 [33.9721, 38.6824) with 300 queries (recall=0.98).
Average Recall: 0.512933
Initial average recall with ef=100: 0.504739
Average Recall: 0.570066
Initial average recall with ef=150: 0.561568
Recall diff is too small for 1 consecutive steps, break.
Recall diff is too small for 1 consecutive steps, break.
Recall diff is too small for 1 consecutive steps, break.
Weighted average ef: 4232.57
Training convergence-bucket 3 [38.6824, 43.4136) with 300 queries (recall=0.98).
Average Recall: 0.6236
Initial average recall with ef=100: 0.622657
Average Recall: 0.688833
Initial average recall with ef=150: 0.685804
Recall diff is too small for 1 consecutive steps, break.
Recall diff is too small for 1 consecutive steps, break.
Recall diff is too small for 1 consecutive steps, break.
Recall diff is too small for 1 consecutive steps, break.
Weighted average ef: 3125.75
Training convergence-bucket 4 [43.4136, 48.8656) with 300 queries (recall=0.98).
Average Recall: 0.699367
Initial average recall with ef=100: 0.695055
Average Recall: 0.7583
Initial average recall with ef=150: 0.754066
Recall diff is too small for 1 consecutive steps, break.
Recall diff is too small for 1 consecutive steps, break.
Recall diff is too small for 1 consecutive steps, break.
Recall diff is too small for 1 consecutive steps, break.
Weighted average ef: 2554.64
Training convergence-bucket 5 [48.8656, 54.8283) with 300 queries (recall=0.98).
Average Recall: 0.775533
Initial average recall with ef=100: 0.774714
Average Recall: 0.830467
Initial average recall with ef=150: 0.831071
Recall diff is too small for 1 consecutive steps, break.
Recall diff is too small for 1 consecutive steps, break.
Recall diff is too small for 1 consecutive steps, break.
Weighted average ef: 1677.38
Training convergence-bucket 6 [54.8283, 61.6016) with 300 queries (recall=0.98).
Average Recall: 0.873534
Initial average recall with ef=100: 0.868877
Average Recall: 0.911933
Initial average recall with ef=150: 0.908551
Recall diff is too small for 1 consecutive steps, break.
Recall diff is too small for 1 consecutive steps, break.
Recall diff is too small for 1 consecutive steps, break.
Weighted average ef: 750.297
Training convergence-bucket 7 [61.6016, 67.4292) with 300 queries (recall=0.98).
Average Recall: 0.902667
Initial average recall with ef=100: 0.906277
Average Recall: 0.931833
Initial average recall with ef=150: 0.93539
Recall diff is too small for 1 consecutive steps, break.
Recall diff is too small for 1 consecutive steps, break.
Weighted average ef: 727.927
Training convergence-bucket 8 [67.4292, 74.2709) with 300 queries (recall=0.98).
Average Recall: 0.940267
Initial average recall with ef=100: 0.945338
Average Recall: 0.960667
Initial average recall with ef=150: 0.965302
Recall diff is too small for 1 consecutive steps, break.
Recall diff is too small for 1 consecutive steps, break.
Recall diff is too small for 1 consecutive steps, break.
Weighted average ef: 305.177
Training convergence-bucket 9 [74.2709, inf) with 300 queries (recall=0.98).
Average Recall: 0.9766
Initial average recall with ef=100: 0.97993
Average Recall: 0.9856
Initial average recall with ef=150: 0.988676
Weighted average ef: 151.2
Reconstructed True WAE: 1426.68 (Hard Pct: 0.00633333)
  Avg Ef Hard (bucketed): 4807.06 | Avg Ef Easy (bucketed): 1405.13
****Weighted average ef: 1426
Search time: 64931 ms
Search time: 64166 ms
Search time: 63900 ms
Average Recall: 0.978517
5th percentile recall: 0.92
1st percentile recall: 0.88
Median search time: 64166 ms
Search times: 63900 ms, 64166 ms, 64931 ms, 
glove-100-angular experiment results:
statisc_length, time, avg_recall, 5th_percentile_recall, 1st_percentile_recall, recall_above_99, recall_above_95, recall_above_90
1025, 64166, 0.978517, 0.92, 0.88, 5578, 8426, 9725
Experiment finished

--- Gamma: 24 ---

Loading samplings from /home/yc.shea/experiments/shiro-ef/sampling/glove-100-angular-samplings--k100-ef.bin
Samplings loaded from /home/yc.shea/experiments/shiro-ef/sampling/glove-100-angular-samplings--k100-ef.bin
Average Recall: 0.726394
Initial average recall with ef=100: 0.72636
Average Recall: 0.770571
Initial average recall with ef=150: 0.770564
Weighted average ef: 1702.87
Per-bucket recall: conv_p20=40.5459 hard_recall=0.95 easy_recall=0.98
Training convergence-bucket 0 [11.853, 33.8415) with 300 queries (recall=0.95).
Average Recall: 0.4802
Initial average recall with ef=100: 0.461263
Average Recall: 0.530033
Initial average recall with ef=150: 0.511649
Recall diff is too small for 1 consecutive steps, break.
Weighted average ef: 4155.01
Training convergence-bucket 1 [33.8415, 40.5459) with 300 queries (recall=0.95).
Average Recall: 0.478767
Initial average recall with ef=100: 0.463415
Average Recall: 0.536967
Initial average recall with ef=150: 0.521742
Recall diff is too small for 1 consecutive steps, break.
Recall diff is too small for 1 consecutive steps, break.
Weighted average ef: 3751.38
Training convergence-bucket 2 [40.5459, 46.0988) with 300 queries (recall=0.98).
Average Recall: 0.527167
Initial average recall with ef=100: 0.515972
Average Recall: 0.586667
Initial average recall with ef=150: 0.576146
Recall diff is too small for 1 consecutive steps, break.
Weighted average ef: 4136.19
Training convergence-bucket 3 [46.0988, 51.5447) with 300 queries (recall=0.98).
Average Recall: 0.617967
Initial average recall with ef=100: 0.614911
Average Recall: 0.6826
Initial average recall with ef=150: 0.679609
Recall diff is too small for 1 consecutive steps, break.
Recall diff is too small for 1 consecutive steps, break.
Recall diff is too small for 1 consecutive steps, break.
Weighted average ef: 3131.06
Training convergence-bucket 4 [51.5447, 56.9959) with 300 queries (recall=0.98).
Average Recall: 0.707
Initial average recall with ef=100: 0.706051
Average Recall: 0.765133
Initial average recall with ef=150: 0.76471
Recall diff is too small for 1 consecutive steps, break.
Recall diff is too small for 1 consecutive steps, break.
Recall diff is too small for 1 consecutive steps, break.
Recall diff is too small for 1 consecutive steps, break.
Recall diff is too small for 1 consecutive steps, break.
Recall diff is too small for 1 consecutive steps, break.
Recall diff is too small for 1 consecutive steps, break.
Weighted average ef: 2356.36
Training convergence-bucket 5 [56.9959, 62.3663) with 300 queries (recall=0.98).
Average Recall: 0.772667
Initial average recall with ef=100: 0.766348
Average Recall: 0.8264
Initial average recall with ef=150: 0.822021
Recall diff is too small for 1 consecutive steps, break.
Recall diff is too small for 1 consecutive steps, break.
Weighted average ef: 1759.74
Training convergence-bucket 6 [62.3663, 68.1308) with 300 queries (recall=0.98).
Average Recall: 0.8706
Initial average recall with ef=100: 0.866884
Average Recall: 0.907933
Initial average recall with ef=150: 0.90558
Recall diff is too small for 1 consecutive steps, break.
Recall diff is too small for 1 consecutive steps, break.
Recall diff is too small for 1 consecutive steps, break.
Weighted average ef: 892.337
Training convergence-bucket 7 [68.1308, 73.2032) with 300 queries (recall=0.98).
Average Recall: 0.900133
Initial average recall with ef=100: 0.904182
Average Recall: 0.929567
Initial average recall with ef=150: 0.933709
Recall diff is too small for 1 consecutive steps, break.
Recall diff is too small for 1 consecutive steps, break.
Recall diff is too small for 1 consecutive steps, break.
Weighted average ef: 585.64
Training convergence-bucket 8 [73.2032, 78.3953) with 300 queries (recall=0.98).
Average Recall: 0.9366
Initial average recall with ef=100: 0.939129
Average Recall: 0.957001
Initial average recall with ef=150: 0.959652
Recall diff is too small for 1 consecutive steps, break.
Recall diff is too small for 1 consecutive steps, break.
Weighted average ef: 446.363
Training convergence-bucket 9 [78.3953, inf) with 300 queries (recall=0.98).
Average Recall: 0.972867
Initial average recall with ef=100: 0.976643
Average Recall: 0.983434
Initial average recall with ef=150: 0.986853
Recall diff is too small for 1 consecutive steps, break.
Weighted average ef: 158.99
Reconstructed True WAE: 1467.36 (Hard Pct: 0.00633333)
  Avg Ef Hard (bucketed): 4741.18 | Avg Ef Easy (bucketed): 1446.49
****Weighted average ef: 1467
Search time: 63384 ms
Search time: 63628 ms
Search time: 61790 ms
Average Recall: 0.978507
5th percentile recall: 0.92
1st percentile recall: 0.88
Median search time: 63384 ms
Search times: 61790 ms, 63384 ms, 63628 ms, 
glove-100-angular experiment results:
statisc_length, time, avg_recall, 5th_percentile_recall, 1st_percentile_recall, recall_above_99, recall_above_95, recall_above_90
1025, 63384, 0.978507, 0.92, 0.88, 5579, 8424, 9723
Experiment finished

--- Gamma: 32 ---

Loading samplings from /home/yc.shea/experiments/shiro-ef/sampling/glove-100-angular-samplings--k100-ef.bin
Samplings loaded from /home/yc.shea/experiments/shiro-ef/sampling/glove-100-angular-samplings--k100-ef.bin
Average Recall: 0.726394
Initial average recall with ef=100: 0.72636
Average Recall: 0.770571
Initial average recall with ef=150: 0.770564
Weighted average ef: 1702.87
Per-bucket recall: conv_p20=45.2348 hard_recall=0.95 easy_recall=0.98
Training convergence-bucket 0 [9.03484, 37.3545) with 300 queries (recall=0.95).
Average Recall: 0.4835
Initial average recall with ef=100: 0.465845
Average Recall: 0.5344
Initial average recall with ef=150: 0.517148
Recall diff is too small for 1 consecutive steps, break.
Weighted average ef: 4030.15
Training convergence-bucket 1 [37.3545, 45.2348) with 300 queries (recall=0.95).
Average Recall: 0.476267
Initial average recall with ef=100: 0.46469
Average Recall: 0.535766
Initial average recall with ef=150: 0.524379
Recall diff is too small for 1 consecutive steps, break.
Recall diff is too small for 1 consecutive steps, break.
Weighted average ef: 3782.28
Training convergence-bucket 2 [45.2348, 51.8869) with 300 queries (recall=0.98).
Average Recall: 0.537867
Initial average recall with ef=100: 0.526159
Average Recall: 0.5988
Initial average recall with ef=150: 0.587716
Recall diff is too small for 1 consecutive steps, break.
Recall diff is too small for 1 consecutive steps, break.
Recall diff is too small for 1 consecutive steps, break.
Recall diff is too small for 1 consecutive steps, break.
Recall diff is too small for 1 consecutive steps, break.
Weighted average ef: 4132.13
Training convergence-bucket 3 [51.8869, 57.2016) with 300 queries (recall=0.98).
Average Recall: 0.615733
Initial average recall with ef=100: 0.606334
Average Recall: 0.677533
Initial average recall with ef=150: 0.668897
Recall diff is too small for 1 consecutive steps, break.
Recall diff is too small for 1 consecutive steps, break.
Recall diff is too small for 1 consecutive steps, break.
Recall diff is too small for 1 consecutive steps, break.
Recall diff is too small for 1 consecutive steps, break.
Recall diff is too small for 1 consecutive steps, break.
Weighted average ef: 3153.05
Training convergence-bucket 4 [57.2016, 62.4692) with 300 queries (recall=0.98).
Average Recall: 0.712733
Initial average recall with ef=100: 0.704946
Average Recall: 0.769533
Initial average recall with ef=150: 0.763226
Recall diff is too small for 1 consecutive steps, break.
Recall diff is too small for 1 consecutive steps, break.
Recall diff is too small for 1 consecutive steps, break.
Weighted average ef: 2349.87
Training convergence-bucket 5 [62.4692, 67.3081) with 300 queries (recall=0.98).
Average Recall: 0.7727
Initial average recall with ef=100: 0.767289
Average Recall: 0.823633
Initial average recall with ef=150: 0.81993
Recall diff is too small for 1 consecutive steps, break.
Recall diff is too small for 1 consecutive steps, break.
Recall diff is too small for 1 consecutive steps, break.
Weighted average ef: 1787.39
Training convergence-bucket 6 [67.3081, 72.2664) with 300 queries (recall=0.98).
Average Recall: 0.866234
Initial average recall with ef=100: 0.859964
Average Recall: 0.904433
Initial average recall with ef=150: 0.899746
Recall diff is too small for 1 consecutive steps, break.
Recall diff is too small for 1 consecutive steps, break.
Recall diff is too small for 1 consecutive steps, break.
Recall diff is too small for 1 consecutive steps, break.
Recall diff is too small for 1 consecutive steps, break.
Weighted average ef: 912.713
Training convergence-bucket 7 [72.2664, 76.7503) with 300 queries (recall=0.98).
Average Recall: 0.9029
Initial average recall with ef=100: 0.902305
Average Recall: 0.9325
Initial average recall with ef=150: 0.932376
Recall diff is too small for 1 consecutive steps, break.
Recall diff is too small for 1 consecutive steps, break.
Weighted average ef: 614.96
Training convergence-bucket 8 [76.7503, 81.1034) with 300 queries (recall=0.98).
Average Recall: 0.930733
Initial average recall with ef=100: 0.932702
Average Recall: 0.952067
Initial average recall with ef=150: 0.954105
Recall diff is too small for 1 consecutive steps, break.
Recall diff is too small for 1 consecutive steps, break.
Recall diff is too small for 1 consecutive steps, break.
Recall diff is too small for 1 consecutive steps, break.
Weighted average ef: 472.91
Training convergence-bucket 9 [81.1034, inf) with 300 queries (recall=0.98).
Average Recall: 0.9653
Initial average recall with ef=100: 0.971555
Average Recall: 0.977067
Initial average recall with ef=150: 0.982756
Recall diff is too small for 1 consecutive steps, break.
Weighted average ef: 194.363
Reconstructed True WAE: 1536.44 (Hard Pct: 0.00633333)
  Avg Ef Hard (bucketed): 4771.85 | Avg Ef Easy (bucketed): 1515.82
****Weighted average ef: 1536
Search time: 61484 ms
Search time: 61993 ms
Search time: 62633 ms
Average Recall: 0.978261
5th percentile recall: 0.92
1st percentile recall: 0.88
Median search time: 61993 ms
Search times: 61484 ms, 61993 ms, 62633 ms, 
glove-100-angular experiment results:
statisc_length, time, avg_recall, 5th_percentile_recall, 1st_percentile_recall, recall_above_99, recall_above_95, recall_above_90
1025, 61993, 0.978261, 0.92, 0.88, 5594, 8355, 9719
Experiment finished


Dataset: word2vec-300-angular
Metric: cd
Normalize the data vectors
Data vectors dimensions: 1000000 x 300
Query vectors dimensions: 1000 x 300
Neighbors dimensions: 1000 x 100
Using AVX Inner Product distance
Index loaded
Dimension of space:300
Data size of space:1200

--- Gamma: 8 ---

Loading samplings from /home/yc.shea/experiments/shiro-ef/sampling/word2vec-300-angular-samplings--k100-ef.bin
Samplings loaded from /home/yc.shea/experiments/shiro-ef/sampling/word2vec-300-angular-samplings--k100-ef.bin
Average Recall: 0.82003
Initial average recall with ef=100: 0.8201
Average Recall: 0.867479
Initial average recall with ef=150: 0.868171
Weighted average ef: 531.174
Per-bucket recall: conv_p20=30.0557 hard_recall=0.95 easy_recall=0.98
Training convergence-bucket 0 [12.8356, 27.1716) with 300 queries (recall=0.95).
Average Recall: 0.5714
Initial average recall with ef=100: 0.572646
Average Recall: 0.6535
Initial average recall with ef=150: 0.655498
Recall diff is too small for 1 consecutive steps, break.
Recall diff is too small for 1 consecutive steps, break.
Weighted average ef: 937.283
Training convergence-bucket 1 [27.1716, 30.0557) with 300 queries (recall=0.95).
Average Recall: 0.617625
Initial average recall with ef=100: 0.611888
Average Recall: 0.7048
Initial average recall with ef=150: 0.701539
Weighted average ef: 844.547
Training convergence-bucket 2 [30.0557, 34.905) with 300 queries (recall=0.98).
Average Recall: 0.6712
Initial average recall with ef=100: 0.677113
Average Recall: 0.746266
Initial average recall with ef=150: 0.753627
Recall diff is too small for 1 consecutive steps, break.
Weighted average ef: 924.76
Training convergence-bucket 3 [34.905, 41.3322) with 300 queries (recall=0.98).
Average Recall: 0.787433
Initial average recall with ef=100: 0.791139
Average Recall: 0.8432
Initial average recall with ef=150: 0.847509
Recall diff is too small for 1 consecutive steps, break.
Recall diff is too small for 1 consecutive steps, break.
Recall diff is too small for 1 consecutive steps, break.
Recall diff is too small for 1 consecutive steps, break.
Recall diff is too small for 1 consecutive steps, break.
Weighted average ef: 887.07
Training convergence-bucket 4 [41.3322, 46.2251) with 300 queries (recall=0.98).
Average Recall: 0.8488
Initial average recall with ef=100: 0.849926
Average Recall: 0.8987
Initial average recall with ef=150: 0.900482
Recall diff is too small for 1 consecutive steps, break.
Recall diff is too small for 1 consecutive steps, break.
Weighted average ef: 608.87
Training convergence-bucket 5 [46.2251, 50.4732) with 300 queries (recall=0.98).
Average Recall: 0.893233
Initial average recall with ef=100: 0.894667
Average Recall: 0.932267
Initial average recall with ef=150: 0.933593
Recall diff is too small for 1 consecutive steps, break.
Recall diff is too small for 1 consecutive steps, break.
Recall diff is too small for 1 consecutive steps, break.
Weighted average ef: 407.017
Training convergence-bucket 6 [50.4732, 54.4704) with 300 queries (recall=0.98).
Average Recall: 0.9204
Initial average recall with ef=100: 0.921353
Average Recall: 0.953
Initial average recall with ef=150: 0.954399
Recall diff is too small for 1 consecutive steps, break.
Recall diff is too small for 1 consecutive steps, break.
Recall diff is too small for 1 consecutive steps, break.
Weighted average ef: 281.297
Training convergence-bucket 7 [54.4704, 59.0771) with 300 queries (recall=0.98).
Average Recall: 0.9455
Initial average recall with ef=100: 0.946764
Average Recall: 0.971034
Initial average recall with ef=150: 0.972145
Recall diff is too small for 1 consecutive steps, break.
Recall diff is too small for 1 consecutive steps, break.
Weighted average ef: 198.257
Training convergence-bucket 8 [59.0771, 65.1395) with 300 queries (recall=0.98).
Average Recall: 0.964934
Initial average recall with ef=100: 0.965547
Average Recall: 0.9828
Initial average recall with ef=150: 0.983102
Weighted average ef: 157.823
Training convergence-bucket 9 [65.1395, inf) with 300 queries (recall=0.98).
Average Recall: 0.979167
Initial average recall with ef=100: 0.980764
Average Recall: 0.9893
Initial average recall with ef=150: 0.990146
Recall diff is too small for 1 consecutive steps, break.
Weighted average ef: 125.677
Reconstructed True WAE: 269.863 (Hard Pct: 0.024)
  Avg Ef Hard (bucketed): 895.286 | Avg Ef Easy (bucketed): 254.484
****Weighted average ef: 269
Search time: 2217 ms
Search time: 2159 ms
Search time: 2158 ms
Average Recall: 0.97643
5th percentile recall: 0.89
1st percentile recall: 0.82
Median search time: 2159 ms
Search times: 2158 ms, 2159 ms, 2217 ms, 
word2vec-300-angular experiment results:
statisc_length, time, avg_recall, 5th_percentile_recall, 1st_percentile_recall, recall_above_99, recall_above_95, recall_above_90
1025, 2159, 0.97643, 0.89, 0.82, 625, 840, 935
Experiment finished

--- Gamma: 12 ---

Loading samplings from /home/yc.shea/experiments/shiro-ef/sampling/word2vec-300-angular-samplings--k100-ef.bin
Samplings loaded from /home/yc.shea/experiments/shiro-ef/sampling/word2vec-300-angular-samplings--k100-ef.bin
Average Recall: 0.82003
Initial average recall with ef=100: 0.8201
Average Recall: 0.867479
Initial average recall with ef=150: 0.868171
Weighted average ef: 531.174
Per-bucket recall: conv_p20=35.829 hard_recall=0.95 easy_recall=0.98
Training convergence-bucket 0 [13.2328, 32.8614) with 300 queries (recall=0.95).
Average Recall: 0.5826
Initial average recall with ef=100: 0.584421
Average Recall: 0.665567
Initial average recall with ef=150: 0.668737
Recall diff is too small for 1 consecutive steps, break.
Weighted average ef: 867.113
Training convergence-bucket 1 [32.8614, 35.829) with 300 queries (recall=0.95).
Average Recall: 0.611104
Initial average recall with ef=100: 0.609613
Average Recall: 0.696433
Initial average recall with ef=150: 0.697993
Weighted average ef: 897.733
Training convergence-bucket 2 [35.829, 41.4443) with 300 queries (recall=0.98).
Average Recall: 0.667867
Initial average recall with ef=100: 0.67117
Average Recall: 0.744133
Initial average recall with ef=150: 0.74844
Recall diff is too small for 1 consecutive steps, break.
Weighted average ef: 920.75
Training convergence-bucket 3 [41.4443, 48.1595) with 300 queries (recall=0.98).
Average Recall: 0.7878
Initial average recall with ef=100: 0.791191
Average Recall: 0.8445
Initial average recall with ef=150: 0.848123
Recall diff is too small for 1 consecutive steps, break.
Recall diff is too small for 1 consecutive steps, break.
Weighted average ef: 872.46
Training convergence-bucket 4 [48.1595, 53.3028) with 300 queries (recall=0.98).
Average Recall: 0.847233
Initial average recall with ef=100: 0.850191
Average Recall: 0.8968
Initial average recall with ef=150: 0.899962
Recall diff is too small for 1 consecutive steps, break.
Recall diff is too small for 1 consecutive steps, break.
Recall diff is too small for 1 consecutive steps, break.
Recall diff is too small for 1 consecutive steps, break.
Recall diff is too small for 1 consecutive steps, break.
Weighted average ef: 616.953
Training convergence-bucket 5 [53.3028, 57.5761) with 300 queries (recall=0.98).
Average Recall: 0.896667
Initial average recall with ef=100: 0.897436
Average Recall: 0.934367
Initial average recall with ef=150: 0.934872
Recall diff is too small for 1 consecutive steps, break.
Recall diff is too small for 1 consecutive steps, break.
Weighted average ef: 447.61
Training convergence-bucket 6 [57.5761, 61.4872) with 300 queries (recall=0.98).
Average Recall: 0.919334
Initial average recall with ef=100: 0.919925
Average Recall: 0.951134
Initial average recall with ef=150: 0.952285
Recall diff is too small for 1 consecutive steps, break.
Recall diff is too small for 1 consecutive steps, break.
Recall diff is too small for 1 consecutive steps, break.
Weighted average ef: 306.44
Training convergence-bucket 7 [61.4872, 65.7747) with 300 queries (recall=0.98).
Average Recall: 0.944767
Initial average recall with ef=100: 0.946044
Average Recall: 0.970467
Initial average recall with ef=150: 0.971575
Weighted average ef: 199.557
Training convergence-bucket 8 [65.7747, 70.9978) with 300 queries (recall=0.98).
Average Recall: 0.963768
Initial average recall with ef=100: 0.964624
Average Recall: 0.9825
Initial average recall with ef=150: 0.983007
Weighted average ef: 157.873
Training convergence-bucket 9 [70.9978, inf) with 300 queries (recall=0.98).
Average Recall: 0.978533
Initial average recall with ef=100: 0.98103
Average Recall: 0.988967
Initial average recall with ef=150: 0.990404
Recall diff is too small for 1 consecutive steps, break.
Weighted average ef: 126.35
Reconstructed True WAE: 262.183 (Hard Pct: 0.024)
  Avg Ef Hard (bucketed): 909.465 | Avg Ef Easy (bucketed): 246.266
****Weighted average ef: 262
Search time: 2303 ms
Search time: 2223 ms
Search time: 2310 ms
Average Recall: 0.97707
5th percentile recall: 0.89
1st percentile recall: 0.82
Median search time: 2303 ms
Search times: 2223 ms, 2303 ms, 2310 ms, 
word2vec-300-angular experiment results:
statisc_length, time, avg_recall, 5th_percentile_recall, 1st_percentile_recall, recall_above_99, recall_above_95, recall_above_90
1025, 2303, 0.97707, 0.89, 0.82, 636, 843, 939
Experiment finished

--- Gamma: 16 ---

Loading samplings from /home/yc.shea/experiments/shiro-ef/sampling/word2vec-300-angular-samplings--k100-ef.bin
Samplings loaded from /home/yc.shea/experiments/shiro-ef/sampling/word2vec-300-angular-samplings--k100-ef.bin
Average Recall: 0.82003
Initial average recall with ef=100: 0.8201
Average Recall: 0.867479
Initial average recall with ef=150: 0.868171
Weighted average ef: 531.174
Per-bucket recall: conv_p20=40.0553 hard_recall=0.95 easy_recall=0.98
Training convergence-bucket 0 [13.6502, 36.851) with 300 queries (recall=0.95).
Average Recall: 0.588833
Initial average recall with ef=100: 0.588293
Average Recall: 0.671833
Initial average recall with ef=150: 0.672474
Recall diff is too small for 1 consecutive steps, break.
Weighted average ef: 874.633
Training convergence-bucket 1 [36.851, 40.0553) with 300 queries (recall=0.95).
Average Recall: 0.609333
Initial average recall with ef=100: 0.613453
Average Recall: 0.692267
Initial average recall with ef=150: 0.698417
Weighted average ef: 860.953
Training convergence-bucket 2 [40.0553, 45.905) with 300 queries (recall=0.98).
Average Recall: 0.664248
Initial average recall with ef=100: 0.659928
Average Recall: 0.7421
Initial average recall with ef=150: 0.745197
Recall diff is too small for 1 consecutive steps, break.
Weighted average ef: 907.953
Training convergence-bucket 3 [45.905, 52.7299) with 300 queries (recall=0.98).
Average Recall: 0.7862
Initial average recall with ef=100: 0.786928
Average Recall: 0.844767
Initial average recall with ef=150: 0.846036
Recall diff is too small for 1 consecutive steps, break.
Recall diff is too small for 1 consecutive steps, break.
Recall diff is too small for 1 consecutive steps, break.
Weighted average ef: 868.59
Training convergence-bucket 4 [52.7299, 57.8759) with 300 queries (recall=0.98).
Average Recall: 0.8483
Initial average recall with ef=100: 0.850649
Average Recall: 0.8967
Initial average recall with ef=150: 0.899046
Recall diff is too small for 1 consecutive steps, break.
Recall diff is too small for 1 consecutive steps, break.
Recall diff is too small for 1 consecutive steps, break.
Recall diff is too small for 1 consecutive steps, break.
Recall diff is too small for 1 consecutive steps, break.
Recall diff is too small for 1 consecutive steps, break.
Recall diff is too small for 1 consecutive steps, break.
Weighted average ef: 627.05
Training convergence-bucket 5 [57.8759, 62.0518) with 300 queries (recall=0.98).
Average Recall: 0.900067
Initial average recall with ef=100: 0.901424
Average Recall: 0.9368
Initial average recall with ef=150: 0.938029
Recall diff is too small for 1 consecutive steps, break.
Recall diff is too small for 1 consecutive steps, break.
Recall diff is too small for 1 consecutive steps, break.
Weighted average ef: 398.33
Training convergence-bucket 6 [62.0518, 65.7271) with 300 queries (recall=0.98).
Average Recall: 0.918534
Initial average recall with ef=100: 0.919963
Average Recall: 0.9502
Initial average recall with ef=150: 0.952263
Recall diff is too small for 1 consecutive steps, break.
Weighted average ef: 295.677
Training convergence-bucket 7 [65.7271, 69.7432) with 300 queries (recall=0.98).
Average Recall: 0.9447
Initial average recall with ef=100: 0.946222
Average Recall: 0.9705
Initial average recall with ef=150: 0.971556
Recall diff is too small for 1 consecutive steps, break.
Weighted average ef: 195.497
Training convergence-bucket 8 [69.7432, 74.4169) with 300 queries (recall=0.98).
Average Recall: 0.963467
Initial average recall with ef=100: 0.964254
Average Recall: 0.981834
Initial average recall with ef=150: 0.982351
Weighted average ef: 157.46
Training convergence-bucket 9 [74.4169, inf) with 300 queries (recall=0.98).
Average Recall: 0.976167
Initial average recall with ef=100: 0.978655
Average Recall: 0.987867
Initial average recall with ef=150: 0.989382
Recall diff is too small for 1 consecutive steps, break.
Weighted average ef: 135.953
Reconstructed True WAE: 266.504 (Hard Pct: 0.024)
  Avg Ef Hard (bucketed): 904.319 | Avg Ef Easy (bucketed): 250.82
****Weighted average ef: 266
Search time: 2223 ms
Search time: 2221 ms
Search time: 2224 ms
Average Recall: 0.9768
5th percentile recall: 0.89
1st percentile recall: 0.82
Median search time: 2223 ms
Search times: 2221 ms, 2223 ms, 2224 ms, 
word2vec-300-angular experiment results:
statisc_length, time, avg_recall, 5th_percentile_recall, 1st_percentile_recall, recall_above_99, recall_above_95, recall_above_90
1025, 2223, 0.9768, 0.89, 0.82, 637, 839, 933
Experiment finished

--- Gamma: 24 ---

Loading samplings from /home/yc.shea/experiments/shiro-ef/sampling/word2vec-300-angular-samplings--k100-ef.bin
Samplings loaded from /home/yc.shea/experiments/shiro-ef/sampling/word2vec-300-angular-samplings--k100-ef.bin
Average Recall: 0.82003
Initial average recall with ef=100: 0.8201
Average Recall: 0.867479
Initial average recall with ef=150: 0.868171
Weighted average ef: 531.174
Per-bucket recall: conv_p20=45.7876 hard_recall=0.95 easy_recall=0.98
Training convergence-bucket 0 [14.6553, 42.2156) with 300 queries (recall=0.95).
Average Recall: 0.591233
Initial average recall with ef=100: 0.590951
Average Recall: 0.673567
Initial average recall with ef=150: 0.675
Weighted average ef: 872.717
Training convergence-bucket 1 [42.2156, 45.7876) with 300 queries (recall=0.95).
Average Recall: 0.618733
Initial average recall with ef=100: 0.62375
Average Recall: 0.7057
Initial average recall with ef=150: 0.712393
Recall diff is too small for 1 consecutive steps, break.
Weighted average ef: 830.973
Training convergence-bucket 2 [45.7876, 51.8269) with 300 queries (recall=0.98).
Average Recall: 0.655017
Initial average recall with ef=100: 0.661552
Average Recall: 0.729566
Initial average recall with ef=150: 0.7287
Weighted average ef: 920.947
Training convergence-bucket 3 [51.8269, 58.9466) with 300 queries (recall=0.98).
Average Recall: 0.793067
Initial average recall with ef=100: 0.792708
Average Recall: 0.850333
Initial average recall with ef=150: 0.850541
Recall diff is too small for 1 consecutive steps, break.
Recall diff is too small for 1 consecutive steps, break.
Recall diff is too small for 1 consecutive steps, break.
Recall diff is too small for 1 consecutive steps, break.
Recall diff is too small for 1 consecutive steps, break.
Recall diff is too small for 1 consecutive steps, break.
Recall diff is too small for 1 consecutive steps, break.
Weighted average ef: 816.19
Training convergence-bucket 4 [58.9466, 63.7785) with 300 queries (recall=0.98).
Average Recall: 0.8475
Initial average recall with ef=100: 0.84711
Average Recall: 0.895333
Initial average recall with ef=150: 0.895171
Recall diff is too small for 1 consecutive steps, break.
Recall diff is too small for 1 consecutive steps, break.
Recall diff is too small for 1 consecutive steps, break.
Recall diff is too small for 1 consecutive steps, break.
Recall diff is too small for 1 consecutive steps, break.
Recall diff is too small for 1 consecutive steps, break.
Weighted average ef: 627.933
Training convergence-bucket 5 [63.7785, 67.6584) with 300 queries (recall=0.98).
Average Recall: 0.898733
Initial average recall with ef=100: 0.898333
Average Recall: 0.9362
Initial average recall with ef=150: 0.936326
Recall diff is too small for 1 consecutive steps, break.
Recall diff is too small for 1 consecutive steps, break.
Weighted average ef: 374.787
Training convergence-bucket 6 [67.6584, 71.1411) with 300 queries (recall=0.98).
Average Recall: 0.917567
Initial average recall with ef=100: 0.915233
Average Recall: 0.948834
Initial average recall with ef=150: 0.947527
Recall diff is too small for 1 consecutive steps, break.
Recall diff is too small for 1 consecutive steps, break.
Weighted average ef: 348.183
Training convergence-bucket 7 [71.1411, 74.4839) with 300 queries (recall=0.98).
Average Recall: 0.9413
Initial average recall with ef=100: 0.944962
Average Recall: 0.9682
Initial average recall with ef=150: 0.970827
Weighted average ef: 208.633
Training convergence-bucket 8 [74.4839, 78.2623) with 300 queries (recall=0.98).
Average Recall: 0.9624
Initial average recall with ef=100: 0.963271
Average Recall: 0.980467
Initial average recall with ef=150: 0.981241
Weighted average ef: 158.47
Training convergence-bucket 9 [78.2623, inf) with 300 queries (recall=0.98).
Average Recall: 0.974267
Initial average recall with ef=100: 0.977015
Average Recall: 0.986667
Initial average recall with ef=150: 0.988453
Weighted average ef: 149.913
Reconstructed True WAE: 285.662 (Hard Pct: 0.024)
  Avg Ef Hard (bucketed): 889.956 | Avg Ef Easy (bucketed): 270.802
****Weighted average ef: 285
Search time: 2280 ms
Search time: 2278 ms
Search time: 2313 ms
Average Recall: 0.97758
5th percentile recall: 0.89
1st percentile recall: 0.81
Median search time: 2280 ms
Search times: 2278 ms, 2280 ms, 2313 ms, 
word2vec-300-angular experiment results:
statisc_length, time, avg_recall, 5th_percentile_recall, 1st_percentile_recall, recall_above_99, recall_above_95, recall_above_90
1025, 2280, 0.97758, 0.89, 0.81, 652, 847, 938
Experiment finished

--- Gamma: 32 ---

Loading samplings from /home/yc.shea/experiments/shiro-ef/sampling/word2vec-300-angular-samplings--k100-ef.bin
Samplings loaded from /home/yc.shea/experiments/shiro-ef/sampling/word2vec-300-angular-samplings--k100-ef.bin
Average Recall: 0.82003
Initial average recall with ef=100: 0.8201
Average Recall: 0.867479
Initial average recall with ef=150: 0.868171
Weighted average ef: 531.174
Per-bucket recall: conv_p20=49.8368 hard_recall=0.95 easy_recall=0.98
Training convergence-bucket 0 [15.6146, 45.2785) with 300 queries (recall=0.95).
Average Recall: 0.588667
Initial average recall with ef=100: 0.58993
Average Recall: 0.671033
Initial average recall with ef=150: 0.673868
Weighted average ef: 898.167
Training convergence-bucket 1 [45.2785, 49.8368) with 300 queries (recall=0.95).
Average Recall: 0.6289
Initial average recall with ef=100: 0.634429
Average Recall: 0.716167
Initial average recall with ef=150: 0.721714
Recall diff is too small for 1 consecutive steps, break.
Recall diff is too small for 1 consecutive steps, break.
Weighted average ef: 794.953
Training convergence-bucket 2 [49.8368, 55.765) with 300 queries (recall=0.98).
Average Recall: 0.650903
Initial average recall with ef=100: 0.649259
Average Recall: 0.724633
Initial average recall with ef=150: 0.722296
Recall diff is too small for 1 consecutive steps, break.
Recall diff is too small for 1 consecutive steps, break.
Weighted average ef: 896.01
Training convergence-bucket 3 [55.765, 62.5682) with 300 queries (recall=0.98).
Average Recall: 0.793167
Initial average recall with ef=100: 0.790406
Average Recall: 0.851067
Initial average recall with ef=150: 0.848893
Recall diff is too small for 1 consecutive steps, break.
Recall diff is too small for 1 consecutive steps, break.
Weighted average ef: 794.113
Training convergence-bucket 4 [62.5682, 67.4408) with 300 queries (recall=0.98).
Average Recall: 0.848633
Initial average recall with ef=100: 0.848206
Average Recall: 0.8956
Initial average recall with ef=150: 0.895649
Recall diff is too small for 1 consecutive steps, break.
Recall diff is too small for 1 consecutive steps, break.
Recall diff is too small for 1 consecutive steps, break.
Recall diff is too small for 1 consecutive steps, break.
Weighted average ef: 637.037
Training convergence-bucket 5 [67.4408, 71.3028) with 300 queries (recall=0.98).
Average Recall: 0.8983
Initial average recall with ef=100: 0.897778
Average Recall: 0.935067
Initial average recall with ef=150: 0.935296
Recall diff is too small for 1 consecutive steps, break.
Weighted average ef: 381.217
Training convergence-bucket 6 [71.3028, 74.3377) with 300 queries (recall=0.98).
Average Recall: 0.918034
Initial average recall with ef=100: 0.916726
Average Recall: 0.9492
Initial average recall with ef=150: 0.948683
Recall diff is too small for 1 consecutive steps, break.
Weighted average ef: 340.457
Training convergence-bucket 7 [74.3377, 77.272) with 300 queries (recall=0.98).
Average Recall: 0.940934
Initial average recall with ef=100: 0.943333
Average Recall: 0.967667
Initial average recall with ef=150: 0.969508
Weighted average ef: 224.103
Training convergence-bucket 8 [77.272, 80.2755) with 300 queries (recall=0.98).
Average Recall: 0.959033
Initial average recall with ef=100: 0.958629
Average Recall: 0.978467
Initial average recall with ef=150: 0.97837
Recall diff is too small for 1 consecutive steps, break.
Recall diff is too small for 1 consecutive steps, break.
Weighted average ef: 170.393
Training convergence-bucket 9 [80.2755, inf) with 300 queries (recall=0.98).
Average Recall: 0.973234
Initial average recall with ef=100: 0.975863
Average Recall: 0.985967
Initial average recall with ef=150: 0.98795
Weighted average ef: 151.58
Reconstructed True WAE: 286.78 (Hard Pct: 0.024)
  Avg Ef Hard (bucketed): 877.411 | Avg Ef Easy (bucketed): 272.257
****Weighted average ef: 286
Search time: 2358 ms
Search time: 2302 ms
Search time: 2372 ms
Average Recall: 0.97792
5th percentile recall: 0.9
1st percentile recall: 0.81
Median search time: 2358 ms
Search times: 2302 ms, 2358 ms, 2372 ms, 
word2vec-300-angular experiment results:
statisc_length, time, avg_recall, 5th_percentile_recall, 1st_percentile_recall, recall_above_99, recall_above_95, recall_above_90
1025, 2358, 0.97792, 0.9, 0.81, 652, 847, 941
Experiment finished


Dataset: sift10m-128-euclidean
Metric: l2
Data vectors dimensions: 10000000 x 128
Query vectors dimensions: 1000 x 128
Neighbors dimensions: 1000 x 100
Index loaded
Dimension of space:128
Data size of space:512

--- Gamma: 8 ---

Loading samplings from /home/yc.shea/experiments/shiro-ef/sampling/sift10m-128-euclidean-samplings--k100-ef.bin
Samplings loaded from /home/yc.shea/experiments/shiro-ef/sampling/sift10m-128-euclidean-samplings--k100-ef.bin
Average Recall: 0.856011
Initial average recall with ef=100: 0.856315
Average Recall: 0.902513
Initial average recall with ef=150: 0.902814
Weighted average ef: 299.369
Per-bucket recall: conv_p20=30.8254 hard_recall=0.95 easy_recall=0.98
Training convergence-bucket 0 [19.929, 28.3022) with 300 queries (recall=0.95).
Average Recall: 0.646833
Initial average recall with ef=100: 0.645759
Average Recall: 0.727467
Initial average recall with ef=150: 0.727207
Weighted average ef: 769.647
Training convergence-bucket 1 [28.3022, 30.8254) with 300 queries (recall=0.95).
Average Recall: 0.6958
Initial average recall with ef=100: 0.694286
Average Recall: 0.773
Initial average recall with ef=150: 0.771847
Weighted average ef: 583.2
Training convergence-bucket 2 [30.8254, 35.4461) with 300 queries (recall=0.98).
Average Recall: 0.771233
Initial average recall with ef=100: 0.77113
Average Recall: 0.842633
Initial average recall with ef=150: 0.842534
Recall diff is too small for 1 consecutive steps, break.
Recall diff is too small for 1 consecutive steps, break.
Weighted average ef: 678.087
Training convergence-bucket 3 [35.4461, 39.5622) with 300 queries (recall=0.98).
Average Recall: 0.8231
Initial average recall with ef=100: 0.8225
Average Recall: 0.884633
Initial average recall with ef=150: 0.88411
Weighted average ef: 471.837
Training convergence-bucket 4 [39.5622, 43.6481) with 300 queries (recall=0.98).
Average Recall: 0.870133
Initial average recall with ef=100: 0.869315
Average Recall: 0.918833
Initial average recall with ef=150: 0.918459
Recall diff is too small for 1 consecutive steps, break.
Weighted average ef: 360.483
Training convergence-bucket 5 [43.6481, 47.6162) with 300 queries (recall=0.98).
Average Recall: 0.902467
Initial average recall with ef=100: 0.903785
Average Recall: 0.945666
Initial average recall with ef=150: 0.947083
Recall diff is too small for 1 consecutive steps, break.
Weighted average ef: 274.74
Training convergence-bucket 6 [47.6162, 52.1424) with 300 queries (recall=0.98).
Average Recall: 0.931067
Initial average recall with ef=100: 0.931655
Average Recall: 0.965434
Initial average recall with ef=150: 0.965946
Weighted average ef: 221.39
Training convergence-bucket 7 [52.1424, 57.7574) with 300 queries (recall=0.98).
Average Recall: 0.954434
Initial average recall with ef=100: 0.955288
Average Recall: 0.980634
Initial average recall with ef=150: 0.981356
Weighted average ef: 163.833
Training convergence-bucket 8 [57.7574, 65.1955) with 300 queries (recall=0.98).
Average Recall: 0.9743
Initial average recall with ef=100: 0.974932
Average Recall: 0.9898
Initial average recall with ef=150: 0.990338
Weighted average ef: 131.5
Training convergence-bucket 9 [65.1955, inf) with 300 queries (recall=0.98).
Average Recall: 0.9908
Initial average recall with ef=100: 0.990848
Average Recall: 0.9971
Initial average recall with ef=150: 0.997153
Weighted average ef: 102.833
Reconstructed True WAE: 197.325 (Hard Pct: 0.02)
  Avg Ef Hard (bucketed): 662.475 | Avg Ef Easy (bucketed): 187.833
****Weighted average ef: 197
Search time: 1580 ms
Search time: 1477 ms
Search time: 1467 ms
Average Recall: 0.98309
5th percentile recall: 0.95
1st percentile recall: 0.92
Median search time: 1477 ms
Search times: 1467 ms, 1477 ms, 1580 ms, 
sift10m-128-euclidean experiment results:
statisc_length, time, avg_recall, 5th_percentile_recall, 1st_percentile_recall, recall_above_99, recall_above_95, recall_above_90
1025, 1477, 0.98309, 0.95, 0.92, 573, 931, 998
Experiment finished

--- Gamma: 12 ---

Loading samplings from /home/yc.shea/experiments/shiro-ef/sampling/sift10m-128-euclidean-samplings--k100-ef.bin
Samplings loaded from /home/yc.shea/experiments/shiro-ef/sampling/sift10m-128-euclidean-samplings--k100-ef.bin
Average Recall: 0.856011
Initial average recall with ef=100: 0.856315
Average Recall: 0.902513
Initial average recall with ef=150: 0.902814
Weighted average ef: 299.369
Per-bucket recall: conv_p20=38.2168 hard_recall=0.95 easy_recall=0.98
Training convergence-bucket 0 [23.9088, 35.4759) with 300 queries (recall=0.95).
Average Recall: 0.652033
Initial average recall with ef=100: 0.650627
Average Recall: 0.7322
Initial average recall with ef=150: 0.731777
Weighted average ef: 745.523
Training convergence-bucket 1 [35.4759, 38.2168) with 300 queries (recall=0.95).
Average Recall: 0.691233
Initial average recall with ef=100: 0.69041
Average Recall: 0.769467
Initial average recall with ef=150: 0.76901
Weighted average ef: 609.037
Training convergence-bucket 2 [38.2168, 43.5299) with 300 queries (recall=0.98).
Average Recall: 0.7744
Initial average recall with ef=100: 0.773924
Average Recall: 0.845067
Initial average recall with ef=150: 0.844931
Recall diff is too small for 1 consecutive steps, break.
Recall diff is too small for 1 consecutive steps, break.
Recall diff is too small for 1 consecutive steps, break.
Weighted average ef: 658.58
Training convergence-bucket 3 [43.5299, 47.6479) with 300 queries (recall=0.98).
Average Recall: 0.824333
Initial average recall with ef=100: 0.823897
Average Recall: 0.884233
Initial average recall with ef=150: 0.883483
Weighted average ef: 467.567
Training convergence-bucket 4 [47.6479, 51.8894) with 300 queries (recall=0.98).
Average Recall: 0.868366
Initial average recall with ef=100: 0.867603
Average Recall: 0.9186
Initial average recall with ef=150: 0.918048
Recall diff is too small for 1 consecutive steps, break.
Weighted average ef: 364.413
Training convergence-bucket 5 [51.8894, 55.5951) with 300 queries (recall=0.98).
Average Recall: 0.901434
Initial average recall with ef=100: 0.901626
Average Recall: 0.944767
Initial average recall with ef=150: 0.945087
Recall diff is too small for 1 consecutive steps, break.
Weighted average ef: 284.307
Training convergence-bucket 6 [55.5951, 59.824) with 300 queries (recall=0.98).
Average Recall: 0.9295
Initial average recall with ef=100: 0.930753
Average Recall: 0.963701
Initial average recall with ef=150: 0.964829
Recall diff is too small for 1 consecutive steps, break.
Weighted average ef: 215.67
Training convergence-bucket 7 [59.824, 64.891) with 300 queries (recall=0.98).
Average Recall: 0.9549
Initial average recall with ef=100: 0.955822
Average Recall: 0.980867
Initial average recall with ef=150: 0.981575
Weighted average ef: 164.833
Training convergence-bucket 8 [64.891, 71.4018) with 300 queries (recall=0.98).
Average Recall: 0.9735
Initial average recall with ef=100: 0.973993
Average Recall: 0.989234
Initial average recall with ef=150: 0.989631
Weighted average ef: 129.667
Training convergence-bucket 9 [71.4018, inf) with 300 queries (recall=0.98).
Average Recall: 0.990467
Initial average recall with ef=100: 0.990712
Average Recall: 0.997067
Initial average recall with ef=150: 0.997254
Weighted average ef: 102.333
Reconstructed True WAE: 194.721 (Hard Pct: 0.02)
  Avg Ef Hard (bucketed): 679.503 | Avg Ef Easy (bucketed): 184.828
****Weighted average ef: 194
Search time: 1603 ms
Search time: 1579 ms
Search time: 1628 ms
Average Recall: 0.9839
5th percentile recall: 0.95
1st percentile recall: 0.92
Median search time: 1603 ms
Search times: 1579 ms, 1603 ms, 1628 ms, 
sift10m-128-euclidean experiment results:
statisc_length, time, avg_recall, 5th_percentile_recall, 1st_percentile_recall, recall_above_99, recall_above_95, recall_above_90
1025, 1603, 0.9839, 0.95, 0.92, 605, 931, 996
Experiment finished

--- Gamma: 16 ---

Loading samplings from /home/yc.shea/experiments/shiro-ef/sampling/sift10m-128-euclidean-samplings--k100-ef.bin
Samplings loaded from /home/yc.shea/experiments/shiro-ef/sampling/sift10m-128-euclidean-samplings--k100-ef.bin
Average Recall: 0.856011
Initial average recall with ef=100: 0.856315
Average Recall: 0.902513
Initial average recall with ef=150: 0.902814
Weighted average ef: 299.369
Per-bucket recall: conv_p20=43.9052 hard_recall=0.95 easy_recall=0.98
Training convergence-bucket 0 [25.6326, 40.8522) with 300 queries (recall=0.95).
Average Recall: 0.6557
Initial average recall with ef=100: 0.655017
Average Recall: 0.7357
Initial average recall with ef=150: 0.735813
Weighted average ef: 738.057
Training convergence-bucket 1 [40.8522, 43.9052) with 300 queries (recall=0.95).
Average Recall: 0.6922
Initial average recall with ef=100: 0.691365
Average Recall: 0.7701
Initial average recall with ef=150: 0.769625
Weighted average ef: 622.07
Training convergence-bucket 2 [43.9052, 49.5591) with 300 queries (recall=0.98).
Average Recall: 0.772167
Initial average recall with ef=100: 0.771632
Average Recall: 0.8429
Initial average recall with ef=150: 0.842396
Recall diff is too small for 1 consecutive steps, break.
Weighted average ef: 667.26
Training convergence-bucket 3 [49.5591, 53.5044) with 300 queries (recall=0.98).
Average Recall: 0.8279
Initial average recall with ef=100: 0.827109
Average Recall: 0.886266
Initial average recall with ef=150: 0.885646
Recall diff is too small for 1 consecutive steps, break.
Weighted average ef: 476.44
Training convergence-bucket 4 [53.5044, 57.6866) with 300 queries (recall=0.98).
Average Recall: 0.8677
Initial average recall with ef=100: 0.865517
Average Recall: 0.919066
Initial average recall with ef=150: 0.917414
Recall diff is too small for 1 consecutive steps, break.
Weighted average ef: 357.447
Training convergence-bucket 5 [57.6866, 60.9502) with 300 queries (recall=0.98).
Average Recall: 0.899567
Initial average recall with ef=100: 0.900206
Average Recall: 0.9427
Initial average recall with ef=150: 0.94339
Weighted average ef: 300.147
Training convergence-bucket 6 [60.9502, 64.8344) with 300 queries (recall=0.98).
Average Recall: 0.926633
Initial average recall with ef=100: 0.927578
Average Recall: 0.961734
Initial average recall with ef=150: 0.962664
Recall diff is too small for 1 consecutive steps, break.
Weighted average ef: 219.8
Training convergence-bucket 7 [64.8344, 69.4434) with 300 queries (recall=0.98).
Average Recall: 0.955167
Initial average recall with ef=100: 0.956531
Average Recall: 0.980734
Initial average recall with ef=150: 0.981599
Weighted average ef: 167.25
Training convergence-bucket 8 [69.4434, 74.9222) with 300 queries (recall=0.98).
Average Recall: 0.972767
Initial average recall with ef=100: 0.973547
Average Recall: 0.989067
Initial average recall with ef=150: 0.989527
Weighted average ef: 133.167
Training convergence-bucket 9 [74.9222, inf) with 300 queries (recall=0.98).
Average Recall: 0.990367
Initial average recall with ef=100: 0.990791
Average Recall: 0.996934
Initial average recall with ef=150: 0.997217
Weighted average ef: 101.333
Reconstructed True WAE: 189.968 (Hard Pct: 0.02)
  Avg Ef Hard (bucketed): 684.97 | Avg Ef Easy (bucketed): 179.866
****Weighted average ef: 189
Search time: 1644 ms
Search time: 1601 ms
Search time: 1623 ms
Average Recall: 0.98493
5th percentile recall: 0.95
1st percentile recall: 0.92
Median search time: 1623 ms
Search times: 1601 ms, 1623 ms, 1644 ms, 
sift10m-128-euclidean experiment results:
statisc_length, time, avg_recall, 5th_percentile_recall, 1st_percentile_recall, recall_above_99, recall_above_95, recall_above_90
1025, 1623, 0.98493, 0.95, 0.92, 626, 937, 997
Experiment finished

--- Gamma: 24 ---

Loading samplings from /home/yc.shea/experiments/shiro-ef/sampling/sift10m-128-euclidean-samplings--k100-ef.bin
Samplings loaded from /home/yc.shea/experiments/shiro-ef/sampling/sift10m-128-euclidean-samplings--k100-ef.bin
Average Recall: 0.856011
Initial average recall with ef=100: 0.856315
Average Recall: 0.902513
Initial average recall with ef=150: 0.902814
Weighted average ef: 299.369
Per-bucket recall: conv_p20=52.7438 hard_recall=0.95 easy_recall=0.98
Training convergence-bucket 0 [26.6961, 48.9838) with 300 queries (recall=0.95).
Average Recall: 0.657867
Initial average recall with ef=100: 0.655366
Average Recall: 0.738333
Initial average recall with ef=150: 0.736969
Weighted average ef: 722.86
Training convergence-bucket 1 [48.9838, 52.7438) with 300 queries (recall=0.95).
Average Recall: 0.696933
Initial average recall with ef=100: 0.695382
Average Recall: 0.7739
Initial average recall with ef=150: 0.772743
Weighted average ef: 617.387
Training convergence-bucket 2 [52.7438, 57.9255) with 300 queries (recall=0.98).
Average Recall: 0.7707
Initial average recall with ef=100: 0.766609
Average Recall: 0.840667
Initial average recall with ef=150: 0.837267
Weighted average ef: 696.257
Training convergence-bucket 3 [57.9255, 61.8252) with 300 queries (recall=0.98).
Average Recall: 0.831734
Initial average recall with ef=100: 0.830206
Average Recall: 0.889367
Initial average recall with ef=150: 0.888282
Recall diff is too small for 1 consecutive steps, break.
Weighted average ef: 472.79
Training convergence-bucket 4 [61.8252, 65.2546) with 300 queries (recall=0.98).
Average Recall: 0.864767
Initial average recall with ef=100: 0.864093
Average Recall: 0.9168
Initial average recall with ef=150: 0.916655
Weighted average ef: 353.28
Training convergence-bucket 5 [65.2546, 68.146) with 300 queries (recall=0.98).
Average Recall: 0.901633
Initial average recall with ef=100: 0.901849
Average Recall: 0.9445
Initial average recall with ef=150: 0.944931
Weighted average ef: 285.49
Training convergence-bucket 6 [68.146, 71.3368) with 300 queries (recall=0.98).
Average Recall: 0.922834
Initial average recall with ef=100: 0.924198
Average Recall: 0.957467
Initial average recall with ef=150: 0.958498
Weighted average ef: 237.76
Training convergence-bucket 7 [71.3368, 74.8507) with 300 queries (recall=0.98).
Average Recall: 0.9539
Initial average recall with ef=100: 0.954512
Average Recall: 0.979867
Initial average recall with ef=150: 0.98037
Weighted average ef: 175.833
Training convergence-bucket 8 [74.8507, 79.3033) with 300 queries (recall=0.98).
Average Recall: 0.970367
Initial average recall with ef=100: 0.971085
Average Recall: 0.987667
Initial average recall with ef=150: 0.987864
Weighted average ef: 133.937
Training convergence-bucket 9 [79.3033, inf) with 300 queries (recall=0.98).
Average Recall: 0.989434
Initial average recall with ef=100: 0.990173
Average Recall: 0.996634
Initial average recall with ef=150: 0.996955
Weighted average ef: 102
Reconstructed True WAE: 223.263 (Hard Pct: 0.02)
  Avg Ef Hard (bucketed): 697.467 | Avg Ef Easy (bucketed): 213.586
****Weighted average ef: 223
Search time: 1666 ms
Search time: 1619 ms
Search time: 1644 ms
Average Recall: 0.98538
5th percentile recall: 0.95
1st percentile recall: 0.92
Median search time: 1644 ms
Search times: 1619 ms, 1644 ms, 1666 ms, 
sift10m-128-euclidean experiment results:
statisc_length, time, avg_recall, 5th_percentile_recall, 1st_percentile_recall, recall_above_99, recall_above_95, recall_above_90
1025, 1644, 0.98538, 0.95, 0.92, 639, 941, 997
Experiment finished

--- Gamma: 32 ---

Loading samplings from /home/yc.shea/experiments/shiro-ef/sampling/sift10m-128-euclidean-samplings--k100-ef.bin
Samplings loaded from /home/yc.shea/experiments/shiro-ef/sampling/sift10m-128-euclidean-samplings--k100-ef.bin
Average Recall: 0.856011
Initial average recall with ef=100: 0.856315
Average Recall: 0.902513
Initial average recall with ef=150: 0.902814
Weighted average ef: 299.369
Per-bucket recall: conv_p20=59.0811 hard_recall=0.95 easy_recall=0.98
Training convergence-bucket 0 [24.3763, 54.7466) with 300 queries (recall=0.95).
Average Recall: 0.663167
Initial average recall with ef=100: 0.661215
Average Recall: 0.743367
Initial average recall with ef=150: 0.742465
Weighted average ef: 714.15
Training convergence-bucket 1 [54.7466, 59.0811) with 300 queries (recall=0.95).
Average Recall: 0.698833
Initial average recall with ef=100: 0.695315
Average Recall: 0.776233
Initial average recall with ef=150: 0.773392
Weighted average ef: 608.447
Training convergence-bucket 2 [59.0811, 63.946) with 300 queries (recall=0.98).
Average Recall: 0.766433
Initial average recall with ef=100: 0.761285
Average Recall: 0.8363
Initial average recall with ef=150: 0.83184
Weighted average ef: 725.75
Training convergence-bucket 3 [63.946, 67.3757) with 300 queries (recall=0.98).
Average Recall: 0.839133
Initial average recall with ef=100: 0.836552
Average Recall: 0.8948
Initial average recall with ef=150: 0.893138
Weighted average ef: 461.693
Training convergence-bucket 4 [67.3757, 70.3369) with 300 queries (recall=0.98).
Average Recall: 0.867667
Initial average recall with ef=100: 0.867979
Average Recall: 0.918633
Initial average recall with ef=150: 0.919043
Weighted average ef: 345.033
Training convergence-bucket 5 [70.3369, 72.9098) with 300 queries (recall=0.98).
Average Recall: 0.896833
Initial average recall with ef=100: 0.897099
Average Recall: 0.940167
Initial average recall with ef=150: 0.940444
Weighted average ef: 293.58
Training convergence-bucket 6 [72.9098, 75.4205) with 300 queries (recall=0.98).
Average Recall: 0.9199
Initial average recall with ef=100: 0.920959
Average Recall: 0.9557
Initial average recall with ef=150: 0.956507
Weighted average ef: 248.257
Training convergence-bucket 7 [75.4205, 78.3366) with 300 queries (recall=0.98).
Average Recall: 0.950933
Initial average recall with ef=100: 0.951208
Average Recall: 0.977134
Initial average recall with ef=150: 0.977416
Weighted average ef: 177.023
Training convergence-bucket 8 [78.3366, 81.7623) with 300 queries (recall=0.98).
Average Recall: 0.970167
Initial average recall with ef=100: 0.970986
Average Recall: 0.9875
Initial average recall with ef=150: 0.987789
Weighted average ef: 137.197
Training convergence-bucket 9 [81.7623, inf) with 300 queries (recall=0.98).
Average Recall: 0.9871
Initial average recall with ef=100: 0.988147
Average Recall: 0.995367
Initial average recall with ef=150: 0.996014
Weighted average ef: 104.5
Reconstructed True WAE: 232.308 (Hard Pct: 0.02)
  Avg Ef Hard (bucketed): 689.26 | Avg Ef Easy (bucketed): 222.982
****Weighted average ef: 232
Search time: 1709 ms
Search time: 1661 ms
Search time: 1696 ms
Average Recall: 0.98636
5th percentile recall: 0.95
1st percentile recall: 0.93
Median search time: 1696 ms
Search times: 1661 ms, 1696 ms, 1709 ms, 
sift10m-128-euclidean experiment results:
statisc_length, time, avg_recall, 5th_percentile_recall, 1st_percentile_recall, recall_above_99, recall_above_95, recall_above_90
1025, 1696, 0.98636, 0.95, 0.93, 653, 949, 997
Experiment finished


Dataset: gist-960-euclidean
Metric: l2
Data vectors dimensions: 1000000 x 960
Query vectors dimensions: 1000 x 960
Neighbors dimensions: 1000 x 100
Index loaded
Dimension of space:960
Data size of space:3840

--- Gamma: 8 ---

Loading samplings from /home/yc.shea/experiments/shiro-ef/sampling/gist-960-euclidean-samplings--k100-ef.bin
Samplings loaded from /home/yc.shea/experiments/shiro-ef/sampling/gist-960-euclidean-samplings--k100-ef.bin
Average Recall: 0.726243
Initial average recall with ef=100: 0.725997
Average Recall: 0.799901
Initial average recall with ef=150: 0.799863
Recall diff is too small for 1 consecutive steps, break.
Weighted average ef: 642.249
Per-bucket recall: conv_p20=25.9784 hard_recall=0.95 easy_recall=0.98
Training convergence-bucket 0 [18.032, 23.5355) with 300 queries (recall=0.95).
Average Recall: 0.496466
Initial average recall with ef=100: 0.493217
Average Recall: 0.591267
Initial average recall with ef=150: 0.588741
Recall diff is too small for 1 consecutive steps, break.
Weighted average ef: 1430.06
Training convergence-bucket 1 [23.5355, 25.9784) with 300 queries (recall=0.95).
Average Recall: 0.562533
Initial average recall with ef=100: 0.559591
Average Recall: 0.656
Initial average recall with ef=150: 0.652901
Weighted average ef: 1201.07
Training convergence-bucket 2 [25.9784, 28.3964) with 300 queries (recall=0.98).
Average Recall: 0.630233
Initial average recall with ef=100: 0.63488
Average Recall: 0.7193
Initial average recall with ef=150: 0.723368
Recall diff is too small for 1 consecutive steps, break.
Recall diff is too small for 1 consecutive steps, break.
Recall diff is too small for 1 consecutive steps, break.
Weighted average ef: 1394.72
Training convergence-bucket 3 [28.3964, 30.7666) with 300 queries (recall=0.98).
Average Recall: 0.661267
Initial average recall with ef=100: 0.663459
Average Recall: 0.751867
Initial average recall with ef=150: 0.754555
Recall diff is too small for 1 consecutive steps, break.
Recall diff is too small for 1 consecutive steps, break.
Recall diff is too small for 1 consecutive steps, break.
Recall diff is too small for 1 consecutive steps, break.
Weighted average ef: 1211.23
Training convergence-bucket 4 [30.7666, 33.4899) with 300 queries (recall=0.98).
Average Recall: 0.6979
Initial average recall with ef=100: 0.701011
Average Recall: 0.786933
Initial average recall with ef=150: 0.789442
Recall diff is too small for 1 consecutive steps, break.
Recall diff is too small for 1 consecutive steps, break.
Recall diff is too small for 1 consecutive steps, break.
Recall diff is too small for 1 consecutive steps, break.
Weighted average ef: 1027.61
Training convergence-bucket 5 [33.4899, 36.4444) with 300 queries (recall=0.98).
Average Recall: 0.750033
Initial average recall with ef=100: 0.753741
Average Recall: 0.827767
Initial average recall with ef=150: 0.831783
Recall diff is too small for 1 consecutive steps, break.
Recall diff is too small for 1 consecutive steps, break.
Recall diff is too small for 1 consecutive steps, break.
Recall diff is too small for 1 consecutive steps, break.
Weighted average ef: 835.1
Training convergence-bucket 6 [36.4444, 40.276) with 300 queries (recall=0.98).
Average Recall: 0.788967
Initial average recall with ef=100: 0.789483
Average Recall: 0.8611
Initial average recall with ef=150: 0.861827
Recall diff is too small for 1 consecutive steps, break.
Recall diff is too small for 1 consecutive steps, break.
Recall diff is too small for 1 consecutive steps, break.
Recall diff is too small for 1 consecutive steps, break.
Weighted average ef: 659.78
Training convergence-bucket 7 [40.276, 45.8356) with 300 queries (recall=0.98).
Average Recall: 0.824967
Initial average recall with ef=100: 0.830949
Average Recall: 0.888733
Initial average recall with ef=150: 0.894744
Recall diff is too small for 1 consecutive steps, break.
Recall diff is too small for 1 consecutive steps, break.
Weighted average ef: 503.01
Training convergence-bucket 8 [45.8356, 55.3242) with 300 queries (recall=0.98).
Average Recall: 0.8926
Initial average recall with ef=100: 0.896078
Average Recall: 0.9372
Initial average recall with ef=150: 0.939435
Recall diff is too small for 1 consecutive steps, break.
Recall diff is too small for 1 consecutive steps, break.
Recall diff is too small for 1 consecutive steps, break.
Weighted average ef: 317.607
Training convergence-bucket 9 [55.3242, inf) with 300 queries (recall=0.98).
Average Recall: 0.957467
Initial average recall with ef=100: 0.96275
Average Recall: 0.978867
Initial average recall with ef=150: 0.982464
Weighted average ef: 149.047
Reconstructed True WAE: 480.735 (Hard Pct: 0.0111)
  Avg Ef Hard (bucketed): 1582.36 | Avg Ef Easy (bucketed): 468.369
****Weighted average ef: 480
Search time: 9420 ms
Search time: 8959 ms
Search time: 9166 ms
Average Recall: 0.98083
5th percentile recall: 0.94
1st percentile recall: 0.91
Median search time: 9166 ms
Search times: 8959 ms, 9166 ms, 9420 ms, 
gist-960-euclidean experiment results:
statisc_length, time, avg_recall, 5th_percentile_recall, 1st_percentile_recall, recall_above_99, recall_above_95, recall_above_90
1025, 9166, 0.98083, 0.94, 0.91, 543, 882, 991
Experiment finished

--- Gamma: 12 ---

Loading samplings from /home/yc.shea/experiments/shiro-ef/sampling/gist-960-euclidean-samplings--k100-ef.bin
Samplings loaded from /home/yc.shea/experiments/shiro-ef/sampling/gist-960-euclidean-samplings--k100-ef.bin
Average Recall: 0.726243
Initial average recall with ef=100: 0.725997
Average Recall: 0.799901
Initial average recall with ef=150: 0.799863
Recall diff is too small for 1 consecutive steps, break.
Weighted average ef: 642.249
Per-bucket recall: conv_p20=31.9708 hard_recall=0.95 easy_recall=0.98
Training convergence-bucket 0 [22.4603, 29.0897) with 300 queries (recall=0.95).
Average Recall: 0.500533
Initial average recall with ef=100: 0.497862
Average Recall: 0.595967
Initial average recall with ef=150: 0.594138
Weighted average ef: 1431.33
Training convergence-bucket 1 [29.0897, 31.9708) with 300 queries (recall=0.95).
Average Recall: 0.56
Initial average recall with ef=100: 0.560535
Average Recall: 0.653
Initial average recall with ef=150: 0.653311
Recall diff is too small for 1 consecutive steps, break.
Weighted average ef: 1194.99
Training convergence-bucket 2 [31.9708, 34.6591) with 300 queries (recall=0.98).
Average Recall: 0.6301
Initial average recall with ef=100: 0.63476
Average Recall: 0.718767
Initial average recall with ef=150: 0.722808
Recall diff is too small for 1 consecutive steps, break.
Recall diff is too small for 1 consecutive steps, break.
Recall diff is too small for 1 consecutive steps, break.
Recall diff is too small for 1 consecutive steps, break.
Weighted average ef: 1473.76
Training convergence-bucket 3 [34.6591, 37.2553) with 300 queries (recall=0.98).
Average Recall: 0.663767
Initial average recall with ef=100: 0.665888
Average Recall: 0.7545
Initial average recall with ef=150: 0.756864
Recall diff is too small for 1 consecutive steps, break.
Recall diff is too small for 1 consecutive steps, break.
Weighted average ef: 1215.47
Training convergence-bucket 4 [37.2553, 40.1304) with 300 queries (recall=0.98).
Average Recall: 0.697666
Initial average recall with ef=100: 0.699581
Average Recall: 0.786633
Initial average recall with ef=150: 0.788636
Recall diff is too small for 1 consecutive steps, break.
Recall diff is too small for 1 consecutive steps, break.
Weighted average ef: 1068.67
Training convergence-bucket 5 [40.1304, 43.2711) with 300 queries (recall=0.98).
Average Recall: 0.7491
Initial average recall with ef=100: 0.752386
Average Recall: 0.8258
Initial average recall with ef=150: 0.829754
Recall diff is too small for 1 consecutive steps, break.
Recall diff is too small for 1 consecutive steps, break.
Recall diff is too small for 1 consecutive steps, break.
Recall diff is too small for 1 consecutive steps, break.
Recall diff is too small for 1 consecutive steps, break.
Weighted average ef: 791.247
Training convergence-bucket 6 [43.2711, 47.1423) with 300 queries (recall=0.98).
Average Recall: 0.784633
Initial average recall with ef=100: 0.783263
Average Recall: 0.858934
Initial average recall with ef=150: 0.85821
Recall diff is too small for 1 consecutive steps, break.
Weighted average ef: 681.76
Training convergence-bucket 7 [47.1423, 52.7439) with 300 queries (recall=0.98).
Average Recall: 0.825967
Initial average recall with ef=100: 0.830803
Average Recall: 0.8883
Initial average recall with ef=150: 0.892883
Recall diff is too small for 1 consecutive steps, break.
Recall diff is too small for 1 consecutive steps, break.
Recall diff is too small for 1 consecutive steps, break.
Weighted average ef: 525.807
Training convergence-bucket 8 [52.7439, 61.9938) with 300 queries (recall=0.98).
Average Recall: 0.892834
Initial average recall with ef=100: 0.896228
Average Recall: 0.938367
Initial average recall with ef=150: 0.940534
Recall diff is too small for 1 consecutive steps, break.
Weighted average ef: 322.15
Training convergence-bucket 9 [61.9938, inf) with 300 queries (recall=0.98).
Average Recall: 0.957834
Initial average recall with ef=100: 0.962491
Average Recall: 0.978767
Initial average recall with ef=150: 0.982207
Weighted average ef: 153.933
Reconstructed True WAE: 536.089 (Hard Pct: 0.0111)
  Avg Ef Hard (bucketed): 1577.65 | Avg Ef Easy (bucketed): 524.398
****Weighted average ef: 536
Search time: 9149 ms
Search time: 9403 ms
Search time: 9397 ms
Average Recall: 0.98114
5th percentile recall: 0.94
1st percentile recall: 0.91
Median search time: 9397 ms
Search times: 9149 ms, 9397 ms, 9403 ms, 
gist-960-euclidean experiment results:
statisc_length, time, avg_recall, 5th_percentile_recall, 1st_percentile_recall, recall_above_99, recall_above_95, recall_above_90
1025, 9397, 0.98114, 0.94, 0.91, 552, 882, 992
Experiment finished

--- Gamma: 16 ---

Loading samplings from /home/yc.shea/experiments/shiro-ef/sampling/gist-960-euclidean-samplings--k100-ef.bin
Samplings loaded from /home/yc.shea/experiments/shiro-ef/sampling/gist-960-euclidean-samplings--k100-ef.bin
Average Recall: 0.726243
Initial average recall with ef=100: 0.725997
Average Recall: 0.799901
Initial average recall with ef=150: 0.799863
Recall diff is too small for 1 consecutive steps, break.
Weighted average ef: 642.249
Per-bucket recall: conv_p20=36.2647 hard_recall=0.95 easy_recall=0.98
Training convergence-bucket 0 [25.3651, 33.1353) with 300 queries (recall=0.95).
Average Recall: 0.503567
Initial average recall with ef=100: 0.50189
Average Recall: 0.598533
Initial average recall with ef=150: 0.597388
Recall diff is too small for 1 consecutive steps, break.
Recall diff is too small for 1 consecutive steps, break.
Weighted average ef: 1418.12
Training convergence-bucket 1 [33.1353, 36.2647) with 300 queries (recall=0.95).
Average Recall: 0.5618
Initial average recall with ef=100: 0.562341
Average Recall: 0.6548
Initial average recall with ef=150: 0.655117
Weighted average ef: 1208.1
Training convergence-bucket 2 [36.2647, 39.2767) with 300 queries (recall=0.98).
Average Recall: 0.6292
Initial average recall with ef=100: 0.632755
Average Recall: 0.716667
Initial average recall with ef=150: 0.71932
Recall diff is too small for 1 consecutive steps, break.
Recall diff is too small for 1 consecutive steps, break.
Recall diff is too small for 1 consecutive steps, break.
Recall diff is too small for 1 consecutive steps, break.
Weighted average ef: 1584.18
Training convergence-bucket 3 [39.2767, 41.989) with 300 queries (recall=0.98).
Average Recall: 0.662433
Initial average recall with ef=100: 0.666944
Average Recall: 0.755067
Initial average recall with ef=150: 0.759444
Recall diff is too small for 1 consecutive steps, break.
Recall diff is too small for 1 consecutive steps, break.
Recall diff is too small for 1 consecutive steps, break.
Recall diff is too small for 1 consecutive steps, break.
Weighted average ef: 1164.02
Training convergence-bucket 4 [41.989, 45.0088) with 300 queries (recall=0.98).
Average Recall: 0.699867
Initial average recall with ef=100: 0.700414
Average Recall: 0.787267
Initial average recall with ef=150: 0.787862
Recall diff is too small for 1 consecutive steps, break.
Recall diff is too small for 1 consecutive steps, break.
Recall diff is too small for 1 consecutive steps, break.
Recall diff is too small for 1 consecutive steps, break.
Weighted average ef: 1099.88
Training convergence-bucket 5 [45.0088, 48.08) with 300 queries (recall=0.98).
Average Recall: 0.751
Initial average recall with ef=100: 0.753881
Average Recall: 0.829167
Initial average recall with ef=150: 0.832657
Recall diff is too small for 1 consecutive steps, break.
Recall diff is too small for 1 consecutive steps, break.
Recall diff is too small for 1 consecutive steps, break.
Weighted average ef: 843.767
Training convergence-bucket 6 [48.08, 51.9007) with 300 queries (recall=0.98).
Average Recall: 0.781033
Initial average recall with ef=100: 0.781631
Average Recall: 0.8552
Initial average recall with ef=150: 0.855816
Recall diff is too small for 1 consecutive steps, break.
Recall diff is too small for 1 consecutive steps, break.
Weighted average ef: 667.69
Training convergence-bucket 7 [51.9007, 57.2243) with 300 queries (recall=0.98).
Average Recall: 0.826267
Initial average recall with ef=100: 0.832014
Average Recall: 0.8873
Initial average recall with ef=150: 0.892266
Recall diff is too small for 1 consecutive steps, break.
Recall diff is too small for 1 consecutive steps, break.
Recall diff is too small for 1 consecutive steps, break.
Weighted average ef: 513.037
Training convergence-bucket 8 [57.2243, 65.9373) with 300 queries (recall=0.98).
Average Recall: 0.891
Initial average recall with ef=100: 0.891667
Average Recall: 0.9371
Initial average recall with ef=150: 0.937411
Recall diff is too small for 1 consecutive steps, break.
Recall diff is too small for 1 consecutive steps, break.
Weighted average ef: 320.317
Training convergence-bucket 9 [65.9373, inf) with 300 queries (recall=0.98).
Average Recall: 0.956267
Initial average recall with ef=100: 0.960601
Average Recall: 0.977933
Initial average recall with ef=150: 0.981237
Weighted average ef: 163.037
Reconstructed True WAE: 561.044 (Hard Pct: 0.0111)
  Avg Ef Hard (bucketed): 1574.95 | Avg Ef Easy (bucketed): 549.663
****Weighted average ef: 561
Search time: 9610 ms
Search time: 9154 ms
Search time: 9355 ms
Average Recall: 0.98183
5th percentile recall: 0.94
1st percentile recall: 0.91
Median search time: 9355 ms
Search times: 9154 ms, 9355 ms, 9610 ms, 
gist-960-euclidean experiment results:
statisc_length, time, avg_recall, 5th_percentile_recall, 1st_percentile_recall, recall_above_99, recall_above_95, recall_above_90
1025, 9355, 0.98183, 0.94, 0.91, 568, 889, 993
Experiment finished

--- Gamma: 24 ---

Loading samplings from /home/yc.shea/experiments/shiro-ef/sampling/gist-960-euclidean-samplings--k100-ef.bin
Samplings loaded from /home/yc.shea/experiments/shiro-ef/sampling/gist-960-euclidean-samplings--k100-ef.bin
Average Recall: 0.726243
Initial average recall with ef=100: 0.725997
Average Recall: 0.799901
Initial average recall with ef=150: 0.799863
Recall diff is too small for 1 consecutive steps, break.
Weighted average ef: 642.249
Per-bucket recall: conv_p20=41.9893 hard_recall=0.95 easy_recall=0.98
Training convergence-bucket 0 [28.9896, 38.3949) with 300 queries (recall=0.95).
Average Recall: 0.5134
Initial average recall with ef=100: 0.51261
Average Recall: 0.607533
Initial average recall with ef=150: 0.607458
Recall diff is too small for 1 consecutive steps, break.
Weighted average ef: 1365.19
Training convergence-bucket 1 [38.3949, 41.9893) with 300 queries (recall=0.95).
Average Recall: 0.552833
Initial average recall with ef=100: 0.553345
Average Recall: 0.647067
Initial average recall with ef=150: 0.647358
Recall diff is too small for 1 consecutive steps, break.
Recall diff is too small for 1 consecutive steps, break.
Weighted average ef: 1262.46
Training convergence-bucket 2 [41.9893, 45.4792) with 300 queries (recall=0.98).
Average Recall: 0.631767
Initial average recall with ef=100: 0.631769
Average Recall: 0.719433
Initial average recall with ef=150: 0.71949
Recall diff is too small for 1 consecutive steps, break.
Recall diff is too small for 1 consecutive steps, break.
Recall diff is too small for 1 consecutive steps, break.
Recall diff is too small for 1 consecutive steps, break.
Weighted average ef: 1580.49
Training convergence-bucket 3 [45.4792, 48.3375) with 300 queries (recall=0.98).
Average Recall: 0.664633
Initial average recall with ef=100: 0.666797
Average Recall: 0.7549
Initial average recall with ef=150: 0.756299
Recall diff is too small for 1 consecutive steps, break.
Recall diff is too small for 1 consecutive steps, break.
Weighted average ef: 1227.72
Training convergence-bucket 4 [48.3375, 51.4398) with 300 queries (recall=0.98).
Average Recall: 0.707233
Initial average recall with ef=100: 0.705744
Average Recall: 0.794933
Initial average recall with ef=150: 0.794187
Recall diff is too small for 1 consecutive steps, break.
Recall diff is too small for 1 consecutive steps, break.
Weighted average ef: 1081.44
Training convergence-bucket 5 [51.4398, 54.4613) with 300 queries (recall=0.98).
Average Recall: 0.741734
Initial average recall with ef=100: 0.744132
Average Recall: 0.8209
Initial average recall with ef=150: 0.822882
Recall diff is too small for 1 consecutive steps, break.
Weighted average ef: 886.063
Training convergence-bucket 6 [54.4613, 58.1937) with 300 queries (recall=0.98).
Average Recall: 0.784833
Initial average recall with ef=100: 0.786201
Average Recall: 0.857767
Initial average recall with ef=150: 0.860251
Recall diff is too small for 1 consecutive steps, break.
Recall diff is too small for 1 consecutive steps, break.
Weighted average ef: 620.36
Training convergence-bucket 7 [58.1937, 63.0052) with 300 queries (recall=0.98).
Average Recall: 0.822667
Initial average recall with ef=100: 0.825248
Average Recall: 0.8844
Initial average recall with ef=150: 0.886844
Recall diff is too small for 1 consecutive steps, break.
Recall diff is too small for 1 consecutive steps, break.
Weighted average ef: 545.88
Training convergence-bucket 8 [63.0052, 70.6721) with 300 queries (recall=0.98).
Average Recall: 0.8858
Initial average recall with ef=100: 0.888007
Average Recall: 0.9331
Initial average recall with ef=150: 0.934457
Weighted average ef: 322.32
Training convergence-bucket 9 [70.6721, inf) with 300 queries (recall=0.98).
Average Recall: 0.957534
Initial average recall with ef=100: 0.959861
Average Recall: 0.979
Initial average recall with ef=150: 0.980836
Weighted average ef: 167.363
Reconstructed True WAE: 477.645 (Hard Pct: 0.0111)
  Avg Ef Hard (bucketed): 1546.77 | Avg Ef Easy (bucketed): 465.645
****Weighted average ef: 477
Search time: 9409 ms
Search time: 9520 ms
Search time: 9591 ms
Average Recall: 0.98136
5th percentile recall: 0.94
1st percentile recall: 0.9
Median search time: 9520 ms
Search times: 9409 ms, 9520 ms, 9591 ms, 
gist-960-euclidean experiment results:
statisc_length, time, avg_recall, 5th_percentile_recall, 1st_percentile_recall, recall_above_99, recall_above_95, recall_above_90
1025, 9520, 0.98136, 0.94, 0.9, 564, 894, 989
Experiment finished

--- Gamma: 32 ---

Loading samplings from /home/yc.shea/experiments/shiro-ef/sampling/gist-960-euclidean-samplings--k100-ef.bin
Samplings loaded from /home/yc.shea/experiments/shiro-ef/sampling/gist-960-euclidean-samplings--k100-ef.bin
Average Recall: 0.726243
Initial average recall with ef=100: 0.725997
Average Recall: 0.799901
Initial average recall with ef=150: 0.799863
Recall diff is too small for 1 consecutive steps, break.
Weighted average ef: 642.249
Per-bucket recall: conv_p20=45.6381 hard_recall=0.95 easy_recall=0.98
Training convergence-bucket 0 [29.8288, 41.8204) with 300 queries (recall=0.95).
Average Recall: 0.514367
Initial average recall with ef=100: 0.512491
Average Recall: 0.609
Initial average recall with ef=150: 0.608089
Recall diff is too small for 1 consecutive steps, break.
Weighted average ef: 1335.51
Training convergence-bucket 1 [41.8204, 45.6381) with 300 queries (recall=0.95).
Average Recall: 0.554967
Initial average recall with ef=100: 0.555485
Average Recall: 0.6472
Initial average recall with ef=150: 0.647492
Recall diff is too small for 1 consecutive steps, break.
Weighted average ef: 1257.97
Training convergence-bucket 2 [45.6381, 49.351) with 300 queries (recall=0.98).
Average Recall: 0.630167
Initial average recall with ef=100: 0.628414
Average Recall: 0.720267
Initial average recall with ef=150: 0.718517
Recall diff is too small for 1 consecutive steps, break.
Recall diff is too small for 1 consecutive steps, break.
Recall diff is too small for 1 consecutive steps, break.
Recall diff is too small for 1 consecutive steps, break.
Weighted average ef: 1685.11
Training convergence-bucket 3 [49.351, 52.4229) with 300 queries (recall=0.98).
Average Recall: 0.670033
Initial average recall with ef=100: 0.669204
Average Recall: 0.7598
Initial average recall with ef=150: 0.758997
Recall diff is too small for 1 consecutive steps, break.
Recall diff is too small for 1 consecutive steps, break.
Recall diff is too small for 1 consecutive steps, break.
Weighted average ef: 1245.89
Training convergence-bucket 4 [52.4229, 55.4623) with 300 queries (recall=0.98).
Average Recall: 0.702167
Initial average recall with ef=100: 0.701024
Average Recall: 0.788333
Initial average recall with ef=150: 0.787816
Recall diff is too small for 1 consecutive steps, break.
Recall diff is too small for 1 consecutive steps, break.
Recall diff is too small for 1 consecutive steps, break.
Weighted average ef: 1114.88
Training convergence-bucket 5 [55.4623, 58.6957) with 300 queries (recall=0.98).
Average Recall: 0.744567
Initial average recall with ef=100: 0.74941
Average Recall: 0.8243
Initial average recall with ef=150: 0.828993
Recall diff is too small for 1 consecutive steps, break.
Recall diff is too small for 1 consecutive steps, break.
Weighted average ef: 892.187
Training convergence-bucket 6 [58.6957, 62.2967) with 300 queries (recall=0.98).
Average Recall: 0.7842
Initial average recall with ef=100: 0.78172
Average Recall: 0.8556
Initial average recall with ef=150: 0.854158
Recall diff is too small for 1 consecutive steps, break.
Weighted average ef: 687.607
Training convergence-bucket 7 [62.2967, 66.6539) with 300 queries (recall=0.98).
Average Recall: 0.8219
Initial average recall with ef=100: 0.825286
Average Recall: 0.884533
Initial average recall with ef=150: 0.887429
Recall diff is too small for 1 consecutive steps, break.
Weighted average ef: 526.66
Training convergence-bucket 8 [66.6539, 73.8268) with 300 queries (recall=0.98).
Average Recall: 0.884333
Initial average recall with ef=100: 0.885571
Average Recall: 0.932567
Initial average recall with ef=150: 0.933464
Recall diff is too small for 1 consecutive steps, break.
Recall diff is too small for 1 consecutive steps, break.
Recall diff is too small for 1 consecutive steps, break.
Weighted average ef: 349.013
Training convergence-bucket 9 [73.8268, inf) with 300 queries (recall=0.98).
Average Recall: 0.955734
Initial average recall with ef=100: 0.956931
Average Recall: 0.977434
Initial average recall with ef=150: 0.978241
Recall diff is too small for 1 consecutive steps, break.
Weighted average ef: 178.013
Reconstructed True WAE: 523.307 (Hard Pct: 0.0111)
  Avg Ef Hard (bucketed): 1544.44 | Avg Ef Easy (bucketed): 511.845
****Weighted average ef: 523
Search time: 9412 ms
Search time: 9237 ms
Search time: 9671 ms
Average Recall: 0.9818
5th percentile recall: 0.94
1st percentile recall: 0.9
Median search time: 9412 ms
Search times: 9237 ms, 9412 ms, 9671 ms, 
gist-960-euclidean experiment results:
statisc_length, time, avg_recall, 5th_percentile_recall, 1st_percentile_recall, recall_above_99, recall_above_95, recall_above_90
1025, 9412, 0.9818, 0.94, 0.9, 575, 902, 987
Experiment finished


Dataset: tiny5m-384-euclidean
Metric: l2
Data vectors dimensions: 5000000 x 384
Query vectors dimensions: 1000 x 384
Neighbors dimensions: 1000 x 100
Index loaded
Dimension of space:384
Data size of space:1536

--- Gamma: 8 ---

Loading samplings from /home/yc.shea/experiments/shiro-ef/sampling/tiny5m-384-euclidean-samplings--k100-ef.bin
Samplings loaded from /home/yc.shea/experiments/shiro-ef/sampling/tiny5m-384-euclidean-samplings--k100-ef.bin
Average Recall: 0.64064
Initial average recall with ef=100: 0.639884
Average Recall: 0.712267
Initial average recall with ef=150: 0.711532
Recall diff is too small for 1 consecutive steps, break.
Weighted average ef: 1245.11
Per-bucket recall: conv_p20=22.4456 hard_recall=0.95 easy_recall=0.98
Training convergence-bucket 0 [14.4442, 20.0307) with 300 queries (recall=0.95).
Average Recall: 0.360933
Initial average recall with ef=100: 0.357517
Average Recall: 0.4429
Initial average recall with ef=150: 0.439796
Recall diff is too small for 1 consecutive steps, break.
Recall diff is too small for 1 consecutive steps, break.
Weighted average ef: 3128.78
Training convergence-bucket 1 [20.0307, 22.4456) with 300 queries (recall=0.95).
Average Recall: 0.4502
Initial average recall with ef=100: 0.447797
Average Recall: 0.529967
Initial average recall with ef=150: 0.527322
Recall diff is too small for 1 consecutive steps, break.
Recall diff is too small for 1 consecutive steps, break.
Weighted average ef: 2339.2
Training convergence-bucket 2 [22.4456, 24.7667) with 300 queries (recall=0.98).
Average Recall: 0.491167
Initial average recall with ef=100: 0.488708
Average Recall: 0.576867
Initial average recall with ef=150: 0.575
Recall diff is too small for 1 consecutive steps, break.
Recall diff is too small for 1 consecutive steps, break.
Recall diff is too small for 1 consecutive steps, break.
Weighted average ef: 3335.35
Training convergence-bucket 3 [24.7667, 26.8509) with 300 queries (recall=0.98).
Average Recall: 0.543033
Initial average recall with ef=100: 0.538711
Average Recall: 0.625267
Initial average recall with ef=150: 0.620976
Recall diff is too small for 1 consecutive steps, break.
Recall diff is too small for 1 consecutive steps, break.
Recall diff is too small for 1 consecutive steps, break.
Recall diff is too small for 1 consecutive steps, break.
Weighted average ef: 2742.72
Training convergence-bucket 4 [26.8509, 29.1305) with 300 queries (recall=0.98).
Average Recall: 0.582933
Initial average recall with ef=100: 0.578097
Average Recall: 0.6712
Initial average recall with ef=150: 0.666644
Recall diff is too small for 1 consecutive steps, break.
Recall diff is too small for 1 consecutive steps, break.
Recall diff is too small for 1 consecutive steps, break.
Recall diff is too small for 1 consecutive steps, break.
Recall diff is too small for 1 consecutive steps, break.
Recall diff is too small for 1 consecutive steps, break.
Weighted average ef: 2128.62
Training convergence-bucket 5 [29.1305, 32.3419) with 300 queries (recall=0.98).
Average Recall: 0.6524
Initial average recall with ef=100: 0.651559
Average Recall: 0.7311
Initial average recall with ef=150: 0.730542
Recall diff is too small for 1 consecutive steps, break.
Recall diff is too small for 1 consecutive steps, break.
Recall diff is too small for 1 consecutive steps, break.
Weighted average ef: 1662.4
Training convergence-bucket 6 [32.3419, 36.1512) with 300 queries (recall=0.98).
Average Recall: 0.7351
Initial average recall with ef=100: 0.743474
Average Recall: 0.813067
Initial average recall with ef=150: 0.821053
Recall diff is too small for 1 consecutive steps, break.
Recall diff is too small for 1 consecutive steps, break.
Weighted average ef: 835.41
Training convergence-bucket 7 [36.1512, 42.3565) with 300 queries (recall=0.98).
Average Recall: 0.784067
Initial average recall with ef=100: 0.788227
Average Recall: 0.8518
Initial average recall with ef=150: 0.855957
Recall diff is too small for 1 consecutive steps, break.
Recall diff is too small for 1 consecutive steps, break.
Recall diff is too small for 1 consecutive steps, break.
Weighted average ef: 763.997
Training convergence-bucket 8 [42.3565, 53.0385) with 300 queries (recall=0.98).
Average Recall: 0.863043
Initial average recall with ef=100: 0.861516
Average Recall: 0.914013
Initial average recall with ef=150: 0.912816
Recall diff is too small for 1 consecutive steps, break.
Recall diff is too small for 1 consecutive steps, break.
Recall diff is too small for 1 consecutive steps, break.
Recall diff is too small for 1 consecutive steps, break.
Weighted average ef: 462.117
Training convergence-bucket 9 [53.0385, inf) with 300 queries (recall=0.98).
Average Recall: 0.946309
Initial average recall with ef=100: 0.949964
Average Recall: 0.968893
Initial average recall with ef=150: 0.969232
Weighted average ef: 182.883
Reconstructed True WAE: 900.349 (Hard Pct: 0.00823333)
  Avg Ef Hard (bucketed): 3420.09 | Avg Ef Easy (bucketed): 879.43
****Weighted average ef: 900
Search time: 11393 ms
Search time: 11731 ms
Search time: 11579 ms
Average Recall: 0.97561
5th percentile recall: 0.93
1st percentile recall: 0.88
Median search time: 11579 ms
Search times: 11393 ms, 11579 ms, 11731 ms, 
tiny5m-384-euclidean experiment results:
statisc_length, time, avg_recall, 5th_percentile_recall, 1st_percentile_recall, recall_above_99, recall_above_95, recall_above_90
1025, 11579, 0.97561, 0.93, 0.88, 518, 847, 973
Experiment finished

--- Gamma: 12 ---

Loading samplings from /home/yc.shea/experiments/shiro-ef/sampling/tiny5m-384-euclidean-samplings--k100-ef.bin
Samplings loaded from /home/yc.shea/experiments/shiro-ef/sampling/tiny5m-384-euclidean-samplings--k100-ef.bin
Average Recall: 0.64064
Initial average recall with ef=100: 0.63986
Average Recall: 0.712267
Initial average recall with ef=150: 0.711591
Recall diff is too small for 1 consecutive steps, break.
Weighted average ef: 1245.02
Per-bucket recall: conv_p20=28.3436 hard_recall=0.95 easy_recall=0.98
Training convergence-bucket 0 [17.5935, 25.2462) with 300 queries (recall=0.95).
Average Recall: 0.364267
Initial average recall with ef=100: 0.362905
Average Recall: 0.446333
Initial average recall with ef=150: 0.445101
Recall diff is too small for 1 consecutive steps, break.
Recall diff is too small for 1 consecutive steps, break.
Weighted average ef: 3194.64
Training convergence-bucket 1 [25.2462, 28.3436) with 300 queries (recall=0.95).
Average Recall: 0.446333
Initial average recall with ef=100: 0.445476
Average Recall: 0.527067
Initial average recall with ef=150: 0.525544
Recall diff is too small for 1 consecutive steps, break.
Weighted average ef: 2284.61
Training convergence-bucket 2 [28.3436, 30.9094) with 300 queries (recall=0.98).
Average Recall: 0.498433
Initial average recall with ef=100: 0.493643
Average Recall: 0.581866
Initial average recall with ef=150: 0.577801
Recall diff is too small for 1 consecutive steps, break.
Recall diff is too small for 1 consecutive steps, break.
Recall diff is too small for 1 consecutive steps, break.
Recall diff is too small for 1 consecutive steps, break.
Weighted average ef: 3216.62
Training convergence-bucket 3 [30.9094, 33.3595) with 300 queries (recall=0.98).
Average Recall: 0.5336
Initial average recall with ef=100: 0.529545
Average Recall: 0.618367
Initial average recall with ef=150: 0.614406
Recall diff is too small for 1 consecutive steps, break.
Recall diff is too small for 1 consecutive steps, break.
Recall diff is too small for 1 consecutive steps, break.
Weighted average ef: 2742.2
Training convergence-bucket 4 [33.3595, 35.8551) with 300 queries (recall=0.98).
Average Recall: 0.5922
Initial average recall with ef=100: 0.590103
Average Recall: 0.677633
Initial average recall with ef=150: 0.675739
Recall diff is too small for 1 consecutive steps, break.
Recall diff is too small for 1 consecutive steps, break.
Recall diff is too small for 1 consecutive steps, break.
Recall diff is too small for 1 consecutive steps, break.
Recall diff is too small for 1 consecutive steps, break.
Weighted average ef: 2087.91
Training convergence-bucket 5 [35.8551, 39.3608) with 300 queries (recall=0.98).
Average Recall: 0.648
Initial average recall with ef=100: 0.645646
Average Recall: 0.727833
Initial average recall with ef=150: 0.725714
Recall diff is too small for 1 consecutive steps, break.
Recall diff is too small for 1 consecutive steps, break.
Recall diff is too small for 1 consecutive steps, break.
Recall diff is too small for 1 consecutive steps, break.
Recall diff is too small for 1 consecutive steps, break.
Weighted average ef: 1654.32
Training convergence-bucket 6 [39.3608, 43.4038) with 300 queries (recall=0.98).
Average Recall: 0.734433
Initial average recall with ef=100: 0.738287
Average Recall: 0.812133
Initial average recall with ef=150: 0.816469
Recall diff is too small for 1 consecutive steps, break.
Recall diff is too small for 1 consecutive steps, break.
Recall diff is too small for 1 consecutive steps, break.
Weighted average ef: 842.38
Training convergence-bucket 7 [43.4038, 49.7446) with 300 queries (recall=0.98).
Average Recall: 0.787333
Initial average recall with ef=100: 0.790495
Average Recall: 0.855333
Initial average recall with ef=150: 0.858304
Recall diff is too small for 1 consecutive steps, break.
Recall diff is too small for 1 consecutive steps, break.
Weighted average ef: 779.37
Training convergence-bucket 8 [49.7446, 60.3037) with 300 queries (recall=0.98).
Average Recall: 0.861906
Initial average recall with ef=100: 0.865236
Average Recall: 0.912609
Initial average recall with ef=150: 0.916109
Recall diff is too small for 1 consecutive steps, break.
Recall diff is too small for 1 consecutive steps, break.
Weighted average ef: 478.317
Training convergence-bucket 9 [60.3037, inf) with 300 queries (recall=0.98).
Average Recall: 0.942651
Initial average recall with ef=100: 0.946416
Average Recall: 0.965873
Initial average recall with ef=150: 0.966189
Recall diff is too small for 1 consecutive steps, break.
Weighted average ef: 201.173
Reconstructed True WAE: 1068.57 (Hard Pct: 0.00823333)
  Avg Ef Hard (bucketed): 3377.55 | Avg Ef Easy (bucketed): 1049.4
****Weighted average ef: 1068
Search time: 11781 ms
Search time: 11836 ms
Search time: 11159 ms
Average Recall: 0.97655
5th percentile recall: 0.93
1st percentile recall: 0.88
Median search time: 11781 ms
Search times: 11159 ms, 11781 ms, 11836 ms, 
tiny5m-384-euclidean experiment results:
statisc_length, time, avg_recall, 5th_percentile_recall, 1st_percentile_recall, recall_above_99, recall_above_95, recall_above_90
1025, 11781, 0.97655, 0.93, 0.88, 525, 857, 980
Experiment finished

--- Gamma: 16 ---

Loading samplings from /home/yc.shea/experiments/shiro-ef/sampling/tiny5m-384-euclidean-samplings--k100-ef.bin
Samplings loaded from /home/yc.shea/experiments/shiro-ef/sampling/tiny5m-384-euclidean-samplings--k100-ef.bin
Average Recall: 0.64064
Initial average recall with ef=100: 0.639839
Average Recall: 0.712267
Initial average recall with ef=150: 0.711658
Recall diff is too small for 1 consecutive steps, break.
Weighted average ef: 1244.98
Per-bucket recall: conv_p20=32.7229 hard_recall=0.95 easy_recall=0.98
Training convergence-bucket 0 [19.9269, 29.1617) with 300 queries (recall=0.95).
Average Recall: 0.368333
Initial average recall with ef=100: 0.365034
Average Recall: 0.449567
Initial average recall with ef=150: 0.446599
Recall diff is too small for 1 consecutive steps, break.
Recall diff is too small for 1 consecutive steps, break.
Weighted average ef: 3119.55
Training convergence-bucket 1 [29.1617, 32.7229) with 300 queries (recall=0.95).
Average Recall: 0.445967
Initial average recall with ef=100: 0.444403
Average Recall: 0.527967
Initial average recall with ef=150: 0.525904
Recall diff is too small for 1 consecutive steps, break.
Weighted average ef: 2289.54
Training convergence-bucket 2 [32.7229, 35.5877) with 300 queries (recall=0.98).
Average Recall: 0.4995
Initial average recall with ef=100: 0.49848
Average Recall: 0.5833
Initial average recall with ef=150: 0.582128
Recall diff is too small for 1 consecutive steps, break.
Recall diff is too small for 1 consecutive steps, break.
Recall diff is too small for 1 consecutive steps, break.
Recall diff is too small for 1 consecutive steps, break.
Weighted average ef: 3345.51
Training convergence-bucket 3 [35.5877, 38.2446) with 300 queries (recall=0.98).
Average Recall: 0.5344
Initial average recall with ef=100: 0.531439
Average Recall: 0.6181
Initial average recall with ef=150: 0.615719
Recall diff is too small for 1 consecutive steps, break.
Recall diff is too small for 1 consecutive steps, break.
Weighted average ef: 2773.15
Training convergence-bucket 4 [38.2446, 40.8709) with 300 queries (recall=0.98).
Average Recall: 0.5937
Initial average recall with ef=100: 0.591045
Average Recall: 0.6801
Initial average recall with ef=150: 0.677282
Recall diff is too small for 1 consecutive steps, break.
Recall diff is too small for 1 consecutive steps, break.
Weighted average ef: 2112.64
Training convergence-bucket 5 [40.8709, 44.4111) with 300 queries (recall=0.98).
Average Recall: 0.644033
Initial average recall with ef=100: 0.639897
Average Recall: 0.722767
Initial average recall with ef=150: 0.719034
Recall diff is too small for 1 consecutive steps, break.
Recall diff is too small for 1 consecutive steps, break.
Recall diff is too small for 1 consecutive steps, break.
Recall diff is too small for 1 consecutive steps, break.
Recall diff is too small for 1 consecutive steps, break.
Recall diff is too small for 1 consecutive steps, break.
Recall diff is too small for 1 consecutive steps, break.
Weighted average ef: 1710.65
Training convergence-bucket 6 [44.4111, 48.5404) with 300 queries (recall=0.98).
Average Recall: 0.733933
Initial average recall with ef=100: 0.736224
Average Recall: 0.811133
Initial average recall with ef=150: 0.813601
Recall diff is too small for 1 consecutive steps, break.
Weighted average ef: 943.817
Training convergence-bucket 7 [48.5404, 54.8204) with 300 queries (recall=0.98).
Average Recall: 0.788333
Initial average recall with ef=100: 0.794565
Average Recall: 0.8563
Initial average recall with ef=150: 0.862065
Recall diff is too small for 1 consecutive steps, break.
Recall diff is too small for 1 consecutive steps, break.
Weighted average ef: 721.5
Training convergence-bucket 8 [54.8204, 64.7424) with 300 queries (recall=0.98).
Average Recall: 0.8599
Initial average recall with ef=100: 0.858755
Average Recall: 0.911204
Initial average recall with ef=150: 0.910676
Recall diff is too small for 1 consecutive steps, break.
Recall diff is too small for 1 consecutive steps, break.
Recall diff is too small for 1 consecutive steps, break.
Weighted average ef: 502.707
Training convergence-bucket 9 [64.7424, inf) with 300 queries (recall=0.98).
Average Recall: 0.94104
Initial average recall with ef=100: 0.942989
Average Recall: 0.964598
Initial average recall with ef=150: 0.963395
Recall diff is too small for 1 consecutive steps, break.
Weighted average ef: 219.8
Reconstructed True WAE: 1150.93 (Hard Pct: 0.00823333)
  Avg Ef Hard (bucketed): 3481.07 | Avg Ef Easy (bucketed): 1131.59
****Weighted average ef: 1150
Search time: 11916 ms
Search time: 12028 ms
Search time: 11578 ms
Average Recall: 0.97662
5th percentile recall: 0.93
1st percentile recall: 0.88
Median search time: 11916 ms
Search times: 11578 ms, 11916 ms, 12028 ms, 
tiny5m-384-euclidean experiment results:
statisc_length, time, avg_recall, 5th_percentile_recall, 1st_percentile_recall, recall_above_99, recall_above_95, recall_above_90
1025, 11916, 0.97662, 0.93, 0.88, 519, 856, 976
Experiment finished

--- Gamma: 24 ---

Loading samplings from /home/yc.shea/experiments/shiro-ef/sampling/tiny5m-384-euclidean-samplings--k100-ef.bin
Samplings loaded from /home/yc.shea/experiments/shiro-ef/sampling/tiny5m-384-euclidean-samplings--k100-ef.bin
Average Recall: 0.64064
Initial average recall with ef=100: 0.696696
Average Recall: 0.712267
Initial average recall with ef=150: 0.711529
Recall diff is too small for 1 consecutive steps, break.
Weighted average ef: 1166.87
Per-bucket recall: conv_p20=38.7625 hard_recall=0.95 easy_recall=0.98
Training convergence-bucket 0 [22.8235, 34.6808) with 300 queries (recall=0.95).
Average Recall: 0.3768
Initial average recall with ef=100: 0.375623
Average Recall: 0.457333
Initial average recall with ef=150: 0.456027
Recall diff is too small for 1 consecutive steps, break.
Recall diff is too small for 1 consecutive steps, break.
Weighted average ef: 3109.12
Training convergence-bucket 1 [34.6808, 38.7625) with 300 queries (recall=0.95).
Average Recall: 0.439833
Initial average recall with ef=100: 0.439833
Average Recall: 0.5217
Initial average recall with ef=150: 0.5217
Recall diff is too small for 1 consecutive steps, break.
Recall diff is too small for 1 consecutive steps, break.
Recall diff is too small for 1 consecutive steps, break.
Weighted average ef: 2359.72
Training convergence-bucket 2 [38.7625, 42.2204) with 300 queries (recall=0.98).
Average Recall: 0.499133
Initial average recall with ef=100: 0.498636
Average Recall: 0.585167
Initial average recall with ef=150: 0.584021
Recall diff is too small for 1 consecutive steps, break.
Recall diff is too small for 1 consecutive steps, break.
Weighted average ef: 3150.04
Training convergence-bucket 3 [42.2204, 45.0118) with 300 queries (recall=0.98).
Average Recall: 0.537867
Initial average recall with ef=100: 0.533507
Average Recall: 0.6209
Initial average recall with ef=150: 0.61691
Recall diff is too small for 1 consecutive steps, break.
Recall diff is too small for 1 consecutive steps, break.
Recall diff is too small for 1 consecutive steps, break.
Recall diff is too small for 1 consecutive steps, break.
Weighted average ef: 2784.58
Training convergence-bucket 4 [45.0118, 48.0304) with 300 queries (recall=0.98).
Average Recall: 0.5918
Initial average recall with ef=100: 0.588219
Average Recall: 0.677233
Initial average recall with ef=150: 0.673904
Recall diff is too small for 1 consecutive steps, break.
Recall diff is too small for 1 consecutive steps, break.
Recall diff is too small for 1 consecutive steps, break.
Weighted average ef: 2213.09
Training convergence-bucket 5 [48.0304, 51.725) with 300 queries (recall=0.98).
Average Recall: 0.6537
Initial average recall with ef=100: 0.650928
Average Recall: 0.7306
Initial average recall with ef=150: 0.728179
Recall diff is too small for 1 consecutive steps, break.
Recall diff is too small for 1 consecutive steps, break.
Recall diff is too small for 1 consecutive steps, break.
Recall diff is too small for 1 consecutive steps, break.
Recall diff is too small for 1 consecutive steps, break.
Recall diff is too small for 1 consecutive steps, break.
Weighted average ef: 1651.71
Training convergence-bucket 6 [51.725, 55.7925) with 300 queries (recall=0.98).
Average Recall: 0.725767
Initial average recall with ef=100: 0.728507
Average Recall: 0.804067
Initial average recall with ef=150: 0.806354
Recall diff is too small for 1 consecutive steps, break.
Weighted average ef: 969.453
Training convergence-bucket 7 [55.7925, 61.2208) with 300 queries (recall=0.98).
Average Recall: 0.7844
Initial average recall with ef=100: 0.78393
Average Recall: 0.852233
Initial average recall with ef=150: 0.852316
Recall diff is too small for 1 consecutive steps, break.
Recall diff is too small for 1 consecutive steps, break.
Recall diff is too small for 1 consecutive steps, break.
Weighted average ef: 728.063
Training convergence-bucket 8 [61.2208, 70.2807) with 300 queries (recall=0.98).
Average Recall: 0.8607
Initial average recall with ef=100: 0.865993
Average Recall: 0.912033
Initial average recall with ef=150: 0.917943
Recall diff is too small for 1 consecutive steps, break.
Recall diff is too small for 1 consecutive steps, break.
Recall diff is too small for 1 consecutive steps, break.
Weighted average ef: 471.297
Training convergence-bucket 9 [70.2807, inf) with 300 queries (recall=0.98).
Average Recall: 0.939394
Initial average recall with ef=100: 0.931584
Average Recall: 0.96394
Initial average recall with ef=150: 0.954354
Recall diff is too small for 1 consecutive steps, break.
Recall diff is too small for 1 consecutive steps, break.
Recall diff is too small for 1 consecutive steps, break.
Recall diff is too small for 1 consecutive steps, break.
Recall diff is too small for 1 consecutive steps, break.
Weighted average ef: 202.203
Reconstructed True WAE: 1001.97 (Hard Pct: 0.00823333)
  Avg Ef Hard (bucketed): 3362.68 | Avg Ef Easy (bucketed): 982.371
****Weighted average ef: 1001
Search time: 11121 ms
Search time: 11674 ms
Search time: 11794 ms
Average Recall: 0.97527
5th percentile recall: 0.92
1st percentile recall: 0.87
Median search time: 11674 ms
Search times: 11121 ms, 11674 ms, 11794 ms, 
tiny5m-384-euclidean experiment results:
statisc_length, time, avg_recall, 5th_percentile_recall, 1st_percentile_recall, recall_above_99, recall_above_95, recall_above_90
1025, 11674, 0.97527, 0.92, 0.87, 502, 849, 978
Experiment finished

--- Gamma: 32 ---

Loading samplings from /home/yc.shea/experiments/shiro-ef/sampling/tiny5m-384-euclidean-samplings--k100-ef.bin
Samplings loaded from /home/yc.shea/experiments/shiro-ef/sampling/tiny5m-384-euclidean-samplings--k100-ef.bin
Average Recall: 0.64064
Initial average recall with ef=100: 0.639865
Average Recall: 0.712267
Initial average recall with ef=150: 0.711537
Recall diff is too small for 1 consecutive steps, break.
Weighted average ef: 1245.09
Per-bucket recall: conv_p20=42.6551 hard_recall=0.95 easy_recall=0.98
Training convergence-bucket 0 [22.9994, 38.2904) with 300 queries (recall=0.95).
Average Recall: 0.386467
Initial average recall with ef=100: 0.383525
Average Recall: 0.465433
Initial average recall with ef=150: 0.462542
Recall diff is too small for 1 consecutive steps, break.
Recall diff is too small for 1 consecutive steps, break.
Recall diff is too small for 1 consecutive steps, break.
Weighted average ef: 3030.96
Training convergence-bucket 1 [38.2904, 42.6551) with 300 queries (recall=0.95).
Average Recall: 0.436633
Initial average recall with ef=100: 0.435251
Average Recall: 0.5206
Initial average recall with ef=150: 0.519264
Recall diff is too small for 1 consecutive steps, break.
Weighted average ef: 2316.64
Training convergence-bucket 2 [42.6551, 46.6333) with 300 queries (recall=0.98).
Average Recall: 0.4872
Initial average recall with ef=100: 0.485749
Average Recall: 0.574933
Initial average recall with ef=150: 0.573624
Recall diff is too small for 1 consecutive steps, break.
Recall diff is too small for 1 consecutive steps, break.
Recall diff is too small for 1 consecutive steps, break.
Weighted average ef: 3239.32
Training convergence-bucket 3 [46.6333, 49.7108) with 300 queries (recall=0.98).
Average Recall: 0.548066
Initial average recall with ef=100: 0.545498
Average Recall: 0.628134
Initial average recall with ef=150: 0.62567
Recall diff is too small for 1 consecutive steps, break.
Recall diff is too small for 1 consecutive steps, break.
Recall diff is too small for 1 consecutive steps, break.
Recall diff is too small for 1 consecutive steps, break.
Recall diff is too small for 1 consecutive steps, break.
Recall diff is too small for 1 consecutive steps, break.
Recall diff is too small for 1 consecutive steps, break.
Recall diff is too small for 1 consecutive steps, break.
Weighted average ef: 2664.32
Training convergence-bucket 4 [49.7108, 52.7892) with 300 queries (recall=0.98).
Average Recall: 0.5956
Initial average recall with ef=100: 0.59402
Average Recall: 0.678667
Initial average recall with ef=150: 0.676858
Recall diff is too small for 1 consecutive steps, break.
Recall diff is too small for 1 consecutive steps, break.
Recall diff is too small for 1 consecutive steps, break.
Weighted average ef: 2252.79
Training convergence-bucket 5 [52.7892, 56.5208) with 300 queries (recall=0.98).
Average Recall: 0.654033
Initial average recall with ef=100: 0.654014
Average Recall: 0.734966
Initial average recall with ef=150: 0.735156
Recall diff is too small for 1 consecutive steps, break.
Recall diff is too small for 1 consecutive steps, break.
Recall diff is too small for 1 consecutive steps, break.
Recall diff is too small for 1 consecutive steps, break.
Recall diff is too small for 1 consecutive steps, break.
Recall diff is too small for 1 consecutive steps, break.
Recall diff is too small for 1 consecutive steps, break.
Weighted average ef: 1606.03
Training convergence-bucket 6 [56.5208, 60.8216) with 300 queries (recall=0.98).
Average Recall: 0.7271
Initial average recall with ef=100: 0.72809
Average Recall: 0.803067
Initial average recall with ef=150: 0.803507
Recall diff is too small for 1 consecutive steps, break.
Weighted average ef: 1015.89
Training convergence-bucket 7 [60.8216, 65.7343) with 300 queries (recall=0.98).
Average Recall: 0.7828
Initial average recall with ef=100: 0.782199
Average Recall: 0.850833
Initial average recall with ef=150: 0.850816
Recall diff is too small for 1 consecutive steps, break.
Recall diff is too small for 1 consecutive steps, break.
Recall diff is too small for 1 consecutive steps, break.
Recall diff is too small for 1 consecutive steps, break.
Weighted average ef: 704.56
Training convergence-bucket 8 [65.7343, 73.6414) with 300 queries (recall=0.98).
Average Recall: 0.855766
Initial average recall with ef=100: 0.858185
Average Recall: 0.908066
Initial average recall with ef=150: 0.910377
Recall diff is too small for 1 consecutive steps, break.
Recall diff is too small for 1 consecutive steps, break.
Recall diff is too small for 1 consecutive steps, break.
Recall diff is too small for 1 consecutive steps, break.
Weighted average ef: 584.92
Training convergence-bucket 9 [73.6414, inf) with 300 queries (recall=0.98).
Average Recall: 0.935691
Initial average recall with ef=100: 0.931444
Average Recall: 0.960472
Initial average recall with ef=150: 0.956388
Recall diff is too small for 1 consecutive steps, break.
Recall diff is too small for 1 consecutive steps, break.
Recall diff is too small for 1 consecutive steps, break.
Weighted average ef: 217.447
Reconstructed True WAE: 1055.65 (Hard Pct: 0.00823333)
  Avg Ef Hard (bucketed): 3345.68 | Avg Ef Easy (bucketed): 1036.64
****Weighted average ef: 1055
Search time: 11811 ms
Search time: 11727 ms
Search time: 11100 ms
Average Recall: 0.97491
5th percentile recall: 0.93
1st percentile recall: 0.88
Median search time: 11727 ms
Search times: 11100 ms, 11727 ms, 11811 ms, 
tiny5m-384-euclidean experiment results:
statisc_length, time, avg_recall, 5th_percentile_recall, 1st_percentile_recall, recall_above_99, recall_above_95, recall_above_90
1025, 11727, 0.97491, 0.93, 0.88, 493, 834, 980
Experiment finished


Dataset: msmarco
Metric: cd
Normalize the data vectors
Data vectors dimensions: 8841823 x 1536
Query vectors dimensions: 6980 x 1536
Neighbors dimensions: 6980 x 1000
Using AVX Inner Product distance
Index loaded
Dimension of space:1536
Data size of space:6144

--- Gamma: 8 ---

Loading samplings from /home/yc.shea/experiments/shiro-ef/sampling/msmarco-samplings--k1000-ef.bin
Samplings loaded from /home/yc.shea/experiments/shiro-ef/sampling/msmarco-samplings--k1000-ef.bin
Average Recall: 0.953913
Initial average recall with ef=1000: 0.954011
Average Recall: 0.973458
Initial average recall with ef=1500: 0.973531
Weighted average ef: 1377.23
Per-bucket recall: conv_p20=41.1075 hard_recall=0.95 easy_recall=0.98
Training convergence-bucket 0 [17.9473, 35.9694) with 300 queries (recall=0.95).
Average Recall: 0.860363
Initial average recall with ef=1000: 0.858523
Average Recall: 0.909133
Initial average recall with ef=1500: 0.907948
Weighted average ef: 2568.51
Training convergence-bucket 1 [35.9694, 41.1075) with 300 queries (recall=0.95).
Average Recall: 0.897014
Initial average recall with ef=1000: 0.893634
Average Recall: 0.937497
Initial average recall with ef=1500: 0.935264
Weighted average ef: 1916.24
Training convergence-bucket 2 [41.1075, 47.4517) with 300 queries (recall=0.98).
Average Recall: 0.917077
Initial average recall with ef=1000: 0.912586
Average Recall: 0.950497
Initial average recall with ef=1500: 0.947553
Weighted average ef: 2796.64
Training convergence-bucket 3 [47.4517, 58.1187) with 300 queries (recall=0.98).
Average Recall: 0.9553
Initial average recall with ef=1000: 0.953609
Average Recall: 0.976166
Initial average recall with ef=1500: 0.975077
Weighted average ef: 1850.5
Training convergence-bucket 4 [58.1187, 63.5579) with 300 queries (recall=0.98).
Average Recall: 0.973806
Initial average recall with ef=1000: 0.974159
Average Recall: 0.987783
Initial average recall with ef=1500: 0.988213
Weighted average ef: 1305.37
Training convergence-bucket 5 [63.5579, 68.0177) with 300 queries (recall=0.98).
Average Recall: 0.98075
Initial average recall with ef=1000: 0.980819
Average Recall: 0.991319
Initial average recall with ef=1500: 0.991338
Weighted average ef: 1155
Training convergence-bucket 6 [68.0177, 71.4365) with 300 queries (recall=0.98).
Average Recall: 0.981896
Initial average recall with ef=1000: 0.982278
Average Recall: 0.991956
Initial average recall with ef=1500: 0.9922
Weighted average ef: 1139.26
Training convergence-bucket 7 [71.4365, 74.4067) with 300 queries (recall=0.98).
Average Recall: 0.988536
Initial average recall with ef=1000: 0.989311
Average Recall: 0.995516
Initial average recall with ef=1500: 0.995895
Weighted average ef: 1045.09
Training convergence-bucket 8 [74.4067, 77.4755) with 300 queries (recall=0.98).
Average Recall: 0.989832
Initial average recall with ef=1000: 0.990444
Average Recall: 0.996282
Initial average recall with ef=1500: 0.996521
Weighted average ef: 1003.33
Training convergence-bucket 9 [77.4755, inf) with 300 queries (recall=0.98).
Average Recall: 0.994512
Initial average recall with ef=1000: 0.995029
Average Recall: 0.998359
Initial average recall with ef=1500: 0.998511
Weighted average ef: 910
Reconstructed True WAE: 1191.86 (Hard Pct: 0.0271333)
  Avg Ef Hard (bucketed): 2188.67 | Avg Ef Easy (bucketed): 1164.06
****Weighted average ef: 1191
Search time: 218296 ms
Search time: 217148 ms
Search time: 215681 ms
Average Recall: 0.977039
5th percentile recall: 0.913
1st percentile recall: 0.856
Median search time: 217148 ms
Search times: 215681 ms, 217148 ms, 218296 ms, 
msmarco experiment results:
statisc_length, time, avg_recall, 5th_percentile_recall, 1st_percentile_recall, recall_above_99, recall_above_95, recall_above_90
1025, 217148, 0.977039, 0.913, 0.856, 3371, 5987, 6743
Experiment finished

--- Gamma: 12 ---

Loading samplings from /home/yc.shea/experiments/shiro-ef/sampling/msmarco-samplings--k1000-ef.bin
Samplings loaded from /home/yc.shea/experiments/shiro-ef/sampling/msmarco-samplings--k1000-ef.bin
Average Recall: 0.953913
Initial average recall with ef=1000: 0.954011
Average Recall: 0.973458
Initial average recall with ef=1500: 0.973531
Weighted average ef: 1377.23
Per-bucket recall: conv_p20=49.1194 hard_recall=0.95 easy_recall=0.98
Training convergence-bucket 0 [16.5133, 43.7942) with 300 queries (recall=0.95).
Average Recall: 0.862267
Initial average recall with ef=1000: 0.860035
Average Recall: 0.910323
Initial average recall with ef=1500: 0.908851
Weighted average ef: 2597.01
Training convergence-bucket 1 [43.7942, 49.1194) with 300 queries (recall=0.95).
Average Recall: 0.89929
Initial average recall with ef=1000: 0.895864
Average Recall: 0.939243
Initial average recall with ef=1500: 0.936964
Weighted average ef: 1921.11
Training convergence-bucket 2 [49.1194, 54.6362) with 300 queries (recall=0.98).
Average Recall: 0.914176
Initial average recall with ef=1000: 0.910061
Average Recall: 0.948237
Initial average recall with ef=1500: 0.945484
Weighted average ef: 2959.69
Training convergence-bucket 3 [54.6362, 65.2415) with 300 queries (recall=0.98).
Average Recall: 0.95503
Initial average recall with ef=1000: 0.953875
Average Recall: 0.976133
Initial average recall with ef=1500: 0.975414
Weighted average ef: 1869.64
Training convergence-bucket 4 [65.2415, 69.9506) with 300 queries (recall=0.98).
Average Recall: 0.974476
Initial average recall with ef=1000: 0.974619
Average Recall: 0.987929
Initial average recall with ef=1500: 0.988175
Weighted average ef: 1275
Training convergence-bucket 5 [69.9506, 73.7705) with 300 queries (recall=0.98).
Average Recall: 0.97962
Initial average recall with ef=1000: 0.979374
Average Recall: 0.990849
Initial average recall with ef=1500: 0.990704
Weighted average ef: 1151.67
Training convergence-bucket 6 [73.7705, 76.5102) with 300 queries (recall=0.98).
Average Recall: 0.982763
Initial average recall with ef=1000: 0.983516
Average Recall: 0.992473
Initial average recall with ef=1500: 0.992902
Weighted average ef: 1065
Training convergence-bucket 7 [76.5102, 78.7947) with 300 queries (recall=0.98).
Average Recall: 0.987369
Initial average recall with ef=1000: 0.989385
Average Recall: 0.994796
Initial average recall with ef=1500: 0.996032
Weighted average ef: 1010
Training convergence-bucket 8 [78.7947, 81.0699) with 300 queries (recall=0.98).
Average Recall: 0.990436
Initial average recall with ef=1000: 0.99116
Average Recall: 0.99654
Initial average recall with ef=1500: 0.996826
Weighted average ef: 960
Training convergence-bucket 9 [81.0699, inf) with 300 queries (recall=0.98).
Average Recall: 0.993659
Initial average recall with ef=1000: 0.994374
Average Recall: 0.997986
Initial average recall with ef=1500: 0.998273
Weighted average ef: 943.333
Reconstructed True WAE: 1198.77 (Hard Pct: 0.0271333)
  Avg Ef Hard (bucketed): 2161.76 | Avg Ef Easy (bucketed): 1171.91
****Weighted average ef: 1198
Search time: 215326 ms
Search time: 218101 ms
Search time: 218193 ms
Average Recall: 0.977027
5th percentile recall: 0.912
1st percentile recall: 0.854
Median search time: 218101 ms
Search times: 215326 ms, 218101 ms, 218193 ms, 
msmarco experiment results:
statisc_length, time, avg_recall, 5th_percentile_recall, 1st_percentile_recall, recall_above_99, recall_above_95, recall_above_90
1025, 218101, 0.977027, 0.912, 0.854, 3351, 6001, 6737
Experiment finished

--- Gamma: 16 ---

Loading samplings from /home/yc.shea/experiments/shiro-ef/sampling/msmarco-samplings--k1000-ef.bin
Samplings loaded from /home/yc.shea/experiments/shiro-ef/sampling/msmarco-samplings--k1000-ef.bin
Average Recall: 0.953913
Initial average recall with ef=1000: 0.954011
Average Recall: 0.973458
Initial average recall with ef=1500: 0.973531
Weighted average ef: 1377.23
Per-bucket recall: conv_p20=54.7226 hard_recall=0.95 easy_recall=0.98
Training convergence-bucket 0 [13.7411, 49.5293) with 300 queries (recall=0.95).
Average Recall: 0.86397
Initial average recall with ef=1000: 0.860909
Average Recall: 0.911523
Initial average recall with ef=1500: 0.909495
Weighted average ef: 2557.87
Training convergence-bucket 1 [49.5293, 54.7226) with 300 queries (recall=0.95).
Average Recall: 0.897813
Initial average recall with ef=1000: 0.894583
Average Recall: 0.93784
Initial average recall with ef=1500: 0.935738
Weighted average ef: 1954.44
Training convergence-bucket 2 [54.7226, 59.6962) with 300 queries (recall=0.98).
Average Recall: 0.915037
Initial average recall with ef=1000: 0.911511
Average Recall: 0.94923
Initial average recall with ef=1500: 0.946904
Weighted average ef: 2890.88
Training convergence-bucket 3 [59.6962, 69.4004) with 300 queries (recall=0.98).
Average Recall: 0.955096
Initial average recall with ef=1000: 0.953223
Average Recall: 0.976103
Initial average recall with ef=1500: 0.974907
Weighted average ef: 1860.85
Training convergence-bucket 4 [69.4004, 73.6055) with 300 queries (recall=0.98).
Average Recall: 0.973646
Initial average recall with ef=1000: 0.975038
Average Recall: 0.987336
Initial average recall with ef=1500: 0.988369
Weighted average ef: 1236.67
Training convergence-bucket 5 [73.6055, 76.8759) with 300 queries (recall=0.98).
Average Recall: 0.97901
Initial average recall with ef=1000: 0.978671
Average Recall: 0.990579
Initial average recall with ef=1500: 0.990466
Weighted average ef: 1231.67
Training convergence-bucket 6 [76.8759, 79.0543) with 300 queries (recall=0.98).
Average Recall: 0.982966
Initial average recall with ef=1000: 0.983896
Average Recall: 0.992459
Initial average recall with ef=1500: 0.99295
Weighted average ef: 1075
Training convergence-bucket 7 [79.0543, 80.953) with 300 queries (recall=0.98).
Average Recall: 0.987543
Initial average recall with ef=1000: 0.989697
Average Recall: 0.994896
Initial average recall with ef=1500: 0.996153
Weighted average ef: 971.667
Training convergence-bucket 8 [80.953, 82.819) with 300 queries (recall=0.98).
Average Recall: 0.991033
Initial average recall with ef=1000: 0.991553
Average Recall: 0.996786
Initial average recall with ef=1500: 0.997032
Weighted average ef: 980
Training convergence-bucket 9 [82.819, inf) with 300 queries (recall=0.98).
Average Recall: 0.992972
Initial average recall with ef=1000: 0.993832
Average Recall: 0.997756
Initial average recall with ef=1500: 0.998065
Weighted average ef: 941.667
Reconstructed True WAE: 1191.84 (Hard Pct: 0.0271333)
  Avg Ef Hard (bucketed): 2131.08 | Avg Ef Easy (bucketed): 1165.64
****Weighted average ef: 1191
Search time: 215216 ms
Search time: 217420 ms
Search time: 220546 ms
Average Recall: 0.976829
5th percentile recall: 0.911
1st percentile recall: 0.853
Median search time: 217420 ms
Search times: 215216 ms, 217420 ms, 220546 ms, 
msmarco experiment results:
statisc_length, time, avg_recall, 5th_percentile_recall, 1st_percentile_recall, recall_above_99, recall_above_95, recall_above_90
1025, 217420, 0.976829, 0.911, 0.853, 3351, 5997, 6732
Experiment finished

--- Gamma: 24 ---

Loading samplings from /home/yc.shea/experiments/shiro-ef/sampling/msmarco-samplings--k1000-ef.bin
Samplings loaded from /home/yc.shea/experiments/shiro-ef/sampling/msmarco-samplings--k1000-ef.bin
Average Recall: 0.953913
Initial average recall with ef=1000: 0.954011
Average Recall: 0.973458
Initial average recall with ef=1500: 0.973531
Weighted average ef: 1377.23
Per-bucket recall: conv_p20=62.3074 hard_recall=0.95 easy_recall=0.98
Training convergence-bucket 0 [10.6164, 57.5864) with 300 queries (recall=0.95).
Average Recall: 0.867037
Initial average recall with ef=1000: 0.863207
Average Recall: 0.913567
Initial average recall with ef=1500: 0.911025
Weighted average ef: 2565.5
Training convergence-bucket 1 [57.5864, 62.3074) with 300 queries (recall=0.95).
Average Recall: 0.898923
Initial average recall with ef=1000: 0.896912
Average Recall: 0.938423
Initial average recall with ef=1500: 0.937232
Weighted average ef: 1941.64
Training convergence-bucket 2 [62.3074, 66.6537) with 300 queries (recall=0.98).
Average Recall: 0.91509
Initial average recall with ef=1000: 0.912105
Average Recall: 0.94936
Initial average recall with ef=1500: 0.947668
Weighted average ef: 2894.71
Training convergence-bucket 3 [66.6537, 74.1935) with 300 queries (recall=0.98).
Average Recall: 0.952713
Initial average recall with ef=1000: 0.951296
Average Recall: 0.9743
Initial average recall with ef=1500: 0.973419
Weighted average ef: 1949.02
Training convergence-bucket 4 [74.1935, 77.4982) with 300 queries (recall=0.98).
Average Recall: 0.972613
Initial average recall with ef=1000: 0.973284
Average Recall: 0.986603
Initial average recall with ef=1500: 0.987207
Weighted average ef: 1283.33
Training convergence-bucket 5 [77.4982, 79.8566) with 300 queries (recall=0.98).
Average Recall: 0.979566
Initial average recall with ef=1000: 0.979842
Average Recall: 0.991133
Initial average recall with ef=1500: 0.991333
Weighted average ef: 1163.68
Training convergence-bucket 6 [79.8566, 81.4644) with 300 queries (recall=0.98).
Average Recall: 0.982552
Initial average recall with ef=1000: 0.982532
Average Recall: 0.992172
Initial average recall with ef=1500: 0.992155
Weighted average ef: 1151.67
Training convergence-bucket 7 [81.4644, 82.8756) with 300 queries (recall=0.98).
Average Recall: 0.988206
Initial average recall with ef=1000: 0.989684
Average Recall: 0.995326
Initial average recall with ef=1500: 0.996277
Weighted average ef: 983.333
Training convergence-bucket 8 [82.8756, 84.4732) with 300 queries (recall=0.98).
Average Recall: 0.989853
Initial average recall with ef=1000: 0.990823
Average Recall: 0.996106
Initial average recall with ef=1500: 0.996611
Weighted average ef: 996.667
Training convergence-bucket 9 [84.4732, inf) with 300 queries (recall=0.98).
Average Recall: 0.992532
Initial average recall with ef=1000: 0.99304
Average Recall: 0.997519
Initial average recall with ef=1500: 0.99774
Weighted average ef: 943.333
Reconstructed True WAE: 1146.13 (Hard Pct: 0.0271333)
  Avg Ef Hard (bucketed): 2149.71 | Avg Ef Easy (bucketed): 1118.14
****Weighted average ef: 1146
Search time: 212000 ms
Search time: 225162 ms
Search time: 210613 ms
Average Recall: 0.975889
5th percentile recall: 0.909
1st percentile recall: 0.846
Median search time: 212000 ms
Search times: 210613 ms, 212000 ms, 225162 ms, 
msmarco experiment results:
statisc_length, time, avg_recall, 5th_percentile_recall, 1st_percentile_recall, recall_above_99, recall_above_95, recall_above_90
1025, 212000, 0.975889, 0.909, 0.846, 3295, 5958, 6708
Experiment finished

--- Gamma: 32 ---

Loading samplings from /home/yc.shea/experiments/shiro-ef/sampling/msmarco-samplings--k1000-ef.bin
Samplings loaded from /home/yc.shea/experiments/shiro-ef/sampling/msmarco-samplings--k1000-ef.bin
Average Recall: 0.953913
Initial average recall with ef=1000: 0.954011
Average Recall: 0.973458
Initial average recall with ef=1500: 0.973531
Weighted average ef: 1377.23
Per-bucket recall: conv_p20=67.2994 hard_recall=0.95 easy_recall=0.98
Training convergence-bucket 0 [9.32158, 62.8579) with 300 queries (recall=0.95).
Average Recall: 0.87165
Initial average recall with ef=1000: 0.867877
Average Recall: 0.916927
Initial average recall with ef=1500: 0.914442
Weighted average ef: 2481.96
Training convergence-bucket 1 [62.8579, 67.2994) with 300 queries (recall=0.95).
Average Recall: 0.89927
Initial average recall with ef=1000: 0.896462
Average Recall: 0.938096
Initial average recall with ef=1500: 0.936193
Weighted average ef: 1921.66
Training convergence-bucket 2 [67.2994, 71.474) with 300 queries (recall=0.98).
Average Recall: 0.915386
Initial average recall with ef=1000: 0.913173
Average Recall: 0.949727
Initial average recall with ef=1500: 0.948749
Weighted average ef: 2870.14
Training convergence-bucket 3 [71.474, 76.7446) with 300 queries (recall=0.98).
Average Recall: 0.95199
Initial average recall with ef=1000: 0.949924
Average Recall: 0.973539
Initial average recall with ef=1500: 0.97227
Weighted average ef: 1900.96
Training convergence-bucket 4 [76.7446, 79.4914) with 300 queries (recall=0.98).
Average Recall: 0.97196
Initial average recall with ef=1000: 0.971917
Average Recall: 0.986349
Initial average recall with ef=1500: 0.9865
Weighted average ef: 1381.74
Training convergence-bucket 5 [79.4914, 81.2414) with 300 queries (recall=0.98).
Average Recall: 0.978666
Initial average recall with ef=1000: 0.979521
Average Recall: 0.990459
Initial average recall with ef=1500: 0.991049
Weighted average ef: 1255
Training convergence-bucket 6 [81.2414, 82.5913) with 300 queries (recall=0.98).
Average Recall: 0.98138
Initial average recall with ef=1000: 0.983092
Average Recall: 0.991336
Initial average recall with ef=1500: 0.992438
Weighted average ef: 1133.33
Training convergence-bucket 7 [82.5913, 83.9163) with 300 queries (recall=0.98).
Average Recall: 0.987723
Initial average recall with ef=1000: 0.988694
Average Recall: 0.994979
Initial average recall with ef=1500: 0.995613
Weighted average ef: 1026.67
Training convergence-bucket 8 [83.9163, 85.4265) with 300 queries (recall=0.98).
Average Recall: 0.989026
Initial average recall with ef=1000: 0.98965
Average Recall: 0.995842
Initial average recall with ef=1500: 0.996152
Weighted average ef: 993.333
Training convergence-bucket 9 [85.4265, inf) with 300 queries (recall=0.98).
Average Recall: 0.992035
Initial average recall with ef=1000: 0.993279
Average Recall: 0.997252
Initial average recall with ef=1500: 0.997893
Weighted average ef: 943.333
Reconstructed True WAE: 1170.7 (Hard Pct: 0.0271333)
  Avg Ef Hard (bucketed): 2172.94 | Avg Ef Easy (bucketed): 1142.75
****Weighted average ef: 1170
Search time: 212360 ms
Search time: 214000 ms
Search time: 219087 ms
Average Recall: 0.97608
5th percentile recall: 0.91
1st percentile recall: 0.846
Median search time: 214000 ms
Search times: 212360 ms, 214000 ms, 219087 ms, 
msmarco experiment results:
statisc_length, time, avg_recall, 5th_percentile_recall, 1st_percentile_recall, recall_above_99, recall_above_95, recall_above_90
1025, 214000, 0.97608, 0.91, 0.846, 3315, 5972, 6694
Experiment finished


Dataset: cohere
Metric: cd
Normalize the data vectors
Data vectors dimensions: 18380565 x 1024
Query vectors dimensions: 1677 x 1024
Neighbors dimensions: 1677 x 1000
Using AVX Inner Product distance
Index loaded
Dimension of space:1024
Data size of space:4096

--- Gamma: 8 ---

Loading samplings from /home/yc.shea/experiments/shiro-ef/sampling/cohere-samplings--k1000-ef.bin
Samplings loaded from /home/yc.shea/experiments/shiro-ef/sampling/cohere-samplings--k1000-ef.bin
Average Recall: 0.949602
Initial average recall with ef=1000: 0.949743
Average Recall: 0.970867
Initial average recall with ef=1500: 0.971027
Weighted average ef: 1399.54
Per-bucket recall: conv_p20=42.0404 hard_recall=0.95 easy_recall=0.98
Training convergence-bucket 0 [9.55012, 36.0922) with 300 queries (recall=0.95).
Average Recall: 0.874354
Initial average recall with ef=1000: 0.867114
Average Recall: 0.9172
Initial average recall with ef=1500: 0.912233
Weighted average ef: 2525.94
Training convergence-bucket 1 [36.0922, 42.0404) with 300 queries (recall=0.95).
Average Recall: 0.892777
Initial average recall with ef=1000: 0.887523
Average Recall: 0.93212
Initial average recall with ef=1500: 0.928652
Weighted average ef: 2044.26
Training convergence-bucket 2 [42.0404, 50.3199) with 300 queries (recall=0.98).
Average Recall: 0.93825
Initial average recall with ef=1000: 0.935317
Average Recall: 0.964777
Initial average recall with ef=1500: 0.962968
Weighted average ef: 2097.37
Training convergence-bucket 3 [50.3199, 55.6488) with 300 queries (recall=0.98).
Average Recall: 0.954954
Initial average recall with ef=1000: 0.953662
Average Recall: 0.97566
Initial average recall with ef=1500: 0.975022
Weighted average ef: 1814.87
Training convergence-bucket 4 [55.6488, 59.6556) with 300 queries (recall=0.98).
Average Recall: 0.962464
Initial average recall with ef=1000: 0.963989
Average Recall: 0.98072
Initial average recall with ef=1500: 0.981909
Weighted average ef: 1545.98
Training convergence-bucket 5 [59.6556, 62.9841) with 300 queries (recall=0.98).
Average Recall: 0.965106
Initial average recall with ef=1000: 0.966338
Average Recall: 0.982213
Initial average recall with ef=1500: 0.983306
Weighted average ef: 1550.11
Training convergence-bucket 6 [62.9841, 66.2138) with 300 queries (recall=0.98).
Average Recall: 0.973133
Initial average recall with ef=1000: 0.974894
Average Recall: 0.987366
Initial average recall with ef=1500: 0.988683
Weighted average ef: 1281.06
Training convergence-bucket 7 [66.2138, 69.1492) with 300 queries (recall=0.98).
Average Recall: 0.974066
Initial average recall with ef=1000: 0.975913
Average Recall: 0.9874
Initial average recall with ef=1500: 0.98857
Weighted average ef: 1296.83
Training convergence-bucket 8 [69.1492, 72.7656) with 300 queries (recall=0.98).
Average Recall: 0.97935
Initial average recall with ef=1000: 0.980671
Average Recall: 0.990902
Initial average recall with ef=1500: 0.991887
Weighted average ef: 1173.33
Training convergence-bucket 9 [72.7656, inf) with 300 queries (recall=0.98).
Average Recall: 0.981543
Initial average recall with ef=1000: 0.984982
Average Recall: 0.990269
Initial average recall with ef=1500: 0.993179
Weighted average ef: 1030
Reconstructed True WAE: 1278.98 (Hard Pct: 0.0192333)
  Avg Ef Hard (bucketed): 2349.84 | Avg Ef Easy (bucketed): 1257.98
****Weighted average ef: 1278
Search time: 51730 ms
Search time: 50851 ms
Search time: 52401 ms
Average Recall: 0.969364
5th percentile recall: 0.879
1st percentile recall: 0.724
Median search time: 51730 ms
Search times: 50851 ms, 51730 ms, 52401 ms, 
cohere experiment results:
statisc_length, time, avg_recall, 5th_percentile_recall, 1st_percentile_recall, recall_above_99, recall_above_95, recall_above_90
1025, 51730, 0.969364, 0.879, 0.724, 693, 1405, 1563
Experiment finished

--- Gamma: 12 ---

Loading samplings from /home/yc.shea/experiments/shiro-ef/sampling/cohere-samplings--k1000-ef.bin
Samplings loaded from /home/yc.shea/experiments/shiro-ef/sampling/cohere-samplings--k1000-ef.bin
Average Recall: 0.949602
Initial average recall with ef=1000: 0.949743
Average Recall: 0.970867
Initial average recall with ef=1500: 0.971027
Weighted average ef: 1399.54
Per-bucket recall: conv_p20=48.8535 hard_recall=0.95 easy_recall=0.98
Training convergence-bucket 0 [8.17825, 42.885) with 300 queries (recall=0.95).
Average Recall: 0.87815
Initial average recall with ef=1000: 0.872529
Average Recall: 0.919353
Initial average recall with ef=1500: 0.915496
Weighted average ef: 2484.05
Training convergence-bucket 1 [42.885, 48.8535) with 300 queries (recall=0.95).
Average Recall: 0.892273
Initial average recall with ef=1000: 0.884291
Average Recall: 0.932114
Initial average recall with ef=1500: 0.926566
Weighted average ef: 2029.33
Training convergence-bucket 2 [48.8535, 57.7024) with 300 queries (recall=0.98).
Average Recall: 0.93635
Initial average recall with ef=1000: 0.93412
Average Recall: 0.96352
Initial average recall with ef=1500: 0.962295
Weighted average ef: 2171.42
Training convergence-bucket 3 [57.7024, 62.573) with 300 queries (recall=0.98).
Average Recall: 0.955897
Initial average recall with ef=1000: 0.95462
Average Recall: 0.976313
Initial average recall with ef=1500: 0.975584
Weighted average ef: 1799.69
Training convergence-bucket 4 [62.573, 66.1643) with 300 queries (recall=0.98).
Average Recall: 0.962463
Initial average recall with ef=1000: 0.964835
Average Recall: 0.980726
Initial average recall with ef=1500: 0.982579
Weighted average ef: 1479.16
Training convergence-bucket 5 [66.1643, 69.0547) with 300 queries (recall=0.98).
Average Recall: 0.964626
Initial average recall with ef=1000: 0.966196
Average Recall: 0.98165
Initial average recall with ef=1500: 0.982985
Weighted average ef: 1505.8
Training convergence-bucket 6 [69.0547, 71.7691) with 300 queries (recall=0.98).
Average Recall: 0.973133
Initial average recall with ef=1000: 0.973664
Average Recall: 0.987499
Initial average recall with ef=1500: 0.987962
Weighted average ef: 1314.4
Training convergence-bucket 7 [71.7691, 74.3641) with 300 queries (recall=0.98).
Average Recall: 0.973353
Initial average recall with ef=1000: 0.975922
Average Recall: 0.987046
Initial average recall with ef=1500: 0.98888
Weighted average ef: 1258.33
Training convergence-bucket 8 [74.3641, 77.3297) with 300 queries (recall=0.98).
Average Recall: 0.979767
Initial average recall with ef=1000: 0.980564
Average Recall: 0.991073
Initial average recall with ef=1500: 0.991547
Weighted average ef: 1203.33
Training convergence-bucket 9 [77.3297, inf) with 300 queries (recall=0.98).
Average Recall: 0.979983
Initial average recall with ef=1000: 0.983884
Average Recall: 0.989333
Initial average recall with ef=1500: 0.992698
Weighted average ef: 1051.67
Reconstructed True WAE: 1282.49 (Hard Pct: 0.0192333)
  Avg Ef Hard (bucketed): 2237.44 | Avg Ef Easy (bucketed): 1263.76
****Weighted average ef: 1282
Search time: 51914 ms
Search time: 53180 ms
Search time: 52797 ms
Average Recall: 0.96847
5th percentile recall: 0.876
1st percentile recall: 0.724
Median search time: 52797 ms
Search times: 51914 ms, 52797 ms, 53180 ms, 
cohere experiment results:
statisc_length, time, avg_recall, 5th_percentile_recall, 1st_percentile_recall, recall_above_99, recall_above_95, recall_above_90
1025, 52797, 0.96847, 0.876, 0.724, 686, 1395, 1559
Experiment finished

--- Gamma: 16 ---

Loading samplings from /home/yc.shea/experiments/shiro-ef/sampling/cohere-samplings--k1000-ef.bin
Samplings loaded from /home/yc.shea/experiments/shiro-ef/sampling/cohere-samplings--k1000-ef.bin
Average Recall: 0.949602
Initial average recall with ef=1000: 0.949743
Average Recall: 0.970867
Initial average recall with ef=1500: 0.971027
Weighted average ef: 1399.54
Per-bucket recall: conv_p20=53.6956 hard_recall=0.95 easy_recall=0.98
Training convergence-bucket 0 [7.12137, 47.2788) with 300 queries (recall=0.95).
Average Recall: 0.880264
Initial average recall with ef=1000: 0.874307
Average Recall: 0.920297
Initial average recall with ef=1500: 0.915931
Recall diff is too small for 1 consecutive steps, break.
Weighted average ef: 2448.28
Training convergence-bucket 1 [47.2788, 53.6956) with 300 queries (recall=0.95).
Average Recall: 0.892633
Initial average recall with ef=1000: 0.883615
Average Recall: 0.932667
Initial average recall with ef=1500: 0.92658
Weighted average ef: 1977.89
Training convergence-bucket 2 [53.6956, 62.295) with 300 queries (recall=0.98).
Average Recall: 0.934647
Initial average recall with ef=1000: 0.931992
Average Recall: 0.962513
Initial average recall with ef=1500: 0.960966
Weighted average ef: 2247.67
Training convergence-bucket 3 [62.295, 66.7162) with 300 queries (recall=0.98).
Average Recall: 0.95837
Initial average recall with ef=1000: 0.957904
Average Recall: 0.97782
Initial average recall with ef=1500: 0.977638
Weighted average ef: 1761.89
Training convergence-bucket 4 [66.7162, 69.9602) with 300 queries (recall=0.98).
Average Recall: 0.961089
Initial average recall with ef=1000: 0.961336
Average Recall: 0.979833
Initial average recall with ef=1500: 0.980146
Weighted average ef: 1545.46
Training convergence-bucket 5 [69.9602, 72.4964) with 300 queries (recall=0.98).
Average Recall: 0.965393
Initial average recall with ef=1000: 0.96585
Average Recall: 0.9825
Initial average recall with ef=1500: 0.982962
Weighted average ef: 1545
Training convergence-bucket 6 [72.4964, 74.83) with 300 queries (recall=0.98).
Average Recall: 0.97238
Initial average recall with ef=1000: 0.973655
Average Recall: 0.986429
Initial average recall with ef=1500: 0.987525
Weighted average ef: 1299.79
Training convergence-bucket 7 [74.83, 76.9645) with 300 queries (recall=0.98).
Average Recall: 0.972957
Initial average recall with ef=1000: 0.973571
Average Recall: 0.987229
Initial average recall with ef=1500: 0.987721
Weighted average ef: 1333.33
Training convergence-bucket 8 [76.9645, 79.6261) with 300 queries (recall=0.98).
Average Recall: 0.979266
Initial average recall with ef=1000: 0.981312
Average Recall: 0.990536
Initial average recall with ef=1500: 0.991888
Weighted average ef: 1171.67
Training convergence-bucket 9 [79.6261, inf) with 300 queries (recall=0.98).
Average Recall: 0.978996
Initial average recall with ef=1000: 0.983149
Average Recall: 0.988803
Initial average recall with ef=1500: 0.992287
Weighted average ef: 1055
Reconstructed True WAE: 1325.43 (Hard Pct: 0.0192333)
  Avg Ef Hard (bucketed): 2242.81 | Avg Ef Easy (bucketed): 1307.44
****Weighted average ef: 1325
Search time: 52658 ms
Search time: 53441 ms
Search time: 53367 ms
Average Recall: 0.968477
5th percentile recall: 0.877
1st percentile recall: 0.717
Median search time: 53367 ms
Search times: 52658 ms, 53367 ms, 53441 ms, 
cohere experiment results:
statisc_length, time, avg_recall, 5th_percentile_recall, 1st_percentile_recall, recall_above_99, recall_above_95, recall_above_90
1025, 53367, 0.968477, 0.877, 0.717, 709, 1393, 1559
Experiment finished

--- Gamma: 24 ---

Loading samplings from /home/yc.shea/experiments/shiro-ef/sampling/cohere-samplings--k1000-ef.bin
Samplings loaded from /home/yc.shea/experiments/shiro-ef/sampling/cohere-samplings--k1000-ef.bin
Average Recall: 0.949602
Initial average recall with ef=1000: 0.949743
Average Recall: 0.970867
Initial average recall with ef=1500: 0.971027
Weighted average ef: 1399.54
Per-bucket recall: conv_p20=60.6413 hard_recall=0.95 easy_recall=0.98
Training convergence-bucket 0 [6.15914, 53.2863) with 300 queries (recall=0.95).
Average Recall: 0.887673
Initial average recall with ef=1000: 0.882091
Average Recall: 0.925386
Initial average recall with ef=1500: 0.921279
Recall diff is too small for 1 consecutive steps, break.
Weighted average ef: 2281.31
Training convergence-bucket 1 [53.2863, 60.6413) with 300 queries (recall=0.95).
Average Recall: 0.894326
Initial average recall with ef=1000: 0.88381
Average Recall: 0.933807
Initial average recall with ef=1500: 0.926536
Weighted average ef: 2063.2
Training convergence-bucket 2 [60.6413, 67.568) with 300 queries (recall=0.98).
Average Recall: 0.927533
Initial average recall with ef=1000: 0.924592
Average Recall: 0.957376
Initial average recall with ef=1500: 0.955618
Weighted average ef: 2416.96
Training convergence-bucket 3 [67.568, 71.4053) with 300 queries (recall=0.98).
Average Recall: 0.960823
Initial average recall with ef=1000: 0.962178
Average Recall: 0.979693
Initial average recall with ef=1500: 0.980696
Weighted average ef: 1623.69
Training convergence-bucket 4 [71.4053, 73.8649) with 300 queries (recall=0.98).
Average Recall: 0.961606
Initial average recall with ef=1000: 0.963118
Average Recall: 0.980263
Initial average recall with ef=1500: 0.981265
Weighted average ef: 1570.33
Training convergence-bucket 5 [73.8649, 75.9161) with 300 queries (recall=0.98).
Average Recall: 0.963386
Initial average recall with ef=1000: 0.966111
Average Recall: 0.980733
Initial average recall with ef=1500: 0.982893
Weighted average ef: 1514.73
Training convergence-bucket 6 [75.9161, 77.8477) with 300 queries (recall=0.98).
Average Recall: 0.970263
Initial average recall with ef=1000: 0.970828
Average Recall: 0.9857
Initial average recall with ef=1500: 0.986147
Weighted average ef: 1396.67
Training convergence-bucket 7 [77.8477, 79.6198) with 300 queries (recall=0.98).
Average Recall: 0.974203
Initial average recall with ef=1000: 0.977171
Average Recall: 0.987519
Initial average recall with ef=1500: 0.989617
Weighted average ef: 1225.33
Training convergence-bucket 8 [79.6198, 81.8543) with 300 queries (recall=0.98).
Average Recall: 0.97707
Initial average recall with ef=1000: 0.98018
Average Recall: 0.989256
Initial average recall with ef=1500: 0.991435
Weighted average ef: 1161.67
Training convergence-bucket 9 [81.8543, inf) with 300 queries (recall=0.98).
Average Recall: 0.97911
Initial average recall with ef=1000: 0.98243
Average Recall: 0.988893
Initial average recall with ef=1500: 0.991863
Weighted average ef: 1073.33
Reconstructed True WAE: 1344.29 (Hard Pct: 0.0192333)
  Avg Ef Hard (bucketed): 2264.82 | Avg Ef Easy (bucketed): 1326.24
****Weighted average ef: 1344
Search time: 53152 ms
Search time: 54216 ms
Search time: 53781 ms
Average Recall: 0.969027
5th percentile recall: 0.88
1st percentile recall: 0.728
Median search time: 53781 ms
Search times: 53152 ms, 53781 ms, 54216 ms, 
cohere experiment results:
statisc_length, time, avg_recall, 5th_percentile_recall, 1st_percentile_recall, recall_above_99, recall_above_95, recall_above_90
1025, 53781, 0.969027, 0.88, 0.728, 712, 1412, 1560
Experiment finished

--- Gamma: 32 ---

Loading samplings from /home/yc.shea/experiments/shiro-ef/sampling/cohere-samplings--k1000-ef.bin
Samplings loaded from /home/yc.shea/experiments/shiro-ef/sampling/cohere-samplings--k1000-ef.bin
Average Recall: 0.949602
Initial average recall with ef=1000: 0.949743
Average Recall: 0.970867
Initial average recall with ef=1500: 0.971027
Weighted average ef: 1399.54
Per-bucket recall: conv_p20=64.8981 hard_recall=0.95 easy_recall=0.98
Training convergence-bucket 0 [5.9855, 57.0835) with 300 queries (recall=0.95).
Average Recall: 0.89006
Initial average recall with ef=1000: 0.885354
Average Recall: 0.92729
Initial average recall with ef=1500: 0.923801
Recall diff is too small for 1 consecutive steps, break.
Weighted average ef: 2242.16
Training convergence-bucket 1 [57.0835, 64.8981) with 300 queries (recall=0.95).
Average Recall: 0.897756
Initial average recall with ef=1000: 0.885796
Average Recall: 0.93585
Initial average recall with ef=1500: 0.92758
Weighted average ef: 1902.09
Training convergence-bucket 2 [64.8981, 70.3881) with 300 queries (recall=0.98).
Average Recall: 0.928137
Initial average recall with ef=1000: 0.925691
Average Recall: 0.957547
Initial average recall with ef=1500: 0.956012
Weighted average ef: 2449.4
Training convergence-bucket 3 [70.3881, 73.7619) with 300 queries (recall=0.98).
Average Recall: 0.95558
Initial average recall with ef=1000: 0.957279
Average Recall: 0.976647
Initial average recall with ef=1500: 0.978015
Weighted average ef: 1692.59
Training convergence-bucket 4 [73.7619, 75.8745) with 300 queries (recall=0.98).
Average Recall: 0.96168
Initial average recall with ef=1000: 0.964692
Average Recall: 0.979846
Initial average recall with ef=1500: 0.982115
Weighted average ef: 1611.22
Training convergence-bucket 5 [75.8745, 77.6617) with 300 queries (recall=0.98).
Average Recall: 0.963386
Initial average recall with ef=1000: 0.965118
Average Recall: 0.981216
Initial average recall with ef=1500: 0.982394
Weighted average ef: 1525.5
Training convergence-bucket 6 [77.6617, 79.3325) with 300 queries (recall=0.98).
Average Recall: 0.971143
Initial average recall with ef=1000: 0.972943
Average Recall: 0.985976
Initial average recall with ef=1500: 0.987194
Weighted average ef: 1270
Training convergence-bucket 7 [79.3325, 81.1021) with 300 queries (recall=0.98).
Average Recall: 0.972243
Initial average recall with ef=1000: 0.975144
Average Recall: 0.985386
Initial average recall with ef=1500: 0.988109
Weighted average ef: 1340.42
Training convergence-bucket 8 [81.1021, 83.2042) with 300 queries (recall=0.98).
Average Recall: 0.975456
Initial average recall with ef=1000: 0.977884
Average Recall: 0.988413
Initial average recall with ef=1500: 0.990134
Weighted average ef: 1184.8
Training convergence-bucket 9 [83.2042, inf) with 300 queries (recall=0.98).
Average Recall: 0.980553
Initial average recall with ef=1000: 0.982792
Average Recall: 0.990456
Initial average recall with ef=1500: 0.992018
Weighted average ef: 1078.33
Reconstructed True WAE: 1300.71 (Hard Pct: 0.0192333)
  Avg Ef Hard (bucketed): 2266.49 | Avg Ef Easy (bucketed): 1281.77
****Weighted average ef: 1300
Search time: 51979 ms
Search time: 52280 ms
Search time: 53215 ms
Average Recall: 0.969094
5th percentile recall: 0.882
1st percentile recall: 0.73
Median search time: 52280 ms
Search times: 51979 ms, 52280 ms, 53215 ms, 
cohere experiment results:
statisc_length, time, avg_recall, 5th_percentile_recall, 1st_percentile_recall, recall_above_99, recall_above_95, recall_above_90
1025, 52280, 0.969094, 0.882, 0.73, 689, 1411, 1561
Experiment finished
Starting ablation study tests: n_convergence_buckets...




Dataset: deep-image-96-angular
Metric: cd
Normalize the data vectors
Data vectors dimensions: 9990000 x 96
Query vectors dimensions: 10000 x 96
Neighbors dimensions: 10000 x 100
Using AVX Inner Product distance
Index loaded
Dimension of space:96
Data size of space:384

--- n_convergence_buckets: 5 ---

Loading samplings from /home/yc.shea/experiments/shiro-ef/sampling/deep-image-96-angular-samplings--k100-ef.bin
Samplings loaded from /home/yc.shea/experiments/shiro-ef/sampling/deep-image-96-angular-samplings--k100-ef.bin
Average Recall: 0.835152
Initial average recall with ef=100: 0.835458
Average Recall: 0.884026
Initial average recall with ef=150: 0.884358
Recall diff is too small for 1 consecutive steps, break.
Weighted average ef: 391.431
Per-bucket recall: conv_p20=40.6884 hard_recall=0.95 easy_recall=0.98
Training convergence-bucket 0 [23.234, 40.6884) with 600 queries (recall=0.95).
Average Recall: 0.623134
Initial average recall with ef=100: 0.620596
Average Recall: 0.702616
Initial average recall with ef=150: 0.700613
Recall diff is too small for 1 consecutive steps, break.
Weighted average ef: 1006.31
Training convergence-bucket 1 [40.6884, 51.5452) with 600 queries (recall=0.98).
Average Recall: 0.7655
Initial average recall with ef=100: 0.764217
Average Recall: 0.834917
Initial average recall with ef=150: 0.834114
Weighted average ef: 863.368
Training convergence-bucket 2 [51.5452, 59.6592) with 600 queries (recall=0.98).
Average Recall: 0.877084
Initial average recall with ef=100: 0.877058
Average Recall: 0.928551
Initial average recall with ef=150: 0.928844
Weighted average ef: 353.512
Training convergence-bucket 3 [59.6592, 68.7624) with 600 queries (recall=0.98).
Average Recall: 0.9323
Initial average recall with ef=100: 0.9329
Average Recall: 0.964349
Initial average recall with ef=150: 0.964958
Weighted average ef: 229.365
Training convergence-bucket 4 [68.7624, inf) with 600 queries (recall=0.98).
Average Recall: 0.977766
Initial average recall with ef=100: 0.978675
Average Recall: 0.989733
Initial average recall with ef=150: 0.990319
Weighted average ef: 126.31
Reconstructed True WAE: 285.117 (Hard Pct: 0.0203333)
  Avg Ef Hard (bucketed): 1090.32 | Avg Ef Easy (bucketed): 268.405
Search time: 16623 ms
Search time: 16206 ms
Search time: 16286 ms
Average Recall: 0.985724
5th percentile recall: 0.95
1st percentile recall: 0.92
Median search time: 16286 ms
Search times: 16206 ms, 16286 ms, 16623 ms, 
deep-image-96-angular experiment results:
statisc_length, time, avg_recall, 5th_percentile_recall, 1st_percentile_recall, recall_above_99, recall_above_95, recall_above_90
1025, 16286, 0.985724, 0.95, 0.92, 6522, 9435, 9936
Experiment finished

--- n_convergence_buckets: 10 ---

Loading samplings from /home/yc.shea/experiments/shiro-ef/sampling/deep-image-96-angular-samplings--k100-ef.bin
Samplings loaded from /home/yc.shea/experiments/shiro-ef/sampling/deep-image-96-angular-samplings--k100-ef.bin
Average Recall: 0.835152
Initial average recall with ef=100: 0.835458
Average Recall: 0.884026
Initial average recall with ef=150: 0.884358
Recall diff is too small for 1 consecutive steps, break.
Weighted average ef: 391.431
Per-bucket recall: conv_p20=40.6884 hard_recall=0.95 easy_recall=0.98
Training convergence-bucket 0 [23.234, 37.7252) with 300 queries (recall=0.95).
Average Recall: 0.607433
Initial average recall with ef=100: 0.603238
Average Recall: 0.686733
Initial average recall with ef=150: 0.682242
Recall diff is too small for 1 consecutive steps, break.
Recall diff is too small for 1 consecutive steps, break.
Weighted average ef: 1040.64
Training convergence-bucket 1 [37.7252, 40.6884) with 300 queries (recall=0.95).
Average Recall: 0.638833
Initial average recall with ef=100: 0.633333
Average Recall: 0.7185
Initial average recall with ef=150: 0.713824
Weighted average ef: 898.307
Training convergence-bucket 2 [40.6884, 46.2056) with 300 queries (recall=0.98).
Average Recall: 0.721667
Initial average recall with ef=100: 0.719509
Average Recall: 0.796767
Initial average recall with ef=150: 0.795088
Recall diff is too small for 1 consecutive steps, break.
Weighted average ef: 1074.09
Training convergence-bucket 3 [46.2056, 51.5452) with 300 queries (recall=0.98).
Average Recall: 0.809334
Initial average recall with ef=100: 0.806406
Average Recall: 0.873066
Initial average recall with ef=150: 0.871317
Recall diff is too small for 1 consecutive steps, break.
Weighted average ef: 599.717
Training convergence-bucket 4 [51.5452, 55.7279) with 300 queries (recall=0.98).
Average Recall: 0.856767
Initial average recall with ef=100: 0.855866
Average Recall: 0.9146
Initial average recall with ef=150: 0.914028
Weighted average ef: 383.963
Training convergence-bucket 5 [55.7279, 59.6592) with 300 queries (recall=0.98).
Average Recall: 0.8974
Initial average recall with ef=100: 0.896632
Average Recall: 0.9425
Initial average recall with ef=150: 0.942268
Weighted average ef: 312.253
Training convergence-bucket 6 [59.6592, 64.0217) with 300 queries (recall=0.98).
Average Recall: 0.920367
Initial average recall with ef=100: 0.920381
Average Recall: 0.956
Initial average recall with ef=150: 0.956505
Recall diff is too small for 1 consecutive steps, break.
Weighted average ef: 259.147
Training convergence-bucket 7 [64.0217, 68.7624) with 300 queries (recall=0.98).
Average Recall: 0.944234
Initial average recall with ef=100: 0.945
Average Recall: 0.9727
Initial average recall with ef=150: 0.973288
Recall diff is too small for 1 consecutive steps, break.
Weighted average ef: 189.85
Training convergence-bucket 8 [68.7624, 75.1871) with 300 queries (recall=0.98).
Average Recall: 0.969667
Initial average recall with ef=100: 0.971497
Average Recall: 0.9869
Initial average recall with ef=150: 0.988095
Weighted average ef: 137.303
Training convergence-bucket 9 [75.1871, inf) with 300 queries (recall=0.98).
Average Recall: 0.985867
Initial average recall with ef=100: 0.987456
Average Recall: 0.992567
Initial average recall with ef=150: 0.993852
Weighted average ef: 98.83
Reconstructed True WAE: 258.456 (Hard Pct: 0.0203333)
  Avg Ef Hard (bucketed): 1013.41 | Avg Ef Easy (bucketed): 242.787
Search time: 16958 ms
Search time: 16310 ms
Search time: 16909 ms
Average Recall: 0.986031
5th percentile recall: 0.95
1st percentile recall: 0.92
Median search time: 16909 ms
Search times: 16310 ms, 16909 ms, 16958 ms, 
deep-image-96-angular experiment results:
statisc_length, time, avg_recall, 5th_percentile_recall, 1st_percentile_recall, recall_above_99, recall_above_95, recall_above_90
1025, 16909, 0.986031, 0.95, 0.92, 6594, 9451, 9932
Experiment finished

--- n_convergence_buckets: 15 ---

Loading samplings from /home/yc.shea/experiments/shiro-ef/sampling/deep-image-96-angular-samplings--k100-ef.bin
Samplings loaded from /home/yc.shea/experiments/shiro-ef/sampling/deep-image-96-angular-samplings--k100-ef.bin
Average Recall: 0.835152
Initial average recall with ef=100: 0.835458
Average Recall: 0.884026
Initial average recall with ef=150: 0.884358
Recall diff is too small for 1 consecutive steps, break.
Weighted average ef: 391.431
Per-bucket recall: conv_p20=40.6884 hard_recall=0.95 easy_recall=0.98
Training convergence-bucket 0 [23.234, 36.2527) with 200 queries (recall=0.95).
Average Recall: 0.6006
Initial average recall with ef=100: 0.592584
Average Recall: 0.6801
Initial average recall with ef=150: 0.672191
Recall diff is too small for 1 consecutive steps, break.
Recall diff is too small for 1 consecutive steps, break.
Recall diff is too small for 1 consecutive steps, break.
Weighted average ef: 1018.04
Training convergence-bucket 1 [36.2527, 38.7133) with 200 queries (recall=0.95).
Average Recall: 0.62225
Initial average recall with ef=100: 0.618085
Average Recall: 0.7014
Initial average recall with ef=150: 0.697394
Weighted average ef: 989.155
Training convergence-bucket 2 [38.7133, 40.6884) with 200 queries (recall=0.95).
Average Recall: 0.64655
Initial average recall with ef=100: 0.640163
Average Recall: 0.72635
Initial average recall with ef=150: 0.720598
Recall diff is too small for 1 consecutive steps, break.
Weighted average ef: 830.135
Training convergence-bucket 3 [40.6884, 44.1626) with 200 queries (recall=0.98).
Average Recall: 0.70205
Initial average recall with ef=100: 0.698457
Average Recall: 0.77965
Initial average recall with ef=150: 0.776755
Recall diff is too small for 1 consecutive steps, break.
Weighted average ef: 1187.63
Training convergence-bucket 4 [44.1626, 48.1211) with 200 queries (recall=0.98).
Average Recall: 0.78
Initial average recall with ef=100: 0.783483
Average Recall: 0.8483
Initial average recall with ef=150: 0.852921
Recall diff is too small for 1 consecutive steps, break.
Recall diff is too small for 1 consecutive steps, break.
Recall diff is too small for 1 consecutive steps, break.
Recall diff is too small for 1 consecutive steps, break.
Weighted average ef: 654.25
Training convergence-bucket 5 [48.1211, 51.5452) with 200 queries (recall=0.98).
Average Recall: 0.81445
Initial average recall with ef=100: 0.813552
Average Recall: 0.8768
Initial average recall with ef=150: 0.877104
Weighted average ef: 582.675
Training convergence-bucket 6 [51.5452, 54.4547) with 200 queries (recall=0.98).
Average Recall: 0.85025
Initial average recall with ef=100: 0.849551
Average Recall: 0.9091
Initial average recall with ef=150: 0.908764
Weighted average ef: 392.48
Training convergence-bucket 7 [54.4547, 56.9344) with 200 queries (recall=0.98).
Average Recall: 0.877
Initial average recall with ef=100: 0.875661
Average Recall: 0.93015
Initial average recall with ef=150: 0.92963
Weighted average ef: 311.765
Training convergence-bucket 8 [56.9344, 59.6592) with 200 queries (recall=0.98).
Average Recall: 0.904
Initial average recall with ef=100: 0.902552
Average Recall: 0.9464
Initial average recall with ef=150: 0.945625
Weighted average ef: 293.75
Training convergence-bucket 9 [59.6592, 62.6053) with 200 queries (recall=0.98).
Average Recall: 0.91505
Initial average recall with ef=100: 0.914385
Average Recall: 0.95315
Initial average recall with ef=150: 0.952727
Recall diff is too small for 1 consecutive steps, break.
Weighted average ef: 264.32
Training convergence-bucket 10 [62.6053, 65.3015) with 200 queries (recall=0.98).
Average Recall: 0.9362
Initial average recall with ef=100: 0.936505
Average Recall: 0.9667
Initial average recall with ef=150: 0.967581
Recall diff is too small for 1 consecutive steps, break.
Weighted average ef: 211.48
Training convergence-bucket 11 [65.3015, 68.7624) with 200 queries (recall=0.98).
Average Recall: 0.945651
Initial average recall with ef=100: 0.947104
Average Recall: 0.9732
Initial average recall with ef=150: 0.974426
Weighted average ef: 177.08
Training convergence-bucket 12 [68.7624, 72.9012) with 200 queries (recall=0.98).
Average Recall: 0.966501
Initial average recall with ef=100: 0.97
Average Recall: 0.985
Initial average recall with ef=150: 0.987363
Weighted average ef: 130.75
Training convergence-bucket 13 [72.9012, 77.7532) with 200 queries (recall=0.98).
Average Recall: 0.9793
Initial average recall with ef=100: 0.982193
Average Recall: 0.9917
Initial average recall with ef=150: 0.99385
Weighted average ef: 108.335
Training convergence-bucket 14 [77.7532, inf) with 200 queries (recall=0.98).
Average Recall: 0.9875
Initial average recall with ef=100: 0.987819
Average Recall: 0.9925
Initial average recall with ef=150: 0.992766
Weighted average ef: 96.25
Reconstructed True WAE: 226.724 (Hard Pct: 0.0203333)
  Avg Ef Hard (bucketed): 952.529 | Avg Ef Easy (bucketed): 211.66
Search time: 16768 ms
Search time: 16863 ms
Search time: 17135 ms
Average Recall: 0.985921
5th percentile recall: 0.95
1st percentile recall: 0.91
Median search time: 16863 ms
Search times: 16768 ms, 16863 ms, 17135 ms, 
deep-image-96-angular experiment results:
statisc_length, time, avg_recall, 5th_percentile_recall, 1st_percentile_recall, recall_above_99, recall_above_95, recall_above_90
1025, 16863, 0.985921, 0.95, 0.91, 6635, 9423, 9923
Experiment finished

--- n_convergence_buckets: 20 ---

Loading samplings from /home/yc.shea/experiments/shiro-ef/sampling/deep-image-96-angular-samplings--k100-ef.bin
Samplings loaded from /home/yc.shea/experiments/shiro-ef/sampling/deep-image-96-angular-samplings--k100-ef.bin
Average Recall: 0.835152
Initial average recall with ef=100: 0.835458
Average Recall: 0.884026
Initial average recall with ef=150: 0.884358
Recall diff is too small for 1 consecutive steps, break.
Weighted average ef: 391.431
Per-bucket recall: conv_p20=40.6884 hard_recall=0.95 easy_recall=0.98
Training convergence-bucket 0 [23.234, 35.3194) with 150 queries (recall=0.95).
Average Recall: 0.598067
Initial average recall with ef=100: 0.587803
Average Recall: 0.6746
Initial average recall with ef=150: 0.666288
Recall diff is too small for 1 consecutive steps, break.
Recall diff is too small for 1 consecutive steps, break.
Weighted average ef: 1007.51
Training convergence-bucket 1 [35.3194, 37.7252) with 150 queries (recall=0.95).
Average Recall: 0.6168
Initial average recall with ef=100: 0.616496
Average Recall: 0.698867
Initial average recall with ef=150: 0.696204
Recall diff is too small for 1 consecutive steps, break.
Weighted average ef: 962.267
Training convergence-bucket 2 [37.7252, 39.2444) with 150 queries (recall=0.95).
Average Recall: 0.629133
Initial average recall with ef=100: 0.622028
Average Recall: 0.707933
Initial average recall with ef=150: 0.701678
Weighted average ef: 919.36
Training convergence-bucket 3 [39.2444, 40.6884) with 150 queries (recall=0.95).
Average Recall: 0.648533
Initial average recall with ef=100: 0.637519
Average Recall: 0.729067
Initial average recall with ef=150: 0.718992
Weighted average ef: 794.967
Training convergence-bucket 4 [40.6884, 43.286) with 150 queries (recall=0.98).
Average Recall: 0.6854
Initial average recall with ef=100: 0.679635
Average Recall: 0.763067
Initial average recall with ef=150: 0.758467
Recall diff is too small for 1 consecutive steps, break.
Recall diff is too small for 1 consecutive steps, break.
Recall diff is too small for 1 consecutive steps, break.
Weighted average ef: 1258.82
Training convergence-bucket 5 [43.286, 46.2056) with 150 queries (recall=0.98).
Average Recall: 0.757933
Initial average recall with ef=100: 0.761461
Average Recall: 0.830467
Initial average recall with ef=150: 0.833385
Recall diff is too small for 1 consecutive steps, break.
Recall diff is too small for 1 consecutive steps, break.
Weighted average ef: 731.107
Training convergence-bucket 6 [46.2056, 49.0891) with 150 queries (recall=0.98).
Average Recall: 0.802867
Initial average recall with ef=100: 0.798417
Average Recall: 0.869
Initial average recall with ef=150: 0.865827
Recall diff is too small for 1 consecutive steps, break.
Recall diff is too small for 1 consecutive steps, break.
Weighted average ef: 638.4
Training convergence-bucket 7 [49.0891, 51.5452) with 150 queries (recall=0.98).
Average Recall: 0.8158
Initial average recall with ef=100: 0.815758
Average Recall: 0.877133
Initial average recall with ef=150: 0.878106
Recall diff is too small for 1 consecutive steps, break.
Weighted average ef: 574.193
Training convergence-bucket 8 [51.5452, 53.6385) with 150 queries (recall=0.98).
Average Recall: 0.8476
Initial average recall with ef=100: 0.845077
Average Recall: 0.907
Initial average recall with ef=150: 0.905077
Weighted average ef: 398.427
Training convergence-bucket 9 [53.6385, 55.7279) with 150 queries (recall=0.98).
Average Recall: 0.865933
Initial average recall with ef=100: 0.868284
Average Recall: 0.9222
Initial average recall with ef=150: 0.924776
Recall diff is too small for 1 consecutive steps, break.
Weighted average ef: 309.973
Training convergence-bucket 10 [55.7279, 57.5534) with 150 queries (recall=0.98).
Average Recall: 0.8876
Initial average recall with ef=100: 0.886791
Average Recall: 0.935534
Initial average recall with ef=150: 0.936045
Weighted average ef: 299.293
Training convergence-bucket 11 [57.5534, 59.6592) with 150 queries (recall=0.98).
Average Recall: 0.9072
Initial average recall with ef=100: 0.906204
Average Recall: 0.949467
Initial average recall with ef=150: 0.948686
Weighted average ef: 273.267
Training convergence-bucket 12 [59.6592, 61.7852) with 150 queries (recall=0.98).
Average Recall: 0.911733
Initial average recall with ef=100: 0.91087
Average Recall: 0.949867
Initial average recall with ef=150: 0.949275
Recall diff is too small for 1 consecutive steps, break.
Recall diff is too small for 1 consecutive steps, break.
Weighted average ef: 334.02
Training convergence-bucket 13 [61.7852, 64.0217) with 150 queries (recall=0.98).
Average Recall: 0.929
Initial average recall with ef=100: 0.929924
Average Recall: 0.962134
Initial average recall with ef=150: 0.963939
Recall diff is too small for 1 consecutive steps, break.
Weighted average ef: 225.207
Training convergence-bucket 14 [64.0217, 66.138) with 150 queries (recall=0.98).
Average Recall: 0.940267
Initial average recall with ef=100: 0.940769
Average Recall: 0.970533
Initial average recall with ef=150: 0.970909
Recall diff is too small for 1 consecutive steps, break.
Weighted average ef: 195.793
Training convergence-bucket 15 [66.138, 68.7624) with 150 queries (recall=0.98).
Average Recall: 0.9482
Initial average recall with ef=100: 0.9495
Average Recall: 0.974867
Initial average recall with ef=150: 0.975786
Recall diff is too small for 1 consecutive steps, break.
Weighted average ef: 175.487
Training convergence-bucket 16 [68.7624, 71.7526) with 150 queries (recall=0.98).
Average Recall: 0.964267
Initial average recall with ef=100: 0.969231
Average Recall: 0.983267
Initial average recall with ef=150: 0.986769
Weighted average ef: 123.333
Training convergence-bucket 17 [71.7526, 75.1871) with 150 queries (recall=0.98).
Average Recall: 0.975067
Initial average recall with ef=100: 0.978295
Average Recall: 0.990533
Initial average recall with ef=150: 0.992558
Weighted average ef: 100.333
Training convergence-bucket 18 [75.1871, 79.3852) with 150 queries (recall=0.98).
Average Recall: 0.9854
Initial average recall with ef=100: 0.987939
Average Recall: 0.9944
Initial average recall with ef=150: 0.996718
Weighted average ef: 94.6667
Training convergence-bucket 19 [79.3852, inf) with 150 queries (recall=0.98).
Average Recall: 0.986333
Initial average recall with ef=100: 0.987234
Average Recall: 0.990733
Initial average recall with ef=150: 0.991206
Weighted average ef: 96
Reconstructed True WAE: 215.602 (Hard Pct: 0.0203333)
  Avg Ef Hard (bucketed): 953.298 | Avg Ef Easy (bucketed): 200.291
Search time: 16410 ms
Search time: 17112 ms
Search time: 16781 ms
Average Recall: 0.986115
5th percentile recall: 0.95
1st percentile recall: 0.91
Median search time: 16781 ms
Search times: 16410 ms, 16781 ms, 17112 ms, 
deep-image-96-angular experiment results:
statisc_length, time, avg_recall, 5th_percentile_recall, 1st_percentile_recall, recall_above_99, recall_above_95, recall_above_90
1025, 16781, 0.986115, 0.95, 0.91, 6660, 9430, 9918
Experiment finished


Dataset: glove-100-angular
Metric: cd
Normalize the data vectors
Data vectors dimensions: 1183514 x 100
Query vectors dimensions: 10000 x 100
Neighbors dimensions: 10000 x 100
Using AVX Inner Product distance
Index loaded
Dimension of space:100
Data size of space:400

--- n_convergence_buckets: 5 ---

Loading samplings from /home/yc.shea/experiments/shiro-ef/sampling/glove-100-angular-samplings--k100-ef.bin
Samplings loaded from /home/yc.shea/experiments/shiro-ef/sampling/glove-100-angular-samplings--k100-ef.bin
Average Recall: 0.726394
Initial average recall with ef=100: 0.72636
Average Recall: 0.770571
Initial average recall with ef=150: 0.770564
Weighted average ef: 1702.87
Per-bucket recall: conv_p20=33.9721 hard_recall=0.95 easy_recall=0.98
Training convergence-bucket 0 [13.8318, 33.9721) with 600 queries (recall=0.95).
Average Recall: 0.479733
Initial average recall with ef=100: 0.472898
Average Recall: 0.534017
Initial average recall with ef=150: 0.527508
Weighted average ef: 3968.25
Training convergence-bucket 1 [33.9721, 43.4136) with 600 queries (recall=0.98).
Average Recall: 0.568267
Initial average recall with ef=100: 0.565228
Average Recall: 0.62945
Initial average recall with ef=150: 0.626328
Recall diff is too small for 1 consecutive steps, break.
Recall diff is too small for 1 consecutive steps, break.
Recall diff is too small for 1 consecutive steps, break.
Recall diff is too small for 1 consecutive steps, break.
Weighted average ef: 3788.09
Training convergence-bucket 2 [43.4136, 54.8283) with 600 queries (recall=0.98).
Average Recall: 0.73745
Initial average recall with ef=100: 0.733927
Average Recall: 0.794384
Initial average recall with ef=150: 0.791588
Recall diff is too small for 1 consecutive steps, break.
Recall diff is too small for 1 consecutive steps, break.
Weighted average ef: 2156.63
Training convergence-bucket 3 [54.8283, 67.4292) with 600 queries (recall=0.98).
Average Recall: 0.8881
Initial average recall with ef=100: 0.887372
Average Recall: 0.921883
Initial average recall with ef=150: 0.921331
Recall diff is too small for 1 consecutive steps, break.
Recall diff is too small for 1 consecutive steps, break.
Recall diff is too small for 1 consecutive steps, break.
Recall diff is too small for 1 consecutive steps, break.
Recall diff is too small for 1 consecutive steps, break.
Weighted average ef: 748.827
Training convergence-bucket 4 [67.4292, inf) with 600 queries (recall=0.98).
Average Recall: 0.958433
Initial average recall with ef=100: 0.961726
Average Recall: 0.973133
Initial average recall with ef=150: 0.976041
Recall diff is too small for 1 consecutive steps, break.
Recall diff is too small for 1 consecutive steps, break.
Weighted average ef: 263.36
Reconstructed True WAE: 1652.5 (Hard Pct: 0.00633333)
  Avg Ef Hard (bucketed): 4858.86 | Avg Ef Easy (bucketed): 1632.07
Search time: 59975 ms
Search time: 60001 ms
Search time: 60056 ms
Average Recall: 0.978781
5th percentile recall: 0.92
1st percentile recall: 0.88
Median search time: 60001 ms
Search times: 59975 ms, 60001 ms, 60056 ms, 
glove-100-angular experiment results:
statisc_length, time, avg_recall, 5th_percentile_recall, 1st_percentile_recall, recall_above_99, recall_above_95, recall_above_90
1025, 60001, 0.978781, 0.92, 0.88, 5579, 8465, 9750
Experiment finished

--- n_convergence_buckets: 10 ---

Loading samplings from /home/yc.shea/experiments/shiro-ef/sampling/glove-100-angular-samplings--k100-ef.bin
Samplings loaded from /home/yc.shea/experiments/shiro-ef/sampling/glove-100-angular-samplings--k100-ef.bin
Average Recall: 0.726394
Initial average recall with ef=100: 0.72636
Average Recall: 0.770571
Initial average recall with ef=150: 0.770564
Weighted average ef: 1702.87
Per-bucket recall: conv_p20=33.9721 hard_recall=0.95 easy_recall=0.98
Training convergence-bucket 0 [13.8318, 28.5699) with 300 queries (recall=0.95).
Average Recall: 0.473767
Initial average recall with ef=100: 0.457038
Average Recall: 0.522667
Initial average recall with ef=150: 0.506376
Recall diff is too small for 1 consecutive steps, break.
Recall diff is too small for 1 consecutive steps, break.
Recall diff is too small for 1 consecutive steps, break.
Weighted average ef: 4193.52
Training convergence-bucket 1 [28.5699, 33.9721) with 300 queries (recall=0.95).
Average Recall: 0.4857
Initial average recall with ef=100: 0.470421
Average Recall: 0.545367
Initial average recall with ef=150: 0.530456
Recall diff is too small for 1 consecutive steps, break.
Recall diff is too small for 1 consecutive steps, break.
Recall diff is too small for 1 consecutive steps, break.
Weighted average ef: 3620.78
Training convergence-bucket 2 [33.9721, 38.6824) with 300 queries (recall=0.98).
Average Recall: 0.512933
Initial average recall with ef=100: 0.504739
Average Recall: 0.570066
Initial average recall with ef=150: 0.561568
Recall diff is too small for 1 consecutive steps, break.
Recall diff is too small for 1 consecutive steps, break.
Recall diff is too small for 1 consecutive steps, break.
Weighted average ef: 4232.57
Training convergence-bucket 3 [38.6824, 43.4136) with 300 queries (recall=0.98).
Average Recall: 0.6236
Initial average recall with ef=100: 0.622657
Average Recall: 0.688833
Initial average recall with ef=150: 0.685804
Recall diff is too small for 1 consecutive steps, break.
Recall diff is too small for 1 consecutive steps, break.
Recall diff is too small for 1 consecutive steps, break.
Recall diff is too small for 1 consecutive steps, break.
Weighted average ef: 3125.75
Training convergence-bucket 4 [43.4136, 48.8656) with 300 queries (recall=0.98).
Average Recall: 0.699367
Initial average recall with ef=100: 0.695055
Average Recall: 0.7583
Initial average recall with ef=150: 0.754066
Recall diff is too small for 1 consecutive steps, break.
Recall diff is too small for 1 consecutive steps, break.
Recall diff is too small for 1 consecutive steps, break.
Recall diff is too small for 1 consecutive steps, break.
Weighted average ef: 2554.64
Training convergence-bucket 5 [48.8656, 54.8283) with 300 queries (recall=0.98).
Average Recall: 0.775533
Initial average recall with ef=100: 0.774714
Average Recall: 0.830467
Initial average recall with ef=150: 0.831071
Recall diff is too small for 1 consecutive steps, break.
Recall diff is too small for 1 consecutive steps, break.
Recall diff is too small for 1 consecutive steps, break.
Weighted average ef: 1677.38
Training convergence-bucket 6 [54.8283, 61.6016) with 300 queries (recall=0.98).
Average Recall: 0.873534
Initial average recall with ef=100: 0.868877
Average Recall: 0.911933
Initial average recall with ef=150: 0.908551
Recall diff is too small for 1 consecutive steps, break.
Recall diff is too small for 1 consecutive steps, break.
Recall diff is too small for 1 consecutive steps, break.
Weighted average ef: 750.297
Training convergence-bucket 7 [61.6016, 67.4292) with 300 queries (recall=0.98).
Average Recall: 0.902667
Initial average recall with ef=100: 0.906277
Average Recall: 0.931833
Initial average recall with ef=150: 0.93539
Recall diff is too small for 1 consecutive steps, break.
Recall diff is too small for 1 consecutive steps, break.
Weighted average ef: 727.927
Training convergence-bucket 8 [67.4292, 74.2709) with 300 queries (recall=0.98).
Average Recall: 0.940267
Initial average recall with ef=100: 0.945338
Average Recall: 0.960667
Initial average recall with ef=150: 0.965302
Recall diff is too small for 1 consecutive steps, break.
Recall diff is too small for 1 consecutive steps, break.
Recall diff is too small for 1 consecutive steps, break.
Weighted average ef: 305.177
Training convergence-bucket 9 [74.2709, inf) with 300 queries (recall=0.98).
Average Recall: 0.9766
Initial average recall with ef=100: 0.97993
Average Recall: 0.9856
Initial average recall with ef=150: 0.988676
Weighted average ef: 151.2
Reconstructed True WAE: 1426.68 (Hard Pct: 0.00633333)
  Avg Ef Hard (bucketed): 4807.06 | Avg Ef Easy (bucketed): 1405.13
Search time: 59735 ms
Search time: 59739 ms
Search time: 59738 ms
Average Recall: 0.978517
5th percentile recall: 0.92
1st percentile recall: 0.88
Median search time: 59738 ms
Search times: 59735 ms, 59738 ms, 59739 ms, 
glove-100-angular experiment results:
statisc_length, time, avg_recall, 5th_percentile_recall, 1st_percentile_recall, recall_above_99, recall_above_95, recall_above_90
1025, 59738, 0.978517, 0.92, 0.88, 5578, 8426, 9725
Experiment finished

--- n_convergence_buckets: 15 ---

Loading samplings from /home/yc.shea/experiments/shiro-ef/sampling/glove-100-angular-samplings--k100-ef.bin
Samplings loaded from /home/yc.shea/experiments/shiro-ef/sampling/glove-100-angular-samplings--k100-ef.bin
Average Recall: 0.726394
Initial average recall with ef=100: 0.72636
Average Recall: 0.770571
Initial average recall with ef=150: 0.770564
Weighted average ef: 1702.87
Per-bucket recall: conv_p20=33.9721 hard_recall=0.95 easy_recall=0.98
Training convergence-bucket 0 [13.8318, 27.5445) with 200 queries (recall=0.95).
Average Recall: 0.49515
Initial average recall with ef=100: 0.468689
Average Recall: 0.54305
Initial average recall with ef=150: 0.516721
Recall diff is too small for 1 consecutive steps, break.
Weighted average ef: 3901.74
Training convergence-bucket 1 [27.5445, 30.6333) with 200 queries (recall=0.95).
Average Recall: 0.4483
Initial average recall with ef=100: 0.437842
Average Recall: 0.5058
Initial average recall with ef=150: 0.495684
Recall diff is too small for 1 consecutive steps, break.
Recall diff is too small for 1 consecutive steps, break.
Recall diff is too small for 1 consecutive steps, break.
Weighted average ef: 4055.47
Training convergence-bucket 2 [30.6333, 33.9721) with 200 queries (recall=0.95).
Average Recall: 0.49575
Initial average recall with ef=100: 0.476968
Average Recall: 0.5532
Initial average recall with ef=150: 0.534574
Recall diff is too small for 1 consecutive steps, break.
Recall diff is too small for 1 consecutive steps, break.
Recall diff is too small for 1 consecutive steps, break.
Recall diff is too small for 1 consecutive steps, break.
Weighted average ef: 3594.47
Training convergence-bucket 3 [33.9721, 37.0041) with 200 queries (recall=0.98).
Average Recall: 0.49685
Initial average recall with ef=100: 0.486296
Average Recall: 0.5511
Initial average recall with ef=150: 0.539788
Recall diff is too small for 1 consecutive steps, break.
Recall diff is too small for 1 consecutive steps, break.
Recall diff is too small for 1 consecutive steps, break.
Weighted average ef: 4344.84
Training convergence-bucket 4 [37.0041, 40.2546) with 200 queries (recall=0.98).
Average Recall: 0.5767
Initial average recall with ef=100: 0.56989
Average Recall: 0.6421
Initial average recall with ef=150: 0.634341
Recall diff is too small for 1 consecutive steps, break.
Recall diff is too small for 1 consecutive steps, break.
Recall diff is too small for 1 consecutive steps, break.
Weighted average ef: 3465.58
Training convergence-bucket 5 [40.2546, 43.4136) with 200 queries (recall=0.98).
Average Recall: 0.63125
Initial average recall with ef=100: 0.623616
Average Recall: 0.69515
Initial average recall with ef=150: 0.685932
Recall diff is too small for 1 consecutive steps, break.
Recall diff is too small for 1 consecutive steps, break.
Weighted average ef: 2884.8
Training convergence-bucket 6 [43.4136, 47.1346) with 200 queries (recall=0.98).
Average Recall: 0.68305
Initial average recall with ef=100: 0.682935
Average Recall: 0.7416
Initial average recall with ef=150: 0.741576
Recall diff is too small for 1 consecutive steps, break.
Recall diff is too small for 1 consecutive steps, break.
Recall diff is too small for 1 consecutive steps, break.
Recall diff is too small for 1 consecutive steps, break.
Weighted average ef: 2504.51
Training convergence-bucket 7 [47.1346, 50.7249) with 200 queries (recall=0.98).
Average Recall: 0.73955
Initial average recall with ef=100: 0.739885
Average Recall: 0.7977
Initial average recall with ef=150: 0.795747
Recall diff is too small for 1 consecutive steps, break.
Recall diff is too small for 1 consecutive steps, break.
Recall diff is too small for 1 consecutive steps, break.
Recall diff is too small for 1 consecutive steps, break.
Recall diff is too small for 1 consecutive steps, break.
Recall diff is too small for 1 consecutive steps, break.
Weighted average ef: 1968.97
Training convergence-bucket 8 [50.7249, 54.8283) with 200 queries (recall=0.98).
Average Recall: 0.78975
Initial average recall with ef=100: 0.791271
Average Recall: 0.84385
Initial average recall with ef=150: 0.84779
Recall diff is too small for 1 consecutive steps, break.
Recall diff is too small for 1 consecutive steps, break.
Weighted average ef: 1414.34
Training convergence-bucket 9 [54.8283, 59.5511) with 200 queries (recall=0.98).
Average Recall: 0.86165
Initial average recall with ef=100: 0.856949
Average Recall: 0.90285
Initial average recall with ef=150: 0.900395
Recall diff is too small for 1 consecutive steps, break.
Recall diff is too small for 1 consecutive steps, break.
Recall diff is too small for 1 consecutive steps, break.
Weighted average ef: 750.91
Training convergence-bucket 10 [59.5511, 63.5195) with 200 queries (recall=0.98).
Average Recall: 0.8962
Initial average recall with ef=100: 0.901839
Average Recall: 0.9277
Initial average recall with ef=150: 0.933736
Recall diff is too small for 1 consecutive steps, break.
Weighted average ef: 543.34
Training convergence-bucket 11 [63.5195, 67.4292) with 200 queries (recall=0.98).
Average Recall: 0.90645
Initial average recall with ef=100: 0.903073
Average Recall: 0.9351
Initial average recall with ef=150: 0.932346
Recall diff is too small for 1 consecutive steps, break.
Recall diff is too small for 1 consecutive steps, break.
Weighted average ef: 757.645
Training convergence-bucket 12 [67.4292, 71.6088) with 200 queries (recall=0.98).
Average Recall: 0.9268
Initial average recall with ef=100: 0.932712
Average Recall: 0.9495
Initial average recall with ef=150: 0.955028
Recall diff is too small for 1 consecutive steps, break.
Recall diff is too small for 1 consecutive steps, break.
Recall diff is too small for 1 consecutive steps, break.
Recall diff is too small for 1 consecutive steps, break.
Weighted average ef: 387.085
Training convergence-bucket 13 [71.6088, 76.5306) with 200 queries (recall=0.98).
Average Recall: 0.96785
Initial average recall with ef=100: 0.968936
Average Recall: 0.983
Initial average recall with ef=150: 0.983777
Weighted average ef: 150.445
Training convergence-bucket 14 [76.5306, inf) with 200 queries (recall=0.98).
Average Recall: 0.98065
Initial average recall with ef=100: 0.986529
Average Recall: 0.9869
Initial average recall with ef=150: 0.992235
Recall diff is too small for 1 consecutive steps, break.
Weighted average ef: 208.85
Reconstructed True WAE: 1292.05 (Hard Pct: 0.00633333)
  Avg Ef Hard (bucketed): 4686.35 | Avg Ef Easy (bucketed): 1270.42
Search time: 59526 ms
Search time: 59539 ms
Search time: 59574 ms
Average Recall: 0.978494
5th percentile recall: 0.92
1st percentile recall: 0.88
Median search time: 59539 ms
Search times: 59526 ms, 59539 ms, 59574 ms, 
glove-100-angular experiment results:
statisc_length, time, avg_recall, 5th_percentile_recall, 1st_percentile_recall, recall_above_99, recall_above_95, recall_above_90
1025, 59539, 0.978494, 0.92, 0.88, 5622, 8412, 9716
Experiment finished

--- n_convergence_buckets: 20 ---

Loading samplings from /home/yc.shea/experiments/shiro-ef/sampling/glove-100-angular-samplings--k100-ef.bin
Samplings loaded from /home/yc.shea/experiments/shiro-ef/sampling/glove-100-angular-samplings--k100-ef.bin
Average Recall: 0.726394
Initial average recall with ef=100: 0.72636
Average Recall: 0.770571
Initial average recall with ef=150: 0.770564
Weighted average ef: 1702.87
Per-bucket recall: conv_p20=33.9721 hard_recall=0.95 easy_recall=0.98
Training convergence-bucket 0 [13.8318, 26.8013) with 150 queries (recall=0.95).
Average Recall: 0.512067
Initial average recall with ef=100: 0.483459
Average Recall: 0.558333
Initial average recall with ef=150: 0.529474
Recall diff is too small for 1 consecutive steps, break.
Weighted average ef: 3791.65
Training convergence-bucket 1 [26.8013, 28.5699) with 150 queries (recall=0.95).
Average Recall: 0.435467
Initial average recall with ef=100: 0.416741
Average Recall: 0.487
Initial average recall with ef=150: 0.468148
Recall diff is too small for 1 consecutive steps, break.
Weighted average ef: 4206.01
Training convergence-bucket 2 [28.5699, 31.4989) with 150 queries (recall=0.95).
Average Recall: 0.473267
Initial average recall with ef=100: 0.453676
Average Recall: 0.533267
Initial average recall with ef=150: 0.514706
Recall diff is too small for 1 consecutive steps, break.
Recall diff is too small for 1 consecutive steps, break.
Recall diff is too small for 1 consecutive steps, break.
Recall diff is too small for 1 consecutive steps, break.
Weighted average ef: 3482.21
Training convergence-bucket 3 [31.4989, 33.9721) with 150 queries (recall=0.95).
Average Recall: 0.498133
Initial average recall with ef=100: 0.468571
Average Recall: 0.557467
Initial average recall with ef=150: 0.529173
Recall diff is too small for 1 consecutive steps, break.
Recall diff is too small for 1 consecutive steps, break.
Recall diff is too small for 1 consecutive steps, break.
Weighted average ef: 3445.53
Training convergence-bucket 4 [33.9721, 36.4203) with 150 queries (recall=0.98).
Average Recall: 0.4952
Initial average recall with ef=100: 0.481544
Average Recall: 0.5466
Initial average recall with ef=150: 0.532721
Recall diff is too small for 1 consecutive steps, break.
Weighted average ef: 4293.18
Training convergence-bucket 5 [36.4203, 38.6824) with 150 queries (recall=0.98).
Average Recall: 0.530667
Initial average recall with ef=100: 0.5175
Average Recall: 0.593533
Initial average recall with ef=150: 0.580956
Recall diff is too small for 1 consecutive steps, break.
Recall diff is too small for 1 consecutive steps, break.
Recall diff is too small for 1 consecutive steps, break.
Weighted average ef: 3848.13
Training convergence-bucket 6 [38.6824, 41.1652) with 150 queries (recall=0.98).
Average Recall: 0.616467
Initial average recall with ef=100: 0.60782
Average Recall: 0.6822
Initial average recall with ef=150: 0.673835
Recall diff is too small for 1 consecutive steps, break.
Recall diff is too small for 1 consecutive steps, break.
Recall diff is too small for 1 consecutive steps, break.
Recall diff is too small for 1 consecutive steps, break.
Recall diff is too small for 1 consecutive steps, break.
Weighted average ef: 2932.28
Training convergence-bucket 7 [41.1652, 43.4136) with 150 queries (recall=0.98).
Average Recall: 0.630734
Initial average recall with ef=100: 0.630154
Average Recall: 0.695467
Initial average recall with ef=150: 0.691539
Recall diff is too small for 1 consecutive steps, break.
Recall diff is too small for 1 consecutive steps, break.
Recall diff is too small for 1 consecutive steps, break.
Weighted average ef: 2950.52
Training convergence-bucket 8 [43.4136, 46.0484) with 150 queries (recall=0.98).
Average Recall: 0.6716
Initial average recall with ef=100: 0.669482
Average Recall: 0.732267
Initial average recall with ef=150: 0.731111
Recall diff is too small for 1 consecutive steps, break.
Recall diff is too small for 1 consecutive steps, break.
Weighted average ef: 2716.87
Training convergence-bucket 9 [46.0484, 48.8656) with 150 queries (recall=0.98).
Average Recall: 0.727133
Initial average recall with ef=100: 0.728254
Average Recall: 0.784333
Initial average recall with ef=150: 0.781984
Recall diff is too small for 1 consecutive steps, break.
Recall diff is too small for 1 consecutive steps, break.
Recall diff is too small for 1 consecutive steps, break.
Recall diff is too small for 1 consecutive steps, break.
Weighted average ef: 2097.87
Training convergence-bucket 10 [48.8656, 51.6124) with 150 queries (recall=0.98).
Average Recall: 0.758267
Initial average recall with ef=100: 0.76375
Average Recall: 0.812867
Initial average recall with ef=150: 0.818594
Recall diff is too small for 1 consecutive steps, break.
Recall diff is too small for 1 consecutive steps, break.
Weighted average ef: 1581.8
Training convergence-bucket 11 [51.6124, 54.8283) with 150 queries (recall=0.98).
Average Recall: 0.7928
Initial average recall with ef=100: 0.791111
Average Recall: 0.848067
Initial average recall with ef=150: 0.848968
Recall diff is too small for 1 consecutive steps, break.
Recall diff is too small for 1 consecutive steps, break.
Recall diff is too small for 1 consecutive steps, break.
Recall diff is too small for 1 consecutive steps, break.
Recall diff is too small for 1 consecutive steps, break.
Weighted average ef: 1330.31
Training convergence-bucket 12 [54.8283, 58.537) with 150 queries (recall=0.98).
Average Recall: 0.852867
Initial average recall with ef=100: 0.850821
Average Recall: 0.895867
Initial average recall with ef=150: 0.895746
Recall diff is too small for 1 consecutive steps, break.
Recall diff is too small for 1 consecutive steps, break.
Recall diff is too small for 1 consecutive steps, break.
Recall diff is too small for 1 consecutive steps, break.
Recall diff is too small for 1 consecutive steps, break.
Recall diff is too small for 1 consecutive steps, break.
Weighted average ef: 802.887
Training convergence-bucket 13 [58.537, 61.6016) with 150 queries (recall=0.98).
Average Recall: 0.8942
Initial average recall with ef=100: 0.8916
Average Recall: 0.928
Initial average recall with ef=150: 0.92712
Recall diff is too small for 1 consecutive steps, break.
Recall diff is too small for 1 consecutive steps, break.
Recall diff is too small for 1 consecutive steps, break.
Weighted average ef: 547.327
Training convergence-bucket 14 [61.6016, 64.3289) with 150 queries (recall=0.98).
Average Recall: 0.894667
Initial average recall with ef=100: 0.89559
Average Recall: 0.925133
Initial average recall with ef=150: 0.92685
Recall diff is too small for 1 consecutive steps, break.
Recall diff is too small for 1 consecutive steps, break.
Recall diff is too small for 1 consecutive steps, break.
Recall diff is too small for 1 consecutive steps, break.
Weighted average ef: 632.187
Training convergence-bucket 15 [64.3289, 67.4292) with 150 queries (recall=0.98).
Average Recall: 0.910667
Initial average recall with ef=100: 0.910075
Average Recall: 0.938534
Initial average recall with ef=150: 0.93782
Recall diff is too small for 1 consecutive steps, break.
Weighted average ef: 693.553
Training convergence-bucket 16 [67.4292, 70.5333) with 150 queries (recall=0.98).
Average Recall: 0.925
Initial average recall with ef=100: 0.9275
Average Recall: 0.947067
Initial average recall with ef=150: 0.949583
Recall diff is too small for 1 consecutive steps, break.
Recall diff is too small for 1 consecutive steps, break.
Recall diff is too small for 1 consecutive steps, break.
Recall diff is too small for 1 consecutive steps, break.
Weighted average ef: 393.78
Training convergence-bucket 17 [70.5333, 74.2709) with 150 queries (recall=0.98).
Average Recall: 0.955533
Initial average recall with ef=100: 0.961167
Average Recall: 0.974267
Initial average recall with ef=150: 0.978917
Weighted average ef: 170.56
Training convergence-bucket 18 [74.2709, 78.0071) with 150 queries (recall=0.98).
Average Recall: 0.971334
Initial average recall with ef=100: 0.973651
Average Recall: 0.983533
Initial average recall with ef=150: 0.986349
Weighted average ef: 123.247
Training convergence-bucket 19 [78.0071, inf) with 150 queries (recall=0.98).
Average Recall: 0.981867
Initial average recall with ef=100: 0.987131
Average Recall: 0.987667
Initial average recall with ef=150: 0.992623
Recall diff is too small for 1 consecutive steps, break.
Recall diff is too small for 1 consecutive steps, break.
Weighted average ef: 144.7
Reconstructed True WAE: 1164.94 (Hard Pct: 0.00633333)
  Avg Ef Hard (bucketed): 4560.61 | Avg Ef Easy (bucketed): 1143.3
Search time: 61736 ms
Search time: 61899 ms
Search time: 61720 ms
Average Recall: 0.977871
5th percentile recall: 0.92
1st percentile recall: 0.87
Median search time: 61736 ms
Search times: 61720 ms, 61736 ms, 61899 ms, 
glove-100-angular experiment results:
statisc_length, time, avg_recall, 5th_percentile_recall, 1st_percentile_recall, recall_above_99, recall_above_95, recall_above_90
1025, 61736, 0.977871, 0.92, 0.87, 5592, 8350, 9687
Experiment finished


Dataset: word2vec-300-angular
Metric: cd
Normalize the data vectors
Data vectors dimensions: 1000000 x 300
Query vectors dimensions: 1000 x 300
Neighbors dimensions: 1000 x 100
Using AVX Inner Product distance
Index loaded
Dimension of space:300
Data size of space:1200

--- n_convergence_buckets: 5 ---

Loading samplings from /home/yc.shea/experiments/shiro-ef/sampling/word2vec-300-angular-samplings--k100-ef.bin
Samplings loaded from /home/yc.shea/experiments/shiro-ef/sampling/word2vec-300-angular-samplings--k100-ef.bin
Average Recall: 0.82003
Initial average recall with ef=100: 0.8201
Average Recall: 0.867479
Initial average recall with ef=150: 0.868171
Weighted average ef: 531.174
Per-bucket recall: conv_p20=40.0553 hard_recall=0.95 easy_recall=0.98
Training convergence-bucket 0 [13.6502, 40.0553) with 600 queries (recall=0.95).
Average Recall: 0.599083
Initial average recall with ef=100: 0.599039
Average Recall: 0.68205
Initial average recall with ef=150: 0.68283
Weighted average ef: 912.957
Training convergence-bucket 1 [40.0553, 52.7299) with 600 queries (recall=0.98).
Average Recall: 0.725326
Initial average recall with ef=100: 0.72349
Average Recall: 0.793433
Initial average recall with ef=150: 0.79592
Recall diff is too small for 1 consecutive steps, break.
Recall diff is too small for 1 consecutive steps, break.
Recall diff is too small for 1 consecutive steps, break.
Recall diff is too small for 1 consecutive steps, break.
Recall diff is too small for 1 consecutive steps, break.
Weighted average ef: 939.355
Training convergence-bucket 2 [52.7299, 62.0518) with 600 queries (recall=0.98).
Average Recall: 0.874184
Initial average recall with ef=100: 0.874806
Average Recall: 0.91675
Initial average recall with ef=150: 0.91743
Recall diff is too small for 1 consecutive steps, break.
Recall diff is too small for 1 consecutive steps, break.
Recall diff is too small for 1 consecutive steps, break.
Recall diff is too small for 1 consecutive steps, break.
Weighted average ef: 549.48
Training convergence-bucket 3 [62.0518, 69.7432) with 600 queries (recall=0.98).
Average Recall: 0.931617
Initial average recall with ef=100: 0.932478
Average Recall: 0.96035
Initial average recall with ef=150: 0.961282
Recall diff is too small for 1 consecutive steps, break.
Recall diff is too small for 1 consecutive steps, break.
Weighted average ef: 265.563
Training convergence-bucket 4 [69.7432, inf) with 600 queries (recall=0.98).
Average Recall: 0.969816
Initial average recall with ef=100: 0.971111
Average Recall: 0.984849
Initial average recall with ef=150: 0.985624
Recall diff is too small for 1 consecutive steps, break.
Recall diff is too small for 1 consecutive steps, break.
Weighted average ef: 158.79
Reconstructed True WAE: 330.261 (Hard Pct: 0.024)
  Avg Ef Hard (bucketed): 952.296 | Avg Ef Easy (bucketed): 314.965
Search time: 2228 ms
Search time: 2232 ms
Search time: 2227 ms
Average Recall: 0.97768
5th percentile recall: 0.89
1st percentile recall: 0.81
Median search time: 2228 ms
Search times: 2227 ms, 2228 ms, 2232 ms, 
word2vec-300-angular experiment results:
statisc_length, time, avg_recall, 5th_percentile_recall, 1st_percentile_recall, recall_above_99, recall_above_95, recall_above_90
1025, 2228, 0.97768, 0.89, 0.81, 652, 840, 940
Experiment finished

--- n_convergence_buckets: 10 ---

Loading samplings from /home/yc.shea/experiments/shiro-ef/sampling/word2vec-300-angular-samplings--k100-ef.bin
Samplings loaded from /home/yc.shea/experiments/shiro-ef/sampling/word2vec-300-angular-samplings--k100-ef.bin
Average Recall: 0.82003
Initial average recall with ef=100: 0.8201
Average Recall: 0.867479
Initial average recall with ef=150: 0.868171
Weighted average ef: 531.174
Per-bucket recall: conv_p20=40.0553 hard_recall=0.95 easy_recall=0.98
Training convergence-bucket 0 [13.6502, 36.851) with 300 queries (recall=0.95).
Average Recall: 0.588833
Initial average recall with ef=100: 0.588293
Average Recall: 0.671833
Initial average recall with ef=150: 0.672474
Recall diff is too small for 1 consecutive steps, break.
Weighted average ef: 874.633
Training convergence-bucket 1 [36.851, 40.0553) with 300 queries (recall=0.95).
Average Recall: 0.609333
Initial average recall with ef=100: 0.613453
Average Recall: 0.692267
Initial average recall with ef=150: 0.698417
Weighted average ef: 860.953
Training convergence-bucket 2 [40.0553, 45.905) with 300 queries (recall=0.98).
Average Recall: 0.664248
Initial average recall with ef=100: 0.659928
Average Recall: 0.7421
Initial average recall with ef=150: 0.745197
Recall diff is too small for 1 consecutive steps, break.
Weighted average ef: 907.953
Training convergence-bucket 3 [45.905, 52.7299) with 300 queries (recall=0.98).
Average Recall: 0.7862
Initial average recall with ef=100: 0.786928
Average Recall: 0.844767
Initial average recall with ef=150: 0.846036
Recall diff is too small for 1 consecutive steps, break.
Recall diff is too small for 1 consecutive steps, break.
Recall diff is too small for 1 consecutive steps, break.
Weighted average ef: 868.59
Training convergence-bucket 4 [52.7299, 57.8759) with 300 queries (recall=0.98).
Average Recall: 0.8483
Initial average recall with ef=100: 0.850649
Average Recall: 0.8967
Initial average recall with ef=150: 0.899046
Recall diff is too small for 1 consecutive steps, break.
Recall diff is too small for 1 consecutive steps, break.
Recall diff is too small for 1 consecutive steps, break.
Recall diff is too small for 1 consecutive steps, break.
Recall diff is too small for 1 consecutive steps, break.
Recall diff is too small for 1 consecutive steps, break.
Recall diff is too small for 1 consecutive steps, break.
Weighted average ef: 627.05
Training convergence-bucket 5 [57.8759, 62.0518) with 300 queries (recall=0.98).
Average Recall: 0.900067
Initial average recall with ef=100: 0.901424
Average Recall: 0.9368
Initial average recall with ef=150: 0.938029
Recall diff is too small for 1 consecutive steps, break.
Recall diff is too small for 1 consecutive steps, break.
Recall diff is too small for 1 consecutive steps, break.
Weighted average ef: 398.33
Training convergence-bucket 6 [62.0518, 65.7271) with 300 queries (recall=0.98).
Average Recall: 0.918534
Initial average recall with ef=100: 0.919963
Average Recall: 0.9502
Initial average recall with ef=150: 0.952263
Recall diff is too small for 1 consecutive steps, break.
Weighted average ef: 295.677
Training convergence-bucket 7 [65.7271, 69.7432) with 300 queries (recall=0.98).
Average Recall: 0.9447
Initial average recall with ef=100: 0.946222
Average Recall: 0.9705
Initial average recall with ef=150: 0.971556
Recall diff is too small for 1 consecutive steps, break.
Weighted average ef: 195.497
Training convergence-bucket 8 [69.7432, 74.4169) with 300 queries (recall=0.98).
Average Recall: 0.963467
Initial average recall with ef=100: 0.964254
Average Recall: 0.981834
Initial average recall with ef=150: 0.982351
Weighted average ef: 157.46
Training convergence-bucket 9 [74.4169, inf) with 300 queries (recall=0.98).
Average Recall: 0.976167
Initial average recall with ef=100: 0.978655
Average Recall: 0.987867
Initial average recall with ef=150: 0.989382
Recall diff is too small for 1 consecutive steps, break.
Weighted average ef: 135.953
Reconstructed True WAE: 266.504 (Hard Pct: 0.024)
  Avg Ef Hard (bucketed): 904.319 | Avg Ef Easy (bucketed): 250.82
Search time: 2270 ms
Search time: 2206 ms
Search time: 2206 ms
Average Recall: 0.9768
5th percentile recall: 0.89
1st percentile recall: 0.82
Median search time: 2206 ms
Search times: 2206 ms, 2206 ms, 2270 ms, 
word2vec-300-angular experiment results:
statisc_length, time, avg_recall, 5th_percentile_recall, 1st_percentile_recall, recall_above_99, recall_above_95, recall_above_90
1025, 2206, 0.9768, 0.89, 0.82, 637, 839, 933
Experiment finished

--- n_convergence_buckets: 15 ---

Loading samplings from /home/yc.shea/experiments/shiro-ef/sampling/word2vec-300-angular-samplings--k100-ef.bin
Samplings loaded from /home/yc.shea/experiments/shiro-ef/sampling/word2vec-300-angular-samplings--k100-ef.bin
Average Recall: 0.82003
Initial average recall with ef=100: 0.8201
Average Recall: 0.867479
Initial average recall with ef=150: 0.868171
Weighted average ef: 531.174
Per-bucket recall: conv_p20=40.0553 hard_recall=0.95 easy_recall=0.98
Training convergence-bucket 0 [13.6502, 35.33) with 200 queries (recall=0.95).
Average Recall: 0.58295
Initial average recall with ef=100: 0.582917
Average Recall: 0.6655
Initial average recall with ef=150: 0.66651
Recall diff is too small for 1 consecutive steps, break.
Weighted average ef: 908.045
Training convergence-bucket 1 [35.33, 37.9954) with 200 queries (recall=0.95).
Average Recall: 0.60335
Initial average recall with ef=100: 0.609894
Average Recall: 0.68755
Initial average recall with ef=150: 0.695767
Recall diff is too small for 1 consecutive steps, break.
Weighted average ef: 821.555
Training convergence-bucket 2 [37.9954, 40.0553) with 200 queries (recall=0.95).
Average Recall: 0.61095
Initial average recall with ef=100: 0.615167
Average Recall: 0.6931
Initial average recall with ef=150: 0.698889
Weighted average ef: 849.125
Training convergence-bucket 3 [40.0553, 42.7073) with 200 queries (recall=0.98).
Average Recall: 0.635829
Initial average recall with ef=100: 0.630432
Average Recall: 0.72135
Initial average recall with ef=150: 0.729622
Weighted average ef: 914.16
Training convergence-bucket 4 [42.7073, 48.4992) with 200 queries (recall=0.98).
Average Recall: 0.73955
Initial average recall with ef=100: 0.733846
Average Recall: 0.8034
Initial average recall with ef=150: 0.799467
Recall diff is too small for 1 consecutive steps, break.
Recall diff is too small for 1 consecutive steps, break.
Recall diff is too small for 1 consecutive steps, break.
Weighted average ef: 826.785
Training convergence-bucket 5 [48.4992, 52.7299) with 200 queries (recall=0.98).
Average Recall: 0.80015
Initial average recall with ef=100: 0.802171
Average Recall: 0.85555
Initial average recall with ef=150: 0.8588
Recall diff is too small for 1 consecutive steps, break.
Recall diff is too small for 1 consecutive steps, break.
Recall diff is too small for 1 consecutive steps, break.
Weighted average ef: 770.435
Training convergence-bucket 6 [52.7299, 56.225) with 200 queries (recall=0.98).
Average Recall: 0.8387
Initial average recall with ef=100: 0.841667
Average Recall: 0.8885
Initial average recall with ef=150: 0.890926
Recall diff is too small for 1 consecutive steps, break.
Recall diff is too small for 1 consecutive steps, break.
Recall diff is too small for 1 consecutive steps, break.
Recall diff is too small for 1 consecutive steps, break.
Recall diff is too small for 1 consecutive steps, break.
Weighted average ef: 635.49
Training convergence-bucket 7 [56.225, 59.1748) with 200 queries (recall=0.98).
Average Recall: 0.882
Initial average recall with ef=100: 0.88193
Average Recall: 0.92415
Initial average recall with ef=150: 0.925848
Weighted average ef: 411.185
Training convergence-bucket 8 [59.1748, 62.0518) with 200 queries (recall=0.98).
Average Recall: 0.90185
Initial average recall with ef=100: 0.905393
Average Recall: 0.9376
Initial average recall with ef=150: 0.940168
Recall diff is too small for 1 consecutive steps, break.
Recall diff is too small for 1 consecutive steps, break.
Weighted average ef: 391.49
Training convergence-bucket 9 [62.0518, 64.3546) with 200 queries (recall=0.98).
Average Recall: 0.9123
Initial average recall with ef=100: 0.912
Average Recall: 0.945
Initial average recall with ef=150: 0.946114
Weighted average ef: 328.975
Training convergence-bucket 10 [64.3546, 67.0777) with 200 queries (recall=0.98).
Average Recall: 0.93705
Initial average recall with ef=100: 0.939593
Average Recall: 0.96565
Initial average recall with ef=150: 0.967558
Recall diff is too small for 1 consecutive steps, break.
Weighted average ef: 205.485
Training convergence-bucket 11 [67.0777, 69.7432) with 200 queries (recall=0.98).
Average Recall: 0.9455
Initial average recall with ef=100: 0.948802
Average Recall: 0.9704
Initial average recall with ef=150: 0.973054
Recall diff is too small for 1 consecutive steps, break.
Weighted average ef: 175.76
Training convergence-bucket 12 [69.7432, 72.801) with 200 queries (recall=0.98).
Average Recall: 0.9588
Initial average recall with ef=100: 0.959769
Average Recall: 0.97985
Initial average recall with ef=150: 0.980867
Weighted average ef: 163.115
Training convergence-bucket 13 [72.801, 76.4035) with 200 queries (recall=0.98).
Average Recall: 0.972551
Initial average recall with ef=100: 0.97454
Average Recall: 0.98645
Initial average recall with ef=150: 0.987184
Weighted average ef: 127.72
Training convergence-bucket 14 [76.4035, inf) with 200 queries (recall=0.98).
Average Recall: 0.9781
Initial average recall with ef=100: 0.983781
Average Recall: 0.98825
Initial average recall with ef=150: 0.992622
Weighted average ef: 94.74
Reconstructed True WAE: 236.459 (Hard Pct: 0.024)
  Avg Ef Hard (bucketed): 874.572 | Avg Ef Easy (bucketed): 220.768
Search time: 2165 ms
Search time: 2167 ms
Search time: 2165 ms
Average Recall: 0.97562
5th percentile recall: 0.89
1st percentile recall: 0.81
Median search time: 2165 ms
Search times: 2165 ms, 2165 ms, 2167 ms, 
word2vec-300-angular experiment results:
statisc_length, time, avg_recall, 5th_percentile_recall, 1st_percentile_recall, recall_above_99, recall_above_95, recall_above_90
1025, 2165, 0.97562, 0.89, 0.81, 613, 837, 930
Experiment finished

--- n_convergence_buckets: 20 ---

Loading samplings from /home/yc.shea/experiments/shiro-ef/sampling/word2vec-300-angular-samplings--k100-ef.bin
Samplings loaded from /home/yc.shea/experiments/shiro-ef/sampling/word2vec-300-angular-samplings--k100-ef.bin
Average Recall: 0.82003
Initial average recall with ef=100: 0.8201
Average Recall: 0.867479
Initial average recall with ef=150: 0.868171
Weighted average ef: 531.174
Per-bucket recall: conv_p20=40.0553 hard_recall=0.95 easy_recall=0.98
Training convergence-bucket 0 [13.6502, 34.3873) with 150 queries (recall=0.95).
Average Recall: 0.578867
Initial average recall with ef=100: 0.576783
Average Recall: 0.660933
Initial average recall with ef=150: 0.65986
Recall diff is too small for 1 consecutive steps, break.
Weighted average ef: 912.367
Training convergence-bucket 1 [34.3873, 36.851) with 150 queries (recall=0.95).
Average Recall: 0.5988
Initial average recall with ef=100: 0.617518
Average Recall: 0.682733
Initial average recall with ef=150: 0.703942
Recall diff is too small for 1 consecutive steps, break.
Weighted average ef: 794.187
Training convergence-bucket 2 [36.851, 38.4882) with 150 queries (recall=0.95).
Average Recall: 0.600267
Initial average recall with ef=100: 0.615435
Average Recall: 0.686
Initial average recall with ef=150: 0.703623
Recall diff is too small for 1 consecutive steps, break.
Weighted average ef: 793.66
Training convergence-bucket 3 [38.4882, 40.0553) with 150 queries (recall=0.95).
Average Recall: 0.6184
Initial average recall with ef=100: 0.614963
Average Recall: 0.698533
Initial average recall with ef=150: 0.696
Recall diff is too small for 1 consecutive steps, break.
Weighted average ef: 864.54
Training convergence-bucket 4 [40.0553, 41.4711) with 150 queries (recall=0.98).
Average Recall: 0.618456
Initial average recall with ef=100: 0.613556
Average Recall: 0.7082
Initial average recall with ef=150: 0.708889
Weighted average ef: 884.673
Training convergence-bucket 5 [41.4711, 45.905) with 150 queries (recall=0.98).
Average Recall: 0.709733
Initial average recall with ef=100: 0.712595
Average Recall: 0.776
Initial average recall with ef=150: 0.78084
Recall diff is too small for 1 consecutive steps, break.
Weighted average ef: 841.46
Training convergence-bucket 6 [45.905, 49.8134) with 150 queries (recall=0.98).
Average Recall: 0.767867
Initial average recall with ef=100: 0.761613
Average Recall: 0.8294
Initial average recall with ef=150: 0.826129
Recall diff is too small for 1 consecutive steps, break.
Recall diff is too small for 1 consecutive steps, break.
Recall diff is too small for 1 consecutive steps, break.
Recall diff is too small for 1 consecutive steps, break.
Recall diff is too small for 1 consecutive steps, break.
Recall diff is too small for 1 consecutive steps, break.
Weighted average ef: 739.447
Training convergence-bucket 7 [49.8134, 52.7299) with 150 queries (recall=0.98).
Average Recall: 0.804534
Initial average recall with ef=100: 0.804435
Average Recall: 0.860133
Initial average recall with ef=150: 0.861048
Recall diff is too small for 1 consecutive steps, break.
Recall diff is too small for 1 consecutive steps, break.
Recall diff is too small for 1 consecutive steps, break.
Weighted average ef: 682.153
Training convergence-bucket 8 [52.7299, 55.3688) with 150 queries (recall=0.98).
Average Recall: 0.835333
Initial average recall with ef=100: 0.839649
Average Recall: 0.885
Initial average recall with ef=150: 0.888333
Recall diff is too small for 1 consecutive steps, break.
Recall diff is too small for 1 consecutive steps, break.
Recall diff is too small for 1 consecutive steps, break.
Weighted average ef: 598.533
Training convergence-bucket 9 [55.3688, 57.8759) with 150 queries (recall=0.98).
Average Recall: 0.861267
Initial average recall with ef=100: 0.858276
Average Recall: 0.9084
Initial average recall with ef=150: 0.90681
Recall diff is too small for 1 consecutive steps, break.
Weighted average ef: 475.693
Training convergence-bucket 10 [57.8759, 60.032) with 150 queries (recall=0.98).
Average Recall: 0.8978
Initial average recall with ef=100: 0.89881
Average Recall: 0.935467
Initial average recall with ef=150: 0.936984
Recall diff is too small for 1 consecutive steps, break.
Recall diff is too small for 1 consecutive steps, break.
Recall diff is too small for 1 consecutive steps, break.
Recall diff is too small for 1 consecutive steps, break.
Weighted average ef: 327.527
Training convergence-bucket 11 [60.032, 62.0518) with 150 queries (recall=0.98).
Average Recall: 0.902333
Initial average recall with ef=100: 0.902778
Average Recall: 0.938134
Initial average recall with ef=150: 0.93873
Recall diff is too small for 1 consecutive steps, break.
Recall diff is too small for 1 consecutive steps, break.
Recall diff is too small for 1 consecutive steps, break.
Recall diff is too small for 1 consecutive steps, break.
Weighted average ef: 390.367
Training convergence-bucket 12 [62.0518, 63.9264) with 150 queries (recall=0.98).
Average Recall: 0.9056
Initial average recall with ef=100: 0.903769
Average Recall: 0.939734
Initial average recall with ef=150: 0.939154
Recall diff is too small for 1 consecutive steps, break.
Recall diff is too small for 1 consecutive steps, break.
Weighted average ef: 345.707
Training convergence-bucket 13 [63.9264, 65.7271) with 150 queries (recall=0.98).
Average Recall: 0.931466
Initial average recall with ef=100: 0.930579
Average Recall: 0.960667
Initial average recall with ef=150: 0.961405
Recall diff is too small for 1 consecutive steps, break.
Weighted average ef: 231.967
Training convergence-bucket 14 [65.7271, 67.6567) with 150 queries (recall=0.98).
Average Recall: 0.943267
Initial average recall with ef=100: 0.945455
Average Recall: 0.971267
Initial average recall with ef=150: 0.973058
Weighted average ef: 170.04
Training convergence-bucket 15 [67.6567, 69.7432) with 150 queries (recall=0.98).
Average Recall: 0.946134
Initial average recall with ef=100: 0.94984
Average Recall: 0.969734
Initial average recall with ef=150: 0.97312
Recall diff is too small for 1 consecutive steps, break.
Recall diff is too small for 1 consecutive steps, break.
Recall diff is too small for 1 consecutive steps, break.
Recall diff is too small for 1 consecutive steps, break.
Weighted average ef: 159.213
Training convergence-bucket 16 [69.7432, 71.8983) with 150 queries (recall=0.98).
Average Recall: 0.957867
Initial average recall with ef=100: 0.960598
Average Recall: 0.980267
Initial average recall with ef=150: 0.98265
Weighted average ef: 136.233
Training convergence-bucket 17 [71.8983, 74.4169) with 150 queries (recall=0.98).
Average Recall: 0.969066
Initial average recall with ef=100: 0.969917
Average Recall: 0.9834
Initial average recall with ef=150: 0.982833
Recall diff is too small for 1 consecutive steps, break.
Recall diff is too small for 1 consecutive steps, break.
Weighted average ef: 142.04
Training convergence-bucket 18 [74.4169, 77.4962) with 150 queries (recall=0.98).
Average Recall: 0.9742
Initial average recall with ef=100: 0.9772
Average Recall: 0.987133
Initial average recall with ef=150: 0.98904
Weighted average ef: 114.167
Training convergence-bucket 19 [77.4962, inf) with 150 queries (recall=0.98).
Average Recall: 0.978133
Initial average recall with ef=100: 0.983504
Average Recall: 0.9886
Initial average recall with ef=150: 0.992735
Weighted average ef: 91.6667
Reconstructed True WAE: 245.342 (Hard Pct: 0.024)
  Avg Ef Hard (bucketed): 814.318 | Avg Ef Easy (bucketed): 231.35
Search time: 2127 ms
Search time: 2127 ms
Search time: 2128 ms
Average Recall: 0.97544
5th percentile recall: 0.89
1st percentile recall: 0.81
Median search time: 2127 ms
Search times: 2127 ms, 2127 ms, 2128 ms, 
word2vec-300-angular experiment results:
statisc_length, time, avg_recall, 5th_percentile_recall, 1st_percentile_recall, recall_above_99, recall_above_95, recall_above_90
1025, 2127, 0.97544, 0.89, 0.81, 615, 832, 933
Experiment finished


Dataset: sift10m-128-euclidean
Metric: l2
Data vectors dimensions: 10000000 x 128
Query vectors dimensions: 1000 x 128
Neighbors dimensions: 1000 x 100
Index loaded
Dimension of space:128
Data size of space:512

--- n_convergence_buckets: 5 ---

Loading samplings from /home/yc.shea/experiments/shiro-ef/sampling/sift10m-128-euclidean-samplings--k100-ef.bin
Samplings loaded from /home/yc.shea/experiments/shiro-ef/sampling/sift10m-128-euclidean-samplings--k100-ef.bin
Average Recall: 0.856011
Initial average recall with ef=100: 0.856315
Average Recall: 0.902513
Initial average recall with ef=150: 0.902814
Weighted average ef: 299.369
Per-bucket recall: conv_p20=43.9052 hard_recall=0.95 easy_recall=0.98
Training convergence-bucket 0 [25.6326, 43.9052) with 600 queries (recall=0.95).
Average Recall: 0.67395
Initial average recall with ef=100: 0.673005
Average Recall: 0.7529
Initial average recall with ef=150: 0.752309
Weighted average ef: 694.063
Training convergence-bucket 1 [43.9052, 53.5044) with 600 queries (recall=0.98).
Average Recall: 0.800033
Initial average recall with ef=100: 0.799848
Average Recall: 0.864583
Initial average recall with ef=150: 0.864334
Recall diff is too small for 1 consecutive steps, break.
Weighted average ef: 585.967
Training convergence-bucket 2 [53.5044, 60.9502) with 600 queries (recall=0.98).
Average Recall: 0.883634
Initial average recall with ef=100: 0.883243
Average Recall: 0.930884
Initial average recall with ef=150: 0.930507
Recall diff is too small for 1 consecutive steps, break.
Weighted average ef: 327.822
Training convergence-bucket 3 [60.9502, 69.4434) with 600 queries (recall=0.98).
Average Recall: 0.9409
Initial average recall with ef=100: 0.941731
Average Recall: 0.971232
Initial average recall with ef=150: 0.971916
Weighted average ef: 195.47
Training convergence-bucket 4 [69.4434, inf) with 600 queries (recall=0.98).
Average Recall: 0.981566
Initial average recall with ef=100: 0.982014
Average Recall: 0.992999
Initial average recall with ef=150: 0.993255
Weighted average ef: 121.083
Reconstructed True WAE: 219.32 (Hard Pct: 0.02)
  Avg Ef Hard (bucketed): 723.778 | Avg Ef Easy (bucketed): 209.025
Search time: 1604 ms
Search time: 1631 ms
Search time: 1594 ms
Average Recall: 0.98425
5th percentile recall: 0.95
1st percentile recall: 0.92
Median search time: 1604 ms
Search times: 1594 ms, 1604 ms, 1631 ms, 
sift10m-128-euclidean experiment results:
statisc_length, time, avg_recall, 5th_percentile_recall, 1st_percentile_recall, recall_above_99, recall_above_95, recall_above_90
1025, 1604, 0.98425, 0.95, 0.92, 614, 936, 993
Experiment finished

--- n_convergence_buckets: 10 ---

Loading samplings from /home/yc.shea/experiments/shiro-ef/sampling/sift10m-128-euclidean-samplings--k100-ef.bin
Samplings loaded from /home/yc.shea/experiments/shiro-ef/sampling/sift10m-128-euclidean-samplings--k100-ef.bin
Average Recall: 0.856011
Initial average recall with ef=100: 0.856315
Average Recall: 0.902513
Initial average recall with ef=150: 0.902814
Weighted average ef: 299.369
Per-bucket recall: conv_p20=43.9052 hard_recall=0.95 easy_recall=0.98
Training convergence-bucket 0 [25.6326, 40.8522) with 300 queries (recall=0.95).
Average Recall: 0.6557
Initial average recall with ef=100: 0.655017
Average Recall: 0.7357
Initial average recall with ef=150: 0.735813
Weighted average ef: 738.057
Training convergence-bucket 1 [40.8522, 43.9052) with 300 queries (recall=0.95).
Average Recall: 0.6922
Initial average recall with ef=100: 0.691365
Average Recall: 0.7701
Initial average recall with ef=150: 0.769625
Weighted average ef: 622.07
Training convergence-bucket 2 [43.9052, 49.5591) with 300 queries (recall=0.98).
Average Recall: 0.772167
Initial average recall with ef=100: 0.771632
Average Recall: 0.8429
Initial average recall with ef=150: 0.842396
Recall diff is too small for 1 consecutive steps, break.
Weighted average ef: 667.26
Training convergence-bucket 3 [49.5591, 53.5044) with 300 queries (recall=0.98).
Average Recall: 0.8279
Initial average recall with ef=100: 0.827109
Average Recall: 0.886266
Initial average recall with ef=150: 0.885646
Recall diff is too small for 1 consecutive steps, break.
Weighted average ef: 476.44
Training convergence-bucket 4 [53.5044, 57.6866) with 300 queries (recall=0.98).
Average Recall: 0.8677
Initial average recall with ef=100: 0.865517
Average Recall: 0.919066
Initial average recall with ef=150: 0.917414
Recall diff is too small for 1 consecutive steps, break.
Weighted average ef: 357.447
Training convergence-bucket 5 [57.6866, 60.9502) with 300 queries (recall=0.98).
Average Recall: 0.899567
Initial average recall with ef=100: 0.900206
Average Recall: 0.9427
Initial average recall with ef=150: 0.94339
Weighted average ef: 300.147
Training convergence-bucket 6 [60.9502, 64.8344) with 300 queries (recall=0.98).
Average Recall: 0.926633
Initial average recall with ef=100: 0.927578
Average Recall: 0.961734
Initial average recall with ef=150: 0.962664
Recall diff is too small for 1 consecutive steps, break.
Weighted average ef: 219.8
Training convergence-bucket 7 [64.8344, 69.4434) with 300 queries (recall=0.98).
Average Recall: 0.955167
Initial average recall with ef=100: 0.956531
Average Recall: 0.980734
Initial average recall with ef=150: 0.981599
Weighted average ef: 167.25
Training convergence-bucket 8 [69.4434, 74.9222) with 300 queries (recall=0.98).
Average Recall: 0.972767
Initial average recall with ef=100: 0.973547
Average Recall: 0.989067
Initial average recall with ef=150: 0.989527
Weighted average ef: 133.167
Training convergence-bucket 9 [74.9222, inf) with 300 queries (recall=0.98).
Average Recall: 0.990367
Initial average recall with ef=100: 0.990791
Average Recall: 0.996934
Initial average recall with ef=150: 0.997217
Weighted average ef: 101.333
Reconstructed True WAE: 189.968 (Hard Pct: 0.02)
  Avg Ef Hard (bucketed): 684.97 | Avg Ef Easy (bucketed): 179.866
Search time: 1524 ms
Search time: 1586 ms
Search time: 1588 ms
Average Recall: 0.98493
5th percentile recall: 0.95
1st percentile recall: 0.92
Median search time: 1586 ms
Search times: 1524 ms, 1586 ms, 1588 ms, 
sift10m-128-euclidean experiment results:
statisc_length, time, avg_recall, 5th_percentile_recall, 1st_percentile_recall, recall_above_99, recall_above_95, recall_above_90
1025, 1586, 0.98493, 0.95, 0.92, 626, 937, 997
Experiment finished

--- n_convergence_buckets: 15 ---

Loading samplings from /home/yc.shea/experiments/shiro-ef/sampling/sift10m-128-euclidean-samplings--k100-ef.bin
Samplings loaded from /home/yc.shea/experiments/shiro-ef/sampling/sift10m-128-euclidean-samplings--k100-ef.bin
Average Recall: 0.856011
Initial average recall with ef=100: 0.856315
Average Recall: 0.902513
Initial average recall with ef=150: 0.902814
Weighted average ef: 299.369
Per-bucket recall: conv_p20=43.9052 hard_recall=0.95 easy_recall=0.98
Training convergence-bucket 0 [25.6326, 39.447) with 200 queries (recall=0.95).
Average Recall: 0.6458
Initial average recall with ef=100: 0.642872
Average Recall: 0.72385
Initial average recall with ef=150: 0.722234
Weighted average ef: 738.555
Training convergence-bucket 1 [39.447, 42.1313) with 200 queries (recall=0.95).
Average Recall: 0.67795
Initial average recall with ef=100: 0.675811
Average Recall: 0.7597
Initial average recall with ef=150: 0.757016
Weighted average ef: 672.835
Training convergence-bucket 2 [42.1313, 43.9052) with 200 queries (recall=0.95).
Average Recall: 0.6981
Initial average recall with ef=100: 0.697
Average Recall: 0.77515
Initial average recall with ef=150: 0.77479
Weighted average ef: 591.88
Training convergence-bucket 3 [43.9052, 47.8976) with 200 queries (recall=0.98).
Average Recall: 0.7541
Initial average recall with ef=100: 0.752139
Average Recall: 0.82805
Initial average recall with ef=150: 0.82631
Recall diff is too small for 1 consecutive steps, break.
Weighted average ef: 720.1
Training convergence-bucket 4 [47.8976, 51.045) with 200 queries (recall=0.98).
Average Recall: 0.81065
Initial average recall with ef=100: 0.807989
Average Recall: 0.875
Initial average recall with ef=150: 0.872804
Weighted average ef: 509.335
Training convergence-bucket 5 [51.045, 53.5044) with 200 queries (recall=0.98).
Average Recall: 0.83535
Initial average recall with ef=100: 0.835937
Average Recall: 0.8907
Initial average recall with ef=150: 0.891354
Weighted average ef: 448.525
Training convergence-bucket 6 [53.5044, 56.1858) with 200 queries (recall=0.98).
Average Recall: 0.85895
Initial average recall with ef=100: 0.855946
Average Recall: 0.91195
Initial average recall with ef=150: 0.909351
Recall diff is too small for 1 consecutive steps, break.
Weighted average ef: 390.815
Training convergence-bucket 7 [56.1858, 58.9285) with 200 queries (recall=0.98).
Average Recall: 0.8881
Initial average recall with ef=100: 0.887213
Average Recall: 0.9344
Initial average recall with ef=150: 0.934262
Recall diff is too small for 1 consecutive steps, break.
Weighted average ef: 294.75
Training convergence-bucket 8 [58.9285, 60.9502) with 200 queries (recall=0.98).
Average Recall: 0.90385
Initial average recall with ef=100: 0.904712
Average Recall: 0.9463
Initial average recall with ef=150: 0.947068
Recall diff is too small for 1 consecutive steps, break.
Weighted average ef: 273.46
Training convergence-bucket 9 [60.9502, 63.3136) with 200 queries (recall=0.98).
Average Recall: 0.92145
Initial average recall with ef=100: 0.921319
Average Recall: 0.95755
Initial average recall with ef=150: 0.957473
Weighted average ef: 226.885
Training convergence-bucket 10 [63.3136, 66.3416) with 200 queries (recall=0.98).
Average Recall: 0.94435
Initial average recall with ef=100: 0.946335
Average Recall: 0.9748
Initial average recall with ef=150: 0.976073
Weighted average ef: 177
Training convergence-bucket 11 [66.3416, 69.4434) with 200 queries (recall=0.98).
Average Recall: 0.9569
Initial average recall with ef=100: 0.958316
Average Recall: 0.98135
Initial average recall with ef=150: 0.982263
Weighted average ef: 162.75
Training convergence-bucket 12 [69.4434, 72.9883) with 200 queries (recall=0.98).
Average Recall: 0.9696
Initial average recall with ef=100: 0.970714
Average Recall: 0.987251
Initial average recall with ef=150: 0.987908
Weighted average ef: 149.25
Training convergence-bucket 13 [72.9883, 77.2252) with 200 queries (recall=0.98).
Average Recall: 0.98375
Initial average recall with ef=100: 0.98433
Average Recall: 0.9948
Initial average recall with ef=150: 0.994948
Weighted average ef: 104.25
Training convergence-bucket 14 [77.2252, inf) with 200 queries (recall=0.98).
Average Recall: 0.99135
Initial average recall with ef=100: 0.992649
Average Recall: 0.99695
Initial average recall with ef=150: 0.997622
Weighted average ef: 97.25
Reconstructed True WAE: 192.998 (Hard Pct: 0.02)
  Avg Ef Hard (bucketed): 668.73 | Avg Ef Easy (bucketed): 183.289
Search time: 1679 ms
Search time: 1640 ms
Search time: 1626 ms
Average Recall: 0.98554
5th percentile recall: 0.95
1st percentile recall: 0.93
Median search time: 1640 ms
Search times: 1626 ms, 1640 ms, 1679 ms, 
sift10m-128-euclidean experiment results:
statisc_length, time, avg_recall, 5th_percentile_recall, 1st_percentile_recall, recall_above_99, recall_above_95, recall_above_90
1025, 1640, 0.98554, 0.95, 0.93, 646, 942, 996
Experiment finished

--- n_convergence_buckets: 20 ---

Loading samplings from /home/yc.shea/experiments/shiro-ef/sampling/sift10m-128-euclidean-samplings--k100-ef.bin
Samplings loaded from /home/yc.shea/experiments/shiro-ef/sampling/sift10m-128-euclidean-samplings--k100-ef.bin
Average Recall: 0.856011
Initial average recall with ef=100: 0.856315
Average Recall: 0.902513
Initial average recall with ef=150: 0.902814
Weighted average ef: 299.369
Per-bucket recall: conv_p20=43.9052 hard_recall=0.95 easy_recall=0.98
Training convergence-bucket 0 [25.6326, 38.5772) with 150 queries (recall=0.95).
Average Recall: 0.643867
Initial average recall with ef=100: 0.642794
Average Recall: 0.720267
Initial average recall with ef=150: 0.721397
Recall diff is too small for 1 consecutive steps, break.
Weighted average ef: 705.48
Training convergence-bucket 1 [38.5772, 40.8522) with 150 queries (recall=0.95).
Average Recall: 0.667533
Initial average recall with ef=100: 0.666715
Average Recall: 0.751134
Initial average recall with ef=150: 0.751898
Weighted average ef: 659.12
Training convergence-bucket 2 [40.8522, 42.6703) with 150 queries (recall=0.95).
Average Recall: 0.6858
Initial average recall with ef=100: 0.682979
Average Recall: 0.7658
Initial average recall with ef=150: 0.762128
Recall diff is too small for 1 consecutive steps, break.
Weighted average ef: 630.827
Training convergence-bucket 3 [42.6703, 43.9052) with 150 queries (recall=0.95).
Average Recall: 0.6986
Initial average recall with ef=100: 0.692388
Average Recall: 0.7744
Initial average recall with ef=150: 0.769627
Weighted average ef: 564.407
Training convergence-bucket 4 [43.9052, 46.8209) with 150 queries (recall=0.98).
Average Recall: 0.738333
Initial average recall with ef=100: 0.736619
Average Recall: 0.813733
Initial average recall with ef=150: 0.812014
Recall diff is too small for 1 consecutive steps, break.
Weighted average ef: 772.853
Training convergence-bucket 5 [46.8209, 49.5591) with 150 queries (recall=0.98).
Average Recall: 0.806
Initial average recall with ef=100: 0.803776
Average Recall: 0.872067
Initial average recall with ef=150: 0.86979
Recall diff is too small for 1 consecutive steps, break.
Recall diff is too small for 1 consecutive steps, break.
Recall diff is too small for 1 consecutive steps, break.
Recall diff is too small for 1 consecutive steps, break.
Weighted average ef: 519.4
Training convergence-bucket 6 [49.5591, 51.7327) with 150 queries (recall=0.98).
Average Recall: 0.813333
Initial average recall with ef=100: 0.80806
Average Recall: 0.876534
Initial average recall with ef=150: 0.872239
Recall diff is too small for 1 consecutive steps, break.
Weighted average ef: 494.02
Training convergence-bucket 7 [51.7327, 53.5044) with 150 queries (recall=0.98).
Average Recall: 0.842467
Initial average recall with ef=100: 0.840857
Average Recall: 0.896
Initial average recall with ef=150: 0.895714
Weighted average ef: 414.733
Training convergence-bucket 8 [53.5044, 55.5287) with 150 queries (recall=0.98).
Average Recall: 0.853267
Initial average recall with ef=100: 0.84964
Average Recall: 0.907133
Initial average recall with ef=150: 0.904101
Recall diff is too small for 1 consecutive steps, break.
Weighted average ef: 390.427
Training convergence-bucket 9 [55.5287, 57.6866) with 150 queries (recall=0.98).
Average Recall: 0.882134
Initial average recall with ef=100: 0.883259
Average Recall: 0.931
Initial average recall with ef=150: 0.932741
Recall diff is too small for 1 consecutive steps, break.
Weighted average ef: 283.693
Training convergence-bucket 10 [57.6866, 59.4848) with 150 queries (recall=0.98).
Average Recall: 0.893933
Initial average recall with ef=100: 0.890956
Average Recall: 0.938333
Initial average recall with ef=150: 0.936103
Recall diff is too small for 1 consecutive steps, break.
Weighted average ef: 287.2
Training convergence-bucket 11 [59.4848, 60.9502) with 150 queries (recall=0.98).
Average Recall: 0.9052
Initial average recall with ef=100: 0.905735
Average Recall: 0.947067
Initial average recall with ef=150: 0.947353
Recall diff is too small for 1 consecutive steps, break.
Recall diff is too small for 1 consecutive steps, break.
Weighted average ef: 266.207
Training convergence-bucket 12 [60.9502, 62.7207) with 150 queries (recall=0.98).
Average Recall: 0.9172
Initial average recall with ef=100: 0.917185
Average Recall: 0.954667
Initial average recall with ef=150: 0.95437
Weighted average ef: 233.653
Training convergence-bucket 13 [62.7207, 64.8344) with 150 queries (recall=0.98).
Average Recall: 0.936067
Initial average recall with ef=100: 0.938462
Average Recall: 0.9688
Initial average recall with ef=150: 0.969769
Weighted average ef: 176.9
Training convergence-bucket 14 [64.8344, 67.0898) with 150 queries (recall=0.98).
Average Recall: 0.9516
Initial average recall with ef=100: 0.954338
Average Recall: 0.979667
Initial average recall with ef=150: 0.981471
Weighted average ef: 153.767
Training convergence-bucket 15 [67.0898, 69.4434) with 150 queries (recall=0.98).
Average Recall: 0.958734
Initial average recall with ef=100: 0.95951
Average Recall: 0.9818
Initial average recall with ef=150: 0.982238
Recall diff is too small for 1 consecutive steps, break.
Weighted average ef: 155.133
Training convergence-bucket 16 [69.4434, 71.887) with 150 queries (recall=0.98).
Average Recall: 0.9686
Initial average recall with ef=100: 0.969859
Average Recall: 0.986667
Initial average recall with ef=150: 0.987606
Weighted average ef: 147
Training convergence-bucket 17 [71.887, 74.9222) with 150 queries (recall=0.98).
Average Recall: 0.976934
Initial average recall with ef=100: 0.977273
Average Recall: 0.991467
Initial average recall with ef=150: 0.991539
Weighted average ef: 115.667
Training convergence-bucket 18 [74.9222, 78.5795) with 150 queries (recall=0.98).
Average Recall: 0.9886
Initial average recall with ef=100: 0.9895
Average Recall: 0.996733
Initial average recall with ef=150: 0.997214
Weighted average ef: 96.1
Training convergence-bucket 19 [78.5795, inf) with 150 queries (recall=0.98).
Average Recall: 0.992133
Initial average recall with ef=100: 0.99437
Average Recall: 0.997133
Initial average recall with ef=150: 0.998296
Weighted average ef: 94
Reconstructed True WAE: 184.554 (Hard Pct: 0.02)
  Avg Ef Hard (bucketed): 670.757 | Avg Ef Easy (bucketed): 174.631
Search time: 1620 ms
Search time: 1607 ms
Search time: 1615 ms
Average Recall: 0.98528
5th percentile recall: 0.95
1st percentile recall: 0.93
Median search time: 1615 ms
Search times: 1607 ms, 1615 ms, 1620 ms, 
sift10m-128-euclidean experiment results:
statisc_length, time, avg_recall, 5th_percentile_recall, 1st_percentile_recall, recall_above_99, recall_above_95, recall_above_90
1025, 1615, 0.98528, 0.95, 0.93, 632, 942, 997
Experiment finished


Dataset: gist-960-euclidean
Metric: l2
Data vectors dimensions: 1000000 x 960
Query vectors dimensions: 1000 x 960
Neighbors dimensions: 1000 x 100
Index loaded
Dimension of space:960
Data size of space:3840

--- n_convergence_buckets: 5 ---

Loading samplings from /home/yc.shea/experiments/shiro-ef/sampling/gist-960-euclidean-samplings--k100-ef.bin
Samplings loaded from /home/yc.shea/experiments/shiro-ef/sampling/gist-960-euclidean-samplings--k100-ef.bin
Average Recall: 0.726243
Initial average recall with ef=100: 0.725997
Average Recall: 0.799901
Initial average recall with ef=150: 0.799863
Recall diff is too small for 1 consecutive steps, break.
Weighted average ef: 642.249
Per-bucket recall: conv_p20=36.2647 hard_recall=0.95 easy_recall=0.98
Training convergence-bucket 0 [25.3651, 36.2647) with 600 queries (recall=0.95).
Average Recall: 0.532683
Initial average recall with ef=100: 0.532881
Average Recall: 0.626667
Initial average recall with ef=150: 0.627102
Weighted average ef: 1322.71
Training convergence-bucket 1 [36.2647, 41.989) with 600 queries (recall=0.98).
Average Recall: 0.645817
Initial average recall with ef=100: 0.648876
Average Recall: 0.735867
Initial average recall with ef=150: 0.738399
Recall diff is too small for 1 consecutive steps, break.
Recall diff is too small for 1 consecutive steps, break.
Weighted average ef: 1383.71
Training convergence-bucket 2 [41.989, 48.08) with 600 queries (recall=0.98).
Average Recall: 0.725433
Initial average recall with ef=100: 0.725857
Average Recall: 0.808216
Initial average recall with ef=150: 0.808591
Recall diff is too small for 1 consecutive steps, break.
Recall diff is too small for 1 consecutive steps, break.
Weighted average ef: 1003.07
Training convergence-bucket 3 [48.08, 57.2243) with 600 queries (recall=0.98).
Average Recall: 0.80365
Initial average recall with ef=100: 0.806695
Average Recall: 0.871251
Initial average recall with ef=150: 0.874182
Recall diff is too small for 1 consecutive steps, break.
Recall diff is too small for 1 consecutive steps, break.
Recall diff is too small for 1 consecutive steps, break.
Recall diff is too small for 1 consecutive steps, break.
Recall diff is too small for 1 consecutive steps, break.
Recall diff is too small for 1 consecutive steps, break.
Weighted average ef: 631.303
Training convergence-bucket 4 [57.2243, inf) with 600 queries (recall=0.98).
Average Recall: 0.923633
Initial average recall with ef=100: 0.925335
Average Recall: 0.957516
Initial average recall with ef=150: 0.958679
Recall diff is too small for 1 consecutive steps, break.
Weighted average ef: 256.357
Reconstructed True WAE: 627.835 (Hard Pct: 0.0111)
  Avg Ef Hard (bucketed): 1667.56 | Avg Ef Easy (bucketed): 616.164
Search time: 8796 ms
Search time: 8675 ms
Search time: 8335 ms
Average Recall: 0.9816
5th percentile recall: 0.94
1st percentile recall: 0.91
Median search time: 8675 ms
Search times: 8335 ms, 8675 ms, 8796 ms, 
gist-960-euclidean experiment results:
statisc_length, time, avg_recall, 5th_percentile_recall, 1st_percentile_recall, recall_above_99, recall_above_95, recall_above_90
1025, 8675, 0.9816, 0.94, 0.91, 558, 886, 993
Experiment finished

--- n_convergence_buckets: 10 ---

Loading samplings from /home/yc.shea/experiments/shiro-ef/sampling/gist-960-euclidean-samplings--k100-ef.bin
Samplings loaded from /home/yc.shea/experiments/shiro-ef/sampling/gist-960-euclidean-samplings--k100-ef.bin
Average Recall: 0.726243
Initial average recall with ef=100: 0.725997
Average Recall: 0.799901
Initial average recall with ef=150: 0.799863
Recall diff is too small for 1 consecutive steps, break.
Weighted average ef: 642.249
Per-bucket recall: conv_p20=36.2647 hard_recall=0.95 easy_recall=0.98
Training convergence-bucket 0 [25.3651, 33.1353) with 300 queries (recall=0.95).
Average Recall: 0.503567
Initial average recall with ef=100: 0.50189
Average Recall: 0.598533
Initial average recall with ef=150: 0.597388
Recall diff is too small for 1 consecutive steps, break.
Recall diff is too small for 1 consecutive steps, break.
Weighted average ef: 1418.12
Training convergence-bucket 1 [33.1353, 36.2647) with 300 queries (recall=0.95).
Average Recall: 0.5618
Initial average recall with ef=100: 0.562341
Average Recall: 0.6548
Initial average recall with ef=150: 0.655117
Weighted average ef: 1208.1
Training convergence-bucket 2 [36.2647, 39.2767) with 300 queries (recall=0.98).
Average Recall: 0.6292
Initial average recall with ef=100: 0.632755
Average Recall: 0.716667
Initial average recall with ef=150: 0.71932
Recall diff is too small for 1 consecutive steps, break.
Recall diff is too small for 1 consecutive steps, break.
Recall diff is too small for 1 consecutive steps, break.
Recall diff is too small for 1 consecutive steps, break.
Weighted average ef: 1584.18
Training convergence-bucket 3 [39.2767, 41.989) with 300 queries (recall=0.98).
Average Recall: 0.662433
Initial average recall with ef=100: 0.666944
Average Recall: 0.755067
Initial average recall with ef=150: 0.759444
Recall diff is too small for 1 consecutive steps, break.
Recall diff is too small for 1 consecutive steps, break.
Recall diff is too small for 1 consecutive steps, break.
Recall diff is too small for 1 consecutive steps, break.
Weighted average ef: 1164.02
Training convergence-bucket 4 [41.989, 45.0088) with 300 queries (recall=0.98).
Average Recall: 0.699867
Initial average recall with ef=100: 0.700414
Average Recall: 0.787267
Initial average recall with ef=150: 0.787862
Recall diff is too small for 1 consecutive steps, break.
Recall diff is too small for 1 consecutive steps, break.
Recall diff is too small for 1 consecutive steps, break.
Recall diff is too small for 1 consecutive steps, break.
Weighted average ef: 1099.88
Training convergence-bucket 5 [45.0088, 48.08) with 300 queries (recall=0.98).
Average Recall: 0.751
Initial average recall with ef=100: 0.753881
Average Recall: 0.829167
Initial average recall with ef=150: 0.832657
Recall diff is too small for 1 consecutive steps, break.
Recall diff is too small for 1 consecutive steps, break.
Recall diff is too small for 1 consecutive steps, break.
Weighted average ef: 843.767
Training convergence-bucket 6 [48.08, 51.9007) with 300 queries (recall=0.98).
Average Recall: 0.781033
Initial average recall with ef=100: 0.781631
Average Recall: 0.8552
Initial average recall with ef=150: 0.855816
Recall diff is too small for 1 consecutive steps, break.
Recall diff is too small for 1 consecutive steps, break.
Weighted average ef: 667.69
Training convergence-bucket 7 [51.9007, 57.2243) with 300 queries (recall=0.98).
Average Recall: 0.826267
Initial average recall with ef=100: 0.832014
Average Recall: 0.8873
Initial average recall with ef=150: 0.892266
Recall diff is too small for 1 consecutive steps, break.
Recall diff is too small for 1 consecutive steps, break.
Recall diff is too small for 1 consecutive steps, break.
Weighted average ef: 513.037
Training convergence-bucket 8 [57.2243, 65.9373) with 300 queries (recall=0.98).
Average Recall: 0.891
Initial average recall with ef=100: 0.891667
Average Recall: 0.9371
Initial average recall with ef=150: 0.937411
Recall diff is too small for 1 consecutive steps, break.
Recall diff is too small for 1 consecutive steps, break.
Weighted average ef: 320.317
Training convergence-bucket 9 [65.9373, inf) with 300 queries (recall=0.98).
Average Recall: 0.956267
Initial average recall with ef=100: 0.960601
Average Recall: 0.977933
Initial average recall with ef=150: 0.981237
Weighted average ef: 163.037
Reconstructed True WAE: 561.044 (Hard Pct: 0.0111)
  Avg Ef Hard (bucketed): 1574.95 | Avg Ef Easy (bucketed): 549.663
Search time: 8912 ms
Search time: 8898 ms
Search time: 8521 ms
Average Recall: 0.98183
5th percentile recall: 0.94
1st percentile recall: 0.91
Median search time: 8898 ms
Search times: 8521 ms, 8898 ms, 8912 ms, 
gist-960-euclidean experiment results:
statisc_length, time, avg_recall, 5th_percentile_recall, 1st_percentile_recall, recall_above_99, recall_above_95, recall_above_90
1025, 8898, 0.98183, 0.94, 0.91, 568, 889, 993
Experiment finished

--- n_convergence_buckets: 15 ---

Loading samplings from /home/yc.shea/experiments/shiro-ef/sampling/gist-960-euclidean-samplings--k100-ef.bin
Samplings loaded from /home/yc.shea/experiments/shiro-ef/sampling/gist-960-euclidean-samplings--k100-ef.bin
Average Recall: 0.726243
Initial average recall with ef=100: 0.725997
Average Recall: 0.799901
Initial average recall with ef=150: 0.799863
Recall diff is too small for 1 consecutive steps, break.
Weighted average ef: 642.249
Per-bucket recall: conv_p20=36.2647 hard_recall=0.95 easy_recall=0.98
Training convergence-bucket 0 [25.3651, 32.3583) with 200 queries (recall=0.95).
Average Recall: 0.50305
Initial average recall with ef=100: 0.503927
Average Recall: 0.5964
Initial average recall with ef=150: 0.598063
Recall diff is too small for 1 consecutive steps, break.
Recall diff is too small for 1 consecutive steps, break.
Recall diff is too small for 1 consecutive steps, break.
Weighted average ef: 1355.04
Training convergence-bucket 1 [32.3583, 33.808) with 200 queries (recall=0.95).
Average Recall: 0.5146
Initial average recall with ef=100: 0.509402
Average Recall: 0.61395
Initial average recall with ef=150: 0.610217
Weighted average ef: 1275.01
Training convergence-bucket 2 [33.808, 36.2647) with 200 queries (recall=0.95).
Average Recall: 0.5804
Initial average recall with ef=100: 0.579849
Average Recall: 0.66965
Initial average recall with ef=150: 0.669343
Weighted average ef: 1151.44
Training convergence-bucket 3 [36.2647, 38.2965) with 200 queries (recall=0.98).
Average Recall: 0.6195
Initial average recall with ef=100: 0.623085
Average Recall: 0.7078
Initial average recall with ef=150: 0.711117
Recall diff is too small for 1 consecutive steps, break.
Recall diff is too small for 1 consecutive steps, break.
Recall diff is too small for 1 consecutive steps, break.
Weighted average ef: 1465.43
Training convergence-bucket 4 [38.2965, 40.2151) with 200 queries (recall=0.98).
Average Recall: 0.6435
Initial average recall with ef=100: 0.645333
Average Recall: 0.7344
Initial average recall with ef=150: 0.736103
Recall diff is too small for 1 consecutive steps, break.
Recall diff is too small for 1 consecutive steps, break.
Weighted average ef: 1485.43
Training convergence-bucket 5 [40.2151, 41.989) with 200 queries (recall=0.98).
Average Recall: 0.67445
Initial average recall with ef=100: 0.682076
Average Recall: 0.7654
Initial average recall with ef=150: 0.772076
Recall diff is too small for 1 consecutive steps, break.
Recall diff is too small for 1 consecutive steps, break.
Recall diff is too small for 1 consecutive steps, break.
Weighted average ef: 1100.67
Training convergence-bucket 6 [41.989, 43.9471) with 200 queries (recall=0.98).
Average Recall: 0.696
Initial average recall with ef=100: 0.697196
Average Recall: 0.78345
Initial average recall with ef=150: 0.784603
Recall diff is too small for 1 consecutive steps, break.
Recall diff is too small for 1 consecutive steps, break.
Recall diff is too small for 1 consecutive steps, break.
Recall diff is too small for 1 consecutive steps, break.
Weighted average ef: 1075.12
Training convergence-bucket 7 [43.9471, 45.9313) with 200 queries (recall=0.98).
Average Recall: 0.72175
Initial average recall with ef=100: 0.722903
Average Recall: 0.8039
Initial average recall with ef=150: 0.806021
Recall diff is too small for 1 consecutive steps, break.
Recall diff is too small for 1 consecutive steps, break.
Weighted average ef: 928.14
Training convergence-bucket 8 [45.9313, 48.08) with 200 queries (recall=0.98).
Average Recall: 0.75855
Initial average recall with ef=100: 0.75768
Average Recall: 0.8373
Initial average recall with ef=150: 0.837062
Recall diff is too small for 1 consecutive steps, break.
Weighted average ef: 887.845
Training convergence-bucket 9 [48.08, 50.5435) with 200 queries (recall=0.98).
Average Recall: 0.77385
Initial average recall with ef=100: 0.780111
Average Recall: 0.85135
Initial average recall with ef=150: 0.856889
Recall diff is too small for 1 consecutive steps, break.
Recall diff is too small for 1 consecutive steps, break.
Recall diff is too small for 1 consecutive steps, break.
Recall diff is too small for 1 consecutive steps, break.
Weighted average ef: 588.57
Training convergence-bucket 10 [50.5435, 53.5453) with 200 queries (recall=0.98).
Average Recall: 0.80915
Initial average recall with ef=100: 0.811326
Average Recall: 0.8727
Initial average recall with ef=150: 0.875138
Recall diff is too small for 1 consecutive steps, break.
Recall diff is too small for 1 consecutive steps, break.
Recall diff is too small for 1 consecutive steps, break.
Weighted average ef: 584.36
Training convergence-bucket 11 [53.5453, 57.2243) with 200 queries (recall=0.98).
Average Recall: 0.82795
Initial average recall with ef=100: 0.833462
Average Recall: 0.8897
Initial average recall with ef=150: 0.894725
Recall diff is too small for 1 consecutive steps, break.
Recall diff is too small for 1 consecutive steps, break.
Recall diff is too small for 1 consecutive steps, break.
Weighted average ef: 528.215
Training convergence-bucket 12 [57.2243, 62.5327) with 200 queries (recall=0.98).
Average Recall: 0.88135
Initial average recall with ef=100: 0.883548
Average Recall: 0.9321
Initial average recall with ef=150: 0.934086
Recall diff is too small for 1 consecutive steps, break.
Recall diff is too small for 1 consecutive steps, break.
Weighted average ef: 323.515
Training convergence-bucket 13 [62.5327, 70.9146) with 200 queries (recall=0.98).
Average Recall: 0.9222
Initial average recall with ef=100: 0.927288
Average Recall: 0.9566
Initial average recall with ef=150: 0.960339
Recall diff is too small for 1 consecutive steps, break.
Weighted average ef: 221.305
Training convergence-bucket 14 [70.9146, inf) with 200 queries (recall=0.98).
Average Recall: 0.96735
Initial average recall with ef=100: 0.968737
Average Recall: 0.98385
Initial average recall with ef=150: 0.985211
Weighted average ef: 143.485
Reconstructed True WAE: 544.207 (Hard Pct: 0.0111)
  Avg Ef Hard (bucketed): 1549.75 | Avg Ef Easy (bucketed): 532.92
Search time: 8597 ms
Search time: 8795 ms
Search time: 8805 ms
Average Recall: 0.98067
5th percentile recall: 0.94
1st percentile recall: 0.9
Median search time: 8795 ms
Search times: 8597 ms, 8795 ms, 8805 ms, 
gist-960-euclidean experiment results:
statisc_length, time, avg_recall, 5th_percentile_recall, 1st_percentile_recall, recall_above_99, recall_above_95, recall_above_90
1025, 8795, 0.98067, 0.94, 0.9, 561, 879, 988
Experiment finished

--- n_convergence_buckets: 20 ---

Loading samplings from /home/yc.shea/experiments/shiro-ef/sampling/gist-960-euclidean-samplings--k100-ef.bin
Samplings loaded from /home/yc.shea/experiments/shiro-ef/sampling/gist-960-euclidean-samplings--k100-ef.bin
Average Recall: 0.726243
Initial average recall with ef=100: 0.725997
Average Recall: 0.799901
Initial average recall with ef=150: 0.799863
Recall diff is too small for 1 consecutive steps, break.
Weighted average ef: 642.249
Per-bucket recall: conv_p20=36.2647 hard_recall=0.95 easy_recall=0.98
Training convergence-bucket 0 [25.3651, 31.8694) with 150 queries (recall=0.95).
Average Recall: 0.5012
Initial average recall with ef=100: 0.50187
Average Recall: 0.5914
Initial average recall with ef=150: 0.59259
Recall diff is too small for 1 consecutive steps, break.
Weighted average ef: 1324.77
Training convergence-bucket 1 [31.8694, 33.1353) with 150 queries (recall=0.95).
Average Recall: 0.505933
Initial average recall with ef=100: 0.501119
Average Recall: 0.605667
Initial average recall with ef=150: 0.601194
Recall diff is too small for 1 consecutive steps, break.
Recall diff is too small for 1 consecutive steps, break.
Weighted average ef: 1247.03
Training convergence-bucket 2 [33.1353, 34.1467) with 150 queries (recall=0.95).
Average Recall: 0.5268
Initial average recall with ef=100: 0.51854
Average Recall: 0.622667
Initial average recall with ef=150: 0.615182
Recall diff is too small for 1 consecutive steps, break.
Recall diff is too small for 1 consecutive steps, break.
Weighted average ef: 1243.38
Training convergence-bucket 3 [34.1467, 36.2647) with 150 queries (recall=0.95).
Average Recall: 0.5968
Initial average recall with ef=100: 0.602207
Average Recall: 0.686933
Initial average recall with ef=150: 0.693517
Recall diff is too small for 1 consecutive steps, break.
Recall diff is too small for 1 consecutive steps, break.
Weighted average ef: 917.227
Training convergence-bucket 4 [36.2647, 37.8325) with 150 queries (recall=0.98).
Average Recall: 0.613867
Initial average recall with ef=100: 0.620072
Average Recall: 0.7008
Initial average recall with ef=150: 0.70554
Recall diff is too small for 1 consecutive steps, break.
Recall diff is too small for 1 consecutive steps, break.
Recall diff is too small for 1 consecutive steps, break.
Weighted average ef: 1500.05
Training convergence-bucket 5 [37.8325, 39.2767) with 150 queries (recall=0.98).
Average Recall: 0.644534
Initial average recall with ef=100: 0.647
Average Recall: 0.732533
Initial average recall with ef=150: 0.735071
Recall diff is too small for 1 consecutive steps, break.
Recall diff is too small for 1 consecutive steps, break.
Recall diff is too small for 1 consecutive steps, break.
Recall diff is too small for 1 consecutive steps, break.
Weighted average ef: 1284.18
Training convergence-bucket 6 [39.2767, 40.6849) with 150 queries (recall=0.98).
Average Recall: 0.646667
Initial average recall with ef=100: 0.646316
Average Recall: 0.7416
Initial average recall with ef=150: 0.741278
Recall diff is too small for 1 consecutive steps, break.
Recall diff is too small for 1 consecutive steps, break.
Recall diff is too small for 1 consecutive steps, break.
Weighted average ef: 1124.56
Training convergence-bucket 7 [40.6849, 41.989) with 150 queries (recall=0.98).
Average Recall: 0.6782
Initial average recall with ef=100: 0.688507
Average Recall: 0.768533
Initial average recall with ef=150: 0.776866
Recall diff is too small for 1 consecutive steps, break.
Recall diff is too small for 1 consecutive steps, break.
Recall diff is too small for 1 consecutive steps, break.
Recall diff is too small for 1 consecutive steps, break.
Weighted average ef: 1081.7
Training convergence-bucket 8 [41.989, 43.5453) with 150 queries (recall=0.98).
Average Recall: 0.695067
Initial average recall with ef=100: 0.697154
Average Recall: 0.783533
Initial average recall with ef=150: 0.786231
Recall diff is too small for 1 consecutive steps, break.
Recall diff is too small for 1 consecutive steps, break.
Recall diff is too small for 1 consecutive steps, break.
Recall diff is too small for 1 consecutive steps, break.
Recall diff is too small for 1 consecutive steps, break.
Weighted average ef: 906.547
Training convergence-bucket 9 [43.5453, 45.0088) with 150 queries (recall=0.98).
Average Recall: 0.704667
Initial average recall with ef=100: 0.700949
Average Recall: 0.791
Initial average recall with ef=150: 0.78635
Recall diff is too small for 1 consecutive steps, break.
Recall diff is too small for 1 consecutive steps, break.
Recall diff is too small for 1 consecutive steps, break.
Weighted average ef: 1029.43
Training convergence-bucket 10 [45.0088, 46.5084) with 150 queries (recall=0.98).
Average Recall: 0.739667
Initial average recall with ef=100: 0.744815
Average Recall: 0.819733
Initial average recall with ef=150: 0.826889
Recall diff is too small for 1 consecutive steps, break.
Recall diff is too small for 1 consecutive steps, break.
Recall diff is too small for 1 consecutive steps, break.
Recall diff is too small for 1 consecutive steps, break.
Recall diff is too small for 1 consecutive steps, break.
Recall diff is too small for 1 consecutive steps, break.
Recall diff is too small for 1 consecutive steps, break.
Recall diff is too small for 1 consecutive steps, break.
Recall diff is too small for 1 consecutive steps, break.
Weighted average ef: 715.293
Training convergence-bucket 11 [46.5084, 48.08) with 150 queries (recall=0.98).
Average Recall: 0.762333
Initial average recall with ef=100: 0.766331
Average Recall: 0.8386
Initial average recall with ef=150: 0.842734
Recall diff is too small for 1 consecutive steps, break.
Recall diff is too small for 1 consecutive steps, break.
Recall diff is too small for 1 consecutive steps, break.
Weighted average ef: 800.227
Training convergence-bucket 12 [48.08, 49.8455) with 150 queries (recall=0.98).
Average Recall: 0.7646
Initial average recall with ef=100: 0.773939
Average Recall: 0.842733
Initial average recall with ef=150: 0.851288
Recall diff is too small for 1 consecutive steps, break.
Recall diff is too small for 1 consecutive steps, break.
Recall diff is too small for 1 consecutive steps, break.
Recall diff is too small for 1 consecutive steps, break.
Weighted average ef: 603.52
Training convergence-bucket 13 [49.8455, 51.9007) with 150 queries (recall=0.98).
Average Recall: 0.797467
Initial average recall with ef=100: 0.801579
Average Recall: 0.867667
Initial average recall with ef=150: 0.871729
Recall diff is too small for 1 consecutive steps, break.
Weighted average ef: 569.827
Training convergence-bucket 14 [51.9007, 54.4036) with 150 queries (recall=0.98).
Average Recall: 0.827133
Initial average recall with ef=100: 0.833721
Average Recall: 0.8872
Initial average recall with ef=150: 0.891938
Recall diff is too small for 1 consecutive steps, break.
Recall diff is too small for 1 consecutive steps, break.
Weighted average ef: 480.76
Training convergence-bucket 15 [54.4036, 57.2243) with 150 queries (recall=0.98).
Average Recall: 0.8254
Initial average recall with ef=100: 0.829609
Average Recall: 0.8874
Initial average recall with ef=150: 0.89125
Recall diff is too small for 1 consecutive steps, break.
Recall diff is too small for 1 consecutive steps, break.
Weighted average ef: 528.147
Training convergence-bucket 16 [57.2243, 61.0032) with 150 queries (recall=0.98).
Average Recall: 0.8762
Initial average recall with ef=100: 0.878741
Average Recall: 0.928067
Initial average recall with ef=150: 0.929482
Recall diff is too small for 1 consecutive steps, break.
Weighted average ef: 326.393
Training convergence-bucket 17 [61.0032, 65.9373) with 150 queries (recall=0.98).
Average Recall: 0.9058
Initial average recall with ef=100: 0.91031
Average Recall: 0.946134
Initial average recall with ef=150: 0.948605
Recall diff is too small for 1 consecutive steps, break.
Recall diff is too small for 1 consecutive steps, break.
Weighted average ef: 257.613
Training convergence-bucket 18 [65.9373, 73.5794) with 150 queries (recall=0.98).
Average Recall: 0.943333
Initial average recall with ef=100: 0.94912
Average Recall: 0.971267
Initial average recall with ef=150: 0.976
Recall diff is too small for 1 consecutive steps, break.
Weighted average ef: 168.48
Training convergence-bucket 19 [73.5794, inf) with 150 queries (recall=0.98).
Average Recall: 0.9692
Initial average recall with ef=100: 0.97152
Average Recall: 0.9846
Initial average recall with ef=150: 0.98568
Weighted average ef: 212.433
Reconstructed True WAE: 469.249 (Hard Pct: 0.0111)
  Avg Ef Hard (bucketed): 1393.23 | Avg Ef Easy (bucketed): 458.878
Search time: 8431 ms
Search time: 8109 ms
Search time: 8337 ms
Average Recall: 0.98063
5th percentile recall: 0.94
1st percentile recall: 0.89
Median search time: 8337 ms
Search times: 8109 ms, 8337 ms, 8431 ms, 
gist-960-euclidean experiment results:
statisc_length, time, avg_recall, 5th_percentile_recall, 1st_percentile_recall, recall_above_99, recall_above_95, recall_above_90
1025, 8337, 0.98063, 0.94, 0.89, 548, 876, 987
Experiment finished


Dataset: tiny5m-384-euclidean
Metric: l2
Data vectors dimensions: 5000000 x 384
Query vectors dimensions: 1000 x 384
Neighbors dimensions: 1000 x 100
Index loaded
Dimension of space:384
Data size of space:1536

--- n_convergence_buckets: 5 ---

Loading samplings from /home/yc.shea/experiments/shiro-ef/sampling/tiny5m-384-euclidean-samplings--k100-ef.bin
Samplings loaded from /home/yc.shea/experiments/shiro-ef/sampling/tiny5m-384-euclidean-samplings--k100-ef.bin
Average Recall: 0.64064
Initial average recall with ef=100: 0.639839
Average Recall: 0.712267
Initial average recall with ef=150: 0.711623
Recall diff is too small for 1 consecutive steps, break.
Weighted average ef: 1245.09
Per-bucket recall: conv_p20=32.7229 hard_recall=0.95 easy_recall=0.98
Training convergence-bucket 0 [19.9269, 32.7229) with 600 queries (recall=0.95).
Average Recall: 0.40715
Initial average recall with ef=100: 0.406118
Average Recall: 0.488767
Initial average recall with ef=150: 0.487681
Recall diff is too small for 1 consecutive steps, break.
Weighted average ef: 2716.64
Training convergence-bucket 1 [32.7229, 38.2446) with 600 queries (recall=0.98).
Average Recall: 0.51695
Initial average recall with ef=100: 0.515454
Average Recall: 0.6007
Initial average recall with ef=150: 0.599411
Recall diff is too small for 1 consecutive steps, break.
Recall diff is too small for 1 consecutive steps, break.
Recall diff is too small for 1 consecutive steps, break.
Weighted average ef: 3103.93
Training convergence-bucket 2 [38.2446, 44.4111) with 600 queries (recall=0.98).
Average Recall: 0.618867
Initial average recall with ef=100: 0.617352
Average Recall: 0.701433
Initial average recall with ef=150: 0.700118
Recall diff is too small for 1 consecutive steps, break.
Weighted average ef: 1960.04
Training convergence-bucket 3 [44.4111, 54.8204) with 600 queries (recall=0.98).
Average Recall: 0.761133
Initial average recall with ef=100: 0.761896
Average Recall: 0.833717
Initial average recall with ef=150: 0.834707
Recall diff is too small for 1 consecutive steps, break.
Recall diff is too small for 1 consecutive steps, break.
Recall diff is too small for 1 consecutive steps, break.
Recall diff is too small for 1 consecutive steps, break.
Weighted average ef: 876.768
Training convergence-bucket 4 [54.8204, inf) with 600 queries (recall=0.98).
Average Recall: 0.900402
Initial average recall with ef=100: 0.897873
Average Recall: 0.937856
Initial average recall with ef=150: 0.935094
Recall diff is too small for 1 consecutive steps, break.
Recall diff is too small for 1 consecutive steps, break.
Recall diff is too small for 1 consecutive steps, break.
Recall diff is too small for 1 consecutive steps, break.
Recall diff is too small for 1 consecutive steps, break.
Weighted average ef: 416.143
Reconstructed True WAE: 1196.86 (Hard Pct: 0.00823333)
  Avg Ef Hard (bucketed): 3542.91 | Avg Ef Easy (bucketed): 1177.39
Search time: 11159 ms
Search time: 10783 ms
Search time: 10673 ms
Average Recall: 0.97767
5th percentile recall: 0.93
1st percentile recall: 0.89
Median search time: 10783 ms
Search times: 10673 ms, 10783 ms, 11159 ms, 
tiny5m-384-euclidean experiment results:
statisc_length, time, avg_recall, 5th_percentile_recall, 1st_percentile_recall, recall_above_99, recall_above_95, recall_above_90
1025, 10783, 0.97767, 0.93, 0.89, 535, 866, 982
Experiment finished

--- n_convergence_buckets: 10 ---

Loading samplings from /home/yc.shea/experiments/shiro-ef/sampling/tiny5m-384-euclidean-samplings--k100-ef.bin
Samplings loaded from /home/yc.shea/experiments/shiro-ef/sampling/tiny5m-384-euclidean-samplings--k100-ef.bin
Average Recall: 0.64064
Initial average recall with ef=100: -8.88762e+21
Average Recall: 0.712267
Initial average recall with ef=150: 0.711558
Recall diff is too small for 1 consecutive steps, break.
Weighted average ef: 1244.88
Per-bucket recall: conv_p20=32.7229 hard_recall=0.95 easy_recall=0.98
Training convergence-bucket 0 [19.9269, 29.1617) with 300 queries (recall=0.95).
Average Recall: 0.368333
Initial average recall with ef=100: 0.365034
Average Recall: 0.449567
Initial average recall with ef=150: 0.446599
Recall diff is too small for 1 consecutive steps, break.
Recall diff is too small for 1 consecutive steps, break.
Weighted average ef: 3119.55
Training convergence-bucket 1 [29.1617, 32.7229) with 300 queries (recall=0.95).
Average Recall: 0.445967
Initial average recall with ef=100: 0.444403
Average Recall: 0.527967
Initial average recall with ef=150: 0.525904
Recall diff is too small for 1 consecutive steps, break.
Weighted average ef: 2289.54
Training convergence-bucket 2 [32.7229, 35.5877) with 300 queries (recall=0.98).
Average Recall: 0.4995
Initial average recall with ef=100: 0.49848
Average Recall: 0.5833
Initial average recall with ef=150: 0.582128
Recall diff is too small for 1 consecutive steps, break.
Recall diff is too small for 1 consecutive steps, break.
Recall diff is too small for 1 consecutive steps, break.
Recall diff is too small for 1 consecutive steps, break.
Weighted average ef: 3345.51
Training convergence-bucket 3 [35.5877, 38.2446) with 300 queries (recall=0.98).
Average Recall: 0.5344
Initial average recall with ef=100: 0.531439
Average Recall: 0.6181
Initial average recall with ef=150: 0.615719
Recall diff is too small for 1 consecutive steps, break.
Recall diff is too small for 1 consecutive steps, break.
Weighted average ef: 2773.15
Training convergence-bucket 4 [38.2446, 40.8709) with 300 queries (recall=0.98).
Average Recall: 0.5937
Initial average recall with ef=100: 0.591045
Average Recall: 0.6801
Initial average recall with ef=150: 0.677282
Recall diff is too small for 1 consecutive steps, break.
Recall diff is too small for 1 consecutive steps, break.
Weighted average ef: 2112.64
Training convergence-bucket 5 [40.8709, 44.4111) with 300 queries (recall=0.98).
Average Recall: 0.644033
Initial average recall with ef=100: 0.639897
Average Recall: 0.722767
Initial average recall with ef=150: 0.719034
Recall diff is too small for 1 consecutive steps, break.
Recall diff is too small for 1 consecutive steps, break.
Recall diff is too small for 1 consecutive steps, break.
Recall diff is too small for 1 consecutive steps, break.
Recall diff is too small for 1 consecutive steps, break.
Recall diff is too small for 1 consecutive steps, break.
Recall diff is too small for 1 consecutive steps, break.
Weighted average ef: 1710.65
Training convergence-bucket 6 [44.4111, 48.5404) with 300 queries (recall=0.98).
Average Recall: 0.733933
Initial average recall with ef=100: 0.736224
Average Recall: 0.811133
Initial average recall with ef=150: 0.813601
Recall diff is too small for 1 consecutive steps, break.
Weighted average ef: 943.817
Training convergence-bucket 7 [48.5404, 54.8204) with 300 queries (recall=0.98).
Average Recall: 0.788333
Initial average recall with ef=100: 0.794565
Average Recall: 0.8563
Initial average recall with ef=150: 0.862065
Recall diff is too small for 1 consecutive steps, break.
Recall diff is too small for 1 consecutive steps, break.
Weighted average ef: 721.5
Training convergence-bucket 8 [54.8204, 64.7424) with 300 queries (recall=0.98).
Average Recall: 0.8599
Initial average recall with ef=100: 0.858755
Average Recall: 0.911204
Initial average recall with ef=150: 0.910676
Recall diff is too small for 1 consecutive steps, break.
Recall diff is too small for 1 consecutive steps, break.
Recall diff is too small for 1 consecutive steps, break.
Weighted average ef: 502.707
Training convergence-bucket 9 [64.7424, inf) with 300 queries (recall=0.98).
Average Recall: 0.94104
Initial average recall with ef=100: 0.942989
Average Recall: 0.964598
Initial average recall with ef=150: 0.963298
Recall diff is too small for 1 consecutive steps, break.
Weighted average ef: 219.8
Reconstructed True WAE: 1150.96 (Hard Pct: 0.00823333)
  Avg Ef Hard (bucketed): 3481.07 | Avg Ef Easy (bucketed): 1131.62
Search time: 10709 ms
Search time: 10617 ms
Search time: 11024 ms
Average Recall: 0.97662
5th percentile recall: 0.93
1st percentile recall: 0.88
Median search time: 10709 ms
Search times: 10617 ms, 10709 ms, 11024 ms, 
tiny5m-384-euclidean experiment results:
statisc_length, time, avg_recall, 5th_percentile_recall, 1st_percentile_recall, recall_above_99, recall_above_95, recall_above_90
1025, 10709, 0.97662, 0.93, 0.88, 519, 856, 976
Experiment finished

--- n_convergence_buckets: 15 ---

Loading samplings from /home/yc.shea/experiments/shiro-ef/sampling/tiny5m-384-euclidean-samplings--k100-ef.bin
Samplings loaded from /home/yc.shea/experiments/shiro-ef/sampling/tiny5m-384-euclidean-samplings--k100-ef.bin
Average Recall: 0.64064
Initial average recall with ef=100: 0.640642
Average Recall: 0.712267
Initial average recall with ef=150: 0.711542
Recall diff is too small for 1 consecutive steps, break.
Weighted average ef: 1249.77
Per-bucket recall: conv_p20=32.7229 hard_recall=0.95 easy_recall=0.98
Training convergence-bucket 0 [19.9269, 28.3095) with 200 queries (recall=0.95).
Average Recall: 0.3704
Initial average recall with ef=100: 0.364819
Average Recall: 0.446
Initial average recall with ef=150: 0.440466
Weighted average ef: 3175.17
Training convergence-bucket 1 [28.3095, 30.3176) with 200 queries (recall=0.95).
Average Recall: 0.3912
Initial average recall with ef=100: 0.387908
Average Recall: 0.47855
Initial average recall with ef=150: 0.475561
Recall diff is too small for 1 consecutive steps, break.
Recall diff is too small for 1 consecutive steps, break.
Recall diff is too small for 1 consecutive steps, break.
Recall diff is too small for 1 consecutive steps, break.
Recall diff is too small for 1 consecutive steps, break.
Recall diff is too small for 1 consecutive steps, break.
Weighted average ef: 2815.01
Training convergence-bucket 2 [30.3176, 32.7229) with 200 queries (recall=0.95).
Average Recall: 0.45985
Initial average recall with ef=100: 0.458073
Average Recall: 0.54175
Initial average recall with ef=150: 0.539635
Weighted average ef: 2149.44
Training convergence-bucket 3 [32.7229, 34.6959) with 200 queries (recall=0.98).
Average Recall: 0.4945
Initial average recall with ef=100: 0.493846
Average Recall: 0.57765
Initial average recall with ef=150: 0.576462
Recall diff is too small for 1 consecutive steps, break.
Recall diff is too small for 1 consecutive steps, break.
Recall diff is too small for 1 consecutive steps, break.
Recall diff is too small for 1 consecutive steps, break.
Recall diff is too small for 1 consecutive steps, break.
Weighted average ef: 3306.4
Training convergence-bucket 4 [34.6959, 36.4586) with 200 queries (recall=0.98).
Average Recall: 0.5127
Initial average recall with ef=100: 0.507895
Average Recall: 0.5986
Initial average recall with ef=150: 0.594368
Recall diff is too small for 1 consecutive steps, break.
Recall diff is too small for 1 consecutive steps, break.
Recall diff is too small for 1 consecutive steps, break.
Weighted average ef: 2987.5
Training convergence-bucket 5 [36.4586, 38.2446) with 200 queries (recall=0.98).
Average Recall: 0.54365
Initial average recall with ef=100: 0.541243
Average Recall: 0.62585
Initial average recall with ef=150: 0.623627
Recall diff is too small for 1 consecutive steps, break.
Weighted average ef: 2738.97
Training convergence-bucket 6 [38.2446, 39.9605) with 200 queries (recall=0.98).
Average Recall: 0.58055
Initial average recall with ef=100: 0.575957
Average Recall: 0.66775
Initial average recall with ef=150: 0.661862
Recall diff is too small for 1 consecutive steps, break.
Recall diff is too small for 1 consecutive steps, break.
Recall diff is too small for 1 consecutive steps, break.
Weighted average ef: 2279.7
Training convergence-bucket 7 [39.9605, 42.0303) with 200 queries (recall=0.98).
Average Recall: 0.6142
Initial average recall with ef=100: 0.610974
Average Recall: 0.69815
Initial average recall with ef=150: 0.69559
Recall diff is too small for 1 consecutive steps, break.
Recall diff is too small for 1 consecutive steps, break.
Recall diff is too small for 1 consecutive steps, break.
Weighted average ef: 1829.67
Training convergence-bucket 8 [42.0303, 44.4111) with 200 queries (recall=0.98).
Average Recall: 0.66185
Initial average recall with ef=100: 0.65979
Average Recall: 0.7384
Initial average recall with ef=150: 0.736263
Recall diff is too small for 1 consecutive steps, break.
Recall diff is too small for 1 consecutive steps, break.
Recall diff is too small for 1 consecutive steps, break.
Recall diff is too small for 1 consecutive steps, break.
Recall diff is too small for 1 consecutive steps, break.
Recall diff is too small for 1 consecutive steps, break.
Weighted average ef: 1511.77
Training convergence-bucket 9 [44.4111, 47.242) with 200 queries (recall=0.98).
Average Recall: 0.7291
Initial average recall with ef=100: 0.731858
Average Recall: 0.8055
Initial average recall with ef=150: 0.808852
Recall diff is too small for 1 consecutive steps, break.
Recall diff is too small for 1 consecutive steps, break.
Recall diff is too small for 1 consecutive steps, break.
Recall diff is too small for 1 consecutive steps, break.
Weighted average ef: 982.655
Training convergence-bucket 10 [47.242, 50.1965) with 200 queries (recall=0.98).
Average Recall: 0.76175
Initial average recall with ef=100: 0.772738
Average Recall: 0.8381
Initial average recall with ef=150: 0.847933
Recall diff is too small for 1 consecutive steps, break.
Weighted average ef: 698.825
Training convergence-bucket 11 [50.1965, 54.8204) with 200 queries (recall=0.98).
Average Recall: 0.79255
Initial average recall with ef=100: 0.797308
Average Recall: 0.85755
Initial average recall with ef=150: 0.862912
Recall diff is too small for 1 consecutive steps, break.
Weighted average ef: 749.385
Training convergence-bucket 12 [54.8204, 60.4973) with 200 queries (recall=0.98).
Average Recall: 0.84865
Initial average recall with ef=100: 0.852228
Average Recall: 0.90365
Initial average recall with ef=150: 0.907609
Recall diff is too small for 1 consecutive steps, break.
Recall diff is too small for 1 consecutive steps, break.
Weighted average ef: 498.57
Training convergence-bucket 13 [60.4973, 69.7421) with 200 queries (recall=0.98).
Average Recall: 0.898894
Initial average recall with ef=100: 0.904809
Average Recall: 0.936784
Initial average recall with ef=150: 0.941093
Recall diff is too small for 1 consecutive steps, break.
Recall diff is too small for 1 consecutive steps, break.
Recall diff is too small for 1 consecutive steps, break.
Recall diff is too small for 1 consecutive steps, break.
Weighted average ef: 263.975
Training convergence-bucket 14 [69.7421, inf) with 200 queries (recall=0.98).
Average Recall: 0.954192
Initial average recall with ef=100: 0.952841
Average Recall: 0.973485
Initial average recall with ef=150: 0.97
Recall diff is too small for 1 consecutive steps, break.
Weighted average ef: 156.505
Reconstructed True WAE: 920.547 (Hard Pct: 0.00823333)
  Avg Ef Hard (bucketed): 3340.46 | Avg Ef Easy (bucketed): 900.458
Search time: 11008 ms
Search time: 10810 ms
Search time: 10372 ms
Average Recall: 0.97615
5th percentile recall: 0.93
1st percentile recall: 0.88
Median search time: 10810 ms
Search times: 10372 ms, 10810 ms, 11008 ms, 
tiny5m-384-euclidean experiment results:
statisc_length, time, avg_recall, 5th_percentile_recall, 1st_percentile_recall, recall_above_99, recall_above_95, recall_above_90
1025, 10810, 0.97615, 0.93, 0.88, 516, 852, 978
Experiment finished

--- n_convergence_buckets: 20 ---

Loading samplings from /home/yc.shea/experiments/shiro-ef/sampling/tiny5m-384-euclidean-samplings--k100-ef.bin
Samplings loaded from /home/yc.shea/experiments/shiro-ef/sampling/tiny5m-384-euclidean-samplings--k100-ef.bin
Average Recall: 0.64064
Initial average recall with ef=100: 0.639839
Average Recall: 0.712267
Initial average recall with ef=150: 0.711563
Recall diff is too small for 1 consecutive steps, break.
Weighted average ef: 1245.08
Per-bucket recall: conv_p20=32.7229 hard_recall=0.95 easy_recall=0.98
Training convergence-bucket 0 [19.9269, 27.842) with 150 queries (recall=0.95).
Average Recall: 0.3692
Initial average recall with ef=100: 0.355435
Average Recall: 0.442733
Initial average recall with ef=150: 0.428478
Weighted average ef: 3012.29
Training convergence-bucket 1 [27.842, 29.1617) with 150 queries (recall=0.95).
Average Recall: 0.367467
Initial average recall with ef=100: 0.357286
Average Recall: 0.4564
Initial average recall with ef=150: 0.448
Recall diff is too small for 1 consecutive steps, break.
Recall diff is too small for 1 consecutive steps, break.
Recall diff is too small for 1 consecutive steps, break.
Weighted average ef: 3113.27
Training convergence-bucket 2 [29.1617, 30.8893) with 150 queries (recall=0.95).
Average Recall: 0.426867
Initial average recall with ef=100: 0.422394
Average Recall: 0.510733
Initial average recall with ef=150: 0.505845
Recall diff is too small for 1 consecutive steps, break.
Recall diff is too small for 1 consecutive steps, break.
Recall diff is too small for 1 consecutive steps, break.
Recall diff is too small for 1 consecutive steps, break.
Weighted average ef: 2418.49
Training convergence-bucket 3 [30.8893, 32.7229) with 150 queries (recall=0.95).
Average Recall: 0.465067
Initial average recall with ef=100: 0.465811
Average Recall: 0.5452
Initial average recall with ef=150: 0.54554
Recall diff is too small for 1 consecutive steps, break.
Recall diff is too small for 1 consecutive steps, break.
Recall diff is too small for 1 consecutive steps, break.
Recall diff is too small for 1 consecutive steps, break.
Weighted average ef: 2103.41
Training convergence-bucket 4 [32.7229, 34.2654) with 150 queries (recall=0.98).
Average Recall: 0.4872
Initial average recall with ef=100: 0.485931
Average Recall: 0.569
Initial average recall with ef=150: 0.566966
Recall diff is too small for 1 consecutive steps, break.
Weighted average ef: 3400.76
Training convergence-bucket 5 [34.2654, 35.5877) with 150 queries (recall=0.98).
Average Recall: 0.5118
Initial average recall with ef=100: 0.506934
Average Recall: 0.5976
Initial average recall with ef=150: 0.593431
Recall diff is too small for 1 consecutive steps, break.
Recall diff is too small for 1 consecutive steps, break.
Recall diff is too small for 1 consecutive steps, break.
Recall diff is too small for 1 consecutive steps, break.
Recall diff is too small for 1 consecutive steps, break.
Weighted average ef: 2773.43
Training convergence-bucket 6 [35.5877, 36.9002) with 150 queries (recall=0.98).
Average Recall: 0.5184
Initial average recall with ef=100: 0.509485
Average Recall: 0.6016
Initial average recall with ef=150: 0.593897
Recall diff is too small for 1 consecutive steps, break.
Recall diff is too small for 1 consecutive steps, break.
Recall diff is too small for 1 consecutive steps, break.
Recall diff is too small for 1 consecutive steps, break.
Weighted average ef: 2990.91
Training convergence-bucket 7 [36.9002, 38.2446) with 150 queries (recall=0.98).
Average Recall: 0.5504
Initial average recall with ef=100: 0.550563
Average Recall: 0.6346
Initial average recall with ef=150: 0.634437
Recall diff is too small for 1 consecutive steps, break.
Recall diff is too small for 1 consecutive steps, break.
Recall diff is too small for 1 consecutive steps, break.
Recall diff is too small for 1 consecutive steps, break.
Weighted average ef: 2467.67
Training convergence-bucket 8 [38.2446, 39.5973) with 150 queries (recall=0.98).
Average Recall: 0.5658
Initial average recall with ef=100: 0.557737
Average Recall: 0.651667
Initial average recall with ef=150: 0.642628
Recall diff is too small for 1 consecutive steps, break.
Recall diff is too small for 1 consecutive steps, break.
Recall diff is too small for 1 consecutive steps, break.
Recall diff is too small for 1 consecutive steps, break.
Weighted average ef: 2313.21
Training convergence-bucket 9 [39.5973, 40.8709) with 150 queries (recall=0.98).
Average Recall: 0.6216
Initial average recall with ef=100: 0.620662
Average Recall: 0.708533
Initial average recall with ef=150: 0.707868
Recall diff is too small for 1 consecutive steps, break.
Recall diff is too small for 1 consecutive steps, break.
Recall diff is too small for 1 consecutive steps, break.
Recall diff is too small for 1 consecutive steps, break.
Weighted average ef: 1691.24
Training convergence-bucket 10 [40.8709, 42.4907) with 150 queries (recall=0.98).
Average Recall: 0.624333
Initial average recall with ef=100: 0.615075
Average Recall: 0.703933
Initial average recall with ef=150: 0.695821
Recall diff is too small for 1 consecutive steps, break.
Recall diff is too small for 1 consecutive steps, break.
Recall diff is too small for 1 consecutive steps, break.
Recall diff is too small for 1 consecutive steps, break.
Recall diff is too small for 1 consecutive steps, break.
Recall diff is too small for 1 consecutive steps, break.
Weighted average ef: 1529.57
Training convergence-bucket 11 [42.4907, 44.4111) with 150 queries (recall=0.98).
Average Recall: 0.663733
Initial average recall with ef=100: 0.665
Average Recall: 0.7416
Initial average recall with ef=150: 0.742426
Recall diff is too small for 1 consecutive steps, break.
Recall diff is too small for 1 consecutive steps, break.
Recall diff is too small for 1 consecutive steps, break.
Weighted average ef: 1483.25
Training convergence-bucket 12 [44.4111, 46.5772) with 150 queries (recall=0.98).
Average Recall: 0.7238
Initial average recall with ef=100: 0.728296
Average Recall: 0.799867
Initial average recall with ef=150: 0.804741
Recall diff is too small for 1 consecutive steps, break.
Recall diff is too small for 1 consecutive steps, break.
Recall diff is too small for 1 consecutive steps, break.
Recall diff is too small for 1 consecutive steps, break.
Recall diff is too small for 1 consecutive steps, break.
Weighted average ef: 896.567
Training convergence-bucket 13 [46.5772, 48.5404) with 150 queries (recall=0.98).
Average Recall: 0.744067
Initial average recall with ef=100: 0.748769
Average Recall: 0.8224
Initial average recall with ef=150: 0.828769
Recall diff is too small for 1 consecutive steps, break.
Recall diff is too small for 1 consecutive steps, break.
Recall diff is too small for 1 consecutive steps, break.
Recall diff is too small for 1 consecutive steps, break.
Weighted average ef: 753.62
Training convergence-bucket 14 [48.5404, 50.9272) with 150 queries (recall=0.98).
Average Recall: 0.7742
Initial average recall with ef=100: 0.788797
Average Recall: 0.846933
Initial average recall with ef=150: 0.859248
Recall diff is too small for 1 consecutive steps, break.
Recall diff is too small for 1 consecutive steps, break.
Recall diff is too small for 1 consecutive steps, break.
Weighted average ef: 637.16
Training convergence-bucket 15 [50.9272, 54.8204) with 150 queries (recall=0.98).
Average Recall: 0.802467
Initial average recall with ef=100: 0.807313
Average Recall: 0.865667
Initial average recall with ef=150: 0.871418
Recall diff is too small for 1 consecutive steps, break.
Recall diff is too small for 1 consecutive steps, break.
Weighted average ef: 642.327
Training convergence-bucket 16 [54.8204, 59.1027) with 150 queries (recall=0.98).
Average Recall: 0.845467
Initial average recall with ef=100: 0.853858
Average Recall: 0.900734
Initial average recall with ef=150: 0.908504
Recall diff is too small for 1 consecutive steps, break.
Weighted average ef: 367.353
Training convergence-bucket 17 [59.1027, 64.7424) with 150 queries (recall=0.98).
Average Recall: 0.874429
Initial average recall with ef=100: 0.874545
Average Recall: 0.921745
Initial average recall with ef=150: 0.921894
Recall diff is too small for 1 consecutive steps, break.
Recall diff is too small for 1 consecutive steps, break.
Recall diff is too small for 1 consecutive steps, break.
Weighted average ef: 365.047
Training convergence-bucket 18 [64.7424, 72.6769) with 150 queries (recall=0.98).
Average Recall: 0.922
Initial average recall with ef=100: 0.93031
Average Recall: 0.952267
Initial average recall with ef=150: 0.95876
Recall diff is too small for 1 consecutive steps, break.
Weighted average ef: 257.293
Training convergence-bucket 19 [72.6769, inf) with 150 queries (recall=0.98).
Average Recall: 0.960338
Initial average recall with ef=100: 0.955892
Average Recall: 0.977095
Initial average recall with ef=150: 0.969697
Weighted average ef: 141.847
Reconstructed True WAE: 905.024 (Hard Pct: 0.00823333)
  Avg Ef Hard (bucketed): 3384.32 | Avg Ef Easy (bucketed): 884.442
Search time: 10158 ms
Search time: 10728 ms
Search time: 10724 ms
Average Recall: 0.97578
5th percentile recall: 0.93
1st percentile recall: 0.88
Median search time: 10724 ms
Search times: 10158 ms, 10724 ms, 10728 ms, 
tiny5m-384-euclidean experiment results:
statisc_length, time, avg_recall, 5th_percentile_recall, 1st_percentile_recall, recall_above_99, recall_above_95, recall_above_90
1025, 10724, 0.97578, 0.93, 0.88, 514, 841, 976
Experiment finished


Dataset: msmarco
Metric: cd
Normalize the data vectors
Data vectors dimensions: 8841823 x 1536
Query vectors dimensions: 6980 x 1536
Neighbors dimensions: 6980 x 1000
Using AVX Inner Product distance
Index loaded
Dimension of space:1536
Data size of space:6144

--- n_convergence_buckets: 5 ---

Loading samplings from /home/yc.shea/experiments/shiro-ef/sampling/msmarco-samplings--k1000-ef.bin
Samplings loaded from /home/yc.shea/experiments/shiro-ef/sampling/msmarco-samplings--k1000-ef.bin
Average Recall: 0.953913
Initial average recall with ef=1000: 0.954011
Average Recall: 0.973458
Initial average recall with ef=1500: 0.973531
Weighted average ef: 1377.23
Per-bucket recall: conv_p20=54.7226 hard_recall=0.95 easy_recall=0.98
Training convergence-bucket 0 [13.7411, 54.7226) with 600 queries (recall=0.95).
Average Recall: 0.880892
Initial average recall with ef=1000: 0.878054
Average Recall: 0.924682
Initial average recall with ef=1500: 0.922806
Weighted average ef: 2308.64
Training convergence-bucket 1 [54.7226, 69.4004) with 600 queries (recall=0.98).
Average Recall: 0.935067
Initial average recall with ef=1000: 0.933495
Average Recall: 0.962666
Initial average recall with ef=1500: 0.961652
Weighted average ef: 2417.5
Training convergence-bucket 2 [69.4004, 76.8759) with 600 queries (recall=0.98).
Average Recall: 0.976328
Initial average recall with ef=1000: 0.977354
Average Recall: 0.988957
Initial average recall with ef=1500: 0.989636
Weighted average ef: 1254.17
Training convergence-bucket 3 [76.8759, 80.953) with 600 queries (recall=0.98).
Average Recall: 0.985255
Initial average recall with ef=1000: 0.985487
Average Recall: 0.993678
Initial average recall with ef=1500: 0.993812
Weighted average ef: 1115
Training convergence-bucket 4 [80.953, inf) with 600 queries (recall=0.98).
Average Recall: 0.992002
Initial average recall with ef=1000: 0.992232
Average Recall: 0.997271
Initial average recall with ef=1500: 0.997378
Weighted average ef: 1010.73
Reconstructed True WAE: 1222.82 (Hard Pct: 0.0271333)
  Avg Ef Hard (bucketed): 2362.46 | Avg Ef Easy (bucketed): 1191.04
Search time: 242121 ms
Search time: 241771 ms
Search time: 243544 ms
Average Recall: 0.976936
5th percentile recall: 0.912
1st percentile recall: 0.853
Median search time: 242121 ms
Search times: 241771 ms, 242121 ms, 243544 ms, 
msmarco experiment results:
statisc_length, time, avg_recall, 5th_percentile_recall, 1st_percentile_recall, recall_above_99, recall_above_95, recall_above_90
1025, 242121, 0.976936, 0.912, 0.853, 3384, 6011, 6728
Experiment finished

--- n_convergence_buckets: 10 ---

Loading samplings from /home/yc.shea/experiments/shiro-ef/sampling/msmarco-samplings--k1000-ef.bin
Samplings loaded from /home/yc.shea/experiments/shiro-ef/sampling/msmarco-samplings--k1000-ef.bin
Average Recall: 0.953913
Initial average recall with ef=1000: 0.954011
Average Recall: 0.973458
Initial average recall with ef=1500: 0.973531
Weighted average ef: 1377.23
Per-bucket recall: conv_p20=54.7226 hard_recall=0.95 easy_recall=0.98
Training convergence-bucket 0 [13.7411, 49.5293) with 300 queries (recall=0.95).
Average Recall: 0.86397
Initial average recall with ef=1000: 0.860909
Average Recall: 0.911523
Initial average recall with ef=1500: 0.909495
Weighted average ef: 2557.87
Training convergence-bucket 1 [49.5293, 54.7226) with 300 queries (recall=0.95).
Average Recall: 0.897813
Initial average recall with ef=1000: 0.894583
Average Recall: 0.93784
Initial average recall with ef=1500: 0.935738
Weighted average ef: 1954.44
Training convergence-bucket 2 [54.7226, 59.6962) with 300 queries (recall=0.98).
Average Recall: 0.915037
Initial average recall with ef=1000: 0.911511
Average Recall: 0.94923
Initial average recall with ef=1500: 0.946904
Weighted average ef: 2890.88
Training convergence-bucket 3 [59.6962, 69.4004) with 300 queries (recall=0.98).
Average Recall: 0.955096
Initial average recall with ef=1000: 0.953223
Average Recall: 0.976103
Initial average recall with ef=1500: 0.974907
Weighted average ef: 1860.85
Training convergence-bucket 4 [69.4004, 73.6055) with 300 queries (recall=0.98).
Average Recall: 0.973646
Initial average recall with ef=1000: 0.975038
Average Recall: 0.987336
Initial average recall with ef=1500: 0.988369
Weighted average ef: 1236.67
Training convergence-bucket 5 [73.6055, 76.8759) with 300 queries (recall=0.98).
Average Recall: 0.97901
Initial average recall with ef=1000: 0.978671
Average Recall: 0.990579
Initial average recall with ef=1500: 0.990466
Weighted average ef: 1231.67
Training convergence-bucket 6 [76.8759, 79.0543) with 300 queries (recall=0.98).
Average Recall: 0.982966
Initial average recall with ef=1000: 0.983896
Average Recall: 0.992459
Initial average recall with ef=1500: 0.99295
Weighted average ef: 1075
Training convergence-bucket 7 [79.0543, 80.953) with 300 queries (recall=0.98).
Average Recall: 0.987543
Initial average recall with ef=1000: 0.989697
Average Recall: 0.994896
Initial average recall with ef=1500: 0.996153
Weighted average ef: 971.667
Training convergence-bucket 8 [80.953, 82.819) with 300 queries (recall=0.98).
Average Recall: 0.991033
Initial average recall with ef=1000: 0.991553
Average Recall: 0.996786
Initial average recall with ef=1500: 0.997032
Weighted average ef: 980
Training convergence-bucket 9 [82.819, inf) with 300 queries (recall=0.98).
Average Recall: 0.992972
Initial average recall with ef=1000: 0.993832
Average Recall: 0.997756
Initial average recall with ef=1500: 0.998065
Weighted average ef: 941.667
Reconstructed True WAE: 1191.84 (Hard Pct: 0.0271333)
  Avg Ef Hard (bucketed): 2131.08 | Avg Ef Easy (bucketed): 1165.64
Search time: 238780 ms
Search time: 240952 ms
Search time: 240808 ms
Average Recall: 0.976829
5th percentile recall: 0.911
1st percentile recall: 0.853
Median search time: 240808 ms
Search times: 238780 ms, 240808 ms, 240952 ms, 
msmarco experiment results:
statisc_length, time, avg_recall, 5th_percentile_recall, 1st_percentile_recall, recall_above_99, recall_above_95, recall_above_90
1025, 240808, 0.976829, 0.911, 0.853, 3351, 5997, 6732
Experiment finished

--- n_convergence_buckets: 15 ---

Loading samplings from /home/yc.shea/experiments/shiro-ef/sampling/msmarco-samplings--k1000-ef.bin
Samplings loaded from /home/yc.shea/experiments/shiro-ef/sampling/msmarco-samplings--k1000-ef.bin
Average Recall: 0.953913
Initial average recall with ef=1000: 0.954011
Average Recall: 0.973458
Initial average recall with ef=1500: 0.973531
Weighted average ef: 1377.23
Per-bucket recall: conv_p20=54.7226 hard_recall=0.95 easy_recall=0.98
Training convergence-bucket 0 [13.7411, 47.262) with 200 queries (recall=0.95).
Average Recall: 0.85065
Initial average recall with ef=1000: 0.847208
Average Recall: 0.901485
Initial average recall with ef=1500: 0.899187
Weighted average ef: 2800.1
Training convergence-bucket 1 [47.262, 51.4374) with 200 queries (recall=0.95).
Average Recall: 0.893615
Initial average recall with ef=1000: 0.890952
Average Recall: 0.93376
Initial average recall with ef=1500: 0.932096
Weighted average ef: 2033.67
Training convergence-bucket 2 [51.4374, 54.7226) with 200 queries (recall=0.95).
Average Recall: 0.89841
Initial average recall with ef=1000: 0.895683
Average Recall: 0.9388
Initial average recall with ef=1500: 0.936984
Weighted average ef: 1902.5
Training convergence-bucket 3 [54.7226, 57.7001) with 200 queries (recall=0.98).
Average Recall: 0.9098
Initial average recall with ef=1000: 0.905372
Average Recall: 0.945545
Initial average recall with ef=1500: 0.942544
Weighted average ef: 2994.92
Training convergence-bucket 4 [57.7001, 64.1003) with 200 queries (recall=0.98).
Average Recall: 0.93511
Initial average recall with ef=1000: 0.932715
Average Recall: 0.963245
Initial average recall with ef=1500: 0.962151
Weighted average ef: 2267.64
Training convergence-bucket 5 [64.1003, 69.4004) with 200 queries (recall=0.98).
Average Recall: 0.96029
Initial average recall with ef=1000: 0.959337
Average Recall: 0.97921
Initial average recall with ef=1500: 0.978691
Weighted average ef: 1667.11
Training convergence-bucket 6 [69.4004, 72.3986) with 200 queries (recall=0.98).
Average Recall: 0.973945
Initial average recall with ef=1000: 0.976426
Average Recall: 0.987165
Initial average recall with ef=1500: 0.988841
Weighted average ef: 1200
Training convergence-bucket 7 [72.3986, 74.7768) with 200 queries (recall=0.98).
Average Recall: 0.97439
Initial average recall with ef=1000: 0.973476
Average Recall: 0.988085
Initial average recall with ef=1500: 0.987684
Weighted average ef: 1135.5
Training convergence-bucket 8 [74.7768, 76.8759) with 200 queries (recall=0.98).
Average Recall: 0.98065
Initial average recall with ef=1000: 0.980786
Average Recall: 0.991625
Initial average recall with ef=1500: 0.991826
Weighted average ef: 1094.32
Training convergence-bucket 9 [76.8759, 78.4393) with 200 queries (recall=0.98).
Average Recall: 0.98245
Initial average recall with ef=1000: 0.983167
Average Recall: 0.992095
Initial average recall with ef=1500: 0.992397
Weighted average ef: 1000
Training convergence-bucket 10 [78.4393, 79.6139) with 200 queries (recall=0.98).
Average Recall: 0.985944
Initial average recall with ef=1000: 0.987425
Average Recall: 0.994434
Initial average recall with ef=1500: 0.995207
Weighted average ef: 955
Training convergence-bucket 11 [79.6139, 80.953) with 200 queries (recall=0.98).
Average Recall: 0.987369
Initial average recall with ef=1000: 0.990736
Average Recall: 0.994505
Initial average recall with ef=1500: 0.996707
Weighted average ef: 898.9
Training convergence-bucket 12 [80.953, 82.1642) with 200 queries (recall=0.98).
Average Recall: 0.99123
Initial average recall with ef=1000: 0.992641
Average Recall: 0.99693
Initial average recall with ef=1500: 0.997571
Weighted average ef: 850
Training convergence-bucket 13 [82.1642, 83.6073) with 200 queries (recall=0.98).
Average Recall: 0.991025
Initial average recall with ef=1000: 0.991503
Average Recall: 0.99689
Initial average recall with ef=1500: 0.997062
Weighted average ef: 945
Training convergence-bucket 14 [83.6073, inf) with 200 queries (recall=0.98).
Average Recall: 0.993755
Initial average recall with ef=1000: 0.994497
Average Recall: 0.997995
Initial average recall with ef=1500: 0.99828
Weighted average ef: 890
Reconstructed True WAE: 1136.89 (Hard Pct: 0.0271333)
  Avg Ef Hard (bucketed): 2128.06 | Avg Ef Easy (bucketed): 1109.24
Search time: 226669 ms
Search time: 227361 ms
Search time: 227158 ms
Average Recall: 0.974737
5th percentile recall: 0.906
1st percentile recall: 0.84
Median search time: 227158 ms
Search times: 226669 ms, 227158 ms, 227361 ms, 
msmarco experiment results:
statisc_length, time, avg_recall, 5th_percentile_recall, 1st_percentile_recall, recall_above_99, recall_above_95, recall_above_90
1025, 227158, 0.974737, 0.906, 0.84, 3156, 5875, 6677
Experiment finished

--- n_convergence_buckets: 20 ---

Loading samplings from /home/yc.shea/experiments/shiro-ef/sampling/msmarco-samplings--k1000-ef.bin
Samplings loaded from /home/yc.shea/experiments/shiro-ef/sampling/msmarco-samplings--k1000-ef.bin
Average Recall: 0.953913
Initial average recall with ef=1000: 0.954011
Average Recall: 0.973458
Initial average recall with ef=1500: 0.973531
Weighted average ef: 1377.23
Per-bucket recall: conv_p20=54.7226 hard_recall=0.95 easy_recall=0.98
Training convergence-bucket 0 [13.7411, 45.5341) with 150 queries (recall=0.95).
Average Recall: 0.845593
Initial average recall with ef=1000: 0.841295
Average Recall: 0.898053
Initial average recall with ef=1500: 0.895453
Weighted average ef: 2759.63
Training convergence-bucket 1 [45.5341, 49.5293) with 150 queries (recall=0.95).
Average Recall: 0.882347
Initial average recall with ef=1000: 0.880522
Average Recall: 0.924994
Initial average recall with ef=1500: 0.924087
Weighted average ef: 2143.8
Training convergence-bucket 2 [49.5293, 52.3806) with 150 queries (recall=0.95).
Average Recall: 0.898027
Initial average recall with ef=1000: 0.89446
Average Recall: 0.937654
Initial average recall with ef=1500: 0.935432
Weighted average ef: 1948.71
Training convergence-bucket 3 [52.3806, 54.7226) with 150 queries (recall=0.95).
Average Recall: 0.8976
Initial average recall with ef=1000: 0.896289
Average Recall: 0.938027
Initial average recall with ef=1500: 0.937007
Weighted average ef: 1843.2
Training convergence-bucket 4 [54.7226, 57.0126) with 150 queries (recall=0.98).
Average Recall: 0.91036
Initial average recall with ef=1000: 0.907504
Average Recall: 0.945846
Initial average recall with ef=1500: 0.94445
Weighted average ef: 2805.59
Training convergence-bucket 5 [57.0126, 59.6962) with 150 queries (recall=0.98).
Average Recall: 0.919713
Initial average recall with ef=1000: 0.915889
Average Recall: 0.952613
Initial average recall with ef=1500: 0.9505
Weighted average ef: 2572.52
Training convergence-bucket 6 [59.6962, 65.903) with 150 queries (recall=0.98).
Average Recall: 0.948427
Initial average recall with ef=1000: 0.945038
Average Recall: 0.971986
Initial average recall with ef=1500: 0.969727
Weighted average ef: 1921.52
Training convergence-bucket 7 [65.903, 69.4004) with 150 queries (recall=0.98).
Average Recall: 0.961767
Initial average recall with ef=1000: 0.960266
Average Recall: 0.98022
Initial average recall with ef=1500: 0.979532
Weighted average ef: 1506.67
Training convergence-bucket 8 [69.4004, 71.7675) with 150 queries (recall=0.98).
Average Recall: 0.97156
Initial average recall with ef=1000: 0.974062
Average Recall: 0.986027
Initial average recall with ef=1500: 0.987762
Weighted average ef: 1260
Training convergence-bucket 9 [71.7675, 73.6055) with 150 queries (recall=0.98).
Average Recall: 0.975733
Initial average recall with ef=1000: 0.976248
Average Recall: 0.988647
Initial average recall with ef=1500: 0.989197
Weighted average ef: 1046.67
Training convergence-bucket 10 [73.6055, 75.3157) with 150 queries (recall=0.98).
Average Recall: 0.97706
Initial average recall with ef=1000: 0.976336
Average Recall: 0.989427
Initial average recall with ef=1500: 0.989144
Weighted average ef: 1146.67
Training convergence-bucket 11 [75.3157, 76.8759) with 150 queries (recall=0.98).
Average Recall: 0.98096
Initial average recall with ef=1000: 0.981148
Average Recall: 0.991733
Initial average recall with ef=1500: 0.991977
Weighted average ef: 1034.95
Training convergence-bucket 12 [76.8759, 78.0947) with 150 queries (recall=0.98).
Average Recall: 0.98268
Initial average recall with ef=1000: 0.982958
Average Recall: 0.992154
Initial average recall with ef=1500: 0.992134
Weighted average ef: 971.553
Training convergence-bucket 13 [78.0947, 79.0543) with 150 queries (recall=0.98).
Average Recall: 0.983254
Initial average recall with ef=1000: 0.984356
Average Recall: 0.992767
Initial average recall with ef=1500: 0.993481
Weighted average ef: 811.88
Training convergence-bucket 14 [79.0543, 79.9714) with 150 queries (recall=0.98).
Average Recall: 0.986426
Initial average recall with ef=1000: 0.988456
Average Recall: 0.994413
Initial average recall with ef=1500: 0.995579
Weighted average ef: 803.333
Training convergence-bucket 15 [79.9714, 80.953) with 150 queries (recall=0.98).
Average Recall: 0.98866
Initial average recall with ef=1000: 0.992016
Average Recall: 0.99538
Initial average recall with ef=1500: 0.997336
Weighted average ef: 833.333
Training convergence-bucket 16 [80.953, 81.8153) with 150 queries (recall=0.98).
Average Recall: 0.9911
Initial average recall with ef=1000: 0.992024
Average Recall: 0.996947
Initial average recall with ef=1500: 0.997352
Weighted average ef: 870
Training convergence-bucket 17 [81.8153, 82.819) with 150 queries (recall=0.98).
Average Recall: 0.990967
Initial average recall with ef=1000: 0.992765
Average Recall: 0.996627
Initial average recall with ef=1500: 0.997429
Weighted average ef: 816.667
Training convergence-bucket 18 [82.819, 84.0826) with 150 queries (recall=0.98).
Average Recall: 0.991893
Initial average recall with ef=1000: 0.994143
Average Recall: 0.997473
Initial average recall with ef=1500: 0.99837
Weighted average ef: 808.087
Training convergence-bucket 19 [84.0826, inf) with 150 queries (recall=0.98).
Average Recall: 0.994054
Initial average recall with ef=1000: 0.995208
Average Recall: 0.99804
Initial average recall with ef=1500: 0.99848
Weighted average ef: 843.333
Reconstructed True WAE: 1134.07 (Hard Pct: 0.0271333)
  Avg Ef Hard (bucketed): 2071 | Avg Ef Easy (bucketed): 1107.94
Search time: 225080 ms
Search time: 226703 ms
Search time: 226163 ms
Average Recall: 0.9748
5th percentile recall: 0.905
1st percentile recall: 0.839
Median search time: 226163 ms
Search times: 225080 ms, 226163 ms, 226703 ms, 
msmarco experiment results:
statisc_length, time, avg_recall, 5th_percentile_recall, 1st_percentile_recall, recall_above_99, recall_above_95, recall_above_90
1025, 226163, 0.9748, 0.905, 0.839, 3183, 5887, 6671
Experiment finished


Dataset: cohere
Metric: cd
Normalize the data vectors
Data vectors dimensions: 18380565 x 1024
Query vectors dimensions: 1677 x 1024
Neighbors dimensions: 1677 x 1000
Using AVX Inner Product distance
Index loaded
Dimension of space:1024
Data size of space:4096

--- n_convergence_buckets: 5 ---

Loading samplings from /home/yc.shea/experiments/shiro-ef/sampling/cohere-samplings--k1000-ef.bin
Samplings loaded from /home/yc.shea/experiments/shiro-ef/sampling/cohere-samplings--k1000-ef.bin
Average Recall: 0.949602
Initial average recall with ef=1000: 0.949743
Average Recall: 0.970867
Initial average recall with ef=1500: 0.971027
Weighted average ef: 1399.54
Per-bucket recall: conv_p20=53.6956 hard_recall=0.95 easy_recall=0.98
Training convergence-bucket 0 [7.12137, 53.6956) with 600 queries (recall=0.95).
Average Recall: 0.886449
Initial average recall with ef=1000: 0.881894
Average Recall: 0.926482
Initial average recall with ef=1500: 0.923221
Weighted average ef: 2351.7
Training convergence-bucket 1 [53.6956, 66.7162) with 600 queries (recall=0.98).
Average Recall: 0.946508
Initial average recall with ef=1000: 0.946752
Average Recall: 0.970167
Initial average recall with ef=1500: 0.970412
Weighted average ef: 2103.91
Training convergence-bucket 2 [66.7162, 72.4964) with 600 queries (recall=0.98).
Average Recall: 0.963241
Initial average recall with ef=1000: 0.964265
Average Recall: 0.981165
Initial average recall with ef=1500: 0.981884
Weighted average ef: 1623.49
Training convergence-bucket 3 [72.4964, 76.9645) with 600 queries (recall=0.98).
Average Recall: 0.972668
Initial average recall with ef=1000: 0.973355
Average Recall: 0.986829
Initial average recall with ef=1500: 0.987368
Weighted average ef: 1418.15
Training convergence-bucket 4 [76.9645, inf) with 600 queries (recall=0.98).
Average Recall: 0.979131
Initial average recall with ef=1000: 0.981604
Average Recall: 0.989669
Initial average recall with ef=1500: 0.991726
Weighted average ef: 1162.5
Reconstructed True WAE: 1370.5 (Hard Pct: 0.0192333)
  Avg Ef Hard (bucketed): 2515.75 | Avg Ef Easy (bucketed): 1348.05
Search time: 52119 ms
Search time: 54428 ms
Search time: 53960 ms
Average Recall: 0.969761
5th percentile recall: 0.88
1st percentile recall: 0.736
Median search time: 53960 ms
Search times: 52119 ms, 53960 ms, 54428 ms, 
cohere experiment results:
statisc_length, time, avg_recall, 5th_percentile_recall, 1st_percentile_recall, recall_above_99, recall_above_95, recall_above_90
1025, 53960, 0.969761, 0.88, 0.736, 720, 1414, 1565
Experiment finished

--- n_convergence_buckets: 10 ---

Loading samplings from /home/yc.shea/experiments/shiro-ef/sampling/cohere-samplings--k1000-ef.bin
Samplings loaded from /home/yc.shea/experiments/shiro-ef/sampling/cohere-samplings--k1000-ef.bin
Average Recall: 0.949602
Initial average recall with ef=1000: 0.949743
Average Recall: 0.970867
Initial average recall with ef=1500: 0.971027
Weighted average ef: 1399.54
Per-bucket recall: conv_p20=53.6956 hard_recall=0.95 easy_recall=0.98
Training convergence-bucket 0 [7.12137, 47.2788) with 300 queries (recall=0.95).
Average Recall: 0.880264
Initial average recall with ef=1000: 0.874307
Average Recall: 0.920297
Initial average recall with ef=1500: 0.915931
Recall diff is too small for 1 consecutive steps, break.
Weighted average ef: 2448.28
Training convergence-bucket 1 [47.2788, 53.6956) with 300 queries (recall=0.95).
Average Recall: 0.892633
Initial average recall with ef=1000: 0.883615
Average Recall: 0.932667
Initial average recall with ef=1500: 0.92658
Weighted average ef: 1977.89
Training convergence-bucket 2 [53.6956, 62.295) with 300 queries (recall=0.98).
Average Recall: 0.934647
Initial average recall with ef=1000: 0.931992
Average Recall: 0.962513
Initial average recall with ef=1500: 0.960966
Weighted average ef: 2247.67
Training convergence-bucket 3 [62.295, 66.7162) with 300 queries (recall=0.98).
Average Recall: 0.95837
Initial average recall with ef=1000: 0.957904
Average Recall: 0.97782
Initial average recall with ef=1500: 0.977638
Weighted average ef: 1761.89
Training convergence-bucket 4 [66.7162, 69.9602) with 300 queries (recall=0.98).
Average Recall: 0.961089
Initial average recall with ef=1000: 0.961336
Average Recall: 0.979833
Initial average recall with ef=1500: 0.980146
Weighted average ef: 1545.46
Training convergence-bucket 5 [69.9602, 72.4964) with 300 queries (recall=0.98).
Average Recall: 0.965393
Initial average recall with ef=1000: 0.96585
Average Recall: 0.9825
Initial average recall with ef=1500: 0.982962
Weighted average ef: 1545
Training convergence-bucket 6 [72.4964, 74.83) with 300 queries (recall=0.98).
Average Recall: 0.97238
Initial average recall with ef=1000: 0.973655
Average Recall: 0.986429
Initial average recall with ef=1500: 0.987525
Weighted average ef: 1299.79
Training convergence-bucket 7 [74.83, 76.9645) with 300 queries (recall=0.98).
Average Recall: 0.972957
Initial average recall with ef=1000: 0.973571
Average Recall: 0.987229
Initial average recall with ef=1500: 0.987721
Weighted average ef: 1333.33
Training convergence-bucket 8 [76.9645, 79.6261) with 300 queries (recall=0.98).
Average Recall: 0.979266
Initial average recall with ef=1000: 0.981312
Average Recall: 0.990536
Initial average recall with ef=1500: 0.991888
Weighted average ef: 1171.67
Training convergence-bucket 9 [79.6261, inf) with 300 queries (recall=0.98).
Average Recall: 0.978996
Initial average recall with ef=1000: 0.983149
Average Recall: 0.988803
Initial average recall with ef=1500: 0.992287
Weighted average ef: 1055
Reconstructed True WAE: 1325.43 (Hard Pct: 0.0192333)
  Avg Ef Hard (bucketed): 2242.81 | Avg Ef Easy (bucketed): 1307.44
Search time: 50907 ms
Search time: 52443 ms
Search time: 52775 ms
Average Recall: 0.968477
5th percentile recall: 0.877
1st percentile recall: 0.717
Median search time: 52443 ms
Search times: 50907 ms, 52443 ms, 52775 ms, 
cohere experiment results:
statisc_length, time, avg_recall, 5th_percentile_recall, 1st_percentile_recall, recall_above_99, recall_above_95, recall_above_90
1025, 52443, 0.968477, 0.877, 0.717, 709, 1393, 1559
Experiment finished

--- n_convergence_buckets: 15 ---

Loading samplings from /home/yc.shea/experiments/shiro-ef/sampling/cohere-samplings--k1000-ef.bin
Samplings loaded from /home/yc.shea/experiments/shiro-ef/sampling/cohere-samplings--k1000-ef.bin
Average Recall: 0.949602
Initial average recall with ef=1000: 0.949743
Average Recall: 0.970867
Initial average recall with ef=1500: 0.971027
Weighted average ef: 1399.54
Per-bucket recall: conv_p20=53.6956 hard_recall=0.95 easy_recall=0.98
Training convergence-bucket 0 [7.12137, 43.9432) with 200 queries (recall=0.95).
Average Recall: 0.8782
Initial average recall with ef=1000: 0.869273
Average Recall: 0.91905
Initial average recall with ef=1500: 0.912744
Weighted average ef: 2545.5
Training convergence-bucket 1 [43.9432, 49.7731) with 200 queries (recall=0.95).
Average Recall: 0.887405
Initial average recall with ef=1000: 0.877512
Average Recall: 0.927045
Initial average recall with ef=1500: 0.920289
Weighted average ef: 2230.95
Training convergence-bucket 2 [49.7731, 53.6956) with 200 queries (recall=0.95).
Average Recall: 0.89374
Initial average recall with ef=1000: 0.886614
Average Recall: 0.93335
Initial average recall with ef=1500: 0.929
Weighted average ef: 1815.36
Training convergence-bucket 3 [53.6956, 59.6864) with 200 queries (recall=0.98).
Average Recall: 0.92811
Initial average recall with ef=1000: 0.921892
Average Recall: 0.957685
Initial average recall with ef=1500: 0.953701
Weighted average ef: 2206.51
Training convergence-bucket 4 [59.6864, 64.1573) with 200 queries (recall=0.98).
Average Recall: 0.953175
Initial average recall with ef=1000: 0.950862
Average Recall: 0.975285
Initial average recall with ef=1500: 0.97406
Weighted average ef: 1718.32
Training convergence-bucket 5 [64.1573, 66.7162) with 200 queries (recall=0.98).
Average Recall: 0.95824
Initial average recall with ef=1000: 0.958871
Average Recall: 0.97753
Initial average recall with ef=1500: 0.978135
Recall diff is too small for 1 consecutive steps, break.
Weighted average ef: 1640.28
Training convergence-bucket 6 [66.7162, 68.9641) with 200 queries (recall=0.98).
Average Recall: 0.95902
Initial average recall with ef=1000: 0.958769
Average Recall: 0.97862
Initial average recall with ef=1500: 0.978706
Weighted average ef: 1410.74
Training convergence-bucket 7 [68.9641, 70.8661) with 200 queries (recall=0.98).
Average Recall: 0.96365
Initial average recall with ef=1000: 0.9635
Average Recall: 0.98127
Initial average recall with ef=1500: 0.981298
Weighted average ef: 1530.13
Training convergence-bucket 8 [70.8661, 72.4964) with 200 queries (recall=0.98).
Average Recall: 0.967055
Initial average recall with ef=1000: 0.969012
Average Recall: 0.98361
Initial average recall with ef=1500: 0.985148
Weighted average ef: 1263.25
Training convergence-bucket 9 [72.4964, 74.0353) with 200 queries (recall=0.98).
Average Recall: 0.97243
Initial average recall with ef=1000: 0.974919
Average Recall: 0.986459
Initial average recall with ef=1500: 0.988127
Weighted average ef: 1185
Training convergence-bucket 10 [74.0353, 75.5456) with 200 queries (recall=0.98).
Average Recall: 0.971395
Initial average recall with ef=1000: 0.973571
Average Recall: 0.98616
Initial average recall with ef=1500: 0.987954
Weighted average ef: 1252.4
Training convergence-bucket 11 [75.5456, 76.9645) with 200 queries (recall=0.98).
Average Recall: 0.97418
Initial average recall with ef=1000: 0.974331
Average Recall: 0.98787
Initial average recall with ef=1500: 0.987899
Weighted average ef: 1197.5
Training convergence-bucket 12 [76.9645, 78.5131) with 200 queries (recall=0.98).
Average Recall: 0.978255
Initial average recall with ef=1000: 0.98176
Average Recall: 0.989709
Initial average recall with ef=1500: 0.991967
Weighted average ef: 1052.5
Training convergence-bucket 13 [78.5131, 80.9417) with 200 queries (recall=0.98).
Average Recall: 0.979965
Initial average recall with ef=1000: 0.980159
Average Recall: 0.991259
Initial average recall with ef=1500: 0.991484
Weighted average ef: 1120
Training convergence-bucket 14 [80.9417, inf) with 200 queries (recall=0.98).
Average Recall: 0.979174
Initial average recall with ef=1000: 0.983318
Average Recall: 0.98804
Initial average recall with ef=1500: 0.992023
Weighted average ef: 977.5
Reconstructed True WAE: 1330.5 (Hard Pct: 0.0192333)
  Avg Ef Hard (bucketed): 2253.42 | Avg Ef Easy (bucketed): 1312.4
Search time: 53515 ms
Search time: 53342 ms
Search time: 54343 ms
Average Recall: 0.969392
5th percentile recall: 0.878
1st percentile recall: 0.717
Median search time: 53515 ms
Search times: 53342 ms, 53515 ms, 54343 ms, 
cohere experiment results:
statisc_length, time, avg_recall, 5th_percentile_recall, 1st_percentile_recall, recall_above_99, recall_above_95, recall_above_90
1025, 53515, 0.969392, 0.878, 0.717, 728, 1414, 1563
Experiment finished

--- n_convergence_buckets: 20 ---

Loading samplings from /home/yc.shea/experiments/shiro-ef/sampling/cohere-samplings--k1000-ef.bin
Samplings loaded from /home/yc.shea/experiments/shiro-ef/sampling/cohere-samplings--k1000-ef.bin
Average Recall: 0.949602
Initial average recall with ef=1000: 0.949743
Average Recall: 0.970867
Initial average recall with ef=1500: 0.971027
Weighted average ef: 1399.54
Per-bucket recall: conv_p20=53.6956 hard_recall=0.95 easy_recall=0.98
Training convergence-bucket 0 [7.12137, 41.0826) with 150 queries (recall=0.95).
Average Recall: 0.881987
Initial average recall with ef=1000: 0.875601
Average Recall: 0.9218
Initial average recall with ef=1500: 0.917534
Weighted average ef: 2486.76
Training convergence-bucket 1 [41.0826, 47.2788) with 150 queries (recall=0.95).
Average Recall: 0.87854
Initial average recall with ef=1000: 0.865991
Average Recall: 0.918793
Initial average recall with ef=1500: 0.909956
Weighted average ef: 2207.35
Training convergence-bucket 2 [47.2788, 51.0965) with 150 queries (recall=0.95).
Average Recall: 0.890926
Initial average recall with ef=1000: 0.875771
Average Recall: 0.93182
Initial average recall with ef=1500: 0.922394
Weighted average ef: 1752.62
Training convergence-bucket 3 [51.0965, 53.6956) with 150 queries (recall=0.95).
Average Recall: 0.89434
Initial average recall with ef=1000: 0.884917
Average Recall: 0.933513
Initial average recall with ef=1500: 0.927625
Weighted average ef: 1849.11
Training convergence-bucket 4 [53.6956, 58.5266) with 150 queries (recall=0.98).
Average Recall: 0.9241
Initial average recall with ef=1000: 0.917271
Average Recall: 0.955046
Initial average recall with ef=1500: 0.95039
Weighted average ef: 2352.89
Training convergence-bucket 5 [58.5266, 62.295) with 150 queries (recall=0.98).
Average Recall: 0.945193
Initial average recall with ef=1000: 0.942043
Average Recall: 0.96998
Initial average recall with ef=1500: 0.968342
Weighted average ef: 1805.66
Training convergence-bucket 6 [62.295, 64.9124) with 150 queries (recall=0.98).
Average Recall: 0.9567
Initial average recall with ef=1000: 0.953424
Average Recall: 0.976973
Initial average recall with ef=1500: 0.975305
Weighted average ef: 1588.03
Training convergence-bucket 7 [64.9124, 66.7162) with 150 queries (recall=0.98).
Average Recall: 0.96004
Initial average recall with ef=1000: 0.961032
Average Recall: 0.978666
Initial average recall with ef=1500: 0.979472
Weighted average ef: 1480.64
Training convergence-bucket 8 [66.7162, 68.3505) with 150 queries (recall=0.98).
Average Recall: 0.957967
Initial average recall with ef=1000: 0.956716
Average Recall: 0.9781
Initial average recall with ef=1500: 0.977362
Weighted average ef: 1429.33
Training convergence-bucket 9 [68.3505, 69.9602) with 150 queries (recall=0.98).
Average Recall: 0.964213
Initial average recall with ef=1000: 0.96775
Average Recall: 0.981567
Initial average recall with ef=1500: 0.98417
Weighted average ef: 1140.92
Training convergence-bucket 10 [69.9602, 71.2385) with 150 queries (recall=0.98).
Average Recall: 0.96478
Initial average recall with ef=1000: 0.963482
Average Recall: 0.98212
Initial average recall with ef=1500: 0.981658
Weighted average ef: 1267.09
Training convergence-bucket 11 [71.2385, 72.4964) with 150 queries (recall=0.98).
Average Recall: 0.966006
Initial average recall with ef=1000: 0.969
Average Recall: 0.98288
Initial average recall with ef=1500: 0.985212
Weighted average ef: 1161.06
Training convergence-bucket 12 [72.4964, 73.5886) with 150 queries (recall=0.98).
Average Recall: 0.974767
Initial average recall with ef=1000: 0.975308
Average Recall: 0.988053
Initial average recall with ef=1500: 0.988325
Weighted average ef: 1070
Training convergence-bucket 13 [73.5886, 74.83) with 150 queries (recall=0.98).
Average Recall: 0.969993
Initial average recall with ef=1000: 0.973576
Average Recall: 0.984806
Initial average recall with ef=1500: 0.987432
Weighted average ef: 1139.63
Training convergence-bucket 14 [74.83, 75.9425) with 150 queries (recall=0.98).
Average Recall: 0.970113
Initial average recall with ef=1000: 0.970633
Average Recall: 0.985847
Initial average recall with ef=1500: 0.986578
Weighted average ef: 1247.58
Training convergence-bucket 15 [75.9425, 76.9645) with 150 queries (recall=0.98).
Average Recall: 0.9758
Initial average recall with ef=1000: 0.97717
Average Recall: 0.988613
Initial average recall with ef=1500: 0.989229
Weighted average ef: 970
Training convergence-bucket 16 [76.9645, 78.1359) with 150 queries (recall=0.98).
Average Recall: 0.976066
Initial average recall with ef=1000: 0.980795
Average Recall: 0.9883
Initial average recall with ef=1500: 0.991487
Weighted average ef: 963.333
Training convergence-bucket 17 [78.1359, 79.6261) with 150 queries (recall=0.98).
Average Recall: 0.982467
Initial average recall with ef=1000: 0.982352
Average Recall: 0.992773
Initial average recall with ef=1500: 0.992687
Weighted average ef: 1020
Training convergence-bucket 18 [79.6261, 81.6256) with 150 queries (recall=0.98).
Average Recall: 0.9804
Initial average recall with ef=1000: 0.983616
Average Recall: 0.9915
Initial average recall with ef=1500: 0.993472
Weighted average ef: 967.2
Training convergence-bucket 19 [81.6256, inf) with 150 queries (recall=0.98).
Average Recall: 0.977593
Initial average recall with ef=1000: 0.983941
Average Recall: 0.986107
Initial average recall with ef=1500: 0.991729
Weighted average ef: 856.667
Reconstructed True WAE: 1284.25 (Hard Pct: 0.0192333)
  Avg Ef Hard (bucketed): 2224.81 | Avg Ef Easy (bucketed): 1265.8
Search time: 54110 ms
Search time: 54906 ms
Search time: 53939 ms
Average Recall: 0.96984
5th percentile recall: 0.88
1st percentile recall: 0.731
Median search time: 54110 ms
Search times: 53939 ms, 54110 ms, 54906 ms, 
cohere experiment results:
statisc_length, time, avg_recall, 5th_percentile_recall, 1st_percentile_recall, recall_above_99, recall_above_95, recall_above_90
1025, 54110, 0.96984, 0.88, 0.731, 731, 1415, 1564
Experiment finished
Starting ablation study tests: min_queries_per_score...




Dataset: deep-image-96-angular
Metric: cd
Normalize the data vectors
Data vectors dimensions: 9990000 x 96
Query vectors dimensions: 10000 x 96
Neighbors dimensions: 10000 x 100
Using AVX Inner Product distance
Index loaded
Dimension of space:96
Data size of space:384

--- min_queries_per_score: 0 ---

Loading samplings from /home/yc.shea/experiments/shiro-ef/sampling/deep-image-96-angular-samplings--k100-ef.bin
Samplings loaded from /home/yc.shea/experiments/shiro-ef/sampling/deep-image-96-angular-samplings--k100-ef.bin
Average Recall: 0.835152
Initial average recall with ef=100: 0.835157
Average Recall: 0.884026
Initial average recall with ef=150: 0.884033
Recall diff is too small for 1 consecutive steps, break.
Weighted average ef: 395.949
Per-bucket recall: conv_p20=40.6884 hard_recall=0.95 easy_recall=0.98
Training convergence-bucket 0 [23.234, 37.7252) with 300 queries (recall=0.95).
Average Recall: 0.607433
Initial average recall with ef=100: 0.607433
Average Recall: 0.686733
Initial average recall with ef=150: 0.686733
Recall diff is too small for 1 consecutive steps, break.
Recall diff is too small for 1 consecutive steps, break.
Recall diff is too small for 1 consecutive steps, break.
Recall diff is too small for 1 consecutive steps, break.
Recall diff is too small for 1 consecutive steps, break.
Recall diff is too small for 1 consecutive steps, break.
Weighted average ef: 1099.51
Training convergence-bucket 1 [37.7252, 40.6884) with 300 queries (recall=0.95).
Average Recall: 0.638833
Initial average recall with ef=100: 0.638833
Average Recall: 0.7185
Initial average recall with ef=150: 0.7185
Recall diff is too small for 1 consecutive steps, break.
Recall diff is too small for 1 consecutive steps, break.
Recall diff is too small for 1 consecutive steps, break.
Weighted average ef: 940.86
Training convergence-bucket 2 [40.6884, 46.2056) with 300 queries (recall=0.98).
Average Recall: 0.721667
Initial average recall with ef=100: 0.721667
Average Recall: 0.796767
Initial average recall with ef=150: 0.796767
Recall diff is too small for 1 consecutive steps, break.
Recall diff is too small for 1 consecutive steps, break.
Recall diff is too small for 1 consecutive steps, break.
Recall diff is too small for 1 consecutive steps, break.
Recall diff is too small for 1 consecutive steps, break.
Recall diff is too small for 1 consecutive steps, break.
Recall diff is too small for 1 consecutive steps, break.
Weighted average ef: 1109.81
Training convergence-bucket 3 [46.2056, 51.5452) with 300 queries (recall=0.98).
Average Recall: 0.809334
Initial average recall with ef=100: 0.809333
Average Recall: 0.873066
Initial average recall with ef=150: 0.873067
Recall diff is too small for 1 consecutive steps, break.
Recall diff is too small for 1 consecutive steps, break.
Recall diff is too small for 1 consecutive steps, break.
Weighted average ef: 624.617
Training convergence-bucket 4 [51.5452, 55.7279) with 300 queries (recall=0.98).
Average Recall: 0.856767
Initial average recall with ef=100: 0.856767
Average Recall: 0.9146
Initial average recall with ef=150: 0.9146
Recall diff is too small for 1 consecutive steps, break.
Weighted average ef: 411
Training convergence-bucket 5 [55.7279, 59.6592) with 300 queries (recall=0.98).
Average Recall: 0.8974
Initial average recall with ef=100: 0.8974
Average Recall: 0.9425
Initial average recall with ef=150: 0.9425
Weighted average ef: 321.287
Training convergence-bucket 6 [59.6592, 64.0217) with 300 queries (recall=0.98).
Average Recall: 0.920367
Initial average recall with ef=100: 0.920367
Average Recall: 0.956
Initial average recall with ef=150: 0.956
Recall diff is too small for 1 consecutive steps, break.
Weighted average ef: 272.92
Training convergence-bucket 7 [64.0217, 68.7624) with 300 queries (recall=0.98).
Average Recall: 0.944234
Initial average recall with ef=100: 0.944233
Average Recall: 0.9727
Initial average recall with ef=150: 0.9727
Recall diff is too small for 1 consecutive steps, break.
Recall diff is too small for 1 consecutive steps, break.
Weighted average ef: 198.74
Training convergence-bucket 8 [68.7624, 75.1871) with 300 queries (recall=0.98).
Average Recall: 0.969667
Initial average recall with ef=100: 0.969667
Average Recall: 0.9869
Initial average recall with ef=150: 0.9869
Recall diff is too small for 1 consecutive steps, break.
Weighted average ef: 145.52
Training convergence-bucket 9 [75.1871, inf) with 300 queries (recall=0.98).
Average Recall: 0.985867
Initial average recall with ef=100: 0.985867
Average Recall: 0.992567
Initial average recall with ef=150: 0.992567
Recall diff is too small for 1 consecutive steps, break.
Weighted average ef: 126.433
Reconstructed True WAE: 261.297 (Hard Pct: 0.0203333)
  Avg Ef Hard (bucketed): 998.736 | Avg Ef Easy (bucketed): 245.992
Search time: 16150 ms
Search time: 15960 ms
Search time: 16353 ms
Average Recall: 0.985096
5th percentile recall: 0.95
1st percentile recall: 0.91
Median search time: 16150 ms
Search times: 15960 ms, 16150 ms, 16353 ms, 
deep-image-96-angular experiment results:
statisc_length, time, avg_recall, 5th_percentile_recall, 1st_percentile_recall, recall_above_99, recall_above_95, recall_above_90
1025, 16150, 0.985096, 0.95, 0.91, 6466, 9357, 9906
Experiment finished

--- min_queries_per_score: 1 ---

Loading samplings from /home/yc.shea/experiments/shiro-ef/sampling/deep-image-96-angular-samplings--k100-ef.bin
Samplings loaded from /home/yc.shea/experiments/shiro-ef/sampling/deep-image-96-angular-samplings--k100-ef.bin
Average Recall: 0.835152
Initial average recall with ef=100: 0.835157
Average Recall: 0.884026
Initial average recall with ef=150: 0.884033
Recall diff is too small for 1 consecutive steps, break.
Weighted average ef: 395.949
Per-bucket recall: conv_p20=40.6884 hard_recall=0.95 easy_recall=0.98
Training convergence-bucket 0 [23.234, 37.7252) with 300 queries (recall=0.95).
Average Recall: 0.607433
Initial average recall with ef=100: 0.607433
Average Recall: 0.686733
Initial average recall with ef=150: 0.686733
Recall diff is too small for 1 consecutive steps, break.
Recall diff is too small for 1 consecutive steps, break.
Recall diff is too small for 1 consecutive steps, break.
Recall diff is too small for 1 consecutive steps, break.
Recall diff is too small for 1 consecutive steps, break.
Recall diff is too small for 1 consecutive steps, break.
Weighted average ef: 1099.51
Training convergence-bucket 1 [37.7252, 40.6884) with 300 queries (recall=0.95).
Average Recall: 0.638833
Initial average recall with ef=100: 0.638833
Average Recall: 0.7185
Initial average recall with ef=150: 0.7185
Recall diff is too small for 1 consecutive steps, break.
Recall diff is too small for 1 consecutive steps, break.
Recall diff is too small for 1 consecutive steps, break.
Weighted average ef: 940.86
Training convergence-bucket 2 [40.6884, 46.2056) with 300 queries (recall=0.98).
Average Recall: 0.721667
Initial average recall with ef=100: 0.721667
Average Recall: 0.796767
Initial average recall with ef=150: 0.796767
Recall diff is too small for 1 consecutive steps, break.
Recall diff is too small for 1 consecutive steps, break.
Recall diff is too small for 1 consecutive steps, break.
Recall diff is too small for 1 consecutive steps, break.
Recall diff is too small for 1 consecutive steps, break.
Recall diff is too small for 1 consecutive steps, break.
Recall diff is too small for 1 consecutive steps, break.
Weighted average ef: 1109.81
Training convergence-bucket 3 [46.2056, 51.5452) with 300 queries (recall=0.98).
Average Recall: 0.809334
Initial average recall with ef=100: 0.809333
Average Recall: 0.873066
Initial average recall with ef=150: 0.873067
Recall diff is too small for 1 consecutive steps, break.
Recall diff is too small for 1 consecutive steps, break.
Recall diff is too small for 1 consecutive steps, break.
Weighted average ef: 624.617
Training convergence-bucket 4 [51.5452, 55.7279) with 300 queries (recall=0.98).
Average Recall: 0.856767
Initial average recall with ef=100: 0.856767
Average Recall: 0.9146
Initial average recall with ef=150: 0.9146
Recall diff is too small for 1 consecutive steps, break.
Weighted average ef: 411
Training convergence-bucket 5 [55.7279, 59.6592) with 300 queries (recall=0.98).
Average Recall: 0.8974
Initial average recall with ef=100: 0.8974
Average Recall: 0.9425
Initial average recall with ef=150: 0.9425
Weighted average ef: 321.287
Training convergence-bucket 6 [59.6592, 64.0217) with 300 queries (recall=0.98).
Average Recall: 0.920367
Initial average recall with ef=100: 0.920367
Average Recall: 0.956
Initial average recall with ef=150: 0.956
Recall diff is too small for 1 consecutive steps, break.
Weighted average ef: 272.92
Training convergence-bucket 7 [64.0217, 68.7624) with 300 queries (recall=0.98).
Average Recall: 0.944234
Initial average recall with ef=100: 0.944233
Average Recall: 0.9727
Initial average recall with ef=150: 0.9727
Recall diff is too small for 1 consecutive steps, break.
Recall diff is too small for 1 consecutive steps, break.
Weighted average ef: 198.74
Training convergence-bucket 8 [68.7624, 75.1871) with 300 queries (recall=0.98).
Average Recall: 0.969667
Initial average recall with ef=100: 0.969667
Average Recall: 0.9869
Initial average recall with ef=150: 0.9869
Recall diff is too small for 1 consecutive steps, break.
Weighted average ef: 145.52
Training convergence-bucket 9 [75.1871, inf) with 300 queries (recall=0.98).
Average Recall: 0.985867
Initial average recall with ef=100: 0.985867
Average Recall: 0.992567
Initial average recall with ef=150: 0.992567
Recall diff is too small for 1 consecutive steps, break.
Weighted average ef: 126.433
Reconstructed True WAE: 261.297 (Hard Pct: 0.0203333)
  Avg Ef Hard (bucketed): 998.736 | Avg Ef Easy (bucketed): 245.992
Search time: 15717 ms
Search time: 16378 ms
Search time: 15979 ms
Average Recall: 0.985096
5th percentile recall: 0.95
1st percentile recall: 0.91
Median search time: 15979 ms
Search times: 15717 ms, 15979 ms, 16378 ms, 
deep-image-96-angular experiment results:
statisc_length, time, avg_recall, 5th_percentile_recall, 1st_percentile_recall, recall_above_99, recall_above_95, recall_above_90
1025, 15979, 0.985096, 0.95, 0.91, 6466, 9357, 9906
Experiment finished

--- min_queries_per_score: 3 ---

Loading samplings from /home/yc.shea/experiments/shiro-ef/sampling/deep-image-96-angular-samplings--k100-ef.bin
Samplings loaded from /home/yc.shea/experiments/shiro-ef/sampling/deep-image-96-angular-samplings--k100-ef.bin
Average Recall: 0.835152
Initial average recall with ef=100: 0.835458
Average Recall: 0.884026
Initial average recall with ef=150: 0.884358
Recall diff is too small for 1 consecutive steps, break.
Weighted average ef: 391.431
Per-bucket recall: conv_p20=40.6884 hard_recall=0.95 easy_recall=0.98
Training convergence-bucket 0 [23.234, 37.7252) with 300 queries (recall=0.95).
Average Recall: 0.607433
Initial average recall with ef=100: 0.603238
Average Recall: 0.686733
Initial average recall with ef=150: 0.682242
Recall diff is too small for 1 consecutive steps, break.
Recall diff is too small for 1 consecutive steps, break.
Weighted average ef: 1040.64
Training convergence-bucket 1 [37.7252, 40.6884) with 300 queries (recall=0.95).
Average Recall: 0.638833
Initial average recall with ef=100: 0.633333
Average Recall: 0.7185
Initial average recall with ef=150: 0.713824
Weighted average ef: 898.307
Training convergence-bucket 2 [40.6884, 46.2056) with 300 queries (recall=0.98).
Average Recall: 0.721667
Initial average recall with ef=100: 0.719509
Average Recall: 0.796767
Initial average recall with ef=150: 0.795088
Recall diff is too small for 1 consecutive steps, break.
Weighted average ef: 1074.09
Training convergence-bucket 3 [46.2056, 51.5452) with 300 queries (recall=0.98).
Average Recall: 0.809334
Initial average recall with ef=100: 0.806406
Average Recall: 0.873066
Initial average recall with ef=150: 0.871317
Recall diff is too small for 1 consecutive steps, break.
Weighted average ef: 599.717
Training convergence-bucket 4 [51.5452, 55.7279) with 300 queries (recall=0.98).
Average Recall: 0.856767
Initial average recall with ef=100: 0.855866
Average Recall: 0.9146
Initial average recall with ef=150: 0.914028
Weighted average ef: 383.963
Training convergence-bucket 5 [55.7279, 59.6592) with 300 queries (recall=0.98).
Average Recall: 0.8974
Initial average recall with ef=100: 0.896632
Average Recall: 0.9425
Initial average recall with ef=150: 0.942268
Weighted average ef: 312.253
Training convergence-bucket 6 [59.6592, 64.0217) with 300 queries (recall=0.98).
Average Recall: 0.920367
Initial average recall with ef=100: 0.920381
Average Recall: 0.956
Initial average recall with ef=150: 0.956505
Recall diff is too small for 1 consecutive steps, break.
Weighted average ef: 259.147
Training convergence-bucket 7 [64.0217, 68.7624) with 300 queries (recall=0.98).
Average Recall: 0.944234
Initial average recall with ef=100: 0.945
Average Recall: 0.9727
Initial average recall with ef=150: 0.973288
Recall diff is too small for 1 consecutive steps, break.
Weighted average ef: 189.85
Training convergence-bucket 8 [68.7624, 75.1871) with 300 queries (recall=0.98).
Average Recall: 0.969667
Initial average recall with ef=100: 0.971497
Average Recall: 0.9869
Initial average recall with ef=150: 0.988095
Weighted average ef: 137.303
Training convergence-bucket 9 [75.1871, inf) with 300 queries (recall=0.98).
Average Recall: 0.985867
Initial average recall with ef=100: 0.987456
Average Recall: 0.992567
Initial average recall with ef=150: 0.993852
Weighted average ef: 98.83
Reconstructed True WAE: 258.456 (Hard Pct: 0.0203333)
  Avg Ef Hard (bucketed): 1013.41 | Avg Ef Easy (bucketed): 242.787
Search time: 16562 ms
Search time: 16835 ms
Search time: 16283 ms
Average Recall: 0.986031
5th percentile recall: 0.95
1st percentile recall: 0.92
Median search time: 16562 ms
Search times: 16283 ms, 16562 ms, 16835 ms, 
deep-image-96-angular experiment results:
statisc_length, time, avg_recall, 5th_percentile_recall, 1st_percentile_recall, recall_above_99, recall_above_95, recall_above_90
1025, 16562, 0.986031, 0.95, 0.92, 6594, 9451, 9932
Experiment finished

--- min_queries_per_score: 5 ---

Loading samplings from /home/yc.shea/experiments/shiro-ef/sampling/deep-image-96-angular-samplings--k100-ef.bin
Samplings loaded from /home/yc.shea/experiments/shiro-ef/sampling/deep-image-96-angular-samplings--k100-ef.bin
Average Recall: 0.835152
Initial average recall with ef=100: 0.83589
Average Recall: 0.884026
Initial average recall with ef=150: 0.884692
Recall diff is too small for 1 consecutive steps, break.
Weighted average ef: 389.927
Per-bucket recall: conv_p20=40.6884 hard_recall=0.95 easy_recall=0.98
Training convergence-bucket 0 [23.234, 37.7252) with 300 queries (recall=0.95).
Average Recall: 0.607433
Initial average recall with ef=100: 0.601808
Average Recall: 0.686733
Initial average recall with ef=150: 0.680996
Recall diff is too small for 1 consecutive steps, break.
Recall diff is too small for 1 consecutive steps, break.
Weighted average ef: 999.38
Training convergence-bucket 1 [37.7252, 40.6884) with 300 queries (recall=0.95).
Average Recall: 0.638833
Initial average recall with ef=100: 0.62777
Average Recall: 0.7185
Initial average recall with ef=150: 0.707881
Weighted average ef: 869.587
Training convergence-bucket 2 [40.6884, 46.2056) with 300 queries (recall=0.98).
Average Recall: 0.721667
Initial average recall with ef=100: 0.720218
Average Recall: 0.796767
Initial average recall with ef=150: 0.796145
Recall diff is too small for 1 consecutive steps, break.
Weighted average ef: 1036.26
Training convergence-bucket 3 [46.2056, 51.5452) with 300 queries (recall=0.98).
Average Recall: 0.809334
Initial average recall with ef=100: 0.805884
Average Recall: 0.873066
Initial average recall with ef=150: 0.87065
Recall diff is too small for 1 consecutive steps, break.
Weighted average ef: 595.717
Training convergence-bucket 4 [51.5452, 55.7279) with 300 queries (recall=0.98).
Average Recall: 0.856767
Initial average recall with ef=100: 0.855421
Average Recall: 0.9146
Initial average recall with ef=150: 0.9137
Weighted average ef: 366.87
Training convergence-bucket 5 [55.7279, 59.6592) with 300 queries (recall=0.98).
Average Recall: 0.8974
Initial average recall with ef=100: 0.895421
Average Recall: 0.9425
Initial average recall with ef=150: 0.941648
Weighted average ef: 293.333
Training convergence-bucket 6 [59.6592, 64.0217) with 300 queries (recall=0.98).
Average Recall: 0.920367
Initial average recall with ef=100: 0.921071
Average Recall: 0.956
Initial average recall with ef=150: 0.956857
Recall diff is too small for 1 consecutive steps, break.
Weighted average ef: 249.627
Training convergence-bucket 7 [64.0217, 68.7624) with 300 queries (recall=0.98).
Average Recall: 0.944234
Initial average recall with ef=100: 0.944639
Average Recall: 0.9727
Initial average recall with ef=150: 0.97308
Recall diff is too small for 1 consecutive steps, break.
Weighted average ef: 171.677
Training convergence-bucket 8 [68.7624, 75.1871) with 300 queries (recall=0.98).
Average Recall: 0.969667
Initial average recall with ef=100: 0.973257
Average Recall: 0.9869
Initial average recall with ef=150: 0.989655
Weighted average ef: 114.167
Training convergence-bucket 9 [75.1871, inf) with 300 queries (recall=0.98).
Average Recall: 0.985867
Initial average recall with ef=100: 0.987593
Average Recall: 0.992567
Initial average recall with ef=150: 0.993889
Weighted average ef: 94
Reconstructed True WAE: 238.562 (Hard Pct: 0.0203333)
  Avg Ef Hard (bucketed): 1004.18 | Avg Ef Easy (bucketed): 222.672
Search time: 16906 ms
Search time: 16194 ms
Search time: 16858 ms
Average Recall: 0.986371
5th percentile recall: 0.95
1st percentile recall: 0.92
Median search time: 16858 ms
Search times: 16194 ms, 16858 ms, 16906 ms, 
deep-image-96-angular experiment results:
statisc_length, time, avg_recall, 5th_percentile_recall, 1st_percentile_recall, recall_above_99, recall_above_95, recall_above_90
1025, 16858, 0.986371, 0.95, 0.92, 6708, 9474, 9933
Experiment finished


Dataset: glove-100-angular
Metric: cd
Normalize the data vectors
Data vectors dimensions: 1183514 x 100
Query vectors dimensions: 10000 x 100
Neighbors dimensions: 10000 x 100
Using AVX Inner Product distance
Index loaded
Dimension of space:100
Data size of space:400

--- min_queries_per_score: 0 ---

Loading samplings from /home/yc.shea/experiments/shiro-ef/sampling/glove-100-angular-samplings--k100-ef.bin
Samplings loaded from /home/yc.shea/experiments/shiro-ef/sampling/glove-100-angular-samplings--k100-ef.bin
Average Recall: 0.726394
Initial average recall with ef=100: 0.726397
Average Recall: 0.770571
Initial average recall with ef=150: 0.770573
Weighted average ef: 1704.4
Per-bucket recall: conv_p20=33.9721 hard_recall=0.95 easy_recall=0.98
Training convergence-bucket 0 [13.8318, 28.5699) with 300 queries (recall=0.95).
Average Recall: 0.473767
Initial average recall with ef=100: 0.473767
Average Recall: 0.522667
Initial average recall with ef=150: 0.522667
Recall diff is too small for 1 consecutive steps, break.
Recall diff is too small for 1 consecutive steps, break.
Recall diff is too small for 1 consecutive steps, break.
Recall diff is too small for 1 consecutive steps, break.
Weighted average ef: 4215.05
Training convergence-bucket 1 [28.5699, 33.9721) with 300 queries (recall=0.95).
Average Recall: 0.4857
Initial average recall with ef=100: 0.4857
Average Recall: 0.545367
Initial average recall with ef=150: 0.545367
Recall diff is too small for 1 consecutive steps, break.
Recall diff is too small for 1 consecutive steps, break.
Recall diff is too small for 1 consecutive steps, break.
Recall diff is too small for 1 consecutive steps, break.
Recall diff is too small for 1 consecutive steps, break.
Recall diff is too small for 1 consecutive steps, break.
Weighted average ef: 3677.29
Training convergence-bucket 2 [33.9721, 38.6824) with 300 queries (recall=0.98).
Average Recall: 0.512933
Initial average recall with ef=100: 0.512933
Average Recall: 0.570066
Initial average recall with ef=150: 0.570067
Recall diff is too small for 1 consecutive steps, break.
Recall diff is too small for 1 consecutive steps, break.
Recall diff is too small for 1 consecutive steps, break.
Recall diff is too small for 1 consecutive steps, break.
Weighted average ef: 4322.97
Training convergence-bucket 3 [38.6824, 43.4136) with 300 queries (recall=0.98).
Average Recall: 0.6236
Initial average recall with ef=100: 0.6236
Average Recall: 0.688833
Initial average recall with ef=150: 0.688833
Recall diff is too small for 1 consecutive steps, break.
Recall diff is too small for 1 consecutive steps, break.
Recall diff is too small for 1 consecutive steps, break.
Recall diff is too small for 1 consecutive steps, break.
Recall diff is too small for 1 consecutive steps, break.
Recall diff is too small for 1 consecutive steps, break.
Weighted average ef: 3249.87
Training convergence-bucket 4 [43.4136, 48.8656) with 300 queries (recall=0.98).
Average Recall: 0.699367
Initial average recall with ef=100: 0.699367
Average Recall: 0.7583
Initial average recall with ef=150: 0.7583
Recall diff is too small for 1 consecutive steps, break.
Recall diff is too small for 1 consecutive steps, break.
Recall diff is too small for 1 consecutive steps, break.
Recall diff is too small for 1 consecutive steps, break.
Recall diff is too small for 1 consecutive steps, break.
Recall diff is too small for 1 consecutive steps, break.
Recall diff is too small for 1 consecutive steps, break.
Weighted average ef: 2694.91
Training convergence-bucket 5 [48.8656, 54.8283) with 300 queries (recall=0.98).
Average Recall: 0.775533
Initial average recall with ef=100: 0.775533
Average Recall: 0.830467
Initial average recall with ef=150: 0.830467
Recall diff is too small for 1 consecutive steps, break.
Recall diff is too small for 1 consecutive steps, break.
Recall diff is too small for 1 consecutive steps, break.
Recall diff is too small for 1 consecutive steps, break.
Recall diff is too small for 1 consecutive steps, break.
Weighted average ef: 1774.91
Training convergence-bucket 6 [54.8283, 61.6016) with 300 queries (recall=0.98).
Average Recall: 0.873534
Initial average recall with ef=100: 0.873534
Average Recall: 0.911933
Initial average recall with ef=150: 0.911933
Recall diff is too small for 1 consecutive steps, break.
Recall diff is too small for 1 consecutive steps, break.
Recall diff is too small for 1 consecutive steps, break.
Weighted average ef: 797.733
Training convergence-bucket 7 [61.6016, 67.4292) with 300 queries (recall=0.98).
Average Recall: 0.902667
Initial average recall with ef=100: 0.902667
Average Recall: 0.931833
Initial average recall with ef=150: 0.931833
Recall diff is too small for 1 consecutive steps, break.
Recall diff is too small for 1 consecutive steps, break.
Recall diff is too small for 1 consecutive steps, break.
Recall diff is too small for 1 consecutive steps, break.
Recall diff is too small for 1 consecutive steps, break.
Recall diff is too small for 1 consecutive steps, break.
Weighted average ef: 790.917
Training convergence-bucket 8 [67.4292, 74.2709) with 300 queries (recall=0.98).
Average Recall: 0.940267
Initial average recall with ef=100: 0.940267
Average Recall: 0.960667
Initial average recall with ef=150: 0.960667
Recall diff is too small for 1 consecutive steps, break.
Recall diff is too small for 1 consecutive steps, break.
Recall diff is too small for 1 consecutive steps, break.
Recall diff is too small for 1 consecutive steps, break.
Weighted average ef: 405.307
Training convergence-bucket 9 [74.2709, inf) with 300 queries (recall=0.98).
Average Recall: 0.9766
Initial average recall with ef=100: 0.9766
Average Recall: 0.9856
Initial average recall with ef=150: 0.9856
Recall diff is too small for 1 consecutive steps, break.
Recall diff is too small for 1 consecutive steps, break.
Weighted average ef: 181.88
Reconstructed True WAE: 1447.11 (Hard Pct: 0.00633333)
  Avg Ef Hard (bucketed): 4805.48 | Avg Ef Easy (bucketed): 1425.71
Search time: 60109 ms
Search time: 59708 ms
Search time: 60324 ms
Average Recall: 0.977701
5th percentile recall: 0.92
1st percentile recall: 0.87
Median search time: 60109 ms
Search times: 59708 ms, 60109 ms, 60324 ms, 
glove-100-angular experiment results:
statisc_length, time, avg_recall, 5th_percentile_recall, 1st_percentile_recall, recall_above_99, recall_above_95, recall_above_90
1025, 60109, 0.977701, 0.92, 0.87, 5442, 8370, 9703
Experiment finished

--- min_queries_per_score: 1 ---

Loading samplings from /home/yc.shea/experiments/shiro-ef/sampling/glove-100-angular-samplings--k100-ef.bin
Samplings loaded from /home/yc.shea/experiments/shiro-ef/sampling/glove-100-angular-samplings--k100-ef.bin
Average Recall: 0.726394
Initial average recall with ef=100: 0.726397
Average Recall: 0.770571
Initial average recall with ef=150: 0.770573
Weighted average ef: 1704.4
Per-bucket recall: conv_p20=33.9721 hard_recall=0.95 easy_recall=0.98
Training convergence-bucket 0 [13.8318, 28.5699) with 300 queries (recall=0.95).
Average Recall: 0.473767
Initial average recall with ef=100: 0.473767
Average Recall: 0.522667
Initial average recall with ef=150: 0.522667
Recall diff is too small for 1 consecutive steps, break.
Recall diff is too small for 1 consecutive steps, break.
Recall diff is too small for 1 consecutive steps, break.
Recall diff is too small for 1 consecutive steps, break.
Weighted average ef: 4215.05
Training convergence-bucket 1 [28.5699, 33.9721) with 300 queries (recall=0.95).
Average Recall: 0.4857
Initial average recall with ef=100: 0.4857
Average Recall: 0.545367
Initial average recall with ef=150: 0.545367
Recall diff is too small for 1 consecutive steps, break.
Recall diff is too small for 1 consecutive steps, break.
Recall diff is too small for 1 consecutive steps, break.
Recall diff is too small for 1 consecutive steps, break.
Recall diff is too small for 1 consecutive steps, break.
Recall diff is too small for 1 consecutive steps, break.
Weighted average ef: 3677.29
Training convergence-bucket 2 [33.9721, 38.6824) with 300 queries (recall=0.98).
Average Recall: 0.512933
Initial average recall with ef=100: 0.512933
Average Recall: 0.570066
Initial average recall with ef=150: 0.570067
Recall diff is too small for 1 consecutive steps, break.
Recall diff is too small for 1 consecutive steps, break.
Recall diff is too small for 1 consecutive steps, break.
Recall diff is too small for 1 consecutive steps, break.
Weighted average ef: 4322.97
Training convergence-bucket 3 [38.6824, 43.4136) with 300 queries (recall=0.98).
Average Recall: 0.6236
Initial average recall with ef=100: 0.6236
Average Recall: 0.688833
Initial average recall with ef=150: 0.688833
Recall diff is too small for 1 consecutive steps, break.
Recall diff is too small for 1 consecutive steps, break.
Recall diff is too small for 1 consecutive steps, break.
Recall diff is too small for 1 consecutive steps, break.
Recall diff is too small for 1 consecutive steps, break.
Recall diff is too small for 1 consecutive steps, break.
Weighted average ef: 3249.87
Training convergence-bucket 4 [43.4136, 48.8656) with 300 queries (recall=0.98).
Average Recall: 0.699367
Initial average recall with ef=100: 0.699367
Average Recall: 0.7583
Initial average recall with ef=150: 0.7583
Recall diff is too small for 1 consecutive steps, break.
Recall diff is too small for 1 consecutive steps, break.
Recall diff is too small for 1 consecutive steps, break.
Recall diff is too small for 1 consecutive steps, break.
Recall diff is too small for 1 consecutive steps, break.
Recall diff is too small for 1 consecutive steps, break.
Recall diff is too small for 1 consecutive steps, break.
Weighted average ef: 2694.91
Training convergence-bucket 5 [48.8656, 54.8283) with 300 queries (recall=0.98).
Average Recall: 0.775533
Initial average recall with ef=100: 0.775533
Average Recall: 0.830467
Initial average recall with ef=150: 0.830467
Recall diff is too small for 1 consecutive steps, break.
Recall diff is too small for 1 consecutive steps, break.
Recall diff is too small for 1 consecutive steps, break.
Recall diff is too small for 1 consecutive steps, break.
Recall diff is too small for 1 consecutive steps, break.
Weighted average ef: 1774.91
Training convergence-bucket 6 [54.8283, 61.6016) with 300 queries (recall=0.98).
Average Recall: 0.873534
Initial average recall with ef=100: 0.873534
Average Recall: 0.911933
Initial average recall with ef=150: 0.911933
Recall diff is too small for 1 consecutive steps, break.
Recall diff is too small for 1 consecutive steps, break.
Recall diff is too small for 1 consecutive steps, break.
Weighted average ef: 797.733
Training convergence-bucket 7 [61.6016, 67.4292) with 300 queries (recall=0.98).
Average Recall: 0.902667
Initial average recall with ef=100: 0.902667
Average Recall: 0.931833
Initial average recall with ef=150: 0.931833
Recall diff is too small for 1 consecutive steps, break.
Recall diff is too small for 1 consecutive steps, break.
Recall diff is too small for 1 consecutive steps, break.
Recall diff is too small for 1 consecutive steps, break.
Recall diff is too small for 1 consecutive steps, break.
Recall diff is too small for 1 consecutive steps, break.
Weighted average ef: 790.917
Training convergence-bucket 8 [67.4292, 74.2709) with 300 queries (recall=0.98).
Average Recall: 0.940267
Initial average recall with ef=100: 0.940267
Average Recall: 0.960667
Initial average recall with ef=150: 0.960667
Recall diff is too small for 1 consecutive steps, break.
Recall diff is too small for 1 consecutive steps, break.
Recall diff is too small for 1 consecutive steps, break.
Recall diff is too small for 1 consecutive steps, break.
Weighted average ef: 405.307
Training convergence-bucket 9 [74.2709, inf) with 300 queries (recall=0.98).
Average Recall: 0.9766
Initial average recall with ef=100: 0.9766
Average Recall: 0.9856
Initial average recall with ef=150: 0.9856
Recall diff is too small for 1 consecutive steps, break.
Recall diff is too small for 1 consecutive steps, break.
Weighted average ef: 181.88
Reconstructed True WAE: 1447.11 (Hard Pct: 0.00633333)
  Avg Ef Hard (bucketed): 4805.48 | Avg Ef Easy (bucketed): 1425.71
Search time: 59780 ms
Search time: 60170 ms
Search time: 60243 ms
Average Recall: 0.977701
5th percentile recall: 0.92
1st percentile recall: 0.87
Median search time: 60170 ms
Search times: 59780 ms, 60170 ms, 60243 ms, 
glove-100-angular experiment results:
statisc_length, time, avg_recall, 5th_percentile_recall, 1st_percentile_recall, recall_above_99, recall_above_95, recall_above_90
1025, 60170, 0.977701, 0.92, 0.87, 5442, 8370, 9703
Experiment finished

--- min_queries_per_score: 3 ---

Loading samplings from /home/yc.shea/experiments/shiro-ef/sampling/glove-100-angular-samplings--k100-ef.bin
Samplings loaded from /home/yc.shea/experiments/shiro-ef/sampling/glove-100-angular-samplings--k100-ef.bin
Average Recall: 0.726394
Initial average recall with ef=100: 0.72636
Average Recall: 0.770571
Initial average recall with ef=150: 0.770564
Weighted average ef: 1702.87
Per-bucket recall: conv_p20=33.9721 hard_recall=0.95 easy_recall=0.98
Training convergence-bucket 0 [13.8318, 28.5699) with 300 queries (recall=0.95).
Average Recall: 0.473767
Initial average recall with ef=100: 0.457038
Average Recall: 0.522667
Initial average recall with ef=150: 0.506376
Recall diff is too small for 1 consecutive steps, break.
Recall diff is too small for 1 consecutive steps, break.
Recall diff is too small for 1 consecutive steps, break.
Weighted average ef: 4193.52
Training convergence-bucket 1 [28.5699, 33.9721) with 300 queries (recall=0.95).
Average Recall: 0.4857
Initial average recall with ef=100: 0.470421
Average Recall: 0.545367
Initial average recall with ef=150: 0.530456
Recall diff is too small for 1 consecutive steps, break.
Recall diff is too small for 1 consecutive steps, break.
Recall diff is too small for 1 consecutive steps, break.
Weighted average ef: 3620.78
Training convergence-bucket 2 [33.9721, 38.6824) with 300 queries (recall=0.98).
Average Recall: 0.512933
Initial average recall with ef=100: 0.504739
Average Recall: 0.570066
Initial average recall with ef=150: 0.561568
Recall diff is too small for 1 consecutive steps, break.
Recall diff is too small for 1 consecutive steps, break.
Recall diff is too small for 1 consecutive steps, break.
Weighted average ef: 4232.57
Training convergence-bucket 3 [38.6824, 43.4136) with 300 queries (recall=0.98).
Average Recall: 0.6236
Initial average recall with ef=100: 0.622657
Average Recall: 0.688833
Initial average recall with ef=150: 0.685804
Recall diff is too small for 1 consecutive steps, break.
Recall diff is too small for 1 consecutive steps, break.
Recall diff is too small for 1 consecutive steps, break.
Recall diff is too small for 1 consecutive steps, break.
Weighted average ef: 3125.75
Training convergence-bucket 4 [43.4136, 48.8656) with 300 queries (recall=0.98).
Average Recall: 0.699367
Initial average recall with ef=100: 0.695055
Average Recall: 0.7583
Initial average recall with ef=150: 0.754066
Recall diff is too small for 1 consecutive steps, break.
Recall diff is too small for 1 consecutive steps, break.
Recall diff is too small for 1 consecutive steps, break.
Recall diff is too small for 1 consecutive steps, break.
Weighted average ef: 2554.64
Training convergence-bucket 5 [48.8656, 54.8283) with 300 queries (recall=0.98).
Average Recall: 0.775533
Initial average recall with ef=100: 0.774714
Average Recall: 0.830467
Initial average recall with ef=150: 0.831071
Recall diff is too small for 1 consecutive steps, break.
Recall diff is too small for 1 consecutive steps, break.
Recall diff is too small for 1 consecutive steps, break.
Weighted average ef: 1677.38
Training convergence-bucket 6 [54.8283, 61.6016) with 300 queries (recall=0.98).
Average Recall: 0.873534
Initial average recall with ef=100: 0.868877
Average Recall: 0.911933
Initial average recall with ef=150: 0.908551
Recall diff is too small for 1 consecutive steps, break.
Recall diff is too small for 1 consecutive steps, break.
Recall diff is too small for 1 consecutive steps, break.
Weighted average ef: 750.297
Training convergence-bucket 7 [61.6016, 67.4292) with 300 queries (recall=0.98).
Average Recall: 0.902667
Initial average recall with ef=100: 0.906277
Average Recall: 0.931833
Initial average recall with ef=150: 0.93539
Recall diff is too small for 1 consecutive steps, break.
Recall diff is too small for 1 consecutive steps, break.
Weighted average ef: 727.927
Training convergence-bucket 8 [67.4292, 74.2709) with 300 queries (recall=0.98).
Average Recall: 0.940267
Initial average recall with ef=100: 0.945338
Average Recall: 0.960667
Initial average recall with ef=150: 0.965302
Recall diff is too small for 1 consecutive steps, break.
Recall diff is too small for 1 consecutive steps, break.
Recall diff is too small for 1 consecutive steps, break.
Weighted average ef: 305.177
Training convergence-bucket 9 [74.2709, inf) with 300 queries (recall=0.98).
Average Recall: 0.9766
Initial average recall with ef=100: 0.97993
Average Recall: 0.9856
Initial average recall with ef=150: 0.988676
Weighted average ef: 151.2
Reconstructed True WAE: 1426.68 (Hard Pct: 0.00633333)
  Avg Ef Hard (bucketed): 4807.06 | Avg Ef Easy (bucketed): 1405.13
Search time: 59900 ms
Search time: 60179 ms
Search time: 60812 ms
Average Recall: 0.978517
5th percentile recall: 0.92
1st percentile recall: 0.88
Median search time: 60179 ms
Search times: 59900 ms, 60179 ms, 60812 ms, 
glove-100-angular experiment results:
statisc_length, time, avg_recall, 5th_percentile_recall, 1st_percentile_recall, recall_above_99, recall_above_95, recall_above_90
1025, 60179, 0.978517, 0.92, 0.88, 5578, 8426, 9725
Experiment finished

--- min_queries_per_score: 5 ---

Loading samplings from /home/yc.shea/experiments/shiro-ef/sampling/glove-100-angular-samplings--k100-ef.bin
Samplings loaded from /home/yc.shea/experiments/shiro-ef/sampling/glove-100-angular-samplings--k100-ef.bin
Average Recall: 0.726394
Initial average recall with ef=100: 0.725997
Average Recall: 0.770571
Initial average recall with ef=150: 0.770257
Weighted average ef: 1702.74
Per-bucket recall: conv_p20=33.9721 hard_recall=0.95 easy_recall=0.98
Training convergence-bucket 0 [13.8318, 28.5699) with 300 queries (recall=0.95).
Average Recall: 0.473767
Initial average recall with ef=100: 0.45452
Average Recall: 0.522667
Initial average recall with ef=150: 0.503737
Recall diff is too small for 1 consecutive steps, break.
Weighted average ef: 4137.99
Training convergence-bucket 1 [28.5699, 33.9721) with 300 queries (recall=0.95).
Average Recall: 0.4857
Initial average recall with ef=100: 0.457667
Average Recall: 0.545367
Initial average recall with ef=150: 0.51863
Recall diff is too small for 1 consecutive steps, break.
Recall diff is too small for 1 consecutive steps, break.
Weighted average ef: 3560.25
Training convergence-bucket 2 [33.9721, 38.6824) with 300 queries (recall=0.98).
Average Recall: 0.512933
Initial average recall with ef=100: 0.497491
Average Recall: 0.570066
Initial average recall with ef=150: 0.554502
Recall diff is too small for 1 consecutive steps, break.
Weighted average ef: 4127.42
Training convergence-bucket 3 [38.6824, 43.4136) with 300 queries (recall=0.98).
Average Recall: 0.6236
Initial average recall with ef=100: 0.613384
Average Recall: 0.688833
Initial average recall with ef=150: 0.677293
Recall diff is too small for 1 consecutive steps, break.
Recall diff is too small for 1 consecutive steps, break.
Recall diff is too small for 1 consecutive steps, break.
Recall diff is too small for 1 consecutive steps, break.
Weighted average ef: 2990.94
Training convergence-bucket 4 [43.4136, 48.8656) with 300 queries (recall=0.98).
Average Recall: 0.699367
Initial average recall with ef=100: 0.68985
Average Recall: 0.7583
Initial average recall with ef=150: 0.749398
Recall diff is too small for 1 consecutive steps, break.
Recall diff is too small for 1 consecutive steps, break.
Recall diff is too small for 1 consecutive steps, break.
Recall diff is too small for 1 consecutive steps, break.
Weighted average ef: 2547.13
Training convergence-bucket 5 [48.8656, 54.8283) with 300 queries (recall=0.98).
Average Recall: 0.775533
Initial average recall with ef=100: 0.776938
Average Recall: 0.830467
Initial average recall with ef=150: 0.833682
Recall diff is too small for 1 consecutive steps, break.
Weighted average ef: 1508.85
Training convergence-bucket 6 [54.8283, 61.6016) with 300 queries (recall=0.98).
Average Recall: 0.873534
Initial average recall with ef=100: 0.871039
Average Recall: 0.911933
Initial average recall with ef=150: 0.910731
Recall diff is too small for 1 consecutive steps, break.
Weighted average ef: 690.493
Training convergence-bucket 7 [61.6016, 67.4292) with 300 queries (recall=0.98).
Average Recall: 0.902667
Initial average recall with ef=100: 0.898876
Average Recall: 0.931833
Initial average recall with ef=150: 0.929398
Recall diff is too small for 1 consecutive steps, break.
Weighted average ef: 709.927
Training convergence-bucket 8 [67.4292, 74.2709) with 300 queries (recall=0.98).
Average Recall: 0.940267
Initial average recall with ef=100: 0.942529
Average Recall: 0.960667
Initial average recall with ef=150: 0.963103
Recall diff is too small for 1 consecutive steps, break.
Recall diff is too small for 1 consecutive steps, break.
Recall diff is too small for 1 consecutive steps, break.
Weighted average ef: 296.677
Training convergence-bucket 9 [74.2709, inf) with 300 queries (recall=0.98).
Average Recall: 0.9766
Initial average recall with ef=100: 0.980756
Average Recall: 0.9856
Initial average recall with ef=150: 0.989706
Weighted average ef: 121.81
Reconstructed True WAE: 1369.55 (Hard Pct: 0.00633333)
  Avg Ef Hard (bucketed): 4832.58 | Avg Ef Easy (bucketed): 1347.48
Search time: 63229 ms
Search time: 63481 ms
Search time: 63191 ms
Average Recall: 0.978779
5th percentile recall: 0.92
1st percentile recall: 0.88
Median search time: 63229 ms
Search times: 63191 ms, 63229 ms, 63481 ms, 
glove-100-angular experiment results:
statisc_length, time, avg_recall, 5th_percentile_recall, 1st_percentile_recall, recall_above_99, recall_above_95, recall_above_90
1025, 63229, 0.978779, 0.92, 0.88, 5677, 8436, 9727
Experiment finished


Dataset: word2vec-300-angular
Metric: cd
Normalize the data vectors
Data vectors dimensions: 1000000 x 300
Query vectors dimensions: 1000 x 300
Neighbors dimensions: 1000 x 100
Using AVX Inner Product distance
Index loaded
Dimension of space:300
Data size of space:1200

--- min_queries_per_score: 0 ---

Loading samplings from /home/yc.shea/experiments/shiro-ef/sampling/word2vec-300-angular-samplings--k100-ef.bin
Samplings loaded from /home/yc.shea/experiments/shiro-ef/sampling/word2vec-300-angular-samplings--k100-ef.bin
Average Recall: 0.82003
Initial average recall with ef=100: 0.819763
Average Recall: 0.867479
Initial average recall with ef=150: 0.867487
Weighted average ef: 532.174
Per-bucket recall: conv_p20=40.0553 hard_recall=0.95 easy_recall=0.98
Training convergence-bucket 0 [13.6502, 36.851) with 300 queries (recall=0.95).
Average Recall: 0.588833
Initial average recall with ef=100: 0.588833
Average Recall: 0.671833
Initial average recall with ef=150: 0.671833
Recall diff is too small for 1 consecutive steps, break.
Recall diff is too small for 1 consecutive steps, break.
Weighted average ef: 906.84
Training convergence-bucket 1 [36.851, 40.0553) with 300 queries (recall=0.95).
Average Recall: 0.609333
Initial average recall with ef=100: 0.609333
Average Recall: 0.692267
Initial average recall with ef=150: 0.692267
Recall diff is too small for 1 consecutive steps, break.
Recall diff is too small for 1 consecutive steps, break.
Recall diff is too small for 1 consecutive steps, break.
Recall diff is too small for 1 consecutive steps, break.
Recall diff is too small for 1 consecutive steps, break.
Recall diff is too small for 1 consecutive steps, break.
Weighted average ef: 920.963
Training convergence-bucket 2 [40.0553, 45.905) with 300 queries (recall=0.98).
Average Recall: 0.664248
Initial average recall with ef=100: 0.662033
Average Recall: 0.7421
Initial average recall with ef=150: 0.7421
Recall diff is too small for 1 consecutive steps, break.
Recall diff is too small for 1 consecutive steps, break.
Recall diff is too small for 1 consecutive steps, break.
Weighted average ef: 966.223
Training convergence-bucket 3 [45.905, 52.7299) with 300 queries (recall=0.98).
Average Recall: 0.7862
Initial average recall with ef=100: 0.7862
Average Recall: 0.844767
Initial average recall with ef=150: 0.844767
Recall diff is too small for 1 consecutive steps, break.
Recall diff is too small for 1 consecutive steps, break.
Recall diff is too small for 1 consecutive steps, break.
Recall diff is too small for 1 consecutive steps, break.
Recall diff is too small for 1 consecutive steps, break.
Recall diff is too small for 1 consecutive steps, break.
Recall diff is too small for 1 consecutive steps, break.
Recall diff is too small for 1 consecutive steps, break.
Weighted average ef: 923.856
Training convergence-bucket 4 [52.7299, 57.8759) with 300 queries (recall=0.98).
Average Recall: 0.8483
Initial average recall with ef=100: 0.8483
Average Recall: 0.8967
Initial average recall with ef=150: 0.8967
Recall diff is too small for 1 consecutive steps, break.
Recall diff is too small for 1 consecutive steps, break.
Recall diff is too small for 1 consecutive steps, break.
Recall diff is too small for 1 consecutive steps, break.
Recall diff is too small for 1 consecutive steps, break.
Recall diff is too small for 1 consecutive steps, break.
Recall diff is too small for 1 consecutive steps, break.
Recall diff is too small for 1 consecutive steps, break.
Recall diff is too small for 1 consecutive steps, break.
Recall diff is too small for 1 consecutive steps, break.
Recall diff is too small for 1 consecutive steps, break.
Recall diff is too small for 1 consecutive steps, break.
Recall diff is too small for 1 consecutive steps, break.
Recall diff is too small for 1 consecutive steps, break.
Recall diff is too small for 1 consecutive steps, break.
Recall diff is too small for 1 consecutive steps, break.
Recall diff is too small for 1 consecutive steps, break.
Recall diff is too small for 1 consecutive steps, break.
Weighted average ef: 699.433
Training convergence-bucket 5 [57.8759, 62.0518) with 300 queries (recall=0.98).
Average Recall: 0.900067
Initial average recall with ef=100: 0.900067
Average Recall: 0.9368
Initial average recall with ef=150: 0.9368
Recall diff is too small for 1 consecutive steps, break.
Recall diff is too small for 1 consecutive steps, break.
Recall diff is too small for 1 consecutive steps, break.
Recall diff is too small for 1 consecutive steps, break.
Recall diff is too small for 1 consecutive steps, break.
Recall diff is too small for 1 consecutive steps, break.
Recall diff is too small for 1 consecutive steps, break.
Weighted average ef: 436.643
Training convergence-bucket 6 [62.0518, 65.7271) with 300 queries (recall=0.98).
Average Recall: 0.918534
Initial average recall with ef=100: 0.918533
Average Recall: 0.9502
Initial average recall with ef=150: 0.9502
Recall diff is too small for 1 consecutive steps, break.
Recall diff is too small for 1 consecutive steps, break.
Recall diff is too small for 1 consecutive steps, break.
Weighted average ef: 326.263
Training convergence-bucket 7 [65.7271, 69.7432) with 300 queries (recall=0.98).
Average Recall: 0.9447
Initial average recall with ef=100: 0.9447
Average Recall: 0.9705
Initial average recall with ef=150: 0.9705
Recall diff is too small for 1 consecutive steps, break.
Recall diff is too small for 1 consecutive steps, break.
Recall diff is too small for 1 consecutive steps, break.
Recall diff is too small for 1 consecutive steps, break.
Weighted average ef: 220.067
Training convergence-bucket 8 [69.7432, 74.4169) with 300 queries (recall=0.98).
Average Recall: 0.963467
Initial average recall with ef=100: 0.963467
Average Recall: 0.981834
Initial average recall with ef=150: 0.981833
Recall diff is too small for 1 consecutive steps, break.
Recall diff is too small for 1 consecutive steps, break.
Weighted average ef: 178.34
Training convergence-bucket 9 [74.4169, inf) with 300 queries (recall=0.98).
Average Recall: 0.976167
Initial average recall with ef=100: 0.976167
Average Recall: 0.987867
Initial average recall with ef=150: 0.987867
Recall diff is too small for 1 consecutive steps, break.
Recall diff is too small for 1 consecutive steps, break.
Recall diff is too small for 1 consecutive steps, break.
Recall diff is too small for 1 consecutive steps, break.
Recall diff is too small for 1 consecutive steps, break.
Weighted average ef: 152.753
Reconstructed True WAE: 272.83 (Hard Pct: 0.024)
  Avg Ef Hard (bucketed): 903.928 | Avg Ef Easy (bucketed): 257.311
Search time: 2186 ms
Search time: 2184 ms
Search time: 2182 ms
Average Recall: 0.97672
5th percentile recall: 0.89
1st percentile recall: 0.81
Median search time: 2184 ms
Search times: 2182 ms, 2184 ms, 2186 ms, 
word2vec-300-angular experiment results:
statisc_length, time, avg_recall, 5th_percentile_recall, 1st_percentile_recall, recall_above_99, recall_above_95, recall_above_90
1025, 2184, 0.97672, 0.89, 0.81, 642, 842, 933
Experiment finished

--- min_queries_per_score: 1 ---

Loading samplings from /home/yc.shea/experiments/shiro-ef/sampling/word2vec-300-angular-samplings--k100-ef.bin
Samplings loaded from /home/yc.shea/experiments/shiro-ef/sampling/word2vec-300-angular-samplings--k100-ef.bin
Average Recall: 0.82003
Initial average recall with ef=100: 0.819763
Average Recall: 0.867479
Initial average recall with ef=150: 0.867487
Weighted average ef: 532.174
Per-bucket recall: conv_p20=40.0553 hard_recall=0.95 easy_recall=0.98
Training convergence-bucket 0 [13.6502, 36.851) with 300 queries (recall=0.95).
Average Recall: 0.588833
Initial average recall with ef=100: 0.588833
Average Recall: 0.671833
Initial average recall with ef=150: 0.671833
Recall diff is too small for 1 consecutive steps, break.
Recall diff is too small for 1 consecutive steps, break.
Weighted average ef: 906.84
Training convergence-bucket 1 [36.851, 40.0553) with 300 queries (recall=0.95).
Average Recall: 0.609333
Initial average recall with ef=100: 0.609333
Average Recall: 0.692267
Initial average recall with ef=150: 0.692267
Recall diff is too small for 1 consecutive steps, break.
Recall diff is too small for 1 consecutive steps, break.
Recall diff is too small for 1 consecutive steps, break.
Recall diff is too small for 1 consecutive steps, break.
Recall diff is too small for 1 consecutive steps, break.
Recall diff is too small for 1 consecutive steps, break.
Weighted average ef: 920.963
Training convergence-bucket 2 [40.0553, 45.905) with 300 queries (recall=0.98).
Average Recall: 0.664248
Initial average recall with ef=100: 0.662033
Average Recall: 0.7421
Initial average recall with ef=150: 0.7421
Recall diff is too small for 1 consecutive steps, break.
Recall diff is too small for 1 consecutive steps, break.
Recall diff is too small for 1 consecutive steps, break.
Weighted average ef: 966.223
Training convergence-bucket 3 [45.905, 52.7299) with 300 queries (recall=0.98).
Average Recall: 0.7862
Initial average recall with ef=100: 0.7862
Average Recall: 0.844767
Initial average recall with ef=150: 0.844767
Recall diff is too small for 1 consecutive steps, break.
Recall diff is too small for 1 consecutive steps, break.
Recall diff is too small for 1 consecutive steps, break.
Recall diff is too small for 1 consecutive steps, break.
Recall diff is too small for 1 consecutive steps, break.
Recall diff is too small for 1 consecutive steps, break.
Recall diff is too small for 1 consecutive steps, break.
Recall diff is too small for 1 consecutive steps, break.
Weighted average ef: 923.856
Training convergence-bucket 4 [52.7299, 57.8759) with 300 queries (recall=0.98).
Average Recall: 0.8483
Initial average recall with ef=100: 0.8483
Average Recall: 0.8967
Initial average recall with ef=150: 0.8967
Recall diff is too small for 1 consecutive steps, break.
Recall diff is too small for 1 consecutive steps, break.
Recall diff is too small for 1 consecutive steps, break.
Recall diff is too small for 1 consecutive steps, break.
Recall diff is too small for 1 consecutive steps, break.
Recall diff is too small for 1 consecutive steps, break.
Recall diff is too small for 1 consecutive steps, break.
Recall diff is too small for 1 consecutive steps, break.
Recall diff is too small for 1 consecutive steps, break.
Recall diff is too small for 1 consecutive steps, break.
Recall diff is too small for 1 consecutive steps, break.
Recall diff is too small for 1 consecutive steps, break.
Recall diff is too small for 1 consecutive steps, break.
Recall diff is too small for 1 consecutive steps, break.
Recall diff is too small for 1 consecutive steps, break.
Recall diff is too small for 1 consecutive steps, break.
Recall diff is too small for 1 consecutive steps, break.
Recall diff is too small for 1 consecutive steps, break.
Weighted average ef: 699.433
Training convergence-bucket 5 [57.8759, 62.0518) with 300 queries (recall=0.98).
Average Recall: 0.900067
Initial average recall with ef=100: 0.900067
Average Recall: 0.9368
Initial average recall with ef=150: 0.9368
Recall diff is too small for 1 consecutive steps, break.
Recall diff is too small for 1 consecutive steps, break.
Recall diff is too small for 1 consecutive steps, break.
Recall diff is too small for 1 consecutive steps, break.
Recall diff is too small for 1 consecutive steps, break.
Recall diff is too small for 1 consecutive steps, break.
Recall diff is too small for 1 consecutive steps, break.
Weighted average ef: 436.643
Training convergence-bucket 6 [62.0518, 65.7271) with 300 queries (recall=0.98).
Average Recall: 0.918534
Initial average recall with ef=100: 0.918533
Average Recall: 0.9502
Initial average recall with ef=150: 0.9502
Recall diff is too small for 1 consecutive steps, break.
Recall diff is too small for 1 consecutive steps, break.
Recall diff is too small for 1 consecutive steps, break.
Weighted average ef: 326.263
Training convergence-bucket 7 [65.7271, 69.7432) with 300 queries (recall=0.98).
Average Recall: 0.9447
Initial average recall with ef=100: 0.9447
Average Recall: 0.9705
Initial average recall with ef=150: 0.9705
Recall diff is too small for 1 consecutive steps, break.
Recall diff is too small for 1 consecutive steps, break.
Recall diff is too small for 1 consecutive steps, break.
Recall diff is too small for 1 consecutive steps, break.
Weighted average ef: 220.067
Training convergence-bucket 8 [69.7432, 74.4169) with 300 queries (recall=0.98).
Average Recall: 0.963467
Initial average recall with ef=100: 0.963467
Average Recall: 0.981834
Initial average recall with ef=150: 0.981833
Recall diff is too small for 1 consecutive steps, break.
Recall diff is too small for 1 consecutive steps, break.
Weighted average ef: 178.34
Training convergence-bucket 9 [74.4169, inf) with 300 queries (recall=0.98).
Average Recall: 0.976167
Initial average recall with ef=100: 0.976167
Average Recall: 0.987867
Initial average recall with ef=150: 0.987867
Recall diff is too small for 1 consecutive steps, break.
Recall diff is too small for 1 consecutive steps, break.
Recall diff is too small for 1 consecutive steps, break.
Recall diff is too small for 1 consecutive steps, break.
Recall diff is too small for 1 consecutive steps, break.
Weighted average ef: 152.753
Reconstructed True WAE: 272.83 (Hard Pct: 0.024)
  Avg Ef Hard (bucketed): 903.928 | Avg Ef Easy (bucketed): 257.311
Search time: 2185 ms
Search time: 2182 ms
Search time: 2184 ms
Average Recall: 0.97672
5th percentile recall: 0.89
1st percentile recall: 0.81
Median search time: 2184 ms
Search times: 2182 ms, 2184 ms, 2185 ms, 
word2vec-300-angular experiment results:
statisc_length, time, avg_recall, 5th_percentile_recall, 1st_percentile_recall, recall_above_99, recall_above_95, recall_above_90
1025, 2184, 0.97672, 0.89, 0.81, 642, 842, 933
Experiment finished

--- min_queries_per_score: 3 ---

Loading samplings from /home/yc.shea/experiments/shiro-ef/sampling/word2vec-300-angular-samplings--k100-ef.bin
Samplings loaded from /home/yc.shea/experiments/shiro-ef/sampling/word2vec-300-angular-samplings--k100-ef.bin
Average Recall: 0.82003
Initial average recall with ef=100: 0.8201
Average Recall: 0.867479
Initial average recall with ef=150: 0.868171
Weighted average ef: 531.174
Per-bucket recall: conv_p20=40.0553 hard_recall=0.95 easy_recall=0.98
Training convergence-bucket 0 [13.6502, 36.851) with 300 queries (recall=0.95).
Average Recall: 0.588833
Initial average recall with ef=100: 0.588293
Average Recall: 0.671833
Initial average recall with ef=150: 0.672474
Recall diff is too small for 1 consecutive steps, break.
Weighted average ef: 874.633
Training convergence-bucket 1 [36.851, 40.0553) with 300 queries (recall=0.95).
Average Recall: 0.609333
Initial average recall with ef=100: 0.613453
Average Recall: 0.692267
Initial average recall with ef=150: 0.698417
Weighted average ef: 860.953
Training convergence-bucket 2 [40.0553, 45.905) with 300 queries (recall=0.98).
Average Recall: 0.664248
Initial average recall with ef=100: 0.659928
Average Recall: 0.7421
Initial average recall with ef=150: 0.745197
Recall diff is too small for 1 consecutive steps, break.
Weighted average ef: 907.953
Training convergence-bucket 3 [45.905, 52.7299) with 300 queries (recall=0.98).
Average Recall: 0.7862
Initial average recall with ef=100: 0.786928
Average Recall: 0.844767
Initial average recall with ef=150: 0.846036
Recall diff is too small for 1 consecutive steps, break.
Recall diff is too small for 1 consecutive steps, break.
Recall diff is too small for 1 consecutive steps, break.
Weighted average ef: 868.59
Training convergence-bucket 4 [52.7299, 57.8759) with 300 queries (recall=0.98).
Average Recall: 0.8483
Initial average recall with ef=100: 0.850649
Average Recall: 0.8967
Initial average recall with ef=150: 0.899046
Recall diff is too small for 1 consecutive steps, break.
Recall diff is too small for 1 consecutive steps, break.
Recall diff is too small for 1 consecutive steps, break.
Recall diff is too small for 1 consecutive steps, break.
Recall diff is too small for 1 consecutive steps, break.
Recall diff is too small for 1 consecutive steps, break.
Recall diff is too small for 1 consecutive steps, break.
Weighted average ef: 627.05
Training convergence-bucket 5 [57.8759, 62.0518) with 300 queries (recall=0.98).
Average Recall: 0.900067
Initial average recall with ef=100: 0.901424
Average Recall: 0.9368
Initial average recall with ef=150: 0.938029
Recall diff is too small for 1 consecutive steps, break.
Recall diff is too small for 1 consecutive steps, break.
Recall diff is too small for 1 consecutive steps, break.
Weighted average ef: 398.33
Training convergence-bucket 6 [62.0518, 65.7271) with 300 queries (recall=0.98).
Average Recall: 0.918534
Initial average recall with ef=100: 0.919963
Average Recall: 0.9502
Initial average recall with ef=150: 0.952263
Recall diff is too small for 1 consecutive steps, break.
Weighted average ef: 295.677
Training convergence-bucket 7 [65.7271, 69.7432) with 300 queries (recall=0.98).
Average Recall: 0.9447
Initial average recall with ef=100: 0.946222
Average Recall: 0.9705
Initial average recall with ef=150: 0.971556
Recall diff is too small for 1 consecutive steps, break.
Weighted average ef: 195.497
Training convergence-bucket 8 [69.7432, 74.4169) with 300 queries (recall=0.98).
Average Recall: 0.963467
Initial average recall with ef=100: 0.964254
Average Recall: 0.981834
Initial average recall with ef=150: 0.982351
Weighted average ef: 157.46
Training convergence-bucket 9 [74.4169, inf) with 300 queries (recall=0.98).
Average Recall: 0.976167
Initial average recall with ef=100: 0.978655
Average Recall: 0.987867
Initial average recall with ef=150: 0.989382
Recall diff is too small for 1 consecutive steps, break.
Weighted average ef: 135.953
Reconstructed True WAE: 266.504 (Hard Pct: 0.024)
  Avg Ef Hard (bucketed): 904.319 | Avg Ef Easy (bucketed): 250.82
Search time: 2280 ms
Search time: 2199 ms
Search time: 2279 ms
Average Recall: 0.9768
5th percentile recall: 0.89
1st percentile recall: 0.82
Median search time: 2279 ms
Search times: 2199 ms, 2279 ms, 2280 ms, 
word2vec-300-angular experiment results:
statisc_length, time, avg_recall, 5th_percentile_recall, 1st_percentile_recall, recall_above_99, recall_above_95, recall_above_90
1025, 2279, 0.9768, 0.89, 0.82, 637, 839, 933
Experiment finished

--- min_queries_per_score: 5 ---

Loading samplings from /home/yc.shea/experiments/shiro-ef/sampling/word2vec-300-angular-samplings--k100-ef.bin
Samplings loaded from /home/yc.shea/experiments/shiro-ef/sampling/word2vec-300-angular-samplings--k100-ef.bin
Average Recall: 0.82003
Initial average recall with ef=100: 0.820579
Average Recall: 0.867479
Initial average recall with ef=150: 0.870582
Weighted average ef: 525.641
Per-bucket recall: conv_p20=40.0553 hard_recall=0.95 easy_recall=0.98
Training convergence-bucket 0 [13.6502, 36.851) with 300 queries (recall=0.95).
Average Recall: 0.588833
Initial average recall with ef=100: 0.598107
Average Recall: 0.671833
Initial average recall with ef=150: 0.682536
Weighted average ef: 851.58
Training convergence-bucket 1 [36.851, 40.0553) with 300 queries (recall=0.95).
Average Recall: 0.609333
Initial average recall with ef=100: 0.616277
Average Recall: 0.692267
Initial average recall with ef=150: 0.701642
Weighted average ef: 847.62
Training convergence-bucket 2 [40.0553, 45.905) with 300 queries (recall=0.98).
Average Recall: 0.664248
Initial average recall with ef=100: 0.663783
Average Recall: 0.7421
Initial average recall with ef=150: 0.747341
Recall diff is too small for 1 consecutive steps, break.
Weighted average ef: 867.92
Training convergence-bucket 3 [45.905, 52.7299) with 300 queries (recall=0.98).
Average Recall: 0.7862
Initial average recall with ef=100: 0.784683
Average Recall: 0.844767
Initial average recall with ef=150: 0.844881
Recall diff is too small for 1 consecutive steps, break.
Weighted average ef: 783.343
Training convergence-bucket 4 [52.7299, 57.8759) with 300 queries (recall=0.98).
Average Recall: 0.8483
Initial average recall with ef=100: 0.850711
Average Recall: 0.8967
Initial average recall with ef=150: 0.899333
Recall diff is too small for 1 consecutive steps, break.
Recall diff is too small for 1 consecutive steps, break.
Recall diff is too small for 1 consecutive steps, break.
Weighted average ef: 538.43
Training convergence-bucket 5 [57.8759, 62.0518) with 300 queries (recall=0.98).
Average Recall: 0.900067
Initial average recall with ef=100: 0.900539
Average Recall: 0.9368
Initial average recall with ef=150: 0.937308
Recall diff is too small for 1 consecutive steps, break.
Recall diff is too small for 1 consecutive steps, break.
Weighted average ef: 381.267
Training convergence-bucket 6 [62.0518, 65.7271) with 300 queries (recall=0.98).
Average Recall: 0.918534
Initial average recall with ef=100: 0.916516
Average Recall: 0.9502
Initial average recall with ef=150: 0.949549
Weighted average ef: 276.207
Training convergence-bucket 7 [65.7271, 69.7432) with 300 queries (recall=0.98).
Average Recall: 0.9447
Initial average recall with ef=100: 0.946208
Average Recall: 0.9705
Initial average recall with ef=150: 0.972
Weighted average ef: 176.467
Training convergence-bucket 8 [69.7432, 74.4169) with 300 queries (recall=0.98).
Average Recall: 0.963467
Initial average recall with ef=100: 0.963431
Average Recall: 0.981834
Initial average recall with ef=150: 0.981841
Weighted average ef: 144.793
Training convergence-bucket 9 [74.4169, inf) with 300 queries (recall=0.98).
Average Recall: 0.976167
Initial average recall with ef=100: 0.978843
Average Recall: 0.987867
Initial average recall with ef=150: 0.989876
Recall diff is too small for 1 consecutive steps, break.
Weighted average ef: 120.387
Reconstructed True WAE: 277.017 (Hard Pct: 0.024)
  Avg Ef Hard (bucketed): 902.692 | Avg Ef Easy (bucketed): 261.632
Search time: 2192 ms
Search time: 2193 ms
Search time: 2188 ms
Average Recall: 0.97678
5th percentile recall: 0.89
1st percentile recall: 0.82
Median search time: 2192 ms
Search times: 2188 ms, 2192 ms, 2193 ms, 
word2vec-300-angular experiment results:
statisc_length, time, avg_recall, 5th_percentile_recall, 1st_percentile_recall, recall_above_99, recall_above_95, recall_above_90
1025, 2192, 0.97678, 0.89, 0.82, 639, 838, 935
Experiment finished


Dataset: sift10m-128-euclidean
Metric: l2
Data vectors dimensions: 10000000 x 128
Query vectors dimensions: 1000 x 128
Neighbors dimensions: 1000 x 100
Index loaded
Dimension of space:128
Data size of space:512

--- min_queries_per_score: 0 ---

Loading samplings from /home/yc.shea/experiments/shiro-ef/sampling/sift10m-128-euclidean-samplings--k100-ef.bin
Samplings loaded from /home/yc.shea/experiments/shiro-ef/sampling/sift10m-128-euclidean-samplings--k100-ef.bin
Average Recall: 0.856011
Initial average recall with ef=100: 0.856017
Average Recall: 0.902513
Initial average recall with ef=150: 0.90252
Recall diff is too small for 1 consecutive steps, break.
Weighted average ef: 300.349
Per-bucket recall: conv_p20=43.9052 hard_recall=0.95 easy_recall=0.98
Training convergence-bucket 0 [25.6326, 40.8522) with 300 queries (recall=0.95).
Average Recall: 0.6557
Initial average recall with ef=100: 0.6557
Average Recall: 0.7357
Initial average recall with ef=150: 0.7357
Recall diff is too small for 1 consecutive steps, break.
Weighted average ef: 763.407
Training convergence-bucket 1 [40.8522, 43.9052) with 300 queries (recall=0.95).
Average Recall: 0.6922
Initial average recall with ef=100: 0.6922
Average Recall: 0.7701
Initial average recall with ef=150: 0.7701
Recall diff is too small for 1 consecutive steps, break.
Recall diff is too small for 1 consecutive steps, break.
Recall diff is too small for 1 consecutive steps, break.
Weighted average ef: 634.687
Training convergence-bucket 2 [43.9052, 49.5591) with 300 queries (recall=0.98).
Average Recall: 0.772167
Initial average recall with ef=100: 0.772167
Average Recall: 0.8429
Initial average recall with ef=150: 0.8429
Recall diff is too small for 1 consecutive steps, break.
Recall diff is too small for 1 consecutive steps, break.
Recall diff is too small for 1 consecutive steps, break.
Weighted average ef: 688.827
Training convergence-bucket 3 [49.5591, 53.5044) with 300 queries (recall=0.98).
Average Recall: 0.8279
Initial average recall with ef=100: 0.8279
Average Recall: 0.886266
Initial average recall with ef=150: 0.886267
Recall diff is too small for 1 consecutive steps, break.
Recall diff is too small for 1 consecutive steps, break.
Weighted average ef: 482.587
Training convergence-bucket 4 [53.5044, 57.6866) with 300 queries (recall=0.98).
Average Recall: 0.8677
Initial average recall with ef=100: 0.8677
Average Recall: 0.919066
Initial average recall with ef=150: 0.919067
Recall diff is too small for 1 consecutive steps, break.
Recall diff is too small for 1 consecutive steps, break.
Weighted average ef: 363.32
Training convergence-bucket 5 [57.6866, 60.9502) with 300 queries (recall=0.98).
Average Recall: 0.899567
Initial average recall with ef=100: 0.899567
Average Recall: 0.9427
Initial average recall with ef=150: 0.9427
Recall diff is too small for 1 consecutive steps, break.
Recall diff is too small for 1 consecutive steps, break.
Weighted average ef: 310.127
Training convergence-bucket 6 [60.9502, 64.8344) with 300 queries (recall=0.98).
Average Recall: 0.926633
Initial average recall with ef=100: 0.926633
Average Recall: 0.961734
Initial average recall with ef=150: 0.961733
Recall diff is too small for 1 consecutive steps, break.
Recall diff is too small for 1 consecutive steps, break.
Weighted average ef: 230.237
Training convergence-bucket 7 [64.8344, 69.4434) with 300 queries (recall=0.98).
Average Recall: 0.955167
Initial average recall with ef=100: 0.955167
Average Recall: 0.980734
Initial average recall with ef=150: 0.980733
Recall diff is too small for 1 consecutive steps, break.
Recall diff is too small for 1 consecutive steps, break.
Weighted average ef: 174.513
Training convergence-bucket 8 [69.4434, 74.9222) with 300 queries (recall=0.98).
Average Recall: 0.972767
Initial average recall with ef=100: 0.972767
Average Recall: 0.989067
Initial average recall with ef=150: 0.989067
Recall diff is too small for 1 consecutive steps, break.
Weighted average ef: 136.38
Training convergence-bucket 9 [74.9222, inf) with 300 queries (recall=0.98).
Average Recall: 0.990367
Initial average recall with ef=100: 0.990367
Average Recall: 0.996934
Initial average recall with ef=150: 0.996933
Weighted average ef: 104.963
Reconstructed True WAE: 213.871 (Hard Pct: 0.02)
  Avg Ef Hard (bucketed): 681.027 | Avg Ef Easy (bucketed): 204.337
Search time: 1514 ms
Search time: 1594 ms
Search time: 1517 ms
Average Recall: 0.98534
5th percentile recall: 0.95
1st percentile recall: 0.93
Median search time: 1517 ms
Search times: 1514 ms, 1517 ms, 1594 ms, 
sift10m-128-euclidean experiment results:
statisc_length, time, avg_recall, 5th_percentile_recall, 1st_percentile_recall, recall_above_99, recall_above_95, recall_above_90
1025, 1517, 0.98534, 0.95, 0.93, 631, 942, 997
Experiment finished

--- min_queries_per_score: 1 ---

Loading samplings from /home/yc.shea/experiments/shiro-ef/sampling/sift10m-128-euclidean-samplings--k100-ef.bin
Samplings loaded from /home/yc.shea/experiments/shiro-ef/sampling/sift10m-128-euclidean-samplings--k100-ef.bin
Average Recall: 0.856011
Initial average recall with ef=100: 0.856017
Average Recall: 0.902513
Initial average recall with ef=150: 0.90252
Recall diff is too small for 1 consecutive steps, break.
Weighted average ef: 300.349
Per-bucket recall: conv_p20=43.9052 hard_recall=0.95 easy_recall=0.98
Training convergence-bucket 0 [25.6326, 40.8522) with 300 queries (recall=0.95).
Average Recall: 0.6557
Initial average recall with ef=100: 0.6557
Average Recall: 0.7357
Initial average recall with ef=150: 0.7357
Recall diff is too small for 1 consecutive steps, break.
Weighted average ef: 763.407
Training convergence-bucket 1 [40.8522, 43.9052) with 300 queries (recall=0.95).
Average Recall: 0.6922
Initial average recall with ef=100: 0.6922
Average Recall: 0.7701
Initial average recall with ef=150: 0.7701
Recall diff is too small for 1 consecutive steps, break.
Recall diff is too small for 1 consecutive steps, break.
Recall diff is too small for 1 consecutive steps, break.
Weighted average ef: 634.687
Training convergence-bucket 2 [43.9052, 49.5591) with 300 queries (recall=0.98).
Average Recall: 0.772167
Initial average recall with ef=100: 0.772167
Average Recall: 0.8429
Initial average recall with ef=150: 0.8429
Recall diff is too small for 1 consecutive steps, break.
Recall diff is too small for 1 consecutive steps, break.
Recall diff is too small for 1 consecutive steps, break.
Weighted average ef: 688.827
Training convergence-bucket 3 [49.5591, 53.5044) with 300 queries (recall=0.98).
Average Recall: 0.8279
Initial average recall with ef=100: 0.8279
Average Recall: 0.886266
Initial average recall with ef=150: 0.886267
Recall diff is too small for 1 consecutive steps, break.
Recall diff is too small for 1 consecutive steps, break.
Weighted average ef: 482.587
Training convergence-bucket 4 [53.5044, 57.6866) with 300 queries (recall=0.98).
Average Recall: 0.8677
Initial average recall with ef=100: 0.8677
Average Recall: 0.919066
Initial average recall with ef=150: 0.919067
Recall diff is too small for 1 consecutive steps, break.
Recall diff is too small for 1 consecutive steps, break.
Weighted average ef: 363.32
Training convergence-bucket 5 [57.6866, 60.9502) with 300 queries (recall=0.98).
Average Recall: 0.899567
Initial average recall with ef=100: 0.899567
Average Recall: 0.9427
Initial average recall with ef=150: 0.9427
Recall diff is too small for 1 consecutive steps, break.
Recall diff is too small for 1 consecutive steps, break.
Weighted average ef: 310.127
Training convergence-bucket 6 [60.9502, 64.8344) with 300 queries (recall=0.98).
Average Recall: 0.926633
Initial average recall with ef=100: 0.926633
Average Recall: 0.961734
Initial average recall with ef=150: 0.961733
Recall diff is too small for 1 consecutive steps, break.
Recall diff is too small for 1 consecutive steps, break.
Weighted average ef: 230.237
Training convergence-bucket 7 [64.8344, 69.4434) with 300 queries (recall=0.98).
Average Recall: 0.955167
Initial average recall with ef=100: 0.955167
Average Recall: 0.980734
Initial average recall with ef=150: 0.980733
Recall diff is too small for 1 consecutive steps, break.
Recall diff is too small for 1 consecutive steps, break.
Weighted average ef: 174.513
Training convergence-bucket 8 [69.4434, 74.9222) with 300 queries (recall=0.98).
Average Recall: 0.972767
Initial average recall with ef=100: 0.972767
Average Recall: 0.989067
Initial average recall with ef=150: 0.989067
Recall diff is too small for 1 consecutive steps, break.
Weighted average ef: 136.38
Training convergence-bucket 9 [74.9222, inf) with 300 queries (recall=0.98).
Average Recall: 0.990367
Initial average recall with ef=100: 0.990367
Average Recall: 0.996934
Initial average recall with ef=150: 0.996933
Weighted average ef: 104.963
Reconstructed True WAE: 213.871 (Hard Pct: 0.02)
  Avg Ef Hard (bucketed): 681.027 | Avg Ef Easy (bucketed): 204.337
Search time: 1596 ms
Search time: 1524 ms
Search time: 1537 ms
Average Recall: 0.98534
5th percentile recall: 0.95
1st percentile recall: 0.93
Median search time: 1537 ms
Search times: 1524 ms, 1537 ms, 1596 ms, 
sift10m-128-euclidean experiment results:
statisc_length, time, avg_recall, 5th_percentile_recall, 1st_percentile_recall, recall_above_99, recall_above_95, recall_above_90
1025, 1537, 0.98534, 0.95, 0.93, 631, 942, 997
Experiment finished

--- min_queries_per_score: 3 ---

Loading samplings from /home/yc.shea/experiments/shiro-ef/sampling/sift10m-128-euclidean-samplings--k100-ef.bin
Samplings loaded from /home/yc.shea/experiments/shiro-ef/sampling/sift10m-128-euclidean-samplings--k100-ef.bin
Average Recall: 0.856011
Initial average recall with ef=100: 0.856315
Average Recall: 0.902513
Initial average recall with ef=150: 0.902814
Weighted average ef: 299.369
Per-bucket recall: conv_p20=43.9052 hard_recall=0.95 easy_recall=0.98
Training convergence-bucket 0 [25.6326, 40.8522) with 300 queries (recall=0.95).
Average Recall: 0.6557
Initial average recall with ef=100: 0.655017
Average Recall: 0.7357
Initial average recall with ef=150: 0.735813
Weighted average ef: 738.057
Training convergence-bucket 1 [40.8522, 43.9052) with 300 queries (recall=0.95).
Average Recall: 0.6922
Initial average recall with ef=100: 0.691365
Average Recall: 0.7701
Initial average recall with ef=150: 0.769625
Weighted average ef: 622.07
Training convergence-bucket 2 [43.9052, 49.5591) with 300 queries (recall=0.98).
Average Recall: 0.772167
Initial average recall with ef=100: 0.771632
Average Recall: 0.8429
Initial average recall with ef=150: 0.842396
Recall diff is too small for 1 consecutive steps, break.
Weighted average ef: 667.26
Training convergence-bucket 3 [49.5591, 53.5044) with 300 queries (recall=0.98).
Average Recall: 0.8279
Initial average recall with ef=100: 0.827109
Average Recall: 0.886266
Initial average recall with ef=150: 0.885646
Recall diff is too small for 1 consecutive steps, break.
Weighted average ef: 476.44
Training convergence-bucket 4 [53.5044, 57.6866) with 300 queries (recall=0.98).
Average Recall: 0.8677
Initial average recall with ef=100: 0.865517
Average Recall: 0.919066
Initial average recall with ef=150: 0.917414
Recall diff is too small for 1 consecutive steps, break.
Weighted average ef: 357.447
Training convergence-bucket 5 [57.6866, 60.9502) with 300 queries (recall=0.98).
Average Recall: 0.899567
Initial average recall with ef=100: 0.900206
Average Recall: 0.9427
Initial average recall with ef=150: 0.94339
Weighted average ef: 300.147
Training convergence-bucket 6 [60.9502, 64.8344) with 300 queries (recall=0.98).
Average Recall: 0.926633
Initial average recall with ef=100: 0.927578
Average Recall: 0.961734
Initial average recall with ef=150: 0.962664
Recall diff is too small for 1 consecutive steps, break.
Weighted average ef: 219.8
Training convergence-bucket 7 [64.8344, 69.4434) with 300 queries (recall=0.98).
Average Recall: 0.955167
Initial average recall with ef=100: 0.956531
Average Recall: 0.980734
Initial average recall with ef=150: 0.981599
Weighted average ef: 167.25
Training convergence-bucket 8 [69.4434, 74.9222) with 300 queries (recall=0.98).
Average Recall: 0.972767
Initial average recall with ef=100: 0.973547
Average Recall: 0.989067
Initial average recall with ef=150: 0.989527
Weighted average ef: 133.167
Training convergence-bucket 9 [74.9222, inf) with 300 queries (recall=0.98).
Average Recall: 0.990367
Initial average recall with ef=100: 0.990791
Average Recall: 0.996934
Initial average recall with ef=150: 0.997217
Weighted average ef: 101.333
Reconstructed True WAE: 189.968 (Hard Pct: 0.02)
  Avg Ef Hard (bucketed): 684.97 | Avg Ef Easy (bucketed): 179.866
Search time: 1501 ms
Search time: 1499 ms
Search time: 1502 ms
Average Recall: 0.98493
5th percentile recall: 0.95
1st percentile recall: 0.92
Median search time: 1501 ms
Search times: 1499 ms, 1501 ms, 1502 ms, 
sift10m-128-euclidean experiment results:
statisc_length, time, avg_recall, 5th_percentile_recall, 1st_percentile_recall, recall_above_99, recall_above_95, recall_above_90
1025, 1501, 0.98493, 0.95, 0.92, 626, 937, 997
Experiment finished

--- min_queries_per_score: 5 ---

Loading samplings from /home/yc.shea/experiments/shiro-ef/sampling/sift10m-128-euclidean-samplings--k100-ef.bin
Samplings loaded from /home/yc.shea/experiments/shiro-ef/sampling/sift10m-128-euclidean-samplings--k100-ef.bin
Average Recall: 0.856011
Initial average recall with ef=100: 0.856609
Average Recall: 0.902513
Initial average recall with ef=150: 0.903091
Weighted average ef: 298.422
Per-bucket recall: conv_p20=43.9052 hard_recall=0.95 easy_recall=0.98
Training convergence-bucket 0 [25.6326, 40.8522) with 300 queries (recall=0.95).
Average Recall: 0.6557
Initial average recall with ef=100: 0.65489
Average Recall: 0.7357
Initial average recall with ef=150: 0.736948
Weighted average ef: 691.917
Training convergence-bucket 1 [40.8522, 43.9052) with 300 queries (recall=0.95).
Average Recall: 0.6922
Initial average recall with ef=100: 0.688377
Average Recall: 0.7701
Initial average recall with ef=150: 0.76634
Weighted average ef: 572.63
Training convergence-bucket 2 [43.9052, 49.5591) with 300 queries (recall=0.98).
Average Recall: 0.772167
Initial average recall with ef=100: 0.770647
Average Recall: 0.8429
Initial average recall with ef=150: 0.841799
Weighted average ef: 645.86
Training convergence-bucket 3 [49.5591, 53.5044) with 300 queries (recall=0.98).
Average Recall: 0.8279
Initial average recall with ef=100: 0.82341
Average Recall: 0.886266
Initial average recall with ef=150: 0.883831
Weighted average ef: 429.143
Training convergence-bucket 4 [53.5044, 57.6866) with 300 queries (recall=0.98).
Average Recall: 0.8677
Initial average recall with ef=100: 0.86588
Average Recall: 0.919066
Initial average recall with ef=150: 0.918277
Weighted average ef: 323.427
Training convergence-bucket 5 [57.6866, 60.9502) with 300 queries (recall=0.98).
Average Recall: 0.899567
Initial average recall with ef=100: 0.898115
Average Recall: 0.9427
Initial average recall with ef=150: 0.941885
Weighted average ef: 266.417
Training convergence-bucket 6 [60.9502, 64.8344) with 300 queries (recall=0.98).
Average Recall: 0.926633
Initial average recall with ef=100: 0.928459
Average Recall: 0.961734
Initial average recall with ef=150: 0.962832
Weighted average ef: 212.137
Training convergence-bucket 7 [64.8344, 69.4434) with 300 queries (recall=0.98).
Average Recall: 0.955167
Initial average recall with ef=100: 0.956886
Average Recall: 0.980734
Initial average recall with ef=150: 0.981758
Weighted average ef: 155.333
Training convergence-bucket 8 [69.4434, 74.9222) with 300 queries (recall=0.98).
Average Recall: 0.972767
Initial average recall with ef=100: 0.974
Average Recall: 0.989067
Initial average recall with ef=150: 0.98993
Weighted average ef: 127.833
Training convergence-bucket 9 [74.9222, inf) with 300 queries (recall=0.98).
Average Recall: 0.990367
Initial average recall with ef=100: 0.991832
Average Recall: 0.996934
Initial average recall with ef=150: 0.997509
Weighted average ef: 93.92
Reconstructed True WAE: 192.717 (Hard Pct: 0.02)
  Avg Ef Hard (bucketed): 689.197 | Avg Ef Easy (bucketed): 182.585
Search time: 1498 ms
Search time: 1495 ms
Search time: 1491 ms
Average Recall: 0.98482
5th percentile recall: 0.95
1st percentile recall: 0.92
Median search time: 1495 ms
Search times: 1491 ms, 1495 ms, 1498 ms, 
sift10m-128-euclidean experiment results:
statisc_length, time, avg_recall, 5th_percentile_recall, 1st_percentile_recall, recall_above_99, recall_above_95, recall_above_90
1025, 1495, 0.98482, 0.95, 0.92, 614, 938, 997
Experiment finished


Dataset: gist-960-euclidean
Metric: l2
Data vectors dimensions: 1000000 x 960
Query vectors dimensions: 1000 x 960
Neighbors dimensions: 1000 x 100
Index loaded
Dimension of space:960
Data size of space:3840

--- min_queries_per_score: 0 ---

Loading samplings from /home/yc.shea/experiments/shiro-ef/sampling/gist-960-euclidean-samplings--k100-ef.bin
Samplings loaded from /home/yc.shea/experiments/shiro-ef/sampling/gist-960-euclidean-samplings--k100-ef.bin
Average Recall: 0.726243
Initial average recall with ef=100: 0.726243
Average Recall: 0.799901
Initial average recall with ef=150: 0.799903
Recall diff is too small for 1 consecutive steps, break.
Recall diff is too small for 1 consecutive steps, break.
Recall diff is too small for 1 consecutive steps, break.
Weighted average ef: 647.414
Per-bucket recall: conv_p20=36.2647 hard_recall=0.95 easy_recall=0.98
Training convergence-bucket 0 [25.3651, 33.1353) with 300 queries (recall=0.95).
Average Recall: 0.503567
Initial average recall with ef=100: 0.503567
Average Recall: 0.598533
Initial average recall with ef=150: 0.598533
Recall diff is too small for 1 consecutive steps, break.
Recall diff is too small for 1 consecutive steps, break.
Recall diff is too small for 1 consecutive steps, break.
Recall diff is too small for 1 consecutive steps, break.
Weighted average ef: 1465.3
Training convergence-bucket 1 [33.1353, 36.2647) with 300 queries (recall=0.95).
Average Recall: 0.5618
Initial average recall with ef=100: 0.5618
Average Recall: 0.6548
Initial average recall with ef=150: 0.6548
Weighted average ef: 1218.39
Training convergence-bucket 2 [36.2647, 39.2767) with 300 queries (recall=0.98).
Average Recall: 0.6292
Initial average recall with ef=100: 0.6292
Average Recall: 0.716667
Initial average recall with ef=150: 0.716667
Recall diff is too small for 1 consecutive steps, break.
Recall diff is too small for 1 consecutive steps, break.
Recall diff is too small for 1 consecutive steps, break.
Recall diff is too small for 1 consecutive steps, break.
Recall diff is too small for 1 consecutive steps, break.
Weighted average ef: 1656.66
Training convergence-bucket 3 [39.2767, 41.989) with 300 queries (recall=0.98).
Average Recall: 0.662433
Initial average recall with ef=100: 0.662433
Average Recall: 0.755067
Initial average recall with ef=150: 0.755067
Recall diff is too small for 1 consecutive steps, break.
Recall diff is too small for 1 consecutive steps, break.
Recall diff is too small for 1 consecutive steps, break.
Recall diff is too small for 1 consecutive steps, break.
Recall diff is too small for 1 consecutive steps, break.
Recall diff is too small for 1 consecutive steps, break.
Recall diff is too small for 1 consecutive steps, break.
Recall diff is too small for 1 consecutive steps, break.
Recall diff is too small for 1 consecutive steps, break.
Weighted average ef: 1243.2
Training convergence-bucket 4 [41.989, 45.0088) with 300 queries (recall=0.98).
Average Recall: 0.699867
Initial average recall with ef=100: 0.699867
Average Recall: 0.787267
Initial average recall with ef=150: 0.787267
Recall diff is too small for 1 consecutive steps, break.
Recall diff is too small for 1 consecutive steps, break.
Recall diff is too small for 1 consecutive steps, break.
Recall diff is too small for 1 consecutive steps, break.
Recall diff is too small for 1 consecutive steps, break.
Recall diff is too small for 1 consecutive steps, break.
Recall diff is too small for 1 consecutive steps, break.
Recall diff is too small for 1 consecutive steps, break.
Recall diff is too small for 1 consecutive steps, break.
Weighted average ef: 1142.57
Training convergence-bucket 5 [45.0088, 48.08) with 300 queries (recall=0.98).
Average Recall: 0.751
Initial average recall with ef=100: 0.751
Average Recall: 0.829167
Initial average recall with ef=150: 0.829167
Recall diff is too small for 1 consecutive steps, break.
Recall diff is too small for 1 consecutive steps, break.
Recall diff is too small for 1 consecutive steps, break.
Weighted average ef: 947.393
Training convergence-bucket 6 [48.08, 51.9007) with 300 queries (recall=0.98).
Average Recall: 0.781033
Initial average recall with ef=100: 0.781033
Average Recall: 0.8552
Initial average recall with ef=150: 0.8552
Recall diff is too small for 1 consecutive steps, break.
Recall diff is too small for 1 consecutive steps, break.
Recall diff is too small for 1 consecutive steps, break.
Recall diff is too small for 1 consecutive steps, break.
Recall diff is too small for 1 consecutive steps, break.
Recall diff is too small for 1 consecutive steps, break.
Recall diff is too small for 1 consecutive steps, break.
Recall diff is too small for 1 consecutive steps, break.
Weighted average ef: 718.93
Training convergence-bucket 7 [51.9007, 57.2243) with 300 queries (recall=0.98).
Average Recall: 0.826267
Initial average recall with ef=100: 0.826267
Average Recall: 0.8873
Initial average recall with ef=150: 0.8873
Recall diff is too small for 1 consecutive steps, break.
Recall diff is too small for 1 consecutive steps, break.
Recall diff is too small for 1 consecutive steps, break.
Recall diff is too small for 1 consecutive steps, break.
Recall diff is too small for 1 consecutive steps, break.
Recall diff is too small for 1 consecutive steps, break.
Recall diff is too small for 1 consecutive steps, break.
Recall diff is too small for 1 consecutive steps, break.
Recall diff is too small for 1 consecutive steps, break.
Weighted average ef: 615.25
Training convergence-bucket 8 [57.2243, 65.9373) with 300 queries (recall=0.98).
Average Recall: 0.891
Initial average recall with ef=100: 0.891
Average Recall: 0.9371
Initial average recall with ef=150: 0.9371
Recall diff is too small for 1 consecutive steps, break.
Recall diff is too small for 1 consecutive steps, break.
Recall diff is too small for 1 consecutive steps, break.
Recall diff is too small for 1 consecutive steps, break.
Recall diff is too small for 1 consecutive steps, break.
Recall diff is too small for 1 consecutive steps, break.
Weighted average ef: 370.05
Training convergence-bucket 9 [65.9373, inf) with 300 queries (recall=0.98).
Average Recall: 0.956267
Initial average recall with ef=100: 0.956267
Average Recall: 0.977933
Initial average recall with ef=150: 0.977933
Recall diff is too small for 1 consecutive steps, break.
Recall diff is too small for 1 consecutive steps, break.
Weighted average ef: 187.607
Reconstructed True WAE: 543.99 (Hard Pct: 0.0111)
  Avg Ef Hard (bucketed): 1575.65 | Avg Ef Easy (bucketed): 532.41
Search time: 8438 ms
Search time: 8424 ms
Search time: 8424 ms
Average Recall: 0.98165
5th percentile recall: 0.94
1st percentile recall: 0.91
Median search time: 8424 ms
Search times: 8424 ms, 8424 ms, 8438 ms, 
gist-960-euclidean experiment results:
statisc_length, time, avg_recall, 5th_percentile_recall, 1st_percentile_recall, recall_above_99, recall_above_95, recall_above_90
1025, 8424, 0.98165, 0.94, 0.91, 559, 888, 993
Experiment finished

--- min_queries_per_score: 1 ---

Loading samplings from /home/yc.shea/experiments/shiro-ef/sampling/gist-960-euclidean-samplings--k100-ef.bin
Samplings loaded from /home/yc.shea/experiments/shiro-ef/sampling/gist-960-euclidean-samplings--k100-ef.bin
Average Recall: 0.726243
Initial average recall with ef=100: 0.726243
Average Recall: 0.799901
Initial average recall with ef=150: 0.799903
Recall diff is too small for 1 consecutive steps, break.
Recall diff is too small for 1 consecutive steps, break.
Recall diff is too small for 1 consecutive steps, break.
Weighted average ef: 647.414
Per-bucket recall: conv_p20=36.2647 hard_recall=0.95 easy_recall=0.98
Training convergence-bucket 0 [25.3651, 33.1353) with 300 queries (recall=0.95).
Average Recall: 0.503567
Initial average recall with ef=100: 0.503567
Average Recall: 0.598533
Initial average recall with ef=150: 0.598533
Recall diff is too small for 1 consecutive steps, break.
Recall diff is too small for 1 consecutive steps, break.
Recall diff is too small for 1 consecutive steps, break.
Recall diff is too small for 1 consecutive steps, break.
Weighted average ef: 1465.3
Training convergence-bucket 1 [33.1353, 36.2647) with 300 queries (recall=0.95).
Average Recall: 0.5618
Initial average recall with ef=100: 0.5618
Average Recall: 0.6548
Initial average recall with ef=150: 0.6548
Weighted average ef: 1218.39
Training convergence-bucket 2 [36.2647, 39.2767) with 300 queries (recall=0.98).
Average Recall: 0.6292
Initial average recall with ef=100: 0.6292
Average Recall: 0.716667
Initial average recall with ef=150: 0.716667
Recall diff is too small for 1 consecutive steps, break.
Recall diff is too small for 1 consecutive steps, break.
Recall diff is too small for 1 consecutive steps, break.
Recall diff is too small for 1 consecutive steps, break.
Recall diff is too small for 1 consecutive steps, break.
Weighted average ef: 1656.66
Training convergence-bucket 3 [39.2767, 41.989) with 300 queries (recall=0.98).
Average Recall: 0.662433
Initial average recall with ef=100: 0.662433
Average Recall: 0.755067
Initial average recall with ef=150: 0.755067
Recall diff is too small for 1 consecutive steps, break.
Recall diff is too small for 1 consecutive steps, break.
Recall diff is too small for 1 consecutive steps, break.
Recall diff is too small for 1 consecutive steps, break.
Recall diff is too small for 1 consecutive steps, break.
Recall diff is too small for 1 consecutive steps, break.
Recall diff is too small for 1 consecutive steps, break.
Recall diff is too small for 1 consecutive steps, break.
Recall diff is too small for 1 consecutive steps, break.
Weighted average ef: 1243.2
Training convergence-bucket 4 [41.989, 45.0088) with 300 queries (recall=0.98).
Average Recall: 0.699867
Initial average recall with ef=100: 0.699867
Average Recall: 0.787267
Initial average recall with ef=150: 0.787267
Recall diff is too small for 1 consecutive steps, break.
Recall diff is too small for 1 consecutive steps, break.
Recall diff is too small for 1 consecutive steps, break.
Recall diff is too small for 1 consecutive steps, break.
Recall diff is too small for 1 consecutive steps, break.
Recall diff is too small for 1 consecutive steps, break.
Recall diff is too small for 1 consecutive steps, break.
Recall diff is too small for 1 consecutive steps, break.
Recall diff is too small for 1 consecutive steps, break.
Weighted average ef: 1142.57
Training convergence-bucket 5 [45.0088, 48.08) with 300 queries (recall=0.98).
Average Recall: 0.751
Initial average recall with ef=100: 0.751
Average Recall: 0.829167
Initial average recall with ef=150: 0.829167
Recall diff is too small for 1 consecutive steps, break.
Recall diff is too small for 1 consecutive steps, break.
Recall diff is too small for 1 consecutive steps, break.
Weighted average ef: 947.393
Training convergence-bucket 6 [48.08, 51.9007) with 300 queries (recall=0.98).
Average Recall: 0.781033
Initial average recall with ef=100: 0.781033
Average Recall: 0.8552
Initial average recall with ef=150: 0.8552
Recall diff is too small for 1 consecutive steps, break.
Recall diff is too small for 1 consecutive steps, break.
Recall diff is too small for 1 consecutive steps, break.
Recall diff is too small for 1 consecutive steps, break.
Recall diff is too small for 1 consecutive steps, break.
Recall diff is too small for 1 consecutive steps, break.
Recall diff is too small for 1 consecutive steps, break.
Recall diff is too small for 1 consecutive steps, break.
Weighted average ef: 718.93
Training convergence-bucket 7 [51.9007, 57.2243) with 300 queries (recall=0.98).
Average Recall: 0.826267
Initial average recall with ef=100: 0.826267
Average Recall: 0.8873
Initial average recall with ef=150: 0.8873
Recall diff is too small for 1 consecutive steps, break.
Recall diff is too small for 1 consecutive steps, break.
Recall diff is too small for 1 consecutive steps, break.
Recall diff is too small for 1 consecutive steps, break.
Recall diff is too small for 1 consecutive steps, break.
Recall diff is too small for 1 consecutive steps, break.
Recall diff is too small for 1 consecutive steps, break.
Recall diff is too small for 1 consecutive steps, break.
Recall diff is too small for 1 consecutive steps, break.
Weighted average ef: 615.25
Training convergence-bucket 8 [57.2243, 65.9373) with 300 queries (recall=0.98).
Average Recall: 0.891
Initial average recall with ef=100: 0.891
Average Recall: 0.9371
Initial average recall with ef=150: 0.9371
Recall diff is too small for 1 consecutive steps, break.
Recall diff is too small for 1 consecutive steps, break.
Recall diff is too small for 1 consecutive steps, break.
Recall diff is too small for 1 consecutive steps, break.
Recall diff is too small for 1 consecutive steps, break.
Recall diff is too small for 1 consecutive steps, break.
Weighted average ef: 370.05
Training convergence-bucket 9 [65.9373, inf) with 300 queries (recall=0.98).
Average Recall: 0.956267
Initial average recall with ef=100: 0.956267
Average Recall: 0.977933
Initial average recall with ef=150: 0.977933
Recall diff is too small for 1 consecutive steps, break.
Recall diff is too small for 1 consecutive steps, break.
Weighted average ef: 187.607
Reconstructed True WAE: 543.99 (Hard Pct: 0.0111)
  Avg Ef Hard (bucketed): 1575.65 | Avg Ef Easy (bucketed): 532.41
Search time: 8884 ms
Search time: 8776 ms
Search time: 8442 ms
Average Recall: 0.98165
5th percentile recall: 0.94
1st percentile recall: 0.91
Median search time: 8776 ms
Search times: 8442 ms, 8776 ms, 8884 ms, 
gist-960-euclidean experiment results:
statisc_length, time, avg_recall, 5th_percentile_recall, 1st_percentile_recall, recall_above_99, recall_above_95, recall_above_90
1025, 8776, 0.98165, 0.94, 0.91, 559, 888, 993
Experiment finished

--- min_queries_per_score: 3 ---

Loading samplings from /home/yc.shea/experiments/shiro-ef/sampling/gist-960-euclidean-samplings--k100-ef.bin
Samplings loaded from /home/yc.shea/experiments/shiro-ef/sampling/gist-960-euclidean-samplings--k100-ef.bin
Average Recall: 0.726243
Initial average recall with ef=100: 0.725997
Average Recall: 0.799901
Initial average recall with ef=150: 0.799863
Recall diff is too small for 1 consecutive steps, break.
Weighted average ef: 642.249
Per-bucket recall: conv_p20=36.2647 hard_recall=0.95 easy_recall=0.98
Training convergence-bucket 0 [25.3651, 33.1353) with 300 queries (recall=0.95).
Average Recall: 0.503567
Initial average recall with ef=100: 0.50189
Average Recall: 0.598533
Initial average recall with ef=150: 0.597388
Recall diff is too small for 1 consecutive steps, break.
Recall diff is too small for 1 consecutive steps, break.
Weighted average ef: 1418.12
Training convergence-bucket 1 [33.1353, 36.2647) with 300 queries (recall=0.95).
Average Recall: 0.5618
Initial average recall with ef=100: 0.562341
Average Recall: 0.6548
Initial average recall with ef=150: 0.655117
Weighted average ef: 1208.1
Training convergence-bucket 2 [36.2647, 39.2767) with 300 queries (recall=0.98).
Average Recall: 0.6292
Initial average recall with ef=100: 0.632755
Average Recall: 0.716667
Initial average recall with ef=150: 0.71932
Recall diff is too small for 1 consecutive steps, break.
Recall diff is too small for 1 consecutive steps, break.
Recall diff is too small for 1 consecutive steps, break.
Recall diff is too small for 1 consecutive steps, break.
Weighted average ef: 1584.18
Training convergence-bucket 3 [39.2767, 41.989) with 300 queries (recall=0.98).
Average Recall: 0.662433
Initial average recall with ef=100: 0.666944
Average Recall: 0.755067
Initial average recall with ef=150: 0.759444
Recall diff is too small for 1 consecutive steps, break.
Recall diff is too small for 1 consecutive steps, break.
Recall diff is too small for 1 consecutive steps, break.
Recall diff is too small for 1 consecutive steps, break.
Weighted average ef: 1164.02
Training convergence-bucket 4 [41.989, 45.0088) with 300 queries (recall=0.98).
Average Recall: 0.699867
Initial average recall with ef=100: 0.700414
Average Recall: 0.787267
Initial average recall with ef=150: 0.787862
Recall diff is too small for 1 consecutive steps, break.
Recall diff is too small for 1 consecutive steps, break.
Recall diff is too small for 1 consecutive steps, break.
Recall diff is too small for 1 consecutive steps, break.
Weighted average ef: 1099.88
Training convergence-bucket 5 [45.0088, 48.08) with 300 queries (recall=0.98).
Average Recall: 0.751
Initial average recall with ef=100: 0.753881
Average Recall: 0.829167
Initial average recall with ef=150: 0.832657
Recall diff is too small for 1 consecutive steps, break.
Recall diff is too small for 1 consecutive steps, break.
Recall diff is too small for 1 consecutive steps, break.
Weighted average ef: 843.767
Training convergence-bucket 6 [48.08, 51.9007) with 300 queries (recall=0.98).
Average Recall: 0.781033
Initial average recall with ef=100: 0.781631
Average Recall: 0.8552
Initial average recall with ef=150: 0.855816
Recall diff is too small for 1 consecutive steps, break.
Recall diff is too small for 1 consecutive steps, break.
Weighted average ef: 667.69
Training convergence-bucket 7 [51.9007, 57.2243) with 300 queries (recall=0.98).
Average Recall: 0.826267
Initial average recall with ef=100: 0.832014
Average Recall: 0.8873
Initial average recall with ef=150: 0.892266
Recall diff is too small for 1 consecutive steps, break.
Recall diff is too small for 1 consecutive steps, break.
Recall diff is too small for 1 consecutive steps, break.
Weighted average ef: 513.037
Training convergence-bucket 8 [57.2243, 65.9373) with 300 queries (recall=0.98).
Average Recall: 0.891
Initial average recall with ef=100: 0.891667
Average Recall: 0.9371
Initial average recall with ef=150: 0.937411
Recall diff is too small for 1 consecutive steps, break.
Recall diff is too small for 1 consecutive steps, break.
Weighted average ef: 320.317
Training convergence-bucket 9 [65.9373, inf) with 300 queries (recall=0.98).
Average Recall: 0.956267
Initial average recall with ef=100: 0.960601
Average Recall: 0.977933
Initial average recall with ef=150: 0.981237
Weighted average ef: 163.037
Reconstructed True WAE: 561.044 (Hard Pct: 0.0111)
  Avg Ef Hard (bucketed): 1574.95 | Avg Ef Easy (bucketed): 549.663
Search time: 8889 ms
Search time: 8864 ms
Search time: 8461 ms
Average Recall: 0.98183
5th percentile recall: 0.94
1st percentile recall: 0.91
Median search time: 8864 ms
Search times: 8461 ms, 8864 ms, 8889 ms, 
gist-960-euclidean experiment results:
statisc_length, time, avg_recall, 5th_percentile_recall, 1st_percentile_recall, recall_above_99, recall_above_95, recall_above_90
1025, 8864, 0.98183, 0.94, 0.91, 568, 889, 993
Experiment finished

--- min_queries_per_score: 5 ---

Loading samplings from /home/yc.shea/experiments/shiro-ef/sampling/gist-960-euclidean-samplings--k100-ef.bin
Samplings loaded from /home/yc.shea/experiments/shiro-ef/sampling/gist-960-euclidean-samplings--k100-ef.bin
Average Recall: 0.726243
Initial average recall with ef=100: 0.724022
Average Recall: 0.799901
Initial average recall with ef=150: 0.79836
Recall diff is too small for 1 consecutive steps, break.
Weighted average ef: 641.349
Per-bucket recall: conv_p20=36.2647 hard_recall=0.95 easy_recall=0.98
Training convergence-bucket 0 [25.3651, 33.1353) with 300 queries (recall=0.95).
Average Recall: 0.503567
Initial average recall with ef=100: 0.499532
Average Recall: 0.598533
Initial average recall with ef=150: 0.595396
Recall diff is too small for 1 consecutive steps, break.
Recall diff is too small for 1 consecutive steps, break.
Weighted average ef: 1336.37
Training convergence-bucket 1 [33.1353, 36.2647) with 300 queries (recall=0.95).
Average Recall: 0.5618
Initial average recall with ef=100: 0.556481
Average Recall: 0.6548
Initial average recall with ef=150: 0.650174
Weighted average ef: 1182.37
Training convergence-bucket 2 [36.2647, 39.2767) with 300 queries (recall=0.98).
Average Recall: 0.6292
Initial average recall with ef=100: 0.628571
Average Recall: 0.716667
Initial average recall with ef=150: 0.715092
Recall diff is too small for 1 consecutive steps, break.
Recall diff is too small for 1 consecutive steps, break.
Weighted average ef: 1493.64
Training convergence-bucket 3 [39.2767, 41.989) with 300 queries (recall=0.98).
Average Recall: 0.662433
Initial average recall with ef=100: 0.666473
Average Recall: 0.755067
Initial average recall with ef=150: 0.758691
Recall diff is too small for 1 consecutive steps, break.
Recall diff is too small for 1 consecutive steps, break.
Recall diff is too small for 1 consecutive steps, break.
Weighted average ef: 1127.71
Training convergence-bucket 4 [41.989, 45.0088) with 300 queries (recall=0.98).
Average Recall: 0.699867
Initial average recall with ef=100: 0.702597
Average Recall: 0.787267
Initial average recall with ef=150: 0.789612
Recall diff is too small for 1 consecutive steps, break.
Recall diff is too small for 1 consecutive steps, break.
Weighted average ef: 973.867
Training convergence-bucket 5 [45.0088, 48.08) with 300 queries (recall=0.98).
Average Recall: 0.751
Initial average recall with ef=100: 0.755771
Average Recall: 0.829167
Initial average recall with ef=150: 0.834982
Recall diff is too small for 1 consecutive steps, break.
Recall diff is too small for 1 consecutive steps, break.
Recall diff is too small for 1 consecutive steps, break.
Weighted average ef: 771.027
Training convergence-bucket 6 [48.08, 51.9007) with 300 queries (recall=0.98).
Average Recall: 0.781033
Initial average recall with ef=100: 0.788922
Average Recall: 0.8552
Initial average recall with ef=150: 0.862491
Recall diff is too small for 1 consecutive steps, break.
Weighted average ef: 582.407
Training convergence-bucket 7 [51.9007, 57.2243) with 300 queries (recall=0.98).
Average Recall: 0.826267
Initial average recall with ef=100: 0.829011
Average Recall: 0.8873
Initial average recall with ef=150: 0.88981
Recall diff is too small for 1 consecutive steps, break.
Recall diff is too small for 1 consecutive steps, break.
Weighted average ef: 497.777
Training convergence-bucket 8 [57.2243, 65.9373) with 300 queries (recall=0.98).
Average Recall: 0.891
Initial average recall with ef=100: 0.895076
Average Recall: 0.9371
Initial average recall with ef=150: 0.939887
Recall diff is too small for 1 consecutive steps, break.
Weighted average ef: 287.797
Training convergence-bucket 9 [65.9373, inf) with 300 queries (recall=0.98).
Average Recall: 0.956267
Initial average recall with ef=100: 0.959922
Average Recall: 0.977933
Initial average recall with ef=150: 0.980895
Weighted average ef: 149.52
Reconstructed True WAE: 493.943 (Hard Pct: 0.0111)
  Avg Ef Hard (bucketed): 1566.65 | Avg Ef Easy (bucketed): 481.903
Search time: 8493 ms
Search time: 8743 ms
Search time: 8755 ms
Average Recall: 0.98146
5th percentile recall: 0.94
1st percentile recall: 0.9
Median search time: 8743 ms
Search times: 8493 ms, 8743 ms, 8755 ms, 
gist-960-euclidean experiment results:
statisc_length, time, avg_recall, 5th_percentile_recall, 1st_percentile_recall, recall_above_99, recall_above_95, recall_above_90
1025, 8743, 0.98146, 0.94, 0.9, 565, 886, 989
Experiment finished


Dataset: tiny5m-384-euclidean
Metric: l2
Data vectors dimensions: 5000000 x 384
Query vectors dimensions: 1000 x 384
Neighbors dimensions: 1000 x 100
Index loaded
Dimension of space:384
Data size of space:1536

--- min_queries_per_score: 0 ---

Loading samplings from /home/yc.shea/experiments/shiro-ef/sampling/tiny5m-384-euclidean-samplings--k100-ef.bin
Samplings loaded from /home/yc.shea/experiments/shiro-ef/sampling/tiny5m-384-euclidean-samplings--k100-ef.bin
Average Recall: 0.64064
Initial average recall with ef=100: 0.640031
Average Recall: 0.712267
Initial average recall with ef=150: 0.711631
Recall diff is too small for 1 consecutive steps, break.
Weighted average ef: 1248.48
Per-bucket recall: conv_p20=32.7229 hard_recall=0.95 easy_recall=0.98
Training convergence-bucket 0 [19.9269, 29.1617) with 300 queries (recall=0.95).
Average Recall: 0.368333
Initial average recall with ef=100: 0.368333
Average Recall: 0.449567
Initial average recall with ef=150: 0.449567
Recall diff is too small for 1 consecutive steps, break.
Recall diff is too small for 1 consecutive steps, break.
Recall diff is too small for 1 consecutive steps, break.
Weighted average ef: 3150.07
Training convergence-bucket 1 [29.1617, 32.7229) with 300 queries (recall=0.95).
Average Recall: 0.445967
Initial average recall with ef=100: 0.445967
Average Recall: 0.527967
Initial average recall with ef=150: 0.527967
Recall diff is too small for 1 consecutive steps, break.
Recall diff is too small for 1 consecutive steps, break.
Recall diff is too small for 1 consecutive steps, break.
Weighted average ef: 2317.66
Training convergence-bucket 2 [32.7229, 35.5877) with 300 queries (recall=0.98).
Average Recall: 0.4995
Initial average recall with ef=100: 0.4995
Average Recall: 0.5833
Initial average recall with ef=150: 0.5833
Recall diff is too small for 1 consecutive steps, break.
Recall diff is too small for 1 consecutive steps, break.
Recall diff is too small for 1 consecutive steps, break.
Recall diff is too small for 1 consecutive steps, break.
Recall diff is too small for 1 consecutive steps, break.
Recall diff is too small for 1 consecutive steps, break.
Recall diff is too small for 1 consecutive steps, break.
Weighted average ef: 3370.51
Training convergence-bucket 3 [35.5877, 38.2446) with 300 queries (recall=0.98).
Average Recall: 0.5344
Initial average recall with ef=100: 0.5344
Average Recall: 0.6181
Initial average recall with ef=150: 0.6181
Recall diff is too small for 1 consecutive steps, break.
Recall diff is too small for 1 consecutive steps, break.
Recall diff is too small for 1 consecutive steps, break.
Recall diff is too small for 1 consecutive steps, break.
Recall diff is too small for 1 consecutive steps, break.
Weighted average ef: 2873.12
Training convergence-bucket 4 [38.2446, 40.8709) with 300 queries (recall=0.98).
Average Recall: 0.5937
Initial average recall with ef=100: 0.5937
Average Recall: 0.6801
Initial average recall with ef=150: 0.6801
Recall diff is too small for 1 consecutive steps, break.
Recall diff is too small for 1 consecutive steps, break.
Recall diff is too small for 1 consecutive steps, break.
Recall diff is too small for 1 consecutive steps, break.
Recall diff is too small for 1 consecutive steps, break.
Weighted average ef: 2187.09
Training convergence-bucket 5 [40.8709, 44.4111) with 300 queries (recall=0.98).
Average Recall: 0.644033
Initial average recall with ef=100: 0.644033
Average Recall: 0.722767
Initial average recall with ef=150: 0.722767
Recall diff is too small for 1 consecutive steps, break.
Recall diff is too small for 1 consecutive steps, break.
Recall diff is too small for 1 consecutive steps, break.
Recall diff is too small for 1 consecutive steps, break.
Recall diff is too small for 1 consecutive steps, break.
Recall diff is too small for 1 consecutive steps, break.
Recall diff is too small for 1 consecutive steps, break.
Recall diff is too small for 1 consecutive steps, break.
Recall diff is too small for 1 consecutive steps, break.
Recall diff is too small for 1 consecutive steps, break.
Recall diff is too small for 1 consecutive steps, break.
Weighted average ef: 1742.78
Training convergence-bucket 6 [44.4111, 48.5404) with 300 queries (recall=0.98).
Average Recall: 0.733933
Initial average recall with ef=100: 0.733933
Average Recall: 0.811133
Initial average recall with ef=150: 0.811133
Recall diff is too small for 1 consecutive steps, break.
Recall diff is too small for 1 consecutive steps, break.
Recall diff is too small for 1 consecutive steps, break.
Recall diff is too small for 1 consecutive steps, break.
Recall diff is too small for 1 consecutive steps, break.
Weighted average ef: 1020.63
Training convergence-bucket 7 [48.5404, 54.8204) with 300 queries (recall=0.98).
Average Recall: 0.788333
Initial average recall with ef=100: 0.788333
Average Recall: 0.8563
Initial average recall with ef=150: 0.8563
Recall diff is too small for 1 consecutive steps, break.
Recall diff is too small for 1 consecutive steps, break.
Recall diff is too small for 1 consecutive steps, break.
Recall diff is too small for 1 consecutive steps, break.
Recall diff is too small for 1 consecutive steps, break.
Recall diff is too small for 1 consecutive steps, break.
Recall diff is too small for 1 consecutive steps, break.
Weighted average ef: 798.257
Training convergence-bucket 8 [54.8204, 64.7424) with 300 queries (recall=0.98).
Average Recall: 0.8599
Initial average recall with ef=100: 0.857033
Average Recall: 0.911204
Initial average recall with ef=150: 0.908167
Recall diff is too small for 1 consecutive steps, break.
Recall diff is too small for 1 consecutive steps, break.
Recall diff is too small for 1 consecutive steps, break.
Recall diff is too small for 1 consecutive steps, break.
Recall diff is too small for 1 consecutive steps, break.
Recall diff is too small for 1 consecutive steps, break.
Recall diff is too small for 1 consecutive steps, break.
Recall diff is too small for 1 consecutive steps, break.
Weighted average ef: 542.387
Training convergence-bucket 9 [64.7424, inf) with 300 queries (recall=0.98).
Average Recall: 0.94104
Initial average recall with ef=100: 0.934767
Average Recall: 0.964598
Initial average recall with ef=150: 0.956855
Recall diff is too small for 1 consecutive steps, break.
Recall diff is too small for 1 consecutive steps, break.
Recall diff is too small for 1 consecutive steps, break.
Recall diff is too small for 1 consecutive steps, break.
Recall diff is too small for 1 consecutive steps, break.
Recall diff is too small for 1 consecutive steps, break.
Weighted average ef: 257.687
Reconstructed True WAE: 1069.74 (Hard Pct: 0.00823333)
  Avg Ef Hard (bucketed): 3459.23 | Avg Ef Easy (bucketed): 1049.9
Search time: 10878 ms
Search time: 10457 ms
Search time: 10435 ms
Average Recall: 0.97559
5th percentile recall: 0.93
1st percentile recall: 0.88
Median search time: 10457 ms
Search times: 10435 ms, 10457 ms, 10878 ms, 
tiny5m-384-euclidean experiment results:
statisc_length, time, avg_recall, 5th_percentile_recall, 1st_percentile_recall, recall_above_99, recall_above_95, recall_above_90
1025, 10457, 0.97559, 0.93, 0.88, 497, 849, 976
Experiment finished

--- min_queries_per_score: 1 ---

Loading samplings from /home/yc.shea/experiments/shiro-ef/sampling/tiny5m-384-euclidean-samplings--k100-ef.bin
Samplings loaded from /home/yc.shea/experiments/shiro-ef/sampling/tiny5m-384-euclidean-samplings--k100-ef.bin
Average Recall: 0.64064
Initial average recall with ef=100: 0.64013
Average Recall: 0.712267
Initial average recall with ef=150: 0.711616
Recall diff is too small for 1 consecutive steps, break.
Weighted average ef: 1248.71
Per-bucket recall: conv_p20=32.7229 hard_recall=0.95 easy_recall=0.98
Training convergence-bucket 0 [19.9269, 29.1617) with 300 queries (recall=0.95).
Average Recall: 0.368333
Initial average recall with ef=100: 0.368333
Average Recall: 0.449567
Initial average recall with ef=150: 0.449567
Recall diff is too small for 1 consecutive steps, break.
Recall diff is too small for 1 consecutive steps, break.
Recall diff is too small for 1 consecutive steps, break.
Weighted average ef: 3150.07
Training convergence-bucket 1 [29.1617, 32.7229) with 300 queries (recall=0.95).
Average Recall: 0.445967
Initial average recall with ef=100: 0.445967
Average Recall: 0.527967
Initial average recall with ef=150: 0.527967
Recall diff is too small for 1 consecutive steps, break.
Recall diff is too small for 1 consecutive steps, break.
Recall diff is too small for 1 consecutive steps, break.
Weighted average ef: 2317.66
Training convergence-bucket 2 [32.7229, 35.5877) with 300 queries (recall=0.98).
Average Recall: 0.4995
Initial average recall with ef=100: 0.4995
Average Recall: 0.5833
Initial average recall with ef=150: 0.5833
Recall diff is too small for 1 consecutive steps, break.
Recall diff is too small for 1 consecutive steps, break.
Recall diff is too small for 1 consecutive steps, break.
Recall diff is too small for 1 consecutive steps, break.
Recall diff is too small for 1 consecutive steps, break.
Recall diff is too small for 1 consecutive steps, break.
Recall diff is too small for 1 consecutive steps, break.
Weighted average ef: 3370.51
Training convergence-bucket 3 [35.5877, 38.2446) with 300 queries (recall=0.98).
Average Recall: 0.5344
Initial average recall with ef=100: 0.5344
Average Recall: 0.6181
Initial average recall with ef=150: 0.6181
Recall diff is too small for 1 consecutive steps, break.
Recall diff is too small for 1 consecutive steps, break.
Recall diff is too small for 1 consecutive steps, break.
Recall diff is too small for 1 consecutive steps, break.
Recall diff is too small for 1 consecutive steps, break.
Weighted average ef: 2873.12
Training convergence-bucket 4 [38.2446, 40.8709) with 300 queries (recall=0.98).
Average Recall: 0.5937
Initial average recall with ef=100: 0.5937
Average Recall: 0.6801
Initial average recall with ef=150: 0.6801
Recall diff is too small for 1 consecutive steps, break.
Recall diff is too small for 1 consecutive steps, break.
Recall diff is too small for 1 consecutive steps, break.
Recall diff is too small for 1 consecutive steps, break.
Recall diff is too small for 1 consecutive steps, break.
Weighted average ef: 2187.09
Training convergence-bucket 5 [40.8709, 44.4111) with 300 queries (recall=0.98).
Average Recall: 0.644033
Initial average recall with ef=100: 0.644033
Average Recall: 0.722767
Initial average recall with ef=150: 0.722767
Recall diff is too small for 1 consecutive steps, break.
Recall diff is too small for 1 consecutive steps, break.
Recall diff is too small for 1 consecutive steps, break.
Recall diff is too small for 1 consecutive steps, break.
Recall diff is too small for 1 consecutive steps, break.
Recall diff is too small for 1 consecutive steps, break.
Recall diff is too small for 1 consecutive steps, break.
Recall diff is too small for 1 consecutive steps, break.
Recall diff is too small for 1 consecutive steps, break.
Recall diff is too small for 1 consecutive steps, break.
Recall diff is too small for 1 consecutive steps, break.
Weighted average ef: 1742.78
Training convergence-bucket 6 [44.4111, 48.5404) with 300 queries (recall=0.98).
Average Recall: 0.733933
Initial average recall with ef=100: 0.733933
Average Recall: 0.811133
Initial average recall with ef=150: 0.811133
Recall diff is too small for 1 consecutive steps, break.
Recall diff is too small for 1 consecutive steps, break.
Recall diff is too small for 1 consecutive steps, break.
Recall diff is too small for 1 consecutive steps, break.
Recall diff is too small for 1 consecutive steps, break.
Weighted average ef: 1020.63
Training convergence-bucket 7 [48.5404, 54.8204) with 300 queries (recall=0.98).
Average Recall: 0.788333
Initial average recall with ef=100: 0.788333
Average Recall: 0.8563
Initial average recall with ef=150: 0.8563
Recall diff is too small for 1 consecutive steps, break.
Recall diff is too small for 1 consecutive steps, break.
Recall diff is too small for 1 consecutive steps, break.
Recall diff is too small for 1 consecutive steps, break.
Recall diff is too small for 1 consecutive steps, break.
Recall diff is too small for 1 consecutive steps, break.
Recall diff is too small for 1 consecutive steps, break.
Weighted average ef: 798.257
Training convergence-bucket 8 [54.8204, 64.7424) with 300 queries (recall=0.98).
Average Recall: 0.8599
Initial average recall with ef=100: 0.857033
Average Recall: 0.911204
Initial average recall with ef=150: 0.908167
Recall diff is too small for 1 consecutive steps, break.
Recall diff is too small for 1 consecutive steps, break.
Recall diff is too small for 1 consecutive steps, break.
Recall diff is too small for 1 consecutive steps, break.
Recall diff is too small for 1 consecutive steps, break.
Recall diff is too small for 1 consecutive steps, break.
Recall diff is too small for 1 consecutive steps, break.
Recall diff is too small for 1 consecutive steps, break.
Weighted average ef: 542.387
Training convergence-bucket 9 [64.7424, inf) with 300 queries (recall=0.98).
Average Recall: 0.94104
Initial average recall with ef=100: 0.934767
Average Recall: 0.964598
Initial average recall with ef=150: 0.956855
Recall diff is too small for 1 consecutive steps, break.
Recall diff is too small for 1 consecutive steps, break.
Recall diff is too small for 1 consecutive steps, break.
Recall diff is too small for 1 consecutive steps, break.
Recall diff is too small for 1 consecutive steps, break.
Recall diff is too small for 1 consecutive steps, break.
Weighted average ef: 257.687
Reconstructed True WAE: 1069.74 (Hard Pct: 0.00823333)
  Avg Ef Hard (bucketed): 3459.23 | Avg Ef Easy (bucketed): 1049.9
Search time: 10172 ms
Search time: 10735 ms
Search time: 10877 ms
Average Recall: 0.97559
5th percentile recall: 0.93
1st percentile recall: 0.88
Median search time: 10735 ms
Search times: 10172 ms, 10735 ms, 10877 ms, 
tiny5m-384-euclidean experiment results:
statisc_length, time, avg_recall, 5th_percentile_recall, 1st_percentile_recall, recall_above_99, recall_above_95, recall_above_90
1025, 10735, 0.97559, 0.93, 0.88, 497, 849, 976
Experiment finished

--- min_queries_per_score: 3 ---

Loading samplings from /home/yc.shea/experiments/shiro-ef/sampling/tiny5m-384-euclidean-samplings--k100-ef.bin
Samplings loaded from /home/yc.shea/experiments/shiro-ef/sampling/tiny5m-384-euclidean-samplings--k100-ef.bin
Average Recall: 0.64064
Initial average recall with ef=100: 0.639862
Average Recall: 0.712267
Initial average recall with ef=150: 0.711601
Recall diff is too small for 1 consecutive steps, break.
Weighted average ef: 1244.62
Per-bucket recall: conv_p20=32.7229 hard_recall=0.95 easy_recall=0.98
Training convergence-bucket 0 [19.9269, 29.1617) with 300 queries (recall=0.95).
Average Recall: 0.368333
Initial average recall with ef=100: 0.365034
Average Recall: 0.449567
Initial average recall with ef=150: 0.446599
Recall diff is too small for 1 consecutive steps, break.
Recall diff is too small for 1 consecutive steps, break.
Weighted average ef: 3119.55
Training convergence-bucket 1 [29.1617, 32.7229) with 300 queries (recall=0.95).
Average Recall: 0.445967
Initial average recall with ef=100: 0.444403
Average Recall: 0.527967
Initial average recall with ef=150: 0.525904
Recall diff is too small for 1 consecutive steps, break.
Weighted average ef: 2289.54
Training convergence-bucket 2 [32.7229, 35.5877) with 300 queries (recall=0.98).
Average Recall: 0.4995
Initial average recall with ef=100: 0.49848
Average Recall: 0.5833
Initial average recall with ef=150: 0.582128
Recall diff is too small for 1 consecutive steps, break.
Recall diff is too small for 1 consecutive steps, break.
Recall diff is too small for 1 consecutive steps, break.
Recall diff is too small for 1 consecutive steps, break.
Weighted average ef: 3345.51
Training convergence-bucket 3 [35.5877, 38.2446) with 300 queries (recall=0.98).
Average Recall: 0.5344
Initial average recall with ef=100: 0.531439
Average Recall: 0.6181
Initial average recall with ef=150: 0.615719
Recall diff is too small for 1 consecutive steps, break.
Recall diff is too small for 1 consecutive steps, break.
Weighted average ef: 2773.15
Training convergence-bucket 4 [38.2446, 40.8709) with 300 queries (recall=0.98).
Average Recall: 0.5937
Initial average recall with ef=100: 0.591045
Average Recall: 0.6801
Initial average recall with ef=150: 0.677282
Recall diff is too small for 1 consecutive steps, break.
Recall diff is too small for 1 consecutive steps, break.
Weighted average ef: 2112.64
Training convergence-bucket 5 [40.8709, 44.4111) with 300 queries (recall=0.98).
Average Recall: 0.644033
Initial average recall with ef=100: 0.639897
Average Recall: 0.722767
Initial average recall with ef=150: 0.719034
Recall diff is too small for 1 consecutive steps, break.
Recall diff is too small for 1 consecutive steps, break.
Recall diff is too small for 1 consecutive steps, break.
Recall diff is too small for 1 consecutive steps, break.
Recall diff is too small for 1 consecutive steps, break.
Recall diff is too small for 1 consecutive steps, break.
Recall diff is too small for 1 consecutive steps, break.
Weighted average ef: 1710.65
Training convergence-bucket 6 [44.4111, 48.5404) with 300 queries (recall=0.98).
Average Recall: 0.733933
Initial average recall with ef=100: 0.736224
Average Recall: 0.811133
Initial average recall with ef=150: 0.813601
Recall diff is too small for 1 consecutive steps, break.
Weighted average ef: 943.817
Training convergence-bucket 7 [48.5404, 54.8204) with 300 queries (recall=0.98).
Average Recall: 0.788333
Initial average recall with ef=100: 0.794565
Average Recall: 0.8563
Initial average recall with ef=150: 0.862065
Recall diff is too small for 1 consecutive steps, break.
Recall diff is too small for 1 consecutive steps, break.
Weighted average ef: 721.5
Training convergence-bucket 8 [54.8204, 64.7424) with 300 queries (recall=0.98).
Average Recall: 0.8599
Initial average recall with ef=100: 0.858755
Average Recall: 0.911204
Initial average recall with ef=150: 0.910676
Recall diff is too small for 1 consecutive steps, break.
Recall diff is too small for 1 consecutive steps, break.
Recall diff is too small for 1 consecutive steps, break.
Weighted average ef: 502.707
Training convergence-bucket 9 [64.7424, inf) with 300 queries (recall=0.98).
Average Recall: 0.94104
Initial average recall with ef=100: 0.942989
Average Recall: 0.964598
Initial average recall with ef=150: 0.963298
Recall diff is too small for 1 consecutive steps, break.
Weighted average ef: 219.8
Reconstructed True WAE: 1150.96 (Hard Pct: 0.00823333)
  Avg Ef Hard (bucketed): 3481.07 | Avg Ef Easy (bucketed): 1131.62
Search time: 10792 ms
Search time: 11017 ms
Search time: 10853 ms
Average Recall: 0.97662
5th percentile recall: 0.93
1st percentile recall: 0.88
Median search time: 10853 ms
Search times: 10792 ms, 10853 ms, 11017 ms, 
tiny5m-384-euclidean experiment results:
statisc_length, time, avg_recall, 5th_percentile_recall, 1st_percentile_recall, recall_above_99, recall_above_95, recall_above_90
1025, 10853, 0.97662, 0.93, 0.88, 519, 856, 976
Experiment finished

--- min_queries_per_score: 5 ---

Loading samplings from /home/yc.shea/experiments/shiro-ef/sampling/tiny5m-384-euclidean-samplings--k100-ef.bin
Samplings loaded from /home/yc.shea/experiments/shiro-ef/sampling/tiny5m-384-euclidean-samplings--k100-ef.bin
Average Recall: 0.64064
Initial average recall with ef=100: 0.638769
Average Recall: 0.712267
Initial average recall with ef=150: 0.710775
Recall diff is too small for 1 consecutive steps, break.
Weighted average ef: 1243.83
Per-bucket recall: conv_p20=32.7229 hard_recall=0.95 easy_recall=0.98
Training convergence-bucket 0 [19.9269, 29.1617) with 300 queries (recall=0.95).
Average Recall: 0.368333
Initial average recall with ef=100: 0.35993
Average Recall: 0.449567
Initial average recall with ef=150: 0.441603
Recall diff is too small for 1 consecutive steps, break.
Weighted average ef: 3095.43
Training convergence-bucket 1 [29.1617, 32.7229) with 300 queries (recall=0.95).
Average Recall: 0.445967
Initial average recall with ef=100: 0.440734
Average Recall: 0.527967
Initial average recall with ef=150: 0.521888
Weighted average ef: 2265.24
Training convergence-bucket 2 [32.7229, 35.5877) with 300 queries (recall=0.98).
Average Recall: 0.4995
Initial average recall with ef=100: 0.498975
Average Recall: 0.5833
Initial average recall with ef=150: 0.582898
Recall diff is too small for 1 consecutive steps, break.
Recall diff is too small for 1 consecutive steps, break.
Recall diff is too small for 1 consecutive steps, break.
Recall diff is too small for 1 consecutive steps, break.
Weighted average ef: 3203
Training convergence-bucket 3 [35.5877, 38.2446) with 300 queries (recall=0.98).
Average Recall: 0.5344
Initial average recall with ef=100: 0.531541
Average Recall: 0.6181
Initial average recall with ef=150: 0.615269
Recall diff is too small for 1 consecutive steps, break.
Recall diff is too small for 1 consecutive steps, break.
Weighted average ef: 2734.23
Training convergence-bucket 4 [38.2446, 40.8709) with 300 queries (recall=0.98).
Average Recall: 0.5937
Initial average recall with ef=100: 0.5881
Average Recall: 0.6801
Initial average recall with ef=150: 0.67448
Recall diff is too small for 1 consecutive steps, break.
Recall diff is too small for 1 consecutive steps, break.
Weighted average ef: 2081.59
Training convergence-bucket 5 [40.8709, 44.4111) with 300 queries (recall=0.98).
Average Recall: 0.644033
Initial average recall with ef=100: 0.636868
Average Recall: 0.722767
Initial average recall with ef=150: 0.716085
Recall diff is too small for 1 consecutive steps, break.
Recall diff is too small for 1 consecutive steps, break.
Recall diff is too small for 1 consecutive steps, break.
Recall diff is too small for 1 consecutive steps, break.
Recall diff is too small for 1 consecutive steps, break.
Weighted average ef: 1681.08
Training convergence-bucket 6 [44.4111, 48.5404) with 300 queries (recall=0.98).
Average Recall: 0.733933
Initial average recall with ef=100: 0.738453
Average Recall: 0.811133
Initial average recall with ef=150: 0.816377
Weighted average ef: 838.69
Training convergence-bucket 7 [48.5404, 54.8204) with 300 queries (recall=0.98).
Average Recall: 0.788333
Initial average recall with ef=100: 0.796397
Average Recall: 0.8563
Initial average recall with ef=150: 0.863603
Recall diff is too small for 1 consecutive steps, break.
Recall diff is too small for 1 consecutive steps, break.
Weighted average ef: 693.667
Training convergence-bucket 8 [54.8204, 64.7424) with 300 queries (recall=0.98).
Average Recall: 0.8599
Initial average recall with ef=100: 0.864731
Average Recall: 0.911204
Initial average recall with ef=150: 0.916346
Recall diff is too small for 1 consecutive steps, break.
Recall diff is too small for 1 consecutive steps, break.
Weighted average ef: 411.117
Training convergence-bucket 9 [64.7424, inf) with 300 queries (recall=0.98).
Average Recall: 0.94104
Initial average recall with ef=100: 0.944032
Average Recall: 0.964598
Initial average recall with ef=150: 0.963535
Recall diff is too small for 1 consecutive steps, break.
Weighted average ef: 181.61
Reconstructed True WAE: 1053.7 (Hard Pct: 0.00823333)
  Avg Ef Hard (bucketed): 3481.07 | Avg Ef Easy (bucketed): 1033.55
Search time: 11019 ms
Search time: 11025 ms
Search time: 10252 ms
Average Recall: 0.97647
5th percentile recall: 0.93
1st percentile recall: 0.88
Median search time: 11019 ms
Search times: 10252 ms, 11019 ms, 11025 ms, 
tiny5m-384-euclidean experiment results:
statisc_length, time, avg_recall, 5th_percentile_recall, 1st_percentile_recall, recall_above_99, recall_above_95, recall_above_90
1025, 11019, 0.97647, 0.93, 0.88, 522, 855, 979
Experiment finished


Dataset: msmarco
Metric: cd
Normalize the data vectors
Data vectors dimensions: 8841823 x 1536
Query vectors dimensions: 6980 x 1536
Neighbors dimensions: 6980 x 1000
Using AVX Inner Product distance
Index loaded
Dimension of space:1536
Data size of space:6144

--- min_queries_per_score: 0 ---

Loading samplings from /home/yc.shea/experiments/shiro-ef/sampling/msmarco-samplings--k1000-ef.bin
Samplings loaded from /home/yc.shea/experiments/shiro-ef/sampling/msmarco-samplings--k1000-ef.bin
Average Recall: 0.953913
Initial average recall with ef=1000: 0.953909
Average Recall: 0.973458
Initial average recall with ef=1500: 0.973451
Weighted average ef: 1379.04
Per-bucket recall: conv_p20=54.7226 hard_recall=0.95 easy_recall=0.98
Training convergence-bucket 0 [13.7411, 49.5293) with 300 queries (recall=0.95).
Average Recall: 0.86397
Initial average recall with ef=1000: 0.86397
Average Recall: 0.911523
Initial average recall with ef=1500: 0.911523
Weighted average ef: 2617.97
Training convergence-bucket 1 [49.5293, 54.7226) with 300 queries (recall=0.95).
Average Recall: 0.897813
Initial average recall with ef=1000: 0.897813
Average Recall: 0.93784
Initial average recall with ef=1500: 0.93784
Weighted average ef: 2034.65
Training convergence-bucket 2 [54.7226, 59.6962) with 300 queries (recall=0.98).
Average Recall: 0.915037
Initial average recall with ef=1000: 0.915037
Average Recall: 0.94923
Initial average recall with ef=1500: 0.94923
Weighted average ef: 3007.11
Training convergence-bucket 3 [59.6962, 69.4004) with 300 queries (recall=0.98).
Average Recall: 0.955096
Initial average recall with ef=1000: 0.955097
Average Recall: 0.976103
Initial average recall with ef=1500: 0.976103
Weighted average ef: 1952
Training convergence-bucket 4 [69.4004, 73.6055) with 300 queries (recall=0.98).
Average Recall: 0.973646
Initial average recall with ef=1000: 0.973647
Average Recall: 0.987336
Initial average recall with ef=1500: 0.987336
Recall diff is too small for 1 consecutive steps, break.
Weighted average ef: 1454.39
Training convergence-bucket 5 [73.6055, 76.8759) with 300 queries (recall=0.98).
Average Recall: 0.97901
Initial average recall with ef=1000: 0.97901
Average Recall: 0.990579
Initial average recall with ef=1500: 0.99058
Weighted average ef: 1303.67
Training convergence-bucket 6 [76.8759, 79.0543) with 300 queries (recall=0.98).
Average Recall: 0.982966
Initial average recall with ef=1000: 0.982967
Average Recall: 0.992459
Initial average recall with ef=1500: 0.99246
Weighted average ef: 1181.67
Training convergence-bucket 7 [79.0543, 80.953) with 300 queries (recall=0.98).
Average Recall: 0.987543
Initial average recall with ef=1000: 0.987543
Average Recall: 0.994896
Initial average recall with ef=1500: 0.994897
Weighted average ef: 1096.92
Training convergence-bucket 8 [80.953, 82.819) with 300 queries (recall=0.98).
Average Recall: 0.991033
Initial average recall with ef=1000: 0.991033
Average Recall: 0.996786
Initial average recall with ef=1500: 0.996787
Weighted average ef: 1047
Training convergence-bucket 9 [82.819, inf) with 300 queries (recall=0.98).
Average Recall: 0.992972
Initial average recall with ef=1000: 0.992973
Average Recall: 0.997756
Initial average recall with ef=1500: 0.997757
Weighted average ef: 1025
Reconstructed True WAE: 1205.31 (Hard Pct: 0.0271333)
  Avg Ef Hard (bucketed): 2112.5 | Avg Ef Easy (bucketed): 1180.01
Search time: 232694 ms
Search time: 233363 ms
Search time: 236827 ms
Average Recall: 0.97668
5th percentile recall: 0.911
1st percentile recall: 0.848
Median search time: 233363 ms
Search times: 232694 ms, 233363 ms, 236827 ms, 
msmarco experiment results:
statisc_length, time, avg_recall, 5th_percentile_recall, 1st_percentile_recall, recall_above_99, recall_above_95, recall_above_90
1025, 233363, 0.97668, 0.911, 0.848, 3382, 6006, 6713
Experiment finished

--- min_queries_per_score: 1 ---

Loading samplings from /home/yc.shea/experiments/shiro-ef/sampling/msmarco-samplings--k1000-ef.bin
Samplings loaded from /home/yc.shea/experiments/shiro-ef/sampling/msmarco-samplings--k1000-ef.bin
Average Recall: 0.953913
Initial average recall with ef=1000: 0.953909
Average Recall: 0.973458
Initial average recall with ef=1500: 0.973451
Weighted average ef: 1379.04
Per-bucket recall: conv_p20=54.7226 hard_recall=0.95 easy_recall=0.98
Training convergence-bucket 0 [13.7411, 49.5293) with 300 queries (recall=0.95).
Average Recall: 0.86397
Initial average recall with ef=1000: 0.86397
Average Recall: 0.911523
Initial average recall with ef=1500: 0.911523
Weighted average ef: 2617.97
Training convergence-bucket 1 [49.5293, 54.7226) with 300 queries (recall=0.95).
Average Recall: 0.897813
Initial average recall with ef=1000: 0.897813
Average Recall: 0.93784
Initial average recall with ef=1500: 0.93784
Weighted average ef: 2034.65
Training convergence-bucket 2 [54.7226, 59.6962) with 300 queries (recall=0.98).
Average Recall: 0.915037
Initial average recall with ef=1000: 0.915037
Average Recall: 0.94923
Initial average recall with ef=1500: 0.94923
Weighted average ef: 3007.11
Training convergence-bucket 3 [59.6962, 69.4004) with 300 queries (recall=0.98).
Average Recall: 0.955096
Initial average recall with ef=1000: 0.955097
Average Recall: 0.976103
Initial average recall with ef=1500: 0.976103
Weighted average ef: 1952
Training convergence-bucket 4 [69.4004, 73.6055) with 300 queries (recall=0.98).
Average Recall: 0.973646
Initial average recall with ef=1000: 0.973647
Average Recall: 0.987336
Initial average recall with ef=1500: 0.987336
Recall diff is too small for 1 consecutive steps, break.
Weighted average ef: 1454.39
Training convergence-bucket 5 [73.6055, 76.8759) with 300 queries (recall=0.98).
Average Recall: 0.97901
Initial average recall with ef=1000: 0.97901
Average Recall: 0.990579
Initial average recall with ef=1500: 0.99058
Weighted average ef: 1303.67
Training convergence-bucket 6 [76.8759, 79.0543) with 300 queries (recall=0.98).
Average Recall: 0.982966
Initial average recall with ef=1000: 0.982967
Average Recall: 0.992459
Initial average recall with ef=1500: 0.99246
Weighted average ef: 1181.67
Training convergence-bucket 7 [79.0543, 80.953) with 300 queries (recall=0.98).
Average Recall: 0.987543
Initial average recall with ef=1000: 0.987543
Average Recall: 0.994896
Initial average recall with ef=1500: 0.994897
Weighted average ef: 1096.92
Training convergence-bucket 8 [80.953, 82.819) with 300 queries (recall=0.98).
Average Recall: 0.991033
Initial average recall with ef=1000: 0.991033
Average Recall: 0.996786
Initial average recall with ef=1500: 0.996787
Weighted average ef: 1047
Training convergence-bucket 9 [82.819, inf) with 300 queries (recall=0.98).
Average Recall: 0.992972
Initial average recall with ef=1000: 0.992973
Average Recall: 0.997756
Initial average recall with ef=1500: 0.997757
Weighted average ef: 1025
Reconstructed True WAE: 1205.31 (Hard Pct: 0.0271333)
  Avg Ef Hard (bucketed): 2112.5 | Avg Ef Easy (bucketed): 1180.01
Search time: 233106 ms
Search time: 238301 ms
Search time: 235964 ms
Average Recall: 0.97668
5th percentile recall: 0.911
1st percentile recall: 0.848
Median search time: 235964 ms
Search times: 233106 ms, 235964 ms, 238301 ms, 
msmarco experiment results:
statisc_length, time, avg_recall, 5th_percentile_recall, 1st_percentile_recall, recall_above_99, recall_above_95, recall_above_90
1025, 235964, 0.97668, 0.911, 0.848, 3382, 6006, 6713
Experiment finished

--- min_queries_per_score: 3 ---

Loading samplings from /home/yc.shea/experiments/shiro-ef/sampling/msmarco-samplings--k1000-ef.bin
Samplings loaded from /home/yc.shea/experiments/shiro-ef/sampling/msmarco-samplings--k1000-ef.bin
Average Recall: 0.953913
Initial average recall with ef=1000: 0.954011
Average Recall: 0.973458
Initial average recall with ef=1500: 0.973531
Weighted average ef: 1377.23
Per-bucket recall: conv_p20=54.7226 hard_recall=0.95 easy_recall=0.98
Training convergence-bucket 0 [13.7411, 49.5293) with 300 queries (recall=0.95).
Average Recall: 0.86397
Initial average recall with ef=1000: 0.860909
Average Recall: 0.911523
Initial average recall with ef=1500: 0.909495
Weighted average ef: 2557.87
Training convergence-bucket 1 [49.5293, 54.7226) with 300 queries (recall=0.95).
Average Recall: 0.897813
Initial average recall with ef=1000: 0.894583
Average Recall: 0.93784
Initial average recall with ef=1500: 0.935738
Weighted average ef: 1954.44
Training convergence-bucket 2 [54.7226, 59.6962) with 300 queries (recall=0.98).
Average Recall: 0.915037
Initial average recall with ef=1000: 0.911511
Average Recall: 0.94923
Initial average recall with ef=1500: 0.946904
Weighted average ef: 2890.88
Training convergence-bucket 3 [59.6962, 69.4004) with 300 queries (recall=0.98).
Average Recall: 0.955096
Initial average recall with ef=1000: 0.953223
Average Recall: 0.976103
Initial average recall with ef=1500: 0.974907
Weighted average ef: 1860.85
Training convergence-bucket 4 [69.4004, 73.6055) with 300 queries (recall=0.98).
Average Recall: 0.973646
Initial average recall with ef=1000: 0.975038
Average Recall: 0.987336
Initial average recall with ef=1500: 0.988369
Weighted average ef: 1236.67
Training convergence-bucket 5 [73.6055, 76.8759) with 300 queries (recall=0.98).
Average Recall: 0.97901
Initial average recall with ef=1000: 0.978671
Average Recall: 0.990579
Initial average recall with ef=1500: 0.990466
Weighted average ef: 1231.67
Training convergence-bucket 6 [76.8759, 79.0543) with 300 queries (recall=0.98).
Average Recall: 0.982966
Initial average recall with ef=1000: 0.983896
Average Recall: 0.992459
Initial average recall with ef=1500: 0.99295
Weighted average ef: 1075
Training convergence-bucket 7 [79.0543, 80.953) with 300 queries (recall=0.98).
Average Recall: 0.987543
Initial average recall with ef=1000: 0.989697
Average Recall: 0.994896
Initial average recall with ef=1500: 0.996153
Weighted average ef: 971.667
Training convergence-bucket 8 [80.953, 82.819) with 300 queries (recall=0.98).
Average Recall: 0.991033
Initial average recall with ef=1000: 0.991553
Average Recall: 0.996786
Initial average recall with ef=1500: 0.997032
Weighted average ef: 980
Training convergence-bucket 9 [82.819, inf) with 300 queries (recall=0.98).
Average Recall: 0.992972
Initial average recall with ef=1000: 0.993832
Average Recall: 0.997756
Initial average recall with ef=1500: 0.998065
Weighted average ef: 941.667
Reconstructed True WAE: 1191.84 (Hard Pct: 0.0271333)
  Avg Ef Hard (bucketed): 2131.08 | Avg Ef Easy (bucketed): 1165.64
Search time: 238155 ms
Search time: 232110 ms
Search time: 248933 ms
Average Recall: 0.976829
5th percentile recall: 0.911
1st percentile recall: 0.853
Median search time: 238155 ms
Search times: 232110 ms, 238155 ms, 248933 ms, 
msmarco experiment results:
statisc_length, time, avg_recall, 5th_percentile_recall, 1st_percentile_recall, recall_above_99, recall_above_95, recall_above_90
1025, 238155, 0.976829, 0.911, 0.853, 3351, 5997, 6732
Experiment finished

--- min_queries_per_score: 5 ---

Loading samplings from /home/yc.shea/experiments/shiro-ef/sampling/msmarco-samplings--k1000-ef.bin
Samplings loaded from /home/yc.shea/experiments/shiro-ef/sampling/msmarco-samplings--k1000-ef.bin
Average Recall: 0.953913
Initial average recall with ef=1000: 0.954243
Average Recall: 0.973458
Initial average recall with ef=1500: 0.9737
Weighted average ef: 1367.24
Per-bucket recall: conv_p20=54.7226 hard_recall=0.95 easy_recall=0.98
Training convergence-bucket 0 [13.7411, 49.5293) with 300 queries (recall=0.95).
Average Recall: 0.86397
Initial average recall with ef=1000: 0.861985
Average Recall: 0.911523
Initial average recall with ef=1500: 0.910442
Weighted average ef: 2401.87
Training convergence-bucket 1 [49.5293, 54.7226) with 300 queries (recall=0.95).
Average Recall: 0.897813
Initial average recall with ef=1000: 0.895971
Average Recall: 0.93784
Initial average recall with ef=1500: 0.93668
Weighted average ef: 1878.33
Training convergence-bucket 2 [54.7226, 59.6962) with 300 queries (recall=0.98).
Average Recall: 0.915037
Initial average recall with ef=1000: 0.912681
Average Recall: 0.94923
Initial average recall with ef=1500: 0.948173
Weighted average ef: 2625.18
Training convergence-bucket 3 [59.6962, 69.4004) with 300 queries (recall=0.98).
Average Recall: 0.955096
Initial average recall with ef=1000: 0.952044
Average Recall: 0.976103
Initial average recall with ef=1500: 0.974345
Weighted average ef: 1714.19
Training convergence-bucket 4 [69.4004, 73.6055) with 300 queries (recall=0.98).
Average Recall: 0.973646
Initial average recall with ef=1000: 0.975012
Average Recall: 0.987336
Initial average recall with ef=1500: 0.988444
Weighted average ef: 1136.67
Training convergence-bucket 5 [73.6055, 76.8759) with 300 queries (recall=0.98).
Average Recall: 0.97901
Initial average recall with ef=1000: 0.978315
Average Recall: 0.990579
Initial average recall with ef=1500: 0.990366
Weighted average ef: 1098.33
Training convergence-bucket 6 [76.8759, 79.0543) with 300 queries (recall=0.98).
Average Recall: 0.982966
Initial average recall with ef=1000: 0.983587
Average Recall: 0.992459
Initial average recall with ef=1500: 0.992916
Weighted average ef: 917.94
Training convergence-bucket 7 [79.0543, 80.953) with 300 queries (recall=0.98).
Average Recall: 0.987543
Initial average recall with ef=1000: 0.990427
Average Recall: 0.994896
Initial average recall with ef=1500: 0.996548
Weighted average ef: 818.333
Training convergence-bucket 8 [80.953, 82.819) with 300 queries (recall=0.98).
Average Recall: 0.991033
Initial average recall with ef=1000: 0.992448
Average Recall: 0.996786
Initial average recall with ef=1500: 0.997444
Weighted average ef: 786.667
Training convergence-bucket 9 [82.819, inf) with 300 queries (recall=0.98).
Average Recall: 0.992972
Initial average recall with ef=1000: 0.994827
Average Recall: 0.997756
Initial average recall with ef=1500: 0.998473
Weighted average ef: 810
Reconstructed True WAE: 1126.34 (Hard Pct: 0.0271333)
  Avg Ef Hard (bucketed): 2106.59 | Avg Ef Easy (bucketed): 1099
Search time: 222771 ms
Search time: 227229 ms
Search time: 242602 ms
Average Recall: 0.974398
5th percentile recall: 0.903
1st percentile recall: 0.839
Median search time: 227229 ms
Search times: 222771 ms, 227229 ms, 242602 ms, 
msmarco experiment results:
statisc_length, time, avg_recall, 5th_percentile_recall, 1st_percentile_recall, recall_above_99, recall_above_95, recall_above_90
1025, 227229, 0.974398, 0.903, 0.839, 3157, 5868, 6662
Experiment finished


Dataset: cohere
Metric: cd
Normalize the data vectors
Data vectors dimensions: 18380565 x 1024
Query vectors dimensions: 1677 x 1024
Neighbors dimensions: 1677 x 1000
Using AVX Inner Product distance
Index loaded
Dimension of space:1024
Data size of space:4096

--- min_queries_per_score: 0 ---

Loading samplings from /home/yc.shea/experiments/shiro-ef/sampling/cohere-samplings--k1000-ef.bin
Samplings loaded from /home/yc.shea/experiments/shiro-ef/sampling/cohere-samplings--k1000-ef.bin
Average Recall: 0.949602
Initial average recall with ef=1000: 0.9496
Average Recall: 0.970867
Initial average recall with ef=1500: 0.970863
Recall diff is too small for 1 consecutive steps, break.
Weighted average ef: 1400.76
Per-bucket recall: conv_p20=53.6956 hard_recall=0.95 easy_recall=0.98
Training convergence-bucket 0 [7.12137, 47.2788) with 300 queries (recall=0.95).
Average Recall: 0.880264
Initial average recall with ef=1000: 0.880263
Average Recall: 0.920297
Initial average recall with ef=1500: 0.920296
Recall diff is too small for 1 consecutive steps, break.
Weighted average ef: 2541.36
Training convergence-bucket 1 [47.2788, 53.6956) with 300 queries (recall=0.95).
Average Recall: 0.892633
Initial average recall with ef=1000: 0.892633
Average Recall: 0.932667
Initial average recall with ef=1500: 0.932667
Weighted average ef: 2147.29
Training convergence-bucket 2 [53.6956, 62.295) with 300 queries (recall=0.98).
Average Recall: 0.934647
Initial average recall with ef=1000: 0.934647
Average Recall: 0.962513
Initial average recall with ef=1500: 0.962513
Weighted average ef: 2471.02
Training convergence-bucket 3 [62.295, 66.7162) with 300 queries (recall=0.98).
Average Recall: 0.95837
Initial average recall with ef=1000: 0.95837
Average Recall: 0.97782
Initial average recall with ef=1500: 0.97782
Weighted average ef: 1859.57
Training convergence-bucket 4 [66.7162, 69.9602) with 300 queries (recall=0.98).
Average Recall: 0.961089
Initial average recall with ef=1000: 0.96109
Average Recall: 0.979833
Initial average recall with ef=1500: 0.979833
Weighted average ef: 1697.66
Training convergence-bucket 5 [69.9602, 72.4964) with 300 queries (recall=0.98).
Average Recall: 0.965393
Initial average recall with ef=1000: 0.965393
Average Recall: 0.9825
Initial average recall with ef=1500: 0.9825
Weighted average ef: 1616.66
Training convergence-bucket 6 [72.4964, 74.83) with 300 queries (recall=0.98).
Average Recall: 0.97238
Initial average recall with ef=1000: 0.97238
Average Recall: 0.986429
Initial average recall with ef=1500: 0.98643
Weighted average ef: 1399.63
Training convergence-bucket 7 [74.83, 76.9645) with 300 queries (recall=0.98).
Average Recall: 0.972957
Initial average recall with ef=1000: 0.972957
Average Recall: 0.987229
Initial average recall with ef=1500: 0.98723
Weighted average ef: 1416.37
Training convergence-bucket 8 [76.9645, 79.6261) with 300 queries (recall=0.98).
Average Recall: 0.979266
Initial average recall with ef=1000: 0.979267
Average Recall: 0.990536
Initial average recall with ef=1500: 0.990537
Weighted average ef: 1280.23
Training convergence-bucket 9 [79.6261, inf) with 300 queries (recall=0.98).
Average Recall: 0.978996
Initial average recall with ef=1000: 0.978996
Average Recall: 0.988803
Initial average recall with ef=1500: 0.988803
Recall diff is too small for 1 consecutive steps, break.
Weighted average ef: 1184.23
Reconstructed True WAE: 1256.3 (Hard Pct: 0.0192333)
  Avg Ef Hard (bucketed): 2207.48 | Avg Ef Easy (bucketed): 1237.65
Search time: 54461 ms
Search time: 55553 ms
Search time: 54944 ms
Average Recall: 0.967761
5th percentile recall: 0.877
1st percentile recall: 0.724
Median search time: 54944 ms
Search times: 54461 ms, 54944 ms, 55553 ms, 
cohere experiment results:
statisc_length, time, avg_recall, 5th_percentile_recall, 1st_percentile_recall, recall_above_99, recall_above_95, recall_above_90
1025, 54944, 0.967761, 0.877, 0.724, 689, 1384, 1554
Experiment finished

--- min_queries_per_score: 1 ---

Loading samplings from /home/yc.shea/experiments/shiro-ef/sampling/cohere-samplings--k1000-ef.bin
Samplings loaded from /home/yc.shea/experiments/shiro-ef/sampling/cohere-samplings--k1000-ef.bin
Average Recall: 0.949602
Initial average recall with ef=1000: 0.9496
Average Recall: 0.970867
Initial average recall with ef=1500: 0.970863
Recall diff is too small for 1 consecutive steps, break.
Weighted average ef: 1400.76
Per-bucket recall: conv_p20=53.6956 hard_recall=0.95 easy_recall=0.98
Training convergence-bucket 0 [7.12137, 47.2788) with 300 queries (recall=0.95).
Average Recall: 0.880264
Initial average recall with ef=1000: 0.880263
Average Recall: 0.920297
Initial average recall with ef=1500: 0.920296
Recall diff is too small for 1 consecutive steps, break.
Weighted average ef: 2541.36
Training convergence-bucket 1 [47.2788, 53.6956) with 300 queries (recall=0.95).
Average Recall: 0.892633
Initial average recall with ef=1000: 0.892633
Average Recall: 0.932667
Initial average recall with ef=1500: 0.932667
Weighted average ef: 2147.29
Training convergence-bucket 2 [53.6956, 62.295) with 300 queries (recall=0.98).
Average Recall: 0.934647
Initial average recall with ef=1000: 0.934647
Average Recall: 0.962513
Initial average recall with ef=1500: 0.962513
Weighted average ef: 2471.02
Training convergence-bucket 3 [62.295, 66.7162) with 300 queries (recall=0.98).
Average Recall: 0.95837
Initial average recall with ef=1000: 0.95837
Average Recall: 0.97782
Initial average recall with ef=1500: 0.97782
Weighted average ef: 1859.57
Training convergence-bucket 4 [66.7162, 69.9602) with 300 queries (recall=0.98).
Average Recall: 0.961089
Initial average recall with ef=1000: 0.96109
Average Recall: 0.979833
Initial average recall with ef=1500: 0.979833
Weighted average ef: 1697.66
Training convergence-bucket 5 [69.9602, 72.4964) with 300 queries (recall=0.98).
Average Recall: 0.965393
Initial average recall with ef=1000: 0.965393
Average Recall: 0.9825
Initial average recall with ef=1500: 0.9825
Weighted average ef: 1616.66
Training convergence-bucket 6 [72.4964, 74.83) with 300 queries (recall=0.98).
Average Recall: 0.97238
Initial average recall with ef=1000: 0.97238
Average Recall: 0.986429
Initial average recall with ef=1500: 0.98643
Weighted average ef: 1399.63
Training convergence-bucket 7 [74.83, 76.9645) with 300 queries (recall=0.98).
Average Recall: 0.972957
Initial average recall with ef=1000: 0.972957
Average Recall: 0.987229
Initial average recall with ef=1500: 0.98723
Weighted average ef: 1416.37
Training convergence-bucket 8 [76.9645, 79.6261) with 300 queries (recall=0.98).
Average Recall: 0.979266
Initial average recall with ef=1000: 0.979267
Average Recall: 0.990536
Initial average recall with ef=1500: 0.990537
Weighted average ef: 1280.23
Training convergence-bucket 9 [79.6261, inf) with 300 queries (recall=0.98).
Average Recall: 0.978996
Initial average recall with ef=1000: 0.978996
Average Recall: 0.988803
Initial average recall with ef=1500: 0.988803
Recall diff is too small for 1 consecutive steps, break.
Weighted average ef: 1184.23
Reconstructed True WAE: 1256.3 (Hard Pct: 0.0192333)
  Avg Ef Hard (bucketed): 2207.48 | Avg Ef Easy (bucketed): 1237.65
Search time: 54832 ms
Search time: 55991 ms
Search time: 55116 ms
Average Recall: 0.967761
5th percentile recall: 0.877
1st percentile recall: 0.724
Median search time: 55116 ms
Search times: 54832 ms, 55116 ms, 55991 ms, 
cohere experiment results:
statisc_length, time, avg_recall, 5th_percentile_recall, 1st_percentile_recall, recall_above_99, recall_above_95, recall_above_90
1025, 55116, 0.967761, 0.877, 0.724, 689, 1384, 1554
Experiment finished

--- min_queries_per_score: 3 ---

Loading samplings from /home/yc.shea/experiments/shiro-ef/sampling/cohere-samplings--k1000-ef.bin
Samplings loaded from /home/yc.shea/experiments/shiro-ef/sampling/cohere-samplings--k1000-ef.bin
Average Recall: 0.949602
Initial average recall with ef=1000: 0.949743
Average Recall: 0.970867
Initial average recall with ef=1500: 0.971027
Weighted average ef: 1399.54
Per-bucket recall: conv_p20=53.6956 hard_recall=0.95 easy_recall=0.98
Training convergence-bucket 0 [7.12137, 47.2788) with 300 queries (recall=0.95).
Average Recall: 0.880264
Initial average recall with ef=1000: 0.874307
Average Recall: 0.920297
Initial average recall with ef=1500: 0.915931
Recall diff is too small for 1 consecutive steps, break.
Weighted average ef: 2448.28
Training convergence-bucket 1 [47.2788, 53.6956) with 300 queries (recall=0.95).
Average Recall: 0.892633
Initial average recall with ef=1000: 0.883615
Average Recall: 0.932667
Initial average recall with ef=1500: 0.92658
Weighted average ef: 1977.89
Training convergence-bucket 2 [53.6956, 62.295) with 300 queries (recall=0.98).
Average Recall: 0.934647
Initial average recall with ef=1000: 0.931992
Average Recall: 0.962513
Initial average recall with ef=1500: 0.960966
Weighted average ef: 2247.67
Training convergence-bucket 3 [62.295, 66.7162) with 300 queries (recall=0.98).
Average Recall: 0.95837
Initial average recall with ef=1000: 0.957904
Average Recall: 0.97782
Initial average recall with ef=1500: 0.977638
Weighted average ef: 1761.89
Training convergence-bucket 4 [66.7162, 69.9602) with 300 queries (recall=0.98).
Average Recall: 0.961089
Initial average recall with ef=1000: 0.961336
Average Recall: 0.979833
Initial average recall with ef=1500: 0.980146
Weighted average ef: 1545.46
Training convergence-bucket 5 [69.9602, 72.4964) with 300 queries (recall=0.98).
Average Recall: 0.965393
Initial average recall with ef=1000: 0.96585
Average Recall: 0.9825
Initial average recall with ef=1500: 0.982962
Weighted average ef: 1545
Training convergence-bucket 6 [72.4964, 74.83) with 300 queries (recall=0.98).
Average Recall: 0.97238
Initial average recall with ef=1000: 0.973655
Average Recall: 0.986429
Initial average recall with ef=1500: 0.987525
Weighted average ef: 1299.79
Training convergence-bucket 7 [74.83, 76.9645) with 300 queries (recall=0.98).
Average Recall: 0.972957
Initial average recall with ef=1000: 0.973571
Average Recall: 0.987229
Initial average recall with ef=1500: 0.987721
Weighted average ef: 1333.33
Training convergence-bucket 8 [76.9645, 79.6261) with 300 queries (recall=0.98).
Average Recall: 0.979266
Initial average recall with ef=1000: 0.981312
Average Recall: 0.990536
Initial average recall with ef=1500: 0.991888
Weighted average ef: 1171.67
Training convergence-bucket 9 [79.6261, inf) with 300 queries (recall=0.98).
Average Recall: 0.978996
Initial average recall with ef=1000: 0.983149
Average Recall: 0.988803
Initial average recall with ef=1500: 0.992287
Weighted average ef: 1055
Reconstructed True WAE: 1325.43 (Hard Pct: 0.0192333)
  Avg Ef Hard (bucketed): 2242.81 | Avg Ef Easy (bucketed): 1307.44
Search time: 55985 ms
Search time: 56298 ms
Search time: 56179 ms
Average Recall: 0.968477
5th percentile recall: 0.877
1st percentile recall: 0.717
Median search time: 56179 ms
Search times: 55985 ms, 56179 ms, 56298 ms, 
cohere experiment results:
statisc_length, time, avg_recall, 5th_percentile_recall, 1st_percentile_recall, recall_above_99, recall_above_95, recall_above_90
1025, 56179, 0.968477, 0.877, 0.717, 709, 1393, 1559
Experiment finished

--- min_queries_per_score: 5 ---

Loading samplings from /home/yc.shea/experiments/shiro-ef/sampling/cohere-samplings--k1000-ef.bin
Samplings loaded from /home/yc.shea/experiments/shiro-ef/sampling/cohere-samplings--k1000-ef.bin
Average Recall: 0.949602
Initial average recall with ef=1000: 0.949699
Average Recall: 0.970867
Initial average recall with ef=1500: 0.97099
Weighted average ef: 1397.51
Per-bucket recall: conv_p20=53.6956 hard_recall=0.95 easy_recall=0.98
Training convergence-bucket 0 [7.12137, 47.2788) with 300 queries (recall=0.95).
Average Recall: 0.880264
Initial average recall with ef=1000: 0.868714
Average Recall: 0.920297
Initial average recall with ef=1500: 0.912105
Recall diff is too small for 1 consecutive steps, break.
Weighted average ef: 2292.51
Training convergence-bucket 1 [47.2788, 53.6956) with 300 queries (recall=0.95).
Average Recall: 0.892633
Initial average recall with ef=1000: 0.878242
Average Recall: 0.932667
Initial average recall with ef=1500: 0.923828
Weighted average ef: 1700.07
Training convergence-bucket 2 [53.6956, 62.295) with 300 queries (recall=0.98).
Average Recall: 0.934647
Initial average recall with ef=1000: 0.927181
Average Recall: 0.962513
Initial average recall with ef=1500: 0.957819
Weighted average ef: 2013.99
Training convergence-bucket 3 [62.295, 66.7162) with 300 queries (recall=0.98).
Average Recall: 0.95837
Initial average recall with ef=1000: 0.956354
Average Recall: 0.97782
Initial average recall with ef=1500: 0.976735
Weighted average ef: 1580.35
Training convergence-bucket 4 [66.7162, 69.9602) with 300 queries (recall=0.98).
Average Recall: 0.961089
Initial average recall with ef=1000: 0.965082
Average Recall: 0.979833
Initial average recall with ef=1500: 0.982762
Weighted average ef: 1311.58
Training convergence-bucket 5 [69.9602, 72.4964) with 300 queries (recall=0.98).
Average Recall: 0.965393
Initial average recall with ef=1000: 0.966643
Average Recall: 0.9825
Initial average recall with ef=1500: 0.983752
Weighted average ef: 1250.16
Training convergence-bucket 6 [72.4964, 74.83) with 300 queries (recall=0.98).
Average Recall: 0.97238
Initial average recall with ef=1000: 0.974203
Average Recall: 0.986429
Initial average recall with ef=1500: 0.987789
Weighted average ef: 1116.97
Training convergence-bucket 7 [74.83, 76.9645) with 300 queries (recall=0.98).
Average Recall: 0.972957
Initial average recall with ef=1000: 0.974958
Average Recall: 0.987229
Initial average recall with ef=1500: 0.988556
Weighted average ef: 1185
Training convergence-bucket 8 [76.9645, 79.6261) with 300 queries (recall=0.98).
Average Recall: 0.979266
Initial average recall with ef=1000: 0.981656
Average Recall: 0.990536
Initial average recall with ef=1500: 0.992151
Weighted average ef: 1058.33
Training convergence-bucket 9 [79.6261, inf) with 300 queries (recall=0.98).
Average Recall: 0.978996
Initial average recall with ef=1000: 0.984367
Average Recall: 0.988803
Initial average recall with ef=1500: 0.992915
Weighted average ef: 903.333
Reconstructed True WAE: 1321.94 (Hard Pct: 0.0192333)
  Avg Ef Hard (bucketed): 2264.78 | Avg Ef Easy (bucketed): 1303.45
Search time: 55773 ms
Search time: 56427 ms
Search time: 56608 ms
Average Recall: 0.96855
5th percentile recall: 0.879
1st percentile recall: 0.723
Median search time: 56427 ms
Search times: 55773 ms, 56427 ms, 56608 ms, 
cohere experiment results:
statisc_length, time, avg_recall, 5th_percentile_recall, 1st_percentile_recall, recall_above_99, recall_above_95, recall_above_90
1025, 56427, 0.96855, 0.879, 0.723, 714, 1390, 1558
Experiment finished
