Starting experiments for Shiro-ef hnswdis library...


EXPERIMENTS_ROOT: /opt/nfs_dcc/experiments/shiro-ef
Dataset: deep-image-96-angular
[Query vectors] rows: 10000, cols: 96
[Data vectors]  rows: 9990000, cols: 96
[Neighbors] rows: 10000, cols: 100
Using AVX Inner Product distance
Index built in 2215192 ms
First 1k Data Points Recall: 0.927
Last 1k Data Points Recall: 0.982
The index have been saved to: /opt/nfs_dcc/experiments/shiro-ef/index/deep-image-96-angular-M16-efc-500-parallel.hnsw
Dataset: glove-100-angular
[Query vectors] rows: 10000, cols: 100
[Data vectors]  rows: 1183514, cols: 100
[Neighbors] rows: 10000, cols: 100
Using AVX Inner Product distance
Index built in 251147 ms
First 1k Data Points Recall: 0.718
Last 1k Data Points Recall: 0.821
The index have been saved to: /opt/nfs_dcc/experiments/shiro-ef/index/glove-100-angular-M16-efc-500-parallel.hnsw
Dataset: word2vec-300-angular
[Query vectors] rows: 1000, cols: 300
[Data vectors]  rows: 1000000, cols: 300
[Neighbors] rows: 1000, cols: 100
Using AVX Inner Product distance
Index built in 322384 ms
First 1k Data Points Recall: 0.785
Last 1k Data Points Recall: 0.834
The index have been saved to: /opt/nfs_dcc/experiments/shiro-ef/index/word2vec-300-angular-M16-efc-500-parallel.hnsw
Dataset: sift10m-128-euclidean
[Query vectors] rows: 1000, cols: 128
[Data vectors]  rows: 10000000, cols: 128
[Neighbors] rows: 1000, cols: 100
Index built in 2560158 ms
First 1k Data Points Recall: 0.966
Last 1k Data Points Recall: 0.997
The index have been saved to: /opt/nfs_dcc/experiments/shiro-ef/index/sift10m-128-euclidean-M16-efc-500-parallel.hnsw
Dataset: gist-960-euclidean
[Query vectors] rows: 1000, cols: 960
[Data vectors]  rows: 1000000, cols: 960
[Neighbors] rows: 1000, cols: 100
Index built in 811416 ms
First 1k Data Points Recall: 0.559
Last 1k Data Points Recall: 0.62
The index have been saved to: /opt/nfs_dcc/experiments/shiro-ef/index/gist-960-euclidean-M16-efc-500-parallel.hnsw
Dataset: tiny5m-384-euclidean
[Query vectors] rows: 1000, cols: 384
[Data vectors]  rows: 5000000, cols: 384
[Neighbors] rows: 1000, cols: 100
Index built in 2917684 ms
First 1k Data Points Recall: 0.441
Last 1k Data Points Recall: 0.679
The index have been saved to: /opt/nfs_dcc/experiments/shiro-ef/index/tiny5m-384-euclidean-M16-efc-500-parallel.hnsw
Dataset: msmarco
[Query vectors] rows: 6980, cols: 1536
[Data vectors]  rows: 8841823, cols: 1536
[Neighbors] rows: 6980, cols: 1000
Using AVX Inner Product distance
Index built in 8621374 ms
First 1k Data Points Recall: 0.986
Last 1k Data Points Recall: 0.975
The index have been saved to: /opt/nfs_dcc/experiments/shiro-ef/index/msmarco-M16-efc-500-parallel.hnsw
Dataset: cluster_mg_uniform_100d
[Query vectors] rows: 10000, cols: 100
[Data vectors]  rows: 10000000, cols: 100
[Neighbors] rows: 10000, cols: 1000
Using AVX Inner Product distance
Index built in 1148939 ms
First 1k Data Points Recall: 0.867
Last 1k Data Points Recall: 0.876
The index have been saved to: /opt/nfs_dcc/experiments/shiro-ef/index/cluster_mg_uniform_100d-M16-efc-500-parallel.hnsw
Dataset: cluster_mg_zipf_100d
[Query vectors] rows: 10000, cols: 100
[Data vectors]  rows: 10000000, cols: 100
[Neighbors] rows: 10000, cols: 1000
Using AVX Inner Product distance
Index built in 2150235 ms
First 1k Data Points Recall: 0.576
Last 1k Data Points Recall: 0.707
The index have been saved to: /opt/nfs_dcc/experiments/shiro-ef/index/cluster_mg_zipf_100d-M16-efc-500-parallel.hnsw
Starting offline experiments...


Dataset: deep-image-96-angular
Metric: cd
Truncation ratio: 0.5
Normalize the data vectors
Data vectors dimensions: 9990000 x 96
Query vectors dimensions: 10000 x 96
Neighbors dimensions: 10000 x 100
Using AVX Inner Product distance
Index loaded
Dimension of space:96
Data size of space:384
Ground truth computed in 183883 ms
Sampling computing time: 194637 ms
Loading samplings from /opt/nfs_dcc/experiments/shiro-ef/sampling/deep-image-96-angular-samplings--k100-ef.bin
Samplings loaded from /opt/nfs_dcc/experiments/shiro-ef/sampling/deep-image-96-angular-samplings--k100-ef.bin
Average Recall: 0.832827
Initial average recall with ef=100: 0.833511
Average Recall: 0.881806
Initial average recall with ef=150: 0.882422
Weighted average ef: 388.604
EF-estimation table computing time: 11659 ms
Training convergence-bucket 0 [26.0075, 43.8954) with 200 queries.
Average Recall: 0.6188
Initial average recall with ef=100: 0.619577
Average Recall: 0.69815
Initial average recall with ef=150: 0.699153
Recall diff is too small for 1 consecutive steps, break.
Weighted average ef: 942.05
Training convergence-bucket 1 [43.8954, 48.0468) with 200 queries.
Average Recall: 0.6381
Initial average recall with ef=100: 0.628895
Average Recall: 0.71965
Initial average recall with ef=150: 0.711713
Recall diff is too small for 1 consecutive steps, break.
Weighted average ef: 863.62
Training convergence-bucket 2 [48.0468, 54.2325) with 200 queries.
Average Recall: 0.721
Initial average recall with ef=100: 0.722033
Average Recall: 0.7971
Initial average recall with ef=150: 0.796593
Recall diff is too small for 1 consecutive steps, break.
Recall diff is too small for 1 consecutive steps, break.
Weighted average ef: 564.53
Training convergence-bucket 3 [54.2325, 58.2147) with 200 queries.
Average Recall: 0.8097
Initial average recall with ef=100: 0.805435
Average Recall: 0.87235
Initial average recall with ef=150: 0.869185
Recall diff is too small for 1 consecutive steps, break.
Weighted average ef: 327.14
Training convergence-bucket 4 [58.2147, 61.9856) with 200 queries.
Average Recall: 0.84295
Initial average recall with ef=100: 0.840924
Average Recall: 0.8986
Initial average recall with ef=150: 0.896793
Weighted average ef: 267.03
Training convergence-bucket 5 [61.9856, 65.8844) with 200 queries.
Average Recall: 0.88385
Initial average recall with ef=100: 0.885323
Average Recall: 0.9313
Initial average recall with ef=150: 0.932365
Recall diff is too small for 1 consecutive steps, break.
Weighted average ef: 196.535
Training convergence-bucket 6 [65.8844, 69.7634) with 200 queries.
Average Recall: 0.9161
Initial average recall with ef=100: 0.919553
Average Recall: 0.95205
Initial average recall with ef=150: 0.955084
Weighted average ef: 150.75
Training convergence-bucket 7 [69.7634, 74.0583) with 200 queries.
Average Recall: 0.95215
Initial average recall with ef=100: 0.952963
Average Recall: 0.97535
Initial average recall with ef=150: 0.976191
Weighted average ef: 115.375
Training convergence-bucket 8 [74.0583, 79.2991) with 200 queries.
Average Recall: 0.96275
Initial average recall with ef=100: 0.96492
Average Recall: 0.98315
Initial average recall with ef=150: 0.985027
Weighted average ef: 104.5
Training convergence-bucket 9 [79.2991, inf) with 200 queries.
Average Recall: 0.9829
Initial average recall with ef=100: 0.984162
Average Recall: 0.9904
Initial average recall with ef=150: 0.990973
Weighted average ef: 93.25
Reconstructed True WAE: 250.605 (Hard Pct: 0.0208)

Dataset: glove-100-angular
Metric: cd
Truncation ratio: 0.5
Normalize the data vectors
Data vectors dimensions: 1183514 x 100
Query vectors dimensions: 10000 x 100
Neighbors dimensions: 10000 x 100
Using AVX Inner Product distance
Index loaded
Dimension of space:100
Data size of space:400
Ground truth computed in 18131 ms
Sampling computing time: 28552 ms
Loading samplings from /opt/nfs_dcc/experiments/shiro-ef/sampling/glove-100-angular-samplings--k100-ef.bin
Samplings loaded from /opt/nfs_dcc/experiments/shiro-ef/sampling/glove-100-angular-samplings--k100-ef.bin
Average Recall: 0.740274
Initial average recall with ef=100: 0.739342
Average Recall: 0.783474
Initial average recall with ef=150: 0.782607
Recall diff is too small for 1 consecutive steps, break.
Recall diff is too small for 1 consecutive steps, break.
Recall diff is too small for 1 consecutive steps, break.
Recall diff is too small for 1 consecutive steps, break.
Weighted average ef: 1445.06
EF-estimation table computing time: 25081 ms
Training convergence-bucket 0 [16.463, 33.7761) with 200 queries.
Average Recall: 0.469
Initial average recall with ef=100: 0.452324
Average Recall: 0.5201
Initial average recall with ef=150: 0.504108
Recall diff is too small for 1 consecutive steps, break.
Recall diff is too small for 1 consecutive steps, break.
Weighted average ef: 4022.88
Training convergence-bucket 1 [33.7761, 41.0899) with 200 queries.
Average Recall: 0.491055
Initial average recall with ef=100: 0.483333
Average Recall: 0.547236
Initial average recall with ef=150: 0.53963
Recall diff is too small for 1 consecutive steps, break.
Recall diff is too small for 1 consecutive steps, break.
Weighted average ef: 3484.56
Training convergence-bucket 2 [41.0899, 46.8379) with 200 queries.
Average Recall: 0.55415
Initial average recall with ef=100: 0.540778
Average Recall: 0.61165
Initial average recall with ef=150: 0.598667
Recall diff is too small for 1 consecutive steps, break.
Recall diff is too small for 1 consecutive steps, break.
Recall diff is too small for 1 consecutive steps, break.
Recall diff is too small for 1 consecutive steps, break.
Weighted average ef: 2774.24
Training convergence-bucket 3 [46.8379, 52.16) with 200 queries.
Average Recall: 0.6619
Initial average recall with ef=100: 0.651167
Average Recall: 0.72235
Initial average recall with ef=150: 0.713222
Weighted average ef: 1690.87
Training convergence-bucket 4 [52.16, 57.5932) with 200 queries.
Average Recall: 0.7206
Initial average recall with ef=100: 0.717778
Average Recall: 0.77625
Initial average recall with ef=150: 0.773055
Recall diff is too small for 1 consecutive steps, break.
Weighted average ef: 1129.4
Training convergence-bucket 5 [57.5932, 62.6179) with 200 queries.
Average Recall: 0.8243
Initial average recall with ef=100: 0.822804
Average Recall: 0.87345
Initial average recall with ef=150: 0.871005
Weighted average ef: 581.99
Training convergence-bucket 6 [62.6179, 67.9612) with 200 queries.
Average Recall: 0.8636
Initial average recall with ef=100: 0.854943
Average Recall: 0.9032
Initial average recall with ef=150: 0.896591
Recall diff is too small for 1 consecutive steps, break.
Weighted average ef: 364.325
Training convergence-bucket 7 [67.9612, 73.0703) with 200 queries.
Average Recall: 0.90545
Initial average recall with ef=100: 0.9125
Average Recall: 0.9339
Initial average recall with ef=150: 0.942439
Weighted average ef: 197.65
Training convergence-bucket 8 [73.0703, 78.3455) with 200 queries.
Average Recall: 0.943601
Initial average recall with ef=100: 0.94267
Average Recall: 0.9657
Initial average recall with ef=150: 0.965079
Weighted average ef: 162.59
Training convergence-bucket 9 [78.3455, inf) with 200 queries.
Average Recall: 0.967851
Initial average recall with ef=100: 0.97095
Average Recall: 0.97975
Initial average recall with ef=150: 0.982905
Weighted average ef: 119.905
Reconstructed True WAE: 1341.46 (Hard Pct: 0.0065)

Dataset: word2vec-300-angular
Metric: cd
Truncation ratio: 0.5
Normalize the data vectors
Data vectors dimensions: 1000000 x 300
Query vectors dimensions: 1000 x 300
Neighbors dimensions: 1000 x 100
Using AVX Inner Product distance
Index loaded
Dimension of space:300
Data size of space:1200
Ground truth computed in 35298 ms
Sampling computing time: 49446 ms
Loading samplings from /opt/nfs_dcc/experiments/shiro-ef/sampling/word2vec-300-angular-samplings--k100-ef.bin
Samplings loaded from /opt/nfs_dcc/experiments/shiro-ef/sampling/word2vec-300-angular-samplings--k100-ef.bin
Average Recall: 0.823151
Initial average recall with ef=100: 0.82403
Average Recall: 0.869401
Initial average recall with ef=150: 0.870276
Weighted average ef: 429.833
EF-estimation table computing time: 15728 ms
Training convergence-bucket 0 [17.3626, 42.1819) with 200 queries.
Average Recall: 0.5901
Initial average recall with ef=100: 0.599355
Average Recall: 0.66845
Initial average recall with ef=150: 0.678333
Recall diff is too small for 1 consecutive steps, break.
Recall diff is too small for 1 consecutive steps, break.
Weighted average ef: 868.505
Training convergence-bucket 1 [42.1819, 45.894) with 200 queries.
Average Recall: 0.63195
Initial average recall with ef=100: 0.636409
Average Recall: 0.71825
Initial average recall with ef=150: 0.722873
Recall diff is too small for 1 consecutive steps, break.
Weighted average ef: 803.32
Training convergence-bucket 2 [45.894, 52.1049) with 200 queries.
Average Recall: 0.6673
Initial average recall with ef=100: 0.658462
Average Recall: 0.73735
Initial average recall with ef=150: 0.730604
Recall diff is too small for 1 consecutive steps, break.
Recall diff is too small for 1 consecutive steps, break.
Recall diff is too small for 1 consecutive steps, break.
Weighted average ef: 781.545
Training convergence-bucket 3 [52.1049, 58.8628) with 200 queries.
Average Recall: 0.7934
Initial average recall with ef=100: 0.792768
Average Recall: 0.8508
Initial average recall with ef=150: 0.851525
Recall diff is too small for 1 consecutive steps, break.
Recall diff is too small for 1 consecutive steps, break.
Recall diff is too small for 1 consecutive steps, break.
Recall diff is too small for 1 consecutive steps, break.
Weighted average ef: 495.95
Training convergence-bucket 4 [58.8628, 64.0561) with 200 queries.
Average Recall: 0.85905
Initial average recall with ef=100: 0.856687
Average Recall: 0.90425
Initial average recall with ef=150: 0.904458
Weighted average ef: 255.955
Training convergence-bucket 5 [64.0561, 68.1161) with 200 queries.
Average Recall: 0.8934
Initial average recall with ef=100: 0.888883
Average Recall: 0.93185
Initial average recall with ef=150: 0.92905
Weighted average ef: 222.85
Training convergence-bucket 6 [68.1161, 71.116) with 200 queries.
Average Recall: 0.91845
Initial average recall with ef=100: 0.920471
Average Recall: 0.9495
Initial average recall with ef=150: 0.950647
Weighted average ef: 157.605
Training convergence-bucket 7 [71.116, 74.5257) with 200 queries.
Average Recall: 0.94465
Initial average recall with ef=100: 0.94422
Average Recall: 0.9699
Initial average recall with ef=150: 0.970174
Weighted average ef: 124.555
Training convergence-bucket 8 [74.5257, 77.8442) with 200 queries.
Average Recall: 0.957251
Initial average recall with ef=100: 0.958976
Average Recall: 0.97635
Initial average recall with ef=150: 0.978253
Weighted average ef: 94.34
Training convergence-bucket 9 [77.8442, inf) with 200 queries.
Average Recall: 0.976001
Initial average recall with ef=100: 0.97814
Average Recall: 0.98735
Initial average recall with ef=150: 0.988837
Weighted average ef: 92.5
Reconstructed True WAE: 290.549 (Hard Pct: 0.02435)

Dataset: sift10m-128-euclidean
Metric: l2
Truncation ratio: 0.5
Data vectors dimensions: 10000000 x 128
Query vectors dimensions: 1000 x 128
Neighbors dimensions: 1000 x 100
Index loaded
Dimension of space:128
Data size of space:512
Ground truth computed in 221275 ms
Sampling computing time: 232865 ms
Loading samplings from /opt/nfs_dcc/experiments/shiro-ef/sampling/sift10m-128-euclidean-samplings--k100-ef.bin
Samplings loaded from /opt/nfs_dcc/experiments/shiro-ef/sampling/sift10m-128-euclidean-samplings--k100-ef.bin
Average Recall: 0.853566
Initial average recall with ef=100: 0.853951
Average Recall: 0.901071
Initial average recall with ef=150: 0.901442
Recall diff is too small for 1 consecutive steps, break.
Weighted average ef: 304.436
EF-estimation table computing time: 11225 ms
Training convergence-bucket 0 [24.3126, 48.7863) with 200 queries.
Average Recall: 0.6612
Initial average recall with ef=100: 0.659278
Average Recall: 0.7388
Initial average recall with ef=150: 0.73732
Weighted average ef: 745.875
Training convergence-bucket 1 [48.7863, 52.4761) with 200 queries.
Average Recall: 0.6924
Initial average recall with ef=100: 0.691368
Average Recall: 0.76975
Initial average recall with ef=150: 0.769105
Weighted average ef: 584.84
Training convergence-bucket 2 [52.4761, 57.9109) with 200 queries.
Average Recall: 0.77475
Initial average recall with ef=100: 0.772169
Average Recall: 0.84375
Initial average recall with ef=150: 0.841958
Weighted average ef: 391.45
Training convergence-bucket 3 [57.9109, 61.4362) with 200 queries.
Average Recall: 0.8315
Initial average recall with ef=100: 0.830368
Average Recall: 0.89185
Initial average recall with ef=150: 0.891368
Weighted average ef: 279.615
Training convergence-bucket 4 [61.4362, 64.6833) with 200 queries.
Average Recall: 0.8578
Initial average recall with ef=100: 0.853549
Average Recall: 0.91165
Initial average recall with ef=150: 0.908441
Weighted average ef: 240.945
Training convergence-bucket 5 [64.6833, 67.8068) with 200 queries.
Average Recall: 0.8959
Initial average recall with ef=100: 0.895465
Average Recall: 0.9401
Initial average recall with ef=150: 0.940273
Weighted average ef: 178.795
Training convergence-bucket 6 [67.8068, 71.3931) with 200 queries.
Average Recall: 0.92055
Initial average recall with ef=100: 0.922043
Average Recall: 0.95755
Initial average recall with ef=150: 0.958925
Weighted average ef: 144
Training convergence-bucket 7 [71.3931, 74.6687) with 200 queries.
Average Recall: 0.946101
Initial average recall with ef=100: 0.947077
Average Recall: 0.975601
Initial average recall with ef=150: 0.976564
Weighted average ef: 123.25
Training convergence-bucket 8 [74.6687, 78.8065) with 200 queries.
Average Recall: 0.96695
Initial average recall with ef=100: 0.97129
Average Recall: 0.98555
Initial average recall with ef=150: 0.988172
Weighted average ef: 98.25
Training convergence-bucket 9 [78.8065, inf) with 200 queries.
Average Recall: 0.98855
Initial average recall with ef=100: 0.991492
Average Recall: 0.99615
Initial average recall with ef=150: 0.997403
Weighted average ef: 90.5
Reconstructed True WAE: 215.182 (Hard Pct: 0.01945)

Dataset: gist-960-euclidean
Metric: l2
Truncation ratio: 0.5
Data vectors dimensions: 1000000 x 960
Query vectors dimensions: 1000 x 960
Neighbors dimensions: 1000 x 100
Index loaded
Dimension of space:960
Data size of space:3840
Ground truth computed in 91231 ms
Sampling computing time: 117459 ms
Loading samplings from /opt/nfs_dcc/experiments/shiro-ef/sampling/gist-960-euclidean-samplings--k100-ef.bin
Samplings loaded from /opt/nfs_dcc/experiments/shiro-ef/sampling/gist-960-euclidean-samplings--k100-ef.bin
Average Recall: 0.730425
Initial average recall with ef=100: 0.729425
Average Recall: 0.803664
Initial average recall with ef=150: 0.803058
Recall diff is too small for 1 consecutive steps, break.
Recall diff is too small for 1 consecutive steps, break.
Weighted average ef: 623.607
EF-estimation table computing time: 54547 ms
Training convergence-bucket 0 [27.496, 38.282) with 200 queries.
Average Recall: 0.51415
Initial average recall with ef=100: 0.509037
Average Recall: 0.61375
Initial average recall with ef=150: 0.60877
Weighted average ef: 1424.39
Training convergence-bucket 1 [38.282, 42.302) with 200 queries.
Average Recall: 0.54825
Initial average recall with ef=100: 0.544599
Average Recall: 0.64625
Initial average recall with ef=150: 0.644064
Weighted average ef: 1125.79
Training convergence-bucket 2 [42.302, 45.7928) with 200 queries.
Average Recall: 0.62725
Initial average recall with ef=100: 0.62974
Average Recall: 0.71725
Initial average recall with ef=150: 0.718177
Recall diff is too small for 1 consecutive steps, break.
Recall diff is too small for 1 consecutive steps, break.
Weighted average ef: 820.34
Training convergence-bucket 3 [45.7928, 48.8174) with 200 queries.
Average Recall: 0.6612
Initial average recall with ef=100: 0.661344
Average Recall: 0.75805
Initial average recall with ef=150: 0.758602
Recall diff is too small for 1 consecutive steps, break.
Weighted average ef: 629.3
Training convergence-bucket 4 [48.8174, 51.4343) with 200 queries.
Average Recall: 0.71075
Initial average recall with ef=100: 0.713299
Average Recall: 0.7939
Initial average recall with ef=150: 0.797165
Weighted average ef: 516.59
Training convergence-bucket 5 [51.4343, 54.8481) with 200 queries.
Average Recall: 0.73765
Initial average recall with ef=100: 0.729613
Average Recall: 0.81295
Initial average recall with ef=150: 0.805635
Recall diff is too small for 1 consecutive steps, break.
Weighted average ef: 527.8
Training convergence-bucket 6 [54.8481, 59.3783) with 200 queries.
Average Recall: 0.78745
Initial average recall with ef=100: 0.787
Average Recall: 0.8582
Initial average recall with ef=150: 0.858444
Weighted average ef: 329.55
Training convergence-bucket 7 [59.3783, 64.796) with 200 queries.
Average Recall: 0.84785
Initial average recall with ef=100: 0.84827
Average Recall: 0.9034
Initial average recall with ef=150: 0.903892
Weighted average ef: 258.5
Training convergence-bucket 8 [64.796, 71.7515) with 200 queries.
Average Recall: 0.90955
Initial average recall with ef=100: 0.908518
Average Recall: 0.95115
Initial average recall with ef=150: 0.950635
Weighted average ef: 168.725
Training convergence-bucket 9 [71.7515, inf) with 200 queries.
Average Recall: 0.96015
Initial average recall with ef=100: 0.959945
Average Recall: 0.98175
Initial average recall with ef=150: 0.982363
Weighted average ef: 109.345
Reconstructed True WAE: 517.02 (Hard Pct: 0.0111)

Dataset: tiny5m-384-euclidean
Metric: l2
Truncation ratio: 0.5
Data vectors dimensions: 5000000 x 384
Query vectors dimensions: 1000 x 384
Neighbors dimensions: 1000 x 100
Index loaded
Dimension of space:384
Data size of space:1536
Ground truth computed in 233730 ms
Sampling computing time: 253028 ms
Loading samplings from /opt/nfs_dcc/experiments/shiro-ef/sampling/tiny5m-384-euclidean-samplings--k100-ef.bin
Samplings loaded from /opt/nfs_dcc/experiments/shiro-ef/sampling/tiny5m-384-euclidean-samplings--k100-ef.bin
Average Recall: 0.637594
Initial average recall with ef=100: 0.636916
Average Recall: 0.709403
Initial average recall with ef=150: 0.708845
Recall diff is too small for 1 consecutive steps, break.
Weighted average ef: 1236.95
EF-estimation table computing time: 74173 ms
Training convergence-bucket 0 [24.2968, 34.3498) with 200 queries.
Average Recall: 0.36635
Initial average recall with ef=100: 0.363093
Average Recall: 0.4542
Initial average recall with ef=150: 0.450773
Recall diff is too small for 1 consecutive steps, break.
Recall diff is too small for 1 consecutive steps, break.
Weighted average ef: 3042.79
Training convergence-bucket 1 [34.3498, 38.4766) with 200 queries.
Average Recall: 0.4489
Initial average recall with ef=100: 0.447927
Average Recall: 0.53605
Initial average recall with ef=150: 0.534352
Recall diff is too small for 1 consecutive steps, break.
Recall diff is too small for 1 consecutive steps, break.
Weighted average ef: 2261.88
Training convergence-bucket 2 [38.4766, 41.697) with 200 queries.
Average Recall: 0.48365
Initial average recall with ef=100: 0.48089
Average Recall: 0.56805
Initial average recall with ef=150: 0.565654
Recall diff is too small for 1 consecutive steps, break.
Weighted average ef: 1831.23
Training convergence-bucket 3 [41.697, 44.6557) with 200 queries.
Average Recall: 0.54165
Initial average recall with ef=100: 0.537461
Average Recall: 0.62615
Initial average recall with ef=150: 0.622021
Recall diff is too small for 1 consecutive steps, break.
Weighted average ef: 1404.36
Training convergence-bucket 4 [44.6557, 47.7374) with 200 queries.
Average Recall: 0.5804
Initial average recall with ef=100: 0.575753
Average Recall: 0.66185
Initial average recall with ef=150: 0.656989
Recall diff is too small for 1 consecutive steps, break.
Weighted average ef: 1238.13
Training convergence-bucket 5 [47.7374, 51.5026) with 200 queries.
Average Recall: 0.64955
Initial average recall with ef=100: 0.6491
Average Recall: 0.72365
Initial average recall with ef=150: 0.72418
Recall diff is too small for 1 consecutive steps, break.
Weighted average ef: 939.97
Training convergence-bucket 6 [51.5026, 55.611) with 200 queries.
Average Recall: 0.71555
Initial average recall with ef=100: 0.717979
Average Recall: 0.79085
Initial average recall with ef=150: 0.793627
Recall diff is too small for 1 consecutive steps, break.
Recall diff is too small for 1 consecutive steps, break.
Recall diff is too small for 1 consecutive steps, break.
Recall diff is too small for 1 consecutive steps, break.
Weighted average ef: 619.415
Training convergence-bucket 7 [55.611, 61.3231) with 200 queries.
Average Recall: 0.78645
Initial average recall with ef=100: 0.788656
Average Recall: 0.8553
Initial average recall with ef=150: 0.857581
Weighted average ef: 363.675
Training convergence-bucket 8 [61.3231, 69.2789) with 200 queries.
Average Recall: 0.86785
Initial average recall with ef=100: 0.874492
Average Recall: 0.91895
Initial average recall with ef=150: 0.925561
Weighted average ef: 216.65
Training convergence-bucket 9 [69.2789, inf) with 200 queries.
Average Recall: 0.937086
Initial average recall with ef=100: 0.936839
Average Recall: 0.960252
Initial average recall with ef=150: 0.958218
Recall diff is too small for 1 consecutive steps, break.
Weighted average ef: 141.05
Reconstructed True WAE: 1057.4 (Hard Pct: 0.0087)

Dataset: msmarco
Metric: cd
Truncation ratio: 0.5
Normalize the data vectors
Data vectors dimensions: 8841823 x 1536
Query vectors dimensions: 6980 x 1536
Neighbors dimensions: 6980 x 1000
Using AVX Inner Product distance
Index loaded
Dimension of space:1536
Data size of space:6144
Ground truth computed in 1461225 ms
Sampling computing time: 1704225 ms
Loading samplings from /opt/nfs_dcc/experiments/shiro-ef/sampling/msmarco-samplings--k1000-ef.bin
Samplings loaded from /opt/nfs_dcc/experiments/shiro-ef/sampling/msmarco-samplings--k1000-ef.bin
Average Recall: 0.955378
Initial average recall with ef=1000: 0.955447
Average Recall: 0.974453
Initial average recall with ef=1500: 0.974515
Weighted average ef: 1344.14
EF-estimation table computing time: 127684 ms
Training convergence-bucket 0 [19.2318, 58.2438) with 200 queries.
Average Recall: 0.874515
Initial average recall with ef=1000: 0.867872
Average Recall: 0.918875
Initial average recall with ef=1500: 0.914822
Weighted average ef: 2360.63
Training convergence-bucket 1 [58.2438, 62.8149) with 200 queries.
Average Recall: 0.89819
Initial average recall with ef=1000: 0.895935
Average Recall: 0.93833
Initial average recall with ef=1500: 0.93693
Weighted average ef: 1993.05
Training convergence-bucket 2 [62.8149, 68.6883) with 200 queries.
Average Recall: 0.91965
Initial average recall with ef=1000: 0.912972
Average Recall: 0.95167
Initial average recall with ef=1500: 0.947394
Weighted average ef: 1657.5
Training convergence-bucket 3 [68.6883, 74.4855) with 200 queries.
Average Recall: 0.960615
Initial average recall with ef=1000: 0.959193
Average Recall: 0.9801
Initial average recall with ef=1500: 0.979544
Weighted average ef: 1007.5
Training convergence-bucket 4 [74.4855, 77.6447) with 200 queries.
Average Recall: 0.970939
Initial average recall with ef=1000: 0.969285
Average Recall: 0.985634
Initial average recall with ef=1500: 0.984645
Weighted average ef: 935
Training convergence-bucket 5 [77.6447, 79.5736) with 200 queries.
Average Recall: 0.97774
Initial average recall with ef=1000: 0.977437
Average Recall: 0.98963
Initial average recall with ef=1500: 0.989215
Weighted average ef: 860
Training convergence-bucket 6 [79.5736, 81.3105) with 200 queries.
Average Recall: 0.983585
Initial average recall with ef=1000: 0.983953
Average Recall: 0.99276
Initial average recall with ef=1500: 0.992895
Weighted average ef: 855
Training convergence-bucket 7 [81.3105, 82.9138) with 200 queries.
Average Recall: 0.988055
Initial average recall with ef=1000: 0.988503
Average Recall: 0.995169
Initial average recall with ef=1500: 0.995414
Weighted average ef: 915
Training convergence-bucket 8 [82.9138, 84.7095) with 200 queries.
Average Recall: 0.98707
Initial average recall with ef=1000: 0.989314
Average Recall: 0.9944
Initial average recall with ef=1500: 0.995852
Weighted average ef: 875
Training convergence-bucket 9 [84.7095, inf) with 200 queries.
Average Recall: 0.993415
Initial average recall with ef=1000: 0.994253
Average Recall: 0.997945
Initial average recall with ef=1500: 0.998281
Weighted average ef: 890
Reconstructed True WAE: 1108.77 (Hard Pct: 0.02575)

Dataset: cluster_mg_uniform_100d
Metric: cd
Truncation ratio: 0.5
Normalize the data vectors
Data vectors dimensions: 10000000 x 100
Query vectors dimensions: 10000 x 100
Neighbors dimensions: 10000 x 1000
Using AVX Inner Product distance
Index loaded
Dimension of space:100
Data size of space:400
Ground truth computed in 188318 ms
Sampling computing time: 217342 ms
Loading samplings from /opt/nfs_dcc/experiments/shiro-ef/sampling/cluster_mg_uniform_100d-samplings--k1000-ef.bin
Samplings loaded from /opt/nfs_dcc/experiments/shiro-ef/sampling/cluster_mg_uniform_100d-samplings--k1000-ef.bin
Average Recall: 0.998367
Initial average recall with ef=1000: 0.996849
Average Recall: 0.998591
Initial average recall with ef=1500: 0.998095
Weighted average ef: 990
EF-estimation table computing time: 9127 ms
Training convergence-bucket 0 [3.2733, 46.3221) with 200 queries.
Average Recall: 0.997678
Initial average recall with ef=1000: 0.992208
Average Recall: 0.99792
Initial average recall with ef=1500: 0.99788
Weighted average ef: 915
Training convergence-bucket 1 [46.3221, 58.1429) with 200 queries.
Average Recall: 0.998131
Initial average recall with ef=1000: 0.987645
Average Recall: 0.998336
Initial average recall with ef=1500: 0.993143
Weighted average ef: 945
Training convergence-bucket 2 [58.1429, 63.4005) with 200 queries.
Average Recall: 0.998309
Initial average recall with ef=1000: 0.998429
Average Recall: 0.998555
Initial average recall with ef=1500: 0.998695
Weighted average ef: 920
Training convergence-bucket 3 [63.4005, 65.6682) with 200 queries.
Average Recall: 0.998444
Initial average recall with ef=1000: 0.99845
Average Recall: 0.99866
Initial average recall with ef=1500: 0.998668
Weighted average ef: 965
Training convergence-bucket 4 [65.6682, 67.4349) with 200 queries.
Average Recall: 0.998599
Initial average recall with ef=1000: 0.998668
Average Recall: 0.9988
Initial average recall with ef=1500: 0.998872
Weighted average ef: 980
Training convergence-bucket 5 [67.4349, 68.8189) with 200 queries.
Average Recall: 0.998389
Initial average recall with ef=1000: 0.998369
Average Recall: 0.99862
Initial average recall with ef=1500: 0.998604
Weighted average ef: 960
Training convergence-bucket 6 [68.8189, 70.0904) with 200 queries.
Average Recall: 0.998744
Initial average recall with ef=1000: 0.998735
Average Recall: 0.998995
Initial average recall with ef=1500: 0.998989
Weighted average ef: 985
Training convergence-bucket 7 [70.0904, 71.4857) with 200 queries.
Average Recall: 0.998335
Initial average recall with ef=1000: 0.998323
Average Recall: 0.998505
Initial average recall with ef=1500: 0.998495
Weighted average ef: 990
Training convergence-bucket 8 [71.4857, 73.4092) with 200 queries.
Average Recall: 0.99842
Initial average recall with ef=1000: 0.998464
Average Recall: 0.998655
Initial average recall with ef=1500: 0.998694
Weighted average ef: 980
Training convergence-bucket 9 [73.4092, inf) with 200 queries.
Average Recall: 0.998569
Initial average recall with ef=1000: 0.99857
Average Recall: 0.998825
Initial average recall with ef=1500: 0.998825
Weighted average ef: 1000
Reconstructed True WAE: 1000 (Hard Pct: 0.00905)

Dataset: cluster_mg_zipf_100d
Metric: cd
Truncation ratio: 0.5
Normalize the data vectors
Data vectors dimensions: 10000000 x 100
Query vectors dimensions: 10000 x 100
Neighbors dimensions: 10000 x 1000
Using AVX Inner Product distance
Index loaded
Dimension of space:100
Data size of space:400
Ground truth computed in 187255 ms
Sampling computing time: 239997 ms
Loading samplings from /opt/nfs_dcc/experiments/shiro-ef/sampling/cluster_mg_zipf_100d-samplings--k1000-ef.bin
Samplings loaded from /opt/nfs_dcc/experiments/shiro-ef/sampling/cluster_mg_zipf_100d-samplings--k1000-ef.bin
Average Recall: 0.879212
Initial average recall with ef=1000: 0.879127
Average Recall: 0.912826
Initial average recall with ef=1500: 0.912578
Weighted average ef: 2664.91
EF-estimation table computing time: 50065 ms
Training convergence-bucket 0 [5.84972, 33.966) with 200 queries.
Average Recall: 0.707765
Initial average recall with ef=1000: 0.678811
Average Recall: 0.772885
Initial average recall with ef=1500: 0.749617
Weighted average ef: 4112.5
Training convergence-bucket 1 [33.966, 37.2128) with 200 queries.
Average Recall: 0.69999
Initial average recall with ef=1000: 0.696908
Average Recall: 0.76897
Initial average recall with ef=1500: 0.766418
Recall diff is too small for 1 consecutive steps, break.
Weighted average ef: 4761.79
Training convergence-bucket 2 [37.2128, 40.2354) with 200 queries.
Average Recall: 0.749055
Initial average recall with ef=1000: 0.745734
Average Recall: 0.81522
Initial average recall with ef=1500: 0.813026
Weighted average ef: 4305.39
Training convergence-bucket 3 [40.2354, 44.2506) with 200 queries.
Average Recall: 0.842555
Initial average recall with ef=1000: 0.842418
Average Recall: 0.89021
Initial average recall with ef=1500: 0.890242
Weighted average ef: 3510.45
Training convergence-bucket 4 [44.2506, 50.0958) with 200 queries.
Average Recall: 0.906565
Initial average recall with ef=1000: 0.910653
Average Recall: 0.946465
Initial average recall with ef=1500: 0.946063
Weighted average ef: 1775.74
Training convergence-bucket 5 [50.0958, 56.7429) with 200 queries.
Average Recall: 0.955325
Initial average recall with ef=1000: 0.966597
Average Recall: 0.97253
Initial average recall with ef=1500: 0.98323
Weighted average ef: 1095.1
Training convergence-bucket 6 [56.7429, 64.6342) with 200 queries.
Average Recall: 0.99071
Initial average recall with ef=1000: 0.991376
Average Recall: 0.995679
Initial average recall with ef=1500: 0.996258
Weighted average ef: 970
Training convergence-bucket 7 [64.6342, 72.2459) with 200 queries.
Average Recall: 0.993864
Initial average recall with ef=1000: 0.994328
Average Recall: 0.99659
Initial average recall with ef=1500: 0.996698
Weighted average ef: 960
Training convergence-bucket 8 [72.2459, 79.8512) with 200 queries.
Average Recall: 0.984275
Initial average recall with ef=1000: 0.984287
Average Recall: 0.9909
Initial average recall with ef=1500: 0.990949
Weighted average ef: 975
Training convergence-bucket 9 [79.8512, inf) with 200 queries.
Average Recall: 0.962
Initial average recall with ef=1000: 0.966633
Average Recall: 0.97879
Initial average recall with ef=1500: 0.983507
Weighted average ef: 995
Reconstructed True WAE: 2435.1 (Hard Pct: 0.0012)
Starting shiro-ef tests...


Dataset: deep-image-96-angular
Metric: cd
Truncation ratio: 0.5
Normalize the data vectors
Data vectors dimensions: 9990000 x 96
Query vectors dimensions: 10000 x 96
Neighbors dimensions: 10000 x 100
Using AVX Inner Product distance
Index loaded
Dimension of space:96
Data size of space:384
****Weighted average ef: 250
Search time: 12877 ms
Search time: 13535 ms
Search time: 13639 ms
Average Recall: 0.980564
5th percentile recall: 0.93
1st percentile recall: 0.9
Median search time: 13535 ms
Search times: 12877 ms, 13535 ms, 13639 ms,
deep-image-96-angular experiment results:
statisc_length, time, avg_recall, 5th_percentile_recall, 1st_percentile_recall, recall_above_99, recall_above_95, recall_above_90
1025, 13535, 0.980564, 0.93, 0.9, 5585, 8699, 9859
Experiment finished
Adaptive EF Analysis for dataset: deep-image-96-angular

Search with Patience in Proximity for dataset: deep-image-96-angular
ef: 300
Average Recall: 0.734054
5th percentile recall: 0.45
1st percentile recall: 0.31
Median search time: 6322 ms
Search times: 6201 ms, 6322 ms, 6355 ms,
deep-image-96-angular experiment results:
ef, time, avg_recall, 5th_percentile_recall, 1st_percentile_recall, recall_above_99, recall_above_95, recall_above_90
300, 6322, 0.734054, 0.45, 0.31, 102, 460, 1406
Experiment finished
ef: 100
Average Recall: 0.858451
5th percentile recall: 0.61
1st percentile recall: 0.46
Median search time: 3328 ms
Search times: 3277 ms, 3328 ms, 3328 ms,
ef: 200
Average Recall: 0.935367
5th percentile recall: 0.76
1st percentile recall: 0.63
Median search time: 5902 ms
Search times: 5836 ms, 5902 ms, 6129 ms,
ef: 400
Average Recall: 0.97459
5th percentile recall: 0.88
1st percentile recall: 0.78
Median search time: 11491 ms
Search times: 11021 ms, 11491 ms, 11563 ms,
ef: 800
Average Recall: 0.991216
5th percentile recall: 0.95
1st percentile recall: 0.89
Median search time: 22088 ms
Search times: 21555 ms, 22088 ms, 22160 ms,
deep-image-96-angular experiment results:
ef, time, avg_recall, 5th_percentile_recall, 1st_percentile_recall, recall_above_99, recall_above_95, recall_above_90
100, 3328, 0.858451, 0.61, 0.46, 1337, 2758, 4560
200, 5902, 0.935367, 0.76, 0.63, 3593, 5672, 7578
400, 11491, 0.97459, 0.88, 0.78, 6294, 8229, 9248
800, 22088, 0.991216, 0.95, 0.89, 8381, 9441, 9857
Experiment finished
Dataset: glove-100-angular
Metric: cd
Truncation ratio: 0.5
Normalize the data vectors
Data vectors dimensions: 1183514 x 100
Query vectors dimensions: 10000 x 100
Neighbors dimensions: 10000 x 100
Using AVX Inner Product distance
Index loaded
Dimension of space:100
Data size of space:400
****Weighted average ef: 1341
Search time: 56935 ms
Search time: 56849 ms
Search time: 57055 ms
Average Recall: 0.977804
5th percentile recall: 0.91
1st percentile recall: 0.87
Median search time: 56935 ms
Search times: 56849 ms, 56935 ms, 57055 ms,
glove-100-angular experiment results:
statisc_length, time, avg_recall, 5th_percentile_recall, 1st_percentile_recall, recall_above_99, recall_above_95, recall_above_90
1025, 56935, 0.977804, 0.91, 0.87, 5863, 8080, 9628
Experiment finished
Adaptive EF Analysis for dataset: glove-100-angular

Search with Patience in Proximity for dataset: glove-100-angular
ef: 300
Average Recall: 0.581496
5th percentile recall: 0.12
1st percentile recall: 0.05
Median search time: 6491 ms
Search times: 6486 ms, 6491 ms, 6541 ms,
glove-100-angular experiment results:
ef, time, avg_recall, 5th_percentile_recall, 1st_percentile_recall, recall_above_99, recall_above_95, recall_above_90
300, 6491, 0.581496, 0.12, 0.05, 67, 371, 1067
Experiment finished
ef: 100
Average Recall: 0.693084
5th percentile recall: 0.22
1st percentile recall: 0.12
Median search time: 2783 ms
Search times: 2777 ms, 2783 ms, 2792 ms,
ef: 200
Average Recall: 0.780956
5th percentile recall: 0.34
1st percentile recall: 0.24
Median search time: 5149 ms
Search times: 5094 ms, 5149 ms, 5175 ms,
ef: 400
Average Recall: 0.850528
5th percentile recall: 0.48
1st percentile recall: 0.37
Median search time: 9579 ms
Search times: 9573 ms, 9579 ms, 9619 ms,
ef: 800
Average Recall: 0.905979
5th percentile recall: 0.63
1st percentile recall: 0.52
Median search time: 18452 ms
Search times: 18433 ms, 18452 ms, 18483 ms,
ef: 1600
Average Recall: 0.947889
5th percentile recall: 0.77
1st percentile recall: 0.68
Median search time: 35808 ms
Search times: 35755 ms, 35808 ms, 35831 ms,
ef: 2000
Average Recall: 0.958194
5th percentile recall: 0.81
1st percentile recall: 0.73
Median search time: 44401 ms
Search times: 44256 ms, 44401 ms, 44410 ms,
ef: 2400
Average Recall: 0.96565
5th percentile recall: 0.84
1st percentile recall: 0.77
Median search time: 53013 ms
Search times: 53010 ms, 53013 ms, 53020 ms,
ef: 2800
Average Recall: 0.971217
5th percentile recall: 0.86
1st percentile recall: 0.8
Median search time: 61519 ms
Search times: 61517 ms, 61519 ms, 61589 ms,
ef: 3200
Average Recall: 0.975549
5th percentile recall: 0.88
1st percentile recall: 0.82
Median search time: 70104 ms
Search times: 69996 ms, 70104 ms, 73017 ms,
ef: 3600
Average Recall: 0.978913
5th percentile recall: 0.9
1st percentile recall: 0.84
Median search time: 81409 ms
Search times: 81235 ms, 81409 ms, 82221 ms,
ef: 4000
Average Recall: 0.981626
5th percentile recall: 0.91
1st percentile recall: 0.86
Median search time: 90599 ms
Search times: 90415 ms, 90599 ms, 90604 ms,
ef: 4400
Average Recall: 0.983917
5th percentile recall: 0.92
1st percentile recall: 0.87
Median search time: 99771 ms
Search times: 99298 ms, 99771 ms, 99971 ms,
ef: 4800
Average Recall: 0.985855
5th percentile recall: 0.93
1st percentile recall: 0.89
Median search time: 108268 ms
Search times: 108264 ms, 108268 ms, 108274 ms,
ef: 5200
Average Recall: 0.98746
5th percentile recall: 0.93
1st percentile recall: 0.89
Median search time: 116920 ms
Search times: 116917 ms, 116920 ms, 117077 ms,
glove-100-angular experiment results:
ef, time, avg_recall, 5th_percentile_recall, 1st_percentile_recall, recall_above_99, recall_above_95, recall_above_90
100, 2783, 0.693084, 0.22, 0.12, 901, 1816, 2838
200, 5149, 0.780956, 0.34, 0.24, 2091, 3126, 4242
400, 9579, 0.850528, 0.48, 0.37, 3175, 4332, 5478
800, 18452, 0.905979, 0.63, 0.52, 4210, 5491, 6673
1600, 35808, 0.947889, 0.77, 0.68, 5309, 6651, 7851
2000, 44401, 0.958194, 0.81, 0.73, 5680, 7067, 8277
2400, 53013, 0.96565, 0.84, 0.77, 5995, 7391, 8627
2800, 61519, 0.971217, 0.86, 0.8, 6278, 7706, 8934
3200, 70104, 0.975549, 0.88, 0.82, 6506, 7976, 9183
3600, 81409, 0.978913, 0.9, 0.84, 6722, 8233, 9389
4000, 90599, 0.981626, 0.91, 0.86, 6929, 8446, 9543
4400, 99771, 0.983917, 0.92, 0.87, 7153, 8629, 9671
4800, 108268, 0.985855, 0.93, 0.89, 7348, 8822, 9773
5200, 116920, 0.98746, 0.93, 0.89, 7525, 8981, 9847
Experiment finished
Dataset: word2vec-300-angular
Metric: cd
Truncation ratio: 0.5
Normalize the data vectors
Data vectors dimensions: 1000000 x 300
Query vectors dimensions: 1000 x 300
Neighbors dimensions: 1000 x 100
Using AVX Inner Product distance
Index loaded
Dimension of space:300
Data size of space:1200
****Weighted average ef: 290
Search time: 1871 ms
Search time: 1876 ms
Search time: 1884 ms
Average Recall: 0.97359
5th percentile recall: 0.89
1st percentile recall: 0.78
Median search time: 1876 ms
Search times: 1871 ms, 1876 ms, 1884 ms,
word2vec-300-angular experiment results:
statisc_length, time, avg_recall, 5th_percentile_recall, 1st_percentile_recall, recall_above_99, recall_above_95, recall_above_90
1025, 1876, 0.97359, 0.89, 0.78, 603, 808, 928
Experiment finished
Adaptive EF Analysis for dataset: word2vec-300-angular

Search with Patience in Proximity for dataset: word2vec-300-angular
ef: 300
Average Recall: 0.76081
5th percentile recall: 0.45
1st percentile recall: 0.32
Median search time: 706 ms
Search times: 704 ms, 706 ms, 709 ms,
word2vec-300-angular experiment results:
ef, time, avg_recall, 5th_percentile_recall, 1st_percentile_recall, recall_above_99, recall_above_95, recall_above_90
300, 706, 0.76081, 0.45, 0.32, 15, 46, 187
Experiment finished
ef: 100
Average Recall: 0.86734
5th percentile recall: 0.59
1st percentile recall: 0.44
Median search time: 479 ms
Search times: 479 ms, 479 ms, 480 ms,
ef: 200
Average Recall: 0.93179
5th percentile recall: 0.74
1st percentile recall: 0.6
Median search time: 853 ms
Search times: 853 ms, 853 ms, 854 ms,
ef: 400
Average Recall: 0.96573
5th percentile recall: 0.84
1st percentile recall: 0.72
Median search time: 1541 ms
Search times: 1541 ms, 1541 ms, 1545 ms,
ef: 800
Average Recall: 0.98194
5th percentile recall: 0.9
1st percentile recall: 0.81
Median search time: 2814 ms
Search times: 2812 ms, 2814 ms, 2815 ms,
ef: 1600
Average Recall: 0.98968
5th percentile recall: 0.94
1st percentile recall: 0.86
Median search time: 5249 ms
Search times: 5172 ms, 5249 ms, 5250 ms,
word2vec-300-angular experiment results:
ef, time, avg_recall, 5th_percentile_recall, 1st_percentile_recall, recall_above_99, recall_above_95, recall_above_90
100, 479, 0.86734, 0.59, 0.44, 136, 315, 513
200, 853, 0.93179, 0.74, 0.6, 372, 576, 740
400, 1541, 0.96573, 0.84, 0.72, 598, 763, 880
800, 2814, 0.98194, 0.9, 0.81, 729, 872, 948
1600, 5249, 0.98968, 0.94, 0.86, 826, 923, 978
Experiment finished
Dataset: sift10m-128-euclidean
Metric: l2
Truncation ratio: 0.5
Data vectors dimensions: 10000000 x 128
Query vectors dimensions: 1000 x 128
Neighbors dimensions: 1000 x 100
Index loaded
Dimension of space:128
Data size of space:512
****Weighted average ef: 215
Search time: 1356 ms
Search time: 1346 ms
Search time: 1346 ms
Average Recall: 0.98085
5th percentile recall: 0.94
1st percentile recall: 0.91
Median search time: 1346 ms
Search times: 1346 ms, 1346 ms, 1356 ms,
sift10m-128-euclidean experiment results:
statisc_length, time, avg_recall, 5th_percentile_recall, 1st_percentile_recall, recall_above_99, recall_above_95, recall_above_90
1025, 1346, 0.98085, 0.94, 0.91, 524, 884, 996
Experiment finished
Adaptive EF Analysis for dataset: sift10m-128-euclidean

Search with Patience in Proximity for dataset: sift10m-128-euclidean
ef: 300
Average Recall: 0.73413
5th percentile recall: 0.48
1st percentile recall: 0.37
Median search time: 629 ms
Search times: 629 ms, 629 ms, 630 ms,
sift10m-128-euclidean experiment results:
ef, time, avg_recall, 5th_percentile_recall, 1st_percentile_recall, recall_above_99, recall_above_95, recall_above_90
300, 629, 0.73413, 0.48, 0.37, 7, 30, 127
Experiment finished
ef: 100
Average Recall: 0.86024
5th percentile recall: 0.64
1st percentile recall: 0.52
Median search time: 362 ms
Search times: 362 ms, 362 ms, 362 ms,
ef: 200
Average Recall: 0.94086
5th percentile recall: 0.8
1st percentile recall: 0.72
Median search time: 676 ms
Search times: 673 ms, 676 ms, 751 ms,
ef: 400
Average Recall: 0.9796
5th percentile recall: 0.91
1st percentile recall: 0.86
Median search time: 1279 ms
Search times: 1272 ms, 1279 ms, 1349 ms,
ef: 800
Average Recall: 0.99414
5th percentile recall: 0.97
1st percentile recall: 0.94
Median search time: 2440 ms
Search times: 2437 ms, 2440 ms, 2510 ms,
sift10m-128-euclidean experiment results:
ef, time, avg_recall, 5th_percentile_recall, 1st_percentile_recall, recall_above_99, recall_above_95, recall_above_90
100, 362, 0.86024, 0.64, 0.52, 112, 239, 433
200, 676, 0.94086, 0.8, 0.72, 328, 563, 765
400, 1279, 0.9796, 0.91, 0.86, 641, 849, 960
800, 2440, 0.99414, 0.97, 0.94, 878, 973, 997
Experiment finished
Dataset: gist-960-euclidean
Metric: l2
Truncation ratio: 0.5
Data vectors dimensions: 1000000 x 960
Query vectors dimensions: 1000 x 960
Neighbors dimensions: 1000 x 100
Index loaded
Dimension of space:960
Data size of space:3840
****Weighted average ef: 517
Search time: 6209 ms
Search time: 6363 ms
Search time: 6329 ms
Average Recall: 0.97026
5th percentile recall: 0.91
1st percentile recall: 0.88
Median search time: 6329 ms
Search times: 6209 ms, 6329 ms, 6363 ms,
gist-960-euclidean experiment results:
statisc_length, time, avg_recall, 5th_percentile_recall, 1st_percentile_recall, recall_above_99, recall_above_95, recall_above_90
1025, 6329, 0.97026, 0.91, 0.88, 391, 747, 965
Experiment finished
Adaptive EF Analysis for dataset: gist-960-euclidean

Search with Patience in Proximity for dataset: gist-960-euclidean
ef: 300
Average Recall: 0.58792
5th percentile recall: 0.33
1st percentile recall: 0.25
Median search time: 1127 ms
Search times: 1108 ms, 1127 ms, 1157 ms,
gist-960-euclidean experiment results:
ef, time, avg_recall, 5th_percentile_recall, 1st_percentile_recall, recall_above_99, recall_above_95, recall_above_90
300, 1127, 0.58792, 0.33, 0.25, 1, 5, 32
Experiment finished
ef: 100
Average Recall: 0.72935
5th percentile recall: 0.48
1st percentile recall: 0.39
Median search time: 1098 ms
Search times: 1079 ms, 1098 ms, 1114 ms,
ef: 200
Average Recall: 0.8515
5th percentile recall: 0.66
1st percentile recall: 0.57
Median search time: 1971 ms
Search times: 1969 ms, 1971 ms, 2023 ms,
ef: 400
Average Recall: 0.93098
5th percentile recall: 0.8
1st percentile recall: 0.73
Median search time: 3674 ms
Search times: 3615 ms, 3674 ms, 3696 ms,
ef: 800
Average Recall: 0.97184
5th percentile recall: 0.9
1st percentile recall: 0.84
Median search time: 6762 ms
Search times: 6680 ms, 6762 ms, 6779 ms,
ef: 1600
Average Recall: 0.98954
5th percentile recall: 0.96
1st percentile recall: 0.93
Median search time: 11919 ms
Search times: 11918 ms, 11919 ms, 12024 ms,
ef: 2000
Average Recall: 0.99249
5th percentile recall: 0.97
1st percentile recall: 0.94
Median search time: 14385 ms
Search times: 14383 ms, 14385 ms, 14389 ms,
gist-960-euclidean experiment results:
ef, time, avg_recall, 5th_percentile_recall, 1st_percentile_recall, recall_above_99, recall_above_95, recall_above_90
100, 1098, 0.72935, 0.48, 0.39, 20, 71, 156
200, 1971, 0.8515, 0.66, 0.57, 103, 223, 373
400, 3674, 0.93098, 0.8, 0.73, 267, 458, 697
800, 6762, 0.97184, 0.9, 0.84, 493, 754, 946
1600, 11919, 0.98954, 0.96, 0.93, 752, 954, 997
2000, 14385, 0.99249, 0.97, 0.94, 814, 972, 998
Experiment finished
Dataset: tiny5m-384-euclidean
Metric: l2
Truncation ratio: 0.5
Data vectors dimensions: 5000000 x 384
Query vectors dimensions: 1000 x 384
Neighbors dimensions: 1000 x 100
Index loaded
Dimension of space:384
Data size of space:1536
****Weighted average ef: 1057
Search time: 8558 ms
Search time: 8690 ms
Search time: 8699 ms
Average Recall: 0.9712
5th percentile recall: 0.9
1st percentile recall: 0.84
Median search time: 8690 ms
Search times: 8558 ms, 8690 ms, 8699 ms,
tiny5m-384-euclidean experiment results:
statisc_length, time, avg_recall, 5th_percentile_recall, 1st_percentile_recall, recall_above_99, recall_above_95, recall_above_90
1025, 8690, 0.9712, 0.9, 0.84, 497, 767, 942
Experiment finished
Adaptive EF Analysis for dataset: tiny5m-384-euclidean

Search with Patience in Proximity for dataset: tiny5m-384-euclidean
ef: 300
Average Recall: 0.53853
5th percentile recall: 0.21
1st percentile recall: 0.12
Median search time: 919 ms
Search times: 913 ms, 919 ms, 948 ms,
tiny5m-384-euclidean experiment results:
ef, time, avg_recall, 5th_percentile_recall, 1st_percentile_recall, recall_above_99, recall_above_95, recall_above_90
300, 919, 0.53853, 0.21, 0.12, 1, 6, 28
Experiment finished
ef: 100
Average Recall: 0.66578
5th percentile recall: 0.32
1st percentile recall: 0.23
Median search time: 735 ms
Search times: 720 ms, 735 ms, 774 ms,
ef: 200
Average Recall: 0.78407
5th percentile recall: 0.47
1st percentile recall: 0.39
Median search time: 1368 ms
Search times: 1343 ms, 1368 ms, 1420 ms,
ef: 400
Average Recall: 0.87396
5th percentile recall: 0.63
1st percentile recall: 0.53
Median search time: 2594 ms
Search times: 2575 ms, 2594 ms, 2640 ms,
ef: 800
Average Recall: 0.93356
5th percentile recall: 0.77
1st percentile recall: 0.67
Median search time: 4922 ms
Search times: 4798 ms, 4922 ms, 4929 ms,
ef: 1600
Average Recall: 0.97012
5th percentile recall: 0.89
1st percentile recall: 0.81
Median search time: 8862 ms
Search times: 8861 ms, 8862 ms, 8898 ms,
ef: 2000
Average Recall: 0.97696
5th percentile recall: 0.91
1st percentile recall: 0.84
Median search time: 10859 ms
Search times: 10855 ms, 10859 ms, 10873 ms,
ef: 2400
Average Recall: 0.98152
5th percentile recall: 0.92
1st percentile recall: 0.88
Median search time: 13660 ms
Search times: 13363 ms, 13660 ms, 14161 ms,
ef: 2800
Average Recall: 0.98491
5th percentile recall: 0.93
1st percentile recall: 0.89
Median search time: 16057 ms
Search times: 15703 ms, 16057 ms, 16150 ms,
ef: 3200
Average Recall: 0.98703
5th percentile recall: 0.95
1st percentile recall: 0.9
Median search time: 18366 ms
Search times: 17681 ms, 18366 ms, 18391 ms,
ef: 3600
Average Recall: 0.98874
5th percentile recall: 0.95
1st percentile recall: 0.91
Median search time: 20067 ms
Search times: 19765 ms, 20067 ms, 20144 ms,
ef: 4000
Average Recall: 0.99022
5th percentile recall: 0.96
1st percentile recall: 0.92
Median search time: 21813 ms
Search times: 21791 ms, 21813 ms, 22504 ms,
tiny5m-384-euclidean experiment results:
ef, time, avg_recall, 5th_percentile_recall, 1st_percentile_recall, recall_above_99, recall_above_95, recall_above_90
100, 735, 0.66578, 0.32, 0.23, 37, 76, 156
200, 1368, 0.78407, 0.47, 0.39, 114, 197, 312
400, 2594, 0.87396, 0.63, 0.53, 227, 350, 503
800, 4922, 0.93356, 0.77, 0.67, 367, 552, 735
1600, 8862, 0.97012, 0.89, 0.81, 569, 758, 914
2000, 10859, 0.97696, 0.91, 0.84, 633, 820, 953
2400, 13660, 0.98152, 0.92, 0.88, 684, 861, 968
2800, 16057, 0.98491, 0.93, 0.89, 724, 899, 983
3200, 18366, 0.98703, 0.95, 0.9, 757, 920, 989
3600, 20067, 0.98874, 0.95, 0.91, 781, 939, 992
4000, 21813, 0.99022, 0.96, 0.92, 807, 955, 995
Experiment finished
Dataset: msmarco
Metric: cd
Truncation ratio: 0.5
Normalize the data vectors
Data vectors dimensions: 8841823 x 1536
Query vectors dimensions: 6980 x 1536
Neighbors dimensions: 6980 x 1000
Using AVX Inner Product distance
Index loaded
Dimension of space:1536
Data size of space:6144
****Weighted average ef: 1108
Search time: 160649 ms
Search time: 172658 ms
Search time: 172088 ms
Average Recall: 0.967171
5th percentile recall: 0.882
1st percentile recall: 0.816
Median search time: 172088 ms
Search times: 160649 ms, 172088 ms, 172658 ms,
msmarco experiment results:
statisc_length, time, avg_recall, 5th_percentile_recall, 1st_percentile_recall, recall_above_99, recall_above_95, recall_above_90
1025, 172088, 0.967171, 0.882, 0.816, 2567, 5416, 6463
Experiment finished
Adaptive EF Analysis for dataset: msmarco

Search with Patience in Proximity for dataset: msmarco
ef: 2000
Average Recall: 0.471741
5th percentile recall: 0.253
1st percentile recall: 0.154
Median search time: 36648 ms
Search times: 34825 ms, 36648 ms, 36731 ms,
msmarco experiment results:
ef, time, avg_recall, 5th_percentile_recall, 1st_percentile_recall, recall_above_99, recall_above_95, recall_above_90
2000, 36648, 0.471741, 0.253, 0.154, 0, 0, 0
Experiment finished
ef: 1000
Average Recall: 0.947315
5th percentile recall: 0.807
1st percentile recall: 0.7
Median search time: 121221 ms
Search times: 120426 ms, 121221 ms, 125143 ms,
ef: 2000
Average Recall: 0.977557
5th percentile recall: 0.895
1st percentile recall: 0.821
Median search time: 230840 ms
Search times: 229949 ms, 230840 ms, 231353 ms,
ef: 2400
Average Recall: 0.981907
5th percentile recall: 0.913
1st percentile recall: 0.844
Median search time: 274018 ms
Search times: 273818 ms, 274018 ms, 277387 ms,
ef: 2800
Average Recall: 0.984924
5th percentile recall: 0.926
1st percentile recall: 0.863
Median search time: 316997 ms
Search times: 316204 ms, 316997 ms, 317209 ms,
ef: 3200
Average Recall: 0.987088
5th percentile recall: 0.935
1st percentile recall: 0.877
Median search time: 358639 ms
Search times: 358565 ms, 358639 ms, 359320 ms,
ef: 3600
Average Recall: 0.988762
5th percentile recall: 0.942
1st percentile recall: 0.888
Median search time: 400642 ms
Search times: 400482 ms, 400642 ms, 401174 ms,
ef: 4000
Average Recall: 0.990086
5th percentile recall: 0.948
1st percentile recall: 0.898
Median search time: 442997 ms
Search times: 442882 ms, 442997 ms, 443428 ms,
msmarco experiment results:
ef, time, avg_recall, 5th_percentile_recall, 1st_percentile_recall, recall_above_99, recall_above_95, recall_above_90
1000, 121221, 0.947315, 0.807, 0.7, 1803, 4593, 5839
2000, 230840, 0.977557, 0.895, 0.821, 4063, 6012, 6604
2400, 274018, 0.981907, 0.913, 0.844, 4453, 6227, 6713
2800, 316997, 0.984924, 0.926, 0.863, 4744, 6376, 6791
3200, 358639, 0.987088, 0.935, 0.877, 4952, 6467, 6844
3600, 400642, 0.988762, 0.942, 0.888, 5187, 6536, 6884
4000, 442997, 0.990086, 0.948, 0.898, 5358, 6597, 6906
Experiment finished
Dataset: cluster_mg_uniform_100d
Metric: cd
Truncation ratio: 0.5
Normalize the data vectors
Data vectors dimensions: 10000000 x 100
Query vectors dimensions: 10000 x 100
Neighbors dimensions: 10000 x 1000
Using AVX Inner Product distance
Index loaded
Dimension of space:100
Data size of space:400
****Weighted average ef: 1000
Search time: 15814 ms
Search time: 14971 ms
Search time: 14616 ms
Average Recall: 0.996558
5th percentile recall: 0.994
1st percentile recall: 0.988
Median search time: 14971 ms
Search times: 14616 ms, 14971 ms, 15814 ms,
cluster_mg_uniform_100d experiment results:
statisc_length, time, avg_recall, 5th_percentile_recall, 1st_percentile_recall, recall_above_99, recall_above_95, recall_above_90
1025, 14971, 0.996558, 0.994, 0.988, 9867, 9981, 9981
Experiment finished
Adaptive EF Analysis for dataset: cluster_mg_uniform_100d

Search with Patience in Proximity for dataset: cluster_mg_uniform_100d
ef: 2000
Average Recall: 0.742695
5th percentile recall: 0.334
1st percentile recall: 0
Median search time: 25300 ms
Search times: 25061 ms, 25300 ms, 25640 ms,
cluster_mg_uniform_100d experiment results:
ef, time, avg_recall, 5th_percentile_recall, 1st_percentile_recall, recall_above_99, recall_above_95, recall_above_90
2000, 25300, 0.742695, 0.334, 0, 0, 0, 0
Experiment finished
ef: 1000
Average Recall: 0.996558
5th percentile recall: 0.994
1st percentile recall: 0.988
Median search time: 13953 ms
Search times: 13877 ms, 13953 ms, 14108 ms,
ef: 2000
Average Recall: 0.99846
5th percentile recall: 0.995
1st percentile recall: 0.99
Median search time: 21654 ms
Search times: 21600 ms, 21654 ms, 22011 ms,
cluster_mg_uniform_100d experiment results:
ef, time, avg_recall, 5th_percentile_recall, 1st_percentile_recall, recall_above_99, recall_above_95, recall_above_90
1000, 13953, 0.996558, 0.994, 0.988, 9867, 9981, 9981
2000, 21654, 0.99846, 0.995, 0.99, 9904, 9997, 9997
Experiment finished
Dataset: cluster_mg_zipf_100d
Metric: cd
Truncation ratio: 0.5
Normalize the data vectors
Data vectors dimensions: 10000000 x 100
Query vectors dimensions: 10000 x 100
Neighbors dimensions: 10000 x 1000
Using AVX Inner Product distance
Index loaded
Dimension of space:100
Data size of space:400
****Weighted average ef: 2435
Search time: 82423 ms
Search time: 82808 ms
Search time: 82959 ms
Average Recall: 0.964968
5th percentile recall: 0.832
1st percentile recall: 0.797
Median search time: 82808 ms
Search times: 82423 ms, 82808 ms, 82959 ms,
cluster_mg_zipf_100d experiment results:
statisc_length, time, avg_recall, 5th_percentile_recall, 1st_percentile_recall, recall_above_99, recall_above_95, recall_above_90
1025, 82808, 0.964968, 0.832, 0.797, 5723, 7691, 8625
Experiment finished
Adaptive EF Analysis for dataset: cluster_mg_zipf_100d

Search with Patience in Proximity for dataset: cluster_mg_zipf_100d
ef: 2000
Average Recall: 0.425413
5th percentile recall: 0.078
1st percentile recall: 0
Median search time: 26831 ms
Search times: 26722 ms, 26831 ms, 27126 ms,
cluster_mg_zipf_100d experiment results:
ef, time, avg_recall, 5th_percentile_recall, 1st_percentile_recall, recall_above_99, recall_above_95, recall_above_90
2000, 26831, 0.425413, 0.078, 0, 0, 18, 301
Experiment finished
ef: 1000
Average Recall: 0.875098
5th percentile recall: 0.544
1st percentile recall: 0.494
Median search time: 26263 ms
Search times: 26093 ms, 26263 ms, 26598 ms,
ef: 2000
Average Recall: 0.930029
5th percentile recall: 0.686
1st percentile recall: 0.641
Median search time: 48674 ms
Search times: 48147 ms, 48674 ms, 48788 ms,
ef: 2400
Average Recall: 0.94042
5th percentile recall: 0.72
1st percentile recall: 0.68
Median search time: 57538 ms
Search times: 57203 ms, 57538 ms, 57678 ms,
ef: 2800
Average Recall: 0.947977
5th percentile recall: 0.747
1st percentile recall: 0.706
Median search time: 65875 ms
Search times: 65836 ms, 65875 ms, 66196 ms,
ef: 3200
Average Recall: 0.953957
5th percentile recall: 0.769
1st percentile recall: 0.73
Median search time: 74740 ms
Search times: 74724 ms, 74740 ms, 74775 ms,
ef: 3600
Average Recall: 0.958783
5th percentile recall: 0.789
1st percentile recall: 0.751
Median search time: 83334 ms
Search times: 83253 ms, 83334 ms, 83397 ms,
ef: 4000
Average Recall: 0.962638
5th percentile recall: 0.805
1st percentile recall: 0.769
Median search time: 91782 ms
Search times: 91521 ms, 91782 ms, 91858 ms,
ef: 4400
Average Recall: 0.966017
5th percentile recall: 0.819
1st percentile recall: 0.785
Median search time: 100084 ms
Search times: 99939 ms, 100084 ms, 100192 ms,
ef: 4800
Average Recall: 0.968929
5th percentile recall: 0.831
1st percentile recall: 0.799
Median search time: 108571 ms
Search times: 108468 ms, 108571 ms, 108697 ms,
ef: 5200
Average Recall: 0.971294
5th percentile recall: 0.842
1st percentile recall: 0.81
Median search time: 117017 ms
Search times: 116881 ms, 117017 ms, 117088 ms,
cluster_mg_zipf_100d experiment results:
ef, time, avg_recall, 5th_percentile_recall, 1st_percentile_recall, recall_above_99, recall_above_95, recall_above_90
1000, 26263, 0.875098, 0.544, 0.494, 3175, 5408, 6297
2000, 48674, 0.930029, 0.686, 0.641, 5033, 6704, 7441
2400, 57538, 0.94042, 0.72, 0.68, 5372, 6954, 7706
2800, 65875, 0.947977, 0.747, 0.706, 5613, 7185, 7949
3200, 74740, 0.953957, 0.769, 0.73, 5824, 7384, 8146
3600, 83334, 0.958783, 0.789, 0.751, 6024, 7539, 8322
4000, 91782, 0.962638, 0.805, 0.769, 6174, 7684, 8461
4400, 100084, 0.966017, 0.819, 0.785, 6299, 7816, 8590
4800, 108571, 0.968929, 0.831, 0.799, 6421, 7920, 8712
5200, 117017, 0.971294, 0.842, 0.81, 6522, 8029, 8804
Experiment finished
Starting ablation study tests: visited list size...


Dataset: deep-image-96-angular
Metric: cd
Truncation ratio: 0.5
Normalize the data vectors
Data vectors dimensions: 9990000 x 96
Query vectors dimensions: 10000 x 96
Neighbors dimensions: 10000 x 100
Using AVX Inner Product distance
Index loaded
Dimension of space:96
Data size of space:384
Samplings loaded


Visited list size: 33


Loading samplings from /opt/nfs_dcc/experiments/shiro-ef/sampling/deep-image-96-angular-samplings--k100-ef.bin
Samplings loaded from /opt/nfs_dcc/experiments/shiro-ef/sampling/deep-image-96-angular-samplings--k100-ef.bin
Average Recall: 0.833007
Initial average recall with ef=100: 0.8336
Average Recall: 0.881766
Initial average recall with ef=150: 0.882281
Weighted average ef: 398.443
EF-estimation table computing time: 9235 ms
Training convergence-bucket 0 [0, 0) with 200 queries.
Average Recall: 0.8878
Initial average recall with ef=100: 0.89704
Average Recall: 0.9254
Initial average recall with ef=150: 0.934079
Weighted average ef: 171.255
Training convergence-bucket 1 [0, 0) with 200 queries.
Average Recall: 0.8916
Initial average recall with ef=100: 0.900457
Average Recall: 0.93115
Initial average recall with ef=150: 0.937712
Weighted average ef: 148.155
Training convergence-bucket 2 [0, 0) with 200 queries.
Average Recall: 0.8828
Initial average recall with ef=100: 0.889317
Average Recall: 0.9255
Initial average recall with ef=150: 0.931118
Weighted average ef: 179.565
Training convergence-bucket 3 [0, 0) with 200 queries.
Average Recall: 0.88765
Initial average recall with ef=100: 0.894079
Average Recall: 0.92955
Initial average recall with ef=150: 0.934737
Weighted average ef: 167.825
Training convergence-bucket 4 [0, 0) with 200 queries.
Average Recall: 0.75425
Initial average recall with ef=100: 0.737988
Average Recall: 0.81665
Initial average recall with ef=150: 0.801069
Recall diff is too small for 1 consecutive steps, break.
Recall diff is too small for 1 consecutive steps, break.
Weighted average ef: 579.655
Training convergence-bucket 5 [0, 0) with 200 queries.
Average Recall: 0.75915
Initial average recall with ef=100: 0.739441
Average Recall: 0.8199
Initial average recall with ef=150: 0.804348
Weighted average ef: 541.31
Training convergence-bucket 6 [0, 0) with 200 queries.
Average Recall: 0.6841
Initial average recall with ef=100: 0.662798
Average Recall: 0.75585
Initial average recall with ef=150: 0.737679
Weighted average ef: 740.66
Training convergence-bucket 7 [0, 0) with 200 queries.
Average Recall: 0.8857
Initial average recall with ef=100: 0.88784
Average Recall: 0.925
Initial average recall with ef=150: 0.92679
Weighted average ef: 190.99
Training convergence-bucket 8 [0, 2.62695) with 200 queries.
Average Recall: 0.8812
Initial average recall with ef=100: 0.890129
Average Recall: 0.9198
Initial average recall with ef=150: 0.926194
Recall diff is too small for 1 consecutive steps, break.
Recall diff is too small for 1 consecutive steps, break.
Weighted average ef: 187.555
Training convergence-bucket 9 [2.62695, inf) with 200 queries.
Average Recall: 0.81585
Initial average recall with ef=100: 0.8215
Average Recall: 0.8689
Initial average recall with ef=150: 0.873125
Recall diff is too small for 1 consecutive steps, break.
Weighted average ef: 365.94
Reconstructed True WAE: 256.035 (Hard Pct: 0.0208)
****Weighted average ef: 256
Search time: 9741 ms
Search time: 9659 ms
Search time: 9202 ms
Average Recall: 0.966182
5th percentile recall: 0.86
1st percentile recall: 0.76
Median search time: 9659 ms
Search times: 9202 ms, 9659 ms, 9741 ms,
deep-image-96-angular experiment results:
statisc_length, time, avg_recall, 5th_percentile_recall, 1st_percentile_recall, recall_above_99, recall_above_95, recall_above_90
33, 9659, 0.966182, 0.86, 0.76, 5097, 7471, 8966
Experiment finished


Visited list size: 1025


Loading samplings from /opt/nfs_dcc/experiments/shiro-ef/sampling/deep-image-96-angular-samplings--k100-ef.bin
Samplings loaded from /opt/nfs_dcc/experiments/shiro-ef/sampling/deep-image-96-angular-samplings--k100-ef.bin
Average Recall: 0.832827
Initial average recall with ef=100: 0.833511
Average Recall: 0.881806
Initial average recall with ef=150: 0.882422
Weighted average ef: 388.604
EF-estimation table computing time: 10410 ms
Training convergence-bucket 0 [26.0075, 43.8954) with 200 queries.
Average Recall: 0.6188
Initial average recall with ef=100: 0.619577
Average Recall: 0.69815
Initial average recall with ef=150: 0.699153
Recall diff is too small for 1 consecutive steps, break.
Weighted average ef: 942.05
Training convergence-bucket 1 [43.8954, 48.0468) with 200 queries.
Average Recall: 0.6381
Initial average recall with ef=100: 0.628895
Average Recall: 0.71965
Initial average recall with ef=150: 0.711713
Recall diff is too small for 1 consecutive steps, break.
Weighted average ef: 863.62
Training convergence-bucket 2 [48.0468, 54.2325) with 200 queries.
Average Recall: 0.721
Initial average recall with ef=100: 0.722033
Average Recall: 0.7971
Initial average recall with ef=150: 0.796593
Recall diff is too small for 1 consecutive steps, break.
Recall diff is too small for 1 consecutive steps, break.
Weighted average ef: 564.53
Training convergence-bucket 3 [54.2325, 58.2147) with 200 queries.
Average Recall: 0.8097
Initial average recall with ef=100: 0.805435
Average Recall: 0.87235
Initial average recall with ef=150: 0.869185
Recall diff is too small for 1 consecutive steps, break.
Weighted average ef: 327.14
Training convergence-bucket 4 [58.2147, 61.9856) with 200 queries.
Average Recall: 0.84295
Initial average recall with ef=100: 0.840924
Average Recall: 0.8986
Initial average recall with ef=150: 0.896793
Weighted average ef: 267.03
Training convergence-bucket 5 [61.9856, 65.8844) with 200 queries.
Average Recall: 0.88385
Initial average recall with ef=100: 0.885323
Average Recall: 0.9313
Initial average recall with ef=150: 0.932365
Recall diff is too small for 1 consecutive steps, break.
Weighted average ef: 196.535
Training convergence-bucket 6 [65.8844, 69.7634) with 200 queries.
Average Recall: 0.9161
Initial average recall with ef=100: 0.919553
Average Recall: 0.95205
Initial average recall with ef=150: 0.955084
Weighted average ef: 150.75
Training convergence-bucket 7 [69.7634, 74.0583) with 200 queries.
Average Recall: 0.95215
Initial average recall with ef=100: 0.952963
Average Recall: 0.97535
Initial average recall with ef=150: 0.976191
Weighted average ef: 115.375
Training convergence-bucket 8 [74.0583, 79.2991) with 200 queries.
Average Recall: 0.96275
Initial average recall with ef=100: 0.96492
Average Recall: 0.98315
Initial average recall with ef=150: 0.985027
Weighted average ef: 104.5
Training convergence-bucket 9 [79.2991, inf) with 200 queries.
Average Recall: 0.9829
Initial average recall with ef=100: 0.984162
Average Recall: 0.9904
Initial average recall with ef=150: 0.990973
Weighted average ef: 93.25
Reconstructed True WAE: 250.605 (Hard Pct: 0.0208)
****Weighted average ef: 250
Search time: 13657 ms
Search time: 13236 ms
Search time: 13714 ms
Average Recall: 0.980564
5th percentile recall: 0.93
1st percentile recall: 0.9
Median search time: 13657 ms
Search times: 13236 ms, 13657 ms, 13714 ms,
deep-image-96-angular experiment results:
statisc_length, time, avg_recall, 5th_percentile_recall, 1st_percentile_recall, recall_above_99, recall_above_95, recall_above_90
1025, 13657, 0.980564, 0.93, 0.9, 5585, 8699, 9859
Experiment finished


Visited list size: 32769


Loading samplings from /opt/nfs_dcc/experiments/shiro-ef/sampling/deep-image-96-angular-samplings--k100-ef.bin
Samplings loaded from /opt/nfs_dcc/experiments/shiro-ef/sampling/deep-image-96-angular-samplings--k100-ef.bin
Average Recall: 0.990754
Initial average recall with ef=100: 0.990776
Average Recall: 0.990754
Initial average recall with ef=150: 0.990776
Weighted average ef: 286.05
EF-estimation table computing time: 50022 ms
Training convergence-bucket 0 [59.0258, 74.6355) with 200 queries.
Average Recall: 0.94755
Initial average recall with ef=100: 0.948214
Average Recall: 0.94755
Initial average recall with ef=150: 0.948214
Recall diff is too small for 1 consecutive steps, break.
Weighted average ef: 2138.5
Training convergence-bucket 1 [74.6355, 79.0942) with 200 queries.
Average Recall: 0.9786
Initial average recall with ef=100: 0.978788
Average Recall: 0.9786
Initial average recall with ef=150: 0.978788
Weighted average ef: 99
Training convergence-bucket 2 [79.0942, 82.6205) with 200 queries.
Average Recall: 0.9907
Initial average recall with ef=100: 0.991368
Average Recall: 0.9907
Initial average recall with ef=150: 0.991368
Weighted average ef: 95
Training convergence-bucket 3 [82.6205, 85.301) with 200 queries.
Average Recall: 0.99695
Initial average recall with ef=100: 0.997296
Average Recall: 0.99695
Initial average recall with ef=150: 0.997296
Weighted average ef: 98
Training convergence-bucket 4 [85.301, 87.5522) with 200 queries.
Average Recall: 0.9983
Initial average recall with ef=100: 0.998333
Average Recall: 0.9983
Initial average recall with ef=150: 0.998333
Weighted average ef: 96
Training convergence-bucket 5 [87.5522, 89.2904) with 200 queries.
Average Recall: 0.99925
Initial average recall with ef=100: 0.999278
Average Recall: 0.99925
Initial average recall with ef=150: 0.999278
Weighted average ef: 97
Training convergence-bucket 6 [89.2904, 90.8909) with 200 queries.
Average Recall: 1
Initial average recall with ef=100: 1
Average Recall: 1
Initial average recall with ef=150: 1
Weighted average ef: 95
Training convergence-bucket 7 [90.8909, 91.9119) with 200 queries.
Average Recall: 0.99985
Initial average recall with ef=100: 0.999894
Average Recall: 0.99985
Initial average recall with ef=150: 0.999894
Weighted average ef: 94
Training convergence-bucket 8 [91.9119, 93.0291) with 200 queries.
Average Recall: 1
Initial average recall with ef=100: 1
Average Recall: 1
Initial average recall with ef=150: 1
Weighted average ef: 95
Training convergence-bucket 9 [93.0291, inf) with 200 queries.
Average Recall: 0.99635
Initial average recall with ef=100: 0.997389
Average Recall: 0.99635
Initial average recall with ef=150: 0.997389
Weighted average ef: 90
Reconstructed True WAE: 136.61 (Hard Pct: 0.0208)
****Weighted average ef: 136
Search time: 117109 ms
Search time: 117146 ms
Search time: 117168 ms
Average Recall: 0.996881
5th percentile recall: 0.98
1st percentile recall: 0.96
Median search time: 117146 ms
Search times: 117109 ms, 117146 ms, 117168 ms,
deep-image-96-angular experiment results:
statisc_length, time, avg_recall, 5th_percentile_recall, 1st_percentile_recall, recall_above_99, recall_above_95, recall_above_90
32769, 117146, 0.996881, 0.98, 0.96, 9290, 9903, 9993
Experiment finished
Dataset: glove-100-angular
Metric: cd
Truncation ratio: 0.5
Normalize the data vectors
Data vectors dimensions: 1183514 x 100
Query vectors dimensions: 10000 x 100
Neighbors dimensions: 10000 x 100
Using AVX Inner Product distance
Index loaded
Dimension of space:100
Data size of space:400
Samplings loaded


Visited list size: 33


Loading samplings from /opt/nfs_dcc/experiments/shiro-ef/sampling/glove-100-angular-samplings--k100-ef.bin
Samplings loaded from /opt/nfs_dcc/experiments/shiro-ef/sampling/glove-100-angular-samplings--k100-ef.bin
Average Recall: 0.740274
Initial average recall with ef=100: 0.739649
Average Recall: 0.783474
Initial average recall with ef=150: 0.782836
Recall diff is too small for 1 consecutive steps, break.
Recall diff is too small for 1 consecutive steps, break.
Recall diff is too small for 1 consecutive steps, break.
Recall diff is too small for 1 consecutive steps, break.
Weighted average ef: 1616.92
EF-estimation table computing time: 33149 ms
Training convergence-bucket 0 [0, 0) with 200 queries.
Average Recall: 0.7406
Initial average recall with ef=100: 0.712346
Average Recall: 0.784
Initial average recall with ef=150: 0.756605
Recall diff is too small for 1 consecutive steps, break.
Recall diff is too small for 1 consecutive steps, break.
Weighted average ef: 1610.43
Training convergence-bucket 1 [0, 0) with 200 queries.
Average Recall: 0.740855
Initial average recall with ef=100: 0.730705
Average Recall: 0.783266
Initial average recall with ef=150: 0.773205
Recall diff is too small for 1 consecutive steps, break.
Recall diff is too small for 1 consecutive steps, break.
Recall diff is too small for 1 consecutive steps, break.
Recall diff is too small for 1 consecutive steps, break.
Recall diff is too small for 1 consecutive steps, break.
Recall diff is too small for 1 consecutive steps, break.
Recall diff is too small for 1 consecutive steps, break.
Recall diff is too small for 1 consecutive steps, break.
Recall diff is too small for 1 consecutive steps, break.
Recall diff is too small for 1 consecutive steps, break.
Weighted average ef: 1012.87
Training convergence-bucket 2 [0, 0) with 200 queries.
Average Recall: 0.7781
Initial average recall with ef=100: 0.753419
Average Recall: 0.82105
Initial average recall with ef=150: 0.799161
Recall diff is too small for 1 consecutive steps, break.
Recall diff is too small for 1 consecutive steps, break.
Weighted average ef: 1184.6
Training convergence-bucket 3 [0, 0) with 200 queries.
Average Recall: 0.75825
Initial average recall with ef=100: 0.728882
Average Recall: 0.8052
Initial average recall with ef=150: 0.779671
Recall diff is too small for 1 consecutive steps, break.
Weighted average ef: 1274.5
Training convergence-bucket 4 [0, 0) with 200 queries.
Average Recall: 0.75405
Initial average recall with ef=100: 0.723694
Average Recall: 0.79485
Initial average recall with ef=150: 0.765987
Recall diff is too small for 1 consecutive steps, break.
Recall diff is too small for 1 consecutive steps, break.
Weighted average ef: 1482.64
Training convergence-bucket 5 [0, 0) with 200 queries.
Average Recall: 0.70605
Initial average recall with ef=100: 0.681428
Average Recall: 0.75135
Initial average recall with ef=150: 0.726832
Recall diff is too small for 1 consecutive steps, break.
Recall diff is too small for 1 consecutive steps, break.
Weighted average ef: 1909.78
Training convergence-bucket 6 [0, 0) with 200 queries.
Average Recall: 0.7229
Initial average recall with ef=100: 0.705952
Average Recall: 0.7683
Initial average recall with ef=150: 0.752381
Recall diff is too small for 1 consecutive steps, break.
Recall diff is too small for 1 consecutive steps, break.
Recall diff is too small for 1 consecutive steps, break.
Recall diff is too small for 1 consecutive steps, break.
Weighted average ef: 1580.77
Training convergence-bucket 7 [0, 0) with 200 queries.
Average Recall: 0.71975
Initial average recall with ef=100: 0.679935
Average Recall: 0.76365
Initial average recall with ef=150: 0.726387
Recall diff is too small for 1 consecutive steps, break.
Recall diff is too small for 1 consecutive steps, break.
Recall diff is too small for 1 consecutive steps, break.
Recall diff is too small for 1 consecutive steps, break.
Weighted average ef: 1676.37
Training convergence-bucket 8 [0, 0.586151) with 200 queries.
Average Recall: 0.7541
Initial average recall with ef=100: 0.713718
Average Recall: 0.79145
Initial average recall with ef=150: 0.753141
Recall diff is too small for 1 consecutive steps, break.
Recall diff is too small for 1 consecutive steps, break.
Recall diff is too small for 1 consecutive steps, break.
Weighted average ef: 1651.41
Training convergence-bucket 9 [0.586151, inf) with 200 queries.
Average Recall: 0.7281
Initial average recall with ef=100: 0.69805
Average Recall: 0.77165
Initial average recall with ef=150: 0.744214
Recall diff is too small for 1 consecutive steps, break.
Recall diff is too small for 1 consecutive steps, break.
Recall diff is too small for 1 consecutive steps, break.
Recall diff is too small for 1 consecutive steps, break.
Recall diff is too small for 1 consecutive steps, break.
Recall diff is too small for 1 consecutive steps, break.
Weighted average ef: 1635.06
Reconstructed True WAE: 1718.18 (Hard Pct: 0.0065)
****Weighted average ef: 1718
Search time: 51343 ms
Search time: 51335 ms
Search time: 51376 ms
Average Recall: 0.966012
5th percentile recall: 0.85
1st percentile recall: 0.76
Median search time: 51343 ms
Search times: 51335 ms, 51343 ms, 51376 ms,
glove-100-angular experiment results:
statisc_length, time, avg_recall, 5th_percentile_recall, 1st_percentile_recall, recall_above_99, recall_above_95, recall_above_90
33, 51343, 0.966012, 0.85, 0.76, 5911, 7405, 8705
Experiment finished


Visited list size: 1025


Loading samplings from /opt/nfs_dcc/experiments/shiro-ef/sampling/glove-100-angular-samplings--k100-ef.bin
Samplings loaded from /opt/nfs_dcc/experiments/shiro-ef/sampling/glove-100-angular-samplings--k100-ef.bin
Average Recall: 0.740274
Initial average recall with ef=100: 0.739266
Average Recall: 0.783474
Initial average recall with ef=150: 0.782607
Recall diff is too small for 1 consecutive steps, break.
Recall diff is too small for 1 consecutive steps, break.
Recall diff is too small for 1 consecutive steps, break.
Recall diff is too small for 1 consecutive steps, break.
Weighted average ef: 1444.74
EF-estimation table computing time: 24560 ms
Training convergence-bucket 0 [16.463, 33.7761) with 200 queries.
Average Recall: 0.469
Initial average recall with ef=100: 0.452324
Average Recall: 0.5201
Initial average recall with ef=150: 0.504108
Recall diff is too small for 1 consecutive steps, break.
Recall diff is too small for 1 consecutive steps, break.
Weighted average ef: 4022.88
Training convergence-bucket 1 [33.7761, 41.0899) with 200 queries.
Average Recall: 0.491055
Initial average recall with ef=100: 0.483333
Average Recall: 0.547236
Initial average recall with ef=150: 0.53963
Recall diff is too small for 1 consecutive steps, break.
Recall diff is too small for 1 consecutive steps, break.
Weighted average ef: 3484.56
Training convergence-bucket 2 [41.0899, 46.8379) with 200 queries.
Average Recall: 0.55415
Initial average recall with ef=100: 0.540778
Average Recall: 0.61165
Initial average recall with ef=150: 0.598667
Recall diff is too small for 1 consecutive steps, break.
Recall diff is too small for 1 consecutive steps, break.
Recall diff is too small for 1 consecutive steps, break.
Recall diff is too small for 1 consecutive steps, break.
Weighted average ef: 2774.24
Training convergence-bucket 3 [46.8379, 52.16) with 200 queries.
Average Recall: 0.6619
Initial average recall with ef=100: 0.651167
Average Recall: 0.72235
Initial average recall with ef=150: 0.713222
Weighted average ef: 1690.87
Training convergence-bucket 4 [52.16, 57.5932) with 200 queries.
Average Recall: 0.7206
Initial average recall with ef=100: 0.717778
Average Recall: 0.77625
Initial average recall with ef=150: 0.773055
Recall diff is too small for 1 consecutive steps, break.
Weighted average ef: 1129.4
Training convergence-bucket 5 [57.5932, 62.6179) with 200 queries.
Average Recall: 0.8243
Initial average recall with ef=100: 0.822804
Average Recall: 0.87345
Initial average recall with ef=150: 0.871005
Weighted average ef: 581.99
Training convergence-bucket 6 [62.6179, 67.9612) with 200 queries.
Average Recall: 0.8636
Initial average recall with ef=100: 0.854943
Average Recall: 0.9032
Initial average recall with ef=150: 0.896591
Recall diff is too small for 1 consecutive steps, break.
Weighted average ef: 364.325
Training convergence-bucket 7 [67.9612, 73.0703) with 200 queries.
Average Recall: 0.90545
Initial average recall with ef=100: 0.9125
Average Recall: 0.9339
Initial average recall with ef=150: 0.942439
Weighted average ef: 197.65
Training convergence-bucket 8 [73.0703, 78.3455) with 200 queries.
Average Recall: 0.943601
Initial average recall with ef=100: 0.94267
Average Recall: 0.9657
Initial average recall with ef=150: 0.965079
Weighted average ef: 162.59
Training convergence-bucket 9 [78.3455, inf) with 200 queries.
Average Recall: 0.967851
Initial average recall with ef=100: 0.97095
Average Recall: 0.97975
Initial average recall with ef=150: 0.982905
Weighted average ef: 119.905
Reconstructed True WAE: 1341.46 (Hard Pct: 0.0065)
****Weighted average ef: 1341
Search time: 57048 ms
Search time: 57076 ms
Search time: 57067 ms
Average Recall: 0.977804
5th percentile recall: 0.91
1st percentile recall: 0.87
Median search time: 57067 ms
Search times: 57048 ms, 57067 ms, 57076 ms,
glove-100-angular experiment results:
statisc_length, time, avg_recall, 5th_percentile_recall, 1st_percentile_recall, recall_above_99, recall_above_95, recall_above_90
1025, 57067, 0.977804, 0.91, 0.87, 5863, 8080, 9628
Experiment finished


Visited list size: 32769


Loading samplings from /opt/nfs_dcc/experiments/shiro-ef/sampling/glove-100-angular-samplings--k100-ef.bin
Samplings loaded from /opt/nfs_dcc/experiments/shiro-ef/sampling/glove-100-angular-samplings--k100-ef.bin
Average Recall: 0.935412
Initial average recall with ef=100: 0.935149
Average Recall: 0.935412
Initial average recall with ef=150: 0.935149
Weighted average ef: 1823.85
EF-estimation table computing time: 55982 ms
Training convergence-bucket 0 [51.5519, 62.7508) with 200 queries.
Average Recall: 0.73745
Initial average recall with ef=100: 0.738334
Average Recall: 0.73745
Initial average recall with ef=150: 0.738334
Weighted average ef: 4950
Training convergence-bucket 1 [62.7508, 68.9629) with 200 queries.
Average Recall: 0.8262
Initial average recall with ef=100: 0.824592
Average Recall: 0.8262
Initial average recall with ef=150: 0.824592
Weighted average ef: 4900
Training convergence-bucket 2 [68.9629, 74.693) with 200 queries.
Average Recall: 0.89195
Initial average recall with ef=100: 0.892081
Average Recall: 0.89195
Initial average recall with ef=150: 0.892081
Weighted average ef: 4853.35
Training convergence-bucket 3 [74.693, 79.7683) with 200 queries.
Average Recall: 0.9474
Initial average recall with ef=100: 0.947121
Average Recall: 0.9474
Initial average recall with ef=150: 0.947121
Weighted average ef: 2343.92
Training convergence-bucket 4 [79.7683, 83.7239) with 200 queries.
Average Recall: 0.97135
Initial average recall with ef=100: 0.971072
Average Recall: 0.97135
Initial average recall with ef=150: 0.971072
Weighted average ef: 356.96
Training convergence-bucket 5 [83.7239, 86.4612) with 200 queries.
Average Recall: 0.987601
Initial average recall with ef=100: 0.987333
Average Recall: 0.987601
Initial average recall with ef=150: 0.987333
Weighted average ef: 97.5
Training convergence-bucket 6 [86.4612, 88.7439) with 200 queries.
Average Recall: 0.9948
Initial average recall with ef=100: 0.994632
Average Recall: 0.9948
Initial average recall with ef=150: 0.994632
Weighted average ef: 95
Training convergence-bucket 7 [88.7439, 90.8525) with 200 queries.
Average Recall: 0.9981
Initial average recall with ef=100: 0.997946
Average Recall: 0.9981
Initial average recall with ef=150: 0.997946
Weighted average ef: 92.5
Training convergence-bucket 8 [90.8525, 92.5236) with 200 queries.
Average Recall: 0.99935
Initial average recall with ef=100: 0.999395
Average Recall: 0.99935
Initial average recall with ef=150: 0.999395
Weighted average ef: 91
Training convergence-bucket 9 [92.5236, inf) with 200 queries.
Average Recall: 0.99995
Initial average recall with ef=100: 0.999945
Average Recall: 0.99995
Initial average recall with ef=150: 0.999945
Weighted average ef: 90.5
Reconstructed True WAE: 1643.31 (Hard Pct: 0.0065)
****Weighted average ef: 1643
Search time: 145969 ms
Search time: 147585 ms
Search time: 147547 ms
Average Recall: 0.981721
5th percentile recall: 0.93
1st percentile recall: 0.89
Median search time: 147547 ms
Search times: 145969 ms, 147547 ms, 147585 ms,
glove-100-angular experiment results:
statisc_length, time, avg_recall, 5th_percentile_recall, 1st_percentile_recall, recall_above_99, recall_above_95, recall_above_90
32769, 147547, 0.981721, 0.93, 0.89, 6213, 8583, 9795
Experiment finished
Dataset: word2vec-300-angular
Metric: cd
Truncation ratio: 0.5
Normalize the data vectors
Data vectors dimensions: 1000000 x 300
Query vectors dimensions: 1000 x 300
Neighbors dimensions: 1000 x 100
Using AVX Inner Product distance
Index loaded
Dimension of space:300
Data size of space:1200
Samplings loaded


Visited list size: 33


Loading samplings from /opt/nfs_dcc/experiments/shiro-ef/sampling/word2vec-300-angular-samplings--k100-ef.bin
Samplings loaded from /opt/nfs_dcc/experiments/shiro-ef/sampling/word2vec-300-angular-samplings--k100-ef.bin
Average Recall: 0.823126
Initial average recall with ef=100: 0.823105
Average Recall: 0.869401
Initial average recall with ef=150: 0.869399
Weighted average ef: 461.377
EF-estimation table computing time: 14588 ms
Training convergence-bucket 0 [0, 0) with 200 queries.
Average Recall: 0.8979
Initial average recall with ef=100: 0.894133
Average Recall: 0.9325
Initial average recall with ef=150: 0.927933
Recall diff is too small for 1 consecutive steps, break.
Recall diff is too small for 1 consecutive steps, break.
Weighted average ef: 210.73
Training convergence-bucket 1 [0, 0) with 200 queries.
Average Recall: 0.89265
Initial average recall with ef=100: 0.878904
Average Recall: 0.92805
Initial average recall with ef=150: 0.918356
Recall diff is too small for 1 consecutive steps, break.
Recall diff is too small for 1 consecutive steps, break.
Weighted average ef: 230.155
Training convergence-bucket 2 [0, 0) with 200 queries.
Average Recall: 0.89225
Initial average recall with ef=100: 0.883444
Average Recall: 0.92785
Initial average recall with ef=150: 0.922848
Recall diff is too small for 1 consecutive steps, break.
Weighted average ef: 215.615
Training convergence-bucket 3 [0, 0) with 200 queries.
Average Recall: 0.9049
Initial average recall with ef=100: 0.898513
Average Recall: 0.93855
Initial average recall with ef=150: 0.934122
Weighted average ef: 184.405
Training convergence-bucket 4 [0, 0) with 200 queries.
Average Recall: 0.74155
Initial average recall with ef=100: 0.722532
Average Recall: 0.80445
Initial average recall with ef=150: 0.792722
Recall diff is too small for 1 consecutive steps, break.
Weighted average ef: 502.015
Training convergence-bucket 5 [0, 0) with 200 queries.
Average Recall: 0.67195
Initial average recall with ef=100: 0.628089
Average Recall: 0.7407
Initial average recall with ef=150: 0.703057
Weighted average ef: 696.05
Training convergence-bucket 6 [0, 0) with 200 queries.
Average Recall: 0.7081
Initial average recall with ef=100: 0.663212
Average Recall: 0.77845
Initial average recall with ef=150: 0.742909
Recall diff is too small for 1 consecutive steps, break.
Recall diff is too small for 1 consecutive steps, break.
Weighted average ef: 601.23
Training convergence-bucket 7 [0, 0) with 200 queries.
Average Recall: 0.87975
Initial average recall with ef=100: 0.878562
Average Recall: 0.9167
Initial average recall with ef=150: 0.915548
Recall diff is too small for 1 consecutive steps, break.
Recall diff is too small for 1 consecutive steps, break.
Recall diff is too small for 1 consecutive steps, break.
Recall diff is too small for 1 consecutive steps, break.
Weighted average ef: 223.44
Training convergence-bucket 8 [0, 5.56125) with 200 queries.
Average Recall: 0.86
Initial average recall with ef=100: 0.846533
Average Recall: 0.89635
Initial average recall with ef=150: 0.884
Recall diff is too small for 1 consecutive steps, break.
Weighted average ef: 317.125
Training convergence-bucket 9 [5.56125, inf) with 200 queries.
Average Recall: 0.78225
Initial average recall with ef=100: 0.778137
Average Recall: 0.83045
Initial average recall with ef=150: 0.827764
Recall diff is too small for 1 consecutive steps, break.
Recall diff is too small for 1 consecutive steps, break.
Weighted average ef: 499.245
Reconstructed True WAE: 301.999 (Hard Pct: 0.02435)
****Weighted average ef: 301
Search time: 1499 ms
Search time: 1502 ms
Search time: 1580 ms
Average Recall: 0.96393
5th percentile recall: 0.84
1st percentile recall: 0.74
Median search time: 1502 ms
Search times: 1499 ms, 1502 ms, 1580 ms,
word2vec-300-angular experiment results:
statisc_length, time, avg_recall, 5th_percentile_recall, 1st_percentile_recall, recall_above_99, recall_above_95, recall_above_90
33, 1502, 0.96393, 0.84, 0.74, 557, 748, 876
Experiment finished


Visited list size: 1025


Loading samplings from /opt/nfs_dcc/experiments/shiro-ef/sampling/word2vec-300-angular-samplings--k100-ef.bin
Samplings loaded from /opt/nfs_dcc/experiments/shiro-ef/sampling/word2vec-300-angular-samplings--k100-ef.bin
Average Recall: 0.823151
Initial average recall with ef=100: 0.82403
Average Recall: 0.869401
Initial average recall with ef=150: 0.870276
Weighted average ef: 429.833
EF-estimation table computing time: 15575 ms
Training convergence-bucket 0 [17.3626, 42.1819) with 200 queries.
Average Recall: 0.5901
Initial average recall with ef=100: 0.599355
Average Recall: 0.66845
Initial average recall with ef=150: 0.678333
Recall diff is too small for 1 consecutive steps, break.
Recall diff is too small for 1 consecutive steps, break.
Weighted average ef: 868.505
Training convergence-bucket 1 [42.1819, 45.894) with 200 queries.
Average Recall: 0.63195
Initial average recall with ef=100: 0.636409
Average Recall: 0.71825
Initial average recall with ef=150: 0.722873
Recall diff is too small for 1 consecutive steps, break.
Weighted average ef: 803.32
Training convergence-bucket 2 [45.894, 52.1049) with 200 queries.
Average Recall: 0.6673
Initial average recall with ef=100: 0.658462
Average Recall: 0.73735
Initial average recall with ef=150: 0.730604
Recall diff is too small for 1 consecutive steps, break.
Recall diff is too small for 1 consecutive steps, break.
Recall diff is too small for 1 consecutive steps, break.
Weighted average ef: 781.545
Training convergence-bucket 3 [52.1049, 58.8628) with 200 queries.
Average Recall: 0.7934
Initial average recall with ef=100: 0.792768
Average Recall: 0.8508
Initial average recall with ef=150: 0.851525
Recall diff is too small for 1 consecutive steps, break.
Recall diff is too small for 1 consecutive steps, break.
Recall diff is too small for 1 consecutive steps, break.
Recall diff is too small for 1 consecutive steps, break.
Weighted average ef: 495.95
Training convergence-bucket 4 [58.8628, 64.0561) with 200 queries.
Average Recall: 0.85905
Initial average recall with ef=100: 0.856687
Average Recall: 0.90425
Initial average recall with ef=150: 0.904458
Weighted average ef: 255.955
Training convergence-bucket 5 [64.0561, 68.1161) with 200 queries.
Average Recall: 0.8934
Initial average recall with ef=100: 0.888883
Average Recall: 0.93185
Initial average recall with ef=150: 0.92905
Weighted average ef: 222.85
Training convergence-bucket 6 [68.1161, 71.116) with 200 queries.
Average Recall: 0.91845
Initial average recall with ef=100: 0.920471
Average Recall: 0.9495
Initial average recall with ef=150: 0.950647
Weighted average ef: 157.605
Training convergence-bucket 7 [71.116, 74.5257) with 200 queries.
Average Recall: 0.94465
Initial average recall with ef=100: 0.94422
Average Recall: 0.9699
Initial average recall with ef=150: 0.970174
Weighted average ef: 124.555
Training convergence-bucket 8 [74.5257, 77.8442) with 200 queries.
Average Recall: 0.957251
Initial average recall with ef=100: 0.958976
Average Recall: 0.97635
Initial average recall with ef=150: 0.978253
Weighted average ef: 94.34
Training convergence-bucket 9 [77.8442, inf) with 200 queries.
Average Recall: 0.976001
Initial average recall with ef=100: 0.97814
Average Recall: 0.98735
Initial average recall with ef=150: 0.988837
Weighted average ef: 92.5
Reconstructed True WAE: 290.549 (Hard Pct: 0.02435)
****Weighted average ef: 290
Search time: 1872 ms
Search time: 1873 ms
Search time: 1871 ms
Average Recall: 0.97359
5th percentile recall: 0.89
1st percentile recall: 0.78
Median search time: 1872 ms
Search times: 1871 ms, 1872 ms, 1873 ms,
word2vec-300-angular experiment results:
statisc_length, time, avg_recall, 5th_percentile_recall, 1st_percentile_recall, recall_above_99, recall_above_95, recall_above_90
1025, 1872, 0.97359, 0.89, 0.78, 603, 808, 928
Experiment finished


Visited list size: 32769


Loading samplings from /opt/nfs_dcc/experiments/shiro-ef/sampling/word2vec-300-angular-samplings--k100-ef.bin
Samplings loaded from /opt/nfs_dcc/experiments/shiro-ef/sampling/word2vec-300-angular-samplings--k100-ef.bin
Average Recall: 0.980338
Initial average recall with ef=100: 0.980378
Average Recall: 0.980338
Initial average recall with ef=150: 0.980378
Recall diff is too small for 1 consecutive steps, break.
Recall diff is too small for 1 consecutive steps, break.
Recall diff is too small for 1 consecutive steps, break.
Recall diff is too small for 1 consecutive steps, break.
Recall diff is too small for 1 consecutive steps, break.
Recall diff is too small for 1 consecutive steps, break.
Recall diff is too small for 1 consecutive steps, break.
Recall diff is too small for 1 consecutive steps, break.
Recall diff is too small for 1 consecutive steps, break.
Weighted average ef: 102.65
EF-estimation table computing time: 54908 ms
Training convergence-bucket 0 [53.8659, 79.0125) with 200 queries.
Average Recall: 0.8914
Initial average recall with ef=100: 0.892256
Average Recall: 0.8914
Initial average recall with ef=150: 0.892256
Recall diff is too small for 1 consecutive steps, break.
Recall diff is too small for 1 consecutive steps, break.
Recall diff is too small for 1 consecutive steps, break.
Recall diff is too small for 1 consecutive steps, break.
Recall diff is too small for 1 consecutive steps, break.
Recall diff is too small for 1 consecutive steps, break.
Recall diff is too small for 1 consecutive steps, break.
Recall diff is too small for 1 consecutive steps, break.
Recall diff is too small for 1 consecutive steps, break.
Recall diff is too small for 1 consecutive steps, break.
Recall diff is too small for 1 consecutive steps, break.
Recall diff is too small for 1 consecutive steps, break.
Recall diff is too small for 1 consecutive steps, break.
Recall diff is too small for 1 consecutive steps, break.
Recall diff is too small for 1 consecutive steps, break.
Recall diff is too small for 1 consecutive steps, break.
Weighted average ef: 146.25
Training convergence-bucket 1 [79.0125, 82.6214) with 200 queries.
Average Recall: 0.96415
Initial average recall with ef=100: 0.966117
Average Recall: 0.96415
Initial average recall with ef=150: 0.966117
Recall diff is too small for 1 consecutive steps, break.
Recall diff is too small for 1 consecutive steps, break.
Recall diff is too small for 1 consecutive steps, break.
Recall diff is too small for 1 consecutive steps, break.
Weighted average ef: 96.52
Training convergence-bucket 2 [82.6214, 85.2413) with 200 queries.
Average Recall: 0.98205
Initial average recall with ef=100: 0.983105
Average Recall: 0.98205
Initial average recall with ef=150: 0.983105
Recall diff is too small for 1 consecutive steps, break.
Recall diff is too small for 1 consecutive steps, break.
Weighted average ef: 96.25
Training convergence-bucket 3 [85.2413, 87.4276) with 200 queries.
Average Recall: 0.987151
Initial average recall with ef=100: 0.988933
Average Recall: 0.987151
Initial average recall with ef=150: 0.988933
Recall diff is too small for 1 consecutive steps, break.
Weighted average ef: 89
Training convergence-bucket 4 [87.4276, 89.1414) with 200 queries.
Average Recall: 0.9901
Initial average recall with ef=100: 0.9925
Average Recall: 0.9901
Initial average recall with ef=150: 0.9925
Weighted average ef: 86
Training convergence-bucket 5 [89.1414, 90.5492) with 200 queries.
Average Recall: 0.99405
Initial average recall with ef=100: 0.996287
Average Recall: 0.99405
Initial average recall with ef=150: 0.996287
Weighted average ef: 83.5
Training convergence-bucket 6 [90.5492, 91.6232) with 200 queries.
Average Recall: 0.9975
Initial average recall with ef=100: 0.998563
Average Recall: 0.9975
Initial average recall with ef=150: 0.998563
Weighted average ef: 83.5
Training convergence-bucket 7 [91.6232, 92.6179) with 200 queries.
Average Recall: 0.99835
Initial average recall with ef=100: 0.998667
Average Recall: 0.99835
Initial average recall with ef=150: 0.998667
Weighted average ef: 82.5
Training convergence-bucket 8 [92.6179, 93.6269) with 200 queries.
Average Recall: 0.99955
Initial average recall with ef=100: 0.999661
Average Recall: 0.99955
Initial average recall with ef=150: 0.999661
Weighted average ef: 88.5
Training convergence-bucket 9 [93.6269, inf) with 200 queries.
Average Recall: 0.9991
Initial average recall with ef=100: 0.999257
Average Recall: 0.9991
Initial average recall with ef=150: 0.999257
Weighted average ef: 87.5
Reconstructed True WAE: 101.986 (Hard Pct: 0.02435)
****Weighted average ef: 101
Search time: 13114 ms
Search time: 13268 ms
Search time: 13398 ms
Average Recall: 0.98948
5th percentile recall: 0.94
1st percentile recall: 0.87
Median search time: 13268 ms
Search times: 13114 ms, 13268 ms, 13398 ms,
word2vec-300-angular experiment results:
statisc_length, time, avg_recall, 5th_percentile_recall, 1st_percentile_recall, recall_above_99, recall_above_95, recall_above_90
32769, 13268, 0.98948, 0.94, 0.87, 814, 923, 977
Experiment finished
Dataset: sift10m-128-euclidean
Metric: l2
Truncation ratio: 0.5
Data vectors dimensions: 10000000 x 128
Query vectors dimensions: 1000 x 128
Neighbors dimensions: 1000 x 100
Index loaded
Dimension of space:128
Data size of space:512
Samplings loaded


Visited list size: 33


Loading samplings from /opt/nfs_dcc/experiments/shiro-ef/sampling/sift10m-128-euclidean-samplings--k100-ef.bin
Samplings loaded from /opt/nfs_dcc/experiments/shiro-ef/sampling/sift10m-128-euclidean-samplings--k100-ef.bin
Average Recall: 0.853566
Initial average recall with ef=100: 0.854738
Average Recall: 0.901061
Initial average recall with ef=150: 0.902105
Weighted average ef: 294.295
EF-estimation table computing time: 7672 ms
Training convergence-bucket 0 [0, 0) with 200 queries.
Average Recall: 0.91215
Initial average recall with ef=100: 0.916964
Average Recall: 0.94755
Initial average recall with ef=150: 0.951369
Weighted average ef: 144.705
Training convergence-bucket 1 [0, 0) with 200 queries.
Average Recall: 0.8871
Initial average recall with ef=100: 0.888239
Average Recall: 0.93135
Initial average recall with ef=150: 0.93239
Weighted average ef: 176.025
Training convergence-bucket 2 [0, 0) with 200 queries.
Average Recall: 0.88225
Initial average recall with ef=100: 0.884383
Average Recall: 0.9258
Initial average recall with ef=150: 0.928025
Weighted average ef: 180.075
Training convergence-bucket 3 [0, 0) with 200 queries.
Average Recall: 0.8982
Initial average recall with ef=100: 0.907771
Average Recall: 0.93905
Initial average recall with ef=150: 0.945414
Weighted average ef: 135.48
Training convergence-bucket 4 [0, 0) with 200 queries.
Average Recall: 0.7681
Initial average recall with ef=100: 0.758293
Average Recall: 0.8266
Initial average recall with ef=150: 0.817317
Weighted average ef: 441.235
Training convergence-bucket 5 [0, 0) with 200 queries.
Average Recall: 0.79135
Initial average recall with ef=100: 0.786832
Average Recall: 0.85245
Initial average recall with ef=150: 0.85
Weighted average ef: 354.62
Training convergence-bucket 6 [0, 0) with 200 queries.
Average Recall: 0.76565
Initial average recall with ef=100: 0.75921
Average Recall: 0.83
Initial average recall with ef=150: 0.823158
Recall diff is too small for 1 consecutive steps, break.
Recall diff is too small for 1 consecutive steps, break.
Weighted average ef: 394.49
Training convergence-bucket 7 [0, 0.00145292) with 200 queries.
Average Recall: 0.8811
Initial average recall with ef=100: 0.886154
Average Recall: 0.92655
Initial average recall with ef=150: 0.930833
Weighted average ef: 172.055
Training convergence-bucket 8 [0.00145292, 5.56125) with 200 queries.
Average Recall: 0.8943
Initial average recall with ef=100: 0.915379
Average Recall: 0.93255
Initial average recall with ef=150: 0.947931
Weighted average ef: 133.08
Training convergence-bucket 9 [5.56125, inf) with 200 queries.
Average Recall: 0.8555
Initial average recall with ef=100: 0.863007
Average Recall: 0.89875
Initial average recall with ef=150: 0.90549
Weighted average ef: 235.74
Reconstructed True WAE: 214.16 (Hard Pct: 0.01945)
****Weighted average ef: 214
Search time: 983 ms
Search time: 901 ms
Search time: 948 ms
Average Recall: 0.96226
5th percentile recall: 0.86
1st percentile recall: 0.79
Median search time: 948 ms
Search times: 901 ms, 948 ms, 983 ms,
sift10m-128-euclidean experiment results:
statisc_length, time, avg_recall, 5th_percentile_recall, 1st_percentile_recall, recall_above_99, recall_above_95, recall_above_90
33, 948, 0.96226, 0.86, 0.79, 432, 713, 880
Experiment finished


Visited list size: 1025


Loading samplings from /opt/nfs_dcc/experiments/shiro-ef/sampling/sift10m-128-euclidean-samplings--k100-ef.bin
Samplings loaded from /opt/nfs_dcc/experiments/shiro-ef/sampling/sift10m-128-euclidean-samplings--k100-ef.bin
Average Recall: 0.853566
Initial average recall with ef=100: 0.853951
Average Recall: 0.901071
Initial average recall with ef=150: 0.901442
Recall diff is too small for 1 consecutive steps, break.
Weighted average ef: 304.436
EF-estimation table computing time: 9238 ms
Training convergence-bucket 0 [24.3126, 48.7863) with 200 queries.
Average Recall: 0.6612
Initial average recall with ef=100: 0.659278
Average Recall: 0.7388
Initial average recall with ef=150: 0.73732
Weighted average ef: 745.875
Training convergence-bucket 1 [48.7863, 52.4761) with 200 queries.
Average Recall: 0.6924
Initial average recall with ef=100: 0.691368
Average Recall: 0.76975
Initial average recall with ef=150: 0.769105
Weighted average ef: 584.84
Training convergence-bucket 2 [52.4761, 57.9109) with 200 queries.
Average Recall: 0.77475
Initial average recall with ef=100: 0.772169
Average Recall: 0.84375
Initial average recall with ef=150: 0.841958
Weighted average ef: 391.45
Training convergence-bucket 3 [57.9109, 61.4362) with 200 queries.
Average Recall: 0.8315
Initial average recall with ef=100: 0.830368
Average Recall: 0.89185
Initial average recall with ef=150: 0.891368
Weighted average ef: 279.615
Training convergence-bucket 4 [61.4362, 64.6833) with 200 queries.
Average Recall: 0.8578
Initial average recall with ef=100: 0.853549
Average Recall: 0.91165
Initial average recall with ef=150: 0.908441
Weighted average ef: 240.945
Training convergence-bucket 5 [64.6833, 67.8068) with 200 queries.
Average Recall: 0.8959
Initial average recall with ef=100: 0.895465
Average Recall: 0.9401
Initial average recall with ef=150: 0.940273
Weighted average ef: 178.795
Training convergence-bucket 6 [67.8068, 71.3931) with 200 queries.
Average Recall: 0.92055
Initial average recall with ef=100: 0.922043
Average Recall: 0.95755
Initial average recall with ef=150: 0.958925
Weighted average ef: 144
Training convergence-bucket 7 [71.3931, 74.6687) with 200 queries.
Average Recall: 0.946101
Initial average recall with ef=100: 0.947077
Average Recall: 0.975601
Initial average recall with ef=150: 0.976564
Weighted average ef: 123.25
Training convergence-bucket 8 [74.6687, 78.8065) with 200 queries.
Average Recall: 0.96695
Initial average recall with ef=100: 0.97129
Average Recall: 0.98555
Initial average recall with ef=150: 0.988172
Weighted average ef: 98.25
Training convergence-bucket 9 [78.8065, inf) with 200 queries.
Average Recall: 0.98855
Initial average recall with ef=100: 0.991492
Average Recall: 0.99615
Initial average recall with ef=150: 0.997403
Weighted average ef: 90.5
Reconstructed True WAE: 215.182 (Hard Pct: 0.01945)
****Weighted average ef: 215
Search time: 1441 ms
Search time: 1399 ms
Search time: 1390 ms
Average Recall: 0.98085
5th percentile recall: 0.94
1st percentile recall: 0.91
Median search time: 1399 ms
Search times: 1390 ms, 1399 ms, 1441 ms,
sift10m-128-euclidean experiment results:
statisc_length, time, avg_recall, 5th_percentile_recall, 1st_percentile_recall, recall_above_99, recall_above_95, recall_above_90
1025, 1399, 0.98085, 0.94, 0.91, 524, 884, 996
Experiment finished


Visited list size: 32769


Loading samplings from /opt/nfs_dcc/experiments/shiro-ef/sampling/sift10m-128-euclidean-samplings--k100-ef.bin
Samplings loaded from /opt/nfs_dcc/experiments/shiro-ef/sampling/sift10m-128-euclidean-samplings--k100-ef.bin
Average Recall: 0.995379
Initial average recall with ef=100: 0.995486
Average Recall: 0.995379
Initial average recall with ef=150: 0.995486
Weighted average ef: 99.8
EF-estimation table computing time: 49932 ms
Training convergence-bucket 0 [65.7993, 76.3095) with 200 queries.
Average Recall: 0.975201
Initial average recall with ef=100: 0.975795
Average Recall: 0.975201
Initial average recall with ef=150: 0.975795
Weighted average ef: 97.5
Training convergence-bucket 1 [76.3095, 79.6391) with 200 queries.
Average Recall: 0.989
Initial average recall with ef=100: 0.989035
Average Recall: 0.989
Initial average recall with ef=150: 0.989035
Weighted average ef: 98.5
Training convergence-bucket 2 [79.6391, 82.5423) with 200 queries.
Average Recall: 0.9941
Initial average recall with ef=100: 0.994112
Average Recall: 0.9941
Initial average recall with ef=150: 0.994112
Weighted average ef: 98.5
Training convergence-bucket 3 [82.5423, 85.2509) with 200 queries.
Average Recall: 0.99725
Initial average recall with ef=100: 0.99736
Average Recall: 0.99725
Initial average recall with ef=150: 0.99736
Weighted average ef: 98.5
Training convergence-bucket 4 [85.2509, 87.2116) with 200 queries.
Average Recall: 0.99905
Initial average recall with ef=100: 0.999105
Average Recall: 0.99905
Initial average recall with ef=150: 0.999105
Weighted average ef: 95
Training convergence-bucket 5 [87.2116, 88.8964) with 200 queries.
Average Recall: 0.99965
Initial average recall with ef=100: 0.999643
Average Recall: 0.99965
Initial average recall with ef=150: 0.999643
Weighted average ef: 98
Training convergence-bucket 6 [88.8964, 90.4163) with 200 queries.
Average Recall: 0.9997
Initial average recall with ef=100: 0.999844
Average Recall: 0.9997
Initial average recall with ef=150: 0.999844
Weighted average ef: 96
Training convergence-bucket 7 [90.4163, 91.6651) with 200 queries.
Average Recall: 0.99995
Initial average recall with ef=100: 0.999947
Average Recall: 0.99995
Initial average recall with ef=150: 0.999947
Weighted average ef: 95
Training convergence-bucket 8 [91.6651, 92.8061) with 200 queries.
Average Recall: 0.99995
Initial average recall with ef=100: 0.999946
Average Recall: 0.99995
Initial average recall with ef=150: 0.999946
Weighted average ef: 93
Training convergence-bucket 9 [92.8061, inf) with 200 queries.
Average Recall: 0.99995
Initial average recall with ef=100: 0.999946
Average Recall: 0.99995
Initial average recall with ef=150: 0.999946
Weighted average ef: 92.5
Reconstructed True WAE: 100 (Hard Pct: 0.01945)
****Weighted average ef: 100
Search time: 12943 ms
Search time: 12823 ms
Search time: 12337 ms
Average Recall: 0.99782
5th percentile recall: 0.99
1st percentile recall: 0.97
Median search time: 12823 ms
Search times: 12337 ms, 12823 ms, 12943 ms,
sift10m-128-euclidean experiment results:
statisc_length, time, avg_recall, 5th_percentile_recall, 1st_percentile_recall, recall_above_99, recall_above_95, recall_above_90
32769, 12823, 0.99782, 0.99, 0.97, 953, 997, 1000
Experiment finished
Dataset: gist-960-euclidean
Metric: l2
Truncation ratio: 0.5
Data vectors dimensions: 1000000 x 960
Query vectors dimensions: 1000 x 960
Neighbors dimensions: 1000 x 100
Index loaded
Dimension of space:960
Data size of space:3840
Samplings loaded


Visited list size: 33


Loading samplings from /opt/nfs_dcc/experiments/shiro-ef/sampling/gist-960-euclidean-samplings--k100-ef.bin
Samplings loaded from /opt/nfs_dcc/experiments/shiro-ef/sampling/gist-960-euclidean-samplings--k100-ef.bin
Average Recall: 0.730425
Initial average recall with ef=100: 0.730477
Average Recall: 0.803684
Initial average recall with ef=150: 0.803747
Recall diff is too small for 1 consecutive steps, break.
Weighted average ef: 608.756
EF-estimation table computing time: 50243 ms
Training convergence-bucket 0 [0, 0) with 200 queries.
Average Recall: 0.73645
Initial average recall with ef=100: 0.731474
Average Recall: 0.80865
Initial average recall with ef=150: 0.806538
Weighted average ef: 445.695
Training convergence-bucket 1 [0, 0) with 200 queries.
Average Recall: 0.7484
Initial average recall with ef=100: 0.73703
Average Recall: 0.82255
Initial average recall with ef=150: 0.812364
Recall diff is too small for 1 consecutive steps, break.
Recall diff is too small for 1 consecutive steps, break.
Weighted average ef: 466.805
Training convergence-bucket 2 [0, 0) with 200 queries.
Average Recall: 0.7606
Initial average recall with ef=100: 0.73902
Average Recall: 0.82995
Initial average recall with ef=150: 0.811895
Weighted average ef: 446.715
Training convergence-bucket 3 [0, 0) with 200 queries.
Average Recall: 0.7568
Initial average recall with ef=100: 0.746545
Average Recall: 0.83105
Initial average recall with ef=150: 0.82097
Weighted average ef: 449.725
Training convergence-bucket 4 [0, 0) with 200 queries.
Average Recall: 0.7622
Initial average recall with ef=100: 0.744423
Average Recall: 0.8361
Initial average recall with ef=150: 0.821795
Recall diff is too small for 1 consecutive steps, break.
Recall diff is too small for 1 consecutive steps, break.
Recall diff is too small for 1 consecutive steps, break.
Weighted average ef: 408.9
Training convergence-bucket 5 [0, 0) with 200 queries.
Average Recall: 0.6754
Initial average recall with ef=100: 0.65361
Average Recall: 0.75315
Initial average recall with ef=150: 0.734852
Recall diff is too small for 1 consecutive steps, break.
Recall diff is too small for 1 consecutive steps, break.
Recall diff is too small for 1 consecutive steps, break.
Weighted average ef: 761.475
Training convergence-bucket 6 [0, 0) with 200 queries.
Average Recall: 0.5844
Initial average recall with ef=100: 0.547193
Average Recall: 0.67335
Initial average recall with ef=150: 0.640877
Recall diff is too small for 1 consecutive steps, break.
Recall diff is too small for 1 consecutive steps, break.
Recall diff is too small for 1 consecutive steps, break.
Recall diff is too small for 1 consecutive steps, break.
Weighted average ef: 1167.33
Training convergence-bucket 7 [0, 0) with 200 queries.
Average Recall: 0.7577
Initial average recall with ef=100: 0.735031
Average Recall: 0.8252
Initial average recall with ef=150: 0.807044
Recall diff is too small for 1 consecutive steps, break.
Weighted average ef: 463.185
Training convergence-bucket 8 [0, 2.62695) with 200 queries.
Average Recall: 0.76415
Initial average recall with ef=100: 0.750745
Average Recall: 0.83245
Initial average recall with ef=150: 0.82
Weighted average ef: 452.645
Training convergence-bucket 9 [2.62695, inf) with 200 queries.
Average Recall: 0.75815
Initial average recall with ef=100: 0.753758
Average Recall: 0.8244
Initial average recall with ef=150: 0.821529
Weighted average ef: 478.495
Reconstructed True WAE: 529.813 (Hard Pct: 0.0111)
****Weighted average ef: 529
Search time: 5730 ms
Search time: 5655 ms
Search time: 5404 ms
Average Recall: 0.9617
5th percentile recall: 0.87
1st percentile recall: 0.82
Median search time: 5655 ms
Search times: 5404 ms, 5655 ms, 5730 ms,
gist-960-euclidean experiment results:
statisc_length, time, avg_recall, 5th_percentile_recall, 1st_percentile_recall, recall_above_99, recall_above_95, recall_above_90
33, 5655, 0.9617, 0.87, 0.82, 401, 655, 887
Experiment finished


Visited list size: 1025


Loading samplings from /opt/nfs_dcc/experiments/shiro-ef/sampling/gist-960-euclidean-samplings--k100-ef.bin
Samplings loaded from /opt/nfs_dcc/experiments/shiro-ef/sampling/gist-960-euclidean-samplings--k100-ef.bin
Average Recall: 0.730425
Initial average recall with ef=100: 0.729425
Average Recall: 0.803664
Initial average recall with ef=150: 0.803058
Recall diff is too small for 1 consecutive steps, break.
Recall diff is too small for 1 consecutive steps, break.
Weighted average ef: 623.607
EF-estimation table computing time: 54317 ms
Training convergence-bucket 0 [27.496, 38.282) with 200 queries.
Average Recall: 0.51415
Initial average recall with ef=100: 0.509037
Average Recall: 0.61375
Initial average recall with ef=150: 0.60877
Weighted average ef: 1424.39
Training convergence-bucket 1 [38.282, 42.302) with 200 queries.
Average Recall: 0.54825
Initial average recall with ef=100: 0.544599
Average Recall: 0.64625
Initial average recall with ef=150: 0.644064
Weighted average ef: 1125.79
Training convergence-bucket 2 [42.302, 45.7928) with 200 queries.
Average Recall: 0.62725
Initial average recall with ef=100: 0.62974
Average Recall: 0.71725
Initial average recall with ef=150: 0.718177
Recall diff is too small for 1 consecutive steps, break.
Recall diff is too small for 1 consecutive steps, break.
Weighted average ef: 820.34
Training convergence-bucket 3 [45.7928, 48.8174) with 200 queries.
Average Recall: 0.6612
Initial average recall with ef=100: 0.661344
Average Recall: 0.75805
Initial average recall with ef=150: 0.758602
Recall diff is too small for 1 consecutive steps, break.
Weighted average ef: 629.3
Training convergence-bucket 4 [48.8174, 51.4343) with 200 queries.
Average Recall: 0.71075
Initial average recall with ef=100: 0.713299
Average Recall: 0.7939
Initial average recall with ef=150: 0.797165
Weighted average ef: 516.59
Training convergence-bucket 5 [51.4343, 54.8481) with 200 queries.
Average Recall: 0.73765
Initial average recall with ef=100: 0.729613
Average Recall: 0.81295
Initial average recall with ef=150: 0.805635
Recall diff is too small for 1 consecutive steps, break.
Weighted average ef: 527.8
Training convergence-bucket 6 [54.8481, 59.3783) with 200 queries.
Average Recall: 0.78745
Initial average recall with ef=100: 0.787
Average Recall: 0.8582
Initial average recall with ef=150: 0.858444
Weighted average ef: 329.55
Training convergence-bucket 7 [59.3783, 64.796) with 200 queries.
Average Recall: 0.84785
Initial average recall with ef=100: 0.84827
Average Recall: 0.9034
Initial average recall with ef=150: 0.903892
Weighted average ef: 258.5
Training convergence-bucket 8 [64.796, 71.7515) with 200 queries.
Average Recall: 0.90955
Initial average recall with ef=100: 0.908518
Average Recall: 0.95115
Initial average recall with ef=150: 0.950635
Weighted average ef: 168.725
Training convergence-bucket 9 [71.7515, inf) with 200 queries.
Average Recall: 0.96015
Initial average recall with ef=100: 0.959945
Average Recall: 0.98175
Initial average recall with ef=150: 0.982363
Weighted average ef: 109.345
Reconstructed True WAE: 517.02 (Hard Pct: 0.0111)
****Weighted average ef: 517
Search time: 6541 ms
Search time: 6588 ms
Search time: 6588 ms
Average Recall: 0.97026
5th percentile recall: 0.91
1st percentile recall: 0.88
Median search time: 6588 ms
Search times: 6541 ms, 6588 ms, 6588 ms,
gist-960-euclidean experiment results:
statisc_length, time, avg_recall, 5th_percentile_recall, 1st_percentile_recall, recall_above_99, recall_above_95, recall_above_90
1025, 6588, 0.97026, 0.91, 0.88, 391, 747, 965
Experiment finished


Visited list size: 32769


Loading samplings from /opt/nfs_dcc/experiments/shiro-ef/sampling/gist-960-euclidean-samplings--k100-ef.bin
Samplings loaded from /opt/nfs_dcc/experiments/shiro-ef/sampling/gist-960-euclidean-samplings--k100-ef.bin
Average Recall: 0.9822
Initial average recall with ef=100: 0.98251
Average Recall: 0.9822
Initial average recall with ef=150: 0.98251
Weighted average ef: 413.084
EF-estimation table computing time: 97533 ms
Training convergence-bucket 0 [68.3986, 76.0876) with 200 queries.
Average Recall: 0.9294
Initial average recall with ef=100: 0.933385
Average Recall: 0.9294
Initial average recall with ef=150: 0.933385
Weighted average ef: 3537.25
Training convergence-bucket 1 [76.0876, 78.3556) with 200 queries.
Average Recall: 0.96185
Initial average recall with ef=100: 0.962284
Average Recall: 0.96185
Initial average recall with ef=150: 0.962284
Weighted average ef: 299.75
Training convergence-bucket 2 [78.3556, 80.6126) with 200 queries.
Average Recall: 0.97505
Initial average recall with ef=100: 0.975181
Average Recall: 0.97505
Initial average recall with ef=150: 0.975181
Weighted average ef: 122.8
Training convergence-bucket 3 [80.6126, 82.3964) with 200 queries.
Average Recall: 0.983451
Initial average recall with ef=100: 0.983795
Average Recall: 0.983451
Initial average recall with ef=150: 0.983795
Weighted average ef: 123.24
Training convergence-bucket 4 [82.3964, 84.2906) with 200 queries.
Average Recall: 0.986901
Initial average recall with ef=100: 0.987684
Average Recall: 0.986901
Initial average recall with ef=150: 0.987684
Weighted average ef: 95
Training convergence-bucket 5 [84.2906, 86.0401) with 200 queries.
Average Recall: 0.99215
Initial average recall with ef=100: 0.992737
Average Recall: 0.99215
Initial average recall with ef=150: 0.992737
Weighted average ef: 95
Training convergence-bucket 6 [86.0401, 87.8984) with 200 queries.
Average Recall: 0.99635
Initial average recall with ef=100: 0.996649
Average Recall: 0.99635
Initial average recall with ef=150: 0.996649
Weighted average ef: 94
Training convergence-bucket 7 [87.8984, 89.8346) with 200 queries.
Average Recall: 0.99795
Initial average recall with ef=100: 0.997968
Average Recall: 0.99795
Initial average recall with ef=150: 0.997968
Weighted average ef: 93.5
Training convergence-bucket 8 [89.8346, 91.8254) with 200 queries.
Average Recall: 0.99925
Initial average recall with ef=100: 0.99943
Average Recall: 0.99925
Initial average recall with ef=150: 0.99943
Weighted average ef: 96.5
Training convergence-bucket 9 [91.8254, inf) with 200 queries.
Average Recall: 0.9997
Initial average recall with ef=100: 0.999775
Average Recall: 0.9997
Initial average recall with ef=150: 0.999775
Weighted average ef: 89
Reconstructed True WAE: 269.907 (Hard Pct: 0.0111)
****Weighted average ef: 269
Search time: 24106 ms
Search time: 23635 ms
Search time: 23618 ms
Average Recall: 0.98777
5th percentile recall: 0.95
1st percentile recall: 0.94
Median search time: 23635 ms
Search times: 23618 ms, 23635 ms, 24106 ms,
gist-960-euclidean experiment results:
statisc_length, time, avg_recall, 5th_percentile_recall, 1st_percentile_recall, recall_above_99, recall_above_95, recall_above_90
32769, 23635, 0.98777, 0.95, 0.94, 686, 941, 999
Experiment finished
Dataset: tiny5m-384-euclidean
Metric: l2
Truncation ratio: 0.5
Data vectors dimensions: 5000000 x 384
Query vectors dimensions: 1000 x 384
Neighbors dimensions: 1000 x 100
Index loaded
Dimension of space:384
Data size of space:1536
Samplings loaded


Visited list size: 33


Loading samplings from /opt/nfs_dcc/experiments/shiro-ef/sampling/tiny5m-384-euclidean-samplings--k100-ef.bin
Samplings loaded from /opt/nfs_dcc/experiments/shiro-ef/sampling/tiny5m-384-euclidean-samplings--k100-ef.bin
Average Recall: 0.637619
Initial average recall with ef=100: 0.637141
Average Recall: 0.709418
Initial average recall with ef=150: 0.708996
Recall diff is too small for 1 consecutive steps, break.
Recall diff is too small for 1 consecutive steps, break.
Weighted average ef: 1271.11
EF-estimation table computing time: 80254 ms
Training convergence-bucket 0 [0, 0) with 200 queries.
Average Recall: 0.65095
Initial average recall with ef=100: 0.628291
Average Recall: 0.7293
Initial average recall with ef=150: 0.711013
Recall diff is too small for 1 consecutive steps, break.
Recall diff is too small for 1 consecutive steps, break.
Recall diff is too small for 1 consecutive steps, break.
Weighted average ef: 805.805
Training convergence-bucket 1 [0, 0) with 200 queries.
Average Recall: 0.64201
Initial average recall with ef=100: 0.628393
Average Recall: 0.715276
Initial average recall with ef=150: 0.701369
Recall diff is too small for 1 consecutive steps, break.
Recall diff is too small for 1 consecutive steps, break.
Recall diff is too small for 1 consecutive steps, break.
Recall diff is too small for 1 consecutive steps, break.
Weighted average ef: 930.57
Training convergence-bucket 2 [0, 0) with 200 queries.
Average Recall: 0.6655
Initial average recall with ef=100: 0.645298
Average Recall: 0.7368
Initial average recall with ef=150: 0.720417
Recall diff is too small for 1 consecutive steps, break.
Recall diff is too small for 1 consecutive steps, break.
Weighted average ef: 854.045
Training convergence-bucket 3 [0, 0) with 200 queries.
Average Recall: 0.6379
Initial average recall with ef=100: 0.608634
Average Recall: 0.7136
Initial average recall with ef=150: 0.686957
Recall diff is too small for 1 consecutive steps, break.
Recall diff is too small for 1 consecutive steps, break.
Weighted average ef: 1142.68
Training convergence-bucket 4 [0, 0) with 200 queries.
Average Recall: 0.66345
Initial average recall with ef=100: 0.635329
Average Recall: 0.73325
Initial average recall with ef=150: 0.707605
Recall diff is too small for 1 consecutive steps, break.
Weighted average ef: 973.87
Training convergence-bucket 5 [0, 0) with 200 queries.
Average Recall: 0.58355
Initial average recall with ef=100: 0.557727
Average Recall: 0.6549
Initial average recall with ef=150: 0.630341
Recall diff is too small for 1 consecutive steps, break.
Recall diff is too small for 1 consecutive steps, break.
Recall diff is too small for 1 consecutive steps, break.
Recall diff is too small for 1 consecutive steps, break.
Recall diff is too small for 1 consecutive steps, break.
Recall diff is too small for 1 consecutive steps, break.
Weighted average ef: 1548.43
Training convergence-bucket 6 [0, 0) with 200 queries.
Average Recall: 0.4795
Initial average recall with ef=100: 0.445225
Average Recall: 0.5559
Initial average recall with ef=150: 0.523595
Recall diff is too small for 1 consecutive steps, break.
Recall diff is too small for 1 consecutive steps, break.
Recall diff is too small for 1 consecutive steps, break.
Recall diff is too small for 1 consecutive steps, break.
Recall diff is too small for 1 consecutive steps, break.
Weighted average ef: 2472.42
Training convergence-bucket 7 [0, 0) with 200 queries.
Average Recall: 0.67595
Initial average recall with ef=100: 0.661163
Average Recall: 0.7417
Initial average recall with ef=150: 0.730407
Recall diff is too small for 1 consecutive steps, break.
Recall diff is too small for 1 consecutive steps, break.
Recall diff is too small for 1 consecutive steps, break.
Weighted average ef: 1007.87
Training convergence-bucket 8 [0, 1.24088) with 200 queries.
Average Recall: 0.7148
Initial average recall with ef=100: 0.707047
Average Recall: 0.78435
Initial average recall with ef=150: 0.780067
Recall diff is too small for 1 consecutive steps, break.
Recall diff is too small for 1 consecutive steps, break.
Weighted average ef: 663.38
Training convergence-bucket 9 [1.24088, inf) with 200 queries.
Average Recall: 0.6626
Initial average recall with ef=100: 0.650364
Average Recall: 0.72915
Initial average recall with ef=150: 0.718242
Recall diff is too small for 1 consecutive steps, break.
Recall diff is too small for 1 consecutive steps, break.
Recall diff is too small for 1 consecutive steps, break.
Recall diff is too small for 1 consecutive steps, break.
Weighted average ef: 1174.66
Reconstructed True WAE: 995.332 (Hard Pct: 0.0087)
****Weighted average ef: 995
Search time: 6893 ms
Search time: 6883 ms
Search time: 6879 ms
Average Recall: 0.96001
5th percentile recall: 0.86
1st percentile recall: 0.76
Median search time: 6883 ms
Search times: 6879 ms, 6883 ms, 6893 ms,
tiny5m-384-euclidean experiment results:
statisc_length, time, avg_recall, 5th_percentile_recall, 1st_percentile_recall, recall_above_99, recall_above_95, recall_above_90
33, 6883, 0.96001, 0.86, 0.76, 476, 680, 859
Experiment finished


Visited list size: 1025


Loading samplings from /opt/nfs_dcc/experiments/shiro-ef/sampling/tiny5m-384-euclidean-samplings--k100-ef.bin
Samplings loaded from /opt/nfs_dcc/experiments/shiro-ef/sampling/tiny5m-384-euclidean-samplings--k100-ef.bin
Average Recall: 0.637594
Initial average recall with ef=100: 0.636819
Average Recall: 0.709403
Initial average recall with ef=150: 0.708779
Recall diff is too small for 1 consecutive steps, break.
Weighted average ef: 1236.92
EF-estimation table computing time: 69575 ms
Training convergence-bucket 0 [24.2968, 34.3498) with 200 queries.
Average Recall: 0.36635
Initial average recall with ef=100: 0.363093
Average Recall: 0.4542
Initial average recall with ef=150: 0.450773
Recall diff is too small for 1 consecutive steps, break.
Recall diff is too small for 1 consecutive steps, break.
Weighted average ef: 3042.79
Training convergence-bucket 1 [34.3498, 38.4766) with 200 queries.
Average Recall: 0.4489
Initial average recall with ef=100: 0.447927
Average Recall: 0.53605
Initial average recall with ef=150: 0.534352
Recall diff is too small for 1 consecutive steps, break.
Recall diff is too small for 1 consecutive steps, break.
Weighted average ef: 2261.88
Training convergence-bucket 2 [38.4766, 41.697) with 200 queries.
Average Recall: 0.48365
Initial average recall with ef=100: 0.48089
Average Recall: 0.56805
Initial average recall with ef=150: 0.565654
Recall diff is too small for 1 consecutive steps, break.
Weighted average ef: 1831.23
Training convergence-bucket 3 [41.697, 44.6557) with 200 queries.
Average Recall: 0.54165
Initial average recall with ef=100: 0.537461
Average Recall: 0.62615
Initial average recall with ef=150: 0.622021
Recall diff is too small for 1 consecutive steps, break.
Weighted average ef: 1404.36
Training convergence-bucket 4 [44.6557, 47.7374) with 200 queries.
Average Recall: 0.5804
Initial average recall with ef=100: 0.575753
Average Recall: 0.66185
Initial average recall with ef=150: 0.656989
Recall diff is too small for 1 consecutive steps, break.
Weighted average ef: 1238.13
Training convergence-bucket 5 [47.7374, 51.5026) with 200 queries.
Average Recall: 0.64955
Initial average recall with ef=100: 0.6491
Average Recall: 0.72365
Initial average recall with ef=150: 0.72418
Recall diff is too small for 1 consecutive steps, break.
Weighted average ef: 939.97
Training convergence-bucket 6 [51.5026, 55.611) with 200 queries.
Average Recall: 0.71555
Initial average recall with ef=100: 0.717979
Average Recall: 0.79085
Initial average recall with ef=150: 0.793627
Recall diff is too small for 1 consecutive steps, break.
Recall diff is too small for 1 consecutive steps, break.
Recall diff is too small for 1 consecutive steps, break.
Recall diff is too small for 1 consecutive steps, break.
Weighted average ef: 619.415
Training convergence-bucket 7 [55.611, 61.3231) with 200 queries.
Average Recall: 0.78645
Initial average recall with ef=100: 0.788656
Average Recall: 0.8553
Initial average recall with ef=150: 0.857581
Weighted average ef: 363.675
Training convergence-bucket 8 [61.3231, 69.2789) with 200 queries.
Average Recall: 0.86785
Initial average recall with ef=100: 0.874492
Average Recall: 0.91895
Initial average recall with ef=150: 0.925561
Weighted average ef: 216.65
Training convergence-bucket 9 [69.2789, inf) with 200 queries.
Average Recall: 0.937086
Initial average recall with ef=100: 0.936839
Average Recall: 0.960252
Initial average recall with ef=150: 0.958218
Recall diff is too small for 1 consecutive steps, break.
Weighted average ef: 141.05
Reconstructed True WAE: 1057.4 (Hard Pct: 0.0087)
****Weighted average ef: 1057
Search time: 8547 ms
Search time: 9159 ms
Search time: 9196 ms
Average Recall: 0.9712
5th percentile recall: 0.9
1st percentile recall: 0.84
Median search time: 9159 ms
Search times: 8547 ms, 9159 ms, 9196 ms,
tiny5m-384-euclidean experiment results:
statisc_length, time, avg_recall, 5th_percentile_recall, 1st_percentile_recall, recall_above_99, recall_above_95, recall_above_90
1025, 9159, 0.9712, 0.9, 0.84, 497, 767, 942
Experiment finished


Visited list size: 32769


Loading samplings from /opt/nfs_dcc/experiments/shiro-ef/sampling/tiny5m-384-euclidean-samplings--k100-ef.bin
Samplings loaded from /opt/nfs_dcc/experiments/shiro-ef/sampling/tiny5m-384-euclidean-samplings--k100-ef.bin
Average Recall: 0.949806
Initial average recall with ef=100: 0.949627
Average Recall: 0.949806
Initial average recall with ef=150: 0.949627
Recall diff is too small for 1 consecutive steps, break.
Weighted average ef: 1941.34
EF-estimation table computing time: 99102 ms
Training convergence-bucket 0 [57.4622, 65.0676) with 200 queries.
Average Recall: 0.81765
Initial average recall with ef=100: 0.817385
Average Recall: 0.81765
Initial average recall with ef=150: 0.817385
Weighted average ef: 4875
Training convergence-bucket 1 [65.0676, 68.1165) with 200 queries.
Average Recall: 0.8863
Initial average recall with ef=100: 0.886382
Average Recall: 0.8863
Initial average recall with ef=150: 0.886382
Weighted average ef: 4975
Training convergence-bucket 2 [68.1165, 71.1435) with 200 queries.
Average Recall: 0.9207
Initial average recall with ef=100: 0.921162
Average Recall: 0.9207
Initial average recall with ef=150: 0.921162
Recall diff is too small for 1 consecutive steps, break.
Weighted average ef: 4634.75
Training convergence-bucket 3 [71.1435, 73.9854) with 200 queries.
Average Recall: 0.94685
Initial average recall with ef=100: 0.947783
Average Recall: 0.94685
Initial average recall with ef=150: 0.947783
Recall diff is too small for 1 consecutive steps, break.
Weighted average ef: 1764.45
Training convergence-bucket 4 [73.9854, 77.036) with 200 queries.
Average Recall: 0.964851
Initial average recall with ef=100: 0.964874
Average Recall: 0.964851
Initial average recall with ef=150: 0.964874
Recall diff is too small for 1 consecutive steps, break.
Weighted average ef: 380.95
Training convergence-bucket 5 [77.036, 80.2125) with 200 queries.
Average Recall: 0.98275
Initial average recall with ef=100: 0.982886
Average Recall: 0.98275
Initial average recall with ef=150: 0.982886
Weighted average ef: 97
Training convergence-bucket 6 [80.2125, 83.1442) with 200 queries.
Average Recall: 0.991501
Initial average recall with ef=100: 0.991581
Average Recall: 0.991501
Initial average recall with ef=150: 0.991581
Weighted average ef: 98
Training convergence-bucket 7 [83.1442, 86.7342) with 200 queries.
Average Recall: 0.99505
Initial average recall with ef=100: 0.995365
Average Recall: 0.99505
Initial average recall with ef=150: 0.995365
Weighted average ef: 96
Training convergence-bucket 8 [86.7342, 90.2306) with 200 queries.
Average Recall: 0.99785
Initial average recall with ef=100: 0.998631
Average Recall: 0.99785
Initial average recall with ef=150: 0.998631
Weighted average ef: 95
Training convergence-bucket 9 [90.2306, inf) with 200 queries.
Average Recall: 0.9946
Initial average recall with ef=100: 0.995115
Average Recall: 0.9946
Initial average recall with ef=150: 0.995115
Recall diff is too small for 1 consecutive steps, break.
Weighted average ef: 87
Reconstructed True WAE: 1462.86 (Hard Pct: 0.0087)
****Weighted average ef: 1462
Search time: 24861 ms
Search time: 24629 ms
Search time: 24395 ms
Average Recall: 0.98529
5th percentile recall: 0.95
1st percentile recall: 0.92
Median search time: 24629 ms
Search times: 24395 ms, 24629 ms, 24861 ms,
tiny5m-384-euclidean experiment results:
statisc_length, time, avg_recall, 5th_percentile_recall, 1st_percentile_recall, recall_above_99, recall_above_95, recall_above_90
32769, 24629, 0.98529, 0.95, 0.92, 676, 932, 996
Experiment finished
Dataset: msmarco
Metric: cd
Truncation ratio: 0.5
Normalize the data vectors
Data vectors dimensions: 8841823 x 1536
Query vectors dimensions: 6980 x 1536
Neighbors dimensions: 6980 x 1000
Using AVX Inner Product distance
Index loaded
Dimension of space:1536
Data size of space:6144
Samplings loaded


Visited list size: 33


Loading samplings from /opt/nfs_dcc/experiments/shiro-ef/sampling/msmarco-samplings--k1000-ef.bin
Samplings loaded from /opt/nfs_dcc/experiments/shiro-ef/sampling/msmarco-samplings--k1000-ef.bin
Average Recall: 0.955378
Initial average recall with ef=1000: 0.95535
Average Recall: 0.974453
Initial average recall with ef=1500: 0.974434
Weighted average ef: 1317.86
EF-estimation table computing time: 60506 ms
Training convergence-bucket 0 [0, 0) with 200 queries.
Average Recall: 0.97863
Initial average recall with ef=1000: 0.979736
Average Recall: 0.989625
Initial average recall with ef=1500: 0.99031
Weighted average ef: 676.25
Training convergence-bucket 1 [0, 0) with 200 queries.
Average Recall: 0.97383
Initial average recall with ef=1000: 0.972441
Average Recall: 0.986955
Initial average recall with ef=1500: 0.985945
Weighted average ef: 690
Training convergence-bucket 2 [0, 0) with 200 queries.
Average Recall: 0.976865
Initial average recall with ef=1000: 0.979351
Average Recall: 0.988784
Initial average recall with ef=1500: 0.9905
Weighted average ef: 700
Training convergence-bucket 3 [0, 0) with 200 queries.
Average Recall: 0.95513
Initial average recall with ef=1000: 0.953088
Average Recall: 0.97566
Initial average recall with ef=1500: 0.974669
Weighted average ef: 946.525
Training convergence-bucket 4 [0, 0) with 200 queries.
Average Recall: 0.90374
Initial average recall with ef=1000: 0.896105
Average Recall: 0.941205
Initial average recall with ef=1500: 0.935883
Weighted average ef: 1681.31
Training convergence-bucket 5 [0, 0) with 200 queries.
Average Recall: 0.928275
Initial average recall with ef=1000: 0.920359
Average Recall: 0.956744
Initial average recall with ef=1500: 0.951516
Weighted average ef: 1348.97
Training convergence-bucket 6 [0, 0) with 200 queries.
Average Recall: 0.93275
Initial average recall with ef=1000: 0.916228
Average Recall: 0.9575
Initial average recall with ef=1500: 0.945903
Weighted average ef: 1474.37
Training convergence-bucket 7 [0, 0.586151) with 200 queries.
Average Recall: 0.97303
Initial average recall with ef=1000: 0.974636
Average Recall: 0.98565
Initial average recall with ef=1500: 0.986463
Weighted average ef: 720
Training convergence-bucket 8 [0.586151, 5.56125) with 200 queries.
Average Recall: 0.97026
Initial average recall with ef=1000: 0.975727
Average Recall: 0.984285
Initial average recall with ef=1500: 0.987648
Weighted average ef: 774
Training convergence-bucket 9 [5.56125, inf) with 200 queries.
Average Recall: 0.961265
Initial average recall with ef=1000: 0.962695
Average Recall: 0.978105
Initial average recall with ef=1500: 0.978681
Weighted average ef: 932.5
Reconstructed True WAE: 1092.44 (Hard Pct: 0.02575)
****Weighted average ef: 1092
Search time: 105467 ms
Search time: 144456 ms
Search time: 144200 ms
Average Recall: 0.959256
5th percentile recall: 0.842
1st percentile recall: 0.74
Median search time: 144200 ms
Search times: 105467 ms, 144200 ms, 144456 ms,
msmarco experiment results:
statisc_length, time, avg_recall, 5th_percentile_recall, 1st_percentile_recall, recall_above_99, recall_above_95, recall_above_90
33, 144200, 0.959256, 0.842, 0.74, 2484, 5121, 6159
Experiment finished


Visited list size: 1025


Loading samplings from /opt/nfs_dcc/experiments/shiro-ef/sampling/msmarco-samplings--k1000-ef.bin
Samplings loaded from /opt/nfs_dcc/experiments/shiro-ef/sampling/msmarco-samplings--k1000-ef.bin
Average Recall: 0.955378
Initial average recall with ef=1000: 0.955447
Average Recall: 0.974453
Initial average recall with ef=1500: 0.974515
Weighted average ef: 1344.14
EF-estimation table computing time: 119204 ms
Training convergence-bucket 0 [19.2318, 58.2438) with 200 queries.
Average Recall: 0.874515
Initial average recall with ef=1000: 0.867872
Average Recall: 0.918875
Initial average recall with ef=1500: 0.914822
Weighted average ef: 2360.63
Training convergence-bucket 1 [58.2438, 62.8149) with 200 queries.
Average Recall: 0.89819
Initial average recall with ef=1000: 0.895935
Average Recall: 0.93833
Initial average recall with ef=1500: 0.93693
Weighted average ef: 1993.05
Training convergence-bucket 2 [62.8149, 68.6883) with 200 queries.
Average Recall: 0.91965
Initial average recall with ef=1000: 0.912972
Average Recall: 0.95167
Initial average recall with ef=1500: 0.947394
Weighted average ef: 1657.5
Training convergence-bucket 3 [68.6883, 74.4855) with 200 queries.
Average Recall: 0.960615
Initial average recall with ef=1000: 0.959193
Average Recall: 0.9801
Initial average recall with ef=1500: 0.979544
Weighted average ef: 1007.5
Training convergence-bucket 4 [74.4855, 77.6447) with 200 queries.
Average Recall: 0.970939
Initial average recall with ef=1000: 0.969285
Average Recall: 0.985634
Initial average recall with ef=1500: 0.984645
Weighted average ef: 935
Training convergence-bucket 5 [77.6447, 79.5736) with 200 queries.
Average Recall: 0.97774
Initial average recall with ef=1000: 0.977437
Average Recall: 0.98963
Initial average recall with ef=1500: 0.989215
Weighted average ef: 860
Training convergence-bucket 6 [79.5736, 81.3105) with 200 queries.
Average Recall: 0.983585
Initial average recall with ef=1000: 0.983953
Average Recall: 0.99276
Initial average recall with ef=1500: 0.992895
Weighted average ef: 855
Training convergence-bucket 7 [81.3105, 82.9138) with 200 queries.
Average Recall: 0.988055
Initial average recall with ef=1000: 0.988503
Average Recall: 0.995169
Initial average recall with ef=1500: 0.995414
Weighted average ef: 915
Training convergence-bucket 8 [82.9138, 84.7095) with 200 queries.
Average Recall: 0.98707
Initial average recall with ef=1000: 0.989314
Average Recall: 0.9944
Initial average recall with ef=1500: 0.995852
Weighted average ef: 875
Training convergence-bucket 9 [84.7095, inf) with 200 queries.
Average Recall: 0.993415
Initial average recall with ef=1000: 0.994253
Average Recall: 0.997945
Initial average recall with ef=1500: 0.998281
Weighted average ef: 890
Reconstructed True WAE: 1108.77 (Hard Pct: 0.02575)
****Weighted average ef: 1108
Search time: 166009 ms
Search time: 166851 ms
Search time: 166085 ms
Average Recall: 0.967171
5th percentile recall: 0.882
1st percentile recall: 0.816
Median search time: 166085 ms
Search times: 166009 ms, 166085 ms, 166851 ms,
msmarco experiment results:
statisc_length, time, avg_recall, 5th_percentile_recall, 1st_percentile_recall, recall_above_99, recall_above_95, recall_above_90
1025, 166085, 0.967171, 0.882, 0.816, 2567, 5416, 6463
Experiment finished


Visited list size: 32769


Loading samplings from /opt/nfs_dcc/experiments/shiro-ef/sampling/msmarco-samplings--k1000-ef.bin
Samplings loaded from /opt/nfs_dcc/experiments/shiro-ef/sampling/msmarco-samplings--k1000-ef.bin
Average Recall: 0.971403
Initial average recall with ef=1000: 0.971493
Average Recall: 0.974622
Initial average recall with ef=1500: 0.974719
Weighted average ef: 1355.73
EF-estimation table computing time: 207874 ms
Training convergence-bucket 0 [67.0497, 82.2215) with 200 queries.
Average Recall: 0.87646
Initial average recall with ef=1000: 0.877663
Average Recall: 0.891275
Initial average recall with ef=1500: 0.892479
Weighted average ef: 3321.42
Training convergence-bucket 1 [82.2215, 85.6601) with 200 queries.
Average Recall: 0.93143
Initial average recall with ef=1000: 0.931864
Average Recall: 0.940485
Initial average recall with ef=1500: 0.940904
Weighted average ef: 2088.86
Training convergence-bucket 2 [85.6601, 88.4546) with 200 queries.
Average Recall: 0.957955
Initial average recall with ef=1000: 0.958068
Average Recall: 0.962565
Initial average recall with ef=1500: 0.962745
Weighted average ef: 1126.59
Training convergence-bucket 3 [88.4546, 90.0184) with 200 queries.
Average Recall: 0.976045
Initial average recall with ef=1000: 0.975626
Average Recall: 0.978225
Initial average recall with ef=1500: 0.977856
Weighted average ef: 975
Training convergence-bucket 4 [90.0184, 91.1153) with 200 queries.
Average Recall: 0.987685
Initial average recall with ef=1000: 0.987755
Average Recall: 0.98851
Initial average recall with ef=1500: 0.98858
Weighted average ef: 940
Training convergence-bucket 5 [91.1153, 91.82) with 200 queries.
Average Recall: 0.99272
Initial average recall with ef=1000: 0.993017
Average Recall: 0.99308
Initial average recall with ef=1500: 0.9933
Weighted average ef: 900
Training convergence-bucket 6 [91.82, 92.2846) with 200 queries.
Average Recall: 0.996275
Initial average recall with ef=1000: 0.996097
Average Recall: 0.996454
Initial average recall with ef=1500: 0.996281
Weighted average ef: 925
Training convergence-bucket 7 [92.2846, 92.7175) with 200 queries.
Average Recall: 0.997125
Initial average recall with ef=1000: 0.997425
Average Recall: 0.99721
Initial average recall with ef=1500: 0.997492
Weighted average ef: 905
Training convergence-bucket 8 [92.7175, 93.1918) with 200 queries.
Average Recall: 0.99892
Initial average recall with ef=1000: 0.999086
Average Recall: 0.99899
Initial average recall with ef=1500: 0.999132
Weighted average ef: 870
Training convergence-bucket 9 [93.1918, inf) with 200 queries.
Average Recall: 0.9994
Initial average recall with ef=1000: 0.999462
Average Recall: 0.999415
Initial average recall with ef=1500: 0.999474
Weighted average ef: 865
Reconstructed True WAE: 1092.24 (Hard Pct: 0.02575)
****Weighted average ef: 1092
Search time: 363899 ms
Search time: 363738 ms
Search time: 364116 ms
Average Recall: 0.978086
5th percentile recall: 0.923
1st percentile recall: 0.881
Median search time: 363899 ms
Search times: 363738 ms, 363899 ms, 364116 ms,
msmarco experiment results:
statisc_length, time, avg_recall, 5th_percentile_recall, 1st_percentile_recall, recall_above_99, recall_above_95, recall_above_90
32769, 363899, 0.978086, 0.923, 0.881, 3380, 6030, 6829
Experiment finished
Dataset: cluster_mg_uniform_100d
Metric: cd
Truncation ratio: 0.5
Normalize the data vectors
Data vectors dimensions: 10000000 x 100
Query vectors dimensions: 10000 x 100
Neighbors dimensions: 10000 x 1000
Using AVX Inner Product distance
Index loaded
Dimension of space:100
Data size of space:400
Samplings loaded


Visited list size: 33


Loading samplings from /opt/nfs_dcc/experiments/shiro-ef/sampling/cluster_mg_uniform_100d-samplings--k1000-ef.bin
Samplings loaded from /opt/nfs_dcc/experiments/shiro-ef/sampling/cluster_mg_uniform_100d-samplings--k1000-ef.bin
Average Recall: 0.998367
Initial average recall with ef=1000: 0.996851
Average Recall: 0.998591
Initial average recall with ef=1500: 0.998081
Weighted average ef: 988.5
EF-estimation table computing time: 7336 ms
Training convergence-bucket 0 [0, 0) with 200 queries.
Average Recall: 0.997999
Initial average recall with ef=1000: 0.997949
Average Recall: 0.998289
Initial average recall with ef=1500: 0.998256
Weighted average ef: 880
Training convergence-bucket 1 [0, 0) with 200 queries.
Average Recall: 0.998394
Initial average recall with ef=1000: 0.998401
Average Recall: 0.998654
Initial average recall with ef=1500: 0.998653
Weighted average ef: 835
Training convergence-bucket 2 [0, 0) with 200 queries.
Average Recall: 0.998144
Initial average recall with ef=1000: 0.998292
Average Recall: 0.998384
Initial average recall with ef=1500: 0.998522
Weighted average ef: 890
Training convergence-bucket 3 [0, 0) with 200 queries.
Average Recall: 0.998465
Initial average recall with ef=1000: 0.998348
Average Recall: 0.998655
Initial average recall with ef=1500: 0.998554
Weighted average ef: 875
Training convergence-bucket 4 [0, 0) with 200 queries.
Average Recall: 0.998414
Initial average recall with ef=1000: 0.998602
Average Recall: 0.99863
Initial average recall with ef=1500: 0.998801
Weighted average ef: 855
Training convergence-bucket 5 [0, 0) with 200 queries.
Average Recall: 0.998685
Initial average recall with ef=1000: 0.998774
Average Recall: 0.99891
Initial average recall with ef=1500: 0.998994
Weighted average ef: 840
Training convergence-bucket 6 [0, 0) with 200 queries.
Average Recall: 0.99875
Initial average recall with ef=1000: 0.998772
Average Recall: 0.99895
Initial average recall with ef=1500: 0.998965
Weighted average ef: 855
Training convergence-bucket 7 [0, 0.276878) with 200 queries.
Average Recall: 0.998379
Initial average recall with ef=1000: 0.998365
Average Recall: 0.998569
Initial average recall with ef=1500: 0.99856
Weighted average ef: 795
Training convergence-bucket 8 [0.276878, 5.59112) with 200 queries.
Average Recall: 0.998181
Initial average recall with ef=1000: 0.985252
Average Recall: 0.998401
Initial average recall with ef=1500: 0.991955
Weighted average ef: 785
Training convergence-bucket 9 [5.59112, inf) with 200 queries.
Average Recall: 0.99821
Initial average recall with ef=1000: 0.998414
Average Recall: 0.998425
Initial average recall with ef=1500: 0.99828
Weighted average ef: 785
Reconstructed True WAE: 1001.53 (Hard Pct: 0.00905)
****Weighted average ef: 1001
Search time: 13877 ms
Search time: 14218 ms
Search time: 14283 ms
Average Recall: 0.996561
5th percentile recall: 0.994
1st percentile recall: 0.988
Median search time: 14218 ms
Search times: 13877 ms, 14218 ms, 14283 ms,
cluster_mg_uniform_100d experiment results:
statisc_length, time, avg_recall, 5th_percentile_recall, 1st_percentile_recall, recall_above_99, recall_above_95, recall_above_90
33, 14218, 0.996561, 0.994, 0.988, 9867, 9981, 9981
Experiment finished


Visited list size: 1025


Loading samplings from /opt/nfs_dcc/experiments/shiro-ef/sampling/cluster_mg_uniform_100d-samplings--k1000-ef.bin
Samplings loaded from /opt/nfs_dcc/experiments/shiro-ef/sampling/cluster_mg_uniform_100d-samplings--k1000-ef.bin
Average Recall: 0.998367
Initial average recall with ef=1000: 0.996849
Average Recall: 0.998591
Initial average recall with ef=1500: 0.998095
Weighted average ef: 990
EF-estimation table computing time: 7620 ms
Training convergence-bucket 0 [3.2733, 46.3221) with 200 queries.
Average Recall: 0.997678
Initial average recall with ef=1000: 0.992208
Average Recall: 0.99792
Initial average recall with ef=1500: 0.99788
Weighted average ef: 915
Training convergence-bucket 1 [46.3221, 58.1429) with 200 queries.
Average Recall: 0.998131
Initial average recall with ef=1000: 0.987645
Average Recall: 0.998336
Initial average recall with ef=1500: 0.993143
Weighted average ef: 945
Training convergence-bucket 2 [58.1429, 63.4005) with 200 queries.
Average Recall: 0.998309
Initial average recall with ef=1000: 0.998429
Average Recall: 0.998555
Initial average recall with ef=1500: 0.998695
Weighted average ef: 920
Training convergence-bucket 3 [63.4005, 65.6682) with 200 queries.
Average Recall: 0.998444
Initial average recall with ef=1000: 0.99845
Average Recall: 0.99866
Initial average recall with ef=1500: 0.998668
Weighted average ef: 965
Training convergence-bucket 4 [65.6682, 67.4349) with 200 queries.
Average Recall: 0.998599
Initial average recall with ef=1000: 0.998668
Average Recall: 0.9988
Initial average recall with ef=1500: 0.998872
Weighted average ef: 980
Training convergence-bucket 5 [67.4349, 68.8189) with 200 queries.
Average Recall: 0.998389
Initial average recall with ef=1000: 0.998369
Average Recall: 0.99862
Initial average recall with ef=1500: 0.998604
Weighted average ef: 960
Training convergence-bucket 6 [68.8189, 70.0904) with 200 queries.
Average Recall: 0.998744
Initial average recall with ef=1000: 0.998735
Average Recall: 0.998995
Initial average recall with ef=1500: 0.998989
Weighted average ef: 985
Training convergence-bucket 7 [70.0904, 71.4857) with 200 queries.
Average Recall: 0.998335
Initial average recall with ef=1000: 0.998323
Average Recall: 0.998505
Initial average recall with ef=1500: 0.998495
Weighted average ef: 990
Training convergence-bucket 8 [71.4857, 73.4092) with 200 queries.
Average Recall: 0.99842
Initial average recall with ef=1000: 0.998464
Average Recall: 0.998655
Initial average recall with ef=1500: 0.998694
Weighted average ef: 980
Training convergence-bucket 9 [73.4092, inf) with 200 queries.
Average Recall: 0.998569
Initial average recall with ef=1000: 0.99857
Average Recall: 0.998825
Initial average recall with ef=1500: 0.998825
Weighted average ef: 1000
Reconstructed True WAE: 1000 (Hard Pct: 0.00905)
****Weighted average ef: 1000
Search time: 15407 ms
Search time: 15046 ms
Search time: 15569 ms
Average Recall: 0.996558
5th percentile recall: 0.994
1st percentile recall: 0.988
Median search time: 15407 ms
Search times: 15046 ms, 15407 ms, 15569 ms,
cluster_mg_uniform_100d experiment results:
statisc_length, time, avg_recall, 5th_percentile_recall, 1st_percentile_recall, recall_above_99, recall_above_95, recall_above_90
1025, 15407, 0.996558, 0.994, 0.988, 9867, 9981, 9981
Experiment finished


Visited list size: 32769


Loading samplings from /opt/nfs_dcc/experiments/shiro-ef/sampling/cluster_mg_uniform_100d-samplings--k1000-ef.bin
Samplings loaded from /opt/nfs_dcc/experiments/shiro-ef/sampling/cluster_mg_uniform_100d-samplings--k1000-ef.bin
Average Recall: 0.998593
Initial average recall with ef=1000: 0.998593
Average Recall: 0.998598
Initial average recall with ef=1500: 0.998598
Weighted average ef: 1000
EF-estimation table computing time: 22847 ms
Training convergence-bucket 0 [61.5893, 95.8553) with 200 queries.
Average Recall: 0.998204
Initial average recall with ef=1000: 0.998204
Average Recall: 0.998229
Initial average recall with ef=1500: 0.998229
Weighted average ef: 1000
Training convergence-bucket 1 [95.8553, 95.9408) with 200 queries.
Average Recall: 0.998665
Initial average recall with ef=1000: 0.998665
Average Recall: 0.99867
Initial average recall with ef=1500: 0.99867
Weighted average ef: 1000
Training convergence-bucket 2 [95.9408, 96.0016) with 200 queries.
Average Recall: 0.999034
Initial average recall with ef=1000: 0.999034
Average Recall: 0.999034
Initial average recall with ef=1500: 0.999034
Weighted average ef: 1000
Training convergence-bucket 3 [96.0016, 96.0521) with 200 queries.
Average Recall: 0.998739
Initial average recall with ef=1000: 0.998739
Average Recall: 0.998744
Initial average recall with ef=1500: 0.998744
Weighted average ef: 1000
Training convergence-bucket 4 [96.0521, 96.1007) with 200 queries.
Average Recall: 0.99889
Initial average recall with ef=1000: 0.99889
Average Recall: 0.998895
Initial average recall with ef=1500: 0.998895
Weighted average ef: 1000
Training convergence-bucket 5 [96.1007, 96.1525) with 200 queries.
Average Recall: 0.99816
Initial average recall with ef=1000: 0.99816
Average Recall: 0.99816
Initial average recall with ef=1500: 0.99816
Weighted average ef: 1000
Training convergence-bucket 6 [96.1525, 96.2057) with 200 queries.
Average Recall: 0.998595
Initial average recall with ef=1000: 0.998595
Average Recall: 0.998599
Initial average recall with ef=1500: 0.998599
Weighted average ef: 1000
Training convergence-bucket 7 [96.2057, 96.2656) with 200 queries.
Average Recall: 0.998524
Initial average recall with ef=1000: 0.998524
Average Recall: 0.998524
Initial average recall with ef=1500: 0.998524
Weighted average ef: 1000
Training convergence-bucket 8 [96.2656, 96.3424) with 200 queries.
Average Recall: 0.99849
Initial average recall with ef=1000: 0.99849
Average Recall: 0.998495
Initial average recall with ef=1500: 0.998495
Weighted average ef: 1000
Training convergence-bucket 9 [96.3424, inf) with 200 queries.
Average Recall: 0.99859
Initial average recall with ef=1000: 0.99859
Average Recall: 0.99859
Initial average recall with ef=1500: 0.99859
Weighted average ef: 1000
Reconstructed True WAE: 1000 (Hard Pct: 0.00905)
****Weighted average ef: 1000
Search time: 55552 ms
Search time: 55469 ms
Search time: 55749 ms
Average Recall: 0.998188
5th percentile recall: 0.995
1st percentile recall: 0.989
Median search time: 55552 ms
Search times: 55469 ms, 55552 ms, 55749 ms,
cluster_mg_uniform_100d experiment results:
statisc_length, time, avg_recall, 5th_percentile_recall, 1st_percentile_recall, recall_above_99, recall_above_95, recall_above_90
32769, 55552, 0.998188, 0.995, 0.989, 9898, 9995, 9995
Experiment finished
Dataset: cluster_mg_zipf_100d
Metric: cd
Truncation ratio: 0.5
Normalize the data vectors
Data vectors dimensions: 10000000 x 100
Query vectors dimensions: 10000 x 100
Neighbors dimensions: 10000 x 1000
Using AVX Inner Product distance
Index loaded
Dimension of space:100
Data size of space:400
Samplings loaded


Visited list size: 33


Loading samplings from /opt/nfs_dcc/experiments/shiro-ef/sampling/cluster_mg_zipf_100d-samplings--k1000-ef.bin
Samplings loaded from /opt/nfs_dcc/experiments/shiro-ef/sampling/cluster_mg_zipf_100d-samplings--k1000-ef.bin
Average Recall: 0.879212
Initial average recall with ef=1000: 0.878358
Average Recall: 0.912826
Initial average recall with ef=1500: 0.912152
Weighted average ef: 3130.67
EF-estimation table computing time: 58557 ms
Training convergence-bucket 0 [0, 0) with 200 queries.
Average Recall: 0.877545
Initial average recall with ef=1000: 0.873116
Average Recall: 0.913245
Initial average recall with ef=1500: 0.909895
Weighted average ef: 2778.32
Training convergence-bucket 1 [0, 0) with 200 queries.
Average Recall: 0.87361
Initial average recall with ef=1000: 0.86768
Average Recall: 0.906615
Initial average recall with ef=1500: 0.901571
Weighted average ef: 3021.41
Training convergence-bucket 2 [0, 0) with 200 queries.
Average Recall: 0.855555
Initial average recall with ef=1000: 0.848119
Average Recall: 0.894715
Initial average recall with ef=1500: 0.888792
Weighted average ef: 3095.39
Training convergence-bucket 3 [0, 0) with 200 queries.
Average Recall: 0.86878
Initial average recall with ef=1000: 0.85824
Average Recall: 0.905415
Initial average recall with ef=1500: 0.897952
Weighted average ef: 2838.56
Training convergence-bucket 4 [0, 0) with 200 queries.
Average Recall: 0.84231
Initial average recall with ef=1000: 0.838731
Average Recall: 0.882235
Initial average recall with ef=1500: 0.881011
Weighted average ef: 3347.7
Training convergence-bucket 5 [0, 0) with 200 queries.
Average Recall: 0.86105
Initial average recall with ef=1000: 0.863537
Average Recall: 0.902615
Initial average recall with ef=1500: 0.90115
Weighted average ef: 2771.11
Training convergence-bucket 6 [0, 0) with 200 queries.
Average Recall: 0.862025
Initial average recall with ef=1000: 0.853251
Average Recall: 0.899885
Initial average recall with ef=1500: 0.893204
Weighted average ef: 2846.27
Training convergence-bucket 7 [0, 0) with 200 queries.
Average Recall: 0.87804
Initial average recall with ef=1000: 0.868465
Average Recall: 0.910435
Initial average recall with ef=1500: 0.90277
Weighted average ef: 2790.95
Training convergence-bucket 8 [0, 1.24088) with 200 queries.
Average Recall: 0.920275
Initial average recall with ef=1000: 0.907737
Average Recall: 0.946435
Initial average recall with ef=1500: 0.93734
Weighted average ef: 1960.39
Training convergence-bucket 9 [1.24088, inf) with 200 queries.
Average Recall: 0.952915
Initial average recall with ef=1000: 0.951298
Average Recall: 0.966645
Initial average recall with ef=1500: 0.964623
Weighted average ef: 1287.3
Reconstructed True WAE: 3047.97 (Hard Pct: 0.0012)
****Weighted average ef: 3047
Search time: 81098 ms
Search time: 81281 ms
Search time: 81426 ms
Average Recall: 0.957661
5th percentile recall: 0.786
1st percentile recall: 0.737
Median search time: 81281 ms
Search times: 81098 ms, 81281 ms, 81426 ms,
cluster_mg_zipf_100d experiment results:
statisc_length, time, avg_recall, 5th_percentile_recall, 1st_percentile_recall, recall_above_99, recall_above_95, recall_above_90
33, 81281, 0.957661, 0.786, 0.737, 5960, 7527, 8305
Experiment finished


Visited list size: 1025


Loading samplings from /opt/nfs_dcc/experiments/shiro-ef/sampling/cluster_mg_zipf_100d-samplings--k1000-ef.bin
Samplings loaded from /opt/nfs_dcc/experiments/shiro-ef/sampling/cluster_mg_zipf_100d-samplings--k1000-ef.bin
Average Recall: 0.879212
Initial average recall with ef=1000: 0.879127
Average Recall: 0.912826
Initial average recall with ef=1500: 0.912578
Weighted average ef: 2664.91
EF-estimation table computing time: 49287 ms
Training convergence-bucket 0 [5.84972, 33.966) with 200 queries.
Average Recall: 0.707765
Initial average recall with ef=1000: 0.678811
Average Recall: 0.772885
Initial average recall with ef=1500: 0.749617
Weighted average ef: 4112.5
Training convergence-bucket 1 [33.966, 37.2128) with 200 queries.
Average Recall: 0.69999
Initial average recall with ef=1000: 0.696908
Average Recall: 0.76897
Initial average recall with ef=1500: 0.766418
Recall diff is too small for 1 consecutive steps, break.
Weighted average ef: 4761.79
Training convergence-bucket 2 [37.2128, 40.2354) with 200 queries.
Average Recall: 0.749055
Initial average recall with ef=1000: 0.745734
Average Recall: 0.81522
Initial average recall with ef=1500: 0.813026
Weighted average ef: 4305.39
Training convergence-bucket 3 [40.2354, 44.2506) with 200 queries.
Average Recall: 0.842555
Initial average recall with ef=1000: 0.842418
Average Recall: 0.89021
Initial average recall with ef=1500: 0.890242
Weighted average ef: 3510.45
Training convergence-bucket 4 [44.2506, 50.0958) with 200 queries.
Average Recall: 0.906565
Initial average recall with ef=1000: 0.910653
Average Recall: 0.946465
Initial average recall with ef=1500: 0.946063
Weighted average ef: 1775.74
Training convergence-bucket 5 [50.0958, 56.7429) with 200 queries.
Average Recall: 0.955325
Initial average recall with ef=1000: 0.966597
Average Recall: 0.97253
Initial average recall with ef=1500: 0.98323
Weighted average ef: 1095.1
Training convergence-bucket 6 [56.7429, 64.6342) with 200 queries.
Average Recall: 0.99071
Initial average recall with ef=1000: 0.991376
Average Recall: 0.995679
Initial average recall with ef=1500: 0.996258
Weighted average ef: 970
Training convergence-bucket 7 [64.6342, 72.2459) with 200 queries.
Average Recall: 0.993864
Initial average recall with ef=1000: 0.994328
Average Recall: 0.99659
Initial average recall with ef=1500: 0.996698
Weighted average ef: 960
Training convergence-bucket 8 [72.2459, 79.8512) with 200 queries.
Average Recall: 0.984275
Initial average recall with ef=1000: 0.984287
Average Recall: 0.9909
Initial average recall with ef=1500: 0.990949
Weighted average ef: 975
Training convergence-bucket 9 [79.8512, inf) with 200 queries.
Average Recall: 0.962
Initial average recall with ef=1000: 0.966633
Average Recall: 0.97879
Initial average recall with ef=1500: 0.983507
Weighted average ef: 995
Reconstructed True WAE: 2435.1 (Hard Pct: 0.0012)
****Weighted average ef: 2435
Search time: 82920 ms
Search time: 82977 ms
Search time: 82640 ms
Average Recall: 0.964968
5th percentile recall: 0.832
1st percentile recall: 0.797
Median search time: 82920 ms
Search times: 82640 ms, 82920 ms, 82977 ms,
cluster_mg_zipf_100d experiment results:
statisc_length, time, avg_recall, 5th_percentile_recall, 1st_percentile_recall, recall_above_99, recall_above_95, recall_above_90
1025, 82920, 0.964968, 0.832, 0.797, 5723, 7691, 8625
Experiment finished


Visited list size: 32769


Loading samplings from /opt/nfs_dcc/experiments/shiro-ef/sampling/cluster_mg_zipf_100d-samplings--k1000-ef.bin
Samplings loaded from /opt/nfs_dcc/experiments/shiro-ef/sampling/cluster_mg_zipf_100d-samplings--k1000-ef.bin
Average Recall: 0.893441
Initial average recall with ef=1000: 0.896471
Average Recall: 0.913156
Initial average recall with ef=1500: 0.91628
Recall diff is too small for 1 consecutive steps, break.
Weighted average ef: 2134.59
EF-estimation table computing time: 66389 ms
Training convergence-bucket 0 [48.7851, 65.7157) with 200 queries.
Average Recall: 0.56315
Initial average recall with ef=1000: 0.5769
Average Recall: 0.624765
Initial average recall with ef=1500: 0.640506
Weighted average ef: 4250
Training convergence-bucket 1 [65.7157, 72.0822) with 200 queries.
Average Recall: 0.699205
Initial average recall with ef=1000: 0.697215
Average Recall: 0.75576
Initial average recall with ef=1500: 0.753706
Weighted average ef: 4425
Training convergence-bucket 2 [72.0822, 78.7455) with 200 queries.
Average Recall: 0.817145
Initial average recall with ef=1000: 0.816377
Average Recall: 0.861355
Initial average recall with ef=1500: 0.860653
Weighted average ef: 3164.7
Training convergence-bucket 3 [78.7455, 85.8417) with 200 queries.
Average Recall: 0.916825
Initial average recall with ef=1000: 0.923378
Average Recall: 0.94129
Initial average recall with ef=1500: 0.947506
Weighted average ef: 1397.86
Training convergence-bucket 4 [85.8417, 91.1477) with 200 queries.
Average Recall: 0.97857
Initial average recall with ef=1000: 0.978899
Average Recall: 0.986605
Initial average recall with ef=1500: 0.986869
Weighted average ef: 990
Training convergence-bucket 5 [91.1477, 94.0398) with 200 queries.
Average Recall: 0.99289
Initial average recall with ef=1000: 0.996292
Average Recall: 0.9942
Initial average recall with ef=1500: 0.997601
Weighted average ef: 940
Training convergence-bucket 6 [94.0398, 94.8961) with 200 queries.
Average Recall: 0.985305
Initial average recall with ef=1000: 0.991472
Average Recall: 0.98579
Initial average recall with ef=1500: 0.99183
Weighted average ef: 887.5
Training convergence-bucket 7 [94.8961, 95.4819) with 200 queries.
Average Recall: 0.989055
Initial average recall with ef=1000: 0.992214
Average Recall: 0.98952
Initial average recall with ef=1500: 0.992528
Weighted average ef: 955
Training convergence-bucket 8 [95.4819, 95.9522) with 200 queries.
Average Recall: 0.99503
Initial average recall with ef=1000: 0.995623
Average Recall: 0.995035
Initial average recall with ef=1500: 0.995628
Weighted average ef: 995
Training convergence-bucket 9 [95.9522, inf) with 200 queries.
Average Recall: 0.997225
Initial average recall with ef=1000: 0.997225
Average Recall: 0.997225
Initial average recall with ef=1500: 0.997225
Weighted average ef: 1000
Reconstructed True WAE: 2151.46 (Hard Pct: 0.0012)
****Weighted average ef: 2151
Search time: 140464 ms
Search time: 140529 ms
Search time: 141212 ms
Average Recall: 0.964452
5th percentile recall: 0.837
1st percentile recall: 0.805
Median search time: 140529 ms
Search times: 140464 ms, 140529 ms, 141212 ms,
cluster_mg_zipf_100d experiment results:
statisc_length, time, avg_recall, 5th_percentile_recall, 1st_percentile_recall, recall_above_99, recall_above_95, recall_above_90
32769, 140529, 0.964452, 0.837, 0.805, 5182, 7609, 8745
Experiment finished
Starting ablation study tests: sampling size...


Dataset: deep-image-96-angular
Metric: cd
Truncation ratio: 0.5
Normalize the data vectors
Data vectors dimensions: 9990000 x 96
Query vectors dimensions: 10000 x 96
Neighbors dimensions: 10000 x 100
Using AVX Inner Product distance
Index loaded
Dimension of space:96
Data size of space:384


Sampling size: 5000


Ground truth computed in 459668 ms
Sampling computing time: 486571 ms
Loading samplings from /opt/nfs_dcc/experiments/shiro-ef/ablation_sampling_size/deep-image-96-angular-samplings-5000-k100-ef.bin
Samplings loaded from /opt/nfs_dcc/experiments/shiro-ef/ablation_sampling_size/deep-image-96-angular-samplings-5000-k100-ef.bin
Average Recall: 0.833304
Initial average recall with ef=100: 0.833706
Average Recall: 0.882325
Initial average recall with ef=150: 0.882735
Recall diff is too small for 1 consecutive steps, break.
Recall diff is too small for 1 consecutive steps, break.
Recall diff is too small for 1 consecutive steps, break.
Weighted average ef: 385.568
EF-estimation table computing time: 29211 ms
Training convergence-bucket 0 [25.0351, 44.2536) with 500 queries.
Average Recall: 0.61746
Initial average recall with ef=100: 0.6146
Average Recall: 0.69786
Initial average recall with ef=150: 0.695359
Recall diff is too small for 1 consecutive steps, break.
Recall diff is too small for 1 consecutive steps, break.
Weighted average ef: 993.482
Training convergence-bucket 1 [44.2536, 48.2531) with 500 queries.
Average Recall: 0.63396
Initial average recall with ef=100: 0.632962
Average Recall: 0.71448
Initial average recall with ef=150: 0.714016
Recall diff is too small for 1 consecutive steps, break.
Recall diff is too small for 1 consecutive steps, break.
Recall diff is too small for 1 consecutive steps, break.
Weighted average ef: 929.498
Training convergence-bucket 2 [48.2531, 54.4794) with 500 queries.
Average Recall: 0.7281
Initial average recall with ef=100: 0.730453
Average Recall: 0.80118
Initial average recall with ef=150: 0.803622
Weighted average ef: 549.948
Training convergence-bucket 3 [54.4794, 58.8308) with 500 queries.
Average Recall: 0.80894
Initial average recall with ef=100: 0.809104
Average Recall: 0.870901
Initial average recall with ef=150: 0.87112
Recall diff is too small for 1 consecutive steps, break.
Weighted average ef: 347.024
Training convergence-bucket 4 [58.8308, 62.3397) with 500 queries.
Average Recall: 0.85246
Initial average recall with ef=100: 0.852546
Average Recall: 0.907201
Initial average recall with ef=150: 0.907312
Weighted average ef: 265.496
Training convergence-bucket 5 [62.3397, 65.9833) with 500 queries.
Average Recall: 0.887701
Initial average recall with ef=100: 0.887536
Average Recall: 0.93376
Initial average recall with ef=150: 0.93384
Weighted average ef: 204.036
Training convergence-bucket 6 [65.9833, 69.7666) with 500 queries.
Average Recall: 0.911741
Initial average recall with ef=100: 0.912883
Average Recall: 0.951061
Initial average recall with ef=150: 0.951984
Weighted average ef: 169.89
Training convergence-bucket 7 [69.7666, 73.5394) with 500 queries.
Average Recall: 0.94176
Initial average recall with ef=100: 0.94301
Average Recall: 0.96964
Initial average recall with ef=150: 0.970525
Weighted average ef: 136.028
Training convergence-bucket 8 [73.5394, 78.8034) with 500 queries.
Average Recall: 0.96548
Initial average recall with ef=100: 0.967105
Average Recall: 0.98434
Initial average recall with ef=150: 0.985547
Weighted average ef: 104.5
Training convergence-bucket 9 [78.8034, inf) with 500 queries.
Average Recall: 0.98552
Initial average recall with ef=100: 0.9875
Average Recall: 0.9929
Initial average recall with ef=150: 0.994631
Weighted average ef: 99
****Weighted average ef: 379
Search time: 15398 ms
Search time: 14990 ms
Search time: 15118 ms
Average Recall: 0.985113
5th percentile recall: 0.94
1st percentile recall: 0.9
Median search time: 15118 ms
Search times: 14990 ms, 15118 ms, 15398 ms,
deep-image-96-angular experiment results:
statisc_length, time, avg_recall, 5th_percentile_recall, 1st_percentile_recall, recall_above_99, recall_above_95, recall_above_90
1025, 15118, 0.985113, 0.94, 0.9, 6635, 9060, 9886
Experiment finished


Sampling size: 3000


Ground truth computed in 273737 ms
Sampling computing time: 310860 ms
Loading samplings from /opt/nfs_dcc/experiments/shiro-ef/ablation_sampling_size/deep-image-96-angular-samplings-3000-k100-ef.bin
Samplings loaded from /opt/nfs_dcc/experiments/shiro-ef/ablation_sampling_size/deep-image-96-angular-samplings-3000-k100-ef.bin
Average Recall: 0.834261
Initial average recall with ef=100: 0.834776
Average Recall: 0.883396
Initial average recall with ef=150: 0.883912
Recall diff is too small for 1 consecutive steps, break.
Weighted average ef: 386.624
EF-estimation table computing time: 16937 ms
Training convergence-bucket 0 [26.0075, 43.9522) with 300 queries.
Average Recall: 0.618033
Initial average recall with ef=100: 0.615903
Average Recall: 0.698133
Initial average recall with ef=150: 0.696424
Recall diff is too small for 1 consecutive steps, break.
Recall diff is too small for 1 consecutive steps, break.
Recall diff is too small for 1 consecutive steps, break.
Weighted average ef: 962.693
Training convergence-bucket 1 [43.9522, 48.27) with 300 queries.
Average Recall: 0.628967
Initial average recall with ef=100: 0.623474
Average Recall: 0.711634
Initial average recall with ef=150: 0.706737
Recall diff is too small for 1 consecutive steps, break.
Recall diff is too small for 1 consecutive steps, break.
Weighted average ef: 931.783
Training convergence-bucket 2 [48.27, 54.1059) with 300 queries.
Average Recall: 0.720233
Initial average recall with ef=100: 0.722241
Average Recall: 0.7959
Initial average recall with ef=150: 0.797965
Weighted average ef: 553.237
Training convergence-bucket 3 [54.1059, 58.5123) with 300 queries.
Average Recall: 0.810767
Initial average recall with ef=100: 0.80831
Average Recall: 0.876233
Initial average recall with ef=150: 0.874552
Weighted average ef: 332.103
Training convergence-bucket 4 [58.5123, 62.1251) with 300 queries.
Average Recall: 0.847267
Initial average recall with ef=100: 0.845106
Average Recall: 0.903833
Initial average recall with ef=150: 0.902163
Weighted average ef: 275.197
Training convergence-bucket 5 [62.1251, 66.1609) with 300 queries.
Average Recall: 0.892733
Initial average recall with ef=100: 0.893095
Average Recall: 0.936
Initial average recall with ef=150: 0.936496
Weighted average ef: 197.653
Training convergence-bucket 6 [66.1609, 69.9684) with 300 queries.
Average Recall: 0.920367
Initial average recall with ef=100: 0.922457
Average Recall: 0.956467
Initial average recall with ef=150: 0.958408
Weighted average ef: 158.217
Training convergence-bucket 7 [69.9684, 74.0564) with 300 queries.
Average Recall: 0.945401
Initial average recall with ef=100: 0.947474
Average Recall: 0.973834
Initial average recall with ef=150: 0.975563
Weighted average ef: 123.333
Training convergence-bucket 8 [74.0564, 79.1025) with 300 queries.
Average Recall: 0.970467
Initial average recall with ef=100: 0.97157
Average Recall: 0.986267
Initial average recall with ef=150: 0.987167
Weighted average ef: 101.5
Training convergence-bucket 9 [79.1025, inf) with 300 queries.
Average Recall: 0.988434
Initial average recall with ef=100: 0.99056
Average Recall: 0.995733
Initial average recall with ef=150: 0.997203
Weighted average ef: 95.3333
****Weighted average ef: 373
Search time: 15339 ms
Search time: 14547 ms
Search time: 15285 ms
Average Recall: 0.985125
5th percentile recall: 0.94
1st percentile recall: 0.9
Median search time: 15285 ms
Search times: 14547 ms, 15285 ms, 15339 ms,
deep-image-96-angular experiment results:
statisc_length, time, avg_recall, 5th_percentile_recall, 1st_percentile_recall, recall_above_99, recall_above_95, recall_above_90
1025, 15285, 0.985125, 0.94, 0.9, 6620, 9071, 9874
Experiment finished


Sampling size: 2000


Ground truth computed in 182572 ms
Sampling computing time: 207035 ms
Loading samplings from /opt/nfs_dcc/experiments/shiro-ef/ablation_sampling_size/deep-image-96-angular-samplings-2000-k100-ef.bin
Samplings loaded from /opt/nfs_dcc/experiments/shiro-ef/ablation_sampling_size/deep-image-96-angular-samplings-2000-k100-ef.bin
Average Recall: 0.832827
Initial average recall with ef=100: 0.833511
Average Recall: 0.881806
Initial average recall with ef=150: 0.882422
Weighted average ef: 388.604
EF-estimation table computing time: 12395 ms
Training convergence-bucket 0 [26.0075, 43.8954) with 200 queries.
Average Recall: 0.6188
Initial average recall with ef=100: 0.619577
Average Recall: 0.69815
Initial average recall with ef=150: 0.699153
Recall diff is too small for 1 consecutive steps, break.
Weighted average ef: 942.05
Training convergence-bucket 1 [43.8954, 48.0468) with 200 queries.
Average Recall: 0.6381
Initial average recall with ef=100: 0.628895
Average Recall: 0.71965
Initial average recall with ef=150: 0.711713
Recall diff is too small for 1 consecutive steps, break.
Weighted average ef: 863.62
Training convergence-bucket 2 [48.0468, 54.2325) with 200 queries.
Average Recall: 0.721
Initial average recall with ef=100: 0.722033
Average Recall: 0.7971
Initial average recall with ef=150: 0.796593
Recall diff is too small for 1 consecutive steps, break.
Recall diff is too small for 1 consecutive steps, break.
Weighted average ef: 564.53
Training convergence-bucket 3 [54.2325, 58.2147) with 200 queries.
Average Recall: 0.8097
Initial average recall with ef=100: 0.805435
Average Recall: 0.87235
Initial average recall with ef=150: 0.869185
Recall diff is too small for 1 consecutive steps, break.
Weighted average ef: 327.14
Training convergence-bucket 4 [58.2147, 61.9856) with 200 queries.
Average Recall: 0.84295
Initial average recall with ef=100: 0.840924
Average Recall: 0.8986
Initial average recall with ef=150: 0.896793
Weighted average ef: 267.03
Training convergence-bucket 5 [61.9856, 65.8844) with 200 queries.
Average Recall: 0.88385
Initial average recall with ef=100: 0.885323
Average Recall: 0.9313
Initial average recall with ef=150: 0.932365
Recall diff is too small for 1 consecutive steps, break.
Weighted average ef: 196.535
Training convergence-bucket 6 [65.8844, 69.7634) with 200 queries.
Average Recall: 0.9161
Initial average recall with ef=100: 0.919553
Average Recall: 0.95205
Initial average recall with ef=150: 0.955084
Weighted average ef: 150.75
Training convergence-bucket 7 [69.7634, 74.0583) with 200 queries.
Average Recall: 0.95215
Initial average recall with ef=100: 0.952963
Average Recall: 0.97535
Initial average recall with ef=150: 0.976191
Weighted average ef: 115.375
Training convergence-bucket 8 [74.0583, 79.2991) with 200 queries.
Average Recall: 0.96275
Initial average recall with ef=100: 0.96492
Average Recall: 0.98315
Initial average recall with ef=150: 0.985027
Weighted average ef: 104.5
Training convergence-bucket 9 [79.2991, inf) with 200 queries.
Average Recall: 0.9829
Initial average recall with ef=100: 0.984162
Average Recall: 0.9904
Initial average recall with ef=150: 0.990973
Weighted average ef: 93.25
****Weighted average ef: 362
Search time: 14437 ms
Search time: 14900 ms
Search time: 15235 ms
Average Recall: 0.985085
5th percentile recall: 0.94
1st percentile recall: 0.9
Median search time: 14900 ms
Search times: 14437 ms, 14900 ms, 15235 ms,
deep-image-96-angular experiment results:
statisc_length, time, avg_recall, 5th_percentile_recall, 1st_percentile_recall, recall_above_99, recall_above_95, recall_above_90
1025, 14900, 0.985085, 0.94, 0.9, 6602, 9085, 9880
Experiment finished


Sampling size: 1000


Ground truth computed in 91005 ms
Sampling computing time: 102925 ms
Loading samplings from /opt/nfs_dcc/experiments/shiro-ef/ablation_sampling_size/deep-image-96-angular-samplings-1000-k100-ef.bin
Samplings loaded from /opt/nfs_dcc/experiments/shiro-ef/ablation_sampling_size/deep-image-96-angular-samplings-1000-k100-ef.bin
Average Recall: 0.82946
Initial average recall with ef=100: 0.831663
Average Recall: 0.880119
Initial average recall with ef=150: 0.882016
Weighted average ef: 382.619
EF-estimation table computing time: 6459 ms
Training convergence-bucket 0 [26.0075, 44.1004) with 100 queries.
Average Recall: 0.6328
Initial average recall with ef=100: 0.62931
Average Recall: 0.7144
Initial average recall with ef=150: 0.711379
Recall diff is too small for 1 consecutive steps, break.
Weighted average ef: 815.38
Training convergence-bucket 1 [44.1004, 47.9138) with 100 queries.
Average Recall: 0.621
Initial average recall with ef=100: 0.614444
Average Recall: 0.7068
Initial average recall with ef=150: 0.702716
Weighted average ef: 769
Training convergence-bucket 2 [47.9138, 53.4797) with 100 queries.
Average Recall: 0.7089
Initial average recall with ef=100: 0.706543
Average Recall: 0.7869
Initial average recall with ef=150: 0.782346
Weighted average ef: 554.19
Training convergence-bucket 3 [53.4797, 58.1157) with 100 queries.
Average Recall: 0.7822
Initial average recall with ef=100: 0.775696
Average Recall: 0.857
Initial average recall with ef=150: 0.851013
Weighted average ef: 304.2
Training convergence-bucket 4 [58.1157, 62.047) with 100 queries.
Average Recall: 0.8446
Initial average recall with ef=100: 0.846829
Average Recall: 0.9027
Initial average recall with ef=150: 0.904878
Weighted average ef: 248.28
Training convergence-bucket 5 [62.047, 65.8111) with 100 queries.
Average Recall: 0.891
Initial average recall with ef=100: 0.895455
Average Recall: 0.9351
Initial average recall with ef=150: 0.94
Weighted average ef: 143.25
Training convergence-bucket 6 [65.8111, 69.6744) with 100 queries.
Average Recall: 0.9125
Initial average recall with ef=100: 0.922597
Average Recall: 0.948
Initial average recall with ef=150: 0.955974
Weighted average ef: 121.49
Training convergence-bucket 7 [69.6744, 74.3491) with 100 queries.
Average Recall: 0.9442
Initial average recall with ef=100: 0.945625
Average Recall: 0.9693
Initial average recall with ef=150: 0.971375
Weighted average ef: 106.36
Training convergence-bucket 8 [74.3491, 79.4676) with 100 queries.
Average Recall: 0.9684
Initial average recall with ef=100: 0.97023
Average Recall: 0.9861
Initial average recall with ef=150: 0.987471
Weighted average ef: 92.36
Training convergence-bucket 9 [79.4676, inf) with 100 queries.
Average Recall: 0.989
Initial average recall with ef=100: 0.994051
Average Recall: 0.9949
Initial average recall with ef=150: 0.998101
Weighted average ef: 79
****Weighted average ef: 323
Search time: 15142 ms
Search time: 14989 ms
Search time: 14223 ms
Average Recall: 0.984875
5th percentile recall: 0.94
1st percentile recall: 0.9
Median search time: 14989 ms
Search times: 14223 ms, 14989 ms, 15142 ms,
deep-image-96-angular experiment results:
statisc_length, time, avg_recall, 5th_percentile_recall, 1st_percentile_recall, recall_above_99, recall_above_95, recall_above_90
1025, 14989, 0.984875, 0.94, 0.9, 6565, 9099, 9881
Experiment finished
Dataset: glove-100-angular
Metric: cd
Truncation ratio: 0.5
Normalize the data vectors
Data vectors dimensions: 1183514 x 100
Query vectors dimensions: 10000 x 100
Neighbors dimensions: 10000 x 100
Using AVX Inner Product distance
Index loaded
Dimension of space:100
Data size of space:400


Sampling size: 5000


Ground truth computed in 55446 ms
Sampling computing time: 81202 ms
Loading samplings from /opt/nfs_dcc/experiments/shiro-ef/ablation_sampling_size/glove-100-angular-samplings-5000-k100-ef.bin
Samplings loaded from /opt/nfs_dcc/experiments/shiro-ef/ablation_sampling_size/glove-100-angular-samplings-5000-k100-ef.bin
Average Recall: 0.735845
Initial average recall with ef=100: 0.735873
Average Recall: 0.779282
Initial average recall with ef=150: 0.779314
Recall diff is too small for 1 consecutive steps, break.
Weighted average ef: 1596.75
EF-estimation table computing time: 99242 ms
Training convergence-bucket 0 [14.1438, 33.5529) with 500 queries.
Average Recall: 0.48182
Initial average recall with ef=100: 0.471414
Average Recall: 0.53544
Initial average recall with ef=150: 0.525471
Recall diff is too small for 1 consecutive steps, break.
Recall diff is too small for 1 consecutive steps, break.
Recall diff is too small for 1 consecutive steps, break.
Weighted average ef: 4012.38
Training convergence-bucket 1 [33.5529, 40.9504) with 500 queries.
Average Recall: 0.46932
Initial average recall with ef=100: 0.45913
Average Recall: 0.52718
Initial average recall with ef=150: 0.517184
Recall diff is too small for 1 consecutive steps, break.
Weighted average ef: 3758.31
Training convergence-bucket 2 [40.9504, 46.7646) with 500 queries.
Average Recall: 0.54776
Initial average recall with ef=100: 0.543771
Average Recall: 0.60484
Initial average recall with ef=150: 0.600984
Recall diff is too small for 1 consecutive steps, break.
Weighted average ef: 2927.11
Training convergence-bucket 3 [46.7646, 52.0692) with 500 queries.
Average Recall: 0.63332
Initial average recall with ef=100: 0.62566
Average Recall: 0.69364
Initial average recall with ef=150: 0.686059
Recall diff is too small for 1 consecutive steps, break.
Recall diff is too small for 1 consecutive steps, break.
Recall diff is too small for 1 consecutive steps, break.
Weighted average ef: 1977.85
Training convergence-bucket 4 [52.0692, 57.4617) with 500 queries.
Average Recall: 0.73608
Initial average recall with ef=100: 0.737542
Average Recall: 0.79388
Initial average recall with ef=150: 0.795521
Recall diff is too small for 1 consecutive steps, break.
Weighted average ef: 1054.79
Training convergence-bucket 5 [57.4617, 62.4432) with 500 queries.
Average Recall: 0.80616
Initial average recall with ef=100: 0.80195
Average Recall: 0.856081
Initial average recall with ef=150: 0.853229
Recall diff is too small for 1 consecutive steps, break.
Weighted average ef: 710.554
Training convergence-bucket 6 [62.4432, 67.997) with 500 queries.
Average Recall: 0.86784
Initial average recall with ef=100: 0.868686
Average Recall: 0.906221
Initial average recall with ef=150: 0.907166
Recall diff is too small for 1 consecutive steps, break.
Weighted average ef: 410.056
Training convergence-bucket 7 [67.997, 73.1328) with 500 queries.
Average Recall: 0.90206
Initial average recall with ef=100: 0.902398
Average Recall: 0.9314
Initial average recall with ef=150: 0.931762
Recall diff is too small for 1 consecutive steps, break.
Weighted average ef: 349.498
Training convergence-bucket 8 [73.1328, 78.413) with 500 queries.
Average Recall: 0.943
Initial average recall with ef=100: 0.94419
Average Recall: 0.96246
Initial average recall with ef=150: 0.963684
Weighted average ef: 190.504
Training convergence-bucket 9 [78.413, inf) with 500 queries.
Average Recall: 0.97114
Initial average recall with ef=100: 0.972561
Average Recall: 0.98174
Initial average recall with ef=150: 0.983165
Recall diff is too small for 1 consecutive steps, break.
Weighted average ef: 146.754
****Weighted average ef: 1553
Search time: 59555 ms
Search time: 59565 ms
Search time: 59639 ms
Average Recall: 0.978913
5th percentile recall: 0.91
1st percentile recall: 0.87
Median search time: 59565 ms
Search times: 59555 ms, 59565 ms, 59639 ms,
glove-100-angular experiment results:
statisc_length, time, avg_recall, 5th_percentile_recall, 1st_percentile_recall, recall_above_99, recall_above_95, recall_above_90
1025, 59565, 0.978913, 0.91, 0.87, 6042, 8209, 9641
Experiment finished


Sampling size: 3000


Ground truth computed in 33220 ms
Sampling computing time: 145147 ms
Loading samplings from /opt/nfs_dcc/experiments/shiro-ef/ablation_sampling_size/glove-100-angular-samplings-3000-k100-ef.bin
Samplings loaded from /opt/nfs_dcc/experiments/shiro-ef/ablation_sampling_size/glove-100-angular-samplings-3000-k100-ef.bin
Average Recall: 0.733997
Initial average recall with ef=100: 0.734038
Average Recall: 0.776819
Initial average recall with ef=150: 0.776865
Weighted average ef: 1639.15
EF-estimation table computing time: 60913 ms
Training convergence-bucket 0 [11.8456, 33.8373) with 300 queries.
Average Recall: 0.468533
Initial average recall with ef=100: 0.457456
Average Recall: 0.5204
Initial average recall with ef=150: 0.510139
Recall diff is too small for 1 consecutive steps, break.
Weighted average ef: 4103.74
Training convergence-bucket 1 [33.8373, 41.2924) with 300 queries.
Average Recall: 0.480533
Initial average recall with ef=100: 0.470381
Average Recall: 0.535733
Initial average recall with ef=150: 0.525571
Recall diff is too small for 1 consecutive steps, break.
Recall diff is too small for 1 consecutive steps, break.
Recall diff is too small for 1 consecutive steps, break.
Weighted average ef: 3706.39
Training convergence-bucket 2 [41.2924, 46.7876) with 300 queries.
Average Recall: 0.531967
Initial average recall with ef=100: 0.522979
Average Recall: 0.590267
Initial average recall with ef=150: 0.581918
Recall diff is too small for 1 consecutive steps, break.
Recall diff is too small for 1 consecutive steps, break.
Recall diff is too small for 1 consecutive steps, break.
Weighted average ef: 3155.01
Training convergence-bucket 3 [46.7876, 52.1581) with 300 queries.
Average Recall: 0.632767
Initial average recall with ef=100: 0.623082
Average Recall: 0.693233
Initial average recall with ef=150: 0.685125
Recall diff is too small for 1 consecutive steps, break.
Weighted average ef: 1949.08
Training convergence-bucket 4 [52.1581, 57.5048) with 300 queries.
Average Recall: 0.7313
Initial average recall with ef=100: 0.717091
Average Recall: 0.787634
Initial average recall with ef=150: 0.775527
Recall diff is too small for 1 consecutive steps, break.
Weighted average ef: 1141.08
Training convergence-bucket 5 [57.5048, 63.252) with 300 queries.
Average Recall: 0.796633
Initial average recall with ef=100: 0.791174
Average Recall: 0.8437
Initial average recall with ef=150: 0.84
Weighted average ef: 750.773
Training convergence-bucket 6 [63.252, 68.9994) with 300 queries.
Average Recall: 0.8649
Initial average recall with ef=100: 0.86547
Average Recall: 0.9031
Initial average recall with ef=150: 0.90439
Recall diff is too small for 1 consecutive steps, break.
Weighted average ef: 485.04
Training convergence-bucket 7 [68.9994, 73.6128) with 300 queries.
Average Recall: 0.9093
Initial average recall with ef=100: 0.905821
Average Recall: 0.9386
Initial average recall with ef=150: 0.935464
Weighted average ef: 282.49
Training convergence-bucket 8 [73.6128, 78.6985) with 300 queries.
Average Recall: 0.948934
Initial average recall with ef=100: 0.951259
Average Recall: 0.969967
Initial average recall with ef=150: 0.971993
Weighted average ef: 138.293
Training convergence-bucket 9 [78.6985, inf) with 300 queries.
Average Recall: 0.975134
Initial average recall with ef=100: 0.979965
Average Recall: 0.9856
Initial average recall with ef=150: 0.989758
Weighted average ef: 106.387
****Weighted average ef: 1581
Search time: 63157 ms
Search time: 63128 ms
Search time: 63132 ms
Average Recall: 0.979185
5th percentile recall: 0.92
1st percentile recall: 0.87
Median search time: 63132 ms
Search times: 63128 ms, 63132 ms, 63157 ms,
glove-100-angular experiment results:
statisc_length, time, avg_recall, 5th_percentile_recall, 1st_percentile_recall, recall_above_99, recall_above_95, recall_above_90
1025, 63132, 0.979185, 0.92, 0.87, 6084, 8231, 9643
Experiment finished


Sampling size: 2000


Ground truth computed in 22114 ms
Sampling computing time: 98940 ms
Loading samplings from /opt/nfs_dcc/experiments/shiro-ef/ablation_sampling_size/glove-100-angular-samplings-2000-k100-ef.bin
Samplings loaded from /opt/nfs_dcc/experiments/shiro-ef/ablation_sampling_size/glove-100-angular-samplings-2000-k100-ef.bin
Average Recall: 0.740274
Initial average recall with ef=100: 0.739342
Average Recall: 0.783474
Initial average recall with ef=150: 0.782607
Recall diff is too small for 1 consecutive steps, break.
Recall diff is too small for 1 consecutive steps, break.
Recall diff is too small for 1 consecutive steps, break.
Recall diff is too small for 1 consecutive steps, break.
Weighted average ef: 1445.06
EF-estimation table computing time: 25765 ms
Training convergence-bucket 0 [16.463, 33.7761) with 200 queries.
Average Recall: 0.469
Initial average recall with ef=100: 0.452324
Average Recall: 0.5201
Initial average recall with ef=150: 0.504108
Recall diff is too small for 1 consecutive steps, break.
Recall diff is too small for 1 consecutive steps, break.
Weighted average ef: 4022.88
Training convergence-bucket 1 [33.7761, 41.0899) with 200 queries.
Average Recall: 0.491055
Initial average recall with ef=100: 0.483333
Average Recall: 0.547236
Initial average recall with ef=150: 0.53963
Recall diff is too small for 1 consecutive steps, break.
Recall diff is too small for 1 consecutive steps, break.
Weighted average ef: 3484.56
Training convergence-bucket 2 [41.0899, 46.8379) with 200 queries.
Average Recall: 0.55415
Initial average recall with ef=100: 0.540778
Average Recall: 0.61165
Initial average recall with ef=150: 0.598667
Recall diff is too small for 1 consecutive steps, break.
Recall diff is too small for 1 consecutive steps, break.
Recall diff is too small for 1 consecutive steps, break.
Recall diff is too small for 1 consecutive steps, break.
Weighted average ef: 2774.24
Training convergence-bucket 3 [46.8379, 52.16) with 200 queries.
Average Recall: 0.6619
Initial average recall with ef=100: 0.651167
Average Recall: 0.72235
Initial average recall with ef=150: 0.713222
Weighted average ef: 1690.87
Training convergence-bucket 4 [52.16, 57.5932) with 200 queries.
Average Recall: 0.7206
Initial average recall with ef=100: 0.717778
Average Recall: 0.77625
Initial average recall with ef=150: 0.773055
Recall diff is too small for 1 consecutive steps, break.
Weighted average ef: 1129.4
Training convergence-bucket 5 [57.5932, 62.6179) with 200 queries.
Average Recall: 0.8243
Initial average recall with ef=100: 0.822804
Average Recall: 0.87345
Initial average recall with ef=150: 0.871005
Weighted average ef: 581.99
Training convergence-bucket 6 [62.6179, 67.9612) with 200 queries.
Average Recall: 0.8636
Initial average recall with ef=100: 0.854943
Average Recall: 0.9032
Initial average recall with ef=150: 0.896591
Recall diff is too small for 1 consecutive steps, break.
Weighted average ef: 364.325
Training convergence-bucket 7 [67.9612, 73.0703) with 200 queries.
Average Recall: 0.90545
Initial average recall with ef=100: 0.9125
Average Recall: 0.9339
Initial average recall with ef=150: 0.942439
Weighted average ef: 197.65
Training convergence-bucket 8 [73.0703, 78.3455) with 200 queries.
Average Recall: 0.943601
Initial average recall with ef=100: 0.94267
Average Recall: 0.9657
Initial average recall with ef=150: 0.965079
Weighted average ef: 162.59
Training convergence-bucket 9 [78.3455, inf) with 200 queries.
Average Recall: 0.967851
Initial average recall with ef=100: 0.97095
Average Recall: 0.97975
Initial average recall with ef=150: 0.982905
Weighted average ef: 119.905
****Weighted average ef: 1452
Search time: 60887 ms
Search time: 60875 ms
Search time: 60866 ms
Average Recall: 0.97827
5th percentile recall: 0.91
1st percentile recall: 0.87
Median search time: 60875 ms
Search times: 60866 ms, 60875 ms, 60887 ms,
glove-100-angular experiment results:
statisc_length, time, avg_recall, 5th_percentile_recall, 1st_percentile_recall, recall_above_99, recall_above_95, recall_above_90
1025, 60875, 0.97827, 0.91, 0.87, 5944, 8115, 9634
Experiment finished


Sampling size: 1000


Ground truth computed in 11214 ms
Sampling computing time: 46660 ms
Loading samplings from /opt/nfs_dcc/experiments/shiro-ef/ablation_sampling_size/glove-100-angular-samplings-1000-k100-ef.bin
Samplings loaded from /opt/nfs_dcc/experiments/shiro-ef/ablation_sampling_size/glove-100-angular-samplings-1000-k100-ef.bin
Average Recall: 0.72398
Initial average recall with ef=100: 0.72251
Average Recall: 0.76769
Initial average recall with ef=150: 0.766477
Weighted average ef: 1644.5
EF-estimation table computing time: 18789 ms
Training convergence-bucket 0 [13.1649, 33.4952) with 100 queries.
Average Recall: 0.4848
Initial average recall with ef=100: 0.458734
Average Recall: 0.5362
Initial average recall with ef=150: 0.511266
Recall diff is too small for 1 consecutive steps, break.
Recall diff is too small for 1 consecutive steps, break.
Weighted average ef: 3176.67
Training convergence-bucket 1 [33.4952, 39.8584) with 100 queries.
Average Recall: 0.4382
Initial average recall with ef=100: 0.428085
Average Recall: 0.4927
Initial average recall with ef=150: 0.482979
Recall diff is too small for 1 consecutive steps, break.
Recall diff is too small for 1 consecutive steps, break.
Recall diff is too small for 1 consecutive steps, break.
Recall diff is too small for 1 consecutive steps, break.
Weighted average ef: 3972.8
Training convergence-bucket 2 [39.8584, 44.8336) with 100 queries.
Average Recall: 0.5366
Initial average recall with ef=100: 0.508046
Average Recall: 0.5909
Initial average recall with ef=150: 0.564368
Recall diff is too small for 1 consecutive steps, break.
Weighted average ef: 3023.75
Training convergence-bucket 3 [44.8336, 50.2885) with 100 queries.
Average Recall: 0.6105
Initial average recall with ef=100: 0.594524
Average Recall: 0.6765
Initial average recall with ef=150: 0.662024
Recall diff is too small for 1 consecutive steps, break.
Recall diff is too small for 1 consecutive steps, break.
Recall diff is too small for 1 consecutive steps, break.
Weighted average ef: 1993.63
Training convergence-bucket 4 [50.2885, 56.3812) with 100 queries.
Average Recall: 0.7071
Initial average recall with ef=100: 0.704937
Average Recall: 0.767
Initial average recall with ef=150: 0.76962
Recall diff is too small for 1 consecutive steps, break.
Recall diff is too small for 1 consecutive steps, break.
Recall diff is too small for 1 consecutive steps, break.
Weighted average ef: 954.91
Training convergence-bucket 5 [56.3812, 62.2659) with 100 queries.
Average Recall: 0.7968
Initial average recall with ef=100: 0.769221
Average Recall: 0.8453
Initial average recall with ef=150: 0.819351
Recall diff is too small for 1 consecutive steps, break.
Recall diff is too small for 1 consecutive steps, break.
Weighted average ef: 655.78
Training convergence-bucket 6 [62.2659, 67.6592) with 100 queries.
Average Recall: 0.8586
Initial average recall with ef=100: 0.861358
Average Recall: 0.8987
Initial average recall with ef=150: 0.902963
Recall diff is too small for 1 consecutive steps, break.
Recall diff is too small for 1 consecutive steps, break.
Weighted average ef: 322.62
Training convergence-bucket 7 [67.6592, 73.091) with 100 queries.
Average Recall: 0.8974
Initial average recall with ef=100: 0.894074
Average Recall: 0.9279
Initial average recall with ef=150: 0.925432
Weighted average ef: 301.54
Training convergence-bucket 8 [73.091, 78.103) with 100 queries.
Average Recall: 0.9339
Initial average recall with ef=100: 0.936857
Average Recall: 0.9563
Initial average recall with ef=150: 0.959714
Weighted average ef: 128.57
Training convergence-bucket 9 [78.103, inf) with 100 queries.
Average Recall: 0.9759
Initial average recall with ef=100: 0.987812
Average Recall: 0.9854
Initial average recall with ef=150: 0.995
Weighted average ef: 64
****Weighted average ef: 1459
Search time: 60818 ms
Search time: 60791 ms
Search time: 60787 ms
Average Recall: 0.977809
5th percentile recall: 0.91
1st percentile recall: 0.86
Median search time: 60791 ms
Search times: 60787 ms, 60791 ms, 60818 ms,
glove-100-angular experiment results:
statisc_length, time, avg_recall, 5th_percentile_recall, 1st_percentile_recall, recall_above_99, recall_above_95, recall_above_90
1025, 60791, 0.977809, 0.91, 0.86, 5996, 8128, 9539
Experiment finished
Dataset: word2vec-300-angular
Metric: cd
Truncation ratio: 0.5
Normalize the data vectors
Data vectors dimensions: 1000000 x 300
Query vectors dimensions: 1000 x 300
Neighbors dimensions: 1000 x 100
Using AVX Inner Product distance
Index loaded
Dimension of space:300
Data size of space:1200


Sampling size: 5000


Ground truth computed in 96381 ms
Sampling computing time: 132311 ms
Loading samplings from /opt/nfs_dcc/experiments/shiro-ef/ablation_sampling_size/word2vec-300-angular-samplings-5000-k100-ef.bin
Samplings loaded from /opt/nfs_dcc/experiments/shiro-ef/ablation_sampling_size/word2vec-300-angular-samplings-5000-k100-ef.bin
Average Recall: 0.825718
Initial average recall with ef=100: 0.825451
Average Recall: 0.872315
Initial average recall with ef=150: 0.872165
Recall diff is too small for 1 consecutive steps, break.
Recall diff is too small for 1 consecutive steps, break.
Recall diff is too small for 1 consecutive steps, break.
Recall diff is too small for 1 consecutive steps, break.
Recall diff is too small for 1 consecutive steps, break.
Recall diff is too small for 1 consecutive steps, break.
Recall diff is too small for 1 consecutive steps, break.
Recall diff is too small for 1 consecutive steps, break.
Recall diff is too small for 1 consecutive steps, break.
Recall diff is too small for 1 consecutive steps, break.
Recall diff is too small for 1 consecutive steps, break.
Recall diff is too small for 1 consecutive steps, break.
Recall diff is too small for 1 consecutive steps, break.
Recall diff is too small for 1 consecutive steps, break.
Weighted average ef: 410.984
EF-estimation table computing time: 33362 ms
Training convergence-bucket 0 [13.1139, 42.1722) with 500 queries.
Average Recall: 0.59588
Initial average recall with ef=100: 0.596085
Average Recall: 0.677
Initial average recall with ef=150: 0.677586
Recall diff is too small for 1 consecutive steps, break.
Weighted average ef: 936.21
Training convergence-bucket 1 [42.1722, 45.892) with 500 queries.
Average Recall: 0.622004
Initial average recall with ef=100: 0.618207
Average Recall: 0.706934
Initial average recall with ef=150: 0.704114
Recall diff is too small for 1 consecutive steps, break.
Recall diff is too small for 1 consecutive steps, break.
Weighted average ef: 879.658
Training convergence-bucket 2 [45.892, 52.9298) with 500 queries.
Average Recall: 0.677916
Initial average recall with ef=100: 0.678431
Average Recall: 0.75258
Initial average recall with ef=150: 0.751444
Recall diff is too small for 1 consecutive steps, break.
Weighted average ef: 779.054
Training convergence-bucket 3 [52.9298, 59.0831) with 500 queries.
Average Recall: 0.81168
Initial average recall with ef=100: 0.810433
Average Recall: 0.86642
Initial average recall with ef=150: 0.866428
Recall diff is too small for 1 consecutive steps, break.
Recall diff is too small for 1 consecutive steps, break.
Weighted average ef: 424.632
Training convergence-bucket 4 [59.0831, 64.2646) with 500 queries.
Average Recall: 0.852521
Initial average recall with ef=100: 0.853242
Average Recall: 0.899601
Initial average recall with ef=150: 0.900442
Weighted average ef: 319.164
Training convergence-bucket 5 [64.2646, 67.881) with 500 queries.
Average Recall: 0.899641
Initial average recall with ef=100: 0.900299
Average Recall: 0.937081
Initial average recall with ef=150: 0.937564
Weighted average ef: 205.108
Training convergence-bucket 6 [67.881, 71.1096) with 500 queries.
Average Recall: 0.924561
Initial average recall with ef=100: 0.923761
Average Recall: 0.95504
Initial average recall with ef=150: 0.954643
Weighted average ef: 161.032
Training convergence-bucket 7 [71.1096, 74.4272) with 500 queries.
Average Recall: 0.946421
Initial average recall with ef=100: 0.947346
Average Recall: 0.9685
Initial average recall with ef=150: 0.969639
Weighted average ef: 129.12
Training convergence-bucket 8 [74.4272, 77.913) with 500 queries.
Average Recall: 0.955701
Initial average recall with ef=100: 0.955685
Average Recall: 0.9757
Initial average recall with ef=150: 0.97585
Weighted average ef: 119.82
Training convergence-bucket 9 [77.913, inf) with 500 queries.
Average Recall: 0.97026
Initial average recall with ef=100: 0.97216
Average Recall: 0.98404
Initial average recall with ef=150: 0.985247
Weighted average ef: 103.9
****Weighted average ef: 405
Search time: 2122 ms
Search time: 2042 ms
Search time: 2121 ms
Average Recall: 0.97635
5th percentile recall: 0.89
1st percentile recall: 0.78
Median search time: 2121 ms
Search times: 2042 ms, 2121 ms, 2122 ms,
word2vec-300-angular experiment results:
statisc_length, time, avg_recall, 5th_percentile_recall, 1st_percentile_recall, recall_above_99, recall_above_95, recall_above_90
1025, 2121, 0.97635, 0.89, 0.78, 645, 827, 934
Experiment finished


Sampling size: 3000


Ground truth computed in 59805 ms
Sampling computing time: 111996 ms
Loading samplings from /opt/nfs_dcc/experiments/shiro-ef/ablation_sampling_size/word2vec-300-angular-samplings-3000-k100-ef.bin
Samplings loaded from /opt/nfs_dcc/experiments/shiro-ef/ablation_sampling_size/word2vec-300-angular-samplings-3000-k100-ef.bin
Average Recall: 0.824559
Initial average recall with ef=100: 155.194
Average Recall: 0.871327
Initial average recall with ef=150: 0.871488
Weighted average ef: 494.951
EF-estimation table computing time: 23754 ms
Training convergence-bucket 0 [13.1139, 42.2204) with 300 queries.
Average Recall: 0.595133
Initial average recall with ef=100: 0.599517
Average Recall: 0.6762
Initial average recall with ef=150: 0.68
Weighted average ef: 902.607
Training convergence-bucket 1 [42.2204, 45.9193) with 300 queries.
Average Recall: 0.625233
Initial average recall with ef=100: 0.620036
Average Recall: 0.711067
Initial average recall with ef=150: 0.707806
Weighted average ef: 831.333
Training convergence-bucket 2 [45.9193, 52.7311) with 300 queries.
Average Recall: 0.67709
Initial average recall with ef=100: 0.673928
Average Recall: 0.7466
Initial average recall with ef=150: 0.747679
Weighted average ef: 777.843
Training convergence-bucket 3 [52.7311, 58.934) with 300 queries.
Average Recall: 0.7988
Initial average recall with ef=100: 0.801301
Average Recall: 0.859367
Initial average recall with ef=150: 0.860186
Recall diff is too small for 1 consecutive steps, break.
Weighted average ef: 443.48
Training convergence-bucket 4 [58.934, 63.8339) with 300 queries.
Average Recall: 0.855552
Initial average recall with ef=100: 0.855018
Average Recall: 0.901138
Initial average recall with ef=150: 0.900982
Recall diff is too small for 1 consecutive steps, break.
Weighted average ef: 288.757
Training convergence-bucket 5 [63.8339, 67.7826) with 300 queries.
Average Recall: 0.886054
Initial average recall with ef=100: 0.88231
Average Recall: 0.9269
Initial average recall with ef=150: 0.925921
Recall diff is too small for 1 consecutive steps, break.
Recall diff is too small for 1 consecutive steps, break.
Weighted average ef: 242.603
Training convergence-bucket 6 [67.7826, 71.1004) with 300 queries.
Average Recall: 0.924733
Initial average recall with ef=100: 0.927814
Average Recall: 0.956967
Initial average recall with ef=150: 0.959821
Weighted average ef: 151.257
Training convergence-bucket 7 [71.1004, 74.4072) with 300 queries.
Average Recall: 0.943467
Initial average recall with ef=100: 0.943985
Average Recall: 0.967733
Initial average recall with ef=150: 0.968413
Weighted average ef: 126.867
Training convergence-bucket 8 [74.4072, 78.1049) with 300 queries.
Average Recall: 0.961534
Initial average recall with ef=100: 0.961259
Average Recall: 0.9781
Initial average recall with ef=150: 0.978022
Weighted average ef: 106.89
Training convergence-bucket 9 [78.1049, inf) with 300 queries.
Average Recall: 0.977867
Initial average recall with ef=100: 0.978375
Average Recall: 0.989367
Initial average recall with ef=150: 0.989788
Weighted average ef: 100.833
****Weighted average ef: 397
Search time: 2225 ms
Search time: 2270 ms
Search time: 2268 ms
Average Recall: 0.97697
5th percentile recall: 0.89
1st percentile recall: 0.8
Median search time: 2268 ms
Search times: 2225 ms, 2268 ms, 2270 ms,
word2vec-300-angular experiment results:
statisc_length, time, avg_recall, 5th_percentile_recall, 1st_percentile_recall, recall_above_99, recall_above_95, recall_above_90
1025, 2268, 0.97697, 0.89, 0.8, 657, 831, 936
Experiment finished


Sampling size: 2000


Ground truth computed in 39806 ms
Sampling computing time: 76024 ms
Loading samplings from /opt/nfs_dcc/experiments/shiro-ef/ablation_sampling_size/word2vec-300-angular-samplings-2000-k100-ef.bin
Samplings loaded from /opt/nfs_dcc/experiments/shiro-ef/ablation_sampling_size/word2vec-300-angular-samplings-2000-k100-ef.bin
Average Recall: 0.823151
Initial average recall with ef=100: 0.82403
Average Recall: 0.869401
Initial average recall with ef=150: 0.870276
Weighted average ef: 429.833
EF-estimation table computing time: 16873 ms
Training convergence-bucket 0 [17.3626, 42.1819) with 200 queries.
Average Recall: 0.5901
Initial average recall with ef=100: 0.599355
Average Recall: 0.66845
Initial average recall with ef=150: 0.678333
Recall diff is too small for 1 consecutive steps, break.
Recall diff is too small for 1 consecutive steps, break.
Weighted average ef: 868.505
Training convergence-bucket 1 [42.1819, 45.894) with 200 queries.
Average Recall: 0.63195
Initial average recall with ef=100: 0.636409
Average Recall: 0.71825
Initial average recall with ef=150: 0.722873
Recall diff is too small for 1 consecutive steps, break.
Weighted average ef: 803.32
Training convergence-bucket 2 [45.894, 52.1049) with 200 queries.
Average Recall: 0.6673
Initial average recall with ef=100: 0.658462
Average Recall: 0.73735
Initial average recall with ef=150: 0.730604
Recall diff is too small for 1 consecutive steps, break.
Recall diff is too small for 1 consecutive steps, break.
Recall diff is too small for 1 consecutive steps, break.
Weighted average ef: 781.545
Training convergence-bucket 3 [52.1049, 58.8628) with 200 queries.
Average Recall: 0.7934
Initial average recall with ef=100: 0.792768
Average Recall: 0.8508
Initial average recall with ef=150: 0.851525
Recall diff is too small for 1 consecutive steps, break.
Recall diff is too small for 1 consecutive steps, break.
Recall diff is too small for 1 consecutive steps, break.
Recall diff is too small for 1 consecutive steps, break.
Weighted average ef: 495.95
Training convergence-bucket 4 [58.8628, 64.0561) with 200 queries.
Average Recall: 0.85905
Initial average recall with ef=100: 0.856687
Average Recall: 0.90425
Initial average recall with ef=150: 0.904458
Weighted average ef: 255.955
Training convergence-bucket 5 [64.0561, 68.1161) with 200 queries.
Average Recall: 0.8934
Initial average recall with ef=100: 0.888883
Average Recall: 0.93185
Initial average recall with ef=150: 0.92905
Weighted average ef: 222.85
Training convergence-bucket 6 [68.1161, 71.116) with 200 queries.
Average Recall: 0.91845
Initial average recall with ef=100: 0.920471
Average Recall: 0.9495
Initial average recall with ef=150: 0.950647
Weighted average ef: 157.605
Training convergence-bucket 7 [71.116, 74.5257) with 200 queries.
Average Recall: 0.94465
Initial average recall with ef=100: 0.94422
Average Recall: 0.9699
Initial average recall with ef=150: 0.970174
Weighted average ef: 124.555
Training convergence-bucket 8 [74.5257, 77.8442) with 200 queries.
Average Recall: 0.957251
Initial average recall with ef=100: 0.958976
Average Recall: 0.97635
Initial average recall with ef=150: 0.978253
Weighted average ef: 94.34
Training convergence-bucket 9 [77.8442, inf) with 200 queries.
Average Recall: 0.976001
Initial average recall with ef=100: 0.97814
Average Recall: 0.98735
Initial average recall with ef=150: 0.988837
Weighted average ef: 92.5
****Weighted average ef: 389
Search time: 2182 ms
Search time: 2194 ms
Search time: 2196 ms
Average Recall: 0.97693
5th percentile recall: 0.89
1st percentile recall: 0.8
Median search time: 2194 ms
Search times: 2182 ms, 2194 ms, 2196 ms,
word2vec-300-angular experiment results:
statisc_length, time, avg_recall, 5th_percentile_recall, 1st_percentile_recall, recall_above_99, recall_above_95, recall_above_90
1025, 2194, 0.97693, 0.89, 0.8, 660, 828, 936
Experiment finished


Sampling size: 1000


Ground truth computed in 19708 ms
Sampling computing time: 37865 ms
Loading samplings from /opt/nfs_dcc/experiments/shiro-ef/ablation_sampling_size/word2vec-300-angular-samplings-1000-k100-ef.bin
Samplings loaded from /opt/nfs_dcc/experiments/shiro-ef/ablation_sampling_size/word2vec-300-angular-samplings-1000-k100-ef.bin
Average Recall: 0.822939
Initial average recall with ef=100: 0.823077
Average Recall: 0.869819
Initial average recall with ef=150: 0.870359
Recall diff is too small for 1 consecutive steps, break.
Weighted average ef: 414.205
EF-estimation table computing time: 7815 ms
Training convergence-bucket 0 [17.3626, 41.9139) with 100 queries.
Average Recall: 0.5763
Initial average recall with ef=100: 0.595862
Average Recall: 0.6508
Initial average recall with ef=150: 0.67092
Recall diff is too small for 1 consecutive steps, break.
Recall diff is too small for 1 consecutive steps, break.
Weighted average ef: 783.47
Training convergence-bucket 1 [41.9139, 45.8441) with 100 queries.
Average Recall: 0.6333
Initial average recall with ef=100: 0.64875
Average Recall: 0.722
Initial average recall with ef=150: 0.735682
Weighted average ef: 705.44
Training convergence-bucket 2 [45.8441, 51.5979) with 100 queries.
Average Recall: 0.6759
Initial average recall with ef=100: 0.685256
Average Recall: 0.7424
Initial average recall with ef=150: 0.754231
Recall diff is too small for 1 consecutive steps, break.
Recall diff is too small for 1 consecutive steps, break.
Recall diff is too small for 1 consecutive steps, break.
Weighted average ef: 597.06
Training convergence-bucket 3 [51.5979, 57.9116) with 100 queries.
Average Recall: 0.8179
Initial average recall with ef=100: 0.814267
Average Recall: 0.8708
Initial average recall with ef=150: 0.8652
Recall diff is too small for 1 consecutive steps, break.
Weighted average ef: 333.69
Training convergence-bucket 4 [57.9116, 62.5984) with 100 queries.
Average Recall: 0.8471
Initial average recall with ef=100: 0.847361
Average Recall: 0.9015
Initial average recall with ef=150: 0.905278
Weighted average ef: 220.09
Training convergence-bucket 5 [62.5984, 66.8103) with 100 queries.
Average Recall: 0.8858
Initial average recall with ef=100: 0.873333
Average Recall: 0.9262
Initial average recall with ef=150: 0.915942
Weighted average ef: 182.85
Training convergence-bucket 6 [66.8103, 70.0795) with 100 queries.
Average Recall: 0.9302
Initial average recall with ef=100: 0.926282
Average Recall: 0.9599
Initial average recall with ef=150: 0.957949
Weighted average ef: 132.04
Training convergence-bucket 7 [70.0795, 73.2032) with 100 queries.
Average Recall: 0.9277
Initial average recall with ef=100: 0.918514
Average Recall: 0.953
Initial average recall with ef=150: 0.946892
Recall diff is too small for 1 consecutive steps, break.
Recall diff is too small for 1 consecutive steps, break.
Recall diff is too small for 1 consecutive steps, break.
Recall diff is too small for 1 consecutive steps, break.
Weighted average ef: 161.62
Training convergence-bucket 8 [73.2032, 77.2507) with 100 queries.
Average Recall: 0.9609
Initial average recall with ef=100: 0.963714
Average Recall: 0.9831
Initial average recall with ef=150: 0.983
Weighted average ef: 84.5
Training convergence-bucket 9 [77.2507, inf) with 100 queries.
Average Recall: 0.9743
Initial average recall with ef=100: 0.969091
Average Recall: 0.9885
Initial average recall with ef=150: 0.986212
Weighted average ef: 77.5
****Weighted average ef: 327
Search time: 2061 ms
Search time: 1978 ms
Search time: 1978 ms
Average Recall: 0.97292
5th percentile recall: 0.88
1st percentile recall: 0.78
Median search time: 1978 ms
Search times: 1978 ms, 1978 ms, 2061 ms,
word2vec-300-angular experiment results:
statisc_length, time, avg_recall, 5th_percentile_recall, 1st_percentile_recall, recall_above_99, recall_above_95, recall_above_90
1025, 1978, 0.97292, 0.88, 0.78, 612, 801, 921
Experiment finished
Dataset: sift10m-128-euclidean
Metric: l2
Truncation ratio: 0.5
Data vectors dimensions: 10000000 x 128
Query vectors dimensions: 1000 x 128
Neighbors dimensions: 1000 x 100
Index loaded
Dimension of space:128
Data size of space:512


Sampling size: 5000


Ground truth computed in 571592 ms
Sampling computing time: 606068 ms
Loading samplings from /opt/nfs_dcc/experiments/shiro-ef/ablation_sampling_size/sift10m-128-euclidean-samplings-5000-k100-ef.bin
Samplings loaded from /opt/nfs_dcc/experiments/shiro-ef/ablation_sampling_size/sift10m-128-euclidean-samplings-5000-k100-ef.bin
Average Recall: 0.855797
Initial average recall with ef=100: 0.855889
Average Recall: 0.901615
Initial average recall with ef=150: 0.901677
Weighted average ef: 303.99
EF-estimation table computing time: 30714 ms
Training convergence-bucket 0 [15.86, 48.7073) with 500 queries.
Average Recall: 0.6607
Initial average recall with ef=100: 0.658896
Average Recall: 0.73674
Initial average recall with ef=150: 0.735333
Weighted average ef: 727.002
Training convergence-bucket 1 [48.7073, 52.3456) with 500 queries.
Average Recall: 0.70164
Initial average recall with ef=100: 0.701047
Average Recall: 0.7757
Initial average recall with ef=150: 0.775174
Weighted average ef: 588.104
Training convergence-bucket 2 [52.3456, 57.8307) with 500 queries.
Average Recall: 0.77114
Initial average recall with ef=100: 0.770911
Average Recall: 0.84058
Initial average recall with ef=150: 0.840304
Weighted average ef: 435.902
Training convergence-bucket 3 [57.8307, 61.7423) with 500 queries.
Average Recall: 0.83738
Initial average recall with ef=100: 0.836016
Average Recall: 0.89466
Initial average recall with ef=150: 0.893758
Weighted average ef: 283.614
Training convergence-bucket 4 [61.7423, 64.9019) with 500 queries.
Average Recall: 0.86814
Initial average recall with ef=100: 0.868021
Average Recall: 0.919301
Initial average recall with ef=150: 0.919388
Weighted average ef: 238.092
Training convergence-bucket 5 [64.9019, 67.8547) with 500 queries.
Average Recall: 0.892561
Initial average recall with ef=100: 0.892567
Average Recall: 0.93814
Initial average recall with ef=150: 0.938008
Weighted average ef: 191.956
Training convergence-bucket 6 [67.8547, 71.0616) with 500 queries.
Average Recall: 0.921401
Initial average recall with ef=100: 0.92252
Average Recall: 0.9566
Initial average recall with ef=150: 0.95752
Weighted average ef: 158.99
Training convergence-bucket 7 [71.0616, 75.0585) with 500 queries.
Average Recall: 0.944481
Initial average recall with ef=100: 0.945818
Average Recall: 0.9715
Initial average recall with ef=150: 0.972485
Weighted average ef: 131.8
Training convergence-bucket 8 [75.0585, 79.235) with 500 queries.
Average Recall: 0.9716
Initial average recall with ef=100: 0.972263
Average Recall: 0.987599
Initial average recall with ef=150: 0.987939
Weighted average ef: 103.1
Training convergence-bucket 9 [79.235, inf) with 500 queries.
Average Recall: 0.989
Initial average recall with ef=100: 0.989878
Average Recall: 0.99538
Initial average recall with ef=150: 0.995939
Weighted average ef: 98
****Weighted average ef: 295
Search time: 1598 ms
Search time: 1563 ms
Search time: 1582 ms
Average Recall: 0.98426
5th percentile recall: 0.94
1st percentile recall: 0.92
Median search time: 1582 ms
Search times: 1563 ms, 1582 ms, 1598 ms,
sift10m-128-euclidean experiment results:
statisc_length, time, avg_recall, 5th_percentile_recall, 1st_percentile_recall, recall_above_99, recall_above_95, recall_above_90
1025, 1582, 0.98426, 0.94, 0.92, 614, 917, 996
Experiment finished


Sampling size: 3000


Ground truth computed in 348319 ms
Sampling computing time: 386970 ms
Loading samplings from /opt/nfs_dcc/experiments/shiro-ef/ablation_sampling_size/sift10m-128-euclidean-samplings-3000-k100-ef.bin
Samplings loaded from /opt/nfs_dcc/experiments/shiro-ef/ablation_sampling_size/sift10m-128-euclidean-samplings-3000-k100-ef.bin
Average Recall: 0.855231
Initial average recall with ef=100: 0.855597
Average Recall: 0.902291
Initial average recall with ef=150: 0.90265
Weighted average ef: 300.927
EF-estimation table computing time: 22368 ms
Training convergence-bucket 0 [31.1864, 48.6203) with 300 queries.
Average Recall: 0.6612
Initial average recall with ef=100: 0.658893
Average Recall: 0.738634
Initial average recall with ef=150: 0.736747
Recall diff is too small for 1 consecutive steps, break.
Weighted average ef: 744.43
Training convergence-bucket 1 [48.6203, 52.4117) with 300 queries.
Average Recall: 0.695067
Initial average recall with ef=100: 0.693951
Average Recall: 0.772433
Initial average recall with ef=150: 0.771643
Recall diff is too small for 1 consecutive steps, break.
Weighted average ef: 591.123
Training convergence-bucket 2 [52.4117, 58.2312) with 300 queries.
Average Recall: 0.7709
Initial average recall with ef=100: 0.766202
Average Recall: 0.842833
Initial average recall with ef=150: 0.838989
Recall diff is too small for 1 consecutive steps, break.
Weighted average ef: 417.78
Training convergence-bucket 3 [58.2312, 61.8679) with 300 queries.
Average Recall: 0.834833
Initial average recall with ef=100: 0.832639
Average Recall: 0.893566
Initial average recall with ef=150: 0.89191
Weighted average ef: 277.217
Training convergence-bucket 4 [61.8679, 64.9579) with 300 queries.
Average Recall: 0.865834
Initial average recall with ef=100: 0.865556
Average Recall: 0.9179
Initial average recall with ef=150: 0.917917
Weighted average ef: 225.4
Training convergence-bucket 5 [64.9579, 67.9324) with 300 queries.
Average Recall: 0.898466
Initial average recall with ef=100: 0.900173
Average Recall: 0.943567
Initial average recall with ef=150: 0.945017
Weighted average ef: 182.807
Training convergence-bucket 6 [67.9324, 71.2767) with 300 queries.
Average Recall: 0.9212
Initial average recall with ef=100: 0.92134
Average Recall: 0.957534
Initial average recall with ef=150: 0.957835
Weighted average ef: 158.007
Training convergence-bucket 7 [71.2767, 74.6092) with 300 queries.
Average Recall: 0.949101
Initial average recall with ef=100: 0.95045
Average Recall: 0.974367
Initial average recall with ef=150: 0.975294
Weighted average ef: 122.833
Training convergence-bucket 8 [74.6092, 78.9603) with 300 queries.
Average Recall: 0.969734
Initial average recall with ef=100: 0.970205
Average Recall: 0.9874
Initial average recall with ef=150: 0.987645
Weighted average ef: 102.167
Training convergence-bucket 9 [78.9603, inf) with 300 queries.
Average Recall: 0.986034
Initial average recall with ef=100: 0.987728
Average Recall: 0.994767
Initial average recall with ef=150: 0.995664
Weighted average ef: 95.9533
****Weighted average ef: 291
Search time: 1660 ms
Search time: 1648 ms
Search time: 1645 ms
Average Recall: 0.98347
5th percentile recall: 0.94
1st percentile recall: 0.92
Median search time: 1648 ms
Search times: 1645 ms, 1648 ms, 1660 ms,
sift10m-128-euclidean experiment results:
statisc_length, time, avg_recall, 5th_percentile_recall, 1st_percentile_recall, recall_above_99, recall_above_95, recall_above_90
1025, 1648, 0.98347, 0.94, 0.92, 602, 909, 995
Experiment finished


Sampling size: 2000


Ground truth computed in 239186 ms
Sampling computing time: 266640 ms
Loading samplings from /opt/nfs_dcc/experiments/shiro-ef/ablation_sampling_size/sift10m-128-euclidean-samplings-2000-k100-ef.bin
Samplings loaded from /opt/nfs_dcc/experiments/shiro-ef/ablation_sampling_size/sift10m-128-euclidean-samplings-2000-k100-ef.bin
Average Recall: 0.853566
Initial average recall with ef=100: 0.853951
Average Recall: 0.901071
Initial average recall with ef=150: 0.901442
Recall diff is too small for 1 consecutive steps, break.
Weighted average ef: 304.436
EF-estimation table computing time: 14312 ms
Training convergence-bucket 0 [24.3126, 48.7863) with 200 queries.
Average Recall: 0.6612
Initial average recall with ef=100: 0.659278
Average Recall: 0.7388
Initial average recall with ef=150: 0.73732
Weighted average ef: 745.875
Training convergence-bucket 1 [48.7863, 52.4761) with 200 queries.
Average Recall: 0.6924
Initial average recall with ef=100: 0.691368
Average Recall: 0.76975
Initial average recall with ef=150: 0.769105
Weighted average ef: 584.84
Training convergence-bucket 2 [52.4761, 57.9109) with 200 queries.
Average Recall: 0.77475
Initial average recall with ef=100: 0.772169
Average Recall: 0.84375
Initial average recall with ef=150: 0.841958
Weighted average ef: 391.45
Training convergence-bucket 3 [57.9109, 61.4362) with 200 queries.
Average Recall: 0.8315
Initial average recall with ef=100: 0.830368
Average Recall: 0.89185
Initial average recall with ef=150: 0.891368
Weighted average ef: 279.615
Training convergence-bucket 4 [61.4362, 64.6833) with 200 queries.
Average Recall: 0.8578
Initial average recall with ef=100: 0.853549
Average Recall: 0.91165
Initial average recall with ef=150: 0.908441
Weighted average ef: 240.945
Training convergence-bucket 5 [64.6833, 67.8068) with 200 queries.
Average Recall: 0.8959
Initial average recall with ef=100: 0.895465
Average Recall: 0.9401
Initial average recall with ef=150: 0.940273
Weighted average ef: 178.795
Training convergence-bucket 6 [67.8068, 71.3931) with 200 queries.
Average Recall: 0.92055
Initial average recall with ef=100: 0.922043
Average Recall: 0.95755
Initial average recall with ef=150: 0.958925
Weighted average ef: 144
Training convergence-bucket 7 [71.3931, 74.6687) with 200 queries.
Average Recall: 0.946101
Initial average recall with ef=100: 0.947077
Average Recall: 0.975601
Initial average recall with ef=150: 0.976564
Weighted average ef: 123.25
Training convergence-bucket 8 [74.6687, 78.8065) with 200 queries.
Average Recall: 0.96695
Initial average recall with ef=100: 0.97129
Average Recall: 0.98555
Initial average recall with ef=150: 0.988172
Weighted average ef: 98.25
Training convergence-bucket 9 [78.8065, inf) with 200 queries.
Average Recall: 0.98855
Initial average recall with ef=100: 0.991492
Average Recall: 0.99615
Initial average recall with ef=150: 0.997403
Weighted average ef: 90.5
****Weighted average ef: 287
Search time: 1827 ms
Search time: 1781 ms
Search time: 1772 ms
Average Recall: 0.98355
5th percentile recall: 0.94
1st percentile recall: 0.92
Median search time: 1781 ms
Search times: 1772 ms, 1781 ms, 1827 ms,
sift10m-128-euclidean experiment results:
statisc_length, time, avg_recall, 5th_percentile_recall, 1st_percentile_recall, recall_above_99, recall_above_95, recall_above_90
1025, 1781, 0.98355, 0.94, 0.92, 599, 906, 996
Experiment finished


Sampling size: 1000


Ground truth computed in 121718 ms
Sampling computing time: 135495 ms
Loading samplings from /opt/nfs_dcc/experiments/shiro-ef/ablation_sampling_size/sift10m-128-euclidean-samplings-1000-k100-ef.bin
Samplings loaded from /opt/nfs_dcc/experiments/shiro-ef/ablation_sampling_size/sift10m-128-euclidean-samplings-1000-k100-ef.bin
Average Recall: 0.855619
Initial average recall with ef=100: 0.856616
Average Recall: 0.901939
Initial average recall with ef=150: 0.902661
Weighted average ef: 299.064
EF-estimation table computing time: 6631 ms
Training convergence-bucket 0 [25.6195, 48.4639) with 100 queries.
Average Recall: 0.6538
Initial average recall with ef=100: 0.653333
Average Recall: 0.7343
Initial average recall with ef=150: 0.731778
Recall diff is too small for 1 consecutive steps, break.
Weighted average ef: 696.24
Training convergence-bucket 1 [48.4639, 52.4117) with 100 queries.
Average Recall: 0.6865
Initial average recall with ef=100: 0.672727
Average Recall: 0.7633
Initial average recall with ef=150: 0.751364
Recall diff is too small for 1 consecutive steps, break.
Weighted average ef: 592.55
Training convergence-bucket 2 [52.4117, 58.2796) with 100 queries.
Average Recall: 0.7803
Initial average recall with ef=100: 0.776588
Average Recall: 0.8495
Initial average recall with ef=150: 0.845765
Weighted average ef: 347.87
Training convergence-bucket 3 [58.2796, 61.9154) with 100 queries.
Average Recall: 0.8382
Initial average recall with ef=100: 0.845
Average Recall: 0.8982
Initial average recall with ef=150: 0.90439
Weighted average ef: 208.8
Training convergence-bucket 4 [61.9154, 65.3506) with 100 queries.
Average Recall: 0.8624
Initial average recall with ef=100: 0.855122
Average Recall: 0.9153
Initial average recall with ef=150: 0.910854
Weighted average ef: 207.67
Training convergence-bucket 5 [65.3506, 68.4547) with 100 queries.
Average Recall: 0.892
Initial average recall with ef=100: 0.886914
Average Recall: 0.936
Initial average recall with ef=150: 0.932099
Weighted average ef: 170.12
Training convergence-bucket 6 [68.4547, 72.1139) with 100 queries.
Average Recall: 0.93
Initial average recall with ef=100: 0.930494
Average Recall: 0.9639
Initial average recall with ef=150: 0.965432
Weighted average ef: 121.5
Training convergence-bucket 7 [72.1139, 75.5485) with 100 queries.
Average Recall: 0.9496
Initial average recall with ef=100: 0.953765
Average Recall: 0.9747
Initial average recall with ef=150: 0.977294
Weighted average ef: 101
Training convergence-bucket 8 [75.5485, 80.2469) with 100 queries.
Average Recall: 0.9726
Initial average recall with ef=100: 0.974756
Average Recall: 0.9889
Initial average recall with ef=150: 0.990854
Weighted average ef: 82
Training convergence-bucket 9 [80.2469, inf) with 100 queries.
Average Recall: 0.9908
Initial average recall with ef=100: 0.995513
Average Recall: 0.9953
Initial average recall with ef=150: 0.998077
Weighted average ef: 78
****Weighted average ef: 260
Search time: 1747 ms
Search time: 1665 ms
Search time: 1671 ms
Average Recall: 0.9847
5th percentile recall: 0.95
1st percentile recall: 0.91
Median search time: 1671 ms
Search times: 1665 ms, 1671 ms, 1747 ms,
sift10m-128-euclidean experiment results:
statisc_length, time, avg_recall, 5th_percentile_recall, 1st_percentile_recall, recall_above_99, recall_above_95, recall_above_90
1025, 1671, 0.9847, 0.95, 0.91, 641, 920, 994
Experiment finished
Dataset: gist-960-euclidean
Metric: l2
Truncation ratio: 0.5
Data vectors dimensions: 1000000 x 960
Query vectors dimensions: 1000 x 960
Neighbors dimensions: 1000 x 100
Index loaded
Dimension of space:960
Data size of space:3840


Sampling size: 5000


Ground truth computed in 236793 ms
Sampling computing time: 308379 ms
Loading samplings from /opt/nfs_dcc/experiments/shiro-ef/ablation_sampling_size/gist-960-euclidean-samplings-5000-k100-ef.bin
Samplings loaded from /opt/nfs_dcc/experiments/shiro-ef/ablation_sampling_size/gist-960-euclidean-samplings-5000-k100-ef.bin
Average Recall: 0.728108
Initial average recall with ef=100: 0.728411
Average Recall: 0.80116
Initial average recall with ef=150: 0.801437
Recall diff is too small for 1 consecutive steps, break.
Weighted average ef: 629.656
EF-estimation table computing time: 140129 ms
Training convergence-bucket 0 [26.5647, 38.5831) with 500 queries.
Average Recall: 0.52148
Initial average recall with ef=100: 0.518303
Average Recall: 0.61386
Initial average recall with ef=150: 0.611104
Recall diff is too small for 1 consecutive steps, break.
Weighted average ef: 1425
Training convergence-bucket 1 [38.5831, 42.5907) with 500 queries.
Average Recall: 0.5583
Initial average recall with ef=100: 0.557459
Average Recall: 0.6552
Initial average recall with ef=150: 0.654573
Weighted average ef: 1119.82
Training convergence-bucket 2 [42.5907, 45.8254) with 500 queries.
Average Recall: 0.62932
Initial average recall with ef=100: 0.630264
Average Recall: 0.71912
Initial average recall with ef=150: 0.719858
Weighted average ef: 813.362
Training convergence-bucket 3 [45.8254, 48.5153) with 500 queries.
Average Recall: 0.66588
Initial average recall with ef=100: 0.668049
Average Recall: 0.75506
Initial average recall with ef=150: 0.757248
Weighted average ef: 652.63
Training convergence-bucket 4 [48.5153, 51.448) with 500 queries.
Average Recall: 0.70118
Initial average recall with ef=100: 0.699163
Average Recall: 0.78692
Initial average recall with ef=150: 0.784959
Recall diff is too small for 1 consecutive steps, break.
Recall diff is too small for 1 consecutive steps, break.
Weighted average ef: 596.102
Training convergence-bucket 5 [51.448, 54.4149) with 500 queries.
Average Recall: 0.74342
Initial average recall with ef=100: 0.743525
Average Recall: 0.81694
Initial average recall with ef=150: 0.817295
Recall diff is too small for 1 consecutive steps, break.
Weighted average ef: 524.624
Training convergence-bucket 6 [54.4149, 58.3232) with 500 queries.
Average Recall: 0.79136
Initial average recall with ef=100: 0.793719
Average Recall: 0.8622
Initial average recall with ef=150: 0.864153
Weighted average ef: 351.308
Training convergence-bucket 7 [58.3232, 62.9741) with 500 queries.
Average Recall: 0.83622
Initial average recall with ef=100: 0.839025
Average Recall: 0.898121
Initial average recall with ef=150: 0.900602
Weighted average ef: 267.178
Training convergence-bucket 8 [62.9741, 70.478) with 500 queries.
Average Recall: 0.882981
Initial average recall with ef=100: 0.884708
Average Recall: 0.929801
Initial average recall with ef=150: 0.931542
Weighted average ef: 215.574
Training convergence-bucket 9 [70.478, inf) with 500 queries.
Average Recall: 0.950961
Initial average recall with ef=100: 0.953611
Average Recall: 0.97442
Initial average recall with ef=150: 0.976329
Weighted average ef: 121.782
****Weighted average ef: 608
Search time: 6682 ms
Search time: 6604 ms
Search time: 6840 ms
Average Recall: 0.972
5th percentile recall: 0.91
1st percentile recall: 0.88
Median search time: 6682 ms
Search times: 6604 ms, 6682 ms, 6840 ms,
gist-960-euclidean experiment results:
statisc_length, time, avg_recall, 5th_percentile_recall, 1st_percentile_recall, recall_above_99, recall_above_95, recall_above_90
1025, 6682, 0.972, 0.91, 0.88, 437, 763, 965
Experiment finished


Sampling size: 3000


Ground truth computed in 143060 ms
Sampling computing time: 306743 ms
Loading samplings from /opt/nfs_dcc/experiments/shiro-ef/ablation_sampling_size/gist-960-euclidean-samplings-3000-k100-ef.bin
Samplings loaded from /opt/nfs_dcc/experiments/shiro-ef/ablation_sampling_size/gist-960-euclidean-samplings-3000-k100-ef.bin
Average Recall: 0.728726
Initial average recall with ef=100: 0.72834
Average Recall: 0.801385
Initial average recall with ef=150: 0.801208
Recall diff is too small for 1 consecutive steps, break.
Weighted average ef: 633.424
EF-estimation table computing time: 85377 ms
Training convergence-bucket 0 [29.9374, 38.4206) with 300 queries.
Average Recall: 0.522067
Initial average recall with ef=100: 0.520514
Average Recall: 0.620333
Initial average recall with ef=150: 0.619041
Weighted average ef: 1410.94
Training convergence-bucket 1 [38.4206, 42.6914) with 300 queries.
Average Recall: 0.5527
Initial average recall with ef=100: 0.552014
Average Recall: 0.647733
Initial average recall with ef=150: 0.648021
Recall diff is too small for 1 consecutive steps, break.
Weighted average ef: 1056.63
Training convergence-bucket 2 [42.6914, 46.0017) with 300 queries.
Average Recall: 0.628667
Initial average recall with ef=100: 0.627789
Average Recall: 0.717733
Initial average recall with ef=150: 0.717211
Recall diff is too small for 1 consecutive steps, break.
Weighted average ef: 807.557
Training convergence-bucket 3 [46.0017, 48.6362) with 300 queries.
Average Recall: 0.656633
Initial average recall with ef=100: 0.65493
Average Recall: 0.746166
Initial average recall with ef=150: 0.745489
Recall diff is too small for 1 consecutive steps, break.
Recall diff is too small for 1 consecutive steps, break.
Weighted average ef: 714.59
Training convergence-bucket 4 [48.6362, 51.6129) with 300 queries.
Average Recall: 0.7067
Initial average recall with ef=100: 0.709479
Average Recall: 0.7862
Initial average recall with ef=150: 0.789445
Recall diff is too small for 1 consecutive steps, break.
Recall diff is too small for 1 consecutive steps, break.
Weighted average ef: 553.223
Training convergence-bucket 5 [51.6129, 54.9625) with 300 queries.
Average Recall: 0.746367
Initial average recall with ef=100: 0.750106
Average Recall: 0.824533
Initial average recall with ef=150: 0.827092
Weighted average ef: 441.673
Training convergence-bucket 6 [54.9625, 58.9188) with 300 queries.
Average Recall: 0.788
Initial average recall with ef=100: 0.789379
Average Recall: 0.8586
Initial average recall with ef=150: 0.859655
Weighted average ef: 360.783
Training convergence-bucket 7 [58.9188, 64.1852) with 300 queries.
Average Recall: 0.833367
Initial average recall with ef=100: 0.835105
Average Recall: 0.8945
Initial average recall with ef=150: 0.895839
Recall diff is too small for 1 consecutive steps, break.
Weighted average ef: 295.137
Training convergence-bucket 8 [64.1852, 71.9856) with 300 queries.
Average Recall: 0.8943
Initial average recall with ef=100: 0.897
Average Recall: 0.938401
Initial average recall with ef=150: 0.940586
Weighted average ef: 194.12
Training convergence-bucket 9 [71.9856, inf) with 300 queries.
Average Recall: 0.958467
Initial average recall with ef=100: 0.960393
Average Recall: 0.979667
Initial average recall with ef=150: 0.981393
Weighted average ef: 110.167
****Weighted average ef: 594
Search time: 6860 ms
Search time: 6468 ms
Search time: 6609 ms
Average Recall: 0.97179
5th percentile recall: 0.91
1st percentile recall: 0.87
Median search time: 6609 ms
Search times: 6468 ms, 6609 ms, 6860 ms,
gist-960-euclidean experiment results:
statisc_length, time, avg_recall, 5th_percentile_recall, 1st_percentile_recall, recall_above_99, recall_above_95, recall_above_90
1025, 6609, 0.97179, 0.91, 0.87, 436, 768, 964
Experiment finished


Sampling size: 2000


Ground truth computed in 96970 ms
Sampling computing time: 204096 ms
Loading samplings from /opt/nfs_dcc/experiments/shiro-ef/ablation_sampling_size/gist-960-euclidean-samplings-2000-k100-ef.bin
Samplings loaded from /opt/nfs_dcc/experiments/shiro-ef/ablation_sampling_size/gist-960-euclidean-samplings-2000-k100-ef.bin
Average Recall: 0.730425
Initial average recall with ef=100: 0.729425
Average Recall: 0.803664
Initial average recall with ef=150: 0.803058
Recall diff is too small for 1 consecutive steps, break.
Recall diff is too small for 1 consecutive steps, break.
Weighted average ef: 623.607
EF-estimation table computing time: 55593 ms
Training convergence-bucket 0 [27.496, 38.282) with 200 queries.
Average Recall: 0.51415
Initial average recall with ef=100: 0.509037
Average Recall: 0.61375
Initial average recall with ef=150: 0.60877
Weighted average ef: 1424.39
Training convergence-bucket 1 [38.282, 42.302) with 200 queries.
Average Recall: 0.54825
Initial average recall with ef=100: 0.544599
Average Recall: 0.64625
Initial average recall with ef=150: 0.644064
Weighted average ef: 1125.79
Training convergence-bucket 2 [42.302, 45.7928) with 200 queries.
Average Recall: 0.62725
Initial average recall with ef=100: 0.62974
Average Recall: 0.71725
Initial average recall with ef=150: 0.718177
Recall diff is too small for 1 consecutive steps, break.
Recall diff is too small for 1 consecutive steps, break.
Weighted average ef: 820.34
Training convergence-bucket 3 [45.7928, 48.8174) with 200 queries.
Average Recall: 0.6612
Initial average recall with ef=100: 0.661344
Average Recall: 0.75805
Initial average recall with ef=150: 0.758602
Recall diff is too small for 1 consecutive steps, break.
Weighted average ef: 629.3
Training convergence-bucket 4 [48.8174, 51.4343) with 200 queries.
Average Recall: 0.71075
Initial average recall with ef=100: 0.713299
Average Recall: 0.7939
Initial average recall with ef=150: 0.797165
Weighted average ef: 516.59
Training convergence-bucket 5 [51.4343, 54.8481) with 200 queries.
Average Recall: 0.73765
Initial average recall with ef=100: 0.729613
Average Recall: 0.81295
Initial average recall with ef=150: 0.805635
Recall diff is too small for 1 consecutive steps, break.
Weighted average ef: 527.8
Training convergence-bucket 6 [54.8481, 59.3783) with 200 queries.
Average Recall: 0.78745
Initial average recall with ef=100: 0.787
Average Recall: 0.8582
Initial average recall with ef=150: 0.858444
Weighted average ef: 329.55
Training convergence-bucket 7 [59.3783, 64.796) with 200 queries.
Average Recall: 0.84785
Initial average recall with ef=100: 0.84827
Average Recall: 0.9034
Initial average recall with ef=150: 0.903892
Weighted average ef: 258.5
Training convergence-bucket 8 [64.796, 71.7515) with 200 queries.
Average Recall: 0.90955
Initial average recall with ef=100: 0.908518
Average Recall: 0.95115
Initial average recall with ef=150: 0.950635
Weighted average ef: 168.725
Training convergence-bucket 9 [71.7515, inf) with 200 queries.
Average Recall: 0.96015
Initial average recall with ef=100: 0.959945
Average Recall: 0.98175
Initial average recall with ef=150: 0.982363
Weighted average ef: 109.345
****Weighted average ef: 591
Search time: 6947 ms
Search time: 6922 ms
Search time: 6688 ms
Average Recall: 0.97231
5th percentile recall: 0.91
1st percentile recall: 0.88
Median search time: 6922 ms
Search times: 6688 ms, 6922 ms, 6947 ms,
gist-960-euclidean experiment results:
statisc_length, time, avg_recall, 5th_percentile_recall, 1st_percentile_recall, recall_above_99, recall_above_95, recall_above_90
1025, 6922, 0.97231, 0.91, 0.88, 434, 770, 966
Experiment finished


Sampling size: 1000


Ground truth computed in 48282 ms
Sampling computing time: 101795 ms
Loading samplings from /opt/nfs_dcc/experiments/shiro-ef/ablation_sampling_size/gist-960-euclidean-samplings-1000-k100-ef.bin
Samplings loaded from /opt/nfs_dcc/experiments/shiro-ef/ablation_sampling_size/gist-960-euclidean-samplings-1000-k100-ef.bin
Average Recall: 0.73708
Initial average recall with ef=100: 0.73443
Average Recall: 0.80992
Initial average recall with ef=150: 0.808177
Recall diff is too small for 1 consecutive steps, break.
Recall diff is too small for 1 consecutive steps, break.
Weighted average ef: 591.097
EF-estimation table computing time: 25611 ms
Training convergence-bucket 0 [30.9257, 38.3972) with 100 queries.
Average Recall: 0.5352
Initial average recall with ef=100: 0.529524
Average Recall: 0.6297
Initial average recall with ef=150: 0.625476
Recall diff is too small for 1 consecutive steps, break.
Recall diff is too small for 1 consecutive steps, break.
Weighted average ef: 1144.08
Training convergence-bucket 1 [38.3972, 42.408) with 100 queries.
Average Recall: 0.5515
Initial average recall with ef=100: 0.547831
Average Recall: 0.6478
Initial average recall with ef=150: 0.645542
Recall diff is too small for 1 consecutive steps, break.
Recall diff is too small for 1 consecutive steps, break.
Weighted average ef: 915.06
Training convergence-bucket 2 [42.408, 46.1164) with 100 queries.
Average Recall: 0.6331
Initial average recall with ef=100: 0.635
Average Recall: 0.7253
Initial average recall with ef=150: 0.728864
Weighted average ef: 659.29
Training convergence-bucket 3 [46.1164, 48.791) with 100 queries.
Average Recall: 0.6789
Initial average recall with ef=100: 0.685667
Average Recall: 0.7656
Initial average recall with ef=150: 0.774
Weighted average ef: 599.94
Training convergence-bucket 4 [48.791, 51.8664) with 100 queries.
Average Recall: 0.712
Initial average recall with ef=100: 0.711341
Average Recall: 0.7953
Initial average recall with ef=150: 0.795854
Weighted average ef: 472.95
Training convergence-bucket 5 [51.8664, 54.9468) with 100 queries.
Average Recall: 0.762
Initial average recall with ef=100: 0.763571
Average Recall: 0.84
Initial average recall with ef=150: 0.843214
Weighted average ef: 343.25
Training convergence-bucket 6 [54.9468, 59.533) with 100 queries.
Average Recall: 0.7929
Initial average recall with ef=100: 0.787333
Average Recall: 0.8659
Initial average recall with ef=150: 0.862555
Weighted average ef: 324.34
Training convergence-bucket 7 [59.533, 64.6228) with 100 queries.
Average Recall: 0.855
Initial average recall with ef=100: 0.855056
Average Recall: 0.9123
Initial average recall with ef=150: 0.913146
Weighted average ef: 219.48
Training convergence-bucket 8 [64.6228, 72.2941) with 100 queries.
Average Recall: 0.8914
Initial average recall with ef=100: 0.888846
Average Recall: 0.9371
Initial average recall with ef=150: 0.937564
Weighted average ef: 158.97
Training convergence-bucket 9 [72.2941, inf) with 100 queries.
Average Recall: 0.9588
Initial average recall with ef=100: 0.961667
Average Recall: 0.9802
Initial average recall with ef=150: 0.981212
Weighted average ef: 76
****Weighted average ef: 491
Search time: 6177 ms
Search time: 6017 ms
Search time: 6015 ms
Average Recall: 0.96741
5th percentile recall: 0.91
1st percentile recall: 0.84
Median search time: 6017 ms
Search times: 6015 ms, 6017 ms, 6177 ms,
gist-960-euclidean experiment results:
statisc_length, time, avg_recall, 5th_percentile_recall, 1st_percentile_recall, recall_above_99, recall_above_95, recall_above_90
1025, 6017, 0.96741, 0.91, 0.84, 378, 717, 950
Experiment finished
Dataset: tiny5m-384-euclidean
Metric: l2
Truncation ratio: 0.5
Data vectors dimensions: 5000000 x 384
Query vectors dimensions: 1000 x 384
Neighbors dimensions: 1000 x 100
Index loaded
Dimension of space:384
Data size of space:1536


Sampling size: 5000


Ground truth computed in 597372 ms
Sampling computing time: 662715 ms
Loading samplings from /opt/nfs_dcc/experiments/shiro-ef/ablation_sampling_size/tiny5m-384-euclidean-samplings-5000-k100-ef.bin
Samplings loaded from /opt/nfs_dcc/experiments/shiro-ef/ablation_sampling_size/tiny5m-384-euclidean-samplings-5000-k100-ef.bin
Average Recall: 0.639166
Initial average recall with ef=100: 0.638834
Average Recall: 0.711202
Initial average recall with ef=150: 0.710841
Recall diff is too small for 1 consecutive steps, break.
Recall diff is too small for 1 consecutive steps, break.
Recall diff is too small for 1 consecutive steps, break.
Recall diff is too small for 1 consecutive steps, break.
Recall diff is too small for 1 consecutive steps, break.
Recall diff is too small for 1 consecutive steps, break.
Weighted average ef: 1079.95
EF-estimation table computing time: 153409 ms
Training convergence-bucket 0 [23.7337, 34.538) with 500 queries.
Average Recall: 0.3735
Initial average recall with ef=100: 0.370686
Average Recall: 0.45694
Initial average recall with ef=150: 0.454315
Recall diff is too small for 1 consecutive steps, break.
Recall diff is too small for 1 consecutive steps, break.
Weighted average ef: 3077.83
Training convergence-bucket 1 [34.538, 38.7812) with 500 queries.
Average Recall: 0.44952
Initial average recall with ef=100: 0.445408
Average Recall: 0.53244
Initial average recall with ef=150: 0.528633
Recall diff is too small for 1 consecutive steps, break.
Recall diff is too small for 1 consecutive steps, break.
Weighted average ef: 2262.52
Training convergence-bucket 2 [38.7812, 41.7466) with 500 queries.
Average Recall: 0.48946
Initial average recall with ef=100: 0.487717
Average Recall: 0.57264
Initial average recall with ef=150: 0.570909
Recall diff is too small for 1 consecutive steps, break.
Weighted average ef: 1852.66
Training convergence-bucket 3 [41.7466, 44.5877) with 500 queries.
Average Recall: 0.53154
Initial average recall with ef=100: 0.528694
Average Recall: 0.61686
Initial average recall with ef=150: 0.614326
Weighted average ef: 1565.77
Training convergence-bucket 4 [44.5877, 47.7811) with 500 queries.
Average Recall: 0.59256
Initial average recall with ef=100: 0.590532
Average Recall: 0.6775
Initial average recall with ef=150: 0.675562
Weighted average ef: 1208.63
Training convergence-bucket 5 [47.7811, 51.4781) with 500 queries.
Average Recall: 0.64472
Initial average recall with ef=100: 0.643469
Average Recall: 0.7272
Initial average recall with ef=150: 0.726004
Recall diff is too small for 1 consecutive steps, break.
Weighted average ef: 909.104
Training convergence-bucket 6 [51.4781, 55.942) with 500 queries.
Average Recall: 0.71794
Initial average recall with ef=100: 0.716988
Average Recall: 0.79514
Initial average recall with ef=150: 0.794447
Weighted average ef: 598.076
Training convergence-bucket 7 [55.942, 61.6979) with 500 queries.
Average Recall: 0.79642
Initial average recall with ef=100: 0.794959
Average Recall: 0.862161
Initial average recall with ef=150: 0.861388
Weighted average ef: 398.846
Training convergence-bucket 8 [61.6979, 70.5406) with 500 queries.
Average Recall: 0.86036
Initial average recall with ef=100: 0.86374
Average Recall: 0.910601
Initial average recall with ef=150: 0.91407
Weighted average ef: 250.028
Training convergence-bucket 9 [70.5406, inf) with 500 queries.
Average Recall: 0.937445
Initial average recall with ef=100: 0.937869
Average Recall: 0.962072
Initial average recall with ef=150: 0.962292
Recall diff is too small for 1 consecutive steps, break.
Weighted average ef: 150.53
****Weighted average ef: 1227
Search time: 9897 ms
Search time: 8981 ms
Search time: 9579 ms
Average Recall: 0.97303
5th percentile recall: 0.9
1st percentile recall: 0.86
Median search time: 9579 ms
Search times: 8981 ms, 9579 ms, 9897 ms,
tiny5m-384-euclidean experiment results:
statisc_length, time, avg_recall, 5th_percentile_recall, 1st_percentile_recall, recall_above_99, recall_above_95, recall_above_90
1025, 9579, 0.97303, 0.9, 0.86, 532, 773, 949
Experiment finished


Sampling size: 3000


Ground truth computed in 362025 ms
Sampling computing time: 587066 ms
Loading samplings from /opt/nfs_dcc/experiments/shiro-ef/ablation_sampling_size/tiny5m-384-euclidean-samplings-3000-k100-ef.bin
Samplings loaded from /opt/nfs_dcc/experiments/shiro-ef/ablation_sampling_size/tiny5m-384-euclidean-samplings-3000-k100-ef.bin
Average Recall: 0.635866
Initial average recall with ef=100: 0.635276
Average Recall: 0.708191
Initial average recall with ef=150: 0.707513
Recall diff is too small for 1 consecutive steps, break.
Recall diff is too small for 1 consecutive steps, break.
Weighted average ef: 1265.24
EF-estimation table computing time: 123607 ms
Training convergence-bucket 0 [23.7337, 34.332) with 300 queries.
Average Recall: 0.3808
Initial average recall with ef=100: 0.377925
Average Recall: 0.464133
Initial average recall with ef=150: 0.461497
Recall diff is too small for 1 consecutive steps, break.
Recall diff is too small for 1 consecutive steps, break.
Weighted average ef: 2959.65
Training convergence-bucket 1 [34.332, 38.4916) with 300 queries.
Average Recall: 0.4397
Initial average recall with ef=100: 0.436497
Average Recall: 0.521267
Initial average recall with ef=150: 0.517993
Recall diff is too small for 1 consecutive steps, break.
Weighted average ef: 2412.87
Training convergence-bucket 2 [38.4916, 41.6468) with 300 queries.
Average Recall: 0.487433
Initial average recall with ef=100: 0.486632
Average Recall: 0.571333
Initial average recall with ef=150: 0.570481
Weighted average ef: 1798.34
Training convergence-bucket 3 [41.6468, 44.4601) with 300 queries.
Average Recall: 0.526267
Initial average recall with ef=100: 0.521655
Average Recall: 0.616566
Initial average recall with ef=150: 0.612655
Weighted average ef: 1566.5
Training convergence-bucket 4 [44.4601, 47.457) with 300 queries.
Average Recall: 0.581067
Initial average recall with ef=100: 0.579164
Average Recall: 0.664833
Initial average recall with ef=150: 0.663031
Recall diff is too small for 1 consecutive steps, break.
Weighted average ef: 1185.86
Training convergence-bucket 5 [47.457, 51.3187) with 300 queries.
Average Recall: 0.644
Initial average recall with ef=100: 0.640732
Average Recall: 0.726333
Initial average recall with ef=150: 0.722787
Recall diff is too small for 1 consecutive steps, break.
Weighted average ef: 918.083
Training convergence-bucket 6 [51.3187, 55.5758) with 300 queries.
Average Recall: 0.719366
Initial average recall with ef=100: 0.721107
Average Recall: 0.7949
Initial average recall with ef=150: 0.796644
Recall diff is too small for 1 consecutive steps, break.
Recall diff is too small for 1 consecutive steps, break.
Weighted average ef: 578.637
Training convergence-bucket 7 [55.5758, 61.2778) with 300 queries.
Average Recall: 0.788633
Initial average recall with ef=100: 0.78919
Average Recall: 0.856333
Initial average recall with ef=150: 0.857922
Recall diff is too small for 1 consecutive steps, break.
Weighted average ef: 389.4
Training convergence-bucket 8 [61.2778, 69.9697) with 300 queries.
Average Recall: 0.8567
Initial average recall with ef=100: 0.859757
Average Recall: 0.908767
Initial average recall with ef=150: 0.912153
Recall diff is too small for 1 consecutive steps, break.
Weighted average ef: 253.973
Training convergence-bucket 9 [69.9697, inf) with 300 queries.
Average Recall: 0.937711
Initial average recall with ef=100: 0.932273
Average Recall: 0.959967
Initial average recall with ef=150: 0.953112
Recall diff is too small for 1 consecutive steps, break.
Recall diff is too small for 1 consecutive steps, break.
Weighted average ef: 168.837
****Weighted average ef: 1223
Search time: 9755 ms
Search time: 9832 ms
Search time: 9889 ms
Average Recall: 0.97378
5th percentile recall: 0.91
1st percentile recall: 0.85
Median search time: 9832 ms
Search times: 9755 ms, 9832 ms, 9889 ms,
tiny5m-384-euclidean experiment results:
statisc_length, time, avg_recall, 5th_percentile_recall, 1st_percentile_recall, recall_above_99, recall_above_95, recall_above_90
1025, 9832, 0.97378, 0.91, 0.85, 537, 784, 950
Experiment finished


Sampling size: 2000


Ground truth computed in 236575 ms
Sampling computing time: 385361 ms
Loading samplings from /opt/nfs_dcc/experiments/shiro-ef/ablation_sampling_size/tiny5m-384-euclidean-samplings-2000-k100-ef.bin
Samplings loaded from /opt/nfs_dcc/experiments/shiro-ef/ablation_sampling_size/tiny5m-384-euclidean-samplings-2000-k100-ef.bin
Average Recall: 0.637594
Initial average recall with ef=100: 0.636861
Average Recall: 0.709403
Initial average recall with ef=150: 0.708803
Recall diff is too small for 1 consecutive steps, break.
Weighted average ef: 1236.92
EF-estimation table computing time: 74553 ms
Training convergence-bucket 0 [24.2968, 34.3498) with 200 queries.
Average Recall: 0.36635
Initial average recall with ef=100: 0.363093
Average Recall: 0.4542
Initial average recall with ef=150: 0.450773
Recall diff is too small for 1 consecutive steps, break.
Recall diff is too small for 1 consecutive steps, break.
Weighted average ef: 3042.79
Training convergence-bucket 1 [34.3498, 38.4766) with 200 queries.
Average Recall: 0.4489
Initial average recall with ef=100: 0.447927
Average Recall: 0.53605
Initial average recall with ef=150: 0.534352
Recall diff is too small for 1 consecutive steps, break.
Recall diff is too small for 1 consecutive steps, break.
Weighted average ef: 2261.88
Training convergence-bucket 2 [38.4766, 41.697) with 200 queries.
Average Recall: 0.48365
Initial average recall with ef=100: 0.48089
Average Recall: 0.56805
Initial average recall with ef=150: 0.565654
Recall diff is too small for 1 consecutive steps, break.
Weighted average ef: 1831.23
Training convergence-bucket 3 [41.697, 44.6557) with 200 queries.
Average Recall: 0.54165
Initial average recall with ef=100: 0.537461
Average Recall: 0.62615
Initial average recall with ef=150: 0.622021
Recall diff is too small for 1 consecutive steps, break.
Weighted average ef: 1404.36
Training convergence-bucket 4 [44.6557, 47.7374) with 200 queries.
Average Recall: 0.5804
Initial average recall with ef=100: 0.575753
Average Recall: 0.66185
Initial average recall with ef=150: 0.656989
Recall diff is too small for 1 consecutive steps, break.
Weighted average ef: 1238.13
Training convergence-bucket 5 [47.7374, 51.5026) with 200 queries.
Average Recall: 0.64955
Initial average recall with ef=100: 0.6491
Average Recall: 0.72365
Initial average recall with ef=150: 0.72418
Recall diff is too small for 1 consecutive steps, break.
Weighted average ef: 939.97
Training convergence-bucket 6 [51.5026, 55.611) with 200 queries.
Average Recall: 0.71555
Initial average recall with ef=100: 0.717979
Average Recall: 0.79085
Initial average recall with ef=150: 0.793627
Recall diff is too small for 1 consecutive steps, break.
Recall diff is too small for 1 consecutive steps, break.
Recall diff is too small for 1 consecutive steps, break.
Recall diff is too small for 1 consecutive steps, break.
Weighted average ef: 619.415
Training convergence-bucket 7 [55.611, 61.3231) with 200 queries.
Average Recall: 0.78645
Initial average recall with ef=100: 0.788656
Average Recall: 0.8553
Initial average recall with ef=150: 0.857581
Weighted average ef: 363.675
Training convergence-bucket 8 [61.3231, 69.2789) with 200 queries.
Average Recall: 0.86785
Initial average recall with ef=100: 0.874492
Average Recall: 0.91895
Initial average recall with ef=150: 0.925561
Weighted average ef: 216.65
Training convergence-bucket 9 [69.2789, inf) with 200 queries.
Average Recall: 0.937086
Initial average recall with ef=100: 0.936839
Average Recall: 0.960252
Initial average recall with ef=150: 0.958218
Recall diff is too small for 1 consecutive steps, break.
Weighted average ef: 141.05
****Weighted average ef: 1205
Search time: 9773 ms
Search time: 9751 ms
Search time: 9323 ms
Average Recall: 0.97307
5th percentile recall: 0.9
1st percentile recall: 0.85
Median search time: 9751 ms
Search times: 9323 ms, 9751 ms, 9773 ms,
tiny5m-384-euclidean experiment results:
statisc_length, time, avg_recall, 5th_percentile_recall, 1st_percentile_recall, recall_above_99, recall_above_95, recall_above_90
1025, 9751, 0.97307, 0.9, 0.85, 526, 785, 948
Experiment finished


Sampling size: 1000


Ground truth computed in 119887 ms
Sampling computing time: 194249 ms
Loading samplings from /opt/nfs_dcc/experiments/shiro-ef/ablation_sampling_size/tiny5m-384-euclidean-samplings-1000-k100-ef.bin
Samplings loaded from /opt/nfs_dcc/experiments/shiro-ef/ablation_sampling_size/tiny5m-384-euclidean-samplings-1000-k100-ef.bin
Average Recall: 0.641843
Initial average recall with ef=100: 0.638762
Average Recall: 0.715229
Initial average recall with ef=150: 0.711901
Weighted average ef: 1250.99
EF-estimation table computing time: 40121 ms
Training convergence-bucket 0 [24.2968, 34.8364) with 100 queries.
Average Recall: 0.384
Initial average recall with ef=100: 0.374
Average Recall: 0.4694
Initial average recall with ef=150: 0.458118
Recall diff is too small for 1 consecutive steps, break.
Recall diff is too small for 1 consecutive steps, break.
Recall diff is too small for 1 consecutive steps, break.
Weighted average ef: 2685.18
Training convergence-bucket 1 [34.8364, 39.3477) with 100 queries.
Average Recall: 0.4453
Initial average recall with ef=100: 0.437528
Average Recall: 0.5332
Initial average recall with ef=150: 0.526742
Recall diff is too small for 1 consecutive steps, break.
Recall diff is too small for 1 consecutive steps, break.
Weighted average ef: 2291.3
Training convergence-bucket 2 [39.3477, 42.1746) with 100 queries.
Average Recall: 0.5005
Initial average recall with ef=100: 0.491839
Average Recall: 0.5804
Initial average recall with ef=150: 0.571149
Recall diff is too small for 1 consecutive steps, break.
Recall diff is too small for 1 consecutive steps, break.
Weighted average ef: 1756.32
Training convergence-bucket 3 [42.1746, 45.2296) with 100 queries.
Average Recall: 0.5338
Initial average recall with ef=100: 0.517802
Average Recall: 0.6196
Initial average recall with ef=150: 0.604835
Recall diff is too small for 1 consecutive steps, break.
Recall diff is too small for 1 consecutive steps, break.
Recall diff is too small for 1 consecutive steps, break.
Weighted average ef: 1480.35
Training convergence-bucket 4 [45.2296, 48.2551) with 100 queries.
Average Recall: 0.6007
Initial average recall with ef=100: 0.601548
Average Recall: 0.6829
Initial average recall with ef=150: 0.684524
Recall diff is too small for 1 consecutive steps, break.
Recall diff is too small for 1 consecutive steps, break.
Weighted average ef: 881.6
Training convergence-bucket 5 [48.2551, 51.5942) with 100 queries.
Average Recall: 0.6504
Initial average recall with ef=100: 0.658395
Average Recall: 0.7331
Initial average recall with ef=150: 0.743086
Recall diff is too small for 1 consecutive steps, break.
Weighted average ef: 659.14
Training convergence-bucket 6 [51.5942, 56.325) with 100 queries.
Average Recall: 0.734
Initial average recall with ef=100: 0.74575
Average Recall: 0.8111
Initial average recall with ef=150: 0.82125
Recall diff is too small for 1 consecutive steps, break.
Weighted average ef: 361.51
Training convergence-bucket 7 [56.325, 61.5655) with 100 queries.
Average Recall: 0.7862
Initial average recall with ef=100: 0.793571
Average Recall: 0.855
Initial average recall with ef=150: 0.863571
Weighted average ef: 318.82
Training convergence-bucket 8 [61.5655, 69.8816) with 100 queries.
Average Recall: 0.8637
Initial average recall with ef=100: 0.871974
Average Recall: 0.918
Initial average recall with ef=150: 0.926316
Weighted average ef: 163.7
Training convergence-bucket 9 [69.8816, inf) with 100 queries.
Average Recall: 0.92551
Initial average recall with ef=100: 0.92058
Average Recall: 0.954388
Initial average recall with ef=150: 0.948261
Weighted average ef: 97.46
****Weighted average ef: 1069
Search time: 8378 ms
Search time: 8603 ms
Search time: 8708 ms
Average Recall: 0.97007
5th percentile recall: 0.9
1st percentile recall: 0.84
Median search time: 8603 ms
Search times: 8378 ms, 8603 ms, 8708 ms,
tiny5m-384-euclidean experiment results:
statisc_length, time, avg_recall, 5th_percentile_recall, 1st_percentile_recall, recall_above_99, recall_above_95, recall_above_90
1025, 8603, 0.97007, 0.9, 0.84, 492, 752, 937
Experiment finished
Dataset: msmarco
Metric: cd
Truncation ratio: 0.5
Normalize the data vectors
Data vectors dimensions: 8841823 x 1536
Query vectors dimensions: 6980 x 1536
Neighbors dimensions: 6980 x 1000
Using AVX Inner Product distance
Index loaded
Dimension of space:1536
Data size of space:6144


Sampling size: 5000


Ground truth computed in 4191286 ms
Sampling computing time: 4636152 ms
Loading samplings from /opt/nfs_dcc/experiments/shiro-ef/ablation_sampling_size/msmarco-samplings-5000-k1000-ef.bin
Samplings loaded from /opt/nfs_dcc/experiments/shiro-ef/ablation_sampling_size/msmarco-samplings-5000-k1000-ef.bin
Average Recall: 0.955469
Initial average recall with ef=1000: 0.955484
Average Recall: 0.974536
Initial average recall with ef=1500: 0.97454
Weighted average ef: 1354.07
EF-estimation table computing time: 284243 ms
Training convergence-bucket 0 [10.5722, 57.6114) with 500 queries.
Average Recall: 0.871128
Initial average recall with ef=1000: 0.866863
Average Recall: 0.916776
Initial average recall with ef=1500: 0.91405
Weighted average ef: 2379.6
Training convergence-bucket 1 [57.6114, 62.3253) with 500 queries.
Average Recall: 0.900914
Initial average recall with ef=1000: 0.89791
Average Recall: 0.940232
Initial average recall with ef=1500: 0.938291
Weighted average ef: 1900.42
Training convergence-bucket 2 [62.3253, 67.6004) with 500 queries.
Average Recall: 0.916226
Initial average recall with ef=1000: 0.913255
Average Recall: 0.950854
Initial average recall with ef=1500: 0.949
Weighted average ef: 1689.66
Training convergence-bucket 3 [67.6004, 74.6001) with 500 queries.
Average Recall: 0.960694
Initial average recall with ef=1000: 0.959714
Average Recall: 0.979632
Initial average recall with ef=1500: 0.97907
Weighted average ef: 1126
Training convergence-bucket 4 [74.6001, 77.7993) with 500 queries.
Average Recall: 0.971789
Initial average recall with ef=1000: 0.971794
Average Recall: 0.986241
Initial average recall with ef=1500: 0.986359
Weighted average ef: 1026
Training convergence-bucket 5 [77.7993, 79.8475) with 500 queries.
Average Recall: 0.980661
Initial average recall with ef=1000: 0.981337
Average Recall: 0.991239
Initial average recall with ef=1500: 0.991659
Weighted average ef: 991.15
Training convergence-bucket 6 [79.8475, 81.5602) with 500 queries.
Average Recall: 0.982697
Initial average recall with ef=1000: 0.983375
Average Recall: 0.992203
Initial average recall with ef=1500: 0.992639
Weighted average ef: 985
Training convergence-bucket 7 [81.5602, 83.0491) with 500 queries.
Average Recall: 0.987713
Initial average recall with ef=1000: 0.988299
Average Recall: 0.99496
Initial average recall with ef=1500: 0.995297
Weighted average ef: 984
Training convergence-bucket 8 [83.0491, 84.6309) with 500 queries.
Average Recall: 0.990585
Initial average recall with ef=1000: 0.991294
Average Recall: 0.996167
Initial average recall with ef=1500: 0.996578
Weighted average ef: 1001.45
Training convergence-bucket 9 [84.6309, inf) with 500 queries.
Average Recall: 0.992205
Initial average recall with ef=1000: 0.992833
Average Recall: 0.996948
Initial average recall with ef=1500: 0.997362
Weighted average ef: 985.27
****Weighted average ef: 1306
Search time: 167386 ms
Search time: 167421 ms
Search time: 166565 ms
Average Recall: 0.970554
5th percentile recall: 0.887
1st percentile recall: 0.827
Median search time: 167386 ms
Search times: 166565 ms, 167386 ms, 167421 ms,
msmarco experiment results:
statisc_length, time, avg_recall, 5th_percentile_recall, 1st_percentile_recall, recall_above_99, recall_above_95, recall_above_90
1025, 167386, 0.970554, 0.887, 0.827, 2984, 5606, 6516
Experiment finished


Sampling size: 3000


Ground truth computed in 2391539 ms
Sampling computing time: 2835806 ms
Loading samplings from /opt/nfs_dcc/experiments/shiro-ef/ablation_sampling_size/msmarco-samplings-3000-k1000-ef.bin
Samplings loaded from /opt/nfs_dcc/experiments/shiro-ef/ablation_sampling_size/msmarco-samplings-3000-k1000-ef.bin
Average Recall: 0.954974
Initial average recall with ef=1000: 0.955139
Average Recall: 0.974183
Initial average recall with ef=1500: 0.974312
Weighted average ef: 1332.29
EF-estimation table computing time: 155608 ms
Training convergence-bucket 0 [10.5722, 57.7102) with 300 queries.
Average Recall: 0.86922
Initial average recall with ef=1000: 0.865671
Average Recall: 0.914936
Initial average recall with ef=1500: 0.913088
Weighted average ef: 2377.47
Training convergence-bucket 1 [57.7102, 62.7251) with 300 queries.
Average Recall: 0.901113
Initial average recall with ef=1000: 0.898441
Average Recall: 0.940347
Initial average recall with ef=1500: 0.938677
Weighted average ef: 1850.17
Training convergence-bucket 2 [62.7251, 68.6735) with 300 queries.
Average Recall: 0.916546
Initial average recall with ef=1000: 0.914004
Average Recall: 0.950633
Initial average recall with ef=1500: 0.949111
Weighted average ef: 1672.88
Training convergence-bucket 3 [68.6735, 74.5853) with 300 queries.
Average Recall: 0.957879
Initial average recall with ef=1000: 0.957004
Average Recall: 0.977856
Initial average recall with ef=1500: 0.977394
Weighted average ef: 1142.01
Training convergence-bucket 4 [74.5853, 77.7127) with 300 queries.
Average Recall: 0.972023
Initial average recall with ef=1000: 0.973082
Average Recall: 0.986366
Initial average recall with ef=1500: 0.987068
Weighted average ef: 970
Training convergence-bucket 5 [77.7127, 79.8561) with 300 queries.
Average Recall: 0.978646
Initial average recall with ef=1000: 0.978646
Average Recall: 0.990426
Initial average recall with ef=1500: 0.990493
Weighted average ef: 997.097
Training convergence-bucket 6 [79.8561, 81.4644) with 300 queries.
Average Recall: 0.983523
Initial average recall with ef=1000: 0.984744
Average Recall: 0.992713
Initial average recall with ef=1500: 0.993559
Weighted average ef: 941.667
Training convergence-bucket 7 [81.4644, 82.9834) with 300 queries.
Average Recall: 0.988896
Initial average recall with ef=1000: 0.989824
Average Recall: 0.995512
Initial average recall with ef=1500: 0.995982
Weighted average ef: 930
Training convergence-bucket 8 [82.9834, 84.4828) with 300 queries.
Average Recall: 0.988999
Initial average recall with ef=1000: 0.990084
Average Recall: 0.995649
Initial average recall with ef=1500: 0.996285
Weighted average ef: 946.667
Training convergence-bucket 9 [84.4828, inf) with 300 queries.
Average Recall: 0.992862
Initial average recall with ef=1000: 0.993633
Average Recall: 0.997319
Initial average recall with ef=1500: 0.9977
Weighted average ef: 943.333
****Weighted average ef: 1277
Search time: 166123 ms
Search time: 166036 ms
Search time: 165312 ms
Average Recall: 0.970095
5th percentile recall: 0.887
1st percentile recall: 0.823
Median search time: 166036 ms
Search times: 165312 ms, 166036 ms, 166123 ms,
msmarco experiment results:
statisc_length, time, avg_recall, 5th_percentile_recall, 1st_percentile_recall, recall_above_99, recall_above_95, recall_above_90
1025, 166036, 0.970095, 0.887, 0.823, 2927, 5574, 6508
Experiment finished


Sampling size: 2000


Ground truth computed in 1644084 ms
Sampling computing time: 1933914 ms
Loading samplings from /opt/nfs_dcc/experiments/shiro-ef/ablation_sampling_size/msmarco-samplings-2000-k1000-ef.bin
Samplings loaded from /opt/nfs_dcc/experiments/shiro-ef/ablation_sampling_size/msmarco-samplings-2000-k1000-ef.bin
Average Recall: 0.955378
Initial average recall with ef=1000: 0.955447
Average Recall: 0.974453
Initial average recall with ef=1500: 0.974515
Weighted average ef: 1344.14
EF-estimation table computing time: 112901 ms
Training convergence-bucket 0 [19.2318, 58.2438) with 200 queries.
Average Recall: 0.874515
Initial average recall with ef=1000: 0.867872
Average Recall: 0.918875
Initial average recall with ef=1500: 0.914822
Weighted average ef: 2360.63
Training convergence-bucket 1 [58.2438, 62.8149) with 200 queries.
Average Recall: 0.89819
Initial average recall with ef=1000: 0.895935
Average Recall: 0.93833
Initial average recall with ef=1500: 0.93693
Weighted average ef: 1993.05
Training convergence-bucket 2 [62.8149, 68.6883) with 200 queries.
Average Recall: 0.91965
Initial average recall with ef=1000: 0.912972
Average Recall: 0.95167
Initial average recall with ef=1500: 0.947394
Weighted average ef: 1657.5
Training convergence-bucket 3 [68.6883, 74.4855) with 200 queries.
Average Recall: 0.960615
Initial average recall with ef=1000: 0.959193
Average Recall: 0.9801
Initial average recall with ef=1500: 0.979544
Weighted average ef: 1007.5
Training convergence-bucket 4 [74.4855, 77.6447) with 200 queries.
Average Recall: 0.970939
Initial average recall with ef=1000: 0.969285
Average Recall: 0.985634
Initial average recall with ef=1500: 0.984645
Weighted average ef: 935
Training convergence-bucket 5 [77.6447, 79.5736) with 200 queries.
Average Recall: 0.97774
Initial average recall with ef=1000: 0.977437
Average Recall: 0.98963
Initial average recall with ef=1500: 0.989215
Weighted average ef: 860
Training convergence-bucket 6 [79.5736, 81.3105) with 200 queries.
Average Recall: 0.983585
Initial average recall with ef=1000: 0.983953
Average Recall: 0.99276
Initial average recall with ef=1500: 0.992895
Weighted average ef: 855
Training convergence-bucket 7 [81.3105, 82.9138) with 200 queries.
Average Recall: 0.988055
Initial average recall with ef=1000: 0.988503
Average Recall: 0.995169
Initial average recall with ef=1500: 0.995414
Weighted average ef: 915
Training convergence-bucket 8 [82.9138, 84.7095) with 200 queries.
Average Recall: 0.98707
Initial average recall with ef=1000: 0.989314
Average Recall: 0.9944
Initial average recall with ef=1500: 0.995852
Weighted average ef: 875
Training convergence-bucket 9 [84.7095, inf) with 200 queries.
Average Recall: 0.993415
Initial average recall with ef=1000: 0.994253
Average Recall: 0.997945
Initial average recall with ef=1500: 0.998281
Weighted average ef: 890
****Weighted average ef: 1234
Search time: 166082 ms
Search time: 164241 ms
Search time: 165239 ms
Average Recall: 0.969734
5th percentile recall: 0.887
1st percentile recall: 0.822
Median search time: 165239 ms
Search times: 164241 ms, 165239 ms, 166082 ms,
msmarco experiment results:
statisc_length, time, avg_recall, 5th_percentile_recall, 1st_percentile_recall, recall_above_99, recall_above_95, recall_above_90
1025, 165239, 0.969734, 0.887, 0.822, 2871, 5583, 6509
Experiment finished


Sampling size: 1000


Ground truth computed in 845526 ms
Sampling computing time: 990691 ms
Loading samplings from /opt/nfs_dcc/experiments/shiro-ef/ablation_sampling_size/msmarco-samplings-1000-k1000-ef.bin
Samplings loaded from /opt/nfs_dcc/experiments/shiro-ef/ablation_sampling_size/msmarco-samplings-1000-k1000-ef.bin
Average Recall: 0.955013
Initial average recall with ef=1000: 0.955587
Average Recall: 0.974364
Initial average recall with ef=1500: 0.974829
Weighted average ef: 1338.38
EF-estimation table computing time: 58708 ms
Training convergence-bucket 0 [19.2318, 57.7102) with 100 queries.
Average Recall: 0.87411
Initial average recall with ef=1000: 0.870632
Average Recall: 0.91892
Initial average recall with ef=1500: 0.917241
Weighted average ef: 2190.07
Training convergence-bucket 1 [57.7102, 62.8149) with 100 queries.
Average Recall: 0.89565
Initial average recall with ef=1000: 0.894138
Average Recall: 0.93682
Initial average recall with ef=1500: 0.935575
Weighted average ef: 2010
Training convergence-bucket 2 [62.8149, 68.1141) with 100 queries.
Average Recall: 0.91743
Initial average recall with ef=1000: 0.91019
Average Recall: 0.95048
Initial average recall with ef=1500: 0.945684
Weighted average ef: 1520
Training convergence-bucket 3 [68.1141, 74.1641) with 100 queries.
Average Recall: 0.96308
Initial average recall with ef=1000: 0.963742
Average Recall: 0.98158
Initial average recall with ef=1500: 0.982355
Weighted average ef: 705
Training convergence-bucket 4 [74.1641, 77.4135) with 100 queries.
Average Recall: 0.97295
Initial average recall with ef=1000: 0.970928
Average Recall: 0.98739
Initial average recall with ef=1500: 0.986393
Weighted average ef: 595
Training convergence-bucket 5 [77.4135, 79.4745) with 100 queries.
Average Recall: 0.97844
Initial average recall with ef=1000: 0.977618
Average Recall: 0.98967
Initial average recall with ef=1500: 0.989735
Weighted average ef: 680
Training convergence-bucket 6 [79.4745, 81.2649) with 100 queries.
Average Recall: 0.98333
Initial average recall with ef=1000: 0.982394
Average Recall: 0.99259
Initial average recall with ef=1500: 0.991873
Weighted average ef: 725
Training convergence-bucket 7 [81.2649, 82.6306) with 100 queries.
Average Recall: 0.9861
Initial average recall with ef=1000: 0.9867
Average Recall: 0.99441
Initial average recall with ef=1500: 0.9946
Weighted average ef: 700
Training convergence-bucket 8 [82.6306, 84.4771) with 100 queries.
Average Recall: 0.98727
Initial average recall with ef=1000: 0.991746
Average Recall: 0.99464
Initial average recall with ef=1500: 0.996937
Weighted average ef: 630
Training convergence-bucket 9 [84.4771, inf) with 100 queries.
Average Recall: 0.991771
Initial average recall with ef=1000: 0.996158
Average Recall: 0.99714
Initial average recall with ef=1500: 0.999228
Weighted average ef: 570
****Weighted average ef: 1032
Search time: 146870 ms
Search time: 145852 ms
Search time: 146108 ms
Average Recall: 0.963652
5th percentile recall: 0.873
1st percentile recall: 0.807
Median search time: 146108 ms
Search times: 145852 ms, 146108 ms, 146870 ms,
msmarco experiment results:
statisc_length, time, avg_recall, 5th_percentile_recall, 1st_percentile_recall, recall_above_99, recall_above_95, recall_above_90
1025, 146108, 0.963652, 0.873, 0.807, 2324, 5220, 6361
Experiment finished
Dataset: cluster_mg_uniform_100d
Metric: cd
Truncation ratio: 0.5
Normalize the data vectors
Data vectors dimensions: 10000000 x 100
Query vectors dimensions: 10000 x 100
Neighbors dimensions: 10000 x 1000
Using AVX Inner Product distance
Index loaded
Dimension of space:100
Data size of space:400


Sampling size: 5000


Ground truth computed in 493605 ms
Sampling computing time: 565305 ms
Loading samplings from /opt/nfs_dcc/experiments/shiro-ef/ablation_sampling_size/cluster_mg_uniform_100d-samplings-5000-k1000-ef.bin
Samplings loaded from /opt/nfs_dcc/experiments/shiro-ef/ablation_sampling_size/cluster_mg_uniform_100d-samplings-5000-k1000-ef.bin
Average Recall: 0.997174
Initial average recall with ef=1000: 0.997161
Average Recall: 0.998201
Initial average recall with ef=1500: 0.998193
Recall diff is too small for 1 consecutive steps, break.
Weighted average ef: 997.826
EF-estimation table computing time: 23921 ms
Training convergence-bucket 0 [3.69547, 47.0188) with 500 queries.
Average Recall: 0.997784
Initial average recall with ef=1000: 0.997776
Average Recall: 0.998046
Initial average recall with ef=1500: 0.998036
Weighted average ef: 956
Training convergence-bucket 1 [47.0188, 59.1449) with 500 queries.
Average Recall: 0.98598
Initial average recall with ef=1000: 0.987703
Average Recall: 0.994232
Initial average recall with ef=1500: 0.994112
Recall diff is too small for 1 consecutive steps, break.
Weighted average ef: 1008.63
Training convergence-bucket 2 [59.1449, 63.5437) with 500 queries.
Average Recall: 0.998392
Initial average recall with ef=1000: 0.998393
Average Recall: 0.998624
Initial average recall with ef=1500: 0.99863
Weighted average ef: 976
Training convergence-bucket 3 [63.5437, 65.7774) with 500 queries.
Average Recall: 0.998516
Initial average recall with ef=1000: 0.998517
Average Recall: 0.998722
Initial average recall with ef=1500: 0.998723
Weighted average ef: 982
Training convergence-bucket 4 [65.7774, 67.5086) with 500 queries.
Average Recall: 0.998546
Initial average recall with ef=1000: 0.998546
Average Recall: 0.998746
Initial average recall with ef=1500: 0.998743
Weighted average ef: 994
Training convergence-bucket 5 [67.5086, 68.8732) with 500 queries.
Average Recall: 0.998442
Initial average recall with ef=1000: 0.998449
Average Recall: 0.998694
Initial average recall with ef=1500: 0.998699
Weighted average ef: 994
Training convergence-bucket 6 [68.8732, 70.1628) with 500 queries.
Average Recall: 0.99848
Initial average recall with ef=1000: 0.998471
Average Recall: 0.998718
Initial average recall with ef=1500: 0.99871
Weighted average ef: 994
Training convergence-bucket 7 [70.1628, 71.5971) with 500 queries.
Average Recall: 0.99835
Initial average recall with ef=1000: 0.998373
Average Recall: 0.998566
Initial average recall with ef=1500: 0.99859
Weighted average ef: 994
Training convergence-bucket 8 [71.5971, 73.2735) with 500 queries.
Average Recall: 0.998474
Initial average recall with ef=1000: 0.998468
Average Recall: 0.998664
Initial average recall with ef=1500: 0.998659
Weighted average ef: 996
Training convergence-bucket 9 [73.2735, inf) with 500 queries.
Average Recall: 0.99859
Initial average recall with ef=1000: 0.998589
Average Recall: 0.99883
Initial average recall with ef=1500: 0.99883
Weighted average ef: 996
****Weighted average ef: 989
Search time: 15530 ms
Search time: 15021 ms
Search time: 15510 ms
Average Recall: 0.99656
5th percentile recall: 0.994
1st percentile recall: 0.988
Median search time: 15510 ms
Search times: 15021 ms, 15510 ms, 15530 ms,
cluster_mg_uniform_100d experiment results:
statisc_length, time, avg_recall, 5th_percentile_recall, 1st_percentile_recall, recall_above_99, recall_above_95, recall_above_90
1025, 15510, 0.99656, 0.994, 0.988, 9867, 9981, 9981
Experiment finished


Sampling size: 3000


Ground truth computed in 291000 ms
Sampling computing time: 332804 ms
Loading samplings from /opt/nfs_dcc/experiments/shiro-ef/ablation_sampling_size/cluster_mg_uniform_100d-samplings-3000-k1000-ef.bin
Samplings loaded from /opt/nfs_dcc/experiments/shiro-ef/ablation_sampling_size/cluster_mg_uniform_100d-samplings-3000-k1000-ef.bin
Average Recall: 0.997359
Initial average recall with ef=1000: 0.997008
Average Recall: 0.998585
Initial average recall with ef=1500: 0.998585
Weighted average ef: 993.167
EF-estimation table computing time: 13019 ms
Training convergence-bucket 0 [6.28713, 46.0483) with 300 queries.
Average Recall: 0.997972
Initial average recall with ef=1000: 0.994463
Average Recall: 0.998195
Initial average recall with ef=1500: 0.998193
Weighted average ef: 950
Training convergence-bucket 1 [46.0483, 58.6034) with 300 queries.
Average Recall: 0.994696
Initial average recall with ef=1000: 0.99459
Average Recall: 0.998289
Initial average recall with ef=1500: 0.998263
Weighted average ef: 996.977
Training convergence-bucket 2 [58.6034, 63.449) with 300 queries.
Average Recall: 0.998508
Initial average recall with ef=1000: 0.998534
Average Recall: 0.998735
Initial average recall with ef=1500: 0.998768
Weighted average ef: 953.333
Training convergence-bucket 3 [63.449, 65.8884) with 300 queries.
Average Recall: 0.995165
Initial average recall with ef=1000: 0.998542
Average Recall: 0.998669
Initial average recall with ef=1500: 0.998726
Weighted average ef: 963.333
Training convergence-bucket 4 [65.8884, 67.577) with 300 queries.
Average Recall: 0.998335
Initial average recall with ef=1000: 0.998318
Average Recall: 0.998565
Initial average recall with ef=1500: 0.998543
Weighted average ef: 980
Training convergence-bucket 5 [67.577, 68.984) with 300 queries.
Average Recall: 0.998392
Initial average recall with ef=1000: 0.998387
Average Recall: 0.998632
Initial average recall with ef=1500: 0.998628
Weighted average ef: 980
Training convergence-bucket 6 [68.984, 70.2169) with 300 queries.
Average Recall: 0.998429
Initial average recall with ef=1000: 0.998455
Average Recall: 0.998676
Initial average recall with ef=1500: 0.998702
Weighted average ef: 986.667
Training convergence-bucket 7 [70.2169, 71.5555) with 300 queries.
Average Recall: 0.998389
Initial average recall with ef=1000: 0.998391
Average Recall: 0.998629
Initial average recall with ef=1500: 0.998617
Weighted average ef: 986.667
Training convergence-bucket 8 [71.5555, 73.3518) with 300 queries.
Average Recall: 0.998422
Initial average recall with ef=1000: 0.998436
Average Recall: 0.998612
Initial average recall with ef=1500: 0.998626
Weighted average ef: 983.333
Training convergence-bucket 9 [73.3518, inf) with 300 queries.
Average Recall: 0.995169
Initial average recall with ef=1000: 0.998519
Average Recall: 0.998749
Initial average recall with ef=1500: 0.998793
Weighted average ef: 973.333
****Weighted average ef: 975
Search time: 15571 ms
Search time: 14551 ms
Search time: 15495 ms
Average Recall: 0.996559
5th percentile recall: 0.994
1st percentile recall: 0.988
Median search time: 15495 ms
Search times: 14551 ms, 15495 ms, 15571 ms,
cluster_mg_uniform_100d experiment results:
statisc_length, time, avg_recall, 5th_percentile_recall, 1st_percentile_recall, recall_above_99, recall_above_95, recall_above_90
1025, 15495, 0.996559, 0.994, 0.988, 9867, 9981, 9981
Experiment finished


Sampling size: 2000


Ground truth computed in 196097 ms
Sampling computing time: 224283 ms
Loading samplings from /opt/nfs_dcc/experiments/shiro-ef/ablation_sampling_size/cluster_mg_uniform_100d-samplings-2000-k1000-ef.bin
Samplings loaded from /opt/nfs_dcc/experiments/shiro-ef/ablation_sampling_size/cluster_mg_uniform_100d-samplings-2000-k1000-ef.bin
Average Recall: 0.998367
Initial average recall with ef=1000: 0.996849
Average Recall: 0.998591
Initial average recall with ef=1500: 0.998095
Weighted average ef: 990
EF-estimation table computing time: 9208 ms
Training convergence-bucket 0 [3.2733, 46.3221) with 200 queries.
Average Recall: 0.997678
Initial average recall with ef=1000: 0.992208
Average Recall: 0.99792
Initial average recall with ef=1500: 0.99788
Weighted average ef: 915
Training convergence-bucket 1 [46.3221, 58.1429) with 200 queries.
Average Recall: 0.998131
Initial average recall with ef=1000: 0.987645
Average Recall: 0.998336
Initial average recall with ef=1500: 0.993143
Weighted average ef: 945
Training convergence-bucket 2 [58.1429, 63.4005) with 200 queries.
Average Recall: 0.998309
Initial average recall with ef=1000: 0.998429
Average Recall: 0.998555
Initial average recall with ef=1500: 0.998695
Weighted average ef: 920
Training convergence-bucket 3 [63.4005, 65.6682) with 200 queries.
Average Recall: 0.998444
Initial average recall with ef=1000: 0.99845
Average Recall: 0.99866
Initial average recall with ef=1500: 0.998668
Weighted average ef: 965
Training convergence-bucket 4 [65.6682, 67.4349) with 200 queries.
Average Recall: 0.998599
Initial average recall with ef=1000: 0.998668
Average Recall: 0.9988
Initial average recall with ef=1500: 0.998872
Weighted average ef: 980
Training convergence-bucket 5 [67.4349, 68.8189) with 200 queries.
Average Recall: 0.998389
Initial average recall with ef=1000: 0.998369
Average Recall: 0.99862
Initial average recall with ef=1500: 0.998604
Weighted average ef: 960
Training convergence-bucket 6 [68.8189, 70.0904) with 200 queries.
Average Recall: 0.998744
Initial average recall with ef=1000: 0.998735
Average Recall: 0.998995
Initial average recall with ef=1500: 0.998989
Weighted average ef: 985
Training convergence-bucket 7 [70.0904, 71.4857) with 200 queries.
Average Recall: 0.998335
Initial average recall with ef=1000: 0.998323
Average Recall: 0.998505
Initial average recall with ef=1500: 0.998495
Weighted average ef: 990
Training convergence-bucket 8 [71.4857, 73.4092) with 200 queries.
Average Recall: 0.99842
Initial average recall with ef=1000: 0.998464
Average Recall: 0.998655
Initial average recall with ef=1500: 0.998694
Weighted average ef: 980
Training convergence-bucket 9 [73.4092, inf) with 200 queries.
Average Recall: 0.998569
Initial average recall with ef=1000: 0.99857
Average Recall: 0.998825
Initial average recall with ef=1500: 0.998825
Weighted average ef: 1000
****Weighted average ef: 964
Search time: 15516 ms
Search time: 15468 ms
Search time: 15085 ms
Average Recall: 0.996558
5th percentile recall: 0.994
1st percentile recall: 0.988
Median search time: 15468 ms
Search times: 15085 ms, 15468 ms, 15516 ms,
cluster_mg_uniform_100d experiment results:
statisc_length, time, avg_recall, 5th_percentile_recall, 1st_percentile_recall, recall_above_99, recall_above_95, recall_above_90
1025, 15468, 0.996558, 0.994, 0.988, 9867, 9981, 9981
Experiment finished


Sampling size: 1000


Ground truth computed in 96380 ms
Sampling computing time: 111179 ms
Loading samplings from /opt/nfs_dcc/experiments/shiro-ef/ablation_sampling_size/cluster_mg_uniform_100d-samplings-1000-k1000-ef.bin
Samplings loaded from /opt/nfs_dcc/experiments/shiro-ef/ablation_sampling_size/cluster_mg_uniform_100d-samplings-1000-k1000-ef.bin
Average Recall: 0.996269
Initial average recall with ef=1000: 1.09241e+25
Average Recall: 0.998468
Initial average recall with ef=1500: 0.996417
Weighted average ef: 973
EF-estimation table computing time: 5198 ms
Training convergence-bucket 0 [3.77071, 47.0143) with 100 queries.
Average Recall: 0.99763
Initial average recall with ef=1000: 0.997459
Average Recall: 0.99787
Initial average recall with ef=1500: 0.997706
Weighted average ef: 850
Training convergence-bucket 1 [47.0143, 58.1049) with 100 queries.
Average Recall: 0.988163
Initial average recall with ef=1000: 0.963153
Average Recall: 0.99847
Initial average recall with ef=1500: 0.975
Weighted average ef: 904
Training convergence-bucket 2 [58.1049, 63.6469) with 100 queries.
Average Recall: 0.99827
Initial average recall with ef=1000: 0.998323
Average Recall: 0.9985
Initial average recall with ef=1500: 0.998556
Weighted average ef: 900
Training convergence-bucket 3 [63.6469, 65.9764) with 100 queries.
Average Recall: 0.99858
Initial average recall with ef=1000: 0.998579
Average Recall: 0.9988
Initial average recall with ef=1500: 0.9988
Weighted average ef: 950
Training convergence-bucket 4 [65.9764, 67.666) with 100 queries.
Average Recall: 0.99872
Initial average recall with ef=1000: 0.998786
Average Recall: 0.99888
Initial average recall with ef=1500: 0.998949
Weighted average ef: 980
Training convergence-bucket 5 [67.666, 69.2152) with 100 queries.
Average Recall: 0.99834
Initial average recall with ef=1000: 0.998405
Average Recall: 0.99861
Initial average recall with ef=1500: 0.99867
Weighted average ef: 940
Training convergence-bucket 6 [69.2152, 70.4971) with 100 queries.
Average Recall: 0.99864
Initial average recall with ef=1000: 0.998657
Average Recall: 0.99874
Initial average recall with ef=1500: 0.99875
Weighted average ef: 960
Training convergence-bucket 7 [70.4971, 71.8465) with 100 queries.
Average Recall: 0.99846
Initial average recall with ef=1000: 0.998429
Average Recall: 0.9987
Initial average recall with ef=1500: 0.998674
Weighted average ef: 980
Training convergence-bucket 8 [71.8465, 73.6029) with 100 queries.
Average Recall: 0.99782
Initial average recall with ef=1000: 0.997771
Average Recall: 0.99801
Initial average recall with ef=1500: 0.997979
Weighted average ef: 960
Training convergence-bucket 9 [73.6029, inf) with 100 queries.
Average Recall: 0.9879
Initial average recall with ef=1000: 0.998196
Average Recall: 0.99809
Initial average recall with ef=1500: 0.998457
Weighted average ef: 920
****Weighted average ef: 934
Search time: 14947 ms
Search time: 15668 ms
Search time: 15205 ms
Average Recall: 0.99656
5th percentile recall: 0.994
1st percentile recall: 0.988
Median search time: 15205 ms
Search times: 14947 ms, 15205 ms, 15668 ms,
cluster_mg_uniform_100d experiment results:
statisc_length, time, avg_recall, 5th_percentile_recall, 1st_percentile_recall, recall_above_99, recall_above_95, recall_above_90
1025, 15205, 0.99656, 0.994, 0.988, 9868, 9981, 9981
Experiment finished
Dataset: cluster_mg_zipf_100d
Metric: cd
Truncation ratio: 0.5
Normalize the data vectors
Data vectors dimensions: 10000000 x 100
Query vectors dimensions: 10000 x 100
Neighbors dimensions: 10000 x 1000
Using AVX Inner Product distance
Index loaded
Dimension of space:100
Data size of space:400


Sampling size: 5000


Ground truth computed in 493415 ms
Sampling computing time: 625533 ms
Loading samplings from /opt/nfs_dcc/experiments/shiro-ef/ablation_sampling_size/cluster_mg_zipf_100d-samplings-5000-k1000-ef.bin
Samplings loaded from /opt/nfs_dcc/experiments/shiro-ef/ablation_sampling_size/cluster_mg_zipf_100d-samplings-5000-k1000-ef.bin
Average Recall: 0.874648
Initial average recall with ef=1000: 0.87406
Average Recall: 0.909798
Initial average recall with ef=1500: 0.909364
Recall diff is too small for 1 consecutive steps, break.
Recall diff is too small for 1 consecutive steps, break.
Weighted average ef: 2883.02
EF-estimation table computing time: 97088 ms
Training convergence-bucket 0 [5.84972, 33.7562) with 500 queries.
Average Recall: 0.702546
Initial average recall with ef=1000: 0.683652
Average Recall: 0.767366
Initial average recall with ef=1500: 0.752058
Weighted average ef: 4107
Training convergence-bucket 1 [33.7562, 36.9517) with 500 queries.
Average Recall: 0.686866
Initial average recall with ef=1000: 0.687362
Average Recall: 0.757864
Initial average recall with ef=1500: 0.759145
Weighted average ef: 4817.14
Training convergence-bucket 2 [36.9517, 39.8933) with 500 queries.
Average Recall: 0.750571
Initial average recall with ef=1000: 0.748505
Average Recall: 0.81713
Initial average recall with ef=1500: 0.815076
Recall diff is too small for 1 consecutive steps, break.
Weighted average ef: 4558.22
Training convergence-bucket 3 [39.8933, 43.5701) with 500 queries.
Average Recall: 0.823738
Initial average recall with ef=1000: 0.824177
Average Recall: 0.876448
Initial average recall with ef=1500: 0.877426
Weighted average ef: 3657.8
Training convergence-bucket 4 [43.5701, 48.4862) with 500 queries.
Average Recall: 0.902625
Initial average recall with ef=1000: 0.901152
Average Recall: 0.940524
Initial average recall with ef=1500: 0.939591
Weighted average ef: 1979.59
Training convergence-bucket 5 [48.4862, 54.222) with 500 queries.
Average Recall: 0.954342
Initial average recall with ef=1000: 0.953707
Average Recall: 0.975547
Initial average recall with ef=1500: 0.975178
Weighted average ef: 1251.18
Training convergence-bucket 6 [54.222, 62.2144) with 500 queries.
Average Recall: 0.984093
Initial average recall with ef=1000: 0.985507
Average Recall: 0.992558
Initial average recall with ef=1500: 0.993543
Weighted average ef: 968
Training convergence-bucket 7 [62.2144, 70.945) with 500 queries.
Average Recall: 0.994762
Initial average recall with ef=1000: 0.995302
Average Recall: 0.997317
Initial average recall with ef=1500: 0.997547
Weighted average ef: 968
Training convergence-bucket 8 [70.945, 79.7119) with 500 queries.
Average Recall: 0.980046
Initial average recall with ef=1000: 0.984
Average Recall: 0.989942
Initial average recall with ef=1500: 0.991906
Weighted average ef: 976
Training convergence-bucket 9 [79.7119, inf) with 500 queries.
Average Recall: 0.966227
Initial average recall with ef=1000: 0.966162
Average Recall: 0.983031
Initial average recall with ef=1500: 0.982999
Weighted average ef: 998
****Weighted average ef: 2428
Search time: 83975 ms
Search time: 84024 ms
Search time: 83856 ms
Average Recall: 0.965686
5th percentile recall: 0.834
1st percentile recall: 0.8
Median search time: 83975 ms
Search times: 83856 ms, 83975 ms, 84024 ms,
cluster_mg_zipf_100d experiment results:
statisc_length, time, avg_recall, 5th_percentile_recall, 1st_percentile_recall, recall_above_99, recall_above_95, recall_above_90
1025, 83975, 0.965686, 0.834, 0.8, 5759, 7737, 8656
Experiment finished


Sampling size: 3000


Ground truth computed in 289635 ms
Sampling computing time: 461825 ms
Loading samplings from /opt/nfs_dcc/experiments/shiro-ef/ablation_sampling_size/cluster_mg_zipf_100d-samplings-3000-k1000-ef.bin
Samplings loaded from /opt/nfs_dcc/experiments/shiro-ef/ablation_sampling_size/cluster_mg_zipf_100d-samplings-3000-k1000-ef.bin
Average Recall: 0.877146
Initial average recall with ef=1000: 0.877279
Average Recall: 0.911436
Initial average recall with ef=1500: 0.911627
Weighted average ef: 2740.39
EF-estimation table computing time: 91071 ms
Training convergence-bucket 0 [5.84972, 34.0601) with 300 queries.
Average Recall: 0.69255
Initial average recall with ef=1000: 0.665668
Average Recall: 0.758327
Initial average recall with ef=1500: 0.736487
Weighted average ef: 4080
Training convergence-bucket 1 [34.0601, 37.1093) with 300 queries.
Average Recall: 0.695764
Initial average recall with ef=1000: 0.693657
Average Recall: 0.76788
Initial average recall with ef=1500: 0.766054
Weighted average ef: 4800.65
Training convergence-bucket 2 [37.1093, 40.0305) with 300 queries.
Average Recall: 0.758137
Initial average recall with ef=1000: 0.757736
Average Recall: 0.82008
Initial average recall with ef=1500: 0.819716
Weighted average ef: 4698.97
Training convergence-bucket 3 [40.0305, 44.1173) with 300 queries.
Average Recall: 0.846997
Initial average recall with ef=1000: 0.846674
Average Recall: 0.896623
Initial average recall with ef=1500: 0.896839
Weighted average ef: 3037.45
Training convergence-bucket 4 [44.1173, 49.3417) with 300 queries.
Average Recall: 0.891483
Initial average recall with ef=1000: 0.893622
Average Recall: 0.931676
Initial average recall with ef=1500: 0.934437
Weighted average ef: 2146.35
Training convergence-bucket 5 [49.3417, 55.4724) with 300 queries.
Average Recall: 0.954453
Initial average recall with ef=1000: 0.953526
Average Recall: 0.975503
Initial average recall with ef=1500: 0.975046
Weighted average ef: 1230.36
Training convergence-bucket 6 [55.4724, 63.2751) with 300 queries.
Average Recall: 0.989895
Initial average recall with ef=1000: 0.990541
Average Recall: 0.995645
Initial average recall with ef=1500: 0.995948
Weighted average ef: 966.667
Training convergence-bucket 7 [63.2751, 71.0293) with 300 queries.
Average Recall: 0.994663
Initial average recall with ef=1000: 0.995379
Average Recall: 0.997149
Initial average recall with ef=1500: 0.997431
Weighted average ef: 956.667
Training convergence-bucket 8 [71.0293, 79.4223) with 300 queries.
Average Recall: 0.983903
Initial average recall with ef=1000: 0.987003
Average Recall: 0.990366
Initial average recall with ef=1500: 0.993564
Weighted average ef: 980
Training convergence-bucket 9 [79.4223, inf) with 300 queries.
Average Recall: 0.963597
Initial average recall with ef=1000: 0.963597
Average Recall: 0.981066
Initial average recall with ef=1500: 0.981066
Weighted average ef: 1000
****Weighted average ef: 2389
Search time: 96863 ms
Search time: 96651 ms
Search time: 97044 ms
Average Recall: 0.965033
5th percentile recall: 0.833
1st percentile recall: 0.797
Median search time: 96863 ms
Search times: 96651 ms, 96863 ms, 97044 ms,
cluster_mg_zipf_100d experiment results:
statisc_length, time, avg_recall, 5th_percentile_recall, 1st_percentile_recall, recall_above_99, recall_above_95, recall_above_90
1025, 96863, 0.965033, 0.833, 0.797, 5695, 7684, 8639
Experiment finished


Sampling size: 2000


Ground truth computed in 218097 ms
Sampling computing time: 350427 ms
Loading samplings from /opt/nfs_dcc/experiments/shiro-ef/ablation_sampling_size/cluster_mg_zipf_100d-samplings-2000-k1000-ef.bin
Samplings loaded from /opt/nfs_dcc/experiments/shiro-ef/ablation_sampling_size/cluster_mg_zipf_100d-samplings-2000-k1000-ef.bin
Average Recall: 0.879212
Initial average recall with ef=1000: 0.879127
Average Recall: 0.912826
Initial average recall with ef=1500: 0.912578
Weighted average ef: 2664.91
EF-estimation table computing time: 58663 ms
Training convergence-bucket 0 [5.84972, 33.966) with 200 queries.
Average Recall: 0.707765
Initial average recall with ef=1000: 0.678811
Average Recall: 0.772885
Initial average recall with ef=1500: 0.749617
Weighted average ef: 4112.5
Training convergence-bucket 1 [33.966, 37.2128) with 200 queries.
Average Recall: 0.69999
Initial average recall with ef=1000: 0.696908
Average Recall: 0.76897
Initial average recall with ef=1500: 0.766418
Recall diff is too small for 1 consecutive steps, break.
Weighted average ef: 4761.79
Training convergence-bucket 2 [37.2128, 40.2354) with 200 queries.
Average Recall: 0.749055
Initial average recall with ef=1000: 0.745734
Average Recall: 0.81522
Initial average recall with ef=1500: 0.813026
Weighted average ef: 4305.39
Training convergence-bucket 3 [40.2354, 44.2506) with 200 queries.
Average Recall: 0.842555
Initial average recall with ef=1000: 0.842418
Average Recall: 0.89021
Initial average recall with ef=1500: 0.890242
Weighted average ef: 3510.45
Training convergence-bucket 4 [44.2506, 50.0958) with 200 queries.
Average Recall: 0.906565
Initial average recall with ef=1000: 0.910653
Average Recall: 0.946465
Initial average recall with ef=1500: 0.946063
Weighted average ef: 1775.74
Training convergence-bucket 5 [50.0958, 56.7429) with 200 queries.
Average Recall: 0.955325
Initial average recall with ef=1000: 0.966597
Average Recall: 0.97253
Initial average recall with ef=1500: 0.98323
Weighted average ef: 1095.1
Training convergence-bucket 6 [56.7429, 64.6342) with 200 queries.
Average Recall: 0.99071
Initial average recall with ef=1000: 0.991376
Average Recall: 0.995679
Initial average recall with ef=1500: 0.996258
Weighted average ef: 970
Training convergence-bucket 7 [64.6342, 72.2459) with 200 queries.
Average Recall: 0.993864
Initial average recall with ef=1000: 0.994328
Average Recall: 0.99659
Initial average recall with ef=1500: 0.996698
Weighted average ef: 960
Training convergence-bucket 8 [72.2459, 79.8512) with 200 queries.
Average Recall: 0.984275
Initial average recall with ef=1000: 0.984287
Average Recall: 0.9909
Initial average recall with ef=1500: 0.990949
Weighted average ef: 975
Training convergence-bucket 9 [79.8512, inf) with 200 queries.
Average Recall: 0.962
Initial average recall with ef=1000: 0.966633
Average Recall: 0.97879
Initial average recall with ef=1500: 0.983507
Weighted average ef: 995
****Weighted average ef: 2346
Search time: 82306 ms
Search time: 82446 ms
Search time: 82448 ms
Average Recall: 0.964748
5th percentile recall: 0.832
1st percentile recall: 0.797
Median search time: 82446 ms
Search times: 82306 ms, 82446 ms, 82448 ms,
cluster_mg_zipf_100d experiment results:
statisc_length, time, avg_recall, 5th_percentile_recall, 1st_percentile_recall, recall_above_99, recall_above_95, recall_above_90
1025, 82446, 0.964748, 0.832, 0.797, 5674, 7673, 8621
Experiment finished


Sampling size: 1000


Ground truth computed in 100928 ms
Sampling computing time: 156960 ms
Loading samplings from /opt/nfs_dcc/experiments/shiro-ef/ablation_sampling_size/cluster_mg_zipf_100d-samplings-1000-k1000-ef.bin
Samplings loaded from /opt/nfs_dcc/experiments/shiro-ef/ablation_sampling_size/cluster_mg_zipf_100d-samplings-1000-k1000-ef.bin
Average Recall: 0.876398
Initial average recall with ef=1000: 0.874238
Average Recall: 0.911484
Initial average recall with ef=1500: 0.909854
Weighted average ef: 2783.93
EF-estimation table computing time: 29940 ms
Training convergence-bucket 0 [14.0645, 34.4651) with 100 queries.
Average Recall: 0.65392
Initial average recall with ef=1000: 0.633847
Average Recall: 0.7325
Initial average recall with ef=1500: 0.711106
Weighted average ef: 4090
Training convergence-bucket 1 [34.4651, 37.5982) with 100 queries.
Average Recall: 0.72743
Initial average recall with ef=1000: 0.715533
Average Recall: 0.79408
Initial average recall with ef=1500: 0.784133
Weighted average ef: 4380
Training convergence-bucket 2 [37.5982, 40.4713) with 100 queries.
Average Recall: 0.75525
Initial average recall with ef=1000: 0.74782
Average Recall: 0.81928
Initial average recall with ef=1500: 0.814079
Recall diff is too small for 1 consecutive steps, break.
Recall diff is too small for 1 consecutive steps, break.
Weighted average ef: 4258.03
Training convergence-bucket 3 [40.4713, 44.5474) with 100 queries.
Average Recall: 0.8434
Initial average recall with ef=1000: 0.845115
Average Recall: 0.89308
Initial average recall with ef=1500: 0.895114
Weighted average ef: 3133.89
Training convergence-bucket 4 [44.5474, 49.2575) with 100 queries.
Average Recall: 0.91124
Initial average recall with ef=1000: 0.90901
Average Recall: 0.94587
Initial average recall with ef=1500: 0.944292
Weighted average ef: 1788.64
Training convergence-bucket 5 [49.2575, 54.3919) with 100 queries.
Average Recall: 0.94374
Initial average recall with ef=1000: 0.941806
Average Recall: 0.96778
Initial average recall with ef=1500: 0.966441
Weighted average ef: 1501.32
Training convergence-bucket 6 [54.3919, 62.2474) with 100 queries.
Average Recall: 0.98623
Initial average recall with ef=1000: 0.985906
Average Recall: 0.99376
Initial average recall with ef=1500: 0.993562
Weighted average ef: 960
Training convergence-bucket 7 [62.2474, 70.6836) with 100 queries.
Average Recall: 0.993
Initial average recall with ef=1000: 0.994227
Average Recall: 0.99653
Initial average recall with ef=1500: 0.997012
Weighted average ef: 880
Training convergence-bucket 8 [70.6836, 79.1085) with 100 queries.
Average Recall: 0.98219
Initial average recall with ef=1000: 0.981701
Average Recall: 0.98831
Initial average recall with ef=1500: 0.98799
Weighted average ef: 970
Training convergence-bucket 9 [79.1085, inf) with 100 queries.
Average Recall: 0.96758
Initial average recall with ef=1000: 0.96758
Average Recall: 0.98364
Initial average recall with ef=1500: 0.98364
Weighted average ef: 1000
****Weighted average ef: 2296
Search time: 82153 ms
Search time: 82338 ms
Search time: 82326 ms
Average Recall: 0.964889
5th percentile recall: 0.833
1st percentile recall: 0.798
Median search time: 82326 ms
Search times: 82153 ms, 82326 ms, 82338 ms,
cluster_mg_zipf_100d experiment results:
statisc_length, time, avg_recall, 5th_percentile_recall, 1st_percentile_recall, recall_above_99, recall_above_95, recall_above_90
1025, 82326, 0.964889, 0.833, 0.798, 5656, 7666, 8633
Experiment finished
Starting ablation study tests: weighted decay function (gamma)...




Dataset: deep-image-96-angular
Metric: cd
Normalize the data vectors
Data vectors dimensions: 9990000 x 96
Query vectors dimensions: 10000 x 96
Neighbors dimensions: 10000 x 100
Using AVX Inner Product distance
Index loaded
Dimension of space:96
Data size of space:384

--- Gamma: 8 ---

Loading samplings from /opt/nfs_dcc/experiments/shiro-ef/sampling/deep-image-96-angular-samplings--k100-ef.bin
Samplings loaded from /opt/nfs_dcc/experiments/shiro-ef/sampling/deep-image-96-angular-samplings--k100-ef.bin
Average Recall: 0.832827
Initial average recall with ef=100: 0.833511
Average Recall: 0.881806
Initial average recall with ef=150: 0.882422
Weighted average ef: 388.604
Training convergence-bucket 0 [24.8745, 37.4137) with 200 queries.
Average Recall: 0.5999
Initial average recall with ef=100: 0.598842
Average Recall: 0.6789
Initial average recall with ef=150: 0.677947
Recall diff is too small for 1 consecutive steps, break.
Weighted average ef: 1027.14
Training convergence-bucket 1 [37.4137, 40.7396) with 200 queries.
Average Recall: 0.6439
Initial average recall with ef=100: 0.635196
Average Recall: 0.72465
Initial average recall with ef=150: 0.718268
Recall diff is too small for 1 consecutive steps, break.
Recall diff is too small for 1 consecutive steps, break.
Recall diff is too small for 1 consecutive steps, break.
Weighted average ef: 835.295
Training convergence-bucket 2 [40.7396, 46.233) with 200 queries.
Average Recall: 0.7191
Initial average recall with ef=100: 0.724945
Average Recall: 0.7972
Initial average recall with ef=150: 0.801264
Weighted average ef: 533.22
Training convergence-bucket 3 [46.233, 50.5782) with 200 queries.
Average Recall: 0.81125
Initial average recall with ef=100: 0.809447
Average Recall: 0.8749
Initial average recall with ef=150: 0.873757
Weighted average ef: 313.25
Training convergence-bucket 4 [50.5782, 54.5624) with 200 queries.
Average Recall: 0.84605
Initial average recall with ef=100: 0.843736
Average Recall: 0.9022
Initial average recall with ef=150: 0.900824
Weighted average ef: 243.66
Training convergence-bucket 5 [54.5624, 59.006) with 200 queries.
Average Recall: 0.88445
Initial average recall with ef=100: 0.886613
Average Recall: 0.9317
Initial average recall with ef=150: 0.933441
Weighted average ef: 191.095
Training convergence-bucket 6 [59.006, 63.563) with 200 queries.
Average Recall: 0.92255
Initial average recall with ef=100: 0.925269
Average Recall: 0.9574
Initial average recall with ef=150: 0.959731
Weighted average ef: 145.7
Training convergence-bucket 7 [63.563, 68.5436) with 200 queries.
Average Recall: 0.955601
Initial average recall with ef=100: 0.956952
Average Recall: 0.9775
Initial average recall with ef=150: 0.978663
Weighted average ef: 110
Training convergence-bucket 8 [68.5436, 75.062) with 200 queries.
Average Recall: 0.9616
Initial average recall with ef=100: 0.96418
Average Recall: 0.9828
Initial average recall with ef=150: 0.984868
Weighted average ef: 99.5
Training convergence-bucket 9 [75.062, inf) with 200 queries.
Average Recall: 0.9839
Initial average recall with ef=100: 0.985
Average Recall: 0.99085
Initial average recall with ef=150: 0.991141
Weighted average ef: 92.75
Reconstructed True WAE: 242.767 (Hard Pct: 0.0208)
****Weighted average ef: 242
Search time: 12303 ms
Search time: 12444 ms
Search time: 13084 ms
Average Recall: 0.978265
5th percentile recall: 0.93
1st percentile recall: 0.88
Median search time: 12444 ms
Search times: 12303 ms, 12444 ms, 13084 ms,
deep-image-96-angular experiment results:
statisc_length, time, avg_recall, 5th_percentile_recall, 1st_percentile_recall, recall_above_99, recall_above_95, recall_above_90
1025, 12444, 0.978265, 0.93, 0.88, 5238, 8452, 9800
Experiment finished

--- Gamma: 12 ---

Loading samplings from /opt/nfs_dcc/experiments/shiro-ef/sampling/deep-image-96-angular-samplings--k100-ef.bin
Samplings loaded from /opt/nfs_dcc/experiments/shiro-ef/sampling/deep-image-96-angular-samplings--k100-ef.bin
Average Recall: 0.832827
Initial average recall with ef=100: 0.833511
Average Recall: 0.881806
Initial average recall with ef=150: 0.882422
Weighted average ef: 388.604
Training convergence-bucket 0 [26.0075, 43.8954) with 200 queries.
Average Recall: 0.6188
Initial average recall with ef=100: 0.619577
Average Recall: 0.69815
Initial average recall with ef=150: 0.699153
Recall diff is too small for 1 consecutive steps, break.
Weighted average ef: 942.05
Training convergence-bucket 1 [43.8954, 48.0468) with 200 queries.
Average Recall: 0.6381
Initial average recall with ef=100: 0.628895
Average Recall: 0.71965
Initial average recall with ef=150: 0.711713
Recall diff is too small for 1 consecutive steps, break.
Weighted average ef: 863.62
Training convergence-bucket 2 [48.0468, 54.2325) with 200 queries.
Average Recall: 0.721
Initial average recall with ef=100: 0.722033
Average Recall: 0.7971
Initial average recall with ef=150: 0.796593
Recall diff is too small for 1 consecutive steps, break.
Recall diff is too small for 1 consecutive steps, break.
Weighted average ef: 564.53
Training convergence-bucket 3 [54.2325, 58.2147) with 200 queries.
Average Recall: 0.8097
Initial average recall with ef=100: 0.805435
Average Recall: 0.87235
Initial average recall with ef=150: 0.869185
Recall diff is too small for 1 consecutive steps, break.
Weighted average ef: 327.14
Training convergence-bucket 4 [58.2147, 61.9856) with 200 queries.
Average Recall: 0.84295
Initial average recall with ef=100: 0.840924
Average Recall: 0.8986
Initial average recall with ef=150: 0.896793
Weighted average ef: 267.03
Training convergence-bucket 5 [61.9856, 65.8844) with 200 queries.
Average Recall: 0.88385
Initial average recall with ef=100: 0.885323
Average Recall: 0.9313
Initial average recall with ef=150: 0.932365
Recall diff is too small for 1 consecutive steps, break.
Weighted average ef: 196.535
Training convergence-bucket 6 [65.8844, 69.7634) with 200 queries.
Average Recall: 0.9161
Initial average recall with ef=100: 0.919553
Average Recall: 0.95205
Initial average recall with ef=150: 0.955084
Weighted average ef: 150.75
Training convergence-bucket 7 [69.7634, 74.0583) with 200 queries.
Average Recall: 0.95215
Initial average recall with ef=100: 0.952963
Average Recall: 0.97535
Initial average recall with ef=150: 0.976191
Weighted average ef: 115.375
Training convergence-bucket 8 [74.0583, 79.2991) with 200 queries.
Average Recall: 0.96275
Initial average recall with ef=100: 0.96492
Average Recall: 0.98315
Initial average recall with ef=150: 0.985027
Weighted average ef: 104.5
Training convergence-bucket 9 [79.2991, inf) with 200 queries.
Average Recall: 0.9829
Initial average recall with ef=100: 0.984162
Average Recall: 0.9904
Initial average recall with ef=150: 0.990973
Weighted average ef: 93.25
Reconstructed True WAE: 250.605 (Hard Pct: 0.0208)
****Weighted average ef: 250
Search time: 13508 ms
Search time: 13719 ms
Search time: 13319 ms
Average Recall: 0.980564
5th percentile recall: 0.93
1st percentile recall: 0.9
Median search time: 13508 ms
Search times: 13319 ms, 13508 ms, 13719 ms,
deep-image-96-angular experiment results:
statisc_length, time, avg_recall, 5th_percentile_recall, 1st_percentile_recall, recall_above_99, recall_above_95, recall_above_90
1025, 13508, 0.980564, 0.93, 0.9, 5585, 8699, 9859
Experiment finished

--- Gamma: 16 ---

Loading samplings from /opt/nfs_dcc/experiments/shiro-ef/sampling/deep-image-96-angular-samplings--k100-ef.bin
Samplings loaded from /opt/nfs_dcc/experiments/shiro-ef/sampling/deep-image-96-angular-samplings--k100-ef.bin
Average Recall: 0.832827
Initial average recall with ef=100: 0.833511
Average Recall: 0.881806
Initial average recall with ef=150: 0.882422
Weighted average ef: 388.604
Training convergence-bucket 0 [25.9245, 48.5339) with 200 queries.
Average Recall: 0.62615
Initial average recall with ef=100: 0.625215
Average Recall: 0.7064
Initial average recall with ef=150: 0.705269
Recall diff is too small for 1 consecutive steps, break.
Weighted average ef: 898.845
Training convergence-bucket 1 [48.5339, 53.0313) with 200 queries.
Average Recall: 0.64125
Initial average recall with ef=100: 0.6355
Average Recall: 0.72385
Initial average recall with ef=150: 0.718222
Recall diff is too small for 1 consecutive steps, break.
Weighted average ef: 823.82
Training convergence-bucket 2 [53.0313, 59.5391) with 200 queries.
Average Recall: 0.7254
Initial average recall with ef=100: 0.724462
Average Recall: 0.7978
Initial average recall with ef=150: 0.798226
Weighted average ef: 622.6
Training convergence-bucket 3 [59.5391, 63.6468) with 200 queries.
Average Recall: 0.8054
Initial average recall with ef=100: 0.801774
Average Recall: 0.8681
Initial average recall with ef=150: 0.865645
Weighted average ef: 338.405
Training convergence-bucket 4 [63.6468, 67.174) with 200 queries.
Average Recall: 0.8436
Initial average recall with ef=100: 0.841081
Average Recall: 0.89965
Initial average recall with ef=150: 0.897946
Weighted average ef: 262.26
Training convergence-bucket 5 [67.174, 70.5271) with 200 queries.
Average Recall: 0.8841
Initial average recall with ef=100: 0.885
Average Recall: 0.929
Initial average recall with ef=150: 0.929565
Recall diff is too small for 1 consecutive steps, break.
Weighted average ef: 198.2
Training convergence-bucket 6 [70.5271, 73.8078) with 200 queries.
Average Recall: 0.9137
Initial average recall with ef=100: 0.915266
Average Recall: 0.95
Initial average recall with ef=150: 0.950904
Weighted average ef: 168.15
Training convergence-bucket 7 [73.8078, 77.1975) with 200 queries.
Average Recall: 0.94345
Initial average recall with ef=100: 0.946359
Average Recall: 0.97
Initial average recall with ef=150: 0.972554
Weighted average ef: 120.81
Training convergence-bucket 8 [77.1975, 81.8511) with 200 queries.
Average Recall: 0.9653
Initial average recall with ef=100: 0.9677
Average Recall: 0.9841
Initial average recall with ef=150: 0.985882
Weighted average ef: 103
Training convergence-bucket 9 [81.8511, inf) with 200 queries.
Average Recall: 0.97995
Initial average recall with ef=100: 0.981658
Average Recall: 0.9892
Initial average recall with ef=150: 0.989893
Weighted average ef: 95
Reconstructed True WAE: 251.586 (Hard Pct: 0.0208)
****Weighted average ef: 251
Search time: 13749 ms
Search time: 13848 ms
Search time: 14133 ms
Average Recall: 0.981373
5th percentile recall: 0.94
1st percentile recall: 0.9
Median search time: 13848 ms
Search times: 13749 ms, 13848 ms, 14133 ms,
deep-image-96-angular experiment results:
statisc_length, time, avg_recall, 5th_percentile_recall, 1st_percentile_recall, recall_above_99, recall_above_95, recall_above_90
1025, 13848, 0.981373, 0.94, 0.9, 5738, 8798, 9866
Experiment finished

--- Gamma: 24 ---

Loading samplings from /opt/nfs_dcc/experiments/shiro-ef/sampling/deep-image-96-angular-samplings--k100-ef.bin
Samplings loaded from /opt/nfs_dcc/experiments/shiro-ef/sampling/deep-image-96-angular-samplings--k100-ef.bin
Average Recall: 0.832827
Initial average recall with ef=100: 0.833511
Average Recall: 0.881806
Initial average recall with ef=150: 0.882422
Weighted average ef: 388.604
Training convergence-bucket 0 [25.3379, 54.0629) with 200 queries.
Average Recall: 0.6331
Initial average recall with ef=100: 0.631475
Average Recall: 0.71825
Initial average recall with ef=150: 0.717432
Weighted average ef: 820.22
Training convergence-bucket 1 [54.0629, 60.5285) with 200 queries.
Average Recall: 0.653
Initial average recall with ef=100: 0.646613
Average Recall: 0.7289
Initial average recall with ef=150: 0.723065
Recall diff is too small for 1 consecutive steps, break.
Weighted average ef: 861.86
Training convergence-bucket 2 [60.5285, 66.4391) with 200 queries.
Average Recall: 0.7203
Initial average recall with ef=100: 0.719263
Average Recall: 0.79195
Initial average recall with ef=150: 0.791526
Recall diff is too small for 1 consecutive steps, break.
Weighted average ef: 672.7
Training convergence-bucket 3 [66.4391, 70.7255) with 200 queries.
Average Recall: 0.82035
Initial average recall with ef=100: 0.818511
Average Recall: 0.88035
Initial average recall with ef=150: 0.879362
Weighted average ef: 308.13
Training convergence-bucket 4 [70.7255, 73.6513) with 200 queries.
Average Recall: 0.84685
Initial average recall with ef=100: 0.847772
Average Recall: 0.89975
Initial average recall with ef=150: 0.901902
Weighted average ef: 264.385
Training convergence-bucket 5 [73.6513, 76.5238) with 200 queries.
Average Recall: 0.8754
Initial average recall with ef=100: 0.877979
Average Recall: 0.92375
Initial average recall with ef=150: 0.926064
Recall diff is too small for 1 consecutive steps, break.
Weighted average ef: 219.465
Training convergence-bucket 6 [76.5238, 78.9055) with 200 queries.
Average Recall: 0.9103
Initial average recall with ef=100: 0.912919
Average Recall: 0.94505
Initial average recall with ef=150: 0.947459
Weighted average ef: 166.9
Training convergence-bucket 7 [78.9055, 81.5415) with 200 queries.
Average Recall: 0.9251
Initial average recall with ef=100: 0.935519
Average Recall: 0.95585
Initial average recall with ef=150: 0.963825
Recall diff is too small for 1 consecutive steps, break.
Weighted average ef: 126.89
Training convergence-bucket 8 [81.5415, 84.7545) with 200 queries.
Average Recall: 0.96445
Initial average recall with ef=100: 0.967553
Average Recall: 0.98305
Initial average recall with ef=150: 0.985213
Weighted average ef: 108
Training convergence-bucket 9 [84.7545, inf) with 200 queries.
Average Recall: 0.97945
Initial average recall with ef=100: 0.980829
Average Recall: 0.9912
Initial average recall with ef=150: 0.991934
Weighted average ef: 92.75
Reconstructed True WAE: 249.11 (Hard Pct: 0.0208)
****Weighted average ef: 249
Search time: 13733 ms
Search time: 13344 ms
Search time: 13440 ms
Average Recall: 0.979755
5th percentile recall: 0.93
1st percentile recall: 0.89
Median search time: 13440 ms
Search times: 13344 ms, 13440 ms, 13733 ms,
deep-image-96-angular experiment results:
statisc_length, time, avg_recall, 5th_percentile_recall, 1st_percentile_recall, recall_above_99, recall_above_95, recall_above_90
1025, 13440, 0.979755, 0.93, 0.89, 5565, 8576, 9826
Experiment finished

--- Gamma: 32 ---

Loading samplings from /opt/nfs_dcc/experiments/shiro-ef/sampling/deep-image-96-angular-samplings--k100-ef.bin
Samplings loaded from /opt/nfs_dcc/experiments/shiro-ef/sampling/deep-image-96-angular-samplings--k100-ef.bin
Average Recall: 0.832827
Initial average recall with ef=100: 0.833511
Average Recall: 0.881806
Initial average recall with ef=150: 0.882422
Weighted average ef: 388.604
Training convergence-bucket 0 [25.3612, 57.2643) with 200 queries.
Average Recall: 0.63915
Initial average recall with ef=100: 0.636868
Average Recall: 0.72645
Initial average recall with ef=150: 0.725494
Weighted average ef: 795.885
Training convergence-bucket 1 [57.2643, 65.3689) with 200 queries.
Average Recall: 0.66505
Initial average recall with ef=100: 0.654396
Average Recall: 0.73825
Initial average recall with ef=150: 0.728516
Weighted average ef: 811.72
Training convergence-bucket 2 [65.3689, 70.9645) with 200 queries.
Average Recall: 0.7359
Initial average recall with ef=100: 0.735426
Average Recall: 0.8053
Initial average recall with ef=150: 0.805213
Weighted average ef: 626.885
Training convergence-bucket 3 [70.9645, 74.8698) with 200 queries.
Average Recall: 0.8137
Initial average recall with ef=100: 0.818111
Average Recall: 0.87305
Initial average recall with ef=150: 0.8785
Weighted average ef: 309.455
Training convergence-bucket 4 [74.8698, 77.7865) with 200 queries.
Average Recall: 0.8471
Initial average recall with ef=100: 0.845585
Average Recall: 0.8963
Initial average recall with ef=150: 0.895372
Recall diff is too small for 1 consecutive steps, break.
Weighted average ef: 285.61
Training convergence-bucket 5 [77.7865, 80.2207) with 200 queries.
Average Recall: 0.87625
Initial average recall with ef=100: 0.875213
Average Recall: 0.9226
Initial average recall with ef=150: 0.922181
Weighted average ef: 216.56
Training convergence-bucket 6 [80.2207, 82.0388) with 200 queries.
Average Recall: 0.9069
Initial average recall with ef=100: 0.911189
Average Recall: 0.94245
Initial average recall with ef=150: 0.946865
Weighted average ef: 171.075
Training convergence-bucket 7 [82.0388, 84.2843) with 200 queries.
Average Recall: 0.9177
Initial average recall with ef=100: 0.922637
Average Recall: 0.9504
Initial average recall with ef=150: 0.95445
Weighted average ef: 150.835
Training convergence-bucket 8 [84.2843, 86.7131) with 200 queries.
Average Recall: 0.9552
Initial average recall with ef=100: 0.963616
Average Recall: 0.9765
Initial average recall with ef=150: 0.982712
Weighted average ef: 105
Training convergence-bucket 9 [86.7131, inf) with 200 queries.
Average Recall: 0.97135
Initial average recall with ef=100: 0.973967
Average Recall: 0.9868
Initial average recall with ef=150: 0.988533
Weighted average ef: 98
Reconstructed True WAE: 251.098 (Hard Pct: 0.0208)
****Weighted average ef: 251
Search time: 13167 ms
Search time: 13559 ms
Search time: 13335 ms
Average Recall: 0.97945
5th percentile recall: 0.93
1st percentile recall: 0.89
Median search time: 13335 ms
Search times: 13167 ms, 13335 ms, 13559 ms,
deep-image-96-angular experiment results:
statisc_length, time, avg_recall, 5th_percentile_recall, 1st_percentile_recall, recall_above_99, recall_above_95, recall_above_90
1025, 13335, 0.97945, 0.93, 0.89, 5531, 8524, 9808
Experiment finished


Dataset: glove-100-angular
Metric: cd
Normalize the data vectors
Data vectors dimensions: 1183514 x 100
Query vectors dimensions: 10000 x 100
Neighbors dimensions: 10000 x 100
Using AVX Inner Product distance
Index loaded
Dimension of space:100
Data size of space:400

--- Gamma: 8 ---

Loading samplings from /opt/nfs_dcc/experiments/shiro-ef/sampling/glove-100-angular-samplings--k100-ef.bin
Samplings loaded from /opt/nfs_dcc/experiments/shiro-ef/sampling/glove-100-angular-samplings--k100-ef.bin
Average Recall: 0.740274
Initial average recall with ef=100: 0.739342
Average Recall: 0.783474
Initial average recall with ef=150: 0.782607
Recall diff is too small for 1 consecutive steps, break.
Recall diff is too small for 1 consecutive steps, break.
Recall diff is too small for 1 consecutive steps, break.
Recall diff is too small for 1 consecutive steps, break.
Weighted average ef: 1445.06
Training convergence-bucket 0 [15.2986, 28.9361) with 200 queries.
Average Recall: 0.47025
Initial average recall with ef=100: 0.456
Average Recall: 0.5229
Initial average recall with ef=150: 0.509895
Recall diff is too small for 1 consecutive steps, break.
Weighted average ef: 3956.76
Training convergence-bucket 1 [28.9361, 34.4628) with 200 queries.
Average Recall: 0.488593
Initial average recall with ef=100: 0.476257
Average Recall: 0.542312
Initial average recall with ef=150: 0.528717
Recall diff is too small for 1 consecutive steps, break.
Recall diff is too small for 1 consecutive steps, break.
Weighted average ef: 3481.41
Training convergence-bucket 2 [34.4628, 39.1017) with 200 queries.
Average Recall: 0.53965
Initial average recall with ef=100: 0.519318
Average Recall: 0.596
Initial average recall with ef=150: 0.575284
Recall diff is too small for 1 consecutive steps, break.
Recall diff is too small for 1 consecutive steps, break.
Recall diff is too small for 1 consecutive steps, break.
Recall diff is too small for 1 consecutive steps, break.
Weighted average ef: 3029.57
Training convergence-bucket 3 [39.1017, 44.3614) with 200 queries.
Average Recall: 0.6629
Initial average recall with ef=100: 0.657273
Average Recall: 0.72355
Initial average recall with ef=150: 0.719773
Weighted average ef: 1541.79
Training convergence-bucket 4 [44.3614, 49.5848) with 200 queries.
Average Recall: 0.72525
Initial average recall with ef=100: 0.726517
Average Recall: 0.7833
Initial average recall with ef=150: 0.784326
Weighted average ef: 978.67
Training convergence-bucket 5 [49.5848, 55.2967) with 200 queries.
Average Recall: 0.8225
Initial average recall with ef=100: 0.819162
Average Recall: 0.8714
Initial average recall with ef=150: 0.868325
Weighted average ef: 607.645
Training convergence-bucket 6 [55.2967, 61.3267) with 200 queries.
Average Recall: 0.8656
Initial average recall with ef=100: 0.865862
Average Recall: 0.907
Initial average recall with ef=150: 0.907299
Weighted average ef: 299.305
Training convergence-bucket 7 [61.3267, 67.4525) with 200 queries.
Average Recall: 0.9108
Initial average recall with ef=100: 0.914699
Average Recall: 0.93865
Initial average recall with ef=150: 0.943976
Recall diff is too small for 1 consecutive steps, break.
Weighted average ef: 193.05
Training convergence-bucket 8 [67.4525, 73.8456) with 200 queries.
Average Recall: 0.943201
Initial average recall with ef=100: 0.947043
Average Recall: 0.9645
Initial average recall with ef=150: 0.968226
Recall diff is too small for 1 consecutive steps, break.
Recall diff is too small for 1 consecutive steps, break.
Weighted average ef: 146.145
Training convergence-bucket 9 [73.8456, inf) with 200 queries.
Average Recall: 0.97275
Initial average recall with ef=100: 0.976556
Average Recall: 0.98395
Initial average recall with ef=150: 0.987333
Weighted average ef: 101.25
Reconstructed True WAE: 1336.95 (Hard Pct: 0.0065)
****Weighted average ef: 1336
Search time: 54848 ms
Search time: 54933 ms
Search time: 54889 ms
Average Recall: 0.975624
5th percentile recall: 0.9
1st percentile recall: 0.85
Median search time: 54889 ms
Search times: 54848 ms, 54889 ms, 54933 ms,
glove-100-angular experiment results:
statisc_length, time, avg_recall, 5th_percentile_recall, 1st_percentile_recall, recall_above_99, recall_above_95, recall_above_90
1025, 54889, 0.975624, 0.9, 0.85, 5789, 7915, 9458
Experiment finished

--- Gamma: 12 ---

Loading samplings from /opt/nfs_dcc/experiments/shiro-ef/sampling/glove-100-angular-samplings--k100-ef.bin
Samplings loaded from /opt/nfs_dcc/experiments/shiro-ef/sampling/glove-100-angular-samplings--k100-ef.bin
Average Recall: 0.740274
Initial average recall with ef=100: 0.73941
Average Recall: 0.783474
Initial average recall with ef=150: 0.782519
Recall diff is too small for 1 consecutive steps, break.
Recall diff is too small for 1 consecutive steps, break.
Recall diff is too small for 1 consecutive steps, break.
Recall diff is too small for 1 consecutive steps, break.
Weighted average ef: 1446.29
Training convergence-bucket 0 [16.463, 33.7761) with 200 queries.
Average Recall: 0.469
Initial average recall with ef=100: 0.452324
Average Recall: 0.5201
Initial average recall with ef=150: 0.504108
Recall diff is too small for 1 consecutive steps, break.
Recall diff is too small for 1 consecutive steps, break.
Weighted average ef: 4022.88
Training convergence-bucket 1 [33.7761, 41.0899) with 200 queries.
Average Recall: 0.491055
Initial average recall with ef=100: 0.483333
Average Recall: 0.547236
Initial average recall with ef=150: 0.53963
Recall diff is too small for 1 consecutive steps, break.
Recall diff is too small for 1 consecutive steps, break.
Weighted average ef: 3484.56
Training convergence-bucket 2 [41.0899, 46.8379) with 200 queries.
Average Recall: 0.55415
Initial average recall with ef=100: 0.540778
Average Recall: 0.61165
Initial average recall with ef=150: 0.598667
Recall diff is too small for 1 consecutive steps, break.
Recall diff is too small for 1 consecutive steps, break.
Recall diff is too small for 1 consecutive steps, break.
Recall diff is too small for 1 consecutive steps, break.
Weighted average ef: 2774.24
Training convergence-bucket 3 [46.8379, 52.16) with 200 queries.
Average Recall: 0.6619
Initial average recall with ef=100: 0.651167
Average Recall: 0.72235
Initial average recall with ef=150: 0.713222
Weighted average ef: 1690.87
Training convergence-bucket 4 [52.16, 57.5932) with 200 queries.
Average Recall: 0.7206
Initial average recall with ef=100: 0.717778
Average Recall: 0.77625
Initial average recall with ef=150: 0.773055
Recall diff is too small for 1 consecutive steps, break.
Weighted average ef: 1129.4
Training convergence-bucket 5 [57.5932, 62.6179) with 200 queries.
Average Recall: 0.8243
Initial average recall with ef=100: 0.822804
Average Recall: 0.87345
Initial average recall with ef=150: 0.871005
Weighted average ef: 581.99
Training convergence-bucket 6 [62.6179, 67.9612) with 200 queries.
Average Recall: 0.8636
Initial average recall with ef=100: 0.854943
Average Recall: 0.9032
Initial average recall with ef=150: 0.896591
Recall diff is too small for 1 consecutive steps, break.
Weighted average ef: 364.325
Training convergence-bucket 7 [67.9612, 73.0703) with 200 queries.
Average Recall: 0.90545
Initial average recall with ef=100: 0.9125
Average Recall: 0.9339
Initial average recall with ef=150: 0.942439
Weighted average ef: 197.65
Training convergence-bucket 8 [73.0703, 78.3455) with 200 queries.
Average Recall: 0.943601
Initial average recall with ef=100: 0.94267
Average Recall: 0.9657
Initial average recall with ef=150: 0.965079
Weighted average ef: 162.59
Training convergence-bucket 9 [78.3455, inf) with 200 queries.
Average Recall: 0.967851
Initial average recall with ef=100: 0.97095
Average Recall: 0.97975
Initial average recall with ef=150: 0.982905
Weighted average ef: 119.905
Reconstructed True WAE: 1341.46 (Hard Pct: 0.0065)
****Weighted average ef: 1341
Search time: 62930 ms
Search time: 57300 ms
Search time: 57200 ms
Average Recall: 0.977804
5th percentile recall: 0.91
1st percentile recall: 0.87
Median search time: 57300 ms
Search times: 57200 ms, 57300 ms, 62930 ms,
glove-100-angular experiment results:
statisc_length, time, avg_recall, 5th_percentile_recall, 1st_percentile_recall, recall_above_99, recall_above_95, recall_above_90
1025, 57300, 0.977804, 0.91, 0.87, 5863, 8080, 9628
Experiment finished

--- Gamma: 16 ---

Loading samplings from /opt/nfs_dcc/experiments/shiro-ef/sampling/glove-100-angular-samplings--k100-ef.bin
Samplings loaded from /opt/nfs_dcc/experiments/shiro-ef/sampling/glove-100-angular-samplings--k100-ef.bin
Average Recall: 0.740274
Initial average recall with ef=100: 0.739342
Average Recall: 0.783474
Initial average recall with ef=150: 0.782534
Recall diff is too small for 1 consecutive steps, break.
Recall diff is too small for 1 consecutive steps, break.
Recall diff is too small for 1 consecutive steps, break.
Recall diff is too small for 1 consecutive steps, break.
Weighted average ef: 1445.6
Training convergence-bucket 0 [17.4979, 37.4788) with 200 queries.
Average Recall: 0.4747
Initial average recall with ef=100: 0.459086
Average Recall: 0.52515
Initial average recall with ef=150: 0.510269
Recall diff is too small for 1 consecutive steps, break.
Recall diff is too small for 1 consecutive steps, break.
Recall diff is too small for 1 consecutive steps, break.
Weighted average ef: 3973.75
Training convergence-bucket 1 [37.4788, 46.3669) with 200 queries.
Average Recall: 0.487236
Initial average recall with ef=100: 0.482646
Average Recall: 0.544221
Initial average recall with ef=150: 0.539418
Recall diff is too small for 1 consecutive steps, break.
Recall diff is too small for 1 consecutive steps, break.
Recall diff is too small for 1 consecutive steps, break.
Recall diff is too small for 1 consecutive steps, break.
Weighted average ef: 3503.61
Training convergence-bucket 2 [46.3669, 52.779) with 200 queries.
Average Recall: 0.56985
Initial average recall with ef=100: 0.556011
Average Recall: 0.6276
Initial average recall with ef=150: 0.615225
Recall diff is too small for 1 consecutive steps, break.
Weighted average ef: 2694.56
Training convergence-bucket 3 [52.779, 57.8918) with 200 queries.
Average Recall: 0.6523
Initial average recall with ef=100: 0.640769
Average Recall: 0.71215
Initial average recall with ef=150: 0.702033
Weighted average ef: 1822.15
Training convergence-bucket 4 [57.8918, 63.0621) with 200 queries.
Average Recall: 0.7309
Initial average recall with ef=100: 0.727944
Average Recall: 0.7847
Initial average recall with ef=150: 0.781833
Recall diff is too small for 1 consecutive steps, break.
Weighted average ef: 1076.38
Training convergence-bucket 5 [63.0621, 67.4736) with 200 queries.
Average Recall: 0.81555
Initial average recall with ef=100: 0.816393
Average Recall: 0.86485
Initial average recall with ef=150: 0.864973
Recall diff is too small for 1 consecutive steps, break.
Weighted average ef: 562.2
Training convergence-bucket 6 [67.4736, 72.1372) with 200 queries.
Average Recall: 0.86715
Initial average recall with ef=100: 0.860809
Average Recall: 0.90615
Initial average recall with ef=150: 0.901965
Weighted average ef: 364.365
Training convergence-bucket 7 [72.1372, 76.6606) with 200 queries.
Average Recall: 0.9031
Initial average recall with ef=100: 0.913077
Average Recall: 0.93145
Initial average recall with ef=150: 0.942248
Weighted average ef: 208.595
Training convergence-bucket 8 [76.6606, 80.8719) with 200 queries.
Average Recall: 0.93885
Initial average recall with ef=100: 0.93827
Average Recall: 0.96125
Initial average recall with ef=150: 0.961514
Weighted average ef: 166.98
Training convergence-bucket 9 [80.8719, inf) with 200 queries.
Average Recall: 0.961851
Initial average recall with ef=100: 0.965455
Average Recall: 0.97605
Initial average recall with ef=150: 0.979489
Weighted average ef: 129.325
Reconstructed True WAE: 1342.7 (Hard Pct: 0.0065)
****Weighted average ef: 1342
Search time: 57726 ms
Search time: 57840 ms
Search time: 57673 ms
Average Recall: 0.977997
5th percentile recall: 0.91
1st percentile recall: 0.87
Median search time: 57726 ms
Search times: 57673 ms, 57726 ms, 57840 ms,
glove-100-angular experiment results:
statisc_length, time, avg_recall, 5th_percentile_recall, 1st_percentile_recall, recall_above_99, recall_above_95, recall_above_90
1025, 57726, 0.977997, 0.91, 0.87, 5882, 8112, 9630
Experiment finished

--- Gamma: 24 ---

Loading samplings from /opt/nfs_dcc/experiments/shiro-ef/sampling/glove-100-angular-samplings--k100-ef.bin
Samplings loaded from /opt/nfs_dcc/experiments/shiro-ef/sampling/glove-100-angular-samplings--k100-ef.bin
Average Recall: 0.740274
Initial average recall with ef=100: 0.739342
Average Recall: 0.783474
Initial average recall with ef=150: 0.782535
Recall diff is too small for 1 consecutive steps, break.
Recall diff is too small for 1 consecutive steps, break.
Recall diff is too small for 1 consecutive steps, break.
Recall diff is too small for 1 consecutive steps, break.
Weighted average ef: 1445.58
Training convergence-bucket 0 [12.8644, 41.5532) with 200 queries.
Average Recall: 0.46625
Initial average recall with ef=100: 0.448182
Average Recall: 0.5173
Initial average recall with ef=150: 0.499893
Recall diff is too small for 1 consecutive steps, break.
Recall diff is too small for 1 consecutive steps, break.
Recall diff is too small for 1 consecutive steps, break.
Recall diff is too small for 1 consecutive steps, break.
Recall diff is too small for 1 consecutive steps, break.
Weighted average ef: 4101.33
Training convergence-bucket 1 [41.5532, 52.4705) with 200 queries.
Average Recall: 0.507086
Initial average recall with ef=100: 0.502487
Average Recall: 0.565327
Initial average recall with ef=150: 0.561587
Recall diff is too small for 1 consecutive steps, break.
Recall diff is too small for 1 consecutive steps, break.
Recall diff is too small for 1 consecutive steps, break.
Recall diff is too small for 1 consecutive steps, break.
Weighted average ef: 3417.63
Training convergence-bucket 2 [52.4705, 60.3116) with 200 queries.
Average Recall: 0.5781
Initial average recall with ef=100: 0.564389
Average Recall: 0.63625
Initial average recall with ef=150: 0.623611
Recall diff is too small for 1 consecutive steps, break.
Weighted average ef: 2518.55
Training convergence-bucket 3 [60.3116, 65.8895) with 200 queries.
Average Recall: 0.65915
Initial average recall with ef=100: 0.643352
Average Recall: 0.7175
Initial average recall with ef=150: 0.703125
Recall diff is too small for 1 consecutive steps, break.
Weighted average ef: 1778.97
Training convergence-bucket 4 [65.8895, 70.3387) with 200 queries.
Average Recall: 0.7375
Initial average recall with ef=100: 0.720221
Average Recall: 0.78845
Initial average recall with ef=150: 0.773425
Recall diff is too small for 1 consecutive steps, break.
Weighted average ef: 1219.48
Training convergence-bucket 5 [70.3387, 74.0417) with 200 queries.
Average Recall: 0.8081
Initial average recall with ef=100: 0.799489
Average Recall: 0.8545
Initial average recall with ef=150: 0.846761
Recall diff is too small for 1 consecutive steps, break.
Weighted average ef: 661.85
Training convergence-bucket 6 [74.0417, 77.5577) with 200 queries.
Average Recall: 0.86205
Initial average recall with ef=100: 0.854045
Average Recall: 0.9013
Initial average recall with ef=150: 0.894438
Recall diff is too small for 1 consecutive steps, break.
Recall diff is too small for 1 consecutive steps, break.
Weighted average ef: 420.245
Training convergence-bucket 7 [77.5577, 81.0279) with 200 queries.
Average Recall: 0.8986
Initial average recall with ef=100: 0.901023
Average Recall: 0.92915
Initial average recall with ef=150: 0.932443
Weighted average ef: 257.455
Training convergence-bucket 8 [81.0279, 83.9126) with 200 queries.
Average Recall: 0.93145
Initial average recall with ef=100: 0.937921
Average Recall: 0.9532
Initial average recall with ef=150: 0.960168
Recall diff is too small for 1 consecutive steps, break.
Weighted average ef: 150.65
Training convergence-bucket 9 [83.9126, inf) with 200 queries.
Average Recall: 0.9533
Initial average recall with ef=100: 0.958652
Average Recall: 0.9707
Initial average recall with ef=150: 0.975506
Weighted average ef: 143.36
Reconstructed True WAE: 1340.11 (Hard Pct: 0.0065)
****Weighted average ef: 1340
Search time: 56924 ms
Search time: 57037 ms
Search time: 56987 ms
Average Recall: 0.97782
5th percentile recall: 0.91
1st percentile recall: 0.87
Median search time: 56987 ms
Search times: 56924 ms, 56987 ms, 57037 ms,
glove-100-angular experiment results:
statisc_length, time, avg_recall, 5th_percentile_recall, 1st_percentile_recall, recall_above_99, recall_above_95, recall_above_90
1025, 56987, 0.97782, 0.91, 0.87, 5846, 8058, 9626
Experiment finished

--- Gamma: 32 ---

Loading samplings from /opt/nfs_dcc/experiments/shiro-ef/sampling/glove-100-angular-samplings--k100-ef.bin
Samplings loaded from /opt/nfs_dcc/experiments/shiro-ef/sampling/glove-100-angular-samplings--k100-ef.bin
Average Recall: 0.740274
Initial average recall with ef=100: 0.739342
Average Recall: 0.783474
Initial average recall with ef=150: 0.782714
Recall diff is too small for 1 consecutive steps, break.
Recall diff is too small for 1 consecutive steps, break.
Recall diff is too small for 1 consecutive steps, break.
Recall diff is too small for 1 consecutive steps, break.
Weighted average ef: 1444.48
Training convergence-bucket 0 [9.59199, 44.7276) with 200 queries.
Average Recall: 0.46975
Initial average recall with ef=100: 0.452246
Average Recall: 0.52175
Initial average recall with ef=150: 0.504652
Recall diff is too small for 1 consecutive steps, break.
Recall diff is too small for 1 consecutive steps, break.
Recall diff is too small for 1 consecutive steps, break.
Recall diff is too small for 1 consecutive steps, break.
Weighted average ef: 4013.79
Training convergence-bucket 1 [44.7276, 57.0346) with 200 queries.
Average Recall: 0.500101
Initial average recall with ef=100: 0.493333
Average Recall: 0.558945
Initial average recall with ef=150: 0.553441
Recall diff is too small for 1 consecutive steps, break.
Recall diff is too small for 1 consecutive steps, break.
Recall diff is too small for 1 consecutive steps, break.
Weighted average ef: 3476.23
Training convergence-bucket 2 [57.0346, 65.8283) with 200 queries.
Average Recall: 0.61375
Initial average recall with ef=100: 0.605222
Average Recall: 0.67015
Initial average recall with ef=150: 0.6635
Recall diff is too small for 1 consecutive steps, break.
Recall diff is too small for 1 consecutive steps, break.
Weighted average ef: 2121.83
Training convergence-bucket 3 [65.8283, 71.1791) with 200 queries.
Average Recall: 0.6629
Initial average recall with ef=100: 0.651105
Average Recall: 0.7188
Initial average recall with ef=150: 0.707901
Recall diff is too small for 1 consecutive steps, break.
Weighted average ef: 1785.71
Training convergence-bucket 4 [71.1791, 74.9775) with 200 queries.
Average Recall: 0.74415
Initial average recall with ef=100: 0.727293
Average Recall: 0.79385
Initial average recall with ef=150: 0.779613
Recall diff is too small for 1 consecutive steps, break.
Weighted average ef: 1252.38
Training convergence-bucket 5 [74.9775, 78.2312) with 200 queries.
Average Recall: 0.8117
Initial average recall with ef=100: 0.816536
Average Recall: 0.85465
Initial average recall with ef=150: 0.860559
Weighted average ef: 588.38
Training convergence-bucket 6 [78.2312, 80.8736) with 200 queries.
Average Recall: 0.84965
Initial average recall with ef=100: 0.840056
Average Recall: 0.8886
Initial average recall with ef=150: 0.881006
Weighted average ef: 590.675
Training convergence-bucket 7 [80.8736, 83.5317) with 200 queries.
Average Recall: 0.89585
Initial average recall with ef=100: 0.89736
Average Recall: 0.9262
Initial average recall with ef=150: 0.927978
Weighted average ef: 321.235
Training convergence-bucket 8 [83.5317, 86.144) with 200 queries.
Average Recall: 0.9174
Initial average recall with ef=100: 0.921792
Average Recall: 0.94405
Initial average recall with ef=150: 0.94896
Weighted average ef: 234.73
Training convergence-bucket 9 [86.144, inf) with 200 queries.
Average Recall: 0.9363
Initial average recall with ef=100: 0.938294
Average Recall: 0.95665
Initial average recall with ef=150: 0.959353
Recall diff is too small for 1 consecutive steps, break.
Weighted average ef: 188.86
Reconstructed True WAE: 1364.98 (Hard Pct: 0.0065)
****Weighted average ef: 1364
Search time: 57343 ms
Search time: 57343 ms
Search time: 57361 ms
Average Recall: 0.977903
5th percentile recall: 0.91
1st percentile recall: 0.87
Median search time: 57343 ms
Search times: 57343 ms, 57343 ms, 57361 ms,
glove-100-angular experiment results:
statisc_length, time, avg_recall, 5th_percentile_recall, 1st_percentile_recall, recall_above_99, recall_above_95, recall_above_90
1025, 57343, 0.977903, 0.91, 0.87, 5888, 8103, 9634
Experiment finished


Dataset: word2vec-300-angular
Metric: cd
Normalize the data vectors
Data vectors dimensions: 1000000 x 300
Query vectors dimensions: 1000 x 300
Neighbors dimensions: 1000 x 100
Using AVX Inner Product distance
Index loaded
Dimension of space:300
Data size of space:1200

--- Gamma: 8 ---

Loading samplings from /opt/nfs_dcc/experiments/shiro-ef/sampling/word2vec-300-angular-samplings--k100-ef.bin
Samplings loaded from /opt/nfs_dcc/experiments/shiro-ef/sampling/word2vec-300-angular-samplings--k100-ef.bin
Average Recall: 0.823151
Initial average recall with ef=100: 0.82403
Average Recall: 0.869401
Initial average recall with ef=150: 0.870276
Weighted average ef: 429.833
Training convergence-bucket 0 [16.8129, 36.7875) with 200 queries.
Average Recall: 0.57885
Initial average recall with ef=100: 0.587297
Average Recall: 0.66085
Initial average recall with ef=150: 0.670487
Weighted average ef: 856.86
Training convergence-bucket 1 [36.7875, 40.41) with 200 queries.
Average Recall: 0.626
Initial average recall with ef=100: 0.621093
Average Recall: 0.70755
Initial average recall with ef=150: 0.702459
Weighted average ef: 812.915
Training convergence-bucket 2 [40.41, 45.9796) with 200 queries.
Average Recall: 0.68365
Initial average recall with ef=100: 0.678696
Average Recall: 0.7553
Initial average recall with ef=150: 0.752446
Recall diff is too small for 1 consecutive steps, break.
Weighted average ef: 795.48
Training convergence-bucket 3 [45.9796, 52.8389) with 200 queries.
Average Recall: 0.79135
Initial average recall with ef=100: 0.789719
Average Recall: 0.8491
Initial average recall with ef=150: 0.848877
Recall diff is too small for 1 consecutive steps, break.
Weighted average ef: 484.12
Training convergence-bucket 4 [52.8389, 58.0774) with 200 queries.
Average Recall: 0.8501
Initial average recall with ef=100: 0.84883
Average Recall: 0.8979
Initial average recall with ef=150: 0.898889
Weighted average ef: 284.92
Training convergence-bucket 5 [58.0774, 62.2385) with 200 queries.
Average Recall: 0.8937
Initial average recall with ef=100: 0.886941
Average Recall: 0.9315
Initial average recall with ef=150: 0.927118
Weighted average ef: 230.135
Training convergence-bucket 6 [62.2385, 66.1208) with 200 queries.
Average Recall: 0.9248
Initial average recall with ef=100: 0.927751
Average Recall: 0.95505
Initial average recall with ef=150: 0.957692
Weighted average ef: 141.275
Training convergence-bucket 7 [66.1208, 69.9757) with 200 queries.
Average Recall: 0.9409
Initial average recall with ef=100: 0.949162
Average Recall: 0.96715
Initial average recall with ef=150: 0.973832
Weighted average ef: 104.3
Training convergence-bucket 8 [69.9757, 74.1344) with 200 queries.
Average Recall: 0.96455
Initial average recall with ef=100: 0.963939
Average Recall: 0.98135
Initial average recall with ef=150: 0.982061
Weighted average ef: 92.5
Training convergence-bucket 9 [74.1344, inf) with 200 queries.
Average Recall: 0.97765
Initial average recall with ef=100: 0.979034
Average Recall: 0.9883
Initial average recall with ef=150: 0.989148
Weighted average ef: 91.25
Reconstructed True WAE: 293.415 (Hard Pct: 0.02435)
****Weighted average ef: 293
Search time: 1882 ms
Search time: 1923 ms
Search time: 1859 ms
Average Recall: 0.97339
5th percentile recall: 0.88
1st percentile recall: 0.78
Median search time: 1882 ms
Search times: 1859 ms, 1882 ms, 1923 ms,
word2vec-300-angular experiment results:
statisc_length, time, avg_recall, 5th_percentile_recall, 1st_percentile_recall, recall_above_99, recall_above_95, recall_above_90
1025, 1882, 0.97339, 0.88, 0.78, 594, 806, 928
Experiment finished

--- Gamma: 12 ---

Loading samplings from /opt/nfs_dcc/experiments/shiro-ef/sampling/word2vec-300-angular-samplings--k100-ef.bin
Samplings loaded from /opt/nfs_dcc/experiments/shiro-ef/sampling/word2vec-300-angular-samplings--k100-ef.bin
Average Recall: 0.823151
Initial average recall with ef=100: 0.82403
Average Recall: 0.869401
Initial average recall with ef=150: 0.870276
Weighted average ef: 429.833
Training convergence-bucket 0 [17.3626, 42.1819) with 200 queries.
Average Recall: 0.5901
Initial average recall with ef=100: 0.599355
Average Recall: 0.66845
Initial average recall with ef=150: 0.678333
Recall diff is too small for 1 consecutive steps, break.
Recall diff is too small for 1 consecutive steps, break.
Weighted average ef: 868.505
Training convergence-bucket 1 [42.1819, 45.894) with 200 queries.
Average Recall: 0.63195
Initial average recall with ef=100: 0.636409
Average Recall: 0.71825
Initial average recall with ef=150: 0.722873
Recall diff is too small for 1 consecutive steps, break.
Weighted average ef: 803.32
Training convergence-bucket 2 [45.894, 52.1049) with 200 queries.
Average Recall: 0.6673
Initial average recall with ef=100: 0.658462
Average Recall: 0.73735
Initial average recall with ef=150: 0.730604
Recall diff is too small for 1 consecutive steps, break.
Recall diff is too small for 1 consecutive steps, break.
Recall diff is too small for 1 consecutive steps, break.
Weighted average ef: 781.545
Training convergence-bucket 3 [52.1049, 58.8628) with 200 queries.
Average Recall: 0.7934
Initial average recall with ef=100: 0.792768
Average Recall: 0.8508
Initial average recall with ef=150: 0.851525
Recall diff is too small for 1 consecutive steps, break.
Recall diff is too small for 1 consecutive steps, break.
Recall diff is too small for 1 consecutive steps, break.
Recall diff is too small for 1 consecutive steps, break.
Weighted average ef: 495.95
Training convergence-bucket 4 [58.8628, 64.0561) with 200 queries.
Average Recall: 0.85905
Initial average recall with ef=100: 0.856687
Average Recall: 0.90425
Initial average recall with ef=150: 0.904458
Weighted average ef: 255.955
Training convergence-bucket 5 [64.0561, 68.1161) with 200 queries.
Average Recall: 0.8934
Initial average recall with ef=100: 0.888883
Average Recall: 0.93185
Initial average recall with ef=150: 0.92905
Weighted average ef: 222.85
Training convergence-bucket 6 [68.1161, 71.116) with 200 queries.
Average Recall: 0.91845
Initial average recall with ef=100: 0.920471
Average Recall: 0.9495
Initial average recall with ef=150: 0.950647
Weighted average ef: 157.605
Training convergence-bucket 7 [71.116, 74.5257) with 200 queries.
Average Recall: 0.94465
Initial average recall with ef=100: 0.94422
Average Recall: 0.9699
Initial average recall with ef=150: 0.970174
Weighted average ef: 124.555
Training convergence-bucket 8 [74.5257, 77.8442) with 200 queries.
Average Recall: 0.957251
Initial average recall with ef=100: 0.958976
Average Recall: 0.97635
Initial average recall with ef=150: 0.978253
Weighted average ef: 94.34
Training convergence-bucket 9 [77.8442, inf) with 200 queries.
Average Recall: 0.976001
Initial average recall with ef=100: 0.97814
Average Recall: 0.98735
Initial average recall with ef=150: 0.988837
Weighted average ef: 92.5
Reconstructed True WAE: 290.549 (Hard Pct: 0.02435)
****Weighted average ef: 290
Search time: 1861 ms
Search time: 1866 ms
Search time: 1866 ms
Average Recall: 0.97359
5th percentile recall: 0.89
1st percentile recall: 0.78
Median search time: 1866 ms
Search times: 1861 ms, 1866 ms, 1866 ms,
word2vec-300-angular experiment results:
statisc_length, time, avg_recall, 5th_percentile_recall, 1st_percentile_recall, recall_above_99, recall_above_95, recall_above_90
1025, 1866, 0.97359, 0.89, 0.78, 603, 808, 928
Experiment finished

--- Gamma: 16 ---

Loading samplings from /opt/nfs_dcc/experiments/shiro-ef/sampling/word2vec-300-angular-samplings--k100-ef.bin
Samplings loaded from /opt/nfs_dcc/experiments/shiro-ef/sampling/word2vec-300-angular-samplings--k100-ef.bin
Average Recall: 0.823151
Initial average recall with ef=100: 0.82403
Average Recall: 0.869401
Initial average recall with ef=150: 0.870276
Weighted average ef: 429.833
Training convergence-bucket 0 [18.6385, 45.3997) with 200 queries.
Average Recall: 0.5943
Initial average recall with ef=100: 0.603892
Average Recall: 0.6765
Initial average recall with ef=150: 0.687297
Weighted average ef: 887.665
Training convergence-bucket 1 [45.3997, 49.3214) with 200 queries.
Average Recall: 0.6317
Initial average recall with ef=100: 0.640659
Average Recall: 0.7121
Initial average recall with ef=150: 0.719725
Recall diff is too small for 1 consecutive steps, break.
Weighted average ef: 781.27
Training convergence-bucket 2 [49.3214, 56.0004) with 200 queries.
Average Recall: 0.6605
Initial average recall with ef=100: 0.662682
Average Recall: 0.73355
Initial average recall with ef=150: 0.73771
Recall diff is too small for 1 consecutive steps, break.
Recall diff is too small for 1 consecutive steps, break.
Weighted average ef: 769.57
Training convergence-bucket 3 [56.0004, 62.4881) with 200 queries.
Average Recall: 0.8037
Initial average recall with ef=100: 0.797661
Average Recall: 0.8594
Initial average recall with ef=150: 0.85614
Recall diff is too small for 1 consecutive steps, break.
Recall diff is too small for 1 consecutive steps, break.
Recall diff is too small for 1 consecutive steps, break.
Recall diff is too small for 1 consecutive steps, break.
Weighted average ef: 453.68
Training convergence-bucket 4 [62.4881, 67.7791) with 200 queries.
Average Recall: 0.85925
Initial average recall with ef=100: 0.856023
Average Recall: 0.903
Initial average recall with ef=150: 0.901462
Recall diff is too small for 1 consecutive steps, break.
Weighted average ef: 296.975
Training convergence-bucket 5 [67.7791, 71.5631) with 200 queries.
Average Recall: 0.89045
Initial average recall with ef=100: 0.884971
Average Recall: 0.93075
Initial average recall with ef=150: 0.927399
Weighted average ef: 216.715
Training convergence-bucket 6 [71.5631, 74.3083) with 200 queries.
Average Recall: 0.9224
Initial average recall with ef=100: 0.923198
Average Recall: 0.9516
Initial average recall with ef=150: 0.9525
Weighted average ef: 162.28
Training convergence-bucket 7 [74.3083, 77.1915) with 200 queries.
Average Recall: 0.94165
Initial average recall with ef=100: 0.941667
Average Recall: 0.96725
Initial average recall with ef=150: 0.968167
Recall diff is too small for 1 consecutive steps, break.
Weighted average ef: 127.585
Training convergence-bucket 8 [77.1915, 80.1184) with 200 queries.
Average Recall: 0.95475
Initial average recall with ef=100: 0.958606
Average Recall: 0.9744
Initial average recall with ef=150: 0.978
Weighted average ef: 95.9
Training convergence-bucket 9 [80.1184, inf) with 200 queries.
Average Recall: 0.972851
Initial average recall with ef=100: 0.97553
Average Recall: 0.9855
Initial average recall with ef=150: 0.986882
Weighted average ef: 94.25
Reconstructed True WAE: 296.26 (Hard Pct: 0.02435)
****Weighted average ef: 296
Search time: 1914 ms
Search time: 1916 ms
Search time: 1916 ms
Average Recall: 0.97446
5th percentile recall: 0.89
1st percentile recall: 0.8
Median search time: 1916 ms
Search times: 1914 ms, 1916 ms, 1916 ms,
word2vec-300-angular experiment results:
statisc_length, time, avg_recall, 5th_percentile_recall, 1st_percentile_recall, recall_above_99, recall_above_95, recall_above_90
1025, 1916, 0.97446, 0.89, 0.8, 613, 815, 933
Experiment finished

--- Gamma: 24 ---

Loading samplings from /opt/nfs_dcc/experiments/shiro-ef/sampling/word2vec-300-angular-samplings--k100-ef.bin
Samplings loaded from /opt/nfs_dcc/experiments/shiro-ef/sampling/word2vec-300-angular-samplings--k100-ef.bin
Average Recall: 0.823151
Initial average recall with ef=100: 0.82403
Average Recall: 0.869401
Initial average recall with ef=150: 0.870276
Weighted average ef: 429.833
Training convergence-bucket 0 [21.9714, 48.7459) with 200 queries.
Average Recall: 0.59835
Initial average recall with ef=100: 0.607198
Average Recall: 0.6815
Initial average recall with ef=150: 0.691758
Weighted average ef: 896.655
Training convergence-bucket 1 [48.7459, 54.0972) with 200 queries.
Average Recall: 0.63
Initial average recall with ef=100: 0.633892
Average Recall: 0.7069
Initial average recall with ef=150: 0.709838
Recall diff is too small for 1 consecutive steps, break.
Weighted average ef: 809.875
Training convergence-bucket 2 [54.0972, 60.7173) with 200 queries.
Average Recall: 0.67385
Initial average recall with ef=100: 0.666322
Average Recall: 0.74775
Initial average recall with ef=150: 0.741379
Recall diff is too small for 1 consecutive steps, break.
Weighted average ef: 706.285
Training convergence-bucket 3 [60.7173, 67.3321) with 200 queries.
Average Recall: 0.8072
Initial average recall with ef=100: 0.804035
Average Recall: 0.8609
Initial average recall with ef=150: 0.861053
Recall diff is too small for 1 consecutive steps, break.
Recall diff is too small for 1 consecutive steps, break.
Weighted average ef: 427.935
Training convergence-bucket 4 [67.3321, 72.2546) with 200 queries.
Average Recall: 0.85555
Initial average recall with ef=100: 0.848352
Average Recall: 0.89985
Initial average recall with ef=150: 0.894886
Weighted average ef: 314.325
Training convergence-bucket 5 [72.2546, 75.7283) with 200 queries.
Average Recall: 0.89205
Initial average recall with ef=100: 0.890604
Average Recall: 0.92995
Initial average recall with ef=150: 0.929341
Recall diff is too small for 1 consecutive steps, break.
Recall diff is too small for 1 consecutive steps, break.
Weighted average ef: 233.985
Training convergence-bucket 6 [75.7283, 78.0156) with 200 queries.
Average Recall: 0.92225
Initial average recall with ef=100: 0.916046
Average Recall: 0.95225
Initial average recall with ef=150: 0.948488
Weighted average ef: 172.28
Training convergence-bucket 7 [78.0156, 80.4346) with 200 queries.
Average Recall: 0.9346
Initial average recall with ef=100: 0.936761
Average Recall: 0.96105
Initial average recall with ef=150: 0.963239
Weighted average ef: 137.39
Training convergence-bucket 8 [80.4346, 82.8831) with 200 queries.
Average Recall: 0.9521
Initial average recall with ef=100: 0.955029
Average Recall: 0.97325
Initial average recall with ef=150: 0.975906
Weighted average ef: 106.23
Training convergence-bucket 9 [82.8831, inf) with 200 queries.
Average Recall: 0.9656
Initial average recall with ef=100: 0.97
Average Recall: 0.980651
Initial average recall with ef=150: 0.983699
Weighted average ef: 97.75
Reconstructed True WAE: 288.5 (Hard Pct: 0.02435)
****Weighted average ef: 288
Search time: 1903 ms
Search time: 1903 ms
Search time: 1898 ms
Average Recall: 0.97432
5th percentile recall: 0.88
1st percentile recall: 0.79
Median search time: 1903 ms
Search times: 1898 ms, 1903 ms, 1903 ms,
word2vec-300-angular experiment results:
statisc_length, time, avg_recall, 5th_percentile_recall, 1st_percentile_recall, recall_above_99, recall_above_95, recall_above_90
1025, 1903, 0.97432, 0.88, 0.79, 608, 817, 931
Experiment finished

--- Gamma: 32 ---

Loading samplings from /opt/nfs_dcc/experiments/shiro-ef/sampling/word2vec-300-angular-samplings--k100-ef.bin
Samplings loaded from /opt/nfs_dcc/experiments/shiro-ef/sampling/word2vec-300-angular-samplings--k100-ef.bin
Average Recall: 0.823151
Initial average recall with ef=100: 0.82403
Average Recall: 0.869401
Initial average recall with ef=150: 0.870276
Weighted average ef: 429.833
Training convergence-bucket 0 [24.8586, 50.4267) with 200 queries.
Average Recall: 0.5971
Initial average recall with ef=100: 0.609305
Average Recall: 0.68055
Initial average recall with ef=150: 0.69369
Recall diff is too small for 1 consecutive steps, break.
Recall diff is too small for 1 consecutive steps, break.
Recall diff is too small for 1 consecutive steps, break.
Recall diff is too small for 1 consecutive steps, break.
Weighted average ef: 917.255
Training convergence-bucket 1 [50.4267, 57.0789) with 200 queries.
Average Recall: 0.6446
Initial average recall with ef=100: 0.640391
Average Recall: 0.72065
Initial average recall with ef=150: 0.716369
Weighted average ef: 788.685
Training convergence-bucket 2 [57.0789, 63.6121) with 200 queries.
Average Recall: 0.6781
Initial average recall with ef=100: 0.666524
Average Recall: 0.7497
Initial average recall with ef=150: 0.741463
Weighted average ef: 646.47
Training convergence-bucket 3 [63.6121, 69.9852) with 200 queries.
Average Recall: 0.806
Initial average recall with ef=100: 0.796587
Average Recall: 0.85915
Initial average recall with ef=150: 0.854311
Weighted average ef: 430.945
Training convergence-bucket 4 [69.9852, 74.7866) with 200 queries.
Average Recall: 0.8571
Initial average recall with ef=100: 0.854945
Average Recall: 0.90075
Initial average recall with ef=150: 0.90011
Recall diff is too small for 1 consecutive steps, break.
Weighted average ef: 335.695
Training convergence-bucket 5 [74.7866, 77.9372) with 200 queries.
Average Recall: 0.89
Initial average recall with ef=100: 0.885476
Average Recall: 0.9277
Initial average recall with ef=150: 0.924286
Recall diff is too small for 1 consecutive steps, break.
Weighted average ef: 223.735
Training convergence-bucket 6 [77.9372, 80.2655) with 200 queries.
Average Recall: 0.92425
Initial average recall with ef=100: 0.919441
Average Recall: 0.9524
Initial average recall with ef=150: 0.949255
Weighted average ef: 156.475
Training convergence-bucket 7 [80.2655, 82.4137) with 200 queries.
Average Recall: 0.93875
Initial average recall with ef=100: 0.933412
Average Recall: 0.964
Initial average recall with ef=150: 0.959941
Weighted average ef: 148.98
Training convergence-bucket 8 [82.4137, 84.5862) with 200 queries.
Average Recall: 0.9414
Initial average recall with ef=100: 0.938876
Average Recall: 0.96575
Initial average recall with ef=150: 0.964083
Weighted average ef: 130.125
Training convergence-bucket 9 [84.5862, inf) with 200 queries.
Average Recall: 0.954251
Initial average recall with ef=100: 0.961091
Average Recall: 0.9734
Initial average recall with ef=150: 0.978121
Weighted average ef: 101.68
Reconstructed True WAE: 294.138 (Hard Pct: 0.02435)
****Weighted average ef: 294
Search time: 2009 ms
Search time: 1929 ms
Search time: 1930 ms
Average Recall: 0.97512
5th percentile recall: 0.89
1st percentile recall: 0.8
Median search time: 1930 ms
Search times: 1929 ms, 1930 ms, 2009 ms,
word2vec-300-angular experiment results:
statisc_length, time, avg_recall, 5th_percentile_recall, 1st_percentile_recall, recall_above_99, recall_above_95, recall_above_90
1025, 1930, 0.97512, 0.89, 0.8, 620, 829, 930
Experiment finished


Dataset: sift10m-128-euclidean
Metric: l2
Data vectors dimensions: 10000000 x 128
Query vectors dimensions: 1000 x 128
Neighbors dimensions: 1000 x 100
Index loaded
Dimension of space:128
Data size of space:512

--- Gamma: 8 ---

Loading samplings from /opt/nfs_dcc/experiments/shiro-ef/sampling/sift10m-128-euclidean-samplings--k100-ef.bin
Samplings loaded from /opt/nfs_dcc/experiments/shiro-ef/sampling/sift10m-128-euclidean-samplings--k100-ef.bin
Average Recall: 0.853566
Initial average recall with ef=100: 0.853951
Average Recall: 0.901071
Initial average recall with ef=150: 0.901442
Recall diff is too small for 1 consecutive steps, break.
Weighted average ef: 304.436
Training convergence-bucket 0 [21.4995, 40.9237) with 200 queries.
Average Recall: 0.6522
Initial average recall with ef=100: 0.649162
Average Recall: 0.72985
Initial average recall with ef=150: 0.72712
Recall diff is too small for 1 consecutive steps, break.
Weighted average ef: 751.455
Training convergence-bucket 1 [40.9237, 44.1869) with 200 queries.
Average Recall: 0.69425
Initial average recall with ef=100: 0.690474
Average Recall: 0.77305
Initial average recall with ef=150: 0.77
Weighted average ef: 594.77
Training convergence-bucket 2 [44.1869, 49.3279) with 200 queries.
Average Recall: 0.77225
Initial average recall with ef=100: 0.768466
Average Recall: 0.8408
Initial average recall with ef=150: 0.837989
Recall diff is too small for 1 consecutive steps, break.
Weighted average ef: 402.845
Training convergence-bucket 3 [49.3279, 53.4552) with 200 queries.
Average Recall: 0.8313
Initial average recall with ef=100: 0.830368
Average Recall: 0.89265
Initial average recall with ef=150: 0.892105
Weighted average ef: 269.475
Training convergence-bucket 4 [53.4552, 57.0332) with 200 queries.
Average Recall: 0.86025
Initial average recall with ef=100: 0.857705
Average Recall: 0.9133
Initial average recall with ef=150: 0.911312
Weighted average ef: 229.765
Training convergence-bucket 5 [57.0332, 60.5944) with 200 queries.
Average Recall: 0.89465
Initial average recall with ef=100: 0.894115
Average Recall: 0.9408
Initial average recall with ef=150: 0.940677
Weighted average ef: 182.835
Training convergence-bucket 6 [60.5944, 64.687) with 200 queries.
Average Recall: 0.92475
Initial average recall with ef=100: 0.924497
Average Recall: 0.959251
Initial average recall with ef=150: 0.959471
Recall diff is too small for 1 consecutive steps, break.
Weighted average ef: 144.295
Training convergence-bucket 7 [64.687, 69.1687) with 200 queries.
Average Recall: 0.9464
Initial average recall with ef=100: 0.947409
Average Recall: 0.97655
Initial average recall with ef=150: 0.977306
Weighted average ef: 123.25
Training convergence-bucket 8 [69.1687, 74.6344) with 200 queries.
Average Recall: 0.97
Initial average recall with ef=100: 0.973298
Average Recall: 0.988001
Initial average recall with ef=150: 0.989787
Weighted average ef: 97.5
Training convergence-bucket 9 [74.6344, inf) with 200 queries.
Average Recall: 0.98965
Initial average recall with ef=100: 0.991722
Average Recall: 0.9965
Initial average recall with ef=150: 0.997111
Weighted average ef: 90
Reconstructed True WAE: 212.138 (Hard Pct: 0.01945)
****Weighted average ef: 212
Search time: 1607 ms
Search time: 1614 ms
Search time: 1608 ms
Average Recall: 0.97832
5th percentile recall: 0.94
1st percentile recall: 0.9
Median search time: 1608 ms
Search times: 1607 ms, 1608 ms, 1614 ms,
sift10m-128-euclidean experiment results:
statisc_length, time, avg_recall, 5th_percentile_recall, 1st_percentile_recall, recall_above_99, recall_above_95, recall_above_90
1025, 1608, 0.97832, 0.94, 0.9, 477, 859, 987
Experiment finished

--- Gamma: 12 ---

Loading samplings from /opt/nfs_dcc/experiments/shiro-ef/sampling/sift10m-128-euclidean-samplings--k100-ef.bin
Samplings loaded from /opt/nfs_dcc/experiments/shiro-ef/sampling/sift10m-128-euclidean-samplings--k100-ef.bin
Average Recall: 0.853566
Initial average recall with ef=100: 0.853951
Average Recall: 0.901071
Initial average recall with ef=150: 0.901442
Recall diff is too small for 1 consecutive steps, break.
Weighted average ef: 304.436
Training convergence-bucket 0 [24.3126, 48.7863) with 200 queries.
Average Recall: 0.6612
Initial average recall with ef=100: 0.659278
Average Recall: 0.7388
Initial average recall with ef=150: 0.73732
Weighted average ef: 745.875
Training convergence-bucket 1 [48.7863, 52.4761) with 200 queries.
Average Recall: 0.6924
Initial average recall with ef=100: 0.691368
Average Recall: 0.76975
Initial average recall with ef=150: 0.769105
Weighted average ef: 584.84
Training convergence-bucket 2 [52.4761, 57.9109) with 200 queries.
Average Recall: 0.77475
Initial average recall with ef=100: 0.772169
Average Recall: 0.84375
Initial average recall with ef=150: 0.841958
Weighted average ef: 391.45
Training convergence-bucket 3 [57.9109, 61.4362) with 200 queries.
Average Recall: 0.8315
Initial average recall with ef=100: 0.830368
Average Recall: 0.89185
Initial average recall with ef=150: 0.891368
Weighted average ef: 279.615
Training convergence-bucket 4 [61.4362, 64.6833) with 200 queries.
Average Recall: 0.8578
Initial average recall with ef=100: 0.853549
Average Recall: 0.91165
Initial average recall with ef=150: 0.908441
Weighted average ef: 240.945
Training convergence-bucket 5 [64.6833, 67.8068) with 200 queries.
Average Recall: 0.8959
Initial average recall with ef=100: 0.895465
Average Recall: 0.9401
Initial average recall with ef=150: 0.940273
Weighted average ef: 178.795
Training convergence-bucket 6 [67.8068, 71.3931) with 200 queries.
Average Recall: 0.92055
Initial average recall with ef=100: 0.922043
Average Recall: 0.95755
Initial average recall with ef=150: 0.958925
Weighted average ef: 144
Training convergence-bucket 7 [71.3931, 74.6687) with 200 queries.
Average Recall: 0.946101
Initial average recall with ef=100: 0.947077
Average Recall: 0.975601
Initial average recall with ef=150: 0.976564
Weighted average ef: 123.25
Training convergence-bucket 8 [74.6687, 78.8065) with 200 queries.
Average Recall: 0.96695
Initial average recall with ef=100: 0.97129
Average Recall: 0.98555
Initial average recall with ef=150: 0.988172
Weighted average ef: 98.25
Training convergence-bucket 9 [78.8065, inf) with 200 queries.
Average Recall: 0.98855
Initial average recall with ef=100: 0.991492
Average Recall: 0.99615
Initial average recall with ef=150: 0.997403
Weighted average ef: 90.5
Reconstructed True WAE: 215.182 (Hard Pct: 0.01945)
****Weighted average ef: 215
Search time: 1677 ms
Search time: 1674 ms
Search time: 1676 ms
Average Recall: 0.98085
5th percentile recall: 0.94
1st percentile recall: 0.91
Median search time: 1676 ms
Search times: 1674 ms, 1676 ms, 1677 ms,
sift10m-128-euclidean experiment results:
statisc_length, time, avg_recall, 5th_percentile_recall, 1st_percentile_recall, recall_above_99, recall_above_95, recall_above_90
1025, 1676, 0.98085, 0.94, 0.91, 524, 884, 996
Experiment finished

--- Gamma: 16 ---

Loading samplings from /opt/nfs_dcc/experiments/shiro-ef/sampling/sift10m-128-euclidean-samplings--k100-ef.bin
Samplings loaded from /opt/nfs_dcc/experiments/shiro-ef/sampling/sift10m-128-euclidean-samplings--k100-ef.bin
Average Recall: 0.853566
Initial average recall with ef=100: 0.853951
Average Recall: 0.901071
Initial average recall with ef=150: 0.901442
Recall diff is too small for 1 consecutive steps, break.
Weighted average ef: 304.436
Training convergence-bucket 0 [26.3718, 54.3528) with 200 queries.
Average Recall: 0.66845
Initial average recall with ef=100: 0.666804
Average Recall: 0.74565
Initial average recall with ef=150: 0.744381
Weighted average ef: 722.01
Training convergence-bucket 1 [54.3528, 58.6369) with 200 queries.
Average Recall: 0.6907
Initial average recall with ef=100: 0.687486
Average Recall: 0.7678
Initial average recall with ef=150: 0.764645
Weighted average ef: 587.08
Training convergence-bucket 2 [58.6369, 63.8057) with 200 queries.
Average Recall: 0.77925
Initial average recall with ef=100: 0.773245
Average Recall: 0.848
Initial average recall with ef=150: 0.843564
Weighted average ef: 402.165
Training convergence-bucket 3 [63.8057, 67.2055) with 200 queries.
Average Recall: 0.8314
Initial average recall with ef=100: 0.827263
Average Recall: 0.8906
Initial average recall with ef=150: 0.887684
Recall diff is too small for 1 consecutive steps, break.
Weighted average ef: 279.835
Training convergence-bucket 4 [67.2055, 70.0561) with 200 queries.
Average Recall: 0.86155
Initial average recall with ef=100: 0.859032
Average Recall: 0.9149
Initial average recall with ef=150: 0.913441
Weighted average ef: 231.49
Training convergence-bucket 5 [70.0561, 72.7316) with 200 queries.
Average Recall: 0.89145
Initial average recall with ef=100: 0.888548
Average Recall: 0.935301
Initial average recall with ef=150: 0.933387
Weighted average ef: 200.605
Training convergence-bucket 6 [72.7316, 75.506) with 200 queries.
Average Recall: 0.9196
Initial average recall with ef=100: 0.921368
Average Recall: 0.95615
Initial average recall with ef=150: 0.958211
Weighted average ef: 157.465
Training convergence-bucket 7 [75.506, 78.1321) with 200 queries.
Average Recall: 0.9412
Initial average recall with ef=100: 0.943834
Average Recall: 0.9724
Initial average recall with ef=150: 0.974508
Weighted average ef: 124
Training convergence-bucket 8 [78.1321, 81.5036) with 200 queries.
Average Recall: 0.96585
Initial average recall with ef=100: 0.969681
Average Recall: 0.9849
Initial average recall with ef=150: 0.98734
Weighted average ef: 103.5
Training convergence-bucket 9 [81.5036, inf) with 200 queries.
Average Recall: 0.98625
Initial average recall with ef=100: 0.990769
Average Recall: 0.99505
Initial average recall with ef=150: 0.997363
Weighted average ef: 91
Reconstructed True WAE: 218.771 (Hard Pct: 0.01945)
****Weighted average ef: 218
Search time: 1755 ms
Search time: 1826 ms
Search time: 1867 ms
Average Recall: 0.98251
5th percentile recall: 0.94
1st percentile recall: 0.91
Median search time: 1826 ms
Search times: 1755 ms, 1826 ms, 1867 ms,
sift10m-128-euclidean experiment results:
statisc_length, time, avg_recall, 5th_percentile_recall, 1st_percentile_recall, recall_above_99, recall_above_95, recall_above_90
1025, 1826, 0.98251, 0.94, 0.91, 584, 900, 995
Experiment finished

--- Gamma: 24 ---

Loading samplings from /opt/nfs_dcc/experiments/shiro-ef/sampling/sift10m-128-euclidean-samplings--k100-ef.bin
Samplings loaded from /opt/nfs_dcc/experiments/shiro-ef/sampling/sift10m-128-euclidean-samplings--k100-ef.bin
Average Recall: 0.853566
Initial average recall with ef=100: 0.853951
Average Recall: 0.901071
Initial average recall with ef=150: 0.901442
Recall diff is too small for 1 consecutive steps, break.
Weighted average ef: 304.436
Training convergence-bucket 0 [29.0489, 61.9221) with 200 queries.
Average Recall: 0.6785
Initial average recall with ef=100: 0.675855
Average Recall: 0.75585
Initial average recall with ef=150: 0.753523
Weighted average ef: 689.1
Training convergence-bucket 1 [61.9221, 67.0581) with 200 queries.
Average Recall: 0.696
Initial average recall with ef=100: 0.692418
Average Recall: 0.7728
Initial average recall with ef=150: 0.77022
Weighted average ef: 561.13
Training convergence-bucket 2 [67.0581, 71.3135) with 200 queries.
Average Recall: 0.78535
Initial average recall with ef=100: 0.772772
Average Recall: 0.85015
Initial average recall with ef=150: 0.839783
Weighted average ef: 405.685
Training convergence-bucket 3 [71.3135, 74.5004) with 200 queries.
Average Recall: 0.83445
Initial average recall with ef=100: 0.833064
Average Recall: 0.89315
Initial average recall with ef=150: 0.892688
Weighted average ef: 267.285
Training convergence-bucket 4 [74.5004, 76.9248) with 200 queries.
Average Recall: 0.86265
Initial average recall with ef=100: 0.860526
Average Recall: 0.9137
Initial average recall with ef=150: 0.912526
Weighted average ef: 236.555
Training convergence-bucket 5 [76.9248, 78.7269) with 200 queries.
Average Recall: 0.89555
Initial average recall with ef=100: 0.894555
Average Recall: 0.93725
Initial average recall with ef=150: 0.93644
Recall diff is too small for 1 consecutive steps, break.
Weighted average ef: 196.01
Training convergence-bucket 6 [78.7269, 80.5997) with 200 queries.
Average Recall: 0.9159
Initial average recall with ef=100: 0.915241
Average Recall: 0.953401
Initial average recall with ef=150: 0.953583
Weighted average ef: 159.51
Training convergence-bucket 7 [80.5997, 82.5544) with 200 queries.
Average Recall: 0.9327
Initial average recall with ef=100: 0.934108
Average Recall: 0.9646
Initial average recall with ef=150: 0.966271
Weighted average ef: 135.69
Training convergence-bucket 8 [82.5544, 84.7691) with 200 queries.
Average Recall: 0.95205
Initial average recall with ef=100: 0.958118
Average Recall: 0.97675
Initial average recall with ef=150: 0.981129
Weighted average ef: 110.33
Training convergence-bucket 9 [84.7691, inf) with 200 queries.
Average Recall: 0.98255
Initial average recall with ef=100: 0.985372
Average Recall: 0.9931
Initial average recall with ef=150: 0.994734
Weighted average ef: 97.25
Reconstructed True WAE: 214.71 (Hard Pct: 0.01945)
****Weighted average ef: 214
Search time: 1655 ms
Search time: 1616 ms
Search time: 1615 ms
Average Recall: 0.97773
5th percentile recall: 0.93
1st percentile recall: 0.89
Median search time: 1616 ms
Search times: 1615 ms, 1616 ms, 1655 ms,
sift10m-128-euclidean experiment results:
statisc_length, time, avg_recall, 5th_percentile_recall, 1st_percentile_recall, recall_above_99, recall_above_95, recall_above_90
1025, 1616, 0.97773, 0.93, 0.89, 499, 840, 981
Experiment finished

--- Gamma: 32 ---

Loading samplings from /opt/nfs_dcc/experiments/shiro-ef/sampling/sift10m-128-euclidean-samplings--k100-ef.bin
Samplings loaded from /opt/nfs_dcc/experiments/shiro-ef/sampling/sift10m-128-euclidean-samplings--k100-ef.bin
Average Recall: 0.853566
Initial average recall with ef=100: 0.853951
Average Recall: 0.901071
Initial average recall with ef=150: 0.901442
Recall diff is too small for 1 consecutive steps, break.
Weighted average ef: 304.436
Training convergence-bucket 0 [30.5314, 67.1083) with 200 queries.
Average Recall: 0.6835
Initial average recall with ef=100: 0.67631
Average Recall: 0.76095
Initial average recall with ef=150: 0.754332
Weighted average ef: 653.64
Training convergence-bucket 1 [67.1083, 72.3374) with 200 queries.
Average Recall: 0.7218
Initial average recall with ef=100: 0.707086
Average Recall: 0.79415
Initial average recall with ef=150: 0.782457
Recall diff is too small for 1 consecutive steps, break.
Weighted average ef: 516.34
Training convergence-bucket 2 [72.3374, 76.0917) with 200 queries.
Average Recall: 0.7776
Initial average recall with ef=100: 0.763571
Average Recall: 0.8433
Initial average recall with ef=150: 0.831868
Weighted average ef: 418.625
Training convergence-bucket 3 [76.0917, 78.7896) with 200 queries.
Average Recall: 0.8412
Initial average recall with ef=100: 0.840053
Average Recall: 0.8956
Initial average recall with ef=150: 0.895532
Weighted average ef: 271.135
Training convergence-bucket 4 [78.7896, 80.7749) with 200 queries.
Average Recall: 0.8751
Initial average recall with ef=100: 0.870432
Average Recall: 0.923
Initial average recall with ef=150: 0.919243
Recall diff is too small for 1 consecutive steps, break.
Weighted average ef: 219.045
Training convergence-bucket 5 [80.7749, 82.4095) with 200 queries.
Average Recall: 0.90125
Initial average recall with ef=100: 0.901895
Average Recall: 0.93925
Initial average recall with ef=150: 0.939947
Weighted average ef: 187.3
Training convergence-bucket 6 [82.4095, 83.9221) with 200 queries.
Average Recall: 0.9033
Initial average recall with ef=100: 0.899891
Average Recall: 0.9429
Initial average recall with ef=150: 0.940761
Weighted average ef: 182.38
Training convergence-bucket 7 [83.9221, 85.4117) with 200 queries.
Average Recall: 0.92365
Initial average recall with ef=100: 0.925892
Average Recall: 0.9575
Initial average recall with ef=150: 0.959297
Weighted average ef: 152.12
Training convergence-bucket 8 [85.4117, 87.1141) with 200 queries.
Average Recall: 0.94295
Initial average recall with ef=100: 0.944051
Average Recall: 0.9713
Initial average recall with ef=150: 0.972256
Weighted average ef: 133.13
Training convergence-bucket 9 [87.1141, inf) with 200 queries.
Average Recall: 0.96535
Initial average recall with ef=100: 0.970055
Average Recall: 0.9828
Initial average recall with ef=150: 0.985746
Weighted average ef: 107.935
Reconstructed True WAE: 216.922 (Hard Pct: 0.01945)
****Weighted average ef: 216
Search time: 1615 ms
Search time: 1520 ms
Search time: 1509 ms
Average Recall: 0.97992
5th percentile recall: 0.93
1st percentile recall: 0.91
Median search time: 1520 ms
Search times: 1509 ms, 1520 ms, 1615 ms,
sift10m-128-euclidean experiment results:
statisc_length, time, avg_recall, 5th_percentile_recall, 1st_percentile_recall, recall_above_99, recall_above_95, recall_above_90
1025, 1520, 0.97992, 0.93, 0.91, 524, 874, 990
Experiment finished


Dataset: gist-960-euclidean
Metric: l2
Data vectors dimensions: 1000000 x 960
Query vectors dimensions: 1000 x 960
Neighbors dimensions: 1000 x 100
Index loaded
Dimension of space:960
Data size of space:3840

--- Gamma: 8 ---

Loading samplings from /opt/nfs_dcc/experiments/shiro-ef/sampling/gist-960-euclidean-samplings--k100-ef.bin
Samplings loaded from /opt/nfs_dcc/experiments/shiro-ef/sampling/gist-960-euclidean-samplings--k100-ef.bin
Average Recall: 0.730425
Initial average recall with ef=100: 0.729425
Average Recall: 0.803664
Initial average recall with ef=150: 0.803058
Recall diff is too small for 1 consecutive steps, break.
Recall diff is too small for 1 consecutive steps, break.
Weighted average ef: 623.607
Training convergence-bucket 0 [24.1165, 33.0148) with 200 queries.
Average Recall: 0.50385
Initial average recall with ef=100: 0.499894
Average Recall: 0.60555
Initial average recall with ef=150: 0.601429
Weighted average ef: 1489.35
Training convergence-bucket 1 [33.0148, 36.5894) with 200 queries.
Average Recall: 0.5522
Initial average recall with ef=100: 0.55
Average Recall: 0.6474
Initial average recall with ef=150: 0.645397
Weighted average ef: 1179.25
Training convergence-bucket 2 [36.5894, 39.6038) with 200 queries.
Average Recall: 0.6235
Initial average recall with ef=100: 0.626436
Average Recall: 0.71885
Initial average recall with ef=150: 0.720532
Recall diff is too small for 1 consecutive steps, break.
Weighted average ef: 779.24
Training convergence-bucket 3 [39.6038, 42.4973) with 200 queries.
Average Recall: 0.66205
Initial average recall with ef=100: 0.664398
Average Recall: 0.7537
Initial average recall with ef=150: 0.755812
Weighted average ef: 641.365
Training convergence-bucket 4 [42.4973, 45.0317) with 200 queries.
Average Recall: 0.7122
Initial average recall with ef=100: 0.712766
Average Recall: 0.79635
Initial average recall with ef=150: 0.7975
Recall diff is too small for 1 consecutive steps, break.
Recall diff is too small for 1 consecutive steps, break.
Weighted average ef: 504.905
Training convergence-bucket 5 [45.0317, 48.3038) with 200 queries.
Average Recall: 0.7372
Initial average recall with ef=100: 0.732888
Average Recall: 0.81425
Initial average recall with ef=150: 0.810053
Recall diff is too small for 1 consecutive steps, break.
Weighted average ef: 494.52
Training convergence-bucket 6 [48.3038, 52.8932) with 200 queries.
Average Recall: 0.78815
Initial average recall with ef=100: 0.785746
Average Recall: 0.8573
Initial average recall with ef=150: 0.856961
Recall diff is too small for 1 consecutive steps, break.
Weighted average ef: 334.46
Training convergence-bucket 7 [52.8932, 59.1457) with 200 queries.
Average Recall: 0.85315
Initial average recall with ef=100: 0.857654
Average Recall: 0.909
Initial average recall with ef=150: 0.913017
Weighted average ef: 227.655
Training convergence-bucket 8 [59.1457, 67.1954) with 200 queries.
Average Recall: 0.91285
Initial average recall with ef=100: 0.913978
Average Recall: 0.95385
Initial average recall with ef=150: 0.95453
Weighted average ef: 150.3
Training convergence-bucket 9 [67.1954, inf) with 200 queries.
Average Recall: 0.9591
Initial average recall with ef=100: 0.960667
Average Recall: 0.9804
Initial average recall with ef=150: 0.982445
Weighted average ef: 107.32
Reconstructed True WAE: 509.644 (Hard Pct: 0.0111)
****Weighted average ef: 509
Search time: 6494 ms
Search time: 6259 ms
Search time: 6192 ms
Average Recall: 0.96969
5th percentile recall: 0.91
1st percentile recall: 0.86
Median search time: 6259 ms
Search times: 6192 ms, 6259 ms, 6494 ms,
gist-960-euclidean experiment results:
statisc_length, time, avg_recall, 5th_percentile_recall, 1st_percentile_recall, recall_above_99, recall_above_95, recall_above_90
1025, 6259, 0.96969, 0.91, 0.86, 388, 745, 962
Experiment finished

--- Gamma: 12 ---

Loading samplings from /opt/nfs_dcc/experiments/shiro-ef/sampling/gist-960-euclidean-samplings--k100-ef.bin
Samplings loaded from /opt/nfs_dcc/experiments/shiro-ef/sampling/gist-960-euclidean-samplings--k100-ef.bin
Average Recall: 0.730425
Initial average recall with ef=100: 0.729425
Average Recall: 0.803664
Initial average recall with ef=150: 0.803058
Recall diff is too small for 1 consecutive steps, break.
Recall diff is too small for 1 consecutive steps, break.
Weighted average ef: 623.607
Training convergence-bucket 0 [27.496, 38.282) with 200 queries.
Average Recall: 0.51415
Initial average recall with ef=100: 0.509037
Average Recall: 0.61375
Initial average recall with ef=150: 0.60877
Weighted average ef: 1424.39
Training convergence-bucket 1 [38.282, 42.302) with 200 queries.
Average Recall: 0.54825
Initial average recall with ef=100: 0.544599
Average Recall: 0.64625
Initial average recall with ef=150: 0.644064
Weighted average ef: 1125.79
Training convergence-bucket 2 [42.302, 45.7928) with 200 queries.
Average Recall: 0.62725
Initial average recall with ef=100: 0.62974
Average Recall: 0.71725
Initial average recall with ef=150: 0.718177
Recall diff is too small for 1 consecutive steps, break.
Recall diff is too small for 1 consecutive steps, break.
Weighted average ef: 820.34
Training convergence-bucket 3 [45.7928, 48.8174) with 200 queries.
Average Recall: 0.6612
Initial average recall with ef=100: 0.661344
Average Recall: 0.75805
Initial average recall with ef=150: 0.758602
Recall diff is too small for 1 consecutive steps, break.
Weighted average ef: 629.3
Training convergence-bucket 4 [48.8174, 51.4343) with 200 queries.
Average Recall: 0.71075
Initial average recall with ef=100: 0.713299
Average Recall: 0.7939
Initial average recall with ef=150: 0.797165
Weighted average ef: 516.59
Training convergence-bucket 5 [51.4343, 54.8481) with 200 queries.
Average Recall: 0.73765
Initial average recall with ef=100: 0.729613
Average Recall: 0.81295
Initial average recall with ef=150: 0.805635
Recall diff is too small for 1 consecutive steps, break.
Weighted average ef: 527.8
Training convergence-bucket 6 [54.8481, 59.3783) with 200 queries.
Average Recall: 0.78745
Initial average recall with ef=100: 0.787
Average Recall: 0.8582
Initial average recall with ef=150: 0.858444
Weighted average ef: 329.55
Training convergence-bucket 7 [59.3783, 64.796) with 200 queries.
Average Recall: 0.84785
Initial average recall with ef=100: 0.84827
Average Recall: 0.9034
Initial average recall with ef=150: 0.903892
Weighted average ef: 258.5
Training convergence-bucket 8 [64.796, 71.7515) with 200 queries.
Average Recall: 0.90955
Initial average recall with ef=100: 0.908518
Average Recall: 0.95115
Initial average recall with ef=150: 0.950635
Weighted average ef: 168.725
Training convergence-bucket 9 [71.7515, inf) with 200 queries.
Average Recall: 0.96015
Initial average recall with ef=100: 0.959945
Average Recall: 0.98175
Initial average recall with ef=150: 0.982363
Weighted average ef: 109.345
Reconstructed True WAE: 517.02 (Hard Pct: 0.0111)
****Weighted average ef: 517
Search time: 6541 ms
Search time: 6576 ms
Search time: 6404 ms
Average Recall: 0.97026
5th percentile recall: 0.91
1st percentile recall: 0.88
Median search time: 6541 ms
Search times: 6404 ms, 6541 ms, 6576 ms,
gist-960-euclidean experiment results:
statisc_length, time, avg_recall, 5th_percentile_recall, 1st_percentile_recall, recall_above_99, recall_above_95, recall_above_90
1025, 6541, 0.97026, 0.91, 0.88, 391, 747, 965
Experiment finished

--- Gamma: 16 ---

Loading samplings from /opt/nfs_dcc/experiments/shiro-ef/sampling/gist-960-euclidean-samplings--k100-ef.bin
Samplings loaded from /opt/nfs_dcc/experiments/shiro-ef/sampling/gist-960-euclidean-samplings--k100-ef.bin
Average Recall: 0.730425
Initial average recall with ef=100: 0.729425
Average Recall: 0.803664
Initial average recall with ef=150: 0.803058
Recall diff is too small for 1 consecutive steps, break.
Recall diff is too small for 1 consecutive steps, break.
Weighted average ef: 623.607
Training convergence-bucket 0 [29.9665, 41.5514) with 200 queries.
Average Recall: 0.52195
Initial average recall with ef=100: 0.518437
Average Recall: 0.62055
Initial average recall with ef=150: 0.617448
Recall diff is too small for 1 consecutive steps, break.
Recall diff is too small for 1 consecutive steps, break.
Weighted average ef: 1387.43
Training convergence-bucket 1 [41.5514, 45.9459) with 200 queries.
Average Recall: 0.54305
Initial average recall with ef=100: 0.542211
Average Recall: 0.64275
Initial average recall with ef=150: 0.64321
Recall diff is too small for 1 consecutive steps, break.
Recall diff is too small for 1 consecutive steps, break.
Weighted average ef: 1146.87
Training convergence-bucket 2 [45.9459, 49.8389) with 200 queries.
Average Recall: 0.62465
Initial average recall with ef=100: 0.62623
Average Recall: 0.7145
Initial average recall with ef=150: 0.715497
Weighted average ef: 823.98
Training convergence-bucket 3 [49.8389, 52.797) with 200 queries.
Average Recall: 0.67885
Initial average recall with ef=100: 0.681872
Average Recall: 0.77105
Initial average recall with ef=150: 0.774599
Weighted average ef: 578.595
Training convergence-bucket 4 [52.797, 55.6288) with 200 queries.
Average Recall: 0.70095
Initial average recall with ef=100: 0.699692
Average Recall: 0.78725
Initial average recall with ef=150: 0.786718
Recall diff is too small for 1 consecutive steps, break.
Weighted average ef: 592.685
Training convergence-bucket 5 [55.6288, 59.1676) with 200 queries.
Average Recall: 0.7375
Initial average recall with ef=100: 0.737528
Average Recall: 0.81295
Initial average recall with ef=150: 0.812809
Recall diff is too small for 1 consecutive steps, break.
Weighted average ef: 441.345
Training convergence-bucket 6 [59.1676, 63.4826) with 200 queries.
Average Recall: 0.78885
Initial average recall with ef=100: 0.783989
Average Recall: 0.85795
Initial average recall with ef=150: 0.853552
Weighted average ef: 346.935
Training convergence-bucket 7 [63.4826, 68.2315) with 200 queries.
Average Recall: 0.84135
Initial average recall with ef=100: 0.842941
Average Recall: 0.89985
Initial average recall with ef=150: 0.901284
Recall diff is too small for 1 consecutive steps, break.
Weighted average ef: 253.455
Training convergence-bucket 8 [68.2315, 74.7926) with 200 queries.
Average Recall: 0.9068
Initial average recall with ef=100: 0.906737
Average Recall: 0.9479
Initial average recall with ef=150: 0.948105
Weighted average ef: 177
Training convergence-bucket 9 [74.7926, inf) with 200 queries.
Average Recall: 0.9603
Initial average recall with ef=100: 0.960335
Average Recall: 0.9819
Initial average recall with ef=150: 0.982291
Weighted average ef: 107
Reconstructed True WAE: 509.264 (Hard Pct: 0.0111)
****Weighted average ef: 509
Search time: 6256 ms
Search time: 6385 ms
Search time: 6428 ms
Average Recall: 0.96917
5th percentile recall: 0.91
1st percentile recall: 0.87
Median search time: 6385 ms
Search times: 6256 ms, 6385 ms, 6428 ms,
gist-960-euclidean experiment results:
statisc_length, time, avg_recall, 5th_percentile_recall, 1st_percentile_recall, recall_above_99, recall_above_95, recall_above_90
1025, 6385, 0.96917, 0.91, 0.87, 392, 731, 962
Experiment finished

--- Gamma: 24 ---

Loading samplings from /opt/nfs_dcc/experiments/shiro-ef/sampling/gist-960-euclidean-samplings--k100-ef.bin
Samplings loaded from /opt/nfs_dcc/experiments/shiro-ef/sampling/gist-960-euclidean-samplings--k100-ef.bin
Average Recall: 0.730425
Initial average recall with ef=100: 0.729425
Average Recall: 0.803664
Initial average recall with ef=150: 0.803058
Recall diff is too small for 1 consecutive steps, break.
Recall diff is too small for 1 consecutive steps, break.
Weighted average ef: 623.607
Training convergence-bucket 0 [33.4553, 44.8018) with 200 queries.
Average Recall: 0.5211
Initial average recall with ef=100: 0.520729
Average Recall: 0.61955
Initial average recall with ef=150: 0.620417
Weighted average ef: 1378.24
Training convergence-bucket 1 [44.8018, 50.0313) with 200 queries.
Average Recall: 0.5531
Initial average recall with ef=100: 0.552371
Average Recall: 0.6508
Initial average recall with ef=150: 0.650567
Recall diff is too small for 1 consecutive steps, break.
Weighted average ef: 1160.64
Training convergence-bucket 2 [50.0313, 54.3723) with 200 queries.
Average Recall: 0.62095
Initial average recall with ef=100: 0.62224
Average Recall: 0.71415
Initial average recall with ef=150: 0.715313
Weighted average ef: 827.465
Training convergence-bucket 3 [54.3723, 57.7215) with 200 queries.
Average Recall: 0.67895
Initial average recall with ef=100: 0.679076
Average Recall: 0.7672
Initial average recall with ef=150: 0.767935
Recall diff is too small for 1 consecutive steps, break.
Weighted average ef: 611.16
Training convergence-bucket 4 [57.7215, 60.7342) with 200 queries.
Average Recall: 0.71455
Initial average recall with ef=100: 0.712663
Average Recall: 0.7981
Initial average recall with ef=150: 0.797554
Recall diff is too small for 1 consecutive steps, break.
Weighted average ef: 487.89
Training convergence-bucket 5 [60.7342, 64.2248) with 200 queries.
Average Recall: 0.73505
Initial average recall with ef=100: 0.730442
Average Recall: 0.8135
Initial average recall with ef=150: 0.80989
Recall diff is too small for 1 consecutive steps, break.
Weighted average ef: 473.65
Training convergence-bucket 6 [64.2248, 68.6504) with 200 queries.
Average Recall: 0.7875
Initial average recall with ef=100: 0.785464
Average Recall: 0.8558
Initial average recall with ef=150: 0.853607
Weighted average ef: 345.415
Training convergence-bucket 7 [68.6504, 72.9263) with 200 queries.
Average Recall: 0.84085
Initial average recall with ef=100: 0.837926
Average Recall: 0.8992
Initial average recall with ef=150: 0.8975
Weighted average ef: 271.25
Training convergence-bucket 8 [72.9263, 78.4654) with 200 queries.
Average Recall: 0.8938
Initial average recall with ef=100: 0.889255
Average Recall: 0.93745
Initial average recall with ef=150: 0.934043
Weighted average ef: 205.13
Training convergence-bucket 9 [78.4654, inf) with 200 queries.
Average Recall: 0.9584
Initial average recall with ef=100: 0.960629
Average Recall: 0.9809
Initial average recall with ef=150: 0.9824
Weighted average ef: 104.75
Reconstructed True WAE: 512.573 (Hard Pct: 0.0111)
****Weighted average ef: 512
Search time: 6401 ms
Search time: 6106 ms
Search time: 6294 ms
Average Recall: 0.96892
5th percentile recall: 0.91
1st percentile recall: 0.86
Median search time: 6294 ms
Search times: 6106 ms, 6294 ms, 6401 ms,
gist-960-euclidean experiment results:
statisc_length, time, avg_recall, 5th_percentile_recall, 1st_percentile_recall, recall_above_99, recall_above_95, recall_above_90
1025, 6294, 0.96892, 0.91, 0.86, 389, 730, 959
Experiment finished

--- Gamma: 32 ---

Loading samplings from /opt/nfs_dcc/experiments/shiro-ef/sampling/gist-960-euclidean-samplings--k100-ef.bin
Samplings loaded from /opt/nfs_dcc/experiments/shiro-ef/sampling/gist-960-euclidean-samplings--k100-ef.bin
Average Recall: 0.730425
Initial average recall with ef=100: 0.729425
Average Recall: 0.803664
Initial average recall with ef=150: 0.803058
Recall diff is too small for 1 consecutive steps, break.
Recall diff is too small for 1 consecutive steps, break.
Weighted average ef: 623.607
Training convergence-bucket 0 [32.2831, 46.5364) with 200 queries.
Average Recall: 0.5249
Initial average recall with ef=100: 0.525781
Average Recall: 0.6228
Initial average recall with ef=150: 0.624479
Recall diff is too small for 1 consecutive steps, break.
Weighted average ef: 1375.95
Training convergence-bucket 1 [46.5364, 52.0803) with 200 queries.
Average Recall: 0.5574
Initial average recall with ef=100: 0.557641
Average Recall: 0.65355
Initial average recall with ef=150: 0.654103
Recall diff is too small for 1 consecutive steps, break.
Recall diff is too small for 1 consecutive steps, break.
Weighted average ef: 1162.16
Training convergence-bucket 2 [52.0803, 56.7308) with 200 queries.
Average Recall: 0.61825
Initial average recall with ef=100: 0.618144
Average Recall: 0.7141
Initial average recall with ef=150: 0.713299
Recall diff is too small for 1 consecutive steps, break.
Weighted average ef: 841.59
Training convergence-bucket 3 [56.7308, 60.4769) with 200 queries.
Average Recall: 0.6825
Initial average recall with ef=100: 0.679521
Average Recall: 0.76815
Initial average recall with ef=150: 0.765904
Weighted average ef: 604.8
Training convergence-bucket 4 [60.4769, 63.941) with 200 queries.
Average Recall: 0.71415
Initial average recall with ef=100: 0.714391
Average Recall: 0.7999
Initial average recall with ef=150: 0.800899
Recall diff is too small for 1 consecutive steps, break.
Weighted average ef: 503.875
Training convergence-bucket 5 [63.941, 67.794) with 200 queries.
Average Recall: 0.7345
Initial average recall with ef=100: 0.732554
Average Recall: 0.81135
Initial average recall with ef=150: 0.809783
Recall diff is too small for 1 consecutive steps, break.
Weighted average ef: 473.07
Training convergence-bucket 6 [67.794, 71.7042) with 200 queries.
Average Recall: 0.7956
Initial average recall with ef=100: 0.797624
Average Recall: 0.86355
Initial average recall with ef=150: 0.86663
Weighted average ef: 331.16
Training convergence-bucket 7 [71.7042, 75.77) with 200 queries.
Average Recall: 0.84015
Initial average recall with ef=100: 0.839946
Average Recall: 0.8962
Initial average recall with ef=150: 0.896794
Weighted average ef: 265.065
Training convergence-bucket 8 [75.77, 80.676) with 200 queries.
Average Recall: 0.88585
Initial average recall with ef=100: 0.881497
Average Recall: 0.93065
Initial average recall with ef=150: 0.927273
Weighted average ef: 210.25
Training convergence-bucket 9 [80.676, inf) with 200 queries.
Average Recall: 0.95095
Initial average recall with ef=100: 0.953864
Average Recall: 0.9764
Initial average recall with ef=150: 0.978352
Weighted average ef: 111.075
Reconstructed True WAE: 503.186 (Hard Pct: 0.0111)
****Weighted average ef: 503
Search time: 6398 ms
Search time: 6371 ms
Search time: 6315 ms
Average Recall: 0.96876
5th percentile recall: 0.91
1st percentile recall: 0.87
Median search time: 6371 ms
Search times: 6315 ms, 6371 ms, 6398 ms,
gist-960-euclidean experiment results:
statisc_length, time, avg_recall, 5th_percentile_recall, 1st_percentile_recall, recall_above_99, recall_above_95, recall_above_90
1025, 6371, 0.96876, 0.91, 0.87, 388, 726, 960
Experiment finished


Dataset: tiny5m-384-euclidean
Metric: l2
Data vectors dimensions: 5000000 x 384
Query vectors dimensions: 1000 x 384
Neighbors dimensions: 1000 x 100
Index loaded
Dimension of space:384
Data size of space:1536

--- Gamma: 8 ---

Loading samplings from /opt/nfs_dcc/experiments/shiro-ef/sampling/tiny5m-384-euclidean-samplings--k100-ef.bin
Samplings loaded from /opt/nfs_dcc/experiments/shiro-ef/sampling/tiny5m-384-euclidean-samplings--k100-ef.bin
Average Recall: 0.637594
Initial average recall with ef=100: 0.636845
Average Recall: 0.709403
Initial average recall with ef=150: 0.708821
Recall diff is too small for 1 consecutive steps, break.
Weighted average ef: 1236.9
Training convergence-bucket 0 [20.4416, 29.0838) with 200 queries.
Average Recall: 0.3755
Initial average recall with ef=100: 0.372718
Average Recall: 0.45955
Initial average recall with ef=150: 0.456102
Recall diff is too small for 1 consecutive steps, break.
Recall diff is too small for 1 consecutive steps, break.
Recall diff is too small for 1 consecutive steps, break.
Weighted average ef: 3030.97
Training convergence-bucket 1 [29.0838, 32.3538) with 200 queries.
Average Recall: 0.43395
Initial average recall with ef=100: 0.429368
Average Recall: 0.52195
Initial average recall with ef=150: 0.516526
Recall diff is too small for 1 consecutive steps, break.
Weighted average ef: 2310.67
Training convergence-bucket 2 [32.3538, 35.1829) with 200 queries.
Average Recall: 0.4783
Initial average recall with ef=100: 0.473209
Average Recall: 0.56485
Initial average recall with ef=150: 0.561069
Recall diff is too small for 1 consecutive steps, break.
Weighted average ef: 1891.07
Training convergence-bucket 3 [35.1829, 37.7906) with 200 queries.
Average Recall: 0.5416
Initial average recall with ef=100: 0.538705
Average Recall: 0.62915
Initial average recall with ef=150: 0.626373
Recall diff is too small for 1 consecutive steps, break.
Recall diff is too small for 1 consecutive steps, break.
Weighted average ef: 1304.46
Training convergence-bucket 4 [37.7906, 40.5901) with 200 queries.
Average Recall: 0.59175
Initial average recall with ef=100: 0.593175
Average Recall: 0.6727
Initial average recall with ef=150: 0.67328
Recall diff is too small for 1 consecutive steps, break.
Weighted average ef: 1109.96
Training convergence-bucket 5 [40.5901, 44.2592) with 200 queries.
Average Recall: 0.64
Initial average recall with ef=100: 0.643895
Average Recall: 0.7152
Initial average recall with ef=150: 0.719053
Recall diff is too small for 1 consecutive steps, break.
Weighted average ef: 968.93
Training convergence-bucket 6 [44.2592, 48.589) with 200 queries.
Average Recall: 0.7194
Initial average recall with ef=100: 0.725163
Average Recall: 0.79435
Initial average recall with ef=150: 0.800707
Weighted average ef: 579.545
Training convergence-bucket 7 [48.589, 54.6525) with 200 queries.
Average Recall: 0.7906
Initial average recall with ef=100: 0.796216
Average Recall: 0.85725
Initial average recall with ef=150: 0.862649
Weighted average ef: 347.465
Training convergence-bucket 8 [54.6525, 63.6519) with 200 queries.
Average Recall: 0.8675
Initial average recall with ef=100: 0.875081
Average Recall: 0.91935
Initial average recall with ef=150: 0.926325
Weighted average ef: 208.975
Training convergence-bucket 9 [63.6519, inf) with 200 queries.
Average Recall: 0.938844
Initial average recall with ef=100: 0.941932
Average Recall: 0.960955
Initial average recall with ef=150: 0.962443
Recall diff is too small for 1 consecutive steps, break.
Weighted average ef: 117.9
Reconstructed True WAE: 1061.27 (Hard Pct: 0.0087)
****Weighted average ef: 1061
Search time: 9154 ms
Search time: 8583 ms
Search time: 9212 ms
Average Recall: 0.97145
5th percentile recall: 0.9
1st percentile recall: 0.85
Median search time: 9154 ms
Search times: 8583 ms, 9154 ms, 9212 ms,
tiny5m-384-euclidean experiment results:
statisc_length, time, avg_recall, 5th_percentile_recall, 1st_percentile_recall, recall_above_99, recall_above_95, recall_above_90
1025, 9154, 0.97145, 0.9, 0.85, 503, 767, 944
Experiment finished

--- Gamma: 12 ---

Loading samplings from /opt/nfs_dcc/experiments/shiro-ef/sampling/tiny5m-384-euclidean-samplings--k100-ef.bin
Samplings loaded from /opt/nfs_dcc/experiments/shiro-ef/sampling/tiny5m-384-euclidean-samplings--k100-ef.bin
Average Recall: 0.637594
Initial average recall with ef=100: 0.636819
Average Recall: 0.709403
Initial average recall with ef=150: 0.708811
Recall diff is too small for 1 consecutive steps, break.
Weighted average ef: 1236.9
Training convergence-bucket 0 [24.2968, 34.3498) with 200 queries.
Average Recall: 0.36635
Initial average recall with ef=100: 0.363093
Average Recall: 0.4542
Initial average recall with ef=150: 0.450773
Recall diff is too small for 1 consecutive steps, break.
Recall diff is too small for 1 consecutive steps, break.
Weighted average ef: 3042.79
Training convergence-bucket 1 [34.3498, 38.4766) with 200 queries.
Average Recall: 0.4489
Initial average recall with ef=100: 0.447927
Average Recall: 0.53605
Initial average recall with ef=150: 0.534352
Recall diff is too small for 1 consecutive steps, break.
Recall diff is too small for 1 consecutive steps, break.
Weighted average ef: 2261.88
Training convergence-bucket 2 [38.4766, 41.697) with 200 queries.
Average Recall: 0.48365
Initial average recall with ef=100: 0.48089
Average Recall: 0.56805
Initial average recall with ef=150: 0.565654
Recall diff is too small for 1 consecutive steps, break.
Weighted average ef: 1831.23
Training convergence-bucket 3 [41.697, 44.6557) with 200 queries.
Average Recall: 0.54165
Initial average recall with ef=100: 0.537461
Average Recall: 0.62615
Initial average recall with ef=150: 0.622021
Recall diff is too small for 1 consecutive steps, break.
Weighted average ef: 1404.36
Training convergence-bucket 4 [44.6557, 47.7374) with 200 queries.
Average Recall: 0.5804
Initial average recall with ef=100: 0.575753
Average Recall: 0.66185
Initial average recall with ef=150: 0.656989
Recall diff is too small for 1 consecutive steps, break.
Weighted average ef: 1238.13
Training convergence-bucket 5 [47.7374, 51.5026) with 200 queries.
Average Recall: 0.64955
Initial average recall with ef=100: 0.6491
Average Recall: 0.72365
Initial average recall with ef=150: 0.72418
Recall diff is too small for 1 consecutive steps, break.
Weighted average ef: 939.97
Training convergence-bucket 6 [51.5026, 55.611) with 200 queries.
Average Recall: 0.71555
Initial average recall with ef=100: 0.717979
Average Recall: 0.79085
Initial average recall with ef=150: 0.793627
Recall diff is too small for 1 consecutive steps, break.
Recall diff is too small for 1 consecutive steps, break.
Recall diff is too small for 1 consecutive steps, break.
Recall diff is too small for 1 consecutive steps, break.
Weighted average ef: 619.415
Training convergence-bucket 7 [55.611, 61.3231) with 200 queries.
Average Recall: 0.78645
Initial average recall with ef=100: 0.788656
Average Recall: 0.8553
Initial average recall with ef=150: 0.857581
Weighted average ef: 363.675
Training convergence-bucket 8 [61.3231, 69.2789) with 200 queries.
Average Recall: 0.86785
Initial average recall with ef=100: 0.874492
Average Recall: 0.91895
Initial average recall with ef=150: 0.925561
Weighted average ef: 216.65
Training convergence-bucket 9 [69.2789, inf) with 200 queries.
Average Recall: 0.937086
Initial average recall with ef=100: 0.936839
Average Recall: 0.960252
Initial average recall with ef=150: 0.958218
Recall diff is too small for 1 consecutive steps, break.
Weighted average ef: 141.05
Reconstructed True WAE: 1057.4 (Hard Pct: 0.0087)
****Weighted average ef: 1057
Search time: 8813 ms
Search time: 8733 ms
Search time: 9177 ms
Average Recall: 0.9712
5th percentile recall: 0.9
1st percentile recall: 0.84
Median search time: 8813 ms
Search times: 8733 ms, 8813 ms, 9177 ms,
tiny5m-384-euclidean experiment results:
statisc_length, time, avg_recall, 5th_percentile_recall, 1st_percentile_recall, recall_above_99, recall_above_95, recall_above_90
1025, 8813, 0.9712, 0.9, 0.84, 497, 767, 942
Experiment finished

--- Gamma: 16 ---

Loading samplings from /opt/nfs_dcc/experiments/shiro-ef/sampling/tiny5m-384-euclidean-samplings--k100-ef.bin
Samplings loaded from /opt/nfs_dcc/experiments/shiro-ef/sampling/tiny5m-384-euclidean-samplings--k100-ef.bin
Average Recall: 0.637594
Initial average recall with ef=100: 0.636864
Average Recall: 0.709403
Initial average recall with ef=150: 0.70882
Recall diff is too small for 1 consecutive steps, break.
Weighted average ef: 1236.9
Training convergence-bucket 0 [26.1128, 37.7595) with 200 queries.
Average Recall: 0.3672
Initial average recall with ef=100: 0.363895
Average Recall: 0.45555
Initial average recall with ef=150: 0.451632
Weighted average ef: 2981.5
Training convergence-bucket 1 [37.7595, 42.2318) with 200 queries.
Average Recall: 0.4504
Initial average recall with ef=100: 0.448429
Average Recall: 0.5381
Initial average recall with ef=150: 0.536073
Recall diff is too small for 1 consecutive steps, break.
Recall diff is too small for 1 consecutive steps, break.
Weighted average ef: 2208.73
Training convergence-bucket 2 [42.2318, 45.9553) with 200 queries.
Average Recall: 0.48795
Initial average recall with ef=100: 0.485969
Average Recall: 0.57175
Initial average recall with ef=150: 0.569843
Recall diff is too small for 1 consecutive steps, break.
Weighted average ef: 1734.91
Training convergence-bucket 3 [45.9553, 49.233) with 200 queries.
Average Recall: 0.5475
Initial average recall with ef=100: 0.542722
Average Recall: 0.62935
Initial average recall with ef=150: 0.625078
Recall diff is too small for 1 consecutive steps, break.
Recall diff is too small for 1 consecutive steps, break.
Recall diff is too small for 1 consecutive steps, break.
Recall diff is too small for 1 consecutive steps, break.
Weighted average ef: 1369.37
Training convergence-bucket 4 [49.233, 52.7402) with 200 queries.
Average Recall: 0.5706
Initial average recall with ef=100: 0.571832
Average Recall: 0.6528
Initial average recall with ef=150: 0.653508
Recall diff is too small for 1 consecutive steps, break.
Recall diff is too small for 1 consecutive steps, break.
Recall diff is too small for 1 consecutive steps, break.
Recall diff is too small for 1 consecutive steps, break.
Recall diff is too small for 1 consecutive steps, break.
Recall diff is too small for 1 consecutive steps, break.
Recall diff is too small for 1 consecutive steps, break.
Weighted average ef: 1327.39
Training convergence-bucket 5 [52.7402, 56.2101) with 200 queries.
Average Recall: 0.65105
Initial average recall with ef=100: 0.655291
Average Recall: 0.72765
Initial average recall with ef=150: 0.731058
Weighted average ef: 872.93
Training convergence-bucket 6 [56.2101, 60.4074) with 200 queries.
Average Recall: 0.72225
Initial average recall with ef=100: 0.72418
Average Recall: 0.79545
Initial average recall with ef=150: 0.79746
Weighted average ef: 587.775
Training convergence-bucket 7 [60.4074, 65.8457) with 200 queries.
Average Recall: 0.7831
Initial average recall with ef=100: 0.784438
Average Recall: 0.8513
Initial average recall with ef=150: 0.853583
Weighted average ef: 364.72
Training convergence-bucket 8 [65.8457, 72.5784) with 200 queries.
Average Recall: 0.8624
Initial average recall with ef=100: 0.871505
Average Recall: 0.9147
Initial average recall with ef=150: 0.923118
Recall diff is too small for 1 consecutive steps, break.
Weighted average ef: 222.185
Training convergence-bucket 9 [72.5784, inf) with 200 queries.
Average Recall: 0.934975
Initial average recall with ef=100: 0.935028
Average Recall: 0.958644
Initial average recall with ef=150: 0.957374
Recall diff is too small for 1 consecutive steps, break.
Weighted average ef: 126.865
Reconstructed True WAE: 1046.4 (Hard Pct: 0.0087)
****Weighted average ef: 1046
Search time: 8911 ms
Search time: 8510 ms
Search time: 9067 ms
Average Recall: 0.97097
5th percentile recall: 0.9
1st percentile recall: 0.84
Median search time: 8911 ms
Search times: 8510 ms, 8911 ms, 9067 ms,
tiny5m-384-euclidean experiment results:
statisc_length, time, avg_recall, 5th_percentile_recall, 1st_percentile_recall, recall_above_99, recall_above_95, recall_above_90
1025, 8911, 0.97097, 0.9, 0.84, 493, 761, 944
Experiment finished

--- Gamma: 24 ---

Loading samplings from /opt/nfs_dcc/experiments/shiro-ef/sampling/tiny5m-384-euclidean-samplings--k100-ef.bin
Samplings loaded from /opt/nfs_dcc/experiments/shiro-ef/sampling/tiny5m-384-euclidean-samplings--k100-ef.bin
Average Recall: 0.637594
Initial average recall with ef=100: 0.636819
Average Recall: 0.709403
Initial average recall with ef=150: 0.70882
Recall diff is too small for 1 consecutive steps, break.
Weighted average ef: 1236.92
Training convergence-bucket 0 [25.297, 41.5621) with 200 queries.
Average Recall: 0.37475
Initial average recall with ef=100: 0.371744
Average Recall: 0.4608
Initial average recall with ef=150: 0.456821
Recall diff is too small for 1 consecutive steps, break.
Recall diff is too small for 1 consecutive steps, break.
Recall diff is too small for 1 consecutive steps, break.
Weighted average ef: 3061.78
Training convergence-bucket 1 [41.5621, 46.5306) with 200 queries.
Average Recall: 0.44065
Initial average recall with ef=100: 0.440821
Average Recall: 0.5275
Initial average recall with ef=150: 0.527128
Recall diff is too small for 1 consecutive steps, break.
Recall diff is too small for 1 consecutive steps, break.
Weighted average ef: 2312.34
Training convergence-bucket 2 [46.5306, 50.8043) with 200 queries.
Average Recall: 0.5001
Initial average recall with ef=100: 0.499744
Average Recall: 0.58635
Initial average recall with ef=150: 0.586718
Weighted average ef: 1727.48
Training convergence-bucket 3 [50.8043, 54.9512) with 200 queries.
Average Recall: 0.54005
Initial average recall with ef=100: 0.534474
Average Recall: 0.6231
Initial average recall with ef=150: 0.618526
Recall diff is too small for 1 consecutive steps, break.
Weighted average ef: 1450.87
Training convergence-bucket 4 [54.9512, 58.5221) with 200 queries.
Average Recall: 0.58825
Initial average recall with ef=100: 0.582751
Average Recall: 0.66945
Initial average recall with ef=150: 0.663915
Recall diff is too small for 1 consecutive steps, break.
Weighted average ef: 1268.57
Training convergence-bucket 5 [58.5221, 62.572) with 200 queries.
Average Recall: 0.6519
Initial average recall with ef=100: 0.659206
Average Recall: 0.72825
Initial average recall with ef=150: 0.73582
Recall diff is too small for 1 consecutive steps, break.
Weighted average ef: 853.28
Training convergence-bucket 6 [62.572, 66.8821) with 200 queries.
Average Recall: 0.7182
Initial average recall with ef=100: 0.717903
Average Recall: 0.7898
Initial average recall with ef=150: 0.789086
Recall diff is too small for 1 consecutive steps, break.
Weighted average ef: 633.405
Training convergence-bucket 7 [66.8821, 71.6133) with 200 queries.
Average Recall: 0.78185
Initial average recall with ef=100: 0.784973
Average Recall: 0.8491
Initial average recall with ef=150: 0.853243
Weighted average ef: 387.575
Training convergence-bucket 8 [71.6133, 77.3078) with 200 queries.
Average Recall: 0.8534
Initial average recall with ef=100: 0.862045
Average Recall: 0.90645
Initial average recall with ef=150: 0.914886
Recall diff is too small for 1 consecutive steps, break.
Weighted average ef: 231.905
Training convergence-bucket 9 [77.3078, inf) with 200 queries.
Average Recall: 0.928241
Initial average recall with ef=100: 0.92113
Average Recall: 0.954473
Initial average recall with ef=150: 0.94774
Weighted average ef: 144.135
Reconstructed True WAE: 1068.67 (Hard Pct: 0.0087)
****Weighted average ef: 1068
Search time: 9232 ms
Search time: 8661 ms
Search time: 9282 ms
Average Recall: 0.9715
5th percentile recall: 0.9
1st percentile recall: 0.84
Median search time: 9232 ms
Search times: 8661 ms, 9232 ms, 9282 ms,
tiny5m-384-euclidean experiment results:
statisc_length, time, avg_recall, 5th_percentile_recall, 1st_percentile_recall, recall_above_99, recall_above_95, recall_above_90
1025, 9232, 0.9715, 0.9, 0.84, 498, 770, 947
Experiment finished

--- Gamma: 32 ---

Loading samplings from /opt/nfs_dcc/experiments/shiro-ef/sampling/tiny5m-384-euclidean-samplings--k100-ef.bin
Samplings loaded from /opt/nfs_dcc/experiments/shiro-ef/sampling/tiny5m-384-euclidean-samplings--k100-ef.bin
Average Recall: 0.637594
Initial average recall with ef=100: 0.636819
Average Recall: 0.709403
Initial average recall with ef=150: 0.708847
Recall diff is too small for 1 consecutive steps, break.
Weighted average ef: 1236.92
Training convergence-bucket 0 [22.8032, 43.2755) with 200 queries.
Average Recall: 0.3868
Initial average recall with ef=100: 0.383505
Average Recall: 0.4732
Initial average recall with ef=150: 0.469021
Recall diff is too small for 1 consecutive steps, break.
Recall diff is too small for 1 consecutive steps, break.
Weighted average ef: 2940.48
Training convergence-bucket 1 [43.2755, 48.9862) with 200 queries.
Average Recall: 0.4327
Initial average recall with ef=100: 0.430155
Average Recall: 0.5222
Initial average recall with ef=150: 0.518756
Recall diff is too small for 1 consecutive steps, break.
Recall diff is too small for 1 consecutive steps, break.
Weighted average ef: 2295.9
Training convergence-bucket 2 [48.9862, 53.6493) with 200 queries.
Average Recall: 0.4956
Initial average recall with ef=100: 0.492908
Average Recall: 0.57835
Initial average recall with ef=150: 0.575816
Recall diff is too small for 1 consecutive steps, break.
Recall diff is too small for 1 consecutive steps, break.
Weighted average ef: 1856.59
Training convergence-bucket 3 [53.6493, 58.3369) with 200 queries.
Average Recall: 0.55325
Initial average recall with ef=100: 0.545079
Average Recall: 0.63565
Initial average recall with ef=150: 0.628796
Recall diff is too small for 1 consecutive steps, break.
Recall diff is too small for 1 consecutive steps, break.
Weighted average ef: 1461.78
Training convergence-bucket 4 [58.3369, 62.424) with 200 queries.
Average Recall: 0.5956
Initial average recall with ef=100: 0.596563
Average Recall: 0.67715
Initial average recall with ef=150: 0.677552
Recall diff is too small for 1 consecutive steps, break.
Recall diff is too small for 1 consecutive steps, break.
Weighted average ef: 1182.55
Training convergence-bucket 5 [62.424, 66.9595) with 200 queries.
Average Recall: 0.65525
Initial average recall with ef=100: 0.664894
Average Recall: 0.732
Initial average recall with ef=150: 0.741755
Recall diff is too small for 1 consecutive steps, break.
Recall diff is too small for 1 consecutive steps, break.
Recall diff is too small for 1 consecutive steps, break.
Weighted average ef: 818.3
Training convergence-bucket 6 [66.9595, 70.9774) with 200 queries.
Average Recall: 0.72055
Initial average recall with ef=100: 0.714947
Average Recall: 0.7893
Initial average recall with ef=150: 0.784681
Recall diff is too small for 1 consecutive steps, break.
Weighted average ef: 629.16
Training convergence-bucket 7 [70.9774, 75.1611) with 200 queries.
Average Recall: 0.7749
Initial average recall with ef=100: 0.775165
Average Recall: 0.8401
Initial average recall with ef=150: 0.842143
Weighted average ef: 439.28
Training convergence-bucket 8 [75.1611, 80.0863) with 200 queries.
Average Recall: 0.841156
Initial average recall with ef=100: 0.839266
Average Recall: 0.897237
Initial average recall with ef=150: 0.894576
Recall diff is too small for 1 consecutive steps, break.
Recall diff is too small for 1 consecutive steps, break.
Recall diff is too small for 1 consecutive steps, break.
Weighted average ef: 248.85
Training convergence-bucket 9 [80.0863, inf) with 200 queries.
Average Recall: 0.921151
Initial average recall with ef=100: 0.928927
Average Recall: 0.9498
Initial average recall with ef=150: 0.955876
Weighted average ef: 153.76
Reconstructed True WAE: 1057.39 (Hard Pct: 0.0087)
****Weighted average ef: 1057
Search time: 8431 ms
Search time: 8943 ms
Search time: 9083 ms
Average Recall: 0.9707
5th percentile recall: 0.9
1st percentile recall: 0.84
Median search time: 8943 ms
Search times: 8431 ms, 8943 ms, 9083 ms,
tiny5m-384-euclidean experiment results:
statisc_length, time, avg_recall, 5th_percentile_recall, 1st_percentile_recall, recall_above_99, recall_above_95, recall_above_90
1025, 8943, 0.9707, 0.9, 0.84, 494, 758, 943
Experiment finished


Dataset: msmarco
Metric: cd
Normalize the data vectors
Data vectors dimensions: 8841823 x 1536
Query vectors dimensions: 6980 x 1536
Neighbors dimensions: 6980 x 1000
Using AVX Inner Product distance
Index loaded
Dimension of space:1536
Data size of space:6144

--- Gamma: 8 ---

Loading samplings from /opt/nfs_dcc/experiments/shiro-ef/sampling/msmarco-samplings--k1000-ef.bin
Samplings loaded from /opt/nfs_dcc/experiments/shiro-ef/sampling/msmarco-samplings--k1000-ef.bin
Average Recall: 0.955378
Initial average recall with ef=1000: 0.955447
Average Recall: 0.974453
Initial average recall with ef=1500: 0.974515
Weighted average ef: 1344.14
Training convergence-bucket 0 [20.2353, 50.3769) with 200 queries.
Average Recall: 0.8734
Initial average recall with ef=1000: 0.868204
Average Recall: 0.91826
Initial average recall with ef=1500: 0.915215
Weighted average ef: 2329.99
Training convergence-bucket 1 [50.3769, 55.1149) with 200 queries.
Average Recall: 0.89433
Initial average recall with ef=1000: 0.89145
Average Recall: 0.935475
Initial average recall with ef=1500: 0.933744
Weighted average ef: 1938.42
Training convergence-bucket 2 [55.1149, 62.5875) with 200 queries.
Average Recall: 0.922515
Initial average recall with ef=1000: 0.918914
Average Recall: 0.95403
Initial average recall with ef=1500: 0.951699
Weighted average ef: 1607.5
Training convergence-bucket 3 [62.5875, 69.634) with 200 queries.
Average Recall: 0.96046
Initial average recall with ef=1000: 0.958795
Average Recall: 0.979925
Initial average recall with ef=1500: 0.979169
Weighted average ef: 992.5
Training convergence-bucket 4 [69.634, 73.8054) with 200 queries.
Average Recall: 0.97199
Initial average recall with ef=1000: 0.970918
Average Recall: 0.986295
Initial average recall with ef=1500: 0.985652
Weighted average ef: 975
Training convergence-bucket 5 [73.8054, 76.4038) with 200 queries.
Average Recall: 0.97794
Initial average recall with ef=1000: 0.977801
Average Recall: 0.989654
Initial average recall with ef=1500: 0.989636
Weighted average ef: 907.5
Training convergence-bucket 6 [76.4038, 78.9245) with 200 queries.
Average Recall: 0.983755
Initial average recall with ef=1000: 0.983513
Average Recall: 0.992914
Initial average recall with ef=1500: 0.992829
Weighted average ef: 942.5
Training convergence-bucket 7 [78.9245, 80.9136) with 200 queries.
Average Recall: 0.9875
Initial average recall with ef=1000: 0.989201
Average Recall: 0.994504
Initial average recall with ef=1500: 0.995603
Weighted average ef: 920
Training convergence-bucket 8 [80.9136, 82.9511) with 200 queries.
Average Recall: 0.98821
Initial average recall with ef=1000: 0.989555
Average Recall: 0.99535
Initial average recall with ef=1500: 0.996038
Weighted average ef: 917.5
Training convergence-bucket 9 [82.9511, inf) with 200 queries.
Average Recall: 0.993675
Initial average recall with ef=1000: 0.994735
Average Recall: 0.998105
Initial average recall with ef=1500: 0.998661
Weighted average ef: 885
Reconstructed True WAE: 1098.15 (Hard Pct: 0.02575)
****Weighted average ef: 1098
Search time: 89170 ms
Search time: 139465 ms
Search time: 151849 ms
Average Recall: 0.966463
5th percentile recall: 0.881
1st percentile recall: 0.817
Median search time: 139465 ms
Search times: 89170 ms, 139465 ms, 151849 ms,
msmarco experiment results:
statisc_length, time, avg_recall, 5th_percentile_recall, 1st_percentile_recall, recall_above_99, recall_above_95, recall_above_90
1025, 139465, 0.966463, 0.881, 0.817, 2488, 5394, 6442
Experiment finished

--- Gamma: 12 ---

Loading samplings from /opt/nfs_dcc/experiments/shiro-ef/sampling/msmarco-samplings--k1000-ef.bin
Samplings loaded from /opt/nfs_dcc/experiments/shiro-ef/sampling/msmarco-samplings--k1000-ef.bin
Average Recall: 0.955378
Initial average recall with ef=1000: 0.955447
Average Recall: 0.974453
Initial average recall with ef=1500: 0.974515
Weighted average ef: 1344.14
Training convergence-bucket 0 [19.2318, 58.2438) with 200 queries.
Average Recall: 0.874515
Initial average recall with ef=1000: 0.867872
Average Recall: 0.918875
Initial average recall with ef=1500: 0.914822
Weighted average ef: 2360.63
Training convergence-bucket 1 [58.2438, 62.8149) with 200 queries.
Average Recall: 0.89819
Initial average recall with ef=1000: 0.895935
Average Recall: 0.93833
Initial average recall with ef=1500: 0.93693
Weighted average ef: 1993.05
Training convergence-bucket 2 [62.8149, 68.6883) with 200 queries.
Average Recall: 0.91965
Initial average recall with ef=1000: 0.912972
Average Recall: 0.95167
Initial average recall with ef=1500: 0.947394
Weighted average ef: 1657.5
Training convergence-bucket 3 [68.6883, 74.4855) with 200 queries.
Average Recall: 0.960615
Initial average recall with ef=1000: 0.959193
Average Recall: 0.9801
Initial average recall with ef=1500: 0.979544
Weighted average ef: 1007.5
Training convergence-bucket 4 [74.4855, 77.6447) with 200 queries.
Average Recall: 0.970939
Initial average recall with ef=1000: 0.969285
Average Recall: 0.985634
Initial average recall with ef=1500: 0.984645
Weighted average ef: 935
Training convergence-bucket 5 [77.6447, 79.5736) with 200 queries.
Average Recall: 0.97774
Initial average recall with ef=1000: 0.977437
Average Recall: 0.98963
Initial average recall with ef=1500: 0.989215
Weighted average ef: 860
Training convergence-bucket 6 [79.5736, 81.3105) with 200 queries.
Average Recall: 0.983585
Initial average recall with ef=1000: 0.983953
Average Recall: 0.99276
Initial average recall with ef=1500: 0.992895
Weighted average ef: 855
Training convergence-bucket 7 [81.3105, 82.9138) with 200 queries.
Average Recall: 0.988055
Initial average recall with ef=1000: 0.988503
Average Recall: 0.995169
Initial average recall with ef=1500: 0.995414
Weighted average ef: 915
Training convergence-bucket 8 [82.9138, 84.7095) with 200 queries.
Average Recall: 0.98707
Initial average recall with ef=1000: 0.989314
Average Recall: 0.9944
Initial average recall with ef=1500: 0.995852
Weighted average ef: 875
Training convergence-bucket 9 [84.7095, inf) with 200 queries.
Average Recall: 0.993415
Initial average recall with ef=1000: 0.994253
Average Recall: 0.997945
Initial average recall with ef=1500: 0.998281
Weighted average ef: 890
Reconstructed True WAE: 1108.77 (Hard Pct: 0.02575)
****Weighted average ef: 1108
Search time: 155790 ms
Search time: 156361 ms
Search time: 155737 ms
Average Recall: 0.967171
5th percentile recall: 0.882
1st percentile recall: 0.816
Median search time: 155790 ms
Search times: 155737 ms, 155790 ms, 156361 ms,
msmarco experiment results:
statisc_length, time, avg_recall, 5th_percentile_recall, 1st_percentile_recall, recall_above_99, recall_above_95, recall_above_90
1025, 155790, 0.967171, 0.882, 0.816, 2567, 5416, 6463
Experiment finished

--- Gamma: 16 ---

Loading samplings from /opt/nfs_dcc/experiments/shiro-ef/sampling/msmarco-samplings--k1000-ef.bin
Samplings loaded from /opt/nfs_dcc/experiments/shiro-ef/sampling/msmarco-samplings--k1000-ef.bin
Average Recall: 0.955378
Initial average recall with ef=1000: 0.955447
Average Recall: 0.974453
Initial average recall with ef=1500: 0.974515
Weighted average ef: 1344.14
Training convergence-bucket 0 [15.6546, 63.5707) with 200 queries.
Average Recall: 0.87611
Initial average recall with ef=1000: 0.86955
Average Recall: 0.919925
Initial average recall with ef=1500: 0.915967
Weighted average ef: 2327.73
Training convergence-bucket 1 [63.5707, 67.9914) with 200 queries.
Average Recall: 0.902565
Initial average recall with ef=1000: 0.898478
Average Recall: 0.94102
Initial average recall with ef=1500: 0.938363
Weighted average ef: 1785.86
Training convergence-bucket 2 [67.9914, 72.3639) with 200 queries.
Average Recall: 0.91658
Initial average recall with ef=1000: 0.91073
Average Recall: 0.950375
Initial average recall with ef=1500: 0.946641
Weighted average ef: 1660
Training convergence-bucket 3 [72.3639, 77.0672) with 200 queries.
Average Recall: 0.960025
Initial average recall with ef=1000: 0.957647
Average Recall: 0.978975
Initial average recall with ef=1500: 0.97778
Weighted average ef: 1027.5
Training convergence-bucket 4 [77.0672, 79.4942) with 200 queries.
Average Recall: 0.970445
Initial average recall with ef=1000: 0.968199
Average Recall: 0.98521
Initial average recall with ef=1500: 0.98405
Weighted average ef: 890.125
Training convergence-bucket 5 [79.4942, 81.2279) with 200 queries.
Average Recall: 0.978804
Initial average recall with ef=1000: 0.978175
Average Recall: 0.990245
Initial average recall with ef=1500: 0.989913
Weighted average ef: 883.64
Training convergence-bucket 6 [81.2279, 82.5075) with 200 queries.
Average Recall: 0.983725
Initial average recall with ef=1000: 0.984771
Average Recall: 0.993045
Initial average recall with ef=1500: 0.993577
Weighted average ef: 890
Training convergence-bucket 7 [82.5075, 84.0361) with 200 queries.
Average Recall: 0.98526
Initial average recall with ef=1000: 0.987108
Average Recall: 0.993505
Initial average recall with ef=1500: 0.994557
Weighted average ef: 850
Training convergence-bucket 8 [84.0361, 85.6139) with 200 queries.
Average Recall: 0.988265
Initial average recall with ef=1000: 0.991218
Average Recall: 0.995119
Initial average recall with ef=1500: 0.996976
Weighted average ef: 825
Training convergence-bucket 9 [85.6139, inf) with 200 queries.
Average Recall: 0.991995
Initial average recall with ef=1000: 0.992646
Average Recall: 0.997094
Initial average recall with ef=1500: 0.997414
Weighted average ef: 905
Reconstructed True WAE: 1100.46 (Hard Pct: 0.02575)
****Weighted average ef: 1100
Search time: 154275 ms
Search time: 155374 ms
Search time: 154963 ms
Average Recall: 0.966811
5th percentile recall: 0.881
1st percentile recall: 0.816
Median search time: 154963 ms
Search times: 154275 ms, 154963 ms, 155374 ms,
msmarco experiment results:
statisc_length, time, avg_recall, 5th_percentile_recall, 1st_percentile_recall, recall_above_99, recall_above_95, recall_above_90
1025, 154963, 0.966811, 0.881, 0.816, 2537, 5393, 6464
Experiment finished

--- Gamma: 24 ---

Loading samplings from /opt/nfs_dcc/experiments/shiro-ef/sampling/msmarco-samplings--k1000-ef.bin
Samplings loaded from /opt/nfs_dcc/experiments/shiro-ef/sampling/msmarco-samplings--k1000-ef.bin
Average Recall: 0.955378
Initial average recall with ef=1000: 0.955447
Average Recall: 0.974453
Initial average recall with ef=1500: 0.974515
Weighted average ef: 1344.14
Training convergence-bucket 0 [11.0453, 69.4797) with 200 queries.
Average Recall: 0.883
Initial average recall with ef=1000: 0.874526
Average Recall: 0.92447
Initial average recall with ef=1500: 0.918931
Weighted average ef: 2216.6
Training convergence-bucket 1 [69.4797, 74.1321) with 200 queries.
Average Recall: 0.906825
Initial average recall with ef=1000: 0.900644
Average Recall: 0.942975
Initial average recall with ef=1500: 0.938925
Weighted average ef: 1629.46
Training convergence-bucket 2 [74.1321, 77.1363) with 200 queries.
Average Recall: 0.92347
Initial average recall with ef=1000: 0.916518
Average Recall: 0.95563
Initial average recall with ef=1500: 0.951229
Weighted average ef: 1482.5
Training convergence-bucket 3 [77.1363, 79.574) with 200 queries.
Average Recall: 0.94996
Initial average recall with ef=1000: 0.944422
Average Recall: 0.971579
Initial average recall with ef=1500: 0.968175
Weighted average ef: 1185.74
Training convergence-bucket 4 [79.574, 81.486) with 200 queries.
Average Recall: 0.97224
Initial average recall with ef=1000: 0.972711
Average Recall: 0.98646
Initial average recall with ef=1500: 0.986904
Weighted average ef: 865
Training convergence-bucket 5 [81.486, 82.7133) with 200 queries.
Average Recall: 0.97526
Initial average recall with ef=1000: 0.978389
Average Recall: 0.98797
Initial average recall with ef=1500: 0.990057
Weighted average ef: 807.5
Training convergence-bucket 6 [82.7133, 83.9154) with 200 queries.
Average Recall: 0.98185
Initial average recall with ef=1000: 0.981491
Average Recall: 0.99202
Initial average recall with ef=1500: 0.991711
Weighted average ef: 840
Training convergence-bucket 7 [83.9154, 85.2322) with 200 queries.
Average Recall: 0.984359
Initial average recall with ef=1000: 0.98659
Average Recall: 0.993275
Initial average recall with ef=1500: 0.9945
Weighted average ef: 838.04
Training convergence-bucket 8 [85.2322, 86.6854) with 200 queries.
Average Recall: 0.987865
Initial average recall with ef=1000: 0.989182
Average Recall: 0.994555
Initial average recall with ef=1500: 0.995647
Weighted average ef: 867.5
Training convergence-bucket 9 [86.6854, inf) with 200 queries.
Average Recall: 0.988945
Initial average recall with ef=1000: 0.991594
Average Recall: 0.995579
Initial average recall with ef=1500: 0.996873
Weighted average ef: 825
Reconstructed True WAE: 1097.53 (Hard Pct: 0.02575)
****Weighted average ef: 1097
Search time: 152707 ms
Search time: 153327 ms
Search time: 153441 ms
Average Recall: 0.966511
5th percentile recall: 0.882
1st percentile recall: 0.816
Median search time: 153327 ms
Search times: 152707 ms, 153327 ms, 153441 ms,
msmarco experiment results:
statisc_length, time, avg_recall, 5th_percentile_recall, 1st_percentile_recall, recall_above_99, recall_above_95, recall_above_90
1025, 153327, 0.966511, 0.882, 0.816, 2522, 5364, 6443
Experiment finished

--- Gamma: 32 ---

Loading samplings from /opt/nfs_dcc/experiments/shiro-ef/sampling/msmarco-samplings--k1000-ef.bin
Samplings loaded from /opt/nfs_dcc/experiments/shiro-ef/sampling/msmarco-samplings--k1000-ef.bin
Average Recall: 0.955378
Initial average recall with ef=1000: 0.955447
Average Recall: 0.974453
Initial average recall with ef=1500: 0.974515
Weighted average ef: 1344.14
Training convergence-bucket 0 [8.6107, 73.1525) with 200 queries.
Average Recall: 0.889675
Initial average recall with ef=1000: 0.878858
Average Recall: 0.92925
Initial average recall with ef=1500: 0.922118
Weighted average ef: 2023.69
Training convergence-bucket 1 [73.1525, 77.3483) with 200 queries.
Average Recall: 0.91797
Initial average recall with ef=1000: 0.909407
Average Recall: 0.950555
Initial average recall with ef=1500: 0.944846
Weighted average ef: 1485.51
Training convergence-bucket 2 [77.3483, 79.729) with 200 queries.
Average Recall: 0.937825
Initial average recall with ef=1000: 0.929669
Average Recall: 0.96342
Initial average recall with ef=1500: 0.958471
Weighted average ef: 1272.5
Training convergence-bucket 3 [79.729, 81.1995) with 200 queries.
Average Recall: 0.95148
Initial average recall with ef=1000: 0.946006
Average Recall: 0.973435
Initial average recall with ef=1500: 0.970172
Weighted average ef: 1150
Training convergence-bucket 4 [81.1995, 82.4919) with 200 queries.
Average Recall: 0.96022
Initial average recall with ef=1000: 0.960923
Average Recall: 0.978395
Initial average recall with ef=1500: 0.978806
Weighted average ef: 1035
Training convergence-bucket 5 [82.4919, 83.6924) with 200 queries.
Average Recall: 0.96988
Initial average recall with ef=1000: 0.971767
Average Recall: 0.98384
Initial average recall with ef=1500: 0.985516
Weighted average ef: 902.98
Training convergence-bucket 6 [83.6924, 84.804) with 200 queries.
Average Recall: 0.976075
Initial average recall with ef=1000: 0.977727
Average Recall: 0.9882
Initial average recall with ef=1500: 0.98934
Weighted average ef: 802.5
Training convergence-bucket 7 [84.804, 86.0347) with 200 queries.
Average Recall: 0.981715
Initial average recall with ef=1000: 0.986409
Average Recall: 0.991574
Initial average recall with ef=1500: 0.994227
Weighted average ef: 778.26
Training convergence-bucket 8 [86.0347, 87.7332) with 200 queries.
Average Recall: 0.98232
Initial average recall with ef=1000: 0.98572
Average Recall: 0.99167
Initial average recall with ef=1500: 0.993902
Weighted average ef: 840
Training convergence-bucket 9 [87.7332, inf) with 200 queries.
Average Recall: 0.986615
Initial average recall with ef=1000: 0.988768
Average Recall: 0.994175
Initial average recall with ef=1500: 0.99543
Weighted average ef: 885
Reconstructed True WAE: 1102.58 (Hard Pct: 0.02575)
****Weighted average ef: 1102
Search time: 156722 ms
Search time: 156770 ms
Search time: 157398 ms
Average Recall: 0.967901
5th percentile recall: 0.884
1st percentile recall: 0.824
Median search time: 156770 ms
Search times: 156722 ms, 156770 ms, 157398 ms,
msmarco experiment results:
statisc_length, time, avg_recall, 5th_percentile_recall, 1st_percentile_recall, recall_above_99, recall_above_95, recall_above_90
1025, 156770, 0.967901, 0.884, 0.824, 2630, 5453, 6484
Experiment finished


Dataset: cluster_mg_uniform_100d
Metric: cd
Normalize the data vectors
Data vectors dimensions: 10000000 x 100
Query vectors dimensions: 10000 x 100
Neighbors dimensions: 10000 x 1000
Using AVX Inner Product distance
Index loaded
Dimension of space:100
Data size of space:400

--- Gamma: 8 ---

Loading samplings from /opt/nfs_dcc/experiments/shiro-ef/sampling/cluster_mg_uniform_100d-samplings--k1000-ef.bin
Samplings loaded from /opt/nfs_dcc/experiments/shiro-ef/sampling/cluster_mg_uniform_100d-samplings--k1000-ef.bin
Average Recall: 0.998367
Initial average recall with ef=1000: 0.996849
Average Recall: 0.998591
Initial average recall with ef=1500: 0.998095
Weighted average ef: 990
Training convergence-bucket 0 [5.67119, 43.2002) with 200 queries.
Average Recall: 0.997784
Initial average recall with ef=1000: 0.992342
Average Recall: 0.99801
Initial average recall with ef=1500: 0.997978
Weighted average ef: 920
Training convergence-bucket 1 [43.2002, 54.3066) with 200 queries.
Average Recall: 0.997939
Initial average recall with ef=1000: 0.987388
Average Recall: 0.998145
Initial average recall with ef=1500: 0.992904
Weighted average ef: 940
Training convergence-bucket 2 [54.3066, 59.0797) with 200 queries.
Average Recall: 0.998474
Initial average recall with ef=1000: 0.99855
Average Recall: 0.998689
Initial average recall with ef=1500: 0.998783
Weighted average ef: 900
Training convergence-bucket 3 [59.0797, 61.2488) with 200 queries.
Average Recall: 0.998409
Initial average recall with ef=1000: 0.99845
Average Recall: 0.998649
Initial average recall with ef=1500: 0.998685
Weighted average ef: 955
Training convergence-bucket 4 [61.2488, 62.7039) with 200 queries.
Average Recall: 0.998549
Initial average recall with ef=1000: 0.998548
Average Recall: 0.998749
Initial average recall with ef=1500: 0.998748
Weighted average ef: 975
Training convergence-bucket 5 [62.7039, 63.9092) with 200 queries.
Average Recall: 0.998404
Initial average recall with ef=1000: 0.998417
Average Recall: 0.998639
Initial average recall with ef=1500: 0.998659
Weighted average ef: 970
Training convergence-bucket 6 [63.9092, 64.9655) with 200 queries.
Average Recall: 0.998529
Initial average recall with ef=1000: 0.998588
Average Recall: 0.998775
Initial average recall with ef=1500: 0.998832
Weighted average ef: 985
Training convergence-bucket 7 [64.9655, 66.2841) with 200 queries.
Average Recall: 0.998649
Initial average recall with ef=1000: 0.998644
Average Recall: 0.998874
Initial average recall with ef=1500: 0.998873
Weighted average ef: 985
Training convergence-bucket 8 [66.2841, 68.0322) with 200 queries.
Average Recall: 0.99836
Initial average recall with ef=1000: 0.99834
Average Recall: 0.998535
Initial average recall with ef=1500: 0.998518
Weighted average ef: 985
Training convergence-bucket 9 [68.0322, inf) with 200 queries.
Average Recall: 0.998519
Initial average recall with ef=1000: 0.99852
Average Recall: 0.9988
Initial average recall with ef=1500: 0.998798
Weighted average ef: 990
Reconstructed True WAE: 1000 (Hard Pct: 0.00905)
****Weighted average ef: 1000
Search time: 14815 ms
Search time: 15604 ms
Search time: 15088 ms
Average Recall: 0.996558
5th percentile recall: 0.994
1st percentile recall: 0.988
Median search time: 15088 ms
Search times: 14815 ms, 15088 ms, 15604 ms,
cluster_mg_uniform_100d experiment results:
statisc_length, time, avg_recall, 5th_percentile_recall, 1st_percentile_recall, recall_above_99, recall_above_95, recall_above_90
1025, 15088, 0.996558, 0.994, 0.988, 9867, 9981, 9981
Experiment finished

--- Gamma: 12 ---

Loading samplings from /opt/nfs_dcc/experiments/shiro-ef/sampling/cluster_mg_uniform_100d-samplings--k1000-ef.bin
Samplings loaded from /opt/nfs_dcc/experiments/shiro-ef/sampling/cluster_mg_uniform_100d-samplings--k1000-ef.bin
Average Recall: 0.998367
Initial average recall with ef=1000: 0.996849
Average Recall: 0.998591
Initial average recall with ef=1500: 0.998095
Weighted average ef: 990
Training convergence-bucket 0 [3.2733, 46.3221) with 200 queries.
Average Recall: 0.997678
Initial average recall with ef=1000: 0.992208
Average Recall: 0.99792
Initial average recall with ef=1500: 0.99788
Weighted average ef: 915
Training convergence-bucket 1 [46.3221, 58.1429) with 200 queries.
Average Recall: 0.998131
Initial average recall with ef=1000: 0.987645
Average Recall: 0.998336
Initial average recall with ef=1500: 0.993143
Weighted average ef: 945
Training convergence-bucket 2 [58.1429, 63.4005) with 200 queries.
Average Recall: 0.998309
Initial average recall with ef=1000: 0.998429
Average Recall: 0.998555
Initial average recall with ef=1500: 0.998695
Weighted average ef: 920
Training convergence-bucket 3 [63.4005, 65.6682) with 200 queries.
Average Recall: 0.998444
Initial average recall with ef=1000: 0.99845
Average Recall: 0.99866
Initial average recall with ef=1500: 0.998668
Weighted average ef: 965
Training convergence-bucket 4 [65.6682, 67.4349) with 200 queries.
Average Recall: 0.998599
Initial average recall with ef=1000: 0.998668
Average Recall: 0.9988
Initial average recall with ef=1500: 0.998872
Weighted average ef: 980
Training convergence-bucket 5 [67.4349, 68.8189) with 200 queries.
Average Recall: 0.998389
Initial average recall with ef=1000: 0.998369
Average Recall: 0.99862
Initial average recall with ef=1500: 0.998604
Weighted average ef: 960
Training convergence-bucket 6 [68.8189, 70.0904) with 200 queries.
Average Recall: 0.998744
Initial average recall with ef=1000: 0.998735
Average Recall: 0.998995
Initial average recall with ef=1500: 0.998989
Weighted average ef: 985
Training convergence-bucket 7 [70.0904, 71.4857) with 200 queries.
Average Recall: 0.998335
Initial average recall with ef=1000: 0.998323
Average Recall: 0.998505
Initial average recall with ef=1500: 0.998495
Weighted average ef: 990
Training convergence-bucket 8 [71.4857, 73.4092) with 200 queries.
Average Recall: 0.99842
Initial average recall with ef=1000: 0.998464
Average Recall: 0.998655
Initial average recall with ef=1500: 0.998694
Weighted average ef: 980
Training convergence-bucket 9 [73.4092, inf) with 200 queries.
Average Recall: 0.998569
Initial average recall with ef=1000: 0.99857
Average Recall: 0.998825
Initial average recall with ef=1500: 0.998825
Weighted average ef: 1000
Reconstructed True WAE: 1000 (Hard Pct: 0.00905)
****Weighted average ef: 1000
Search time: 14890 ms
Search time: 15600 ms
Search time: 15093 ms
Average Recall: 0.996558
5th percentile recall: 0.994
1st percentile recall: 0.988
Median search time: 15093 ms
Search times: 14890 ms, 15093 ms, 15600 ms,
cluster_mg_uniform_100d experiment results:
statisc_length, time, avg_recall, 5th_percentile_recall, 1st_percentile_recall, recall_above_99, recall_above_95, recall_above_90
1025, 15093, 0.996558, 0.994, 0.988, 9867, 9981, 9981
Experiment finished

--- Gamma: 16 ---

Loading samplings from /opt/nfs_dcc/experiments/shiro-ef/sampling/cluster_mg_uniform_100d-samplings--k1000-ef.bin
Samplings loaded from /opt/nfs_dcc/experiments/shiro-ef/sampling/cluster_mg_uniform_100d-samplings--k1000-ef.bin
Average Recall: 0.998367
Initial average recall with ef=1000: 0.996849
Average Recall: 0.998591
Initial average recall with ef=1500: 0.998095
Weighted average ef: 990
Training convergence-bucket 0 [2.22667, 47.5749) with 200 queries.
Average Recall: 0.997708
Initial average recall with ef=1000: 0.992367
Average Recall: 0.99795
Initial average recall with ef=1500: 0.997926
Weighted average ef: 965
Training convergence-bucket 1 [47.5749, 60.818) with 200 queries.
Average Recall: 0.998161
Initial average recall with ef=1000: 0.987583
Average Recall: 0.998356
Initial average recall with ef=1500: 0.993096
Weighted average ef: 935
Training convergence-bucket 2 [60.818, 66.1304) with 200 queries.
Average Recall: 0.998279
Initial average recall with ef=1000: 0.998382
Average Recall: 0.998494
Initial average recall with ef=1500: 0.998606
Weighted average ef: 915
Training convergence-bucket 3 [66.1304, 68.7345) with 200 queries.
Average Recall: 0.998429
Initial average recall with ef=1000: 0.998393
Average Recall: 0.998705
Initial average recall with ef=1500: 0.998668
Weighted average ef: 965
Training convergence-bucket 4 [68.7345, 70.5302) with 200 queries.
Average Recall: 0.998569
Initial average recall with ef=1000: 0.99861
Average Recall: 0.998765
Initial average recall with ef=1500: 0.99881
Weighted average ef: 975
Training convergence-bucket 5 [70.5302, 72.1778) with 200 queries.
Average Recall: 0.998514
Initial average recall with ef=1000: 0.998489
Average Recall: 0.998744
Initial average recall with ef=1500: 0.998721
Weighted average ef: 970
Training convergence-bucket 6 [72.1778, 73.6189) with 200 queries.
Average Recall: 0.998479
Initial average recall with ef=1000: 0.99853
Average Recall: 0.998709
Initial average recall with ef=1500: 0.998755
Weighted average ef: 980
Training convergence-bucket 7 [73.6189, 75.1356) with 200 queries.
Average Recall: 0.998469
Initial average recall with ef=1000: 0.998474
Average Recall: 0.99868
Initial average recall with ef=1500: 0.998685
Weighted average ef: 970
Training convergence-bucket 8 [75.1356, 77.1445) with 200 queries.
Average Recall: 0.998409
Initial average recall with ef=1000: 0.99841
Average Recall: 0.99864
Initial average recall with ef=1500: 0.99864
Weighted average ef: 1000
Training convergence-bucket 9 [77.1445, inf) with 200 queries.
Average Recall: 0.998599
Initial average recall with ef=1000: 0.998621
Average Recall: 0.998825
Initial average recall with ef=1500: 0.998848
Weighted average ef: 990
Reconstructed True WAE: 1000.91 (Hard Pct: 0.00905)
****Weighted average ef: 1000
Search time: 14974 ms
Search time: 15575 ms
Search time: 15214 ms
Average Recall: 0.996559
5th percentile recall: 0.994
1st percentile recall: 0.988
Median search time: 15214 ms
Search times: 14974 ms, 15214 ms, 15575 ms,
cluster_mg_uniform_100d experiment results:
statisc_length, time, avg_recall, 5th_percentile_recall, 1st_percentile_recall, recall_above_99, recall_above_95, recall_above_90
1025, 15214, 0.996559, 0.994, 0.988, 9867, 9981, 9981
Experiment finished

--- Gamma: 24 ---

Loading samplings from /opt/nfs_dcc/experiments/shiro-ef/sampling/cluster_mg_uniform_100d-samplings--k1000-ef.bin
Samplings loaded from /opt/nfs_dcc/experiments/shiro-ef/sampling/cluster_mg_uniform_100d-samplings--k1000-ef.bin
Average Recall: 0.998367
Initial average recall with ef=1000: 0.996849
Average Recall: 0.998591
Initial average recall with ef=1500: 0.998095
Weighted average ef: 990
Training convergence-bucket 0 [0.883564, 49.0699) with 200 queries.
Average Recall: 0.997748
Initial average recall with ef=1000: 0.99239
Average Recall: 0.997985
Initial average recall with ef=1500: 0.998011
Weighted average ef: 981.02
Training convergence-bucket 1 [49.0699, 64.0135) with 200 queries.
Average Recall: 0.998
Initial average recall with ef=1000: 0.987087
Average Recall: 0.998206
Initial average recall with ef=1500: 0.992727
Weighted average ef: 915
Training convergence-bucket 2 [64.0135, 69.7174) with 200 queries.
Average Recall: 0.99849
Initial average recall with ef=1000: 0.998502
Average Recall: 0.998684
Initial average recall with ef=1500: 0.998698
Weighted average ef: 945
Training convergence-bucket 3 [69.7174, 72.7034) with 200 queries.
Average Recall: 0.998454
Initial average recall with ef=1000: 0.998425
Average Recall: 0.998749
Initial average recall with ef=1500: 0.998723
Weighted average ef: 975
Training convergence-bucket 4 [72.7034, 74.9197) with 200 queries.
Average Recall: 0.998544
Initial average recall with ef=1000: 0.998574
Average Recall: 0.998724
Initial average recall with ef=1500: 0.998761
Weighted average ef: 965
Training convergence-bucket 5 [74.9197, 76.806) with 200 queries.
Average Recall: 0.998449
Initial average recall with ef=1000: 0.998497
Average Recall: 0.998694
Initial average recall with ef=1500: 0.99874
Weighted average ef: 965
Training convergence-bucket 6 [76.806, 78.5164) with 200 queries.
Average Recall: 0.998519
Initial average recall with ef=1000: 0.998494
Average Recall: 0.99873
Initial average recall with ef=1500: 0.998709
Weighted average ef: 980
Training convergence-bucket 7 [78.5164, 80.1881) with 200 queries.
Average Recall: 0.998404
Initial average recall with ef=1000: 0.998392
Average Recall: 0.998644
Initial average recall with ef=1500: 0.998637
Weighted average ef: 980
Training convergence-bucket 8 [80.1881, 82.1434) with 200 queries.
Average Recall: 0.998229
Initial average recall with ef=1000: 0.99823
Average Recall: 0.99844
Initial average recall with ef=1500: 0.99844
Weighted average ef: 1000
Training convergence-bucket 9 [82.1434, inf) with 200 queries.
Average Recall: 0.998779
Initial average recall with ef=1000: 0.998803
Average Recall: 0.99901
Initial average recall with ef=1500: 0.999035
Weighted average ef: 990
Reconstructed True WAE: 1000.93 (Hard Pct: 0.00905)
****Weighted average ef: 1000
Search time: 15080 ms
Search time: 15466 ms
Search time: 15447 ms
Average Recall: 0.996659
5th percentile recall: 0.994
1st percentile recall: 0.988
Median search time: 15447 ms
Search times: 15080 ms, 15447 ms, 15466 ms,
cluster_mg_uniform_100d experiment results:
statisc_length, time, avg_recall, 5th_percentile_recall, 1st_percentile_recall, recall_above_99, recall_above_95, recall_above_90
1025, 15447, 0.996659, 0.994, 0.988, 9868, 9982, 9982
Experiment finished

--- Gamma: 32 ---

Loading samplings from /opt/nfs_dcc/experiments/shiro-ef/sampling/cluster_mg_uniform_100d-samplings--k1000-ef.bin
Samplings loaded from /opt/nfs_dcc/experiments/shiro-ef/sampling/cluster_mg_uniform_100d-samplings--k1000-ef.bin
Average Recall: 0.998367
Initial average recall with ef=1000: 0.996849
Average Recall: 0.998591
Initial average recall with ef=1500: 0.998095
Weighted average ef: 990
Training convergence-bucket 0 [0.25443, 50.0409) with 200 queries.
Average Recall: 0.997588
Initial average recall with ef=1000: 0.992208
Average Recall: 0.997835
Initial average recall with ef=1500: 0.99785
Weighted average ef: 973.31
Training convergence-bucket 1 [50.0409, 66.5184) with 200 queries.
Average Recall: 0.998187
Initial average recall with ef=1000: 0.987115
Average Recall: 0.998376
Initial average recall with ef=1500: 0.992802
Weighted average ef: 910
Training convergence-bucket 2 [66.5184, 72.1732) with 200 queries.
Average Recall: 0.998399
Initial average recall with ef=1000: 0.998412
Average Recall: 0.998624
Initial average recall with ef=1500: 0.998639
Weighted average ef: 970
Training convergence-bucket 3 [72.1732, 75.3948) with 200 queries.
Average Recall: 0.998534
Initial average recall with ef=1000: 0.998515
Average Recall: 0.998789
Initial average recall with ef=1500: 0.99877
Weighted average ef: 980
Training convergence-bucket 4 [75.3948, 77.7526) with 200 queries.
Average Recall: 0.99846
Initial average recall with ef=1000: 0.998518
Average Recall: 0.998689
Initial average recall with ef=1500: 0.998748
Weighted average ef: 975
Training convergence-bucket 5 [77.7526, 79.8336) with 200 queries.
Average Recall: 0.998549
Initial average recall with ef=1000: 0.998556
Average Recall: 0.998744
Initial average recall with ef=1500: 0.998757
Weighted average ef: 970
Training convergence-bucket 6 [79.8336, 81.5983) with 200 queries.
Average Recall: 0.998389
Initial average recall with ef=1000: 0.99837
Average Recall: 0.998625
Initial average recall with ef=1500: 0.998609
Weighted average ef: 985
Training convergence-bucket 7 [81.5983, 83.5424) with 200 queries.
Average Recall: 0.998424
Initial average recall with ef=1000: 0.99841
Average Recall: 0.998655
Initial average recall with ef=1500: 0.998625
Weighted average ef: 975
Training convergence-bucket 8 [83.5424, 85.6346) with 200 queries.
Average Recall: 0.998354
Initial average recall with ef=1000: 0.998356
Average Recall: 0.99858
Initial average recall with ef=1500: 0.998583
Weighted average ef: 995
Training convergence-bucket 9 [85.6346, inf) with 200 queries.
Average Recall: 0.998734
Initial average recall with ef=1000: 0.998753
Average Recall: 0.998949
Initial average recall with ef=1500: 0.998969
Weighted average ef: 995
Reconstructed True WAE: 1001.02 (Hard Pct: 0.00905)
****Weighted average ef: 1001
Search time: 15146 ms
Search time: 15313 ms
Search time: 15524 ms
Average Recall: 0.996561
5th percentile recall: 0.994
1st percentile recall: 0.988
Median search time: 15313 ms
Search times: 15146 ms, 15313 ms, 15524 ms,
cluster_mg_uniform_100d experiment results:
statisc_length, time, avg_recall, 5th_percentile_recall, 1st_percentile_recall, recall_above_99, recall_above_95, recall_above_90
1025, 15313, 0.996561, 0.994, 0.988, 9867, 9981, 9981
Experiment finished


Dataset: cluster_mg_zipf_100d
Metric: cd
Normalize the data vectors
Data vectors dimensions: 10000000 x 100
Query vectors dimensions: 10000 x 100
Neighbors dimensions: 10000 x 1000
Using AVX Inner Product distance
Index loaded
Dimension of space:100
Data size of space:400

--- Gamma: 8 ---

Loading samplings from /opt/nfs_dcc/experiments/shiro-ef/sampling/cluster_mg_zipf_100d-samplings--k1000-ef.bin
Samplings loaded from /opt/nfs_dcc/experiments/shiro-ef/sampling/cluster_mg_zipf_100d-samplings--k1000-ef.bin
Average Recall: 0.879212
Initial average recall with ef=1000: 0.879127
Average Recall: 0.912826
Initial average recall with ef=1500: 0.912578
Weighted average ef: 2664.91
Training convergence-bucket 0 [8.3845, 28.142) with 200 queries.
Average Recall: 0.689165
Initial average recall with ef=1000: 0.660729
Average Recall: 0.756175
Initial average recall with ef=1500: 0.73326
Weighted average ef: 4145
Training convergence-bucket 1 [28.142, 30.7584) with 200 queries.
Average Recall: 0.69078
Initial average recall with ef=1000: 0.688594
Average Recall: 0.76276
Initial average recall with ef=1500: 0.760615
Weighted average ef: 4565.56
Training convergence-bucket 2 [30.7584, 33.8203) with 200 queries.
Average Recall: 0.754115
Initial average recall with ef=1000: 0.752884
Average Recall: 0.81893
Initial average recall with ef=1500: 0.818025
Weighted average ef: 4399.3
Training convergence-bucket 3 [33.8203, 37.3415) with 200 queries.
Average Recall: 0.84119
Initial average recall with ef=1000: 0.839282
Average Recall: 0.89196
Initial average recall with ef=1500: 0.890667
Weighted average ef: 3269.76
Training convergence-bucket 4 [37.3415, 42.7052) with 200 queries.
Average Recall: 0.92062
Initial average recall with ef=1000: 0.923876
Average Recall: 0.957535
Initial average recall with ef=1500: 0.956655
Weighted average ef: 1638.91
Training convergence-bucket 5 [42.7052, 49.708) with 200 queries.
Average Recall: 0.963594
Initial average recall with ef=1000: 0.973726
Average Recall: 0.97817
Initial average recall with ef=1500: 0.988177
Weighted average ef: 945
Training convergence-bucket 6 [49.708, 59.5361) with 200 queries.
Average Recall: 0.993619
Initial average recall with ef=1000: 0.994026
Average Recall: 0.997285
Initial average recall with ef=1500: 0.997531
Weighted average ef: 970
Training convergence-bucket 7 [59.5361, 68.2877) with 200 queries.
Average Recall: 0.993944
Initial average recall with ef=1000: 0.994763
Average Recall: 0.99625
Initial average recall with ef=1500: 0.996804
Weighted average ef: 970
Training convergence-bucket 8 [68.2877, 77.1915) with 200 queries.
Average Recall: 0.983105
Initial average recall with ef=1000: 0.983515
Average Recall: 0.9904
Initial average recall with ef=1500: 0.990562
Weighted average ef: 970
Training convergence-bucket 9 [77.1915, inf) with 200 queries.
Average Recall: 0.96197
Initial average recall with ef=1000: 0.966603
Average Recall: 0.978775
Initial average recall with ef=1500: 0.983492
Weighted average ef: 995
Reconstructed True WAE: 2374.66 (Hard Pct: 0.0012)
****Weighted average ef: 2374
Search time: 82149 ms
Search time: 82298 ms
Search time: 82231 ms
Average Recall: 0.964841
5th percentile recall: 0.833
1st percentile recall: 0.798
Median search time: 82231 ms
Search times: 82149 ms, 82231 ms, 82298 ms,
cluster_mg_zipf_100d experiment results:
statisc_length, time, avg_recall, 5th_percentile_recall, 1st_percentile_recall, recall_above_99, recall_above_95, recall_above_90
1025, 82231, 0.964841, 0.833, 0.798, 5623, 7670, 8639
Experiment finished

--- Gamma: 12 ---

Loading samplings from /opt/nfs_dcc/experiments/shiro-ef/sampling/cluster_mg_zipf_100d-samplings--k1000-ef.bin
Samplings loaded from /opt/nfs_dcc/experiments/shiro-ef/sampling/cluster_mg_zipf_100d-samplings--k1000-ef.bin
Average Recall: 0.879212
Initial average recall with ef=1000: 0.879127
Average Recall: 0.912826
Initial average recall with ef=1500: 0.912578
Weighted average ef: 2664.91
Training convergence-bucket 0 [5.84972, 33.966) with 200 queries.
Average Recall: 0.707765
Initial average recall with ef=1000: 0.678811
Average Recall: 0.772885
Initial average recall with ef=1500: 0.749617
Weighted average ef: 4112.5
Training convergence-bucket 1 [33.966, 37.2128) with 200 queries.
Average Recall: 0.69999
Initial average recall with ef=1000: 0.696908
Average Recall: 0.76897
Initial average recall with ef=1500: 0.766418
Recall diff is too small for 1 consecutive steps, break.
Weighted average ef: 4761.79
Training convergence-bucket 2 [37.2128, 40.2354) with 200 queries.
Average Recall: 0.749055
Initial average recall with ef=1000: 0.745734
Average Recall: 0.81522
Initial average recall with ef=1500: 0.813026
Weighted average ef: 4305.39
Training convergence-bucket 3 [40.2354, 44.2506) with 200 queries.
Average Recall: 0.842555
Initial average recall with ef=1000: 0.842418
Average Recall: 0.89021
Initial average recall with ef=1500: 0.890242
Weighted average ef: 3510.45
Training convergence-bucket 4 [44.2506, 50.0958) with 200 queries.
Average Recall: 0.906565
Initial average recall with ef=1000: 0.910653
Average Recall: 0.946465
Initial average recall with ef=1500: 0.946063
Weighted average ef: 1775.74
Training convergence-bucket 5 [50.0958, 56.7429) with 200 queries.
Average Recall: 0.955325
Initial average recall with ef=1000: 0.966597
Average Recall: 0.97253
Initial average recall with ef=1500: 0.98323
Weighted average ef: 1095.1
Training convergence-bucket 6 [56.7429, 64.6342) with 200 queries.
Average Recall: 0.99071
Initial average recall with ef=1000: 0.991376
Average Recall: 0.995679
Initial average recall with ef=1500: 0.996258
Weighted average ef: 970
Training convergence-bucket 7 [64.6342, 72.2459) with 200 queries.
Average Recall: 0.993864
Initial average recall with ef=1000: 0.994328
Average Recall: 0.99659
Initial average recall with ef=1500: 0.996698
Weighted average ef: 960
Training convergence-bucket 8 [72.2459, 79.8512) with 200 queries.
Average Recall: 0.984275
Initial average recall with ef=1000: 0.984287
Average Recall: 0.9909
Initial average recall with ef=1500: 0.990949
Weighted average ef: 975
Training convergence-bucket 9 [79.8512, inf) with 200 queries.
Average Recall: 0.962
Initial average recall with ef=1000: 0.966633
Average Recall: 0.97879
Initial average recall with ef=1500: 0.983507
Weighted average ef: 995
Reconstructed True WAE: 2435.1 (Hard Pct: 0.0012)
****Weighted average ef: 2435
Search time: 83058 ms
Search time: 83274 ms
Search time: 83250 ms
Average Recall: 0.964968
5th percentile recall: 0.832
1st percentile recall: 0.797
Median search time: 83250 ms
Search times: 83058 ms, 83250 ms, 83274 ms,
cluster_mg_zipf_100d experiment results:
statisc_length, time, avg_recall, 5th_percentile_recall, 1st_percentile_recall, recall_above_99, recall_above_95, recall_above_90
1025, 83250, 0.964968, 0.832, 0.797, 5723, 7691, 8625
Experiment finished

--- Gamma: 16 ---

Loading samplings from /opt/nfs_dcc/experiments/shiro-ef/sampling/cluster_mg_zipf_100d-samplings--k1000-ef.bin
Samplings loaded from /opt/nfs_dcc/experiments/shiro-ef/sampling/cluster_mg_zipf_100d-samplings--k1000-ef.bin
Average Recall: 0.879212
Initial average recall with ef=1000: 0.879127
Average Recall: 0.912826
Initial average recall with ef=1500: 0.912578
Weighted average ef: 2664.91
Training convergence-bucket 0 [4.83939, 37.5614) with 200 queries.
Average Recall: 0.713685
Initial average recall with ef=1000: 0.689419
Average Recall: 0.777785
Initial average recall with ef=1500: 0.757877
Weighted average ef: 4107.5
Training convergence-bucket 1 [37.5614, 41.2495) with 200 queries.
Average Recall: 0.7142
Initial average recall with ef=1000: 0.708399
Average Recall: 0.78127
Initial average recall with ef=1500: 0.776819
Recall diff is too small for 1 consecutive steps, break.
Weighted average ef: 4638.69
Training convergence-bucket 2 [41.2495, 44.5791) with 200 queries.
Average Recall: 0.761125
Initial average recall with ef=1000: 0.758995
Average Recall: 0.82444
Initial average recall with ef=1500: 0.822813
Weighted average ef: 4372.9
Training convergence-bucket 3 [44.5791, 49.0369) with 200 queries.
Average Recall: 0.833735
Initial average recall with ef=1000: 0.83334
Average Recall: 0.88167
Initial average recall with ef=1500: 0.881421
Weighted average ef: 3635.1
Training convergence-bucket 4 [49.0369, 55.6369) with 200 queries.
Average Recall: 0.897055
Initial average recall with ef=1000: 0.897468
Average Recall: 0.938535
Initial average recall with ef=1500: 0.935202
Weighted average ef: 2053.65
Training convergence-bucket 5 [55.6369, 61.9671) with 200 queries.
Average Recall: 0.9463
Initial average recall with ef=1000: 0.955799
Average Recall: 0.964969
Initial average recall with ef=1500: 0.974825
Weighted average ef: 1280.17
Training convergence-bucket 6 [61.9671, 68.6751) with 200 queries.
Average Recall: 0.985599
Initial average recall with ef=1000: 0.986154
Average Recall: 0.993109
Initial average recall with ef=1500: 0.993416
Weighted average ef: 997.5
Training convergence-bucket 7 [68.6751, 75.1175) with 200 queries.
Average Recall: 0.993634
Initial average recall with ef=1000: 0.99401
Average Recall: 0.996485
Initial average recall with ef=1500: 0.996574
Weighted average ef: 975
Training convergence-bucket 8 [75.1175, 81.6376) with 200 queries.
Average Recall: 0.983665
Initial average recall with ef=1000: 0.983641
Average Recall: 0.99064
Initial average recall with ef=1500: 0.990682
Weighted average ef: 975
Training convergence-bucket 9 [81.6376, inf) with 200 queries.
Average Recall: 0.963105
Initial average recall with ef=1000: 0.967744
Average Recall: 0.979335
Initial average recall with ef=1500: 0.984055
Weighted average ef: 995
Reconstructed True WAE: 2500.15 (Hard Pct: 0.0012)
****Weighted average ef: 2500
Search time: 84435 ms
Search time: 83920 ms
Search time: 84742 ms
Average Recall: 0.965245
5th percentile recall: 0.832
1st percentile recall: 0.797
Median search time: 84435 ms
Search times: 83920 ms, 84435 ms, 84742 ms,
cluster_mg_zipf_100d experiment results:
statisc_length, time, avg_recall, 5th_percentile_recall, 1st_percentile_recall, recall_above_99, recall_above_95, recall_above_90
1025, 84435, 0.965245, 0.832, 0.797, 5802, 7712, 8629
Experiment finished

--- Gamma: 24 ---

Loading samplings from /opt/nfs_dcc/experiments/shiro-ef/sampling/cluster_mg_zipf_100d-samplings--k1000-ef.bin
Samplings loaded from /opt/nfs_dcc/experiments/shiro-ef/sampling/cluster_mg_zipf_100d-samplings--k1000-ef.bin
Average Recall: 0.879212
Initial average recall with ef=1000: 0.879127
Average Recall: 0.912826
Initial average recall with ef=1500: 0.912578
Weighted average ef: 2664.91
Training convergence-bucket 0 [4.58071, 41.7334) with 200 queries.
Average Recall: 0.739715
Initial average recall with ef=1000: 0.713311
Average Recall: 0.79906
Initial average recall with ef=1500: 0.777599
Weighted average ef: 3896.7
Training convergence-bucket 1 [41.7334, 46.0138) with 200 queries.
Average Recall: 0.722305
Initial average recall with ef=1000: 0.715416
Average Recall: 0.788935
Initial average recall with ef=1500: 0.783563
Recall diff is too small for 1 consecutive steps, break.
Recall diff is too small for 1 consecutive steps, break.
Weighted average ef: 4577.61
Training convergence-bucket 2 [46.0138, 50.0986) with 200 queries.
Average Recall: 0.76226
Initial average recall with ef=1000: 0.760239
Average Recall: 0.823305
Initial average recall with ef=1500: 0.821863
Weighted average ef: 4477.79
Training convergence-bucket 3 [50.0986, 55.4949) with 200 queries.
Average Recall: 0.821865
Initial average recall with ef=1000: 0.823084
Average Recall: 0.87108
Initial average recall with ef=1500: 0.872084
Weighted average ef: 3748.03
Training convergence-bucket 4 [55.4949, 62.9635) with 200 queries.
Average Recall: 0.887355
Initial average recall with ef=1000: 0.900658
Average Recall: 0.92781
Initial average recall with ef=1500: 0.936914
Weighted average ef: 1827.08
Training convergence-bucket 5 [62.9635, 68.9869) with 200 queries.
Average Recall: 0.94777
Initial average recall with ef=1000: 0.949918
Average Recall: 0.96792
Initial average recall with ef=1500: 0.969459
Weighted average ef: 1470.71
Training convergence-bucket 6 [68.9869, 74.2017) with 200 queries.
Average Recall: 0.974885
Initial average recall with ef=1000: 0.977083
Average Recall: 0.985874
Initial average recall with ef=1500: 0.987315
Weighted average ef: 1061.12
Training convergence-bucket 7 [74.2017, 79.169) with 200 queries.
Average Recall: 0.9874
Initial average recall with ef=1000: 0.989258
Average Recall: 0.993365
Initial average recall with ef=1500: 0.994526
Weighted average ef: 970
Training convergence-bucket 8 [79.169, 84.3531) with 200 queries.
Average Recall: 0.98273
Initial average recall with ef=1000: 0.982629
Average Recall: 0.9904
Initial average recall with ef=1500: 0.990391
Weighted average ef: 970
Training convergence-bucket 9 [84.3531, inf) with 200 queries.
Average Recall: 0.96582
Initial average recall with ef=1000: 0.970323
Average Recall: 0.98049
Initial average recall with ef=1500: 0.985141
Weighted average ef: 990
Reconstructed True WAE: 2516.28 (Hard Pct: 0.0012)
****Weighted average ef: 2516
Search time: 84537 ms
Search time: 84493 ms
Search time: 84221 ms
Average Recall: 0.964874
5th percentile recall: 0.83
1st percentile recall: 0.793
Median search time: 84493 ms
Search times: 84221 ms, 84493 ms, 84537 ms,
cluster_mg_zipf_100d experiment results:
statisc_length, time, avg_recall, 5th_percentile_recall, 1st_percentile_recall, recall_above_99, recall_above_95, recall_above_90
1025, 84493, 0.964874, 0.83, 0.793, 5828, 7691, 8602
Experiment finished

--- Gamma: 32 ---

Loading samplings from /opt/nfs_dcc/experiments/shiro-ef/sampling/cluster_mg_zipf_100d-samplings--k1000-ef.bin
Samplings loaded from /opt/nfs_dcc/experiments/shiro-ef/sampling/cluster_mg_zipf_100d-samplings--k1000-ef.bin
Average Recall: 0.879212
Initial average recall with ef=1000: 0.879127
Average Recall: 0.912826
Initial average recall with ef=1500: 0.912578
Weighted average ef: 2664.91
Training convergence-bucket 0 [3.32173, 43.7047) with 200 queries.
Average Recall: 0.75433
Initial average recall with ef=1000: 0.733428
Average Recall: 0.81164
Initial average recall with ef=1500: 0.794644
Recall diff is too small for 1 consecutive steps, break.
Weighted average ef: 3886.66
Training convergence-bucket 1 [43.7047, 49.02) with 200 queries.
Average Recall: 0.730465
Initial average recall with ef=1000: 0.723465
Average Recall: 0.794735
Initial average recall with ef=1500: 0.78923
Weighted average ef: 4438.19
Training convergence-bucket 2 [49.02, 53.2928) with 200 queries.
Average Recall: 0.76344
Initial average recall with ef=1000: 0.762382
Average Recall: 0.82388
Initial average recall with ef=1500: 0.823
Weighted average ef: 4325.97
Training convergence-bucket 3 [53.2928, 59.8296) with 200 queries.
Average Recall: 0.815615
Initial average recall with ef=1000: 0.811245
Average Recall: 0.865845
Initial average recall with ef=1500: 0.862344
Weighted average ef: 3955.4
Training convergence-bucket 4 [59.8296, 67.7573) with 200 queries.
Average Recall: 0.88628
Initial average recall with ef=1000: 0.901495
Average Recall: 0.925465
Initial average recall with ef=1500: 0.935935
Weighted average ef: 2004.02
Training convergence-bucket 5 [67.7573, 73.6738) with 200 queries.
Average Recall: 0.94782
Initial average recall with ef=1000: 0.947429
Average Recall: 0.96809
Initial average recall with ef=1500: 0.967668
Weighted average ef: 1491.78
Training convergence-bucket 6 [73.6738, 78.1179) with 200 queries.
Average Recall: 0.966445
Initial average recall with ef=1000: 0.965817
Average Recall: 0.979355
Initial average recall with ef=1500: 0.978939
Weighted average ef: 1262.2
Training convergence-bucket 7 [78.1179, 82.2915) with 200 queries.
Average Recall: 0.98031
Initial average recall with ef=1000: 0.980146
Average Recall: 0.988604
Initial average recall with ef=1500: 0.988495
Weighted average ef: 1074.62
Training convergence-bucket 8 [82.2915, 86.2392) with 200 queries.
Average Recall: 0.975435
Initial average recall with ef=1000: 0.98101
Average Recall: 0.984924
Initial average recall with ef=1500: 0.990238
Weighted average ef: 995
Training convergence-bucket 9 [86.2392, inf) with 200 queries.
Average Recall: 0.971965
Initial average recall with ef=1000: 0.972577
Average Recall: 0.9857
Initial average recall with ef=1500: 0.98619
Weighted average ef: 970
Reconstructed True WAE: 2541.52 (Hard Pct: 0.0012)
****Weighted average ef: 2541
Search time: 84763 ms
Search time: 84845 ms
Search time: 84299 ms
Average Recall: 0.964706
5th percentile recall: 0.828
1st percentile recall: 0.791
Median search time: 84763 ms
Search times: 84299 ms, 84763 ms, 84845 ms,
cluster_mg_zipf_100d experiment results:
statisc_length, time, avg_recall, 5th_percentile_recall, 1st_percentile_recall, recall_above_99, recall_above_95, recall_above_90
1025, 84763, 0.964706, 0.828, 0.791, 5860, 7691, 8587
Experiment finished
Starting ablation study tests: truncation ratio (alpha)...




Dataset: deep-image-96-angular
Metric: cd
Normalize the data vectors
Data vectors dimensions: 9990000 x 96
Query vectors dimensions: 10000 x 96
Neighbors dimensions: 10000 x 100
Using AVX Inner Product distance
Index loaded
Dimension of space:96
Data size of space:384

--- Alpha: 0.25 ---

Loading samplings from /opt/nfs_dcc/experiments/shiro-ef/sampling/deep-image-96-angular-samplings--k100-ef.bin
Samplings loaded from /opt/nfs_dcc/experiments/shiro-ef/sampling/deep-image-96-angular-samplings--k100-ef.bin
Average Recall: 0.832827
Initial average recall with ef=100: 0.833511
Average Recall: 0.881806
Initial average recall with ef=150: 0.882422
Weighted average ef: 388.604
Training convergence-bucket 0 [25.338, 54.0632) with 200 queries.
Average Recall: 0.6331
Initial average recall with ef=100: 0.631475
Average Recall: 0.71825
Initial average recall with ef=150: 0.717432
Weighted average ef: 820.22
Training convergence-bucket 1 [54.0632, 60.5288) with 200 queries.
Average Recall: 0.653
Initial average recall with ef=100: 0.646613
Average Recall: 0.7289
Initial average recall with ef=150: 0.723065
Recall diff is too small for 1 consecutive steps, break.
Weighted average ef: 861.86
Training convergence-bucket 2 [60.5288, 66.4394) with 200 queries.
Average Recall: 0.7203
Initial average recall with ef=100: 0.719263
Average Recall: 0.79195
Initial average recall with ef=150: 0.791526
Recall diff is too small for 1 consecutive steps, break.
Weighted average ef: 672.7
Training convergence-bucket 3 [66.4394, 70.7259) with 200 queries.
Average Recall: 0.82035
Initial average recall with ef=100: 0.818511
Average Recall: 0.88035
Initial average recall with ef=150: 0.879362
Weighted average ef: 308.13
Training convergence-bucket 4 [70.7259, 73.6517) with 200 queries.
Average Recall: 0.84685
Initial average recall with ef=100: 0.847772
Average Recall: 0.89975
Initial average recall with ef=150: 0.901902
Weighted average ef: 264.385
Training convergence-bucket 5 [73.6517, 76.5239) with 200 queries.
Average Recall: 0.8754
Initial average recall with ef=100: 0.877979
Average Recall: 0.92375
Initial average recall with ef=150: 0.926064
Recall diff is too small for 1 consecutive steps, break.
Weighted average ef: 219.465
Training convergence-bucket 6 [76.5239, 78.9058) with 200 queries.
Average Recall: 0.9103
Initial average recall with ef=100: 0.912919
Average Recall: 0.94505
Initial average recall with ef=150: 0.947459
Weighted average ef: 166.9
Training convergence-bucket 7 [78.9058, 81.5418) with 200 queries.
Average Recall: 0.9251
Initial average recall with ef=100: 0.935519
Average Recall: 0.95585
Initial average recall with ef=150: 0.963825
Recall diff is too small for 1 consecutive steps, break.
Weighted average ef: 126.89
Training convergence-bucket 8 [81.5418, 84.7548) with 200 queries.
Average Recall: 0.96445
Initial average recall with ef=100: 0.967553
Average Recall: 0.98305
Initial average recall with ef=150: 0.985213
Weighted average ef: 108
Training convergence-bucket 9 [84.7548, inf) with 200 queries.
Average Recall: 0.97945
Initial average recall with ef=100: 0.980829
Average Recall: 0.9912
Initial average recall with ef=150: 0.991934
Weighted average ef: 92.75
Reconstructed True WAE: 249.11 (Hard Pct: 0.0208)
****Weighted average ef: 249
Search time: 13653 ms
Search time: 13216 ms
Search time: 13316 ms
Average Recall: 0.979755
5th percentile recall: 0.93
1st percentile recall: 0.89
Median search time: 13316 ms
Search times: 13216 ms, 13316 ms, 13653 ms,
deep-image-96-angular experiment results:
statisc_length, time, avg_recall, 5th_percentile_recall, 1st_percentile_recall, recall_above_99, recall_above_95, recall_above_90
1025, 13316, 0.979755, 0.93, 0.89, 5565, 8576, 9826
Experiment finished

--- Alpha: 0.5 ---

Loading samplings from /opt/nfs_dcc/experiments/shiro-ef/sampling/deep-image-96-angular-samplings--k100-ef.bin
Samplings loaded from /opt/nfs_dcc/experiments/shiro-ef/sampling/deep-image-96-angular-samplings--k100-ef.bin
Average Recall: 0.832827
Initial average recall with ef=100: 0.833511
Average Recall: 0.881806
Initial average recall with ef=150: 0.882422
Weighted average ef: 388.604
Training convergence-bucket 0 [26.0075, 43.8954) with 200 queries.
Average Recall: 0.6188
Initial average recall with ef=100: 0.619577
Average Recall: 0.69815
Initial average recall with ef=150: 0.699153
Recall diff is too small for 1 consecutive steps, break.
Weighted average ef: 942.05
Training convergence-bucket 1 [43.8954, 48.0468) with 200 queries.
Average Recall: 0.6381
Initial average recall with ef=100: 0.628895
Average Recall: 0.71965
Initial average recall with ef=150: 0.711713
Recall diff is too small for 1 consecutive steps, break.
Weighted average ef: 863.62
Training convergence-bucket 2 [48.0468, 54.2325) with 200 queries.
Average Recall: 0.721
Initial average recall with ef=100: 0.722033
Average Recall: 0.7971
Initial average recall with ef=150: 0.796593
Recall diff is too small for 1 consecutive steps, break.
Recall diff is too small for 1 consecutive steps, break.
Weighted average ef: 564.53
Training convergence-bucket 3 [54.2325, 58.2147) with 200 queries.
Average Recall: 0.8097
Initial average recall with ef=100: 0.805435
Average Recall: 0.87235
Initial average recall with ef=150: 0.869185
Recall diff is too small for 1 consecutive steps, break.
Weighted average ef: 327.14
Training convergence-bucket 4 [58.2147, 61.9856) with 200 queries.
Average Recall: 0.84295
Initial average recall with ef=100: 0.840924
Average Recall: 0.8986
Initial average recall with ef=150: 0.896793
Weighted average ef: 267.03
Training convergence-bucket 5 [61.9856, 65.8844) with 200 queries.
Average Recall: 0.88385
Initial average recall with ef=100: 0.885323
Average Recall: 0.9313
Initial average recall with ef=150: 0.932365
Recall diff is too small for 1 consecutive steps, break.
Weighted average ef: 196.535
Training convergence-bucket 6 [65.8844, 69.7634) with 200 queries.
Average Recall: 0.9161
Initial average recall with ef=100: 0.919553
Average Recall: 0.95205
Initial average recall with ef=150: 0.955084
Weighted average ef: 150.75
Training convergence-bucket 7 [69.7634, 74.0583) with 200 queries.
Average Recall: 0.95215
Initial average recall with ef=100: 0.952963
Average Recall: 0.97535
Initial average recall with ef=150: 0.976191
Weighted average ef: 115.375
Training convergence-bucket 8 [74.0583, 79.2991) with 200 queries.
Average Recall: 0.96275
Initial average recall with ef=100: 0.96492
Average Recall: 0.98315
Initial average recall with ef=150: 0.985027
Weighted average ef: 104.5
Training convergence-bucket 9 [79.2991, inf) with 200 queries.
Average Recall: 0.9829
Initial average recall with ef=100: 0.984162
Average Recall: 0.9904
Initial average recall with ef=150: 0.990973
Weighted average ef: 93.25
Reconstructed True WAE: 250.605 (Hard Pct: 0.0208)
****Weighted average ef: 250
Search time: 13211 ms
Search time: 13686 ms
Search time: 13546 ms
Average Recall: 0.980564
5th percentile recall: 0.93
1st percentile recall: 0.9
Median search time: 13546 ms
Search times: 13211 ms, 13546 ms, 13686 ms,
deep-image-96-angular experiment results:
statisc_length, time, avg_recall, 5th_percentile_recall, 1st_percentile_recall, recall_above_99, recall_above_95, recall_above_90
1025, 13546, 0.980564, 0.93, 0.9, 5585, 8699, 9859
Experiment finished

--- Alpha: 0.75 ---

Loading samplings from /opt/nfs_dcc/experiments/shiro-ef/sampling/deep-image-96-angular-samplings--k100-ef.bin
Samplings loaded from /opt/nfs_dcc/experiments/shiro-ef/sampling/deep-image-96-angular-samplings--k100-ef.bin
Average Recall: 0.832827
Initial average recall with ef=100: 0.833511
Average Recall: 0.881806
Initial average recall with ef=150: 0.882422
Weighted average ef: 388.604
Training convergence-bucket 0 [24.8667, 37.4017) with 200 queries.
Average Recall: 0.5999
Initial average recall with ef=100: 0.598842
Average Recall: 0.6789
Initial average recall with ef=150: 0.677947
Recall diff is too small for 1 consecutive steps, break.
Weighted average ef: 1027.14
Training convergence-bucket 1 [37.4017, 40.7274) with 200 queries.
Average Recall: 0.6439
Initial average recall with ef=100: 0.635196
Average Recall: 0.72465
Initial average recall with ef=150: 0.718268
Recall diff is too small for 1 consecutive steps, break.
Recall diff is too small for 1 consecutive steps, break.
Recall diff is too small for 1 consecutive steps, break.
Weighted average ef: 835.295
Training convergence-bucket 2 [40.7274, 46.2186) with 200 queries.
Average Recall: 0.7191
Initial average recall with ef=100: 0.724945
Average Recall: 0.7972
Initial average recall with ef=150: 0.801264
Weighted average ef: 533.22
Training convergence-bucket 3 [46.2186, 50.5628) with 200 queries.
Average Recall: 0.81125
Initial average recall with ef=100: 0.809447
Average Recall: 0.8749
Initial average recall with ef=150: 0.873757
Weighted average ef: 313.25
Training convergence-bucket 4 [50.5628, 54.5465) with 200 queries.
Average Recall: 0.84605
Initial average recall with ef=100: 0.843736
Average Recall: 0.9022
Initial average recall with ef=150: 0.900824
Weighted average ef: 243.66
Training convergence-bucket 5 [54.5465, 58.9887) with 200 queries.
Average Recall: 0.8839
Initial average recall with ef=100: 0.886631
Average Recall: 0.93135
Initial average recall with ef=150: 0.933423
Weighted average ef: 191.845
Training convergence-bucket 6 [58.9887, 63.5455) with 200 queries.
Average Recall: 0.9231
Initial average recall with ef=100: 0.92586
Average Recall: 0.95775
Initial average recall with ef=150: 0.960107
Weighted average ef: 145.45
Training convergence-bucket 7 [63.5455, 68.5257) with 200 queries.
Average Recall: 0.955601
Initial average recall with ef=100: 0.956952
Average Recall: 0.9775
Initial average recall with ef=150: 0.978663
Weighted average ef: 110
Training convergence-bucket 8 [68.5257, 75.0415) with 200 queries.
Average Recall: 0.9616
Initial average recall with ef=100: 0.96418
Average Recall: 0.9828
Initial average recall with ef=150: 0.984868
Weighted average ef: 99.5
Training convergence-bucket 9 [75.0415, inf) with 200 queries.
Average Recall: 0.9839
Initial average recall with ef=100: 0.985
Average Recall: 0.99085
Initial average recall with ef=150: 0.991141
Weighted average ef: 92.75
Reconstructed True WAE: 242.765 (Hard Pct: 0.0208)
****Weighted average ef: 242
Search time: 13075 ms
Search time: 12490 ms
Search time: 13057 ms
Average Recall: 0.978265
5th percentile recall: 0.93
1st percentile recall: 0.88
Median search time: 13057 ms
Search times: 12490 ms, 13057 ms, 13075 ms,
deep-image-96-angular experiment results:
statisc_length, time, avg_recall, 5th_percentile_recall, 1st_percentile_recall, recall_above_99, recall_above_95, recall_above_90
1025, 13057, 0.978265, 0.93, 0.88, 5238, 8452, 9800
Experiment finished


Dataset: glove-100-angular
Metric: cd
Normalize the data vectors
Data vectors dimensions: 1183514 x 100
Query vectors dimensions: 10000 x 100
Neighbors dimensions: 10000 x 100
Using AVX Inner Product distance
Index loaded
Dimension of space:100
Data size of space:400

--- Alpha: 0.25 ---

Loading samplings from /opt/nfs_dcc/experiments/shiro-ef/sampling/glove-100-angular-samplings--k100-ef.bin
Samplings loaded from /opt/nfs_dcc/experiments/shiro-ef/sampling/glove-100-angular-samplings--k100-ef.bin
Average Recall: 0.740274
Initial average recall with ef=100: 0.739342
Average Recall: 0.783474
Initial average recall with ef=150: 0.782607
Recall diff is too small for 1 consecutive steps, break.
Recall diff is too small for 1 consecutive steps, break.
Recall diff is too small for 1 consecutive steps, break.
Recall diff is too small for 1 consecutive steps, break.
Weighted average ef: 1445.06
Training convergence-bucket 0 [12.8644, 41.5534) with 200 queries.
Average Recall: 0.46625
Initial average recall with ef=100: 0.448182
Average Recall: 0.5173
Initial average recall with ef=150: 0.499893
Recall diff is too small for 1 consecutive steps, break.
Recall diff is too small for 1 consecutive steps, break.
Recall diff is too small for 1 consecutive steps, break.
Recall diff is too small for 1 consecutive steps, break.
Recall diff is too small for 1 consecutive steps, break.
Weighted average ef: 4101.33
Training convergence-bucket 1 [41.5534, 52.4708) with 200 queries.
Average Recall: 0.507086
Initial average recall with ef=100: 0.502487
Average Recall: 0.565327
Initial average recall with ef=150: 0.561587
Recall diff is too small for 1 consecutive steps, break.
Recall diff is too small for 1 consecutive steps, break.
Recall diff is too small for 1 consecutive steps, break.
Recall diff is too small for 1 consecutive steps, break.
Weighted average ef: 3417.63
Training convergence-bucket 2 [52.4708, 60.3119) with 200 queries.
Average Recall: 0.5781
Initial average recall with ef=100: 0.564389
Average Recall: 0.63625
Initial average recall with ef=150: 0.623611
Recall diff is too small for 1 consecutive steps, break.
Weighted average ef: 2518.55
Training convergence-bucket 3 [60.3119, 65.8898) with 200 queries.
Average Recall: 0.65915
Initial average recall with ef=100: 0.643352
Average Recall: 0.7175
Initial average recall with ef=150: 0.703125
Recall diff is too small for 1 consecutive steps, break.
Weighted average ef: 1778.97
Training convergence-bucket 4 [65.8898, 70.3391) with 200 queries.
Average Recall: 0.7375
Initial average recall with ef=100: 0.720221
Average Recall: 0.78845
Initial average recall with ef=150: 0.773425
Recall diff is too small for 1 consecutive steps, break.
Weighted average ef: 1219.48
Training convergence-bucket 5 [70.3391, 74.0421) with 200 queries.
Average Recall: 0.8081
Initial average recall with ef=100: 0.799489
Average Recall: 0.8545
Initial average recall with ef=150: 0.846761
Recall diff is too small for 1 consecutive steps, break.
Weighted average ef: 661.85
Training convergence-bucket 6 [74.0421, 77.558) with 200 queries.
Average Recall: 0.86205
Initial average recall with ef=100: 0.854045
Average Recall: 0.9013
Initial average recall with ef=150: 0.894438
Recall diff is too small for 1 consecutive steps, break.
Recall diff is too small for 1 consecutive steps, break.
Weighted average ef: 420.245
Training convergence-bucket 7 [77.558, 81.0282) with 200 queries.
Average Recall: 0.8986
Initial average recall with ef=100: 0.901023
Average Recall: 0.92915
Initial average recall with ef=150: 0.932443
Weighted average ef: 257.455
Training convergence-bucket 8 [81.0282, 83.9129) with 200 queries.
Average Recall: 0.93145
Initial average recall with ef=100: 0.937921
Average Recall: 0.9532
Initial average recall with ef=150: 0.960168
Recall diff is too small for 1 consecutive steps, break.
Weighted average ef: 150.65
Training convergence-bucket 9 [83.9129, inf) with 200 queries.
Average Recall: 0.9533
Initial average recall with ef=100: 0.958652
Average Recall: 0.9707
Initial average recall with ef=150: 0.975506
Weighted average ef: 143.36
Reconstructed True WAE: 1340.11 (Hard Pct: 0.0065)
****Weighted average ef: 1340
Search time: 56612 ms
Search time: 56564 ms
Search time: 56575 ms
Average Recall: 0.97782
5th percentile recall: 0.91
1st percentile recall: 0.87
Median search time: 56575 ms
Search times: 56564 ms, 56575 ms, 56612 ms,
glove-100-angular experiment results:
statisc_length, time, avg_recall, 5th_percentile_recall, 1st_percentile_recall, recall_above_99, recall_above_95, recall_above_90
1025, 56575, 0.97782, 0.91, 0.87, 5846, 8058, 9626
Experiment finished

--- Alpha: 0.5 ---

Loading samplings from /opt/nfs_dcc/experiments/shiro-ef/sampling/glove-100-angular-samplings--k100-ef.bin
Samplings loaded from /opt/nfs_dcc/experiments/shiro-ef/sampling/glove-100-angular-samplings--k100-ef.bin
Average Recall: 0.740274
Initial average recall with ef=100: 0.739346
Average Recall: 0.783474
Initial average recall with ef=150: 0.782607
Recall diff is too small for 1 consecutive steps, break.
Recall diff is too small for 1 consecutive steps, break.
Recall diff is too small for 1 consecutive steps, break.
Recall diff is too small for 1 consecutive steps, break.
Weighted average ef: 1445.08
Training convergence-bucket 0 [16.463, 33.7761) with 200 queries.
Average Recall: 0.469
Initial average recall with ef=100: 0.452324
Average Recall: 0.5201
Initial average recall with ef=150: 0.504108
Recall diff is too small for 1 consecutive steps, break.
Recall diff is too small for 1 consecutive steps, break.
Weighted average ef: 4022.88
Training convergence-bucket 1 [33.7761, 41.0899) with 200 queries.
Average Recall: 0.491055
Initial average recall with ef=100: 0.483333
Average Recall: 0.547236
Initial average recall with ef=150: 0.53963
Recall diff is too small for 1 consecutive steps, break.
Recall diff is too small for 1 consecutive steps, break.
Weighted average ef: 3484.56
Training convergence-bucket 2 [41.0899, 46.8379) with 200 queries.
Average Recall: 0.55415
Initial average recall with ef=100: 0.540778
Average Recall: 0.61165
Initial average recall with ef=150: 0.598667
Recall diff is too small for 1 consecutive steps, break.
Recall diff is too small for 1 consecutive steps, break.
Recall diff is too small for 1 consecutive steps, break.
Recall diff is too small for 1 consecutive steps, break.
Weighted average ef: 2774.24
Training convergence-bucket 3 [46.8379, 52.16) with 200 queries.
Average Recall: 0.6619
Initial average recall with ef=100: 0.651167
Average Recall: 0.72235
Initial average recall with ef=150: 0.713222
Weighted average ef: 1690.87
Training convergence-bucket 4 [52.16, 57.5932) with 200 queries.
Average Recall: 0.7206
Initial average recall with ef=100: 0.717778
Average Recall: 0.77625
Initial average recall with ef=150: 0.773055
Recall diff is too small for 1 consecutive steps, break.
Weighted average ef: 1129.4
Training convergence-bucket 5 [57.5932, 62.6179) with 200 queries.
Average Recall: 0.8243
Initial average recall with ef=100: 0.822804
Average Recall: 0.87345
Initial average recall with ef=150: 0.871005
Weighted average ef: 581.99
Training convergence-bucket 6 [62.6179, 67.9612) with 200 queries.
Average Recall: 0.8636
Initial average recall with ef=100: 0.854943
Average Recall: 0.9032
Initial average recall with ef=150: 0.896591
Recall diff is too small for 1 consecutive steps, break.
Weighted average ef: 364.325
Training convergence-bucket 7 [67.9612, 73.0703) with 200 queries.
Average Recall: 0.90545
Initial average recall with ef=100: 0.9125
Average Recall: 0.9339
Initial average recall with ef=150: 0.942439
Weighted average ef: 197.65
Training convergence-bucket 8 [73.0703, 78.3455) with 200 queries.
Average Recall: 0.943601
Initial average recall with ef=100: 0.94267
Average Recall: 0.9657
Initial average recall with ef=150: 0.965079
Weighted average ef: 162.59
Training convergence-bucket 9 [78.3455, inf) with 200 queries.
Average Recall: 0.967851
Initial average recall with ef=100: 0.97095
Average Recall: 0.97975
Initial average recall with ef=150: 0.982905
Weighted average ef: 119.905
Reconstructed True WAE: 1341.46 (Hard Pct: 0.0065)
****Weighted average ef: 1341
Search time: 59987 ms
Search time: 58587 ms
Search time: 57184 ms
Average Recall: 0.977804
5th percentile recall: 0.91
1st percentile recall: 0.87
Median search time: 58587 ms
Search times: 57184 ms, 58587 ms, 59987 ms,
glove-100-angular experiment results:
statisc_length, time, avg_recall, 5th_percentile_recall, 1st_percentile_recall, recall_above_99, recall_above_95, recall_above_90
1025, 58587, 0.977804, 0.91, 0.87, 5863, 8080, 9628
Experiment finished

--- Alpha: 0.75 ---

Loading samplings from /opt/nfs_dcc/experiments/shiro-ef/sampling/glove-100-angular-samplings--k100-ef.bin
Samplings loaded from /opt/nfs_dcc/experiments/shiro-ef/sampling/glove-100-angular-samplings--k100-ef.bin
Average Recall: 0.740274
Initial average recall with ef=100: 0.739301
Average Recall: 0.783474
Initial average recall with ef=150: 0.782607
Recall diff is too small for 1 consecutive steps, break.
Recall diff is too small for 1 consecutive steps, break.
Recall diff is too small for 1 consecutive steps, break.
Recall diff is too small for 1 consecutive steps, break.
Weighted average ef: 1444.88
Training convergence-bucket 0 [15.294, 28.9266) with 200 queries.
Average Recall: 0.47025
Initial average recall with ef=100: 0.456
Average Recall: 0.5229
Initial average recall with ef=150: 0.509895
Recall diff is too small for 1 consecutive steps, break.
Weighted average ef: 3956.76
Training convergence-bucket 1 [28.9266, 34.4518) with 200 queries.
Average Recall: 0.488593
Initial average recall with ef=100: 0.476257
Average Recall: 0.542312
Initial average recall with ef=150: 0.528717
Recall diff is too small for 1 consecutive steps, break.
Recall diff is too small for 1 consecutive steps, break.
Weighted average ef: 3481.41
Training convergence-bucket 2 [34.4518, 39.0897) with 200 queries.
Average Recall: 0.53965
Initial average recall with ef=100: 0.519318
Average Recall: 0.596
Initial average recall with ef=150: 0.575284
Recall diff is too small for 1 consecutive steps, break.
Recall diff is too small for 1 consecutive steps, break.
Recall diff is too small for 1 consecutive steps, break.
Recall diff is too small for 1 consecutive steps, break.
Weighted average ef: 3029.57
Training convergence-bucket 3 [39.0897, 44.3479) with 200 queries.
Average Recall: 0.6629
Initial average recall with ef=100: 0.657273
Average Recall: 0.72355
Initial average recall with ef=150: 0.719773
Weighted average ef: 1541.79
Training convergence-bucket 4 [44.3479, 49.5696) with 200 queries.
Average Recall: 0.72525
Initial average recall with ef=100: 0.726517
Average Recall: 0.7833
Initial average recall with ef=150: 0.784326
Weighted average ef: 978.67
Training convergence-bucket 5 [49.5696, 55.2808) with 200 queries.
Average Recall: 0.8225
Initial average recall with ef=100: 0.819162
Average Recall: 0.8714
Initial average recall with ef=150: 0.868325
Weighted average ef: 607.645
Training convergence-bucket 6 [55.2808, 61.3086) with 200 queries.
Average Recall: 0.8656
Initial average recall with ef=100: 0.865862
Average Recall: 0.907
Initial average recall with ef=150: 0.907299
Weighted average ef: 299.305
Training convergence-bucket 7 [61.3086, 67.4342) with 200 queries.
Average Recall: 0.9108
Initial average recall with ef=100: 0.914699
Average Recall: 0.93865
Initial average recall with ef=150: 0.943976
Recall diff is too small for 1 consecutive steps, break.
Weighted average ef: 193.05
Training convergence-bucket 8 [67.4342, 73.8239) with 200 queries.
Average Recall: 0.943101
Initial average recall with ef=100: 0.946522
Average Recall: 0.9645
Initial average recall with ef=150: 0.967935
Recall diff is too small for 1 consecutive steps, break.
Recall diff is too small for 1 consecutive steps, break.
Weighted average ef: 143.395
Training convergence-bucket 9 [73.8239, inf) with 200 queries.
Average Recall: 0.97285
Initial average recall with ef=100: 0.976667
Average Recall: 0.98395
Initial average recall with ef=150: 0.987333
Weighted average ef: 100.75
Reconstructed True WAE: 1336.77 (Hard Pct: 0.0065)
****Weighted average ef: 1336
Search time: 55314 ms
Search time: 56012 ms
Search time: 55981 ms
Average Recall: 0.975624
5th percentile recall: 0.9
1st percentile recall: 0.85
Median search time: 55981 ms
Search times: 55314 ms, 55981 ms, 56012 ms,
glove-100-angular experiment results:
statisc_length, time, avg_recall, 5th_percentile_recall, 1st_percentile_recall, recall_above_99, recall_above_95, recall_above_90
1025, 55981, 0.975624, 0.9, 0.85, 5789, 7915, 9458
Experiment finished


Dataset: word2vec-300-angular
Metric: cd
Normalize the data vectors
Data vectors dimensions: 1000000 x 300
Query vectors dimensions: 1000 x 300
Neighbors dimensions: 1000 x 100
Using AVX Inner Product distance
Index loaded
Dimension of space:300
Data size of space:1200

--- Alpha: 0.25 ---

Loading samplings from /opt/nfs_dcc/experiments/shiro-ef/sampling/word2vec-300-angular-samplings--k100-ef.bin
Samplings loaded from /opt/nfs_dcc/experiments/shiro-ef/sampling/word2vec-300-angular-samplings--k100-ef.bin
Average Recall: 0.823151
Initial average recall with ef=100: 0.82403
Average Recall: 0.869401
Initial average recall with ef=150: 0.870276
Weighted average ef: 429.833
Training convergence-bucket 0 [21.9714, 48.746) with 200 queries.
Average Recall: 0.59835
Initial average recall with ef=100: 0.607198
Average Recall: 0.6815
Initial average recall with ef=150: 0.691758
Weighted average ef: 896.655
Training convergence-bucket 1 [48.746, 54.0974) with 200 queries.
Average Recall: 0.63
Initial average recall with ef=100: 0.633892
Average Recall: 0.7069
Initial average recall with ef=150: 0.709838
Recall diff is too small for 1 consecutive steps, break.
Weighted average ef: 809.875
Training convergence-bucket 2 [54.0974, 60.7175) with 200 queries.
Average Recall: 0.67385
Initial average recall with ef=100: 0.666322
Average Recall: 0.74775
Initial average recall with ef=150: 0.741379
Recall diff is too small for 1 consecutive steps, break.
Weighted average ef: 706.285
Training convergence-bucket 3 [60.7175, 67.3324) with 200 queries.
Average Recall: 0.8072
Initial average recall with ef=100: 0.804035
Average Recall: 0.8609
Initial average recall with ef=150: 0.861053
Recall diff is too small for 1 consecutive steps, break.
Recall diff is too small for 1 consecutive steps, break.
Weighted average ef: 427.935
Training convergence-bucket 4 [67.3324, 72.2547) with 200 queries.
Average Recall: 0.85555
Initial average recall with ef=100: 0.848352
Average Recall: 0.89985
Initial average recall with ef=150: 0.894886
Weighted average ef: 314.325
Training convergence-bucket 5 [72.2547, 75.7285) with 200 queries.
Average Recall: 0.89205
Initial average recall with ef=100: 0.890604
Average Recall: 0.92995
Initial average recall with ef=150: 0.929341
Recall diff is too small for 1 consecutive steps, break.
Recall diff is too small for 1 consecutive steps, break.
Weighted average ef: 233.985
Training convergence-bucket 6 [75.7285, 78.0158) with 200 queries.
Average Recall: 0.92225
Initial average recall with ef=100: 0.916046
Average Recall: 0.95225
Initial average recall with ef=150: 0.948488
Weighted average ef: 172.28
Training convergence-bucket 7 [78.0158, 80.4348) with 200 queries.
Average Recall: 0.9346
Initial average recall with ef=100: 0.936761
Average Recall: 0.96105
Initial average recall with ef=150: 0.963239
Weighted average ef: 137.39
Training convergence-bucket 8 [80.4348, 82.8833) with 200 queries.
Average Recall: 0.9521
Initial average recall with ef=100: 0.955029
Average Recall: 0.97325
Initial average recall with ef=150: 0.975906
Weighted average ef: 106.23
Training convergence-bucket 9 [82.8833, inf) with 200 queries.
Average Recall: 0.9656
Initial average recall with ef=100: 0.97
Average Recall: 0.980651
Initial average recall with ef=150: 0.983699
Weighted average ef: 97.75
Reconstructed True WAE: 288.501 (Hard Pct: 0.02435)
****Weighted average ef: 288
Search time: 1891 ms
Search time: 1964 ms
Search time: 1895 ms
Average Recall: 0.97432
5th percentile recall: 0.88
1st percentile recall: 0.79
Median search time: 1895 ms
Search times: 1891 ms, 1895 ms, 1964 ms,
word2vec-300-angular experiment results:
statisc_length, time, avg_recall, 5th_percentile_recall, 1st_percentile_recall, recall_above_99, recall_above_95, recall_above_90
1025, 1895, 0.97432, 0.88, 0.79, 608, 817, 931
Experiment finished

--- Alpha: 0.5 ---

Loading samplings from /opt/nfs_dcc/experiments/shiro-ef/sampling/word2vec-300-angular-samplings--k100-ef.bin
Samplings loaded from /opt/nfs_dcc/experiments/shiro-ef/sampling/word2vec-300-angular-samplings--k100-ef.bin
Average Recall: 0.823151
Initial average recall with ef=100: 0.82403
Average Recall: 0.869401
Initial average recall with ef=150: 0.870276
Weighted average ef: 429.833
Training convergence-bucket 0 [17.3626, 42.1819) with 200 queries.
Average Recall: 0.5901
Initial average recall with ef=100: 0.599355
Average Recall: 0.66845
Initial average recall with ef=150: 0.678333
Recall diff is too small for 1 consecutive steps, break.
Recall diff is too small for 1 consecutive steps, break.
Weighted average ef: 868.505
Training convergence-bucket 1 [42.1819, 45.894) with 200 queries.
Average Recall: 0.63195
Initial average recall with ef=100: 0.636409
Average Recall: 0.71825
Initial average recall with ef=150: 0.722873
Recall diff is too small for 1 consecutive steps, break.
Weighted average ef: 803.32
Training convergence-bucket 2 [45.894, 52.1049) with 200 queries.
Average Recall: 0.6673
Initial average recall with ef=100: 0.658462
Average Recall: 0.73735
Initial average recall with ef=150: 0.730604
Recall diff is too small for 1 consecutive steps, break.
Recall diff is too small for 1 consecutive steps, break.
Recall diff is too small for 1 consecutive steps, break.
Weighted average ef: 781.545
Training convergence-bucket 3 [52.1049, 58.8628) with 200 queries.
Average Recall: 0.7934
Initial average recall with ef=100: 0.792768
Average Recall: 0.8508
Initial average recall with ef=150: 0.851525
Recall diff is too small for 1 consecutive steps, break.
Recall diff is too small for 1 consecutive steps, break.
Recall diff is too small for 1 consecutive steps, break.
Recall diff is too small for 1 consecutive steps, break.
Weighted average ef: 495.95
Training convergence-bucket 4 [58.8628, 64.0561) with 200 queries.
Average Recall: 0.85905
Initial average recall with ef=100: 0.856687
Average Recall: 0.90425
Initial average recall with ef=150: 0.904458
Weighted average ef: 255.955
Training convergence-bucket 5 [64.0561, 68.1161) with 200 queries.
Average Recall: 0.8934
Initial average recall with ef=100: 0.888883
Average Recall: 0.93185
Initial average recall with ef=150: 0.92905
Weighted average ef: 222.85
Training convergence-bucket 6 [68.1161, 71.116) with 200 queries.
Average Recall: 0.91845
Initial average recall with ef=100: 0.920471
Average Recall: 0.9495
Initial average recall with ef=150: 0.950647
Weighted average ef: 157.605
Training convergence-bucket 7 [71.116, 74.5257) with 200 queries.
Average Recall: 0.94465
Initial average recall with ef=100: 0.94422
Average Recall: 0.9699
Initial average recall with ef=150: 0.970174
Weighted average ef: 124.555
Training convergence-bucket 8 [74.5257, 77.8442) with 200 queries.
Average Recall: 0.957251
Initial average recall with ef=100: 0.958976
Average Recall: 0.97635
Initial average recall with ef=150: 0.978253
Weighted average ef: 94.34
Training convergence-bucket 9 [77.8442, inf) with 200 queries.
Average Recall: 0.976001
Initial average recall with ef=100: 0.97814
Average Recall: 0.98735
Initial average recall with ef=150: 0.988837
Weighted average ef: 92.5
Reconstructed True WAE: 290.549 (Hard Pct: 0.02435)
****Weighted average ef: 290
Search time: 1857 ms
Search time: 1859 ms
Search time: 1858 ms
Average Recall: 0.97359
5th percentile recall: 0.89
1st percentile recall: 0.78
Median search time: 1858 ms
Search times: 1857 ms, 1858 ms, 1859 ms,
word2vec-300-angular experiment results:
statisc_length, time, avg_recall, 5th_percentile_recall, 1st_percentile_recall, recall_above_99, recall_above_95, recall_above_90
1025, 1858, 0.97359, 0.89, 0.78, 603, 808, 928
Experiment finished

--- Alpha: 0.75 ---

Loading samplings from /opt/nfs_dcc/experiments/shiro-ef/sampling/word2vec-300-angular-samplings--k100-ef.bin
Samplings loaded from /opt/nfs_dcc/experiments/shiro-ef/sampling/word2vec-300-angular-samplings--k100-ef.bin
Average Recall: 0.823151
Initial average recall with ef=100: 0.82403
Average Recall: 0.869401
Initial average recall with ef=150: 0.870276
Weighted average ef: 429.833
Training convergence-bucket 0 [16.8091, 36.7765) with 200 queries.
Average Recall: 0.57885
Initial average recall with ef=100: 0.587297
Average Recall: 0.66085
Initial average recall with ef=150: 0.670487
Weighted average ef: 856.86
Training convergence-bucket 1 [36.7765, 40.3975) with 200 queries.
Average Recall: 0.626
Initial average recall with ef=100: 0.621093
Average Recall: 0.70755
Initial average recall with ef=150: 0.702459
Weighted average ef: 812.915
Training convergence-bucket 2 [40.3975, 45.9659) with 200 queries.
Average Recall: 0.68365
Initial average recall with ef=100: 0.678696
Average Recall: 0.7553
Initial average recall with ef=150: 0.752446
Recall diff is too small for 1 consecutive steps, break.
Weighted average ef: 795.48
Training convergence-bucket 3 [45.9659, 52.8238) with 200 queries.
Average Recall: 0.79135
Initial average recall with ef=100: 0.789719
Average Recall: 0.8491
Initial average recall with ef=150: 0.848877
Recall diff is too small for 1 consecutive steps, break.
Weighted average ef: 484.12
Training convergence-bucket 4 [52.8238, 58.0626) with 200 queries.
Average Recall: 0.8501
Initial average recall with ef=100: 0.84883
Average Recall: 0.8979
Initial average recall with ef=150: 0.898889
Weighted average ef: 284.92
Training convergence-bucket 5 [58.0626, 62.2236) with 200 queries.
Average Recall: 0.8937
Initial average recall with ef=100: 0.886941
Average Recall: 0.9315
Initial average recall with ef=150: 0.927118
Weighted average ef: 230.135
Training convergence-bucket 6 [62.2236, 66.1054) with 200 queries.
Average Recall: 0.9248
Initial average recall with ef=100: 0.927751
Average Recall: 0.95505
Initial average recall with ef=150: 0.957692
Weighted average ef: 141.275
Training convergence-bucket 7 [66.1054, 69.9591) with 200 queries.
Average Recall: 0.9409
Initial average recall with ef=100: 0.949162
Average Recall: 0.96715
Initial average recall with ef=150: 0.973832
Weighted average ef: 104.3
Training convergence-bucket 8 [69.9591, 74.1132) with 200 queries.
Average Recall: 0.96455
Initial average recall with ef=100: 0.963939
Average Recall: 0.98135
Initial average recall with ef=150: 0.982061
Weighted average ef: 92.5
Training convergence-bucket 9 [74.1132, inf) with 200 queries.
Average Recall: 0.97765
Initial average recall with ef=100: 0.979034
Average Recall: 0.9883
Initial average recall with ef=150: 0.989148
Weighted average ef: 91.25
Reconstructed True WAE: 293.417 (Hard Pct: 0.02435)
****Weighted average ef: 293
Search time: 1860 ms
Search time: 1855 ms
Search time: 1854 ms
Average Recall: 0.97339
5th percentile recall: 0.88
1st percentile recall: 0.78
Median search time: 1855 ms
Search times: 1854 ms, 1855 ms, 1860 ms,
word2vec-300-angular experiment results:
statisc_length, time, avg_recall, 5th_percentile_recall, 1st_percentile_recall, recall_above_99, recall_above_95, recall_above_90
1025, 1855, 0.97339, 0.88, 0.78, 594, 806, 928
Experiment finished


Dataset: sift10m-128-euclidean
Metric: l2
Data vectors dimensions: 10000000 x 128
Query vectors dimensions: 1000 x 128
Neighbors dimensions: 1000 x 100
Index loaded
Dimension of space:128
Data size of space:512

--- Alpha: 0.25 ---

Loading samplings from /opt/nfs_dcc/experiments/shiro-ef/sampling/sift10m-128-euclidean-samplings--k100-ef.bin
Samplings loaded from /opt/nfs_dcc/experiments/shiro-ef/sampling/sift10m-128-euclidean-samplings--k100-ef.bin
Average Recall: 0.853566
Initial average recall with ef=100: 0.853951
Average Recall: 0.901071
Initial average recall with ef=150: 0.901442
Recall diff is too small for 1 consecutive steps, break.
Weighted average ef: 304.436
Training convergence-bucket 0 [29.049, 61.9223) with 200 queries.
Average Recall: 0.6785
Initial average recall with ef=100: 0.675855
Average Recall: 0.75585
Initial average recall with ef=150: 0.753523
Weighted average ef: 689.1
Training convergence-bucket 1 [61.9223, 67.0584) with 200 queries.
Average Recall: 0.696
Initial average recall with ef=100: 0.692418
Average Recall: 0.7728
Initial average recall with ef=150: 0.77022
Weighted average ef: 561.13
Training convergence-bucket 2 [67.0584, 71.3138) with 200 queries.
Average Recall: 0.78535
Initial average recall with ef=100: 0.772772
Average Recall: 0.85015
Initial average recall with ef=150: 0.839783
Weighted average ef: 405.685
Training convergence-bucket 3 [71.3138, 74.5007) with 200 queries.
Average Recall: 0.83445
Initial average recall with ef=100: 0.833064
Average Recall: 0.89315
Initial average recall with ef=150: 0.892688
Weighted average ef: 267.285
Training convergence-bucket 4 [74.5007, 76.9252) with 200 queries.
Average Recall: 0.86265
Initial average recall with ef=100: 0.860526
Average Recall: 0.9137
Initial average recall with ef=150: 0.912526
Weighted average ef: 236.555
Training convergence-bucket 5 [76.9252, 78.7272) with 200 queries.
Average Recall: 0.89555
Initial average recall with ef=100: 0.894555
Average Recall: 0.93725
Initial average recall with ef=150: 0.93644
Recall diff is too small for 1 consecutive steps, break.
Weighted average ef: 196.01
Training convergence-bucket 6 [78.7272, 80.6001) with 200 queries.
Average Recall: 0.9159
Initial average recall with ef=100: 0.915241
Average Recall: 0.953401
Initial average recall with ef=150: 0.953583
Weighted average ef: 159.51
Training convergence-bucket 7 [80.6001, 82.5547) with 200 queries.
Average Recall: 0.9327
Initial average recall with ef=100: 0.934108
Average Recall: 0.9646
Initial average recall with ef=150: 0.966271
Weighted average ef: 135.69
Training convergence-bucket 8 [82.5547, 84.7694) with 200 queries.
Average Recall: 0.95205
Initial average recall with ef=100: 0.958118
Average Recall: 0.97675
Initial average recall with ef=150: 0.981129
Weighted average ef: 110.33
Training convergence-bucket 9 [84.7694, inf) with 200 queries.
Average Recall: 0.98255
Initial average recall with ef=100: 0.985372
Average Recall: 0.9931
Initial average recall with ef=150: 0.994734
Weighted average ef: 97.25
Reconstructed True WAE: 214.71 (Hard Pct: 0.01945)
****Weighted average ef: 214
Search time: 1735 ms
Search time: 1736 ms
Search time: 1737 ms
Average Recall: 0.97773
5th percentile recall: 0.93
1st percentile recall: 0.89
Median search time: 1736 ms
Search times: 1735 ms, 1736 ms, 1737 ms,
sift10m-128-euclidean experiment results:
statisc_length, time, avg_recall, 5th_percentile_recall, 1st_percentile_recall, recall_above_99, recall_above_95, recall_above_90
1025, 1736, 0.97773, 0.93, 0.89, 499, 840, 981
Experiment finished

--- Alpha: 0.5 ---

Loading samplings from /opt/nfs_dcc/experiments/shiro-ef/sampling/sift10m-128-euclidean-samplings--k100-ef.bin
Samplings loaded from /opt/nfs_dcc/experiments/shiro-ef/sampling/sift10m-128-euclidean-samplings--k100-ef.bin
Average Recall: 0.853566
Initial average recall with ef=100: 0.853951
Average Recall: 0.901071
Initial average recall with ef=150: 0.901442
Recall diff is too small for 1 consecutive steps, break.
Weighted average ef: 304.436
Training convergence-bucket 0 [24.3126, 48.7863) with 200 queries.
Average Recall: 0.6612
Initial average recall with ef=100: 0.659278
Average Recall: 0.7388
Initial average recall with ef=150: 0.73732
Weighted average ef: 745.875
Training convergence-bucket 1 [48.7863, 52.4761) with 200 queries.
Average Recall: 0.6924
Initial average recall with ef=100: 0.691368
Average Recall: 0.76975
Initial average recall with ef=150: 0.769105
Weighted average ef: 584.84
Training convergence-bucket 2 [52.4761, 57.9109) with 200 queries.
Average Recall: 0.77475
Initial average recall with ef=100: 0.772169
Average Recall: 0.84375
Initial average recall with ef=150: 0.841958
Weighted average ef: 391.45
Training convergence-bucket 3 [57.9109, 61.4362) with 200 queries.
Average Recall: 0.8315
Initial average recall with ef=100: 0.830368
Average Recall: 0.89185
Initial average recall with ef=150: 0.891368
Weighted average ef: 279.615
Training convergence-bucket 4 [61.4362, 64.6833) with 200 queries.
Average Recall: 0.8578
Initial average recall with ef=100: 0.853549
Average Recall: 0.91165
Initial average recall with ef=150: 0.908441
Weighted average ef: 240.945
Training convergence-bucket 5 [64.6833, 67.8068) with 200 queries.
Average Recall: 0.8959
Initial average recall with ef=100: 0.895465
Average Recall: 0.9401
Initial average recall with ef=150: 0.940273
Weighted average ef: 178.795
Training convergence-bucket 6 [67.8068, 71.3931) with 200 queries.
Average Recall: 0.92055
Initial average recall with ef=100: 0.922043
Average Recall: 0.95755
Initial average recall with ef=150: 0.958925
Weighted average ef: 144
Training convergence-bucket 7 [71.3931, 74.6687) with 200 queries.
Average Recall: 0.946101
Initial average recall with ef=100: 0.947077
Average Recall: 0.975601
Initial average recall with ef=150: 0.976564
Weighted average ef: 123.25
Training convergence-bucket 8 [74.6687, 78.8065) with 200 queries.
Average Recall: 0.96695
Initial average recall with ef=100: 0.97129
Average Recall: 0.98555
Initial average recall with ef=150: 0.988172
Weighted average ef: 98.25
Training convergence-bucket 9 [78.8065, inf) with 200 queries.
Average Recall: 0.98855
Initial average recall with ef=100: 0.991492
Average Recall: 0.99615
Initial average recall with ef=150: 0.997403
Weighted average ef: 90.5
Reconstructed True WAE: 215.182 (Hard Pct: 0.01945)
****Weighted average ef: 215
Search time: 1797 ms
Search time: 1798 ms
Search time: 1806 ms
Average Recall: 0.98085
5th percentile recall: 0.94
1st percentile recall: 0.91
Median search time: 1798 ms
Search times: 1797 ms, 1798 ms, 1806 ms,
sift10m-128-euclidean experiment results:
statisc_length, time, avg_recall, 5th_percentile_recall, 1st_percentile_recall, recall_above_99, recall_above_95, recall_above_90
1025, 1798, 0.98085, 0.94, 0.91, 524, 884, 996
Experiment finished

--- Alpha: 0.75 ---

Loading samplings from /opt/nfs_dcc/experiments/shiro-ef/sampling/sift10m-128-euclidean-samplings--k100-ef.bin
Samplings loaded from /opt/nfs_dcc/experiments/shiro-ef/sampling/sift10m-128-euclidean-samplings--k100-ef.bin
Average Recall: 0.853566
Initial average recall with ef=100: 0.853951
Average Recall: 0.901071
Initial average recall with ef=150: 0.901442
Recall diff is too small for 1 consecutive steps, break.
Weighted average ef: 304.436
Training convergence-bucket 0 [21.4936, 40.9106) with 200 queries.
Average Recall: 0.6522
Initial average recall with ef=100: 0.649162
Average Recall: 0.72985
Initial average recall with ef=150: 0.72712
Recall diff is too small for 1 consecutive steps, break.
Weighted average ef: 751.455
Training convergence-bucket 1 [40.9106, 44.1732) with 200 queries.
Average Recall: 0.69425
Initial average recall with ef=100: 0.690474
Average Recall: 0.77305
Initial average recall with ef=150: 0.77
Weighted average ef: 594.77
Training convergence-bucket 2 [44.1732, 49.312) with 200 queries.
Average Recall: 0.77225
Initial average recall with ef=100: 0.768466
Average Recall: 0.8408
Initial average recall with ef=150: 0.837989
Recall diff is too small for 1 consecutive steps, break.
Weighted average ef: 402.845
Training convergence-bucket 3 [49.312, 53.4382) with 200 queries.
Average Recall: 0.8313
Initial average recall with ef=100: 0.830368
Average Recall: 0.89265
Initial average recall with ef=150: 0.892105
Weighted average ef: 269.475
Training convergence-bucket 4 [53.4382, 57.0165) with 200 queries.
Average Recall: 0.86025
Initial average recall with ef=100: 0.857705
Average Recall: 0.9133
Initial average recall with ef=150: 0.911312
Weighted average ef: 229.765
Training convergence-bucket 5 [57.0165, 60.5774) with 200 queries.
Average Recall: 0.89465
Initial average recall with ef=100: 0.894115
Average Recall: 0.9408
Initial average recall with ef=150: 0.940677
Weighted average ef: 182.835
Training convergence-bucket 6 [60.5774, 64.6693) with 200 queries.
Average Recall: 0.92475
Initial average recall with ef=100: 0.924497
Average Recall: 0.959251
Initial average recall with ef=150: 0.959471
Recall diff is too small for 1 consecutive steps, break.
Weighted average ef: 144.295
Training convergence-bucket 7 [64.6693, 69.1488) with 200 queries.
Average Recall: 0.9464
Initial average recall with ef=100: 0.947409
Average Recall: 0.97655
Initial average recall with ef=150: 0.977306
Weighted average ef: 123.25
Training convergence-bucket 8 [69.1488, 74.6147) with 200 queries.
Average Recall: 0.97
Initial average recall with ef=100: 0.973298
Average Recall: 0.988001
Initial average recall with ef=150: 0.989787
Weighted average ef: 97.5
Training convergence-bucket 9 [74.6147, inf) with 200 queries.
Average Recall: 0.98965
Initial average recall with ef=100: 0.991722
Average Recall: 0.9965
Initial average recall with ef=150: 0.997111
Weighted average ef: 90
Reconstructed True WAE: 212.136 (Hard Pct: 0.01945)
****Weighted average ef: 212
Search time: 1893 ms
Search time: 1861 ms
Search time: 1836 ms
Average Recall: 0.97832
5th percentile recall: 0.94
1st percentile recall: 0.9
Median search time: 1861 ms
Search times: 1836 ms, 1861 ms, 1893 ms,
sift10m-128-euclidean experiment results:
statisc_length, time, avg_recall, 5th_percentile_recall, 1st_percentile_recall, recall_above_99, recall_above_95, recall_above_90
1025, 1861, 0.97832, 0.94, 0.9, 477, 859, 987
Experiment finished


Dataset: gist-960-euclidean
Metric: l2
Data vectors dimensions: 1000000 x 960
Query vectors dimensions: 1000 x 960
Neighbors dimensions: 1000 x 100
Index loaded
Dimension of space:960
Data size of space:3840

--- Alpha: 0.25 ---

Loading samplings from /opt/nfs_dcc/experiments/shiro-ef/sampling/gist-960-euclidean-samplings--k100-ef.bin
Samplings loaded from /opt/nfs_dcc/experiments/shiro-ef/sampling/gist-960-euclidean-samplings--k100-ef.bin
Average Recall: 0.730425
Initial average recall with ef=100: 0.729425
Average Recall: 0.803664
Initial average recall with ef=150: 0.803058
Recall diff is too small for 1 consecutive steps, break.
Recall diff is too small for 1 consecutive steps, break.
Weighted average ef: 623.607
Training convergence-bucket 0 [33.4555, 44.8021) with 200 queries.
Average Recall: 0.5211
Initial average recall with ef=100: 0.520729
Average Recall: 0.61955
Initial average recall with ef=150: 0.620417
Weighted average ef: 1378.24
Training convergence-bucket 1 [44.8021, 50.0316) with 200 queries.
Average Recall: 0.5531
Initial average recall with ef=100: 0.552371
Average Recall: 0.6508
Initial average recall with ef=150: 0.650567
Recall diff is too small for 1 consecutive steps, break.
Weighted average ef: 1160.64
Training convergence-bucket 2 [50.0316, 54.3726) with 200 queries.
Average Recall: 0.62095
Initial average recall with ef=100: 0.62224
Average Recall: 0.71415
Initial average recall with ef=150: 0.715313
Weighted average ef: 827.465
Training convergence-bucket 3 [54.3726, 57.7218) with 200 queries.
Average Recall: 0.67895
Initial average recall with ef=100: 0.679076
Average Recall: 0.7672
Initial average recall with ef=150: 0.767935
Recall diff is too small for 1 consecutive steps, break.
Weighted average ef: 611.16
Training convergence-bucket 4 [57.7218, 60.7345) with 200 queries.
Average Recall: 0.71455
Initial average recall with ef=100: 0.712663
Average Recall: 0.7981
Initial average recall with ef=150: 0.797554
Recall diff is too small for 1 consecutive steps, break.
Weighted average ef: 487.89
Training convergence-bucket 5 [60.7345, 64.2251) with 200 queries.
Average Recall: 0.73505
Initial average recall with ef=100: 0.730442
Average Recall: 0.8135
Initial average recall with ef=150: 0.80989
Recall diff is too small for 1 consecutive steps, break.
Weighted average ef: 473.65
Training convergence-bucket 6 [64.2251, 68.6507) with 200 queries.
Average Recall: 0.7875
Initial average recall with ef=100: 0.785464
Average Recall: 0.8558
Initial average recall with ef=150: 0.853607
Weighted average ef: 345.415
Training convergence-bucket 7 [68.6507, 72.9265) with 200 queries.
Average Recall: 0.84085
Initial average recall with ef=100: 0.837926
Average Recall: 0.8992
Initial average recall with ef=150: 0.8975
Weighted average ef: 271.25
Training convergence-bucket 8 [72.9265, 78.4656) with 200 queries.
Average Recall: 0.8938
Initial average recall with ef=100: 0.889255
Average Recall: 0.93745
Initial average recall with ef=150: 0.934043
Weighted average ef: 205.13
Training convergence-bucket 9 [78.4656, inf) with 200 queries.
Average Recall: 0.9584
Initial average recall with ef=100: 0.960629
Average Recall: 0.9809
Initial average recall with ef=150: 0.9824
Weighted average ef: 104.75
Reconstructed True WAE: 512.572 (Hard Pct: 0.0111)
****Weighted average ef: 512
Search time: 6575 ms
Search time: 6534 ms
Search time: 6262 ms
Average Recall: 0.96892
5th percentile recall: 0.91
1st percentile recall: 0.86
Median search time: 6534 ms
Search times: 6262 ms, 6534 ms, 6575 ms,
gist-960-euclidean experiment results:
statisc_length, time, avg_recall, 5th_percentile_recall, 1st_percentile_recall, recall_above_99, recall_above_95, recall_above_90
1025, 6534, 0.96892, 0.91, 0.86, 389, 730, 959
Experiment finished

--- Alpha: 0.5 ---

Loading samplings from /opt/nfs_dcc/experiments/shiro-ef/sampling/gist-960-euclidean-samplings--k100-ef.bin
Samplings loaded from /opt/nfs_dcc/experiments/shiro-ef/sampling/gist-960-euclidean-samplings--k100-ef.bin
Average Recall: 0.730425
Initial average recall with ef=100: 0.729425
Average Recall: 0.803664
Initial average recall with ef=150: 0.803058
Recall diff is too small for 1 consecutive steps, break.
Recall diff is too small for 1 consecutive steps, break.
Weighted average ef: 623.607
Training convergence-bucket 0 [27.496, 38.282) with 200 queries.
Average Recall: 0.51415
Initial average recall with ef=100: 0.509037
Average Recall: 0.61375
Initial average recall with ef=150: 0.60877
Weighted average ef: 1424.39
Training convergence-bucket 1 [38.282, 42.302) with 200 queries.
Average Recall: 0.54825
Initial average recall with ef=100: 0.544599
Average Recall: 0.64625
Initial average recall with ef=150: 0.644064
Weighted average ef: 1125.79
Training convergence-bucket 2 [42.302, 45.7928) with 200 queries.
Average Recall: 0.62725
Initial average recall with ef=100: 0.62974
Average Recall: 0.71725
Initial average recall with ef=150: 0.718177
Recall diff is too small for 1 consecutive steps, break.
Recall diff is too small for 1 consecutive steps, break.
Weighted average ef: 820.34
Training convergence-bucket 3 [45.7928, 48.8174) with 200 queries.
Average Recall: 0.6612
Initial average recall with ef=100: 0.661344
Average Recall: 0.75805
Initial average recall with ef=150: 0.758602
Recall diff is too small for 1 consecutive steps, break.
Weighted average ef: 629.3
Training convergence-bucket 4 [48.8174, 51.4343) with 200 queries.
Average Recall: 0.71075
Initial average recall with ef=100: 0.713299
Average Recall: 0.7939
Initial average recall with ef=150: 0.797165
Weighted average ef: 516.59
Training convergence-bucket 5 [51.4343, 54.8481) with 200 queries.
Average Recall: 0.73765
Initial average recall with ef=100: 0.729613
Average Recall: 0.81295
Initial average recall with ef=150: 0.805635
Recall diff is too small for 1 consecutive steps, break.
Weighted average ef: 527.8
Training convergence-bucket 6 [54.8481, 59.3783) with 200 queries.
Average Recall: 0.78745
Initial average recall with ef=100: 0.787
Average Recall: 0.8582
Initial average recall with ef=150: 0.858444
Weighted average ef: 329.55
Training convergence-bucket 7 [59.3783, 64.796) with 200 queries.
Average Recall: 0.84785
Initial average recall with ef=100: 0.84827
Average Recall: 0.9034
Initial average recall with ef=150: 0.903892
Weighted average ef: 258.5
Training convergence-bucket 8 [64.796, 71.7515) with 200 queries.
Average Recall: 0.90955
Initial average recall with ef=100: 0.908518
Average Recall: 0.95115
Initial average recall with ef=150: 0.950635
Weighted average ef: 168.725
Training convergence-bucket 9 [71.7515, inf) with 200 queries.
Average Recall: 0.96015
Initial average recall with ef=100: 0.959945
Average Recall: 0.98175
Initial average recall with ef=150: 0.982363
Weighted average ef: 109.345
Reconstructed True WAE: 517.02 (Hard Pct: 0.0111)
****Weighted average ef: 517
Search time: 6602 ms
Search time: 6684 ms
Search time: 6670 ms
Average Recall: 0.97026
5th percentile recall: 0.91
1st percentile recall: 0.88
Median search time: 6670 ms
Search times: 6602 ms, 6670 ms, 6684 ms,
gist-960-euclidean experiment results:
statisc_length, time, avg_recall, 5th_percentile_recall, 1st_percentile_recall, recall_above_99, recall_above_95, recall_above_90
1025, 6670, 0.97026, 0.91, 0.88, 391, 747, 965
Experiment finished

--- Alpha: 0.75 ---

Loading samplings from /opt/nfs_dcc/experiments/shiro-ef/sampling/gist-960-euclidean-samplings--k100-ef.bin
Samplings loaded from /opt/nfs_dcc/experiments/shiro-ef/sampling/gist-960-euclidean-samplings--k100-ef.bin
Average Recall: 0.730425
Initial average recall with ef=100: 0.729425
Average Recall: 0.803664
Initial average recall with ef=150: 0.803058
Recall diff is too small for 1 consecutive steps, break.
Recall diff is too small for 1 consecutive steps, break.
Weighted average ef: 623.607
Training convergence-bucket 0 [24.1094, 33.0048) with 200 queries.
Average Recall: 0.50385
Initial average recall with ef=100: 0.499894
Average Recall: 0.60555
Initial average recall with ef=150: 0.601429
Weighted average ef: 1489.35
Training convergence-bucket 1 [33.0048, 36.5789) with 200 queries.
Average Recall: 0.5522
Initial average recall with ef=100: 0.55
Average Recall: 0.6474
Initial average recall with ef=150: 0.645397
Weighted average ef: 1179.25
Training convergence-bucket 2 [36.5789, 39.5909) with 200 queries.
Average Recall: 0.6235
Initial average recall with ef=100: 0.626436
Average Recall: 0.71885
Initial average recall with ef=150: 0.720532
Recall diff is too small for 1 consecutive steps, break.
Weighted average ef: 779.24
Training convergence-bucket 3 [39.5909, 42.4845) with 200 queries.
Average Recall: 0.66205
Initial average recall with ef=100: 0.664398
Average Recall: 0.7537
Initial average recall with ef=150: 0.755812
Weighted average ef: 641.365
Training convergence-bucket 4 [42.4845, 45.018) with 200 queries.
Average Recall: 0.7122
Initial average recall with ef=100: 0.712766
Average Recall: 0.79635
Initial average recall with ef=150: 0.7975
Recall diff is too small for 1 consecutive steps, break.
Recall diff is too small for 1 consecutive steps, break.
Weighted average ef: 504.905
Training convergence-bucket 5 [45.018, 48.2895) with 200 queries.
Average Recall: 0.7372
Initial average recall with ef=100: 0.732888
Average Recall: 0.81425
Initial average recall with ef=150: 0.810053
Recall diff is too small for 1 consecutive steps, break.
Weighted average ef: 494.52
Training convergence-bucket 6 [48.2895, 52.8776) with 200 queries.
Average Recall: 0.78815
Initial average recall with ef=100: 0.785746
Average Recall: 0.8573
Initial average recall with ef=150: 0.856961
Recall diff is too small for 1 consecutive steps, break.
Weighted average ef: 334.46
Training convergence-bucket 7 [52.8776, 59.1289) with 200 queries.
Average Recall: 0.85315
Initial average recall with ef=100: 0.857654
Average Recall: 0.909
Initial average recall with ef=150: 0.913017
Weighted average ef: 227.655
Training convergence-bucket 8 [59.1289, 67.1767) with 200 queries.
Average Recall: 0.91285
Initial average recall with ef=100: 0.913978
Average Recall: 0.95385
Initial average recall with ef=150: 0.95453
Weighted average ef: 150.3
Training convergence-bucket 9 [67.1767, inf) with 200 queries.
Average Recall: 0.9591
Initial average recall with ef=100: 0.960667
Average Recall: 0.9804
Initial average recall with ef=150: 0.982445
Weighted average ef: 107.32
Reconstructed True WAE: 509.638 (Hard Pct: 0.0111)
****Weighted average ef: 509
Search time: 6406 ms
Search time: 6250 ms
Search time: 6564 ms
Average Recall: 0.96968
5th percentile recall: 0.91
1st percentile recall: 0.86
Median search time: 6406 ms
Search times: 6250 ms, 6406 ms, 6564 ms,
gist-960-euclidean experiment results:
statisc_length, time, avg_recall, 5th_percentile_recall, 1st_percentile_recall, recall_above_99, recall_above_95, recall_above_90
1025, 6406, 0.96968, 0.91, 0.86, 388, 745, 962
Experiment finished


Dataset: tiny5m-384-euclidean
Metric: l2
Data vectors dimensions: 5000000 x 384
Query vectors dimensions: 1000 x 384
Neighbors dimensions: 1000 x 100
Index loaded
Dimension of space:384
Data size of space:1536

--- Alpha: 0.25 ---

Loading samplings from /opt/nfs_dcc/experiments/shiro-ef/sampling/tiny5m-384-euclidean-samplings--k100-ef.bin
Samplings loaded from /opt/nfs_dcc/experiments/shiro-ef/sampling/tiny5m-384-euclidean-samplings--k100-ef.bin
Average Recall: 0.637594
Initial average recall with ef=100: 0.636835
Average Recall: 0.709403
Initial average recall with ef=150: 0.708812
Recall diff is too small for 1 consecutive steps, break.
Weighted average ef: 1236.9
Training convergence-bucket 0 [25.2971, 41.5623) with 200 queries.
Average Recall: 0.37475
Initial average recall with ef=100: 0.371744
Average Recall: 0.4608
Initial average recall with ef=150: 0.456821
Recall diff is too small for 1 consecutive steps, break.
Recall diff is too small for 1 consecutive steps, break.
Recall diff is too small for 1 consecutive steps, break.
Weighted average ef: 3061.78
Training convergence-bucket 1 [41.5623, 46.5309) with 200 queries.
Average Recall: 0.44065
Initial average recall with ef=100: 0.440821
Average Recall: 0.5275
Initial average recall with ef=150: 0.527128
Recall diff is too small for 1 consecutive steps, break.
Recall diff is too small for 1 consecutive steps, break.
Weighted average ef: 2312.34
Training convergence-bucket 2 [46.5309, 50.8046) with 200 queries.
Average Recall: 0.5001
Initial average recall with ef=100: 0.499744
Average Recall: 0.58635
Initial average recall with ef=150: 0.586718
Weighted average ef: 1727.48
Training convergence-bucket 3 [50.8046, 54.9514) with 200 queries.
Average Recall: 0.54005
Initial average recall with ef=100: 0.534474
Average Recall: 0.6231
Initial average recall with ef=150: 0.618526
Recall diff is too small for 1 consecutive steps, break.
Weighted average ef: 1450.87
Training convergence-bucket 4 [54.9514, 58.5224) with 200 queries.
Average Recall: 0.58825
Initial average recall with ef=100: 0.582751
Average Recall: 0.66945
Initial average recall with ef=150: 0.663915
Recall diff is too small for 1 consecutive steps, break.
Weighted average ef: 1268.57
Training convergence-bucket 5 [58.5224, 62.5723) with 200 queries.
Average Recall: 0.6519
Initial average recall with ef=100: 0.659206
Average Recall: 0.72825
Initial average recall with ef=150: 0.73582
Recall diff is too small for 1 consecutive steps, break.
Weighted average ef: 853.28
Training convergence-bucket 6 [62.5723, 66.8823) with 200 queries.
Average Recall: 0.7182
Initial average recall with ef=100: 0.717903
Average Recall: 0.7898
Initial average recall with ef=150: 0.789086
Recall diff is too small for 1 consecutive steps, break.
Weighted average ef: 633.405
Training convergence-bucket 7 [66.8823, 71.6135) with 200 queries.
Average Recall: 0.78185
Initial average recall with ef=100: 0.784973
Average Recall: 0.8491
Initial average recall with ef=150: 0.853243
Weighted average ef: 387.575
Training convergence-bucket 8 [71.6135, 77.3081) with 200 queries.
Average Recall: 0.8534
Initial average recall with ef=100: 0.862045
Average Recall: 0.90645
Initial average recall with ef=150: 0.914886
Recall diff is too small for 1 consecutive steps, break.
Weighted average ef: 231.905
Training convergence-bucket 9 [77.3081, inf) with 200 queries.
Average Recall: 0.928241
Initial average recall with ef=100: 0.92113
Average Recall: 0.954473
Initial average recall with ef=150: 0.94774
Weighted average ef: 144.135
Reconstructed True WAE: 1068.67 (Hard Pct: 0.0087)
****Weighted average ef: 1068
Search time: 8429 ms
Search time: 8403 ms
Search time: 8409 ms
Average Recall: 0.9715
5th percentile recall: 0.9
1st percentile recall: 0.84
Median search time: 8409 ms
Search times: 8403 ms, 8409 ms, 8429 ms,
tiny5m-384-euclidean experiment results:
statisc_length, time, avg_recall, 5th_percentile_recall, 1st_percentile_recall, recall_above_99, recall_above_95, recall_above_90
1025, 8409, 0.9715, 0.9, 0.84, 498, 770, 947
Experiment finished

--- Alpha: 0.5 ---

Loading samplings from /opt/nfs_dcc/experiments/shiro-ef/sampling/tiny5m-384-euclidean-samplings--k100-ef.bin
Samplings loaded from /opt/nfs_dcc/experiments/shiro-ef/sampling/tiny5m-384-euclidean-samplings--k100-ef.bin
Average Recall: 0.637594
Initial average recall with ef=100: 0.636819
Average Recall: 0.709403
Initial average recall with ef=150: 0.708821
Recall diff is too small for 1 consecutive steps, break.
Weighted average ef: 1236.92
Training convergence-bucket 0 [24.2968, 34.3498) with 200 queries.
Average Recall: 0.36635
Initial average recall with ef=100: 0.363093
Average Recall: 0.4542
Initial average recall with ef=150: 0.450773
Recall diff is too small for 1 consecutive steps, break.
Recall diff is too small for 1 consecutive steps, break.
Weighted average ef: 3042.79
Training convergence-bucket 1 [34.3498, 38.4766) with 200 queries.
Average Recall: 0.4489
Initial average recall with ef=100: 0.447927
Average Recall: 0.53605
Initial average recall with ef=150: 0.534352
Recall diff is too small for 1 consecutive steps, break.
Recall diff is too small for 1 consecutive steps, break.
Weighted average ef: 2261.88
Training convergence-bucket 2 [38.4766, 41.697) with 200 queries.
Average Recall: 0.48365
Initial average recall with ef=100: 0.48089
Average Recall: 0.56805
Initial average recall with ef=150: 0.565654
Recall diff is too small for 1 consecutive steps, break.
Weighted average ef: 1831.23
Training convergence-bucket 3 [41.697, 44.6557) with 200 queries.
Average Recall: 0.54165
Initial average recall with ef=100: 0.537461
Average Recall: 0.62615
Initial average recall with ef=150: 0.622021
Recall diff is too small for 1 consecutive steps, break.
Weighted average ef: 1404.36
Training convergence-bucket 4 [44.6557, 47.7374) with 200 queries.
Average Recall: 0.5804
Initial average recall with ef=100: 0.575753
Average Recall: 0.66185
Initial average recall with ef=150: 0.656989
Recall diff is too small for 1 consecutive steps, break.
Weighted average ef: 1238.13
Training convergence-bucket 5 [47.7374, 51.5026) with 200 queries.
Average Recall: 0.64955
Initial average recall with ef=100: 0.6491
Average Recall: 0.72365
Initial average recall with ef=150: 0.72418
Recall diff is too small for 1 consecutive steps, break.
Weighted average ef: 939.97
Training convergence-bucket 6 [51.5026, 55.611) with 200 queries.
Average Recall: 0.71555
Initial average recall with ef=100: 0.717979
Average Recall: 0.79085
Initial average recall with ef=150: 0.793627
Recall diff is too small for 1 consecutive steps, break.
Recall diff is too small for 1 consecutive steps, break.
Recall diff is too small for 1 consecutive steps, break.
Recall diff is too small for 1 consecutive steps, break.
Weighted average ef: 619.415
Training convergence-bucket 7 [55.611, 61.3231) with 200 queries.
Average Recall: 0.78645
Initial average recall with ef=100: 0.788656
Average Recall: 0.8553
Initial average recall with ef=150: 0.857581
Weighted average ef: 363.675
Training convergence-bucket 8 [61.3231, 69.2789) with 200 queries.
Average Recall: 0.86785
Initial average recall with ef=100: 0.874492
Average Recall: 0.91895
Initial average recall with ef=150: 0.925561
Weighted average ef: 216.65
Training convergence-bucket 9 [69.2789, inf) with 200 queries.
Average Recall: 0.937086
Initial average recall with ef=100: 0.936839
Average Recall: 0.960252
Initial average recall with ef=150: 0.958218
Recall diff is too small for 1 consecutive steps, break.
Weighted average ef: 141.05
Reconstructed True WAE: 1057.4 (Hard Pct: 0.0087)
****Weighted average ef: 1057
Search time: 8870 ms
Search time: 9144 ms
Search time: 9154 ms
Average Recall: 0.9712
5th percentile recall: 0.9
1st percentile recall: 0.84
Median search time: 9144 ms
Search times: 8870 ms, 9144 ms, 9154 ms,
tiny5m-384-euclidean experiment results:
statisc_length, time, avg_recall, 5th_percentile_recall, 1st_percentile_recall, recall_above_99, recall_above_95, recall_above_90
1025, 9144, 0.9712, 0.9, 0.84, 497, 767, 942
Experiment finished

--- Alpha: 0.75 ---

Loading samplings from /opt/nfs_dcc/experiments/shiro-ef/sampling/tiny5m-384-euclidean-samplings--k100-ef.bin
Samplings loaded from /opt/nfs_dcc/experiments/shiro-ef/sampling/tiny5m-384-euclidean-samplings--k100-ef.bin
Average Recall: 0.637594
Initial average recall with ef=100: 0.63682
Average Recall: 0.709403
Initial average recall with ef=150: 0.708816
Recall diff is too small for 1 consecutive steps, break.
Weighted average ef: 1236.9
Training convergence-bucket 0 [20.4355, 29.0748) with 200 queries.
Average Recall: 0.3755
Initial average recall with ef=100: 0.372718
Average Recall: 0.45955
Initial average recall with ef=150: 0.456102
Recall diff is too small for 1 consecutive steps, break.
Recall diff is too small for 1 consecutive steps, break.
Recall diff is too small for 1 consecutive steps, break.
Weighted average ef: 3030.97
Training convergence-bucket 1 [29.0748, 32.3442) with 200 queries.
Average Recall: 0.43395
Initial average recall with ef=100: 0.429368
Average Recall: 0.52195
Initial average recall with ef=150: 0.516526
Recall diff is too small for 1 consecutive steps, break.
Weighted average ef: 2310.67
Training convergence-bucket 2 [32.3442, 35.1722) with 200 queries.
Average Recall: 0.4783
Initial average recall with ef=100: 0.473209
Average Recall: 0.56485
Initial average recall with ef=150: 0.561069
Recall diff is too small for 1 consecutive steps, break.
Weighted average ef: 1891.07
Training convergence-bucket 3 [35.1722, 37.7782) with 200 queries.
Average Recall: 0.5416
Initial average recall with ef=100: 0.538705
Average Recall: 0.62915
Initial average recall with ef=150: 0.626373
Recall diff is too small for 1 consecutive steps, break.
Recall diff is too small for 1 consecutive steps, break.
Weighted average ef: 1304.46
Training convergence-bucket 4 [37.7782, 40.577) with 200 queries.
Average Recall: 0.59175
Initial average recall with ef=100: 0.593175
Average Recall: 0.6727
Initial average recall with ef=150: 0.67328
Recall diff is too small for 1 consecutive steps, break.
Weighted average ef: 1109.96
Training convergence-bucket 5 [40.577, 44.245) with 200 queries.
Average Recall: 0.64
Initial average recall with ef=100: 0.643895
Average Recall: 0.7152
Initial average recall with ef=150: 0.719053
Recall diff is too small for 1 consecutive steps, break.
Weighted average ef: 968.93
Training convergence-bucket 6 [44.245, 48.5743) with 200 queries.
Average Recall: 0.7194
Initial average recall with ef=100: 0.725163
Average Recall: 0.79435
Initial average recall with ef=150: 0.800707
Weighted average ef: 579.545
Training convergence-bucket 7 [48.5743, 54.6382) with 200 queries.
Average Recall: 0.7906
Initial average recall with ef=100: 0.796216
Average Recall: 0.85725
Initial average recall with ef=150: 0.862649
Weighted average ef: 347.465
Training convergence-bucket 8 [54.6382, 63.6336) with 200 queries.
Average Recall: 0.8675
Initial average recall with ef=100: 0.875081
Average Recall: 0.91935
Initial average recall with ef=150: 0.926325
Weighted average ef: 208.975
Training convergence-bucket 9 [63.6336, inf) with 200 queries.
Average Recall: 0.938844
Initial average recall with ef=100: 0.941932
Average Recall: 0.960955
Initial average recall with ef=150: 0.962443
Recall diff is too small for 1 consecutive steps, break.
Weighted average ef: 117.9
Reconstructed True WAE: 1061.27 (Hard Pct: 0.0087)
****Weighted average ef: 1061
Search time: 8781 ms
Search time: 9194 ms
Search time: 9197 ms
Average Recall: 0.97144
5th percentile recall: 0.9
1st percentile recall: 0.85
Median search time: 9194 ms
Search times: 8781 ms, 9194 ms, 9197 ms,
tiny5m-384-euclidean experiment results:
statisc_length, time, avg_recall, 5th_percentile_recall, 1st_percentile_recall, recall_above_99, recall_above_95, recall_above_90
1025, 9194, 0.97144, 0.9, 0.85, 503, 767, 944
Experiment finished


Dataset: msmarco
Metric: cd
Normalize the data vectors
Data vectors dimensions: 8841823 x 1536
Query vectors dimensions: 6980 x 1536
Neighbors dimensions: 6980 x 1000
Using AVX Inner Product distance
Index loaded
Dimension of space:1536
Data size of space:6144

--- Alpha: 0.25 ---

Loading samplings from /opt/nfs_dcc/experiments/shiro-ef/sampling/msmarco-samplings--k1000-ef.bin
Samplings loaded from /opt/nfs_dcc/experiments/shiro-ef/sampling/msmarco-samplings--k1000-ef.bin
Average Recall: 0.955378
Initial average recall with ef=1000: 0.955447
Average Recall: 0.974453
Initial average recall with ef=1500: 0.974515
Weighted average ef: 1344.14
Training convergence-bucket 0 [11.0453, 69.48) with 200 queries.
Average Recall: 0.883
Initial average recall with ef=1000: 0.874526
Average Recall: 0.92447
Initial average recall with ef=1500: 0.918931
Weighted average ef: 2216.6
Training convergence-bucket 1 [69.48, 74.1324) with 200 queries.
Average Recall: 0.906825
Initial average recall with ef=1000: 0.900644
Average Recall: 0.942975
Initial average recall with ef=1500: 0.938925
Weighted average ef: 1629.46
Training convergence-bucket 2 [74.1324, 77.1366) with 200 queries.
Average Recall: 0.92347
Initial average recall with ef=1000: 0.916518
Average Recall: 0.95563
Initial average recall with ef=1500: 0.951229
Weighted average ef: 1482.5
Training convergence-bucket 3 [77.1366, 79.5742) with 200 queries.
Average Recall: 0.94996
Initial average recall with ef=1000: 0.944422
Average Recall: 0.971579
Initial average recall with ef=1500: 0.968175
Weighted average ef: 1185.74
Training convergence-bucket 4 [79.5742, 81.4863) with 200 queries.
Average Recall: 0.97224
Initial average recall with ef=1000: 0.972711
Average Recall: 0.98646
Initial average recall with ef=1500: 0.986904
Weighted average ef: 865
Training convergence-bucket 5 [81.4863, 82.7136) with 200 queries.
Average Recall: 0.97526
Initial average recall with ef=1000: 0.978389
Average Recall: 0.98797
Initial average recall with ef=1500: 0.990057
Weighted average ef: 807.5
Training convergence-bucket 6 [82.7136, 83.9158) with 200 queries.
Average Recall: 0.98185
Initial average recall with ef=1000: 0.981491
Average Recall: 0.99202
Initial average recall with ef=1500: 0.991711
Weighted average ef: 840
Training convergence-bucket 7 [83.9158, 85.2324) with 200 queries.
Average Recall: 0.984359
Initial average recall with ef=1000: 0.98659
Average Recall: 0.993275
Initial average recall with ef=1500: 0.9945
Weighted average ef: 838.04
Training convergence-bucket 8 [85.2324, 86.6857) with 200 queries.
Average Recall: 0.987865
Initial average recall with ef=1000: 0.989182
Average Recall: 0.994555
Initial average recall with ef=1500: 0.995647
Weighted average ef: 867.5
Training convergence-bucket 9 [86.6857, inf) with 200 queries.
Average Recall: 0.988945
Initial average recall with ef=1000: 0.991594
Average Recall: 0.995579
Initial average recall with ef=1500: 0.996873
Weighted average ef: 825
Reconstructed True WAE: 1097.53 (Hard Pct: 0.02575)
****Weighted average ef: 1097
Search time: 90153 ms
Search time: 136625 ms
Search time: 156491 ms
Average Recall: 0.966511
5th percentile recall: 0.882
1st percentile recall: 0.816
Median search time: 136625 ms
Search times: 90153 ms, 136625 ms, 156491 ms,
msmarco experiment results:
statisc_length, time, avg_recall, 5th_percentile_recall, 1st_percentile_recall, recall_above_99, recall_above_95, recall_above_90
1025, 136625, 0.966511, 0.882, 0.816, 2522, 5364, 6443
Experiment finished

--- Alpha: 0.5 ---

Loading samplings from /opt/nfs_dcc/experiments/shiro-ef/sampling/msmarco-samplings--k1000-ef.bin
Samplings loaded from /opt/nfs_dcc/experiments/shiro-ef/sampling/msmarco-samplings--k1000-ef.bin
Average Recall: 0.955378
Initial average recall with ef=1000: 0.955447
Average Recall: 0.974453
Initial average recall with ef=1500: 0.974515
Weighted average ef: 1344.14
Training convergence-bucket 0 [19.2318, 58.2438) with 200 queries.
Average Recall: 0.874515
Initial average recall with ef=1000: 0.867872
Average Recall: 0.918875
Initial average recall with ef=1500: 0.914822
Weighted average ef: 2360.63
Training convergence-bucket 1 [58.2438, 62.8149) with 200 queries.
Average Recall: 0.89819
Initial average recall with ef=1000: 0.895935
Average Recall: 0.93833
Initial average recall with ef=1500: 0.93693
Weighted average ef: 1993.05
Training convergence-bucket 2 [62.8149, 68.6883) with 200 queries.
Average Recall: 0.91965
Initial average recall with ef=1000: 0.912972
Average Recall: 0.95167
Initial average recall with ef=1500: 0.947394
Weighted average ef: 1657.5
Training convergence-bucket 3 [68.6883, 74.4855) with 200 queries.
Average Recall: 0.960615
Initial average recall with ef=1000: 0.959193
Average Recall: 0.9801
Initial average recall with ef=1500: 0.979544
Weighted average ef: 1007.5
Training convergence-bucket 4 [74.4855, 77.6447) with 200 queries.
Average Recall: 0.970939
Initial average recall with ef=1000: 0.969285
Average Recall: 0.985634
Initial average recall with ef=1500: 0.984645
Weighted average ef: 935
Training convergence-bucket 5 [77.6447, 79.5736) with 200 queries.
Average Recall: 0.97774
Initial average recall with ef=1000: 0.977437
Average Recall: 0.98963
Initial average recall with ef=1500: 0.989215
Weighted average ef: 860
Training convergence-bucket 6 [79.5736, 81.3105) with 200 queries.
Average Recall: 0.983585
Initial average recall with ef=1000: 0.983953
Average Recall: 0.99276
Initial average recall with ef=1500: 0.992895
Weighted average ef: 855
Training convergence-bucket 7 [81.3105, 82.9138) with 200 queries.
Average Recall: 0.988055
Initial average recall with ef=1000: 0.988503
Average Recall: 0.995169
Initial average recall with ef=1500: 0.995414
Weighted average ef: 915
Training convergence-bucket 8 [82.9138, 84.7095) with 200 queries.
Average Recall: 0.98707
Initial average recall with ef=1000: 0.989314
Average Recall: 0.9944
Initial average recall with ef=1500: 0.995852
Weighted average ef: 875
Training convergence-bucket 9 [84.7095, inf) with 200 queries.
Average Recall: 0.993415
Initial average recall with ef=1000: 0.994253
Average Recall: 0.997945
Initial average recall with ef=1500: 0.998281
Weighted average ef: 890
Reconstructed True WAE: 1108.77 (Hard Pct: 0.02575)
****Weighted average ef: 1108
Search time: 157557 ms
Search time: 155519 ms
Search time: 158587 ms
Average Recall: 0.967171
5th percentile recall: 0.882
1st percentile recall: 0.816
Median search time: 157557 ms
Search times: 155519 ms, 157557 ms, 158587 ms,
msmarco experiment results:
statisc_length, time, avg_recall, 5th_percentile_recall, 1st_percentile_recall, recall_above_99, recall_above_95, recall_above_90
1025, 157557, 0.967171, 0.882, 0.816, 2567, 5416, 6463
Experiment finished

--- Alpha: 0.75 ---

Loading samplings from /opt/nfs_dcc/experiments/shiro-ef/sampling/msmarco-samplings--k1000-ef.bin
Samplings loaded from /opt/nfs_dcc/experiments/shiro-ef/sampling/msmarco-samplings--k1000-ef.bin
Average Recall: 0.955378
Initial average recall with ef=1000: 0.955447
Average Recall: 0.974453
Initial average recall with ef=1500: 0.974515
Weighted average ef: 1344.14
Training convergence-bucket 0 [20.2327, 50.3636) with 200 queries.
Average Recall: 0.8734
Initial average recall with ef=1000: 0.868204
Average Recall: 0.91826
Initial average recall with ef=1500: 0.915215
Weighted average ef: 2329.99
Training convergence-bucket 1 [50.3636, 55.0988) with 200 queries.
Average Recall: 0.89433
Initial average recall with ef=1000: 0.89145
Average Recall: 0.935475
Initial average recall with ef=1500: 0.933744
Weighted average ef: 1938.42
Training convergence-bucket 2 [55.0988, 62.5709) with 200 queries.
Average Recall: 0.922515
Initial average recall with ef=1000: 0.918914
Average Recall: 0.95403
Initial average recall with ef=1500: 0.951699
Weighted average ef: 1607.5
Training convergence-bucket 3 [62.5709, 69.6154) with 200 queries.
Average Recall: 0.96046
Initial average recall with ef=1000: 0.958795
Average Recall: 0.979925
Initial average recall with ef=1500: 0.979169
Weighted average ef: 992.5
Training convergence-bucket 4 [69.6154, 73.7824) with 200 queries.
Average Recall: 0.97199
Initial average recall with ef=1000: 0.970918
Average Recall: 0.986295
Initial average recall with ef=1500: 0.985652
Weighted average ef: 975
Training convergence-bucket 5 [73.7824, 76.3839) with 200 queries.
Average Recall: 0.97794
Initial average recall with ef=1000: 0.977801
Average Recall: 0.989654
Initial average recall with ef=1500: 0.989636
Weighted average ef: 907.5
Training convergence-bucket 6 [76.3839, 78.9088) with 200 queries.
Average Recall: 0.983755
Initial average recall with ef=1000: 0.983513
Average Recall: 0.992914
Initial average recall with ef=1500: 0.992829
Weighted average ef: 942.5
Training convergence-bucket 7 [78.9088, 80.8968) with 200 queries.
Average Recall: 0.98746
Initial average recall with ef=1000: 0.989158
Average Recall: 0.994494
Initial average recall with ef=1500: 0.995593
Weighted average ef: 920
Training convergence-bucket 8 [80.8968, 82.9324) with 200 queries.
Average Recall: 0.98825
Initial average recall with ef=1000: 0.989599
Average Recall: 0.99536
Initial average recall with ef=1500: 0.996049
Weighted average ef: 917.5
Training convergence-bucket 9 [82.9324, inf) with 200 queries.
Average Recall: 0.993675
Initial average recall with ef=1000: 0.994735
Average Recall: 0.998105
Initial average recall with ef=1500: 0.998661
Weighted average ef: 885
Reconstructed True WAE: 1098.14 (Hard Pct: 0.02575)
****Weighted average ef: 1098
Search time: 153707 ms
Search time: 153833 ms
Search time: 154131 ms
Average Recall: 0.966463
5th percentile recall: 0.881
1st percentile recall: 0.817
Median search time: 153833 ms
Search times: 153707 ms, 153833 ms, 154131 ms,
msmarco experiment results:
statisc_length, time, avg_recall, 5th_percentile_recall, 1st_percentile_recall, recall_above_99, recall_above_95, recall_above_90
1025, 153833, 0.966463, 0.881, 0.817, 2488, 5394, 6442
Experiment finished


Dataset: cluster_mg_uniform_100d
Metric: cd
Normalize the data vectors
Data vectors dimensions: 10000000 x 100
Query vectors dimensions: 10000 x 100
Neighbors dimensions: 10000 x 1000
Using AVX Inner Product distance
Index loaded
Dimension of space:100
Data size of space:400

--- Alpha: 0.25 ---

Loading samplings from /opt/nfs_dcc/experiments/shiro-ef/sampling/cluster_mg_uniform_100d-samplings--k1000-ef.bin
Samplings loaded from /opt/nfs_dcc/experiments/shiro-ef/sampling/cluster_mg_uniform_100d-samplings--k1000-ef.bin
Average Recall: 0.998367
Initial average recall with ef=1000: 0.996849
Average Recall: 0.998591
Initial average recall with ef=1500: 0.998095
Weighted average ef: 990
Training convergence-bucket 0 [0.8834, 49.07) with 200 queries.
Average Recall: 0.997748
Initial average recall with ef=1000: 0.99239
Average Recall: 0.997985
Initial average recall with ef=1500: 0.998011
Weighted average ef: 981.02
Training convergence-bucket 1 [49.07, 64.0135) with 200 queries.
Average Recall: 0.998
Initial average recall with ef=1000: 0.987087
Average Recall: 0.998206
Initial average recall with ef=1500: 0.992727
Weighted average ef: 915
Training convergence-bucket 2 [64.0135, 69.7177) with 200 queries.
Average Recall: 0.99849
Initial average recall with ef=1000: 0.998502
Average Recall: 0.998684
Initial average recall with ef=1500: 0.998698
Weighted average ef: 945
Training convergence-bucket 3 [69.7177, 72.7036) with 200 queries.
Average Recall: 0.998454
Initial average recall with ef=1000: 0.998425
Average Recall: 0.998749
Initial average recall with ef=1500: 0.998723
Weighted average ef: 975
Training convergence-bucket 4 [72.7036, 74.9199) with 200 queries.
Average Recall: 0.998544
Initial average recall with ef=1000: 0.998574
Average Recall: 0.998724
Initial average recall with ef=1500: 0.998761
Weighted average ef: 965
Training convergence-bucket 5 [74.9199, 76.8061) with 200 queries.
Average Recall: 0.998449
Initial average recall with ef=1000: 0.998497
Average Recall: 0.998694
Initial average recall with ef=1500: 0.99874
Weighted average ef: 965
Training convergence-bucket 6 [76.8061, 78.5166) with 200 queries.
Average Recall: 0.998519
Initial average recall with ef=1000: 0.998494
Average Recall: 0.99873
Initial average recall with ef=1500: 0.998709
Weighted average ef: 980
Training convergence-bucket 7 [78.5166, 80.1883) with 200 queries.
Average Recall: 0.998404
Initial average recall with ef=1000: 0.998392
Average Recall: 0.998644
Initial average recall with ef=1500: 0.998637
Weighted average ef: 980
Training convergence-bucket 8 [80.1883, 82.1437) with 200 queries.
Average Recall: 0.998229
Initial average recall with ef=1000: 0.99823
Average Recall: 0.99844
Initial average recall with ef=1500: 0.99844
Weighted average ef: 1000
Training convergence-bucket 9 [82.1437, inf) with 200 queries.
Average Recall: 0.998779
Initial average recall with ef=1000: 0.998803
Average Recall: 0.99901
Initial average recall with ef=1500: 0.999035
Weighted average ef: 990
Reconstructed True WAE: 1000.93 (Hard Pct: 0.00905)
****Weighted average ef: 1000
Search time: 14941 ms
Search time: 15675 ms
Search time: 15051 ms
Average Recall: 0.996659
5th percentile recall: 0.994
1st percentile recall: 0.988
Median search time: 15051 ms
Search times: 14941 ms, 15051 ms, 15675 ms,
cluster_mg_uniform_100d experiment results:
statisc_length, time, avg_recall, 5th_percentile_recall, 1st_percentile_recall, recall_above_99, recall_above_95, recall_above_90
1025, 15051, 0.996659, 0.994, 0.988, 9868, 9982, 9982
Experiment finished

--- Alpha: 0.5 ---

Loading samplings from /opt/nfs_dcc/experiments/shiro-ef/sampling/cluster_mg_uniform_100d-samplings--k1000-ef.bin
Samplings loaded from /opt/nfs_dcc/experiments/shiro-ef/sampling/cluster_mg_uniform_100d-samplings--k1000-ef.bin
Average Recall: 0.998367
Initial average recall with ef=1000: 0.996849
Average Recall: 0.998591
Initial average recall with ef=1500: 0.998095
Weighted average ef: 990
Training convergence-bucket 0 [3.2733, 46.3221) with 200 queries.
Average Recall: 0.997678
Initial average recall with ef=1000: 0.992208
Average Recall: 0.99792
Initial average recall with ef=1500: 0.99788
Weighted average ef: 915
Training convergence-bucket 1 [46.3221, 58.1429) with 200 queries.
Average Recall: 0.998131
Initial average recall with ef=1000: 0.987645
Average Recall: 0.998336
Initial average recall with ef=1500: 0.993143
Weighted average ef: 945
Training convergence-bucket 2 [58.1429, 63.4005) with 200 queries.
Average Recall: 0.998309
Initial average recall with ef=1000: 0.998429
Average Recall: 0.998555
Initial average recall with ef=1500: 0.998695
Weighted average ef: 920
Training convergence-bucket 3 [63.4005, 65.6682) with 200 queries.
Average Recall: 0.998444
Initial average recall with ef=1000: 0.99845
Average Recall: 0.99866
Initial average recall with ef=1500: 0.998668
Weighted average ef: 965
Training convergence-bucket 4 [65.6682, 67.4349) with 200 queries.
Average Recall: 0.998599
Initial average recall with ef=1000: 0.998668
Average Recall: 0.9988
Initial average recall with ef=1500: 0.998872
Weighted average ef: 980
Training convergence-bucket 5 [67.4349, 68.8189) with 200 queries.
Average Recall: 0.998389
Initial average recall with ef=1000: 0.998369
Average Recall: 0.99862
Initial average recall with ef=1500: 0.998604
Weighted average ef: 960
Training convergence-bucket 6 [68.8189, 70.0904) with 200 queries.
Average Recall: 0.998744
Initial average recall with ef=1000: 0.998735
Average Recall: 0.998995
Initial average recall with ef=1500: 0.998989
Weighted average ef: 985
Training convergence-bucket 7 [70.0904, 71.4857) with 200 queries.
Average Recall: 0.998335
Initial average recall with ef=1000: 0.998323
Average Recall: 0.998505
Initial average recall with ef=1500: 0.998495
Weighted average ef: 990
Training convergence-bucket 8 [71.4857, 73.4092) with 200 queries.
Average Recall: 0.99842
Initial average recall with ef=1000: 0.998464
Average Recall: 0.998655
Initial average recall with ef=1500: 0.998694
Weighted average ef: 980
Training convergence-bucket 9 [73.4092, inf) with 200 queries.
Average Recall: 0.998569
Initial average recall with ef=1000: 0.99857
Average Recall: 0.998825
Initial average recall with ef=1500: 0.998825
Weighted average ef: 1000
Reconstructed True WAE: 1000 (Hard Pct: 0.00905)
****Weighted average ef: 1000
Search time: 15017 ms
Search time: 15722 ms
Search time: 15237 ms
Average Recall: 0.996558
5th percentile recall: 0.994
1st percentile recall: 0.988
Median search time: 15237 ms
Search times: 15017 ms, 15237 ms, 15722 ms,
cluster_mg_uniform_100d experiment results:
statisc_length, time, avg_recall, 5th_percentile_recall, 1st_percentile_recall, recall_above_99, recall_above_95, recall_above_90
1025, 15237, 0.996558, 0.994, 0.988, 9867, 9981, 9981
Experiment finished

--- Alpha: 0.75 ---

Loading samplings from /opt/nfs_dcc/experiments/shiro-ef/sampling/cluster_mg_uniform_100d-samplings--k1000-ef.bin
Samplings loaded from /opt/nfs_dcc/experiments/shiro-ef/sampling/cluster_mg_uniform_100d-samplings--k1000-ef.bin
Average Recall: 0.998367
Initial average recall with ef=1000: 0.996849
Average Recall: 0.998591
Initial average recall with ef=1500: 0.998095
Weighted average ef: 990
Training convergence-bucket 0 [5.67771, 43.1912) with 200 queries.
Average Recall: 0.997784
Initial average recall with ef=1000: 0.992348
Average Recall: 0.99801
Initial average recall with ef=1500: 0.997978
Weighted average ef: 920
Training convergence-bucket 1 [43.1912, 54.2945) with 200 queries.
Average Recall: 0.997939
Initial average recall with ef=1000: 0.987388
Average Recall: 0.998145
Initial average recall with ef=1500: 0.992904
Weighted average ef: 940
Training convergence-bucket 2 [54.2945, 59.0679) with 200 queries.
Average Recall: 0.998474
Initial average recall with ef=1000: 0.99855
Average Recall: 0.998689
Initial average recall with ef=1500: 0.998783
Weighted average ef: 900
Training convergence-bucket 3 [59.0679, 61.2371) with 200 queries.
Average Recall: 0.998409
Initial average recall with ef=1000: 0.99845
Average Recall: 0.998649
Initial average recall with ef=1500: 0.998685
Weighted average ef: 955
Training convergence-bucket 4 [61.2371, 62.6914) with 200 queries.
Average Recall: 0.998549
Initial average recall with ef=1000: 0.998548
Average Recall: 0.998749
Initial average recall with ef=1500: 0.998748
Weighted average ef: 975
Training convergence-bucket 5 [62.6914, 63.8975) with 200 queries.
Average Recall: 0.998404
Initial average recall with ef=1000: 0.998417
Average Recall: 0.998639
Initial average recall with ef=1500: 0.998659
Weighted average ef: 970
Training convergence-bucket 6 [63.8975, 64.9513) with 200 queries.
Average Recall: 0.998529
Initial average recall with ef=1000: 0.998588
Average Recall: 0.998775
Initial average recall with ef=1500: 0.998832
Weighted average ef: 985
Training convergence-bucket 7 [64.9513, 66.2702) with 200 queries.
Average Recall: 0.998649
Initial average recall with ef=1000: 0.998644
Average Recall: 0.998874
Initial average recall with ef=1500: 0.998873
Weighted average ef: 985
Training convergence-bucket 8 [66.2702, 68.0174) with 200 queries.
Average Recall: 0.99836
Initial average recall with ef=1000: 0.99834
Average Recall: 0.998535
Initial average recall with ef=1500: 0.998518
Weighted average ef: 985
Training convergence-bucket 9 [68.0174, inf) with 200 queries.
Average Recall: 0.998519
Initial average recall with ef=1000: 0.99852
Average Recall: 0.9988
Initial average recall with ef=1500: 0.998798
Weighted average ef: 990
Reconstructed True WAE: 1000 (Hard Pct: 0.00905)
****Weighted average ef: 1000
Search time: 15024 ms
Search time: 15710 ms
Search time: 15206 ms
Average Recall: 0.996558
5th percentile recall: 0.994
1st percentile recall: 0.988
Median search time: 15206 ms
Search times: 15024 ms, 15206 ms, 15710 ms,
cluster_mg_uniform_100d experiment results:
statisc_length, time, avg_recall, 5th_percentile_recall, 1st_percentile_recall, recall_above_99, recall_above_95, recall_above_90
1025, 15206, 0.996558, 0.994, 0.988, 9867, 9981, 9981
Experiment finished


Dataset: cluster_mg_zipf_100d
Metric: cd
Normalize the data vectors
Data vectors dimensions: 10000000 x 100
Query vectors dimensions: 10000 x 100
Neighbors dimensions: 10000 x 1000
Using AVX Inner Product distance
Index loaded
Dimension of space:100
Data size of space:400

--- Alpha: 0.25 ---

Loading samplings from /opt/nfs_dcc/experiments/shiro-ef/sampling/cluster_mg_zipf_100d-samplings--k1000-ef.bin
Samplings loaded from /opt/nfs_dcc/experiments/shiro-ef/sampling/cluster_mg_zipf_100d-samplings--k1000-ef.bin
Average Recall: 0.879212
Initial average recall with ef=1000: 0.879127
Average Recall: 0.912826
Initial average recall with ef=1500: 0.912578
Weighted average ef: 2664.91
Training convergence-bucket 0 [4.58058, 41.7336) with 200 queries.
Average Recall: 0.739715
Initial average recall with ef=1000: 0.713311
Average Recall: 0.79906
Initial average recall with ef=1500: 0.777599
Weighted average ef: 3896.7
Training convergence-bucket 1 [41.7336, 46.0141) with 200 queries.
Average Recall: 0.722305
Initial average recall with ef=1000: 0.715416
Average Recall: 0.788935
Initial average recall with ef=1500: 0.783563
Recall diff is too small for 1 consecutive steps, break.
Recall diff is too small for 1 consecutive steps, break.
Weighted average ef: 4577.61
Training convergence-bucket 2 [46.0141, 50.0989) with 200 queries.
Average Recall: 0.76226
Initial average recall with ef=1000: 0.760239
Average Recall: 0.823305
Initial average recall with ef=1500: 0.821863
Weighted average ef: 4477.79
Training convergence-bucket 3 [50.0989, 55.4952) with 200 queries.
Average Recall: 0.821865
Initial average recall with ef=1000: 0.823084
Average Recall: 0.87108
Initial average recall with ef=1500: 0.872084
Weighted average ef: 3748.03
Training convergence-bucket 4 [55.4952, 62.9638) with 200 queries.
Average Recall: 0.887355
Initial average recall with ef=1000: 0.900658
Average Recall: 0.92781
Initial average recall with ef=1500: 0.936914
Weighted average ef: 1827.08
Training convergence-bucket 5 [62.9638, 68.9873) with 200 queries.
Average Recall: 0.94777
Initial average recall with ef=1000: 0.949918
Average Recall: 0.96792
Initial average recall with ef=1500: 0.969459
Weighted average ef: 1470.71
Training convergence-bucket 6 [68.9873, 74.202) with 200 queries.
Average Recall: 0.974885
Initial average recall with ef=1000: 0.977083
Average Recall: 0.985874
Initial average recall with ef=1500: 0.987315
Weighted average ef: 1061.12
Training convergence-bucket 7 [74.202, 79.1693) with 200 queries.
Average Recall: 0.9874
Initial average recall with ef=1000: 0.989258
Average Recall: 0.993365
Initial average recall with ef=1500: 0.994526
Weighted average ef: 970
Training convergence-bucket 8 [79.1693, 84.3533) with 200 queries.
Average Recall: 0.98273
Initial average recall with ef=1000: 0.982629
Average Recall: 0.9904
Initial average recall with ef=1500: 0.990391
Weighted average ef: 970
Training convergence-bucket 9 [84.3533, inf) with 200 queries.
Average Recall: 0.96582
Initial average recall with ef=1000: 0.970323
Average Recall: 0.98049
Initial average recall with ef=1500: 0.985141
Weighted average ef: 990
Reconstructed True WAE: 2516.28 (Hard Pct: 0.0012)
****Weighted average ef: 2516
Search time: 87587 ms
Search time: 87774 ms
Search time: 87370 ms
Average Recall: 0.964874
5th percentile recall: 0.83
1st percentile recall: 0.793
Median search time: 87587 ms
Search times: 87370 ms, 87587 ms, 87774 ms,
cluster_mg_zipf_100d experiment results:
statisc_length, time, avg_recall, 5th_percentile_recall, 1st_percentile_recall, recall_above_99, recall_above_95, recall_above_90
1025, 87587, 0.964874, 0.83, 0.793, 5828, 7691, 8602
Experiment finished

--- Alpha: 0.5 ---

Loading samplings from /opt/nfs_dcc/experiments/shiro-ef/sampling/cluster_mg_zipf_100d-samplings--k1000-ef.bin
Samplings loaded from /opt/nfs_dcc/experiments/shiro-ef/sampling/cluster_mg_zipf_100d-samplings--k1000-ef.bin
Average Recall: 0.879212
Initial average recall with ef=1000: 0.879127
Average Recall: 0.912826
Initial average recall with ef=1500: 0.912578
Weighted average ef: 2664.91
Training convergence-bucket 0 [5.84972, 33.966) with 200 queries.
Average Recall: 0.707765
Initial average recall with ef=1000: 0.678811
Average Recall: 0.772885
Initial average recall with ef=1500: 0.749617
Weighted average ef: 4112.5
Training convergence-bucket 1 [33.966, 37.2128) with 200 queries.
Average Recall: 0.69999
Initial average recall with ef=1000: 0.696908
Average Recall: 0.76897
Initial average recall with ef=1500: 0.766418
Recall diff is too small for 1 consecutive steps, break.
Weighted average ef: 4761.79
Training convergence-bucket 2 [37.2128, 40.2354) with 200 queries.
Average Recall: 0.749055
Initial average recall with ef=1000: 0.745734
Average Recall: 0.81522
Initial average recall with ef=1500: 0.813026
Weighted average ef: 4305.39
Training convergence-bucket 3 [40.2354, 44.2506) with 200 queries.
Average Recall: 0.842555
Initial average recall with ef=1000: 0.842418
Average Recall: 0.89021
Initial average recall with ef=1500: 0.890242
Weighted average ef: 3510.45
Training convergence-bucket 4 [44.2506, 50.0958) with 200 queries.
Average Recall: 0.906565
Initial average recall with ef=1000: 0.910653
Average Recall: 0.946465
Initial average recall with ef=1500: 0.946063
Weighted average ef: 1775.74
Training convergence-bucket 5 [50.0958, 56.7429) with 200 queries.
Average Recall: 0.955325
Initial average recall with ef=1000: 0.966597
Average Recall: 0.97253
Initial average recall with ef=1500: 0.98323
Weighted average ef: 1095.1
Training convergence-bucket 6 [56.7429, 64.6342) with 200 queries.
Average Recall: 0.99071
Initial average recall with ef=1000: 0.991376
Average Recall: 0.995679
Initial average recall with ef=1500: 0.996258
Weighted average ef: 970
Training convergence-bucket 7 [64.6342, 72.2459) with 200 queries.
Average Recall: 0.993864
Initial average recall with ef=1000: 0.994328
Average Recall: 0.99659
Initial average recall with ef=1500: 0.996698
Weighted average ef: 960
Training convergence-bucket 8 [72.2459, 79.8512) with 200 queries.
Average Recall: 0.984275
Initial average recall with ef=1000: 0.984287
Average Recall: 0.9909
Initial average recall with ef=1500: 0.990949
Weighted average ef: 975
Training convergence-bucket 9 [79.8512, inf) with 200 queries.
Average Recall: 0.962
Initial average recall with ef=1000: 0.966633
Average Recall: 0.97879
Initial average recall with ef=1500: 0.983507
Weighted average ef: 995
Reconstructed True WAE: 2435.1 (Hard Pct: 0.0012)
****Weighted average ef: 2435
Search time: 86275 ms
Search time: 86012 ms
Search time: 86052 ms
Average Recall: 0.964968
5th percentile recall: 0.832
1st percentile recall: 0.797
Median search time: 86052 ms
Search times: 86012 ms, 86052 ms, 86275 ms,
cluster_mg_zipf_100d experiment results:
statisc_length, time, avg_recall, 5th_percentile_recall, 1st_percentile_recall, recall_above_99, recall_above_95, recall_above_90
1025, 86052, 0.964968, 0.832, 0.797, 5723, 7691, 8625
Experiment finished

--- Alpha: 0.75 ---

Loading samplings from /opt/nfs_dcc/experiments/shiro-ef/sampling/cluster_mg_zipf_100d-samplings--k1000-ef.bin
Samplings loaded from /opt/nfs_dcc/experiments/shiro-ef/sampling/cluster_mg_zipf_100d-samplings--k1000-ef.bin
Average Recall: 0.879212
Initial average recall with ef=1000: 0.879127
Average Recall: 0.912826
Initial average recall with ef=1500: 0.912578
Weighted average ef: 2664.91
Training convergence-bucket 0 [8.38387, 28.1329) with 200 queries.
Average Recall: 0.689165
Initial average recall with ef=1000: 0.660729
Average Recall: 0.756175
Initial average recall with ef=1500: 0.73326
Weighted average ef: 4145
Training convergence-bucket 1 [28.1329, 30.7484) with 200 queries.
Average Recall: 0.69078
Initial average recall with ef=1000: 0.688594
Average Recall: 0.76276
Initial average recall with ef=1500: 0.760615
Weighted average ef: 4565.56
Training convergence-bucket 2 [30.7484, 33.8092) with 200 queries.
Average Recall: 0.754115
Initial average recall with ef=1000: 0.752884
Average Recall: 0.81893
Initial average recall with ef=1500: 0.818025
Weighted average ef: 4399.3
Training convergence-bucket 3 [33.8092, 37.3297) with 200 queries.
Average Recall: 0.84119
Initial average recall with ef=1000: 0.839282
Average Recall: 0.89196
Initial average recall with ef=1500: 0.890667
Weighted average ef: 3269.76
Training convergence-bucket 4 [37.3297, 42.6927) with 200 queries.
Average Recall: 0.92062
Initial average recall with ef=1000: 0.923876
Average Recall: 0.957535
Initial average recall with ef=1500: 0.956655
Weighted average ef: 1638.91
Training convergence-bucket 5 [42.6927, 49.6957) with 200 queries.
Average Recall: 0.963594
Initial average recall with ef=1000: 0.973726
Average Recall: 0.97817
Initial average recall with ef=1500: 0.988177
Weighted average ef: 945
Training convergence-bucket 6 [49.6957, 59.5242) with 200 queries.
Average Recall: 0.993619
Initial average recall with ef=1000: 0.994026
Average Recall: 0.997285
Initial average recall with ef=1500: 0.997531
Weighted average ef: 970
Training convergence-bucket 7 [59.5242, 68.272) with 200 queries.
Average Recall: 0.993944
Initial average recall with ef=1000: 0.994763
Average Recall: 0.99625
Initial average recall with ef=1500: 0.996804
Weighted average ef: 970
Training convergence-bucket 8 [68.272, 77.1845) with 200 queries.
Average Recall: 0.983105
Initial average recall with ef=1000: 0.983515
Average Recall: 0.9904
Initial average recall with ef=1500: 0.990562
Weighted average ef: 970
Training convergence-bucket 9 [77.1845, inf) with 200 queries.
Average Recall: 0.96197
Initial average recall with ef=1000: 0.966603
Average Recall: 0.978775
Initial average recall with ef=1500: 0.983492
Weighted average ef: 995
Reconstructed True WAE: 2374.66 (Hard Pct: 0.0012)
****Weighted average ef: 2374
Search time: 84945 ms
Search time: 84884 ms
Search time: 84724 ms
Average Recall: 0.964841
5th percentile recall: 0.833
1st percentile recall: 0.798
Median search time: 84884 ms
Search times: 84724 ms, 84884 ms, 84945 ms,
cluster_mg_zipf_100d experiment results:
statisc_length, time, avg_recall, 5th_percentile_recall, 1st_percentile_recall, recall_above_99, recall_above_95, recall_above_90
1025, 84884, 0.964841, 0.833, 0.798, 5623, 7670, 8639
Experiment finished
Starting ablation study tests: n_convergence_buckets...




Dataset: deep-image-96-angular
Metric: cd
Normalize the data vectors
Data vectors dimensions: 9990000 x 96
Query vectors dimensions: 10000 x 96
Neighbors dimensions: 10000 x 100
Using AVX Inner Product distance
Index loaded
Dimension of space:96
Data size of space:384

--- n_convergence_buckets: 0 ---

Loading samplings from /opt/nfs_dcc/experiments/shiro-ef/sampling/deep-image-96-angular-samplings--k100-ef.bin
Samplings loaded from /opt/nfs_dcc/experiments/shiro-ef/sampling/deep-image-96-angular-samplings--k100-ef.bin
Average Recall: 0.832827
Initial average recall with ef=100: 0.833511
Average Recall: 0.881806
Initial average recall with ef=150: 0.882422
Weighted average ef: 388.604
Training absolute cv-matrix bin 31 with 3 queries.
Average Recall: 0.56
Initial average recall with ef=100: -nan
Average Recall: 0.63
Initial average recall with ef=150: -nan
Weighted average ef: 0
Training absolute cv-matrix bin 32 with 3 queries.
Average Recall: 0.623333
Initial average recall with ef=100: -nan
Average Recall: 0.75
Initial average recall with ef=150: -nan
Weighted average ef: 0
Training absolute cv-matrix bin 34 with 6 queries.
Average Recall: 0.631667
Initial average recall with ef=100: -nan
Average Recall: 0.72
Initial average recall with ef=150: -nan
Weighted average ef: 0
Training absolute cv-matrix bin 35 with 7 queries.
Average Recall: 0.61
Initial average recall with ef=100: 0.596667
Average Recall: 0.678571
Initial average recall with ef=150: 0.656667
Weighted average ef: 439.286
Training absolute cv-matrix bin 36 with 7 queries.
Average Recall: 0.644286
Initial average recall with ef=100: -nan
Average Recall: 0.715714
Initial average recall with ef=150: -nan
Weighted average ef: 0
Training absolute cv-matrix bin 37 with 9 queries.
Average Recall: 0.572222
Initial average recall with ef=100: -nan
Average Recall: 0.68
Initial average recall with ef=150: -nan
Weighted average ef: 0
Training absolute cv-matrix bin 38 with 19 queries.
Average Recall: 0.637895
Initial average recall with ef=100: 0.71
Average Recall: 0.709474
Initial average recall with ef=150: 0.783
Weighted average ef: 282.211
Training absolute cv-matrix bin 39 with 16 queries.
Average Recall: 0.60875
Initial average recall with ef=100: 0.64
Average Recall: 0.695625
Initial average recall with ef=150: 0.736
Weighted average ef: 277.188
Training absolute cv-matrix bin 40 with 18 queries.
Average Recall: 0.629444
Initial average recall with ef=100: 0.649091
Average Recall: 0.69
Initial average recall with ef=150: 0.71
Weighted average ef: 575.556
Training absolute cv-matrix bin 41 with 31 queries.
Average Recall: 0.613226
Initial average recall with ef=100: 0.63913
Average Recall: 0.698387
Initial average recall with ef=150: 0.718696
Weighted average ef: 612.548
Training absolute cv-matrix bin 42 with 35 queries.
Average Recall: 0.621714
Initial average recall with ef=100: 0.612692
Average Recall: 0.699143
Initial average recall with ef=150: 0.687692
Weighted average ef: 779.914
Training absolute cv-matrix bin 43 with 43 queries.
Average Recall: 0.632791
Initial average recall with ef=100: 0.640968
Average Recall: 0.713953
Initial average recall with ef=150: 0.71871
Weighted average ef: 575.86
Training absolute cv-matrix bin 44 with 33 queries.
Average Recall: 0.588182
Initial average recall with ef=100: 0.582593
Average Recall: 0.670606
Initial average recall with ef=150: 0.663333
Weighted average ef: 921.424
Training absolute cv-matrix bin 45 with 57 queries.
Average Recall: 0.642105
Initial average recall with ef=100: 0.613
Average Recall: 0.726842
Initial average recall with ef=150: 0.70675
Weighted average ef: 712.509
Training absolute cv-matrix bin 46 with 51 queries.
Average Recall: 0.65902
Initial average recall with ef=100: 0.651515
Average Recall: 0.732745
Initial average recall with ef=150: 0.722727
Weighted average ef: 671.059
Training absolute cv-matrix bin 47 with 57 queries.
Average Recall: 0.643158
Initial average recall with ef=100: 0.638444
Average Recall: 0.727193
Initial average recall with ef=150: 0.722889
Recall diff is too small for 1 consecutive steps, break.
Weighted average ef: 729.053
Training absolute cv-matrix bin 48 with 67 queries.
Average Recall: 0.644627
Initial average recall with ef=100: 0.64898
Average Recall: 0.731045
Initial average recall with ef=150: 0.729184
Recall diff is too small for 1 consecutive steps, break.
Weighted average ef: 667.179
Training absolute cv-matrix bin 49 with 18 queries.
Average Recall: 0.725
Initial average recall with ef=100: 0.76
Average Recall: 0.804444
Initial average recall with ef=150: 0.83
Weighted average ef: 139
Training absolute cv-matrix bin 50 with 21 queries.
Average Recall: 0.729048
Initial average recall with ef=100: 0.801428
Average Recall: 0.799048
Initial average recall with ef=150: 0.875714
Weighted average ef: 102.619
Training absolute cv-matrix bin 51 with 17 queries.
Average Recall: 0.747059
Initial average recall with ef=100: 0.806667
Average Recall: 0.822353
Initial average recall with ef=150: 0.88
Weighted average ef: 86.1176
Training absolute cv-matrix bin 52 with 32 queries.
Average Recall: 0.766875
Initial average recall with ef=100: 0.763846
Average Recall: 0.83375
Initial average recall with ef=150: 0.832308
Weighted average ef: 231
Training absolute cv-matrix bin 53 with 35 queries.
Average Recall: 0.795143
Initial average recall with ef=100: 0.764211
Average Recall: 0.861143
Initial average recall with ef=150: 0.846316
Weighted average ef: 227.286
Training absolute cv-matrix bin 54 with 49 queries.
Average Recall: 0.773265
Initial average recall with ef=100: 0.771818
Average Recall: 0.846326
Initial average recall with ef=150: 0.840909
Weighted average ef: 270.306
Training absolute cv-matrix bin 55 with 38 queries.
Average Recall: 0.803947
Initial average recall with ef=100: 0.812381
Average Recall: 0.862368
Initial average recall with ef=150: 0.873333
Weighted average ef: 189.211
Training absolute cv-matrix bin 56 with 53 queries.
Average Recall: 0.815094
Initial average recall with ef=100: 0.839714
Average Recall: 0.874906
Initial average recall with ef=150: 0.9
Weighted average ef: 173.962
Training absolute cv-matrix bin 57 with 59 queries.
Average Recall: 0.833559
Initial average recall with ef=100: 0.830833
Average Recall: 0.895254
Initial average recall with ef=150: 0.894167
Weighted average ef: 171.746
Training absolute cv-matrix bin 58 with 49 queries.
Average Recall: 0.821837
Initial average recall with ef=100: 0.8072
Average Recall: 0.879796
Initial average recall with ef=150: 0.8652
Weighted average ef: 180.429
Training absolute cv-matrix bin 59 with 45 queries.
Average Recall: 0.833111
Initial average recall with ef=100: 0.839091
Average Recall: 0.890889
Initial average recall with ef=150: 0.897727
Weighted average ef: 131.644
Training absolute cv-matrix bin 60 with 58 queries.
Average Recall: 0.843104
Initial average recall with ef=100: 0.839744
Average Recall: 0.9
Initial average recall with ef=150: 0.897692
Weighted average ef: 204.741
Training absolute cv-matrix bin 61 with 62 queries.
Average Recall: 0.858387
Initial average recall with ef=100: 0.846216
Average Recall: 0.911129
Initial average recall with ef=150: 0.901892
Weighted average ef: 154.565
Training absolute cv-matrix bin 62 with 48 queries.
Average Recall: 0.861875
Initial average recall with ef=100: 0.861905
Average Recall: 0.916042
Initial average recall with ef=150: 0.917619
Weighted average ef: 103.75
Training absolute cv-matrix bin 63 with 44 queries.
Average Recall: 0.889318
Initial average recall with ef=100: 0.894545
Average Recall: 0.934091
Initial average recall with ef=150: 0.94
Weighted average ef: 101.023
Training absolute cv-matrix bin 64 with 55 queries.
Average Recall: 0.897455
Initial average recall with ef=100: 0.8932
Average Recall: 0.940727
Initial average recall with ef=150: 0.9408
Weighted average ef: 92.7273
Training absolute cv-matrix bin 65 with 58 queries.
Average Recall: 0.888793
Initial average recall with ef=100: 0.883513
Average Recall: 0.936207
Initial average recall with ef=150: 0.933784
Weighted average ef: 134.138
Training absolute cv-matrix bin 66 with 53 queries.
Average Recall: 0.904151
Initial average recall with ef=100: 0.914706
Average Recall: 0.943962
Initial average recall with ef=150: 0.95
Weighted average ef: 113.094
Training absolute cv-matrix bin 67 with 36 queries.
Average Recall: 0.913056
Initial average recall with ef=100: 0.925294
Average Recall: 0.946111
Initial average recall with ef=150: 0.955294
Weighted average ef: 70.8333
Training absolute cv-matrix bin 68 with 59 queries.
Average Recall: 0.913729
Initial average recall with ef=100: 0.917941
Average Recall: 0.951864
Initial average recall with ef=150: 0.958235
Weighted average ef: 89.4068
Training absolute cv-matrix bin 69 with 59 queries.
Average Recall: 0.937966
Initial average recall with ef=100: 0.94129
Average Recall: 0.96678
Initial average recall with ef=150: 0.969677
Weighted average ef: 70.339
Training absolute cv-matrix bin 70 with 52 queries.
Average Recall: 0.949615
Initial average recall with ef=100: 0.963333
Average Recall: 0.973077
Initial average recall with ef=150: 0.982963
Weighted average ef: 55.7692
Training absolute cv-matrix bin 71 with 45 queries.
Average Recall: 0.941111
Initial average recall with ef=100: 0.9468
Average Recall: 0.967333
Initial average recall with ef=150: 0.9724
Weighted average ef: 76.2222
Training absolute cv-matrix bin 72 with 50 queries.
Average Recall: 0.9642
Initial average recall with ef=100: 0.964815
Average Recall: 0.9836
Initial average recall with ef=150: 0.984815
Weighted average ef: 61
Training absolute cv-matrix bin 73 with 37 queries.
Average Recall: 0.958378
Initial average recall with ef=100: 0.954375
Average Recall: 0.980541
Initial average recall with ef=150: 0.97875
Weighted average ef: 52.7027
Training absolute cv-matrix bin 74 with 57 queries.
Average Recall: 0.964035
Initial average recall with ef=100: 0.965429
Average Recall: 0.982983
Initial average recall with ef=150: 0.985429
Weighted average ef: 64.9123
Training absolute cv-matrix bin 75 with 26 queries.
Average Recall: 0.96
Initial average recall with ef=100: 0.96
Average Recall: 0.983461
Initial average recall with ef=150: 0.99
Weighted average ef: 23.0769
Training absolute cv-matrix bin 76 with 42 queries.
Average Recall: 0.954762
Initial average recall with ef=100: 0.96
Average Recall: 0.979524
Initial average recall with ef=150: 0.9845
Weighted average ef: 52.381
Training absolute cv-matrix bin 77 with 33 queries.
Average Recall: 0.968182
Initial average recall with ef=100: 0.975
Average Recall: 0.985758
Initial average recall with ef=150: 0.989286
Weighted average ef: 46.9697
Training absolute cv-matrix bin 78 with 36 queries.
Average Recall: 0.967778
Initial average recall with ef=100: 0.9815
Average Recall: 0.985833
Initial average recall with ef=150: 0.991
Weighted average ef: 55.5556
Training absolute cv-matrix bin 79 with 35 queries.
Average Recall: 0.976857
Initial average recall with ef=100: 0.985556
Average Recall: 0.988571
Initial average recall with ef=150: 0.994445
Weighted average ef: 51.4286
Training absolute cv-matrix bin 80 with 36 queries.
Average Recall: 0.985833
Initial average recall with ef=100: 0.993333
Average Recall: 0.994167
Initial average recall with ef=150: 0.998333
Weighted average ef: 50
Training absolute cv-matrix bin 81 with 25 queries.
Average Recall: 0.9836
Initial average recall with ef=100: 0.991333
Average Recall: 0.9948
Initial average recall with ef=150: 0.998
Weighted average ef: 60
Training absolute cv-matrix bin 82 with 26 queries.
Average Recall: 0.988077
Initial average recall with ef=100: 0.9915
Average Recall: 0.996538
Initial average recall with ef=150: 0.9975
Weighted average ef: 76.9231
Training absolute cv-matrix bin 83 with 18 queries.
Average Recall: 0.992778
Initial average recall with ef=100: 0.997857
Average Recall: 0.996667
Initial average recall with ef=150: 0.999286
Weighted average ef: 77.7778
Training absolute cv-matrix bin 84 with 27 queries.
Average Recall: 0.965926
Initial average recall with ef=100: 0.9636
Average Recall: 0.968518
Initial average recall with ef=150: 0.9664
Weighted average ef: 92.5926
Training absolute cv-matrix bin 85 with 14 queries.
Average Recall: 0.991428
Initial average recall with ef=100: 0.996923
Average Recall: 0.997143
Initial average recall with ef=150: 1
Weighted average ef: 92.8571
Training absolute cv-matrix bin 86 with 11 queries.
Average Recall: 0.997273
Initial average recall with ef=100: 0.998889
Average Recall: 1
Initial average recall with ef=150: 1
Weighted average ef: 81.8182
Training absolute cv-matrix bin 87 with 7 queries.
Average Recall: 0.998571
Initial average recall with ef=100: 0.998571
Average Recall: 1
Initial average recall with ef=150: 1
Weighted average ef: 100
Training absolute cv-matrix bin 88 with 4 queries.
Average Recall: 1
Initial average recall with ef=100: 1
Average Recall: 1
Initial average recall with ef=150: 1
Weighted average ef: 100
Reconstructed True WAE: 100 (Hard Pct: 0.0208)
Search time: 5436 ms
Search time: 5431 ms
Search time: 5435 ms
Average Recall: 0.858457
5th percentile recall: 0.61
1st percentile recall: 0.46
Median search time: 5435 ms
Search times: 5431 ms, 5435 ms, 5436 ms,
deep-image-96-angular experiment results:
statisc_length, time, avg_recall, 5th_percentile_recall, 1st_percentile_recall, recall_above_99, recall_above_95, recall_above_90
1025, 5435, 0.858457, 0.61, 0.46, 1337, 2758, 4560
Experiment finished

--- n_convergence_buckets: 5 ---

Loading samplings from /opt/nfs_dcc/experiments/shiro-ef/sampling/deep-image-96-angular-samplings--k100-ef.bin
Samplings loaded from /opt/nfs_dcc/experiments/shiro-ef/sampling/deep-image-96-angular-samplings--k100-ef.bin
Average Recall: 0.832827
Initial average recall with ef=100: 0.833511
Average Recall: 0.881806
Initial average recall with ef=150: 0.882422
Weighted average ef: 388.604
Training convergence-bucket 0 [26.0075, 48.0468) with 400 queries.
Average Recall: 0.62845
Initial average recall with ef=100: 0.625526
Average Recall: 0.7089
Initial average recall with ef=150: 0.706474
Recall diff is too small for 1 consecutive steps, break.
Weighted average ef: 923.95
Training convergence-bucket 1 [48.0468, 58.2147) with 400 queries.
Average Recall: 0.76535
Initial average recall with ef=100: 0.766816
Average Recall: 0.834725
Initial average recall with ef=150: 0.835395
Recall diff is too small for 1 consecutive steps, break.
Weighted average ef: 456.577
Training convergence-bucket 2 [58.2147, 65.8844) with 400 queries.
Average Recall: 0.8634
Initial average recall with ef=100: 0.863522
Average Recall: 0.91495
Initial average recall with ef=150: 0.915039
Recall diff is too small for 1 consecutive steps, break.
Weighted average ef: 241.927
Training convergence-bucket 3 [65.8844, 74.0583) with 400 queries.
Average Recall: 0.934125
Initial average recall with ef=100: 0.937218
Average Recall: 0.9637
Initial average recall with ef=150: 0.966037
Weighted average ef: 135.965
Training convergence-bucket 4 [74.0583, inf) with 400 queries.
Average Recall: 0.972825
Initial average recall with ef=100: 0.974278
Average Recall: 0.986775
Initial average recall with ef=150: 0.987784
Weighted average ef: 103.125
Reconstructed True WAE: 245.286 (Hard Pct: 0.0208)
Search time: 13448 ms
Search time: 12695 ms
Search time: 13318 ms
Average Recall: 0.979374
5th percentile recall: 0.93
1st percentile recall: 0.89
Median search time: 13318 ms
Search times: 12695 ms, 13318 ms, 13448 ms,
deep-image-96-angular experiment results:
statisc_length, time, avg_recall, 5th_percentile_recall, 1st_percentile_recall, recall_above_99, recall_above_95, recall_above_90
1025, 13318, 0.979374, 0.93, 0.89, 5374, 8565, 9843
Experiment finished

--- n_convergence_buckets: 10 ---

Loading samplings from /opt/nfs_dcc/experiments/shiro-ef/sampling/deep-image-96-angular-samplings--k100-ef.bin
Samplings loaded from /opt/nfs_dcc/experiments/shiro-ef/sampling/deep-image-96-angular-samplings--k100-ef.bin
Average Recall: 0.832827
Initial average recall with ef=100: 0.833511
Average Recall: 0.881806
Initial average recall with ef=150: 0.882422
Weighted average ef: 388.604
Training convergence-bucket 0 [26.0075, 43.8954) with 200 queries.
Average Recall: 0.6188
Initial average recall with ef=100: 0.619577
Average Recall: 0.69815
Initial average recall with ef=150: 0.699153
Recall diff is too small for 1 consecutive steps, break.
Weighted average ef: 942.05
Training convergence-bucket 1 [43.8954, 48.0468) with 200 queries.
Average Recall: 0.6381
Initial average recall with ef=100: 0.628895
Average Recall: 0.71965
Initial average recall with ef=150: 0.711713
Recall diff is too small for 1 consecutive steps, break.
Weighted average ef: 863.62
Training convergence-bucket 2 [48.0468, 54.2325) with 200 queries.
Average Recall: 0.721
Initial average recall with ef=100: 0.722033
Average Recall: 0.7971
Initial average recall with ef=150: 0.796593
Recall diff is too small for 1 consecutive steps, break.
Recall diff is too small for 1 consecutive steps, break.
Weighted average ef: 564.53
Training convergence-bucket 3 [54.2325, 58.2147) with 200 queries.
Average Recall: 0.8097
Initial average recall with ef=100: 0.805435
Average Recall: 0.87235
Initial average recall with ef=150: 0.869185
Recall diff is too small for 1 consecutive steps, break.
Weighted average ef: 327.14
Training convergence-bucket 4 [58.2147, 61.9856) with 200 queries.
Average Recall: 0.84295
Initial average recall with ef=100: 0.840924
Average Recall: 0.8986
Initial average recall with ef=150: 0.896793
Weighted average ef: 267.03
Training convergence-bucket 5 [61.9856, 65.8844) with 200 queries.
Average Recall: 0.88385
Initial average recall with ef=100: 0.885323
Average Recall: 0.9313
Initial average recall with ef=150: 0.932365
Recall diff is too small for 1 consecutive steps, break.
Weighted average ef: 196.535
Training convergence-bucket 6 [65.8844, 69.7634) with 200 queries.
Average Recall: 0.9161
Initial average recall with ef=100: 0.919553
Average Recall: 0.95205
Initial average recall with ef=150: 0.955084
Weighted average ef: 150.75
Training convergence-bucket 7 [69.7634, 74.0583) with 200 queries.
Average Recall: 0.95215
Initial average recall with ef=100: 0.952963
Average Recall: 0.97535
Initial average recall with ef=150: 0.976191
Weighted average ef: 115.375
Training convergence-bucket 8 [74.0583, 79.2991) with 200 queries.
Average Recall: 0.96275
Initial average recall with ef=100: 0.96492
Average Recall: 0.98315
Initial average recall with ef=150: 0.985027
Weighted average ef: 104.5
Training convergence-bucket 9 [79.2991, inf) with 200 queries.
Average Recall: 0.9829
Initial average recall with ef=100: 0.984162
Average Recall: 0.9904
Initial average recall with ef=150: 0.990973
Weighted average ef: 93.25
Reconstructed True WAE: 250.605 (Hard Pct: 0.0208)
Search time: 13512 ms
Search time: 13770 ms
Search time: 13264 ms
Average Recall: 0.980564
5th percentile recall: 0.93
1st percentile recall: 0.9
Median search time: 13512 ms
Search times: 13264 ms, 13512 ms, 13770 ms,
deep-image-96-angular experiment results:
statisc_length, time, avg_recall, 5th_percentile_recall, 1st_percentile_recall, recall_above_99, recall_above_95, recall_above_90
1025, 13512, 0.980564, 0.93, 0.9, 5585, 8699, 9859
Experiment finished

--- n_convergence_buckets: 15 ---

Loading samplings from /opt/nfs_dcc/experiments/shiro-ef/sampling/deep-image-96-angular-samplings--k100-ef.bin
Samplings loaded from /opt/nfs_dcc/experiments/shiro-ef/sampling/deep-image-96-angular-samplings--k100-ef.bin
Average Recall: 0.832827
Initial average recall with ef=100: 0.833511
Average Recall: 0.881806
Initial average recall with ef=150: 0.882422
Weighted average ef: 388.604
Training convergence-bucket 0 [26.0075, 42.3542) with 133 queries.
Average Recall: 0.609624
Initial average recall with ef=100: 0.618814
Average Recall: 0.689774
Initial average recall with ef=150: 0.69983
Recall diff is too small for 1 consecutive steps, break.
Weighted average ef: 920.857
Training convergence-bucket 1 [42.3542, 45.6393) with 133 queries.
Average Recall: 0.625113
Initial average recall with ef=100: 0.620909
Average Recall: 0.705413
Initial average recall with ef=150: 0.703306
Weighted average ef: 852.143
Training convergence-bucket 2 [45.6393, 47.9776) with 133 queries.
Average Recall: 0.651278
Initial average recall with ef=100: 0.640442
Average Recall: 0.73203
Initial average recall with ef=150: 0.722832
Weighted average ef: 809.669
Training convergence-bucket 3 [47.9776, 52.3303) with 133 queries.
Average Recall: 0.689023
Initial average recall with ef=100: 0.69114
Average Recall: 0.769699
Initial average recall with ef=150: 0.769298
Recall diff is too small for 1 consecutive steps, break.
Recall diff is too small for 1 consecutive steps, break.
Weighted average ef: 623.226
Training convergence-bucket 4 [52.3303, 55.6934) with 133 queries.
Average Recall: 0.783233
Initial average recall with ef=100: 0.781147
Average Recall: 0.849925
Initial average recall with ef=150: 0.847049
Weighted average ef: 397.865
Training convergence-bucket 5 [55.6934, 58.2011) with 133 queries.
Average Recall: 0.820752
Initial average recall with ef=100: 0.817182
Average Recall: 0.881804
Initial average recall with ef=150: 0.880273
Weighted average ef: 258.526
Training convergence-bucket 6 [58.2011, 60.8084) with 133 queries.
Average Recall: 0.835338
Initial average recall with ef=100: 0.83087
Average Recall: 0.892105
Initial average recall with ef=150: 0.888
Weighted average ef: 260.797
Training convergence-bucket 7 [60.8084, 63.2094) with 133 queries.
Average Recall: 0.862557
Initial average recall with ef=100: 0.862605
Average Recall: 0.915489
Initial average recall with ef=150: 0.915966
Weighted average ef: 218.662
Training convergence-bucket 8 [63.2094, 65.8714) with 133 queries.
Average Recall: 0.890451
Initial average recall with ef=100: 0.892759
Average Recall: 0.93594
Initial average recall with ef=150: 0.937845
Weighted average ef: 177.474
Training convergence-bucket 9 [65.8714, 68.6311) with 133 queries.
Average Recall: 0.911429
Initial average recall with ef=100: 0.914286
Average Recall: 0.948797
Initial average recall with ef=150: 0.950804
Weighted average ef: 146.992
Training convergence-bucket 10 [68.6311, 70.9576) with 133 queries.
Average Recall: 0.935413
Initial average recall with ef=100: 0.938727
Average Recall: 0.964587
Initial average recall with ef=150: 0.967455
Weighted average ef: 118.797
Training convergence-bucket 11 [70.9576, 73.9584) with 133 queries.
Average Recall: 0.954361
Initial average recall with ef=100: 0.955122
Average Recall: 0.976992
Initial average recall with ef=150: 0.977967
Weighted average ef: 112.406
Training convergence-bucket 12 [73.9584, 77.0973) with 133 queries.
Average Recall: 0.960301
Initial average recall with ef=100: 0.963193
Average Recall: 0.982331
Initial average recall with ef=150: 0.984622
Weighted average ef: 96.2406
Training convergence-bucket 13 [77.0973, 80.9308) with 133 queries.
Average Recall: 0.975489
Initial average recall with ef=100: 0.97958
Average Recall: 0.988872
Initial average recall with ef=150: 0.991176
Weighted average ef: 92.8571
Training convergence-bucket 14 [80.9308, inf) with 138 queries.
Average Recall: 0.982464
Initial average recall with ef=100: 0.98405
Average Recall: 0.989348
Initial average recall with ef=150: 0.989752
Weighted average ef: 87.6812
Reconstructed True WAE: 250.52 (Hard Pct: 0.0208)
Search time: 13712 ms
Search time: 13801 ms
Search time: 14057 ms
Average Recall: 0.981064
5th percentile recall: 0.94
1st percentile recall: 0.9
Median search time: 13801 ms
Search times: 13712 ms, 13801 ms, 14057 ms,
deep-image-96-angular experiment results:
statisc_length, time, avg_recall, 5th_percentile_recall, 1st_percentile_recall, recall_above_99, recall_above_95, recall_above_90
1025, 13801, 0.981064, 0.94, 0.9, 5663, 8742, 9868
Experiment finished

--- n_convergence_buckets: 20 ---

Loading samplings from /opt/nfs_dcc/experiments/shiro-ef/sampling/deep-image-96-angular-samplings--k100-ef.bin
Samplings loaded from /opt/nfs_dcc/experiments/shiro-ef/sampling/deep-image-96-angular-samplings--k100-ef.bin
Average Recall: 0.832827
Initial average recall with ef=100: 0.833511
Average Recall: 0.881806
Initial average recall with ef=150: 0.882422
Weighted average ef: 388.604
Training convergence-bucket 0 [26.0075, 41.1628) with 100 queries.
Average Recall: 0.6102
Initial average recall with ef=100: 0.61814
Average Recall: 0.6887
Initial average recall with ef=150: 0.697791
Recall diff is too small for 1 consecutive steps, break.
Recall diff is too small for 1 consecutive steps, break.
Weighted average ef: 885.65
Training convergence-bucket 1 [41.1628, 43.8954) with 100 queries.
Average Recall: 0.6274
Initial average recall with ef=100: 0.632697
Average Recall: 0.7076
Initial average recall with ef=150: 0.713258
Weighted average ef: 772.32
Training convergence-bucket 2 [43.8954, 46.1888) with 100 queries.
Average Recall: 0.6232
Initial average recall with ef=100: 0.597831
Average Recall: 0.7059
Initial average recall with ef=150: 0.685663
Weighted average ef: 864.5
Training convergence-bucket 3 [46.1888, 48.0468) with 100 queries.
Average Recall: 0.653
Initial average recall with ef=100: 0.642941
Average Recall: 0.7334
Initial average recall with ef=150: 0.722353
Weighted average ef: 794.15
Training convergence-bucket 4 [48.0468, 50.5783) with 100 queries.
Average Recall: 0.6739
Initial average recall with ef=100: 0.687614
Average Recall: 0.7558
Initial average recall with ef=150: 0.764886
Recall diff is too small for 1 consecutive steps, break.
Recall diff is too small for 1 consecutive steps, break.
Weighted average ef: 670.8
Training convergence-bucket 5 [50.5783, 54.2325) with 100 queries.
Average Recall: 0.7681
Initial average recall with ef=100: 0.761429
Average Recall: 0.8384
Initial average recall with ef=150: 0.833333
Weighted average ef: 371.67
Training convergence-bucket 6 [54.2325, 56.5996) with 100 queries.
Average Recall: 0.7969
Initial average recall with ef=100: 0.798333
Average Recall: 0.8596
Initial average recall with ef=150: 0.862976
Weighted average ef: 308.62
Training convergence-bucket 7 [56.5996, 58.2147) with 100 queries.
Average Recall: 0.8225
Initial average recall with ef=100: 0.818701
Average Recall: 0.8851
Initial average recall with ef=150: 0.882468
Weighted average ef: 244.43
Training convergence-bucket 8 [58.2147, 60.2159) with 100 queries.
Average Recall: 0.834
Initial average recall with ef=100: 0.830349
Average Recall: 0.8896
Initial average recall with ef=150: 0.886046
Weighted average ef: 261.01
Training convergence-bucket 9 [60.2159, 61.9856) with 100 queries.
Average Recall: 0.8519
Initial average recall with ef=100: 0.846386
Average Recall: 0.9076
Initial average recall with ef=150: 0.903012
Weighted average ef: 221.81
Training convergence-bucket 10 [61.9856, 64.1715) with 100 queries.
Average Recall: 0.8771
Initial average recall with ef=100: 0.880127
Average Recall: 0.9267
Initial average recall with ef=150: 0.929873
Recall diff is too small for 1 consecutive steps, break.
Weighted average ef: 171.98
Training convergence-bucket 11 [64.1715, 65.8844) with 100 queries.
Average Recall: 0.8906
Initial average recall with ef=100: 0.898182
Average Recall: 0.9359
Initial average recall with ef=150: 0.942208
Weighted average ef: 143.73
Training convergence-bucket 12 [65.8844, 68.0719) with 100 queries.
Average Recall: 0.9095
Initial average recall with ef=100: 0.912651
Average Recall: 0.9463
Initial average recall with ef=150: 0.948675
Weighted average ef: 150.7
Training convergence-bucket 13 [68.0719, 69.7634) with 100 queries.
Average Recall: 0.9227
Initial average recall with ef=100: 0.928421
Average Recall: 0.9578
Initial average recall with ef=150: 0.963947
Weighted average ef: 116.5
Training convergence-bucket 14 [69.7634, 71.7635) with 100 queries.
Average Recall: 0.9447
Initial average recall with ef=100: 0.945125
Average Recall: 0.9703
Initial average recall with ef=150: 0.970375
Weighted average ef: 98.39
Training convergence-bucket 15 [71.7635, 74.0583) with 100 queries.
Average Recall: 0.9596
Initial average recall with ef=100: 0.960976
Average Recall: 0.9804
Initial average recall with ef=150: 0.982073
Weighted average ef: 89
Training convergence-bucket 16 [74.0583, 76.5312) with 100 queries.
Average Recall: 0.9611
Initial average recall with ef=100: 0.961111
Average Recall: 0.9825
Initial average recall with ef=150: 0.982593
Weighted average ef: 92
Training convergence-bucket 17 [76.5312, 79.2991) with 100 queries.
Average Recall: 0.9644
Initial average recall with ef=100: 0.967555
Average Recall: 0.9838
Initial average recall with ef=150: 0.986333
Weighted average ef: 97.5
Training convergence-bucket 18 [79.2991, 82.4559) with 100 queries.
Average Recall: 0.9835
Initial average recall with ef=100: 0.985281
Average Recall: 0.9933
Initial average recall with ef=150: 0.994382
Weighted average ef: 90.5
Training convergence-bucket 19 [82.4559, inf) with 100 queries.
Average Recall: 0.9823
Initial average recall with ef=100: 0.982889
Average Recall: 0.9875
Initial average recall with ef=150: 0.987333
Weighted average ef: 90
Reconstructed True WAE: 243.709 (Hard Pct: 0.0208)
Search time: 13725 ms
Search time: 13449 ms
Search time: 13368 ms
Average Recall: 0.980174
5th percentile recall: 0.93
1st percentile recall: 0.89
Median search time: 13449 ms
Search times: 13368 ms, 13449 ms, 13725 ms,
deep-image-96-angular experiment results:
statisc_length, time, avg_recall, 5th_percentile_recall, 1st_percentile_recall, recall_above_99, recall_above_95, recall_above_90
1025, 13449, 0.980174, 0.93, 0.89, 5520, 8682, 9841
Experiment finished


Dataset: glove-100-angular
Metric: cd
Normalize the data vectors
Data vectors dimensions: 1183514 x 100
Query vectors dimensions: 10000 x 100
Neighbors dimensions: 10000 x 100
Using AVX Inner Product distance
Index loaded
Dimension of space:100
Data size of space:400

--- n_convergence_buckets: 0 ---

Loading samplings from /opt/nfs_dcc/experiments/shiro-ef/sampling/glove-100-angular-samplings--k100-ef.bin
Samplings loaded from /opt/nfs_dcc/experiments/shiro-ef/sampling/glove-100-angular-samplings--k100-ef.bin
Average Recall: 0.740274
Initial average recall with ef=100: 0.739205
Average Recall: 0.783474
Initial average recall with ef=150: 0.782568
Recall diff is too small for 1 consecutive steps, break.
Recall diff is too small for 1 consecutive steps, break.
Recall diff is too small for 1 consecutive steps, break.
Recall diff is too small for 1 consecutive steps, break.
Weighted average ef: 1444.7
Training absolute cv-matrix bin 23 with 5 queries.
Average Recall: 0.662
Initial average recall with ef=100: -nan
Average Recall: 0.716
Initial average recall with ef=150: -nan
Weighted average ef: 0
Training absolute cv-matrix bin 24 with 6 queries.
Average Recall: 0.685
Initial average recall with ef=100: -nan
Average Recall: 0.743333
Initial average recall with ef=150: -nan
Weighted average ef: 0
Training absolute cv-matrix bin 26 with 5 queries.
Average Recall: 0.592
Initial average recall with ef=100: -nan
Average Recall: 0.642
Initial average recall with ef=150: -nan
Weighted average ef: 0
Training absolute cv-matrix bin 27 with 12 queries.
Average Recall: 0.64
Initial average recall with ef=100: -nan
Average Recall: 0.669167
Initial average recall with ef=150: -nan
Weighted average ef: 0
Training absolute cv-matrix bin 28 with 16 queries.
Average Recall: 0.49
Initial average recall with ef=100: 0.223333
Average Recall: 0.575625
Initial average recall with ef=150: 0.41
Weighted average ef: 837.938
Training absolute cv-matrix bin 29 with 11 queries.
Average Recall: 0.440909
Initial average recall with ef=100: -nan
Average Recall: 0.504545
Initial average recall with ef=150: -nan
Weighted average ef: 0
Training absolute cv-matrix bin 30 with 28 queries.
Average Recall: 0.429643
Initial average recall with ef=100: 0.414375
Average Recall: 0.472143
Initial average recall with ef=150: 0.45125
Weighted average ef: 2593.04
Training absolute cv-matrix bin 31 with 35 queries.
Average Recall: 0.431143
Initial average recall with ef=100: 0.366522
Average Recall: 0.489143
Initial average recall with ef=150: 0.430435
Recall diff is too small for 1 consecutive steps, break.
Recall diff is too small for 1 consecutive steps, break.
Weighted average ef: 2920.14
Training absolute cv-matrix bin 32 with 36 queries.
Average Recall: 0.4175
Initial average recall with ef=100: 0.386552
Average Recall: 0.460556
Initial average recall with ef=150: 0.431724
Weighted average ef: 3818.14
Training absolute cv-matrix bin 33 with 46 queries.
Average Recall: 0.440217
Initial average recall with ef=100: 0.399697
Average Recall: 0.489348
Initial average recall with ef=150: 0.446667
Weighted average ef: 3461.72
Training absolute cv-matrix bin 34 with 11 queries.
Average Recall: 0.518182
Initial average recall with ef=100: -nan
Average Recall: 0.581818
Initial average recall with ef=150: -nan
Weighted average ef: 0
Training absolute cv-matrix bin 35 with 29 queries.
Average Recall: 0.451724
Initial average recall with ef=100: 0.477333
Average Recall: 0.497931
Initial average recall with ef=150: 0.530667
Weighted average ef: 1831.1
Training absolute cv-matrix bin 36 with 29 queries.
Average Recall: 0.498276
Initial average recall with ef=100: 0.515455
Average Recall: 0.55
Initial average recall with ef=150: 0.569091
Weighted average ef: 1379.69
Training absolute cv-matrix bin 37 with 16 queries.
Average Recall: 0.49
Initial average recall with ef=100: -nan
Average Recall: 0.545625
Initial average recall with ef=150: -nan
Weighted average ef: 0
Training absolute cv-matrix bin 38 with 33 queries.
Average Recall: 0.479687
Initial average recall with ef=100: 0.4875
Average Recall: 0.5325
Initial average recall with ef=150: 0.533333
Recall diff is too small for 1 consecutive steps, break.
Recall diff is too small for 1 consecutive steps, break.
Weighted average ef: 1263.64
Training absolute cv-matrix bin 39 with 39 queries.
Average Recall: 0.480256
Initial average recall with ef=100: 0.449524
Average Recall: 0.545897
Initial average recall with ef=150: 0.509048
Recall diff is too small for 1 consecutive steps, break.
Weighted average ef: 2430.62
Training absolute cv-matrix bin 40 with 34 queries.
Average Recall: 0.510294
Initial average recall with ef=100: 0.473182
Average Recall: 0.567059
Initial average recall with ef=150: 0.531818
Recall diff is too small for 1 consecutive steps, break.
Weighted average ef: 2400.32
Training absolute cv-matrix bin 41 with 24 queries.
Average Recall: 0.553333
Initial average recall with ef=100: 0.407143
Average Recall: 0.605417
Initial average recall with ef=150: 0.46
Weighted average ef: 1384.5
Training absolute cv-matrix bin 42 with 37 queries.
Average Recall: 0.494865
Initial average recall with ef=100: 0.471667
Average Recall: 0.542703
Initial average recall with ef=150: 0.52
Recall diff is too small for 1 consecutive steps, break.
Recall diff is too small for 1 consecutive steps, break.
Weighted average ef: 1789.95
Training absolute cv-matrix bin 43 with 42 queries.
Average Recall: 0.526191
Initial average recall with ef=100: 0.485882
Average Recall: 0.604762
Initial average recall with ef=150: 0.585294
Recall diff is too small for 1 consecutive steps, break.
Weighted average ef: 1588.05
Training absolute cv-matrix bin 44 with 35 queries.
Average Recall: 0.600857
Initial average recall with ef=100: 0.510769
Average Recall: 0.653429
Initial average recall with ef=150: 0.571538
Weighted average ef: 1043.54
Training absolute cv-matrix bin 45 with 33 queries.
Average Recall: 0.548182
Initial average recall with ef=100: 0.529412
Average Recall: 0.599394
Initial average recall with ef=150: 0.581176
Recall diff is too small for 1 consecutive steps, break.
Recall diff is too small for 1 consecutive steps, break.
Recall diff is too small for 1 consecutive steps, break.
Weighted average ef: 1422.64
Training absolute cv-matrix bin 46 with 40 queries.
Average Recall: 0.63775
Initial average recall with ef=100: 0.613333
Average Recall: 0.6935
Initial average recall with ef=150: 0.667222
Recall diff is too small for 1 consecutive steps, break.
Weighted average ef: 962.175
Training absolute cv-matrix bin 47 with 31 queries.
Average Recall: 0.59871
Initial average recall with ef=100: 0.524375
Average Recall: 0.660968
Initial average recall with ef=150: 0.573125
Weighted average ef: 1915
Training absolute cv-matrix bin 48 with 44 queries.
Average Recall: 0.627273
Initial average recall with ef=100: 0.610556
Average Recall: 0.689318
Initial average recall with ef=150: 0.671111
Weighted average ef: 988.045
Training absolute cv-matrix bin 49 with 37 queries.
Average Recall: 0.658378
Initial average recall with ef=100: 0.646875
Average Recall: 0.717027
Initial average recall with ef=150: 0.705
Recall diff is too small for 1 consecutive steps, break.
Weighted average ef: 974.216
Training absolute cv-matrix bin 50 with 45 queries.
Average Recall: 0.680222
Initial average recall with ef=100: 0.668966
Average Recall: 0.740222
Initial average recall with ef=150: 0.730345
Recall diff is too small for 1 consecutive steps, break.
Weighted average ef: 832.867
Training absolute cv-matrix bin 51 with 32 queries.
Average Recall: 0.729688
Initial average recall with ef=100: 0.71375
Average Recall: 0.789063
Initial average recall with ef=150: 0.768125
Weighted average ef: 493.406
Training absolute cv-matrix bin 52 with 38 queries.
Average Recall: 0.707632
Initial average recall with ef=100: 0.686522
Average Recall: 0.76579
Initial average recall with ef=150: 0.744783
Weighted average ef: 1064.53
Training absolute cv-matrix bin 53 with 31 queries.
Average Recall: 0.690968
Initial average recall with ef=100: 0.679091
Average Recall: 0.753871
Initial average recall with ef=150: 0.734545
Weighted average ef: 429.71
Training absolute cv-matrix bin 54 with 53 queries.
Average Recall: 0.714717
Initial average recall with ef=100: 0.699412
Average Recall: 0.770943
Initial average recall with ef=150: 0.758235
Recall diff is too small for 1 consecutive steps, break.
Weighted average ef: 812.547
Training absolute cv-matrix bin 55 with 31 queries.
Average Recall: 0.755484
Initial average recall with ef=100: 0.767647
Average Recall: 0.807097
Initial average recall with ef=150: 0.825882
Weighted average ef: 412.097
Training absolute cv-matrix bin 56 with 30 queries.
Average Recall: 0.741
Initial average recall with ef=100: 0.664
Average Recall: 0.794
Initial average recall with ef=150: 0.733
Weighted average ef: 524.033
Training absolute cv-matrix bin 57 with 44 queries.
Average Recall: 0.756136
Initial average recall with ef=100: 0.752778
Average Recall: 0.808409
Initial average recall with ef=150: 0.817778
Weighted average ef: 561.182
Training absolute cv-matrix bin 58 with 35 queries.
Average Recall: 0.835143
Initial average recall with ef=100: 0.804
Average Recall: 0.881429
Initial average recall with ef=150: 0.847333
Weighted average ef: 390.514
Training absolute cv-matrix bin 59 with 48 queries.
Average Recall: 0.797083
Initial average recall with ef=100: 0.756207
Average Recall: 0.847917
Initial average recall with ef=150: 0.81069
Weighted average ef: 602.792
Training absolute cv-matrix bin 60 with 37 queries.
Average Recall: 0.822703
Initial average recall with ef=100: 0.796667
Average Recall: 0.875405
Initial average recall with ef=150: 0.846
Recall diff is too small for 1 consecutive steps, break.
Weighted average ef: 260.919
Training absolute cv-matrix bin 61 with 32 queries.
Average Recall: 0.882813
Initial average recall with ef=100: 0.891111
Average Recall: 0.927187
Initial average recall with ef=150: 0.931111
Weighted average ef: 67.6875
Training absolute cv-matrix bin 62 with 45 queries.
Average Recall: 0.834444
Initial average recall with ef=100: 0.841333
Average Recall: 0.880667
Initial average recall with ef=150: 0.888667
Recall diff is too small for 1 consecutive steps, break.
Weighted average ef: 128
Training absolute cv-matrix bin 63 with 25 queries.
Average Recall: 0.8204
Initial average recall with ef=100: 0.786667
Average Recall: 0.8664
Initial average recall with ef=150: 0.85
Weighted average ef: 57.96
Training absolute cv-matrix bin 64 with 45 queries.
Average Recall: 0.862444
Initial average recall with ef=100: 0.836667
Average Recall: 0.899778
Initial average recall with ef=150: 0.876111
Weighted average ef: 227.556
Training absolute cv-matrix bin 65 with 40 queries.
Average Recall: 0.8585
Initial average recall with ef=100: 0.861429
Average Recall: 0.90225
Initial average recall with ef=150: 0.907857
Weighted average ef: 107.65
Training absolute cv-matrix bin 66 with 34 queries.
Average Recall: 0.883529
Initial average recall with ef=100: 0.838667
Average Recall: 0.920294
Initial average recall with ef=150: 0.886
Recall diff is too small for 1 consecutive steps, break.
Weighted average ef: 198.529
Training absolute cv-matrix bin 67 with 38 queries.
Average Recall: 0.893421
Initial average recall with ef=100: 0.932222
Average Recall: 0.926842
Initial average recall with ef=150: 0.963333
Weighted average ef: 35.5263
Training absolute cv-matrix bin 68 with 31 queries.
Average Recall: 0.891936
Initial average recall with ef=100: 0.876667
Average Recall: 0.927097
Initial average recall with ef=150: 0.9
Recall diff is too small for 1 consecutive steps, break.
Weighted average ef: 29.7097
Training absolute cv-matrix bin 69 with 40 queries.
Average Recall: 0.894
Initial average recall with ef=100: 0.908889
Average Recall: 0.924
Initial average recall with ef=150: 0.943333
Recall diff is too small for 1 consecutive steps, break.
Weighted average ef: 45.6
Training absolute cv-matrix bin 70 with 36 queries.
Average Recall: 0.906944
Initial average recall with ef=100: 0.930526
Average Recall: 0.931111
Initial average recall with ef=150: 0.955263
Weighted average ef: 83.3333
Training absolute cv-matrix bin 71 with 47 queries.
Average Recall: 0.918936
Initial average recall with ef=100: 0.932667
Average Recall: 0.946809
Initial average recall with ef=150: 0.967333
Weighted average ef: 46.8085
Training absolute cv-matrix bin 72 with 43 queries.
Average Recall: 0.906977
Initial average recall with ef=100: 0.893077
Average Recall: 0.934419
Initial average recall with ef=150: 0.923077
Weighted average ef: 99.2326
Training absolute cv-matrix bin 73 with 36 queries.
Average Recall: 0.937778
Initial average recall with ef=100: 0.945
Average Recall: 0.958889
Initial average recall with ef=150: 0.968333
Weighted average ef: 54.1667
Training absolute cv-matrix bin 74 with 38 queries.
Average Recall: 0.917105
Initial average recall with ef=100: 0.92
Average Recall: 0.94921
Initial average recall with ef=150: 0.956
Weighted average ef: 38.8158
Training absolute cv-matrix bin 75 with 49 queries.
Average Recall: 0.949388
Initial average recall with ef=100: 0.944286
Average Recall: 0.968367
Initial average recall with ef=150: 0.963809
Weighted average ef: 108.878
Training absolute cv-matrix bin 76 with 35 queries.
Average Recall: 0.956857
Initial average recall with ef=100: 0.948
Average Recall: 0.976
Initial average recall with ef=150: 0.972
Weighted average ef: 41.4286
Training absolute cv-matrix bin 77 with 31 queries.
Average Recall: 0.948387
Initial average recall with ef=100: 0.968
Average Recall: 0.970645
Initial average recall with ef=150: 0.990667
Weighted average ef: 53.2258
Training absolute cv-matrix bin 78 with 35 queries.
Average Recall: 0.972286
Initial average recall with ef=100: 0.963333
Average Recall: 0.986
Initial average recall with ef=150: 0.978333
Weighted average ef: 21.4286
Training absolute cv-matrix bin 79 with 39 queries.
Average Recall: 0.956923
Initial average recall with ef=100: 0.962143
Average Recall: 0.969231
Initial average recall with ef=150: 0.972857
Weighted average ef: 81.6667
Training absolute cv-matrix bin 80 with 35 queries.
Average Recall: 0.963714
Initial average recall with ef=100: 0.985
Average Recall: 0.975143
Initial average recall with ef=150: 0.99
Weighted average ef: 28.5714
Training absolute cv-matrix bin 81 with 26 queries.
Average Recall: 0.963462
Initial average recall with ef=100: 0.996
Average Recall: 0.978462
Initial average recall with ef=150: 0.998
Weighted average ef: 19.2308
Training absolute cv-matrix bin 82 with 19 queries.
Average Recall: 0.965789
Initial average recall with ef=100: 1
Average Recall: 0.977895
Initial average recall with ef=150: 1
Weighted average ef: 31.5789
Training absolute cv-matrix bin 83 with 23 queries.
Average Recall: 0.979565
Initial average recall with ef=100: 0.996
Average Recall: 0.99087
Initial average recall with ef=150: 0.998
Weighted average ef: 21.7391
Training absolute cv-matrix bin 84 with 17 queries.
Average Recall: 0.97
Initial average recall with ef=100: 0.996667
Average Recall: 0.980588
Initial average recall with ef=150: 0.998333
Weighted average ef: 35.2941
Training absolute cv-matrix bin 85 with 9 queries.
Average Recall: 0.977778
Initial average recall with ef=100: 0.996667
Average Recall: 0.987778
Initial average recall with ef=150: 1
Weighted average ef: 33.3333
Training absolute cv-matrix bin 86 with 4 queries.
Average Recall: 0.995
Initial average recall with ef=100: 1
Average Recall: 1
Initial average recall with ef=150: 1
Weighted average ef: 75
Training absolute cv-matrix bin 87 with 3 queries.
Average Recall: 0.99
Initial average recall with ef=100: -nan
Average Recall: 0.99
Initial average recall with ef=150: -nan
Weighted average ef: 0
Reconstructed True WAE: 0 (Hard Pct: 0.0065)
Search time: 5216 ms
Search time: 5187 ms
Search time: 5207 ms
Average Recall: 0.693084
5th percentile recall: 0.22
1st percentile recall: 0.12
Median search time: 5207 ms
Search times: 5187 ms, 5207 ms, 5216 ms,
glove-100-angular experiment results:
statisc_length, time, avg_recall, 5th_percentile_recall, 1st_percentile_recall, recall_above_99, recall_above_95, recall_above_90
1025, 5207, 0.693084, 0.22, 0.12, 901, 1816, 2838
Experiment finished

--- n_convergence_buckets: 5 ---

Loading samplings from /opt/nfs_dcc/experiments/shiro-ef/sampling/glove-100-angular-samplings--k100-ef.bin
Samplings loaded from /opt/nfs_dcc/experiments/shiro-ef/sampling/glove-100-angular-samplings--k100-ef.bin
Average Recall: 0.740274
Initial average recall with ef=100: 0.739331
Average Recall: 0.783474
Initial average recall with ef=150: 0.782607
Recall diff is too small for 1 consecutive steps, break.
Recall diff is too small for 1 consecutive steps, break.
Recall diff is too small for 1 consecutive steps, break.
Recall diff is too small for 1 consecutive steps, break.
Weighted average ef: 1445
Training convergence-bucket 0 [16.463, 41.0899) with 400 queries.
Average Recall: 0.48
Initial average recall with ef=100: 0.474184
Average Recall: 0.533634
Initial average recall with ef=150: 0.528138
Recall diff is too small for 1 consecutive steps, break.
Recall diff is too small for 1 consecutive steps, break.
Weighted average ef: 3885.11
Training convergence-bucket 1 [41.0899, 52.16) with 400 queries.
Average Recall: 0.608025
Initial average recall with ef=100: 0.603639
Average Recall: 0.667
Initial average recall with ef=150: 0.663298
Recall diff is too small for 1 consecutive steps, break.
Weighted average ef: 2307.13
Training convergence-bucket 2 [52.16, 62.6179) with 400 queries.
Average Recall: 0.77245
Initial average recall with ef=100: 0.77292
Average Recall: 0.82485
Initial average recall with ef=150: 0.824935
Weighted average ef: 926.318
Training convergence-bucket 3 [62.6179, 73.0703) with 400 queries.
Average Recall: 0.884525
Initial average recall with ef=100: 0.882644
Average Recall: 0.918551
Initial average recall with ef=150: 0.91733
Recall diff is too small for 1 consecutive steps, break.
Weighted average ef: 364.388
Training convergence-bucket 4 [73.0703, inf) with 400 queries.
Average Recall: 0.955725
Initial average recall with ef=100: 0.957198
Average Recall: 0.972725
Initial average recall with ef=150: 0.974062
Weighted average ef: 142.395
Reconstructed True WAE: 1367.7 (Hard Pct: 0.0065)
Search time: 58151 ms
Search time: 58169 ms
Search time: 67163 ms
Average Recall: 0.978522
5th percentile recall: 0.92
1st percentile recall: 0.87
Median search time: 58169 ms
Search times: 58151 ms, 58169 ms, 67163 ms,
glove-100-angular experiment results:
statisc_length, time, avg_recall, 5th_percentile_recall, 1st_percentile_recall, recall_above_99, recall_above_95, recall_above_90
1025, 58169, 0.978522, 0.92, 0.87, 5904, 8163, 9673
Experiment finished

--- n_convergence_buckets: 10 ---

Loading samplings from /opt/nfs_dcc/experiments/shiro-ef/sampling/glove-100-angular-samplings--k100-ef.bin
Samplings loaded from /opt/nfs_dcc/experiments/shiro-ef/sampling/glove-100-angular-samplings--k100-ef.bin
Average Recall: 0.740274
Initial average recall with ef=100: 0.739369
Average Recall: 0.783474
Initial average recall with ef=150: 0.782607
Recall diff is too small for 1 consecutive steps, break.
Recall diff is too small for 1 consecutive steps, break.
Recall diff is too small for 1 consecutive steps, break.
Recall diff is too small for 1 consecutive steps, break.
Weighted average ef: 1445.2
Training convergence-bucket 0 [16.463, 33.7761) with 200 queries.
Average Recall: 0.469
Initial average recall with ef=100: 0.452324
Average Recall: 0.5201
Initial average recall with ef=150: 0.504108
Recall diff is too small for 1 consecutive steps, break.
Recall diff is too small for 1 consecutive steps, break.
Weighted average ef: 4022.88
Training convergence-bucket 1 [33.7761, 41.0899) with 200 queries.
Average Recall: 0.491055
Initial average recall with ef=100: 0.483333
Average Recall: 0.547236
Initial average recall with ef=150: 0.53963
Recall diff is too small for 1 consecutive steps, break.
Recall diff is too small for 1 consecutive steps, break.
Weighted average ef: 3484.56
Training convergence-bucket 2 [41.0899, 46.8379) with 200 queries.
Average Recall: 0.55415
Initial average recall with ef=100: 0.540778
Average Recall: 0.61165
Initial average recall with ef=150: 0.598667
Recall diff is too small for 1 consecutive steps, break.
Recall diff is too small for 1 consecutive steps, break.
Recall diff is too small for 1 consecutive steps, break.
Recall diff is too small for 1 consecutive steps, break.
Weighted average ef: 2774.24
Training convergence-bucket 3 [46.8379, 52.16) with 200 queries.
Average Recall: 0.6619
Initial average recall with ef=100: 0.651167
Average Recall: 0.72235
Initial average recall with ef=150: 0.713222
Weighted average ef: 1690.87
Training convergence-bucket 4 [52.16, 57.5932) with 200 queries.
Average Recall: 0.7206
Initial average recall with ef=100: 0.717778
Average Recall: 0.77625
Initial average recall with ef=150: 0.773055
Recall diff is too small for 1 consecutive steps, break.
Weighted average ef: 1129.4
Training convergence-bucket 5 [57.5932, 62.6179) with 200 queries.
Average Recall: 0.8243
Initial average recall with ef=100: 0.822804
Average Recall: 0.87345
Initial average recall with ef=150: 0.871005
Weighted average ef: 581.99
Training convergence-bucket 6 [62.6179, 67.9612) with 200 queries.
Average Recall: 0.8636
Initial average recall with ef=100: 0.854943
Average Recall: 0.9032
Initial average recall with ef=150: 0.896591
Recall diff is too small for 1 consecutive steps, break.
Weighted average ef: 364.325
Training convergence-bucket 7 [67.9612, 73.0703) with 200 queries.
Average Recall: 0.90545
Initial average recall with ef=100: 0.9125
Average Recall: 0.9339
Initial average recall with ef=150: 0.942439
Weighted average ef: 197.65
Training convergence-bucket 8 [73.0703, 78.3455) with 200 queries.
Average Recall: 0.943601
Initial average recall with ef=100: 0.94267
Average Recall: 0.9657
Initial average recall with ef=150: 0.965079
Weighted average ef: 162.59
Training convergence-bucket 9 [78.3455, inf) with 200 queries.
Average Recall: 0.967851
Initial average recall with ef=100: 0.97095
Average Recall: 0.97975
Initial average recall with ef=150: 0.982905
Weighted average ef: 119.905
Reconstructed True WAE: 1341.46 (Hard Pct: 0.0065)
Search time: 59723 ms
Search time: 59679 ms
Search time: 59631 ms
Average Recall: 0.977804
5th percentile recall: 0.91
1st percentile recall: 0.87
Median search time: 59679 ms
Search times: 59631 ms, 59679 ms, 59723 ms,
glove-100-angular experiment results:
statisc_length, time, avg_recall, 5th_percentile_recall, 1st_percentile_recall, recall_above_99, recall_above_95, recall_above_90
1025, 59679, 0.977804, 0.91, 0.87, 5863, 8080, 9628
Experiment finished

--- n_convergence_buckets: 15 ---

Loading samplings from /opt/nfs_dcc/experiments/shiro-ef/sampling/glove-100-angular-samplings--k100-ef.bin
Samplings loaded from /opt/nfs_dcc/experiments/shiro-ef/sampling/glove-100-angular-samplings--k100-ef.bin
Average Recall: 0.740274
Initial average recall with ef=100: 0.739329
Average Recall: 0.783474
Initial average recall with ef=150: 0.782607
Recall diff is too small for 1 consecutive steps, break.
Recall diff is too small for 1 consecutive steps, break.
Recall diff is too small for 1 consecutive steps, break.
Recall diff is too small for 1 consecutive steps, break.
Weighted average ef: 1445
Training convergence-bucket 0 [16.463, 32.1833) with 133 queries.
Average Recall: 0.494511
Initial average recall with ef=100: 0.472521
Average Recall: 0.547444
Initial average recall with ef=150: 0.526807
Recall diff is too small for 1 consecutive steps, break.
Recall diff is too small for 1 consecutive steps, break.
Recall diff is too small for 1 consecutive steps, break.
Weighted average ef: 3766.52
Training convergence-bucket 1 [32.1833, 36.7318) with 133 queries.
Average Recall: 0.450978
Initial average recall with ef=100: 0.437236
Average Recall: 0.500902
Initial average recall with ef=150: 0.48748
Recall diff is too small for 1 consecutive steps, break.
Recall diff is too small for 1 consecutive steps, break.
Recall diff is too small for 1 consecutive steps, break.
Weighted average ef: 3740.35
Training convergence-bucket 2 [36.7318, 41.0771) with 133 queries.
Average Recall: 0.494318
Initial average recall with ef=100: 0.486568
Average Recall: 0.552424
Initial average recall with ef=150: 0.542444
Recall diff is too small for 1 consecutive steps, break.
Recall diff is too small for 1 consecutive steps, break.
Weighted average ef: 3370.01
Training convergence-bucket 3 [41.0771, 44.9727) with 133 queries.
Average Recall: 0.538045
Initial average recall with ef=100: 0.521466
Average Recall: 0.596993
Initial average recall with ef=150: 0.582328
Recall diff is too small for 1 consecutive steps, break.
Weighted average ef: 2948.27
Training convergence-bucket 4 [44.9727, 48.5095) with 133 queries.
Average Recall: 0.603985
Initial average recall with ef=100: 0.574783
Average Recall: 0.661278
Initial average recall with ef=150: 0.632696
Recall diff is too small for 1 consecutive steps, break.
Recall diff is too small for 1 consecutive steps, break.
Recall diff is too small for 1 consecutive steps, break.
Weighted average ef: 2259.15
Training convergence-bucket 5 [48.5095, 52.1211) with 133 queries.
Average Recall: 0.680226
Initial average recall with ef=100: 0.671228
Average Recall: 0.740151
Initial average recall with ef=150: 0.734561
Recall diff is too small for 1 consecutive steps, break.
Weighted average ef: 1431.81
Training convergence-bucket 6 [52.1211, 55.4111) with 133 queries.
Average Recall: 0.710602
Initial average recall with ef=100: 0.703652
Average Recall: 0.767519
Initial average recall with ef=150: 0.759913
Recall diff is too small for 1 consecutive steps, break.
Recall diff is too small for 1 consecutive steps, break.
Recall diff is too small for 1 consecutive steps, break.
Weighted average ef: 1151.93
Training convergence-bucket 7 [55.4111, 59.0865) with 133 queries.
Average Recall: 0.777218
Initial average recall with ef=100: 0.768678
Average Recall: 0.828496
Initial average recall with ef=150: 0.822066
Recall diff is too small for 1 consecutive steps, break.
Weighted average ef: 771.015
Training convergence-bucket 8 [59.0865, 62.5669) with 133 queries.
Average Recall: 0.826015
Initial average recall with ef=100: 0.824831
Average Recall: 0.87579
Initial average recall with ef=150: 0.874322
Weighted average ef: 518.233
Training convergence-bucket 9 [62.5669, 66.0524) with 133 queries.
Average Recall: 0.851128
Initial average recall with ef=100: 0.843426
Average Recall: 0.893233
Initial average recall with ef=150: 0.888148
Weighted average ef: 338.692
Training convergence-bucket 10 [66.0524, 69.74) with 133 queries.
Average Recall: 0.88812
Initial average recall with ef=100: 0.889381
Average Recall: 0.922707
Initial average recall with ef=150: 0.928247
Weighted average ef: 201.722
Training convergence-bucket 11 [69.74, 72.9902) with 133 queries.
Average Recall: 0.912105
Initial average recall with ef=100: 0.913814
Average Recall: 0.938346
Initial average recall with ef=150: 0.942783
Weighted average ef: 167.256
Training convergence-bucket 12 [72.9902, 76.2491) with 133 queries.
Average Recall: 0.93579
Initial average recall with ef=100: 0.933784
Average Recall: 0.95985
Initial average recall with ef=150: 0.958468
Weighted average ef: 157.158
Training convergence-bucket 13 [76.2491, 80.1441) with 133 queries.
Average Recall: 0.960301
Initial average recall with ef=100: 0.9625
Average Recall: 0.976165
Initial average recall with ef=150: 0.9787
Weighted average ef: 114.376
Training convergence-bucket 14 [80.1441, inf) with 138 queries.
Average Recall: 0.97029
Initial average recall with ef=100: 0.978218
Average Recall: 0.981667
Initial average recall with ef=150: 0.98802
Weighted average ef: 85.7319
Reconstructed True WAE: 1337.86 (Hard Pct: 0.0065)
Search time: 59341 ms
Search time: 59369 ms
Search time: 59213 ms
Average Recall: 0.977151
5th percentile recall: 0.91
1st percentile recall: 0.86
Median search time: 59341 ms
Search times: 59213 ms, 59341 ms, 59369 ms,
glove-100-angular experiment results:
statisc_length, time, avg_recall, 5th_percentile_recall, 1st_percentile_recall, recall_above_99, recall_above_95, recall_above_90
1025, 59341, 0.977151, 0.91, 0.86, 5854, 8046, 9569
Experiment finished

--- n_convergence_buckets: 20 ---

Loading samplings from /opt/nfs_dcc/experiments/shiro-ef/sampling/glove-100-angular-samplings--k100-ef.bin
Samplings loaded from /opt/nfs_dcc/experiments/shiro-ef/sampling/glove-100-angular-samplings--k100-ef.bin
Average Recall: 0.740274
Initial average recall with ef=100: 0.739342
Average Recall: 0.783474
Initial average recall with ef=150: 0.782607
Recall diff is too small for 1 consecutive steps, break.
Recall diff is too small for 1 consecutive steps, break.
Recall diff is too small for 1 consecutive steps, break.
Recall diff is too small for 1 consecutive steps, break.
Weighted average ef: 1445.06
Training convergence-bucket 0 [16.463, 31.5712) with 100 queries.
Average Recall: 0.5092
Initial average recall with ef=100: 0.483371
Average Recall: 0.5629
Initial average recall with ef=150: 0.537865
Recall diff is too small for 1 consecutive steps, break.
Recall diff is too small for 1 consecutive steps, break.
Weighted average ef: 3613
Training convergence-bucket 1 [31.5712, 33.7761) with 100 queries.
Average Recall: 0.4288
Initial average recall with ef=100: 0.391923
Average Recall: 0.4773
Initial average recall with ef=150: 0.442051
Weighted average ef: 3863.19
Training convergence-bucket 2 [33.7761, 38.3218) with 100 queries.
Average Recall: 0.4834
Initial average recall with ef=100: 0.467561
Average Recall: 0.5357
Initial average recall with ef=150: 0.518659
Recall diff is too small for 1 consecutive steps, break.
Recall diff is too small for 1 consecutive steps, break.
Weighted average ef: 2995.22
Training convergence-bucket 3 [38.3218, 41.0899) with 100 queries.
Average Recall: 0.498788
Initial average recall with ef=100: 0.500698
Average Recall: 0.558889
Initial average recall with ef=150: 0.559767
Recall diff is too small for 1 consecutive steps, break.
Weighted average ef: 3263.71
Training convergence-bucket 4 [41.0899, 44.0089) with 100 queries.
Average Recall: 0.5187
Initial average recall with ef=100: 0.486829
Average Recall: 0.5799
Initial average recall with ef=150: 0.550244
Recall diff is too small for 1 consecutive steps, break.
Recall diff is too small for 1 consecutive steps, break.
Recall diff is too small for 1 consecutive steps, break.
Weighted average ef: 2962.81
Training convergence-bucket 5 [44.0089, 46.8379) with 100 queries.
Average Recall: 0.5896
Initial average recall with ef=100: 0.549375
Average Recall: 0.6434
Initial average recall with ef=150: 0.604875
Recall diff is too small for 1 consecutive steps, break.
Recall diff is too small for 1 consecutive steps, break.
Recall diff is too small for 1 consecutive steps, break.
Weighted average ef: 2332.55
Training convergence-bucket 6 [46.8379, 49.5299) with 100 queries.
Average Recall: 0.6174
Initial average recall with ef=100: 0.586835
Average Recall: 0.6786
Initial average recall with ef=150: 0.649367
Weighted average ef: 2040.92
Training convergence-bucket 7 [49.5299, 52.16) with 100 queries.
Average Recall: 0.7064
Initial average recall with ef=100: 0.68218
Average Recall: 0.7661
Initial average recall with ef=150: 0.74641
Weighted average ef: 1120.04
Training convergence-bucket 8 [52.16, 54.7378) with 100 queries.
Average Recall: 0.7041
Initial average recall with ef=100: 0.694815
Average Recall: 0.7634
Initial average recall with ef=150: 0.753333
Recall diff is too small for 1 consecutive steps, break.
Recall diff is too small for 1 consecutive steps, break.
Weighted average ef: 1093.81
Training convergence-bucket 9 [54.7378, 57.5932) with 100 queries.
Average Recall: 0.7371
Initial average recall with ef=100: 0.724941
Average Recall: 0.7891
Initial average recall with ef=150: 0.779765
Recall diff is too small for 1 consecutive steps, break.
Recall diff is too small for 1 consecutive steps, break.
Recall diff is too small for 1 consecutive steps, break.
Weighted average ef: 1068.78
Training convergence-bucket 10 [57.5932, 59.7971) with 100 queries.
Average Recall: 0.8138
Initial average recall with ef=100: 0.79869
Average Recall: 0.8633
Initial average recall with ef=150: 0.849286
Recall diff is too small for 1 consecutive steps, break.
Weighted average ef: 579.13
Training convergence-bucket 11 [59.7971, 62.6179) with 100 queries.
Average Recall: 0.8348
Initial average recall with ef=100: 0.829024
Average Recall: 0.8836
Initial average recall with ef=150: 0.877683
Weighted average ef: 469.89
Training convergence-bucket 12 [62.6179, 65.3995) with 100 queries.
Average Recall: 0.8484
Initial average recall with ef=100: 0.838143
Average Recall: 0.8896
Initial average recall with ef=150: 0.882
Weighted average ef: 337.48
Training convergence-bucket 13 [65.3995, 67.9612) with 100 queries.
Average Recall: 0.8788
Initial average recall with ef=100: 0.866761
Average Recall: 0.9168
Initial average recall with ef=150: 0.909155
Weighted average ef: 262.04
Training convergence-bucket 14 [67.9612, 70.7545) with 100 queries.
Average Recall: 0.8984
Initial average recall with ef=100: 0.897879
Average Recall: 0.9284
Initial average recall with ef=150: 0.931364
Weighted average ef: 177.55
Training convergence-bucket 15 [70.7545, 73.0703) with 100 queries.
Average Recall: 0.9125
Initial average recall with ef=100: 0.917246
Average Recall: 0.9394
Initial average recall with ef=150: 0.946232
Recall diff is too small for 1 consecutive steps, break.
Weighted average ef: 171.58
Training convergence-bucket 16 [73.0703, 75.6008) with 100 queries.
Average Recall: 0.9304
Initial average recall with ef=100: 0.928378
Average Recall: 0.9551
Initial average recall with ef=150: 0.954054
Weighted average ef: 153.64
Training convergence-bucket 17 [75.6008, 78.3455) with 100 queries.
Average Recall: 0.9568
Initial average recall with ef=100: 0.967931
Average Recall: 0.9763
Initial average recall with ef=150: 0.983965
Weighted average ef: 65.5
Training convergence-bucket 18 [78.3455, 81.2211) with 100 queries.
Average Recall: 0.9627
Initial average recall with ef=100: 0.973088
Average Recall: 0.9757
Initial average recall with ef=150: 0.984853
Weighted average ef: 85.85
Training convergence-bucket 19 [81.2211, inf) with 100 queries.
Average Recall: 0.973
Initial average recall with ef=100: 0.987414
Average Recall: 0.9838
Initial average recall with ef=150: 0.993793
Weighted average ef: 58
Reconstructed True WAE: 1380.06 (Hard Pct: 0.0065)
Search time: 60396 ms
Search time: 60484 ms
Search time: 60439 ms
Average Recall: 0.977885
5th percentile recall: 0.91
1st percentile recall: 0.86
Median search time: 60439 ms
Search times: 60396 ms, 60439 ms, 60484 ms,
glove-100-angular experiment results:
statisc_length, time, avg_recall, 5th_percentile_recall, 1st_percentile_recall, recall_above_99, recall_above_95, recall_above_90
1025, 60439, 0.977885, 0.91, 0.86, 5931, 8122, 9597
Experiment finished


Dataset: word2vec-300-angular
Metric: cd
Normalize the data vectors
Data vectors dimensions: 1000000 x 300
Query vectors dimensions: 1000 x 300
Neighbors dimensions: 1000 x 100
Using AVX Inner Product distance
Index loaded
Dimension of space:300
Data size of space:1200

--- n_convergence_buckets: 0 ---

Loading samplings from /opt/nfs_dcc/experiments/shiro-ef/sampling/word2vec-300-angular-samplings--k100-ef.bin
Samplings loaded from /opt/nfs_dcc/experiments/shiro-ef/sampling/word2vec-300-angular-samplings--k100-ef.bin
Average Recall: 0.823151
Initial average recall with ef=100: 0.82403
Average Recall: 0.869401
Initial average recall with ef=150: 0.870276
Weighted average ef: 429.833
Training absolute cv-matrix bin 29 with 4 queries.
Average Recall: 0.5
Initial average recall with ef=100: -nan
Average Recall: 0.5175
Initial average recall with ef=150: -nan
Weighted average ef: 0
Training absolute cv-matrix bin 30 with 3 queries.
Average Recall: 0.736667
Initial average recall with ef=100: -nan
Average Recall: 0.806667
Initial average recall with ef=150: -nan
Weighted average ef: 0
Training absolute cv-matrix bin 31 with 3 queries.
Average Recall: 0.616667
Initial average recall with ef=100: -nan
Average Recall: 0.676667
Initial average recall with ef=150: -nan
Weighted average ef: 0
Training absolute cv-matrix bin 32 with 4 queries.
Average Recall: 0.4625
Initial average recall with ef=100: -nan
Average Recall: 0.5625
Initial average recall with ef=150: -nan
Weighted average ef: 0
Training absolute cv-matrix bin 33 with 3 queries.
Average Recall: 0.56
Initial average recall with ef=100: -nan
Average Recall: 0.623333
Initial average recall with ef=150: -nan
Weighted average ef: 0
Training absolute cv-matrix bin 34 with 10 queries.
Average Recall: 0.558
Initial average recall with ef=100: -nan
Average Recall: 0.628
Initial average recall with ef=150: -nan
Weighted average ef: 0
Training absolute cv-matrix bin 35 with 14 queries.
Average Recall: 0.537857
Initial average recall with ef=100: -nan
Average Recall: 0.617143
Initial average recall with ef=150: -nan
Weighted average ef: 0
Training absolute cv-matrix bin 36 with 8 queries.
Average Recall: 0.59125
Initial average recall with ef=100: -nan
Average Recall: 0.655
Initial average recall with ef=150: -nan
Weighted average ef: 0
Training absolute cv-matrix bin 37 with 22 queries.
Average Recall: 0.530455
Initial average recall with ef=100: 0.608333
Average Recall: 0.605455
Initial average recall with ef=150: 0.671667
Weighted average ef: 212.045
Training absolute cv-matrix bin 38 with 27 queries.
Average Recall: 0.566667
Initial average recall with ef=100: 0.604167
Average Recall: 0.661481
Initial average recall with ef=150: 0.681667
Weighted average ef: 388.296
Training absolute cv-matrix bin 39 with 19 queries.
Average Recall: 0.606842
Initial average recall with ef=100: 0.58
Average Recall: 0.68421
Initial average recall with ef=150: 0.68
Recall diff is too small for 1 consecutive steps, break.
Weighted average ef: 287.368
Training absolute cv-matrix bin 40 with 31 queries.
Average Recall: 0.608065
Initial average recall with ef=100: 0.6215
Average Recall: 0.690645
Initial average recall with ef=150: 0.709
Recall diff is too small for 1 consecutive steps, break.
Weighted average ef: 513.71
Training absolute cv-matrix bin 41 with 43 queries.
Average Recall: 0.623256
Initial average recall with ef=100: 0.625405
Average Recall: 0.707674
Initial average recall with ef=150: 0.709459
Weighted average ef: 676.047
Training absolute cv-matrix bin 42 with 48 queries.
Average Recall: 0.613125
Initial average recall with ef=100: 0.61275
Average Recall: 0.708333
Initial average recall with ef=150: 0.71075
Recall diff is too small for 1 consecutive steps, break.
Recall diff is too small for 1 consecutive steps, break.
Recall diff is too small for 1 consecutive steps, break.
Weighted average ef: 619.042
Training absolute cv-matrix bin 43 with 35 queries.
Average Recall: 0.630571
Initial average recall with ef=100: 0.652963
Average Recall: 0.710286
Initial average recall with ef=150: 0.736296
Recall diff is too small for 1 consecutive steps, break.
Weighted average ef: 586.029
Training absolute cv-matrix bin 44 with 60 queries.
Average Recall: 0.625833
Initial average recall with ef=100: 0.643182
Average Recall: 0.710167
Initial average recall with ef=150: 0.727955
Recall diff is too small for 1 consecutive steps, break.
Recall diff is too small for 1 consecutive steps, break.
Weighted average ef: 587.783
Training absolute cv-matrix bin 45 with 71 queries.
Average Recall: 0.650986
Initial average recall with ef=100: 0.646909
Average Recall: 0.732254
Initial average recall with ef=150: 0.727636
Weighted average ef: 647.901
Training absolute cv-matrix bin 46 with 66 queries.
Average Recall: 0.626667
Initial average recall with ef=100: 0.626111
Average Recall: 0.690909
Initial average recall with ef=150: 0.691296
Weighted average ef: 724.439
Training absolute cv-matrix bin 47 with 56 queries.
Average Recall: 0.64625
Initial average recall with ef=100: 0.637143
Average Recall: 0.724464
Initial average recall with ef=150: 0.719286
Recall diff is too small for 1 consecutive steps, break.
Weighted average ef: 649.875
Training absolute cv-matrix bin 48 with 12 queries.
Average Recall: 0.69
Initial average recall with ef=100: -nan
Average Recall: 0.765833
Initial average recall with ef=150: -nan
Weighted average ef: 0
Training absolute cv-matrix bin 49 with 17 queries.
Average Recall: 0.726471
Initial average recall with ef=100: 0.665714
Average Recall: 0.805294
Initial average recall with ef=150: 0.758571
Weighted average ef: 314.588
Training absolute cv-matrix bin 50 with 18 queries.
Average Recall: 0.728889
Initial average recall with ef=100: -nan
Average Recall: 0.795555
Initial average recall with ef=150: -nan
Weighted average ef: 0
Training absolute cv-matrix bin 51 with 21 queries.
Average Recall: 0.753333
Initial average recall with ef=100: -nan
Average Recall: 0.811429
Initial average recall with ef=150: -nan
Weighted average ef: 0
Training absolute cv-matrix bin 52 with 28 queries.
Average Recall: 0.708571
Initial average recall with ef=100: 0.66375
Average Recall: 0.781428
Initial average recall with ef=150: 0.74375
Weighted average ef: 247.357
Training absolute cv-matrix bin 53 with 23 queries.
Average Recall: 0.783044
Initial average recall with ef=100: 0.7925
Average Recall: 0.848696
Initial average recall with ef=150: 0.8525
Weighted average ef: 228.391
Training absolute cv-matrix bin 54 with 33 queries.
Average Recall: 0.838182
Initial average recall with ef=100: 0.834286
Average Recall: 0.89
Initial average recall with ef=150: 0.888571
Weighted average ef: 130.606
Training absolute cv-matrix bin 55 with 29 queries.
Average Recall: 0.76
Initial average recall with ef=100: 0.76
Average Recall: 0.824828
Initial average recall with ef=150: 0.8525
Weighted average ef: 68.9655
Training absolute cv-matrix bin 56 with 38 queries.
Average Recall: 0.821316
Initial average recall with ef=100: 0.818947
Average Recall: 0.875789
Initial average recall with ef=150: 0.881053
Weighted average ef: 236.737
Training absolute cv-matrix bin 57 with 25 queries.
Average Recall: 0.806
Initial average recall with ef=100: 0.766667
Average Recall: 0.8524
Initial average recall with ef=150: 0.846667
Weighted average ef: 117.36
Training absolute cv-matrix bin 58 with 30 queries.
Average Recall: 0.823667
Initial average recall with ef=100: 0.776667
Average Recall: 0.872333
Initial average recall with ef=150: 0.832222
Recall diff is too small for 1 consecutive steps, break.
Weighted average ef: 231.9
Training absolute cv-matrix bin 59 with 29 queries.
Average Recall: 0.813793
Initial average recall with ef=100: 0.837857
Average Recall: 0.868621
Initial average recall with ef=150: 0.885
Recall diff is too small for 1 consecutive steps, break.
Weighted average ef: 181.172
Training absolute cv-matrix bin 60 with 44 queries.
Average Recall: 0.849773
Initial average recall with ef=100: 0.854286
Average Recall: 0.896591
Initial average recall with ef=150: 0.905714
Weighted average ef: 132.091
Training absolute cv-matrix bin 61 with 39 queries.
Average Recall: 0.848974
Initial average recall with ef=100: 0.825714
Average Recall: 0.897949
Initial average recall with ef=150: 0.877143
Weighted average ef: 218.205
Training absolute cv-matrix bin 62 with 42 queries.
Average Recall: 0.88
Initial average recall with ef=100: 0.87037
Average Recall: 0.92
Initial average recall with ef=150: 0.912222
Weighted average ef: 192.762
Training absolute cv-matrix bin 63 with 41 queries.
Average Recall: 0.891464
Initial average recall with ef=100: 0.855385
Average Recall: 0.929024
Initial average recall with ef=150: 0.899231
Recall diff is too small for 1 consecutive steps, break.
Weighted average ef: 114.78
Training absolute cv-matrix bin 64 with 51 queries.
Average Recall: 0.87
Initial average recall with ef=100: 0.841071
Average Recall: 0.91451
Initial average recall with ef=150: 0.891786
Recall diff is too small for 1 consecutive steps, break.
Recall diff is too small for 1 consecutive steps, break.
Weighted average ef: 180.196
Training absolute cv-matrix bin 65 with 45 queries.
Average Recall: 0.887778
Initial average recall with ef=100: 0.889583
Average Recall: 0.932889
Initial average recall with ef=150: 0.9325
Recall diff is too small for 1 consecutive steps, break.
Weighted average ef: 113.2
Training absolute cv-matrix bin 66 with 43 queries.
Average Recall: 0.902326
Initial average recall with ef=100: 0.896364
Average Recall: 0.936279
Initial average recall with ef=150: 0.937273
Recall diff is too small for 1 consecutive steps, break.
Weighted average ef: 127.953
Training absolute cv-matrix bin 67 with 54 queries.
Average Recall: 0.90537
Initial average recall with ef=100: 0.894483
Average Recall: 0.937963
Initial average recall with ef=150: 0.926207
Weighted average ef: 131.815
Training absolute cv-matrix bin 68 with 68 queries.
Average Recall: 0.907647
Initial average recall with ef=100: 0.908919
Average Recall: 0.9425
Initial average recall with ef=150: 0.944324
Weighted average ef: 109.971
Training absolute cv-matrix bin 69 with 60 queries.
Average Recall: 0.928167
Initial average recall with ef=100: 0.945278
Average Recall: 0.955667
Initial average recall with ef=150: 0.968333
Weighted average ef: 83.3333
Training absolute cv-matrix bin 70 with 75 queries.
Average Recall: 0.923334
Initial average recall with ef=100: 0.935319
Average Recall: 0.953334
Initial average recall with ef=150: 0.963404
Weighted average ef: 108.96
Training absolute cv-matrix bin 71 with 54 queries.
Average Recall: 0.937222
Initial average recall with ef=100: 0.9465
Average Recall: 0.964074
Initial average recall with ef=150: 0.972
Weighted average ef: 49.0741
Training absolute cv-matrix bin 72 with 61 queries.
Average Recall: 0.947377
Initial average recall with ef=100: 0.952286
Average Recall: 0.973935
Initial average recall with ef=150: 0.976857
Weighted average ef: 63.1148
Training absolute cv-matrix bin 73 with 65 queries.
Average Recall: 0.944923
Initial average recall with ef=100: 0.95525
Average Recall: 0.969692
Initial average recall with ef=150: 0.97725
Weighted average ef: 66.9231
Training absolute cv-matrix bin 74 with 43 queries.
Average Recall: 0.951163
Initial average recall with ef=100: 0.95
Average Recall: 0.970698
Initial average recall with ef=150: 0.967333
Weighted average ef: 47.6744
Training absolute cv-matrix bin 75 with 61 queries.
Average Recall: 0.954262
Initial average recall with ef=100: 0.96
Average Recall: 0.975082
Initial average recall with ef=150: 0.978696
Weighted average ef: 40.9836
Training absolute cv-matrix bin 76 with 74 queries.
Average Recall: 0.960811
Initial average recall with ef=100: 0.966491
Average Recall: 0.977703
Initial average recall with ef=150: 0.982807
Weighted average ef: 85.1351
Training absolute cv-matrix bin 77 with 57 queries.
Average Recall: 0.962281
Initial average recall with ef=100: 0.970385
Average Recall: 0.980702
Initial average recall with ef=150: 0.985
Weighted average ef: 45.614
Training absolute cv-matrix bin 78 with 38 queries.
Average Recall: 0.974211
Initial average recall with ef=100: 0.976667
Average Recall: 0.987105
Initial average recall with ef=150: 0.992667
Weighted average ef: 39.4737
Training absolute cv-matrix bin 79 with 29 queries.
Average Recall: 0.967931
Initial average recall with ef=100: 0.966667
Average Recall: 0.981724
Initial average recall with ef=150: 0.98
Weighted average ef: 31.0345
Training absolute cv-matrix bin 80 with 36 queries.
Average Recall: 0.976389
Initial average recall with ef=100: 0.97875
Average Recall: 0.989444
Initial average recall with ef=150: 0.9925
Weighted average ef: 22.2222
Training absolute cv-matrix bin 81 with 35 queries.
Average Recall: 0.973143
Initial average recall with ef=100: 0.976667
Average Recall: 0.983429
Initial average recall with ef=150: 0.984167
Weighted average ef: 34.2857
Training absolute cv-matrix bin 82 with 24 queries.
Average Recall: 0.980417
Initial average recall with ef=100: 0.99
Average Recall: 0.989583
Initial average recall with ef=150: 0.992857
Weighted average ef: 29.1667
Training absolute cv-matrix bin 83 with 11 queries.
Average Recall: 0.985455
Initial average recall with ef=100: 0.998
Average Recall: 0.99
Initial average recall with ef=150: 1
Weighted average ef: 45.4545
Training absolute cv-matrix bin 84 with 6 queries.
Average Recall: 0.986667
Initial average recall with ef=100: 0.9925
Average Recall: 0.998333
Initial average recall with ef=150: 1
Weighted average ef: 66.6667
Training absolute cv-matrix bin 85 with 4 queries.
Average Recall: 0.965
Initial average recall with ef=100: -nan
Average Recall: 0.9825
Initial average recall with ef=150: -nan
Weighted average ef: 0
Training absolute cv-matrix bin 86 with 3 queries.
Average Recall: 1
Initial average recall with ef=100: 1
Average Recall: 1
Initial average recall with ef=150: 1
Weighted average ef: 100
Reconstructed True WAE: 100 (Hard Pct: 0.02435)
Search time: 776 ms
Search time: 848 ms
Search time: 777 ms
Average Recall: 0.86734
5th percentile recall: 0.59
1st percentile recall: 0.44
Median search time: 777 ms
Search times: 776 ms, 777 ms, 848 ms,
word2vec-300-angular experiment results:
statisc_length, time, avg_recall, 5th_percentile_recall, 1st_percentile_recall, recall_above_99, recall_above_95, recall_above_90
1025, 777, 0.86734, 0.59, 0.44, 136, 315, 513
Experiment finished

--- n_convergence_buckets: 5 ---

Loading samplings from /opt/nfs_dcc/experiments/shiro-ef/sampling/word2vec-300-angular-samplings--k100-ef.bin
Samplings loaded from /opt/nfs_dcc/experiments/shiro-ef/sampling/word2vec-300-angular-samplings--k100-ef.bin
Average Recall: 0.823151
Initial average recall with ef=100: 0.82403
Average Recall: 0.869401
Initial average recall with ef=150: 0.870276
Weighted average ef: 429.833
Training convergence-bucket 0 [17.3626, 45.894) with 400 queries.
Average Recall: 0.611025
Initial average recall with ef=100: 0.610675
Average Recall: 0.69335
Initial average recall with ef=150: 0.693636
Weighted average ef: 902.932
Training convergence-bucket 1 [45.894, 58.8628) with 400 queries.
Average Recall: 0.73035
Initial average recall with ef=100: 0.727507
Average Recall: 0.794075
Initial average recall with ef=150: 0.792118
Recall diff is too small for 1 consecutive steps, break.
Weighted average ef: 662.595
Training convergence-bucket 2 [58.8628, 68.1161) with 400 queries.
Average Recall: 0.876225
Initial average recall with ef=100: 0.872997
Average Recall: 0.91805
Initial average recall with ef=150: 0.916676
Weighted average ef: 250.02
Training convergence-bucket 3 [68.1161, 74.5257) with 400 queries.
Average Recall: 0.93155
Initial average recall with ef=100: 0.932698
Average Recall: 0.9597
Initial average recall with ef=150: 0.960688
Weighted average ef: 150.43
Training convergence-bucket 4 [74.5257, inf) with 400 queries.
Average Recall: 0.966625
Initial average recall with ef=100: 0.967868
Average Recall: 0.98185
Initial average recall with ef=150: 0.982947
Weighted average ef: 106.98
Reconstructed True WAE: 289.959 (Hard Pct: 0.02435)
Search time: 2070 ms
Search time: 2069 ms
Search time: 2069 ms
Average Recall: 0.97352
5th percentile recall: 0.89
1st percentile recall: 0.79
Median search time: 2069 ms
Search times: 2069 ms, 2069 ms, 2070 ms,
word2vec-300-angular experiment results:
statisc_length, time, avg_recall, 5th_percentile_recall, 1st_percentile_recall, recall_above_99, recall_above_95, recall_above_90
1025, 2069, 0.97352, 0.89, 0.79, 602, 809, 924
Experiment finished

--- n_convergence_buckets: 10 ---

Loading samplings from /opt/nfs_dcc/experiments/shiro-ef/sampling/word2vec-300-angular-samplings--k100-ef.bin
Samplings loaded from /opt/nfs_dcc/experiments/shiro-ef/sampling/word2vec-300-angular-samplings--k100-ef.bin
Average Recall: 0.823151
Initial average recall with ef=100: 0.82403
Average Recall: 0.869401
Initial average recall with ef=150: 0.870276
Weighted average ef: 429.833
Training convergence-bucket 0 [17.3626, 42.1819) with 200 queries.
Average Recall: 0.5901
Initial average recall with ef=100: 0.599355
Average Recall: 0.66845
Initial average recall with ef=150: 0.678333
Recall diff is too small for 1 consecutive steps, break.
Recall diff is too small for 1 consecutive steps, break.
Weighted average ef: 868.505
Training convergence-bucket 1 [42.1819, 45.894) with 200 queries.
Average Recall: 0.63195
Initial average recall with ef=100: 0.636409
Average Recall: 0.71825
Initial average recall with ef=150: 0.722873
Recall diff is too small for 1 consecutive steps, break.
Weighted average ef: 803.32
Training convergence-bucket 2 [45.894, 52.1049) with 200 queries.
Average Recall: 0.6673
Initial average recall with ef=100: 0.658462
Average Recall: 0.73735
Initial average recall with ef=150: 0.730604
Recall diff is too small for 1 consecutive steps, break.
Recall diff is too small for 1 consecutive steps, break.
Recall diff is too small for 1 consecutive steps, break.
Weighted average ef: 781.545
Training convergence-bucket 3 [52.1049, 58.8628) with 200 queries.
Average Recall: 0.7934
Initial average recall with ef=100: 0.792768
Average Recall: 0.8508
Initial average recall with ef=150: 0.851525
Recall diff is too small for 1 consecutive steps, break.
Recall diff is too small for 1 consecutive steps, break.
Recall diff is too small for 1 consecutive steps, break.
Recall diff is too small for 1 consecutive steps, break.
Weighted average ef: 495.95
Training convergence-bucket 4 [58.8628, 64.0561) with 200 queries.
Average Recall: 0.85905
Initial average recall with ef=100: 0.856687
Average Recall: 0.90425
Initial average recall with ef=150: 0.904458
Weighted average ef: 255.955
Training convergence-bucket 5 [64.0561, 68.1161) with 200 queries.
Average Recall: 0.8934
Initial average recall with ef=100: 0.888883
Average Recall: 0.93185
Initial average recall with ef=150: 0.92905
Weighted average ef: 222.85
Training convergence-bucket 6 [68.1161, 71.116) with 200 queries.
Average Recall: 0.91845
Initial average recall with ef=100: 0.920471
Average Recall: 0.9495
Initial average recall with ef=150: 0.950647
Weighted average ef: 157.605
Training convergence-bucket 7 [71.116, 74.5257) with 200 queries.
Average Recall: 0.94465
Initial average recall with ef=100: 0.94422
Average Recall: 0.9699
Initial average recall with ef=150: 0.970174
Weighted average ef: 124.555
Training convergence-bucket 8 [74.5257, 77.8442) with 200 queries.
Average Recall: 0.957251
Initial average recall with ef=100: 0.958976
Average Recall: 0.97635
Initial average recall with ef=150: 0.978253
Weighted average ef: 94.34
Training convergence-bucket 9 [77.8442, inf) with 200 queries.
Average Recall: 0.976001
Initial average recall with ef=100: 0.97814
Average Recall: 0.98735
Initial average recall with ef=150: 0.988837
Weighted average ef: 92.5
Reconstructed True WAE: 290.549 (Hard Pct: 0.02435)
Search time: 2154 ms
Search time: 2074 ms
Search time: 2170 ms
Average Recall: 0.97359
5th percentile recall: 0.89
1st percentile recall: 0.78
Median search time: 2154 ms
Search times: 2074 ms, 2154 ms, 2170 ms,
word2vec-300-angular experiment results:
statisc_length, time, avg_recall, 5th_percentile_recall, 1st_percentile_recall, recall_above_99, recall_above_95, recall_above_90
1025, 2154, 0.97359, 0.89, 0.78, 603, 808, 928
Experiment finished

--- n_convergence_buckets: 15 ---

Loading samplings from /opt/nfs_dcc/experiments/shiro-ef/sampling/word2vec-300-angular-samplings--k100-ef.bin
Samplings loaded from /opt/nfs_dcc/experiments/shiro-ef/sampling/word2vec-300-angular-samplings--k100-ef.bin
Average Recall: 0.823151
Initial average recall with ef=100: 0.82403
Average Recall: 0.869401
Initial average recall with ef=150: 0.870276
Weighted average ef: 429.833
Training convergence-bucket 0 [17.3626, 40.5251) with 133 queries.
Average Recall: 0.574436
Initial average recall with ef=100: 0.58925
Average Recall: 0.652256
Initial average recall with ef=150: 0.667917
Recall diff is too small for 1 consecutive steps, break.
Weighted average ef: 867.105
Training convergence-bucket 1 [40.5251, 43.6015) with 133 queries.
Average Recall: 0.62015
Initial average recall with ef=100: 0.61984
Average Recall: 0.706391
Initial average recall with ef=150: 0.70832
Recall diff is too small for 1 consecutive steps, break.
Weighted average ef: 830.436
Training convergence-bucket 2 [43.6015, 45.8534) with 133 queries.
Average Recall: 0.637444
Initial average recall with ef=100: 0.649478
Average Recall: 0.720526
Initial average recall with ef=150: 0.731913
Recall diff is too small for 1 consecutive steps, break.
Recall diff is too small for 1 consecutive steps, break.
Weighted average ef: 718.94
Training convergence-bucket 3 [45.8534, 48.2485) with 133 queries.
Average Recall: 0.635339
Initial average recall with ef=100: 0.629576
Average Recall: 0.705714
Initial average recall with ef=150: 0.701186
Weighted average ef: 773.113
Training convergence-bucket 4 [48.2485, 54.483) with 133 queries.
Average Recall: 0.746466
Initial average recall with ef=100: 0.734273
Average Recall: 0.814135
Initial average recall with ef=150: 0.805545
Weighted average ef: 577.511
Training convergence-bucket 5 [54.483, 58.7976) with 133 queries.
Average Recall: 0.809399
Initial average recall with ef=100: 0.809908
Average Recall: 0.862406
Initial average recall with ef=150: 0.865046
Recall diff is too small for 1 consecutive steps, break.
Recall diff is too small for 1 consecutive steps, break.
Weighted average ef: 412.165
Training convergence-bucket 6 [58.7976, 62.3844) with 133 queries.
Average Recall: 0.839925
Initial average recall with ef=100: 0.832358
Average Recall: 0.889399
Initial average recall with ef=150: 0.884245
Recall diff is too small for 1 consecutive steps, break.
Recall diff is too small for 1 consecutive steps, break.
Weighted average ef: 309.955
Training convergence-bucket 7 [62.3844, 65.212) with 133 queries.
Average Recall: 0.882857
Initial average recall with ef=100: 0.876539
Average Recall: 0.923459
Initial average recall with ef=150: 0.919615
Weighted average ef: 203.82
Training convergence-bucket 8 [65.212, 68.0415) with 133 queries.
Average Recall: 0.90188
Initial average recall with ef=100: 0.897981
Average Recall: 0.938195
Initial average recall with ef=150: 0.935096
Weighted average ef: 190.586
Training convergence-bucket 9 [68.0415, 70.0795) with 133 queries.
Average Recall: 0.915714
Initial average recall with ef=100: 0.9244
Average Recall: 0.947594
Initial average recall with ef=150: 0.9548
Weighted average ef: 127.053
Training convergence-bucket 10 [70.0795, 72.2772) with 133 queries.
Average Recall: 0.931579
Initial average recall with ef=100: 0.940909
Average Recall: 0.960226
Initial average recall with ef=150: 0.969273
Weighted average ef: 113.872
Training convergence-bucket 11 [72.2772, 74.4421) with 133 queries.
Average Recall: 0.947444
Initial average recall with ef=100: 0.9494
Average Recall: 0.971278
Initial average recall with ef=150: 0.9743
Weighted average ef: 93.2105
Training convergence-bucket 12 [74.4421, 76.6853) with 133 queries.
Average Recall: 0.955188
Initial average recall with ef=100: 0.956078
Average Recall: 0.974361
Initial average recall with ef=150: 0.975686
Weighted average ef: 92.4135
Training convergence-bucket 13 [76.6853, 79.4668) with 133 queries.
Average Recall: 0.966992
Initial average recall with ef=100: 0.971415
Average Recall: 0.983158
Initial average recall with ef=150: 0.98566
Weighted average ef: 90.5413
Training convergence-bucket 14 [79.4668, inf) with 138 queries.
Average Recall: 0.976739
Initial average recall with ef=100: 0.978713
Average Recall: 0.987536
Initial average recall with ef=150: 0.987624
Weighted average ef: 77.8985
Reconstructed True WAE: 275.262 (Hard Pct: 0.02435)
Search time: 1964 ms
Search time: 2047 ms
Search time: 1962 ms
Average Recall: 0.97125
5th percentile recall: 0.87
1st percentile recall: 0.76
Median search time: 1964 ms
Search times: 1962 ms, 1964 ms, 2047 ms,
word2vec-300-angular experiment results:
statisc_length, time, avg_recall, 5th_percentile_recall, 1st_percentile_recall, recall_above_99, recall_above_95, recall_above_90
1025, 1964, 0.97125, 0.87, 0.76, 586, 791, 914
Experiment finished

--- n_convergence_buckets: 20 ---

Loading samplings from /opt/nfs_dcc/experiments/shiro-ef/sampling/word2vec-300-angular-samplings--k100-ef.bin
Samplings loaded from /opt/nfs_dcc/experiments/shiro-ef/sampling/word2vec-300-angular-samplings--k100-ef.bin
Average Recall: 0.823151
Initial average recall with ef=100: 0.82403
Average Recall: 0.869401
Initial average recall with ef=150: 0.870276
Weighted average ef: 429.833
Training convergence-bucket 0 [17.3626, 38.9484) with 100 queries.
Average Recall: 0.5638
Initial average recall with ef=100: 0.587012
Average Recall: 0.639
Initial average recall with ef=150: 0.661839
Recall diff is too small for 1 consecutive steps, break.
Weighted average ef: 843.69
Training convergence-bucket 1 [38.9484, 42.1819) with 100 queries.
Average Recall: 0.6164
Initial average recall with ef=100: 0.61978
Average Recall: 0.6979
Initial average recall with ef=150: 0.703736
Recall diff is too small for 1 consecutive steps, break.
Weighted average ef: 814.25
Training convergence-bucket 2 [42.1819, 44.4031) with 100 queries.
Average Recall: 0.6225
Initial average recall with ef=100: 0.621477
Average Recall: 0.7145
Initial average recall with ef=150: 0.716023
Recall diff is too small for 1 consecutive steps, break.
Weighted average ef: 739.81
Training convergence-bucket 3 [44.4031, 45.894) with 100 queries.
Average Recall: 0.6414
Initial average recall with ef=100: 0.650482
Average Recall: 0.722
Initial average recall with ef=150: 0.729398
Recall diff is too small for 1 consecutive steps, break.
Weighted average ef: 714.48
Training convergence-bucket 4 [45.894, 47.3728) with 100 queries.
Average Recall: 0.6265
Initial average recall with ef=100: 0.621705
Average Recall: 0.6913
Initial average recall with ef=150: 0.688182
Weighted average ef: 793.7
Training convergence-bucket 5 [47.3728, 52.1049) with 100 queries.
Average Recall: 0.7081
Initial average recall with ef=100: 0.696145
Average Recall: 0.7834
Initial average recall with ef=150: 0.774217
Recall diff is too small for 1 consecutive steps, break.
Recall diff is too small for 1 consecutive steps, break.
Weighted average ef: 643.95
Training convergence-bucket 6 [52.1049, 55.5517) with 100 queries.
Average Recall: 0.7811
Initial average recall with ef=100: 0.773944
Average Recall: 0.8413
Initial average recall with ef=150: 0.838592
Weighted average ef: 373.64
Training convergence-bucket 7 [55.5517, 58.8628) with 100 queries.
Average Recall: 0.8057
Initial average recall with ef=100: 0.789863
Average Recall: 0.8603
Initial average recall with ef=150: 0.849178
Recall diff is too small for 1 consecutive steps, break.
Recall diff is too small for 1 consecutive steps, break.
Weighted average ef: 420.18
Training convergence-bucket 8 [58.8628, 61.5124) with 100 queries.
Average Recall: 0.8339
Initial average recall with ef=100: 0.830833
Average Recall: 0.8838
Initial average recall with ef=150: 0.882222
Recall diff is too small for 1 consecutive steps, break.
Weighted average ef: 290.06
Training convergence-bucket 9 [61.5124, 64.0561) with 100 queries.
Average Recall: 0.8842
Initial average recall with ef=100: 0.879726
Average Recall: 0.9247
Initial average recall with ef=150: 0.923836
Recall diff is too small for 1 consecutive steps, break.
Weighted average ef: 171.18
Training convergence-bucket 10 [64.0561, 66.0874) with 100 queries.
Average Recall: 0.8808
Initial average recall with ef=100: 0.869737
Average Recall: 0.9243
Initial average recall with ef=150: 0.917632
Weighted average ef: 205.68
Training convergence-bucket 11 [66.0874, 68.1161) with 100 queries.
Average Recall: 0.906
Initial average recall with ef=100: 0.89875
Average Recall: 0.9394
Initial average recall with ef=150: 0.934167
Weighted average ef: 178.4
Training convergence-bucket 12 [68.1161, 69.6532) with 100 queries.
Average Recall: 0.9129
Initial average recall with ef=100: 0.923803
Average Recall: 0.9453
Initial average recall with ef=150: 0.954225
Weighted average ef: 128.61
Training convergence-bucket 13 [69.6532, 71.116) with 100 queries.
Average Recall: 0.924
Initial average recall with ef=100: 0.937647
Average Recall: 0.9537
Initial average recall with ef=150: 0.965588
Weighted average ef: 109.72
Training convergence-bucket 14 [71.116, 72.838) with 100 queries.
Average Recall: 0.9419
Initial average recall with ef=100: 0.940536
Average Recall: 0.9686
Initial average recall with ef=150: 0.96875
Weighted average ef: 74.81
Training convergence-bucket 15 [72.838, 74.5257) with 100 queries.
Average Recall: 0.9474
Initial average recall with ef=100: 0.954
Average Recall: 0.9712
Initial average recall with ef=150: 0.976714
Weighted average ef: 82.5
Training convergence-bucket 16 [74.5257, 76.2959) with 100 queries.
Average Recall: 0.9495
Initial average recall with ef=100: 0.946949
Average Recall: 0.9704
Initial average recall with ef=150: 0.968983
Weighted average ef: 80.41
Training convergence-bucket 17 [76.2959, 77.8442) with 100 queries.
Average Recall: 0.965
Initial average recall with ef=100: 0.97411
Average Recall: 0.9823
Initial average recall with ef=150: 0.987397
Weighted average ef: 73
Training convergence-bucket 18 [77.8442, 80.5968) with 100 queries.
Average Recall: 0.9732
Initial average recall with ef=100: 0.974762
Average Recall: 0.9864
Initial average recall with ef=150: 0.989365
Weighted average ef: 65.1
Training convergence-bucket 19 [80.5968, inf) with 100 queries.
Average Recall: 0.9788
Initial average recall with ef=100: 0.982881
Average Recall: 0.9883
Initial average recall with ef=150: 0.989322
Weighted average ef: 61.5
Reconstructed True WAE: 283.372 (Hard Pct: 0.02435)
Search time: 2024 ms
Search time: 2100 ms
Search time: 2022 ms
Average Recall: 0.973
5th percentile recall: 0.88
1st percentile recall: 0.8
Median search time: 2024 ms
Search times: 2022 ms, 2024 ms, 2100 ms,
word2vec-300-angular experiment results:
statisc_length, time, avg_recall, 5th_percentile_recall, 1st_percentile_recall, recall_above_99, recall_above_95, recall_above_90
1025, 2024, 0.973, 0.88, 0.8, 593, 803, 922
Experiment finished


Dataset: sift10m-128-euclidean
Metric: l2
Data vectors dimensions: 10000000 x 128
Query vectors dimensions: 1000 x 128
Neighbors dimensions: 1000 x 100
Index loaded
Dimension of space:128
Data size of space:512

--- n_convergence_buckets: 0 ---

Loading samplings from /opt/nfs_dcc/experiments/shiro-ef/sampling/sift10m-128-euclidean-samplings--k100-ef.bin
Samplings loaded from /opt/nfs_dcc/experiments/shiro-ef/sampling/sift10m-128-euclidean-samplings--k100-ef.bin
Average Recall: 0.853566
Initial average recall with ef=100: 0.853951
Average Recall: 0.901071
Initial average recall with ef=150: 0.901442
Recall diff is too small for 1 consecutive steps, break.
Weighted average ef: 304.436
Training absolute cv-matrix bin 36 with 3 queries.
Average Recall: 0.573333
Initial average recall with ef=100: -nan
Average Recall: 0.65
Initial average recall with ef=150: -nan
Weighted average ef: 0
Training absolute cv-matrix bin 40 with 4 queries.
Average Recall: 0.7375
Initial average recall with ef=100: -nan
Average Recall: 0.815
Initial average recall with ef=150: -nan
Weighted average ef: 0
Training absolute cv-matrix bin 41 with 8 queries.
Average Recall: 0.60875
Initial average recall with ef=100: 0.61
Average Recall: 0.67625
Initial average recall with ef=150: 0.68
Weighted average ef: 375
Training absolute cv-matrix bin 42 with 19 queries.
Average Recall: 0.643684
Initial average recall with ef=100: 0.664444
Average Recall: 0.721579
Initial average recall with ef=150: 0.734444
Weighted average ef: 405.474
Training absolute cv-matrix bin 43 with 17 queries.
Average Recall: 0.683529
Initial average recall with ef=100: 0.712857
Average Recall: 0.747059
Initial average recall with ef=150: 0.772857
Weighted average ef: 247.588
Training absolute cv-matrix bin 44 with 18 queries.
Average Recall: 0.642222
Initial average recall with ef=100: 0.647143
Average Recall: 0.733889
Initial average recall with ef=150: 0.712857
Weighted average ef: 276.111
Training absolute cv-matrix bin 45 with 27 queries.
Average Recall: 0.667408
Initial average recall with ef=100: 0.662381
Average Recall: 0.737407
Initial average recall with ef=150: 0.734286
Recall diff is too small for 1 consecutive steps, break.
Recall diff is too small for 1 consecutive steps, break.
Weighted average ef: 512.296
Training absolute cv-matrix bin 46 with 31 queries.
Average Recall: 0.657097
Initial average recall with ef=100: 0.6435
Average Recall: 0.735161
Initial average recall with ef=150: 0.7195
Weighted average ef: 470.645
Training absolute cv-matrix bin 47 with 29 queries.
Average Recall: 0.641724
Initial average recall with ef=100: 0.635385
Average Recall: 0.72931
Initial average recall with ef=150: 0.720769
Weighted average ef: 310
Training absolute cv-matrix bin 48 with 42 queries.
Average Recall: 0.680476
Initial average recall with ef=100: 0.69375
Average Recall: 0.756667
Initial average recall with ef=150: 0.77125
Weighted average ef: 452.952
Training absolute cv-matrix bin 49 with 43 queries.
Average Recall: 0.682325
Initial average recall with ef=100: 0.673939
Average Recall: 0.761163
Initial average recall with ef=150: 0.752727
Weighted average ef: 529.953
Training absolute cv-matrix bin 50 with 59 queries.
Average Recall: 0.698305
Initial average recall with ef=100: 0.69875
Average Recall: 0.769153
Initial average recall with ef=150: 0.767708
Weighted average ef: 511.407
Training absolute cv-matrix bin 51 with 54 queries.
Average Recall: 0.68463
Initial average recall with ef=100: 0.68881
Average Recall: 0.76537
Initial average recall with ef=150: 0.77
Weighted average ef: 469.296
Training absolute cv-matrix bin 52 with 74 queries.
Average Recall: 0.715135
Initial average recall with ef=100: 0.707833
Average Recall: 0.798243
Initial average recall with ef=150: 0.792333
Weighted average ef: 453.878
Training absolute cv-matrix bin 53 with 20 queries.
Average Recall: 0.7625
Initial average recall with ef=100: 0.764286
Average Recall: 0.8325
Initial average recall with ef=150: 0.837143
Weighted average ef: 128.4
Training absolute cv-matrix bin 54 with 25 queries.
Average Recall: 0.7664
Initial average recall with ef=100: 0.741875
Average Recall: 0.8392
Initial average recall with ef=150: 0.824375
Weighted average ef: 354.4
Training absolute cv-matrix bin 55 with 34 queries.
Average Recall: 0.790294
Initial average recall with ef=100: 0.796667
Average Recall: 0.857353
Initial average recall with ef=150: 0.855333
Weighted average ef: 158.324
Training absolute cv-matrix bin 56 with 40 queries.
Average Recall: 0.7955
Initial average recall with ef=100: 0.79875
Average Recall: 0.86075
Initial average recall with ef=150: 0.864583
Weighted average ef: 204.225
Training absolute cv-matrix bin 57 with 48 queries.
Average Recall: 0.816667
Initial average recall with ef=100: 0.816
Average Recall: 0.876458
Initial average recall with ef=150: 0.877667
Weighted average ef: 214.229
Training absolute cv-matrix bin 58 with 52 queries.
Average Recall: 0.820385
Initial average recall with ef=100: 0.820732
Average Recall: 0.882115
Initial average recall with ef=150: 0.885122
Weighted average ef: 224.462
Training absolute cv-matrix bin 59 with 43 queries.
Average Recall: 0.827209
Initial average recall with ef=100: 0.824074
Average Recall: 0.88814
Initial average recall with ef=150: 0.888148
Weighted average ef: 191.186
Training absolute cv-matrix bin 60 with 70 queries.
Average Recall: 0.832571
Initial average recall with ef=100: 0.832
Average Recall: 0.890857
Initial average recall with ef=150: 0.892909
Weighted average ef: 220.6
Training absolute cv-matrix bin 61 with 58 queries.
Average Recall: 0.857931
Initial average recall with ef=100: 0.856486
Average Recall: 0.915172
Initial average recall with ef=150: 0.917297
Weighted average ef: 158.517
Training absolute cv-matrix bin 62 with 56 queries.
Average Recall: 0.843036
Initial average recall with ef=100: 0.8345
Average Recall: 0.898929
Initial average recall with ef=150: 0.89125
Weighted average ef: 215.321
Training absolute cv-matrix bin 63 with 66 queries.
Average Recall: 0.880303
Initial average recall with ef=100: 0.873673
Average Recall: 0.932727
Initial average recall with ef=150: 0.928776
Weighted average ef: 165.121
Training absolute cv-matrix bin 64 with 65 queries.
Average Recall: 0.856615
Initial average recall with ef=100: 0.83907
Average Recall: 0.905846
Initial average recall with ef=150: 0.891395
Weighted average ef: 189.185
Training absolute cv-matrix bin 65 with 60 queries.
Average Recall: 0.886167
Initial average recall with ef=100: 0.881333
Average Recall: 0.9315
Initial average recall with ef=150: 0.927333
Weighted average ef: 161.683
Training absolute cv-matrix bin 66 with 73 queries.
Average Recall: 0.89685
Initial average recall with ef=100: 0.903889
Average Recall: 0.943561
Initial average recall with ef=150: 0.949074
Weighted average ef: 126.644
Training absolute cv-matrix bin 67 with 58 queries.
Average Recall: 0.908103
Initial average recall with ef=100: 0.91875
Average Recall: 0.948621
Initial average recall with ef=150: 0.9575
Weighted average ef: 89.6552
Training absolute cv-matrix bin 68 with 51 queries.
Average Recall: 0.913137
Initial average recall with ef=100: 0.907187
Average Recall: 0.956078
Initial average recall with ef=150: 0.948438
Weighted average ef: 106.706
Training absolute cv-matrix bin 69 with 60 queries.
Average Recall: 0.927333
Initial average recall with ef=100: 0.934688
Average Recall: 0.958667
Initial average recall with ef=150: 0.96625
Weighted average ef: 73.3333
Training absolute cv-matrix bin 70 with 60 queries.
Average Recall: 0.921667
Initial average recall with ef=100: 0.90973
Average Recall: 0.9575
Initial average recall with ef=150: 0.95
Weighted average ef: 103.867
Training absolute cv-matrix bin 71 with 67 queries.
Average Recall: 0.934627
Initial average recall with ef=100: 0.934
Average Recall: 0.966567
Initial average recall with ef=150: 0.967111
Weighted average ef: 95.5224
Training absolute cv-matrix bin 72 with 62 queries.
Average Recall: 0.934193
Initial average recall with ef=100: 0.93675
Average Recall: 0.968871
Initial average recall with ef=150: 0.9695
Weighted average ef: 90.3226
Training absolute cv-matrix bin 73 with 52 queries.
Average Recall: 0.950577
Initial average recall with ef=100: 0.952759
Average Recall: 0.980769
Initial average recall with ef=150: 0.981035
Weighted average ef: 66.3462
Training absolute cv-matrix bin 74 with 63 queries.
Average Recall: 0.965556
Initial average recall with ef=100: 0.967442
Average Recall: 0.986032
Initial average recall with ef=150: 0.986744
Weighted average ef: 75.3968
Training absolute cv-matrix bin 75 with 48 queries.
Average Recall: 0.957917
Initial average recall with ef=100: 0.970417
Average Recall: 0.98125
Initial average recall with ef=150: 0.99125
Weighted average ef: 56.25
Training absolute cv-matrix bin 76 with 53 queries.
Average Recall: 0.968491
Initial average recall with ef=100: 0.979615
Average Recall: 0.987359
Initial average recall with ef=150: 0.992692
Weighted average ef: 49.0566
Training absolute cv-matrix bin 77 with 44 queries.
Average Recall: 0.973636
Initial average recall with ef=100: 0.981154
Average Recall: 0.988864
Initial average recall with ef=150: 0.993461
Weighted average ef: 59.0909
Training absolute cv-matrix bin 78 with 38 queries.
Average Recall: 0.972895
Initial average recall with ef=100: 0.977778
Average Recall: 0.988947
Initial average recall with ef=150: 0.989259
Weighted average ef: 75
Training absolute cv-matrix bin 79 with 37 queries.
Average Recall: 0.977297
Initial average recall with ef=100: 0.984074
Average Recall: 0.990811
Initial average recall with ef=150: 0.994815
Weighted average ef: 72.973
Training absolute cv-matrix bin 80 with 29 queries.
Average Recall: 0.983103
Initial average recall with ef=100: 0.988421
Average Recall: 0.993793
Initial average recall with ef=150: 0.997368
Weighted average ef: 65.5172
Training absolute cv-matrix bin 81 with 34 queries.
Average Recall: 0.989118
Initial average recall with ef=100: 0.9924
Average Recall: 0.995294
Initial average recall with ef=150: 0.9956
Weighted average ef: 73.5294
Training absolute cv-matrix bin 82 with 25 queries.
Average Recall: 0.992
Initial average recall with ef=100: 0.9945
Average Recall: 0.9976
Initial average recall with ef=150: 0.9985
Weighted average ef: 80
Training absolute cv-matrix bin 83 with 22 queries.
Average Recall: 0.995454
Initial average recall with ef=100: 0.9955
Average Recall: 0.999091
Initial average recall with ef=150: 0.9995
Weighted average ef: 90.9091
Training absolute cv-matrix bin 84 with 21 queries.
Average Recall: 0.993809
Initial average recall with ef=100: 0.997368
Average Recall: 0.999524
Initial average recall with ef=150: 1
Weighted average ef: 90.4762
Training absolute cv-matrix bin 85 with 13 queries.
Average Recall: 0.996154
Initial average recall with ef=100: 0.996364
Average Recall: 1
Initial average recall with ef=150: 1
Weighted average ef: 84.6154
Training absolute cv-matrix bin 86 with 7 queries.
Average Recall: 1
Initial average recall with ef=100: 1
Average Recall: 1
Initial average recall with ef=150: 1
Weighted average ef: 100
Training absolute cv-matrix bin 87 with 5 queries.
Average Recall: 1
Initial average recall with ef=100: 1
Average Recall: 1
Initial average recall with ef=150: 1
Weighted average ef: 100
Reconstructed True WAE: 100 (Hard Pct: 0.01945)
Search time: 748 ms
Search time: 748 ms
Search time: 754 ms
Average Recall: 0.86023
5th percentile recall: 0.64
1st percentile recall: 0.52
Median search time: 748 ms
Search times: 748 ms, 748 ms, 754 ms,
sift10m-128-euclidean experiment results:
statisc_length, time, avg_recall, 5th_percentile_recall, 1st_percentile_recall, recall_above_99, recall_above_95, recall_above_90
1025, 748, 0.86023, 0.64, 0.52, 112, 239, 433
Experiment finished

--- n_convergence_buckets: 5 ---

Loading samplings from /opt/nfs_dcc/experiments/shiro-ef/sampling/sift10m-128-euclidean-samplings--k100-ef.bin
Samplings loaded from /opt/nfs_dcc/experiments/shiro-ef/sampling/sift10m-128-euclidean-samplings--k100-ef.bin
Average Recall: 0.853566
Initial average recall with ef=100: 0.853951
Average Recall: 0.901071
Initial average recall with ef=150: 0.901442
Recall diff is too small for 1 consecutive steps, break.
Weighted average ef: 304.436
Training convergence-bucket 0 [24.3126, 52.4761) with 400 queries.
Average Recall: 0.6768
Initial average recall with ef=100: 0.674859
Average Recall: 0.754274
Initial average recall with ef=150: 0.752802
Recall diff is too small for 1 consecutive steps, break.
Weighted average ef: 668.98
Training convergence-bucket 1 [52.4761, 61.4362) with 400 queries.
Average Recall: 0.803125
Initial average recall with ef=100: 0.802699
Average Recall: 0.8678
Initial average recall with ef=150: 0.867609
Weighted average ef: 349.052
Training convergence-bucket 2 [61.4362, 67.8068) with 400 queries.
Average Recall: 0.87685
Initial average recall with ef=100: 0.875424
Average Recall: 0.925876
Initial average recall with ef=150: 0.924987
Weighted average ef: 219.423
Training convergence-bucket 3 [67.8068, 74.6687) with 400 queries.
Average Recall: 0.933325
Initial average recall with ef=100: 0.935026
Average Recall: 0.966575
Initial average recall with ef=150: 0.967984
Recall diff is too small for 1 consecutive steps, break.
Weighted average ef: 141.147
Training convergence-bucket 4 [74.6687, inf) with 400 queries.
Average Recall: 0.97775
Initial average recall with ef=100: 0.980128
Average Recall: 0.99085
Initial average recall with ef=150: 0.992282
Weighted average ef: 100.625
Reconstructed True WAE: 217.535 (Hard Pct: 0.01945)
Search time: 1904 ms
Search time: 1962 ms
Search time: 1899 ms
Average Recall: 0.98112
5th percentile recall: 0.94
1st percentile recall: 0.91
Median search time: 1904 ms
Search times: 1899 ms, 1904 ms, 1962 ms,
sift10m-128-euclidean experiment results:
statisc_length, time, avg_recall, 5th_percentile_recall, 1st_percentile_recall, recall_above_99, recall_above_95, recall_above_90
1025, 1904, 0.98112, 0.94, 0.91, 533, 889, 995
Experiment finished

--- n_convergence_buckets: 10 ---

Loading samplings from /opt/nfs_dcc/experiments/shiro-ef/sampling/sift10m-128-euclidean-samplings--k100-ef.bin
Samplings loaded from /opt/nfs_dcc/experiments/shiro-ef/sampling/sift10m-128-euclidean-samplings--k100-ef.bin
Average Recall: 0.853566
Initial average recall with ef=100: 0.853951
Average Recall: 0.901071
Initial average recall with ef=150: 0.901442
Recall diff is too small for 1 consecutive steps, break.
Weighted average ef: 304.436
Training convergence-bucket 0 [24.3126, 48.7863) with 200 queries.
Average Recall: 0.6612
Initial average recall with ef=100: 0.659278
Average Recall: 0.7388
Initial average recall with ef=150: 0.73732
Weighted average ef: 745.875
Training convergence-bucket 1 [48.7863, 52.4761) with 200 queries.
Average Recall: 0.6924
Initial average recall with ef=100: 0.691368
Average Recall: 0.76975
Initial average recall with ef=150: 0.769105
Weighted average ef: 584.84
Training convergence-bucket 2 [52.4761, 57.9109) with 200 queries.
Average Recall: 0.77475
Initial average recall with ef=100: 0.772169
Average Recall: 0.84375
Initial average recall with ef=150: 0.841958
Weighted average ef: 391.45
Training convergence-bucket 3 [57.9109, 61.4362) with 200 queries.
Average Recall: 0.8315
Initial average recall with ef=100: 0.830368
Average Recall: 0.89185
Initial average recall with ef=150: 0.891368
Weighted average ef: 279.615
Training convergence-bucket 4 [61.4362, 64.6833) with 200 queries.
Average Recall: 0.8578
Initial average recall with ef=100: 0.853549
Average Recall: 0.91165
Initial average recall with ef=150: 0.908441
Weighted average ef: 240.945
Training convergence-bucket 5 [64.6833, 67.8068) with 200 queries.
Average Recall: 0.8959
Initial average recall with ef=100: 0.895465
Average Recall: 0.9401
Initial average recall with ef=150: 0.940273
Weighted average ef: 178.795
Training convergence-bucket 6 [67.8068, 71.3931) with 200 queries.
Average Recall: 0.92055
Initial average recall with ef=100: 0.922043
Average Recall: 0.95755
Initial average recall with ef=150: 0.958925
Weighted average ef: 144
Training convergence-bucket 7 [71.3931, 74.6687) with 200 queries.
Average Recall: 0.946101
Initial average recall with ef=100: 0.947077
Average Recall: 0.975601
Initial average recall with ef=150: 0.976564
Weighted average ef: 123.25
Training convergence-bucket 8 [74.6687, 78.8065) with 200 queries.
Average Recall: 0.96695
Initial average recall with ef=100: 0.97129
Average Recall: 0.98555
Initial average recall with ef=150: 0.988172
Weighted average ef: 98.25
Training convergence-bucket 9 [78.8065, inf) with 200 queries.
Average Recall: 0.98855
Initial average recall with ef=100: 0.991492
Average Recall: 0.99615
Initial average recall with ef=150: 0.997403
Weighted average ef: 90.5
Reconstructed True WAE: 215.182 (Hard Pct: 0.01945)
Search time: 1694 ms
Search time: 1428 ms
Search time: 1355 ms
Average Recall: 0.98085
5th percentile recall: 0.94
1st percentile recall: 0.91
Median search time: 1428 ms
Search times: 1355 ms, 1428 ms, 1694 ms,
sift10m-128-euclidean experiment results:
statisc_length, time, avg_recall, 5th_percentile_recall, 1st_percentile_recall, recall_above_99, recall_above_95, recall_above_90
1025, 1428, 0.98085, 0.94, 0.91, 524, 884, 996
Experiment finished

--- n_convergence_buckets: 15 ---

Loading samplings from /opt/nfs_dcc/experiments/shiro-ef/sampling/sift10m-128-euclidean-samplings--k100-ef.bin
Samplings loaded from /opt/nfs_dcc/experiments/shiro-ef/sampling/sift10m-128-euclidean-samplings--k100-ef.bin
Average Recall: 0.853566
Initial average recall with ef=100: 0.853951
Average Recall: 0.901071
Initial average recall with ef=150: 0.901442
Recall diff is too small for 1 consecutive steps, break.
Weighted average ef: 304.436
Training convergence-bucket 0 [24.3126, 46.8748) with 133 queries.
Average Recall: 0.659398
Initial average recall with ef=100: 0.655391
Average Recall: 0.735113
Initial average recall with ef=150: 0.731484
Weighted average ef: 768.669
Training convergence-bucket 1 [46.8748, 50.1573) with 133 queries.
Average Recall: 0.67188
Initial average recall with ef=100: 0.670738
Average Recall: 0.750977
Initial average recall with ef=150: 0.751148
Recall diff is too small for 1 consecutive steps, break.
Weighted average ef: 644.977
Training convergence-bucket 2 [50.1573, 52.4609) with 133 queries.
Average Recall: 0.699549
Initial average recall with ef=100: 0.693089
Average Recall: 0.777067
Initial average recall with ef=150: 0.771057
Recall diff is too small for 1 consecutive steps, break.
Weighted average ef: 564.722
Training convergence-bucket 3 [52.4609, 56.4076) with 133 queries.
Average Recall: 0.753308
Initial average recall with ef=100: 0.747833
Average Recall: 0.826842
Initial average recall with ef=150: 0.8225
Weighted average ef: 422.353
Training convergence-bucket 4 [56.4076, 59.1723) with 133 queries.
Average Recall: 0.817444
Initial average recall with ef=100: 0.812017
Average Recall: 0.879173
Initial average recall with ef=150: 0.875042
Weighted average ef: 289.165
Training convergence-bucket 5 [59.1723, 61.423) with 133 queries.
Average Recall: 0.835639
Initial average recall with ef=100: 0.833934
Average Recall: 0.895188
Initial average recall with ef=150: 0.894508
Weighted average ef: 264.662
Training convergence-bucket 6 [61.423, 63.7613) with 133 queries.
Average Recall: 0.861203
Initial average recall with ef=100: 0.857143
Average Recall: 0.914737
Initial average recall with ef=150: 0.911008
Weighted average ef: 240.707
Training convergence-bucket 7 [63.7613, 65.8321) with 133 queries.
Average Recall: 0.867519
Initial average recall with ef=100: 0.861597
Average Recall: 0.917293
Initial average recall with ef=150: 0.912269
Weighted average ef: 222.361
Training convergence-bucket 8 [65.8321, 67.7662) with 133 queries.
Average Recall: 0.901654
Initial average recall with ef=100: 0.905044
Average Recall: 0.944737
Initial average recall with ef=150: 0.948584
Weighted average ef: 157.895
Training convergence-bucket 9 [67.7662, 70.1357) with 133 queries.
Average Recall: 0.919323
Initial average recall with ef=100: 0.922895
Average Recall: 0.956541
Initial average recall with ef=150: 0.959123
Weighted average ef: 127.444
Training convergence-bucket 10 [70.1357, 72.2842) with 133 queries.
Average Recall: 0.928496
Initial average recall with ef=100: 0.928572
Average Recall: 0.962707
Initial average recall with ef=150: 0.963109
Weighted average ef: 138.346
Training convergence-bucket 11 [72.2842, 74.5866) with 133 queries.
Average Recall: 0.95
Initial average recall with ef=100: 0.952727
Average Recall: 0.979775
Initial average recall with ef=150: 0.981983
Weighted average ef: 112.436
Training convergence-bucket 12 [74.5866, 77.1612) with 133 queries.
Average Recall: 0.964512
Initial average recall with ef=100: 0.969918
Average Recall: 0.984511
Initial average recall with ef=150: 0.988033
Weighted average ef: 96.8947
Training convergence-bucket 13 [77.1612, 80.7536) with 133 queries.
Average Recall: 0.975865
Initial average recall with ef=100: 0.977541
Average Recall: 0.989925
Initial average recall with ef=150: 0.990492
Weighted average ef: 96.6165
Training convergence-bucket 14 [80.7536, inf) with 138 queries.
Average Recall: 0.992536
Initial average recall with ef=100: 0.994872
Average Recall: 0.997898
Initial average recall with ef=150: 0.998632
Weighted average ef: 84.7826
Reconstructed True WAE: 216.171 (Hard Pct: 0.01945)
Search time: 1471 ms
Search time: 1464 ms
Search time: 1450 ms
Average Recall: 0.98078
5th percentile recall: 0.94
1st percentile recall: 0.91
Median search time: 1464 ms
Search times: 1450 ms, 1464 ms, 1471 ms,
sift10m-128-euclidean experiment results:
statisc_length, time, avg_recall, 5th_percentile_recall, 1st_percentile_recall, recall_above_99, recall_above_95, recall_above_90
1025, 1464, 0.98078, 0.94, 0.91, 530, 883, 993
Experiment finished

--- n_convergence_buckets: 20 ---

Loading samplings from /opt/nfs_dcc/experiments/shiro-ef/sampling/sift10m-128-euclidean-samplings--k100-ef.bin
Samplings loaded from /opt/nfs_dcc/experiments/shiro-ef/sampling/sift10m-128-euclidean-samplings--k100-ef.bin
Average Recall: 0.853566
Initial average recall with ef=100: 0.853951
Average Recall: 0.901071
Initial average recall with ef=150: 0.901442
Recall diff is too small for 1 consecutive steps, break.
Weighted average ef: 304.436
Training convergence-bucket 0 [24.3126, 45.7355) with 100 queries.
Average Recall: 0.6557
Initial average recall with ef=100: 0.650105
Average Recall: 0.7309
Initial average recall with ef=150: 0.72579
Weighted average ef: 773.47
Training convergence-bucket 1 [45.7355, 48.7863) with 100 queries.
Average Recall: 0.6667
Initial average recall with ef=100: 0.662473
Average Recall: 0.7467
Initial average recall with ef=150: 0.743548
Weighted average ef: 651.6
Training convergence-bucket 2 [48.7863, 50.8259) with 100 queries.
Average Recall: 0.6874
Initial average recall with ef=100: 0.688372
Average Recall: 0.7628
Initial average recall with ef=150: 0.763256
Weighted average ef: 576.04
Training convergence-bucket 3 [50.8259, 52.4761) with 100 queries.
Average Recall: 0.6974
Initial average recall with ef=100: 0.696477
Average Recall: 0.7767
Initial average recall with ef=150: 0.776136
Weighted average ef: 507.19
Training convergence-bucket 4 [52.4761, 55.3887) with 100 queries.
Average Recall: 0.744
Initial average recall with ef=100: 0.737303
Average Recall: 0.8195
Initial average recall with ef=150: 0.814831
Weighted average ef: 445.2
Training convergence-bucket 5 [55.3887, 57.9109) with 100 queries.
Average Recall: 0.8055
Initial average recall with ef=100: 0.80061
Average Recall: 0.868
Initial average recall with ef=150: 0.86439
Weighted average ef: 286.48
Training convergence-bucket 6 [57.9109, 59.9582) with 100 queries.
Average Recall: 0.8227
Initial average recall with ef=100: 0.820549
Average Recall: 0.8846
Initial average recall with ef=150: 0.883077
Recall diff is too small for 1 consecutive steps, break.
Weighted average ef: 279.87
Training convergence-bucket 7 [59.9582, 61.4362) with 100 queries.
Average Recall: 0.8403
Initial average recall with ef=100: 0.839419
Average Recall: 0.8991
Initial average recall with ef=150: 0.899535
Weighted average ef: 235.84
Training convergence-bucket 8 [61.4362, 63.165) with 100 queries.
Average Recall: 0.8532
Initial average recall with ef=100: 0.845732
Average Recall: 0.9092
Initial average recall with ef=150: 0.902073
Weighted average ef: 234.78
Training convergence-bucket 9 [63.165, 64.6833) with 100 queries.
Average Recall: 0.8624
Initial average recall with ef=100: 0.85561
Average Recall: 0.9141
Initial average recall with ef=150: 0.909146
Weighted average ef: 211.34
Training convergence-bucket 10 [64.6833, 66.3791) with 100 queries.
Average Recall: 0.8858
Initial average recall with ef=100: 0.8835
Average Recall: 0.9319
Initial average recall with ef=150: 0.930375
Weighted average ef: 172.9
Training convergence-bucket 11 [66.3791, 67.8068) with 100 queries.
Average Recall: 0.906
Initial average recall with ef=100: 0.909634
Average Recall: 0.9483
Initial average recall with ef=150: 0.952073
Weighted average ef: 147.84
Training convergence-bucket 12 [67.8068, 69.6181) with 100 queries.
Average Recall: 0.9154
Initial average recall with ef=100: 0.915063
Average Recall: 0.9557
Initial average recall with ef=150: 0.95481
Weighted average ef: 129.88
Training convergence-bucket 13 [69.6181, 71.3931) with 100 queries.
Average Recall: 0.9257
Initial average recall with ef=100: 0.924943
Average Recall: 0.9594
Initial average recall with ef=150: 0.95954
Weighted average ef: 134.32
Training convergence-bucket 14 [71.3931, 72.883) with 100 queries.
Average Recall: 0.9371
Initial average recall with ef=100: 0.939647
Average Recall: 0.9688
Initial average recall with ef=150: 0.971176
Weighted average ef: 117.34
Training convergence-bucket 15 [72.883, 74.6687) with 100 queries.
Average Recall: 0.9551
Initial average recall with ef=100: 0.958889
Average Recall: 0.9824
Initial average recall with ef=150: 0.985185
Weighted average ef: 93
Training convergence-bucket 16 [74.6687, 76.6111) with 100 queries.
Average Recall: 0.9618
Initial average recall with ef=100: 0.969873
Average Recall: 0.983
Initial average recall with ef=150: 0.987722
Weighted average ef: 83.5
Training convergence-bucket 17 [76.6111, 78.8065) with 100 queries.
Average Recall: 0.9721
Initial average recall with ef=100: 0.975176
Average Recall: 0.9881
Initial average recall with ef=150: 0.989177
Weighted average ef: 89
Training convergence-bucket 18 [78.8065, 81.8112) with 100 queries.
Average Recall: 0.9825
Initial average recall with ef=100: 0.9875
Average Recall: 0.9932
Initial average recall with ef=150: 0.9955
Weighted average ef: 80
Training convergence-bucket 19 [81.8112, inf) with 100 queries.
Average Recall: 0.9946
Initial average recall with ef=100: 0.996667
Average Recall: 0.9991
Initial average recall with ef=150: 0.999556
Weighted average ef: 90
Reconstructed True WAE: 216.017 (Hard Pct: 0.01945)
Search time: 1462 ms
Search time: 1439 ms
Search time: 1480 ms
Average Recall: 0.98105
5th percentile recall: 0.94
1st percentile recall: 0.91
Median search time: 1462 ms
Search times: 1439 ms, 1462 ms, 1480 ms,
sift10m-128-euclidean experiment results:
statisc_length, time, avg_recall, 5th_percentile_recall, 1st_percentile_recall, recall_above_99, recall_above_95, recall_above_90
1025, 1462, 0.98105, 0.94, 0.91, 538, 889, 990
Experiment finished


Dataset: gist-960-euclidean
Metric: l2
Data vectors dimensions: 1000000 x 960
Query vectors dimensions: 1000 x 960
Neighbors dimensions: 1000 x 100
Index loaded
Dimension of space:960
Data size of space:3840

--- n_convergence_buckets: 0 ---

Loading samplings from /opt/nfs_dcc/experiments/shiro-ef/sampling/gist-960-euclidean-samplings--k100-ef.bin
Samplings loaded from /opt/nfs_dcc/experiments/shiro-ef/sampling/gist-960-euclidean-samplings--k100-ef.bin
Average Recall: 0.730425
Initial average recall with ef=100: 0.729425
Average Recall: 0.803664
Initial average recall with ef=150: 0.803058
Recall diff is too small for 1 consecutive steps, break.
Recall diff is too small for 1 consecutive steps, break.
Weighted average ef: 623.607
Training absolute cv-matrix bin 31 with 5 queries.
Average Recall: 0.502
Initial average recall with ef=100: 0.476667
Average Recall: 0.634
Initial average recall with ef=150: 0.633333
Weighted average ef: 1258.8
Training absolute cv-matrix bin 32 with 4 queries.
Average Recall: 0.515
Initial average recall with ef=100: 0.515
Average Recall: 0.6275
Initial average recall with ef=150: 0.6275
Weighted average ef: 1410
Training absolute cv-matrix bin 33 with 21 queries.
Average Recall: 0.507143
Initial average recall with ef=100: 0.523571
Average Recall: 0.584286
Initial average recall with ef=150: 0.601429
Weighted average ef: 1210.48
Training absolute cv-matrix bin 34 with 13 queries.
Average Recall: 0.522308
Initial average recall with ef=100: 0.59
Average Recall: 0.633077
Initial average recall with ef=150: 0.69
Weighted average ef: 244.615
Training absolute cv-matrix bin 35 with 30 queries.
Average Recall: 0.51
Initial average recall with ef=100: 0.51381
Average Recall: 0.619667
Initial average recall with ef=150: 0.620476
Recall diff is too small for 1 consecutive steps, break.
Weighted average ef: 789.233
Training absolute cv-matrix bin 36 with 39 queries.
Average Recall: 0.521026
Initial average recall with ef=100: 0.499231
Average Recall: 0.614359
Initial average recall with ef=150: 0.585385
Recall diff is too small for 1 consecutive steps, break.
Recall diff is too small for 1 consecutive steps, break.
Weighted average ef: 843.795
Training absolute cv-matrix bin 37 with 59 queries.
Average Recall: 0.505424
Initial average recall with ef=100: 0.505417
Average Recall: 0.609322
Initial average recall with ef=150: 0.607708
Weighted average ef: 1168.93
Training absolute cv-matrix bin 38 with 88 queries.
Average Recall: 0.512955
Initial average recall with ef=100: 0.510417
Average Recall: 0.608523
Initial average recall with ef=150: 0.606389
Recall diff is too small for 1 consecutive steps, break.
Weighted average ef: 1077.23
Training absolute cv-matrix bin 39 with 47 queries.
Average Recall: 0.539575
Initial average recall with ef=100: 0.515667
Average Recall: 0.64383
Initial average recall with ef=150: 0.614667
Weighted average ef: 826.192
Training absolute cv-matrix bin 40 with 36 queries.
Average Recall: 0.58
Initial average recall with ef=100: 0.55375
Average Recall: 0.6725
Initial average recall with ef=150: 0.65625
Recall diff is too small for 1 consecutive steps, break.
Weighted average ef: 194.361
Training absolute cv-matrix bin 41 with 35 queries.
Average Recall: 0.574857
Initial average recall with ef=100: 0.536
Average Recall: 0.667714
Initial average recall with ef=150: 0.645333
Weighted average ef: 425.4
Training absolute cv-matrix bin 42 with 54 queries.
Average Recall: 0.598889
Initial average recall with ef=100: 0.603429
Average Recall: 0.699259
Initial average recall with ef=150: 0.706286
Recall diff is too small for 1 consecutive steps, break.
Weighted average ef: 565.241
Training absolute cv-matrix bin 43 with 50 queries.
Average Recall: 0.5904
Initial average recall with ef=100: 0.571739
Average Recall: 0.6766
Initial average recall with ef=150: 0.664348
Recall diff is too small for 1 consecutive steps, break.
Weighted average ef: 495.3
Training absolute cv-matrix bin 44 with 64 queries.
Average Recall: 0.647812
Initial average recall with ef=100: 0.668837
Average Recall: 0.741406
Initial average recall with ef=150: 0.763256
Weighted average ef: 447.719
Training absolute cv-matrix bin 45 with 61 queries.
Average Recall: 0.646721
Initial average recall with ef=100: 0.645745
Average Recall: 0.735246
Initial average recall with ef=150: 0.737447
Weighted average ef: 642.279
Training absolute cv-matrix bin 46 with 70 queries.
Average Recall: 0.657571
Initial average recall with ef=100: 0.650566
Average Recall: 0.759429
Initial average recall with ef=150: 0.756226
Weighted average ef: 572.986
Training absolute cv-matrix bin 47 with 62 queries.
Average Recall: 0.668548
Initial average recall with ef=100: 0.6708
Average Recall: 0.762097
Initial average recall with ef=150: 0.762
Weighted average ef: 537.532
Training absolute cv-matrix bin 48 with 76 queries.
Average Recall: 0.682632
Initial average recall with ef=100: 0.691482
Average Recall: 0.773684
Initial average recall with ef=150: 0.780555
Weighted average ef: 478.5
Training absolute cv-matrix bin 49 with 78 queries.
Average Recall: 0.698718
Initial average recall with ef=100: 0.691692
Average Recall: 0.785
Initial average recall with ef=150: 0.780154
Recall diff is too small for 1 consecutive steps, break.
Recall diff is too small for 1 consecutive steps, break.
Recall diff is too small for 1 consecutive steps, break.
Weighted average ef: 483.013
Training absolute cv-matrix bin 50 with 69 queries.
Average Recall: 0.717537
Initial average recall with ef=100: 0.723043
Average Recall: 0.798261
Initial average recall with ef=150: 0.804565
Weighted average ef: 387.014
Training absolute cv-matrix bin 51 with 82 queries.
Average Recall: 0.717927
Initial average recall with ef=100: 0.720895
Average Recall: 0.796829
Initial average recall with ef=150: 0.8
Recall diff is too small for 1 consecutive steps, break.
Weighted average ef: 440.671
Training absolute cv-matrix bin 52 with 64 queries.
Average Recall: 0.729062
Initial average recall with ef=100: 0.733333
Average Recall: 0.808437
Initial average recall with ef=150: 0.814444
Weighted average ef: 371.344
Training absolute cv-matrix bin 53 with 48 queries.
Average Recall: 0.750833
Initial average recall with ef=100: 0.714545
Average Recall: 0.819583
Initial average recall with ef=150: 0.794545
Weighted average ef: 257.25
Training absolute cv-matrix bin 54 with 48 queries.
Average Recall: 0.755
Initial average recall with ef=100: 0.707826
Average Recall: 0.829375
Initial average recall with ef=150: 0.77913
Recall diff is too small for 1 consecutive steps, break.
Weighted average ef: 279.812
Training absolute cv-matrix bin 55 with 55 queries.
Average Recall: 0.758909
Initial average recall with ef=100: 0.752647
Average Recall: 0.830727
Initial average recall with ef=150: 0.818824
Weighted average ef: 287.2
Training absolute cv-matrix bin 56 with 38 queries.
Average Recall: 0.811842
Initial average recall with ef=100: 0.8375
Average Recall: 0.877105
Initial average recall with ef=150: 0.901875
Weighted average ef: 123.711
Training absolute cv-matrix bin 57 with 46 queries.
Average Recall: 0.779348
Initial average recall with ef=100: 0.76
Average Recall: 0.851957
Initial average recall with ef=150: 0.838929
Weighted average ef: 232.5
Training absolute cv-matrix bin 58 with 37 queries.
Average Recall: 0.823243
Initial average recall with ef=100: 0.774667
Average Recall: 0.887567
Initial average recall with ef=150: 0.859333
Weighted average ef: 136.838
Training absolute cv-matrix bin 59 with 48 queries.
Average Recall: 0.790417
Initial average recall with ef=100: 0.776667
Average Recall: 0.864167
Initial average recall with ef=150: 0.857778
Weighted average ef: 198.042
Training absolute cv-matrix bin 60 with 37 queries.
Average Recall: 0.810811
Initial average recall with ef=100: 0.796
Average Recall: 0.871081
Initial average recall with ef=150: 0.862
Recall diff is too small for 1 consecutive steps, break.
Weighted average ef: 163.378
Training absolute cv-matrix bin 61 with 40 queries.
Average Recall: 0.84825
Initial average recall with ef=100: 0.870714
Average Recall: 0.90725
Initial average recall with ef=150: 0.926429
Weighted average ef: 72.5
Training absolute cv-matrix bin 62 with 37 queries.
Average Recall: 0.865676
Initial average recall with ef=100: 0.874375
Average Recall: 0.917297
Initial average recall with ef=150: 0.918125
Weighted average ef: 89.7297
Training absolute cv-matrix bin 63 with 34 queries.
Average Recall: 0.874706
Initial average recall with ef=100: 0.876
Average Recall: 0.923529
Initial average recall with ef=150: 0.92
Weighted average ef: 106.647
Training absolute cv-matrix bin 64 with 30 queries.
Average Recall: 0.887333
Initial average recall with ef=100: 0.9
Average Recall: 0.935667
Initial average recall with ef=150: 0.945
Weighted average ef: 61.6667
Training absolute cv-matrix bin 65 with 37 queries.
Average Recall: 0.896757
Initial average recall with ef=100: 0.896471
Average Recall: 0.947838
Initial average recall with ef=150: 0.948824
Weighted average ef: 81.0811
Training absolute cv-matrix bin 66 with 32 queries.
Average Recall: 0.914687
Initial average recall with ef=100: 0.906
Average Recall: 0.955625
Initial average recall with ef=150: 0.957
Weighted average ef: 53.125
Training absolute cv-matrix bin 67 with 31 queries.
Average Recall: 0.901935
Initial average recall with ef=100: 0.917692
Average Recall: 0.94129
Initial average recall with ef=150: 0.952308
Weighted average ef: 70.9677
Training absolute cv-matrix bin 68 with 22 queries.
Average Recall: 0.929545
Initial average recall with ef=100: 0.924
Average Recall: 0.964545
Initial average recall with ef=150: 0.968
Weighted average ef: 34.0909
Training absolute cv-matrix bin 69 with 29 queries.
Average Recall: 0.91931
Initial average recall with ef=100: 0.9325
Average Recall: 0.954483
Initial average recall with ef=150: 0.965
Weighted average ef: 41.3793
Training absolute cv-matrix bin 70 with 21 queries.
Average Recall: 0.924286
Initial average recall with ef=100: 0.9
Average Recall: 0.96
Initial average recall with ef=150: 0.943333
Weighted average ef: 28.5714
Training absolute cv-matrix bin 71 with 24 queries.
Average Recall: 0.899167
Initial average recall with ef=100: 0.945556
Average Recall: 0.947917
Initial average recall with ef=150: 0.973333
Weighted average ef: 37.5
Training absolute cv-matrix bin 72 with 21 queries.
Average Recall: 0.935714
Initial average recall with ef=100: 0.975
Average Recall: 0.967619
Initial average recall with ef=150: 0.993333
Weighted average ef: 28.5714
Training absolute cv-matrix bin 73 with 14 queries.
Average Recall: 0.925714
Initial average recall with ef=100: -nan
Average Recall: 0.961429
Initial average recall with ef=150: -nan
Weighted average ef: 0
Training absolute cv-matrix bin 74 with 11 queries.
Average Recall: 0.934546
Initial average recall with ef=100: -nan
Average Recall: 0.967273
Initial average recall with ef=150: -nan
Weighted average ef: 0
Training absolute cv-matrix bin 75 with 20 queries.
Average Recall: 0.95
Initial average recall with ef=100: -nan
Average Recall: 0.98
Initial average recall with ef=150: -nan
Weighted average ef: 0
Training absolute cv-matrix bin 76 with 18 queries.
Average Recall: 0.965555
Initial average recall with ef=100: -nan
Average Recall: 0.985556
Initial average recall with ef=150: -nan
Weighted average ef: 0
Training absolute cv-matrix bin 77 with 19 queries.
Average Recall: 0.948421
Initial average recall with ef=100: 0.973333
Average Recall: 0.975789
Initial average recall with ef=150: 0.99
Weighted average ef: 15.7895
Training absolute cv-matrix bin 78 with 15 queries.
Average Recall: 0.968
Initial average recall with ef=100: -nan
Average Recall: 0.984667
Initial average recall with ef=150: -nan
Weighted average ef: 0
Training absolute cv-matrix bin 79 with 9 queries.
Average Recall: 0.987778
Initial average recall with ef=100: 0.98
Average Recall: 0.992222
Initial average recall with ef=150: 0.99
Weighted average ef: 33.3333
Training absolute cv-matrix bin 80 with 15 queries.
Average Recall: 0.974
Initial average recall with ef=100: 0.965714
Average Recall: 0.99
Initial average recall with ef=150: 0.984286
Weighted average ef: 46.6667
Training absolute cv-matrix bin 81 with 13 queries.
Average Recall: 0.972308
Initial average recall with ef=100: 0.994
Average Recall: 0.99
Initial average recall with ef=150: 0.998
Weighted average ef: 38.4615
Training absolute cv-matrix bin 82 with 10 queries.
Average Recall: 0.974
Initial average recall with ef=100: -nan
Average Recall: 0.993
Initial average recall with ef=150: -nan
Weighted average ef: 0
Training absolute cv-matrix bin 83 with 8 queries.
Average Recall: 0.97875
Initial average recall with ef=100: 1
Average Recall: 0.985
Initial average recall with ef=150: 1
Weighted average ef: 37.5
Training absolute cv-matrix bin 84 with 8 queries.
Average Recall: 0.98875
Initial average recall with ef=100: 0.985
Average Recall: 0.9975
Initial average recall with ef=150: 0.995
Weighted average ef: 50
Training absolute cv-matrix bin 85 with 5 queries.
Average Recall: 0.996
Initial average recall with ef=100: 0.996667
Average Recall: 0.998
Initial average recall with ef=150: 0.996667
Weighted average ef: 60
Training absolute cv-matrix bin 86 with 3 queries.
Average Recall: 0.996667
Initial average recall with ef=100: 0.996667
Average Recall: 0.996667
Initial average recall with ef=150: 0.996667
Weighted average ef: 100
Training absolute cv-matrix bin 87 with 4 queries.
Average Recall: 0.9975
Initial average recall with ef=100: 1
Average Recall: 1
Initial average recall with ef=150: 1
Weighted average ef: 75
Training absolute cv-matrix bin 88 with 3 queries.
Average Recall: 1
Initial average recall with ef=100: 1
Average Recall: 1
Initial average recall with ef=150: 1
Weighted average ef: 100
Reconstructed True WAE: 100 (Hard Pct: 0.0111)
Search time: 1402 ms
Search time: 1371 ms
Search time: 1410 ms
Average Recall: 0.72935
5th percentile recall: 0.48
1st percentile recall: 0.39
Median search time: 1402 ms
Search times: 1371 ms, 1402 ms, 1410 ms,
gist-960-euclidean experiment results:
statisc_length, time, avg_recall, 5th_percentile_recall, 1st_percentile_recall, recall_above_99, recall_above_95, recall_above_90
1025, 1402, 0.72935, 0.48, 0.39, 20, 71, 156
Experiment finished

--- n_convergence_buckets: 5 ---

Loading samplings from /opt/nfs_dcc/experiments/shiro-ef/sampling/gist-960-euclidean-samplings--k100-ef.bin
Samplings loaded from /opt/nfs_dcc/experiments/shiro-ef/sampling/gist-960-euclidean-samplings--k100-ef.bin
Average Recall: 0.730425
Initial average recall with ef=100: 0.729425
Average Recall: 0.803664
Initial average recall with ef=150: 0.803058
Recall diff is too small for 1 consecutive steps, break.
Recall diff is too small for 1 consecutive steps, break.
Weighted average ef: 623.607
Training convergence-bucket 0 [27.496, 42.302) with 400 queries.
Average Recall: 0.5312
Initial average recall with ef=100: 0.530128
Average Recall: 0.63
Initial average recall with ef=150: 0.629235
Recall diff is too small for 1 consecutive steps, break.
Recall diff is too small for 1 consecutive steps, break.
Weighted average ef: 1327.64
Training convergence-bucket 1 [42.302, 48.8174) with 400 queries.
Average Recall: 0.644225
Initial average recall with ef=100: 0.642926
Average Recall: 0.73765
Initial average recall with ef=150: 0.736641
Recall diff is too small for 1 consecutive steps, break.
Weighted average ef: 761.773
Training convergence-bucket 2 [48.8174, 54.8481) with 400 queries.
Average Recall: 0.7242
Initial average recall with ef=100: 0.720363
Average Recall: 0.803425
Initial average recall with ef=150: 0.800259
Recall diff is too small for 1 consecutive steps, break.
Weighted average ef: 531.953
Training convergence-bucket 3 [54.8481, 64.796) with 400 queries.
Average Recall: 0.81765
Initial average recall with ef=100: 0.819662
Average Recall: 0.880801
Initial average recall with ef=150: 0.882682
Weighted average ef: 307.635
Training convergence-bucket 4 [64.796, inf) with 400 queries.
Average Recall: 0.93485
Initial average recall with ef=100: 0.934609
Average Recall: 0.96645
Initial average recall with ef=150: 0.966719
Weighted average ef: 144.095
Reconstructed True WAE: 508.006 (Hard Pct: 0.0111)
Search time: 6450 ms
Search time: 6313 ms
Search time: 6096 ms
Average Recall: 0.96911
5th percentile recall: 0.91
1st percentile recall: 0.87
Median search time: 6313 ms
Search times: 6096 ms, 6313 ms, 6450 ms,
gist-960-euclidean experiment results:
statisc_length, time, avg_recall, 5th_percentile_recall, 1st_percentile_recall, recall_above_99, recall_above_95, recall_above_90
1025, 6313, 0.96911, 0.91, 0.87, 382, 725, 962
Experiment finished

--- n_convergence_buckets: 10 ---

Loading samplings from /opt/nfs_dcc/experiments/shiro-ef/sampling/gist-960-euclidean-samplings--k100-ef.bin
Samplings loaded from /opt/nfs_dcc/experiments/shiro-ef/sampling/gist-960-euclidean-samplings--k100-ef.bin
Average Recall: 0.730425
Initial average recall with ef=100: 0.729425
Average Recall: 0.803664
Initial average recall with ef=150: 0.803058
Recall diff is too small for 1 consecutive steps, break.
Recall diff is too small for 1 consecutive steps, break.
Weighted average ef: 623.607
Training convergence-bucket 0 [27.496, 38.282) with 200 queries.
Average Recall: 0.51415
Initial average recall with ef=100: 0.509037
Average Recall: 0.61375
Initial average recall with ef=150: 0.60877
Weighted average ef: 1424.39
Training convergence-bucket 1 [38.282, 42.302) with 200 queries.
Average Recall: 0.54825
Initial average recall with ef=100: 0.544599
Average Recall: 0.64625
Initial average recall with ef=150: 0.644064
Weighted average ef: 1125.79
Training convergence-bucket 2 [42.302, 45.7928) with 200 queries.
Average Recall: 0.62725
Initial average recall with ef=100: 0.62974
Average Recall: 0.71725
Initial average recall with ef=150: 0.718177
Recall diff is too small for 1 consecutive steps, break.
Recall diff is too small for 1 consecutive steps, break.
Weighted average ef: 820.34
Training convergence-bucket 3 [45.7928, 48.8174) with 200 queries.
Average Recall: 0.6612
Initial average recall with ef=100: 0.661344
Average Recall: 0.75805
Initial average recall with ef=150: 0.758602
Recall diff is too small for 1 consecutive steps, break.
Weighted average ef: 629.3
Training convergence-bucket 4 [48.8174, 51.4343) with 200 queries.
Average Recall: 0.71075
Initial average recall with ef=100: 0.713299
Average Recall: 0.7939
Initial average recall with ef=150: 0.797165
Weighted average ef: 516.59
Training convergence-bucket 5 [51.4343, 54.8481) with 200 queries.
Average Recall: 0.73765
Initial average recall with ef=100: 0.729613
Average Recall: 0.81295
Initial average recall with ef=150: 0.805635
Recall diff is too small for 1 consecutive steps, break.
Weighted average ef: 527.8
Training convergence-bucket 6 [54.8481, 59.3783) with 200 queries.
Average Recall: 0.78745
Initial average recall with ef=100: 0.787
Average Recall: 0.8582
Initial average recall with ef=150: 0.858444
Weighted average ef: 329.55
Training convergence-bucket 7 [59.3783, 64.796) with 200 queries.
Average Recall: 0.84785
Initial average recall with ef=100: 0.84827
Average Recall: 0.9034
Initial average recall with ef=150: 0.903892
Weighted average ef: 258.5
Training convergence-bucket 8 [64.796, 71.7515) with 200 queries.
Average Recall: 0.90955
Initial average recall with ef=100: 0.908518
Average Recall: 0.95115
Initial average recall with ef=150: 0.950635
Weighted average ef: 168.725
Training convergence-bucket 9 [71.7515, inf) with 200 queries.
Average Recall: 0.96015
Initial average recall with ef=100: 0.959945
Average Recall: 0.98175
Initial average recall with ef=150: 0.982363
Weighted average ef: 109.345
Reconstructed True WAE: 517.02 (Hard Pct: 0.0111)
Search time: 6597 ms
Search time: 6580 ms
Search time: 6559 ms
Average Recall: 0.97026
5th percentile recall: 0.91
1st percentile recall: 0.88
Median search time: 6580 ms
Search times: 6559 ms, 6580 ms, 6597 ms,
gist-960-euclidean experiment results:
statisc_length, time, avg_recall, 5th_percentile_recall, 1st_percentile_recall, recall_above_99, recall_above_95, recall_above_90
1025, 6580, 0.97026, 0.91, 0.88, 391, 747, 965
Experiment finished

--- n_convergence_buckets: 15 ---

Loading samplings from /opt/nfs_dcc/experiments/shiro-ef/sampling/gist-960-euclidean-samplings--k100-ef.bin
Samplings loaded from /opt/nfs_dcc/experiments/shiro-ef/sampling/gist-960-euclidean-samplings--k100-ef.bin
Average Recall: 0.730425
Initial average recall with ef=100: 0.729425
Average Recall: 0.803664
Initial average recall with ef=150: 0.803058
Recall diff is too small for 1 consecutive steps, break.
Recall diff is too small for 1 consecutive steps, break.
Weighted average ef: 623.607
Training convergence-bucket 0 [27.496, 37.2732) with 133 queries.
Average Recall: 0.507594
Initial average recall with ef=100: 0.500531
Average Recall: 0.60609
Initial average recall with ef=150: 0.601062
Recall diff is too small for 1 consecutive steps, break.
Weighted average ef: 1310.68
Training convergence-bucket 1 [37.2732, 39.0604) with 133 queries.
Average Recall: 0.514662
Initial average recall with ef=100: 0.508644
Average Recall: 0.614511
Initial average recall with ef=150: 0.607966
Recall diff is too small for 1 consecutive steps, break.
Weighted average ef: 1245.42
Training convergence-bucket 2 [39.0604, 42.2839) with 133 queries.
Average Recall: 0.56985
Initial average recall with ef=100: 0.563525
Average Recall: 0.66797
Initial average recall with ef=150: 0.661475
Weighted average ef: 1016.09
Training convergence-bucket 3 [42.2839, 44.726) with 133 queries.
Average Recall: 0.618346
Initial average recall with ef=100: 0.617317
Average Recall: 0.706993
Initial average recall with ef=150: 0.704553
Recall diff is too small for 1 consecutive steps, break.
Recall diff is too small for 1 consecutive steps, break.
Weighted average ef: 851.79
Training convergence-bucket 4 [44.726, 46.798) with 133 queries.
Average Recall: 0.646391
Initial average recall with ef=100: 0.644471
Average Recall: 0.745188
Initial average recall with ef=150: 0.743984
Recall diff is too small for 1 consecutive steps, break.
Weighted average ef: 701.955
Training convergence-bucket 5 [46.798, 48.7813) with 133 queries.
Average Recall: 0.669323
Initial average recall with ef=100: 0.669664
Average Recall: 0.761805
Initial average recall with ef=150: 0.761933
Recall diff is too small for 1 consecutive steps, break.
Weighted average ef: 583.03
Training convergence-bucket 6 [48.7813, 50.5608) with 133 queries.
Average Recall: 0.708496
Initial average recall with ef=100: 0.711094
Average Recall: 0.791804
Initial average recall with ef=150: 0.794766
Weighted average ef: 524.15
Training convergence-bucket 7 [50.5608, 52.3461) with 133 queries.
Average Recall: 0.720902
Initial average recall with ef=100: 0.718246
Average Recall: 0.801504
Initial average recall with ef=150: 0.80079
Recall diff is too small for 1 consecutive steps, break.
Weighted average ef: 458.579
Training convergence-bucket 8 [52.3461, 54.766) with 133 queries.
Average Recall: 0.741428
Initial average recall with ef=100: 0.734762
Average Recall: 0.816166
Initial average recall with ef=150: 0.811238
Recall diff is too small for 1 consecutive steps, break.
Weighted average ef: 407.684
Training convergence-bucket 9 [54.766, 57.7182) with 133 queries.
Average Recall: 0.777594
Initial average recall with ef=100: 0.776667
Average Recall: 0.847444
Initial average recall with ef=150: 0.848083
Weighted average ef: 356.466
Training convergence-bucket 10 [57.7182, 60.953) with 133 queries.
Average Recall: 0.80594
Initial average recall with ef=100: 0.797768
Average Recall: 0.873459
Initial average recall with ef=150: 0.868125
Weighted average ef: 307.744
Training convergence-bucket 11 [60.953, 64.6875) with 133 queries.
Average Recall: 0.863985
Initial average recall with ef=100: 0.862458
Average Recall: 0.917143
Initial average recall with ef=150: 0.916356
Weighted average ef: 213.759
Training convergence-bucket 12 [64.6875, 69.0422) with 133 queries.
Average Recall: 0.906842
Initial average recall with ef=100: 0.91161
Average Recall: 0.949549
Initial average recall with ef=150: 0.953475
Weighted average ef: 147.774
Training convergence-bucket 13 [69.0422, 75.8855) with 133 queries.
Average Recall: 0.92391
Initial average recall with ef=100: 0.929412
Average Recall: 0.96015
Initial average recall with ef=150: 0.965196
Weighted average ef: 112.406
Training convergence-bucket 14 [75.8855, inf) with 138 queries.
Average Recall: 0.972029
Initial average recall with ef=100: 0.976792
Average Recall: 0.988261
Initial average recall with ef=150: 0.99066
Weighted average ef: 80.8985
Reconstructed True WAE: 513.887 (Hard Pct: 0.0111)
Search time: 6270 ms
Search time: 6414 ms
Search time: 6551 ms
Average Recall: 0.96991
5th percentile recall: 0.91
1st percentile recall: 0.86
Median search time: 6414 ms
Search times: 6270 ms, 6414 ms, 6551 ms,
gist-960-euclidean experiment results:
statisc_length, time, avg_recall, 5th_percentile_recall, 1st_percentile_recall, recall_above_99, recall_above_95, recall_above_90
1025, 6414, 0.96991, 0.91, 0.86, 398, 749, 960
Experiment finished

--- n_convergence_buckets: 20 ---

Loading samplings from /opt/nfs_dcc/experiments/shiro-ef/sampling/gist-960-euclidean-samplings--k100-ef.bin
Samplings loaded from /opt/nfs_dcc/experiments/shiro-ef/sampling/gist-960-euclidean-samplings--k100-ef.bin
Average Recall: 0.730425
Initial average recall with ef=100: 0.729425
Average Recall: 0.803664
Initial average recall with ef=150: 0.803058
Recall diff is too small for 1 consecutive steps, break.
Recall diff is too small for 1 consecutive steps, break.
Weighted average ef: 623.607
Training convergence-bucket 0 [27.496, 36.7751) with 100 queries.
Average Recall: 0.5118
Initial average recall with ef=100: 0.497907
Average Recall: 0.612
Initial average recall with ef=150: 0.599767
Recall diff is too small for 1 consecutive steps, break.
Recall diff is too small for 1 consecutive steps, break.
Weighted average ef: 1376.52
Training convergence-bucket 1 [36.7751, 38.282) with 100 queries.
Average Recall: 0.5165
Initial average recall with ef=100: 0.514835
Average Recall: 0.6155
Initial average recall with ef=150: 0.613077
Weighted average ef: 1262.62
Training convergence-bucket 2 [38.282, 39.6487) with 100 queries.
Average Recall: 0.5088
Initial average recall with ef=100: 0.501136
Average Recall: 0.6079
Initial average recall with ef=150: 0.601705
Recall diff is too small for 1 consecutive steps, break.
Weighted average ef: 1214.23
Training convergence-bucket 3 [39.6487, 42.302) with 100 queries.
Average Recall: 0.5877
Initial average recall with ef=100: 0.581932
Average Recall: 0.6846
Initial average recall with ef=150: 0.679205
Recall diff is too small for 1 consecutive steps, break.
Weighted average ef: 898.13
Training convergence-bucket 4 [42.302, 44.2822) with 100 queries.
Average Recall: 0.6038
Initial average recall with ef=100: 0.609425
Average Recall: 0.6931
Initial average recall with ef=150: 0.698851
Recall diff is too small for 1 consecutive steps, break.
Recall diff is too small for 1 consecutive steps, break.
Recall diff is too small for 1 consecutive steps, break.
Weighted average ef: 832.79
Training convergence-bucket 5 [44.2822, 45.7928) with 100 queries.
Average Recall: 0.6507
Initial average recall with ef=100: 0.656154
Average Recall: 0.7414
Initial average recall with ef=150: 0.745494
Recall diff is too small for 1 consecutive steps, break.
Weighted average ef: 622.03
Training convergence-bucket 6 [45.7928, 47.357) with 100 queries.
Average Recall: 0.6586
Initial average recall with ef=100: 0.6575
Average Recall: 0.7604
Initial average recall with ef=150: 0.760326
Weighted average ef: 652.81
Training convergence-bucket 7 [47.357, 48.8174) with 100 queries.
Average Recall: 0.6638
Initial average recall with ef=100: 0.664167
Average Recall: 0.7557
Initial average recall with ef=150: 0.755
Recall diff is too small for 1 consecutive steps, break.
Weighted average ef: 599.85
Training convergence-bucket 8 [48.8174, 50.1242) with 100 queries.
Average Recall: 0.7077
Initial average recall with ef=100: 0.709457
Average Recall: 0.7932
Initial average recall with ef=150: 0.794565
Recall diff is too small for 1 consecutive steps, break.
Weighted average ef: 509.15
Training convergence-bucket 9 [50.1242, 51.4343) with 100 queries.
Average Recall: 0.7138
Initial average recall with ef=100: 0.711628
Average Recall: 0.7946
Initial average recall with ef=150: 0.793488
Weighted average ef: 449.33
Training convergence-bucket 10 [51.4343, 52.84) with 100 queries.
Average Recall: 0.7254
Initial average recall with ef=100: 0.720779
Average Recall: 0.8047
Initial average recall with ef=150: 0.801039
Weighted average ef: 446.19
Training convergence-bucket 11 [52.84, 54.8481) with 100 queries.
Average Recall: 0.7499
Initial average recall with ef=100: 0.735454
Average Recall: 0.8212
Initial average recall with ef=150: 0.809221
Recall diff is too small for 1 consecutive steps, break.
Weighted average ef: 380.92
Training convergence-bucket 12 [54.8481, 57.1181) with 100 queries.
Average Recall: 0.7814
Initial average recall with ef=100: 0.789241
Average Recall: 0.851
Initial average recall with ef=150: 0.857595
Weighted average ef: 295.52
Training convergence-bucket 13 [57.1181, 59.3783) with 100 queries.
Average Recall: 0.7935
Initial average recall with ef=100: 0.781667
Average Recall: 0.8654
Initial average recall with ef=150: 0.856667
Weighted average ef: 288.14
Training convergence-bucket 14 [59.3783, 61.7936) with 100 queries.
Average Recall: 0.819
Initial average recall with ef=100: 0.814337
Average Recall: 0.881
Initial average recall with ef=150: 0.87747
Weighted average ef: 304.09
Training convergence-bucket 15 [61.7936, 64.796) with 100 queries.
Average Recall: 0.8767
Initial average recall with ef=100: 0.87575
Average Recall: 0.9258
Initial average recall with ef=150: 0.925375
Weighted average ef: 173.07
Training convergence-bucket 16 [64.796, 67.8481) with 100 queries.
Average Recall: 0.9011
Initial average recall with ef=100: 0.90725
Average Recall: 0.9462
Initial average recall with ef=150: 0.951875
Weighted average ef: 139.9
Training convergence-bucket 17 [67.8481, 71.7515) with 100 queries.
Average Recall: 0.918
Initial average recall with ef=100: 0.927297
Average Recall: 0.9561
Initial average recall with ef=150: 0.962703
Weighted average ef: 115.29
Training convergence-bucket 18 [71.7515, 77.7839) with 100 queries.
Average Recall: 0.9413
Initial average recall with ef=100: 0.950714
Average Recall: 0.9726
Initial average recall with ef=150: 0.979572
Weighted average ef: 83
Training convergence-bucket 19 [77.7839, inf) with 100 queries.
Average Recall: 0.979
Initial average recall with ef=100: 0.984054
Average Recall: 0.9909
Initial average recall with ef=150: 0.992838
Weighted average ef: 74
Reconstructed True WAE: 517.061 (Hard Pct: 0.0111)
Search time: 6575 ms
Search time: 6557 ms
Search time: 6435 ms
Average Recall: 0.96997
5th percentile recall: 0.91
1st percentile recall: 0.86
Median search time: 6557 ms
Search times: 6435 ms, 6557 ms, 6575 ms,
gist-960-euclidean experiment results:
statisc_length, time, avg_recall, 5th_percentile_recall, 1st_percentile_recall, recall_above_99, recall_above_95, recall_above_90
1025, 6557, 0.96997, 0.91, 0.86, 400, 750, 964
Experiment finished


Dataset: tiny5m-384-euclidean
Metric: l2
Data vectors dimensions: 5000000 x 384
Query vectors dimensions: 1000 x 384
Neighbors dimensions: 1000 x 100
Index loaded
Dimension of space:384
Data size of space:1536

--- n_convergence_buckets: 0 ---

Loading samplings from /opt/nfs_dcc/experiments/shiro-ef/sampling/tiny5m-384-euclidean-samplings--k100-ef.bin
Samplings loaded from /opt/nfs_dcc/experiments/shiro-ef/sampling/tiny5m-384-euclidean-samplings--k100-ef.bin
Average Recall: 0.637594
Initial average recall with ef=100: 0.636823
Average Recall: 0.709403
Initial average recall with ef=150: 0.708812
Recall diff is too small for 1 consecutive steps, break.
Weighted average ef: 1236.9
Training absolute cv-matrix bin 26 with 4 queries.
Average Recall: 0.39
Initial average recall with ef=100: -nan
Average Recall: 0.455
Initial average recall with ef=150: -nan
Weighted average ef: 0
Training absolute cv-matrix bin 27 with 5 queries.
Average Recall: 0.342
Initial average recall with ef=100: -nan
Average Recall: 0.408
Initial average recall with ef=150: -nan
Weighted average ef: 0
Training absolute cv-matrix bin 28 with 4 queries.
Average Recall: 0.325
Initial average recall with ef=100: -nan
Average Recall: 0.46
Initial average recall with ef=150: -nan
Weighted average ef: 0
Training absolute cv-matrix bin 29 with 11 queries.
Average Recall: 0.376364
Initial average recall with ef=100: 0.35
Average Recall: 0.474545
Initial average recall with ef=150: 0.467143
Recall diff is too small for 1 consecutive steps, break.
Weighted average ef: 1716.91
Training absolute cv-matrix bin 30 with 13 queries.
Average Recall: 0.364615
Initial average recall with ef=100: 0.4025
Average Recall: 0.453846
Initial average recall with ef=150: 0.4875
Recall diff is too small for 1 consecutive steps, break.
Weighted average ef: 766.154
Training absolute cv-matrix bin 31 with 31 queries.
Average Recall: 0.375161
Initial average recall with ef=100: 0.3515
Average Recall: 0.437742
Initial average recall with ef=150: 0.4115
Weighted average ef: 2535.35
Training absolute cv-matrix bin 32 with 53 queries.
Average Recall: 0.353207
Initial average recall with ef=100: 0.325116
Average Recall: 0.440755
Initial average recall with ef=150: 0.412093
Recall diff is too small for 1 consecutive steps, break.
Weighted average ef: 2912.64
Training absolute cv-matrix bin 33 with 48 queries.
Average Recall: 0.359375
Initial average recall with ef=100: 0.34973
Average Recall: 0.464792
Initial average recall with ef=150: 0.464865
Weighted average ef: 2253.79
Training absolute cv-matrix bin 34 with 76 queries.
Average Recall: 0.405526
Initial average recall with ef=100: 0.398226
Average Recall: 0.487368
Initial average recall with ef=150: 0.472581
Recall diff is too small for 1 consecutive steps, break.
Recall diff is too small for 1 consecutive steps, break.
Recall diff is too small for 1 consecutive steps, break.
Recall diff is too small for 1 consecutive steps, break.
Recall diff is too small for 1 consecutive steps, break.
Weighted average ef: 2437.66
Training absolute cv-matrix bin 35 with 33 queries.
Average Recall: 0.482121
Initial average recall with ef=100: 0.4875
Average Recall: 0.566061
Initial average recall with ef=150: 0.5685
Recall diff is too small for 1 consecutive steps, break.
Weighted average ef: 1730.73
Training absolute cv-matrix bin 36 with 38 queries.
Average Recall: 0.453947
Initial average recall with ef=100: 0.468696
Average Recall: 0.527632
Initial average recall with ef=150: 0.527391
Recall diff is too small for 1 consecutive steps, break.
Weighted average ef: 1355.66
Training absolute cv-matrix bin 37 with 59 queries.
Average Recall: 0.447627
Initial average recall with ef=100: 0.432609
Average Recall: 0.548305
Initial average recall with ef=150: 0.536304
Recall diff is too small for 1 consecutive steps, break.
Weighted average ef: 1706.63
Training absolute cv-matrix bin 38 with 52 queries.
Average Recall: 0.446731
Initial average recall with ef=100: 0.402368
Average Recall: 0.544615
Initial average recall with ef=150: 0.505263
Recall diff is too small for 1 consecutive steps, break.
Recall diff is too small for 1 consecutive steps, break.
Recall diff is too small for 1 consecutive steps, break.
Weighted average ef: 1979.58
Training absolute cv-matrix bin 39 with 77 queries.
Average Recall: 0.476623
Initial average recall with ef=100: 0.457692
Average Recall: 0.557792
Initial average recall with ef=150: 0.540154
Recall diff is too small for 1 consecutive steps, break.
Weighted average ef: 1726.13
Training absolute cv-matrix bin 40 with 54 queries.
Average Recall: 0.507778
Initial average recall with ef=100: 0.513421
Average Recall: 0.587407
Initial average recall with ef=150: 0.584737
Weighted average ef: 1186.98
Training absolute cv-matrix bin 41 with 59 queries.
Average Recall: 0.503051
Initial average recall with ef=100: 0.495385
Average Recall: 0.584237
Initial average recall with ef=150: 0.578077
Recall diff is too small for 1 consecutive steps, break.
Recall diff is too small for 1 consecutive steps, break.
Weighted average ef: 1674.59
Training absolute cv-matrix bin 42 with 68 queries.
Average Recall: 0.544118
Initial average recall with ef=100: 0.557925
Average Recall: 0.629265
Initial average recall with ef=150: 0.639245
Weighted average ef: 1164.49
Training absolute cv-matrix bin 43 with 64 queries.
Average Recall: 0.551875
Initial average recall with ef=100: 0.549434
Average Recall: 0.634531
Initial average recall with ef=150: 0.633962
Recall diff is too small for 1 consecutive steps, break.
Weighted average ef: 1193.42
Training absolute cv-matrix bin 44 with 75 queries.
Average Recall: 0.543067
Initial average recall with ef=100: 0.539355
Average Recall: 0.628933
Initial average recall with ef=150: 0.624032
Recall diff is too small for 1 consecutive steps, break.
Weighted average ef: 1119.64
Training absolute cv-matrix bin 45 with 71 queries.
Average Recall: 0.593099
Initial average recall with ef=100: 0.597586
Average Recall: 0.673944
Initial average recall with ef=150: 0.675517
Recall diff is too small for 1 consecutive steps, break.
Weighted average ef: 944.127
Training absolute cv-matrix bin 46 with 65 queries.
Average Recall: 0.581231
Initial average recall with ef=100: 0.610233
Average Recall: 0.665846
Initial average recall with ef=150: 0.693954
Recall diff is too small for 1 consecutive steps, break.
Weighted average ef: 674.8
Training absolute cv-matrix bin 47 with 54 queries.
Average Recall: 0.594815
Initial average recall with ef=100: 0.62825
Average Recall: 0.670926
Initial average recall with ef=150: 0.69975
Recall diff is too small for 1 consecutive steps, break.
Weighted average ef: 704.574
Training absolute cv-matrix bin 48 with 53 queries.
Average Recall: 0.609057
Initial average recall with ef=100: 0.615385
Average Recall: 0.691698
Initial average recall with ef=150: 0.694872
Recall diff is too small for 1 consecutive steps, break.
Weighted average ef: 812.868
Training absolute cv-matrix bin 49 with 55 queries.
Average Recall: 0.657455
Initial average recall with ef=100: 0.686522
Average Recall: 0.723636
Initial average recall with ef=150: 0.75
Recall diff is too small for 1 consecutive steps, break.
Recall diff is too small for 1 consecutive steps, break.
Recall diff is too small for 1 consecutive steps, break.
Weighted average ef: 294.055
Training absolute cv-matrix bin 50 with 56 queries.
Average Recall: 0.675893
Initial average recall with ef=100: 0.659394
Average Recall: 0.743214
Initial average recall with ef=150: 0.730303
Weighted average ef: 537.286
Training absolute cv-matrix bin 51 with 41 queries.
Average Recall: 0.678781
Initial average recall with ef=100: 0.676923
Average Recall: 0.763902
Initial average recall with ef=150: 0.770385
Weighted average ef: 490.488
Training absolute cv-matrix bin 52 with 56 queries.
Average Recall: 0.711607
Initial average recall with ef=100: 0.738108
Average Recall: 0.786429
Initial average recall with ef=150: 0.813784
Weighted average ef: 347.5
Training absolute cv-matrix bin 53 with 54 queries.
Average Recall: 0.706482
Initial average recall with ef=100: 0.7145
Average Recall: 0.78537
Initial average recall with ef=150: 0.78825
Weighted average ef: 520.074
Training absolute cv-matrix bin 54 with 37 queries.
Average Recall: 0.726486
Initial average recall with ef=100: 0.697
Average Recall: 0.801081
Initial average recall with ef=150: 0.7795
Weighted average ef: 262.459
Training absolute cv-matrix bin 55 with 48 queries.
Average Recall: 0.761042
Initial average recall with ef=100: 0.794
Average Recall: 0.83375
Initial average recall with ef=150: 0.866571
Weighted average ef: 221.938
Training absolute cv-matrix bin 56 with 36 queries.
Average Recall: 0.778611
Initial average recall with ef=100: 0.791429
Average Recall: 0.850556
Initial average recall with ef=150: 0.869286
Weighted average ef: 130.444
Training absolute cv-matrix bin 57 with 39 queries.
Average Recall: 0.779744
Initial average recall with ef=100: 0.768667
Average Recall: 0.848462
Initial average recall with ef=150: 0.829333
Weighted average ef: 187.667
Training absolute cv-matrix bin 58 with 27 queries.
Average Recall: 0.781482
Initial average recall with ef=100: 0.828571
Average Recall: 0.855185
Initial average recall with ef=150: 0.891429
Weighted average ef: 67.7037
Training absolute cv-matrix bin 59 with 44 queries.
Average Recall: 0.79
Initial average recall with ef=100: 0.820476
Average Recall: 0.857727
Initial average recall with ef=150: 0.883333
Weighted average ef: 153.818
Training absolute cv-matrix bin 60 with 23 queries.
Average Recall: 0.802609
Initial average recall with ef=100: 0.7775
Average Recall: 0.861739
Initial average recall with ef=150: 0.8375
Weighted average ef: 68.3478
Training absolute cv-matrix bin 61 with 34 queries.
Average Recall: 0.823824
Initial average recall with ef=100: 0.816667
Average Recall: 0.881765
Initial average recall with ef=150: 0.865
Weighted average ef: 61.8529
Training absolute cv-matrix bin 62 with 26 queries.
Average Recall: 0.841154
Initial average recall with ef=100: 0.866667
Average Recall: 0.901154
Initial average recall with ef=150: 0.931111
Weighted average ef: 76.1538
Training absolute cv-matrix bin 63 with 21 queries.
Average Recall: 0.879524
Initial average recall with ef=100: -nan
Average Recall: 0.934286
Initial average recall with ef=150: -nan
Weighted average ef: 0
Training absolute cv-matrix bin 64 with 22 queries.
Average Recall: 0.883636
Initial average recall with ef=100: 0.8725
Average Recall: 0.940455
Initial average recall with ef=150: 0.95
Weighted average ef: 27.2727
Training absolute cv-matrix bin 65 with 30 queries.
Average Recall: 0.868
Initial average recall with ef=100: 0.883333
Average Recall: 0.916333
Initial average recall with ef=150: 0.923333
Weighted average ef: 43.8
Training absolute cv-matrix bin 66 with 27 queries.
Average Recall: 0.85037
Initial average recall with ef=100: 0.811667
Average Recall: 0.907407
Initial average recall with ef=150: 0.898333
Weighted average ef: 79.7778
Training absolute cv-matrix bin 67 with 29 queries.
Average Recall: 0.883103
Initial average recall with ef=100: 0.8775
Average Recall: 0.926207
Initial average recall with ef=150: 0.9275
Weighted average ef: 27.5862
Training absolute cv-matrix bin 68 with 24 queries.
Average Recall: 0.890833
Initial average recall with ef=100: 0.91
Average Recall: 0.92625
Initial average recall with ef=150: 0.937143
Weighted average ef: 58.3333
Training absolute cv-matrix bin 69 with 17 queries.
Average Recall: 0.918235
Initial average recall with ef=100: -nan
Average Recall: 0.951176
Initial average recall with ef=150: -nan
Weighted average ef: 0
Training absolute cv-matrix bin 70 with 19 queries.
Average Recall: 0.894211
Initial average recall with ef=100: 0.843333
Average Recall: 0.933158
Initial average recall with ef=150: 0.893333
Weighted average ef: 50.8421
Training absolute cv-matrix bin 71 with 13 queries.
Average Recall: 0.928461
Initial average recall with ef=100: -nan
Average Recall: 0.960769
Initial average recall with ef=150: -nan
Weighted average ef: 0
Training absolute cv-matrix bin 72 with 20 queries.
Average Recall: 0.9355
Initial average recall with ef=100: -nan
Average Recall: 0.961
Initial average recall with ef=150: -nan
Weighted average ef: 0
Training absolute cv-matrix bin 73 with 12 queries.
Average Recall: 0.909167
Initial average recall with ef=100: -nan
Average Recall: 0.939167
Initial average recall with ef=150: -nan
Weighted average ef: 0
Training absolute cv-matrix bin 74 with 17 queries.
Average Recall: 0.923529
Initial average recall with ef=100: -nan
Average Recall: 0.947647
Initial average recall with ef=150: -nan
Weighted average ef: 0
Training absolute cv-matrix bin 75 with 13 queries.
Average Recall: 0.955384
Initial average recall with ef=100: -nan
Average Recall: 0.979231
Initial average recall with ef=150: -nan
Weighted average ef: 0
Training absolute cv-matrix bin 76 with 12 queries.
Average Recall: 0.9625
Initial average recall with ef=100: 0.976667
Average Recall: 0.985833
Initial average recall with ef=150: 0.983333
Weighted average ef: 25
Training absolute cv-matrix bin 77 with 10 queries.
Average Recall: 0.969
Initial average recall with ef=100: -nan
Average Recall: 0.982
Initial average recall with ef=150: -nan
Weighted average ef: 0
Training absolute cv-matrix bin 78 with 7 queries.
Average Recall: 0.981429
Initial average recall with ef=100: -nan
Average Recall: 0.994286
Initial average recall with ef=150: -nan
Weighted average ef: 0
Training absolute cv-matrix bin 79 with 11 queries.
Average Recall: 0.932727
Initial average recall with ef=100: 0.9925
Average Recall: 0.963636
Initial average recall with ef=150: 0.9975
Weighted average ef: 36.3636
Training absolute cv-matrix bin 80 with 11 queries.
Average Recall: 0.973636
Initial average recall with ef=100: -nan
Average Recall: 0.987273
Initial average recall with ef=150: -nan
Weighted average ef: 0
Training absolute cv-matrix bin 81 with 7 queries.
Average Recall: 0.968571
Initial average recall with ef=100: -nan
Average Recall: 0.982857
Initial average recall with ef=150: -nan
Weighted average ef: 0
Training absolute cv-matrix bin 83 with 9 queries.
Average Recall: 0.935
Initial average recall with ef=100: 0.996667
Average Recall: 0.94125
Initial average recall with ef=150: 1
Weighted average ef: 33.3333
Training absolute cv-matrix bin 84 with 6 queries.
Average Recall: 0.988333
Initial average recall with ef=100: 0.99
Average Recall: 0.996667
Initial average recall with ef=150: 0.9975
Weighted average ef: 66.6667
Training absolute cv-matrix bin 85 with 3 queries.
Average Recall: 0.983333
Initial average recall with ef=100: -nan
Average Recall: 0.996667
Initial average recall with ef=150: -nan
Weighted average ef: 0
Training absolute cv-matrix bin 86 with 5 queries.
Average Recall: 0.948
Initial average recall with ef=100: 0.9975
Average Recall: 0.97
Initial average recall with ef=150: 1
Weighted average ef: 80
Training absolute cv-matrix bin 87 with 3 queries.
Average Recall: 0.996667
Initial average recall with ef=100: -nan
Average Recall: 1
Initial average recall with ef=150: -nan
Weighted average ef: 0
Reconstructed True WAE: 0 (Hard Pct: 0.0087)
Search time: 1077 ms
Search time: 1039 ms
Search time: 1035 ms
Average Recall: 0.66573
5th percentile recall: 0.32
1st percentile recall: 0.23
Median search time: 1039 ms
Search times: 1035 ms, 1039 ms, 1077 ms,
tiny5m-384-euclidean experiment results:
statisc_length, time, avg_recall, 5th_percentile_recall, 1st_percentile_recall, recall_above_99, recall_above_95, recall_above_90
1025, 1039, 0.66573, 0.32, 0.23, 37, 76, 156
Experiment finished

--- n_convergence_buckets: 5 ---

Loading samplings from /opt/nfs_dcc/experiments/shiro-ef/sampling/tiny5m-384-euclidean-samplings--k100-ef.bin
Samplings loaded from /opt/nfs_dcc/experiments/shiro-ef/sampling/tiny5m-384-euclidean-samplings--k100-ef.bin
Average Recall: 0.637594
Initial average recall with ef=100: 0.636819
Average Recall: 0.709403
Initial average recall with ef=150: 0.70882
Recall diff is too small for 1 consecutive steps, break.
Weighted average ef: 1236.92
Training convergence-bucket 0 [24.2968, 38.4766) with 400 queries.
Average Recall: 0.407625
Initial average recall with ef=100: 0.405101
Average Recall: 0.495125
Initial average recall with ef=150: 0.492399
Recall diff is too small for 1 consecutive steps, break.
Recall diff is too small for 1 consecutive steps, break.
Weighted average ef: 2708.45
Training convergence-bucket 1 [38.4766, 44.6557) with 400 queries.
Average Recall: 0.51265
Initial average recall with ef=100: 0.5082
Average Recall: 0.5971
Initial average recall with ef=150: 0.592339
Recall diff is too small for 1 consecutive steps, break.
Recall diff is too small for 1 consecutive steps, break.
Weighted average ef: 1621.54
Training convergence-bucket 2 [44.6557, 51.5026) with 400 queries.
Average Recall: 0.614975
Initial average recall with ef=100: 0.613232
Average Recall: 0.69275
Initial average recall with ef=150: 0.691171
Recall diff is too small for 1 consecutive steps, break.
Recall diff is too small for 1 consecutive steps, break.
Weighted average ef: 1122.72
Training convergence-bucket 3 [51.5026, 61.3231) with 400 queries.
Average Recall: 0.751
Initial average recall with ef=100: 0.750052
Average Recall: 0.823075
Initial average recall with ef=150: 0.822455
Recall diff is too small for 1 consecutive steps, break.
Recall diff is too small for 1 consecutive steps, break.
Recall diff is too small for 1 consecutive steps, break.
Weighted average ef: 513.092
Training convergence-bucket 4 [61.3231, inf) with 400 queries.
Average Recall: 0.902381
Initial average recall with ef=100: 0.903245
Average Recall: 0.939549
Initial average recall with ef=150: 0.940501
Recall diff is too small for 1 consecutive steps, break.
Weighted average ef: 185.91
Reconstructed True WAE: 1056.44 (Hard Pct: 0.0087)
Search time: 9091 ms
Search time: 8538 ms
Search time: 9169 ms
Average Recall: 0.97128
5th percentile recall: 0.9
1st percentile recall: 0.85
Median search time: 9091 ms
Search times: 8538 ms, 9091 ms, 9169 ms,
tiny5m-384-euclidean experiment results:
statisc_length, time, avg_recall, 5th_percentile_recall, 1st_percentile_recall, recall_above_99, recall_above_95, recall_above_90
1025, 9091, 0.97128, 0.9, 0.85, 500, 764, 946
Experiment finished

--- n_convergence_buckets: 10 ---

Loading samplings from /opt/nfs_dcc/experiments/shiro-ef/sampling/tiny5m-384-euclidean-samplings--k100-ef.bin
Samplings loaded from /opt/nfs_dcc/experiments/shiro-ef/sampling/tiny5m-384-euclidean-samplings--k100-ef.bin
Average Recall: 0.637594
Initial average recall with ef=100: 0.636819
Average Recall: 0.709403
Initial average recall with ef=150: 0.70882
Recall diff is too small for 1 consecutive steps, break.
Weighted average ef: 1236.92
Training convergence-bucket 0 [24.2968, 34.3498) with 200 queries.
Average Recall: 0.36635
Initial average recall with ef=100: 0.363093
Average Recall: 0.4542
Initial average recall with ef=150: 0.450773
Recall diff is too small for 1 consecutive steps, break.
Recall diff is too small for 1 consecutive steps, break.
Weighted average ef: 3042.79
Training convergence-bucket 1 [34.3498, 38.4766) with 200 queries.
Average Recall: 0.4489
Initial average recall with ef=100: 0.447927
Average Recall: 0.53605
Initial average recall with ef=150: 0.534352
Recall diff is too small for 1 consecutive steps, break.
Recall diff is too small for 1 consecutive steps, break.
Weighted average ef: 2261.88
Training convergence-bucket 2 [38.4766, 41.697) with 200 queries.
Average Recall: 0.48365
Initial average recall with ef=100: 0.48089
Average Recall: 0.56805
Initial average recall with ef=150: 0.565654
Recall diff is too small for 1 consecutive steps, break.
Weighted average ef: 1831.23
Training convergence-bucket 3 [41.697, 44.6557) with 200 queries.
Average Recall: 0.54165
Initial average recall with ef=100: 0.537461
Average Recall: 0.62615
Initial average recall with ef=150: 0.622021
Recall diff is too small for 1 consecutive steps, break.
Weighted average ef: 1404.36
Training convergence-bucket 4 [44.6557, 47.7374) with 200 queries.
Average Recall: 0.5804
Initial average recall with ef=100: 0.575753
Average Recall: 0.66185
Initial average recall with ef=150: 0.656989
Recall diff is too small for 1 consecutive steps, break.
Weighted average ef: 1238.13
Training convergence-bucket 5 [47.7374, 51.5026) with 200 queries.
Average Recall: 0.64955
Initial average recall with ef=100: 0.6491
Average Recall: 0.72365
Initial average recall with ef=150: 0.72418
Recall diff is too small for 1 consecutive steps, break.
Weighted average ef: 939.97
Training convergence-bucket 6 [51.5026, 55.611) with 200 queries.
Average Recall: 0.71555
Initial average recall with ef=100: 0.717979
Average Recall: 0.79085
Initial average recall with ef=150: 0.793627
Recall diff is too small for 1 consecutive steps, break.
Recall diff is too small for 1 consecutive steps, break.
Recall diff is too small for 1 consecutive steps, break.
Recall diff is too small for 1 consecutive steps, break.
Weighted average ef: 619.415
Training convergence-bucket 7 [55.611, 61.3231) with 200 queries.
Average Recall: 0.78645
Initial average recall with ef=100: 0.788656
Average Recall: 0.8553
Initial average recall with ef=150: 0.857581
Weighted average ef: 363.675
Training convergence-bucket 8 [61.3231, 69.2789) with 200 queries.
Average Recall: 0.86785
Initial average recall with ef=100: 0.874492
Average Recall: 0.91895
Initial average recall with ef=150: 0.925561
Weighted average ef: 216.65
Training convergence-bucket 9 [69.2789, inf) with 200 queries.
Average Recall: 0.937086
Initial average recall with ef=100: 0.936839
Average Recall: 0.960252
Initial average recall with ef=150: 0.958218
Recall diff is too small for 1 consecutive steps, break.
Weighted average ef: 141.05
Reconstructed True WAE: 1057.4 (Hard Pct: 0.0087)
Search time: 8790 ms
Search time: 8840 ms
Search time: 9199 ms
Average Recall: 0.9712
5th percentile recall: 0.9
1st percentile recall: 0.84
Median search time: 8840 ms
Search times: 8790 ms, 8840 ms, 9199 ms,
tiny5m-384-euclidean experiment results:
statisc_length, time, avg_recall, 5th_percentile_recall, 1st_percentile_recall, recall_above_99, recall_above_95, recall_above_90
1025, 8840, 0.9712, 0.9, 0.84, 497, 767, 942
Experiment finished

--- n_convergence_buckets: 15 ---

Loading samplings from /opt/nfs_dcc/experiments/shiro-ef/sampling/tiny5m-384-euclidean-samplings--k100-ef.bin
Samplings loaded from /opt/nfs_dcc/experiments/shiro-ef/sampling/tiny5m-384-euclidean-samplings--k100-ef.bin
Average Recall: 0.637594
Initial average recall with ef=100: 0.636819
Average Recall: 0.709403
Initial average recall with ef=150: 0.708824
Recall diff is too small for 1 consecutive steps, break.
Weighted average ef: 1236.92
Training convergence-bucket 0 [24.2968, 33.2345) with 133 queries.
Average Recall: 0.362181
Initial average recall with ef=100: 0.359154
Average Recall: 0.446241
Initial average recall with ef=150: 0.443462
Recall diff is too small for 1 consecutive steps, break.
Recall diff is too small for 1 consecutive steps, break.
Weighted average ef: 3169.58
Training convergence-bucket 1 [33.2345, 35.7252) with 133 queries.
Average Recall: 0.402406
Initial average recall with ef=100: 0.391129
Average Recall: 0.491805
Initial average recall with ef=150: 0.479919
Weighted average ef: 2671.67
Training convergence-bucket 2 [35.7252, 38.4709) with 133 queries.
Average Recall: 0.459624
Initial average recall with ef=100: 0.456094
Average Recall: 0.548947
Initial average recall with ef=150: 0.546328
Recall diff is too small for 1 consecutive steps, break.
Recall diff is too small for 1 consecutive steps, break.
Weighted average ef: 2151.95
Training convergence-bucket 3 [38.4709, 40.4967) with 133 queries.
Average Recall: 0.469323
Initial average recall with ef=100: 0.461721
Average Recall: 0.555639
Initial average recall with ef=150: 0.547131
Weighted average ef: 1854.65
Training convergence-bucket 4 [40.4967, 42.6739) with 133 queries.
Average Recall: 0.507594
Initial average recall with ef=100: 0.499422
Average Recall: 0.589248
Initial average recall with ef=150: 0.581818
Recall diff is too small for 1 consecutive steps, break.
Recall diff is too small for 1 consecutive steps, break.
Weighted average ef: 1604.86
Training convergence-bucket 5 [42.6739, 44.6172) with 133 queries.
Average Recall: 0.558647
Initial average recall with ef=100: 0.555772
Average Recall: 0.64391
Initial average recall with ef=150: 0.642439
Recall diff is too small for 1 consecutive steps, break.
Recall diff is too small for 1 consecutive steps, break.
Recall diff is too small for 1 consecutive steps, break.
Weighted average ef: 1208.53
Training convergence-bucket 6 [44.6172, 46.4957) with 133 queries.
Average Recall: 0.576992
Initial average recall with ef=100: 0.574783
Average Recall: 0.660075
Initial average recall with ef=150: 0.656522
Recall diff is too small for 1 consecutive steps, break.
Weighted average ef: 1163.27
Training convergence-bucket 7 [46.4957, 48.9456) with 133 queries.
Average Recall: 0.596692
Initial average recall with ef=100: 0.608487
Average Recall: 0.676541
Initial average recall with ef=150: 0.687311
Weighted average ef: 992.376
Training convergence-bucket 8 [48.9456, 51.3882) with 133 queries.
Average Recall: 0.67203
Initial average recall with ef=100: 0.673826
Average Recall: 0.740526
Initial average recall with ef=150: 0.746435
Recall diff is too small for 1 consecutive steps, break.
Recall diff is too small for 1 consecutive steps, break.
Recall diff is too small for 1 consecutive steps, break.
Weighted average ef: 694.805
Training convergence-bucket 9 [51.3882, 53.9895) with 133 queries.
Average Recall: 0.699925
Initial average recall with ef=100: 0.705556
Average Recall: 0.778872
Initial average recall with ef=150: 0.785317
Recall diff is too small for 1 consecutive steps, break.
Recall diff is too small for 1 consecutive steps, break.
Weighted average ef: 661.045
Training convergence-bucket 10 [53.9895, 57.2604) with 133 queries.
Average Recall: 0.756015
Initial average recall with ef=100: 0.771818
Average Recall: 0.828797
Initial average recall with ef=150: 0.845
Recall diff is too small for 1 consecutive steps, break.
Weighted average ef: 312.609
Training convergence-bucket 11 [57.2604, 61.278) with 133 queries.
Average Recall: 0.791052
Initial average recall with ef=100: 0.793698
Average Recall: 0.858045
Initial average recall with ef=150: 0.85958
Weighted average ef: 349.97
Training convergence-bucket 12 [61.278, 66.3806) with 133 queries.
Average Recall: 0.860526
Initial average recall with ef=100: 0.870583
Average Recall: 0.917068
Initial average recall with ef=150: 0.926667
Weighted average ef: 205
Training convergence-bucket 13 [66.3806, 72.8148) with 133 queries.
Average Recall: 0.897068
Initial average recall with ef=100: 0.898475
Average Recall: 0.934211
Initial average recall with ef=150: 0.936441
Recall diff is too small for 1 consecutive steps, break.
Weighted average ef: 205.782
Training convergence-bucket 14 [72.8148, inf) with 138 queries.
Average Recall: 0.944599
Initial average recall with ef=100: 0.944
Average Recall: 0.963504
Initial average recall with ef=150: 0.959727
Recall diff is too small for 1 consecutive steps, break.
Weighted average ef: 114.486
Reconstructed True WAE: 1055.18 (Hard Pct: 0.0087)
Search time: 8757 ms
Search time: 8744 ms
Search time: 9144 ms
Average Recall: 0.97083
5th percentile recall: 0.9
1st percentile recall: 0.85
Median search time: 8757 ms
Search times: 8744 ms, 8757 ms, 9144 ms,
tiny5m-384-euclidean experiment results:
statisc_length, time, avg_recall, 5th_percentile_recall, 1st_percentile_recall, recall_above_99, recall_above_95, recall_above_90
1025, 8757, 0.97083, 0.9, 0.85, 497, 761, 942
Experiment finished

--- n_convergence_buckets: 20 ---

Loading samplings from /opt/nfs_dcc/experiments/shiro-ef/sampling/tiny5m-384-euclidean-samplings--k100-ef.bin
Samplings loaded from /opt/nfs_dcc/experiments/shiro-ef/sampling/tiny5m-384-euclidean-samplings--k100-ef.bin
Average Recall: 0.637594
Initial average recall with ef=100: 0.636819
Average Recall: 0.709403
Initial average recall with ef=150: 0.708779
Recall diff is too small for 1 consecutive steps, break.
Weighted average ef: 1236.92
Training convergence-bucket 0 [24.2968, 32.6991) with 100 queries.
Average Recall: 0.3697
Initial average recall with ef=100: 0.356889
Average Recall: 0.4512
Initial average recall with ef=150: 0.438111
Weighted average ef: 3009.19
Training convergence-bucket 1 [32.6991, 34.3498) with 100 queries.
Average Recall: 0.363
Initial average recall with ef=100: 0.357447
Average Recall: 0.4572
Initial average recall with ef=150: 0.452234
Weighted average ef: 3003.25
Training convergence-bucket 2 [34.3498, 36.4787) with 100 queries.
Average Recall: 0.4412
Initial average recall with ef=100: 0.436237
Average Recall: 0.5213
Initial average recall with ef=150: 0.513978
Recall diff is too small for 1 consecutive steps, break.
Weighted average ef: 2512.66
Training convergence-bucket 3 [36.4787, 38.4766) with 100 queries.
Average Recall: 0.4566
Initial average recall with ef=100: 0.456237
Average Recall: 0.5508
Initial average recall with ef=150: 0.550968
Recall diff is too small for 1 consecutive steps, break.
Recall diff is too small for 1 consecutive steps, break.
Recall diff is too small for 1 consecutive steps, break.
Recall diff is too small for 1 consecutive steps, break.
Recall diff is too small for 1 consecutive steps, break.
Weighted average ef: 1906.24
Training convergence-bucket 4 [38.4766, 39.8942) with 100 queries.
Average Recall: 0.463
Initial average recall with ef=100: 0.445667
Average Recall: 0.5519
Initial average recall with ef=150: 0.535667
Weighted average ef: 1923.77
Training convergence-bucket 5 [39.8942, 41.697) with 100 queries.
Average Recall: 0.5043
Initial average recall with ef=100: 0.499059
Average Recall: 0.5842
Initial average recall with ef=150: 0.579176
Recall diff is too small for 1 consecutive steps, break.
Recall diff is too small for 1 consecutive steps, break.
Weighted average ef: 1611.1
Training convergence-bucket 6 [41.697, 43.2529) with 100 queries.
Average Recall: 0.5241
Initial average recall with ef=100: 0.518111
Average Recall: 0.6126
Initial average recall with ef=150: 0.606444
Recall diff is too small for 1 consecutive steps, break.
Weighted average ef: 1415.43
Training convergence-bucket 7 [43.2529, 44.6557) with 100 queries.
Average Recall: 0.5592
Initial average recall with ef=100: 0.562
Average Recall: 0.6397
Initial average recall with ef=150: 0.642588
Recall diff is too small for 1 consecutive steps, break.
Recall diff is too small for 1 consecutive steps, break.
Weighted average ef: 1052.39
Training convergence-bucket 8 [44.6557, 46.0576) with 100 queries.
Average Recall: 0.5823
Initial average recall with ef=100: 0.588415
Average Recall: 0.6633
Initial average recall with ef=150: 0.665244
Recall diff is too small for 1 consecutive steps, break.
Recall diff is too small for 1 consecutive steps, break.
Weighted average ef: 1026.24
Training convergence-bucket 9 [46.0576, 47.7374) with 100 queries.
Average Recall: 0.5785
Initial average recall with ef=100: 0.595
Average Recall: 0.6604
Initial average recall with ef=150: 0.672927
Recall diff is too small for 1 consecutive steps, break.
Recall diff is too small for 1 consecutive steps, break.
Recall diff is too small for 1 consecutive steps, break.
Weighted average ef: 945.29
Training convergence-bucket 10 [47.7374, 49.5826) with 100 queries.
Average Recall: 0.6266
Initial average recall with ef=100: 0.624353
Average Recall: 0.7026
Initial average recall with ef=150: 0.702
Weighted average ef: 873.11
Training convergence-bucket 11 [49.5826, 51.5026) with 100 queries.
Average Recall: 0.6725
Initial average recall with ef=100: 0.670244
Average Recall: 0.7447
Initial average recall with ef=150: 0.744878
Recall diff is too small for 1 consecutive steps, break.
Recall diff is too small for 1 consecutive steps, break.
Recall diff is too small for 1 consecutive steps, break.
Weighted average ef: 685.87
Training convergence-bucket 12 [51.5026, 53.4343) with 100 queries.
Average Recall: 0.6977
Initial average recall with ef=100: 0.721647
Average Recall: 0.7741
Initial average recall with ef=150: 0.796941
Recall diff is too small for 1 consecutive steps, break.
Weighted average ef: 520.67
Training convergence-bucket 13 [53.4343, 55.611) with 100 queries.
Average Recall: 0.7334
Initial average recall with ef=100: 0.76506
Average Recall: 0.8076
Initial average recall with ef=150: 0.837831
Recall diff is too small for 1 consecutive steps, break.
Recall diff is too small for 1 consecutive steps, break.
Weighted average ef: 340.74
Training convergence-bucket 14 [55.611, 58.3953) with 100 queries.
Average Recall: 0.7827
Initial average recall with ef=100: 0.783797
Average Recall: 0.8546
Initial average recall with ef=150: 0.853291
Weighted average ef: 304.57
Training convergence-bucket 15 [58.3953, 61.3231) with 100 queries.
Average Recall: 0.7902
Initial average recall with ef=100: 0.800667
Average Recall: 0.856
Initial average recall with ef=150: 0.8648
Weighted average ef: 297.24
Training convergence-bucket 16 [61.3231, 65.3469) with 100 queries.
Average Recall: 0.8592
Initial average recall with ef=100: 0.870132
Average Recall: 0.9164
Initial average recall with ef=150: 0.926842
Weighted average ef: 171.64
Training convergence-bucket 17 [65.3469, 69.2789) with 100 queries.
Average Recall: 0.8765
Initial average recall with ef=100: 0.886071
Average Recall: 0.9215
Initial average recall with ef=150: 0.931071
Recall diff is too small for 1 consecutive steps, break.
Weighted average ef: 183.73
Training convergence-bucket 18 [69.2789, 75.2831) with 100 queries.
Average Recall: 0.9203
Initial average recall with ef=100: 0.93171
Average Recall: 0.9503
Initial average recall with ef=150: 0.959079
Weighted average ef: 121.07
Training convergence-bucket 19 [75.2831, inf) with 100 queries.
Average Recall: 0.954041
Initial average recall with ef=100: 0.944648
Average Recall: 0.970303
Initial average recall with ef=150: 0.957324
Recall diff is too small for 1 consecutive steps, break.
Weighted average ef: 103.84
Reconstructed True WAE: 1053.89 (Hard Pct: 0.0087)
Search time: 9076 ms
Search time: 8553 ms
Search time: 9191 ms
Average Recall: 0.97072
5th percentile recall: 0.9
1st percentile recall: 0.84
Median search time: 9076 ms
Search times: 8553 ms, 9076 ms, 9191 ms,
tiny5m-384-euclidean experiment results:
statisc_length, time, avg_recall, 5th_percentile_recall, 1st_percentile_recall, recall_above_99, recall_above_95, recall_above_90
1025, 9076, 0.97072, 0.9, 0.84, 503, 757, 944
Experiment finished


Dataset: msmarco
Metric: cd
Normalize the data vectors
Data vectors dimensions: 8841823 x 1536
Query vectors dimensions: 6980 x 1536
Neighbors dimensions: 6980 x 1000
Using AVX Inner Product distance
Index loaded
Dimension of space:1536
Data size of space:6144

--- n_convergence_buckets: 0 ---

Loading samplings from /opt/nfs_dcc/experiments/shiro-ef/sampling/msmarco-samplings--k1000-ef.bin
Samplings loaded from /opt/nfs_dcc/experiments/shiro-ef/sampling/msmarco-samplings--k1000-ef.bin
Average Recall: 0.955378
Initial average recall with ef=1000: 0.955447
Average Recall: 0.974453
Initial average recall with ef=1500: 0.974515
Weighted average ef: 1344.14
Training absolute cv-matrix bin 39 with 4 queries.
Average Recall: 0.78975
Initial average recall with ef=1000: -nan
Average Recall: 0.8515
Initial average recall with ef=1500: -nan
Weighted average ef: 0
Training absolute cv-matrix bin 41 with 3 queries.
Average Recall: 0.902667
Initial average recall with ef=1000: -nan
Average Recall: 0.936667
Initial average recall with ef=1500: -nan
Weighted average ef: 0
Training absolute cv-matrix bin 43 with 4 queries.
Average Recall: 0.83525
Initial average recall with ef=1000: -nan
Average Recall: 0.87575
Initial average recall with ef=1500: -nan
Weighted average ef: 0
Training absolute cv-matrix bin 44 with 5 queries.
Average Recall: 0.8918
Initial average recall with ef=1000: -nan
Average Recall: 0.9288
Initial average recall with ef=1500: -nan
Weighted average ef: 0
Training absolute cv-matrix bin 45 with 5 queries.
Average Recall: 0.8452
Initial average recall with ef=1000: -nan
Average Recall: 0.8982
Initial average recall with ef=1500: -nan
Weighted average ef: 0
Training absolute cv-matrix bin 46 with 4 queries.
Average Recall: 0.851
Initial average recall with ef=1000: -nan
Average Recall: 0.8985
Initial average recall with ef=1500: -nan
Weighted average ef: 0
Training absolute cv-matrix bin 47 with 3 queries.
Average Recall: 0.764333
Initial average recall with ef=1000: -nan
Average Recall: 0.834667
Initial average recall with ef=1500: -nan
Weighted average ef: 0
Training absolute cv-matrix bin 48 with 4 queries.
Average Recall: 0.79525
Initial average recall with ef=1000: -nan
Average Recall: 0.84775
Initial average recall with ef=1500: -nan
Weighted average ef: 0
Training absolute cv-matrix bin 49 with 10 queries.
Average Recall: 0.8533
Initial average recall with ef=1000: -nan
Average Recall: 0.9047
Initial average recall with ef=1500: -nan
Weighted average ef: 0
Training absolute cv-matrix bin 50 with 7 queries.
Average Recall: 0.857143
Initial average recall with ef=1000: -nan
Average Recall: 0.913714
Initial average recall with ef=1500: -nan
Weighted average ef: 0
Training absolute cv-matrix bin 51 with 14 queries.
Average Recall: 0.849429
Initial average recall with ef=1000: 0.816333
Average Recall: 0.899643
Initial average recall with ef=1500: 0.87
Weighted average ef: 695.357
Training absolute cv-matrix bin 52 with 12 queries.
Average Recall: 0.86075
Initial average recall with ef=1000: 0.845
Average Recall: 0.908417
Initial average recall with ef=1500: 0.896
Weighted average ef: 1009.67
Training absolute cv-matrix bin 53 with 10 queries.
Average Recall: 0.8616
Initial average recall with ef=1000: 0.911333
Average Recall: 0.9106
Initial average recall with ef=1500: 0.947
Weighted average ef: 600
Training absolute cv-matrix bin 54 with 19 queries.
Average Recall: 0.902684
Initial average recall with ef=1000: 0.916667
Average Recall: 0.938842
Initial average recall with ef=1500: 0.9505
Weighted average ef: 552.632
Training absolute cv-matrix bin 55 with 27 queries.
Average Recall: 0.891667
Initial average recall with ef=1000: 0.887875
Average Recall: 0.932556
Initial average recall with ef=1500: 0.9305
Weighted average ef: 1296.3
Training absolute cv-matrix bin 56 with 18 queries.
Average Recall: 0.865667
Initial average recall with ef=1000: 0.865091
Average Recall: 0.916889
Initial average recall with ef=1500: 0.918636
Weighted average ef: 1527.78
Training absolute cv-matrix bin 57 with 33 queries.
Average Recall: 0.903788
Initial average recall with ef=1000: 0.905826
Average Recall: 0.941515
Initial average recall with ef=1500: 0.942478
Weighted average ef: 1328.24
Training absolute cv-matrix bin 58 with 36 queries.
Average Recall: 0.887944
Initial average recall with ef=1000: 0.893548
Average Recall: 0.931806
Initial average recall with ef=1500: 0.936258
Weighted average ef: 1791.67
Training absolute cv-matrix bin 59 with 33 queries.
Average Recall: 0.897455
Initial average recall with ef=1000: 0.899174
Average Recall: 0.938758
Initial average recall with ef=1500: 0.939913
Weighted average ef: 1447.64
Training absolute cv-matrix bin 60 with 43 queries.
Average Recall: 0.885419
Initial average recall with ef=1000: 0.881857
Average Recall: 0.926721
Initial average recall with ef=1500: 0.9248
Weighted average ef: 1957.49
Training absolute cv-matrix bin 61 with 42 queries.
Average Recall: 0.904833
Initial average recall with ef=1000: 0.903825
Average Recall: 0.943191
Initial average recall with ef=1500: 0.942675
Weighted average ef: 1952.38
Training absolute cv-matrix bin 62 with 61 queries.
Average Recall: 0.907885
Initial average recall with ef=1000: 0.90212
Average Recall: 0.946262
Initial average recall with ef=1500: 0.94322
Weighted average ef: 1520.49
Training absolute cv-matrix bin 63 with 51 queries.
Average Recall: 0.910372
Initial average recall with ef=1000: 0.914
Average Recall: 0.946784
Initial average recall with ef=1500: 0.949625
Weighted average ef: 1529.41
Training absolute cv-matrix bin 64 with 64 queries.
Average Recall: 0.916625
Initial average recall with ef=1000: 0.913411
Average Recall: 0.949922
Initial average recall with ef=1500: 0.947661
Weighted average ef: 1576.97
Training absolute cv-matrix bin 65 with 38 queries.
Average Recall: 0.926553
Initial average recall with ef=1000: 0.927214
Average Recall: 0.956158
Initial average recall with ef=1500: 0.959643
Weighted average ef: 605.263
Training absolute cv-matrix bin 66 with 8 queries.
Average Recall: 0.928375
Initial average recall with ef=1000: -nan
Average Recall: 0.957125
Initial average recall with ef=1500: -nan
Weighted average ef: 0
Training absolute cv-matrix bin 67 with 15 queries.
Average Recall: 0.935533
Initial average recall with ef=1000: 0.871667
Average Recall: 0.957933
Initial average recall with ef=1500: 0.913667
Weighted average ef: 500
Training absolute cv-matrix bin 68 with 23 queries.
Average Recall: 0.948087
Initial average recall with ef=1000: 0.989667
Average Recall: 0.970826
Initial average recall with ef=1500: 0.996667
Weighted average ef: 130.435
Training absolute cv-matrix bin 69 with 28 queries.
Average Recall: 0.961536
Initial average recall with ef=1000: 0.954444
Average Recall: 0.980429
Initial average recall with ef=1500: 0.977667
Weighted average ef: 375
Training absolute cv-matrix bin 70 with 31 queries.
Average Recall: 0.945097
Initial average recall with ef=1000: 0.950571
Average Recall: 0.969097
Initial average recall with ef=1500: 0.970429
Weighted average ef: 290.323
Training absolute cv-matrix bin 71 with 24 queries.
Average Recall: 0.963833
Initial average recall with ef=1000: -nan
Average Recall: 0.982875
Initial average recall with ef=1500: -nan
Weighted average ef: 0
Training absolute cv-matrix bin 72 with 39 queries.
Average Recall: 0.965128
Initial average recall with ef=1000: 0.959769
Average Recall: 0.982974
Initial average recall with ef=1500: 0.979462
Weighted average ef: 391.026
Training absolute cv-matrix bin 73 with 41 queries.
Average Recall: 0.966146
Initial average recall with ef=1000: 0.958067
Average Recall: 0.984
Initial average recall with ef=1500: 0.9786
Weighted average ef: 426.829
Training absolute cv-matrix bin 74 with 57 queries.
Average Recall: 0.966754
Initial average recall with ef=1000: 0.969871
Average Recall: 0.984
Initial average recall with ef=1500: 0.986806
Weighted average ef: 543.86
Training absolute cv-matrix bin 75 with 63 queries.
Average Recall: 0.969413
Initial average recall with ef=1000: 0.972621
Average Recall: 0.985
Initial average recall with ef=1500: 0.986207
Weighted average ef: 460.317
Training absolute cv-matrix bin 76 with 63 queries.
Average Recall: 0.969794
Initial average recall with ef=1000: 0.965552
Average Recall: 0.984064
Initial average recall with ef=1500: 0.981172
Weighted average ef: 538.571
Training absolute cv-matrix bin 77 with 81 queries.
Average Recall: 0.976148
Initial average recall with ef=1000: 0.97187
Average Recall: 0.988852
Initial average recall with ef=1500: 0.986543
Weighted average ef: 591.358
Training absolute cv-matrix bin 78 with 97 queries.
Average Recall: 0.974897
Initial average recall with ef=1000: 0.972017
Average Recall: 0.987846
Initial average recall with ef=1500: 0.985966
Weighted average ef: 644.33
Training absolute cv-matrix bin 79 with 110 queries.
Average Recall: 0.981173
Initial average recall with ef=1000: 0.980373
Average Recall: 0.991746
Initial average recall with ef=1500: 0.99156
Weighted average ef: 681.818
Training absolute cv-matrix bin 80 with 115 queries.
Average Recall: 0.982731
Initial average recall with ef=1000: 0.985378
Average Recall: 0.992348
Initial average recall with ef=1500: 0.993541
Weighted average ef: 643.478
Training absolute cv-matrix bin 81 with 124 queries.
Average Recall: 0.987532
Initial average recall with ef=1000: 0.988612
Average Recall: 0.994823
Initial average recall with ef=1500: 0.99525
Weighted average ef: 645.161
Training absolute cv-matrix bin 82 with 126 queries.
Average Recall: 0.987746
Initial average recall with ef=1000: 0.989408
Average Recall: 0.994984
Initial average recall with ef=1500: 0.996078
Weighted average ef: 817.46
Training absolute cv-matrix bin 83 with 114 queries.
Average Recall: 0.986641
Initial average recall with ef=1000: 0.990825
Average Recall: 0.993711
Initial average recall with ef=1500: 0.996263
Weighted average ef: 714.912
Training absolute cv-matrix bin 84 with 113 queries.
Average Recall: 0.989761
Initial average recall with ef=1000: 0.991582
Average Recall: 0.996487
Initial average recall with ef=1500: 0.997494
Weighted average ef: 699.115
Training absolute cv-matrix bin 85 with 88 queries.
Average Recall: 0.994057
Initial average recall with ef=1000: 0.995364
Average Recall: 0.998227
Initial average recall with ef=1500: 0.998709
Weighted average ef: 625
Training absolute cv-matrix bin 86 with 42 queries.
Average Recall: 0.995071
Initial average recall with ef=1000: 0.99712
Average Recall: 0.998714
Initial average recall with ef=1500: 0.99912
Weighted average ef: 595.238
Training absolute cv-matrix bin 87 with 28 queries.
Average Recall: 0.990643
Initial average recall with ef=1000: 0.996882
Average Recall: 0.996179
Initial average recall with ef=1500: 0.999294
Weighted average ef: 607.143
Training absolute cv-matrix bin 88 with 6 queries.
Average Recall: 0.992333
Initial average recall with ef=1000: 0.998
Average Recall: 0.998333
Initial average recall with ef=1500: 0.99975
Weighted average ef: 666.667
Reconstructed True WAE: 1000 (Hard Pct: 0.02575)
Search time: 65111 ms
Search time: 71941 ms
Search time: 112094 ms
Average Recall: 0.947315
5th percentile recall: 0.807
1st percentile recall: 0.7
Median search time: 71941 ms
Search times: 65111 ms, 71941 ms, 112094 ms,
msmarco experiment results:
statisc_length, time, avg_recall, 5th_percentile_recall, 1st_percentile_recall, recall_above_99, recall_above_95, recall_above_90
1025, 71941, 0.947315, 0.807, 0.7, 1803, 4593, 5839
Experiment finished

--- n_convergence_buckets: 5 ---

Loading samplings from /opt/nfs_dcc/experiments/shiro-ef/sampling/msmarco-samplings--k1000-ef.bin
Samplings loaded from /opt/nfs_dcc/experiments/shiro-ef/sampling/msmarco-samplings--k1000-ef.bin
Average Recall: 0.955378
Initial average recall with ef=1000: 0.955447
Average Recall: 0.974453
Initial average recall with ef=1500: 0.974515
Weighted average ef: 1344.14
Training convergence-bucket 0 [19.2318, 62.8149) with 400 queries.
Average Recall: 0.886352
Initial average recall with ef=1000: 0.882338
Average Recall: 0.928603
Initial average recall with ef=1500: 0.925926
Weighted average ef: 2246.58
Training convergence-bucket 1 [62.8149, 74.4855) with 400 queries.
Average Recall: 0.940132
Initial average recall with ef=1000: 0.937149
Average Recall: 0.965885
Initial average recall with ef=1500: 0.964108
Weighted average ef: 1326.25
Training convergence-bucket 2 [74.4855, 79.5736) with 400 queries.
Average Recall: 0.974339
Initial average recall with ef=1000: 0.974149
Average Recall: 0.987631
Initial average recall with ef=1500: 0.987497
Weighted average ef: 995.905
Training convergence-bucket 3 [79.5736, 82.9138) with 400 queries.
Average Recall: 0.985819
Initial average recall with ef=1000: 0.986384
Average Recall: 0.993964
Initial average recall with ef=1500: 0.994227
Weighted average ef: 983.75
Training convergence-bucket 4 [82.9138, inf) with 400 queries.
Average Recall: 0.990241
Initial average recall with ef=1000: 0.991064
Average Recall: 0.996171
Initial average recall with ef=1500: 0.996713
Weighted average ef: 975
Reconstructed True WAE: 1099.49 (Hard Pct: 0.02575)
Search time: 154391 ms
Search time: 155873 ms
Search time: 155100 ms
Average Recall: 0.966834
5th percentile recall: 0.882
1st percentile recall: 0.823
Median search time: 155100 ms
Search times: 154391 ms, 155100 ms, 155873 ms,
msmarco experiment results:
statisc_length, time, avg_recall, 5th_percentile_recall, 1st_percentile_recall, recall_above_99, recall_above_95, recall_above_90
1025, 155100, 0.966834, 0.882, 0.823, 2511, 5396, 6454
Experiment finished

--- n_convergence_buckets: 10 ---

Loading samplings from /opt/nfs_dcc/experiments/shiro-ef/sampling/msmarco-samplings--k1000-ef.bin
Samplings loaded from /opt/nfs_dcc/experiments/shiro-ef/sampling/msmarco-samplings--k1000-ef.bin
Average Recall: 0.955378
Initial average recall with ef=1000: 0.955447
Average Recall: 0.974453
Initial average recall with ef=1500: 0.974515
Weighted average ef: 1344.14
Training convergence-bucket 0 [19.2318, 58.2438) with 200 queries.
Average Recall: 0.874515
Initial average recall with ef=1000: 0.867872
Average Recall: 0.918875
Initial average recall with ef=1500: 0.914822
Weighted average ef: 2360.63
Training convergence-bucket 1 [58.2438, 62.8149) with 200 queries.
Average Recall: 0.89819
Initial average recall with ef=1000: 0.895935
Average Recall: 0.93833
Initial average recall with ef=1500: 0.93693
Weighted average ef: 1993.05
Training convergence-bucket 2 [62.8149, 68.6883) with 200 queries.
Average Recall: 0.91965
Initial average recall with ef=1000: 0.912972
Average Recall: 0.95167
Initial average recall with ef=1500: 0.947394
Weighted average ef: 1657.5
Training convergence-bucket 3 [68.6883, 74.4855) with 200 queries.
Average Recall: 0.960615
Initial average recall with ef=1000: 0.959193
Average Recall: 0.9801
Initial average recall with ef=1500: 0.979544
Weighted average ef: 1007.5
Training convergence-bucket 4 [74.4855, 77.6447) with 200 queries.
Average Recall: 0.970939
Initial average recall with ef=1000: 0.969285
Average Recall: 0.985634
Initial average recall with ef=1500: 0.984645
Weighted average ef: 935
Training convergence-bucket 5 [77.6447, 79.5736) with 200 queries.
Average Recall: 0.97774
Initial average recall with ef=1000: 0.977437
Average Recall: 0.98963
Initial average recall with ef=1500: 0.989215
Weighted average ef: 860
Training convergence-bucket 6 [79.5736, 81.3105) with 200 queries.
Average Recall: 0.983585
Initial average recall with ef=1000: 0.983953
Average Recall: 0.99276
Initial average recall with ef=1500: 0.992895
Weighted average ef: 855
Training convergence-bucket 7 [81.3105, 82.9138) with 200 queries.
Average Recall: 0.988055
Initial average recall with ef=1000: 0.988503
Average Recall: 0.995169
Initial average recall with ef=1500: 0.995414
Weighted average ef: 915
Training convergence-bucket 8 [82.9138, 84.7095) with 200 queries.
Average Recall: 0.98707
Initial average recall with ef=1000: 0.989314
Average Recall: 0.9944
Initial average recall with ef=1500: 0.995852
Weighted average ef: 875
Training convergence-bucket 9 [84.7095, inf) with 200 queries.
Average Recall: 0.993415
Initial average recall with ef=1000: 0.994253
Average Recall: 0.997945
Initial average recall with ef=1500: 0.998281
Weighted average ef: 890
Reconstructed True WAE: 1108.77 (Hard Pct: 0.02575)
Search time: 157583 ms
Search time: 157415 ms
Search time: 158296 ms
Average Recall: 0.967171
5th percentile recall: 0.882
1st percentile recall: 0.816
Median search time: 157583 ms
Search times: 157415 ms, 157583 ms, 158296 ms,
msmarco experiment results:
statisc_length, time, avg_recall, 5th_percentile_recall, 1st_percentile_recall, recall_above_99, recall_above_95, recall_above_90
1025, 157583, 0.967171, 0.882, 0.816, 2567, 5416, 6463
Experiment finished

--- n_convergence_buckets: 15 ---

Loading samplings from /opt/nfs_dcc/experiments/shiro-ef/sampling/msmarco-samplings--k1000-ef.bin
Samplings loaded from /opt/nfs_dcc/experiments/shiro-ef/sampling/msmarco-samplings--k1000-ef.bin
Average Recall: 0.955378
Initial average recall with ef=1000: 0.955447
Average Recall: 0.974453
Initial average recall with ef=1500: 0.974515
Weighted average ef: 1344.14
Training convergence-bucket 0 [19.2318, 55.493) with 133 queries.
Average Recall: 0.866556
Initial average recall with ef=1000: 0.858017
Average Recall: 0.911707
Initial average recall with ef=1500: 0.906444
Weighted average ef: 2382.81
Training convergence-bucket 1 [55.493, 60.09) with 133 queries.
Average Recall: 0.890181
Initial average recall with ef=1000: 0.889341
Average Recall: 0.932962
Initial average recall with ef=1500: 0.932504
Weighted average ef: 1970.52
Training convergence-bucket 2 [60.09, 62.7875) with 133 queries.
Average Recall: 0.902564
Initial average recall with ef=1000: 0.899451
Average Recall: 0.94124
Initial average recall with ef=1500: 0.939246
Weighted average ef: 1911.07
Training convergence-bucket 3 [62.7875, 65.1848) with 133 queries.
Average Recall: 0.912105
Initial average recall with ef=1000: 0.909397
Average Recall: 0.947383
Initial average recall with ef=1500: 0.94575
Weighted average ef: 1545.11
Training convergence-bucket 4 [65.1848, 70.9397) with 133 queries.
Average Recall: 0.944293
Initial average recall with ef=1000: 0.945209
Average Recall: 0.967707
Initial average recall with ef=1500: 0.968365
Weighted average ef: 1211.1
Training convergence-bucket 5 [70.9397, 74.4678) with 133 queries.
Average Recall: 0.962962
Initial average recall with ef=1000: 0.961136
Average Recall: 0.981925
Initial average recall with ef=1500: 0.981036
Weighted average ef: 917.293
Training convergence-bucket 6 [74.4678, 76.6346) with 133 queries.
Average Recall: 0.969782
Initial average recall with ef=1000: 0.967524
Average Recall: 0.98494
Initial average recall with ef=1500: 0.983619
Weighted average ef: 845.865
Training convergence-bucket 7 [76.6346, 78.2839) with 133 queries.
Average Recall: 0.973315
Initial average recall with ef=1000: 0.972434
Average Recall: 0.986857
Initial average recall with ef=1500: 0.986111
Weighted average ef: 757.534
Training convergence-bucket 8 [78.2839, 79.564) with 133 queries.
Average Recall: 0.979609
Initial average recall with ef=1000: 0.977911
Average Recall: 0.990917
Initial average recall with ef=1500: 0.989856
Weighted average ef: 703.008
Training convergence-bucket 9 [79.564, 80.7804) with 133 queries.
Average Recall: 0.982068
Initial average recall with ef=1000: 0.982691
Average Recall: 0.991805
Initial average recall with ef=1500: 0.992043
Weighted average ef: 721.053
Training convergence-bucket 10 [80.7804, 81.8752) with 133 queries.
Average Recall: 0.986594
Initial average recall with ef=1000: 0.98747
Average Recall: 0.994504
Initial average recall with ef=1500: 0.99507
Weighted average ef: 751.88
Training convergence-bucket 11 [81.8752, 82.8935) with 133 queries.
Average Recall: 0.98879
Initial average recall with ef=1000: 0.989765
Average Recall: 0.995602
Initial average recall with ef=1500: 0.996174
Weighted average ef: 864.662
Training convergence-bucket 12 [82.8935, 84.0521) with 133 queries.
Average Recall: 0.986346
Initial average recall with ef=1000: 0.98987
Average Recall: 0.993699
Initial average recall with ef=1500: 0.99597
Weighted average ef: 763.158
Training convergence-bucket 13 [84.0521, 85.3193) with 133 queries.
Average Recall: 0.990301
Initial average recall with ef=1000: 0.991702
Average Recall: 0.996617
Initial average recall with ef=1500: 0.997266
Weighted average ef: 706.767
Training convergence-bucket 14 [85.3193, inf) with 138 queries.
Average Recall: 0.993754
Initial average recall with ef=1000: 0.995648
Average Recall: 0.998022
Initial average recall with ef=1500: 0.99881
Weighted average ef: 760.87
Reconstructed True WAE: 1100.04 (Hard Pct: 0.02575)
Search time: 151758 ms
Search time: 152620 ms
Search time: 153126 ms
Average Recall: 0.965664
5th percentile recall: 0.878
1st percentile recall: 0.803
Median search time: 152620 ms
Search times: 151758 ms, 152620 ms, 153126 ms,
msmarco experiment results:
statisc_length, time, avg_recall, 5th_percentile_recall, 1st_percentile_recall, recall_above_99, recall_above_95, recall_above_90
1025, 152620, 0.965664, 0.878, 0.803, 2517, 5338, 6410
Experiment finished

--- n_convergence_buckets: 20 ---

Loading samplings from /opt/nfs_dcc/experiments/shiro-ef/sampling/msmarco-samplings--k1000-ef.bin
Samplings loaded from /opt/nfs_dcc/experiments/shiro-ef/sampling/msmarco-samplings--k1000-ef.bin
Average Recall: 0.955378
Initial average recall with ef=1000: 0.955447
Average Recall: 0.974453
Initial average recall with ef=1500: 0.974515
Weighted average ef: 1344.14
Training convergence-bucket 0 [19.2318, 54.2143) with 100 queries.
Average Recall: 0.8554
Initial average recall with ef=1000: 0.847177
Average Recall: 0.90298
Initial average recall with ef=1500: 0.898177
Weighted average ef: 2313.93
Training convergence-bucket 1 [54.2143, 58.2438) with 100 queries.
Average Recall: 0.89363
Initial average recall with ef=1000: 0.888205
Average Recall: 0.93477
Initial average recall with ef=1500: 0.931125
Weighted average ef: 1918.75
Training convergence-bucket 2 [58.2438, 60.674) with 100 queries.
Average Recall: 0.89006
Initial average recall with ef=1000: 0.888272
Average Recall: 0.93199
Initial average recall with ef=1500: 0.930902
Weighted average ef: 2081.72
Training convergence-bucket 3 [60.674, 62.8149) with 100 queries.
Average Recall: 0.90632
Initial average recall with ef=1000: 0.9034
Average Recall: 0.94467
Initial average recall with ef=1500: 0.9431
Weighted average ef: 1800
Training convergence-bucket 4 [62.8149, 64.6333) with 100 queries.
Average Recall: 0.91255
Initial average recall with ef=1000: 0.9105
Average Recall: 0.94772
Initial average recall with ef=1500: 0.946583
Weighted average ef: 1451.44
Training convergence-bucket 5 [64.6333, 68.6883) with 100 queries.
Average Recall: 0.92675
Initial average recall with ef=1000: 0.913973
Average Recall: 0.95562
Initial average recall with ef=1500: 0.94752
Weighted average ef: 1358.4
Training convergence-bucket 6 [68.6883, 72.2243) with 100 queries.
Average Recall: 0.95609
Initial average recall with ef=1000: 0.955827
Average Recall: 0.97701
Initial average recall with ef=1500: 0.977373
Weighted average ef: 875
Training convergence-bucket 7 [72.2243, 74.4855) with 100 queries.
Average Recall: 0.96514
Initial average recall with ef=1000: 0.964949
Average Recall: 0.98319
Initial average recall with ef=1500: 0.983628
Weighted average ef: 850
Training convergence-bucket 8 [74.4855, 76.1496) with 100 queries.
Average Recall: 0.96894
Initial average recall with ef=1000: 0.96575
Average Recall: 0.98468
Initial average recall with ef=1500: 0.9825
Weighted average ef: 755
Training convergence-bucket 9 [76.1496, 77.6447) with 100 queries.
Average Recall: 0.97294
Initial average recall with ef=1000: 0.970597
Average Recall: 0.98659
Initial average recall with ef=1500: 0.985164
Weighted average ef: 699.8
Training convergence-bucket 10 [77.6447, 78.6687) with 100 queries.
Average Recall: 0.97535
Initial average recall with ef=1000: 0.976114
Average Recall: 0.98822
Initial average recall with ef=1500: 0.988371
Weighted average ef: 750
Training convergence-bucket 11 [78.6687, 79.5736) with 100 queries.
Average Recall: 0.98013
Initial average recall with ef=1000: 0.980242
Average Recall: 0.99104
Initial average recall with ef=1500: 0.991121
Weighted average ef: 660
Training convergence-bucket 12 [79.5736, 80.5196) with 100 queries.
Average Recall: 0.98276
Initial average recall with ef=1000: 0.984393
Average Recall: 0.99228
Initial average recall with ef=1500: 0.992982
Weighted average ef: 560
Training convergence-bucket 13 [80.5196, 81.3105) with 100 queries.
Average Recall: 0.98441
Initial average recall with ef=1000: 0.983721
Average Recall: 0.99324
Initial average recall with ef=1500: 0.992735
Weighted average ef: 680
Training convergence-bucket 14 [81.3105, 82.1494) with 100 queries.
Average Recall: 0.98757
Initial average recall with ef=1000: 0.987125
Average Recall: 0.99476
Initial average recall with ef=1500: 0.9945
Weighted average ef: 640
Training convergence-bucket 15 [82.1494, 82.9138) with 100 queries.
Average Recall: 0.98854
Initial average recall with ef=1000: 0.989808
Average Recall: 0.99558
Initial average recall with ef=1500: 0.996329
Weighted average ef: 730
Training convergence-bucket 16 [82.9138, 83.8137) with 100 queries.
Average Recall: 0.98628
Initial average recall with ef=1000: 0.990016
Average Recall: 0.99362
Initial average recall with ef=1500: 0.995953
Weighted average ef: 655
Training convergence-bucket 17 [83.8137, 84.7095) with 100 queries.
Average Recall: 0.98786
Initial average recall with ef=1000: 0.992186
Average Recall: 0.99518
Initial average recall with ef=1500: 0.997508
Weighted average ef: 590
Training convergence-bucket 18 [84.7095, 85.7628) with 100 queries.
Average Recall: 0.99342
Initial average recall with ef=1000: 0.994471
Average Recall: 0.99808
Initial average recall with ef=1500: 0.998559
Weighted average ef: 680
Training convergence-bucket 19 [85.7628, inf) with 100 queries.
Average Recall: 0.99341
Initial average recall with ef=1000: 0.996261
Average Recall: 0.99781
Initial average recall with ef=1500: 0.998971
Weighted average ef: 690
Reconstructed True WAE: 1091.89 (Hard Pct: 0.02575)
Search time: 149458 ms
Search time: 149576 ms
Search time: 150157 ms
Average Recall: 0.964564
5th percentile recall: 0.877
1st percentile recall: 0.807
Median search time: 149576 ms
Search times: 149458 ms, 149576 ms, 150157 ms,
msmarco experiment results:
statisc_length, time, avg_recall, 5th_percentile_recall, 1st_percentile_recall, recall_above_99, recall_above_95, recall_above_90
1025, 149576, 0.964564, 0.877, 0.807, 2456, 5271, 6374
Experiment finished


Dataset: cluster_mg_uniform_100d
Metric: cd
Normalize the data vectors
Data vectors dimensions: 10000000 x 100
Query vectors dimensions: 10000 x 100
Neighbors dimensions: 10000 x 1000
Using AVX Inner Product distance
Index loaded
Dimension of space:100
Data size of space:400

--- n_convergence_buckets: 0 ---

Loading samplings from /opt/nfs_dcc/experiments/shiro-ef/sampling/cluster_mg_uniform_100d-samplings--k1000-ef.bin
Samplings loaded from /opt/nfs_dcc/experiments/shiro-ef/sampling/cluster_mg_uniform_100d-samplings--k1000-ef.bin
Average Recall: 0.998367
Initial average recall with ef=1000: 0.996849
Average Recall: 0.998591
Initial average recall with ef=1500: 0.998095
Weighted average ef: 990
Training absolute cv-matrix bin 11 with 3 queries.
Average Recall: 0.999333
Initial average recall with ef=1000: -nan
Average Recall: 0.999333
Initial average recall with ef=1500: -nan
Weighted average ef: 0
Training absolute cv-matrix bin 13 with 5 queries.
Average Recall: 0.9982
Initial average recall with ef=1000: -nan
Average Recall: 0.9984
Initial average recall with ef=1500: -nan
Weighted average ef: 0
Training absolute cv-matrix bin 14 with 4 queries.
Average Recall: 0.998
Initial average recall with ef=1000: -nan
Average Recall: 0.998
Initial average recall with ef=1500: -nan
Weighted average ef: 0
Training absolute cv-matrix bin 15 with 5 queries.
Average Recall: 0.9984
Initial average recall with ef=1000: -nan
Average Recall: 0.9988
Initial average recall with ef=1500: -nan
Weighted average ef: 0
Training absolute cv-matrix bin 18 with 8 queries.
Average Recall: 0.999625
Initial average recall with ef=1000: 0.9995
Average Recall: 0.99975
Initial average recall with ef=1500: 0.999667
Weighted average ef: 750
Training absolute cv-matrix bin 21 with 3 queries.
Average Recall: 0.999333
Initial average recall with ef=1000: -nan
Average Recall: 0.999333
Initial average recall with ef=1500: -nan
Weighted average ef: 0
Training absolute cv-matrix bin 22 with 3 queries.
Average Recall: 0.998
Initial average recall with ef=1000: -nan
Average Recall: 0.998
Initial average recall with ef=1500: -nan
Weighted average ef: 0
Training absolute cv-matrix bin 24 with 5 queries.
Average Recall: 0.9986
Initial average recall with ef=1000: -nan
Average Recall: 0.9986
Initial average recall with ef=1500: -nan
Weighted average ef: 0
Training absolute cv-matrix bin 25 with 9 queries.
Average Recall: 0.998444
Initial average recall with ef=1000: 0.997333
Average Recall: 0.998778
Initial average recall with ef=1500: 0.998
Weighted average ef: 333.333
Training absolute cv-matrix bin 27 with 3 queries.
Average Recall: 0.999
Initial average recall with ef=1000: -nan
Average Recall: 0.999333
Initial average recall with ef=1500: -nan
Weighted average ef: 0
Training absolute cv-matrix bin 28 with 7 queries.
Average Recall: 0.998571
Initial average recall with ef=1000: -nan
Average Recall: 0.998857
Initial average recall with ef=1500: -nan
Weighted average ef: 0
Training absolute cv-matrix bin 31 with 8 queries.
Average Recall: 0.99325
Initial average recall with ef=1000: 0.992833
Average Recall: 0.99375
Initial average recall with ef=1500: 0.9935
Weighted average ef: 750
Training absolute cv-matrix bin 32 with 8 queries.
Average Recall: 0.9985
Initial average recall with ef=1000: 0.998333
Average Recall: 0.998625
Initial average recall with ef=1500: 0.998333
Weighted average ef: 375
Training absolute cv-matrix bin 33 with 4 queries.
Average Recall: 0.99625
Initial average recall with ef=1000: -nan
Average Recall: 0.99675
Initial average recall with ef=1500: -nan
Weighted average ef: 0
Training absolute cv-matrix bin 34 with 5 queries.
Average Recall: 0.998
Initial average recall with ef=1000: -nan
Average Recall: 0.9984
Initial average recall with ef=1500: -nan
Weighted average ef: 0
Training absolute cv-matrix bin 36 with 7 queries.
Average Recall: 0.998
Initial average recall with ef=1000: -nan
Average Recall: 0.998571
Initial average recall with ef=1500: -nan
Weighted average ef: 0
Training absolute cv-matrix bin 37 with 6 queries.
Average Recall: 0.997333
Initial average recall with ef=1000: 0.998667
Average Recall: 0.997667
Initial average recall with ef=1500: 0.999
Weighted average ef: 500
Training absolute cv-matrix bin 39 with 15 queries.
Average Recall: 0.9984
Initial average recall with ef=1000: 0.9986
Average Recall: 0.9986
Initial average recall with ef=1500: 0.9988
Weighted average ef: 333.333
Training absolute cv-matrix bin 40 with 4 queries.
Average Recall: 0.999
Initial average recall with ef=1000: -nan
Average Recall: 0.99925
Initial average recall with ef=1500: -nan
Weighted average ef: 0
Training absolute cv-matrix bin 41 with 10 queries.
Average Recall: 0.9986
Initial average recall with ef=1000: 0.99775
Average Recall: 0.9988
Initial average recall with ef=1500: 0.99825
Weighted average ef: 400
Training absolute cv-matrix bin 42 with 10 queries.
Average Recall: 0.9988
Initial average recall with ef=1000: 0.999
Average Recall: 0.9989
Initial average recall with ef=1500: 0.999
Weighted average ef: 400
Training absolute cv-matrix bin 43 with 11 queries.
Average Recall: 0.996909
Initial average recall with ef=1000: -nan
Average Recall: 0.997
Initial average recall with ef=1500: -nan
Weighted average ef: 0
Training absolute cv-matrix bin 44 with 10 queries.
Average Recall: 0.9977
Initial average recall with ef=1000: 0.997333
Average Recall: 0.9979
Initial average recall with ef=1500: 0.997667
Weighted average ef: 300
Training absolute cv-matrix bin 45 with 16 queries.
Average Recall: 0.99725
Initial average recall with ef=1000: 0.996
Average Recall: 0.997437
Initial average recall with ef=1500: 0.996143
Weighted average ef: 437.5
Training absolute cv-matrix bin 46 with 16 queries.
Average Recall: 0.998312
Initial average recall with ef=1000: 0.999
Average Recall: 0.998375
Initial average recall with ef=1500: 0.999
Weighted average ef: 437.5
Training absolute cv-matrix bin 47 with 33 queries.
Average Recall: 0.998091
Initial average recall with ef=1000: 0.99821
Average Recall: 0.998273
Initial average recall with ef=1500: 0.998368
Weighted average ef: 575.758
Training absolute cv-matrix bin 48 with 17 queries.
Average Recall: 0.998118
Initial average recall with ef=1000: 0.998333
Average Recall: 0.998294
Initial average recall with ef=1500: 0.998555
Weighted average ef: 529.412
Training absolute cv-matrix bin 49 with 9 queries.
Average Recall: 0.995445
Initial average recall with ef=1000: 0.992667
Average Recall: 0.995889
Initial average recall with ef=1500: 0.993333
Weighted average ef: 333.333
Training absolute cv-matrix bin 50 with 9 queries.
Average Recall: 0.99875
Initial average recall with ef=1000: 0.832167
Average Recall: 0.999125
Initial average recall with ef=1500: 0.8325
Weighted average ef: 666.667
Training absolute cv-matrix bin 51 with 17 queries.
Average Recall: 0.997882
Initial average recall with ef=1000: 0.999
Average Recall: 0.997941
Initial average recall with ef=1500: 0.999167
Weighted average ef: 352.941
Training absolute cv-matrix bin 52 with 14 queries.
Average Recall: 0.997929
Initial average recall with ef=1000: -nan
Average Recall: 0.998
Initial average recall with ef=1500: -nan
Weighted average ef: 0
Training absolute cv-matrix bin 53 with 16 queries.
Average Recall: 0.999187
Initial average recall with ef=1000: 0.999111
Average Recall: 0.999375
Initial average recall with ef=1500: 0.999222
Weighted average ef: 562.5
Training absolute cv-matrix bin 54 with 22 queries.
Average Recall: 0.9975
Initial average recall with ef=1000: 0.997
Average Recall: 0.997773
Initial average recall with ef=1500: 0.997375
Weighted average ef: 727.273
Training absolute cv-matrix bin 55 with 10 queries.
Average Recall: 0.9984
Initial average recall with ef=1000: 0.9992
Average Recall: 0.9985
Initial average recall with ef=1500: 0.9994
Weighted average ef: 500
Training absolute cv-matrix bin 56 with 17 queries.
Average Recall: 0.998294
Initial average recall with ef=1000: 0.9986
Average Recall: 0.998529
Initial average recall with ef=1500: 0.9989
Weighted average ef: 588.235
Training absolute cv-matrix bin 57 with 21 queries.
Average Recall: 0.9987
Initial average recall with ef=1000: 0.998818
Average Recall: 0.999095
Initial average recall with ef=1500: 0.998727
Weighted average ef: 523.81
Training absolute cv-matrix bin 58 with 25 queries.
Average Recall: 0.99808
Initial average recall with ef=1000: 0.99815
Average Recall: 0.99816
Initial average recall with ef=1500: 0.99825
Weighted average ef: 800
Training absolute cv-matrix bin 59 with 36 queries.
Average Recall: 0.998194
Initial average recall with ef=1000: 0.998962
Average Recall: 0.998333
Initial average recall with ef=1500: 0.999154
Weighted average ef: 722.222
Training absolute cv-matrix bin 60 with 39 queries.
Average Recall: 0.997539
Initial average recall with ef=1000: 0.997487
Average Recall: 0.997769
Initial average recall with ef=1500: 0.99773
Weighted average ef: 948.718
Training absolute cv-matrix bin 61 with 35 queries.
Average Recall: 0.999057
Initial average recall with ef=1000: 0.999091
Average Recall: 0.9992
Initial average recall with ef=1500: 0.999212
Weighted average ef: 942.857
Training absolute cv-matrix bin 62 with 48 queries.
Average Recall: 0.998875
Initial average recall with ef=1000: 0.998848
Average Recall: 0.999125
Initial average recall with ef=1500: 0.999087
Weighted average ef: 958.333
Training absolute cv-matrix bin 63 with 67 queries.
Average Recall: 0.998224
Initial average recall with ef=1000: 0.998203
Average Recall: 0.998597
Initial average recall with ef=1500: 0.998578
Weighted average ef: 955.224
Training absolute cv-matrix bin 64 with 81 queries.
Average Recall: 0.998469
Initial average recall with ef=1000: 0.998421
Average Recall: 0.998692
Initial average recall with ef=1500: 0.998645
Weighted average ef: 938.272
Training absolute cv-matrix bin 65 with 109 queries.
Average Recall: 0.998331
Initial average recall with ef=1000: 0.998428
Average Recall: 0.998542
Initial average recall with ef=1500: 0.998631
Weighted average ef: 944.954
Training absolute cv-matrix bin 66 with 117 queries.
Average Recall: 0.99865
Initial average recall with ef=1000: 0.998653
Average Recall: 0.998855
Initial average recall with ef=1500: 0.998861
Weighted average ef: 982.906
Training absolute cv-matrix bin 67 with 129 queries.
Average Recall: 0.998558
Initial average recall with ef=1000: 0.998525
Average Recall: 0.998791
Initial average recall with ef=1500: 0.998775
Weighted average ef: 930.233
Training absolute cv-matrix bin 68 with 142 queries.
Average Recall: 0.998359
Initial average recall with ef=1000: 0.998336
Average Recall: 0.998571
Initial average recall with ef=1500: 0.998548
Weighted average ef: 964.789
Training absolute cv-matrix bin 69 with 162 queries.
Average Recall: 0.99874
Initial average recall with ef=1000: 0.998729
Average Recall: 0.999012
Initial average recall with ef=1500: 0.999006
Weighted average ef: 981.482
Training absolute cv-matrix bin 70 with 161 queries.
Average Recall: 0.998379
Initial average recall with ef=1000: 0.998365
Average Recall: 0.998559
Initial average recall with ef=1500: 0.998547
Weighted average ef: 987.578
Training absolute cv-matrix bin 71 with 109 queries.
Average Recall: 0.998395
Initial average recall with ef=1000: 0.998418
Average Recall: 0.998541
Initial average recall with ef=1500: 0.998554
Weighted average ef: 944.954
Training absolute cv-matrix bin 72 with 110 queries.
Average Recall: 0.998409
Initial average recall with ef=1000: 0.99838
Average Recall: 0.9987
Initial average recall with ef=1500: 0.998676
Weighted average ef: 981.818
Training absolute cv-matrix bin 73 with 91 queries.
Average Recall: 0.998758
Initial average recall with ef=1000: 0.998849
Average Recall: 0.998956
Initial average recall with ef=1500: 0.999035
Weighted average ef: 945.055
Training absolute cv-matrix bin 74 with 51 queries.
Average Recall: 0.998294
Initial average recall with ef=1000: 0.998354
Average Recall: 0.998569
Initial average recall with ef=1500: 0.998604
Weighted average ef: 941.176
Training absolute cv-matrix bin 75 with 48 queries.
Average Recall: 0.998208
Initial average recall with ef=1000: 0.998192
Average Recall: 0.998458
Initial average recall with ef=1500: 0.998425
Weighted average ef: 979.167
Training absolute cv-matrix bin 76 with 25 queries.
Average Recall: 0.99864
Initial average recall with ef=1000: 0.998619
Average Recall: 0.99904
Initial average recall with ef=1500: 0.999048
Weighted average ef: 840
Training absolute cv-matrix bin 77 with 13 queries.
Average Recall: 0.999077
Initial average recall with ef=1000: 0.999
Average Recall: 0.999231
Initial average recall with ef=1500: 0.999182
Weighted average ef: 846.154
Training absolute cv-matrix bin 79 with 3 queries.
Average Recall: 0.999667
Initial average recall with ef=1000: 0.999667
Average Recall: 0.999667
Initial average recall with ef=1500: 0.999667
Weighted average ef: 1000
Reconstructed True WAE: 1000 (Hard Pct: 0.00905)
Search time: 14850 ms
Search time: 15600 ms
Search time: 14947 ms
Average Recall: 0.996558
5th percentile recall: 0.994
1st percentile recall: 0.988
Median search time: 14947 ms
Search times: 14850 ms, 14947 ms, 15600 ms,
cluster_mg_uniform_100d experiment results:
statisc_length, time, avg_recall, 5th_percentile_recall, 1st_percentile_recall, recall_above_99, recall_above_95, recall_above_90
1025, 14947, 0.996558, 0.994, 0.988, 9867, 9981, 9981
Experiment finished

--- n_convergence_buckets: 5 ---

Loading samplings from /opt/nfs_dcc/experiments/shiro-ef/sampling/cluster_mg_uniform_100d-samplings--k1000-ef.bin
Samplings loaded from /opt/nfs_dcc/experiments/shiro-ef/sampling/cluster_mg_uniform_100d-samplings--k1000-ef.bin
Average Recall: 0.998367
Initial average recall with ef=1000: 0.996849
Average Recall: 0.998591
Initial average recall with ef=1500: 0.998095
Weighted average ef: 990
Training convergence-bucket 0 [3.2733, 58.1429) with 400 queries.
Average Recall: 0.997903
Initial average recall with ef=1000: 3.51717e+26
Average Recall: 0.998126
Initial average recall with ef=1500: 0.995524
Weighted average ef: 945
Training convergence-bucket 1 [58.1429, 65.6682) with 400 queries.
Average Recall: 0.998376
Initial average recall with ef=1000: 0.998417
Average Recall: 0.998606
Initial average recall with ef=1500: 0.998656
Weighted average ef: 950
Training convergence-bucket 2 [65.6682, 68.8189) with 400 queries.
Average Recall: 0.998493
Initial average recall with ef=1000: 0.998511
Average Recall: 0.998708
Initial average recall with ef=1500: 0.998728
Weighted average ef: 980
Training convergence-bucket 3 [68.8189, 71.4857) with 400 queries.
Average Recall: 0.998538
Initial average recall with ef=1000: 0.998536
Average Recall: 0.998748
Initial average recall with ef=1500: 0.998747
Weighted average ef: 995
Training convergence-bucket 4 [71.4857, inf) with 400 queries.
Average Recall: 0.998493
Initial average recall with ef=1000: 0.998494
Average Recall: 0.998739
Initial average recall with ef=1500: 0.998739
Weighted average ef: 1000
Reconstructed True WAE: 1000 (Hard Pct: 0.00905)
Search time: 14936 ms
Search time: 15603 ms
Search time: 15066 ms
Average Recall: 0.996558
5th percentile recall: 0.994
1st percentile recall: 0.988
Median search time: 15066 ms
Search times: 14936 ms, 15066 ms, 15603 ms,
cluster_mg_uniform_100d experiment results:
statisc_length, time, avg_recall, 5th_percentile_recall, 1st_percentile_recall, recall_above_99, recall_above_95, recall_above_90
1025, 15066, 0.996558, 0.994, 0.988, 9867, 9981, 9981
Experiment finished

--- n_convergence_buckets: 10 ---

Loading samplings from /opt/nfs_dcc/experiments/shiro-ef/sampling/cluster_mg_uniform_100d-samplings--k1000-ef.bin
Samplings loaded from /opt/nfs_dcc/experiments/shiro-ef/sampling/cluster_mg_uniform_100d-samplings--k1000-ef.bin
Average Recall: 0.998367
Initial average recall with ef=1000: 0.996849
Average Recall: 0.998591
Initial average recall with ef=1500: 0.998095
Weighted average ef: 990
Training convergence-bucket 0 [3.2733, 46.3221) with 200 queries.
Average Recall: 0.997678
Initial average recall with ef=1000: 0.992208
Average Recall: 0.99792
Initial average recall with ef=1500: 0.99788
Weighted average ef: 915
Training convergence-bucket 1 [46.3221, 58.1429) with 200 queries.
Average Recall: 0.998131
Initial average recall with ef=1000: 0.987645
Average Recall: 0.998336
Initial average recall with ef=1500: 0.993143
Weighted average ef: 945
Training convergence-bucket 2 [58.1429, 63.4005) with 200 queries.
Average Recall: 0.998309
Initial average recall with ef=1000: 0.998429
Average Recall: 0.998555
Initial average recall with ef=1500: 0.998695
Weighted average ef: 920
Training convergence-bucket 3 [63.4005, 65.6682) with 200 queries.
Average Recall: 0.998444
Initial average recall with ef=1000: 0.99845
Average Recall: 0.99866
Initial average recall with ef=1500: 0.998668
Weighted average ef: 965
Training convergence-bucket 4 [65.6682, 67.4349) with 200 queries.
Average Recall: 0.998599
Initial average recall with ef=1000: 0.998668
Average Recall: 0.9988
Initial average recall with ef=1500: 0.998872
Weighted average ef: 980
Training convergence-bucket 5 [67.4349, 68.8189) with 200 queries.
Average Recall: 0.998389
Initial average recall with ef=1000: 0.998369
Average Recall: 0.99862
Initial average recall with ef=1500: 0.998604
Weighted average ef: 960
Training convergence-bucket 6 [68.8189, 70.0904) with 200 queries.
Average Recall: 0.998744
Initial average recall with ef=1000: 0.998735
Average Recall: 0.998995
Initial average recall with ef=1500: 0.998989
Weighted average ef: 985
Training convergence-bucket 7 [70.0904, 71.4857) with 200 queries.
Average Recall: 0.998335
Initial average recall with ef=1000: 0.998323
Average Recall: 0.998505
Initial average recall with ef=1500: 0.998495
Weighted average ef: 990
Training convergence-bucket 8 [71.4857, 73.4092) with 200 queries.
Average Recall: 0.99842
Initial average recall with ef=1000: 0.998464
Average Recall: 0.998655
Initial average recall with ef=1500: 0.998694
Weighted average ef: 980
Training convergence-bucket 9 [73.4092, inf) with 200 queries.
Average Recall: 0.998569
Initial average recall with ef=1000: 0.99857
Average Recall: 0.998825
Initial average recall with ef=1500: 0.998825
Weighted average ef: 1000
Reconstructed True WAE: 1000 (Hard Pct: 0.00905)
Search time: 14905 ms
Search time: 15560 ms
Search time: 15200 ms
Average Recall: 0.996558
5th percentile recall: 0.994
1st percentile recall: 0.988
Median search time: 15200 ms
Search times: 14905 ms, 15200 ms, 15560 ms,
cluster_mg_uniform_100d experiment results:
statisc_length, time, avg_recall, 5th_percentile_recall, 1st_percentile_recall, recall_above_99, recall_above_95, recall_above_90
1025, 15200, 0.996558, 0.994, 0.988, 9867, 9981, 9981
Experiment finished

--- n_convergence_buckets: 15 ---

Loading samplings from /opt/nfs_dcc/experiments/shiro-ef/sampling/cluster_mg_uniform_100d-samplings--k1000-ef.bin
Samplings loaded from /opt/nfs_dcc/experiments/shiro-ef/sampling/cluster_mg_uniform_100d-samplings--k1000-ef.bin
Average Recall: 0.998367
Initial average recall with ef=1000: 0.996849
Average Recall: 0.998591
Initial average recall with ef=1500: 0.998095
Weighted average ef: 990
Training convergence-bucket 0 [3.2733, 39.8597) with 133 queries.
Average Recall: 0.997637
Initial average recall with ef=1000: 0.989503
Average Recall: 0.997918
Initial average recall with ef=1500: 0.997908
Weighted average ef: 902.256
Training convergence-bucket 1 [39.8597, 49.4284) with 133 queries.
Average Recall: 0.997918
Initial average recall with ef=1000: 0.997976
Average Recall: 0.998083
Initial average recall with ef=1500: 0.998134
Weighted average ef: 954.887
Training convergence-bucket 2 [49.4284, 58.1151) with 133 queries.
Average Recall: 0.998161
Initial average recall with ef=1000: 0.981392
Average Recall: 0.998387
Initial average recall with ef=1500: 0.990161
Weighted average ef: 879.699
Training convergence-bucket 3 [58.1151, 62.0188) with 133 queries.
Average Recall: 0.998241
Initial average recall with ef=1000: 0.99843
Average Recall: 0.998399
Initial average recall with ef=1500: 0.998605
Weighted average ef: 857.143
Training convergence-bucket 4 [62.0188, 64.2476) with 133 queries.
Average Recall: 0.998489
Initial average recall with ef=1000: 0.998458
Average Recall: 0.998812
Initial average recall with ef=1500: 0.998783
Weighted average ef: 969.925
Training convergence-bucket 5 [64.2476, 65.6289) with 133 queries.
Average Recall: 0.998399
Initial average recall with ef=1000: 0.99841
Average Recall: 0.998602
Initial average recall with ef=1500: 0.998614
Weighted average ef: 954.887
Training convergence-bucket 6 [65.6289, 66.7714) with 133 queries.
Average Recall: 0.998564
Initial average recall with ef=1000: 0.998677
Average Recall: 0.998752
Initial average recall with ef=1500: 0.998869
Weighted average ef: 977.444
Training convergence-bucket 7 [66.7714, 67.845) with 133 queries.
Average Recall: 0.998639
Initial average recall with ef=1000: 0.998624
Average Recall: 0.998872
Initial average recall with ef=1500: 0.998872
Weighted average ef: 939.85
Training convergence-bucket 8 [67.845, 68.8071) with 133 queries.
Average Recall: 0.998271
Initial average recall with ef=1000: 0.998241
Average Recall: 0.998497
Initial average recall with ef=1500: 0.998473
Weighted average ef: 969.925
Training convergence-bucket 9 [68.8071, 69.6412) with 133 queries.
Average Recall: 0.998707
Initial average recall with ef=1000: 0.998721
Average Recall: 0.998933
Initial average recall with ef=1500: 0.998954
Weighted average ef: 969.925
Training convergence-bucket 10 [69.6412, 70.4365) with 133 queries.
Average Recall: 0.998632
Initial average recall with ef=1000: 0.998641
Average Recall: 0.998903
Initial average recall with ef=1500: 0.998922
Weighted average ef: 962.406
Training convergence-bucket 11 [70.4365, 71.4178) with 133 queries.
Average Recall: 0.998286
Initial average recall with ef=1000: 0.998381
Average Recall: 0.998421
Initial average recall with ef=1500: 0.998508
Weighted average ef: 947.368
Training convergence-bucket 12 [71.4178, 72.6794) with 133 queries.
Average Recall: 0.998316
Initial average recall with ef=1000: 0.998365
Average Recall: 0.998587
Initial average recall with ef=1500: 0.998628
Weighted average ef: 969.925
Training convergence-bucket 13 [72.6794, 74.1266) with 133 queries.
Average Recall: 0.998745
Initial average recall with ef=1000: 0.998771
Average Recall: 0.99894
Initial average recall with ef=1500: 0.998962
Weighted average ef: 984.962
Training convergence-bucket 14 [74.1266, inf) with 138 queries.
Average Recall: 0.998435
Initial average recall with ef=1000: 0.998466
Average Recall: 0.998703
Initial average recall with ef=1500: 0.998714
Weighted average ef: 963.768
Reconstructed True WAE: 1000 (Hard Pct: 0.00905)
Search time: 15057 ms
Search time: 15439 ms
Search time: 15376 ms
Average Recall: 0.996558
5th percentile recall: 0.994
1st percentile recall: 0.988
Median search time: 15376 ms
Search times: 15057 ms, 15376 ms, 15439 ms,
cluster_mg_uniform_100d experiment results:
statisc_length, time, avg_recall, 5th_percentile_recall, 1st_percentile_recall, recall_above_99, recall_above_95, recall_above_90
1025, 15376, 0.996558, 0.994, 0.988, 9867, 9981, 9981
Experiment finished

--- n_convergence_buckets: 20 ---

Loading samplings from /opt/nfs_dcc/experiments/shiro-ef/sampling/cluster_mg_uniform_100d-samplings--k1000-ef.bin
Samplings loaded from /opt/nfs_dcc/experiments/shiro-ef/sampling/cluster_mg_uniform_100d-samplings--k1000-ef.bin
Average Recall: 0.998367
Initial average recall with ef=1000: 0.996849
Average Recall: 0.998591
Initial average recall with ef=1500: 0.998095
Weighted average ef: 990
Training convergence-bucket 0 [3.2733, 34.2096) with 100 queries.
Average Recall: 0.99763
Initial average recall with ef=1000: 0.997545
Average Recall: 0.99788
Initial average recall with ef=1500: 0.997795
Weighted average ef: 880
Training convergence-bucket 1 [34.2096, 46.3221) with 100 queries.
Average Recall: 0.997728
Initial average recall with ef=1000: 0.986913
Average Recall: 0.99796
Initial average recall with ef=1500: 0.997967
Weighted average ef: 1000.16
Training convergence-bucket 2 [46.3221, 52.2821) with 100 queries.
Average Recall: 0.99796
Initial average recall with ef=1000: 0.98729
Average Recall: 0.998132
Initial average recall with ef=1500: 0.987462
Weighted average ef: 930
Training convergence-bucket 3 [52.2821, 58.1429) with 100 queries.
Average Recall: 0.998303
Initial average recall with ef=1000: 0.987068
Average Recall: 0.99854
Initial average recall with ef=1500: 0.998495
Weighted average ef: 890
Training convergence-bucket 4 [58.1429, 61.163) with 100 queries.
Average Recall: 0.99799
Initial average recall with ef=1000: 0.998205
Average Recall: 0.99816
Initial average recall with ef=1500: 0.99841
Weighted average ef: 830
Training convergence-bucket 5 [61.163, 63.4005) with 100 queries.
Average Recall: 0.99863
Initial average recall with ef=1000: 0.9986
Average Recall: 0.99895
Initial average recall with ef=1500: 0.998916
Weighted average ef: 950
Training convergence-bucket 6 [63.4005, 64.5629) with 100 queries.
Average Recall: 0.99857
Initial average recall with ef=1000: 0.998536
Average Recall: 0.99878
Initial average recall with ef=1500: 0.998753
Weighted average ef: 970
Training convergence-bucket 7 [64.5629, 65.6682) with 100 queries.
Average Recall: 0.99832
Initial average recall with ef=1000: 0.998323
Average Recall: 0.99854
Initial average recall with ef=1500: 0.998538
Weighted average ef: 930
Training convergence-bucket 8 [65.6682, 66.5664) with 100 queries.
Average Recall: 0.99864
Initial average recall with ef=1000: 0.998771
Average Recall: 0.99882
Initial average recall with ef=1500: 0.998959
Weighted average ef: 960
Training convergence-bucket 9 [66.5664, 67.4349) with 100 queries.
Average Recall: 0.99856
Initial average recall with ef=1000: 0.998532
Average Recall: 0.99878
Initial average recall with ef=1500: 0.998761
Weighted average ef: 960
Training convergence-bucket 10 [67.4349, 68.0999) with 100 queries.
Average Recall: 0.99854
Initial average recall with ef=1000: 0.998527
Average Recall: 0.99877
Initial average recall with ef=1500: 0.998774
Weighted average ef: 930
Training convergence-bucket 11 [68.0999, 68.8189) with 100 queries.
Average Recall: 0.99824
Initial average recall with ef=1000: 0.998209
Average Recall: 0.99847
Initial average recall with ef=1500: 0.998438
Weighted average ef: 960
Training convergence-bucket 12 [68.8189, 69.4041) with 100 queries.
Average Recall: 0.99878
Initial average recall with ef=1000: 0.998774
Average Recall: 0.99903
Initial average recall with ef=1500: 0.999043
Weighted average ef: 930
Training convergence-bucket 13 [69.4041, 70.0904) with 100 queries.
Average Recall: 0.99871
Initial average recall with ef=1000: 0.998704
Average Recall: 0.99896
Initial average recall with ef=1500: 0.998959
Weighted average ef: 980
Training convergence-bucket 14 [70.0904, 70.6362) with 100 queries.
Average Recall: 0.99826
Initial average recall with ef=1000: 0.998242
Average Recall: 0.99847
Initial average recall with ef=1500: 0.998453
Weighted average ef: 950
Training convergence-bucket 15 [70.6362, 71.4857) with 100 queries.
Average Recall: 0.99841
Initial average recall with ef=1000: 0.998558
Average Recall: 0.99854
Initial average recall with ef=1500: 0.998684
Weighted average ef: 950
Training convergence-bucket 16 [71.4857, 72.4318) with 100 queries.
Average Recall: 0.99823
Initial average recall with ef=1000: 0.998417
Average Recall: 0.99853
Initial average recall with ef=1500: 0.998698
Weighted average ef: 960
Training convergence-bucket 17 [72.4318, 73.4092) with 100 queries.
Average Recall: 0.99861
Initial average recall with ef=1000: 0.998609
Average Recall: 0.99878
Initial average recall with ef=1500: 0.998784
Weighted average ef: 970
Training convergence-bucket 18 [73.4092, 74.8557) with 100 queries.
Average Recall: 0.99872
Initial average recall with ef=1000: 0.998809
Average Recall: 0.99897
Initial average recall with ef=1500: 0.999053
Weighted average ef: 940
Training convergence-bucket 19 [74.8557, inf) with 100 queries.
Average Recall: 0.99842
Initial average recall with ef=1000: 0.998413
Average Recall: 0.99868
Initial average recall with ef=1500: 0.99866
Weighted average ef: 970
Reconstructed True WAE: 1000.39 (Hard Pct: 0.00905)
Search time: 15105 ms
Search time: 15413 ms
Search time: 15430 ms
Average Recall: 0.996558
5th percentile recall: 0.994
1st percentile recall: 0.988
Median search time: 15413 ms
Search times: 15105 ms, 15413 ms, 15430 ms,
cluster_mg_uniform_100d experiment results:
statisc_length, time, avg_recall, 5th_percentile_recall, 1st_percentile_recall, recall_above_99, recall_above_95, recall_above_90
1025, 15413, 0.996558, 0.994, 0.988, 9867, 9981, 9981
Experiment finished


Dataset: cluster_mg_zipf_100d
Metric: cd
Normalize the data vectors
Data vectors dimensions: 10000000 x 100
Query vectors dimensions: 10000 x 100
Neighbors dimensions: 10000 x 1000
Using AVX Inner Product distance
Index loaded
Dimension of space:100
Data size of space:400

--- n_convergence_buckets: 0 ---

Loading samplings from /opt/nfs_dcc/experiments/shiro-ef/sampling/cluster_mg_zipf_100d-samplings--k1000-ef.bin
Samplings loaded from /opt/nfs_dcc/experiments/shiro-ef/sampling/cluster_mg_zipf_100d-samplings--k1000-ef.bin
Average Recall: 0.879212
Initial average recall with ef=1000: 0.879127
Average Recall: 0.912826
Initial average recall with ef=1500: 0.912578
Weighted average ef: 2664.91
Training absolute cv-matrix bin 23 with 3 queries.
Average Recall: 0.849
Initial average recall with ef=1000: -nan
Average Recall: 0.875333
Initial average recall with ef=1500: -nan
Weighted average ef: 0
Training absolute cv-matrix bin 24 with 4 queries.
Average Recall: 0.7555
Initial average recall with ef=1000: -nan
Average Recall: 0.81375
Initial average recall with ef=1500: -nan
Weighted average ef: 0
Training absolute cv-matrix bin 25 with 3 queries.
Average Recall: 0.795667
Initial average recall with ef=1000: -nan
Average Recall: 0.860667
Initial average recall with ef=1500: -nan
Weighted average ef: 0
Training absolute cv-matrix bin 26 with 8 queries.
Average Recall: 0.6935
Initial average recall with ef=1000: -nan
Average Recall: 0.756375
Initial average recall with ef=1500: -nan
Weighted average ef: 0
Training absolute cv-matrix bin 27 with 4 queries.
Average Recall: 0.72625
Initial average recall with ef=1000: -nan
Average Recall: 0.788
Initial average recall with ef=1500: -nan
Weighted average ef: 0
Training absolute cv-matrix bin 28 with 10 queries.
Average Recall: 0.6414
Initial average recall with ef=1000: -nan
Average Recall: 0.7177
Initial average recall with ef=1500: -nan
Weighted average ef: 0
Training absolute cv-matrix bin 29 with 14 queries.
Average Recall: 0.738857
Initial average recall with ef=1000: 0.631
Average Recall: 0.798786
Initial average recall with ef=1500: 0.718
Weighted average ef: 1071.43
Training absolute cv-matrix bin 30 with 19 queries.
Average Recall: 0.712947
Initial average recall with ef=1000: 0.7665
Average Recall: 0.776947
Initial average recall with ef=1500: 0.816167
Weighted average ef: 315.789
Training absolute cv-matrix bin 31 with 35 queries.
Average Recall: 0.660486
Initial average recall with ef=1000: 0.64392
Average Recall: 0.729057
Initial average recall with ef=1500: 0.72148
Weighted average ef: 3494.29
Training absolute cv-matrix bin 32 with 44 queries.
Average Recall: 0.672023
Initial average recall with ef=1000: 0.663971
Average Recall: 0.747568
Initial average recall with ef=1500: 0.742824
Weighted average ef: 3690.16
Training absolute cv-matrix bin 33 with 44 queries.
Average Recall: 0.671659
Initial average recall with ef=1000: 0.66475
Average Recall: 0.746136
Initial average recall with ef=1500: 0.741167
Weighted average ef: 4090.91
Training absolute cv-matrix bin 34 with 62 queries.
Average Recall: 0.701677
Initial average recall with ef=1000: 0.688483
Average Recall: 0.77121
Initial average recall with ef=1500: 0.759931
Weighted average ef: 4634.55
Training absolute cv-matrix bin 35 with 63 queries.
Average Recall: 0.68319
Initial average recall with ef=1000: 0.650115
Average Recall: 0.754555
Initial average recall with ef=1500: 0.728538
Recall diff is too small for 1 consecutive steps, break.
Weighted average ef: 4047.81
Training absolute cv-matrix bin 36 with 62 queries.
Average Recall: 0.720758
Initial average recall with ef=1000: 0.720758
Average Recall: 0.7885
Initial average recall with ef=1500: 0.7885
Recall diff is too small for 1 consecutive steps, break.
Weighted average ef: 4690.61
Training absolute cv-matrix bin 37 with 73 queries.
Average Recall: 0.724959
Initial average recall with ef=1000: 0.722692
Average Recall: 0.791014
Initial average recall with ef=1500: 0.792908
Weighted average ef: 4357.53
Training absolute cv-matrix bin 38 with 59 queries.
Average Recall: 0.739661
Initial average recall with ef=1000: 0.73334
Average Recall: 0.807271
Initial average recall with ef=1500: 0.80326
Weighted average ef: 4032.02
Training absolute cv-matrix bin 39 with 59 queries.
Average Recall: 0.764119
Initial average recall with ef=1000: 0.740714
Average Recall: 0.82878
Initial average recall with ef=1500: 0.810633
Weighted average ef: 3706.14
Training absolute cv-matrix bin 40 with 61 queries.
Average Recall: 0.821557
Initial average recall with ef=1000: 0.821082
Average Recall: 0.873443
Initial average recall with ef=1500: 0.873286
Weighted average ef: 3439.59
Training absolute cv-matrix bin 41 with 58 queries.
Average Recall: 0.818483
Initial average recall with ef=1000: 0.818788
Average Recall: 0.871138
Initial average recall with ef=1500: 0.872096
Weighted average ef: 3250
Training absolute cv-matrix bin 42 with 45 queries.
Average Recall: 0.874178
Initial average recall with ef=1000: 0.864968
Average Recall: 0.9186
Initial average recall with ef=1500: 0.913613
Weighted average ef: 1822.71
Training absolute cv-matrix bin 43 with 44 queries.
Average Recall: 0.839432
Initial average recall with ef=1000: 0.828844
Average Recall: 0.886318
Initial average recall with ef=1500: 0.881813
Weighted average ef: 1983.14
Training absolute cv-matrix bin 44 with 41 queries.
Average Recall: 0.876293
Initial average recall with ef=1000: 0.88184
Average Recall: 0.919122
Initial average recall with ef=1500: 0.92436
Weighted average ef: 1654.66
Training absolute cv-matrix bin 45 with 38 queries.
Average Recall: 0.904579
Initial average recall with ef=1000: 0.908
Average Recall: 0.941026
Initial average recall with ef=1500: 0.942758
Weighted average ef: 1684.21
Training absolute cv-matrix bin 46 with 34 queries.
Average Recall: 0.917823
Initial average recall with ef=1000: 0.925885
Average Recall: 0.952706
Initial average recall with ef=1500: 0.9605
Weighted average ef: 1205.88
Training absolute cv-matrix bin 47 with 34 queries.
Average Recall: 0.907118
Initial average recall with ef=1000: 0.889522
Average Recall: 0.943147
Initial average recall with ef=1500: 0.933174
Weighted average ef: 1666.62
Training absolute cv-matrix bin 48 with 30 queries.
Average Recall: 0.919133
Initial average recall with ef=1000: 0.925294
Average Recall: 0.9512
Initial average recall with ef=1500: 0.955824
Weighted average ef: 954.933
Training absolute cv-matrix bin 49 with 28 queries.
Average Recall: 0.901107
Initial average recall with ef=1000: 0.965462
Average Recall: 0.963893
Initial average recall with ef=1500: 0.983615
Weighted average ef: 575.357
Training absolute cv-matrix bin 50 with 40 queries.
Average Recall: 0.94695
Initial average recall with ef=1000: 0.946943
Average Recall: 0.97165
Initial average recall with ef=1500: 0.9714
Weighted average ef: 1186.72
Training absolute cv-matrix bin 51 with 33 queries.
Average Recall: 0.932636
Initial average recall with ef=1000: 0.968739
Average Recall: 0.951061
Initial average recall with ef=1500: 0.985826
Weighted average ef: 831.697
Training absolute cv-matrix bin 52 with 29 queries.
Average Recall: 0.962276
Initial average recall with ef=1000: 0.966667
Average Recall: 0.980345
Initial average recall with ef=1500: 0.982083
Weighted average ef: 982.759
Training absolute cv-matrix bin 53 with 26 queries.
Average Recall: 0.931308
Initial average recall with ef=1000: 0.971177
Average Recall: 0.947692
Initial average recall with ef=1500: 0.986765
Weighted average ef: 782.154
Training absolute cv-matrix bin 54 with 34 queries.
Average Recall: 0.968059
Initial average recall with ef=1000: 0.965536
Average Recall: 0.984382
Initial average recall with ef=1500: 0.983036
Weighted average ef: 1029.41
Training absolute cv-matrix bin 55 with 26 queries.
Average Recall: 0.969808
Initial average recall with ef=1000: 0.969773
Average Recall: 0.984885
Initial average recall with ef=1500: 0.9845
Weighted average ef: 1019.23
Training absolute cv-matrix bin 56 with 32 queries.
Average Recall: 0.990062
Initial average recall with ef=1000: 0.989833
Average Recall: 0.995812
Initial average recall with ef=1500: 0.995733
Weighted average ef: 937.5
Training absolute cv-matrix bin 57 with 27 queries.
Average Recall: 0.98037
Initial average recall with ef=1000: 0.982542
Average Recall: 0.990593
Initial average recall with ef=1500: 0.991583
Weighted average ef: 888.889
Training absolute cv-matrix bin 58 with 24 queries.
Average Recall: 0.988958
Initial average recall with ef=1000: 0.990222
Average Recall: 0.995875
Initial average recall with ef=1500: 0.996389
Weighted average ef: 750
Training absolute cv-matrix bin 59 with 20 queries.
Average Recall: 0.9896
Initial average recall with ef=1000: 0.990867
Average Recall: 0.9954
Initial average recall with ef=1500: 0.995533
Weighted average ef: 750
Training absolute cv-matrix bin 60 with 25 queries.
Average Recall: 0.99072
Initial average recall with ef=1000: 0.99055
Average Recall: 0.99624
Initial average recall with ef=1500: 0.99605
Weighted average ef: 800
Training absolute cv-matrix bin 61 with 30 queries.
Average Recall: 0.9915
Initial average recall with ef=1000: 0.9975
Average Recall: 0.9949
Initial average recall with ef=1500: 0.999
Weighted average ef: 800
Training absolute cv-matrix bin 62 with 20 queries.
Average Recall: 0.99675
Initial average recall with ef=1000: 0.996846
Average Recall: 0.999
Initial average recall with ef=1500: 0.998846
Weighted average ef: 650
Training absolute cv-matrix bin 63 with 27 queries.
Average Recall: 0.994074
Initial average recall with ef=1000: 0.994227
Average Recall: 0.996593
Initial average recall with ef=1500: 0.996455
Weighted average ef: 814.815
Training absolute cv-matrix bin 64 with 32 queries.
Average Recall: 0.994719
Initial average recall with ef=1000: 0.994552
Average Recall: 0.997312
Initial average recall with ef=1500: 0.997103
Weighted average ef: 906.25
Training absolute cv-matrix bin 65 with 16 queries.
Average Recall: 0.997188
Initial average recall with ef=1000: 0.997077
Average Recall: 0.998625
Initial average recall with ef=1500: 0.998461
Weighted average ef: 812.5
Training absolute cv-matrix bin 66 with 26 queries.
Average Recall: 0.996577
Initial average recall with ef=1000: 0.997455
Average Recall: 0.998769
Initial average recall with ef=1500: 0.999045
Weighted average ef: 846.154
Training absolute cv-matrix bin 67 with 24 queries.
Average Recall: 0.986917
Initial average recall with ef=1000: 0.985619
Average Recall: 0.991167
Initial average recall with ef=1500: 0.990048
Weighted average ef: 875
Training absolute cv-matrix bin 68 with 30 queries.
Average Recall: 0.9958
Initial average recall with ef=1000: 0.995385
Average Recall: 0.997267
Initial average recall with ef=1500: 0.997077
Weighted average ef: 866.667
Training absolute cv-matrix bin 69 with 28 queries.
Average Recall: 0.993786
Initial average recall with ef=1000: 0.995458
Average Recall: 0.996714
Initial average recall with ef=1500: 0.997375
Weighted average ef: 857.143
Training absolute cv-matrix bin 70 with 28 queries.
Average Recall: 0.9945
Initial average recall with ef=1000: 0.996
Average Recall: 0.997893
Initial average recall with ef=1500: 0.998259
Weighted average ef: 964.286
Training absolute cv-matrix bin 71 with 24 queries.
Average Recall: 0.992875
Initial average recall with ef=1000: 0.992875
Average Recall: 0.995542
Initial average recall with ef=1500: 0.995542
Weighted average ef: 1000
Training absolute cv-matrix bin 72 with 25 queries.
Average Recall: 0.99568
Initial average recall with ef=1000: 0.995542
Average Recall: 0.99692
Initial average recall with ef=1500: 0.996833
Weighted average ef: 960
Training absolute cv-matrix bin 73 with 23 queries.
Average Recall: 0.990435
Initial average recall with ef=1000: 0.989809
Average Recall: 0.994696
Initial average recall with ef=1500: 0.994429
Weighted average ef: 913.043
Training absolute cv-matrix bin 74 with 23 queries.
Average Recall: 0.996261
Initial average recall with ef=1000: 0.996318
Average Recall: 0.997826
Initial average recall with ef=1500: 0.997773
Weighted average ef: 956.522
Training absolute cv-matrix bin 75 with 20 queries.
Average Recall: 0.9606
Initial average recall with ef=1000: 0.9606
Average Recall: 0.96955
Initial average recall with ef=1500: 0.96955
Weighted average ef: 1000
Training absolute cv-matrix bin 76 with 29 queries.
Average Recall: 0.985104
Initial average recall with ef=1000: 0.984643
Average Recall: 0.993414
Initial average recall with ef=1500: 0.993179
Weighted average ef: 965.517
Training absolute cv-matrix bin 77 with 29 queries.
Average Recall: 0.988759
Initial average recall with ef=1000: 0.988759
Average Recall: 0.994828
Initial average recall with ef=1500: 0.994828
Weighted average ef: 1000
Training absolute cv-matrix bin 78 with 34 queries.
Average Recall: 0.978147
Initial average recall with ef=1000: 0.979546
Average Recall: 0.988088
Initial average recall with ef=1500: 0.989212
Weighted average ef: 970.588
Training absolute cv-matrix bin 79 with 27 queries.
Average Recall: 0.977445
Initial average recall with ef=1000: 0.977445
Average Recall: 0.989593
Initial average recall with ef=1500: 0.989593
Weighted average ef: 1000
Training absolute cv-matrix bin 80 with 29 queries.
Average Recall: 0.97369
Initial average recall with ef=1000: 0.97369
Average Recall: 0.988655
Initial average recall with ef=1500: 0.988655
Weighted average ef: 1000
Training absolute cv-matrix bin 81 with 33 queries.
Average Recall: 0.976152
Initial average recall with ef=1000: 0.976152
Average Recall: 0.988939
Initial average recall with ef=1500: 0.988939
Weighted average ef: 1000
Training absolute cv-matrix bin 82 with 39 queries.
Average Recall: 0.966897
Initial average recall with ef=1000: 0.966897
Average Recall: 0.983667
Initial average recall with ef=1500: 0.983667
Weighted average ef: 1000
Training absolute cv-matrix bin 83 with 29 queries.
Average Recall: 0.966828
Initial average recall with ef=1000: 0.966828
Average Recall: 0.985862
Initial average recall with ef=1500: 0.985862
Weighted average ef: 1000
Training absolute cv-matrix bin 84 with 29 queries.
Average Recall: 0.960069
Initial average recall with ef=1000: 0.960069
Average Recall: 0.98
Initial average recall with ef=1500: 0.98
Weighted average ef: 1000
Training absolute cv-matrix bin 85 with 18 queries.
Average Recall: 0.947111
Initial average recall with ef=1000: 0.947111
Average Recall: 0.963889
Initial average recall with ef=1500: 0.963889
Weighted average ef: 1500
Training absolute cv-matrix bin 86 with 14 queries.
Average Recall: 0.905786
Initial average recall with ef=1000: 0.972385
Average Recall: 0.919714
Initial average recall with ef=1500: 0.987384
Weighted average ef: 928.571
Training absolute cv-matrix bin 87 with 5 queries.
Average Recall: 0.954
Initial average recall with ef=1000: 0.954
Average Recall: 0.9806
Initial average recall with ef=1500: 0.9806
Weighted average ef: 1000
Reconstructed True WAE: 1000 (Hard Pct: 0.0012)
Search time: 27410 ms
Search time: 27486 ms
Search time: 28065 ms
Average Recall: 0.875098
5th percentile recall: 0.544
1st percentile recall: 0.494
Median search time: 27486 ms
Search times: 27410 ms, 27486 ms, 28065 ms,
cluster_mg_zipf_100d experiment results:
statisc_length, time, avg_recall, 5th_percentile_recall, 1st_percentile_recall, recall_above_99, recall_above_95, recall_above_90
1025, 27486, 0.875098, 0.544, 0.494, 3175, 5408, 6297
Experiment finished

--- n_convergence_buckets: 5 ---

Loading samplings from /opt/nfs_dcc/experiments/shiro-ef/sampling/cluster_mg_zipf_100d-samplings--k1000-ef.bin
Samplings loaded from /opt/nfs_dcc/experiments/shiro-ef/sampling/cluster_mg_zipf_100d-samplings--k1000-ef.bin
Average Recall: 0.879212
Initial average recall with ef=1000: 0.879127
Average Recall: 0.912826
Initial average recall with ef=1500: 0.912578
Weighted average ef: 2664.91
Training convergence-bucket 0 [5.84972, 37.2128) with 400 queries.
Average Recall: 0.703878
Initial average recall with ef=1000: 0.689679
Average Recall: 0.770927
Initial average recall with ef=1500: 0.759507
Weighted average ef: 4552.49
Training convergence-bucket 1 [37.2128, 44.2506) with 400 queries.
Average Recall: 0.795805
Initial average recall with ef=1000: 0.792478
Average Recall: 0.852715
Initial average recall with ef=1500: 0.850328
Weighted average ef: 4043.62
Training convergence-bucket 2 [44.2506, 56.7429) with 400 queries.
Average Recall: 0.930945
Initial average recall with ef=1000: 0.938224
Average Recall: 0.959496
Initial average recall with ef=1500: 0.964372
Weighted average ef: 1463.34
Training convergence-bucket 3 [56.7429, 72.2459) with 400 queries.
Average Recall: 0.992286
Initial average recall with ef=1000: 0.992884
Average Recall: 0.996134
Initial average recall with ef=1500: 0.996495
Weighted average ef: 972.5
Training convergence-bucket 4 [72.2459, inf) with 400 queries.
Average Recall: 0.973137
Initial average recall with ef=1000: 0.97537
Average Recall: 0.984844
Initial average recall with ef=1500: 0.98719
Weighted average ef: 985
Reconstructed True WAE: 2482.72 (Hard Pct: 0.0012)
Search time: 83465 ms
Search time: 83791 ms
Search time: 83568 ms
Average Recall: 0.96523
5th percentile recall: 0.833
1st percentile recall: 0.798
Median search time: 83568 ms
Search times: 83465 ms, 83568 ms, 83791 ms,
cluster_mg_zipf_100d experiment results:
statisc_length, time, avg_recall, 5th_percentile_recall, 1st_percentile_recall, recall_above_99, recall_above_95, recall_above_90
1025, 83568, 0.96523, 0.833, 0.798, 5761, 7706, 8632
Experiment finished

--- n_convergence_buckets: 10 ---

Loading samplings from /opt/nfs_dcc/experiments/shiro-ef/sampling/cluster_mg_zipf_100d-samplings--k1000-ef.bin
Samplings loaded from /opt/nfs_dcc/experiments/shiro-ef/sampling/cluster_mg_zipf_100d-samplings--k1000-ef.bin
Average Recall: 0.879212
Initial average recall with ef=1000: 0.879127
Average Recall: 0.912826
Initial average recall with ef=1500: 0.912578
Weighted average ef: 2664.91
Training convergence-bucket 0 [5.84972, 33.966) with 200 queries.
Average Recall: 0.707765
Initial average recall with ef=1000: 0.678811
Average Recall: 0.772885
Initial average recall with ef=1500: 0.749617
Weighted average ef: 4112.5
Training convergence-bucket 1 [33.966, 37.2128) with 200 queries.
Average Recall: 0.69999
Initial average recall with ef=1000: 0.696908
Average Recall: 0.76897
Initial average recall with ef=1500: 0.766418
Recall diff is too small for 1 consecutive steps, break.
Weighted average ef: 4761.79
Training convergence-bucket 2 [37.2128, 40.2354) with 200 queries.
Average Recall: 0.749055
Initial average recall with ef=1000: 0.745734
Average Recall: 0.81522
Initial average recall with ef=1500: 0.813026
Weighted average ef: 4305.39
Training convergence-bucket 3 [40.2354, 44.2506) with 200 queries.
Average Recall: 0.842555
Initial average recall with ef=1000: 0.842418
Average Recall: 0.89021
Initial average recall with ef=1500: 0.890242
Weighted average ef: 3510.45
Training convergence-bucket 4 [44.2506, 50.0958) with 200 queries.
Average Recall: 0.906565
Initial average recall with ef=1000: 0.910653
Average Recall: 0.946465
Initial average recall with ef=1500: 0.946063
Weighted average ef: 1775.74
Training convergence-bucket 5 [50.0958, 56.7429) with 200 queries.
Average Recall: 0.955325
Initial average recall with ef=1000: 0.966597
Average Recall: 0.97253
Initial average recall with ef=1500: 0.98323
Weighted average ef: 1095.1
Training convergence-bucket 6 [56.7429, 64.6342) with 200 queries.
Average Recall: 0.99071
Initial average recall with ef=1000: 0.991376
Average Recall: 0.995679
Initial average recall with ef=1500: 0.996258
Weighted average ef: 970
Training convergence-bucket 7 [64.6342, 72.2459) with 200 queries.
Average Recall: 0.993864
Initial average recall with ef=1000: 0.994328
Average Recall: 0.99659
Initial average recall with ef=1500: 0.996698
Weighted average ef: 960
Training convergence-bucket 8 [72.2459, 79.8512) with 200 queries.
Average Recall: 0.984275
Initial average recall with ef=1000: 0.984287
Average Recall: 0.9909
Initial average recall with ef=1500: 0.990949
Weighted average ef: 975
Training convergence-bucket 9 [79.8512, inf) with 200 queries.
Average Recall: 0.962
Initial average recall with ef=1000: 0.966633
Average Recall: 0.97879
Initial average recall with ef=1500: 0.983507
Weighted average ef: 995
Reconstructed True WAE: 2435.1 (Hard Pct: 0.0012)
Search time: 82567 ms
Search time: 82909 ms
Search time: 82909 ms
Average Recall: 0.964968
5th percentile recall: 0.832
1st percentile recall: 0.797
Median search time: 82909 ms
Search times: 82567 ms, 82909 ms, 82909 ms,
cluster_mg_zipf_100d experiment results:
statisc_length, time, avg_recall, 5th_percentile_recall, 1st_percentile_recall, recall_above_99, recall_above_95, recall_above_90
1025, 82909, 0.964968, 0.832, 0.797, 5723, 7691, 8625
Experiment finished

--- n_convergence_buckets: 15 ---

Loading samplings from /opt/nfs_dcc/experiments/shiro-ef/sampling/cluster_mg_zipf_100d-samplings--k1000-ef.bin
Samplings loaded from /opt/nfs_dcc/experiments/shiro-ef/sampling/cluster_mg_zipf_100d-samplings--k1000-ef.bin
Average Recall: 0.879212
Initial average recall with ef=1000: 0.879127
Average Recall: 0.912826
Initial average recall with ef=1500: 0.912578
Weighted average ef: 2664.91
Training convergence-bucket 0 [5.84972, 32.406) with 133 queries.
Average Recall: 0.721887
Initial average recall with ef=1000: 0.678505
Average Recall: 0.782301
Initial average recall with ef=1500: 0.74722
Weighted average ef: 3729.32
Training convergence-bucket 1 [32.406, 35.0418) with 133 queries.
Average Recall: 0.689925
Initial average recall with ef=1000: 0.686659
Average Recall: 0.761774
Initial average recall with ef=1500: 0.759233
Weighted average ef: 4669.17
Training convergence-bucket 2 [35.0418, 37.1733) with 133 queries.
Average Recall: 0.698188
Initial average recall with ef=1000: 0.688748
Average Recall: 0.767256
Initial average recall with ef=1500: 0.759638
Weighted average ef: 4685.5
Training convergence-bucket 3 [37.1733, 39.1569) with 133 queries.
Average Recall: 0.740218
Initial average recall with ef=1000: 0.735612
Average Recall: 0.807902
Initial average recall with ef=1500: 0.805124
Weighted average ef: 4206.21
Training convergence-bucket 4 [39.1569, 41.5065) with 133 queries.
Average Recall: 0.794075
Initial average recall with ef=1000: 0.79073
Average Recall: 0.85221
Initial average recall with ef=1500: 0.849818
Weighted average ef: 4177.48
Training convergence-bucket 5 [41.5065, 44.2227) with 133 queries.
Average Recall: 0.853263
Initial average recall with ef=1000: 0.855929
Average Recall: 0.897992
Initial average recall with ef=1500: 0.90022
Weighted average ef: 3105.95
Training convergence-bucket 6 [44.2227, 47.8743) with 133 queries.
Average Recall: 0.903669
Initial average recall with ef=1000: 0.903176
Average Recall: 0.941662
Initial average recall with ef=1500: 0.94168
Weighted average ef: 1900.35
Training convergence-bucket 7 [47.8743, 51.9606) with 133 queries.
Average Recall: 0.924211
Initial average recall with ef=1000: 0.936936
Average Recall: 0.957572
Initial average recall with ef=1500: 0.9634
Weighted average ef: 1378.02
Training convergence-bucket 8 [51.9606, 56.6773) with 133 queries.
Average Recall: 0.96303
Initial average recall with ef=1000: 0.971589
Average Recall: 0.978023
Initial average recall with ef=1500: 0.986
Weighted average ef: 1103.58
Training convergence-bucket 9 [56.6773, 61.6792) with 133 queries.
Average Recall: 0.987256
Initial average recall with ef=1000: 0.988195
Average Recall: 0.994151
Initial average recall with ef=1500: 0.995
Weighted average ef: 962.406
Training convergence-bucket 10 [61.6792, 67.2384) with 133 queries.
Average Recall: 0.995828
Initial average recall with ef=1000: 0.995938
Average Recall: 0.99803
Initial average recall with ef=1500: 0.998039
Weighted average ef: 962.406
Training convergence-bucket 11 [67.2384, 72.1115) with 133 queries.
Average Recall: 0.992933
Initial average recall with ef=1000: 0.993441
Average Recall: 0.995857
Initial average recall with ef=1500: 0.995969
Weighted average ef: 954.887
Training convergence-bucket 12 [72.1115, 77.5668) with 133 queries.
Average Recall: 0.986519
Initial average recall with ef=1000: 0.986102
Average Recall: 0.991497
Initial average recall with ef=1500: 0.991219
Weighted average ef: 962.406
Training convergence-bucket 13 [77.5668, 81.8979) with 133 queries.
Average Recall: 0.977692
Initial average recall with ef=1000: 0.978038
Average Recall: 0.989346
Initial average recall with ef=1500: 0.989636
Weighted average ef: 992.481
Training convergence-bucket 14 [81.8979, inf) with 138 queries.
Average Recall: 0.956558
Initial average recall with ef=1000: 0.963248
Average Recall: 0.974471
Initial average recall with ef=1500: 0.981292
Weighted average ef: 992.754
Reconstructed True WAE: 2453.18 (Hard Pct: 0.0012)
Search time: 83552 ms
Search time: 83343 ms
Search time: 83743 ms
Average Recall: 0.965337
5th percentile recall: 0.833
1st percentile recall: 0.799
Median search time: 83552 ms
Search times: 83343 ms, 83552 ms, 83743 ms,
cluster_mg_zipf_100d experiment results:
statisc_length, time, avg_recall, 5th_percentile_recall, 1st_percentile_recall, recall_above_99, recall_above_95, recall_above_90
1025, 83552, 0.965337, 0.833, 0.799, 5738, 7711, 8637
Experiment finished

--- n_convergence_buckets: 20 ---

Loading samplings from /opt/nfs_dcc/experiments/shiro-ef/sampling/cluster_mg_zipf_100d-samplings--k1000-ef.bin
Samplings loaded from /opt/nfs_dcc/experiments/shiro-ef/sampling/cluster_mg_zipf_100d-samplings--k1000-ef.bin
Average Recall: 0.879212
Initial average recall with ef=1000: 0.879127
Average Recall: 0.912826
Initial average recall with ef=1500: 0.912578
Weighted average ef: 2664.91
Training convergence-bucket 0 [5.84972, 31.6438) with 100 queries.
Average Recall: 0.74312
Initial average recall with ef=1000: 0.691519
Average Recall: 0.79913
Initial average recall with ef=1500: 0.757247
Weighted average ef: 3360
Training convergence-bucket 1 [31.6438, 33.966) with 100 queries.
Average Recall: 0.67241
Initial average recall with ef=1000: 0.666813
Average Recall: 0.74664
Initial average recall with ef=1500: 0.742292
Weighted average ef: 4674.08
Training convergence-bucket 2 [33.966, 35.5868) with 100 queries.
Average Recall: 0.68724
Initial average recall with ef=1000: 0.673021
Average Recall: 0.75907
Initial average recall with ef=1500: 0.747151
Weighted average ef: 4649.3
Training convergence-bucket 3 [35.5868, 37.2128) with 100 queries.
Average Recall: 0.71274
Initial average recall with ef=1000: 0.704124
Average Recall: 0.77887
Initial average recall with ef=1500: 0.772165
Recall diff is too small for 1 consecutive steps, break.
Weighted average ef: 4733.93
Training convergence-bucket 4 [37.2128, 38.6085) with 100 queries.
Average Recall: 0.7393
Initial average recall with ef=1000: 0.721976
Average Recall: 0.80639
Initial average recall with ef=1500: 0.793667
Weighted average ef: 3871.49
Training convergence-bucket 5 [38.6085, 40.2354) with 100 queries.
Average Recall: 0.75881
Initial average recall with ef=1000: 0.750032
Average Recall: 0.82405
Initial average recall with ef=1500: 0.817151
Weighted average ef: 4197.88
Training convergence-bucket 6 [40.2354, 42.0311) with 100 queries.
Average Recall: 0.82446
Initial average recall with ef=1000: 0.823206
Average Recall: 0.87537
Initial average recall with ef=1500: 0.874722
Weighted average ef: 3749.31
Training convergence-bucket 7 [42.0311, 44.2506) with 100 queries.
Average Recall: 0.86065
Initial average recall with ef=1000: 0.865108
Average Recall: 0.90505
Initial average recall with ef=1500: 0.90857
Weighted average ef: 2849.85
Training convergence-bucket 8 [44.2506, 46.9859) with 100 queries.
Average Recall: 0.90116
Initial average recall with ef=1000: 0.90462
Average Recall: 0.93937
Initial average recall with ef=1500: 0.94263
Weighted average ef: 1800
Training convergence-bucket 9 [46.9859, 50.0958) with 100 queries.
Average Recall: 0.91197
Initial average recall with ef=1000: 0.915344
Average Recall: 0.95356
Initial average recall with ef=1500: 0.949122
Weighted average ef: 1658.41
Training convergence-bucket 10 [50.0958, 53.149) with 100 queries.
Average Recall: 0.94901
Initial average recall with ef=1000: 0.959894
Average Recall: 0.9688
Initial average recall with ef=1500: 0.979308
Weighted average ef: 1118.62
Training convergence-bucket 11 [53.149, 56.7429) with 100 queries.
Average Recall: 0.96164
Initial average recall with ef=1000: 0.972611
Average Recall: 0.97626
Initial average recall with ef=1500: 0.986779
Weighted average ef: 1105
Training convergence-bucket 12 [56.7429, 60.5107) with 100 queries.
Average Recall: 0.98702
Initial average recall with ef=1000: 0.986825
Average Recall: 0.99435
Initial average recall with ef=1500: 0.994382
Weighted average ef: 970
Training convergence-bucket 13 [60.5107, 64.6342) with 100 queries.
Average Recall: 0.9944
Initial average recall with ef=1000: 0.995884
Average Recall: 0.99701
Initial average recall with ef=1500: 0.998105
Weighted average ef: 950
Training convergence-bucket 14 [64.6342, 68.4934) with 100 queries.
Average Recall: 0.99343
Initial average recall with ef=1000: 0.993458
Average Recall: 0.99622
Initial average recall with ef=1500: 0.996128
Weighted average ef: 940
Training convergence-bucket 15 [68.4934, 72.2459) with 100 queries.
Average Recall: 0.9943
Initial average recall with ef=1000: 0.995022
Average Recall: 0.99696
Initial average recall with ef=1500: 0.997153
Weighted average ef: 920
Training convergence-bucket 16 [72.2459, 76.5625) with 100 queries.
Average Recall: 0.98655
Initial average recall with ef=1000: 0.986125
Average Recall: 0.99081
Initial average recall with ef=1500: 0.99049
Weighted average ef: 960
Training convergence-bucket 17 [76.5625, 79.8512) with 100 queries.
Average Recall: 0.982
Initial average recall with ef=1000: 0.982505
Average Recall: 0.99099
Initial average recall with ef=1500: 0.991394
Weighted average ef: 990
Training convergence-bucket 18 [79.8512, 82.9183) with 100 queries.
Average Recall: 0.97132
Initial average recall with ef=1000: 0.97132
Average Recall: 0.98662
Initial average recall with ef=1500: 0.98662
Weighted average ef: 1000
Training convergence-bucket 19 [82.9183, inf) with 100 queries.
Average Recall: 0.95268
Initial average recall with ef=1000: 0.961899
Average Recall: 0.97096
Initial average recall with ef=1500: 0.980364
Weighted average ef: 990
Reconstructed True WAE: 2438.89 (Hard Pct: 0.0012)
Search time: 82880 ms
Search time: 82940 ms
Search time: 82563 ms
Average Recall: 0.96489
5th percentile recall: 0.831
1st percentile recall: 0.795
Median search time: 82880 ms
Search times: 82563 ms, 82880 ms, 82940 ms,
cluster_mg_zipf_100d experiment results:
statisc_length, time, avg_recall, 5th_percentile_recall, 1st_percentile_recall, recall_above_99, recall_above_95, recall_above_90
1025, 82880, 0.96489, 0.831, 0.795, 5713, 7679, 8608
Experiment finished
Starting ablation study tests: min_queries_per_score...




Dataset: deep-image-96-angular
Metric: cd
Normalize the data vectors
Data vectors dimensions: 9990000 x 96
Query vectors dimensions: 10000 x 96
Neighbors dimensions: 10000 x 100
Using AVX Inner Product distance
Index loaded
Dimension of space:96
Data size of space:384

--- min_queries_per_score: 0 ---

Loading samplings from /opt/nfs_dcc/experiments/shiro-ef/sampling/deep-image-96-angular-samplings--k100-ef.bin
Samplings loaded from /opt/nfs_dcc/experiments/shiro-ef/sampling/deep-image-96-angular-samplings--k100-ef.bin
Average Recall: 0.832827
Initial average recall with ef=100: 0.83283
Average Recall: 0.881806
Initial average recall with ef=150: 0.88181
Recall diff is too small for 1 consecutive steps, break.
Weighted average ef: 391.654
Training convergence-bucket 0 [26.0075, 43.8954) with 200 queries.
Average Recall: 0.6188
Initial average recall with ef=100: 0.6188
Average Recall: 0.69815
Initial average recall with ef=150: 0.69815
Recall diff is too small for 1 consecutive steps, break.
Recall diff is too small for 1 consecutive steps, break.
Recall diff is too small for 1 consecutive steps, break.
Recall diff is too small for 1 consecutive steps, break.
Recall diff is too small for 1 consecutive steps, break.
Recall diff is too small for 1 consecutive steps, break.
Weighted average ef: 1006.58
Training convergence-bucket 1 [43.8954, 48.0468) with 200 queries.
Average Recall: 0.6381
Initial average recall with ef=100: 0.6381
Average Recall: 0.71965
Initial average recall with ef=150: 0.71965
Recall diff is too small for 1 consecutive steps, break.
Recall diff is too small for 1 consecutive steps, break.
Weighted average ef: 923.93
Training convergence-bucket 2 [48.0468, 54.2325) with 200 queries.
Average Recall: 0.721
Initial average recall with ef=100: 0.721
Average Recall: 0.7971
Initial average recall with ef=150: 0.7971
Recall diff is too small for 1 consecutive steps, break.
Recall diff is too small for 1 consecutive steps, break.
Recall diff is too small for 1 consecutive steps, break.
Recall diff is too small for 1 consecutive steps, break.
Weighted average ef: 619.91
Training convergence-bucket 3 [54.2325, 58.2147) with 200 queries.
Average Recall: 0.8097
Initial average recall with ef=100: 0.8097
Average Recall: 0.87235
Initial average recall with ef=150: 0.87235
Recall diff is too small for 1 consecutive steps, break.
Recall diff is too small for 1 consecutive steps, break.
Weighted average ef: 349.315
Training convergence-bucket 4 [58.2147, 61.9856) with 200 queries.
Average Recall: 0.84295
Initial average recall with ef=100: 0.84295
Average Recall: 0.8986
Initial average recall with ef=150: 0.8986
Weighted average ef: 286.25
Training convergence-bucket 5 [61.9856, 65.8844) with 200 queries.
Average Recall: 0.88385
Initial average recall with ef=100: 0.88385
Average Recall: 0.9313
Initial average recall with ef=150: 0.9313
Recall diff is too small for 1 consecutive steps, break.
Recall diff is too small for 1 consecutive steps, break.
Weighted average ef: 214.865
Training convergence-bucket 6 [65.8844, 69.7634) with 200 queries.
Average Recall: 0.9161
Initial average recall with ef=100: 0.9161
Average Recall: 0.95205
Initial average recall with ef=150: 0.95205
Recall diff is too small for 1 consecutive steps, break.
Recall diff is too small for 1 consecutive steps, break.
Weighted average ef: 174.465
Training convergence-bucket 7 [69.7634, 74.0583) with 200 queries.
Average Recall: 0.95215
Initial average recall with ef=100: 0.95215
Average Recall: 0.97535
Initial average recall with ef=150: 0.97535
Weighted average ef: 123.745
Training convergence-bucket 8 [74.0583, 79.2991) with 200 queries.
Average Recall: 0.96275
Initial average recall with ef=100: 0.96275
Average Recall: 0.98315
Initial average recall with ef=150: 0.98315
Weighted average ef: 118.92
Training convergence-bucket 9 [79.2991, inf) with 200 queries.
Average Recall: 0.9829
Initial average recall with ef=100: 0.9829
Average Recall: 0.9904
Initial average recall with ef=150: 0.9904
Weighted average ef: 101.6
Reconstructed True WAE: 244.268 (Hard Pct: 0.0208)
Search time: 12401 ms
Search time: 12783 ms
Search time: 13181 ms
Average Recall: 0.978662
5th percentile recall: 0.93
1st percentile recall: 0.89
Median search time: 12783 ms
Search times: 12401 ms, 12783 ms, 13181 ms,
deep-image-96-angular experiment results:
statisc_length, time, avg_recall, 5th_percentile_recall, 1st_percentile_recall, recall_above_99, recall_above_95, recall_above_90
1025, 12783, 0.978662, 0.93, 0.89, 5269, 8479, 9824
Experiment finished

--- min_queries_per_score: 1 ---

Loading samplings from /opt/nfs_dcc/experiments/shiro-ef/sampling/deep-image-96-angular-samplings--k100-ef.bin
Samplings loaded from /opt/nfs_dcc/experiments/shiro-ef/sampling/deep-image-96-angular-samplings--k100-ef.bin
Average Recall: 0.832827
Initial average recall with ef=100: 0.83283
Average Recall: 0.881806
Initial average recall with ef=150: 0.88181
Recall diff is too small for 1 consecutive steps, break.
Weighted average ef: 391.654
Training convergence-bucket 0 [26.0075, 43.8954) with 200 queries.
Average Recall: 0.6188
Initial average recall with ef=100: 0.6188
Average Recall: 0.69815
Initial average recall with ef=150: 0.69815
Recall diff is too small for 1 consecutive steps, break.
Recall diff is too small for 1 consecutive steps, break.
Recall diff is too small for 1 consecutive steps, break.
Recall diff is too small for 1 consecutive steps, break.
Recall diff is too small for 1 consecutive steps, break.
Recall diff is too small for 1 consecutive steps, break.
Weighted average ef: 1006.58
Training convergence-bucket 1 [43.8954, 48.0468) with 200 queries.
Average Recall: 0.6381
Initial average recall with ef=100: 0.6381
Average Recall: 0.71965
Initial average recall with ef=150: 0.71965
Recall diff is too small for 1 consecutive steps, break.
Recall diff is too small for 1 consecutive steps, break.
Weighted average ef: 923.93
Training convergence-bucket 2 [48.0468, 54.2325) with 200 queries.
Average Recall: 0.721
Initial average recall with ef=100: 0.721
Average Recall: 0.7971
Initial average recall with ef=150: 0.7971
Recall diff is too small for 1 consecutive steps, break.
Recall diff is too small for 1 consecutive steps, break.
Recall diff is too small for 1 consecutive steps, break.
Recall diff is too small for 1 consecutive steps, break.
Weighted average ef: 619.91
Training convergence-bucket 3 [54.2325, 58.2147) with 200 queries.
Average Recall: 0.8097
Initial average recall with ef=100: 0.8097
Average Recall: 0.87235
Initial average recall with ef=150: 0.87235
Recall diff is too small for 1 consecutive steps, break.
Recall diff is too small for 1 consecutive steps, break.
Weighted average ef: 349.315
Training convergence-bucket 4 [58.2147, 61.9856) with 200 queries.
Average Recall: 0.84295
Initial average recall with ef=100: 0.84295
Average Recall: 0.8986
Initial average recall with ef=150: 0.8986
Weighted average ef: 286.25
Training convergence-bucket 5 [61.9856, 65.8844) with 200 queries.
Average Recall: 0.88385
Initial average recall with ef=100: 0.88385
Average Recall: 0.9313
Initial average recall with ef=150: 0.9313
Recall diff is too small for 1 consecutive steps, break.
Recall diff is too small for 1 consecutive steps, break.
Weighted average ef: 214.865
Training convergence-bucket 6 [65.8844, 69.7634) with 200 queries.
Average Recall: 0.9161
Initial average recall with ef=100: 0.9161
Average Recall: 0.95205
Initial average recall with ef=150: 0.95205
Recall diff is too small for 1 consecutive steps, break.
Recall diff is too small for 1 consecutive steps, break.
Weighted average ef: 174.465
Training convergence-bucket 7 [69.7634, 74.0583) with 200 queries.
Average Recall: 0.95215
Initial average recall with ef=100: 0.95215
Average Recall: 0.97535
Initial average recall with ef=150: 0.97535
Weighted average ef: 123.745
Training convergence-bucket 8 [74.0583, 79.2991) with 200 queries.
Average Recall: 0.96275
Initial average recall with ef=100: 0.96275
Average Recall: 0.98315
Initial average recall with ef=150: 0.98315
Weighted average ef: 118.92
Training convergence-bucket 9 [79.2991, inf) with 200 queries.
Average Recall: 0.9829
Initial average recall with ef=100: 0.9829
Average Recall: 0.9904
Initial average recall with ef=150: 0.9904
Weighted average ef: 101.6
Reconstructed True WAE: 244.268 (Hard Pct: 0.0208)
Search time: 13212 ms
Search time: 13245 ms
Search time: 12621 ms
Average Recall: 0.978662
5th percentile recall: 0.93
1st percentile recall: 0.89
Median search time: 13212 ms
Search times: 12621 ms, 13212 ms, 13245 ms,
deep-image-96-angular experiment results:
statisc_length, time, avg_recall, 5th_percentile_recall, 1st_percentile_recall, recall_above_99, recall_above_95, recall_above_90
1025, 13212, 0.978662, 0.93, 0.89, 5269, 8479, 9824
Experiment finished

--- min_queries_per_score: 3 ---

Loading samplings from /opt/nfs_dcc/experiments/shiro-ef/sampling/deep-image-96-angular-samplings--k100-ef.bin
Samplings loaded from /opt/nfs_dcc/experiments/shiro-ef/sampling/deep-image-96-angular-samplings--k100-ef.bin
Average Recall: 0.832827
Initial average recall with ef=100: 0.833511
Average Recall: 0.881806
Initial average recall with ef=150: 0.882422
Weighted average ef: 388.604
Training convergence-bucket 0 [26.0075, 43.8954) with 200 queries.
Average Recall: 0.6188
Initial average recall with ef=100: 0.619577
Average Recall: 0.69815
Initial average recall with ef=150: 0.699153
Recall diff is too small for 1 consecutive steps, break.
Weighted average ef: 942.05
Training convergence-bucket 1 [43.8954, 48.0468) with 200 queries.
Average Recall: 0.6381
Initial average recall with ef=100: 0.628895
Average Recall: 0.71965
Initial average recall with ef=150: 0.711713
Recall diff is too small for 1 consecutive steps, break.
Weighted average ef: 863.62
Training convergence-bucket 2 [48.0468, 54.2325) with 200 queries.
Average Recall: 0.721
Initial average recall with ef=100: 0.722033
Average Recall: 0.7971
Initial average recall with ef=150: 0.796593
Recall diff is too small for 1 consecutive steps, break.
Recall diff is too small for 1 consecutive steps, break.
Weighted average ef: 564.53
Training convergence-bucket 3 [54.2325, 58.2147) with 200 queries.
Average Recall: 0.8097
Initial average recall with ef=100: 0.805435
Average Recall: 0.87235
Initial average recall with ef=150: 0.869185
Recall diff is too small for 1 consecutive steps, break.
Weighted average ef: 327.14
Training convergence-bucket 4 [58.2147, 61.9856) with 200 queries.
Average Recall: 0.84295
Initial average recall with ef=100: 0.840924
Average Recall: 0.8986
Initial average recall with ef=150: 0.896793
Weighted average ef: 267.03
Training convergence-bucket 5 [61.9856, 65.8844) with 200 queries.
Average Recall: 0.88385
Initial average recall with ef=100: 0.885323
Average Recall: 0.9313
Initial average recall with ef=150: 0.932365
Recall diff is too small for 1 consecutive steps, break.
Weighted average ef: 196.535
Training convergence-bucket 6 [65.8844, 69.7634) with 200 queries.
Average Recall: 0.9161
Initial average recall with ef=100: 0.919553
Average Recall: 0.95205
Initial average recall with ef=150: 0.955084
Weighted average ef: 150.75
Training convergence-bucket 7 [69.7634, 74.0583) with 200 queries.
Average Recall: 0.95215
Initial average recall with ef=100: 0.952963
Average Recall: 0.97535
Initial average recall with ef=150: 0.976191
Weighted average ef: 115.375
Training convergence-bucket 8 [74.0583, 79.2991) with 200 queries.
Average Recall: 0.96275
Initial average recall with ef=100: 0.96492
Average Recall: 0.98315
Initial average recall with ef=150: 0.985027
Weighted average ef: 104.5
Training convergence-bucket 9 [79.2991, inf) with 200 queries.
Average Recall: 0.9829
Initial average recall with ef=100: 0.984162
Average Recall: 0.9904
Initial average recall with ef=150: 0.990973
Weighted average ef: 93.25
Reconstructed True WAE: 250.605 (Hard Pct: 0.0208)
Search time: 13247 ms
Search time: 13663 ms
Search time: 13713 ms
Average Recall: 0.980564
5th percentile recall: 0.93
1st percentile recall: 0.9
Median search time: 13663 ms
Search times: 13247 ms, 13663 ms, 13713 ms,
deep-image-96-angular experiment results:
statisc_length, time, avg_recall, 5th_percentile_recall, 1st_percentile_recall, recall_above_99, recall_above_95, recall_above_90
1025, 13663, 0.980564, 0.93, 0.9, 5585, 8699, 9859
Experiment finished

--- min_queries_per_score: 5 ---

Loading samplings from /opt/nfs_dcc/experiments/shiro-ef/sampling/deep-image-96-angular-samplings--k100-ef.bin
Samplings loaded from /opt/nfs_dcc/experiments/shiro-ef/sampling/deep-image-96-angular-samplings--k100-ef.bin
Average Recall: 0.832827
Initial average recall with ef=100: 0.834663
Average Recall: 0.881806
Initial average recall with ef=150: 0.883441
Weighted average ef: 382.459
Training convergence-bucket 0 [26.0075, 43.8954) with 200 queries.
Average Recall: 0.6188
Initial average recall with ef=100: 0.626264
Average Recall: 0.69815
Initial average recall with ef=150: 0.706494
Weighted average ef: 834.335
Training convergence-bucket 1 [43.8954, 48.0468) with 200 queries.
Average Recall: 0.6381
Initial average recall with ef=100: 0.621312
Average Recall: 0.71965
Initial average recall with ef=150: 0.70525
Weighted average ef: 779.62
Training convergence-bucket 2 [48.0468, 54.2325) with 200 queries.
Average Recall: 0.721
Initial average recall with ef=100: 0.721273
Average Recall: 0.7971
Initial average recall with ef=150: 0.795576
Recall diff is too small for 1 consecutive steps, break.
Weighted average ef: 508.475
Training convergence-bucket 3 [54.2325, 58.2147) with 200 queries.
Average Recall: 0.8097
Initial average recall with ef=100: 0.809197
Average Recall: 0.87235
Initial average recall with ef=150: 0.872839
Weighted average ef: 280.335
Training convergence-bucket 4 [58.2147, 61.9856) with 200 queries.
Average Recall: 0.84295
Initial average recall with ef=100: 0.838439
Average Recall: 0.8986
Initial average recall with ef=150: 0.894509
Weighted average ef: 255.28
Training convergence-bucket 5 [61.9856, 65.8844) with 200 queries.
Average Recall: 0.88385
Initial average recall with ef=100: 0.885823
Average Recall: 0.9313
Initial average recall with ef=150: 0.933101
Weighted average ef: 163.665
Training convergence-bucket 6 [65.8844, 69.7634) with 200 queries.
Average Recall: 0.9161
Initial average recall with ef=100: 0.918786
Average Recall: 0.95205
Initial average recall with ef=150: 0.954278
Weighted average ef: 146.25
Training convergence-bucket 7 [69.7634, 74.0583) with 200 queries.
Average Recall: 0.95215
Initial average recall with ef=100: 0.955655
Average Recall: 0.97535
Initial average recall with ef=150: 0.978333
Weighted average ef: 99.25
Training convergence-bucket 8 [74.0583, 79.2991) with 200 queries.
Average Recall: 0.96275
Initial average recall with ef=100: 0.964576
Average Recall: 0.98315
Initial average recall with ef=150: 0.984972
Weighted average ef: 99.5
Training convergence-bucket 9 [79.2991, inf) with 200 queries.
Average Recall: 0.9829
Initial average recall with ef=100: 0.985151
Average Recall: 0.9904
Initial average recall with ef=150: 0.991273
Weighted average ef: 82.5
Reconstructed True WAE: 249.164 (Hard Pct: 0.0208)
Search time: 13924 ms
Search time: 13478 ms
Search time: 13737 ms
Average Recall: 0.980972
5th percentile recall: 0.93
1st percentile recall: 0.9
Median search time: 13737 ms
Search times: 13478 ms, 13737 ms, 13924 ms,
deep-image-96-angular experiment results:
statisc_length, time, avg_recall, 5th_percentile_recall, 1st_percentile_recall, recall_above_99, recall_above_95, recall_above_90
1025, 13737, 0.980972, 0.93, 0.9, 5655, 8748, 9868
Experiment finished


Dataset: glove-100-angular
Metric: cd
Normalize the data vectors
Data vectors dimensions: 1183514 x 100
Query vectors dimensions: 10000 x 100
Neighbors dimensions: 10000 x 100
Using AVX Inner Product distance
Index loaded
Dimension of space:100
Data size of space:400

--- min_queries_per_score: 0 ---

Loading samplings from /opt/nfs_dcc/experiments/shiro-ef/sampling/glove-100-angular-samplings--k100-ef.bin
Samplings loaded from /opt/nfs_dcc/experiments/shiro-ef/sampling/glove-100-angular-samplings--k100-ef.bin
Average Recall: 0.740274
Initial average recall with ef=100: 0.739858
Average Recall: 0.783474
Initial average recall with ef=150: 0.783085
Recall diff is too small for 1 consecutive steps, break.
Recall diff is too small for 1 consecutive steps, break.
Recall diff is too small for 1 consecutive steps, break.
Recall diff is too small for 1 consecutive steps, break.
Weighted average ef: 1445.91
Training convergence-bucket 0 [16.463, 33.7761) with 200 queries.
Average Recall: 0.469
Initial average recall with ef=100: 0.469
Average Recall: 0.5201
Initial average recall with ef=150: 0.5201
Recall diff is too small for 1 consecutive steps, break.
Recall diff is too small for 1 consecutive steps, break.
Recall diff is too small for 1 consecutive steps, break.
Recall diff is too small for 1 consecutive steps, break.
Weighted average ef: 4156.58
Training convergence-bucket 1 [33.7761, 41.0899) with 200 queries.
Average Recall: 0.491055
Initial average recall with ef=100: 0.4886
Average Recall: 0.547236
Initial average recall with ef=150: 0.5445
Recall diff is too small for 1 consecutive steps, break.
Recall diff is too small for 1 consecutive steps, break.
Recall diff is too small for 1 consecutive steps, break.
Recall diff is too small for 1 consecutive steps, break.
Recall diff is too small for 1 consecutive steps, break.
Recall diff is too small for 1 consecutive steps, break.
Weighted average ef: 3564.27
Training convergence-bucket 2 [41.0899, 46.8379) with 200 queries.
Average Recall: 0.55415
Initial average recall with ef=100: 0.55415
Average Recall: 0.61165
Initial average recall with ef=150: 0.61165
Recall diff is too small for 1 consecutive steps, break.
Recall diff is too small for 1 consecutive steps, break.
Recall diff is too small for 1 consecutive steps, break.
Recall diff is too small for 1 consecutive steps, break.
Recall diff is too small for 1 consecutive steps, break.
Recall diff is too small for 1 consecutive steps, break.
Recall diff is too small for 1 consecutive steps, break.
Recall diff is too small for 1 consecutive steps, break.
Recall diff is too small for 1 consecutive steps, break.
Recall diff is too small for 1 consecutive steps, break.
Recall diff is too small for 1 consecutive steps, break.
Weighted average ef: 2970.9
Training convergence-bucket 3 [46.8379, 52.16) with 200 queries.
Average Recall: 0.6619
Initial average recall with ef=100: 0.6619
Average Recall: 0.72235
Initial average recall with ef=150: 0.72235
Recall diff is too small for 1 consecutive steps, break.
Recall diff is too small for 1 consecutive steps, break.
Recall diff is too small for 1 consecutive steps, break.
Weighted average ef: 1812.61
Training convergence-bucket 4 [52.16, 57.5932) with 200 queries.
Average Recall: 0.7206
Initial average recall with ef=100: 0.7206
Average Recall: 0.77625
Initial average recall with ef=150: 0.77625
Recall diff is too small for 1 consecutive steps, break.
Recall diff is too small for 1 consecutive steps, break.
Recall diff is too small for 1 consecutive steps, break.
Weighted average ef: 1269.03
Training convergence-bucket 5 [57.5932, 62.6179) with 200 queries.
Average Recall: 0.8243
Initial average recall with ef=100: 0.8243
Average Recall: 0.87345
Initial average recall with ef=150: 0.87345
Recall diff is too small for 1 consecutive steps, break.
Recall diff is too small for 1 consecutive steps, break.
Weighted average ef: 601.665
Training convergence-bucket 6 [62.6179, 67.9612) with 200 queries.
Average Recall: 0.8636
Initial average recall with ef=100: 0.8636
Average Recall: 0.9032
Initial average recall with ef=150: 0.9032
Recall diff is too small for 1 consecutive steps, break.
Weighted average ef: 416.995
Training convergence-bucket 7 [67.9612, 73.0703) with 200 queries.
Average Recall: 0.90545
Initial average recall with ef=100: 0.90545
Average Recall: 0.9339
Initial average recall with ef=150: 0.9339
Recall diff is too small for 1 consecutive steps, break.
Recall diff is too small for 1 consecutive steps, break.
Weighted average ef: 360.005
Training convergence-bucket 8 [73.0703, 78.3455) with 200 queries.
Average Recall: 0.943601
Initial average recall with ef=100: 0.9436
Average Recall: 0.9657
Initial average recall with ef=150: 0.9657
Weighted average ef: 169.745
Training convergence-bucket 9 [78.3455, inf) with 200 queries.
Average Recall: 0.967851
Initial average recall with ef=100: 0.96785
Average Recall: 0.97975
Initial average recall with ef=150: 0.97975
Recall diff is too small for 1 consecutive steps, break.
Recall diff is too small for 1 consecutive steps, break.
Weighted average ef: 160.165
Reconstructed True WAE: 1346.49 (Hard Pct: 0.0065)
Search time: 56837 ms
Search time: 56805 ms
Search time: 56738 ms
Average Recall: 0.977334
5th percentile recall: 0.91
1st percentile recall: 0.87
Median search time: 56805 ms
Search times: 56738 ms, 56805 ms, 56837 ms,
glove-100-angular experiment results:
statisc_length, time, avg_recall, 5th_percentile_recall, 1st_percentile_recall, recall_above_99, recall_above_95, recall_above_90
1025, 56805, 0.977334, 0.91, 0.87, 5856, 8045, 9588
Experiment finished

--- min_queries_per_score: 1 ---

Loading samplings from /opt/nfs_dcc/experiments/shiro-ef/sampling/glove-100-angular-samplings--k100-ef.bin
Samplings loaded from /opt/nfs_dcc/experiments/shiro-ef/sampling/glove-100-angular-samplings--k100-ef.bin
Average Recall: 0.740274
Initial average recall with ef=100: 0.739905
Average Recall: 0.783474
Initial average recall with ef=150: 0.783085
Recall diff is too small for 1 consecutive steps, break.
Recall diff is too small for 1 consecutive steps, break.
Recall diff is too small for 1 consecutive steps, break.
Recall diff is too small for 1 consecutive steps, break.
Weighted average ef: 1446.11
Training convergence-bucket 0 [16.463, 33.7761) with 200 queries.
Average Recall: 0.469
Initial average recall with ef=100: 0.469
Average Recall: 0.5201
Initial average recall with ef=150: 0.5201
Recall diff is too small for 1 consecutive steps, break.
Recall diff is too small for 1 consecutive steps, break.
Recall diff is too small for 1 consecutive steps, break.
Recall diff is too small for 1 consecutive steps, break.
Weighted average ef: 4156.58
Training convergence-bucket 1 [33.7761, 41.0899) with 200 queries.
Average Recall: 0.491055
Initial average recall with ef=100: 0.4886
Average Recall: 0.547236
Initial average recall with ef=150: 0.5445
Recall diff is too small for 1 consecutive steps, break.
Recall diff is too small for 1 consecutive steps, break.
Recall diff is too small for 1 consecutive steps, break.
Recall diff is too small for 1 consecutive steps, break.
Recall diff is too small for 1 consecutive steps, break.
Recall diff is too small for 1 consecutive steps, break.
Weighted average ef: 3564.27
Training convergence-bucket 2 [41.0899, 46.8379) with 200 queries.
Average Recall: 0.55415
Initial average recall with ef=100: 0.55415
Average Recall: 0.61165
Initial average recall with ef=150: 0.61165
Recall diff is too small for 1 consecutive steps, break.
Recall diff is too small for 1 consecutive steps, break.
Recall diff is too small for 1 consecutive steps, break.
Recall diff is too small for 1 consecutive steps, break.
Recall diff is too small for 1 consecutive steps, break.
Recall diff is too small for 1 consecutive steps, break.
Recall diff is too small for 1 consecutive steps, break.
Recall diff is too small for 1 consecutive steps, break.
Recall diff is too small for 1 consecutive steps, break.
Recall diff is too small for 1 consecutive steps, break.
Recall diff is too small for 1 consecutive steps, break.
Weighted average ef: 2970.9
Training convergence-bucket 3 [46.8379, 52.16) with 200 queries.
Average Recall: 0.6619
Initial average recall with ef=100: 0.6619
Average Recall: 0.72235
Initial average recall with ef=150: 0.72235
Recall diff is too small for 1 consecutive steps, break.
Recall diff is too small for 1 consecutive steps, break.
Recall diff is too small for 1 consecutive steps, break.
Weighted average ef: 1812.61
Training convergence-bucket 4 [52.16, 57.5932) with 200 queries.
Average Recall: 0.7206
Initial average recall with ef=100: 0.7206
Average Recall: 0.77625
Initial average recall with ef=150: 0.77625
Recall diff is too small for 1 consecutive steps, break.
Recall diff is too small for 1 consecutive steps, break.
Recall diff is too small for 1 consecutive steps, break.
Weighted average ef: 1269.03
Training convergence-bucket 5 [57.5932, 62.6179) with 200 queries.
Average Recall: 0.8243
Initial average recall with ef=100: 0.8243
Average Recall: 0.87345
Initial average recall with ef=150: 0.87345
Recall diff is too small for 1 consecutive steps, break.
Recall diff is too small for 1 consecutive steps, break.
Weighted average ef: 601.665
Training convergence-bucket 6 [62.6179, 67.9612) with 200 queries.
Average Recall: 0.8636
Initial average recall with ef=100: 0.8636
Average Recall: 0.9032
Initial average recall with ef=150: 0.9032
Recall diff is too small for 1 consecutive steps, break.
Weighted average ef: 416.995
Training convergence-bucket 7 [67.9612, 73.0703) with 200 queries.
Average Recall: 0.90545
Initial average recall with ef=100: 0.90545
Average Recall: 0.9339
Initial average recall with ef=150: 0.9339
Recall diff is too small for 1 consecutive steps, break.
Recall diff is too small for 1 consecutive steps, break.
Weighted average ef: 360.005
Training convergence-bucket 8 [73.0703, 78.3455) with 200 queries.
Average Recall: 0.943601
Initial average recall with ef=100: 0.9436
Average Recall: 0.9657
Initial average recall with ef=150: 0.9657
Weighted average ef: 169.745
Training convergence-bucket 9 [78.3455, inf) with 200 queries.
Average Recall: 0.967851
Initial average recall with ef=100: 0.96785
Average Recall: 0.97975
Initial average recall with ef=150: 0.97975
Recall diff is too small for 1 consecutive steps, break.
Recall diff is too small for 1 consecutive steps, break.
Weighted average ef: 160.165
Reconstructed True WAE: 1346.49 (Hard Pct: 0.0065)
Search time: 60960 ms
Search time: 58133 ms
Search time: 57674 ms
Average Recall: 0.977334
5th percentile recall: 0.91
1st percentile recall: 0.87
Median search time: 58133 ms
Search times: 57674 ms, 58133 ms, 60960 ms,
glove-100-angular experiment results:
statisc_length, time, avg_recall, 5th_percentile_recall, 1st_percentile_recall, recall_above_99, recall_above_95, recall_above_90
1025, 58133, 0.977334, 0.91, 0.87, 5856, 8045, 9588
Experiment finished

--- min_queries_per_score: 3 ---

Loading samplings from /opt/nfs_dcc/experiments/shiro-ef/sampling/glove-100-angular-samplings--k100-ef.bin
Samplings loaded from /opt/nfs_dcc/experiments/shiro-ef/sampling/glove-100-angular-samplings--k100-ef.bin
Average Recall: 0.740274
Initial average recall with ef=100: 0.739342
Average Recall: 0.783474
Initial average recall with ef=150: 0.782607
Recall diff is too small for 1 consecutive steps, break.
Recall diff is too small for 1 consecutive steps, break.
Recall diff is too small for 1 consecutive steps, break.
Recall diff is too small for 1 consecutive steps, break.
Weighted average ef: 1445.06
Training convergence-bucket 0 [16.463, 33.7761) with 200 queries.
Average Recall: 0.469
Initial average recall with ef=100: 0.452324
Average Recall: 0.5201
Initial average recall with ef=150: 0.504108
Recall diff is too small for 1 consecutive steps, break.
Recall diff is too small for 1 consecutive steps, break.
Weighted average ef: 4022.88
Training convergence-bucket 1 [33.7761, 41.0899) with 200 queries.
Average Recall: 0.491055
Initial average recall with ef=100: 0.483333
Average Recall: 0.547236
Initial average recall with ef=150: 0.53963
Recall diff is too small for 1 consecutive steps, break.
Recall diff is too small for 1 consecutive steps, break.
Weighted average ef: 3484.56
Training convergence-bucket 2 [41.0899, 46.8379) with 200 queries.
Average Recall: 0.55415
Initial average recall with ef=100: 0.540778
Average Recall: 0.61165
Initial average recall with ef=150: 0.598667
Recall diff is too small for 1 consecutive steps, break.
Recall diff is too small for 1 consecutive steps, break.
Recall diff is too small for 1 consecutive steps, break.
Recall diff is too small for 1 consecutive steps, break.
Weighted average ef: 2774.24
Training convergence-bucket 3 [46.8379, 52.16) with 200 queries.
Average Recall: 0.6619
Initial average recall with ef=100: 0.651167
Average Recall: 0.72235
Initial average recall with ef=150: 0.713222
Weighted average ef: 1690.87
Training convergence-bucket 4 [52.16, 57.5932) with 200 queries.
Average Recall: 0.7206
Initial average recall with ef=100: 0.717778
Average Recall: 0.77625
Initial average recall with ef=150: 0.773055
Recall diff is too small for 1 consecutive steps, break.
Weighted average ef: 1129.4
Training convergence-bucket 5 [57.5932, 62.6179) with 200 queries.
Average Recall: 0.8243
Initial average recall with ef=100: 0.822804
Average Recall: 0.87345
Initial average recall with ef=150: 0.871005
Weighted average ef: 581.99
Training convergence-bucket 6 [62.6179, 67.9612) with 200 queries.
Average Recall: 0.8636
Initial average recall with ef=100: 0.854943
Average Recall: 0.9032
Initial average recall with ef=150: 0.896591
Recall diff is too small for 1 consecutive steps, break.
Weighted average ef: 364.325
Training convergence-bucket 7 [67.9612, 73.0703) with 200 queries.
Average Recall: 0.90545
Initial average recall with ef=100: 0.9125
Average Recall: 0.9339
Initial average recall with ef=150: 0.942439
Weighted average ef: 197.65
Training convergence-bucket 8 [73.0703, 78.3455) with 200 queries.
Average Recall: 0.943601
Initial average recall with ef=100: 0.94267
Average Recall: 0.9657
Initial average recall with ef=150: 0.965079
Weighted average ef: 162.59
Training convergence-bucket 9 [78.3455, inf) with 200 queries.
Average Recall: 0.967851
Initial average recall with ef=100: 0.97095
Average Recall: 0.97975
Initial average recall with ef=150: 0.982905
Weighted average ef: 119.905
Reconstructed True WAE: 1341.46 (Hard Pct: 0.0065)
Search time: 58290 ms
Search time: 58126 ms
Search time: 59507 ms
Average Recall: 0.977804
5th percentile recall: 0.91
1st percentile recall: 0.87
Median search time: 58290 ms
Search times: 58126 ms, 58290 ms, 59507 ms,
glove-100-angular experiment results:
statisc_length, time, avg_recall, 5th_percentile_recall, 1st_percentile_recall, recall_above_99, recall_above_95, recall_above_90
1025, 58290, 0.977804, 0.91, 0.87, 5863, 8080, 9628
Experiment finished

--- min_queries_per_score: 5 ---

Loading samplings from /opt/nfs_dcc/experiments/shiro-ef/sampling/glove-100-angular-samplings--k100-ef.bin
Samplings loaded from /opt/nfs_dcc/experiments/shiro-ef/sampling/glove-100-angular-samplings--k100-ef.bin
Average Recall: 0.740274
Initial average recall with ef=100: 0.739421
Average Recall: 0.783474
Initial average recall with ef=150: 0.782708
Recall diff is too small for 1 consecutive steps, break.
Recall diff is too small for 1 consecutive steps, break.
Recall diff is too small for 1 consecutive steps, break.
Recall diff is too small for 1 consecutive steps, break.
Weighted average ef: 1444.11
Training convergence-bucket 0 [16.463, 33.7761) with 200 queries.
Average Recall: 0.469
Initial average recall with ef=100: 0.42975
Average Recall: 0.5201
Initial average recall with ef=150: 0.481688
Recall diff is too small for 1 consecutive steps, break.
Weighted average ef: 3716.92
Training convergence-bucket 1 [33.7761, 41.0899) with 200 queries.
Average Recall: 0.491055
Initial average recall with ef=100: 0.481889
Average Recall: 0.547236
Initial average recall with ef=150: 0.537111
Recall diff is too small for 1 consecutive steps, break.
Recall diff is too small for 1 consecutive steps, break.
Weighted average ef: 3363.78
Training convergence-bucket 2 [41.0899, 46.8379) with 200 queries.
Average Recall: 0.55415
Initial average recall with ef=100: 0.522733
Average Recall: 0.61165
Initial average recall with ef=150: 0.58087
Recall diff is too small for 1 consecutive steps, break.
Recall diff is too small for 1 consecutive steps, break.
Recall diff is too small for 1 consecutive steps, break.
Weighted average ef: 2586.8
Training convergence-bucket 3 [46.8379, 52.16) with 200 queries.
Average Recall: 0.6619
Initial average recall with ef=100: 0.642651
Average Recall: 0.72235
Initial average recall with ef=150: 0.705482
Weighted average ef: 1600.82
Training convergence-bucket 4 [52.16, 57.5932) with 200 queries.
Average Recall: 0.7206
Initial average recall with ef=100: 0.705976
Average Recall: 0.77625
Initial average recall with ef=150: 0.762683
Recall diff is too small for 1 consecutive steps, break.
Weighted average ef: 1099.41
Training convergence-bucket 5 [57.5932, 62.6179) with 200 queries.
Average Recall: 0.8243
Initial average recall with ef=100: 0.815657
Average Recall: 0.87345
Initial average recall with ef=150: 0.864972
Weighted average ef: 568.24
Training convergence-bucket 6 [62.6179, 67.9612) with 200 queries.
Average Recall: 0.8636
Initial average recall with ef=100: 0.853776
Average Recall: 0.9032
Initial average recall with ef=150: 0.896433
Weighted average ef: 288.79
Training convergence-bucket 7 [67.9612, 73.0703) with 200 queries.
Average Recall: 0.90545
Initial average recall with ef=100: 0.908014
Average Recall: 0.9339
Initial average recall with ef=150: 0.938582
Weighted average ef: 189.17
Training convergence-bucket 8 [73.0703, 78.3455) with 200 queries.
Average Recall: 0.943601
Initial average recall with ef=100: 0.942358
Average Recall: 0.9657
Initial average recall with ef=150: 0.964553
Weighted average ef: 108.345
Training convergence-bucket 9 [78.3455, inf) with 200 queries.
Average Recall: 0.967851
Initial average recall with ef=100: 0.975
Average Recall: 0.97975
Initial average recall with ef=150: 0.98621
Weighted average ef: 70.25
Reconstructed True WAE: 1367.91 (Hard Pct: 0.0065)
Search time: 58648 ms
Search time: 58126 ms
Search time: 57753 ms
Average Recall: 0.977844
5th percentile recall: 0.91
1st percentile recall: 0.87
Median search time: 58126 ms
Search times: 57753 ms, 58126 ms, 58648 ms,
glove-100-angular experiment results:
statisc_length, time, avg_recall, 5th_percentile_recall, 1st_percentile_recall, recall_above_99, recall_above_95, recall_above_90
1025, 58126, 0.977844, 0.91, 0.87, 5892, 8090, 9618
Experiment finished


Dataset: word2vec-300-angular
Metric: cd
Normalize the data vectors
Data vectors dimensions: 1000000 x 300
Query vectors dimensions: 1000 x 300
Neighbors dimensions: 1000 x 100
Using AVX Inner Product distance
Index loaded
Dimension of space:300
Data size of space:1200

--- min_queries_per_score: 0 ---

Loading samplings from /opt/nfs_dcc/experiments/shiro-ef/sampling/word2vec-300-angular-samplings--k100-ef.bin
Samplings loaded from /opt/nfs_dcc/experiments/shiro-ef/sampling/word2vec-300-angular-samplings--k100-ef.bin
Average Recall: 0.823151
Initial average recall with ef=100: 0.823155
Average Recall: 0.869401
Initial average recall with ef=150: 0.869405
Weighted average ef: 431.483
Training convergence-bucket 0 [17.3626, 42.1819) with 200 queries.
Average Recall: 0.5901
Initial average recall with ef=100: 0.5901
Average Recall: 0.66845
Initial average recall with ef=150: 0.66845
Recall diff is too small for 1 consecutive steps, break.
Recall diff is too small for 1 consecutive steps, break.
Recall diff is too small for 1 consecutive steps, break.
Recall diff is too small for 1 consecutive steps, break.
Recall diff is too small for 1 consecutive steps, break.
Weighted average ef: 928.935
Training convergence-bucket 1 [42.1819, 45.894) with 200 queries.
Average Recall: 0.63195
Initial average recall with ef=100: 0.63195
Average Recall: 0.71825
Initial average recall with ef=150: 0.71825
Recall diff is too small for 1 consecutive steps, break.
Recall diff is too small for 1 consecutive steps, break.
Recall diff is too small for 1 consecutive steps, break.
Recall diff is too small for 1 consecutive steps, break.
Recall diff is too small for 1 consecutive steps, break.
Recall diff is too small for 1 consecutive steps, break.
Recall diff is too small for 1 consecutive steps, break.
Recall diff is too small for 1 consecutive steps, break.
Weighted average ef: 874.905
Training convergence-bucket 2 [45.894, 52.1049) with 200 queries.
Average Recall: 0.6673
Initial average recall with ef=100: 0.6673
Average Recall: 0.73735
Initial average recall with ef=150: 0.73735
Recall diff is too small for 1 consecutive steps, break.
Recall diff is too small for 1 consecutive steps, break.
Recall diff is too small for 1 consecutive steps, break.
Recall diff is too small for 1 consecutive steps, break.
Recall diff is too small for 1 consecutive steps, break.
Recall diff is too small for 1 consecutive steps, break.
Recall diff is too small for 1 consecutive steps, break.
Weighted average ef: 826.205
Training convergence-bucket 3 [52.1049, 58.8628) with 200 queries.
Average Recall: 0.7934
Initial average recall with ef=100: 0.7934
Average Recall: 0.8508
Initial average recall with ef=150: 0.8508
Recall diff is too small for 1 consecutive steps, break.
Recall diff is too small for 1 consecutive steps, break.
Recall diff is too small for 1 consecutive steps, break.
Recall diff is too small for 1 consecutive steps, break.
Recall diff is too small for 1 consecutive steps, break.
Recall diff is too small for 1 consecutive steps, break.
Recall diff is too small for 1 consecutive steps, break.
Recall diff is too small for 1 consecutive steps, break.
Weighted average ef: 563.765
Training convergence-bucket 4 [58.8628, 64.0561) with 200 queries.
Average Recall: 0.85905
Initial average recall with ef=100: 0.85905
Average Recall: 0.90425
Initial average recall with ef=150: 0.90425
Recall diff is too small for 1 consecutive steps, break.
Weighted average ef: 326.045
Training convergence-bucket 5 [64.0561, 68.1161) with 200 queries.
Average Recall: 0.8934
Initial average recall with ef=100: 0.8934
Average Recall: 0.93185
Initial average recall with ef=150: 0.93185
Recall diff is too small for 1 consecutive steps, break.
Weighted average ef: 239.89
Training convergence-bucket 6 [68.1161, 71.116) with 200 queries.
Average Recall: 0.91845
Initial average recall with ef=100: 0.91845
Average Recall: 0.9495
Initial average recall with ef=150: 0.9495
Recall diff is too small for 1 consecutive steps, break.
Recall diff is too small for 1 consecutive steps, break.
Recall diff is too small for 1 consecutive steps, break.
Weighted average ef: 186.885
Training convergence-bucket 7 [71.116, 74.5257) with 200 queries.
Average Recall: 0.94465
Initial average recall with ef=100: 0.94465
Average Recall: 0.9699
Initial average recall with ef=150: 0.9699
Weighted average ef: 143.225
Training convergence-bucket 8 [74.5257, 77.8442) with 200 queries.
Average Recall: 0.957251
Initial average recall with ef=100: 0.95725
Average Recall: 0.97635
Initial average recall with ef=150: 0.97635
Recall diff is too small for 1 consecutive steps, break.
Weighted average ef: 121.785
Training convergence-bucket 9 [77.8442, inf) with 200 queries.
Average Recall: 0.976001
Initial average recall with ef=100: 0.976
Average Recall: 0.98735
Initial average recall with ef=150: 0.98735
Weighted average ef: 112.46
Reconstructed True WAE: 286.856 (Hard Pct: 0.02435)
Search time: 2224 ms
Search time: 2311 ms
Search time: 2221 ms
Average Recall: 0.97256
5th percentile recall: 0.88
1st percentile recall: 0.77
Median search time: 2224 ms
Search times: 2221 ms, 2224 ms, 2311 ms,
word2vec-300-angular experiment results:
statisc_length, time, avg_recall, 5th_percentile_recall, 1st_percentile_recall, recall_above_99, recall_above_95, recall_above_90
1025, 2224, 0.97256, 0.88, 0.77, 597, 801, 922
Experiment finished

--- min_queries_per_score: 1 ---

Loading samplings from /opt/nfs_dcc/experiments/shiro-ef/sampling/word2vec-300-angular-samplings--k100-ef.bin
Samplings loaded from /opt/nfs_dcc/experiments/shiro-ef/sampling/word2vec-300-angular-samplings--k100-ef.bin
Average Recall: 0.823151
Initial average recall with ef=100: 0.823155
Average Recall: 0.869401
Initial average recall with ef=150: 0.869405
Weighted average ef: 431.483
Training convergence-bucket 0 [17.3626, 42.1819) with 200 queries.
Average Recall: 0.5901
Initial average recall with ef=100: 0.5901
Average Recall: 0.66845
Initial average recall with ef=150: 0.66845
Recall diff is too small for 1 consecutive steps, break.
Recall diff is too small for 1 consecutive steps, break.
Recall diff is too small for 1 consecutive steps, break.
Recall diff is too small for 1 consecutive steps, break.
Recall diff is too small for 1 consecutive steps, break.
Weighted average ef: 928.935
Training convergence-bucket 1 [42.1819, 45.894) with 200 queries.
Average Recall: 0.63195
Initial average recall with ef=100: 0.63195
Average Recall: 0.71825
Initial average recall with ef=150: 0.71825
Recall diff is too small for 1 consecutive steps, break.
Recall diff is too small for 1 consecutive steps, break.
Recall diff is too small for 1 consecutive steps, break.
Recall diff is too small for 1 consecutive steps, break.
Recall diff is too small for 1 consecutive steps, break.
Recall diff is too small for 1 consecutive steps, break.
Recall diff is too small for 1 consecutive steps, break.
Recall diff is too small for 1 consecutive steps, break.
Weighted average ef: 874.905
Training convergence-bucket 2 [45.894, 52.1049) with 200 queries.
Average Recall: 0.6673
Initial average recall with ef=100: 0.6673
Average Recall: 0.73735
Initial average recall with ef=150: 0.73735
Recall diff is too small for 1 consecutive steps, break.
Recall diff is too small for 1 consecutive steps, break.
Recall diff is too small for 1 consecutive steps, break.
Recall diff is too small for 1 consecutive steps, break.
Recall diff is too small for 1 consecutive steps, break.
Recall diff is too small for 1 consecutive steps, break.
Recall diff is too small for 1 consecutive steps, break.
Weighted average ef: 826.205
Training convergence-bucket 3 [52.1049, 58.8628) with 200 queries.
Average Recall: 0.7934
Initial average recall with ef=100: 0.7934
Average Recall: 0.8508
Initial average recall with ef=150: 0.8508
Recall diff is too small for 1 consecutive steps, break.
Recall diff is too small for 1 consecutive steps, break.
Recall diff is too small for 1 consecutive steps, break.
Recall diff is too small for 1 consecutive steps, break.
Recall diff is too small for 1 consecutive steps, break.
Recall diff is too small for 1 consecutive steps, break.
Recall diff is too small for 1 consecutive steps, break.
Recall diff is too small for 1 consecutive steps, break.
Weighted average ef: 563.765
Training convergence-bucket 4 [58.8628, 64.0561) with 200 queries.
Average Recall: 0.85905
Initial average recall with ef=100: 0.85905
Average Recall: 0.90425
Initial average recall with ef=150: 0.90425
Recall diff is too small for 1 consecutive steps, break.
Weighted average ef: 326.045
Training convergence-bucket 5 [64.0561, 68.1161) with 200 queries.
Average Recall: 0.8934
Initial average recall with ef=100: 0.8934
Average Recall: 0.93185
Initial average recall with ef=150: 0.93185
Recall diff is too small for 1 consecutive steps, break.
Weighted average ef: 239.89
Training convergence-bucket 6 [68.1161, 71.116) with 200 queries.
Average Recall: 0.91845
Initial average recall with ef=100: 0.91845
Average Recall: 0.9495
Initial average recall with ef=150: 0.9495
Recall diff is too small for 1 consecutive steps, break.
Recall diff is too small for 1 consecutive steps, break.
Recall diff is too small for 1 consecutive steps, break.
Weighted average ef: 186.885
Training convergence-bucket 7 [71.116, 74.5257) with 200 queries.
Average Recall: 0.94465
Initial average recall with ef=100: 0.94465
Average Recall: 0.9699
Initial average recall with ef=150: 0.9699
Weighted average ef: 143.225
Training convergence-bucket 8 [74.5257, 77.8442) with 200 queries.
Average Recall: 0.957251
Initial average recall with ef=100: 0.95725
Average Recall: 0.97635
Initial average recall with ef=150: 0.97635
Recall diff is too small for 1 consecutive steps, break.
Weighted average ef: 121.785
Training convergence-bucket 9 [77.8442, inf) with 200 queries.
Average Recall: 0.976001
Initial average recall with ef=100: 0.976
Average Recall: 0.98735
Initial average recall with ef=150: 0.98735
Weighted average ef: 112.46
Reconstructed True WAE: 286.856 (Hard Pct: 0.02435)
Search time: 2222 ms
Search time: 2222 ms
Search time: 2223 ms
Average Recall: 0.97256
5th percentile recall: 0.88
1st percentile recall: 0.77
Median search time: 2222 ms
Search times: 2222 ms, 2222 ms, 2223 ms,
word2vec-300-angular experiment results:
statisc_length, time, avg_recall, 5th_percentile_recall, 1st_percentile_recall, recall_above_99, recall_above_95, recall_above_90
1025, 2222, 0.97256, 0.88, 0.77, 597, 801, 922
Experiment finished

--- min_queries_per_score: 3 ---

Loading samplings from /opt/nfs_dcc/experiments/shiro-ef/sampling/word2vec-300-angular-samplings--k100-ef.bin
Samplings loaded from /opt/nfs_dcc/experiments/shiro-ef/sampling/word2vec-300-angular-samplings--k100-ef.bin
Average Recall: 0.823151
Initial average recall with ef=100: 0.82403
Average Recall: 0.869401
Initial average recall with ef=150: 0.870276
Weighted average ef: 429.833
Training convergence-bucket 0 [17.3626, 42.1819) with 200 queries.
Average Recall: 0.5901
Initial average recall with ef=100: 0.599355
Average Recall: 0.66845
Initial average recall with ef=150: 0.678333
Recall diff is too small for 1 consecutive steps, break.
Recall diff is too small for 1 consecutive steps, break.
Weighted average ef: 868.505
Training convergence-bucket 1 [42.1819, 45.894) with 200 queries.
Average Recall: 0.63195
Initial average recall with ef=100: 0.636409
Average Recall: 0.71825
Initial average recall with ef=150: 0.722873
Recall diff is too small for 1 consecutive steps, break.
Weighted average ef: 803.32
Training convergence-bucket 2 [45.894, 52.1049) with 200 queries.
Average Recall: 0.6673
Initial average recall with ef=100: 0.658462
Average Recall: 0.73735
Initial average recall with ef=150: 0.730604
Recall diff is too small for 1 consecutive steps, break.
Recall diff is too small for 1 consecutive steps, break.
Recall diff is too small for 1 consecutive steps, break.
Weighted average ef: 781.545
Training convergence-bucket 3 [52.1049, 58.8628) with 200 queries.
Average Recall: 0.7934
Initial average recall with ef=100: 0.792768
Average Recall: 0.8508
Initial average recall with ef=150: 0.851525
Recall diff is too small for 1 consecutive steps, break.
Recall diff is too small for 1 consecutive steps, break.
Recall diff is too small for 1 consecutive steps, break.
Recall diff is too small for 1 consecutive steps, break.
Weighted average ef: 495.95
Training convergence-bucket 4 [58.8628, 64.0561) with 200 queries.
Average Recall: 0.85905
Initial average recall with ef=100: 0.856687
Average Recall: 0.90425
Initial average recall with ef=150: 0.904458
Weighted average ef: 255.955
Training convergence-bucket 5 [64.0561, 68.1161) with 200 queries.
Average Recall: 0.8934
Initial average recall with ef=100: 0.888883
Average Recall: 0.93185
Initial average recall with ef=150: 0.92905
Weighted average ef: 222.85
Training convergence-bucket 6 [68.1161, 71.116) with 200 queries.
Average Recall: 0.91845
Initial average recall with ef=100: 0.920471
Average Recall: 0.9495
Initial average recall with ef=150: 0.950647
Weighted average ef: 157.605
Training convergence-bucket 7 [71.116, 74.5257) with 200 queries.
Average Recall: 0.94465
Initial average recall with ef=100: 0.94422
Average Recall: 0.9699
Initial average recall with ef=150: 0.970174
Weighted average ef: 124.555
Training convergence-bucket 8 [74.5257, 77.8442) with 200 queries.
Average Recall: 0.957251
Initial average recall with ef=100: 0.958976
Average Recall: 0.97635
Initial average recall with ef=150: 0.978253
Weighted average ef: 94.34
Training convergence-bucket 9 [77.8442, inf) with 200 queries.
Average Recall: 0.976001
Initial average recall with ef=100: 0.97814
Average Recall: 0.98735
Initial average recall with ef=150: 0.988837
Weighted average ef: 92.5
Reconstructed True WAE: 290.549 (Hard Pct: 0.02435)
Search time: 2260 ms
Search time: 2262 ms
Search time: 2262 ms
Average Recall: 0.97359
5th percentile recall: 0.89
1st percentile recall: 0.78
Median search time: 2262 ms
Search times: 2260 ms, 2262 ms, 2262 ms,
word2vec-300-angular experiment results:
statisc_length, time, avg_recall, 5th_percentile_recall, 1st_percentile_recall, recall_above_99, recall_above_95, recall_above_90
1025, 2262, 0.97359, 0.89, 0.78, 603, 808, 928
Experiment finished

--- min_queries_per_score: 5 ---

Loading samplings from /opt/nfs_dcc/experiments/shiro-ef/sampling/word2vec-300-angular-samplings--k100-ef.bin
Samplings loaded from /opt/nfs_dcc/experiments/shiro-ef/sampling/word2vec-300-angular-samplings--k100-ef.bin
Average Recall: 0.823151
Initial average recall with ef=100: 0.822314
Average Recall: 0.869401
Initial average recall with ef=150: 0.868979
Weighted average ef: 426.458
Training convergence-bucket 0 [17.3626, 42.1819) with 200 queries.
Average Recall: 0.5901
Initial average recall with ef=100: 0.612697
Average Recall: 0.66845
Initial average recall with ef=150: 0.691292
Recall diff is too small for 1 consecutive steps, break.
Recall diff is too small for 1 consecutive steps, break.
Weighted average ef: 828.165
Training convergence-bucket 1 [42.1819, 45.894) with 200 queries.
Average Recall: 0.63195
Initial average recall with ef=100: 0.631686
Average Recall: 0.71825
Initial average recall with ef=150: 0.719477
Recall diff is too small for 1 consecutive steps, break.
Weighted average ef: 780.82
Training convergence-bucket 2 [45.894, 52.1049) with 200 queries.
Average Recall: 0.6673
Initial average recall with ef=100: 0.667576
Average Recall: 0.73735
Initial average recall with ef=150: 0.741636
Recall diff is too small for 1 consecutive steps, break.
Recall diff is too small for 1 consecutive steps, break.
Recall diff is too small for 1 consecutive steps, break.
Weighted average ef: 711.98
Training convergence-bucket 3 [52.1049, 58.8628) with 200 queries.
Average Recall: 0.7934
Initial average recall with ef=100: 0.787778
Average Recall: 0.8508
Initial average recall with ef=150: 0.849444
Recall diff is too small for 1 consecutive steps, break.
Recall diff is too small for 1 consecutive steps, break.
Weighted average ef: 407.415
Training convergence-bucket 4 [58.8628, 64.0561) with 200 queries.
Average Recall: 0.85905
Initial average recall with ef=100: 0.851448
Average Recall: 0.90425
Initial average recall with ef=150: 0.900483
Weighted average ef: 230.88
Training convergence-bucket 5 [64.0561, 68.1161) with 200 queries.
Average Recall: 0.8934
Initial average recall with ef=100: 0.882941
Average Recall: 0.93185
Initial average recall with ef=150: 0.923971
Weighted average ef: 183.09
Training convergence-bucket 6 [68.1161, 71.116) with 200 queries.
Average Recall: 0.91845
Initial average recall with ef=100: 0.92585
Average Recall: 0.9495
Initial average recall with ef=150: 0.955578
Weighted average ef: 122.8
Training convergence-bucket 7 [71.116, 74.5257) with 200 queries.
Average Recall: 0.94465
Initial average recall with ef=100: 0.945845
Average Recall: 0.9699
Initial average recall with ef=150: 0.972042
Weighted average ef: 93.795
Training convergence-bucket 8 [74.5257, 77.8442) with 200 queries.
Average Recall: 0.957251
Initial average recall with ef=100: 0.968154
Average Recall: 0.97635
Initial average recall with ef=150: 0.984
Weighted average ef: 66.25
Training convergence-bucket 9 [77.8442, inf) with 200 queries.
Average Recall: 0.976001
Initial average recall with ef=100: 0.978261
Average Recall: 0.98735
Initial average recall with ef=150: 0.988957
Weighted average ef: 62.5
Reconstructed True WAE: 292.422 (Hard Pct: 0.02435)
Search time: 2279 ms
Search time: 2277 ms
Search time: 2281 ms
Average Recall: 0.97383
5th percentile recall: 0.89
1st percentile recall: 0.79
Median search time: 2279 ms
Search times: 2277 ms, 2279 ms, 2281 ms,
word2vec-300-angular experiment results:
statisc_length, time, avg_recall, 5th_percentile_recall, 1st_percentile_recall, recall_above_99, recall_above_95, recall_above_90
1025, 2279, 0.97383, 0.89, 0.79, 604, 810, 928
Experiment finished


Dataset: sift10m-128-euclidean
Metric: l2
Data vectors dimensions: 10000000 x 128
Query vectors dimensions: 1000 x 128
Neighbors dimensions: 1000 x 100
Index loaded
Dimension of space:128
Data size of space:512

--- min_queries_per_score: 0 ---

Loading samplings from /opt/nfs_dcc/experiments/shiro-ef/sampling/sift10m-128-euclidean-samplings--k100-ef.bin
Samplings loaded from /opt/nfs_dcc/experiments/shiro-ef/sampling/sift10m-128-euclidean-samplings--k100-ef.bin
Average Recall: 0.853566
Initial average recall with ef=100: 0.85357
Average Recall: 0.901071
Initial average recall with ef=150: 0.901075
Recall diff is too small for 1 consecutive steps, break.
Recall diff is too small for 1 consecutive steps, break.
Recall diff is too small for 1 consecutive steps, break.
Weighted average ef: 305.758
Training convergence-bucket 0 [24.3126, 48.7863) with 200 queries.
Average Recall: 0.6612
Initial average recall with ef=100: 0.6612
Average Recall: 0.7388
Initial average recall with ef=150: 0.7388
Recall diff is too small for 1 consecutive steps, break.
Recall diff is too small for 1 consecutive steps, break.
Recall diff is too small for 1 consecutive steps, break.
Recall diff is too small for 1 consecutive steps, break.
Weighted average ef: 761.895
Training convergence-bucket 1 [48.7863, 52.4761) with 200 queries.
Average Recall: 0.6924
Initial average recall with ef=100: 0.6924
Average Recall: 0.76975
Initial average recall with ef=150: 0.76975
Recall diff is too small for 1 consecutive steps, break.
Weighted average ef: 608.945
Training convergence-bucket 2 [52.4761, 57.9109) with 200 queries.
Average Recall: 0.77475
Initial average recall with ef=100: 0.77475
Average Recall: 0.84375
Initial average recall with ef=150: 0.84375
Weighted average ef: 419.38
Training convergence-bucket 3 [57.9109, 61.4362) with 200 queries.
Average Recall: 0.8315
Initial average recall with ef=100: 0.8315
Average Recall: 0.89185
Initial average recall with ef=150: 0.89185
Weighted average ef: 295.7
Training convergence-bucket 4 [61.4362, 64.6833) with 200 queries.
Average Recall: 0.8578
Initial average recall with ef=100: 0.8578
Average Recall: 0.91165
Initial average recall with ef=150: 0.91165
Weighted average ef: 252.445
Training convergence-bucket 5 [64.6833, 67.8068) with 200 queries.
Average Recall: 0.8959
Initial average recall with ef=100: 0.8959
Average Recall: 0.9401
Initial average recall with ef=150: 0.9401
Recall diff is too small for 1 consecutive steps, break.
Weighted average ef: 195.88
Training convergence-bucket 6 [67.8068, 71.3931) with 200 queries.
Average Recall: 0.92055
Initial average recall with ef=100: 0.92055
Average Recall: 0.95755
Initial average recall with ef=150: 0.95755
Weighted average ef: 157.075
Training convergence-bucket 7 [71.3931, 74.6687) with 200 queries.
Average Recall: 0.946101
Initial average recall with ef=100: 0.9461
Average Recall: 0.975601
Initial average recall with ef=150: 0.9756
Recall diff is too small for 1 consecutive steps, break.
Recall diff is too small for 1 consecutive steps, break.
Weighted average ef: 127.43
Training convergence-bucket 8 [74.6687, 78.8065) with 200 queries.
Average Recall: 0.96695
Initial average recall with ef=100: 0.96695
Average Recall: 0.98555
Initial average recall with ef=150: 0.98555
Weighted average ef: 111.225
Training convergence-bucket 9 [78.8065, inf) with 200 queries.
Average Recall: 0.98855
Initial average recall with ef=100: 0.98855
Average Recall: 0.99615
Initial average recall with ef=150: 0.99615
Weighted average ef: 102
Reconstructed True WAE: 215.078 (Hard Pct: 0.01945)
Search time: 1778 ms
Search time: 1788 ms
Search time: 1780 ms
Average Recall: 0.98061
5th percentile recall: 0.94
1st percentile recall: 0.92
Median search time: 1780 ms
Search times: 1778 ms, 1780 ms, 1788 ms,
sift10m-128-euclidean experiment results:
statisc_length, time, avg_recall, 5th_percentile_recall, 1st_percentile_recall, recall_above_99, recall_above_95, recall_above_90
1025, 1780, 0.98061, 0.94, 0.92, 520, 881, 995
Experiment finished

--- min_queries_per_score: 1 ---

Loading samplings from /opt/nfs_dcc/experiments/shiro-ef/sampling/sift10m-128-euclidean-samplings--k100-ef.bin
Samplings loaded from /opt/nfs_dcc/experiments/shiro-ef/sampling/sift10m-128-euclidean-samplings--k100-ef.bin
Average Recall: 0.853566
Initial average recall with ef=100: 0.85357
Average Recall: 0.901071
Initial average recall with ef=150: 0.901075
Recall diff is too small for 1 consecutive steps, break.
Recall diff is too small for 1 consecutive steps, break.
Recall diff is too small for 1 consecutive steps, break.
Weighted average ef: 305.758
Training convergence-bucket 0 [24.3126, 48.7863) with 200 queries.
Average Recall: 0.6612
Initial average recall with ef=100: 0.6612
Average Recall: 0.7388
Initial average recall with ef=150: 0.7388
Recall diff is too small for 1 consecutive steps, break.
Recall diff is too small for 1 consecutive steps, break.
Recall diff is too small for 1 consecutive steps, break.
Recall diff is too small for 1 consecutive steps, break.
Weighted average ef: 761.895
Training convergence-bucket 1 [48.7863, 52.4761) with 200 queries.
Average Recall: 0.6924
Initial average recall with ef=100: 0.6924
Average Recall: 0.76975
Initial average recall with ef=150: 0.76975
Recall diff is too small for 1 consecutive steps, break.
Weighted average ef: 608.945
Training convergence-bucket 2 [52.4761, 57.9109) with 200 queries.
Average Recall: 0.77475
Initial average recall with ef=100: 0.77475
Average Recall: 0.84375
Initial average recall with ef=150: 0.84375
Weighted average ef: 419.38
Training convergence-bucket 3 [57.9109, 61.4362) with 200 queries.
Average Recall: 0.8315
Initial average recall with ef=100: 0.8315
Average Recall: 0.89185
Initial average recall with ef=150: 0.89185
Weighted average ef: 295.7
Training convergence-bucket 4 [61.4362, 64.6833) with 200 queries.
Average Recall: 0.8578
Initial average recall with ef=100: 0.8578
Average Recall: 0.91165
Initial average recall with ef=150: 0.91165
Weighted average ef: 252.445
Training convergence-bucket 5 [64.6833, 67.8068) with 200 queries.
Average Recall: 0.8959
Initial average recall with ef=100: 0.8959
Average Recall: 0.9401
Initial average recall with ef=150: 0.9401
Recall diff is too small for 1 consecutive steps, break.
Weighted average ef: 195.88
Training convergence-bucket 6 [67.8068, 71.3931) with 200 queries.
Average Recall: 0.92055
Initial average recall with ef=100: 0.92055
Average Recall: 0.95755
Initial average recall with ef=150: 0.95755
Weighted average ef: 157.075
Training convergence-bucket 7 [71.3931, 74.6687) with 200 queries.
Average Recall: 0.946101
Initial average recall with ef=100: 0.9461
Average Recall: 0.975601
Initial average recall with ef=150: 0.9756
Recall diff is too small for 1 consecutive steps, break.
Recall diff is too small for 1 consecutive steps, break.
Weighted average ef: 127.43
Training convergence-bucket 8 [74.6687, 78.8065) with 200 queries.
Average Recall: 0.96695
Initial average recall with ef=100: 0.96695
Average Recall: 0.98555
Initial average recall with ef=150: 0.98555
Weighted average ef: 111.225
Training convergence-bucket 9 [78.8065, inf) with 200 queries.
Average Recall: 0.98855
Initial average recall with ef=100: 0.98855
Average Recall: 0.99615
Initial average recall with ef=150: 0.99615
Weighted average ef: 102
Reconstructed True WAE: 215.078 (Hard Pct: 0.01945)
Search time: 1784 ms
Search time: 1786 ms
Search time: 1779 ms
Average Recall: 0.98061
5th percentile recall: 0.94
1st percentile recall: 0.92
Median search time: 1784 ms
Search times: 1779 ms, 1784 ms, 1786 ms,
sift10m-128-euclidean experiment results:
statisc_length, time, avg_recall, 5th_percentile_recall, 1st_percentile_recall, recall_above_99, recall_above_95, recall_above_90
1025, 1784, 0.98061, 0.94, 0.92, 520, 881, 995
Experiment finished

--- min_queries_per_score: 3 ---

Loading samplings from /opt/nfs_dcc/experiments/shiro-ef/sampling/sift10m-128-euclidean-samplings--k100-ef.bin
Samplings loaded from /opt/nfs_dcc/experiments/shiro-ef/sampling/sift10m-128-euclidean-samplings--k100-ef.bin
Average Recall: 0.853566
Initial average recall with ef=100: 0.853951
Average Recall: 0.901071
Initial average recall with ef=150: 0.901442
Recall diff is too small for 1 consecutive steps, break.
Weighted average ef: 304.436
Training convergence-bucket 0 [24.3126, 48.7863) with 200 queries.
Average Recall: 0.6612
Initial average recall with ef=100: 0.659278
Average Recall: 0.7388
Initial average recall with ef=150: 0.73732
Weighted average ef: 745.875
Training convergence-bucket 1 [48.7863, 52.4761) with 200 queries.
Average Recall: 0.6924
Initial average recall with ef=100: 0.691368
Average Recall: 0.76975
Initial average recall with ef=150: 0.769105
Weighted average ef: 584.84
Training convergence-bucket 2 [52.4761, 57.9109) with 200 queries.
Average Recall: 0.77475
Initial average recall with ef=100: 0.772169
Average Recall: 0.84375
Initial average recall with ef=150: 0.841958
Weighted average ef: 391.45
Training convergence-bucket 3 [57.9109, 61.4362) with 200 queries.
Average Recall: 0.8315
Initial average recall with ef=100: 0.830368
Average Recall: 0.89185
Initial average recall with ef=150: 0.891368
Weighted average ef: 279.615
Training convergence-bucket 4 [61.4362, 64.6833) with 200 queries.
Average Recall: 0.8578
Initial average recall with ef=100: 0.853549
Average Recall: 0.91165
Initial average recall with ef=150: 0.908441
Weighted average ef: 240.945
Training convergence-bucket 5 [64.6833, 67.8068) with 200 queries.
Average Recall: 0.8959
Initial average recall with ef=100: 0.895465
Average Recall: 0.9401
Initial average recall with ef=150: 0.940273
Weighted average ef: 178.795
Training convergence-bucket 6 [67.8068, 71.3931) with 200 queries.
Average Recall: 0.92055
Initial average recall with ef=100: 0.922043
Average Recall: 0.95755
Initial average recall with ef=150: 0.958925
Weighted average ef: 144
Training convergence-bucket 7 [71.3931, 74.6687) with 200 queries.
Average Recall: 0.946101
Initial average recall with ef=100: 0.947077
Average Recall: 0.975601
Initial average recall with ef=150: 0.976564
Weighted average ef: 123.25
Training convergence-bucket 8 [74.6687, 78.8065) with 200 queries.
Average Recall: 0.96695
Initial average recall with ef=100: 0.97129
Average Recall: 0.98555
Initial average recall with ef=150: 0.988172
Weighted average ef: 98.25
Training convergence-bucket 9 [78.8065, inf) with 200 queries.
Average Recall: 0.98855
Initial average recall with ef=100: 0.991492
Average Recall: 0.99615
Initial average recall with ef=150: 0.997403
Weighted average ef: 90.5
Reconstructed True WAE: 215.182 (Hard Pct: 0.01945)
Search time: 1950 ms
Search time: 1949 ms
Search time: 1923 ms
Average Recall: 0.98085
5th percentile recall: 0.94
1st percentile recall: 0.91
Median search time: 1949 ms
Search times: 1923 ms, 1949 ms, 1950 ms,
sift10m-128-euclidean experiment results:
statisc_length, time, avg_recall, 5th_percentile_recall, 1st_percentile_recall, recall_above_99, recall_above_95, recall_above_90
1025, 1949, 0.98085, 0.94, 0.91, 524, 884, 996
Experiment finished

--- min_queries_per_score: 5 ---

Loading samplings from /opt/nfs_dcc/experiments/shiro-ef/sampling/sift10m-128-euclidean-samplings--k100-ef.bin
Samplings loaded from /opt/nfs_dcc/experiments/shiro-ef/sampling/sift10m-128-euclidean-samplings--k100-ef.bin
Average Recall: 0.853566
Initial average recall with ef=100: 0.855173
Average Recall: 0.901071
Initial average recall with ef=150: 0.902388
Recall diff is too small for 1 consecutive steps, break.
Weighted average ef: 300.436
Training convergence-bucket 0 [24.3126, 48.7863) with 200 queries.
Average Recall: 0.6612
Initial average recall with ef=100: 0.657889
Average Recall: 0.7388
Initial average recall with ef=150: 0.734778
Weighted average ef: 697.945
Training convergence-bucket 1 [48.7863, 52.4761) with 200 queries.
Average Recall: 0.6924
Initial average recall with ef=100: 0.690355
Average Recall: 0.76975
Initial average recall with ef=150: 0.767633
Weighted average ef: 520.465
Training convergence-bucket 2 [52.4761, 57.9109) with 200 queries.
Average Recall: 0.77475
Initial average recall with ef=100: 0.767273
Average Recall: 0.84375
Initial average recall with ef=150: 0.837727
Weighted average ef: 373.86
Training convergence-bucket 3 [57.9109, 61.4362) with 200 queries.
Average Recall: 0.8315
Initial average recall with ef=100: 0.829679
Average Recall: 0.89185
Initial average recall with ef=150: 0.890909
Weighted average ef: 276.93
Training convergence-bucket 4 [61.4362, 64.6833) with 200 queries.
Average Recall: 0.8578
Initial average recall with ef=100: 0.853408
Average Recall: 0.91165
Initial average recall with ef=150: 0.908268
Weighted average ef: 231.545
Training convergence-bucket 5 [64.6833, 67.8068) with 200 queries.
Average Recall: 0.8959
Initial average recall with ef=100: 0.89903
Average Recall: 0.9401
Initial average recall with ef=150: 0.943151
Weighted average ef: 157.74
Training convergence-bucket 6 [67.8068, 71.3931) with 200 queries.
Average Recall: 0.92055
Initial average recall with ef=100: 0.920245
Average Recall: 0.95755
Initial average recall with ef=150: 0.957239
Weighted average ef: 128.5
Training convergence-bucket 7 [71.3931, 74.6687) with 200 queries.
Average Recall: 0.946101
Initial average recall with ef=100: 0.949655
Average Recall: 0.975601
Initial average recall with ef=150: 0.978046
Weighted average ef: 107.975
Training convergence-bucket 8 [74.6687, 78.8065) with 200 queries.
Average Recall: 0.96695
Initial average recall with ef=100: 0.973155
Average Recall: 0.98555
Initial average recall with ef=150: 0.98869
Weighted average ef: 87.5
Training convergence-bucket 9 [78.8065, inf) with 200 queries.
Average Recall: 0.98855
Initial average recall with ef=100: 0.992441
Average Recall: 0.99615
Initial average recall with ef=150: 0.997679
Weighted average ef: 84
Reconstructed True WAE: 214.813 (Hard Pct: 0.01945)
Search time: 1467 ms
Search time: 1436 ms
Search time: 1444 ms
Average Recall: 0.98073
5th percentile recall: 0.94
1st percentile recall: 0.91
Median search time: 1444 ms
Search times: 1436 ms, 1444 ms, 1467 ms,
sift10m-128-euclidean experiment results:
statisc_length, time, avg_recall, 5th_percentile_recall, 1st_percentile_recall, recall_above_99, recall_above_95, recall_above_90
1025, 1444, 0.98073, 0.94, 0.91, 522, 886, 993
Experiment finished


Dataset: gist-960-euclidean
Metric: l2
Data vectors dimensions: 1000000 x 960
Query vectors dimensions: 1000 x 960
Neighbors dimensions: 1000 x 100
Index loaded
Dimension of space:960
Data size of space:3840

--- min_queries_per_score: 0 ---

Loading samplings from /opt/nfs_dcc/experiments/shiro-ef/sampling/gist-960-euclidean-samplings--k100-ef.bin
Samplings loaded from /opt/nfs_dcc/experiments/shiro-ef/sampling/gist-960-euclidean-samplings--k100-ef.bin
Average Recall: 0.730425
Initial average recall with ef=100: 0.730425
Average Recall: 0.803664
Initial average recall with ef=150: 0.803665
Recall diff is too small for 1 consecutive steps, break.
Recall diff is too small for 1 consecutive steps, break.
Recall diff is too small for 1 consecutive steps, break.
Weighted average ef: 630.107
Training convergence-bucket 0 [27.496, 38.282) with 200 queries.
Average Recall: 0.51415
Initial average recall with ef=100: 0.51415
Average Recall: 0.61375
Initial average recall with ef=150: 0.61375
Recall diff is too small for 1 consecutive steps, break.
Recall diff is too small for 1 consecutive steps, break.
Weighted average ef: 1494.16
Training convergence-bucket 1 [38.282, 42.302) with 200 queries.
Average Recall: 0.54825
Initial average recall with ef=100: 0.54825
Average Recall: 0.64625
Initial average recall with ef=150: 0.64625
Recall diff is too small for 1 consecutive steps, break.
Recall diff is too small for 1 consecutive steps, break.
Weighted average ef: 1237.77
Training convergence-bucket 2 [42.302, 45.7928) with 200 queries.
Average Recall: 0.62725
Initial average recall with ef=100: 0.62725
Average Recall: 0.71725
Initial average recall with ef=150: 0.71725
Recall diff is too small for 1 consecutive steps, break.
Recall diff is too small for 1 consecutive steps, break.
Recall diff is too small for 1 consecutive steps, break.
Weighted average ef: 851.46
Training convergence-bucket 3 [45.7928, 48.8174) with 200 queries.
Average Recall: 0.6612
Initial average recall with ef=100: 0.6612
Average Recall: 0.75805
Initial average recall with ef=150: 0.75805
Recall diff is too small for 1 consecutive steps, break.
Recall diff is too small for 1 consecutive steps, break.
Recall diff is too small for 1 consecutive steps, break.
Recall diff is too small for 1 consecutive steps, break.
Recall diff is too small for 1 consecutive steps, break.
Weighted average ef: 694.355
Training convergence-bucket 4 [48.8174, 51.4343) with 200 queries.
Average Recall: 0.71075
Initial average recall with ef=100: 0.71075
Average Recall: 0.7939
Initial average recall with ef=150: 0.7939
Recall diff is too small for 1 consecutive steps, break.
Weighted average ef: 549.025
Training convergence-bucket 5 [51.4343, 54.8481) with 200 queries.
Average Recall: 0.73765
Initial average recall with ef=100: 0.73765
Average Recall: 0.81295
Initial average recall with ef=150: 0.81295
Recall diff is too small for 1 consecutive steps, break.
Weighted average ef: 567.785
Training convergence-bucket 6 [54.8481, 59.3783) with 200 queries.
Average Recall: 0.78745
Initial average recall with ef=100: 0.78745
Average Recall: 0.8582
Initial average recall with ef=150: 0.8582
Recall diff is too small for 1 consecutive steps, break.
Recall diff is too small for 1 consecutive steps, break.
Weighted average ef: 377.985
Training convergence-bucket 7 [59.3783, 64.796) with 200 queries.
Average Recall: 0.84785
Initial average recall with ef=100: 0.84785
Average Recall: 0.9034
Initial average recall with ef=150: 0.9034
Recall diff is too small for 1 consecutive steps, break.
Recall diff is too small for 1 consecutive steps, break.
Recall diff is too small for 1 consecutive steps, break.
Weighted average ef: 277.915
Training convergence-bucket 8 [64.796, 71.7515) with 200 queries.
Average Recall: 0.90955
Initial average recall with ef=100: 0.90955
Average Recall: 0.95115
Initial average recall with ef=150: 0.95115
Weighted average ef: 178.78
Training convergence-bucket 9 [71.7515, inf) with 200 queries.
Average Recall: 0.96015
Initial average recall with ef=100: 0.96015
Average Recall: 0.98175
Initial average recall with ef=150: 0.98175
Weighted average ef: 120.905
Reconstructed True WAE: 514.474 (Hard Pct: 0.0111)
Search time: 6212 ms
Search time: 6505 ms
Search time: 6547 ms
Average Recall: 0.97013
5th percentile recall: 0.91
1st percentile recall: 0.88
Median search time: 6505 ms
Search times: 6212 ms, 6505 ms, 6547 ms,
gist-960-euclidean experiment results:
statisc_length, time, avg_recall, 5th_percentile_recall, 1st_percentile_recall, recall_above_99, recall_above_95, recall_above_90
1025, 6505, 0.97013, 0.91, 0.88, 389, 739, 966
Experiment finished

--- min_queries_per_score: 1 ---

Loading samplings from /opt/nfs_dcc/experiments/shiro-ef/sampling/gist-960-euclidean-samplings--k100-ef.bin
Samplings loaded from /opt/nfs_dcc/experiments/shiro-ef/sampling/gist-960-euclidean-samplings--k100-ef.bin
Average Recall: 0.730425
Initial average recall with ef=100: 0.730425
Average Recall: 0.803664
Initial average recall with ef=150: 0.803665
Recall diff is too small for 1 consecutive steps, break.
Recall diff is too small for 1 consecutive steps, break.
Recall diff is too small for 1 consecutive steps, break.
Weighted average ef: 630.107
Training convergence-bucket 0 [27.496, 38.282) with 200 queries.
Average Recall: 0.51415
Initial average recall with ef=100: 0.51415
Average Recall: 0.61375
Initial average recall with ef=150: 0.61375
Recall diff is too small for 1 consecutive steps, break.
Recall diff is too small for 1 consecutive steps, break.
Weighted average ef: 1494.16
Training convergence-bucket 1 [38.282, 42.302) with 200 queries.
Average Recall: 0.54825
Initial average recall with ef=100: 0.54825
Average Recall: 0.64625
Initial average recall with ef=150: 0.64625
Recall diff is too small for 1 consecutive steps, break.
Recall diff is too small for 1 consecutive steps, break.
Weighted average ef: 1237.77
Training convergence-bucket 2 [42.302, 45.7928) with 200 queries.
Average Recall: 0.62725
Initial average recall with ef=100: 0.62725
Average Recall: 0.71725
Initial average recall with ef=150: 0.71725
Recall diff is too small for 1 consecutive steps, break.
Recall diff is too small for 1 consecutive steps, break.
Recall diff is too small for 1 consecutive steps, break.
Weighted average ef: 851.46
Training convergence-bucket 3 [45.7928, 48.8174) with 200 queries.
Average Recall: 0.6612
Initial average recall with ef=100: 0.6612
Average Recall: 0.75805
Initial average recall with ef=150: 0.75805
Recall diff is too small for 1 consecutive steps, break.
Recall diff is too small for 1 consecutive steps, break.
Recall diff is too small for 1 consecutive steps, break.
Recall diff is too small for 1 consecutive steps, break.
Recall diff is too small for 1 consecutive steps, break.
Weighted average ef: 694.355
Training convergence-bucket 4 [48.8174, 51.4343) with 200 queries.
Average Recall: 0.71075
Initial average recall with ef=100: 0.71075
Average Recall: 0.7939
Initial average recall with ef=150: 0.7939
Recall diff is too small for 1 consecutive steps, break.
Weighted average ef: 549.025
Training convergence-bucket 5 [51.4343, 54.8481) with 200 queries.
Average Recall: 0.73765
Initial average recall with ef=100: 0.73765
Average Recall: 0.81295
Initial average recall with ef=150: 0.81295
Recall diff is too small for 1 consecutive steps, break.
Weighted average ef: 567.785
Training convergence-bucket 6 [54.8481, 59.3783) with 200 queries.
Average Recall: 0.78745
Initial average recall with ef=100: 0.78745
Average Recall: 0.8582
Initial average recall with ef=150: 0.8582
Recall diff is too small for 1 consecutive steps, break.
Recall diff is too small for 1 consecutive steps, break.
Weighted average ef: 377.985
Training convergence-bucket 7 [59.3783, 64.796) with 200 queries.
Average Recall: 0.84785
Initial average recall with ef=100: 0.84785
Average Recall: 0.9034
Initial average recall with ef=150: 0.9034
Recall diff is too small for 1 consecutive steps, break.
Recall diff is too small for 1 consecutive steps, break.
Recall diff is too small for 1 consecutive steps, break.
Weighted average ef: 277.915
Training convergence-bucket 8 [64.796, 71.7515) with 200 queries.
Average Recall: 0.90955
Initial average recall with ef=100: 0.90955
Average Recall: 0.95115
Initial average recall with ef=150: 0.95115
Weighted average ef: 178.78
Training convergence-bucket 9 [71.7515, inf) with 200 queries.
Average Recall: 0.96015
Initial average recall with ef=100: 0.96015
Average Recall: 0.98175
Initial average recall with ef=150: 0.98175
Weighted average ef: 120.905
Reconstructed True WAE: 514.474 (Hard Pct: 0.0111)
Search time: 6387 ms
Search time: 6200 ms
Search time: 6486 ms
Average Recall: 0.97013
5th percentile recall: 0.91
1st percentile recall: 0.88
Median search time: 6387 ms
Search times: 6200 ms, 6387 ms, 6486 ms,
gist-960-euclidean experiment results:
statisc_length, time, avg_recall, 5th_percentile_recall, 1st_percentile_recall, recall_above_99, recall_above_95, recall_above_90
1025, 6387, 0.97013, 0.91, 0.88, 389, 739, 966
Experiment finished

--- min_queries_per_score: 3 ---

Loading samplings from /opt/nfs_dcc/experiments/shiro-ef/sampling/gist-960-euclidean-samplings--k100-ef.bin
Samplings loaded from /opt/nfs_dcc/experiments/shiro-ef/sampling/gist-960-euclidean-samplings--k100-ef.bin
Average Recall: 0.730425
Initial average recall with ef=100: 0.729425
Average Recall: 0.803664
Initial average recall with ef=150: 0.803058
Recall diff is too small for 1 consecutive steps, break.
Recall diff is too small for 1 consecutive steps, break.
Weighted average ef: 623.607
Training convergence-bucket 0 [27.496, 38.282) with 200 queries.
Average Recall: 0.51415
Initial average recall with ef=100: 0.509037
Average Recall: 0.61375
Initial average recall with ef=150: 0.60877
Weighted average ef: 1424.39
Training convergence-bucket 1 [38.282, 42.302) with 200 queries.
Average Recall: 0.54825
Initial average recall with ef=100: 0.544599
Average Recall: 0.64625
Initial average recall with ef=150: 0.644064
Weighted average ef: 1125.79
Training convergence-bucket 2 [42.302, 45.7928) with 200 queries.
Average Recall: 0.62725
Initial average recall with ef=100: 0.62974
Average Recall: 0.71725
Initial average recall with ef=150: 0.718177
Recall diff is too small for 1 consecutive steps, break.
Recall diff is too small for 1 consecutive steps, break.
Weighted average ef: 820.34
Training convergence-bucket 3 [45.7928, 48.8174) with 200 queries.
Average Recall: 0.6612
Initial average recall with ef=100: 0.661344
Average Recall: 0.75805
Initial average recall with ef=150: 0.758602
Recall diff is too small for 1 consecutive steps, break.
Weighted average ef: 629.3
Training convergence-bucket 4 [48.8174, 51.4343) with 200 queries.
Average Recall: 0.71075
Initial average recall with ef=100: 0.713299
Average Recall: 0.7939
Initial average recall with ef=150: 0.797165
Weighted average ef: 516.59
Training convergence-bucket 5 [51.4343, 54.8481) with 200 queries.
Average Recall: 0.73765
Initial average recall with ef=100: 0.729613
Average Recall: 0.81295
Initial average recall with ef=150: 0.805635
Recall diff is too small for 1 consecutive steps, break.
Weighted average ef: 527.8
Training convergence-bucket 6 [54.8481, 59.3783) with 200 queries.
Average Recall: 0.78745
Initial average recall with ef=100: 0.787
Average Recall: 0.8582
Initial average recall with ef=150: 0.858444
Weighted average ef: 329.55
Training convergence-bucket 7 [59.3783, 64.796) with 200 queries.
Average Recall: 0.84785
Initial average recall with ef=100: 0.84827
Average Recall: 0.9034
Initial average recall with ef=150: 0.903892
Weighted average ef: 258.5
Training convergence-bucket 8 [64.796, 71.7515) with 200 queries.
Average Recall: 0.90955
Initial average recall with ef=100: 0.908518
Average Recall: 0.95115
Initial average recall with ef=150: 0.950635
Weighted average ef: 168.725
Training convergence-bucket 9 [71.7515, inf) with 200 queries.
Average Recall: 0.96015
Initial average recall with ef=100: 0.959945
Average Recall: 0.98175
Initial average recall with ef=150: 0.982363
Weighted average ef: 109.345
Reconstructed True WAE: 517.02 (Hard Pct: 0.0111)
Search time: 6567 ms
Search time: 6516 ms
Search time: 6229 ms
Average Recall: 0.97026
5th percentile recall: 0.91
1st percentile recall: 0.88
Median search time: 6516 ms
Search times: 6229 ms, 6516 ms, 6567 ms,
gist-960-euclidean experiment results:
statisc_length, time, avg_recall, 5th_percentile_recall, 1st_percentile_recall, recall_above_99, recall_above_95, recall_above_90
1025, 6516, 0.97026, 0.91, 0.88, 391, 747, 965
Experiment finished

--- min_queries_per_score: 5 ---

Loading samplings from /opt/nfs_dcc/experiments/shiro-ef/sampling/gist-960-euclidean-samplings--k100-ef.bin
Samplings loaded from /opt/nfs_dcc/experiments/shiro-ef/sampling/gist-960-euclidean-samplings--k100-ef.bin
Average Recall: 0.730425
Initial average recall with ef=100: 0.727682
Average Recall: 0.803664
Initial average recall with ef=150: 0.80191
Recall diff is too small for 1 consecutive steps, break.
Recall diff is too small for 1 consecutive steps, break.
Weighted average ef: 616.087
Training convergence-bucket 0 [27.496, 38.282) with 200 queries.
Average Recall: 0.51415
Initial average recall with ef=100: 0.515432
Average Recall: 0.61375
Initial average recall with ef=150: 0.614197
Weighted average ef: 1088.16
Training convergence-bucket 1 [38.282, 42.302) with 200 queries.
Average Recall: 0.54825
Initial average recall with ef=100: 0.548352
Average Recall: 0.64625
Initial average recall with ef=150: 0.648636
Weighted average ef: 999.095
Training convergence-bucket 2 [42.302, 45.7928) with 200 queries.
Average Recall: 0.62725
Initial average recall with ef=100: 0.628297
Average Recall: 0.71725
Initial average recall with ef=150: 0.717692
Recall diff is too small for 1 consecutive steps, break.
Recall diff is too small for 1 consecutive steps, break.
Weighted average ef: 783.815
Training convergence-bucket 3 [45.7928, 48.8174) with 200 queries.
Average Recall: 0.6612
Initial average recall with ef=100: 0.664157
Average Recall: 0.75805
Initial average recall with ef=150: 0.760056
Weighted average ef: 603.04
Training convergence-bucket 4 [48.8174, 51.4343) with 200 queries.
Average Recall: 0.71075
Initial average recall with ef=100: 0.709716
Average Recall: 0.7939
Initial average recall with ef=150: 0.794261
Weighted average ef: 482.04
Training convergence-bucket 5 [51.4343, 54.8481) with 200 queries.
Average Recall: 0.73765
Initial average recall with ef=100: 0.73142
Average Recall: 0.81295
Initial average recall with ef=150: 0.808518
Weighted average ef: 419.125
Training convergence-bucket 6 [54.8481, 59.3783) with 200 queries.
Average Recall: 0.78745
Initial average recall with ef=100: 0.787661
Average Recall: 0.8582
Initial average recall with ef=150: 0.859474
Weighted average ef: 311.83
Training convergence-bucket 7 [59.3783, 64.796) with 200 queries.
Average Recall: 0.84785
Initial average recall with ef=100: 0.845089
Average Recall: 0.9034
Initial average recall with ef=150: 0.901183
Weighted average ef: 241.06
Training convergence-bucket 8 [64.796, 71.7515) with 200 queries.
Average Recall: 0.90955
Initial average recall with ef=100: 0.916296
Average Recall: 0.95115
Initial average recall with ef=150: 0.957037
Weighted average ef: 133.25
Training convergence-bucket 9 [71.7515, inf) with 200 queries.
Average Recall: 0.96015
Initial average recall with ef=100: 0.968718
Average Recall: 0.98175
Initial average recall with ef=150: 0.986923
Weighted average ef: 64
Reconstructed True WAE: 508.603 (Hard Pct: 0.0111)
Search time: 6165 ms
Search time: 6428 ms
Search time: 6431 ms
Average Recall: 0.96956
5th percentile recall: 0.91
1st percentile recall: 0.87
Median search time: 6428 ms
Search times: 6165 ms, 6428 ms, 6431 ms,
gist-960-euclidean experiment results:
statisc_length, time, avg_recall, 5th_percentile_recall, 1st_percentile_recall, recall_above_99, recall_above_95, recall_above_90
1025, 6428, 0.96956, 0.91, 0.87, 384, 733, 967
Experiment finished


Dataset: tiny5m-384-euclidean
Metric: l2
Data vectors dimensions: 5000000 x 384
Query vectors dimensions: 1000 x 384
Neighbors dimensions: 1000 x 100
Index loaded
Dimension of space:384
Data size of space:1536

--- min_queries_per_score: 0 ---

Loading samplings from /opt/nfs_dcc/experiments/shiro-ef/sampling/tiny5m-384-euclidean-samplings--k100-ef.bin
Samplings loaded from /opt/nfs_dcc/experiments/shiro-ef/sampling/tiny5m-384-euclidean-samplings--k100-ef.bin
Average Recall: 0.637594
Initial average recall with ef=100: 0.637275
Average Recall: 0.709403
Initial average recall with ef=150: 0.70905
Recall diff is too small for 1 consecutive steps, break.
Recall diff is too small for 1 consecutive steps, break.
Weighted average ef: 1242.66
Training convergence-bucket 0 [24.2968, 34.3498) with 200 queries.
Average Recall: 0.36635
Initial average recall with ef=100: 0.36635
Average Recall: 0.4542
Initial average recall with ef=150: 0.4542
Recall diff is too small for 1 consecutive steps, break.
Recall diff is too small for 1 consecutive steps, break.
Recall diff is too small for 1 consecutive steps, break.
Recall diff is too small for 1 consecutive steps, break.
Recall diff is too small for 1 consecutive steps, break.
Weighted average ef: 3078.37
Training convergence-bucket 1 [34.3498, 38.4766) with 200 queries.
Average Recall: 0.4489
Initial average recall with ef=100: 0.4489
Average Recall: 0.53605
Initial average recall with ef=150: 0.53605
Recall diff is too small for 1 consecutive steps, break.
Recall diff is too small for 1 consecutive steps, break.
Recall diff is too small for 1 consecutive steps, break.
Weighted average ef: 2345.93
Training convergence-bucket 2 [38.4766, 41.697) with 200 queries.
Average Recall: 0.48365
Initial average recall with ef=100: 0.48365
Average Recall: 0.56805
Initial average recall with ef=150: 0.56805
Recall diff is too small for 1 consecutive steps, break.
Recall diff is too small for 1 consecutive steps, break.
Weighted average ef: 1915.83
Training convergence-bucket 3 [41.697, 44.6557) with 200 queries.
Average Recall: 0.54165
Initial average recall with ef=100: 0.54165
Average Recall: 0.62615
Initial average recall with ef=150: 0.62615
Recall diff is too small for 1 consecutive steps, break.
Recall diff is too small for 1 consecutive steps, break.
Recall diff is too small for 1 consecutive steps, break.
Weighted average ef: 1427.14
Training convergence-bucket 4 [44.6557, 47.7374) with 200 queries.
Average Recall: 0.5804
Initial average recall with ef=100: 0.5804
Average Recall: 0.66185
Initial average recall with ef=150: 0.66185
Recall diff is too small for 1 consecutive steps, break.
Recall diff is too small for 1 consecutive steps, break.
Recall diff is too small for 1 consecutive steps, break.
Weighted average ef: 1282.72
Training convergence-bucket 5 [47.7374, 51.5026) with 200 queries.
Average Recall: 0.64955
Initial average recall with ef=100: 0.64955
Average Recall: 0.72365
Initial average recall with ef=150: 0.72365
Recall diff is too small for 1 consecutive steps, break.
Recall diff is too small for 1 consecutive steps, break.
Recall diff is too small for 1 consecutive steps, break.
Weighted average ef: 994.205
Training convergence-bucket 6 [51.5026, 55.611) with 200 queries.
Average Recall: 0.71555
Initial average recall with ef=100: 0.71555
Average Recall: 0.79085
Initial average recall with ef=150: 0.79085
Recall diff is too small for 1 consecutive steps, break.
Recall diff is too small for 1 consecutive steps, break.
Recall diff is too small for 1 consecutive steps, break.
Recall diff is too small for 1 consecutive steps, break.
Recall diff is too small for 1 consecutive steps, break.
Recall diff is too small for 1 consecutive steps, break.
Recall diff is too small for 1 consecutive steps, break.
Weighted average ef: 665.515
Training convergence-bucket 7 [55.611, 61.3231) with 200 queries.
Average Recall: 0.78645
Initial average recall with ef=100: 0.78645
Average Recall: 0.8553
Initial average recall with ef=150: 0.8553
Recall diff is too small for 1 consecutive steps, break.
Recall diff is too small for 1 consecutive steps, break.
Recall diff is too small for 1 consecutive steps, break.
Weighted average ef: 395.24
Training convergence-bucket 8 [61.3231, 69.2789) with 200 queries.
Average Recall: 0.86785
Initial average recall with ef=100: 0.86785
Average Recall: 0.91895
Initial average recall with ef=150: 0.91895
Weighted average ef: 279.13
Training convergence-bucket 9 [69.2789, inf) with 200 queries.
Average Recall: 0.937086
Initial average recall with ef=100: 0.9324
Average Recall: 0.960252
Initial average recall with ef=150: 0.95545
Recall diff is too small for 1 consecutive steps, break.
Recall diff is too small for 1 consecutive steps, break.
Recall diff is too small for 1 consecutive steps, break.
Recall diff is too small for 1 consecutive steps, break.
Weighted average ef: 167.495
Reconstructed True WAE: 1056.43 (Hard Pct: 0.0087)
Search time: 8275 ms
Search time: 8274 ms
Search time: 8266 ms
Average Recall: 0.97107
5th percentile recall: 0.9
1st percentile recall: 0.85
Median search time: 8274 ms
Search times: 8266 ms, 8274 ms, 8275 ms,
tiny5m-384-euclidean experiment results:
statisc_length, time, avg_recall, 5th_percentile_recall, 1st_percentile_recall, recall_above_99, recall_above_95, recall_above_90
1025, 8274, 0.97107, 0.9, 0.85, 497, 765, 940
Experiment finished

--- min_queries_per_score: 1 ---

Loading samplings from /opt/nfs_dcc/experiments/shiro-ef/sampling/tiny5m-384-euclidean-samplings--k100-ef.bin
Samplings loaded from /opt/nfs_dcc/experiments/shiro-ef/sampling/tiny5m-384-euclidean-samplings--k100-ef.bin
Average Recall: 0.637594
Initial average recall with ef=100: 0.637275
Average Recall: 0.709403
Initial average recall with ef=150: 0.70905
Recall diff is too small for 1 consecutive steps, break.
Recall diff is too small for 1 consecutive steps, break.
Weighted average ef: 1242.66
Training convergence-bucket 0 [24.2968, 34.3498) with 200 queries.
Average Recall: 0.36635
Initial average recall with ef=100: 0.36635
Average Recall: 0.4542
Initial average recall with ef=150: 0.4542
Recall diff is too small for 1 consecutive steps, break.
Recall diff is too small for 1 consecutive steps, break.
Recall diff is too small for 1 consecutive steps, break.
Recall diff is too small for 1 consecutive steps, break.
Recall diff is too small for 1 consecutive steps, break.
Weighted average ef: 3078.37
Training convergence-bucket 1 [34.3498, 38.4766) with 200 queries.
Average Recall: 0.4489
Initial average recall with ef=100: 0.4489
Average Recall: 0.53605
Initial average recall with ef=150: 0.53605
Recall diff is too small for 1 consecutive steps, break.
Recall diff is too small for 1 consecutive steps, break.
Recall diff is too small for 1 consecutive steps, break.
Weighted average ef: 2345.93
Training convergence-bucket 2 [38.4766, 41.697) with 200 queries.
Average Recall: 0.48365
Initial average recall with ef=100: 0.48365
Average Recall: 0.56805
Initial average recall with ef=150: 0.56805
Recall diff is too small for 1 consecutive steps, break.
Recall diff is too small for 1 consecutive steps, break.
Weighted average ef: 1915.83
Training convergence-bucket 3 [41.697, 44.6557) with 200 queries.
Average Recall: 0.54165
Initial average recall with ef=100: 0.54165
Average Recall: 0.62615
Initial average recall with ef=150: 0.62615
Recall diff is too small for 1 consecutive steps, break.
Recall diff is too small for 1 consecutive steps, break.
Recall diff is too small for 1 consecutive steps, break.
Weighted average ef: 1427.14
Training convergence-bucket 4 [44.6557, 47.7374) with 200 queries.
Average Recall: 0.5804
Initial average recall with ef=100: 0.5804
Average Recall: 0.66185
Initial average recall with ef=150: 0.66185
Recall diff is too small for 1 consecutive steps, break.
Recall diff is too small for 1 consecutive steps, break.
Recall diff is too small for 1 consecutive steps, break.
Weighted average ef: 1282.72
Training convergence-bucket 5 [47.7374, 51.5026) with 200 queries.
Average Recall: 0.64955
Initial average recall with ef=100: 0.64955
Average Recall: 0.72365
Initial average recall with ef=150: 0.72365
Recall diff is too small for 1 consecutive steps, break.
Recall diff is too small for 1 consecutive steps, break.
Recall diff is too small for 1 consecutive steps, break.
Weighted average ef: 994.205
Training convergence-bucket 6 [51.5026, 55.611) with 200 queries.
Average Recall: 0.71555
Initial average recall with ef=100: 0.71555
Average Recall: 0.79085
Initial average recall with ef=150: 0.79085
Recall diff is too small for 1 consecutive steps, break.
Recall diff is too small for 1 consecutive steps, break.
Recall diff is too small for 1 consecutive steps, break.
Recall diff is too small for 1 consecutive steps, break.
Recall diff is too small for 1 consecutive steps, break.
Recall diff is too small for 1 consecutive steps, break.
Recall diff is too small for 1 consecutive steps, break.
Weighted average ef: 665.515
Training convergence-bucket 7 [55.611, 61.3231) with 200 queries.
Average Recall: 0.78645
Initial average recall with ef=100: 0.78645
Average Recall: 0.8553
Initial average recall with ef=150: 0.8553
Recall diff is too small for 1 consecutive steps, break.
Recall diff is too small for 1 consecutive steps, break.
Recall diff is too small for 1 consecutive steps, break.
Weighted average ef: 395.24
Training convergence-bucket 8 [61.3231, 69.2789) with 200 queries.
Average Recall: 0.86785
Initial average recall with ef=100: 0.86785
Average Recall: 0.91895
Initial average recall with ef=150: 0.91895
Weighted average ef: 279.13
Training convergence-bucket 9 [69.2789, inf) with 200 queries.
Average Recall: 0.937086
Initial average recall with ef=100: 0.9324
Average Recall: 0.960252
Initial average recall with ef=150: 0.95545
Recall diff is too small for 1 consecutive steps, break.
Recall diff is too small for 1 consecutive steps, break.
Recall diff is too small for 1 consecutive steps, break.
Recall diff is too small for 1 consecutive steps, break.
Weighted average ef: 167.495
Reconstructed True WAE: 1056.43 (Hard Pct: 0.0087)
Search time: 9130 ms
Search time: 9170 ms
Search time: 8775 ms
Average Recall: 0.97107
5th percentile recall: 0.9
1st percentile recall: 0.85
Median search time: 9130 ms
Search times: 8775 ms, 9130 ms, 9170 ms,
tiny5m-384-euclidean experiment results:
statisc_length, time, avg_recall, 5th_percentile_recall, 1st_percentile_recall, recall_above_99, recall_above_95, recall_above_90
1025, 9130, 0.97107, 0.9, 0.85, 497, 765, 940
Experiment finished

--- min_queries_per_score: 3 ---

Loading samplings from /opt/nfs_dcc/experiments/shiro-ef/sampling/tiny5m-384-euclidean-samplings--k100-ef.bin
Samplings loaded from /opt/nfs_dcc/experiments/shiro-ef/sampling/tiny5m-384-euclidean-samplings--k100-ef.bin
Average Recall: 0.637594
Initial average recall with ef=100: 0.636819
Average Recall: 0.709403
Initial average recall with ef=150: 0.708779
Recall diff is too small for 1 consecutive steps, break.
Weighted average ef: 1236.92
Training convergence-bucket 0 [24.2968, 34.3498) with 200 queries.
Average Recall: 0.36635
Initial average recall with ef=100: 0.363093
Average Recall: 0.4542
Initial average recall with ef=150: 0.450773
Recall diff is too small for 1 consecutive steps, break.
Recall diff is too small for 1 consecutive steps, break.
Weighted average ef: 3042.79
Training convergence-bucket 1 [34.3498, 38.4766) with 200 queries.
Average Recall: 0.4489
Initial average recall with ef=100: 0.447927
Average Recall: 0.53605
Initial average recall with ef=150: 0.534352
Recall diff is too small for 1 consecutive steps, break.
Recall diff is too small for 1 consecutive steps, break.
Weighted average ef: 2261.88
Training convergence-bucket 2 [38.4766, 41.697) with 200 queries.
Average Recall: 0.48365
Initial average recall with ef=100: 0.48089
Average Recall: 0.56805
Initial average recall with ef=150: 0.565654
Recall diff is too small for 1 consecutive steps, break.
Weighted average ef: 1831.23
Training convergence-bucket 3 [41.697, 44.6557) with 200 queries.
Average Recall: 0.54165
Initial average recall with ef=100: 0.537461
Average Recall: 0.62615
Initial average recall with ef=150: 0.622021
Recall diff is too small for 1 consecutive steps, break.
Weighted average ef: 1404.36
Training convergence-bucket 4 [44.6557, 47.7374) with 200 queries.
Average Recall: 0.5804
Initial average recall with ef=100: 0.575753
Average Recall: 0.66185
Initial average recall with ef=150: 0.656989
Recall diff is too small for 1 consecutive steps, break.
Weighted average ef: 1238.13
Training convergence-bucket 5 [47.7374, 51.5026) with 200 queries.
Average Recall: 0.64955
Initial average recall with ef=100: 0.6491
Average Recall: 0.72365
Initial average recall with ef=150: 0.72418
Recall diff is too small for 1 consecutive steps, break.
Weighted average ef: 939.97
Training convergence-bucket 6 [51.5026, 55.611) with 200 queries.
Average Recall: 0.71555
Initial average recall with ef=100: 0.717979
Average Recall: 0.79085
Initial average recall with ef=150: 0.793627
Recall diff is too small for 1 consecutive steps, break.
Recall diff is too small for 1 consecutive steps, break.
Recall diff is too small for 1 consecutive steps, break.
Recall diff is too small for 1 consecutive steps, break.
Weighted average ef: 619.415
Training convergence-bucket 7 [55.611, 61.3231) with 200 queries.
Average Recall: 0.78645
Initial average recall with ef=100: 0.788656
Average Recall: 0.8553
Initial average recall with ef=150: 0.857581
Weighted average ef: 363.675
Training convergence-bucket 8 [61.3231, 69.2789) with 200 queries.
Average Recall: 0.86785
Initial average recall with ef=100: 0.874492
Average Recall: 0.91895
Initial average recall with ef=150: 0.925561
Weighted average ef: 216.65
Training convergence-bucket 9 [69.2789, inf) with 200 queries.
Average Recall: 0.937086
Initial average recall with ef=100: 0.936839
Average Recall: 0.960252
Initial average recall with ef=150: 0.958218
Recall diff is too small for 1 consecutive steps, break.
Weighted average ef: 141.05
Reconstructed True WAE: 1057.4 (Hard Pct: 0.0087)
Search time: 9188 ms
Search time: 9178 ms
Search time: 8574 ms
Average Recall: 0.9712
5th percentile recall: 0.9
1st percentile recall: 0.84
Median search time: 9178 ms
Search times: 8574 ms, 9178 ms, 9188 ms,
tiny5m-384-euclidean experiment results:
statisc_length, time, avg_recall, 5th_percentile_recall, 1st_percentile_recall, recall_above_99, recall_above_95, recall_above_90
1025, 9178, 0.9712, 0.9, 0.84, 497, 767, 942
Experiment finished

--- min_queries_per_score: 5 ---

Loading samplings from /opt/nfs_dcc/experiments/shiro-ef/sampling/tiny5m-384-euclidean-samplings--k100-ef.bin
Samplings loaded from /opt/nfs_dcc/experiments/shiro-ef/sampling/tiny5m-384-euclidean-samplings--k100-ef.bin
Average Recall: 0.637594
Initial average recall with ef=100: 0.63574
Average Recall: 0.709403
Initial average recall with ef=150: 0.70788
Recall diff is too small for 1 consecutive steps, break.
Weighted average ef: 1215.92
Training convergence-bucket 0 [24.2968, 34.3498) with 200 queries.
Average Recall: 0.36635
Initial average recall with ef=100: 0.35408
Average Recall: 0.4542
Initial average recall with ef=150: 0.443161
Recall diff is too small for 1 consecutive steps, break.
Weighted average ef: 2826.71
Training convergence-bucket 1 [34.3498, 38.4766) with 200 queries.
Average Recall: 0.4489
Initial average recall with ef=100: 0.439355
Average Recall: 0.53605
Initial average recall with ef=150: 0.525108
Recall diff is too small for 1 consecutive steps, break.
Weighted average ef: 2239.04
Training convergence-bucket 2 [38.4766, 41.697) with 200 queries.
Average Recall: 0.48365
Initial average recall with ef=100: 0.479779
Average Recall: 0.56805
Initial average recall with ef=150: 0.566243
Recall diff is too small for 1 consecutive steps, break.
Weighted average ef: 1747.28
Training convergence-bucket 3 [41.697, 44.6557) with 200 queries.
Average Recall: 0.54165
Initial average recall with ef=100: 0.541023
Average Recall: 0.62615
Initial average recall with ef=150: 0.625795
Weighted average ef: 1262.29
Training convergence-bucket 4 [44.6557, 47.7374) with 200 queries.
Average Recall: 0.5804
Initial average recall with ef=100: 0.593373
Average Recall: 0.66185
Initial average recall with ef=150: 0.67213
Weighted average ef: 999.505
Training convergence-bucket 5 [47.7374, 51.5026) with 200 queries.
Average Recall: 0.64955
Initial average recall with ef=100: 0.658457
Average Recall: 0.72365
Initial average recall with ef=150: 0.732901
Weighted average ef: 727.255
Training convergence-bucket 6 [51.5026, 55.611) with 200 queries.
Average Recall: 0.71555
Initial average recall with ef=100: 0.741097
Average Recall: 0.79085
Initial average recall with ef=150: 0.815032
Weighted average ef: 402.785
Training convergence-bucket 7 [55.611, 61.3231) with 200 queries.
Average Recall: 0.78645
Initial average recall with ef=100: 0.78988
Average Recall: 0.8553
Initial average recall with ef=150: 0.856988
Weighted average ef: 317.375
Training convergence-bucket 8 [61.3231, 69.2789) with 200 queries.
Average Recall: 0.86785
Initial average recall with ef=100: 0.877326
Average Recall: 0.91895
Initial average recall with ef=150: 0.928081
Weighted average ef: 193.75
Training convergence-bucket 9 [69.2789, inf) with 200 queries.
Average Recall: 0.937086
Initial average recall with ef=100: 0.940615
Average Recall: 0.960252
Initial average recall with ef=150: 0.960923
Recall diff is too small for 1 consecutive steps, break.
Weighted average ef: 85.715
Reconstructed True WAE: 1035.68 (Hard Pct: 0.0087)
Search time: 8716 ms
Search time: 8955 ms
Search time: 8982 ms
Average Recall: 0.97009
5th percentile recall: 0.9
1st percentile recall: 0.84
Median search time: 8955 ms
Search times: 8716 ms, 8955 ms, 8982 ms,
tiny5m-384-euclidean experiment results:
statisc_length, time, avg_recall, 5th_percentile_recall, 1st_percentile_recall, recall_above_99, recall_above_95, recall_above_90
1025, 8955, 0.97009, 0.9, 0.84, 495, 760, 939
Experiment finished


Dataset: msmarco
Metric: cd
Normalize the data vectors
Data vectors dimensions: 8841823 x 1536
Query vectors dimensions: 6980 x 1536
Neighbors dimensions: 6980 x 1000
Using AVX Inner Product distance
Index loaded
Dimension of space:1536
Data size of space:6144

--- min_queries_per_score: 0 ---

Loading samplings from /opt/nfs_dcc/experiments/shiro-ef/sampling/msmarco-samplings--k1000-ef.bin
Samplings loaded from /opt/nfs_dcc/experiments/shiro-ef/sampling/msmarco-samplings--k1000-ef.bin
Average Recall: 0.955378
Initial average recall with ef=1000: 0.955378
Average Recall: 0.974453
Initial average recall with ef=1500: 0.974451
Weighted average ef: 1352.09
Training convergence-bucket 0 [19.2318, 58.2438) with 200 queries.
Average Recall: 0.874515
Initial average recall with ef=1000: 0.874515
Average Recall: 0.918875
Initial average recall with ef=1500: 0.918875
Weighted average ef: 2546.4
Training convergence-bucket 1 [58.2438, 62.8149) with 200 queries.
Average Recall: 0.89819
Initial average recall with ef=1000: 0.89819
Average Recall: 0.93833
Initial average recall with ef=1500: 0.93833
Weighted average ef: 2127.77
Training convergence-bucket 2 [62.8149, 68.6883) with 200 queries.
Average Recall: 0.91965
Initial average recall with ef=1000: 0.91965
Average Recall: 0.95167
Initial average recall with ef=1500: 0.95167
Weighted average ef: 1802.5
Training convergence-bucket 3 [68.6883, 74.4855) with 200 queries.
Average Recall: 0.960615
Initial average recall with ef=1000: 0.960615
Average Recall: 0.9801
Initial average recall with ef=1500: 0.9801
Weighted average ef: 1180
Training convergence-bucket 4 [74.4855, 77.6447) with 200 queries.
Average Recall: 0.970939
Initial average recall with ef=1000: 0.97094
Average Recall: 0.985634
Initial average recall with ef=1500: 0.985635
Weighted average ef: 1082.5
Training convergence-bucket 5 [77.6447, 79.5736) with 200 queries.
Average Recall: 0.97774
Initial average recall with ef=1000: 0.97774
Average Recall: 0.98963
Initial average recall with ef=1500: 0.98963
Weighted average ef: 1038.75
Training convergence-bucket 6 [79.5736, 81.3105) with 200 queries.
Average Recall: 0.983585
Initial average recall with ef=1000: 0.983585
Average Recall: 0.99276
Initial average recall with ef=1500: 0.99276
Weighted average ef: 1005
Training convergence-bucket 7 [81.3105, 82.9138) with 200 queries.
Average Recall: 0.988055
Initial average recall with ef=1000: 0.988055
Average Recall: 0.995169
Initial average recall with ef=1500: 0.99517
Weighted average ef: 1015
Training convergence-bucket 8 [82.9138, 84.7095) with 200 queries.
Average Recall: 0.98707
Initial average recall with ef=1000: 0.98707
Average Recall: 0.9944
Initial average recall with ef=1500: 0.9944
Weighted average ef: 1020.2
Training convergence-bucket 9 [84.7095, inf) with 200 queries.
Average Recall: 0.993415
Initial average recall with ef=1000: 0.993415
Average Recall: 0.997945
Initial average recall with ef=1500: 0.997945
Weighted average ef: 1000
Reconstructed True WAE: 1098.27 (Hard Pct: 0.02575)
Search time: 87477 ms
Search time: 131054 ms
Search time: 148959 ms
Average Recall: 0.966362
5th percentile recall: 0.881
1st percentile recall: 0.814
Median search time: 131054 ms
Search times: 87477 ms, 131054 ms, 148959 ms,
msmarco experiment results:
statisc_length, time, avg_recall, 5th_percentile_recall, 1st_percentile_recall, recall_above_99, recall_above_95, recall_above_90
1025, 131054, 0.966362, 0.881, 0.814, 2511, 5381, 6442
Experiment finished

--- min_queries_per_score: 1 ---

Loading samplings from /opt/nfs_dcc/experiments/shiro-ef/sampling/msmarco-samplings--k1000-ef.bin
Samplings loaded from /opt/nfs_dcc/experiments/shiro-ef/sampling/msmarco-samplings--k1000-ef.bin
Average Recall: 0.955378
Initial average recall with ef=1000: 0.955378
Average Recall: 0.974453
Initial average recall with ef=1500: 0.974451
Weighted average ef: 1352.09
Training convergence-bucket 0 [19.2318, 58.2438) with 200 queries.
Average Recall: 0.874515
Initial average recall with ef=1000: 0.874515
Average Recall: 0.918875
Initial average recall with ef=1500: 0.918875
Weighted average ef: 2546.4
Training convergence-bucket 1 [58.2438, 62.8149) with 200 queries.
Average Recall: 0.89819
Initial average recall with ef=1000: 0.89819
Average Recall: 0.93833
Initial average recall with ef=1500: 0.93833
Weighted average ef: 2127.77
Training convergence-bucket 2 [62.8149, 68.6883) with 200 queries.
Average Recall: 0.91965
Initial average recall with ef=1000: 0.91965
Average Recall: 0.95167
Initial average recall with ef=1500: 0.95167
Weighted average ef: 1802.5
Training convergence-bucket 3 [68.6883, 74.4855) with 200 queries.
Average Recall: 0.960615
Initial average recall with ef=1000: 0.960615
Average Recall: 0.9801
Initial average recall with ef=1500: 0.9801
Weighted average ef: 1180
Training convergence-bucket 4 [74.4855, 77.6447) with 200 queries.
Average Recall: 0.970939
Initial average recall with ef=1000: 0.97094
Average Recall: 0.985634
Initial average recall with ef=1500: 0.985635
Weighted average ef: 1082.5
Training convergence-bucket 5 [77.6447, 79.5736) with 200 queries.
Average Recall: 0.97774
Initial average recall with ef=1000: 0.97774
Average Recall: 0.98963
Initial average recall with ef=1500: 0.98963
Weighted average ef: 1038.75
Training convergence-bucket 6 [79.5736, 81.3105) with 200 queries.
Average Recall: 0.983585
Initial average recall with ef=1000: 0.983585
Average Recall: 0.99276
Initial average recall with ef=1500: 0.99276
Weighted average ef: 1005
Training convergence-bucket 7 [81.3105, 82.9138) with 200 queries.
Average Recall: 0.988055
Initial average recall with ef=1000: 0.988055
Average Recall: 0.995169
Initial average recall with ef=1500: 0.99517
Weighted average ef: 1015
Training convergence-bucket 8 [82.9138, 84.7095) with 200 queries.
Average Recall: 0.98707
Initial average recall with ef=1000: 0.98707
Average Recall: 0.9944
Initial average recall with ef=1500: 0.9944
Weighted average ef: 1020.2
Training convergence-bucket 9 [84.7095, inf) with 200 queries.
Average Recall: 0.993415
Initial average recall with ef=1000: 0.993415
Average Recall: 0.997945
Initial average recall with ef=1500: 0.997945
Weighted average ef: 1000
Reconstructed True WAE: 1098.27 (Hard Pct: 0.02575)
Search time: 151324 ms
Search time: 152327 ms
Search time: 152094 ms
Average Recall: 0.966362
5th percentile recall: 0.881
1st percentile recall: 0.814
Median search time: 152094 ms
Search times: 151324 ms, 152094 ms, 152327 ms,
msmarco experiment results:
statisc_length, time, avg_recall, 5th_percentile_recall, 1st_percentile_recall, recall_above_99, recall_above_95, recall_above_90
1025, 152094, 0.966362, 0.881, 0.814, 2511, 5381, 6442
Experiment finished

--- min_queries_per_score: 3 ---

Loading samplings from /opt/nfs_dcc/experiments/shiro-ef/sampling/msmarco-samplings--k1000-ef.bin
Samplings loaded from /opt/nfs_dcc/experiments/shiro-ef/sampling/msmarco-samplings--k1000-ef.bin
Average Recall: 0.955378
Initial average recall with ef=1000: 0.955447
Average Recall: 0.974453
Initial average recall with ef=1500: 0.974515
Weighted average ef: 1344.14
Training convergence-bucket 0 [19.2318, 58.2438) with 200 queries.
Average Recall: 0.874515
Initial average recall with ef=1000: 0.867872
Average Recall: 0.918875
Initial average recall with ef=1500: 0.914822
Weighted average ef: 2360.63
Training convergence-bucket 1 [58.2438, 62.8149) with 200 queries.
Average Recall: 0.89819
Initial average recall with ef=1000: 0.895935
Average Recall: 0.93833
Initial average recall with ef=1500: 0.93693
Weighted average ef: 1993.05
Training convergence-bucket 2 [62.8149, 68.6883) with 200 queries.
Average Recall: 0.91965
Initial average recall with ef=1000: 0.912972
Average Recall: 0.95167
Initial average recall with ef=1500: 0.947394
Weighted average ef: 1657.5
Training convergence-bucket 3 [68.6883, 74.4855) with 200 queries.
Average Recall: 0.960615
Initial average recall with ef=1000: 0.959193
Average Recall: 0.9801
Initial average recall with ef=1500: 0.979544
Weighted average ef: 1007.5
Training convergence-bucket 4 [74.4855, 77.6447) with 200 queries.
Average Recall: 0.970939
Initial average recall with ef=1000: 0.969285
Average Recall: 0.985634
Initial average recall with ef=1500: 0.984645
Weighted average ef: 935
Training convergence-bucket 5 [77.6447, 79.5736) with 200 queries.
Average Recall: 0.97774
Initial average recall with ef=1000: 0.977437
Average Recall: 0.98963
Initial average recall with ef=1500: 0.989215
Weighted average ef: 860
Training convergence-bucket 6 [79.5736, 81.3105) with 200 queries.
Average Recall: 0.983585
Initial average recall with ef=1000: 0.983953
Average Recall: 0.99276
Initial average recall with ef=1500: 0.992895
Weighted average ef: 855
Training convergence-bucket 7 [81.3105, 82.9138) with 200 queries.
Average Recall: 0.988055
Initial average recall with ef=1000: 0.988503
Average Recall: 0.995169
Initial average recall with ef=1500: 0.995414
Weighted average ef: 915
Training convergence-bucket 8 [82.9138, 84.7095) with 200 queries.
Average Recall: 0.98707
Initial average recall with ef=1000: 0.989314
Average Recall: 0.9944
Initial average recall with ef=1500: 0.995852
Weighted average ef: 875
Training convergence-bucket 9 [84.7095, inf) with 200 queries.
Average Recall: 0.993415
Initial average recall with ef=1000: 0.994253
Average Recall: 0.997945
Initial average recall with ef=1500: 0.998281
Weighted average ef: 890
Reconstructed True WAE: 1108.77 (Hard Pct: 0.02575)
Search time: 155400 ms
Search time: 155802 ms
Search time: 154791 ms
Average Recall: 0.967171
5th percentile recall: 0.882
1st percentile recall: 0.816
Median search time: 155400 ms
Search times: 154791 ms, 155400 ms, 155802 ms,
msmarco experiment results:
statisc_length, time, avg_recall, 5th_percentile_recall, 1st_percentile_recall, recall_above_99, recall_above_95, recall_above_90
1025, 155400, 0.967171, 0.882, 0.816, 2567, 5416, 6463
Experiment finished

--- min_queries_per_score: 5 ---

Loading samplings from /opt/nfs_dcc/experiments/shiro-ef/sampling/msmarco-samplings--k1000-ef.bin
Samplings loaded from /opt/nfs_dcc/experiments/shiro-ef/sampling/msmarco-samplings--k1000-ef.bin
Average Recall: 0.955378
Initial average recall with ef=1000: 0.956333
Average Recall: 0.974453
Initial average recall with ef=1500: 0.975179
Weighted average ef: 1316.03
Training convergence-bucket 0 [19.2318, 58.2438) with 200 queries.
Average Recall: 0.874515
Initial average recall with ef=1000: 0.869321
Average Recall: 0.918875
Initial average recall with ef=1500: 0.916089
Weighted average ef: 2183.21
Training convergence-bucket 1 [58.2438, 62.8149) with 200 queries.
Average Recall: 0.89819
Initial average recall with ef=1000: 0.897407
Average Recall: 0.93833
Initial average recall with ef=1500: 0.938137
Weighted average ef: 1929.69
Training convergence-bucket 2 [62.8149, 68.6883) with 200 queries.
Average Recall: 0.91965
Initial average recall with ef=1000: 0.905653
Average Recall: 0.95167
Initial average recall with ef=1500: 0.942702
Weighted average ef: 1415.4
Training convergence-bucket 3 [68.6883, 74.4855) with 200 queries.
Average Recall: 0.960615
Initial average recall with ef=1000: 0.959375
Average Recall: 0.9801
Initial average recall with ef=1500: 0.979763
Weighted average ef: 882.5
Training convergence-bucket 4 [74.4855, 77.6447) with 200 queries.
Average Recall: 0.970939
Initial average recall with ef=1000: 0.968422
Average Recall: 0.985634
Initial average recall with ef=1500: 0.984293
Weighted average ef: 747.5
Training convergence-bucket 5 [77.6447, 79.5736) with 200 queries.
Average Recall: 0.97774
Initial average recall with ef=1000: 0.975857
Average Recall: 0.98963
Initial average recall with ef=1500: 0.988484
Weighted average ef: 655
Training convergence-bucket 6 [79.5736, 81.3105) with 200 queries.
Average Recall: 0.983585
Initial average recall with ef=1000: 0.985631
Average Recall: 0.99276
Initial average recall with ef=1500: 0.993486
Weighted average ef: 515
Training convergence-bucket 7 [81.3105, 82.9138) with 200 queries.
Average Recall: 0.988055
Initial average recall with ef=1000: 0.990201
Average Recall: 0.995169
Initial average recall with ef=1500: 0.996468
Weighted average ef: 695
Training convergence-bucket 8 [82.9138, 84.7095) with 200 queries.
Average Recall: 0.98707
Initial average recall with ef=1000: 0.990724
Average Recall: 0.9944
Initial average recall with ef=1500: 0.996448
Weighted average ef: 525
Training convergence-bucket 9 [84.7095, inf) with 200 queries.
Average Recall: 0.993415
Initial average recall with ef=1000: 0.994993
Average Recall: 0.997945
Initial average recall with ef=1500: 0.998615
Weighted average ef: 650
Reconstructed True WAE: 1131.83 (Hard Pct: 0.02575)
Search time: 155096 ms
Search time: 155876 ms
Search time: 154951 ms
Average Recall: 0.967074
5th percentile recall: 0.881
1st percentile recall: 0.811
Median search time: 155096 ms
Search times: 154951 ms, 155096 ms, 155876 ms,
msmarco experiment results:
statisc_length, time, avg_recall, 5th_percentile_recall, 1st_percentile_recall, recall_above_99, recall_above_95, recall_above_90
1025, 155096, 0.967075, 0.881, 0.811, 2651, 5408, 6442
Experiment finished


Dataset: cluster_mg_uniform_100d
Metric: cd
Normalize the data vectors
Data vectors dimensions: 10000000 x 100
Query vectors dimensions: 10000 x 100
Neighbors dimensions: 10000 x 1000
Using AVX Inner Product distance
Index loaded
Dimension of space:100
Data size of space:400

--- min_queries_per_score: 0 ---

Loading samplings from /opt/nfs_dcc/experiments/shiro-ef/sampling/cluster_mg_uniform_100d-samplings--k1000-ef.bin
Samplings loaded from /opt/nfs_dcc/experiments/shiro-ef/sampling/cluster_mg_uniform_100d-samplings--k1000-ef.bin
Average Recall: 0.998367
Initial average recall with ef=1000: 0.996869
Average Recall: 0.998591
Initial average recall with ef=1500: 0.998091
Weighted average ef: 1005
Training convergence-bucket 0 [3.2733, 46.3221) with 200 queries.
Average Recall: 0.997678
Initial average recall with ef=1000: 0.99269
Average Recall: 0.99792
Initial average recall with ef=1500: 0.99792
Weighted average ef: 1000
Training convergence-bucket 1 [46.3221, 58.1429) with 200 queries.
Average Recall: 0.998131
Initial average recall with ef=1000: 0.98815
Average Recall: 0.998336
Initial average recall with ef=1500: 0.993345
Weighted average ef: 1000
Training convergence-bucket 2 [58.1429, 63.4005) with 200 queries.
Average Recall: 0.998309
Initial average recall with ef=1000: 0.99831
Average Recall: 0.998555
Initial average recall with ef=1500: 0.998555
Weighted average ef: 1000
Training convergence-bucket 3 [63.4005, 65.6682) with 200 queries.
Average Recall: 0.998444
Initial average recall with ef=1000: 0.998445
Average Recall: 0.99866
Initial average recall with ef=1500: 0.99866
Weighted average ef: 1000
Training convergence-bucket 4 [65.6682, 67.4349) with 200 queries.
Average Recall: 0.998599
Initial average recall with ef=1000: 0.998599
Average Recall: 0.9988
Initial average recall with ef=1500: 0.9988
Weighted average ef: 1000
Training convergence-bucket 5 [67.4349, 68.8189) with 200 queries.
Average Recall: 0.998389
Initial average recall with ef=1000: 0.998389
Average Recall: 0.99862
Initial average recall with ef=1500: 0.99862
Weighted average ef: 1000
Training convergence-bucket 6 [68.8189, 70.0904) with 200 queries.
Average Recall: 0.998744
Initial average recall with ef=1000: 0.998744
Average Recall: 0.998995
Initial average recall with ef=1500: 0.998995
Weighted average ef: 1000
Training convergence-bucket 7 [70.0904, 71.4857) with 200 queries.
Average Recall: 0.998335
Initial average recall with ef=1000: 0.998335
Average Recall: 0.998505
Initial average recall with ef=1500: 0.998505
Weighted average ef: 1000
Training convergence-bucket 8 [71.4857, 73.4092) with 200 queries.
Average Recall: 0.99842
Initial average recall with ef=1000: 0.99842
Average Recall: 0.998655
Initial average recall with ef=1500: 0.998655
Weighted average ef: 1000
Training convergence-bucket 9 [73.4092, inf) with 200 queries.
Average Recall: 0.998569
Initial average recall with ef=1000: 0.99857
Average Recall: 0.998825
Initial average recall with ef=1500: 0.998825
Weighted average ef: 1000
Reconstructed True WAE: 1000 (Hard Pct: 0.00905)
Search time: 14835 ms
Search time: 15575 ms
Search time: 14930 ms
Average Recall: 0.996558
5th percentile recall: 0.994
1st percentile recall: 0.988
Median search time: 14930 ms
Search times: 14835 ms, 14930 ms, 15575 ms,
cluster_mg_uniform_100d experiment results:
statisc_length, time, avg_recall, 5th_percentile_recall, 1st_percentile_recall, recall_above_99, recall_above_95, recall_above_90
1025, 14930, 0.996558, 0.994, 0.988, 9867, 9981, 9981
Experiment finished

--- min_queries_per_score: 1 ---

Loading samplings from /opt/nfs_dcc/experiments/shiro-ef/sampling/cluster_mg_uniform_100d-samplings--k1000-ef.bin
Samplings loaded from /opt/nfs_dcc/experiments/shiro-ef/sampling/cluster_mg_uniform_100d-samplings--k1000-ef.bin
Average Recall: 0.998367
Initial average recall with ef=1000: 0.996869
Average Recall: 0.998591
Initial average recall with ef=1500: 0.998091
Weighted average ef: 1005
Training convergence-bucket 0 [3.2733, 46.3221) with 200 queries.
Average Recall: 0.997678
Initial average recall with ef=1000: 0.99269
Average Recall: 0.99792
Initial average recall with ef=1500: 0.99792
Weighted average ef: 1000
Training convergence-bucket 1 [46.3221, 58.1429) with 200 queries.
Average Recall: 0.998131
Initial average recall with ef=1000: 0.98815
Average Recall: 0.998336
Initial average recall with ef=1500: 0.993345
Weighted average ef: 1000
Training convergence-bucket 2 [58.1429, 63.4005) with 200 queries.
Average Recall: 0.998309
Initial average recall with ef=1000: 0.99831
Average Recall: 0.998555
Initial average recall with ef=1500: 0.998555
Weighted average ef: 1000
Training convergence-bucket 3 [63.4005, 65.6682) with 200 queries.
Average Recall: 0.998444
Initial average recall with ef=1000: 0.998445
Average Recall: 0.99866
Initial average recall with ef=1500: 0.99866
Weighted average ef: 1000
Training convergence-bucket 4 [65.6682, 67.4349) with 200 queries.
Average Recall: 0.998599
Initial average recall with ef=1000: 0.998599
Average Recall: 0.9988
Initial average recall with ef=1500: 0.9988
Weighted average ef: 1000
Training convergence-bucket 5 [67.4349, 68.8189) with 200 queries.
Average Recall: 0.998389
Initial average recall with ef=1000: 0.998389
Average Recall: 0.99862
Initial average recall with ef=1500: 0.99862
Weighted average ef: 1000
Training convergence-bucket 6 [68.8189, 70.0904) with 200 queries.
Average Recall: 0.998744
Initial average recall with ef=1000: 0.998744
Average Recall: 0.998995
Initial average recall with ef=1500: 0.998995
Weighted average ef: 1000
Training convergence-bucket 7 [70.0904, 71.4857) with 200 queries.
Average Recall: 0.998335
Initial average recall with ef=1000: 0.998335
Average Recall: 0.998505
Initial average recall with ef=1500: 0.998505
Weighted average ef: 1000
Training convergence-bucket 8 [71.4857, 73.4092) with 200 queries.
Average Recall: 0.99842
Initial average recall with ef=1000: 0.99842
Average Recall: 0.998655
Initial average recall with ef=1500: 0.998655
Weighted average ef: 1000
Training convergence-bucket 9 [73.4092, inf) with 200 queries.
Average Recall: 0.998569
Initial average recall with ef=1000: 0.99857
Average Recall: 0.998825
Initial average recall with ef=1500: 0.998825
Weighted average ef: 1000
Reconstructed True WAE: 1000 (Hard Pct: 0.00905)
Search time: 14891 ms
Search time: 15599 ms
Search time: 15094 ms
Average Recall: 0.996558
5th percentile recall: 0.994
1st percentile recall: 0.988
Median search time: 15094 ms
Search times: 14891 ms, 15094 ms, 15599 ms,
cluster_mg_uniform_100d experiment results:
statisc_length, time, avg_recall, 5th_percentile_recall, 1st_percentile_recall, recall_above_99, recall_above_95, recall_above_90
1025, 15094, 0.996558, 0.994, 0.988, 9867, 9981, 9981
Experiment finished

--- min_queries_per_score: 3 ---

Loading samplings from /opt/nfs_dcc/experiments/shiro-ef/sampling/cluster_mg_uniform_100d-samplings--k1000-ef.bin
Samplings loaded from /opt/nfs_dcc/experiments/shiro-ef/sampling/cluster_mg_uniform_100d-samplings--k1000-ef.bin
Average Recall: 0.998367
Initial average recall with ef=1000: 0.996849
Average Recall: 0.998591
Initial average recall with ef=1500: 0.998095
Weighted average ef: 990
Training convergence-bucket 0 [3.2733, 46.3221) with 200 queries.
Average Recall: 0.997678
Initial average recall with ef=1000: 0.992208
Average Recall: 0.99792
Initial average recall with ef=1500: 0.99788
Weighted average ef: 915
Training convergence-bucket 1 [46.3221, 58.1429) with 200 queries.
Average Recall: 0.998131
Initial average recall with ef=1000: 0.987645
Average Recall: 0.998336
Initial average recall with ef=1500: 0.993143
Weighted average ef: 945
Training convergence-bucket 2 [58.1429, 63.4005) with 200 queries.
Average Recall: 0.998309
Initial average recall with ef=1000: 0.998429
Average Recall: 0.998555
Initial average recall with ef=1500: 0.998695
Weighted average ef: 920
Training convergence-bucket 3 [63.4005, 65.6682) with 200 queries.
Average Recall: 0.998444
Initial average recall with ef=1000: 0.99845
Average Recall: 0.99866
Initial average recall with ef=1500: 0.998668
Weighted average ef: 965
Training convergence-bucket 4 [65.6682, 67.4349) with 200 queries.
Average Recall: 0.998599
Initial average recall with ef=1000: 0.998668
Average Recall: 0.9988
Initial average recall with ef=1500: 0.998872
Weighted average ef: 980
Training convergence-bucket 5 [67.4349, 68.8189) with 200 queries.
Average Recall: 0.998389
Initial average recall with ef=1000: 0.998369
Average Recall: 0.99862
Initial average recall with ef=1500: 0.998604
Weighted average ef: 960
Training convergence-bucket 6 [68.8189, 70.0904) with 200 queries.
Average Recall: 0.998744
Initial average recall with ef=1000: 0.998735
Average Recall: 0.998995
Initial average recall with ef=1500: 0.998989
Weighted average ef: 985
Training convergence-bucket 7 [70.0904, 71.4857) with 200 queries.
Average Recall: 0.998335
Initial average recall with ef=1000: 0.998323
Average Recall: 0.998505
Initial average recall with ef=1500: 0.998495
Weighted average ef: 990
Training convergence-bucket 8 [71.4857, 73.4092) with 200 queries.
Average Recall: 0.99842
Initial average recall with ef=1000: 0.998464
Average Recall: 0.998655
Initial average recall with ef=1500: 0.998694
Weighted average ef: 980
Training convergence-bucket 9 [73.4092, inf) with 200 queries.
Average Recall: 0.998569
Initial average recall with ef=1000: 0.99857
Average Recall: 0.998825
Initial average recall with ef=1500: 0.998825
Weighted average ef: 1000
Reconstructed True WAE: 1000 (Hard Pct: 0.00905)
Search time: 15037 ms
Search time: 15640 ms
Search time: 15124 ms
Average Recall: 0.996558
5th percentile recall: 0.994
1st percentile recall: 0.988
Median search time: 15124 ms
Search times: 15037 ms, 15124 ms, 15640 ms,
cluster_mg_uniform_100d experiment results:
statisc_length, time, avg_recall, 5th_percentile_recall, 1st_percentile_recall, recall_above_99, recall_above_95, recall_above_90
1025, 15124, 0.996558, 0.994, 0.988, 9867, 9981, 9981
Experiment finished

--- min_queries_per_score: 5 ---

Loading samplings from /opt/nfs_dcc/experiments/shiro-ef/sampling/cluster_mg_uniform_100d-samplings--k1000-ef.bin
Samplings loaded from /opt/nfs_dcc/experiments/shiro-ef/sampling/cluster_mg_uniform_100d-samplings--k1000-ef.bin
Average Recall: 0.998367
Initial average recall with ef=1000: 7.19706e+17
Average Recall: 0.998591
Initial average recall with ef=1500: 0.998092
Weighted average ef: 986.5
Training convergence-bucket 0 [3.2733, 46.3221) with 200 queries.
Average Recall: 0.997678
Initial average recall with ef=1000: 0.991994
Average Recall: 0.99792
Initial average recall with ef=1500: 0.997864
Weighted average ef: 880
Training convergence-bucket 1 [46.3221, 58.1429) with 200 queries.
Average Recall: 0.998131
Initial average recall with ef=1000: 0.987645
Average Recall: 0.998336
Initial average recall with ef=1500: 0.993143
Weighted average ef: 945
Training convergence-bucket 2 [58.1429, 63.4005) with 200 queries.
Average Recall: 0.998309
Initial average recall with ef=1000: 0.998415
Average Recall: 0.998555
Initial average recall with ef=1500: 0.998679
Weighted average ef: 890
Training convergence-bucket 3 [63.4005, 65.6682) with 200 queries.
Average Recall: 0.998444
Initial average recall with ef=1000: 0.998444
Average Recall: 0.99866
Initial average recall with ef=1500: 0.998652
Weighted average ef: 935
Training convergence-bucket 4 [65.6682, 67.4349) with 200 queries.
Average Recall: 0.998599
Initial average recall with ef=1000: 0.99865
Average Recall: 0.9988
Initial average recall with ef=1500: 0.998859
Weighted average ef: 960
Training convergence-bucket 5 [67.4349, 68.8189) with 200 queries.
Average Recall: 0.998389
Initial average recall with ef=1000: 0.998377
Average Recall: 0.99862
Initial average recall with ef=1500: 0.998595
Weighted average ef: 940
Training convergence-bucket 6 [68.8189, 70.0904) with 200 queries.
Average Recall: 0.998744
Initial average recall with ef=1000: 0.998724
Average Recall: 0.998995
Initial average recall with ef=1500: 0.998984
Weighted average ef: 945
Training convergence-bucket 7 [70.0904, 71.4857) with 200 queries.
Average Recall: 0.998335
Initial average recall with ef=1000: 0.998375
Average Recall: 0.998505
Initial average recall with ef=1500: 0.998538
Weighted average ef: 920
Training convergence-bucket 8 [71.4857, 73.4092) with 200 queries.
Average Recall: 0.99842
Initial average recall with ef=1000: 0.998513
Average Recall: 0.998655
Initial average recall with ef=1500: 0.998741
Weighted average ef: 965
Training convergence-bucket 9 [73.4092, inf) with 200 queries.
Average Recall: 0.998569
Initial average recall with ef=1000: 0.998612
Average Recall: 0.998825
Initial average recall with ef=1500: 0.998864
Weighted average ef: 955
Reconstructed True WAE: 1000 (Hard Pct: 0.00905)
Search time: 14944 ms
Search time: 15645 ms
Search time: 15145 ms
Average Recall: 0.996558
5th percentile recall: 0.994
1st percentile recall: 0.988
Median search time: 15145 ms
Search times: 14944 ms, 15145 ms, 15645 ms,
cluster_mg_uniform_100d experiment results:
statisc_length, time, avg_recall, 5th_percentile_recall, 1st_percentile_recall, recall_above_99, recall_above_95, recall_above_90
1025, 15145, 0.996558, 0.994, 0.988, 9867, 9981, 9981
Experiment finished


Dataset: cluster_mg_zipf_100d
Metric: cd
Normalize the data vectors
Data vectors dimensions: 10000000 x 100
Query vectors dimensions: 10000 x 100
Neighbors dimensions: 10000 x 1000
Using AVX Inner Product distance
Index loaded
Dimension of space:100
Data size of space:400

--- min_queries_per_score: 0 ---

Loading samplings from /opt/nfs_dcc/experiments/shiro-ef/sampling/cluster_mg_zipf_100d-samplings--k1000-ef.bin
Samplings loaded from /opt/nfs_dcc/experiments/shiro-ef/sampling/cluster_mg_zipf_100d-samplings--k1000-ef.bin
Average Recall: 0.879212
Initial average recall with ef=1000: 0.87921
Average Recall: 0.912826
Initial average recall with ef=1500: 0.912824
Weighted average ef: 2669.62
Training convergence-bucket 0 [5.84972, 33.966) with 200 queries.
Average Recall: 0.707765
Initial average recall with ef=1000: 0.707765
Average Recall: 0.772885
Initial average recall with ef=1500: 0.772885
Weighted average ef: 4370
Training convergence-bucket 1 [33.966, 37.2128) with 200 queries.
Average Recall: 0.69999
Initial average recall with ef=1000: 0.69999
Average Recall: 0.76897
Initial average recall with ef=1500: 0.76897
Recall diff is too small for 1 consecutive steps, break.
Weighted average ef: 4809.31
Training convergence-bucket 2 [37.2128, 40.2354) with 200 queries.
Average Recall: 0.749055
Initial average recall with ef=1000: 0.749055
Average Recall: 0.81522
Initial average recall with ef=1500: 0.81522
Weighted average ef: 4426.42
Training convergence-bucket 3 [40.2354, 44.2506) with 200 queries.
Average Recall: 0.842555
Initial average recall with ef=1000: 0.842555
Average Recall: 0.89021
Initial average recall with ef=1500: 0.89021
Weighted average ef: 3601.88
Training convergence-bucket 4 [44.2506, 50.0958) with 200 queries.
Average Recall: 0.906565
Initial average recall with ef=1000: 0.906565
Average Recall: 0.946465
Initial average recall with ef=1500: 0.946465
Weighted average ef: 1862.73
Training convergence-bucket 5 [50.0958, 56.7429) with 200 queries.
Average Recall: 0.955325
Initial average recall with ef=1000: 0.955325
Average Recall: 0.97253
Initial average recall with ef=1500: 0.97253
Weighted average ef: 1201.07
Training convergence-bucket 6 [56.7429, 64.6342) with 200 queries.
Average Recall: 0.99071
Initial average recall with ef=1000: 0.99071
Average Recall: 0.995679
Initial average recall with ef=1500: 0.99568
Weighted average ef: 1011.67
Training convergence-bucket 7 [64.6342, 72.2459) with 200 queries.
Average Recall: 0.993864
Initial average recall with ef=1000: 0.993865
Average Recall: 0.99659
Initial average recall with ef=1500: 0.99659
Weighted average ef: 1003
Training convergence-bucket 8 [72.2459, 79.8512) with 200 queries.
Average Recall: 0.984275
Initial average recall with ef=1000: 0.984275
Average Recall: 0.9909
Initial average recall with ef=1500: 0.9909
Weighted average ef: 1002.5
Training convergence-bucket 9 [79.8512, inf) with 200 queries.
Average Recall: 0.962
Initial average recall with ef=1000: 0.962
Average Recall: 0.97879
Initial average recall with ef=1500: 0.97879
Weighted average ef: 1020
Reconstructed True WAE: 2431.93 (Hard Pct: 0.0012)
Search time: 83299 ms
Search time: 83298 ms
Search time: 83016 ms
Average Recall: 0.964993
5th percentile recall: 0.832
1st percentile recall: 0.797
Median search time: 83298 ms
Search times: 83016 ms, 83298 ms, 83299 ms,
cluster_mg_zipf_100d experiment results:
statisc_length, time, avg_recall, 5th_percentile_recall, 1st_percentile_recall, recall_above_99, recall_above_95, recall_above_90
1025, 83298, 0.964993, 0.832, 0.797, 5719, 7690, 8623
Experiment finished

--- min_queries_per_score: 1 ---

Loading samplings from /opt/nfs_dcc/experiments/shiro-ef/sampling/cluster_mg_zipf_100d-samplings--k1000-ef.bin
Samplings loaded from /opt/nfs_dcc/experiments/shiro-ef/sampling/cluster_mg_zipf_100d-samplings--k1000-ef.bin
Average Recall: 0.879212
Initial average recall with ef=1000: 0.87921
Average Recall: 0.912826
Initial average recall with ef=1500: 0.912824
Weighted average ef: 2669.62
Training convergence-bucket 0 [5.84972, 33.966) with 200 queries.
Average Recall: 0.707765
Initial average recall with ef=1000: 0.707765
Average Recall: 0.772885
Initial average recall with ef=1500: 0.772885
Weighted average ef: 4370
Training convergence-bucket 1 [33.966, 37.2128) with 200 queries.
Average Recall: 0.69999
Initial average recall with ef=1000: 0.69999
Average Recall: 0.76897
Initial average recall with ef=1500: 0.76897
Recall diff is too small for 1 consecutive steps, break.
Weighted average ef: 4809.31
Training convergence-bucket 2 [37.2128, 40.2354) with 200 queries.
Average Recall: 0.749055
Initial average recall with ef=1000: 0.749055
Average Recall: 0.81522
Initial average recall with ef=1500: 0.81522
Weighted average ef: 4426.42
Training convergence-bucket 3 [40.2354, 44.2506) with 200 queries.
Average Recall: 0.842555
Initial average recall with ef=1000: 0.842555
Average Recall: 0.89021
Initial average recall with ef=1500: 0.89021
Weighted average ef: 3601.88
Training convergence-bucket 4 [44.2506, 50.0958) with 200 queries.
Average Recall: 0.906565
Initial average recall with ef=1000: 0.906565
Average Recall: 0.946465
Initial average recall with ef=1500: 0.946465
Weighted average ef: 1862.73
Training convergence-bucket 5 [50.0958, 56.7429) with 200 queries.
Average Recall: 0.955325
Initial average recall with ef=1000: 0.955325
Average Recall: 0.97253
Initial average recall with ef=1500: 0.97253
Weighted average ef: 1201.07
Training convergence-bucket 6 [56.7429, 64.6342) with 200 queries.
Average Recall: 0.99071
Initial average recall with ef=1000: 0.99071
Average Recall: 0.995679
Initial average recall with ef=1500: 0.99568
Weighted average ef: 1011.67
Training convergence-bucket 7 [64.6342, 72.2459) with 200 queries.
Average Recall: 0.993864
Initial average recall with ef=1000: 0.993865
Average Recall: 0.99659
Initial average recall with ef=1500: 0.99659
Weighted average ef: 1003
Training convergence-bucket 8 [72.2459, 79.8512) with 200 queries.
Average Recall: 0.984275
Initial average recall with ef=1000: 0.984275
Average Recall: 0.9909
Initial average recall with ef=1500: 0.9909
Weighted average ef: 1002.5
Training convergence-bucket 9 [79.8512, inf) with 200 queries.
Average Recall: 0.962
Initial average recall with ef=1000: 0.962
Average Recall: 0.97879
Initial average recall with ef=1500: 0.97879
Weighted average ef: 1020
Reconstructed True WAE: 2431.93 (Hard Pct: 0.0012)
Search time: 83347 ms
Search time: 86203 ms
Search time: 83189 ms
Average Recall: 0.964993
5th percentile recall: 0.832
1st percentile recall: 0.797
Median search time: 83347 ms
Search times: 83189 ms, 83347 ms, 86203 ms,
cluster_mg_zipf_100d experiment results:
statisc_length, time, avg_recall, 5th_percentile_recall, 1st_percentile_recall, recall_above_99, recall_above_95, recall_above_90
1025, 83347, 0.964993, 0.832, 0.797, 5719, 7690, 8623
Experiment finished

--- min_queries_per_score: 3 ---

Loading samplings from /opt/nfs_dcc/experiments/shiro-ef/sampling/cluster_mg_zipf_100d-samplings--k1000-ef.bin
Samplings loaded from /opt/nfs_dcc/experiments/shiro-ef/sampling/cluster_mg_zipf_100d-samplings--k1000-ef.bin
Average Recall: 0.879212
Initial average recall with ef=1000: 0.879127
Average Recall: 0.912826
Initial average recall with ef=1500: 0.912578
Weighted average ef: 2664.91
Training convergence-bucket 0 [5.84972, 33.966) with 200 queries.
Average Recall: 0.707765
Initial average recall with ef=1000: 0.678811
Average Recall: 0.772885
Initial average recall with ef=1500: 0.749617
Weighted average ef: 4112.5
Training convergence-bucket 1 [33.966, 37.2128) with 200 queries.
Average Recall: 0.69999
Initial average recall with ef=1000: 0.696908
Average Recall: 0.76897
Initial average recall with ef=1500: 0.766418
Recall diff is too small for 1 consecutive steps, break.
Weighted average ef: 4761.79
Training convergence-bucket 2 [37.2128, 40.2354) with 200 queries.
Average Recall: 0.749055
Initial average recall with ef=1000: 0.745734
Average Recall: 0.81522
Initial average recall with ef=1500: 0.813026
Weighted average ef: 4305.39
Training convergence-bucket 3 [40.2354, 44.2506) with 200 queries.
Average Recall: 0.842555
Initial average recall with ef=1000: 0.842418
Average Recall: 0.89021
Initial average recall with ef=1500: 0.890242
Weighted average ef: 3510.45
Training convergence-bucket 4 [44.2506, 50.0958) with 200 queries.
Average Recall: 0.906565
Initial average recall with ef=1000: 0.910653
Average Recall: 0.946465
Initial average recall with ef=1500: 0.946063
Weighted average ef: 1775.74
Training convergence-bucket 5 [50.0958, 56.7429) with 200 queries.
Average Recall: 0.955325
Initial average recall with ef=1000: 0.966597
Average Recall: 0.97253
Initial average recall with ef=1500: 0.98323
Weighted average ef: 1095.1
Training convergence-bucket 6 [56.7429, 64.6342) with 200 queries.
Average Recall: 0.99071
Initial average recall with ef=1000: 0.991376
Average Recall: 0.995679
Initial average recall with ef=1500: 0.996258
Weighted average ef: 970
Training convergence-bucket 7 [64.6342, 72.2459) with 200 queries.
Average Recall: 0.993864
Initial average recall with ef=1000: 0.994328
Average Recall: 0.99659
Initial average recall with ef=1500: 0.996698
Weighted average ef: 960
Training convergence-bucket 8 [72.2459, 79.8512) with 200 queries.
Average Recall: 0.984275
Initial average recall with ef=1000: 0.984287
Average Recall: 0.9909
Initial average recall with ef=1500: 0.990949
Weighted average ef: 975
Training convergence-bucket 9 [79.8512, inf) with 200 queries.
Average Recall: 0.962
Initial average recall with ef=1000: 0.966633
Average Recall: 0.97879
Initial average recall with ef=1500: 0.983507
Weighted average ef: 995
Reconstructed True WAE: 2435.1 (Hard Pct: 0.0012)
Search time: 83056 ms
Search time: 83099 ms
Search time: 82775 ms
Average Recall: 0.964968
5th percentile recall: 0.832
1st percentile recall: 0.797
Median search time: 83056 ms
Search times: 82775 ms, 83056 ms, 83099 ms,
cluster_mg_zipf_100d experiment results:
statisc_length, time, avg_recall, 5th_percentile_recall, 1st_percentile_recall, recall_above_99, recall_above_95, recall_above_90
1025, 83056, 0.964968, 0.832, 0.797, 5723, 7691, 8625
Experiment finished

--- min_queries_per_score: 5 ---

Loading samplings from /opt/nfs_dcc/experiments/shiro-ef/sampling/cluster_mg_zipf_100d-samplings--k1000-ef.bin
Samplings loaded from /opt/nfs_dcc/experiments/shiro-ef/sampling/cluster_mg_zipf_100d-samplings--k1000-ef.bin
Average Recall: 0.879212
Initial average recall with ef=1000: 0.879003
Average Recall: 0.912826
Initial average recall with ef=1500: 0.912467
Weighted average ef: 2663.41
Training convergence-bucket 0 [5.84972, 33.966) with 200 queries.
Average Recall: 0.707765
Initial average recall with ef=1000: 0.678811
Average Recall: 0.772885
Initial average recall with ef=1500: 0.749617
Weighted average ef: 4112.5
Training convergence-bucket 1 [33.966, 37.2128) with 200 queries.
Average Recall: 0.69999
Initial average recall with ef=1000: 0.692575
Average Recall: 0.76897
Initial average recall with ef=1500: 0.762995
Recall diff is too small for 1 consecutive steps, break.
Weighted average ef: 4746.19
Training convergence-bucket 2 [37.2128, 40.2354) with 200 queries.
Average Recall: 0.749055
Initial average recall with ef=1000: 0.740088
Average Recall: 0.81522
Initial average recall with ef=1500: 0.808758
Weighted average ef: 4220.74
Training convergence-bucket 3 [40.2354, 44.2506) with 200 queries.
Average Recall: 0.842555
Initial average recall with ef=1000: 0.845295
Average Recall: 0.89021
Initial average recall with ef=1500: 0.892621
Weighted average ef: 3409.35
Training convergence-bucket 4 [44.2506, 50.0958) with 200 queries.
Average Recall: 0.906565
Initial average recall with ef=1000: 0.909882
Average Recall: 0.946465
Initial average recall with ef=1500: 0.945481
Weighted average ef: 1757.07
Training convergence-bucket 5 [50.0958, 56.7429) with 200 queries.
Average Recall: 0.955325
Initial average recall with ef=1000: 0.966597
Average Recall: 0.97253
Initial average recall with ef=1500: 0.98323
Weighted average ef: 1095.1
Training convergence-bucket 6 [56.7429, 64.6342) with 200 queries.
Average Recall: 0.99071
Initial average recall with ef=1000: 0.991376
Average Recall: 0.995679
Initial average recall with ef=1500: 0.996258
Weighted average ef: 970
Training convergence-bucket 7 [64.6342, 72.2459) with 200 queries.
Average Recall: 0.993864
Initial average recall with ef=1000: 0.99426
Average Recall: 0.99659
Initial average recall with ef=1500: 0.996649
Weighted average ef: 940
Training convergence-bucket 8 [72.2459, 79.8512) with 200 queries.
Average Recall: 0.984275
Initial average recall with ef=1000: 0.984287
Average Recall: 0.9909
Initial average recall with ef=1500: 0.990949
Weighted average ef: 975
Training convergence-bucket 9 [79.8512, inf) with 200 queries.
Average Recall: 0.962
Initial average recall with ef=1000: 0.966633
Average Recall: 0.97879
Initial average recall with ef=1500: 0.983507
Weighted average ef: 995
Reconstructed True WAE: 2452.31 (Hard Pct: 0.0012)
Search time: 83548 ms
Search time: 83807 ms
Search time: 83571 ms
Average Recall: 0.965037
5th percentile recall: 0.832
1st percentile recall: 0.797
Median search time: 83571 ms
Search times: 83548 ms, 83571 ms, 83807 ms,
cluster_mg_zipf_100d experiment results:
statisc_length, time, avg_recall, 5th_percentile_recall, 1st_percentile_recall, recall_above_99, recall_above_95, recall_above_90
1025, 83571, 0.965037, 0.832, 0.797, 5732, 7694, 8627
Experiment finished
