nohup: ignoring input
Starting experiments for Shiro-ef hnswdis library...


EXPERIMENTS_ROOT: /home/yc.shea/experiments/shiro-ef
Starting offline experiments...


Dataset: deep-image-96-angular
Metric: cd
Truncation ratio: 1
Normalize the data vectors
Data vectors dimensions: 9990000 x 96
Query vectors dimensions: 10000 x 96
Neighbors dimensions: 10000 x 100
Using AVX Inner Product distance
Index loaded
Dimension of space:96
Data size of space:384
Ground truth computed in 376355 ms
Sampling computing time: 398421 ms
Loading samplings from /home/yc.shea/experiments/shiro-ef/sampling/deep-image-96-angular-samplings--k100-ef.bin
Samplings loaded from /home/yc.shea/experiments/shiro-ef/sampling/deep-image-96-angular-samplings--k100-ef.bin
Average Recall: 0.833432
Initial average recall with ef=100: 0.833707
Average Recall: 0.882052
Initial average recall with ef=150: 0.882358
Weighted average ef: 397.202
EF-estimation table computing time: 37794 ms
Per-bucket recall: conv_p20=40.6448 hard_recall=0.95 easy_recall=0.98
Training convergence-bucket 0 [21.651, 37.6082) with 400 queries (recall=0.95).
Average Recall: 0.605825
Initial average recall with ef=100: 0.601844
Average Recall: 0.684925
Initial average recall with ef=150: 0.681558
Recall diff is too small for 1 consecutive steps, break.
Recall diff is too small for 1 consecutive steps, break.
Recall diff is too small for 1 consecutive steps, break.
Weighted average ef: 1075
Training convergence-bucket 1 [37.6082, 40.6448) with 400 queries (recall=0.95).
Average Recall: 0.63815
Initial average recall with ef=100: 0.634597
Average Recall: 0.715775
Initial average recall with ef=150: 0.713299
Weighted average ef: 895.115
Training convergence-bucket 2 [40.6448, 46.6753) with 400 queries (recall=0.98).
Average Recall: 0.722775
Initial average recall with ef=100: 0.721282
Average Recall: 0.7965
Initial average recall with ef=150: 0.795256
Recall diff is too small for 1 consecutive steps, break.
Recall diff is too small for 1 consecutive steps, break.
Weighted average ef: 1112.14
Training convergence-bucket 3 [46.6753, 51.2517) with 400 queries (recall=0.98).
Average Recall: 0.8142
Initial average recall with ef=100: 0.813582
Average Recall: 0.87745
Initial average recall with ef=150: 0.876959
Weighted average ef: 553.362
Training convergence-bucket 4 [51.2517, 54.8847) with 400 queries (recall=0.98).
Average Recall: 0.852775
Initial average recall with ef=100: 0.853646
Average Recall: 0.908975
Initial average recall with ef=150: 0.909531
Weighted average ef: 430.455
Training convergence-bucket 5 [54.8847, 58.5418) with 400 queries (recall=0.98).
Average Recall: 0.885125
Initial average recall with ef=100: 0.885452
Average Recall: 0.930175
Initial average recall with ef=150: 0.930698
Recall diff is too small for 1 consecutive steps, break.
Weighted average ef: 326.978
Training convergence-bucket 6 [58.5418, 63.2201) with 400 queries (recall=0.98).
Average Recall: 0.915625
Initial average recall with ef=100: 0.915959
Average Recall: 0.955201
Initial average recall with ef=150: 0.955448
Recall diff is too small for 1 consecutive steps, break.
Recall diff is too small for 1 consecutive steps, break.
Weighted average ef: 242.245
Training convergence-bucket 7 [63.2201, 68.0273) with 400 queries (recall=0.98).
Average Recall: 0.9421
Initial average recall with ef=100: 0.943899
Average Recall: 0.97085
Initial average recall with ef=150: 0.971899
Recall diff is too small for 1 consecutive steps, break.
Weighted average ef: 208.13
Training convergence-bucket 8 [68.0273, 74.8475) with 400 queries (recall=0.98).
Average Recall: 0.96895
Initial average recall with ef=100: 0.970025
Average Recall: 0.986075
Initial average recall with ef=150: 0.986929
Weighted average ef: 145.91
Training convergence-bucket 9 [74.8475, inf) with 400 queries (recall=0.98).
Average Recall: 0.988875
Initial average recall with ef=100: 0.991196
Average Recall: 0.9947
Initial average recall with ef=150: 0.996921
Weighted average ef: 104.25
Reconstructed True WAE: 239.915 (Hard Pct: 0.020025)
  Avg Ef Hard (bucketed): 1007.27 | Avg Ef Easy (bucketed): 224.235

Dataset: glove-100-angular
Metric: cd
Truncation ratio: 1
Normalize the data vectors
Data vectors dimensions: 1183514 x 100
Query vectors dimensions: 10000 x 100
Neighbors dimensions: 10000 x 100
Using AVX Inner Product distance
Index loaded
Dimension of space:100
Data size of space:400
Ground truth computed in 35870 ms
Sampling computing time: 57393 ms
Loading samplings from /home/yc.shea/experiments/shiro-ef/sampling/glove-100-angular-samplings--k100-ef.bin
Samplings loaded from /home/yc.shea/experiments/shiro-ef/sampling/glove-100-angular-samplings--k100-ef.bin
Average Recall: 0.739955
Initial average recall with ef=100: 0.739897
Average Recall: 0.783487
Initial average recall with ef=150: 0.783442
Weighted average ef: 1609.72
EF-estimation table computing time: 81712 ms
Per-bucket recall: conv_p20=34.9306 hard_recall=0.95 easy_recall=0.98
Training convergence-bucket 0 [9.49065, 29.1725) with 400 queries (recall=0.95).
Average Recall: 0.471375
Initial average recall with ef=100: 0.454632
Average Recall: 0.522575
Initial average recall with ef=150: 0.505553
Weighted average ef: 4214.07
Training convergence-bucket 1 [29.1725, 34.9306) with 400 queries (recall=0.95).
Average Recall: 0.4907
Initial average recall with ef=100: 0.477247
Average Recall: 0.551975
Initial average recall with ef=150: 0.53948
Weighted average ef: 3614.84
Training convergence-bucket 2 [34.9306, 39.5759) with 400 queries (recall=0.98).
Average Recall: 0.555725
Initial average recall with ef=100: 0.549689
Average Recall: 0.616575
Initial average recall with ef=150: 0.610492
Recall diff is too small for 1 consecutive steps, break.
Recall diff is too small for 1 consecutive steps, break.
Weighted average ef: 3903.48
Training convergence-bucket 3 [39.5759, 44.6133) with 400 queries (recall=0.98).
Average Recall: 0.634925
Initial average recall with ef=100: 0.629576
Average Recall: 0.697425
Initial average recall with ef=150: 0.693607
Recall diff is too small for 1 consecutive steps, break.
Recall diff is too small for 1 consecutive steps, break.
Recall diff is too small for 1 consecutive steps, break.
Recall diff is too small for 1 consecutive steps, break.
Recall diff is too small for 1 consecutive steps, break.
Weighted average ef: 3021.69
Training convergence-bucket 4 [44.6133, 50.0946) with 400 queries (recall=0.98).
Average Recall: 0.741875
Initial average recall with ef=100: 0.736649
Average Recall: 0.796475
Initial average recall with ef=150: 0.792181
Recall diff is too small for 1 consecutive steps, break.
Recall diff is too small for 1 consecutive steps, break.
Recall diff is too small for 1 consecutive steps, break.
Recall diff is too small for 1 consecutive steps, break.
Recall diff is too small for 1 consecutive steps, break.
Weighted average ef: 2027.86
Training convergence-bucket 5 [50.0946, 55.7339) with 400 queries (recall=0.98).
Average Recall: 0.808325
Initial average recall with ef=100: 0.8115
Average Recall: 0.85555
Initial average recall with ef=150: 0.859158
Recall diff is too small for 1 consecutive steps, break.
Recall diff is too small for 1 consecutive steps, break.
Recall diff is too small for 1 consecutive steps, break.
Weighted average ef: 1381.81
Training convergence-bucket 6 [55.7339, 61.5794) with 400 queries (recall=0.98).
Average Recall: 0.869625
Initial average recall with ef=100: 0.869639
Average Recall: 0.908625
Initial average recall with ef=150: 0.908943
Recall diff is too small for 1 consecutive steps, break.
Weighted average ef: 926.062
Training convergence-bucket 7 [61.5794, 67.8635) with 400 queries (recall=0.98).
Average Recall: 0.909126
Initial average recall with ef=100: 0.906907
Average Recall: 0.9374
Initial average recall with ef=150: 0.935747
Recall diff is too small for 1 consecutive steps, break.
Recall diff is too small for 1 consecutive steps, break.
Recall diff is too small for 1 consecutive steps, break.
Recall diff is too small for 1 consecutive steps, break.
Weighted average ef: 624.472
Training convergence-bucket 8 [67.8635, 73.9547) with 400 queries (recall=0.98).
Average Recall: 0.939275
Initial average recall with ef=100: 0.943255
Average Recall: 0.959
Initial average recall with ef=150: 0.962786
Recall diff is too small for 1 consecutive steps, break.
Weighted average ef: 453.52
Training convergence-bucket 9 [73.9547, inf) with 400 queries (recall=0.98).
Average Recall: 0.97865
Initial average recall with ef=100: 0.980177
Average Recall: 0.989325
Initial average recall with ef=150: 0.990658
Recall diff is too small for 1 consecutive steps, break.
Recall diff is too small for 1 consecutive steps, break.
Weighted average ef: 132.82
Reconstructed True WAE: 1459.76 (Hard Pct: 0.006175)
  Avg Ef Hard (bucketed): 4860.99 | Avg Ef Easy (bucketed): 1438.63

Dataset: word2vec-300-angular
Metric: cd
Truncation ratio: 1
Normalize the data vectors
Data vectors dimensions: 1000000 x 300
Query vectors dimensions: 1000 x 300
Neighbors dimensions: 1000 x 100
Using AVX Inner Product distance
Index loaded
Dimension of space:300
Data size of space:1200
Ground truth computed in 70624 ms
Sampling computing time: 99401 ms
Loading samplings from /home/yc.shea/experiments/shiro-ef/sampling/word2vec-300-angular-samplings--k100-ef.bin
Samplings loaded from /home/yc.shea/experiments/shiro-ef/sampling/word2vec-300-angular-samplings--k100-ef.bin
Average Recall: 0.822495
Initial average recall with ef=100: 0.822431
Average Recall: 0.869639
Initial average recall with ef=150: 0.869785
Weighted average ef: 493.303
EF-estimation table computing time: 29888 ms
Per-bucket recall: conv_p20=39.9181 hard_recall=0.95 easy_recall=0.98
Training convergence-bucket 0 [13.6502, 36.6718) with 400 queries (recall=0.95).
Average Recall: 0.59065
Initial average recall with ef=100: 0.588109
Average Recall: 0.671
Initial average recall with ef=150: 0.669249
Recall diff is too small for 1 consecutive steps, break.
Recall diff is too small for 1 consecutive steps, break.
Weighted average ef: 913.02
Training convergence-bucket 1 [36.6718, 39.9181) with 400 queries (recall=0.95).
Average Recall: 0.61225
Initial average recall with ef=100: 0.61733
Average Recall: 0.696525
Initial average recall with ef=150: 0.703141
Weighted average ef: 874.357
Training convergence-bucket 2 [39.9181, 46.1723) with 400 queries (recall=0.98).
Average Recall: 0.663334
Initial average recall with ef=100: 0.657139
Average Recall: 0.743575
Initial average recall with ef=150: 0.741916
Recall diff is too small for 1 consecutive steps, break.
Recall diff is too small for 1 consecutive steps, break.
Weighted average ef: 933.792
Training convergence-bucket 3 [46.1723, 52.7291) with 400 queries (recall=0.98).
Average Recall: 0.79045
Initial average recall with ef=100: 0.788628
Average Recall: 0.849375
Initial average recall with ef=150: 0.847836
Recall diff is too small for 1 consecutive steps, break.
Recall diff is too small for 1 consecutive steps, break.
Weighted average ef: 913.228
Training convergence-bucket 4 [52.7291, 57.7677) with 400 queries (recall=0.98).
Average Recall: 0.855825
Initial average recall with ef=100: 0.857599
Average Recall: 0.9069
Initial average recall with ef=150: 0.907863
Recall diff is too small for 1 consecutive steps, break.
Recall diff is too small for 1 consecutive steps, break.
Recall diff is too small for 1 consecutive steps, break.
Recall diff is too small for 1 consecutive steps, break.
Weighted average ef: 603.018
Training convergence-bucket 5 [57.7677, 61.9828) with 400 queries (recall=0.98).
Average Recall: 0.895575
Initial average recall with ef=100: 0.894033
Average Recall: 0.9315
Initial average recall with ef=150: 0.930545
Recall diff is too small for 1 consecutive steps, break.
Recall diff is too small for 1 consecutive steps, break.
Recall diff is too small for 1 consecutive steps, break.
Recall diff is too small for 1 consecutive steps, break.
Weighted average ef: 458.507
Training convergence-bucket 6 [61.9828, 65.908) with 400 queries (recall=0.98).
Average Recall: 0.925625
Initial average recall with ef=100: 0.926105
Average Recall: 0.954675
Initial average recall with ef=150: 0.9555
Weighted average ef: 303.242
Training convergence-bucket 7 [65.908, 69.9025) with 400 queries (recall=0.98).
Average Recall: 0.949126
Initial average recall with ef=100: 0.949332
Average Recall: 0.972051
Initial average recall with ef=150: 0.97262
Recall diff is too small for 1 consecutive steps, break.
Weighted average ef: 195.3
Training convergence-bucket 8 [69.9025, 73.9139) with 400 queries (recall=0.98).
Average Recall: 0.96515
Initial average recall with ef=100: 0.965091
Average Recall: 0.9826
Initial average recall with ef=150: 0.982739
Weighted average ef: 159.235
Training convergence-bucket 9 [73.9139, inf) with 400 queries (recall=0.98).
Average Recall: 0.976651
Initial average recall with ef=100: 0.976931
Average Recall: 0.988275
Initial average recall with ef=150: 0.988389
Weighted average ef: 133.475
Reconstructed True WAE: 234.871 (Hard Pct: 0.023875)
  Avg Ef Hard (bucketed): 934.496 | Avg Ef Easy (bucketed): 217.759

Dataset: sift10m-128-euclidean
Metric: l2
Truncation ratio: 1
Data vectors dimensions: 10000000 x 128
Query vectors dimensions: 1000 x 128
Neighbors dimensions: 1000 x 100
Index loaded
Dimension of space:128
Data size of space:512
Ground truth computed in 442166 ms
Sampling computing time: 465962 ms
Loading samplings from /home/yc.shea/experiments/shiro-ef/sampling/sift10m-128-euclidean-samplings--k100-ef.bin
Samplings loaded from /home/yc.shea/experiments/shiro-ef/sampling/sift10m-128-euclidean-samplings--k100-ef.bin
Average Recall: 0.854657
Initial average recall with ef=100: 0.854876
Average Recall: 0.900996
Initial average recall with ef=150: 0.901219
Recall diff is too small for 1 consecutive steps, break.
Weighted average ef: 304.489
EF-estimation table computing time: 21502 ms
Per-bucket recall: conv_p20=43.8437 hard_recall=0.95 easy_recall=0.98
Training convergence-bucket 0 [25.6326, 40.8198) with 400 queries (recall=0.95).
Average Recall: 0.65535
Initial average recall with ef=100: 0.652923
Average Recall: 0.73465
Initial average recall with ef=150: 0.732897
Recall diff is too small for 1 consecutive steps, break.
Weighted average ef: 730.415
Training convergence-bucket 1 [40.8198, 43.8437) with 400 queries (recall=0.95).
Average Recall: 0.689975
Initial average recall with ef=100: 0.688593
Average Recall: 0.767325
Initial average recall with ef=150: 0.766113
Weighted average ef: 649.535
Training convergence-bucket 2 [43.8437, 49.4131) with 400 queries (recall=0.98).
Average Recall: 0.76585
Initial average recall with ef=100: 0.763747
Average Recall: 0.835325
Initial average recall with ef=150: 0.833282
Recall diff is too small for 1 consecutive steps, break.
Weighted average ef: 714.21
Training convergence-bucket 3 [49.4131, 53.5096) with 400 queries (recall=0.98).
Average Recall: 0.83605
Initial average recall with ef=100: 0.834578
Average Recall: 0.89375
Initial average recall with ef=150: 0.892685
Recall diff is too small for 1 consecutive steps, break.
Weighted average ef: 482.753
Training convergence-bucket 4 [53.5096, 57.0384) with 400 queries (recall=0.98).
Average Recall: 0.8665
Initial average recall with ef=100: 0.866907
Average Recall: 0.917376
Initial average recall with ef=150: 0.917655
Recall diff is too small for 1 consecutive steps, break.
Weighted average ef: 379.973
Training convergence-bucket 5 [57.0384, 60.7419) with 400 queries (recall=0.98).
Average Recall: 0.8986
Initial average recall with ef=100: 0.899743
Average Recall: 0.941551
Initial average recall with ef=150: 0.942519
Recall diff is too small for 1 consecutive steps, break.
Weighted average ef: 297.615
Training convergence-bucket 6 [60.7419, 64.7118) with 400 queries (recall=0.98).
Average Recall: 0.923151
Initial average recall with ef=100: 0.923817
Average Recall: 0.95875
Initial average recall with ef=150: 0.959313
Weighted average ef: 243.75
Training convergence-bucket 7 [64.7118, 69.2495) with 400 queries (recall=0.98).
Average Recall: 0.950876
Initial average recall with ef=100: 0.95162
Average Recall: 0.97715
Initial average recall with ef=150: 0.977772
Weighted average ef: 176.02
Training convergence-bucket 8 [69.2495, 74.7705) with 400 queries (recall=0.98).
Average Recall: 0.969976
Initial average recall with ef=100: 0.971498
Average Recall: 0.98745
Initial average recall with ef=150: 0.988553
Weighted average ef: 141.125
Training convergence-bucket 9 [74.7705, inf) with 400 queries (recall=0.98).
Average Recall: 0.990325
Initial average recall with ef=100: 0.990851
Average Recall: 0.99675
Initial average recall with ef=150: 0.997062
Weighted average ef: 102.35
Reconstructed True WAE: 208.454 (Hard Pct: 0.02)
  Avg Ef Hard (bucketed): 699.151 | Avg Ef Easy (bucketed): 198.439

Dataset: gist-960-euclidean
Metric: l2
Truncation ratio: 1
Data vectors dimensions: 1000000 x 960
Query vectors dimensions: 1000 x 960
Neighbors dimensions: 1000 x 100
Index loaded
Dimension of space:960
Data size of space:3840
Ground truth computed in 177776 ms
Sampling computing time: 231985 ms
Loading samplings from /home/yc.shea/experiments/shiro-ef/sampling/gist-960-euclidean-samplings--k100-ef.bin
Samplings loaded from /home/yc.shea/experiments/shiro-ef/sampling/gist-960-euclidean-samplings--k100-ef.bin
Average Recall: 0.730765
Initial average recall with ef=100: 0.731088
Average Recall: 0.802507
Initial average recall with ef=150: 0.802829
Recall diff is too small for 1 consecutive steps, break.
Weighted average ef: 625.902
EF-estimation table computing time: 109949 ms
Per-bucket recall: conv_p20=36.6201 hard_recall=0.95 easy_recall=0.98
Training convergence-bucket 0 [23.8147, 33.1689) with 400 queries (recall=0.95).
Average Recall: 0.50875
Initial average recall with ef=100: 0.508615
Average Recall: 0.602925
Initial average recall with ef=150: 0.602538
Recall diff is too small for 1 consecutive steps, break.
Recall diff is too small for 1 consecutive steps, break.
Recall diff is too small for 1 consecutive steps, break.
Weighted average ef: 1455.5
Training convergence-bucket 1 [33.1689, 36.6201) with 400 queries (recall=0.95).
Average Recall: 0.567625
Initial average recall with ef=100: 0.566111
Average Recall: 0.662725
Initial average recall with ef=150: 0.661212
Recall diff is too small for 1 consecutive steps, break.
Weighted average ef: 1104.28
Training convergence-bucket 2 [36.6201, 39.5445) with 400 queries (recall=0.98).
Average Recall: 0.621275
Initial average recall with ef=100: 0.621447
Average Recall: 0.709725
Initial average recall with ef=150: 0.71031
Weighted average ef: 1707.98
Training convergence-bucket 3 [39.5445, 42.2303) with 400 queries (recall=0.98).
Average Recall: 0.666925
Initial average recall with ef=100: 0.669406
Average Recall: 0.7542
Initial average recall with ef=150: 0.756951
Recall diff is too small for 1 consecutive steps, break.
Recall diff is too small for 1 consecutive steps, break.
Recall diff is too small for 1 consecutive steps, break.
Recall diff is too small for 1 consecutive steps, break.
Weighted average ef: 1260.58
Training convergence-bucket 4 [42.2303, 44.9316) with 400 queries (recall=0.98).
Average Recall: 0.705775
Initial average recall with ef=100: 0.706615
Average Recall: 0.78765
Initial average recall with ef=150: 0.789089
Recall diff is too small for 1 consecutive steps, break.
Recall diff is too small for 1 consecutive steps, break.
Weighted average ef: 997.823
Training convergence-bucket 5 [44.9316, 48.2064) with 400 queries (recall=0.98).
Average Recall: 0.748625
Initial average recall with ef=100: 0.748432
Average Recall: 0.82525
Initial average recall with ef=150: 0.824987
Recall diff is too small for 1 consecutive steps, break.
Recall diff is too small for 1 consecutive steps, break.
Recall diff is too small for 1 consecutive steps, break.
Recall diff is too small for 1 consecutive steps, break.
Recall diff is too small for 1 consecutive steps, break.
Weighted average ef: 913.025
Training convergence-bucket 6 [48.2064, 52.5846) with 400 queries (recall=0.98).
Average Recall: 0.79775
Initial average recall with ef=100: 0.799041
Average Recall: 0.866726
Initial average recall with ef=150: 0.867979
Recall diff is too small for 1 consecutive steps, break.
Weighted average ef: 619.867
Training convergence-bucket 7 [52.5846, 58.2719) with 400 queries (recall=0.98).
Average Recall: 0.839775
Initial average recall with ef=100: 0.839691
Average Recall: 0.89915
Initial average recall with ef=150: 0.899175
Recall diff is too small for 1 consecutive steps, break.
Recall diff is too small for 1 consecutive steps, break.
Recall diff is too small for 1 consecutive steps, break.
Recall diff is too small for 1 consecutive steps, break.
Weighted average ef: 482.297
Training convergence-bucket 8 [58.2719, 66.3334) with 400 queries (recall=0.98).
Average Recall: 0.894075
Initial average recall with ef=100: 0.896897
Average Recall: 0.938375
Initial average recall with ef=150: 0.940769
Recall diff is too small for 1 consecutive steps, break.
Weighted average ef: 328.037
Training convergence-bucket 9 [66.3334, inf) with 400 queries (recall=0.98).
Average Recall: 0.9571
Initial average recall with ef=100: 0.96114
Average Recall: 0.978375
Initial average recall with ef=150: 0.980958
Weighted average ef: 167.458
Reconstructed True WAE: 549.366 (Hard Pct: 0.010775)
  Avg Ef Hard (bucketed): 1545.42 | Avg Ef Easy (bucketed): 538.516

Dataset: tiny5m-384-euclidean
Metric: l2
Truncation ratio: 1
Data vectors dimensions: 5000000 x 384
Query vectors dimensions: 1000 x 384
Neighbors dimensions: 1000 x 100
Index loaded
Dimension of space:384
Data size of space:1536
Ground truth computed in 463593 ms
Sampling computing time: 502288 ms
Loading samplings from /home/yc.shea/experiments/shiro-ef/sampling/tiny5m-384-euclidean-samplings--k100-ef.bin
Samplings loaded from /home/yc.shea/experiments/shiro-ef/sampling/tiny5m-384-euclidean-samplings--k100-ef.bin
Average Recall: 0.647698
Initial average recall with ef=100: 0.647295
Average Recall: 0.71884
Initial average recall with ef=150: 0.718427
Recall diff is too small for 1 consecutive steps, break.
Recall diff is too small for 1 consecutive steps, break.
Recall diff is too small for 1 consecutive steps, break.
Recall diff is too small for 1 consecutive steps, break.
Recall diff is too small for 1 consecutive steps, break.
Recall diff is too small for 1 consecutive steps, break.
Weighted average ef: 995.975
EF-estimation table computing time: 112927 ms
Per-bucket recall: conv_p20=32.9534 hard_recall=0.95 easy_recall=0.98
Training convergence-bucket 0 [20.2778, 29.0744) with 400 queries (recall=0.95).
Average Recall: 0.3739
Initial average recall with ef=100: 0.37051
Average Recall: 0.451075
Initial average recall with ef=150: 0.447526
Weighted average ef: 3040.03
Training convergence-bucket 1 [29.0744, 32.9534) with 400 queries (recall=0.95).
Average Recall: 0.43765
Initial average recall with ef=100: 0.435406
Average Recall: 0.523175
Initial average recall with ef=150: 0.520482
Recall diff is too small for 1 consecutive steps, break.
Weighted average ef: 2273.84
Training convergence-bucket 2 [32.9534, 35.669) with 400 queries (recall=0.98).
Average Recall: 0.5013
Initial average recall with ef=100: 0.500732
Average Recall: 0.585325
Initial average recall with ef=150: 0.585076
Recall diff is too small for 1 consecutive steps, break.
Recall diff is too small for 1 consecutive steps, break.
Recall diff is too small for 1 consecutive steps, break.
Weighted average ef: 3202.94
Training convergence-bucket 3 [35.669, 38.3431) with 400 queries (recall=0.98).
Average Recall: 0.55005
Initial average recall with ef=100: 0.548491
Average Recall: 0.637125
Initial average recall with ef=150: 0.63578
Recall diff is too small for 1 consecutive steps, break.
Recall diff is too small for 1 consecutive steps, break.
Recall diff is too small for 1 consecutive steps, break.
Recall diff is too small for 1 consecutive steps, break.
Weighted average ef: 2546.62
Training convergence-bucket 4 [38.3431, 41.1794) with 400 queries (recall=0.98).
Average Recall: 0.6087
Initial average recall with ef=100: 0.608829
Average Recall: 0.693325
Initial average recall with ef=150: 0.694173
Recall diff is too small for 1 consecutive steps, break.
Recall diff is too small for 1 consecutive steps, break.
Recall diff is too small for 1 consecutive steps, break.
Weighted average ef: 1994.65
Training convergence-bucket 5 [41.1794, 44.4849) with 400 queries (recall=0.98).
Average Recall: 0.667425
Initial average recall with ef=100: 0.667781
Average Recall: 0.749075
Initial average recall with ef=150: 0.749713
Recall diff is too small for 1 consecutive steps, break.
Recall diff is too small for 1 consecutive steps, break.
Recall diff is too small for 1 consecutive steps, break.
Recall diff is too small for 1 consecutive steps, break.
Recall diff is too small for 1 consecutive steps, break.
Recall diff is too small for 1 consecutive steps, break.
Recall diff is too small for 1 consecutive steps, break.
Weighted average ef: 1362.27
Training convergence-bucket 6 [44.4849, 48.9284) with 400 queries (recall=0.98).
Average Recall: 0.7282
Initial average recall with ef=100: 0.727154
Average Recall: 0.8025
Initial average recall with ef=150: 0.801846
Recall diff is too small for 1 consecutive steps, break.
Recall diff is too small for 1 consecutive steps, break.
Recall diff is too small for 1 consecutive steps, break.
Weighted average ef: 1102.08
Training convergence-bucket 7 [48.9284, 55.0126) with 400 queries (recall=0.98).
Average Recall: 0.7932
Initial average recall with ef=100: 0.792832
Average Recall: 0.86005
Initial average recall with ef=150: 0.859464
Recall diff is too small for 1 consecutive steps, break.
Recall diff is too small for 1 consecutive steps, break.
Weighted average ef: 744.733
Training convergence-bucket 8 [55.0126, 65.1821) with 400 queries (recall=0.98).
Average Recall: 0.868672
Initial average recall with ef=100: 0.870773
Average Recall: 0.916266
Initial average recall with ef=150: 0.917809
Recall diff is too small for 1 consecutive steps, break.
Weighted average ef: 497.515
Training convergence-bucket 9 [65.1821, inf) with 400 queries (recall=0.98).
Average Recall: 0.949198
Initial average recall with ef=100: 0.953161
Average Recall: 0.971629
Initial average recall with ef=150: 0.974171
Recall diff is too small for 1 consecutive steps, break.
Recall diff is too small for 1 consecutive steps, break.
Weighted average ef: 194.2
Reconstructed True WAE: 1058.2 (Hard Pct: 0.00835)
  Avg Ef Hard (bucketed): 3310.61 | Avg Ef Easy (bucketed): 1039.24

Dataset: msmarco
Metric: cd
Truncation ratio: 1
Normalize the data vectors
Data vectors dimensions: 8841823 x 1536
Query vectors dimensions: 6980 x 1536
Neighbors dimensions: 6980 x 1000
Using AVX Inner Product distance
Index loaded
Dimension of space:1536
Data size of space:6144
Ground truth computed in 3083270 ms
Sampling computing time: 3559829 ms
Loading samplings from /home/yc.shea/experiments/shiro-ef/sampling/msmarco-samplings--k1000-ef.bin
Samplings loaded from /home/yc.shea/experiments/shiro-ef/sampling/msmarco-samplings--k1000-ef.bin
Average Recall: 0.954404
Initial average recall with ef=1000: 0.954361
Average Recall: 0.973804
Initial average recall with ef=1500: 0.973772
Weighted average ef: 1360.76
EF-estimation table computing time: 229873 ms
Per-bucket recall: conv_p20=54.8034 hard_recall=0.95 easy_recall=0.98
Training convergence-bucket 0 [13.7411, 49.5293) with 400 queries (recall=0.95).
Average Recall: 0.866553
Initial average recall with ef=1000: 0.863815
Average Recall: 0.913742
Initial average recall with ef=1500: 0.911935
Weighted average ef: 2503.84
Training convergence-bucket 1 [49.5293, 54.8034) with 400 queries (recall=0.95).
Average Recall: 0.89978
Initial average recall with ef=1000: 0.896674
Average Recall: 0.939535
Initial average recall with ef=1500: 0.937525
Weighted average ef: 1945
Training convergence-bucket 2 [54.8034, 60.5192) with 400 queries (recall=0.98).
Average Recall: 0.91158
Initial average recall with ef=1000: 0.908764
Average Recall: 0.947032
Initial average recall with ef=1500: 0.945239
Weighted average ef: 3012.3
Training convergence-bucket 3 [60.5192, 69.3943) with 400 queries (recall=0.98).
Average Recall: 0.961252
Initial average recall with ef=1000: 0.96054
Average Recall: 0.980302
Initial average recall with ef=1500: 0.980005
Weighted average ef: 1612.97
Training convergence-bucket 4 [69.3943, 73.5778) with 400 queries (recall=0.98).
Average Recall: 0.970972
Initial average recall with ef=1000: 0.971369
Average Recall: 0.985537
Initial average recall with ef=1500: 0.985914
Weighted average ef: 1426.25
Training convergence-bucket 5 [73.5778, 76.6784) with 400 queries (recall=0.98).
Average Recall: 0.978862
Initial average recall with ef=1000: 0.979324
Average Recall: 0.990071
Initial average recall with ef=1500: 0.990358
Weighted average ef: 1233.75
Training convergence-bucket 6 [76.6784, 78.9222) with 400 queries (recall=0.98).
Average Recall: 0.984597
Initial average recall with ef=1000: 0.985411
Average Recall: 0.993424
Initial average recall with ef=1500: 0.993929
Weighted average ef: 1128.75
Training convergence-bucket 7 [78.9222, 80.83) with 400 queries (recall=0.98).
Average Recall: 0.987129
Initial average recall with ef=1000: 0.987822
Average Recall: 0.994676
Initial average recall with ef=1500: 0.995018
Weighted average ef: 1055.99
Training convergence-bucket 8 [80.83, 82.8812) with 400 queries (recall=0.98).
Average Recall: 0.990616
Initial average recall with ef=1000: 0.991445
Average Recall: 0.996366
Initial average recall with ef=1500: 0.996847
Weighted average ef: 1022.5
Training convergence-bucket 9 [82.8812, inf) with 400 queries (recall=0.98).
Average Recall: 0.992651
Initial average recall with ef=1000: 0.992997
Average Recall: 0.997266
Initial average recall with ef=1500: 0.997466
Weighted average ef: 1003.39
Reconstructed True WAE: 1156.91 (Hard Pct: 0.027)
  Avg Ef Hard (bucketed): 2121.84 | Avg Ef Easy (bucketed): 1130.14

Dataset: cohere
Metric: cd
Truncation ratio: 1
Normalize the data vectors
Data vectors dimensions: 18380565 x 1024
Query vectors dimensions: 1677 x 1024
Neighbors dimensions: 1677 x 1000
Using AVX Inner Product distance
Index loaded
Dimension of space:1024
Data size of space:4096
Ground truth computed in 4669492 ms
Sampling computing time: 5093932 ms
Loading samplings from /home/yc.shea/experiments/shiro-ef/sampling/cohere-samplings--k1000-ef.bin
Samplings loaded from /home/yc.shea/experiments/shiro-ef/sampling/cohere-samplings--k1000-ef.bin
Average Recall: 0.94905
Initial average recall with ef=1000: 0.949029
Average Recall: 0.970769
Initial average recall with ef=1500: 0.970748
Weighted average ef: 1393.02
EF-estimation table computing time: 202454 ms
Per-bucket recall: conv_p20=53.4276 hard_recall=0.95 easy_recall=0.98
Training convergence-bucket 0 [10.8442, 46.8254) with 400 queries (recall=0.95).
Average Recall: 0.884645
Initial average recall with ef=1000: 0.876923
Average Recall: 0.924073
Initial average recall with ef=1500: 0.918439
Weighted average ef: 2404.44
Training convergence-bucket 1 [46.8254, 53.4276) with 400 queries (recall=0.95).
Average Recall: 0.888987
Initial average recall with ef=1000: 0.882708
Average Recall: 0.930075
Initial average recall with ef=1500: 0.925669
Weighted average ef: 2199.01
Training convergence-bucket 2 [53.4276, 61.9108) with 400 queries (recall=0.98).
Average Recall: 0.931416
Initial average recall with ef=1000: 0.930256
Average Recall: 0.960497
Initial average recall with ef=1500: 0.960078
Weighted average ef: 2340.92
Training convergence-bucket 3 [61.9108, 66.4052) with 400 queries (recall=0.98).
Average Recall: 0.951555
Initial average recall with ef=1000: 0.952095
Average Recall: 0.974112
Initial average recall with ef=1500: 0.974509
Weighted average ef: 1860.94
Training convergence-bucket 4 [66.4052, 69.7652) with 400 queries (recall=0.98).
Average Recall: 0.96432
Initial average recall with ef=1000: 0.964402
Average Recall: 0.982449
Initial average recall with ef=1500: 0.982637
Weighted average ef: 1577.01
Training convergence-bucket 5 [69.7652, 72.215) with 400 queries (recall=0.98).
Average Recall: 0.965614
Initial average recall with ef=1000: 0.965626
Average Recall: 0.982372
Initial average recall with ef=1500: 0.98246
Weighted average ef: 1621.7
Training convergence-bucket 6 [72.215, 74.5429) with 400 queries (recall=0.98).
Average Recall: 0.97059
Initial average recall with ef=1000: 0.971145
Average Recall: 0.985342
Initial average recall with ef=1500: 0.985694
Weighted average ef: 1444.88
Training convergence-bucket 7 [74.5429, 76.8149) with 400 queries (recall=0.98).
Average Recall: 0.974992
Initial average recall with ef=1000: 0.976018
Average Recall: 0.988116
Initial average recall with ef=1500: 0.988744
Weighted average ef: 1337.5
Training convergence-bucket 8 [76.8149, 79.5596) with 400 queries (recall=0.98).
Average Recall: 0.977495
Initial average recall with ef=1000: 0.978765
Average Recall: 0.989944
Initial average recall with ef=1500: 0.990842
Weighted average ef: 1186.25
Training convergence-bucket 9 [79.5596, inf) with 400 queries (recall=0.98).
Average Recall: 0.980857
Initial average recall with ef=1000: 0.982433
Average Recall: 0.990641
Initial average recall with ef=1500: 0.991562
Weighted average ef: 1089.81
Reconstructed True WAE: 1348.53 (Hard Pct: 0.019625)
  Avg Ef Hard (bucketed): 2330.23 | Avg Ef Easy (bucketed): 1328.88
Starting per-query result experiments...


Dataset: deep-image-96-angular
Metric: cd
Truncation Ratio: 1
Normalize the data vectors
Data vectors dimensions: 9990000 x 96
Query vectors dimensions: 10000 x 96
Neighbors dimensions: 10000 x 100
Using AVX Inner Product distance
Index loaded
Dimension of space:96
Data size of space:384
****Weighted average ef: 239

=== Summary (Iteration 1/3) ===
Average Latency: 1.66662e+06 ns
Average Recall: 0.985723
Total Latency: 16.6662 seconds

=== Summary (Iteration 2/3) ===
Average Latency: 1.68475e+06 ns
Average Recall: 0.985723
Total Latency: 16.8475 seconds

=== Summary (Iteration 3/3) ===
Average Latency: 1.63083e+06 ns
Average Recall: 0.985723
Total Latency: 16.3083 seconds

Per-query results (median latency per query) have been written to research/csv/per_query_results_deep-image-96-angular.csv

=== Final Summary (Median Iteration) ===
Average Latency: 1.62298e+06 ns
Total Latency: 16.2298 seconds
Average Recall: 0.985723
5th percentile recall: 0.95
1st percentile recall: 0.92
Experiment finished.

======================================
Testing ef: 100
Per-query results appended to research/csv/per_query_baseline_deep-image-96-angular.csv

=== Summary for ef 100 ===
Average Recall: 0.858459
5th percentile recall: 0.6
1st percentile recall: 0.46

Total Latency: 3.24578 seconds
Average Latency: 324578 ns

======================================
Testing ef: 200
Per-query results appended to research/csv/per_query_baseline_deep-image-96-angular.csv

=== Summary for ef 200 ===
Average Recall: 0.935477
5th percentile recall: 0.76
1st percentile recall: 0.63

Total Latency: 6.05445 seconds
Average Latency: 605445 ns

======================================
Testing ef: 300
Per-query results appended to research/csv/per_query_baseline_deep-image-96-angular.csv

=== Summary for ef 300 ===
Average Recall: 0.961983
5th percentile recall: 0.84
1st percentile recall: 0.72

Total Latency: 8.48976 seconds
Average Latency: 848976 ns

======================================
Testing ef: 400
Per-query results appended to research/csv/per_query_baseline_deep-image-96-angular.csv

=== Summary for ef 400 ===
Average Recall: 0.974622
5th percentile recall: 0.88
1st percentile recall: 0.77

Total Latency: 11.2824 seconds
Average Latency: 1.12824e+06 ns

======================================
Testing ef: 500
Per-query results appended to research/csv/per_query_baseline_deep-image-96-angular.csv

=== Summary for ef 500 ===
Average Recall: 0.981729
5th percentile recall: 0.91
1st percentile recall: 0.82

Total Latency: 14.7886 seconds
Average Latency: 1.47886e+06 ns

======================================
Testing ef: 600
Per-query results appended to research/csv/per_query_baseline_deep-image-96-angular.csv

=== Summary for ef 600 ===
Average Recall: 0.986145
5th percentile recall: 0.93
1st percentile recall: 0.85

Total Latency: 16.1806 seconds
Average Latency: 1.61806e+06 ns

======================================
Testing ef: 700
Per-query results appended to research/csv/per_query_baseline_deep-image-96-angular.csv

=== Summary for ef 700 ===
Average Recall: 0.989089
5th percentile recall: 0.94
1st percentile recall: 0.87

Total Latency: 19.9479 seconds
Average Latency: 1.99479e+06 ns

======================================
Testing ef: 800
Per-query results appended to research/csv/per_query_baseline_deep-image-96-angular.csv

=== Summary for ef 800 ===
Average Recall: 0.991205
5th percentile recall: 0.95
1st percentile recall: 0.89

Total Latency: 21.5286 seconds
Average Latency: 2.15286e+06 ns

======================================
Testing ef: 1000
Per-query results appended to research/csv/per_query_baseline_deep-image-96-angular.csv

=== Summary for ef 1000 ===
Average Recall: 0.993988
5th percentile recall: 0.97
1st percentile recall: 0.92

Total Latency: 26.1921 seconds
Average Latency: 2.61921e+06 ns

======================================
Testing ef: 1200
Per-query results appended to research/csv/per_query_baseline_deep-image-96-angular.csv

=== Summary for ef 1200 ===
Average Recall: 0.995624
5th percentile recall: 0.97
1st percentile recall: 0.93

Total Latency: 31.2698 seconds
Average Latency: 3.12698e+06 ns

======================================
Testing ef: 1400
Per-query results appended to research/csv/per_query_baseline_deep-image-96-angular.csv

=== Summary for ef 1400 ===
Average Recall: 0.996625
5th percentile recall: 0.98
1st percentile recall: 0.94

Total Latency: 36.0294 seconds
Average Latency: 3.60294e+06 ns

======================================
Testing ef: 1600
Per-query results appended to research/csv/per_query_baseline_deep-image-96-angular.csv

=== Summary for ef 1600 ===
Average Recall: 0.997364
5th percentile recall: 0.98
1st percentile recall: 0.95

Total Latency: 41.3073 seconds
Average Latency: 4.13073e+06 ns

======================================
Testing ef: 2000
Per-query results appended to research/csv/per_query_baseline_deep-image-96-angular.csv

=== Summary for ef 2000 ===
Average Recall: 0.99822
5th percentile recall: 0.99
1st percentile recall: 0.97

Total Latency: 50.4379 seconds
Average Latency: 5.04379e+06 ns

======================================
Testing ef: 2400
Per-query results appended to research/csv/per_query_baseline_deep-image-96-angular.csv

=== Summary for ef 2400 ===
Average Recall: 0.998738
5th percentile recall: 0.99
1st percentile recall: 0.97

Total Latency: 60.1337 seconds
Average Latency: 6.01337e+06 ns

======================================
Testing ef: 2800
Per-query results appended to research/csv/per_query_baseline_deep-image-96-angular.csv

=== Summary for ef 2800 ===
Average Recall: 0.999036
5th percentile recall: 0.99
1st percentile recall: 0.98

Total Latency: 70.6775 seconds
Average Latency: 7.06775e+06 ns

======================================
Testing ef: 3200
Per-query results appended to research/csv/per_query_baseline_deep-image-96-angular.csv

=== Summary for ef 3200 ===
Average Recall: 0.999247
5th percentile recall: 1
1st percentile recall: 0.98

Total Latency: 80.0572 seconds
Average Latency: 8.00572e+06 ns

======================================
Testing ef: 3600
Per-query results appended to research/csv/per_query_baseline_deep-image-96-angular.csv

=== Summary for ef 3600 ===
Average Recall: 0.999395
5th percentile recall: 1
1st percentile recall: 0.99

Total Latency: 89.3331 seconds
Average Latency: 8.93331e+06 ns

======================================
Testing ef: 4000
Per-query results appended to research/csv/per_query_baseline_deep-image-96-angular.csv

=== Summary for ef 4000 ===
Average Recall: 0.999511
5th percentile recall: 1
1st percentile recall: 0.99

Total Latency: 99.3391 seconds
Average Latency: 9.93391e+06 ns

======================================
Testing ef: 4400
Per-query results appended to research/csv/per_query_baseline_deep-image-96-angular.csv

=== Summary for ef 4400 ===
Average Recall: 0.999571
5th percentile recall: 1
1st percentile recall: 0.99

Total Latency: 109.59 seconds
Average Latency: 1.0959e+07 ns

======================================
Testing ef: 4800
Per-query results appended to research/csv/per_query_baseline_deep-image-96-angular.csv

=== Summary for ef 4800 ===
Average Recall: 0.999633
5th percentile recall: 1
1st percentile recall: 0.99

Total Latency: 117.253 seconds
Average Latency: 1.17253e+07 ns

======================================
Testing ef: 5200
Per-query results appended to research/csv/per_query_baseline_deep-image-96-angular.csv

=== Summary for ef 5200 ===
Average Recall: 0.999681
5th percentile recall: 1
1st percentile recall: 0.99

Total Latency: 128.486 seconds
Average Latency: 1.28486e+07 ns
Experiment finished
Dataset: glove-100-angular
Metric: cd
Truncation Ratio: 1
Normalize the data vectors
Data vectors dimensions: 1183514 x 100
Query vectors dimensions: 10000 x 100
Neighbors dimensions: 10000 x 100
Using AVX Inner Product distance
Index loaded
Dimension of space:100
Data size of space:400
****Weighted average ef: 1459

=== Summary (Iteration 1/3) ===
Average Latency: 5.90154e+06 ns
Average Recall: 0.977571
Total Latency: 59.0154 seconds

=== Summary (Iteration 2/3) ===
Average Latency: 5.91443e+06 ns
Average Recall: 0.977571
Total Latency: 59.1443 seconds

=== Summary (Iteration 3/3) ===
Average Latency: 5.87529e+06 ns
Average Recall: 0.977571
Total Latency: 58.7529 seconds

Per-query results (median latency per query) have been written to research/csv/per_query_results_glove-100-angular.csv

=== Final Summary (Median Iteration) ===
Average Latency: 5.86705e+06 ns
Total Latency: 58.6705 seconds
Average Recall: 0.977571
5th percentile recall: 0.92
1st percentile recall: 0.88
Experiment finished.

======================================
Testing ef: 100
Per-query results appended to research/csv/per_query_baseline_glove-100-angular.csv

=== Summary for ef 100 ===
Average Recall: 0.692471
5th percentile recall: 0.21
1st percentile recall: 0.13

Total Latency: 2.77539 seconds
Average Latency: 277539 ns

======================================
Testing ef: 200
Per-query results appended to research/csv/per_query_baseline_glove-100-angular.csv

=== Summary for ef 200 ===
Average Recall: 0.780586
5th percentile recall: 0.34
1st percentile recall: 0.23

Total Latency: 5.0789 seconds
Average Latency: 507890 ns

======================================
Testing ef: 300
Per-query results appended to research/csv/per_query_baseline_glove-100-angular.csv

=== Summary for ef 300 ===
Average Recall: 0.823567
5th percentile recall: 0.42
1st percentile recall: 0.31

Total Latency: 7.32397 seconds
Average Latency: 732397 ns

======================================
Testing ef: 400
Per-query results appended to research/csv/per_query_baseline_glove-100-angular.csv

=== Summary for ef 400 ===
Average Recall: 0.850391
5th percentile recall: 0.48
1st percentile recall: 0.37

Total Latency: 9.55299 seconds
Average Latency: 955299 ns

======================================
Testing ef: 500
Per-query results appended to research/csv/per_query_baseline_glove-100-angular.csv

=== Summary for ef 500 ===
Average Recall: 0.869853
5th percentile recall: 0.52
1st percentile recall: 0.41

Total Latency: 12.2048 seconds
Average Latency: 1.22048e+06 ns

======================================
Testing ef: 600
Per-query results appended to research/csv/per_query_baseline_glove-100-angular.csv

=== Summary for ef 600 ===
Average Recall: 0.884764
5th percentile recall: 0.56
1st percentile recall: 0.45

Total Latency: 14.4331 seconds
Average Latency: 1.44331e+06 ns

======================================
Testing ef: 700
Per-query results appended to research/csv/per_query_baseline_glove-100-angular.csv

=== Summary for ef 700 ===
Average Recall: 0.896339
5th percentile recall: 0.59
1st percentile recall: 0.49

Total Latency: 16.6735 seconds
Average Latency: 1.66735e+06 ns

======================================
Testing ef: 800
Per-query results appended to research/csv/per_query_baseline_glove-100-angular.csv

=== Summary for ef 800 ===
Average Recall: 0.905889
5th percentile recall: 0.62
1st percentile recall: 0.52

Total Latency: 18.9245 seconds
Average Latency: 1.89245e+06 ns

======================================
Testing ef: 1000
Per-query results appended to research/csv/per_query_baseline_glove-100-angular.csv

=== Summary for ef 1000 ===
Average Recall: 0.921071
5th percentile recall: 0.68
1st percentile recall: 0.57

Total Latency: 23.4118 seconds
Average Latency: 2.34118e+06 ns

======================================
Testing ef: 1200
Per-query results appended to research/csv/per_query_baseline_glove-100-angular.csv

=== Summary for ef 1200 ===
Average Recall: 0.932159
5th percentile recall: 0.72
1st percentile recall: 0.62

Total Latency: 27.8818 seconds
Average Latency: 2.78818e+06 ns

======================================
Testing ef: 1400
Per-query results appended to research/csv/per_query_baseline_glove-100-angular.csv

=== Summary for ef 1400 ===
Average Recall: 0.940925
5th percentile recall: 0.75
1st percentile recall: 0.65

Total Latency: 32.3916 seconds
Average Latency: 3.23916e+06 ns

======================================
Testing ef: 1600
Per-query results appended to research/csv/per_query_baseline_glove-100-angular.csv

=== Summary for ef 1600 ===
Average Recall: 0.947888
5th percentile recall: 0.77
1st percentile recall: 0.68

Total Latency: 36.875 seconds
Average Latency: 3.6875e+06 ns

======================================
Testing ef: 2000
Per-query results appended to research/csv/per_query_baseline_glove-100-angular.csv

=== Summary for ef 2000 ===
Average Recall: 0.958143
5th percentile recall: 0.81
1st percentile recall: 0.73

Total Latency: 46.1402 seconds
Average Latency: 4.61402e+06 ns

======================================
Testing ef: 2400
Per-query results appended to research/csv/per_query_baseline_glove-100-angular.csv

=== Summary for ef 2400 ===
Average Recall: 0.96557
5th percentile recall: 0.84
1st percentile recall: 0.77

Total Latency: 55.0572 seconds
Average Latency: 5.50572e+06 ns

======================================
Testing ef: 2800
Per-query results appended to research/csv/per_query_baseline_glove-100-angular.csv

=== Summary for ef 2800 ===
Average Recall: 0.971166
5th percentile recall: 0.86
1st percentile recall: 0.8

Total Latency: 63.9544 seconds
Average Latency: 6.39544e+06 ns

======================================
Testing ef: 3200
Per-query results appended to research/csv/per_query_baseline_glove-100-angular.csv

=== Summary for ef 3200 ===
Average Recall: 0.975521
5th percentile recall: 0.88
1st percentile recall: 0.82

Total Latency: 72.8441 seconds
Average Latency: 7.28441e+06 ns

======================================
Testing ef: 3600
Per-query results appended to research/csv/per_query_baseline_glove-100-angular.csv

=== Summary for ef 3600 ===
Average Recall: 0.978893
5th percentile recall: 0.9
1st percentile recall: 0.84

Total Latency: 81.6841 seconds
Average Latency: 8.16841e+06 ns

======================================
Testing ef: 4000
Per-query results appended to research/csv/per_query_baseline_glove-100-angular.csv

=== Summary for ef 4000 ===
Average Recall: 0.981611
5th percentile recall: 0.91
1st percentile recall: 0.86

Total Latency: 90.4827 seconds
Average Latency: 9.04827e+06 ns

======================================
Testing ef: 4400
Per-query results appended to research/csv/per_query_baseline_glove-100-angular.csv

=== Summary for ef 4400 ===
Average Recall: 0.983885
5th percentile recall: 0.92
1st percentile recall: 0.87

Total Latency: 99.165 seconds
Average Latency: 9.9165e+06 ns

======================================
Testing ef: 4800
Per-query results appended to research/csv/per_query_baseline_glove-100-angular.csv

=== Summary for ef 4800 ===
Average Recall: 0.985818
5th percentile recall: 0.93
1st percentile recall: 0.88

Total Latency: 107.856 seconds
Average Latency: 1.07856e+07 ns

======================================
Testing ef: 5200
Per-query results appended to research/csv/per_query_baseline_glove-100-angular.csv

=== Summary for ef 5200 ===
Average Recall: 0.987403
5th percentile recall: 0.93
1st percentile recall: 0.89

Total Latency: 116.561 seconds
Average Latency: 1.16561e+07 ns
Experiment finished
Dataset: word2vec-300-angular
Metric: cd
Truncation Ratio: 1
Normalize the data vectors
Data vectors dimensions: 1000000 x 300
Query vectors dimensions: 1000 x 300
Neighbors dimensions: 1000 x 100
Using AVX Inner Product distance
Index loaded
Dimension of space:300
Data size of space:1200
****Weighted average ef: 234

=== Summary (Iteration 1/3) ===
Average Latency: 2.14694e+06 ns
Average Recall: 0.97659
Total Latency: 2.14694 seconds

=== Summary (Iteration 2/3) ===
Average Latency: 2.14829e+06 ns
Average Recall: 0.97659
Total Latency: 2.14829 seconds

=== Summary (Iteration 3/3) ===
Average Latency: 2.14629e+06 ns
Average Recall: 0.97659
Total Latency: 2.14629 seconds

Per-query results (median latency per query) have been written to research/csv/per_query_results_word2vec-300-angular.csv

=== Final Summary (Median Iteration) ===
Average Latency: 2.14542e+06 ns
Total Latency: 2.14542 seconds
Average Recall: 0.97659
5th percentile recall: 0.89
1st percentile recall: 0.81
Experiment finished.

======================================
Testing ef: 100
Per-query results appended to research/csv/per_query_baseline_word2vec-300-angular.csv

=== Summary for ef 100 ===
Average Recall: 0.86714
5th percentile recall: 0.59
1st percentile recall: 0.46

Total Latency: 0.474268 seconds
Average Latency: 474268 ns

======================================
Testing ef: 200
Per-query results appended to research/csv/per_query_baseline_word2vec-300-angular.csv

=== Summary for ef 200 ===
Average Recall: 0.9319
5th percentile recall: 0.74
1st percentile recall: 0.6

Total Latency: 0.845557 seconds
Average Latency: 845557 ns

======================================
Testing ef: 300
Per-query results appended to research/csv/per_query_baseline_word2vec-300-angular.csv

=== Summary for ef 300 ===
Average Recall: 0.95406
5th percentile recall: 0.8
1st percentile recall: 0.66

Total Latency: 1.194 seconds
Average Latency: 1.194e+06 ns

======================================
Testing ef: 400
Per-query results appended to research/csv/per_query_baseline_word2vec-300-angular.csv

=== Summary for ef 400 ===
Average Recall: 0.96575
5th percentile recall: 0.84
1st percentile recall: 0.72

Total Latency: 1.52806 seconds
Average Latency: 1.52806e+06 ns

======================================
Testing ef: 500
Per-query results appended to research/csv/per_query_baseline_word2vec-300-angular.csv

=== Summary for ef 500 ===
Average Recall: 0.97232
5th percentile recall: 0.86
1st percentile recall: 0.75

Total Latency: 1.8541 seconds
Average Latency: 1.8541e+06 ns

======================================
Testing ef: 600
Per-query results appended to research/csv/per_query_baseline_word2vec-300-angular.csv

=== Summary for ef 600 ===
Average Recall: 0.9767
5th percentile recall: 0.87
1st percentile recall: 0.78

Total Latency: 2.17305 seconds
Average Latency: 2.17305e+06 ns

======================================
Testing ef: 700
Per-query results appended to research/csv/per_query_baseline_word2vec-300-angular.csv

=== Summary for ef 700 ===
Average Recall: 0.97979
5th percentile recall: 0.89
1st percentile recall: 0.79

Total Latency: 2.48443 seconds
Average Latency: 2.48443e+06 ns

======================================
Testing ef: 800
Per-query results appended to research/csv/per_query_baseline_word2vec-300-angular.csv

=== Summary for ef 800 ===
Average Recall: 0.98183
5th percentile recall: 0.9
1st percentile recall: 0.81

Total Latency: 2.78962 seconds
Average Latency: 2.78962e+06 ns

======================================
Testing ef: 1000
Per-query results appended to research/csv/per_query_baseline_word2vec-300-angular.csv

=== Summary for ef 1000 ===
Average Recall: 0.98507
5th percentile recall: 0.92
1st percentile recall: 0.84

Total Latency: 3.38739 seconds
Average Latency: 3.38739e+06 ns

======================================
Testing ef: 1200
Per-query results appended to research/csv/per_query_baseline_word2vec-300-angular.csv

=== Summary for ef 1200 ===
Average Recall: 0.98723
5th percentile recall: 0.93
1st percentile recall: 0.85

Total Latency: 3.97686 seconds
Average Latency: 3.97686e+06 ns
Experiment finished
Dataset: sift10m-128-euclidean
Metric: l2
Truncation Ratio: 1
Data vectors dimensions: 10000000 x 128
Query vectors dimensions: 1000 x 128
Neighbors dimensions: 1000 x 100
Index loaded
Dimension of space:128
Data size of space:512
****Weighted average ef: 208

=== Summary (Iteration 1/3) ===
Average Latency: 1.53289e+06 ns
Average Recall: 0.98553
Total Latency: 1.53289 seconds

=== Summary (Iteration 2/3) ===
Average Latency: 1.53008e+06 ns
Average Recall: 0.98553
Total Latency: 1.53008 seconds

=== Summary (Iteration 3/3) ===
Average Latency: 1.5248e+06 ns
Average Recall: 0.98553
Total Latency: 1.5248 seconds

Per-query results (median latency per query) have been written to research/csv/per_query_results_sift10m-128-euclidean.csv

=== Final Summary (Median Iteration) ===
Average Latency: 1.52595e+06 ns
Total Latency: 1.52595 seconds
Average Recall: 0.98553
5th percentile recall: 0.95
1st percentile recall: 0.92
Experiment finished.

======================================
Testing ef: 100
Per-query results appended to research/csv/per_query_baseline_sift10m-128-euclidean.csv

=== Summary for ef 100 ===
Average Recall: 0.86051
5th percentile recall: 0.64
1st percentile recall: 0.53

Total Latency: 0.360384 seconds
Average Latency: 360384 ns

======================================
Testing ef: 200
Per-query results appended to research/csv/per_query_baseline_sift10m-128-euclidean.csv

=== Summary for ef 200 ===
Average Recall: 0.94072
5th percentile recall: 0.8
1st percentile recall: 0.72

Total Latency: 0.671238 seconds
Average Latency: 671238 ns

======================================
Testing ef: 300
Per-query results appended to research/csv/per_query_baseline_sift10m-128-euclidean.csv

=== Summary for ef 300 ===
Average Recall: 0.96723
5th percentile recall: 0.87
1st percentile recall: 0.79

Total Latency: 0.9763 seconds
Average Latency: 976300 ns

======================================
Testing ef: 400
Per-query results appended to research/csv/per_query_baseline_sift10m-128-euclidean.csv

=== Summary for ef 400 ===
Average Recall: 0.97948
5th percentile recall: 0.91
1st percentile recall: 0.86

Total Latency: 1.32001 seconds
Average Latency: 1.32001e+06 ns

======================================
Testing ef: 500
Per-query results appended to research/csv/per_query_baseline_sift10m-128-euclidean.csv

=== Summary for ef 500 ===
Average Recall: 0.98597
5th percentile recall: 0.94
1st percentile recall: 0.89

Total Latency: 1.63119 seconds
Average Latency: 1.63119e+06 ns

======================================
Testing ef: 600
Per-query results appended to research/csv/per_query_baseline_sift10m-128-euclidean.csv

=== Summary for ef 600 ===
Average Recall: 0.98965
5th percentile recall: 0.95
1st percentile recall: 0.91

Total Latency: 1.95048 seconds
Average Latency: 1.95048e+06 ns

======================================
Testing ef: 700
Per-query results appended to research/csv/per_query_baseline_sift10m-128-euclidean.csv

=== Summary for ef 700 ===
Average Recall: 0.99237
5th percentile recall: 0.96
1st percentile recall: 0.92

Total Latency: 2.28859 seconds
Average Latency: 2.28859e+06 ns

======================================
Testing ef: 800
Per-query results appended to research/csv/per_query_baseline_sift10m-128-euclidean.csv

=== Summary for ef 800 ===
Average Recall: 0.99412
5th percentile recall: 0.97
1st percentile recall: 0.94

Total Latency: 2.58649 seconds
Average Latency: 2.58649e+06 ns

======================================
Testing ef: 1000
Per-query results appended to research/csv/per_query_baseline_sift10m-128-euclidean.csv

=== Summary for ef 1000 ===
Average Recall: 0.99612
5th percentile recall: 0.98
1st percentile recall: 0.95

Total Latency: 2.99161 seconds
Average Latency: 2.99161e+06 ns

======================================
Testing ef: 1200
Per-query results appended to research/csv/per_query_baseline_sift10m-128-euclidean.csv

=== Summary for ef 1200 ===
Average Recall: 0.99736
5th percentile recall: 0.98
1st percentile recall: 0.96

Total Latency: 3.54846 seconds
Average Latency: 3.54846e+06 ns
Experiment finished
Dataset: gist-960-euclidean
Metric: l2
Truncation Ratio: 1
Data vectors dimensions: 1000000 x 960
Query vectors dimensions: 1000 x 960
Neighbors dimensions: 1000 x 100
Index loaded
Dimension of space:960
Data size of space:3840
****Weighted average ef: 549

=== Summary (Iteration 1/3) ===
Average Latency: 8.61382e+06 ns
Average Recall: 0.98168
Total Latency: 8.61382 seconds

=== Summary (Iteration 2/3) ===
Average Latency: 8.93095e+06 ns
Average Recall: 0.98168
Total Latency: 8.93095 seconds

=== Summary (Iteration 3/3) ===
Average Latency: 8.90731e+06 ns
Average Recall: 0.98168
Total Latency: 8.90731 seconds

Per-query results (median latency per query) have been written to research/csv/per_query_results_gist-960-euclidean.csv

=== Final Summary (Median Iteration) ===
Average Latency: 8.68461e+06 ns
Total Latency: 8.68461 seconds
Average Recall: 0.98168
5th percentile recall: 0.94
1st percentile recall: 0.9
Experiment finished.

======================================
Testing ef: 100
Per-query results appended to research/csv/per_query_baseline_gist-960-euclidean.csv

=== Summary for ef 100 ===
Average Recall: 0.72898
5th percentile recall: 0.48
1st percentile recall: 0.39

Total Latency: 1.10678 seconds
Average Latency: 1.10678e+06 ns

======================================
Testing ef: 200
Per-query results appended to research/csv/per_query_baseline_gist-960-euclidean.csv

=== Summary for ef 200 ===
Average Recall: 0.85125
5th percentile recall: 0.65
1st percentile recall: 0.57

Total Latency: 2.03562 seconds
Average Latency: 2.03562e+06 ns

======================================
Testing ef: 300
Per-query results appended to research/csv/per_query_baseline_gist-960-euclidean.csv

=== Summary for ef 300 ===
Average Recall: 0.90331
5th percentile recall: 0.75
1st percentile recall: 0.67

Total Latency: 2.79701 seconds
Average Latency: 2.79701e+06 ns

======================================
Testing ef: 400
Per-query results appended to research/csv/per_query_baseline_gist-960-euclidean.csv

=== Summary for ef 400 ===
Average Recall: 0.93082
5th percentile recall: 0.8
1st percentile recall: 0.73

Total Latency: 3.60353 seconds
Average Latency: 3.60353e+06 ns

======================================
Testing ef: 500
Per-query results appended to research/csv/per_query_baseline_gist-960-euclidean.csv

=== Summary for ef 500 ===
Average Recall: 0.94723
5th percentile recall: 0.84
1st percentile recall: 0.78

Total Latency: 4.38315 seconds
Average Latency: 4.38315e+06 ns

======================================
Testing ef: 600
Per-query results appended to research/csv/per_query_baseline_gist-960-euclidean.csv

=== Summary for ef 600 ===
Average Recall: 0.95876
5th percentile recall: 0.87
1st percentile recall: 0.81

Total Latency: 5.34889 seconds
Average Latency: 5.34889e+06 ns

======================================
Testing ef: 700
Per-query results appended to research/csv/per_query_baseline_gist-960-euclidean.csv

=== Summary for ef 700 ===
Average Recall: 0.96664
5th percentile recall: 0.89
1st percentile recall: 0.83

Total Latency: 6.03938 seconds
Average Latency: 6.03938e+06 ns

======================================
Testing ef: 800
Per-query results appended to research/csv/per_query_baseline_gist-960-euclidean.csv

=== Summary for ef 800 ===
Average Recall: 0.97186
5th percentile recall: 0.9
1st percentile recall: 0.85

Total Latency: 6.67152 seconds
Average Latency: 6.67152e+06 ns

======================================
Testing ef: 1000
Per-query results appended to research/csv/per_query_baseline_gist-960-euclidean.csv

=== Summary for ef 1000 ===
Average Recall: 0.97985
5th percentile recall: 0.93
1st percentile recall: 0.88

Total Latency: 8.16909 seconds
Average Latency: 8.16909e+06 ns

======================================
Testing ef: 1200
Per-query results appended to research/csv/per_query_baseline_gist-960-euclidean.csv

=== Summary for ef 1200 ===
Average Recall: 0.98449
5th percentile recall: 0.94
1st percentile recall: 0.9

Total Latency: 9.57924 seconds
Average Latency: 9.57924e+06 ns

======================================
Testing ef: 1400
Per-query results appended to research/csv/per_query_baseline_gist-960-euclidean.csv

=== Summary for ef 1400 ===
Average Recall: 0.98749
5th percentile recall: 0.95
1st percentile recall: 0.92

Total Latency: 10.9525 seconds
Average Latency: 1.09525e+07 ns

======================================
Testing ef: 1600
Per-query results appended to research/csv/per_query_baseline_gist-960-euclidean.csv

=== Summary for ef 1600 ===
Average Recall: 0.98953
5th percentile recall: 0.96
1st percentile recall: 0.93

Total Latency: 12.1679 seconds
Average Latency: 1.21679e+07 ns

======================================
Testing ef: 2000
Per-query results appended to research/csv/per_query_baseline_gist-960-euclidean.csv

=== Summary for ef 2000 ===
Average Recall: 0.99245
5th percentile recall: 0.96
1st percentile recall: 0.94

Total Latency: 14.7757 seconds
Average Latency: 1.47757e+07 ns

======================================
Testing ef: 2400
Per-query results appended to research/csv/per_query_baseline_gist-960-euclidean.csv

=== Summary for ef 2400 ===
Average Recall: 0.99414
5th percentile recall: 0.97
1st percentile recall: 0.95

Total Latency: 17.3199 seconds
Average Latency: 1.73199e+07 ns

======================================
Testing ef: 2800
Per-query results appended to research/csv/per_query_baseline_gist-960-euclidean.csv

=== Summary for ef 2800 ===
Average Recall: 0.99516
5th percentile recall: 0.97
1st percentile recall: 0.95

Total Latency: 19.4996 seconds
Average Latency: 1.94996e+07 ns

======================================
Testing ef: 3200
Per-query results appended to research/csv/per_query_baseline_gist-960-euclidean.csv

=== Summary for ef 3200 ===
Average Recall: 0.99592
5th percentile recall: 0.98
1st percentile recall: 0.96

Total Latency: 21.9073 seconds
Average Latency: 2.19073e+07 ns

======================================
Testing ef: 3600
Per-query results appended to research/csv/per_query_baseline_gist-960-euclidean.csv

=== Summary for ef 3600 ===
Average Recall: 0.99645
5th percentile recall: 0.98
1st percentile recall: 0.96

Total Latency: 24.1862 seconds
Average Latency: 2.41862e+07 ns

======================================
Testing ef: 4000
Per-query results appended to research/csv/per_query_baseline_gist-960-euclidean.csv

=== Summary for ef 4000 ===
Average Recall: 0.99684
5th percentile recall: 0.98
1st percentile recall: 0.96

Total Latency: 26.8453 seconds
Average Latency: 2.68453e+07 ns

======================================
Testing ef: 4400
Per-query results appended to research/csv/per_query_baseline_gist-960-euclidean.csv

=== Summary for ef 4400 ===
Average Recall: 0.99711
5th percentile recall: 0.98
1st percentile recall: 0.96

Total Latency: 28.4659 seconds
Average Latency: 2.84659e+07 ns

======================================
Testing ef: 4800
Per-query results appended to research/csv/per_query_baseline_gist-960-euclidean.csv

=== Summary for ef 4800 ===
Average Recall: 0.99731
5th percentile recall: 0.98
1st percentile recall: 0.97

Total Latency: 30.8837 seconds
Average Latency: 3.08837e+07 ns

======================================
Testing ef: 5200
Per-query results appended to research/csv/per_query_baseline_gist-960-euclidean.csv

=== Summary for ef 5200 ===
Average Recall: 0.99765
5th percentile recall: 0.99
1st percentile recall: 0.97

Total Latency: 32.8284 seconds
Average Latency: 3.28284e+07 ns
Experiment finished
Dataset: tiny5m-384-euclidean
Metric: l2
Truncation Ratio: 1
Data vectors dimensions: 5000000 x 384
Query vectors dimensions: 1000 x 384
Neighbors dimensions: 1000 x 100
Index loaded
Dimension of space:384
Data size of space:1536
****Weighted average ef: 1058

=== Summary (Iteration 1/3) ===
Average Latency: 9.55806e+06 ns
Average Recall: 0.97582
Total Latency: 9.55806 seconds

=== Summary (Iteration 2/3) ===
Average Latency: 9.5451e+06 ns
Average Recall: 0.97582
Total Latency: 9.5451 seconds

=== Summary (Iteration 3/3) ===
Average Latency: 9.54967e+06 ns
Average Recall: 0.97582
Total Latency: 9.54967 seconds

Per-query results (median latency per query) have been written to research/csv/per_query_results_tiny5m-384-euclidean.csv

=== Final Summary (Median Iteration) ===
Average Latency: 9.53066e+06 ns
Total Latency: 9.53066 seconds
Average Recall: 0.97582
5th percentile recall: 0.93
1st percentile recall: 0.88
Experiment finished.

======================================
Testing ef: 100
Per-query results appended to research/csv/per_query_baseline_tiny5m-384-euclidean.csv

=== Summary for ef 100 ===
Average Recall: 0.66538
5th percentile recall: 0.32
1st percentile recall: 0.25

Total Latency: 0.714241 seconds
Average Latency: 714241 ns

======================================
Testing ef: 200
Per-query results appended to research/csv/per_query_baseline_tiny5m-384-euclidean.csv

=== Summary for ef 200 ===
Average Recall: 0.78298
5th percentile recall: 0.47
1st percentile recall: 0.37

Total Latency: 1.31519 seconds
Average Latency: 1.31519e+06 ns

======================================
Testing ef: 300
Per-query results appended to research/csv/per_query_baseline_tiny5m-384-euclidean.csv

=== Summary for ef 300 ===
Average Recall: 0.84094
5th percentile recall: 0.57
1st percentile recall: 0.48

Total Latency: 1.90903 seconds
Average Latency: 1.90903e+06 ns

======================================
Testing ef: 400
Per-query results appended to research/csv/per_query_baseline_tiny5m-384-euclidean.csv

=== Summary for ef 400 ===
Average Recall: 0.87422
5th percentile recall: 0.63
1st percentile recall: 0.53

Total Latency: 2.66837 seconds
Average Latency: 2.66837e+06 ns

======================================
Testing ef: 500
Per-query results appended to research/csv/per_query_baseline_tiny5m-384-euclidean.csv

=== Summary for ef 500 ===
Average Recall: 0.8957
5th percentile recall: 0.68
1st percentile recall: 0.57

Total Latency: 3.31219 seconds
Average Latency: 3.31219e+06 ns

======================================
Testing ef: 600
Per-query results appended to research/csv/per_query_baseline_tiny5m-384-euclidean.csv

=== Summary for ef 600 ===
Average Recall: 0.91109
5th percentile recall: 0.72
1st percentile recall: 0.61

Total Latency: 3.92973 seconds
Average Latency: 3.92973e+06 ns

======================================
Testing ef: 700
Per-query results appended to research/csv/per_query_baseline_tiny5m-384-euclidean.csv

=== Summary for ef 700 ===
Average Recall: 0.92374
5th percentile recall: 0.75
1st percentile recall: 0.64

Total Latency: 4.28153 seconds
Average Latency: 4.28153e+06 ns

======================================
Testing ef: 800
Per-query results appended to research/csv/per_query_baseline_tiny5m-384-euclidean.csv

=== Summary for ef 800 ===
Average Recall: 0.93366
5th percentile recall: 0.77
1st percentile recall: 0.67

Total Latency: 5.1272 seconds
Average Latency: 5.1272e+06 ns

======================================
Testing ef: 1000
Per-query results appended to research/csv/per_query_baseline_tiny5m-384-euclidean.csv

=== Summary for ef 1000 ===
Average Recall: 0.94776
5th percentile recall: 0.81
1st percentile recall: 0.72

Total Latency: 6.10276 seconds
Average Latency: 6.10276e+06 ns

======================================
Testing ef: 1200
Per-query results appended to research/csv/per_query_baseline_tiny5m-384-euclidean.csv

=== Summary for ef 1200 ===
Average Recall: 0.95812
5th percentile recall: 0.84
1st percentile recall: 0.76

Total Latency: 7.47305 seconds
Average Latency: 7.47305e+06 ns

======================================
Testing ef: 1400
Per-query results appended to research/csv/per_query_baseline_tiny5m-384-euclidean.csv

=== Summary for ef 1400 ===
Average Recall: 0.96488
5th percentile recall: 0.86
1st percentile recall: 0.77

Total Latency: 8.43373 seconds
Average Latency: 8.43373e+06 ns

======================================
Testing ef: 1600
Per-query results appended to research/csv/per_query_baseline_tiny5m-384-euclidean.csv

=== Summary for ef 1600 ===
Average Recall: 0.97017
5th percentile recall: 0.89
1st percentile recall: 0.81

Total Latency: 9.55341 seconds
Average Latency: 9.55341e+06 ns

======================================
Testing ef: 2000
Per-query results appended to research/csv/per_query_baseline_tiny5m-384-euclidean.csv

=== Summary for ef 2000 ===
Average Recall: 0.97729
5th percentile recall: 0.91
1st percentile recall: 0.84

Total Latency: 13.0248 seconds
Average Latency: 1.30248e+07 ns

======================================
Testing ef: 2400
Per-query results appended to research/csv/per_query_baseline_tiny5m-384-euclidean.csv

=== Summary for ef 2400 ===
Average Recall: 0.9818
5th percentile recall: 0.92
1st percentile recall: 0.88

Total Latency: 14.019 seconds
Average Latency: 1.4019e+07 ns

======================================
Testing ef: 2800
Per-query results appended to research/csv/per_query_baseline_tiny5m-384-euclidean.csv

=== Summary for ef 2800 ===
Average Recall: 0.98479
5th percentile recall: 0.94
1st percentile recall: 0.89

Total Latency: 15.9718 seconds
Average Latency: 1.59718e+07 ns

======================================
Testing ef: 3200
Per-query results appended to research/csv/per_query_baseline_tiny5m-384-euclidean.csv

=== Summary for ef 3200 ===
Average Recall: 0.98712
5th percentile recall: 0.94
1st percentile recall: 0.9

Total Latency: 17.6194 seconds
Average Latency: 1.76194e+07 ns

======================================
Testing ef: 3600
Per-query results appended to research/csv/per_query_baseline_tiny5m-384-euclidean.csv

=== Summary for ef 3600 ===
Average Recall: 0.98871
5th percentile recall: 0.95
1st percentile recall: 0.91

Total Latency: 20.1002 seconds
Average Latency: 2.01002e+07 ns

======================================
Testing ef: 4000
Per-query results appended to research/csv/per_query_baseline_tiny5m-384-euclidean.csv

=== Summary for ef 4000 ===
Average Recall: 0.99015
5th percentile recall: 0.96
1st percentile recall: 0.92

Total Latency: 22.2031 seconds
Average Latency: 2.22031e+07 ns

======================================
Testing ef: 4400
Per-query results appended to research/csv/per_query_baseline_tiny5m-384-euclidean.csv

=== Summary for ef 4400 ===
Average Recall: 0.99134
5th percentile recall: 0.96
1st percentile recall: 0.93

Total Latency: 24.1144 seconds
Average Latency: 2.41144e+07 ns

======================================
Testing ef: 4800
Per-query results appended to research/csv/per_query_baseline_tiny5m-384-euclidean.csv

=== Summary for ef 4800 ===
Average Recall: 0.99212
5th percentile recall: 0.97
1st percentile recall: 0.93

Total Latency: 25.9956 seconds
Average Latency: 2.59956e+07 ns

======================================
Testing ef: 5200
Per-query results appended to research/csv/per_query_baseline_tiny5m-384-euclidean.csv

=== Summary for ef 5200 ===
Average Recall: 0.99277
5th percentile recall: 0.97
1st percentile recall: 0.94

Total Latency: 27.8317 seconds
Average Latency: 2.78317e+07 ns
Experiment finished
Dataset: msmarco
Metric: cd
Truncation Ratio: 1
Normalize the data vectors
Data vectors dimensions: 8841823 x 1536
Query vectors dimensions: 6980 x 1536
Neighbors dimensions: 6980 x 1000
Using AVX Inner Product distance
Index loaded
Dimension of space:1536
Data size of space:6144
****Weighted average ef: 1156

=== Summary (Iteration 1/3) ===
Average Latency: 1.96236e+07 ns
Average Recall: 0.975355
Total Latency: 136.973 seconds

=== Summary (Iteration 2/3) ===
Average Latency: 2.10334e+07 ns
Average Recall: 0.975355
Total Latency: 146.813 seconds

=== Summary (Iteration 3/3) ===
Average Latency: 3.35142e+07 ns
Average Recall: 0.975355
Total Latency: 233.929 seconds

Per-query results (median latency per query) have been written to research/csv/per_query_results_msmarco.csv

=== Final Summary (Median Iteration) ===
Average Latency: 2.10821e+07 ns
Total Latency: 147.153 seconds
Average Recall: 0.975355
5th percentile recall: 0.905
1st percentile recall: 0.846
Experiment finished.

======================================
Testing ef: 1000
Per-query results appended to research/csv/per_query_baseline_msmarco.csv

=== Summary for ef 1000 ===
Average Recall: 0.947277
5th percentile recall: 0.808
1st percentile recall: 0.7

Total Latency: 137.8 seconds
Average Latency: 1.97421e+07 ns

======================================
Testing ef: 1200
Per-query results appended to research/csv/per_query_baseline_msmarco.csv

=== Summary for ef 1200 ===
Average Recall: 0.958146
5th percentile recall: 0.836
1st percentile recall: 0.736

Total Latency: 163.63 seconds
Average Latency: 2.34427e+07 ns

======================================
Testing ef: 1400
Per-query results appended to research/csv/per_query_baseline_msmarco.csv

=== Summary for ef 1400 ===
Average Recall: 0.96536
5th percentile recall: 0.857
1st percentile recall: 0.763

Total Latency: 188.201 seconds
Average Latency: 2.69629e+07 ns

======================================
Testing ef: 1600
Per-query results appended to research/csv/per_query_baseline_msmarco.csv

=== Summary for ef 1600 ===
Average Recall: 0.970567
5th percentile recall: 0.873
1st percentile recall: 0.784

Total Latency: 212.202 seconds
Average Latency: 3.04014e+07 ns

======================================
Testing ef: 2000
Per-query results appended to research/csv/per_query_baseline_msmarco.csv

=== Summary for ef 2000 ===
Average Recall: 0.977447
5th percentile recall: 0.896
1st percentile recall: 0.819

Total Latency: 260.154 seconds
Average Latency: 3.72713e+07 ns

======================================
Testing ef: 2400
Per-query results appended to research/csv/per_query_baseline_msmarco.csv

=== Summary for ef 2400 ===
Average Recall: 0.981847
5th percentile recall: 0.913
1st percentile recall: 0.843

Total Latency: 305.61 seconds
Average Latency: 4.37837e+07 ns

======================================
Testing ef: 2800
Per-query results appended to research/csv/per_query_baseline_msmarco.csv

=== Summary for ef 2800 ===
Average Recall: 0.98488
5th percentile recall: 0.926
1st percentile recall: 0.863

Total Latency: 357.364 seconds
Average Latency: 5.11983e+07 ns

======================================
Testing ef: 3200
Per-query results appended to research/csv/per_query_baseline_msmarco.csv

=== Summary for ef 3200 ===
Average Recall: 0.987058
5th percentile recall: 0.935
1st percentile recall: 0.878

Total Latency: 407.036 seconds
Average Latency: 5.83146e+07 ns

======================================
Testing ef: 3600
Per-query results appended to research/csv/per_query_baseline_msmarco.csv

=== Summary for ef 3600 ===
Average Recall: 0.988732
5th percentile recall: 0.942
1st percentile recall: 0.891

Total Latency: 452.446 seconds
Average Latency: 6.48203e+07 ns

======================================
Testing ef: 4000
Per-query results appended to research/csv/per_query_baseline_msmarco.csv

=== Summary for ef 4000 ===
Average Recall: 0.990068
5th percentile recall: 0.949
1st percentile recall: 0.901

Total Latency: 504.112 seconds
Average Latency: 7.22224e+07 ns

======================================
Testing ef: 4400
Per-query results appended to research/csv/per_query_baseline_msmarco.csv

=== Summary for ef 4400 ===
Average Recall: 0.991135
5th percentile recall: 0.953
1st percentile recall: 0.909

Total Latency: 551.962 seconds
Average Latency: 7.90777e+07 ns

======================================
Testing ef: 4800
Per-query results appended to research/csv/per_query_baseline_msmarco.csv

=== Summary for ef 4800 ===
Average Recall: 0.991991
5th percentile recall: 0.958
1st percentile recall: 0.916

Total Latency: 598.072 seconds
Average Latency: 8.56837e+07 ns

======================================
Testing ef: 5200
Per-query results appended to research/csv/per_query_baseline_msmarco.csv

=== Summary for ef 5200 ===
Average Recall: 0.992692
5th percentile recall: 0.961
1st percentile recall: 0.923

Total Latency: 642.241 seconds
Average Latency: 9.20117e+07 ns
Experiment finished
Dataset: cohere
Metric: cd
Truncation Ratio: 1
Normalize the data vectors
Data vectors dimensions: 18380565 x 1024
Query vectors dimensions: 1677 x 1024
Neighbors dimensions: 1677 x 1000
Using AVX Inner Product distance
Index loaded
Dimension of space:1024
Data size of space:4096
****Weighted average ef: 1348

=== Summary (Iteration 1/3) ===
Average Latency: 1.72854e+07 ns
Average Recall: 0.969616
Total Latency: 28.9876 seconds

=== Summary (Iteration 2/3) ===
Average Latency: 2.71525e+07 ns
Average Recall: 0.969616
Total Latency: 45.5347 seconds

=== Summary (Iteration 3/3) ===
Average Latency: 3.22913e+07 ns
Average Recall: 0.969616
Total Latency: 54.1525 seconds

Per-query results (median latency per query) have been written to research/csv/per_query_results_cohere.csv

=== Final Summary (Median Iteration) ===
Average Latency: 2.69897e+07 ns
Total Latency: 45.2617 seconds
Average Recall: 0.969616
5th percentile recall: 0.877
1st percentile recall: 0.724
Experiment finished.

======================================
Testing ef: 1000
Per-query results appended to research/csv/per_query_baseline_cohere.csv

=== Summary for ef 1000 ===
Average Recall: 0.923758
5th percentile recall: 0.737
1st percentile recall: 0.579

Total Latency: 27.2456 seconds
Average Latency: 1.62466e+07 ns

======================================
Testing ef: 1200
Per-query results appended to research/csv/per_query_baseline_cohere.csv

=== Summary for ef 1200 ===
Average Recall: 0.938033
5th percentile recall: 0.766
1st percentile recall: 0.619

Total Latency: 32.6597 seconds
Average Latency: 1.94751e+07 ns

======================================
Testing ef: 1400
Per-query results appended to research/csv/per_query_baseline_cohere.csv

=== Summary for ef 1400 ===
Average Recall: 0.947676
5th percentile recall: 0.796
1st percentile recall: 0.649

Total Latency: 38.4057 seconds
Average Latency: 2.29014e+07 ns

======================================
Testing ef: 1600
Per-query results appended to research/csv/per_query_baseline_cohere.csv

=== Summary for ef 1600 ===
Average Recall: 0.954849
5th percentile recall: 0.818
1st percentile recall: 0.667

Total Latency: 43.7433 seconds
Average Latency: 2.60843e+07 ns

======================================
Testing ef: 2000
Per-query results appended to research/csv/per_query_baseline_cohere.csv

=== Summary for ef 2000 ===
Average Recall: 0.96445
5th percentile recall: 0.85
1st percentile recall: 0.712

Total Latency: 53.8821 seconds
Average Latency: 3.213e+07 ns

======================================
Testing ef: 2400
Per-query results appended to research/csv/per_query_baseline_cohere.csv

=== Summary for ef 2400 ===
Average Recall: 0.97057
5th percentile recall: 0.871
1st percentile recall: 0.74

Total Latency: 63.597 seconds
Average Latency: 3.79231e+07 ns

======================================
Testing ef: 2800
Per-query results appended to research/csv/per_query_baseline_cohere.csv

=== Summary for ef 2800 ===
Average Recall: 0.974831
5th percentile recall: 0.885
1st percentile recall: 0.759

Total Latency: 73.0838 seconds
Average Latency: 4.35801e+07 ns

======================================
Testing ef: 3200
Per-query results appended to research/csv/per_query_baseline_cohere.csv

=== Summary for ef 3200 ===
Average Recall: 0.97801
5th percentile recall: 0.899
1st percentile recall: 0.773

Total Latency: 82.9286 seconds
Average Latency: 4.94506e+07 ns

======================================
Testing ef: 3600
Per-query results appended to research/csv/per_query_baseline_cohere.csv

=== Summary for ef 3600 ===
Average Recall: 0.980622
5th percentile recall: 0.909
1st percentile recall: 0.795

Total Latency: 91.8707 seconds
Average Latency: 5.47828e+07 ns

======================================
Testing ef: 4000
Per-query results appended to research/csv/per_query_baseline_cohere.csv

=== Summary for ef 4000 ===
Average Recall: 0.982408
5th percentile recall: 0.918
1st percentile recall: 0.806

Total Latency: 101.622 seconds
Average Latency: 6.05978e+07 ns

======================================
Testing ef: 4400
Per-query results appended to research/csv/per_query_baseline_cohere.csv

=== Summary for ef 4400 ===
Average Recall: 0.983933
5th percentile recall: 0.925
1st percentile recall: 0.814

Total Latency: 110.757 seconds
Average Latency: 6.60447e+07 ns

======================================
Testing ef: 4800
Per-query results appended to research/csv/per_query_baseline_cohere.csv

=== Summary for ef 4800 ===
Average Recall: 0.985215
5th percentile recall: 0.931
1st percentile recall: 0.824

Total Latency: 120.433 seconds
Average Latency: 7.18144e+07 ns

======================================
Testing ef: 5200
Per-query results appended to research/csv/per_query_baseline_cohere.csv

=== Summary for ef 5200 ===
Average Recall: 0.986348
5th percentile recall: 0.937
1st percentile recall: 0.835

Total Latency: 129.911 seconds
Average Latency: 7.74661e+07 ns
Experiment finished
Starting ablation study tests: sampling size...


Dataset: deep-image-96-angular
Metric: cd
Truncation ratio: 1
Normalize the data vectors
Data vectors dimensions: 9990000 x 96
Query vectors dimensions: 10000 x 96
Neighbors dimensions: 10000 x 100
Using AVX Inner Product distance
Index loaded
Dimension of space:96
Data size of space:384


Sampling size: 10000


Ground truth computed in 980964 ms
Sampling computing time: 1038482 ms
Loading samplings from /home/yc.shea/experiments/shiro-ef/ablation_sampling_size/deep-image-96-angular-samplings-10000-k100-ef.bin
Samplings loaded from /home/yc.shea/experiments/shiro-ef/ablation_sampling_size/deep-image-96-angular-samplings-10000-k100-ef.bin
Average Recall: 0.833778
Initial average recall with ef=100: 0.833848
Average Recall: 0.882007
Initial average recall with ef=150: 0.88205
Recall diff is too small for 1 consecutive steps, break.
Recall diff is too small for 1 consecutive steps, break.
Recall diff is too small for 1 consecutive steps, break.
Recall diff is too small for 1 consecutive steps, break.
Recall diff is too small for 1 consecutive steps, break.
Recall diff is too small for 1 consecutive steps, break.
Recall diff is too small for 1 consecutive steps, break.
Recall diff is too small for 1 consecutive steps, break.
Recall diff is too small for 1 consecutive steps, break.
Weighted average ef: 389.829
EF-estimation table computing time: 55923 ms
Per-bucket recall: conv_p20=40.7197 hard_recall=0.95 easy_recall=0.98
Training convergence-bucket 0 [16.4645, 37.6133) with 1000 queries (recall=0.95).
Average Recall: 0.598518
Initial average recall with ef=100: 0.597283
Average Recall: 0.677998
Initial average recall with ef=150: 0.676657
Weighted average ef: 1105.48
Training convergence-bucket 1 [37.6133, 40.7197) with 1000 queries (recall=0.95).
Average Recall: 0.63489
Initial average recall with ef=100: 0.633663
Average Recall: 0.71479
Initial average recall with ef=150: 0.713845
Weighted average ef: 941.443
Training convergence-bucket 2 [40.7197, 46.5007) with 1000 queries (recall=0.98).
Average Recall: 0.72533
Initial average recall with ef=100: 0.724289
Average Recall: 0.798981
Initial average recall with ef=150: 0.798143
Recall diff is too small for 1 consecutive steps, break.
Recall diff is too small for 1 consecutive steps, break.
Recall diff is too small for 1 consecutive steps, break.
Recall diff is too small for 1 consecutive steps, break.
Recall diff is too small for 1 consecutive steps, break.
Weighted average ef: 1095.96
Training convergence-bucket 3 [46.5007, 51.143) with 1000 queries (recall=0.98).
Average Recall: 0.81051
Initial average recall with ef=100: 0.810519
Average Recall: 0.87293
Initial average recall with ef=150: 0.873093
Weighted average ef: 593.553
Training convergence-bucket 4 [51.143, 55.2267) with 1000 queries (recall=0.98).
Average Recall: 0.85672
Initial average recall with ef=100: 0.857077
Average Recall: 0.909859
Initial average recall with ef=150: 0.910131
Weighted average ef: 431.525
Training convergence-bucket 5 [55.2267, 59.1716) with 1000 queries (recall=0.98).
Average Recall: 0.8902
Initial average recall with ef=100: 0.890892
Average Recall: 0.935828
Initial average recall with ef=150: 0.936586
Recall diff is too small for 1 consecutive steps, break.
Recall diff is too small for 1 consecutive steps, break.
Weighted average ef: 342.897
Training convergence-bucket 6 [59.1716, 63.4503) with 1000 queries (recall=0.98).
Average Recall: 0.919559
Initial average recall with ef=100: 0.920292
Average Recall: 0.955837
Initial average recall with ef=150: 0.956465
Weighted average ef: 262.262
Training convergence-bucket 7 [63.4503, 68.4983) with 1000 queries (recall=0.98).
Average Recall: 0.946139
Initial average recall with ef=100: 0.946787
Average Recall: 0.973497
Initial average recall with ef=150: 0.974048
Weighted average ef: 197.418
Training convergence-bucket 8 [68.4983, 75.1717) with 1000 queries (recall=0.98).
Average Recall: 0.967847
Initial average recall with ef=100: 0.96827
Average Recall: 0.985807
Initial average recall with ef=150: 0.986137
Weighted average ef: 149.702
Training convergence-bucket 9 [75.1717, inf) with 1000 queries (recall=0.98).
Average Recall: 0.987728
Initial average recall with ef=100: 0.988412
Average Recall: 0.99413
Initial average recall with ef=150: 0.99453
Weighted average ef: 106.238
****Weighted average ef: 522
Search time: 16576 ms
Search time: 16056 ms
Search time: 16550 ms
Average Recall: 0.986134
5th percentile recall: 0.95
1st percentile recall: 0.92
Median search time: 16550 ms
Search times: 16056 ms, 16550 ms, 16576 ms, 
deep-image-96-angular experiment results:
statisc_length, time, avg_recall, 5th_percentile_recall, 1st_percentile_recall, recall_above_99, recall_above_95, recall_above_90
1025, 16550, 0.986134, 0.95, 0.92, 6657, 9442, 9937
Experiment finished


Sampling size: 5000


Ground truth computed in 487021 ms
Sampling computing time: 568829 ms
Loading samplings from /home/yc.shea/experiments/shiro-ef/ablation_sampling_size/deep-image-96-angular-samplings-5000-k100-ef.bin
Samplings loaded from /home/yc.shea/experiments/shiro-ef/ablation_sampling_size/deep-image-96-angular-samplings-5000-k100-ef.bin
Average Recall: 0.833812
Initial average recall with ef=100: 0.834019
Average Recall: 0.882168
Initial average recall with ef=150: 0.882342
Weighted average ef: 399.748
EF-estimation table computing time: 33874 ms
Per-bucket recall: conv_p20=40.7504 hard_recall=0.95 easy_recall=0.98
Training convergence-bucket 0 [21.651, 37.6395) with 500 queries (recall=0.95).
Average Recall: 0.60532
Initial average recall with ef=100: 0.601943
Average Recall: 0.68502
Initial average recall with ef=150: 0.681963
Recall diff is too small for 1 consecutive steps, break.
Recall diff is too small for 1 consecutive steps, break.
Weighted average ef: 1073.15
Training convergence-bucket 1 [37.6395, 40.7504) with 500 queries (recall=0.95).
Average Recall: 0.638
Initial average recall with ef=100: 0.635216
Average Recall: 0.71574
Initial average recall with ef=150: 0.713922
Weighted average ef: 916.568
Training convergence-bucket 2 [40.7504, 46.6119) with 500 queries (recall=0.98).
Average Recall: 0.7268
Initial average recall with ef=100: 0.726599
Average Recall: 0.799619
Initial average recall with ef=150: 0.799532
Recall diff is too small for 1 consecutive steps, break.
Recall diff is too small for 1 consecutive steps, break.
Recall diff is too small for 1 consecutive steps, break.
Weighted average ef: 1028.91
Training convergence-bucket 3 [46.6119, 51.4408) with 500 queries (recall=0.98).
Average Recall: 0.80882
Initial average recall with ef=100: 0.808873
Average Recall: 0.872201
Initial average recall with ef=150: 0.872316
Recall diff is too small for 1 consecutive steps, break.
Weighted average ef: 621.552
Training convergence-bucket 4 [51.4408, 55.2335) with 500 queries (recall=0.98).
Average Recall: 0.85574
Initial average recall with ef=100: 0.857039
Average Recall: 0.908681
Initial average recall with ef=150: 0.909834
Recall diff is too small for 1 consecutive steps, break.
Recall diff is too small for 1 consecutive steps, break.
Recall diff is too small for 1 consecutive steps, break.
Weighted average ef: 435.438
Training convergence-bucket 5 [55.2335, 59.0651) with 500 queries (recall=0.98).
Average Recall: 0.887381
Initial average recall with ef=100: 0.887095
Average Recall: 0.933521
Initial average recall with ef=150: 0.933714
Recall diff is too small for 1 consecutive steps, break.
Weighted average ef: 334.366
Training convergence-bucket 6 [59.0651, 63.1211) with 500 queries (recall=0.98).
Average Recall: 0.917781
Initial average recall with ef=100: 0.918745
Average Recall: 0.955561
Initial average recall with ef=150: 0.956379
Recall diff is too small for 1 consecutive steps, break.
Weighted average ef: 247.094
Training convergence-bucket 7 [63.1211, 67.9401) with 500 queries (recall=0.98).
Average Recall: 0.943461
Initial average recall with ef=100: 0.943927
Average Recall: 0.97204
Initial average recall with ef=150: 0.972429
Recall diff is too small for 1 consecutive steps, break.
Weighted average ef: 202.178
Training convergence-bucket 8 [67.9401, 74.7938) with 500 queries (recall=0.98).
Average Recall: 0.96754
Initial average recall with ef=100: 0.968745
Average Recall: 0.9853
Initial average recall with ef=150: 0.986073
Weighted average ef: 148.51
Training convergence-bucket 9 [74.7938, inf) with 500 queries (recall=0.98).
Average Recall: 0.987675
Initial average recall with ef=100: 0.990308
Average Recall: 0.994289
Initial average recall with ef=150: 0.996598
Weighted average ef: 100.9
****Weighted average ef: 510
Search time: 16685 ms
Search time: 16298 ms
Search time: 16692 ms
Average Recall: 0.985834
5th percentile recall: 0.95
1st percentile recall: 0.92
Median search time: 16685 ms
Search times: 16298 ms, 16685 ms, 16692 ms, 
deep-image-96-angular experiment results:
statisc_length, time, avg_recall, 5th_percentile_recall, 1st_percentile_recall, recall_above_99, recall_above_95, recall_above_90
1025, 16685, 0.985834, 0.95, 0.92, 6568, 9407, 9937
Experiment finished


Sampling size: 4000


Ground truth computed in 394562 ms
Sampling computing time: 458943 ms
Loading samplings from /home/yc.shea/experiments/shiro-ef/ablation_sampling_size/deep-image-96-angular-samplings-4000-k100-ef.bin
Samplings loaded from /home/yc.shea/experiments/shiro-ef/ablation_sampling_size/deep-image-96-angular-samplings-4000-k100-ef.bin
Average Recall: 0.833432
Initial average recall with ef=100: 0.833707
Average Recall: 0.882052
Initial average recall with ef=150: 0.882358
Weighted average ef: 397.202
EF-estimation table computing time: 25224 ms
Per-bucket recall: conv_p20=40.6448 hard_recall=0.95 easy_recall=0.98
Training convergence-bucket 0 [21.651, 37.6082) with 400 queries (recall=0.95).
Average Recall: 0.605825
Initial average recall with ef=100: 0.601844
Average Recall: 0.684925
Initial average recall with ef=150: 0.681558
Recall diff is too small for 1 consecutive steps, break.
Recall diff is too small for 1 consecutive steps, break.
Recall diff is too small for 1 consecutive steps, break.
Weighted average ef: 1075
Training convergence-bucket 1 [37.6082, 40.6448) with 400 queries (recall=0.95).
Average Recall: 0.63815
Initial average recall with ef=100: 0.634597
Average Recall: 0.715775
Initial average recall with ef=150: 0.713299
Weighted average ef: 895.115
Training convergence-bucket 2 [40.6448, 46.6753) with 400 queries (recall=0.98).
Average Recall: 0.722775
Initial average recall with ef=100: 0.721282
Average Recall: 0.7965
Initial average recall with ef=150: 0.795256
Recall diff is too small for 1 consecutive steps, break.
Recall diff is too small for 1 consecutive steps, break.
Weighted average ef: 1112.14
Training convergence-bucket 3 [46.6753, 51.2517) with 400 queries (recall=0.98).
Average Recall: 0.8142
Initial average recall with ef=100: 0.813582
Average Recall: 0.87745
Initial average recall with ef=150: 0.876959
Weighted average ef: 553.362
Training convergence-bucket 4 [51.2517, 54.8847) with 400 queries (recall=0.98).
Average Recall: 0.852775
Initial average recall with ef=100: 0.853646
Average Recall: 0.908975
Initial average recall with ef=150: 0.909531
Weighted average ef: 430.455
Training convergence-bucket 5 [54.8847, 58.5418) with 400 queries (recall=0.98).
Average Recall: 0.885125
Initial average recall with ef=100: 0.885452
Average Recall: 0.930175
Initial average recall with ef=150: 0.930698
Recall diff is too small for 1 consecutive steps, break.
Weighted average ef: 326.978
Training convergence-bucket 6 [58.5418, 63.2201) with 400 queries (recall=0.98).
Average Recall: 0.915625
Initial average recall with ef=100: 0.915959
Average Recall: 0.955201
Initial average recall with ef=150: 0.955448
Recall diff is too small for 1 consecutive steps, break.
Recall diff is too small for 1 consecutive steps, break.
Weighted average ef: 242.245
Training convergence-bucket 7 [63.2201, 68.0273) with 400 queries (recall=0.98).
Average Recall: 0.9421
Initial average recall with ef=100: 0.943899
Average Recall: 0.97085
Initial average recall with ef=150: 0.971899
Recall diff is too small for 1 consecutive steps, break.
Weighted average ef: 208.13
Training convergence-bucket 8 [68.0273, 74.8475) with 400 queries (recall=0.98).
Average Recall: 0.96895
Initial average recall with ef=100: 0.970025
Average Recall: 0.986075
Initial average recall with ef=150: 0.986929
Weighted average ef: 145.91
Training convergence-bucket 9 [74.8475, inf) with 400 queries (recall=0.98).
Average Recall: 0.988875
Initial average recall with ef=100: 0.991196
Average Recall: 0.9947
Initial average recall with ef=150: 0.996921
Weighted average ef: 104.25
****Weighted average ef: 509
Search time: 16571 ms
Search time: 15993 ms
Search time: 16506 ms
Average Recall: 0.985723
5th percentile recall: 0.95
1st percentile recall: 0.92
Median search time: 16506 ms
Search times: 15993 ms, 16506 ms, 16571 ms, 
deep-image-96-angular experiment results:
statisc_length, time, avg_recall, 5th_percentile_recall, 1st_percentile_recall, recall_above_99, recall_above_95, recall_above_90
1025, 16506, 0.985723, 0.95, 0.92, 6529, 9415, 9930
Experiment finished


Sampling size: 3000


Ground truth computed in 297933 ms
Sampling computing time: 345642 ms
Loading samplings from /home/yc.shea/experiments/shiro-ef/ablation_sampling_size/deep-image-96-angular-samplings-3000-k100-ef.bin
Samplings loaded from /home/yc.shea/experiments/shiro-ef/ablation_sampling_size/deep-image-96-angular-samplings-3000-k100-ef.bin
Average Recall: 0.835152
Initial average recall with ef=100: 0.835458
Average Recall: 0.884026
Initial average recall with ef=150: 0.884358
Recall diff is too small for 1 consecutive steps, break.
Weighted average ef: 391.431
EF-estimation table computing time: 20910 ms
Per-bucket recall: conv_p20=40.6884 hard_recall=0.95 easy_recall=0.98
Training convergence-bucket 0 [23.234, 37.7252) with 300 queries (recall=0.95).
Average Recall: 0.607433
Initial average recall with ef=100: 0.603238
Average Recall: 0.686733
Initial average recall with ef=150: 0.682242
Recall diff is too small for 1 consecutive steps, break.
Recall diff is too small for 1 consecutive steps, break.
Weighted average ef: 1040.64
Training convergence-bucket 1 [37.7252, 40.6884) with 300 queries (recall=0.95).
Average Recall: 0.638833
Initial average recall with ef=100: 0.633333
Average Recall: 0.7185
Initial average recall with ef=150: 0.713824
Weighted average ef: 898.307
Training convergence-bucket 2 [40.6884, 46.2056) with 300 queries (recall=0.98).
Average Recall: 0.721667
Initial average recall with ef=100: 0.719509
Average Recall: 0.796767
Initial average recall with ef=150: 0.795088
Recall diff is too small for 1 consecutive steps, break.
Weighted average ef: 1074.09
Training convergence-bucket 3 [46.2056, 51.5452) with 300 queries (recall=0.98).
Average Recall: 0.809334
Initial average recall with ef=100: 0.806406
Average Recall: 0.873066
Initial average recall with ef=150: 0.871317
Recall diff is too small for 1 consecutive steps, break.
Weighted average ef: 599.717
Training convergence-bucket 4 [51.5452, 55.7279) with 300 queries (recall=0.98).
Average Recall: 0.856767
Initial average recall with ef=100: 0.855866
Average Recall: 0.9146
Initial average recall with ef=150: 0.914028
Weighted average ef: 383.963
Training convergence-bucket 5 [55.7279, 59.6592) with 300 queries (recall=0.98).
Average Recall: 0.8974
Initial average recall with ef=100: 0.896632
Average Recall: 0.9425
Initial average recall with ef=150: 0.942268
Weighted average ef: 312.253
Training convergence-bucket 6 [59.6592, 64.0217) with 300 queries (recall=0.98).
Average Recall: 0.920367
Initial average recall with ef=100: 0.920381
Average Recall: 0.956
Initial average recall with ef=150: 0.956505
Recall diff is too small for 1 consecutive steps, break.
Weighted average ef: 259.147
Training convergence-bucket 7 [64.0217, 68.7624) with 300 queries (recall=0.98).
Average Recall: 0.944234
Initial average recall with ef=100: 0.945
Average Recall: 0.9727
Initial average recall with ef=150: 0.973288
Recall diff is too small for 1 consecutive steps, break.
Weighted average ef: 189.85
Training convergence-bucket 8 [68.7624, 75.1871) with 300 queries (recall=0.98).
Average Recall: 0.969667
Initial average recall with ef=100: 0.971497
Average Recall: 0.9869
Initial average recall with ef=150: 0.988095
Weighted average ef: 137.303
Training convergence-bucket 9 [75.1871, inf) with 300 queries (recall=0.98).
Average Recall: 0.985867
Initial average recall with ef=100: 0.987456
Average Recall: 0.992567
Initial average recall with ef=150: 0.993852
Weighted average ef: 98.83
****Weighted average ef: 499
Search time: 16440 ms
Search time: 16838 ms
Search time: 16304 ms
Average Recall: 0.986031
5th percentile recall: 0.95
1st percentile recall: 0.92
Median search time: 16440 ms
Search times: 16304 ms, 16440 ms, 16838 ms, 
deep-image-96-angular experiment results:
statisc_length, time, avg_recall, 5th_percentile_recall, 1st_percentile_recall, recall_above_99, recall_above_95, recall_above_90
1025, 16440, 0.986031, 0.95, 0.92, 6594, 9451, 9932
Experiment finished


Sampling size: 1000


Ground truth computed in 98987 ms
Sampling computing time: 115291 ms
Loading samplings from /home/yc.shea/experiments/shiro-ef/ablation_sampling_size/deep-image-96-angular-samplings-1000-k100-ef.bin
Samplings loaded from /home/yc.shea/experiments/shiro-ef/ablation_sampling_size/deep-image-96-angular-samplings-1000-k100-ef.bin
Average Recall: 0.83324
Initial average recall with ef=100: 0.83555
Average Recall: 0.883729
Initial average recall with ef=150: 0.884934
Weighted average ef: 382.261
EF-estimation table computing time: 8564 ms
Per-bucket recall: conv_p20=40.6884 hard_recall=0.95 easy_recall=0.98
Training convergence-bucket 0 [26.5957, 37.8865) with 100 queries (recall=0.95).
Average Recall: 0.6116
Initial average recall with ef=100: 0.610786
Average Recall: 0.6943
Initial average recall with ef=150: 0.690899
Recall diff is too small for 1 consecutive steps, break.
Weighted average ef: 892.67
Training convergence-bucket 1 [37.8865, 40.6884) with 100 queries (recall=0.95).
Average Recall: 0.641
Initial average recall with ef=100: 0.630125
Average Recall: 0.7229
Initial average recall with ef=150: 0.715875
Recall diff is too small for 1 consecutive steps, break.
Recall diff is too small for 1 consecutive steps, break.
Weighted average ef: 710.21
Training convergence-bucket 2 [40.6884, 46.4283) with 100 queries (recall=0.98).
Average Recall: 0.7346
Initial average recall with ef=100: 0.733165
Average Recall: 0.8093
Initial average recall with ef=150: 0.810633
Recall diff is too small for 1 consecutive steps, break.
Recall diff is too small for 1 consecutive steps, break.
Recall diff is too small for 1 consecutive steps, break.
Recall diff is too small for 1 consecutive steps, break.
Weighted average ef: 733.65
Training convergence-bucket 3 [46.4283, 51.0785) with 100 queries (recall=0.98).
Average Recall: 0.7897
Initial average recall with ef=100: 0.804778
Average Recall: 0.8656
Initial average recall with ef=150: 0.871667
Weighted average ef: 535.05
Training convergence-bucket 4 [51.0785, 55.4609) with 100 queries (recall=0.98).
Average Recall: 0.8598
Initial average recall with ef=100: 0.863659
Average Recall: 0.9092
Initial average recall with ef=150: 0.912317
Recall diff is too small for 1 consecutive steps, break.
Weighted average ef: 359.88
Training convergence-bucket 5 [55.4609, 58.8808) with 100 queries (recall=0.98).
Average Recall: 0.8816
Initial average recall with ef=100: 0.875063
Average Recall: 0.9299
Initial average recall with ef=150: 0.928861
Recall diff is too small for 1 consecutive steps, break.
Weighted average ef: 296.08
Training convergence-bucket 6 [58.8808, 63.4699) with 100 queries (recall=0.98).
Average Recall: 0.9205
Initial average recall with ef=100: 0.916538
Average Recall: 0.9581
Initial average recall with ef=150: 0.955385
Weighted average ef: 207.57
Training convergence-bucket 7 [63.4699, 67.919) with 100 queries (recall=0.98).
Average Recall: 0.9424
Initial average recall with ef=100: 0.943929
Average Recall: 0.9715
Initial average recall with ef=150: 0.973809
Weighted average ef: 171.15
Training convergence-bucket 8 [67.919, 74.2157) with 100 queries (recall=0.98).
Average Recall: 0.9638
Initial average recall with ef=100: 0.964396
Average Recall: 0.9819
Initial average recall with ef=150: 0.981868
Weighted average ef: 146.7
Training convergence-bucket 9 [74.2157, inf) with 100 queries (recall=0.98).
Average Recall: 0.9874
Initial average recall with ef=100: 0.990875
Average Recall: 0.9946
Initial average recall with ef=150: 0.99675
Weighted average ef: 84.29
****Weighted average ef: 413
Search time: 15339 ms
Search time: 15298 ms
Search time: 14704 ms
Average Recall: 0.984342
5th percentile recall: 0.95
1st percentile recall: 0.9
Median search time: 15298 ms
Search times: 14704 ms, 15298 ms, 15339 ms, 
deep-image-96-angular experiment results:
statisc_length, time, avg_recall, 5th_percentile_recall, 1st_percentile_recall, recall_above_99, recall_above_95, recall_above_90
1025, 15298, 0.984342, 0.95, 0.9, 6307, 9329, 9883
Experiment finished
Dataset: glove-100-angular
Metric: cd
Truncation ratio: 1
Normalize the data vectors
Data vectors dimensions: 1183514 x 100
Query vectors dimensions: 10000 x 100
Neighbors dimensions: 10000 x 100
Using AVX Inner Product distance
Index loaded
Dimension of space:100
Data size of space:400


Sampling size: 10000


Ground truth computed in 93854 ms
Sampling computing time: 146786 ms
Loading samplings from /home/yc.shea/experiments/shiro-ef/ablation_sampling_size/glove-100-angular-samplings-10000-k100-ef.bin
Samplings loaded from /home/yc.shea/experiments/shiro-ef/ablation_sampling_size/glove-100-angular-samplings-10000-k100-ef.bin
Average Recall: 0.73145
Initial average recall with ef=100: 0.731391
Average Recall: 0.775874
Initial average recall with ef=150: 0.775914
Recall diff is too small for 1 consecutive steps, break.
Weighted average ef: 1768.81
EF-estimation table computing time: 132743 ms
Per-bucket recall: conv_p20=34.1817 hard_recall=0.95 easy_recall=0.98
Training convergence-bucket 0 [9.49065, 28.7621) with 1000 queries (recall=0.95).
Average Recall: 0.46866
Initial average recall with ef=100: 0.464717
Average Recall: 0.52056
Initial average recall with ef=150: 0.516761
Recall diff is too small for 1 consecutive steps, break.
Weighted average ef: 4169.04
Training convergence-bucket 1 [28.7621, 34.1817) with 1000 queries (recall=0.95).
Average Recall: 0.48486
Initial average recall with ef=100: 0.479352
Average Recall: 0.54422
Initial average recall with ef=150: 0.539027
Weighted average ef: 3726.41
Training convergence-bucket 2 [34.1817, 39.0231) with 1000 queries (recall=0.98).
Average Recall: 0.54732
Initial average recall with ef=100: 0.539446
Average Recall: 0.60873
Initial average recall with ef=150: 0.601508
Weighted average ef: 4036.13
Training convergence-bucket 3 [39.0231, 43.7663) with 1000 queries (recall=0.98).
Average Recall: 0.622262
Initial average recall with ef=100: 0.621828
Average Recall: 0.68385
Initial average recall with ef=150: 0.679561
Recall diff is too small for 1 consecutive steps, break.
Recall diff is too small for 1 consecutive steps, break.
Weighted average ef: 3374.41
Training convergence-bucket 4 [43.7663, 49.1252) with 1000 queries (recall=0.98).
Average Recall: 0.71474
Initial average recall with ef=100: 0.712118
Average Recall: 0.77223
Initial average recall with ef=150: 0.770112
Recall diff is too small for 1 consecutive steps, break.
Recall diff is too small for 1 consecutive steps, break.
Recall diff is too small for 1 consecutive steps, break.
Weighted average ef: 2357.53
Training convergence-bucket 5 [49.1252, 54.9524) with 1000 queries (recall=0.98).
Average Recall: 0.790139
Initial average recall with ef=100: 0.79075
Average Recall: 0.83961
Initial average recall with ef=150: 0.84038
Weighted average ef: 1622.47
Training convergence-bucket 6 [54.9524, 60.9817) with 1000 queries (recall=0.98).
Average Recall: 0.865969
Initial average recall with ef=100: 0.866794
Average Recall: 0.906258
Initial average recall with ef=150: 0.907197
Weighted average ef: 916.845
Training convergence-bucket 7 [60.9817, 67.1497) with 1000 queries (recall=0.98).
Average Recall: 0.902889
Initial average recall with ef=100: 0.903343
Average Recall: 0.933648
Initial average recall with ef=150: 0.934156
Recall diff is too small for 1 consecutive steps, break.
Recall diff is too small for 1 consecutive steps, break.
Weighted average ef: 724.9
Training convergence-bucket 8 [67.1497, 73.4091) with 1000 queries (recall=0.98).
Average Recall: 0.942747
Initial average recall with ef=100: 0.942953
Average Recall: 0.964078
Initial average recall with ef=150: 0.964284
Recall diff is too small for 1 consecutive steps, break.
Recall diff is too small for 1 consecutive steps, break.
Weighted average ef: 361.942
Training convergence-bucket 9 [73.4091, inf) with 1000 queries (recall=0.98).
Average Recall: 0.974738
Initial average recall with ef=100: 0.976117
Average Recall: 0.985459
Initial average recall with ef=150: 0.98664
Recall diff is too small for 1 consecutive steps, break.
Weighted average ef: 190.853
****Weighted average ef: 2148
Search time: 59669 ms
Search time: 59632 ms
Search time: 59671 ms
Average Recall: 0.978125
5th percentile recall: 0.92
1st percentile recall: 0.88
Median search time: 59669 ms
Search times: 59632 ms, 59669 ms, 59671 ms, 
glove-100-angular experiment results:
statisc_length, time, avg_recall, 5th_percentile_recall, 1st_percentile_recall, recall_above_99, recall_above_95, recall_above_90
1025, 59669, 0.978125, 0.92, 0.88, 5455, 8421, 9739
Experiment finished


Sampling size: 5000


Ground truth computed in 46920 ms
Sampling computing time: 305575 ms
Loading samplings from /home/yc.shea/experiments/shiro-ef/ablation_sampling_size/glove-100-angular-samplings-5000-k100-ef.bin
Samplings loaded from /home/yc.shea/experiments/shiro-ef/ablation_sampling_size/glove-100-angular-samplings-5000-k100-ef.bin
Average Recall: 0.731625
Initial average recall with ef=100: 0.731602
Average Recall: 0.775846
Initial average recall with ef=150: 0.775803
Recall diff is too small for 1 consecutive steps, break.
Weighted average ef: 1680.73
EF-estimation table computing time: 100500 ms
Per-bucket recall: conv_p20=34.3367 hard_recall=0.95 easy_recall=0.98
Training convergence-bucket 0 [15.8214, 28.7213) with 500 queries (recall=0.95).
Average Recall: 0.46776
Initial average recall with ef=100: 0.459571
Average Recall: 0.51736
Initial average recall with ef=150: 0.509551
Recall diff is too small for 1 consecutive steps, break.
Recall diff is too small for 1 consecutive steps, break.
Recall diff is too small for 1 consecutive steps, break.
Recall diff is too small for 1 consecutive steps, break.
Weighted average ef: 4251.49
Training convergence-bucket 1 [28.7213, 34.3367) with 500 queries (recall=0.95).
Average Recall: 0.48174
Initial average recall with ef=100: 0.474192
Average Recall: 0.5367
Initial average recall with ef=150: 0.529489
Weighted average ef: 3748.03
Training convergence-bucket 2 [34.3367, 38.7642) with 500 queries (recall=0.98).
Average Recall: 0.53948
Initial average recall with ef=100: 0.533156
Average Recall: 0.60136
Initial average recall with ef=150: 0.595615
Recall diff is too small for 1 consecutive steps, break.
Recall diff is too small for 1 consecutive steps, break.
Recall diff is too small for 1 consecutive steps, break.
Recall diff is too small for 1 consecutive steps, break.
Recall diff is too small for 1 consecutive steps, break.
Recall diff is too small for 1 consecutive steps, break.
Recall diff is too small for 1 consecutive steps, break.
Weighted average ef: 4065.54
Training convergence-bucket 3 [38.7642, 43.8152) with 500 queries (recall=0.98).
Average Recall: 0.606834
Initial average recall with ef=100: 0.604153
Average Recall: 0.673046
Initial average recall with ef=150: 0.670289
Recall diff is too small for 1 consecutive steps, break.
Recall diff is too small for 1 consecutive steps, break.
Recall diff is too small for 1 consecutive steps, break.
Recall diff is too small for 1 consecutive steps, break.
Recall diff is too small for 1 consecutive steps, break.
Recall diff is too small for 1 consecutive steps, break.
Recall diff is too small for 1 consecutive steps, break.
Recall diff is too small for 1 consecutive steps, break.
Recall diff is too small for 1 consecutive steps, break.
Recall diff is too small for 1 consecutive steps, break.
Weighted average ef: 2967.9
Training convergence-bucket 4 [43.8152, 49.6335) with 500 queries (recall=0.98).
Average Recall: 0.71764
Initial average recall with ef=100: 0.715237
Average Recall: 0.77388
Initial average recall with ef=150: 0.772206
Weighted average ef: 2387.77
Training convergence-bucket 5 [49.6335, 55.4587) with 500 queries (recall=0.98).
Average Recall: 0.806081
Initial average recall with ef=100: 0.807713
Average Recall: 0.857881
Initial average recall with ef=150: 0.859834
Recall diff is too small for 1 consecutive steps, break.
Weighted average ef: 1401.94
Training convergence-bucket 6 [55.4587, 60.9916) with 500 queries (recall=0.98).
Average Recall: 0.866961
Initial average recall with ef=100: 0.864969
Average Recall: 0.907141
Initial average recall with ef=150: 0.905378
Weighted average ef: 879.836
Training convergence-bucket 7 [60.9916, 67.3437) with 500 queries (recall=0.98).
Average Recall: 0.91232
Initial average recall with ef=100: 0.913544
Average Recall: 0.9412
Initial average recall with ef=150: 0.942505
Weighted average ef: 542.832
Training convergence-bucket 8 [67.3437, 73.5584) with 500 queries (recall=0.98).
Average Recall: 0.94216
Initial average recall with ef=100: 0.943996
Average Recall: 0.9636
Initial average recall with ef=150: 0.965021
Weighted average ef: 384.794
Training convergence-bucket 9 [73.5584, inf) with 500 queries (recall=0.98).
Average Recall: 0.97508
Initial average recall with ef=100: 0.978
Average Recall: 0.98614
Initial average recall with ef=150: 0.98851
Recall diff is too small for 1 consecutive steps, break.
Weighted average ef: 159.056
****Weighted average ef: 2078
Search time: 56708 ms
Search time: 56847 ms
Search time: 56856 ms
Average Recall: 0.975898
5th percentile recall: 0.91
1st percentile recall: 0.87
Median search time: 56847 ms
Search times: 56708 ms, 56847 ms, 56856 ms, 
glove-100-angular experiment results:
statisc_length, time, avg_recall, 5th_percentile_recall, 1st_percentile_recall, recall_above_99, recall_above_95, recall_above_90
1025, 56847, 0.975898, 0.91, 0.87, 5273, 8199, 9630
Experiment finished


Sampling size: 4000


Ground truth computed in 37536 ms
Sampling computing time: 238340 ms
Loading samplings from /home/yc.shea/experiments/shiro-ef/ablation_sampling_size/glove-100-angular-samplings-4000-k100-ef.bin
Samplings loaded from /home/yc.shea/experiments/shiro-ef/ablation_sampling_size/glove-100-angular-samplings-4000-k100-ef.bin
Average Recall: 0.739955
Initial average recall with ef=100: 0.739897
Average Recall: 0.783487
Initial average recall with ef=150: 0.783442
Weighted average ef: 1609.72
EF-estimation table computing time: 81890 ms
Per-bucket recall: conv_p20=34.9306 hard_recall=0.95 easy_recall=0.98
Training convergence-bucket 0 [9.49065, 29.1725) with 400 queries (recall=0.95).
Average Recall: 0.471375
Initial average recall with ef=100: 0.454632
Average Recall: 0.522575
Initial average recall with ef=150: 0.505553
Weighted average ef: 4214.07
Training convergence-bucket 1 [29.1725, 34.9306) with 400 queries (recall=0.95).
Average Recall: 0.4907
Initial average recall with ef=100: 0.477247
Average Recall: 0.551975
Initial average recall with ef=150: 0.53948
Weighted average ef: 3614.84
Training convergence-bucket 2 [34.9306, 39.5759) with 400 queries (recall=0.98).
Average Recall: 0.555725
Initial average recall with ef=100: 0.549689
Average Recall: 0.616575
Initial average recall with ef=150: 0.610492
Recall diff is too small for 1 consecutive steps, break.
Recall diff is too small for 1 consecutive steps, break.
Weighted average ef: 3903.48
Training convergence-bucket 3 [39.5759, 44.6133) with 400 queries (recall=0.98).
Average Recall: 0.634925
Initial average recall with ef=100: 0.629576
Average Recall: 0.697425
Initial average recall with ef=150: 0.693607
Recall diff is too small for 1 consecutive steps, break.
Recall diff is too small for 1 consecutive steps, break.
Recall diff is too small for 1 consecutive steps, break.
Recall diff is too small for 1 consecutive steps, break.
Recall diff is too small for 1 consecutive steps, break.
Weighted average ef: 3021.69
Training convergence-bucket 4 [44.6133, 50.0946) with 400 queries (recall=0.98).
Average Recall: 0.741875
Initial average recall with ef=100: 0.736649
Average Recall: 0.796475
Initial average recall with ef=150: 0.792181
Recall diff is too small for 1 consecutive steps, break.
Recall diff is too small for 1 consecutive steps, break.
Recall diff is too small for 1 consecutive steps, break.
Recall diff is too small for 1 consecutive steps, break.
Recall diff is too small for 1 consecutive steps, break.
Weighted average ef: 2027.86
Training convergence-bucket 5 [50.0946, 55.7339) with 400 queries (recall=0.98).
Average Recall: 0.808325
Initial average recall with ef=100: 0.8115
Average Recall: 0.85555
Initial average recall with ef=150: 0.859158
Recall diff is too small for 1 consecutive steps, break.
Recall diff is too small for 1 consecutive steps, break.
Recall diff is too small for 1 consecutive steps, break.
Weighted average ef: 1381.81
Training convergence-bucket 6 [55.7339, 61.5794) with 400 queries (recall=0.98).
Average Recall: 0.869625
Initial average recall with ef=100: 0.869639
Average Recall: 0.908625
Initial average recall with ef=150: 0.908943
Recall diff is too small for 1 consecutive steps, break.
Weighted average ef: 926.062
Training convergence-bucket 7 [61.5794, 67.8635) with 400 queries (recall=0.98).
Average Recall: 0.909126
Initial average recall with ef=100: 0.906907
Average Recall: 0.9374
Initial average recall with ef=150: 0.935747
Recall diff is too small for 1 consecutive steps, break.
Recall diff is too small for 1 consecutive steps, break.
Recall diff is too small for 1 consecutive steps, break.
Recall diff is too small for 1 consecutive steps, break.
Weighted average ef: 624.472
Training convergence-bucket 8 [67.8635, 73.9547) with 400 queries (recall=0.98).
Average Recall: 0.939275
Initial average recall with ef=100: 0.943255
Average Recall: 0.959
Initial average recall with ef=150: 0.962786
Recall diff is too small for 1 consecutive steps, break.
Weighted average ef: 453.52
Training convergence-bucket 9 [73.9547, inf) with 400 queries (recall=0.98).
Average Recall: 0.97865
Initial average recall with ef=100: 0.980177
Average Recall: 0.989325
Initial average recall with ef=150: 0.990658
Recall diff is too small for 1 consecutive steps, break.
Recall diff is too small for 1 consecutive steps, break.
Weighted average ef: 132.82
****Weighted average ef: 2030
Search time: 58738 ms
Search time: 58913 ms
Search time: 58749 ms
Average Recall: 0.977571
5th percentile recall: 0.92
1st percentile recall: 0.88
Median search time: 58749 ms
Search times: 58738 ms, 58749 ms, 58913 ms, 
glove-100-angular experiment results:
statisc_length, time, avg_recall, 5th_percentile_recall, 1st_percentile_recall, recall_above_99, recall_above_95, recall_above_90
1025, 58749, 0.977571, 0.92, 0.88, 5347, 8372, 9730
Experiment finished


Sampling size: 3000


Ground truth computed in 28099 ms
Sampling computing time: 175096 ms
Loading samplings from /home/yc.shea/experiments/shiro-ef/ablation_sampling_size/glove-100-angular-samplings-3000-k100-ef.bin
Samplings loaded from /home/yc.shea/experiments/shiro-ef/ablation_sampling_size/glove-100-angular-samplings-3000-k100-ef.bin
Average Recall: 0.726394
Initial average recall with ef=100: 0.72636
Average Recall: 0.770571
Initial average recall with ef=150: 0.770564
Weighted average ef: 1702.87
EF-estimation table computing time: 62422 ms
Per-bucket recall: conv_p20=33.9721 hard_recall=0.95 easy_recall=0.98
Training convergence-bucket 0 [13.8318, 28.5699) with 300 queries (recall=0.95).
Average Recall: 0.473767
Initial average recall with ef=100: 0.457038
Average Recall: 0.522667
Initial average recall with ef=150: 0.506376
Recall diff is too small for 1 consecutive steps, break.
Recall diff is too small for 1 consecutive steps, break.
Recall diff is too small for 1 consecutive steps, break.
Weighted average ef: 4193.52
Training convergence-bucket 1 [28.5699, 33.9721) with 300 queries (recall=0.95).
Average Recall: 0.4857
Initial average recall with ef=100: 0.470421
Average Recall: 0.545367
Initial average recall with ef=150: 0.530456
Recall diff is too small for 1 consecutive steps, break.
Recall diff is too small for 1 consecutive steps, break.
Recall diff is too small for 1 consecutive steps, break.
Weighted average ef: 3620.78
Training convergence-bucket 2 [33.9721, 38.6824) with 300 queries (recall=0.98).
Average Recall: 0.512933
Initial average recall with ef=100: 0.504739
Average Recall: 0.570066
Initial average recall with ef=150: 0.561568
Recall diff is too small for 1 consecutive steps, break.
Recall diff is too small for 1 consecutive steps, break.
Recall diff is too small for 1 consecutive steps, break.
Weighted average ef: 4232.57
Training convergence-bucket 3 [38.6824, 43.4136) with 300 queries (recall=0.98).
Average Recall: 0.6236
Initial average recall with ef=100: 0.622657
Average Recall: 0.688833
Initial average recall with ef=150: 0.685804
Recall diff is too small for 1 consecutive steps, break.
Recall diff is too small for 1 consecutive steps, break.
Recall diff is too small for 1 consecutive steps, break.
Recall diff is too small for 1 consecutive steps, break.
Weighted average ef: 3125.75
Training convergence-bucket 4 [43.4136, 48.8656) with 300 queries (recall=0.98).
Average Recall: 0.699367
Initial average recall with ef=100: 0.695055
Average Recall: 0.7583
Initial average recall with ef=150: 0.754066
Recall diff is too small for 1 consecutive steps, break.
Recall diff is too small for 1 consecutive steps, break.
Recall diff is too small for 1 consecutive steps, break.
Recall diff is too small for 1 consecutive steps, break.
Weighted average ef: 2554.64
Training convergence-bucket 5 [48.8656, 54.8283) with 300 queries (recall=0.98).
Average Recall: 0.775533
Initial average recall with ef=100: 0.774714
Average Recall: 0.830467
Initial average recall with ef=150: 0.831071
Recall diff is too small for 1 consecutive steps, break.
Recall diff is too small for 1 consecutive steps, break.
Recall diff is too small for 1 consecutive steps, break.
Weighted average ef: 1677.38
Training convergence-bucket 6 [54.8283, 61.6016) with 300 queries (recall=0.98).
Average Recall: 0.873534
Initial average recall with ef=100: 0.868877
Average Recall: 0.911933
Initial average recall with ef=150: 0.908551
Recall diff is too small for 1 consecutive steps, break.
Recall diff is too small for 1 consecutive steps, break.
Recall diff is too small for 1 consecutive steps, break.
Weighted average ef: 750.297
Training convergence-bucket 7 [61.6016, 67.4292) with 300 queries (recall=0.98).
Average Recall: 0.902667
Initial average recall with ef=100: 0.906277
Average Recall: 0.931833
Initial average recall with ef=150: 0.93539
Recall diff is too small for 1 consecutive steps, break.
Recall diff is too small for 1 consecutive steps, break.
Weighted average ef: 727.927
Training convergence-bucket 8 [67.4292, 74.2709) with 300 queries (recall=0.98).
Average Recall: 0.940267
Initial average recall with ef=100: 0.945338
Average Recall: 0.960667
Initial average recall with ef=150: 0.965302
Recall diff is too small for 1 consecutive steps, break.
Recall diff is too small for 1 consecutive steps, break.
Recall diff is too small for 1 consecutive steps, break.
Weighted average ef: 305.177
Training convergence-bucket 9 [74.2709, inf) with 300 queries (recall=0.98).
Average Recall: 0.9766
Initial average recall with ef=100: 0.97993
Average Recall: 0.9856
Initial average recall with ef=150: 0.988676
Weighted average ef: 151.2
****Weighted average ef: 2133
Search time: 61886 ms
Search time: 61861 ms
Search time: 61876 ms
Average Recall: 0.978517
5th percentile recall: 0.92
1st percentile recall: 0.88
Median search time: 61876 ms
Search times: 61861 ms, 61876 ms, 61886 ms, 
glove-100-angular experiment results:
statisc_length, time, avg_recall, 5th_percentile_recall, 1st_percentile_recall, recall_above_99, recall_above_95, recall_above_90
1025, 61876, 0.978517, 0.92, 0.88, 5578, 8426, 9725
Experiment finished


Sampling size: 1000


Ground truth computed in 9401 ms
Sampling computing time: 62539 ms
Loading samplings from /home/yc.shea/experiments/shiro-ef/ablation_sampling_size/glove-100-angular-samplings-1000-k100-ef.bin
Samplings loaded from /home/yc.shea/experiments/shiro-ef/ablation_sampling_size/glove-100-angular-samplings-1000-k100-ef.bin
Average Recall: 0.72343
Initial average recall with ef=100: 0.72238
Average Recall: 0.76795
Initial average recall with ef=150: 0.767018
Recall diff is too small for 1 consecutive steps, break.
Recall diff is too small for 1 consecutive steps, break.
Recall diff is too small for 1 consecutive steps, break.
Weighted average ef: 1667.48
EF-estimation table computing time: 20653 ms
Per-bucket recall: conv_p20=34.4118 hard_recall=0.95 easy_recall=0.98
Training convergence-bucket 0 [9.75073, 28.9134) with 100 queries (recall=0.95).
Average Recall: 0.4516
Initial average recall with ef=100: 0.416941
Average Recall: 0.5121
Initial average recall with ef=150: 0.478353
Recall diff is too small for 1 consecutive steps, break.
Recall diff is too small for 1 consecutive steps, break.
Weighted average ef: 3746.81
Training convergence-bucket 1 [28.9134, 34.4118) with 100 queries (recall=0.95).
Average Recall: 0.5016
Initial average recall with ef=100: 0.471724
Average Recall: 0.5555
Initial average recall with ef=150: 0.526782
Recall diff is too small for 1 consecutive steps, break.
Recall diff is too small for 1 consecutive steps, break.
Recall diff is too small for 1 consecutive steps, break.
Recall diff is too small for 1 consecutive steps, break.
Weighted average ef: 3321.43
Training convergence-bucket 2 [34.4118, 38.5567) with 100 queries (recall=0.98).
Average Recall: 0.5345
Initial average recall with ef=100: 0.534674
Average Recall: 0.5964
Initial average recall with ef=150: 0.5975
Recall diff is too small for 1 consecutive steps, break.
Recall diff is too small for 1 consecutive steps, break.
Recall diff is too small for 1 consecutive steps, break.
Recall diff is too small for 1 consecutive steps, break.
Weighted average ef: 3827.1
Training convergence-bucket 3 [38.5567, 43.4252) with 100 queries (recall=0.98).
Average Recall: 0.6045
Initial average recall with ef=100: 0.605732
Average Recall: 0.6625
Initial average recall with ef=150: 0.665122
Recall diff is too small for 1 consecutive steps, break.
Weighted average ef: 3011.54
Training convergence-bucket 4 [43.4252, 49.3038) with 100 queries (recall=0.98).
Average Recall: 0.715
Initial average recall with ef=100: 0.72225
Average Recall: 0.7716
Initial average recall with ef=150: 0.778125
Recall diff is too small for 1 consecutive steps, break.
Recall diff is too small for 1 consecutive steps, break.
Recall diff is too small for 1 consecutive steps, break.
Recall diff is too small for 1 consecutive steps, break.
Weighted average ef: 1887.15
Training convergence-bucket 5 [49.3038, 54.3723) with 100 queries (recall=0.98).
Average Recall: 0.7585
Initial average recall with ef=100: 0.753781
Average Recall: 0.812
Initial average recall with ef=150: 0.808658
Recall diff is too small for 1 consecutive steps, break.
Recall diff is too small for 1 consecutive steps, break.
Recall diff is too small for 1 consecutive steps, break.
Recall diff is too small for 1 consecutive steps, break.
Recall diff is too small for 1 consecutive steps, break.
Recall diff is too small for 1 consecutive steps, break.
Weighted average ef: 1220.84
Training convergence-bucket 6 [54.3723, 61.7715) with 100 queries (recall=0.98).
Average Recall: 0.8505
Initial average recall with ef=100: 0.828228
Average Recall: 0.8888
Initial average recall with ef=150: 0.868987
Recall diff is too small for 1 consecutive steps, break.
Recall diff is too small for 1 consecutive steps, break.
Recall diff is too small for 1 consecutive steps, break.
Recall diff is too small for 1 consecutive steps, break.
Weighted average ef: 961.57
Training convergence-bucket 7 [61.7715, 67.7893) with 100 queries (recall=0.98).
Average Recall: 0.8968
Initial average recall with ef=100: 0.911549
Average Recall: 0.9292
Initial average recall with ef=150: 0.940563
Recall diff is too small for 1 consecutive steps, break.
Recall diff is too small for 1 consecutive steps, break.
Weighted average ef: 295.97
Training convergence-bucket 8 [67.7893, 74.1041) with 100 queries (recall=0.98).
Average Recall: 0.9386
Initial average recall with ef=100: 0.942394
Average Recall: 0.9589
Initial average recall with ef=150: 0.96338
Recall diff is too small for 1 consecutive steps, break.
Recall diff is too small for 1 consecutive steps, break.
Weighted average ef: 239.07
Training convergence-bucket 9 [74.1041, inf) with 100 queries (recall=0.98).
Average Recall: 0.9827
Initial average recall with ef=100: 0.985217
Average Recall: 0.9925
Initial average recall with ef=150: 0.994493
Weighted average ef: 78.5
****Weighted average ef: 1858
Search time: 59805 ms
Search time: 59796 ms
Search time: 59805 ms
Average Recall: 0.977281
5th percentile recall: 0.92
1st percentile recall: 0.87
Median search time: 59805 ms
Search times: 59796 ms, 59805 ms, 59805 ms, 
glove-100-angular experiment results:
statisc_length, time, avg_recall, 5th_percentile_recall, 1st_percentile_recall, recall_above_99, recall_above_95, recall_above_90
1025, 59805, 0.977281, 0.92, 0.87, 5427, 8293, 9683
Experiment finished
Dataset: word2vec-300-angular
Metric: cd
Truncation ratio: 1
Normalize the data vectors
Data vectors dimensions: 1000000 x 300
Query vectors dimensions: 1000 x 300
Neighbors dimensions: 1000 x 100
Using AVX Inner Product distance
Index loaded
Dimension of space:300
Data size of space:1200


Sampling size: 10000


Ground truth computed in 188308 ms
Sampling computing time: 266856 ms
Loading samplings from /home/yc.shea/experiments/shiro-ef/ablation_sampling_size/word2vec-300-angular-samplings-10000-k100-ef.bin
Samplings loaded from /home/yc.shea/experiments/shiro-ef/ablation_sampling_size/word2vec-300-angular-samplings-10000-k100-ef.bin
Average Recall: 0.818002
Initial average recall with ef=100: 0.817913
Average Recall: 0.866178
Initial average recall with ef=150: 0.866223
Weighted average ef: 520.206
EF-estimation table computing time: 76673 ms
Per-bucket recall: conv_p20=39.9621 hard_recall=0.95 easy_recall=0.98
Training convergence-bucket 0 [13.6502, 36.692) with 1000 queries (recall=0.95).
Average Recall: 0.58231
Initial average recall with ef=100: 0.576301
Average Recall: 0.66435
Initial average recall with ef=150: 0.659426
Recall diff is too small for 1 consecutive steps, break.
Weighted average ef: 941.976
Training convergence-bucket 1 [36.692, 39.9621) with 1000 queries (recall=0.95).
Average Recall: 0.61354
Initial average recall with ef=100: 0.613265
Average Recall: 0.69752
Initial average recall with ef=150: 0.697904
Recall diff is too small for 1 consecutive steps, break.
Recall diff is too small for 1 consecutive steps, break.
Weighted average ef: 925.854
Training convergence-bucket 2 [39.9621, 45.6947) with 1000 queries (recall=0.98).
Average Recall: 0.668018
Initial average recall with ef=100: 0.665316
Average Recall: 0.74579
Initial average recall with ef=150: 0.746218
Recall diff is too small for 1 consecutive steps, break.
Weighted average ef: 949.563
Training convergence-bucket 3 [45.6947, 52.2645) with 1000 queries (recall=0.98).
Average Recall: 0.78737
Initial average recall with ef=100: 0.789226
Average Recall: 0.84662
Initial average recall with ef=150: 0.84807
Recall diff is too small for 1 consecutive steps, break.
Recall diff is too small for 1 consecutive steps, break.
Recall diff is too small for 1 consecutive steps, break.
Recall diff is too small for 1 consecutive steps, break.
Recall diff is too small for 1 consecutive steps, break.
Weighted average ef: 912.416
Training convergence-bucket 4 [52.2645, 57.0951) with 1000 queries (recall=0.98).
Average Recall: 0.84479
Initial average recall with ef=100: 0.846378
Average Recall: 0.895409
Initial average recall with ef=150: 0.897255
Recall diff is too small for 1 consecutive steps, break.
Recall diff is too small for 1 consecutive steps, break.
Recall diff is too small for 1 consecutive steps, break.
Recall diff is too small for 1 consecutive steps, break.
Recall diff is too small for 1 consecutive steps, break.
Weighted average ef: 718.951
Training convergence-bucket 5 [57.0951, 61.3626) with 1000 queries (recall=0.98).
Average Recall: 0.885269
Initial average recall with ef=100: 0.884795
Average Recall: 0.926458
Initial average recall with ef=150: 0.926281
Recall diff is too small for 1 consecutive steps, break.
Recall diff is too small for 1 consecutive steps, break.
Recall diff is too small for 1 consecutive steps, break.
Recall diff is too small for 1 consecutive steps, break.
Recall diff is too small for 1 consecutive steps, break.
Recall diff is too small for 1 consecutive steps, break.
Recall diff is too small for 1 consecutive steps, break.
Recall diff is too small for 1 consecutive steps, break.
Recall diff is too small for 1 consecutive steps, break.
Weighted average ef: 490.525
Training convergence-bucket 6 [61.3626, 65.3343) with 1000 queries (recall=0.98).
Average Recall: 0.916588
Initial average recall with ef=100: 0.91742
Average Recall: 0.949057
Initial average recall with ef=150: 0.949773
Recall diff is too small for 1 consecutive steps, break.
Weighted average ef: 338.231
Training convergence-bucket 7 [65.3343, 69.2611) with 1000 queries (recall=0.98).
Average Recall: 0.945748
Initial average recall with ef=100: 0.946212
Average Recall: 0.969467
Initial average recall with ef=150: 0.969879
Recall diff is too small for 1 consecutive steps, break.
Weighted average ef: 221.423
Training convergence-bucket 8 [69.2611, 73.7328) with 1000 queries (recall=0.98).
Average Recall: 0.959017
Initial average recall with ef=100: 0.959573
Average Recall: 0.978538
Initial average recall with ef=150: 0.979055
Weighted average ef: 186.273
Training convergence-bucket 9 [73.7328, inf) with 1000 queries (recall=0.98).
Average Recall: 0.977048
Initial average recall with ef=100: 0.977779
Average Recall: 0.988358
Initial average recall with ef=150: 0.988924
Weighted average ef: 137.072
****Weighted average ef: 582
Search time: 2221 ms
Search time: 2302 ms
Search time: 2219 ms
Average Recall: 0.97797
5th percentile recall: 0.9
1st percentile recall: 0.82
Median search time: 2221 ms
Search times: 2219 ms, 2221 ms, 2302 ms, 
word2vec-300-angular experiment results:
statisc_length, time, avg_recall, 5th_percentile_recall, 1st_percentile_recall, recall_above_99, recall_above_95, recall_above_90
1025, 2221, 0.97797, 0.9, 0.82, 653, 849, 944
Experiment finished


Sampling size: 5000


Ground truth computed in 94239 ms
Sampling computing time: 227020 ms
Loading samplings from /home/yc.shea/experiments/shiro-ef/ablation_sampling_size/word2vec-300-angular-samplings-5000-k100-ef.bin
Samplings loaded from /home/yc.shea/experiments/shiro-ef/ablation_sampling_size/word2vec-300-angular-samplings-5000-k100-ef.bin
Average Recall: 0.819944
Initial average recall with ef=100: 0.81994
Average Recall: 0.868497
Initial average recall with ef=150: 0.868673
Weighted average ef: 514.542
EF-estimation table computing time: 40230 ms
Per-bucket recall: conv_p20=40.0104 hard_recall=0.95 easy_recall=0.98
Training convergence-bucket 0 [12.2873, 36.7041) with 500 queries (recall=0.95).
Average Recall: 0.593
Initial average recall with ef=100: 0.589188
Average Recall: 0.6734
Initial average recall with ef=150: 0.671021
Recall diff is too small for 1 consecutive steps, break.
Weighted average ef: 894.196
Training convergence-bucket 1 [36.7041, 40.0104) with 500 queries (recall=0.95).
Average Recall: 0.6148
Initial average recall with ef=100: 0.617031
Average Recall: 0.7
Initial average recall with ef=150: 0.70299
Recall diff is too small for 1 consecutive steps, break.
Recall diff is too small for 1 consecutive steps, break.
Weighted average ef: 900.336
Training convergence-bucket 2 [40.0104, 45.7286) with 500 queries (recall=0.98).
Average Recall: 0.670601
Initial average recall with ef=100: 0.668351
Average Recall: 0.74944
Initial average recall with ef=150: 0.751211
Recall diff is too small for 1 consecutive steps, break.
Weighted average ef: 950.094
Training convergence-bucket 3 [45.7286, 52.3765) with 500 queries (recall=0.98).
Average Recall: 0.78264
Initial average recall with ef=100: 0.78148
Average Recall: 0.8457
Initial average recall with ef=150: 0.844989
Recall diff is too small for 1 consecutive steps, break.
Recall diff is too small for 1 consecutive steps, break.
Recall diff is too small for 1 consecutive steps, break.
Recall diff is too small for 1 consecutive steps, break.
Recall diff is too small for 1 consecutive steps, break.
Weighted average ef: 888.802
Training convergence-bucket 4 [52.3765, 56.6925) with 500 queries (recall=0.98).
Average Recall: 0.8458
Initial average recall with ef=100: 0.844905
Average Recall: 0.8954
Initial average recall with ef=150: 0.89499
Recall diff is too small for 1 consecutive steps, break.
Recall diff is too small for 1 consecutive steps, break.
Recall diff is too small for 1 consecutive steps, break.
Recall diff is too small for 1 consecutive steps, break.
Recall diff is too small for 1 consecutive steps, break.
Recall diff is too small for 1 consecutive steps, break.
Recall diff is too small for 1 consecutive steps, break.
Recall diff is too small for 1 consecutive steps, break.
Recall diff is too small for 1 consecutive steps, break.
Recall diff is too small for 1 consecutive steps, break.
Weighted average ef: 690.502
Training convergence-bucket 5 [56.6925, 61.3208) with 500 queries (recall=0.98).
Average Recall: 0.89048
Initial average recall with ef=100: 0.891631
Average Recall: 0.9313
Initial average recall with ef=150: 0.932833
Recall diff is too small for 1 consecutive steps, break.
Recall diff is too small for 1 consecutive steps, break.
Weighted average ef: 396.196
Training convergence-bucket 6 [61.3208, 65.2867) with 500 queries (recall=0.98).
Average Recall: 0.918841
Initial average recall with ef=100: 0.919807
Average Recall: 0.951941
Initial average recall with ef=150: 0.953126
Recall diff is too small for 1 consecutive steps, break.
Weighted average ef: 294.382
Training convergence-bucket 7 [65.2867, 69.1677) with 500 queries (recall=0.98).
Average Recall: 0.946681
Initial average recall with ef=100: 0.946801
Average Recall: 0.97018
Initial average recall with ef=150: 0.970169
Weighted average ef: 204.858
Training convergence-bucket 8 [69.1677, 73.6526) with 500 queries (recall=0.98).
Average Recall: 0.9608
Initial average recall with ef=100: 0.96145
Average Recall: 0.98006
Initial average recall with ef=150: 0.980336
Recall diff is too small for 1 consecutive steps, break.
Weighted average ef: 175.146
Training convergence-bucket 9 [73.6526, inf) with 500 queries (recall=0.98).
Average Recall: 0.9756
Initial average recall with ef=100: 0.97657
Average Recall: 0.98762
Initial average recall with ef=150: 0.98843
Weighted average ef: 138.08
****Weighted average ef: 553
Search time: 2163 ms
Search time: 2165 ms
Search time: 2161 ms
Average Recall: 0.97683
5th percentile recall: 0.89
1st percentile recall: 0.82
Median search time: 2163 ms
Search times: 2161 ms, 2163 ms, 2165 ms, 
word2vec-300-angular experiment results:
statisc_length, time, avg_recall, 5th_percentile_recall, 1st_percentile_recall, recall_above_99, recall_above_95, recall_above_90
1025, 2163, 0.97683, 0.89, 0.82, 628, 839, 937
Experiment finished


Sampling size: 4000


Ground truth computed in 75161 ms
Sampling computing time: 178103 ms
Loading samplings from /home/yc.shea/experiments/shiro-ef/ablation_sampling_size/word2vec-300-angular-samplings-4000-k100-ef.bin
Samplings loaded from /home/yc.shea/experiments/shiro-ef/ablation_sampling_size/word2vec-300-angular-samplings-4000-k100-ef.bin
Average Recall: 0.822495
Initial average recall with ef=100: 0.822417
Average Recall: 0.869639
Initial average recall with ef=150: 0.869785
Weighted average ef: 493.303
EF-estimation table computing time: 29037 ms
Per-bucket recall: conv_p20=39.9181 hard_recall=0.95 easy_recall=0.98
Training convergence-bucket 0 [13.6502, 36.6718) with 400 queries (recall=0.95).
Average Recall: 0.59065
Initial average recall with ef=100: 0.588109
Average Recall: 0.671
Initial average recall with ef=150: 0.669249
Recall diff is too small for 1 consecutive steps, break.
Recall diff is too small for 1 consecutive steps, break.
Weighted average ef: 913.02
Training convergence-bucket 1 [36.6718, 39.9181) with 400 queries (recall=0.95).
Average Recall: 0.61225
Initial average recall with ef=100: 0.61733
Average Recall: 0.696525
Initial average recall with ef=150: 0.703141
Weighted average ef: 874.357
Training convergence-bucket 2 [39.9181, 46.1723) with 400 queries (recall=0.98).
Average Recall: 0.663334
Initial average recall with ef=100: 0.657139
Average Recall: 0.743575
Initial average recall with ef=150: 0.741916
Recall diff is too small for 1 consecutive steps, break.
Recall diff is too small for 1 consecutive steps, break.
Weighted average ef: 933.792
Training convergence-bucket 3 [46.1723, 52.7291) with 400 queries (recall=0.98).
Average Recall: 0.79045
Initial average recall with ef=100: 0.788628
Average Recall: 0.849375
Initial average recall with ef=150: 0.847836
Recall diff is too small for 1 consecutive steps, break.
Recall diff is too small for 1 consecutive steps, break.
Weighted average ef: 913.228
Training convergence-bucket 4 [52.7291, 57.7677) with 400 queries (recall=0.98).
Average Recall: 0.855825
Initial average recall with ef=100: 0.857599
Average Recall: 0.9069
Initial average recall with ef=150: 0.907863
Recall diff is too small for 1 consecutive steps, break.
Recall diff is too small for 1 consecutive steps, break.
Recall diff is too small for 1 consecutive steps, break.
Recall diff is too small for 1 consecutive steps, break.
Weighted average ef: 603.018
Training convergence-bucket 5 [57.7677, 61.9828) with 400 queries (recall=0.98).
Average Recall: 0.895575
Initial average recall with ef=100: 0.894033
Average Recall: 0.9315
Initial average recall with ef=150: 0.930545
Recall diff is too small for 1 consecutive steps, break.
Recall diff is too small for 1 consecutive steps, break.
Recall diff is too small for 1 consecutive steps, break.
Recall diff is too small for 1 consecutive steps, break.
Weighted average ef: 458.507
Training convergence-bucket 6 [61.9828, 65.908) with 400 queries (recall=0.98).
Average Recall: 0.925625
Initial average recall with ef=100: 0.926105
Average Recall: 0.954675
Initial average recall with ef=150: 0.9555
Weighted average ef: 303.242
Training convergence-bucket 7 [65.908, 69.9025) with 400 queries (recall=0.98).
Average Recall: 0.949126
Initial average recall with ef=100: 0.949332
Average Recall: 0.972051
Initial average recall with ef=150: 0.97262
Recall diff is too small for 1 consecutive steps, break.
Weighted average ef: 195.3
Training convergence-bucket 8 [69.9025, 73.9139) with 400 queries (recall=0.98).
Average Recall: 0.96515
Initial average recall with ef=100: 0.965091
Average Recall: 0.9826
Initial average recall with ef=150: 0.982739
Weighted average ef: 159.235
Training convergence-bucket 9 [73.9139, inf) with 400 queries (recall=0.98).
Average Recall: 0.976651
Initial average recall with ef=100: 0.976931
Average Recall: 0.988275
Initial average recall with ef=150: 0.988389
Weighted average ef: 133.475
****Weighted average ef: 548
Search time: 2165 ms
Search time: 2158 ms
Search time: 2157 ms
Average Recall: 0.97659
5th percentile recall: 0.89
1st percentile recall: 0.81
Median search time: 2158 ms
Search times: 2157 ms, 2158 ms, 2165 ms, 
word2vec-300-angular experiment results:
statisc_length, time, avg_recall, 5th_percentile_recall, 1st_percentile_recall, recall_above_99, recall_above_95, recall_above_90
1025, 2158, 0.97659, 0.89, 0.81, 635, 833, 938
Experiment finished


Sampling size: 3000


Ground truth computed in 56851 ms
Sampling computing time: 133316 ms
Loading samplings from /home/yc.shea/experiments/shiro-ef/ablation_sampling_size/word2vec-300-angular-samplings-3000-k100-ef.bin
Samplings loaded from /home/yc.shea/experiments/shiro-ef/ablation_sampling_size/word2vec-300-angular-samplings-3000-k100-ef.bin
Average Recall: 0.82003
Initial average recall with ef=100: 0.820081
Average Recall: 0.867479
Initial average recall with ef=150: 0.868171
Weighted average ef: 531.174
EF-estimation table computing time: 23941 ms
Per-bucket recall: conv_p20=40.0553 hard_recall=0.95 easy_recall=0.98
Training convergence-bucket 0 [13.6502, 36.851) with 300 queries (recall=0.95).
Average Recall: 0.588833
Initial average recall with ef=100: 0.588293
Average Recall: 0.671833
Initial average recall with ef=150: 0.672474
Recall diff is too small for 1 consecutive steps, break.
Weighted average ef: 874.633
Training convergence-bucket 1 [36.851, 40.0553) with 300 queries (recall=0.95).
Average Recall: 0.609333
Initial average recall with ef=100: 0.613453
Average Recall: 0.692267
Initial average recall with ef=150: 0.698417
Weighted average ef: 860.953
Training convergence-bucket 2 [40.0553, 45.905) with 300 queries (recall=0.98).
Average Recall: 0.664248
Initial average recall with ef=100: 0.659928
Average Recall: 0.7421
Initial average recall with ef=150: 0.745197
Recall diff is too small for 1 consecutive steps, break.
Weighted average ef: 907.953
Training convergence-bucket 3 [45.905, 52.7299) with 300 queries (recall=0.98).
Average Recall: 0.7862
Initial average recall with ef=100: 0.786928
Average Recall: 0.844767
Initial average recall with ef=150: 0.846036
Recall diff is too small for 1 consecutive steps, break.
Recall diff is too small for 1 consecutive steps, break.
Recall diff is too small for 1 consecutive steps, break.
Weighted average ef: 868.59
Training convergence-bucket 4 [52.7299, 57.8759) with 300 queries (recall=0.98).
Average Recall: 0.8483
Initial average recall with ef=100: 0.850649
Average Recall: 0.8967
Initial average recall with ef=150: 0.899046
Recall diff is too small for 1 consecutive steps, break.
Recall diff is too small for 1 consecutive steps, break.
Recall diff is too small for 1 consecutive steps, break.
Recall diff is too small for 1 consecutive steps, break.
Recall diff is too small for 1 consecutive steps, break.
Recall diff is too small for 1 consecutive steps, break.
Recall diff is too small for 1 consecutive steps, break.
Weighted average ef: 627.05
Training convergence-bucket 5 [57.8759, 62.0518) with 300 queries (recall=0.98).
Average Recall: 0.900067
Initial average recall with ef=100: 0.901424
Average Recall: 0.9368
Initial average recall with ef=150: 0.938029
Recall diff is too small for 1 consecutive steps, break.
Recall diff is too small for 1 consecutive steps, break.
Recall diff is too small for 1 consecutive steps, break.
Weighted average ef: 398.33
Training convergence-bucket 6 [62.0518, 65.7271) with 300 queries (recall=0.98).
Average Recall: 0.918534
Initial average recall with ef=100: 0.919963
Average Recall: 0.9502
Initial average recall with ef=150: 0.952263
Recall diff is too small for 1 consecutive steps, break.
Weighted average ef: 295.677
Training convergence-bucket 7 [65.7271, 69.7432) with 300 queries (recall=0.98).
Average Recall: 0.9447
Initial average recall with ef=100: 0.946222
Average Recall: 0.9705
Initial average recall with ef=150: 0.971556
Recall diff is too small for 1 consecutive steps, break.
Weighted average ef: 195.497
Training convergence-bucket 8 [69.7432, 74.4169) with 300 queries (recall=0.98).
Average Recall: 0.963467
Initial average recall with ef=100: 0.964254
Average Recall: 0.981834
Initial average recall with ef=150: 0.982351
Weighted average ef: 157.46
Training convergence-bucket 9 [74.4169, inf) with 300 queries (recall=0.98).
Average Recall: 0.976167
Initial average recall with ef=100: 0.978655
Average Recall: 0.987867
Initial average recall with ef=150: 0.989382
Recall diff is too small for 1 consecutive steps, break.
Weighted average ef: 135.953
****Weighted average ef: 532
Search time: 2203 ms
Search time: 2199 ms
Search time: 2283 ms
Average Recall: 0.9768
5th percentile recall: 0.89
1st percentile recall: 0.82
Median search time: 2203 ms
Search times: 2199 ms, 2203 ms, 2283 ms, 
word2vec-300-angular experiment results:
statisc_length, time, avg_recall, 5th_percentile_recall, 1st_percentile_recall, recall_above_99, recall_above_95, recall_above_90
1025, 2203, 0.9768, 0.89, 0.82, 637, 839, 933
Experiment finished


Sampling size: 1000


Ground truth computed in 18925 ms
Sampling computing time: 44020 ms
Loading samplings from /home/yc.shea/experiments/shiro-ef/ablation_sampling_size/word2vec-300-angular-samplings-1000-k100-ef.bin
Samplings loaded from /home/yc.shea/experiments/shiro-ef/ablation_sampling_size/word2vec-300-angular-samplings-1000-k100-ef.bin
Average Recall: 0.81452
Initial average recall with ef=100: 0.814841
Average Recall: 0.862149
Initial average recall with ef=150: 0.863155
Recall diff is too small for 1 consecutive steps, break.
Recall diff is too small for 1 consecutive steps, break.
Recall diff is too small for 1 consecutive steps, break.
Weighted average ef: 420.276
EF-estimation table computing time: 7956 ms
Per-bucket recall: conv_p20=39.7395 hard_recall=0.95 easy_recall=0.98
Training convergence-bucket 0 [13.6502, 36.5837) with 100 queries (recall=0.95).
Average Recall: 0.5786
Initial average recall with ef=100: 0.594167
Average Recall: 0.6597
Initial average recall with ef=150: 0.67369
Recall diff is too small for 1 consecutive steps, break.
Recall diff is too small for 1 consecutive steps, break.
Recall diff is too small for 1 consecutive steps, break.
Weighted average ef: 768.36
Training convergence-bucket 1 [36.5837, 39.7395) with 100 queries (recall=0.95).
Average Recall: 0.5876
Initial average recall with ef=100: 0.593371
Average Recall: 0.6709
Initial average recall with ef=150: 0.678876
Weighted average ef: 839.88
Training convergence-bucket 2 [39.7395, 45.4121) with 100 queries (recall=0.98).
Average Recall: 0.6581
Initial average recall with ef=100: 0.660476
Average Recall: 0.7367
Initial average recall with ef=150: 0.740952
Recall diff is too small for 1 consecutive steps, break.
Recall diff is too small for 1 consecutive steps, break.
Weighted average ef: 817.11
Training convergence-bucket 3 [45.4121, 52.3877) with 100 queries (recall=0.98).
Average Recall: 0.7826
Initial average recall with ef=100: 0.772658
Average Recall: 0.8416
Initial average recall with ef=150: 0.832405
Recall diff is too small for 1 consecutive steps, break.
Recall diff is too small for 1 consecutive steps, break.
Recall diff is too small for 1 consecutive steps, break.
Weighted average ef: 658.73
Training convergence-bucket 4 [52.3877, 57.1647) with 100 queries (recall=0.98).
Average Recall: 0.8478
Initial average recall with ef=100: 0.844225
Average Recall: 0.8974
Initial average recall with ef=150: 0.895493
Recall diff is too small for 1 consecutive steps, break.
Recall diff is too small for 1 consecutive steps, break.
Recall diff is too small for 1 consecutive steps, break.
Recall diff is too small for 1 consecutive steps, break.
Weighted average ef: 435.27
Training convergence-bucket 5 [57.1647, 61.9177) with 100 queries (recall=0.98).
Average Recall: 0.8922
Initial average recall with ef=100: 0.894211
Average Recall: 0.9318
Initial average recall with ef=150: 0.932369
Recall diff is too small for 1 consecutive steps, break.
Weighted average ef: 340.9
Training convergence-bucket 6 [61.9177, 64.9283) with 100 queries (recall=0.98).
Average Recall: 0.9156
Initial average recall with ef=100: 0.915844
Average Recall: 0.9478
Initial average recall with ef=150: 0.949221
Recall diff is too small for 1 consecutive steps, break.
Recall diff is too small for 1 consecutive steps, break.
Recall diff is too small for 1 consecutive steps, break.
Weighted average ef: 246.01
Training convergence-bucket 7 [64.9283, 69.218) with 100 queries (recall=0.98).
Average Recall: 0.9462
Initial average recall with ef=100: 0.951333
Average Recall: 0.9708
Initial average recall with ef=150: 0.9736
Weighted average ef: 148.58
Training convergence-bucket 8 [69.218, 74.2587) with 100 queries (recall=0.98).
Average Recall: 0.9609
Initial average recall with ef=100: 0.96589
Average Recall: 0.9773
Initial average recall with ef=150: 0.982329
Weighted average ef: 121.27
Training convergence-bucket 9 [74.2587, inf) with 100 queries (recall=0.98).
Average Recall: 0.9756
Initial average recall with ef=100: 0.97806
Average Recall: 0.9875
Initial average recall with ef=150: 0.988358
Weighted average ef: 88.85
****Weighted average ef: 446
Search time: 2014 ms
Search time: 2010 ms
Search time: 2010 ms
Average Recall: 0.97366
5th percentile recall: 0.88
1st percentile recall: 0.8
Median search time: 2010 ms
Search times: 2010 ms, 2010 ms, 2014 ms, 
word2vec-300-angular experiment results:
statisc_length, time, avg_recall, 5th_percentile_recall, 1st_percentile_recall, recall_above_99, recall_above_95, recall_above_90
1025, 2010, 0.97366, 0.88, 0.8, 588, 818, 917
Experiment finished
Dataset: sift10m-128-euclidean
Metric: l2
Truncation ratio: 1
Data vectors dimensions: 10000000 x 128
Query vectors dimensions: 1000 x 128
Neighbors dimensions: 1000 x 100
Index loaded
Dimension of space:128
Data size of space:512


Sampling size: 10000


Ground truth computed in 1178799 ms
Sampling computing time: 1240501 ms
Loading samplings from /home/yc.shea/experiments/shiro-ef/ablation_sampling_size/sift10m-128-euclidean-samplings-10000-k100-ef.bin
Samplings loaded from /home/yc.shea/experiments/shiro-ef/ablation_sampling_size/sift10m-128-euclidean-samplings-10000-k100-ef.bin
Average Recall: 0.855998
Initial average recall with ef=100: 0.856093
Average Recall: 0.902121
Initial average recall with ef=150: 0.902201
Weighted average ef: 301.823
EF-estimation table computing time: 52539 ms
Per-bucket recall: conv_p20=44.0446 hard_recall=0.95 easy_recall=0.98
Training convergence-bucket 0 [19.562, 41.0095) with 1000 queries (recall=0.95).
Average Recall: 0.65944
Initial average recall with ef=100: 0.658028
Average Recall: 0.73697
Initial average recall with ef=150: 0.735843
Weighted average ef: 740.495
Training convergence-bucket 1 [41.0095, 44.0446) with 1000 queries (recall=0.95).
Average Recall: 0.69964
Initial average recall with ef=100: 0.698367
Average Recall: 0.774961
Initial average recall with ef=150: 0.773972
Recall diff is too small for 1 consecutive steps, break.
Weighted average ef: 619.162
Training convergence-bucket 2 [44.0446, 49.4466) with 1000 queries (recall=0.98).
Average Recall: 0.77017
Initial average recall with ef=100: 0.76894
Average Recall: 0.83821
Initial average recall with ef=150: 0.837329
Weighted average ef: 678.73
Training convergence-bucket 3 [49.4466, 53.7743) with 1000 queries (recall=0.98).
Average Recall: 0.83176
Initial average recall with ef=100: 0.83086
Average Recall: 0.891069
Initial average recall with ef=150: 0.890364
Weighted average ef: 489.577
Training convergence-bucket 4 [53.7743, 57.4315) with 1000 queries (recall=0.98).
Average Recall: 0.86204
Initial average recall with ef=100: 0.862374
Average Recall: 0.91547
Initial average recall with ef=150: 0.915899
Weighted average ef: 395.474
Training convergence-bucket 5 [57.4315, 61.0076) with 1000 queries (recall=0.98).
Average Recall: 0.902999
Initial average recall with ef=100: 0.903236
Average Recall: 0.944749
Initial average recall with ef=150: 0.94498
Weighted average ef: 287.005
Training convergence-bucket 6 [61.0076, 64.7982) with 1000 queries (recall=0.98).
Average Recall: 0.925919
Initial average recall with ef=100: 0.926255
Average Recall: 0.960687
Initial average recall with ef=150: 0.960954
Recall diff is too small for 1 consecutive steps, break.
Weighted average ef: 237.086
Training convergence-bucket 7 [64.7982, 68.857) with 1000 queries (recall=0.98).
Average Recall: 0.947828
Initial average recall with ef=100: 0.948494
Average Recall: 0.974717
Initial average recall with ef=150: 0.975141
Weighted average ef: 190.383
Training convergence-bucket 8 [68.857, 74.5823) with 1000 queries (recall=0.98).
Average Recall: 0.969766
Initial average recall with ef=100: 0.970302
Average Recall: 0.987427
Initial average recall with ef=150: 0.987835
Weighted average ef: 143.11
Training convergence-bucket 9 [74.5823, inf) with 1000 queries (recall=0.98).
Average Recall: 0.990268
Initial average recall with ef=100: 0.990705
Average Recall: 0.996719
Initial average recall with ef=150: 0.996955
Weighted average ef: 104.2
****Weighted average ef: 388
Search time: 1703 ms
Search time: 1616 ms
Search time: 1605 ms
Average Recall: 0.98468
5th percentile recall: 0.95
1st percentile recall: 0.91
Median search time: 1616 ms
Search times: 1605 ms, 1616 ms, 1703 ms, 
sift10m-128-euclidean experiment results:
statisc_length, time, avg_recall, 5th_percentile_recall, 1st_percentile_recall, recall_above_99, recall_above_95, recall_above_90
1025, 1616, 0.98468, 0.95, 0.91, 629, 936, 995
Experiment finished


Sampling size: 5000


Ground truth computed in 608777 ms
Sampling computing time: 682666 ms
Loading samplings from /home/yc.shea/experiments/shiro-ef/ablation_sampling_size/sift10m-128-euclidean-samplings-5000-k100-ef.bin
Samplings loaded from /home/yc.shea/experiments/shiro-ef/ablation_sampling_size/sift10m-128-euclidean-samplings-5000-k100-ef.bin
Average Recall: 0.856746
Initial average recall with ef=100: 0.856991
Average Recall: 0.902316
Initial average recall with ef=150: 0.902547
Recall diff is too small for 1 consecutive steps, break.
Weighted average ef: 299.161
EF-estimation table computing time: 27793 ms
Per-bucket recall: conv_p20=44.0511 hard_recall=0.95 easy_recall=0.98
Training convergence-bucket 0 [25.6326, 40.9475) with 500 queries (recall=0.95).
Average Recall: 0.65656
Initial average recall with ef=100: 0.653437
Average Recall: 0.73576
Initial average recall with ef=150: 0.733313
Recall diff is too small for 1 consecutive steps, break.
Recall diff is too small for 1 consecutive steps, break.
Weighted average ef: 724.792
Training convergence-bucket 1 [40.9475, 44.0511) with 500 queries (recall=0.95).
Average Recall: 0.69542
Initial average recall with ef=100: 0.693064
Average Recall: 0.77072
Initial average recall with ef=150: 0.768675
Weighted average ef: 628.68
Training convergence-bucket 2 [44.0511, 49.751) with 500 queries (recall=0.98).
Average Recall: 0.77154
Initial average recall with ef=100: 0.771173
Average Recall: 0.83784
Initial average recall with ef=150: 0.837757
Weighted average ef: 685.552
Training convergence-bucket 3 [49.751, 54.004) with 500 queries (recall=0.98).
Average Recall: 0.83428
Initial average recall with ef=100: 0.833265
Average Recall: 0.892961
Initial average recall with ef=150: 0.892082
Weighted average ef: 480.526
Training convergence-bucket 4 [54.004, 57.3974) with 500 queries (recall=0.98).
Average Recall: 0.87064
Initial average recall with ef=100: 0.86998
Average Recall: 0.92056
Initial average recall with ef=150: 0.920183
Recall diff is too small for 1 consecutive steps, break.
Recall diff is too small for 1 consecutive steps, break.
Weighted average ef: 385.16
Training convergence-bucket 5 [57.3974, 61.0076) with 500 queries (recall=0.98).
Average Recall: 0.899761
Initial average recall with ef=100: 0.899735
Average Recall: 0.943721
Initial average recall with ef=150: 0.943747
Weighted average ef: 288.748
Training convergence-bucket 6 [61.0076, 64.9151) with 500 queries (recall=0.98).
Average Recall: 0.925161
Initial average recall with ef=100: 0.925634
Average Recall: 0.959321
Initial average recall with ef=150: 0.959678
Weighted average ef: 244.598
Training convergence-bucket 7 [64.9151, 69.3439) with 500 queries (recall=0.98).
Average Recall: 0.951261
Initial average recall with ef=100: 0.951743
Average Recall: 0.97724
Initial average recall with ef=150: 0.977555
Weighted average ef: 178.384
Training convergence-bucket 8 [69.3439, 74.5819) with 500 queries (recall=0.98).
Average Recall: 0.97326
Initial average recall with ef=100: 0.973851
Average Recall: 0.98894
Initial average recall with ef=150: 0.989335
Weighted average ef: 136.9
Training convergence-bucket 9 [74.5819, inf) with 500 queries (recall=0.98).
Average Recall: 0.989659
Initial average recall with ef=100: 0.990779
Average Recall: 0.99616
Initial average recall with ef=150: 0.996947
Weighted average ef: 101.8
****Weighted average ef: 385
Search time: 1542 ms
Search time: 1534 ms
Search time: 1531 ms
Average Recall: 0.98539
5th percentile recall: 0.95
1st percentile recall: 0.93
Median search time: 1534 ms
Search times: 1531 ms, 1534 ms, 1542 ms, 
sift10m-128-euclidean experiment results:
statisc_length, time, avg_recall, 5th_percentile_recall, 1st_percentile_recall, recall_above_99, recall_above_95, recall_above_90
1025, 1534, 0.98539, 0.95, 0.93, 645, 945, 996
Experiment finished


Sampling size: 4000


Ground truth computed in 469392 ms
Sampling computing time: 528496 ms
Loading samplings from /home/yc.shea/experiments/shiro-ef/ablation_sampling_size/sift10m-128-euclidean-samplings-4000-k100-ef.bin
Samplings loaded from /home/yc.shea/experiments/shiro-ef/ablation_sampling_size/sift10m-128-euclidean-samplings-4000-k100-ef.bin
Average Recall: 0.854657
Initial average recall with ef=100: 0.854876
Average Recall: 0.900996
Initial average recall with ef=150: 0.901219
Recall diff is too small for 1 consecutive steps, break.
Weighted average ef: 304.489
EF-estimation table computing time: 24508 ms
Per-bucket recall: conv_p20=43.8437 hard_recall=0.95 easy_recall=0.98
Training convergence-bucket 0 [25.6326, 40.8198) with 400 queries (recall=0.95).
Average Recall: 0.65535
Initial average recall with ef=100: 0.652923
Average Recall: 0.73465
Initial average recall with ef=150: 0.732897
Recall diff is too small for 1 consecutive steps, break.
Weighted average ef: 730.415
Training convergence-bucket 1 [40.8198, 43.8437) with 400 queries (recall=0.95).
Average Recall: 0.689975
Initial average recall with ef=100: 0.688593
Average Recall: 0.767325
Initial average recall with ef=150: 0.766113
Weighted average ef: 649.535
Training convergence-bucket 2 [43.8437, 49.4131) with 400 queries (recall=0.98).
Average Recall: 0.76585
Initial average recall with ef=100: 0.763747
Average Recall: 0.835325
Initial average recall with ef=150: 0.833282
Recall diff is too small for 1 consecutive steps, break.
Weighted average ef: 714.21
Training convergence-bucket 3 [49.4131, 53.5096) with 400 queries (recall=0.98).
Average Recall: 0.83605
Initial average recall with ef=100: 0.834578
Average Recall: 0.89375
Initial average recall with ef=150: 0.892685
Recall diff is too small for 1 consecutive steps, break.
Weighted average ef: 482.753
Training convergence-bucket 4 [53.5096, 57.0384) with 400 queries (recall=0.98).
Average Recall: 0.8665
Initial average recall with ef=100: 0.866907
Average Recall: 0.917376
Initial average recall with ef=150: 0.917655
Recall diff is too small for 1 consecutive steps, break.
Weighted average ef: 379.973
Training convergence-bucket 5 [57.0384, 60.7419) with 400 queries (recall=0.98).
Average Recall: 0.8986
Initial average recall with ef=100: 0.899743
Average Recall: 0.941551
Initial average recall with ef=150: 0.942519
Recall diff is too small for 1 consecutive steps, break.
Weighted average ef: 297.615
Training convergence-bucket 6 [60.7419, 64.7118) with 400 queries (recall=0.98).
Average Recall: 0.923151
Initial average recall with ef=100: 0.923817
Average Recall: 0.95875
Initial average recall with ef=150: 0.959313
Weighted average ef: 243.75
Training convergence-bucket 7 [64.7118, 69.2495) with 400 queries (recall=0.98).
Average Recall: 0.950876
Initial average recall with ef=100: 0.95162
Average Recall: 0.97715
Initial average recall with ef=150: 0.977772
Weighted average ef: 176.02
Training convergence-bucket 8 [69.2495, 74.7705) with 400 queries (recall=0.98).
Average Recall: 0.969976
Initial average recall with ef=100: 0.971498
Average Recall: 0.98745
Initial average recall with ef=150: 0.988553
Weighted average ef: 141.125
Training convergence-bucket 9 [74.7705, inf) with 400 queries (recall=0.98).
Average Recall: 0.990325
Initial average recall with ef=100: 0.990851
Average Recall: 0.99675
Initial average recall with ef=150: 0.997062
Weighted average ef: 102.35
****Weighted average ef: 391
Search time: 1556 ms
Search time: 1616 ms
Search time: 1631 ms
Average Recall: 0.98553
5th percentile recall: 0.95
1st percentile recall: 0.92
Median search time: 1616 ms
Search times: 1556 ms, 1616 ms, 1631 ms, 
sift10m-128-euclidean experiment results:
statisc_length, time, avg_recall, 5th_percentile_recall, 1st_percentile_recall, recall_above_99, recall_above_95, recall_above_90
1025, 1616, 0.98553, 0.95, 0.92, 650, 939, 996
Experiment finished


Sampling size: 3000


Ground truth computed in 356064 ms
Sampling computing time: 401279 ms
Loading samplings from /home/yc.shea/experiments/shiro-ef/ablation_sampling_size/sift10m-128-euclidean-samplings-3000-k100-ef.bin
Samplings loaded from /home/yc.shea/experiments/shiro-ef/ablation_sampling_size/sift10m-128-euclidean-samplings-3000-k100-ef.bin
Average Recall: 0.856011
Initial average recall with ef=100: 0.856315
Average Recall: 0.902513
Initial average recall with ef=150: 0.902814
Weighted average ef: 299.369
EF-estimation table computing time: 15591 ms
Per-bucket recall: conv_p20=43.9052 hard_recall=0.95 easy_recall=0.98
Training convergence-bucket 0 [25.6326, 40.8522) with 300 queries (recall=0.95).
Average Recall: 0.6557
Initial average recall with ef=100: 0.655017
Average Recall: 0.7357
Initial average recall with ef=150: 0.735813
Weighted average ef: 738.057
Training convergence-bucket 1 [40.8522, 43.9052) with 300 queries (recall=0.95).
Average Recall: 0.6922
Initial average recall with ef=100: 0.691365
Average Recall: 0.7701
Initial average recall with ef=150: 0.769625
Weighted average ef: 622.07
Training convergence-bucket 2 [43.9052, 49.5591) with 300 queries (recall=0.98).
Average Recall: 0.772167
Initial average recall with ef=100: 0.771632
Average Recall: 0.8429
Initial average recall with ef=150: 0.842396
Recall diff is too small for 1 consecutive steps, break.
Weighted average ef: 667.26
Training convergence-bucket 3 [49.5591, 53.5044) with 300 queries (recall=0.98).
Average Recall: 0.8279
Initial average recall with ef=100: 0.827109
Average Recall: 0.886266
Initial average recall with ef=150: 0.885646
Recall diff is too small for 1 consecutive steps, break.
Weighted average ef: 476.44
Training convergence-bucket 4 [53.5044, 57.6866) with 300 queries (recall=0.98).
Average Recall: 0.8677
Initial average recall with ef=100: 0.865517
Average Recall: 0.919066
Initial average recall with ef=150: 0.917414
Recall diff is too small for 1 consecutive steps, break.
Weighted average ef: 357.447
Training convergence-bucket 5 [57.6866, 60.9502) with 300 queries (recall=0.98).
Average Recall: 0.899567
Initial average recall with ef=100: 0.900206
Average Recall: 0.9427
Initial average recall with ef=150: 0.94339
Weighted average ef: 300.147
Training convergence-bucket 6 [60.9502, 64.8344) with 300 queries (recall=0.98).
Average Recall: 0.926633
Initial average recall with ef=100: 0.927578
Average Recall: 0.961734
Initial average recall with ef=150: 0.962664
Recall diff is too small for 1 consecutive steps, break.
Weighted average ef: 219.8
Training convergence-bucket 7 [64.8344, 69.4434) with 300 queries (recall=0.98).
Average Recall: 0.955167
Initial average recall with ef=100: 0.956531
Average Recall: 0.980734
Initial average recall with ef=150: 0.981599
Weighted average ef: 167.25
Training convergence-bucket 8 [69.4434, 74.9222) with 300 queries (recall=0.98).
Average Recall: 0.972767
Initial average recall with ef=100: 0.973547
Average Recall: 0.989067
Initial average recall with ef=150: 0.989527
Weighted average ef: 133.167
Training convergence-bucket 9 [74.9222, inf) with 300 queries (recall=0.98).
Average Recall: 0.990367
Initial average recall with ef=100: 0.990791
Average Recall: 0.996934
Initial average recall with ef=150: 0.997217
Weighted average ef: 101.333
****Weighted average ef: 378
Search time: 1654 ms
Search time: 1599 ms
Search time: 1653 ms
Average Recall: 0.98493
5th percentile recall: 0.95
1st percentile recall: 0.92
Median search time: 1653 ms
Search times: 1599 ms, 1653 ms, 1654 ms, 
sift10m-128-euclidean experiment results:
statisc_length, time, avg_recall, 5th_percentile_recall, 1st_percentile_recall, recall_above_99, recall_above_95, recall_above_90
1025, 1653, 0.98493, 0.95, 0.92, 626, 937, 997
Experiment finished


Sampling size: 1000


Ground truth computed in 115597 ms
Sampling computing time: 130694 ms
Loading samplings from /home/yc.shea/experiments/shiro-ef/ablation_sampling_size/sift10m-128-euclidean-samplings-1000-k100-ef.bin
Samplings loaded from /home/yc.shea/experiments/shiro-ef/ablation_sampling_size/sift10m-128-euclidean-samplings-1000-k100-ef.bin
Average Recall: 0.848749
Initial average recall with ef=100: 0.850443
Average Recall: 0.897048
Initial average recall with ef=150: 0.898692
Weighted average ef: 310.335
EF-estimation table computing time: 6496 ms
Per-bucket recall: conv_p20=43.7756 hard_recall=0.95 easy_recall=0.98
Training convergence-bucket 0 [26.7615, 40.7579) with 100 queries (recall=0.95).
Average Recall: 0.6479
Initial average recall with ef=100: 0.636353
Average Recall: 0.7279
Initial average recall with ef=150: 0.720235
Recall diff is too small for 1 consecutive steps, break.
Weighted average ef: 685.88
Training convergence-bucket 1 [40.7579, 43.7756) with 100 queries (recall=0.95).
Average Recall: 0.6698
Initial average recall with ef=100: 0.671111
Average Recall: 0.7508
Initial average recall with ef=150: 0.752
Weighted average ef: 611.79
Training convergence-bucket 2 [43.7756, 48.2035) with 100 queries (recall=0.98).
Average Recall: 0.7685
Initial average recall with ef=100: 0.767303
Average Recall: 0.8385
Initial average recall with ef=150: 0.83618
Recall diff is too small for 1 consecutive steps, break.
Weighted average ef: 632.86
Training convergence-bucket 3 [48.2035, 52.416) with 100 queries (recall=0.98).
Average Recall: 0.8136
Initial average recall with ef=100: 0.81
Average Recall: 0.8778
Initial average recall with ef=150: 0.874253
Recall diff is too small for 1 consecutive steps, break.
Recall diff is too small for 1 consecutive steps, break.
Recall diff is too small for 1 consecutive steps, break.
Weighted average ef: 455.48
Training convergence-bucket 4 [52.416, 56.1904) with 100 queries (recall=0.98).
Average Recall: 0.8659
Initial average recall with ef=100: 0.862222
Average Recall: 0.9177
Initial average recall with ef=150: 0.915333
Recall diff is too small for 1 consecutive steps, break.
Recall diff is too small for 1 consecutive steps, break.
Weighted average ef: 337.75
Training convergence-bucket 5 [56.1904, 59.6463) with 100 queries (recall=0.98).
Average Recall: 0.8937
Initial average recall with ef=100: 0.891882
Average Recall: 0.9409
Initial average recall with ef=150: 0.939765
Weighted average ef: 258.24
Training convergence-bucket 6 [59.6463, 64.054) with 100 queries (recall=0.98).
Average Recall: 0.9173
Initial average recall with ef=100: 0.912644
Average Recall: 0.9565
Initial average recall with ef=150: 0.953218
Weighted average ef: 204.97
Training convergence-bucket 7 [64.054, 69.2406) with 100 queries (recall=0.98).
Average Recall: 0.9443
Initial average recall with ef=100: 0.948837
Average Recall: 0.9739
Initial average recall with ef=150: 0.976628
Recall diff is too small for 1 consecutive steps, break.
Weighted average ef: 157.49
Training convergence-bucket 8 [69.2406, 75.281) with 100 queries (recall=0.98).
Average Recall: 0.9743
Initial average recall with ef=100: 0.978961
Average Recall: 0.9889
Initial average recall with ef=150: 0.991948
Weighted average ef: 91.5
Training convergence-bucket 9 [75.281, inf) with 100 queries (recall=0.98).
Average Recall: 0.9922
Initial average recall with ef=100: 0.993596
Average Recall: 0.9976
Initial average recall with ef=150: 0.998764
Weighted average ef: 91.01
****Weighted average ef: 352
Search time: 1656 ms
Search time: 1564 ms
Search time: 1564 ms
Average Recall: 0.98526
5th percentile recall: 0.95
1st percentile recall: 0.93
Median search time: 1564 ms
Search times: 1564 ms, 1564 ms, 1656 ms, 
sift10m-128-euclidean experiment results:
statisc_length, time, avg_recall, 5th_percentile_recall, 1st_percentile_recall, recall_above_99, recall_above_95, recall_above_90
1025, 1564, 0.98526, 0.95, 0.93, 629, 945, 997
Experiment finished
Dataset: gist-960-euclidean
Metric: l2
Truncation ratio: 1
Data vectors dimensions: 1000000 x 960
Query vectors dimensions: 1000 x 960
Neighbors dimensions: 1000 x 100
Index loaded
Dimension of space:960
Data size of space:3840


Sampling size: 10000


Ground truth computed in 458131 ms
Sampling computing time: 597815 ms
Loading samplings from /home/yc.shea/experiments/shiro-ef/ablation_sampling_size/gist-960-euclidean-samplings-10000-k100-ef.bin
Samplings loaded from /home/yc.shea/experiments/shiro-ef/ablation_sampling_size/gist-960-euclidean-samplings-10000-k100-ef.bin
Average Recall: 0.729382
Initial average recall with ef=100: 0.729493
Average Recall: 0.802237
Initial average recall with ef=150: 0.802354
Recall diff is too small for 1 consecutive steps, break.
Weighted average ef: 635.231
EF-estimation table computing time: 302409 ms
Per-bucket recall: conv_p20=36.4299 hard_recall=0.95 easy_recall=0.98
Training convergence-bucket 0 [20.8785, 33.1882) with 1000 queries (recall=0.95).
Average Recall: 0.51094
Initial average recall with ef=100: 0.510765
Average Recall: 0.60734
Initial average recall with ef=150: 0.607362
Recall diff is too small for 1 consecutive steps, break.
Recall diff is too small for 1 consecutive steps, break.
Weighted average ef: 1425.55
Training convergence-bucket 1 [33.1882, 36.4299) with 1000 queries (recall=0.95).
Average Recall: 0.56923
Initial average recall with ef=100: 0.569618
Average Recall: 0.661139
Initial average recall with ef=150: 0.661618
Weighted average ef: 1151.02
Training convergence-bucket 2 [36.4299, 39.5349) with 1000 queries (recall=0.98).
Average Recall: 0.62604
Initial average recall with ef=100: 0.62503
Average Recall: 0.718439
Initial average recall with ef=150: 0.717591
Recall diff is too small for 1 consecutive steps, break.
Recall diff is too small for 1 consecutive steps, break.
Weighted average ef: 1597.09
Training convergence-bucket 3 [39.5349, 42.2468) with 1000 queries (recall=0.98).
Average Recall: 0.67065
Initial average recall with ef=100: 0.671108
Average Recall: 0.75931
Initial average recall with ef=150: 0.759829
Recall diff is too small for 1 consecutive steps, break.
Weighted average ef: 1358.14
Training convergence-bucket 4 [42.2468, 45.0743) with 1000 queries (recall=0.98).
Average Recall: 0.70386
Initial average recall with ef=100: 0.704561
Average Recall: 0.7868
Initial average recall with ef=150: 0.787629
Recall diff is too small for 1 consecutive steps, break.
Recall diff is too small for 1 consecutive steps, break.
Weighted average ef: 1176.98
Training convergence-bucket 5 [45.0743, 48.305) with 1000 queries (recall=0.98).
Average Recall: 0.74444
Initial average recall with ef=100: 0.745511
Average Recall: 0.82304
Initial average recall with ef=150: 0.824267
Recall diff is too small for 1 consecutive steps, break.
Weighted average ef: 904.689
Training convergence-bucket 6 [48.305, 52.2182) with 1000 queries (recall=0.98).
Average Recall: 0.788579
Initial average recall with ef=100: 0.79
Average Recall: 0.857551
Initial average recall with ef=150: 0.858898
Recall diff is too small for 1 consecutive steps, break.
Recall diff is too small for 1 consecutive steps, break.
Recall diff is too small for 1 consecutive steps, break.
Recall diff is too small for 1 consecutive steps, break.
Weighted average ef: 749.416
Training convergence-bucket 7 [52.2182, 57.5825) with 1000 queries (recall=0.98).
Average Recall: 0.83715
Initial average recall with ef=100: 0.83733
Average Recall: 0.897079
Initial average recall with ef=150: 0.897218
Recall diff is too small for 1 consecutive steps, break.
Weighted average ef: 534.196
Training convergence-bucket 8 [57.5825, 65.8724) with 1000 queries (recall=0.98).
Average Recall: 0.888639
Initial average recall with ef=100: 0.890428
Average Recall: 0.934788
Initial average recall with ef=150: 0.936248
Recall diff is too small for 1 consecutive steps, break.
Weighted average ef: 368.451
Training convergence-bucket 9 [65.8724, inf) with 1000 queries (recall=0.98).
Average Recall: 0.954247
Initial average recall with ef=100: 0.956447
Average Recall: 0.976818
Initial average recall with ef=150: 0.978624
Weighted average ef: 179.683
****Weighted average ef: 944
Search time: 8620 ms
Search time: 8786 ms
Search time: 8975 ms
Average Recall: 0.98163
5th percentile recall: 0.94
1st percentile recall: 0.91
Median search time: 8786 ms
Search times: 8620 ms, 8786 ms, 8975 ms, 
gist-960-euclidean experiment results:
statisc_length, time, avg_recall, 5th_percentile_recall, 1st_percentile_recall, recall_above_99, recall_above_95, recall_above_90
1025, 8786, 0.98163, 0.94, 0.91, 574, 893, 990
Experiment finished


Sampling size: 5000


Ground truth computed in 229245 ms
Sampling computing time: 646613 ms
Loading samplings from /home/yc.shea/experiments/shiro-ef/ablation_sampling_size/gist-960-euclidean-samplings-5000-k100-ef.bin
Samplings loaded from /home/yc.shea/experiments/shiro-ef/ablation_sampling_size/gist-960-euclidean-samplings-5000-k100-ef.bin
Average Recall: 0.730005
Initial average recall with ef=100: 0.730441
Average Recall: 0.80238
Initial average recall with ef=150: 0.802864
Weighted average ef: 615.593
EF-estimation table computing time: 145799 ms
Per-bucket recall: conv_p20=36.4974 hard_recall=0.95 easy_recall=0.98
Training convergence-bucket 0 [24.4065, 33.1701) with 500 queries (recall=0.95).
Average Recall: 0.5123
Initial average recall with ef=100: 0.510536
Average Recall: 0.60742
Initial average recall with ef=150: 0.606186
Recall diff is too small for 1 consecutive steps, break.
Weighted average ef: 1388.47
Training convergence-bucket 1 [33.1701, 36.4974) with 500 queries (recall=0.95).
Average Recall: 0.57086
Initial average recall with ef=100: 0.57051
Average Recall: 0.6624
Initial average recall with ef=150: 0.662082
Weighted average ef: 1076.48
Training convergence-bucket 2 [36.4974, 39.5816) with 500 queries (recall=0.98).
Average Recall: 0.62748
Initial average recall with ef=100: 0.626066
Average Recall: 0.717599
Initial average recall with ef=150: 0.716516
Recall diff is too small for 1 consecutive steps, break.
Weighted average ef: 1551.67
Training convergence-bucket 3 [39.5816, 42.2809) with 500 queries (recall=0.98).
Average Recall: 0.6615
Initial average recall with ef=100: 0.661935
Average Recall: 0.75114
Initial average recall with ef=150: 0.751466
Recall diff is too small for 1 consecutive steps, break.
Recall diff is too small for 1 consecutive steps, break.
Recall diff is too small for 1 consecutive steps, break.
Weighted average ef: 1372.29
Training convergence-bucket 4 [42.2809, 45.2733) with 500 queries (recall=0.98).
Average Recall: 0.70888
Initial average recall with ef=100: 0.709836
Average Recall: 0.79078
Initial average recall with ef=150: 0.792172
Recall diff is too small for 1 consecutive steps, break.
Recall diff is too small for 1 consecutive steps, break.
Recall diff is too small for 1 consecutive steps, break.
Recall diff is too small for 1 consecutive steps, break.
Recall diff is too small for 1 consecutive steps, break.
Weighted average ef: 1103.87
Training convergence-bucket 5 [45.2733, 48.4996) with 500 queries (recall=0.98).
Average Recall: 0.74158
Initial average recall with ef=100: 0.741606
Average Recall: 0.82084
Initial average recall with ef=150: 0.820996
Recall diff is too small for 1 consecutive steps, break.
Recall diff is too small for 1 consecutive steps, break.
Recall diff is too small for 1 consecutive steps, break.
Recall diff is too small for 1 consecutive steps, break.
Weighted average ef: 963.258
Training convergence-bucket 6 [48.4996, 52.4051) with 500 queries (recall=0.98).
Average Recall: 0.78694
Initial average recall with ef=100: 0.788914
Average Recall: 0.85806
Initial average recall with ef=150: 0.860246
Recall diff is too small for 1 consecutive steps, break.
Recall diff is too small for 1 consecutive steps, break.
Recall diff is too small for 1 consecutive steps, break.
Recall diff is too small for 1 consecutive steps, break.
Weighted average ef: 701.848
Training convergence-bucket 7 [52.4051, 57.9648) with 500 queries (recall=0.98).
Average Recall: 0.84334
Initial average recall with ef=100: 0.845176
Average Recall: 0.902221
Initial average recall with ef=150: 0.903975
Recall diff is too small for 1 consecutive steps, break.
Recall diff is too small for 1 consecutive steps, break.
Weighted average ef: 443.416
Training convergence-bucket 8 [57.9648, 66.4246) with 500 queries (recall=0.98).
Average Recall: 0.894501
Initial average recall with ef=100: 0.897214
Average Recall: 0.93882
Initial average recall with ef=150: 0.941227
Recall diff is too small for 1 consecutive steps, break.
Recall diff is too small for 1 consecutive steps, break.
Weighted average ef: 325.756
Training convergence-bucket 9 [66.4246, inf) with 500 queries (recall=0.98).
Average Recall: 0.9527
Initial average recall with ef=100: 0.955103
Average Recall: 0.97456
Initial average recall with ef=150: 0.976591
Recall diff is too small for 1 consecutive steps, break.
Weighted average ef: 188.732
****Weighted average ef: 911
Search time: 8974 ms
Search time: 8644 ms
Search time: 8505 ms
Average Recall: 0.98143
5th percentile recall: 0.94
1st percentile recall: 0.91
Median search time: 8644 ms
Search times: 8505 ms, 8644 ms, 8974 ms, 
gist-960-euclidean experiment results:
statisc_length, time, avg_recall, 5th_percentile_recall, 1st_percentile_recall, recall_above_99, recall_above_95, recall_above_90
1025, 8644, 0.98143, 0.94, 0.91, 573, 882, 990
Experiment finished


Sampling size: 4000


Ground truth computed in 183263 ms
Sampling computing time: 508305 ms
Loading samplings from /home/yc.shea/experiments/shiro-ef/ablation_sampling_size/gist-960-euclidean-samplings-4000-k100-ef.bin
Samplings loaded from /home/yc.shea/experiments/shiro-ef/ablation_sampling_size/gist-960-euclidean-samplings-4000-k100-ef.bin
Average Recall: 0.730765
Initial average recall with ef=100: 0.731088
Average Recall: 0.802507
Initial average recall with ef=150: 0.802829
Recall diff is too small for 1 consecutive steps, break.
Weighted average ef: 625.902
EF-estimation table computing time: 115397 ms
Per-bucket recall: conv_p20=36.6201 hard_recall=0.95 easy_recall=0.98
Training convergence-bucket 0 [23.8147, 33.1689) with 400 queries (recall=0.95).
Average Recall: 0.50875
Initial average recall with ef=100: 0.508615
Average Recall: 0.602925
Initial average recall with ef=150: 0.602538
Recall diff is too small for 1 consecutive steps, break.
Recall diff is too small for 1 consecutive steps, break.
Recall diff is too small for 1 consecutive steps, break.
Weighted average ef: 1455.5
Training convergence-bucket 1 [33.1689, 36.6201) with 400 queries (recall=0.95).
Average Recall: 0.567625
Initial average recall with ef=100: 0.566111
Average Recall: 0.662725
Initial average recall with ef=150: 0.661212
Recall diff is too small for 1 consecutive steps, break.
Weighted average ef: 1104.28
Training convergence-bucket 2 [36.6201, 39.5445) with 400 queries (recall=0.98).
Average Recall: 0.621275
Initial average recall with ef=100: 0.621447
Average Recall: 0.709725
Initial average recall with ef=150: 0.71031
Weighted average ef: 1707.98
Training convergence-bucket 3 [39.5445, 42.2303) with 400 queries (recall=0.98).
Average Recall: 0.666925
Initial average recall with ef=100: 0.669406
Average Recall: 0.7542
Initial average recall with ef=150: 0.756951
Recall diff is too small for 1 consecutive steps, break.
Recall diff is too small for 1 consecutive steps, break.
Recall diff is too small for 1 consecutive steps, break.
Recall diff is too small for 1 consecutive steps, break.
Weighted average ef: 1260.58
Training convergence-bucket 4 [42.2303, 44.9316) with 400 queries (recall=0.98).
Average Recall: 0.705775
Initial average recall with ef=100: 0.706615
Average Recall: 0.78765
Initial average recall with ef=150: 0.789089
Recall diff is too small for 1 consecutive steps, break.
Recall diff is too small for 1 consecutive steps, break.
Weighted average ef: 997.823
Training convergence-bucket 5 [44.9316, 48.2064) with 400 queries (recall=0.98).
Average Recall: 0.748625
Initial average recall with ef=100: 0.748432
Average Recall: 0.82525
Initial average recall with ef=150: 0.824987
Recall diff is too small for 1 consecutive steps, break.
Recall diff is too small for 1 consecutive steps, break.
Recall diff is too small for 1 consecutive steps, break.
Recall diff is too small for 1 consecutive steps, break.
Recall diff is too small for 1 consecutive steps, break.
Weighted average ef: 913.025
Training convergence-bucket 6 [48.2064, 52.5846) with 400 queries (recall=0.98).
Average Recall: 0.79775
Initial average recall with ef=100: 0.799041
Average Recall: 0.866726
Initial average recall with ef=150: 0.867979
Recall diff is too small for 1 consecutive steps, break.
Weighted average ef: 619.867
Training convergence-bucket 7 [52.5846, 58.2719) with 400 queries (recall=0.98).
Average Recall: 0.839775
Initial average recall with ef=100: 0.839691
Average Recall: 0.89915
Initial average recall with ef=150: 0.899175
Recall diff is too small for 1 consecutive steps, break.
Recall diff is too small for 1 consecutive steps, break.
Recall diff is too small for 1 consecutive steps, break.
Recall diff is too small for 1 consecutive steps, break.
Weighted average ef: 482.297
Training convergence-bucket 8 [58.2719, 66.3334) with 400 queries (recall=0.98).
Average Recall: 0.894075
Initial average recall with ef=100: 0.896897
Average Recall: 0.938375
Initial average recall with ef=150: 0.940769
Recall diff is too small for 1 consecutive steps, break.
Weighted average ef: 328.037
Training convergence-bucket 9 [66.3334, inf) with 400 queries (recall=0.98).
Average Recall: 0.9571
Initial average recall with ef=100: 0.96114
Average Recall: 0.978375
Initial average recall with ef=150: 0.980958
Weighted average ef: 167.458
****Weighted average ef: 903
Search time: 8960 ms
Search time: 8693 ms
Search time: 8531 ms
Average Recall: 0.98168
5th percentile recall: 0.94
1st percentile recall: 0.9
Median search time: 8693 ms
Search times: 8531 ms, 8693 ms, 8960 ms, 
gist-960-euclidean experiment results:
statisc_length, time, avg_recall, 5th_percentile_recall, 1st_percentile_recall, recall_above_99, recall_above_95, recall_above_90
1025, 8693, 0.98168, 0.94, 0.9, 571, 888, 989
Experiment finished


Sampling size: 3000


Ground truth computed in 138099 ms
Sampling computing time: 379804 ms
Loading samplings from /home/yc.shea/experiments/shiro-ef/ablation_sampling_size/gist-960-euclidean-samplings-3000-k100-ef.bin
Samplings loaded from /home/yc.shea/experiments/shiro-ef/ablation_sampling_size/gist-960-euclidean-samplings-3000-k100-ef.bin
Average Recall: 0.726243
Initial average recall with ef=100: 0.725997
Average Recall: 0.799901
Initial average recall with ef=150: 0.799863
Recall diff is too small for 1 consecutive steps, break.
Weighted average ef: 642.249
EF-estimation table computing time: 88765 ms
Per-bucket recall: conv_p20=36.2647 hard_recall=0.95 easy_recall=0.98
Training convergence-bucket 0 [25.3651, 33.1353) with 300 queries (recall=0.95).
Average Recall: 0.503567
Initial average recall with ef=100: 0.50189
Average Recall: 0.598533
Initial average recall with ef=150: 0.597388
Recall diff is too small for 1 consecutive steps, break.
Recall diff is too small for 1 consecutive steps, break.
Weighted average ef: 1418.12
Training convergence-bucket 1 [33.1353, 36.2647) with 300 queries (recall=0.95).
Average Recall: 0.5618
Initial average recall with ef=100: 0.562341
Average Recall: 0.6548
Initial average recall with ef=150: 0.655117
Weighted average ef: 1208.1
Training convergence-bucket 2 [36.2647, 39.2767) with 300 queries (recall=0.98).
Average Recall: 0.6292
Initial average recall with ef=100: 0.632755
Average Recall: 0.716667
Initial average recall with ef=150: 0.71932
Recall diff is too small for 1 consecutive steps, break.
Recall diff is too small for 1 consecutive steps, break.
Recall diff is too small for 1 consecutive steps, break.
Recall diff is too small for 1 consecutive steps, break.
Weighted average ef: 1584.18
Training convergence-bucket 3 [39.2767, 41.989) with 300 queries (recall=0.98).
Average Recall: 0.662433
Initial average recall with ef=100: 0.666944
Average Recall: 0.755067
Initial average recall with ef=150: 0.759444
Recall diff is too small for 1 consecutive steps, break.
Recall diff is too small for 1 consecutive steps, break.
Recall diff is too small for 1 consecutive steps, break.
Recall diff is too small for 1 consecutive steps, break.
Weighted average ef: 1164.02
Training convergence-bucket 4 [41.989, 45.0088) with 300 queries (recall=0.98).
Average Recall: 0.699867
Initial average recall with ef=100: 0.700414
Average Recall: 0.787267
Initial average recall with ef=150: 0.787862
Recall diff is too small for 1 consecutive steps, break.
Recall diff is too small for 1 consecutive steps, break.
Recall diff is too small for 1 consecutive steps, break.
Recall diff is too small for 1 consecutive steps, break.
Weighted average ef: 1099.88
Training convergence-bucket 5 [45.0088, 48.08) with 300 queries (recall=0.98).
Average Recall: 0.751
Initial average recall with ef=100: 0.753881
Average Recall: 0.829167
Initial average recall with ef=150: 0.832657
Recall diff is too small for 1 consecutive steps, break.
Recall diff is too small for 1 consecutive steps, break.
Recall diff is too small for 1 consecutive steps, break.
Weighted average ef: 843.767
Training convergence-bucket 6 [48.08, 51.9007) with 300 queries (recall=0.98).
Average Recall: 0.781033
Initial average recall with ef=100: 0.781631
Average Recall: 0.8552
Initial average recall with ef=150: 0.855816
Recall diff is too small for 1 consecutive steps, break.
Recall diff is too small for 1 consecutive steps, break.
Weighted average ef: 667.69
Training convergence-bucket 7 [51.9007, 57.2243) with 300 queries (recall=0.98).
Average Recall: 0.826267
Initial average recall with ef=100: 0.832014
Average Recall: 0.8873
Initial average recall with ef=150: 0.892266
Recall diff is too small for 1 consecutive steps, break.
Recall diff is too small for 1 consecutive steps, break.
Recall diff is too small for 1 consecutive steps, break.
Weighted average ef: 513.037
Training convergence-bucket 8 [57.2243, 65.9373) with 300 queries (recall=0.98).
Average Recall: 0.891
Initial average recall with ef=100: 0.891667
Average Recall: 0.9371
Initial average recall with ef=150: 0.937411
Recall diff is too small for 1 consecutive steps, break.
Recall diff is too small for 1 consecutive steps, break.
Weighted average ef: 320.317
Training convergence-bucket 9 [65.9373, inf) with 300 queries (recall=0.98).
Average Recall: 0.956267
Initial average recall with ef=100: 0.960601
Average Recall: 0.977933
Initial average recall with ef=150: 0.981237
Weighted average ef: 163.037
****Weighted average ef: 898
Search time: 8853 ms
Search time: 8880 ms
Search time: 8807 ms
Average Recall: 0.98183
5th percentile recall: 0.94
1st percentile recall: 0.91
Median search time: 8853 ms
Search times: 8807 ms, 8853 ms, 8880 ms, 
gist-960-euclidean experiment results:
statisc_length, time, avg_recall, 5th_percentile_recall, 1st_percentile_recall, recall_above_99, recall_above_95, recall_above_90
1025, 8853, 0.98183, 0.94, 0.91, 568, 889, 993
Experiment finished


Sampling size: 1000


Ground truth computed in 47154 ms
Sampling computing time: 126958 ms
Loading samplings from /home/yc.shea/experiments/shiro-ef/ablation_sampling_size/gist-960-euclidean-samplings-1000-k100-ef.bin
Samplings loaded from /home/yc.shea/experiments/shiro-ef/ablation_sampling_size/gist-960-euclidean-samplings-1000-k100-ef.bin
Average Recall: 0.734309
Initial average recall with ef=100: 0.730983
Average Recall: 0.80614
Initial average recall with ef=150: 0.803667
Recall diff is too small for 1 consecutive steps, break.
Weighted average ef: 613.073
EF-estimation table computing time: 27628 ms
Per-bucket recall: conv_p20=36.2786 hard_recall=0.95 easy_recall=0.98
Training convergence-bucket 0 [26.4751, 33.331) with 100 queries (recall=0.95).
Average Recall: 0.508
Initial average recall with ef=100: 0.505667
Average Recall: 0.5991
Initial average recall with ef=150: 0.596111
Weighted average ef: 1246.89
Training convergence-bucket 1 [33.331, 36.2786) with 100 queries (recall=0.95).
Average Recall: 0.5636
Initial average recall with ef=100: 0.551047
Average Recall: 0.6564
Initial average recall with ef=150: 0.644767
Recall diff is too small for 1 consecutive steps, break.
Weighted average ef: 997.75
Training convergence-bucket 2 [36.2786, 39.2807) with 100 queries (recall=0.98).
Average Recall: 0.6282
Initial average recall with ef=100: 0.624222
Average Recall: 0.7218
Initial average recall with ef=150: 0.717222
Recall diff is too small for 1 consecutive steps, break.
Recall diff is too small for 1 consecutive steps, break.
Recall diff is too small for 1 consecutive steps, break.
Recall diff is too small for 1 consecutive steps, break.
Recall diff is too small for 1 consecutive steps, break.
Recall diff is too small for 1 consecutive steps, break.
Recall diff is too small for 1 consecutive steps, break.
Recall diff is too small for 1 consecutive steps, break.
Weighted average ef: 1329.39
Training convergence-bucket 3 [39.2807, 42.0763) with 100 queries (recall=0.98).
Average Recall: 0.6901
Initial average recall with ef=100: 0.692444
Average Recall: 0.7708
Initial average recall with ef=150: 0.774889
Recall diff is too small for 1 consecutive steps, break.
Recall diff is too small for 1 consecutive steps, break.
Recall diff is too small for 1 consecutive steps, break.
Recall diff is too small for 1 consecutive steps, break.
Recall diff is too small for 1 consecutive steps, break.
Recall diff is too small for 1 consecutive steps, break.
Recall diff is too small for 1 consecutive steps, break.
Recall diff is too small for 1 consecutive steps, break.
Recall diff is too small for 1 consecutive steps, break.
Recall diff is too small for 1 consecutive steps, break.
Weighted average ef: 935.85
Training convergence-bucket 4 [42.0763, 45.2568) with 100 queries (recall=0.98).
Average Recall: 0.709
Initial average recall with ef=100: 0.718684
Average Recall: 0.7941
Initial average recall with ef=150: 0.808158
Recall diff is too small for 1 consecutive steps, break.
Recall diff is too small for 1 consecutive steps, break.
Recall diff is too small for 1 consecutive steps, break.
Recall diff is too small for 1 consecutive steps, break.
Weighted average ef: 731.36
Training convergence-bucket 5 [45.2568, 48.4944) with 100 queries (recall=0.98).
Average Recall: 0.7495
Initial average recall with ef=100: 0.751772
Average Recall: 0.828
Initial average recall with ef=150: 0.832025
Recall diff is too small for 1 consecutive steps, break.
Recall diff is too small for 1 consecutive steps, break.
Weighted average ef: 629.24
Training convergence-bucket 6 [48.4944, 52.5765) with 100 queries (recall=0.98).
Average Recall: 0.8015
Initial average recall with ef=100: 0.815625
Average Recall: 0.8693
Initial average recall with ef=150: 0.881625
Recall diff is too small for 1 consecutive steps, break.
Recall diff is too small for 1 consecutive steps, break.
Weighted average ef: 431.37
Training convergence-bucket 7 [52.5765, 57.5077) with 100 queries (recall=0.98).
Average Recall: 0.8508
Initial average recall with ef=100: 0.8576
Average Recall: 0.91
Initial average recall with ef=150: 0.9152
Recall diff is too small for 1 consecutive steps, break.
Recall diff is too small for 1 consecutive steps, break.
Weighted average ef: 297.54
Training convergence-bucket 8 [57.5077, 65.3834) with 100 queries (recall=0.98).
Average Recall: 0.8807
Initial average recall with ef=100: 0.888
Average Recall: 0.9313
Initial average recall with ef=150: 0.936941
Recall diff is too small for 1 consecutive steps, break.
Recall diff is too small for 1 consecutive steps, break.
Weighted average ef: 289.24
Training convergence-bucket 9 [65.3834, inf) with 100 queries (recall=0.98).
Average Recall: 0.9617
Initial average recall with ef=100: 0.965901
Average Recall: 0.9806
Initial average recall with ef=150: 0.984098
Weighted average ef: 89.66
****Weighted average ef: 697
Search time: 7540 ms
Search time: 7686 ms
Search time: 7762 ms
Average Recall: 0.97689
5th percentile recall: 0.93
1st percentile recall: 0.88
Median search time: 7686 ms
Search times: 7540 ms, 7686 ms, 7762 ms, 
gist-960-euclidean experiment results:
statisc_length, time, avg_recall, 5th_percentile_recall, 1st_percentile_recall, recall_above_99, recall_above_95, recall_above_90
1025, 7686, 0.97689, 0.93, 0.88, 489, 849, 979
Experiment finished
Dataset: tiny5m-384-euclidean
Metric: l2
Truncation ratio: 1
Data vectors dimensions: 5000000 x 384
Query vectors dimensions: 1000 x 384
Neighbors dimensions: 1000 x 100
Index loaded
Dimension of space:384
Data size of space:1536


Sampling size: 10000


Ground truth computed in 1196030 ms
Sampling computing time: 1300939 ms
Loading samplings from /home/yc.shea/experiments/shiro-ef/ablation_sampling_size/tiny5m-384-euclidean-samplings-10000-k100-ef.bin
Samplings loaded from /home/yc.shea/experiments/shiro-ef/ablation_sampling_size/tiny5m-384-euclidean-samplings-10000-k100-ef.bin
Average Recall: 0.640931
Initial average recall with ef=100: 0.640841
Average Recall: 0.712512
Initial average recall with ef=150: 0.712425
Weighted average ef: 1230.43
EF-estimation table computing time: 458775 ms
Per-bucket recall: conv_p20=32.4165 hard_recall=0.95 easy_recall=0.98
Training convergence-bucket 0 [19.1508, 29.0333) with 1000 queries (recall=0.95).
Average Recall: 0.37855
Initial average recall with ef=100: 0.377956
Average Recall: 0.45866
Initial average recall with ef=150: 0.458197
Weighted average ef: 3036.31
Training convergence-bucket 1 [29.0333, 32.4165) with 1000 queries (recall=0.95).
Average Recall: 0.43816
Initial average recall with ef=100: 0.43717
Average Recall: 0.51975
Initial average recall with ef=150: 0.51862
Weighted average ef: 2347.24
Training convergence-bucket 2 [32.4165, 35.2814) with 1000 queries (recall=0.98).
Average Recall: 0.4827
Initial average recall with ef=100: 0.481849
Average Recall: 0.568879
Initial average recall with ef=150: 0.56802
Recall diff is too small for 1 consecutive steps, break.
Weighted average ef: 3408.72
Training convergence-bucket 3 [35.2814, 37.8449) with 1000 queries (recall=0.98).
Average Recall: 0.54145
Initial average recall with ef=100: 0.5391
Average Recall: 0.62583
Initial average recall with ef=150: 0.623448
Recall diff is too small for 1 consecutive steps, break.
Recall diff is too small for 1 consecutive steps, break.
Recall diff is too small for 1 consecutive steps, break.
Weighted average ef: 2720.97
Training convergence-bucket 4 [37.8449, 40.6103) with 1000 queries (recall=0.98).
Average Recall: 0.59571
Initial average recall with ef=100: 0.594874
Average Recall: 0.67897
Initial average recall with ef=150: 0.678271
Weighted average ef: 2153.3
Training convergence-bucket 5 [40.6103, 44.0951) with 1000 queries (recall=0.98).
Average Recall: 0.65538
Initial average recall with ef=100: 0.655122
Average Recall: 0.73721
Initial average recall with ef=150: 0.736791
Recall diff is too small for 1 consecutive steps, break.
Recall diff is too small for 1 consecutive steps, break.
Recall diff is too small for 1 consecutive steps, break.
Weighted average ef: 1551.1
Training convergence-bucket 6 [44.0951, 48.4996) with 1000 queries (recall=0.98).
Average Recall: 0.71741
Initial average recall with ef=100: 0.71695
Average Recall: 0.793339
Initial average recall with ef=150: 0.79308
Recall diff is too small for 1 consecutive steps, break.
Recall diff is too small for 1 consecutive steps, break.
Recall diff is too small for 1 consecutive steps, break.
Weighted average ef: 1128.77
Training convergence-bucket 7 [48.4996, 54.6604) with 1000 queries (recall=0.98).
Average Recall: 0.78999
Initial average recall with ef=100: 0.792092
Average Recall: 0.857179
Initial average recall with ef=150: 0.859541
Recall diff is too small for 1 consecutive steps, break.
Recall diff is too small for 1 consecutive steps, break.
Weighted average ef: 700.975
Training convergence-bucket 8 [54.6604, 64.1497) with 1000 queries (recall=0.98).
Average Recall: 0.865719
Initial average recall with ef=100: 0.86764
Average Recall: 0.917099
Initial average recall with ef=150: 0.918901
Recall diff is too small for 1 consecutive steps, break.
Recall diff is too small for 1 consecutive steps, break.
Recall diff is too small for 1 consecutive steps, break.
Weighted average ef: 457.117
Training convergence-bucket 9 [64.1497, inf) with 1000 queries (recall=0.98).
Average Recall: 0.944532
Initial average recall with ef=100: 0.946816
Average Recall: 0.968427
Initial average recall with ef=150: 0.970193
Recall diff is too small for 1 consecutive steps, break.
Weighted average ef: 232.629
****Weighted average ef: 1773
Search time: 10945 ms
Search time: 10868 ms
Search time: 10081 ms
Average Recall: 0.97681
5th percentile recall: 0.93
1st percentile recall: 0.89
Median search time: 10868 ms
Search times: 10081 ms, 10868 ms, 10945 ms, 
tiny5m-384-euclidean experiment results:
statisc_length, time, avg_recall, 5th_percentile_recall, 1st_percentile_recall, recall_above_99, recall_above_95, recall_above_90
1025, 10868, 0.97681, 0.93, 0.89, 511, 859, 980
Experiment finished


Sampling size: 5000


Ground truth computed in 606037 ms
Sampling computing time: 1188004 ms
Loading samplings from /home/yc.shea/experiments/shiro-ef/ablation_sampling_size/tiny5m-384-euclidean-samplings-5000-k100-ef.bin
Samplings loaded from /home/yc.shea/experiments/shiro-ef/ablation_sampling_size/tiny5m-384-euclidean-samplings-5000-k100-ef.bin
Average Recall: 0.643914
Initial average recall with ef=100: 0.643955
Average Recall: 0.714118
Initial average recall with ef=150: 0.714119
Recall diff is too small for 1 consecutive steps, break.
Weighted average ef: 1235.28
EF-estimation table computing time: 224357 ms
Per-bucket recall: conv_p20=32.779 hard_recall=0.95 easy_recall=0.98
Training convergence-bucket 0 [20.8208, 29.1421) with 500 queries (recall=0.95).
Average Recall: 0.37938
Initial average recall with ef=100: 0.375668
Average Recall: 0.46
Initial average recall with ef=150: 0.456437
Weighted average ef: 3061.42
Training convergence-bucket 1 [29.1421, 32.779) with 500 queries (recall=0.95).
Average Recall: 0.44686
Initial average recall with ef=100: 0.443841
Average Recall: 0.52716
Initial average recall with ef=150: 0.524492
Recall diff is too small for 1 consecutive steps, break.
Weighted average ef: 2248.65
Training convergence-bucket 2 [32.779, 35.4314) with 500 queries (recall=0.98).
Average Recall: 0.49676
Initial average recall with ef=100: 0.496124
Average Recall: 0.57964
Initial average recall with ef=150: 0.578936
Recall diff is too small for 1 consecutive steps, break.
Recall diff is too small for 1 consecutive steps, break.
Recall diff is too small for 1 consecutive steps, break.
Recall diff is too small for 1 consecutive steps, break.
Weighted average ef: 3318.07
Training convergence-bucket 3 [35.4314, 38.0624) with 500 queries (recall=0.98).
Average Recall: 0.5531
Initial average recall with ef=100: 0.552469
Average Recall: 0.63692
Initial average recall with ef=150: 0.636531
Recall diff is too small for 1 consecutive steps, break.
Weighted average ef: 2668.65
Training convergence-bucket 4 [38.0624, 40.6562) with 500 queries (recall=0.98).
Average Recall: 0.5844
Initial average recall with ef=100: 0.582895
Average Recall: 0.66886
Initial average recall with ef=150: 0.667531
Recall diff is too small for 1 consecutive steps, break.
Recall diff is too small for 1 consecutive steps, break.
Recall diff is too small for 1 consecutive steps, break.
Recall diff is too small for 1 consecutive steps, break.
Recall diff is too small for 1 consecutive steps, break.
Weighted average ef: 2320.17
Training convergence-bucket 5 [40.6562, 44.3486) with 500 queries (recall=0.98).
Average Recall: 0.6518
Initial average recall with ef=100: 0.649816
Average Recall: 0.7305
Initial average recall with ef=150: 0.729082
Recall diff is too small for 1 consecutive steps, break.
Recall diff is too small for 1 consecutive steps, break.
Recall diff is too small for 1 consecutive steps, break.
Recall diff is too small for 1 consecutive steps, break.
Recall diff is too small for 1 consecutive steps, break.
Recall diff is too small for 1 consecutive steps, break.
Recall diff is too small for 1 consecutive steps, break.
Recall diff is too small for 1 consecutive steps, break.
Recall diff is too small for 1 consecutive steps, break.
Weighted average ef: 1671.81
Training convergence-bucket 6 [44.3486, 48.8303) with 500 queries (recall=0.98).
Average Recall: 0.72372
Initial average recall with ef=100: 0.723107
Average Recall: 0.7973
Initial average recall with ef=150: 0.797099
Recall diff is too small for 1 consecutive steps, break.
Recall diff is too small for 1 consecutive steps, break.
Recall diff is too small for 1 consecutive steps, break.
Recall diff is too small for 1 consecutive steps, break.
Recall diff is too small for 1 consecutive steps, break.
Weighted average ef: 1136.07
Training convergence-bucket 7 [48.8303, 55.2764) with 500 queries (recall=0.98).
Average Recall: 0.79728
Initial average recall with ef=100: 0.797505
Average Recall: 0.8624
Initial average recall with ef=150: 0.862597
Recall diff is too small for 1 consecutive steps, break.
Recall diff is too small for 1 consecutive steps, break.
Recall diff is too small for 1 consecutive steps, break.
Recall diff is too small for 1 consecutive steps, break.
Weighted average ef: 671.772
Training convergence-bucket 8 [55.2764, 64.819) with 500 queries (recall=0.98).
Average Recall: 0.862961
Initial average recall with ef=100: 0.865021
Average Recall: 0.91206
Initial average recall with ef=150: 0.914331
Recall diff is too small for 1 consecutive steps, break.
Weighted average ef: 497.734
Training convergence-bucket 9 [64.819, inf) with 500 queries (recall=0.98).
Average Recall: 0.944096
Initial average recall with ef=100: 0.943909
Average Recall: 0.967389
Initial average recall with ef=150: 0.965553
Recall diff is too small for 1 consecutive steps, break.
Recall diff is too small for 1 consecutive steps, break.
Weighted average ef: 246.922
****Weighted average ef: 1784
Search time: 11085 ms
Search time: 11011 ms
Search time: 10264 ms
Average Recall: 0.97668
5th percentile recall: 0.93
1st percentile recall: 0.89
Median search time: 11011 ms
Search times: 10264 ms, 11011 ms, 11085 ms, 
tiny5m-384-euclidean experiment results:
statisc_length, time, avg_recall, 5th_percentile_recall, 1st_percentile_recall, recall_above_99, recall_above_95, recall_above_90
1025, 11011, 0.97668, 0.93, 0.89, 528, 859, 979
Experiment finished


Sampling size: 4000


Ground truth computed in 482484 ms
Sampling computing time: 946893 ms
Loading samplings from /home/yc.shea/experiments/shiro-ef/ablation_sampling_size/tiny5m-384-euclidean-samplings-4000-k100-ef.bin
Samplings loaded from /home/yc.shea/experiments/shiro-ef/ablation_sampling_size/tiny5m-384-euclidean-samplings-4000-k100-ef.bin
Average Recall: 0.647698
Initial average recall with ef=100: 0.647272
Average Recall: 0.71884
Initial average recall with ef=150: 0.718396
Recall diff is too small for 1 consecutive steps, break.
Recall diff is too small for 1 consecutive steps, break.
Recall diff is too small for 1 consecutive steps, break.
Recall diff is too small for 1 consecutive steps, break.
Recall diff is too small for 1 consecutive steps, break.
Recall diff is too small for 1 consecutive steps, break.
Weighted average ef: 995.914
EF-estimation table computing time: 122583 ms
Per-bucket recall: conv_p20=32.9534 hard_recall=0.95 easy_recall=0.98
Training convergence-bucket 0 [20.2778, 29.0744) with 400 queries (recall=0.95).
Average Recall: 0.3739
Initial average recall with ef=100: 0.37051
Average Recall: 0.451075
Initial average recall with ef=150: 0.447526
Weighted average ef: 3040.03
Training convergence-bucket 1 [29.0744, 32.9534) with 400 queries (recall=0.95).
Average Recall: 0.43765
Initial average recall with ef=100: 0.435406
Average Recall: 0.523175
Initial average recall with ef=150: 0.520482
Recall diff is too small for 1 consecutive steps, break.
Weighted average ef: 2273.84
Training convergence-bucket 2 [32.9534, 35.669) with 400 queries (recall=0.98).
Average Recall: 0.5013
Initial average recall with ef=100: 0.500732
Average Recall: 0.585325
Initial average recall with ef=150: 0.585076
Recall diff is too small for 1 consecutive steps, break.
Recall diff is too small for 1 consecutive steps, break.
Recall diff is too small for 1 consecutive steps, break.
Weighted average ef: 3202.94
Training convergence-bucket 3 [35.669, 38.3431) with 400 queries (recall=0.98).
Average Recall: 0.55005
Initial average recall with ef=100: 0.548491
Average Recall: 0.637125
Initial average recall with ef=150: 0.63578
Recall diff is too small for 1 consecutive steps, break.
Recall diff is too small for 1 consecutive steps, break.
Recall diff is too small for 1 consecutive steps, break.
Recall diff is too small for 1 consecutive steps, break.
Weighted average ef: 2546.62
Training convergence-bucket 4 [38.3431, 41.1794) with 400 queries (recall=0.98).
Average Recall: 0.6087
Initial average recall with ef=100: 0.608829
Average Recall: 0.693325
Initial average recall with ef=150: 0.694173
Recall diff is too small for 1 consecutive steps, break.
Recall diff is too small for 1 consecutive steps, break.
Recall diff is too small for 1 consecutive steps, break.
Weighted average ef: 1994.65
Training convergence-bucket 5 [41.1794, 44.4849) with 400 queries (recall=0.98).
Average Recall: 0.667425
Initial average recall with ef=100: 0.667781
Average Recall: 0.749075
Initial average recall with ef=150: 0.749713
Recall diff is too small for 1 consecutive steps, break.
Recall diff is too small for 1 consecutive steps, break.
Recall diff is too small for 1 consecutive steps, break.
Recall diff is too small for 1 consecutive steps, break.
Recall diff is too small for 1 consecutive steps, break.
Recall diff is too small for 1 consecutive steps, break.
Recall diff is too small for 1 consecutive steps, break.
Weighted average ef: 1362.27
Training convergence-bucket 6 [44.4849, 48.9284) with 400 queries (recall=0.98).
Average Recall: 0.7282
Initial average recall with ef=100: 0.727154
Average Recall: 0.8025
Initial average recall with ef=150: 0.801846
Recall diff is too small for 1 consecutive steps, break.
Recall diff is too small for 1 consecutive steps, break.
Recall diff is too small for 1 consecutive steps, break.
Weighted average ef: 1102.08
Training convergence-bucket 7 [48.9284, 55.0126) with 400 queries (recall=0.98).
Average Recall: 0.7932
Initial average recall with ef=100: 0.792832
Average Recall: 0.86005
Initial average recall with ef=150: 0.859464
Recall diff is too small for 1 consecutive steps, break.
Recall diff is too small for 1 consecutive steps, break.
Weighted average ef: 744.733
Training convergence-bucket 8 [55.0126, 65.1821) with 400 queries (recall=0.98).
Average Recall: 0.868672
Initial average recall with ef=100: 0.870773
Average Recall: 0.916266
Initial average recall with ef=150: 0.917809
Recall diff is too small for 1 consecutive steps, break.
Weighted average ef: 497.515
Training convergence-bucket 9 [65.1821, inf) with 400 queries (recall=0.98).
Average Recall: 0.949198
Initial average recall with ef=100: 0.953161
Average Recall: 0.971629
Initial average recall with ef=150: 0.974171
Recall diff is too small for 1 consecutive steps, break.
Recall diff is too small for 1 consecutive steps, break.
Weighted average ef: 194.2
****Weighted average ef: 1695
Search time: 10744 ms
Search time: 10222 ms
Search time: 10079 ms
Average Recall: 0.97582
5th percentile recall: 0.93
1st percentile recall: 0.88
Median search time: 10222 ms
Search times: 10079 ms, 10222 ms, 10744 ms, 
tiny5m-384-euclidean experiment results:
statisc_length, time, avg_recall, 5th_percentile_recall, 1st_percentile_recall, recall_above_99, recall_above_95, recall_above_90
1025, 10222, 0.97582, 0.93, 0.88, 493, 841, 980
Experiment finished


Sampling size: 3000


Ground truth computed in 358755 ms
Sampling computing time: 691822 ms
Loading samplings from /home/yc.shea/experiments/shiro-ef/ablation_sampling_size/tiny5m-384-euclidean-samplings-3000-k100-ef.bin
Samplings loaded from /home/yc.shea/experiments/shiro-ef/ablation_sampling_size/tiny5m-384-euclidean-samplings-3000-k100-ef.bin
Average Recall: 0.64064
Initial average recall with ef=100: 0.639903
Average Recall: 0.712267
Initial average recall with ef=150: 0.711505
Recall diff is too small for 1 consecutive steps, break.
Weighted average ef: 1244.63
EF-estimation table computing time: 137643 ms
Per-bucket recall: conv_p20=32.7229 hard_recall=0.95 easy_recall=0.98
Training convergence-bucket 0 [19.9269, 29.1617) with 300 queries (recall=0.95).
Average Recall: 0.368333
Initial average recall with ef=100: 0.365034
Average Recall: 0.449567
Initial average recall with ef=150: 0.446599
Recall diff is too small for 1 consecutive steps, break.
Recall diff is too small for 1 consecutive steps, break.
Weighted average ef: 3119.55
Training convergence-bucket 1 [29.1617, 32.7229) with 300 queries (recall=0.95).
Average Recall: 0.445967
Initial average recall with ef=100: 0.444403
Average Recall: 0.527967
Initial average recall with ef=150: 0.525904
Recall diff is too small for 1 consecutive steps, break.
Weighted average ef: 2289.54
Training convergence-bucket 2 [32.7229, 35.5877) with 300 queries (recall=0.98).
Average Recall: 0.4995
Initial average recall with ef=100: 0.49848
Average Recall: 0.5833
Initial average recall with ef=150: 0.582128
Recall diff is too small for 1 consecutive steps, break.
Recall diff is too small for 1 consecutive steps, break.
Recall diff is too small for 1 consecutive steps, break.
Recall diff is too small for 1 consecutive steps, break.
Weighted average ef: 3345.51
Training convergence-bucket 3 [35.5877, 38.2446) with 300 queries (recall=0.98).
Average Recall: 0.5344
Initial average recall with ef=100: 0.531439
Average Recall: 0.6181
Initial average recall with ef=150: 0.615719
Recall diff is too small for 1 consecutive steps, break.
Recall diff is too small for 1 consecutive steps, break.
Weighted average ef: 2773.15
Training convergence-bucket 4 [38.2446, 40.8709) with 300 queries (recall=0.98).
Average Recall: 0.5937
Initial average recall with ef=100: 0.591045
Average Recall: 0.6801
Initial average recall with ef=150: 0.677282
Recall diff is too small for 1 consecutive steps, break.
Recall diff is too small for 1 consecutive steps, break.
Weighted average ef: 2112.64
Training convergence-bucket 5 [40.8709, 44.4111) with 300 queries (recall=0.98).
Average Recall: 0.644033
Initial average recall with ef=100: 0.639897
Average Recall: 0.722767
Initial average recall with ef=150: 0.719034
Recall diff is too small for 1 consecutive steps, break.
Recall diff is too small for 1 consecutive steps, break.
Recall diff is too small for 1 consecutive steps, break.
Recall diff is too small for 1 consecutive steps, break.
Recall diff is too small for 1 consecutive steps, break.
Recall diff is too small for 1 consecutive steps, break.
Recall diff is too small for 1 consecutive steps, break.
Weighted average ef: 1710.65
Training convergence-bucket 6 [44.4111, 48.5404) with 300 queries (recall=0.98).
Average Recall: 0.733933
Initial average recall with ef=100: 0.736224
Average Recall: 0.811133
Initial average recall with ef=150: 0.813601
Recall diff is too small for 1 consecutive steps, break.
Weighted average ef: 943.817
Training convergence-bucket 7 [48.5404, 54.8204) with 300 queries (recall=0.98).
Average Recall: 0.788333
Initial average recall with ef=100: 0.794565
Average Recall: 0.8563
Initial average recall with ef=150: 0.862065
Recall diff is too small for 1 consecutive steps, break.
Recall diff is too small for 1 consecutive steps, break.
Weighted average ef: 721.5
Training convergence-bucket 8 [54.8204, 64.7424) with 300 queries (recall=0.98).
Average Recall: 0.8599
Initial average recall with ef=100: 0.858755
Average Recall: 0.911204
Initial average recall with ef=150: 0.910676
Recall diff is too small for 1 consecutive steps, break.
Recall diff is too small for 1 consecutive steps, break.
Recall diff is too small for 1 consecutive steps, break.
Weighted average ef: 502.707
Training convergence-bucket 9 [64.7424, inf) with 300 queries (recall=0.98).
Average Recall: 0.94104
Initial average recall with ef=100: 0.942989
Average Recall: 0.964598
Initial average recall with ef=150: 0.963298
Recall diff is too small for 1 consecutive steps, break.
Weighted average ef: 219.8
****Weighted average ef: 1773
Search time: 11160 ms
Search time: 10593 ms
Search time: 10559 ms
Average Recall: 0.97662
5th percentile recall: 0.93
1st percentile recall: 0.88
Median search time: 10593 ms
Search times: 10559 ms, 10593 ms, 11160 ms, 
tiny5m-384-euclidean experiment results:
statisc_length, time, avg_recall, 5th_percentile_recall, 1st_percentile_recall, recall_above_99, recall_above_95, recall_above_90
1025, 10593, 0.97662, 0.93, 0.88, 519, 856, 976
Experiment finished


Sampling size: 1000


Ground truth computed in 121297 ms
Sampling computing time: 236090 ms
Loading samplings from /home/yc.shea/experiments/shiro-ef/ablation_sampling_size/tiny5m-384-euclidean-samplings-1000-k100-ef.bin
Samplings loaded from /home/yc.shea/experiments/shiro-ef/ablation_sampling_size/tiny5m-384-euclidean-samplings-1000-k100-ef.bin
Average Recall: 0.641123
Initial average recall with ef=100: 0.639288
Average Recall: 0.711866
Initial average recall with ef=150: 0.709137
Recall diff is too small for 1 consecutive steps, break.
Recall diff is too small for 1 consecutive steps, break.
Recall diff is too small for 1 consecutive steps, break.
Recall diff is too small for 1 consecutive steps, break.
Weighted average ef: 1135.74
EF-estimation table computing time: 33734 ms
Per-bucket recall: conv_p20=32.6105 hard_recall=0.95 easy_recall=0.98
Training convergence-bucket 0 [21.0238, 29.1421) with 100 queries (recall=0.95).
Average Recall: 0.3751
Initial average recall with ef=100: 0.371954
Average Recall: 0.453
Initial average recall with ef=150: 0.450575
Weighted average ef: 2557.79
Training convergence-bucket 1 [29.1421, 32.6105) with 100 queries (recall=0.95).
Average Recall: 0.4185
Initial average recall with ef=100: 0.417176
Average Recall: 0.5035
Initial average recall with ef=150: 0.503765
Recall diff is too small for 1 consecutive steps, break.
Weighted average ef: 2059.59
Training convergence-bucket 2 [32.6105, 35.9007) with 100 queries (recall=0.98).
Average Recall: 0.5061
Initial average recall with ef=100: 0.503409
Average Recall: 0.5816
Initial average recall with ef=150: 0.577159
Recall diff is too small for 1 consecutive steps, break.
Recall diff is too small for 1 consecutive steps, break.
Weighted average ef: 3086.9
Training convergence-bucket 3 [35.9007, 38.4856) with 100 queries (recall=0.98).
Average Recall: 0.5485
Initial average recall with ef=100: 0.540814
Average Recall: 0.6373
Initial average recall with ef=150: 0.630581
Recall diff is too small for 1 consecutive steps, break.
Recall diff is too small for 1 consecutive steps, break.
Recall diff is too small for 1 consecutive steps, break.
Recall diff is too small for 1 consecutive steps, break.
Weighted average ef: 2098.53
Training convergence-bucket 4 [38.4856, 41.566) with 100 queries (recall=0.98).
Average Recall: 0.5975
Initial average recall with ef=100: 0.589231
Average Recall: 0.6844
Initial average recall with ef=150: 0.681154
Recall diff is too small for 1 consecutive steps, break.
Recall diff is too small for 1 consecutive steps, break.
Recall diff is too small for 1 consecutive steps, break.
Recall diff is too small for 1 consecutive steps, break.
Recall diff is too small for 1 consecutive steps, break.
Recall diff is too small for 1 consecutive steps, break.
Weighted average ef: 1457.73
Training convergence-bucket 5 [41.566, 44.7408) with 100 queries (recall=0.98).
Average Recall: 0.6341
Initial average recall with ef=100: 0.635952
Average Recall: 0.7178
Initial average recall with ef=150: 0.719762
Recall diff is too small for 1 consecutive steps, break.
Recall diff is too small for 1 consecutive steps, break.
Recall diff is too small for 1 consecutive steps, break.
Recall diff is too small for 1 consecutive steps, break.
Weighted average ef: 1574.3
Training convergence-bucket 6 [44.7408, 48.6277) with 100 queries (recall=0.98).
Average Recall: 0.7426
Initial average recall with ef=100: 0.753721
Average Recall: 0.8164
Initial average recall with ef=150: 0.825465
Recall diff is too small for 1 consecutive steps, break.
Recall diff is too small for 1 consecutive steps, break.
Recall diff is too small for 1 consecutive steps, break.
Recall diff is too small for 1 consecutive steps, break.
Recall diff is too small for 1 consecutive steps, break.
Weighted average ef: 787.07
Training convergence-bucket 7 [48.6277, 55.8236) with 100 queries (recall=0.98).
Average Recall: 0.7777
Initial average recall with ef=100: 0.789012
Average Recall: 0.8462
Initial average recall with ef=150: 0.856049
Recall diff is too small for 1 consecutive steps, break.
Weighted average ef: 569.51
Training convergence-bucket 8 [55.8236, 65.643) with 100 queries (recall=0.98).
Average Recall: 0.878384
Initial average recall with ef=100: 0.879855
Average Recall: 0.922222
Initial average recall with ef=150: 0.925507
Recall diff is too small for 1 consecutive steps, break.
Recall diff is too small for 1 consecutive steps, break.
Recall diff is too small for 1 consecutive steps, break.
Weighted average ef: 280.88
Training convergence-bucket 9 [65.643, inf) with 100 queries (recall=0.98).
Average Recall: 0.941123
Initial average recall with ef=100: 0.928026
Average Recall: 0.963367
Initial average recall with ef=150: 0.946579
Recall diff is too small for 1 consecutive steps, break.
Weighted average ef: 262.08
****Weighted average ef: 1473
Search time: 10214 ms
Search time: 10163 ms
Search time: 10549 ms
Average Recall: 0.9783
5th percentile recall: 0.93
1st percentile recall: 0.89
Median search time: 10214 ms
Search times: 10163 ms, 10214 ms, 10549 ms, 
tiny5m-384-euclidean experiment results:
statisc_length, time, avg_recall, 5th_percentile_recall, 1st_percentile_recall, recall_above_99, recall_above_95, recall_above_90
1025, 10214, 0.9783, 0.93, 0.89, 547, 874, 979
Experiment finished
Dataset: msmarco
Metric: cd
Truncation ratio: 1
Normalize the data vectors
Data vectors dimensions: 8841823 x 1536
Query vectors dimensions: 6980 x 1536
Neighbors dimensions: 6980 x 1000
Using AVX Inner Product distance
Index loaded
Dimension of space:1536
Data size of space:6144


Sampling size: 10000


Ground truth computed in 7292568 ms
Sampling computing time: 8659061 ms
Loading samplings from /home/yc.shea/experiments/shiro-ef/ablation_sampling_size/msmarco-samplings-10000-k1000-ef.bin
Samplings loaded from /home/yc.shea/experiments/shiro-ef/ablation_sampling_size/msmarco-samplings-10000-k1000-ef.bin
Average Recall: 0.953969
Initial average recall with ef=1000: 0.953971
Average Recall: 0.973514
Initial average recall with ef=1500: 0.973508
Weighted average ef: 1378.81
EF-estimation table computing time: 619769 ms
Per-bucket recall: conv_p20=54.8769 hard_recall=0.95 easy_recall=0.98
Training convergence-bucket 0 [13.7411, 49.7546) with 1000 queries (recall=0.95).
Average Recall: 0.866428
Initial average recall with ef=1000: 0.86398
Average Recall: 0.913424
Initial average recall with ef=1500: 0.911743
Weighted average ef: 2551.29
Training convergence-bucket 1 [49.7546, 54.8769) with 1000 queries (recall=0.95).
Average Recall: 0.898878
Initial average recall with ef=1000: 0.89709
Average Recall: 0.938478
Initial average recall with ef=1500: 0.937311
Weighted average ef: 1975.86
Training convergence-bucket 2 [54.8769, 60.1739) with 1000 queries (recall=0.98).
Average Recall: 0.913315
Initial average recall with ef=1000: 0.912576
Average Recall: 0.948304
Initial average recall with ef=1500: 0.947885
Weighted average ef: 3080.35
Training convergence-bucket 3 [60.1739, 69.2243) with 1000 queries (recall=0.98).
Average Recall: 0.957628
Initial average recall with ef=1000: 0.95743
Average Recall: 0.977655
Initial average recall with ef=1500: 0.977556
Weighted average ef: 1825.06
Training convergence-bucket 4 [69.2243, 73.7206) with 1000 queries (recall=0.98).
Average Recall: 0.971203
Initial average recall with ef=1000: 0.971265
Average Recall: 0.98582
Initial average recall with ef=1500: 0.985887
Weighted average ef: 1436.31
Training convergence-bucket 5 [73.7206, 76.7312) with 1000 queries (recall=0.98).
Average Recall: 0.979019
Initial average recall with ef=1000: 0.979175
Average Recall: 0.9903
Initial average recall with ef=1500: 0.990397
Weighted average ef: 1228.48
Training convergence-bucket 6 [76.7312, 78.9101) with 1000 queries (recall=0.98).
Average Recall: 0.982751
Initial average recall with ef=1000: 0.983111
Average Recall: 0.992417
Initial average recall with ef=1500: 0.992644
Weighted average ef: 1167.23
Training convergence-bucket 7 [78.9101, 80.9021) with 1000 queries (recall=0.98).
Average Recall: 0.987231
Initial average recall with ef=1000: 0.987614
Average Recall: 0.994815
Initial average recall with ef=1500: 0.995041
Weighted average ef: 1102.5
Training convergence-bucket 8 [80.9021, 82.8568) with 1000 queries (recall=0.98).
Average Recall: 0.989798
Initial average recall with ef=1000: 0.989824
Average Recall: 0.996064
Initial average recall with ef=1500: 0.996066
Weighted average ef: 1035.22
Training convergence-bucket 9 [82.8568, inf) with 1000 queries (recall=0.98).
Average Recall: 0.99323
Initial average recall with ef=1000: 0.993487
Average Recall: 0.997647
Initial average recall with ef=1500: 0.997811
Weighted average ef: 1019
****Weighted average ef: 1642
Search time: 224783 ms
Search time: 223655 ms
Search time: 223936 ms
Average Recall: 0.976701
5th percentile recall: 0.91
1st percentile recall: 0.851
Median search time: 223936 ms
Search times: 223655 ms, 223936 ms, 224783 ms, 
msmarco experiment results:
statisc_length, time, avg_recall, 5th_percentile_recall, 1st_percentile_recall, recall_above_99, recall_above_95, recall_above_90
1025, 223936, 0.976701, 0.91, 0.851, 3353, 6000, 6723
Experiment finished


Sampling size: 5000


Ground truth computed in 3758121 ms
Sampling computing time: 4784493 ms
Loading samplings from /home/yc.shea/experiments/shiro-ef/ablation_sampling_size/msmarco-samplings-5000-k1000-ef.bin
Samplings loaded from /home/yc.shea/experiments/shiro-ef/ablation_sampling_size/msmarco-samplings-5000-k1000-ef.bin
Average Recall: 0.953498
Initial average recall with ef=1000: 0.953437
Average Recall: 0.973312
Initial average recall with ef=1500: 0.973269
Weighted average ef: 1385.05
EF-estimation table computing time: 303422 ms
Per-bucket recall: conv_p20=54.7629 hard_recall=0.95 easy_recall=0.98
Training convergence-bucket 0 [13.7411, 49.512) with 500 queries (recall=0.95).
Average Recall: 0.867416
Initial average recall with ef=1000: 0.863436
Average Recall: 0.91444
Initial average recall with ef=1500: 0.911807
Weighted average ef: 2476.81
Training convergence-bucket 1 [49.512, 54.7629) with 500 queries (recall=0.95).
Average Recall: 0.896018
Initial average recall with ef=1000: 0.893418
Average Recall: 0.936558
Initial average recall with ef=1500: 0.934829
Weighted average ef: 1990
Training convergence-bucket 2 [54.7629, 60.2355) with 500 queries (recall=0.98).
Average Recall: 0.911536
Initial average recall with ef=1000: 0.910464
Average Recall: 0.947173
Initial average recall with ef=1500: 0.946468
Weighted average ef: 3205.47
Training convergence-bucket 3 [60.2355, 69.2973) with 500 queries (recall=0.98).
Average Recall: 0.958732
Initial average recall with ef=1000: 0.957979
Average Recall: 0.978597
Initial average recall with ef=1500: 0.978195
Weighted average ef: 1772.11
Training convergence-bucket 4 [69.2973, 73.5601) with 500 queries (recall=0.98).
Average Recall: 0.971348
Initial average recall with ef=1000: 0.970906
Average Recall: 0.986121
Initial average recall with ef=1500: 0.985942
Weighted average ef: 1403.7
Training convergence-bucket 5 [73.5601, 76.6131) with 500 queries (recall=0.98).
Average Recall: 0.977877
Initial average recall with ef=1000: 0.977826
Average Recall: 0.989833
Initial average recall with ef=1500: 0.989813
Weighted average ef: 1264.09
Training convergence-bucket 6 [76.6131, 78.7894) with 500 queries (recall=0.98).
Average Recall: 0.982247
Initial average recall with ef=1000: 0.982651
Average Recall: 0.992143
Initial average recall with ef=1500: 0.99238
Weighted average ef: 1171
Training convergence-bucket 7 [78.7894, 80.8787) with 500 queries (recall=0.98).
Average Recall: 0.987453
Initial average recall with ef=1000: 0.988212
Average Recall: 0.994852
Initial average recall with ef=1500: 0.995334
Weighted average ef: 1091.36
Training convergence-bucket 8 [80.8787, 82.7556) with 500 queries (recall=0.98).
Average Recall: 0.989625
Initial average recall with ef=1000: 0.990153
Average Recall: 0.995861
Initial average recall with ef=1500: 0.996151
Weighted average ef: 1048
Training convergence-bucket 9 [82.7556, inf) with 500 queries (recall=0.98).
Average Recall: 0.992648
Initial average recall with ef=1000: 0.993012
Average Recall: 0.997432
Initial average recall with ef=1500: 0.9976
Weighted average ef: 1017
****Weighted average ef: 1643
Search time: 229329 ms
Search time: 228740 ms
Search time: 228517 ms
Average Recall: 0.97741
5th percentile recall: 0.914
1st percentile recall: 0.854
Median search time: 228740 ms
Search times: 228517 ms, 228740 ms, 229329 ms, 
msmarco experiment results:
statisc_length, time, avg_recall, 5th_percentile_recall, 1st_percentile_recall, recall_above_99, recall_above_95, recall_above_90
1025, 228740, 0.97741, 0.914, 0.854, 3476, 6029, 6734
Experiment finished


Sampling size: 4000


Ground truth computed in 2946316 ms
Sampling computing time: 3760958 ms
Loading samplings from /home/yc.shea/experiments/shiro-ef/ablation_sampling_size/msmarco-samplings-4000-k1000-ef.bin
Samplings loaded from /home/yc.shea/experiments/shiro-ef/ablation_sampling_size/msmarco-samplings-4000-k1000-ef.bin
Average Recall: 0.954404
Initial average recall with ef=1000: 0.954361
Average Recall: 0.973804
Initial average recall with ef=1500: 0.973772
Weighted average ef: 1360.76
EF-estimation table computing time: 241257 ms
Per-bucket recall: conv_p20=54.8034 hard_recall=0.95 easy_recall=0.98
Training convergence-bucket 0 [13.7411, 49.5293) with 400 queries (recall=0.95).
Average Recall: 0.866553
Initial average recall with ef=1000: 0.863815
Average Recall: 0.913742
Initial average recall with ef=1500: 0.911935
Weighted average ef: 2503.84
Training convergence-bucket 1 [49.5293, 54.8034) with 400 queries (recall=0.95).
Average Recall: 0.89978
Initial average recall with ef=1000: 0.896674
Average Recall: 0.939535
Initial average recall with ef=1500: 0.937525
Weighted average ef: 1945
Training convergence-bucket 2 [54.8034, 60.5192) with 400 queries (recall=0.98).
Average Recall: 0.91158
Initial average recall with ef=1000: 0.908764
Average Recall: 0.947032
Initial average recall with ef=1500: 0.945239
Weighted average ef: 3012.3
Training convergence-bucket 3 [60.5192, 69.3943) with 400 queries (recall=0.98).
Average Recall: 0.961252
Initial average recall with ef=1000: 0.96054
Average Recall: 0.980302
Initial average recall with ef=1500: 0.980005
Weighted average ef: 1612.97
Training convergence-bucket 4 [69.3943, 73.5778) with 400 queries (recall=0.98).
Average Recall: 0.970972
Initial average recall with ef=1000: 0.971369
Average Recall: 0.985537
Initial average recall with ef=1500: 0.985914
Weighted average ef: 1426.25
Training convergence-bucket 5 [73.5778, 76.6784) with 400 queries (recall=0.98).
Average Recall: 0.978862
Initial average recall with ef=1000: 0.979324
Average Recall: 0.990071
Initial average recall with ef=1500: 0.990358
Weighted average ef: 1233.75
Training convergence-bucket 6 [76.6784, 78.9222) with 400 queries (recall=0.98).
Average Recall: 0.984597
Initial average recall with ef=1000: 0.985411
Average Recall: 0.993424
Initial average recall with ef=1500: 0.993929
Weighted average ef: 1128.75
Training convergence-bucket 7 [78.9222, 80.83) with 400 queries (recall=0.98).
Average Recall: 0.987129
Initial average recall with ef=1000: 0.987822
Average Recall: 0.994676
Initial average recall with ef=1500: 0.995018
Weighted average ef: 1055.99
Training convergence-bucket 8 [80.83, 82.8812) with 400 queries (recall=0.98).
Average Recall: 0.990616
Initial average recall with ef=1000: 0.991445
Average Recall: 0.996366
Initial average recall with ef=1500: 0.996847
Weighted average ef: 1022.5
Training convergence-bucket 9 [82.8812, inf) with 400 queries (recall=0.98).
Average Recall: 0.992651
Initial average recall with ef=1000: 0.992997
Average Recall: 0.997266
Initial average recall with ef=1500: 0.997466
Weighted average ef: 1003.39
****Weighted average ef: 1594
Search time: 211865 ms
Search time: 208826 ms
Search time: 211151 ms
Average Recall: 0.975355
5th percentile recall: 0.905
1st percentile recall: 0.846
Median search time: 211151 ms
Search times: 208826 ms, 211151 ms, 211865 ms, 
msmarco experiment results:
statisc_length, time, avg_recall, 5th_percentile_recall, 1st_percentile_recall, recall_above_99, recall_above_95, recall_above_90
1025, 211151, 0.975355, 0.905, 0.846, 3256, 5913, 6666
Experiment finished


Sampling size: 3000


Ground truth computed in 2174281 ms
Sampling computing time: 2767832 ms
Loading samplings from /home/yc.shea/experiments/shiro-ef/ablation_sampling_size/msmarco-samplings-3000-k1000-ef.bin
Samplings loaded from /home/yc.shea/experiments/shiro-ef/ablation_sampling_size/msmarco-samplings-3000-k1000-ef.bin
Average Recall: 0.953913
Initial average recall with ef=1000: 0.954011
Average Recall: 0.973458
Initial average recall with ef=1500: 0.973531
Weighted average ef: 1377.23
EF-estimation table computing time: 179035 ms
Per-bucket recall: conv_p20=54.7226 hard_recall=0.95 easy_recall=0.98
Training convergence-bucket 0 [13.7411, 49.5293) with 300 queries (recall=0.95).
Average Recall: 0.86397
Initial average recall with ef=1000: 0.860909
Average Recall: 0.911523
Initial average recall with ef=1500: 0.909495
Weighted average ef: 2557.87
Training convergence-bucket 1 [49.5293, 54.7226) with 300 queries (recall=0.95).
Average Recall: 0.897813
Initial average recall with ef=1000: 0.894583
Average Recall: 0.93784
Initial average recall with ef=1500: 0.935738
Weighted average ef: 1954.44
Training convergence-bucket 2 [54.7226, 59.6962) with 300 queries (recall=0.98).
Average Recall: 0.915037
Initial average recall with ef=1000: 0.911511
Average Recall: 0.94923
Initial average recall with ef=1500: 0.946904
Weighted average ef: 2890.88
Training convergence-bucket 3 [59.6962, 69.4004) with 300 queries (recall=0.98).
Average Recall: 0.955096
Initial average recall with ef=1000: 0.953223
Average Recall: 0.976103
Initial average recall with ef=1500: 0.974907
Weighted average ef: 1860.85
Training convergence-bucket 4 [69.4004, 73.6055) with 300 queries (recall=0.98).
Average Recall: 0.973646
Initial average recall with ef=1000: 0.975038
Average Recall: 0.987336
Initial average recall with ef=1500: 0.988369
Weighted average ef: 1236.67
Training convergence-bucket 5 [73.6055, 76.8759) with 300 queries (recall=0.98).
Average Recall: 0.97901
Initial average recall with ef=1000: 0.978671
Average Recall: 0.990579
Initial average recall with ef=1500: 0.990466
Weighted average ef: 1231.67
Training convergence-bucket 6 [76.8759, 79.0543) with 300 queries (recall=0.98).
Average Recall: 0.982966
Initial average recall with ef=1000: 0.983896
Average Recall: 0.992459
Initial average recall with ef=1500: 0.99295
Weighted average ef: 1075
Training convergence-bucket 7 [79.0543, 80.953) with 300 queries (recall=0.98).
Average Recall: 0.987543
Initial average recall with ef=1000: 0.989697
Average Recall: 0.994896
Initial average recall with ef=1500: 0.996153
Weighted average ef: 971.667
Training convergence-bucket 8 [80.953, 82.819) with 300 queries (recall=0.98).
Average Recall: 0.991033
Initial average recall with ef=1000: 0.991553
Average Recall: 0.996786
Initial average recall with ef=1500: 0.997032
Weighted average ef: 980
Training convergence-bucket 9 [82.819, inf) with 300 queries (recall=0.98).
Average Recall: 0.992972
Initial average recall with ef=1000: 0.993832
Average Recall: 0.997756
Initial average recall with ef=1500: 0.998065
Weighted average ef: 941.667
****Weighted average ef: 1570
Search time: 226007 ms
Search time: 224719 ms
Search time: 224936 ms
Average Recall: 0.976829
5th percentile recall: 0.911
1st percentile recall: 0.853
Median search time: 224936 ms
Search times: 224719 ms, 224936 ms, 226007 ms, 
msmarco experiment results:
statisc_length, time, avg_recall, 5th_percentile_recall, 1st_percentile_recall, recall_above_99, recall_above_95, recall_above_90
1025, 224936, 0.976829, 0.911, 0.853, 3351, 5997, 6732
Experiment finished


Sampling size: 1000


Ground truth computed in 714380 ms
Sampling computing time: 914697 ms
Loading samplings from /home/yc.shea/experiments/shiro-ef/ablation_sampling_size/msmarco-samplings-1000-k1000-ef.bin
Samplings loaded from /home/yc.shea/experiments/shiro-ef/ablation_sampling_size/msmarco-samplings-1000-k1000-ef.bin
Average Recall: 0.956265
Initial average recall with ef=1000: 0.956601
Average Recall: 0.975004
Initial average recall with ef=1500: 0.975285
Weighted average ef: 1350.96
EF-estimation table computing time: 56878 ms
Per-bucket recall: conv_p20=55.1559 hard_recall=0.95 easy_recall=0.98
Training convergence-bucket 0 [25.9966, 50.0281) with 100 queries (recall=0.95).
Average Recall: 0.86649
Initial average recall with ef=1000: 0.863761
Average Recall: 0.91388
Initial average recall with ef=1500: 0.912609
Weighted average ef: 2435.86
Training convergence-bucket 1 [50.0281, 55.1559) with 100 queries (recall=0.95).
Average Recall: 0.89755
Initial average recall with ef=1000: 0.89789
Average Recall: 0.93901
Initial average recall with ef=1500: 0.939462
Weighted average ef: 1872.04
Training convergence-bucket 2 [55.1559, 63.1179) with 100 queries (recall=0.98).
Average Recall: 0.91608
Initial average recall with ef=1000: 0.91184
Average Recall: 0.94981
Initial average recall with ef=1500: 0.946691
Weighted average ef: 2581.08
Training convergence-bucket 3 [63.1179, 71.9578) with 100 queries (recall=0.98).
Average Recall: 0.96273
Initial average recall with ef=1000: 0.960449
Average Recall: 0.98092
Initial average recall with ef=1500: 0.979
Weighted average ef: 1216.72
Training convergence-bucket 4 [71.9578, 74.8943) with 100 queries (recall=0.98).
Average Recall: 0.97904
Initial average recall with ef=1000: 0.979333
Average Recall: 0.99076
Initial average recall with ef=1500: 0.991267
Weighted average ef: 920
Training convergence-bucket 5 [74.8943, 76.8228) with 100 queries (recall=0.98).
Average Recall: 0.98034
Initial average recall with ef=1000: 0.982079
Average Recall: 0.99156
Initial average recall with ef=1500: 0.992476
Weighted average ef: 770
Training convergence-bucket 6 [76.8228, 78.8758) with 100 queries (recall=0.98).
Average Recall: 0.98639
Initial average recall with ef=1000: 0.988031
Average Recall: 0.99416
Initial average recall with ef=1500: 0.994891
Weighted average ef: 712.5
Training convergence-bucket 7 [78.8758, 80.9538) with 100 queries (recall=0.98).
Average Recall: 0.99128
Initial average recall with ef=1000: 0.990452
Average Recall: 0.99713
Initial average recall with ef=1500: 0.996794
Weighted average ef: 760.28
Training convergence-bucket 8 [80.9538, 82.9347) with 100 queries (recall=0.98).
Average Recall: 0.99028
Initial average recall with ef=1000: 0.994029
Average Recall: 0.99615
Initial average recall with ef=1500: 0.997943
Weighted average ef: 733.32
Training convergence-bucket 9 [82.9347, inf) with 100 queries (recall=0.98).
Average Recall: 0.99247
Initial average recall with ef=1000: 0.995318
Average Recall: 0.99666
Initial average recall with ef=1500: 0.998152
Weighted average ef: 680
****Weighted average ef: 1268
Search time: 213089 ms
Search time: 212349 ms
Search time: 212123 ms
Average Recall: 0.974045
5th percentile recall: 0.903
1st percentile recall: 0.837
Median search time: 212349 ms
Search times: 212123 ms, 212349 ms, 213089 ms, 
msmarco experiment results:
statisc_length, time, avg_recall, 5th_percentile_recall, 1st_percentile_recall, recall_above_99, recall_above_95, recall_above_90
1025, 212349, 0.974045, 0.903, 0.837, 3123, 5841, 6655
Experiment finished
Dataset: cohere
Metric: cd
Truncation ratio: 1
Normalize the data vectors
Data vectors dimensions: 18380565 x 1024
Query vectors dimensions: 1677 x 1024
Neighbors dimensions: 1677 x 1000
Using AVX Inner Product distance
Index loaded
Dimension of space:1024
Data size of space:4096


Sampling size: 10000


Ground truth computed in 11533408 ms
Sampling computing time: 12717390 ms
Loading samplings from /home/yc.shea/experiments/shiro-ef/ablation_sampling_size/cohere-samplings-10000-k1000-ef.bin
Samplings loaded from /home/yc.shea/experiments/shiro-ef/ablation_sampling_size/cohere-samplings-10000-k1000-ef.bin
Average Recall: 0.949448
Initial average recall with ef=1000: 0.94944
Average Recall: 0.970962
Initial average recall with ef=1500: 0.970949
Weighted average ef: 1378.2
EF-estimation table computing time: 554434 ms
Per-bucket recall: conv_p20=53.5337 hard_recall=0.95 easy_recall=0.98
Training convergence-bucket 0 [5.33867, 46.8974) with 1000 queries (recall=0.95).
Average Recall: 0.890365
Initial average recall with ef=1000: 0.886019
Average Recall: 0.928471
Initial average recall with ef=1500: 0.925414
Weighted average ef: 2287.92
Training convergence-bucket 1 [46.8974, 53.5337) with 1000 queries (recall=0.95).
Average Recall: 0.888104
Initial average recall with ef=1000: 0.886164
Average Recall: 0.929491
Initial average recall with ef=1500: 0.928151
Weighted average ef: 2305.17
Training convergence-bucket 2 [53.5337, 61.9706) with 1000 queries (recall=0.98).
Average Recall: 0.930944
Initial average recall with ef=1000: 0.930495
Average Recall: 0.959356
Initial average recall with ef=1500: 0.959178
Weighted average ef: 2570.86
Training convergence-bucket 3 [61.9706, 66.5847) with 1000 queries (recall=0.98).
Average Recall: 0.955845
Initial average recall with ef=1000: 0.955863
Average Recall: 0.97661
Initial average recall with ef=1500: 0.97661
Weighted average ef: 1860.27
Training convergence-bucket 4 [66.5847, 69.7293) with 1000 queries (recall=0.98).
Average Recall: 0.963257
Initial average recall with ef=1000: 0.963782
Average Recall: 0.981326
Initial average recall with ef=1500: 0.981726
Weighted average ef: 1664.29
Training convergence-bucket 5 [69.7293, 72.2059) with 1000 queries (recall=0.98).
Average Recall: 0.966672
Initial average recall with ef=1000: 0.967122
Average Recall: 0.983134
Initial average recall with ef=1500: 0.983402
Weighted average ef: 1579.1
Training convergence-bucket 6 [72.2059, 74.485) with 1000 queries (recall=0.98).
Average Recall: 0.967409
Initial average recall with ef=1000: 0.967624
Average Recall: 0.983259
Initial average recall with ef=1500: 0.983439
Weighted average ef: 1617.32
Training convergence-bucket 7 [74.485, 76.7765) with 1000 queries (recall=0.98).
Average Recall: 0.973566
Initial average recall with ef=1000: 0.974063
Average Recall: 0.98737
Initial average recall with ef=1500: 0.987715
Weighted average ef: 1375.73
Training convergence-bucket 8 [76.7765, 79.4865) with 1000 queries (recall=0.98).
Average Recall: 0.976799
Initial average recall with ef=1000: 0.9769
Average Recall: 0.989132
Initial average recall with ef=1500: 0.989185
Weighted average ef: 1347.76
Training convergence-bucket 9 [79.4865, inf) with 1000 queries (recall=0.98).
Average Recall: 0.981344
Initial average recall with ef=1000: 0.982207
Average Recall: 0.991194
Initial average recall with ef=1500: 0.991791
Weighted average ef: 1144.5
****Weighted average ef: 1775
Search time: 58488 ms
Search time: 57491 ms
Search time: 58328 ms
Average Recall: 0.969505
5th percentile recall: 0.876
1st percentile recall: 0.703
Median search time: 58328 ms
Search times: 57491 ms, 58328 ms, 58488 ms, 
cohere experiment results:
statisc_length, time, avg_recall, 5th_percentile_recall, 1st_percentile_recall, recall_above_99, recall_above_95, recall_above_90
1025, 58328, 0.969505, 0.876, 0.703, 749, 1410, 1562
Experiment finished


Sampling size: 5000


Ground truth computed in 5931872 ms
Sampling computing time: 6904712 ms
Loading samplings from /home/yc.shea/experiments/shiro-ef/ablation_sampling_size/cohere-samplings-5000-k1000-ef.bin
Samplings loaded from /home/yc.shea/experiments/shiro-ef/ablation_sampling_size/cohere-samplings-5000-k1000-ef.bin
Average Recall: 0.949478
Initial average recall with ef=1000: 0.949317
Average Recall: 0.970847
Initial average recall with ef=1500: 0.970936
Weighted average ef: 1331.34
EF-estimation table computing time: 281187 ms
Per-bucket recall: conv_p20=53.3284 hard_recall=0.95 easy_recall=0.98
Training convergence-bucket 0 [10.8442, 46.9159) with 500 queries (recall=0.95).
Average Recall: 0.883916
Initial average recall with ef=1000: 0.878502
Average Recall: 0.923866
Initial average recall with ef=1500: 0.919733
Weighted average ef: 2386.51
Training convergence-bucket 1 [46.9159, 53.3284) with 500 queries (recall=0.95).
Average Recall: 0.8917
Initial average recall with ef=1000: 0.88598
Average Recall: 0.931822
Initial average recall with ef=1500: 0.927838
Weighted average ef: 2136.55
Training convergence-bucket 2 [53.3284, 61.9973) with 500 queries (recall=0.98).
Average Recall: 0.936064
Initial average recall with ef=1000: 0.933903
Average Recall: 0.963309
Initial average recall with ef=1500: 0.96194
Weighted average ef: 2383.76
Training convergence-bucket 3 [61.9973, 66.7059) with 500 queries (recall=0.98).
Average Recall: 0.95433
Initial average recall with ef=1000: 0.954778
Average Recall: 0.975384
Initial average recall with ef=1500: 0.975765
Weighted average ef: 1927.96
Training convergence-bucket 4 [66.7059, 69.762) with 500 queries (recall=0.98).
Average Recall: 0.965366
Initial average recall with ef=1000: 0.965627
Average Recall: 0.982517
Initial average recall with ef=1500: 0.982726
Weighted average ef: 1596.72
Training convergence-bucket 5 [69.762, 72.2976) with 500 queries (recall=0.98).
Average Recall: 0.965522
Initial average recall with ef=1000: 0.965883
Average Recall: 0.982305
Initial average recall with ef=1500: 0.98254
Weighted average ef: 1603.49
Training convergence-bucket 6 [72.2976, 74.5782) with 500 queries (recall=0.98).
Average Recall: 0.968081
Initial average recall with ef=1000: 0.969198
Average Recall: 0.983702
Initial average recall with ef=1500: 0.984498
Weighted average ef: 1535.51
Training convergence-bucket 7 [74.5782, 76.762) with 500 queries (recall=0.98).
Average Recall: 0.973246
Initial average recall with ef=1000: 0.974
Average Recall: 0.986989
Initial average recall with ef=1500: 0.987549
Weighted average ef: 1407.18
Training convergence-bucket 8 [76.762, 79.3668) with 500 queries (recall=0.98).
Average Recall: 0.975891
Initial average recall with ef=1000: 0.9763
Average Recall: 0.988313
Initial average recall with ef=1500: 0.988582
Weighted average ef: 1332.75
Training convergence-bucket 9 [79.3668, inf) with 500 queries (recall=0.98).
Average Recall: 0.980676
Initial average recall with ef=1000: 0.980479
Average Recall: 0.990171
Initial average recall with ef=1500: 0.991853
Weighted average ef: 1144
****Weighted average ef: 1745
Search time: 65020 ms
Search time: 51636 ms
Search time: 48711 ms
Average Recall: 0.969426
5th percentile recall: 0.879
1st percentile recall: 0.717
Median search time: 51636 ms
Search times: 48711 ms, 51636 ms, 65020 ms, 
cohere experiment results:
statisc_length, time, avg_recall, 5th_percentile_recall, 1st_percentile_recall, recall_above_99, recall_above_95, recall_above_90
1025, 51636, 0.969426, 0.879, 0.717, 725, 1408, 1562
Experiment finished


Sampling size: 4000


Ground truth computed in 4883813 ms
Sampling computing time: 5693902 ms
Loading samplings from /home/yc.shea/experiments/shiro-ef/ablation_sampling_size/cohere-samplings-4000-k1000-ef.bin
Samplings loaded from /home/yc.shea/experiments/shiro-ef/ablation_sampling_size/cohere-samplings-4000-k1000-ef.bin
Average Recall: 0.94905
Initial average recall with ef=1000: 0.949029
Average Recall: 0.970769
Initial average recall with ef=1500: 0.970748
Weighted average ef: 1393.02
EF-estimation table computing time: 251194 ms
Per-bucket recall: conv_p20=53.4276 hard_recall=0.95 easy_recall=0.98
Training convergence-bucket 0 [10.8442, 46.8254) with 400 queries (recall=0.95).
Average Recall: 0.884645
Initial average recall with ef=1000: 0.876923
Average Recall: 0.924073
Initial average recall with ef=1500: 0.918439
Weighted average ef: 2404.44
Training convergence-bucket 1 [46.8254, 53.4276) with 400 queries (recall=0.95).
Average Recall: 0.888987
Initial average recall with ef=1000: 0.882708
Average Recall: 0.930075
Initial average recall with ef=1500: 0.925669
Weighted average ef: 2199.01
Training convergence-bucket 2 [53.4276, 61.9108) with 400 queries (recall=0.98).
Average Recall: 0.931416
Initial average recall with ef=1000: 0.930256
Average Recall: 0.960497
Initial average recall with ef=1500: 0.960078
Weighted average ef: 2340.92
Training convergence-bucket 3 [61.9108, 66.4052) with 400 queries (recall=0.98).
Average Recall: 0.951555
Initial average recall with ef=1000: 0.952095
Average Recall: 0.974112
Initial average recall with ef=1500: 0.974509
Weighted average ef: 1860.94
Training convergence-bucket 4 [66.4052, 69.7652) with 400 queries (recall=0.98).
Average Recall: 0.96432
Initial average recall with ef=1000: 0.964402
Average Recall: 0.982449
Initial average recall with ef=1500: 0.982637
Weighted average ef: 1577.01
Training convergence-bucket 5 [69.7652, 72.215) with 400 queries (recall=0.98).
Average Recall: 0.965614
Initial average recall with ef=1000: 0.965626
Average Recall: 0.982372
Initial average recall with ef=1500: 0.98246
Weighted average ef: 1621.7
Training convergence-bucket 6 [72.215, 74.5429) with 400 queries (recall=0.98).
Average Recall: 0.97059
Initial average recall with ef=1000: 0.971145
Average Recall: 0.985342
Initial average recall with ef=1500: 0.985694
Weighted average ef: 1444.88
Training convergence-bucket 7 [74.5429, 76.8149) with 400 queries (recall=0.98).
Average Recall: 0.974992
Initial average recall with ef=1000: 0.976018
Average Recall: 0.988116
Initial average recall with ef=1500: 0.988744
Weighted average ef: 1337.5
Training convergence-bucket 8 [76.8149, 79.5596) with 400 queries (recall=0.98).
Average Recall: 0.977495
Initial average recall with ef=1000: 0.978765
Average Recall: 0.989944
Initial average recall with ef=1500: 0.990842
Weighted average ef: 1186.25
Training convergence-bucket 9 [79.5596, inf) with 400 queries (recall=0.98).
Average Recall: 0.980857
Initial average recall with ef=1000: 0.982433
Average Recall: 0.990641
Initial average recall with ef=1500: 0.991562
Weighted average ef: 1089.81
****Weighted average ef: 1706
Search time: 57551 ms
Search time: 56833 ms
Search time: 55689 ms
Average Recall: 0.969616
5th percentile recall: 0.877
1st percentile recall: 0.724
Median search time: 56833 ms
Search times: 55689 ms, 56833 ms, 57551 ms, 
cohere experiment results:
statisc_length, time, avg_recall, 5th_percentile_recall, 1st_percentile_recall, recall_above_99, recall_above_95, recall_above_90
1025, 56833, 0.969616, 0.877, 0.724, 707, 1421, 1560
Experiment finished


Sampling size: 3000


Ground truth computed in 3520498 ms
Sampling computing time: 4050276 ms
Loading samplings from /home/yc.shea/experiments/shiro-ef/ablation_sampling_size/cohere-samplings-3000-k1000-ef.bin
Samplings loaded from /home/yc.shea/experiments/shiro-ef/ablation_sampling_size/cohere-samplings-3000-k1000-ef.bin
Average Recall: 0.949602
Initial average recall with ef=1000: 0.949743
Average Recall: 0.970867
Initial average recall with ef=1500: 0.971027
Weighted average ef: 1399.54
EF-estimation table computing time: 182331 ms
Per-bucket recall: conv_p20=53.6956 hard_recall=0.95 easy_recall=0.98
Training convergence-bucket 0 [7.12137, 47.2788) with 300 queries (recall=0.95).
Average Recall: 0.880264
Initial average recall with ef=1000: 0.874307
Average Recall: 0.920297
Initial average recall with ef=1500: 0.915931
Recall diff is too small for 1 consecutive steps, break.
Weighted average ef: 2448.28
Training convergence-bucket 1 [47.2788, 53.6956) with 300 queries (recall=0.95).
Average Recall: 0.892633
Initial average recall with ef=1000: 0.883615
Average Recall: 0.932667
Initial average recall with ef=1500: 0.92658
Weighted average ef: 1977.89
Training convergence-bucket 2 [53.6956, 62.295) with 300 queries (recall=0.98).
Average Recall: 0.934647
Initial average recall with ef=1000: 0.931992
Average Recall: 0.962513
Initial average recall with ef=1500: 0.960966
Weighted average ef: 2247.67
Training convergence-bucket 3 [62.295, 66.7162) with 300 queries (recall=0.98).
Average Recall: 0.95837
Initial average recall with ef=1000: 0.957904
Average Recall: 0.97782
Initial average recall with ef=1500: 0.977638
Weighted average ef: 1761.89
Training convergence-bucket 4 [66.7162, 69.9602) with 300 queries (recall=0.98).
Average Recall: 0.961089
Initial average recall with ef=1000: 0.961336
Average Recall: 0.979833
Initial average recall with ef=1500: 0.980146
Weighted average ef: 1545.46
Training convergence-bucket 5 [69.9602, 72.4964) with 300 queries (recall=0.98).
Average Recall: 0.965393
Initial average recall with ef=1000: 0.96585
Average Recall: 0.9825
Initial average recall with ef=1500: 0.982962
Weighted average ef: 1545
Training convergence-bucket 6 [72.4964, 74.83) with 300 queries (recall=0.98).
Average Recall: 0.97238
Initial average recall with ef=1000: 0.973655
Average Recall: 0.986429
Initial average recall with ef=1500: 0.987525
Weighted average ef: 1299.79
Training convergence-bucket 7 [74.83, 76.9645) with 300 queries (recall=0.98).
Average Recall: 0.972957
Initial average recall with ef=1000: 0.973571
Average Recall: 0.987229
Initial average recall with ef=1500: 0.987721
Weighted average ef: 1333.33
Training convergence-bucket 8 [76.9645, 79.6261) with 300 queries (recall=0.98).
Average Recall: 0.979266
Initial average recall with ef=1000: 0.981312
Average Recall: 0.990536
Initial average recall with ef=1500: 0.991888
Weighted average ef: 1171.67
Training convergence-bucket 9 [79.6261, inf) with 300 queries (recall=0.98).
Average Recall: 0.978996
Initial average recall with ef=1000: 0.983149
Average Recall: 0.988803
Initial average recall with ef=1500: 0.992287
Weighted average ef: 1055
****Weighted average ef: 1638
Search time: 58890 ms
Search time: 47598 ms
Search time: 47031 ms
Average Recall: 0.968477
5th percentile recall: 0.877
1st percentile recall: 0.717
Median search time: 47598 ms
Search times: 47031 ms, 47598 ms, 58890 ms, 
cohere experiment results:
statisc_length, time, avg_recall, 5th_percentile_recall, 1st_percentile_recall, recall_above_99, recall_above_95, recall_above_90
1025, 47598, 0.968477, 0.877, 0.717, 709, 1393, 1559
Experiment finished


Sampling size: 1000


Ground truth computed in 1242791 ms
Sampling computing time: 1435818 ms
Loading samplings from /home/yc.shea/experiments/shiro-ef/ablation_sampling_size/cohere-samplings-1000-k1000-ef.bin
Samplings loaded from /home/yc.shea/experiments/shiro-ef/ablation_sampling_size/cohere-samplings-1000-k1000-ef.bin
Average Recall: 0.94833
Initial average recall with ef=1000: 0.948695
Average Recall: 0.970107
Initial average recall with ef=1500: 0.970418
Weighted average ef: 1364.6
EF-estimation table computing time: 73434 ms
Per-bucket recall: conv_p20=53.4353 hard_recall=0.95 easy_recall=0.98
Training convergence-bucket 0 [12.4523, 46.6856) with 100 queries (recall=0.95).
Average Recall: 0.87251
Initial average recall with ef=1000: 0.86397
Average Recall: 0.91283
Initial average recall with ef=1500: 0.907522
Weighted average ef: 1977.69
Training convergence-bucket 1 [46.6856, 53.4353) with 100 queries (recall=0.95).
Average Recall: 0.89332
Initial average recall with ef=1000: 0.865651
Average Recall: 0.93316
Initial average recall with ef=1500: 0.915381
Weighted average ef: 1529.19
Training convergence-bucket 2 [53.4353, 61.8174) with 100 queries (recall=0.98).
Average Recall: 0.92696
Initial average recall with ef=1000: 0.922241
Average Recall: 0.95784
Initial average recall with ef=1500: 0.953931
Weighted average ef: 1653.79
Training convergence-bucket 3 [61.8174, 65.7215) with 100 queries (recall=0.98).
Average Recall: 0.95383
Initial average recall with ef=1000: 0.957247
Average Recall: 0.97573
Initial average recall with ef=1500: 0.978027
Weighted average ef: 1322.01
Training convergence-bucket 4 [65.7215, 69.2917) with 100 queries (recall=0.98).
Average Recall: 0.96524
Initial average recall with ef=1000: 0.968333
Average Recall: 0.98271
Initial average recall with ef=1500: 0.984476
Weighted average ef: 955
Training convergence-bucket 5 [69.2917, 71.7656) with 100 queries (recall=0.98).
Average Recall: 0.96483
Initial average recall with ef=1000: 0.967453
Average Recall: 0.98175
Initial average recall with ef=1500: 0.982875
Weighted average ef: 1067.41
Training convergence-bucket 6 [71.7656, 74.4751) with 100 queries (recall=0.98).
Average Recall: 0.97532
Initial average recall with ef=1000: 0.977693
Average Recall: 0.989
Initial average recall with ef=1500: 0.990194
Weighted average ef: 835
Training convergence-bucket 7 [74.4751, 76.8456) with 100 queries (recall=0.98).
Average Recall: 0.97398
Initial average recall with ef=1000: 0.976145
Average Recall: 0.98772
Initial average recall with ef=1500: 0.989
Weighted average ef: 815
Training convergence-bucket 8 [76.8456, 79.4487) with 100 queries (recall=0.98).
Average Recall: 0.97471
Initial average recall with ef=1000: 0.977044
Average Recall: 0.98815
Initial average recall with ef=1500: 0.989397
Weighted average ef: 920
Training convergence-bucket 9 [79.4487, inf) with 100 queries (recall=0.98).
Average Recall: 0.9826
Initial average recall with ef=1000: 0.985506
Average Recall: 0.99219
Initial average recall with ef=1500: 0.993928
Weighted average ef: 875
****Weighted average ef: 1195
Search time: 62875 ms
Search time: 55778 ms
Search time: 53516 ms
Average Recall: 0.97064
5th percentile recall: 0.884
1st percentile recall: 0.75
Median search time: 55778 ms
Search times: 53516 ms, 55778 ms, 62875 ms, 
cohere experiment results:
statisc_length, time, avg_recall, 5th_percentile_recall, 1st_percentile_recall, recall_above_99, recall_above_95, recall_above_90
1025, 55778, 0.97064, 0.884, 0.75, 720, 1411, 1571
Experiment finished
Starting ablation study tests: visited list size...


Dataset: deep-image-96-angular
Metric: cd
Truncation ratio: 1
Normalize the data vectors
Data vectors dimensions: 9990000 x 96
Query vectors dimensions: 10000 x 96
Neighbors dimensions: 10000 x 100
Using AVX Inner Product distance
Index loaded
Dimension of space:96
Data size of space:384
Samplings loaded


Visited list size: 33


Loading samplings from /home/yc.shea/experiments/shiro-ef/sampling/deep-image-96-angular-samplings--k100-ef.bin
Samplings loaded from /home/yc.shea/experiments/shiro-ef/sampling/deep-image-96-angular-samplings--k100-ef.bin
Average Recall: 0.833417
Initial average recall with ef=100: 0.833742
Average Recall: 0.882052
Initial average recall with ef=150: 0.882392
Weighted average ef: 389.649
EF-estimation table computing time: 20581 ms
Per-bucket recall: conv_p20=0 hard_recall=0.95 easy_recall=0.98
Training convergence-bucket 0 [0, 0) with 400 queries (recall=0.95).
Average Recall: 0.882601
Initial average recall with ef=100: 0.885121
Average Recall: 0.925025
Initial average recall with ef=150: 0.927024
Weighted average ef: 219.275
Training convergence-bucket 1 [0, 0) with 400 queries (recall=0.95).
Average Recall: 0.884775
Initial average recall with ef=100: 0.889021
Average Recall: 0.925475
Initial average recall with ef=150: 0.929074
Recall diff is too small for 1 consecutive steps, break.
Weighted average ef: 217.952
Training convergence-bucket 2 [0, 0) with 400 queries (recall=0.95).
Average Recall: 0.886176
Initial average recall with ef=100: 0.88942
Average Recall: 0.92895
Initial average recall with ef=150: 0.931847
Recall diff is too small for 1 consecutive steps, break.
Recall diff is too small for 1 consecutive steps, break.
Weighted average ef: 207.817
Training convergence-bucket 3 [0, 0) with 400 queries (recall=0.95).
Average Recall: 0.883825
Initial average recall with ef=100: 0.889892
Average Recall: 0.927875
Initial average recall with ef=150: 0.933135
Weighted average ef: 206.02
Training convergence-bucket 4 [0, 0) with 400 queries (recall=0.95).
Average Recall: 0.826426
Initial average recall with ef=100: 0.828364
Average Recall: 0.87775
Initial average recall with ef=150: 0.879552
Recall diff is too small for 1 consecutive steps, break.
Weighted average ef: 380.155
Training convergence-bucket 5 [0, 0) with 400 queries (recall=0.95).
Average Recall: 0.709075
Initial average recall with ef=100: 0.69867
Average Recall: 0.775175
Initial average recall with ef=150: 0.766276
Recall diff is too small for 1 consecutive steps, break.
Recall diff is too small for 1 consecutive steps, break.
Recall diff is too small for 1 consecutive steps, break.
Recall diff is too small for 1 consecutive steps, break.
Recall diff is too small for 1 consecutive steps, break.
Weighted average ef: 751.093
Training convergence-bucket 6 [0, 0) with 400 queries (recall=0.95).
Average Recall: 0.76375
Initial average recall with ef=100: 0.763432
Average Recall: 0.822425
Initial average recall with ef=150: 0.823243
Weighted average ef: 546.555
Training convergence-bucket 7 [0, 0.000551476) with 400 queries (recall=0.95).
Average Recall: 0.79725
Initial average recall with ef=100: 0.792598
Average Recall: 0.85205
Initial average recall with ef=150: 0.848268
Weighted average ef: 485.798
Training convergence-bucket 8 [0.000551476, 5.52459) with 400 queries (recall=0.98).
Average Recall: 0.881251
Initial average recall with ef=100: 0.884251
Average Recall: 0.920076
Initial average recall with ef=150: 0.922487
Recall diff is too small for 1 consecutive steps, break.
Recall diff is too small for 1 consecutive steps, break.
Recall diff is too small for 1 consecutive steps, break.
Recall diff is too small for 1 consecutive steps, break.
Weighted average ef: 515.3
Training convergence-bucket 9 [5.52459, inf) with 400 queries (recall=0.98).
Average Recall: 0.819125
Initial average recall with ef=100: 0.81861
Average Recall: 0.865825
Initial average recall with ef=150: 0.865504
Recall diff is too small for 1 consecutive steps, break.
Recall diff is too small for 1 consecutive steps, break.
Recall diff is too small for 1 consecutive steps, break.
Recall diff is too small for 1 consecutive steps, break.
Weighted average ef: 900.212
Reconstructed True WAE: 245.23 (Hard Pct: 0.020025)
  Avg Ef Hard (bucketed): 446.826 | Avg Ef Easy (bucketed): 241.111
****Weighted average ef: 245
Search time: 9757 ms
Search time: 9423 ms
Search time: 9421 ms
Average Recall: 0.958863
5th percentile recall: 0.85
1st percentile recall: 0.76
Median search time: 9423 ms
Search times: 9421 ms, 9423 ms, 9757 ms, 
deep-image-96-angular experiment results:
statisc_length, time, avg_recall, 5th_percentile_recall, 1st_percentile_recall, recall_above_99, recall_above_95, recall_above_90
33, 9423, 0.958863, 0.85, 0.76, 4298, 6786, 8678
Experiment finished


Visited list size: 1025


Loading samplings from /home/yc.shea/experiments/shiro-ef/sampling/deep-image-96-angular-samplings--k100-ef.bin
Samplings loaded from /home/yc.shea/experiments/shiro-ef/sampling/deep-image-96-angular-samplings--k100-ef.bin
Average Recall: 0.833432
Initial average recall with ef=100: 0.833707
Average Recall: 0.882052
Initial average recall with ef=150: 0.882358
Weighted average ef: 397.202
EF-estimation table computing time: 22881 ms
Per-bucket recall: conv_p20=40.6448 hard_recall=0.95 easy_recall=0.98
Training convergence-bucket 0 [21.651, 37.6082) with 400 queries (recall=0.95).
Average Recall: 0.605825
Initial average recall with ef=100: 0.601844
Average Recall: 0.684925
Initial average recall with ef=150: 0.681558
Recall diff is too small for 1 consecutive steps, break.
Recall diff is too small for 1 consecutive steps, break.
Recall diff is too small for 1 consecutive steps, break.
Weighted average ef: 1075
Training convergence-bucket 1 [37.6082, 40.6448) with 400 queries (recall=0.95).
Average Recall: 0.63815
Initial average recall with ef=100: 0.634597
Average Recall: 0.715775
Initial average recall with ef=150: 0.713299
Weighted average ef: 895.115
Training convergence-bucket 2 [40.6448, 46.6753) with 400 queries (recall=0.98).
Average Recall: 0.722775
Initial average recall with ef=100: 0.721282
Average Recall: 0.7965
Initial average recall with ef=150: 0.795256
Recall diff is too small for 1 consecutive steps, break.
Recall diff is too small for 1 consecutive steps, break.
Weighted average ef: 1112.14
Training convergence-bucket 3 [46.6753, 51.2517) with 400 queries (recall=0.98).
Average Recall: 0.8142
Initial average recall with ef=100: 0.813582
Average Recall: 0.87745
Initial average recall with ef=150: 0.876959
Weighted average ef: 553.362
Training convergence-bucket 4 [51.2517, 54.8847) with 400 queries (recall=0.98).
Average Recall: 0.852775
Initial average recall with ef=100: 0.853646
Average Recall: 0.908975
Initial average recall with ef=150: 0.909531
Weighted average ef: 430.455
Training convergence-bucket 5 [54.8847, 58.5418) with 400 queries (recall=0.98).
Average Recall: 0.885125
Initial average recall with ef=100: 0.885452
Average Recall: 0.930175
Initial average recall with ef=150: 0.930698
Recall diff is too small for 1 consecutive steps, break.
Weighted average ef: 326.978
Training convergence-bucket 6 [58.5418, 63.2201) with 400 queries (recall=0.98).
Average Recall: 0.915625
Initial average recall with ef=100: 0.915959
Average Recall: 0.955201
Initial average recall with ef=150: 0.955448
Recall diff is too small for 1 consecutive steps, break.
Recall diff is too small for 1 consecutive steps, break.
Weighted average ef: 242.245
Training convergence-bucket 7 [63.2201, 68.0273) with 400 queries (recall=0.98).
Average Recall: 0.9421
Initial average recall with ef=100: 0.943899
Average Recall: 0.97085
Initial average recall with ef=150: 0.971899
Recall diff is too small for 1 consecutive steps, break.
Weighted average ef: 208.13
Training convergence-bucket 8 [68.0273, 74.8475) with 400 queries (recall=0.98).
Average Recall: 0.96895
Initial average recall with ef=100: 0.970025
Average Recall: 0.986075
Initial average recall with ef=150: 0.986929
Weighted average ef: 145.91
Training convergence-bucket 9 [74.8475, inf) with 400 queries (recall=0.98).
Average Recall: 0.988875
Initial average recall with ef=100: 0.991196
Average Recall: 0.9947
Initial average recall with ef=150: 0.996921
Weighted average ef: 104.25
Reconstructed True WAE: 239.915 (Hard Pct: 0.020025)
  Avg Ef Hard (bucketed): 1007.27 | Avg Ef Easy (bucketed): 224.235
****Weighted average ef: 239
Search time: 16529 ms
Search time: 15942 ms
Search time: 16504 ms
Average Recall: 0.985723
5th percentile recall: 0.95
1st percentile recall: 0.92
Median search time: 16504 ms
Search times: 15942 ms, 16504 ms, 16529 ms, 
deep-image-96-angular experiment results:
statisc_length, time, avg_recall, 5th_percentile_recall, 1st_percentile_recall, recall_above_99, recall_above_95, recall_above_90
1025, 16504, 0.985723, 0.95, 0.92, 6529, 9415, 9930
Experiment finished


Visited list size: 32769


Loading samplings from /home/yc.shea/experiments/shiro-ef/sampling/deep-image-96-angular-samplings--k100-ef.bin
Samplings loaded from /home/yc.shea/experiments/shiro-ef/sampling/deep-image-96-angular-samplings--k100-ef.bin
Average Recall: 0.9907
Initial average recall with ef=100: 0.990718
Average Recall: 0.990703
Initial average recall with ef=150: 0.99072
Weighted average ef: 264.883
EF-estimation table computing time: 99664 ms
Per-bucket recall: conv_p20=75.5757 hard_recall=0.95 easy_recall=0.98
Training convergence-bucket 0 [52.6562, 70.0415) with 400 queries (recall=0.95).
Average Recall: 0.9439
Initial average recall with ef=100: 0.943935
Average Recall: 0.9439
Initial average recall with ef=150: 0.943935
Weighted average ef: 1816.12
Training convergence-bucket 1 [70.0415, 75.5757) with 400 queries (recall=0.95).
Average Recall: 0.9788
Initial average recall with ef=100: 0.97881
Average Recall: 0.9788
Initial average recall with ef=150: 0.97881
Weighted average ef: 98.75
Training convergence-bucket 2 [75.5757, 79.8375) with 400 queries (recall=0.98).
Average Recall: 0.991625
Initial average recall with ef=100: 0.991843
Average Recall: 0.991625
Initial average recall with ef=150: 0.991843
Weighted average ef: 226.195
Training convergence-bucket 3 [79.8375, 83.0936) with 400 queries (recall=0.98).
Average Recall: 0.9965
Initial average recall with ef=100: 0.996667
Average Recall: 0.9965
Initial average recall with ef=150: 0.996667
Weighted average ef: 99
Training convergence-bucket 4 [83.0936, 85.4004) with 400 queries (recall=0.98).
Average Recall: 0.998375
Initial average recall with ef=100: 0.998634
Average Recall: 0.998375
Initial average recall with ef=150: 0.998634
Weighted average ef: 97
Training convergence-bucket 5 [85.4004, 87.3957) with 400 queries (recall=0.98).
Average Recall: 0.999475
Initial average recall with ef=100: 0.999495
Average Recall: 0.999475
Initial average recall with ef=150: 0.999495
Weighted average ef: 99
Training convergence-bucket 6 [87.3957, 89.3286) with 400 queries (recall=0.98).
Average Recall: 0.999775
Initial average recall with ef=100: 0.999847
Average Recall: 0.999775
Initial average recall with ef=150: 0.999847
Weighted average ef: 98
Training convergence-bucket 7 [89.3286, 90.9149) with 400 queries (recall=0.98).
Average Recall: 0.99985
Initial average recall with ef=100: 0.999897
Average Recall: 0.99985
Initial average recall with ef=150: 0.999897
Weighted average ef: 97.5
Training convergence-bucket 8 [90.9149, 92.4993) with 400 queries (recall=0.98).
Average Recall: 0.999975
Initial average recall with ef=100: 0.999974
Average Recall: 0.999975
Initial average recall with ef=150: 0.999974
Weighted average ef: 96.5
Training convergence-bucket 9 [92.4993, inf) with 400 queries (recall=0.98).
Average Recall: 0.99875
Initial average recall with ef=100: 0.998721
Average Recall: 0.998775
Initial average recall with ef=150: 0.998747
Weighted average ef: 97.75
Reconstructed True WAE: 110.897 (Hard Pct: 0.020025)
  Avg Ef Hard (bucketed): 165.625 | Avg Ef Easy (bucketed): 109.779
****Weighted average ef: 110
Search time: 116423 ms
Search time: 117002 ms
Search time: 116649 ms
Average Recall: 0.996788
5th percentile recall: 0.98
1st percentile recall: 0.95
Median search time: 116649 ms
Search times: 116423 ms, 116649 ms, 117002 ms, 
deep-image-96-angular experiment results:
statisc_length, time, avg_recall, 5th_percentile_recall, 1st_percentile_recall, recall_above_99, recall_above_95, recall_above_90
32769, 116649, 0.996788, 0.98, 0.95, 9285, 9891, 9988
Experiment finished
Dataset: glove-100-angular
Metric: cd
Truncation ratio: 1
Normalize the data vectors
Data vectors dimensions: 1183514 x 100
Query vectors dimensions: 10000 x 100
Neighbors dimensions: 10000 x 100
Using AVX Inner Product distance
Index loaded
Dimension of space:100
Data size of space:400
Samplings loaded


Visited list size: 33


Loading samplings from /home/yc.shea/experiments/shiro-ef/sampling/glove-100-angular-samplings--k100-ef.bin
Samplings loaded from /home/yc.shea/experiments/shiro-ef/sampling/glove-100-angular-samplings--k100-ef.bin
Average Recall: 0.739955
Initial average recall with ef=100: 0.74004
Average Recall: 0.783487
Initial average recall with ef=150: 0.78357
Weighted average ef: 1745.66
EF-estimation table computing time: 77693 ms
Per-bucket recall: conv_p20=0 hard_recall=0.95 easy_recall=0.98
Training convergence-bucket 0 [0, 0) with 400 queries (recall=0.95).
Average Recall: 0.76425
Initial average recall with ef=100: 0.75554
Average Recall: 0.806525
Initial average recall with ef=150: 0.799252
Recall diff is too small for 1 consecutive steps, break.
Recall diff is too small for 1 consecutive steps, break.
Recall diff is too small for 1 consecutive steps, break.
Recall diff is too small for 1 consecutive steps, break.
Weighted average ef: 1439.46
Training convergence-bucket 1 [0, 0) with 400 queries (recall=0.95).
Average Recall: 0.74755
Initial average recall with ef=100: 0.735284
Average Recall: 0.790251
Initial average recall with ef=150: 0.779489
Recall diff is too small for 1 consecutive steps, break.
Recall diff is too small for 1 consecutive steps, break.
Recall diff is too small for 1 consecutive steps, break.
Recall diff is too small for 1 consecutive steps, break.
Recall diff is too small for 1 consecutive steps, break.
Recall diff is too small for 1 consecutive steps, break.
Weighted average ef: 1518.7
Training convergence-bucket 2 [0, 0) with 400 queries (recall=0.95).
Average Recall: 0.756625
Initial average recall with ef=100: 0.743463
Average Recall: 0.798225
Initial average recall with ef=150: 0.785596
Recall diff is too small for 1 consecutive steps, break.
Weighted average ef: 1551.33
Training convergence-bucket 3 [0, 0) with 400 queries (recall=0.95).
Average Recall: 0.761375
Initial average recall with ef=100: 0.749835
Average Recall: 0.806225
Initial average recall with ef=150: 0.79573
Recall diff is too small for 1 consecutive steps, break.
Recall diff is too small for 1 consecutive steps, break.
Recall diff is too small for 1 consecutive steps, break.
Weighted average ef: 1364.81
Training convergence-bucket 4 [0, 0) with 400 queries (recall=0.95).
Average Recall: 0.748025
Initial average recall with ef=100: 0.736648
Average Recall: 0.794
Initial average recall with ef=150: 0.783153
Recall diff is too small for 1 consecutive steps, break.
Weighted average ef: 1482.74
Training convergence-bucket 5 [0, 0) with 400 queries (recall=0.95).
Average Recall: 0.7155
Initial average recall with ef=100: 0.701717
Average Recall: 0.76125
Initial average recall with ef=150: 0.748449
Recall diff is too small for 1 consecutive steps, break.
Weighted average ef: 1992.51
Training convergence-bucket 6 [0, 0) with 400 queries (recall=0.95).
Average Recall: 0.626325
Initial average recall with ef=100: 0.611078
Average Recall: 0.673625
Initial average recall with ef=150: 0.659757
Recall diff is too small for 1 consecutive steps, break.
Weighted average ef: 2964.31
Training convergence-bucket 7 [0, 0) with 400 queries (recall=0.95).
Average Recall: 0.7544
Initial average recall with ef=100: 0.745269
Average Recall: 0.798475
Initial average recall with ef=150: 0.790567
Recall diff is too small for 1 consecutive steps, break.
Recall diff is too small for 1 consecutive steps, break.
Weighted average ef: 1451.44
Training convergence-bucket 8 [0, 0.114226) with 400 queries (recall=0.95).
Average Recall: 0.76315
Initial average recall with ef=100: 0.749613
Average Recall: 0.8068
Initial average recall with ef=150: 0.794613
Recall diff is too small for 1 consecutive steps, break.
Recall diff is too small for 1 consecutive steps, break.
Weighted average ef: 1434.34
Training convergence-bucket 9 [0.114226, inf) with 400 queries (recall=0.98).
Average Recall: 0.7624
Initial average recall with ef=100: 0.747657
Average Recall: 0.79955
Initial average recall with ef=150: 0.785371
Recall diff is too small for 1 consecutive steps, break.
Recall diff is too small for 1 consecutive steps, break.
Recall diff is too small for 1 consecutive steps, break.
Recall diff is too small for 1 consecutive steps, break.
Recall diff is too small for 1 consecutive steps, break.
Recall diff is too small for 1 consecutive steps, break.
Recall diff is too small for 1 consecutive steps, break.
Recall diff is too small for 1 consecutive steps, break.
Recall diff is too small for 1 consecutive steps, break.
Recall diff is too small for 1 consecutive steps, break.
Weighted average ef: 2676.77
Reconstructed True WAE: 1369.05 (Hard Pct: 0.006175)
  Avg Ef Hard (bucketed): 2247.02 | Avg Ef Easy (bucketed): 1363.6
****Weighted average ef: 1369
Search time: 39371 ms
Search time: 39131 ms
Search time: 39406 ms
Average Recall: 0.947116
5th percentile recall: 0.79
1st percentile recall: 0.66
Median search time: 39371 ms
Search times: 39131 ms, 39371 ms, 39406 ms, 
glove-100-angular experiment results:
statisc_length, time, avg_recall, 5th_percentile_recall, 1st_percentile_recall, recall_above_99, recall_above_95, recall_above_90
33, 39371, 0.947116, 0.79, 0.66, 4619, 6371, 7991
Experiment finished


Visited list size: 1025


Loading samplings from /home/yc.shea/experiments/shiro-ef/sampling/glove-100-angular-samplings--k100-ef.bin
Samplings loaded from /home/yc.shea/experiments/shiro-ef/sampling/glove-100-angular-samplings--k100-ef.bin
Average Recall: 0.739955
Initial average recall with ef=100: 0.739897
Average Recall: 0.783487
Initial average recall with ef=150: 0.783442
Weighted average ef: 1609.72
EF-estimation table computing time: 80420 ms
Per-bucket recall: conv_p20=34.9306 hard_recall=0.95 easy_recall=0.98
Training convergence-bucket 0 [9.49065, 29.1725) with 400 queries (recall=0.95).
Average Recall: 0.471375
Initial average recall with ef=100: 0.454632
Average Recall: 0.522575
Initial average recall with ef=150: 0.505553
Weighted average ef: 4214.07
Training convergence-bucket 1 [29.1725, 34.9306) with 400 queries (recall=0.95).
Average Recall: 0.4907
Initial average recall with ef=100: 0.477247
Average Recall: 0.551975
Initial average recall with ef=150: 0.53948
Weighted average ef: 3614.84
Training convergence-bucket 2 [34.9306, 39.5759) with 400 queries (recall=0.98).
Average Recall: 0.555725
Initial average recall with ef=100: 0.549689
Average Recall: 0.616575
Initial average recall with ef=150: 0.610492
Recall diff is too small for 1 consecutive steps, break.
Recall diff is too small for 1 consecutive steps, break.
Weighted average ef: 3903.48
Training convergence-bucket 3 [39.5759, 44.6133) with 400 queries (recall=0.98).
Average Recall: 0.634925
Initial average recall with ef=100: 0.629576
Average Recall: 0.697425
Initial average recall with ef=150: 0.693607
Recall diff is too small for 1 consecutive steps, break.
Recall diff is too small for 1 consecutive steps, break.
Recall diff is too small for 1 consecutive steps, break.
Recall diff is too small for 1 consecutive steps, break.
Recall diff is too small for 1 consecutive steps, break.
Weighted average ef: 3021.69
Training convergence-bucket 4 [44.6133, 50.0946) with 400 queries (recall=0.98).
Average Recall: 0.741875
Initial average recall with ef=100: 0.736649
Average Recall: 0.796475
Initial average recall with ef=150: 0.792181
Recall diff is too small for 1 consecutive steps, break.
Recall diff is too small for 1 consecutive steps, break.
Recall diff is too small for 1 consecutive steps, break.
Recall diff is too small for 1 consecutive steps, break.
Recall diff is too small for 1 consecutive steps, break.
Weighted average ef: 2027.86
Training convergence-bucket 5 [50.0946, 55.7339) with 400 queries (recall=0.98).
Average Recall: 0.808325
Initial average recall with ef=100: 0.8115
Average Recall: 0.85555
Initial average recall with ef=150: 0.859158
Recall diff is too small for 1 consecutive steps, break.
Recall diff is too small for 1 consecutive steps, break.
Recall diff is too small for 1 consecutive steps, break.
Weighted average ef: 1381.81
Training convergence-bucket 6 [55.7339, 61.5794) with 400 queries (recall=0.98).
Average Recall: 0.869625
Initial average recall with ef=100: 0.869639
Average Recall: 0.908625
Initial average recall with ef=150: 0.908943
Recall diff is too small for 1 consecutive steps, break.
Weighted average ef: 926.062
Training convergence-bucket 7 [61.5794, 67.8635) with 400 queries (recall=0.98).
Average Recall: 0.909126
Initial average recall with ef=100: 0.906907
Average Recall: 0.9374
Initial average recall with ef=150: 0.935747
Recall diff is too small for 1 consecutive steps, break.
Recall diff is too small for 1 consecutive steps, break.
Recall diff is too small for 1 consecutive steps, break.
Recall diff is too small for 1 consecutive steps, break.
Weighted average ef: 624.472
Training convergence-bucket 8 [67.8635, 73.9547) with 400 queries (recall=0.98).
Average Recall: 0.939275
Initial average recall with ef=100: 0.943255
Average Recall: 0.959
Initial average recall with ef=150: 0.962786
Recall diff is too small for 1 consecutive steps, break.
Weighted average ef: 453.52
Training convergence-bucket 9 [73.9547, inf) with 400 queries (recall=0.98).
Average Recall: 0.97865
Initial average recall with ef=100: 0.980177
Average Recall: 0.989325
Initial average recall with ef=150: 0.990658
Recall diff is too small for 1 consecutive steps, break.
Recall diff is too small for 1 consecutive steps, break.
Weighted average ef: 132.82
Reconstructed True WAE: 1459.76 (Hard Pct: 0.006175)
  Avg Ef Hard (bucketed): 4860.99 | Avg Ef Easy (bucketed): 1438.63
****Weighted average ef: 1459
Search time: 59989 ms
Search time: 59891 ms
Search time: 59952 ms
Average Recall: 0.977571
5th percentile recall: 0.92
1st percentile recall: 0.88
Median search time: 59952 ms
Search times: 59891 ms, 59952 ms, 59989 ms, 
glove-100-angular experiment results:
statisc_length, time, avg_recall, 5th_percentile_recall, 1st_percentile_recall, recall_above_99, recall_above_95, recall_above_90
1025, 59952, 0.977571, 0.92, 0.88, 5347, 8372, 9730
Experiment finished


Visited list size: 32769


Loading samplings from /home/yc.shea/experiments/shiro-ef/sampling/glove-100-angular-samplings--k100-ef.bin
Samplings loaded from /home/yc.shea/experiments/shiro-ef/sampling/glove-100-angular-samplings--k100-ef.bin
Average Recall: 0.933496
Initial average recall with ef=100: 0.933319
Average Recall: 0.933499
Initial average recall with ef=150: 0.933322
Weighted average ef: 1857.6
EF-estimation table computing time: 112832 ms
Per-bucket recall: conv_p20=63.9606 hard_recall=0.95 easy_recall=0.98
Training convergence-bucket 0 [46.2583, 57.3919) with 400 queries (recall=0.95).
Average Recall: 0.73175
Initial average recall with ef=100: 0.73175
Average Recall: 0.731775
Initial average recall with ef=150: 0.731775
Weighted average ef: 5000
Training convergence-bucket 1 [57.3919, 63.9606) with 400 queries (recall=0.95).
Average Recall: 0.818475
Initial average recall with ef=100: 0.818367
Average Recall: 0.818475
Initial average recall with ef=150: 0.818367
Weighted average ef: 4975
Training convergence-bucket 2 [63.9606, 70.8857) with 400 queries (recall=0.98).
Average Recall: 0.891625
Initial average recall with ef=100: 0.891288
Average Recall: 0.891625
Initial average recall with ef=150: 0.891288
Weighted average ef: 4950
Training convergence-bucket 3 [70.8857, 76.2005) with 400 queries (recall=0.98).
Average Recall: 0.942451
Initial average recall with ef=100: 0.942362
Average Recall: 0.942451
Initial average recall with ef=150: 0.942362
Weighted average ef: 4877
Training convergence-bucket 4 [76.2005, 80.5241) with 400 queries (recall=0.98).
Average Recall: 0.971676
Initial average recall with ef=100: 0.97191
Average Recall: 0.971676
Initial average recall with ef=150: 0.97191
Recall diff is too small for 1 consecutive steps, break.
Recall diff is too small for 1 consecutive steps, break.
Weighted average ef: 3108.08
Training convergence-bucket 5 [80.5241, 83.9196) with 400 queries (recall=0.98).
Average Recall: 0.986825
Initial average recall with ef=100: 0.986946
Average Recall: 0.986825
Initial average recall with ef=150: 0.986946
Weighted average ef: 252.473
Training convergence-bucket 6 [83.9196, 87.0093) with 400 queries (recall=0.98).
Average Recall: 0.994625
Initial average recall with ef=100: 0.994809
Average Recall: 0.994625
Initial average recall with ef=150: 0.994809
Weighted average ef: 98.25
Training convergence-bucket 7 [87.0093, 89.5581) with 400 queries (recall=0.98).
Average Recall: 0.99815
Initial average recall with ef=100: 0.998117
Average Recall: 0.99815
Initial average recall with ef=150: 0.998117
Weighted average ef: 98.25
Training convergence-bucket 8 [89.5581, 91.6622) with 400 queries (recall=0.98).
Average Recall: 0.999525
Initial average recall with ef=100: 0.999503
Average Recall: 0.999525
Initial average recall with ef=150: 0.999503
Weighted average ef: 95.5
Training convergence-bucket 9 [91.6622, inf) with 400 queries (recall=0.98).
Average Recall: 0.999925
Initial average recall with ef=100: 0.999922
Average Recall: 0.999925
Initial average recall with ef=150: 0.999922
Weighted average ef: 96
Reconstructed True WAE: 386.136 (Hard Pct: 0.006175)
  Avg Ef Hard (bucketed): 4231.02 | Avg Ef Easy (bucketed): 362.246
****Weighted average ef: 386
Search time: 152174 ms
Search time: 151736 ms
Search time: 151059 ms
Average Recall: 0.983627
5th percentile recall: 0.93
1st percentile recall: 0.89
Median search time: 151736 ms
Search times: 151059 ms, 151736 ms, 152174 ms, 
glove-100-angular experiment results:
statisc_length, time, avg_recall, 5th_percentile_recall, 1st_percentile_recall, recall_above_99, recall_above_95, recall_above_90
32769, 151736, 0.983627, 0.93, 0.89, 6653, 8804, 9797
Experiment finished
Dataset: word2vec-300-angular
Metric: cd
Truncation ratio: 1
Normalize the data vectors
Data vectors dimensions: 1000000 x 300
Query vectors dimensions: 1000 x 300
Neighbors dimensions: 1000 x 100
Using AVX Inner Product distance
Index loaded
Dimension of space:300
Data size of space:1200
Samplings loaded


Visited list size: 33


Loading samplings from /home/yc.shea/experiments/shiro-ef/sampling/word2vec-300-angular-samplings--k100-ef.bin
Samplings loaded from /home/yc.shea/experiments/shiro-ef/sampling/word2vec-300-angular-samplings--k100-ef.bin
Average Recall: 0.822495
Initial average recall with ef=100: 0.82239
Average Recall: 0.869639
Initial average recall with ef=150: 0.869795
Weighted average ef: 485.812
EF-estimation table computing time: 27712 ms
Per-bucket recall: conv_p20=0 hard_recall=0.95 easy_recall=0.98
Training convergence-bucket 0 [0, 0) with 400 queries (recall=0.95).
Average Recall: 0.9001
Initial average recall with ef=100: 0.899726
Average Recall: 0.9335
Initial average recall with ef=150: 0.93326
Recall diff is too small for 1 consecutive steps, break.
Recall diff is too small for 1 consecutive steps, break.
Weighted average ef: 229.43
Training convergence-bucket 1 [0, 0) with 400 queries (recall=0.95).
Average Recall: 0.88795
Initial average recall with ef=100: 0.881547
Average Recall: 0.925651
Initial average recall with ef=150: 0.92043
Recall diff is too small for 1 consecutive steps, break.
Weighted average ef: 279.298
Training convergence-bucket 2 [0, 0) with 400 queries (recall=0.95).
Average Recall: 0.8999
Initial average recall with ef=100: 0.895447
Average Recall: 0.934375
Initial average recall with ef=150: 0.930677
Weighted average ef: 241.245
Training convergence-bucket 3 [0, 0) with 400 queries (recall=0.95).
Average Recall: 0.897325
Initial average recall with ef=100: 0.897248
Average Recall: 0.931725
Initial average recall with ef=150: 0.93248
Recall diff is too small for 1 consecutive steps, break.
Weighted average ef: 239.11
Training convergence-bucket 4 [0, 0) with 400 queries (recall=0.95).
Average Recall: 0.739625
Initial average recall with ef=100: 0.723546
Average Recall: 0.802475
Initial average recall with ef=150: 0.79
Weighted average ef: 592.035
Training convergence-bucket 5 [0, 0) with 400 queries (recall=0.95).
Average Recall: 0.669699
Initial average recall with ef=100: 0.660544
Average Recall: 0.7445
Initial average recall with ef=150: 0.73856
Recall diff is too small for 1 consecutive steps, break.
Recall diff is too small for 1 consecutive steps, break.
Recall diff is too small for 1 consecutive steps, break.
Weighted average ef: 775.22
Training convergence-bucket 6 [0, 0) with 400 queries (recall=0.95).
Average Recall: 0.719325
Initial average recall with ef=100: 0.696533
Average Recall: 0.78685
Initial average recall with ef=150: 0.769255
Recall diff is too small for 1 consecutive steps, break.
Recall diff is too small for 1 consecutive steps, break.
Weighted average ef: 593.027
Training convergence-bucket 7 [0, 0.000128773) with 400 queries (recall=0.95).
Average Recall: 0.899851
Initial average recall with ef=100: 0.896583
Average Recall: 0.93335
Initial average recall with ef=150: 0.930778
Recall diff is too small for 1 consecutive steps, break.
Recall diff is too small for 1 consecutive steps, break.
Weighted average ef: 259.47
Training convergence-bucket 8 [0.000128773, 8.97154) with 400 queries (recall=0.98).
Average Recall: 0.853125
Initial average recall with ef=100: 0.848059
Average Recall: 0.892125
Initial average recall with ef=150: 0.888059
Recall diff is too small for 1 consecutive steps, break.
Recall diff is too small for 1 consecutive steps, break.
Recall diff is too small for 1 consecutive steps, break.
Recall diff is too small for 1 consecutive steps, break.
Weighted average ef: 572.188
Training convergence-bucket 9 [8.97154, inf) with 400 queries (recall=0.98).
Average Recall: 0.75775
Initial average recall with ef=100: 0.746416
Average Recall: 0.811925
Initial average recall with ef=150: 0.802601
Recall diff is too small for 1 consecutive steps, break.
Recall diff is too small for 1 consecutive steps, break.
Recall diff is too small for 1 consecutive steps, break.
Recall diff is too small for 1 consecutive steps, break.
Recall diff is too small for 1 consecutive steps, break.
Weighted average ef: 752.04
Reconstructed True WAE: 242.542 (Hard Pct: 0.023875)
  Avg Ef Hard (bucketed): 416.206 | Avg Ef Easy (bucketed): 238.294
****Weighted average ef: 242
Search time: 1306 ms
Search time: 1308 ms
Search time: 1308 ms
Average Recall: 0.95143
5th percentile recall: 0.81
1st percentile recall: 0.68
Median search time: 1308 ms
Search times: 1306 ms, 1308 ms, 1308 ms, 
word2vec-300-angular experiment results:
statisc_length, time, avg_recall, 5th_percentile_recall, 1st_percentile_recall, recall_above_99, recall_above_95, recall_above_90
33, 1308, 0.95143, 0.81, 0.68, 446, 663, 833
Experiment finished


Visited list size: 1025


Loading samplings from /home/yc.shea/experiments/shiro-ef/sampling/word2vec-300-angular-samplings--k100-ef.bin
Samplings loaded from /home/yc.shea/experiments/shiro-ef/sampling/word2vec-300-angular-samplings--k100-ef.bin
Average Recall: 0.822495
Initial average recall with ef=100: 0.822438
Average Recall: 0.869639
Initial average recall with ef=150: 0.869785
Weighted average ef: 493.303
EF-estimation table computing time: 24977 ms
Per-bucket recall: conv_p20=39.9181 hard_recall=0.95 easy_recall=0.98
Training convergence-bucket 0 [13.6502, 36.6718) with 400 queries (recall=0.95).
Average Recall: 0.59065
Initial average recall with ef=100: 0.588109
Average Recall: 0.671
Initial average recall with ef=150: 0.669249
Recall diff is too small for 1 consecutive steps, break.
Recall diff is too small for 1 consecutive steps, break.
Weighted average ef: 913.02
Training convergence-bucket 1 [36.6718, 39.9181) with 400 queries (recall=0.95).
Average Recall: 0.61225
Initial average recall with ef=100: 0.61733
Average Recall: 0.696525
Initial average recall with ef=150: 0.703141
Weighted average ef: 874.357
Training convergence-bucket 2 [39.9181, 46.1723) with 400 queries (recall=0.98).
Average Recall: 0.663334
Initial average recall with ef=100: 0.657139
Average Recall: 0.743575
Initial average recall with ef=150: 0.741916
Recall diff is too small for 1 consecutive steps, break.
Recall diff is too small for 1 consecutive steps, break.
Weighted average ef: 933.792
Training convergence-bucket 3 [46.1723, 52.7291) with 400 queries (recall=0.98).
Average Recall: 0.79045
Initial average recall with ef=100: 0.788628
Average Recall: 0.849375
Initial average recall with ef=150: 0.847836
Recall diff is too small for 1 consecutive steps, break.
Recall diff is too small for 1 consecutive steps, break.
Weighted average ef: 913.228
Training convergence-bucket 4 [52.7291, 57.7677) with 400 queries (recall=0.98).
Average Recall: 0.855825
Initial average recall with ef=100: 0.857599
Average Recall: 0.9069
Initial average recall with ef=150: 0.907863
Recall diff is too small for 1 consecutive steps, break.
Recall diff is too small for 1 consecutive steps, break.
Recall diff is too small for 1 consecutive steps, break.
Recall diff is too small for 1 consecutive steps, break.
Weighted average ef: 603.018
Training convergence-bucket 5 [57.7677, 61.9828) with 400 queries (recall=0.98).
Average Recall: 0.895575
Initial average recall with ef=100: 0.894033
Average Recall: 0.9315
Initial average recall with ef=150: 0.930545
Recall diff is too small for 1 consecutive steps, break.
Recall diff is too small for 1 consecutive steps, break.
Recall diff is too small for 1 consecutive steps, break.
Recall diff is too small for 1 consecutive steps, break.
Weighted average ef: 458.507
Training convergence-bucket 6 [61.9828, 65.908) with 400 queries (recall=0.98).
Average Recall: 0.925625
Initial average recall with ef=100: 0.926105
Average Recall: 0.954675
Initial average recall with ef=150: 0.9555
Weighted average ef: 303.242
Training convergence-bucket 7 [65.908, 69.9025) with 400 queries (recall=0.98).
Average Recall: 0.949126
Initial average recall with ef=100: 0.949332
Average Recall: 0.972051
Initial average recall with ef=150: 0.97262
Recall diff is too small for 1 consecutive steps, break.
Weighted average ef: 195.3
Training convergence-bucket 8 [69.9025, 73.9139) with 400 queries (recall=0.98).
Average Recall: 0.96515
Initial average recall with ef=100: 0.965091
Average Recall: 0.9826
Initial average recall with ef=150: 0.982739
Weighted average ef: 159.235
Training convergence-bucket 9 [73.9139, inf) with 400 queries (recall=0.98).
Average Recall: 0.976651
Initial average recall with ef=100: 0.976931
Average Recall: 0.988275
Initial average recall with ef=150: 0.988389
Weighted average ef: 133.475
Reconstructed True WAE: 234.871 (Hard Pct: 0.023875)
  Avg Ef Hard (bucketed): 934.496 | Avg Ef Easy (bucketed): 217.759
****Weighted average ef: 234
Search time: 2144 ms
Search time: 2142 ms
Search time: 2145 ms
Average Recall: 0.97659
5th percentile recall: 0.89
1st percentile recall: 0.81
Median search time: 2144 ms
Search times: 2142 ms, 2144 ms, 2145 ms, 
word2vec-300-angular experiment results:
statisc_length, time, avg_recall, 5th_percentile_recall, 1st_percentile_recall, recall_above_99, recall_above_95, recall_above_90
1025, 2144, 0.97659, 0.89, 0.81, 635, 833, 938
Experiment finished


Visited list size: 32769


Loading samplings from /home/yc.shea/experiments/shiro-ef/sampling/word2vec-300-angular-samplings--k100-ef.bin
Samplings loaded from /home/yc.shea/experiments/shiro-ef/sampling/word2vec-300-angular-samplings--k100-ef.bin
Average Recall: 0.979915
Initial average recall with ef=100: 0.980038
Average Recall: 0.979915
Initial average recall with ef=150: 0.980038
Recall diff is too small for 1 consecutive steps, break.
Recall diff is too small for 1 consecutive steps, break.
Recall diff is too small for 1 consecutive steps, break.
Recall diff is too small for 1 consecutive steps, break.
Recall diff is too small for 1 consecutive steps, break.
Recall diff is too small for 1 consecutive steps, break.
Recall diff is too small for 1 consecutive steps, break.
Recall diff is too small for 1 consecutive steps, break.
Recall diff is too small for 1 consecutive steps, break.
Weighted average ef: 103.437
EF-estimation table computing time: 110508 ms
Per-bucket recall: conv_p20=80.0671 hard_recall=0.95 easy_recall=0.98
Training convergence-bucket 0 [48.419, 75.8694) with 400 queries (recall=0.95).
Average Recall: 0.88595
Initial average recall with ef=100: 0.88603
Average Recall: 0.88595
Initial average recall with ef=150: 0.88603
Recall diff is too small for 1 consecutive steps, break.
Recall diff is too small for 1 consecutive steps, break.
Recall diff is too small for 1 consecutive steps, break.
Recall diff is too small for 1 consecutive steps, break.
Recall diff is too small for 1 consecutive steps, break.
Recall diff is too small for 1 consecutive steps, break.
Recall diff is too small for 1 consecutive steps, break.
Recall diff is too small for 1 consecutive steps, break.
Recall diff is too small for 1 consecutive steps, break.
Recall diff is too small for 1 consecutive steps, break.
Recall diff is too small for 1 consecutive steps, break.
Recall diff is too small for 1 consecutive steps, break.
Recall diff is too small for 1 consecutive steps, break.
Recall diff is too small for 1 consecutive steps, break.
Recall diff is too small for 1 consecutive steps, break.
Weighted average ef: 147.375
Training convergence-bucket 1 [75.8694, 80.0671) with 400 queries (recall=0.95).
Average Recall: 0.967175
Initial average recall with ef=100: 0.96798
Average Recall: 0.967175
Initial average recall with ef=150: 0.96798
Recall diff is too small for 1 consecutive steps, break.
Recall diff is too small for 1 consecutive steps, break.
Recall diff is too small for 1 consecutive steps, break.
Weighted average ef: 102.875
Training convergence-bucket 2 [80.0671, 83.0757) with 400 queries (recall=0.98).
Average Recall: 0.9805
Initial average recall with ef=100: 0.980909
Average Recall: 0.9805
Initial average recall with ef=150: 0.980909
Recall diff is too small for 1 consecutive steps, break.
Recall diff is too small for 1 consecutive steps, break.
Recall diff is too small for 1 consecutive steps, break.
Recall diff is too small for 1 consecutive steps, break.
Recall diff is too small for 1 consecutive steps, break.
Recall diff is too small for 1 consecutive steps, break.
Recall diff is too small for 1 consecutive steps, break.
Recall diff is too small for 1 consecutive steps, break.
Recall diff is too small for 1 consecutive steps, break.
Recall diff is too small for 1 consecutive steps, break.
Recall diff is too small for 1 consecutive steps, break.
Weighted average ef: 109.25
Training convergence-bucket 3 [83.0757, 85.3538) with 400 queries (recall=0.98).
Average Recall: 0.9873
Initial average recall with ef=100: 0.98799
Average Recall: 0.9873
Initial average recall with ef=150: 0.98799
Recall diff is too small for 1 consecutive steps, break.
Recall diff is too small for 1 consecutive steps, break.
Recall diff is too small for 1 consecutive steps, break.
Recall diff is too small for 1 consecutive steps, break.
Recall diff is too small for 1 consecutive steps, break.
Recall diff is too small for 1 consecutive steps, break.
Recall diff is too small for 1 consecutive steps, break.
Recall diff is too small for 1 consecutive steps, break.
Recall diff is too small for 1 consecutive steps, break.
Recall diff is too small for 1 consecutive steps, break.
Recall diff is too small for 1 consecutive steps, break.
Recall diff is too small for 1 consecutive steps, break.
Weighted average ef: 104.802
Training convergence-bucket 4 [85.3538, 87.3229) with 400 queries (recall=0.98).
Average Recall: 0.988925
Initial average recall with ef=100: 0.989468
Average Recall: 0.988925
Initial average recall with ef=150: 0.989468
Recall diff is too small for 1 consecutive steps, break.
Recall diff is too small for 1 consecutive steps, break.
Recall diff is too small for 1 consecutive steps, break.
Recall diff is too small for 1 consecutive steps, break.
Recall diff is too small for 1 consecutive steps, break.
Recall diff is too small for 1 consecutive steps, break.
Recall diff is too small for 1 consecutive steps, break.
Recall diff is too small for 1 consecutive steps, break.
Recall diff is too small for 1 consecutive steps, break.
Recall diff is too small for 1 consecutive steps, break.
Recall diff is too small for 1 consecutive steps, break.
Recall diff is too small for 1 consecutive steps, break.
Recall diff is too small for 1 consecutive steps, break.
Weighted average ef: 101.56
Training convergence-bucket 5 [87.3229, 88.9481) with 400 queries (recall=0.98).
Average Recall: 0.9952
Initial average recall with ef=100: 0.996351
Average Recall: 0.9952
Initial average recall with ef=150: 0.996351
Recall diff is too small for 1 consecutive steps, break.
Recall diff is too small for 1 consecutive steps, break.
Recall diff is too small for 1 consecutive steps, break.
Weighted average ef: 90.75
Training convergence-bucket 6 [88.9481, 90.4516) with 400 queries (recall=0.98).
Average Recall: 0.997325
Initial average recall with ef=100: 0.997596
Average Recall: 0.997325
Initial average recall with ef=150: 0.997596
Weighted average ef: 91.5
Training convergence-bucket 7 [90.4516, 91.8051) with 400 queries (recall=0.98).
Average Recall: 0.99855
Initial average recall with ef=100: 0.999036
Average Recall: 0.99855
Initial average recall with ef=150: 0.999036
Weighted average ef: 90.75
Training convergence-bucket 8 [91.8051, 92.9795) with 400 queries (recall=0.98).
Average Recall: 0.998825
Initial average recall with ef=100: 0.999008
Average Recall: 0.998825
Initial average recall with ef=150: 0.999008
Weighted average ef: 93.25
Training convergence-bucket 9 [92.9795, inf) with 400 queries (recall=0.98).
Average Recall: 0.99945
Initial average recall with ef=100: 0.999479
Average Recall: 0.99945
Initial average recall with ef=150: 0.999479
Weighted average ef: 96
Reconstructed True WAE: 100.429 (Hard Pct: 0.023875)
  Avg Ef Hard (bucketed): 105.119 | Avg Ef Easy (bucketed): 100.314
****Weighted average ef: 100
Search time: 13169 ms
Search time: 13167 ms
Search time: 13358 ms
Average Recall: 0.98938
5th percentile recall: 0.94
1st percentile recall: 0.87
Median search time: 13169 ms
Search times: 13167 ms, 13169 ms, 13358 ms, 
word2vec-300-angular experiment results:
statisc_length, time, avg_recall, 5th_percentile_recall, 1st_percentile_recall, recall_above_99, recall_above_95, recall_above_90
32769, 13169, 0.98938, 0.94, 0.87, 814, 924, 976
Experiment finished
Dataset: sift10m-128-euclidean
Metric: l2
Truncation ratio: 1
Data vectors dimensions: 10000000 x 128
Query vectors dimensions: 1000 x 128
Neighbors dimensions: 1000 x 100
Index loaded
Dimension of space:128
Data size of space:512
Samplings loaded


Visited list size: 33


Loading samplings from /home/yc.shea/experiments/shiro-ef/sampling/sift10m-128-euclidean-samplings--k100-ef.bin
Samplings loaded from /home/yc.shea/experiments/shiro-ef/sampling/sift10m-128-euclidean-samplings--k100-ef.bin
Average Recall: 0.85466
Initial average recall with ef=100: 0.854981
Average Recall: 0.900999
Initial average recall with ef=150: 0.901301
Weighted average ef: 308.71
EF-estimation table computing time: 15464 ms
Per-bucket recall: conv_p20=0 hard_recall=0.95 easy_recall=0.98
Training convergence-bucket 0 [0, 0) with 400 queries (recall=0.95).
Average Recall: 0.89625
Initial average recall with ef=100: 0.898026
Average Recall: 0.936101
Initial average recall with ef=150: 0.938026
Weighted average ef: 195.855
Training convergence-bucket 1 [0, 0) with 400 queries (recall=0.95).
Average Recall: 0.8988
Initial average recall with ef=100: 0.899042
Average Recall: 0.93795
Initial average recall with ef=150: 0.938005
Weighted average ef: 197.205
Training convergence-bucket 2 [0, 0) with 400 queries (recall=0.95).
Average Recall: 0.898175
Initial average recall with ef=100: 0.900372
Average Recall: 0.9379
Initial average recall with ef=150: 0.939468
Weighted average ef: 187.65
Training convergence-bucket 3 [0, 0) with 400 queries (recall=0.95).
Average Recall: 0.89755
Initial average recall with ef=100: 0.898966
Average Recall: 0.935901
Initial average recall with ef=150: 0.936822
Weighted average ef: 193.423
Training convergence-bucket 4 [0, 0) with 400 queries (recall=0.95).
Average Recall: 0.863425
Initial average recall with ef=100: 0.868158
Average Recall: 0.909575
Initial average recall with ef=150: 0.913447
Weighted average ef: 263.965
Training convergence-bucket 5 [0, 0) with 400 queries (recall=0.95).
Average Recall: 0.726125
Initial average recall with ef=100: 0.723984
Average Recall: 0.79535
Initial average recall with ef=150: 0.7942
Weighted average ef: 555.31
Training convergence-bucket 6 [0, 0) with 400 queries (recall=0.95).
Average Recall: 0.7738
Initial average recall with ef=100: 0.768199
Average Recall: 0.8356
Initial average recall with ef=150: 0.831344
Weighted average ef: 466.215
Training convergence-bucket 7 [0, 0.00145432) with 400 queries (recall=0.95).
Average Recall: 0.8448
Initial average recall with ef=100: 0.842952
Average Recall: 0.893825
Initial average recall with ef=150: 0.89234
Weighted average ef: 303.735
Training convergence-bucket 8 [0.00145432, 5.52459) with 400 queries (recall=0.98).
Average Recall: 0.899125
Initial average recall with ef=100: 0.907684
Average Recall: 0.93415
Initial average recall with ef=150: 0.941063
Recall diff is too small for 1 consecutive steps, break.
Recall diff is too small for 1 consecutive steps, break.
Weighted average ef: 319.603
Training convergence-bucket 9 [5.52459, inf) with 400 queries (recall=0.98).
Average Recall: 0.848625
Initial average recall with ef=100: 0.850216
Average Recall: 0.89375
Initial average recall with ef=150: 0.895243
Recall diff is too small for 1 consecutive steps, break.
Recall diff is too small for 1 consecutive steps, break.
Recall diff is too small for 1 consecutive steps, break.
Recall diff is too small for 1 consecutive steps, break.
Recall diff is too small for 1 consecutive steps, break.
Weighted average ef: 487.608
Reconstructed True WAE: 203.617 (Hard Pct: 0.02)
  Avg Ef Hard (bucketed): 303.88 | Avg Ef Easy (bucketed): 201.571
****Weighted average ef: 203
Search time: 872 ms
Search time: 938 ms
Search time: 882 ms
Average Recall: 0.95458
5th percentile recall: 0.85
1st percentile recall: 0.74
Median search time: 882 ms
Search times: 872 ms, 882 ms, 938 ms, 
sift10m-128-euclidean experiment results:
statisc_length, time, avg_recall, 5th_percentile_recall, 1st_percentile_recall, recall_above_99, recall_above_95, recall_above_90
33, 882, 0.95458, 0.85, 0.74, 382, 646, 843
Experiment finished


Visited list size: 1025


Loading samplings from /home/yc.shea/experiments/shiro-ef/sampling/sift10m-128-euclidean-samplings--k100-ef.bin
Samplings loaded from /home/yc.shea/experiments/shiro-ef/sampling/sift10m-128-euclidean-samplings--k100-ef.bin
Average Recall: 0.854657
Initial average recall with ef=100: 0.854876
Average Recall: 0.900996
Initial average recall with ef=150: 0.901219
Recall diff is too small for 1 consecutive steps, break.
Weighted average ef: 304.489
EF-estimation table computing time: 18465 ms
Per-bucket recall: conv_p20=43.8437 hard_recall=0.95 easy_recall=0.98
Training convergence-bucket 0 [25.6326, 40.8198) with 400 queries (recall=0.95).
Average Recall: 0.65535
Initial average recall with ef=100: 0.652923
Average Recall: 0.73465
Initial average recall with ef=150: 0.732897
Recall diff is too small for 1 consecutive steps, break.
Weighted average ef: 730.415
Training convergence-bucket 1 [40.8198, 43.8437) with 400 queries (recall=0.95).
Average Recall: 0.689975
Initial average recall with ef=100: 0.688593
Average Recall: 0.767325
Initial average recall with ef=150: 0.766113
Weighted average ef: 649.535
Training convergence-bucket 2 [43.8437, 49.4131) with 400 queries (recall=0.98).
Average Recall: 0.76585
Initial average recall with ef=100: 0.763747
Average Recall: 0.835325
Initial average recall with ef=150: 0.833282
Recall diff is too small for 1 consecutive steps, break.
Weighted average ef: 714.21
Training convergence-bucket 3 [49.4131, 53.5096) with 400 queries (recall=0.98).
Average Recall: 0.83605
Initial average recall with ef=100: 0.834578
Average Recall: 0.89375
Initial average recall with ef=150: 0.892685
Recall diff is too small for 1 consecutive steps, break.
Weighted average ef: 482.753
Training convergence-bucket 4 [53.5096, 57.0384) with 400 queries (recall=0.98).
Average Recall: 0.8665
Initial average recall with ef=100: 0.866907
Average Recall: 0.917376
Initial average recall with ef=150: 0.917655
Recall diff is too small for 1 consecutive steps, break.
Weighted average ef: 379.973
Training convergence-bucket 5 [57.0384, 60.7419) with 400 queries (recall=0.98).
Average Recall: 0.8986
Initial average recall with ef=100: 0.899743
Average Recall: 0.941551
Initial average recall with ef=150: 0.942519
Recall diff is too small for 1 consecutive steps, break.
Weighted average ef: 297.615
Training convergence-bucket 6 [60.7419, 64.7118) with 400 queries (recall=0.98).
Average Recall: 0.923151
Initial average recall with ef=100: 0.923817
Average Recall: 0.95875
Initial average recall with ef=150: 0.959313
Weighted average ef: 243.75
Training convergence-bucket 7 [64.7118, 69.2495) with 400 queries (recall=0.98).
Average Recall: 0.950876
Initial average recall with ef=100: 0.95162
Average Recall: 0.97715
Initial average recall with ef=150: 0.977772
Weighted average ef: 176.02
Training convergence-bucket 8 [69.2495, 74.7705) with 400 queries (recall=0.98).
Average Recall: 0.969976
Initial average recall with ef=100: 0.971498
Average Recall: 0.98745
Initial average recall with ef=150: 0.988553
Weighted average ef: 141.125
Training convergence-bucket 9 [74.7705, inf) with 400 queries (recall=0.98).
Average Recall: 0.990325
Initial average recall with ef=100: 0.990851
Average Recall: 0.99675
Initial average recall with ef=150: 0.997062
Weighted average ef: 102.35
Reconstructed True WAE: 208.454 (Hard Pct: 0.02)
  Avg Ef Hard (bucketed): 699.151 | Avg Ef Easy (bucketed): 198.439
****Weighted average ef: 208
Search time: 1583 ms
Search time: 1570 ms
Search time: 1529 ms
Average Recall: 0.98553
5th percentile recall: 0.95
1st percentile recall: 0.92
Median search time: 1570 ms
Search times: 1529 ms, 1570 ms, 1583 ms, 
sift10m-128-euclidean experiment results:
statisc_length, time, avg_recall, 5th_percentile_recall, 1st_percentile_recall, recall_above_99, recall_above_95, recall_above_90
1025, 1570, 0.98553, 0.95, 0.92, 650, 939, 996
Experiment finished


Visited list size: 32769


Loading samplings from /home/yc.shea/experiments/shiro-ef/sampling/sift10m-128-euclidean-samplings--k100-ef.bin
Samplings loaded from /home/yc.shea/experiments/shiro-ef/sampling/sift10m-128-euclidean-samplings--k100-ef.bin
Average Recall: 0.995401
Initial average recall with ef=100: 0.995439
Average Recall: 0.995401
Initial average recall with ef=150: 0.995439
Weighted average ef: 99.925
EF-estimation table computing time: 100306 ms
Per-bucket recall: conv_p20=75.7623 hard_recall=0.95 easy_recall=0.98
Training convergence-bucket 0 [58.0933, 72.1392) with 400 queries (recall=0.95).
Average Recall: 0.975825
Initial average recall with ef=100: 0.97578
Average Recall: 0.975825
Initial average recall with ef=150: 0.97578
Recall diff is too small for 1 consecutive steps, break.
Weighted average ef: 99.765
Training convergence-bucket 1 [72.1392, 75.7623) with 400 queries (recall=0.95).
Average Recall: 0.988325
Initial average recall with ef=100: 0.988376
Average Recall: 0.988325
Initial average recall with ef=150: 0.988376
Weighted average ef: 98.5
Training convergence-bucket 2 [75.7623, 79.4053) with 400 queries (recall=0.98).
Average Recall: 0.994275
Initial average recall with ef=100: 0.994307
Average Recall: 0.994275
Initial average recall with ef=150: 0.994307
Weighted average ef: 99.25
Training convergence-bucket 3 [79.4053, 82.3326) with 400 queries (recall=0.98).
Average Recall: 0.9976
Initial average recall with ef=100: 0.997594
Average Recall: 0.9976
Initial average recall with ef=150: 0.997594
Weighted average ef: 99.75
Training convergence-bucket 4 [82.3326, 84.8855) with 400 queries (recall=0.98).
Average Recall: 0.99915
Initial average recall with ef=100: 0.99916
Average Recall: 0.99915
Initial average recall with ef=150: 0.99916
Weighted average ef: 98.25
Training convergence-bucket 5 [84.8855, 87.0698) with 400 queries (recall=0.98).
Average Recall: 0.999225
Initial average recall with ef=100: 0.999239
Average Recall: 0.999225
Initial average recall with ef=150: 0.999239
Weighted average ef: 98.5
Training convergence-bucket 6 [87.0698, 88.8148) with 400 queries (recall=0.98).
Average Recall: 0.99985
Initial average recall with ef=100: 0.999848
Average Recall: 0.99985
Initial average recall with ef=150: 0.999848
Weighted average ef: 98.75
Training convergence-bucket 7 [88.8148, 90.5621) with 400 queries (recall=0.98).
Average Recall: 0.99985
Initial average recall with ef=100: 0.999924
Average Recall: 0.99985
Initial average recall with ef=150: 0.999924
Weighted average ef: 98.5
Training convergence-bucket 8 [90.5621, 92.0952) with 400 queries (recall=0.98).
Average Recall: 0.999975
Initial average recall with ef=100: 0.999975
Average Recall: 0.999975
Initial average recall with ef=150: 0.999975
Weighted average ef: 98.75
Training convergence-bucket 9 [92.0952, inf) with 400 queries (recall=0.98).
Average Recall: 0.99995
Initial average recall with ef=100: 0.999949
Average Recall: 0.99995
Initial average recall with ef=150: 0.999949
Weighted average ef: 98.75
Reconstructed True WAE: 100.006 (Hard Pct: 0.02)
  Avg Ef Hard (bucketed): 100.104 | Avg Ef Easy (bucketed): 100.004
****Weighted average ef: 100
Search time: 12941 ms
Search time: 12609 ms
Search time: 12540 ms
Average Recall: 0.99786
5th percentile recall: 0.99
1st percentile recall: 0.97
Median search time: 12609 ms
Search times: 12540 ms, 12609 ms, 12941 ms, 
sift10m-128-euclidean experiment results:
statisc_length, time, avg_recall, 5th_percentile_recall, 1st_percentile_recall, recall_above_99, recall_above_95, recall_above_90
32769, 12609, 0.99786, 0.99, 0.97, 955, 998, 999
Experiment finished
Dataset: gist-960-euclidean
Metric: l2
Truncation ratio: 1
Data vectors dimensions: 1000000 x 960
Query vectors dimensions: 1000 x 960
Neighbors dimensions: 1000 x 100
Index loaded
Dimension of space:960
Data size of space:3840
Samplings loaded


Visited list size: 33


Loading samplings from /home/yc.shea/experiments/shiro-ef/sampling/gist-960-euclidean-samplings--k100-ef.bin
Samplings loaded from /home/yc.shea/experiments/shiro-ef/sampling/gist-960-euclidean-samplings--k100-ef.bin
Average Recall: 0.730765
Initial average recall with ef=100: 0.730698
Average Recall: 0.802505
Initial average recall with ef=150: 0.802454
Recall diff is too small for 1 consecutive steps, break.
Recall diff is too small for 1 consecutive steps, break.
Weighted average ef: 614.93
EF-estimation table computing time: 102902 ms
Per-bucket recall: conv_p20=0 hard_recall=0.95 easy_recall=0.98
Training convergence-bucket 0 [0, 0) with 400 queries (recall=0.95).
Average Recall: 0.752975
Initial average recall with ef=100: 0.742259
Average Recall: 0.8244
Initial average recall with ef=150: 0.816446
Weighted average ef: 486.283
Training convergence-bucket 1 [0, 0) with 400 queries (recall=0.95).
Average Recall: 0.7605
Initial average recall with ef=100: 0.752717
Average Recall: 0.829625
Initial average recall with ef=150: 0.823361
Weighted average ef: 455.147
Training convergence-bucket 2 [0, 0) with 400 queries (recall=0.95).
Average Recall: 0.751625
Initial average recall with ef=100: 0.744486
Average Recall: 0.82075
Initial average recall with ef=150: 0.814811
Weighted average ef: 478.665
Training convergence-bucket 3 [0, 0) with 400 queries (recall=0.95).
Average Recall: 0.7553
Initial average recall with ef=100: 0.751504
Average Recall: 0.825625
Initial average recall with ef=150: 0.822758
Recall diff is too small for 1 consecutive steps, break.
Recall diff is too small for 1 consecutive steps, break.
Weighted average ef: 462.542
Training convergence-bucket 4 [0, 0) with 400 queries (recall=0.95).
Average Recall: 0.747575
Initial average recall with ef=100: 0.745606
Average Recall: 0.819475
Initial average recall with ef=150: 0.818787
Weighted average ef: 494.56
Training convergence-bucket 5 [0, 0) with 400 queries (recall=0.95).
Average Recall: 0.63745
Initial average recall with ef=100: 0.625978
Average Recall: 0.718225
Initial average recall with ef=150: 0.707717
Weighted average ef: 962.72
Training convergence-bucket 6 [0, 0) with 400 queries (recall=0.95).
Average Recall: 0.60535
Initial average recall with ef=100: 0.584578
Average Recall: 0.6904
Initial average recall with ef=150: 0.672752
Recall diff is too small for 1 consecutive steps, break.
Recall diff is too small for 1 consecutive steps, break.
Weighted average ef: 1008.05
Training convergence-bucket 7 [0, 0) with 400 queries (recall=0.95).
Average Recall: 0.754025
Initial average recall with ef=100: 0.747278
Average Recall: 0.82725
Initial average recall with ef=150: 0.821167
Recall diff is too small for 1 consecutive steps, break.
Weighted average ef: 488.165
Training convergence-bucket 8 [0, 6.31898) with 400 queries (recall=0.98).
Average Recall: 0.799975
Initial average recall with ef=100: 0.79673
Average Recall: 0.859276
Initial average recall with ef=150: 0.856216
Recall diff is too small for 1 consecutive steps, break.
Recall diff is too small for 1 consecutive steps, break.
Recall diff is too small for 1 consecutive steps, break.
Recall diff is too small for 1 consecutive steps, break.
Recall diff is too small for 1 consecutive steps, break.
Weighted average ef: 884.235
Training convergence-bucket 9 [6.31898, inf) with 400 queries (recall=0.98).
Average Recall: 0.7429
Initial average recall with ef=100: 0.740902
Average Recall: 0.81005
Initial average recall with ef=150: 0.809508
Recall diff is too small for 1 consecutive steps, break.
Recall diff is too small for 1 consecutive steps, break.
Recall diff is too small for 1 consecutive steps, break.
Recall diff is too small for 1 consecutive steps, break.
Recall diff is too small for 1 consecutive steps, break.
Weighted average ef: 1133.09
Reconstructed True WAE: 477.544 (Hard Pct: 0.010775)
  Avg Ef Hard (bucketed): 766.137 | Avg Ef Easy (bucketed): 474.4
****Weighted average ef: 477
Search time: 5548 ms
Search time: 5508 ms
Search time: 5266 ms
Average Recall: 0.95043
5th percentile recall: 0.85
1st percentile recall: 0.77
Median search time: 5508 ms
Search times: 5266 ms, 5508 ms, 5548 ms, 
gist-960-euclidean experiment results:
statisc_length, time, avg_recall, 5th_percentile_recall, 1st_percentile_recall, recall_above_99, recall_above_95, recall_above_90
33, 5508, 0.95043, 0.85, 0.77, 328, 578, 837
Experiment finished


Visited list size: 1025


Loading samplings from /home/yc.shea/experiments/shiro-ef/sampling/gist-960-euclidean-samplings--k100-ef.bin
Samplings loaded from /home/yc.shea/experiments/shiro-ef/sampling/gist-960-euclidean-samplings--k100-ef.bin
Average Recall: 0.730765
Initial average recall with ef=100: 0.731088
Average Recall: 0.802507
Initial average recall with ef=150: 0.802829
Recall diff is too small for 1 consecutive steps, break.
Weighted average ef: 625.902
EF-estimation table computing time: 109818 ms
Per-bucket recall: conv_p20=36.6201 hard_recall=0.95 easy_recall=0.98
Training convergence-bucket 0 [23.8147, 33.1689) with 400 queries (recall=0.95).
Average Recall: 0.50875
Initial average recall with ef=100: 0.508615
Average Recall: 0.602925
Initial average recall with ef=150: 0.602538
Recall diff is too small for 1 consecutive steps, break.
Recall diff is too small for 1 consecutive steps, break.
Recall diff is too small for 1 consecutive steps, break.
Weighted average ef: 1455.5
Training convergence-bucket 1 [33.1689, 36.6201) with 400 queries (recall=0.95).
Average Recall: 0.567625
Initial average recall with ef=100: 0.566111
Average Recall: 0.662725
Initial average recall with ef=150: 0.661212
Recall diff is too small for 1 consecutive steps, break.
Weighted average ef: 1104.28
Training convergence-bucket 2 [36.6201, 39.5445) with 400 queries (recall=0.98).
Average Recall: 0.621275
Initial average recall with ef=100: 0.621447
Average Recall: 0.709725
Initial average recall with ef=150: 0.71031
Weighted average ef: 1707.98
Training convergence-bucket 3 [39.5445, 42.2303) with 400 queries (recall=0.98).
Average Recall: 0.666925
Initial average recall with ef=100: 0.669406
Average Recall: 0.7542
Initial average recall with ef=150: 0.756951
Recall diff is too small for 1 consecutive steps, break.
Recall diff is too small for 1 consecutive steps, break.
Recall diff is too small for 1 consecutive steps, break.
Recall diff is too small for 1 consecutive steps, break.
Weighted average ef: 1260.58
Training convergence-bucket 4 [42.2303, 44.9316) with 400 queries (recall=0.98).
Average Recall: 0.705775
Initial average recall with ef=100: 0.706615
Average Recall: 0.78765
Initial average recall with ef=150: 0.789089
Recall diff is too small for 1 consecutive steps, break.
Recall diff is too small for 1 consecutive steps, break.
Weighted average ef: 997.823
Training convergence-bucket 5 [44.9316, 48.2064) with 400 queries (recall=0.98).
Average Recall: 0.748625
Initial average recall with ef=100: 0.748432
Average Recall: 0.82525
Initial average recall with ef=150: 0.824987
Recall diff is too small for 1 consecutive steps, break.
Recall diff is too small for 1 consecutive steps, break.
Recall diff is too small for 1 consecutive steps, break.
Recall diff is too small for 1 consecutive steps, break.
Recall diff is too small for 1 consecutive steps, break.
Weighted average ef: 913.025
Training convergence-bucket 6 [48.2064, 52.5846) with 400 queries (recall=0.98).
Average Recall: 0.79775
Initial average recall with ef=100: 0.799041
Average Recall: 0.866726
Initial average recall with ef=150: 0.867979
Recall diff is too small for 1 consecutive steps, break.
Weighted average ef: 619.867
Training convergence-bucket 7 [52.5846, 58.2719) with 400 queries (recall=0.98).
Average Recall: 0.839775
Initial average recall with ef=100: 0.839691
Average Recall: 0.89915
Initial average recall with ef=150: 0.899175
Recall diff is too small for 1 consecutive steps, break.
Recall diff is too small for 1 consecutive steps, break.
Recall diff is too small for 1 consecutive steps, break.
Recall diff is too small for 1 consecutive steps, break.
Weighted average ef: 482.297
Training convergence-bucket 8 [58.2719, 66.3334) with 400 queries (recall=0.98).
Average Recall: 0.894075
Initial average recall with ef=100: 0.896897
Average Recall: 0.938375
Initial average recall with ef=150: 0.940769
Recall diff is too small for 1 consecutive steps, break.
Weighted average ef: 328.037
Training convergence-bucket 9 [66.3334, inf) with 400 queries (recall=0.98).
Average Recall: 0.9571
Initial average recall with ef=100: 0.96114
Average Recall: 0.978375
Initial average recall with ef=150: 0.980958
Weighted average ef: 167.458
Reconstructed True WAE: 549.366 (Hard Pct: 0.010775)
  Avg Ef Hard (bucketed): 1545.42 | Avg Ef Easy (bucketed): 538.516
****Weighted average ef: 549
Search time: 8633 ms
Search time: 8616 ms
Search time: 8966 ms
Average Recall: 0.98168
5th percentile recall: 0.94
1st percentile recall: 0.9
Median search time: 8633 ms
Search times: 8616 ms, 8633 ms, 8966 ms, 
gist-960-euclidean experiment results:
statisc_length, time, avg_recall, 5th_percentile_recall, 1st_percentile_recall, recall_above_99, recall_above_95, recall_above_90
1025, 8633, 0.98168, 0.94, 0.9, 571, 888, 989
Experiment finished


Visited list size: 32769


Loading samplings from /home/yc.shea/experiments/shiro-ef/sampling/gist-960-euclidean-samplings--k100-ef.bin
Samplings loaded from /home/yc.shea/experiments/shiro-ef/sampling/gist-960-euclidean-samplings--k100-ef.bin
Average Recall: 0.982184
Initial average recall with ef=100: 0.982276
Average Recall: 0.982184
Initial average recall with ef=150: 0.982276
Recall diff is too small for 1 consecutive steps, break.
Weighted average ef: 422.2
EF-estimation table computing time: 195966 ms
Per-bucket recall: conv_p20=75.4424 hard_recall=0.95 easy_recall=0.98
Training convergence-bucket 0 [63.1883, 72.8613) with 400 queries (recall=0.95).
Average Recall: 0.929751
Initial average recall with ef=100: 0.931091
Average Recall: 0.929751
Initial average recall with ef=150: 0.931091
Recall diff is too small for 1 consecutive steps, break.
Weighted average ef: 3480.31
Training convergence-bucket 1 [72.8613, 75.4424) with 400 queries (recall=0.95).
Average Recall: 0.961476
Initial average recall with ef=100: 0.962183
Average Recall: 0.961476
Initial average recall with ef=150: 0.962183
Weighted average ef: 368.247
Training convergence-bucket 2 [75.4424, 77.6931) with 400 queries (recall=0.98).
Average Recall: 0.9736
Initial average recall with ef=100: 0.973763
Average Recall: 0.9736
Initial average recall with ef=150: 0.973763
Weighted average ef: 2450.56
Training convergence-bucket 3 [77.6931, 79.772) with 400 queries (recall=0.98).
Average Recall: 0.983075
Initial average recall with ef=100: 0.983772
Average Recall: 0.983075
Initial average recall with ef=150: 0.983772
Recall diff is too small for 1 consecutive steps, break.
Weighted average ef: 705.95
Training convergence-bucket 4 [79.772, 81.8535) with 400 queries (recall=0.98).
Average Recall: 0.9896
Initial average recall with ef=100: 0.989848
Average Recall: 0.9896
Initial average recall with ef=150: 0.989848
Weighted average ef: 242.125
Training convergence-bucket 5 [81.8535, 83.7951) with 400 queries (recall=0.98).
Average Recall: 0.9923
Initial average recall with ef=100: 0.992468
Average Recall: 0.9923
Initial average recall with ef=150: 0.992468
Weighted average ef: 234.5
Training convergence-bucket 6 [83.7951, 85.7562) with 400 queries (recall=0.98).
Average Recall: 0.996125
Initial average recall with ef=100: 0.996285
Average Recall: 0.996125
Initial average recall with ef=150: 0.996285
Weighted average ef: 98.25
Training convergence-bucket 7 [85.7562, 87.8811) with 400 queries (recall=0.98).
Average Recall: 0.997675
Initial average recall with ef=100: 0.997857
Average Recall: 0.997675
Initial average recall with ef=150: 0.997857
Weighted average ef: 98
Training convergence-bucket 8 [87.8811, 90.5801) with 400 queries (recall=0.98).
Average Recall: 0.9987
Initial average recall with ef=100: 0.998775
Average Recall: 0.9987
Initial average recall with ef=150: 0.998775
Weighted average ef: 98
Training convergence-bucket 9 [90.5801, inf) with 400 queries (recall=0.98).
Average Recall: 0.999625
Initial average recall with ef=100: 0.999639
Average Recall: 0.999625
Initial average recall with ef=150: 0.999639
Weighted average ef: 97
Reconstructed True WAE: 166.121 (Hard Pct: 0.010775)
  Avg Ef Hard (bucketed): 1201.76 | Avg Ef Easy (bucketed): 154.841
****Weighted average ef: 166
Search time: 24337 ms
Search time: 24591 ms
Search time: 24725 ms
Average Recall: 0.9891
5th percentile recall: 0.96
1st percentile recall: 0.94
Median search time: 24591 ms
Search times: 24337 ms, 24591 ms, 24725 ms, 
gist-960-euclidean experiment results:
statisc_length, time, avg_recall, 5th_percentile_recall, 1st_percentile_recall, recall_above_99, recall_above_95, recall_above_90
32769, 24591, 0.9891, 0.96, 0.94, 725, 956, 998
Experiment finished
Dataset: tiny5m-384-euclidean
Metric: l2
Truncation ratio: 1
Data vectors dimensions: 5000000 x 384
Query vectors dimensions: 1000 x 384
Neighbors dimensions: 1000 x 100
Index loaded
Dimension of space:384
Data size of space:1536
Samplings loaded


Visited list size: 33


Loading samplings from /home/yc.shea/experiments/shiro-ef/sampling/tiny5m-384-euclidean-samplings--k100-ef.bin
Samplings loaded from /home/yc.shea/experiments/shiro-ef/sampling/tiny5m-384-euclidean-samplings--k100-ef.bin
Average Recall: 0.647688
Initial average recall with ef=100: 0.647506
Average Recall: 0.718835
Initial average recall with ef=150: 0.718636
Recall diff is too small for 1 consecutive steps, break.
Recall diff is too small for 1 consecutive steps, break.
Weighted average ef: 1186.69
EF-estimation table computing time: 141547 ms
Per-bucket recall: conv_p20=0 hard_recall=0.95 easy_recall=0.98
Training convergence-bucket 0 [0, 0) with 400 queries (recall=0.95).
Average Recall: 0.650725
Initial average recall with ef=100: 0.641153
Average Recall: 0.725275
Initial average recall with ef=150: 0.717239
Recall diff is too small for 1 consecutive steps, break.
Recall diff is too small for 1 consecutive steps, break.
Weighted average ef: 1069.89
Training convergence-bucket 1 [0, 0) with 400 queries (recall=0.95).
Average Recall: 0.6768
Initial average recall with ef=100: 0.658361
Average Recall: 0.745175
Initial average recall with ef=150: 0.729195
Recall diff is too small for 1 consecutive steps, break.
Weighted average ef: 999.285
Training convergence-bucket 2 [0, 0) with 400 queries (recall=0.95).
Average Recall: 0.669425
Initial average recall with ef=100: 0.658969
Average Recall: 0.741925
Initial average recall with ef=150: 0.732145
Recall diff is too small for 1 consecutive steps, break.
Weighted average ef: 907.678
Training convergence-bucket 3 [0, 0) with 400 queries (recall=0.95).
Average Recall: 0.661225
Initial average recall with ef=100: 0.64385
Average Recall: 0.733775
Initial average recall with ef=150: 0.717812
Recall diff is too small for 1 consecutive steps, break.
Recall diff is too small for 1 consecutive steps, break.
Weighted average ef: 1017.7
Training convergence-bucket 4 [0, 0) with 400 queries (recall=0.95).
Average Recall: 0.683191
Initial average recall with ef=100: 0.67133
Average Recall: 0.753768
Initial average recall with ef=150: 0.743324
Recall diff is too small for 1 consecutive steps, break.
Recall diff is too small for 1 consecutive steps, break.
Recall diff is too small for 1 consecutive steps, break.
Recall diff is too small for 1 consecutive steps, break.
Recall diff is too small for 1 consecutive steps, break.
Weighted average ef: 1058.73
Training convergence-bucket 5 [0, 0) with 400 queries (recall=0.95).
Average Recall: 0.5765
Initial average recall with ef=100: 0.560856
Average Recall: 0.6497
Initial average recall with ef=150: 0.635829
Recall diff is too small for 1 consecutive steps, break.
Weighted average ef: 1606.78
Training convergence-bucket 6 [0, 0) with 400 queries (recall=0.95).
Average Recall: 0.488425
Initial average recall with ef=100: 0.465833
Average Recall: 0.565575
Initial average recall with ef=150: 0.544839
Recall diff is too small for 1 consecutive steps, break.
Recall diff is too small for 1 consecutive steps, break.
Recall diff is too small for 1 consecutive steps, break.
Weighted average ef: 2272.09
Training convergence-bucket 7 [0, 0) with 400 queries (recall=0.95).
Average Recall: 0.6544
Initial average recall with ef=100: 0.63975
Average Recall: 0.7283
Initial average recall with ef=150: 0.715083
Recall diff is too small for 1 consecutive steps, break.
Weighted average ef: 1026.84
Training convergence-bucket 8 [0, 3.40199) with 400 queries (recall=0.95).
Average Recall: 0.716825
Initial average recall with ef=100: 0.709226
Average Recall: 0.7805
Initial average recall with ef=150: 0.774696
Recall diff is too small for 1 consecutive steps, break.
Recall diff is too small for 1 consecutive steps, break.
Weighted average ef: 813.95
Training convergence-bucket 9 [3.40199, inf) with 400 queries (recall=0.98).
Average Recall: 0.69955
Initial average recall with ef=100: 0.68708
Average Recall: 0.76455
Initial average recall with ef=150: 0.754077
Recall diff is too small for 1 consecutive steps, break.
Recall diff is too small for 1 consecutive steps, break.
Recall diff is too small for 1 consecutive steps, break.
Recall diff is too small for 1 consecutive steps, break.
Recall diff is too small for 1 consecutive steps, break.
Recall diff is too small for 1 consecutive steps, break.
Weighted average ef: 1852.08
Reconstructed True WAE: 886.916 (Hard Pct: 0.00835)
  Avg Ef Hard (bucketed): 1683.46 | Avg Ef Easy (bucketed): 880.209
****Weighted average ef: 886
Search time: 7209 ms
Search time: 6619 ms
Search time: 7076 ms
Average Recall: 0.9528
5th percentile recall: 0.84
1st percentile recall: 0.7
Median search time: 7076 ms
Search times: 6619 ms, 7076 ms, 7209 ms, 
tiny5m-384-euclidean experiment results:
statisc_length, time, avg_recall, 5th_percentile_recall, 1st_percentile_recall, recall_above_99, recall_above_95, recall_above_90
33, 7076, 0.9528, 0.84, 0.7, 401, 650, 851
Experiment finished


Visited list size: 1025


Loading samplings from /home/yc.shea/experiments/shiro-ef/sampling/tiny5m-384-euclidean-samplings--k100-ef.bin
Samplings loaded from /home/yc.shea/experiments/shiro-ef/sampling/tiny5m-384-euclidean-samplings--k100-ef.bin
Average Recall: 0.647698
Initial average recall with ef=100: 0.647272
Average Recall: 0.71884
Initial average recall with ef=150: 0.718396
Recall diff is too small for 1 consecutive steps, break.
Recall diff is too small for 1 consecutive steps, break.
Recall diff is too small for 1 consecutive steps, break.
Recall diff is too small for 1 consecutive steps, break.
Recall diff is too small for 1 consecutive steps, break.
Recall diff is too small for 1 consecutive steps, break.
Weighted average ef: 995.914
EF-estimation table computing time: 109539 ms
Per-bucket recall: conv_p20=32.9534 hard_recall=0.95 easy_recall=0.98
Training convergence-bucket 0 [20.2778, 29.0744) with 400 queries (recall=0.95).
Average Recall: 0.3739
Initial average recall with ef=100: 0.37051
Average Recall: 0.451075
Initial average recall with ef=150: 0.447526
Weighted average ef: 3040.03
Training convergence-bucket 1 [29.0744, 32.9534) with 400 queries (recall=0.95).
Average Recall: 0.43765
Initial average recall with ef=100: 0.435406
Average Recall: 0.523175
Initial average recall with ef=150: 0.520482
Recall diff is too small for 1 consecutive steps, break.
Weighted average ef: 2273.84
Training convergence-bucket 2 [32.9534, 35.669) with 400 queries (recall=0.98).
Average Recall: 0.5013
Initial average recall with ef=100: 0.500732
Average Recall: 0.585325
Initial average recall with ef=150: 0.585076
Recall diff is too small for 1 consecutive steps, break.
Recall diff is too small for 1 consecutive steps, break.
Recall diff is too small for 1 consecutive steps, break.
Weighted average ef: 3202.94
Training convergence-bucket 3 [35.669, 38.3431) with 400 queries (recall=0.98).
Average Recall: 0.55005
Initial average recall with ef=100: 0.548491
Average Recall: 0.637125
Initial average recall with ef=150: 0.63578
Recall diff is too small for 1 consecutive steps, break.
Recall diff is too small for 1 consecutive steps, break.
Recall diff is too small for 1 consecutive steps, break.
Recall diff is too small for 1 consecutive steps, break.
Weighted average ef: 2546.62
Training convergence-bucket 4 [38.3431, 41.1794) with 400 queries (recall=0.98).
Average Recall: 0.6087
Initial average recall with ef=100: 0.608829
Average Recall: 0.693325
Initial average recall with ef=150: 0.694173
Recall diff is too small for 1 consecutive steps, break.
Recall diff is too small for 1 consecutive steps, break.
Recall diff is too small for 1 consecutive steps, break.
Weighted average ef: 1994.65
Training convergence-bucket 5 [41.1794, 44.4849) with 400 queries (recall=0.98).
Average Recall: 0.667425
Initial average recall with ef=100: 0.667781
Average Recall: 0.749075
Initial average recall with ef=150: 0.749713
Recall diff is too small for 1 consecutive steps, break.
Recall diff is too small for 1 consecutive steps, break.
Recall diff is too small for 1 consecutive steps, break.
Recall diff is too small for 1 consecutive steps, break.
Recall diff is too small for 1 consecutive steps, break.
Recall diff is too small for 1 consecutive steps, break.
Recall diff is too small for 1 consecutive steps, break.
Weighted average ef: 1362.27
Training convergence-bucket 6 [44.4849, 48.9284) with 400 queries (recall=0.98).
Average Recall: 0.7282
Initial average recall with ef=100: 0.727154
Average Recall: 0.8025
Initial average recall with ef=150: 0.801846
Recall diff is too small for 1 consecutive steps, break.
Recall diff is too small for 1 consecutive steps, break.
Recall diff is too small for 1 consecutive steps, break.
Weighted average ef: 1102.08
Training convergence-bucket 7 [48.9284, 55.0126) with 400 queries (recall=0.98).
Average Recall: 0.7932
Initial average recall with ef=100: 0.792832
Average Recall: 0.86005
Initial average recall with ef=150: 0.859464
Recall diff is too small for 1 consecutive steps, break.
Recall diff is too small for 1 consecutive steps, break.
Weighted average ef: 744.733
Training convergence-bucket 8 [55.0126, 65.1821) with 400 queries (recall=0.98).
Average Recall: 0.868672
Initial average recall with ef=100: 0.870773
Average Recall: 0.916266
Initial average recall with ef=150: 0.917809
Recall diff is too small for 1 consecutive steps, break.
Weighted average ef: 497.515
Training convergence-bucket 9 [65.1821, inf) with 400 queries (recall=0.98).
Average Recall: 0.949198
Initial average recall with ef=100: 0.953161
Average Recall: 0.971629
Initial average recall with ef=150: 0.974171
Recall diff is too small for 1 consecutive steps, break.
Recall diff is too small for 1 consecutive steps, break.
Weighted average ef: 194.2
Reconstructed True WAE: 1058.2 (Hard Pct: 0.00835)
  Avg Ef Hard (bucketed): 3310.61 | Avg Ef Easy (bucketed): 1039.24
****Weighted average ef: 1058
Search time: 10046 ms
Search time: 10516 ms
Search time: 10512 ms
Average Recall: 0.97582
5th percentile recall: 0.93
1st percentile recall: 0.88
Median search time: 10512 ms
Search times: 10046 ms, 10512 ms, 10516 ms, 
tiny5m-384-euclidean experiment results:
statisc_length, time, avg_recall, 5th_percentile_recall, 1st_percentile_recall, recall_above_99, recall_above_95, recall_above_90
1025, 10512, 0.97582, 0.93, 0.88, 493, 841, 980
Experiment finished


Visited list size: 32769


Loading samplings from /home/yc.shea/experiments/shiro-ef/sampling/tiny5m-384-euclidean-samplings--k100-ef.bin
Samplings loaded from /home/yc.shea/experiments/shiro-ef/sampling/tiny5m-384-euclidean-samplings--k100-ef.bin
Average Recall: 0.95249
Initial average recall with ef=100: 0.952471
Average Recall: 0.952488
Initial average recall with ef=150: 0.952469
Weighted average ef: 1793.48
EF-estimation table computing time: 193086 ms
Per-bucket recall: conv_p20=64.4186 hard_recall=0.95 easy_recall=0.98
Training convergence-bucket 0 [52.8367, 60.8486) with 400 queries (recall=0.95).
Average Recall: 0.826025
Initial average recall with ef=100: 0.825865
Average Recall: 0.826025
Initial average recall with ef=150: 0.825865
Weighted average ef: 4987.5
Training convergence-bucket 1 [60.8486, 64.4186) with 400 queries (recall=0.95).
Average Recall: 0.88895
Initial average recall with ef=100: 0.888945
Average Recall: 0.88895
Initial average recall with ef=150: 0.888945
Weighted average ef: 4975
Training convergence-bucket 2 [64.4186, 67.7012) with 400 queries (recall=0.98).
Average Recall: 0.926175
Initial average recall with ef=100: 0.926111
Average Recall: 0.926175
Initial average recall with ef=150: 0.926111
Weighted average ef: 4950
Training convergence-bucket 3 [67.7012, 70.7888) with 400 queries (recall=0.98).
Average Recall: 0.951075
Initial average recall with ef=100: 0.951181
Average Recall: 0.951075
Initial average recall with ef=150: 0.951181
Recall diff is too small for 1 consecutive steps, break.
Weighted average ef: 4865.38
Training convergence-bucket 4 [70.7888, 74.2517) with 400 queries (recall=0.98).
Average Recall: 0.967975
Initial average recall with ef=100: 0.967808
Average Recall: 0.967975
Initial average recall with ef=150: 0.967808
Recall diff is too small for 1 consecutive steps, break.
Weighted average ef: 3679.1
Training convergence-bucket 5 [74.2517, 77.5234) with 400 queries (recall=0.98).
Average Recall: 0.98195
Initial average recall with ef=100: 0.982551
Average Recall: 0.981925
Initial average recall with ef=150: 0.982525
Weighted average ef: 814.105
Training convergence-bucket 6 [77.5234, 80.8656) with 400 queries (recall=0.98).
Average Recall: 0.9909
Initial average recall with ef=100: 0.991131
Average Recall: 0.9909
Initial average recall with ef=150: 0.991131
Recall diff is too small for 1 consecutive steps, break.
Weighted average ef: 348.115
Training convergence-bucket 7 [80.8656, 84.7742) with 400 queries (recall=0.98).
Average Recall: 0.996325
Initial average recall with ef=100: 0.996421
Average Recall: 0.996325
Initial average recall with ef=150: 0.996421
Weighted average ef: 98.5
Training convergence-bucket 8 [84.7742, 88.9627) with 400 queries (recall=0.98).
Average Recall: 0.9986
Initial average recall with ef=100: 0.998644
Average Recall: 0.9986
Initial average recall with ef=150: 0.998644
Weighted average ef: 97.75
Training convergence-bucket 9 [88.9627, inf) with 400 queries (recall=0.98).
Average Recall: 0.997025
Initial average recall with ef=100: 0.997688
Average Recall: 0.997025
Initial average recall with ef=150: 0.997688
Recall diff is too small for 1 consecutive steps, break.
Weighted average ef: 96.25
Reconstructed True WAE: 891.123 (Hard Pct: 0.00835)
  Avg Ef Hard (bucketed): 5000 | Avg Ef Easy (bucketed): 856.525
****Weighted average ef: 891
Search time: 27505 ms
Search time: 27789 ms
Search time: 28151 ms
Average Recall: 0.98968
5th percentile recall: 0.97
1st percentile recall: 0.93
Median search time: 27789 ms
Search times: 27505 ms, 27789 ms, 28151 ms, 
tiny5m-384-euclidean experiment results:
statisc_length, time, avg_recall, 5th_percentile_recall, 1st_percentile_recall, recall_above_99, recall_above_95, recall_above_90
32769, 27789, 0.98968, 0.97, 0.93, 788, 970, 997
Experiment finished
Dataset: msmarco
Metric: cd
Truncation ratio: 1
Normalize the data vectors
Data vectors dimensions: 8841823 x 1536
Query vectors dimensions: 6980 x 1536
Neighbors dimensions: 6980 x 1000
Using AVX Inner Product distance
Index loaded
Dimension of space:1536
Data size of space:6144
Samplings loaded


Visited list size: 33


Loading samplings from /home/yc.shea/experiments/shiro-ef/sampling/msmarco-samplings--k1000-ef.bin
Samplings loaded from /home/yc.shea/experiments/shiro-ef/sampling/msmarco-samplings--k1000-ef.bin
Average Recall: 0.954404
Initial average recall with ef=1000: 0.954438
Average Recall: 0.973804
Initial average recall with ef=1500: 0.973826
Weighted average ef: 1294.38
EF-estimation table computing time: 137699 ms
Per-bucket recall: conv_p20=0 hard_recall=0.95 easy_recall=0.98
Training convergence-bucket 0 [0, 0) with 400 queries (recall=0.95).
Average Recall: 0.971842
Initial average recall with ef=1000: 0.971682
Average Recall: 0.985929
Initial average recall with ef=1500: 0.985842
Weighted average ef: 995.213
Training convergence-bucket 1 [0, 0) with 400 queries (recall=0.95).
Average Recall: 0.976029
Initial average recall with ef=1000: 0.975536
Average Recall: 0.988601
Initial average recall with ef=1500: 0.9883
Weighted average ef: 955.59
Training convergence-bucket 2 [0, 0) with 400 queries (recall=0.95).
Average Recall: 0.977064
Initial average recall with ef=1000: 0.976645
Average Recall: 0.989471
Initial average recall with ef=1500: 0.989194
Weighted average ef: 927.823
Training convergence-bucket 3 [0, 0) with 400 queries (recall=0.95).
Average Recall: 0.95962
Initial average recall with ef=1000: 0.958461
Average Recall: 0.977764
Initial average recall with ef=1500: 0.977016
Weighted average ef: 1153.33
Training convergence-bucket 4 [0, 0) with 400 queries (recall=0.95).
Average Recall: 0.876042
Initial average recall with ef=1000: 0.874
Average Recall: 0.920943
Initial average recall with ef=1500: 0.919468
Weighted average ef: 2300.99
Training convergence-bucket 5 [0, 0) with 400 queries (recall=0.95).
Average Recall: 0.90793
Initial average recall with ef=1000: 0.904667
Average Recall: 0.944957
Initial average recall with ef=1500: 0.9427
Weighted average ef: 1714.04
Training convergence-bucket 6 [0, 0.0101141) with 400 queries (recall=0.95).
Average Recall: 0.957505
Initial average recall with ef=1000: 0.955459
Average Recall: 0.975109
Initial average recall with ef=1500: 0.973705
Weighted average ef: 1204.29
Training convergence-bucket 7 [0.0101141, 2.09491) with 400 queries (recall=0.98).
Average Recall: 0.976789
Initial average recall with ef=1000: 0.977491
Average Recall: 0.988109
Initial average recall with ef=1500: 0.98857
Weighted average ef: 1179.56
Training convergence-bucket 8 [2.09491, 8.97154) with 400 queries (recall=0.98).
Average Recall: 0.978432
Initial average recall with ef=1000: 0.980198
Average Recall: 0.988609
Initial average recall with ef=1500: 0.98969
Weighted average ef: 1205.11
Training convergence-bucket 9 [8.97154, inf) with 400 queries (recall=0.98).
Average Recall: 0.962739
Initial average recall with ef=1000: 0.962587
Average Recall: 0.978459
Initial average recall with ef=1500: 0.977974
Weighted average ef: 1659.27
Reconstructed True WAE: 1049.33 (Hard Pct: 0.027)
  Avg Ef Hard (bucketed): 1144.35 | Avg Ef Easy (bucketed): 1046.69
****Weighted average ef: 1049
Search time: 186501 ms
Search time: 187974 ms
Search time: 188091 ms
Average Recall: 0.960794
5th percentile recall: 0.848
1st percentile recall: 0.745
Median search time: 187974 ms
Search times: 186501 ms, 187974 ms, 188091 ms, 
msmarco experiment results:
statisc_length, time, avg_recall, 5th_percentile_recall, 1st_percentile_recall, recall_above_99, recall_above_95, recall_above_90
33, 187974, 0.960794, 0.848, 0.745, 2621, 5196, 6215
Experiment finished


Visited list size: 1025


Loading samplings from /home/yc.shea/experiments/shiro-ef/sampling/msmarco-samplings--k1000-ef.bin
Samplings loaded from /home/yc.shea/experiments/shiro-ef/sampling/msmarco-samplings--k1000-ef.bin
Average Recall: 0.954404
Initial average recall with ef=1000: 0.954361
Average Recall: 0.973804
Initial average recall with ef=1500: 0.973772
Weighted average ef: 1360.76
EF-estimation table computing time: 278538 ms
Per-bucket recall: conv_p20=54.8034 hard_recall=0.95 easy_recall=0.98
Training convergence-bucket 0 [13.7411, 49.5293) with 400 queries (recall=0.95).
Average Recall: 0.866553
Initial average recall with ef=1000: 0.863815
Average Recall: 0.913742
Initial average recall with ef=1500: 0.911935
Weighted average ef: 2503.84
Training convergence-bucket 1 [49.5293, 54.8034) with 400 queries (recall=0.95).
Average Recall: 0.89978
Initial average recall with ef=1000: 0.896674
Average Recall: 0.939535
Initial average recall with ef=1500: 0.937525
Weighted average ef: 1945
Training convergence-bucket 2 [54.8034, 60.5192) with 400 queries (recall=0.98).
Average Recall: 0.91158
Initial average recall with ef=1000: 0.908764
Average Recall: 0.947032
Initial average recall with ef=1500: 0.945239
Weighted average ef: 3012.3
Training convergence-bucket 3 [60.5192, 69.3943) with 400 queries (recall=0.98).
Average Recall: 0.961252
Initial average recall with ef=1000: 0.96054
Average Recall: 0.980302
Initial average recall with ef=1500: 0.980005
Weighted average ef: 1612.97
Training convergence-bucket 4 [69.3943, 73.5778) with 400 queries (recall=0.98).
Average Recall: 0.970972
Initial average recall with ef=1000: 0.971369
Average Recall: 0.985537
Initial average recall with ef=1500: 0.985914
Weighted average ef: 1426.25
Training convergence-bucket 5 [73.5778, 76.6784) with 400 queries (recall=0.98).
Average Recall: 0.978862
Initial average recall with ef=1000: 0.979324
Average Recall: 0.990071
Initial average recall with ef=1500: 0.990358
Weighted average ef: 1233.75
Training convergence-bucket 6 [76.6784, 78.9222) with 400 queries (recall=0.98).
Average Recall: 0.984597
Initial average recall with ef=1000: 0.985411
Average Recall: 0.993424
Initial average recall with ef=1500: 0.993929
Weighted average ef: 1128.75
Training convergence-bucket 7 [78.9222, 80.83) with 400 queries (recall=0.98).
Average Recall: 0.987129
Initial average recall with ef=1000: 0.987822
Average Recall: 0.994676
Initial average recall with ef=1500: 0.995018
Weighted average ef: 1055.99
Training convergence-bucket 8 [80.83, 82.8812) with 400 queries (recall=0.98).
Average Recall: 0.990616
Initial average recall with ef=1000: 0.991445
Average Recall: 0.996366
Initial average recall with ef=1500: 0.996847
Weighted average ef: 1022.5
Training convergence-bucket 9 [82.8812, inf) with 400 queries (recall=0.98).
Average Recall: 0.992651
Initial average recall with ef=1000: 0.992997
Average Recall: 0.997266
Initial average recall with ef=1500: 0.997466
Weighted average ef: 1003.39
Reconstructed True WAE: 1156.91 (Hard Pct: 0.027)
  Avg Ef Hard (bucketed): 2121.84 | Avg Ef Easy (bucketed): 1130.14
****Weighted average ef: 1156
Search time: 236231 ms
Search time: 238608 ms
Search time: 238470 ms
Average Recall: 0.975355
5th percentile recall: 0.905
1st percentile recall: 0.846
Median search time: 238470 ms
Search times: 236231 ms, 238470 ms, 238608 ms, 
msmarco experiment results:
statisc_length, time, avg_recall, 5th_percentile_recall, 1st_percentile_recall, recall_above_99, recall_above_95, recall_above_90
1025, 238470, 0.975355, 0.905, 0.846, 3256, 5913, 6666
Experiment finished


Visited list size: 32769


Loading samplings from /home/yc.shea/experiments/shiro-ef/sampling/msmarco-samplings--k1000-ef.bin
Samplings loaded from /home/yc.shea/experiments/shiro-ef/sampling/msmarco-samplings--k1000-ef.bin
Average Recall: 0.970555
Initial average recall with ef=1000: 0.970533
Average Recall: 0.973961
Initial average recall with ef=1500: 0.973941
Weighted average ef: 1391
EF-estimation table computing time: 470930 ms
Per-bucket recall: conv_p20=82.7025 hard_recall=0.95 easy_recall=0.98
Training convergence-bucket 0 [60.9158, 78.6491) with 400 queries (recall=0.95).
Average Recall: 0.874815
Initial average recall with ef=1000: 0.875759
Average Recall: 0.889868
Initial average recall with ef=1500: 0.890754
Weighted average ef: 3402.56
Training convergence-bucket 1 [78.6491, 82.7025) with 400 queries (recall=0.95).
Average Recall: 0.929532
Initial average recall with ef=1000: 0.92952
Average Recall: 0.93917
Initial average recall with ef=1500: 0.939217
Weighted average ef: 2149.63
Training convergence-bucket 2 [82.7025, 86.0658) with 400 queries (recall=0.98).
Average Recall: 0.95421
Initial average recall with ef=1000: 0.954186
Average Recall: 0.95929
Initial average recall with ef=1500: 0.959293
Weighted average ef: 3412.77
Training convergence-bucket 3 [86.0658, 88.6019) with 400 queries (recall=0.98).
Average Recall: 0.974517
Initial average recall with ef=1000: 0.97448
Average Recall: 0.977195
Initial average recall with ef=1500: 0.977186
Weighted average ef: 2033.15
Training convergence-bucket 4 [88.6019, 90.0185) with 400 queries (recall=0.98).
Average Recall: 0.986224
Initial average recall with ef=1000: 0.985997
Average Recall: 0.987185
Initial average recall with ef=1500: 0.986977
Weighted average ef: 1271.44
Training convergence-bucket 5 [90.0185, 90.9783) with 400 queries (recall=0.98).
Average Recall: 0.993644
Initial average recall with ef=1000: 0.993735
Average Recall: 0.993974
Initial average recall with ef=1500: 0.994036
Weighted average ef: 991.922
Training convergence-bucket 6 [90.9783, 91.7015) with 400 queries (recall=0.98).
Average Recall: 0.996516
Initial average recall with ef=1000: 0.996647
Average Recall: 0.996653
Initial average recall with ef=1500: 0.99676
Weighted average ef: 957.5
Training convergence-bucket 7 [91.7015, 92.2576) with 400 queries (recall=0.98).
Average Recall: 0.997833
Initial average recall with ef=1000: 0.998069
Average Recall: 0.997941
Initial average recall with ef=1500: 0.998141
Weighted average ef: 942.5
Training convergence-bucket 8 [92.2576, 92.8135) with 400 queries (recall=0.98).
Average Recall: 0.998801
Initial average recall with ef=1000: 0.998852
Average Recall: 0.998861
Initial average recall with ef=1500: 0.998905
Weighted average ef: 947.5
Training convergence-bucket 9 [92.8135, inf) with 400 queries (recall=0.98).
Average Recall: 0.999372
Initial average recall with ef=1000: 0.999467
Average Recall: 0.999394
Initial average recall with ef=1500: 0.999491
Weighted average ef: 962.5
Reconstructed True WAE: 1092.7 (Hard Pct: 0.027)
  Avg Ef Hard (bucketed): 2228.54 | Avg Ef Easy (bucketed): 1061.18
****Weighted average ef: 1092
Search time: 464248 ms
Search time: 463976 ms
Search time: 464666 ms
Average Recall: 0.983716
5th percentile recall: 0.935
1st percentile recall: 0.888
Median search time: 464248 ms
Search times: 463976 ms, 464248 ms, 464666 ms, 
msmarco experiment results:
statisc_length, time, avg_recall, 5th_percentile_recall, 1st_percentile_recall, recall_above_99, recall_above_95, recall_above_90
32769, 464248, 0.983716, 0.935, 0.888, 3959, 6423, 6868
Experiment finished
Dataset: cohere
Metric: cd
Truncation ratio: 1
Normalize the data vectors
Data vectors dimensions: 18380565 x 1024
Query vectors dimensions: 1677 x 1024
Neighbors dimensions: 1677 x 1000
Using AVX Inner Product distance
Index loaded
Dimension of space:1024
Data size of space:4096
Samplings loaded


Visited list size: 33


Loading samplings from /home/yc.shea/experiments/shiro-ef/sampling/cohere-samplings--k1000-ef.bin
Samplings loaded from /home/yc.shea/experiments/shiro-ef/sampling/cohere-samplings--k1000-ef.bin
Average Recall: 0.94905
Initial average recall with ef=1000: 0.949049
Average Recall: 0.970769
Initial average recall with ef=1500: 0.970763
Weighted average ef: 1356.38
EF-estimation table computing time: 136784 ms
Per-bucket recall: conv_p20=0 hard_recall=0.95 easy_recall=0.98
Training convergence-bucket 0 [0, 0) with 400 queries (recall=0.95).
Average Recall: 0.963852
Initial average recall with ef=1000: 0.964317
Average Recall: 0.981554
Initial average recall with ef=1500: 0.981864
Weighted average ef: 1000.89
Training convergence-bucket 1 [0, 0) with 400 queries (recall=0.95).
Average Recall: 0.966068
Initial average recall with ef=1000: 0.966274
Average Recall: 0.982695
Initial average recall with ef=1500: 0.982895
Weighted average ef: 1008.03
Training convergence-bucket 2 [0, 0) with 400 queries (recall=0.95).
Average Recall: 0.96501
Initial average recall with ef=1000: 0.965185
Average Recall: 0.982184
Initial average recall with ef=1500: 0.98235
Weighted average ef: 1034.65
Training convergence-bucket 3 [0, 0) with 400 queries (recall=0.95).
Average Recall: 0.95882
Initial average recall with ef=1000: 0.957686
Average Recall: 0.97824
Initial average recall with ef=1500: 0.977303
Weighted average ef: 1128.68
Training convergence-bucket 4 [0, 0) with 400 queries (recall=0.95).
Average Recall: 0.923423
Initial average recall with ef=1000: 0.915944
Average Recall: 0.952937
Initial average recall with ef=1500: 0.947816
Weighted average ef: 1641.44
Training convergence-bucket 5 [0, 0) with 400 queries (recall=0.95).
Average Recall: 0.895837
Initial average recall with ef=1000: 0.891492
Average Recall: 0.933845
Initial average recall with ef=1500: 0.930813
Recall diff is too small for 1 consecutive steps, break.
Weighted average ef: 1988.93
Training convergence-bucket 6 [0, 0.0101141) with 400 queries (recall=0.95).
Average Recall: 0.96424
Initial average recall with ef=1000: 0.964503
Average Recall: 0.981327
Initial average recall with ef=1500: 0.981475
Weighted average ef: 1007.5
Training convergence-bucket 7 [0.0101141, 2.09637) with 400 queries (recall=0.98).
Average Recall: 0.957525
Initial average recall with ef=1000: 0.956785
Average Recall: 0.976334
Initial average recall with ef=1500: 0.975918
Weighted average ef: 1728.88
Training convergence-bucket 8 [2.09637, 9.01486) with 400 queries (recall=0.98).
Average Recall: 0.952207
Initial average recall with ef=1000: 0.953113
Average Recall: 0.972727
Initial average recall with ef=1500: 0.973435
Weighted average ef: 1873.05
Training convergence-bucket 9 [9.01486, inf) with 400 queries (recall=0.98).
Average Recall: 0.943489
Initial average recall with ef=1000: 0.941055
Average Recall: 0.965779
Initial average recall with ef=1500: 0.963885
Recall diff is too small for 1 consecutive steps, break.
Weighted average ef: 2106.55
Reconstructed True WAE: 1078.54 (Hard Pct: 0.019625)
  Avg Ef Hard (bucketed): 1204.63 | Avg Ef Easy (bucketed): 1076.02
****Weighted average ef: 1078
Search time: 39406 ms
Search time: 39791 ms
Search time: 39865 ms
Average Recall: 0.947157
5th percentile recall: 0.8
1st percentile recall: 0.619
Median search time: 39791 ms
Search times: 39406 ms, 39791 ms, 39865 ms, 
cohere experiment results:
statisc_length, time, avg_recall, 5th_percentile_recall, 1st_percentile_recall, recall_above_99, recall_above_95, recall_above_90
33, 39791, 0.947157, 0.8, 0.619, 450, 1131, 1429
Experiment finished


Visited list size: 1025


Loading samplings from /home/yc.shea/experiments/shiro-ef/sampling/cohere-samplings--k1000-ef.bin
Samplings loaded from /home/yc.shea/experiments/shiro-ef/sampling/cohere-samplings--k1000-ef.bin
Average Recall: 0.94905
Initial average recall with ef=1000: 0.949029
Average Recall: 0.970769
Initial average recall with ef=1500: 0.970748
Weighted average ef: 1393.02
EF-estimation table computing time: 214266 ms
Per-bucket recall: conv_p20=53.4276 hard_recall=0.95 easy_recall=0.98
Training convergence-bucket 0 [10.8442, 46.8254) with 400 queries (recall=0.95).
Average Recall: 0.884645
Initial average recall with ef=1000: 0.876923
Average Recall: 0.924073
Initial average recall with ef=1500: 0.918439
Weighted average ef: 2404.44
Training convergence-bucket 1 [46.8254, 53.4276) with 400 queries (recall=0.95).
Average Recall: 0.888987
Initial average recall with ef=1000: 0.882708
Average Recall: 0.930075
Initial average recall with ef=1500: 0.925669
Weighted average ef: 2199.01
Training convergence-bucket 2 [53.4276, 61.9108) with 400 queries (recall=0.98).
Average Recall: 0.931416
Initial average recall with ef=1000: 0.930256
Average Recall: 0.960497
Initial average recall with ef=1500: 0.960078
Weighted average ef: 2340.92
Training convergence-bucket 3 [61.9108, 66.4052) with 400 queries (recall=0.98).
Average Recall: 0.951555
Initial average recall with ef=1000: 0.952095
Average Recall: 0.974112
Initial average recall with ef=1500: 0.974509
Weighted average ef: 1860.94
Training convergence-bucket 4 [66.4052, 69.7652) with 400 queries (recall=0.98).
Average Recall: 0.96432
Initial average recall with ef=1000: 0.964402
Average Recall: 0.982449
Initial average recall with ef=1500: 0.982637
Weighted average ef: 1577.01
Training convergence-bucket 5 [69.7652, 72.215) with 400 queries (recall=0.98).
Average Recall: 0.965614
Initial average recall with ef=1000: 0.965626
Average Recall: 0.982372
Initial average recall with ef=1500: 0.98246
Weighted average ef: 1621.7
Training convergence-bucket 6 [72.215, 74.5429) with 400 queries (recall=0.98).
Average Recall: 0.97059
Initial average recall with ef=1000: 0.971145
Average Recall: 0.985342
Initial average recall with ef=1500: 0.985694
Weighted average ef: 1444.88
Training convergence-bucket 7 [74.5429, 76.8149) with 400 queries (recall=0.98).
Average Recall: 0.974992
Initial average recall with ef=1000: 0.976018
Average Recall: 0.988116
Initial average recall with ef=1500: 0.988744
Weighted average ef: 1337.5
Training convergence-bucket 8 [76.8149, 79.5596) with 400 queries (recall=0.98).
Average Recall: 0.977495
Initial average recall with ef=1000: 0.978765
Average Recall: 0.989944
Initial average recall with ef=1500: 0.990842
Weighted average ef: 1186.25
Training convergence-bucket 9 [79.5596, inf) with 400 queries (recall=0.98).
Average Recall: 0.980857
Initial average recall with ef=1000: 0.982433
Average Recall: 0.990641
Initial average recall with ef=1500: 0.991562
Weighted average ef: 1089.81
Reconstructed True WAE: 1348.53 (Hard Pct: 0.019625)
  Avg Ef Hard (bucketed): 2330.23 | Avg Ef Easy (bucketed): 1328.88
****Weighted average ef: 1348
Search time: 55264 ms
Search time: 55224 ms
Search time: 56147 ms
Average Recall: 0.969616
5th percentile recall: 0.877
1st percentile recall: 0.724
Median search time: 55264 ms
Search times: 55224 ms, 55264 ms, 56147 ms, 
cohere experiment results:
statisc_length, time, avg_recall, 5th_percentile_recall, 1st_percentile_recall, recall_above_99, recall_above_95, recall_above_90
1025, 55264, 0.969616, 0.877, 0.724, 707, 1421, 1560
Experiment finished


Visited list size: 32769


Loading samplings from /home/yc.shea/experiments/shiro-ef/sampling/cohere-samplings--k1000-ef.bin
Samplings loaded from /home/yc.shea/experiments/shiro-ef/sampling/cohere-samplings--k1000-ef.bin
Average Recall: 0.968162
Initial average recall with ef=1000: 0.968327
Average Recall: 0.970959
Initial average recall with ef=1500: 0.97112
Weighted average ef: 1473.53
EF-estimation table computing time: 367914 ms
Per-bucket recall: conv_p20=83.8656 hard_recall=0.95 easy_recall=0.98
Training convergence-bucket 0 [60.9635, 79.6936) with 400 queries (recall=0.95).
Average Recall: 0.86647
Initial average recall with ef=1000: 0.867072
Average Recall: 0.878507
Initial average recall with ef=1500: 0.878969
Weighted average ef: 4077.21
Training convergence-bucket 1 [79.6936, 83.8656) with 400 queries (recall=0.95).
Average Recall: 0.931672
Initial average recall with ef=1000: 0.931884
Average Recall: 0.93778
Initial average recall with ef=1500: 0.938012
Weighted average ef: 2414.01
Training convergence-bucket 2 [83.8656, 86.4283) with 400 queries (recall=0.98).
Average Recall: 0.961922
Initial average recall with ef=1000: 0.961752
Average Recall: 0.965662
Initial average recall with ef=1500: 0.965509
Weighted average ef: 3141.57
Training convergence-bucket 3 [86.4283, 87.9977) with 400 queries (recall=0.98).
Average Recall: 0.97317
Initial average recall with ef=1000: 0.973207
Average Recall: 0.975507
Initial average recall with ef=1500: 0.975549
Weighted average ef: 2224.21
Training convergence-bucket 4 [87.9977, 89.2691) with 400 queries (recall=0.98).
Average Recall: 0.983078
Initial average recall with ef=1000: 0.983093
Average Recall: 0.984623
Initial average recall with ef=1500: 0.984635
Weighted average ef: 1257.56
Training convergence-bucket 5 [89.2691, 90.1617) with 400 queries (recall=0.98).
Average Recall: 0.987225
Initial average recall with ef=1000: 0.987249
Average Recall: 0.988291
Initial average recall with ef=1500: 0.988304
Weighted average ef: 1104.67
Training convergence-bucket 6 [90.1617, 90.8489) with 400 queries (recall=0.98).
Average Recall: 0.990927
Initial average recall with ef=1000: 0.990992
Average Recall: 0.991512
Initial average recall with ef=1500: 0.991584
Weighted average ef: 985.638
Training convergence-bucket 7 [90.8489, 91.6862) with 400 queries (recall=0.98).
Average Recall: 0.993956
Initial average recall with ef=1000: 0.993941
Average Recall: 0.994246
Initial average recall with ef=1500: 0.994221
Weighted average ef: 1025.41
Training convergence-bucket 8 [91.6862, 92.4994) with 400 queries (recall=0.98).
Average Recall: 0.995546
Initial average recall with ef=1000: 0.996235
Average Recall: 0.995741
Initial average recall with ef=1500: 0.996428
Weighted average ef: 957.5
Training convergence-bucket 9 [92.4994, inf) with 400 queries (recall=0.98).
Average Recall: 0.997596
Initial average recall with ef=1000: 0.997751
Average Recall: 0.997659
Initial average recall with ef=1500: 0.997794
Weighted average ef: 945
Reconstructed True WAE: 1216.77 (Hard Pct: 0.019625)
  Avg Ef Hard (bucketed): 2813.43 | Avg Ef Easy (bucketed): 1184.81
****Weighted average ef: 1216
Search time: 88444 ms
Search time: 87804 ms
Search time: 87461 ms
Average Recall: 0.973584
5th percentile recall: 0.905
1st percentile recall: 0.828
Median search time: 87804 ms
Search times: 87461 ms, 87804 ms, 88444 ms, 
cohere experiment results:
statisc_length, time, avg_recall, 5th_percentile_recall, 1st_percentile_recall, recall_above_99, recall_above_95, recall_above_90
32769, 87804, 0.973584, 0.905, 0.828, 661, 1433, 1607
Experiment finished
Starting ablation study tests: weighted decay function (gamma)...




Dataset: deep-image-96-angular
Metric: cd
Normalize the data vectors
Data vectors dimensions: 9990000 x 96
Query vectors dimensions: 10000 x 96
Neighbors dimensions: 10000 x 100
Using AVX Inner Product distance
Index loaded
Dimension of space:96
Data size of space:384

--- Gamma: 8 ---

Loading samplings from /home/yc.shea/experiments/shiro-ef/sampling/deep-image-96-angular-samplings--k100-ef.bin
Samplings loaded from /home/yc.shea/experiments/shiro-ef/sampling/deep-image-96-angular-samplings--k100-ef.bin
Average Recall: 0.833432
Initial average recall with ef=100: 0.833707
Average Recall: 0.882052
Initial average recall with ef=150: 0.882358
Weighted average ef: 397.202
Per-bucket recall: conv_p20=28.849 hard_recall=0.95 easy_recall=0.98
Training convergence-bucket 0 [17.4829, 26.1539) with 400 queries (recall=0.95).
Average Recall: 0.59155
Initial average recall with ef=100: 0.587901
Average Recall: 0.66905
Initial average recall with ef=150: 0.666062
Recall diff is too small for 1 consecutive steps, break.
Weighted average ef: 1170.35
Training convergence-bucket 1 [26.1539, 28.849) with 400 queries (recall=0.95).
Average Recall: 0.6316
Initial average recall with ef=100: 0.626831
Average Recall: 0.712025
Initial average recall with ef=150: 0.708338
Weighted average ef: 947.645
Training convergence-bucket 2 [28.849, 33.5391) with 400 queries (recall=0.98).
Average Recall: 0.737775
Initial average recall with ef=100: 0.739762
Average Recall: 0.81095
Initial average recall with ef=150: 0.813598
Recall diff is too small for 1 consecutive steps, break.
Recall diff is too small for 1 consecutive steps, break.
Recall diff is too small for 1 consecutive steps, break.
Weighted average ef: 852.73
Training convergence-bucket 3 [33.5391, 37.9898) with 400 queries (recall=0.98).
Average Recall: 0.81
Initial average recall with ef=100: 0.809738
Average Recall: 0.8757
Initial average recall with ef=150: 0.875602
Recall diff is too small for 1 consecutive steps, break.
Weighted average ef: 541.27
Training convergence-bucket 4 [37.9898, 41.9573) with 400 queries (recall=0.98).
Average Recall: 0.853
Initial average recall with ef=100: 0.853674
Average Recall: 0.907601
Initial average recall with ef=150: 0.908036
Recall diff is too small for 1 consecutive steps, break.
Recall diff is too small for 1 consecutive steps, break.
Weighted average ef: 416.515
Training convergence-bucket 5 [41.9573, 45.8227) with 400 queries (recall=0.98).
Average Recall: 0.88805
Initial average recall with ef=100: 0.888724
Average Recall: 0.934
Initial average recall with ef=150: 0.934531
Weighted average ef: 325.21
Training convergence-bucket 6 [45.8227, 50.733) with 400 queries (recall=0.98).
Average Recall: 0.918326
Initial average recall with ef=100: 0.919609
Average Recall: 0.956226
Initial average recall with ef=150: 0.957135
Weighted average ef: 232.265
Training convergence-bucket 7 [50.733, 56.6271) with 400 queries (recall=0.98).
Average Recall: 0.944151
Initial average recall with ef=100: 0.944467
Average Recall: 0.9728
Initial average recall with ef=150: 0.972893
Weighted average ef: 200.952
Training convergence-bucket 8 [56.6271, 65.0625) with 400 queries (recall=0.98).
Average Recall: 0.9707
Initial average recall with ef=100: 0.972143
Average Recall: 0.987325
Initial average recall with ef=150: 0.988367
Weighted average ef: 141.5
Training convergence-bucket 9 [65.0625, inf) with 400 queries (recall=0.98).
Average Recall: 0.98925
Initial average recall with ef=100: 0.99162
Average Recall: 0.99495
Initial average recall with ef=150: 0.99719
Weighted average ef: 102.75
Reconstructed True WAE: 240.256 (Hard Pct: 0.020025)
  Avg Ef Hard (bucketed): 1047.91 | Avg Ef Easy (bucketed): 223.752
****Weighted average ef: 240
Search time: 15105 ms
Search time: 15245 ms
Search time: 15468 ms
Average Recall: 0.984548
5th percentile recall: 0.95
1st percentile recall: 0.92
Median search time: 15245 ms
Search times: 15105 ms, 15245 ms, 15468 ms, 
deep-image-96-angular experiment results:
statisc_length, time, avg_recall, 5th_percentile_recall, 1st_percentile_recall, recall_above_99, recall_above_95, recall_above_90
1025, 15245, 0.984548, 0.95, 0.92, 6158, 9379, 9928
Experiment finished

--- Gamma: 12 ---

Loading samplings from /home/yc.shea/experiments/shiro-ef/sampling/deep-image-96-angular-samplings--k100-ef.bin
Samplings loaded from /home/yc.shea/experiments/shiro-ef/sampling/deep-image-96-angular-samplings--k100-ef.bin
Average Recall: 0.833432
Initial average recall with ef=100: 0.833707
Average Recall: 0.882052
Initial average recall with ef=150: 0.882358
Weighted average ef: 397.202
Per-bucket recall: conv_p20=35.4043 hard_recall=0.95 easy_recall=0.98
Training convergence-bucket 0 [20.9298, 32.713) with 400 queries (recall=0.95).
Average Recall: 0.59905
Initial average recall with ef=100: 0.595325
Average Recall: 0.677625
Initial average recall with ef=150: 0.674597
Weighted average ef: 1139.69
Training convergence-bucket 1 [32.713, 35.4043) with 400 queries (recall=0.95).
Average Recall: 0.631325
Initial average recall with ef=100: 0.627927
Average Recall: 0.71025
Initial average recall with ef=150: 0.707824
Weighted average ef: 921.43
Training convergence-bucket 2 [35.4043, 41.0791) with 400 queries (recall=0.98).
Average Recall: 0.73315
Initial average recall with ef=100: 0.7315
Average Recall: 0.8062
Initial average recall with ef=150: 0.805263
Recall diff is too small for 1 consecutive steps, break.
Recall diff is too small for 1 consecutive steps, break.
Recall diff is too small for 1 consecutive steps, break.
Recall diff is too small for 1 consecutive steps, break.
Recall diff is too small for 1 consecutive steps, break.
Recall diff is too small for 1 consecutive steps, break.
Weighted average ef: 915.69
Training convergence-bucket 3 [41.0791, 45.7068) with 400 queries (recall=0.98).
Average Recall: 0.812075
Initial average recall with ef=100: 0.811295
Average Recall: 0.877025
Initial average recall with ef=150: 0.876373
Weighted average ef: 565.498
Training convergence-bucket 4 [45.7068, 49.557) with 400 queries (recall=0.98).
Average Recall: 0.85315
Initial average recall with ef=100: 0.854407
Average Recall: 0.90825
Initial average recall with ef=150: 0.908892
Weighted average ef: 431.15
Training convergence-bucket 5 [49.557, 53.3902) with 400 queries (recall=0.98).
Average Recall: 0.886875
Initial average recall with ef=100: 0.886923
Average Recall: 0.932076
Initial average recall with ef=150: 0.932282
Recall diff is too small for 1 consecutive steps, break.
Weighted average ef: 339.608
Training convergence-bucket 6 [53.3902, 58.2822) with 400 queries (recall=0.98).
Average Recall: 0.917826
Initial average recall with ef=100: 0.918743
Average Recall: 0.956651
Initial average recall with ef=150: 0.957435
Weighted average ef: 234.587
Training convergence-bucket 7 [58.2822, 63.5108) with 400 queries (recall=0.98).
Average Recall: 0.942526
Initial average recall with ef=100: 0.943904
Average Recall: 0.971475
Initial average recall with ef=150: 0.972267
Weighted average ef: 208.413
Training convergence-bucket 8 [63.5108, 71.2908) with 400 queries (recall=0.98).
Average Recall: 0.96945
Initial average recall with ef=100: 0.970611
Average Recall: 0.9863
Initial average recall with ef=150: 0.987176
Weighted average ef: 146.535
Training convergence-bucket 9 [71.2908, inf) with 400 queries (recall=0.98).
Average Recall: 0.988975
Initial average recall with ef=100: 0.991501
Average Recall: 0.994775
Initial average recall with ef=150: 0.997125
Weighted average ef: 102.25
Reconstructed True WAE: 241.366 (Hard Pct: 0.020025)
  Avg Ef Hard (bucketed): 1033.58 | Avg Ef Easy (bucketed): 225.178
****Weighted average ef: 241
Search time: 16199 ms
Search time: 16117 ms
Search time: 15655 ms
Average Recall: 0.985389
5th percentile recall: 0.95
1st percentile recall: 0.92
Median search time: 16117 ms
Search times: 15655 ms, 16117 ms, 16199 ms, 
deep-image-96-angular experiment results:
statisc_length, time, avg_recall, 5th_percentile_recall, 1st_percentile_recall, recall_above_99, recall_above_95, recall_above_90
1025, 16117, 0.985389, 0.95, 0.92, 6403, 9427, 9930
Experiment finished

--- Gamma: 16 ---

Loading samplings from /home/yc.shea/experiments/shiro-ef/sampling/deep-image-96-angular-samplings--k100-ef.bin
Samplings loaded from /home/yc.shea/experiments/shiro-ef/sampling/deep-image-96-angular-samplings--k100-ef.bin
Average Recall: 0.833432
Initial average recall with ef=100: 0.833707
Average Recall: 0.882052
Initial average recall with ef=150: 0.882358
Weighted average ef: 397.202
Per-bucket recall: conv_p20=40.6448 hard_recall=0.95 easy_recall=0.98
Training convergence-bucket 0 [21.651, 37.6082) with 400 queries (recall=0.95).
Average Recall: 0.605825
Initial average recall with ef=100: 0.601844
Average Recall: 0.684925
Initial average recall with ef=150: 0.681558
Recall diff is too small for 1 consecutive steps, break.
Recall diff is too small for 1 consecutive steps, break.
Recall diff is too small for 1 consecutive steps, break.
Weighted average ef: 1075
Training convergence-bucket 1 [37.6082, 40.6448) with 400 queries (recall=0.95).
Average Recall: 0.63815
Initial average recall with ef=100: 0.634597
Average Recall: 0.715775
Initial average recall with ef=150: 0.713299
Weighted average ef: 895.115
Training convergence-bucket 2 [40.6448, 46.6753) with 400 queries (recall=0.98).
Average Recall: 0.722775
Initial average recall with ef=100: 0.721282
Average Recall: 0.7965
Initial average recall with ef=150: 0.795256
Recall diff is too small for 1 consecutive steps, break.
Recall diff is too small for 1 consecutive steps, break.
Weighted average ef: 1112.14
Training convergence-bucket 3 [46.6753, 51.2517) with 400 queries (recall=0.98).
Average Recall: 0.8142
Initial average recall with ef=100: 0.813582
Average Recall: 0.87745
Initial average recall with ef=150: 0.876959
Weighted average ef: 553.362
Training convergence-bucket 4 [51.2517, 54.8847) with 400 queries (recall=0.98).
Average Recall: 0.852775
Initial average recall with ef=100: 0.853646
Average Recall: 0.908975
Initial average recall with ef=150: 0.909531
Weighted average ef: 430.455
Training convergence-bucket 5 [54.8847, 58.5418) with 400 queries (recall=0.98).
Average Recall: 0.885125
Initial average recall with ef=100: 0.885452
Average Recall: 0.930175
Initial average recall with ef=150: 0.930698
Recall diff is too small for 1 consecutive steps, break.
Weighted average ef: 326.978
Training convergence-bucket 6 [58.5418, 63.2201) with 400 queries (recall=0.98).
Average Recall: 0.915625
Initial average recall with ef=100: 0.915959
Average Recall: 0.955201
Initial average recall with ef=150: 0.955448
Recall diff is too small for 1 consecutive steps, break.
Recall diff is too small for 1 consecutive steps, break.
Weighted average ef: 242.245
Training convergence-bucket 7 [63.2201, 68.0273) with 400 queries (recall=0.98).
Average Recall: 0.9421
Initial average recall with ef=100: 0.943899
Average Recall: 0.97085
Initial average recall with ef=150: 0.971899
Recall diff is too small for 1 consecutive steps, break.
Weighted average ef: 208.13
Training convergence-bucket 8 [68.0273, 74.8475) with 400 queries (recall=0.98).
Average Recall: 0.96895
Initial average recall with ef=100: 0.970025
Average Recall: 0.986075
Initial average recall with ef=150: 0.986929
Weighted average ef: 145.91
Training convergence-bucket 9 [74.8475, inf) with 400 queries (recall=0.98).
Average Recall: 0.988875
Initial average recall with ef=100: 0.991196
Average Recall: 0.9947
Initial average recall with ef=150: 0.996921
Weighted average ef: 104.25
Reconstructed True WAE: 239.915 (Hard Pct: 0.020025)
  Avg Ef Hard (bucketed): 1007.27 | Avg Ef Easy (bucketed): 224.235
****Weighted average ef: 239
Search time: 16030 ms
Search time: 16233 ms
Search time: 16432 ms
Average Recall: 0.985723
5th percentile recall: 0.95
1st percentile recall: 0.92
Median search time: 16233 ms
Search times: 16030 ms, 16233 ms, 16432 ms, 
deep-image-96-angular experiment results:
statisc_length, time, avg_recall, 5th_percentile_recall, 1st_percentile_recall, recall_above_99, recall_above_95, recall_above_90
1025, 16233, 0.985723, 0.95, 0.92, 6529, 9415, 9930
Experiment finished

--- Gamma: 24 ---

Loading samplings from /home/yc.shea/experiments/shiro-ef/sampling/deep-image-96-angular-samplings--k100-ef.bin
Samplings loaded from /home/yc.shea/experiments/shiro-ef/sampling/deep-image-96-angular-samplings--k100-ef.bin
Average Recall: 0.833432
Initial average recall with ef=100: 0.833707
Average Recall: 0.882052
Initial average recall with ef=150: 0.882358
Weighted average ef: 397.202
Per-bucket recall: conv_p20=48.3543 hard_recall=0.95 easy_recall=0.98
Training convergence-bucket 0 [21.0631, 44.545) with 400 queries (recall=0.95).
Average Recall: 0.61825
Initial average recall with ef=100: 0.613979
Average Recall: 0.6987
Initial average recall with ef=150: 0.695079
Recall diff is too small for 1 consecutive steps, break.
Weighted average ef: 993.24
Training convergence-bucket 1 [44.545, 48.3543) with 400 queries (recall=0.95).
Average Recall: 0.63955
Initial average recall with ef=100: 0.635312
Average Recall: 0.716
Initial average recall with ef=150: 0.712969
Recall diff is too small for 1 consecutive steps, break.
Weighted average ef: 912.06
Training convergence-bucket 2 [48.3543, 54.4147) with 400 queries (recall=0.98).
Average Recall: 0.714675
Initial average recall with ef=100: 0.71599
Average Recall: 0.788425
Initial average recall with ef=150: 0.790026
Recall diff is too small for 1 consecutive steps, break.
Recall diff is too small for 1 consecutive steps, break.
Weighted average ef: 1092.86
Training convergence-bucket 3 [54.4147, 58.9716) with 400 queries (recall=0.98).
Average Recall: 0.818125
Initial average recall with ef=100: 0.818718
Average Recall: 0.88005
Initial average recall with ef=150: 0.880846
Weighted average ef: 554.91
Training convergence-bucket 4 [58.9716, 62.3722) with 400 queries (recall=0.98).
Average Recall: 0.8541
Initial average recall with ef=100: 0.855791
Average Recall: 0.909175
Initial average recall with ef=150: 0.910791
Recall diff is too small for 1 consecutive steps, break.
Weighted average ef: 424.922
Training convergence-bucket 5 [62.3722, 65.7218) with 400 queries (recall=0.98).
Average Recall: 0.88075
Initial average recall with ef=100: 0.880255
Average Recall: 0.92705
Initial average recall with ef=150: 0.926607
Recall diff is too small for 1 consecutive steps, break.
Weighted average ef: 351.098
Training convergence-bucket 6 [65.7218, 69.6366) with 400 queries (recall=0.98).
Average Recall: 0.914926
Initial average recall with ef=100: 0.915922
Average Recall: 0.953425
Initial average recall with ef=150: 0.95413
Recall diff is too small for 1 consecutive steps, break.
Recall diff is too small for 1 consecutive steps, break.
Weighted average ef: 252.772
Training convergence-bucket 7 [69.6366, 73.6313) with 400 queries (recall=0.98).
Average Recall: 0.939451
Initial average recall with ef=100: 0.94053
Average Recall: 0.96855
Initial average recall with ef=150: 0.969192
Recall diff is too small for 1 consecutive steps, break.
Weighted average ef: 220.758
Training convergence-bucket 8 [73.6313, 79.0537) with 400 queries (recall=0.98).
Average Recall: 0.967825
Initial average recall with ef=100: 0.969643
Average Recall: 0.985225
Initial average recall with ef=150: 0.986403
Weighted average ef: 147.863
Training convergence-bucket 9 [79.0537, inf) with 400 queries (recall=0.98).
Average Recall: 0.98675
Initial average recall with ef=100: 0.989333
Average Recall: 0.994025
Initial average recall with ef=150: 0.996436
Weighted average ef: 107.875
Reconstructed True WAE: 276.484 (Hard Pct: 0.020025)
  Avg Ef Hard (bucketed): 963.232 | Avg Ef Easy (bucketed): 262.451
****Weighted average ef: 276
Search time: 16481 ms
Search time: 16226 ms
Search time: 16144 ms
Average Recall: 0.986173
5th percentile recall: 0.95
1st percentile recall: 0.92
Median search time: 16226 ms
Search times: 16144 ms, 16226 ms, 16481 ms, 
deep-image-96-angular experiment results:
statisc_length, time, avg_recall, 5th_percentile_recall, 1st_percentile_recall, recall_above_99, recall_above_95, recall_above_90
1025, 16226, 0.986173, 0.95, 0.92, 6667, 9421, 9936
Experiment finished

--- Gamma: 32 ---

Loading samplings from /home/yc.shea/experiments/shiro-ef/sampling/deep-image-96-angular-samplings--k100-ef.bin
Samplings loaded from /home/yc.shea/experiments/shiro-ef/sampling/deep-image-96-angular-samplings--k100-ef.bin
Average Recall: 0.833432
Initial average recall with ef=100: 0.833707
Average Recall: 0.882052
Initial average recall with ef=150: 0.882358
Weighted average ef: 397.202
Per-bucket recall: conv_p20=54.0042 hard_recall=0.95 easy_recall=0.98
Training convergence-bucket 0 [19.4971, 49.1203) with 400 queries (recall=0.95).
Average Recall: 0.6217
Initial average recall with ef=100: 0.617057
Average Recall: 0.7026
Initial average recall with ef=150: 0.698385
Recall diff is too small for 1 consecutive steps, break.
Weighted average ef: 992.818
Training convergence-bucket 1 [49.1203, 54.0042) with 400 queries (recall=0.95).
Average Recall: 0.6442
Initial average recall with ef=100: 0.637304
Average Recall: 0.72035
Initial average recall with ef=150: 0.714764
Recall diff is too small for 1 consecutive steps, break.
Recall diff is too small for 1 consecutive steps, break.
Recall diff is too small for 1 consecutive steps, break.
Weighted average ef: 901.283
Training convergence-bucket 2 [54.0042, 59.7757) with 400 queries (recall=0.98).
Average Recall: 0.71725
Initial average recall with ef=100: 0.716684
Average Recall: 0.788875
Initial average recall with ef=150: 0.78886
Recall diff is too small for 1 consecutive steps, break.
Weighted average ef: 1127.42
Training convergence-bucket 3 [59.7757, 64.2471) with 400 queries (recall=0.98).
Average Recall: 0.817975
Initial average recall with ef=100: 0.819126
Average Recall: 0.87925
Initial average recall with ef=150: 0.880591
Weighted average ef: 553.582
Training convergence-bucket 4 [64.2471, 67.3931) with 400 queries (recall=0.98).
Average Recall: 0.855875
Initial average recall with ef=100: 0.857124
Average Recall: 0.910551
Initial average recall with ef=150: 0.911995
Recall diff is too small for 1 consecutive steps, break.
Recall diff is too small for 1 consecutive steps, break.
Weighted average ef: 421.345
Training convergence-bucket 5 [67.3931, 70.3491) with 400 queries (recall=0.98).
Average Recall: 0.87625
Initial average recall with ef=100: 0.87625
Average Recall: 0.924
Initial average recall with ef=150: 0.924088
Weighted average ef: 350.828
Training convergence-bucket 6 [70.3491, 73.6565) with 400 queries (recall=0.98).
Average Recall: 0.911525
Initial average recall with ef=100: 0.913102
Average Recall: 0.9502
Initial average recall with ef=150: 0.951487
Recall diff is too small for 1 consecutive steps, break.
Recall diff is too small for 1 consecutive steps, break.
Weighted average ef: 271.307
Training convergence-bucket 7 [73.6565, 77.1391) with 400 queries (recall=0.98).
Average Recall: 0.938875
Initial average recall with ef=100: 0.940736
Average Recall: 0.967825
Initial average recall with ef=150: 0.969137
Weighted average ef: 213.06
Training convergence-bucket 8 [77.1391, 81.4634) with 400 queries (recall=0.98).
Average Recall: 0.965275
Initial average recall with ef=100: 0.966888
Average Recall: 0.983625
Initial average recall with ef=150: 0.984617
Recall diff is too small for 1 consecutive steps, break.
Weighted average ef: 150.505
Training convergence-bucket 9 [81.4634, inf) with 400 queries (recall=0.98).
Average Recall: 0.985475
Initial average recall with ef=100: 0.988215
Average Recall: 0.99335
Initial average recall with ef=150: 0.995791
Weighted average ef: 110.37
Reconstructed True WAE: 280.123 (Hard Pct: 0.020025)
  Avg Ef Hard (bucketed): 961.639 | Avg Ef Easy (bucketed): 266.197
****Weighted average ef: 280
Search time: 15461 ms
Search time: 16237 ms
Search time: 16000 ms
Average Recall: 0.985953
5th percentile recall: 0.95
1st percentile recall: 0.91
Median search time: 16000 ms
Search times: 15461 ms, 16000 ms, 16237 ms, 
deep-image-96-angular experiment results:
statisc_length, time, avg_recall, 5th_percentile_recall, 1st_percentile_recall, recall_above_99, recall_above_95, recall_above_90
1025, 16000, 0.985953, 0.95, 0.91, 6709, 9360, 9927
Experiment finished


Dataset: glove-100-angular
Metric: cd
Normalize the data vectors
Data vectors dimensions: 1183514 x 100
Query vectors dimensions: 10000 x 100
Neighbors dimensions: 10000 x 100
Using AVX Inner Product distance
Index loaded
Dimension of space:100
Data size of space:400

--- Gamma: 8 ---

Loading samplings from /home/yc.shea/experiments/shiro-ef/sampling/glove-100-angular-samplings--k100-ef.bin
Samplings loaded from /home/yc.shea/experiments/shiro-ef/sampling/glove-100-angular-samplings--k100-ef.bin
Average Recall: 0.739955
Initial average recall with ef=100: 0.739897
Average Recall: 0.783487
Initial average recall with ef=150: 0.783442
Weighted average ef: 1609.72
Per-bucket recall: conv_p20=24.0848 hard_recall=0.95 easy_recall=0.98
Training convergence-bucket 0 [11.5961, 20.6137) with 400 queries (recall=0.95).
Average Recall: 0.445325
Initial average recall with ef=100: 0.434716
Average Recall: 0.497875
Initial average recall with ef=150: 0.487345
Recall diff is too small for 1 consecutive steps, break.
Recall diff is too small for 1 consecutive steps, break.
Recall diff is too small for 1 consecutive steps, break.
Recall diff is too small for 1 consecutive steps, break.
Weighted average ef: 4329.09
Training convergence-bucket 1 [20.6137, 24.0848) with 400 queries (recall=0.95).
Average Recall: 0.4921
Initial average recall with ef=100: 0.48
Average Recall: 0.552825
Initial average recall with ef=150: 0.541088
Weighted average ef: 3649.19
Training convergence-bucket 2 [24.0848, 27.7728) with 400 queries (recall=0.98).
Average Recall: 0.5617
Initial average recall with ef=100: 0.558469
Average Recall: 0.620175
Initial average recall with ef=150: 0.616888
Recall diff is too small for 1 consecutive steps, break.
Recall diff is too small for 1 consecutive steps, break.
Recall diff is too small for 1 consecutive steps, break.
Recall diff is too small for 1 consecutive steps, break.
Weighted average ef: 3940.63
Training convergence-bucket 3 [27.7728, 32.1615) with 400 queries (recall=0.98).
Average Recall: 0.643775
Initial average recall with ef=100: 0.63832
Average Recall: 0.7055
Initial average recall with ef=150: 0.700682
Recall diff is too small for 1 consecutive steps, break.
Recall diff is too small for 1 consecutive steps, break.
Recall diff is too small for 1 consecutive steps, break.
Recall diff is too small for 1 consecutive steps, break.
Recall diff is too small for 1 consecutive steps, break.
Recall diff is too small for 1 consecutive steps, break.
Weighted average ef: 3002.28
Training convergence-bucket 4 [32.1615, 37.1407) with 400 queries (recall=0.98).
Average Recall: 0.732025
Initial average recall with ef=100: 0.725932
Average Recall: 0.790225
Initial average recall with ef=150: 0.785407
Recall diff is too small for 1 consecutive steps, break.
Recall diff is too small for 1 consecutive steps, break.
Weighted average ef: 2227.73
Training convergence-bucket 5 [37.1407, 43.0704) with 400 queries (recall=0.98).
Average Recall: 0.813875
Initial average recall with ef=100: 0.81781
Average Recall: 0.861775
Initial average recall with ef=150: 0.866702
Recall diff is too small for 1 consecutive steps, break.
Recall diff is too small for 1 consecutive steps, break.
Recall diff is too small for 1 consecutive steps, break.
Recall diff is too small for 1 consecutive steps, break.
Recall diff is too small for 1 consecutive steps, break.
Recall diff is too small for 1 consecutive steps, break.
Weighted average ef: 1204.72
Training convergence-bucket 6 [43.0704, 48.8811) with 400 queries (recall=0.98).
Average Recall: 0.869325
Initial average recall with ef=100: 0.86878
Average Recall: 0.908601
Initial average recall with ef=150: 0.908462
Recall diff is too small for 1 consecutive steps, break.
Weighted average ef: 884.83
Training convergence-bucket 7 [48.8811, 55.7551) with 400 queries (recall=0.98).
Average Recall: 0.912675
Initial average recall with ef=100: 0.911429
Average Recall: 0.94035
Initial average recall with ef=150: 0.939247
Recall diff is too small for 1 consecutive steps, break.
Recall diff is too small for 1 consecutive steps, break.
Weighted average ef: 626.593
Training convergence-bucket 8 [55.7551, 63.8649) with 400 queries (recall=0.98).
Average Recall: 0.9475
Initial average recall with ef=100: 0.951292
Average Recall: 0.966525
Initial average recall with ef=150: 0.970103
Recall diff is too small for 1 consecutive steps, break.
Recall diff is too small for 1 consecutive steps, break.
Weighted average ef: 325.5
Training convergence-bucket 9 [63.8649, inf) with 400 queries (recall=0.98).
Average Recall: 0.9813
Initial average recall with ef=100: 0.982944
Average Recall: 0.991075
Initial average recall with ef=150: 0.992386
Recall diff is too small for 1 consecutive steps, break.
Weighted average ef: 121.95
Reconstructed True WAE: 1480.59 (Hard Pct: 0.006175)
  Avg Ef Hard (bucketed): 4848 | Avg Ef Easy (bucketed): 1459.67
****Weighted average ef: 1480
Search time: 59886 ms
Search time: 59770 ms
Search time: 59615 ms
Average Recall: 0.977349
5th percentile recall: 0.92
1st percentile recall: 0.88
Median search time: 59770 ms
Search times: 59615 ms, 59770 ms, 59886 ms, 
glove-100-angular experiment results:
statisc_length, time, avg_recall, 5th_percentile_recall, 1st_percentile_recall, recall_above_99, recall_above_95, recall_above_90
1025, 59770, 0.977349, 0.92, 0.88, 5279, 8353, 9724
Experiment finished

--- Gamma: 12 ---

Loading samplings from /home/yc.shea/experiments/shiro-ef/sampling/glove-100-angular-samplings--k100-ef.bin
Samplings loaded from /home/yc.shea/experiments/shiro-ef/sampling/glove-100-angular-samplings--k100-ef.bin
Average Recall: 0.739955
Initial average recall with ef=100: 0.739897
Average Recall: 0.783487
Initial average recall with ef=150: 0.783442
Weighted average ef: 1609.72
Per-bucket recall: conv_p20=30.092 hard_recall=0.95 easy_recall=0.98
Training convergence-bucket 0 [10.7941, 25.6371) with 400 queries (recall=0.95).
Average Recall: 0.4649
Initial average recall with ef=100: 0.449372
Average Recall: 0.516675
Initial average recall with ef=150: 0.501126
Recall diff is too small for 1 consecutive steps, break.
Weighted average ef: 4198.08
Training convergence-bucket 1 [25.6371, 30.092) with 400 queries (recall=0.95).
Average Recall: 0.4958
Initial average recall with ef=100: 0.483099
Average Recall: 0.556975
Initial average recall with ef=150: 0.544948
Recall diff is too small for 1 consecutive steps, break.
Weighted average ef: 3585.47
Training convergence-bucket 2 [30.092, 34.3934) with 400 queries (recall=0.98).
Average Recall: 0.549875
Initial average recall with ef=100: 0.546138
Average Recall: 0.6099
Initial average recall with ef=150: 0.605959
Recall diff is too small for 1 consecutive steps, break.
Recall diff is too small for 1 consecutive steps, break.
Weighted average ef: 3888.46
Training convergence-bucket 3 [34.3934, 39.281) with 400 queries (recall=0.98).
Average Recall: 0.635925
Initial average recall with ef=100: 0.631369
Average Recall: 0.6987
Initial average recall with ef=150: 0.694974
Recall diff is too small for 1 consecutive steps, break.
Recall diff is too small for 1 consecutive steps, break.
Recall diff is too small for 1 consecutive steps, break.
Weighted average ef: 3111.87
Training convergence-bucket 4 [39.281, 44.5425) with 400 queries (recall=0.98).
Average Recall: 0.735175
Initial average recall with ef=100: 0.729091
Average Recall: 0.7902
Initial average recall with ef=150: 0.784973
Recall diff is too small for 1 consecutive steps, break.
Weighted average ef: 2189.32
Training convergence-bucket 5 [44.5425, 50.5333) with 400 queries (recall=0.98).
Average Recall: 0.8145
Initial average recall with ef=100: 0.816868
Average Recall: 0.8619
Initial average recall with ef=150: 0.865184
Recall diff is too small for 1 consecutive steps, break.
Recall diff is too small for 1 consecutive steps, break.
Weighted average ef: 1238.43
Training convergence-bucket 6 [50.5333, 56.4881) with 400 queries (recall=0.98).
Average Recall: 0.870375
Initial average recall with ef=100: 0.872987
Average Recall: 0.909676
Initial average recall with ef=150: 0.912
Recall diff is too small for 1 consecutive steps, break.
Weighted average ef: 875.04
Training convergence-bucket 7 [56.4881, 63.1818) with 400 queries (recall=0.98).
Average Recall: 0.910226
Initial average recall with ef=100: 0.909844
Average Recall: 0.9384
Initial average recall with ef=150: 0.938316
Recall diff is too small for 1 consecutive steps, break.
Recall diff is too small for 1 consecutive steps, break.
Recall diff is too small for 1 consecutive steps, break.
Weighted average ef: 615.427
Training convergence-bucket 8 [63.1818, 70.1412) with 400 queries (recall=0.98).
Average Recall: 0.942201
Initial average recall with ef=100: 0.945866
Average Recall: 0.961825
Initial average recall with ef=150: 0.965168
Weighted average ef: 421.462
Training convergence-bucket 9 [70.1412, inf) with 400 queries (recall=0.98).
Average Recall: 0.980625
Initial average recall with ef=100: 0.982259
Average Recall: 0.990675
Initial average recall with ef=150: 0.99198
Recall diff is too small for 1 consecutive steps, break.
Weighted average ef: 121.065
Reconstructed True WAE: 1431.54 (Hard Pct: 0.006175)
  Avg Ef Hard (bucketed): 4775.28 | Avg Ef Easy (bucketed): 1410.76
****Weighted average ef: 1431
Search time: 59518 ms
Search time: 59224 ms
Search time: 59470 ms
Average Recall: 0.977429
5th percentile recall: 0.92
1st percentile recall: 0.88
Median search time: 59470 ms
Search times: 59224 ms, 59470 ms, 59518 ms, 
glove-100-angular experiment results:
statisc_length, time, avg_recall, 5th_percentile_recall, 1st_percentile_recall, recall_above_99, recall_above_95, recall_above_90
1025, 59470, 0.977429, 0.92, 0.88, 5363, 8344, 9720
Experiment finished

--- Gamma: 16 ---

Loading samplings from /home/yc.shea/experiments/shiro-ef/sampling/glove-100-angular-samplings--k100-ef.bin
Samplings loaded from /home/yc.shea/experiments/shiro-ef/sampling/glove-100-angular-samplings--k100-ef.bin
Average Recall: 0.739955
Initial average recall with ef=100: 0.739897
Average Recall: 0.783487
Initial average recall with ef=150: 0.783442
Weighted average ef: 1609.72
Per-bucket recall: conv_p20=34.9306 hard_recall=0.95 easy_recall=0.98
Training convergence-bucket 0 [9.49065, 29.1725) with 400 queries (recall=0.95).
Average Recall: 0.471375
Initial average recall with ef=100: 0.454632
Average Recall: 0.522575
Initial average recall with ef=150: 0.505553
Weighted average ef: 4214.07
Training convergence-bucket 1 [29.1725, 34.9306) with 400 queries (recall=0.95).
Average Recall: 0.4907
Initial average recall with ef=100: 0.477247
Average Recall: 0.551975
Initial average recall with ef=150: 0.53948
Weighted average ef: 3614.84
Training convergence-bucket 2 [34.9306, 39.5759) with 400 queries (recall=0.98).
Average Recall: 0.555725
Initial average recall with ef=100: 0.549689
Average Recall: 0.616575
Initial average recall with ef=150: 0.610492
Recall diff is too small for 1 consecutive steps, break.
Recall diff is too small for 1 consecutive steps, break.
Weighted average ef: 3903.48
Training convergence-bucket 3 [39.5759, 44.6133) with 400 queries (recall=0.98).
Average Recall: 0.634925
Initial average recall with ef=100: 0.629576
Average Recall: 0.697425
Initial average recall with ef=150: 0.693607
Recall diff is too small for 1 consecutive steps, break.
Recall diff is too small for 1 consecutive steps, break.
Recall diff is too small for 1 consecutive steps, break.
Recall diff is too small for 1 consecutive steps, break.
Recall diff is too small for 1 consecutive steps, break.
Weighted average ef: 3021.69
Training convergence-bucket 4 [44.6133, 50.0946) with 400 queries (recall=0.98).
Average Recall: 0.741875
Initial average recall with ef=100: 0.736649
Average Recall: 0.796475
Initial average recall with ef=150: 0.792181
Recall diff is too small for 1 consecutive steps, break.
Recall diff is too small for 1 consecutive steps, break.
Recall diff is too small for 1 consecutive steps, break.
Recall diff is too small for 1 consecutive steps, break.
Recall diff is too small for 1 consecutive steps, break.
Weighted average ef: 2027.86
Training convergence-bucket 5 [50.0946, 55.7339) with 400 queries (recall=0.98).
Average Recall: 0.808325
Initial average recall with ef=100: 0.8115
Average Recall: 0.85555
Initial average recall with ef=150: 0.859158
Recall diff is too small for 1 consecutive steps, break.
Recall diff is too small for 1 consecutive steps, break.
Recall diff is too small for 1 consecutive steps, break.
Weighted average ef: 1381.81
Training convergence-bucket 6 [55.7339, 61.5794) with 400 queries (recall=0.98).
Average Recall: 0.869625
Initial average recall with ef=100: 0.869639
Average Recall: 0.908625
Initial average recall with ef=150: 0.908943
Recall diff is too small for 1 consecutive steps, break.
Weighted average ef: 926.062
Training convergence-bucket 7 [61.5794, 67.8635) with 400 queries (recall=0.98).
Average Recall: 0.909126
Initial average recall with ef=100: 0.906907
Average Recall: 0.9374
Initial average recall with ef=150: 0.935747
Recall diff is too small for 1 consecutive steps, break.
Recall diff is too small for 1 consecutive steps, break.
Recall diff is too small for 1 consecutive steps, break.
Recall diff is too small for 1 consecutive steps, break.
Weighted average ef: 624.472
Training convergence-bucket 8 [67.8635, 73.9547) with 400 queries (recall=0.98).
Average Recall: 0.939275
Initial average recall with ef=100: 0.943255
Average Recall: 0.959
Initial average recall with ef=150: 0.962786
Recall diff is too small for 1 consecutive steps, break.
Weighted average ef: 453.52
Training convergence-bucket 9 [73.9547, inf) with 400 queries (recall=0.98).
Average Recall: 0.97865
Initial average recall with ef=100: 0.980177
Average Recall: 0.989325
Initial average recall with ef=150: 0.990658
Recall diff is too small for 1 consecutive steps, break.
Recall diff is too small for 1 consecutive steps, break.
Weighted average ef: 132.82
Reconstructed True WAE: 1459.76 (Hard Pct: 0.006175)
  Avg Ef Hard (bucketed): 4860.99 | Avg Ef Easy (bucketed): 1438.63
****Weighted average ef: 1459
Search time: 60213 ms
Search time: 59995 ms
Search time: 59878 ms
Average Recall: 0.977571
5th percentile recall: 0.92
1st percentile recall: 0.88
Median search time: 59995 ms
Search times: 59878 ms, 59995 ms, 60213 ms, 
glove-100-angular experiment results:
statisc_length, time, avg_recall, 5th_percentile_recall, 1st_percentile_recall, recall_above_99, recall_above_95, recall_above_90
1025, 59995, 0.977571, 0.92, 0.88, 5347, 8372, 9730
Experiment finished

--- Gamma: 24 ---

Loading samplings from /home/yc.shea/experiments/shiro-ef/sampling/glove-100-angular-samplings--k100-ef.bin
Samplings loaded from /home/yc.shea/experiments/shiro-ef/sampling/glove-100-angular-samplings--k100-ef.bin
Average Recall: 0.739955
Initial average recall with ef=100: 0.739897
Average Recall: 0.783487
Initial average recall with ef=150: 0.783442
Weighted average ef: 1609.72
Per-bucket recall: conv_p20=41.6536 hard_recall=0.95 easy_recall=0.98
Training convergence-bucket 0 [7.29045, 34.5264) with 400 queries (recall=0.95).
Average Recall: 0.4759
Initial average recall with ef=100: 0.463695
Average Recall: 0.527675
Initial average recall with ef=150: 0.51553
Recall diff is too small for 1 consecutive steps, break.
Recall diff is too small for 1 consecutive steps, break.
Recall diff is too small for 1 consecutive steps, break.
Recall diff is too small for 1 consecutive steps, break.
Weighted average ef: 4163.79
Training convergence-bucket 1 [34.5264, 41.6536) with 400 queries (recall=0.95).
Average Recall: 0.493325
Initial average recall with ef=100: 0.484165
Average Recall: 0.55545
Initial average recall with ef=150: 0.546966
Recall diff is too small for 1 consecutive steps, break.
Recall diff is too small for 1 consecutive steps, break.
Recall diff is too small for 1 consecutive steps, break.
Recall diff is too small for 1 consecutive steps, break.
Recall diff is too small for 1 consecutive steps, break.
Weighted average ef: 3644.38
Training convergence-bucket 2 [41.6536, 47.1498) with 400 queries (recall=0.98).
Average Recall: 0.56155
Initial average recall with ef=100: 0.553071
Average Recall: 0.62265
Initial average recall with ef=150: 0.614357
Weighted average ef: 3770.18
Training convergence-bucket 3 [47.1498, 52.7671) with 400 queries (recall=0.98).
Average Recall: 0.64035
Initial average recall with ef=100: 0.629577
Average Recall: 0.699975
Initial average recall with ef=150: 0.690317
Recall diff is too small for 1 consecutive steps, break.
Recall diff is too small for 1 consecutive steps, break.
Recall diff is too small for 1 consecutive steps, break.
Recall diff is too small for 1 consecutive steps, break.
Weighted average ef: 3005.1
Training convergence-bucket 4 [52.7671, 58.0806) with 400 queries (recall=0.98).
Average Recall: 0.73435
Initial average recall with ef=100: 0.729413
Average Recall: 0.7888
Initial average recall with ef=150: 0.7844
Recall diff is too small for 1 consecutive steps, break.
Recall diff is too small for 1 consecutive steps, break.
Weighted average ef: 2115.78
Training convergence-bucket 5 [58.0806, 62.9571) with 400 queries (recall=0.98).
Average Recall: 0.80825
Initial average recall with ef=100: 0.806349
Average Recall: 0.855375
Initial average recall with ef=150: 0.854788
Recall diff is too small for 1 consecutive steps, break.
Recall diff is too small for 1 consecutive steps, break.
Weighted average ef: 1439.8
Training convergence-bucket 6 [62.9571, 68.3442) with 400 queries (recall=0.98).
Average Recall: 0.866375
Initial average recall with ef=100: 0.869184
Average Recall: 0.905276
Initial average recall with ef=150: 0.908447
Recall diff is too small for 1 consecutive steps, break.
Recall diff is too small for 1 consecutive steps, break.
Weighted average ef: 833.888
Training convergence-bucket 7 [68.3442, 73.3324) with 400 queries (recall=0.98).
Average Recall: 0.913901
Initial average recall with ef=100: 0.913473
Average Recall: 0.94145
Initial average recall with ef=150: 0.941421
Recall diff is too small for 1 consecutive steps, break.
Recall diff is too small for 1 consecutive steps, break.
Weighted average ef: 524.765
Training convergence-bucket 8 [73.3324, 78.3953) with 400 queries (recall=0.98).
Average Recall: 0.931925
Initial average recall with ef=100: 0.935313
Average Recall: 0.952826
Initial average recall with ef=150: 0.955859
Recall diff is too small for 1 consecutive steps, break.
Weighted average ef: 499.547
Training convergence-bucket 9 [78.3953, inf) with 400 queries (recall=0.98).
Average Recall: 0.973675
Initial average recall with ef=100: 0.97734
Average Recall: 0.98545
Initial average recall with ef=150: 0.988466
Recall diff is too small for 1 consecutive steps, break.
Weighted average ef: 154.807
Reconstructed True WAE: 1418.68 (Hard Pct: 0.006175)
  Avg Ef Hard (bucketed): 4869.34 | Avg Ef Easy (bucketed): 1397.24
****Weighted average ef: 1418
Search time: 59424 ms
Search time: 58945 ms
Search time: 59569 ms
Average Recall: 0.977581
5th percentile recall: 0.92
1st percentile recall: 0.88
Median search time: 59424 ms
Search times: 58945 ms, 59424 ms, 59569 ms, 
glove-100-angular experiment results:
statisc_length, time, avg_recall, 5th_percentile_recall, 1st_percentile_recall, recall_above_99, recall_above_95, recall_above_90
1025, 59424, 0.977581, 0.92, 0.88, 5385, 8345, 9722
Experiment finished

--- Gamma: 32 ---

Loading samplings from /home/yc.shea/experiments/shiro-ef/sampling/glove-100-angular-samplings--k100-ef.bin
Samplings loaded from /home/yc.shea/experiments/shiro-ef/sampling/glove-100-angular-samplings--k100-ef.bin
Average Recall: 0.739955
Initial average recall with ef=100: 0.739897
Average Recall: 0.783487
Initial average recall with ef=150: 0.783442
Weighted average ef: 1609.72
Per-bucket recall: conv_p20=46.3789 hard_recall=0.95 easy_recall=0.98
Training convergence-bucket 0 [6.0414, 38.286) with 400 queries (recall=0.95).
Average Recall: 0.478875
Initial average recall with ef=100: 0.467629
Average Recall: 0.52905
Initial average recall with ef=150: 0.517809
Recall diff is too small for 1 consecutive steps, break.
Weighted average ef: 4188.93
Training convergence-bucket 1 [38.286, 46.3789) with 400 queries (recall=0.95).
Average Recall: 0.490275
Initial average recall with ef=100: 0.478935
Average Recall: 0.5542
Initial average recall with ef=150: 0.543922
Recall diff is too small for 1 consecutive steps, break.
Weighted average ef: 3566.5
Training convergence-bucket 2 [46.3789, 52.9406) with 400 queries (recall=0.98).
Average Recall: 0.566775
Initial average recall with ef=100: 0.555564
Average Recall: 0.62915
Initial average recall with ef=150: 0.618793
Recall diff is too small for 1 consecutive steps, break.
Recall diff is too small for 1 consecutive steps, break.
Weighted average ef: 3721.35
Training convergence-bucket 3 [52.9406, 58.3092) with 400 queries (recall=0.98).
Average Recall: 0.6593
Initial average recall with ef=100: 0.651565
Average Recall: 0.71665
Initial average recall with ef=150: 0.709443
Recall diff is too small for 1 consecutive steps, break.
Recall diff is too small for 1 consecutive steps, break.
Recall diff is too small for 1 consecutive steps, break.
Weighted average ef: 2800.84
Training convergence-bucket 4 [58.3092, 63.4695) with 400 queries (recall=0.98).
Average Recall: 0.731125
Initial average recall with ef=100: 0.72053
Average Recall: 0.78385
Initial average recall with ef=150: 0.774297
Recall diff is too small for 1 consecutive steps, break.
Recall diff is too small for 1 consecutive steps, break.
Recall diff is too small for 1 consecutive steps, break.
Weighted average ef: 2212.69
Training convergence-bucket 5 [63.4695, 67.8682) with 400 queries (recall=0.98).
Average Recall: 0.804275
Initial average recall with ef=100: 0.806105
Average Recall: 0.851425
Initial average recall with ef=150: 0.854237
Recall diff is too small for 1 consecutive steps, break.
Recall diff is too small for 1 consecutive steps, break.
Recall diff is too small for 1 consecutive steps, break.
Weighted average ef: 1483.73
Training convergence-bucket 6 [67.8682, 72.7018) with 400 queries (recall=0.98).
Average Recall: 0.8617
Initial average recall with ef=100: 0.862277
Average Recall: 0.9009
Initial average recall with ef=150: 0.902251
Recall diff is too small for 1 consecutive steps, break.
Weighted average ef: 1009.51
Training convergence-bucket 7 [72.7018, 76.839) with 400 queries (recall=0.98).
Average Recall: 0.908325
Initial average recall with ef=100: 0.908594
Average Recall: 0.9369
Initial average recall with ef=150: 0.937682
Recall diff is too small for 1 consecutive steps, break.
Recall diff is too small for 1 consecutive steps, break.
Recall diff is too small for 1 consecutive steps, break.
Recall diff is too small for 1 consecutive steps, break.
Weighted average ef: 536.42
Training convergence-bucket 8 [76.839, 80.9649) with 400 queries (recall=0.98).
Average Recall: 0.93225
Initial average recall with ef=100: 0.936736
Average Recall: 0.9534
Initial average recall with ef=150: 0.957565
Weighted average ef: 445.88
Training convergence-bucket 9 [80.9649, inf) with 400 queries (recall=0.98).
Average Recall: 0.9667
Initial average recall with ef=100: 0.970179
Average Recall: 0.9794
Initial average recall with ef=150: 0.982526
Recall diff is too small for 1 consecutive steps, break.
Recall diff is too small for 1 consecutive steps, break.
Weighted average ef: 233.227
Reconstructed True WAE: 1397.34 (Hard Pct: 0.006175)
  Avg Ef Hard (bucketed): 4824.38 | Avg Ef Easy (bucketed): 1376.04
****Weighted average ef: 1397
Search time: 58432 ms
Search time: 58301 ms
Search time: 58792 ms
Average Recall: 0.977584
5th percentile recall: 0.92
1st percentile recall: 0.88
Median search time: 58432 ms
Search times: 58301 ms, 58432 ms, 58792 ms, 
glove-100-angular experiment results:
statisc_length, time, avg_recall, 5th_percentile_recall, 1st_percentile_recall, recall_above_99, recall_above_95, recall_above_90
1025, 58432, 0.977584, 0.92, 0.88, 5430, 8310, 9726
Experiment finished


Dataset: word2vec-300-angular
Metric: cd
Normalize the data vectors
Data vectors dimensions: 1000000 x 300
Query vectors dimensions: 1000 x 300
Neighbors dimensions: 1000 x 100
Using AVX Inner Product distance
Index loaded
Dimension of space:300
Data size of space:1200

--- Gamma: 8 ---

Loading samplings from /home/yc.shea/experiments/shiro-ef/sampling/word2vec-300-angular-samplings--k100-ef.bin
Samplings loaded from /home/yc.shea/experiments/shiro-ef/sampling/word2vec-300-angular-samplings--k100-ef.bin
Average Recall: 0.822495
Initial average recall with ef=100: 0.822438
Average Recall: 0.869639
Initial average recall with ef=150: 0.869785
Weighted average ef: 493.303
Per-bucket recall: conv_p20=30.0653 hard_recall=0.95 easy_recall=0.98
Training convergence-bucket 0 [12.8356, 27.1087) with 400 queries (recall=0.95).
Average Recall: 0.572975
Initial average recall with ef=100: 0.57133
Average Recall: 0.6536
Initial average recall with ef=150: 0.652711
Weighted average ef: 956.348
Training convergence-bucket 1 [27.1087, 30.0653) with 400 queries (recall=0.95).
Average Recall: 0.615739
Initial average recall with ef=100: 0.611195
Average Recall: 0.70365
Initial average recall with ef=150: 0.703584
Weighted average ef: 857.25
Training convergence-bucket 2 [30.0653, 35.1015) with 400 queries (recall=0.98).
Average Recall: 0.67755
Initial average recall with ef=100: 0.683039
Average Recall: 0.755225
Initial average recall with ef=150: 0.761766
Recall diff is too small for 1 consecutive steps, break.
Recall diff is too small for 1 consecutive steps, break.
Recall diff is too small for 1 consecutive steps, break.
Weighted average ef: 941.963
Training convergence-bucket 3 [35.1015, 41.1893) with 400 queries (recall=0.98).
Average Recall: 0.791376
Initial average recall with ef=100: 0.791791
Average Recall: 0.850225
Initial average recall with ef=150: 0.85107
Recall diff is too small for 1 consecutive steps, break.
Recall diff is too small for 1 consecutive steps, break.
Recall diff is too small for 1 consecutive steps, break.
Recall diff is too small for 1 consecutive steps, break.
Weighted average ef: 867.362
Training convergence-bucket 4 [41.1893, 46.0043) with 400 queries (recall=0.98).
Average Recall: 0.844075
Initial average recall with ef=100: 0.846942
Average Recall: 0.894625
Initial average recall with ef=150: 0.896383
Recall diff is too small for 1 consecutive steps, break.
Recall diff is too small for 1 consecutive steps, break.
Recall diff is too small for 1 consecutive steps, break.
Recall diff is too small for 1 consecutive steps, break.
Weighted average ef: 681.695
Training convergence-bucket 5 [46.0043, 50.4205) with 400 queries (recall=0.98).
Average Recall: 0.89945
Initial average recall with ef=100: 0.899307
Average Recall: 0.937125
Initial average recall with ef=150: 0.936987
Recall diff is too small for 1 consecutive steps, break.
Recall diff is too small for 1 consecutive steps, break.
Recall diff is too small for 1 consecutive steps, break.
Recall diff is too small for 1 consecutive steps, break.
Weighted average ef: 401.522
Training convergence-bucket 6 [50.4205, 54.7914) with 400 queries (recall=0.98).
Average Recall: 0.927926
Initial average recall with ef=100: 0.928098
Average Recall: 0.956625
Initial average recall with ef=150: 0.956967
Recall diff is too small for 1 consecutive steps, break.
Weighted average ef: 304.342
Training convergence-bucket 7 [54.7914, 59.2283) with 400 queries (recall=0.98).
Average Recall: 0.94875
Initial average recall with ef=100: 0.94965
Average Recall: 0.970851
Initial average recall with ef=150: 0.972021
Recall diff is too small for 1 consecutive steps, break.
Recall diff is too small for 1 consecutive steps, break.
Weighted average ef: 210.497
Training convergence-bucket 8 [59.2283, 64.2672) with 400 queries (recall=0.98).
Average Recall: 0.965876
Initial average recall with ef=100: 0.965379
Average Recall: 0.98355
Initial average recall with ef=150: 0.983394
Weighted average ef: 146.788
Training convergence-bucket 9 [64.2672, inf) with 400 queries (recall=0.98).
Average Recall: 0.980801
Initial average recall with ef=100: 0.980486
Average Recall: 0.991
Initial average recall with ef=150: 0.990844
Weighted average ef: 122.375
Reconstructed True WAE: 247.63 (Hard Pct: 0.023875)
  Avg Ef Hard (bucketed): 903.385 | Avg Ef Easy (bucketed): 231.591
****Weighted average ef: 247
Search time: 2136 ms
Search time: 2127 ms
Search time: 2136 ms
Average Recall: 0.97623
5th percentile recall: 0.89
1st percentile recall: 0.81
Median search time: 2136 ms
Search times: 2127 ms, 2136 ms, 2136 ms, 
word2vec-300-angular experiment results:
statisc_length, time, avg_recall, 5th_percentile_recall, 1st_percentile_recall, recall_above_99, recall_above_95, recall_above_90
1025, 2136, 0.97623, 0.89, 0.81, 625, 836, 936
Experiment finished

--- Gamma: 12 ---

Loading samplings from /home/yc.shea/experiments/shiro-ef/sampling/word2vec-300-angular-samplings--k100-ef.bin
Samplings loaded from /home/yc.shea/experiments/shiro-ef/sampling/word2vec-300-angular-samplings--k100-ef.bin
Average Recall: 0.822495
Initial average recall with ef=100: 0.822671
Average Recall: 0.869639
Initial average recall with ef=150: 0.869785
Weighted average ef: 493.303
Per-bucket recall: conv_p20=35.7782 hard_recall=0.95 easy_recall=0.98
Training convergence-bucket 0 [13.2328, 32.7198) with 400 queries (recall=0.95).
Average Recall: 0.584375
Initial average recall with ef=100: 0.58416
Average Recall: 0.665525
Initial average recall with ef=150: 0.666124
Weighted average ef: 911.37
Training convergence-bucket 1 [32.7198, 35.7782) with 400 queries (recall=0.95).
Average Recall: 0.610075
Initial average recall with ef=100: 0.612032
Average Recall: 0.696075
Initial average recall with ef=150: 0.701055
Recall diff is too small for 1 consecutive steps, break.
Weighted average ef: 877.64
Training convergence-bucket 2 [35.7782, 41.6594) with 400 queries (recall=0.98).
Average Recall: 0.6705
Initial average recall with ef=100: 0.66943
Average Recall: 0.749275
Initial average recall with ef=150: 0.748782
Recall diff is too small for 1 consecutive steps, break.
Weighted average ef: 952.11
Training convergence-bucket 3 [41.6594, 48.186) with 400 queries (recall=0.98).
Average Recall: 0.791851
Initial average recall with ef=100: 0.79035
Average Recall: 0.850525
Initial average recall with ef=150: 0.849838
Recall diff is too small for 1 consecutive steps, break.
Recall diff is too small for 1 consecutive steps, break.
Recall diff is too small for 1 consecutive steps, break.
Recall diff is too small for 1 consecutive steps, break.
Recall diff is too small for 1 consecutive steps, break.
Weighted average ef: 859.99
Training convergence-bucket 4 [48.186, 53.0848) with 400 queries (recall=0.98).
Average Recall: 0.850825
Initial average recall with ef=100: 0.852688
Average Recall: 0.901675
Initial average recall with ef=150: 0.902715
Recall diff is too small for 1 consecutive steps, break.
Recall diff is too small for 1 consecutive steps, break.
Weighted average ef: 599.553
Training convergence-bucket 5 [53.0848, 57.529) with 400 queries (recall=0.98).
Average Recall: 0.896875
Initial average recall with ef=100: 0.895722
Average Recall: 0.933725
Initial average recall with ef=150: 0.933542
Recall diff is too small for 1 consecutive steps, break.
Recall diff is too small for 1 consecutive steps, break.
Recall diff is too small for 1 consecutive steps, break.
Recall diff is too small for 1 consecutive steps, break.
Weighted average ef: 417.488
Training convergence-bucket 6 [57.529, 61.6387) with 400 queries (recall=0.98).
Average Recall: 0.925525
Initial average recall with ef=100: 0.925344
Average Recall: 0.954575
Initial average recall with ef=150: 0.954762
Recall diff is too small for 1 consecutive steps, break.
Recall diff is too small for 1 consecutive steps, break.
Weighted average ef: 312.155
Training convergence-bucket 7 [61.6387, 65.8996) with 400 queries (recall=0.98).
Average Recall: 0.9516
Initial average recall with ef=100: 0.95224
Average Recall: 0.97355
Initial average recall with ef=150: 0.974187
Recall diff is too small for 1 consecutive steps, break.
Weighted average ef: 194.91
Training convergence-bucket 8 [65.8996, 70.2702) with 400 queries (recall=0.98).
Average Recall: 0.963901
Initial average recall with ef=100: 0.963892
Average Recall: 0.98185
Initial average recall with ef=150: 0.982062
Weighted average ef: 161.045
Training convergence-bucket 9 [70.2702, inf) with 400 queries (recall=0.98).
Average Recall: 0.978975
Initial average recall with ef=100: 0.978702
Average Recall: 0.9897
Initial average recall with ef=150: 0.989542
Recall diff is too small for 1 consecutive steps, break.
Weighted average ef: 129.125
Reconstructed True WAE: 241.599 (Hard Pct: 0.023875)
  Avg Ef Hard (bucketed): 934.48 | Avg Ef Easy (bucketed): 224.652
****Weighted average ef: 241
Search time: 2129 ms
Search time: 2216 ms
Search time: 2159 ms
Average Recall: 0.97641
5th percentile recall: 0.89
1st percentile recall: 0.82
Median search time: 2159 ms
Search times: 2129 ms, 2159 ms, 2216 ms, 
word2vec-300-angular experiment results:
statisc_length, time, avg_recall, 5th_percentile_recall, 1st_percentile_recall, recall_above_99, recall_above_95, recall_above_90
1025, 2159, 0.97641, 0.89, 0.82, 627, 828, 937
Experiment finished

--- Gamma: 16 ---

Loading samplings from /home/yc.shea/experiments/shiro-ef/sampling/word2vec-300-angular-samplings--k100-ef.bin
Samplings loaded from /home/yc.shea/experiments/shiro-ef/sampling/word2vec-300-angular-samplings--k100-ef.bin
Average Recall: 0.822495
Initial average recall with ef=100: 0.822438
Average Recall: 0.869639
Initial average recall with ef=150: 0.869785
Weighted average ef: 493.303
Per-bucket recall: conv_p20=39.9181 hard_recall=0.95 easy_recall=0.98
Training convergence-bucket 0 [13.6502, 36.6718) with 400 queries (recall=0.95).
Average Recall: 0.59065
Initial average recall with ef=100: 0.588109
Average Recall: 0.671
Initial average recall with ef=150: 0.669249
Recall diff is too small for 1 consecutive steps, break.
Recall diff is too small for 1 consecutive steps, break.
Weighted average ef: 913.02
Training convergence-bucket 1 [36.6718, 39.9181) with 400 queries (recall=0.95).
Average Recall: 0.61225
Initial average recall with ef=100: 0.61733
Average Recall: 0.696525
Initial average recall with ef=150: 0.703141
Weighted average ef: 874.357
Training convergence-bucket 2 [39.9181, 46.1723) with 400 queries (recall=0.98).
Average Recall: 0.663334
Initial average recall with ef=100: 0.657139
Average Recall: 0.743575
Initial average recall with ef=150: 0.741916
Recall diff is too small for 1 consecutive steps, break.
Recall diff is too small for 1 consecutive steps, break.
Weighted average ef: 933.792
Training convergence-bucket 3 [46.1723, 52.7291) with 400 queries (recall=0.98).
Average Recall: 0.79045
Initial average recall with ef=100: 0.788628
Average Recall: 0.849375
Initial average recall with ef=150: 0.847836
Recall diff is too small for 1 consecutive steps, break.
Recall diff is too small for 1 consecutive steps, break.
Weighted average ef: 913.228
Training convergence-bucket 4 [52.7291, 57.7677) with 400 queries (recall=0.98).
Average Recall: 0.855825
Initial average recall with ef=100: 0.857599
Average Recall: 0.9069
Initial average recall with ef=150: 0.907863
Recall diff is too small for 1 consecutive steps, break.
Recall diff is too small for 1 consecutive steps, break.
Recall diff is too small for 1 consecutive steps, break.
Recall diff is too small for 1 consecutive steps, break.
Weighted average ef: 603.018
Training convergence-bucket 5 [57.7677, 61.9828) with 400 queries (recall=0.98).
Average Recall: 0.895575
Initial average recall with ef=100: 0.894033
Average Recall: 0.9315
Initial average recall with ef=150: 0.930545
Recall diff is too small for 1 consecutive steps, break.
Recall diff is too small for 1 consecutive steps, break.
Recall diff is too small for 1 consecutive steps, break.
Recall diff is too small for 1 consecutive steps, break.
Weighted average ef: 458.507
Training convergence-bucket 6 [61.9828, 65.908) with 400 queries (recall=0.98).
Average Recall: 0.925625
Initial average recall with ef=100: 0.926105
Average Recall: 0.954675
Initial average recall with ef=150: 0.9555
Weighted average ef: 303.242
Training convergence-bucket 7 [65.908, 69.9025) with 400 queries (recall=0.98).
Average Recall: 0.949126
Initial average recall with ef=100: 0.949332
Average Recall: 0.972051
Initial average recall with ef=150: 0.97262
Recall diff is too small for 1 consecutive steps, break.
Weighted average ef: 195.3
Training convergence-bucket 8 [69.9025, 73.9139) with 400 queries (recall=0.98).
Average Recall: 0.96515
Initial average recall with ef=100: 0.965091
Average Recall: 0.9826
Initial average recall with ef=150: 0.982739
Weighted average ef: 159.235
Training convergence-bucket 9 [73.9139, inf) with 400 queries (recall=0.98).
Average Recall: 0.976651
Initial average recall with ef=100: 0.976931
Average Recall: 0.988275
Initial average recall with ef=150: 0.988389
Weighted average ef: 133.475
Reconstructed True WAE: 234.871 (Hard Pct: 0.023875)
  Avg Ef Hard (bucketed): 934.496 | Avg Ef Easy (bucketed): 217.759
****Weighted average ef: 234
Search time: 2164 ms
Search time: 2169 ms
Search time: 2160 ms
Average Recall: 0.97659
5th percentile recall: 0.89
1st percentile recall: 0.81
Median search time: 2164 ms
Search times: 2160 ms, 2164 ms, 2169 ms, 
word2vec-300-angular experiment results:
statisc_length, time, avg_recall, 5th_percentile_recall, 1st_percentile_recall, recall_above_99, recall_above_95, recall_above_90
1025, 2164, 0.97659, 0.89, 0.81, 635, 833, 938
Experiment finished

--- Gamma: 24 ---

Loading samplings from /home/yc.shea/experiments/shiro-ef/sampling/word2vec-300-angular-samplings--k100-ef.bin
Samplings loaded from /home/yc.shea/experiments/shiro-ef/sampling/word2vec-300-angular-samplings--k100-ef.bin
Average Recall: 0.822495
Initial average recall with ef=100: 0.822438
Average Recall: 0.869639
Initial average recall with ef=150: 0.869785
Weighted average ef: 493.303
Per-bucket recall: conv_p20=45.6738 hard_recall=0.95 easy_recall=0.98
Training convergence-bucket 0 [14.6553, 41.9113) with 400 queries (recall=0.95).
Average Recall: 0.592
Initial average recall with ef=100: 0.586213
Average Recall: 0.672575
Initial average recall with ef=150: 0.668347
Recall diff is too small for 1 consecutive steps, break.
Weighted average ef: 876.465
Training convergence-bucket 1 [41.9113, 45.6738) with 400 queries (recall=0.95).
Average Recall: 0.6195
Initial average recall with ef=100: 0.621567
Average Recall: 0.705625
Initial average recall with ef=150: 0.70906
Recall diff is too small for 1 consecutive steps, break.
Recall diff is too small for 1 consecutive steps, break.
Weighted average ef: 870.105
Training convergence-bucket 2 [45.6738, 51.9199) with 400 queries (recall=0.98).
Average Recall: 0.651704
Initial average recall with ef=100: 0.650267
Average Recall: 0.729175
Initial average recall with ef=150: 0.727413
Recall diff is too small for 1 consecutive steps, break.
Weighted average ef: 924.193
Training convergence-bucket 3 [51.9199, 58.6764) with 400 queries (recall=0.98).
Average Recall: 0.7975
Initial average recall with ef=100: 0.79557
Average Recall: 0.856475
Initial average recall with ef=150: 0.855119
Recall diff is too small for 1 consecutive steps, break.
Recall diff is too small for 1 consecutive steps, break.
Recall diff is too small for 1 consecutive steps, break.
Weighted average ef: 877.842
Training convergence-bucket 4 [58.6764, 63.6813) with 400 queries (recall=0.98).
Average Recall: 0.856325
Initial average recall with ef=100: 0.855898
Average Recall: 0.90655
Initial average recall with ef=150: 0.905281
Recall diff is too small for 1 consecutive steps, break.
Recall diff is too small for 1 consecutive steps, break.
Recall diff is too small for 1 consecutive steps, break.
Recall diff is too small for 1 consecutive steps, break.
Recall diff is too small for 1 consecutive steps, break.
Recall diff is too small for 1 consecutive steps, break.
Weighted average ef: 565.65
Training convergence-bucket 5 [63.6813, 67.82) with 400 queries (recall=0.98).
Average Recall: 0.897125
Initial average recall with ef=100: 0.896702
Average Recall: 0.933275
Initial average recall with ef=150: 0.933192
Recall diff is too small for 1 consecutive steps, break.
Recall diff is too small for 1 consecutive steps, break.
Recall diff is too small for 1 consecutive steps, break.
Recall diff is too small for 1 consecutive steps, break.
Weighted average ef: 436.05
Training convergence-bucket 6 [67.82, 71.1251) with 400 queries (recall=0.98).
Average Recall: 0.9272
Initial average recall with ef=100: 0.928906
Average Recall: 0.9562
Initial average recall with ef=150: 0.957943
Recall diff is too small for 1 consecutive steps, break.
Weighted average ef: 294.695
Training convergence-bucket 7 [71.1251, 74.5026) with 400 queries (recall=0.98).
Average Recall: 0.945876
Initial average recall with ef=100: 0.945
Average Recall: 0.9689
Initial average recall with ef=150: 0.968629
Recall diff is too small for 1 consecutive steps, break.
Recall diff is too small for 1 consecutive steps, break.
Weighted average ef: 226.067
Training convergence-bucket 8 [74.5026, 77.9832) with 400 queries (recall=0.98).
Average Recall: 0.9635
Initial average recall with ef=100: 0.964831
Average Recall: 0.98105
Initial average recall with ef=150: 0.98213
Weighted average ef: 161.7
Training convergence-bucket 9 [77.9832, inf) with 400 queries (recall=0.98).
Average Recall: 0.973875
Initial average recall with ef=100: 0.97445
Average Recall: 0.98665
Initial average recall with ef=150: 0.986931
Weighted average ef: 137.387
Reconstructed True WAE: 237.401 (Hard Pct: 0.023875)
  Avg Ef Hard (bucketed): 913.271 | Avg Ef Easy (bucketed): 220.87
****Weighted average ef: 237
Search time: 2277 ms
Search time: 2191 ms
Search time: 2281 ms
Average Recall: 0.9773
5th percentile recall: 0.9
1st percentile recall: 0.82
Median search time: 2277 ms
Search times: 2191 ms, 2277 ms, 2281 ms, 
word2vec-300-angular experiment results:
statisc_length, time, avg_recall, 5th_percentile_recall, 1st_percentile_recall, recall_above_99, recall_above_95, recall_above_90
1025, 2277, 0.9773, 0.9, 0.82, 633, 840, 947
Experiment finished

--- Gamma: 32 ---

Loading samplings from /home/yc.shea/experiments/shiro-ef/sampling/word2vec-300-angular-samplings--k100-ef.bin
Samplings loaded from /home/yc.shea/experiments/shiro-ef/sampling/word2vec-300-angular-samplings--k100-ef.bin
Average Recall: 0.822495
Initial average recall with ef=100: 0.822438
Average Recall: 0.869639
Initial average recall with ef=150: 0.869785
Weighted average ef: 493.303
Per-bucket recall: conv_p20=49.4788 hard_recall=0.95 easy_recall=0.98
Training convergence-bucket 0 [15.6146, 44.9047) with 400 queries (recall=0.95).
Average Recall: 0.591175
Initial average recall with ef=100: 0.588704
Average Recall: 0.670025
Initial average recall with ef=150: 0.668889
Weighted average ef: 915.687
Training convergence-bucket 1 [44.9047, 49.4788) with 400 queries (recall=0.95).
Average Recall: 0.62795
Initial average recall with ef=100: 0.624441
Average Recall: 0.71685
Initial average recall with ef=150: 0.714947
Recall diff is too small for 1 consecutive steps, break.
Weighted average ef: 835.013
Training convergence-bucket 2 [49.4788, 55.8822) with 400 queries (recall=0.98).
Average Recall: 0.649323
Initial average recall with ef=100: 0.647513
Average Recall: 0.724625
Initial average recall with ef=150: 0.721623
Recall diff is too small for 1 consecutive steps, break.
Weighted average ef: 945.508
Training convergence-bucket 3 [55.8822, 62.6825) with 400 queries (recall=0.98).
Average Recall: 0.799425
Initial average recall with ef=100: 0.798453
Average Recall: 0.858301
Initial average recall with ef=150: 0.857947
Recall diff is too small for 1 consecutive steps, break.
Recall diff is too small for 1 consecutive steps, break.
Recall diff is too small for 1 consecutive steps, break.
Recall diff is too small for 1 consecutive steps, break.
Recall diff is too small for 1 consecutive steps, break.
Weighted average ef: 868.085
Training convergence-bucket 4 [62.6825, 67.5217) with 400 queries (recall=0.98).
Average Recall: 0.85565
Initial average recall with ef=100: 0.853288
Average Recall: 0.905225
Initial average recall with ef=150: 0.902603
Recall diff is too small for 1 consecutive steps, break.
Recall diff is too small for 1 consecutive steps, break.
Recall diff is too small for 1 consecutive steps, break.
Weighted average ef: 553.385
Training convergence-bucket 5 [67.5217, 71.2597) with 400 queries (recall=0.98).
Average Recall: 0.896975
Initial average recall with ef=100: 0.897063
Average Recall: 0.932901
Initial average recall with ef=150: 0.933386
Recall diff is too small for 1 consecutive steps, break.
Recall diff is too small for 1 consecutive steps, break.
Recall diff is too small for 1 consecutive steps, break.
Recall diff is too small for 1 consecutive steps, break.
Weighted average ef: 407.753
Training convergence-bucket 6 [71.2597, 74.2529) with 400 queries (recall=0.98).
Average Recall: 0.9267
Initial average recall with ef=100: 0.926719
Average Recall: 0.95585
Initial average recall with ef=150: 0.956116
Recall diff is too small for 1 consecutive steps, break.
Weighted average ef: 289.205
Training convergence-bucket 7 [74.2529, 77.3013) with 400 queries (recall=0.98).
Average Recall: 0.943801
Initial average recall with ef=100: 0.943707
Average Recall: 0.967275
Initial average recall with ef=150: 0.967387
Recall diff is too small for 1 consecutive steps, break.
Recall diff is too small for 1 consecutive steps, break.
Weighted average ef: 237.782
Training convergence-bucket 8 [77.3013, 80.2339) with 400 queries (recall=0.98).
Average Recall: 0.9643
Initial average recall with ef=100: 0.96487
Average Recall: 0.981475
Initial average recall with ef=150: 0.98211
Recall diff is too small for 1 consecutive steps, break.
Weighted average ef: 161.09
Training convergence-bucket 9 [80.2339, inf) with 400 queries (recall=0.98).
Average Recall: 0.9693
Initial average recall with ef=100: 0.969794
Average Recall: 0.98395
Initial average recall with ef=150: 0.984433
Weighted average ef: 144.668
Reconstructed True WAE: 282.086 (Hard Pct: 0.023875)
  Avg Ef Hard (bucketed): 896.356 | Avg Ef Easy (bucketed): 267.062
****Weighted average ef: 282
Search time: 2256 ms
Search time: 2250 ms
Search time: 2248 ms
Average Recall: 0.97741
5th percentile recall: 0.9
1st percentile recall: 0.8
Median search time: 2250 ms
Search times: 2248 ms, 2250 ms, 2256 ms, 
word2vec-300-angular experiment results:
statisc_length, time, avg_recall, 5th_percentile_recall, 1st_percentile_recall, recall_above_99, recall_above_95, recall_above_90
1025, 2250, 0.97741, 0.9, 0.8, 638, 847, 945
Experiment finished


Dataset: sift10m-128-euclidean
Metric: l2
Data vectors dimensions: 10000000 x 128
Query vectors dimensions: 1000 x 128
Neighbors dimensions: 1000 x 100
Index loaded
Dimension of space:128
Data size of space:512

--- Gamma: 8 ---

Loading samplings from /home/yc.shea/experiments/shiro-ef/sampling/sift10m-128-euclidean-samplings--k100-ef.bin
Samplings loaded from /home/yc.shea/experiments/shiro-ef/sampling/sift10m-128-euclidean-samplings--k100-ef.bin
Average Recall: 0.854657
Initial average recall with ef=100: 0.854876
Average Recall: 0.900996
Initial average recall with ef=150: 0.901219
Recall diff is too small for 1 consecutive steps, break.
Weighted average ef: 304.489
Per-bucket recall: conv_p20=30.7999 hard_recall=0.95 easy_recall=0.98
Training convergence-bucket 0 [19.1246, 28.2416) with 400 queries (recall=0.95).
Average Recall: 0.64635
Initial average recall with ef=100: 0.644103
Average Recall: 0.726375
Initial average recall with ef=150: 0.72482
Recall diff is too small for 1 consecutive steps, break.
Weighted average ef: 755.103
Training convergence-bucket 1 [28.2416, 30.7999) with 400 queries (recall=0.95).
Average Recall: 0.692075
Initial average recall with ef=100: 0.691355
Average Recall: 0.769825
Initial average recall with ef=150: 0.768747
Weighted average ef: 621.088
Training convergence-bucket 2 [30.7999, 35.4488) with 400 queries (recall=0.98).
Average Recall: 0.76765
Initial average recall with ef=100: 0.767506
Average Recall: 0.835725
Initial average recall with ef=150: 0.835533
Recall diff is too small for 1 consecutive steps, break.
Weighted average ef: 706.075
Training convergence-bucket 3 [35.4488, 39.3448) with 400 queries (recall=0.98).
Average Recall: 0.83145
Initial average recall with ef=100: 0.830489
Average Recall: 0.89115
Initial average recall with ef=150: 0.890334
Recall diff is too small for 1 consecutive steps, break.
Weighted average ef: 475.03
Training convergence-bucket 4 [39.3448, 43.0989) with 400 queries (recall=0.98).
Average Recall: 0.8695
Initial average recall with ef=100: 0.870672
Average Recall: 0.91985
Initial average recall with ef=150: 0.920827
Weighted average ef: 358.588
Training convergence-bucket 5 [43.0989, 47.2875) with 400 queries (recall=0.98).
Average Recall: 0.897675
Initial average recall with ef=100: 0.898172
Average Recall: 0.941801
Initial average recall with ef=150: 0.942167
Weighted average ef: 300.238
Training convergence-bucket 6 [47.2875, 51.9044) with 400 queries (recall=0.98).
Average Recall: 0.927001
Initial average recall with ef=100: 0.926785
Average Recall: 0.9615
Initial average recall with ef=150: 0.961316
Recall diff is too small for 1 consecutive steps, break.
Weighted average ef: 243.473
Training convergence-bucket 7 [51.9044, 57.4141) with 400 queries (recall=0.98).
Average Recall: 0.950801
Initial average recall with ef=100: 0.952214
Average Recall: 0.977725
Initial average recall with ef=150: 0.97883
Weighted average ef: 169.425
Training convergence-bucket 8 [57.4141, 64.4926) with 400 queries (recall=0.98).
Average Recall: 0.973076
Initial average recall with ef=100: 0.974416
Average Recall: 0.989125
Initial average recall with ef=150: 0.989949
Weighted average ef: 135.357
Training convergence-bucket 9 [64.4926, inf) with 400 queries (recall=0.98).
Average Recall: 0.991075
Initial average recall with ef=100: 0.99148
Average Recall: 0.997
Initial average recall with ef=150: 0.997271
Weighted average ef: 102.125
Reconstructed True WAE: 197.358 (Hard Pct: 0.02)
  Avg Ef Hard (bucketed): 680.585 | Avg Ef Easy (bucketed): 187.497
****Weighted average ef: 197
Search time: 1489 ms
Search time: 1488 ms
Search time: 1503 ms
Average Recall: 0.98423
5th percentile recall: 0.95
1st percentile recall: 0.92
Median search time: 1489 ms
Search times: 1488 ms, 1489 ms, 1503 ms, 
sift10m-128-euclidean experiment results:
statisc_length, time, avg_recall, 5th_percentile_recall, 1st_percentile_recall, recall_above_99, recall_above_95, recall_above_90
1025, 1489, 0.98423, 0.95, 0.92, 599, 939, 996
Experiment finished

--- Gamma: 12 ---

Loading samplings from /home/yc.shea/experiments/shiro-ef/sampling/sift10m-128-euclidean-samplings--k100-ef.bin
Samplings loaded from /home/yc.shea/experiments/shiro-ef/sampling/sift10m-128-euclidean-samplings--k100-ef.bin
Average Recall: 0.854657
Initial average recall with ef=100: 0.854876
Average Recall: 0.900996
Initial average recall with ef=150: 0.901219
Recall diff is too small for 1 consecutive steps, break.
Weighted average ef: 304.489
Per-bucket recall: conv_p20=38.1457 hard_recall=0.95 easy_recall=0.98
Training convergence-bucket 0 [23.9088, 35.464) with 400 queries (recall=0.95).
Average Recall: 0.6502
Initial average recall with ef=100: 0.64732
Average Recall: 0.730125
Initial average recall with ef=150: 0.728015
Recall diff is too small for 1 consecutive steps, break.
Weighted average ef: 744.982
Training convergence-bucket 1 [35.464, 38.1457) with 400 queries (recall=0.95).
Average Recall: 0.690175
Initial average recall with ef=100: 0.689133
Average Recall: 0.7676
Initial average recall with ef=150: 0.766709
Weighted average ef: 645.505
Training convergence-bucket 2 [38.1457, 43.4033) with 400 queries (recall=0.98).
Average Recall: 0.768275
Initial average recall with ef=100: 0.767169
Average Recall: 0.837
Initial average recall with ef=150: 0.835792
Recall diff is too small for 1 consecutive steps, break.
Weighted average ef: 710.375
Training convergence-bucket 3 [43.4033, 47.5852) with 400 queries (recall=0.98).
Average Recall: 0.832675
Initial average recall with ef=100: 0.831602
Average Recall: 0.8917
Initial average recall with ef=150: 0.891008
Recall diff is too small for 1 consecutive steps, break.
Recall diff is too small for 1 consecutive steps, break.
Weighted average ef: 473.625
Training convergence-bucket 4 [47.5852, 51.2446) with 400 queries (recall=0.98).
Average Recall: 0.86775
Initial average recall with ef=100: 0.867758
Average Recall: 0.91835
Initial average recall with ef=150: 0.918454
Recall diff is too small for 1 consecutive steps, break.
Weighted average ef: 363.503
Training convergence-bucket 5 [51.2446, 55.3503) with 400 queries (recall=0.98).
Average Recall: 0.8993
Initial average recall with ef=100: 0.89961
Average Recall: 0.942851
Initial average recall with ef=150: 0.943273
Weighted average ef: 294.258
Training convergence-bucket 6 [55.3503, 59.6522) with 400 queries (recall=0.98).
Average Recall: 0.924475
Initial average recall with ef=100: 0.924504
Average Recall: 0.959125
Initial average recall with ef=150: 0.959211
Weighted average ef: 246.152
Training convergence-bucket 7 [59.6522, 64.5772) with 400 queries (recall=0.98).
Average Recall: 0.950976
Initial average recall with ef=100: 0.952265
Average Recall: 0.977526
Initial average recall with ef=150: 0.978397
Weighted average ef: 172.325
Training convergence-bucket 8 [64.5772, 70.9854) with 400 queries (recall=0.98).
Average Recall: 0.972101
Initial average recall with ef=100: 0.973325
Average Recall: 0.9889
Initial average recall with ef=150: 0.989645
Weighted average ef: 135
Training convergence-bucket 9 [70.9854, inf) with 400 queries (recall=0.98).
Average Recall: 0.990725
Initial average recall with ef=100: 0.991422
Average Recall: 0.9969
Initial average recall with ef=150: 0.997364
Weighted average ef: 100.42
Reconstructed True WAE: 213.069 (Hard Pct: 0.02)
  Avg Ef Hard (bucketed): 699.334 | Avg Ef Easy (bucketed): 203.146
****Weighted average ef: 213
Search time: 1636 ms
Search time: 1648 ms
Search time: 1621 ms
Average Recall: 0.98514
5th percentile recall: 0.95
1st percentile recall: 0.92
Median search time: 1636 ms
Search times: 1621 ms, 1636 ms, 1648 ms, 
sift10m-128-euclidean experiment results:
statisc_length, time, avg_recall, 5th_percentile_recall, 1st_percentile_recall, recall_above_99, recall_above_95, recall_above_90
1025, 1636, 0.98514, 0.95, 0.92, 632, 946, 997
Experiment finished

--- Gamma: 16 ---

Loading samplings from /home/yc.shea/experiments/shiro-ef/sampling/sift10m-128-euclidean-samplings--k100-ef.bin
Samplings loaded from /home/yc.shea/experiments/shiro-ef/sampling/sift10m-128-euclidean-samplings--k100-ef.bin
Average Recall: 0.854657
Initial average recall with ef=100: 0.854876
Average Recall: 0.900996
Initial average recall with ef=150: 0.901219
Recall diff is too small for 1 consecutive steps, break.
Weighted average ef: 304.489
Per-bucket recall: conv_p20=43.8437 hard_recall=0.95 easy_recall=0.98
Training convergence-bucket 0 [25.6326, 40.8198) with 400 queries (recall=0.95).
Average Recall: 0.65535
Initial average recall with ef=100: 0.652923
Average Recall: 0.73465
Initial average recall with ef=150: 0.732897
Recall diff is too small for 1 consecutive steps, break.
Weighted average ef: 730.415
Training convergence-bucket 1 [40.8198, 43.8437) with 400 queries (recall=0.95).
Average Recall: 0.689975
Initial average recall with ef=100: 0.688593
Average Recall: 0.767325
Initial average recall with ef=150: 0.766113
Weighted average ef: 649.535
Training convergence-bucket 2 [43.8437, 49.4131) with 400 queries (recall=0.98).
Average Recall: 0.76585
Initial average recall with ef=100: 0.763747
Average Recall: 0.835325
Initial average recall with ef=150: 0.833282
Recall diff is too small for 1 consecutive steps, break.
Weighted average ef: 714.21
Training convergence-bucket 3 [49.4131, 53.5096) with 400 queries (recall=0.98).
Average Recall: 0.83605
Initial average recall with ef=100: 0.834578
Average Recall: 0.89375
Initial average recall with ef=150: 0.892685
Recall diff is too small for 1 consecutive steps, break.
Weighted average ef: 482.753
Training convergence-bucket 4 [53.5096, 57.0384) with 400 queries (recall=0.98).
Average Recall: 0.8665
Initial average recall with ef=100: 0.866907
Average Recall: 0.917376
Initial average recall with ef=150: 0.917655
Recall diff is too small for 1 consecutive steps, break.
Weighted average ef: 379.973
Training convergence-bucket 5 [57.0384, 60.7419) with 400 queries (recall=0.98).
Average Recall: 0.8986
Initial average recall with ef=100: 0.899743
Average Recall: 0.941551
Initial average recall with ef=150: 0.942519
Recall diff is too small for 1 consecutive steps, break.
Weighted average ef: 297.615
Training convergence-bucket 6 [60.7419, 64.7118) with 400 queries (recall=0.98).
Average Recall: 0.923151
Initial average recall with ef=100: 0.923817
Average Recall: 0.95875
Initial average recall with ef=150: 0.959313
Weighted average ef: 243.75
Training convergence-bucket 7 [64.7118, 69.2495) with 400 queries (recall=0.98).
Average Recall: 0.950876
Initial average recall with ef=100: 0.95162
Average Recall: 0.97715
Initial average recall with ef=150: 0.977772
Weighted average ef: 176.02
Training convergence-bucket 8 [69.2495, 74.7705) with 400 queries (recall=0.98).
Average Recall: 0.969976
Initial average recall with ef=100: 0.971498
Average Recall: 0.98745
Initial average recall with ef=150: 0.988553
Weighted average ef: 141.125
Training convergence-bucket 9 [74.7705, inf) with 400 queries (recall=0.98).
Average Recall: 0.990325
Initial average recall with ef=100: 0.990851
Average Recall: 0.99675
Initial average recall with ef=150: 0.997062
Weighted average ef: 102.35
Reconstructed True WAE: 208.454 (Hard Pct: 0.02)
  Avg Ef Hard (bucketed): 699.151 | Avg Ef Easy (bucketed): 198.439
****Weighted average ef: 208
Search time: 1538 ms
Search time: 1534 ms
Search time: 1539 ms
Average Recall: 0.98553
5th percentile recall: 0.95
1st percentile recall: 0.92
Median search time: 1538 ms
Search times: 1534 ms, 1538 ms, 1539 ms, 
sift10m-128-euclidean experiment results:
statisc_length, time, avg_recall, 5th_percentile_recall, 1st_percentile_recall, recall_above_99, recall_above_95, recall_above_90
1025, 1538, 0.98553, 0.95, 0.92, 650, 939, 996
Experiment finished

--- Gamma: 24 ---

Loading samplings from /home/yc.shea/experiments/shiro-ef/sampling/sift10m-128-euclidean-samplings--k100-ef.bin
Samplings loaded from /home/yc.shea/experiments/shiro-ef/sampling/sift10m-128-euclidean-samplings--k100-ef.bin
Average Recall: 0.854657
Initial average recall with ef=100: 0.854876
Average Recall: 0.900996
Initial average recall with ef=150: 0.901219
Recall diff is too small for 1 consecutive steps, break.
Weighted average ef: 304.489
Per-bucket recall: conv_p20=52.5595 hard_recall=0.95 easy_recall=0.98
Training convergence-bucket 0 [26.6961, 48.8091) with 400 queries (recall=0.95).
Average Recall: 0.659725
Initial average recall with ef=100: 0.656366
Average Recall: 0.7389
Initial average recall with ef=150: 0.736392
Recall diff is too small for 1 consecutive steps, break.
Weighted average ef: 716.38
Training convergence-bucket 1 [48.8091, 52.5595) with 400 queries (recall=0.95).
Average Recall: 0.694875
Initial average recall with ef=100: 0.69272
Average Recall: 0.772125
Initial average recall with ef=150: 0.770492
Weighted average ef: 639.885
Training convergence-bucket 2 [52.5595, 58.0473) with 400 queries (recall=0.98).
Average Recall: 0.761875
Initial average recall with ef=100: 0.76
Average Recall: 0.831125
Initial average recall with ef=150: 0.829593
Recall diff is too small for 1 consecutive steps, break.
Recall diff is too small for 1 consecutive steps, break.
Weighted average ef: 712.653
Training convergence-bucket 3 [58.0473, 61.6532) with 400 queries (recall=0.98).
Average Recall: 0.839525
Initial average recall with ef=100: 0.838072
Average Recall: 0.8956
Initial average recall with ef=150: 0.894447
Weighted average ef: 481.18
Training convergence-bucket 4 [61.6532, 64.8554) with 400 queries (recall=0.98).
Average Recall: 0.867049
Initial average recall with ef=100: 0.866969
Average Recall: 0.918451
Initial average recall with ef=150: 0.918342
Weighted average ef: 374.325
Training convergence-bucket 5 [64.8554, 68.151) with 400 queries (recall=0.98).
Average Recall: 0.894251
Initial average recall with ef=100: 0.893537
Average Recall: 0.9386
Initial average recall with ef=150: 0.937913
Weighted average ef: 317.595
Training convergence-bucket 6 [68.151, 71.1504) with 400 queries (recall=0.98).
Average Recall: 0.921726
Initial average recall with ef=100: 0.921848
Average Recall: 0.956951
Initial average recall with ef=150: 0.95719
Weighted average ef: 257.272
Training convergence-bucket 7 [71.1504, 74.8497) with 400 queries (recall=0.98).
Average Recall: 0.949601
Initial average recall with ef=100: 0.950354
Average Recall: 0.975225
Initial average recall with ef=150: 0.975873
Weighted average ef: 185.025
Training convergence-bucket 8 [74.8497, 78.968) with 400 queries (recall=0.98).
Average Recall: 0.969526
Initial average recall with ef=100: 0.970912
Average Recall: 0.98715
Initial average recall with ef=150: 0.988228
Weighted average ef: 141.55
Training convergence-bucket 9 [78.968, inf) with 400 queries (recall=0.98).
Average Recall: 0.9885
Initial average recall with ef=100: 0.99013
Average Recall: 0.99595
Initial average recall with ef=150: 0.996796
Weighted average ef: 103.375
Reconstructed True WAE: 226.334 (Hard Pct: 0.02)
  Avg Ef Hard (bucketed): 706.225 | Avg Ef Easy (bucketed): 216.54
****Weighted average ef: 226
Search time: 1648 ms
Search time: 1620 ms
Search time: 1671 ms
Average Recall: 0.98534
5th percentile recall: 0.95
1st percentile recall: 0.92
Median search time: 1648 ms
Search times: 1620 ms, 1648 ms, 1671 ms, 
sift10m-128-euclidean experiment results:
statisc_length, time, avg_recall, 5th_percentile_recall, 1st_percentile_recall, recall_above_99, recall_above_95, recall_above_90
1025, 1648, 0.98534, 0.95, 0.92, 641, 934, 995
Experiment finished

--- Gamma: 32 ---

Loading samplings from /home/yc.shea/experiments/shiro-ef/sampling/sift10m-128-euclidean-samplings--k100-ef.bin
Samplings loaded from /home/yc.shea/experiments/shiro-ef/sampling/sift10m-128-euclidean-samplings--k100-ef.bin
Average Recall: 0.854657
Initial average recall with ef=100: 0.854876
Average Recall: 0.900996
Initial average recall with ef=150: 0.901219
Recall diff is too small for 1 consecutive steps, break.
Weighted average ef: 304.489
Per-bucket recall: conv_p20=58.9087 hard_recall=0.95 easy_recall=0.98
Training convergence-bucket 0 [24.3763, 54.4523) with 400 queries (recall=0.95).
Average Recall: 0.667025
Initial average recall with ef=100: 0.664385
Average Recall: 0.7458
Initial average recall with ef=150: 0.744
Recall diff is too small for 1 consecutive steps, break.
Weighted average ef: 696.358
Training convergence-bucket 1 [54.4523, 58.9087) with 400 queries (recall=0.95).
Average Recall: 0.693775
Initial average recall with ef=100: 0.692772
Average Recall: 0.771225
Initial average recall with ef=150: 0.770648
Recall diff is too small for 1 consecutive steps, break.
Weighted average ef: 631.633
Training convergence-bucket 2 [58.9087, 63.8619) with 400 queries (recall=0.98).
Average Recall: 0.767675
Initial average recall with ef=100: 0.764987
Average Recall: 0.835175
Initial average recall with ef=150: 0.832931
Weighted average ef: 706.262
Training convergence-bucket 3 [63.8619, 67.1829) with 400 queries (recall=0.98).
Average Recall: 0.8365
Initial average recall with ef=100: 0.834781
Average Recall: 0.892425
Initial average recall with ef=150: 0.890982
Weighted average ef: 483.83
Training convergence-bucket 4 [67.1829, 70.0087) with 400 queries (recall=0.98).
Average Recall: 0.86805
Initial average recall with ef=100: 0.866202
Average Recall: 0.919151
Initial average recall with ef=150: 0.917778
Recall diff is too small for 1 consecutive steps, break.
Recall diff is too small for 1 consecutive steps, break.
Weighted average ef: 367.155
Training convergence-bucket 5 [70.0087, 72.7764) with 400 queries (recall=0.98).
Average Recall: 0.895125
Initial average recall with ef=100: 0.89375
Average Recall: 0.93835
Initial average recall with ef=150: 0.9375
Recall diff is too small for 1 consecutive steps, break.
Weighted average ef: 320.305
Training convergence-bucket 6 [72.7764, 75.3899) with 400 queries (recall=0.98).
Average Recall: 0.916926
Initial average recall with ef=100: 0.917646
Average Recall: 0.954001
Initial average recall with ef=150: 0.954405
Weighted average ef: 267.943
Training convergence-bucket 7 [75.3899, 78.2261) with 400 queries (recall=0.98).
Average Recall: 0.947825
Initial average recall with ef=100: 0.950356
Average Recall: 0.9736
Initial average recall with ef=150: 0.975725
Weighted average ef: 190.587
Training convergence-bucket 8 [78.2261, 81.61) with 400 queries (recall=0.98).
Average Recall: 0.967125
Initial average recall with ef=100: 0.967657
Average Recall: 0.985499
Initial average recall with ef=150: 0.985919
Recall diff is too small for 1 consecutive steps, break.
Weighted average ef: 144.883
Training convergence-bucket 9 [81.61, inf) with 400 queries (recall=0.98).
Average Recall: 0.986625
Initial average recall with ef=100: 0.989052
Average Recall: 0.99485
Initial average recall with ef=150: 0.996282
Weighted average ef: 107
Reconstructed True WAE: 222.827 (Hard Pct: 0.02)
  Avg Ef Hard (bucketed): 695.266 | Avg Ef Easy (bucketed): 213.186
****Weighted average ef: 222
Search time: 1606 ms
Search time: 1519 ms
Search time: 1496 ms
Average Recall: 0.98455
5th percentile recall: 0.95
1st percentile recall: 0.91
Median search time: 1519 ms
Search times: 1496 ms, 1519 ms, 1606 ms, 
sift10m-128-euclidean experiment results:
statisc_length, time, avg_recall, 5th_percentile_recall, 1st_percentile_recall, recall_above_99, recall_above_95, recall_above_90
1025, 1519, 0.98455, 0.95, 0.91, 638, 930, 991
Experiment finished


Dataset: gist-960-euclidean
Metric: l2
Data vectors dimensions: 1000000 x 960
Query vectors dimensions: 1000 x 960
Neighbors dimensions: 1000 x 100
Index loaded
Dimension of space:960
Data size of space:3840

--- Gamma: 8 ---

Loading samplings from /home/yc.shea/experiments/shiro-ef/sampling/gist-960-euclidean-samplings--k100-ef.bin
Samplings loaded from /home/yc.shea/experiments/shiro-ef/sampling/gist-960-euclidean-samplings--k100-ef.bin
Average Recall: 0.730765
Initial average recall with ef=100: 0.731088
Average Recall: 0.802507
Initial average recall with ef=150: 0.802829
Recall diff is too small for 1 consecutive steps, break.
Weighted average ef: 625.902
Per-bucket recall: conv_p20=26.2338 hard_recall=0.95 easy_recall=0.98
Training convergence-bucket 0 [16.6081, 23.5353) with 400 queries (recall=0.95).
Average Recall: 0.505475
Initial average recall with ef=100: 0.505309
Average Recall: 0.6008
Initial average recall with ef=150: 0.599974
Recall diff is too small for 1 consecutive steps, break.
Weighted average ef: 1429.11
Training convergence-bucket 1 [23.5353, 26.2338) with 400 queries (recall=0.95).
Average Recall: 0.56585
Initial average recall with ef=100: 0.565729
Average Recall: 0.65975
Initial average recall with ef=150: 0.659523
Recall diff is too small for 1 consecutive steps, break.
Weighted average ef: 1143.94
Training convergence-bucket 2 [26.2338, 28.676) with 400 queries (recall=0.98).
Average Recall: 0.618375
Initial average recall with ef=100: 0.617584
Average Recall: 0.709
Initial average recall with ef=150: 0.70856
Recall diff is too small for 1 consecutive steps, break.
Recall diff is too small for 1 consecutive steps, break.
Recall diff is too small for 1 consecutive steps, break.
Recall diff is too small for 1 consecutive steps, break.
Weighted average ef: 1732.45
Training convergence-bucket 3 [28.676, 31.0084) with 400 queries (recall=0.98).
Average Recall: 0.664675
Initial average recall with ef=100: 0.665729
Average Recall: 0.750725
Initial average recall with ef=150: 0.75263
Recall diff is too small for 1 consecutive steps, break.
Recall diff is too small for 1 consecutive steps, break.
Weighted average ef: 1299.93
Training convergence-bucket 4 [31.0084, 33.4461) with 400 queries (recall=0.98).
Average Recall: 0.707725
Initial average recall with ef=100: 0.709401
Average Recall: 0.788675
Initial average recall with ef=150: 0.790182
Recall diff is too small for 1 consecutive steps, break.
Recall diff is too small for 1 consecutive steps, break.
Recall diff is too small for 1 consecutive steps, break.
Recall diff is too small for 1 consecutive steps, break.
Recall diff is too small for 1 consecutive steps, break.
Weighted average ef: 981.14
Training convergence-bucket 5 [33.4461, 36.6986) with 400 queries (recall=0.98).
Average Recall: 0.747125
Initial average recall with ef=100: 0.746273
Average Recall: 0.825525
Initial average recall with ef=150: 0.825039
Recall diff is too small for 1 consecutive steps, break.
Recall diff is too small for 1 consecutive steps, break.
Recall diff is too small for 1 consecutive steps, break.
Recall diff is too small for 1 consecutive steps, break.
Weighted average ef: 833.762
Training convergence-bucket 6 [36.6986, 40.7633) with 400 queries (recall=0.98).
Average Recall: 0.80315
Initial average recall with ef=100: 0.80348
Average Recall: 0.8721
Initial average recall with ef=150: 0.872655
Recall diff is too small for 1 consecutive steps, break.
Recall diff is too small for 1 consecutive steps, break.
Recall diff is too small for 1 consecutive steps, break.
Recall diff is too small for 1 consecutive steps, break.
Weighted average ef: 619.637
Training convergence-bucket 7 [40.7633, 46.5836) with 400 queries (recall=0.98).
Average Recall: 0.842075
Initial average recall with ef=100: 0.842753
Average Recall: 0.900925
Initial average recall with ef=150: 0.90148
Recall diff is too small for 1 consecutive steps, break.
Recall diff is too small for 1 consecutive steps, break.
Recall diff is too small for 1 consecutive steps, break.
Weighted average ef: 490.643
Training convergence-bucket 8 [46.5836, 55.2444) with 400 queries (recall=0.98).
Average Recall: 0.8935
Initial average recall with ef=100: 0.896554
Average Recall: 0.937275
Initial average recall with ef=150: 0.940157
Recall diff is too small for 1 consecutive steps, break.
Recall diff is too small for 1 consecutive steps, break.
Weighted average ef: 339.087
Training convergence-bucket 9 [55.2444, inf) with 400 queries (recall=0.98).
Average Recall: 0.959725
Initial average recall with ef=100: 0.965303
Average Recall: 0.980325
Initial average recall with ef=150: 0.983826
Weighted average ef: 148.488
Reconstructed True WAE: 437.197 (Hard Pct: 0.010775)
  Avg Ef Hard (bucketed): 1585.51 | Avg Ef Easy (bucketed): 424.689
****Weighted average ef: 437
Search time: 8519 ms
Search time: 8430 ms
Search time: 8859 ms
Average Recall: 0.98083
5th percentile recall: 0.94
1st percentile recall: 0.9
Median search time: 8519 ms
Search times: 8430 ms, 8519 ms, 8859 ms, 
gist-960-euclidean experiment results:
statisc_length, time, avg_recall, 5th_percentile_recall, 1st_percentile_recall, recall_above_99, recall_above_95, recall_above_90
1025, 8519, 0.98083, 0.94, 0.9, 549, 880, 985
Experiment finished

--- Gamma: 12 ---

Loading samplings from /home/yc.shea/experiments/shiro-ef/sampling/gist-960-euclidean-samplings--k100-ef.bin
Samplings loaded from /home/yc.shea/experiments/shiro-ef/sampling/gist-960-euclidean-samplings--k100-ef.bin
Average Recall: 0.730765
Initial average recall with ef=100: 0.731088
Average Recall: 0.802507
Initial average recall with ef=150: 0.802829
Recall diff is too small for 1 consecutive steps, break.
Weighted average ef: 625.902
Per-bucket recall: conv_p20=32.2425 hard_recall=0.95 easy_recall=0.98
Training convergence-bucket 0 [20.758, 29.0359) with 400 queries (recall=0.95).
Average Recall: 0.508925
Initial average recall with ef=100: 0.509383
Average Recall: 0.60385
Initial average recall with ef=150: 0.603753
Weighted average ef: 1438.68
Training convergence-bucket 1 [29.0359, 32.2425) with 400 queries (recall=0.95).
Average Recall: 0.564
Initial average recall with ef=100: 0.562626
Average Recall: 0.658625
Initial average recall with ef=150: 0.657222
Weighted average ef: 1131.85
Training convergence-bucket 2 [32.2425, 34.993) with 400 queries (recall=0.98).
Average Recall: 0.6192
Initial average recall with ef=100: 0.618582
Average Recall: 0.70795
Initial average recall with ef=150: 0.707474
Recall diff is too small for 1 consecutive steps, break.
Recall diff is too small for 1 consecutive steps, break.
Weighted average ef: 1723.13
Training convergence-bucket 3 [34.993, 37.5501) with 400 queries (recall=0.98).
Average Recall: 0.666075
Initial average recall with ef=100: 0.669409
Average Recall: 0.75335
Initial average recall with ef=150: 0.757352
Recall diff is too small for 1 consecutive steps, break.
Recall diff is too small for 1 consecutive steps, break.
Recall diff is too small for 1 consecutive steps, break.
Recall diff is too small for 1 consecutive steps, break.
Recall diff is too small for 1 consecutive steps, break.
Weighted average ef: 1223.8
Training convergence-bucket 4 [37.5501, 40.0339) with 400 queries (recall=0.98).
Average Recall: 0.70965
Initial average recall with ef=100: 0.711276
Average Recall: 0.790825
Initial average recall with ef=150: 0.792448
Recall diff is too small for 1 consecutive steps, break.
Recall diff is too small for 1 consecutive steps, break.
Weighted average ef: 1018.81
Training convergence-bucket 5 [40.0339, 43.4198) with 400 queries (recall=0.98).
Average Recall: 0.745375
Initial average recall with ef=100: 0.744701
Average Recall: 0.82305
Initial average recall with ef=150: 0.82213
Recall diff is too small for 1 consecutive steps, break.
Recall diff is too small for 1 consecutive steps, break.
Recall diff is too small for 1 consecutive steps, break.
Recall diff is too small for 1 consecutive steps, break.
Weighted average ef: 891.022
Training convergence-bucket 6 [43.4198, 47.74) with 400 queries (recall=0.98).
Average Recall: 0.80135
Initial average recall with ef=100: 0.802231
Average Recall: 0.870701
Initial average recall with ef=150: 0.871487
Recall diff is too small for 1 consecutive steps, break.
Recall diff is too small for 1 consecutive steps, break.
Recall diff is too small for 1 consecutive steps, break.
Recall diff is too small for 1 consecutive steps, break.
Weighted average ef: 647.523
Training convergence-bucket 7 [47.74, 53.4692) with 400 queries (recall=0.98).
Average Recall: 0.840225
Initial average recall with ef=100: 0.841818
Average Recall: 0.89905
Initial average recall with ef=150: 0.90039
Recall diff is too small for 1 consecutive steps, break.
Recall diff is too small for 1 consecutive steps, break.
Recall diff is too small for 1 consecutive steps, break.
Recall diff is too small for 1 consecutive steps, break.
Recall diff is too small for 1 consecutive steps, break.
Weighted average ef: 480.98
Training convergence-bucket 8 [53.4692, 62.1026) with 400 queries (recall=0.98).
Average Recall: 0.894725
Initial average recall with ef=100: 0.898165
Average Recall: 0.93875
Initial average recall with ef=150: 0.94168
Recall diff is too small for 1 consecutive steps, break.
Recall diff is too small for 1 consecutive steps, break.
Weighted average ef: 333.145
Training convergence-bucket 9 [62.1026, inf) with 400 queries (recall=0.98).
Average Recall: 0.95815
Initial average recall with ef=100: 0.96267
Average Recall: 0.97895
Initial average recall with ef=150: 0.981806
Weighted average ef: 159.818
Reconstructed True WAE: 481.221 (Hard Pct: 0.010775)
  Avg Ef Hard (bucketed): 1567.97 | Avg Ef Easy (bucketed): 469.384
****Weighted average ef: 481
Search time: 8958 ms
Search time: 8959 ms
Search time: 8690 ms
Average Recall: 0.9814
5th percentile recall: 0.94
1st percentile recall: 0.91
Median search time: 8958 ms
Search times: 8690 ms, 8958 ms, 8959 ms, 
gist-960-euclidean experiment results:
statisc_length, time, avg_recall, 5th_percentile_recall, 1st_percentile_recall, recall_above_99, recall_above_95, recall_above_90
1025, 8958, 0.9814, 0.94, 0.91, 561, 887, 991
Experiment finished

--- Gamma: 16 ---

Loading samplings from /home/yc.shea/experiments/shiro-ef/sampling/gist-960-euclidean-samplings--k100-ef.bin
Samplings loaded from /home/yc.shea/experiments/shiro-ef/sampling/gist-960-euclidean-samplings--k100-ef.bin
Average Recall: 0.730765
Initial average recall with ef=100: 0.731088
Average Recall: 0.802507
Initial average recall with ef=150: 0.802829
Recall diff is too small for 1 consecutive steps, break.
Weighted average ef: 625.902
Per-bucket recall: conv_p20=36.6201 hard_recall=0.95 easy_recall=0.98
Training convergence-bucket 0 [23.8147, 33.1689) with 400 queries (recall=0.95).
Average Recall: 0.50875
Initial average recall with ef=100: 0.508615
Average Recall: 0.602925
Initial average recall with ef=150: 0.602538
Recall diff is too small for 1 consecutive steps, break.
Recall diff is too small for 1 consecutive steps, break.
Recall diff is too small for 1 consecutive steps, break.
Weighted average ef: 1455.5
Training convergence-bucket 1 [33.1689, 36.6201) with 400 queries (recall=0.95).
Average Recall: 0.567625
Initial average recall with ef=100: 0.566111
Average Recall: 0.662725
Initial average recall with ef=150: 0.661212
Recall diff is too small for 1 consecutive steps, break.
Weighted average ef: 1104.28
Training convergence-bucket 2 [36.6201, 39.5445) with 400 queries (recall=0.98).
Average Recall: 0.621275
Initial average recall with ef=100: 0.621447
Average Recall: 0.709725
Initial average recall with ef=150: 0.71031
Weighted average ef: 1707.98
Training convergence-bucket 3 [39.5445, 42.2303) with 400 queries (recall=0.98).
Average Recall: 0.666925
Initial average recall with ef=100: 0.669406
Average Recall: 0.7542
Initial average recall with ef=150: 0.756951
Recall diff is too small for 1 consecutive steps, break.
Recall diff is too small for 1 consecutive steps, break.
Recall diff is too small for 1 consecutive steps, break.
Recall diff is too small for 1 consecutive steps, break.
Weighted average ef: 1260.58
Training convergence-bucket 4 [42.2303, 44.9316) with 400 queries (recall=0.98).
Average Recall: 0.705775
Initial average recall with ef=100: 0.706615
Average Recall: 0.78765
Initial average recall with ef=150: 0.789089
Recall diff is too small for 1 consecutive steps, break.
Recall diff is too small for 1 consecutive steps, break.
Weighted average ef: 997.823
Training convergence-bucket 5 [44.9316, 48.2064) with 400 queries (recall=0.98).
Average Recall: 0.748625
Initial average recall with ef=100: 0.748432
Average Recall: 0.82525
Initial average recall with ef=150: 0.824987
Recall diff is too small for 1 consecutive steps, break.
Recall diff is too small for 1 consecutive steps, break.
Recall diff is too small for 1 consecutive steps, break.
Recall diff is too small for 1 consecutive steps, break.
Recall diff is too small for 1 consecutive steps, break.
Weighted average ef: 913.025
Training convergence-bucket 6 [48.2064, 52.5846) with 400 queries (recall=0.98).
Average Recall: 0.79775
Initial average recall with ef=100: 0.799041
Average Recall: 0.866726
Initial average recall with ef=150: 0.867979
Recall diff is too small for 1 consecutive steps, break.
Weighted average ef: 619.867
Training convergence-bucket 7 [52.5846, 58.2719) with 400 queries (recall=0.98).
Average Recall: 0.839775
Initial average recall with ef=100: 0.839691
Average Recall: 0.89915
Initial average recall with ef=150: 0.899175
Recall diff is too small for 1 consecutive steps, break.
Recall diff is too small for 1 consecutive steps, break.
Recall diff is too small for 1 consecutive steps, break.
Recall diff is too small for 1 consecutive steps, break.
Weighted average ef: 482.297
Training convergence-bucket 8 [58.2719, 66.3334) with 400 queries (recall=0.98).
Average Recall: 0.894075
Initial average recall with ef=100: 0.896897
Average Recall: 0.938375
Initial average recall with ef=150: 0.940769
Recall diff is too small for 1 consecutive steps, break.
Weighted average ef: 328.037
Training convergence-bucket 9 [66.3334, inf) with 400 queries (recall=0.98).
Average Recall: 0.9571
Initial average recall with ef=100: 0.96114
Average Recall: 0.978375
Initial average recall with ef=150: 0.980958
Weighted average ef: 167.458
Reconstructed True WAE: 549.366 (Hard Pct: 0.010775)
  Avg Ef Hard (bucketed): 1545.42 | Avg Ef Easy (bucketed): 538.516
****Weighted average ef: 549
Search time: 8713 ms
Search time: 8520 ms
Search time: 8872 ms
Average Recall: 0.98168
5th percentile recall: 0.94
1st percentile recall: 0.9
Median search time: 8713 ms
Search times: 8520 ms, 8713 ms, 8872 ms, 
gist-960-euclidean experiment results:
statisc_length, time, avg_recall, 5th_percentile_recall, 1st_percentile_recall, recall_above_99, recall_above_95, recall_above_90
1025, 8713, 0.98168, 0.94, 0.9, 571, 888, 989
Experiment finished

--- Gamma: 24 ---

Loading samplings from /home/yc.shea/experiments/shiro-ef/sampling/gist-960-euclidean-samplings--k100-ef.bin
Samplings loaded from /home/yc.shea/experiments/shiro-ef/sampling/gist-960-euclidean-samplings--k100-ef.bin
Average Recall: 0.730765
Initial average recall with ef=100: 0.731088
Average Recall: 0.802507
Initial average recall with ef=150: 0.802829
Recall diff is too small for 1 consecutive steps, break.
Weighted average ef: 625.902
Per-bucket recall: conv_p20=42.5249 hard_recall=0.95 easy_recall=0.98
Training convergence-bucket 0 [26.9876, 38.5155) with 400 queries (recall=0.95).
Average Recall: 0.514625
Initial average recall with ef=100: 0.513842
Average Recall: 0.606875
Initial average recall with ef=150: 0.606285
Recall diff is too small for 1 consecutive steps, break.
Recall diff is too small for 1 consecutive steps, break.
Weighted average ef: 1416.69
Training convergence-bucket 1 [38.5155, 42.5249) with 400 queries (recall=0.95).
Average Recall: 0.564225
Initial average recall with ef=100: 0.563426
Average Recall: 0.660025
Initial average recall with ef=150: 0.659219
Recall diff is too small for 1 consecutive steps, break.
Weighted average ef: 1166.76
Training convergence-bucket 2 [42.5249, 45.7486) with 400 queries (recall=0.98).
Average Recall: 0.626
Initial average recall with ef=100: 0.625851
Average Recall: 0.716275
Initial average recall with ef=150: 0.716572
Weighted average ef: 1712.85
Training convergence-bucket 3 [45.7486, 48.5744) with 400 queries (recall=0.98).
Average Recall: 0.664825
Initial average recall with ef=100: 0.665598
Average Recall: 0.75
Initial average recall with ef=150: 0.751119
Recall diff is too small for 1 consecutive steps, break.
Recall diff is too small for 1 consecutive steps, break.
Recall diff is too small for 1 consecutive steps, break.
Recall diff is too small for 1 consecutive steps, break.
Recall diff is too small for 1 consecutive steps, break.
Recall diff is too small for 1 consecutive steps, break.
Weighted average ef: 1337.34
Training convergence-bucket 4 [48.5744, 51.5336) with 400 queries (recall=0.98).
Average Recall: 0.7056
Initial average recall with ef=100: 0.707832
Average Recall: 0.78925
Initial average recall with ef=150: 0.791658
Recall diff is too small for 1 consecutive steps, break.
Recall diff is too small for 1 consecutive steps, break.
Recall diff is too small for 1 consecutive steps, break.
Recall diff is too small for 1 consecutive steps, break.
Weighted average ef: 1024.1
Training convergence-bucket 5 [51.5336, 54.681) with 400 queries (recall=0.98).
Average Recall: 0.75295
Initial average recall with ef=100: 0.752294
Average Recall: 0.82795
Initial average recall with ef=150: 0.827371
Recall diff is too small for 1 consecutive steps, break.
Recall diff is too small for 1 consecutive steps, break.
Recall diff is too small for 1 consecutive steps, break.
Recall diff is too small for 1 consecutive steps, break.
Recall diff is too small for 1 consecutive steps, break.
Weighted average ef: 853.682
Training convergence-bucket 6 [54.681, 59.0598) with 400 queries (recall=0.98).
Average Recall: 0.7902
Initial average recall with ef=100: 0.791932
Average Recall: 0.860676
Initial average recall with ef=150: 0.86282
Recall diff is too small for 1 consecutive steps, break.
Weighted average ef: 680.145
Training convergence-bucket 7 [59.0598, 64.1463) with 400 queries (recall=0.98).
Average Recall: 0.838125
Initial average recall with ef=100: 0.841085
Average Recall: 0.896751
Initial average recall with ef=150: 0.899742
Recall diff is too small for 1 consecutive steps, break.
Weighted average ef: 486.382
Training convergence-bucket 8 [64.1463, 71.6525) with 400 queries (recall=0.98).
Average Recall: 0.895275
Initial average recall with ef=100: 0.896806
Average Recall: 0.93945
Initial average recall with ef=150: 0.940497
Weighted average ef: 352.635
Training convergence-bucket 9 [71.6525, inf) with 400 queries (recall=0.98).
Average Recall: 0.95585
Initial average recall with ef=100: 0.959023
Average Recall: 0.97785
Initial average recall with ef=150: 0.979949
Weighted average ef: 170.46
Reconstructed True WAE: 575.076 (Hard Pct: 0.010775)
  Avg Ef Hard (bucketed): 1588.03 | Avg Ef Easy (bucketed): 564.042
****Weighted average ef: 575
Search time: 9017 ms
Search time: 9030 ms
Search time: 8924 ms
Average Recall: 0.98175
5th percentile recall: 0.94
1st percentile recall: 0.91
Median search time: 9017 ms
Search times: 8924 ms, 9017 ms, 9030 ms, 
gist-960-euclidean experiment results:
statisc_length, time, avg_recall, 5th_percentile_recall, 1st_percentile_recall, recall_above_99, recall_above_95, recall_above_90
1025, 9017, 0.98175, 0.94, 0.91, 577, 897, 990
Experiment finished

--- Gamma: 32 ---

Loading samplings from /home/yc.shea/experiments/shiro-ef/sampling/gist-960-euclidean-samplings--k100-ef.bin
Samplings loaded from /home/yc.shea/experiments/shiro-ef/sampling/gist-960-euclidean-samplings--k100-ef.bin
Average Recall: 0.730765
Initial average recall with ef=100: 0.731088
Average Recall: 0.802507
Initial average recall with ef=150: 0.802829
Recall diff is too small for 1 consecutive steps, break.
Weighted average ef: 625.902
Per-bucket recall: conv_p20=46.1756 hard_recall=0.95 easy_recall=0.98
Training convergence-bucket 0 [28.5156, 41.9114) with 400 queries (recall=0.95).
Average Recall: 0.518875
Initial average recall with ef=100: 0.51734
Average Recall: 0.611975
Initial average recall with ef=150: 0.610742
Recall diff is too small for 1 consecutive steps, break.
Weighted average ef: 1367.6
Training convergence-bucket 1 [41.9114, 46.1756) with 400 queries (recall=0.95).
Average Recall: 0.562625
Initial average recall with ef=100: 0.561244
Average Recall: 0.6563
Initial average recall with ef=150: 0.655203
Weighted average ef: 1215.58
Training convergence-bucket 2 [46.1756, 49.6619) with 400 queries (recall=0.98).
Average Recall: 0.62915
Initial average recall with ef=100: 0.627157
Average Recall: 0.72075
Initial average recall with ef=150: 0.718959
Recall diff is too small for 1 consecutive steps, break.
Recall diff is too small for 1 consecutive steps, break.
Recall diff is too small for 1 consecutive steps, break.
Recall diff is too small for 1 consecutive steps, break.
Recall diff is too small for 1 consecutive steps, break.
Weighted average ef: 1649.3
Training convergence-bucket 3 [49.6619, 52.7535) with 400 queries (recall=0.98).
Average Recall: 0.668175
Initial average recall with ef=100: 0.668667
Average Recall: 0.752624
Initial average recall with ef=150: 0.753487
Recall diff is too small for 1 consecutive steps, break.
Recall diff is too small for 1 consecutive steps, break.
Recall diff is too small for 1 consecutive steps, break.
Recall diff is too small for 1 consecutive steps, break.
Weighted average ef: 1325.38
Training convergence-bucket 4 [52.7535, 55.7483) with 400 queries (recall=0.98).
Average Recall: 0.705875
Initial average recall with ef=100: 0.706087
Average Recall: 0.787525
Initial average recall with ef=150: 0.788056
Recall diff is too small for 1 consecutive steps, break.
Recall diff is too small for 1 consecutive steps, break.
Recall diff is too small for 1 consecutive steps, break.
Weighted average ef: 1082.36
Training convergence-bucket 5 [55.7483, 58.8821) with 400 queries (recall=0.98).
Average Recall: 0.751375
Initial average recall with ef=100: 0.752088
Average Recall: 0.828149
Initial average recall with ef=150: 0.828918
Recall diff is too small for 1 consecutive steps, break.
Recall diff is too small for 1 consecutive steps, break.
Weighted average ef: 888.303
Training convergence-bucket 6 [58.8821, 63.1661) with 400 queries (recall=0.98).
Average Recall: 0.7872
Initial average recall with ef=100: 0.786831
Average Recall: 0.857051
Initial average recall with ef=150: 0.857351
Recall diff is too small for 1 consecutive steps, break.
Recall diff is too small for 1 consecutive steps, break.
Recall diff is too small for 1 consecutive steps, break.
Weighted average ef: 654.438
Training convergence-bucket 7 [63.1661, 67.742) with 400 queries (recall=0.98).
Average Recall: 0.8369
Initial average recall with ef=100: 0.838123
Average Recall: 0.895975
Initial average recall with ef=150: 0.897352
Recall diff is too small for 1 consecutive steps, break.
Weighted average ef: 538.732
Training convergence-bucket 8 [67.742, 74.7565) with 400 queries (recall=0.98).
Average Recall: 0.89365
Initial average recall with ef=100: 0.89643
Average Recall: 0.937925
Initial average recall with ef=150: 0.940236
Weighted average ef: 293.205
Training convergence-bucket 9 [74.7565, inf) with 400 queries (recall=0.98).
Average Recall: 0.95385
Initial average recall with ef=100: 0.957205
Average Recall: 0.976825
Initial average recall with ef=150: 0.979026
Weighted average ef: 172.923
Reconstructed True WAE: 521.661 (Hard Pct: 0.010775)
  Avg Ef Hard (bucketed): 1564.55 | Avg Ef Easy (bucketed): 510.302
****Weighted average ef: 521
Search time: 8916 ms
Search time: 8564 ms
Search time: 8827 ms
Average Recall: 0.98157
5th percentile recall: 0.94
1st percentile recall: 0.9
Median search time: 8827 ms
Search times: 8564 ms, 8827 ms, 8916 ms, 
gist-960-euclidean experiment results:
statisc_length, time, avg_recall, 5th_percentile_recall, 1st_percentile_recall, recall_above_99, recall_above_95, recall_above_90
1025, 8827, 0.98157, 0.94, 0.9, 579, 892, 989
Experiment finished


Dataset: tiny5m-384-euclidean
Metric: l2
Data vectors dimensions: 5000000 x 384
Query vectors dimensions: 1000 x 384
Neighbors dimensions: 1000 x 100
Index loaded
Dimension of space:384
Data size of space:1536

--- Gamma: 8 ---

Loading samplings from /home/yc.shea/experiments/shiro-ef/sampling/tiny5m-384-euclidean-samplings--k100-ef.bin
Samplings loaded from /home/yc.shea/experiments/shiro-ef/sampling/tiny5m-384-euclidean-samplings--k100-ef.bin
Average Recall: 0.647698
Initial average recall with ef=100: 0.64731
Average Recall: 0.71884
Initial average recall with ef=150: 0.71842
Recall diff is too small for 1 consecutive steps, break.
Recall diff is too small for 1 consecutive steps, break.
Recall diff is too small for 1 consecutive steps, break.
Recall diff is too small for 1 consecutive steps, break.
Recall diff is too small for 1 consecutive steps, break.
Recall diff is too small for 1 consecutive steps, break.
Weighted average ef: 995.905
Per-bucket recall: conv_p20=22.679 hard_recall=0.95 easy_recall=0.98
Training convergence-bucket 0 [14.1961, 20.045) with 400 queries (recall=0.95).
Average Recall: 0.3607
Initial average recall with ef=100: 0.358959
Average Recall: 0.4393
Initial average recall with ef=150: 0.437513
Weighted average ef: 3091.66
Training convergence-bucket 1 [20.045, 22.679) with 400 queries (recall=0.95).
Average Recall: 0.442
Initial average recall with ef=100: 0.441111
Average Recall: 0.52615
Initial average recall with ef=150: 0.525
Recall diff is too small for 1 consecutive steps, break.
Weighted average ef: 2289.42
Training convergence-bucket 2 [22.679, 24.9651) with 400 queries (recall=0.98).
Average Recall: 0.499825
Initial average recall with ef=100: 0.499291
Average Recall: 0.58345
Initial average recall with ef=150: 0.583063
Recall diff is too small for 1 consecutive steps, break.
Recall diff is too small for 1 consecutive steps, break.
Recall diff is too small for 1 consecutive steps, break.
Recall diff is too small for 1 consecutive steps, break.
Recall diff is too small for 1 consecutive steps, break.
Recall diff is too small for 1 consecutive steps, break.
Weighted average ef: 3115.47
Training convergence-bucket 3 [24.9651, 27.0596) with 400 queries (recall=0.98).
Average Recall: 0.5549
Initial average recall with ef=100: 0.556081
Average Recall: 0.641925
Initial average recall with ef=150: 0.643664
Recall diff is too small for 1 consecutive steps, break.
Recall diff is too small for 1 consecutive steps, break.
Weighted average ef: 2494
Training convergence-bucket 4 [27.0596, 29.4174) with 400 queries (recall=0.98).
Average Recall: 0.608725
Initial average recall with ef=100: 0.609215
Average Recall: 0.694025
Initial average recall with ef=150: 0.694684
Recall diff is too small for 1 consecutive steps, break.
Recall diff is too small for 1 consecutive steps, break.
Recall diff is too small for 1 consecutive steps, break.
Weighted average ef: 1958.2
Training convergence-bucket 5 [29.4174, 32.4013) with 400 queries (recall=0.98).
Average Recall: 0.6703
Initial average recall with ef=100: 0.669258
Average Recall: 0.7507
Initial average recall with ef=150: 0.750051
Recall diff is too small for 1 consecutive steps, break.
Recall diff is too small for 1 consecutive steps, break.
Weighted average ef: 1470.04
Training convergence-bucket 6 [32.4013, 36.565) with 400 queries (recall=0.98).
Average Recall: 0.719125
Initial average recall with ef=100: 0.722026
Average Recall: 0.7955
Initial average recall with ef=150: 0.798667
Recall diff is too small for 1 consecutive steps, break.
Recall diff is too small for 1 consecutive steps, break.
Recall diff is too small for 1 consecutive steps, break.
Recall diff is too small for 1 consecutive steps, break.
Recall diff is too small for 1 consecutive steps, break.
Weighted average ef: 1112.24
Training convergence-bucket 7 [36.565, 42.3506) with 400 queries (recall=0.98).
Average Recall: 0.8005
Initial average recall with ef=100: 0.802571
Average Recall: 0.8665
Initial average recall with ef=150: 0.868175
Recall diff is too small for 1 consecutive steps, break.
Recall diff is too small for 1 consecutive steps, break.
Recall diff is too small for 1 consecutive steps, break.
Weighted average ef: 693.42
Training convergence-bucket 8 [42.3506, 53.2517) with 400 queries (recall=0.98).
Average Recall: 0.869699
Initial average recall with ef=100: 0.870079
Average Recall: 0.91802
Initial average recall with ef=150: 0.918272
Recall diff is too small for 1 consecutive steps, break.
Recall diff is too small for 1 consecutive steps, break.
Recall diff is too small for 1 consecutive steps, break.
Recall diff is too small for 1 consecutive steps, break.
Recall diff is too small for 1 consecutive steps, break.
Weighted average ef: 387.035
Training convergence-bucket 9 [53.2517, inf) with 400 queries (recall=0.98).
Average Recall: 0.952531
Initial average recall with ef=100: 0.955751
Average Recall: 0.973985
Initial average recall with ef=150: 0.975803
Recall diff is too small for 1 consecutive steps, break.
Weighted average ef: 185.837
Reconstructed True WAE: 1033.58 (Hard Pct: 0.00835)
  Avg Ef Hard (bucketed): 3222.91 | Avg Ef Easy (bucketed): 1015.14
****Weighted average ef: 1033
Search time: 9655 ms
Search time: 10415 ms
Search time: 10470 ms
Average Recall: 0.97495
5th percentile recall: 0.92
1st percentile recall: 0.87
Median search time: 10415 ms
Search times: 9655 ms, 10415 ms, 10470 ms, 
tiny5m-384-euclidean experiment results:
statisc_length, time, avg_recall, 5th_percentile_recall, 1st_percentile_recall, recall_above_99, recall_above_95, recall_above_90
1025, 10415, 0.97495, 0.92, 0.87, 498, 842, 974
Experiment finished

--- Gamma: 12 ---

Loading samplings from /home/yc.shea/experiments/shiro-ef/sampling/tiny5m-384-euclidean-samplings--k100-ef.bin
Samplings loaded from /home/yc.shea/experiments/shiro-ef/sampling/tiny5m-384-euclidean-samplings--k100-ef.bin
Average Recall: 0.647698
Initial average recall with ef=100: 2.47128e+17
Average Recall: 0.71884
Initial average recall with ef=150: 0.718396
Recall diff is too small for 1 consecutive steps, break.
Recall diff is too small for 1 consecutive steps, break.
Recall diff is too small for 1 consecutive steps, break.
Recall diff is too small for 1 consecutive steps, break.
Recall diff is too small for 1 consecutive steps, break.
Recall diff is too small for 1 consecutive steps, break.
Weighted average ef: 988.174
Per-bucket recall: conv_p20=28.4871 hard_recall=0.95 easy_recall=0.98
Training convergence-bucket 0 [18.4399, 25.1612) with 400 queries (recall=0.95).
Average Recall: 0.36675
Initial average recall with ef=100: 0.363629
Average Recall: 0.4447
Initial average recall with ef=150: 0.44165
Recall diff is too small for 1 consecutive steps, break.
Weighted average ef: 3091.2
Training convergence-bucket 1 [25.1612, 28.4871) with 400 queries (recall=0.95).
Average Recall: 0.442025
Initial average recall with ef=100: 0.441159
Average Recall: 0.5269
Initial average recall with ef=150: 0.525793
Recall diff is too small for 1 consecutive steps, break.
Recall diff is too small for 1 consecutive steps, break.
Recall diff is too small for 1 consecutive steps, break.
Weighted average ef: 2268.55
Training convergence-bucket 2 [28.4871, 31.0972) with 400 queries (recall=0.98).
Average Recall: 0.502325
Initial average recall with ef=100: 0.501472
Average Recall: 0.585975
Initial average recall with ef=150: 0.585152
Recall diff is too small for 1 consecutive steps, break.
Recall diff is too small for 1 consecutive steps, break.
Recall diff is too small for 1 consecutive steps, break.
Recall diff is too small for 1 consecutive steps, break.
Recall diff is too small for 1 consecutive steps, break.
Recall diff is too small for 1 consecutive steps, break.
Recall diff is too small for 1 consecutive steps, break.
Weighted average ef: 3132.79
Training convergence-bucket 3 [31.0972, 33.5102) with 400 queries (recall=0.98).
Average Recall: 0.54745
Initial average recall with ef=100: 0.548813
Average Recall: 0.635125
Initial average recall with ef=150: 0.63697
Recall diff is too small for 1 consecutive steps, break.
Recall diff is too small for 1 consecutive steps, break.
Weighted average ef: 2555.09
Training convergence-bucket 4 [33.5102, 36.1554) with 400 queries (recall=0.98).
Average Recall: 0.610125
Initial average recall with ef=100: 0.611108
Average Recall: 0.695225
Initial average recall with ef=150: 0.696272
Recall diff is too small for 1 consecutive steps, break.
Recall diff is too small for 1 consecutive steps, break.
Weighted average ef: 1969.02
Training convergence-bucket 5 [36.1554, 39.3592) with 400 queries (recall=0.98).
Average Recall: 0.66545
Initial average recall with ef=100: 0.666298
Average Recall: 0.745625
Initial average recall with ef=150: 0.746735
Recall diff is too small for 1 consecutive steps, break.
Recall diff is too small for 1 consecutive steps, break.
Recall diff is too small for 1 consecutive steps, break.
Recall diff is too small for 1 consecutive steps, break.
Recall diff is too small for 1 consecutive steps, break.
Recall diff is too small for 1 consecutive steps, break.
Recall diff is too small for 1 consecutive steps, break.
Weighted average ef: 1406.35
Training convergence-bucket 6 [39.3592, 43.7208) with 400 queries (recall=0.98).
Average Recall: 0.7262
Initial average recall with ef=100: 0.726795
Average Recall: 0.802425
Initial average recall with ef=150: 0.803513
Recall diff is too small for 1 consecutive steps, break.
Recall diff is too small for 1 consecutive steps, break.
Recall diff is too small for 1 consecutive steps, break.
Recall diff is too small for 1 consecutive steps, break.
Weighted average ef: 1073.33
Training convergence-bucket 7 [43.7208, 49.7195) with 400 queries (recall=0.98).
Average Recall: 0.797425
Initial average recall with ef=100: 0.797985
Average Recall: 0.863375
Initial average recall with ef=150: 0.864056
Weighted average ef: 731.933
Training convergence-bucket 8 [49.7195, 60.5186) with 400 queries (recall=0.98).
Average Recall: 0.868597
Initial average recall with ef=100: 0.870026
Average Recall: 0.916341
Initial average recall with ef=150: 0.917265
Recall diff is too small for 1 consecutive steps, break.
Recall diff is too small for 1 consecutive steps, break.
Recall diff is too small for 1 consecutive steps, break.
Recall diff is too small for 1 consecutive steps, break.
Recall diff is too small for 1 consecutive steps, break.
Weighted average ef: 464.24
Training convergence-bucket 9 [60.5186, inf) with 400 queries (recall=0.98).
Average Recall: 0.951955
Initial average recall with ef=100: 0.954046
Average Recall: 0.97386
Initial average recall with ef=150: 0.974742
Recall diff is too small for 1 consecutive steps, break.
Recall diff is too small for 1 consecutive steps, break.
Recall diff is too small for 1 consecutive steps, break.
Weighted average ef: 192.445
Reconstructed True WAE: 996.102 (Hard Pct: 0.00835)
  Avg Ef Hard (bucketed): 3252.11 | Avg Ef Easy (bucketed): 977.105
****Weighted average ef: 996
Search time: 10540 ms
Search time: 9747 ms
Search time: 10451 ms
Average Recall: 0.9764
5th percentile recall: 0.93
1st percentile recall: 0.88
Median search time: 10451 ms
Search times: 9747 ms, 10451 ms, 10540 ms, 
tiny5m-384-euclidean experiment results:
statisc_length, time, avg_recall, 5th_percentile_recall, 1st_percentile_recall, recall_above_99, recall_above_95, recall_above_90
1025, 10451, 0.9764, 0.93, 0.88, 509, 851, 980
Experiment finished

--- Gamma: 16 ---

Loading samplings from /home/yc.shea/experiments/shiro-ef/sampling/tiny5m-384-euclidean-samplings--k100-ef.bin
Samplings loaded from /home/yc.shea/experiments/shiro-ef/sampling/tiny5m-384-euclidean-samplings--k100-ef.bin
Average Recall: 0.647698
Initial average recall with ef=100: 0.647272
Average Recall: 0.71884
Initial average recall with ef=150: 0.718396
Recall diff is too small for 1 consecutive steps, break.
Recall diff is too small for 1 consecutive steps, break.
Recall diff is too small for 1 consecutive steps, break.
Recall diff is too small for 1 consecutive steps, break.
Recall diff is too small for 1 consecutive steps, break.
Recall diff is too small for 1 consecutive steps, break.
Weighted average ef: 995.914
Per-bucket recall: conv_p20=32.9534 hard_recall=0.95 easy_recall=0.98
Training convergence-bucket 0 [20.2778, 29.0744) with 400 queries (recall=0.95).
Average Recall: 0.3739
Initial average recall with ef=100: 0.37051
Average Recall: 0.451075
Initial average recall with ef=150: 0.447526
Weighted average ef: 3040.03
Training convergence-bucket 1 [29.0744, 32.9534) with 400 queries (recall=0.95).
Average Recall: 0.43765
Initial average recall with ef=100: 0.435406
Average Recall: 0.523175
Initial average recall with ef=150: 0.520482
Recall diff is too small for 1 consecutive steps, break.
Weighted average ef: 2273.84
Training convergence-bucket 2 [32.9534, 35.669) with 400 queries (recall=0.98).
Average Recall: 0.5013
Initial average recall with ef=100: 0.500732
Average Recall: 0.585325
Initial average recall with ef=150: 0.585076
Recall diff is too small for 1 consecutive steps, break.
Recall diff is too small for 1 consecutive steps, break.
Recall diff is too small for 1 consecutive steps, break.
Weighted average ef: 3202.94
Training convergence-bucket 3 [35.669, 38.3431) with 400 queries (recall=0.98).
Average Recall: 0.55005
Initial average recall with ef=100: 0.548491
Average Recall: 0.637125
Initial average recall with ef=150: 0.63578
Recall diff is too small for 1 consecutive steps, break.
Recall diff is too small for 1 consecutive steps, break.
Recall diff is too small for 1 consecutive steps, break.
Recall diff is too small for 1 consecutive steps, break.
Weighted average ef: 2546.62
Training convergence-bucket 4 [38.3431, 41.1794) with 400 queries (recall=0.98).
Average Recall: 0.6087
Initial average recall with ef=100: 0.608829
Average Recall: 0.693325
Initial average recall with ef=150: 0.694173
Recall diff is too small for 1 consecutive steps, break.
Recall diff is too small for 1 consecutive steps, break.
Recall diff is too small for 1 consecutive steps, break.
Weighted average ef: 1994.65
Training convergence-bucket 5 [41.1794, 44.4849) with 400 queries (recall=0.98).
Average Recall: 0.667425
Initial average recall with ef=100: 0.667781
Average Recall: 0.749075
Initial average recall with ef=150: 0.749713
Recall diff is too small for 1 consecutive steps, break.
Recall diff is too small for 1 consecutive steps, break.
Recall diff is too small for 1 consecutive steps, break.
Recall diff is too small for 1 consecutive steps, break.
Recall diff is too small for 1 consecutive steps, break.
Recall diff is too small for 1 consecutive steps, break.
Recall diff is too small for 1 consecutive steps, break.
Weighted average ef: 1362.27
Training convergence-bucket 6 [44.4849, 48.9284) with 400 queries (recall=0.98).
Average Recall: 0.7282
Initial average recall with ef=100: 0.727154
Average Recall: 0.8025
Initial average recall with ef=150: 0.801846
Recall diff is too small for 1 consecutive steps, break.
Recall diff is too small for 1 consecutive steps, break.
Recall diff is too small for 1 consecutive steps, break.
Weighted average ef: 1102.08
Training convergence-bucket 7 [48.9284, 55.0126) with 400 queries (recall=0.98).
Average Recall: 0.7932
Initial average recall with ef=100: 0.792832
Average Recall: 0.86005
Initial average recall with ef=150: 0.859464
Recall diff is too small for 1 consecutive steps, break.
Recall diff is too small for 1 consecutive steps, break.
Weighted average ef: 744.733
Training convergence-bucket 8 [55.0126, 65.1821) with 400 queries (recall=0.98).
Average Recall: 0.868672
Initial average recall with ef=100: 0.870773
Average Recall: 0.916266
Initial average recall with ef=150: 0.917809
Recall diff is too small for 1 consecutive steps, break.
Weighted average ef: 497.515
Training convergence-bucket 9 [65.1821, inf) with 400 queries (recall=0.98).
Average Recall: 0.949198
Initial average recall with ef=100: 0.953161
Average Recall: 0.971629
Initial average recall with ef=150: 0.974171
Recall diff is too small for 1 consecutive steps, break.
Recall diff is too small for 1 consecutive steps, break.
Weighted average ef: 194.2
Reconstructed True WAE: 1058.2 (Hard Pct: 0.00835)
  Avg Ef Hard (bucketed): 3310.61 | Avg Ef Easy (bucketed): 1039.24
****Weighted average ef: 1058
Search time: 10584 ms
Search time: 10580 ms
Search time: 10028 ms
Average Recall: 0.97582
5th percentile recall: 0.93
1st percentile recall: 0.88
Median search time: 10580 ms
Search times: 10028 ms, 10580 ms, 10584 ms, 
tiny5m-384-euclidean experiment results:
statisc_length, time, avg_recall, 5th_percentile_recall, 1st_percentile_recall, recall_above_99, recall_above_95, recall_above_90
1025, 10580, 0.97582, 0.93, 0.88, 493, 841, 980
Experiment finished

--- Gamma: 24 ---

Loading samplings from /home/yc.shea/experiments/shiro-ef/sampling/tiny5m-384-euclidean-samplings--k100-ef.bin
Samplings loaded from /home/yc.shea/experiments/shiro-ef/sampling/tiny5m-384-euclidean-samplings--k100-ef.bin
Average Recall: 0.647698
Initial average recall with ef=100: 0.64712
Average Recall: 0.71884
Initial average recall with ef=150: 0.718396
Recall diff is too small for 1 consecutive steps, break.
Recall diff is too small for 1 consecutive steps, break.
Recall diff is too small for 1 consecutive steps, break.
Recall diff is too small for 1 consecutive steps, break.
Recall diff is too small for 1 consecutive steps, break.
Recall diff is too small for 1 consecutive steps, break.
Weighted average ef: 995.665
Per-bucket recall: conv_p20=38.9959 hard_recall=0.95 easy_recall=0.98
Training convergence-bucket 0 [22.3426, 34.6324) with 400 queries (recall=0.95).
Average Recall: 0.383825
Initial average recall with ef=100: 0.381066
Average Recall: 0.459875
Initial average recall with ef=150: 0.457183
Recall diff is too small for 1 consecutive steps, break.
Recall diff is too small for 1 consecutive steps, break.
Weighted average ef: 2966.62
Training convergence-bucket 1 [34.6324, 38.9959) with 400 queries (recall=0.95).
Average Recall: 0.438475
Initial average recall with ef=100: 0.436742
Average Recall: 0.52415
Initial average recall with ef=150: 0.522273
Recall diff is too small for 1 consecutive steps, break.
Weighted average ef: 2304.81
Training convergence-bucket 2 [38.9959, 42.0737) with 400 queries (recall=0.98).
Average Recall: 0.502275
Initial average recall with ef=100: 0.501139
Average Recall: 0.588225
Initial average recall with ef=150: 0.587367
Recall diff is too small for 1 consecutive steps, break.
Recall diff is too small for 1 consecutive steps, break.
Recall diff is too small for 1 consecutive steps, break.
Recall diff is too small for 1 consecutive steps, break.
Weighted average ef: 3280.59
Training convergence-bucket 3 [42.0737, 45.0449) with 400 queries (recall=0.98).
Average Recall: 0.547825
Initial average recall with ef=100: 0.545954
Average Recall: 0.6317
Initial average recall with ef=150: 0.630178
Recall diff is too small for 1 consecutive steps, break.
Recall diff is too small for 1 consecutive steps, break.
Recall diff is too small for 1 consecutive steps, break.
Recall diff is too small for 1 consecutive steps, break.
Recall diff is too small for 1 consecutive steps, break.
Weighted average ef: 2602.55
Training convergence-bucket 4 [45.0449, 48.3583) with 400 queries (recall=0.98).
Average Recall: 0.61105
Initial average recall with ef=100: 0.607852
Average Recall: 0.69755
Initial average recall with ef=150: 0.695115
Recall diff is too small for 1 consecutive steps, break.
Recall diff is too small for 1 consecutive steps, break.
Recall diff is too small for 1 consecutive steps, break.
Recall diff is too small for 1 consecutive steps, break.
Recall diff is too small for 1 consecutive steps, break.
Recall diff is too small for 1 consecutive steps, break.
Weighted average ef: 1929.72
Training convergence-bucket 5 [48.3583, 51.8466) with 400 queries (recall=0.98).
Average Recall: 0.66245
Initial average recall with ef=100: 0.661908
Average Recall: 0.745125
Initial average recall with ef=150: 0.74458
Recall diff is too small for 1 consecutive steps, break.
Recall diff is too small for 1 consecutive steps, break.
Weighted average ef: 1532.84
Training convergence-bucket 6 [51.8466, 56.0674) with 400 queries (recall=0.98).
Average Recall: 0.72835
Initial average recall with ef=100: 0.735026
Average Recall: 0.8013
Initial average recall with ef=150: 0.807932
Recall diff is too small for 1 consecutive steps, break.
Weighted average ef: 1002.57
Training convergence-bucket 7 [56.0674, 61.906) with 400 queries (recall=0.98).
Average Recall: 0.79075
Initial average recall with ef=100: 0.791352
Average Recall: 0.856576
Initial average recall with ef=150: 0.857041
Recall diff is too small for 1 consecutive steps, break.
Recall diff is too small for 1 consecutive steps, break.
Recall diff is too small for 1 consecutive steps, break.
Weighted average ef: 720.63
Training convergence-bucket 8 [61.906, 71.0306) with 400 queries (recall=0.98).
Average Recall: 0.86725
Initial average recall with ef=100: 0.86945
Average Recall: 0.915875
Initial average recall with ef=150: 0.918796
Recall diff is too small for 1 consecutive steps, break.
Recall diff is too small for 1 consecutive steps, break.
Weighted average ef: 486.425
Training convergence-bucket 9 [71.0306, inf) with 400 queries (recall=0.98).
Average Recall: 0.946231
Initial average recall with ef=100: 0.943734
Average Recall: 0.969297
Initial average recall with ef=150: 0.96658
Recall diff is too small for 1 consecutive steps, break.
Recall diff is too small for 1 consecutive steps, break.
Recall diff is too small for 1 consecutive steps, break.
Recall diff is too small for 1 consecutive steps, break.
Weighted average ef: 191.832
Reconstructed True WAE: 1059.69 (Hard Pct: 0.00835)
  Avg Ef Hard (bucketed): 3354.43 | Avg Ef Easy (bucketed): 1040.37
****Weighted average ef: 1059
Search time: 10119 ms
Search time: 10629 ms
Search time: 10656 ms
Average Recall: 0.97596
5th percentile recall: 0.93
1st percentile recall: 0.88
Median search time: 10629 ms
Search times: 10119 ms, 10629 ms, 10656 ms, 
tiny5m-384-euclidean experiment results:
statisc_length, time, avg_recall, 5th_percentile_recall, 1st_percentile_recall, recall_above_99, recall_above_95, recall_above_90
1025, 10629, 0.97596, 0.93, 0.88, 500, 843, 978
Experiment finished

--- Gamma: 32 ---

Loading samplings from /home/yc.shea/experiments/shiro-ef/sampling/tiny5m-384-euclidean-samplings--k100-ef.bin
Samplings loaded from /home/yc.shea/experiments/shiro-ef/sampling/tiny5m-384-euclidean-samplings--k100-ef.bin
Average Recall: 0.647698
Initial average recall with ef=100: 0.647272
Average Recall: 0.71884
Initial average recall with ef=150: 0.718396
Recall diff is too small for 1 consecutive steps, break.
Recall diff is too small for 1 consecutive steps, break.
Recall diff is too small for 1 consecutive steps, break.
Recall diff is too small for 1 consecutive steps, break.
Recall diff is too small for 1 consecutive steps, break.
Recall diff is too small for 1 consecutive steps, break.
Weighted average ef: 995.914
Per-bucket recall: conv_p20=42.847 hard_recall=0.95 easy_recall=0.98
Training convergence-bucket 0 [22.9994, 38.2176) with 400 queries (recall=0.95).
Average Recall: 0.393675
Initial average recall with ef=100: 0.390254
Average Recall: 0.469425
Initial average recall with ef=150: 0.46599
Recall diff is too small for 1 consecutive steps, break.
Weighted average ef: 2893.23
Training convergence-bucket 1 [38.2176, 42.847) with 400 queries (recall=0.95).
Average Recall: 0.43605
Initial average recall with ef=100: 0.433071
Average Recall: 0.52025
Initial average recall with ef=150: 0.517259
Recall diff is too small for 1 consecutive steps, break.
Recall diff is too small for 1 consecutive steps, break.
Recall diff is too small for 1 consecutive steps, break.
Weighted average ef: 2342.58
Training convergence-bucket 2 [42.847, 46.296) with 400 queries (recall=0.98).
Average Recall: 0.498925
Initial average recall with ef=100: 0.498198
Average Recall: 0.588125
Initial average recall with ef=150: 0.587767
Recall diff is too small for 1 consecutive steps, break.
Recall diff is too small for 1 consecutive steps, break.
Weighted average ef: 3216.24
Training convergence-bucket 3 [46.296, 49.6115) with 400 queries (recall=0.98).
Average Recall: 0.549075
Initial average recall with ef=100: 0.546087
Average Recall: 0.6321
Initial average recall with ef=150: 0.629309
Recall diff is too small for 1 consecutive steps, break.
Recall diff is too small for 1 consecutive steps, break.
Recall diff is too small for 1 consecutive steps, break.
Recall diff is too small for 1 consecutive steps, break.
Recall diff is too small for 1 consecutive steps, break.
Weighted average ef: 2638.3
Training convergence-bucket 4 [49.6115, 53.0759) with 400 queries (recall=0.98).
Average Recall: 0.61035
Initial average recall with ef=100: 0.607208
Average Recall: 0.696575
Initial average recall with ef=150: 0.693959
Recall diff is too small for 1 consecutive steps, break.
Recall diff is too small for 1 consecutive steps, break.
Recall diff is too small for 1 consecutive steps, break.
Recall diff is too small for 1 consecutive steps, break.
Recall diff is too small for 1 consecutive steps, break.
Recall diff is too small for 1 consecutive steps, break.
Recall diff is too small for 1 consecutive steps, break.
Recall diff is too small for 1 consecutive steps, break.
Weighted average ef: 2012.45
Training convergence-bucket 5 [53.0759, 56.7447) with 400 queries (recall=0.98).
Average Recall: 0.664825
Initial average recall with ef=100: 0.664447
Average Recall: 0.74525
Initial average recall with ef=150: 0.745321
Recall diff is too small for 1 consecutive steps, break.
Recall diff is too small for 1 consecutive steps, break.
Recall diff is too small for 1 consecutive steps, break.
Recall diff is too small for 1 consecutive steps, break.
Weighted average ef: 1473.63
Training convergence-bucket 6 [56.7447, 61.0482) with 400 queries (recall=0.98).
Average Recall: 0.73095
Initial average recall with ef=100: 0.734238
Average Recall: 0.804526
Initial average recall with ef=150: 0.80801
Recall diff is too small for 1 consecutive steps, break.
Recall diff is too small for 1 consecutive steps, break.
Recall diff is too small for 1 consecutive steps, break.
Weighted average ef: 1080.68
Training convergence-bucket 7 [61.0482, 66.2146) with 400 queries (recall=0.98).
Average Recall: 0.7874
Initial average recall with ef=100: 0.788144
Average Recall: 0.853351
Initial average recall with ef=150: 0.854278
Recall diff is too small for 1 consecutive steps, break.
Recall diff is too small for 1 consecutive steps, break.
Weighted average ef: 744.387
Training convergence-bucket 8 [66.2146, 74.3444) with 400 queries (recall=0.98).
Average Recall: 0.8614
Initial average recall with ef=100: 0.860313
Average Recall: 0.911275
Initial average recall with ef=150: 0.910888
Recall diff is too small for 1 consecutive steps, break.
Recall diff is too small for 1 consecutive steps, break.
Recall diff is too small for 1 consecutive steps, break.
Weighted average ef: 545.555
Training convergence-bucket 9 [74.3444, inf) with 400 queries (recall=0.98).
Average Recall: 0.945829
Initial average recall with ef=100: 0.946247
Average Recall: 0.968794
Initial average recall with ef=150: 0.968268
Recall diff is too small for 1 consecutive steps, break.
Recall diff is too small for 1 consecutive steps, break.
Weighted average ef: 215.522
Reconstructed True WAE: 1073.31 (Hard Pct: 0.00835)
  Avg Ef Hard (bucketed): 3342.1 | Avg Ef Easy (bucketed): 1054.21
****Weighted average ef: 1073
Search time: 10025 ms
Search time: 10702 ms
Search time: 10830 ms
Average Recall: 0.97619
5th percentile recall: 0.93
1st percentile recall: 0.89
Median search time: 10702 ms
Search times: 10025 ms, 10702 ms, 10830 ms, 
tiny5m-384-euclidean experiment results:
statisc_length, time, avg_recall, 5th_percentile_recall, 1st_percentile_recall, recall_above_99, recall_above_95, recall_above_90
1025, 10702, 0.97619, 0.93, 0.89, 500, 843, 981
Experiment finished


Dataset: msmarco
Metric: cd
Normalize the data vectors
Data vectors dimensions: 8841823 x 1536
Query vectors dimensions: 6980 x 1536
Neighbors dimensions: 6980 x 1000
Using AVX Inner Product distance
Index loaded
Dimension of space:1536
Data size of space:6144

--- Gamma: 8 ---

Loading samplings from /home/yc.shea/experiments/shiro-ef/sampling/msmarco-samplings--k1000-ef.bin
Samplings loaded from /home/yc.shea/experiments/shiro-ef/sampling/msmarco-samplings--k1000-ef.bin
Average Recall: 0.954404
Initial average recall with ef=1000: 0.954361
Average Recall: 0.973804
Initial average recall with ef=1500: 0.973772
Weighted average ef: 1360.76
Per-bucket recall: conv_p20=41.1879 hard_recall=0.95 easy_recall=0.98
Training convergence-bucket 0 [17.0548, 36.0794) with 400 queries (recall=0.95).
Average Recall: 0.863365
Initial average recall with ef=1000: 0.860984
Average Recall: 0.91165
Initial average recall with ef=1500: 0.91011
Weighted average ef: 2520.43
Training convergence-bucket 1 [36.0794, 41.1879) with 400 queries (recall=0.95).
Average Recall: 0.896643
Initial average recall with ef=1000: 0.893718
Average Recall: 0.937397
Initial average recall with ef=1500: 0.935542
Weighted average ef: 1998.75
Training convergence-bucket 2 [41.1879, 47.8761) with 400 queries (recall=0.98).
Average Recall: 0.91668
Initial average recall with ef=1000: 0.914403
Average Recall: 0.95061
Initial average recall with ef=1500: 0.949472
Weighted average ef: 2864.56
Training convergence-bucket 3 [47.8761, 57.7169) with 400 queries (recall=0.98).
Average Recall: 0.95829
Initial average recall with ef=1000: 0.957294
Average Recall: 0.978315
Initial average recall with ef=1500: 0.977839
Weighted average ef: 1729.09
Training convergence-bucket 4 [57.7169, 63.4783) with 400 queries (recall=0.98).
Average Recall: 0.97378
Initial average recall with ef=1000: 0.974205
Average Recall: 0.987301
Initial average recall with ef=1500: 0.987629
Weighted average ef: 1355
Training convergence-bucket 5 [63.4783, 67.8378) with 400 queries (recall=0.98).
Average Recall: 0.9772
Initial average recall with ef=1000: 0.977791
Average Recall: 0.989359
Initial average recall with ef=1500: 0.989783
Weighted average ef: 1243.39
Training convergence-bucket 6 [67.8378, 71.1336) with 400 queries (recall=0.98).
Average Recall: 0.984712
Initial average recall with ef=1000: 0.984725
Average Recall: 0.993554
Initial average recall with ef=1500: 0.993565
Weighted average ef: 1127.5
Training convergence-bucket 7 [71.1336, 74.3848) with 400 queries (recall=0.98).
Average Recall: 0.988747
Initial average recall with ef=1000: 0.989376
Average Recall: 0.995439
Initial average recall with ef=1500: 0.995767
Weighted average ef: 1006.25
Training convergence-bucket 8 [74.3848, 77.4238) with 400 queries (recall=0.98).
Average Recall: 0.991331
Initial average recall with ef=1000: 0.992072
Average Recall: 0.996784
Initial average recall with ef=1500: 0.997209
Weighted average ef: 987.25
Training convergence-bucket 9 [77.4238, inf) with 400 queries (recall=0.98).
Average Recall: 0.993246
Initial average recall with ef=1000: 0.993743
Average Recall: 0.997544
Initial average recall with ef=1500: 0.997783
Weighted average ef: 971.37
Reconstructed True WAE: 1149.24 (Hard Pct: 0.027)
  Avg Ef Hard (bucketed): 2229.31 | Avg Ef Easy (bucketed): 1119.26
****Weighted average ef: 1149
Search time: 213921 ms
Search time: 217144 ms
Search time: 217446 ms
Average Recall: 0.975012
5th percentile recall: 0.905
1st percentile recall: 0.844
Median search time: 217144 ms
Search times: 213921 ms, 217144 ms, 217446 ms, 
msmarco experiment results:
statisc_length, time, avg_recall, 5th_percentile_recall, 1st_percentile_recall, recall_above_99, recall_above_95, recall_above_90
1025, 217144, 0.975012, 0.905, 0.844, 3196, 5889, 6677
Experiment finished

--- Gamma: 12 ---

Loading samplings from /home/yc.shea/experiments/shiro-ef/sampling/msmarco-samplings--k1000-ef.bin
Samplings loaded from /home/yc.shea/experiments/shiro-ef/sampling/msmarco-samplings--k1000-ef.bin
Average Recall: 0.954404
Initial average recall with ef=1000: 0.954361
Average Recall: 0.973804
Initial average recall with ef=1500: 0.973772
Weighted average ef: 1360.76
Per-bucket recall: conv_p20=49.2455 hard_recall=0.95 easy_recall=0.98
Training convergence-bucket 0 [16.5133, 43.7942) with 400 queries (recall=0.95).
Average Recall: 0.864853
Initial average recall with ef=1000: 0.862379
Average Recall: 0.912562
Initial average recall with ef=1500: 0.91093
Weighted average ef: 2550.6
Training convergence-bucket 1 [43.7942, 49.2455) with 400 queries (recall=0.95).
Average Recall: 0.898203
Initial average recall with ef=1000: 0.895688
Average Recall: 0.938672
Initial average recall with ef=1500: 0.937034
Weighted average ef: 1955
Training convergence-bucket 2 [49.2455, 55.3873) with 400 queries (recall=0.98).
Average Recall: 0.91417
Initial average recall with ef=1000: 0.911705
Average Recall: 0.948653
Initial average recall with ef=1500: 0.947104
Weighted average ef: 3053.04
Training convergence-bucket 3 [55.3873, 64.8977) with 400 queries (recall=0.98).
Average Recall: 0.95995
Initial average recall with ef=1000: 0.959029
Average Recall: 0.979442
Initial average recall with ef=1500: 0.979021
Weighted average ef: 1710.47
Training convergence-bucket 4 [64.8977, 70.0158) with 400 queries (recall=0.98).
Average Recall: 0.97198
Initial average recall with ef=1000: 0.972777
Average Recall: 0.986172
Initial average recall with ef=1500: 0.986783
Weighted average ef: 1378.75
Training convergence-bucket 5 [70.0158, 73.5702) with 400 queries (recall=0.98).
Average Recall: 0.978812
Initial average recall with ef=1000: 0.978919
Average Recall: 0.990186
Initial average recall with ef=1500: 0.99026
Weighted average ef: 1227.14
Training convergence-bucket 6 [73.5702, 76.3038) with 400 queries (recall=0.98).
Average Recall: 0.984204
Initial average recall with ef=1000: 0.985177
Average Recall: 0.993224
Initial average recall with ef=1500: 0.993815
Weighted average ef: 1120
Training convergence-bucket 7 [76.3038, 78.7114) with 400 queries (recall=0.98).
Average Recall: 0.988067
Initial average recall with ef=1000: 0.988217
Average Recall: 0.995234
Initial average recall with ef=1500: 0.995283
Weighted average ef: 1056.74
Training convergence-bucket 8 [78.7114, 81.2321) with 400 queries (recall=0.98).
Average Recall: 0.990828
Initial average recall with ef=1000: 0.991977
Average Recall: 0.996441
Initial average recall with ef=1500: 0.997142
Weighted average ef: 971.35
Training convergence-bucket 9 [81.2321, inf) with 400 queries (recall=0.98).
Average Recall: 0.992926
Initial average recall with ef=1000: 0.993212
Average Recall: 0.997366
Initial average recall with ef=1500: 0.997555
Weighted average ef: 1004.66
Reconstructed True WAE: 1120.11 (Hard Pct: 0.027)
  Avg Ef Hard (bucketed): 2148.65 | Avg Ef Easy (bucketed): 1091.57
****Weighted average ef: 1120
Search time: 212888 ms
Search time: 214666 ms
Search time: 214293 ms
Average Recall: 0.974218
5th percentile recall: 0.902
1st percentile recall: 0.839
Median search time: 214293 ms
Search times: 212888 ms, 214293 ms, 214666 ms, 
msmarco experiment results:
statisc_length, time, avg_recall, 5th_percentile_recall, 1st_percentile_recall, recall_above_99, recall_above_95, recall_above_90
1025, 214293, 0.974218, 0.902, 0.839, 3108, 5851, 6647
Experiment finished

--- Gamma: 16 ---

Loading samplings from /home/yc.shea/experiments/shiro-ef/sampling/msmarco-samplings--k1000-ef.bin
Samplings loaded from /home/yc.shea/experiments/shiro-ef/sampling/msmarco-samplings--k1000-ef.bin
Average Recall: 0.954404
Initial average recall with ef=1000: 0.954361
Average Recall: 0.973804
Initial average recall with ef=1500: 0.973772
Weighted average ef: 1360.76
Per-bucket recall: conv_p20=54.8034 hard_recall=0.95 easy_recall=0.98
Training convergence-bucket 0 [13.7411, 49.5293) with 400 queries (recall=0.95).
Average Recall: 0.866553
Initial average recall with ef=1000: 0.863815
Average Recall: 0.913742
Initial average recall with ef=1500: 0.911935
Weighted average ef: 2503.84
Training convergence-bucket 1 [49.5293, 54.8034) with 400 queries (recall=0.95).
Average Recall: 0.89978
Initial average recall with ef=1000: 0.896674
Average Recall: 0.939535
Initial average recall with ef=1500: 0.937525
Weighted average ef: 1945
Training convergence-bucket 2 [54.8034, 60.5192) with 400 queries (recall=0.98).
Average Recall: 0.91158
Initial average recall with ef=1000: 0.908764
Average Recall: 0.947032
Initial average recall with ef=1500: 0.945239
Weighted average ef: 3012.3
Training convergence-bucket 3 [60.5192, 69.3943) with 400 queries (recall=0.98).
Average Recall: 0.961252
Initial average recall with ef=1000: 0.96054
Average Recall: 0.980302
Initial average recall with ef=1500: 0.980005
Weighted average ef: 1612.97
Training convergence-bucket 4 [69.3943, 73.5778) with 400 queries (recall=0.98).
Average Recall: 0.970972
Initial average recall with ef=1000: 0.971369
Average Recall: 0.985537
Initial average recall with ef=1500: 0.985914
Weighted average ef: 1426.25
Training convergence-bucket 5 [73.5778, 76.6784) with 400 queries (recall=0.98).
Average Recall: 0.978862
Initial average recall with ef=1000: 0.979324
Average Recall: 0.990071
Initial average recall with ef=1500: 0.990358
Weighted average ef: 1233.75
Training convergence-bucket 6 [76.6784, 78.9222) with 400 queries (recall=0.98).
Average Recall: 0.984597
Initial average recall with ef=1000: 0.985411
Average Recall: 0.993424
Initial average recall with ef=1500: 0.993929
Weighted average ef: 1128.75
Training convergence-bucket 7 [78.9222, 80.83) with 400 queries (recall=0.98).
Average Recall: 0.987129
Initial average recall with ef=1000: 0.987822
Average Recall: 0.994676
Initial average recall with ef=1500: 0.995018
Weighted average ef: 1055.99
Training convergence-bucket 8 [80.83, 82.8812) with 400 queries (recall=0.98).
Average Recall: 0.990616
Initial average recall with ef=1000: 0.991445
Average Recall: 0.996366
Initial average recall with ef=1500: 0.996847
Weighted average ef: 1022.5
Training convergence-bucket 9 [82.8812, inf) with 400 queries (recall=0.98).
Average Recall: 0.992651
Initial average recall with ef=1000: 0.992997
Average Recall: 0.997266
Initial average recall with ef=1500: 0.997466
Weighted average ef: 1003.39
Reconstructed True WAE: 1156.91 (Hard Pct: 0.027)
  Avg Ef Hard (bucketed): 2121.84 | Avg Ef Easy (bucketed): 1130.14
****Weighted average ef: 1156
Search time: 218175 ms
Search time: 219169 ms
Search time: 219305 ms
Average Recall: 0.975355
5th percentile recall: 0.905
1st percentile recall: 0.846
Median search time: 219169 ms
Search times: 218175 ms, 219169 ms, 219305 ms, 
msmarco experiment results:
statisc_length, time, avg_recall, 5th_percentile_recall, 1st_percentile_recall, recall_above_99, recall_above_95, recall_above_90
1025, 219169, 0.975355, 0.905, 0.846, 3256, 5913, 6666
Experiment finished

--- Gamma: 24 ---

Loading samplings from /home/yc.shea/experiments/shiro-ef/sampling/msmarco-samplings--k1000-ef.bin
Samplings loaded from /home/yc.shea/experiments/shiro-ef/sampling/msmarco-samplings--k1000-ef.bin
Average Recall: 0.954404
Initial average recall with ef=1000: 0.954361
Average Recall: 0.973804
Initial average recall with ef=1500: 0.973772
Weighted average ef: 1360.76
Per-bucket recall: conv_p20=62.4493 hard_recall=0.95 easy_recall=0.98
Training convergence-bucket 0 [10.6164, 57.561) with 400 queries (recall=0.95).
Average Recall: 0.869203
Initial average recall with ef=1000: 0.865784
Average Recall: 0.915482
Initial average recall with ef=1500: 0.913151
Weighted average ef: 2566.85
Training convergence-bucket 1 [57.561, 62.4493) with 400 queries (recall=0.95).
Average Recall: 0.90021
Initial average recall with ef=1000: 0.898545
Average Recall: 0.93962
Initial average recall with ef=1500: 0.9386
Weighted average ef: 1951.25
Training convergence-bucket 2 [62.4493, 67.1991) with 400 queries (recall=0.98).
Average Recall: 0.911153
Initial average recall with ef=1000: 0.909103
Average Recall: 0.94701
Initial average recall with ef=1500: 0.945947
Weighted average ef: 3096.42
Training convergence-bucket 3 [67.1991, 74.2529) with 400 queries (recall=0.98).
Average Recall: 0.960007
Initial average recall with ef=1000: 0.958965
Average Recall: 0.979297
Initial average recall with ef=1500: 0.97878
Weighted average ef: 1658.54
Training convergence-bucket 4 [74.2529, 77.4591) with 400 queries (recall=0.98).
Average Recall: 0.97023
Initial average recall with ef=1000: 0.971008
Average Recall: 0.984957
Initial average recall with ef=1500: 0.985541
Weighted average ef: 1417.5
Training convergence-bucket 5 [77.4591, 79.7067) with 400 queries (recall=0.98).
Average Recall: 0.979922
Initial average recall with ef=1000: 0.980604
Average Recall: 0.990794
Initial average recall with ef=1500: 0.99125
Weighted average ef: 1158.75
Training convergence-bucket 6 [79.7067, 81.4217) with 400 queries (recall=0.98).
Average Recall: 0.984636
Initial average recall with ef=1000: 0.985161
Average Recall: 0.993289
Initial average recall with ef=1500: 0.993559
Weighted average ef: 1122.5
Training convergence-bucket 7 [81.4217, 82.8392) with 400 queries (recall=0.98).
Average Recall: 0.988079
Initial average recall with ef=1000: 0.989244
Average Recall: 0.995194
Initial average recall with ef=1500: 0.995854
Weighted average ef: 1041.25
Training convergence-bucket 8 [82.8392, 84.5861) with 400 queries (recall=0.98).
Average Recall: 0.988474
Initial average recall with ef=1000: 0.989439
Average Recall: 0.995379
Initial average recall with ef=1500: 0.995909
Weighted average ef: 1038.75
Training convergence-bucket 9 [84.5861, inf) with 400 queries (recall=0.98).
Average Recall: 0.992079
Initial average recall with ef=1000: 0.992907
Average Recall: 0.996931
Initial average recall with ef=1500: 0.997437
Weighted average ef: 1005
Reconstructed True WAE: 1158.96 (Hard Pct: 0.027)
  Avg Ef Hard (bucketed): 2135.32 | Avg Ef Easy (bucketed): 1131.87
****Weighted average ef: 1158
Search time: 219169 ms
Search time: 220093 ms
Search time: 220382 ms
Average Recall: 0.975617
5th percentile recall: 0.906
1st percentile recall: 0.847
Median search time: 220093 ms
Search times: 219169 ms, 220093 ms, 220382 ms, 
msmarco experiment results:
statisc_length, time, avg_recall, 5th_percentile_recall, 1st_percentile_recall, recall_above_99, recall_above_95, recall_above_90
1025, 220093, 0.975617, 0.906, 0.847, 3293, 5919, 6685
Experiment finished

--- Gamma: 32 ---

Loading samplings from /home/yc.shea/experiments/shiro-ef/sampling/msmarco-samplings--k1000-ef.bin
Samplings loaded from /home/yc.shea/experiments/shiro-ef/sampling/msmarco-samplings--k1000-ef.bin
Average Recall: 0.954404
Initial average recall with ef=1000: 0.954361
Average Recall: 0.973804
Initial average recall with ef=1500: 0.973772
Weighted average ef: 1360.76
Per-bucket recall: conv_p20=67.5069 hard_recall=0.95 easy_recall=0.98
Training convergence-bucket 0 [9.32158, 62.8079) with 400 queries (recall=0.95).
Average Recall: 0.87426
Initial average recall with ef=1000: 0.870778
Average Recall: 0.919128
Initial average recall with ef=1500: 0.91676
Weighted average ef: 2487.79
Training convergence-bucket 1 [62.8079, 67.5069) with 400 queries (recall=0.95).
Average Recall: 0.89851
Initial average recall with ef=1000: 0.896213
Average Recall: 0.937845
Initial average recall with ef=1500: 0.93647
Weighted average ef: 1996.25
Training convergence-bucket 2 [67.5069, 71.672) with 400 queries (recall=0.98).
Average Recall: 0.91606
Initial average recall with ef=1000: 0.914026
Average Recall: 0.950602
Initial average recall with ef=1500: 0.949517
Weighted average ef: 2904.73
Training convergence-bucket 3 [71.672, 76.8633) with 400 queries (recall=0.98).
Average Recall: 0.953817
Initial average recall with ef=1000: 0.952855
Average Recall: 0.974848
Initial average recall with ef=1500: 0.974331
Weighted average ef: 1839.91
Training convergence-bucket 4 [76.8633, 79.4154) with 400 queries (recall=0.98).
Average Recall: 0.971492
Initial average recall with ef=1000: 0.971488
Average Recall: 0.985879
Initial average recall with ef=1500: 0.985904
Weighted average ef: 1438.04
Training convergence-bucket 5 [79.4154, 81.1841) with 400 queries (recall=0.98).
Average Recall: 0.979392
Initial average recall with ef=1000: 0.979496
Average Recall: 0.990389
Initial average recall with ef=1500: 0.990488
Weighted average ef: 1218.75
Training convergence-bucket 6 [81.1841, 82.6456) with 400 queries (recall=0.98).
Average Recall: 0.983854
Initial average recall with ef=1000: 0.984889
Average Recall: 0.992799
Initial average recall with ef=1500: 0.993452
Weighted average ef: 1117.5
Training convergence-bucket 7 [82.6456, 83.9272) with 400 queries (recall=0.98).
Average Recall: 0.986924
Initial average recall with ef=1000: 0.988305
Average Recall: 0.994481
Initial average recall with ef=1500: 0.995351
Weighted average ef: 1039.42
Training convergence-bucket 8 [83.9272, 85.4438) with 400 queries (recall=0.98).
Average Recall: 0.988446
Initial average recall with ef=1000: 0.989501
Average Recall: 0.995519
Initial average recall with ef=1500: 0.99601
Weighted average ef: 1046.25
Training convergence-bucket 9 [85.4438, inf) with 400 queries (recall=0.98).
Average Recall: 0.991237
Initial average recall with ef=1000: 0.992312
Average Recall: 0.996464
Initial average recall with ef=1500: 0.997121
Weighted average ef: 1010
Reconstructed True WAE: 1171.47 (Hard Pct: 0.027)
  Avg Ef Hard (bucketed): 2205.93 | Avg Ef Easy (bucketed): 1142.76
****Weighted average ef: 1171
Search time: 219545 ms
Search time: 220562 ms
Search time: 220891 ms
Average Recall: 0.975518
5th percentile recall: 0.908
1st percentile recall: 0.846
Median search time: 220562 ms
Search times: 219545 ms, 220562 ms, 220891 ms, 
msmarco experiment results:
statisc_length, time, avg_recall, 5th_percentile_recall, 1st_percentile_recall, recall_above_99, recall_above_95, recall_above_90
1025, 220562, 0.975518, 0.908, 0.846, 3236, 5928, 6693
Experiment finished


Dataset: cohere
Metric: cd
Normalize the data vectors
Data vectors dimensions: 18380565 x 1024
Query vectors dimensions: 1677 x 1024
Neighbors dimensions: 1677 x 1000
Using AVX Inner Product distance
Index loaded
Dimension of space:1024
Data size of space:4096

--- Gamma: 8 ---

Loading samplings from /home/yc.shea/experiments/shiro-ef/sampling/cohere-samplings--k1000-ef.bin
Samplings loaded from /home/yc.shea/experiments/shiro-ef/sampling/cohere-samplings--k1000-ef.bin
Average Recall: 0.94905
Initial average recall with ef=1000: 0.949029
Average Recall: 0.970769
Initial average recall with ef=1500: 0.970748
Weighted average ef: 1393.02
Per-bucket recall: conv_p20=41.3269 hard_recall=0.95 easy_recall=0.98
Training convergence-bucket 0 [12.1819, 35.6818) with 400 queries (recall=0.95).
Average Recall: 0.877033
Initial average recall with ef=1000: 0.867564
Average Recall: 0.919055
Initial average recall with ef=1500: 0.91226
Weighted average ef: 2493.05
Training convergence-bucket 1 [35.6818, 41.3269) with 400 queries (recall=0.95).
Average Recall: 0.890642
Initial average recall with ef=1000: 0.883637
Average Recall: 0.931212
Initial average recall with ef=1500: 0.926516
Weighted average ef: 2146.85
Training convergence-bucket 2 [41.3269, 49.9029) with 400 queries (recall=0.98).
Average Recall: 0.933755
Initial average recall with ef=1000: 0.930416
Average Recall: 0.962125
Initial average recall with ef=1500: 0.960143
Weighted average ef: 2263.72
Training convergence-bucket 3 [49.9029, 55.3547) with 400 queries (recall=0.98).
Average Recall: 0.953243
Initial average recall with ef=1000: 0.952965
Average Recall: 0.975315
Initial average recall with ef=1500: 0.975438
Weighted average ef: 1804.76
Training convergence-bucket 4 [55.3547, 59.4138) with 400 queries (recall=0.98).
Average Recall: 0.96296
Initial average recall with ef=1000: 0.963984
Average Recall: 0.981277
Initial average recall with ef=1500: 0.981974
Weighted average ef: 1580.1
Training convergence-bucket 5 [59.4138, 62.596) with 400 queries (recall=0.98).
Average Recall: 0.966521
Initial average recall with ef=1000: 0.966426
Average Recall: 0.983104
Initial average recall with ef=1500: 0.983125
Weighted average ef: 1565.31
Training convergence-bucket 6 [62.596, 65.7193) with 400 queries (recall=0.98).
Average Recall: 0.97195
Initial average recall with ef=1000: 0.973489
Average Recall: 0.986444
Initial average recall with ef=1500: 0.987499
Weighted average ef: 1376.34
Training convergence-bucket 7 [65.7193, 68.8112) with 400 queries (recall=0.98).
Average Recall: 0.974567
Initial average recall with ef=1000: 0.975558
Average Recall: 0.987527
Initial average recall with ef=1500: 0.988184
Weighted average ef: 1360.12
Training convergence-bucket 8 [68.8112, 72.5194) with 400 queries (recall=0.98).
Average Recall: 0.977673
Initial average recall with ef=1000: 0.978336
Average Recall: 0.989949
Initial average recall with ef=1500: 0.990308
Weighted average ef: 1240
Training convergence-bucket 9 [72.5194, inf) with 400 queries (recall=0.98).
Average Recall: 0.982127
Initial average recall with ef=1000: 0.982776
Average Recall: 0.991614
Initial average recall with ef=1500: 0.991931
Weighted average ef: 1123.63
Reconstructed True WAE: 1323.97 (Hard Pct: 0.019625)
  Avg Ef Hard (bucketed): 2376.46 | Avg Ef Easy (bucketed): 1302.9
****Weighted average ef: 1323
Search time: 57900 ms
Search time: 58120 ms
Search time: 57990 ms
Average Recall: 0.970421
5th percentile recall: 0.883
1st percentile recall: 0.731
Median search time: 57990 ms
Search times: 57900 ms, 57990 ms, 58120 ms, 
cohere experiment results:
statisc_length, time, avg_recall, 5th_percentile_recall, 1st_percentile_recall, recall_above_99, recall_above_95, recall_above_90
1025, 57990, 0.970421, 0.883, 0.731, 727, 1421, 1570
Experiment finished

--- Gamma: 12 ---

Loading samplings from /home/yc.shea/experiments/shiro-ef/sampling/cohere-samplings--k1000-ef.bin
Samplings loaded from /home/yc.shea/experiments/shiro-ef/sampling/cohere-samplings--k1000-ef.bin
Average Recall: 0.94905
Initial average recall with ef=1000: 0.949029
Average Recall: 0.970769
Initial average recall with ef=1500: 0.970748
Weighted average ef: 1393.02
Per-bucket recall: conv_p20=48.335 hard_recall=0.95 easy_recall=0.98
Training convergence-bucket 0 [11.7301, 42.178) with 400 queries (recall=0.95).
Average Recall: 0.882073
Initial average recall with ef=1000: 0.873914
Average Recall: 0.92232
Initial average recall with ef=1500: 0.916404
Weighted average ef: 2455.92
Training convergence-bucket 1 [42.178, 48.335) with 400 queries (recall=0.95).
Average Recall: 0.887985
Initial average recall with ef=1000: 0.882159
Average Recall: 0.92955
Initial average recall with ef=1500: 0.925531
Weighted average ef: 2159.54
Training convergence-bucket 2 [48.335, 57.1553) with 400 queries (recall=0.98).
Average Recall: 0.932841
Initial average recall with ef=1000: 0.930958
Average Recall: 0.961217
Initial average recall with ef=1500: 0.960202
Recall diff is too small for 1 consecutive steps, break.
Weighted average ef: 2352.02
Training convergence-bucket 3 [57.1553, 62.2446) with 400 queries (recall=0.98).
Average Recall: 0.952768
Initial average recall with ef=1000: 0.951847
Average Recall: 0.975202
Initial average recall with ef=1500: 0.974714
Weighted average ef: 1864.01
Training convergence-bucket 4 [62.2446, 65.971) with 400 queries (recall=0.98).
Average Recall: 0.963427
Initial average recall with ef=1000: 0.963821
Average Recall: 0.981589
Initial average recall with ef=1500: 0.981958
Weighted average ef: 1565.33
Training convergence-bucket 5 [65.971, 68.8728) with 400 queries (recall=0.98).
Average Recall: 0.966542
Initial average recall with ef=1000: 0.966718
Average Recall: 0.983184
Initial average recall with ef=1500: 0.983352
Weighted average ef: 1537.45
Training convergence-bucket 6 [68.8728, 71.4808) with 400 queries (recall=0.98).
Average Recall: 0.972155
Initial average recall with ef=1000: 0.972568
Average Recall: 0.986299
Initial average recall with ef=1500: 0.986573
Weighted average ef: 1405.75
Training convergence-bucket 7 [71.4808, 74.0772) with 400 queries (recall=0.98).
Average Recall: 0.974207
Initial average recall with ef=1000: 0.975102
Average Recall: 0.987472
Initial average recall with ef=1500: 0.988077
Weighted average ef: 1406.8
Training convergence-bucket 8 [74.0772, 77.2484) with 400 queries (recall=0.98).
Average Recall: 0.976592
Initial average recall with ef=1000: 0.978041
Average Recall: 0.989334
Initial average recall with ef=1500: 0.990186
Weighted average ef: 1211.25
Training convergence-bucket 9 [77.2484, inf) with 400 queries (recall=0.98).
Average Recall: 0.981882
Initial average recall with ef=1000: 0.983062
Average Recall: 0.991454
Initial average recall with ef=1500: 0.99211
Weighted average ef: 1089.71
Reconstructed True WAE: 1365.26 (Hard Pct: 0.019625)
  Avg Ef Hard (bucketed): 2338.62 | Avg Ef Easy (bucketed): 1345.78
****Weighted average ef: 1365
Search time: 58535 ms
Search time: 58416 ms
Search time: 59287 ms
Average Recall: 0.970465
5th percentile recall: 0.88
1st percentile recall: 0.724
Median search time: 58535 ms
Search times: 58416 ms, 58535 ms, 59287 ms, 
cohere experiment results:
statisc_length, time, avg_recall, 5th_percentile_recall, 1st_percentile_recall, recall_above_99, recall_above_95, recall_above_90
1025, 58535, 0.970465, 0.88, 0.724, 727, 1430, 1566
Experiment finished

--- Gamma: 16 ---

Loading samplings from /home/yc.shea/experiments/shiro-ef/sampling/cohere-samplings--k1000-ef.bin
Samplings loaded from /home/yc.shea/experiments/shiro-ef/sampling/cohere-samplings--k1000-ef.bin
Average Recall: 0.94905
Initial average recall with ef=1000: 0.949029
Average Recall: 0.970769
Initial average recall with ef=1500: 0.970748
Weighted average ef: 1393.02
Per-bucket recall: conv_p20=53.4276 hard_recall=0.95 easy_recall=0.98
Training convergence-bucket 0 [10.8442, 46.8254) with 400 queries (recall=0.95).
Average Recall: 0.884645
Initial average recall with ef=1000: 0.876923
Average Recall: 0.924073
Initial average recall with ef=1500: 0.918439
Weighted average ef: 2404.44
Training convergence-bucket 1 [46.8254, 53.4276) with 400 queries (recall=0.95).
Average Recall: 0.888987
Initial average recall with ef=1000: 0.882708
Average Recall: 0.930075
Initial average recall with ef=1500: 0.925669
Weighted average ef: 2199.01
Training convergence-bucket 2 [53.4276, 61.9108) with 400 queries (recall=0.98).
Average Recall: 0.931416
Initial average recall with ef=1000: 0.930256
Average Recall: 0.960497
Initial average recall with ef=1500: 0.960078
Weighted average ef: 2340.92
Training convergence-bucket 3 [61.9108, 66.4052) with 400 queries (recall=0.98).
Average Recall: 0.951555
Initial average recall with ef=1000: 0.952095
Average Recall: 0.974112
Initial average recall with ef=1500: 0.974509
Weighted average ef: 1860.94
Training convergence-bucket 4 [66.4052, 69.7652) with 400 queries (recall=0.98).
Average Recall: 0.96432
Initial average recall with ef=1000: 0.964402
Average Recall: 0.982449
Initial average recall with ef=1500: 0.982637
Weighted average ef: 1577.01
Training convergence-bucket 5 [69.7652, 72.215) with 400 queries (recall=0.98).
Average Recall: 0.965614
Initial average recall with ef=1000: 0.965626
Average Recall: 0.982372
Initial average recall with ef=1500: 0.98246
Weighted average ef: 1621.7
Training convergence-bucket 6 [72.215, 74.5429) with 400 queries (recall=0.98).
Average Recall: 0.97059
Initial average recall with ef=1000: 0.971145
Average Recall: 0.985342
Initial average recall with ef=1500: 0.985694
Weighted average ef: 1444.88
Training convergence-bucket 7 [74.5429, 76.8149) with 400 queries (recall=0.98).
Average Recall: 0.974992
Initial average recall with ef=1000: 0.976018
Average Recall: 0.988116
Initial average recall with ef=1500: 0.988744
Weighted average ef: 1337.5
Training convergence-bucket 8 [76.8149, 79.5596) with 400 queries (recall=0.98).
Average Recall: 0.977495
Initial average recall with ef=1000: 0.978765
Average Recall: 0.989944
Initial average recall with ef=1500: 0.990842
Weighted average ef: 1186.25
Training convergence-bucket 9 [79.5596, inf) with 400 queries (recall=0.98).
Average Recall: 0.980857
Initial average recall with ef=1000: 0.982433
Average Recall: 0.990641
Initial average recall with ef=1500: 0.991562
Weighted average ef: 1089.81
Reconstructed True WAE: 1348.53 (Hard Pct: 0.019625)
  Avg Ef Hard (bucketed): 2330.23 | Avg Ef Easy (bucketed): 1328.88
****Weighted average ef: 1348
Search time: 57063 ms
Search time: 56669 ms
Search time: 57673 ms
Average Recall: 0.969616
5th percentile recall: 0.877
1st percentile recall: 0.724
Median search time: 57063 ms
Search times: 56669 ms, 57063 ms, 57673 ms, 
cohere experiment results:
statisc_length, time, avg_recall, 5th_percentile_recall, 1st_percentile_recall, recall_above_99, recall_above_95, recall_above_90
1025, 57063, 0.969616, 0.877, 0.724, 707, 1421, 1560
Experiment finished

--- Gamma: 24 ---

Loading samplings from /home/yc.shea/experiments/shiro-ef/sampling/cohere-samplings--k1000-ef.bin
Samplings loaded from /home/yc.shea/experiments/shiro-ef/sampling/cohere-samplings--k1000-ef.bin
Average Recall: 0.94905
Initial average recall with ef=1000: 0.949029
Average Recall: 0.970769
Initial average recall with ef=1500: 0.970748
Weighted average ef: 1393.02
Per-bucket recall: conv_p20=60.368 hard_recall=0.95 easy_recall=0.98
Training convergence-bucket 0 [9.12147, 53.1173) with 400 queries (recall=0.95).
Average Recall: 0.89149
Initial average recall with ef=1000: 0.884474
Average Recall: 0.928762
Initial average recall with ef=1500: 0.923656
Weighted average ef: 2331.26
Training convergence-bucket 1 [53.1173, 60.368) with 400 queries (recall=0.95).
Average Recall: 0.88972
Initial average recall with ef=1000: 0.884563
Average Recall: 0.930823
Initial average recall with ef=1500: 0.927173
Weighted average ef: 2090.85
Training convergence-bucket 2 [60.368, 67.3201) with 400 queries (recall=0.98).
Average Recall: 0.926173
Initial average recall with ef=1000: 0.922992
Average Recall: 0.956462
Initial average recall with ef=1500: 0.954658
Weighted average ef: 2527.91
Training convergence-bucket 3 [67.3201, 71.0627) with 400 queries (recall=0.98).
Average Recall: 0.952875
Initial average recall with ef=1000: 0.953363
Average Recall: 0.97509
Initial average recall with ef=1500: 0.975424
Weighted average ef: 1831.46
Training convergence-bucket 4 [71.0627, 73.7168) with 400 queries (recall=0.98).
Average Recall: 0.962657
Initial average recall with ef=1000: 0.963207
Average Recall: 0.981034
Initial average recall with ef=1500: 0.981647
Weighted average ef: 1574.56
Training convergence-bucket 5 [73.7168, 75.7818) with 400 queries (recall=0.98).
Average Recall: 0.965932
Initial average recall with ef=1000: 0.966782
Average Recall: 0.982977
Initial average recall with ef=1500: 0.983595
Weighted average ef: 1532.14
Training convergence-bucket 6 [75.7818, 77.6214) with 400 queries (recall=0.98).
Average Recall: 0.970525
Initial average recall with ef=1000: 0.970524
Average Recall: 0.985211
Initial average recall with ef=1500: 0.985199
Weighted average ef: 1510.85
Training convergence-bucket 7 [77.6214, 79.3911) with 400 queries (recall=0.98).
Average Recall: 0.973267
Initial average recall with ef=1000: 0.974335
Average Recall: 0.986999
Initial average recall with ef=1500: 0.987665
Weighted average ef: 1356.25
Training convergence-bucket 8 [79.3911, 81.8698) with 400 queries (recall=0.98).
Average Recall: 0.97744
Initial average recall with ef=1000: 0.978504
Average Recall: 0.989954
Initial average recall with ef=1500: 0.990628
Weighted average ef: 1218.75
Training convergence-bucket 9 [81.8698, inf) with 400 queries (recall=0.98).
Average Recall: 0.980392
Initial average recall with ef=1000: 0.982444
Average Recall: 0.990309
Initial average recall with ef=1500: 0.991622
Weighted average ef: 1108.75
Reconstructed True WAE: 1366.75 (Hard Pct: 0.019625)
  Avg Ef Hard (bucketed): 2253.24 | Avg Ef Easy (bucketed): 1349
****Weighted average ef: 1366
Search time: 56601 ms
Search time: 57305 ms
Search time: 57115 ms
Average Recall: 0.969376
5th percentile recall: 0.883
1st percentile recall: 0.729
Median search time: 57115 ms
Search times: 56601 ms, 57115 ms, 57305 ms, 
cohere experiment results:
statisc_length, time, avg_recall, 5th_percentile_recall, 1st_percentile_recall, recall_above_99, recall_above_95, recall_above_90
1025, 57115, 0.969376, 0.883, 0.729, 709, 1414, 1560
Experiment finished

--- Gamma: 32 ---

Loading samplings from /home/yc.shea/experiments/shiro-ef/sampling/cohere-samplings--k1000-ef.bin
Samplings loaded from /home/yc.shea/experiments/shiro-ef/sampling/cohere-samplings--k1000-ef.bin
Average Recall: 0.94905
Initial average recall with ef=1000: 0.949029
Average Recall: 0.970769
Initial average recall with ef=1500: 0.970748
Weighted average ef: 1393.02
Per-bucket recall: conv_p20=64.9345 hard_recall=0.95 easy_recall=0.98
Training convergence-bucket 0 [6.99865, 56.8876) with 400 queries (recall=0.95).
Average Recall: 0.89631
Initial average recall with ef=1000: 0.890263
Average Recall: 0.932385
Initial average recall with ef=1500: 0.928
Weighted average ef: 2273.27
Training convergence-bucket 1 [56.8876, 64.9345) with 400 queries (recall=0.95).
Average Recall: 0.890682
Initial average recall with ef=1000: 0.883708
Average Recall: 0.930985
Initial average recall with ef=1500: 0.926026
Weighted average ef: 2110.72
Training convergence-bucket 2 [64.9345, 70.2124) with 400 queries (recall=0.98).
Average Recall: 0.923218
Initial average recall with ef=1000: 0.920509
Average Recall: 0.954725
Initial average recall with ef=1500: 0.953096
Weighted average ef: 2639.7
Training convergence-bucket 3 [70.2124, 73.5601) with 400 queries (recall=0.98).
Average Recall: 0.95364
Initial average recall with ef=1000: 0.954093
Average Recall: 0.975285
Initial average recall with ef=1500: 0.975788
Weighted average ef: 1820.35
Training convergence-bucket 4 [73.5601, 75.7203) with 400 queries (recall=0.98).
Average Recall: 0.960615
Initial average recall with ef=1000: 0.961751
Average Recall: 0.979569
Initial average recall with ef=1500: 0.98049
Weighted average ef: 1649.89
Training convergence-bucket 5 [75.7203, 77.6107) with 400 queries (recall=0.98).
Average Recall: 0.966842
Initial average recall with ef=1000: 0.967966
Average Recall: 0.983454
Initial average recall with ef=1500: 0.984217
Weighted average ef: 1503.75
Training convergence-bucket 6 [77.6107, 79.2214) with 400 queries (recall=0.98).
Average Recall: 0.970209
Initial average recall with ef=1000: 0.971051
Average Recall: 0.9855
Initial average recall with ef=1500: 0.986072
Weighted average ef: 1489.83
Training convergence-bucket 7 [79.2214, 80.8688) with 400 queries (recall=0.98).
Average Recall: 0.971314
Initial average recall with ef=1000: 0.97237
Average Recall: 0.985885
Initial average recall with ef=1500: 0.986542
Weighted average ef: 1393.59
Training convergence-bucket 8 [80.8688, 83.1142) with 400 queries (recall=0.98).
Average Recall: 0.976942
Initial average recall with ef=1000: 0.97747
Average Recall: 0.989396
Initial average recall with ef=1500: 0.989711
Weighted average ef: 1258.56
Training convergence-bucket 9 [83.1142, inf) with 400 queries (recall=0.98).
Average Recall: 0.980697
Initial average recall with ef=1000: 0.982594
Average Recall: 0.990439
Initial average recall with ef=1500: 0.991625
Weighted average ef: 1107.5
Reconstructed True WAE: 1307.04 (Hard Pct: 0.019625)
  Avg Ef Hard (bucketed): 2305.87 | Avg Ef Easy (bucketed): 1287.04
****Weighted average ef: 1307
Search time: 55433 ms
Search time: 56384 ms
Search time: 55770 ms
Average Recall: 0.968804
5th percentile recall: 0.879
1st percentile recall: 0.729
Median search time: 55770 ms
Search times: 55433 ms, 55770 ms, 56384 ms, 
cohere experiment results:
statisc_length, time, avg_recall, 5th_percentile_recall, 1st_percentile_recall, recall_above_99, recall_above_95, recall_above_90
1025, 55770, 0.968804, 0.879, 0.729, 690, 1409, 1562
Experiment finished
Starting ablation study tests: n_convergence_buckets...




Dataset: deep-image-96-angular
Metric: cd
Normalize the data vectors
Data vectors dimensions: 9990000 x 96
Query vectors dimensions: 10000 x 96
Neighbors dimensions: 10000 x 100
Using AVX Inner Product distance
Index loaded
Dimension of space:96
Data size of space:384

--- n_convergence_buckets: 5 ---

Loading samplings from /home/yc.shea/experiments/shiro-ef/sampling/deep-image-96-angular-samplings--k100-ef.bin
Samplings loaded from /home/yc.shea/experiments/shiro-ef/sampling/deep-image-96-angular-samplings--k100-ef.bin
Average Recall: 0.833432
Initial average recall with ef=100: 0.833707
Average Recall: 0.882052
Initial average recall with ef=150: 0.882358
Weighted average ef: 397.202
Per-bucket recall: conv_p20=40.6448 hard_recall=0.95 easy_recall=0.98
Training convergence-bucket 0 [21.651, 40.6448) with 800 queries (recall=0.95).
Average Recall: 0.621988
Initial average recall with ef=100: 0.618753
Average Recall: 0.70035
Initial average recall with ef=150: 0.697761
Weighted average ef: 1017.75
Training convergence-bucket 1 [40.6448, 51.2517) with 800 queries (recall=0.98).
Average Recall: 0.768488
Initial average recall with ef=100: 0.767481
Average Recall: 0.836975
Initial average recall with ef=150: 0.836221
Recall diff is too small for 1 consecutive steps, break.
Recall diff is too small for 1 consecutive steps, break.
Weighted average ef: 833.931
Training convergence-bucket 2 [51.2517, 58.5418) with 800 queries (recall=0.98).
Average Recall: 0.86895
Initial average recall with ef=100: 0.868973
Average Recall: 0.919576
Initial average recall with ef=150: 0.919556
Recall diff is too small for 1 consecutive steps, break.
Weighted average ef: 383.796
Training convergence-bucket 3 [58.5418, 68.0273) with 800 queries (recall=0.98).
Average Recall: 0.928862
Initial average recall with ef=100: 0.929573
Average Recall: 0.963023
Initial average recall with ef=150: 0.963505
Recall diff is too small for 1 consecutive steps, break.
Weighted average ef: 232.089
Training convergence-bucket 4 [68.0273, inf) with 800 queries (recall=0.98).
Average Recall: 0.978911
Initial average recall with ef=100: 0.980581
Average Recall: 0.990387
Initial average recall with ef=150: 0.991907
Weighted average ef: 127.1
Reconstructed True WAE: 267.752 (Hard Pct: 0.020025)
  Avg Ef Hard (bucketed): 1093.33 | Avg Ef Easy (bucketed): 250.882
Search time: 16079 ms
Search time: 16384 ms
Search time: 16572 ms
Average Recall: 0.986165
5th percentile recall: 0.95
1st percentile recall: 0.92
Median search time: 16384 ms
Search times: 16079 ms, 16384 ms, 16572 ms, 
deep-image-96-angular experiment results:
statisc_length, time, avg_recall, 5th_percentile_recall, 1st_percentile_recall, recall_above_99, recall_above_95, recall_above_90
1025, 16384, 0.986165, 0.95, 0.92, 6613, 9466, 9950
Experiment finished

--- n_convergence_buckets: 10 ---

Loading samplings from /home/yc.shea/experiments/shiro-ef/sampling/deep-image-96-angular-samplings--k100-ef.bin
Samplings loaded from /home/yc.shea/experiments/shiro-ef/sampling/deep-image-96-angular-samplings--k100-ef.bin
Average Recall: 0.833432
Initial average recall with ef=100: 0.833707
Average Recall: 0.882052
Initial average recall with ef=150: 0.882358
Weighted average ef: 397.202
Per-bucket recall: conv_p20=40.6448 hard_recall=0.95 easy_recall=0.98
Training convergence-bucket 0 [21.651, 37.6082) with 400 queries (recall=0.95).
Average Recall: 0.605825
Initial average recall with ef=100: 0.601844
Average Recall: 0.684925
Initial average recall with ef=150: 0.681558
Recall diff is too small for 1 consecutive steps, break.
Recall diff is too small for 1 consecutive steps, break.
Recall diff is too small for 1 consecutive steps, break.
Weighted average ef: 1075
Training convergence-bucket 1 [37.6082, 40.6448) with 400 queries (recall=0.95).
Average Recall: 0.63815
Initial average recall with ef=100: 0.634597
Average Recall: 0.715775
Initial average recall with ef=150: 0.713299
Weighted average ef: 895.115
Training convergence-bucket 2 [40.6448, 46.6753) with 400 queries (recall=0.98).
Average Recall: 0.722775
Initial average recall with ef=100: 0.721282
Average Recall: 0.7965
Initial average recall with ef=150: 0.795256
Recall diff is too small for 1 consecutive steps, break.
Recall diff is too small for 1 consecutive steps, break.
Weighted average ef: 1112.14
Training convergence-bucket 3 [46.6753, 51.2517) with 400 queries (recall=0.98).
Average Recall: 0.8142
Initial average recall with ef=100: 0.813582
Average Recall: 0.87745
Initial average recall with ef=150: 0.876959
Weighted average ef: 553.362
Training convergence-bucket 4 [51.2517, 54.8847) with 400 queries (recall=0.98).
Average Recall: 0.852775
Initial average recall with ef=100: 0.853646
Average Recall: 0.908975
Initial average recall with ef=150: 0.909531
Weighted average ef: 430.455
Training convergence-bucket 5 [54.8847, 58.5418) with 400 queries (recall=0.98).
Average Recall: 0.885125
Initial average recall with ef=100: 0.885452
Average Recall: 0.930175
Initial average recall with ef=150: 0.930698
Recall diff is too small for 1 consecutive steps, break.
Weighted average ef: 326.978
Training convergence-bucket 6 [58.5418, 63.2201) with 400 queries (recall=0.98).
Average Recall: 0.915625
Initial average recall with ef=100: 0.915959
Average Recall: 0.955201
Initial average recall with ef=150: 0.955448
Recall diff is too small for 1 consecutive steps, break.
Recall diff is too small for 1 consecutive steps, break.
Weighted average ef: 242.245
Training convergence-bucket 7 [63.2201, 68.0273) with 400 queries (recall=0.98).
Average Recall: 0.9421
Initial average recall with ef=100: 0.943899
Average Recall: 0.97085
Initial average recall with ef=150: 0.971899
Recall diff is too small for 1 consecutive steps, break.
Weighted average ef: 208.13
Training convergence-bucket 8 [68.0273, 74.8475) with 400 queries (recall=0.98).
Average Recall: 0.96895
Initial average recall with ef=100: 0.970025
Average Recall: 0.986075
Initial average recall with ef=150: 0.986929
Weighted average ef: 145.91
Training convergence-bucket 9 [74.8475, inf) with 400 queries (recall=0.98).
Average Recall: 0.988875
Initial average recall with ef=100: 0.991196
Average Recall: 0.9947
Initial average recall with ef=150: 0.996921
Weighted average ef: 104.25
Reconstructed True WAE: 239.915 (Hard Pct: 0.020025)
  Avg Ef Hard (bucketed): 1007.27 | Avg Ef Easy (bucketed): 224.235
Search time: 16511 ms
Search time: 16253 ms
Search time: 16068 ms
Average Recall: 0.985723
5th percentile recall: 0.95
1st percentile recall: 0.92
Median search time: 16253 ms
Search times: 16068 ms, 16253 ms, 16511 ms, 
deep-image-96-angular experiment results:
statisc_length, time, avg_recall, 5th_percentile_recall, 1st_percentile_recall, recall_above_99, recall_above_95, recall_above_90
1025, 16253, 0.985723, 0.95, 0.92, 6529, 9415, 9930
Experiment finished

--- n_convergence_buckets: 15 ---

Loading samplings from /home/yc.shea/experiments/shiro-ef/sampling/deep-image-96-angular-samplings--k100-ef.bin
Samplings loaded from /home/yc.shea/experiments/shiro-ef/sampling/deep-image-96-angular-samplings--k100-ef.bin
Average Recall: 0.833432
Initial average recall with ef=100: 0.833707
Average Recall: 0.882052
Initial average recall with ef=150: 0.882358
Weighted average ef: 397.202
Per-bucket recall: conv_p20=40.6448 hard_recall=0.95 easy_recall=0.98
Training convergence-bucket 0 [21.651, 36.2856) with 266 queries (recall=0.95).
Average Recall: 0.598647
Initial average recall with ef=100: 0.592146
Average Recall: 0.676729
Initial average recall with ef=150: 0.671457
Recall diff is too small for 1 consecutive steps, break.
Weighted average ef: 1108.65
Training convergence-bucket 1 [36.2856, 38.6185) with 266 queries (recall=0.95).
Average Recall: 0.619887
Initial average recall with ef=100: 0.618745
Average Recall: 0.698948
Initial average recall with ef=150: 0.698431
Recall diff is too small for 1 consecutive steps, break.
Weighted average ef: 945.346
Training convergence-bucket 2 [38.6185, 40.6367) with 266 queries (recall=0.95).
Average Recall: 0.648195
Initial average recall with ef=100: 0.643889
Average Recall: 0.726278
Initial average recall with ef=150: 0.722897
Recall diff is too small for 1 consecutive steps, break.
Weighted average ef: 864.756
Training convergence-bucket 3 [40.6367, 44.5996) with 266 queries (recall=0.98).
Average Recall: 0.692406
Initial average recall with ef=100: 0.690709
Average Recall: 0.770037
Initial average recall with ef=150: 0.768976
Recall diff is too small for 1 consecutive steps, break.
Recall diff is too small for 1 consecutive steps, break.
Weighted average ef: 1224.39
Training convergence-bucket 4 [44.5996, 48.3145) with 266 queries (recall=0.98).
Average Recall: 0.788383
Initial average recall with ef=100: 0.792
Average Recall: 0.854474
Initial average recall with ef=150: 0.85796
Weighted average ef: 601.797
Training convergence-bucket 5 [48.3145, 51.2132) with 266 queries (recall=0.98).
Average Recall: 0.820789
Initial average recall with ef=100: 0.82381
Average Recall: 0.882932
Initial average recall with ef=150: 0.886032
Recall diff is too small for 1 consecutive steps, break.
Weighted average ef: 492.237
Training convergence-bucket 6 [51.2132, 53.6683) with 266 queries (recall=0.98).
Average Recall: 0.848045
Initial average recall with ef=100: 0.850667
Average Recall: 0.906805
Initial average recall with ef=150: 0.908706
Weighted average ef: 401.011
Training convergence-bucket 7 [53.6683, 56.2223) with 266 queries (recall=0.98).
Average Recall: 0.867143
Initial average recall with ef=100: 0.865292
Average Recall: 0.917143
Initial average recall with ef=150: 0.915875
Recall diff is too small for 1 consecutive steps, break.
Recall diff is too small for 1 consecutive steps, break.
Weighted average ef: 409.444
Training convergence-bucket 8 [56.2223, 58.4955) with 266 queries (recall=0.98).
Average Recall: 0.890864
Initial average recall with ef=100: 0.894802
Average Recall: 0.934136
Initial average recall with ef=150: 0.937381
Weighted average ef: 301.425
Training convergence-bucket 9 [58.4955, 61.4538) with 266 queries (recall=0.98).
Average Recall: 0.910413
Initial average recall with ef=100: 0.910763
Average Recall: 0.952293
Initial average recall with ef=150: 0.95241
Recall diff is too small for 1 consecutive steps, break.
Recall diff is too small for 1 consecutive steps, break.
Weighted average ef: 238.312
Training convergence-bucket 10 [61.4538, 64.5665) with 266 queries (recall=0.98).
Average Recall: 0.929963
Initial average recall with ef=100: 0.931673
Average Recall: 0.962933
Initial average recall with ef=150: 0.963944
Weighted average ef: 211.549
Training convergence-bucket 11 [64.5665, 67.9449) with 266 queries (recall=0.98).
Average Recall: 0.945225
Initial average recall with ef=100: 0.945039
Average Recall: 0.973121
Initial average recall with ef=150: 0.972946
Weighted average ef: 198.18
Training convergence-bucket 12 [67.9449, 72.2864) with 266 queries (recall=0.98).
Average Recall: 0.966842
Initial average recall with ef=100: 0.967885
Average Recall: 0.984812
Initial average recall with ef=150: 0.985731
Weighted average ef: 147.744
Training convergence-bucket 13 [72.2864, 77.5662) with 266 queries (recall=0.98).
Average Recall: 0.978534
Initial average recall with ef=100: 0.980116
Average Recall: 0.991203
Initial average recall with ef=150: 0.992239
Weighted average ef: 119.962
Training convergence-bucket 14 [77.5662, inf) with 276 queries (recall=0.98).
Average Recall: 0.990363
Initial average recall with ef=100: 0.994351
Average Recall: 0.994855
Initial average recall with ef=150: 0.998321
Weighted average ef: 96.3768
Reconstructed True WAE: 231.987 (Hard Pct: 0.020025)
  Avg Ef Hard (bucketed): 992.446 | Avg Ef Easy (bucketed): 216.447
Search time: 15394 ms
Search time: 15635 ms
Search time: 15907 ms
Average Recall: 0.984978
5th percentile recall: 0.95
1st percentile recall: 0.91
Median search time: 15635 ms
Search times: 15394 ms, 15635 ms, 15907 ms, 
deep-image-96-angular experiment results:
statisc_length, time, avg_recall, 5th_percentile_recall, 1st_percentile_recall, recall_above_99, recall_above_95, recall_above_90
1025, 15635, 0.984978, 0.95, 0.91, 6352, 9369, 9920
Experiment finished

--- n_convergence_buckets: 20 ---

Loading samplings from /home/yc.shea/experiments/shiro-ef/sampling/deep-image-96-angular-samplings--k100-ef.bin
Samplings loaded from /home/yc.shea/experiments/shiro-ef/sampling/deep-image-96-angular-samplings--k100-ef.bin
Average Recall: 0.833432
Initial average recall with ef=100: 0.833707
Average Recall: 0.882052
Initial average recall with ef=150: 0.882358
Weighted average ef: 397.202
Per-bucket recall: conv_p20=40.6448 hard_recall=0.95 easy_recall=0.98
Training convergence-bucket 0 [21.651, 35.3194) with 200 queries (recall=0.95).
Average Recall: 0.59785
Initial average recall with ef=100: 0.593111
Average Recall: 0.6736
Initial average recall with ef=150: 0.669944
Recall diff is too small for 1 consecutive steps, break.
Weighted average ef: 1042.26
Training convergence-bucket 1 [35.3194, 37.6082) with 200 queries (recall=0.95).
Average Recall: 0.6138
Initial average recall with ef=100: 0.611135
Average Recall: 0.69625
Initial average recall with ef=150: 0.693459
Weighted average ef: 956.235
Training convergence-bucket 2 [37.6082, 39.2444) with 200 queries (recall=0.95).
Average Recall: 0.6268
Initial average recall with ef=100: 0.619632
Average Recall: 0.70395
Initial average recall with ef=150: 0.697895
Weighted average ef: 914.895
Training convergence-bucket 3 [39.2444, 40.6448) with 200 queries (recall=0.95).
Average Recall: 0.6495
Initial average recall with ef=100: 0.642458
Average Recall: 0.7276
Initial average recall with ef=150: 0.720894
Weighted average ef: 867.675
Training convergence-bucket 4 [40.6448, 43.5325) with 200 queries (recall=0.98).
Average Recall: 0.6776
Initial average recall with ef=100: 0.676597
Average Recall: 0.75635
Initial average recall with ef=150: 0.756021
Recall diff is too small for 1 consecutive steps, break.
Recall diff is too small for 1 consecutive steps, break.
Recall diff is too small for 1 consecutive steps, break.
Recall diff is too small for 1 consecutive steps, break.
Weighted average ef: 1344.9
Training convergence-bucket 5 [43.5325, 46.6753) with 200 queries (recall=0.98).
Average Recall: 0.76795
Initial average recall with ef=100: 0.772804
Average Recall: 0.83665
Initial average recall with ef=150: 0.841799
Recall diff is too small for 1 consecutive steps, break.
Weighted average ef: 753.725
Training convergence-bucket 6 [46.6753, 49.0607) with 200 queries (recall=0.98).
Average Recall: 0.805
Initial average recall with ef=100: 0.805684
Average Recall: 0.8704
Initial average recall with ef=150: 0.871105
Recall diff is too small for 1 consecutive steps, break.
Recall diff is too small for 1 consecutive steps, break.
Weighted average ef: 563.945
Training convergence-bucket 7 [49.0607, 51.2517) with 200 queries (recall=0.98).
Average Recall: 0.8234
Initial average recall with ef=100: 0.826054
Average Recall: 0.8845
Initial average recall with ef=150: 0.887405
Recall diff is too small for 1 consecutive steps, break.
Recall diff is too small for 1 consecutive steps, break.
Recall diff is too small for 1 consecutive steps, break.
Weighted average ef: 483.78
Training convergence-bucket 8 [51.2517, 53.0874) with 200 queries (recall=0.98).
Average Recall: 0.84515
Initial average recall with ef=100: 0.848586
Average Recall: 0.9038
Initial average recall with ef=150: 0.906283
Weighted average ef: 410.895
Training convergence-bucket 9 [53.0874, 54.8847) with 200 queries (recall=0.98).
Average Recall: 0.8604
Initial average recall with ef=100: 0.859683
Average Recall: 0.91415
Initial average recall with ef=150: 0.913545
Weighted average ef: 429.82
Training convergence-bucket 10 [54.8847, 56.8376) with 200 queries (recall=0.98).
Average Recall: 0.87685
Initial average recall with ef=100: 0.877766
Average Recall: 0.92395
Initial average recall with ef=150: 0.925638
Recall diff is too small for 1 consecutive steps, break.
Recall diff is too small for 1 consecutive steps, break.
Weighted average ef: 323.07
Training convergence-bucket 11 [56.8376, 58.5418) with 200 queries (recall=0.98).
Average Recall: 0.8934
Initial average recall with ef=100: 0.895079
Average Recall: 0.9364
Initial average recall with ef=150: 0.937619
Weighted average ef: 314.255
Training convergence-bucket 12 [58.5418, 60.7518) with 200 queries (recall=0.98).
Average Recall: 0.90735
Initial average recall with ef=100: 0.907667
Average Recall: 0.95045
Initial average recall with ef=150: 0.950722
Recall diff is too small for 1 consecutive steps, break.
Recall diff is too small for 1 consecutive steps, break.
Weighted average ef: 232.58
Training convergence-bucket 13 [60.7518, 63.2201) with 200 queries (recall=0.98).
Average Recall: 0.9239
Initial average recall with ef=100: 0.922606
Average Recall: 0.95995
Initial average recall with ef=150: 0.958936
Weighted average ef: 228.12
Training convergence-bucket 14 [63.2201, 65.4619) with 200 queries (recall=0.98).
Average Recall: 0.93335
Initial average recall with ef=100: 0.934892
Average Recall: 0.963951
Initial average recall with ef=150: 0.964892
Recall diff is too small for 1 consecutive steps, break.
Weighted average ef: 209.35
Training convergence-bucket 15 [65.4619, 68.0273) with 200 queries (recall=0.98).
Average Recall: 0.95085
Initial average recall with ef=100: 0.951947
Average Recall: 0.97775
Initial average recall with ef=150: 0.978316
Weighted average ef: 171.24
Training convergence-bucket 16 [68.0273, 71.096) with 200 queries (recall=0.98).
Average Recall: 0.9663
Initial average recall with ef=100: 0.967473
Average Recall: 0.9841
Initial average recall with ef=150: 0.985215
Weighted average ef: 138.365
Training convergence-bucket 17 [71.096, 74.8475) with 200 queries (recall=0.98).
Average Recall: 0.9716
Initial average recall with ef=100: 0.973368
Average Recall: 0.98805
Initial average recall with ef=150: 0.989378
Weighted average ef: 129
Training convergence-bucket 18 [74.8475, 79.0996) with 200 queries (recall=0.98).
Average Recall: 0.986551
Initial average recall with ef=100: 0.98701
Average Recall: 0.99485
Initial average recall with ef=150: 0.995155
Weighted average ef: 106
Training convergence-bucket 19 [79.0996, inf) with 200 queries (recall=0.98).
Average Recall: 0.9912
Initial average recall with ef=100: 0.995714
Average Recall: 0.99455
Initial average recall with ef=150: 0.998942
Weighted average ef: 95.25
Reconstructed True WAE: 221.644 (Hard Pct: 0.020025)
  Avg Ef Hard (bucketed): 955.266 | Avg Ef Easy (bucketed): 206.653
Search time: 16609 ms
Search time: 16614 ms
Search time: 16146 ms
Average Recall: 0.985602
5th percentile recall: 0.95
1st percentile recall: 0.91
Median search time: 16609 ms
Search times: 16146 ms, 16609 ms, 16614 ms, 
deep-image-96-angular experiment results:
statisc_length, time, avg_recall, 5th_percentile_recall, 1st_percentile_recall, recall_above_99, recall_above_95, recall_above_90
1025, 16609, 0.985602, 0.95, 0.91, 6541, 9395, 9925
Experiment finished


Dataset: glove-100-angular
Metric: cd
Normalize the data vectors
Data vectors dimensions: 1183514 x 100
Query vectors dimensions: 10000 x 100
Neighbors dimensions: 10000 x 100
Using AVX Inner Product distance
Index loaded
Dimension of space:100
Data size of space:400

--- n_convergence_buckets: 5 ---

Loading samplings from /home/yc.shea/experiments/shiro-ef/sampling/glove-100-angular-samplings--k100-ef.bin
Samplings loaded from /home/yc.shea/experiments/shiro-ef/sampling/glove-100-angular-samplings--k100-ef.bin
Average Recall: 0.739955
Initial average recall with ef=100: 0.739897
Average Recall: 0.783487
Initial average recall with ef=150: 0.783442
Weighted average ef: 1609.72
Per-bucket recall: conv_p20=34.9306 hard_recall=0.95 easy_recall=0.98
Training convergence-bucket 0 [9.49065, 34.9306) with 800 queries (recall=0.95).
Average Recall: 0.481038
Initial average recall with ef=100: 0.474206
Average Recall: 0.537275
Initial average recall with ef=150: 0.530889
Weighted average ef: 3977.22
Training convergence-bucket 1 [34.9306, 44.6133) with 800 queries (recall=0.98).
Average Recall: 0.595325
Initial average recall with ef=100: 0.589717
Average Recall: 0.657
Initial average recall with ef=150: 0.651812
Recall diff is too small for 1 consecutive steps, break.
Recall diff is too small for 1 consecutive steps, break.
Recall diff is too small for 1 consecutive steps, break.
Recall diff is too small for 1 consecutive steps, break.
Recall diff is too small for 1 consecutive steps, break.
Weighted average ef: 3525.26
Training convergence-bucket 2 [44.6133, 55.7339) with 800 queries (recall=0.98).
Average Recall: 0.7751
Initial average recall with ef=100: 0.775308
Average Recall: 0.826013
Initial average recall with ef=150: 0.826388
Recall diff is too small for 1 consecutive steps, break.
Weighted average ef: 1756.82
Training convergence-bucket 3 [55.7339, 67.8635) with 800 queries (recall=0.98).
Average Recall: 0.889374
Initial average recall with ef=100: 0.889836
Average Recall: 0.923012
Initial average recall with ef=150: 0.923611
Recall diff is too small for 1 consecutive steps, break.
Recall diff is too small for 1 consecutive steps, break.
Weighted average ef: 775.191
Training convergence-bucket 4 [67.8635, inf) with 800 queries (recall=0.98).
Average Recall: 0.958961
Initial average recall with ef=100: 0.961639
Average Recall: 0.974161
Initial average recall with ef=150: 0.976557
Recall diff is too small for 1 consecutive steps, break.
Recall diff is too small for 1 consecutive steps, break.
Weighted average ef: 297.675
Reconstructed True WAE: 1573.93 (Hard Pct: 0.006175)
  Avg Ef Hard (bucketed): 4888.73 | Avg Ef Easy (bucketed): 1553.34
Search time: 59466 ms
Search time: 59369 ms
Search time: 59362 ms
Average Recall: 0.977901
5th percentile recall: 0.92
1st percentile recall: 0.88
Median search time: 59369 ms
Search times: 59362 ms, 59369 ms, 59466 ms, 
glove-100-angular experiment results:
statisc_length, time, avg_recall, 5th_percentile_recall, 1st_percentile_recall, recall_above_99, recall_above_95, recall_above_90
1025, 59369, 0.977901, 0.92, 0.88, 5364, 8407, 9748
Experiment finished

--- n_convergence_buckets: 10 ---

Loading samplings from /home/yc.shea/experiments/shiro-ef/sampling/glove-100-angular-samplings--k100-ef.bin
Samplings loaded from /home/yc.shea/experiments/shiro-ef/sampling/glove-100-angular-samplings--k100-ef.bin
Average Recall: 0.739955
Initial average recall with ef=100: 0.739897
Average Recall: 0.783487
Initial average recall with ef=150: 0.783442
Weighted average ef: 1609.72
Per-bucket recall: conv_p20=34.9306 hard_recall=0.95 easy_recall=0.98
Training convergence-bucket 0 [9.49065, 29.1725) with 400 queries (recall=0.95).
Average Recall: 0.471375
Initial average recall with ef=100: 0.454632
Average Recall: 0.522575
Initial average recall with ef=150: 0.505553
Weighted average ef: 4214.07
Training convergence-bucket 1 [29.1725, 34.9306) with 400 queries (recall=0.95).
Average Recall: 0.4907
Initial average recall with ef=100: 0.477247
Average Recall: 0.551975
Initial average recall with ef=150: 0.53948
Weighted average ef: 3614.84
Training convergence-bucket 2 [34.9306, 39.5759) with 400 queries (recall=0.98).
Average Recall: 0.555725
Initial average recall with ef=100: 0.549689
Average Recall: 0.616575
Initial average recall with ef=150: 0.610492
Recall diff is too small for 1 consecutive steps, break.
Recall diff is too small for 1 consecutive steps, break.
Weighted average ef: 3903.48
Training convergence-bucket 3 [39.5759, 44.6133) with 400 queries (recall=0.98).
Average Recall: 0.634925
Initial average recall with ef=100: 0.629576
Average Recall: 0.697425
Initial average recall with ef=150: 0.693607
Recall diff is too small for 1 consecutive steps, break.
Recall diff is too small for 1 consecutive steps, break.
Recall diff is too small for 1 consecutive steps, break.
Recall diff is too small for 1 consecutive steps, break.
Recall diff is too small for 1 consecutive steps, break.
Weighted average ef: 3021.69
Training convergence-bucket 4 [44.6133, 50.0946) with 400 queries (recall=0.98).
Average Recall: 0.741875
Initial average recall with ef=100: 0.736649
Average Recall: 0.796475
Initial average recall with ef=150: 0.792181
Recall diff is too small for 1 consecutive steps, break.
Recall diff is too small for 1 consecutive steps, break.
Recall diff is too small for 1 consecutive steps, break.
Recall diff is too small for 1 consecutive steps, break.
Recall diff is too small for 1 consecutive steps, break.
Weighted average ef: 2027.86
Training convergence-bucket 5 [50.0946, 55.7339) with 400 queries (recall=0.98).
Average Recall: 0.808325
Initial average recall with ef=100: 0.8115
Average Recall: 0.85555
Initial average recall with ef=150: 0.859158
Recall diff is too small for 1 consecutive steps, break.
Recall diff is too small for 1 consecutive steps, break.
Recall diff is too small for 1 consecutive steps, break.
Weighted average ef: 1381.81
Training convergence-bucket 6 [55.7339, 61.5794) with 400 queries (recall=0.98).
Average Recall: 0.869625
Initial average recall with ef=100: 0.869639
Average Recall: 0.908625
Initial average recall with ef=150: 0.908943
Recall diff is too small for 1 consecutive steps, break.
Weighted average ef: 926.062
Training convergence-bucket 7 [61.5794, 67.8635) with 400 queries (recall=0.98).
Average Recall: 0.909126
Initial average recall with ef=100: 0.906907
Average Recall: 0.9374
Initial average recall with ef=150: 0.935747
Recall diff is too small for 1 consecutive steps, break.
Recall diff is too small for 1 consecutive steps, break.
Recall diff is too small for 1 consecutive steps, break.
Recall diff is too small for 1 consecutive steps, break.
Weighted average ef: 624.472
Training convergence-bucket 8 [67.8635, 73.9547) with 400 queries (recall=0.98).
Average Recall: 0.939275
Initial average recall with ef=100: 0.943255
Average Recall: 0.959
Initial average recall with ef=150: 0.962786
Recall diff is too small for 1 consecutive steps, break.
Weighted average ef: 453.52
Training convergence-bucket 9 [73.9547, inf) with 400 queries (recall=0.98).
Average Recall: 0.97865
Initial average recall with ef=100: 0.980177
Average Recall: 0.989325
Initial average recall with ef=150: 0.990658
Recall diff is too small for 1 consecutive steps, break.
Recall diff is too small for 1 consecutive steps, break.
Weighted average ef: 132.82
Reconstructed True WAE: 1459.76 (Hard Pct: 0.006175)
  Avg Ef Hard (bucketed): 4860.99 | Avg Ef Easy (bucketed): 1438.63
Search time: 59305 ms
Search time: 59344 ms
Search time: 59294 ms
Average Recall: 0.977571
5th percentile recall: 0.92
1st percentile recall: 0.88
Median search time: 59305 ms
Search times: 59294 ms, 59305 ms, 59344 ms, 
glove-100-angular experiment results:
statisc_length, time, avg_recall, 5th_percentile_recall, 1st_percentile_recall, recall_above_99, recall_above_95, recall_above_90
1025, 59305, 0.977571, 0.92, 0.88, 5347, 8372, 9730
Experiment finished

--- n_convergence_buckets: 15 ---

Loading samplings from /home/yc.shea/experiments/shiro-ef/sampling/glove-100-angular-samplings--k100-ef.bin
Samplings loaded from /home/yc.shea/experiments/shiro-ef/sampling/glove-100-angular-samplings--k100-ef.bin
Average Recall: 0.739955
Initial average recall with ef=100: 0.739897
Average Recall: 0.783487
Initial average recall with ef=150: 0.783442
Weighted average ef: 1609.72
Per-bucket recall: conv_p20=34.9306 hard_recall=0.95 easy_recall=0.98
Training convergence-bucket 0 [9.49065, 27.7241) with 266 queries (recall=0.95).
Average Recall: 0.481015
Initial average recall with ef=100: 0.460837
Average Recall: 0.531617
Initial average recall with ef=150: 0.510956
Recall diff is too small for 1 consecutive steps, break.
Recall diff is too small for 1 consecutive steps, break.
Recall diff is too small for 1 consecutive steps, break.
Recall diff is too small for 1 consecutive steps, break.
Weighted average ef: 4023.27
Training convergence-bucket 1 [27.7241, 31.5266) with 266 queries (recall=0.95).
Average Recall: 0.463684
Initial average recall with ef=100: 0.449213
Average Recall: 0.519586
Initial average recall with ef=150: 0.505984
Recall diff is too small for 1 consecutive steps, break.
Weighted average ef: 4032.76
Training convergence-bucket 2 [31.5266, 34.8931) with 266 queries (recall=0.95).
Average Recall: 0.498835
Initial average recall with ef=100: 0.480397
Average Recall: 0.560789
Initial average recall with ef=150: 0.543294
Recall diff is too small for 1 consecutive steps, break.
Recall diff is too small for 1 consecutive steps, break.
Weighted average ef: 3625.4
Training convergence-bucket 3 [34.8931, 37.8507) with 266 queries (recall=0.98).
Average Recall: 0.535902
Initial average recall with ef=100: 0.524837
Average Recall: 0.595865
Initial average recall with ef=150: 0.58439
Recall diff is too small for 1 consecutive steps, break.
Recall diff is too small for 1 consecutive steps, break.
Weighted average ef: 3974.08
Training convergence-bucket 4 [37.8507, 41.1193) with 266 queries (recall=0.98).
Average Recall: 0.604023
Initial average recall with ef=100: 0.599467
Average Recall: 0.664361
Initial average recall with ef=150: 0.661352
Recall diff is too small for 1 consecutive steps, break.
Recall diff is too small for 1 consecutive steps, break.
Recall diff is too small for 1 consecutive steps, break.
Weighted average ef: 3342.49
Training convergence-bucket 5 [41.1193, 44.5647) with 266 queries (recall=0.98).
Average Recall: 0.643233
Initial average recall with ef=100: 0.634516
Average Recall: 0.708233
Initial average recall with ef=150: 0.701169
Recall diff is too small for 1 consecutive steps, break.
Recall diff is too small for 1 consecutive steps, break.
Recall diff is too small for 1 consecutive steps, break.
Recall diff is too small for 1 consecutive steps, break.
Recall diff is too small for 1 consecutive steps, break.
Weighted average ef: 2930.93
Training convergence-bucket 6 [44.5647, 48.2583) with 266 queries (recall=0.98).
Average Recall: 0.728985
Initial average recall with ef=100: 0.719143
Average Recall: 0.784098
Initial average recall with ef=150: 0.776082
Recall diff is too small for 1 consecutive steps, break.
Recall diff is too small for 1 consecutive steps, break.
Weighted average ef: 2221.09
Training convergence-bucket 7 [48.2583, 51.8858) with 266 queries (recall=0.98).
Average Recall: 0.769361
Initial average recall with ef=100: 0.768648
Average Recall: 0.82094
Initial average recall with ef=150: 0.820697
Recall diff is too small for 1 consecutive steps, break.
Recall diff is too small for 1 consecutive steps, break.
Weighted average ef: 1799.75
Training convergence-bucket 8 [51.8858, 55.6328) with 266 queries (recall=0.98).
Average Recall: 0.823797
Initial average recall with ef=100: 0.825823
Average Recall: 0.870376
Initial average recall with ef=150: 0.87245
Recall diff is too small for 1 consecutive steps, break.
Recall diff is too small for 1 consecutive steps, break.
Recall diff is too small for 1 consecutive steps, break.
Recall diff is too small for 1 consecutive steps, break.
Weighted average ef: 1173.23
Training convergence-bucket 9 [55.6328, 59.5786) with 266 queries (recall=0.98).
Average Recall: 0.861616
Initial average recall with ef=100: 0.859069
Average Recall: 0.902745
Initial average recall with ef=150: 0.901012
Weighted average ef: 990.831
Training convergence-bucket 10 [59.5786, 63.5319) with 266 queries (recall=0.98).
Average Recall: 0.889399
Initial average recall with ef=100: 0.88464
Average Recall: 0.92203
Initial average recall with ef=150: 0.91788
Recall diff is too small for 1 consecutive steps, break.
Recall diff is too small for 1 consecutive steps, break.
Recall diff is too small for 1 consecutive steps, break.
Weighted average ef: 785.778
Training convergence-bucket 11 [63.5319, 67.7018) with 266 queries (recall=0.98).
Average Recall: 0.915301
Initial average recall with ef=100: 0.917718
Average Recall: 0.942858
Initial average recall with ef=150: 0.945726
Recall diff is too small for 1 consecutive steps, break.
Recall diff is too small for 1 consecutive steps, break.
Weighted average ef: 459.944
Training convergence-bucket 12 [67.7018, 71.6789) with 266 queries (recall=0.98).
Average Recall: 0.935978
Initial average recall with ef=100: 0.937928
Average Recall: 0.957519
Initial average recall with ef=150: 0.959602
Recall diff is too small for 1 consecutive steps, break.
Recall diff is too small for 1 consecutive steps, break.
Weighted average ef: 441.733
Training convergence-bucket 13 [71.6789, 76.3519) with 266 queries (recall=0.98).
Average Recall: 0.957444
Initial average recall with ef=100: 0.962653
Average Recall: 0.97282
Initial average recall with ef=150: 0.978041
Recall diff is too small for 1 consecutive steps, break.
Recall diff is too small for 1 consecutive steps, break.
Weighted average ef: 241.624
Training convergence-bucket 14 [76.3519, inf) with 276 queries (recall=0.98).
Average Recall: 0.981739
Initial average recall with ef=100: 0.984644
Average Recall: 0.990761
Initial average recall with ef=150: 0.993146
Weighted average ef: 120.739
Reconstructed True WAE: 1349.52 (Hard Pct: 0.006175)
  Avg Ef Hard (bucketed): 4757.42 | Avg Ef Easy (bucketed): 1328.34
Search time: 59311 ms
Search time: 59365 ms
Search time: 59387 ms
Average Recall: 0.977478
5th percentile recall: 0.92
1st percentile recall: 0.88
Median search time: 59365 ms
Search times: 59311 ms, 59365 ms, 59387 ms, 
glove-100-angular experiment results:
statisc_length, time, avg_recall, 5th_percentile_recall, 1st_percentile_recall, recall_above_99, recall_above_95, recall_above_90
1025, 59365, 0.977478, 0.92, 0.88, 5378, 8362, 9723
Experiment finished

--- n_convergence_buckets: 20 ---

Loading samplings from /home/yc.shea/experiments/shiro-ef/sampling/glove-100-angular-samplings--k100-ef.bin
Samplings loaded from /home/yc.shea/experiments/shiro-ef/sampling/glove-100-angular-samplings--k100-ef.bin
Average Recall: 0.739955
Initial average recall with ef=100: 0.739897
Average Recall: 0.783487
Initial average recall with ef=150: 0.783442
Weighted average ef: 1609.72
Per-bucket recall: conv_p20=34.9306 hard_recall=0.95 easy_recall=0.98
Training convergence-bucket 0 [9.49065, 27.0124) with 200 queries (recall=0.95).
Average Recall: 0.4971
Initial average recall with ef=100: 0.47615
Average Recall: 0.5484
Initial average recall with ef=150: 0.527059
Recall diff is too small for 1 consecutive steps, break.
Recall diff is too small for 1 consecutive steps, break.
Weighted average ef: 3916.61
Training convergence-bucket 1 [27.0124, 29.1725) with 200 queries (recall=0.95).
Average Recall: 0.44565
Initial average recall with ef=100: 0.428333
Average Recall: 0.49675
Initial average recall with ef=150: 0.479516
Recall diff is too small for 1 consecutive steps, break.
Recall diff is too small for 1 consecutive steps, break.
Recall diff is too small for 1 consecutive steps, break.
Weighted average ef: 4349.9
Training convergence-bucket 2 [29.1725, 32.4156) with 200 queries (recall=0.95).
Average Recall: 0.4728
Initial average recall with ef=100: 0.456203
Average Recall: 0.53185
Initial average recall with ef=150: 0.516096
Recall diff is too small for 1 consecutive steps, break.
Recall diff is too small for 1 consecutive steps, break.
Weighted average ef: 3704.1
Training convergence-bucket 3 [32.4156, 34.9306) with 200 queries (recall=0.95).
Average Recall: 0.5086
Initial average recall with ef=100: 0.48712
Average Recall: 0.5721
Initial average recall with ef=150: 0.552065
Recall diff is too small for 1 consecutive steps, break.
Recall diff is too small for 1 consecutive steps, break.
Weighted average ef: 3398.72
Training convergence-bucket 4 [34.9306, 37.13) with 200 queries (recall=0.98).
Average Recall: 0.5342
Initial average recall with ef=100: 0.519676
Average Recall: 0.59335
Initial average recall with ef=150: 0.579297
Recall diff is too small for 1 consecutive steps, break.
Weighted average ef: 3947.42
Training convergence-bucket 5 [37.13, 39.5759) with 200 queries (recall=0.98).
Average Recall: 0.57725
Initial average recall with ef=100: 0.568743
Average Recall: 0.6398
Initial average recall with ef=150: 0.631803
Recall diff is too small for 1 consecutive steps, break.
Recall diff is too small for 1 consecutive steps, break.
Recall diff is too small for 1 consecutive steps, break.
Recall diff is too small for 1 consecutive steps, break.
Weighted average ef: 3508.3
Training convergence-bucket 6 [39.5759, 42.1787) with 200 queries (recall=0.98).
Average Recall: 0.60935
Initial average recall with ef=100: 0.590977
Average Recall: 0.66755
Initial average recall with ef=150: 0.651897
Recall diff is too small for 1 consecutive steps, break.
Recall diff is too small for 1 consecutive steps, break.
Recall diff is too small for 1 consecutive steps, break.
Recall diff is too small for 1 consecutive steps, break.
Weighted average ef: 3189.88
Training convergence-bucket 7 [42.1787, 44.6133) with 200 queries (recall=0.98).
Average Recall: 0.6605
Initial average recall with ef=100: 0.652135
Average Recall: 0.7273
Initial average recall with ef=150: 0.719382
Recall diff is too small for 1 consecutive steps, break.
Recall diff is too small for 1 consecutive steps, break.
Recall diff is too small for 1 consecutive steps, break.
Weighted average ef: 2694.19
Training convergence-bucket 8 [44.6133, 47.4069) with 200 queries (recall=0.98).
Average Recall: 0.72275
Initial average recall with ef=100: 0.708177
Average Recall: 0.77725
Initial average recall with ef=150: 0.764917
Recall diff is too small for 1 consecutive steps, break.
Recall diff is too small for 1 consecutive steps, break.
Recall diff is too small for 1 consecutive steps, break.
Recall diff is too small for 1 consecutive steps, break.
Weighted average ef: 2162.85
Training convergence-bucket 9 [47.4069, 50.0946) with 200 queries (recall=0.98).
Average Recall: 0.761
Initial average recall with ef=100: 0.756818
Average Recall: 0.8157
Initial average recall with ef=150: 0.81267
Recall diff is too small for 1 consecutive steps, break.
Recall diff is too small for 1 consecutive steps, break.
Recall diff is too small for 1 consecutive steps, break.
Recall diff is too small for 1 consecutive steps, break.
Recall diff is too small for 1 consecutive steps, break.
Weighted average ef: 1718.22
Training convergence-bucket 10 [50.0946, 52.8004) with 200 queries (recall=0.98).
Average Recall: 0.7795
Initial average recall with ef=100: 0.781977
Average Recall: 0.82855
Initial average recall with ef=150: 0.83226
Recall diff is too small for 1 consecutive steps, break.
Recall diff is too small for 1 consecutive steps, break.
Recall diff is too small for 1 consecutive steps, break.
Recall diff is too small for 1 consecutive steps, break.
Weighted average ef: 1619.11
Training convergence-bucket 11 [52.8004, 55.7339) with 200 queries (recall=0.98).
Average Recall: 0.83715
Initial average recall with ef=100: 0.842131
Average Recall: 0.88255
Initial average recall with ef=150: 0.887541
Recall diff is too small for 1 consecutive steps, break.
Recall diff is too small for 1 consecutive steps, break.
Recall diff is too small for 1 consecutive steps, break.
Recall diff is too small for 1 consecutive steps, break.
Weighted average ef: 1025.59
Training convergence-bucket 12 [55.7339, 58.6232) with 200 queries (recall=0.98).
Average Recall: 0.8549
Initial average recall with ef=100: 0.852994
Average Recall: 0.8973
Initial average recall with ef=150: 0.896836
Recall diff is too small for 1 consecutive steps, break.
Recall diff is too small for 1 consecutive steps, break.
Weighted average ef: 905.225
Training convergence-bucket 13 [58.6232, 61.5794) with 200 queries (recall=0.98).
Average Recall: 0.88435
Initial average recall with ef=100: 0.879016
Average Recall: 0.91995
Initial average recall with ef=150: 0.91541
Recall diff is too small for 1 consecutive steps, break.
Recall diff is too small for 1 consecutive steps, break.
Recall diff is too small for 1 consecutive steps, break.
Weighted average ef: 835.445
Training convergence-bucket 14 [61.5794, 64.6408) with 200 queries (recall=0.98).
Average Recall: 0.9004
Initial average recall with ef=100: 0.89623
Average Recall: 0.9301
Initial average recall with ef=150: 0.927049
Recall diff is too small for 1 consecutive steps, break.
Recall diff is too small for 1 consecutive steps, break.
Recall diff is too small for 1 consecutive steps, break.
Recall diff is too small for 1 consecutive steps, break.
Recall diff is too small for 1 consecutive steps, break.
Weighted average ef: 638.84
Training convergence-bucket 15 [64.6408, 67.8635) with 200 queries (recall=0.98).
Average Recall: 0.91785
Initial average recall with ef=100: 0.920983
Average Recall: 0.9447
Initial average recall with ef=150: 0.948093
Recall diff is too small for 1 consecutive steps, break.
Recall diff is too small for 1 consecutive steps, break.
Recall diff is too small for 1 consecutive steps, break.
Weighted average ef: 445.445
Training convergence-bucket 16 [67.8635, 70.9652) with 200 queries (recall=0.98).
Average Recall: 0.93235
Initial average recall with ef=100: 0.930815
Average Recall: 0.95475
Initial average recall with ef=150: 0.953859
Recall diff is too small for 1 consecutive steps, break.
Recall diff is too small for 1 consecutive steps, break.
Weighted average ef: 529.73
Training convergence-bucket 17 [70.9652, 73.9547) with 200 queries (recall=0.98).
Average Recall: 0.9462
Initial average recall with ef=100: 0.953943
Average Recall: 0.96325
Initial average recall with ef=150: 0.970457
Recall diff is too small for 1 consecutive steps, break.
Recall diff is too small for 1 consecutive steps, break.
Weighted average ef: 289.545
Training convergence-bucket 18 [73.9547, 77.8775) with 200 queries (recall=0.98).
Average Recall: 0.9726
Initial average recall with ef=100: 0.973202
Average Recall: 0.987
Initial average recall with ef=150: 0.987528
Recall diff is too small for 1 consecutive steps, break.
Recall diff is too small for 1 consecutive steps, break.
Recall diff is too small for 1 consecutive steps, break.
Weighted average ef: 132.355
Training convergence-bucket 19 [77.8775, inf) with 200 queries (recall=0.98).
Average Recall: 0.9847
Initial average recall with ef=100: 0.987445
Average Recall: 0.99165
Initial average recall with ef=150: 0.993722
Recall diff is too small for 1 consecutive steps, break.
Weighted average ef: 106.87
Reconstructed True WAE: 1404.29 (Hard Pct: 0.006175)
  Avg Ef Hard (bucketed): 4694.15 | Avg Ef Easy (bucketed): 1383.84
Search time: 58985 ms
Search time: 59002 ms
Search time: 59057 ms
Average Recall: 0.977455
5th percentile recall: 0.92
1st percentile recall: 0.88
Median search time: 59002 ms
Search times: 58985 ms, 59002 ms, 59057 ms, 
glove-100-angular experiment results:
statisc_length, time, avg_recall, 5th_percentile_recall, 1st_percentile_recall, recall_above_99, recall_above_95, recall_above_90
1025, 59002, 0.977455, 0.92, 0.88, 5419, 8354, 9719
Experiment finished


Dataset: word2vec-300-angular
Metric: cd
Normalize the data vectors
Data vectors dimensions: 1000000 x 300
Query vectors dimensions: 1000 x 300
Neighbors dimensions: 1000 x 100
Using AVX Inner Product distance
Index loaded
Dimension of space:300
Data size of space:1200

--- n_convergence_buckets: 5 ---

Loading samplings from /home/yc.shea/experiments/shiro-ef/sampling/word2vec-300-angular-samplings--k100-ef.bin
Samplings loaded from /home/yc.shea/experiments/shiro-ef/sampling/word2vec-300-angular-samplings--k100-ef.bin
Average Recall: 0.822495
Initial average recall with ef=100: 0.822438
Average Recall: 0.869639
Initial average recall with ef=150: 0.869785
Weighted average ef: 493.303
Per-bucket recall: conv_p20=39.9181 hard_recall=0.95 easy_recall=0.98
Training convergence-bucket 0 [13.6502, 39.9181) with 800 queries (recall=0.95).
Average Recall: 0.60145
Initial average recall with ef=100: 0.598601
Average Recall: 0.683762
Initial average recall with ef=150: 0.681387
Recall diff is too small for 1 consecutive steps, break.
Recall diff is too small for 1 consecutive steps, break.
Weighted average ef: 923.261
Training convergence-bucket 1 [39.9181, 52.7291) with 800 queries (recall=0.98).
Average Recall: 0.726971
Initial average recall with ef=100: 0.724326
Average Recall: 0.796474
Initial average recall with ef=150: 0.795391
Recall diff is too small for 1 consecutive steps, break.
Recall diff is too small for 1 consecutive steps, break.
Recall diff is too small for 1 consecutive steps, break.
Weighted average ef: 954.079
Training convergence-bucket 2 [52.7291, 61.9828) with 800 queries (recall=0.98).
Average Recall: 0.8757
Initial average recall with ef=100: 0.87629
Average Recall: 0.919199
Initial average recall with ef=150: 0.919435
Recall diff is too small for 1 consecutive steps, break.
Recall diff is too small for 1 consecutive steps, break.
Recall diff is too small for 1 consecutive steps, break.
Recall diff is too small for 1 consecutive steps, break.
Weighted average ef: 530.643
Training convergence-bucket 3 [61.9828, 69.9025) with 800 queries (recall=0.98).
Average Recall: 0.937374
Initial average recall with ef=100: 0.937925
Average Recall: 0.96336
Initial average recall with ef=150: 0.964149
Weighted average ef: 252.594
Training convergence-bucket 4 [69.9025, inf) with 800 queries (recall=0.98).
Average Recall: 0.970899
Initial average recall with ef=100: 0.971159
Average Recall: 0.985436
Initial average recall with ef=150: 0.98563
Weighted average ef: 146.613
Reconstructed True WAE: 278.173 (Hard Pct: 0.023875)
  Avg Ef Hard (bucketed): 956.391 | Avg Ef Easy (bucketed): 261.585
Search time: 2158 ms
Search time: 2161 ms
Search time: 2161 ms
Average Recall: 0.97732
5th percentile recall: 0.9
1st percentile recall: 0.82
Median search time: 2161 ms
Search times: 2158 ms, 2161 ms, 2161 ms, 
word2vec-300-angular experiment results:
statisc_length, time, avg_recall, 5th_percentile_recall, 1st_percentile_recall, recall_above_99, recall_above_95, recall_above_90
1025, 2161, 0.97732, 0.9, 0.82, 640, 842, 942
Experiment finished

--- n_convergence_buckets: 10 ---

Loading samplings from /home/yc.shea/experiments/shiro-ef/sampling/word2vec-300-angular-samplings--k100-ef.bin
Samplings loaded from /home/yc.shea/experiments/shiro-ef/sampling/word2vec-300-angular-samplings--k100-ef.bin
Average Recall: 0.822495
Initial average recall with ef=100: 0.822438
Average Recall: 0.869639
Initial average recall with ef=150: 0.869785
Weighted average ef: 493.303
Per-bucket recall: conv_p20=39.9181 hard_recall=0.95 easy_recall=0.98
Training convergence-bucket 0 [13.6502, 36.6718) with 400 queries (recall=0.95).
Average Recall: 0.59065
Initial average recall with ef=100: 0.588109
Average Recall: 0.671
Initial average recall with ef=150: 0.669249
Recall diff is too small for 1 consecutive steps, break.
Recall diff is too small for 1 consecutive steps, break.
Weighted average ef: 913.02
Training convergence-bucket 1 [36.6718, 39.9181) with 400 queries (recall=0.95).
Average Recall: 0.61225
Initial average recall with ef=100: 0.61733
Average Recall: 0.696525
Initial average recall with ef=150: 0.703141
Weighted average ef: 874.357
Training convergence-bucket 2 [39.9181, 46.1723) with 400 queries (recall=0.98).
Average Recall: 0.663334
Initial average recall with ef=100: 0.657139
Average Recall: 0.743575
Initial average recall with ef=150: 0.741916
Recall diff is too small for 1 consecutive steps, break.
Recall diff is too small for 1 consecutive steps, break.
Weighted average ef: 933.792
Training convergence-bucket 3 [46.1723, 52.7291) with 400 queries (recall=0.98).
Average Recall: 0.79045
Initial average recall with ef=100: 0.788628
Average Recall: 0.849375
Initial average recall with ef=150: 0.847836
Recall diff is too small for 1 consecutive steps, break.
Recall diff is too small for 1 consecutive steps, break.
Weighted average ef: 913.228
Training convergence-bucket 4 [52.7291, 57.7677) with 400 queries (recall=0.98).
Average Recall: 0.855825
Initial average recall with ef=100: 0.857599
Average Recall: 0.9069
Initial average recall with ef=150: 0.907863
Recall diff is too small for 1 consecutive steps, break.
Recall diff is too small for 1 consecutive steps, break.
Recall diff is too small for 1 consecutive steps, break.
Recall diff is too small for 1 consecutive steps, break.
Weighted average ef: 603.018
Training convergence-bucket 5 [57.7677, 61.9828) with 400 queries (recall=0.98).
Average Recall: 0.895575
Initial average recall with ef=100: 0.894033
Average Recall: 0.9315
Initial average recall with ef=150: 0.930545
Recall diff is too small for 1 consecutive steps, break.
Recall diff is too small for 1 consecutive steps, break.
Recall diff is too small for 1 consecutive steps, break.
Recall diff is too small for 1 consecutive steps, break.
Weighted average ef: 458.507
Training convergence-bucket 6 [61.9828, 65.908) with 400 queries (recall=0.98).
Average Recall: 0.925625
Initial average recall with ef=100: 0.926105
Average Recall: 0.954675
Initial average recall with ef=150: 0.9555
Weighted average ef: 303.242
Training convergence-bucket 7 [65.908, 69.9025) with 400 queries (recall=0.98).
Average Recall: 0.949126
Initial average recall with ef=100: 0.949332
Average Recall: 0.972051
Initial average recall with ef=150: 0.97262
Recall diff is too small for 1 consecutive steps, break.
Weighted average ef: 195.3
Training convergence-bucket 8 [69.9025, 73.9139) with 400 queries (recall=0.98).
Average Recall: 0.96515
Initial average recall with ef=100: 0.965091
Average Recall: 0.9826
Initial average recall with ef=150: 0.982739
Weighted average ef: 159.235
Training convergence-bucket 9 [73.9139, inf) with 400 queries (recall=0.98).
Average Recall: 0.976651
Initial average recall with ef=100: 0.976931
Average Recall: 0.988275
Initial average recall with ef=150: 0.988389
Weighted average ef: 133.475
Reconstructed True WAE: 234.871 (Hard Pct: 0.023875)
  Avg Ef Hard (bucketed): 934.496 | Avg Ef Easy (bucketed): 217.759
Search time: 2167 ms
Search time: 2227 ms
Search time: 2164 ms
Average Recall: 0.97659
5th percentile recall: 0.89
1st percentile recall: 0.81
Median search time: 2167 ms
Search times: 2164 ms, 2167 ms, 2227 ms, 
word2vec-300-angular experiment results:
statisc_length, time, avg_recall, 5th_percentile_recall, 1st_percentile_recall, recall_above_99, recall_above_95, recall_above_90
1025, 2167, 0.97659, 0.89, 0.81, 635, 833, 938
Experiment finished

--- n_convergence_buckets: 15 ---

Loading samplings from /home/yc.shea/experiments/shiro-ef/sampling/word2vec-300-angular-samplings--k100-ef.bin
Samplings loaded from /home/yc.shea/experiments/shiro-ef/sampling/word2vec-300-angular-samplings--k100-ef.bin
Average Recall: 0.822495
Initial average recall with ef=100: 0.82245
Average Recall: 0.869639
Initial average recall with ef=150: 0.869785
Weighted average ef: 493.303
Per-bucket recall: conv_p20=39.9181 hard_recall=0.95 easy_recall=0.98
Training convergence-bucket 0 [13.6502, 35.2602) with 266 queries (recall=0.95).
Average Recall: 0.585413
Initial average recall with ef=100: 0.57804
Average Recall: 0.665752
Initial average recall with ef=150: 0.6598
Weighted average ef: 887.985
Training convergence-bucket 1 [35.2602, 37.8216) with 266 queries (recall=0.95).
Average Recall: 0.605263
Initial average recall with ef=100: 0.608361
Average Recall: 0.688195
Initial average recall with ef=150: 0.694262
Recall diff is too small for 1 consecutive steps, break.
Weighted average ef: 858.974
Training convergence-bucket 2 [37.8216, 39.9135) with 266 queries (recall=0.95).
Average Recall: 0.61391
Initial average recall with ef=100: 0.618273
Average Recall: 0.697669
Initial average recall with ef=150: 0.703454
Weighted average ef: 861.474
Training convergence-bucket 3 [39.9135, 42.5126) with 266 queries (recall=0.98).
Average Recall: 0.632755
Initial average recall with ef=100: 0.628816
Average Recall: 0.717857
Initial average recall with ef=150: 0.718776
Weighted average ef: 921.053
Training convergence-bucket 4 [42.5126, 48.4142) with 266 queries (recall=0.98).
Average Recall: 0.745225
Initial average recall with ef=100: 0.741482
Average Recall: 0.811391
Initial average recall with ef=150: 0.8093
Recall diff is too small for 1 consecutive steps, break.
Recall diff is too small for 1 consecutive steps, break.
Weighted average ef: 878.632
Training convergence-bucket 5 [48.4142, 52.6798) with 266 queries (recall=0.98).
Average Recall: 0.799587
Initial average recall with ef=100: 0.800861
Average Recall: 0.857256
Initial average recall with ef=150: 0.858688
Recall diff is too small for 1 consecutive steps, break.
Recall diff is too small for 1 consecutive steps, break.
Recall diff is too small for 1 consecutive steps, break.
Recall diff is too small for 1 consecutive steps, break.
Weighted average ef: 825.481
Training convergence-bucket 6 [52.6798, 56.0665) with 266 queries (recall=0.98).
Average Recall: 0.842782
Initial average recall with ef=100: 0.843782
Average Recall: 0.896842
Initial average recall with ef=150: 0.896891
Recall diff is too small for 1 consecutive steps, break.
Recall diff is too small for 1 consecutive steps, break.
Recall diff is too small for 1 consecutive steps, break.
Weighted average ef: 589.361
Training convergence-bucket 7 [56.0665, 59.1892) with 266 queries (recall=0.98).
Average Recall: 0.882256
Initial average recall with ef=100: 0.883512
Average Recall: 0.924511
Initial average recall with ef=150: 0.926198
Recall diff is too small for 1 consecutive steps, break.
Recall diff is too small for 1 consecutive steps, break.
Weighted average ef: 443.759
Training convergence-bucket 8 [59.1892, 61.9562) with 266 queries (recall=0.98).
Average Recall: 0.899925
Initial average recall with ef=100: 0.896847
Average Recall: 0.934737
Initial average recall with ef=150: 0.93249
Recall diff is too small for 1 consecutive steps, break.
Recall diff is too small for 1 consecutive steps, break.
Recall diff is too small for 1 consecutive steps, break.
Recall diff is too small for 1 consecutive steps, break.
Weighted average ef: 422.763
Training convergence-bucket 9 [61.9562, 64.6263) with 266 queries (recall=0.98).
Average Recall: 0.921729
Initial average recall with ef=100: 0.922222
Average Recall: 0.952519
Initial average recall with ef=150: 0.953373
Recall diff is too small for 1 consecutive steps, break.
Recall diff is too small for 1 consecutive steps, break.
Recall diff is too small for 1 consecutive steps, break.
Weighted average ef: 330.579
Training convergence-bucket 10 [64.6263, 67.1801) with 266 queries (recall=0.98).
Average Recall: 0.938835
Initial average recall with ef=100: 0.937657
Average Recall: 0.964211
Initial average recall with ef=150: 0.963724
Weighted average ef: 241.842
Training convergence-bucket 11 [67.1801, 69.8705) with 266 queries (recall=0.98).
Average Recall: 0.951091
Initial average recall with ef=100: 0.95065
Average Recall: 0.973309
Initial average recall with ef=150: 0.973455
Recall diff is too small for 1 consecutive steps, break.
Recall diff is too small for 1 consecutive steps, break.
Weighted average ef: 192.643
Training convergence-bucket 12 [69.8705, 72.3841) with 266 queries (recall=0.98).
Average Recall: 0.962782
Initial average recall with ef=100: 0.962365
Average Recall: 0.980714
Initial average recall with ef=150: 0.980913
Weighted average ef: 167.083
Training convergence-bucket 13 [72.3841, 75.5991) with 266 queries (recall=0.98).
Average Recall: 0.970602
Initial average recall with ef=100: 0.97
Average Recall: 0.985527
Initial average recall with ef=150: 0.985309
Weighted average ef: 139.662
Training convergence-bucket 14 [75.5991, inf) with 276 queries (recall=0.98).
Average Recall: 0.978805
Initial average recall with ef=100: 0.979453
Average Recall: 0.98971
Initial average recall with ef=150: 0.990039
Weighted average ef: 120.457
Reconstructed True WAE: 247.325 (Hard Pct: 0.023875)
  Avg Ef Hard (bucketed): 918.41 | Avg Ef Easy (bucketed): 230.911
Search time: 2169 ms
Search time: 2161 ms
Search time: 2163 ms
Average Recall: 0.97678
5th percentile recall: 0.89
1st percentile recall: 0.82
Median search time: 2163 ms
Search times: 2161 ms, 2163 ms, 2169 ms, 
word2vec-300-angular experiment results:
statisc_length, time, avg_recall, 5th_percentile_recall, 1st_percentile_recall, recall_above_99, recall_above_95, recall_above_90
1025, 2163, 0.97678, 0.89, 0.82, 633, 838, 936
Experiment finished

--- n_convergence_buckets: 20 ---

Loading samplings from /home/yc.shea/experiments/shiro-ef/sampling/word2vec-300-angular-samplings--k100-ef.bin
Samplings loaded from /home/yc.shea/experiments/shiro-ef/sampling/word2vec-300-angular-samplings--k100-ef.bin
Average Recall: 0.822495
Initial average recall with ef=100: 0.822438
Average Recall: 0.869639
Initial average recall with ef=150: 0.869785
Weighted average ef: 493.303
Per-bucket recall: conv_p20=39.9181 hard_recall=0.95 easy_recall=0.98
Training convergence-bucket 0 [13.6502, 34.3839) with 200 queries (recall=0.95).
Average Recall: 0.58065
Initial average recall with ef=100: 0.573904
Average Recall: 0.65965
Initial average recall with ef=150: 0.654385
Recall diff is too small for 1 consecutive steps, break.
Weighted average ef: 895.09
Training convergence-bucket 1 [34.3839, 36.6718) with 200 queries (recall=0.95).
Average Recall: 0.60065
Initial average recall with ef=100: 0.614
Average Recall: 0.68235
Initial average recall with ef=150: 0.699389
Weighted average ef: 817.795
Training convergence-bucket 2 [36.6718, 38.3364) with 200 queries (recall=0.95).
Average Recall: 0.6086
Initial average recall with ef=100: 0.613736
Average Recall: 0.69575
Initial average recall with ef=150: 0.703626
Recall diff is too small for 1 consecutive steps, break.
Weighted average ef: 780.765
Training convergence-bucket 3 [38.3364, 39.9181) with 200 queries (recall=0.95).
Average Recall: 0.6159
Initial average recall with ef=100: 0.620549
Average Recall: 0.6973
Initial average recall with ef=150: 0.702582
Recall diff is too small for 1 consecutive steps, break.
Recall diff is too small for 1 consecutive steps, break.
Weighted average ef: 843.835
Training convergence-bucket 4 [39.9181, 41.4854) with 200 queries (recall=0.98).
Average Recall: 0.621055
Initial average recall with ef=100: 0.615348
Average Recall: 0.70955
Initial average recall with ef=150: 0.707433
Recall diff is too small for 1 consecutive steps, break.
Weighted average ef: 934.74
Training convergence-bucket 5 [41.4854, 46.1723) with 200 queries (recall=0.98).
Average Recall: 0.7054
Initial average recall with ef=100: 0.707778
Average Recall: 0.7776
Initial average recall with ef=150: 0.781889
Recall diff is too small for 1 consecutive steps, break.
Weighted average ef: 863.225
Training convergence-bucket 6 [46.1723, 49.5622) with 200 queries (recall=0.98).
Average Recall: 0.77505
Initial average recall with ef=100: 0.766136
Average Recall: 0.8352
Initial average recall with ef=150: 0.828579
Weighted average ef: 853.835
Training convergence-bucket 7 [49.5622, 52.7291) with 200 queries (recall=0.98).
Average Recall: 0.80585
Initial average recall with ef=100: 0.808161
Average Recall: 0.86355
Initial average recall with ef=150: 0.865862
Recall diff is too small for 1 consecutive steps, break.
Recall diff is too small for 1 consecutive steps, break.
Recall diff is too small for 1 consecutive steps, break.
Recall diff is too small for 1 consecutive steps, break.
Recall diff is too small for 1 consecutive steps, break.
Weighted average ef: 758.24
Training convergence-bucket 8 [52.7291, 55.1721) with 200 queries (recall=0.98).
Average Recall: 0.83735
Initial average recall with ef=100: 0.841193
Average Recall: 0.8924
Initial average recall with ef=150: 0.893864
Recall diff is too small for 1 consecutive steps, break.
Recall diff is too small for 1 consecutive steps, break.
Recall diff is too small for 1 consecutive steps, break.
Recall diff is too small for 1 consecutive steps, break.
Weighted average ef: 559.26
Training convergence-bucket 9 [55.1721, 57.7677) with 200 queries (recall=0.98).
Average Recall: 0.8743
Initial average recall with ef=100: 0.872882
Average Recall: 0.9214
Initial average recall with ef=150: 0.920941
Recall diff is too small for 1 consecutive steps, break.
Recall diff is too small for 1 consecutive steps, break.
Weighted average ef: 433.7
Training convergence-bucket 10 [57.7677, 59.8743) with 200 queries (recall=0.98).
Average Recall: 0.88865
Initial average recall with ef=100: 0.889615
Average Recall: 0.92605
Initial average recall with ef=150: 0.926813
Recall diff is too small for 1 consecutive steps, break.
Recall diff is too small for 1 consecutive steps, break.
Recall diff is too small for 1 consecutive steps, break.
Weighted average ef: 423.115
Training convergence-bucket 11 [59.8743, 61.9828) with 200 queries (recall=0.98).
Average Recall: 0.9025
Initial average recall with ef=100: 0.898107
Average Recall: 0.936951
Initial average recall with ef=150: 0.93426
Recall diff is too small for 1 consecutive steps, break.
Recall diff is too small for 1 consecutive steps, break.
Weighted average ef: 415.23
Training convergence-bucket 12 [61.9828, 64.0711) with 200 queries (recall=0.98).
Average Recall: 0.9205
Initial average recall with ef=100: 0.921055
Average Recall: 0.95195
Initial average recall with ef=150: 0.953278
Recall diff is too small for 1 consecutive steps, break.
Recall diff is too small for 1 consecutive steps, break.
Recall diff is too small for 1 consecutive steps, break.
Recall diff is too small for 1 consecutive steps, break.
Weighted average ef: 292.905
Training convergence-bucket 13 [64.0711, 65.908) with 200 queries (recall=0.98).
Average Recall: 0.93075
Initial average recall with ef=100: 0.928122
Average Recall: 0.957401
Initial average recall with ef=150: 0.955801
Recall diff is too small for 1 consecutive steps, break.
Recall diff is too small for 1 consecutive steps, break.
Weighted average ef: 317.6
Training convergence-bucket 14 [65.908, 67.9142) with 200 queries (recall=0.98).
Average Recall: 0.94595
Initial average recall with ef=100: 0.946348
Average Recall: 0.970101
Initial average recall with ef=150: 0.97118
Recall diff is too small for 1 consecutive steps, break.
Weighted average ef: 189.88
Training convergence-bucket 15 [67.9142, 69.9025) with 200 queries (recall=0.98).
Average Recall: 0.9523
Initial average recall with ef=100: 0.951722
Average Recall: 0.974
Initial average recall with ef=150: 0.974167
Recall diff is too small for 1 consecutive steps, break.
Weighted average ef: 189.655
Training convergence-bucket 16 [69.9025, 71.9113) with 200 queries (recall=0.98).
Average Recall: 0.9623
Initial average recall with ef=100: 0.961235
Average Recall: 0.98105
Initial average recall with ef=150: 0.981059
Weighted average ef: 174.765
Training convergence-bucket 17 [71.9113, 73.9139) with 200 queries (recall=0.98).
Average Recall: 0.968
Initial average recall with ef=100: 0.968548
Average Recall: 0.98415
Initial average recall with ef=150: 0.984469
Recall diff is too small for 1 consecutive steps, break.
Weighted average ef: 144.3
Training convergence-bucket 18 [73.9139, 76.7305) with 200 queries (recall=0.98).
Average Recall: 0.97365
Initial average recall with ef=100: 0.973743
Average Recall: 0.986301
Initial average recall with ef=150: 0.98655
Recall diff is too small for 1 consecutive steps, break.
Weighted average ef: 119.605
Training convergence-bucket 19 [76.7305, inf) with 200 queries (recall=0.98).
Average Recall: 0.97965
Initial average recall with ef=100: 0.979708
Average Recall: 0.99025
Initial average recall with ef=150: 0.990175
Weighted average ef: 108.875
Reconstructed True WAE: 238.698 (Hard Pct: 0.023875)
  Avg Ef Hard (bucketed): 846.078 | Avg Ef Easy (bucketed): 223.842
Search time: 2119 ms
Search time: 2147 ms
Search time: 2116 ms
Average Recall: 0.97586
5th percentile recall: 0.89
1st percentile recall: 0.81
Median search time: 2119 ms
Search times: 2116 ms, 2119 ms, 2147 ms, 
word2vec-300-angular experiment results:
statisc_length, time, avg_recall, 5th_percentile_recall, 1st_percentile_recall, recall_above_99, recall_above_95, recall_above_90
1025, 2119, 0.97586, 0.89, 0.81, 628, 823, 934
Experiment finished


Dataset: sift10m-128-euclidean
Metric: l2
Data vectors dimensions: 10000000 x 128
Query vectors dimensions: 1000 x 128
Neighbors dimensions: 1000 x 100
Index loaded
Dimension of space:128
Data size of space:512

--- n_convergence_buckets: 5 ---

Loading samplings from /home/yc.shea/experiments/shiro-ef/sampling/sift10m-128-euclidean-samplings--k100-ef.bin
Samplings loaded from /home/yc.shea/experiments/shiro-ef/sampling/sift10m-128-euclidean-samplings--k100-ef.bin
Average Recall: 0.854657
Initial average recall with ef=100: 0.854876
Average Recall: 0.900996
Initial average recall with ef=150: 0.901219
Recall diff is too small for 1 consecutive steps, break.
Weighted average ef: 304.489
Per-bucket recall: conv_p20=43.8437 hard_recall=0.95 easy_recall=0.98
Training convergence-bucket 0 [25.6326, 43.8437) with 800 queries (recall=0.95).
Average Recall: 0.672663
Initial average recall with ef=100: 0.67122
Average Recall: 0.750987
Initial average recall with ef=150: 0.749962
Recall diff is too small for 1 consecutive steps, break.
Weighted average ef: 691.306
Training convergence-bucket 1 [43.8437, 53.5096) with 800 queries (recall=0.98).
Average Recall: 0.800949
Initial average recall with ef=100: 0.799911
Average Recall: 0.864537
Initial average recall with ef=150: 0.863675
Weighted average ef: 602.545
Training convergence-bucket 2 [53.5096, 60.7419) with 800 queries (recall=0.98).
Average Recall: 0.88255
Initial average recall with ef=100: 0.882861
Average Recall: 0.929461
Initial average recall with ef=150: 0.929633
Weighted average ef: 352.75
Training convergence-bucket 3 [60.7419, 69.2495) with 800 queries (recall=0.98).
Average Recall: 0.937012
Initial average recall with ef=100: 0.937626
Average Recall: 0.967948
Initial average recall with ef=150: 0.968442
Recall diff is too small for 1 consecutive steps, break.
Weighted average ef: 217.3
Training convergence-bucket 4 [69.2495, inf) with 800 queries (recall=0.98).
Average Recall: 0.980148
Initial average recall with ef=100: 0.980867
Average Recall: 0.992099
Initial average recall with ef=150: 0.992651
Weighted average ef: 124.938
Reconstructed True WAE: 236.064 (Hard Pct: 0.02)
  Avg Ef Hard (bucketed): 725.664 | Avg Ef Easy (bucketed): 226.072
Search time: 1593 ms
Search time: 1565 ms
Search time: 1528 ms
Average Recall: 0.98491
5th percentile recall: 0.95
1st percentile recall: 0.92
Median search time: 1565 ms
Search times: 1528 ms, 1565 ms, 1593 ms, 
sift10m-128-euclidean experiment results:
statisc_length, time, avg_recall, 5th_percentile_recall, 1st_percentile_recall, recall_above_99, recall_above_95, recall_above_90
1025, 1565, 0.98491, 0.95, 0.92, 622, 935, 995
Experiment finished

--- n_convergence_buckets: 10 ---

Loading samplings from /home/yc.shea/experiments/shiro-ef/sampling/sift10m-128-euclidean-samplings--k100-ef.bin
Samplings loaded from /home/yc.shea/experiments/shiro-ef/sampling/sift10m-128-euclidean-samplings--k100-ef.bin
Average Recall: 0.854657
Initial average recall with ef=100: 0.854876
Average Recall: 0.900996
Initial average recall with ef=150: 0.901219
Recall diff is too small for 1 consecutive steps, break.
Weighted average ef: 304.489
Per-bucket recall: conv_p20=43.8437 hard_recall=0.95 easy_recall=0.98
Training convergence-bucket 0 [25.6326, 40.8198) with 400 queries (recall=0.95).
Average Recall: 0.65535
Initial average recall with ef=100: 0.652923
Average Recall: 0.73465
Initial average recall with ef=150: 0.732897
Recall diff is too small for 1 consecutive steps, break.
Weighted average ef: 730.415
Training convergence-bucket 1 [40.8198, 43.8437) with 400 queries (recall=0.95).
Average Recall: 0.689975
Initial average recall with ef=100: 0.688593
Average Recall: 0.767325
Initial average recall with ef=150: 0.766113
Weighted average ef: 649.535
Training convergence-bucket 2 [43.8437, 49.4131) with 400 queries (recall=0.98).
Average Recall: 0.76585
Initial average recall with ef=100: 0.763747
Average Recall: 0.835325
Initial average recall with ef=150: 0.833282
Recall diff is too small for 1 consecutive steps, break.
Weighted average ef: 714.21
Training convergence-bucket 3 [49.4131, 53.5096) with 400 queries (recall=0.98).
Average Recall: 0.83605
Initial average recall with ef=100: 0.834578
Average Recall: 0.89375
Initial average recall with ef=150: 0.892685
Recall diff is too small for 1 consecutive steps, break.
Weighted average ef: 482.753
Training convergence-bucket 4 [53.5096, 57.0384) with 400 queries (recall=0.98).
Average Recall: 0.8665
Initial average recall with ef=100: 0.866907
Average Recall: 0.917376
Initial average recall with ef=150: 0.917655
Recall diff is too small for 1 consecutive steps, break.
Weighted average ef: 379.973
Training convergence-bucket 5 [57.0384, 60.7419) with 400 queries (recall=0.98).
Average Recall: 0.8986
Initial average recall with ef=100: 0.899743
Average Recall: 0.941551
Initial average recall with ef=150: 0.942519
Recall diff is too small for 1 consecutive steps, break.
Weighted average ef: 297.615
Training convergence-bucket 6 [60.7419, 64.7118) with 400 queries (recall=0.98).
Average Recall: 0.923151
Initial average recall with ef=100: 0.923817
Average Recall: 0.95875
Initial average recall with ef=150: 0.959313
Weighted average ef: 243.75
Training convergence-bucket 7 [64.7118, 69.2495) with 400 queries (recall=0.98).
Average Recall: 0.950876
Initial average recall with ef=100: 0.95162
Average Recall: 0.97715
Initial average recall with ef=150: 0.977772
Weighted average ef: 176.02
Training convergence-bucket 8 [69.2495, 74.7705) with 400 queries (recall=0.98).
Average Recall: 0.969976
Initial average recall with ef=100: 0.971498
Average Recall: 0.98745
Initial average recall with ef=150: 0.988553
Weighted average ef: 141.125
Training convergence-bucket 9 [74.7705, inf) with 400 queries (recall=0.98).
Average Recall: 0.990325
Initial average recall with ef=100: 0.990851
Average Recall: 0.99675
Initial average recall with ef=150: 0.997062
Weighted average ef: 102.35
Reconstructed True WAE: 208.454 (Hard Pct: 0.02)
  Avg Ef Hard (bucketed): 699.151 | Avg Ef Easy (bucketed): 198.439
Search time: 1530 ms
Search time: 1528 ms
Search time: 1531 ms
Average Recall: 0.98553
5th percentile recall: 0.95
1st percentile recall: 0.92
Median search time: 1530 ms
Search times: 1528 ms, 1530 ms, 1531 ms, 
sift10m-128-euclidean experiment results:
statisc_length, time, avg_recall, 5th_percentile_recall, 1st_percentile_recall, recall_above_99, recall_above_95, recall_above_90
1025, 1530, 0.98553, 0.95, 0.92, 650, 939, 996
Experiment finished

--- n_convergence_buckets: 15 ---

Loading samplings from /home/yc.shea/experiments/shiro-ef/sampling/sift10m-128-euclidean-samplings--k100-ef.bin
Samplings loaded from /home/yc.shea/experiments/shiro-ef/sampling/sift10m-128-euclidean-samplings--k100-ef.bin
Average Recall: 0.854657
Initial average recall with ef=100: 0.854876
Average Recall: 0.900996
Initial average recall with ef=150: 0.901219
Recall diff is too small for 1 consecutive steps, break.
Weighted average ef: 304.489
Per-bucket recall: conv_p20=43.8437 hard_recall=0.95 easy_recall=0.98
Training convergence-bucket 0 [25.6326, 39.3459) with 266 queries (recall=0.95).
Average Recall: 0.645338
Initial average recall with ef=100: 0.640794
Average Recall: 0.723835
Initial average recall with ef=150: 0.720913
Weighted average ef: 735.718
Training convergence-bucket 1 [39.3459, 42.1013) with 266 queries (recall=0.95).
Average Recall: 0.677932
Initial average recall with ef=100: 0.67814
Average Recall: 0.758308
Initial average recall with ef=150: 0.758643
Weighted average ef: 663.165
Training convergence-bucket 2 [42.1013, 43.8344) with 266 queries (recall=0.95).
Average Recall: 0.694361
Initial average recall with ef=100: 0.693386
Average Recall: 0.770526
Initial average recall with ef=150: 0.76996
Weighted average ef: 612.44
Training convergence-bucket 3 [43.8344, 47.6262) with 266 queries (recall=0.98).
Average Recall: 0.747594
Initial average recall with ef=100: 0.744688
Average Recall: 0.818985
Initial average recall with ef=150: 0.816445
Weighted average ef: 781.489
Training convergence-bucket 4 [47.6262, 50.8426) with 266 queries (recall=0.98).
Average Recall: 0.810714
Initial average recall with ef=100: 0.811163
Average Recall: 0.87297
Initial average recall with ef=150: 0.873256
Recall diff is too small for 1 consecutive steps, break.
Weighted average ef: 563.474
Training convergence-bucket 5 [50.8426, 53.4774) with 266 queries (recall=0.98).
Average Recall: 0.84297
Initial average recall with ef=100: 0.841575
Average Recall: 0.900301
Initial average recall with ef=150: 0.899724
Weighted average ef: 433.959
Training convergence-bucket 6 [53.4774, 55.7862) with 266 queries (recall=0.98).
Average Recall: 0.860075
Initial average recall with ef=100: 0.86032
Average Recall: 0.91188
Initial average recall with ef=150: 0.91184
Weighted average ef: 381.568
Training convergence-bucket 7 [55.7862, 58.1518) with 266 queries (recall=0.98).
Average Recall: 0.884549
Initial average recall with ef=100: 0.883992
Average Recall: 0.93297
Initial average recall with ef=150: 0.932752
Recall diff is too small for 1 consecutive steps, break.
Weighted average ef: 322.65
Training convergence-bucket 8 [58.1518, 60.7028) with 266 queries (recall=0.98).
Average Recall: 0.902369
Initial average recall with ef=100: 0.903071
Average Recall: 0.943308
Initial average recall with ef=150: 0.943819
Weighted average ef: 291.906
Training convergence-bucket 9 [60.7028, 63.3778) with 266 queries (recall=0.98).
Average Recall: 0.916203
Initial average recall with ef=100: 0.916572
Average Recall: 0.954286
Initial average recall with ef=150: 0.954395
Weighted average ef: 245.391
Training convergence-bucket 10 [63.3778, 66.0288) with 266 queries (recall=0.98).
Average Recall: 0.938158
Initial average recall with ef=100: 0.938385
Average Recall: 0.968158
Initial average recall with ef=150: 0.9685
Weighted average ef: 212.917
Training convergence-bucket 11 [66.0288, 69.167) with 266 queries (recall=0.98).
Average Recall: 0.955075
Initial average recall with ef=100: 0.955985
Average Recall: 0.980151
Initial average recall with ef=150: 0.980734
Weighted average ef: 170.865
Training convergence-bucket 12 [69.167, 72.3848) with 266 queries (recall=0.98).
Average Recall: 0.964925
Initial average recall with ef=100: 0.967442
Average Recall: 0.985001
Initial average recall with ef=150: 0.986783
Weighted average ef: 153.925
Training convergence-bucket 13 [72.3848, 76.845) with 266 queries (recall=0.98).
Average Recall: 0.982219
Initial average recall with ef=100: 0.983205
Average Recall: 0.993572
Initial average recall with ef=150: 0.994054
Weighted average ef: 107.331
Training convergence-bucket 14 [76.845, inf) with 276 queries (recall=0.98).
Average Recall: 0.992319
Initial average recall with ef=100: 0.993144
Average Recall: 0.997247
Initial average recall with ef=150: 0.997803
Weighted average ef: 99.8188
Reconstructed True WAE: 211.627 (Hard Pct: 0.02)
  Avg Ef Hard (bucketed): 671.069 | Avg Ef Easy (bucketed): 202.251
Search time: 1667 ms
Search time: 1565 ms
Search time: 1552 ms
Average Recall: 0.98614
5th percentile recall: 0.95
1st percentile recall: 0.92
Median search time: 1565 ms
Search times: 1552 ms, 1565 ms, 1667 ms, 
sift10m-128-euclidean experiment results:
statisc_length, time, avg_recall, 5th_percentile_recall, 1st_percentile_recall, recall_above_99, recall_above_95, recall_above_90
1025, 1565, 0.98614, 0.95, 0.92, 663, 948, 997
Experiment finished

--- n_convergence_buckets: 20 ---

Loading samplings from /home/yc.shea/experiments/shiro-ef/sampling/sift10m-128-euclidean-samplings--k100-ef.bin
Samplings loaded from /home/yc.shea/experiments/shiro-ef/sampling/sift10m-128-euclidean-samplings--k100-ef.bin
Average Recall: 0.854657
Initial average recall with ef=100: 0.854876
Average Recall: 0.900996
Initial average recall with ef=150: 0.901219
Recall diff is too small for 1 consecutive steps, break.
Weighted average ef: 304.489
Per-bucket recall: conv_p20=43.8437 hard_recall=0.95 easy_recall=0.98
Training convergence-bucket 0 [25.6326, 38.4283) with 200 queries (recall=0.95).
Average Recall: 0.64215
Initial average recall with ef=100: 0.638148
Average Recall: 0.71855
Initial average recall with ef=150: 0.716455
Weighted average ef: 751.975
Training convergence-bucket 1 [38.4283, 40.8198) with 200 queries (recall=0.95).
Average Recall: 0.66855
Initial average recall with ef=100: 0.668032
Average Recall: 0.75075
Initial average recall with ef=150: 0.751064
Weighted average ef: 654.315
Training convergence-bucket 2 [40.8198, 42.5567) with 200 queries (recall=0.95).
Average Recall: 0.6846
Initial average recall with ef=100: 0.682789
Average Recall: 0.7642
Initial average recall with ef=150: 0.762368
Weighted average ef: 654.005
Training convergence-bucket 3 [42.5567, 43.8437) with 200 queries (recall=0.95).
Average Recall: 0.69535
Initial average recall with ef=100: 0.694105
Average Recall: 0.77045
Initial average recall with ef=150: 0.769421
Recall diff is too small for 1 consecutive steps, break.
Weighted average ef: 614.01
Training convergence-bucket 4 [43.8437, 46.7423) with 200 queries (recall=0.98).
Average Recall: 0.73415
Initial average recall with ef=100: 0.731347
Average Recall: 0.807
Initial average recall with ef=150: 0.804352
Recall diff is too small for 1 consecutive steps, break.
Recall diff is too small for 1 consecutive steps, break.
Recall diff is too small for 1 consecutive steps, break.
Recall diff is too small for 1 consecutive steps, break.
Recall diff is too small for 1 consecutive steps, break.
Weighted average ef: 804.49
Training convergence-bucket 5 [46.7423, 49.4131) with 200 queries (recall=0.98).
Average Recall: 0.79755
Initial average recall with ef=100: 0.796831
Average Recall: 0.86365
Initial average recall with ef=150: 0.862951
Recall diff is too small for 1 consecutive steps, break.
Weighted average ef: 561.87
Training convergence-bucket 6 [49.4131, 51.5814) with 200 queries (recall=0.98).
Average Recall: 0.8214
Initial average recall with ef=100: 0.82
Average Recall: 0.881
Initial average recall with ef=150: 0.880105
Recall diff is too small for 1 consecutive steps, break.
Weighted average ef: 511.665
Training convergence-bucket 7 [51.5814, 53.5096) with 200 queries (recall=0.98).
Average Recall: 0.8507
Initial average recall with ef=100: 0.848316
Average Recall: 0.9065
Initial average recall with ef=150: 0.904737
Weighted average ef: 408.12
Training convergence-bucket 8 [53.5096, 55.1258) with 200 queries (recall=0.98).
Average Recall: 0.85935
Initial average recall with ef=100: 0.860749
Average Recall: 0.91115
Initial average recall with ef=150: 0.912032
Weighted average ef: 400.255
Training convergence-bucket 9 [55.1258, 57.0384) with 200 queries (recall=0.98).
Average Recall: 0.87365
Initial average recall with ef=100: 0.872344
Average Recall: 0.9236
Initial average recall with ef=150: 0.9225
Weighted average ef: 366.05
Training convergence-bucket 10 [57.0384, 58.7634) with 200 queries (recall=0.98).
Average Recall: 0.89075
Initial average recall with ef=100: 0.891889
Average Recall: 0.93615
Initial average recall with ef=150: 0.937778
Recall diff is too small for 1 consecutive steps, break.
Weighted average ef: 290.365
Training convergence-bucket 11 [58.7634, 60.7419) with 200 queries (recall=0.98).
Average Recall: 0.90645
Initial average recall with ef=100: 0.906354
Average Recall: 0.94695
Initial average recall with ef=150: 0.946823
Weighted average ef: 278.7
Training convergence-bucket 12 [60.7419, 62.7267) with 200 queries (recall=0.98).
Average Recall: 0.9115
Initial average recall with ef=100: 0.912265
Average Recall: 0.95195
Initial average recall with ef=150: 0.952376
Weighted average ef: 250.03
Training convergence-bucket 13 [62.7267, 64.7118) with 200 queries (recall=0.98).
Average Recall: 0.9348
Initial average recall with ef=100: 0.935
Average Recall: 0.965551
Initial average recall with ef=150: 0.965579
Recall diff is too small for 1 consecutive steps, break.
Weighted average ef: 206.03
Training convergence-bucket 14 [64.7118, 66.8834) with 200 queries (recall=0.98).
Average Recall: 0.9437
Initial average recall with ef=100: 0.944631
Average Recall: 0.971851
Initial average recall with ef=150: 0.972737
Weighted average ef: 181.635
Training convergence-bucket 15 [66.8834, 69.2495) with 200 queries (recall=0.98).
Average Recall: 0.95805
Initial average recall with ef=100: 0.957813
Average Recall: 0.98245
Initial average recall with ef=150: 0.982448
Weighted average ef: 165.7
Training convergence-bucket 16 [69.2495, 71.7122) with 200 queries (recall=0.98).
Average Recall: 0.96245
Initial average recall with ef=100: 0.965579
Average Recall: 0.983901
Initial average recall with ef=150: 0.986158
Weighted average ef: 149.83
Training convergence-bucket 17 [71.7122, 74.7705) with 200 queries (recall=0.98).
Average Recall: 0.977501
Initial average recall with ef=100: 0.978756
Average Recall: 0.991
Initial average recall with ef=150: 0.991658
Weighted average ef: 116.5
Training convergence-bucket 18 [74.7705, 78.353) with 200 queries (recall=0.98).
Average Recall: 0.986551
Initial average recall with ef=100: 0.987432
Average Recall: 0.9954
Initial average recall with ef=150: 0.996065
Weighted average ef: 94.5
Training convergence-bucket 19 [78.353, inf) with 200 queries (recall=0.98).
Average Recall: 0.9941
Initial average recall with ef=100: 0.995135
Average Recall: 0.9981
Initial average recall with ef=150: 0.998595
Weighted average ef: 94.04
Reconstructed True WAE: 198.975 (Hard Pct: 0.02)
  Avg Ef Hard (bucketed): 679.766 | Avg Ef Easy (bucketed): 189.163
Search time: 1647 ms
Search time: 1682 ms
Search time: 1652 ms
Average Recall: 0.98544
5th percentile recall: 0.95
1st percentile recall: 0.92
Median search time: 1652 ms
Search times: 1647 ms, 1652 ms, 1682 ms, 
sift10m-128-euclidean experiment results:
statisc_length, time, avg_recall, 5th_percentile_recall, 1st_percentile_recall, recall_above_99, recall_above_95, recall_above_90
1025, 1652, 0.98544, 0.95, 0.92, 642, 945, 994
Experiment finished


Dataset: gist-960-euclidean
Metric: l2
Data vectors dimensions: 1000000 x 960
Query vectors dimensions: 1000 x 960
Neighbors dimensions: 1000 x 100
Index loaded
Dimension of space:960
Data size of space:3840

--- n_convergence_buckets: 5 ---

Loading samplings from /home/yc.shea/experiments/shiro-ef/sampling/gist-960-euclidean-samplings--k100-ef.bin
Samplings loaded from /home/yc.shea/experiments/shiro-ef/sampling/gist-960-euclidean-samplings--k100-ef.bin
Average Recall: 0.730765
Initial average recall with ef=100: 0.731088
Average Recall: 0.802507
Initial average recall with ef=150: 0.802829
Recall diff is too small for 1 consecutive steps, break.
Weighted average ef: 625.902
Per-bucket recall: conv_p20=36.6201 hard_recall=0.95 easy_recall=0.98
Training convergence-bucket 0 [23.8147, 36.6201) with 800 queries (recall=0.95).
Average Recall: 0.538187
Initial average recall with ef=100: 0.537856
Average Recall: 0.632825
Initial average recall with ef=150: 0.632585
Recall diff is too small for 1 consecutive steps, break.
Weighted average ef: 1289.36
Training convergence-bucket 1 [36.6201, 42.2303) with 800 queries (recall=0.98).
Average Recall: 0.6441
Initial average recall with ef=100: 0.644228
Average Recall: 0.731962
Initial average recall with ef=150: 0.732405
Weighted average ef: 1563.9
Training convergence-bucket 2 [42.2303, 48.2064) with 800 queries (recall=0.98).
Average Recall: 0.7272
Initial average recall with ef=100: 0.727326
Average Recall: 0.80645
Initial average recall with ef=150: 0.806679
Recall diff is too small for 1 consecutive steps, break.
Recall diff is too small for 1 consecutive steps, break.
Recall diff is too small for 1 consecutive steps, break.
Weighted average ef: 963.962
Training convergence-bucket 3 [48.2064, 58.2719) with 800 queries (recall=0.98).
Average Recall: 0.818763
Initial average recall with ef=100: 0.818447
Average Recall: 0.882937
Initial average recall with ef=150: 0.882815
Recall diff is too small for 1 consecutive steps, break.
Recall diff is too small for 1 consecutive steps, break.
Weighted average ef: 597.255
Training convergence-bucket 4 [58.2719, inf) with 800 queries (recall=0.98).
Average Recall: 0.925586
Initial average recall with ef=100: 0.928715
Average Recall: 0.958374
Initial average recall with ef=150: 0.960814
Recall diff is too small for 1 consecutive steps, break.
Weighted average ef: 258.372
Reconstructed True WAE: 615.212 (Hard Pct: 0.010775)
  Avg Ef Hard (bucketed): 1639.37 | Avg Ef Easy (bucketed): 604.056
Search time: 8663 ms
Search time: 8908 ms
Search time: 8914 ms
Average Recall: 0.98179
5th percentile recall: 0.94
1st percentile recall: 0.91
Median search time: 8908 ms
Search times: 8663 ms, 8908 ms, 8914 ms, 
gist-960-euclidean experiment results:
statisc_length, time, avg_recall, 5th_percentile_recall, 1st_percentile_recall, recall_above_99, recall_above_95, recall_above_90
1025, 8908, 0.98179, 0.94, 0.91, 571, 887, 990
Experiment finished

--- n_convergence_buckets: 10 ---

Loading samplings from /home/yc.shea/experiments/shiro-ef/sampling/gist-960-euclidean-samplings--k100-ef.bin
Samplings loaded from /home/yc.shea/experiments/shiro-ef/sampling/gist-960-euclidean-samplings--k100-ef.bin
Average Recall: 0.730765
Initial average recall with ef=100: 0.731088
Average Recall: 0.802507
Initial average recall with ef=150: 0.802829
Recall diff is too small for 1 consecutive steps, break.
Weighted average ef: 625.902
Per-bucket recall: conv_p20=36.6201 hard_recall=0.95 easy_recall=0.98
Training convergence-bucket 0 [23.8147, 33.1689) with 400 queries (recall=0.95).
Average Recall: 0.50875
Initial average recall with ef=100: 0.508615
Average Recall: 0.602925
Initial average recall with ef=150: 0.602538
Recall diff is too small for 1 consecutive steps, break.
Recall diff is too small for 1 consecutive steps, break.
Recall diff is too small for 1 consecutive steps, break.
Weighted average ef: 1455.5
Training convergence-bucket 1 [33.1689, 36.6201) with 400 queries (recall=0.95).
Average Recall: 0.567625
Initial average recall with ef=100: 0.566111
Average Recall: 0.662725
Initial average recall with ef=150: 0.661212
Recall diff is too small for 1 consecutive steps, break.
Weighted average ef: 1104.28
Training convergence-bucket 2 [36.6201, 39.5445) with 400 queries (recall=0.98).
Average Recall: 0.621275
Initial average recall with ef=100: 0.621447
Average Recall: 0.709725
Initial average recall with ef=150: 0.71031
Weighted average ef: 1707.98
Training convergence-bucket 3 [39.5445, 42.2303) with 400 queries (recall=0.98).
Average Recall: 0.666925
Initial average recall with ef=100: 0.669406
Average Recall: 0.7542
Initial average recall with ef=150: 0.756951
Recall diff is too small for 1 consecutive steps, break.
Recall diff is too small for 1 consecutive steps, break.
Recall diff is too small for 1 consecutive steps, break.
Recall diff is too small for 1 consecutive steps, break.
Weighted average ef: 1260.58
Training convergence-bucket 4 [42.2303, 44.9316) with 400 queries (recall=0.98).
Average Recall: 0.705775
Initial average recall with ef=100: 0.706615
Average Recall: 0.78765
Initial average recall with ef=150: 0.789089
Recall diff is too small for 1 consecutive steps, break.
Recall diff is too small for 1 consecutive steps, break.
Weighted average ef: 997.823
Training convergence-bucket 5 [44.9316, 48.2064) with 400 queries (recall=0.98).
Average Recall: 0.748625
Initial average recall with ef=100: 0.748432
Average Recall: 0.82525
Initial average recall with ef=150: 0.824987
Recall diff is too small for 1 consecutive steps, break.
Recall diff is too small for 1 consecutive steps, break.
Recall diff is too small for 1 consecutive steps, break.
Recall diff is too small for 1 consecutive steps, break.
Recall diff is too small for 1 consecutive steps, break.
Weighted average ef: 913.025
Training convergence-bucket 6 [48.2064, 52.5846) with 400 queries (recall=0.98).
Average Recall: 0.79775
Initial average recall with ef=100: 0.799041
Average Recall: 0.866726
Initial average recall with ef=150: 0.867979
Recall diff is too small for 1 consecutive steps, break.
Weighted average ef: 619.867
Training convergence-bucket 7 [52.5846, 58.2719) with 400 queries (recall=0.98).
Average Recall: 0.839775
Initial average recall with ef=100: 0.839691
Average Recall: 0.89915
Initial average recall with ef=150: 0.899175
Recall diff is too small for 1 consecutive steps, break.
Recall diff is too small for 1 consecutive steps, break.
Recall diff is too small for 1 consecutive steps, break.
Recall diff is too small for 1 consecutive steps, break.
Weighted average ef: 482.297
Training convergence-bucket 8 [58.2719, 66.3334) with 400 queries (recall=0.98).
Average Recall: 0.894075
Initial average recall with ef=100: 0.896897
Average Recall: 0.938375
Initial average recall with ef=150: 0.940769
Recall diff is too small for 1 consecutive steps, break.
Weighted average ef: 328.037
Training convergence-bucket 9 [66.3334, inf) with 400 queries (recall=0.98).
Average Recall: 0.9571
Initial average recall with ef=100: 0.96114
Average Recall: 0.978375
Initial average recall with ef=150: 0.980958
Weighted average ef: 167.458
Reconstructed True WAE: 549.366 (Hard Pct: 0.010775)
  Avg Ef Hard (bucketed): 1545.42 | Avg Ef Easy (bucketed): 538.516
Search time: 8945 ms
Search time: 8812 ms
Search time: 8480 ms
Average Recall: 0.98168
5th percentile recall: 0.94
1st percentile recall: 0.9
Median search time: 8812 ms
Search times: 8480 ms, 8812 ms, 8945 ms, 
gist-960-euclidean experiment results:
statisc_length, time, avg_recall, 5th_percentile_recall, 1st_percentile_recall, recall_above_99, recall_above_95, recall_above_90
1025, 8812, 0.98168, 0.94, 0.9, 571, 888, 989
Experiment finished

--- n_convergence_buckets: 15 ---

Loading samplings from /home/yc.shea/experiments/shiro-ef/sampling/gist-960-euclidean-samplings--k100-ef.bin
Samplings loaded from /home/yc.shea/experiments/shiro-ef/sampling/gist-960-euclidean-samplings--k100-ef.bin
Average Recall: 0.730765
Initial average recall with ef=100: 0.731088
Average Recall: 0.802507
Initial average recall with ef=150: 0.802829
Recall diff is too small for 1 consecutive steps, break.
Weighted average ef: 625.902
Per-bucket recall: conv_p20=36.6201 hard_recall=0.95 easy_recall=0.98
Training convergence-bucket 0 [23.8147, 32.3246) with 266 queries (recall=0.95).
Average Recall: 0.512218
Initial average recall with ef=100: 0.514196
Average Recall: 0.605301
Initial average recall with ef=150: 0.60749
Weighted average ef: 1317.36
Training convergence-bucket 1 [32.3246, 33.8795) with 266 queries (recall=0.95).
Average Recall: 0.518647
Initial average recall with ef=100: 0.516304
Average Recall: 0.614737
Initial average recall with ef=150: 0.612529
Recall diff is too small for 1 consecutive steps, break.
Recall diff is too small for 1 consecutive steps, break.
Weighted average ef: 1418.42
Training convergence-bucket 2 [33.8795, 36.6006) with 266 queries (recall=0.95).
Average Recall: 0.583083
Initial average recall with ef=100: 0.580579
Average Recall: 0.677707
Initial average recall with ef=150: 0.675058
Weighted average ef: 1055.61
Training convergence-bucket 3 [36.6006, 38.6373) with 266 queries (recall=0.98).
Average Recall: 0.607068
Initial average recall with ef=100: 0.607199
Average Recall: 0.698346
Initial average recall with ef=150: 0.698599
Recall diff is too small for 1 consecutive steps, break.
Recall diff is too small for 1 consecutive steps, break.
Recall diff is too small for 1 consecutive steps, break.
Weighted average ef: 1753.16
Training convergence-bucket 4 [38.6373, 40.4119) with 266 queries (recall=0.98).
Average Recall: 0.652106
Initial average recall with ef=100: 0.651133
Average Recall: 0.737932
Initial average recall with ef=150: 0.737187
Recall diff is too small for 1 consecutive steps, break.
Weighted average ef: 1507.42
Training convergence-bucket 5 [40.4119, 42.1847) with 266 queries (recall=0.98).
Average Recall: 0.67188
Initial average recall with ef=100: 0.67604
Average Recall: 0.758534
Initial average recall with ef=150: 0.76336
Recall diff is too small for 1 consecutive steps, break.
Recall diff is too small for 1 consecutive steps, break.
Recall diff is too small for 1 consecutive steps, break.
Weighted average ef: 1167.89
Training convergence-bucket 6 [42.1847, 44.0128) with 266 queries (recall=0.98).
Average Recall: 0.696278
Initial average recall with ef=100: 0.694516
Average Recall: 0.779549
Initial average recall with ef=150: 0.778871
Recall diff is too small for 1 consecutive steps, break.
Recall diff is too small for 1 consecutive steps, break.
Weighted average ef: 1086.84
Training convergence-bucket 7 [44.0128, 45.997) with 266 queries (recall=0.98).
Average Recall: 0.728233
Initial average recall with ef=100: 0.728633
Average Recall: 0.806052
Initial average recall with ef=150: 0.806524
Recall diff is too small for 1 consecutive steps, break.
Recall diff is too small for 1 consecutive steps, break.
Recall diff is too small for 1 consecutive steps, break.
Recall diff is too small for 1 consecutive steps, break.
Recall diff is too small for 1 consecutive steps, break.
Recall diff is too small for 1 consecutive steps, break.
Weighted average ef: 872.804
Training convergence-bucket 8 [45.997, 48.172) with 266 queries (recall=0.98).
Average Recall: 0.755413
Initial average recall with ef=100: 0.755
Average Recall: 0.832444
Initial average recall with ef=150: 0.831992
Recall diff is too small for 1 consecutive steps, break.
Recall diff is too small for 1 consecutive steps, break.
Recall diff is too small for 1 consecutive steps, break.
Recall diff is too small for 1 consecutive steps, break.
Recall diff is too small for 1 consecutive steps, break.
Weighted average ef: 873.323
Training convergence-bucket 9 [48.172, 50.8581) with 266 queries (recall=0.98).
Average Recall: 0.788834
Initial average recall with ef=100: 0.790198
Average Recall: 0.860226
Initial average recall with ef=150: 0.861858
Weighted average ef: 636.011
Training convergence-bucket 10 [50.8581, 54.1445) with 266 queries (recall=0.98).
Average Recall: 0.817143
Initial average recall with ef=100: 0.819
Average Recall: 0.882933
Initial average recall with ef=150: 0.88504
Recall diff is too small for 1 consecutive steps, break.
Recall diff is too small for 1 consecutive steps, break.
Weighted average ef: 556.421
Training convergence-bucket 11 [54.1445, 58.1471) with 266 queries (recall=0.98).
Average Recall: 0.848458
Initial average recall with ef=100: 0.852339
Average Recall: 0.904437
Initial average recall with ef=150: 0.907903
Recall diff is too small for 1 consecutive steps, break.
Recall diff is too small for 1 consecutive steps, break.
Weighted average ef: 437.936
Training convergence-bucket 12 [58.1471, 63.0765) with 266 queries (recall=0.98).
Average Recall: 0.88891
Initial average recall with ef=100: 0.891209
Average Recall: 0.934699
Initial average recall with ef=150: 0.937298
Weighted average ef: 352.594
Training convergence-bucket 13 [63.0765, 70.5652) with 266 queries (recall=0.98).
Average Recall: 0.913647
Initial average recall with ef=100: 0.917355
Average Recall: 0.951391
Initial average recall with ef=150: 0.95343
Recall diff is too small for 1 consecutive steps, break.
Weighted average ef: 272.722
Training convergence-bucket 14 [70.5652, inf) with 276 queries (recall=0.98).
Average Recall: 0.97058
Initial average recall with ef=100: 0.974368
Average Recall: 0.98645
Initial average recall with ef=150: 0.988697
Weighted average ef: 128.985
Reconstructed True WAE: 468.461 (Hard Pct: 0.010775)
  Avg Ef Hard (bucketed): 1562.99 | Avg Ef Easy (bucketed): 456.539
Search time: 8612 ms
Search time: 8557 ms
Search time: 8964 ms
Average Recall: 0.98108
5th percentile recall: 0.94
1st percentile recall: 0.9
Median search time: 8612 ms
Search times: 8557 ms, 8612 ms, 8964 ms, 
gist-960-euclidean experiment results:
statisc_length, time, avg_recall, 5th_percentile_recall, 1st_percentile_recall, recall_above_99, recall_above_95, recall_above_90
1025, 8612, 0.98108, 0.94, 0.9, 556, 880, 986
Experiment finished

--- n_convergence_buckets: 20 ---

Loading samplings from /home/yc.shea/experiments/shiro-ef/sampling/gist-960-euclidean-samplings--k100-ef.bin
Samplings loaded from /home/yc.shea/experiments/shiro-ef/sampling/gist-960-euclidean-samplings--k100-ef.bin
Average Recall: 0.730765
Initial average recall with ef=100: 0.731088
Average Recall: 0.802507
Initial average recall with ef=150: 0.802829
Recall diff is too small for 1 consecutive steps, break.
Weighted average ef: 625.902
Per-bucket recall: conv_p20=36.6201 hard_recall=0.95 easy_recall=0.98
Training convergence-bucket 0 [23.8147, 31.6642) with 200 queries (recall=0.95).
Average Recall: 0.5139
Initial average recall with ef=100: 0.515397
Average Recall: 0.60285
Initial average recall with ef=150: 0.604339
Recall diff is too small for 1 consecutive steps, break.
Weighted average ef: 1303.05
Training convergence-bucket 1 [31.6642, 33.1689) with 200 queries (recall=0.95).
Average Recall: 0.5036
Initial average recall with ef=100: 0.496471
Average Recall: 0.603
Initial average recall with ef=150: 0.597005
Recall diff is too small for 1 consecutive steps, break.
Recall diff is too small for 1 consecutive steps, break.
Recall diff is too small for 1 consecutive steps, break.
Weighted average ef: 1502.66
Training convergence-bucket 2 [33.1689, 34.3951) with 200 queries (recall=0.95).
Average Recall: 0.53885
Initial average recall with ef=100: 0.531587
Average Recall: 0.6323
Initial average recall with ef=150: 0.625291
Recall diff is too small for 1 consecutive steps, break.
Recall diff is too small for 1 consecutive steps, break.
Weighted average ef: 1220.37
Training convergence-bucket 3 [34.3951, 36.6201) with 200 queries (recall=0.95).
Average Recall: 0.5964
Initial average recall with ef=100: 0.596736
Average Recall: 0.69315
Initial average recall with ef=150: 0.692643
Recall diff is too small for 1 consecutive steps, break.
Weighted average ef: 906.915
Training convergence-bucket 4 [36.6201, 38.1721) with 200 queries (recall=0.98).
Average Recall: 0.59945
Initial average recall with ef=100: 0.598808
Average Recall: 0.69265
Initial average recall with ef=150: 0.691606
Recall diff is too small for 1 consecutive steps, break.
Recall diff is too small for 1 consecutive steps, break.
Weighted average ef: 1797.54
Training convergence-bucket 5 [38.1721, 39.5445) with 200 queries (recall=0.98).
Average Recall: 0.6431
Initial average recall with ef=100: 0.642021
Average Recall: 0.7268
Initial average recall with ef=150: 0.726436
Recall diff is too small for 1 consecutive steps, break.
Recall diff is too small for 1 consecutive steps, break.
Weighted average ef: 1581.33
Training convergence-bucket 6 [39.5445, 40.9257) with 200 queries (recall=0.98).
Average Recall: 0.65635
Initial average recall with ef=100: 0.66
Average Recall: 0.74635
Initial average recall with ef=150: 0.749462
Recall diff is too small for 1 consecutive steps, break.
Recall diff is too small for 1 consecutive steps, break.
Weighted average ef: 1256.24
Training convergence-bucket 7 [40.9257, 42.2303) with 200 queries (recall=0.98).
Average Recall: 0.6775
Initial average recall with ef=100: 0.679624
Average Recall: 0.76205
Initial average recall with ef=150: 0.765
Recall diff is too small for 1 consecutive steps, break.
Recall diff is too small for 1 consecutive steps, break.
Recall diff is too small for 1 consecutive steps, break.
Recall diff is too small for 1 consecutive steps, break.
Recall diff is too small for 1 consecutive steps, break.
Weighted average ef: 1228.59
Training convergence-bucket 8 [42.2303, 43.5846) with 200 queries (recall=0.98).
Average Recall: 0.6937
Initial average recall with ef=100: 0.696089
Average Recall: 0.7766
Initial average recall with ef=150: 0.77933
Recall diff is too small for 1 consecutive steps, break.
Recall diff is too small for 1 consecutive steps, break.
Weighted average ef: 1010.61
Training convergence-bucket 9 [43.5846, 44.9316) with 200 queries (recall=0.98).
Average Recall: 0.71785
Initial average recall with ef=100: 0.720582
Average Recall: 0.7987
Initial average recall with ef=150: 0.800952
Recall diff is too small for 1 consecutive steps, break.
Recall diff is too small for 1 consecutive steps, break.
Recall diff is too small for 1 consecutive steps, break.
Weighted average ef: 980.425
Training convergence-bucket 10 [44.9316, 46.5499) with 200 queries (recall=0.98).
Average Recall: 0.7364
Initial average recall with ef=100: 0.732204
Average Recall: 0.8145
Initial average recall with ef=150: 0.811183
Recall diff is too small for 1 consecutive steps, break.
Recall diff is too small for 1 consecutive steps, break.
Recall diff is too small for 1 consecutive steps, break.
Recall diff is too small for 1 consecutive steps, break.
Recall diff is too small for 1 consecutive steps, break.
Recall diff is too small for 1 consecutive steps, break.
Weighted average ef: 858.51
Training convergence-bucket 11 [46.5499, 48.2064) with 200 queries (recall=0.98).
Average Recall: 0.76085
Initial average recall with ef=100: 0.759674
Average Recall: 0.836
Initial average recall with ef=150: 0.835163
Recall diff is too small for 1 consecutive steps, break.
Recall diff is too small for 1 consecutive steps, break.
Recall diff is too small for 1 consecutive steps, break.
Recall diff is too small for 1 consecutive steps, break.
Recall diff is too small for 1 consecutive steps, break.
Recall diff is too small for 1 consecutive steps, break.
Recall diff is too small for 1 consecutive steps, break.
Recall diff is too small for 1 consecutive steps, break.
Weighted average ef: 738.985
Training convergence-bucket 12 [48.2064, 50.1832) with 200 queries (recall=0.98).
Average Recall: 0.78745
Initial average recall with ef=100: 0.787074
Average Recall: 0.85855
Initial average recall with ef=150: 0.85867
Recall diff is too small for 1 consecutive steps, break.
Recall diff is too small for 1 consecutive steps, break.
Weighted average ef: 682.5
Training convergence-bucket 13 [50.1832, 52.5846) with 200 queries (recall=0.98).
Average Recall: 0.80805
Initial average recall with ef=100: 0.81
Average Recall: 0.8749
Initial average recall with ef=150: 0.877371
Recall diff is too small for 1 consecutive steps, break.
Weighted average ef: 483.105
Training convergence-bucket 14 [52.5846, 55.1475) with 200 queries (recall=0.98).
Average Recall: 0.8271
Initial average recall with ef=100: 0.828389
Average Recall: 0.89105
Initial average recall with ef=150: 0.891889
Recall diff is too small for 1 consecutive steps, break.
Recall diff is too small for 1 consecutive steps, break.
Recall diff is too small for 1 consecutive steps, break.
Weighted average ef: 565.69
Training convergence-bucket 15 [55.1475, 58.2719) with 200 queries (recall=0.98).
Average Recall: 0.85245
Initial average recall with ef=100: 0.854341
Average Recall: 0.90725
Initial average recall with ef=150: 0.90978
Weighted average ef: 414.99
Training convergence-bucket 16 [58.2719, 61.8925) with 200 queries (recall=0.98).
Average Recall: 0.8861
Initial average recall with ef=100: 0.887582
Average Recall: 0.93245
Initial average recall with ef=150: 0.934725
Weighted average ef: 297.795
Training convergence-bucket 17 [61.8925, 66.3334) with 200 queries (recall=0.98).
Average Recall: 0.90205
Initial average recall with ef=100: 0.906723
Average Recall: 0.9443
Initial average recall with ef=150: 0.948192
Recall diff is too small for 1 consecutive steps, break.
Recall diff is too small for 1 consecutive steps, break.
Weighted average ef: 249.43
Training convergence-bucket 18 [66.3334, 74.132) with 200 queries (recall=0.98).
Average Recall: 0.9368
Initial average recall with ef=100: 0.939511
Average Recall: 0.967251
Initial average recall with ef=150: 0.969076
Weighted average ef: 215.525
Training convergence-bucket 19 [74.132, inf) with 200 queries (recall=0.98).
Average Recall: 0.9774
Initial average recall with ef=100: 0.9815
Average Recall: 0.9895
Initial average recall with ef=150: 0.992111
Weighted average ef: 103.75
Reconstructed True WAE: 393.935 (Hard Pct: 0.010775)
  Avg Ef Hard (bucketed): 1431.21 | Avg Ef Easy (bucketed): 382.637
Search time: 8329 ms
Search time: 8560 ms
Search time: 8743 ms
Average Recall: 0.98042
5th percentile recall: 0.94
1st percentile recall: 0.89
Median search time: 8560 ms
Search times: 8329 ms, 8560 ms, 8743 ms, 
gist-960-euclidean experiment results:
statisc_length, time, avg_recall, 5th_percentile_recall, 1st_percentile_recall, recall_above_99, recall_above_95, recall_above_90
1025, 8560, 0.98042, 0.94, 0.89, 558, 876, 982
Experiment finished


Dataset: tiny5m-384-euclidean
Metric: l2
Data vectors dimensions: 5000000 x 384
Query vectors dimensions: 1000 x 384
Neighbors dimensions: 1000 x 100
Index loaded
Dimension of space:384
Data size of space:1536

--- n_convergence_buckets: 5 ---

Loading samplings from /home/yc.shea/experiments/shiro-ef/sampling/tiny5m-384-euclidean-samplings--k100-ef.bin
Samplings loaded from /home/yc.shea/experiments/shiro-ef/sampling/tiny5m-384-euclidean-samplings--k100-ef.bin
Average Recall: 0.647698
Initial average recall with ef=100: 0.647292
Average Recall: 0.71884
Initial average recall with ef=150: 0.718452
Recall diff is too small for 1 consecutive steps, break.
Recall diff is too small for 1 consecutive steps, break.
Recall diff is too small for 1 consecutive steps, break.
Recall diff is too small for 1 consecutive steps, break.
Recall diff is too small for 1 consecutive steps, break.
Recall diff is too small for 1 consecutive steps, break.
Weighted average ef: 995.799
Per-bucket recall: conv_p20=32.9534 hard_recall=0.95 easy_recall=0.98
Training convergence-bucket 0 [20.2778, 32.9534) with 800 queries (recall=0.95).
Average Recall: 0.405775
Initial average recall with ef=100: 0.404824
Average Recall: 0.487125
Initial average recall with ef=150: 0.485945
Recall diff is too small for 1 consecutive steps, break.
Weighted average ef: 2659.73
Training convergence-bucket 1 [32.9534, 38.3431) with 800 queries (recall=0.98).
Average Recall: 0.525675
Initial average recall with ef=100: 0.524356
Average Recall: 0.611225
Initial average recall with ef=150: 0.610227
Recall diff is too small for 1 consecutive steps, break.
Recall diff is too small for 1 consecutive steps, break.
Recall diff is too small for 1 consecutive steps, break.
Weighted average ef: 2885.09
Training convergence-bucket 2 [38.3431, 44.4849) with 800 queries (recall=0.98).
Average Recall: 0.638063
Initial average recall with ef=100: 0.636066
Average Recall: 0.7212
Initial average recall with ef=150: 0.719442
Recall diff is too small for 1 consecutive steps, break.
Recall diff is too small for 1 consecutive steps, break.
Weighted average ef: 1753.66
Training convergence-bucket 3 [44.4849, 55.0126) with 800 queries (recall=0.98).
Average Recall: 0.7607
Initial average recall with ef=100: 0.760985
Average Recall: 0.831275
Initial average recall with ef=150: 0.831591
Recall diff is too small for 1 consecutive steps, break.
Recall diff is too small for 1 consecutive steps, break.
Recall diff is too small for 1 consecutive steps, break.
Recall diff is too small for 1 consecutive steps, break.
Recall diff is too small for 1 consecutive steps, break.
Weighted average ef: 913.593
Training convergence-bucket 4 [55.0126, inf) with 800 queries (recall=0.98).
Average Recall: 0.908934
Initial average recall with ef=100: 0.90919
Average Recall: 0.943946
Initial average recall with ef=150: 0.943791
Recall diff is too small for 1 consecutive steps, break.
Weighted average ef: 365.859
Reconstructed True WAE: 1171.49 (Hard Pct: 0.00835)
  Avg Ef Hard (bucketed): 3415.27 | Avg Ef Easy (bucketed): 1152.59
Search time: 10661 ms
Search time: 10078 ms
Search time: 10396 ms
Average Recall: 0.97637
5th percentile recall: 0.93
1st percentile recall: 0.89
Median search time: 10396 ms
Search times: 10078 ms, 10396 ms, 10661 ms, 
tiny5m-384-euclidean experiment results:
statisc_length, time, avg_recall, 5th_percentile_recall, 1st_percentile_recall, recall_above_99, recall_above_95, recall_above_90
1025, 10396, 0.97637, 0.93, 0.89, 505, 856, 981
Experiment finished

--- n_convergence_buckets: 10 ---

Loading samplings from /home/yc.shea/experiments/shiro-ef/sampling/tiny5m-384-euclidean-samplings--k100-ef.bin
Samplings loaded from /home/yc.shea/experiments/shiro-ef/sampling/tiny5m-384-euclidean-samplings--k100-ef.bin
Average Recall: 0.647698
Initial average recall with ef=100: 0.647272
Average Recall: 0.71884
Initial average recall with ef=150: 0.718455
Recall diff is too small for 1 consecutive steps, break.
Recall diff is too small for 1 consecutive steps, break.
Recall diff is too small for 1 consecutive steps, break.
Recall diff is too small for 1 consecutive steps, break.
Recall diff is too small for 1 consecutive steps, break.
Recall diff is too small for 1 consecutive steps, break.
Weighted average ef: 996.102
Per-bucket recall: conv_p20=32.9534 hard_recall=0.95 easy_recall=0.98
Training convergence-bucket 0 [20.2778, 29.0744) with 400 queries (recall=0.95).
Average Recall: 0.3739
Initial average recall with ef=100: 0.37051
Average Recall: 0.451075
Initial average recall with ef=150: 0.447526
Weighted average ef: 3040.03
Training convergence-bucket 1 [29.0744, 32.9534) with 400 queries (recall=0.95).
Average Recall: 0.43765
Initial average recall with ef=100: 0.435406
Average Recall: 0.523175
Initial average recall with ef=150: 0.520482
Recall diff is too small for 1 consecutive steps, break.
Weighted average ef: 2273.84
Training convergence-bucket 2 [32.9534, 35.669) with 400 queries (recall=0.98).
Average Recall: 0.5013
Initial average recall with ef=100: 0.500732
Average Recall: 0.585325
Initial average recall with ef=150: 0.585076
Recall diff is too small for 1 consecutive steps, break.
Recall diff is too small for 1 consecutive steps, break.
Recall diff is too small for 1 consecutive steps, break.
Weighted average ef: 3202.94
Training convergence-bucket 3 [35.669, 38.3431) with 400 queries (recall=0.98).
Average Recall: 0.55005
Initial average recall with ef=100: 0.548491
Average Recall: 0.637125
Initial average recall with ef=150: 0.63578
Recall diff is too small for 1 consecutive steps, break.
Recall diff is too small for 1 consecutive steps, break.
Recall diff is too small for 1 consecutive steps, break.
Recall diff is too small for 1 consecutive steps, break.
Weighted average ef: 2546.62
Training convergence-bucket 4 [38.3431, 41.1794) with 400 queries (recall=0.98).
Average Recall: 0.6087
Initial average recall with ef=100: 0.608829
Average Recall: 0.693325
Initial average recall with ef=150: 0.694173
Recall diff is too small for 1 consecutive steps, break.
Recall diff is too small for 1 consecutive steps, break.
Recall diff is too small for 1 consecutive steps, break.
Weighted average ef: 1994.65
Training convergence-bucket 5 [41.1794, 44.4849) with 400 queries (recall=0.98).
Average Recall: 0.667425
Initial average recall with ef=100: 0.667781
Average Recall: 0.749075
Initial average recall with ef=150: 0.749713
Recall diff is too small for 1 consecutive steps, break.
Recall diff is too small for 1 consecutive steps, break.
Recall diff is too small for 1 consecutive steps, break.
Recall diff is too small for 1 consecutive steps, break.
Recall diff is too small for 1 consecutive steps, break.
Recall diff is too small for 1 consecutive steps, break.
Recall diff is too small for 1 consecutive steps, break.
Weighted average ef: 1362.27
Training convergence-bucket 6 [44.4849, 48.9284) with 400 queries (recall=0.98).
Average Recall: 0.7282
Initial average recall with ef=100: 0.727154
Average Recall: 0.8025
Initial average recall with ef=150: 0.801846
Recall diff is too small for 1 consecutive steps, break.
Recall diff is too small for 1 consecutive steps, break.
Recall diff is too small for 1 consecutive steps, break.
Weighted average ef: 1102.08
Training convergence-bucket 7 [48.9284, 55.0126) with 400 queries (recall=0.98).
Average Recall: 0.7932
Initial average recall with ef=100: 0.792832
Average Recall: 0.86005
Initial average recall with ef=150: 0.859464
Recall diff is too small for 1 consecutive steps, break.
Recall diff is too small for 1 consecutive steps, break.
Weighted average ef: 744.733
Training convergence-bucket 8 [55.0126, 65.1821) with 400 queries (recall=0.98).
Average Recall: 0.868672
Initial average recall with ef=100: 0.870773
Average Recall: 0.916266
Initial average recall with ef=150: 0.917809
Recall diff is too small for 1 consecutive steps, break.
Weighted average ef: 497.515
Training convergence-bucket 9 [65.1821, inf) with 400 queries (recall=0.98).
Average Recall: 0.949198
Initial average recall with ef=100: 0.953161
Average Recall: 0.971629
Initial average recall with ef=150: 0.974171
Recall diff is too small for 1 consecutive steps, break.
Recall diff is too small for 1 consecutive steps, break.
Weighted average ef: 194.2
Reconstructed True WAE: 1058.2 (Hard Pct: 0.00835)
  Avg Ef Hard (bucketed): 3310.61 | Avg Ef Easy (bucketed): 1039.24
Search time: 10531 ms
Search time: 10461 ms
Search time: 9773 ms
Average Recall: 0.97582
5th percentile recall: 0.93
1st percentile recall: 0.88
Median search time: 10461 ms
Search times: 9773 ms, 10461 ms, 10531 ms, 
tiny5m-384-euclidean experiment results:
statisc_length, time, avg_recall, 5th_percentile_recall, 1st_percentile_recall, recall_above_99, recall_above_95, recall_above_90
1025, 10461, 0.97582, 0.93, 0.88, 493, 841, 980
Experiment finished

--- n_convergence_buckets: 15 ---

Loading samplings from /home/yc.shea/experiments/shiro-ef/sampling/tiny5m-384-euclidean-samplings--k100-ef.bin
Samplings loaded from /home/yc.shea/experiments/shiro-ef/sampling/tiny5m-384-euclidean-samplings--k100-ef.bin
Average Recall: 0.647698
Initial average recall with ef=100: 0.647272
Average Recall: 0.71884
Initial average recall with ef=150: 0.718455
Recall diff is too small for 1 consecutive steps, break.
Recall diff is too small for 1 consecutive steps, break.
Recall diff is too small for 1 consecutive steps, break.
Recall diff is too small for 1 consecutive steps, break.
Recall diff is too small for 1 consecutive steps, break.
Recall diff is too small for 1 consecutive steps, break.
Weighted average ef: 996.102
Per-bucket recall: conv_p20=32.9534 hard_recall=0.95 easy_recall=0.98
Training convergence-bucket 0 [20.2778, 28.2552) with 266 queries (recall=0.95).
Average Recall: 0.375489
Initial average recall with ef=100: 0.370923
Average Recall: 0.445752
Initial average recall with ef=150: 0.441192
Recall diff is too small for 1 consecutive steps, break.
Weighted average ef: 3042.41
Training convergence-bucket 1 [28.2552, 30.3328) with 266 queries (recall=0.95).
Average Recall: 0.383233
Initial average recall with ef=100: 0.381407
Average Recall: 0.469774
Initial average recall with ef=150: 0.467833
Recall diff is too small for 1 consecutive steps, break.
Recall diff is too small for 1 consecutive steps, break.
Recall diff is too small for 1 consecutive steps, break.
Weighted average ef: 2916.81
Training convergence-bucket 2 [30.3328, 32.9274) with 266 queries (recall=0.95).
Average Recall: 0.457594
Initial average recall with ef=100: 0.45624
Average Recall: 0.544324
Initial average recall with ef=150: 0.542209
Recall diff is too small for 1 consecutive steps, break.
Recall diff is too small for 1 consecutive steps, break.
Weighted average ef: 2005.64
Training convergence-bucket 3 [32.9274, 34.7396) with 266 queries (recall=0.98).
Average Recall: 0.490902
Initial average recall with ef=100: 0.489427
Average Recall: 0.577632
Initial average recall with ef=150: 0.576183
Recall diff is too small for 1 consecutive steps, break.
Recall diff is too small for 1 consecutive steps, break.
Recall diff is too small for 1 consecutive steps, break.
Recall diff is too small for 1 consecutive steps, break.
Recall diff is too small for 1 consecutive steps, break.
Weighted average ef: 3203.62
Training convergence-bucket 4 [34.7396, 36.5602) with 266 queries (recall=0.98).
Average Recall: 0.528647
Initial average recall with ef=100: 0.529535
Average Recall: 0.608834
Initial average recall with ef=150: 0.610465
Recall diff is too small for 1 consecutive steps, break.
Recall diff is too small for 1 consecutive steps, break.
Recall diff is too small for 1 consecutive steps, break.
Recall diff is too small for 1 consecutive steps, break.
Recall diff is too small for 1 consecutive steps, break.
Weighted average ef: 2990.89
Training convergence-bucket 5 [36.5602, 38.2869) with 266 queries (recall=0.98).
Average Recall: 0.55703
Initial average recall with ef=100: 0.555792
Average Recall: 0.647556
Initial average recall with ef=150: 0.647259
Recall diff is too small for 1 consecutive steps, break.
Recall diff is too small for 1 consecutive steps, break.
Weighted average ef: 2380.54
Training convergence-bucket 6 [38.2869, 40.1937) with 266 queries (recall=0.98).
Average Recall: 0.597782
Initial average recall with ef=100: 0.595385
Average Recall: 0.68188
Initial average recall with ef=150: 0.680308
Recall diff is too small for 1 consecutive steps, break.
Recall diff is too small for 1 consecutive steps, break.
Weighted average ef: 2039.63
Training convergence-bucket 7 [40.1937, 42.16) with 266 queries (recall=0.98).
Average Recall: 0.643459
Initial average recall with ef=100: 0.647689
Average Recall: 0.728458
Initial average recall with ef=150: 0.733586
Recall diff is too small for 1 consecutive steps, break.
Recall diff is too small for 1 consecutive steps, break.
Recall diff is too small for 1 consecutive steps, break.
Weighted average ef: 1568.94
Training convergence-bucket 8 [42.16, 44.4512) with 266 queries (recall=0.98).
Average Recall: 0.669361
Initial average recall with ef=100: 0.671699
Average Recall: 0.749512
Initial average recall with ef=150: 0.751621
Recall diff is too small for 1 consecutive steps, break.
Recall diff is too small for 1 consecutive steps, break.
Recall diff is too small for 1 consecutive steps, break.
Recall diff is too small for 1 consecutive steps, break.
Recall diff is too small for 1 consecutive steps, break.
Weighted average ef: 1363.32
Training convergence-bucket 9 [44.4512, 47.414) with 266 queries (recall=0.98).
Average Recall: 0.717481
Initial average recall with ef=100: 0.714621
Average Recall: 0.792819
Initial average recall with ef=150: 0.790876
Recall diff is too small for 1 consecutive steps, break.
Recall diff is too small for 1 consecutive steps, break.
Recall diff is too small for 1 consecutive steps, break.
Recall diff is too small for 1 consecutive steps, break.
Weighted average ef: 1078.7
Training convergence-bucket 10 [47.414, 50.5856) with 266 queries (recall=0.98).
Average Recall: 0.759474
Initial average recall with ef=100: 0.762903
Average Recall: 0.832256
Initial average recall with ef=150: 0.835202
Recall diff is too small for 1 consecutive steps, break.
Recall diff is too small for 1 consecutive steps, break.
Recall diff is too small for 1 consecutive steps, break.
Recall diff is too small for 1 consecutive steps, break.
Recall diff is too small for 1 consecutive steps, break.
Weighted average ef: 812.504
Training convergence-bucket 11 [50.5856, 54.8658) with 266 queries (recall=0.98).
Average Recall: 0.801617
Initial average recall with ef=100: 0.802292
Average Recall: 0.865827
Initial average recall with ef=150: 0.866601
Recall diff is too small for 1 consecutive steps, break.
Recall diff is too small for 1 consecutive steps, break.
Weighted average ef: 698.451
Training convergence-bucket 12 [54.8658, 60.9386) with 266 queries (recall=0.98).
Average Recall: 0.85218
Initial average recall with ef=100: 0.857912
Average Recall: 0.905526
Initial average recall with ef=150: 0.911687
Recall diff is too small for 1 consecutive steps, break.
Recall diff is too small for 1 consecutive steps, break.
Weighted average ef: 474.038
Training convergence-bucket 13 [60.9386, 70.0557) with 266 queries (recall=0.98).
Average Recall: 0.913774
Initial average recall with ef=100: 0.91588
Average Recall: 0.949547
Initial average recall with ef=150: 0.95136
Recall diff is too small for 1 consecutive steps, break.
Recall diff is too small for 1 consecutive steps, break.
Recall diff is too small for 1 consecutive steps, break.
Weighted average ef: 226.782
Training convergence-bucket 14 [70.0557, inf) with 276 queries (recall=0.98).
Average Recall: 0.957964
Initial average recall with ef=100: 0.965158
Average Recall: 0.975128
Initial average recall with ef=150: 0.979331
Recall diff is too small for 1 consecutive steps, break.
Weighted average ef: 152.92
Reconstructed True WAE: 801.347 (Hard Pct: 0.00835)
  Avg Ef Hard (bucketed): 3225.27 | Avg Ef Easy (bucketed): 780.937
Search time: 9788 ms
Search time: 10492 ms
Search time: 10564 ms
Average Recall: 0.97507
5th percentile recall: 0.93
1st percentile recall: 0.87
Median search time: 10492 ms
Search times: 9788 ms, 10492 ms, 10564 ms, 
tiny5m-384-euclidean experiment results:
statisc_length, time, avg_recall, 5th_percentile_recall, 1st_percentile_recall, recall_above_99, recall_above_95, recall_above_90
1025, 10492, 0.97507, 0.93, 0.87, 495, 847, 974
Experiment finished

--- n_convergence_buckets: 20 ---

Loading samplings from /home/yc.shea/experiments/shiro-ef/sampling/tiny5m-384-euclidean-samplings--k100-ef.bin
Samplings loaded from /home/yc.shea/experiments/shiro-ef/sampling/tiny5m-384-euclidean-samplings--k100-ef.bin
Average Recall: 0.647698
Initial average recall with ef=100: 0.647272
Average Recall: 0.71884
Initial average recall with ef=150: 0.718396
Recall diff is too small for 1 consecutive steps, break.
Recall diff is too small for 1 consecutive steps, break.
Recall diff is too small for 1 consecutive steps, break.
Recall diff is too small for 1 consecutive steps, break.
Recall diff is too small for 1 consecutive steps, break.
Recall diff is too small for 1 consecutive steps, break.
Weighted average ef: 995.914
Per-bucket recall: conv_p20=32.9534 hard_recall=0.95 easy_recall=0.98
Training convergence-bucket 0 [20.2778, 27.7116) with 200 queries (recall=0.95).
Average Recall: 0.3851
Initial average recall with ef=100: 0.381231
Average Recall: 0.45325
Initial average recall with ef=150: 0.449436
Weighted average ef: 2909.87
Training convergence-bucket 1 [27.7116, 29.0744) with 200 queries (recall=0.95).
Average Recall: 0.3627
Initial average recall with ef=100: 0.35599
Average Recall: 0.4489
Initial average recall with ef=150: 0.442865
Recall diff is too small for 1 consecutive steps, break.
Recall diff is too small for 1 consecutive steps, break.
Weighted average ef: 3161.87
Training convergence-bucket 2 [29.0744, 31.0134) with 200 queries (recall=0.95).
Average Recall: 0.40795
Initial average recall with ef=100: 0.40299
Average Recall: 0.49145
Initial average recall with ef=150: 0.486495
Recall diff is too small for 1 consecutive steps, break.
Recall diff is too small for 1 consecutive steps, break.
Weighted average ef: 2600.12
Training convergence-bucket 3 [31.0134, 32.9534) with 200 queries (recall=0.95).
Average Recall: 0.46735
Initial average recall with ef=100: 0.466632
Average Recall: 0.5549
Initial average recall with ef=150: 0.553316
Recall diff is too small for 1 consecutive steps, break.
Recall diff is too small for 1 consecutive steps, break.
Recall diff is too small for 1 consecutive steps, break.
Weighted average ef: 1975.42
Training convergence-bucket 4 [32.9534, 34.3368) with 200 queries (recall=0.98).
Average Recall: 0.493
Initial average recall with ef=100: 0.491827
Average Recall: 0.579
Initial average recall with ef=150: 0.577868
Recall diff is too small for 1 consecutive steps, break.
Recall diff is too small for 1 consecutive steps, break.
Recall diff is too small for 1 consecutive steps, break.
Recall diff is too small for 1 consecutive steps, break.
Recall diff is too small for 1 consecutive steps, break.
Recall diff is too small for 1 consecutive steps, break.
Recall diff is too small for 1 consecutive steps, break.
Weighted average ef: 3128.37
Training convergence-bucket 5 [34.3368, 35.669) with 200 queries (recall=0.98).
Average Recall: 0.5096
Initial average recall with ef=100: 0.507552
Average Recall: 0.59165
Initial average recall with ef=150: 0.591354
Recall diff is too small for 1 consecutive steps, break.
Recall diff is too small for 1 consecutive steps, break.
Recall diff is too small for 1 consecutive steps, break.
Recall diff is too small for 1 consecutive steps, break.
Recall diff is too small for 1 consecutive steps, break.
Recall diff is too small for 1 consecutive steps, break.
Weighted average ef: 3070.83
Training convergence-bucket 6 [35.669, 37.0302) with 200 queries (recall=0.98).
Average Recall: 0.5412
Initial average recall with ef=100: 0.540963
Average Recall: 0.62545
Initial average recall with ef=150: 0.625882
Recall diff is too small for 1 consecutive steps, break.
Recall diff is too small for 1 consecutive steps, break.
Weighted average ef: 2598.39
Training convergence-bucket 7 [37.0302, 38.3431) with 200 queries (recall=0.98).
Average Recall: 0.5589
Initial average recall with ef=100: 0.557358
Average Recall: 0.6488
Initial average recall with ef=150: 0.648394
Recall diff is too small for 1 consecutive steps, break.
Recall diff is too small for 1 consecutive steps, break.
Recall diff is too small for 1 consecutive steps, break.
Recall diff is too small for 1 consecutive steps, break.
Weighted average ef: 2262.19
Training convergence-bucket 8 [38.3431, 39.7092) with 200 queries (recall=0.98).
Average Recall: 0.59525
Initial average recall with ef=100: 0.59099
Average Recall: 0.6783
Initial average recall with ef=150: 0.67526
Recall diff is too small for 1 consecutive steps, break.
Recall diff is too small for 1 consecutive steps, break.
Recall diff is too small for 1 consecutive steps, break.
Weighted average ef: 2036.85
Training convergence-bucket 9 [39.7092, 41.1794) with 200 queries (recall=0.98).
Average Recall: 0.62215
Initial average recall with ef=100: 0.623698
Average Recall: 0.70835
Initial average recall with ef=150: 0.71099
Recall diff is too small for 1 consecutive steps, break.
Recall diff is too small for 1 consecutive steps, break.
Recall diff is too small for 1 consecutive steps, break.
Recall diff is too small for 1 consecutive steps, break.
Weighted average ef: 1772.48
Training convergence-bucket 10 [41.1794, 42.7749) with 200 queries (recall=0.98).
Average Recall: 0.6594
Initial average recall with ef=100: 0.664946
Average Recall: 0.74345
Initial average recall with ef=150: 0.748602
Recall diff is too small for 1 consecutive steps, break.
Recall diff is too small for 1 consecutive steps, break.
Weighted average ef: 1409.78
Training convergence-bucket 11 [42.7749, 44.4849) with 200 queries (recall=0.98).
Average Recall: 0.67545
Initial average recall with ef=100: 0.680656
Average Recall: 0.7547
Initial average recall with ef=150: 0.758852
Weighted average ef: 1229.08
Training convergence-bucket 12 [44.4849, 46.6924) with 200 queries (recall=0.98).
Average Recall: 0.71365
Initial average recall with ef=100: 0.715
Average Recall: 0.7898
Initial average recall with ef=150: 0.79172
Recall diff is too small for 1 consecutive steps, break.
Recall diff is too small for 1 consecutive steps, break.
Recall diff is too small for 1 consecutive steps, break.
Recall diff is too small for 1 consecutive steps, break.
Recall diff is too small for 1 consecutive steps, break.
Recall diff is too small for 1 consecutive steps, break.
Weighted average ef: 1048.51
Training convergence-bucket 13 [46.6924, 48.9284) with 200 queries (recall=0.98).
Average Recall: 0.74275
Initial average recall with ef=100: 0.74962
Average Recall: 0.8152
Initial average recall with ef=150: 0.821848
Recall diff is too small for 1 consecutive steps, break.
Weighted average ef: 956.325
Training convergence-bucket 14 [48.9284, 51.7749) with 200 queries (recall=0.98).
Average Recall: 0.7772
Initial average recall with ef=100: 0.779297
Average Recall: 0.84845
Initial average recall with ef=150: 0.849568
Weighted average ef: 730.55
Training convergence-bucket 15 [51.7749, 55.0126) with 200 queries (recall=0.98).
Average Recall: 0.8092
Initial average recall with ef=100: 0.808595
Average Recall: 0.87165
Initial average recall with ef=150: 0.871405
Recall diff is too small for 1 consecutive steps, break.
Recall diff is too small for 1 consecutive steps, break.
Weighted average ef: 654.73
Training convergence-bucket 16 [55.0126, 59.2561) with 200 queries (recall=0.98).
Average Recall: 0.84635
Initial average recall with ef=100: 0.853118
Average Recall: 0.9005
Initial average recall with ef=150: 0.907258
Recall diff is too small for 1 consecutive steps, break.
Weighted average ef: 506.25
Training convergence-bucket 17 [59.2561, 65.1821) with 200 queries (recall=0.98).
Average Recall: 0.891106
Initial average recall with ef=100: 0.897627
Average Recall: 0.932111
Initial average recall with ef=150: 0.937571
Weighted average ef: 326.67
Training convergence-bucket 18 [65.1821, 73.7763) with 200 queries (recall=0.98).
Average Recall: 0.9401
Initial average recall with ef=100: 0.947333
Average Recall: 0.9681
Initial average recall with ef=150: 0.973945
Recall diff is too small for 1 consecutive steps, break.
Weighted average ef: 182.145
Training convergence-bucket 19 [73.7763, inf) with 200 queries (recall=0.98).
Average Recall: 0.958342
Initial average recall with ef=100: 0.966429
Average Recall: 0.975176
Initial average recall with ef=150: 0.978846
Weighted average ef: 148.22
Reconstructed True WAE: 955.462 (Hard Pct: 0.00835)
  Avg Ef Hard (bucketed): 3251.95 | Avg Ef Easy (bucketed): 936.125
Search time: 10477 ms
Search time: 10509 ms
Search time: 9893 ms
Average Recall: 0.97469
5th percentile recall: 0.93
1st percentile recall: 0.88
Median search time: 10477 ms
Search times: 9893 ms, 10477 ms, 10509 ms, 
tiny5m-384-euclidean experiment results:
statisc_length, time, avg_recall, 5th_percentile_recall, 1st_percentile_recall, recall_above_99, recall_above_95, recall_above_90
1025, 10477, 0.97469, 0.93, 0.88, 486, 839, 974
Experiment finished


Dataset: msmarco
Metric: cd
Normalize the data vectors
Data vectors dimensions: 8841823 x 1536
Query vectors dimensions: 6980 x 1536
Neighbors dimensions: 6980 x 1000
Using AVX Inner Product distance
Index loaded
Dimension of space:1536
Data size of space:6144

--- n_convergence_buckets: 5 ---

Loading samplings from /home/yc.shea/experiments/shiro-ef/sampling/msmarco-samplings--k1000-ef.bin
Samplings loaded from /home/yc.shea/experiments/shiro-ef/sampling/msmarco-samplings--k1000-ef.bin
Average Recall: 0.954404
Initial average recall with ef=1000: 0.954361
Average Recall: 0.973804
Initial average recall with ef=1500: 0.973772
Weighted average ef: 1360.76
Per-bucket recall: conv_p20=54.8034 hard_recall=0.95 easy_recall=0.98
Training convergence-bucket 0 [13.7411, 54.8034) with 800 queries (recall=0.95).
Average Recall: 0.883166
Initial average recall with ef=1000: 0.880682
Average Recall: 0.926639
Initial average recall with ef=1500: 0.924979
Weighted average ef: 2300.05
Training convergence-bucket 1 [54.8034, 69.3943) with 800 queries (recall=0.98).
Average Recall: 0.936416
Initial average recall with ef=1000: 0.934893
Average Recall: 0.963667
Initial average recall with ef=1500: 0.962746
Weighted average ef: 2399.35
Training convergence-bucket 2 [69.3943, 76.6784) with 800 queries (recall=0.98).
Average Recall: 0.974917
Initial average recall with ef=1000: 0.975491
Average Recall: 0.987805
Initial average recall with ef=1500: 0.988205
Weighted average ef: 1336.88
Training convergence-bucket 3 [76.6784, 80.83) with 800 queries (recall=0.98).
Average Recall: 0.985863
Initial average recall with ef=1000: 0.986371
Average Recall: 0.994052
Initial average recall with ef=1500: 0.994352
Weighted average ef: 1133.12
Training convergence-bucket 4 [80.83, inf) with 800 queries (recall=0.98).
Average Recall: 0.991635
Initial average recall with ef=1000: 0.992026
Average Recall: 0.996818
Initial average recall with ef=1500: 0.997055
Weighted average ef: 1018.75
Reconstructed True WAE: 1168.22 (Hard Pct: 0.027)
  Avg Ef Hard (bucketed): 2313.31 | Avg Ef Easy (bucketed): 1136.45
Search time: 224610 ms
Search time: 225980 ms
Search time: 226477 ms
Average Recall: 0.976648
5th percentile recall: 0.91
1st percentile recall: 0.853
Median search time: 225980 ms
Search times: 224610 ms, 225980 ms, 226477 ms, 
msmarco experiment results:
statisc_length, time, avg_recall, 5th_percentile_recall, 1st_percentile_recall, recall_above_99, recall_above_95, recall_above_90
1025, 225980, 0.976648, 0.91, 0.853, 3329, 5978, 6706
Experiment finished

--- n_convergence_buckets: 10 ---

Loading samplings from /home/yc.shea/experiments/shiro-ef/sampling/msmarco-samplings--k1000-ef.bin
Samplings loaded from /home/yc.shea/experiments/shiro-ef/sampling/msmarco-samplings--k1000-ef.bin
Average Recall: 0.954404
Initial average recall with ef=1000: 0.954361
Average Recall: 0.973804
Initial average recall with ef=1500: 0.973772
Weighted average ef: 1360.76
Per-bucket recall: conv_p20=54.8034 hard_recall=0.95 easy_recall=0.98
Training convergence-bucket 0 [13.7411, 49.5293) with 400 queries (recall=0.95).
Average Recall: 0.866553
Initial average recall with ef=1000: 0.863815
Average Recall: 0.913742
Initial average recall with ef=1500: 0.911935
Weighted average ef: 2503.84
Training convergence-bucket 1 [49.5293, 54.8034) with 400 queries (recall=0.95).
Average Recall: 0.89978
Initial average recall with ef=1000: 0.896674
Average Recall: 0.939535
Initial average recall with ef=1500: 0.937525
Weighted average ef: 1945
Training convergence-bucket 2 [54.8034, 60.5192) with 400 queries (recall=0.98).
Average Recall: 0.91158
Initial average recall with ef=1000: 0.908764
Average Recall: 0.947032
Initial average recall with ef=1500: 0.945239
Weighted average ef: 3012.3
Training convergence-bucket 3 [60.5192, 69.3943) with 400 queries (recall=0.98).
Average Recall: 0.961252
Initial average recall with ef=1000: 0.96054
Average Recall: 0.980302
Initial average recall with ef=1500: 0.980005
Weighted average ef: 1612.97
Training convergence-bucket 4 [69.3943, 73.5778) with 400 queries (recall=0.98).
Average Recall: 0.970972
Initial average recall with ef=1000: 0.971369
Average Recall: 0.985537
Initial average recall with ef=1500: 0.985914
Weighted average ef: 1426.25
Training convergence-bucket 5 [73.5778, 76.6784) with 400 queries (recall=0.98).
Average Recall: 0.978862
Initial average recall with ef=1000: 0.979324
Average Recall: 0.990071
Initial average recall with ef=1500: 0.990358
Weighted average ef: 1233.75
Training convergence-bucket 6 [76.6784, 78.9222) with 400 queries (recall=0.98).
Average Recall: 0.984597
Initial average recall with ef=1000: 0.985411
Average Recall: 0.993424
Initial average recall with ef=1500: 0.993929
Weighted average ef: 1128.75
Training convergence-bucket 7 [78.9222, 80.83) with 400 queries (recall=0.98).
Average Recall: 0.987129
Initial average recall with ef=1000: 0.987822
Average Recall: 0.994676
Initial average recall with ef=1500: 0.995018
Weighted average ef: 1055.99
Training convergence-bucket 8 [80.83, 82.8812) with 400 queries (recall=0.98).
Average Recall: 0.990616
Initial average recall with ef=1000: 0.991445
Average Recall: 0.996366
Initial average recall with ef=1500: 0.996847
Weighted average ef: 1022.5
Training convergence-bucket 9 [82.8812, inf) with 400 queries (recall=0.98).
Average Recall: 0.992651
Initial average recall with ef=1000: 0.992997
Average Recall: 0.997266
Initial average recall with ef=1500: 0.997466
Weighted average ef: 1003.39
Reconstructed True WAE: 1156.91 (Hard Pct: 0.027)
  Avg Ef Hard (bucketed): 2121.84 | Avg Ef Easy (bucketed): 1130.14
Search time: 216188 ms
Search time: 217520 ms
Search time: 216904 ms
Average Recall: 0.975355
5th percentile recall: 0.905
1st percentile recall: 0.846
Median search time: 216904 ms
Search times: 216188 ms, 216904 ms, 217520 ms, 
msmarco experiment results:
statisc_length, time, avg_recall, 5th_percentile_recall, 1st_percentile_recall, recall_above_99, recall_above_95, recall_above_90
1025, 216904, 0.975355, 0.905, 0.846, 3256, 5913, 6666
Experiment finished

--- n_convergence_buckets: 15 ---

Loading samplings from /home/yc.shea/experiments/shiro-ef/sampling/msmarco-samplings--k1000-ef.bin
Samplings loaded from /home/yc.shea/experiments/shiro-ef/sampling/msmarco-samplings--k1000-ef.bin
Average Recall: 0.954404
Initial average recall with ef=1000: 0.954361
Average Recall: 0.973804
Initial average recall with ef=1500: 0.973772
Weighted average ef: 1360.76
Per-bucket recall: conv_p20=54.8034 hard_recall=0.95 easy_recall=0.98
Training convergence-bucket 0 [13.7411, 47.1291) with 266 queries (recall=0.95).
Average Recall: 0.854064
Initial average recall with ef=1000: 0.85041
Average Recall: 0.904372
Initial average recall with ef=1500: 0.901952
Weighted average ef: 2675.9
Training convergence-bucket 1 [47.1291, 51.6138) with 266 queries (recall=0.95).
Average Recall: 0.894263
Initial average recall with ef=1000: 0.891314
Average Recall: 0.93459
Initial average recall with ef=1500: 0.932722
Weighted average ef: 2021.56
Training convergence-bucket 2 [51.6138, 54.7758) with 266 queries (recall=0.95).
Average Recall: 0.900489
Initial average recall with ef=1000: 0.897792
Average Recall: 0.940497
Initial average recall with ef=1500: 0.938725
Weighted average ef: 1949.25
Training convergence-bucket 3 [54.7758, 57.7204) with 266 queries (recall=0.98).
Average Recall: 0.905527
Initial average recall with ef=1000: 0.904027
Average Recall: 0.942767
Initial average recall with ef=1500: 0.941875
Weighted average ef: 3178.55
Training convergence-bucket 4 [57.7204, 64.1972) with 266 queries (recall=0.98).
Average Recall: 0.937718
Initial average recall with ef=1000: 0.935888
Average Recall: 0.965071
Initial average recall with ef=1500: 0.964434
Weighted average ef: 2199.45
Training convergence-bucket 5 [64.1972, 69.3669) with 266 queries (recall=0.98).
Average Recall: 0.965868
Initial average recall with ef=1000: 0.964793
Average Recall: 0.983079
Initial average recall with ef=1500: 0.982378
Weighted average ef: 1538.24
Training convergence-bucket 6 [69.3669, 72.2843) with 266 queries (recall=0.98).
Average Recall: 0.968376
Initial average recall with ef=1000: 0.968082
Average Recall: 0.98386
Initial average recall with ef=1500: 0.98386
Weighted average ef: 1458.76
Training convergence-bucket 7 [72.2843, 74.646) with 266 queries (recall=0.98).
Average Recall: 0.976004
Initial average recall with ef=1000: 0.97754
Average Recall: 0.988349
Initial average recall with ef=1500: 0.989379
Weighted average ef: 1202.93
Training convergence-bucket 8 [74.646, 76.6455) with 266 queries (recall=0.98).
Average Recall: 0.980064
Initial average recall with ef=1000: 0.980057
Average Recall: 0.991029
Initial average recall with ef=1500: 0.99102
Weighted average ef: 1180.45
Training convergence-bucket 9 [76.6455, 78.2683) with 266 queries (recall=0.98).
Average Recall: 0.983191
Initial average recall with ef=1000: 0.983848
Average Recall: 0.992755
Initial average recall with ef=1500: 0.993209
Weighted average ef: 1101.5
Training convergence-bucket 10 [78.2683, 79.408) with 266 queries (recall=0.98).
Average Recall: 0.986353
Initial average recall with ef=1000: 0.987125
Average Recall: 0.994116
Initial average recall with ef=1500: 0.99452
Weighted average ef: 1046.99
Training convergence-bucket 11 [79.408, 80.7942) with 266 queries (recall=0.98).
Average Recall: 0.987808
Initial average recall with ef=1000: 0.989101
Average Recall: 0.995093
Initial average recall with ef=1500: 0.995781
Weighted average ef: 998.12
Training convergence-bucket 12 [80.7942, 82.2029) with 266 queries (recall=0.98).
Average Recall: 0.989574
Initial average recall with ef=1000: 0.990316
Average Recall: 0.995966
Initial average recall with ef=1500: 0.996352
Weighted average ef: 1001.88
Training convergence-bucket 13 [82.2029, 83.6132) with 266 queries (recall=0.98).
Average Recall: 0.992714
Initial average recall with ef=1000: 0.99348
Average Recall: 0.99748
Initial average recall with ef=1500: 0.997895
Weighted average ef: 986.406
Training convergence-bucket 14 [83.6132, inf) with 276 queries (recall=0.98).
Average Recall: 0.992546
Initial average recall with ef=1000: 0.992794
Average Recall: 0.997035
Initial average recall with ef=1500: 0.997171
Weighted average ef: 960.145
Reconstructed True WAE: 1169.45 (Hard Pct: 0.027)
  Avg Ef Hard (bucketed): 2111.53 | Avg Ef Easy (bucketed): 1143.31
Search time: 219567 ms
Search time: 220458 ms
Search time: 220699 ms
Average Recall: 0.975791
5th percentile recall: 0.909
1st percentile recall: 0.847
Median search time: 220458 ms
Search times: 219567 ms, 220458 ms, 220699 ms, 
msmarco experiment results:
statisc_length, time, avg_recall, 5th_percentile_recall, 1st_percentile_recall, recall_above_99, recall_above_95, recall_above_90
1025, 220458, 0.975791, 0.909, 0.847, 3276, 5916, 6702
Experiment finished

--- n_convergence_buckets: 20 ---

Loading samplings from /home/yc.shea/experiments/shiro-ef/sampling/msmarco-samplings--k1000-ef.bin
Samplings loaded from /home/yc.shea/experiments/shiro-ef/sampling/msmarco-samplings--k1000-ef.bin
Average Recall: 0.954404
Initial average recall with ef=1000: 0.954361
Average Recall: 0.973804
Initial average recall with ef=1500: 0.973772
Weighted average ef: 1360.76
Per-bucket recall: conv_p20=54.8034 hard_recall=0.95 easy_recall=0.98
Training convergence-bucket 0 [13.7411, 45.3145) with 200 queries (recall=0.95).
Average Recall: 0.85153
Initial average recall with ef=1000: 0.845124
Average Recall: 0.90237
Initial average recall with ef=1500: 0.897962
Weighted average ef: 2779.68
Training convergence-bucket 1 [45.3145, 49.5293) with 200 queries (recall=0.95).
Average Recall: 0.881575
Initial average recall with ef=1000: 0.880344
Average Recall: 0.925115
Initial average recall with ef=1500: 0.924561
Weighted average ef: 2259.71
Training convergence-bucket 2 [49.5293, 52.577) with 200 queries (recall=0.95).
Average Recall: 0.898515
Initial average recall with ef=1000: 0.895593
Average Recall: 0.938365
Initial average recall with ef=1500: 0.936508
Weighted average ef: 1915
Training convergence-bucket 3 [52.577, 54.8034) with 200 queries (recall=0.95).
Average Recall: 0.901045
Initial average recall with ef=1000: 0.897903
Average Recall: 0.940705
Initial average recall with ef=1500: 0.938649
Weighted average ef: 1899.39
Training convergence-bucket 4 [54.8034, 57.0867) with 200 queries (recall=0.98).
Average Recall: 0.90403
Initial average recall with ef=1000: 0.901903
Average Recall: 0.941925
Initial average recall with ef=1500: 0.940591
Weighted average ef: 3110.09
Training convergence-bucket 5 [57.0867, 60.5192) with 200 queries (recall=0.98).
Average Recall: 0.91913
Initial average recall with ef=1000: 0.917321
Average Recall: 0.95214
Initial average recall with ef=1500: 0.951446
Weighted average ef: 2762.37
Training convergence-bucket 6 [60.5192, 65.9491) with 200 queries (recall=0.98).
Average Recall: 0.95532
Initial average recall with ef=1000: 0.954747
Average Recall: 0.976595
Initial average recall with ef=1500: 0.9765
Weighted average ef: 1734.34
Training convergence-bucket 7 [65.9491, 69.3943) with 200 queries (recall=0.98).
Average Recall: 0.967185
Initial average recall with ef=1000: 0.966038
Average Recall: 0.98401
Initial average recall with ef=1500: 0.983287
Weighted average ef: 1482.82
Training convergence-bucket 8 [69.3943, 71.6619) with 200 queries (recall=0.98).
Average Recall: 0.968815
Initial average recall with ef=1000: 0.967961
Average Recall: 0.984375
Initial average recall with ef=1500: 0.984073
Weighted average ef: 1390.47
Training convergence-bucket 9 [71.6619, 73.5778) with 200 queries (recall=0.98).
Average Recall: 0.97313
Initial average recall with ef=1000: 0.973892
Average Recall: 0.9867
Initial average recall with ef=1500: 0.987227
Weighted average ef: 1207.5
Training convergence-bucket 10 [73.5778, 75.261) with 200 queries (recall=0.98).
Average Recall: 0.97658
Initial average recall with ef=1000: 0.977033
Average Recall: 0.988335
Initial average recall with ef=1500: 0.98856
Weighted average ef: 1247.5
Training convergence-bucket 11 [75.261, 76.6784) with 200 queries (recall=0.98).
Average Recall: 0.981145
Initial average recall with ef=1000: 0.981703
Average Recall: 0.99181
Initial average recall with ef=1500: 0.992236
Weighted average ef: 1019.07
Training convergence-bucket 12 [76.6784, 77.8895) with 200 queries (recall=0.98).
Average Recall: 0.98384
Initial average recall with ef=1000: 0.984236
Average Recall: 0.993225
Initial average recall with ef=1500: 0.993515
Weighted average ef: 955
Training convergence-bucket 13 [77.8895, 78.9222) with 200 queries (recall=0.98).
Average Recall: 0.985355
Initial average recall with ef=1000: 0.987175
Average Recall: 0.993625
Initial average recall with ef=1500: 0.994701
Weighted average ef: 974.17
Training convergence-bucket 14 [78.9222, 79.7778) with 200 queries (recall=0.98).
Average Recall: 0.985115
Initial average recall with ef=1000: 0.98671
Average Recall: 0.99352
Initial average recall with ef=1500: 0.994346
Weighted average ef: 995
Training convergence-bucket 15 [79.7778, 80.83) with 200 queries (recall=0.98).
Average Recall: 0.989145
Initial average recall with ef=1000: 0.990257
Average Recall: 0.995835
Initial average recall with ef=1500: 0.996475
Weighted average ef: 935
Training convergence-bucket 16 [80.83, 81.8984) with 200 queries (recall=0.98).
Average Recall: 0.990285
Initial average recall with ef=1000: 0.990739
Average Recall: 0.99635
Initial average recall with ef=1500: 0.996489
Weighted average ef: 937.5
Training convergence-bucket 17 [81.8984, 82.8812) with 200 queries (recall=0.98).
Average Recall: 0.990949
Initial average recall with ef=1000: 0.993134
Average Recall: 0.996385
Initial average recall with ef=1500: 0.997687
Weighted average ef: 913.82
Training convergence-bucket 18 [82.8812, 84.1361) with 200 queries (recall=0.98).
Average Recall: 0.993025
Initial average recall with ef=1000: 0.993528
Average Recall: 0.997795
Initial average recall with ef=1500: 0.998028
Weighted average ef: 900
Training convergence-bucket 19 [84.1361, inf) with 200 queries (recall=0.98).
Average Recall: 0.992279
Initial average recall with ef=1000: 0.992943
Average Recall: 0.996739
Initial average recall with ef=1500: 0.997006
Weighted average ef: 922.5
Reconstructed True WAE: 1133.76 (Hard Pct: 0.027)
  Avg Ef Hard (bucketed): 2045.79 | Avg Ef Easy (bucketed): 1108.46
Search time: 214517 ms
Search time: 216303 ms
Search time: 215779 ms
Average Recall: 0.974836
5th percentile recall: 0.904
1st percentile recall: 0.84
Median search time: 215779 ms
Search times: 214517 ms, 215779 ms, 216303 ms, 
msmarco experiment results:
statisc_length, time, avg_recall, 5th_percentile_recall, 1st_percentile_recall, recall_above_99, recall_above_95, recall_above_90
1025, 215779, 0.974836, 0.904, 0.84, 3208, 5882, 6667
Experiment finished


Dataset: cohere
Metric: cd
Normalize the data vectors
Data vectors dimensions: 18380565 x 1024
Query vectors dimensions: 1677 x 1024
Neighbors dimensions: 1677 x 1000
Using AVX Inner Product distance
Index loaded
Dimension of space:1024
Data size of space:4096

--- n_convergence_buckets: 5 ---

Loading samplings from /home/yc.shea/experiments/shiro-ef/sampling/cohere-samplings--k1000-ef.bin
Samplings loaded from /home/yc.shea/experiments/shiro-ef/sampling/cohere-samplings--k1000-ef.bin
Average Recall: 0.94905
Initial average recall with ef=1000: 0.949029
Average Recall: 0.970769
Initial average recall with ef=1500: 0.970748
Weighted average ef: 1393.02
Per-bucket recall: conv_p20=53.4276 hard_recall=0.95 easy_recall=0.98
Training convergence-bucket 0 [10.8442, 53.4276) with 800 queries (recall=0.95).
Average Recall: 0.886816
Initial average recall with ef=1000: 0.882127
Average Recall: 0.927074
Initial average recall with ef=1500: 0.923776
Weighted average ef: 2370.35
Training convergence-bucket 1 [53.4276, 66.4052) with 800 queries (recall=0.98).
Average Recall: 0.941485
Initial average recall with ef=1000: 0.941615
Average Recall: 0.967304
Initial average recall with ef=1500: 0.967511
Weighted average ef: 2180.87
Training convergence-bucket 2 [66.4052, 72.215) with 800 queries (recall=0.98).
Average Recall: 0.964967
Initial average recall with ef=1000: 0.965228
Average Recall: 0.98241
Initial average recall with ef=1500: 0.982636
Weighted average ef: 1615.19
Training convergence-bucket 3 [72.215, 76.8149) with 800 queries (recall=0.98).
Average Recall: 0.972791
Initial average recall with ef=1000: 0.972987
Average Recall: 0.98673
Initial average recall with ef=1500: 0.986865
Weighted average ef: 1464.91
Training convergence-bucket 4 [76.8149, inf) with 800 queries (recall=0.98).
Average Recall: 0.979176
Initial average recall with ef=1000: 0.979785
Average Recall: 0.990293
Initial average recall with ef=1500: 0.990726
Weighted average ef: 1213.75
Reconstructed True WAE: 1368.25 (Hard Pct: 0.019625)
  Avg Ef Hard (bucketed): 2542.51 | Avg Ef Easy (bucketed): 1344.74
Search time: 57629 ms
Search time: 57356 ms
Search time: 58277 ms
Average Recall: 0.969626
5th percentile recall: 0.879
1st percentile recall: 0.719
Median search time: 57629 ms
Search times: 57356 ms, 57629 ms, 58277 ms, 
cohere experiment results:
statisc_length, time, avg_recall, 5th_percentile_recall, 1st_percentile_recall, recall_above_99, recall_above_95, recall_above_90
1025, 57629, 0.969626, 0.879, 0.719, 710, 1419, 1563
Experiment finished

--- n_convergence_buckets: 10 ---

Loading samplings from /home/yc.shea/experiments/shiro-ef/sampling/cohere-samplings--k1000-ef.bin
Samplings loaded from /home/yc.shea/experiments/shiro-ef/sampling/cohere-samplings--k1000-ef.bin
Average Recall: 0.94905
Initial average recall with ef=1000: 0.949029
Average Recall: 0.970769
Initial average recall with ef=1500: 0.970748
Weighted average ef: 1393.02
Per-bucket recall: conv_p20=53.4276 hard_recall=0.95 easy_recall=0.98
Training convergence-bucket 0 [10.8442, 46.8254) with 400 queries (recall=0.95).
Average Recall: 0.884645
Initial average recall with ef=1000: 0.876923
Average Recall: 0.924073
Initial average recall with ef=1500: 0.918439
Weighted average ef: 2404.44
Training convergence-bucket 1 [46.8254, 53.4276) with 400 queries (recall=0.95).
Average Recall: 0.888987
Initial average recall with ef=1000: 0.882708
Average Recall: 0.930075
Initial average recall with ef=1500: 0.925669
Weighted average ef: 2199.01
Training convergence-bucket 2 [53.4276, 61.9108) with 400 queries (recall=0.98).
Average Recall: 0.931416
Initial average recall with ef=1000: 0.930256
Average Recall: 0.960497
Initial average recall with ef=1500: 0.960078
Weighted average ef: 2340.92
Training convergence-bucket 3 [61.9108, 66.4052) with 400 queries (recall=0.98).
Average Recall: 0.951555
Initial average recall with ef=1000: 0.952095
Average Recall: 0.974112
Initial average recall with ef=1500: 0.974509
Weighted average ef: 1860.94
Training convergence-bucket 4 [66.4052, 69.7652) with 400 queries (recall=0.98).
Average Recall: 0.96432
Initial average recall with ef=1000: 0.964402
Average Recall: 0.982449
Initial average recall with ef=1500: 0.982637
Weighted average ef: 1577.01
Training convergence-bucket 5 [69.7652, 72.215) with 400 queries (recall=0.98).
Average Recall: 0.965614
Initial average recall with ef=1000: 0.965626
Average Recall: 0.982372
Initial average recall with ef=1500: 0.98246
Weighted average ef: 1621.7
Training convergence-bucket 6 [72.215, 74.5429) with 400 queries (recall=0.98).
Average Recall: 0.97059
Initial average recall with ef=1000: 0.971145
Average Recall: 0.985342
Initial average recall with ef=1500: 0.985694
Weighted average ef: 1444.88
Training convergence-bucket 7 [74.5429, 76.8149) with 400 queries (recall=0.98).
Average Recall: 0.974992
Initial average recall with ef=1000: 0.976018
Average Recall: 0.988116
Initial average recall with ef=1500: 0.988744
Weighted average ef: 1337.5
Training convergence-bucket 8 [76.8149, 79.5596) with 400 queries (recall=0.98).
Average Recall: 0.977495
Initial average recall with ef=1000: 0.978765
Average Recall: 0.989944
Initial average recall with ef=1500: 0.990842
Weighted average ef: 1186.25
Training convergence-bucket 9 [79.5596, inf) with 400 queries (recall=0.98).
Average Recall: 0.980857
Initial average recall with ef=1000: 0.982433
Average Recall: 0.990641
Initial average recall with ef=1500: 0.991562
Weighted average ef: 1089.81
Reconstructed True WAE: 1348.53 (Hard Pct: 0.019625)
  Avg Ef Hard (bucketed): 2330.23 | Avg Ef Easy (bucketed): 1328.88
Search time: 57006 ms
Search time: 58224 ms
Search time: 57560 ms
Average Recall: 0.969616
5th percentile recall: 0.877
1st percentile recall: 0.724
Median search time: 57560 ms
Search times: 57006 ms, 57560 ms, 58224 ms, 
cohere experiment results:
statisc_length, time, avg_recall, 5th_percentile_recall, 1st_percentile_recall, recall_above_99, recall_above_95, recall_above_90
1025, 57560, 0.969616, 0.877, 0.724, 707, 1421, 1560
Experiment finished

--- n_convergence_buckets: 15 ---

Loading samplings from /home/yc.shea/experiments/shiro-ef/sampling/cohere-samplings--k1000-ef.bin
Samplings loaded from /home/yc.shea/experiments/shiro-ef/sampling/cohere-samplings--k1000-ef.bin
Average Recall: 0.94905
Initial average recall with ef=1000: 0.949029
Average Recall: 0.970769
Initial average recall with ef=1500: 0.970748
Weighted average ef: 1393.02
Per-bucket recall: conv_p20=53.4276 hard_recall=0.95 easy_recall=0.98
Training convergence-bucket 0 [10.8442, 43.0822) with 266 queries (recall=0.95).
Average Recall: 0.888616
Initial average recall with ef=1000: 0.87754
Average Recall: 0.927169
Initial average recall with ef=1500: 0.919248
Weighted average ef: 2283.6
Training convergence-bucket 1 [43.0822, 49.6585) with 266 queries (recall=0.95).
Average Recall: 0.882616
Initial average recall with ef=1000: 0.87654
Average Recall: 0.923725
Initial average recall with ef=1500: 0.919283
Weighted average ef: 2346.47
Training convergence-bucket 2 [49.6585, 53.4158) with 266 queries (recall=0.95).
Average Recall: 0.888981
Initial average recall with ef=1000: 0.880306
Average Recall: 0.930184
Initial average recall with ef=1500: 0.924429
Weighted average ef: 1917.83
Training convergence-bucket 3 [53.4158, 59.4047) with 266 queries (recall=0.98).
Average Recall: 0.925305
Initial average recall with ef=1000: 0.918854
Average Recall: 0.955959
Initial average recall with ef=1500: 0.951973
Weighted average ef: 2420.38
Training convergence-bucket 4 [59.4047, 63.7201) with 266 queries (recall=0.98).
Average Recall: 0.946207
Initial average recall with ef=1000: 0.947302
Average Recall: 0.970706
Initial average recall with ef=1500: 0.971992
Weighted average ef: 1858.39
Training convergence-bucket 5 [63.7201, 66.3633) with 266 queries (recall=0.98).
Average Recall: 0.952568
Initial average recall with ef=1000: 0.952437
Average Recall: 0.974925
Initial average recall with ef=1500: 0.97503
Weighted average ef: 1751.89
Training convergence-bucket 6 [66.3633, 68.658) with 266 queries (recall=0.98).
Average Recall: 0.964989
Initial average recall with ef=1000: 0.96391
Average Recall: 0.982823
Initial average recall with ef=1500: 0.982358
Weighted average ef: 1520.15
Training convergence-bucket 7 [68.658, 70.6384) with 266 queries (recall=0.98).
Average Recall: 0.962628
Initial average recall with ef=1000: 0.963697
Average Recall: 0.981394
Initial average recall with ef=1500: 0.982251
Weighted average ef: 1590.44
Training convergence-bucket 8 [70.6384, 72.18) with 266 queries (recall=0.98).
Average Recall: 0.966932
Initial average recall with ef=1000: 0.967214
Average Recall: 0.982763
Initial average recall with ef=1500: 0.98302
Weighted average ef: 1484.12
Training convergence-bucket 9 [72.18, 73.6675) with 266 queries (recall=0.98).
Average Recall: 0.96997
Initial average recall with ef=1000: 0.971343
Average Recall: 0.985094
Initial average recall with ef=1500: 0.985936
Weighted average ef: 1429.83
Training convergence-bucket 10 [73.6675, 75.2362) with 266 queries (recall=0.98).
Average Recall: 0.975203
Initial average recall with ef=1000: 0.976683
Average Recall: 0.988015
Initial average recall with ef=1500: 0.988988
Weighted average ef: 1225.5
Training convergence-bucket 11 [75.2362, 76.7788) with 266 queries (recall=0.98).
Average Recall: 0.97268
Initial average recall with ef=1000: 0.974796
Average Recall: 0.986861
Initial average recall with ef=1500: 0.988082
Weighted average ef: 1307.06
Training convergence-bucket 12 [76.7788, 78.4677) with 266 queries (recall=0.98).
Average Recall: 0.978056
Initial average recall with ef=1000: 0.979325
Average Recall: 0.99021
Initial average recall with ef=1500: 0.990968
Weighted average ef: 1167.29
Training convergence-bucket 13 [78.4677, 80.6561) with 266 queries (recall=0.98).
Average Recall: 0.97727
Initial average recall with ef=1000: 0.979761
Average Recall: 0.989334
Initial average recall with ef=1500: 0.99085
Weighted average ef: 1109.02
Training convergence-bucket 14 [80.6561, inf) with 276 queries (recall=0.98).
Average Recall: 0.98243
Initial average recall with ef=1000: 0.984135
Average Recall: 0.991496
Initial average recall with ef=1500: 0.992421
Weighted average ef: 1024.62
Reconstructed True WAE: 1288.62 (Hard Pct: 0.019625)
  Avg Ef Hard (bucketed): 2223.27 | Avg Ef Easy (bucketed): 1269.91
Search time: 55361 ms
Search time: 58150 ms
Search time: 57611 ms
Average Recall: 0.969547
5th percentile recall: 0.879
1st percentile recall: 0.729
Median search time: 57611 ms
Search times: 55361 ms, 57611 ms, 58150 ms, 
cohere experiment results:
statisc_length, time, avg_recall, 5th_percentile_recall, 1st_percentile_recall, recall_above_99, recall_above_95, recall_above_90
1025, 57611, 0.969547, 0.879, 0.729, 716, 1413, 1561
Experiment finished

--- n_convergence_buckets: 20 ---

Loading samplings from /home/yc.shea/experiments/shiro-ef/sampling/cohere-samplings--k1000-ef.bin
Samplings loaded from /home/yc.shea/experiments/shiro-ef/sampling/cohere-samplings--k1000-ef.bin
Average Recall: 0.94905
Initial average recall with ef=1000: 0.949029
Average Recall: 0.970769
Initial average recall with ef=1500: 0.970748
Weighted average ef: 1393.02
Per-bucket recall: conv_p20=53.4276 hard_recall=0.95 easy_recall=0.98
Training convergence-bucket 0 [10.8442, 40.5158) with 200 queries (recall=0.95).
Average Recall: 0.89036
Initial average recall with ef=1000: 0.878732
Average Recall: 0.928375
Initial average recall with ef=1500: 0.919866
Weighted average ef: 2205.25
Training convergence-bucket 1 [40.5158, 46.8254) with 200 queries (recall=0.95).
Average Recall: 0.87893
Initial average recall with ef=1000: 0.868199
Average Recall: 0.91977
Initial average recall with ef=1500: 0.912006
Recall diff is too small for 1 consecutive steps, break.
Weighted average ef: 2456.7
Training convergence-bucket 2 [46.8254, 50.9737) with 200 queries (recall=0.95).
Average Recall: 0.888685
Initial average recall with ef=1000: 0.881121
Average Recall: 0.929615
Initial average recall with ef=1500: 0.924682
Weighted average ef: 2113.72
Training convergence-bucket 3 [50.9737, 53.4276) with 200 queries (recall=0.95).
Average Recall: 0.88929
Initial average recall with ef=1000: 0.87621
Average Recall: 0.930535
Initial average recall with ef=1500: 0.921745
Weighted average ef: 1910.29
Training convergence-bucket 4 [53.4276, 57.6831) with 200 queries (recall=0.98).
Average Recall: 0.9172
Initial average recall with ef=1000: 0.905172
Average Recall: 0.950465
Initial average recall with ef=1500: 0.942682
Weighted average ef: 2506.54
Training convergence-bucket 5 [57.6831, 61.9108) with 200 queries (recall=0.98).
Average Recall: 0.94563
Initial average recall with ef=1000: 0.945842
Average Recall: 0.97053
Initial average recall with ef=1500: 0.971485
Weighted average ef: 1809.7
Training convergence-bucket 6 [61.9108, 64.4837) with 200 queries (recall=0.98).
Average Recall: 0.94672
Initial average recall with ef=1000: 0.946389
Average Recall: 0.97109
Initial average recall with ef=1500: 0.97112
Weighted average ef: 1757.61
Training convergence-bucket 7 [64.4837, 66.4052) with 200 queries (recall=0.98).
Average Recall: 0.95639
Initial average recall with ef=1000: 0.957708
Average Recall: 0.977135
Initial average recall with ef=1500: 0.978275
Weighted average ef: 1577.64
Training convergence-bucket 8 [66.4052, 68.1683) with 200 queries (recall=0.98).
Average Recall: 0.964415
Initial average recall with ef=1000: 0.963955
Average Recall: 0.98255
Initial average recall with ef=1500: 0.982432
Weighted average ef: 1491.8
Training convergence-bucket 9 [68.1683, 69.7652) with 200 queries (recall=0.98).
Average Recall: 0.964225
Initial average recall with ef=1000: 0.966238
Average Recall: 0.98235
Initial average recall with ef=1500: 0.984029
Weighted average ef: 1354.29
Training convergence-bucket 10 [69.7652, 71.1113) with 200 queries (recall=0.98).
Average Recall: 0.96416
Initial average recall with ef=1000: 0.965017
Average Recall: 0.981784
Initial average recall with ef=1500: 0.982425
Weighted average ef: 1448.64
Training convergence-bucket 11 [71.1113, 72.215) with 200 queries (recall=0.98).
Average Recall: 0.96707
Initial average recall with ef=1000: 0.966395
Average Recall: 0.98296
Initial average recall with ef=1500: 0.982567
Weighted average ef: 1469.38
Training convergence-bucket 12 [72.215, 73.3656) with 200 queries (recall=0.98).
Average Recall: 0.97027
Initial average recall with ef=1000: 0.972214
Average Recall: 0.9852
Initial average recall with ef=1500: 0.986278
Weighted average ef: 1258.56
Training convergence-bucket 13 [73.3656, 74.5429) with 200 queries (recall=0.98).
Average Recall: 0.97091
Initial average recall with ef=1000: 0.972
Average Recall: 0.985485
Initial average recall with ef=1500: 0.98625
Weighted average ef: 1330
Training convergence-bucket 14 [74.5429, 75.5824) with 200 queries (recall=0.98).
Average Recall: 0.97862
Initial average recall with ef=1000: 0.979838
Average Recall: 0.990115
Initial average recall with ef=1500: 0.99085
Weighted average ef: 1092.5
Training convergence-bucket 15 [75.5824, 76.8149) with 200 queries (recall=0.98).
Average Recall: 0.971365
Initial average recall with ef=1000: 0.974624
Average Recall: 0.98612
Initial average recall with ef=1500: 0.988062
Weighted average ef: 1278.04
Training convergence-bucket 16 [76.8149, 78.0458) with 200 queries (recall=0.98).
Average Recall: 0.97881
Initial average recall with ef=1000: 0.981017
Average Recall: 0.99054
Initial average recall with ef=1500: 0.991954
Weighted average ef: 1065
Training convergence-bucket 17 [78.0458, 79.5596) with 200 queries (recall=0.98).
Average Recall: 0.97618
Initial average recall with ef=1000: 0.978403
Average Recall: 0.98935
Initial average recall with ef=1500: 0.990766
Weighted average ef: 1047.5
Training convergence-bucket 18 [79.5596, 81.4958) with 200 queries (recall=0.98).
Average Recall: 0.97905
Initial average recall with ef=1000: 0.981056
Average Recall: 0.990099
Initial average recall with ef=1500: 0.991174
Weighted average ef: 1055
Training convergence-bucket 19 [81.4958, inf) with 200 queries (recall=0.98).
Average Recall: 0.982665
Initial average recall with ef=1000: 0.984392
Average Recall: 0.991185
Initial average recall with ef=1500: 0.992012
Weighted average ef: 937.845
Reconstructed True WAE: 1248.42 (Hard Pct: 0.019625)
  Avg Ef Hard (bucketed): 2344.11 | Avg Ef Easy (bucketed): 1226.49
Search time: 56493 ms
Search time: 57326 ms
Search time: 56776 ms
Average Recall: 0.969196
5th percentile recall: 0.876
1st percentile recall: 0.73
Median search time: 56776 ms
Search times: 56493 ms, 56776 ms, 57326 ms, 
cohere experiment results:
statisc_length, time, avg_recall, 5th_percentile_recall, 1st_percentile_recall, recall_above_99, recall_above_95, recall_above_90
1025, 56776, 0.969196, 0.876, 0.73, 695, 1406, 1560
Experiment finished
Starting ablation study tests: min_queries_per_score...




Dataset: deep-image-96-angular
Metric: cd
Normalize the data vectors
Data vectors dimensions: 9990000 x 96
Query vectors dimensions: 10000 x 96
Neighbors dimensions: 10000 x 100
Using AVX Inner Product distance
Index loaded
Dimension of space:96
Data size of space:384

--- min_queries_per_score: 0 ---

Loading samplings from /home/yc.shea/experiments/shiro-ef/sampling/deep-image-96-angular-samplings--k100-ef.bin
Samplings loaded from /home/yc.shea/experiments/shiro-ef/sampling/deep-image-96-angular-samplings--k100-ef.bin
Average Recall: 0.833432
Initial average recall with ef=100: 0.83344
Average Recall: 0.882052
Initial average recall with ef=150: 0.882063
Weighted average ef: 399.855
Per-bucket recall: conv_p20=40.6448 hard_recall=0.95 easy_recall=0.98
Training convergence-bucket 0 [21.651, 37.6082) with 400 queries (recall=0.95).
Average Recall: 0.605825
Initial average recall with ef=100: 0.605825
Average Recall: 0.684925
Initial average recall with ef=150: 0.684925
Recall diff is too small for 1 consecutive steps, break.
Recall diff is too small for 1 consecutive steps, break.
Recall diff is too small for 1 consecutive steps, break.
Recall diff is too small for 1 consecutive steps, break.
Weighted average ef: 1105.04
Training convergence-bucket 1 [37.6082, 40.6448) with 400 queries (recall=0.95).
Average Recall: 0.63815
Initial average recall with ef=100: 0.63815
Average Recall: 0.715775
Initial average recall with ef=150: 0.715775
Recall diff is too small for 1 consecutive steps, break.
Recall diff is too small for 1 consecutive steps, break.
Recall diff is too small for 1 consecutive steps, break.
Recall diff is too small for 1 consecutive steps, break.
Weighted average ef: 930.332
Training convergence-bucket 2 [40.6448, 46.6753) with 400 queries (recall=0.98).
Average Recall: 0.722775
Initial average recall with ef=100: 0.722775
Average Recall: 0.7965
Initial average recall with ef=150: 0.7965
Recall diff is too small for 1 consecutive steps, break.
Recall diff is too small for 1 consecutive steps, break.
Recall diff is too small for 1 consecutive steps, break.
Recall diff is too small for 1 consecutive steps, break.
Weighted average ef: 1128.33
Training convergence-bucket 3 [46.6753, 51.2517) with 400 queries (recall=0.98).
Average Recall: 0.8142
Initial average recall with ef=100: 0.8142
Average Recall: 0.87745
Initial average recall with ef=150: 0.87745
Recall diff is too small for 1 consecutive steps, break.
Recall diff is too small for 1 consecutive steps, break.
Recall diff is too small for 1 consecutive steps, break.
Weighted average ef: 566.372
Training convergence-bucket 4 [51.2517, 54.8847) with 400 queries (recall=0.98).
Average Recall: 0.852775
Initial average recall with ef=100: 0.852775
Average Recall: 0.908975
Initial average recall with ef=150: 0.908975
Recall diff is too small for 1 consecutive steps, break.
Recall diff is too small for 1 consecutive steps, break.
Weighted average ef: 452.185
Training convergence-bucket 5 [54.8847, 58.5418) with 400 queries (recall=0.98).
Average Recall: 0.885125
Initial average recall with ef=100: 0.885125
Average Recall: 0.930175
Initial average recall with ef=150: 0.930175
Recall diff is too small for 1 consecutive steps, break.
Recall diff is too small for 1 consecutive steps, break.
Recall diff is too small for 1 consecutive steps, break.
Weighted average ef: 340.965
Training convergence-bucket 6 [58.5418, 63.2201) with 400 queries (recall=0.98).
Average Recall: 0.915625
Initial average recall with ef=100: 0.915625
Average Recall: 0.955201
Initial average recall with ef=150: 0.9552
Recall diff is too small for 1 consecutive steps, break.
Recall diff is too small for 1 consecutive steps, break.
Recall diff is too small for 1 consecutive steps, break.
Recall diff is too small for 1 consecutive steps, break.
Recall diff is too small for 1 consecutive steps, break.
Weighted average ef: 247.853
Training convergence-bucket 7 [63.2201, 68.0273) with 400 queries (recall=0.98).
Average Recall: 0.9421
Initial average recall with ef=100: 0.9421
Average Recall: 0.97085
Initial average recall with ef=150: 0.97085
Recall diff is too small for 1 consecutive steps, break.
Weighted average ef: 218.805
Training convergence-bucket 8 [68.0273, 74.8475) with 400 queries (recall=0.98).
Average Recall: 0.96895
Initial average recall with ef=100: 0.96895
Average Recall: 0.986075
Initial average recall with ef=150: 0.986075
Recall diff is too small for 1 consecutive steps, break.
Recall diff is too small for 1 consecutive steps, break.
Weighted average ef: 150.893
Training convergence-bucket 9 [74.8475, inf) with 400 queries (recall=0.98).
Average Recall: 0.988875
Initial average recall with ef=100: 0.988875
Average Recall: 0.9947
Initial average recall with ef=150: 0.9947
Recall diff is too small for 1 consecutive steps, break.
Weighted average ef: 118.625
Reconstructed True WAE: 253.221 (Hard Pct: 0.020025)
  Avg Ef Hard (bucketed): 1005.06 | Avg Ef Easy (bucketed): 237.858
Search time: 15780 ms
Search time: 16465 ms
Search time: 16080 ms
Average Recall: 0.985746
5th percentile recall: 0.95
1st percentile recall: 0.92
Median search time: 16080 ms
Search times: 15780 ms, 16080 ms, 16465 ms, 
deep-image-96-angular experiment results:
statisc_length, time, avg_recall, 5th_percentile_recall, 1st_percentile_recall, recall_above_99, recall_above_95, recall_above_90
1025, 16080, 0.985746, 0.95, 0.92, 6556, 9405, 9936
Experiment finished

--- min_queries_per_score: 1 ---

Loading samplings from /home/yc.shea/experiments/shiro-ef/sampling/deep-image-96-angular-samplings--k100-ef.bin
Samplings loaded from /home/yc.shea/experiments/shiro-ef/sampling/deep-image-96-angular-samplings--k100-ef.bin
Average Recall: 0.833432
Initial average recall with ef=100: 0.83344
Average Recall: 0.882052
Initial average recall with ef=150: 0.882063
Weighted average ef: 399.855
Per-bucket recall: conv_p20=40.6448 hard_recall=0.95 easy_recall=0.98
Training convergence-bucket 0 [21.651, 37.6082) with 400 queries (recall=0.95).
Average Recall: 0.605825
Initial average recall with ef=100: 0.605825
Average Recall: 0.684925
Initial average recall with ef=150: 0.684925
Recall diff is too small for 1 consecutive steps, break.
Recall diff is too small for 1 consecutive steps, break.
Recall diff is too small for 1 consecutive steps, break.
Recall diff is too small for 1 consecutive steps, break.
Weighted average ef: 1105.04
Training convergence-bucket 1 [37.6082, 40.6448) with 400 queries (recall=0.95).
Average Recall: 0.63815
Initial average recall with ef=100: 0.63815
Average Recall: 0.715775
Initial average recall with ef=150: 0.715775
Recall diff is too small for 1 consecutive steps, break.
Recall diff is too small for 1 consecutive steps, break.
Recall diff is too small for 1 consecutive steps, break.
Recall diff is too small for 1 consecutive steps, break.
Weighted average ef: 930.332
Training convergence-bucket 2 [40.6448, 46.6753) with 400 queries (recall=0.98).
Average Recall: 0.722775
Initial average recall with ef=100: 0.722775
Average Recall: 0.7965
Initial average recall with ef=150: 0.7965
Recall diff is too small for 1 consecutive steps, break.
Recall diff is too small for 1 consecutive steps, break.
Recall diff is too small for 1 consecutive steps, break.
Recall diff is too small for 1 consecutive steps, break.
Weighted average ef: 1128.33
Training convergence-bucket 3 [46.6753, 51.2517) with 400 queries (recall=0.98).
Average Recall: 0.8142
Initial average recall with ef=100: 0.8142
Average Recall: 0.87745
Initial average recall with ef=150: 0.87745
Recall diff is too small for 1 consecutive steps, break.
Recall diff is too small for 1 consecutive steps, break.
Recall diff is too small for 1 consecutive steps, break.
Weighted average ef: 566.372
Training convergence-bucket 4 [51.2517, 54.8847) with 400 queries (recall=0.98).
Average Recall: 0.852775
Initial average recall with ef=100: 0.852775
Average Recall: 0.908975
Initial average recall with ef=150: 0.908975
Recall diff is too small for 1 consecutive steps, break.
Recall diff is too small for 1 consecutive steps, break.
Weighted average ef: 452.185
Training convergence-bucket 5 [54.8847, 58.5418) with 400 queries (recall=0.98).
Average Recall: 0.885125
Initial average recall with ef=100: 0.885125
Average Recall: 0.930175
Initial average recall with ef=150: 0.930175
Recall diff is too small for 1 consecutive steps, break.
Recall diff is too small for 1 consecutive steps, break.
Recall diff is too small for 1 consecutive steps, break.
Weighted average ef: 340.965
Training convergence-bucket 6 [58.5418, 63.2201) with 400 queries (recall=0.98).
Average Recall: 0.915625
Initial average recall with ef=100: 0.915625
Average Recall: 0.955201
Initial average recall with ef=150: 0.9552
Recall diff is too small for 1 consecutive steps, break.
Recall diff is too small for 1 consecutive steps, break.
Recall diff is too small for 1 consecutive steps, break.
Recall diff is too small for 1 consecutive steps, break.
Recall diff is too small for 1 consecutive steps, break.
Weighted average ef: 247.853
Training convergence-bucket 7 [63.2201, 68.0273) with 400 queries (recall=0.98).
Average Recall: 0.9421
Initial average recall with ef=100: 0.9421
Average Recall: 0.97085
Initial average recall with ef=150: 0.97085
Recall diff is too small for 1 consecutive steps, break.
Weighted average ef: 218.805
Training convergence-bucket 8 [68.0273, 74.8475) with 400 queries (recall=0.98).
Average Recall: 0.96895
Initial average recall with ef=100: 0.96895
Average Recall: 0.986075
Initial average recall with ef=150: 0.986075
Recall diff is too small for 1 consecutive steps, break.
Recall diff is too small for 1 consecutive steps, break.
Weighted average ef: 150.893
Training convergence-bucket 9 [74.8475, inf) with 400 queries (recall=0.98).
Average Recall: 0.988875
Initial average recall with ef=100: 0.988875
Average Recall: 0.9947
Initial average recall with ef=150: 0.9947
Recall diff is too small for 1 consecutive steps, break.
Weighted average ef: 118.625
Reconstructed True WAE: 253.221 (Hard Pct: 0.020025)
  Avg Ef Hard (bucketed): 1005.06 | Avg Ef Easy (bucketed): 237.858
Search time: 16497 ms
Search time: 15847 ms
Search time: 16418 ms
Average Recall: 0.985746
5th percentile recall: 0.95
1st percentile recall: 0.92
Median search time: 16418 ms
Search times: 15847 ms, 16418 ms, 16497 ms, 
deep-image-96-angular experiment results:
statisc_length, time, avg_recall, 5th_percentile_recall, 1st_percentile_recall, recall_above_99, recall_above_95, recall_above_90
1025, 16418, 0.985746, 0.95, 0.92, 6556, 9405, 9936
Experiment finished

--- min_queries_per_score: 3 ---

Loading samplings from /home/yc.shea/experiments/shiro-ef/sampling/deep-image-96-angular-samplings--k100-ef.bin
Samplings loaded from /home/yc.shea/experiments/shiro-ef/sampling/deep-image-96-angular-samplings--k100-ef.bin
Average Recall: 0.833432
Initial average recall with ef=100: 0.833707
Average Recall: 0.882052
Initial average recall with ef=150: 0.882358
Weighted average ef: 397.202
Per-bucket recall: conv_p20=40.6448 hard_recall=0.95 easy_recall=0.98
Training convergence-bucket 0 [21.651, 37.6082) with 400 queries (recall=0.95).
Average Recall: 0.605825
Initial average recall with ef=100: 0.601844
Average Recall: 0.684925
Initial average recall with ef=150: 0.681558
Recall diff is too small for 1 consecutive steps, break.
Recall diff is too small for 1 consecutive steps, break.
Recall diff is too small for 1 consecutive steps, break.
Weighted average ef: 1075
Training convergence-bucket 1 [37.6082, 40.6448) with 400 queries (recall=0.95).
Average Recall: 0.63815
Initial average recall with ef=100: 0.634597
Average Recall: 0.715775
Initial average recall with ef=150: 0.713299
Weighted average ef: 895.115
Training convergence-bucket 2 [40.6448, 46.6753) with 400 queries (recall=0.98).
Average Recall: 0.722775
Initial average recall with ef=100: 0.721282
Average Recall: 0.7965
Initial average recall with ef=150: 0.795256
Recall diff is too small for 1 consecutive steps, break.
Recall diff is too small for 1 consecutive steps, break.
Weighted average ef: 1112.14
Training convergence-bucket 3 [46.6753, 51.2517) with 400 queries (recall=0.98).
Average Recall: 0.8142
Initial average recall with ef=100: 0.813582
Average Recall: 0.87745
Initial average recall with ef=150: 0.876959
Weighted average ef: 553.362
Training convergence-bucket 4 [51.2517, 54.8847) with 400 queries (recall=0.98).
Average Recall: 0.852775
Initial average recall with ef=100: 0.853646
Average Recall: 0.908975
Initial average recall with ef=150: 0.909531
Weighted average ef: 430.455
Training convergence-bucket 5 [54.8847, 58.5418) with 400 queries (recall=0.98).
Average Recall: 0.885125
Initial average recall with ef=100: 0.885452
Average Recall: 0.930175
Initial average recall with ef=150: 0.930698
Recall diff is too small for 1 consecutive steps, break.
Weighted average ef: 326.978
Training convergence-bucket 6 [58.5418, 63.2201) with 400 queries (recall=0.98).
Average Recall: 0.915625
Initial average recall with ef=100: 0.915959
Average Recall: 0.955201
Initial average recall with ef=150: 0.955448
Recall diff is too small for 1 consecutive steps, break.
Recall diff is too small for 1 consecutive steps, break.
Weighted average ef: 242.245
Training convergence-bucket 7 [63.2201, 68.0273) with 400 queries (recall=0.98).
Average Recall: 0.9421
Initial average recall with ef=100: 0.943899
Average Recall: 0.97085
Initial average recall with ef=150: 0.971899
Recall diff is too small for 1 consecutive steps, break.
Weighted average ef: 208.13
Training convergence-bucket 8 [68.0273, 74.8475) with 400 queries (recall=0.98).
Average Recall: 0.96895
Initial average recall with ef=100: 0.970025
Average Recall: 0.986075
Initial average recall with ef=150: 0.986929
Weighted average ef: 145.91
Training convergence-bucket 9 [74.8475, inf) with 400 queries (recall=0.98).
Average Recall: 0.988875
Initial average recall with ef=100: 0.991196
Average Recall: 0.9947
Initial average recall with ef=150: 0.996921
Weighted average ef: 104.25
Reconstructed True WAE: 239.915 (Hard Pct: 0.020025)
  Avg Ef Hard (bucketed): 1007.27 | Avg Ef Easy (bucketed): 224.235
Search time: 16296 ms
Search time: 16561 ms
Search time: 15990 ms
Average Recall: 0.985723
5th percentile recall: 0.95
1st percentile recall: 0.92
Median search time: 16296 ms
Search times: 15990 ms, 16296 ms, 16561 ms, 
deep-image-96-angular experiment results:
statisc_length, time, avg_recall, 5th_percentile_recall, 1st_percentile_recall, recall_above_99, recall_above_95, recall_above_90
1025, 16296, 0.985723, 0.95, 0.92, 6529, 9415, 9930
Experiment finished

--- min_queries_per_score: 5 ---

Loading samplings from /home/yc.shea/experiments/shiro-ef/sampling/deep-image-96-angular-samplings--k100-ef.bin
Samplings loaded from /home/yc.shea/experiments/shiro-ef/sampling/deep-image-96-angular-samplings--k100-ef.bin
Average Recall: 0.833432
Initial average recall with ef=100: 0.834115
Average Recall: 0.882052
Initial average recall with ef=150: 0.882751
Weighted average ef: 393.579
Per-bucket recall: conv_p20=40.6448 hard_recall=0.95 easy_recall=0.98
Training convergence-bucket 0 [21.651, 37.6082) with 400 queries (recall=0.95).
Average Recall: 0.605825
Initial average recall with ef=100: 0.602439
Average Recall: 0.684925
Initial average recall with ef=150: 0.682087
Recall diff is too small for 1 consecutive steps, break.
Recall diff is too small for 1 consecutive steps, break.
Recall diff is too small for 1 consecutive steps, break.
Weighted average ef: 1000.73
Training convergence-bucket 1 [37.6082, 40.6448) with 400 queries (recall=0.95).
Average Recall: 0.63815
Initial average recall with ef=100: 0.629054
Average Recall: 0.715775
Initial average recall with ef=150: 0.708
Weighted average ef: 877.28
Training convergence-bucket 2 [40.6448, 46.6753) with 400 queries (recall=0.98).
Average Recall: 0.722775
Initial average recall with ef=100: 0.726409
Average Recall: 0.7965
Initial average recall with ef=150: 0.800532
Recall diff is too small for 1 consecutive steps, break.
Weighted average ef: 1024.55
Training convergence-bucket 3 [46.6753, 51.2517) with 400 queries (recall=0.98).
Average Recall: 0.8142
Initial average recall with ef=100: 0.813899
Average Recall: 0.87745
Initial average recall with ef=150: 0.87748
Weighted average ef: 528.61
Training convergence-bucket 4 [51.2517, 54.8847) with 400 queries (recall=0.98).
Average Recall: 0.852775
Initial average recall with ef=100: 0.853245
Average Recall: 0.908975
Initial average recall with ef=150: 0.909548
Weighted average ef: 420.235
Training convergence-bucket 5 [54.8847, 58.5418) with 400 queries (recall=0.98).
Average Recall: 0.885125
Initial average recall with ef=100: 0.888081
Average Recall: 0.930175
Initial average recall with ef=150: 0.933081
Weighted average ef: 303.057
Training convergence-bucket 6 [58.5418, 63.2201) with 400 queries (recall=0.98).
Average Recall: 0.915625
Initial average recall with ef=100: 0.916639
Average Recall: 0.955201
Initial average recall with ef=150: 0.956005
Weighted average ef: 224.84
Training convergence-bucket 7 [63.2201, 68.0273) with 400 queries (recall=0.98).
Average Recall: 0.9421
Initial average recall with ef=100: 0.943552
Average Recall: 0.97085
Initial average recall with ef=150: 0.971816
Weighted average ef: 198.425
Training convergence-bucket 8 [68.0273, 74.8475) with 400 queries (recall=0.98).
Average Recall: 0.96895
Initial average recall with ef=100: 0.970653
Average Recall: 0.986075
Initial average recall with ef=150: 0.98752
Weighted average ef: 139.76
Training convergence-bucket 9 [74.8475, inf) with 400 queries (recall=0.98).
Average Recall: 0.988875
Initial average recall with ef=100: 0.992306
Average Recall: 0.9947
Initial average recall with ef=150: 0.997587
Weighted average ef: 96.25
Reconstructed True WAE: 233.452 (Hard Pct: 0.020025)
  Avg Ef Hard (bucketed): 997.802 | Avg Ef Easy (bucketed): 217.833
Search time: 16198 ms
Search time: 16083 ms
Search time: 16444 ms
Average Recall: 0.986033
5th percentile recall: 0.95
1st percentile recall: 0.92
Median search time: 16198 ms
Search times: 16083 ms, 16198 ms, 16444 ms, 
deep-image-96-angular experiment results:
statisc_length, time, avg_recall, 5th_percentile_recall, 1st_percentile_recall, recall_above_99, recall_above_95, recall_above_90
1025, 16198, 0.986033, 0.95, 0.92, 6622, 9428, 9933
Experiment finished


Dataset: glove-100-angular
Metric: cd
Normalize the data vectors
Data vectors dimensions: 1183514 x 100
Query vectors dimensions: 10000 x 100
Neighbors dimensions: 10000 x 100
Using AVX Inner Product distance
Index loaded
Dimension of space:100
Data size of space:400

--- min_queries_per_score: 0 ---

Loading samplings from /home/yc.shea/experiments/shiro-ef/sampling/glove-100-angular-samplings--k100-ef.bin
Samplings loaded from /home/yc.shea/experiments/shiro-ef/sampling/glove-100-angular-samplings--k100-ef.bin
Average Recall: 0.739955
Initial average recall with ef=100: 0.73996
Average Recall: 0.783487
Initial average recall with ef=150: 0.783492
Recall diff is too small for 1 consecutive steps, break.
Weighted average ef: 1612.12
Per-bucket recall: conv_p20=34.9306 hard_recall=0.95 easy_recall=0.98
Training convergence-bucket 0 [9.49065, 29.1725) with 400 queries (recall=0.95).
Average Recall: 0.471375
Initial average recall with ef=100: 0.471375
Average Recall: 0.522575
Initial average recall with ef=150: 0.522575
Recall diff is too small for 1 consecutive steps, break.
Recall diff is too small for 1 consecutive steps, break.
Recall diff is too small for 1 consecutive steps, break.
Weighted average ef: 4244.97
Training convergence-bucket 1 [29.1725, 34.9306) with 400 queries (recall=0.95).
Average Recall: 0.4907
Initial average recall with ef=100: 0.4907
Average Recall: 0.551975
Initial average recall with ef=150: 0.551975
Recall diff is too small for 1 consecutive steps, break.
Weighted average ef: 3660.97
Training convergence-bucket 2 [34.9306, 39.5759) with 400 queries (recall=0.98).
Average Recall: 0.555725
Initial average recall with ef=100: 0.555725
Average Recall: 0.616575
Initial average recall with ef=150: 0.616575
Recall diff is too small for 1 consecutive steps, break.
Recall diff is too small for 1 consecutive steps, break.
Recall diff is too small for 1 consecutive steps, break.
Weighted average ef: 3992.07
Training convergence-bucket 3 [39.5759, 44.6133) with 400 queries (recall=0.98).
Average Recall: 0.634925
Initial average recall with ef=100: 0.634925
Average Recall: 0.697425
Initial average recall with ef=150: 0.697425
Recall diff is too small for 1 consecutive steps, break.
Recall diff is too small for 1 consecutive steps, break.
Recall diff is too small for 1 consecutive steps, break.
Recall diff is too small for 1 consecutive steps, break.
Recall diff is too small for 1 consecutive steps, break.
Recall diff is too small for 1 consecutive steps, break.
Recall diff is too small for 1 consecutive steps, break.
Recall diff is too small for 1 consecutive steps, break.
Recall diff is too small for 1 consecutive steps, break.
Recall diff is too small for 1 consecutive steps, break.
Recall diff is too small for 1 consecutive steps, break.
Weighted average ef: 3110.27
Training convergence-bucket 4 [44.6133, 50.0946) with 400 queries (recall=0.98).
Average Recall: 0.741875
Initial average recall with ef=100: 0.741875
Average Recall: 0.796475
Initial average recall with ef=150: 0.796475
Recall diff is too small for 1 consecutive steps, break.
Recall diff is too small for 1 consecutive steps, break.
Recall diff is too small for 1 consecutive steps, break.
Recall diff is too small for 1 consecutive steps, break.
Recall diff is too small for 1 consecutive steps, break.
Recall diff is too small for 1 consecutive steps, break.
Recall diff is too small for 1 consecutive steps, break.
Recall diff is too small for 1 consecutive steps, break.
Recall diff is too small for 1 consecutive steps, break.
Weighted average ef: 2112.29
Training convergence-bucket 5 [50.0946, 55.7339) with 400 queries (recall=0.98).
Average Recall: 0.808325
Initial average recall with ef=100: 0.808325
Average Recall: 0.85555
Initial average recall with ef=150: 0.85555
Recall diff is too small for 1 consecutive steps, break.
Recall diff is too small for 1 consecutive steps, break.
Recall diff is too small for 1 consecutive steps, break.
Recall diff is too small for 1 consecutive steps, break.
Weighted average ef: 1483.43
Training convergence-bucket 6 [55.7339, 61.5794) with 400 queries (recall=0.98).
Average Recall: 0.869625
Initial average recall with ef=100: 0.869625
Average Recall: 0.908625
Initial average recall with ef=150: 0.908625
Recall diff is too small for 1 consecutive steps, break.
Recall diff is too small for 1 consecutive steps, break.
Weighted average ef: 946.86
Training convergence-bucket 7 [61.5794, 67.8635) with 400 queries (recall=0.98).
Average Recall: 0.909126
Initial average recall with ef=100: 0.909125
Average Recall: 0.9374
Initial average recall with ef=150: 0.9374
Recall diff is too small for 1 consecutive steps, break.
Recall diff is too small for 1 consecutive steps, break.
Recall diff is too small for 1 consecutive steps, break.
Recall diff is too small for 1 consecutive steps, break.
Weighted average ef: 627.56
Training convergence-bucket 8 [67.8635, 73.9547) with 400 queries (recall=0.98).
Average Recall: 0.939275
Initial average recall with ef=100: 0.939275
Average Recall: 0.959
Initial average recall with ef=150: 0.959
Recall diff is too small for 1 consecutive steps, break.
Recall diff is too small for 1 consecutive steps, break.
Weighted average ef: 511.767
Training convergence-bucket 9 [73.9547, inf) with 400 queries (recall=0.98).
Average Recall: 0.97865
Initial average recall with ef=100: 0.97865
Average Recall: 0.989325
Initial average recall with ef=150: 0.989325
Recall diff is too small for 1 consecutive steps, break.
Recall diff is too small for 1 consecutive steps, break.
Recall diff is too small for 1 consecutive steps, break.
Recall diff is too small for 1 consecutive steps, break.
Weighted average ef: 144.863
Reconstructed True WAE: 1348.7 (Hard Pct: 0.006175)
  Avg Ef Hard (bucketed): 4850.98 | Avg Ef Easy (bucketed): 1326.93
Search time: 58202 ms
Search time: 58483 ms
Search time: 59120 ms
Average Recall: 0.976743
5th percentile recall: 0.92
1st percentile recall: 0.87
Median search time: 58483 ms
Search times: 58202 ms, 58483 ms, 59120 ms, 
glove-100-angular experiment results:
statisc_length, time, avg_recall, 5th_percentile_recall, 1st_percentile_recall, recall_above_99, recall_above_95, recall_above_90
1025, 58483, 0.976743, 0.92, 0.87, 5237, 8300, 9692
Experiment finished

--- min_queries_per_score: 1 ---

Loading samplings from /home/yc.shea/experiments/shiro-ef/sampling/glove-100-angular-samplings--k100-ef.bin
Samplings loaded from /home/yc.shea/experiments/shiro-ef/sampling/glove-100-angular-samplings--k100-ef.bin
Average Recall: 0.739955
Initial average recall with ef=100: 0.73996
Average Recall: 0.783487
Initial average recall with ef=150: 0.783492
Recall diff is too small for 1 consecutive steps, break.
Weighted average ef: 1612.12
Per-bucket recall: conv_p20=34.9306 hard_recall=0.95 easy_recall=0.98
Training convergence-bucket 0 [9.49065, 29.1725) with 400 queries (recall=0.95).
Average Recall: 0.471375
Initial average recall with ef=100: 0.471375
Average Recall: 0.522575
Initial average recall with ef=150: 0.522575
Recall diff is too small for 1 consecutive steps, break.
Recall diff is too small for 1 consecutive steps, break.
Recall diff is too small for 1 consecutive steps, break.
Weighted average ef: 4244.97
Training convergence-bucket 1 [29.1725, 34.9306) with 400 queries (recall=0.95).
Average Recall: 0.4907
Initial average recall with ef=100: 0.4907
Average Recall: 0.551975
Initial average recall with ef=150: 0.551975
Recall diff is too small for 1 consecutive steps, break.
Weighted average ef: 3660.97
Training convergence-bucket 2 [34.9306, 39.5759) with 400 queries (recall=0.98).
Average Recall: 0.555725
Initial average recall with ef=100: 0.555725
Average Recall: 0.616575
Initial average recall with ef=150: 0.616575
Recall diff is too small for 1 consecutive steps, break.
Recall diff is too small for 1 consecutive steps, break.
Recall diff is too small for 1 consecutive steps, break.
Weighted average ef: 3992.07
Training convergence-bucket 3 [39.5759, 44.6133) with 400 queries (recall=0.98).
Average Recall: 0.634925
Initial average recall with ef=100: 0.634925
Average Recall: 0.697425
Initial average recall with ef=150: 0.697425
Recall diff is too small for 1 consecutive steps, break.
Recall diff is too small for 1 consecutive steps, break.
Recall diff is too small for 1 consecutive steps, break.
Recall diff is too small for 1 consecutive steps, break.
Recall diff is too small for 1 consecutive steps, break.
Recall diff is too small for 1 consecutive steps, break.
Recall diff is too small for 1 consecutive steps, break.
Recall diff is too small for 1 consecutive steps, break.
Recall diff is too small for 1 consecutive steps, break.
Recall diff is too small for 1 consecutive steps, break.
Recall diff is too small for 1 consecutive steps, break.
Weighted average ef: 3110.27
Training convergence-bucket 4 [44.6133, 50.0946) with 400 queries (recall=0.98).
Average Recall: 0.741875
Initial average recall with ef=100: 0.741875
Average Recall: 0.796475
Initial average recall with ef=150: 0.796475
Recall diff is too small for 1 consecutive steps, break.
Recall diff is too small for 1 consecutive steps, break.
Recall diff is too small for 1 consecutive steps, break.
Recall diff is too small for 1 consecutive steps, break.
Recall diff is too small for 1 consecutive steps, break.
Recall diff is too small for 1 consecutive steps, break.
Recall diff is too small for 1 consecutive steps, break.
Recall diff is too small for 1 consecutive steps, break.
Recall diff is too small for 1 consecutive steps, break.
Weighted average ef: 2112.29
Training convergence-bucket 5 [50.0946, 55.7339) with 400 queries (recall=0.98).
Average Recall: 0.808325
Initial average recall with ef=100: 0.808325
Average Recall: 0.85555
Initial average recall with ef=150: 0.85555
Recall diff is too small for 1 consecutive steps, break.
Recall diff is too small for 1 consecutive steps, break.
Recall diff is too small for 1 consecutive steps, break.
Recall diff is too small for 1 consecutive steps, break.
Weighted average ef: 1483.43
Training convergence-bucket 6 [55.7339, 61.5794) with 400 queries (recall=0.98).
Average Recall: 0.869625
Initial average recall with ef=100: 0.869625
Average Recall: 0.908625
Initial average recall with ef=150: 0.908625
Recall diff is too small for 1 consecutive steps, break.
Recall diff is too small for 1 consecutive steps, break.
Weighted average ef: 946.86
Training convergence-bucket 7 [61.5794, 67.8635) with 400 queries (recall=0.98).
Average Recall: 0.909126
Initial average recall with ef=100: 0.909125
Average Recall: 0.9374
Initial average recall with ef=150: 0.9374
Recall diff is too small for 1 consecutive steps, break.
Recall diff is too small for 1 consecutive steps, break.
Recall diff is too small for 1 consecutive steps, break.
Recall diff is too small for 1 consecutive steps, break.
Weighted average ef: 627.56
Training convergence-bucket 8 [67.8635, 73.9547) with 400 queries (recall=0.98).
Average Recall: 0.939275
Initial average recall with ef=100: 0.939275
Average Recall: 0.959
Initial average recall with ef=150: 0.959
Recall diff is too small for 1 consecutive steps, break.
Recall diff is too small for 1 consecutive steps, break.
Weighted average ef: 511.767
Training convergence-bucket 9 [73.9547, inf) with 400 queries (recall=0.98).
Average Recall: 0.97865
Initial average recall with ef=100: 0.97865
Average Recall: 0.989325
Initial average recall with ef=150: 0.989325
Recall diff is too small for 1 consecutive steps, break.
Recall diff is too small for 1 consecutive steps, break.
Recall diff is too small for 1 consecutive steps, break.
Recall diff is too small for 1 consecutive steps, break.
Weighted average ef: 144.863
Reconstructed True WAE: 1348.7 (Hard Pct: 0.006175)
  Avg Ef Hard (bucketed): 4850.98 | Avg Ef Easy (bucketed): 1326.93
Search time: 58752 ms
Search time: 59335 ms
Search time: 59168 ms
Average Recall: 0.976743
5th percentile recall: 0.92
1st percentile recall: 0.87
Median search time: 59168 ms
Search times: 58752 ms, 59168 ms, 59335 ms, 
glove-100-angular experiment results:
statisc_length, time, avg_recall, 5th_percentile_recall, 1st_percentile_recall, recall_above_99, recall_above_95, recall_above_90
1025, 59168, 0.976743, 0.92, 0.87, 5237, 8300, 9692
Experiment finished

--- min_queries_per_score: 3 ---

Loading samplings from /home/yc.shea/experiments/shiro-ef/sampling/glove-100-angular-samplings--k100-ef.bin
Samplings loaded from /home/yc.shea/experiments/shiro-ef/sampling/glove-100-angular-samplings--k100-ef.bin
Average Recall: 0.739955
Initial average recall with ef=100: 0.739897
Average Recall: 0.783487
Initial average recall with ef=150: 0.783442
Weighted average ef: 1609.72
Per-bucket recall: conv_p20=34.9306 hard_recall=0.95 easy_recall=0.98
Training convergence-bucket 0 [9.49065, 29.1725) with 400 queries (recall=0.95).
Average Recall: 0.471375
Initial average recall with ef=100: 0.454632
Average Recall: 0.522575
Initial average recall with ef=150: 0.505553
Weighted average ef: 4214.07
Training convergence-bucket 1 [29.1725, 34.9306) with 400 queries (recall=0.95).
Average Recall: 0.4907
Initial average recall with ef=100: 0.477247
Average Recall: 0.551975
Initial average recall with ef=150: 0.53948
Weighted average ef: 3614.84
Training convergence-bucket 2 [34.9306, 39.5759) with 400 queries (recall=0.98).
Average Recall: 0.555725
Initial average recall with ef=100: 0.549689
Average Recall: 0.616575
Initial average recall with ef=150: 0.610492
Recall diff is too small for 1 consecutive steps, break.
Recall diff is too small for 1 consecutive steps, break.
Weighted average ef: 3903.48
Training convergence-bucket 3 [39.5759, 44.6133) with 400 queries (recall=0.98).
Average Recall: 0.634925
Initial average recall with ef=100: 0.629576
Average Recall: 0.697425
Initial average recall with ef=150: 0.693607
Recall diff is too small for 1 consecutive steps, break.
Recall diff is too small for 1 consecutive steps, break.
Recall diff is too small for 1 consecutive steps, break.
Recall diff is too small for 1 consecutive steps, break.
Recall diff is too small for 1 consecutive steps, break.
Weighted average ef: 3021.69
Training convergence-bucket 4 [44.6133, 50.0946) with 400 queries (recall=0.98).
Average Recall: 0.741875
Initial average recall with ef=100: 0.736649
Average Recall: 0.796475
Initial average recall with ef=150: 0.792181
Recall diff is too small for 1 consecutive steps, break.
Recall diff is too small for 1 consecutive steps, break.
Recall diff is too small for 1 consecutive steps, break.
Recall diff is too small for 1 consecutive steps, break.
Recall diff is too small for 1 consecutive steps, break.
Weighted average ef: 2027.86
Training convergence-bucket 5 [50.0946, 55.7339) with 400 queries (recall=0.98).
Average Recall: 0.808325
Initial average recall with ef=100: 0.8115
Average Recall: 0.85555
Initial average recall with ef=150: 0.859158
Recall diff is too small for 1 consecutive steps, break.
Recall diff is too small for 1 consecutive steps, break.
Recall diff is too small for 1 consecutive steps, break.
Weighted average ef: 1381.81
Training convergence-bucket 6 [55.7339, 61.5794) with 400 queries (recall=0.98).
Average Recall: 0.869625
Initial average recall with ef=100: 0.869639
Average Recall: 0.908625
Initial average recall with ef=150: 0.908943
Recall diff is too small for 1 consecutive steps, break.
Weighted average ef: 926.062
Training convergence-bucket 7 [61.5794, 67.8635) with 400 queries (recall=0.98).
Average Recall: 0.909126
Initial average recall with ef=100: 0.906907
Average Recall: 0.9374
Initial average recall with ef=150: 0.935747
Recall diff is too small for 1 consecutive steps, break.
Recall diff is too small for 1 consecutive steps, break.
Recall diff is too small for 1 consecutive steps, break.
Recall diff is too small for 1 consecutive steps, break.
Weighted average ef: 624.472
Training convergence-bucket 8 [67.8635, 73.9547) with 400 queries (recall=0.98).
Average Recall: 0.939275
Initial average recall with ef=100: 0.943255
Average Recall: 0.959
Initial average recall with ef=150: 0.962786
Recall diff is too small for 1 consecutive steps, break.
Weighted average ef: 453.52
Training convergence-bucket 9 [73.9547, inf) with 400 queries (recall=0.98).
Average Recall: 0.97865
Initial average recall with ef=100: 0.980177
Average Recall: 0.989325
Initial average recall with ef=150: 0.990658
Recall diff is too small for 1 consecutive steps, break.
Recall diff is too small for 1 consecutive steps, break.
Weighted average ef: 132.82
Reconstructed True WAE: 1459.76 (Hard Pct: 0.006175)
  Avg Ef Hard (bucketed): 4860.99 | Avg Ef Easy (bucketed): 1438.63
Search time: 58892 ms
Search time: 59186 ms
Search time: 59951 ms
Average Recall: 0.977571
5th percentile recall: 0.92
1st percentile recall: 0.88
Median search time: 59186 ms
Search times: 58892 ms, 59186 ms, 59951 ms, 
glove-100-angular experiment results:
statisc_length, time, avg_recall, 5th_percentile_recall, 1st_percentile_recall, recall_above_99, recall_above_95, recall_above_90
1025, 59186, 0.977571, 0.92, 0.88, 5347, 8372, 9730
Experiment finished

--- min_queries_per_score: 5 ---

Loading samplings from /home/yc.shea/experiments/shiro-ef/sampling/glove-100-angular-samplings--k100-ef.bin
Samplings loaded from /home/yc.shea/experiments/shiro-ef/sampling/glove-100-angular-samplings--k100-ef.bin
Average Recall: 0.739955
Initial average recall with ef=100: 0.739897
Average Recall: 0.783487
Initial average recall with ef=150: 0.783442
Weighted average ef: 1609.72
Per-bucket recall: conv_p20=34.9306 hard_recall=0.95 easy_recall=0.98
Training convergence-bucket 0 [9.49065, 29.1725) with 400 queries (recall=0.95).
Average Recall: 0.471375
Initial average recall with ef=100: 0.448679
Average Recall: 0.522575
Initial average recall with ef=150: 0.499811
Weighted average ef: 4165.77
Training convergence-bucket 1 [29.1725, 34.9306) with 400 queries (recall=0.95).
Average Recall: 0.4907
Initial average recall with ef=100: 0.465069
Average Recall: 0.551975
Initial average recall with ef=150: 0.527769
Weighted average ef: 3528.64
Training convergence-bucket 2 [34.9306, 39.5759) with 400 queries (recall=0.98).
Average Recall: 0.555725
Initial average recall with ef=100: 0.54629
Average Recall: 0.616575
Initial average recall with ef=150: 0.6075
Recall diff is too small for 1 consecutive steps, break.
Recall diff is too small for 1 consecutive steps, break.
Weighted average ef: 3800.56
Training convergence-bucket 3 [39.5759, 44.6133) with 400 queries (recall=0.98).
Average Recall: 0.634925
Initial average recall with ef=100: 0.620967
Average Recall: 0.697425
Initial average recall with ef=150: 0.685608
Recall diff is too small for 1 consecutive steps, break.
Recall diff is too small for 1 consecutive steps, break.
Recall diff is too small for 1 consecutive steps, break.
Weighted average ef: 3000.57
Training convergence-bucket 4 [44.6133, 50.0946) with 400 queries (recall=0.98).
Average Recall: 0.741875
Initial average recall with ef=100: 0.734088
Average Recall: 0.796475
Initial average recall with ef=150: 0.78989
Recall diff is too small for 1 consecutive steps, break.
Recall diff is too small for 1 consecutive steps, break.
Recall diff is too small for 1 consecutive steps, break.
Weighted average ef: 1973.23
Training convergence-bucket 5 [50.0946, 55.7339) with 400 queries (recall=0.98).
Average Recall: 0.808325
Initial average recall with ef=100: 0.813445
Average Recall: 0.85555
Initial average recall with ef=150: 0.861737
Recall diff is too small for 1 consecutive steps, break.
Recall diff is too small for 1 consecutive steps, break.
Weighted average ef: 1285.87
Training convergence-bucket 6 [55.7339, 61.5794) with 400 queries (recall=0.98).
Average Recall: 0.869625
Initial average recall with ef=100: 0.86605
Average Recall: 0.908625
Initial average recall with ef=150: 0.906188
Recall diff is too small for 1 consecutive steps, break.
Weighted average ef: 879.937
Training convergence-bucket 7 [61.5794, 67.8635) with 400 queries (recall=0.98).
Average Recall: 0.909126
Initial average recall with ef=100: 0.90688
Average Recall: 0.9374
Initial average recall with ef=150: 0.936128
Recall diff is too small for 1 consecutive steps, break.
Recall diff is too small for 1 consecutive steps, break.
Weighted average ef: 578.098
Training convergence-bucket 8 [67.8635, 73.9547) with 400 queries (recall=0.98).
Average Recall: 0.939275
Initial average recall with ef=100: 0.940085
Average Recall: 0.959
Initial average recall with ef=150: 0.960282
Recall diff is too small for 1 consecutive steps, break.
Weighted average ef: 444.895
Training convergence-bucket 9 [73.9547, inf) with 400 queries (recall=0.98).
Average Recall: 0.97865
Initial average recall with ef=100: 0.98056
Average Recall: 0.989325
Initial average recall with ef=150: 0.991013
Recall diff is too small for 1 consecutive steps, break.
Weighted average ef: 122.69
Reconstructed True WAE: 1446.99 (Hard Pct: 0.006175)
  Avg Ef Hard (bucketed): 4860.99 | Avg Ef Easy (bucketed): 1425.78
Search time: 59986 ms
Search time: 60374 ms
Search time: 59608 ms
Average Recall: 0.978082
5th percentile recall: 0.92
1st percentile recall: 0.88
Median search time: 59986 ms
Search times: 59608 ms, 59986 ms, 60374 ms, 
glove-100-angular experiment results:
statisc_length, time, avg_recall, 5th_percentile_recall, 1st_percentile_recall, recall_above_99, recall_above_95, recall_above_90
1025, 59986, 0.978082, 0.92, 0.88, 5477, 8400, 9730
Experiment finished


Dataset: word2vec-300-angular
Metric: cd
Normalize the data vectors
Data vectors dimensions: 1000000 x 300
Query vectors dimensions: 1000 x 300
Neighbors dimensions: 1000 x 100
Using AVX Inner Product distance
Index loaded
Dimension of space:300
Data size of space:1200

--- min_queries_per_score: 0 ---

Loading samplings from /home/yc.shea/experiments/shiro-ef/sampling/word2vec-300-angular-samplings--k100-ef.bin
Samplings loaded from /home/yc.shea/experiments/shiro-ef/sampling/word2vec-300-angular-samplings--k100-ef.bin
Average Recall: 0.822495
Initial average recall with ef=100: 0.822297
Average Recall: 0.869639
Initial average recall with ef=150: 0.869648
Weighted average ef: 493.553
Per-bucket recall: conv_p20=39.9181 hard_recall=0.95 easy_recall=0.98
Training convergence-bucket 0 [13.6502, 36.6718) with 400 queries (recall=0.95).
Average Recall: 0.59065
Initial average recall with ef=100: 0.59065
Average Recall: 0.671
Initial average recall with ef=150: 0.671
Recall diff is too small for 1 consecutive steps, break.
Recall diff is too small for 1 consecutive steps, break.
Weighted average ef: 932.855
Training convergence-bucket 1 [36.6718, 39.9181) with 400 queries (recall=0.95).
Average Recall: 0.61225
Initial average recall with ef=100: 0.61225
Average Recall: 0.696525
Initial average recall with ef=150: 0.696525
Recall diff is too small for 1 consecutive steps, break.
Recall diff is too small for 1 consecutive steps, break.
Weighted average ef: 914.612
Training convergence-bucket 2 [39.9181, 46.1723) with 400 queries (recall=0.98).
Average Recall: 0.663334
Initial average recall with ef=100: 0.661675
Average Recall: 0.743575
Initial average recall with ef=150: 0.743575
Recall diff is too small for 1 consecutive steps, break.
Recall diff is too small for 1 consecutive steps, break.
Recall diff is too small for 1 consecutive steps, break.
Recall diff is too small for 1 consecutive steps, break.
Weighted average ef: 971.745
Training convergence-bucket 3 [46.1723, 52.7291) with 400 queries (recall=0.98).
Average Recall: 0.79045
Initial average recall with ef=100: 0.79045
Average Recall: 0.849375
Initial average recall with ef=150: 0.849375
Recall diff is too small for 1 consecutive steps, break.
Recall diff is too small for 1 consecutive steps, break.
Recall diff is too small for 1 consecutive steps, break.
Weighted average ef: 945.94
Training convergence-bucket 4 [52.7291, 57.7677) with 400 queries (recall=0.98).
Average Recall: 0.855825
Initial average recall with ef=100: 0.855825
Average Recall: 0.9069
Initial average recall with ef=150: 0.9069
Recall diff is too small for 1 consecutive steps, break.
Recall diff is too small for 1 consecutive steps, break.
Recall diff is too small for 1 consecutive steps, break.
Recall diff is too small for 1 consecutive steps, break.
Recall diff is too small for 1 consecutive steps, break.
Recall diff is too small for 1 consecutive steps, break.
Recall diff is too small for 1 consecutive steps, break.
Recall diff is too small for 1 consecutive steps, break.
Weighted average ef: 632.13
Training convergence-bucket 5 [57.7677, 61.9828) with 400 queries (recall=0.98).
Average Recall: 0.895575
Initial average recall with ef=100: 0.895575
Average Recall: 0.9315
Initial average recall with ef=150: 0.9315
Recall diff is too small for 1 consecutive steps, break.
Recall diff is too small for 1 consecutive steps, break.
Recall diff is too small for 1 consecutive steps, break.
Recall diff is too small for 1 consecutive steps, break.
Recall diff is too small for 1 consecutive steps, break.
Recall diff is too small for 1 consecutive steps, break.
Recall diff is too small for 1 consecutive steps, break.
Recall diff is too small for 1 consecutive steps, break.
Recall diff is too small for 1 consecutive steps, break.
Recall diff is too small for 1 consecutive steps, break.
Recall diff is too small for 1 consecutive steps, break.
Recall diff is too small for 1 consecutive steps, break.
Weighted average ef: 482.402
Training convergence-bucket 6 [61.9828, 65.908) with 400 queries (recall=0.98).
Average Recall: 0.925625
Initial average recall with ef=100: 0.925625
Average Recall: 0.954675
Initial average recall with ef=150: 0.954675
Recall diff is too small for 1 consecutive steps, break.
Recall diff is too small for 1 consecutive steps, break.
Weighted average ef: 318.927
Training convergence-bucket 7 [65.908, 69.9025) with 400 queries (recall=0.98).
Average Recall: 0.949126
Initial average recall with ef=100: 0.949125
Average Recall: 0.972051
Initial average recall with ef=150: 0.97205
Recall diff is too small for 1 consecutive steps, break.
Recall diff is too small for 1 consecutive steps, break.
Recall diff is too small for 1 consecutive steps, break.
Recall diff is too small for 1 consecutive steps, break.
Weighted average ef: 209.37
Training convergence-bucket 8 [69.9025, 73.9139) with 400 queries (recall=0.98).
Average Recall: 0.96515
Initial average recall with ef=100: 0.96515
Average Recall: 0.9826
Initial average recall with ef=150: 0.9826
Weighted average ef: 165.02
Training convergence-bucket 9 [73.9139, inf) with 400 queries (recall=0.98).
Average Recall: 0.976651
Initial average recall with ef=100: 0.97665
Average Recall: 0.988275
Initial average recall with ef=150: 0.988275
Weighted average ef: 137.235
Reconstructed True WAE: 258.078 (Hard Pct: 0.023875)
  Avg Ef Hard (bucketed): 929.918 | Avg Ef Easy (bucketed): 241.645
Search time: 2129 ms
Search time: 2129 ms
Search time: 2131 ms
Average Recall: 0.97615
5th percentile recall: 0.89
1st percentile recall: 0.82
Median search time: 2129 ms
Search times: 2129 ms, 2129 ms, 2131 ms, 
word2vec-300-angular experiment results:
statisc_length, time, avg_recall, 5th_percentile_recall, 1st_percentile_recall, recall_above_99, recall_above_95, recall_above_90
1025, 2129, 0.97615, 0.89, 0.82, 626, 831, 936
Experiment finished

--- min_queries_per_score: 1 ---

Loading samplings from /home/yc.shea/experiments/shiro-ef/sampling/word2vec-300-angular-samplings--k100-ef.bin
Samplings loaded from /home/yc.shea/experiments/shiro-ef/sampling/word2vec-300-angular-samplings--k100-ef.bin
Average Recall: 0.822495
Initial average recall with ef=100: 0.822297
Average Recall: 0.869639
Initial average recall with ef=150: 0.869648
Weighted average ef: 493.553
Per-bucket recall: conv_p20=39.9181 hard_recall=0.95 easy_recall=0.98
Training convergence-bucket 0 [13.6502, 36.6718) with 400 queries (recall=0.95).
Average Recall: 0.59065
Initial average recall with ef=100: 0.59065
Average Recall: 0.671
Initial average recall with ef=150: 0.671
Recall diff is too small for 1 consecutive steps, break.
Recall diff is too small for 1 consecutive steps, break.
Weighted average ef: 932.855
Training convergence-bucket 1 [36.6718, 39.9181) with 400 queries (recall=0.95).
Average Recall: 0.61225
Initial average recall with ef=100: 0.61225
Average Recall: 0.696525
Initial average recall with ef=150: 0.696525
Recall diff is too small for 1 consecutive steps, break.
Recall diff is too small for 1 consecutive steps, break.
Weighted average ef: 914.612
Training convergence-bucket 2 [39.9181, 46.1723) with 400 queries (recall=0.98).
Average Recall: 0.663334
Initial average recall with ef=100: 0.661675
Average Recall: 0.743575
Initial average recall with ef=150: 0.743575
Recall diff is too small for 1 consecutive steps, break.
Recall diff is too small for 1 consecutive steps, break.
Recall diff is too small for 1 consecutive steps, break.
Recall diff is too small for 1 consecutive steps, break.
Weighted average ef: 971.745
Training convergence-bucket 3 [46.1723, 52.7291) with 400 queries (recall=0.98).
Average Recall: 0.79045
Initial average recall with ef=100: 0.79045
Average Recall: 0.849375
Initial average recall with ef=150: 0.849375
Recall diff is too small for 1 consecutive steps, break.
Recall diff is too small for 1 consecutive steps, break.
Recall diff is too small for 1 consecutive steps, break.
Weighted average ef: 945.94
Training convergence-bucket 4 [52.7291, 57.7677) with 400 queries (recall=0.98).
Average Recall: 0.855825
Initial average recall with ef=100: 0.855825
Average Recall: 0.9069
Initial average recall with ef=150: 0.9069
Recall diff is too small for 1 consecutive steps, break.
Recall diff is too small for 1 consecutive steps, break.
Recall diff is too small for 1 consecutive steps, break.
Recall diff is too small for 1 consecutive steps, break.
Recall diff is too small for 1 consecutive steps, break.
Recall diff is too small for 1 consecutive steps, break.
Recall diff is too small for 1 consecutive steps, break.
Recall diff is too small for 1 consecutive steps, break.
Weighted average ef: 632.13
Training convergence-bucket 5 [57.7677, 61.9828) with 400 queries (recall=0.98).
Average Recall: 0.895575
Initial average recall with ef=100: 0.895575
Average Recall: 0.9315
Initial average recall with ef=150: 0.9315
Recall diff is too small for 1 consecutive steps, break.
Recall diff is too small for 1 consecutive steps, break.
Recall diff is too small for 1 consecutive steps, break.
Recall diff is too small for 1 consecutive steps, break.
Recall diff is too small for 1 consecutive steps, break.
Recall diff is too small for 1 consecutive steps, break.
Recall diff is too small for 1 consecutive steps, break.
Recall diff is too small for 1 consecutive steps, break.
Recall diff is too small for 1 consecutive steps, break.
Recall diff is too small for 1 consecutive steps, break.
Recall diff is too small for 1 consecutive steps, break.
Recall diff is too small for 1 consecutive steps, break.
Weighted average ef: 482.402
Training convergence-bucket 6 [61.9828, 65.908) with 400 queries (recall=0.98).
Average Recall: 0.925625
Initial average recall with ef=100: 0.925625
Average Recall: 0.954675
Initial average recall with ef=150: 0.954675
Recall diff is too small for 1 consecutive steps, break.
Recall diff is too small for 1 consecutive steps, break.
Weighted average ef: 318.927
Training convergence-bucket 7 [65.908, 69.9025) with 400 queries (recall=0.98).
Average Recall: 0.949126
Initial average recall with ef=100: 0.949125
Average Recall: 0.972051
Initial average recall with ef=150: 0.97205
Recall diff is too small for 1 consecutive steps, break.
Recall diff is too small for 1 consecutive steps, break.
Recall diff is too small for 1 consecutive steps, break.
Recall diff is too small for 1 consecutive steps, break.
Weighted average ef: 209.37
Training convergence-bucket 8 [69.9025, 73.9139) with 400 queries (recall=0.98).
Average Recall: 0.96515
Initial average recall with ef=100: 0.96515
Average Recall: 0.9826
Initial average recall with ef=150: 0.9826
Weighted average ef: 165.02
Training convergence-bucket 9 [73.9139, inf) with 400 queries (recall=0.98).
Average Recall: 0.976651
Initial average recall with ef=100: 0.97665
Average Recall: 0.988275
Initial average recall with ef=150: 0.988275
Weighted average ef: 137.235
Reconstructed True WAE: 258.078 (Hard Pct: 0.023875)
  Avg Ef Hard (bucketed): 929.918 | Avg Ef Easy (bucketed): 241.645
Search time: 2131 ms
Search time: 2213 ms
Search time: 2130 ms
Average Recall: 0.97615
5th percentile recall: 0.89
1st percentile recall: 0.82
Median search time: 2131 ms
Search times: 2130 ms, 2131 ms, 2213 ms, 
word2vec-300-angular experiment results:
statisc_length, time, avg_recall, 5th_percentile_recall, 1st_percentile_recall, recall_above_99, recall_above_95, recall_above_90
1025, 2131, 0.97615, 0.89, 0.82, 626, 831, 936
Experiment finished

--- min_queries_per_score: 3 ---

Loading samplings from /home/yc.shea/experiments/shiro-ef/sampling/word2vec-300-angular-samplings--k100-ef.bin
Samplings loaded from /home/yc.shea/experiments/shiro-ef/sampling/word2vec-300-angular-samplings--k100-ef.bin
Average Recall: 0.822495
Initial average recall with ef=100: 0.822416
Average Recall: 0.869639
Initial average recall with ef=150: 0.869785
Weighted average ef: 493.303
Per-bucket recall: conv_p20=39.9181 hard_recall=0.95 easy_recall=0.98
Training convergence-bucket 0 [13.6502, 36.6718) with 400 queries (recall=0.95).
Average Recall: 0.59065
Initial average recall with ef=100: 0.588109
Average Recall: 0.671
Initial average recall with ef=150: 0.669249
Recall diff is too small for 1 consecutive steps, break.
Recall diff is too small for 1 consecutive steps, break.
Weighted average ef: 913.02
Training convergence-bucket 1 [36.6718, 39.9181) with 400 queries (recall=0.95).
Average Recall: 0.61225
Initial average recall with ef=100: 0.61733
Average Recall: 0.696525
Initial average recall with ef=150: 0.703141
Weighted average ef: 874.357
Training convergence-bucket 2 [39.9181, 46.1723) with 400 queries (recall=0.98).
Average Recall: 0.663334
Initial average recall with ef=100: 0.657139
Average Recall: 0.743575
Initial average recall with ef=150: 0.741916
Recall diff is too small for 1 consecutive steps, break.
Recall diff is too small for 1 consecutive steps, break.
Weighted average ef: 933.792
Training convergence-bucket 3 [46.1723, 52.7291) with 400 queries (recall=0.98).
Average Recall: 0.79045
Initial average recall with ef=100: 0.788628
Average Recall: 0.849375
Initial average recall with ef=150: 0.847836
Recall diff is too small for 1 consecutive steps, break.
Recall diff is too small for 1 consecutive steps, break.
Weighted average ef: 913.228
Training convergence-bucket 4 [52.7291, 57.7677) with 400 queries (recall=0.98).
Average Recall: 0.855825
Initial average recall with ef=100: 0.857599
Average Recall: 0.9069
Initial average recall with ef=150: 0.907863
Recall diff is too small for 1 consecutive steps, break.
Recall diff is too small for 1 consecutive steps, break.
Recall diff is too small for 1 consecutive steps, break.
Recall diff is too small for 1 consecutive steps, break.
Weighted average ef: 603.018
Training convergence-bucket 5 [57.7677, 61.9828) with 400 queries (recall=0.98).
Average Recall: 0.895575
Initial average recall with ef=100: 0.894033
Average Recall: 0.9315
Initial average recall with ef=150: 0.930545
Recall diff is too small for 1 consecutive steps, break.
Recall diff is too small for 1 consecutive steps, break.
Recall diff is too small for 1 consecutive steps, break.
Recall diff is too small for 1 consecutive steps, break.
Weighted average ef: 458.507
Training convergence-bucket 6 [61.9828, 65.908) with 400 queries (recall=0.98).
Average Recall: 0.925625
Initial average recall with ef=100: 0.926105
Average Recall: 0.954675
Initial average recall with ef=150: 0.9555
Weighted average ef: 303.242
Training convergence-bucket 7 [65.908, 69.9025) with 400 queries (recall=0.98).
Average Recall: 0.949126
Initial average recall with ef=100: 0.949332
Average Recall: 0.972051
Initial average recall with ef=150: 0.97262
Recall diff is too small for 1 consecutive steps, break.
Weighted average ef: 195.3
Training convergence-bucket 8 [69.9025, 73.9139) with 400 queries (recall=0.98).
Average Recall: 0.96515
Initial average recall with ef=100: 0.965091
Average Recall: 0.9826
Initial average recall with ef=150: 0.982739
Weighted average ef: 159.235
Training convergence-bucket 9 [73.9139, inf) with 400 queries (recall=0.98).
Average Recall: 0.976651
Initial average recall with ef=100: 0.976931
Average Recall: 0.988275
Initial average recall with ef=150: 0.988389
Weighted average ef: 133.475
Reconstructed True WAE: 234.871 (Hard Pct: 0.023875)
  Avg Ef Hard (bucketed): 934.496 | Avg Ef Easy (bucketed): 217.759
Search time: 2365 ms
Search time: 2354 ms
Search time: 2241 ms
Average Recall: 0.97659
5th percentile recall: 0.89
1st percentile recall: 0.81
Median search time: 2354 ms
Search times: 2241 ms, 2354 ms, 2365 ms, 
word2vec-300-angular experiment results:
statisc_length, time, avg_recall, 5th_percentile_recall, 1st_percentile_recall, recall_above_99, recall_above_95, recall_above_90
1025, 2354, 0.97659, 0.89, 0.81, 635, 833, 938
Experiment finished

--- min_queries_per_score: 5 ---

Loading samplings from /home/yc.shea/experiments/shiro-ef/sampling/word2vec-300-angular-samplings--k100-ef.bin
Samplings loaded from /home/yc.shea/experiments/shiro-ef/sampling/word2vec-300-angular-samplings--k100-ef.bin
Average Recall: 0.822495
Initial average recall with ef=100: 0.822924
Average Recall: 0.869639
Initial average recall with ef=150: 0.870747
Weighted average ef: 491.618
Per-bucket recall: conv_p20=39.9181 hard_recall=0.95 easy_recall=0.98
Training convergence-bucket 0 [13.6502, 36.6718) with 400 queries (recall=0.95).
Average Recall: 0.59065
Initial average recall with ef=100: 0.589315
Average Recall: 0.671
Initial average recall with ef=150: 0.671781
Recall diff is too small for 1 consecutive steps, break.
Weighted average ef: 865.675
Training convergence-bucket 1 [36.6718, 39.9181) with 400 queries (recall=0.95).
Average Recall: 0.61225
Initial average recall with ef=100: 0.611247
Average Recall: 0.696525
Initial average recall with ef=150: 0.698116
Weighted average ef: 840.997
Training convergence-bucket 2 [39.9181, 46.1723) with 400 queries (recall=0.98).
Average Recall: 0.663334
Initial average recall with ef=100: 0.656807
Average Recall: 0.743575
Initial average recall with ef=150: 0.745126
Recall diff is too small for 1 consecutive steps, break.
Weighted average ef: 880.717
Training convergence-bucket 3 [46.1723, 52.7291) with 400 queries (recall=0.98).
Average Recall: 0.79045
Initial average recall with ef=100: 0.787615
Average Recall: 0.849375
Initial average recall with ef=150: 0.847586
Recall diff is too small for 1 consecutive steps, break.
Weighted average ef: 842.415
Training convergence-bucket 4 [52.7291, 57.7677) with 400 queries (recall=0.98).
Average Recall: 0.855825
Initial average recall with ef=100: 0.854912
Average Recall: 0.9069
Initial average recall with ef=150: 0.905936
Recall diff is too small for 1 consecutive steps, break.
Weighted average ef: 559.995
Training convergence-bucket 5 [57.7677, 61.9828) with 400 queries (recall=0.98).
Average Recall: 0.895575
Initial average recall with ef=100: 0.892783
Average Recall: 0.9315
Initial average recall with ef=150: 0.929391
Recall diff is too small for 1 consecutive steps, break.
Weighted average ef: 435.133
Training convergence-bucket 6 [61.9828, 65.908) with 400 queries (recall=0.98).
Average Recall: 0.925625
Initial average recall with ef=100: 0.925168
Average Recall: 0.954675
Initial average recall with ef=150: 0.954777
Weighted average ef: 290.052
Training convergence-bucket 7 [65.908, 69.9025) with 400 queries (recall=0.98).
Average Recall: 0.949126
Initial average recall with ef=100: 0.950655
Average Recall: 0.972051
Initial average recall with ef=150: 0.973561
Weighted average ef: 182.005
Training convergence-bucket 8 [69.9025, 73.9139) with 400 queries (recall=0.98).
Average Recall: 0.96515
Initial average recall with ef=100: 0.964314
Average Recall: 0.9826
Initial average recall with ef=150: 0.982269
Weighted average ef: 148.55
Training convergence-bucket 9 [73.9139, inf) with 400 queries (recall=0.98).
Average Recall: 0.976651
Initial average recall with ef=100: 0.977427
Average Recall: 0.988275
Initial average recall with ef=150: 0.988743
Weighted average ef: 115.125
Reconstructed True WAE: 249.088 (Hard Pct: 0.023875)
  Avg Ef Hard (bucketed): 934.668 | Avg Ef Easy (bucketed): 232.32
Search time: 2210 ms
Search time: 2209 ms
Search time: 2207 ms
Average Recall: 0.97744
5th percentile recall: 0.9
1st percentile recall: 0.82
Median search time: 2209 ms
Search times: 2207 ms, 2209 ms, 2210 ms, 
word2vec-300-angular experiment results:
statisc_length, time, avg_recall, 5th_percentile_recall, 1st_percentile_recall, recall_above_99, recall_above_95, recall_above_90
1025, 2209, 0.97744, 0.9, 0.82, 641, 842, 941
Experiment finished


Dataset: sift10m-128-euclidean
Metric: l2
Data vectors dimensions: 10000000 x 128
Query vectors dimensions: 1000 x 128
Neighbors dimensions: 1000 x 100
Index loaded
Dimension of space:128
Data size of space:512

--- min_queries_per_score: 0 ---

Loading samplings from /home/yc.shea/experiments/shiro-ef/sampling/sift10m-128-euclidean-samplings--k100-ef.bin
Samplings loaded from /home/yc.shea/experiments/shiro-ef/sampling/sift10m-128-euclidean-samplings--k100-ef.bin
Average Recall: 0.854657
Initial average recall with ef=100: 0.854665
Average Recall: 0.900996
Initial average recall with ef=150: 0.901007
Recall diff is too small for 1 consecutive steps, break.
Recall diff is too small for 1 consecutive steps, break.
Weighted average ef: 305.274
Per-bucket recall: conv_p20=43.8437 hard_recall=0.95 easy_recall=0.98
Training convergence-bucket 0 [25.6326, 40.8198) with 400 queries (recall=0.95).
Average Recall: 0.65535
Initial average recall with ef=100: 0.65535
Average Recall: 0.73465
Initial average recall with ef=150: 0.73465
Recall diff is too small for 1 consecutive steps, break.
Recall diff is too small for 1 consecutive steps, break.
Recall diff is too small for 1 consecutive steps, break.
Weighted average ef: 741.65
Training convergence-bucket 1 [40.8198, 43.8437) with 400 queries (recall=0.95).
Average Recall: 0.689975
Initial average recall with ef=100: 0.689975
Average Recall: 0.767325
Initial average recall with ef=150: 0.767325
Recall diff is too small for 1 consecutive steps, break.
Recall diff is too small for 1 consecutive steps, break.
Weighted average ef: 660.155
Training convergence-bucket 2 [43.8437, 49.4131) with 400 queries (recall=0.98).
Average Recall: 0.76585
Initial average recall with ef=100: 0.76585
Average Recall: 0.835325
Initial average recall with ef=150: 0.835325
Recall diff is too small for 1 consecutive steps, break.
Recall diff is too small for 1 consecutive steps, break.
Recall diff is too small for 1 consecutive steps, break.
Recall diff is too small for 1 consecutive steps, break.
Weighted average ef: 727.21
Training convergence-bucket 3 [49.4131, 53.5096) with 400 queries (recall=0.98).
Average Recall: 0.83605
Initial average recall with ef=100: 0.83605
Average Recall: 0.89375
Initial average recall with ef=150: 0.89375
Recall diff is too small for 1 consecutive steps, break.
Weighted average ef: 489.805
Training convergence-bucket 4 [53.5096, 57.0384) with 400 queries (recall=0.98).
Average Recall: 0.8665
Initial average recall with ef=100: 0.8665
Average Recall: 0.917376
Initial average recall with ef=150: 0.917375
Recall diff is too small for 1 consecutive steps, break.
Recall diff is too small for 1 consecutive steps, break.
Recall diff is too small for 1 consecutive steps, break.
Weighted average ef: 394.905
Training convergence-bucket 5 [57.0384, 60.7419) with 400 queries (recall=0.98).
Average Recall: 0.8986
Initial average recall with ef=100: 0.8986
Average Recall: 0.941551
Initial average recall with ef=150: 0.94155
Recall diff is too small for 1 consecutive steps, break.
Recall diff is too small for 1 consecutive steps, break.
Recall diff is too small for 1 consecutive steps, break.
Weighted average ef: 311.42
Training convergence-bucket 6 [60.7419, 64.7118) with 400 queries (recall=0.98).
Average Recall: 0.923151
Initial average recall with ef=100: 0.92315
Average Recall: 0.95875
Initial average recall with ef=150: 0.95875
Recall diff is too small for 1 consecutive steps, break.
Recall diff is too small for 1 consecutive steps, break.
Weighted average ef: 248.525
Training convergence-bucket 7 [64.7118, 69.2495) with 400 queries (recall=0.98).
Average Recall: 0.950876
Initial average recall with ef=100: 0.950875
Average Recall: 0.97715
Initial average recall with ef=150: 0.97715
Weighted average ef: 179.475
Training convergence-bucket 8 [69.2495, 74.7705) with 400 queries (recall=0.98).
Average Recall: 0.969976
Initial average recall with ef=100: 0.969975
Average Recall: 0.98745
Initial average recall with ef=150: 0.98745
Recall diff is too small for 1 consecutive steps, break.
Weighted average ef: 147.133
Training convergence-bucket 9 [74.7705, inf) with 400 queries (recall=0.98).
Average Recall: 0.990325
Initial average recall with ef=100: 0.990325
Average Recall: 0.99675
Initial average recall with ef=150: 0.99675
Weighted average ef: 106.125
Reconstructed True WAE: 223.736 (Hard Pct: 0.02)
  Avg Ef Hard (bucketed): 694.474 | Avg Ef Easy (bucketed): 214.129
Search time: 1544 ms
Search time: 1540 ms
Search time: 1546 ms
Average Recall: 0.98542
5th percentile recall: 0.95
1st percentile recall: 0.92
Median search time: 1544 ms
Search times: 1540 ms, 1544 ms, 1546 ms, 
sift10m-128-euclidean experiment results:
statisc_length, time, avg_recall, 5th_percentile_recall, 1st_percentile_recall, recall_above_99, recall_above_95, recall_above_90
1025, 1544, 0.98542, 0.95, 0.92, 649, 936, 996
Experiment finished

--- min_queries_per_score: 1 ---

Loading samplings from /home/yc.shea/experiments/shiro-ef/sampling/sift10m-128-euclidean-samplings--k100-ef.bin
Samplings loaded from /home/yc.shea/experiments/shiro-ef/sampling/sift10m-128-euclidean-samplings--k100-ef.bin
Average Recall: 0.854657
Initial average recall with ef=100: 0.854665
Average Recall: 0.900996
Initial average recall with ef=150: 0.901007
Recall diff is too small for 1 consecutive steps, break.
Recall diff is too small for 1 consecutive steps, break.
Weighted average ef: 305.274
Per-bucket recall: conv_p20=43.8437 hard_recall=0.95 easy_recall=0.98
Training convergence-bucket 0 [25.6326, 40.8198) with 400 queries (recall=0.95).
Average Recall: 0.65535
Initial average recall with ef=100: 0.65535
Average Recall: 0.73465
Initial average recall with ef=150: 0.73465
Recall diff is too small for 1 consecutive steps, break.
Recall diff is too small for 1 consecutive steps, break.
Recall diff is too small for 1 consecutive steps, break.
Weighted average ef: 741.65
Training convergence-bucket 1 [40.8198, 43.8437) with 400 queries (recall=0.95).
Average Recall: 0.689975
Initial average recall with ef=100: 0.689975
Average Recall: 0.767325
Initial average recall with ef=150: 0.767325
Recall diff is too small for 1 consecutive steps, break.
Recall diff is too small for 1 consecutive steps, break.
Weighted average ef: 660.155
Training convergence-bucket 2 [43.8437, 49.4131) with 400 queries (recall=0.98).
Average Recall: 0.76585
Initial average recall with ef=100: 0.76585
Average Recall: 0.835325
Initial average recall with ef=150: 0.835325
Recall diff is too small for 1 consecutive steps, break.
Recall diff is too small for 1 consecutive steps, break.
Recall diff is too small for 1 consecutive steps, break.
Recall diff is too small for 1 consecutive steps, break.
Weighted average ef: 727.21
Training convergence-bucket 3 [49.4131, 53.5096) with 400 queries (recall=0.98).
Average Recall: 0.83605
Initial average recall with ef=100: 0.83605
Average Recall: 0.89375
Initial average recall with ef=150: 0.89375
Recall diff is too small for 1 consecutive steps, break.
Weighted average ef: 489.805
Training convergence-bucket 4 [53.5096, 57.0384) with 400 queries (recall=0.98).
Average Recall: 0.8665
Initial average recall with ef=100: 0.8665
Average Recall: 0.917376
Initial average recall with ef=150: 0.917375
Recall diff is too small for 1 consecutive steps, break.
Recall diff is too small for 1 consecutive steps, break.
Recall diff is too small for 1 consecutive steps, break.
Weighted average ef: 394.905
Training convergence-bucket 5 [57.0384, 60.7419) with 400 queries (recall=0.98).
Average Recall: 0.8986
Initial average recall with ef=100: 0.8986
Average Recall: 0.941551
Initial average recall with ef=150: 0.94155
Recall diff is too small for 1 consecutive steps, break.
Recall diff is too small for 1 consecutive steps, break.
Recall diff is too small for 1 consecutive steps, break.
Weighted average ef: 311.42
Training convergence-bucket 6 [60.7419, 64.7118) with 400 queries (recall=0.98).
Average Recall: 0.923151
Initial average recall with ef=100: 0.92315
Average Recall: 0.95875
Initial average recall with ef=150: 0.95875
Recall diff is too small for 1 consecutive steps, break.
Recall diff is too small for 1 consecutive steps, break.
Weighted average ef: 248.525
Training convergence-bucket 7 [64.7118, 69.2495) with 400 queries (recall=0.98).
Average Recall: 0.950876
Initial average recall with ef=100: 0.950875
Average Recall: 0.97715
Initial average recall with ef=150: 0.97715
Weighted average ef: 179.475
Training convergence-bucket 8 [69.2495, 74.7705) with 400 queries (recall=0.98).
Average Recall: 0.969976
Initial average recall with ef=100: 0.969975
Average Recall: 0.98745
Initial average recall with ef=150: 0.98745
Recall diff is too small for 1 consecutive steps, break.
Weighted average ef: 147.133
Training convergence-bucket 9 [74.7705, inf) with 400 queries (recall=0.98).
Average Recall: 0.990325
Initial average recall with ef=100: 0.990325
Average Recall: 0.99675
Initial average recall with ef=150: 0.99675
Weighted average ef: 106.125
Reconstructed True WAE: 223.736 (Hard Pct: 0.02)
  Avg Ef Hard (bucketed): 694.474 | Avg Ef Easy (bucketed): 214.129
Search time: 1676 ms
Search time: 1572 ms
Search time: 1543 ms
Average Recall: 0.98542
5th percentile recall: 0.95
1st percentile recall: 0.92
Median search time: 1572 ms
Search times: 1543 ms, 1572 ms, 1676 ms, 
sift10m-128-euclidean experiment results:
statisc_length, time, avg_recall, 5th_percentile_recall, 1st_percentile_recall, recall_above_99, recall_above_95, recall_above_90
1025, 1572, 0.98542, 0.95, 0.92, 649, 936, 996
Experiment finished

--- min_queries_per_score: 3 ---

Loading samplings from /home/yc.shea/experiments/shiro-ef/sampling/sift10m-128-euclidean-samplings--k100-ef.bin
Samplings loaded from /home/yc.shea/experiments/shiro-ef/sampling/sift10m-128-euclidean-samplings--k100-ef.bin
Average Recall: 0.854657
Initial average recall with ef=100: 0.854876
Average Recall: 0.900996
Initial average recall with ef=150: 0.901219
Recall diff is too small for 1 consecutive steps, break.
Weighted average ef: 304.489
Per-bucket recall: conv_p20=43.8437 hard_recall=0.95 easy_recall=0.98
Training convergence-bucket 0 [25.6326, 40.8198) with 400 queries (recall=0.95).
Average Recall: 0.65535
Initial average recall with ef=100: 0.652923
Average Recall: 0.73465
Initial average recall with ef=150: 0.732897
Recall diff is too small for 1 consecutive steps, break.
Weighted average ef: 730.415
Training convergence-bucket 1 [40.8198, 43.8437) with 400 queries (recall=0.95).
Average Recall: 0.689975
Initial average recall with ef=100: 0.688593
Average Recall: 0.767325
Initial average recall with ef=150: 0.766113
Weighted average ef: 649.535
Training convergence-bucket 2 [43.8437, 49.4131) with 400 queries (recall=0.98).
Average Recall: 0.76585
Initial average recall with ef=100: 0.763747
Average Recall: 0.835325
Initial average recall with ef=150: 0.833282
Recall diff is too small for 1 consecutive steps, break.
Weighted average ef: 714.21
Training convergence-bucket 3 [49.4131, 53.5096) with 400 queries (recall=0.98).
Average Recall: 0.83605
Initial average recall with ef=100: 0.834578
Average Recall: 0.89375
Initial average recall with ef=150: 0.892685
Recall diff is too small for 1 consecutive steps, break.
Weighted average ef: 482.753
Training convergence-bucket 4 [53.5096, 57.0384) with 400 queries (recall=0.98).
Average Recall: 0.8665
Initial average recall with ef=100: 0.866907
Average Recall: 0.917376
Initial average recall with ef=150: 0.917655
Recall diff is too small for 1 consecutive steps, break.
Weighted average ef: 379.973
Training convergence-bucket 5 [57.0384, 60.7419) with 400 queries (recall=0.98).
Average Recall: 0.8986
Initial average recall with ef=100: 0.899743
Average Recall: 0.941551
Initial average recall with ef=150: 0.942519
Recall diff is too small for 1 consecutive steps, break.
Weighted average ef: 297.615
Training convergence-bucket 6 [60.7419, 64.7118) with 400 queries (recall=0.98).
Average Recall: 0.923151
Initial average recall with ef=100: 0.923817
Average Recall: 0.95875
Initial average recall with ef=150: 0.959313
Weighted average ef: 243.75
Training convergence-bucket 7 [64.7118, 69.2495) with 400 queries (recall=0.98).
Average Recall: 0.950876
Initial average recall with ef=100: 0.95162
Average Recall: 0.97715
Initial average recall with ef=150: 0.977772
Weighted average ef: 176.02
Training convergence-bucket 8 [69.2495, 74.7705) with 400 queries (recall=0.98).
Average Recall: 0.969976
Initial average recall with ef=100: 0.971498
Average Recall: 0.98745
Initial average recall with ef=150: 0.988553
Weighted average ef: 141.125
Training convergence-bucket 9 [74.7705, inf) with 400 queries (recall=0.98).
Average Recall: 0.990325
Initial average recall with ef=100: 0.990851
Average Recall: 0.99675
Initial average recall with ef=150: 0.997062
Weighted average ef: 102.35
Reconstructed True WAE: 208.454 (Hard Pct: 0.02)
  Avg Ef Hard (bucketed): 699.151 | Avg Ef Easy (bucketed): 198.439
Search time: 1633 ms
Search time: 1631 ms
Search time: 1687 ms
Average Recall: 0.98553
5th percentile recall: 0.95
1st percentile recall: 0.92
Median search time: 1633 ms
Search times: 1631 ms, 1633 ms, 1687 ms, 
sift10m-128-euclidean experiment results:
statisc_length, time, avg_recall, 5th_percentile_recall, 1st_percentile_recall, recall_above_99, recall_above_95, recall_above_90
1025, 1633, 0.98553, 0.95, 0.92, 650, 939, 996
Experiment finished

--- min_queries_per_score: 5 ---

Loading samplings from /home/yc.shea/experiments/shiro-ef/sampling/sift10m-128-euclidean-samplings--k100-ef.bin
Samplings loaded from /home/yc.shea/experiments/shiro-ef/sampling/sift10m-128-euclidean-samplings--k100-ef.bin
Average Recall: 0.854657
Initial average recall with ef=100: 0.855199
Average Recall: 0.900996
Initial average recall with ef=150: 0.901538
Weighted average ef: 303.493
Per-bucket recall: conv_p20=43.8437 hard_recall=0.95 easy_recall=0.98
Training convergence-bucket 0 [25.6326, 40.8198) with 400 queries (recall=0.95).
Average Recall: 0.65535
Initial average recall with ef=100: 0.651952
Average Recall: 0.73465
Initial average recall with ef=150: 0.732401
Weighted average ef: 710.847
Training convergence-bucket 1 [40.8198, 43.8437) with 400 queries (recall=0.95).
Average Recall: 0.689975
Initial average recall with ef=100: 0.689134
Average Recall: 0.767325
Initial average recall with ef=150: 0.766404
Weighted average ef: 630.412
Training convergence-bucket 2 [43.8437, 49.4131) with 400 queries (recall=0.98).
Average Recall: 0.76585
Initial average recall with ef=100: 0.762732
Average Recall: 0.835325
Initial average recall with ef=150: 0.832623
Weighted average ef: 681.475
Training convergence-bucket 3 [49.4131, 53.5096) with 400 queries (recall=0.98).
Average Recall: 0.83605
Initial average recall with ef=100: 0.83366
Average Recall: 0.89375
Initial average recall with ef=150: 0.892334
Recall diff is too small for 1 consecutive steps, break.
Weighted average ef: 465.758
Training convergence-bucket 4 [53.5096, 57.0384) with 400 queries (recall=0.98).
Average Recall: 0.8665
Initial average recall with ef=100: 0.866693
Average Recall: 0.917376
Initial average recall with ef=150: 0.917307
Recall diff is too small for 1 consecutive steps, break.
Weighted average ef: 368.92
Training convergence-bucket 5 [57.0384, 60.7419) with 400 queries (recall=0.98).
Average Recall: 0.8986
Initial average recall with ef=100: 0.898011
Average Recall: 0.941551
Initial average recall with ef=150: 0.941602
Weighted average ef: 281.138
Training convergence-bucket 6 [60.7419, 64.7118) with 400 queries (recall=0.98).
Average Recall: 0.923151
Initial average recall with ef=100: 0.924171
Average Recall: 0.95875
Initial average recall with ef=150: 0.959358
Weighted average ef: 230.168
Training convergence-bucket 7 [64.7118, 69.2495) with 400 queries (recall=0.98).
Average Recall: 0.950876
Initial average recall with ef=100: 0.952474
Average Recall: 0.97715
Initial average recall with ef=150: 0.978385
Weighted average ef: 168.225
Training convergence-bucket 8 [69.2495, 74.7705) with 400 queries (recall=0.98).
Average Recall: 0.969976
Initial average recall with ef=100: 0.972282
Average Recall: 0.98745
Initial average recall with ef=150: 0.989
Weighted average ef: 138.438
Training convergence-bucket 9 [74.7705, inf) with 400 queries (recall=0.98).
Average Recall: 0.990325
Initial average recall with ef=100: 0.991441
Average Recall: 0.99675
Initial average recall with ef=150: 0.997467
Weighted average ef: 98.125
Reconstructed True WAE: 206.652 (Hard Pct: 0.02)
  Avg Ef Hard (bucketed): 697.111 | Avg Ef Easy (bucketed): 196.643
Search time: 1683 ms
Search time: 1666 ms
Search time: 1644 ms
Average Recall: 0.98557
5th percentile recall: 0.95
1st percentile recall: 0.92
Median search time: 1666 ms
Search times: 1644 ms, 1666 ms, 1683 ms, 
sift10m-128-euclidean experiment results:
statisc_length, time, avg_recall, 5th_percentile_recall, 1st_percentile_recall, recall_above_99, recall_above_95, recall_above_90
1025, 1666, 0.98557, 0.95, 0.92, 654, 941, 996
Experiment finished


Dataset: gist-960-euclidean
Metric: l2
Data vectors dimensions: 1000000 x 960
Query vectors dimensions: 1000 x 960
Neighbors dimensions: 1000 x 100
Index loaded
Dimension of space:960
Data size of space:3840

--- min_queries_per_score: 0 ---

Loading samplings from /home/yc.shea/experiments/shiro-ef/sampling/gist-960-euclidean-samplings--k100-ef.bin
Samplings loaded from /home/yc.shea/experiments/shiro-ef/sampling/gist-960-euclidean-samplings--k100-ef.bin
Average Recall: 0.730765
Initial average recall with ef=100: 0.730767
Average Recall: 0.802507
Initial average recall with ef=150: 0.80251
Recall diff is too small for 1 consecutive steps, break.
Recall diff is too small for 1 consecutive steps, break.
Recall diff is too small for 1 consecutive steps, break.
Weighted average ef: 628.903
Per-bucket recall: conv_p20=36.6201 hard_recall=0.95 easy_recall=0.98
Training convergence-bucket 0 [23.8147, 33.1689) with 400 queries (recall=0.95).
Average Recall: 0.50875
Initial average recall with ef=100: 0.50875
Average Recall: 0.602925
Initial average recall with ef=150: 0.602925
Recall diff is too small for 1 consecutive steps, break.
Recall diff is too small for 1 consecutive steps, break.
Recall diff is too small for 1 consecutive steps, break.
Recall diff is too small for 1 consecutive steps, break.
Recall diff is too small for 1 consecutive steps, break.
Weighted average ef: 1507.49
Training convergence-bucket 1 [33.1689, 36.6201) with 400 queries (recall=0.95).
Average Recall: 0.567625
Initial average recall with ef=100: 0.567625
Average Recall: 0.662725
Initial average recall with ef=150: 0.662725
Recall diff is too small for 1 consecutive steps, break.
Weighted average ef: 1114.27
Training convergence-bucket 2 [36.6201, 39.5445) with 400 queries (recall=0.98).
Average Recall: 0.621275
Initial average recall with ef=100: 0.621275
Average Recall: 0.709725
Initial average recall with ef=150: 0.709725
Recall diff is too small for 1 consecutive steps, break.
Recall diff is too small for 1 consecutive steps, break.
Recall diff is too small for 1 consecutive steps, break.
Recall diff is too small for 1 consecutive steps, break.
Recall diff is too small for 1 consecutive steps, break.
Weighted average ef: 1786.78
Training convergence-bucket 3 [39.5445, 42.2303) with 400 queries (recall=0.98).
Average Recall: 0.666925
Initial average recall with ef=100: 0.666925
Average Recall: 0.7542
Initial average recall with ef=150: 0.7542
Recall diff is too small for 1 consecutive steps, break.
Recall diff is too small for 1 consecutive steps, break.
Recall diff is too small for 1 consecutive steps, break.
Recall diff is too small for 1 consecutive steps, break.
Recall diff is too small for 1 consecutive steps, break.
Recall diff is too small for 1 consecutive steps, break.
Recall diff is too small for 1 consecutive steps, break.
Recall diff is too small for 1 consecutive steps, break.
Recall diff is too small for 1 consecutive steps, break.
Recall diff is too small for 1 consecutive steps, break.
Weighted average ef: 1334.26
Training convergence-bucket 4 [42.2303, 44.9316) with 400 queries (recall=0.98).
Average Recall: 0.705775
Initial average recall with ef=100: 0.705775
Average Recall: 0.78765
Initial average recall with ef=150: 0.78765
Recall diff is too small for 1 consecutive steps, break.
Recall diff is too small for 1 consecutive steps, break.
Recall diff is too small for 1 consecutive steps, break.
Recall diff is too small for 1 consecutive steps, break.
Weighted average ef: 1082.98
Training convergence-bucket 5 [44.9316, 48.2064) with 400 queries (recall=0.98).
Average Recall: 0.748625
Initial average recall with ef=100: 0.748625
Average Recall: 0.82525
Initial average recall with ef=150: 0.82525
Recall diff is too small for 1 consecutive steps, break.
Recall diff is too small for 1 consecutive steps, break.
Recall diff is too small for 1 consecutive steps, break.
Recall diff is too small for 1 consecutive steps, break.
Recall diff is too small for 1 consecutive steps, break.
Recall diff is too small for 1 consecutive steps, break.
Recall diff is too small for 1 consecutive steps, break.
Recall diff is too small for 1 consecutive steps, break.
Weighted average ef: 932.51
Training convergence-bucket 6 [48.2064, 52.5846) with 400 queries (recall=0.98).
Average Recall: 0.79775
Initial average recall with ef=100: 0.79775
Average Recall: 0.866726
Initial average recall with ef=150: 0.866725
Recall diff is too small for 1 consecutive steps, break.
Recall diff is too small for 1 consecutive steps, break.
Recall diff is too small for 1 consecutive steps, break.
Recall diff is too small for 1 consecutive steps, break.
Recall diff is too small for 1 consecutive steps, break.
Recall diff is too small for 1 consecutive steps, break.
Weighted average ef: 644.17
Training convergence-bucket 7 [52.5846, 58.2719) with 400 queries (recall=0.98).
Average Recall: 0.839775
Initial average recall with ef=100: 0.839775
Average Recall: 0.89915
Initial average recall with ef=150: 0.89915
Recall diff is too small for 1 consecutive steps, break.
Recall diff is too small for 1 consecutive steps, break.
Recall diff is too small for 1 consecutive steps, break.
Recall diff is too small for 1 consecutive steps, break.
Recall diff is too small for 1 consecutive steps, break.
Weighted average ef: 520.48
Training convergence-bucket 8 [58.2719, 66.3334) with 400 queries (recall=0.98).
Average Recall: 0.894075
Initial average recall with ef=100: 0.894075
Average Recall: 0.938375
Initial average recall with ef=150: 0.938375
Recall diff is too small for 1 consecutive steps, break.
Recall diff is too small for 1 consecutive steps, break.
Recall diff is too small for 1 consecutive steps, break.
Recall diff is too small for 1 consecutive steps, break.
Recall diff is too small for 1 consecutive steps, break.
Recall diff is too small for 1 consecutive steps, break.
Recall diff is too small for 1 consecutive steps, break.
Weighted average ef: 355.588
Training convergence-bucket 9 [66.3334, inf) with 400 queries (recall=0.98).
Average Recall: 0.9571
Initial average recall with ef=100: 0.9571
Average Recall: 0.978375
Initial average recall with ef=150: 0.978375
Recall diff is too small for 1 consecutive steps, break.
Recall diff is too small for 1 consecutive steps, break.
Recall diff is too small for 1 consecutive steps, break.
Weighted average ef: 183.11
Reconstructed True WAE: 531.098 (Hard Pct: 0.010775)
  Avg Ef Hard (bucketed): 1554.01 | Avg Ef Easy (bucketed): 519.956
Search time: 8959 ms
Search time: 8775 ms
Search time: 8490 ms
Average Recall: 0.98163
5th percentile recall: 0.94
1st percentile recall: 0.91
Median search time: 8775 ms
Search times: 8490 ms, 8775 ms, 8959 ms, 
gist-960-euclidean experiment results:
statisc_length, time, avg_recall, 5th_percentile_recall, 1st_percentile_recall, recall_above_99, recall_above_95, recall_above_90
1025, 8775, 0.98163, 0.94, 0.91, 568, 888, 990
Experiment finished

--- min_queries_per_score: 1 ---

Loading samplings from /home/yc.shea/experiments/shiro-ef/sampling/gist-960-euclidean-samplings--k100-ef.bin
Samplings loaded from /home/yc.shea/experiments/shiro-ef/sampling/gist-960-euclidean-samplings--k100-ef.bin
Average Recall: 0.730765
Initial average recall with ef=100: 0.730767
Average Recall: 0.802507
Initial average recall with ef=150: 0.80251
Recall diff is too small for 1 consecutive steps, break.
Recall diff is too small for 1 consecutive steps, break.
Recall diff is too small for 1 consecutive steps, break.
Weighted average ef: 628.903
Per-bucket recall: conv_p20=36.6201 hard_recall=0.95 easy_recall=0.98
Training convergence-bucket 0 [23.8147, 33.1689) with 400 queries (recall=0.95).
Average Recall: 0.50875
Initial average recall with ef=100: 0.50875
Average Recall: 0.602925
Initial average recall with ef=150: 0.602925
Recall diff is too small for 1 consecutive steps, break.
Recall diff is too small for 1 consecutive steps, break.
Recall diff is too small for 1 consecutive steps, break.
Recall diff is too small for 1 consecutive steps, break.
Recall diff is too small for 1 consecutive steps, break.
Weighted average ef: 1507.49
Training convergence-bucket 1 [33.1689, 36.6201) with 400 queries (recall=0.95).
Average Recall: 0.567625
Initial average recall with ef=100: 0.567625
Average Recall: 0.662725
Initial average recall with ef=150: 0.662725
Recall diff is too small for 1 consecutive steps, break.
Weighted average ef: 1114.27
Training convergence-bucket 2 [36.6201, 39.5445) with 400 queries (recall=0.98).
Average Recall: 0.621275
Initial average recall with ef=100: 0.621275
Average Recall: 0.709725
Initial average recall with ef=150: 0.709725
Recall diff is too small for 1 consecutive steps, break.
Recall diff is too small for 1 consecutive steps, break.
Recall diff is too small for 1 consecutive steps, break.
Recall diff is too small for 1 consecutive steps, break.
Recall diff is too small for 1 consecutive steps, break.
Weighted average ef: 1786.78
Training convergence-bucket 3 [39.5445, 42.2303) with 400 queries (recall=0.98).
Average Recall: 0.666925
Initial average recall with ef=100: 0.666925
Average Recall: 0.7542
Initial average recall with ef=150: 0.7542
Recall diff is too small for 1 consecutive steps, break.
Recall diff is too small for 1 consecutive steps, break.
Recall diff is too small for 1 consecutive steps, break.
Recall diff is too small for 1 consecutive steps, break.
Recall diff is too small for 1 consecutive steps, break.
Recall diff is too small for 1 consecutive steps, break.
Recall diff is too small for 1 consecutive steps, break.
Recall diff is too small for 1 consecutive steps, break.
Recall diff is too small for 1 consecutive steps, break.
Recall diff is too small for 1 consecutive steps, break.
Weighted average ef: 1334.26
Training convergence-bucket 4 [42.2303, 44.9316) with 400 queries (recall=0.98).
Average Recall: 0.705775
Initial average recall with ef=100: 0.705775
Average Recall: 0.78765
Initial average recall with ef=150: 0.78765
Recall diff is too small for 1 consecutive steps, break.
Recall diff is too small for 1 consecutive steps, break.
Recall diff is too small for 1 consecutive steps, break.
Recall diff is too small for 1 consecutive steps, break.
Weighted average ef: 1082.98
Training convergence-bucket 5 [44.9316, 48.2064) with 400 queries (recall=0.98).
Average Recall: 0.748625
Initial average recall with ef=100: 0.748625
Average Recall: 0.82525
Initial average recall with ef=150: 0.82525
Recall diff is too small for 1 consecutive steps, break.
Recall diff is too small for 1 consecutive steps, break.
Recall diff is too small for 1 consecutive steps, break.
Recall diff is too small for 1 consecutive steps, break.
Recall diff is too small for 1 consecutive steps, break.
Recall diff is too small for 1 consecutive steps, break.
Recall diff is too small for 1 consecutive steps, break.
Recall diff is too small for 1 consecutive steps, break.
Weighted average ef: 932.51
Training convergence-bucket 6 [48.2064, 52.5846) with 400 queries (recall=0.98).
Average Recall: 0.79775
Initial average recall with ef=100: 0.79775
Average Recall: 0.866726
Initial average recall with ef=150: 0.866725
Recall diff is too small for 1 consecutive steps, break.
Recall diff is too small for 1 consecutive steps, break.
Recall diff is too small for 1 consecutive steps, break.
Recall diff is too small for 1 consecutive steps, break.
Recall diff is too small for 1 consecutive steps, break.
Recall diff is too small for 1 consecutive steps, break.
Weighted average ef: 644.17
Training convergence-bucket 7 [52.5846, 58.2719) with 400 queries (recall=0.98).
Average Recall: 0.839775
Initial average recall with ef=100: 0.839775
Average Recall: 0.89915
Initial average recall with ef=150: 0.89915
Recall diff is too small for 1 consecutive steps, break.
Recall diff is too small for 1 consecutive steps, break.
Recall diff is too small for 1 consecutive steps, break.
Recall diff is too small for 1 consecutive steps, break.
Recall diff is too small for 1 consecutive steps, break.
Weighted average ef: 520.48
Training convergence-bucket 8 [58.2719, 66.3334) with 400 queries (recall=0.98).
Average Recall: 0.894075
Initial average recall with ef=100: 0.894075
Average Recall: 0.938375
Initial average recall with ef=150: 0.938375
Recall diff is too small for 1 consecutive steps, break.
Recall diff is too small for 1 consecutive steps, break.
Recall diff is too small for 1 consecutive steps, break.
Recall diff is too small for 1 consecutive steps, break.
Recall diff is too small for 1 consecutive steps, break.
Recall diff is too small for 1 consecutive steps, break.
Recall diff is too small for 1 consecutive steps, break.
Weighted average ef: 355.588
Training convergence-bucket 9 [66.3334, inf) with 400 queries (recall=0.98).
Average Recall: 0.9571
Initial average recall with ef=100: 0.9571
Average Recall: 0.978375
Initial average recall with ef=150: 0.978375
Recall diff is too small for 1 consecutive steps, break.
Recall diff is too small for 1 consecutive steps, break.
Recall diff is too small for 1 consecutive steps, break.
Weighted average ef: 183.11
Reconstructed True WAE: 531.098 (Hard Pct: 0.010775)
  Avg Ef Hard (bucketed): 1554.01 | Avg Ef Easy (bucketed): 519.956
Search time: 8497 ms
Search time: 8858 ms
Search time: 8948 ms
Average Recall: 0.98163
5th percentile recall: 0.94
1st percentile recall: 0.91
Median search time: 8858 ms
Search times: 8497 ms, 8858 ms, 8948 ms, 
gist-960-euclidean experiment results:
statisc_length, time, avg_recall, 5th_percentile_recall, 1st_percentile_recall, recall_above_99, recall_above_95, recall_above_90
1025, 8858, 0.98163, 0.94, 0.91, 568, 888, 990
Experiment finished

--- min_queries_per_score: 3 ---

Loading samplings from /home/yc.shea/experiments/shiro-ef/sampling/gist-960-euclidean-samplings--k100-ef.bin
Samplings loaded from /home/yc.shea/experiments/shiro-ef/sampling/gist-960-euclidean-samplings--k100-ef.bin
Average Recall: 0.730765
Initial average recall with ef=100: 0.731088
Average Recall: 0.802507
Initial average recall with ef=150: 0.802829
Recall diff is too small for 1 consecutive steps, break.
Weighted average ef: 625.902
Per-bucket recall: conv_p20=36.6201 hard_recall=0.95 easy_recall=0.98
Training convergence-bucket 0 [23.8147, 33.1689) with 400 queries (recall=0.95).
Average Recall: 0.50875
Initial average recall with ef=100: 0.508615
Average Recall: 0.602925
Initial average recall with ef=150: 0.602538
Recall diff is too small for 1 consecutive steps, break.
Recall diff is too small for 1 consecutive steps, break.
Recall diff is too small for 1 consecutive steps, break.
Weighted average ef: 1455.5
Training convergence-bucket 1 [33.1689, 36.6201) with 400 queries (recall=0.95).
Average Recall: 0.567625
Initial average recall with ef=100: 0.566111
Average Recall: 0.662725
Initial average recall with ef=150: 0.661212
Recall diff is too small for 1 consecutive steps, break.
Weighted average ef: 1104.28
Training convergence-bucket 2 [36.6201, 39.5445) with 400 queries (recall=0.98).
Average Recall: 0.621275
Initial average recall with ef=100: 0.621447
Average Recall: 0.709725
Initial average recall with ef=150: 0.71031
Weighted average ef: 1707.98
Training convergence-bucket 3 [39.5445, 42.2303) with 400 queries (recall=0.98).
Average Recall: 0.666925
Initial average recall with ef=100: 0.669406
Average Recall: 0.7542
Initial average recall with ef=150: 0.756951
Recall diff is too small for 1 consecutive steps, break.
Recall diff is too small for 1 consecutive steps, break.
Recall diff is too small for 1 consecutive steps, break.
Recall diff is too small for 1 consecutive steps, break.
Weighted average ef: 1260.58
Training convergence-bucket 4 [42.2303, 44.9316) with 400 queries (recall=0.98).
Average Recall: 0.705775
Initial average recall with ef=100: 0.706615
Average Recall: 0.78765
Initial average recall with ef=150: 0.789089
Recall diff is too small for 1 consecutive steps, break.
Recall diff is too small for 1 consecutive steps, break.
Weighted average ef: 997.823
Training convergence-bucket 5 [44.9316, 48.2064) with 400 queries (recall=0.98).
Average Recall: 0.748625
Initial average recall with ef=100: 0.748432
Average Recall: 0.82525
Initial average recall with ef=150: 0.824987
Recall diff is too small for 1 consecutive steps, break.
Recall diff is too small for 1 consecutive steps, break.
Recall diff is too small for 1 consecutive steps, break.
Recall diff is too small for 1 consecutive steps, break.
Recall diff is too small for 1 consecutive steps, break.
Weighted average ef: 913.025
Training convergence-bucket 6 [48.2064, 52.5846) with 400 queries (recall=0.98).
Average Recall: 0.79775
Initial average recall with ef=100: 0.799041
Average Recall: 0.866726
Initial average recall with ef=150: 0.867979
Recall diff is too small for 1 consecutive steps, break.
Weighted average ef: 619.867
Training convergence-bucket 7 [52.5846, 58.2719) with 400 queries (recall=0.98).
Average Recall: 0.839775
Initial average recall with ef=100: 0.839691
Average Recall: 0.89915
Initial average recall with ef=150: 0.899175
Recall diff is too small for 1 consecutive steps, break.
Recall diff is too small for 1 consecutive steps, break.
Recall diff is too small for 1 consecutive steps, break.
Recall diff is too small for 1 consecutive steps, break.
Weighted average ef: 482.297
Training convergence-bucket 8 [58.2719, 66.3334) with 400 queries (recall=0.98).
Average Recall: 0.894075
Initial average recall with ef=100: 0.896897
Average Recall: 0.938375
Initial average recall with ef=150: 0.940769
Recall diff is too small for 1 consecutive steps, break.
Weighted average ef: 328.037
Training convergence-bucket 9 [66.3334, inf) with 400 queries (recall=0.98).
Average Recall: 0.9571
Initial average recall with ef=100: 0.96114
Average Recall: 0.978375
Initial average recall with ef=150: 0.980958
Weighted average ef: 167.458
Reconstructed True WAE: 549.366 (Hard Pct: 0.010775)
  Avg Ef Hard (bucketed): 1545.42 | Avg Ef Easy (bucketed): 538.516
Search time: 9016 ms
Search time: 9014 ms
Search time: 8652 ms
Average Recall: 0.98168
5th percentile recall: 0.94
1st percentile recall: 0.9
Median search time: 9014 ms
Search times: 8652 ms, 9014 ms, 9016 ms, 
gist-960-euclidean experiment results:
statisc_length, time, avg_recall, 5th_percentile_recall, 1st_percentile_recall, recall_above_99, recall_above_95, recall_above_90
1025, 9014, 0.98168, 0.94, 0.9, 571, 888, 989
Experiment finished

--- min_queries_per_score: 5 ---

Loading samplings from /home/yc.shea/experiments/shiro-ef/sampling/gist-960-euclidean-samplings--k100-ef.bin
Samplings loaded from /home/yc.shea/experiments/shiro-ef/sampling/gist-960-euclidean-samplings--k100-ef.bin
Average Recall: 0.730765
Initial average recall with ef=100: 0.730719
Average Recall: 0.802507
Initial average recall with ef=150: 0.802676
Recall diff is too small for 1 consecutive steps, break.
Weighted average ef: 617.067
Per-bucket recall: conv_p20=36.6201 hard_recall=0.95 easy_recall=0.98
Training convergence-bucket 0 [23.8147, 33.1689) with 400 queries (recall=0.95).
Average Recall: 0.50875
Initial average recall with ef=100: 0.508329
Average Recall: 0.602925
Initial average recall with ef=150: 0.602454
Recall diff is too small for 1 consecutive steps, break.
Recall diff is too small for 1 consecutive steps, break.
Recall diff is too small for 1 consecutive steps, break.
Weighted average ef: 1410.34
Training convergence-bucket 1 [33.1689, 36.6201) with 400 queries (recall=0.95).
Average Recall: 0.567625
Initial average recall with ef=100: 0.563316
Average Recall: 0.662725
Initial average recall with ef=150: 0.658226
Recall diff is too small for 1 consecutive steps, break.
Weighted average ef: 1095.2
Training convergence-bucket 2 [36.6201, 39.5445) with 400 queries (recall=0.98).
Average Recall: 0.621275
Initial average recall with ef=100: 0.617321
Average Recall: 0.709725
Initial average recall with ef=150: 0.706631
Weighted average ef: 1692.94
Training convergence-bucket 3 [39.5445, 42.2303) with 400 queries (recall=0.98).
Average Recall: 0.666925
Initial average recall with ef=100: 0.669442
Average Recall: 0.7542
Initial average recall with ef=150: 0.756995
Recall diff is too small for 1 consecutive steps, break.
Recall diff is too small for 1 consecutive steps, break.
Weighted average ef: 1227.36
Training convergence-bucket 4 [42.2303, 44.9316) with 400 queries (recall=0.98).
Average Recall: 0.705775
Initial average recall with ef=100: 0.705838
Average Recall: 0.78765
Initial average recall with ef=150: 0.78827
Recall diff is too small for 1 consecutive steps, break.
Weighted average ef: 958.595
Training convergence-bucket 5 [44.9316, 48.2064) with 400 queries (recall=0.98).
Average Recall: 0.748625
Initial average recall with ef=100: 0.745216
Average Recall: 0.82525
Initial average recall with ef=150: 0.82227
Recall diff is too small for 1 consecutive steps, break.
Recall diff is too small for 1 consecutive steps, break.
Weighted average ef: 880.717
Training convergence-bucket 6 [48.2064, 52.5846) with 400 queries (recall=0.98).
Average Recall: 0.79775
Initial average recall with ef=100: 0.801185
Average Recall: 0.866726
Initial average recall with ef=150: 0.870523
Weighted average ef: 551.195
Training convergence-bucket 7 [52.5846, 58.2719) with 400 queries (recall=0.98).
Average Recall: 0.839775
Initial average recall with ef=100: 0.843631
Average Recall: 0.89915
Initial average recall with ef=150: 0.902791
Recall diff is too small for 1 consecutive steps, break.
Weighted average ef: 446.167
Training convergence-bucket 8 [58.2719, 66.3334) with 400 queries (recall=0.98).
Average Recall: 0.894075
Initial average recall with ef=100: 0.899311
Average Recall: 0.938375
Initial average recall with ef=150: 0.942893
Weighted average ef: 277.62
Training convergence-bucket 9 [66.3334, inf) with 400 queries (recall=0.98).
Average Recall: 0.9571
Initial average recall with ef=100: 0.963883
Average Recall: 0.978375
Initial average recall with ef=150: 0.982989
Weighted average ef: 146.152
Reconstructed True WAE: 443.085 (Hard Pct: 0.010775)
  Avg Ef Hard (bucketed): 1538.19 | Avg Ef Easy (bucketed): 431.157
Search time: 8948 ms
Search time: 8566 ms
Search time: 8748 ms
Average Recall: 0.98181
5th percentile recall: 0.94
1st percentile recall: 0.9
Median search time: 8748 ms
Search times: 8566 ms, 8748 ms, 8948 ms, 
gist-960-euclidean experiment results:
statisc_length, time, avg_recall, 5th_percentile_recall, 1st_percentile_recall, recall_above_99, recall_above_95, recall_above_90
1025, 8748, 0.98181, 0.94, 0.9, 570, 890, 989
Experiment finished


Dataset: tiny5m-384-euclidean
Metric: l2
Data vectors dimensions: 5000000 x 384
Query vectors dimensions: 1000 x 384
Neighbors dimensions: 1000 x 100
Index loaded
Dimension of space:384
Data size of space:1536

--- min_queries_per_score: 0 ---

Loading samplings from /home/yc.shea/experiments/shiro-ef/sampling/tiny5m-384-euclidean-samplings--k100-ef.bin
Samplings loaded from /home/yc.shea/experiments/shiro-ef/sampling/tiny5m-384-euclidean-samplings--k100-ef.bin
Average Recall: 0.647698
Initial average recall with ef=100: 0.647395
Average Recall: 0.71884
Initial average recall with ef=150: 0.718512
Recall diff is too small for 1 consecutive steps, break.
Recall diff is too small for 1 consecutive steps, break.
Recall diff is too small for 1 consecutive steps, break.
Recall diff is too small for 1 consecutive steps, break.
Recall diff is too small for 1 consecutive steps, break.
Recall diff is too small for 1 consecutive steps, break.
Recall diff is too small for 1 consecutive steps, break.
Weighted average ef: 997.215
Per-bucket recall: conv_p20=32.9534 hard_recall=0.95 easy_recall=0.98
Training convergence-bucket 0 [20.2778, 29.0744) with 400 queries (recall=0.95).
Average Recall: 0.3739
Initial average recall with ef=100: 0.3739
Average Recall: 0.451075
Initial average recall with ef=150: 0.451075
Recall diff is too small for 1 consecutive steps, break.
Weighted average ef: 3072.11
Training convergence-bucket 1 [29.0744, 32.9534) with 400 queries (recall=0.95).
Average Recall: 0.43765
Initial average recall with ef=100: 0.43765
Average Recall: 0.523175
Initial average recall with ef=150: 0.523175
Recall diff is too small for 1 consecutive steps, break.
Recall diff is too small for 1 consecutive steps, break.
Recall diff is too small for 1 consecutive steps, break.
Weighted average ef: 2284.36
Training convergence-bucket 2 [32.9534, 35.669) with 400 queries (recall=0.98).
Average Recall: 0.5013
Initial average recall with ef=100: 0.5013
Average Recall: 0.585325
Initial average recall with ef=150: 0.585325
Recall diff is too small for 1 consecutive steps, break.
Recall diff is too small for 1 consecutive steps, break.
Recall diff is too small for 1 consecutive steps, break.
Recall diff is too small for 1 consecutive steps, break.
Weighted average ef: 3224.98
Training convergence-bucket 3 [35.669, 38.3431) with 400 queries (recall=0.98).
Average Recall: 0.55005
Initial average recall with ef=100: 0.55005
Average Recall: 0.637125
Initial average recall with ef=150: 0.637125
Recall diff is too small for 1 consecutive steps, break.
Recall diff is too small for 1 consecutive steps, break.
Recall diff is too small for 1 consecutive steps, break.
Recall diff is too small for 1 consecutive steps, break.
Recall diff is too small for 1 consecutive steps, break.
Recall diff is too small for 1 consecutive steps, break.
Weighted average ef: 2600.23
Training convergence-bucket 4 [38.3431, 41.1794) with 400 queries (recall=0.98).
Average Recall: 0.6087
Initial average recall with ef=100: 0.6087
Average Recall: 0.693325
Initial average recall with ef=150: 0.693325
Recall diff is too small for 1 consecutive steps, break.
Recall diff is too small for 1 consecutive steps, break.
Recall diff is too small for 1 consecutive steps, break.
Recall diff is too small for 1 consecutive steps, break.
Recall diff is too small for 1 consecutive steps, break.
Weighted average ef: 2025.34
Training convergence-bucket 5 [41.1794, 44.4849) with 400 queries (recall=0.98).
Average Recall: 0.667425
Initial average recall with ef=100: 0.667425
Average Recall: 0.749075
Initial average recall with ef=150: 0.749075
Recall diff is too small for 1 consecutive steps, break.
Recall diff is too small for 1 consecutive steps, break.
Recall diff is too small for 1 consecutive steps, break.
Recall diff is too small for 1 consecutive steps, break.
Recall diff is too small for 1 consecutive steps, break.
Recall diff is too small for 1 consecutive steps, break.
Recall diff is too small for 1 consecutive steps, break.
Recall diff is too small for 1 consecutive steps, break.
Recall diff is too small for 1 consecutive steps, break.
Recall diff is too small for 1 consecutive steps, break.
Recall diff is too small for 1 consecutive steps, break.
Weighted average ef: 1422.07
Training convergence-bucket 6 [44.4849, 48.9284) with 400 queries (recall=0.98).
Average Recall: 0.7282
Initial average recall with ef=100: 0.7282
Average Recall: 0.8025
Initial average recall with ef=150: 0.8025
Recall diff is too small for 1 consecutive steps, break.
Recall diff is too small for 1 consecutive steps, break.
Recall diff is too small for 1 consecutive steps, break.
Recall diff is too small for 1 consecutive steps, break.
Recall diff is too small for 1 consecutive steps, break.
Recall diff is too small for 1 consecutive steps, break.
Recall diff is too small for 1 consecutive steps, break.
Weighted average ef: 1118.28
Training convergence-bucket 7 [48.9284, 55.0126) with 400 queries (recall=0.98).
Average Recall: 0.7932
Initial average recall with ef=100: 0.7932
Average Recall: 0.86005
Initial average recall with ef=150: 0.86005
Recall diff is too small for 1 consecutive steps, break.
Recall diff is too small for 1 consecutive steps, break.
Recall diff is too small for 1 consecutive steps, break.
Recall diff is too small for 1 consecutive steps, break.
Recall diff is too small for 1 consecutive steps, break.
Recall diff is too small for 1 consecutive steps, break.
Weighted average ef: 755.138
Training convergence-bucket 8 [55.0126, 65.1821) with 400 queries (recall=0.98).
Average Recall: 0.868672
Initial average recall with ef=100: 0.8665
Average Recall: 0.916266
Initial average recall with ef=150: 0.913975
Recall diff is too small for 1 consecutive steps, break.
Recall diff is too small for 1 consecutive steps, break.
Weighted average ef: 533.622
Training convergence-bucket 9 [65.1821, inf) with 400 queries (recall=0.98).
Average Recall: 0.949198
Initial average recall with ef=100: 0.946825
Average Recall: 0.971629
Initial average recall with ef=150: 0.9692
Recall diff is too small for 1 consecutive steps, break.
Recall diff is too small for 1 consecutive steps, break.
Recall diff is too small for 1 consecutive steps, break.
Recall diff is too small for 1 consecutive steps, break.
Recall diff is too small for 1 consecutive steps, break.
Recall diff is too small for 1 consecutive steps, break.
Recall diff is too small for 1 consecutive steps, break.
Recall diff is too small for 1 consecutive steps, break.
Recall diff is too small for 1 consecutive steps, break.
Weighted average ef: 226.307
Reconstructed True WAE: 1008.82 (Hard Pct: 0.00835)
  Avg Ef Hard (bucketed): 3305.03 | Avg Ef Easy (bucketed): 989.484
Search time: 10471 ms
Search time: 10482 ms
Search time: 9714 ms
Average Recall: 0.97564
5th percentile recall: 0.93
1st percentile recall: 0.88
Median search time: 10471 ms
Search times: 9714 ms, 10471 ms, 10482 ms, 
tiny5m-384-euclidean experiment results:
statisc_length, time, avg_recall, 5th_percentile_recall, 1st_percentile_recall, recall_above_99, recall_above_95, recall_above_90
1025, 10471, 0.97564, 0.93, 0.88, 493, 841, 979
Experiment finished

--- min_queries_per_score: 1 ---

Loading samplings from /home/yc.shea/experiments/shiro-ef/sampling/tiny5m-384-euclidean-samplings--k100-ef.bin
Samplings loaded from /home/yc.shea/experiments/shiro-ef/sampling/tiny5m-384-euclidean-samplings--k100-ef.bin
Average Recall: 0.647698
Initial average recall with ef=100: 0.647375
Average Recall: 0.71884
Initial average recall with ef=150: 0.718483
Recall diff is too small for 1 consecutive steps, break.
Recall diff is too small for 1 consecutive steps, break.
Recall diff is too small for 1 consecutive steps, break.
Recall diff is too small for 1 consecutive steps, break.
Recall diff is too small for 1 consecutive steps, break.
Recall diff is too small for 1 consecutive steps, break.
Recall diff is too small for 1 consecutive steps, break.
Weighted average ef: 997.195
Per-bucket recall: conv_p20=32.9534 hard_recall=0.95 easy_recall=0.98
Training convergence-bucket 0 [20.2778, 29.0744) with 400 queries (recall=0.95).
Average Recall: 0.3739
Initial average recall with ef=100: 0.3739
Average Recall: 0.451075
Initial average recall with ef=150: 0.451075
Recall diff is too small for 1 consecutive steps, break.
Weighted average ef: 3072.11
Training convergence-bucket 1 [29.0744, 32.9534) with 400 queries (recall=0.95).
Average Recall: 0.43765
Initial average recall with ef=100: 0.43765
Average Recall: 0.523175
Initial average recall with ef=150: 0.523175
Recall diff is too small for 1 consecutive steps, break.
Recall diff is too small for 1 consecutive steps, break.
Recall diff is too small for 1 consecutive steps, break.
Weighted average ef: 2284.36
Training convergence-bucket 2 [32.9534, 35.669) with 400 queries (recall=0.98).
Average Recall: 0.5013
Initial average recall with ef=100: 0.5013
Average Recall: 0.585325
Initial average recall with ef=150: 0.585325
Recall diff is too small for 1 consecutive steps, break.
Recall diff is too small for 1 consecutive steps, break.
Recall diff is too small for 1 consecutive steps, break.
Recall diff is too small for 1 consecutive steps, break.
Weighted average ef: 3224.98
Training convergence-bucket 3 [35.669, 38.3431) with 400 queries (recall=0.98).
Average Recall: 0.55005
Initial average recall with ef=100: 0.55005
Average Recall: 0.637125
Initial average recall with ef=150: 0.637125
Recall diff is too small for 1 consecutive steps, break.
Recall diff is too small for 1 consecutive steps, break.
Recall diff is too small for 1 consecutive steps, break.
Recall diff is too small for 1 consecutive steps, break.
Recall diff is too small for 1 consecutive steps, break.
Recall diff is too small for 1 consecutive steps, break.
Weighted average ef: 2600.23
Training convergence-bucket 4 [38.3431, 41.1794) with 400 queries (recall=0.98).
Average Recall: 0.6087
Initial average recall with ef=100: 0.6087
Average Recall: 0.693325
Initial average recall with ef=150: 0.693325
Recall diff is too small for 1 consecutive steps, break.
Recall diff is too small for 1 consecutive steps, break.
Recall diff is too small for 1 consecutive steps, break.
Recall diff is too small for 1 consecutive steps, break.
Recall diff is too small for 1 consecutive steps, break.
Weighted average ef: 2025.34
Training convergence-bucket 5 [41.1794, 44.4849) with 400 queries (recall=0.98).
Average Recall: 0.667425
Initial average recall with ef=100: 0.667425
Average Recall: 0.749075
Initial average recall with ef=150: 0.749075
Recall diff is too small for 1 consecutive steps, break.
Recall diff is too small for 1 consecutive steps, break.
Recall diff is too small for 1 consecutive steps, break.
Recall diff is too small for 1 consecutive steps, break.
Recall diff is too small for 1 consecutive steps, break.
Recall diff is too small for 1 consecutive steps, break.
Recall diff is too small for 1 consecutive steps, break.
Recall diff is too small for 1 consecutive steps, break.
Recall diff is too small for 1 consecutive steps, break.
Recall diff is too small for 1 consecutive steps, break.
Recall diff is too small for 1 consecutive steps, break.
Weighted average ef: 1422.07
Training convergence-bucket 6 [44.4849, 48.9284) with 400 queries (recall=0.98).
Average Recall: 0.7282
Initial average recall with ef=100: 0.7282
Average Recall: 0.8025
Initial average recall with ef=150: 0.8025
Recall diff is too small for 1 consecutive steps, break.
Recall diff is too small for 1 consecutive steps, break.
Recall diff is too small for 1 consecutive steps, break.
Recall diff is too small for 1 consecutive steps, break.
Recall diff is too small for 1 consecutive steps, break.
Recall diff is too small for 1 consecutive steps, break.
Recall diff is too small for 1 consecutive steps, break.
Weighted average ef: 1118.28
Training convergence-bucket 7 [48.9284, 55.0126) with 400 queries (recall=0.98).
Average Recall: 0.7932
Initial average recall with ef=100: 0.7932
Average Recall: 0.86005
Initial average recall with ef=150: 0.86005
Recall diff is too small for 1 consecutive steps, break.
Recall diff is too small for 1 consecutive steps, break.
Recall diff is too small for 1 consecutive steps, break.
Recall diff is too small for 1 consecutive steps, break.
Recall diff is too small for 1 consecutive steps, break.
Recall diff is too small for 1 consecutive steps, break.
Weighted average ef: 755.138
Training convergence-bucket 8 [55.0126, 65.1821) with 400 queries (recall=0.98).
Average Recall: 0.868672
Initial average recall with ef=100: 0.8665
Average Recall: 0.916266
Initial average recall with ef=150: 0.913975
Recall diff is too small for 1 consecutive steps, break.
Recall diff is too small for 1 consecutive steps, break.
Weighted average ef: 533.622
Training convergence-bucket 9 [65.1821, inf) with 400 queries (recall=0.98).
Average Recall: 0.949198
Initial average recall with ef=100: 0.946825
Average Recall: 0.971629
Initial average recall with ef=150: 0.9692
Recall diff is too small for 1 consecutive steps, break.
Recall diff is too small for 1 consecutive steps, break.
Recall diff is too small for 1 consecutive steps, break.
Recall diff is too small for 1 consecutive steps, break.
Recall diff is too small for 1 consecutive steps, break.
Recall diff is too small for 1 consecutive steps, break.
Recall diff is too small for 1 consecutive steps, break.
Recall diff is too small for 1 consecutive steps, break.
Recall diff is too small for 1 consecutive steps, break.
Weighted average ef: 226.307
Reconstructed True WAE: 1008.82 (Hard Pct: 0.00835)
  Avg Ef Hard (bucketed): 3305.03 | Avg Ef Easy (bucketed): 989.484
Search time: 10488 ms
Search time: 10484 ms
Search time: 9738 ms
Average Recall: 0.97564
5th percentile recall: 0.93
1st percentile recall: 0.88
Median search time: 10484 ms
Search times: 9738 ms, 10484 ms, 10488 ms, 
tiny5m-384-euclidean experiment results:
statisc_length, time, avg_recall, 5th_percentile_recall, 1st_percentile_recall, recall_above_99, recall_above_95, recall_above_90
1025, 10484, 0.97564, 0.93, 0.88, 493, 841, 979
Experiment finished

--- min_queries_per_score: 3 ---

Loading samplings from /home/yc.shea/experiments/shiro-ef/sampling/tiny5m-384-euclidean-samplings--k100-ef.bin
Samplings loaded from /home/yc.shea/experiments/shiro-ef/sampling/tiny5m-384-euclidean-samplings--k100-ef.bin
Average Recall: 0.647698
Initial average recall with ef=100: 0.647272
Average Recall: 0.71884
Initial average recall with ef=150: 0.718671
Recall diff is too small for 1 consecutive steps, break.
Recall diff is too small for 1 consecutive steps, break.
Recall diff is too small for 1 consecutive steps, break.
Recall diff is too small for 1 consecutive steps, break.
Recall diff is too small for 1 consecutive steps, break.
Recall diff is too small for 1 consecutive steps, break.
Weighted average ef: 995.389
Per-bucket recall: conv_p20=32.9534 hard_recall=0.95 easy_recall=0.98
Training convergence-bucket 0 [20.2778, 29.0744) with 400 queries (recall=0.95).
Average Recall: 0.3739
Initial average recall with ef=100: 0.37051
Average Recall: 0.451075
Initial average recall with ef=150: 0.447526
Weighted average ef: 3040.03
Training convergence-bucket 1 [29.0744, 32.9534) with 400 queries (recall=0.95).
Average Recall: 0.43765
Initial average recall with ef=100: 0.435406
Average Recall: 0.523175
Initial average recall with ef=150: 0.520482
Recall diff is too small for 1 consecutive steps, break.
Weighted average ef: 2273.84
Training convergence-bucket 2 [32.9534, 35.669) with 400 queries (recall=0.98).
Average Recall: 0.5013
Initial average recall with ef=100: 0.500732
Average Recall: 0.585325
Initial average recall with ef=150: 0.585076
Recall diff is too small for 1 consecutive steps, break.
Recall diff is too small for 1 consecutive steps, break.
Recall diff is too small for 1 consecutive steps, break.
Weighted average ef: 3202.94
Training convergence-bucket 3 [35.669, 38.3431) with 400 queries (recall=0.98).
Average Recall: 0.55005
Initial average recall with ef=100: 0.548491
Average Recall: 0.637125
Initial average recall with ef=150: 0.63578
Recall diff is too small for 1 consecutive steps, break.
Recall diff is too small for 1 consecutive steps, break.
Recall diff is too small for 1 consecutive steps, break.
Recall diff is too small for 1 consecutive steps, break.
Weighted average ef: 2546.62
Training convergence-bucket 4 [38.3431, 41.1794) with 400 queries (recall=0.98).
Average Recall: 0.6087
Initial average recall with ef=100: 0.608829
Average Recall: 0.693325
Initial average recall with ef=150: 0.694173
Recall diff is too small for 1 consecutive steps, break.
Recall diff is too small for 1 consecutive steps, break.
Recall diff is too small for 1 consecutive steps, break.
Weighted average ef: 1994.65
Training convergence-bucket 5 [41.1794, 44.4849) with 400 queries (recall=0.98).
Average Recall: 0.667425
Initial average recall with ef=100: 0.667781
Average Recall: 0.749075
Initial average recall with ef=150: 0.749713
Recall diff is too small for 1 consecutive steps, break.
Recall diff is too small for 1 consecutive steps, break.
Recall diff is too small for 1 consecutive steps, break.
Recall diff is too small for 1 consecutive steps, break.
Recall diff is too small for 1 consecutive steps, break.
Recall diff is too small for 1 consecutive steps, break.
Recall diff is too small for 1 consecutive steps, break.
Weighted average ef: 1362.27
Training convergence-bucket 6 [44.4849, 48.9284) with 400 queries (recall=0.98).
Average Recall: 0.7282
Initial average recall with ef=100: 0.727154
Average Recall: 0.8025
Initial average recall with ef=150: 0.801846
Recall diff is too small for 1 consecutive steps, break.
Recall diff is too small for 1 consecutive steps, break.
Recall diff is too small for 1 consecutive steps, break.
Weighted average ef: 1102.08
Training convergence-bucket 7 [48.9284, 55.0126) with 400 queries (recall=0.98).
Average Recall: 0.7932
Initial average recall with ef=100: 0.792832
Average Recall: 0.86005
Initial average recall with ef=150: 0.859464
Recall diff is too small for 1 consecutive steps, break.
Recall diff is too small for 1 consecutive steps, break.
Weighted average ef: 744.733
Training convergence-bucket 8 [55.0126, 65.1821) with 400 queries (recall=0.98).
Average Recall: 0.868672
Initial average recall with ef=100: 0.870773
Average Recall: 0.916266
Initial average recall with ef=150: 0.917809
Recall diff is too small for 1 consecutive steps, break.
Weighted average ef: 497.515
Training convergence-bucket 9 [65.1821, inf) with 400 queries (recall=0.98).
Average Recall: 0.949198
Initial average recall with ef=100: 0.953161
Average Recall: 0.971629
Initial average recall with ef=150: 0.974171
Recall diff is too small for 1 consecutive steps, break.
Recall diff is too small for 1 consecutive steps, break.
Weighted average ef: 194.2
Reconstructed True WAE: 1058.2 (Hard Pct: 0.00835)
  Avg Ef Hard (bucketed): 3310.61 | Avg Ef Easy (bucketed): 1039.24
Search time: 10524 ms
Search time: 10538 ms
Search time: 10066 ms
Average Recall: 0.97582
5th percentile recall: 0.93
1st percentile recall: 0.88
Median search time: 10524 ms
Search times: 10066 ms, 10524 ms, 10538 ms, 
tiny5m-384-euclidean experiment results:
statisc_length, time, avg_recall, 5th_percentile_recall, 1st_percentile_recall, recall_above_99, recall_above_95, recall_above_90
1025, 10524, 0.97582, 0.93, 0.88, 493, 841, 980
Experiment finished

--- min_queries_per_score: 5 ---

Loading samplings from /home/yc.shea/experiments/shiro-ef/sampling/tiny5m-384-euclidean-samplings--k100-ef.bin
Samplings loaded from /home/yc.shea/experiments/shiro-ef/sampling/tiny5m-384-euclidean-samplings--k100-ef.bin
Average Recall: 0.647698
Initial average recall with ef=100: 0.647223
Average Recall: 0.71884
Initial average recall with ef=150: 0.718329
Recall diff is too small for 1 consecutive steps, break.
Recall diff is too small for 1 consecutive steps, break.
Recall diff is too small for 1 consecutive steps, break.
Recall diff is too small for 1 consecutive steps, break.
Recall diff is too small for 1 consecutive steps, break.
Recall diff is too small for 1 consecutive steps, break.
Weighted average ef: 995.416
Per-bucket recall: conv_p20=32.9534 hard_recall=0.95 easy_recall=0.98
Training convergence-bucket 0 [20.2778, 29.0744) with 400 queries (recall=0.95).
Average Recall: 0.3739
Initial average recall with ef=100: 0.37051
Average Recall: 0.451075
Initial average recall with ef=150: 0.447526
Weighted average ef: 3040.03
Training convergence-bucket 1 [29.0744, 32.9534) with 400 queries (recall=0.95).
Average Recall: 0.43765
Initial average recall with ef=100: 0.436445
Average Recall: 0.523175
Initial average recall with ef=150: 0.521304
Weighted average ef: 2249.58
Training convergence-bucket 2 [32.9534, 35.669) with 400 queries (recall=0.98).
Average Recall: 0.5013
Initial average recall with ef=100: 0.500487
Average Recall: 0.585325
Initial average recall with ef=150: 0.585333
Recall diff is too small for 1 consecutive steps, break.
Weighted average ef: 3160.9
Training convergence-bucket 3 [35.669, 38.3431) with 400 queries (recall=0.98).
Average Recall: 0.55005
Initial average recall with ef=100: 0.548906
Average Recall: 0.637125
Initial average recall with ef=150: 0.636589
Recall diff is too small for 1 consecutive steps, break.
Recall diff is too small for 1 consecutive steps, break.
Recall diff is too small for 1 consecutive steps, break.
Weighted average ef: 2497.32
Training convergence-bucket 4 [38.3431, 41.1794) with 400 queries (recall=0.98).
Average Recall: 0.6087
Initial average recall with ef=100: 0.609974
Average Recall: 0.693325
Initial average recall with ef=150: 0.695492
Recall diff is too small for 1 consecutive steps, break.
Recall diff is too small for 1 consecutive steps, break.
Recall diff is too small for 1 consecutive steps, break.
Weighted average ef: 1939.61
Training convergence-bucket 5 [41.1794, 44.4849) with 400 queries (recall=0.98).
Average Recall: 0.667425
Initial average recall with ef=100: 0.669588
Average Recall: 0.749075
Initial average recall with ef=150: 0.750769
Recall diff is too small for 1 consecutive steps, break.
Recall diff is too small for 1 consecutive steps, break.
Recall diff is too small for 1 consecutive steps, break.
Recall diff is too small for 1 consecutive steps, break.
Weighted average ef: 1292.71
Training convergence-bucket 6 [44.4849, 48.9284) with 400 queries (recall=0.98).
Average Recall: 0.7282
Initial average recall with ef=100: 0.731008
Average Recall: 0.8025
Initial average recall with ef=150: 0.805729
Recall diff is too small for 1 consecutive steps, break.
Recall diff is too small for 1 consecutive steps, break.
Weighted average ef: 1049.97
Training convergence-bucket 7 [48.9284, 55.0126) with 400 queries (recall=0.98).
Average Recall: 0.7932
Initial average recall with ef=100: 0.797583
Average Recall: 0.86005
Initial average recall with ef=150: 0.863861
Recall diff is too small for 1 consecutive steps, break.
Weighted average ef: 643.53
Training convergence-bucket 8 [55.0126, 65.1821) with 400 queries (recall=0.98).
Average Recall: 0.868672
Initial average recall with ef=100: 0.872141
Average Recall: 0.916266
Initial average recall with ef=150: 0.919973
Recall diff is too small for 1 consecutive steps, break.
Weighted average ef: 434.212
Training convergence-bucket 9 [65.1821, inf) with 400 queries (recall=0.98).
Average Recall: 0.949198
Initial average recall with ef=100: 0.958138
Average Recall: 0.971629
Initial average recall with ef=150: 0.977708
Weighted average ef: 160.15
Reconstructed True WAE: 976.386 (Hard Pct: 0.00835)
  Avg Ef Hard (bucketed): 3325.75 | Avg Ef Easy (bucketed): 956.604
Search time: 10047 ms
Search time: 10595 ms
Search time: 10617 ms
Average Recall: 0.97563
5th percentile recall: 0.93
1st percentile recall: 0.88
Median search time: 10595 ms
Search times: 10047 ms, 10595 ms, 10617 ms, 
tiny5m-384-euclidean experiment results:
statisc_length, time, avg_recall, 5th_percentile_recall, 1st_percentile_recall, recall_above_99, recall_above_95, recall_above_90
1025, 10595, 0.97563, 0.93, 0.88, 502, 845, 979
Experiment finished


Dataset: msmarco
Metric: cd
Normalize the data vectors
Data vectors dimensions: 8841823 x 1536
Query vectors dimensions: 6980 x 1536
Neighbors dimensions: 6980 x 1000
Using AVX Inner Product distance
Index loaded
Dimension of space:1536
Data size of space:6144

--- min_queries_per_score: 0 ---

Loading samplings from /home/yc.shea/experiments/shiro-ef/sampling/msmarco-samplings--k1000-ef.bin
Samplings loaded from /home/yc.shea/experiments/shiro-ef/sampling/msmarco-samplings--k1000-ef.bin
Average Recall: 0.954404
Initial average recall with ef=1000: 0.9544
Average Recall: 0.973804
Initial average recall with ef=1500: 0.973796
Weighted average ef: 1360.84
Per-bucket recall: conv_p20=54.8034 hard_recall=0.95 easy_recall=0.98
Training convergence-bucket 0 [13.7411, 49.5293) with 400 queries (recall=0.95).
Average Recall: 0.866553
Initial average recall with ef=1000: 0.866553
Average Recall: 0.913742
Initial average recall with ef=1500: 0.913743
Weighted average ef: 2570.59
Training convergence-bucket 1 [49.5293, 54.8034) with 400 queries (recall=0.95).
Average Recall: 0.89978
Initial average recall with ef=1000: 0.89978
Average Recall: 0.939535
Initial average recall with ef=1500: 0.939535
Weighted average ef: 1996.33
Training convergence-bucket 2 [54.8034, 60.5192) with 400 queries (recall=0.98).
Average Recall: 0.91158
Initial average recall with ef=1000: 0.91158
Average Recall: 0.947032
Initial average recall with ef=1500: 0.947032
Weighted average ef: 3092.98
Training convergence-bucket 3 [60.5192, 69.3943) with 400 queries (recall=0.98).
Average Recall: 0.961252
Initial average recall with ef=1000: 0.961252
Average Recall: 0.980302
Initial average recall with ef=1500: 0.980303
Weighted average ef: 1701.98
Training convergence-bucket 4 [69.3943, 73.5778) with 400 queries (recall=0.98).
Average Recall: 0.970972
Initial average recall with ef=1000: 0.970972
Average Recall: 0.985537
Initial average recall with ef=1500: 0.985537
Recall diff is too small for 1 consecutive steps, break.
Weighted average ef: 1510.78
Training convergence-bucket 5 [73.5778, 76.6784) with 400 queries (recall=0.98).
Average Recall: 0.978862
Initial average recall with ef=1000: 0.978863
Average Recall: 0.990071
Initial average recall with ef=1500: 0.990072
Weighted average ef: 1301.88
Training convergence-bucket 6 [76.6784, 78.9222) with 400 queries (recall=0.98).
Average Recall: 0.984597
Initial average recall with ef=1000: 0.984598
Average Recall: 0.993424
Initial average recall with ef=1500: 0.993425
Weighted average ef: 1158.75
Training convergence-bucket 7 [78.9222, 80.83) with 400 queries (recall=0.98).
Average Recall: 0.987129
Initial average recall with ef=1000: 0.98713
Average Recall: 0.994676
Initial average recall with ef=1500: 0.994677
Weighted average ef: 1109.06
Training convergence-bucket 8 [80.83, 82.8812) with 400 queries (recall=0.98).
Average Recall: 0.990616
Initial average recall with ef=1000: 0.990618
Average Recall: 0.996366
Initial average recall with ef=1500: 0.996368
Weighted average ef: 1066.44
Training convergence-bucket 9 [82.8812, inf) with 400 queries (recall=0.98).
Average Recall: 0.992651
Initial average recall with ef=1000: 0.992652
Average Recall: 0.997266
Initial average recall with ef=1500: 0.997267
Weighted average ef: 1035.83
Reconstructed True WAE: 1193.07 (Hard Pct: 0.027)
  Avg Ef Hard (bucketed): 2082.22 | Avg Ef Easy (bucketed): 1168.4
Search time: 220551 ms
Search time: 223232 ms
Search time: 222932 ms
Average Recall: 0.976082
5th percentile recall: 0.908
1st percentile recall: 0.847
Median search time: 222932 ms
Search times: 220551 ms, 222932 ms, 223232 ms, 
msmarco experiment results:
statisc_length, time, avg_recall, 5th_percentile_recall, 1st_percentile_recall, recall_above_99, recall_above_95, recall_above_90
1025, 222932, 0.976082, 0.908, 0.847, 3325, 5956, 6692
Experiment finished

--- min_queries_per_score: 1 ---

Loading samplings from /home/yc.shea/experiments/shiro-ef/sampling/msmarco-samplings--k1000-ef.bin
Samplings loaded from /home/yc.shea/experiments/shiro-ef/sampling/msmarco-samplings--k1000-ef.bin
Average Recall: 0.954404
Initial average recall with ef=1000: 0.9544
Average Recall: 0.973804
Initial average recall with ef=1500: 0.973796
Weighted average ef: 1360.84
Per-bucket recall: conv_p20=54.8034 hard_recall=0.95 easy_recall=0.98
Training convergence-bucket 0 [13.7411, 49.5293) with 400 queries (recall=0.95).
Average Recall: 0.866553
Initial average recall with ef=1000: 0.866553
Average Recall: 0.913742
Initial average recall with ef=1500: 0.913743
Weighted average ef: 2570.59
Training convergence-bucket 1 [49.5293, 54.8034) with 400 queries (recall=0.95).
Average Recall: 0.89978
Initial average recall with ef=1000: 0.89978
Average Recall: 0.939535
Initial average recall with ef=1500: 0.939535
Weighted average ef: 1996.33
Training convergence-bucket 2 [54.8034, 60.5192) with 400 queries (recall=0.98).
Average Recall: 0.91158
Initial average recall with ef=1000: 0.91158
Average Recall: 0.947032
Initial average recall with ef=1500: 0.947032
Weighted average ef: 3092.98
Training convergence-bucket 3 [60.5192, 69.3943) with 400 queries (recall=0.98).
Average Recall: 0.961252
Initial average recall with ef=1000: 0.961252
Average Recall: 0.980302
Initial average recall with ef=1500: 0.980303
Weighted average ef: 1701.98
Training convergence-bucket 4 [69.3943, 73.5778) with 400 queries (recall=0.98).
Average Recall: 0.970972
Initial average recall with ef=1000: 0.970972
Average Recall: 0.985537
Initial average recall with ef=1500: 0.985537
Recall diff is too small for 1 consecutive steps, break.
Weighted average ef: 1510.78
Training convergence-bucket 5 [73.5778, 76.6784) with 400 queries (recall=0.98).
Average Recall: 0.978862
Initial average recall with ef=1000: 0.978863
Average Recall: 0.990071
Initial average recall with ef=1500: 0.990072
Weighted average ef: 1301.88
Training convergence-bucket 6 [76.6784, 78.9222) with 400 queries (recall=0.98).
Average Recall: 0.984597
Initial average recall with ef=1000: 0.984598
Average Recall: 0.993424
Initial average recall with ef=1500: 0.993425
Weighted average ef: 1158.75
Training convergence-bucket 7 [78.9222, 80.83) with 400 queries (recall=0.98).
Average Recall: 0.987129
Initial average recall with ef=1000: 0.98713
Average Recall: 0.994676
Initial average recall with ef=1500: 0.994677
Weighted average ef: 1109.06
Training convergence-bucket 8 [80.83, 82.8812) with 400 queries (recall=0.98).
Average Recall: 0.990616
Initial average recall with ef=1000: 0.990618
Average Recall: 0.996366
Initial average recall with ef=1500: 0.996368
Weighted average ef: 1066.44
Training convergence-bucket 9 [82.8812, inf) with 400 queries (recall=0.98).
Average Recall: 0.992651
Initial average recall with ef=1000: 0.992652
Average Recall: 0.997266
Initial average recall with ef=1500: 0.997267
Weighted average ef: 1035.83
Reconstructed True WAE: 1193.07 (Hard Pct: 0.027)
  Avg Ef Hard (bucketed): 2082.22 | Avg Ef Easy (bucketed): 1168.4
Search time: 220385 ms
Search time: 223300 ms
Search time: 223204 ms
Average Recall: 0.976082
5th percentile recall: 0.908
1st percentile recall: 0.847
Median search time: 223204 ms
Search times: 220385 ms, 223204 ms, 223300 ms, 
msmarco experiment results:
statisc_length, time, avg_recall, 5th_percentile_recall, 1st_percentile_recall, recall_above_99, recall_above_95, recall_above_90
1025, 223204, 0.976082, 0.908, 0.847, 3325, 5956, 6692
Experiment finished

--- min_queries_per_score: 3 ---

Loading samplings from /home/yc.shea/experiments/shiro-ef/sampling/msmarco-samplings--k1000-ef.bin
Samplings loaded from /home/yc.shea/experiments/shiro-ef/sampling/msmarco-samplings--k1000-ef.bin
Average Recall: 0.954404
Initial average recall with ef=1000: 0.954361
Average Recall: 0.973804
Initial average recall with ef=1500: 0.973772
Weighted average ef: 1360.76
Per-bucket recall: conv_p20=54.8034 hard_recall=0.95 easy_recall=0.98
Training convergence-bucket 0 [13.7411, 49.5293) with 400 queries (recall=0.95).
Average Recall: 0.866553
Initial average recall with ef=1000: 0.863815
Average Recall: 0.913742
Initial average recall with ef=1500: 0.911935
Weighted average ef: 2503.84
Training convergence-bucket 1 [49.5293, 54.8034) with 400 queries (recall=0.95).
Average Recall: 0.89978
Initial average recall with ef=1000: 0.896674
Average Recall: 0.939535
Initial average recall with ef=1500: 0.937525
Weighted average ef: 1945
Training convergence-bucket 2 [54.8034, 60.5192) with 400 queries (recall=0.98).
Average Recall: 0.91158
Initial average recall with ef=1000: 0.908764
Average Recall: 0.947032
Initial average recall with ef=1500: 0.945239
Weighted average ef: 3012.3
Training convergence-bucket 3 [60.5192, 69.3943) with 400 queries (recall=0.98).
Average Recall: 0.961252
Initial average recall with ef=1000: 0.96054
Average Recall: 0.980302
Initial average recall with ef=1500: 0.980005
Weighted average ef: 1612.97
Training convergence-bucket 4 [69.3943, 73.5778) with 400 queries (recall=0.98).
Average Recall: 0.970972
Initial average recall with ef=1000: 0.971369
Average Recall: 0.985537
Initial average recall with ef=1500: 0.985914
Weighted average ef: 1426.25
Training convergence-bucket 5 [73.5778, 76.6784) with 400 queries (recall=0.98).
Average Recall: 0.978862
Initial average recall with ef=1000: 0.979324
Average Recall: 0.990071
Initial average recall with ef=1500: 0.990358
Weighted average ef: 1233.75
Training convergence-bucket 6 [76.6784, 78.9222) with 400 queries (recall=0.98).
Average Recall: 0.984597
Initial average recall with ef=1000: 0.985411
Average Recall: 0.993424
Initial average recall with ef=1500: 0.993929
Weighted average ef: 1128.75
Training convergence-bucket 7 [78.9222, 80.83) with 400 queries (recall=0.98).
Average Recall: 0.987129
Initial average recall with ef=1000: 0.987822
Average Recall: 0.994676
Initial average recall with ef=1500: 0.995018
Weighted average ef: 1055.99
Training convergence-bucket 8 [80.83, 82.8812) with 400 queries (recall=0.98).
Average Recall: 0.990616
Initial average recall with ef=1000: 0.991445
Average Recall: 0.996366
Initial average recall with ef=1500: 0.996847
Weighted average ef: 1022.5
Training convergence-bucket 9 [82.8812, inf) with 400 queries (recall=0.98).
Average Recall: 0.992651
Initial average recall with ef=1000: 0.992997
Average Recall: 0.997266
Initial average recall with ef=1500: 0.997466
Weighted average ef: 1003.39
Reconstructed True WAE: 1156.91 (Hard Pct: 0.027)
  Avg Ef Hard (bucketed): 2121.84 | Avg Ef Easy (bucketed): 1130.14
Search time: 213156 ms
Search time: 216082 ms
Search time: 215159 ms
Average Recall: 0.975355
5th percentile recall: 0.905
1st percentile recall: 0.846
Median search time: 215159 ms
Search times: 213156 ms, 215159 ms, 216082 ms, 
msmarco experiment results:
statisc_length, time, avg_recall, 5th_percentile_recall, 1st_percentile_recall, recall_above_99, recall_above_95, recall_above_90
1025, 215159, 0.975355, 0.905, 0.846, 3256, 5913, 6666
Experiment finished

--- min_queries_per_score: 5 ---

Loading samplings from /home/yc.shea/experiments/shiro-ef/sampling/msmarco-samplings--k1000-ef.bin
Samplings loaded from /home/yc.shea/experiments/shiro-ef/sampling/msmarco-samplings--k1000-ef.bin
Average Recall: 0.954404
Initial average recall with ef=1000: 0.954468
Average Recall: 0.973804
Initial average recall with ef=1500: 0.973859
Weighted average ef: 1353.34
Per-bucket recall: conv_p20=54.8034 hard_recall=0.95 easy_recall=0.98
Training convergence-bucket 0 [13.7411, 49.5293) with 400 queries (recall=0.95).
Average Recall: 0.866553
Initial average recall with ef=1000: 0.863587
Average Recall: 0.913742
Initial average recall with ef=1500: 0.911914
Weighted average ef: 2414.71
Training convergence-bucket 1 [49.5293, 54.8034) with 400 queries (recall=0.95).
Average Recall: 0.89978
Initial average recall with ef=1000: 0.896544
Average Recall: 0.939535
Initial average recall with ef=1500: 0.937413
Weighted average ef: 1905
Training convergence-bucket 2 [54.8034, 60.5192) with 400 queries (recall=0.98).
Average Recall: 0.91158
Initial average recall with ef=1000: 0.910855
Average Recall: 0.947032
Initial average recall with ef=1500: 0.947051
Weighted average ef: 2906.05
Training convergence-bucket 3 [60.5192, 69.3943) with 400 queries (recall=0.98).
Average Recall: 0.961252
Initial average recall with ef=1000: 0.960611
Average Recall: 0.980302
Initial average recall with ef=1500: 0.980025
Weighted average ef: 1526.72
Training convergence-bucket 4 [69.3943, 73.5778) with 400 queries (recall=0.98).
Average Recall: 0.970972
Initial average recall with ef=1000: 0.971104
Average Recall: 0.985537
Initial average recall with ef=1500: 0.985835
Weighted average ef: 1361.25
Training convergence-bucket 5 [73.5778, 76.6784) with 400 queries (recall=0.98).
Average Recall: 0.978862
Initial average recall with ef=1000: 0.978808
Average Recall: 0.990071
Initial average recall with ef=1500: 0.990051
Weighted average ef: 1146.25
Training convergence-bucket 6 [76.6784, 78.9222) with 400 queries (recall=0.98).
Average Recall: 0.984597
Initial average recall with ef=1000: 0.985848
Average Recall: 0.993424
Initial average recall with ef=1500: 0.994146
Weighted average ef: 1009
Training convergence-bucket 7 [78.9222, 80.83) with 400 queries (recall=0.98).
Average Recall: 0.987129
Initial average recall with ef=1000: 0.988181
Average Recall: 0.994676
Initial average recall with ef=1500: 0.995223
Weighted average ef: 972.5
Training convergence-bucket 8 [80.83, 82.8812) with 400 queries (recall=0.98).
Average Recall: 0.990616
Initial average recall with ef=1000: 0.992006
Average Recall: 0.996366
Initial average recall with ef=1500: 0.997136
Weighted average ef: 928.75
Training convergence-bucket 9 [82.8812, inf) with 400 queries (recall=0.98).
Average Recall: 0.992651
Initial average recall with ef=1000: 0.993141
Average Recall: 0.997266
Initial average recall with ef=1500: 0.997439
Weighted average ef: 915
Reconstructed True WAE: 1161.85 (Hard Pct: 0.027)
  Avg Ef Hard (bucketed): 2149.61 | Avg Ef Easy (bucketed): 1134.44
Search time: 215623 ms
Search time: 218389 ms
Search time: 218112 ms
Average Recall: 0.975772
5th percentile recall: 0.907
1st percentile recall: 0.847
Median search time: 218112 ms
Search times: 215623 ms, 218112 ms, 218389 ms, 
msmarco experiment results:
statisc_length, time, avg_recall, 5th_percentile_recall, 1st_percentile_recall, recall_above_99, recall_above_95, recall_above_90
1025, 218112, 0.975772, 0.907, 0.847, 3299, 5923, 6684
Experiment finished


Dataset: cohere
Metric: cd
Normalize the data vectors
Data vectors dimensions: 18380565 x 1024
Query vectors dimensions: 1677 x 1024
Neighbors dimensions: 1677 x 1000
Using AVX Inner Product distance
Index loaded
Dimension of space:1024
Data size of space:4096

--- min_queries_per_score: 0 ---

Loading samplings from /home/yc.shea/experiments/shiro-ef/sampling/cohere-samplings--k1000-ef.bin
Samplings loaded from /home/yc.shea/experiments/shiro-ef/sampling/cohere-samplings--k1000-ef.bin
Average Recall: 0.94905
Initial average recall with ef=1000: 0.949047
Average Recall: 0.970769
Initial average recall with ef=1500: 0.970763
Weighted average ef: 1393.55
Per-bucket recall: conv_p20=53.4276 hard_recall=0.95 easy_recall=0.98
Training convergence-bucket 0 [10.8442, 46.8254) with 400 queries (recall=0.95).
Average Recall: 0.884645
Initial average recall with ef=1000: 0.884645
Average Recall: 0.924073
Initial average recall with ef=1500: 0.924072
Recall diff is too small for 1 consecutive steps, break.
Weighted average ef: 2507.57
Training convergence-bucket 1 [46.8254, 53.4276) with 400 queries (recall=0.95).
Average Recall: 0.888987
Initial average recall with ef=1000: 0.888987
Average Recall: 0.930075
Initial average recall with ef=1500: 0.930075
Weighted average ef: 2290.73
Training convergence-bucket 2 [53.4276, 61.9108) with 400 queries (recall=0.98).
Average Recall: 0.931416
Initial average recall with ef=1000: 0.931415
Average Recall: 0.960497
Initial average recall with ef=1500: 0.960497
Weighted average ef: 2544.42
Training convergence-bucket 3 [61.9108, 66.4052) with 400 queries (recall=0.98).
Average Recall: 0.951555
Initial average recall with ef=1000: 0.951555
Average Recall: 0.974112
Initial average recall with ef=1500: 0.974112
Weighted average ef: 1984.71
Training convergence-bucket 4 [66.4052, 69.7652) with 400 queries (recall=0.98).
Average Recall: 0.96432
Initial average recall with ef=1000: 0.96432
Average Recall: 0.982449
Initial average recall with ef=1500: 0.98245
Weighted average ef: 1643.28
Training convergence-bucket 5 [69.7652, 72.215) with 400 queries (recall=0.98).
Average Recall: 0.965614
Initial average recall with ef=1000: 0.965615
Average Recall: 0.982372
Initial average recall with ef=1500: 0.982373
Weighted average ef: 1690.24
Training convergence-bucket 6 [72.215, 74.5429) with 400 queries (recall=0.98).
Average Recall: 0.97059
Initial average recall with ef=1000: 0.97059
Average Recall: 0.985342
Initial average recall with ef=1500: 0.985343
Weighted average ef: 1493.05
Training convergence-bucket 7 [74.5429, 76.8149) with 400 queries (recall=0.98).
Average Recall: 0.974992
Initial average recall with ef=1000: 0.974992
Average Recall: 0.988116
Initial average recall with ef=1500: 0.988117
Weighted average ef: 1417.95
Training convergence-bucket 8 [76.8149, 79.5596) with 400 queries (recall=0.98).
Average Recall: 0.977495
Initial average recall with ef=1000: 0.977495
Average Recall: 0.989944
Initial average recall with ef=1500: 0.989945
Weighted average ef: 1243.57
Training convergence-bucket 9 [79.5596, inf) with 400 queries (recall=0.98).
Average Recall: 0.980857
Initial average recall with ef=1000: 0.980857
Average Recall: 0.990641
Initial average recall with ef=1500: 0.990642
Weighted average ef: 1187.51
Reconstructed True WAE: 1247.38 (Hard Pct: 0.019625)
  Avg Ef Hard (bucketed): 2266.24 | Avg Ef Easy (bucketed): 1226.98
Search time: 54590 ms
Search time: 55621 ms
Search time: 56113 ms
Average Recall: 0.968357
5th percentile recall: 0.874
1st percentile recall: 0.716
Median search time: 55621 ms
Search times: 54590 ms, 55621 ms, 56113 ms, 
cohere experiment results:
statisc_length, time, avg_recall, 5th_percentile_recall, 1st_percentile_recall, recall_above_99, recall_above_95, recall_above_90
1025, 55621, 0.968357, 0.874, 0.716, 683, 1409, 1557
Experiment finished

--- min_queries_per_score: 1 ---

Loading samplings from /home/yc.shea/experiments/shiro-ef/sampling/cohere-samplings--k1000-ef.bin
Samplings loaded from /home/yc.shea/experiments/shiro-ef/sampling/cohere-samplings--k1000-ef.bin
Average Recall: 0.94905
Initial average recall with ef=1000: 0.949047
Average Recall: 0.970769
Initial average recall with ef=1500: 0.970763
Weighted average ef: 1393.55
Per-bucket recall: conv_p20=53.4276 hard_recall=0.95 easy_recall=0.98
Training convergence-bucket 0 [10.8442, 46.8254) with 400 queries (recall=0.95).
Average Recall: 0.884645
Initial average recall with ef=1000: 0.884645
Average Recall: 0.924073
Initial average recall with ef=1500: 0.924072
Recall diff is too small for 1 consecutive steps, break.
Weighted average ef: 2507.57
Training convergence-bucket 1 [46.8254, 53.4276) with 400 queries (recall=0.95).
Average Recall: 0.888987
Initial average recall with ef=1000: 0.888987
Average Recall: 0.930075
Initial average recall with ef=1500: 0.930075
Weighted average ef: 2290.73
Training convergence-bucket 2 [53.4276, 61.9108) with 400 queries (recall=0.98).
Average Recall: 0.931416
Initial average recall with ef=1000: 0.931415
Average Recall: 0.960497
Initial average recall with ef=1500: 0.960497
Weighted average ef: 2544.42
Training convergence-bucket 3 [61.9108, 66.4052) with 400 queries (recall=0.98).
Average Recall: 0.951555
Initial average recall with ef=1000: 0.951555
Average Recall: 0.974112
Initial average recall with ef=1500: 0.974112
Weighted average ef: 1984.71
Training convergence-bucket 4 [66.4052, 69.7652) with 400 queries (recall=0.98).
Average Recall: 0.96432
Initial average recall with ef=1000: 0.96432
Average Recall: 0.982449
Initial average recall with ef=1500: 0.98245
Weighted average ef: 1643.28
Training convergence-bucket 5 [69.7652, 72.215) with 400 queries (recall=0.98).
Average Recall: 0.965614
Initial average recall with ef=1000: 0.965615
Average Recall: 0.982372
Initial average recall with ef=1500: 0.982373
Weighted average ef: 1690.24
Training convergence-bucket 6 [72.215, 74.5429) with 400 queries (recall=0.98).
Average Recall: 0.97059
Initial average recall with ef=1000: 0.97059
Average Recall: 0.985342
Initial average recall with ef=1500: 0.985343
Weighted average ef: 1493.05
Training convergence-bucket 7 [74.5429, 76.8149) with 400 queries (recall=0.98).
Average Recall: 0.974992
Initial average recall with ef=1000: 0.974992
Average Recall: 0.988116
Initial average recall with ef=1500: 0.988117
Weighted average ef: 1417.95
Training convergence-bucket 8 [76.8149, 79.5596) with 400 queries (recall=0.98).
Average Recall: 0.977495
Initial average recall with ef=1000: 0.977495
Average Recall: 0.989944
Initial average recall with ef=1500: 0.989945
Weighted average ef: 1243.57
Training convergence-bucket 9 [79.5596, inf) with 400 queries (recall=0.98).
Average Recall: 0.980857
Initial average recall with ef=1000: 0.980857
Average Recall: 0.990641
Initial average recall with ef=1500: 0.990642
Weighted average ef: 1187.51
Reconstructed True WAE: 1247.38 (Hard Pct: 0.019625)
  Avg Ef Hard (bucketed): 2266.24 | Avg Ef Easy (bucketed): 1226.98
Search time: 54701 ms
Search time: 55506 ms
Search time: 56549 ms
Average Recall: 0.968357
5th percentile recall: 0.874
1st percentile recall: 0.716
Median search time: 55506 ms
Search times: 54701 ms, 55506 ms, 56549 ms, 
cohere experiment results:
statisc_length, time, avg_recall, 5th_percentile_recall, 1st_percentile_recall, recall_above_99, recall_above_95, recall_above_90
1025, 55506, 0.968357, 0.874, 0.716, 683, 1409, 1557
Experiment finished

--- min_queries_per_score: 3 ---

Loading samplings from /home/yc.shea/experiments/shiro-ef/sampling/cohere-samplings--k1000-ef.bin
Samplings loaded from /home/yc.shea/experiments/shiro-ef/sampling/cohere-samplings--k1000-ef.bin
Average Recall: 0.94905
Initial average recall with ef=1000: 0.949029
Average Recall: 0.970769
Initial average recall with ef=1500: 0.970748
Weighted average ef: 1393.02
Per-bucket recall: conv_p20=53.4276 hard_recall=0.95 easy_recall=0.98
Training convergence-bucket 0 [10.8442, 46.8254) with 400 queries (recall=0.95).
Average Recall: 0.884645
Initial average recall with ef=1000: 0.876923
Average Recall: 0.924073
Initial average recall with ef=1500: 0.918439
Weighted average ef: 2404.44
Training convergence-bucket 1 [46.8254, 53.4276) with 400 queries (recall=0.95).
Average Recall: 0.888987
Initial average recall with ef=1000: 0.882708
Average Recall: 0.930075
Initial average recall with ef=1500: 0.925669
Weighted average ef: 2199.01
Training convergence-bucket 2 [53.4276, 61.9108) with 400 queries (recall=0.98).
Average Recall: 0.931416
Initial average recall with ef=1000: 0.930256
Average Recall: 0.960497
Initial average recall with ef=1500: 0.960078
Weighted average ef: 2340.92
Training convergence-bucket 3 [61.9108, 66.4052) with 400 queries (recall=0.98).
Average Recall: 0.951555
Initial average recall with ef=1000: 0.952095
Average Recall: 0.974112
Initial average recall with ef=1500: 0.974509
Weighted average ef: 1860.94
Training convergence-bucket 4 [66.4052, 69.7652) with 400 queries (recall=0.98).
Average Recall: 0.96432
Initial average recall with ef=1000: 0.964402
Average Recall: 0.982449
Initial average recall with ef=1500: 0.982637
Weighted average ef: 1577.01
Training convergence-bucket 5 [69.7652, 72.215) with 400 queries (recall=0.98).
Average Recall: 0.965614
Initial average recall with ef=1000: 0.965626
Average Recall: 0.982372
Initial average recall with ef=1500: 0.98246
Weighted average ef: 1621.7
Training convergence-bucket 6 [72.215, 74.5429) with 400 queries (recall=0.98).
Average Recall: 0.97059
Initial average recall with ef=1000: 0.971145
Average Recall: 0.985342
Initial average recall with ef=1500: 0.985694
Weighted average ef: 1444.88
Training convergence-bucket 7 [74.5429, 76.8149) with 400 queries (recall=0.98).
Average Recall: 0.974992
Initial average recall with ef=1000: 0.976018
Average Recall: 0.988116
Initial average recall with ef=1500: 0.988744
Weighted average ef: 1337.5
Training convergence-bucket 8 [76.8149, 79.5596) with 400 queries (recall=0.98).
Average Recall: 0.977495
Initial average recall with ef=1000: 0.978765
Average Recall: 0.989944
Initial average recall with ef=1500: 0.990842
Weighted average ef: 1186.25
Training convergence-bucket 9 [79.5596, inf) with 400 queries (recall=0.98).
Average Recall: 0.980857
Initial average recall with ef=1000: 0.982433
Average Recall: 0.990641
Initial average recall with ef=1500: 0.991562
Weighted average ef: 1089.81
Reconstructed True WAE: 1348.53 (Hard Pct: 0.019625)
  Avg Ef Hard (bucketed): 2330.23 | Avg Ef Easy (bucketed): 1328.88
Search time: 56142 ms
Search time: 56987 ms
Search time: 57235 ms
Average Recall: 0.969616
5th percentile recall: 0.877
1st percentile recall: 0.724
Median search time: 56987 ms
Search times: 56142 ms, 56987 ms, 57235 ms, 
cohere experiment results:
statisc_length, time, avg_recall, 5th_percentile_recall, 1st_percentile_recall, recall_above_99, recall_above_95, recall_above_90
1025, 56987, 0.969616, 0.877, 0.724, 707, 1421, 1560
Experiment finished

--- min_queries_per_score: 5 ---

Loading samplings from /home/yc.shea/experiments/shiro-ef/sampling/cohere-samplings--k1000-ef.bin
Samplings loaded from /home/yc.shea/experiments/shiro-ef/sampling/cohere-samplings--k1000-ef.bin
Average Recall: 0.94905
Initial average recall with ef=1000: 0.948995
Average Recall: 0.970769
Initial average recall with ef=1500: 0.97072
Weighted average ef: 1391.81
Per-bucket recall: conv_p20=53.4276 hard_recall=0.95 easy_recall=0.98
Training convergence-bucket 0 [10.8442, 46.8254) with 400 queries (recall=0.95).
Average Recall: 0.884645
Initial average recall with ef=1000: 0.874452
Average Recall: 0.924073
Initial average recall with ef=1500: 0.916551
Weighted average ef: 2351.33
Training convergence-bucket 1 [46.8254, 53.4276) with 400 queries (recall=0.95).
Average Recall: 0.888987
Initial average recall with ef=1000: 0.878827
Average Recall: 0.930075
Initial average recall with ef=1500: 0.923969
Weighted average ef: 1939.75
Training convergence-bucket 2 [53.4276, 61.9108) with 400 queries (recall=0.98).
Average Recall: 0.931416
Initial average recall with ef=1000: 0.928785
Average Recall: 0.960497
Initial average recall with ef=1500: 0.9594
Weighted average ef: 2150.15
Training convergence-bucket 3 [61.9108, 66.4052) with 400 queries (recall=0.98).
Average Recall: 0.951555
Initial average recall with ef=1000: 0.953647
Average Recall: 0.974112
Initial average recall with ef=1500: 0.975684
Weighted average ef: 1709.52
Training convergence-bucket 4 [66.4052, 69.7652) with 400 queries (recall=0.98).
Average Recall: 0.96432
Initial average recall with ef=1000: 0.965332
Average Recall: 0.982449
Initial average recall with ef=1500: 0.98339
Weighted average ef: 1397.5
Training convergence-bucket 5 [69.7652, 72.215) with 400 queries (recall=0.98).
Average Recall: 0.965614
Initial average recall with ef=1000: 0.964323
Average Recall: 0.982372
Initial average recall with ef=1500: 0.981703
Weighted average ef: 1521.7
Training convergence-bucket 6 [72.215, 74.5429) with 400 queries (recall=0.98).
Average Recall: 0.97059
Initial average recall with ef=1000: 0.971759
Average Recall: 0.985342
Initial average recall with ef=1500: 0.986088
Weighted average ef: 1334.63
Training convergence-bucket 7 [74.5429, 76.8149) with 400 queries (recall=0.98).
Average Recall: 0.974992
Initial average recall with ef=1000: 0.976907
Average Recall: 0.988116
Initial average recall with ef=1500: 0.98922
Weighted average ef: 1210.03
Training convergence-bucket 8 [76.8149, 79.5596) with 400 queries (recall=0.98).
Average Recall: 0.977495
Initial average recall with ef=1000: 0.980108
Average Recall: 0.989944
Initial average recall with ef=1500: 0.991578
Weighted average ef: 1060
Training convergence-bucket 9 [79.5596, inf) with 400 queries (recall=0.98).
Average Recall: 0.980857
Initial average recall with ef=1000: 0.983522
Average Recall: 0.990641
Initial average recall with ef=1500: 0.992079
Weighted average ef: 993.75
Reconstructed True WAE: 1317.13 (Hard Pct: 0.019625)
  Avg Ef Hard (bucketed): 2325.55 | Avg Ef Easy (bucketed): 1296.94
Search time: 55323 ms
Search time: 55742 ms
Search time: 56124 ms
Average Recall: 0.968999
5th percentile recall: 0.877
1st percentile recall: 0.724
Median search time: 55742 ms
Search times: 55323 ms, 55742 ms, 56124 ms, 
cohere experiment results:
statisc_length, time, avg_recall, 5th_percentile_recall, 1st_percentile_recall, recall_above_99, recall_above_95, recall_above_90
1025, 55742, 0.968999, 0.877, 0.724, 694, 1413, 1559
Experiment finished
