Starting experiments for Shiro-ef hnswdis library...


EXPERIMENTS_ROOT: /home/ryawszn/experiments/shiro-ef
Starting ablation study tests: visited list size...


Dataset: deep-image-96-angular
Metric: cd
Truncation ratio: 1
Normalize the data vectors
Data vectors dimensions: 9990000 x 96
Query vectors dimensions: 10000 x 96
Neighbors dimensions: 10000 x 100
Using AVX512 Inner Product distance
Index loaded
Dimension of space:96
Data size of space:384
Samplings loaded


Visited list size: 100


Loading samplings from /home/ryawszn/experiments/shiro-ef/sampling/deep-image-96-angular-samplings--k100-ef.bin
Samplings loaded from /home/ryawszn/experiments/shiro-ef/sampling/deep-image-96-angular-samplings--k100-ef.bin
Average Recall: 0.838966
Initial average recall with ef=100: 0.838045
Average Recall: 0.886667
Initial average recall with ef=150: 0.885724
Recall diff is too small for 1 consecutive steps, break.
Recall diff is too small for 1 consecutive steps, break.
Recall diff is too small for 1 consecutive steps, break.
Recall diff is too small for 1 consecutive steps, break.
Recall diff is too small for 1 consecutive steps, break.
Weighted average ef: 475.076
EF-estimation table computing time: 6969 ms
Training convergence-bucket 0 [0, 4.62454) with 200 queries.
Average Recall: 0.83835
Initial average recall with ef=100: 0.849068
Average Recall: 0.88505
Initial average recall with ef=150: 0.892981
Recall diff is too small for 1 consecutive steps, break.
Recall diff is too small for 1 consecutive steps, break.
Weighted average ef: 271.685
Training convergence-bucket 1 [4.62454, 8.48708) with 200 queries.
Average Recall: 0.831005
Initial average recall with ef=100: 0.838839
Average Recall: 0.87995
Initial average recall with ef=150: 0.885097
Recall diff is too small for 1 consecutive steps, break.
Recall diff is too small for 1 consecutive steps, break.
Recall diff is too small for 1 consecutive steps, break.
Recall diff is too small for 1 consecutive steps, break.
Recall diff is too small for 1 consecutive steps, break.
Recall diff is too small for 1 consecutive steps, break.
Recall diff is too small for 1 consecutive steps, break.
Recall diff is too small for 1 consecutive steps, break.
Recall diff is too small for 1 consecutive steps, break.
Weighted average ef: 203.015
Training convergence-bucket 2 [8.48708, 11.3168) with 200 queries.
Average Recall: 0.81145
Initial average recall with ef=100: 0.823145
Average Recall: 0.86445
Initial average recall with ef=150: 0.876226
Recall diff is too small for 1 consecutive steps, break.
Recall diff is too small for 1 consecutive steps, break.
Recall diff is too small for 1 consecutive steps, break.
Weighted average ef: 312.385
Training convergence-bucket 3 [11.3168, 14.4235) with 200 queries.
Average Recall: 0.8061
Initial average recall with ef=100: 0.796306
Average Recall: 0.8611
Initial average recall with ef=150: 0.852038
Recall diff is too small for 1 consecutive steps, break.
Recall diff is too small for 1 consecutive steps, break.
Recall diff is too small for 1 consecutive steps, break.
Recall diff is too small for 1 consecutive steps, break.
Weighted average ef: 366.01
Training convergence-bucket 4 [14.4235, 17.057) with 200 queries.
Average Recall: 0.8188
Initial average recall with ef=100: 0.830993
Average Recall: 0.87025
Initial average recall with ef=150: 0.88
Weighted average ef: 320.645
Training convergence-bucket 5 [17.057, 19.9617) with 200 queries.
Average Recall: 0.82125
Initial average recall with ef=100: 0.83129
Average Recall: 0.87585
Initial average recall with ef=150: 0.884387
Recall diff is too small for 1 consecutive steps, break.
Recall diff is too small for 1 consecutive steps, break.
Weighted average ef: 270.56
Training convergence-bucket 6 [19.9617, 23.5894) with 200 queries.
Average Recall: 0.84475
Initial average recall with ef=100: 0.851883
Average Recall: 0.8938
Initial average recall with ef=150: 0.899675
Weighted average ef: 249.85
Training convergence-bucket 7 [23.5894, 27.4157) with 200 queries.
Average Recall: 0.82595
Initial average recall with ef=100: 0.832112
Average Recall: 0.8768
Initial average recall with ef=150: 0.881801
Recall diff is too small for 1 consecutive steps, break.
Recall diff is too small for 1 consecutive steps, break.
Weighted average ef: 311.1
Training convergence-bucket 8 [27.4157, 33.7384) with 200 queries.
Average Recall: 0.85799
Initial average recall with ef=100: 0.859806
Average Recall: 0.902463
Initial average recall with ef=150: 0.902194
Recall diff is too small for 1 consecutive steps, break.
Recall diff is too small for 1 consecutive steps, break.
Recall diff is too small for 1 consecutive steps, break.
Recall diff is too small for 1 consecutive steps, break.
Recall diff is too small for 1 consecutive steps, break.
Weighted average ef: 204.06
Training convergence-bucket 9 [33.7384, inf) with 200 queries.
Average Recall: 0.9341
Initial average recall with ef=100: 0.964024
Average Recall: 0.95705
Initial average recall with ef=150: 0.979207
Recall diff is too small for 1 consecutive steps, break.
Weighted average ef: 98.965
Reconstructed True WAE: 272.081 (Hard Pct: 0.0211)
****Weighted average ef: 272
Search time: 7707 ms
Search time: 6138 ms
Search time: 7692 ms
Average Recall: 0.973765
5th percentile recall: 0.89
1st percentile recall: 0.82
Median search time: 7692 ms
Search times: 6138 ms, 7692 ms, 7707 ms,
deep-image-96-angular experiment results:
statisc_length, time, avg_recall, 5th_percentile_recall, 1st_percentile_recall, recall_above_99, recall_above_95, recall_above_90
100, 7692, 0.973765, 0.89, 0.82, 5663, 8031, 9352
Experiment finished


Visited list size: 250


Loading samplings from /home/ryawszn/experiments/shiro-ef/sampling/deep-image-96-angular-samplings--k100-ef.bin
Samplings loaded from /home/ryawszn/experiments/shiro-ef/sampling/deep-image-96-angular-samplings--k100-ef.bin
Average Recall: 0.838966
Initial average recall with ef=100: 0.838403
Average Recall: 0.886667
Initial average recall with ef=150: 0.8862
Recall diff is too small for 1 consecutive steps, break.
Recall diff is too small for 1 consecutive steps, break.
Recall diff is too small for 1 consecutive steps, break.
Recall diff is too small for 1 consecutive steps, break.
Recall diff is too small for 1 consecutive steps, break.
Recall diff is too small for 1 consecutive steps, break.
Recall diff is too small for 1 consecutive steps, break.
Recall diff is too small for 1 consecutive steps, break.
Recall diff is too small for 1 consecutive steps, break.
Recall diff is too small for 1 consecutive steps, break.
Recall diff is too small for 1 consecutive steps, break.
Recall diff is too small for 1 consecutive steps, break.
Weighted average ef: 438.4
EF-estimation table computing time: 6311 ms
Training convergence-bucket 0 [1.1384, 19.9389) with 200 queries.
Average Recall: 0.73885
Initial average recall with ef=100: 0.737679
Average Recall: 0.8034
Initial average recall with ef=150: 0.802857
Recall diff is too small for 1 consecutive steps, break.
Weighted average ef: 504.26
Training convergence-bucket 1 [19.9389, 24.3802) with 200 queries.
Average Recall: 0.7315
Initial average recall with ef=100: 0.729172
Average Recall: 0.8006
Initial average recall with ef=150: 0.798284
Recall diff is too small for 1 consecutive steps, break.
Recall diff is too small for 1 consecutive steps, break.
Weighted average ef: 521.79
Training convergence-bucket 2 [24.3802, 28.0306) with 200 queries.
Average Recall: 0.7297
Initial average recall with ef=100: 0.71515
Average Recall: 0.79715
Initial average recall with ef=150: 0.78503
Recall diff is too small for 1 consecutive steps, break.
Weighted average ef: 564.295
Training convergence-bucket 3 [28.0306, 31.4425) with 200 queries.
Average Recall: 0.764647
Initial average recall with ef=100: 0.747126
Average Recall: 0.828232
Initial average recall with ef=150: 0.810539
Recall diff is too small for 1 consecutive steps, break.
Recall diff is too small for 1 consecutive steps, break.
Recall diff is too small for 1 consecutive steps, break.
Recall diff is too small for 1 consecutive steps, break.
Recall diff is too small for 1 consecutive steps, break.
Recall diff is too small for 1 consecutive steps, break.
Recall diff is too small for 1 consecutive steps, break.
Recall diff is too small for 1 consecutive steps, break.
Recall diff is too small for 1 consecutive steps, break.
Recall diff is too small for 1 consecutive steps, break.
Weighted average ef: 304.305
Training convergence-bucket 4 [31.4425, 34.9035) with 200 queries.
Average Recall: 0.8153
Initial average recall with ef=100: 0.826667
Average Recall: 0.87155
Initial average recall with ef=150: 0.882024
Weighted average ef: 299.21
Training convergence-bucket 5 [34.9035, 38.8874) with 200 queries.
Average Recall: 0.8697
Initial average recall with ef=100: 0.886882
Average Recall: 0.91605
Initial average recall with ef=150: 0.930471
Weighted average ef: 197.65
Training convergence-bucket 6 [38.8874, 42.8241) with 200 queries.
Average Recall: 0.88955
Initial average recall with ef=100: 0.908807
Average Recall: 0.9299
Initial average recall with ef=150: 0.945682
Weighted average ef: 165.975
Training convergence-bucket 7 [42.8241, 47.5468) with 200 queries.
Average Recall: 0.91595
Initial average recall with ef=100: 0.926099
Average Recall: 0.9516
Initial average recall with ef=150: 0.959231
Weighted average ef: 150.26
Training convergence-bucket 8 [47.5468, 55.1736) with 200 queries.
Average Recall: 0.950851
Initial average recall with ef=100: 0.955291
Average Recall: 0.97525
Initial average recall with ef=150: 0.978571
Weighted average ef: 115.75
Training convergence-bucket 9 [55.1736, inf) with 200 queries.
Average Recall: 0.9829
Initial average recall with ef=100: 0.984684
Average Recall: 0.9924
Initial average recall with ef=150: 0.993263
Weighted average ef: 99.25
Reconstructed True WAE: 258.211 (Hard Pct: 0.0211)
****Weighted average ef: 258
Search time: 8451 ms
Search time: 6910 ms
Search time: 8486 ms
Average Recall: 0.979929
5th percentile recall: 0.92
1st percentile recall: 0.85
Median search time: 8451 ms
Search times: 6910 ms, 8451 ms, 8486 ms,
deep-image-96-angular experiment results:
statisc_length, time, avg_recall, 5th_percentile_recall, 1st_percentile_recall, recall_above_99, recall_above_95, recall_above_90
250, 8451, 0.979929, 0.92, 0.85, 6112, 8642, 9677
Experiment finished


Visited list size: 500


Loading samplings from /home/ryawszn/experiments/shiro-ef/sampling/deep-image-96-angular-samplings--k100-ef.bin
Samplings loaded from /home/ryawszn/experiments/shiro-ef/sampling/deep-image-96-angular-samplings--k100-ef.bin
Average Recall: 0.838966
Initial average recall with ef=100: 0.838666
Average Recall: 0.886667
Initial average recall with ef=150: 0.886273
Recall diff is too small for 1 consecutive steps, break.
Recall diff is too small for 1 consecutive steps, break.
Recall diff is too small for 1 consecutive steps, break.
Recall diff is too small for 1 consecutive steps, break.
Recall diff is too small for 1 consecutive steps, break.
Recall diff is too small for 1 consecutive steps, break.
Recall diff is too small for 1 consecutive steps, break.
Recall diff is too small for 1 consecutive steps, break.
Recall diff is too small for 1 consecutive steps, break.
Weighted average ef: 379.614
EF-estimation table computing time: 6008 ms
Training convergence-bucket 0 [15.1184, 29.6697) with 200 queries.
Average Recall: 0.6347
Initial average recall with ef=100: 0.626264
Average Recall: 0.7092
Initial average recall with ef=150: 0.701839
Recall diff is too small for 1 consecutive steps, break.
Recall diff is too small for 1 consecutive steps, break.
Weighted average ef: 852.95
Training convergence-bucket 1 [29.6697, 34.2568) with 200 queries.
Average Recall: 0.67402
Initial average recall with ef=100: 0.663333
Average Recall: 0.751709
Initial average recall with ef=150: 0.742167
Recall diff is too small for 1 consecutive steps, break.
Recall diff is too small for 1 consecutive steps, break.
Weighted average ef: 707.44
Training convergence-bucket 2 [34.2568, 38.574) with 200 queries.
Average Recall: 0.7425
Initial average recall with ef=100: 0.738506
Average Recall: 0.81055
Initial average recall with ef=150: 0.807874
Recall diff is too small for 1 consecutive steps, break.
Weighted average ef: 488.945
Training convergence-bucket 3 [38.574, 42.6905) with 200 queries.
Average Recall: 0.8032
Initial average recall with ef=100: 0.803316
Average Recall: 0.8677
Initial average recall with ef=150: 0.869679
Recall diff is too small for 1 consecutive steps, break.
Weighted average ef: 350.32
Training convergence-bucket 4 [42.6905, 46.4399) with 200 queries.
Average Recall: 0.85255
Initial average recall with ef=100: 0.86657
Average Recall: 0.90735
Initial average recall with ef=150: 0.918721
Weighted average ef: 200.4
Training convergence-bucket 5 [46.4399, 50.3436) with 200 queries.
Average Recall: 0.876683
Initial average recall with ef=100: 0.875978
Average Recall: 0.923317
Initial average recall with ef=150: 0.922174
Recall diff is too small for 1 consecutive steps, break.
Recall diff is too small for 1 consecutive steps, break.
Recall diff is too small for 1 consecutive steps, break.
Recall diff is too small for 1 consecutive steps, break.
Weighted average ef: 209.475
Training convergence-bucket 6 [50.3436, 54.4275) with 200 queries.
Average Recall: 0.913801
Initial average recall with ef=100: 0.921925
Average Recall: 0.94925
Initial average recall with ef=150: 0.956631
Weighted average ef: 152.25
Training convergence-bucket 7 [54.4275, 60.0068) with 200 queries.
Average Recall: 0.9405
Initial average recall with ef=100: 0.942631
Average Recall: 0.968701
Initial average recall with ef=150: 0.970684
Weighted average ef: 130.295
Training convergence-bucket 8 [60.0068, 66.8119) with 200 queries.
Average Recall: 0.9639
Initial average recall with ef=100: 0.966203
Average Recall: 0.9836
Initial average recall with ef=150: 0.985241
Weighted average ef: 102
Training convergence-bucket 9 [66.8119, inf) with 200 queries.
Average Recall: 0.9872
Initial average recall with ef=100: 0.987709
Average Recall: 0.99485
Initial average recall with ef=150: 0.995
Weighted average ef: 98
Reconstructed True WAE: 243.896 (Hard Pct: 0.0211)
****Weighted average ef: 243
Search time: 7185 ms
Search time: 8534 ms
Search time: 8509 ms
Average Recall: 0.979892
5th percentile recall: 0.93
1st percentile recall: 0.88
Median search time: 8509 ms
Search times: 7185 ms, 8509 ms, 8534 ms,
deep-image-96-angular experiment results:
statisc_length, time, avg_recall, 5th_percentile_recall, 1st_percentile_recall, recall_above_99, recall_above_95, recall_above_90
500, 8509, 0.979892, 0.93, 0.88, 5736, 8653, 9749
Experiment finished


Visited list size: 750


Loading samplings from /home/ryawszn/experiments/shiro-ef/sampling/deep-image-96-angular-samplings--k100-ef.bin
Samplings loaded from /home/ryawszn/experiments/shiro-ef/sampling/deep-image-96-angular-samplings--k100-ef.bin
Average Recall: 0.838966
Initial average recall with ef=100: 0.838758
Average Recall: 0.886667
Initial average recall with ef=150: 0.88672
Recall diff is too small for 1 consecutive steps, break.
Recall diff is too small for 1 consecutive steps, break.
Recall diff is too small for 1 consecutive steps, break.
Recall diff is too small for 1 consecutive steps, break.
Recall diff is too small for 1 consecutive steps, break.
Recall diff is too small for 1 consecutive steps, break.
Recall diff is too small for 1 consecutive steps, break.
Recall diff is too small for 1 consecutive steps, break.
Recall diff is too small for 1 consecutive steps, break.
Recall diff is too small for 1 consecutive steps, break.
Weighted average ef: 371.903
EF-estimation table computing time: 6796 ms
Training convergence-bucket 0 [14.5535, 34.4332) with 200 queries.
Average Recall: 0.6093
Initial average recall with ef=100: 0.607074
Average Recall: 0.6861
Initial average recall with ef=150: 0.684309
Weighted average ef: 1000.66
Training convergence-bucket 1 [34.4332, 38.9564) with 200 queries.
Average Recall: 0.658845
Initial average recall with ef=100: 0.653352
Average Recall: 0.740653
Initial average recall with ef=150: 0.734525
Recall diff is too small for 1 consecutive steps, break.
Weighted average ef: 683.36
Training convergence-bucket 2 [38.9564, 43.5709) with 200 queries.
Average Recall: 0.7375
Initial average recall with ef=100: 0.738125
Average Recall: 0.8075
Initial average recall with ef=150: 0.807898
Recall diff is too small for 1 consecutive steps, break.
Weighted average ef: 496.43
Training convergence-bucket 3 [43.5709, 48.0846) with 200 queries.
Average Recall: 0.814
Initial average recall with ef=100: 0.820109
Average Recall: 0.87795
Initial average recall with ef=150: 0.883989
Weighted average ef: 295.815
Training convergence-bucket 4 [48.0846, 51.5269) with 200 queries.
Average Recall: 0.8517
Initial average recall with ef=100: 0.85
Average Recall: 0.90735
Initial average recall with ef=150: 0.906984
Weighted average ef: 261.95
Training convergence-bucket 5 [51.5269, 55.907) with 200 queries.
Average Recall: 0.897136
Initial average recall with ef=100: 0.9
Average Recall: 0.94
Initial average recall with ef=150: 0.942568
Weighted average ef: 167.19
Training convergence-bucket 6 [55.907, 59.9127) with 200 queries.
Average Recall: 0.9194
Initial average recall with ef=100: 0.924415
Average Recall: 0.95435
Initial average recall with ef=150: 0.959575
Weighted average ef: 146.15
Training convergence-bucket 7 [59.9127, 65.43) with 200 queries.
Average Recall: 0.9451
Initial average recall with ef=100: 0.946114
Average Recall: 0.9719
Initial average recall with ef=150: 0.972643
Weighted average ef: 131.2
Training convergence-bucket 8 [65.43, 72.234) with 200 queries.
Average Recall: 0.969951
Initial average recall with ef=100: 0.971895
Average Recall: 0.98655
Initial average recall with ef=150: 0.988263
Weighted average ef: 99.5
Training convergence-bucket 9 [72.234, inf) with 200 queries.
Average Recall: 0.98615
Initial average recall with ef=100: 0.991056
Average Recall: 0.9939
Initial average recall with ef=150: 0.996556
Weighted average ef: 90
Reconstructed True WAE: 236.041 (Hard Pct: 0.0211)
****Weighted average ef: 236
Search time: 8775 ms
Search time: 8944 ms
Search time: 8755 ms
Average Recall: 0.979204
5th percentile recall: 0.93
1st percentile recall: 0.88
Median search time: 8775 ms
Search times: 8755 ms, 8775 ms, 8944 ms,
deep-image-96-angular experiment results:
statisc_length, time, avg_recall, 5th_percentile_recall, 1st_percentile_recall, recall_above_99, recall_above_95, recall_above_90
750, 8775, 0.979204, 0.93, 0.88, 5405, 8615, 9785
Experiment finished


Visited list size: 1000


Loading samplings from /home/ryawszn/experiments/shiro-ef/sampling/deep-image-96-angular-samplings--k100-ef.bin
Samplings loaded from /home/ryawszn/experiments/shiro-ef/sampling/deep-image-96-angular-samplings--k100-ef.bin
Average Recall: 0.838966
Initial average recall with ef=100: 0.838794
Average Recall: 0.886667
Initial average recall with ef=150: 0.88669
Recall diff is too small for 1 consecutive steps, break.
Recall diff is too small for 1 consecutive steps, break.
Recall diff is too small for 1 consecutive steps, break.
Recall diff is too small for 1 consecutive steps, break.
Recall diff is too small for 1 consecutive steps, break.
Recall diff is too small for 1 consecutive steps, break.
Recall diff is too small for 1 consecutive steps, break.
Recall diff is too small for 1 consecutive steps, break.
Recall diff is too small for 1 consecutive steps, break.
Weighted average ef: 377.033
EF-estimation table computing time: 5822 ms
Training convergence-bucket 0 [23.4399, 37.4472) with 200 queries.
Average Recall: 0.60215
Initial average recall with ef=100: 0.597021
Average Recall: 0.67945
Initial average recall with ef=150: 0.674628
Recall diff is too small for 1 consecutive steps, break.
Weighted average ef: 1034.08
Training convergence-bucket 1 [37.4472, 41.3901) with 200 queries.
Average Recall: 0.644623
Initial average recall with ef=100: 0.637569
Average Recall: 0.725779
Initial average recall with ef=150: 0.720276
Weighted average ef: 767.785
Training convergence-bucket 2 [41.3901, 46.8622) with 200 queries.
Average Recall: 0.74665
Initial average recall with ef=100: 0.742174
Average Recall: 0.81835
Initial average recall with ef=150: 0.814837
Weighted average ef: 467.975
Training convergence-bucket 3 [46.8622, 50.9647) with 200 queries.
Average Recall: 0.8123
Initial average recall with ef=100: 0.813315
Average Recall: 0.87835
Initial average recall with ef=150: 0.879293
Recall diff is too small for 1 consecutive steps, break.
Recall diff is too small for 1 consecutive steps, break.
Weighted average ef: 311.185
Training convergence-bucket 4 [50.9647, 55.2406) with 200 queries.
Average Recall: 0.8583
Initial average recall with ef=100: 0.861526
Average Recall: 0.91235
Initial average recall with ef=150: 0.915526
Weighted average ef: 239.12
Training convergence-bucket 5 [55.2406, 59.3081) with 200 queries.
Average Recall: 0.89775
Initial average recall with ef=100: 0.898424
Average Recall: 0.94095
Initial average recall with ef=150: 0.941685
Weighted average ef: 182.515
Training convergence-bucket 6 [59.3081, 63.657) with 200 queries.
Average Recall: 0.919096
Initial average recall with ef=100: 0.913407
Average Recall: 0.953719
Initial average recall with ef=150: 0.948462
Weighted average ef: 155.76
Training convergence-bucket 7 [63.657, 68.5714) with 200 queries.
Average Recall: 0.95
Initial average recall with ef=100: 0.951429
Average Recall: 0.97545
Initial average recall with ef=150: 0.976878
Weighted average ef: 115.25
Training convergence-bucket 8 [68.5714, 75.2957) with 200 queries.
Average Recall: 0.970951
Initial average recall with ef=100: 0.972316
Average Recall: 0.9874
Initial average recall with ef=150: 0.988579
Weighted average ef: 98
Training convergence-bucket 9 [75.2957, inf) with 200 queries.
Average Recall: 0.9873
Initial average recall with ef=100: 0.991223
Average Recall: 0.99445
Initial average recall with ef=150: 0.996755
Weighted average ef: 95.5
Reconstructed True WAE: 236.01 (Hard Pct: 0.0211)
****Weighted average ef: 236
Search time: 9091 ms
Search time: 7739 ms
Search time: 9315 ms
Average Recall: 0.978803
5th percentile recall: 0.93
1st percentile recall: 0.89
Median search time: 9091 ms
Search times: 7739 ms, 9091 ms, 9315 ms,
deep-image-96-angular experiment results:
statisc_length, time, avg_recall, 5th_percentile_recall, 1st_percentile_recall, recall_above_99, recall_above_95, recall_above_90
1000, 9091, 0.978803, 0.93, 0.89, 5295, 8551, 9802
Experiment finished


Visited list size: 2000


Loading samplings from /home/ryawszn/experiments/shiro-ef/sampling/deep-image-96-angular-samplings--k100-ef.bin
Samplings loaded from /home/ryawszn/experiments/shiro-ef/sampling/deep-image-96-angular-samplings--k100-ef.bin
Average Recall: 0.838996
Initial average recall with ef=100: 0.838774
Average Recall: 0.886667
Initial average recall with ef=150: 0.88667
Recall diff is too small for 1 consecutive steps, break.
Recall diff is too small for 1 consecutive steps, break.
Recall diff is too small for 1 consecutive steps, break.
Recall diff is too small for 1 consecutive steps, break.
Recall diff is too small for 1 consecutive steps, break.
Recall diff is too small for 1 consecutive steps, break.
Recall diff is too small for 1 consecutive steps, break.
Weighted average ef: 374.032
EF-estimation table computing time: 7459 ms
Training convergence-bucket 0 [23.7337, 44.8291) with 200 queries.
Average Recall: 0.57515
Initial average recall with ef=100: 0.570266
Average Recall: 0.65835
Initial average recall with ef=150: 0.653777
Weighted average ef: 1094.32
Training convergence-bucket 1 [44.8291, 49.2865) with 200 queries.
Average Recall: 0.652362
Initial average recall with ef=100: 0.646915
Average Recall: 0.732262
Initial average recall with ef=150: 0.726596
Weighted average ef: 725.5
Training convergence-bucket 2 [49.2865, 53.8897) with 200 queries.
Average Recall: 0.74045
Initial average recall with ef=100: 0.741429
Average Recall: 0.81305
Initial average recall with ef=150: 0.813069
Weighted average ef: 502.6
Training convergence-bucket 3 [53.8897, 58.4211) with 200 queries.
Average Recall: 0.81515
Initial average recall with ef=100: 0.818723
Average Recall: 0.8787
Initial average recall with ef=150: 0.882128
Weighted average ef: 287.86
Training convergence-bucket 4 [58.4211, 62.9523) with 200 queries.
Average Recall: 0.8643
Initial average recall with ef=100: 0.86822
Average Recall: 0.9201
Initial average recall with ef=150: 0.92377
Weighted average ef: 219.43
Training convergence-bucket 5 [62.9523, 67.0717) with 200 queries.
Average Recall: 0.90105
Initial average recall with ef=100: 0.900421
Average Recall: 0.9442
Initial average recall with ef=150: 0.94379
Weighted average ef: 171.3
Training convergence-bucket 6 [67.0717, 70.9227) with 200 queries.
Average Recall: 0.923267
Initial average recall with ef=100: 0.926497
Average Recall: 0.956382
Initial average recall with ef=150: 0.95904
Weighted average ef: 140.805
Training convergence-bucket 7 [70.9227, 75.8709) with 200 queries.
Average Recall: 0.9523
Initial average recall with ef=100: 0.951935
Average Recall: 0.976751
Initial average recall with ef=150: 0.976828
Weighted average ef: 106.75
Training convergence-bucket 8 [75.8709, 81.0219) with 200 queries.
Average Recall: 0.97235
Initial average recall with ef=100: 0.973351
Average Recall: 0.98915
Initial average recall with ef=150: 0.989574
Weighted average ef: 98.75
Training convergence-bucket 9 [81.0219, inf) with 200 queries.
Average Recall: 0.9931
Initial average recall with ef=100: 0.99342
Average Recall: 0.99735
Initial average recall with ef=150: 0.997617
Weighted average ef: 96.5
Reconstructed True WAE: 231.959 (Hard Pct: 0.0211)
****Weighted average ef: 231
Search time: 8162 ms
Search time: 9797 ms
Search time: 9903 ms
Average Recall: 0.975673
5th percentile recall: 0.92
1st percentile recall: 0.89
Median search time: 9797 ms
Search times: 8162 ms, 9797 ms, 9903 ms,
deep-image-96-angular experiment results:
statisc_length, time, avg_recall, 5th_percentile_recall, 1st_percentile_recall, recall_above_99, recall_above_95, recall_above_90
2000, 9797, 0.975673, 0.92, 0.89, 4686, 8154, 9789
Experiment finished


Visited list size: 33


Loading samplings from /home/ryawszn/experiments/shiro-ef/sampling/deep-image-96-angular-samplings--k100-ef.bin
Samplings loaded from /home/ryawszn/experiments/shiro-ef/sampling/deep-image-96-angular-samplings--k100-ef.bin
Average Recall: 0.838966
Initial average recall with ef=100: 0.838015
Average Recall: 0.886667
Initial average recall with ef=150: 0.885693
Recall diff is too small for 1 consecutive steps, break.
Recall diff is too small for 1 consecutive steps, break.
Recall diff is too small for 1 consecutive steps, break.
Recall diff is too small for 1 consecutive steps, break.
Weighted average ef: 397.046
EF-estimation table computing time: 4264 ms
Training convergence-bucket 0 [0, 0) with 200 queries.
Average Recall: 0.8933
Initial average recall with ef=100: 0.903
Average Recall: 0.93295
Initial average recall with ef=150: 0.940937
Weighted average ef: 174.81
Training convergence-bucket 1 [0, 0) with 200 queries.
Average Recall: 0.8905
Initial average recall with ef=100: 0.904362
Average Recall: 0.9325
Initial average recall with ef=150: 0.944027
Weighted average ef: 150
Training convergence-bucket 2 [0, 0) with 200 queries.
Average Recall: 0.88235
Initial average recall with ef=100: 0.88592
Average Recall: 0.926
Initial average recall with ef=150: 0.928161
Recall diff is too small for 1 consecutive steps, break.
Weighted average ef: 203.955
Training convergence-bucket 3 [0, 0) with 200 queries.
Average Recall: 0.9047
Initial average recall with ef=100: 0.910921
Average Recall: 0.9427
Initial average recall with ef=150: 0.948355
Weighted average ef: 133.275
Training convergence-bucket 4 [0, 0) with 200 queries.
Average Recall: 0.73865
Initial average recall with ef=100: 0.716369
Average Recall: 0.7998
Initial average recall with ef=150: 0.781338
Weighted average ef: 539.275
Training convergence-bucket 5 [0, 0) with 200 queries.
Average Recall: 0.7263
Initial average recall with ef=100: 0.70758
Average Recall: 0.79445
Initial average recall with ef=150: 0.778726
Recall diff is too small for 1 consecutive steps, break.
Recall diff is too small for 1 consecutive steps, break.
Recall diff is too small for 1 consecutive steps, break.
Weighted average ef: 577.015
Training convergence-bucket 6 [0, 0) with 200 queries.
Average Recall: 0.743116
Initial average recall with ef=100: 0.720245
Average Recall: 0.804272
Initial average recall with ef=150: 0.783252
Recall diff is too small for 1 consecutive steps, break.
Recall diff is too small for 1 consecutive steps, break.
Recall diff is too small for 1 consecutive steps, break.
Recall diff is too small for 1 consecutive steps, break.
Weighted average ef: 518.815
Training convergence-bucket 7 [0, 0.00622819) with 200 queries.
Average Recall: 0.88235
Initial average recall with ef=100: 0.882517
Average Recall: 0.92525
Initial average recall with ef=150: 0.925102
Weighted average ef: 189.565
Training convergence-bucket 8 [0.00622819, 5.52459) with 200 queries.
Average Recall: 0.8817
Initial average recall with ef=100: 0.886277
Average Recall: 0.9186
Initial average recall with ef=150: 0.920803
Weighted average ef: 193.31
Training convergence-bucket 9 [5.52459, inf) with 200 queries.
Average Recall: 0.846282
Initial average recall with ef=100: 0.83961
Average Recall: 0.889799
Initial average recall with ef=150: 0.883636
Recall diff is too small for 1 consecutive steps, break.
Recall diff is too small for 1 consecutive steps, break.
Weighted average ef: 292.66
Reconstructed True WAE: 274.447 (Hard Pct: 0.0211)
****Weighted average ef: 274
Search time: 7460 ms
Search time: 7453 ms
Search time: 7431 ms
Average Recall: 0.970568
5th percentile recall: 0.88
1st percentile recall: 0.78
Median search time: 7453 ms
Search times: 7431 ms, 7453 ms, 7460 ms,
deep-image-96-angular experiment results:
statisc_length, time, avg_recall, 5th_percentile_recall, 1st_percentile_recall, recall_above_99, recall_above_95, recall_above_90
33, 7453, 0.970568, 0.88, 0.78, 5560, 7814, 9149
Experiment finished


Visited list size: 1025


Loading samplings from /home/ryawszn/experiments/shiro-ef/sampling/deep-image-96-angular-samplings--k100-ef.bin
Samplings loaded from /home/ryawszn/experiments/shiro-ef/sampling/deep-image-96-angular-samplings--k100-ef.bin
Average Recall: 0.838966
Initial average recall with ef=100: 0.838787
Average Recall: 0.886667
Initial average recall with ef=150: 0.886606
Recall diff is too small for 1 consecutive steps, break.
Recall diff is too small for 1 consecutive steps, break.
Recall diff is too small for 1 consecutive steps, break.
Recall diff is too small for 1 consecutive steps, break.
Recall diff is too small for 1 consecutive steps, break.
Recall diff is too small for 1 consecutive steps, break.
Recall diff is too small for 1 consecutive steps, break.
Recall diff is too small for 1 consecutive steps, break.
Recall diff is too small for 1 consecutive steps, break.
Recall diff is too small for 1 consecutive steps, break.
Recall diff is too small for 1 consecutive steps, break.
Recall diff is too small for 1 consecutive steps, break.
Recall diff is too small for 1 consecutive steps, break.
Weighted average ef: 358.917
EF-estimation table computing time: 5392 ms
Training convergence-bucket 0 [20.5032, 37.7148) with 200 queries.
Average Recall: 0.601
Initial average recall with ef=100: 0.597632
Average Recall: 0.67845
Initial average recall with ef=150: 0.675895
Recall diff is too small for 1 consecutive steps, break.
Recall diff is too small for 1 consecutive steps, break.
Weighted average ef: 1037.24
Training convergence-bucket 1 [37.7148, 41.8165) with 200 queries.
Average Recall: 0.64593
Initial average recall with ef=100: 0.645843
Average Recall: 0.726834
Initial average recall with ef=150: 0.725337
Recall diff is too small for 1 consecutive steps, break.
Weighted average ef: 719.8
Training convergence-bucket 2 [41.8165, 47.2267) with 200 queries.
Average Recall: 0.74425
Initial average recall with ef=100: 0.740378
Average Recall: 0.8175
Initial average recall with ef=150: 0.814324
Weighted average ef: 461.525
Training convergence-bucket 3 [47.2267, 51.1843) with 200 queries.
Average Recall: 0.81375
Initial average recall with ef=100: 0.812813
Average Recall: 0.8776
Initial average recall with ef=150: 0.876875
Weighted average ef: 367.015
Training convergence-bucket 4 [51.1843, 55.636) with 200 queries.
Average Recall: 0.85765
Initial average recall with ef=100: 0.862094
Average Recall: 0.91205
Initial average recall with ef=150: 0.916178
Weighted average ef: 239.815
Training convergence-bucket 5 [55.636, 59.7313) with 200 queries.
Average Recall: 0.898
Initial average recall with ef=100: 0.897892
Average Recall: 0.9422
Initial average recall with ef=150: 0.942648
Weighted average ef: 176.95
Training convergence-bucket 6 [59.7313, 64.0764) with 200 queries.
Average Recall: 0.92
Initial average recall with ef=100: 0.918378
Average Recall: 0.954322
Initial average recall with ef=150: 0.953297
Recall diff is too small for 1 consecutive steps, break.
Weighted average ef: 162.785
Training convergence-bucket 7 [64.0764, 68.8665) with 200 queries.
Average Recall: 0.95095
Initial average recall with ef=100: 0.954
Average Recall: 0.97575
Initial average recall with ef=150: 0.978324
Weighted average ef: 115.25
Training convergence-bucket 8 [68.8665, 75.5173) with 200 queries.
Average Recall: 0.9697
Initial average recall with ef=100: 0.971111
Average Recall: 0.987
Initial average recall with ef=150: 0.988042
Weighted average ef: 99.75
Training convergence-bucket 9 [75.5173, inf) with 200 queries.
Average Recall: 0.9879
Initial average recall with ef=100: 0.991452
Average Recall: 0.99455
Initial average recall with ef=150: 0.996667
Weighted average ef: 94.5
Reconstructed True WAE: 235.67 (Hard Pct: 0.0211)
****Weighted average ef: 235
Search time: 8637 ms
Search time: 8613 ms
Search time: 6908 ms
Average Recall: 0.977069
5th percentile recall: 0.93
1st percentile recall: 0.88
Median search time: 8613 ms
Search times: 6908 ms, 8613 ms, 8637 ms,
deep-image-96-angular experiment results:
statisc_length, time, avg_recall, 5th_percentile_recall, 1st_percentile_recall, recall_above_99, recall_above_95, recall_above_90
1025, 8613, 0.977069, 0.93, 0.88, 5050, 8318, 9770
Experiment finished


Visited list size: 32769


Loading samplings from /home/ryawszn/experiments/shiro-ef/sampling/deep-image-96-angular-samplings--k100-ef.bin
Samplings loaded from /home/ryawszn/experiments/shiro-ef/sampling/deep-image-96-angular-samplings--k100-ef.bin
Average Recall: 0.991999
Initial average recall with ef=100: 0.992217
Average Recall: 0.991999
Initial average recall with ef=150: 0.992217
Weighted average ef: 157.271
EF-estimation table computing time: 28283 ms
Training convergence-bucket 0 [58.1895, 71.1365) with 200 queries.
Average Recall: 0.95305
Initial average recall with ef=100: 0.953877
Average Recall: 0.95305
Initial average recall with ef=150: 0.953877
Weighted average ef: 1761.59
Training convergence-bucket 1 [71.1365, 76.2157) with 200 queries.
Average Recall: 0.98025
Initial average recall with ef=100: 0.980928
Average Recall: 0.98025
Initial average recall with ef=150: 0.980928
Weighted average ef: 97
Training convergence-bucket 2 [76.2157, 80.3736) with 200 queries.
Average Recall: 0.9923
Initial average recall with ef=100: 0.992435
Average Recall: 0.9923
Initial average recall with ef=150: 0.992435
Weighted average ef: 96.5
Training convergence-bucket 3 [80.3736, 83.3716) with 200 queries.
Average Recall: 0.99675
Initial average recall with ef=100: 0.997016
Average Recall: 0.99675
Initial average recall with ef=150: 0.997016
Weighted average ef: 95.5
Training convergence-bucket 4 [83.3716, 86.0369) with 200 queries.
Average Recall: 0.99895
Initial average recall with ef=100: 0.99901
Average Recall: 0.99895
Initial average recall with ef=150: 0.99901
Weighted average ef: 96
Training convergence-bucket 5 [86.0369, 87.8946) with 200 queries.
Average Recall: 0.9991
Initial average recall with ef=100: 0.999482
Average Recall: 0.9991
Initial average recall with ef=150: 0.999482
Weighted average ef: 96.5
Training convergence-bucket 6 [87.8946, 89.566) with 200 queries.
Average Recall: 0.99975
Initial average recall with ef=100: 0.999785
Average Recall: 0.99975
Initial average recall with ef=150: 0.999785
Weighted average ef: 93
Training convergence-bucket 7 [89.566, 91.098) with 200 queries.
Average Recall: 0.99985
Initial average recall with ef=100: 0.999838
Average Recall: 0.99985
Initial average recall with ef=150: 0.999838
Weighted average ef: 92.5
Training convergence-bucket 8 [91.098, 92.5384) with 200 queries.
Average Recall: 1
Initial average recall with ef=100: 1
Average Recall: 1
Initial average recall with ef=150: 1
Weighted average ef: 92
Training convergence-bucket 9 [92.5384, inf) with 200 queries.
Average Recall: 1
Initial average recall with ef=100: 1
Average Recall: 1
Initial average recall with ef=150: 1
Weighted average ef: 92.5
Reconstructed True WAE: 143.212 (Hard Pct: 0.0211)
****Weighted average ef: 143
Search time: 68479 ms
Search time: 68201 ms
Search time: 68446 ms
Average Recall: 0.996911
5th percentile recall: 0.98
1st percentile recall: 0.96
Median search time: 68446 ms
Search times: 68201 ms, 68446 ms, 68479 ms,
deep-image-96-angular experiment results:
statisc_length, time, avg_recall, 5th_percentile_recall, 1st_percentile_recall, recall_above_99, recall_above_95, recall_above_90
32769, 68446, 0.996911, 0.98, 0.96, 9302, 9906, 9993
Experiment finished
Dataset: glove-100-angular
Metric: cd
Truncation ratio: 1
Normalize the data vectors
Data vectors dimensions: 1183514 x 100
Query vectors dimensions: 10000 x 100
Neighbors dimensions: 10000 x 100
Using AVX512 Inner Product distance
Index loaded
Dimension of space:100
Data size of space:400
Samplings loaded


Visited list size: 100


Loading samplings from /home/ryawszn/experiments/shiro-ef/sampling/glove-100-angular-samplings--k100-ef.bin
Samplings loaded from /home/ryawszn/experiments/shiro-ef/sampling/glove-100-angular-samplings--k100-ef.bin
Average Recall: 0.727104
Initial average recall with ef=100: 0.727299
Average Recall: 0.770668
Initial average recall with ef=150: 0.770886
Recall diff is too small for 1 consecutive steps, break.
Recall diff is too small for 1 consecutive steps, break.
Recall diff is too small for 1 consecutive steps, break.
Weighted average ef: 1810.21
EF-estimation table computing time: 31595 ms
Training convergence-bucket 0 [0, 4.11991) with 200 queries.
Average Recall: 0.75005
Initial average recall with ef=100: 0.728397
Average Recall: 0.7894
Initial average recall with ef=150: 0.769808
Recall diff is too small for 1 consecutive steps, break.
Recall diff is too small for 1 consecutive steps, break.
Recall diff is too small for 1 consecutive steps, break.
Recall diff is too small for 1 consecutive steps, break.
Recall diff is too small for 1 consecutive steps, break.
Recall diff is too small for 1 consecutive steps, break.
Weighted average ef: 1426.77
Training convergence-bucket 1 [4.11991, 7.57264) with 200 queries.
Average Recall: 0.76325
Initial average recall with ef=100: 0.739241
Average Recall: 0.8093
Initial average recall with ef=150: 0.787215
Recall diff is too small for 1 consecutive steps, break.
Weighted average ef: 1109.95
Training convergence-bucket 2 [7.57264, 10.1467) with 200 queries.
Average Recall: 0.7135
Initial average recall with ef=100: 0.685101
Average Recall: 0.7593
Initial average recall with ef=150: 0.733691
Recall diff is too small for 1 consecutive steps, break.
Recall diff is too small for 1 consecutive steps, break.
Recall diff is too small for 1 consecutive steps, break.
Weighted average ef: 1638.35
Training convergence-bucket 3 [10.1467, 12.5995) with 200 queries.
Average Recall: 0.6937
Initial average recall with ef=100: 0.657669
Average Recall: 0.73915
Initial average recall with ef=150: 0.706074
Recall diff is too small for 1 consecutive steps, break.
Recall diff is too small for 1 consecutive steps, break.
Recall diff is too small for 1 consecutive steps, break.
Weighted average ef: 1958.63
Training convergence-bucket 4 [12.5995, 14.91) with 200 queries.
Average Recall: 0.71475
Initial average recall with ef=100: 0.691824
Average Recall: 0.75915
Initial average recall with ef=150: 0.73673
Recall diff is too small for 1 consecutive steps, break.
Recall diff is too small for 1 consecutive steps, break.
Recall diff is too small for 1 consecutive steps, break.
Weighted average ef: 1597.1
Training convergence-bucket 5 [14.91, 17.459) with 200 queries.
Average Recall: 0.69875
Initial average recall with ef=100: 0.685706
Average Recall: 0.7458
Initial average recall with ef=150: 0.734059
Recall diff is too small for 1 consecutive steps, break.
Recall diff is too small for 1 consecutive steps, break.
Weighted average ef: 1717.69
Training convergence-bucket 6 [17.459, 20.4016) with 200 queries.
Average Recall: 0.6936
Initial average recall with ef=100: 0.661677
Average Recall: 0.7397
Initial average recall with ef=150: 0.710808
Recall diff is too small for 1 consecutive steps, break.
Recall diff is too small for 1 consecutive steps, break.
Recall diff is too small for 1 consecutive steps, break.
Weighted average ef: 1980.94
Training convergence-bucket 7 [20.4016, 23.9347) with 200 queries.
Average Recall: 0.68015
Initial average recall with ef=100: 0.649936
Average Recall: 0.7276
Initial average recall with ef=150: 0.698535
Recall diff is too small for 1 consecutive steps, break.
Recall diff is too small for 1 consecutive steps, break.
Recall diff is too small for 1 consecutive steps, break.
Recall diff is too small for 1 consecutive steps, break.
Recall diff is too small for 1 consecutive steps, break.
Weighted average ef: 1923.62
Training convergence-bucket 8 [23.9347, 29.9797) with 200 queries.
Average Recall: 0.6997
Initial average recall with ef=100: 0.689412
Average Recall: 0.7435
Initial average recall with ef=150: 0.732092
Recall diff is too small for 1 consecutive steps, break.
Weighted average ef: 1878.71
Training convergence-bucket 9 [29.9797, inf) with 200 queries.
Average Recall: 0.8636
Initial average recall with ef=100: 0.888148
Average Recall: 0.8938
Initial average recall with ef=150: 0.912778
Recall diff is too small for 1 consecutive steps, break.
Weighted average ef: 645.635
Reconstructed True WAE: 1695.84 (Hard Pct: 0.0084)
****Weighted average ef: 1695
Search time: 36433 ms
Search time: 35786 ms
Search time: 35916 ms
Average Recall: 0.970074
5th percentile recall: 0.87
1st percentile recall: 0.81
Median search time: 35916 ms
Search times: 35786 ms, 35916 ms, 36433 ms,
glove-100-angular experiment results:
statisc_length, time, avg_recall, 5th_percentile_recall, 1st_percentile_recall, recall_above_99, recall_above_95, recall_above_90
100, 35916, 0.970074, 0.87, 0.81, 5909, 7528, 8943
Experiment finished


Visited list size: 250


Loading samplings from /home/ryawszn/experiments/shiro-ef/sampling/glove-100-angular-samplings--k100-ef.bin
Samplings loaded from /home/ryawszn/experiments/shiro-ef/sampling/glove-100-angular-samplings--k100-ef.bin
Average Recall: 0.727104
Initial average recall with ef=100: 0.727289
Average Recall: 0.770668
Initial average recall with ef=150: 0.770877
Recall diff is too small for 1 consecutive steps, break.
Weighted average ef: 1768.92
EF-estimation table computing time: 27419 ms
Training convergence-bucket 0 [1.09162, 14.5873) with 200 queries.
Average Recall: 0.73705
Initial average recall with ef=100: 0.72426
Average Recall: 0.7859
Initial average recall with ef=150: 0.775562
Recall diff is too small for 1 consecutive steps, break.
Recall diff is too small for 1 consecutive steps, break.
Recall diff is too small for 1 consecutive steps, break.
Weighted average ef: 1241.94
Training convergence-bucket 1 [14.5873, 18.6187) with 200 queries.
Average Recall: 0.642
Initial average recall with ef=100: 0.627804
Average Recall: 0.6905
Initial average recall with ef=150: 0.676474
Recall diff is too small for 1 consecutive steps, break.
Recall diff is too small for 1 consecutive steps, break.
Weighted average ef: 2322.22
Training convergence-bucket 2 [18.6187, 22.1383) with 200 queries.
Average Recall: 0.59995
Initial average recall with ef=100: 0.551111
Average Recall: 0.6509
Initial average recall with ef=150: 0.604259
Recall diff is too small for 1 consecutive steps, break.
Recall diff is too small for 1 consecutive steps, break.
Recall diff is too small for 1 consecutive steps, break.
Recall diff is too small for 1 consecutive steps, break.
Weighted average ef: 2677.12
Training convergence-bucket 3 [22.1383, 24.6482) with 200 queries.
Average Recall: 0.6166
Initial average recall with ef=100: 0.579881
Average Recall: 0.6682
Initial average recall with ef=150: 0.632143
Recall diff is too small for 1 consecutive steps, break.
Recall diff is too small for 1 consecutive steps, break.
Recall diff is too small for 1 consecutive steps, break.
Recall diff is too small for 1 consecutive steps, break.
Recall diff is too small for 1 consecutive steps, break.
Recall diff is too small for 1 consecutive steps, break.
Weighted average ef: 2518.76
Training convergence-bucket 4 [24.6482, 27.5918) with 200 queries.
Average Recall: 0.6357
Initial average recall with ef=100: 0.610745
Average Recall: 0.68235
Initial average recall with ef=150: 0.657391
Recall diff is too small for 1 consecutive steps, break.
Recall diff is too small for 1 consecutive steps, break.
Recall diff is too small for 1 consecutive steps, break.
Recall diff is too small for 1 consecutive steps, break.
Recall diff is too small for 1 consecutive steps, break.
Weighted average ef: 2376.9
Training convergence-bucket 5 [27.5918, 30.6229) with 200 queries.
Average Recall: 0.6763
Initial average recall with ef=100: 0.643712
Average Recall: 0.72455
Initial average recall with ef=150: 0.694431
Recall diff is too small for 1 consecutive steps, break.
Recall diff is too small for 1 consecutive steps, break.
Recall diff is too small for 1 consecutive steps, break.
Weighted average ef: 1945.46
Training convergence-bucket 6 [30.6229, 35.1253) with 200 queries.
Average Recall: 0.73225
Initial average recall with ef=100: 0.717771
Average Recall: 0.78005
Initial average recall with ef=150: 0.769096
Recall diff is too small for 1 consecutive steps, break.
Recall diff is too small for 1 consecutive steps, break.
Recall diff is too small for 1 consecutive steps, break.
Recall diff is too small for 1 consecutive steps, break.
Recall diff is too small for 1 consecutive steps, break.
Recall diff is too small for 1 consecutive steps, break.
Recall diff is too small for 1 consecutive steps, break.
Weighted average ef: 1381.57
Training convergence-bucket 7 [35.1253, 41.3646) with 200 queries.
Average Recall: 0.7851
Initial average recall with ef=100: 0.786049
Average Recall: 0.83035
Initial average recall with ef=150: 0.832099
Recall diff is too small for 1 consecutive steps, break.
Recall diff is too small for 1 consecutive steps, break.
Recall diff is too small for 1 consecutive steps, break.
Recall diff is too small for 1 consecutive steps, break.
Weighted average ef: 936.745
Training convergence-bucket 8 [41.3646, 52.2245) with 200 queries.
Average Recall: 0.8928
Initial average recall with ef=100: 0.908926
Average Recall: 0.9235
Initial average recall with ef=150: 0.938022
Weighted average ef: 303.365
Training convergence-bucket 9 [52.2245, inf) with 200 queries.
Average Recall: 0.9533
Initial average recall with ef=100: 0.957337
Average Recall: 0.9704
Initial average recall with ef=150: 0.973098
Weighted average ef: 149.76
Reconstructed True WAE: 1648.3 (Hard Pct: 0.0084)
****Weighted average ef: 1648
Search time: 37581 ms
Search time: 38271 ms
Search time: 36477 ms
Average Recall: 0.972965
5th percentile recall: 0.88
1st percentile recall: 0.83
Median search time: 37581 ms
Search times: 36477 ms, 37581 ms, 38271 ms,
glove-100-angular experiment results:
statisc_length, time, avg_recall, 5th_percentile_recall, 1st_percentile_recall, recall_above_99, recall_above_95, recall_above_90
250, 37581, 0.972965, 0.88, 0.83, 5933, 7658, 9198
Experiment finished


Visited list size: 500


Loading samplings from /home/ryawszn/experiments/shiro-ef/sampling/glove-100-angular-samplings--k100-ef.bin
Samplings loaded from /home/ryawszn/experiments/shiro-ef/sampling/glove-100-angular-samplings--k100-ef.bin
Average Recall: 0.727104
Initial average recall with ef=100: 0.727201
Average Recall: 0.770668
Initial average recall with ef=150: 0.770756
Weighted average ef: 1746.55
EF-estimation table computing time: 29647 ms
Training convergence-bucket 0 [5.53032, 22.9767) with 200 queries.
Average Recall: 0.60515
Initial average recall with ef=100: 0.58538
Average Recall: 0.654
Initial average recall with ef=150: 0.635054
Recall diff is too small for 1 consecutive steps, break.
Recall diff is too small for 1 consecutive steps, break.
Recall diff is too small for 1 consecutive steps, break.
Recall diff is too small for 1 consecutive steps, break.
Weighted average ef: 2734.35
Training convergence-bucket 1 [22.9767, 26.8239) with 200 queries.
Average Recall: 0.5259
Initial average recall with ef=100: 0.505027
Average Recall: 0.58005
Initial average recall with ef=150: 0.559399
Recall diff is too small for 1 consecutive steps, break.
Recall diff is too small for 1 consecutive steps, break.
Recall diff is too small for 1 consecutive steps, break.
Recall diff is too small for 1 consecutive steps, break.
Weighted average ef: 3407.7
Training convergence-bucket 2 [26.8239, 29.7183) with 200 queries.
Average Recall: 0.5353
Initial average recall with ef=100: 0.507956
Average Recall: 0.5893
Initial average recall with ef=150: 0.563481
Recall diff is too small for 1 consecutive steps, break.
Recall diff is too small for 1 consecutive steps, break.
Recall diff is too small for 1 consecutive steps, break.
Recall diff is too small for 1 consecutive steps, break.
Weighted average ef: 3267.61
Training convergence-bucket 3 [29.7183, 33.0949) with 200 queries.
Average Recall: 0.5723
Initial average recall with ef=100: 0.550167
Average Recall: 0.6298
Initial average recall with ef=150: 0.608389
Recall diff is too small for 1 consecutive steps, break.
Recall diff is too small for 1 consecutive steps, break.
Recall diff is too small for 1 consecutive steps, break.
Recall diff is too small for 1 consecutive steps, break.
Weighted average ef: 2795.45
Training convergence-bucket 4 [33.0949, 37.6421) with 200 queries.
Average Recall: 0.66955
Initial average recall with ef=100: 0.653787
Average Recall: 0.7247
Initial average recall with ef=150: 0.712189
Recall diff is too small for 1 consecutive steps, break.
Recall diff is too small for 1 consecutive steps, break.
Weighted average ef: 1706.31
Training convergence-bucket 5 [37.6421, 42.9446) with 200 queries.
Average Recall: 0.7597
Initial average recall with ef=100: 0.761765
Average Recall: 0.81115
Initial average recall with ef=150: 0.814882
Recall diff is too small for 1 consecutive steps, break.
Recall diff is too small for 1 consecutive steps, break.
Weighted average ef: 858.525
Training convergence-bucket 6 [42.9446, 49.0139) with 200 queries.
Average Recall: 0.82125
Initial average recall with ef=100: 0.817222
Average Recall: 0.8645
Initial average recall with ef=150: 0.863056
Recall diff is too small for 1 consecutive steps, break.
Weighted average ef: 694.685
Training convergence-bucket 7 [49.0139, 56.2224) with 200 queries.
Average Recall: 0.89325
Initial average recall with ef=100: 0.896322
Average Recall: 0.9266
Initial average recall with ef=150: 0.930345
Recall diff is too small for 1 consecutive steps, break.
Weighted average ef: 260.785
Training convergence-bucket 8 [56.2224, 64.8748) with 200 queries.
Average Recall: 0.9265
Initial average recall with ef=100: 0.929611
Average Recall: 0.9512
Initial average recall with ef=150: 0.953278
Recall diff is too small for 1 consecutive steps, break.
Recall diff is too small for 1 consecutive steps, break.
Weighted average ef: 214.52
Training convergence-bucket 9 [64.8748, inf) with 200 queries.
Average Recall: 0.962151
Initial average recall with ef=100: 0.967569
Average Recall: 0.9754
Initial average recall with ef=150: 0.979945
Weighted average ef: 122.105
Reconstructed True WAE: 1486.45 (Hard Pct: 0.0084)
****Weighted average ef: 1486
Search time: 36723 ms
Search time: 35631 ms
Search time: 36699 ms
Average Recall: 0.975425
5th percentile recall: 0.9
1st percentile recall: 0.84
Median search time: 36699 ms
Search times: 35631 ms, 36699 ms, 36723 ms,
glove-100-angular experiment results:
statisc_length, time, avg_recall, 5th_percentile_recall, 1st_percentile_recall, recall_above_99, recall_above_95, recall_above_90
500, 36699, 0.975425, 0.9, 0.84, 5962, 7902, 9361
Experiment finished


Visited list size: 750


Loading samplings from /home/ryawszn/experiments/shiro-ef/sampling/glove-100-angular-samplings--k100-ef.bin
Samplings loaded from /home/ryawszn/experiments/shiro-ef/sampling/glove-100-angular-samplings--k100-ef.bin
Average Recall: 0.727104
Initial average recall with ef=100: 0.72758
Average Recall: 0.770668
Initial average recall with ef=150: 0.771182
Recall diff is too small for 1 consecutive steps, break.
Recall diff is too small for 1 consecutive steps, break.
Weighted average ef: 1675.5
EF-estimation table computing time: 24602 ms
Training convergence-bucket 0 [10.1996, 26.8298) with 200 queries.
Average Recall: 0.49555
Initial average recall with ef=100: 0.474171
Average Recall: 0.54155
Initial average recall with ef=150: 0.520481
Recall diff is too small for 1 consecutive steps, break.
Recall diff is too small for 1 consecutive steps, break.
Recall diff is too small for 1 consecutive steps, break.
Weighted average ef: 3629.83
Training convergence-bucket 1 [26.8298, 30.3432) with 200 queries.
Average Recall: 0.49945
Initial average recall with ef=100: 0.473389
Average Recall: 0.55315
Initial average recall with ef=150: 0.526389
Recall diff is too small for 1 consecutive steps, break.
Recall diff is too small for 1 consecutive steps, break.
Weighted average ef: 3470.21
Training convergence-bucket 2 [30.3432, 34.4972) with 200 queries.
Average Recall: 0.53525
Initial average recall with ef=100: 0.507826
Average Recall: 0.59885
Initial average recall with ef=150: 0.573641
Recall diff is too small for 1 consecutive steps, break.
Recall diff is too small for 1 consecutive steps, break.
Recall diff is too small for 1 consecutive steps, break.
Recall diff is too small for 1 consecutive steps, break.
Recall diff is too small for 1 consecutive steps, break.
Recall diff is too small for 1 consecutive steps, break.
Recall diff is too small for 1 consecutive steps, break.
Weighted average ef: 3104.42
Training convergence-bucket 3 [34.4972, 38.7424) with 200 queries.
Average Recall: 0.61295
Initial average recall with ef=100: 0.604716
Average Recall: 0.66685
Initial average recall with ef=150: 0.661136
Recall diff is too small for 1 consecutive steps, break.
Recall diff is too small for 1 consecutive steps, break.
Recall diff is too small for 1 consecutive steps, break.
Recall diff is too small for 1 consecutive steps, break.
Weighted average ef: 2151.86
Training convergence-bucket 4 [38.7424, 43.6682) with 200 queries.
Average Recall: 0.6965
Initial average recall with ef=100: 0.690632
Average Recall: 0.7576
Initial average recall with ef=150: 0.752414
Weighted average ef: 1371.22
Training convergence-bucket 5 [43.6682, 50.2468) with 200 queries.
Average Recall: 0.76885
Initial average recall with ef=100: 0.773901
Average Recall: 0.8216
Initial average recall with ef=150: 0.827527
Weighted average ef: 764.545
Training convergence-bucket 6 [50.2468, 56.1964) with 200 queries.
Average Recall: 0.8572
Initial average recall with ef=100: 0.855722
Average Recall: 0.89665
Initial average recall with ef=150: 0.895889
Weighted average ef: 439.16
Training convergence-bucket 7 [56.1964, 62.555) with 200 queries.
Average Recall: 0.90315
Initial average recall with ef=100: 0.902722
Average Recall: 0.9338
Initial average recall with ef=150: 0.933333
Recall diff is too small for 1 consecutive steps, break.
Weighted average ef: 297.835
Training convergence-bucket 8 [62.555, 70.1904) with 200 queries.
Average Recall: 0.93205
Initial average recall with ef=100: 0.927389
Average Recall: 0.95545
Initial average recall with ef=150: 0.951944
Recall diff is too small for 1 consecutive steps, break.
Weighted average ef: 220.62
Training convergence-bucket 9 [70.1904, inf) with 200 queries.
Average Recall: 0.9701
Initial average recall with ef=100: 0.974362
Average Recall: 0.9812
Initial average recall with ef=150: 0.984787
Weighted average ef: 111.835
Reconstructed True WAE: 1415.62 (Hard Pct: 0.0084)
****Weighted average ef: 1415
Search time: 35708 ms
Search time: 36843 ms
Search time: 36934 ms
Average Recall: 0.976458
5th percentile recall: 0.9
1st percentile recall: 0.85
Median search time: 36843 ms
Search times: 35708 ms, 36843 ms, 36934 ms,
glove-100-angular experiment results:
statisc_length, time, avg_recall, 5th_percentile_recall, 1st_percentile_recall, recall_above_99, recall_above_95, recall_above_90
750, 36843, 0.976458, 0.9, 0.85, 5942, 7964, 9449
Experiment finished


Visited list size: 1000


Loading samplings from /home/ryawszn/experiments/shiro-ef/sampling/glove-100-angular-samplings--k100-ef.bin
Samplings loaded from /home/ryawszn/experiments/shiro-ef/sampling/glove-100-angular-samplings--k100-ef.bin
Average Recall: 0.727104
Initial average recall with ef=100: 0.727507
Average Recall: 0.770668
Initial average recall with ef=150: 0.771101
Recall diff is too small for 1 consecutive steps, break.
Weighted average ef: 1704.76
EF-estimation table computing time: 26660 ms
Training convergence-bucket 0 [15.6068, 28.6756) with 200 queries.
Average Recall: 0.4536
Initial average recall with ef=100: 0.430213
Average Recall: 0.49785
Initial average recall with ef=150: 0.47484
Recall diff is too small for 1 consecutive steps, break.
Weighted average ef: 4226.24
Training convergence-bucket 1 [28.6756, 33.1148) with 200 queries.
Average Recall: 0.46465
Initial average recall with ef=100: 0.447872
Average Recall: 0.52425
Initial average recall with ef=150: 0.508511
Recall diff is too small for 1 consecutive steps, break.
Recall diff is too small for 1 consecutive steps, break.
Recall diff is too small for 1 consecutive steps, break.
Weighted average ef: 3836.69
Training convergence-bucket 2 [33.1148, 37.7604) with 200 queries.
Average Recall: 0.5319
Initial average recall with ef=100: 0.524531
Average Recall: 0.59475
Initial average recall with ef=150: 0.58776
Recall diff is too small for 1 consecutive steps, break.
Recall diff is too small for 1 consecutive steps, break.
Recall diff is too small for 1 consecutive steps, break.
Recall diff is too small for 1 consecutive steps, break.
Weighted average ef: 3111.61
Training convergence-bucket 3 [37.7604, 42.9144) with 200 queries.
Average Recall: 0.62925
Initial average recall with ef=100: 0.618663
Average Recall: 0.6891
Initial average recall with ef=150: 0.678877
Recall diff is too small for 1 consecutive steps, break.
Recall diff is too small for 1 consecutive steps, break.
Weighted average ef: 2075.86
Training convergence-bucket 4 [42.9144, 48.4592) with 200 queries.
Average Recall: 0.70865
Initial average recall with ef=100: 0.701648
Average Recall: 0.7685
Initial average recall with ef=150: 0.762102
Weighted average ef: 1168.52
Training convergence-bucket 5 [48.4592, 54.6991) with 200 queries.
Average Recall: 0.8049
Initial average recall with ef=100: 0.800289
Average Recall: 0.85225
Initial average recall with ef=150: 0.848902
Weighted average ef: 663.28
Training convergence-bucket 6 [54.6991, 60.7324) with 200 queries.
Average Recall: 0.85815
Initial average recall with ef=100: 0.857611
Average Recall: 0.8974
Initial average recall with ef=150: 0.897
Weighted average ef: 432.77
Training convergence-bucket 7 [60.7324, 66.727) with 200 queries.
Average Recall: 0.90695
Initial average recall with ef=100: 0.901802
Average Recall: 0.93905
Initial average recall with ef=150: 0.935174
Weighted average ef: 234.985
Training convergence-bucket 8 [66.727, 73.5184) with 200 queries.
Average Recall: 0.93505
Initial average recall with ef=100: 0.936949
Average Recall: 0.9557
Initial average recall with ef=150: 0.957288
Weighted average ef: 201.15
Training convergence-bucket 9 [73.5184, inf) with 200 queries.
Average Recall: 0.977951
Initial average recall with ef=100: 0.980939
Average Recall: 0.98785
Initial average recall with ef=150: 0.989945
Weighted average ef: 96.75
Reconstructed True WAE: 1430.52 (Hard Pct: 0.0084)
****Weighted average ef: 1430
Search time: 37954 ms
Search time: 37920 ms
Search time: 37935 ms
Average Recall: 0.978105
5th percentile recall: 0.91
1st percentile recall: 0.86
Median search time: 37935 ms
Search times: 37920 ms, 37935 ms, 37954 ms,
glove-100-angular experiment results:
statisc_length, time, avg_recall, 5th_percentile_recall, 1st_percentile_recall, recall_above_99, recall_above_95, recall_above_90
1000, 37935, 0.978105, 0.91, 0.86, 5952, 8139, 9608
Experiment finished


Visited list size: 2000


Loading samplings from /home/ryawszn/experiments/shiro-ef/sampling/glove-100-angular-samplings--k100-ef.bin
Samplings loaded from /home/ryawszn/experiments/shiro-ef/sampling/glove-100-angular-samplings--k100-ef.bin
Average Recall: 0.727104
Initial average recall with ef=100: 0.726864
Average Recall: 0.770668
Initial average recall with ef=150: 0.770578
Weighted average ef: 1617.26
EF-estimation table computing time: 24241 ms
Training convergence-bucket 0 [24.9985, 35.7133) with 200 queries.
Average Recall: 0.39145
Initial average recall with ef=100: 0.383333
Average Recall: 0.4427
Initial average recall with ef=150: 0.435208
Recall diff is too small for 1 consecutive steps, break.
Weighted average ef: 4439.56
Training convergence-bucket 1 [35.7133, 40.3512) with 200 queries.
Average Recall: 0.44555
Initial average recall with ef=100: 0.439898
Average Recall: 0.5059
Initial average recall with ef=150: 0.500152
Recall diff is too small for 1 consecutive steps, break.
Recall diff is too small for 1 consecutive steps, break.
Weighted average ef: 3977.69
Training convergence-bucket 2 [40.3512, 45.8984) with 200 queries.
Average Recall: 0.5285
Initial average recall with ef=100: 0.528446
Average Recall: 0.58755
Initial average recall with ef=150: 0.588083
Recall diff is too small for 1 consecutive steps, break.
Weighted average ef: 2829.42
Training convergence-bucket 3 [45.8984, 51.615) with 200 queries.
Average Recall: 0.64465
Initial average recall with ef=100: 0.645638
Average Recall: 0.7082
Initial average recall with ef=150: 0.709575
Recall diff is too small for 1 consecutive steps, break.
Weighted average ef: 1685.68
Training convergence-bucket 4 [51.615, 57.6594) with 200 queries.
Average Recall: 0.7348
Initial average recall with ef=100: 0.734945
Average Recall: 0.79685
Initial average recall with ef=150: 0.797473
Recall diff is too small for 1 consecutive steps, break.
Recall diff is too small for 1 consecutive steps, break.
Weighted average ef: 976.795
Training convergence-bucket 5 [57.6594, 63.6455) with 200 queries.
Average Recall: 0.80775
Initial average recall with ef=100: 0.803315
Average Recall: 0.85525
Initial average recall with ef=150: 0.851359
Recall diff is too small for 1 consecutive steps, break.
Weighted average ef: 764.17
Training convergence-bucket 6 [63.6455, 69.0988) with 200 queries.
Average Recall: 0.864
Initial average recall with ef=100: 0.857542
Average Recall: 0.90255
Initial average recall with ef=150: 0.896983
Weighted average ef: 408.29
Training convergence-bucket 7 [69.0988, 74.0908) with 200 queries.
Average Recall: 0.91705
Initial average recall with ef=100: 0.913254
Average Recall: 0.9444
Initial average recall with ef=150: 0.941302
Recall diff is too small for 1 consecutive steps, break.
Weighted average ef: 239.72
Training convergence-bucket 8 [74.0908, 80.2644) with 200 queries.
Average Recall: 0.954301
Initial average recall with ef=100: 0.956839
Average Recall: 0.9728
Initial average recall with ef=150: 0.975747
Weighted average ef: 106.71
Training convergence-bucket 9 [80.2644, inf) with 200 queries.
Average Recall: 0.983001
Initial average recall with ef=100: 0.985771
Average Recall: 0.9905
Initial average recall with ef=150: 0.992686
Weighted average ef: 90.5
Reconstructed True WAE: 1390.72 (Hard Pct: 0.0084)
****Weighted average ef: 1390
Search time: 37190 ms
Search time: 36949 ms
Search time: 37441 ms
Average Recall: 0.977524
5th percentile recall: 0.92
1st percentile recall: 0.88
Median search time: 37190 ms
Search times: 36949 ms, 37190 ms, 37441 ms,
glove-100-angular experiment results:
statisc_length, time, avg_recall, 5th_percentile_recall, 1st_percentile_recall, recall_above_99, recall_above_95, recall_above_90
2000, 37190, 0.977524, 0.92, 0.88, 5658, 8013, 9687
Experiment finished


Visited list size: 33


Loading samplings from /home/ryawszn/experiments/shiro-ef/sampling/glove-100-angular-samplings--k100-ef.bin
Samplings loaded from /home/ryawszn/experiments/shiro-ef/sampling/glove-100-angular-samplings--k100-ef.bin
Average Recall: 0.727104
Initial average recall with ef=100: 0.727189
Average Recall: 0.770668
Initial average recall with ef=150: 0.770761
Recall diff is too small for 1 consecutive steps, break.
Weighted average ef: 1829.47
EF-estimation table computing time: 26722 ms
Training convergence-bucket 0 [0, 0) with 200 queries.
Average Recall: 0.75225
Initial average recall with ef=100: 0.741576
Average Recall: 0.79535
Initial average recall with ef=150: 0.784727
Recall diff is too small for 1 consecutive steps, break.
Recall diff is too small for 1 consecutive steps, break.
Recall diff is too small for 1 consecutive steps, break.
Recall diff is too small for 1 consecutive steps, break.
Recall diff is too small for 1 consecutive steps, break.
Recall diff is too small for 1 consecutive steps, break.
Weighted average ef: 1358.16
Training convergence-bucket 1 [0, 0) with 200 queries.
Average Recall: 0.75765
Initial average recall with ef=100: 0.734491
Average Recall: 0.8048
Initial average recall with ef=150: 0.783413
Recall diff is too small for 1 consecutive steps, break.
Recall diff is too small for 1 consecutive steps, break.
Weighted average ef: 1486.81
Training convergence-bucket 2 [0, 0) with 200 queries.
Average Recall: 0.74655
Initial average recall with ef=100: 0.742387
Average Recall: 0.79345
Initial average recall with ef=150: 0.788839
Recall diff is too small for 1 consecutive steps, break.
Recall diff is too small for 1 consecutive steps, break.
Recall diff is too small for 1 consecutive steps, break.
Weighted average ef: 1132.72
Training convergence-bucket 3 [0, 0) with 200 queries.
Average Recall: 0.7529
Initial average recall with ef=100: 0.72465
Average Recall: 0.79635
Initial average recall with ef=150: 0.769745
Recall diff is too small for 1 consecutive steps, break.
Recall diff is too small for 1 consecutive steps, break.
Recall diff is too small for 1 consecutive steps, break.
Weighted average ef: 1251.87
Training convergence-bucket 4 [0, 0) with 200 queries.
Average Recall: 0.77145
Initial average recall with ef=100: 0.743397
Average Recall: 0.81355
Initial average recall with ef=150: 0.788077
Recall diff is too small for 1 consecutive steps, break.
Recall diff is too small for 1 consecutive steps, break.
Weighted average ef: 1222.1
Training convergence-bucket 5 [0, 0) with 200 queries.
Average Recall: 0.6809
Initial average recall with ef=100: 0.649198
Average Recall: 0.7249
Initial average recall with ef=150: 0.695926
Recall diff is too small for 1 consecutive steps, break.
Recall diff is too small for 1 consecutive steps, break.
Recall diff is too small for 1 consecutive steps, break.
Recall diff is too small for 1 consecutive steps, break.
Weighted average ef: 1959.3
Training convergence-bucket 6 [0, 0) with 200 queries.
Average Recall: 0.55915
Initial average recall with ef=100: 0.525706
Average Recall: 0.60275
Initial average recall with ef=150: 0.569
Recall diff is too small for 1 consecutive steps, break.
Weighted average ef: 3261.48
Training convergence-bucket 7 [0, 0) with 200 queries.
Average Recall: 0.756
Initial average recall with ef=100: 0.73631
Average Recall: 0.79855
Initial average recall with ef=150: 0.781131
Recall diff is too small for 1 consecutive steps, break.
Weighted average ef: 1394.23
Training convergence-bucket 8 [0, 0.794387) with 200 queries.
Average Recall: 0.7612
Initial average recall with ef=100: 0.73474
Average Recall: 0.80235
Initial average recall with ef=150: 0.777987
Recall diff is too small for 1 consecutive steps, break.
Recall diff is too small for 1 consecutive steps, break.
Recall diff is too small for 1 consecutive steps, break.
Weighted average ef: 1249.53
Training convergence-bucket 9 [0.794387, inf) with 200 queries.
Average Recall: 0.733
Initial average recall with ef=100: 0.70673
Average Recall: 0.77465
Initial average recall with ef=150: 0.750189
Recall diff is too small for 1 consecutive steps, break.
Weighted average ef: 1873.61
Reconstructed True WAE: 1586.76 (Hard Pct: 0.0084)
****Weighted average ef: 1586
Search time: 29073 ms
Search time: 29013 ms
Search time: 29132 ms
Average Recall: 0.959962
5th percentile recall: 0.82
1st percentile recall: 0.74
Median search time: 29073 ms
Search times: 29013 ms, 29073 ms, 29132 ms,
glove-100-angular experiment results:
statisc_length, time, avg_recall, 5th_percentile_recall, 1st_percentile_recall, recall_above_99, recall_above_95, recall_above_90
33, 29073, 0.959962, 0.82, 0.74, 5642, 7101, 8388
Experiment finished


Visited list size: 1025


Loading samplings from /home/ryawszn/experiments/shiro-ef/sampling/glove-100-angular-samplings--k100-ef.bin
Samplings loaded from /home/ryawszn/experiments/shiro-ef/sampling/glove-100-angular-samplings--k100-ef.bin
Average Recall: 0.727104
Initial average recall with ef=100: 0.727344
Average Recall: 0.770668
Initial average recall with ef=150: 0.77093
Recall diff is too small for 1 consecutive steps, break.
Weighted average ef: 1690.15
EF-estimation table computing time: 26446 ms
Training convergence-bucket 0 [15.646, 28.8399) with 200 queries.
Average Recall: 0.4484
Initial average recall with ef=100: 0.421505
Average Recall: 0.4953
Initial average recall with ef=150: 0.468656
Recall diff is too small for 1 consecutive steps, break.
Recall diff is too small for 1 consecutive steps, break.
Weighted average ef: 4183.29
Training convergence-bucket 1 [28.8399, 33.5797) with 200 queries.
Average Recall: 0.4596
Initial average recall with ef=100: 0.436284
Average Recall: 0.52135
Initial average recall with ef=150: 0.499235
Recall diff is too small for 1 consecutive steps, break.
Recall diff is too small for 1 consecutive steps, break.
Recall diff is too small for 1 consecutive steps, break.
Recall diff is too small for 1 consecutive steps, break.
Weighted average ef: 3811.72
Training convergence-bucket 2 [33.5797, 37.9536) with 200 queries.
Average Recall: 0.54245
Initial average recall with ef=100: 0.527766
Average Recall: 0.601
Initial average recall with ef=150: 0.586543
Recall diff is too small for 1 consecutive steps, break.
Recall diff is too small for 1 consecutive steps, break.
Recall diff is too small for 1 consecutive steps, break.
Recall diff is too small for 1 consecutive steps, break.
Weighted average ef: 3117.74
Training convergence-bucket 3 [37.9536, 43.4423) with 200 queries.
Average Recall: 0.6254
Initial average recall with ef=100: 0.619615
Average Recall: 0.68635
Initial average recall with ef=150: 0.681648
Recall diff is too small for 1 consecutive steps, break.
Recall diff is too small for 1 consecutive steps, break.
Recall diff is too small for 1 consecutive steps, break.
Weighted average ef: 1964.08
Training convergence-bucket 4 [43.4423, 48.7902) with 200 queries.
Average Recall: 0.71175
Initial average recall with ef=100: 0.706534
Average Recall: 0.7707
Initial average recall with ef=150: 0.76642
Recall diff is too small for 1 consecutive steps, break.
Recall diff is too small for 1 consecutive steps, break.
Weighted average ef: 1120.42
Training convergence-bucket 5 [48.7902, 54.9303) with 200 queries.
Average Recall: 0.80335
Initial average recall with ef=100: 0.793678
Average Recall: 0.85005
Initial average recall with ef=150: 0.842816
Weighted average ef: 757.76
Training convergence-bucket 6 [54.9303, 61.0251) with 200 queries.
Average Recall: 0.86035
Initial average recall with ef=100: 0.862881
Average Recall: 0.89995
Initial average recall with ef=150: 0.902655
Weighted average ef: 364.455
Training convergence-bucket 7 [61.0251, 66.9623) with 200 queries.
Average Recall: 0.9061
Initial average recall with ef=100: 0.901503
Average Recall: 0.9378
Initial average recall with ef=150: 0.934277
Recall diff is too small for 1 consecutive steps, break.
Weighted average ef: 251.875
Training convergence-bucket 8 [66.9623, 74.01) with 200 queries.
Average Recall: 0.9353
Initial average recall with ef=100: 0.936782
Average Recall: 0.9561
Initial average recall with ef=150: 0.958218
Recall diff is too small for 1 consecutive steps, break.
Weighted average ef: 192.38
Training convergence-bucket 9 [74.01, inf) with 200 queries.
Average Recall: 0.978351
Initial average recall with ef=100: 0.980272
Average Recall: 0.9881
Initial average recall with ef=150: 0.989511
Weighted average ef: 97.5
Reconstructed True WAE: 1420.25 (Hard Pct: 0.0084)
****Weighted average ef: 1420
Search time: 37571 ms
Search time: 37478 ms
Search time: 37469 ms
Average Recall: 0.978017
5th percentile recall: 0.91
1st percentile recall: 0.87
Median search time: 37478 ms
Search times: 37469 ms, 37478 ms, 37571 ms,
glove-100-angular experiment results:
statisc_length, time, avg_recall, 5th_percentile_recall, 1st_percentile_recall, recall_above_99, recall_above_95, recall_above_90
1025, 37478, 0.978017, 0.91, 0.87, 5901, 8113, 9631
Experiment finished


Visited list size: 32769


Loading samplings from /home/ryawszn/experiments/shiro-ef/sampling/glove-100-angular-samplings--k100-ef.bin
Samplings loaded from /home/ryawszn/experiments/shiro-ef/sampling/glove-100-angular-samplings--k100-ef.bin
Average Recall: 0.929632
Initial average recall with ef=100: 0.929603
Average Recall: 0.929632
Initial average recall with ef=150: 0.929603
Weighted average ef: 1917.25
EF-estimation table computing time: 32020 ms
Training convergence-bucket 0 [45.9354, 57.16) with 200 queries.
Average Recall: 0.7265
Initial average recall with ef=100: 0.72803
Average Recall: 0.7265
Initial average recall with ef=150: 0.72803
Weighted average ef: 4950
Training convergence-bucket 1 [57.16, 63.713) with 200 queries.
Average Recall: 0.81535
Initial average recall with ef=100: 0.813196
Average Recall: 0.81535
Initial average recall with ef=150: 0.813196
Weighted average ef: 4850
Training convergence-bucket 2 [63.713, 70.2032) with 200 queries.
Average Recall: 0.88275
Initial average recall with ef=100: 0.882362
Average Recall: 0.88275
Initial average recall with ef=150: 0.882362
Weighted average ef: 4929.49
Training convergence-bucket 3 [70.2032, 74.9448) with 200 queries.
Average Recall: 0.92935
Initial average recall with ef=100: 0.929538
Average Recall: 0.92935
Initial average recall with ef=150: 0.929538
Weighted average ef: 3653.15
Training convergence-bucket 4 [74.9448, 79.967) with 200 queries.
Average Recall: 0.96455
Initial average recall with ef=100: 0.96402
Average Recall: 0.96455
Initial average recall with ef=150: 0.96402
Weighted average ef: 471.48
Training convergence-bucket 5 [79.967, 83.4041) with 200 queries.
Average Recall: 0.9872
Initial average recall with ef=100: 0.987113
Average Recall: 0.9872
Initial average recall with ef=150: 0.987113
Weighted average ef: 97
Training convergence-bucket 6 [83.4041, 86.3082) with 200 queries.
Average Recall: 0.9938
Initial average recall with ef=100: 0.993692
Average Recall: 0.9938
Initial average recall with ef=150: 0.993692
Weighted average ef: 97.5
Training convergence-bucket 7 [86.3082, 89.0787) with 200 queries.
Average Recall: 0.9978
Initial average recall with ef=100: 0.997708
Average Recall: 0.9978
Initial average recall with ef=150: 0.997708
Weighted average ef: 96
Training convergence-bucket 8 [89.0787, 91.4462) with 200 queries.
Average Recall: 0.99925
Initial average recall with ef=100: 0.999202
Average Recall: 0.99925
Initial average recall with ef=150: 0.999202
Weighted average ef: 94
Training convergence-bucket 9 [91.4462, inf) with 200 queries.
Average Recall: 0.9998
Initial average recall with ef=100: 0.99978
Average Recall: 0.9998
Initial average recall with ef=150: 0.99978
Weighted average ef: 91
Reconstructed True WAE: 1749.02 (Hard Pct: 0.0084)
****Weighted average ef: 1749
Search time: 86997 ms
Search time: 84396 ms
Search time: 84641 ms
Average Recall: 0.982351
5th percentile recall: 0.93
1st percentile recall: 0.89
Median search time: 84641 ms
Search times: 84396 ms, 84641 ms, 86997 ms,
glove-100-angular experiment results:
statisc_length, time, avg_recall, 5th_percentile_recall, 1st_percentile_recall, recall_above_99, recall_above_95, recall_above_90
32769, 84641, 0.982351, 0.93, 0.89, 6307, 8652, 9805
Experiment finished
Dataset: word2vec-300-angular
Metric: cd
Truncation ratio: 1
Normalize the data vectors
Data vectors dimensions: 1000000 x 300
Query vectors dimensions: 1000 x 300
Neighbors dimensions: 1000 x 100
Using AVX512 Inner Product distance
Index loaded
Dimension of space:300
Data size of space:1200
Samplings loaded


Visited list size: 100


Loading samplings from /home/ryawszn/experiments/shiro-ef/sampling/word2vec-300-angular-samplings--k100-ef.bin
Samplings loaded from /home/ryawszn/experiments/shiro-ef/sampling/word2vec-300-angular-samplings--k100-ef.bin
Average Recall: 0.814942
Initial average recall with ef=100: 0.815928
Average Recall: 0.863051
Initial average recall with ef=150: 0.864002
Weighted average ef: 458.849
EF-estimation table computing time: 10247 ms
Training convergence-bucket 0 [0, 4.31791) with 200 queries.
Average Recall: 0.82395
Initial average recall with ef=100: 0.819809
Average Recall: 0.87425
Initial average recall with ef=150: 0.871083
Recall diff is too small for 1 consecutive steps, break.
Recall diff is too small for 1 consecutive steps, break.
Recall diff is too small for 1 consecutive steps, break.
Weighted average ef: 323.685
Training convergence-bucket 1 [4.31791, 8.02306) with 200 queries.
Average Recall: 0.81275
Initial average recall with ef=100: 0.807351
Average Recall: 0.86475
Initial average recall with ef=150: 0.861126
Recall diff is too small for 1 consecutive steps, break.
Recall diff is too small for 1 consecutive steps, break.
Weighted average ef: 339.705
Training convergence-bucket 2 [8.02306, 10.794) with 200 queries.
Average Recall: 0.79835
Initial average recall with ef=100: 0.794589
Average Recall: 0.84715
Initial average recall with ef=150: 0.846644
Recall diff is too small for 1 consecutive steps, break.
Weighted average ef: 369.565
Training convergence-bucket 3 [10.794, 13.4577) with 200 queries.
Average Recall: 0.81765
Initial average recall with ef=100: 0.809872
Average Recall: 0.863651
Initial average recall with ef=150: 0.860321
Weighted average ef: 371.55
Training convergence-bucket 4 [13.4577, 15.7927) with 200 queries.
Average Recall: 0.7771
Initial average recall with ef=100: 0.762839
Average Recall: 0.83435
Initial average recall with ef=150: 0.823704
Recall diff is too small for 1 consecutive steps, break.
Recall diff is too small for 1 consecutive steps, break.
Recall diff is too small for 1 consecutive steps, break.
Weighted average ef: 495.41
Training convergence-bucket 5 [15.7927, 19.2431) with 200 queries.
Average Recall: 0.8055
Initial average recall with ef=100: 0.77363
Average Recall: 0.8532
Initial average recall with ef=150: 0.828836
Weighted average ef: 406.69
Training convergence-bucket 6 [19.2431, 22.4194) with 200 queries.
Average Recall: 0.78575
Initial average recall with ef=100: 0.782129
Average Recall: 0.8406
Initial average recall with ef=150: 0.839548
Recall diff is too small for 1 consecutive steps, break.
Recall diff is too small for 1 consecutive steps, break.
Weighted average ef: 423.755
Training convergence-bucket 7 [22.4194, 27.1343) with 200 queries.
Average Recall: 0.8026
Initial average recall with ef=100: 0.782517
Average Recall: 0.85155
Initial average recall with ef=150: 0.83551
Recall diff is too small for 1 consecutive steps, break.
Recall diff is too small for 1 consecutive steps, break.
Weighted average ef: 425.3
Training convergence-bucket 8 [27.1343, 32.7801) with 200 queries.
Average Recall: 0.8369
Initial average recall with ef=100: 0.815685
Average Recall: 0.8788
Initial average recall with ef=150: 0.860343
Recall diff is too small for 1 consecutive steps, break.
Recall diff is too small for 1 consecutive steps, break.
Weighted average ef: 334.75
Training convergence-bucket 9 [32.7801, inf) with 200 queries.
Average Recall: 0.8889
Initial average recall with ef=100: 0.918958
Average Recall: 0.92225
Initial average recall with ef=150: 0.945486
Recall diff is too small for 1 consecutive steps, break.
Weighted average ef: 171.455
Reconstructed True WAE: 355.354 (Hard Pct: 0.02505)
****Weighted average ef: 355
Search time: 1284 ms
Search time: 1287 ms
Search time: 1278 ms
Average Recall: 0.97434
5th percentile recall: 0.88
1st percentile recall: 0.78
Median search time: 1284 ms
Search times: 1278 ms, 1284 ms, 1287 ms,
word2vec-300-angular experiment results:
statisc_length, time, avg_recall, 5th_percentile_recall, 1st_percentile_recall, recall_above_99, recall_above_95, recall_above_90
100, 1284, 0.97434, 0.88, 0.78, 639, 810, 919
Experiment finished


Visited list size: 250


Loading samplings from /home/ryawszn/experiments/shiro-ef/sampling/word2vec-300-angular-samplings--k100-ef.bin
Samplings loaded from /home/ryawszn/experiments/shiro-ef/sampling/word2vec-300-angular-samplings--k100-ef.bin
Average Recall: 0.814942
Initial average recall with ef=100: 0.816323
Average Recall: 0.863051
Initial average recall with ef=150: 0.86445
Weighted average ef: 460.885
EF-estimation table computing time: 10650 ms
Training convergence-bucket 0 [3.22832, 18.3922) with 200 queries.
Average Recall: 0.74365
Initial average recall with ef=100: 0.733415
Average Recall: 0.8093
Initial average recall with ef=150: 0.803354
Recall diff is too small for 1 consecutive steps, break.
Weighted average ef: 547.715
Training convergence-bucket 1 [18.3922, 22.6706) with 200 queries.
Average Recall: 0.69075
Initial average recall with ef=100: 0.675325
Average Recall: 0.764
Initial average recall with ef=150: 0.75432
Weighted average ef: 642.07
Training convergence-bucket 2 [22.6706, 26.3321) with 200 queries.
Average Recall: 0.7021
Initial average recall with ef=100: 0.674099
Average Recall: 0.76725
Initial average recall with ef=150: 0.745155
Recall diff is too small for 1 consecutive steps, break.
Recall diff is too small for 1 consecutive steps, break.
Recall diff is too small for 1 consecutive steps, break.
Weighted average ef: 643.37
Training convergence-bucket 3 [26.3321, 29.5375) with 200 queries.
Average Recall: 0.73685
Initial average recall with ef=100: 0.715063
Average Recall: 0.80025
Initial average recall with ef=150: 0.785317
Recall diff is too small for 1 consecutive steps, break.
Recall diff is too small for 1 consecutive steps, break.
Weighted average ef: 554.2
Training convergence-bucket 4 [29.5375, 32.8231) with 200 queries.
Average Recall: 0.78285
Initial average recall with ef=100: 0.780377
Average Recall: 0.8341
Initial average recall with ef=150: 0.833082
Recall diff is too small for 1 consecutive steps, break.
Recall diff is too small for 1 consecutive steps, break.
Weighted average ef: 449.035
Training convergence-bucket 5 [32.8231, 36.6271) with 200 queries.
Average Recall: 0.8193
Initial average recall with ef=100: 0.831006
Average Recall: 0.86895
Initial average recall with ef=150: 0.879623
Recall diff is too small for 1 consecutive steps, break.
Weighted average ef: 326.17
Training convergence-bucket 6 [36.6271, 40.8811) with 200 queries.
Average Recall: 0.8878
Initial average recall with ef=100: 0.898072
Average Recall: 0.92225
Initial average recall with ef=150: 0.928494
Weighted average ef: 193.61
Training convergence-bucket 7 [40.8811, 45.9753) with 200 queries.
Average Recall: 0.89925
Initial average recall with ef=100: 0.910539
Average Recall: 0.93405
Initial average recall with ef=150: 0.944431
Weighted average ef: 184.16
Training convergence-bucket 8 [45.9753, 51.3226) with 200 queries.
Average Recall: 0.9372
Initial average recall with ef=100: 0.940536
Average Recall: 0.961051
Initial average recall with ef=150: 0.965
Weighted average ef: 126.95
Training convergence-bucket 9 [51.3226, inf) with 200 queries.
Average Recall: 0.9497
Initial average recall with ef=100: 0.954598
Average Recall: 0.96935
Initial average recall with ef=150: 0.973391
Weighted average ef: 115.14
Reconstructed True WAE: 322.788 (Hard Pct: 0.02505)
****Weighted average ef: 322
Search time: 1355 ms
Search time: 1364 ms
Search time: 1350 ms
Average Recall: 0.97648
5th percentile recall: 0.89
1st percentile recall: 0.79
Median search time: 1355 ms
Search times: 1350 ms, 1355 ms, 1364 ms,
word2vec-300-angular experiment results:
statisc_length, time, avg_recall, 5th_percentile_recall, 1st_percentile_recall, recall_above_99, recall_above_95, recall_above_90
250, 1355, 0.97648, 0.89, 0.79, 658, 834, 929
Experiment finished


Visited list size: 500


Loading samplings from /home/ryawszn/experiments/shiro-ef/sampling/word2vec-300-angular-samplings--k100-ef.bin
Samplings loaded from /home/ryawszn/experiments/shiro-ef/sampling/word2vec-300-angular-samplings--k100-ef.bin
Average Recall: 0.814942
Initial average recall with ef=100: 0.815053
Average Recall: 0.863051
Initial average recall with ef=150: 0.863397
Weighted average ef: 449.125
EF-estimation table computing time: 10190 ms
Training convergence-bucket 0 [6.22581, 28.3965) with 200 queries.
Average Recall: 0.6347
Initial average recall with ef=100: 0.626313
Average Recall: 0.7176
Initial average recall with ef=150: 0.713408
Recall diff is too small for 1 consecutive steps, break.
Recall diff is too small for 1 consecutive steps, break.
Weighted average ef: 795.6
Training convergence-bucket 1 [28.3965, 32.5354) with 200 queries.
Average Recall: 0.64275
Initial average recall with ef=100: 0.62517
Average Recall: 0.72235
Initial average recall with ef=150: 0.708182
Recall diff is too small for 1 consecutive steps, break.
Weighted average ef: 756.965
Training convergence-bucket 2 [32.5354, 36.598) with 200 queries.
Average Recall: 0.66435
Initial average recall with ef=100: 0.650872
Average Recall: 0.7428
Initial average recall with ef=150: 0.733895
Weighted average ef: 674.1
Training convergence-bucket 3 [36.598, 40.9871) with 200 queries.
Average Recall: 0.75775
Initial average recall with ef=100: 0.751486
Average Recall: 0.81465
Initial average recall with ef=150: 0.811086
Recall diff is too small for 1 consecutive steps, break.
Recall diff is too small for 1 consecutive steps, break.
Recall diff is too small for 1 consecutive steps, break.
Recall diff is too small for 1 consecutive steps, break.
Recall diff is too small for 1 consecutive steps, break.
Weighted average ef: 568.11
Training convergence-bucket 4 [40.9871, 45.6597) with 200 queries.
Average Recall: 0.82035
Initial average recall with ef=100: 0.839379
Average Recall: 0.86865
Initial average recall with ef=150: 0.887453
Recall diff is too small for 1 consecutive steps, break.
Recall diff is too small for 1 consecutive steps, break.
Recall diff is too small for 1 consecutive steps, break.
Weighted average ef: 303.505
Training convergence-bucket 5 [45.6597, 50.2429) with 200 queries.
Average Recall: 0.87005
Initial average recall with ef=100: 0.876288
Average Recall: 0.91115
Initial average recall with ef=150: 0.917425
Recall diff is too small for 1 consecutive steps, break.
Weighted average ef: 239.61
Training convergence-bucket 6 [50.2429, 54.669) with 200 queries.
Average Recall: 0.9176
Initial average recall with ef=100: 0.924012
Average Recall: 0.946251
Initial average recall with ef=150: 0.951512
Weighted average ef: 153.355
Training convergence-bucket 7 [54.669, 58.9684) with 200 queries.
Average Recall: 0.93945
Initial average recall with ef=100: 0.941243
Average Recall: 0.9652
Initial average recall with ef=150: 0.966441
Weighted average ef: 131.415
Training convergence-bucket 8 [58.9684, 63.6471) with 200 queries.
Average Recall: 0.944301
Initial average recall with ef=100: 0.945057
Average Recall: 0.967851
Initial average recall with ef=150: 0.968851
Weighted average ef: 134.23
Training convergence-bucket 9 [63.6471, inf) with 200 queries.
Average Recall: 0.95815
Initial average recall with ef=100: 0.960468
Average Recall: 0.97405
Initial average recall with ef=150: 0.975965
Weighted average ef: 106.415
Reconstructed True WAE: 303.081 (Hard Pct: 0.02505)
****Weighted average ef: 303
Search time: 1257 ms
Search time: 1274 ms
Search time: -590 ms
Average Recall: 0.97505
5th percentile recall: 0.89
1st percentile recall: 0.76
Median search time: 1257 ms
Search times: -590 ms, 1257 ms, 1274 ms,
word2vec-300-angular experiment results:
statisc_length, time, avg_recall, 5th_percentile_recall, 1st_percentile_recall, recall_above_99, recall_above_95, recall_above_90
500, 1257, 0.97505, 0.89, 0.76, 638, 827, 927
Experiment finished


Visited list size: 750


Loading samplings from /home/ryawszn/experiments/shiro-ef/sampling/word2vec-300-angular-samplings--k100-ef.bin
Samplings loaded from /home/ryawszn/experiments/shiro-ef/sampling/word2vec-300-angular-samplings--k100-ef.bin
Average Recall: 0.814942
Initial average recall with ef=100: 0.815925
Average Recall: 0.863051
Initial average recall with ef=150: 0.86412
Recall diff is too small for 1 consecutive steps, break.
Weighted average ef: 431.658
EF-estimation table computing time: 9738 ms
Training convergence-bucket 0 [19.4497, 33.4899) with 200 queries.
Average Recall: 0.5871
Initial average recall with ef=100: 0.57587
Average Recall: 0.6692
Initial average recall with ef=150: 0.661087
Weighted average ef: 880.53
Training convergence-bucket 1 [33.4899, 36.9895) with 200 queries.
Average Recall: 0.61995
Initial average recall with ef=100: 0.607833
Average Recall: 0.7014
Initial average recall with ef=150: 0.692722
Recall diff is too small for 1 consecutive steps, break.
Recall diff is too small for 1 consecutive steps, break.
Recall diff is too small for 1 consecutive steps, break.
Weighted average ef: 842.645
Training convergence-bucket 2 [36.9895, 41.6599) with 200 queries.
Average Recall: 0.66775
Initial average recall with ef=100: 0.658371
Average Recall: 0.7493
Initial average recall with ef=150: 0.743483
Recall diff is too small for 1 consecutive steps, break.
Weighted average ef: 735.785
Training convergence-bucket 3 [41.6599, 47.6666) with 200 queries.
Average Recall: 0.7682
Initial average recall with ef=100: 0.765465
Average Recall: 0.8252
Initial average recall with ef=150: 0.824942
Recall diff is too small for 1 consecutive steps, break.
Recall diff is too small for 1 consecutive steps, break.
Recall diff is too small for 1 consecutive steps, break.
Recall diff is too small for 1 consecutive steps, break.
Recall diff is too small for 1 consecutive steps, break.
Weighted average ef: 549.05
Training convergence-bucket 4 [47.6666, 52.4654) with 200 queries.
Average Recall: 0.843
Initial average recall with ef=100: 0.852667
Average Recall: 0.89425
Initial average recall with ef=150: 0.903637
Weighted average ef: 260.64
Training convergence-bucket 5 [52.4654, 57.0045) with 200 queries.
Average Recall: 0.87865
Initial average recall with ef=100: 0.882036
Average Recall: 0.919101
Initial average recall with ef=150: 0.922096
Weighted average ef: 225.56
Training convergence-bucket 6 [57.0045, 61.0533) with 200 queries.
Average Recall: 0.9223
Initial average recall with ef=100: 0.920848
Average Recall: 0.9521
Initial average recall with ef=150: 0.951636
Weighted average ef: 142.82
Training convergence-bucket 7 [61.0533, 65.1497) with 200 queries.
Average Recall: 0.94015
Initial average recall with ef=100: 0.944407
Average Recall: 0.96385
Initial average recall with ef=150: 0.967345
Weighted average ef: 121.1
Training convergence-bucket 8 [65.1497, 69.8602) with 200 queries.
Average Recall: 0.9543
Initial average recall with ef=100: 0.95229
Average Recall: 0.974551
Initial average recall with ef=150: 0.97324
Weighted average ef: 113.62
Training convergence-bucket 9 [69.8602, inf) with 200 queries.
Average Recall: 0.96805
Initial average recall with ef=100: 0.968364
Average Recall: 0.9816
Initial average recall with ef=150: 0.981576
Weighted average ef: 98.825
Reconstructed True WAE: 298.23 (Hard Pct: 0.02505)
****Weighted average ef: 298
Search time: 1258 ms
Search time: 1245 ms
Search time: 1278 ms
Average Recall: 0.97407
5th percentile recall: 0.88
1st percentile recall: 0.77
Median search time: 1258 ms
Search times: 1245 ms, 1258 ms, 1278 ms,
word2vec-300-angular experiment results:
statisc_length, time, avg_recall, 5th_percentile_recall, 1st_percentile_recall, recall_above_99, recall_above_95, recall_above_90
750, 1258, 0.97407, 0.88, 0.77, 609, 818, 927
Experiment finished


Visited list size: 1000


Loading samplings from /home/ryawszn/experiments/shiro-ef/sampling/word2vec-300-angular-samplings--k100-ef.bin
Samplings loaded from /home/ryawszn/experiments/shiro-ef/sampling/word2vec-300-angular-samplings--k100-ef.bin
Average Recall: 0.814942
Initial average recall with ef=100: 0.814807
Average Recall: 0.863051
Initial average recall with ef=150: 0.863031
Recall diff is too small for 1 consecutive steps, break.
Weighted average ef: 440.908
EF-estimation table computing time: 8861 ms
Training convergence-bucket 0 [21.848, 36.7242) with 200 queries.
Average Recall: 0.5737
Initial average recall with ef=100: 0.568044
Average Recall: 0.65505
Initial average recall with ef=150: 0.653207
Weighted average ef: 904.06
Training convergence-bucket 1 [36.7242, 39.9078) with 200 queries.
Average Recall: 0.6163
Initial average recall with ef=100: 0.61462
Average Recall: 0.703
Initial average recall with ef=150: 0.701902
Recall diff is too small for 1 consecutive steps, break.
Weighted average ef: 849.06
Training convergence-bucket 2 [39.9078, 45.0876) with 200 queries.
Average Recall: 0.64555
Initial average recall with ef=100: 0.642333
Average Recall: 0.72415
Initial average recall with ef=150: 0.721889
Weighted average ef: 832.56
Training convergence-bucket 3 [45.0876, 51.8345) with 200 queries.
Average Recall: 0.7855
Initial average recall with ef=100: 0.784821
Average Recall: 0.84545
Initial average recall with ef=150: 0.846429
Weighted average ef: 465.065
Training convergence-bucket 4 [51.8345, 56.8544) with 200 queries.
Average Recall: 0.84295
Initial average recall with ef=100: 0.843837
Average Recall: 0.8937
Initial average recall with ef=150: 0.894535
Recall diff is too small for 1 consecutive steps, break.
Weighted average ef: 300.49
Training convergence-bucket 5 [56.8544, 61.4509) with 200 queries.
Average Recall: 0.88955
Initial average recall with ef=100: 0.892832
Average Recall: 0.92885
Initial average recall with ef=150: 0.931619
Weighted average ef: 195.095
Training convergence-bucket 6 [61.4509, 65.4418) with 200 queries.
Average Recall: 0.92405
Initial average recall with ef=100: 0.923837
Average Recall: 0.9538
Initial average recall with ef=150: 0.95407
Weighted average ef: 137.38
Training convergence-bucket 7 [65.4418, 69.0331) with 200 queries.
Average Recall: 0.9422
Initial average recall with ef=100: 0.94655
Average Recall: 0.964851
Initial average recall with ef=150: 0.968655
Weighted average ef: 114
Training convergence-bucket 8 [69.0331, 73.3888) with 200 queries.
Average Recall: 0.9559
Initial average recall with ef=100: 0.9572
Average Recall: 0.9756
Initial average recall with ef=150: 0.976514
Weighted average ef: 106.88
Training convergence-bucket 9 [73.3888, inf) with 200 queries.
Average Recall: 0.97375
Initial average recall with ef=100: 0.975269
Average Recall: 0.9861
Initial average recall with ef=150: 0.987246
Weighted average ef: 93.355
Reconstructed True WAE: 292.528 (Hard Pct: 0.02505)
****Weighted average ef: 292
Search time: 1232 ms
Search time: 1239 ms
Search time: 1243 ms
Average Recall: 0.97281
5th percentile recall: 0.88
1st percentile recall: 0.78
Median search time: 1239 ms
Search times: 1232 ms, 1239 ms, 1243 ms,
word2vec-300-angular experiment results:
statisc_length, time, avg_recall, 5th_percentile_recall, 1st_percentile_recall, recall_above_99, recall_above_95, recall_above_90
1000, 1239, 0.97281, 0.88, 0.78, 580, 800, 919
Experiment finished


Visited list size: 2000


Loading samplings from /home/ryawszn/experiments/shiro-ef/sampling/word2vec-300-angular-samplings--k100-ef.bin
Samplings loaded from /home/ryawszn/experiments/shiro-ef/sampling/word2vec-300-angular-samplings--k100-ef.bin
Average Recall: 0.815457
Initial average recall with ef=100: 0.815767
Average Recall: 0.863056
Initial average recall with ef=150: 0.863457
Weighted average ef: 437.67
EF-estimation table computing time: 10699 ms
Training convergence-bucket 0 [28.5367, 44.8785) with 200 queries.
Average Recall: 0.52705
Initial average recall with ef=100: 0.526388
Average Recall: 0.61605
Initial average recall with ef=150: 0.616492
Recall diff is too small for 1 consecutive steps, break.
Weighted average ef: 927.63
Training convergence-bucket 1 [44.8785, 49.2465) with 200 queries.
Average Recall: 0.61395
Initial average recall with ef=100: 0.616364
Average Recall: 0.70045
Initial average recall with ef=150: 0.702513
Weighted average ef: 862.64
Training convergence-bucket 2 [49.2465, 55.1066) with 200 queries.
Average Recall: 0.67515
Initial average recall with ef=100: 0.672253
Average Recall: 0.7523
Initial average recall with ef=150: 0.751374
Recall diff is too small for 1 consecutive steps, break.
Weighted average ef: 812.575
Training convergence-bucket 3 [55.1066, 61.0824) with 200 queries.
Average Recall: 0.76765
Initial average recall with ef=100: 0.769553
Average Recall: 0.8299
Initial average recall with ef=150: 0.833017
Recall diff is too small for 1 consecutive steps, break.
Recall diff is too small for 1 consecutive steps, break.
Recall diff is too small for 1 consecutive steps, break.
Weighted average ef: 549.47
Training convergence-bucket 4 [61.0824, 65.734) with 200 queries.
Average Recall: 0.85745
Initial average recall with ef=100: 0.859152
Average Recall: 0.90195
Initial average recall with ef=150: 0.903898
Recall diff is too small for 1 consecutive steps, break.
Weighted average ef: 284.55
Training convergence-bucket 5 [65.734, 70.1029) with 200 queries.
Average Recall: 0.888
Initial average recall with ef=100: 0.890796
Average Recall: 0.92845
Initial average recall with ef=150: 0.93125
Weighted average ef: 201.17
Training convergence-bucket 6 [70.1029, 73.483) with 200 queries.
Average Recall: 0.9246
Initial average recall with ef=100: 0.927384
Average Recall: 0.95415
Initial average recall with ef=150: 0.956512
Weighted average ef: 136.5
Training convergence-bucket 7 [73.483, 76.8544) with 200 queries.
Average Recall: 0.952
Initial average recall with ef=100: 0.950113
Average Recall: 0.9727
Initial average recall with ef=150: 0.971573
Weighted average ef: 112.025
Training convergence-bucket 8 [76.8544, 80.2702) with 200 queries.
Average Recall: 0.9641
Initial average recall with ef=100: 0.964535
Average Recall: 0.98105
Initial average recall with ef=150: 0.981628
Weighted average ef: 92.25
Training convergence-bucket 9 [80.2702, inf) with 200 queries.
Average Recall: 0.98465
Initial average recall with ef=100: 0.984754
Average Recall: 0.9936
Initial average recall with ef=150: 0.993388
Weighted average ef: 91.5
Reconstructed True WAE: 291.033 (Hard Pct: 0.02505)
****Weighted average ef: 291
Search time: 1329 ms
Search time: 1348 ms
Search time: 1338 ms
Average Recall: 0.97245
5th percentile recall: 0.88
1st percentile recall: 0.78
Median search time: 1338 ms
Search times: 1329 ms, 1338 ms, 1348 ms,
word2vec-300-angular experiment results:
statisc_length, time, avg_recall, 5th_percentile_recall, 1st_percentile_recall, recall_above_99, recall_above_95, recall_above_90
2000, 1338, 0.97245, 0.88, 0.78, 571, 794, 925
Experiment finished


Visited list size: 33


Loading samplings from /home/ryawszn/experiments/shiro-ef/sampling/word2vec-300-angular-samplings--k100-ef.bin
Samplings loaded from /home/ryawszn/experiments/shiro-ef/sampling/word2vec-300-angular-samplings--k100-ef.bin
Average Recall: 0.814942
Initial average recall with ef=100: 0.815358
Average Recall: 0.863051
Initial average recall with ef=150: 0.86344
Weighted average ef: 478.015
EF-estimation table computing time: 10511 ms
Training convergence-bucket 0 [0, 0) with 200 queries.
Average Recall: 0.8858
Initial average recall with ef=100: 0.873691
Average Recall: 0.9226
Initial average recall with ef=150: 0.913423
Recall diff is too small for 1 consecutive steps, break.
Weighted average ef: 236.525
Training convergence-bucket 1 [0, 0) with 200 queries.
Average Recall: 0.8875
Initial average recall with ef=100: 0.890366
Average Recall: 0.92445
Initial average recall with ef=150: 0.927073
Recall diff is too small for 1 consecutive steps, break.
Recall diff is too small for 1 consecutive steps, break.
Weighted average ef: 200.495
Training convergence-bucket 2 [0, 0) with 200 queries.
Average Recall: 0.8937
Initial average recall with ef=100: 0.885449
Average Recall: 0.92985
Initial average recall with ef=150: 0.923974
Weighted average ef: 234.23
Training convergence-bucket 3 [0, 0) with 200 queries.
Average Recall: 0.885
Initial average recall with ef=100: 0.880621
Average Recall: 0.9221
Initial average recall with ef=150: 0.917793
Recall diff is too small for 1 consecutive steps, break.
Weighted average ef: 217.235
Training convergence-bucket 4 [0, 0) with 200 queries.
Average Recall: 0.7366
Initial average recall with ef=100: 0.697013
Average Recall: 0.79545
Initial average recall with ef=150: 0.763442
Recall diff is too small for 1 consecutive steps, break.
Weighted average ef: 568.905
Training convergence-bucket 5 [0, 0) with 200 queries.
Average Recall: 0.64665
Initial average recall with ef=100: 0.626706
Average Recall: 0.71975
Initial average recall with ef=150: 0.705118
Recall diff is too small for 1 consecutive steps, break.
Recall diff is too small for 1 consecutive steps, break.
Weighted average ef: 760.585
Training convergence-bucket 6 [0, 0) with 200 queries.
Average Recall: 0.7123
Initial average recall with ef=100: 0.682073
Average Recall: 0.7827
Initial average recall with ef=150: 0.757683
Recall diff is too small for 1 consecutive steps, break.
Weighted average ef: 594.53
Training convergence-bucket 7 [0, 0) with 200 queries.
Average Recall: 0.9003
Initial average recall with ef=100: 0.908239
Average Recall: 0.9342
Initial average recall with ef=150: 0.941338
Weighted average ef: 152.16
Training convergence-bucket 8 [0, 8.97154) with 200 queries.
Average Recall: 0.8346
Initial average recall with ef=100: 0.831613
Average Recall: 0.87705
Initial average recall with ef=150: 0.875097
Recall diff is too small for 1 consecutive steps, break.
Recall diff is too small for 1 consecutive steps, break.
Recall diff is too small for 1 consecutive steps, break.
Weighted average ef: 357.225
Training convergence-bucket 9 [8.97154, inf) with 200 queries.
Average Recall: 0.767
Initial average recall with ef=100: 0.750387
Average Recall: 0.8224
Initial average recall with ef=150: 0.809032
Recall diff is too small for 1 consecutive steps, break.
Weighted average ef: 533.07
Reconstructed True WAE: 331.731 (Hard Pct: 0.02505)
****Weighted average ef: 331
Search time: 1134 ms
Search time: 1127 ms
Search time: 1142 ms
Average Recall: 0.96873
5th percentile recall: 0.85
1st percentile recall: 0.76
Median search time: 1134 ms
Search times: 1127 ms, 1134 ms, 1142 ms,
word2vec-300-angular experiment results:
statisc_length, time, avg_recall, 5th_percentile_recall, 1st_percentile_recall, recall_above_99, recall_above_95, recall_above_90
33, 1134, 0.96873, 0.85, 0.76, 596, 767, 897
Experiment finished


Visited list size: 1025


Loading samplings from /home/ryawszn/experiments/shiro-ef/sampling/word2vec-300-angular-samplings--k100-ef.bin
Samplings loaded from /home/ryawszn/experiments/shiro-ef/sampling/word2vec-300-angular-samplings--k100-ef.bin
Average Recall: 0.814942
Initial average recall with ef=100: 0.815848
Average Recall: 0.863051
Initial average recall with ef=150: 0.86389
Recall diff is too small for 1 consecutive steps, break.
Recall diff is too small for 1 consecutive steps, break.
Weighted average ef: 437.12
EF-estimation table computing time: 10398 ms
Training convergence-bucket 0 [19.8582, 37.1108) with 200 queries.
Average Recall: 0.57
Initial average recall with ef=100: 0.569027
Average Recall: 0.6531
Initial average recall with ef=150: 0.655568
Weighted average ef: 910.035
Training convergence-bucket 1 [37.1108, 40.2205) with 200 queries.
Average Recall: 0.61695
Initial average recall with ef=100: 0.612609
Average Recall: 0.7009
Initial average recall with ef=150: 0.697663
Weighted average ef: 859.22
Training convergence-bucket 2 [40.2205, 45.3976) with 200 queries.
Average Recall: 0.65055
Initial average recall with ef=100: 0.654332
Average Recall: 0.7301
Initial average recall with ef=150: 0.734973
Recall diff is too small for 1 consecutive steps, break.
Recall diff is too small for 1 consecutive steps, break.
Weighted average ef: 848.965
Training convergence-bucket 3 [45.3976, 52.2122) with 200 queries.
Average Recall: 0.78315
Initial average recall with ef=100: 0.780178
Average Recall: 0.84345
Initial average recall with ef=150: 0.842367
Weighted average ef: 476.105
Training convergence-bucket 4 [52.2122, 57.2741) with 200 queries.
Average Recall: 0.8413
Initial average recall with ef=100: 0.843669
Average Recall: 0.89205
Initial average recall with ef=150: 0.894201
Weighted average ef: 314.45
Training convergence-bucket 5 [57.2741, 61.8593) with 200 queries.
Average Recall: 0.8905
Initial average recall with ef=100: 0.892456
Average Recall: 0.9298
Initial average recall with ef=150: 0.931696
Weighted average ef: 193.315
Training convergence-bucket 6 [61.8593, 65.6053) with 200 queries.
Average Recall: 0.922601
Initial average recall with ef=100: 0.923529
Average Recall: 0.95205
Initial average recall with ef=150: 0.953471
Recall diff is too small for 1 consecutive steps, break.
Weighted average ef: 145.275
Training convergence-bucket 7 [65.6053, 69.4168) with 200 queries.
Average Recall: 0.9455
Initial average recall with ef=100: 0.9484
Average Recall: 0.967351
Initial average recall with ef=150: 0.969543
Weighted average ef: 117.75
Training convergence-bucket 8 [69.4168, 73.6598) with 200 queries.
Average Recall: 0.954251
Initial average recall with ef=100: 0.952414
Average Recall: 0.9754
Initial average recall with ef=150: 0.974368
Weighted average ef: 108.02
Training convergence-bucket 9 [73.6598, inf) with 200 queries.
Average Recall: 0.97465
Initial average recall with ef=100: 0.978364
Average Recall: 0.98635
Initial average recall with ef=150: 0.98897
Weighted average ef: 89.945
Reconstructed True WAE: 293.95 (Hard Pct: 0.02505)
****Weighted average ef: 293
Search time: 1252 ms
Search time: 1247 ms
Search time: 1241 ms
Average Recall: 0.97303
5th percentile recall: 0.88
1st percentile recall: 0.8
Median search time: 1247 ms
Search times: 1241 ms, 1247 ms, 1252 ms,
word2vec-300-angular experiment results:
statisc_length, time, avg_recall, 5th_percentile_recall, 1st_percentile_recall, recall_above_99, recall_above_95, recall_above_90
1025, 1247, 0.97303, 0.88, 0.8, 584, 801, 921
Experiment finished


Visited list size: 32769


Loading samplings from /home/ryawszn/experiments/shiro-ef/sampling/word2vec-300-angular-samplings--k100-ef.bin
Samplings loaded from /home/ryawszn/experiments/shiro-ef/sampling/word2vec-300-angular-samplings--k100-ef.bin
Average Recall: 0.979653
Initial average recall with ef=100: 0.980005
Average Recall: 0.979653
Initial average recall with ef=150: 0.980005
Recall diff is too small for 1 consecutive steps, break.
Recall diff is too small for 1 consecutive steps, break.
Recall diff is too small for 1 consecutive steps, break.
Recall diff is too small for 1 consecutive steps, break.
Recall diff is too small for 1 consecutive steps, break.
Recall diff is too small for 1 consecutive steps, break.
Recall diff is too small for 1 consecutive steps, break.
Weighted average ef: 102.475
EF-estimation table computing time: 31540 ms
Training convergence-bucket 0 [50.2763, 75.9518) with 200 queries.
Average Recall: 0.8978
Initial average recall with ef=100: 0.900052
Average Recall: 0.8978
Initial average recall with ef=150: 0.900052
Recall diff is too small for 1 consecutive steps, break.
Recall diff is too small for 1 consecutive steps, break.
Recall diff is too small for 1 consecutive steps, break.
Recall diff is too small for 1 consecutive steps, break.
Recall diff is too small for 1 consecutive steps, break.
Recall diff is too small for 1 consecutive steps, break.
Recall diff is too small for 1 consecutive steps, break.
Recall diff is too small for 1 consecutive steps, break.
Recall diff is too small for 1 consecutive steps, break.
Recall diff is too small for 1 consecutive steps, break.
Recall diff is too small for 1 consecutive steps, break.
Weighted average ef: 139.8
Training convergence-bucket 1 [75.9518, 79.8256) with 200 queries.
Average Recall: 0.960601
Initial average recall with ef=100: 0.960619
Average Recall: 0.960601
Initial average recall with ef=150: 0.960619
Recall diff is too small for 1 consecutive steps, break.
Weighted average ef: 100
Training convergence-bucket 2 [79.8256, 82.6486) with 200 queries.
Average Recall: 0.97875
Initial average recall with ef=100: 0.979787
Average Recall: 0.97875
Initial average recall with ef=150: 0.979787
Recall diff is too small for 1 consecutive steps, break.
Recall diff is too small for 1 consecutive steps, break.
Recall diff is too small for 1 consecutive steps, break.
Weighted average ef: 95.77
Training convergence-bucket 3 [82.6486, 84.8446) with 200 queries.
Average Recall: 0.982601
Initial average recall with ef=100: 0.985659
Average Recall: 0.982601
Initial average recall with ef=150: 0.985659
Recall diff is too small for 1 consecutive steps, break.
Recall diff is too small for 1 consecutive steps, break.
Recall diff is too small for 1 consecutive steps, break.
Weighted average ef: 92.545
Training convergence-bucket 4 [84.8446, 86.9699) with 200 queries.
Average Recall: 0.9889
Initial average recall with ef=100: 0.990172
Average Recall: 0.9889
Initial average recall with ef=150: 0.990172
Recall diff is too small for 1 consecutive steps, break.
Weighted average ef: 88
Training convergence-bucket 5 [86.9699, 88.656) with 200 queries.
Average Recall: 0.9937
Initial average recall with ef=100: 0.995235
Average Recall: 0.9937
Initial average recall with ef=150: 0.995235
Weighted average ef: 85
Training convergence-bucket 6 [88.656, 90.2701) with 200 queries.
Average Recall: 0.9978
Initial average recall with ef=100: 0.99848
Average Recall: 0.9978
Initial average recall with ef=150: 0.99848
Weighted average ef: 85.5
Training convergence-bucket 7 [90.2701, 91.691) with 200 queries.
Average Recall: 0.9993
Initial average recall with ef=100: 0.999881
Average Recall: 0.9993
Initial average recall with ef=150: 0.999881
Weighted average ef: 84
Training convergence-bucket 8 [91.691, 92.8362) with 200 queries.
Average Recall: 0.99825
Initial average recall with ef=100: 0.998364
Average Recall: 0.99825
Initial average recall with ef=150: 0.998364
Weighted average ef: 82.5
Training convergence-bucket 9 [92.8362, inf) with 200 queries.
Average Recall: 0.99885
Initial average recall with ef=100: 0.999181
Average Recall: 0.99885
Initial average recall with ef=150: 0.999181
Weighted average ef: 85.5
Reconstructed True WAE: 101.987 (Hard Pct: 0.02505)
****Weighted average ef: 101
Search time: 7993 ms
Search time: 7989 ms
Search time: 8043 ms
Average Recall: 0.98947
5th percentile recall: 0.94
1st percentile recall: 0.87
Median search time: 7993 ms
Search times: 7989 ms, 7993 ms, 8043 ms,
word2vec-300-angular experiment results:
statisc_length, time, avg_recall, 5th_percentile_recall, 1st_percentile_recall, recall_above_99, recall_above_95, recall_above_90
32769, 7993, 0.98947, 0.94, 0.87, 817, 925, 976
Experiment finished
Dataset: sift10m-128-euclidean
Metric: l2
Truncation ratio: 1
Data vectors dimensions: 10000000 x 128
Query vectors dimensions: 1000 x 128
Neighbors dimensions: 1000 x 100
Index loaded
Dimension of space:128
Data size of space:512
Samplings loaded


Visited list size: 100


Loading samplings from /home/ryawszn/experiments/shiro-ef/sampling/sift10m-128-euclidean-samplings--k100-ef.bin
Samplings loaded from /home/ryawszn/experiments/shiro-ef/sampling/sift10m-128-euclidean-samplings--k100-ef.bin
Average Recall: 0.858047
Initial average recall with ef=100: 0.859199
Average Recall: 0.903755
Initial average recall with ef=150: 0.904765
Weighted average ef: 303.602
EF-estimation table computing time: 6373 ms
Training convergence-bucket 0 [0, 5.0209) with 200 queries.
Average Recall: 0.848
Initial average recall with ef=100: 0.851754
Average Recall: 0.90065
Initial average recall with ef=150: 0.902398
Recall diff is too small for 1 consecutive steps, break.
Weighted average ef: 274.03
Training convergence-bucket 1 [5.0209, 8.49078) with 200 queries.
Average Recall: 0.84145
Initial average recall with ef=100: 0.862866
Average Recall: 0.8895
Initial average recall with ef=150: 0.906497
Weighted average ef: 231.74
Training convergence-bucket 2 [8.49078, 11.2995) with 200 queries.
Average Recall: 0.84735
Initial average recall with ef=100: 0.846566
Average Recall: 0.8976
Initial average recall with ef=150: 0.896868
Recall diff is too small for 1 consecutive steps, break.
Weighted average ef: 265.325
Training convergence-bucket 3 [11.2995, 14.1735) with 200 queries.
Average Recall: 0.85285
Initial average recall with ef=100: 0.861887
Average Recall: 0.8989
Initial average recall with ef=150: 0.907484
Weighted average ef: 219.145
Training convergence-bucket 4 [14.1735, 17.5409) with 200 queries.
Average Recall: 0.847
Initial average recall with ef=100: 0.854727
Average Recall: 0.89585
Initial average recall with ef=150: 0.90297
Recall diff is too small for 1 consecutive steps, break.
Weighted average ef: 242.17
Training convergence-bucket 5 [17.5409, 20.7512) with 200 queries.
Average Recall: 0.8372
Initial average recall with ef=100: 0.847039
Average Recall: 0.88915
Initial average recall with ef=150: 0.897829
Weighted average ef: 244.68
Training convergence-bucket 6 [20.7512, 24.31) with 200 queries.
Average Recall: 0.82695
Initial average recall with ef=100: 0.831953
Average Recall: 0.8778
Initial average recall with ef=150: 0.88142
Weighted average ef: 326.645
Training convergence-bucket 7 [24.31, 28.7883) with 200 queries.
Average Recall: 0.8523
Initial average recall with ef=100: 0.881554
Average Recall: 0.898
Initial average recall with ef=150: 0.920946
Weighted average ef: 193.36
Training convergence-bucket 8 [28.7883, 34.6457) with 200 queries.
Average Recall: 0.88815
Initial average recall with ef=100: 0.914835
Average Recall: 0.92605
Initial average recall with ef=150: 0.946027
Recall diff is too small for 1 consecutive steps, break.
Weighted average ef: 139.13
Training convergence-bucket 9 [34.6457, inf) with 200 queries.
Average Recall: 0.939251
Initial average recall with ef=100: 0.953023
Average Recall: 0.9641
Initial average recall with ef=150: 0.974942
Weighted average ef: 103.875
Reconstructed True WAE: 251.246 (Hard Pct: 0.0193)
****Weighted average ef: 251
Search time: 914 ms
Search time: -813 ms
Search time: 906 ms
Average Recall: 0.97584
5th percentile recall: 0.91
1st percentile recall: 0.87
Median search time: 906 ms
Search times: -813 ms, 906 ms, 914 ms,
sift10m-128-euclidean experiment results:
statisc_length, time, avg_recall, 5th_percentile_recall, 1st_percentile_recall, recall_above_99, recall_above_95, recall_above_90
100, 906, 0.97584, 0.91, 0.87, 539, 805, 964
Experiment finished


Visited list size: 250


Loading samplings from /home/ryawszn/experiments/shiro-ef/sampling/sift10m-128-euclidean-samplings--k100-ef.bin
Samplings loaded from /home/ryawszn/experiments/shiro-ef/sampling/sift10m-128-euclidean-samplings--k100-ef.bin
Average Recall: 0.858042
Initial average recall with ef=100: 0.858786
Average Recall: 0.90375
Initial average recall with ef=150: 0.904481
Recall diff is too small for 1 consecutive steps, break.
Weighted average ef: 294.35
EF-estimation table computing time: 6426 ms
Training convergence-bucket 0 [1.76852, 21.1677) with 200 queries.
Average Recall: 0.77
Initial average recall with ef=100: 0.773771
Average Recall: 0.83235
Initial average recall with ef=150: 0.836172
Recall diff is too small for 1 consecutive steps, break.
Weighted average ef: 431.11
Training convergence-bucket 1 [21.1677, 25.7804) with 200 queries.
Average Recall: 0.77195
Initial average recall with ef=100: 0.772659
Average Recall: 0.8362
Initial average recall with ef=150: 0.837052
Weighted average ef: 414.415
Training convergence-bucket 2 [25.7804, 29.4352) with 200 queries.
Average Recall: 0.7765
Initial average recall with ef=100: 0.784884
Average Recall: 0.8374
Initial average recall with ef=150: 0.845349
Recall diff is too small for 1 consecutive steps, break.
Weighted average ef: 393.31
Training convergence-bucket 3 [29.4352, 33.695) with 200 queries.
Average Recall: 0.7919
Initial average recall with ef=100: 0.796012
Average Recall: 0.8553
Initial average recall with ef=150: 0.858555
Weighted average ef: 351.285
Training convergence-bucket 4 [33.695, 37.3924) with 200 queries.
Average Recall: 0.8432
Initial average recall with ef=100: 0.851461
Average Recall: 0.8944
Initial average recall with ef=150: 0.901517
Recall diff is too small for 1 consecutive steps, break.
Weighted average ef: 251.41
Training convergence-bucket 5 [37.3924, 41.3719) with 200 queries.
Average Recall: 0.8699
Initial average recall with ef=100: 0.879497
Average Recall: 0.91805
Initial average recall with ef=150: 0.926536
Weighted average ef: 204.49
Training convergence-bucket 6 [41.3719, 45.0635) with 200 queries.
Average Recall: 0.8975
Initial average recall with ef=100: 0.9095
Average Recall: 0.93555
Initial average recall with ef=150: 0.944944
Recall diff is too small for 1 consecutive steps, break.
Weighted average ef: 164.395
Training convergence-bucket 7 [45.0635, 49.7609) with 200 queries.
Average Recall: 0.9285
Initial average recall with ef=100: 0.933194
Average Recall: 0.96045
Initial average recall with ef=150: 0.96445
Weighted average ef: 137.515
Training convergence-bucket 8 [49.7609, 56.0575) with 200 queries.
Average Recall: 0.9554
Initial average recall with ef=100: 0.959514
Average Recall: 0.978351
Initial average recall with ef=150: 0.980487
Weighted average ef: 112.27
Training convergence-bucket 9 [56.0575, inf) with 200 queries.
Average Recall: 0.9756
Initial average recall with ef=100: 0.977854
Average Recall: 0.9895
Initial average recall with ef=150: 0.991099
Weighted average ef: 99.25
Reconstructed True WAE: 234.995 (Hard Pct: 0.0193)
****Weighted average ef: 234
Search time: 1070 ms
Search time: 1062 ms
Search time: 1062 ms
Average Recall: 0.98364
5th percentile recall: 0.94
1st percentile recall: 0.9
Median search time: 1062 ms
Search times: 1062 ms, 1062 ms, 1070 ms,
sift10m-128-euclidean experiment results:
statisc_length, time, avg_recall, 5th_percentile_recall, 1st_percentile_recall, recall_above_99, recall_above_95, recall_above_90
250, 1062, 0.98364, 0.94, 0.9, 650, 896, 986
Experiment finished


Visited list size: 500


Loading samplings from /home/ryawszn/experiments/shiro-ef/sampling/sift10m-128-euclidean-samplings--k100-ef.bin
Samplings loaded from /home/ryawszn/experiments/shiro-ef/sampling/sift10m-128-euclidean-samplings--k100-ef.bin
Average Recall: 0.858042
Initial average recall with ef=100: 0.8589
Average Recall: 0.90375
Initial average recall with ef=150: 0.90451
Weighted average ef: 294.615
EF-estimation table computing time: 6496 ms
Training convergence-bucket 0 [13.5684, 31.9533) with 200 queries.
Average Recall: 0.69985
Initial average recall with ef=100: 0.691591
Average Recall: 0.77255
Initial average recall with ef=150: 0.765739
Weighted average ef: 594.745
Training convergence-bucket 1 [31.9533, 37.2553) with 200 queries.
Average Recall: 0.7185
Initial average recall with ef=100: 0.709838
Average Recall: 0.7919
Initial average recall with ef=150: 0.784595
Recall diff is too small for 1 consecutive steps, break.
Weighted average ef: 559.47
Training convergence-bucket 2 [37.2553, 41.4328) with 200 queries.
Average Recall: 0.7785
Initial average recall with ef=100: 0.777622
Average Recall: 0.8409
Initial average recall with ef=150: 0.841243
Weighted average ef: 417.465
Training convergence-bucket 3 [41.4328, 45.471) with 200 queries.
Average Recall: 0.8185
Initial average recall with ef=100: 0.819719
Average Recall: 0.87765
Initial average recall with ef=150: 0.87927
Weighted average ef: 290.52
Training convergence-bucket 4 [45.471, 49.4393) with 200 queries.
Average Recall: 0.8583
Initial average recall with ef=100: 0.860324
Average Recall: 0.91005
Initial average recall with ef=150: 0.912108
Weighted average ef: 230.6
Training convergence-bucket 5 [49.4393, 52.4725) with 200 queries.
Average Recall: 0.898851
Initial average recall with ef=100: 0.895947
Average Recall: 0.9395
Initial average recall with ef=150: 0.937684
Weighted average ef: 184.835
Training convergence-bucket 6 [52.4725, 56.244) with 200 queries.
Average Recall: 0.921
Initial average recall with ef=100: 0.924974
Average Recall: 0.957851
Initial average recall with ef=150: 0.961036
Weighted average ef: 154.49
Training convergence-bucket 7 [56.244, 60.1503) with 200 queries.
Average Recall: 0.9383
Initial average recall with ef=100: 0.940474
Average Recall: 0.9694
Initial average recall with ef=150: 0.971211
Weighted average ef: 129.53
Training convergence-bucket 8 [60.1503, 66.2957) with 200 queries.
Average Recall: 0.965801
Initial average recall with ef=100: 0.970865
Average Recall: 0.9844
Initial average recall with ef=150: 0.987243
Weighted average ef: 99.5
Training convergence-bucket 9 [66.2957, inf) with 200 queries.
Average Recall: 0.98285
Initial average recall with ef=100: 0.986595
Average Recall: 0.99335
Initial average recall with ef=150: 0.995405
Weighted average ef: 93.25
Reconstructed True WAE: 218.302 (Hard Pct: 0.0193)
****Weighted average ef: 218
Search time: 1021 ms
Search time: 1033 ms
Search time: 1027 ms
Average Recall: 0.98196
5th percentile recall: 0.94
1st percentile recall: 0.91
Median search time: 1027 ms
Search times: 1021 ms, 1027 ms, 1033 ms,
sift10m-128-euclidean experiment results:
statisc_length, time, avg_recall, 5th_percentile_recall, 1st_percentile_recall, recall_above_99, recall_above_95, recall_above_90
500, 1027, 0.98196, 0.94, 0.91, 559, 894, 990
Experiment finished


Visited list size: 750


Loading samplings from /home/ryawszn/experiments/shiro-ef/sampling/sift10m-128-euclidean-samplings--k100-ef.bin
Samplings loaded from /home/ryawszn/experiments/shiro-ef/sampling/sift10m-128-euclidean-samplings--k100-ef.bin
Average Recall: 0.858042
Initial average recall with ef=100: 0.85905
Average Recall: 0.90374
Initial average recall with ef=150: 0.904628
Recall diff is too small for 1 consecutive steps, break.
Weighted average ef: 295.394
EF-estimation table computing time: 6796 ms
Training convergence-bucket 0 [20.4135, 37.2582) with 200 queries.
Average Recall: 0.6747
Initial average recall with ef=100: 0.668258
Average Recall: 0.75025
Initial average recall with ef=150: 0.744101
Weighted average ef: 671.635
Training convergence-bucket 1 [37.2582, 42.0819) with 200 queries.
Average Recall: 0.70745
Initial average recall with ef=100: 0.706133
Average Recall: 0.78205
Initial average recall with ef=150: 0.781547
Weighted average ef: 548.765
Training convergence-bucket 2 [42.0819, 46.558) with 200 queries.
Average Recall: 0.78185
Initial average recall with ef=100: 0.779659
Average Recall: 0.84665
Initial average recall with ef=150: 0.846364
Weighted average ef: 363.51
Training convergence-bucket 3 [46.558, 50.4059) with 200 queries.
Average Recall: 0.8316
Initial average recall with ef=100: 0.828404
Average Recall: 0.8873
Initial average recall with ef=150: 0.884787
Weighted average ef: 289.005
Training convergence-bucket 4 [50.4059, 54.0282) with 200 queries.
Average Recall: 0.8661
Initial average recall with ef=100: 0.863925
Average Recall: 0.91595
Initial average recall with ef=150: 0.913763
Weighted average ef: 228.58
Training convergence-bucket 5 [54.0282, 57.4743) with 200 queries.
Average Recall: 0.8932
Initial average recall with ef=100: 0.893333
Average Recall: 0.93855
Initial average recall with ef=150: 0.938852
Weighted average ef: 180.14
Training convergence-bucket 6 [57.4743, 61.2054) with 200 queries.
Average Recall: 0.92595
Initial average recall with ef=100: 0.926277
Average Recall: 0.9614
Initial average recall with ef=150: 0.961542
Weighted average ef: 138.915
Training convergence-bucket 7 [61.2054, 65.3978) with 200 queries.
Average Recall: 0.9448
Initial average recall with ef=100: 0.944898
Average Recall: 0.974
Initial average recall with ef=150: 0.974031
Weighted average ef: 126.76
Training convergence-bucket 8 [65.3978, 71.0871) with 200 queries.
Average Recall: 0.967
Initial average recall with ef=100: 0.968698
Average Recall: 0.98615
Initial average recall with ef=150: 0.987188
Weighted average ef: 102.25
Training convergence-bucket 9 [71.0871, inf) with 200 queries.
Average Recall: 0.9878
Initial average recall with ef=100: 0.989841
Average Recall: 0.99515
Initial average recall with ef=150: 0.996667
Weighted average ef: 94.5
Reconstructed True WAE: 214.185 (Hard Pct: 0.0193)
****Weighted average ef: 214
Search time: 1017 ms
Search time: 1038 ms
Search time: 1008 ms
Average Recall: 0.98044
5th percentile recall: 0.94
1st percentile recall: 0.91
Median search time: 1017 ms
Search times: 1008 ms, 1017 ms, 1038 ms,
sift10m-128-euclidean experiment results:
statisc_length, time, avg_recall, 5th_percentile_recall, 1st_percentile_recall, recall_above_99, recall_above_95, recall_above_90
750, 1017, 0.98044, 0.94, 0.91, 517, 887, 993
Experiment finished


Visited list size: 1000


Loading samplings from /home/ryawszn/experiments/shiro-ef/sampling/sift10m-128-euclidean-samplings--k100-ef.bin
Samplings loaded from /home/ryawszn/experiments/shiro-ef/sampling/sift10m-128-euclidean-samplings--k100-ef.bin
Average Recall: 0.858042
Initial average recall with ef=100: 0.859157
Average Recall: 0.903755
Initial average recall with ef=150: 0.904674
Weighted average ef: 297.884
EF-estimation table computing time: 7150 ms
Training convergence-bucket 0 [18.281, 40.6629) with 200 queries.
Average Recall: 0.6615
Initial average recall with ef=100: 0.658871
Average Recall: 0.73725
Initial average recall with ef=150: 0.734032
Recall diff is too small for 1 consecutive steps, break.
Recall diff is too small for 1 consecutive steps, break.
Weighted average ef: 720.245
Training convergence-bucket 1 [40.6629, 44.448) with 200 queries.
Average Recall: 0.70995
Initial average recall with ef=100: 0.709787
Average Recall: 0.78445
Initial average recall with ef=150: 0.784894
Recall diff is too small for 1 consecutive steps, break.
Weighted average ef: 551.16
Training convergence-bucket 2 [44.448, 49.1521) with 200 queries.
Average Recall: 0.7809
Initial average recall with ef=100: 0.780262
Average Recall: 0.8463
Initial average recall with ef=150: 0.845707
Recall diff is too small for 1 consecutive steps, break.
Weighted average ef: 399.57
Training convergence-bucket 3 [49.1521, 53.3793) with 200 queries.
Average Recall: 0.8329
Initial average recall with ef=100: 0.830806
Average Recall: 0.89055
Initial average recall with ef=150: 0.889194
Weighted average ef: 271.795
Training convergence-bucket 4 [53.3793, 57.3052) with 200 queries.
Average Recall: 0.86695
Initial average recall with ef=100: 0.865847
Average Recall: 0.91785
Initial average recall with ef=150: 0.917432
Weighted average ef: 220.615
Training convergence-bucket 5 [57.3052, 60.3489) with 200 queries.
Average Recall: 0.8987
Initial average recall with ef=100: 0.898245
Average Recall: 0.94185
Initial average recall with ef=150: 0.941649
Weighted average ef: 174.04
Training convergence-bucket 6 [60.3489, 64.1845) with 200 queries.
Average Recall: 0.9242
Initial average recall with ef=100: 0.925833
Average Recall: 0.9602
Initial average recall with ef=150: 0.961875
Weighted average ef: 144.99
Training convergence-bucket 7 [64.1845, 68.6386) with 200 queries.
Average Recall: 0.94725
Initial average recall with ef=100: 0.947128
Average Recall: 0.975851
Initial average recall with ef=150: 0.975795
Weighted average ef: 120
Training convergence-bucket 8 [68.6386, 74.1027) with 200 queries.
Average Recall: 0.968501
Initial average recall with ef=100: 0.970106
Average Recall: 0.98695
Initial average recall with ef=150: 0.987989
Weighted average ef: 101.275
Training convergence-bucket 9 [74.1027, inf) with 200 queries.
Average Recall: 0.9896
Initial average recall with ef=100: 0.990865
Average Recall: 0.99635
Initial average recall with ef=150: 0.997027
Weighted average ef: 92.5
Reconstructed True WAE: 210.053 (Hard Pct: 0.0193)
****Weighted average ef: 210
Search time: 988 ms
Search time: 986 ms
Search time: 984 ms
Average Recall: 0.97836
5th percentile recall: 0.94
1st percentile recall: 0.9
Median search time: 986 ms
Search times: 984 ms, 986 ms, 988 ms,
sift10m-128-euclidean experiment results:
statisc_length, time, avg_recall, 5th_percentile_recall, 1st_percentile_recall, recall_above_99, recall_above_95, recall_above_90
1000, 986, 0.97836, 0.94, 0.9, 479, 863, 987
Experiment finished


Visited list size: 2000


Loading samplings from /home/ryawszn/experiments/shiro-ef/sampling/sift10m-128-euclidean-samplings--k100-ef.bin
Samplings loaded from /home/ryawszn/experiments/shiro-ef/sampling/sift10m-128-euclidean-samplings--k100-ef.bin
Average Recall: 0.858042
Initial average recall with ef=100: 0.858045
Average Recall: 0.90375
Initial average recall with ef=150: 0.903755
Recall diff is too small for 1 consecutive steps, break.
Weighted average ef: 298.211
EF-estimation table computing time: 7619 ms
Training convergence-bucket 0 [35.2952, 47.3913) with 200 queries.
Average Recall: 0.6454
Initial average recall with ef=100: 0.642908
Average Recall: 0.72245
Initial average recall with ef=150: 0.719541
Recall diff is too small for 1 consecutive steps, break.
Weighted average ef: 802.43
Training convergence-bucket 1 [47.3913, 51.5521) with 200 queries.
Average Recall: 0.7124
Initial average recall with ef=100: 0.71221
Average Recall: 0.78835
Initial average recall with ef=150: 0.788053
Recall diff is too small for 1 consecutive steps, break.
Weighted average ef: 538.085
Training convergence-bucket 2 [51.5521, 55.8568) with 200 queries.
Average Recall: 0.7739
Initial average recall with ef=100: 0.774381
Average Recall: 0.84225
Initial average recall with ef=150: 0.843093
Weighted average ef: 412.44
Training convergence-bucket 3 [55.8568, 59.4706) with 200 queries.
Average Recall: 0.8317
Initial average recall with ef=100: 0.832849
Average Recall: 0.88785
Initial average recall with ef=150: 0.888763
Weighted average ef: 277.685
Training convergence-bucket 4 [59.4706, 63.6512) with 200 queries.
Average Recall: 0.87245
Initial average recall with ef=100: 0.871224
Average Recall: 0.9236
Initial average recall with ef=150: 0.922806
Weighted average ef: 225.845
Training convergence-bucket 5 [63.6512, 67.421) with 200 queries.
Average Recall: 0.90345
Initial average recall with ef=100: 0.903641
Average Recall: 0.94465
Initial average recall with ef=150: 0.944674
Weighted average ef: 167.895
Training convergence-bucket 6 [67.421, 70.9083) with 200 queries.
Average Recall: 0.9264
Initial average recall with ef=100: 0.929198
Average Recall: 0.964
Initial average recall with ef=150: 0.965294
Weighted average ef: 136.25
Training convergence-bucket 7 [70.9083, 75.3427) with 200 queries.
Average Recall: 0.94895
Initial average recall with ef=100: 0.949171
Average Recall: 0.97665
Initial average recall with ef=150: 0.976477
Weighted average ef: 114.975
Training convergence-bucket 8 [75.3427, 80.1229) with 200 queries.
Average Recall: 0.974851
Initial average recall with ef=100: 0.975833
Average Recall: 0.990601
Initial average recall with ef=150: 0.991354
Weighted average ef: 96
Training convergence-bucket 9 [80.1229, inf) with 200 queries.
Average Recall: 0.99095
Initial average recall with ef=100: 0.991587
Average Recall: 0.99715
Initial average recall with ef=150: 0.99746
Weighted average ef: 94.5
Reconstructed True WAE: 214.391 (Hard Pct: 0.0193)
****Weighted average ef: 214
Search time: 1120 ms
Search time: 1105 ms
Search time: 1100 ms
Average Recall: 0.97647
5th percentile recall: 0.93
1st percentile recall: 0.9
Median search time: 1105 ms
Search times: 1100 ms, 1105 ms, 1120 ms,
sift10m-128-euclidean experiment results:
statisc_length, time, avg_recall, 5th_percentile_recall, 1st_percentile_recall, recall_above_99, recall_above_95, recall_above_90
2000, 1105, 0.97647, 0.93, 0.9, 445, 841, 984
Experiment finished


Visited list size: 33


Loading samplings from /home/ryawszn/experiments/shiro-ef/sampling/sift10m-128-euclidean-samplings--k100-ef.bin
Samplings loaded from /home/ryawszn/experiments/shiro-ef/sampling/sift10m-128-euclidean-samplings--k100-ef.bin
Average Recall: 0.858047
Initial average recall with ef=100: 0.859672
Average Recall: 0.903755
Initial average recall with ef=150: 0.905159
Recall diff is too small for 1 consecutive steps, break.
Weighted average ef: 293.402
EF-estimation table computing time: 4181 ms
Training convergence-bucket 0 [0, 0) with 200 queries.
Average Recall: 0.89535
Initial average recall with ef=100: 0.903558
Average Recall: 0.9346
Initial average recall with ef=150: 0.940736
Weighted average ef: 160.285
Training convergence-bucket 1 [0, 0) with 200 queries.
Average Recall: 0.8981
Initial average recall with ef=100: 0.903988
Average Recall: 0.9359
Initial average recall with ef=150: 0.941534
Recall diff is too small for 1 consecutive steps, break.
Weighted average ef: 159.145
Training convergence-bucket 2 [0, 0) with 200 queries.
Average Recall: 0.8975
Initial average recall with ef=100: 0.901963
Average Recall: 0.93825
Initial average recall with ef=150: 0.940859
Weighted average ef: 156.75
Training convergence-bucket 3 [0, 0) with 200 queries.
Average Recall: 0.8859
Initial average recall with ef=100: 0.886325
Average Recall: 0.92945
Initial average recall with ef=150: 0.92994
Recall diff is too small for 1 consecutive steps, break.
Weighted average ef: 177
Training convergence-bucket 4 [0, 0) with 200 queries.
Average Recall: 0.78125
Initial average recall with ef=100: 0.770455
Average Recall: 0.8396
Initial average recall with ef=150: 0.830714
Recall diff is too small for 1 consecutive steps, break.
Recall diff is too small for 1 consecutive steps, break.
Recall diff is too small for 1 consecutive steps, break.
Weighted average ef: 378.385
Training convergence-bucket 5 [0, 0) with 200 queries.
Average Recall: 0.78325
Initial average recall with ef=100: 0.770783
Average Recall: 0.83995
Initial average recall with ef=150: 0.83012
Recall diff is too small for 1 consecutive steps, break.
Recall diff is too small for 1 consecutive steps, break.
Recall diff is too small for 1 consecutive steps, break.
Weighted average ef: 406.405
Training convergence-bucket 6 [0, 0) with 200 queries.
Average Recall: 0.78665
Initial average recall with ef=100: 0.78
Average Recall: 0.8463
Initial average recall with ef=150: 0.842273
Recall diff is too small for 1 consecutive steps, break.
Weighted average ef: 349.385
Training convergence-bucket 7 [0, 0.0703391) with 200 queries.
Average Recall: 0.90175
Initial average recall with ef=100: 0.90825
Average Recall: 0.9376
Initial average recall with ef=150: 0.942188
Weighted average ef: 158.725
Training convergence-bucket 8 [0.0703391, 6.01376) with 200 queries.
Average Recall: 0.8884
Initial average recall with ef=100: 0.902517
Average Recall: 0.92595
Initial average recall with ef=150: 0.937891
Weighted average ef: 175.995
Training convergence-bucket 9 [6.01376, inf) with 200 queries.
Average Recall: 0.86235
Initial average recall with ef=100: 0.864969
Average Recall: 0.91
Initial average recall with ef=150: 0.912919
Weighted average ef: 209.215
Reconstructed True WAE: 212.459 (Hard Pct: 0.0193)
****Weighted average ef: 212
Search time: 667 ms
Search time: 681 ms
Search time: 685 ms
Average Recall: 0.95651
5th percentile recall: 0.84
1st percentile recall: 0.76
Median search time: 681 ms
Search times: 667 ms, 681 ms, 685 ms,
sift10m-128-euclidean experiment results:
statisc_length, time, avg_recall, 5th_percentile_recall, 1st_percentile_recall, recall_above_99, recall_above_95, recall_above_90
33, 681, 0.95651, 0.84, 0.76, 401, 659, 852
Experiment finished


Visited list size: 1025


Loading samplings from /home/ryawszn/experiments/shiro-ef/sampling/sift10m-128-euclidean-samplings--k100-ef.bin
Samplings loaded from /home/ryawszn/experiments/shiro-ef/sampling/sift10m-128-euclidean-samplings--k100-ef.bin
Average Recall: 0.858042
Initial average recall with ef=100: 0.858457
Average Recall: 0.903745
Initial average recall with ef=150: 0.904128
Recall diff is too small for 1 consecutive steps, break.
Weighted average ef: 298.081
EF-estimation table computing time: 7131 ms
Training convergence-bucket 0 [18.7846, 40.9002) with 200 queries.
Average Recall: 0.66015
Initial average recall with ef=100: 0.658206
Average Recall: 0.7358
Initial average recall with ef=150: 0.734022
Weighted average ef: 716.425
Training convergence-bucket 1 [40.9002, 44.7304) with 200 queries.
Average Recall: 0.7099
Initial average recall with ef=100: 0.709091
Average Recall: 0.7835
Initial average recall with ef=150: 0.783155
Recall diff is too small for 1 consecutive steps, break.
Recall diff is too small for 1 consecutive steps, break.
Weighted average ef: 558.505
Training convergence-bucket 2 [44.7304, 49.464) with 200 queries.
Average Recall: 0.781
Initial average recall with ef=100: 0.779243
Average Recall: 0.84685
Initial average recall with ef=150: 0.845838
Recall diff is too small for 1 consecutive steps, break.
Weighted average ef: 376.985
Training convergence-bucket 3 [49.464, 53.5443) with 200 queries.
Average Recall: 0.8323
Initial average recall with ef=100: 0.829305
Average Recall: 0.89095
Initial average recall with ef=150: 0.889572
Weighted average ef: 268.785
Training convergence-bucket 4 [53.5443, 57.5419) with 200 queries.
Average Recall: 0.8692
Initial average recall with ef=100: 0.869193
Average Recall: 0.91845
Initial average recall with ef=150: 0.918656
Weighted average ef: 229.93
Training convergence-bucket 5 [57.5419, 60.7426) with 200 queries.
Average Recall: 0.8967
Initial average recall with ef=100: 0.898361
Average Recall: 0.9415
Initial average recall with ef=150: 0.942841
Weighted average ef: 170.25
Training convergence-bucket 6 [60.7426, 64.4576) with 200 queries.
Average Recall: 0.9267
Initial average recall with ef=100: 0.927925
Average Recall: 0.9621
Initial average recall with ef=150: 0.96367
Weighted average ef: 146.225
Training convergence-bucket 7 [64.4576, 68.8223) with 200 queries.
Average Recall: 0.9464
Initial average recall with ef=100: 0.947409
Average Recall: 0.97505
Initial average recall with ef=150: 0.975596
Weighted average ef: 123.25
Training convergence-bucket 8 [68.8223, 74.3932) with 200 queries.
Average Recall: 0.968751
Initial average recall with ef=100: 0.969275
Average Recall: 0.98715
Initial average recall with ef=150: 0.98772
Weighted average ef: 101.915
Training convergence-bucket 9 [74.3932, inf) with 200 queries.
Average Recall: 0.98935
Initial average recall with ef=100: 0.990526
Average Recall: 0.99615
Initial average recall with ef=150: 0.996842
Weighted average ef: 95
Reconstructed True WAE: 212.693 (Hard Pct: 0.0193)
****Weighted average ef: 212
Search time: 994 ms
Search time: 992 ms
Search time: -716 ms
Average Recall: 0.97846
5th percentile recall: 0.94
1st percentile recall: 0.9
Median search time: 992 ms
Search times: -716 ms, 992 ms, 994 ms,
sift10m-128-euclidean experiment results:
statisc_length, time, avg_recall, 5th_percentile_recall, 1st_percentile_recall, recall_above_99, recall_above_95, recall_above_90
1025, 992, 0.97846, 0.94, 0.9, 473, 859, 989
Experiment finished


Visited list size: 32769


Loading samplings from /home/ryawszn/experiments/shiro-ef/sampling/sift10m-128-euclidean-samplings--k100-ef.bin
Samplings loaded from /home/ryawszn/experiments/shiro-ef/sampling/sift10m-128-euclidean-samplings--k100-ef.bin
Average Recall: 0.995604
Initial average recall with ef=100: 0.995633
Average Recall: 0.995604
Initial average recall with ef=150: 0.995633
Recall diff is too small for 1 consecutive steps, break.
Recall diff is too small for 1 consecutive steps, break.
Weighted average ef: 100.1
EF-estimation table computing time: 31010 ms
Training convergence-bucket 0 [59.0401, 72.7585) with 200 queries.
Average Recall: 0.975801
Initial average recall with ef=100: 0.975787
Average Recall: 0.975801
Initial average recall with ef=150: 0.975787
Recall diff is too small for 1 consecutive steps, break.
Recall diff is too small for 1 consecutive steps, break.
Recall diff is too small for 1 consecutive steps, break.
Weighted average ef: 101.5
Training convergence-bucket 1 [72.7585, 76.2952) with 200 queries.
Average Recall: 0.98925
Initial average recall with ef=100: 0.989077
Average Recall: 0.98925
Initial average recall with ef=150: 0.989077
Weighted average ef: 97.5
Training convergence-bucket 2 [76.2952, 79.6796) with 200 queries.
Average Recall: 0.99545
Initial average recall with ef=100: 0.995455
Average Recall: 0.99545
Initial average recall with ef=150: 0.995455
Weighted average ef: 99
Training convergence-bucket 3 [79.6796, 82.4679) with 200 queries.
Average Recall: 0.9979
Initial average recall with ef=100: 0.997857
Average Recall: 0.9979
Initial average recall with ef=150: 0.997857
Weighted average ef: 98
Training convergence-bucket 4 [82.4679, 85.0157) with 200 queries.
Average Recall: 0.9988
Initial average recall with ef=100: 0.99886
Average Recall: 0.9988
Initial average recall with ef=150: 0.99886
Weighted average ef: 96.5
Training convergence-bucket 5 [85.0157, 87.1067) with 200 queries.
Average Recall: 0.99955
Initial average recall with ef=100: 0.999683
Average Recall: 0.99955
Initial average recall with ef=150: 0.999683
Weighted average ef: 94.5
Training convergence-bucket 6 [87.1067, 88.8307) with 200 queries.
Average Recall: 0.9996
Initial average recall with ef=100: 0.99974
Average Recall: 0.9996
Initial average recall with ef=150: 0.99974
Weighted average ef: 96
Training convergence-bucket 7 [88.8307, 90.5088) with 200 queries.
Average Recall: 0.9998
Initial average recall with ef=100: 0.999795
Average Recall: 0.9998
Initial average recall with ef=150: 0.999795
Weighted average ef: 97.5
Training convergence-bucket 8 [90.5088, 92.0805) with 200 queries.
Average Recall: 0.99995
Initial average recall with ef=100: 0.999947
Average Recall: 0.99995
Initial average recall with ef=150: 0.999947
Weighted average ef: 94.5
Training convergence-bucket 9 [92.0805, inf) with 200 queries.
Average Recall: 0.99995
Initial average recall with ef=100: 0.999949
Average Recall: 0.99995
Initial average recall with ef=150: 0.999949
Weighted average ef: 97.5
Reconstructed True WAE: 100.047 (Hard Pct: 0.0193)
****Weighted average ef: 100
Search time: 7950 ms
Search time: 8428 ms
Search time: 7912 ms
Average Recall: 0.99786
5th percentile recall: 0.99
1st percentile recall: 0.97
Median search time: 7950 ms
Search times: 7912 ms, 7950 ms, 8428 ms,
sift10m-128-euclidean experiment results:
statisc_length, time, avg_recall, 5th_percentile_recall, 1st_percentile_recall, recall_above_99, recall_above_95, recall_above_90
32769, 7950, 0.99786, 0.99, 0.97, 954, 998, 1000
Experiment finished
Dataset: gist-960-euclidean
Metric: l2
Truncation ratio: 1
Data vectors dimensions: 1000000 x 960
Query vectors dimensions: 1000 x 960
Neighbors dimensions: 1000 x 100
Index loaded
Dimension of space:960
Data size of space:3840
Samplings loaded


Visited list size: 100


Loading samplings from /home/ryawszn/experiments/shiro-ef/sampling/gist-960-euclidean-samplings--k100-ef.bin
Samplings loaded from /home/ryawszn/experiments/shiro-ef/sampling/gist-960-euclidean-samplings--k100-ef.bin
Average Recall: 0.723844
Initial average recall with ef=100: 0.724568
Average Recall: 0.798894
Initial average recall with ef=150: 0.799679
Recall diff is too small for 1 consecutive steps, break.
Weighted average ef: 613.463
EF-estimation table computing time: 34602 ms
Training convergence-bucket 0 [0, 4.82426) with 200 queries.
Average Recall: 0.71705
Initial average recall with ef=100: 0.697751
Average Recall: 0.7916
Initial average recall with ef=150: 0.775917
Recall diff is too small for 1 consecutive steps, break.
Recall diff is too small for 1 consecutive steps, break.
Weighted average ef: 565.89
Training convergence-bucket 1 [4.82426, 9.1491) with 200 queries.
Average Recall: 0.7229
Initial average recall with ef=100: 0.698696
Average Recall: 0.7979
Initial average recall with ef=150: 0.77795
Recall diff is too small for 1 consecutive steps, break.
Recall diff is too small for 1 consecutive steps, break.
Weighted average ef: 515.035
Training convergence-bucket 2 [9.1491, 11.4679) with 200 queries.
Average Recall: 0.69565
Initial average recall with ef=100: 0.683918
Average Recall: 0.7779
Initial average recall with ef=150: 0.769181
Weighted average ef: 566.77
Training convergence-bucket 3 [11.4679, 14.2397) with 200 queries.
Average Recall: 0.7198
Initial average recall with ef=100: 0.69359
Average Recall: 0.80125
Initial average recall with ef=150: 0.777628
Recall diff is too small for 1 consecutive steps, break.
Recall diff is too small for 1 consecutive steps, break.
Weighted average ef: 543
Training convergence-bucket 4 [14.2397, 16.9454) with 200 queries.
Average Recall: 0.7398
Initial average recall with ef=100: 0.723735
Average Recall: 0.8153
Initial average recall with ef=150: 0.803434
Recall diff is too small for 1 consecutive steps, break.
Weighted average ef: 461.37
Training convergence-bucket 5 [16.9454, 19.383) with 200 queries.
Average Recall: 0.694
Initial average recall with ef=100: 0.661316
Average Recall: 0.7732
Initial average recall with ef=150: 0.746711
Recall diff is too small for 1 consecutive steps, break.
Recall diff is too small for 1 consecutive steps, break.
Weighted average ef: 624.165
Training convergence-bucket 6 [19.383, 21.9541) with 200 queries.
Average Recall: 0.70125
Initial average recall with ef=100: 0.675714
Average Recall: 0.77635
Initial average recall with ef=150: 0.755119
Recall diff is too small for 1 consecutive steps, break.
Recall diff is too small for 1 consecutive steps, break.
Recall diff is too small for 1 consecutive steps, break.
Recall diff is too small for 1 consecutive steps, break.
Weighted average ef: 693.72
Training convergence-bucket 7 [21.9541, 25.8595) with 200 queries.
Average Recall: 0.7116
Initial average recall with ef=100: 0.683205
Average Recall: 0.78745
Initial average recall with ef=150: 0.76532
Recall diff is too small for 1 consecutive steps, break.
Weighted average ef: 590.1
Training convergence-bucket 8 [25.8595, 32.4851) with 200 queries.
Average Recall: 0.7456
Initial average recall with ef=100: 0.746645
Average Recall: 0.8181
Initial average recall with ef=150: 0.820132
Recall diff is too small for 1 consecutive steps, break.
Recall diff is too small for 1 consecutive steps, break.
Recall diff is too small for 1 consecutive steps, break.
Weighted average ef: 420.545
Training convergence-bucket 9 [32.4851, inf) with 200 queries.
Average Recall: 0.7908
Initial average recall with ef=100: 0.798924
Average Recall: 0.8499
Initial average recall with ef=150: 0.857089
Recall diff is too small for 1 consecutive steps, break.
Weighted average ef: 380.97
Reconstructed True WAE: 582.99 (Hard Pct: 0.01025)
****Weighted average ef: 582
Search time: 4186 ms
Search time: 2414 ms
Search time: 4186 ms
Average Recall: 0.96816
5th percentile recall: 0.89
1st percentile recall: 0.85
Median search time: 4186 ms
Search times: 2414 ms, 4186 ms, 4186 ms,
gist-960-euclidean experiment results:
statisc_length, time, avg_recall, 5th_percentile_recall, 1st_percentile_recall, recall_above_99, recall_above_95, recall_above_90
100, 4186, 0.96816, 0.89, 0.85, 430, 722, 935
Experiment finished


Visited list size: 250


Loading samplings from /home/ryawszn/experiments/shiro-ef/sampling/gist-960-euclidean-samplings--k100-ef.bin
Samplings loaded from /home/ryawszn/experiments/shiro-ef/sampling/gist-960-euclidean-samplings--k100-ef.bin
Average Recall: 0.723844
Initial average recall with ef=100: 0.724832
Average Recall: 0.798894
Initial average recall with ef=150: 0.799869
Recall diff is too small for 1 consecutive steps, break.
Weighted average ef: 616.916
EF-estimation table computing time: 35484 ms
Training convergence-bucket 0 [6.07386, 18.3962) with 200 queries.
Average Recall: 0.6517
Initial average recall with ef=100: 0.639716
Average Recall: 0.7388
Initial average recall with ef=150: 0.729205
Recall diff is too small for 1 consecutive steps, break.
Recall diff is too small for 1 consecutive steps, break.
Weighted average ef: 765.765
Training convergence-bucket 1 [18.3962, 21.7511) with 200 queries.
Average Recall: 0.65985
Initial average recall with ef=100: 0.64569
Average Recall: 0.74465
Initial average recall with ef=150: 0.733563
Weighted average ef: 716.7
Training convergence-bucket 2 [21.7511, 24.0659) with 200 queries.
Average Recall: 0.66205
Initial average recall with ef=100: 0.658432
Average Recall: 0.74535
Initial average recall with ef=150: 0.743027
Recall diff is too small for 1 consecutive steps, break.
Recall diff is too small for 1 consecutive steps, break.
Weighted average ef: 811.66
Training convergence-bucket 3 [24.0659, 26.3556) with 200 queries.
Average Recall: 0.66125
Initial average recall with ef=100: 0.643107
Average Recall: 0.74455
Initial average recall with ef=150: 0.728588
Weighted average ef: 776.13
Training convergence-bucket 4 [26.3556, 28.7755) with 200 queries.
Average Recall: 0.67105
Initial average recall with ef=100: 0.649053
Average Recall: 0.7574
Initial average recall with ef=150: 0.739586
Weighted average ef: 653.975
Training convergence-bucket 5 [28.7755, 31.4606) with 200 queries.
Average Recall: 0.6955
Initial average recall with ef=100: 0.685205
Average Recall: 0.77785
Initial average recall with ef=150: 0.769415
Recall diff is too small for 1 consecutive steps, break.
Recall diff is too small for 1 consecutive steps, break.
Recall diff is too small for 1 consecutive steps, break.
Weighted average ef: 643.295
Training convergence-bucket 6 [31.4606, 34.6797) with 200 queries.
Average Recall: 0.7372
Initial average recall with ef=100: 0.73895
Average Recall: 0.8113
Initial average recall with ef=150: 0.812541
Recall diff is too small for 1 consecutive steps, break.
Weighted average ef: 566.55
Training convergence-bucket 7 [34.6797, 39.6185) with 200 queries.
Average Recall: 0.7755
Initial average recall with ef=100: 0.769408
Average Recall: 0.84455
Initial average recall with ef=150: 0.839645
Recall diff is too small for 1 consecutive steps, break.
Recall diff is too small for 1 consecutive steps, break.
Weighted average ef: 389.245
Training convergence-bucket 8 [39.6185, 47.8641) with 200 queries.
Average Recall: 0.8196
Initial average recall with ef=100: 0.826211
Average Recall: 0.88285
Initial average recall with ef=150: 0.889068
Weighted average ef: 294.3
Training convergence-bucket 9 [47.8641, inf) with 200 queries.
Average Recall: 0.90475
Initial average recall with ef=100: 0.921191
Average Recall: 0.94165
Initial average recall with ef=150: 0.953571
Weighted average ef: 153.91
Reconstructed True WAE: 572.962 (Hard Pct: 0.01025)
****Weighted average ef: 572
Search time: 4345 ms
Search time: 4366 ms
Search time: 4342 ms
Average Recall: 0.97002
5th percentile recall: 0.9
1st percentile recall: 0.85
Median search time: 4345 ms
Search times: 4342 ms, 4345 ms, 4366 ms,
gist-960-euclidean experiment results:
statisc_length, time, avg_recall, 5th_percentile_recall, 1st_percentile_recall, recall_above_99, recall_above_95, recall_above_90
250, 4345, 0.97002, 0.9, 0.85, 427, 747, 947
Experiment finished


Visited list size: 500


Loading samplings from /home/ryawszn/experiments/shiro-ef/sampling/gist-960-euclidean-samplings--k100-ef.bin
Samplings loaded from /home/ryawszn/experiments/shiro-ef/sampling/gist-960-euclidean-samplings--k100-ef.bin
Average Recall: 0.723844
Initial average recall with ef=100: 0.723273
Average Recall: 0.798894
Initial average recall with ef=150: 0.798585
Weighted average ef: 630.346
EF-estimation table computing time: 34047 ms
Training convergence-bucket 0 [16.1765, 26.5588) with 200 queries.
Average Recall: 0.57215
Initial average recall with ef=100: 0.566075
Average Recall: 0.66775
Initial average recall with ef=150: 0.663979
Recall diff is too small for 1 consecutive steps, break.
Weighted average ef: 1038.29
Training convergence-bucket 1 [26.5588, 29.5592) with 200 queries.
Average Recall: 0.6034
Initial average recall with ef=100: 0.592857
Average Recall: 0.69215
Initial average recall with ef=150: 0.683022
Recall diff is too small for 1 consecutive steps, break.
Weighted average ef: 905.66
Training convergence-bucket 2 [29.5592, 32.0027) with 200 queries.
Average Recall: 0.61215
Initial average recall with ef=100: 0.60627
Average Recall: 0.7057
Initial average recall with ef=150: 0.699838
Recall diff is too small for 1 consecutive steps, break.
Recall diff is too small for 1 consecutive steps, break.
Recall diff is too small for 1 consecutive steps, break.
Recall diff is too small for 1 consecutive steps, break.
Weighted average ef: 905.775
Training convergence-bucket 3 [32.0027, 34.4181) with 200 queries.
Average Recall: 0.6561
Initial average recall with ef=100: 0.652857
Average Recall: 0.7422
Initial average recall with ef=150: 0.73945
Recall diff is too small for 1 consecutive steps, break.
Weighted average ef: 743.825
Training convergence-bucket 4 [34.4181, 37.3799) with 200 queries.
Average Recall: 0.6847
Initial average recall with ef=100: 0.677111
Average Recall: 0.7719
Initial average recall with ef=150: 0.765556
Recall diff is too small for 1 consecutive steps, break.
Weighted average ef: 616.435
Training convergence-bucket 5 [37.3799, 40.5348) with 200 queries.
Average Recall: 0.7325
Initial average recall with ef=100: 0.732649
Average Recall: 0.8143
Initial average recall with ef=150: 0.814487
Recall diff is too small for 1 consecutive steps, break.
Recall diff is too small for 1 consecutive steps, break.
Weighted average ef: 504.62
Training convergence-bucket 6 [40.5348, 43.759) with 200 queries.
Average Recall: 0.7598
Initial average recall with ef=100: 0.765193
Average Recall: 0.83585
Initial average recall with ef=150: 0.840331
Recall diff is too small for 1 consecutive steps, break.
Weighted average ef: 404.17
Training convergence-bucket 7 [43.759, 48.94) with 200 queries.
Average Recall: 0.81795
Initial average recall with ef=100: 0.81776
Average Recall: 0.8793
Initial average recall with ef=150: 0.879344
Recall diff is too small for 1 consecutive steps, break.
Weighted average ef: 333.905
Training convergence-bucket 8 [48.94, 57.2086) with 200 queries.
Average Recall: 0.8636
Initial average recall with ef=100: 0.868421
Average Recall: 0.91585
Initial average recall with ef=150: 0.920292
Weighted average ef: 211.215
Training convergence-bucket 9 [57.2086, inf) with 200 queries.
Average Recall: 0.936101
Initial average recall with ef=100: 0.941486
Average Recall: 0.96395
Initial average recall with ef=150: 0.967143
Recall diff is too small for 1 consecutive steps, break.
Weighted average ef: 125.3
Reconstructed True WAE: 552 (Hard Pct: 0.01025)
****Weighted average ef: 551
Search time: 4328 ms
Search time: 4364 ms
Search time: 4341 ms
Average Recall: 0.97023
5th percentile recall: 0.91
1st percentile recall: 0.87
Median search time: 4341 ms
Search times: 4328 ms, 4341 ms, 4364 ms,
gist-960-euclidean experiment results:
statisc_length, time, avg_recall, 5th_percentile_recall, 1st_percentile_recall, recall_above_99, recall_above_95, recall_above_90
500, 4341, 0.97023, 0.91, 0.87, 416, 744, 955
Experiment finished


Visited list size: 750


Loading samplings from /home/ryawszn/experiments/shiro-ef/sampling/gist-960-euclidean-samplings--k100-ef.bin
Samplings loaded from /home/ryawszn/experiments/shiro-ef/sampling/gist-960-euclidean-samplings--k100-ef.bin
Average Recall: 0.723844
Initial average recall with ef=100: 0.723874
Average Recall: 0.798894
Initial average recall with ef=150: 0.799042
Recall diff is too small for 1 consecutive steps, break.
Weighted average ef: 632.465
EF-estimation table computing time: 36827 ms
Training convergence-bucket 0 [21.3682, 30.8543) with 200 queries.
Average Recall: 0.5428
Initial average recall with ef=100: 0.541927
Average Recall: 0.63675
Initial average recall with ef=150: 0.636458
Recall diff is too small for 1 consecutive steps, break.
Weighted average ef: 1273.57
Training convergence-bucket 1 [30.8543, 33.534) with 200 queries.
Average Recall: 0.5701
Initial average recall with ef=100: 0.570417
Average Recall: 0.6683
Initial average recall with ef=150: 0.669219
Recall diff is too small for 1 consecutive steps, break.
Weighted average ef: 1032.83
Training convergence-bucket 2 [33.534, 36.1202) with 200 queries.
Average Recall: 0.60785
Initial average recall with ef=100: 0.608737
Average Recall: 0.70275
Initial average recall with ef=150: 0.703579
Recall diff is too small for 1 consecutive steps, break.
Recall diff is too small for 1 consecutive steps, break.
Weighted average ef: 862.04
Training convergence-bucket 3 [36.1202, 38.6991) with 200 queries.
Average Recall: 0.66275
Initial average recall with ef=100: 0.661429
Average Recall: 0.74965
Initial average recall with ef=150: 0.748307
Recall diff is too small for 1 consecutive steps, break.
Weighted average ef: 645.825
Training convergence-bucket 4 [38.6991, 41.5985) with 200 queries.
Average Recall: 0.6997
Initial average recall with ef=100: 0.69861
Average Recall: 0.7834
Initial average recall with ef=150: 0.783048
Recall diff is too small for 1 consecutive steps, break.
Weighted average ef: 595.865
Training convergence-bucket 5 [41.5985, 44.6873) with 200 queries.
Average Recall: 0.7379
Initial average recall with ef=100: 0.740323
Average Recall: 0.8153
Initial average recall with ef=150: 0.817903
Weighted average ef: 456.175
Training convergence-bucket 6 [44.6873, 48.5138) with 200 queries.
Average Recall: 0.777
Initial average recall with ef=100: 0.781862
Average Recall: 0.853
Initial average recall with ef=150: 0.858191
Weighted average ef: 394.38
Training convergence-bucket 7 [48.5138, 53.5169) with 200 queries.
Average Recall: 0.82455
Initial average recall with ef=100: 0.827039
Average Recall: 0.8879
Initial average recall with ef=150: 0.890559
Weighted average ef: 276.29
Training convergence-bucket 8 [53.5169, 61.7752) with 200 queries.
Average Recall: 0.86855
Initial average recall with ef=100: 0.873125
Average Recall: 0.9208
Initial average recall with ef=150: 0.925625
Weighted average ef: 203.25
Training convergence-bucket 9 [61.7752, inf) with 200 queries.
Average Recall: 0.947251
Initial average recall with ef=100: 0.948791
Average Recall: 0.9711
Initial average recall with ef=150: 0.971758
Weighted average ef: 118.87
Reconstructed True WAE: 532.362 (Hard Pct: 0.01025)
****Weighted average ef: 532
Search time: 4334 ms
Search time: 4286 ms
Search time: 4313 ms
Average Recall: 0.97004
5th percentile recall: 0.91
1st percentile recall: 0.87
Median search time: 4313 ms
Search times: 4286 ms, 4313 ms, 4334 ms,
gist-960-euclidean experiment results:
statisc_length, time, avg_recall, 5th_percentile_recall, 1st_percentile_recall, recall_above_99, recall_above_95, recall_above_90
750, 4313, 0.97004, 0.91, 0.87, 409, 741, 960
Experiment finished


Visited list size: 1000


Loading samplings from /home/ryawszn/experiments/shiro-ef/sampling/gist-960-euclidean-samplings--k100-ef.bin
Samplings loaded from /home/ryawszn/experiments/shiro-ef/sampling/gist-960-euclidean-samplings--k100-ef.bin
Average Recall: 0.723844
Initial average recall with ef=100: 0.722466
Average Recall: 0.798894
Initial average recall with ef=150: 0.797926
Recall diff is too small for 1 consecutive steps, break.
Weighted average ef: 637.894
EF-estimation table computing time: 35957 ms
Training convergence-bucket 0 [24.8759, 33.4899) with 200 queries.
Average Recall: 0.50625
Initial average recall with ef=100: 0.50518
Average Recall: 0.6022
Initial average recall with ef=150: 0.601077
Recall diff is too small for 1 consecutive steps, break.
Weighted average ef: 1545.4
Training convergence-bucket 1 [33.4899, 36.2312) with 200 queries.
Average Recall: 0.57495
Initial average recall with ef=100: 0.578263
Average Recall: 0.66995
Initial average recall with ef=150: 0.673789
Weighted average ef: 966.39
Training convergence-bucket 2 [36.2312, 39.0019) with 200 queries.
Average Recall: 0.62385
Initial average recall with ef=100: 0.624555
Average Recall: 0.71995
Initial average recall with ef=150: 0.720105
Weighted average ef: 759.005
Training convergence-bucket 3 [39.0019, 41.4952) with 200 queries.
Average Recall: 0.64195
Initial average recall with ef=100: 0.643454
Average Recall: 0.73365
Initial average recall with ef=150: 0.734433
Weighted average ef: 808.32
Training convergence-bucket 4 [41.4952, 44.663) with 200 queries.
Average Recall: 0.7025
Initial average recall with ef=100: 0.70456
Average Recall: 0.7867
Initial average recall with ef=150: 0.788705
Recall diff is too small for 1 consecutive steps, break.
Recall diff is too small for 1 consecutive steps, break.
Recall diff is too small for 1 consecutive steps, break.
Weighted average ef: 559.665
Training convergence-bucket 5 [44.663, 47.6765) with 200 queries.
Average Recall: 0.74945
Initial average recall with ef=100: 0.747037
Average Recall: 0.83
Initial average recall with ef=150: 0.827566
Weighted average ef: 451.61
Training convergence-bucket 6 [47.6765, 51.6581) with 200 queries.
Average Recall: 0.7808
Initial average recall with ef=100: 0.78037
Average Recall: 0.8523
Initial average recall with ef=150: 0.852751
Weighted average ef: 378.75
Training convergence-bucket 7 [51.6581, 56.9531) with 200 queries.
Average Recall: 0.83
Initial average recall with ef=100: 0.832682
Average Recall: 0.89335
Initial average recall with ef=150: 0.895978
Recall diff is too small for 1 consecutive steps, break.
Weighted average ef: 262.595
Training convergence-bucket 8 [56.9531, 65.0541) with 200 queries.
Average Recall: 0.87955
Initial average recall with ef=100: 0.879
Average Recall: 0.92905
Initial average recall with ef=150: 0.929778
Weighted average ef: 202.04
Training convergence-bucket 9 [65.0541, inf) with 200 queries.
Average Recall: 0.949151
Initial average recall with ef=100: 0.95355
Average Recall: 0.9718
Initial average recall with ef=150: 0.975385
Weighted average ef: 108.35
Reconstructed True WAE: 533.304 (Hard Pct: 0.01025)
****Weighted average ef: 533
Search time: 2657 ms
Search time: 4403 ms
Search time: 4400 ms
Average Recall: 0.97084
5th percentile recall: 0.91
1st percentile recall: 0.87
Median search time: 4400 ms
Search times: 2657 ms, 4400 ms, 4403 ms,
gist-960-euclidean experiment results:
statisc_length, time, avg_recall, 5th_percentile_recall, 1st_percentile_recall, recall_above_99, recall_above_95, recall_above_90
1000, 4400, 0.97084, 0.91, 0.87, 421, 751, 963
Experiment finished


Visited list size: 2000


Loading samplings from /home/ryawszn/experiments/shiro-ef/sampling/gist-960-euclidean-samplings--k100-ef.bin
Samplings loaded from /home/ryawszn/experiments/shiro-ef/sampling/gist-960-euclidean-samplings--k100-ef.bin
Average Recall: 0.724344
Initial average recall with ef=100: 0.723939
Average Recall: 0.798894
Initial average recall with ef=150: 0.798741
Weighted average ef: 641.144
EF-estimation table computing time: 37300 ms
Training convergence-bucket 0 [32.6456, 40.5608) with 200 queries.
Average Recall: 0.48525
Initial average recall with ef=100: 0.484508
Average Recall: 0.5814
Initial average recall with ef=150: 0.581451
Recall diff is too small for 1 consecutive steps, break.
Recall diff is too small for 1 consecutive steps, break.
Weighted average ef: 1419.93
Training convergence-bucket 1 [40.5608, 43.2234) with 200 queries.
Average Recall: 0.55645
Initial average recall with ef=100: 0.555025
Average Recall: 0.65445
Initial average recall with ef=150: 0.653452
Weighted average ef: 1199.78
Training convergence-bucket 2 [43.2234, 45.8714) with 200 queries.
Average Recall: 0.6038
Initial average recall with ef=100: 0.606283
Average Recall: 0.7012
Initial average recall with ef=150: 0.702094
Recall diff is too small for 1 consecutive steps, break.
Recall diff is too small for 1 consecutive steps, break.
Weighted average ef: 837.035
Training convergence-bucket 3 [45.8714, 48.6714) with 200 queries.
Average Recall: 0.6573
Initial average recall with ef=100: 0.65979
Average Recall: 0.75135
Initial average recall with ef=150: 0.753158
Recall diff is too small for 1 consecutive steps, break.
Weighted average ef: 589.16
Training convergence-bucket 4 [48.6714, 51.7107) with 200 queries.
Average Recall: 0.70525
Initial average recall with ef=100: 0.706718
Average Recall: 0.78825
Initial average recall with ef=150: 0.788872
Recall diff is too small for 1 consecutive steps, break.
Weighted average ef: 597.255
Training convergence-bucket 5 [51.7107, 54.9148) with 200 queries.
Average Recall: 0.75145
Initial average recall with ef=100: 0.752872
Average Recall: 0.82895
Initial average recall with ef=150: 0.830872
Weighted average ef: 455.81
Training convergence-bucket 6 [54.9148, 59.0832) with 200 queries.
Average Recall: 0.79065
Initial average recall with ef=100: 0.796614
Average Recall: 0.8635
Initial average recall with ef=150: 0.868148
Weighted average ef: 341.87
Training convergence-bucket 7 [59.0832, 64.4483) with 200 queries.
Average Recall: 0.8413
Initial average recall with ef=100: 0.842737
Average Recall: 0.90385
Initial average recall with ef=150: 0.905684
Weighted average ef: 250.98
Training convergence-bucket 8 [64.4483, 72.3124) with 200 queries.
Average Recall: 0.89535
Initial average recall with ef=100: 0.897312
Average Recall: 0.93915
Initial average recall with ef=150: 0.941559
Weighted average ef: 182.91
Training convergence-bucket 9 [72.3124, inf) with 200 queries.
Average Recall: 0.956651
Initial average recall with ef=100: 0.960414
Average Recall: 0.97685
Initial average recall with ef=150: 0.978994
Weighted average ef: 102.25
Reconstructed True WAE: 525.214 (Hard Pct: 0.01025)
****Weighted average ef: 525
Search time: 4415 ms
Search time: 2699 ms
Search time: 4444 ms
Average Recall: 0.9698
5th percentile recall: 0.91
1st percentile recall: 0.87
Median search time: 4415 ms
Search times: 2699 ms, 4415 ms, 4444 ms,
gist-960-euclidean experiment results:
statisc_length, time, avg_recall, 5th_percentile_recall, 1st_percentile_recall, recall_above_99, recall_above_95, recall_above_90
2000, 4415, 0.9698, 0.91, 0.87, 390, 738, 963
Experiment finished


Visited list size: 33


Loading samplings from /home/ryawszn/experiments/shiro-ef/sampling/gist-960-euclidean-samplings--k100-ef.bin
Samplings loaded from /home/ryawszn/experiments/shiro-ef/sampling/gist-960-euclidean-samplings--k100-ef.bin
Average Recall: 0.723844
Initial average recall with ef=100: 0.72367
Average Recall: 0.798894
Initial average recall with ef=150: 0.798824
Recall diff is too small for 1 consecutive steps, break.
Recall diff is too small for 1 consecutive steps, break.
Weighted average ef: 611.363
EF-estimation table computing time: 33640 ms
Training convergence-bucket 0 [0, 0) with 200 queries.
Average Recall: 0.74615
Initial average recall with ef=100: 0.735928
Average Recall: 0.82075
Initial average recall with ef=150: 0.811138
Weighted average ef: 477.64
Training convergence-bucket 1 [0, 0) with 200 queries.
Average Recall: 0.7572
Initial average recall with ef=100: 0.748509
Average Recall: 0.83195
Initial average recall with ef=150: 0.826211
Weighted average ef: 395.715
Training convergence-bucket 2 [0, 0) with 200 queries.
Average Recall: 0.7492
Initial average recall with ef=100: 0.738791
Average Recall: 0.82475
Initial average recall with ef=150: 0.816044
Recall diff is too small for 1 consecutive steps, break.
Recall diff is too small for 1 consecutive steps, break.
Weighted average ef: 500.46
Training convergence-bucket 3 [0, 0) with 200 queries.
Average Recall: 0.7181
Initial average recall with ef=100: 0.70795
Average Recall: 0.7957
Initial average recall with ef=150: 0.788509
Weighted average ef: 486.115
Training convergence-bucket 4 [0, 0) with 200 queries.
Average Recall: 0.74455
Initial average recall with ef=100: 0.737702
Average Recall: 0.81765
Initial average recall with ef=150: 0.810932
Recall diff is too small for 1 consecutive steps, break.
Recall diff is too small for 1 consecutive steps, break.
Weighted average ef: 409.32
Training convergence-bucket 5 [0, 0) with 200 queries.
Average Recall: 0.64495
Initial average recall with ef=100: 0.616626
Average Recall: 0.7266
Initial average recall with ef=150: 0.703436
Recall diff is too small for 1 consecutive steps, break.
Recall diff is too small for 1 consecutive steps, break.
Recall diff is too small for 1 consecutive steps, break.
Recall diff is too small for 1 consecutive steps, break.
Weighted average ef: 823.17
Training convergence-bucket 6 [0, 0) with 200 queries.
Average Recall: 0.6329
Initial average recall with ef=100: 0.598896
Average Recall: 0.7191
Initial average recall with ef=150: 0.690245
Recall diff is too small for 1 consecutive steps, break.
Recall diff is too small for 1 consecutive steps, break.
Recall diff is too small for 1 consecutive steps, break.
Recall diff is too small for 1 consecutive steps, break.
Weighted average ef: 921.43
Training convergence-bucket 7 [0, 0) with 200 queries.
Average Recall: 0.7347
Initial average recall with ef=100: 0.719554
Average Recall: 0.8106
Initial average recall with ef=150: 0.796752
Recall diff is too small for 1 consecutive steps, break.
Weighted average ef: 477.32
Training convergence-bucket 8 [0, 8.97154) with 200 queries.
Average Recall: 0.78265
Initial average recall with ef=100: 0.782628
Average Recall: 0.84475
Initial average recall with ef=150: 0.842308
Recall diff is too small for 1 consecutive steps, break.
Recall diff is too small for 1 consecutive steps, break.
Weighted average ef: 381.635
Training convergence-bucket 9 [8.97154, inf) with 200 queries.
Average Recall: 0.72805
Initial average recall with ef=100: 0.709557
Average Recall: 0.7971
Initial average recall with ef=150: 0.782595
Recall diff is too small for 1 consecutive steps, break.
Recall diff is too small for 1 consecutive steps, break.
Weighted average ef: 573.96
Reconstructed True WAE: 557.092 (Hard Pct: 0.01025)
****Weighted average ef: 557
Search time: 3994 ms
Search time: 4022 ms
Search time: 4018 ms
Average Recall: 0.96436
5th percentile recall: 0.89
1st percentile recall: 0.83
Median search time: 4018 ms
Search times: 3994 ms, 4018 ms, 4022 ms,
gist-960-euclidean experiment results:
statisc_length, time, avg_recall, 5th_percentile_recall, 1st_percentile_recall, recall_above_99, recall_above_95, recall_above_90
33, 4018, 0.96436, 0.89, 0.83, 422, 665, 908
Experiment finished


Visited list size: 1025


Loading samplings from /home/ryawszn/experiments/shiro-ef/sampling/gist-960-euclidean-samplings--k100-ef.bin
Samplings loaded from /home/ryawszn/experiments/shiro-ef/sampling/gist-960-euclidean-samplings--k100-ef.bin
Average Recall: 0.723844
Initial average recall with ef=100: 0.721912
Average Recall: 0.798894
Initial average recall with ef=150: 0.797498
Recall diff is too small for 1 consecutive steps, break.
Weighted average ef: 635.626
EF-estimation table computing time: 36234 ms
Training convergence-bucket 0 [24.9024, 33.568) with 200 queries.
Average Recall: 0.508
Initial average recall with ef=100: 0.503213
Average Recall: 0.60355
Initial average recall with ef=150: 0.599378
Weighted average ef: 1508.77
Training convergence-bucket 1 [33.568, 36.3992) with 200 queries.
Average Recall: 0.56975
Initial average recall with ef=100: 0.571421
Average Recall: 0.6655
Initial average recall with ef=150: 0.666526
Recall diff is too small for 1 consecutive steps, break.
Weighted average ef: 1000.66
Training convergence-bucket 2 [36.3992, 39.2452) with 200 queries.
Average Recall: 0.6235
Initial average recall with ef=100: 0.624868
Average Recall: 0.71905
Initial average recall with ef=150: 0.719524
Recall diff is too small for 1 consecutive steps, break.
Weighted average ef: 766.565
Training convergence-bucket 3 [39.2452, 41.8578) with 200 queries.
Average Recall: 0.6425
Initial average recall with ef=100: 0.64399
Average Recall: 0.73635
Initial average recall with ef=150: 0.737358
Recall diff is too small for 1 consecutive steps, break.
Recall diff is too small for 1 consecutive steps, break.
Weighted average ef: 695.55
Training convergence-bucket 4 [41.8578, 44.8615) with 200 queries.
Average Recall: 0.70045
Initial average recall with ef=100: 0.703069
Average Recall: 0.78305
Initial average recall with ef=150: 0.78545
Recall diff is too small for 1 consecutive steps, break.
Recall diff is too small for 1 consecutive steps, break.
Recall diff is too small for 1 consecutive steps, break.
Weighted average ef: 564.84
Training convergence-bucket 5 [44.8615, 48.0515) with 200 queries.
Average Recall: 0.74755
Initial average recall with ef=100: 0.746796
Average Recall: 0.82865
Initial average recall with ef=150: 0.828122
Recall diff is too small for 1 consecutive steps, break.
Weighted average ef: 438.215
Training convergence-bucket 6 [48.0515, 51.9877) with 200 queries.
Average Recall: 0.78695
Initial average recall with ef=100: 0.788085
Average Recall: 0.8561
Initial average recall with ef=150: 0.856755
Recall diff is too small for 1 consecutive steps, break.
Recall diff is too small for 1 consecutive steps, break.
Weighted average ef: 362.53
Training convergence-bucket 7 [51.9877, 57.3123) with 200 queries.
Average Recall: 0.82795
Initial average recall with ef=100: 0.832147
Average Recall: 0.8936
Initial average recall with ef=150: 0.897797
Weighted average ef: 257.965
Training convergence-bucket 8 [57.3123, 65.3164) with 200 queries.
Average Recall: 0.88125
Initial average recall with ef=100: 0.87908
Average Recall: 0.9306
Initial average recall with ef=150: 0.929828
Weighted average ef: 197.91
Training convergence-bucket 9 [65.3164, inf) with 200 queries.
Average Recall: 0.950551
Initial average recall with ef=100: 0.956765
Average Recall: 0.9725
Initial average recall with ef=150: 0.977647
Weighted average ef: 103.25
Reconstructed True WAE: 519.406 (Hard Pct: 0.01025)
****Weighted average ef: 519
Search time: 4286 ms
Search time: 4325 ms
Search time: 4317 ms
Average Recall: 0.9698
5th percentile recall: 0.91
1st percentile recall: 0.87
Median search time: 4317 ms
Search times: 4286 ms, 4317 ms, 4325 ms,
gist-960-euclidean experiment results:
statisc_length, time, avg_recall, 5th_percentile_recall, 1st_percentile_recall, recall_above_99, recall_above_95, recall_above_90
1025, 4317, 0.9698, 0.91, 0.87, 400, 740, 962
Experiment finished


Visited list size: 32769


Loading samplings from /home/ryawszn/experiments/shiro-ef/sampling/gist-960-euclidean-samplings--k100-ef.bin
Samplings loaded from /home/ryawszn/experiments/shiro-ef/sampling/gist-960-euclidean-samplings--k100-ef.bin
Average Recall: 0.982145
Initial average recall with ef=100: 0.982199
Average Recall: 0.982145
Initial average recall with ef=150: 0.982199
Weighted average ef: 442.668
EF-estimation table computing time: 55870 ms
Training convergence-bucket 0 [64.1327, 72.8345) with 200 queries.
Average Recall: 0.9282
Initial average recall with ef=100: 0.929141
Average Recall: 0.9282
Initial average recall with ef=150: 0.929141
Weighted average ef: 3359.52
Training convergence-bucket 1 [72.8345, 75.4931) with 200 queries.
Average Recall: 0.96515
Initial average recall with ef=100: 0.965692
Average Recall: 0.96515
Initial average recall with ef=150: 0.965692
Weighted average ef: 223.99
Training convergence-bucket 2 [75.4931, 77.6217) with 200 queries.
Average Recall: 0.97385
Initial average recall with ef=100: 0.976392
Average Recall: 0.97385
Initial average recall with ef=150: 0.976392
Weighted average ef: 319.95
Training convergence-bucket 3 [77.6217, 79.7098) with 200 queries.
Average Recall: 0.983601
Initial average recall with ef=100: 0.984021
Average Recall: 0.983601
Initial average recall with ef=150: 0.984021
Weighted average ef: 97
Training convergence-bucket 4 [79.7098, 81.7186) with 200 queries.
Average Recall: 0.98785
Initial average recall with ef=100: 0.987908
Average Recall: 0.98785
Initial average recall with ef=150: 0.987908
Weighted average ef: 98
Training convergence-bucket 5 [81.7186, 83.5005) with 200 queries.
Average Recall: 0.99275
Initial average recall with ef=100: 0.993333
Average Recall: 0.99275
Initial average recall with ef=150: 0.993333
Weighted average ef: 96
Training convergence-bucket 6 [83.5005, 85.4656) with 200 queries.
Average Recall: 0.99455
Initial average recall with ef=100: 0.995155
Average Recall: 0.99455
Initial average recall with ef=150: 0.995155
Weighted average ef: 97
Training convergence-bucket 7 [85.4656, 87.5829) with 200 queries.
Average Recall: 0.99735
Initial average recall with ef=100: 0.997539
Average Recall: 0.99735
Initial average recall with ef=150: 0.997539
Weighted average ef: 95.5
Training convergence-bucket 8 [87.5829, 90.3693) with 200 queries.
Average Recall: 0.9987
Initial average recall with ef=100: 0.998723
Average Recall: 0.9987
Initial average recall with ef=150: 0.998723
Weighted average ef: 94
Training convergence-bucket 9 [90.3693, inf) with 200 queries.
Average Recall: 0.9995
Initial average recall with ef=100: 0.99962
Average Recall: 0.9995
Initial average recall with ef=150: 0.99962
Weighted average ef: 92
Reconstructed True WAE: 276.15 (Hard Pct: 0.01025)
****Weighted average ef: 276
Search time: 12903 ms
Search time: 14276 ms
Search time: 12555 ms
Average Recall: 0.98771
5th percentile recall: 0.95
1st percentile recall: 0.93
Median search time: 12903 ms
Search times: 12555 ms, 12903 ms, 14276 ms,
gist-960-euclidean experiment results:
statisc_length, time, avg_recall, 5th_percentile_recall, 1st_percentile_recall, recall_above_99, recall_above_95, recall_above_90
32769, 12903, 0.98771, 0.95, 0.93, 688, 939, 998
Experiment finished
Dataset: tiny5m-384-euclidean
Metric: l2
Truncation ratio: 1
Data vectors dimensions: 5000000 x 384
Query vectors dimensions: 1000 x 384
Neighbors dimensions: 1000 x 100
Index loaded
Dimension of space:384
Data size of space:1536
Samplings loaded


Visited list size: 100


Loading samplings from /home/ryawszn/experiments/shiro-ef/sampling/tiny5m-384-euclidean-samplings--k100-ef.bin
Samplings loaded from /home/ryawszn/experiments/shiro-ef/sampling/tiny5m-384-euclidean-samplings--k100-ef.bin
Average Recall: 0.63727
Initial average recall with ef=100: 0.637605
Average Recall: 0.709249
Initial average recall with ef=150: 0.709599
Recall diff is too small for 1 consecutive steps, break.
Weighted average ef: 1215.32
EF-estimation table computing time: 51578 ms
Training convergence-bucket 0 [0, 4.11095) with 200 queries.
Average Recall: 0.6235
Initial average recall with ef=100: 0.59994
Average Recall: 0.6959
Initial average recall with ef=150: 0.676024
Recall diff is too small for 1 consecutive steps, break.
Recall diff is too small for 1 consecutive steps, break.
Recall diff is too small for 1 consecutive steps, break.
Weighted average ef: 1139
Training convergence-bucket 1 [4.11095, 7.87874) with 200 queries.
Average Recall: 0.61295
Initial average recall with ef=100: 0.585176
Average Recall: 0.68375
Initial average recall with ef=150: 0.657882
Recall diff is too small for 1 consecutive steps, break.
Recall diff is too small for 1 consecutive steps, break.
Recall diff is too small for 1 consecutive steps, break.
Recall diff is too small for 1 consecutive steps, break.
Weighted average ef: 1254.98
Training convergence-bucket 2 [7.87874, 10.7366) with 200 queries.
Average Recall: 0.63225
Initial average recall with ef=100: 0.6
Average Recall: 0.7047
Initial average recall with ef=150: 0.675444
Recall diff is too small for 1 consecutive steps, break.
Weighted average ef: 1275.25
Training convergence-bucket 3 [10.7366, 12.5995) with 200 queries.
Average Recall: 0.5981
Initial average recall with ef=100: 0.570449
Average Recall: 0.6713
Initial average recall with ef=150: 0.646859
Recall diff is too small for 1 consecutive steps, break.
Recall diff is too small for 1 consecutive steps, break.
Recall diff is too small for 1 consecutive steps, break.
Recall diff is too small for 1 consecutive steps, break.
Weighted average ef: 1193.12
Training convergence-bucket 4 [12.5995, 14.8104) with 200 queries.
Average Recall: 0.6098
Initial average recall with ef=100: 0.590958
Average Recall: 0.69255
Initial average recall with ef=150: 0.675868
Recall diff is too small for 1 consecutive steps, break.
Recall diff is too small for 1 consecutive steps, break.
Recall diff is too small for 1 consecutive steps, break.
Weighted average ef: 1065.2
Training convergence-bucket 5 [14.8104, 17.3802) with 200 queries.
Average Recall: 0.6323
Initial average recall with ef=100: 0.599321
Average Recall: 0.70765
Initial average recall with ef=150: 0.679691
Recall diff is too small for 1 consecutive steps, break.
Recall diff is too small for 1 consecutive steps, break.
Recall diff is too small for 1 consecutive steps, break.
Recall diff is too small for 1 consecutive steps, break.
Weighted average ef: 1098.79
Training convergence-bucket 6 [17.3802, 20.3958) with 200 queries.
Average Recall: 0.6259
Initial average recall with ef=100: 0.587391
Average Recall: 0.69895
Initial average recall with ef=150: 0.665155
Recall diff is too small for 1 consecutive steps, break.
Weighted average ef: 1127.24
Training convergence-bucket 7 [20.3958, 23.9347) with 200 queries.
Average Recall: 0.63965
Initial average recall with ef=100: 0.620359
Average Recall: 0.7129
Initial average recall with ef=150: 0.694491
Recall diff is too small for 1 consecutive steps, break.
Recall diff is too small for 1 consecutive steps, break.
Weighted average ef: 1072.68
Training convergence-bucket 8 [23.9347, 30.5989) with 200 queries.
Average Recall: 0.6361
Initial average recall with ef=100: 0.598812
Average Recall: 0.7084
Initial average recall with ef=150: 0.6745
Recall diff is too small for 1 consecutive steps, break.
Recall diff is too small for 1 consecutive steps, break.
Recall diff is too small for 1 consecutive steps, break.
Recall diff is too small for 1 consecutive steps, break.
Recall diff is too small for 1 consecutive steps, break.
Recall diff is too small for 1 consecutive steps, break.
Weighted average ef: 1070.25
Training convergence-bucket 9 [30.5989, inf) with 200 queries.
Average Recall: 0.76215
Initial average recall with ef=100: 0.772937
Average Recall: 0.8164
Initial average recall with ef=150: 0.823846
Recall diff is too small for 1 consecutive steps, break.
Recall diff is too small for 1 consecutive steps, break.
Recall diff is too small for 1 consecutive steps, break.
Recall diff is too small for 1 consecutive steps, break.
Weighted average ef: 564.31
Reconstructed True WAE: 1149.28 (Hard Pct: 0.00815)
****Weighted average ef: 1149
Search time: 5909 ms
Search time: 5883 ms
Search time: 4147 ms
Average Recall: 0.96939
5th percentile recall: 0.88
1st percentile recall: 0.82
Median search time: 5883 ms
Search times: 4147 ms, 5883 ms, 5909 ms,
tiny5m-384-euclidean experiment results:
statisc_length, time, avg_recall, 5th_percentile_recall, 1st_percentile_recall, recall_above_99, recall_above_95, recall_above_90
100, 5883, 0.96939, 0.88, 0.82, 525, 760, 928
Experiment finished


Visited list size: 250


Loading samplings from /home/ryawszn/experiments/shiro-ef/sampling/tiny5m-384-euclidean-samplings--k100-ef.bin
Samplings loaded from /home/ryawszn/experiments/shiro-ef/sampling/tiny5m-384-euclidean-samplings--k100-ef.bin
Average Recall: 0.63727
Initial average recall with ef=100: 0.637118
Average Recall: 0.709224
Initial average recall with ef=150: 0.709133
Recall diff is too small for 1 consecutive steps, break.
Weighted average ef: 1203.95
EF-estimation table computing time: 50904 ms
Training convergence-bucket 0 [3.88601, 16.3517) with 200 queries.
Average Recall: 0.5929
Initial average recall with ef=100: 0.56386
Average Recall: 0.66095
Initial average recall with ef=150: 0.634444
Recall diff is too small for 1 consecutive steps, break.
Recall diff is too small for 1 consecutive steps, break.
Recall diff is too small for 1 consecutive steps, break.
Recall diff is too small for 1 consecutive steps, break.
Weighted average ef: 1476.29
Training convergence-bucket 1 [16.3517, 19.4174) with 200 queries.
Average Recall: 0.551
Initial average recall with ef=100: 0.533051
Average Recall: 0.63245
Initial average recall with ef=150: 0.616836
Recall diff is too small for 1 consecutive steps, break.
Recall diff is too small for 1 consecutive steps, break.
Recall diff is too small for 1 consecutive steps, break.
Recall diff is too small for 1 consecutive steps, break.
Weighted average ef: 1461.88
Training convergence-bucket 2 [19.4174, 21.9591) with 200 queries.
Average Recall: 0.5552
Initial average recall with ef=100: 0.537232
Average Recall: 0.6361
Initial average recall with ef=150: 0.619774
Recall diff is too small for 1 consecutive steps, break.
Weighted average ef: 1435.64
Training convergence-bucket 3 [21.9591, 24.0595) with 200 queries.
Average Recall: 0.5594
Initial average recall with ef=100: 0.538
Average Recall: 0.6346
Initial average recall with ef=150: 0.614343
Recall diff is too small for 1 consecutive steps, break.
Recall diff is too small for 1 consecutive steps, break.
Recall diff is too small for 1 consecutive steps, break.
Weighted average ef: 1501.77
Training convergence-bucket 4 [24.0595, 26.3483) with 200 queries.
Average Recall: 0.552
Initial average recall with ef=100: 0.514485
Average Recall: 0.6357
Initial average recall with ef=150: 0.601333
Recall diff is too small for 1 consecutive steps, break.
Recall diff is too small for 1 consecutive steps, break.
Recall diff is too small for 1 consecutive steps, break.
Weighted average ef: 1431.44
Training convergence-bucket 5 [26.3483, 28.7279) with 200 queries.
Average Recall: 0.57575
Initial average recall with ef=100: 0.550116
Average Recall: 0.65935
Initial average recall with ef=150: 0.636358
Recall diff is too small for 1 consecutive steps, break.
Recall diff is too small for 1 consecutive steps, break.
Weighted average ef: 1471.46
Training convergence-bucket 6 [28.7279, 31.9942) with 200 queries.
Average Recall: 0.6126
Initial average recall with ef=100: 0.570952
Average Recall: 0.6907
Initial average recall with ef=150: 0.654167
Recall diff is too small for 1 consecutive steps, break.
Recall diff is too small for 1 consecutive steps, break.
Weighted average ef: 1331.09
Training convergence-bucket 7 [31.9942, 37.3145) with 200 queries.
Average Recall: 0.69905
Initial average recall with ef=100: 0.684734
Average Recall: 0.7716
Initial average recall with ef=150: 0.759645
Recall diff is too small for 1 consecutive steps, break.
Recall diff is too small for 1 consecutive steps, break.
Recall diff is too small for 1 consecutive steps, break.
Weighted average ef: 699.385
Training convergence-bucket 8 [37.3145, 46.6973) with 200 queries.
Average Recall: 0.78215
Initial average recall with ef=100: 0.800595
Average Recall: 0.84085
Initial average recall with ef=150: 0.858095
Recall diff is too small for 1 consecutive steps, break.
Weighted average ef: 406.745
Training convergence-bucket 9 [46.6973, inf) with 200 queries.
Average Recall: 0.89265
Initial average recall with ef=100: 0.923851
Average Recall: 0.92995
Initial average recall with ef=150: 0.95472
Recall diff is too small for 1 consecutive steps, break.
Weighted average ef: 143.39
Reconstructed True WAE: 1132.1 (Hard Pct: 0.00815)
****Weighted average ef: 1132
Search time: 5918 ms
Search time: 5937 ms
Search time: 5968 ms
Average Recall: 0.97076
5th percentile recall: 0.9
1st percentile recall: 0.84
Median search time: 5937 ms
Search times: 5918 ms, 5937 ms, 5968 ms,
tiny5m-384-euclidean experiment results:
statisc_length, time, avg_recall, 5th_percentile_recall, 1st_percentile_recall, recall_above_99, recall_above_95, recall_above_90
250, 5937, 0.97076, 0.9, 0.84, 519, 766, 934
Experiment finished


Visited list size: 500


Loading samplings from /home/ryawszn/experiments/shiro-ef/sampling/tiny5m-384-euclidean-samplings--k100-ef.bin
Samplings loaded from /home/ryawszn/experiments/shiro-ef/sampling/tiny5m-384-euclidean-samplings--k100-ef.bin
Average Recall: 0.63727
Initial average recall with ef=100: 0.636857
Average Recall: 0.709234
Initial average recall with ef=150: 0.708917
Recall diff is too small for 1 consecutive steps, break.
Weighted average ef: 1195.31
EF-estimation table computing time: 49439 ms
Training convergence-bucket 0 [11.6707, 23.928) with 200 queries.
Average Recall: 0.4756
Initial average recall with ef=100: 0.458865
Average Recall: 0.54675
Initial average recall with ef=150: 0.530919
Recall diff is too small for 1 consecutive steps, break.
Recall diff is too small for 1 consecutive steps, break.
Recall diff is too small for 1 consecutive steps, break.
Weighted average ef: 2154.15
Training convergence-bucket 1 [23.928, 26.7568) with 200 queries.
Average Recall: 0.47825
Initial average recall with ef=100: 0.469894
Average Recall: 0.5682
Initial average recall with ef=150: 0.561005
Recall diff is too small for 1 consecutive steps, break.
Recall diff is too small for 1 consecutive steps, break.
Weighted average ef: 1854.24
Training convergence-bucket 2 [26.7568, 29.1718) with 200 queries.
Average Recall: 0.4922
Initial average recall with ef=100: 0.472131
Average Recall: 0.5782
Initial average recall with ef=150: 0.559071
Recall diff is too small for 1 consecutive steps, break.
Recall diff is too small for 1 consecutive steps, break.
Weighted average ef: 1772.85
Training convergence-bucket 3 [29.1718, 31.2323) with 200 queries.
Average Recall: 0.53375
Initial average recall with ef=100: 0.523934
Average Recall: 0.6157
Initial average recall with ef=150: 0.605137
Recall diff is too small for 1 consecutive steps, break.
Weighted average ef: 1459.04
Training convergence-bucket 4 [31.2323, 33.5681) with 200 queries.
Average Recall: 0.56655
Initial average recall with ef=100: 0.557849
Average Recall: 0.6489
Initial average recall with ef=150: 0.641667
Recall diff is too small for 1 consecutive steps, break.
Weighted average ef: 1378.39
Training convergence-bucket 5 [33.5681, 36.8109) with 200 queries.
Average Recall: 0.63835
Initial average recall with ef=100: 0.635598
Average Recall: 0.7193
Initial average recall with ef=150: 0.717011
Recall diff is too small for 1 consecutive steps, break.
Recall diff is too small for 1 consecutive steps, break.
Weighted average ef: 920.62
Training convergence-bucket 6 [36.8109, 41.2167) with 200 queries.
Average Recall: 0.64905
Initial average recall with ef=100: 0.646721
Average Recall: 0.7281
Initial average recall with ef=150: 0.725738
Recall diff is too small for 1 consecutive steps, break.
Recall diff is too small for 1 consecutive steps, break.
Recall diff is too small for 1 consecutive steps, break.
Recall diff is too small for 1 consecutive steps, break.
Weighted average ef: 1060.51
Training convergence-bucket 7 [41.2167, 47.109) with 200 queries.
Average Recall: 0.77535
Initial average recall with ef=100: 0.776897
Average Recall: 0.84045
Initial average recall with ef=150: 0.841724
Weighted average ef: 444.005
Training convergence-bucket 8 [47.109, 56.0454) with 200 queries.
Average Recall: 0.841
Initial average recall with ef=100: 0.841788
Average Recall: 0.894
Initial average recall with ef=150: 0.896313
Recall diff is too small for 1 consecutive steps, break.
Weighted average ef: 271.725
Training convergence-bucket 9 [56.0454, inf) with 200 queries.
Average Recall: 0.9226
Initial average recall with ef=100: 0.936405
Average Recall: 0.95275
Initial average recall with ef=150: 0.962978
Weighted average ef: 138.395
Reconstructed True WAE: 1071.68 (Hard Pct: 0.00815)
****Weighted average ef: 1071
Search time: 3839 ms
Search time: 5658 ms
Search time: 5713 ms
Average Recall: 0.96974
5th percentile recall: 0.9
1st percentile recall: 0.84
Median search time: 5658 ms
Search times: 3839 ms, 5658 ms, 5713 ms,
tiny5m-384-euclidean experiment results:
statisc_length, time, avg_recall, 5th_percentile_recall, 1st_percentile_recall, recall_above_99, recall_above_95, recall_above_90
500, 5658, 0.96974, 0.9, 0.84, 495, 757, 928
Experiment finished


Visited list size: 750


Loading samplings from /home/ryawszn/experiments/shiro-ef/sampling/tiny5m-384-euclidean-samplings--k100-ef.bin
Samplings loaded from /home/ryawszn/experiments/shiro-ef/sampling/tiny5m-384-euclidean-samplings--k100-ef.bin
Average Recall: 0.637275
Initial average recall with ef=100: 0.637275
Average Recall: 0.709229
Initial average recall with ef=150: 0.70923
Recall diff is too small for 1 consecutive steps, break.
Weighted average ef: 1202.21
EF-estimation table computing time: 50089 ms
Training convergence-bucket 0 [15.2392, 27.047) with 200 queries.
Average Recall: 0.42335
Initial average recall with ef=100: 0.413651
Average Recall: 0.49985
Initial average recall with ef=150: 0.490582
Recall diff is too small for 1 consecutive steps, break.
Recall diff is too small for 1 consecutive steps, break.
Weighted average ef: 2488.07
Training convergence-bucket 1 [27.047, 30.244) with 200 queries.
Average Recall: 0.4346
Initial average recall with ef=100: 0.434643
Average Recall: 0.52325
Initial average recall with ef=150: 0.524184
Recall diff is too small for 1 consecutive steps, break.
Recall diff is too small for 1 consecutive steps, break.
Recall diff is too small for 1 consecutive steps, break.
Weighted average ef: 2223.84
Training convergence-bucket 2 [30.244, 32.6374) with 200 queries.
Average Recall: 0.49975
Initial average recall with ef=100: 0.490105
Average Recall: 0.5822
Initial average recall with ef=150: 0.572053
Recall diff is too small for 1 consecutive steps, break.
Recall diff is too small for 1 consecutive steps, break.
Recall diff is too small for 1 consecutive steps, break.
Weighted average ef: 1761.67
Training convergence-bucket 3 [32.6374, 34.9114) with 200 queries.
Average Recall: 0.5464
Initial average recall with ef=100: 0.537606
Average Recall: 0.6293
Initial average recall with ef=150: 0.621489
Recall diff is too small for 1 consecutive steps, break.
Recall diff is too small for 1 consecutive steps, break.
Weighted average ef: 1400.54
Training convergence-bucket 4 [34.9114, 37.7949) with 200 queries.
Average Recall: 0.56505
Initial average recall with ef=100: 0.557539
Average Recall: 0.6526
Initial average recall with ef=150: 0.645707
Recall diff is too small for 1 consecutive steps, break.
Weighted average ef: 1404.04
Training convergence-bucket 5 [37.7949, 41.4355) with 200 queries.
Average Recall: 0.63105
Initial average recall with ef=100: 0.627391
Average Recall: 0.71095
Initial average recall with ef=150: 0.708913
Recall diff is too small for 1 consecutive steps, break.
Weighted average ef: 1089.56
Training convergence-bucket 6 [41.4355, 45.5058) with 200 queries.
Average Recall: 0.70905
Initial average recall with ef=100: 0.706188
Average Recall: 0.785
Initial average recall with ef=150: 0.783812
Recall diff is too small for 1 consecutive steps, break.
Recall diff is too small for 1 consecutive steps, break.
Weighted average ef: 628.54
Training convergence-bucket 7 [45.5058, 51.894) with 200 queries.
Average Recall: 0.76975
Initial average recall with ef=100: 0.76712
Average Recall: 0.8362
Initial average recall with ef=150: 0.835163
Recall diff is too small for 1 consecutive steps, break.
Weighted average ef: 457.34
Training convergence-bucket 8 [51.894, 61.7806) with 200 queries.
Average Recall: 0.87135
Initial average recall with ef=100: 0.871141
Average Recall: 0.92275
Initial average recall with ef=150: 0.923261
Recall diff is too small for 1 consecutive steps, break.
Weighted average ef: 224.125
Training convergence-bucket 9 [61.7806, inf) with 200 queries.
Average Recall: 0.9224
Initial average recall with ef=100: 0.9385
Average Recall: 0.9502
Initial average recall with ef=150: 0.963722
Weighted average ef: 152.33
Reconstructed True WAE: 1079.23 (Hard Pct: 0.00815)
****Weighted average ef: 1079
Search time: 5903 ms
Search time: 4036 ms
Search time: 5917 ms
Average Recall: 0.97146
5th percentile recall: 0.9
1st percentile recall: 0.85
Median search time: 5903 ms
Search times: 4036 ms, 5903 ms, 5917 ms,
tiny5m-384-euclidean experiment results:
statisc_length, time, avg_recall, 5th_percentile_recall, 1st_percentile_recall, recall_above_99, recall_above_95, recall_above_90
750, 5903, 0.97146, 0.9, 0.85, 508, 770, 944
Experiment finished


Visited list size: 1000


Loading samplings from /home/ryawszn/experiments/shiro-ef/sampling/tiny5m-384-euclidean-samplings--k100-ef.bin
Samplings loaded from /home/ryawszn/experiments/shiro-ef/sampling/tiny5m-384-euclidean-samplings--k100-ef.bin
Average Recall: 0.63727
Initial average recall with ef=100: 0.636092
Average Recall: 0.709239
Initial average recall with ef=150: 0.708222
Weighted average ef: 1199.38
EF-estimation table computing time: 50783 ms
Training convergence-bucket 0 [19.5167, 29.0785) with 200 queries.
Average Recall: 0.39425
Initial average recall with ef=100: 0.387565
Average Recall: 0.47055
Initial average recall with ef=150: 0.464249
Recall diff is too small for 1 consecutive steps, break.
Weighted average ef: 2756.91
Training convergence-bucket 1 [29.0785, 32.409) with 200 queries.
Average Recall: 0.4343
Initial average recall with ef=100: 0.432323
Average Recall: 0.52035
Initial average recall with ef=150: 0.518283
Recall diff is too small for 1 consecutive steps, break.
Recall diff is too small for 1 consecutive steps, break.
Recall diff is too small for 1 consecutive steps, break.
Weighted average ef: 2174.1
Training convergence-bucket 2 [32.409, 35.1391) with 200 queries.
Average Recall: 0.4948
Initial average recall with ef=100: 0.492263
Average Recall: 0.5818
Initial average recall with ef=150: 0.579526
Recall diff is too small for 1 consecutive steps, break.
Recall diff is too small for 1 consecutive steps, break.
Weighted average ef: 1745
Training convergence-bucket 3 [35.1391, 37.5747) with 200 queries.
Average Recall: 0.519
Initial average recall with ef=100: 0.519175
Average Recall: 0.6018
Initial average recall with ef=150: 0.60232
Weighted average ef: 1612.8
Training convergence-bucket 4 [37.5747, 40.2506) with 200 queries.
Average Recall: 0.59
Initial average recall with ef=100: 0.587158
Average Recall: 0.67325
Initial average recall with ef=150: 0.671
Recall diff is too small for 1 consecutive steps, break.
Weighted average ef: 1204.21
Training convergence-bucket 5 [40.2506, 43.8997) with 200 queries.
Average Recall: 0.6405
Initial average recall with ef=100: 0.644372
Average Recall: 0.7253
Initial average recall with ef=150: 0.729454
Weighted average ef: 862.895
Training convergence-bucket 6 [43.8997, 48.8852) with 200 queries.
Average Recall: 0.720149
Initial average recall with ef=100: 0.729947
Average Recall: 0.7958
Initial average recall with ef=150: 0.806043
Recall diff is too small for 1 consecutive steps, break.
Recall diff is too small for 1 consecutive steps, break.
Weighted average ef: 549.77
Training convergence-bucket 7 [48.8852, 55.0991) with 200 queries.
Average Recall: 0.7785
Initial average recall with ef=100: 0.778245
Average Recall: 0.8454
Initial average recall with ef=150: 0.846542
Recall diff is too small for 1 consecutive steps, break.
Weighted average ef: 410.365
Training convergence-bucket 8 [55.0991, 64.5265) with 200 queries.
Average Recall: 0.86405
Initial average recall with ef=100: 0.866978
Average Recall: 0.9168
Initial average recall with ef=150: 0.92011
Weighted average ef: 220.515
Training convergence-bucket 9 [64.5265, inf) with 200 queries.
Average Recall: 0.93715
Initial average recall with ef=100: 0.952273
Average Recall: 0.96135
Initial average recall with ef=150: 0.973636
Weighted average ef: 115.125
Reconstructed True WAE: 1060.14 (Hard Pct: 0.00815)
****Weighted average ef: 1060
Search time: 5856 ms
Search time: 5794 ms
Search time: 4047 ms
Average Recall: 0.97112
5th percentile recall: 0.9
1st percentile recall: 0.85
Median search time: 5794 ms
Search times: 4047 ms, 5794 ms, 5856 ms,
tiny5m-384-euclidean experiment results:
statisc_length, time, avg_recall, 5th_percentile_recall, 1st_percentile_recall, recall_above_99, recall_above_95, recall_above_90
1000, 5794, 0.97112, 0.9, 0.85, 494, 769, 939
Experiment finished


Visited list size: 2000


Loading samplings from /home/ryawszn/experiments/shiro-ef/sampling/tiny5m-384-euclidean-samplings--k100-ef.bin
Samplings loaded from /home/ryawszn/experiments/shiro-ef/sampling/tiny5m-384-euclidean-samplings--k100-ef.bin
Average Recall: 0.637375
Initial average recall with ef=100: 0.6355
Average Recall: 0.709209
Initial average recall with ef=150: 0.707707
Weighted average ef: 1213.39
EF-estimation table computing time: 53683 ms
Training convergence-bucket 0 [27.0629, 35.4935) with 200 queries.
Average Recall: 0.36305
Initial average recall with ef=100: 0.359896
Average Recall: 0.44165
Initial average recall with ef=150: 0.439323
Recall diff is too small for 1 consecutive steps, break.
Recall diff is too small for 1 consecutive steps, break.
Weighted average ef: 2901.93
Training convergence-bucket 1 [35.4935, 38.1268) with 200 queries.
Average Recall: 0.42375
Initial average recall with ef=100: 0.425538
Average Recall: 0.50695
Initial average recall with ef=150: 0.508256
Recall diff is too small for 1 consecutive steps, break.
Weighted average ef: 2379.67
Training convergence-bucket 2 [38.1268, 40.7) with 200 queries.
Average Recall: 0.46965
Initial average recall with ef=100: 0.463579
Average Recall: 0.5572
Initial average recall with ef=150: 0.551842
Weighted average ef: 1952.09
Training convergence-bucket 3 [40.7, 43.5394) with 200 queries.
Average Recall: 0.5365
Initial average recall with ef=100: 0.537732
Average Recall: 0.6204
Initial average recall with ef=150: 0.62201
Weighted average ef: 1461.79
Training convergence-bucket 4 [43.5394, 46.3865) with 200 queries.
Average Recall: 0.5816
Initial average recall with ef=100: 0.585052
Average Recall: 0.66755
Initial average recall with ef=150: 0.669381
Recall diff is too small for 1 consecutive steps, break.
Weighted average ef: 1141.51
Training convergence-bucket 5 [46.3865, 50.1101) with 200 queries.
Average Recall: 0.6567
Initial average recall with ef=100: 0.657526
Average Recall: 0.7415
Initial average recall with ef=150: 0.743421
Weighted average ef: 751.05
Training convergence-bucket 6 [50.1101, 54.5658) with 200 queries.
Average Recall: 0.73245
Initial average recall with ef=100: 0.731
Average Recall: 0.8088
Initial average recall with ef=150: 0.808474
Recall diff is too small for 1 consecutive steps, break.
Weighted average ef: 520.78
Training convergence-bucket 7 [54.5658, 61.7457) with 200 queries.
Average Recall: 0.79235
Initial average recall with ef=100: 0.794385
Average Recall: 0.85915
Initial average recall with ef=150: 0.862353
Recall diff is too small for 1 consecutive steps, break.
Weighted average ef: 347.02
Training convergence-bucket 8 [61.7457, 70.8586) with 200 queries.
Average Recall: 0.873
Initial average recall with ef=100: 0.878967
Average Recall: 0.92345
Initial average recall with ef=150: 0.928696
Weighted average ef: 208.145
Training convergence-bucket 9 [70.8586, inf) with 200 queries.
Average Recall: 0.9447
Initial average recall with ef=100: 0.961353
Average Recall: 0.96545
Initial average recall with ef=150: 0.979706
Weighted average ef: 102.25
Reconstructed True WAE: 1066.58 (Hard Pct: 0.00815)
****Weighted average ef: 1066
Search time: 5981 ms
Search time: 5944 ms
Search time: 4221 ms
Average Recall: 0.97233
5th percentile recall: 0.91
1st percentile recall: 0.85
Median search time: 5944 ms
Search times: 4221 ms, 5944 ms, 5981 ms,
tiny5m-384-euclidean experiment results:
statisc_length, time, avg_recall, 5th_percentile_recall, 1st_percentile_recall, recall_above_99, recall_above_95, recall_above_90
2000, 5944, 0.97233, 0.91, 0.85, 486, 774, 953
Experiment finished


Visited list size: 33


Loading samplings from /home/ryawszn/experiments/shiro-ef/sampling/tiny5m-384-euclidean-samplings--k100-ef.bin
Samplings loaded from /home/ryawszn/experiments/shiro-ef/sampling/tiny5m-384-euclidean-samplings--k100-ef.bin
Average Recall: 0.63727
Initial average recall with ef=100: 0.636371
Average Recall: 0.709249
Initial average recall with ef=150: 0.708546
Recall diff is too small for 1 consecutive steps, break.
Recall diff is too small for 1 consecutive steps, break.
Recall diff is too small for 1 consecutive steps, break.
Weighted average ef: 1221.7
EF-estimation table computing time: 59911 ms
Training convergence-bucket 0 [0, 0) with 200 queries.
Average Recall: 0.64045
Initial average recall with ef=100: 0.6269
Average Recall: 0.7156
Initial average recall with ef=150: 0.703918
Recall diff is too small for 1 consecutive steps, break.
Weighted average ef: 966.32
Training convergence-bucket 1 [0, 0) with 200 queries.
Average Recall: 0.68015
Initial average recall with ef=100: 0.675731
Average Recall: 0.74915
Initial average recall with ef=150: 0.746082
Recall diff is too small for 1 consecutive steps, break.
Recall diff is too small for 1 consecutive steps, break.
Recall diff is too small for 1 consecutive steps, break.
Weighted average ef: 798.62
Training convergence-bucket 2 [0, 0) with 200 queries.
Average Recall: 0.6326
Initial average recall with ef=100: 0.620174
Average Recall: 0.71035
Initial average recall with ef=150: 0.701337
Recall diff is too small for 1 consecutive steps, break.
Recall diff is too small for 1 consecutive steps, break.
Weighted average ef: 982.065
Training convergence-bucket 3 [0, 0) with 200 queries.
Average Recall: 0.66415
Initial average recall with ef=100: 0.650121
Average Recall: 0.7376
Initial average recall with ef=150: 0.72297
Recall diff is too small for 1 consecutive steps, break.
Weighted average ef: 875.88
Training convergence-bucket 4 [0, 0) with 200 queries.
Average Recall: 0.6556
Initial average recall with ef=100: 0.633373
Average Recall: 0.72805
Initial average recall with ef=150: 0.708047
Recall diff is too small for 1 consecutive steps, break.
Weighted average ef: 960.355
Training convergence-bucket 5 [0, 0) with 200 queries.
Average Recall: 0.5874
Initial average recall with ef=100: 0.561739
Average Recall: 0.66075
Initial average recall with ef=150: 0.636335
Weighted average ef: 1395.57
Training convergence-bucket 6 [0, 0) with 200 queries.
Average Recall: 0.48425
Initial average recall with ef=100: 0.457143
Average Recall: 0.55685
Initial average recall with ef=150: 0.530114
Recall diff is too small for 1 consecutive steps, break.
Weighted average ef: 2156.89
Training convergence-bucket 7 [0, 0) with 200 queries.
Average Recall: 0.648
Initial average recall with ef=100: 0.614815
Average Recall: 0.7243
Initial average recall with ef=150: 0.693704
Recall diff is too small for 1 consecutive steps, break.
Recall diff is too small for 1 consecutive steps, break.
Recall diff is too small for 1 consecutive steps, break.
Weighted average ef: 1024.87
Training convergence-bucket 8 [0, 1.29003) with 200 queries.
Average Recall: 0.6875
Initial average recall with ef=100: 0.671118
Average Recall: 0.75185
Initial average recall with ef=150: 0.738412
Recall diff is too small for 1 consecutive steps, break.
Recall diff is too small for 1 consecutive steps, break.
Recall diff is too small for 1 consecutive steps, break.
Recall diff is too small for 1 consecutive steps, break.
Weighted average ef: 932.055
Training convergence-bucket 9 [1.29003, inf) with 200 queries.
Average Recall: 0.6926
Initial average recall with ef=100: 0.681411
Average Recall: 0.758
Initial average recall with ef=150: 0.748773
Weighted average ef: 900.045
Reconstructed True WAE: 1085.54 (Hard Pct: 0.00815)
****Weighted average ef: 1085
Search time: 6405 ms
Search time: 5489 ms
Search time: 5442 ms
Average Recall: 0.96245
5th percentile recall: 0.85
1st percentile recall: 0.77
Median search time: 5489 ms
Search times: 5442 ms, 5489 ms, 6405 ms,
tiny5m-384-euclidean experiment results:
statisc_length, time, avg_recall, 5th_percentile_recall, 1st_percentile_recall, recall_above_99, recall_above_95, recall_above_90
33, 5489, 0.96245, 0.85, 0.77, 507, 721, 874
Experiment finished


Visited list size: 1025


Loading samplings from /home/ryawszn/experiments/shiro-ef/sampling/tiny5m-384-euclidean-samplings--k100-ef.bin
Samplings loaded from /home/ryawszn/experiments/shiro-ef/sampling/tiny5m-384-euclidean-samplings--k100-ef.bin
Average Recall: 0.63727
Initial average recall with ef=100: 0.636088
Average Recall: 0.709229
Initial average recall with ef=150: 0.70826
Weighted average ef: 1207.66
EF-estimation table computing time: 52135 ms
Training convergence-bucket 0 [20.9588, 29.1718) with 200 queries.
Average Recall: 0.3913
Initial average recall with ef=100: 0.385285
Average Recall: 0.46575
Initial average recall with ef=150: 0.460414
Weighted average ef: 2830.9
Training convergence-bucket 1 [29.1718, 32.3968) with 200 queries.
Average Recall: 0.42775
Initial average recall with ef=100: 0.425979
Average Recall: 0.5162
Initial average recall with ef=150: 0.515026
Weighted average ef: 2144.94
Training convergence-bucket 2 [32.3968, 35.2516) with 200 queries.
Average Recall: 0.49885
Initial average recall with ef=100: 0.496387
Average Recall: 0.58725
Initial average recall with ef=150: 0.585654
Recall diff is too small for 1 consecutive steps, break.
Weighted average ef: 1665.5
Training convergence-bucket 3 [35.2516, 37.8226) with 200 queries.
Average Recall: 0.5213
Initial average recall with ef=100: 0.520895
Average Recall: 0.60185
Initial average recall with ef=150: 0.601684
Recall diff is too small for 1 consecutive steps, break.
Recall diff is too small for 1 consecutive steps, break.
Weighted average ef: 1560.67
Training convergence-bucket 4 [37.8226, 40.4354) with 200 queries.
Average Recall: 0.5849
Initial average recall with ef=100: 0.58254
Average Recall: 0.66855
Initial average recall with ef=150: 0.666878
Recall diff is too small for 1 consecutive steps, break.
Weighted average ef: 1228.34
Training convergence-bucket 5 [40.4354, 44.0229) with 200 queries.
Average Recall: 0.64685
Initial average recall with ef=100: 0.646596
Average Recall: 0.73095
Initial average recall with ef=150: 0.731064
Recall diff is too small for 1 consecutive steps, break.
Recall diff is too small for 1 consecutive steps, break.
Weighted average ef: 893.53
Training convergence-bucket 6 [44.0229, 49.0717) with 200 queries.
Average Recall: 0.71985
Initial average recall with ef=100: 0.726772
Average Recall: 0.79665
Initial average recall with ef=150: 0.803545
Weighted average ef: 592.055
Training convergence-bucket 7 [49.0717, 55.3894) with 200 queries.
Average Recall: 0.77865
Initial average recall with ef=100: 0.784293
Average Recall: 0.84605
Initial average recall with ef=150: 0.852554
Recall diff is too small for 1 consecutive steps, break.
Weighted average ef: 379.095
Training convergence-bucket 8 [55.3894, 64.8155) with 200 queries.
Average Recall: 0.86765
Initial average recall with ef=100: 0.870056
Average Recall: 0.9194
Initial average recall with ef=150: 0.921676
Weighted average ef: 203.89
Training convergence-bucket 9 [64.8155, inf) with 200 queries.
Average Recall: 0.9356
Initial average recall with ef=100: 0.953276
Average Recall: 0.95965
Initial average recall with ef=150: 0.97454
Weighted average ef: 112.49
Reconstructed True WAE: 1066.27 (Hard Pct: 0.00815)
****Weighted average ef: 1066
Search time: 5950 ms
Search time: 5921 ms
Search time: 5952 ms
Average Recall: 0.97171
5th percentile recall: 0.9
1st percentile recall: 0.86
Median search time: 5950 ms
Search times: 5921 ms, 5950 ms, 5952 ms,
tiny5m-384-euclidean experiment results:
statisc_length, time, avg_recall, 5th_percentile_recall, 1st_percentile_recall, recall_above_99, recall_above_95, recall_above_90
1025, 5950, 0.97171, 0.9, 0.86, 493, 770, 949
Experiment finished


Visited list size: 32769


Loading samplings from /home/ryawszn/experiments/shiro-ef/sampling/tiny5m-384-euclidean-samplings--k100-ef.bin
Samplings loaded from /home/ryawszn/experiments/shiro-ef/sampling/tiny5m-384-euclidean-samplings--k100-ef.bin
Average Recall: 0.950671
Initial average recall with ef=100: 0.950081
Average Recall: 0.950671
Initial average recall with ef=150: 0.950081
Weighted average ef: 1998.96
EF-estimation table computing time: 56453 ms
Training convergence-bucket 0 [52.9367, 60.7983) with 200 queries.
Average Recall: 0.82965
Initial average recall with ef=100: 0.828571
Average Recall: 0.82965
Initial average recall with ef=150: 0.828571
Weighted average ef: 4900
Training convergence-bucket 1 [60.7983, 64.2386) with 200 queries.
Average Recall: 0.8856
Initial average recall with ef=100: 0.885918
Average Recall: 0.8856
Initial average recall with ef=150: 0.885918
Weighted average ef: 4900
Training convergence-bucket 2 [64.2386, 67.2421) with 200 queries.
Average Recall: 0.9246
Initial average recall with ef=100: 0.924315
Average Recall: 0.9246
Initial average recall with ef=150: 0.924315
Weighted average ef: 4533
Training convergence-bucket 3 [67.2421, 70.235) with 200 queries.
Average Recall: 0.9449
Initial average recall with ef=100: 0.945202
Average Recall: 0.9449
Initial average recall with ef=150: 0.945202
Weighted average ef: 2499.92
Training convergence-bucket 4 [70.235, 73.4522) with 200 queries.
Average Recall: 0.961001
Initial average recall with ef=100: 0.960863
Average Recall: 0.961001
Initial average recall with ef=150: 0.960863
Weighted average ef: 546.69
Training convergence-bucket 5 [73.4522, 77.0188) with 200 queries.
Average Recall: 0.979301
Initial average recall with ef=100: 0.980612
Average Recall: 0.979301
Initial average recall with ef=150: 0.980612
Weighted average ef: 98
Training convergence-bucket 6 [77.0188, 80.46) with 200 queries.
Average Recall: 0.990201
Initial average recall with ef=100: 0.990567
Average Recall: 0.990201
Initial average recall with ef=150: 0.990567
Weighted average ef: 97
Training convergence-bucket 7 [80.46, 84.0681) with 200 queries.
Average Recall: 0.9953
Initial average recall with ef=100: 0.995661
Average Recall: 0.9953
Initial average recall with ef=150: 0.995661
Weighted average ef: 94.5
Training convergence-bucket 8 [84.0681, 88.4789) with 200 queries.
Average Recall: 0.9986
Initial average recall with ef=100: 0.998931
Average Recall: 0.9986
Initial average recall with ef=150: 0.998931
Weighted average ef: 93.5
Training convergence-bucket 9 [88.4789, inf) with 200 queries.
Average Recall: 0.9976
Initial average recall with ef=100: 0.997294
Average Recall: 0.9976
Initial average recall with ef=150: 0.997294
Weighted average ef: 85
Reconstructed True WAE: 1575.94 (Hard Pct: 0.00815)
****Weighted average ef: 1575
Search time: 15380 ms
Search time: 13200 ms
Search time: 14699 ms
Average Recall: 0.98686
5th percentile recall: 0.95
1st percentile recall: 0.93
Median search time: 14699 ms
Search times: 13200 ms, 14699 ms, 15380 ms,
tiny5m-384-euclidean experiment results:
statisc_length, time, avg_recall, 5th_percentile_recall, 1st_percentile_recall, recall_above_99, recall_above_95, recall_above_90
32769, 14699, 0.98686, 0.95, 0.93, 700, 949, 998
Experiment finished
