QueryID,EF,Latency(ns),Recall
0,100,402222,0.67
1,100,314416,0.95
2,100,358269,0.85
3,100,233345,1
4,100,419496,0.44
5,100,297124,0.93
6,100,294376,1
7,100,374766,0.88
8,100,315261,0.97
9,100,334250,0.91
10,100,427430,0.73
11,100,345103,0.97
12,100,382445,0.89
13,100,385158,0.9
14,100,307208,0.95
15,100,372421,0.83
16,100,379028,0.89
17,100,321221,0.98
18,100,276793,1
19,100,375566,0.84
20,100,373509,0.71
21,100,360122,0.91
22,100,381162,0.91
23,100,419815,0.71
24,100,382590,0.83
25,100,359125,0.87
26,100,354482,0.91
27,100,377341,0.91
28,100,370142,0.88
29,100,347078,0.94
30,100,440638,0.72
31,100,364037,0.73
32,100,352894,0.88
33,100,433374,0.78
34,100,389050,0.75
35,100,410669,0.72
36,100,363994,0.88
37,100,321429,0.94
38,100,353573,0.97
39,100,376575,0.91
40,100,317190,0.92
41,100,251801,1
42,100,351827,1
43,100,301219,1
44,100,339354,0.88
45,100,323196,0.99
46,100,329834,1
47,100,382959,0.85
48,100,329444,0.97
49,100,373106,0.89
50,100,279506,1
51,100,307733,0.93
52,100,423109,0.65
53,100,303999,0.98
54,100,284632,1
55,100,320572,0.96
56,100,361291,0.77
57,100,316141,0.99
58,100,364774,0.75
59,100,456181,0.66
60,100,384110,0.86
61,100,405931,0.71
62,100,315897,0.96
63,100,321017,0.96
64,100,352569,0.89
65,100,399625,0.77
66,100,330869,0.91
67,100,278929,0.97
68,100,369420,0.84
69,100,356357,0.92
70,100,531876,0.64
71,100,419416,0.81
72,100,281533,0.99
73,100,356777,0.93
74,100,313002,0.97
75,100,344651,0.9
76,100,446345,0.6
77,100,323322,0.95
78,100,277076,0.91
79,100,317327,0.97
80,100,322926,0.86
81,100,427413,0.45
82,100,383389,0.87
83,100,410815,0.59
84,100,359138,0.93
85,100,384201,0.81
86,100,255531,1
87,100,431359,0.68
88,100,388175,0.84
89,100,364540,0.79
90,100,322851,0.9
91,100,277475,0.97
92,100,350752,0.94
93,100,376428,0.79
94,100,360336,0.94
95,100,338070,0.78
96,100,327125,0.95
97,100,276255,0.97
98,100,416379,0.79
99,100,374769,0.91
100,100,403865,0.63
101,100,222883,0.99
102,100,372777,0.93
103,100,400366,0.72
104,100,346017,0.58
105,100,351873,0.9
106,100,319702,1
107,100,401456,0.73
108,100,330722,0.98
109,100,400517,0.52
110,100,314094,0.99
111,100,248609,1
112,100,375504,0.64
113,100,326910,0.96
114,100,336939,0.95
115,100,326957,0.97
116,100,340444,0.91
117,100,417850,0.7
118,100,403595,0.77
119,100,381616,0.73
120,100,414585,0.8
121,100,411230,0.84
122,100,296709,0.99
123,100,391517,0.8
124,100,285529,1
125,100,380956,0.77
126,100,372430,0.87
127,100,372356,0.87
128,100,362214,0.88
129,100,383614,0.82
130,100,310319,0.99
131,100,343348,0.92
132,100,408215,0.87
133,100,306618,0.99
134,100,376174,0.78
135,100,434768,0.42
136,100,285473,0.99
137,100,402938,0.82
138,100,361586,0.83
139,100,367698,0.93
140,100,243114,1
141,100,363619,0.96
142,100,291538,0.9
143,100,408243,0.85
144,100,366286,0.82
145,100,326256,0.94
146,100,375937,0.8
147,100,424867,0.76
148,100,382818,0.87
149,100,242980,1
150,100,359813,0.86
151,100,304217,0.77
152,100,397477,0.89
153,100,405619,0.73
154,100,289142,0.9
155,100,299388,0.95
156,100,404107,0.73
157,100,350369,0.97
158,100,337812,0.87
159,100,350068,0.94
160,100,362676,0.91
161,100,421193,0.75
162,100,409927,0.77
163,100,235819,1
164,100,407500,0.74
165,100,410252,0.67
166,100,394978,0.86
167,100,432791,0.62
168,100,404923,0.84
169,100,299495,1
170,100,355315,0.98
171,100,352207,1
172,100,342150,0.93
173,100,405226,0.74
174,100,312134,0.96
175,100,328903,0.97
176,100,385728,0.89
177,100,390364,0.83
178,100,374425,0.88
179,100,360724,0.93
180,100,356026,1
181,100,391413,0.95
182,100,367436,0.79
183,100,310277,0.97
184,100,384426,0.91
185,100,370558,0.78
186,100,389816,0.88
187,100,365112,0.94
188,100,351107,0.98
189,100,338199,0.92
190,100,364962,0.88
191,100,374790,0.78
192,100,383251,0.78
193,100,334211,0.98
194,100,341863,0.94
195,100,557010,0.75
196,100,396255,0.67
197,100,331173,0.94
198,100,400381,0.73
199,100,388270,0.87
200,100,414177,0.88
201,100,384693,0.69
202,100,415008,0.71
203,100,371429,0.85
204,100,371099,0.88
205,100,347512,0.73
206,100,442073,0.7
207,100,373475,0.84
208,100,367436,0.89
209,100,249717,0.89
210,100,367662,0.7
211,100,390252,0.82
212,100,493618,0.6
213,100,349891,0.91
214,100,352635,0.87
215,100,353733,0.94
216,100,335799,0.93
217,100,309718,0.96
218,100,365258,0.94
219,100,392665,0.72
220,100,352780,0.94
221,100,386441,0.7
222,100,408703,0.73
223,100,492791,0.7
224,100,328764,0.96
225,100,418631,0.73
226,100,384141,0.87
227,100,406310,0.72
228,100,392669,0.78
229,100,381809,0.85
230,100,384741,0.8
231,100,315797,0.91
232,100,399403,0.72
233,100,381837,0.83
234,100,362039,0.89
235,100,360616,0.84
236,100,381503,0.82
237,100,329049,1
238,100,362337,0.9
239,100,294549,1
240,100,347256,0.95
241,100,316514,0.91
242,100,242924,0.99
243,100,366831,0.91
244,100,318772,1
245,100,312318,0.96
246,100,375015,0.9
247,100,336229,0.88
248,100,339657,0.92
249,100,208664,1
250,100,422927,0.77
251,100,371418,0.86
252,100,358925,0.85
253,100,384869,0.5
254,100,387436,0.81
255,100,440818,0.62
256,100,284808,0.97
257,100,384273,0.94
258,100,407744,0.74
259,100,356216,0.89
260,100,389347,0.69
261,100,367343,0.8
262,100,382691,0.84
263,100,254504,0.98
264,100,439061,0.58
265,100,304232,0.96
266,100,290071,0.82
267,100,295728,1
268,100,307491,0.98
269,100,290130,1
270,100,266100,0.99
271,100,392548,0.85
272,100,328779,0.96
273,100,370890,0.96
274,100,364646,0.91
275,100,355887,0.82
276,100,355252,0.92
277,100,363097,0.87
278,100,293419,0.98
279,100,381925,0.57
280,100,387928,0.88
281,100,370830,0.84
282,100,325229,0.98
283,100,276191,0.99
284,100,327282,0.94
285,100,330332,0.93
286,100,478996,0.55
287,100,402541,0.78
288,100,377359,0.87
289,100,354995,0.89
290,100,359564,0.88
291,100,310061,0.96
292,100,360763,0.98
293,100,223139,1
294,100,398321,0.87
295,100,351437,0.93
296,100,299023,0.96
297,100,417470,0.7
298,100,291938,1
299,100,342206,0.95
300,100,383158,0.77
301,100,363225,0.91
302,100,439157,0.78
303,100,373357,0.9
304,100,407116,0.88
305,100,385931,0.84
306,100,359059,0.83
307,100,323811,0.91
308,100,384300,0.86
309,100,397874,0.89
310,100,350884,0.95
311,100,348601,0.91
312,100,388047,0.85
313,100,308171,0.95
314,100,402889,0.83
315,100,404266,0.9
316,100,419449,0.81
317,100,350087,0.9
318,100,358375,0.87
319,100,369622,0.87
320,100,406100,0.74
321,100,388825,0.72
322,100,379432,0.82
323,100,414607,0.68
324,100,369518,0.95
325,100,410028,0.59
326,100,348599,0.88
327,100,315692,0.84
328,100,340458,0.9
329,100,383775,0.94
330,100,281689,0.99
331,100,296534,0.98
332,100,374663,0.92
333,100,369900,0.88
334,100,400982,0.59
335,100,447657,0.71
336,100,314755,0.99
337,100,375806,0.84
338,100,355612,0.94
339,100,357195,0.95
340,100,312031,0.97
341,100,340312,0.87
342,100,399702,0.73
343,100,384898,0.91
344,100,357879,0.97
345,100,348795,0.96
346,100,364319,0.83
347,100,301486,0.98
348,100,361251,0.94
349,100,354764,0.91
350,100,350664,0.99
351,100,247642,1
352,100,383319,0.85
353,100,378356,0.97
354,100,392129,0.69
355,100,380893,0.65
356,100,398025,0.64
357,100,271335,1
358,100,242839,0.95
359,100,292067,0.99
360,100,346635,0.96
361,100,321934,0.94
362,100,373490,0.92
363,100,390383,0.78
364,100,400558,0.69
365,100,354680,0.81
366,100,393709,0.86
367,100,386408,0.93
368,100,341577,0.89
369,100,335339,0.93
370,100,398300,0.6
371,100,357980,0.88
372,100,331912,0.91
373,100,376948,0.88
374,100,364449,0.69
375,100,333514,0.95
376,100,394357,0.8
377,100,322437,0.99
378,100,359555,0.92
379,100,388627,0.93
380,100,360867,0.92
381,100,368784,0.71
382,100,403103,0.8
383,100,358691,0.98
384,100,346290,0.83
385,100,369371,0.86
386,100,306156,1
387,100,398457,1
388,100,407996,0.74
389,100,313425,0.96
390,100,383987,0.96
391,100,330964,0.99
392,100,4398661,0.97
393,100,389977,0.94
394,100,347215,0.91
395,100,380882,0.85
396,100,420004,0.87
397,100,382115,0.85
398,100,283449,1
399,100,401144,0.72
400,100,397864,0.76
401,100,390353,0.92
402,100,426157,0.82
403,100,371170,0.89
404,100,353741,0.94
405,100,362961,0.94
406,100,381781,0.86
407,100,406831,0.73
408,100,311600,0.9
409,100,275560,0.99
410,100,413181,0.75
411,100,398510,0.65
412,100,387663,0.77
413,100,381510,0.89
414,100,299451,0.98
415,100,389593,0.91
416,100,312480,0.99
417,100,322740,1
418,100,332414,0.94
419,100,315302,0.94
420,100,345477,0.89
421,100,402336,0.8
422,100,290534,1
423,100,173641,1
424,100,416711,0.72
425,100,261049,1
426,100,391551,0.81
427,100,371719,0.95
428,100,419133,0.84
429,100,366120,0.92
430,100,237230,0.93
431,100,325057,0.94
432,100,449038,0.77
433,100,306031,1
434,100,237164,1
435,100,413038,0.86
436,100,277917,1
437,100,351293,0.96
438,100,383844,0.89
439,100,318963,0.91
440,100,423032,0.7
441,100,304081,0.95
442,100,306046,0.98
443,100,432842,0.8
444,100,346438,0.86
445,100,363056,0.8
446,100,379543,0.87
447,100,320721,0.96
448,100,383767,0.91
449,100,290557,0.99
450,100,370975,0.82
451,100,451728,0.65
452,100,400566,0.86
453,100,335810,0.96
454,100,404541,0.83
455,100,369110,0.95
456,100,346477,0.89
457,100,412135,0.65
458,100,291691,0.97
459,100,367860,0.97
460,100,386351,0.85
461,100,354430,0.93
462,100,348479,0.9
463,100,358937,0.85
464,100,238870,0.94
465,100,406431,0.57
466,100,389789,0.68
467,100,330825,0.98
468,100,360813,0.96
469,100,407392,0.85
470,100,356536,0.95
471,100,402350,0.66
472,100,403211,0.81
473,100,341322,0.9
474,100,379046,0.78
475,100,440469,0.75
476,100,428596,0.72
477,100,390891,0.76
478,100,391730,0.92
479,100,408559,0.8
480,100,292172,1
481,100,350105,0.94
482,100,321516,0.95
483,100,345034,0.95
484,100,202860,1
485,100,418213,0.93
486,100,378333,0.94
487,100,352179,0.93
488,100,323089,0.99
489,100,362077,0.85
490,100,410234,0.6
491,100,374867,0.91
492,100,324931,0.98
493,100,244605,1
494,100,377975,0.85
495,100,345438,0.96
496,100,379642,0.85
497,100,342083,0.96
498,100,374447,0.88
499,100,333698,1
500,100,341962,0.89
501,100,481937,0.66
502,100,337867,0.97
503,100,449099,0.72
504,100,301685,0.89
505,100,309019,0.94
506,100,442955,0.75
507,100,321895,0.89
508,100,396384,0.76
509,100,339716,0.95
510,100,336861,0.99
511,100,401488,0.75
512,100,365461,0.82
513,100,386720,0.87
514,100,432188,0.69
515,100,362260,0.83
516,100,320112,0.99
517,100,419275,0.69
518,100,400862,0.8
519,100,385182,0.86
520,100,276598,0.99
521,100,366139,0.76
522,100,386580,0.88
523,100,378385,0.88
524,100,649934,0.56
525,100,419185,0.71
526,100,304434,0.96
527,100,364505,0.94
528,100,366483,0.88
529,100,347598,0.89
530,100,396910,0.94
531,100,345894,0.9
532,100,394284,0.76
533,100,339021,0.94
534,100,281431,1
535,100,289851,0.97
536,100,285500,0.99
537,100,404911,0.77
538,100,385373,0.85
539,100,361741,0.92
540,100,382813,0.88
541,100,415533,0.86
542,100,387118,0.82
543,100,305539,0.96
544,100,341166,0.96
545,100,313040,0.95
546,100,395726,0.85
547,100,340421,0.97
548,100,297570,0.99
549,100,350793,0.98
550,100,380848,0.86
551,100,312968,0.82
552,100,422939,0.66
553,100,407189,0.79
554,100,292881,0.98
555,100,384779,0.89
556,100,406207,0.8
557,100,367110,0.9
558,100,401874,0.71
559,100,324449,0.96
560,100,398841,0.83
561,100,386113,0.73
562,100,370222,0.97
563,100,374171,0.73
564,100,290908,0.96
565,100,427421,0.77
566,100,375248,0.91
567,100,367309,0.94
568,100,404845,0.85
569,100,326756,0.93
570,100,416544,0.74
571,100,400573,0.83
572,100,324275,0.98
573,100,409892,0.75
574,100,393896,0.8
575,100,444880,0.79
576,100,364698,0.89
577,100,355839,1
578,100,394311,0.82
579,100,368505,0.87
580,100,375936,0.83
581,100,424611,0.87
582,100,385999,0.66
583,100,363937,0.94
584,100,300267,0.99
585,100,370763,0.88
586,100,391864,0.82
587,100,372671,0.95
588,100,331723,0.98
589,100,359710,0.83
590,100,375520,0.87
591,100,401290,0.86
592,100,389165,0.76
593,100,334792,0.94
594,100,296290,1
595,100,246259,1
596,100,378581,0.98
597,100,409213,0.7
598,100,391141,0.72
599,100,315287,0.98
600,100,390578,0.85
601,100,242297,1
602,100,349032,0.91
603,100,356292,0.84
604,100,357812,0.88
605,100,351547,0.83
606,100,404257,0.74
607,100,257259,0.98
608,100,378082,0.74
609,100,391825,0.77
610,100,404027,0.67
611,100,329435,0.98
612,100,400718,0.69
613,100,407086,0.75
614,100,401806,0.73
615,100,374447,0.87
616,100,428674,0.7
617,100,318407,0.94
618,100,418651,0.71
619,100,326446,0.84
620,100,359788,0.95
621,100,267992,1
622,100,387475,0.79
623,100,435719,0.77
624,100,323036,0.97
625,100,416008,0.7
626,100,366086,0.94
627,100,290212,0.99
628,100,383556,0.94
629,100,301110,0.98
630,100,433610,0.58
631,100,361849,0.78
632,100,357921,0.86
633,100,404065,0.62
634,100,316190,0.98
635,100,371658,0.91
636,100,324725,0.96
637,100,350442,0.77
638,100,381704,0.82
639,100,419807,0.8
640,100,297849,1
641,100,398178,0.82
642,100,446996,0.56
643,100,396283,0.77
644,100,377827,0.92
645,100,313258,0.97
646,100,181419,1
647,100,384495,0.85
648,100,267942,0.98
649,100,383968,0.78
650,100,331008,0.94
651,100,359657,0.84
652,100,323071,0.92
653,100,352275,0.98
654,100,415636,0.8
655,100,440991,0.45
656,100,427260,0.63
657,100,366074,0.71
658,100,362150,0.74
659,100,352590,0.98
660,100,350973,0.84
661,100,407591,0.5
662,100,336330,0.96
663,100,320537,1
664,100,367858,0.73
665,100,232819,0.99
666,100,304183,1
667,100,342349,0.87
668,100,148064,1
669,100,416028,0.82
670,100,376647,0.78
671,100,343674,0.92
672,100,379869,0.77
673,100,373546,0.7
674,100,363472,0.93
675,100,375839,0.82
676,100,382049,0.87
677,100,469719,0.64
678,100,260467,1
679,100,346309,0.71
680,100,334206,0.97
681,100,372216,0.83
682,100,369151,0.7
683,100,366310,0.94
684,100,338123,0.85
685,100,341553,0.92
686,100,332467,0.57
687,100,385334,0.85
688,100,376440,0.95
689,100,302530,0.99
690,100,409032,0.68
691,100,393872,0.79
692,100,406658,0.86
693,100,277840,1
694,100,356559,0.83
695,100,336325,0.83
696,100,436295,0.48
697,100,273155,0.93
698,100,379360,0.82
699,100,372308,0.89
700,100,352559,0.94
701,100,392407,0.84
702,100,468534,0.43
703,100,266234,0.99
704,100,366799,0.87
705,100,448773,0.59
706,100,374563,0.86
707,100,323391,0.96
708,100,340748,0.83
709,100,270702,1
710,100,414988,0.86
711,100,355495,0.84
712,100,315792,0.82
713,100,186503,1
714,100,459570,0.71
715,100,349362,0.96
716,100,342545,0.96
717,100,432251,0.76
718,100,395610,0.71
719,100,376772,0.72
720,100,377645,0.76
721,100,389795,0.89
722,100,408102,0.7
723,100,380132,0.76
724,100,311522,0.96
725,100,407135,0.75
726,100,398499,0.76
727,100,358426,0.94
728,100,326938,0.99
729,100,405239,0.75
730,100,341466,0.91
731,100,354882,0.94
732,100,369853,0.83
733,100,408104,0.62
734,100,258545,0.99
735,100,379317,0.92
736,100,340624,0.95
737,100,420409,0.65
738,100,286058,1
739,100,408355,0.72
740,100,307624,0.98
741,100,374195,0.97
742,100,380032,0.64
743,100,351918,0.93
744,100,318555,0.95
745,100,390068,0.72
746,100,346268,0.9
747,100,338860,0.98
748,100,392302,0.87
749,100,230146,1
750,100,271192,0.99
751,100,357279,0.92
752,100,212399,0.98
753,100,425733,0.68
754,100,366998,0.8
755,100,439717,0.54
756,100,351583,0.88
757,100,376158,0.9
758,100,295056,0.97
759,100,404620,0.64
760,100,357879,0.96
761,100,396950,0.83
762,100,411845,0.86
763,100,372383,0.8
764,100,379510,0.78
765,100,392425,0.79
766,100,388489,0.91
767,100,392122,0.74
768,100,377400,0.88
769,100,418958,0.89
770,100,305597,0.95
771,100,419849,0.72
772,100,379567,0.81
773,100,369390,0.89
774,100,415620,0.68
775,100,329706,0.99
776,100,354644,0.98
777,100,289729,0.99
778,100,362422,0.8
779,100,311877,0.97
780,100,414911,0.72
781,100,451127,0.71
782,100,377097,0.88
783,100,348113,0.96
784,100,286235,0.95
785,100,319787,0.97
786,100,317985,0.93
787,100,362236,0.92
788,100,308788,1
789,100,411579,0.79
790,100,365764,0.91
791,100,300709,0.88
792,100,392173,0.76
793,100,411331,0.79
794,100,386455,0.83
795,100,363476,0.96
796,100,391189,0.71
797,100,424900,0.83
798,100,377230,0.81
799,100,366635,0.85
800,100,402345,0.81
801,100,383735,0.95
802,100,293881,0.97
803,100,357170,0.82
804,100,301067,0.98
805,100,360767,0.92
806,100,416558,0.57
807,100,333236,0.9
808,100,327603,0.87
809,100,326597,0.96
810,100,410906,0.75
811,100,391957,0.7
812,100,341198,0.98
813,100,367712,0.86
814,100,395741,0.83
815,100,292875,0.99
816,100,343309,0.93
817,100,345538,0.9
818,100,401745,0.73
819,100,391057,0.77
820,100,357460,0.95
821,100,416979,0.69
822,100,348537,0.79
823,100,309950,1
824,100,377721,0.77
825,100,433623,0.71
826,100,345078,0.95
827,100,354295,0.92
828,100,372014,0.89
829,100,382971,0.89
830,100,329388,0.98
831,100,413457,0.7
832,100,362748,0.87
833,100,378545,0.76
834,100,391812,0.8
835,100,316704,0.95
836,100,392072,0.87
837,100,324558,0.95
838,100,395832,0.81
839,100,296194,0.9
840,100,288229,0.97
841,100,384650,0.9
842,100,362337,0.83
843,100,398684,0.79
844,100,365059,0.9
845,100,319633,0.99
846,100,210522,1
847,100,390806,0.68
848,100,362087,0.91
849,100,228796,1
850,100,172325,1
851,100,384374,0.92
852,100,362101,0.91
853,100,357746,0.93
854,100,323303,0.98
855,100,410842,0.62
856,100,405443,0.82
857,100,397416,0.83
858,100,350479,0.91
859,100,411745,0.62
860,100,393871,0.65
861,100,377252,0.64
862,100,385079,0.95
863,100,378554,0.93
864,100,367816,0.83
865,100,322115,0.93
866,100,407752,0.7
867,100,382838,0.86
868,100,372314,0.91
869,100,383384,0.94
870,100,309196,0.98
871,100,354002,0.86
872,100,406185,0.85
873,100,285111,1
874,100,395135,0.8
875,100,338700,0.9
876,100,363055,0.89
877,100,345501,0.9
878,100,297225,0.99
879,100,299509,1
880,100,383113,0.82
881,100,329051,0.97
882,100,332220,0.92
883,100,310918,0.9
884,100,294434,0.96
885,100,365543,0.86
886,100,343460,1
887,100,365082,0.89
888,100,367279,0.9
889,100,406834,0.68
890,100,309103,0.96
891,100,463686,0.69
892,100,381439,0.86
893,100,290856,0.99
894,100,313115,0.98
895,100,340428,0.97
896,100,304998,0.95
897,100,405673,0.63
898,100,354850,0.85
899,100,321968,0.97
900,100,396739,0.86
901,100,410468,0.82
902,100,320663,0.95
903,100,396938,0.91
904,100,363626,0.87
905,100,345281,0.83
906,100,408326,0.68
907,100,313212,0.93
908,100,337301,0.9
909,100,369949,0.87
910,100,366345,0.53
911,100,498903,0.42
912,100,390905,0.85
913,100,357110,0.94
914,100,312299,0.96
915,100,329289,0.91
916,100,311000,0.91
917,100,403170,0.58
918,100,391275,0.67
919,100,412850,0.91
920,100,376519,0.86
921,100,406787,0.87
922,100,293664,0.97
923,100,343359,0.88
924,100,373836,0.88
925,100,244887,0.99
926,100,389213,0.78
927,100,418265,0.53
928,100,330943,0.98
929,100,336070,0.98
930,100,362878,0.8
931,100,329298,0.92
932,100,386432,0.88
933,100,381903,0.77
934,100,411392,0.87
935,100,396754,0.77
936,100,333566,0.97
937,100,447992,0.79
938,100,349340,0.95
939,100,409239,0.75
940,100,410509,0.81
941,100,353053,0.95
942,100,422643,0.79
943,100,299541,0.99
944,100,389465,0.86
945,100,399170,0.61
946,100,340957,0.92
947,100,366253,0.9
948,100,419789,0.73
949,100,361604,0.89
950,100,303372,1
951,100,411887,0.83
952,100,369253,0.91
953,100,352125,0.93
954,100,370275,0.9
955,100,305516,0.99
956,100,351370,0.92
957,100,355149,0.97
958,100,391604,0.8
959,100,392798,0.74
960,100,389279,0.79
961,100,395517,0.78
962,100,387369,0.76
963,100,382366,0.81
964,100,399014,0.72
965,100,336148,0.95
966,100,368495,0.77
967,100,360564,0.78
968,100,380772,0.86
969,100,433284,0.83
970,100,413207,0.82
971,100,380045,0.72
972,100,323092,0.94
973,100,335586,0.95
974,100,377696,0.89
975,100,396422,0.84
976,100,293529,0.99
977,100,366846,0.89
978,100,405989,0.62
979,100,362128,0.92
980,100,393946,0.66
981,100,410004,0.83
982,100,262646,0.99
983,100,345990,0.95
984,100,249047,1
985,100,387096,0.86
986,100,401986,0.7
987,100,346618,0.91
988,100,360691,0.89
989,100,355073,0.9
990,100,406466,0.78
991,100,367737,0.78
992,100,382364,0.87
993,100,421524,0.89
994,100,384031,0.92
995,100,403476,0.6
996,100,393062,0.71
997,100,392818,0.69
998,100,405181,0.86
999,100,401049,0.79
0,200,743403,0.84
1,200,599843,1
2,200,678231,0.96
3,200,439964,1
4,200,806063,0.66
5,200,530264,0.97
6,200,543185,1
7,200,726533,0.95
8,200,604720,1
9,200,630426,0.98
10,200,790138,0.81
11,200,656402,1
12,200,719266,0.96
13,200,740942,0.96
14,200,549394,0.99
15,200,703310,0.88
16,200,706358,0.99
17,200,587480,1
18,200,512641,1
19,200,711160,0.94
20,200,714868,0.93
21,200,648255,0.96
22,200,734297,0.98
23,200,783145,0.82
24,200,730834,0.92
25,200,693574,0.96
26,200,678366,0.99
27,200,732412,0.96
28,200,692164,0.95
29,200,672623,0.97
30,200,796723,0.82
31,200,695262,0.84
32,200,677699,0.94
33,200,820716,0.87
34,200,751055,0.88
35,200,758389,0.86
36,200,692618,0.92
37,200,613451,0.99
38,200,659824,1
39,200,686725,0.94
40,200,557027,0.98
41,200,483510,1
42,200,662478,1
43,200,559590,1
44,200,642709,0.98
45,200,589630,0.99
46,200,610191,1
47,200,716839,0.94
48,200,594391,1
49,200,677237,0.96
50,200,521358,1
51,200,591511,0.98
52,200,803479,0.79
53,200,547220,1
54,200,513098,1
55,200,581722,1
56,200,670279,0.9
57,200,597160,1
58,200,725259,0.92
59,200,837150,0.75
60,200,736051,0.93
61,200,795472,0.87
62,200,597308,0.99
63,200,589918,1
64,200,656165,0.96
65,200,773960,0.94
66,200,622692,0.96
67,200,491671,1
68,200,729133,0.97
69,200,678326,1
70,200,831986,0.79
71,200,760508,0.93
72,200,521865,0.99
73,200,676116,0.98
74,200,592963,1
75,200,669286,0.97
76,200,818478,0.76
77,200,596106,0.98
78,200,480033,1
79,200,572694,0.99
80,200,644708,0.93
81,200,793685,0.73
82,200,735873,0.95
83,200,781109,0.72
84,200,675559,0.99
85,200,736937,0.95
86,200,441515,1
87,200,752821,0.78
88,200,716348,0.93
89,200,731342,0.88
90,200,577636,0.99
91,200,501584,1
92,200,669251,0.99
93,200,711761,0.93
94,200,674205,0.98
95,200,611127,0.96
96,200,621738,0.99
97,200,505120,0.99
98,200,776729,0.92
99,200,671715,0.98
100,200,785093,0.81
101,200,375895,1
102,200,691903,0.98
103,200,777814,0.83
104,200,626254,0.75
105,200,683065,0.98
106,200,592887,1
107,200,761267,0.85
108,200,623832,1
109,200,767002,0.75
110,200,587098,1
111,200,444547,1
112,200,700008,0.83
113,200,609296,0.99
114,200,627199,1
115,200,610785,1
116,200,651566,0.98
117,200,808018,0.87
118,200,757627,0.94
119,200,727273,0.89
120,200,760657,0.89
121,200,774782,0.96
122,200,542865,1
123,200,720178,0.93
124,200,521896,1
125,200,739873,0.88
126,200,703104,0.99
127,200,702476,0.95
128,200,688715,0.99
129,200,725968,0.9
130,200,545379,1
131,200,647543,0.99
132,200,741278,0.93
133,200,565929,1
134,200,711397,0.92
135,200,830976,0.61
136,200,513125,1
137,200,759201,0.9
138,200,670593,0.88
139,200,691537,0.99
140,200,436670,1
141,200,660438,0.99
142,200,538414,0.99
143,200,740448,0.95
144,200,698350,0.95
145,200,662876,0.99
146,200,725739,0.92
147,200,774764,0.81
148,200,708612,0.99
149,200,460325,1
150,200,681100,0.98
151,200,559538,0.94
152,200,745572,0.95
153,200,752371,0.89
154,200,494001,0.96
155,200,539151,0.99
156,200,787705,0.91
157,200,650050,0.99
158,200,639275,0.94
159,200,658938,1
160,200,663735,0.96
161,200,780970,0.8
162,200,782114,0.91
163,200,455351,1
164,200,767160,0.92
165,200,770762,0.81
166,200,736328,0.97
167,200,824921,0.8
168,200,764649,0.97
169,200,563516,1
170,200,665887,1
171,200,647987,1
172,200,630655,0.99
173,200,766357,0.85
174,200,543111,0.98
175,200,636781,1
176,200,716182,0.97
177,200,732604,0.94
178,200,715753,0.95
179,200,662454,0.99
180,200,698945,1
181,200,767299,0.97
182,200,706856,0.89
183,200,554238,1
184,200,718221,0.96
185,200,702030,0.88
186,200,754222,0.97
187,200,659829,0.97
188,200,642072,0.99
189,200,639375,0.98
190,200,699762,0.97
191,200,683657,0.88
192,200,745442,0.9
193,200,625187,1
194,200,645619,0.95
195,200,977705,0.85
196,200,751424,0.92
197,200,661027,0.99
198,200,741624,0.86
199,200,745240,0.93
200,200,774394,0.97
201,200,740537,0.86
202,200,800890,0.82
203,200,696861,0.94
204,200,681251,0.98
205,200,664139,0.88
206,200,780083,0.82
207,200,715936,0.92
208,200,707495,0.97
209,200,415722,0.98
210,200,701477,0.85
211,200,741144,0.93
212,200,861349,0.77
213,200,644613,0.97
214,200,651637,0.96
215,200,642599,0.98
216,200,619724,0.99
217,200,555594,0.98
218,200,634613,0.99
219,200,765802,0.85
220,200,666743,0.97
221,200,716359,0.86
222,200,738651,0.9
223,200,783678,0.76
224,200,621422,0.99
225,200,817637,0.85
226,200,702116,0.94
227,200,769039,0.86
228,200,732319,0.9
229,200,703678,0.95
230,200,715600,0.93
231,200,568257,0.99
232,200,743693,0.89
233,200,698004,0.95
234,200,687281,0.98
235,200,689759,0.94
236,200,736395,0.87
237,200,633280,1
238,200,688143,0.99
239,200,535133,1
240,200,661529,0.98
241,200,567582,0.98
242,200,426671,1
243,200,712302,0.95
244,200,586003,1
245,200,574542,0.98
246,200,695899,0.95
247,200,623258,0.98
248,200,612008,0.98
249,200,387206,1
250,200,783964,0.83
251,200,676466,0.99
252,200,652460,0.98
253,200,725482,0.74
254,200,754919,0.97
255,200,839147,0.77
256,200,537103,1
257,200,675479,0.97
258,200,751205,0.88
259,200,657515,0.97
260,200,741975,0.79
261,200,718538,0.88
262,200,705898,0.95
263,200,479562,1
264,200,826329,0.7
265,200,557974,0.99
266,200,561616,0.87
267,200,547951,1
268,200,561056,1
269,200,533389,1
270,200,482713,1
271,200,756836,0.94
272,200,609669,1
273,200,679253,0.97
274,200,697567,0.97
275,200,686990,0.96
276,200,661671,0.98
277,200,673839,0.98
278,200,576267,1
279,200,723782,0.84
280,200,737781,0.96
281,200,713349,0.96
282,200,609919,1
283,200,510300,1
284,200,612062,0.98
285,200,631038,1
286,200,838815,0.76
287,200,740185,0.87
288,200,711119,0.92
289,200,648522,0.99
290,200,685990,0.97
291,200,558643,0.99
292,200,679341,1
293,200,402170,1
294,200,716710,0.95
295,200,645664,0.96
296,200,568386,1
297,200,788645,0.83
298,200,543077,1
299,200,635089,0.99
300,200,717808,0.87
301,200,675918,0.95
302,200,778869,0.92
303,200,700717,0.97
304,200,753348,0.96
305,200,746322,0.93
306,200,689979,0.96
307,200,626037,0.99
308,200,711635,0.94
309,200,716332,0.94
310,200,653355,0.99
311,200,664012,0.96
312,200,730546,0.95
313,200,563932,0.98
314,200,720810,0.94
315,200,754887,0.97
316,200,766767,0.9
317,200,646178,0.98
318,200,640746,0.93
319,200,672246,0.96
320,200,773897,0.86
321,200,764993,0.81
322,200,701162,0.94
323,200,789559,0.86
324,200,696382,0.99
325,200,791267,0.8
326,200,645008,0.98
327,200,597874,0.96
328,200,630934,0.97
329,200,732049,1
330,200,537979,1
331,200,558592,1
332,200,688578,0.96
333,200,708648,0.94
334,200,770246,0.79
335,200,783641,0.84
336,200,582972,1
337,200,692982,0.94
338,200,685577,0.98
339,200,668383,0.99
340,200,540435,1
341,200,633731,1
342,200,752378,0.89
343,200,685296,0.97
344,200,680906,0.99
345,200,660375,0.98
346,200,689865,0.93
347,200,559387,0.99
348,200,649103,0.99
349,200,652067,0.98
350,200,678600,1
351,200,459552,1
352,200,697892,0.94
353,200,668663,0.99
354,200,741901,0.88
355,200,733650,0.78
356,200,799057,0.8
357,200,511947,1
358,200,413228,0.98
359,200,529110,1
360,200,625300,1
361,200,571479,0.99
362,200,690313,0.98
363,200,716566,0.93
364,200,750765,0.82
365,200,672071,0.95
366,200,712389,0.97
367,200,728280,0.99
368,200,677979,0.99
369,200,632091,1
370,200,778455,0.76
371,200,643494,0.97
372,200,616230,1
373,200,701737,0.99
374,200,717769,0.8
375,200,647128,0.97
376,200,764156,0.91
377,200,609847,0.99
378,200,668720,0.98
379,200,699915,0.99
380,200,662318,0.96
381,200,721865,0.82
382,200,751371,0.88
383,200,682088,1
384,200,649063,0.96
385,200,698064,0.92
386,200,578750,1
387,200,660792,1
388,200,760967,0.9
389,200,582046,0.98
390,200,718108,0.99
391,200,625526,1
392,200,594816,0.99
393,200,676425,1
394,200,640882,0.98
395,200,728429,0.96
396,200,757228,0.97
397,200,728788,0.92
398,200,517393,1
399,200,756748,0.87
400,200,753566,0.93
401,200,693099,0.96
402,200,787191,0.89
403,200,685330,0.95
404,200,665917,0.98
405,200,678221,0.98
406,200,715319,0.97
407,200,754332,0.87
408,200,541536,0.98
409,200,504931,1
410,200,756978,0.89
411,200,766123,0.88
412,200,731811,0.91
413,200,711234,0.96
414,200,557646,1
415,200,717973,0.96
416,200,578723,1
417,200,599274,1
418,200,612830,0.99
419,200,604891,1
420,200,640633,0.98
421,200,746969,0.96
422,200,526008,1
423,200,351666,1
424,200,755953,0.85
425,200,460197,1
426,200,736311,0.95
427,200,703120,0.98
428,200,731312,0.96
429,200,667515,1
430,200,416108,0.98
431,200,595863,1
432,200,827465,0.89
433,200,560783,1
434,200,410159,1
435,200,751942,0.95
436,200,486454,1
437,200,665505,1
438,200,713339,0.93
439,200,622790,1
440,200,782372,0.85
441,200,556653,1
442,200,577815,1
443,200,788686,0.94
444,200,666909,0.95
445,200,620737,0.89
446,200,671230,0.97
447,200,576759,0.99
448,200,733172,0.97
449,200,505804,1
450,200,718203,0.91
451,200,817474,0.79
452,200,743183,0.98
453,200,610155,0.98
454,200,727056,0.95
455,200,691509,0.98
456,200,658168,0.98
457,200,771193,0.89
458,200,524662,0.99
459,200,671566,1
460,200,723151,0.96
461,200,678759,0.98
462,200,648542,0.99
463,200,717762,0.96
464,200,398681,0.98
465,200,773678,0.79
466,200,738346,0.82
467,200,569669,0.99
468,200,635209,1
469,200,772515,0.97
470,200,656363,0.99
471,200,757823,0.8
472,200,760924,0.91
473,200,645782,0.96
474,200,743356,0.86
475,200,793658,0.92
476,200,810033,0.86
477,200,734194,0.85
478,200,733791,0.99
479,200,747630,0.89
480,200,585447,1
481,200,670600,1
482,200,589734,1
483,200,644014,0.99
484,200,357527,1
485,200,766722,0.96
486,200,691168,0.99
487,200,660615,0.98
488,200,575975,1
489,200,698926,0.95
490,200,773934,0.78
491,200,708524,0.97
492,200,571666,1
493,200,443863,1
494,200,698029,0.94
495,200,624159,0.99
496,200,721277,0.94
497,200,623108,1
498,200,697183,0.97
499,200,628613,1
500,200,630631,0.96
501,200,808822,0.86
502,200,623497,1
503,200,793497,0.92
504,200,566137,0.96
505,200,578085,0.98
506,200,787410,0.85
507,200,601109,0.95
508,200,741021,0.87
509,200,617511,1
510,200,611223,1
511,200,732752,0.89
512,200,698090,0.95
513,200,746235,0.93
514,200,799681,0.79
515,200,675586,0.95
516,200,575780,1
517,200,762338,0.81
518,200,750992,0.95
519,200,726038,0.96
520,200,495790,0.99
521,200,697788,0.89
522,200,715834,0.96
523,200,701802,0.98
524,200,1013035,0.68
525,200,760893,0.8
526,200,561490,0.99
527,200,689257,1
528,200,681783,0.93
529,200,665812,0.98
530,200,700482,0.98
531,200,641630,0.99
532,200,731774,0.91
533,200,639420,0.98
534,200,503837,1
535,200,492600,1
536,200,508989,1
537,200,753311,0.91
538,200,731544,0.94
539,200,687545,0.98
540,200,692586,0.97
541,200,788856,0.97
542,200,728976,0.91
543,200,553488,0.98
544,200,669988,0.99
545,200,588536,0.99
546,200,739355,0.96
547,200,619639,1
548,200,566343,1
549,200,663926,1
550,200,719364,0.94
551,200,625097,0.96
552,200,801929,0.87
553,200,760000,0.95
554,200,551377,0.99
555,200,751286,0.96
556,200,752728,0.93
557,200,685728,0.97
558,200,776144,0.9
559,200,625511,0.99
560,200,736828,0.94
561,200,743879,0.93
562,200,680803,0.98
563,200,734771,0.86
564,200,514188,1
565,200,791036,0.89
566,200,707482,0.99
567,200,670539,0.97
568,200,743428,0.92
569,200,607563,0.99
570,200,783156,0.86
571,200,765473,0.89
572,200,623060,1
573,200,778971,0.92
574,200,714294,0.9
575,200,742275,0.88
576,200,692619,0.98
577,200,654415,1
578,200,721593,0.89
579,200,713473,0.96
580,200,711082,0.96
581,200,734734,0.97
582,200,716332,0.83
583,200,691473,0.99
584,200,589686,1
585,200,717667,0.97
586,200,739520,0.92
587,200,667152,0.99
588,200,614867,0.99
589,200,667927,0.9
590,200,717502,0.96
591,200,765439,0.92
592,200,726367,0.94
593,200,615291,0.98
594,200,582649,1
595,200,452589,1
596,200,662556,0.99
597,200,781904,0.86
598,200,722891,0.92
599,200,573639,1
600,200,725038,0.94
601,200,444527,1
602,200,638439,0.99
603,200,702512,0.95
604,200,670304,0.93
605,200,664606,0.95
606,200,719645,0.86
607,200,459513,0.99
608,200,717060,0.85
609,200,714022,0.91
610,200,783153,0.79
611,200,627405,1
612,200,763053,0.89
613,200,756976,0.89
614,200,761346,0.86
615,200,692971,0.95
616,200,804149,0.83
617,200,585533,0.99
618,200,767491,0.88
619,200,629822,0.93
620,200,674414,0.99
621,200,484540,1
622,200,740433,0.92
623,200,780331,0.89
624,200,616654,1
625,200,767360,0.78
626,200,696923,0.98
627,200,537249,0.99
628,200,699731,0.97
629,200,577184,1
630,200,779164,0.81
631,200,681688,0.86
632,200,685527,0.97
633,200,745203,0.78
634,200,589068,0.98
635,200,709357,0.97
636,200,618458,1
637,200,639466,0.89
638,200,716352,0.92
639,200,756946,0.93
640,200,517884,1
641,200,759494,0.96
642,200,828857,0.72
643,200,731510,0.92
644,200,665249,0.98
645,200,589681,1
646,200,295873,1
647,200,720766,0.92
648,200,463524,0.99
649,200,713550,0.9
650,200,631379,1
651,200,689650,0.96
652,200,637013,0.95
653,200,654063,1
654,200,768664,0.89
655,200,802481,0.6
656,200,807178,0.81
657,200,703794,0.9
658,200,693014,0.85
659,200,657630,1
660,200,646850,0.92
661,200,788121,0.64
662,200,630203,1
663,200,619319,1
664,200,710577,0.86
665,200,432431,1
666,200,543789,0.99
667,200,658690,0.96
668,200,245982,1
669,200,756388,0.93
670,200,706327,0.92
671,200,611036,0.98
672,200,725848,0.95
673,200,712738,0.94
674,200,683958,0.99
675,200,730680,0.92
676,200,721938,0.95
677,200,829759,0.82
678,200,468785,1
679,200,639342,0.81
680,200,605431,1
681,200,694809,0.97
682,200,656986,0.85
683,200,665368,0.98
684,200,643091,0.92
685,200,658720,0.98
686,200,596113,0.8
687,200,695189,0.94
688,200,689494,1
689,200,532763,0.99
690,200,793662,0.86
691,200,731130,0.92
692,200,757055,0.94
693,200,550832,1
694,200,699313,0.93
695,200,636700,0.94
696,200,811309,0.7
697,200,509020,1
698,200,710145,0.91
699,200,708805,0.99
700,200,653960,0.98
701,200,753498,0.95
702,200,817684,0.58
703,200,510600,1
704,200,705580,0.97
705,200,781489,0.75
706,200,719815,0.97
707,200,588500,0.99
708,200,639452,0.94
709,200,498249,1
710,200,767251,0.95
711,200,677686,0.98
712,200,594036,0.98
713,200,330619,1
714,200,754066,0.84
715,200,659255,0.97
716,200,606893,1
717,200,798124,0.94
718,200,752995,0.85
719,200,719084,0.84
720,200,697154,0.88
721,200,747247,0.96
722,200,780206,0.86
723,200,713002,0.94
724,200,612244,1
725,200,762025,0.91
726,200,763949,0.91
727,200,687595,0.98
728,200,621269,1
729,200,744457,0.89
730,200,640013,0.95
731,200,664556,0.97
732,200,717176,0.94
733,200,775001,0.78
734,200,483217,1
735,200,723142,0.98
736,200,622756,0.98
737,200,780154,0.87
738,200,517244,1
739,200,761707,0.88
740,200,546772,1
741,200,660010,1
742,200,719918,0.84
743,200,653022,0.97
744,200,606567,0.99
745,200,754484,0.87
746,200,640829,0.99
747,200,638410,1
748,200,753350,0.95
749,200,419672,1
750,200,481206,1
751,200,667863,0.98
752,200,375688,1
753,200,763594,0.86
754,200,692053,0.9
755,200,783057,0.75
756,200,634526,0.98
757,200,684568,0.99
758,200,527564,1
759,200,756948,0.82
760,200,662614,0.99
761,200,765994,0.95
762,200,753644,0.95
763,200,719139,0.97
764,200,717311,0.93
765,200,744352,0.91
766,200,702532,0.97
767,200,730931,0.87
768,200,707642,0.95
769,200,735610,0.94
770,200,576914,0.99
771,200,759873,0.88
772,200,694563,0.87
773,200,674385,0.98
774,200,759196,0.76
775,200,611735,1
776,200,640081,1
777,200,518732,1
778,200,676974,0.89
779,200,594882,0.99
780,200,781236,0.83
781,200,837690,0.83
782,200,728665,0.96
783,200,628389,1
784,200,534817,0.99
785,200,568929,1
786,200,600979,0.99
787,200,682596,0.97
788,200,581113,1
789,200,766664,0.89
790,200,675166,0.97
791,200,548634,0.96
792,200,714310,0.92
793,200,758644,0.92
794,200,757176,0.98
795,200,673421,1
796,200,776297,0.9
797,200,766104,0.93
798,200,721198,0.95
799,200,717290,0.93
800,200,719578,0.91
801,200,712631,0.98
802,200,580307,1
803,200,683676,0.97
804,200,536626,0.99
805,200,683028,0.99
806,200,763777,0.81
807,200,592433,0.93
808,200,611099,0.96
809,200,592076,0.99
810,200,762727,0.85
811,200,757517,0.88
812,200,614872,1
813,200,681453,0.95
814,200,743978,0.93
815,200,540085,1
816,200,638747,0.99
817,200,634556,0.96
818,200,810901,0.85
819,200,721454,0.91
820,200,672240,0.98
821,200,777240,0.86
822,200,676751,0.93
823,200,568884,1
824,200,723775,0.86
825,200,808242,0.88
826,200,637448,0.99
827,200,670795,0.96
828,200,672260,0.95
829,200,729806,0.93
830,200,627931,1
831,200,785587,0.83
832,200,688220,0.98
833,200,714921,0.93
834,200,743291,0.9
835,200,586509,0.98
836,200,733379,0.92
837,200,605707,1
838,200,731597,0.92
839,200,522126,0.99
840,200,536047,0.98
841,200,703885,0.98
842,200,684155,0.94
843,200,764506,0.88
844,200,682094,0.97
845,200,545153,1
846,200,355532,1
847,200,769375,0.87
848,200,695443,0.99
849,200,408090,1
850,200,302628,1
851,200,729131,0.95
852,200,673838,0.96
853,200,684521,0.98
854,200,616642,1
855,200,781501,0.83
856,200,761625,0.91
857,200,755253,0.92
858,200,645703,0.96
859,200,785835,0.81
860,200,762515,0.85
861,200,730365,0.74
862,200,723341,1
863,200,678068,0.99
864,200,687512,0.91
865,200,610207,0.97
866,200,755186,0.85
867,200,714804,0.95
868,200,693801,0.98
869,200,683837,0.99
870,200,568940,1
871,200,687051,0.96
872,200,743702,0.95
873,200,533132,1
874,200,747328,0.94
875,200,628739,0.97
876,200,670309,0.96
877,200,673206,0.98
878,200,562922,1
879,200,560792,1
880,200,746408,0.92
881,200,592008,1
882,200,644679,0.99
883,200,610925,0.97
884,200,516050,1
885,200,691880,0.94
886,200,632397,1
887,200,684943,0.94
888,200,711826,0.97
889,200,751293,0.84
890,200,553828,1
891,200,781668,0.82
892,200,700543,0.97
893,200,530316,1
894,200,588701,1
895,200,646547,1
896,200,560958,0.99
897,200,770952,0.81
898,200,668544,0.94
899,200,602456,1
900,200,750051,0.96
901,200,787353,0.93
902,200,590540,0.99
903,200,724884,0.98
904,200,685103,0.99
905,200,651950,0.93
906,200,770921,0.79
907,200,595318,0.97
908,200,627970,0.99
909,200,711703,0.97
910,200,727115,0.69
911,200,848837,0.57
912,200,711005,0.94
913,200,668279,0.95
914,200,598975,1
915,200,632108,0.98
916,200,605979,1
917,200,791628,0.81
918,200,740695,0.79
919,200,760770,0.94
920,200,711485,0.92
921,200,742144,0.95
922,200,544656,1
923,200,639483,0.98
924,200,706425,0.93
925,200,432255,1
926,200,715284,0.88
927,200,804472,0.74
928,200,595634,0.99
929,200,652208,1
930,200,695933,0.9
931,200,623286,0.97
932,200,701949,0.93
933,200,735791,0.89
934,200,740364,0.95
935,200,766396,0.86
936,200,599946,1
937,200,784638,0.93
938,200,681060,0.97
939,200,777789,0.89
940,200,771158,0.92
941,200,663717,0.98
942,200,782409,0.92
943,200,559662,1
944,200,722414,0.99
945,200,758110,0.78
946,200,615069,0.98
947,200,693233,0.97
948,200,771348,0.91
949,200,699955,0.95
950,200,538461,1
951,200,767336,0.92
952,200,697070,0.97
953,200,634526,1
954,200,687563,0.94
955,200,584591,1
956,200,673642,0.98
957,200,642810,0.98
958,200,718459,0.91
959,200,733680,0.88
960,200,728152,0.92
961,200,746503,0.94
962,200,739193,0.9
963,200,737947,0.93
964,200,758450,0.85
965,200,618477,0.99
966,200,691100,0.9
967,200,686521,0.94
968,200,706386,0.92
969,200,783600,0.94
970,200,774371,0.95
971,200,710301,0.88
972,200,581722,0.98
973,200,643675,0.99
974,200,712021,0.94
975,200,717213,0.94
976,200,542208,1
977,200,681148,0.98
978,200,773313,0.87
979,200,683527,0.95
980,200,733765,0.83
981,200,764532,0.91
982,200,474663,1
983,200,654226,0.99
984,200,445700,1
985,200,724597,0.97
986,200,765049,0.87
987,200,631577,0.98
988,200,676744,0.94
989,200,663830,0.96
990,200,758216,0.9
991,200,697981,0.91
992,200,702302,0.96
993,200,709191,0.95
994,200,710670,0.96
995,200,776195,0.82
996,200,738486,0.86
997,200,755346,0.89
998,200,751962,0.92
999,200,750218,0.87
0,300,1087192,0.93
1,300,894913,1
2,300,973351,0.97
3,300,618648,1
4,300,1167221,0.79
5,300,772135,0.99
6,300,766757,1
7,300,1046044,0.99
8,300,875256,1
9,300,913092,0.99
10,300,1158918,0.89
11,300,935159,1
12,300,1043240,0.98
13,300,1066836,0.96
14,300,796999,1
15,300,1007803,0.92
16,300,1037500,1
17,300,838569,1
18,300,740560,1
19,300,1029580,0.97
20,300,1061178,0.95
21,300,932492,0.99
22,300,1079109,0.99
23,300,1146465,0.9
24,300,1049892,0.97
25,300,998915,0.99
26,300,976561,1
27,300,1055931,0.99
28,300,1011961,0.96
29,300,960455,0.98
30,300,1148302,0.91
31,300,994040,0.93
32,300,975696,0.95
33,300,1165623,0.91
34,300,1098045,0.95
35,300,1105569,0.93
36,300,1016050,0.97
37,300,860952,1
38,300,954568,1
39,300,999051,0.98
40,300,795559,1
41,300,690086,1
42,300,955179,1
43,300,814104,1
44,300,925962,0.99
45,300,863665,0.99
46,300,893790,1
47,300,1031942,0.99
48,300,877485,1
49,300,1000372,0.99
50,300,710422,1
51,300,821338,0.99
52,300,1156658,0.9
53,300,811587,1
54,300,744822,1
55,300,849406,1
56,300,984196,0.99
57,300,846076,1
58,300,1060570,0.97
59,300,1201786,0.89
60,300,1079688,0.94
61,300,1159177,0.93
62,300,877507,1
63,300,845938,1
64,300,959222,0.98
65,300,1102845,0.98
66,300,924982,0.98
67,300,722892,1
68,300,1029697,0.99
69,300,1002507,1
70,300,1193810,0.84
71,300,1109052,0.96
72,300,755510,0.99
73,300,1000430,0.98
74,300,865083,1
75,300,970732,0.99
76,300,1193292,0.79
77,300,874871,0.99
78,300,650120,1
79,300,816514,0.99
80,300,941361,0.98
81,300,1176189,0.84
82,300,1046813,0.99
83,300,1160173,0.8
84,300,962008,0.99
85,300,1077828,0.96
86,300,582030,1
87,300,1121238,0.87
88,300,1041596,0.97
89,300,1067956,0.91
90,300,838443,1
91,300,705983,1
92,300,978476,0.99
93,300,1049197,0.96
94,300,968799,1
95,300,877398,0.96
96,300,905615,0.99
97,300,745151,1
98,300,1104648,0.98
99,300,1002204,0.99
100,300,1142538,0.89
101,300,524023,1
102,300,1002466,1
103,300,1125543,0.87
104,300,845372,0.8
105,300,1004102,0.99
106,300,862420,1
107,300,1111044,0.88
108,300,916547,1
109,300,1155038,0.85
110,300,878597,1
111,300,629831,1
112,300,1055371,0.92
113,300,911963,1
114,300,921189,1
115,300,887357,1
116,300,937399,1
117,300,1170995,0.92
118,300,1095436,0.95
119,300,1068394,0.92
120,300,1118434,0.94
121,300,1090802,0.99
122,300,767701,1
123,300,1040036,0.96
124,300,760179,1
125,300,1082758,0.96
126,300,1007499,0.99
127,300,1004611,0.96
128,300,996985,1
129,300,1060734,0.93
130,300,779189,1
131,300,915043,1
132,300,1076538,0.95
133,300,816907,1
134,300,1041682,0.98
135,300,1206351,0.71
136,300,738599,1
137,300,1092697,0.95
138,300,977825,0.93
139,300,988979,1
140,300,601827,1
141,300,967594,0.99
142,300,759820,1
143,300,1096784,0.97
144,300,1033636,0.99
145,300,945937,1
146,300,1078045,0.95
147,300,1129856,0.91
148,300,1044790,0.99
149,300,643550,1
150,300,1013548,0.99
151,300,810420,0.97
152,300,1085486,0.99
153,300,1089296,0.93
154,300,709615,0.98
155,300,784048,0.99
156,300,1134541,0.94
157,300,958979,1
158,300,933793,0.96
159,300,961562,1
160,300,989605,0.98
161,300,1153605,0.88
162,300,1104558,0.94
163,300,662080,1
164,300,1126602,0.95
165,300,1130977,0.89
166,300,1090220,0.98
167,300,1169898,0.87
168,300,1080562,0.98
169,300,810089,1
170,300,972349,1
171,300,921517,1
172,300,919850,1
173,300,1122819,0.87
174,300,772785,1
175,300,933120,1
176,300,1011163,0.98
177,300,1078479,0.96
178,300,1054055,0.97
179,300,963953,1
180,300,951381,1
181,300,1107001,0.99
182,300,1033663,0.93
183,300,794442,1
184,300,1029476,0.98
185,300,1007562,0.93
186,300,1102388,0.98
187,300,967506,0.98
188,300,916803,0.99
189,300,904698,0.98
190,300,1029453,1
191,300,1002195,0.96
192,300,1081115,0.96
193,300,898273,1
194,300,940174,0.99
195,300,1347489,0.93
196,300,1082123,0.97
197,300,929651,0.99
198,300,1090288,0.93
199,300,1093844,0.98
200,300,1117780,0.98
201,300,1071746,0.93
202,300,1154981,0.9
203,300,1016376,0.99
204,300,1003088,0.99
205,300,950573,0.93
206,300,1117164,0.88
207,300,1064870,0.96
208,300,1008977,0.99
209,300,564005,0.99
210,300,993316,0.91
211,300,1089791,0.95
212,300,1233321,0.85
213,300,938642,0.99
214,300,927764,0.97
215,300,926641,1
216,300,888700,0.99
217,300,818883,1
218,300,911825,0.99
219,300,1096455,0.9
220,300,956274,0.98
221,300,1055706,0.9
222,300,1092528,0.94
223,300,1142974,0.85
224,300,910680,1
225,300,1112924,0.91
226,300,1031475,0.98
227,300,1100806,0.94
228,300,1074776,0.94
229,300,1001242,0.97
230,300,1037812,0.97
231,300,792908,1
232,300,1081058,0.93
233,300,1007192,0.99
234,300,1018530,1
235,300,1006828,0.95
236,300,1072604,0.93
237,300,917095,1
238,300,1016909,0.99
239,300,777138,1
240,300,948545,0.99
241,300,807574,1
242,300,616491,1
243,300,1054544,0.97
244,300,852292,1
245,300,838940,1
246,300,986178,0.96
247,300,902007,1
248,300,902839,1
249,300,552389,1
250,300,1121121,0.91
251,300,983950,1
252,300,981161,0.98
253,300,1077789,0.82
254,300,1102074,0.99
255,300,1196981,0.85
256,300,766529,1
257,300,963403,0.97
258,300,1082286,0.95
259,300,960355,0.99
260,300,1077316,0.91
261,300,1048104,0.94
262,300,1048693,0.98
263,300,657351,1
264,300,1202450,0.78
265,300,827601,0.99
266,300,820478,0.91
267,300,792612,1
268,300,800917,1
269,300,784853,1
270,300,697796,1
271,300,1105232,0.98
272,300,890407,1
273,300,965588,0.98
274,300,976577,0.98
275,300,1014638,0.98
276,300,973995,0.99
277,300,973867,0.99
278,300,830638,1
279,300,1069778,0.91
280,300,1073739,0.99
281,300,1035802,0.96
282,300,859659,1
283,300,734847,1
284,300,903547,0.98
285,300,938878,1
286,300,1211319,0.89
287,300,1057699,0.93
288,300,1020501,0.94
289,300,951359,1
290,300,998931,0.99
291,300,783969,1
292,300,992325,1
293,300,595320,1
294,300,1025985,0.99
295,300,932498,0.99
296,300,796837,0.99
297,300,1160486,0.95
298,300,783623,1
299,300,912435,0.99
300,300,1030112,0.92
301,300,966075,0.97
302,300,1133072,0.95
303,300,1029633,0.99
304,300,1106360,0.99
305,300,1094745,0.96
306,300,1020770,0.98
307,300,916382,0.99
308,300,1050214,0.95
309,300,1054366,0.99
310,300,918096,0.99
311,300,989668,0.97
312,300,1058754,0.98
313,300,826994,1
314,300,1035025,0.98
315,300,1077740,0.99
316,300,1113898,0.94
317,300,1067690,1
318,300,963888,0.96
319,300,1006229,0.98
320,300,1113488,0.93
321,300,1094154,0.91
322,300,1024873,0.97
323,300,1139760,0.92
324,300,1011750,0.99
325,300,1150726,0.89
326,300,933410,0.99
327,300,888056,0.99
328,300,922006,0.99
329,300,1056997,1
330,300,794014,1
331,300,808680,1
332,300,978194,0.98
333,300,1044842,0.97
334,300,1122610,0.84
335,300,1151621,0.95
336,300,853133,1
337,300,1025213,0.98
338,300,983700,0.99
339,300,975300,0.99
340,300,759184,1
341,300,919472,1
342,300,1113952,0.93
343,300,1004202,0.99
344,300,994887,1
345,300,985769,1
346,300,1016351,0.95
347,300,823294,1
348,300,938963,1
349,300,955693,0.99
350,300,997917,1
351,300,663045,1
352,300,1034714,0.97
353,300,988365,1
354,300,1065216,0.91
355,300,1074321,0.86
356,300,1124649,0.94
357,300,752331,1
358,300,571006,0.99
359,300,755913,1
360,300,897439,1
361,300,810078,1
362,300,1011711,0.98
363,300,1027174,0.94
364,300,1110022,0.88
365,300,972216,1
366,300,1030973,1
367,300,1063672,1
368,300,985599,1
369,300,894558,1
370,300,1154256,0.83
371,300,949323,0.99
372,300,886322,1
373,300,1025929,1
374,300,1051167,0.9
375,300,948499,0.98
376,300,1126569,0.94
377,300,872583,1
378,300,985756,0.98
379,300,1014683,1
380,300,962584,0.98
381,300,1069155,0.86
382,300,1107610,0.96
383,300,985565,1
384,300,942737,0.99
385,300,1008387,0.95
386,300,861285,1
387,300,931327,1
388,300,1112573,0.96
389,300,838908,0.99
390,300,1037226,0.99
391,300,893214,1
392,300,877430,1
393,300,974059,1
394,300,942717,1
395,300,1082323,0.98
396,300,1107479,1
397,300,1065894,0.97
398,300,735138,1
399,300,1121819,0.91
400,300,1082268,0.96
401,300,1016655,0.98
402,300,1139646,0.94
403,300,974183,0.98
404,300,977670,1
405,300,1000448,0.99
406,300,1052490,0.98
407,300,1105347,0.91
408,300,746304,1
409,300,735163,1
410,300,1099648,0.94
411,300,1120890,0.95
412,300,1071208,0.95
413,300,1036031,0.98
414,300,811353,1
415,300,1032878,0.98
416,300,847181,1
417,300,865837,1
418,300,901465,1
419,300,887894,1
420,300,943651,0.99
421,300,1080706,0.99
422,300,747263,1
423,300,500950,1
424,300,1087956,0.86
425,300,633022,1
426,300,1087214,0.98
427,300,1024108,1
428,300,1055432,0.98
429,300,953329,1
430,300,587622,0.99
431,300,866540,1
432,300,1179728,0.95
433,300,788277,1
434,300,578588,1
435,300,1091282,0.97
436,300,677950,1
437,300,979902,1
438,300,1040930,0.95
439,300,918796,1
440,300,1154998,0.89
441,300,811376,1
442,300,861069,1
443,300,1115379,0.97
444,300,986255,0.96
445,300,867979,0.95
446,300,945301,0.98
447,300,835052,1
448,300,1074851,0.99
449,300,747067,1
450,300,1043048,0.96
451,300,1161683,0.85
452,300,1059333,0.98
453,300,889427,0.99
454,300,1055520,0.95
455,300,1011512,0.98
456,300,956789,0.99
457,300,1114408,0.96
458,300,758298,1
459,300,985214,1
460,300,1060445,0.97
461,300,989878,0.99
462,300,922492,1
463,300,1045009,0.97
464,300,560999,1
465,300,1115867,0.85
466,300,1083877,0.87
467,300,844997,0.99
468,300,921669,1
469,300,1104940,0.98
470,300,952982,1
471,300,1087910,0.87
472,300,1115245,0.95
473,300,944889,0.97
474,300,1091271,0.95
475,300,1150158,0.98
476,300,1171470,0.95
477,300,1068366,0.92
478,300,1055097,1
479,300,1095607,0.92
480,300,859154,1
481,300,973092,1
482,300,843956,1
483,300,962796,1
484,300,510200,1
485,300,1129910,1
486,300,1000235,0.99
487,300,972835,0.99
488,300,824132,1
489,300,1024794,0.99
490,300,1147770,0.85
491,300,1056512,0.99
492,300,798611,1
493,300,639947,1
494,300,984193,0.97
495,300,924902,1
496,300,1073484,0.97
497,300,912109,1
498,300,1022646,0.98
499,300,920505,1
500,300,917606,0.98
501,300,1210615,0.93
502,300,901399,1
503,300,1141305,0.97
504,300,846900,1
505,300,833960,0.99
506,300,1130583,0.87
507,300,861095,0.98
508,300,1055118,0.94
509,300,920786,1
510,300,884539,1
511,300,1067302,0.89
512,300,1015634,0.97
513,300,1090530,0.98
514,300,1160112,0.89
515,300,984538,0.98
516,300,819893,1
517,300,1114477,0.92
518,300,1109833,0.97
519,300,1062646,0.98
520,300,709084,1
521,300,1034020,0.95
522,300,1033087,1
523,300,1013498,0.98
524,300,1372037,0.79
525,300,1138380,0.91
526,300,819335,1
527,300,1018982,1
528,300,1004122,0.97
529,300,981542,0.99
530,300,1018264,0.99
531,300,942067,1
532,300,1100286,0.97
533,300,1010116,0.98
534,300,726289,1
535,300,712914,1
536,300,750447,1
537,300,1090230,0.95
538,300,1053991,0.95
539,300,989736,0.98
540,300,992726,0.97
541,300,1130362,0.98
542,300,1073518,0.96
543,300,814773,1
544,300,976140,0.99
545,300,843556,1
546,300,1064650,0.98
547,300,911860,1
548,300,818446,1
549,300,1011768,1
550,300,1103650,0.98
551,300,930387,0.97
552,300,1178150,0.93
553,300,1131072,0.97
554,300,798146,0.99
555,300,1076214,0.99
556,300,1090333,0.98
557,300,1002003,0.97
558,300,1136651,0.95
559,300,915734,0.99
560,300,1090265,0.99
561,300,1082844,0.96
562,300,970512,0.99
563,300,1094786,0.95
564,300,750981,1
565,300,1147363,0.96
566,300,999894,0.99
567,300,1000630,1
568,300,1065413,0.96
569,300,881061,1
570,300,1162675,0.94
571,300,1124461,0.97
572,300,911122,1
573,300,1147535,0.96
574,300,1036593,0.92
575,300,1068738,0.93
576,300,1037338,0.99
577,300,941999,1
578,300,1046060,0.97
579,300,1028748,0.98
580,300,1031186,0.99
581,300,1073233,0.98
582,300,1064286,0.93
583,300,1031558,0.99
584,300,874377,1
585,300,1063030,0.98
586,300,1079338,0.94
587,300,980467,0.99
588,300,917837,0.99
589,300,967753,0.96
590,300,1059406,1
591,300,1085396,0.97
592,300,1074279,0.97
593,300,880181,1
594,300,854464,1
595,300,641022,1
596,300,955327,0.99
597,300,1124458,0.91
598,300,1062786,0.97
599,300,837535,1
600,300,1095823,0.99
601,300,642893,1
602,300,924619,1
603,300,981146,0.97
604,300,980105,0.96
605,300,987643,1
606,300,1087358,0.9
607,300,646633,0.99
608,300,1068615,0.94
609,300,1075151,0.96
610,300,1146751,0.81
611,300,933729,1
612,300,1122647,0.94
613,300,1112688,0.94
614,300,1110040,0.93
615,300,1023074,0.98
616,300,1190020,0.89
617,300,855745,1
618,300,1117686,0.95
619,300,932454,0.96
620,300,998828,1
621,300,701698,1
622,300,1093555,0.95
623,300,1152356,0.95
624,300,897957,1
625,300,1123268,0.9
626,300,1007775,1
627,300,764435,0.99
628,300,1021240,0.99
629,300,849103,1
630,300,1144168,0.86
631,300,998197,0.9
632,300,1011263,0.99
633,300,1108444,0.84
634,300,878039,1
635,300,1028022,1
636,300,932557,1
637,300,897321,0.94
638,300,1043981,0.94
639,300,1096792,0.96
640,300,739186,1
641,300,1124523,0.98
642,300,1238882,0.84
643,300,1081407,0.98
644,300,968923,0.98
645,300,869868,1
646,300,407401,1
647,300,1047145,0.96
648,300,688685,1
649,300,1069934,0.94
650,300,913476,1
651,300,1004081,0.98
652,300,923020,0.96
653,300,971575,1
654,300,1103989,0.93
655,300,1181689,0.67
656,300,1169650,0.9
657,300,1054685,0.95
658,300,1041466,0.95
659,300,966671,1
660,300,936945,0.92
661,300,1161329,0.78
662,300,924950,1
663,300,887462,1
664,300,1043627,0.91
665,300,632987,1
666,300,774154,1
667,300,955740,1
668,300,331416,1
669,300,1110785,0.96
670,300,1022609,0.96
671,300,863096,1
672,300,1095311,0.98
673,300,1024443,0.98
674,300,1009849,1
675,300,1078970,0.94
676,300,1068523,0.99
677,300,1170572,0.87
678,300,690327,1
679,300,915146,0.89
680,300,898119,1
681,300,1037395,0.98
682,300,959458,0.92
683,300,987896,0.99
684,300,946700,0.98
685,300,956968,1
686,300,864639,0.87
687,300,1007925,0.99
688,300,996261,1
689,300,760868,1
690,300,1184739,0.88
691,300,1061429,0.98
692,300,1111357,0.97
693,300,724130,1
694,300,959216,0.96
695,300,863601,0.97
696,300,1206278,0.8
697,300,730830,1
698,300,1048213,0.94
699,300,1049291,0.99
700,300,985552,0.99
701,300,1103115,0.99
702,300,1211247,0.71
703,300,722445,1
704,300,1019643,0.99
705,300,1104999,0.89
706,300,1032843,0.98
707,300,847687,0.99
708,300,938287,0.97
709,300,741474,1
710,300,1092866,0.99
711,300,991216,1
712,300,882481,0.98
713,300,466109,1
714,300,1096638,0.89
715,300,959272,1
716,300,878888,1
717,300,1134148,0.96
718,300,1110083,0.92
719,300,1060101,0.89
720,300,1004731,0.93
721,300,1080744,0.99
722,300,1160604,0.93
723,300,1018456,0.99
724,300,909224,1
725,300,1112358,0.95
726,300,1114271,0.91
727,300,1008500,1
728,300,922788,1
729,300,1085336,0.95
730,300,946364,1
731,300,999862,0.99
732,300,1067725,0.96
733,300,1129828,0.85
734,300,689400,1
735,300,1038162,0.98
736,300,909760,0.98
737,300,1146881,0.96
738,300,744982,1
739,300,1119224,0.91
740,300,775757,1
741,300,977647,1
742,300,1071018,0.88
743,300,972806,1
744,300,874374,1
745,300,1114565,0.9
746,300,942210,1
747,300,937680,1
748,300,1097778,0.97
749,300,603514,1
750,300,658996,1
751,300,973543,0.99
752,300,515517,1
753,300,1113367,0.91
754,300,1027214,0.96
755,300,1149400,0.79
756,300,908234,0.99
757,300,1019145,0.99
758,300,763023,1
759,300,1104172,0.86
760,300,972319,1
761,300,1111100,0.97
762,300,1084585,0.99
763,300,1047106,0.99
764,300,1061718,0.97
765,300,1083664,0.95
766,300,1027316,1
767,300,1086568,0.92
768,300,1006703,0.97
769,300,1081887,0.98
770,300,860155,0.99
771,300,1140085,0.95
772,300,1020498,0.91
773,300,992064,0.99
774,300,1110288,0.89
775,300,883746,1
776,300,971254,1
777,300,743492,1
778,300,984786,0.95
779,300,860862,1
780,300,1146450,0.86
781,300,1190756,0.91
782,300,1087634,0.98
783,300,920012,1
784,300,767187,1
785,300,801288,1
786,300,883699,0.99
787,300,996775,0.97
788,300,828921,0.99
789,300,1126137,0.92
790,300,964938,0.98
791,300,781889,0.97
792,300,1048339,0.95
793,300,1104027,0.95
794,300,1106323,0.98
795,300,996162,1
796,300,1104288,0.94
797,300,1107171,0.96
798,300,1068145,0.97
799,300,1072471,0.95
800,300,1040897,0.96
801,300,1044175,0.99
802,300,840039,1
803,300,998016,1
804,300,798330,0.99
805,300,973759,1
806,300,1111661,0.87
807,300,827541,0.97
808,300,894901,0.98
809,300,864158,0.99
810,300,1124221,0.9
811,300,1095627,0.9
812,300,906522,1
813,300,1002356,1
814,300,1073365,0.95
815,300,776769,1
816,300,923440,1
817,300,931332,0.98
818,300,1122416,0.91
819,300,1072719,0.96
820,300,985098,0.99
821,300,1131373,0.91
822,300,991963,0.98
823,300,829619,1
824,300,1059704,0.94
825,300,1179622,0.92
826,300,910186,1
827,300,999518,0.97
828,300,981655,0.99
829,300,1053467,0.94
830,300,927423,1
831,300,1142405,0.88
832,300,1017707,0.98
833,300,1025751,0.97
834,300,1105572,0.93
835,300,857750,0.99
836,300,1049444,0.98
837,300,875223,1
838,300,1079827,0.94
839,300,736091,1
840,300,766141,1
841,300,1015541,0.98
842,300,997429,0.96
843,300,1115767,0.9
844,300,1000842,0.97
845,300,792170,1
846,300,493376,1
847,300,1140929,0.94
848,300,1017978,1
849,300,589863,1
850,300,421493,1
851,300,1051158,0.96
852,300,980597,0.98
853,300,980973,0.99
854,300,877563,1
855,300,1119855,0.86
856,300,1094399,0.98
857,300,1116686,0.98
858,300,923255,0.99
859,300,1149535,0.88
860,300,1107859,0.9
861,300,1067625,0.83
862,300,1046695,1
863,300,982931,1
864,300,1010963,0.95
865,300,908576,1
866,300,1098288,0.91
867,300,1032629,0.97
868,300,1012702,0.98
869,300,995018,1
870,300,823686,1
871,300,1018550,0.98
872,300,1065434,0.99
873,300,745913,1
874,300,1105284,0.97
875,300,910812,0.99
876,300,986894,0.99
877,300,980530,1
878,300,835806,1
879,300,795704,1
880,300,1062226,0.94
881,300,848762,1
882,300,928711,0.99
883,300,850016,0.99
884,300,727032,1
885,300,1018658,1
886,300,934893,1
887,300,1000532,0.95
888,300,1044982,0.97
889,300,1112258,0.93
890,300,800082,1
891,300,1146109,0.88
892,300,1025214,0.99
893,300,764840,1
894,300,870048,1
895,300,952855,1
896,300,809307,1
897,300,1131486,0.91
898,300,997748,0.95
899,300,872038,1
900,300,1036983,0.98
901,300,1139147,0.97
902,300,857453,0.99
903,300,1028580,1
904,300,963224,0.99
905,300,959072,0.97
906,300,1110006,0.87
907,300,878044,1
908,300,899938,0.99
909,300,1040667,1
910,300,1079927,0.72
911,300,1231658,0.68
912,300,1036034,0.98
913,300,973321,0.99
914,300,884459,1
915,300,910494,0.99
916,300,874544,1
917,300,1145695,0.86
918,300,1077897,0.88
919,300,1102680,0.96
920,300,1033453,0.98
921,300,1095726,0.98
922,300,783284,1
923,300,917503,0.99
924,300,1040218,0.98
925,300,633151,1
926,300,1043296,0.98
927,300,1176534,0.85
928,300,865053,1
929,300,957290,1
930,300,1028862,0.93
931,300,913640,0.99
932,300,1001734,0.94
933,300,1112147,0.99
934,300,1099428,0.97
935,300,1105685,0.94
936,300,848312,1
937,300,1113598,0.96
938,300,983322,1
939,300,1136751,0.96
940,300,1130627,0.97
941,300,972054,0.99
942,300,1147092,0.95
943,300,814072,1
944,300,1067826,1
945,300,1098935,0.82
946,300,883705,1
947,300,1001097,1
948,300,1122033,0.94
949,300,1009960,0.97
950,300,771527,1
951,300,1117747,0.96
952,300,1038366,1
953,300,924564,1
954,300,1009696,0.98
955,300,850840,1
956,300,985100,0.99
957,300,935842,1
958,300,1056089,0.97
959,300,1105661,0.94
960,300,1059696,0.94
961,300,1081896,0.95
962,300,1078341,0.97
963,300,1077342,0.95
964,300,1136773,0.94
965,300,900061,1
966,300,1027024,0.96
967,300,1010999,0.97
968,300,1000762,0.95
969,300,1109461,0.98
970,300,1117464,0.96
971,300,1043636,0.95
972,300,834955,0.99
973,300,947781,1
974,300,1031745,0.95
975,300,1050768,0.97
976,300,786434,1
977,300,998750,1
978,300,1143240,0.92
979,300,1006913,0.97
980,300,1094225,0.88
981,300,1131355,0.94
982,300,672797,1
983,300,951963,1
984,300,648151,1
985,300,1069124,0.99
986,300,1124313,0.91
987,300,915385,0.99
988,300,983954,0.99
989,300,933256,0.98
990,300,1108195,0.95
991,300,1030695,0.93
992,300,1020172,1
993,300,1055901,0.98
994,300,1033233,0.99
995,300,1132529,0.9
996,300,1092121,0.94
997,300,1108564,0.92
998,300,1067893,0.98
999,300,1126306,0.94
0,400,1442739,0.94
1,400,1174196,1
2,400,1265064,0.97
3,400,788777,1
4,400,1549198,0.84
5,400,1015808,1
6,400,992530,1
7,400,1356047,0.99
8,400,1148620,1
9,400,1201071,1
10,400,1534875,0.93
11,400,1212733,1
12,400,1352649,0.99
13,400,1399554,0.97
14,400,1026314,1
15,400,1314212,0.95
16,400,1363763,1
17,400,1098360,1
18,400,965146,1
19,400,1331358,0.99
20,400,1365609,0.98
21,400,1205941,0.99
22,400,1436380,1
23,400,1477392,0.92
24,400,1366183,0.99
25,400,1304787,0.99
26,400,1274398,1
27,400,1387989,1
28,400,1313628,1
29,400,1251658,0.99
30,400,1508736,0.95
31,400,1298737,0.97
32,400,1285596,0.99
33,400,1548184,0.93
34,400,1410409,0.96
35,400,1429348,0.94
36,400,1344075,0.99
37,400,1123882,1
38,400,1246116,1
39,400,1292469,0.99
40,400,1025750,1
41,400,904143,1
42,400,1237418,1
43,400,1068102,1
44,400,1185294,0.99
45,400,1114059,0.99
46,400,1185414,1
47,400,1358161,0.99
48,400,1142468,1
49,400,1307349,0.99
50,400,918199,1
51,400,1073391,1
52,400,1501954,0.92
53,400,1058312,1
54,400,975696,1
55,400,1092587,1
56,400,1277679,0.99
57,400,1066717,1
58,400,1375937,0.98
59,400,1556653,0.9
60,400,1405788,0.97
61,400,1500797,0.93
62,400,1176348,1
63,400,1104955,1
64,400,1264282,0.98
65,400,1450548,0.98
66,400,1234155,0.99
67,400,947925,1
68,400,1365001,1
69,400,1305813,1
70,400,1573542,0.89
71,400,1454165,0.99
72,400,980665,1
73,400,1308570,0.99
74,400,1127299,1
75,400,1255290,0.99
76,400,1553308,0.85
77,400,1136073,0.99
78,400,843151,1
79,400,1053496,1
80,400,1241535,0.98
81,400,1539119,0.86
82,400,1360584,0.99
83,400,1526569,0.87
84,400,1284100,0.99
85,400,1409288,0.98
86,400,732697,1
87,400,1469964,0.93
88,400,1350045,0.97
89,400,1384666,0.96
90,400,1091125,1
91,400,919947,1
92,400,1279913,0.99
93,400,1392228,0.96
94,400,1263858,1
95,400,1124813,0.98
96,400,1182104,1
97,400,971968,1
98,400,1440986,0.99
99,400,1310830,0.99
100,400,1499036,0.92
101,400,669931,1
102,400,1325582,1
103,400,1461075,0.89
104,400,1136581,0.89
105,400,1324066,1
106,400,1122543,1
107,400,1453520,0.95
108,400,1207489,1
109,400,1512141,0.93
110,400,1186933,1
111,400,821880,1
112,400,1342889,0.93
113,400,1148848,1
114,400,1169029,1
115,400,1147986,1
116,400,1223974,1
117,400,1553878,0.95
118,400,1429276,0.97
119,400,1397655,0.94
120,400,1466231,0.97
121,400,1435037,1
122,400,978022,1
123,400,1362136,0.98
124,400,971349,1
125,400,1414187,0.98
126,400,1320250,0.99
127,400,1331402,0.99
128,400,1307836,1
129,400,1367223,0.99
130,400,991854,1
131,400,1177117,1
132,400,1401823,0.97
133,400,1047456,1
134,400,1358116,0.99
135,400,1563826,0.78
136,400,955843,1
137,400,1432204,0.97
138,400,1294802,0.97
139,400,1296939,1
140,400,794677,1
141,400,1241549,1
142,400,985213,1
143,400,1409422,0.99
144,400,1344040,0.99
145,400,1257467,1
146,400,1428374,0.96
147,400,1483202,0.93
148,400,1369622,0.99
149,400,842525,1
150,400,1325807,0.99
151,400,1030912,0.98
152,400,1409670,1
153,400,1431144,0.98
154,400,933085,0.98
155,400,1023320,1
156,400,1462655,0.97
157,400,1255452,1
158,400,1223295,0.98
159,400,1245772,1
160,400,1295655,0.98
161,400,1512837,0.93
162,400,1449867,0.97
163,400,875537,1
164,400,1455048,0.96
165,400,1474984,0.93
166,400,1446279,1
167,400,1520042,0.92
168,400,1404248,0.99
169,400,1065323,1
170,400,1258865,1
171,400,1192295,1
172,400,1197038,1
173,400,1464427,0.91
174,400,1003850,1
175,400,1211709,1
176,400,1335618,0.98
177,400,1416184,0.98
178,400,1392840,0.98
179,400,1260037,1
180,400,1245524,1
181,400,1449291,0.99
182,400,1368658,0.95
183,400,1032095,1
184,400,1339307,1
185,400,1340704,0.96
186,400,1432763,0.98
187,400,1252201,1
188,400,1209654,0.99
189,400,1175955,0.99
190,400,1338317,1
191,400,1302874,0.97
192,400,1422450,0.97
193,400,1184957,1
194,400,1234701,1
195,400,1712019,0.93
196,400,1405190,0.98
197,400,1220480,0.99
198,400,1420001,0.96
199,400,1456116,1
200,400,1565930,0.98
201,400,1449634,0.95
202,400,1554091,0.92
203,400,1373303,0.99
204,400,1311080,1
205,400,1252358,0.95
206,400,1535969,0.93
207,400,1402468,0.98
208,400,1346613,0.99
209,400,713688,0.99
210,400,1306563,0.94
211,400,1452795,0.99
212,400,1635743,0.9
213,400,1235318,0.99
214,400,1232265,0.97
215,400,1219630,1
216,400,1156308,1
217,400,1072218,1
218,400,1205154,0.99
219,400,1438891,0.98
220,400,1251521,0.98
221,400,1421546,0.94
222,400,1482613,0.97
223,400,1512015,0.89
224,400,1199017,1
225,400,1465108,0.96
226,400,1347872,0.99
227,400,1519655,0.97
228,400,1430764,0.95
229,400,1327815,0.98
230,400,1433124,1
231,400,1078928,1
232,400,1501118,0.94
233,400,1391943,0.99
234,400,1383881,1
235,400,1408660,0.98
236,400,1401231,0.95
237,400,1221253,1
238,400,1326689,0.99
239,400,1026300,1
240,400,1263443,1
241,400,1071593,1
242,400,797751,1
243,400,1375637,0.97
244,400,1128261,1
245,400,1094651,1
246,400,1277285,0.98
247,400,1179912,1
248,400,1192743,1
249,400,723055,1
250,400,1473508,0.93
251,400,1267303,1
252,400,1230171,0.98
253,400,1438057,0.86
254,400,1433411,1
255,400,1570869,0.89
256,400,985859,1
257,400,1260781,0.99
258,400,1420679,0.97
259,400,1290494,0.99
260,400,1401333,0.93
261,400,1380616,0.96
262,400,1378982,0.98
263,400,845337,1
264,400,1573371,0.84
265,400,1061245,0.99
266,400,1033470,0.91
267,400,1053974,1
268,400,1058167,1
269,400,1024093,1
270,400,902512,1
271,400,1457837,1
272,400,1159293,1
273,400,1243469,0.98
274,400,1267383,0.98
275,400,1334106,1
276,400,1273318,1
277,400,1265344,1
278,400,1096117,1
279,400,1374709,0.96
280,400,1404126,0.99
281,400,1343791,1
282,400,1126924,1
283,400,954424,1
284,400,1180178,0.98
285,400,1218690,1
286,400,1593084,0.94
287,400,1374478,0.97
288,400,1333703,0.96
289,400,1214999,1
290,400,1321582,0.99
291,400,1038975,1
292,400,1276892,1
293,400,780975,1
294,400,1355044,0.99
295,400,1239075,1
296,400,1032812,0.99
297,400,1509987,0.95
298,400,1025627,1
299,400,1192664,0.99
300,400,1359311,0.96
301,400,1252898,0.99
302,400,1464805,0.99
303,400,1362775,1
304,400,1390570,1
305,400,1426382,0.97
306,400,1343574,0.99
307,400,1180405,0.99
308,400,1368807,0.98
309,400,1381203,1
310,400,1201833,0.99
311,400,1282599,0.99
312,400,1384381,0.98
313,400,1049853,1
314,400,1343151,1
315,400,1402390,1
316,400,1453260,0.96
317,400,1232707,1
318,400,1235706,0.97
319,400,1326718,0.99
320,400,1446149,0.93
321,400,1433299,0.91
322,400,1336517,0.98
323,400,1456023,0.95
324,400,1322575,1
325,400,1488693,0.93
326,400,1219560,1
327,400,1156288,1
328,400,1208202,1
329,400,1354788,1
330,400,1045964,1
331,400,1069887,1
332,400,1272564,1
333,400,1360250,1
334,400,1465292,0.86
335,400,1498212,0.96
336,400,1138806,1
337,400,1341774,0.98
338,400,1289205,0.99
339,400,1267575,1
340,400,977660,1
341,400,1199094,1
342,400,1466122,0.95
343,400,1298494,0.99
344,400,1290222,1
345,400,1282171,1
346,400,1332419,0.99
347,400,1095930,1
348,400,1219819,1
349,400,1225583,0.99
350,400,1299441,1
351,400,860427,1
352,400,1350750,0.99
353,400,1285151,1
354,400,1390171,0.95
355,400,1420680,0.9
356,400,1472323,0.95
357,400,976156,1
358,400,720323,0.99
359,400,950215,1
360,400,1170008,1
361,400,1047335,1
362,400,1332576,0.98
363,400,1339520,0.99
364,400,1440113,0.93
365,400,1243949,1
366,400,1338869,1
367,400,1384060,1
368,400,1301430,1
369,400,1179460,1
370,400,1502157,0.86
371,400,1233697,0.99
372,400,1139885,1
373,400,1338773,1
374,400,1378670,0.96
375,400,1254065,0.99
376,400,1487805,0.96
377,400,1145725,1
378,400,1275044,0.98
379,400,1314177,1
380,400,1256946,0.99
381,400,1405313,0.89
382,400,1409755,0.97
383,400,1266845,1
384,400,1219847,0.99
385,400,1321981,0.95
386,400,1114406,1
387,400,1199861,1
388,400,1460089,0.98
389,400,1090225,1
390,400,1355701,1
391,400,1162305,1
392,400,1136367,1
393,400,1268787,1
394,400,1212807,1
395,400,1419251,0.98
396,400,1432956,1
397,400,1398083,0.98
398,400,948236,1
399,400,1481250,0.96
400,400,1401529,0.98
401,400,1318303,0.99
402,400,1483981,0.96
403,400,1255130,0.99
404,400,1297078,1
405,400,1305637,0.99
406,400,1351818,0.99
407,400,1455965,0.92
408,400,965315,1
409,400,965686,1
410,400,1430538,0.97
411,400,1487278,0.97
412,400,1388566,0.98
413,400,1344693,0.98
414,400,1015516,1
415,400,1354910,0.98
416,400,1113005,1
417,400,1121520,1
418,400,1170961,1
419,400,1168460,1
420,400,1227565,1
421,400,1410349,0.99
422,400,973603,1
423,400,656841,1
424,400,1414796,0.9
425,400,825887,1
426,400,1429861,0.98
427,400,1345295,1
428,400,1361669,0.98
429,400,1241578,1
430,400,754680,1
431,400,1153303,1
432,400,1509083,0.96
433,400,1101853,1
434,400,774017,1
435,400,1415654,0.99
436,400,857470,1
437,400,1287322,1
438,400,1372758,0.97
439,400,1219072,1
440,400,1502611,0.92
441,400,1058201,1
442,400,1115073,1
443,400,1474946,0.98
444,400,1292488,0.98
445,400,1114033,0.96
446,400,1250627,0.99
447,400,1095031,1
448,400,1394016,0.99
449,400,962888,1
450,400,1385506,0.97
451,400,1537692,0.91
452,400,1370163,1
453,400,1146455,0.99
454,400,1396540,0.95
455,400,1324363,0.98
456,400,1245864,1
457,400,1458578,1
458,400,1017146,1
459,400,1335555,1
460,400,1394710,0.99
461,400,1310270,0.99
462,400,1206428,1
463,400,1380072,0.99
464,400,733608,1
465,400,1450852,0.88
466,400,1429388,0.89
467,400,1097529,1
468,400,1201478,1
469,400,1421970,0.98
470,400,1247672,1
471,400,1416127,0.91
472,400,1469047,0.96
473,400,1237369,0.97
474,400,1426912,0.96
475,400,1504744,0.98
476,400,1514144,0.98
477,400,1403538,0.98
478,400,1381978,1
479,400,1453830,0.95
480,400,1115229,1
481,400,1293416,1
482,400,1126646,1
483,400,1260203,1
484,400,652391,1
485,400,1484305,1
486,400,1308884,0.99
487,400,1291823,1
488,400,1058611,1
489,400,1333643,0.99
490,400,1511763,0.88
491,400,1387622,1
492,400,1041064,1
493,400,812017,1
494,400,1292482,0.97
495,400,1230501,1
496,400,1403142,1
497,400,1195694,1
498,400,1329043,1
499,400,1203921,1
500,400,1193521,0.99
501,400,1498129,0.93
502,400,1161950,1
503,400,1521436,0.99
504,400,1105018,1
505,400,1084043,1
506,400,1467577,0.9
507,400,1103168,0.98
508,400,1369679,0.96
509,400,1207807,1
510,400,1169107,1
511,400,1395432,0.91
512,400,1321433,0.98
513,400,1415966,0.99
514,400,1516607,0.93
515,400,1275373,0.99
516,400,1057462,1
517,400,1468965,0.94
518,400,1435102,0.99
519,400,1401859,1
520,400,918788,1
521,400,1350825,0.97
522,400,1353283,1
523,400,1353258,0.99
524,400,1746829,0.88
525,400,1447832,0.96
526,400,1070000,1
527,400,1322643,1
528,400,1338670,0.98
529,400,1283961,0.99
530,400,1319857,1
531,400,1231770,1
532,400,1429959,0.99
533,400,1225896,0.99
534,400,942875,1
535,400,918341,1
536,400,1006369,1
537,400,1447808,0.96
538,400,1376882,0.96
539,400,1312089,0.99
540,400,1303449,0.99
541,400,1479792,0.98
542,400,1382555,0.99
543,400,1077792,1
544,400,1290868,1
545,400,1093773,1
546,400,1393541,0.99
547,400,1188871,1
548,400,1073496,1
549,400,1291496,1
550,400,1395750,0.99
551,400,1182012,0.98
552,400,1517713,0.94
553,400,1480038,0.98
554,400,1026170,1
555,400,1408887,0.99
556,400,1443430,0.99
557,400,1290360,0.98
558,400,1498293,0.96
559,400,1192062,0.99
560,400,1399941,1
561,400,1402569,0.97
562,400,1280803,0.99
563,400,1418488,0.98
564,400,996073,1
565,400,1488909,0.98
566,400,1288169,0.99
567,400,1292631,1
568,400,1396237,0.97
569,400,1132186,1
570,400,1505065,0.96
571,400,1465174,0.99
572,400,1193062,1
573,400,1492920,0.96
574,400,1364811,0.94
575,400,1392363,0.97
576,400,1363223,0.99
577,400,1227268,1
578,400,1351368,0.98
579,400,1363475,0.99
580,400,1343437,0.99
581,400,1372750,1
582,400,1396279,0.94
583,400,1338149,1
584,400,1128020,1
585,400,1405767,0.98
586,400,1408033,0.95
587,400,1277341,1
588,400,1200752,0.99
589,400,1267799,0.98
590,400,1391301,1
591,400,1440431,0.99
592,400,1387130,0.98
593,400,1144990,1
594,400,1098700,1
595,400,802148,1
596,400,1241996,0.99
597,400,1495004,0.95
598,400,1375908,0.99
599,400,1088938,1
600,400,1424027,0.99
601,400,841949,1
602,400,1229089,1
603,400,1292534,0.98
604,400,1305403,0.97
605,400,1252057,1
606,400,1413494,0.93
607,400,808923,1
608,400,1389388,0.97
609,400,1340645,0.96
610,400,1481664,0.91
611,400,1216624,1
612,400,1454052,0.95
613,400,1448653,0.96
614,400,1425862,0.97
615,400,1335712,0.99
616,400,1531921,0.92
617,400,1103414,1
618,400,1464612,0.96
619,400,1227413,0.97
620,400,1296357,1
621,400,916405,1
622,400,1397005,0.96
623,400,1500214,0.97
624,400,1152236,1
625,400,1496626,0.95
626,400,1307466,1
627,400,986302,1
628,400,1336851,1
629,400,1112745,1
630,400,1514773,0.93
631,400,1317371,0.93
632,400,1328132,0.99
633,400,1441421,0.89
634,400,1124554,1
635,400,1351738,1
636,400,1185107,1
637,400,1148965,0.98
638,400,1385087,0.97
639,400,1404186,0.96
640,400,962633,1
641,400,1456239,0.99
642,400,1598612,0.86
643,400,1409682,1
644,400,1236697,0.99
645,400,1114779,1
646,400,515557,1
647,400,1375444,0.97
648,400,911388,1
649,400,1384584,0.99
650,400,1191855,1
651,400,1317505,1
652,400,1205514,0.98
653,400,1258593,1
654,400,1449721,0.96
655,400,1579446,0.74
656,400,1517754,0.93
657,400,1362828,0.97
658,400,1363065,0.99
659,400,1253079,1
660,400,1217341,0.94
661,400,1516557,0.87
662,400,1196368,1
663,400,1158092,1
664,400,1378798,0.95
665,400,805959,1
666,400,1024078,1
667,400,1238960,1
668,400,406629,1
669,400,1437921,0.99
670,400,1337895,0.97
671,400,1134311,1
672,400,1404832,0.99
673,400,1340983,0.99
674,400,1321884,1
675,400,1399323,0.97
676,400,1386264,0.99
677,400,1503778,0.9
678,400,908256,1
679,400,1176358,0.94
680,400,1144974,1
681,400,1342522,1
682,400,1200835,0.94
683,400,1260361,0.99
684,400,1246356,1
685,400,1240444,1
686,400,1115652,0.91
687,400,1292214,0.99
688,400,1288326,1
689,400,969891,0.99
690,400,1509598,0.91
691,400,1383435,0.98
692,400,1423193,0.99
693,400,921717,1
694,400,1233064,0.98
695,400,1089704,0.99
696,400,1566345,0.85
697,400,936992,1
698,400,1366561,0.96
699,400,1368296,1
700,400,1268454,0.99
701,400,1438674,1
702,400,1582336,0.76
703,400,938453,1
704,400,1345606,0.99
705,400,1452703,0.92
706,400,1330921,1
707,400,1082421,1
708,400,1222729,1
709,400,946132,1
710,400,1416670,1
711,400,1321399,1
712,400,1125724,0.99
713,400,584917,1
714,400,1440067,0.92
715,400,1234459,1
716,400,1117862,1
717,400,1482143,0.99
718,400,1455372,0.96
719,400,1386633,0.94
720,400,1314947,0.98
721,400,1398550,1
722,400,1536037,0.95
723,400,1347542,1
724,400,1173413,1
725,400,1431626,0.96
726,400,1465424,0.96
727,400,1323839,1
728,400,1222169,1
729,400,1420544,0.99
730,400,1209034,1
731,400,1308309,1
732,400,1406200,0.98
733,400,1474906,0.89
734,400,875448,1
735,400,1336695,0.99
736,400,1174066,1
737,400,1465253,0.96
738,400,944046,1
739,400,1456116,0.97
740,400,1003278,1
741,400,1260527,1
742,400,1405546,0.94
743,400,1275445,1
744,400,1097510,1
745,400,1475431,0.93
746,400,1219867,1
747,400,1213862,1
748,400,1465441,0.99
749,400,775978,1
750,400,863933,1
751,400,1252230,1
752,400,663084,1
753,400,1454286,0.91
754,400,1327150,0.97
755,400,1510732,0.85
756,400,1192240,1
757,400,1325908,0.99
758,400,1013393,1
759,400,1464724,0.91
760,400,1282270,1
761,400,1449195,0.98
762,400,1417972,0.99
763,400,1377471,1
764,400,1385121,0.98
765,400,1418229,0.97
766,400,1343698,1
767,400,1410544,0.96
768,400,1310734,0.99
769,400,1391871,0.99
770,400,1139800,1
771,400,1479091,0.97
772,400,1343989,0.93
773,400,1292049,1
774,400,1438597,0.91
775,400,1155977,1
776,400,1267499,1
777,400,962189,1
778,400,1287394,0.96
779,400,1107836,1
780,400,1495239,0.89
781,400,1552674,0.94
782,400,1390675,0.98
783,400,1210370,1
784,400,982186,1
785,400,1026450,1
786,400,1147602,0.99
787,400,1308061,0.99
788,400,1076518,1
789,400,1457045,0.95
790,400,1280180,0.99
791,400,1006170,0.99
792,400,1351635,0.97
793,400,1444522,0.99
794,400,1450245,0.98
795,400,1297726,1
796,400,1448871,0.97
797,400,1451134,0.99
798,400,1378755,0.98
799,400,1395731,0.96
800,400,1349549,0.97
801,400,1347310,1
802,400,1071421,1
803,400,1301872,1
804,400,1057980,0.99
805,400,1274974,1
806,400,1468620,0.93
807,400,1048232,0.98
808,400,1142723,0.99
809,400,1124611,1
810,400,1507140,0.93
811,400,1418688,0.97
812,400,1170186,1
813,400,1338842,1
814,400,1380670,1
815,400,996111,1
816,400,1201476,1
817,400,1210243,0.99
818,400,1469546,0.95
819,400,1390107,0.99
820,400,1279846,1
821,400,1496334,0.94
822,400,1314362,0.99
823,400,1052905,1
824,400,1401172,0.96
825,400,1560254,0.96
826,400,1188298,1
827,400,1307261,1
828,400,1280316,0.99
829,400,1381413,0.96
830,400,1223456,1
831,400,1503117,0.94
832,400,1337425,1
833,400,1351225,0.98
834,400,1434315,0.99
835,400,1107893,1
836,400,1367252,1
837,400,1140317,1
838,400,1446841,0.94
839,400,905536,1
840,400,996503,1
841,400,1348949,0.99
842,400,1304957,0.97
843,400,1446219,0.95
844,400,1311999,0.99
845,400,1038102,1
846,400,634889,1
847,400,1468261,0.95
848,400,1339830,1
849,400,770679,1
850,400,558745,1
851,400,1376849,0.97
852,400,1270789,0.99
853,400,1284991,1
854,400,1154770,1
855,400,1473246,0.9
856,400,1416550,0.99
857,400,1476462,0.98
858,400,1201193,0.99
859,400,1520494,0.93
860,400,1438700,0.93
861,400,1404224,0.9
862,400,1361570,1
863,400,1284281,1
864,400,1322847,0.96
865,400,1199366,1
866,400,1455505,0.93
867,400,1350202,0.98
868,400,1316180,0.99
869,400,1313404,1
870,400,1064027,1
871,400,1327978,0.99
872,400,1387329,0.99
873,400,976941,1
874,400,1440033,0.97
875,400,1166045,0.99
876,400,1283885,1
877,400,1291815,1
878,400,1086142,1
879,400,1039702,1
880,400,1378960,0.95
881,400,1095789,1
882,400,1223751,0.99
883,400,1106678,1
884,400,923184,1
885,400,1323734,1
886,400,1261826,1
887,400,1331966,0.98
888,400,1350518,0.99
889,400,1467600,0.97
890,400,1029149,1
891,400,1510469,0.94
892,400,1328981,1
893,400,960065,1
894,400,1154537,1
895,400,1250097,1
896,400,1035879,1
897,400,1459633,0.94
898,400,1301105,0.98
899,400,1138034,1
900,400,1350808,0.99
901,400,1493064,0.98
902,400,1117277,1
903,400,1348876,1
904,400,1260427,1
905,400,1228770,0.99
906,400,1459137,0.92
907,400,1147688,1
908,400,1173276,1
909,400,1360952,1
910,400,1435006,0.78
911,400,1635084,0.74
912,400,1346751,0.98
913,400,1274213,1
914,400,1143663,1
915,400,1180677,1
916,400,1139556,1
917,400,1499662,0.92
918,400,1418831,0.9
919,400,1440153,0.99
920,400,1347953,0.99
921,400,1420414,1
922,400,1001182,1
923,400,1199159,1
924,400,1361409,0.99
925,400,812679,1
926,400,1379285,0.99
927,400,1552050,0.89
928,400,1140258,1
929,400,1258878,1
930,400,1351579,0.95
931,400,1193905,0.99
932,400,1315086,0.95
933,400,1447634,1
934,400,1435926,0.99
935,400,1451447,0.97
936,400,1105457,1
937,400,1436663,0.98
938,400,1288254,1
939,400,1464071,0.97
940,400,1462405,0.99
941,400,1281838,1
942,400,1496516,0.98
943,400,1055648,1
944,400,1393385,1
945,400,1467152,0.88
946,400,1136198,1
947,400,1309762,1
948,400,1452966,0.98
949,400,1340245,0.98
950,400,1022123,1
951,400,1455498,0.98
952,400,1352483,1
953,400,1202790,1
954,400,1312323,0.99
955,400,1117460,1
956,400,1298972,1
957,400,1222962,1
958,400,1378740,1
959,400,1459085,0.97
960,400,1388567,0.98
961,400,1409800,0.95
962,400,1444150,0.99
963,400,1401084,0.98
964,400,1451069,0.95
965,400,1169880,1
966,400,1359961,0.99
967,400,1321048,0.97
968,400,1307323,0.97
969,400,1457440,0.99
970,400,1456067,0.98
971,400,1376935,0.97
972,400,1060235,0.99
973,400,1226308,1
974,400,1366078,1
975,400,1364697,0.97
976,400,1021607,1
977,400,1313863,1
978,400,1503097,0.94
979,400,1286485,0.98
980,400,1424252,0.9
981,400,1484640,0.96
982,400,861052,1
983,400,1263400,1
984,400,835062,1
985,400,1385954,0.99
986,400,1474073,0.95
987,400,1191537,0.99
988,400,1319978,1
989,400,1222200,0.99
990,400,1463021,0.97
991,400,1357506,0.93
992,400,1333401,1
993,400,1391357,0.99
994,400,1368912,1
995,400,1490219,0.93
996,400,1432031,0.95
997,400,1450832,0.97
998,400,1401242,0.99
999,400,1471544,0.97
0,500,1804975,0.95
1,500,1427805,1
2,500,1563225,0.97
3,500,978452,1
4,500,1920840,0.89
5,500,1265546,1
6,500,1191081,1
7,500,1681444,0.99
8,500,1420368,1
9,500,1476757,1
10,500,1906253,0.94
11,500,1479467,1
12,500,1664206,1
13,500,1715403,0.97
14,500,1276675,1
15,500,1635017,0.96
16,500,1694083,1
17,500,1376311,1
18,500,1202008,1
19,500,1673949,1
20,500,1695355,0.99
21,500,1494838,0.99
22,500,1775547,1
23,500,1848153,0.92
24,500,1683031,0.99
25,500,1629513,0.99
26,500,1586378,1
27,500,1721132,1
28,500,1628194,1
29,500,1537181,1
30,500,1851410,0.96
31,500,1594189,0.98
32,500,1596309,0.99
33,500,1907110,0.95
34,500,1751745,0.96
35,500,1778464,0.94
36,500,1658709,1
37,500,1417257,1
38,500,1539397,1
39,500,1590006,1
40,500,1246470,1
41,500,1122772,1
42,500,1522395,1
43,500,1312467,1
44,500,1445915,0.99
45,500,1385850,1
46,500,1441782,1
47,500,1687814,0.99
48,500,1430824,1
49,500,1602995,0.99
50,500,1132352,1
51,500,1314553,1
52,500,1850282,0.94
53,500,1302115,1
54,500,1215272,1
55,500,1339384,1
56,500,1579672,0.99
57,500,1343057,1
58,500,1702092,0.99
59,500,1904628,0.94
60,500,1747514,0.98
61,500,1841619,0.95
62,500,1433298,1
63,500,1401152,1
64,500,1568221,0.98
65,500,1778850,0.99
66,500,1537808,1
67,500,1169994,1
68,500,1687187,1
69,500,1616931,1
70,500,1925274,0.9
71,500,1815325,0.99
72,500,1200830,1
73,500,1611635,1
74,500,1407932,1
75,500,1566342,0.99
76,500,1965124,0.89
77,500,1401152,0.99
78,500,1007018,1
79,500,1300775,1
80,500,1561579,0.99
81,500,1910715,0.9
82,500,1666728,1
83,500,1818558,0.89
84,500,1584379,0.99
85,500,1754889,0.99
86,500,883841,1
87,500,1834719,0.95
88,500,1665091,0.97
89,500,1749087,0.98
90,500,1336290,1
91,500,1106566,1
92,500,1589805,1
93,500,1739845,0.98
94,500,1593473,1
95,500,1382122,0.98
96,500,1458602,1
97,500,1197243,1
98,500,1797799,0.99
99,500,1628669,0.99
100,500,1856178,0.93
101,500,808000,1
102,500,1660968,1
103,500,1807585,0.9
104,500,1347429,0.89
105,500,1597800,1
106,500,1387444,1
107,500,1805490,0.98
108,500,1490865,1
109,500,1889738,0.96
110,500,1511281,1
111,500,1029577,1
112,500,1672516,0.95
113,500,1435146,1
114,500,1459801,1
115,500,1431148,1
116,500,1509400,1
117,500,1906265,0.98
118,500,1761832,0.97
119,500,1720340,0.94
120,500,1843063,0.98
121,500,1783018,1
122,500,1218594,1
123,500,1692511,0.98
124,500,1183638,1
125,500,1763648,1
126,500,1639391,1
127,500,1662156,1
128,500,1637355,1
129,500,1678434,0.99
130,500,1228397,1
131,500,1462546,1
132,500,1737237,0.97
133,500,1301162,1
134,500,1678803,0.99
135,500,1936395,0.83
136,500,1184236,1
137,500,1763920,0.99
138,500,1594560,0.98
139,500,1607415,1
140,500,1006107,1
141,500,1542542,1
142,500,1190962,1
143,500,1732543,0.99
144,500,1660311,0.99
145,500,1522069,1
146,500,1774201,0.97
147,500,1833138,0.96
148,500,1707406,1
149,500,1036664,1
150,500,1674707,0.99
151,500,1243696,0.98
152,500,1768071,1
153,500,1794202,0.99
154,500,1118732,0.98
155,500,1281353,1
156,500,1818547,0.98
157,500,1532268,1
158,500,1516753,0.99
159,500,1509821,1
160,500,1620791,1
161,500,1854339,0.96
162,500,1810120,1
163,500,1084894,1
164,500,1803343,0.98
165,500,1841269,0.94
166,500,1819326,1
167,500,1889358,0.93
168,500,1777440,1
169,500,1308222,1
170,500,1580404,1
171,500,1455411,1
172,500,1467917,1
173,500,1838332,0.94
174,500,1222543,1
175,500,1510884,1
176,500,1631778,0.99
177,500,1728647,0.99
178,500,1736324,1
179,500,1551842,1
180,500,1538829,1
181,500,1799441,0.99
182,500,1678460,0.98
183,500,1272053,1
184,500,1634667,1
185,500,1644829,0.97
186,500,1802090,0.99
187,500,1557502,1
188,500,1487869,0.99
189,500,1432640,0.99
190,500,1642731,1
191,500,1596209,0.97
192,500,1739613,0.98
193,500,1461849,1
194,500,1511879,1
195,500,2066071,0.95
196,500,1745524,0.98
197,500,1512393,0.99
198,500,1777257,0.99
199,500,1746340,1
200,500,1791729,0.99
201,500,1736969,0.98
202,500,1869143,0.95
203,500,1684858,1
204,500,1668743,1
205,500,1534747,0.98
206,500,1843575,0.95
207,500,1721888,0.98
208,500,1657677,0.99
209,500,848077,0.99
210,500,1609705,0.96
211,500,1778703,0.99
212,500,2006672,0.9
213,500,1514818,1
214,500,1514541,0.97
215,500,1480621,1
216,500,1416061,1
217,500,1316313,1
218,500,1454561,0.99
219,500,1777465,0.98
220,500,1539107,1
221,500,1738636,0.95
222,500,1860153,0.97
223,500,1848579,0.92
224,500,1479604,1
225,500,1792995,0.97
226,500,1631918,0.99
227,500,1814048,0.98
228,500,1747435,0.97
229,500,1631436,0.99
230,500,1688237,1
231,500,1259309,1
232,500,1734531,0.96
233,500,1651786,1
234,500,1647783,1
235,500,1628442,0.98
236,500,1716108,0.98
237,500,1491295,1
238,500,1627172,1
239,500,1302075,1
240,500,1561003,1
241,500,1287203,0.99
242,500,987541,1
243,500,1693193,0.97
244,500,1385382,1
245,500,1347128,1
246,500,1567051,0.99
247,500,1459966,1
248,500,1463182,1
249,500,863962,1
250,500,1829822,0.97
251,500,1593294,1
252,500,1528583,1
253,500,1785239,0.88
254,500,1795571,1
255,500,1927242,0.91
256,500,1223602,1
257,500,1547743,1
258,500,1759089,0.98
259,500,1555881,0.99
260,500,1724823,0.96
261,500,1694013,0.97
262,500,1709024,0.99
263,500,1032002,1
264,500,1954100,0.87
265,500,1318834,0.99
266,500,1240748,0.91
267,500,1280738,1
268,500,1315353,1
269,500,1273398,1
270,500,1113641,1
271,500,1794963,1
272,500,1431834,1
273,500,1537733,0.99
274,500,1554588,0.99
275,500,1651455,1
276,500,1587758,1
277,500,1559204,1
278,500,1357062,1
279,500,1785969,0.99
280,500,1721904,1
281,500,1666586,1
282,500,1377669,1
283,500,1193442,1
284,500,1479602,0.99
285,500,1520569,1
286,500,1975293,0.95
287,500,1710881,0.98
288,500,1661891,0.98
289,500,1524419,1
290,500,1615578,1
291,500,1311175,1
292,500,1588197,1
293,500,956481,1
294,500,1699459,1
295,500,1532457,1
296,500,1270999,0.99
297,500,1872592,0.97
298,500,1314443,1
299,500,1461701,0.99
300,500,1686891,0.97
301,500,1556243,0.99
302,500,1810779,0.99
303,500,1664576,1
304,500,1742687,1
305,500,1769863,0.98
306,500,1649574,0.99
307,500,1460674,0.99
308,500,1710345,0.99
309,500,1702711,1
310,500,1471471,1
311,500,1594500,0.99
312,500,1701563,0.99
313,500,1299349,1
314,500,1666132,1
315,500,1707170,1
316,500,1818288,0.99
317,500,1525024,1
318,500,1514866,0.98
319,500,1629237,1
320,500,1786509,0.96
321,500,1776676,0.93
322,500,1636524,0.98
323,500,1792056,0.96
324,500,1610298,1
325,500,1854944,0.94
326,500,1509092,1
327,500,1419226,1
328,500,1479081,1
329,500,1693141,1
330,500,1275637,1
331,500,1344677,1
332,500,1552309,1
333,500,1688461,1
334,500,1832719,0.9
335,500,1826923,0.96
336,500,1414927,1
337,500,1657207,0.98
338,500,1588587,0.99
339,500,1553963,1
340,500,1209825,1
341,500,1468992,1
342,500,1824610,0.96
343,500,1591649,1
344,500,1615198,1
345,500,1568534,1
346,500,1660286,0.99
347,500,1384173,1
348,500,1489580,1
349,500,1513822,0.99
350,500,1616504,1
351,500,1055443,1
352,500,1671228,1
353,500,1578778,1
354,500,1751081,0.97
355,500,1745341,0.95
356,500,1843672,0.95
357,500,1228327,1
358,500,858087,0.99
359,500,1136522,1
360,500,1450989,1
361,500,1284046,1
362,500,1632102,0.99
363,500,1675493,0.99
364,500,1782729,0.96
365,500,1544348,1
366,500,1648831,1
367,500,1719380,1
368,500,1592633,1
369,500,1445892,1
370,500,1874688,0.91
371,500,1544610,0.99
372,500,1421615,1
373,500,1658963,1
374,500,1692732,0.98
375,500,1614518,0.99
376,500,1814752,0.97
377,500,1408794,1
378,500,1571717,1
379,500,1614546,1
380,500,1556248,0.99
381,500,1764032,0.91
382,500,1776520,0.99
383,500,1555773,1
384,500,1487573,0.99
385,500,1635978,0.98
386,500,1383294,1
387,500,1448094,1
388,500,1814151,0.98
389,500,1336001,1
390,500,1687321,1
391,500,1448795,1
392,500,1386924,1
393,500,1552716,1
394,500,1504921,1
395,500,1753591,1
396,500,1778545,1
397,500,1718620,0.99
398,500,1175815,1
399,500,1844473,0.96
400,500,1726588,0.99
401,500,1632291,1
402,500,1828686,0.97
403,500,1535643,0.99
404,500,1614730,1
405,500,1610576,0.99
406,500,1661446,1
407,500,1818342,0.94
408,500,1185662,1
409,500,1186322,1
410,500,1786039,0.97
411,500,1829737,0.99
412,500,1709229,1
413,500,1649594,0.99
414,500,1247087,1
415,500,1711550,0.99
416,500,1373593,1
417,500,1384851,1
418,500,1434338,1
419,500,1454266,1
420,500,1519253,1
421,500,1717258,0.99
422,500,1199287,1
423,500,817261,1
424,500,1754871,0.95
425,500,993334,1
426,500,1765355,0.99
427,500,1689885,1
428,500,1667963,0.98
429,500,1514788,1
430,500,908108,1
431,500,1403396,1
432,500,1862423,0.97
433,500,1298504,1
434,500,915308,1
435,500,1740818,0.99
436,500,1033159,1
437,500,1605374,1
438,500,1655307,0.99
439,500,1511660,1
440,500,1876674,0.95
441,500,1292269,1
442,500,1375996,1
443,500,1797955,0.99
444,500,1586806,0.99
445,500,1326426,0.98
446,500,1532182,1
447,500,1370856,1
448,500,1729676,1
449,500,1186607,1
450,500,1709415,0.99
451,500,1894808,0.94
452,500,1689585,1
453,500,1384318,0.99
454,500,1718298,0.98
455,500,1643581,0.99
456,500,1537252,1
457,500,1807931,1
458,500,1210524,1
459,500,1610209,1
460,500,1716893,1
461,500,1616340,0.99
462,500,1487987,1
463,500,1693610,0.99
464,500,922670,1
465,500,1779160,0.88
466,500,1790459,0.91
467,500,1351617,1
468,500,1490238,1
469,500,1759720,0.98
470,500,1552595,1
471,500,1740954,0.93
472,500,1794837,0.97
473,500,1519931,0.99
474,500,1773551,0.99
475,500,1848488,0.99
476,500,1864545,1
477,500,1740548,0.98
478,500,1674897,1
479,500,1854159,0.96
480,500,1399211,1
481,500,1648010,1
482,500,1375491,1
483,500,1586011,1
484,500,808457,1
485,500,1820704,1
486,500,1610890,0.99
487,500,1593882,1
488,500,1300496,1
489,500,1655528,1
490,500,1876164,0.9
491,500,1731433,1
492,500,1269483,1
493,500,1003876,1
494,500,1576305,0.98
495,500,1511562,1
496,500,1732931,1
497,500,1473140,1
498,500,1638912,1
499,500,1504417,1
500,500,1471490,0.99
501,500,1865643,0.95
502,500,1458573,1
503,500,1878264,0.99
504,500,1375291,1
505,500,1331622,1
506,500,1829460,0.95
507,500,1339455,0.99
508,500,1703320,0.99
509,500,1489576,1
510,500,1428796,1
511,500,1750945,0.91
512,500,1615309,0.99
513,500,1755758,0.99
514,500,1880318,0.94
515,500,1575903,0.99
516,500,1345329,1
517,500,1810285,0.97
518,500,1798334,0.99
519,500,1751244,1
520,500,1160779,1
521,500,1662447,0.98
522,500,1675625,1
523,500,1667811,1
524,500,2076987,0.9
525,500,1823171,0.99
526,500,1329388,1
527,500,1635474,1
528,500,1682779,0.98
529,500,1592978,1
530,500,1631189,1
531,500,1501438,1
532,500,1781099,0.99
533,500,1523990,1
534,500,1171426,1
535,500,1124492,1
536,500,1277581,1
537,500,1757436,0.97
538,500,1704955,0.96
539,500,1647264,0.99
540,500,1615197,1
541,500,1834330,0.98
542,500,1729670,1
543,500,1336268,1
544,500,1603472,1
545,500,1340101,1
546,500,1705368,0.99
547,500,1467595,1
548,500,1328139,1
549,500,1605220,1
550,500,1717286,0.99
551,500,1454501,0.99
552,500,1890147,0.97
553,500,1837318,0.99
554,500,1245071,1
555,500,1752199,0.99
556,500,1786565,1
557,500,1617059,0.98
558,500,1861329,0.98
559,500,1464229,1
560,500,1746636,1
561,500,1761561,0.97
562,500,1588142,1
563,500,1784419,0.98
564,500,1238471,1
565,500,1844363,0.98
566,500,1592963,1
567,500,1606338,1
568,500,1699607,0.99
569,500,1383133,1
570,500,1868997,0.98
571,500,1804281,0.99
572,500,1469904,1
573,500,1857434,0.99
574,500,1713274,0.99
575,500,1704686,0.98
576,500,1684563,1
577,500,1522037,1
578,500,1673990,0.99
579,500,1699210,1
580,500,1659114,0.99
581,500,1711522,1
582,500,1707708,0.97
583,500,1665752,1
584,500,1394832,1
585,500,1735713,0.99
586,500,1749629,0.96
587,500,1584276,1
588,500,1478637,1
589,500,1578361,0.99
590,500,1719550,1
591,500,1772252,0.99
592,500,1745252,0.99
593,500,1426887,1
594,500,1369696,1
595,500,968303,1
596,500,1541100,0.99
597,500,1880992,0.97
598,500,1685050,0.99
599,500,1338971,1
600,500,1762565,1
601,500,1040645,1
602,500,1498314,1
603,500,1588005,0.98
604,500,1637138,0.99
605,500,1538020,1
606,500,1754421,0.96
607,500,998189,1
608,500,1707324,0.98
609,500,1660405,0.96
610,500,1862382,0.92
611,500,1505640,1
612,500,1799282,0.96
613,500,1803523,0.98
614,500,1780818,0.99
615,500,1662895,0.99
616,500,1895188,0.95
617,500,1385370,1
618,500,1816061,0.98
619,500,1519666,0.98
620,500,1617342,1
621,500,1140850,1
622,500,1727315,0.99
623,500,1855055,0.98
624,500,1410435,1
625,500,1861366,0.96
626,500,1594847,1
627,500,1219690,1
628,500,1666855,1
629,500,1413484,1
630,500,1852334,0.96
631,500,1640880,0.93
632,500,1637989,1
633,500,1786902,0.92
634,500,1389129,1
635,500,1671802,1
636,500,1471041,1
637,500,1418199,0.98
638,500,1696305,0.98
639,500,1750755,0.98
640,500,1175301,1
641,500,1796705,1
642,500,2063671,0.9
643,500,1750243,1
644,500,1494239,1
645,500,1356551,1
646,500,636310,1
647,500,1709953,0.97
648,500,1112008,1
649,500,1690587,1
650,500,1490327,1
651,500,1632131,1
652,500,1485188,0.98
653,500,1568351,1
654,500,1779216,0.97
655,500,1937137,0.78
656,500,1897047,0.96
657,500,1703935,0.98
658,500,1703210,0.99
659,500,1566344,1
660,500,1512865,0.97
661,500,1890827,0.91
662,500,1482022,1
663,500,1423800,1
664,500,1739379,0.98
665,500,996993,1
666,500,1280250,0.99
667,500,1562470,1
668,500,483602,1
669,500,1777619,0.99
670,500,1674185,0.98
671,500,1399959,1
672,500,1742304,0.99
673,500,1655552,0.99
674,500,1605989,1
675,500,1750662,1
676,500,1707111,0.99
677,500,1848184,0.93
678,500,1123536,1
679,500,1409885,0.98
680,500,1407820,1
681,500,1658099,1
682,500,1448348,0.95
683,500,1544569,1
684,500,1552140,1
685,500,1574873,1
686,500,1333022,0.93
687,500,1587505,0.99
688,500,1600807,1
689,500,1184378,1
690,500,1870223,0.93
691,500,1704434,0.99
692,500,1744691,1
693,500,1142306,1
694,500,1505417,0.99
695,500,1304839,0.99
696,500,1998431,0.87
697,500,1150669,1
698,500,1714882,0.97
699,500,1697612,1
700,500,1570478,0.99
701,500,1783962,1
702,500,1932408,0.86
703,500,1186621,1
704,500,1673167,1
705,500,1773280,0.94
706,500,1636727,1
707,500,1330558,1
708,500,1517381,1
709,500,1204791,1
710,500,1740137,1
711,500,1611557,1
712,500,1380631,0.99
713,500,717805,1
714,500,1787421,0.95
715,500,1544409,1
716,500,1386351,1
717,500,1835583,1
718,500,1806523,0.97
719,500,1719300,0.94
720,500,1606512,1
721,500,1734839,1
722,500,1878873,0.97
723,500,1685665,1
724,500,1434865,1
725,500,1788407,0.97
726,500,1818064,0.98
727,500,1655972,1
728,500,1539267,1
729,500,1756513,1
730,500,1521559,1
731,500,1605221,1
732,500,1763536,0.98
733,500,1839730,0.92
734,500,1073413,1
735,500,1647667,0.99
736,500,1455925,1
737,500,1804698,0.99
738,500,1176660,1
739,500,1801276,0.98
740,500,1249019,1
741,500,1571162,1
742,500,1736693,0.94
743,500,1594727,1
744,500,1353653,1
745,500,1844545,0.96
746,500,1516742,1
747,500,1505405,1
748,500,1804489,0.99
749,500,952873,1
750,500,1064785,1
751,500,1527876,1
752,500,796014,1
753,500,1797302,0.93
754,500,1628272,0.97
755,500,1854957,0.88
756,500,1462376,1
757,500,1647574,0.99
758,500,1229365,1
759,500,1829187,0.94
760,500,1613757,1
761,500,1773058,0.98
762,500,1747676,1
763,500,1709650,1
764,500,1708870,0.99
765,500,1782281,0.98
766,500,1672377,1
767,500,1728345,0.96
768,500,1618902,1
769,500,1706745,0.99
770,500,1401202,1
771,500,1836420,1
772,500,1678411,0.97
773,500,1603382,1
774,500,1766501,0.92
775,500,1438427,1
776,500,1573962,1
777,500,1179079,1
778,500,1594885,0.98
779,500,1364760,1
780,500,1877158,0.91
781,500,1927492,0.96
782,500,1732364,0.99
783,500,1510420,1
784,500,1215990,1
785,500,1281864,1
786,500,1408917,0.99
787,500,1611022,1
788,500,1320437,0.99
789,500,1798080,0.95
790,500,1579387,0.99
791,500,1212075,0.99
792,500,1673174,0.99
793,500,1779885,0.99
794,500,1801123,0.99
795,500,1593117,1
796,500,1814251,0.97
797,500,1791927,0.99
798,500,1710264,0.98
799,500,1722761,0.98
800,500,1659345,1
801,500,5203534,1
802,500,1339376,1
803,500,1618110,1
804,500,1310712,0.99
805,500,1577944,1
806,500,1812089,0.94
807,500,1273503,0.99
808,500,1397518,0.99
809,500,1414249,1
810,500,1835789,0.97
811,500,1755124,0.97
812,500,1472415,1
813,500,1642208,1
814,500,1706065,1
815,500,1232594,1
816,500,1471307,1
817,500,1529566,1
818,500,1816900,0.96
819,500,1726734,0.99
820,500,1593054,1
821,500,1840610,0.97
822,500,1634213,1
823,500,1303617,1
824,500,1743257,0.96
825,500,1911704,0.98
826,500,1469469,1
827,500,1643471,1
828,500,1600249,0.99
829,500,1709275,0.98
830,500,1549005,1
831,500,1874295,0.98
832,500,1658840,1
833,500,1691096,0.99
834,500,1787888,1
835,500,1369223,1
836,500,1679937,1
837,500,1404343,1
838,500,1815780,0.96
839,500,1073627,0.99
840,500,1252198,1
841,500,1683691,0.99
842,500,1637986,0.99
843,500,1798670,0.96
844,500,1644377,0.99
845,500,1269061,1
846,500,780063,1
847,500,1842298,0.96
848,500,1648882,1
849,500,1007932,1
850,500,701710,1
851,500,1677576,0.99
852,500,1561528,1
853,500,1580987,1
854,500,1430126,1
855,500,1821172,0.92
856,500,1742838,1
857,500,1841402,0.99
858,500,1494367,0.99
859,500,1898959,0.95
860,500,1797416,0.96
861,500,1763292,0.95
862,500,1686682,1
863,500,1570897,1
864,500,1658597,0.97
865,500,1494533,1
866,500,1802791,0.96
867,500,1706825,1
868,500,1629494,1
869,500,1622820,1
870,500,1303063,1
871,500,1668051,1
872,500,1712967,1
873,500,1205209,1
874,500,1801501,0.98
875,500,1445037,1
876,500,1591831,1
877,500,1609160,1
878,500,1356541,1
879,500,1287179,1
880,500,1707615,0.98
881,500,1330845,1
882,500,1551529,1
883,500,1366301,1
884,500,1095826,1
885,500,1642656,1
886,500,1564817,1
887,500,1661722,0.98
888,500,1657546,0.99
889,500,1827305,0.98
890,500,1273686,1
891,500,1889839,0.95
892,500,1627032,1
893,500,1197348,1
894,500,1454321,1
895,500,1570689,1
896,500,1288489,1
897,500,1792759,0.95
898,500,1640494,1
899,500,1421456,1
900,500,1673836,0.99
901,500,1845079,0.99
902,500,1367885,1
903,500,1676646,1
904,500,1530470,1
905,500,1555154,0.99
906,500,1802136,0.95
907,500,1426849,1
908,500,1444059,1
909,500,1690673,1
910,500,1800846,0.79
911,500,2004376,0.78
912,500,1681576,0.99
913,500,1573889,1
914,500,1394393,1
915,500,1463074,1
916,500,1405665,1
917,500,1874838,0.95
918,500,1787881,0.96
919,500,1764844,0.99
920,500,1684484,0.99
921,500,1748307,1
922,500,1239641,1
923,500,1483932,1
924,500,1698416,1
925,500,1032020,1
926,500,1701258,0.99
927,500,1932116,0.91
928,500,1413402,1
929,500,1540990,1
930,500,1685348,0.98
931,500,1487913,1
932,500,1623900,0.98
933,500,1786306,1
934,500,1802120,0.99
935,500,1792313,0.97
936,500,1354291,1
937,500,1793415,0.98
938,500,1589428,1
939,500,1826038,0.98
940,500,1832760,0.99
941,500,1591856,1
942,500,1873744,0.99
943,500,1313385,1
944,500,1720217,1
945,500,1828915,0.9
946,500,1395401,1
947,500,1617546,1
948,500,1821471,0.99
949,500,1670254,0.99
950,500,1268381,1
951,500,1819062,0.99
952,500,1681744,1
953,500,1496521,1
954,500,1627433,1
955,500,1384444,1
956,500,1603951,1
957,500,1529726,1
958,500,1693399,1
959,500,1827888,0.99
960,500,1709540,0.98
961,500,1740118,0.97
962,500,1796360,0.99
963,500,1788401,0.98
964,500,1809610,0.95
965,500,1459281,1
966,500,1680474,0.99
967,500,1652607,0.99
968,500,1599757,0.97
969,500,1788320,0.99
970,500,1812528,0.98
971,500,1735636,0.98
972,500,1290015,0.99
973,500,1532344,1
974,500,1688437,1
975,500,1686606,0.97
976,500,1306851,1
977,500,1614443,1
978,500,1866326,0.98
979,500,1610574,0.98
980,500,1780621,0.93
981,500,1827508,0.97
982,500,1068027,1
983,500,1573908,1
984,500,1033566,1
985,500,1711391,0.99
986,500,1856680,0.97
987,500,1469185,1
988,500,1695462,1
989,500,1503388,1
990,500,1810584,0.98
991,500,1687540,0.95
992,500,1656085,1
993,500,1736796,0.99
994,500,1719574,1
995,500,1865915,0.96
996,500,1784482,0.97
997,500,1815587,0.99
998,500,1734605,0.99
999,500,1848106,0.97
0,600,2426489,0.96
1,600,1870058,1
2,600,2168465,0.98
3,600,1312037,1
4,600,2713135,0.91
5,600,1759897,1
6,600,1662582,1
7,600,2352713,0.99
8,600,1881832,1
9,600,2081565,1
10,600,2589217,0.96
11,600,2104166,1
12,600,2289621,1
13,600,2343972,0.98
14,600,1666247,1
15,600,2215633,0.97
16,600,2339784,1
17,600,1922951,1
18,600,1610327,1
19,600,2252855,1
20,600,2304058,0.99
21,600,1995967,0.99
22,600,2416038,1
23,600,2535830,0.94
24,600,2303354,0.99
25,600,2260974,1
26,600,2155706,1
27,600,2349325,1
28,600,2248652,1
29,600,2071839,1
30,600,2520319,0.97
31,600,2147672,0.98
32,600,2164637,0.99
33,600,2549243,0.97
34,600,2342665,0.98
35,600,2474478,0.96
36,600,2184412,1
37,600,1939243,1
38,600,2067431,1
39,600,2126327,1
40,600,1608722,1
41,600,1487120,1
42,600,1959019,1
43,600,1718067,1
44,600,1948895,1
45,600,1833638,1
46,600,1951911,1
47,600,2208383,0.99
48,600,1895019,1
49,600,2160279,1
50,600,1460405,1
51,600,1733102,1
52,600,2506454,0.95
53,600,1691398,1
54,600,1587264,1
55,600,1789939,1
56,600,2114484,0.99
57,600,1729711,1
58,600,2292553,0.99
59,600,2502891,0.97
60,600,2316133,1
61,600,2403573,0.97
62,600,1882417,1
63,600,1804399,1
64,600,2061342,0.99
65,600,2336047,0.99
66,600,2032531,1
67,600,1502419,1
68,600,2275262,1
69,600,2110857,1
70,600,2558979,0.91
71,600,2431517,0.99
72,600,1576806,1
73,600,2116864,1
74,600,1825157,1
75,600,2036430,0.99
76,600,2500138,0.93
77,600,1810910,1
78,600,1238952,1
79,600,1649332,1
80,600,2077035,0.99
81,600,2450744,0.93
82,600,2138010,1
83,600,2330691,0.92
84,600,2050845,0.99
85,600,2284612,0.99
86,600,1093511,1
87,600,2376570,0.95
88,600,2161677,0.97
89,600,2275897,0.98
90,600,1710723,1
91,600,1414132,1
92,600,2083714,1
93,600,2301965,0.99
94,600,2011649,1
95,600,1781093,0.99
96,600,1879651,1
97,600,1499058,1
98,600,2352910,0.99
99,600,2097599,0.99
100,600,2390304,0.95
101,600,1005722,1
102,600,2153176,1
103,600,2365170,0.92
104,600,1728106,0.92
105,600,2106777,1
106,600,1743401,1
107,600,2326885,0.99
108,600,1914179,1
109,600,2472123,0.96
110,600,1957644,1
111,600,1269172,1
112,600,2103120,0.97
113,600,1778283,1
114,600,1823222,1
115,600,1843635,1
116,600,1911045,1
117,600,2445016,0.98
118,600,2302322,0.99
119,600,2252341,0.94
120,600,2354938,0.99
121,600,2288934,1
122,600,1556399,1
123,600,2169388,1
124,600,1460226,1
125,600,2195788,1
126,600,2104684,1
127,600,2141853,1
128,600,2065138,1
129,600,2189022,1
130,600,1505786,1
131,600,1856783,1
132,600,2194228,0.97
133,600,1644887,1
134,600,2170360,0.99
135,600,2466537,0.86
136,600,1530243,1
137,600,2234987,0.99
138,600,2018608,0.98
139,600,2031669,1
140,600,1242083,1
141,600,1978986,1
142,600,1439825,1
143,600,2187825,0.99
144,600,2096082,0.99
145,600,1924089,1
146,600,2329275,0.97
147,600,2311430,0.96
148,600,2150387,1
149,600,1289409,1
150,600,2069959,1
151,600,1502096,0.99
152,600,2194065,1
153,600,2230074,0.99
154,600,1399011,0.99
155,600,1656242,1
156,600,2326888,0.98
157,600,1960151,1
158,600,1923522,0.99
159,600,1885416,1
160,600,2069486,1
161,600,2324197,0.97
162,600,2292977,1
163,600,1377190,1
164,600,2272614,0.98
165,600,2352163,0.95
166,600,2270061,1
167,600,2392690,0.94
168,600,2210753,1
169,600,1604325,1
170,600,1976239,1
171,600,1853166,1
172,600,1833162,1
173,600,2300656,0.96
174,600,1509974,1
175,600,1877263,1
176,600,2062018,0.99
177,600,2137176,1
178,600,2180454,1
179,600,1913364,1
180,600,1985108,1
181,600,2256777,0.99
182,600,2130349,0.98
183,600,1575264,1
184,600,2087165,1
185,600,2034726,0.98
186,600,2230825,0.99
187,600,1974282,1
188,600,1901941,1
189,600,1795211,1
190,600,2057369,1
191,600,1981655,0.98
192,600,2213446,0.98
193,600,1835041,1
194,600,1891450,1
195,600,2589028,0.96
196,600,2241559,0.98
197,600,1901712,0.99
198,600,2219453,1
199,600,2197098,1
200,600,2195164,0.99
201,600,2182204,1
202,600,2340505,0.97
203,600,2065536,1
204,600,1973565,1
205,600,1940422,0.98
206,600,2292168,0.96
207,600,2144590,0.99
208,600,2056745,0.99
209,600,1001091,1
210,600,1990399,0.98
211,600,2213204,0.99
212,600,2457769,0.92
213,600,1900976,1
214,600,1898595,0.98
215,600,1867779,1
216,600,1708398,1
217,600,1631244,1
218,600,1764362,0.99
219,600,2204984,0.98
220,600,1900206,1
221,600,2157827,0.96
222,600,2228145,0.98
223,600,2265906,0.93
224,600,1820596,1
225,600,2228450,0.97
226,600,1999009,0.99
227,600,2234509,0.98
228,600,2201217,0.99
229,600,1981199,0.99
230,600,2104291,1
231,600,1529369,1
232,600,2156910,0.96
233,600,2043223,1
234,600,2037407,1
235,600,2009423,0.99
236,600,2105217,0.98
237,600,1807579,1
238,600,2021953,1
239,600,1573091,1
240,600,1908690,1
241,600,1587222,1
242,600,1187620,1
243,600,2102516,0.97
244,600,1659651,1
245,600,1635972,1
246,600,1944264,1
247,600,1774164,1
248,600,1787035,1
249,600,1047264,1
250,600,2278257,0.98
251,600,1960894,1
252,600,1895322,1
253,600,2229964,0.9
254,600,2200318,1
255,600,2349330,0.92
256,600,1469779,1
257,600,1925987,1
258,600,2158079,0.98
259,600,1904211,1
260,600,2055574,0.96
261,600,2173013,0.97
262,600,2134477,0.99
263,600,1247263,1
264,600,2379425,0.9
265,600,1609165,1
266,600,1464032,0.91
267,600,1595619,1
268,600,1616534,1
269,600,1557728,1
270,600,1358692,1
271,600,2211231,1
272,600,1745017,1
273,600,1915257,0.99
274,600,1895421,0.99
275,600,2009712,1
276,600,1971103,1
277,600,1913885,1
278,600,1645853,1
279,600,2121022,0.99
280,600,2115870,1
281,600,2035308,1
282,600,1682338,1
283,600,1449598,1
284,600,1833948,1
285,600,1886983,1
286,600,2439552,0.97
287,600,2099025,0.99
288,600,2017836,0.99
289,600,1832881,1
290,600,2018245,1
291,600,1634459,1
292,600,1971180,1
293,600,1186350,1
294,600,2078948,1
295,600,1880248,1
296,600,1524387,0.99
297,600,2305951,0.99
298,600,1566539,1
299,600,1813206,0.99
300,600,2068359,0.98
301,600,1896694,0.99
302,600,2216317,0.99
303,600,2048707,1
304,600,2103145,1
305,600,2181524,0.99
306,600,1996268,0.99
307,600,1802704,1
308,600,2106174,1
309,600,2067434,1
310,600,1800172,1
311,600,1984901,0.99
312,600,2110603,0.99
313,600,1565028,1
314,600,2011695,1
315,600,2120979,1
316,600,2191236,0.99
317,600,1870159,1
318,600,1853804,0.99
319,600,2011718,1
320,600,2202970,0.99
321,600,2156706,0.94
322,600,2016078,0.98
323,600,2166055,0.97
324,600,1970028,1
325,600,2284747,0.97
326,600,1845900,1
327,600,1706387,1
328,600,1792867,1
329,600,2044430,1
330,600,1568194,1
331,600,1647064,1
332,600,1877974,1
333,600,2068059,1
334,600,2201267,0.9
335,600,2230342,0.98
336,600,1744133,1
337,600,2034634,0.99
338,600,1935770,0.99
339,600,1905234,1
340,600,1436355,1
341,600,1789225,1
342,600,2205252,0.96
343,600,1928233,1
344,600,1946532,1
345,600,1923419,1
346,600,2020215,1
347,600,1683117,1
348,600,1816635,1
349,600,1851830,1
350,600,1938388,1
351,600,1265527,1
352,600,2025029,1
353,600,1880062,1
354,600,2169647,0.97
355,600,2117218,0.97
356,600,2235907,0.95
357,600,1488093,1
358,600,1048684,1
359,600,1350961,1
360,600,1748269,1
361,600,1528284,1
362,600,2001738,1
363,600,2049452,1
364,600,2161148,0.96
365,600,1861470,1
366,600,1986197,1
367,600,2074853,1
368,600,1952737,1
369,600,1735904,1
370,600,2287323,0.93
371,600,1804255,1
372,600,1726484,1
373,600,1987945,1
374,600,2068880,0.99
375,600,1938897,0.99
376,600,2212524,0.98
377,600,1697832,1
378,600,1885065,1
379,600,1948372,0.99
380,600,1895625,1
381,600,2138996,0.94
382,600,2137908,1
383,600,1890439,1
384,600,1830887,0.99
385,600,2000141,0.98
386,600,1661747,1
387,600,1742070,1
388,600,2207445,0.99
389,600,1634954,1
390,600,1990140,1
391,600,1746735,1
392,600,1684449,1
393,600,1862977,1
394,600,1834927,1
395,600,2119836,1
396,600,2143399,1
397,600,2085085,0.99
398,600,1436784,1
399,600,2233492,0.96
400,600,2108120,0.99
401,600,1966338,1
402,600,2218486,0.97
403,600,1884744,1
404,600,1972104,1
405,600,1960397,1
406,600,2010169,1
407,600,2157036,0.95
408,600,1433308,1
409,600,1435179,1
410,600,2140684,1
411,600,2190081,0.99
412,600,2055536,1
413,600,1996880,0.99
414,600,1484474,1
415,600,2040369,0.99
416,600,1660950,1
417,600,1660967,1
418,600,1732185,1
419,600,1749648,1
420,600,1807136,1
421,600,2041614,0.99
422,600,1459203,1
423,600,987553,1
424,600,2121484,0.97
425,600,1157102,1
426,600,2146304,0.99
427,600,1999216,1
428,600,2015355,0.98
429,600,1823903,1
430,600,1076842,1
431,600,1726324,1
432,600,2257649,0.98
433,600,1552729,1
434,600,1119523,1
435,600,2099176,1
436,600,1238521,1
437,600,1906625,1
438,600,2046388,1
439,600,1837225,1
440,600,2269428,0.95
441,600,1543162,1
442,600,1661778,1
443,600,2174805,1
444,600,1948768,0.99
445,600,1563628,1
446,600,1875484,1
447,600,1598760,1
448,600,2082396,1
449,600,1457067,1
450,600,2091205,1
451,600,2277125,0.95
452,600,2059254,1
453,600,1671274,0.99
454,600,2086894,0.99
455,600,1993493,0.99
456,600,1864216,1
457,600,2193652,1
458,600,1451922,1
459,600,1962435,1
460,600,2056582,1
461,600,1972895,0.99
462,600,1770568,1
463,600,2040841,0.99
464,600,1108037,1
465,600,2137598,0.92
466,600,2148616,0.93
467,600,1621002,1
468,600,1793055,1
469,600,2094073,0.98
470,600,1868560,1
471,600,2081048,0.94
472,600,2152765,0.98
473,600,1832039,0.99
474,600,2139319,0.99
475,600,2219931,0.99
476,600,2246477,1
477,600,2106497,0.99
478,600,2028004,1
479,600,2135068,0.98
480,600,1682813,1
481,600,1895735,1
482,600,1601963,1
483,600,1876224,1
484,600,962825,1
485,600,2147984,1
486,600,1939561,1
487,600,1906184,1
488,600,1576354,1
489,600,1960246,1
490,600,2261927,0.93
491,600,2071397,1
492,600,1482329,1
493,600,1184855,1
494,600,1918488,0.99
495,600,1818828,1
496,600,2096365,1
497,600,1752427,1
498,600,1960089,1
499,600,1798925,1
500,600,1761983,0.99
501,600,2245578,0.97
502,600,1735434,1
503,600,2206945,0.99
504,600,1664046,1
505,600,1564465,1
506,600,2204386,0.96
507,600,1572584,0.99
508,600,2018091,0.99
509,600,1764626,1
510,600,1745393,1
511,600,2083769,0.93
512,600,1958435,0.99
513,600,2096920,0.99
514,600,2258333,0.95
515,600,1874994,0.99
516,600,1537733,1
517,600,2163495,0.97
518,600,2151095,1
519,600,2110809,1
520,600,1373836,1
521,600,2013480,0.98
522,600,1996537,1
523,600,1998673,1
524,600,2449413,0.91
525,600,5462938,0.99
526,600,1979754,1
527,600,2452039,1
528,600,2540954,0.99
529,600,2408103,1
530,600,2385300,1
531,600,2221281,1
532,600,2668268,0.99
533,600,2276683,1
534,600,1625368,1
535,600,1569464,1
536,600,1980602,1
537,600,2663336,0.97
538,600,2566645,0.98
539,600,2395144,0.99
540,600,2247162,1
541,600,2730226,0.98
542,600,2515515,1
543,600,1839387,1
544,600,2349006,1
545,600,1943514,1
546,600,2461498,1
547,600,2107561,1
548,600,1897019,1
549,600,2368459,1
550,600,2539614,1
551,600,2086867,0.99
552,600,2817332,0.97
553,600,2707578,0.99
554,600,1686886,1
555,600,2590102,1
556,600,2592201,1
557,600,2329855,0.99
558,600,2742225,1
559,600,2115067,1
560,600,2543514,1
561,600,2471292,0.97
562,600,2248347,1
563,600,2612023,0.98
564,600,1721647,1
565,600,2649395,0.99
566,600,2258536,1
567,600,2358083,1
568,600,2431050,0.99
569,600,1963442,1
570,600,2705273,0.98
571,600,2631076,0.99
572,600,2101148,1
573,600,2650601,0.99
574,600,2397086,0.99
575,600,2427510,0.98
576,600,2460174,1
577,600,2109323,1
578,600,2391846,0.99
579,600,2444416,1
580,600,2392175,1
581,600,2401500,1
582,600,2473590,0.98
583,600,2384985,1
584,600,1949064,1
585,600,2410197,0.99
586,600,2396281,0.97
587,600,2261614,1
588,600,2081416,1
589,600,2243732,1
590,600,2408511,1
591,600,2513022,1
592,600,2455894,0.99
593,600,1926834,1
594,600,1854006,1
595,600,1293968,1
596,600,2142635,0.99
597,600,2595856,0.98
598,600,2302813,0.99
599,600,1777224,1
600,600,2440658,1
601,600,1395168,1
602,600,2036882,1
603,600,2171715,0.98
604,600,2258596,0.99
605,600,2128497,1
606,600,2378357,0.98
607,600,1263694,1
608,600,2396317,0.99
609,600,2264015,0.97
610,600,2649012,0.95
611,600,2041606,1
612,600,2477243,0.97
613,600,2530484,0.98
614,600,2498363,0.99
615,600,2272565,0.99
616,600,2604293,0.96
617,600,1848170,1
618,600,2520344,0.99
619,600,2105883,0.99
620,600,2213754,1
621,600,1518573,1
622,600,2403004,1
623,600,2451007,0.99
624,600,1872088,1
625,600,2555482,0.99
626,600,2128706,1
627,600,1696699,1
628,600,2258609,1
629,600,1837694,1
630,600,2528350,0.96
631,600,2237609,0.95
632,600,2179366,1
633,600,2424607,0.93
634,600,1843832,1
635,600,2238061,1
636,600,1951437,1
637,600,1883677,0.98
638,600,2296380,0.99
639,600,2296917,1
640,600,1537460,1
641,600,2419353,1
642,600,2639989,0.91
643,600,2317676,1
644,600,1974844,1
645,600,1779328,1
646,600,840382,1
647,600,2293307,0.98
648,600,1528338,1
649,600,2236210,1
650,600,1984280,1
651,600,2141066,1
652,600,1916768,0.98
653,600,2081938,1
654,600,2353179,0.97
655,600,2599330,0.82
656,600,2466333,0.97
657,600,2272007,0.98
658,600,2265093,0.99
659,600,2046804,1
660,600,1954043,0.98
661,600,2528825,0.92
662,600,1946767,1
663,600,1865506,1
664,600,2272983,0.98
665,600,1230724,1
666,600,1646207,0.99
667,600,2027100,1
668,600,580926,1
669,600,2307607,0.99
670,600,2227266,0.99
671,600,1811010,1
672,600,2269910,0.99
673,600,2236862,0.99
674,600,2111717,1
675,600,2287698,1
676,600,2248745,0.99
677,600,2402724,0.96
678,600,1454408,1
679,600,1837410,0.99
680,600,1802616,1
681,600,2146956,1
682,600,1824808,0.95
683,600,2034056,1
684,600,2062245,1
685,600,2053193,1
686,600,1694434,0.95
687,600,2072301,0.99
688,600,2074758,1
689,600,1512867,1
690,600,2467500,0.94
691,600,2277159,1
692,600,2265730,1
693,600,1427881,1
694,600,1883693,0.99
695,600,1666855,0.99
696,600,2463094,0.88
697,600,1492256,1
698,600,2195898,0.98
699,600,2196156,1
700,600,2084175,1
701,600,2258403,1
702,600,2495849,0.88
703,600,1470527,1
704,600,2163425,1
705,600,2289195,0.97
706,600,2100107,1
707,600,1667034,1
708,600,1951546,1
709,600,1495891,1
710,600,2230754,1
711,600,2079700,1
712,600,1789209,0.99
713,600,882716,1
714,600,2254902,0.97
715,600,1994124,1
716,600,1743887,1
717,600,2409875,1
718,600,2322438,0.98
719,600,2193715,0.98
720,600,2114293,1
721,600,2255833,1
722,600,2416345,0.98
723,600,2168468,1
724,600,1827482,1
725,600,2245611,0.98
726,600,2350086,0.99
727,600,2107020,1
728,600,2008970,1
729,600,2235338,1
730,600,1912816,1
731,600,2060892,1
732,600,2224399,0.98
733,600,2344063,0.96
734,600,1332154,1
735,600,2109532,0.99
736,600,1813430,1
737,600,2347792,0.99
738,600,1464091,1
739,600,2291036,1
740,600,1541141,1
741,600,1976261,1
742,600,2218816,0.94
743,600,2004066,1
744,600,1718682,1
745,600,2356784,0.97
746,600,1916330,1
747,600,1863472,1
748,600,2287747,0.99
749,600,1182226,1
750,600,1344018,1
751,600,1928536,1
752,600,950326,1
753,600,2266990,0.95
754,600,2080545,0.98
755,600,2309073,0.9
756,600,1835599,1
757,600,2069518,0.99
758,600,1537925,1
759,600,2293187,0.97
760,600,2014062,1
761,600,2269507,0.99
762,600,2215950,1
763,600,2151341,1
764,600,2142337,0.99
765,600,2274563,0.99
766,600,2155734,1
767,600,2201467,0.96
768,600,1989169,1
769,600,2188983,0.99
770,600,1745156,1
771,600,2303355,1
772,600,2064624,0.97
773,600,2025480,1
774,600,2187011,0.94
775,600,1820223,1
776,600,1990794,1
777,600,1457639,1
778,600,2013801,0.99
779,600,1742292,1
780,600,2370499,0.95
781,600,2379146,0.96
782,600,2148373,1
783,600,1849229,1
784,600,1472010,1
785,600,1594001,1
786,600,1734296,1
787,600,2064293,1
788,600,1633425,0.99
789,600,2229770,0.96
790,600,1991853,0.99
791,600,1501500,1
792,600,2050432,1
793,600,2223057,0.99
794,600,2222293,0.99
795,600,1987507,1
796,600,2194266,0.99
797,600,2254385,0.99
798,600,2162983,0.99
799,600,2135171,0.98
800,600,2069978,1
801,600,2048664,1
802,600,1628559,1
803,600,2013942,1
804,600,1634680,1
805,600,1962162,1
806,600,2183526,0.95
807,600,1493338,0.99
808,600,1722545,0.99
809,600,1712602,1
810,600,2277313,0.97
811,600,2193866,0.97
812,600,1744320,1
813,600,2019270,1
814,600,2134095,1
815,600,1511666,1
816,600,1806886,1
817,600,1850661,1
818,600,2276674,0.98
819,600,2126475,1
820,600,1987477,1
821,600,2309891,0.98
822,600,2035969,1
823,600,1572072,1
824,600,2156624,0.98
825,600,2368908,0.98
826,600,1847245,1
827,600,2045289,1
828,600,1982411,1
829,600,2123369,0.99
830,600,1890758,1
831,600,2312518,0.98
832,600,2090307,1
833,600,2117066,0.99
834,600,2219824,1
835,600,1671470,1
836,600,2045022,1
837,600,1697718,1
838,600,2209243,0.97
839,600,1294885,0.99
840,600,1532607,1
841,600,2062079,0.99
842,600,2011671,0.99
843,600,2216949,0.97
844,600,2008793,0.99
845,600,1532255,1
846,600,921296,1
847,600,2257163,0.98
848,600,2045286,1
849,600,1164946,1
850,600,851499,1
851,600,2080799,0.99
852,600,1904472,1
853,600,1913588,1
854,600,1782011,1
855,600,2228934,0.94
856,600,2137686,1
857,600,2253368,0.99
858,600,1850407,0.99
859,600,2336163,0.97
860,600,2197427,0.96
861,600,2164903,0.96
862,600,2054375,1
863,600,1920868,1
864,600,2018354,0.97
865,600,1815837,1
866,600,2189407,0.98
867,600,2091259,1
868,600,1995023,1
869,600,1991034,1
870,600,1574618,1
871,600,2063658,1
872,600,2079703,1
873,600,1475489,1
874,600,2195775,0.98
875,600,1756350,1
876,600,1945714,1
877,600,1971287,1
878,600,1653050,1
879,600,1562304,1
880,600,2103982,0.99
881,600,1586906,1
882,600,1870910,1
883,600,1668766,1
884,600,1332926,1
885,600,2020646,1
886,600,1891733,1
887,600,2021558,0.98
888,600,2022216,1
889,600,2266112,0.98
890,600,1516865,1
891,600,2281483,0.96
892,600,1981931,1
893,600,1447137,1
894,600,1776016,1
895,600,1911621,1
896,600,1559737,1
897,600,2172145,0.95
898,600,1990427,1
899,600,1704782,1
900,600,2015800,0.99
901,600,2255677,0.99
902,600,1662881,1
903,600,2016523,1
904,600,1838916,1
905,600,1884782,1
906,600,2202125,0.97
907,600,1751860,1
908,600,1724844,1
909,600,2063070,1
910,600,2206303,0.82
911,600,2461267,0.82
912,600,2041224,1
913,600,1937159,1
914,600,1659023,1
915,600,1778808,1
916,600,1734373,1
917,600,2251052,0.98
918,600,2183118,0.97
919,600,2138417,0.99
920,600,2024177,1
921,600,2107127,1
922,600,1470303,1
923,600,1744119,1
924,600,2073564,1
925,600,1233907,1
926,600,2072386,1
927,600,2306962,0.95
928,600,1705474,1
929,600,1861807,1
930,600,2050834,0.98
931,600,1805900,1
932,600,1939506,0.98
933,600,2167473,1
934,600,2190010,1
935,600,2184464,0.97
936,600,1647481,1
937,600,2161284,0.99
938,600,1938312,1
939,600,2178000,0.99
940,600,2179409,1
941,600,1950612,1
942,600,2193062,1
943,600,1585510,1
944,600,2049331,1
945,600,2249416,0.92
946,600,1690741,1
947,600,1985229,1
948,600,2202519,0.99
949,600,2005593,1
950,600,1529968,1
951,600,2227035,1
952,600,2043684,1
953,600,1821641,1
954,600,1951494,1
955,600,1687266,1
956,600,1925368,1
957,600,1836943,1
958,600,2081715,1
959,600,2182213,1
960,600,2025986,0.98
961,600,2111142,0.98
962,600,2150559,1
963,600,2087488,0.98
964,600,2199279,0.95
965,600,1747189,1
966,600,2013324,1
967,600,2007572,1
968,600,1943680,0.98
969,600,2160568,0.99
970,600,2174629,0.98
971,600,2086751,0.98
972,600,1506387,1
973,600,1855693,1
974,600,2043533,1
975,600,2041174,0.99
976,600,1533663,1
977,600,1936715,1
978,600,2226045,0.99
979,600,1929006,0.99
980,600,2141129,0.95
981,600,2202338,1
982,600,1274527,1
983,600,1905207,1
984,600,1234103,1
985,600,2042860,0.99
986,600,2232672,0.97
987,600,1783229,1
988,600,2035005,1
989,600,1770830,1
990,600,2177804,0.98
991,600,2020912,0.95
992,600,1978837,1
993,600,2081759,1
994,600,2047718,1
995,600,2187102,0.97
996,600,2115451,0.99
997,600,2174086,1
998,600,2077642,0.99
999,600,2202221,0.97
0,700,2429146,0.97
1,700,1970296,1
2,700,2141318,0.98
3,700,1350509,1
4,700,2642981,0.93
5,700,1688169,1
6,700,1651076,1
7,700,2300555,1
8,700,1941041,1
9,700,2042435,1
10,700,2620272,0.97
11,700,2045604,1
12,700,2289909,1
13,700,2360089,0.98
14,700,1735692,1
15,700,2283328,0.98
16,700,2335360,1
17,700,1954941,1
18,700,1659449,1
19,700,2276008,1
20,700,2323851,0.99
21,700,2063219,0.99
22,700,2478921,1
23,700,2517508,0.96
24,700,2299332,0.99
25,700,2238931,1
26,700,2174515,1
27,700,2353588,1
28,700,2239634,1
29,700,2116130,1
30,700,2513760,0.98
31,700,2174885,0.99
32,700,2177909,1
33,700,2615489,0.98
34,700,2388657,0.98
35,700,2438559,0.97
36,700,2223930,1
37,700,1948996,1
38,700,2111110,1
39,700,2208315,1
40,700,1717690,1
41,700,1516674,1
42,700,2105923,1
43,700,1789808,1
44,700,1952892,1
45,700,1854706,1
46,700,1994530,1
47,700,2292729,0.99
48,700,1973776,1
49,700,2215495,1
50,700,1498269,1
51,700,1781051,1
52,700,2562207,0.95
53,700,1766882,1
54,700,1682352,1
55,700,1814749,1
56,700,2176145,1
57,700,1824921,1
58,700,2363005,0.99
59,700,2557738,0.98
60,700,2406675,1
61,700,2489866,0.99
62,700,1950448,1
63,700,1874290,1
64,700,2138073,1
65,700,2453646,0.99
66,700,2120417,1
67,700,1589707,1
68,700,2318338,1
69,700,2202990,1
70,700,2646522,0.94
71,700,2481634,1
72,700,1637227,1
73,700,2191714,1
74,700,1908049,1
75,700,2158191,0.99
76,700,2630497,0.94
77,700,1929571,1
78,700,1315192,1
79,700,1755673,1
80,700,2131789,0.99
81,700,2617514,0.95
82,700,2298853,1
83,700,2432650,0.92
84,700,2167558,0.99
85,700,2373965,0.99
86,700,1192593,1
87,700,2477649,0.96
88,700,2296280,0.98
89,700,2375204,0.98
90,700,1780231,1
91,700,1498248,1
92,700,2170653,1
93,700,2377895,1
94,700,2112926,1
95,700,1852375,0.99
96,700,1988592,1
97,700,1605637,1
98,700,2454352,1
99,700,2231010,0.99
100,700,2510786,0.98
101,700,1062000,1
102,700,2249935,1
103,700,2476484,0.92
104,700,1789454,0.93
105,700,2209525,1
106,700,1864228,1
107,700,2427809,0.99
108,700,2061592,1
109,700,2570561,0.98
110,700,2121613,1
111,700,1389073,1
112,700,2266221,0.99
113,700,1932012,1
114,700,1944383,1
115,700,1994648,1
116,700,2048711,1
117,700,2628178,0.98
118,700,2410644,1
119,700,2361677,0.95
120,700,2484258,0.99
121,700,2447322,1
122,700,1651686,1
123,700,2314701,1
124,700,1579291,1
125,700,2370987,1
126,700,2240638,1
127,700,2264576,1
128,700,2209455,1
129,700,2310458,1
130,700,1648085,1
131,700,1969356,1
132,700,2338746,0.98
133,700,1786818,1
134,700,2286717,0.99
135,700,2639870,0.9
136,700,1640819,1
137,700,2424755,0.99
138,700,2168874,0.98
139,700,2162033,1
140,700,1361049,1
141,700,2111744,1
142,700,1583908,1
143,700,2340134,0.99
144,700,2276191,0.99
145,700,2117108,1
146,700,2436587,0.97
147,700,2517039,0.96
148,700,2310996,1
149,700,1441867,1
150,700,2234830,1
151,700,1649442,0.99
152,700,2380905,1
153,700,2415123,0.99
154,700,1469215,0.99
155,700,1746750,1
156,700,2441163,0.99
157,700,2083451,1
158,700,2043396,0.99
159,700,2018452,1
160,700,2208830,1
161,700,2555267,0.98
162,700,2442253,1
163,700,1494618,1
164,700,2478086,0.98
165,700,2519473,0.96
166,700,2437410,1
167,700,2598907,0.95
168,700,2348872,1
169,700,1767203,1
170,700,2142106,1
171,700,1998676,1
172,700,2002207,1
173,700,2499460,0.96
174,700,1645888,1
175,700,2085127,1
176,700,2207765,0.99
177,700,2357935,1
178,700,2390323,1
179,700,2111489,1
180,700,2137070,1
181,700,2465043,1
182,700,2319650,0.98
183,700,1697593,1
184,700,2247856,1
185,700,2214657,0.99
186,700,2408983,1
187,700,6197364,1
188,700,2766729,1
189,700,2455574,1
190,700,2923635,1
191,700,2754371,0.99
192,700,3270570,1
193,700,2502510,1
194,700,2751936,1
195,700,3750403,0.97
196,700,3144805,0.98
197,700,2611259,1
198,700,3187057,1
199,700,3150147,1
200,700,3121452,0.99
201,700,3031797,1
202,700,3374256,0.98
203,700,3013005,1
204,700,2768598,1
205,700,2686587,0.98
206,700,3225987,0.96
207,700,2975263,0.99
208,700,2921868,0.99
209,700,1228221,1
210,700,2849930,0.98
211,700,3047874,1
212,700,3653266,0.95
213,700,2522374,1
214,700,2562583,0.99
215,700,2583317,1
216,700,2346062,1
217,700,2155194,1
218,700,2361395,0.99
219,700,3174965,0.98
220,700,2561845,1
221,700,3029797,0.97
222,700,3298179,0.98
223,700,3160899,0.94
224,700,2399877,1
225,700,3102506,0.98
226,700,2748074,1
227,700,3025431,0.99
228,700,3088069,0.99
229,700,2597799,0.99
230,700,2847936,1
231,700,1992594,1
232,700,2963981,0.96
233,700,2825338,1
234,700,2692671,1
235,700,2659030,1
236,700,2812839,0.98
237,700,2361929,1
238,700,2618760,1
239,700,1998931,1
240,700,2507039,1
241,700,2089968,0.99
242,700,1538557,1
243,700,2752958,1
244,700,2146600,1
245,700,2113157,1
246,700,2514030,1
247,700,2284083,1
248,700,2297324,1
249,700,1291357,1
250,700,3059875,0.99
251,700,2610300,1
252,700,2449939,1
253,700,3142073,0.92
254,700,2865092,1
255,700,3214351,0.95
256,700,1876884,1
257,700,2477736,1
258,700,2768247,1
259,700,2533587,1
260,700,2643045,0.96
261,700,2786142,0.99
262,700,2683999,0.99
263,700,1620110,1
264,700,3191261,0.92
265,700,2148934,1
266,700,1929575,0.92
267,700,2015208,1
268,700,2161113,1
269,700,1983572,1
270,700,1702531,1
271,700,2826042,1
272,700,2255574,1
273,700,2430578,1
274,700,2375207,0.99
275,700,2606898,1
276,700,2501017,1
277,700,2406992,1
278,700,2124402,1
279,700,2639540,0.99
280,700,2700958,1
281,700,2611348,1
282,700,2076513,1
283,700,1850808,1
284,700,2411788,1
285,700,2344183,1
286,700,3108329,0.98
287,700,2680952,0.99
288,700,2567782,1
289,700,2294288,1
290,700,2589892,1
291,700,2037491,1
292,700,2479428,1
293,700,1449679,1
294,700,2639103,1
295,700,2442512,1
296,700,1887709,1
297,700,2929432,0.99
298,700,1942745,1
299,700,2232538,1
300,700,2591641,1
301,700,2346698,0.99
302,700,2829008,0.99
303,700,2595502,1
304,700,2609371,1
305,700,2776414,0.99
306,700,2616272,0.99
307,700,2234546,1
308,700,2660636,1
309,700,2629188,1
310,700,2246573,1
311,700,2439644,0.99
312,700,2653765,0.99
313,700,1893883,1
314,700,2516013,1
315,700,2613677,1
316,700,2726345,0.99
317,700,2291135,1
318,700,2348912,0.99
319,700,2506997,1
320,700,2776751,1
321,700,2628610,0.96
322,700,2450257,0.98
323,700,2716974,0.98
324,700,2412866,1
325,700,2884828,0.97
326,700,2221456,1
327,700,2071487,1
328,700,2208693,1
329,700,2427344,1
330,700,1853801,1
331,700,1990099,1
332,700,2266029,1
333,700,2562053,1
334,700,2760851,0.93
335,700,2679204,1
336,700,2143912,1
337,700,2475201,1
338,700,2365755,0.99
339,700,2315662,1
340,700,1731388,1
341,700,2155454,1
342,700,2780996,0.98
343,700,2339217,1
344,700,2384171,1
345,700,2348238,1
346,700,2440555,1
347,700,2019433,1
348,700,2248213,1
349,700,2216621,1
350,700,2374009,1
351,700,1526992,1
352,700,2457439,1
353,700,2312986,1
354,700,2635635,0.98
355,700,2623197,0.97
356,700,2716543,0.96
357,700,1790259,1
358,700,1228415,1
359,700,1565751,1
360,700,2090191,1
361,700,1770110,1
362,700,2421919,1
363,700,2445227,1
364,700,2644931,0.97
365,700,2273545,1
366,700,2442559,1
367,700,2475022,1
368,700,2336808,1
369,700,2123525,1
370,700,2802827,0.96
371,700,2179194,1
372,700,2060364,1
373,700,2352207,1
374,700,2522016,0.99
375,700,2340715,0.99
376,700,2664433,0.98
377,700,1984296,1
378,700,2256900,1
379,700,2328767,0.99
380,700,2284109,0.99
381,700,2631551,0.94
382,700,2568253,1
383,700,2226117,1
384,700,2167236,1
385,700,2390515,0.98
386,700,2014071,1
387,700,2075389,1
388,700,2682797,0.99
389,700,1936678,1
390,700,2362320,1
391,700,2038274,1
392,700,1972767,1
393,700,2226395,1
394,700,2201349,1
395,700,2516245,1
396,700,2602400,1
397,700,2570213,0.99
398,700,1674375,1
399,700,2690818,0.97
400,700,2504302,0.99
401,700,2320696,1
402,700,2673962,0.99
403,700,2199904,1
404,700,2318598,1
405,700,2324732,1
406,700,2378715,1
407,700,2632246,0.97
408,700,1652924,1
409,700,1709912,1
410,700,2565711,1
411,700,2647104,0.99
412,700,2394762,1
413,700,2334748,1
414,700,1727116,1
415,700,2445540,0.99
416,700,2008050,1
417,700,1998967,1
418,700,2006850,1
419,700,2092053,1
420,700,2137344,1
421,700,2438501,0.99
422,700,1720975,1
423,700,1198551,1
424,700,2522407,0.97
425,700,1334492,1
426,700,2538753,0.99
427,700,2358673,1
428,700,2401027,0.98
429,700,2158506,1
430,700,1224875,1
431,700,1986813,1
432,700,2653258,0.98
433,700,1821937,1
434,700,1291786,1
435,700,2495162,1
436,700,1415806,1
437,700,2262220,1
438,700,2410397,1
439,700,2162196,1
440,700,2663436,0.96
441,700,1792086,1
442,700,1944734,1
443,700,2579197,1
444,700,2298607,1
445,700,1801804,1
446,700,2167749,1
447,700,1901341,1
448,700,2470047,1
449,700,1719197,1
450,700,2458917,1
451,700,2671711,0.96
452,700,2437277,1
453,700,1965131,0.99
454,700,2453942,1
455,700,2340667,0.99
456,700,2155942,1
457,700,2553946,1
458,700,1689337,1
459,700,2307293,1
460,700,2434116,1
461,700,2298082,0.99
462,700,2088278,1
463,700,2449677,1
464,700,1312063,1
465,700,2493381,0.94
466,700,2551180,0.94
467,700,1905028,1
468,700,2094256,1
469,700,2467092,0.99
470,700,2211982,1
471,700,2452169,0.96
472,700,2514268,0.98
473,700,2133985,1
474,700,2495908,1
475,700,2628312,1
476,700,2648943,1
477,700,2469140,0.99
478,700,2364585,1
479,700,2519618,0.99
480,700,1977550,1
481,700,2244337,1
482,700,1870634,1
483,700,2188985,1
484,700,1139977,1
485,700,2517349,1
486,700,2249744,1
487,700,2221552,1
488,700,1810897,1
489,700,2279747,1
490,700,2641914,0.96
491,700,2396518,1
492,700,1697446,1
493,700,1376004,1
494,700,2207316,0.99
495,700,2125132,1
496,700,2423290,1
497,700,2069138,1
498,700,2294248,1
499,700,2129673,1
500,700,2026665,1
501,700,2631869,0.99
502,700,2018144,1
503,700,2574521,0.99
504,700,1927024,1
505,700,1787831,1
506,700,2601959,0.98
507,700,1841784,1
508,700,2394951,0.99
509,700,2055799,1
510,700,2014912,1
511,700,2413167,0.95
512,700,2300851,1
513,700,2512063,1
514,700,2693944,0.96
515,700,2174070,1
516,700,1752817,1
517,700,2572646,0.97
518,700,2505710,1
519,700,2474625,1
520,700,1599681,1
521,700,2294456,0.99
522,700,2332807,1
523,700,2328074,1
524,700,2811661,0.93
525,700,2476278,1
526,700,1898066,1
527,700,2270767,1
528,700,2365764,1
529,700,2206806,1
530,700,2237532,1
531,700,2087315,1
532,700,2493468,0.99
533,700,2155719,1
534,700,1602731,1
535,700,1544588,1
536,700,1794692,1
537,700,2484846,0.98
538,700,2406902,0.99
539,700,2234295,0.99
540,700,2197399,1
541,700,2528574,0.98
542,700,2367492,1
543,700,1868217,1
544,700,2253778,1
545,700,1878085,1
546,700,2374789,1
547,700,2081236,1
548,700,1861499,1
549,700,2278210,1
550,700,2393610,1
551,700,2019985,0.99
552,700,2623378,0.99
553,700,2572119,0.99
554,700,1717691,1
555,700,2413807,1
556,700,2541197,1
557,700,2233740,0.99
558,700,2625582,1
559,700,2051012,1
560,700,2410869,1
561,700,2453555,0.98
562,700,2214295,1
563,700,2477113,0.99
564,700,1730195,1
565,700,2566541,0.99
566,700,2210046,1
567,700,2246631,1
568,700,2346159,0.99
569,700,1876782,1
570,700,2572234,0.99
571,700,2495422,0.99
572,700,2048229,1
573,700,2578963,0.99
574,700,2365215,0.99
575,700,2396138,0.99
576,700,2373032,1
577,700,2086414,1
578,700,2346327,1
579,700,2378915,1
580,700,2318175,1
581,700,2332314,1
582,700,2408434,0.98
583,700,2313864,1
584,700,1930361,1
585,700,2429141,0.99
586,700,2438566,0.99
587,700,2204971,1
588,700,2107513,1
589,700,2186275,1
590,700,2411025,1
591,700,2437851,1
592,700,2369816,0.99
593,700,1972966,1
594,700,1901810,1
595,700,1293571,1
596,700,2106904,0.99
597,700,2557123,0.98
598,700,2327204,0.99
599,700,1829117,1
600,700,2428040,1
601,700,1435050,1
602,700,2112922,1
603,700,2189521,0.99
604,700,2271480,1
605,700,2110479,1
606,700,2430648,1
607,700,1334363,1
608,700,2378360,0.99
609,700,2333603,0.99
610,700,2622719,0.98
611,700,2078259,1
612,700,2456700,0.98
613,700,2467566,0.98
614,700,2468323,0.99
615,700,2305027,0.99
616,700,2613613,0.98
617,700,1877576,1
618,700,2498532,0.99
619,700,2107910,0.99
620,700,2252906,1
621,700,1550761,1
622,700,2436492,1
623,700,2571025,0.99
624,700,1920120,1
625,700,2561459,0.99
626,700,2196570,1
627,700,1652247,1
628,700,2339498,1
629,700,1933453,1
630,700,2589315,0.98
631,700,2293602,0.98
632,700,2288618,1
633,700,2517102,0.94
634,700,1903524,1
635,700,2307565,1
636,700,2017830,1
637,700,1872660,0.99
638,700,2370716,1
639,700,2376306,1
640,700,1604473,1
641,700,2485708,1
642,700,2696663,0.94
643,700,2426022,1
644,700,2064741,1
645,700,1905147,1
646,700,887543,1
647,700,2357927,0.99
648,700,1500434,1
649,700,2322521,1
650,700,2075525,1
651,700,2281973,1
652,700,2045625,0.99
653,700,2174814,1
654,700,2432012,0.97
655,700,2712775,0.85
656,700,2544677,0.98
657,700,2356988,0.99
658,700,2373405,0.99
659,700,2164598,1
660,700,2049608,0.99
661,700,2618903,0.95
662,700,2037376,1
663,700,1996467,1
664,700,2397196,0.98
665,700,1368149,1
666,700,1707715,1
667,700,2110264,1
668,700,655088,1
669,700,2430440,0.99
670,700,2284512,0.99
671,700,1906046,1
672,700,2432236,0.99
673,700,2261958,0.99
674,700,2203821,1
675,700,2374741,1
676,700,2326400,0.99
677,700,2560203,0.97
678,700,1552553,1
679,700,1926868,0.99
680,700,1944576,1
681,700,2304191,1
682,700,1931455,0.95
683,700,2128277,1
684,700,2134985,1
685,700,2100867,1
686,700,1810957,0.96
687,700,2172022,0.99
688,700,2179382,1
689,700,1595042,1
690,700,2589431,0.94
691,700,2347545,1
692,700,2378190,1
693,700,1527276,1
694,700,2014517,0.99
695,700,1796071,0.99
696,700,2613159,0.88
697,700,1583002,1
698,700,2320163,0.98
699,700,2308533,1
700,700,2211379,1
701,700,2407883,1
702,700,2668634,0.92
703,700,1586106,1
704,700,2269004,1
705,700,2432058,0.97
706,700,2226050,1
707,700,5832862,1
708,700,2610159,1
709,700,2030460,1
710,700,3151328,1
711,700,2868951,1
712,700,2392220,0.99
713,700,1212549,1
714,700,3178929,1
715,700,2671845,1
716,700,2319705,1
717,700,3170840,1
718,700,3364527,0.99
719,700,3105856,0.99
720,700,2758507,1
721,700,3078934,1
722,700,3515183,0.98
723,700,2987197,1
724,700,2447283,1
725,700,3218384,0.98
726,700,3298775,1
727,700,2756867,1
728,700,2793569,1
729,700,3105658,1
730,700,2563679,1
731,700,2777506,1
732,700,2972293,0.99
733,700,3286571,0.98
734,700,1732299,1
735,700,2770558,0.99
736,700,2471398,1
737,700,3147656,0.99
738,700,1907447,1
739,700,3172819,1
740,700,1887018,1
741,700,2606116,1
742,700,3253605,0.95
743,700,2728689,1
744,700,2239390,1
745,700,3268478,0.99
746,700,2509160,1
747,700,2468995,1
748,700,3019379,0.99
749,700,1593429,1
750,700,1713404,1
751,700,2506755,1
752,700,1255477,1
753,700,3088117,0.96
754,700,2729000,0.99
755,700,3138869,0.92
756,700,2388523,1
757,700,2825465,0.99
758,700,1917117,1
759,700,3010309,0.97
760,700,2603378,1
761,700,2959258,0.99
762,700,2899915,1
763,700,2823708,1
764,700,2821787,0.99
765,700,2974940,0.99
766,700,2706349,1
767,700,2890391,0.98
768,700,2546182,1
769,700,2769437,1
770,700,2240677,1
771,700,2996008,1
772,700,2648366,0.97
773,700,2551569,1
774,700,2808599,0.95
775,700,2245386,1
776,700,2514900,1
777,700,1880755,1
778,700,2581392,0.99
779,700,2142960,1
780,700,2971274,0.97
781,700,3037668,0.96
782,700,2715295,1
783,700,2324063,1
784,700,1746181,1
785,700,1947135,1
786,700,2171789,1
787,700,2606498,1
788,700,2058535,1
789,700,2893256,0.96
790,700,2537750,0.99
791,700,1825979,1
792,700,2724561,1
793,700,2773450,1
794,700,2728424,0.99
795,700,2494670,1
796,700,2704556,1
797,700,2855236,0.99
798,700,2679418,1
799,700,2697769,0.98
800,700,2571607,1
801,700,2584815,1
802,700,1968072,1
803,700,2476885,1
804,700,1987943,1
805,700,2381532,1
806,700,2664133,0.95
807,700,1797001,0.99
808,700,2130385,0.99
809,700,2051353,1
810,700,2883469,0.99
811,700,2732454,0.98
812,700,2191156,1
813,700,2491194,1
814,700,2587452,1
815,700,1806044,1
816,700,2234769,1
817,700,2295292,1
818,700,2842299,0.98
819,700,2682083,1
820,700,2429780,1
821,700,2846696,0.99
822,700,2573228,1
823,700,1861859,1
824,700,2622612,0.98
825,700,2869415,0.98
826,700,2197251,1
827,700,2556152,1
828,700,2394235,1
829,700,2597301,1
830,700,2265613,1
831,700,2824357,0.98
832,700,2610958,1
833,700,2661311,0.99
834,700,2688745,1
835,700,1993657,1
836,700,2442586,1
837,700,2022665,1
838,700,2685943,0.99
839,700,1470419,0.99
840,700,1884878,1
841,700,2469959,0.99
842,700,2486786,0.99
843,700,2713883,0.98
844,700,2455365,0.99
845,700,1847630,1
846,700,1091766,1
847,700,2770778,0.98
848,700,2422492,1
849,700,1427412,1
850,700,992773,1
851,700,2555630,1
852,700,2320165,1
853,700,2389144,1
854,700,2157612,1
855,700,2730526,0.96
856,700,2578158,1
857,700,2714113,0.99
858,700,2232176,0.99
859,700,2837000,0.98
860,700,2661037,0.99
861,700,2681468,0.96
862,700,2468250,1
863,700,2271964,1
864,700,2428050,0.99
865,700,2175049,1
866,700,2728774,0.98
867,700,2507693,1
868,700,2412015,1
869,700,2405661,1
870,700,1889275,1
871,700,2471928,1
872,700,2505055,1
873,700,1793496,1
874,700,2624827,0.99
875,700,2081830,1
876,700,2362395,1
877,700,2355024,1
878,700,1974763,1
879,700,1870197,1
880,700,2542131,0.99
881,700,1878668,1
882,700,2245084,1
883,700,2007276,1
884,700,1551841,1
885,700,2389934,1
886,700,2271658,1
887,700,2411416,0.99
888,700,2415429,1
889,700,2730221,0.98
890,700,1789212,1
891,700,2722708,0.97
892,700,2325402,1
893,700,1727228,1
894,700,2128326,1
895,700,2253852,1
896,700,1908480,1
897,700,2575326,0.96
898,700,2327524,1
899,700,2050871,1
900,700,2418514,0.99
901,700,2701665,1
902,700,1967187,1
903,700,2395396,1
904,700,2168698,1
905,700,2218070,1
906,700,2605771,0.98
907,700,2056182,1
908,700,2090544,1
909,700,2438153,1
910,700,2641923,0.84
911,700,2959889,0.83
912,700,2462145,1
913,700,2372472,1
914,700,2024185,1
915,700,2125735,1
916,700,2066116,1
917,700,2725277,0.98
918,700,2648163,0.98
919,700,2526710,0.99
920,700,2435385,1
921,700,2558383,1
922,700,1756355,1
923,700,2059566,1
924,700,2411759,1
925,700,1466354,1
926,700,2451522,1
927,700,2790100,0.96
928,700,2072265,1
929,700,2280112,1
930,700,2547626,0.98
931,700,2209658,1
932,700,2348200,0.98
933,700,2611319,1
934,700,2640342,1
935,700,2601741,0.99
936,700,1950779,1
937,700,2617225,0.99
938,700,2271897,1
939,700,2548015,0.99
940,700,2545942,1
941,700,2285146,1
942,700,2568616,1
943,700,1931309,1
944,700,2392449,1
945,700,2647629,0.95
946,700,1946693,1
947,700,2324257,1
948,700,2622732,1
949,700,2376502,1
950,700,1836016,1
951,700,2643105,1
952,700,2412501,1
953,700,2129698,1
954,700,2332697,1
955,700,2014215,1
956,700,2243169,1
957,700,2167761,1
958,700,2395732,1
959,700,2559192,1
960,700,2352923,0.99
961,700,2464085,0.98
962,700,2547989,1
963,700,2448867,0.99
964,700,2611247,0.96
965,700,2005722,1
966,700,2388778,1
967,700,2402837,1
968,700,2265773,1
969,700,2504074,0.99
970,700,2562529,0.98
971,700,2482886,0.98
972,700,1725676,1
973,700,2159784,1
974,700,2428490,1
975,700,2353385,0.99
976,700,1809204,1
977,700,2325559,1
978,700,2590093,0.99
979,700,2273312,0.99
980,700,2555419,0.97
981,700,2591228,1
982,700,1476189,1
983,700,2255212,1
984,700,1437950,1
985,700,2415469,0.99
986,700,2606877,0.97
987,700,2044618,1
988,700,2395643,1
989,700,2037284,1
990,700,2534181,0.98
991,700,2346445,0.95
992,700,2323836,1
993,700,2469582,1
994,700,2363247,1
995,700,2583167,0.98
996,700,2474593,1
997,700,2552306,1
998,700,2415428,1
999,700,2575701,0.98
0,800,3069329,0.97
1,800,2473490,1
2,800,2673929,0.98
3,800,1671997,1
4,800,3338759,0.93
5,800,2116610,1
6,800,2013982,1
7,800,2953554,1
8,800,2391198,1
9,800,2556301,1
10,800,3235884,0.98
11,800,2580499,1
12,800,2851418,1
13,800,2992489,0.99
14,800,2181473,1
15,800,2818482,0.98
16,800,2933076,1
17,800,2460473,1
18,800,2010668,1
19,800,2887699,1
20,800,2895941,0.99
21,800,2571153,0.99
22,800,3085396,1
23,800,3049785,0.96
24,800,2839935,0.99
25,800,2874927,1
26,800,2701996,1
27,800,2965118,1
28,800,2785157,1
29,800,2613207,1
30,800,3146762,0.98
31,800,2728658,0.99
32,800,2738959,1
33,800,3230022,0.98
34,800,2956696,0.99
35,800,3072066,0.98
36,800,2737156,1
37,800,2450561,1
38,800,2645419,1
39,800,2769829,1
40,800,2065991,1
41,800,1878537,1
42,800,2537029,1
43,800,2197047,1
44,800,2437422,1
45,800,2236647,1
46,800,2497984,1
47,800,2816484,0.99
48,800,2397185,1
49,800,2726327,1
50,800,1780544,1
51,800,2184943,1
52,800,3130953,0.95
53,800,2160376,1
54,800,2064755,1
55,800,2232809,1
56,800,2711501,1
57,800,2271607,1
58,800,2874749,0.99
59,800,3083555,0.99
60,800,2926090,1
61,800,3031431,1
62,800,2393521,1
63,800,2255846,1
64,800,2611432,1
65,800,3030162,0.99
66,800,2584588,1
67,800,1922326,1
68,800,2820048,1
69,800,2706772,1
70,800,3229628,0.95
71,800,3015219,1
72,800,1998948,1
73,800,2711411,1
74,800,2305058,1
75,800,2633136,0.99
76,800,3181191,0.96
77,800,2331265,1
78,800,1571520,1
79,800,2139820,1
80,800,2615270,1
81,800,3208792,0.96
82,800,2738029,1
83,800,2972457,0.94
84,800,2651033,0.99
85,800,2945237,1
86,800,1407796,1
87,800,3057490,0.96
88,800,2722175,0.98
89,800,2931805,0.98
90,800,2173361,1
91,800,1794948,1
92,800,2633412,1
93,800,2893171,1
94,800,2593236,1
95,800,2211547,0.99
96,800,2373021,1
97,800,1942291,1
98,800,2932736,1
99,800,2687772,0.99
100,800,3066880,0.99
101,800,1276482,1
102,800,2743903,1
103,800,2953555,0.97
104,800,2125933,0.95
105,800,2700078,1
106,800,2259112,1
107,800,2956373,0.99
108,800,2453623,1
109,800,3131014,0.98
110,800,2635201,1
111,800,1626465,1
112,800,2653099,0.99
113,800,2301146,1
114,800,2330730,1
115,800,2393379,1
116,800,2451185,1
117,800,3133840,0.98
118,800,2894865,1
119,800,2853738,0.98
120,800,2979434,0.99
121,800,2929999,1
122,800,2018909,1
123,800,2770697,1
124,800,1883323,1
125,800,2805195,1
126,800,2695717,1
127,800,2712168,1
128,800,2648577,1
129,800,2749465,1
130,800,1947622,1
131,800,2307058,1
132,800,2823150,0.98
133,800,2133515,1
134,800,2773095,1
135,800,3159306,0.91
136,800,1924364,1
137,800,2913325,1
138,800,2658194,0.99
139,800,2607649,1
140,800,1613085,1
141,800,2565433,1
142,800,1822130,1
143,800,2774890,0.99
144,800,2698932,0.99
145,800,2516321,1
146,800,2928577,0.97
147,800,2987199,0.97
148,800,2733811,1
149,800,1732162,1
150,800,2665638,1
151,800,1901094,0.99
152,800,2810005,1
153,800,2863427,1
154,800,1732496,1
155,800,2136083,1
156,800,2944581,0.99
157,800,2536419,1
158,800,2444463,0.99
159,800,2384780,1
160,800,2646847,1
161,800,3048028,0.98
162,800,2912346,1
163,800,1804082,1
164,800,2898908,0.99
165,800,3013217,0.96
166,800,2942993,1
167,800,3070583,0.95
168,800,2790751,1
169,800,2096048,1
170,800,2572728,1
171,800,2376784,1
172,800,2370950,1
173,800,2951051,0.98
174,800,1920677,1
175,800,2460385,1
176,800,2601441,0.99
177,800,2785469,1
178,800,2809606,1
179,800,2486802,1
180,800,2548428,1
181,800,2917381,1
182,800,2736713,0.99
183,800,2008846,1
184,800,2656076,1
185,800,2591325,0.99
186,800,2854755,1
187,800,2517985,1
188,800,2444860,1
189,800,2314995,1
190,800,2684501,1
191,800,2554595,0.99
192,800,2856753,1
193,800,2371873,1
194,800,2478298,1
195,800,3263850,0.98
196,800,2825666,0.98
197,800,2441479,1
198,800,2833043,1
199,800,2786858,1
200,800,2803316,0.99
201,800,2830060,1
202,800,2991858,0.98
203,800,2648368,1
204,800,2574906,1
205,800,2397170,0.99
206,800,2889963,0.98
207,800,2785467,0.99
208,800,2652881,0.99
209,800,1250705,1
210,800,2541121,0.98
211,800,2808431,1
212,800,3149057,0.96
213,800,2422616,1
214,800,2451332,0.99
215,800,2395377,1
216,800,2239074,1
217,800,2105848,1
218,800,2297505,1
219,800,2860802,0.98
220,800,2415554,1
221,800,2783284,0.97
222,800,2909445,0.99
223,800,2926992,0.94
224,800,2336352,1
225,800,2876926,0.98
226,800,2629937,1
227,800,2889595,1
228,800,2831102,0.99
229,800,2559830,0.99
230,800,2721690,1
231,800,1935799,1
232,800,2827568,0.96
233,800,2643331,1
234,800,2606294,1
235,800,2598921,1
236,800,2678638,0.99
237,800,2389737,1
238,800,2620437,1
239,800,2024706,1
240,800,2461599,1
241,800,2008675,1
242,800,1563319,1
243,800,2717351,1
244,800,2152154,1
245,800,2139391,1
246,800,2502411,1
247,800,2282191,1
248,800,2351688,1
249,800,1333535,1
250,800,2924783,0.99
251,800,2559280,1
252,800,2363044,1
253,800,2905405,0.93
254,800,2831348,1
255,800,3067081,0.95
256,800,1928299,1
257,800,2483326,1
258,800,2795102,1
259,800,2474455,1
260,800,2589012,0.96
261,800,2707056,0.99
262,800,2686490,1
263,800,1646772,1
264,800,3079681,0.94
265,800,2069012,1
266,800,1830749,0.92
267,800,2062988,1
268,800,2106127,1
269,800,1994645,1
270,800,1743213,1
271,800,2828037,1
272,800,2282053,1
273,800,2450883,1
274,800,2387039,1
275,800,2606512,1
276,800,2501451,1
277,800,2436180,1
278,800,2139894,1
279,800,2777900,0.99
280,800,2737343,1
281,800,2619653,1
282,800,2145905,1
283,800,1897310,1
284,800,2368459,1
285,800,2450245,1
286,800,3121226,0.99
287,800,2696378,0.99
288,800,2656232,1
289,800,2343165,1
290,800,2588007,1
291,800,2079944,1
292,800,2548589,1
293,800,1516504,1
294,800,2653492,1
295,800,2464064,1
296,800,1955099,1
297,800,2964546,1
298,800,2040790,1
299,800,2313283,1
300,800,2657421,1
301,800,2438345,0.99
302,800,2895480,0.99
303,800,2617875,1
304,800,2705670,1
305,800,2799983,1
306,800,2596326,0.99
307,800,2319671,1
308,800,2675996,1
309,800,2683932,1
310,800,2335536,1
311,800,2530496,0.99
312,800,2731287,0.99
313,800,2003721,1
314,800,2598885,1
315,800,2732444,1
316,800,2831546,0.99
317,800,2404434,1
318,800,2426546,0.99
319,800,2574254,1
320,800,2827507,1
321,800,2758494,0.98
322,800,2556429,0.98
323,800,2845419,0.98
324,800,2550066,1
325,800,2924257,0.99
326,800,2364368,1
327,800,2198774,1
328,800,2303593,1
329,800,2617506,1
330,800,2051649,1
331,800,2159482,1
332,800,2441094,1
333,800,2627419,1
334,800,2900025,0.95
335,800,2872988,1
336,800,2274340,1
337,800,2641549,1
338,800,2521470,1
339,800,2450717,1
340,800,1850892,1
341,800,2303418,1
342,800,2847828,0.98
343,800,2493327,1
344,800,2554355,1
345,800,2501725,1
346,800,2605455,1
347,800,2178804,1
348,800,2369048,1
349,800,2376233,1
350,800,2524437,1
351,800,1627563,1
352,800,2641169,1
353,800,2457356,1
354,800,2752026,0.99
355,800,2779048,0.98
356,800,2886198,0.98
357,800,1964994,1
358,800,1278010,1
359,800,1711737,1
360,800,2246166,1
361,800,1908463,1
362,800,2575775,1
363,800,2611733,1
364,800,2773065,0.98
365,800,2377488,1
366,800,6336688,1
367,800,3349605,1
368,800,3156633,1
369,800,2847943,1
370,800,3720980,0.98
371,800,2821369,1
372,800,2685804,1
373,800,3189231,1
374,800,3230014,0.99
375,800,3030864,0.99
376,800,3532755,0.99
377,800,2583854,1
378,800,3000757,1
379,800,3083884,1
380,800,2967520,0.99
381,800,3279302,0.97
382,800,3557423,1
383,800,2888153,1
384,800,2777577,1
385,800,3108502,0.98
386,800,2560694,1
387,800,2703524,1
388,800,3450927,0.99
389,800,2514884,1
390,800,3060610,1
391,800,2695662,1
392,800,2573585,1
393,800,2871849,1
394,800,2783037,1
395,800,3282136,1
396,800,3291839,1
397,800,3168876,1
398,800,2105432,1
399,800,3359725,0.97
400,800,3234415,1
401,800,3094028,1
402,800,3359623,1
403,800,2759793,1
404,800,2982908,1
405,800,2941306,1
406,800,3044030,1
407,800,3307390,0.98
408,800,2083801,1
409,800,2144206,1
410,800,3242665,1
411,800,3377283,1
412,800,3065810,1
413,800,3007025,1
414,800,2188979,1
415,800,3086202,1
416,800,2463810,1
417,800,2538500,1
418,800,2518474,1
419,800,2716990,1
420,800,2743424,1
421,800,3042489,0.99
422,800,2108595,1
423,800,1444303,1
424,800,3178379,0.98
425,800,1693097,1
426,800,3189881,0.99
427,800,2963354,1
428,800,3058553,0.98
429,800,2752933,1
430,800,1467124,1
431,800,2486573,1
432,800,3291894,0.98
433,800,2216001,1
434,800,1548739,1
435,800,3082055,1
436,800,1774703,1
437,800,2792597,1
438,800,3036555,1
439,800,2728937,1
440,800,3331462,0.96
441,800,2273784,1
442,800,2391955,1
443,800,3228523,1
444,800,2892420,1
445,800,2255727,1
446,800,2724646,1
447,800,2364600,1
448,800,3038004,1
449,800,2095871,1
450,800,2973435,1
451,800,3357834,0.96
452,800,3060839,1
453,800,2421595,1
454,800,3027589,1
455,800,2897994,0.99
456,800,2720364,1
457,800,3165449,1
458,800,2120037,1
459,800,2855946,1
460,800,3046634,1
461,800,2862071,0.99
462,800,2551556,1
463,800,2949311,1
464,800,1630464,1
465,800,3079874,0.96
466,800,3045961,0.94
467,800,2269707,1
468,800,2603249,1
469,800,3031696,0.99
470,800,2686023,1
471,800,2908360,0.99
472,800,3110528,0.98
473,800,2564776,1
474,800,3097017,1
475,800,3238782,1
476,800,3258106,1
477,800,3017719,0.99
478,800,2928332,1
479,800,3086508,0.99
480,800,2472835,1
481,800,2684998,1
482,800,2231811,1
483,800,2724685,1
484,800,1352523,1
485,800,3070419,1
486,800,2754007,1
487,800,2732754,1
488,800,2206082,1
489,800,2801861,1
490,800,3275558,0.97
491,800,2929915,1
492,800,2047508,1
493,800,1617868,1
494,800,2662664,0.99
495,800,2589807,1
496,800,2953851,1
497,800,2521842,1
498,800,2767460,1
499,800,2543716,1
500,800,2416852,1
501,800,3198062,1
502,800,2474527,1
503,800,3108342,1
504,800,2302310,1
505,800,2137608,1
506,800,3071120,0.99
507,800,2218206,1
508,800,2880903,0.99
509,800,2481984,1
510,800,2418583,1
511,800,2908218,0.98
512,800,2787762,1
513,800,3008296,1
514,800,3205821,0.96
515,800,2630968,1
516,800,2113210,1
517,800,3017192,0.97
518,800,2992509,1
519,800,2930924,1
520,800,1893337,1
521,800,2779399,0.99
522,800,2795734,1
523,800,2791370,1
524,800,3277175,0.93
525,800,2975251,1
526,800,2237484,1
527,800,2694400,1
528,800,2857301,1
529,800,2634193,1
530,800,2712418,1
531,800,2560575,1
532,800,3003709,0.99
533,800,2567822,1
534,800,1949865,1
535,800,1835915,1
536,800,2213980,1
537,800,2921817,0.98
538,800,2911249,0.99
539,800,2665777,1
540,800,2626303,1
541,800,3069803,1
542,800,2822717,1
543,800,2210888,1
544,800,2675116,1
545,800,2225153,1
546,800,2816366,1
547,800,2503951,1
548,800,2227094,1
549,800,2710924,1
550,800,2883404,1
551,800,2380583,0.99
552,800,3088422,1
553,800,3033976,1
554,800,2020484,1
555,800,2865330,1
556,800,2990467,1
557,800,2606138,0.99
558,800,3073588,1
559,800,2436277,1
560,800,2848023,1
561,800,2901534,0.99
562,800,2625819,1
563,800,2944083,0.99
564,800,2030889,1
565,800,3024970,0.99
566,800,2632166,1
567,800,2674265,1
568,800,2733527,1
569,800,2261082,1
570,800,3052335,0.99
571,800,2949351,1
572,800,2423257,1
573,800,3058630,0.99
574,800,2826452,0.99
575,800,2833793,0.99
576,800,2801025,1
577,800,2474555,1
578,800,2764804,1
579,800,2791324,1
580,800,2736770,1
581,800,2828825,1
582,800,2844532,0.99
583,800,2727567,1
584,800,2267021,1
585,800,2885891,1
586,800,2893068,0.99
587,800,2572515,1
588,800,2456163,1
589,800,2549460,1
590,800,2824413,1
591,800,2862672,1
592,800,2815759,0.99
593,800,2266144,1
594,800,2250441,1
595,800,1517697,1
596,800,2440916,1
597,800,2993007,0.98
598,800,2695687,1
599,800,2161351,1
600,800,2850062,1
601,800,1650130,1
602,800,2458286,1
603,800,2558717,0.99
604,800,2672690,1
605,800,2468116,1
606,800,2831909,1
607,800,1600007,1
608,800,2842590,1
609,800,2743614,0.99
610,800,3024509,0.98
611,800,2424811,1
612,800,2893852,0.99
613,800,2924495,0.98
614,800,2936529,0.99
615,800,2685864,0.99
616,800,3088590,0.98
617,800,2213860,1
618,800,2940257,0.99
619,800,2467080,0.99
620,800,2596201,1
621,800,1824943,1
622,800,2843654,1
623,800,2997694,0.99
624,800,2266639,1
625,800,2972268,0.99
626,800,2559587,1
627,800,1916209,1
628,800,2706837,1
629,800,2240077,1
630,800,2997067,0.98
631,800,2680420,0.99
632,800,2636883,1
633,800,2911690,0.94
634,800,2309000,1
635,800,2674886,1
636,800,2315918,1
637,800,2171255,0.99
638,800,2759110,1
639,800,2759102,1
640,800,1856203,1
641,800,2919891,1
642,800,3167935,0.94
643,800,2817014,1
644,800,2371935,1
645,800,2194047,1
646,800,1047201,1
647,800,2716539,0.99
648,800,1751412,1
649,800,2690683,1
650,800,2433163,1
651,800,2655355,1
652,800,2398663,1
653,800,2525834,1
654,800,2815992,0.98
655,800,3131577,0.87
656,800,2950345,0.99
657,800,2728117,0.99
658,800,2781828,0.99
659,800,2495337,1
660,800,2373874,0.99
661,800,3060627,0.96
662,800,2367024,1
663,800,2385587,1
664,800,2789181,0.98
665,800,1569353,1
666,800,1990259,0.99
667,800,2447329,1
668,800,727638,1
669,800,2812474,1
670,800,2703570,0.99
671,800,2219106,1
672,800,2802003,0.99
673,800,2635800,1
674,800,2560735,1
675,800,2761772,1
676,800,2694178,0.99
677,800,2912848,0.98
678,800,1804936,1
679,800,2211675,0.99
680,800,2250476,1
681,800,2668969,1
682,800,2255986,0.95
683,800,2432724,1
684,800,2502898,1
685,800,2451960,1
686,800,2060560,0.97
687,800,2506414,1
688,800,2530001,1
689,800,1833761,0.99
690,800,2981291,0.97
691,800,2703062,1
692,800,2742623,1
693,800,1763092,1
694,800,2328057,0.99
695,800,2050327,1
696,800,3009079,0.91
697,800,1852986,1
698,800,2682422,0.98
699,800,2709645,1
700,800,2550138,1
701,800,2776417,1
702,800,3083319,0.94
703,800,1855602,1
704,800,2639604,1
705,800,2772090,0.99
706,800,2576253,1
707,800,2010064,1
708,800,2380733,1
709,800,1902697,1
710,800,2697860,1
711,800,2553755,1
712,800,2170698,0.99
713,800,1155823,1
714,800,2794354,1
715,800,2457263,1
716,800,2146781,1
717,800,2902185,1
718,800,2883795,0.99
719,800,2764158,0.99
720,800,2486992,1
721,800,2752969,1
722,800,2958730,0.99
723,800,2662843,1
724,800,2320020,1
725,800,2828142,0.99
726,800,2896634,1
727,800,2610260,1
728,800,2505335,1
729,800,2772622,1
730,800,2435033,1
731,800,2534022,1
732,800,2787330,0.99
733,800,2896771,0.98
734,800,1681200,1
735,800,2619242,1
736,800,2260715,1
737,800,2899339,1
738,800,1837744,1
739,800,2857004,1
740,800,1849761,1
741,800,2435844,1
742,800,2806831,0.97
743,800,2562003,1
744,800,2182245,1
745,800,2907093,0.99
746,800,2387874,1
747,800,2369010,1
748,800,2868374,1
749,800,1523504,1
750,800,1704583,1
751,800,2385649,1
752,800,1195460,1
753,800,2848475,0.97
754,800,2580648,0.99
755,800,2910050,0.94
756,800,2295586,1
757,800,2610190,0.99
758,800,1912048,1
759,800,2817553,0.97
760,800,2487619,1
761,800,2795860,0.99
762,800,2754262,1
763,800,2699003,1
764,800,2695114,1
765,800,2818919,0.99
766,800,2615477,1
767,800,2720436,0.99
768,800,2519973,1
769,800,2718301,1
770,800,2227316,1
771,800,2891339,1
772,800,2637414,0.98
773,800,2527515,1
774,800,2736807,0.96
775,800,2250361,1
776,800,2502639,1
777,800,1859477,1
778,800,2519430,0.99
779,800,2115020,1
780,800,2920074,0.99
781,800,3011090,0.96
782,800,2689916,1
783,800,2358398,1
784,800,1836976,1
785,800,2014688,1
786,800,2174290,1
787,800,2566418,1
788,800,2089017,1
789,800,2848560,0.96
790,800,2520449,1
791,800,1861123,1
792,800,2611913,1
793,800,2819697,1
794,800,2798667,0.99
795,800,2512438,1
796,800,2801665,1
797,800,2851988,0.99
798,800,2689584,1
799,800,2710095,0.99
800,800,2572303,1
801,800,2603832,1
802,800,2075640,1
803,800,2540303,1
804,800,2079091,1
805,800,2470782,1
806,800,2732515,0.96
807,800,1913426,1
808,800,2167907,0.99
809,800,2205885,1
810,800,2924149,0.99
811,800,2767568,0.99
812,800,2238090,1
813,800,2563127,1
814,800,2680057,1
815,800,1901654,1
816,800,2255627,1
817,800,2392064,1
818,800,2884113,0.98
819,800,2713742,1
820,800,2527183,1
821,800,2911435,0.99
822,800,2597173,1
823,800,1967666,1
824,800,5998291,0.99
825,800,3670379,0.98
826,800,2713387,1
827,800,3117027,1
828,800,3012320,1
829,800,3239710,1
830,800,2940646,1
831,800,3528148,0.99
832,800,3208348,1
833,800,3167039,0.99
834,800,3354709,1
835,800,2522951,1
836,800,3179701,1
837,800,2626866,1
838,800,3390121,0.99
839,800,1702909,0.99
840,800,2299635,1
841,800,3094405,0.99
842,800,3156343,0.99
843,800,3324127,0.98
844,800,3051654,1
845,800,2363393,1
846,800,1319561,1
847,800,3380332,0.99
848,800,3068148,1
849,800,1675924,1
850,800,1171491,1
851,800,3172989,1
852,800,2934533,1
853,800,2958413,1
854,800,2679656,1
855,800,3278312,0.96
856,800,3233053,1
857,800,3430561,1
858,800,2766898,0.99
859,800,3468991,0.98
860,800,3287904,0.99
861,800,3292782,0.97
862,800,3019831,1
863,800,2914401,1
864,800,3059605,1
865,800,2672204,1
866,800,3295313,0.98
867,800,3047069,1
868,800,2949499,1
869,800,2917794,1
870,800,2351222,1
871,800,3076006,1
872,800,3139455,1
873,800,2205388,1
874,800,3234893,1
875,800,2640700,1
876,800,2947535,1
877,800,2860165,1
878,800,2458377,1
879,800,2319036,1
880,800,3099412,0.99
881,800,2296210,1
882,800,2786019,1
883,800,2427203,1
884,800,1825312,1
885,800,3041747,1
886,800,2831115,1
887,800,3026458,1
888,800,3021485,1
889,800,3288517,0.99
890,800,2249534,1
891,800,3355376,0.98
892,800,2887780,1
893,800,2056880,1
894,800,2569888,1
895,800,2849849,1
896,800,2337662,1
897,800,3239875,0.97
898,800,2893050,1
899,800,2491305,1
900,800,2935219,0.99
901,800,3204837,1
902,800,2431311,1
903,800,2952133,1
904,800,2590397,1
905,800,2710358,1
906,800,3234887,0.98
907,800,2554035,1
908,800,2544794,1
909,800,2962729,1
910,800,3184048,0.85
911,800,3550704,0.86
912,800,2939688,1
913,800,2799332,1
914,800,2391566,1
915,800,2612624,1
916,800,2476058,1
917,800,3268395,0.99
918,800,3115255,0.99
919,800,3068026,0.99
920,800,2943941,1
921,800,3034649,1
922,800,2103146,1
923,800,2432434,1
924,800,2911640,1
925,800,1722345,1
926,800,2901303,1
927,800,3243871,0.97
928,800,2397999,1
929,800,2737225,1
930,800,2887314,0.98
931,800,2546899,1
932,800,2760181,0.98
933,800,3179572,1
934,800,3089149,1
935,800,3139017,0.99
936,800,2336074,1
937,800,3081640,0.99
938,800,2733317,1
939,800,3071307,0.99
940,800,3091121,1
941,800,2776951,1
942,800,3133704,1
943,800,2186934,1
944,800,2844450,1
945,800,3182594,0.95
946,800,2346169,1
947,800,2778178,1
948,800,3140714,1
949,800,2833810,1
950,800,2163067,1
951,800,3185665,1
952,800,2944365,1
953,800,2526248,1
954,800,2805743,1
955,800,2414779,1
956,800,2651210,1
957,800,2580752,1
958,800,2879954,1
959,800,3034147,1
960,800,2825875,0.99
961,800,2929827,0.98
962,800,3032297,1
963,800,3021082,1
964,800,3059192,0.96
965,800,2430281,1
966,800,2827138,1
967,800,2770530,1
968,800,2682098,1
969,800,2988621,0.99
970,800,3032057,0.98
971,800,2912476,0.98
972,800,2043489,1
973,800,2609712,1
974,800,2822207,1
975,800,2870941,0.99
976,800,2070490,1
977,800,2754023,1
978,800,3087090,0.99
979,800,2721939,0.99
980,800,2986446,0.97
981,800,3056197,1
982,800,1693054,1
983,800,2624298,1
984,800,1669549,1
985,800,2825288,1
986,800,3096060,0.99
987,800,2410565,1
988,800,2862381,1
989,800,2439058,1
990,800,3004581,0.99
991,800,2793001,0.96
992,800,2731650,1
993,800,2888031,1
994,800,2794409,1
995,800,2965566,0.99
996,800,2937999,1
997,800,3032006,1
998,800,2868836,1
999,800,3027788,0.98
0,1000,4078463,0.99
1,1000,3136824,1
2,1000,3400983,0.98
3,1000,2175728,1
4,1000,4430805,0.96
5,1000,2640453,1
6,1000,2639681,1
7,1000,3842461,1
8,1000,3093134,1
9,1000,3388770,1
10,1000,4185250,0.99
11,1000,3409393,1
12,1000,3756355,1
13,1000,3895780,0.99
14,1000,2772863,1
15,1000,3699593,0.99
16,1000,3822319,1
17,1000,3212175,1
18,1000,2631453,1
19,1000,3733892,1
20,1000,3833463,0.99
21,1000,3314954,0.99
22,1000,4015123,1
23,1000,4044111,0.97
24,1000,3669801,1
25,1000,3675436,1
26,1000,3459991,1
27,1000,3787874,1
28,1000,3652938,1
29,1000,3358423,1
30,1000,4080526,0.98
31,1000,3456476,0.99
32,1000,3585596,1
33,1000,4122350,0.99
34,1000,3781947,1
35,1000,3915086,0.99
36,1000,3600461,1
37,1000,3138456,1
38,1000,3319820,1
39,1000,3493150,1
40,1000,2620304,1
41,1000,2371400,1
42,1000,3270993,1
43,1000,2844615,1
44,1000,3049228,1
45,1000,2886962,1
46,1000,3192874,1
47,1000,3593442,1
48,1000,3063090,1
49,1000,3511778,1
50,1000,2192888,1
51,1000,2691049,1
52,1000,4009495,0.96
53,1000,2714972,1
54,1000,2611025,1
55,1000,2843287,1
56,1000,3431120,1
57,1000,2841039,1
58,1000,3673206,0.99
59,1000,3963748,0.99
60,1000,3750611,1
61,1000,3876443,1
62,1000,3054292,1
63,1000,2828383,1
64,1000,3279859,1
65,1000,3772078,1
66,1000,3297637,1
67,1000,2390678,1
68,1000,3525009,1
69,1000,3409936,1
70,1000,4172023,0.99
71,1000,3805833,1
72,1000,2477606,1
73,1000,3450004,1
74,1000,2928484,1
75,1000,3337616,0.99
76,1000,4027308,0.98
77,1000,2882617,1
78,1000,1904742,1
79,1000,2643671,1
80,1000,3315300,1
81,1000,4084727,0.96
82,1000,3493007,1
83,1000,3749369,0.95
84,1000,3354473,0.99
85,1000,3721448,1
86,1000,1757591,1
87,1000,3742843,0.96
88,1000,3403564,0.98
89,1000,3664361,0.99
90,1000,2648155,1
91,1000,2201550,1
92,1000,3286112,1
93,1000,3630371,1
94,1000,3258330,1
95,1000,2722688,0.99
96,1000,3028054,1
97,1000,2474726,1
98,1000,3711295,1
99,1000,3334165,1
100,1000,3886396,0.99
101,1000,1607742,1
102,1000,3453609,1
103,1000,3703390,0.97
104,1000,2516466,0.96
105,1000,3426303,1
106,1000,2849338,1
107,1000,3707633,0.99
108,1000,3074847,1
109,1000,3975494,0.99
110,1000,3225494,1
111,1000,2044124,1
112,1000,3310608,1
113,1000,2869933,1
114,1000,2845822,1
115,1000,3007431,1
116,1000,3048369,1
117,1000,3938299,1
118,1000,3607282,1
119,1000,3578004,0.99
120,1000,3761277,1
121,1000,3645804,1
122,1000,2499462,1
123,1000,3458484,1
124,1000,2318118,1
125,1000,3495118,1
126,1000,3311400,1
127,1000,3441914,1
128,1000,3262836,1
129,1000,3410085,1
130,1000,2367324,1
131,1000,2876512,1
132,1000,3538040,0.99
133,1000,2564269,1
134,1000,3447498,1
135,1000,3920028,0.94
136,1000,2434466,1
137,1000,3586448,1
138,1000,3263460,0.99
139,1000,3231253,1
140,1000,2006481,1
141,1000,3192131,1
142,1000,2269050,1
143,1000,3480822,0.99
144,1000,3361065,1
145,1000,3077707,1
146,1000,3644487,0.98
147,1000,3723062,0.98
148,1000,3391637,1
149,1000,2133643,1
150,1000,3309337,1
151,1000,2298744,0.99
152,1000,3501428,1
153,1000,3562647,1
154,1000,2110600,1
155,1000,2565535,1
156,1000,3641403,0.99
157,1000,3119529,1
158,1000,3087299,0.99
159,1000,2971048,1
160,1000,3296164,1
161,1000,3749478,0.98
162,1000,3583807,1
163,1000,2289241,1
164,1000,3593768,1
165,1000,3770665,0.96
166,1000,3605491,1
167,1000,3770561,0.96
168,1000,3473280,1
169,1000,2584990,1
170,1000,3210494,1
171,1000,2911162,1
172,1000,2911430,1
173,1000,3665787,1
174,1000,2343270,1
175,1000,3006769,1
176,1000,3239947,1
177,1000,3479401,1
178,1000,3460330,1
179,1000,3044686,1
180,1000,3184918,1
181,1000,3584556,1
182,1000,3391745,0.99
183,1000,2487195,1
184,1000,3305868,1
185,1000,3218926,0.99
186,1000,3553679,1
187,1000,3101629,1
188,1000,3081291,1
189,1000,2880753,1
190,1000,3321284,1
191,1000,3135344,0.99
192,1000,3497335,1
193,1000,2997041,1
194,1000,3052757,1
195,1000,3920394,0.98
196,1000,3475751,0.99
197,1000,3078768,1
198,1000,3545578,1
199,1000,3460015,1
200,1000,3529493,1
201,1000,3496888,1
202,1000,3692349,0.99
203,1000,3283709,1
204,1000,3172996,1
205,1000,2953689,0.99
206,1000,3630913,0.98
207,1000,3438675,0.99
208,1000,3316230,1
209,1000,1514706,1
210,1000,3182625,0.98
211,1000,3479278,1
212,1000,3920528,0.98
213,1000,2987403,1
214,1000,3061465,1
215,1000,2976718,1
216,1000,2730990,1
217,1000,2577400,1
218,1000,2854197,1
219,1000,3490007,0.99
220,1000,2976609,1
221,1000,3504678,0.97
222,1000,3600896,1
223,1000,3651419,0.96
224,1000,2856752,1
225,1000,3604036,0.98
226,1000,3236741,1
227,1000,3594939,1
228,1000,3531537,0.99
229,1000,3205240,1
230,1000,3370467,1
231,1000,2355775,1
232,1000,3497910,0.99
233,1000,3278207,1
234,1000,3215962,1
235,1000,3204864,1
236,1000,3248020,0.99
237,1000,2937154,1
238,1000,3232094,1
239,1000,2482703,1
240,1000,3057018,1
241,1000,2470807,1
242,1000,1919083,1
243,1000,3358409,1
244,1000,2604185,1
245,1000,2652536,1
246,1000,3112696,1
247,1000,2795790,1
248,1000,2917290,1
249,1000,1652104,1
250,1000,3635859,0.99
251,1000,3142643,1
252,1000,2957875,1
253,1000,3587428,0.96
254,1000,3496790,1
255,1000,3769311,0.97
256,1000,2395728,1
257,1000,3071832,1
258,1000,3413293,1
259,1000,3048509,1
260,1000,3179254,0.96
261,1000,3335275,0.99
262,1000,3316918,1
263,1000,2051381,1
264,1000,3794923,0.95
265,1000,2550970,1
266,1000,2183067,0.92
267,1000,2555236,1
268,1000,2609400,1
269,1000,2463677,1
270,1000,2163444,1
271,1000,3481202,1
272,1000,2815065,1
273,1000,3050254,1
274,1000,2954337,1
275,1000,3220552,1
276,1000,3080933,1
277,1000,3005436,1
278,1000,2666281,1
279,1000,3414534,0.99
280,1000,3392396,1
281,1000,3234649,1
282,1000,2642495,1
283,1000,2361947,1
284,1000,2974790,1
285,1000,2970475,1
286,1000,3868289,1
287,1000,3351487,0.99
288,1000,3255204,1
289,1000,2894028,1
290,1000,3220632,1
291,1000,2620167,1
292,1000,3141133,1
293,1000,1831709,1
294,1000,3293367,1
295,1000,3076386,1
296,1000,2382651,1
297,1000,3662716,1
298,1000,2488166,1
299,1000,2847427,1
300,1000,3271035,1
301,1000,2978189,0.99
302,1000,3520222,0.99
303,1000,3185881,1
304,1000,3266473,1
305,1000,3472771,1
306,1000,3216399,0.99
307,1000,2859242,1
308,1000,3293495,1
309,1000,3288267,1
310,1000,2838741,1
311,1000,3164688,0.99
312,1000,3388967,0.99
313,1000,2415433,1
314,1000,3171822,1
315,1000,3322759,1
316,1000,3494361,0.99
317,1000,2957220,1
318,1000,3027247,1
319,1000,3195080,1
320,1000,3482564,1
321,1000,3431159,0.98
322,1000,3176656,0.99
323,1000,3472949,0.99
324,1000,3105082,1
325,1000,3651938,0.99
326,1000,2913692,1
327,1000,2697752,1
328,1000,2849771,1
329,1000,3236047,1
330,1000,2564372,1
331,1000,2720872,1
332,1000,2978082,1
333,1000,3278167,1
334,1000,3563024,0.96
335,1000,3525659,1
336,1000,2824880,1
337,1000,3202308,1
338,1000,3218885,1
339,1000,3018683,1
340,1000,2259103,1
341,1000,2821427,1
342,1000,3548902,1
343,1000,3070982,1
344,1000,6517553,1
345,1000,3861904,1
346,1000,3964665,1
347,1000,3292928,1
348,1000,3523439,1
349,1000,3546206,1
350,1000,3879203,1
351,1000,2348555,1
352,1000,4001119,1
353,1000,3679357,1
354,1000,4099571,0.99
355,1000,4148158,0.99
356,1000,4422789,1
357,1000,2914611,1
358,1000,1847983,1
359,1000,2446812,1
360,1000,3230112,1
361,1000,2653036,1
362,1000,3722212,1
363,1000,3847381,1
364,1000,4157793,0.99
365,1000,3493174,1
366,1000,3849007,1
367,1000,4020469,1
368,1000,3658126,1
369,1000,3330646,1
370,1000,4466387,0.99
371,1000,3368409,1
372,1000,3181483,1
373,1000,3723517,1
374,1000,3896276,1
375,1000,3683539,0.99
376,1000,4161437,1
377,1000,3092361,1
378,1000,3478011,1
379,1000,3596764,1
380,1000,3593181,0.99
381,1000,4083930,0.97
382,1000,4033698,1
383,1000,3518005,1
384,1000,3288457,1
385,1000,3762606,0.99
386,1000,3007679,1
387,1000,3247848,1
388,1000,4182945,0.99
389,1000,2981348,1
390,1000,3677672,1
391,1000,3166604,1
392,1000,2997553,1
393,1000,3497808,1
394,1000,3371765,1
395,1000,3938521,1
396,1000,3941675,1
397,1000,3878720,1
398,1000,2610553,1
399,1000,4123009,0.98
400,1000,3930746,1
401,1000,3589550,1
402,1000,4088414,1
403,1000,3276690,1
404,1000,3574435,1
405,1000,3544298,1
406,1000,3584746,1
407,1000,4049427,0.99
408,1000,2470569,1
409,1000,2615801,1
410,1000,3882598,1
411,1000,4066189,1
412,1000,3650524,1
413,1000,3613640,1
414,1000,2576220,1
415,1000,3695262,1
416,1000,2977160,1
417,1000,3013750,1
418,1000,2992582,1
419,1000,3181248,1
420,1000,3247388,1
421,1000,3649175,1
422,1000,2539219,1
423,1000,1881504,1
424,1000,3766794,0.98
425,1000,1970871,1
426,1000,3839920,1
427,1000,3572958,1
428,1000,3690882,1
429,1000,3359714,1
430,1000,1733359,1
431,1000,2947485,1
432,1000,3994803,1
433,1000,2608711,1
434,1000,1839932,1
435,1000,3651526,1
436,1000,2119413,1
437,1000,3434753,1
438,1000,3702846,1
439,1000,3281530,1
440,1000,3986402,0.97
441,1000,2583147,1
442,1000,2855947,1
443,1000,3815231,1
444,1000,3450132,1
445,1000,2623976,1
446,1000,3280051,1
447,1000,2830059,1
448,1000,3632247,1
449,1000,2612769,1
450,1000,3669086,1
451,1000,3981400,0.99
452,1000,3690380,1
453,1000,2901616,1
454,1000,3721929,1
455,1000,3468938,1
456,1000,3185967,1
457,1000,3804418,1
458,1000,2446509,1
459,1000,3466587,1
460,1000,3551979,1
461,1000,3427166,1
462,1000,3041165,1
463,1000,3593951,1
464,1000,2031976,1
465,1000,3662227,0.96
466,1000,3711751,0.97
467,1000,2734570,1
468,1000,3098316,1
469,1000,3672019,0.99
470,1000,3216173,1
471,1000,3577038,0.99
472,1000,3731634,0.99
473,1000,3102473,1
474,1000,3717083,1
475,1000,3898223,1
476,1000,3902456,1
477,1000,3684191,1
478,1000,3496803,1
479,1000,3736786,0.99
480,1000,2937062,1
481,1000,3262745,1
482,1000,2704684,1
483,1000,3229733,1
484,1000,1679783,1
485,1000,3725677,1
486,1000,3293681,1
487,1000,3221811,1
488,1000,2598419,1
489,1000,3260454,1
490,1000,3911758,0.98
491,1000,3476878,1
492,1000,2425730,1
493,1000,1961911,1
494,1000,3179369,0.99
495,1000,3100328,1
496,1000,3576024,1
497,1000,3020346,1
498,1000,3360026,1
499,1000,3096256,1
500,1000,2898952,1
501,1000,3816609,1
502,1000,2940029,1
503,1000,3731923,1
504,1000,2761061,1
505,1000,2542976,1
506,1000,3723741,0.99
507,1000,2679228,1
508,1000,3467610,0.99
509,1000,3021878,1
510,1000,2981890,1
511,1000,3472007,1
512,1000,3324259,1
513,1000,3578806,1
514,1000,3854758,0.98
515,1000,3161219,1
516,1000,2550335,1
517,1000,3690183,0.98
518,1000,3694782,1
519,1000,3550830,1
520,1000,2316961,1
521,1000,3290366,1
522,1000,3384830,1
523,1000,3366172,1
524,1000,3863168,0.94
525,1000,3621628,1
526,1000,2691069,1
527,1000,3261693,1
528,1000,3456147,1
529,1000,3188484,1
530,1000,3285326,1
531,1000,2956412,1
532,1000,3560471,1
533,1000,3082877,1
534,1000,2287502,1
535,1000,2176015,1
536,1000,2609533,1
537,1000,3525937,0.99
538,1000,3417999,0.99
539,1000,3226893,1
540,1000,3112217,1
541,1000,3649029,1
542,1000,3311296,1
543,1000,2665421,1
544,1000,3242768,1
545,1000,2685213,1
546,1000,3390602,1
547,1000,3041278,1
548,1000,2656854,1
549,1000,3251177,1
550,1000,3442740,1
551,1000,2843596,0.99
552,1000,3709060,1
553,1000,3618979,1
554,1000,2432761,1
555,1000,3434773,1
556,1000,3605371,1
557,1000,3213066,1
558,1000,3730530,1
559,1000,2939641,1
560,1000,3426376,1
561,1000,3508190,0.99
562,1000,3183843,1
563,1000,3537414,0.99
564,1000,2476770,1
565,1000,3671302,0.99
566,1000,3133383,1
567,1000,3274354,1
568,1000,3326161,1
569,1000,2711191,1
570,1000,3704360,1
571,1000,3590359,1
572,1000,2931634,1
573,1000,3680895,1
574,1000,3379405,0.99
575,1000,3422441,1
576,1000,3388758,1
577,1000,2958410,1
578,1000,3310651,1
579,1000,3353762,1
580,1000,3317765,1
581,1000,3322413,1
582,1000,3436081,0.99
583,1000,3318320,1
584,1000,2725407,1
585,1000,3460201,1
586,1000,3452433,0.99
587,1000,3136768,1
588,1000,2971739,1
589,1000,3035796,1
590,1000,3438842,1
591,1000,3476134,1
592,1000,3380057,1
593,1000,2755211,1
594,1000,2708456,1
595,1000,1787656,1
596,1000,2944825,1
597,1000,3643407,0.98
598,1000,3264816,1
599,1000,2611115,1
600,1000,3464791,1
601,1000,2038585,1
602,1000,2998573,1
603,1000,3103577,1
604,1000,3255081,1
605,1000,2957027,1
606,1000,3449145,1
607,1000,1888016,1
608,1000,3444026,1
609,1000,3276823,0.99
610,1000,3724542,0.99
611,1000,2942411,1
612,1000,3497750,0.99
613,1000,3516377,0.99
614,1000,3508270,0.99
615,1000,3252084,1
616,1000,3725494,0.99
617,1000,2708207,1
618,1000,3568047,0.99
619,1000,2970171,0.99
620,1000,3203711,1
621,1000,2211562,1
622,1000,3414836,1
623,1000,3625509,0.99
624,1000,2740957,1
625,1000,3606212,1
626,1000,3110716,1
627,1000,2254101,1
628,1000,3326828,1
629,1000,2714760,1
630,1000,3624953,0.98
631,1000,3278570,1
632,1000,3223485,1
633,1000,3557845,0.94
634,1000,2712432,1
635,1000,3273530,1
636,1000,2816175,1
637,1000,2610107,1
638,1000,3374719,1
639,1000,3310330,1
640,1000,2247840,1
641,1000,3536320,1
642,1000,3832275,0.96
643,1000,3525143,1
644,1000,2829307,1
645,1000,2658288,1
646,1000,1274765,1
647,1000,3357399,0.99
648,1000,2120652,1
649,1000,3338733,1
650,1000,2957872,1
651,1000,3261357,1
652,1000,2868932,1
653,1000,3077740,1
654,1000,3430570,0.99
655,1000,3874198,0.89
656,1000,3581892,1
657,1000,3344332,0.99
658,1000,3391390,1
659,1000,3023621,1
660,1000,2862918,1
661,1000,3710594,0.96
662,1000,2881204,1
663,1000,2799667,1
664,1000,3418799,0.99
665,1000,1962376,1
666,1000,2425007,1
667,1000,2972151,1
668,1000,886942,1
669,1000,3417104,1
670,1000,3289737,1
671,1000,2650040,1
672,1000,3413441,1
673,1000,3159999,1
674,1000,3105388,1
675,1000,3338877,1
676,1000,3273469,1
677,1000,3581146,0.98
678,1000,2220496,1
679,1000,2704264,0.99
680,1000,2753066,1
681,1000,3269375,1
682,1000,2714472,0.96
683,1000,2931328,1
684,1000,3086389,1
685,1000,2985220,1
686,1000,2488944,0.97
687,1000,3048470,1
688,1000,3037729,1
689,1000,2205139,0.99
690,1000,3649941,0.97
691,1000,3267761,1
692,1000,3312220,1
693,1000,2120890,1
694,1000,2801042,0.99
695,1000,2449288,1
696,1000,3630206,0.97
697,1000,2212616,1
698,1000,3257070,1
699,1000,3274413,1
700,1000,3142309,1
701,1000,3413862,1
702,1000,3778759,0.95
703,1000,2265437,1
704,1000,3191699,1
705,1000,3394736,0.99
706,1000,3142417,1
707,1000,2398223,1
708,1000,2881806,1
709,1000,2308533,1
710,1000,3321632,1
711,1000,3096897,1
712,1000,2613145,0.99
713,1000,1456698,1
714,1000,3409595,1
715,1000,2979539,1
716,1000,2610965,1
717,1000,3486368,1
718,1000,6868528,1
719,1000,4125124,1
720,1000,3674793,1
721,1000,4182432,1
722,1000,4432165,1
723,1000,3934107,1
724,1000,3330642,1
725,1000,4163164,0.99
726,1000,4397298,1
727,1000,3742510,1
728,1000,3693884,1
729,1000,4173744,1
730,1000,3542843,1
731,1000,3735773,1
732,1000,4160571,1
733,1000,4296168,0.99
734,1000,2328534,1
735,1000,3855769,1
736,1000,3270896,1
737,1000,4220245,1
738,1000,2665790,1
739,1000,4164083,1
740,1000,2572752,1
741,1000,3552749,1
742,1000,4127650,0.98
743,1000,3622606,1
744,1000,3171086,1
745,1000,4205777,1
746,1000,3410292,1
747,1000,3462612,1
748,1000,4160901,1
749,1000,2103738,1
750,1000,2348853,1
751,1000,3478213,1
752,1000,1634368,1
753,1000,4092790,0.99
754,1000,3681748,1
755,1000,4099078,0.94
756,1000,3295239,1
757,1000,3727804,0.99
758,1000,2634205,1
759,1000,4042517,0.98
760,1000,3517542,1
761,1000,3969085,1
762,1000,3982442,1
763,1000,3821022,1
764,1000,3756939,1
765,1000,3998233,1
766,1000,3705388,1
767,1000,3908563,1
768,1000,3458395,1
769,1000,3916274,1
770,1000,3099741,1
771,1000,4105612,1
772,1000,3803656,0.98
773,1000,3469027,1
774,1000,3758981,0.97
775,1000,3161767,1
776,1000,3418226,1
777,1000,2488316,1
778,1000,3478207,1
779,1000,3023587,1
780,1000,4055536,0.99
781,1000,4142758,0.96
782,1000,3812037,1
783,1000,3247472,1
784,1000,2469179,1
785,1000,2706577,1
786,1000,2970369,1
787,1000,3564890,1
788,1000,2872079,0.99
789,1000,3861374,0.96
790,1000,3502461,1
791,1000,2496104,1
792,1000,3564069,1
793,1000,3833146,1
794,1000,3799776,1
795,1000,3484027,1
796,1000,3782772,1
797,1000,3887166,0.99
798,1000,3611459,1
799,1000,3642562,1
800,1000,3532033,1
801,1000,3523218,1
802,1000,2749479,1
803,1000,3472999,1
804,1000,2761985,1
805,1000,3407158,1
806,1000,3672207,0.97
807,1000,2433297,1
808,1000,2896376,1
809,1000,2942002,1
810,1000,3942815,0.99
811,1000,3731452,0.99
812,1000,2991151,1
813,1000,3489427,1
814,1000,3605363,1
815,1000,2528892,1
816,1000,3030442,1
817,1000,3212273,1
818,1000,3877197,0.99
819,1000,3596083,1
820,1000,3408252,1
821,1000,3933788,0.99
822,1000,3500766,1
823,1000,2556661,1
824,1000,3608056,1
825,1000,3979047,0.98
826,1000,3132169,1
827,1000,3475531,1
828,1000,3339811,1
829,1000,3591268,1
830,1000,3161904,1
831,1000,3923759,1
832,1000,3710449,1
833,1000,3544199,1
834,1000,3724822,1
835,1000,2738301,1
836,1000,3410187,1
837,1000,2771446,1
838,1000,3688116,0.99
839,1000,1909582,1
840,1000,2585929,1
841,1000,3470498,1
842,1000,3461831,0.99
843,1000,3735740,0.98
844,1000,3376225,1
845,1000,2551953,1
846,1000,1470193,1
847,1000,3774074,0.99
848,1000,3330406,1
849,1000,1995598,1
850,1000,1415335,1
851,1000,3455583,1
852,1000,3216323,1
853,1000,3203266,1
854,1000,3037379,1
855,1000,3728031,0.96
856,1000,3514689,1
857,1000,3720750,1
858,1000,3116790,0.99
859,1000,3918358,0.98
860,1000,3666028,0.99
861,1000,3708787,0.97
862,1000,3422231,1
863,1000,3204069,1
864,1000,3442567,1
865,1000,3009439,1
866,1000,3724531,0.99
867,1000,3476768,1
868,1000,3337586,1
869,1000,3308443,1
870,1000,2630412,1
871,1000,3406078,1
872,1000,3498122,1
873,1000,2539874,1
874,1000,3594113,1
875,1000,2922548,1
876,1000,3291324,1
877,1000,3275494,1
878,1000,2803246,1
879,1000,2610061,1
880,1000,3499103,0.99
881,1000,2587326,1
882,1000,3082626,1
883,1000,2679174,1
884,1000,2050184,1
885,1000,3327325,1
886,1000,3161555,1
887,1000,3365234,1
888,1000,3364782,1
889,1000,3726677,0.99
890,1000,2490525,1
891,1000,3792255,0.98
892,1000,3237292,1
893,1000,2347890,1
894,1000,2984507,1
895,1000,3152428,1
896,1000,2650105,1
897,1000,3574102,0.98
898,1000,3242425,1
899,1000,2790455,1
900,1000,3334198,1
901,1000,3687704,1
902,1000,2704941,1
903,1000,3281941,1
904,1000,2899009,1
905,1000,3097161,1
906,1000,3664082,0.98
907,1000,2902242,1
908,1000,2847175,1
909,1000,3462067,1
910,1000,3677124,0.87
911,1000,3954450,0.93
912,1000,3349000,1
913,1000,3175697,1
914,1000,2682163,1
915,1000,2952506,1
916,1000,2836209,1
917,1000,3715990,0.99
918,1000,3585382,0.99
919,1000,3524529,1
920,1000,3291236,1
921,1000,3447722,1
922,1000,2419941,1
923,1000,2794649,1
924,1000,3367774,1
925,1000,1998013,1
926,1000,3325534,1
927,1000,3811823,0.98
928,1000,2815124,1
929,1000,3084849,1
930,1000,3326722,0.99
931,1000,2976079,1
932,1000,3138854,0.99
933,1000,3537808,1
934,1000,3583412,1
935,1000,3620755,0.99
936,1000,2700220,1
937,1000,3559760,1
938,1000,3144408,1
939,1000,3560051,0.99
940,1000,3532112,1
941,1000,3205630,1
942,1000,3666516,1
943,1000,2631636,1
944,1000,3308002,1
945,1000,3697511,0.96
946,1000,2672126,1
947,1000,3214110,1
948,1000,3601685,1
949,1000,3316887,1
950,1000,2603938,1
951,1000,3639628,1
952,1000,3358879,1
953,1000,2887215,1
954,1000,3218204,1
955,1000,2802089,1
956,1000,3145648,1
957,1000,2958129,1
958,1000,3325163,1
959,1000,3601824,1
960,1000,3282928,1
961,1000,3428120,0.99
962,1000,3510038,1
963,1000,3416293,1
964,1000,3549062,0.97
965,1000,2764326,1
966,1000,3316862,1
967,1000,3281941,1
968,1000,3109819,1
969,1000,3453506,0.99
970,1000,3564504,0.99
971,1000,3376529,0.99
972,1000,2368096,1
973,1000,3028342,1
974,1000,3359451,1
975,1000,3320824,1
976,1000,2478549,1
977,1000,3194674,1
978,1000,3631018,1
979,1000,3166175,1
980,1000,3541510,0.98
981,1000,3634170,1
982,1000,2010340,1
983,1000,3099430,1
984,1000,2003020,1
985,1000,3295513,1
986,1000,3587196,0.99
987,1000,2946434,1
988,1000,3414485,1
989,1000,2800185,1
990,1000,3551281,1
991,1000,3316745,0.99
992,1000,3258362,1
993,1000,3427592,1
994,1000,3306979,1
995,1000,3530680,0.99
996,1000,3467280,1
997,1000,3579956,1
998,1000,3363991,1
999,1000,3612890,0.98
0,1200,4028695,0.99
1,1200,3305971,1
2,1200,3516493,1
3,1200,2308933,1
4,1200,4534709,0.96
5,1200,2745961,1
6,1200,2750172,1
7,1200,3829741,1
8,1200,3170645,1
9,1200,3448650,1
10,1200,8498229,0.99
11,1200,4177859,1
12,1200,4684481,1
13,1200,4925358,0.99
14,1200,3372835,1
15,1200,4778619,0.99
16,1200,4666972,1
17,1200,4065560,1
18,1200,3224332,1
19,1200,4633245,1
20,1200,4811433,1
21,1200,4123852,1
22,1200,5065805,1
23,1200,5028351,0.97
24,1200,4567084,1
25,1200,4537206,1
26,1200,4342410,1
27,1200,4747237,1
28,1200,4470028,1
29,1200,4140746,1
30,1200,5114404,0.98
31,1200,4242206,0.99
32,1200,4377803,1
33,1200,5104498,0.99
34,1200,4754413,1
35,1200,4840134,0.99
36,1200,4458904,1
37,1200,3834747,1
38,1200,4031052,1
39,1200,4363416,1
40,1200,3181789,1
41,1200,2805953,1
42,1200,4111112,1
43,1200,3561472,1
44,1200,3750994,1
45,1200,3475553,1
46,1200,3910642,1
47,1200,4445733,1
48,1200,3788688,1
49,1200,4398907,1
50,1200,2702427,1
51,1200,3206678,1
52,1200,4929135,0.98
53,1200,3280976,1
54,1200,3188361,1
55,1200,3426455,1
56,1200,4182171,1
57,1200,3538240,1
58,1200,4507153,0.99
59,1200,4846967,0.99
60,1200,4587085,1
61,1200,4809455,1
62,1200,3727532,1
63,1200,3460154,1
64,1200,3961323,1
65,1200,4689575,1
66,1200,4013843,1
67,1200,2917994,1
68,1200,4347225,1
69,1200,4198016,1
70,1200,5099645,0.99
71,1200,4643927,1
72,1200,2954027,1
73,1200,4148083,1
74,1200,3566386,1
75,1200,4043798,0.99
76,1200,4884716,0.99
77,1200,3458441,1
78,1200,2241080,1
79,1200,3194937,1
80,1200,4005509,1
81,1200,4956539,0.96
82,1200,4284760,1
83,1200,4565542,0.96
84,1200,4054886,0.99
85,1200,4525258,1
86,1200,2168229,1
87,1200,4576358,0.96
88,1200,4175711,0.99
89,1200,4462520,1
90,1200,3162059,1
91,1200,2657668,1
92,1200,3941028,1
93,1200,4428356,1
94,1200,3898220,1
95,1200,3263246,1
96,1200,3604645,1
97,1200,3016756,1
98,1200,4468336,1
99,1200,4037027,1
100,1200,4679131,0.99
101,1200,1918048,1
102,1200,4179356,1
103,1200,4420525,0.98
104,1200,2897637,0.97
105,1200,4070102,1
106,1200,3410557,1
107,1200,4459719,0.99
108,1200,3720029,1
109,1200,4760149,0.99
110,1200,3941563,1
111,1200,2462423,1
112,1200,3907490,1
113,1200,3410725,1
114,1200,3409734,1
115,1200,3596946,1
116,1200,3724864,1
117,1200,4701547,1
118,1200,4297493,1
119,1200,4313927,0.99
120,1200,4531128,1
121,1200,4364290,1
122,1200,2954623,1
123,1200,4173650,1
124,1200,2705083,1
125,1200,4180137,1
126,1200,3978754,1
127,1200,4161777,1
128,1200,3886216,1
129,1200,4083943,1
130,1200,2820534,1
131,1200,3457924,1
132,1200,4231893,0.99
133,1200,3090083,1
134,1200,4141369,1
135,1200,4676330,0.96
136,1200,2953699,1
137,1200,4275387,1
138,1200,3931635,1
139,1200,3823147,1
140,1200,2404439,1
141,1200,3813316,1
142,1200,2783291,1
143,1200,4185236,1
144,1200,3982330,1
145,1200,3716231,1
146,1200,4359990,0.99
147,1200,4456412,0.98
148,1200,4087132,1
149,1200,2559245,1
150,1200,3950833,1
151,1200,2688086,1
152,1200,4180636,1
153,1200,4228616,1
154,1200,2495368,1
155,1200,3087589,1
156,1200,4329632,0.99
157,1200,3745718,1
158,1200,3667899,0.99
159,1200,3524510,1
160,1200,3914040,1
161,1200,4450300,0.99
162,1200,4292151,1
163,1200,2723681,1
164,1200,4303983,1
165,1200,4525358,0.98
166,1200,4300399,1
167,1200,4520105,0.96
168,1200,4139012,1
169,1200,3085111,1
170,1200,3838656,1
171,1200,3461409,1
172,1200,3463798,1
173,1200,4406563,1
174,1200,2793616,1
175,1200,3596693,1
176,1200,3862185,1
177,1200,4145891,1
178,1200,4151380,1
179,1200,3605952,1
180,1200,3819854,1
181,1200,4306124,1
182,1200,4094699,1
183,1200,2964313,1
184,1200,3889933,1
185,1200,3816876,0.99
186,1200,4200908,1
187,1200,3671544,1
188,1200,3691431,1
189,1200,3423520,1
190,1200,3915047,1
191,1200,3709184,1
192,1200,4181274,1
193,1200,3535500,1
194,1200,3653945,1
195,1200,4604869,0.98
196,1200,4102553,0.99
197,1200,3663289,1
198,1200,4241059,1
199,1200,4123052,1
200,1200,4200143,1
201,1200,4162461,1
202,1200,4400523,1
203,1200,3911235,1
204,1200,3788967,1
205,1200,3442612,0.99
206,1200,4338600,0.98
207,1200,4093929,0.99
208,1200,3944540,1
209,1200,1752629,1
210,1200,3733186,0.98
211,1200,4127929,1
212,1200,4674665,0.98
213,1200,3573443,1
214,1200,3654584,1
215,1200,3532879,1
216,1200,3228073,1
217,1200,3118130,1
218,1200,3381022,1
219,1200,4161722,1
220,1200,3571387,1
221,1200,4138995,0.97
222,1200,4307121,1
223,1200,4344384,0.97
224,1200,3383541,1
225,1200,4278096,1
226,1200,3893383,1
227,1200,4263019,1
228,1200,4179035,0.99
229,1200,3760505,1
230,1200,4001994,1
231,1200,2757971,1
232,1200,4133879,0.99
233,1200,3923083,1
234,1200,3831123,1
235,1200,3823977,1
236,1200,3867451,0.99
237,1200,3498585,1
238,1200,3814131,1
239,1200,2963914,1
240,1200,3598528,1
241,1200,2928250,1
242,1200,2282213,1
243,1200,3991060,1
244,1200,3069396,1
245,1200,3159292,1
246,1200,3678659,1
247,1200,3300821,1
248,1200,3472058,1
249,1200,1973873,1
250,1200,4283511,1
251,1200,3697677,1
252,1200,3465629,1
253,1200,4268718,0.97
254,1200,4136038,1
255,1200,4451884,0.98
256,1200,2838668,1
257,1200,3640907,1
258,1200,4055327,1
259,1200,3618795,1
260,1200,3713452,0.98
261,1200,3962640,0.99
262,1200,3951187,1
263,1200,2443823,1
264,1200,4538002,0.96
265,1200,3002308,1
266,1200,2496268,0.94
267,1200,3040283,1
268,1200,3092532,1
269,1200,2919333,1
270,1200,2549450,1
271,1200,4145007,1
272,1200,3339670,1
273,1200,3632501,1
274,1200,3467475,1
275,1200,3809314,1
276,1200,3661262,1
277,1200,3560592,1
278,1200,3156261,1
279,1200,4034612,0.99
280,1200,3999607,1
281,1200,3856082,1
282,1200,3112401,1
283,1200,2826509,1
284,1200,3570554,1
285,1200,3546545,1
286,1200,4555022,1
287,1200,3998222,0.99
288,1200,3857880,1
289,1200,3410529,1
290,1200,3782253,1
291,1200,3098853,1
292,1200,3746683,1
293,1200,2171942,1
294,1200,3903067,1
295,1200,3762834,1
296,1200,2824012,1
297,1200,4329179,1
298,1200,2978990,1
299,1200,3362350,1
300,1200,3878011,1
301,1200,3507051,1
302,1200,4152464,0.99
303,1200,3772896,1
304,1200,3894533,1
305,1200,4086739,1
306,1200,3865996,0.99
307,1200,3433642,1
308,1200,3893606,1
309,1200,3897619,1
310,1200,3291670,1
311,1200,3712786,0.99
312,1200,4054633,1
313,1200,2843465,1
314,1200,3777565,1
315,1200,3906114,1
316,1200,4184098,0.99
317,1200,3476368,1
318,1200,3603696,1
319,1200,3811912,1
320,1200,4124131,1
321,1200,4065196,0.99
322,1200,3750716,0.99
323,1200,4172793,1
324,1200,7081735,1
325,1200,5465287,1
326,1200,4236385,1
327,1200,3798310,1
328,1200,4043691,1
329,1200,4794185,1
330,1200,3559610,1
331,1200,3842644,1
332,1200,4204453,1
333,1200,4627446,1
334,1200,5197364,0.97
335,1200,5111146,1
336,1200,3977167,1
337,1200,4655261,1
338,1200,4496893,1
339,1200,4340656,1
340,1200,3098175,1
341,1200,3960601,1
342,1200,5119984,1
343,1200,4286554,1
344,1200,4498349,1
345,1200,4409646,1
346,1200,4561475,1
347,1200,3841790,1
348,1200,4073593,1
349,1200,4060717,1
350,1200,4426810,1
351,1200,2717805,1
352,1200,4535073,1
353,1200,4180519,1
354,1200,4687093,0.99
355,1200,4725229,1
356,1200,4977483,1
357,1200,3366336,1
358,1200,2144546,1
359,1200,2826300,1
360,1200,3691109,1
361,1200,3022769,1
362,1200,4271827,1
363,1200,4422033,1
364,1200,4732880,1
365,1200,4008995,1
366,1200,4456272,1
367,1200,4599270,1
368,1200,4262198,1
369,1200,3826595,1
370,1200,5084308,0.99
371,1200,3821301,1
372,1200,3634524,1
373,1200,4159199,1
374,1200,4490673,1
375,1200,4209065,0.99
376,1200,4791891,1
377,1200,3533480,1
378,1200,3951001,1
379,1200,4111654,0.99
380,1200,4052990,0.99
381,1200,4645205,1
382,1200,4582240,1
383,1200,4030477,1
384,1200,3748361,1
385,1200,4276340,1
386,1200,3486970,1
387,1200,3724077,1
388,1200,4819244,1
389,1200,3409537,1
390,1200,4176395,1
391,1200,3605975,1
392,1200,3507500,1
393,1200,4001061,1
394,1200,3846862,1
395,1200,4467977,1
396,1200,4507894,1
397,1200,4437909,1
398,1200,2993484,1
399,1200,4716750,0.98
400,1200,4430611,1
401,1200,4123244,1
402,1200,4674437,1
403,1200,3775114,1
404,1200,4075745,1
405,1200,4004124,1
406,1200,4107486,1
407,1200,4628354,0.99
408,1200,2816481,1
409,1200,3079727,1
410,1200,4424091,1
411,1200,4624676,1
412,1200,4192427,1
413,1200,4084361,1
414,1200,2922778,1
415,1200,4226274,1
416,1200,3447796,1
417,1200,3474267,1
418,1200,3438450,1
419,1200,3680710,1
420,1200,3681782,1
421,1200,4164214,1
422,1200,2901386,1
423,1200,2253889,1
424,1200,4321469,0.98
425,1200,2258888,1
426,1200,4407815,1
427,1200,4130351,1
428,1200,4221758,1
429,1200,3831244,1
430,1200,2022352,1
431,1200,3431578,1
432,1200,4581481,1
433,1200,3035121,1
434,1200,2134667,1
435,1200,4213998,1
436,1200,2424239,1
437,1200,3950283,1
438,1200,4211851,1
439,1200,3790833,1
440,1200,4620849,0.98
441,1200,3004880,1
442,1200,3328985,1
443,1200,4394034,1
444,1200,4013756,1
445,1200,3063614,1
446,1200,3804455,1
447,1200,3261200,1
448,1200,4218005,1
449,1200,2991356,1
450,1200,4191201,1
451,1200,4576995,0.99
452,1200,4211549,1
453,1200,3358832,1
454,1200,4289555,1
455,1200,4013115,1
456,1200,3736779,1
457,1200,4387843,1
458,1200,2806187,1
459,1200,3953460,1
460,1200,4092732,1
461,1200,3950939,1
462,1200,3574253,1
463,1200,4183829,1
464,1200,2429135,1
465,1200,4235778,0.98
466,1200,4284781,1
467,1200,3214321,1
468,1200,3578189,1
469,1200,4252655,1
470,1200,3726151,1
471,1200,4156405,0.99
472,1200,4348547,1
473,1200,3591210,1
474,1200,4296760,1
475,1200,4467769,1
476,1200,4497377,1
477,1200,4280712,1
478,1200,4014683,1
479,1200,4384619,1
480,1200,3463824,1
481,1200,3808788,1
482,1200,3076387,1
483,1200,3742618,1
484,1200,1975239,1
485,1200,4301832,1
486,1200,3812326,1
487,1200,3800135,1
488,1200,3044684,1
489,1200,3832587,1
490,1200,4550664,0.98
491,1200,4068452,1
492,1200,2818210,1
493,1200,2279669,1
494,1200,3720450,0.99
495,1200,3612910,1
496,1200,4150768,1
497,1200,3545594,1
498,1200,3909961,1
499,1200,3614398,1
500,1200,3382462,1
501,1200,4427104,1
502,1200,3427137,1
503,1200,4380530,1
504,1200,3231384,1
505,1200,2930681,1
506,1200,4320434,1
507,1200,3056451,1
508,1200,3979640,0.99
509,1200,3536695,1
510,1200,3479223,1
511,1200,4066790,1
512,1200,3868121,1
513,1200,4179114,1
514,1200,4460240,0.99
515,1200,3686282,1
516,1200,2954705,1
517,1200,4308492,0.99
518,1200,4248788,1
519,1200,4126966,1
520,1200,2734718,1
521,1200,3840878,1
522,1200,3897955,1
523,1200,3897032,1
524,1200,4409457,0.96
525,1200,4201296,1
526,1200,3161959,1
527,1200,3827862,1
528,1200,4063609,1
529,1200,3704941,1
530,1200,3796207,1
531,1200,3471471,1
532,1200,4130653,1
533,1200,3567036,1
534,1200,2730507,1
535,1200,2537937,1
536,1200,3083319,1
537,1200,4097398,0.99
538,1200,4035454,0.99
539,1200,3749776,1
540,1200,3631736,1
541,1200,4277767,1
542,1200,3872218,1
543,1200,3164308,1
544,1200,3776525,1
545,1200,3124409,1
546,1200,3966432,1
547,1200,3557165,1
548,1200,3122917,1
549,1200,3851124,1
550,1200,4015132,1
551,1200,3306847,1
552,1200,4318876,1
553,1200,4237875,1
554,1200,2864146,1
555,1200,4028077,1
556,1200,4246571,1
557,1200,3748323,1
558,1200,4348020,1
559,1200,3473224,1
560,1200,3998851,1
561,1200,4112163,0.99
562,1200,3732003,1
563,1200,4127491,0.99
564,1200,2904786,1
565,1200,4291237,0.99
566,1200,3645886,1
567,1200,3811856,1
568,1200,3906816,1
569,1200,3126249,1
570,1200,4332993,1
571,1200,4165856,1
572,1200,3421165,1
573,1200,4274032,1
574,1200,3942114,0.99
575,1200,3979603,1
576,1200,3958781,1
577,1200,3483918,1
578,1200,3850633,1
579,1200,3936962,1
580,1200,3895270,1
581,1200,3873596,1
582,1200,4040099,0.99
583,1200,3892057,1
584,1200,3191208,1
585,1200,4032077,1
586,1200,4023290,0.99
587,1200,3658886,1
588,1200,3528225,1
589,1200,3546643,1
590,1200,4048106,1
591,1200,4061618,1
592,1200,3944579,0.99
593,1200,3228823,1
594,1200,3181255,1
595,1200,2081797,1
596,1200,3473472,1
597,1200,4250853,0.99
598,1200,3809495,1
599,1200,3028334,1
600,1200,4109043,1
601,1200,2386218,1
602,1200,3534520,1
603,1200,3613312,1
604,1200,3834759,1
605,1200,3436475,1
606,1200,4031198,1
607,1200,2176719,1
608,1200,3986754,1
609,1200,3846954,1
610,1200,4335511,0.99
611,1200,3478732,1
612,1200,4127728,1
613,1200,4108930,0.99
614,1200,4118561,1
615,1200,3819785,1
616,1200,4387292,0.99
617,1200,3149208,1
618,1200,4205484,0.99
619,1200,3473615,0.99
620,1200,3768569,1
621,1200,2593810,1
622,1200,4031285,1
623,1200,4261563,0.99
624,1200,3200279,1
625,1200,4231794,1
626,1200,3628249,1
627,1200,2624026,1
628,1200,3948549,1
629,1200,3227246,1
630,1200,4268027,0.98
631,1200,3849083,1
632,1200,3846793,1
633,1200,4170537,0.99
634,1200,3166391,1
635,1200,3833217,1
636,1200,3316609,1
637,1200,3048032,1
638,1200,7787626,1
639,1200,4726730,1
640,1200,3120572,1
641,1200,5193364,1
642,1200,5668742,0.99
643,1200,4910519,1
644,1200,3950465,1
645,1200,3640124,1
646,1200,1693341,1
647,1200,4591162,0.99
648,1200,2916929,1
649,1200,4796777,1
650,1200,4108906,1
651,1200,4586059,1
652,1200,3990119,1
653,1200,4300265,1
654,1200,4840816,0.99
655,1200,5483463,0.92
656,1200,5088551,1
657,1200,4546666,1
658,1200,4847253,1
659,1200,4256534,1
660,1200,3854831,1
661,1200,5199642,0.97
662,1200,3936287,1
663,1200,3793180,1
664,1200,4713838,0.99
665,1200,2617347,1
666,1200,3313833,1
667,1200,4090824,1
668,1200,1058346,1
669,1200,4671261,1
670,1200,4574330,1
671,1200,3622643,1
672,1200,4704957,1
673,1200,4439472,1
674,1200,4256078,1
675,1200,4682858,1
676,1200,4447542,1
677,1200,4805466,0.98
678,1200,2925003,1
679,1200,3571170,0.99
680,1200,3693467,1
681,1200,4342540,1
682,1200,3586688,0.97
683,1200,3897872,1
684,1200,4024060,1
685,1200,4061178,1
686,1200,3228478,0.97
687,1200,4119756,1
688,1200,4065976,1
689,1200,2868910,1
690,1200,4959137,0.98
691,1200,4410359,1
692,1200,4506604,1
693,1200,2757414,1
694,1200,3634369,1
695,1200,3098909,1
696,1200,4765011,0.98
697,1200,2849737,1
698,1200,4337611,1
699,1200,4366204,1
700,1200,4204129,1
701,1200,4390457,1
702,1200,4972310,0.97
703,1200,2857102,1
704,1200,4160606,1
705,1200,4478915,1
706,1200,4158969,1
707,1200,3018304,1
708,1200,3836994,1
709,1200,2934752,1
710,1200,4331545,1
711,1200,4074931,1
712,1200,3365239,1
713,1200,1836842,1
714,1200,4356248,1
715,1200,3891088,1
716,1200,3391616,1
717,1200,4635330,1
718,1200,4553500,1
719,1200,4408870,1
720,1200,3924297,1
721,1200,4501410,1
722,1200,4787008,1
723,1200,4268733,1
724,1200,3633345,1
725,1200,4553705,0.99
726,1200,4713904,1
727,1200,4095669,1
728,1200,4047078,1
729,1200,4391029,1
730,1200,3896337,1
731,1200,4019042,1
732,1200,4382343,1
733,1200,4592697,0.99
734,1200,2583633,1
735,1200,4153675,1
736,1200,3536421,1
737,1200,4642255,1
738,1200,2893403,1
739,1200,4498013,1
740,1200,2816398,1
741,1200,3819211,1
742,1200,4481220,0.98
743,1200,3967544,1
744,1200,3447800,1
745,1200,4588204,1
746,1200,3733684,1
747,1200,3777200,1
748,1200,4519670,1
749,1200,2298889,1
750,1200,2674439,1
751,1200,3826268,1
752,1200,1882607,1
753,1200,4431788,0.99
754,1200,4006106,1
755,1200,4491002,0.95
756,1200,3572011,1
757,1200,4115537,1
758,1200,2940005,1
759,1200,4434763,0.98
760,1200,3919862,1
761,1200,4347638,1
762,1200,4294914,1
763,1200,4250218,1
764,1200,4204366,1
765,1200,4360567,1
766,1200,4020429,1
767,1200,4197736,1
768,1200,3754955,1
769,1200,4215946,1
770,1200,3488008,1
771,1200,4476842,1
772,1200,4110544,0.99
773,1200,3862836,1
774,1200,4131954,0.98
775,1200,3536370,1
776,1200,3847885,1
777,1200,2731132,1
778,1200,3871995,1
779,1200,3300870,1
780,1200,4492796,0.99
781,1200,4556057,0.96
782,1200,4134982,1
783,1200,3614174,1
784,1200,2717659,1
785,1200,3036784,1
786,1200,3310469,1
787,1200,3930570,1
788,1200,3193914,0.99
789,1200,4325911,0.98
790,1200,3885398,1
791,1200,2786227,1
792,1200,3946221,1
793,1200,4261566,1
794,1200,4248236,1
795,1200,3887566,1
796,1200,4183475,1
797,1200,4318141,0.99
798,1200,4053534,1
799,1200,4074619,1
800,1200,3864990,1
801,1200,3933476,1
802,1200,3139238,1
803,1200,3825541,1
804,1200,3136439,1
805,1200,3783526,1
806,1200,4050676,0.98
807,1200,2730791,1
808,1200,3216506,1
809,1200,3385613,1
810,1200,4373769,1
811,1200,4169077,1
812,1200,3351982,1
813,1200,3900099,1
814,1200,4077280,1
815,1200,2824378,1
816,1200,3357053,1
817,1200,3658179,1
818,1200,4310030,0.99
819,1200,4078514,1
820,1200,3791880,1
821,1200,4436329,0.99
822,1200,3946539,1
823,1200,2880867,1
824,1200,4094102,1
825,1200,4495656,0.99
826,1200,3518026,1
827,1200,3899043,1
828,1200,3720190,1
829,1200,4037980,1
830,1200,3625666,1
831,1200,4425558,1
832,1200,4042466,1
833,1200,3983240,1
834,1200,4195129,1
835,1200,3130942,1
836,1200,3896073,1
837,1200,3126236,1
838,1200,4171784,0.99
839,1200,2152814,1
840,1200,2935140,1
841,1200,3960675,1
842,1200,3895065,1
843,1200,4242823,1
844,1200,3838851,1
845,1200,2891700,1
846,1200,1740665,1
847,1200,4344145,1
848,1200,3859924,1
849,1200,2277356,1
850,1200,1687868,1
851,1200,3957950,1
852,1200,3680762,1
853,1200,3680336,1
854,1200,3483112,1
855,1200,4252304,0.97
856,1200,4029573,1
857,1200,4237303,1
858,1200,3517025,1
859,1200,4434365,1
860,1200,4183704,0.99
861,1200,4162880,0.98
862,1200,3864471,1
863,1200,3665278,1
864,1200,3933640,1
865,1200,3458519,1
866,1200,4272742,0.99
867,1200,3935706,1
868,1200,3817667,1
869,1200,3800562,1
870,1200,3007623,1
871,1200,3864211,1
872,1200,4008390,1
873,1200,2884218,1
874,1200,4106560,1
875,1200,3342110,1
876,1200,3723608,1
877,1200,3709204,1
878,1200,3234135,1
879,1200,2981364,1
880,1200,3991881,1
881,1200,2947239,1
882,1200,3584710,1
883,1200,3061124,1
884,1200,2396154,1
885,1200,3858042,1
886,1200,3596331,1
887,1200,3854599,1
888,1200,3883216,1
889,1200,4235598,1
890,1200,2854360,1
891,1200,4323697,0.98
892,1200,3672581,1
893,1200,2730582,1
894,1200,3412657,1
895,1200,3644016,1
896,1200,2992816,1
897,1200,4060282,0.98
898,1200,3712573,1
899,1200,3243553,1
900,1200,3813705,1
901,1200,4232453,1
902,1200,3109910,1
903,1200,3804522,1
904,1200,3351191,1
905,1200,3559640,1
906,1200,4199666,0.99
907,1200,3320994,1
908,1200,3249734,1
909,1200,4014809,1
910,1200,4286661,0.9
911,1200,4599399,0.93
912,1200,3881343,1
913,1200,3690306,1
914,1200,3089768,1
915,1200,3375244,1
916,1200,3302523,1
917,1200,4286849,1
918,1200,4133481,1
919,1200,4059488,1
920,1200,3789746,1
921,1200,3966267,1
922,1200,2744100,1
923,1200,3179631,1
924,1200,3877718,1
925,1200,2315044,1
926,1200,3872719,1
927,1200,4406626,0.98
928,1200,3294863,1
929,1200,3596790,1
930,1200,3829472,0.99
931,1200,3421508,1
932,1200,3629932,1
933,1200,4119627,1
934,1200,4151167,1
935,1200,4189517,0.99
936,1200,3135321,1
937,1200,4250249,1
938,1200,3659559,1
939,1200,4100922,0.99
940,1200,4116834,1
941,1200,3763398,1
942,1200,4189162,1
943,1200,3063346,1
944,1200,3870593,1
945,1200,4309266,0.97
946,1200,3084661,1
947,1200,3741202,1
948,1200,4249440,1
949,1200,3807664,1
950,1200,2989769,1
951,1200,4271154,1
952,1200,7731317,1
953,1200,4282781,1
954,1200,4485810,1
955,1200,3902376,1
956,1200,4487299,1
957,1200,4111467,1
958,1200,4873204,1
959,1200,5114049,1
960,1200,4577558,1
961,1200,4790478,0.99
962,1200,4946628,1
963,1200,4884256,1
964,1200,5061323,1
965,1200,3828444,1
966,1200,4646838,1
967,1200,4571203,1
968,1200,4235516,1
969,1200,4797786,0.99
970,1200,4990644,0.99
971,1200,4642000,0.99
972,1200,3143470,1
973,1200,4237244,1
974,1200,4660976,1
975,1200,4494547,1
976,1200,3333506,1
977,1200,4308224,1
978,1200,4947175,1
979,1200,4354798,1
980,1200,4748682,0.99
981,1200,4910165,1
982,1200,2604816,1
983,1200,4209596,1
984,1200,2646746,1
985,1200,4586903,1
986,1200,4866972,0.99
987,1200,3861294,1
988,1200,4603934,1
989,1200,3737598,1
990,1200,4763176,1
991,1200,4395030,1
992,1200,4308394,1
993,1200,4660112,1
994,1200,4328597,1
995,1200,4603863,0.99
996,1200,4685913,1
997,1200,4803437,1
998,1200,4476010,1
999,1200,4746180,0.99
