QueryID,EF,Latency(ns),Recall
0,100,478281,0.85
1,100,536662,0.8
2,100,496743,0.88
3,100,501653,0.8
4,100,498279,0.92
5,100,565255,0.85
6,100,584620,0.8
7,100,459469,0.95
8,100,490627,0.96
9,100,537705,0.72
10,100,442631,0.91
11,100,464858,0.53
12,100,489830,0.78
13,100,489158,0.98
14,100,478052,0.98
15,100,548815,0.78
16,100,362993,0.99
17,100,490942,0.95
18,100,455169,0.99
19,100,622273,0.53
20,100,473615,0.95
21,100,376832,0.89
22,100,489286,0.95
23,100,447540,1
24,100,562286,0.86
25,100,555513,0.8
26,100,420210,0.93
27,100,506351,0.96
28,100,549946,0.73
29,100,482441,0.92
30,100,546877,0.97
31,100,530002,0.57
32,100,450881,0.95
33,100,452836,0.97
34,100,474453,0.97
35,100,423770,0.99
36,100,510007,0.68
37,100,462181,0.96
38,100,573548,0.95
39,100,384706,1
40,100,449128,0.99
41,100,419025,0.99
42,100,411906,1
43,100,433340,0.97
44,100,542288,0.91
45,100,535268,0.95
46,100,399791,0.98
47,100,515598,0.85
48,100,354682,1
49,100,388218,0.92
50,100,444726,0.98
51,100,508050,0.83
52,100,556665,0.92
53,100,578576,0.8
54,100,641207,0.94
55,100,518332,0.95
56,100,604091,0.66
57,100,359342,1
58,100,476660,0.89
59,100,433131,0.97
60,100,492861,0.93
61,100,424938,0.95
62,100,502016,0.89
63,100,509502,0.87
64,100,589462,0.39
65,100,465790,0.91
66,100,474857,1
67,100,552702,0.85
68,100,515539,0.84
69,100,540804,0.96
70,100,844176,0.72
71,100,399040,0.93
72,100,506863,0.88
73,100,459456,0.99
74,100,450310,0.8
75,100,416936,0.99
76,100,615631,0.87
77,100,389755,0.98
78,100,491996,0.95
79,100,467373,0.92
80,100,468548,0.69
81,100,452303,0.98
82,100,488083,0.97
83,100,544556,0.84
84,100,553108,0.86
85,100,465766,0.99
86,100,413782,0.96
87,100,573047,0.78
88,100,511591,0.85
89,100,366957,0.68
90,100,457194,0.98
91,100,498625,0.87
92,100,503064,0.95
93,100,365403,1
94,100,327584,1
95,100,575298,0.87
96,100,466056,0.88
97,100,445681,0.96
98,100,495568,0.89
99,100,421208,0.96
100,100,413117,1
101,100,523668,0.88
102,100,399223,0.98
103,100,510486,0.79
104,100,491006,0.89
105,100,472805,0.91
106,100,506487,0.99
107,100,406373,0.98
108,100,467301,0.97
109,100,503971,0.91
110,100,495753,0.88
111,100,425994,0.83
112,100,453481,0.88
113,100,518148,0.96
114,100,539977,0.76
115,100,742686,0.9
116,100,453069,0.83
117,100,517055,0.97
118,100,628522,0.6
119,100,344686,0.89
120,100,570566,0.97
121,100,438668,0.98
122,100,431319,0.8
123,100,446779,0.98
124,100,458041,0.95
125,100,530882,0.96
126,100,494949,0.71
127,100,435819,0.98
128,100,359057,0.87
129,100,512983,0.88
130,100,519090,0.99
131,100,501242,0.7
132,100,371572,0.99
133,100,379340,1
134,100,422245,0.99
135,100,478007,0.95
136,100,417953,0.95
137,100,345245,0.74
138,100,442559,1
139,100,513343,0.96
140,100,550333,0.65
141,100,464287,0.95
142,100,518747,0.66
143,100,372701,1
144,100,423653,0.97
145,100,367697,1
146,100,515266,0.92
147,100,496455,0.84
148,100,501328,0.52
149,100,443969,0.97
150,100,531934,0.85
151,100,369169,0.66
152,100,462499,0.95
153,100,477227,0.95
154,100,399785,0.97
155,100,543086,0.94
156,100,447207,0.94
157,100,491415,0.81
158,100,414099,1
159,100,547193,0.85
160,100,472936,0.89
161,100,559516,0.89
162,100,493582,0.83
163,100,555213,0.92
164,100,473750,0.96
165,100,470165,0.96
166,100,446206,0.89
167,100,428427,0.98
168,100,532248,0.87
169,100,379692,0.98
170,100,542278,0.88
171,100,453108,1
172,100,488348,0.82
173,100,557064,0.93
174,100,498887,0.84
175,100,507776,0.88
176,100,476553,0.89
177,100,570695,0.5
178,100,504277,0.77
179,100,523994,0.82
180,100,590979,0.55
181,100,476077,0.94
182,100,515789,0.91
183,100,491825,0.78
184,100,435557,0.99
185,100,529744,0.87
186,100,347410,0.99
187,100,286983,0.99
188,100,411184,0.99
189,100,474546,0.95
190,100,484398,0.92
191,100,509541,0.83
192,100,478097,0.98
193,100,476728,0.97
194,100,375870,0.89
195,100,554403,0.6
196,100,331600,0.99
197,100,392288,0.9
198,100,336244,1
199,100,423288,0.98
200,100,416818,1
201,100,402033,1
202,100,412719,0.95
203,100,412513,0.98
204,100,445058,0.98
205,100,402665,1
206,100,486116,0.8
207,100,514771,0.96
208,100,589943,0.53
209,100,366833,1
210,100,366003,0.98
211,100,442669,0.99
212,100,445569,0.99
213,100,531773,0.75
214,100,434335,0.97
215,100,491372,0.94
216,100,383516,0.79
217,100,502348,0.81
218,100,422364,0.99
219,100,379467,0.8
220,100,612633,0.74
221,100,488772,0.94
222,100,494396,0.99
223,100,341288,0.96
224,100,533896,0.7
225,100,554211,0.87
226,100,466667,1
227,100,569299,0.92
228,100,595831,0.68
229,100,568475,0.53
230,100,547052,0.82
231,100,485029,0.92
232,100,518863,0.94
233,100,392551,1
234,100,569020,0.54
235,100,504591,0.85
236,100,566270,0.93
237,100,443981,0.99
238,100,517217,0.91
239,100,541226,0.87
240,100,378878,0.99
241,100,456116,0.94
242,100,466044,0.97
243,100,529558,0.99
244,100,560036,0.85
245,100,576676,0.48
246,100,413039,1
247,100,497300,0.95
248,100,456577,0.95
249,100,327946,0.99
250,100,352310,0.98
251,100,374453,0.61
252,100,422864,0.95
253,100,415733,1
254,100,530984,0.87
255,100,438782,0.77
256,100,442279,1
257,100,457171,0.96
258,100,623851,0.84
259,100,396896,0.98
260,100,500140,0.94
261,100,409893,0.94
262,100,258631,1
263,100,510827,0.94
264,100,431628,1
265,100,514223,0.67
266,100,587781,0.7
267,100,460407,0.85
268,100,481442,0.94
269,100,555885,0.85
270,100,424998,0.98
271,100,543345,0.87
272,100,429255,0.89
273,100,461852,0.88
274,100,402753,1
275,100,537865,0.56
276,100,472502,0.89
277,100,409874,0.99
278,100,425047,0.98
279,100,572566,0.78
280,100,543888,0.83
281,100,529904,0.94
282,100,495117,0.96
283,100,474455,0.96
284,100,552427,0.9
285,100,417525,0.81
286,100,527696,0.85
287,100,572887,0.76
288,100,523683,0.9
289,100,465713,0.95
290,100,296704,0.91
291,100,549518,0.64
292,100,470004,0.95
293,100,420479,0.97
294,100,452014,0.94
295,100,445478,0.99
296,100,366322,1
297,100,410219,0.85
298,100,377494,0.77
299,100,439819,0.99
300,100,444333,0.99
301,100,494433,0.94
302,100,493333,0.97
303,100,379217,1
304,100,538793,0.95
305,100,377574,1
306,100,517328,0.67
307,100,439740,0.97
308,100,497626,0.95
309,100,503098,0.97
310,100,555517,0.66
311,100,495200,0.94
312,100,478832,0.92
313,100,553778,0.56
314,100,497228,0.94
315,100,429020,0.89
316,100,516923,0.96
317,100,390779,0.97
318,100,355674,0.98
319,100,348256,1
320,100,467617,0.99
321,100,436254,1
322,100,400285,0.96
323,100,484532,0.96
324,100,549552,0.72
325,100,381882,0.99
326,100,460264,0.96
327,100,390019,0.97
328,100,502635,0.98
329,100,566322,0.55
330,100,419220,0.95
331,100,391456,0.93
332,100,505994,0.83
333,100,457728,0.99
334,100,463457,0.95
335,100,519836,0.95
336,100,409374,0.82
337,100,544189,0.64
338,100,404223,0.98
339,100,530712,0.95
340,100,453963,0.93
341,100,428086,0.94
342,100,578518,0.67
343,100,499399,0.89
344,100,521943,0.98
345,100,573832,0.48
346,100,512395,0.77
347,100,506268,0.68
348,100,563087,0.69
349,100,338199,0.98
350,100,542548,0.74
351,100,397282,0.97
352,100,514087,0.87
353,100,379188,1
354,100,462965,0.98
355,100,482722,0.95
356,100,346229,0.99
357,100,458771,0.97
358,100,489614,0.99
359,100,507334,0.93
360,100,343770,1
361,100,527440,0.92
362,100,359367,0.98
363,100,463991,0.99
364,100,506834,0.91
365,100,510956,0.96
366,100,494232,0.83
367,100,488755,0.96
368,100,435265,0.89
369,100,441445,0.98
370,100,474227,0.66
371,100,593246,0.73
372,100,460926,0.82
373,100,521988,0.89
374,100,459531,0.97
375,100,474308,1
376,100,464377,0.97
377,100,546407,0.72
378,100,591068,0.5
379,100,385477,0.98
380,100,553039,0.67
381,100,407105,0.99
382,100,339393,0.85
383,100,363097,0.9
384,100,484760,1
385,100,384126,1
386,100,535541,0.84
387,100,574195,0.67
388,100,542904,0.74
389,100,491587,0.89
390,100,337566,1
391,100,507092,0.85
392,100,502505,0.83
393,100,492272,0.8
394,100,401378,1
395,100,573278,0.89
396,100,524153,0.9
397,100,528839,0.72
398,100,492409,0.95
399,100,472855,0.63
400,100,479715,0.99
401,100,480323,0.92
402,100,460193,0.94
403,100,460864,0.99
404,100,412450,1
405,100,637417,0.5
406,100,525814,0.79
407,100,535142,0.97
408,100,448533,1
409,100,459490,1
410,100,365616,1
411,100,446346,1
412,100,462811,0.96
413,100,472599,0.95
414,100,455639,1
415,100,301568,1
416,100,380553,0.98
417,100,496924,0.96
418,100,425479,0.59
419,100,529868,0.86
420,100,562143,0.93
421,100,439647,0.94
422,100,398566,0.97
423,100,388875,0.94
424,100,439652,0.95
425,100,444237,0.96
426,100,501670,0.65
427,100,513036,0.79
428,100,318997,0.98
429,100,486804,0.97
430,100,456239,0.94
431,100,429321,0.96
432,100,487797,0.93
433,100,346039,1
434,100,398210,0.97
435,100,485502,0.94
436,100,430549,0.92
437,100,444547,0.96
438,100,476567,0.96
439,100,536004,0.67
440,100,459833,0.98
441,100,495702,0.67
442,100,520127,0.73
443,100,493230,0.9
444,100,439036,0.91
445,100,409294,0.86
446,100,499795,0.93
447,100,566153,0.69
448,100,421692,0.98
449,100,514611,0.95
450,100,530772,0.65
451,100,550096,0.77
452,100,731313,0.27
453,100,506886,0.82
454,100,450238,0.96
455,100,409635,0.95
456,100,449391,0.99
457,100,490590,0.74
458,100,502466,0.93
459,100,493427,0.96
460,100,505220,0.72
461,100,499284,0.9
462,100,482629,0.96
463,100,499786,0.93
464,100,440137,0.96
465,100,509357,0.93
466,100,426078,0.98
467,100,380252,1
468,100,507029,0.91
469,100,501707,0.92
470,100,480833,0.92
471,100,481729,0.82
472,100,471008,0.48
473,100,551111,0.63
474,100,447438,0.97
475,100,582201,0.43
476,100,419398,0.98
477,100,457617,0.97
478,100,442295,0.97
479,100,545119,0.67
480,100,446029,0.93
481,100,466168,0.95
482,100,405173,0.98
483,100,458433,0.89
484,100,406121,0.99
485,100,366960,0.95
486,100,546186,0.78
487,100,510621,0.88
488,100,502984,0.72
489,100,419059,0.78
490,100,404240,0.96
491,100,373972,1
492,100,367283,1
493,100,419440,0.91
494,100,542808,0.8
495,100,565669,0.8
496,100,489420,0.91
497,100,481202,0.9
498,100,570081,0.81
499,100,458782,0.95
500,100,374459,0.88
501,100,558303,0.64
502,100,374211,0.97
503,100,476935,0.98
504,100,594099,0.67
505,100,479868,0.89
506,100,460269,0.97
507,100,499409,0.46
508,100,522688,0.85
509,100,497004,0.54
510,100,509296,0.89
511,100,508907,0.86
512,100,390202,0.97
513,100,486747,0.94
514,100,403621,0.77
515,100,567938,0.77
516,100,443369,0.98
517,100,459176,0.63
518,100,386772,0.96
519,100,516268,0.85
520,100,530035,0.87
521,100,426187,1
522,100,520377,0.94
523,100,359456,0.99
524,100,479470,0.97
525,100,430608,0.89
526,100,450005,0.97
527,100,553737,0.78
528,100,417446,0.99
529,100,423721,0.97
530,100,495696,0.68
531,100,599224,0.53
532,100,480496,0.91
533,100,518367,0.89
534,100,513272,0.76
535,100,550756,0.86
536,100,528315,0.82
537,100,531253,0.89
538,100,420322,0.89
539,100,585800,0.75
540,100,528229,0.79
541,100,452422,0.92
542,100,361150,0.99
543,100,427243,1
544,100,547233,0.85
545,100,537782,0.88
546,100,255901,1
547,100,514136,0.85
548,100,458536,0.82
549,100,427478,0.94
550,100,301583,0.93
551,100,319744,0.98
552,100,431063,0.95
553,100,543716,0.72
554,100,433099,0.96
555,100,485564,0.88
556,100,537783,0.76
557,100,510190,0.89
558,100,353111,0.97
559,100,550010,0.91
560,100,517700,0.92
561,100,578617,0.88
562,100,517886,0.72
563,100,474481,0.9
564,100,450877,0.94
565,100,471332,0.64
566,100,491165,0.78
567,100,499432,0.79
568,100,464488,0.97
569,100,532305,0.8
570,100,436624,0.94
571,100,430539,0.98
572,100,443003,0.92
573,100,472874,0.93
574,100,477862,0.88
575,100,269664,1
576,100,599820,0.69
577,100,548612,0.84
578,100,480149,0.87
579,100,536112,0.35
580,100,523264,0.61
581,100,560331,0.74
582,100,420687,0.91
583,100,505261,0.92
584,100,405177,0.95
585,100,485361,0.7
586,100,489860,0.94
587,100,445244,0.74
588,100,416160,1
589,100,454855,0.89
590,100,464549,0.88
591,100,441901,0.88
592,100,551110,0.81
593,100,434899,0.86
594,100,532527,0.86
595,100,355009,0.99
596,100,595646,0.75
597,100,422032,0.93
598,100,496317,0.79
599,100,480646,0.85
600,100,597019,0.63
601,100,511399,0.66
602,100,557821,0.7
603,100,494658,0.87
604,100,474884,0.93
605,100,447630,0.9
606,100,477100,0.97
607,100,496691,0.72
608,100,447376,0.88
609,100,399142,0.92
610,100,464809,0.89
611,100,506498,0.9
612,100,442595,0.95
613,100,437671,0.97
614,100,539024,0.77
615,100,483508,0.75
616,100,519771,0.8
617,100,485332,0.97
618,100,508348,0.78
619,100,499027,0.68
620,100,441421,0.97
621,100,435931,0.94
622,100,431363,0.58
623,100,496760,0.9
624,100,498499,0.87
625,100,366611,1
626,100,545715,0.72
627,100,389727,0.98
628,100,461516,0.9
629,100,442253,0.93
630,100,791908,0.85
631,100,578963,0.83
632,100,393715,0.98
633,100,476457,0.8
634,100,345334,0.99
635,100,491854,0.86
636,100,523147,0.69
637,100,527127,0.98
638,100,539627,0.71
639,100,467560,0.74
640,100,438102,0.86
641,100,558951,0.76
642,100,412228,0.94
643,100,416232,0.84
644,100,430139,0.96
645,100,464276,0.89
646,100,571944,0.89
647,100,468187,0.94
648,100,423761,0.94
649,100,464037,0.95
650,100,486407,0.89
651,100,498853,0.83
652,100,432732,0.99
653,100,356268,0.99
654,100,521806,0.7
655,100,520384,0.8
656,100,504942,0.66
657,100,317473,1
658,100,530656,0.84
659,100,616760,0.77
660,100,464324,0.87
661,100,485784,0.85
662,100,524283,0.72
663,100,522549,0.75
664,100,498197,0.62
665,100,464859,0.97
666,100,495660,0.91
667,100,528340,0.88
668,100,495457,0.8
669,100,417174,1
670,100,517907,0.56
671,100,497788,0.94
672,100,613094,0.58
673,100,491670,0.7
674,100,555198,0.44
675,100,561918,0.57
676,100,461439,0.82
677,100,470342,0.47
678,100,357300,0.98
679,100,489586,0.77
680,100,482311,0.81
681,100,371789,0.91
682,100,378927,0.94
683,100,426732,0.99
684,100,498304,0.83
685,100,308519,0.96
686,100,486319,0.93
687,100,418065,0.56
688,100,476337,0.95
689,100,480304,0.99
690,100,530838,0.76
691,100,427882,0.75
692,100,346525,1
693,100,521278,0.89
694,100,549440,0.74
695,100,269521,1
696,100,538108,0.71
697,100,481985,0.92
698,100,513507,0.95
699,100,475274,0.94
700,100,670005,0.5
701,100,435221,0.97
702,100,513659,0.88
703,100,535402,0.95
704,100,490182,0.92
705,100,565008,0.81
706,100,536515,0.56
707,100,395612,0.44
708,100,421618,0.99
709,100,479637,0.86
710,100,478061,0.55
711,100,407665,0.73
712,100,521375,0.86
713,100,370556,0.96
714,100,424584,0.9
715,100,501675,0.85
716,100,480447,0.98
717,100,396440,0.84
718,100,523614,0.7
719,100,313635,0.98
720,100,473686,0.96
721,100,413946,1
722,100,473744,0.31
723,100,419917,0.97
724,100,351488,0.89
725,100,461995,0.82
726,100,519280,0.99
727,100,627016,0.78
728,100,439798,0.96
729,100,548332,0.87
730,100,473810,0.99
731,100,452044,1
732,100,421642,0.96
733,100,388087,0.88
734,100,585996,0.58
735,100,544660,0.95
736,100,318342,1
737,100,487186,0.91
738,100,493547,0.63
739,100,582833,0.76
740,100,412837,0.94
741,100,459456,0.94
742,100,459634,0.76
743,100,490921,0.9
744,100,503053,0.85
745,100,371920,0.92
746,100,518526,0.93
747,100,502611,0.91
748,100,362126,0.84
749,100,380514,1
750,100,478091,0.88
751,100,479270,1
752,100,425740,0.82
753,100,512425,0.95
754,100,482711,0.76
755,100,419455,0.98
756,100,567492,0.78
757,100,477034,0.96
758,100,421751,0.94
759,100,485027,0.88
760,100,443139,0.98
761,100,484847,0.65
762,100,431901,0.87
763,100,524525,0.91
764,100,483272,0.9
765,100,525245,0.86
766,100,465121,0.9
767,100,524754,0.68
768,100,396992,0.91
769,100,543849,0.69
770,100,347972,0.95
771,100,440947,0.96
772,100,562749,0.72
773,100,442853,1
774,100,546804,0.59
775,100,438214,0.79
776,100,532636,0.82
777,100,447236,0.81
778,100,513175,0.87
779,100,402115,1
780,100,396437,0.99
781,100,498448,0.91
782,100,539579,0.75
783,100,424837,0.9
784,100,384220,0.98
785,100,392231,0.99
786,100,478675,0.87
787,100,509365,0.91
788,100,570022,0.83
789,100,482239,0.96
790,100,410286,0.97
791,100,571276,0.7
792,100,460016,0.94
793,100,498287,0.97
794,100,440911,0.83
795,100,520055,0.82
796,100,538539,0.81
797,100,589334,0.79
798,100,441505,0.98
799,100,450536,0.93
800,100,471233,1
801,100,502400,0.88
802,100,493202,0.91
803,100,484380,0.88
804,100,513205,0.88
805,100,343833,1
806,100,380172,0.92
807,100,544338,0.99
808,100,426930,0.97
809,100,286997,1
810,100,404433,0.8
811,100,379932,0.54
812,100,413998,0.73
813,100,409271,0.95
814,100,419891,1
815,100,550734,0.7
816,100,470644,0.83
817,100,390798,0.91
818,100,356873,1
819,100,472737,0.96
820,100,543437,0.91
821,100,407764,0.93
822,100,566127,0.77
823,100,544340,0.86
824,100,461233,0.96
825,100,401391,0.98
826,100,444294,0.94
827,100,528551,0.68
828,100,465670,0.94
829,100,495175,0.93
830,100,404695,0.94
831,100,537651,0.69
832,100,374060,0.79
833,100,567220,0.65
834,100,473823,0.92
835,100,490548,0.33
836,100,383100,0.63
837,100,513830,0.95
838,100,507246,0.88
839,100,435674,0.81
840,100,466108,0.39
841,100,490816,0.76
842,100,415163,0.96
843,100,449731,0.98
844,100,505202,0.82
845,100,539860,0.7
846,100,498943,0.71
847,100,472146,0.95
848,100,459967,0.81
849,100,416754,1
850,100,515839,0.75
851,100,421580,0.95
852,100,334764,0.98
853,100,517808,0.8
854,100,287538,0.76
855,100,427654,0.81
856,100,526961,0.93
857,100,356315,1
858,100,497388,0.63
859,100,553610,0.91
860,100,511279,0.93
861,100,459938,0.91
862,100,368943,0.48
863,100,421065,0.91
864,100,359205,0.61
865,100,562992,0.47
866,100,442859,0.92
867,100,440677,0.84
868,100,615967,0.75
869,100,423880,0.82
870,100,308521,0.77
871,100,486111,0.95
872,100,475316,0.5
873,100,443721,0.93
874,100,501625,0.34
875,100,506057,0.9
876,100,504705,0.86
877,100,517352,0.92
878,100,371934,0.81
879,100,510580,0.85
880,100,404939,0.85
881,100,430295,1
882,100,570875,0.82
883,100,481916,0.63
884,100,482879,0.98
885,100,569070,0.66
886,100,418240,0.89
887,100,336504,0.48
888,100,500510,0.57
889,100,522032,0.85
890,100,452520,0.91
891,100,463731,0.96
892,100,433395,0.53
893,100,475746,0.84
894,100,368056,0.78
895,100,372299,0.96
896,100,403829,0.91
897,100,495828,0.79
898,100,447244,0.99
899,100,478467,0.92
900,100,400404,0.84
901,100,399088,0.98
902,100,450663,0.97
903,100,445221,0.98
904,100,543084,0.93
905,100,477392,0.86
906,100,449328,0.83
907,100,550758,0.55
908,100,449322,0.87
909,100,500853,0.9
910,100,512608,0.83
911,100,468253,0.96
912,100,492046,0.89
913,100,593263,0.8
914,100,509529,0.81
915,100,480232,0.99
916,100,415823,0.99
917,100,460022,0.66
918,100,491841,0.75
919,100,453824,0.86
920,100,462972,0.8
921,100,391621,0.98
922,100,542420,0.83
923,100,306414,0.48
924,100,473187,0.97
925,100,509717,0.86
926,100,485329,0.8
927,100,494692,0.92
928,100,485274,0.96
929,100,390058,0.96
930,100,363766,0.99
931,100,476229,0.85
932,100,358250,1
933,100,493742,0.84
934,100,523609,0.78
935,100,494327,0.92
936,100,490281,0.72
937,100,489925,0.96
938,100,473532,0.94
939,100,506635,0.85
940,100,481025,0.78
941,100,405001,0.96
942,100,536486,0.86
943,100,475622,0.89
944,100,454328,0.77
945,100,533633,0.75
946,100,445818,0.88
947,100,542939,0.86
948,100,431664,0.94
949,100,432447,0.83
950,100,403080,1
951,100,546729,0.67
952,100,370295,0.68
953,100,508387,0.77
954,100,535770,0.79
955,100,498485,0.73
956,100,544076,0.83
957,100,431131,0.97
958,100,545226,0.73
959,100,291288,0.97
960,100,464684,0.69
961,100,456314,0.94
962,100,537414,1
963,100,464766,0.96
964,100,489381,0.93
965,100,458637,0.89
966,100,464716,0.59
967,100,531774,0.87
968,100,503163,0.82
969,100,523273,0.51
970,100,430127,1
971,100,407373,0.98
972,100,406359,0.98
973,100,519504,0.71
974,100,488147,0.8
975,100,502425,0.76
976,100,424636,0.85
977,100,455567,0.95
978,100,476320,0.86
979,100,517248,0.89
980,100,532210,0.72
981,100,494101,0.79
982,100,463170,0.98
983,100,482894,0.68
984,100,399078,1
985,100,336392,0.73
986,100,522066,0.87
987,100,465780,0.83
988,100,365901,0.78
989,100,395822,0.98
990,100,462136,0.84
991,100,523374,0.69
992,100,356981,0.86
993,100,397997,0.92
994,100,533574,0.67
995,100,415339,0.98
996,100,458205,0.87
997,100,408279,0.68
998,100,477666,0.92
999,100,381608,0.88
0,200,793394,0.94
1,200,965734,0.91
2,200,888862,0.94
3,200,945608,0.89
4,200,936910,0.97
5,200,1071917,0.94
6,200,1026151,0.89
7,200,814524,0.96
8,200,882988,1
9,200,962075,0.9
10,200,865927,0.94
11,200,949563,0.76
12,200,968279,0.93
13,200,891502,1
14,200,866774,0.99
15,200,976965,0.85
16,200,674784,1
17,200,950803,0.99
18,200,841759,1
19,200,1122301,0.62
20,200,856806,0.98
21,200,685407,0.96
22,200,872285,0.99
23,200,771013,1
24,200,989196,0.92
25,200,1038320,0.92
26,200,728986,0.97
27,200,939248,1
28,200,1018700,0.88
29,200,900470,0.97
30,200,972572,0.98
31,200,989268,0.68
32,200,774003,0.99
33,200,860739,1
34,200,830270,1
35,200,741798,1
36,200,963089,0.8
37,200,814470,0.99
38,200,968463,0.97
39,200,654342,1
40,200,806415,1
41,200,707511,1
42,200,730189,1
43,200,796756,1
44,200,1008069,0.95
45,200,869717,1
46,200,715849,0.99
47,200,926785,0.93
48,200,629072,1
49,200,697245,0.99
50,200,793490,1
51,200,957699,0.92
52,200,954259,0.98
53,200,1032594,0.88
54,200,1112727,0.97
55,200,924259,0.99
56,200,1029638,0.8
57,200,578463,1
58,200,843575,0.99
59,200,763498,1
60,200,921650,0.98
61,200,783310,0.97
62,200,926873,0.96
63,200,890929,0.93
64,200,1070811,0.55
65,200,875741,0.94
66,200,822226,1
67,200,945140,0.89
68,200,954778,0.91
69,200,918262,0.98
70,200,1109392,0.79
71,200,797885,0.98
72,200,964118,0.94
73,200,829438,1
74,200,760708,0.92
75,200,775827,1
76,200,1042693,0.97
77,200,641121,1
78,200,825107,0.99
79,200,858990,0.96
80,200,919329,0.82
81,200,805066,0.99
82,200,837675,0.99
83,200,992549,0.94
84,200,945913,0.95
85,200,827037,1
86,200,633545,0.98
87,200,1034478,0.93
88,200,926684,0.93
89,200,608961,0.78
90,200,806392,1
91,200,846958,0.96
92,200,941728,0.99
93,200,601523,1
94,200,549860,1
95,200,978491,0.87
96,200,878066,0.95
97,200,860110,1
98,200,874665,0.96
99,200,823861,1
100,200,777570,1
101,200,1004323,0.95
102,200,787227,1
103,200,957491,0.93
104,200,863302,0.98
105,200,910524,0.98
106,200,801801,1
107,200,749489,0.99
108,200,811520,0.98
109,200,940846,0.95
110,200,911690,0.98
111,200,711874,0.93
112,200,810313,0.97
113,200,916184,0.98
114,200,1015901,0.9
115,200,944728,0.93
116,200,808167,0.94
117,200,910863,0.99
118,200,1058643,0.71
119,200,664429,0.96
120,200,1022002,1
121,200,816291,0.99
122,200,804719,0.91
123,200,767916,0.99
124,200,823931,1
125,200,957609,1
126,200,981556,0.82
127,200,751902,0.99
128,200,664147,0.95
129,200,939633,0.95
130,200,877956,1
131,200,930178,0.79
132,200,649084,1
133,200,671393,1
134,200,724022,1
135,200,865123,1
136,200,695664,1
137,200,602336,0.81
138,200,784053,1
139,200,868817,0.98
140,200,1024223,0.83
141,200,736435,0.99
142,200,906891,0.79
143,200,655305,1
144,200,734590,1
145,200,585742,1
146,200,940168,0.97
147,200,923406,0.94
148,200,965882,0.66
149,200,801835,1
150,200,928479,0.95
151,200,728201,0.78
152,200,871524,0.98
153,200,830811,1
154,200,739459,0.98
155,200,965227,0.96
156,200,861845,0.96
157,200,963794,0.93
158,200,706842,1
159,200,997821,0.97
160,200,783082,0.97
161,200,965636,0.98
162,200,925895,0.92
163,200,980341,0.98
164,200,875296,0.99
165,200,884737,0.99
166,200,826903,0.97
167,200,757492,1
168,200,989469,0.94
169,200,622918,0.98
170,200,992263,0.95
171,200,760617,1
172,200,904889,0.87
173,200,958584,0.97
174,200,890428,0.93
175,200,931169,0.96
176,200,868611,0.95
177,200,1066713,0.88
178,200,879102,0.89
179,200,940170,0.96
180,200,1097758,0.73
181,200,880091,0.98
182,200,917186,0.97
183,200,893882,0.89
184,200,792101,1
185,200,925349,0.95
186,200,590646,1
187,200,439106,1
188,200,740914,0.99
189,200,917188,0.99
190,200,838057,0.97
191,200,904343,0.94
192,200,841295,1
193,200,752019,1
194,200,671665,0.99
195,200,1026196,0.72
196,200,510417,1
197,200,765354,0.95
198,200,563333,1
199,200,785105,0.98
200,200,693879,1
201,200,705288,1
202,200,688028,0.99
203,200,710578,1
204,200,759370,0.99
205,200,705314,1
206,200,858976,0.84
207,200,911926,0.99
208,200,1074319,0.75
209,200,644076,1
210,200,626804,1
211,200,760470,1
212,200,796644,1
213,200,1032358,0.9
214,200,819134,0.98
215,200,896640,0.99
216,200,652732,0.89
217,200,970396,0.92
218,200,749415,1
219,200,703522,0.93
220,200,1122508,0.86
221,200,881578,1
222,200,869033,1
223,200,638661,0.98
224,200,1013273,0.8
225,200,915569,0.96
226,200,799807,1
227,200,1041089,1
228,200,1100856,0.8
229,200,1070710,0.71
230,200,974548,0.9
231,200,893846,1
232,200,870246,0.97
233,200,710587,1
234,200,1047259,0.7
235,200,981286,0.93
236,200,936786,0.99
237,200,756021,1
238,200,904755,0.98
239,200,998556,0.96
240,200,636655,1
241,200,838006,1
242,200,797211,1
243,200,924546,0.99
244,200,987019,0.9
245,200,1043415,0.67
246,200,710906,1
247,200,862487,0.99
248,200,868140,0.97
249,200,566972,1
250,200,572554,1
251,200,617818,0.73
252,200,841548,0.98
253,200,696498,1
254,200,949558,0.95
255,200,788298,0.9
256,200,762917,1
257,200,827938,1
258,200,1023297,0.93
259,200,674571,1
260,200,910981,0.96
261,200,730174,1
262,200,455439,1
263,200,919873,0.98
264,200,798559,1
265,200,934977,0.81
266,200,1081120,0.87
267,200,870422,0.9
268,200,799287,0.98
269,200,1023950,0.97
270,200,739329,0.99
271,200,998777,0.94
272,200,789561,0.93
273,200,877183,0.95
274,200,717285,1
275,200,985784,0.63
276,200,863204,0.97
277,200,683408,1
278,200,720608,1
279,200,1019815,0.89
280,200,968322,0.97
281,200,841447,0.99
282,200,873732,0.98
283,200,884359,1
284,200,967587,0.95
285,200,676523,0.9
286,200,924801,0.91
287,200,1061636,0.92
288,200,945014,0.94
289,200,848761,0.99
290,200,621138,0.96
291,200,1051768,0.78
292,200,821649,1
293,200,776533,1
294,200,808293,0.98
295,200,751999,1
296,200,614499,1
297,200,724454,0.93
298,200,720931,0.88
299,200,783171,1
300,200,711415,1
301,200,902194,0.97
302,200,899033,1
303,200,640159,1
304,200,1006255,0.99
305,200,632666,1
306,200,1023794,0.83
307,200,760508,0.99
308,200,871371,0.99
309,200,903155,1
310,200,982093,0.81
311,200,873770,0.98
312,200,887011,0.99
313,200,1031474,0.68
314,200,904339,0.97
315,200,775760,0.95
316,200,944814,0.99
317,200,637507,0.99
318,200,595581,1
319,200,592696,1
320,200,753325,0.99
321,200,757507,1
322,200,677905,1
323,200,865309,1
324,200,1027608,0.87
325,200,689105,1
326,200,806581,0.98
327,200,654783,1
328,200,875370,1
329,200,997652,0.69
330,200,699547,0.99
331,200,721237,1
332,200,955679,0.94
333,200,807950,1
334,200,852618,0.98
335,200,957052,0.99
336,200,695799,0.88
337,200,997716,0.83
338,200,672698,1
339,200,976645,0.98
340,200,857523,0.94
341,200,722764,0.98
342,200,1016468,0.83
343,200,992023,0.94
344,200,835494,0.99
345,200,1066636,0.74
346,200,995877,0.9
347,200,902788,0.75
348,200,1020973,0.89
349,200,619262,1
350,200,1019144,0.94
351,200,716280,1
352,200,956519,0.93
353,200,702900,1
354,200,779238,0.99
355,200,839409,0.99
356,200,575078,1
357,200,792993,0.98
358,200,843079,0.99
359,200,888733,0.99
360,200,586061,1
361,200,912698,0.98
362,200,583088,0.99
363,200,797892,1
364,200,932084,0.97
365,200,922821,0.99
366,200,863841,0.86
367,200,896812,1
368,200,758756,0.99
369,200,755379,0.99
370,200,835871,0.83
371,200,1102108,0.89
372,200,874185,0.88
373,200,958528,0.91
374,200,817405,0.99
375,200,821820,1
376,200,836407,0.99
377,200,1015664,0.86
378,200,1046573,0.69
379,200,618495,0.98
380,200,1009591,0.79
381,200,645443,1
382,200,619823,0.94
383,200,624465,0.97
384,200,870690,1
385,200,638840,1
386,200,989871,0.92
387,200,1072282,0.77
388,200,1025660,0.92
389,200,882765,0.96
390,200,614955,1
391,200,907349,0.98
392,200,927177,0.93
393,200,922711,0.89
394,200,628319,1
395,200,1036999,0.95
396,200,998758,0.95
397,200,998910,0.83
398,200,916287,0.98
399,200,821170,0.78
400,200,838060,0.99
401,200,903337,0.96
402,200,869166,0.99
403,200,779820,1
404,200,729996,1
405,200,1144526,0.59
406,200,930833,0.84
407,200,893436,1
408,200,773922,1
409,200,804375,1
410,200,609392,1
411,200,749745,1
412,200,819707,0.99
413,200,878394,0.99
414,200,789736,1
415,200,586807,1
416,200,647433,1
417,200,908387,0.98
418,200,730597,0.75
419,200,949663,0.92
420,200,1012157,0.99
421,200,769335,0.97
422,200,702938,1
423,200,672330,0.97
424,200,779381,0.99
425,200,759633,0.99
426,200,888097,0.77
427,200,955635,0.94
428,200,656911,0.99
429,200,836796,1
430,200,860511,0.99
431,200,665067,1
432,200,876633,0.99
433,200,571923,1
434,200,658407,1
435,200,863332,0.98
436,200,760844,1
437,200,785109,1
438,200,831011,0.99
439,200,1002875,0.79
440,200,735367,1
441,200,902234,0.85
442,200,970849,0.77
443,200,897980,0.97
444,200,802474,0.96
445,200,800367,0.87
446,200,849538,0.98
447,200,1055912,0.87
448,200,717069,0.99
449,200,874921,0.97
450,200,984732,0.82
451,200,1034260,0.9
452,200,1060184,0.39
453,200,906734,0.92
454,200,765308,1
455,200,697781,0.96
456,200,792901,1
457,200,939553,0.79
458,200,912928,0.98
459,200,905413,1
460,200,860901,0.84
461,200,901901,0.95
462,200,859596,0.99
463,200,904644,0.98
464,200,791624,0.99
465,200,913466,0.97
466,200,758870,0.99
467,200,676187,1
468,200,939133,0.95
469,200,904261,0.98
470,200,891868,0.99
471,200,886547,0.91
472,200,851823,0.62
473,200,1020880,0.81
474,200,827199,0.99
475,200,1044661,0.6
476,200,771442,1
477,200,744711,0.99
478,200,773853,1
479,200,990740,0.76
480,200,795307,0.98
481,200,866205,0.99
482,200,718624,1
483,200,874528,0.95
484,200,718020,1
485,200,634257,1
486,200,1031943,0.93
487,200,864083,0.96
488,200,907381,0.85
489,200,725124,0.88
490,200,707088,0.98
491,200,644618,1
492,200,636848,1
493,200,824867,0.98
494,200,958984,0.92
495,200,998243,0.88
496,200,886496,0.98
497,200,886739,0.96
498,200,1021824,0.94
499,200,840668,1
500,200,643221,1
501,200,1025635,0.76
502,200,684757,1
503,200,840289,0.99
504,200,1091484,0.83
505,200,895112,0.99
506,200,808185,0.99
507,200,818061,0.52
508,200,929460,0.94
509,200,953024,0.74
510,200,878434,0.93
511,200,929396,0.92
512,200,648660,1
513,200,896448,0.97
514,200,734996,0.87
515,200,1037775,0.86
516,200,806285,1
517,200,889282,0.75
518,200,733667,0.99
519,200,918603,0.92
520,200,947760,0.91
521,200,675860,1
522,200,973280,0.98
523,200,624218,1
524,200,867273,1
525,200,755482,0.96
526,200,864808,1
527,200,935109,0.89
528,200,681479,0.99
529,200,723006,0.99
530,200,932142,0.83
531,200,1117061,0.85
532,200,921844,0.96
533,200,954055,0.96
534,200,971584,0.91
535,200,998660,0.93
536,200,951986,0.92
537,200,960449,0.96
538,200,748156,0.97
539,200,1047469,0.88
540,200,865599,0.94
541,200,790098,1
542,200,648091,0.99
543,200,795547,1
544,200,936539,0.89
545,200,984311,0.97
546,200,510067,1
547,200,953834,0.94
548,200,782751,0.9
549,200,731967,1
550,200,631304,0.99
551,200,585343,1
552,200,781629,0.97
553,200,944186,0.87
554,200,812064,0.97
555,200,937293,0.96
556,200,964382,0.87
557,200,906180,0.94
558,200,664092,1
559,200,1017133,0.94
560,200,911399,0.98
561,200,913450,0.94
562,200,995067,0.88
563,200,827061,0.96
564,200,799935,0.98
565,200,905074,0.81
566,200,932997,0.86
567,200,928206,0.91
568,200,819750,0.98
569,200,955963,0.87
570,200,751207,0.98
571,200,806105,1
572,200,732328,0.99
573,200,919553,0.98
574,200,866355,0.96
575,200,483607,1
576,200,1031314,0.8
577,200,981924,0.96
578,200,829577,0.95
579,200,1009397,0.56
580,200,976243,0.73
581,200,1040267,0.84
582,200,757819,0.97
583,200,918432,0.97
584,200,757931,0.98
585,200,917579,0.88
586,200,884708,1
587,200,869646,0.87
588,200,780933,1
589,200,844777,0.97
590,200,869767,0.97
591,200,888774,0.93
592,200,982666,0.93
593,200,818877,0.95
594,200,948343,0.99
595,200,594888,1
596,200,983936,0.92
597,200,751545,0.97
598,200,906096,0.87
599,200,877504,0.97
600,200,1065865,0.74
601,200,898975,0.73
602,200,1029197,0.88
603,200,837098,0.95
604,200,866317,1
605,200,779808,0.98
606,200,884688,1
607,200,945702,0.88
608,200,816268,0.94
609,200,749448,0.99
610,200,790358,0.98
611,200,848667,0.97
612,200,803750,0.96
613,200,762734,0.98
614,200,1004780,0.87
615,200,902600,0.84
616,200,947492,0.9
617,200,830702,1
618,200,868082,0.81
619,200,949489,0.78
620,200,793038,1
621,200,774879,0.96
622,200,837637,0.88
623,200,906641,0.97
624,200,928954,0.96
625,200,623585,1
626,200,964967,0.82
627,200,610276,0.99
628,200,793709,0.98
629,200,751613,0.99
630,200,1156152,0.91
631,200,1036771,0.96
632,200,662223,1
633,200,814894,0.9
634,200,566289,0.99
635,200,800725,0.86
636,200,931463,0.84
637,200,916034,1
638,200,976080,0.78
639,200,913760,0.85
640,200,777426,0.97
641,200,986345,0.91
642,200,728079,0.99
643,200,694686,0.89
644,200,728492,0.97
645,200,882017,0.94
646,200,987519,0.97
647,200,904395,0.97
648,200,717181,1
649,200,845498,0.99
650,200,866586,0.98
651,200,864859,0.94
652,200,690599,1
653,200,640628,1
654,200,936992,0.87
655,200,956627,0.91
656,200,687581,0.68
657,200,554191,1
658,200,990305,0.94
659,200,1066909,0.87
660,200,850771,0.96
661,200,866958,0.98
662,200,938138,0.84
663,200,909100,0.89
664,200,1044565,0.82
665,200,878230,1
666,200,877274,0.97
667,200,868479,0.96
668,200,942921,0.92
669,200,692848,1
670,200,1010219,0.7
671,200,865741,0.99
672,200,1015420,0.75
673,200,918373,0.86
674,200,1011580,0.65
675,200,1034725,0.79
676,200,800176,0.91
677,200,904640,0.6
678,200,567346,0.99
679,200,918528,0.88
680,200,895993,0.87
681,200,662121,0.95
682,200,640627,0.99
683,200,757421,0.99
684,200,856458,0.91
685,200,575780,0.98
686,200,774381,1
687,200,701786,0.74
688,200,829772,0.99
689,200,869115,1
690,200,997030,0.88
691,200,776858,0.9
692,200,546821,1
693,200,948284,0.96
694,200,1057743,0.84
695,200,408826,1
696,200,844550,0.77
697,200,884055,0.97
698,200,813634,0.98
699,200,744520,0.99
700,200,1133685,0.65
701,200,785031,1
702,200,908549,0.96
703,200,919409,0.96
704,200,943365,0.96
705,200,1011794,0.88
706,200,1020345,0.69
707,200,861509,0.58
708,200,820959,1
709,200,818442,0.96
710,200,867269,0.62
711,200,690743,0.87
712,200,954476,0.95
713,200,586243,1
714,200,798692,0.96
715,200,944826,0.93
716,200,869573,1
717,200,655112,0.91
718,200,972131,0.86
719,200,523699,1
720,200,817694,0.99
721,200,728896,1
722,200,882626,0.41
723,200,681338,1
724,200,684648,0.97
725,200,848195,0.86
726,200,828645,1
727,200,1020550,0.83
728,200,791358,1
729,200,979955,0.96
730,200,896011,1
731,200,857165,1
732,200,759883,1
733,200,636208,0.89
734,200,1030542,0.72
735,200,954229,0.98
736,200,569299,1
737,200,956144,0.96
738,200,883025,0.68
739,200,1055045,0.84
740,200,710952,0.98
741,200,852591,0.97
742,200,784248,0.83
743,200,852815,0.98
744,200,923497,0.91
745,200,630364,0.93
746,200,884927,0.98
747,200,876379,0.96
748,200,634535,0.94
749,200,645808,1
750,200,855339,1
751,200,815577,1
752,200,747950,0.92
753,200,926507,0.99
754,200,853850,0.84
755,200,713009,1
756,200,1031124,0.88
757,200,875454,0.99
758,200,698724,0.99
759,200,834679,0.94
760,200,832035,1
761,200,900728,0.73
762,200,855868,0.97
763,200,907935,0.98
764,200,879056,0.96
765,200,950255,0.94
766,200,889859,0.95
767,200,915502,0.8
768,200,686192,0.96
769,200,955478,0.86
770,200,570857,0.96
771,200,823768,0.99
772,200,998888,0.9
773,200,811259,1
774,200,963551,0.69
775,200,816337,0.87
776,200,975659,0.89
777,200,809610,0.9
778,200,985502,0.97
779,200,774549,1
780,200,706230,0.99
781,200,893477,0.97
782,200,1004075,0.88
783,200,666099,0.93
784,200,729774,1
785,200,632316,1
786,200,822039,0.92
787,200,936668,0.99
788,200,1027536,0.92
789,200,791903,0.99
790,200,689359,1
791,200,1033236,0.78
792,200,855204,0.99
793,200,920700,1
794,200,863477,0.91
795,200,940612,0.93
796,200,972269,0.9
797,200,1025419,0.91
798,200,826967,0.99
799,200,797064,0.99
800,200,838844,1
801,200,897114,0.93
802,200,899976,0.95
803,200,874091,0.94
804,200,895136,0.95
805,200,613402,1
806,200,624140,0.98
807,200,830784,1
808,200,734430,0.99
809,200,382283,1
810,200,749991,0.89
811,200,642059,0.66
812,200,796943,0.78
813,200,762507,1
814,200,722212,1
815,200,970732,0.82
816,200,880485,0.9
817,200,702354,0.97
818,200,620419,1
819,200,808545,0.96
820,200,987584,0.94
821,200,706742,1
822,200,1016142,0.89
823,200,965421,0.95
824,200,828292,0.98
825,200,712309,1
826,200,783309,0.98
827,200,1017600,0.81
828,200,854525,0.97
829,200,887239,0.96
830,200,722494,0.98
831,200,1043708,0.79
832,200,719520,0.86
833,200,1009765,0.83
834,200,812610,0.99
835,200,920547,0.79
836,200,653866,0.72
837,200,885697,0.99
838,200,938717,0.94
839,200,821884,0.88
840,200,893160,0.55
841,200,922043,0.83
842,200,774839,1
843,200,764098,1
844,200,932105,0.91
845,200,930543,0.87
846,200,924914,0.77
847,200,872172,1
848,200,830486,0.9
849,200,734186,1
850,200,913851,0.88
851,200,724337,1
852,200,636749,1
853,200,974017,0.89
854,200,498532,0.92
855,200,692614,0.92
856,200,974745,0.97
857,200,708710,1
858,200,929596,0.81
859,200,963953,0.97
860,200,868387,0.99
861,200,776047,0.96
862,200,662792,0.6
863,200,724469,1
864,200,654368,0.77
865,200,1105928,0.66
866,200,803730,0.97
867,200,778587,0.9
868,200,996113,0.89
869,200,820710,0.93
870,200,610371,0.87
871,200,869560,0.99
872,200,875867,0.64
873,200,800850,0.98
874,200,954301,0.5
875,200,923267,0.95
876,200,945496,0.94
877,200,941032,0.93
878,200,671832,0.93
879,200,929636,0.9
880,200,809507,0.89
881,200,816012,1
882,200,969743,0.9
883,200,917179,0.77
884,200,904307,1
885,200,1020400,0.77
886,200,743558,0.97
887,200,582418,0.58
888,200,861014,0.69
889,200,948204,0.94
890,200,785419,0.98
891,200,855456,0.98
892,200,880511,0.72
893,200,882621,0.9
894,200,633260,0.82
895,200,671895,1
896,200,717483,0.98
897,200,873052,0.95
898,200,801111,1
899,200,827074,0.95
900,200,796825,0.9
901,200,700347,1
902,200,768517,1
903,200,758892,1
904,200,970749,0.97
905,200,868773,0.92
906,200,797393,0.89
907,200,1046428,0.72
908,200,778098,0.98
909,200,889010,0.98
910,200,916924,0.9
911,200,776621,0.98
912,200,933896,0.98
913,200,990355,0.88
914,200,964650,0.89
915,200,860496,1
916,200,732557,1
917,200,859213,0.73
918,200,773589,0.82
919,200,861866,0.97
920,200,875727,0.94
921,200,695394,0.99
922,200,999597,0.95
923,200,568575,0.6
924,200,780773,0.97
925,200,939693,0.95
926,200,966176,0.86
927,200,842629,0.99
928,200,830201,1
929,200,674646,0.98
930,200,578356,0.99
931,200,844681,0.91
932,200,588146,1
933,200,908322,0.93
934,200,989955,0.91
935,200,889821,0.98
936,200,935316,0.9
937,200,884916,0.99
938,200,746467,0.98
939,200,903700,0.93
940,200,974381,0.93
941,200,790553,0.98
942,200,967418,0.92
943,200,877016,0.97
944,200,753129,0.85
945,200,1020963,0.85
946,200,818751,0.95
947,200,950179,0.97
948,200,736974,0.97
949,200,749951,0.97
950,200,719617,1
951,200,995531,0.82
952,200,713584,0.85
953,200,916080,0.89
954,200,983900,0.88
955,200,908893,0.81
956,200,897244,0.91
957,200,720472,1
958,200,1004063,0.86
959,200,503915,1
960,200,906034,0.77
961,200,861111,0.99
962,200,794766,1
963,200,842746,0.98
964,200,894234,0.98
965,200,801243,0.98
966,200,826949,0.74
967,200,995972,0.95
968,200,927200,0.89
969,200,917462,0.6
970,200,714181,1
971,200,692665,1
972,200,712803,0.98
973,200,925077,0.86
974,200,862195,0.94
975,200,910622,0.82
976,200,747703,0.88
977,200,739482,1
978,200,781841,0.99
979,200,898876,0.96
980,200,969748,0.84
981,200,897802,0.92
982,200,816465,1
983,200,930050,0.76
984,200,714889,1
985,200,647168,0.87
986,200,935786,0.96
987,200,804208,0.95
988,200,655110,0.88
989,200,674986,1
990,200,932595,0.94
991,200,907403,0.79
992,200,675262,0.91
993,200,683207,0.99
994,200,997312,0.79
995,200,678458,0.99
996,200,885514,0.94
997,200,811999,0.87
998,200,857326,0.97
999,200,681524,0.99
0,300,1127448,0.95
1,300,1349013,0.91
2,300,1273507,1
3,300,1392076,0.94
4,300,1327558,0.97
5,300,1571489,0.97
6,300,1532777,0.94
7,300,1197468,0.99
8,300,1236761,1
9,300,1401719,0.93
10,300,1282862,0.95
11,300,1403437,0.84
12,300,1391715,0.97
13,300,1312237,1
14,300,1231916,0.99
15,300,1424984,0.89
16,300,952546,1
17,300,1370610,0.99
18,300,1199354,1
19,300,1579777,0.73
20,300,1228383,1
21,300,958266,0.98
22,300,1231958,0.99
23,300,1054964,1
24,300,1413903,0.94
25,300,1499218,0.94
26,300,1019007,0.99
27,300,1348191,1
28,300,1446136,0.92
29,300,1283366,0.99
30,300,1366414,0.98
31,300,1451901,0.77
32,300,1078283,1
33,300,1222245,1
34,300,1155879,1
35,300,1027696,1
36,300,1436469,0.86
37,300,1157338,1
38,300,1355005,0.99
39,300,922608,1
40,300,1150396,1
41,300,981799,1
42,300,1006824,1
43,300,1161733,1
44,300,1438717,0.96
45,300,1227115,1
46,300,1000567,1
47,300,1337450,0.97
48,300,880496,1
49,300,993734,0.99
50,300,1123862,1
51,300,1390152,0.96
52,300,1377059,1
53,300,1437532,0.93
54,300,1528762,0.99
55,300,1336299,0.99
56,300,1475098,0.84
57,300,748085,1
58,300,1210642,1
59,300,1055397,1
60,300,1328054,0.99
61,300,1159973,0.98
62,300,1330231,0.98
63,300,1320079,0.96
64,300,1520099,0.66
65,300,1310270,0.94
66,300,1142937,1
67,300,1330617,0.92
68,300,1424324,0.95
69,300,1304850,0.99
70,300,1595071,0.88
71,300,1192051,1
72,300,1431332,0.97
73,300,1170342,1
74,300,1060742,0.95
75,300,1146677,1
76,300,1436448,0.98
77,300,890540,1
78,300,1161091,1
79,300,1223197,0.98
80,300,1340148,0.91
81,300,1142332,1
82,300,1151305,0.99
83,300,1431518,0.98
84,300,1295619,0.98
85,300,1150167,1
86,300,843480,0.98
87,300,1455403,0.96
88,300,1294933,0.97
89,300,810816,0.86
90,300,1141967,1
91,300,1161823,0.98
92,300,1353867,1
93,300,817671,1
94,300,757374,1
95,300,1352080,0.91
96,300,1332980,0.97
97,300,1246922,1
98,300,1231571,0.98
99,300,1188614,1
100,300,1146247,1
101,300,1470891,0.99
102,300,1169867,1
103,300,1366739,0.98
104,300,1245764,0.98
105,300,1298692,1
106,300,1109829,1
107,300,1068526,1
108,300,1137001,0.99
109,300,1358075,0.97
110,300,1296729,0.99
111,300,1021183,0.94
112,300,1156704,0.98
113,300,1248912,0.98
114,300,1448227,0.96
115,300,1260536,0.95
116,300,1133825,0.94
117,300,1283075,0.99
118,300,1472542,0.75
119,300,1047691,0.97
120,300,1438133,1
121,300,1178410,1
122,300,1172073,0.94
123,300,1101472,1
124,300,1195276,1
125,300,1372533,1
126,300,1419935,0.87
127,300,1042445,1
128,300,961135,0.99
129,300,1413811,0.99
130,300,1224986,1
131,300,1369159,0.88
132,300,901559,1
133,300,965460,1
134,300,1035111,1
135,300,1225398,1
136,300,939827,1
137,300,817531,0.86
138,300,1085654,1
139,300,1200623,0.99
140,300,1445487,0.91
141,300,965879,1
142,300,1283340,0.85
143,300,901169,1
144,300,1031276,1
145,300,809694,1
146,300,1352641,0.98
147,300,1317409,0.98
148,300,1391428,0.74
149,300,1147897,1
150,300,1323736,0.99
151,300,994106,0.86
152,300,1257931,1
153,300,1186012,1
154,300,1070237,0.99
155,300,1421247,0.97
156,300,1291675,0.97
157,300,1379618,0.97
158,300,976582,1
159,300,1432359,0.98
160,300,1092588,0.99
161,300,1364399,1
162,300,1327227,0.94
163,300,1356235,0.99
164,300,1241603,0.99
165,300,1282001,1
166,300,1171419,0.99
167,300,1046375,1
168,300,1442409,0.96
169,300,808814,0.98
170,300,1472860,0.99
171,300,1077661,1
172,300,1321628,0.9
173,300,1338086,1
174,300,1243506,0.96
175,300,1362387,0.99
176,300,1246691,0.96
177,300,1399139,0.92
178,300,1248110,0.93
179,300,1324898,0.96
180,300,1598204,0.83
181,300,1266375,0.98
182,300,1261347,0.99
183,300,1313447,0.94
184,300,1150176,1
185,300,1338848,0.98
186,300,802533,1
187,300,591881,1
188,300,1034349,1
189,300,1341476,0.99
190,300,1192390,0.99
191,300,1298641,0.96
192,300,1127485,1
193,300,1003609,1
194,300,951768,0.99
195,300,1473730,0.8
196,300,684585,1
197,300,1114260,0.99
198,300,779824,1
199,300,1112732,0.99
200,300,962273,1
201,300,973657,1
202,300,985755,1
203,300,941720,1
204,300,1087057,0.99
205,300,1009057,1
206,300,1242481,0.88
207,300,1258532,1
208,300,1453564,0.8
209,300,914282,1
210,300,863402,1
211,300,1043246,1
212,300,1146431,1
213,300,1450903,0.92
214,300,1191721,1
215,300,1229978,0.99
216,300,872119,0.92
217,300,1438337,0.95
218,300,1041319,1
219,300,988172,0.96
220,300,1582028,0.92
221,300,1255813,1
222,300,1198943,1
223,300,926790,0.99
224,300,1426440,0.81
225,300,1290634,0.97
226,300,1134257,1
227,300,1461560,1
228,300,1569785,0.88
229,300,1410205,0.77
230,300,1390555,0.96
231,300,1208028,1
232,300,1224394,0.97
233,300,947710,1
234,300,1493238,0.78
235,300,1484192,0.97
236,300,1261147,0.99
237,300,1028029,1
238,300,1304831,1
239,300,1424364,0.99
240,300,871008,1
241,300,1152069,1
242,300,1072206,1
243,300,1296018,1
244,300,1373389,0.93
245,300,1532856,0.82
246,300,1001541,1
247,300,1210761,0.99
248,300,1277741,1
249,300,791814,1
250,300,785082,1
251,300,871695,0.77
252,300,1215083,1
253,300,998366,1
254,300,1318856,0.96
255,300,1144251,0.96
256,300,1059988,1
257,300,1163103,1
258,300,1408032,0.98
259,300,926999,1
260,300,1255874,0.98
261,300,1034984,1
262,300,619089,1
263,300,1294046,1
264,300,1121858,1
265,300,1319121,0.87
266,300,1541241,0.92
267,300,1287658,0.94
268,300,1076494,1
269,300,1484789,0.97
270,300,1096878,0.99
271,300,1409798,0.98
272,300,1158253,0.96
273,300,1256495,0.98
274,300,986429,1
275,300,1479964,0.82
276,300,1216043,0.97
277,300,942918,1
278,300,996074,1
279,300,1407263,0.91
280,300,1384869,0.97
281,300,1137216,0.99
282,300,1206185,1
283,300,1296409,1
284,300,1379276,1
285,300,1008090,0.96
286,300,1299922,0.93
287,300,1527389,0.95
288,300,1382203,0.98
289,300,1170070,1
290,300,894833,0.99
291,300,1493378,0.82
292,300,1197114,1
293,300,1071098,1
294,300,1132375,0.98
295,300,1045397,1
296,300,836580,1
297,300,996848,0.95
298,300,1018970,0.9
299,300,1101732,1
300,300,933849,1
301,300,1297179,0.98
302,300,1278464,1
303,300,897035,1
304,300,1419473,1
305,300,831146,1
306,300,1514087,0.91
307,300,1082791,1
308,300,1196266,0.99
309,300,1318176,1
310,300,1427789,0.84
311,300,1190474,0.99
312,300,1243822,0.99
313,300,1500279,0.8
314,300,1346592,1
315,300,1092746,0.97
316,300,1309550,1
317,300,872531,0.99
318,300,869623,1
319,300,771840,1
320,300,1021095,0.99
321,300,1050355,1
322,300,905817,1
323,300,1237842,1
324,300,1453478,0.92
325,300,1012778,1
326,300,1131896,0.99
327,300,879459,1
328,300,1198222,1
329,300,1475630,0.73
330,300,946951,1
331,300,993629,1
332,300,1345384,0.96
333,300,1165418,1
334,300,1211551,0.99
335,300,1377603,1
336,300,920701,0.91
337,300,1432362,0.89
338,300,949251,1
339,300,1380677,0.99
340,300,1245330,0.99
341,300,1012566,1
342,300,1446703,0.91
343,300,1418062,1
344,300,1095405,1
345,300,1569316,0.85
346,300,1360465,0.94
347,300,1284040,0.82
348,300,1482750,0.96
349,300,870755,1
350,300,1448587,0.97
351,300,999299,1
352,300,1377391,0.96
353,300,1003492,1
354,300,1007954,1
355,300,1187836,1
356,300,795155,1
357,300,1106396,1
358,300,1145018,0.99
359,300,1261205,0.99
360,300,821766,1
361,300,1255855,0.99
362,300,757544,0.99
363,300,1074953,1
364,300,1339832,0.97
365,300,1302985,1
366,300,1226536,0.86
367,300,1309322,1
368,300,986279,0.99
369,300,1065518,0.99
370,300,1174798,0.88
371,300,1565018,0.93
372,300,1233101,0.93
373,300,1367460,0.95
374,300,1156430,1
375,300,1164818,1
376,300,1192577,1
377,300,1428312,0.91
378,300,1511935,0.75
379,300,842075,0.99
380,300,1449324,0.86
381,300,886326,1
382,300,862277,0.97
383,300,883650,1
384,300,1222013,1
385,300,907308,1
386,300,1437775,0.93
387,300,1496952,0.85
388,300,1467187,0.95
389,300,1294627,0.98
390,300,893333,1
391,300,1230994,0.99
392,300,1306096,0.95
393,300,1334579,0.94
394,300,841905,1
395,300,1448548,0.98
396,300,1425568,0.98
397,300,1443330,0.84
398,300,1297599,0.98
399,300,1132908,0.83
400,300,1149775,1
401,300,1251426,0.99
402,300,1232464,0.99
403,300,1135998,1
404,300,1029819,1
405,300,1609941,0.68
406,300,1278894,0.87
407,300,1246427,1
408,300,1060001,1
409,300,1121026,1
410,300,858042,1
411,300,1061572,1
412,300,1147732,1
413,300,1226850,0.99
414,300,1076498,1
415,300,835988,1
416,300,927996,1
417,300,1233451,0.99
418,300,991234,0.82
419,300,1338989,0.99
420,300,1427238,0.99
421,300,1069338,1
422,300,933664,1
423,300,968885,0.99
424,300,1122776,0.99
425,300,1051115,0.99
426,300,1246647,0.82
427,300,1370245,0.97
428,300,960681,0.99
429,300,1120328,1
430,300,1185323,1
431,300,862181,1
432,300,1253960,1
433,300,783100,1
434,300,917352,1
435,300,1186960,0.99
436,300,1030796,1
437,300,1119288,1
438,300,1161491,1
439,300,1413008,0.91
440,300,1031263,1
441,300,1270096,0.89
442,300,1393009,0.81
443,300,1227475,0.99
444,300,1100669,1
445,300,1222297,0.89
446,300,1180416,0.99
447,300,1533555,0.91
448,300,975478,1
449,300,1204425,0.99
450,300,1393022,0.87
451,300,1504485,0.93
452,300,1423065,0.46
453,300,1309211,0.94
454,300,1025012,1
455,300,931517,0.98
456,300,1123859,1
457,300,1402569,0.89
458,300,1304913,0.99
459,300,1298859,1
460,300,1198513,0.9
461,300,1274323,0.98
462,300,1216888,1
463,300,1268501,0.99
464,300,1120251,0.99
465,300,1324655,0.97
466,300,1028689,1
467,300,924845,1
468,300,1354547,0.97
469,300,1274509,0.99
470,300,1279888,1
471,300,1275856,0.95
472,300,1196620,0.66
473,300,1513491,0.87
474,300,1138219,0.99
475,300,1505996,0.67
476,300,1101276,1
477,300,997449,1
478,300,1076506,1
479,300,1392909,0.86
480,300,1116608,0.98
481,300,1214182,1
482,300,1021538,1
483,300,1304628,0.95
484,300,1048348,1
485,300,872924,1
486,300,1459606,0.98
487,300,1193614,0.98
488,300,1270434,0.91
489,300,1021170,0.93
490,300,958769,0.99
491,300,902628,1
492,300,882004,1
493,300,1191642,1
494,300,1334134,0.93
495,300,1436651,0.94
496,300,1291509,1
497,300,1254703,0.99
498,300,1424111,0.94
499,300,1144942,1
500,300,919084,1
501,300,1451072,0.83
502,300,996863,1
503,300,1200246,1
504,300,1538351,0.87
505,300,1276234,1
506,300,1087254,1
507,300,1200388,0.56
508,300,1267412,0.96
509,300,1394616,0.78
510,300,1240109,0.97
511,300,1295214,0.98
512,300,866637,1
513,300,1293820,0.98
514,300,1017591,0.88
515,300,1498986,0.93
516,300,1178430,1
517,300,1269948,0.84
518,300,1038366,1
519,300,1304575,0.94
520,300,1350310,0.95
521,300,881631,1
522,300,1316615,0.99
523,300,849978,1
524,300,1209499,1
525,300,1020679,0.97
526,300,1227035,1
527,300,1286435,0.95
528,300,946606,0.99
529,300,986731,1
530,300,1299634,0.88
531,300,1529057,0.9
532,300,1291320,0.97
533,300,1297364,0.98
534,300,1391316,0.98
535,300,1426683,0.97
536,300,1300337,0.97
537,300,1359385,0.96
538,300,1055398,0.98
539,300,1431980,0.95
540,300,1150929,0.98
541,300,1101966,1
542,300,948864,0.99
543,300,1137384,1
544,300,1348878,0.97
545,300,1412418,0.98
546,300,701962,1
547,300,1372229,0.97
548,300,1101855,0.9
549,300,996216,1
550,300,856674,0.99
551,300,828038,1
552,300,1120452,0.99
553,300,1363092,0.92
554,300,1112902,0.98
555,300,1326056,0.97
556,300,1334291,0.91
557,300,1361952,0.94
558,300,940375,1
559,300,1409403,0.97
560,300,1315481,1
561,300,1291165,0.95
562,300,1394125,0.92
563,300,1193870,0.97
564,300,1096491,0.98
565,300,1301105,0.89
566,300,1289708,0.9
567,300,1313819,0.94
568,300,1135074,0.99
569,300,1345138,0.92
570,300,1036831,1
571,300,1135886,1
572,300,971572,1
573,300,1285158,0.99
574,300,1189557,0.96
575,300,665507,1
576,300,1472587,0.89
577,300,1328703,0.99
578,300,1155699,0.97
579,300,1418205,0.62
580,300,1370629,0.8
581,300,1480656,0.94
582,300,1060624,0.97
583,300,1331112,0.99
584,300,1069813,1
585,300,1281906,0.88
586,300,1237302,1
587,300,1235384,0.95
588,300,1133953,1
589,300,1272920,0.99
590,300,1233947,0.97
591,300,1288978,0.94
592,300,1398118,0.98
593,300,1177105,0.99
594,300,1347945,0.99
595,300,795564,1
596,300,1338131,0.98
597,300,1069887,0.97
598,300,1285429,0.92
599,300,1207894,0.98
600,300,1495105,0.8
601,300,1305957,0.81
602,300,1429351,0.94
603,300,1202945,0.98
604,300,1222020,1
605,300,1077175,1
606,300,1244383,1
607,300,1375283,0.92
608,300,1127998,0.99
609,300,1073363,1
610,300,1051257,0.99
611,300,1235095,1
612,300,1131209,0.99
613,300,1090219,0.99
614,300,1397782,0.93
615,300,1303534,0.88
616,300,1370619,0.91
617,300,1128965,1
618,300,1289882,0.86
619,300,1360049,0.81
620,300,1134773,1
621,300,1042470,0.97
622,300,1168743,0.92
623,300,1314792,0.97
624,300,1360068,1
625,300,838848,1
626,300,1379295,0.9
627,300,806762,1
628,300,1091430,0.99
629,300,1006095,0.99
630,300,1524960,0.91
631,300,1493556,0.99
632,300,897010,1
633,300,1147069,0.93
634,300,745436,1
635,300,1246059,0.86
636,300,1323950,0.9
637,300,1289374,1
638,300,1358569,0.79
639,300,1337971,0.88
640,300,1078523,0.97
641,300,1378552,0.98
642,300,996315,1
643,300,1000604,0.94
644,300,1040592,0.97
645,300,1288543,0.96
646,300,1399779,0.98
647,300,1314688,0.98
648,300,1019038,1
649,300,1245665,0.99
650,300,1241808,0.99
651,300,1207413,0.98
652,300,910149,1
653,300,872849,1
654,300,1349107,0.92
655,300,1408091,0.92
656,300,1012985,0.71
657,300,776856,1
658,300,1417869,0.95
659,300,1496257,0.9
660,300,1216696,0.99
661,300,1170802,0.99
662,300,1319808,0.9
663,300,1335914,0.93
664,300,1470590,0.87
665,300,1301522,1
666,300,1279623,0.98
667,300,1200016,0.99
668,300,1412594,0.99
669,300,950250,1
670,300,1438028,0.78
671,300,1219084,0.99
672,300,1489076,0.8
673,300,1338748,0.87
674,300,1367100,0.73
675,300,1501940,0.87
676,300,1121572,0.97
677,300,1310219,0.69
678,300,751040,1
679,300,1350742,0.9
680,300,1321485,0.93
681,300,963199,0.97
682,300,864868,0.99
683,300,1038507,1
684,300,1204256,0.92
685,300,776252,0.99
686,300,1077229,1
687,300,942364,0.79
688,300,1203802,0.99
689,300,1179225,1
690,300,1431109,0.93
691,300,1159533,0.9
692,300,751728,1
693,300,1343228,0.97
694,300,1472657,0.87
695,300,539729,1
696,300,1212154,0.81
697,300,1234919,1
698,300,1116455,1
699,300,1056835,0.99
700,300,1596842,0.76
701,300,1090889,1
702,300,1291261,0.97
703,300,1261733,0.96
704,300,1359359,0.99
705,300,1426074,0.95
706,300,1476255,0.81
707,300,1234829,0.71
708,300,1158713,1
709,300,1158263,0.97
710,300,1247879,0.65
711,300,969273,0.89
712,300,1343348,0.97
713,300,797525,1
714,300,1121479,0.98
715,300,1379658,0.95
716,300,1206563,1
717,300,851808,0.91
718,300,1411966,0.91
719,300,705325,1
720,300,1164106,1
721,300,1039787,1
722,300,1258740,0.44
723,300,927906,1
724,300,966669,0.98
725,300,1228264,0.94
726,300,1127075,1
727,300,1391817,0.87
728,300,1152747,1
729,300,1409396,0.98
730,300,1276556,1
731,300,1299618,1
732,300,1049462,1
733,300,875524,0.94
734,300,1470003,0.83
735,300,1306140,1
736,300,829052,1
737,300,1324996,0.99
738,300,1226611,0.69
739,300,1534914,0.91
740,300,1006687,0.99
741,300,1172688,0.97
742,300,1130965,0.88
743,300,1172125,0.99
744,300,1348064,0.95
745,300,852720,0.93
746,300,1208893,0.98
747,300,1244899,1
748,300,862656,0.96
749,300,908377,1
750,300,1197719,1
751,300,1122788,1
752,300,1109722,0.95
753,300,1284796,1
754,300,1210727,0.86
755,300,1000559,1
756,300,1418936,0.93
757,300,1278544,1
758,300,983399,1
759,300,1229571,0.97
760,300,1138838,1
761,300,1280757,0.75
762,300,1280212,0.97
763,300,1287628,0.98
764,300,1216090,0.97
765,300,1342262,0.96
766,300,1349010,0.98
767,300,1338915,0.86
768,300,885311,0.97
769,300,1320303,0.9
770,300,867804,0.99
771,300,1223851,0.99
772,300,1418367,0.93
773,300,1129122,1
774,300,1338639,0.72
775,300,1137095,0.9
776,300,1368273,0.94
777,300,1179103,0.92
778,300,1429783,1
779,300,1097990,1
780,300,1007317,1
781,300,1268158,0.99
782,300,1439692,0.91
783,300,913202,0.95
784,300,1070451,1
785,300,829916,1
786,300,1152607,0.99
787,300,1367233,1
788,300,1465291,0.95
789,300,1087703,1
790,300,936592,1
791,300,1487394,0.84
792,300,1196277,0.99
793,300,1330013,1
794,300,1244980,0.96
795,300,1342765,0.96
796,300,1356452,0.96
797,300,1418661,0.96
798,300,1163505,0.99
799,300,1121656,0.99
800,300,1196563,1
801,300,1291373,0.98
802,300,1228806,0.95
803,300,1294212,0.96
804,300,1259399,0.99
805,300,877577,1
806,300,800665,1
807,300,1062187,1
808,300,1021800,1
809,300,510648,1
810,300,1103249,0.94
811,300,910494,0.74
812,300,1223400,0.85
813,300,1071998,1
814,300,1001804,1
815,300,1374868,0.9
816,300,1231190,0.91
817,300,979841,0.99
818,300,851474,1
819,300,1151310,0.98
820,300,1342912,0.99
821,300,963789,1
822,300,1457630,0.94
823,300,1342996,0.99
824,300,1160942,0.99
825,300,987470,1
826,300,1083773,1
827,300,1374000,0.88
828,300,1190050,0.98
829,300,1275060,0.99
830,300,1019989,1
831,300,1403544,0.83
832,300,1090688,0.9
833,300,1455350,0.89
834,300,1108198,1
835,300,1161664,0.82
836,300,885168,0.77
837,300,1251018,1
838,300,1308089,0.96
839,300,1204126,0.91
840,300,1284431,0.6
841,300,1323871,0.93
842,300,1096423,1
843,300,1046673,1
844,300,1300042,0.95
845,300,1253324,0.91
846,300,1342565,0.81
847,300,1230435,1
848,300,1156503,0.94
849,300,1049838,1
850,300,1251636,0.92
851,300,1001963,1
852,300,903563,1
853,300,1388838,0.96
854,300,677708,0.93
855,300,942016,0.95
856,300,1397731,0.98
857,300,1031988,1
858,300,1290444,0.82
859,300,1386010,0.98
860,300,1185937,0.99
861,300,1076333,0.97
862,300,937464,0.63
863,300,1011165,1
864,300,917062,0.84
865,300,1487427,0.75
866,300,1144445,1
867,300,1091478,0.96
868,300,1385352,0.93
869,300,1155369,0.96
870,300,938535,0.92
871,300,1237505,1
872,300,1272028,0.74
873,300,1078945,1
874,300,1349568,0.54
875,300,1344036,0.96
876,300,1354091,0.97
877,300,1386416,0.95
878,300,956819,0.98
879,300,1371420,0.94
880,300,1184768,0.94
881,300,1170775,1
882,300,1405576,0.93
883,300,1312197,0.8
884,300,1290683,1
885,300,1507032,0.86
886,300,1035304,0.98
887,300,818108,0.64
888,300,1224634,0.7
889,300,1383300,0.95
890,300,1115055,0.98
891,300,1185430,1
892,300,1130069,0.74
893,300,1246687,0.9
894,300,937956,0.84
895,300,957672,1
896,300,963396,1
897,300,1256130,0.96
898,300,1131539,1
899,300,1133372,0.97
900,300,1152277,0.92
901,300,1028143,1
902,300,1073253,1
903,300,1015957,1
904,300,1380809,0.99
905,300,1224646,0.94
906,300,1161608,0.89
907,300,1477407,0.81
908,300,1098964,1
909,300,1267823,1
910,300,1326122,0.93
911,300,1109015,0.98
912,300,1325009,0.99
913,300,1366856,0.95
914,300,1342615,0.93
915,300,1202427,1
916,300,1043555,1
917,300,1264559,0.73
918,300,1089158,0.85
919,300,1242334,0.97
920,300,1260660,0.98
921,300,926037,0.99
922,300,1358685,0.96
923,300,812246,0.65
924,300,1048768,1
925,300,1328284,0.99
926,300,1324640,0.91
927,300,1178604,0.99
928,300,1174443,1
929,300,903661,1
930,300,753830,0.99
931,300,1184847,0.95
932,300,792448,1
933,300,1283325,0.96
934,300,1374108,0.96
935,300,1265533,1
936,300,1322502,0.94
937,300,1211998,0.99
938,300,974076,1
939,300,1312235,0.94
940,300,1455852,0.94
941,300,1128829,1
942,300,1396406,0.95
943,300,1294768,0.97
944,300,1058144,0.89
945,300,1465266,0.89
946,300,1146916,0.98
947,300,1362023,0.99
948,300,1004055,0.98
949,300,1068113,0.99
950,300,1049879,1
951,300,1449051,0.92
952,300,962384,0.89
953,300,1303991,0.95
954,300,1402124,0.9
955,300,1271490,0.88
956,300,1209036,0.93
957,300,988954,1
958,300,1454145,0.9
959,300,805878,1
960,300,1303452,0.82
961,300,1253629,1
962,300,1005019,1
963,300,1175490,1
964,300,1212806,0.99
965,300,1112503,0.99
966,300,1163626,0.79
967,300,1400276,0.97
968,300,1304228,0.94
969,300,1298572,0.73
970,300,973621,1
971,300,947042,1
972,300,1035307,0.98
973,300,1305222,0.9
974,300,1238719,0.97
975,300,1268179,0.85
976,300,1090485,0.9
977,300,1015251,1
978,300,1043576,0.99
979,300,1226017,0.99
980,300,1384897,0.9
981,300,1293538,0.94
982,300,1110699,1
983,300,1338031,0.8
984,300,1078935,1
985,300,938448,0.92
986,300,1310071,0.98
987,300,1117693,0.99
988,300,929920,0.93
989,300,956802,1
990,300,1300513,0.98
991,300,1212439,0.83
992,300,936326,0.94
993,300,918091,0.99
994,300,1438232,0.88
995,300,903972,0.99
996,300,1286380,0.96
997,300,1175824,0.9
998,300,1210389,0.98
999,300,955061,0.99
0,400,1411629,0.95
1,400,1792066,0.94
2,400,1612655,1
3,400,1841544,0.94
4,400,1670529,0.97
5,400,2022013,0.98
6,400,1981248,0.97
7,400,1572556,0.99
8,400,1575378,1
9,400,1807171,0.95
10,400,1706916,0.96
11,400,1832977,0.9
12,400,1827868,0.98
13,400,1694479,1
14,400,1611815,1
15,400,1821313,0.9
16,400,1170140,1
17,400,1756591,0.99
18,400,1562845,1
19,400,2023533,0.78
20,400,1558213,1
21,400,1187785,0.99
22,400,1598123,0.99
23,400,1326856,1
24,400,1811814,0.97
25,400,1947863,0.97
26,400,1255793,0.99
27,400,1769997,1
28,400,1857890,0.94
29,400,1651519,1
30,400,1745097,0.98
31,400,1856092,0.84
32,400,1344919,1
33,400,1575017,1
34,400,1435942,1
35,400,1301448,1
36,400,1871132,0.91
37,400,1466738,1
38,400,1730698,0.99
39,400,1181461,1
40,400,1469198,1
41,400,1171771,1
42,400,1283690,1
43,400,1509095,1
44,400,1872681,0.98
45,400,1491836,1
46,400,1253559,1
47,400,1729380,0.98
48,400,1155594,1
49,400,1352443,0.99
50,400,1403583,1
51,400,1753778,0.97
52,400,1786767,1
53,400,1806351,0.96
54,400,1951328,1
55,400,1701726,0.99
56,400,1903545,0.9
57,400,903907,1
58,400,1569816,1
59,400,1325505,1
60,400,1724911,0.99
61,400,1495418,1
62,400,1714217,0.98
63,400,1693323,0.97
64,400,1945207,0.71
65,400,1736459,0.97
66,400,1484624,1
67,400,1711401,0.96
68,400,1839926,0.98
69,400,1662908,1
70,400,2019245,0.9
71,400,1567271,1
72,400,1825317,0.99
73,400,1500270,1
74,400,1318684,0.97
75,400,1439482,1
76,400,1823547,0.98
77,400,1150349,1
78,400,1451958,1
79,400,1569230,1
80,400,1682549,0.93
81,400,1443137,1
82,400,1443835,0.99
83,400,1855064,0.98
84,400,1625769,0.99
85,400,1481099,1
86,400,1063147,0.99
87,400,1859688,0.96
88,400,1602017,0.97
89,400,978296,0.89
90,400,1460491,1
91,400,1443313,0.99
92,400,1765812,1
93,400,984742,1
94,400,956830,1
95,400,1745145,0.96
96,400,1757255,0.99
97,400,1616181,1
98,400,1591535,0.99
99,400,1532960,1
100,400,1492101,1
101,400,1862617,0.99
102,400,1557363,1
103,400,1778354,0.98
104,400,1607699,1
105,400,1713423,1
106,400,1388729,1
107,400,1367159,1
108,400,1448198,1
109,400,1756213,0.97
110,400,1683745,0.99
111,400,1244810,0.94
112,400,1509170,1
113,400,1603399,0.99
114,400,1856040,0.99
115,400,1689819,0.97
116,400,1386416,0.95
117,400,1649389,0.99
118,400,1881485,0.76
119,400,1445492,0.97
120,400,1848267,1
121,400,1500885,1
122,400,1554106,0.94
123,400,1447935,1
124,400,1511899,1
125,400,1770092,1
126,400,1840748,0.9
127,400,1304911,1
128,400,1177517,0.99
129,400,1785548,0.99
130,400,1559373,1
131,400,1749562,0.89
132,400,1111498,1
133,400,1275334,1
134,400,1302644,1
135,400,1547921,1
136,400,1171493,1
137,400,1031977,0.9
138,400,1419612,1
139,400,1504279,0.99
140,400,2016790,0.92
141,400,1187605,1
142,400,1660505,0.91
143,400,1169399,1
144,400,1332200,1
145,400,1001984,1
146,400,1824160,0.98
147,400,1758274,0.99
148,400,1783824,0.79
149,400,1617923,1
150,400,1703172,0.99
151,400,1284589,0.88
152,400,1782675,1
153,400,1513298,1
154,400,1394036,0.99
155,400,1968625,0.97
156,400,1741151,0.99
157,400,1918635,0.99
158,400,1241976,1
159,400,1864586,0.99
160,400,1393055,1
161,400,1779209,1
162,400,1846942,0.97
163,400,1740939,0.99
164,400,1626680,0.99
165,400,1790724,1
166,400,1524820,1
167,400,1385439,1
168,400,1884518,0.99
169,400,1021242,0.99
170,400,1936272,0.99
171,400,1384069,1
172,400,1745477,0.93
173,400,1679386,1
174,400,1610931,0.96
175,400,1773781,0.99
176,400,1645876,0.98
177,400,1795239,0.95
178,400,1552748,0.94
179,400,1730830,0.98
180,400,1977793,0.88
181,400,1684960,0.99
182,400,1609969,0.99
183,400,1682065,0.96
184,400,1501238,1
185,400,1683279,0.98
186,400,988956,1
187,400,727030,1
188,400,1328395,1
189,400,1741065,0.99
190,400,1531926,1
191,400,1610904,0.99
192,400,1443889,1
193,400,1218804,1
194,400,1176476,0.99
195,400,1905622,0.86
196,400,871657,1
197,400,1462881,0.99
198,400,1036136,1
199,400,1438877,0.99
200,400,1197337,1
201,400,1287566,1
202,400,1273363,1
203,400,1149035,1
204,400,1393103,0.99
205,400,1302918,1
206,400,1549393,0.89
207,400,1615341,1
208,400,1880147,0.85
209,400,1166609,1
210,400,1079917,1
211,400,1333928,1
212,400,1498681,1
213,400,1882915,0.96
214,400,1507297,1
215,400,1552582,0.99
216,400,1065980,0.96
217,400,1897228,0.99
218,400,1308195,1
219,400,1219535,0.96
220,400,2012599,0.93
221,400,1604180,1
222,400,1523366,1
223,400,1189483,0.99
224,400,1858665,0.81
225,400,1647497,1
226,400,1472743,1
227,400,1850281,1
228,400,1963325,0.9
229,400,1800552,0.81
230,400,1802597,0.98
231,400,1502944,1
232,400,1554685,0.98
233,400,1192819,1
234,400,1944501,0.88
235,400,1882404,0.99
236,400,1542912,1
237,400,1308664,1
238,400,1594455,1
239,400,1820603,1
240,400,1099168,1
241,400,1421477,1
242,400,1340700,1
243,400,1601593,1
244,400,1788949,0.98
245,400,1994270,0.85
246,400,1293049,1
247,400,1508250,1
248,400,1663945,1
249,400,1028595,1
250,400,994647,1
251,400,1112782,0.82
252,400,1573626,1
253,400,1221146,1
254,400,1696201,0.96
255,400,1456606,0.97
256,400,1294439,1
257,400,1471546,1
258,400,1751804,0.98
259,400,1137063,1
260,400,1620344,0.99
261,400,1355797,1
262,400,756127,1
263,400,1657628,1
264,400,1449737,1
265,400,1697678,0.9
266,400,1971951,0.93
267,400,1676113,0.98
268,400,1329540,1
269,400,1946730,0.98
270,400,1454985,1
271,400,1792860,0.98
272,400,1478585,0.99
273,400,1637624,1
274,400,1245343,1
275,400,1704014,0.84
276,400,1569090,0.99
277,400,1172597,1
278,400,1267652,1
279,400,1793036,0.95
280,400,1775884,0.99
281,400,1464819,1
282,400,1489193,1
283,400,1688383,1
284,400,1783516,1
285,400,1241284,0.98
286,400,1679739,0.94
287,400,1906405,0.96
288,400,1764789,1
289,400,1477752,1
290,400,1098647,1
291,400,1916440,0.89
292,400,1518029,1
293,400,1428927,1
294,400,1477710,0.99
295,400,1289605,1
296,400,1028735,1
297,400,1268215,0.95
298,400,1275726,0.93
299,400,1452473,1
300,400,1175538,1
301,400,1676446,0.99
302,400,1633272,1
303,400,1152336,1
304,400,1821826,1
305,400,1031745,1
306,400,1973235,0.92
307,400,1439999,1
308,400,1521187,0.99
309,400,1664166,1
310,400,1873713,0.88
311,400,1494527,0.99
312,400,1600770,0.99
313,400,1994216,0.9
314,400,1722667,1
315,400,1361077,1
316,400,1665575,1
317,400,1046553,1
318,400,1090199,1
319,400,934297,1
320,400,1271635,0.99
321,400,1298678,1
322,400,1126280,1
323,400,1598331,1
324,400,1844774,0.93
325,400,1372580,1
326,400,1384107,1
327,400,1095422,1
328,400,1489522,1
329,400,1953077,0.82
330,400,1152824,1
331,400,1243191,1
332,400,1701502,0.98
333,400,1519692,1
334,400,1602182,0.99
335,400,1780852,1
336,400,1160601,0.93
337,400,1862198,0.9
338,400,1200626,1
339,400,1776641,0.99
340,400,1577014,1
341,400,1241901,1
342,400,1842799,0.94
343,400,1844839,1
344,400,1361967,1
345,400,1986318,0.87
346,400,1750342,0.95
347,400,1657406,0.85
348,400,1916226,0.99
349,400,1137340,1
350,400,1840478,0.99
351,400,1291411,1
352,400,1775683,0.98
353,400,1291391,1
354,400,1230488,1
355,400,1535259,1
356,400,962070,1
357,400,1380563,1
358,400,1482941,0.99
359,400,1560468,0.99
360,400,1131533,1
361,400,1593796,0.99
362,400,918234,1
363,400,1339505,1
364,400,1710814,0.99
365,400,1672284,1
366,400,1628129,0.88
367,400,1696524,1
368,400,1205185,0.99
369,400,1359867,1
370,400,1453434,0.91
371,400,2023085,0.95
372,400,1629359,0.93
373,400,1756792,0.97
374,400,1453586,1
375,400,1508545,1
376,400,1508107,1
377,400,1862423,0.95
378,400,2018625,0.8
379,400,1019566,1
380,400,1836059,0.91
381,400,1101054,1
382,400,1089396,0.99
383,400,1096257,1
384,400,1562866,1
385,400,1101902,1
386,400,1832669,0.95
387,400,1929414,0.92
388,400,1895509,0.97
389,400,1686093,0.98
390,400,1166855,1
391,400,1593426,1
392,400,1672472,0.95
393,400,1736826,0.96
394,400,1022556,1
395,400,1836452,0.99
396,400,1841233,0.99
397,400,1873210,0.89
398,400,1717521,0.99
399,400,1435251,0.86
400,400,1446748,1
401,400,1639605,1
402,400,1540612,1
403,400,1481619,1
404,400,1297942,1
405,400,2070287,0.72
406,400,1651891,0.87
407,400,1560530,1
408,400,1319494,1
409,400,1411015,1
410,400,1071504,1
411,400,1359452,1
412,400,1462251,1
413,400,1575527,1
414,400,1373322,1
415,400,1066933,1
416,400,1168455,1
417,400,1562168,1
418,400,1225592,0.88
419,400,1684561,1
420,400,1837813,1
421,400,1332488,1
422,400,1144699,1
423,400,1212476,0.99
424,400,1451750,1
425,400,1275770,0.99
426,400,1609790,0.85
427,400,1767633,0.98
428,400,1234270,0.99
429,400,1373603,1
430,400,1482738,1
431,400,1072918,1
432,400,1603056,1
433,400,991679,1
434,400,1117686,1
435,400,1504786,1
436,400,1294466,1
437,400,1442404,1
438,400,1455066,1
439,400,1818041,0.91
440,400,1295016,1
441,400,1621837,0.92
442,400,1694852,0.83
443,400,1584198,1
444,400,1378408,1
445,400,1538307,0.91
446,400,1457724,0.99
447,400,1930294,0.93
448,400,1189800,1
449,400,1507506,1
450,400,1780201,0.96
451,400,1915535,0.94
452,400,1979648,0.64
453,400,1731681,0.95
454,400,1272681,1
455,400,1130060,0.99
456,400,1460891,1
457,400,1771650,0.9
458,400,1669764,1
459,400,1672379,1
460,400,1475029,0.9
461,400,1638128,0.99
462,400,1542886,1
463,400,1627852,0.99
464,400,1440293,0.99
465,400,1679475,0.98
466,400,1318036,1
467,400,1199574,1
468,400,1740221,0.98
469,400,1604899,0.99
470,400,1646265,1
471,400,1681297,0.96
472,400,1506695,0.7
473,400,1966527,0.91
474,400,1476917,1
475,400,2004866,0.78
476,400,1376964,1
477,400,1265900,1
478,400,1364019,1
479,400,1800099,0.91
480,400,1403980,0.99
481,400,1536385,1
482,400,1305794,1
483,400,1713009,0.95
484,400,1347948,1
485,400,1107400,1
486,400,1855138,0.99
487,400,1478230,0.99
488,400,1624646,0.96
489,400,1289473,0.96
490,400,1212476,0.99
491,400,1134899,1
492,400,1121959,1
493,400,1532014,1
494,400,1732577,0.97
495,400,1816249,0.96
496,400,1663415,1
497,400,1616336,0.99
498,400,1799245,0.96
499,400,1455688,1
500,400,1140787,1
501,400,1885074,0.86
502,400,1304034,1
503,400,1507412,1
504,400,1991351,0.9
505,400,1648938,1
506,400,1324851,1
507,400,1543358,0.6
508,400,1616143,0.99
509,400,1832235,0.83
510,400,1587482,0.97
511,400,1644629,1
512,400,1075796,1
513,400,1699625,0.98
514,400,1337132,0.9
515,400,1938672,0.96
516,400,1477643,1
517,400,1615958,0.86
518,400,1334824,1
519,400,1676532,0.95
520,400,1772417,0.96
521,400,1079627,1
522,400,1716418,1
523,400,1051860,1
524,400,1536393,1
525,400,1290129,1
526,400,1580486,1
527,400,1598962,0.98
528,400,1173861,0.99
529,400,1236094,1
530,400,1673154,0.89
531,400,1969861,0.93
532,400,1653531,0.98
533,400,1698594,0.99
534,400,1812258,0.99
535,400,1828835,0.97
536,400,1677717,0.97
537,400,1759665,0.99
538,400,1313456,0.99
539,400,1800772,0.97
540,400,1449220,0.98
541,400,1387188,1
542,400,1202714,0.99
543,400,1504288,1
544,400,1721433,0.98
545,400,1823363,0.99
546,400,881653,1
547,400,1792664,0.97
548,400,1471147,0.9
549,400,1246062,1
550,400,1101920,1
551,400,1050676,1
552,400,1428056,0.99
553,400,1740151,0.93
554,400,1440409,0.99
555,400,1691579,0.99
556,400,1741274,0.95
557,400,1752870,0.95
558,400,1251130,1
559,400,1812901,0.98
560,400,1721468,1
561,400,1668438,0.97
562,400,1803606,0.98
563,400,1521192,0.98
564,400,1377043,0.98
565,400,1678943,0.91
566,400,1659898,0.92
567,400,1698425,0.94
568,400,1433289,0.99
569,400,1703446,0.96
570,400,1297044,1
571,400,1448394,1
572,400,1180624,1
573,400,1647994,0.99
574,400,1553072,0.96
575,400,853163,1
576,400,1862235,0.93
577,400,1703504,1
578,400,1455352,0.99
579,400,1820661,0.66
580,400,1744494,0.82
581,400,1919622,0.96
582,400,1360776,0.97
583,400,1719930,1
584,400,1388510,1
585,400,1611218,0.89
586,400,1602378,1
587,400,1632703,0.96
588,400,1507289,1
589,400,1649102,0.99
590,400,1576464,0.99
591,400,1692044,0.97
592,400,1747605,0.98
593,400,1531968,0.99
594,400,1741491,1
595,400,964114,1
596,400,1654323,0.99
597,400,1368528,0.97
598,400,1650422,0.94
599,400,1567896,0.98
600,400,1924697,0.84
601,400,1632692,0.83
602,400,1861281,0.95
603,400,1512107,1
604,400,1565353,1
605,400,1362045,1
606,400,1576188,1
607,400,1795123,0.93
608,400,1387673,0.99
609,400,1387198,1
610,400,1285920,1
611,400,1541909,1
612,400,1443304,0.99
613,400,1388356,1
614,400,1777074,0.94
615,400,1696185,0.92
616,400,1770093,0.95
617,400,1469980,1
618,400,1620145,0.86
619,400,1794878,0.84
620,400,1454638,1
621,400,1326320,0.97
622,400,1487758,0.95
623,400,1700416,0.98
624,400,1781722,1
625,400,1060550,1
626,400,1754236,0.93
627,400,971493,1
628,400,1384544,0.99
629,400,1246357,0.99
630,400,1855983,0.91
631,400,1903804,1
632,400,1111096,1
633,400,1498694,0.96
634,400,899971,1
635,400,1657006,0.87
636,400,1721178,0.93
637,400,1654613,1
638,400,1858989,0.97
639,400,1757091,0.95
640,400,1368241,0.99
641,400,1719010,0.98
642,400,1249393,1
643,400,1340537,0.95
644,400,1337156,1
645,400,1671990,0.96
646,400,1744889,0.98
647,400,1636644,0.98
648,400,1300900,1
649,400,1603734,0.99
650,400,1539488,0.99
651,400,1513669,0.99
652,400,1145829,1
653,400,1108600,1
654,400,1746162,0.94
655,400,1790252,0.93
656,400,1343431,0.76
657,400,1060041,1
658,400,1822885,0.97
659,400,1910359,0.91
660,400,1562454,0.99
661,400,1476446,0.99
662,400,1700890,0.91
663,400,1678890,0.97
664,400,1928613,0.9
665,400,1686817,1
666,400,1688007,0.99
667,400,1529585,0.99
668,400,1787972,1
669,400,1193262,1
670,400,1855533,0.79
671,400,1605013,1
672,400,1885841,0.8
673,400,1727933,0.89
674,400,1778580,0.75
675,400,1931589,0.91
676,400,1421954,0.97
677,400,1663281,0.74
678,400,981438,1
679,400,1767448,0.93
680,400,1615470,0.95
681,400,1252041,0.99
682,400,1083130,0.99
683,400,1285881,1
684,400,1572717,0.95
685,400,965244,1
686,400,1340366,1
687,400,1157147,0.82
688,400,1511750,0.99
689,400,1490237,1
690,400,1806435,0.94
691,400,1464185,0.92
692,400,937141,1
693,400,1749941,0.98
694,400,1909208,0.93
695,400,742713,1
696,400,1541071,0.82
697,400,1620592,1
698,400,1382950,1
699,400,1351116,0.99
700,400,2057584,0.79
701,400,1410612,1
702,400,1598035,0.99
703,400,1592608,0.96
704,400,1739554,1
705,400,1833399,0.98
706,400,1898309,0.83
707,400,1614565,0.76
708,400,1495466,1
709,400,1440532,0.98
710,400,1596291,0.75
711,400,1238365,0.9
712,400,1719477,0.98
713,400,1007728,1
714,400,1428414,0.98
715,400,1759148,0.99
716,400,1563758,1
717,400,1061898,0.94
718,400,1821690,0.94
719,400,950090,1
720,400,1499261,1
721,400,1320368,1
722,400,1682499,0.61
723,400,1134935,1
724,400,1205087,0.99
725,400,1597863,0.96
726,400,1448288,1
727,400,1806099,0.88
728,400,1483233,1
729,400,1807841,0.98
730,400,1664181,1
731,400,1660177,1
732,400,1324162,1
733,400,1105226,0.96
734,400,1901776,0.87
735,400,1663330,1
736,400,1061032,1
737,400,1719118,0.99
738,400,1573568,0.75
739,400,1972388,0.93
740,400,1290007,0.99
741,400,1487437,0.98
742,400,1475444,0.93
743,400,1485012,0.99
744,400,1740247,0.97
745,400,1077616,0.96
746,400,1527596,0.98
747,400,1554906,1
748,400,1065377,0.97
749,400,1185548,1
750,400,1520433,1
751,400,1456707,1
752,400,1419645,0.98
753,400,1641196,1
754,400,1559102,0.87
755,400,1249087,1
756,400,1781180,0.97
757,400,1688413,1
758,400,1222617,1
759,400,1560280,0.99
760,400,1453801,1
761,400,1693505,0.76
762,400,1706297,0.98
763,400,1606950,0.99
764,400,1586827,0.97
765,400,1696680,0.99
766,400,1759190,1
767,400,1762941,0.88
768,400,1086275,0.97
769,400,1719866,0.94
770,400,1166931,0.99
771,400,1589184,1
772,400,1821480,0.95
773,400,1468781,1
774,400,1710311,0.75
775,400,1383419,0.91
776,400,1809157,0.97
777,400,1568248,0.93
778,400,1845523,1
779,400,1422289,1
780,400,1262412,1
781,400,1582580,1
782,400,1843402,0.97
783,400,1136990,0.95
784,400,1438104,1
785,400,986192,1
786,400,1460516,1
787,400,1730035,1
788,400,1865995,0.96
789,400,1346792,1
790,400,1162026,1
791,400,1915274,0.9
792,400,1546752,1
793,400,1738526,1
794,400,1611293,0.96
795,400,1733480,0.98
796,400,1756967,0.97
797,400,1855311,0.96
798,400,1491333,1
799,400,1466429,1
800,400,1531744,1
801,400,1659676,1
802,400,1562997,0.95
803,400,1669718,1
804,400,1609704,1
805,400,1152144,1
806,400,942957,1
807,400,1269445,1
808,400,1278580,1
809,400,682345,1
810,400,1340083,0.95
811,400,1173348,0.77
812,400,1544607,0.89
813,400,1342407,1
814,400,1289409,1
815,400,1774256,0.92
816,400,1619115,0.92
817,400,1275916,0.99
818,400,1077634,1
819,400,1483977,1
820,400,1689489,1
821,400,1193767,1
822,400,1881842,0.95
823,400,1677750,0.99
824,400,1460598,0.99
825,400,1244963,1
826,400,1360608,1
827,400,1740323,0.88
828,400,1553628,0.98
829,400,1660437,1
830,400,1308182,1
831,400,1795665,0.88
832,400,1425110,0.9
833,400,1876167,0.9
834,400,1369352,1
835,400,1520018,0.87
836,400,1091187,0.79
837,400,1600745,1
838,400,1676117,0.99
839,400,1536848,0.93
840,400,1716069,0.75
841,400,1692143,0.94
842,400,1410313,1
843,400,1315851,1
844,400,1673317,0.96
845,400,1595298,0.92
846,400,1760748,0.88
847,400,1595244,1
848,400,1461794,0.95
849,400,1308738,1
850,400,1612583,0.94
851,400,1267071,1
852,400,1163265,1
853,400,1797597,0.97
854,400,814946,0.94
855,400,1139867,0.95
856,400,1812573,0.99
857,400,1384621,1
858,400,1662528,0.9
859,400,1761094,0.98
860,400,1469135,1
861,400,1375716,0.99
862,400,1181630,0.72
863,400,1270430,1
864,400,1160696,0.86
865,400,1939020,0.87
866,400,1466874,1
867,400,1380915,0.96
868,400,1787344,0.93
869,400,1497275,0.98
870,400,1232690,0.93
871,400,1575925,1
872,400,1643959,0.74
873,400,1358979,1
874,400,1739062,0.58
875,400,1741247,0.98
876,400,1728418,0.99
877,400,1774047,0.99
878,400,1195679,0.99
879,400,1829975,0.94
880,400,1503097,0.96
881,400,1562133,1
882,400,1836650,0.95
883,400,1649421,0.82
884,400,1688534,1
885,400,1968354,0.9
886,400,1316999,0.99
887,400,1052403,0.67
888,400,1567061,0.73
889,400,1750304,0.97
890,400,1413809,0.98
891,400,1534459,1
892,400,1488221,0.82
893,400,1585441,0.9
894,400,1161950,0.85
895,400,1249619,1
896,400,1224567,1
897,400,1632658,0.97
898,400,1451027,1
899,400,1409842,0.97
900,400,1486869,0.92
901,400,1343033,1
902,400,1366587,1
903,400,1280416,1
904,400,1758571,0.99
905,400,1596851,0.94
906,400,1484786,0.91
907,400,1909081,0.88
908,400,1389008,1
909,400,1674082,1
910,400,1702585,0.97
911,400,1459371,0.98
912,400,1751763,1
913,400,1726976,0.96
914,400,1753192,0.95
915,400,1510434,1
916,400,1343150,1
917,400,1609637,0.78
918,400,1365368,0.88
919,400,1620942,0.99
920,400,1657391,0.99
921,400,1173787,0.99
922,400,1746535,0.97
923,400,1054483,0.71
924,400,1262744,1
925,400,1756998,1
926,400,1711547,0.92
927,400,1471047,1
928,400,1477696,1
929,400,1162377,1
930,400,932331,1
931,400,1533348,0.96
932,400,968365,1
933,400,1656147,0.98
934,400,1751511,0.99
935,400,1608705,1
936,400,1693537,0.99
937,400,1522093,0.99
938,400,1204998,1
939,400,1654762,0.94
940,400,1870742,0.96
941,400,1484673,1
942,400,1762454,0.97
943,400,1699693,0.97
944,400,1302498,0.9
945,400,1936751,0.89
946,400,1432579,1
947,400,1752751,1
948,400,1271158,0.98
949,400,1350120,0.99
950,400,1364136,1
951,400,1874244,0.92
952,400,1226294,0.92
953,400,1702189,0.97
954,400,1818303,0.96
955,400,1638692,0.9
956,400,1506659,0.95
957,400,1198282,1
958,400,1876814,0.91
959,400,1190772,1
960,400,1690450,0.87
961,400,1634054,1
962,400,1229860,1
963,400,1502884,1
964,400,1555147,1
965,400,1414416,1
966,400,1507654,0.81
967,400,1768843,0.98
968,400,1669431,0.96
969,400,1700694,0.77
970,400,1202028,1
971,400,1257107,1
972,400,1370335,1
973,400,1663081,0.96
974,400,1559837,0.97
975,400,1587398,0.87
976,400,1381883,0.93
977,400,1291291,1
978,400,1272183,0.99
979,400,1527340,0.99
980,400,1816843,0.91
981,400,1692482,0.96
982,400,1397461,1
983,400,1762587,0.81
984,400,1438996,1
985,400,1223264,0.94
986,400,1711293,1
987,400,1390659,0.99
988,400,1188426,0.96
989,400,1204944,1
990,400,1686372,0.98
991,400,1536524,0.85
992,400,1184484,0.96
993,400,1159859,0.99
994,400,1858602,0.92
995,400,1132195,1
996,400,1672949,0.98
997,400,1549057,0.95
998,400,1564980,0.98
999,400,1259914,0.99
0,500,1706109,0.95
1,500,2185952,0.94
2,500,1957692,1
3,500,2291032,0.94
4,500,2059822,1
5,500,2428169,0.98
6,500,2437607,0.97
7,500,1921415,1
8,500,1951429,1
9,500,2196118,0.95
10,500,2117924,0.96
11,500,2286245,0.92
12,500,2228952,0.98
13,500,2092473,1
14,500,1949550,1
15,500,2270726,0.94
16,500,1345186,1
17,500,2156468,0.99
18,500,1880474,1
19,500,2453052,0.81
20,500,1908319,1
21,500,1394440,0.99
22,500,1941292,0.99
23,500,1617832,1
24,500,2237517,0.99
25,500,2394421,0.98
26,500,1524631,0.99
27,500,2175374,1
28,500,2242334,0.96
29,500,1989228,1
30,500,2120680,0.98
31,500,2270506,0.87
32,500,1663164,1
33,500,1910303,1
34,500,1755763,1
35,500,1537191,1
36,500,2284478,0.93
37,500,1808592,1
38,500,2132195,1
39,500,1439287,1
40,500,1807975,1
41,500,1388644,1
42,500,1544452,1
43,500,1866372,1
44,500,2288090,0.98
45,500,1806379,1
46,500,1505716,1
47,500,2108876,0.99
48,500,1443276,1
49,500,1687419,1
50,500,1679965,1
51,500,2156243,0.97
52,500,2197349,1
53,500,2178990,0.96
54,500,2395170,1
55,500,2094084,0.99
56,500,2271908,0.93
57,500,1064314,1
58,500,1919842,1
59,500,1601059,1
60,500,2111693,0.99
61,500,1856909,1
62,500,2090879,0.99
63,500,2118281,0.98
64,500,2346124,0.78
65,500,2173988,0.98
66,500,1801506,1
67,500,2066698,0.97
68,500,2257332,0.99
69,500,2041761,1
70,500,2452826,0.93
71,500,1912386,1
72,500,2260862,1
73,500,1819804,1
74,500,1554334,1
75,500,1752855,1
76,500,2192096,0.99
77,500,1409024,1
78,500,1756267,1
79,500,1890480,1
80,500,2055148,0.94
81,500,1750238,1
82,500,1720770,1
83,500,2245599,0.98
84,500,1966896,0.99
85,500,1782104,1
86,500,1278104,0.99
87,500,2231695,0.97
88,500,1946681,0.98
89,500,1144054,0.92
90,500,1766433,1
91,500,1737908,0.99
92,500,2135253,1
93,500,1185504,1
94,500,1163569,1
95,500,2098109,0.97
96,500,2193889,0.99
97,500,1971937,1
98,500,1940439,0.99
99,500,1896184,1
100,500,1842397,1
101,500,2253480,1
102,500,1926949,1
103,500,2177861,0.99
104,500,2032166,1
105,500,2101593,1
106,500,1640757,1
107,500,1683098,1
108,500,1748286,1
109,500,2171989,0.98
110,500,2029218,0.99
111,500,1466847,0.96
112,500,1862256,1
113,500,1909045,1
114,500,2256093,0.99
115,500,2090158,0.98
116,500,1693602,0.96
117,500,1998845,0.99
118,500,2282577,0.79
119,500,1774751,0.97
120,500,2244174,1
121,500,1842845,1
122,500,1869466,0.96
123,500,1749178,1
124,500,1839537,1
125,500,2165401,1
126,500,2275139,0.91
127,500,1560613,1
128,500,1388663,0.99
129,500,2205382,1
130,500,1902819,1
131,500,2135683,0.91
132,500,1330547,1
133,500,1561399,1
134,500,1561014,1
135,500,1887646,1
136,500,1372379,1
137,500,1223960,0.9
138,500,1740392,1
139,500,1782191,0.99
140,500,2322960,0.92
141,500,1397295,1
142,500,1993880,0.92
143,500,1359312,1
144,500,1606019,1
145,500,1163611,1
146,500,2156768,1
147,500,2071587,0.99
148,500,2164314,0.82
149,500,1805228,1
150,500,2041011,1
151,500,1520514,0.9
152,500,1964532,1
153,500,1798393,1
154,500,1685588,0.99
155,500,2209632,0.97
156,500,2153832,0.99
157,500,2183437,1
158,500,1413455,1
159,500,2223052,0.99
160,500,1660950,1
161,500,2112539,1
162,500,2097746,0.99
163,500,2076453,1
164,500,1900657,1
165,500,2004059,1
166,500,1796357,1
167,500,1546093,1
168,500,2258293,0.99
169,500,1175883,1
170,500,2347492,0.99
171,500,1632962,1
172,500,2118351,0.94
173,500,1980073,1
174,500,1946652,0.96
175,500,2146050,0.99
176,500,1983711,0.98
177,500,2150372,0.98
178,500,1878047,0.97
179,500,2066474,0.99
180,500,2395683,0.91
181,500,2070054,0.99
182,500,1945128,0.99
183,500,2029437,0.97
184,500,1822197,1
185,500,2021632,0.98
186,500,1171636,1
187,500,906453,1
188,500,1605507,1
189,500,2125910,0.99
190,500,1842355,1
191,500,1949264,0.99
192,500,1713911,1
193,500,1464815,1
194,500,1402602,0.99
195,500,2339728,0.9
196,500,1059330,1
197,500,1785982,0.99
198,500,1261138,1
199,500,1796706,0.99
200,500,1429050,1
201,500,1539909,1
202,500,1542720,1
203,500,1370827,1
204,500,1707442,0.99
205,500,1612819,1
206,500,1861515,0.91
207,500,1922800,1
208,500,2353339,0.86
209,500,1431880,1
210,500,1295438,1
211,500,1607239,1
212,500,1871825,1
213,500,2280983,0.98
214,500,1865281,1
215,500,1841056,0.99
216,500,1249567,0.96
217,500,2364147,0.99
218,500,1550371,1
219,500,1439754,0.98
220,500,2401677,0.95
221,500,1970706,1
222,500,1854247,1
223,500,1377473,1
224,500,2272602,0.81
225,500,2048736,1
226,500,1815966,1
227,500,2233575,1
228,500,2351169,0.93
229,500,2169895,0.85
230,500,2184280,0.98
231,500,1799239,1
232,500,1888923,0.98
233,500,1458189,1
234,500,2337168,0.9
235,500,2345616,0.99
236,500,1809133,1
237,500,1577363,1
238,500,1896237,1
239,500,2188868,1
240,500,1312933,1
241,500,1716454,1
242,500,1576184,1
243,500,1917159,1
244,500,2145375,0.98
245,500,2442833,0.9
246,500,1573673,1
247,500,1818747,1
248,500,2048918,1
249,500,1249710,1
250,500,1204320,1
251,500,1321924,0.83
252,500,1906683,1
253,500,1479311,1
254,500,2042036,0.98
255,500,1762270,0.97
256,500,1578413,1
257,500,1781816,1
258,500,2107464,1
259,500,1350272,1
260,500,1973236,0.99
261,500,1686802,1
262,500,914218,1
263,500,2022890,1
264,500,1812186,1
265,500,2043810,0.93
266,500,2399934,0.94
267,500,2026859,0.99
268,500,1593065,1
269,500,2396817,1
270,500,1791828,1
271,500,2169067,1
272,500,1801032,0.99
273,500,1993884,1
274,500,1491042,1
275,500,2055347,0.85
276,500,1927184,0.99
277,500,1396384,1
278,500,1516182,1
279,500,2140370,0.96
280,500,2138318,1
281,500,1794049,1
282,500,1803022,1
283,500,2081170,1
284,500,2170820,1
285,500,1516073,0.98
286,500,2051691,0.94
287,500,2286163,0.98
288,500,2146069,1
289,500,1816697,1
290,500,1306302,1
291,500,2343557,0.91
292,500,1866648,1
293,500,1782334,1
294,500,1749775,0.99
295,500,1516968,1
296,500,1255196,1
297,500,1530704,0.96
298,500,1566533,0.94
299,500,1792856,1
300,500,1413684,1
301,500,2032235,0.99
302,500,1983175,1
303,500,1426483,1
304,500,2211412,1
305,500,1240907,1
306,500,2432277,0.92
307,500,1627735,1
308,500,1784329,0.99
309,500,2024047,1
310,500,2317805,0.91
311,500,1833946,0.99
312,500,1908780,0.99
313,500,2407615,0.93
314,500,2118114,1
315,500,1586427,1
316,500,2045659,1
317,500,1259206,1
318,500,1323738,1
319,500,1130309,1
320,500,1482576,0.99
321,500,1509590,1
322,500,1341973,1
323,500,1885854,1
324,500,2227826,0.95
325,500,1695136,1
326,500,1646861,1
327,500,1293837,1
328,500,1763647,1
329,500,2379746,0.85
330,500,1399731,1
331,500,1470794,1
332,500,2040358,0.98
333,500,1858294,1
334,500,1919222,0.99
335,500,2174768,1
336,500,1371989,0.94
337,500,2292283,0.95
338,500,1433135,1
339,500,2150689,0.99
340,500,1960229,1
341,500,1456465,1
342,500,2273250,0.95
343,500,2279700,1
344,500,1599342,1
345,500,2397245,0.9
346,500,2099341,0.95
347,500,2024138,0.88
348,500,2306222,0.99
349,500,1365545,1
350,500,2207624,0.99
351,500,1582775,1
352,500,2157033,0.99
353,500,1554967,1
354,500,1464878,1
355,500,1854338,1
356,500,1168354,1
357,500,1631960,1
358,500,1808696,0.99
359,500,1874684,1
360,500,1409054,1
361,500,1902059,0.99
362,500,1138848,1
363,500,1553477,1
364,500,2100811,1
365,500,1998678,1
366,500,1962980,0.9
367,500,2124938,1
368,500,1408837,0.99
369,500,1663340,1
370,500,1771127,0.93
371,500,2457271,0.97
372,500,1983379,0.93
373,500,2124036,0.98
374,500,1746869,1
375,500,1842457,1
376,500,1825348,1
377,500,2241690,0.97
378,500,2407539,0.83
379,500,1192131,1
380,500,2228126,0.94
381,500,1268351,1
382,500,1300837,0.99
383,500,1271170,1
384,500,1886548,1
385,500,1305477,1
386,500,2180444,0.96
387,500,2362330,0.95
388,500,2307641,0.98
389,500,2038089,0.99
390,500,1425193,1
391,500,1927925,1
392,500,2020856,0.97
393,500,2113101,0.97
394,500,1208481,1
395,500,2258717,1
396,500,2230023,1
397,500,2261602,0.91
398,500,2026468,0.99
399,500,1715688,0.89
400,500,1738027,1
401,500,2007154,1
402,500,1853976,1
403,500,1809013,1
404,500,1558419,1
405,500,2543816,0.75
406,500,1999753,0.88
407,500,1888614,1
408,500,1584154,1
409,500,1689634,1
410,500,1273456,1
411,500,1669418,1
412,500,1758026,1
413,500,1929029,1
414,500,1666968,1
415,500,1304822,1
416,500,1425105,1
417,500,1851065,1
418,500,1486970,0.88
419,500,2021139,1
420,500,2199183,1
421,500,1622683,1
422,500,1358592,1
423,500,1465342,0.99
424,500,1761321,1
425,500,1500660,0.99
426,500,1945370,0.87
427,500,2194053,0.99
428,500,1475085,0.99
429,500,1607183,1
430,500,1739207,1
431,500,1259908,1
432,500,1946208,1
433,500,1213060,1
434,500,1319338,1
435,500,1804682,1
436,500,1556502,1
437,500,1749287,1
438,500,1728312,1
439,500,2224450,0.92
440,500,1550303,1
441,500,1953010,0.94
442,500,2038416,0.86
443,500,1905356,1
444,500,1684574,1
445,500,1880397,0.93
446,500,1744074,1
447,500,2353116,0.94
448,500,1398123,1
449,500,1816053,1
450,500,2148708,0.98
451,500,2347475,0.95
452,500,2328302,0.7
453,500,2098207,0.96
454,500,1511600,1
455,500,1306138,1
456,500,1769082,1
457,500,2139714,0.9
458,500,1997252,1
459,500,2057498,1
460,500,1748587,0.92
461,500,2021532,0.99
462,500,1866919,1
463,500,1975206,0.99
464,500,1781274,0.99
465,500,2017224,0.99
466,500,1573258,1
467,500,1462351,1
468,500,2134939,0.98
469,500,1930861,0.99
470,500,2010781,1
471,500,2084872,0.97
472,500,1827970,0.71
473,500,2397256,0.91
474,500,1803500,1
475,500,2449935,0.82
476,500,1705343,1
477,500,1519106,1
478,500,1624541,1
479,500,2202222,0.93
480,500,1679073,0.99
481,500,1888407,1
482,500,1597543,1
483,500,2080576,0.97
484,500,1679777,1
485,500,1376274,1
486,500,2235949,0.99
487,500,1766765,1
488,500,1941290,0.96
489,500,1557520,0.96
490,500,1465705,0.99
491,500,1376136,1
492,500,1366548,1
493,500,1887717,1
494,500,2076347,0.98
495,500,2195433,0.97
496,500,2017713,1
497,500,1978648,0.99
498,500,2164343,0.97
499,500,1722150,1
500,500,1366570,1
501,500,2306139,0.9
502,500,1578498,1
503,500,1828916,1
504,500,2464195,0.91
505,500,2017869,1
506,500,1534844,1
507,500,1903247,0.67
508,500,1959642,0.99
509,500,2231538,0.88
510,500,1925828,0.97
511,500,1966589,1
512,500,1261516,1
513,500,2089300,0.99
514,500,1610264,0.91
515,500,2385338,0.97
516,500,1803151,1
517,500,1991371,0.9
518,500,1614759,1
519,500,2048575,0.96
520,500,2160624,0.97
521,500,1286992,1
522,500,2060800,1
523,500,1263469,1
524,500,1852422,1
525,500,1549980,1
526,500,1923421,1
527,500,1948319,0.99
528,500,1415152,1
529,500,1462987,1
530,500,2066441,0.89
531,500,2388477,0.95
532,500,2025605,0.99
533,500,2046342,0.99
534,500,2207408,0.99
535,500,2182781,0.98
536,500,2021556,0.99
537,500,2131074,0.99
538,500,1566447,1
539,500,2182758,0.97
540,500,1719680,0.99
541,500,1681144,1
542,500,1466607,0.99
543,500,1869775,1
544,500,2098833,0.99
545,500,2210752,1
546,500,1089112,1
547,500,2207912,0.99
548,500,1768431,0.92
549,500,1544684,1
550,500,1334986,1
551,500,1276697,1
552,500,1686206,0.99
553,500,2130461,0.94
554,500,1717757,0.99
555,500,2076485,0.99
556,500,2125296,0.97
557,500,2168304,0.97
558,500,1548525,1
559,500,2190584,0.98
560,500,2106515,1
561,500,2025941,0.98
562,500,2196686,1
563,500,1855829,0.99
564,500,1647361,0.98
565,500,2057288,0.94
566,500,2035597,0.93
567,500,2076680,0.96
568,500,1731396,1
569,500,2056582,0.97
570,500,1550826,1
571,500,1737542,1
572,500,1399956,1
573,500,2027492,0.99
574,500,1882477,0.97
575,500,1033435,1
576,500,2256382,0.93
577,500,2009718,1
578,500,1735174,0.99
579,500,2209878,0.69
580,500,2086507,0.84
581,500,2344964,0.99
582,500,1688271,0.97
583,500,2098548,1
584,500,1705669,1
585,500,1941976,0.89
586,500,1970087,1
587,500,2031218,0.96
588,500,1845635,1
589,500,2041956,0.99
590,500,1948192,1
591,500,2070221,0.97
592,500,2114511,0.98
593,500,1886203,1
594,500,2119611,1
595,500,1153986,1
596,500,1954788,0.99
597,500,1657698,0.97
598,500,1961589,0.96
599,500,1863455,1
600,500,2349110,0.86
601,500,1962575,0.83
602,500,2253815,0.97
603,500,1818238,1
604,500,1873604,1
605,500,1650022,1
606,500,1915601,1
607,500,2205351,0.95
608,500,1656566,0.99
609,500,1667531,1
610,500,1542493,1
611,500,1871852,1
612,500,1724151,1
613,500,1667986,1
614,500,2181139,0.94
615,500,2080174,0.92
616,500,2169932,0.97
617,500,1795419,1
618,500,1993207,0.87
619,500,2226695,0.86
620,500,1812213,1
621,500,1632343,0.98
622,500,1828722,0.98
623,500,2093886,0.99
624,500,2167619,1
625,500,1253467,1
626,500,2152479,0.96
627,500,1143347,1
628,500,1668959,0.99
629,500,1462927,0.99
630,500,2194670,0.92
631,500,2339911,1
632,500,1299742,1
633,500,1837504,0.99
634,500,1059430,1
635,500,2135205,0.9
636,500,2092587,0.94
637,500,1999094,1
638,500,2110530,0.98
639,500,2150722,0.97
640,500,1659412,0.99
641,500,2059407,0.98
642,500,1532557,1
643,500,1689544,0.96
644,500,1621232,1
645,500,2037004,0.97
646,500,2087659,0.98
647,500,1997982,0.98
648,500,1514885,1
649,500,2009041,1
650,500,1850146,0.99
651,500,1838263,1
652,500,1398945,1
653,500,1350765,1
654,500,2075487,0.97
655,500,2198085,0.96
656,500,1666061,0.85
657,500,1362540,1
658,500,2229790,0.99
659,500,2347603,0.91
660,500,1874561,0.99
661,500,1790628,1
662,500,2028860,0.96
663,500,2055572,0.97
664,500,2353060,0.94
665,500,2073165,1
666,500,2047333,1
667,500,1869612,1
668,500,2182765,1
669,500,1419737,1
670,500,2286726,0.83
671,500,1973880,1
672,500,2307108,0.86
673,500,2113128,0.92
674,500,2163322,0.79
675,500,2366433,0.91
676,500,1726145,0.97
677,500,2004194,0.77
678,500,1227347,1
679,500,2200369,0.95
680,500,1986881,0.96
681,500,1480615,0.99
682,500,1284444,0.99
683,500,1507885,1
684,500,1924198,0.95
685,500,1175407,1
686,500,1595860,1
687,500,1367525,0.84
688,500,1815587,0.99
689,500,1803647,1
690,500,2190533,0.97
691,500,1828661,0.93
692,500,1133585,1
693,500,2136905,1
694,500,2352623,0.96
695,500,1011282,1
696,500,1913441,0.85
697,500,1978174,1
698,500,1649295,1
699,500,1659509,0.99
700,500,2499603,0.82
701,500,1691598,1
702,500,1947008,0.99
703,500,1904531,0.96
704,500,2143470,1
705,500,2183293,0.98
706,500,2340083,0.85
707,500,1983472,0.76
708,500,1799005,1
709,500,1713857,0.98
710,500,1962142,0.79
711,500,1548817,0.9
712,500,2100545,1
713,500,1157851,1
714,500,1758312,0.98
715,500,2134712,0.99
716,500,1860360,1
717,500,1249346,0.96
718,500,2228658,0.97
719,500,1206556,1
720,500,1819927,1
721,500,1607720,1
722,500,2047701,0.65
723,500,1370415,1
724,500,1424172,1
725,500,1949337,0.98
726,500,1823838,1
727,500,2177763,0.89
728,500,1864807,1
729,500,2220505,0.99
730,500,1995463,1
731,500,2038923,1
732,500,1551400,1
733,500,1328073,0.97
734,500,2359869,0.89
735,500,2001054,1
736,500,1301661,1
737,500,2086172,0.99
738,500,1890754,0.77
739,500,2403702,0.94
740,500,1569075,0.99
741,500,1806273,0.99
742,500,1813086,0.95
743,500,1765283,0.99
744,500,2141149,0.99
745,500,1293954,0.96
746,500,1861044,0.98
747,500,1875501,1
748,500,1259497,0.97
749,500,1466044,1
750,500,1842310,1
751,500,1736277,1
752,500,1753760,1
753,500,1999883,1
754,500,1931057,0.87
755,500,1490728,1
756,500,2137697,0.98
757,500,2103567,1
758,500,1473516,1
759,500,1893588,0.99
760,500,1758042,1
761,500,2035551,0.77
762,500,2114709,0.98
763,500,1924817,0.99
764,500,1929521,0.97
765,500,2053394,1
766,500,2142262,1
767,500,2141972,0.91
768,500,1277456,0.98
769,500,2115838,0.97
770,500,1424838,0.99
771,500,1982305,1
772,500,2194976,0.96
773,500,1774241,1
774,500,2090141,0.77
775,500,1707114,0.93
776,500,2212306,0.97
777,500,1904955,0.94
778,500,2226215,1
779,500,1733051,1
780,500,1485728,1
781,500,1899757,1
782,500,2233636,0.99
783,500,1414356,0.95
784,500,1785301,1
785,500,1140761,1
786,500,1762791,1
787,500,2084621,1
788,500,2259849,0.97
789,500,1582596,1
790,500,1380472,1
791,500,2354777,0.92
792,500,1874169,1
793,500,2143242,1
794,500,2013488,0.98
795,500,2122662,0.98
796,500,2131722,0.98
797,500,2237716,0.96
798,500,1818821,1
799,500,1798773,1
800,500,1884077,1
801,500,2013207,1
802,500,1851539,0.95
803,500,2045991,1
804,500,1925885,1
805,500,1421157,1
806,500,1114224,1
807,500,1467357,1
808,500,1541077,1
809,500,885193,1
810,500,1638193,0.98
811,500,1386814,0.81
812,500,1898194,0.89
813,500,1657393,1
814,500,1569263,1
815,500,2197276,0.96
816,500,1977268,0.92
817,500,1592914,0.99
818,500,1288953,1
819,500,1805083,1
820,500,2014242,1
821,500,1456444,1
822,500,2284169,0.95
823,500,2020851,0.99
824,500,1814199,0.99
825,500,1510508,1
826,500,1611819,1
827,500,2153465,0.91
828,500,1895864,0.99
829,500,2037402,1
830,500,1583783,1
831,500,2199902,0.9
832,500,1775276,0.9
833,500,2305842,0.93
834,500,1633039,1
835,500,1876726,0.91
836,500,1296534,0.86
837,500,1985283,1
838,500,2046438,0.99
839,500,1870646,0.93
840,500,2162351,0.76
841,500,2085111,0.95
842,500,1744127,1
843,500,2621923,1
844,500,2080387,0.96
845,500,1956458,0.94
846,500,2182273,0.92
847,500,1953545,1
848,500,1789672,0.96
849,500,1614257,1
850,500,1971809,0.96
851,500,1526815,1
852,500,1435739,1
853,500,2201164,0.97
854,500,977474,0.94
855,500,1376639,0.96
856,500,2228168,1
857,500,1672027,1
858,500,2085630,0.92
859,500,2133387,1
860,500,1776899,1
861,500,1653974,0.99
862,500,1384048,0.74
863,500,1531952,1
864,500,1400197,0.9
865,500,2376309,0.91
866,500,1775745,1
867,500,1725193,0.97
868,500,2134952,0.95
869,500,1871356,0.98
870,500,1492877,0.96
871,500,1915202,1
872,500,2045662,0.81
873,500,1594872,1
874,500,2129582,0.64
875,500,2143775,0.99
876,500,2116675,0.99
877,500,2178764,0.99
878,500,1398304,1
879,500,2250367,0.97
880,500,1823027,0.99
881,500,1938552,1
882,500,2271214,0.96
883,500,2038688,0.84
884,500,2067236,1
885,500,2413577,0.92
886,500,1609872,0.99
887,500,1257018,0.69
888,500,1959167,0.74
889,500,2125208,0.97
890,500,1703507,1
891,500,1863431,1
892,500,1800231,0.85
893,500,1926848,0.9
894,500,1450233,0.85
895,500,1560315,1
896,500,1460815,1
897,500,2025597,0.97
898,500,1754117,1
899,500,1727230,0.98
900,500,1831531,0.93
901,500,1628120,1
902,500,1653046,1
903,500,1499742,1
904,500,2145703,0.99
905,500,1963710,0.94
906,500,1754868,0.91
907,500,2318011,0.89
908,500,1671549,1
909,500,2020761,1
910,500,2061001,0.98
911,500,1757481,0.99
912,500,2133347,1
913,500,2094562,0.96
914,500,2128753,0.95
915,500,1848543,1
916,500,1640579,1
917,500,1966137,0.79
918,500,1709766,0.9
919,500,1973338,0.99
920,500,2025632,1
921,500,1383387,0.99
922,500,2112314,0.97
923,500,1312851,0.75
924,500,1510866,1
925,500,2128812,1
926,500,2068568,0.94
927,500,1787606,1
928,500,1768162,1
929,500,1370240,1
930,500,1104984,1
931,500,1872573,0.97
932,500,1133631,1
933,500,1993840,0.99
934,500,2143432,0.99
935,500,1940508,1
936,500,2070815,0.99
937,500,1820861,0.99
938,500,1443056,1
939,500,1968831,0.94
940,500,2288167,0.99
941,500,1764741,1
942,500,2157036,0.98
943,500,2105196,0.99
944,500,1553938,0.92
945,500,2380965,0.91
946,500,1732809,1
947,500,2112098,1
948,500,1511107,0.98
949,500,1660971,0.99
950,500,1659793,1
951,500,2291664,0.93
952,500,1432334,0.94
953,500,2080951,1
954,500,2229020,0.96
955,500,2012410,0.93
956,500,1830155,0.95
957,500,1418724,1
958,500,2284460,0.93
959,500,1545201,1
960,500,2057934,0.92
961,500,2003994,1
962,500,1396496,1
963,500,1845718,1
964,500,1832204,1
965,500,1658521,1
966,500,1819144,0.83
967,500,2157785,0.98
968,500,2022981,0.97
969,500,2049261,0.79
970,500,1440529,1
971,500,1515958,1
972,500,1736812,1
973,500,1970572,0.97
974,500,1952523,0.97
975,500,1866070,0.87
976,500,1705384,0.94
977,500,1481864,1
978,500,1499206,1
979,500,1847020,1
980,500,2182305,0.93
981,500,2052336,0.97
982,500,1654831,1
983,500,2150938,0.84
984,500,1816052,1
985,500,1472405,0.94
986,500,2040413,1
987,500,1646108,0.99
988,500,1387413,0.97
989,500,1460693,1
990,500,2046761,0.98
991,500,1869407,0.87
992,500,1445308,0.96
993,500,1388619,1
994,500,2266300,0.93
995,500,1338686,1
996,500,2039429,0.99
997,500,1847362,0.98
998,500,1914075,0.98
999,500,1486779,0.99
0,600,1959589,0.95
1,600,2565649,0.95
2,600,2302305,1
3,600,2713586,0.94
4,600,2412207,1
5,600,2822777,0.98
6,600,2885457,0.98
7,600,2294719,1
8,600,2264805,1
9,600,2588234,0.97
10,600,2530037,0.97
11,600,2693516,0.93
12,600,9251496,0.98
13,600,5283270,1
14,600,4305014,1
15,600,5874030,0.95
16,600,2592685,1
17,600,4477815,0.99
18,600,3717213,1
19,600,5702624,0.82
20,600,3890197,1
21,600,2191609,0.99
22,600,4105709,1
23,600,3181262,1
24,600,4887182,0.99
25,600,4681094,0.98
26,600,2803052,0.99
27,600,4048019,1
28,600,4467719,0.98
29,600,3714211,1
30,600,4065921,0.98
31,600,4375970,0.89
32,600,2680443,1
33,600,3065280,1
34,600,3061348,1
35,600,2671054,1
36,600,4215684,0.94
37,600,3037081,1
38,600,3639961,1
39,600,2278555,1
40,600,2800775,1
41,600,2028528,1
42,600,2109289,1
43,600,2970631,1
44,600,4342003,0.99
45,600,2989684,1
46,600,1973783,1
47,600,3149594,0.99
48,600,2366721,1
49,600,2981403,1
50,600,2307223,1
51,600,3350527,0.97
52,600,3586519,1
53,600,3666812,0.97
54,600,3318462,1
55,600,2920020,0.99
56,600,3627905,0.94
57,600,1638176,1
58,600,2722679,1
59,600,2232496,1
60,600,3200947,0.99
61,600,2560148,1
62,600,2854531,0.99
63,600,2979270,0.98
64,600,3559530,0.8
65,600,3118070,0.99
66,600,2484185,1
67,600,3098517,0.97
68,600,3089988,1
69,600,2751775,1
70,600,3361891,0.95
71,600,2589948,1
72,600,3155501,1
73,600,2513935,1
74,600,2259773,1
75,600,2368942,1
76,600,2914231,0.99
77,600,1885625,1
78,600,2311779,1
79,600,2704153,1
80,600,2843791,0.96
81,600,2297341,1
82,600,2183260,1
83,600,2893286,0.98
84,600,2465849,0.99
85,600,2399426,1
86,600,1678139,0.99
87,600,2772124,0.97
88,600,2594293,0.98
89,600,1564582,0.92
90,600,2308133,1
91,600,2307213,0.99
92,600,2643218,1
93,600,1509166,1
94,600,1504109,1
95,600,2583168,0.99
96,600,2861765,0.99
97,600,2499264,1
98,600,2372336,0.99
99,600,2484236,1
100,600,2342344,1
101,600,2753203,1
102,600,2511124,1
103,600,2817186,0.99
104,600,2521468,1
105,600,2569924,1
106,600,2082152,1
107,600,2024909,1
108,600,2094713,1
109,600,2708041,0.99
110,600,2486792,0.99
111,600,1793795,0.96
112,600,2305542,1
113,600,2416513,1
114,600,2793053,0.99
115,600,2591517,0.98
116,600,1999551,0.96
117,600,2489547,0.99
118,600,2790280,0.81
119,600,2260877,0.97
120,600,2741175,1
121,600,2286179,1
122,600,2290130,0.97
123,600,2132658,1
124,600,2270312,1
125,600,2613557,1
126,600,2814599,0.94
127,600,1933012,1
128,600,1670811,1
129,600,2732426,1
130,600,2289845,1
131,600,2573811,0.93
132,600,1603125,1
133,600,1909810,1
134,600,1869708,1
135,600,2313313,1
136,600,1607130,1
137,600,1489904,0.91
138,600,2148677,1
139,600,2154309,0.99
140,600,2808569,0.93
141,600,1682671,1
142,600,2414904,0.94
143,600,1634575,1
144,600,1962324,1
145,600,1369278,1
146,600,2582220,1
147,600,2516446,0.99
148,600,2659585,0.84
149,600,2186767,1
150,600,2394010,1
151,600,1749342,0.9
152,600,2382795,1
153,600,2166783,1
154,600,2057082,0.99
155,600,2686349,0.98
156,600,2626511,0.99
157,600,2637976,1
158,600,1678431,1
159,600,2671872,0.99
160,600,1962627,1
161,600,2472043,1
162,600,2538583,1
163,600,2452377,1
164,600,2247624,1
165,600,2400629,1
166,600,2131849,1
167,600,1818332,1
168,600,2687938,0.99
169,600,1382168,1
170,600,2822219,1
171,600,1915182,1
172,600,2549200,0.94
173,600,2318697,1
174,600,2331131,0.97
175,600,2548761,0.99
176,600,2400087,0.99
177,600,2529477,0.99
178,600,2181770,0.97
179,600,2446597,0.99
180,600,2803701,0.92
181,600,2467576,0.99
182,600,2309426,0.99
183,600,2373909,0.97
184,600,2187669,1
185,600,2385435,0.99
186,600,1343242,1
187,600,1031754,1
188,600,1920116,1
189,600,2529745,1
190,600,2217825,1
191,600,2307119,0.99
192,600,2020027,1
193,600,1702624,1
194,600,1676315,0.99
195,600,2774511,0.92
196,600,1296657,1
197,600,2135003,0.99
198,600,1519382,1
199,600,2159665,0.99
200,600,1698274,1
201,600,1780678,1
202,600,1804627,1
203,600,1593589,1
204,600,2035486,0.99
205,600,1989168,1
206,600,2216373,0.91
207,600,2237016,1
208,600,2854143,0.88
209,600,1706145,1
210,600,1502530,1
211,600,1924508,1
212,600,2242276,1
213,600,2715488,0.98
214,600,2216921,1
215,600,2182325,0.99
216,600,1430360,0.97
217,600,2805731,1
218,600,1833953,1
219,600,1673859,0.98
220,600,2812337,0.99
221,600,2331586,1
222,600,2202004,1
223,600,1622194,1
224,600,2706482,0.82
225,600,2397629,1
226,600,2198366,1
227,600,2624552,1
228,600,2746658,0.94
229,600,2574710,0.87
230,600,2575984,0.98
231,600,2087847,1
232,600,2243766,0.98
233,600,1694624,1
234,600,2769099,0.93
235,600,2784581,0.99
236,600,2077954,1
237,600,1854516,1
238,600,2244884,1
239,600,2595601,1
240,600,1507625,1
241,600,1975372,1
242,600,1853125,1
243,600,2253698,1
244,600,2495036,0.98
245,600,2859073,0.92
246,600,1859024,1
247,600,2109858,1
248,600,2424190,1
249,600,1520005,1
250,600,1405328,1
251,600,1544736,0.87
252,600,2269665,1
253,600,1750605,1
254,600,2399901,0.98
255,600,2072253,0.98
256,600,1866699,1
257,600,2113191,1
258,600,2452329,1
259,600,1562476,1
260,600,2317949,0.99
261,600,2034275,1
262,600,1083447,1
263,600,2376358,1
264,600,2189261,1
265,600,2391346,0.95
266,600,2816698,0.95
267,600,2402338,0.99
268,600,1846676,1
269,600,2832273,1
270,600,2141855,1
271,600,2532145,1
272,600,2127492,0.99
273,600,2373205,1
274,600,1701086,1
275,600,2389198,0.87
276,600,2267301,0.99
277,600,1620766,1
278,600,1757401,1
279,600,2498019,0.97
280,600,2511748,1
281,600,2088622,1
282,600,2110094,1
283,600,2463640,1
284,600,2547840,1
285,600,1748700,0.98
286,600,2425661,0.95
287,600,2678586,0.98
288,600,2541796,1
289,600,2142907,1
290,600,1520294,1
291,600,2729697,0.93
292,600,2155798,1
293,600,2073857,1
294,600,2073701,0.99
295,600,1785426,1
296,600,1416677,1
297,600,1774209,0.97
298,600,1826115,0.94
299,600,2076584,1
300,600,1643167,1
301,600,2370223,0.99
302,600,2321999,1
303,600,1677457,1
304,600,2623487,1
305,600,1448885,1
306,600,2888025,0.94
307,600,1885663,1
308,600,2051667,1
309,600,2406944,1
310,600,2697817,0.92
311,600,2102844,1
312,600,2257526,0.99
313,600,2849294,0.94
314,600,2489189,1
315,600,1832425,1
316,600,2358825,1
317,600,1455428,1
318,600,1514060,1
319,600,1317178,1
320,600,1672030,0.99
321,600,1746114,1
322,600,1551660,1
323,600,2211150,1
324,600,2565132,0.96
325,600,2055994,1
326,600,1881923,1
327,600,1494982,1
328,600,2030651,1
329,600,2778911,0.86
330,600,1592619,1
331,600,1710294,1
332,600,2360869,0.99
333,600,2185430,1
334,600,2268217,1
335,600,2573945,1
336,600,1567270,0.94
337,600,2677216,0.96
338,600,1668660,1
339,600,2519487,0.99
340,600,2261811,1
341,600,1688979,1
342,600,2688673,0.98
343,600,2658139,1
344,600,1848824,1
345,600,2793377,0.92
346,600,2466901,0.96
347,600,2328067,0.91
348,600,2714348,1
349,600,1579902,1
350,600,2573593,1
351,600,1874154,1
352,600,2536494,0.99
353,600,1811139,1
354,600,1662939,1
355,600,2190802,1
356,600,1367752,1
357,600,1912824,1
358,600,2088011,0.99
359,600,2183711,1
360,600,1645865,1
361,600,2228457,1
362,600,1322232,1
363,600,1760073,1
364,600,2472374,1
365,600,2347601,1
366,600,2320728,0.91
367,600,2520245,1
368,600,1593620,0.99
369,600,1937307,1
370,600,2086501,0.94
371,600,2856428,0.98
372,600,2342232,0.94
373,600,2510508,0.99
374,600,1991677,1
375,600,2185929,1
376,600,2119622,1
377,600,2599752,0.98
378,600,2849073,0.86
379,600,1370607,1
380,600,2618453,0.97
381,600,1506192,1
382,600,1487015,1
383,600,1487116,1
384,600,2216057,1
385,600,1495756,1
386,600,2602858,0.97
387,600,2739592,0.95
388,600,2688963,0.98
389,600,2405115,0.99
390,600,1674721,1
391,600,2223934,1
392,600,2377823,0.98
393,600,2517339,0.97
394,600,1388012,1
395,600,2671468,1
396,600,2685353,1
397,600,2663646,0.92
398,600,2393466,0.99
399,600,1957365,0.91
400,600,2004082,1
401,600,2370790,1
402,600,2168104,1
403,600,2149068,1
404,600,1785900,1
405,600,2981431,0.76
406,600,2340619,0.89
407,600,2212882,1
408,600,1835269,1
409,600,2020727,1
410,600,1488588,1
411,600,1997732,1
412,600,2054127,1
413,600,2304730,1
414,600,1920905,1
415,600,1598745,1
416,600,1672176,1
417,600,2133489,1
418,600,1752128,0.89
419,600,2354986,1
420,600,2570294,1
421,600,1872567,1
422,600,1549903,1
423,600,1758724,0.99
424,600,2053215,1
425,600,1733569,0.99
426,600,2237086,0.89
427,600,2599983,0.99
428,600,1691272,0.99
429,600,1869576,1
430,600,2034385,1
431,600,1465025,1
432,600,2276241,1
433,600,1467051,1
434,600,1562704,1
435,600,2108420,1
436,600,1809093,1
437,600,2106277,1
438,600,1997302,1
439,600,2644714,0.94
440,600,1811816,1
441,600,2349089,0.95
442,600,2353456,0.87
443,600,2224123,1
444,600,1990664,1
445,600,2201482,0.94
446,600,2025856,1
447,600,2759013,0.94
448,600,1617153,1
449,600,2096703,1
450,600,2535264,0.98
451,600,2760474,0.96
452,600,2773582,0.72
453,600,2490883,0.96
454,600,1744312,1
455,600,1496995,1
456,600,2077932,1
457,600,2511360,0.9
458,600,2327119,1
459,600,2392382,1
460,600,2025605,0.92
461,600,2409687,0.99
462,600,2204140,1
463,600,2330429,0.99
464,600,2121948,0.99
465,600,2326127,0.99
466,600,1852054,1
467,600,1735319,1
468,600,2514517,0.98
469,600,2249772,1
470,600,2383135,1
471,600,2481997,0.97
472,600,2151313,0.71
473,600,2819038,0.92
474,600,2091498,1
475,600,2896046,0.84
476,600,2033695,1
477,600,1764986,1
478,600,1912811,1
479,600,2572211,0.95
480,600,1937614,0.99
481,600,2236440,1
482,600,1861783,1
483,600,2444013,0.98
484,600,1999297,1
485,600,1627577,1
486,600,2605508,0.99
487,600,2005461,1
488,600,2237357,0.98
489,600,1858151,0.99
490,600,1717895,0.99
491,600,1588883,1
492,600,1595968,1
493,600,2264573,1
494,600,2460336,0.99
495,600,2581872,0.97
496,600,2363683,1
497,600,2344727,0.99
498,600,2505868,0.98
499,600,2009449,1
500,600,1554590,1
501,600,2726298,0.92
502,600,1862802,1
503,600,2136710,1
504,600,2872989,0.93
505,600,2388678,1
506,600,1777164,1
507,600,2251479,0.73
508,600,2318978,1
509,600,2637399,0.9
510,600,2230266,0.97
511,600,2291122,1
512,600,1442804,1
513,600,2473791,0.99
514,600,1932531,0.92
515,600,2759645,0.99
516,600,2120293,1
517,600,2317399,0.91
518,600,1887084,1
519,600,2403702,0.97
520,600,2533572,1
521,600,1420324,1
522,600,2438119,1
523,600,1444620,1
524,600,2176946,1
525,600,1811727,1
526,600,2226265,1
527,600,2223100,0.99
528,600,1612931,1
529,600,1702594,1
530,600,2385673,0.89
531,600,2759626,0.95
532,600,2374249,0.99
533,600,2394736,1
534,600,2614664,1
535,600,2718564,0.99
536,600,2354484,0.99
537,600,2484853,0.99
538,600,1794920,1
539,600,2532663,0.98
540,600,1977441,1
541,600,1963555,1
542,600,1700675,0.99
543,600,2177956,1
544,600,2453644,0.99
545,600,2606736,1
546,600,1268498,1
547,600,2585674,0.99
548,600,2054186,0.94
549,600,1772026,1
550,600,1555342,1
551,600,1474733,1
552,600,1979897,0.99
553,600,2483099,0.96
554,600,2014443,0.99
555,600,2416085,0.99
556,600,2461299,0.98
557,600,2549502,0.98
558,600,1848492,1
559,600,2558771,0.99
560,600,2479481,1
561,600,2387182,0.98
562,600,2567097,1
563,600,2217122,0.99
564,600,1907096,0.98
565,600,2422322,0.95
566,600,2399963,0.93
567,600,2442557,0.96
568,600,2005553,1
569,600,2394988,0.98
570,600,1756516,1
571,600,2003772,1
572,600,1605431,1
573,600,2353339,0.99
574,600,2169459,0.98
575,600,1219568,1
576,600,2628021,0.96
577,600,2317930,1
578,600,2004366,0.99
579,600,2612726,0.74
580,600,2439415,0.84
581,600,2720216,1
582,600,1974103,0.97
583,600,2461078,1
584,600,2007885,1
585,600,2246276,0.91
586,600,2313239,1
587,600,2426201,0.97
588,600,2208880,1
589,600,2381661,0.99
590,600,2269906,1
591,600,2473175,0.98
592,600,2451354,0.98
593,600,2244198,1
594,600,2504486,1
595,600,1325617,1
596,600,2230773,0.99
597,600,2001985,0.97
598,600,2293078,0.96
599,600,2163933,1
600,600,2776513,0.88
601,600,2293770,0.83
602,600,2620899,0.98
603,600,2120212,1
604,600,2148923,1
605,600,1898334,1
606,600,2269343,1
607,600,2612659,0.96
608,600,1950711,0.99
609,600,1965015,1
610,600,1763305,1
611,600,2170514,1
612,600,2017470,1
613,600,1975240,1
614,600,2517073,0.96
615,600,2474852,0.94
616,600,2505191,0.98
617,600,2128362,1
618,600,2369093,0.87
619,600,2599176,0.87
620,600,2113642,1
621,600,1906536,0.98
622,600,2131918,0.98
623,600,2465064,0.99
624,600,2541626,1
625,600,1446610,1
626,600,2498704,0.98
627,600,1333134,1
628,600,1973676,0.99
629,600,1653611,0.99
630,600,2550327,0.94
631,600,2763508,1
632,600,1490505,1
633,600,2178568,0.99
634,600,1228063,1
635,600,2816641,0.94
636,600,2465166,0.95
637,600,2324825,1
638,600,2463793,0.98
639,600,2547989,0.98
640,600,1938898,0.99
641,600,2427002,0.98
642,600,1803262,1
643,600,1987779,0.96
644,600,1917034,1
645,600,2394989,0.98
646,600,2445505,0.99
647,600,2352656,0.98
648,600,1770235,1
649,600,2393967,1
650,600,2160757,0.99
651,600,2132973,1
652,600,1623324,1
653,600,1582882,1
654,600,2402469,0.98
655,600,2556785,0.96
656,600,2009096,0.87
657,600,1715829,1
658,600,2637131,0.99
659,600,2739261,0.92
660,600,2199880,1
661,600,2055373,1
662,600,2366256,0.97
663,600,2434915,0.98
664,600,2797617,0.96
665,600,2472568,1
666,600,2437977,1
667,600,2196333,1
668,600,2566509,1
669,600,1651646,1
670,600,2674054,0.86
671,600,2306725,1
672,600,2726693,0.88
673,600,2491759,0.94
674,600,2546946,0.82
675,600,2757311,0.91
676,600,2020652,0.97
677,600,2365478,0.79
678,600,1478353,1
679,600,2605964,0.96
680,600,2311110,0.97
681,600,1694883,0.99
682,600,1468919,0.99
683,600,1724510,1
684,600,2278594,0.95
685,600,1386244,1
686,600,1836081,1
687,600,1559245,0.84
688,600,2137753,0.99
689,600,2060240,1
690,600,2569414,0.97
691,600,2125279,0.93
692,600,1350807,1
693,600,2488818,1
694,600,2792753,0.96
695,600,1254420,1
696,600,2261359,0.87
697,600,2339220,1
698,600,1891441,1
699,600,1952855,0.99
700,600,2913403,0.86
701,600,1974411,1
702,600,2238947,0.99
703,600,2239979,0.97
704,600,2519859,1
705,600,2558497,0.99
706,600,2763901,0.87
707,600,2335143,0.8
708,600,2115310,1
709,600,1985987,0.98
710,600,2344024,0.85
711,600,1925539,0.91
712,600,2430226,1
713,600,1331299,1
714,600,2088548,0.98
715,600,2511809,1
716,600,2170878,1
717,600,1422893,0.96
718,600,2639572,0.97
719,600,1521843,1
720,600,2165910,1
721,600,1854903,1
722,600,2394470,0.7
723,600,1587377,1
724,600,1607790,1
725,600,2302628,0.98
726,600,2125527,1
727,600,2588144,0.9
728,600,2222574,1
729,600,2638185,0.99
730,600,2370962,1
731,600,2401512,1
732,600,1787562,1
733,600,1527364,0.98
734,600,2794410,0.9
735,600,2330421,1
736,600,1533757,1
737,600,2451851,0.99
738,600,2189744,0.79
739,600,2819862,0.95
740,600,1864755,0.99
741,600,2144625,0.99
742,600,2116238,0.97
743,600,2061091,0.99
744,600,2537783,0.99
745,600,1484406,0.97
746,600,2152348,0.99
747,600,2163930,1
748,600,1477650,0.97
749,600,1748588,1
750,600,2145983,1
751,600,2054749,1
752,600,2051073,1
753,600,2362732,1
754,600,2249320,0.88
755,600,1750181,1
756,600,2475820,0.99
757,600,2477593,1
758,600,1752844,1
759,600,2241589,0.99
760,600,2046839,1
761,600,2402396,0.78
762,600,2530150,0.98
763,600,2218537,0.99
764,600,2289860,0.98
765,600,2398214,1
766,600,2544940,1
767,600,2537790,0.93
768,600,1476520,0.98
769,600,2474793,0.98
770,600,1677577,0.99
771,600,2361372,1
772,600,2579918,1
773,600,2078116,1
774,600,2469398,0.8
775,600,1989228,0.94
776,600,2654669,0.97
777,600,2224601,0.95
778,600,2637523,1
779,600,2037266,1
780,600,1738896,1
781,600,2212060,1
782,600,2647653,1
783,600,1620979,0.96
784,600,2128104,1
785,600,1292686,1
786,600,2067431,1
787,600,2482217,1
788,600,2657902,0.98
789,600,1859987,1
790,600,1602086,1
791,600,2784531,0.95
792,600,2212917,1
793,600,2523836,1
794,600,2364152,0.98
795,600,2501449,0.99
796,600,2476412,0.99
797,600,2577714,0.98
798,600,2156794,1
799,600,2124907,1
800,600,2232506,1
801,600,2392083,1
802,600,2136664,0.95
803,600,2409356,1
804,600,2242413,1
805,600,1686909,1
806,600,1227686,1
807,600,1679168,1
808,600,1787078,1
809,600,1106421,1
810,600,1945695,0.99
811,600,1615259,0.81
812,600,2262731,0.91
813,600,1882636,1
814,600,1802260,1
815,600,2538172,0.99
816,600,2322005,0.93
817,600,1857965,1
818,600,1521789,1
819,600,2102585,1
820,600,2316206,1
821,600,1704252,1
822,600,2672399,0.97
823,600,2400888,0.99
824,600,2132489,0.99
825,600,1771966,1
826,600,1878059,1
827,600,2501526,0.94
828,600,2214430,0.99
829,600,2404785,1
830,600,1837451,1
831,600,2575010,0.91
832,600,2071039,0.91
833,600,2694437,0.94
834,600,1887131,1
835,600,2161494,0.91
836,600,1496916,0.87
837,600,2348098,1
838,600,2422314,0.99
839,600,2135185,0.93
840,600,2550792,0.78
841,600,2456497,0.96
842,600,2013087,1
843,600,1817100,1
844,600,2409002,0.98
845,600,2241034,0.97
846,600,2595202,0.94
847,600,2275149,1
848,600,2104797,0.96
849,600,1922326,1
850,600,2306088,0.97
851,600,1795725,1
852,600,1662634,1
853,600,2582513,0.98
854,600,1122255,0.94
855,600,1582835,0.97
856,600,2624849,1
857,600,1972458,1
858,600,2463335,0.93
859,600,2499893,1
860,600,2052515,1
861,600,1886988,1
862,600,1599026,0.77
863,600,1766400,1
864,600,1619501,0.93
865,600,2779829,0.94
866,600,2079045,1
867,600,2043582,0.97
868,600,2530933,0.97
869,600,2210679,0.98
870,600,1755722,0.96
871,600,2220783,1
872,600,2436885,0.86
873,600,1828815,1
874,600,2504640,0.66
875,600,2519684,1
876,600,2489440,1
877,600,2537591,1
878,600,1573342,1
879,600,2646525,0.97
880,600,2154244,1
881,600,2348396,1
882,600,2641967,0.96
883,600,2380061,0.87
884,600,2465134,1
885,600,2842602,0.94
886,600,1863505,0.99
887,600,1495325,0.72
888,600,2257962,0.75
889,600,2479522,0.98
890,600,1962819,1
891,600,2186111,1
892,600,2113569,0.87
893,600,2237810,0.9
894,600,1750978,0.88
895,600,1873003,1
896,600,1690465,1
897,600,2376237,0.98
898,600,2055533,1
899,600,1993990,1
900,600,2148811,0.96
901,600,1942797,1
902,600,1935036,1
903,600,1714141,1
904,600,2505021,0.99
905,600,2360265,0.96
906,600,2059602,0.92
907,600,2727788,0.92
908,600,1937525,1
909,600,2380065,1
910,600,2414569,1
911,600,2076953,0.99
912,600,2505886,1
913,600,2469618,0.97
914,600,2494981,0.95
915,600,2157688,1
916,600,1894724,1
917,600,2309504,0.81
918,600,2044477,0.91
919,600,2346288,0.99
920,600,2384530,1
921,600,1638928,1
922,600,2461405,0.97
923,600,1562397,0.78
924,600,1727665,1
925,600,2496267,1
926,600,2425493,0.95
927,600,2073027,1
928,600,2055415,1
929,600,1573669,1
930,600,1268383,1
931,600,2184014,0.99
932,600,1303702,1
933,600,2324841,1
934,600,2492149,0.99
935,600,2283775,1
936,600,2421122,0.99
937,600,2088135,0.99
938,600,1673078,1
939,600,2294389,0.96
940,600,2685991,0.99
941,600,2054173,1
942,600,2517854,0.98
943,600,2503030,0.99
944,600,1739498,0.93
945,600,2851790,0.92
946,600,2003928,1
947,600,2496129,1
948,600,1757225,0.99
949,600,1956983,1
950,600,1982532,1
951,600,2703094,0.95
952,600,1632468,0.96
953,600,2503523,1
954,600,2623008,0.96
955,600,2372941,0.94
956,600,2145811,0.96
957,600,1603950,1
958,600,2691469,0.95
959,600,1862851,1
960,600,2399048,0.94
961,600,2387125,1
962,600,1555050,1
963,600,2174285,1
964,600,2143790,1
965,600,1915067,1
966,600,2159775,0.85
967,600,2571124,0.99
968,600,2379143,0.98
969,600,2421742,0.84
970,600,1666125,1
971,600,1844653,1
972,600,2001328,1
973,600,2281465,0.97
974,600,2331555,0.98
975,600,2151453,0.87
976,600,2022500,0.94
977,600,1700029,1
978,600,1719590,1
979,600,2138192,1
980,600,2605332,0.94
981,600,2444985,0.97
982,600,1941312,1
983,600,2518326,0.85
984,600,2224036,1
985,600,1694998,0.94
986,600,2368310,1
987,600,1957609,0.99
988,600,1567901,0.98
989,600,1710974,1
990,600,2399452,0.98
991,600,2182383,0.88
992,600,1712175,0.96
993,600,1602675,1
994,600,2676809,0.94
995,600,1535164,1
996,600,2412360,0.99
997,600,2174073,0.98
998,600,2292851,0.99
999,600,1724880,0.99
0,700,2211965,0.95
1,700,2926606,0.96
2,700,2631094,1
3,700,3112212,0.94
4,700,2740383,1
5,700,3191467,0.98
6,700,3309873,0.98
7,700,2631219,1
8,700,2578849,1
9,700,2961193,0.97
10,700,2949065,0.97
11,700,3112235,0.94
12,700,3016489,0.99
13,700,2839682,1
14,700,2659737,1
15,700,3082451,0.96
16,700,1715002,1
17,700,2889734,1
18,700,2532704,1
19,700,3319704,0.83
20,700,2517604,1
21,700,1837054,0.99
22,700,2623394,1
23,700,2256614,1
24,700,3007702,0.99
25,700,3233427,0.98
26,700,2098383,0.99
27,700,2941826,1
28,700,2964968,0.98
29,700,2662871,1
30,700,2821430,0.99
31,700,3082896,0.9
32,700,2121104,1
33,700,2586081,1
34,700,2276448,1
35,700,2051615,1
36,700,3130733,0.95
37,700,2404838,1
38,700,2849440,1
39,700,2007204,1
40,700,2434898,1
41,700,1779208,1
42,700,2021135,1
43,700,2544977,1
44,700,3134312,0.99
45,700,2360787,1
46,700,1983971,1
47,700,2817048,1
48,700,2001383,1
49,700,2379438,1
50,700,2262115,1
51,700,2822744,0.99
52,700,2929459,1
53,700,2882661,0.98
54,700,3158300,1
55,700,2802538,1
56,700,2993691,0.94
57,700,1514307,1
58,700,2618462,1
59,700,2072750,1
60,700,2831606,0.99
61,700,2555540,1
62,700,2773418,0.99
63,700,2898589,0.98
64,700,3128256,0.84
65,700,2979639,1
66,700,2395747,1
67,700,2767194,0.97
68,700,3029030,1
69,700,2769841,1
70,700,3298884,0.96
71,700,2584053,1
72,700,3085743,1
73,700,2512064,1
74,700,2021648,1
75,700,2396301,1
76,700,2903669,0.99
77,700,1941523,1
78,700,2308133,1
79,700,2489793,1
80,700,2778510,0.97
81,700,2325792,1
82,700,2250200,1
83,700,2992200,0.98
84,700,2564926,0.99
85,700,2376049,1
86,700,1697759,0.99
87,700,2916459,0.99
88,700,2495987,1
89,700,1496485,0.92
90,700,2319568,1
91,700,2348751,0.99
92,700,2906393,1
93,700,1581589,1
94,700,1642278,1
95,700,2801720,0.99
96,700,3043221,0.99
97,700,2650072,1
98,700,2591146,0.99
99,700,2553285,1
100,700,2471248,1
101,700,2976241,1
102,700,2619060,1
103,700,2931365,0.99
104,700,2689162,1
105,700,2809331,1
106,700,2195760,1
107,700,2245708,1
108,700,2359634,1
109,700,2902669,0.99
110,700,2723375,0.99
111,700,1946130,0.96
112,700,2520708,1
113,700,2581333,1
114,700,3015601,1
115,700,2890865,0.99
116,700,2187306,0.96
117,700,2715212,0.99
118,700,3025383,0.85
119,700,2476501,0.97
120,700,3027227,1
121,700,2526309,1
122,700,2504459,0.97
123,700,2398318,1
124,700,2474780,1
125,700,2920084,1
126,700,3140967,0.95
127,700,2099253,1
128,700,1807373,1
129,700,3007994,1
130,700,2532550,1
131,700,2856567,0.93
132,700,1770482,1
133,700,2145692,1
134,700,2108880,1
135,700,2502082,1
136,700,1800378,1
137,700,1611568,0.91
138,700,2430216,1
139,700,2338929,1
140,700,3134666,0.95
141,700,1846194,1
142,700,2667981,0.95
143,700,1822108,1
144,700,2174904,1
145,700,1570237,1
146,700,2900968,1
147,700,2827659,0.99
148,700,2960038,0.86
149,700,2427160,1
150,700,2652012,1
151,700,1975636,0.9
152,700,2648372,1
153,700,2371136,1
154,700,2267836,0.99
155,700,3046211,0.98
156,700,3030979,0.99
157,700,2969367,1
158,700,1843226,1
159,700,2980478,1
160,700,2233667,1
161,700,2798221,1
162,700,2883230,1
163,700,2789478,1
164,700,2518639,1
165,700,2669434,1
166,700,2442770,1
167,700,2028710,1
168,700,3010210,0.99
169,700,1498446,1
170,700,3236448,1
171,700,2143360,1
172,700,2913903,0.95
173,700,2621444,1
174,700,2660264,0.97
175,700,2928628,0.99
176,700,2707133,0.99
177,700,2864622,0.99
178,700,2467312,0.97
179,700,2752587,0.99
180,700,3159946,0.94
181,700,2850649,0.99
182,700,2660793,0.99
183,700,2696183,0.97
184,700,2497544,1
185,700,2704719,0.99
186,700,1524425,1
187,700,1245705,1
188,700,2205866,1
189,700,2871480,1
190,700,2522875,1
191,700,2615616,0.99
192,700,2269879,1
193,700,1916028,1
194,700,1890189,0.99
195,700,3161321,0.93
196,700,1464433,1
197,700,2433524,0.99
198,700,1758884,1
199,700,2505309,0.99
200,700,1920405,1
201,700,2021721,1
202,700,2061255,1
203,700,1766849,1
204,700,2341002,0.99
205,700,2254518,1
206,700,2509406,0.92
207,700,2537235,1
208,700,3273089,0.88
209,700,1963081,1
210,700,1677390,1
211,700,2181725,1
212,700,2539279,1
213,700,3113574,0.99
214,700,2542183,1
215,700,2450610,0.99
216,700,1606591,0.98
217,700,3227367,1
218,700,2064742,1
219,700,1852830,0.98
220,700,3192094,0.99
221,700,2701513,1
222,700,2479338,1
223,700,1797337,1
224,700,3107658,0.83
225,700,2694722,1
226,700,2568108,1
227,700,2970053,1
228,700,3076013,0.96
229,700,2928092,0.91
230,700,2942775,0.98
231,700,2354401,1
232,700,2513108,0.98
233,700,1936328,1
234,700,3120176,0.94
235,700,3185603,1
236,700,2288739,1
237,700,2107643,1
238,700,2527893,1
239,700,2924262,1
240,700,1701295,1
241,700,2236695,1
242,700,2064819,1
243,700,2527169,1
244,700,2864814,0.98
245,700,3265898,0.93
246,700,2088979,1
247,700,2409317,1
248,700,2825389,1
249,700,1806093,1
250,700,1570707,1
251,700,1750142,0.87
252,700,2556439,1
253,700,2001480,1
254,700,2730267,1
255,700,2346873,0.98
256,700,2097472,1
257,700,2376000,1
258,700,2737154,1
259,700,1739827,1
260,700,2644251,0.99
261,700,2344975,1
262,700,1235986,1
263,700,2675842,1
264,700,2503458,1
265,700,2694697,0.97
266,700,3201816,0.96
267,700,2763882,0.99
268,700,2081955,1
269,700,3258295,1
270,700,2457048,1
271,700,2878409,1
272,700,2449229,1
273,700,2705537,1
274,700,1922149,1
275,700,2674539,0.89
276,700,2570382,1
277,700,1843223,1
278,700,1985839,1
279,700,2816574,0.98
280,700,2835244,1
281,700,2404302,1
282,700,2401601,1
283,700,2849770,1
284,700,2906760,1
285,700,1992716,0.98
286,700,2776999,0.95
287,700,3011303,0.98
288,700,2898469,1
289,700,2485819,1
290,700,1713131,1
291,700,3115788,0.94
292,700,2477793,1
293,700,2414117,1
294,700,2309317,0.99
295,700,1998057,1
296,700,1601395,1
297,700,1982401,0.97
298,700,2066397,0.95
299,700,2366253,1
300,700,1845494,1
301,700,2697227,0.99
302,700,2693314,1
303,700,1918660,1
304,700,2997906,1
305,700,1625946,1
306,700,3326287,0.94
307,700,2160940,1
308,700,2311471,1
309,700,2758764,1
310,700,3103144,0.92
311,700,2381045,1
312,700,2558318,0.99
313,700,3277159,0.94
314,700,2857375,1
315,700,2060769,1
316,700,2687748,1
317,700,1651208,1
318,700,1736713,1
319,700,1503620,1
320,700,1884205,1
321,700,1990138,1
322,700,1745277,1
323,700,2545249,1
324,700,2886618,0.98
325,700,2436380,1
326,700,2169258,1
327,700,1686463,1
328,700,2271109,1
329,700,3209278,0.87
330,700,1778614,1
331,700,1963090,1
332,700,2686308,0.99
333,700,2507732,1
334,700,2598857,1
335,700,2969440,1
336,700,1761634,0.94
337,700,3096021,0.97
338,700,1885572,1
339,700,2875364,0.99
340,700,2589637,1
341,700,1863076,1
342,700,3068379,0.99
343,700,3083213,1
344,700,2049782,1
345,700,3171390,0.94
346,700,2827609,0.97
347,700,2652369,0.93
348,700,3141332,1
349,700,1776398,1
350,700,2949995,1
351,700,2137278,1
352,700,2922499,0.99
353,700,2071278,1
354,700,1885473,1
355,700,2481287,1
356,700,1575408,1
357,700,2163957,1
358,700,2394790,0.99
359,700,2464440,1
360,700,1920203,1
361,700,2532085,1
362,700,1522556,1
363,700,1981419,1
364,700,2823569,1
365,700,2667256,1
366,700,2669301,0.92
367,700,2928288,1
368,700,1786786,0.99
369,700,2199642,1
370,700,2424371,0.95
371,700,3252893,0.98
372,700,2653628,0.95
373,700,2871184,0.99
374,700,2246519,1
375,700,2481356,1
376,700,2428637,1
377,700,2945650,0.99
378,700,3297253,0.88
379,700,1558242,1
380,700,2947839,0.97
381,700,1744263,1
382,700,1674375,1
383,700,1682705,1
384,700,2535223,1
385,700,1703234,1
386,700,2927629,0.99
387,700,3131301,0.95
388,700,3092308,0.99
389,700,2763713,0.99
390,700,1912862,1
391,700,2508094,1
392,700,2734514,0.98
393,700,2881709,0.99
394,700,1607864,1
395,700,3020990,1
396,700,3052267,1
397,700,3056329,0.95
398,700,2695701,0.99
399,700,2208524,0.92
400,700,2294999,1
401,700,2696516,1
402,700,2459044,1
403,700,2465209,1
404,700,2027630,1
405,700,3398405,0.86
406,700,2644176,0.92
407,700,2499385,1
408,700,2102654,1
409,700,2229003,1
410,700,1683052,1
411,700,2254394,1
412,700,2308201,1
413,700,2651253,1
414,700,2193683,1
415,700,1843023,1
416,700,1910309,1
417,700,2417906,1
418,700,1955704,0.89
419,700,2631993,1
420,700,2935001,1
421,700,2109949,1
422,700,1789099,1
423,700,2019135,0.99
424,700,2341360,1
425,700,1927668,1
426,700,2548735,0.89
427,700,2990033,1
428,700,1896542,0.99
429,700,2054940,1
430,700,2315169,1
431,700,1632867,1
432,700,2607572,1
433,700,1677729,1
434,700,1756999,1
435,700,2369633,1
436,700,2018142,1
437,700,2390164,1
438,700,2266271,1
439,700,3034188,0.95
440,700,2025119,1
441,700,2676561,0.98
442,700,2661079,0.88
443,700,2520879,1
444,700,2283565,1
445,700,2458796,0.94
446,700,2298533,1
447,700,3157216,0.97
448,700,1813895,1
449,700,2358858,1
450,700,2851122,0.99
451,700,3180480,0.98
452,700,3241351,0.76
453,700,2877112,0.96
454,700,1966670,1
455,700,1687008,1
456,700,2373813,1
457,700,2865483,0.92
458,700,2663378,1
459,700,2733602,1
460,700,2290972,0.92
461,700,2756536,0.99
462,700,2511422,1
463,700,2667168,0.99
464,700,2431490,0.99
465,700,2682608,1
466,700,2091647,1
467,700,1997602,1
468,700,2823269,0.99
469,700,2582154,1
470,700,2714192,1
471,700,2881847,0.98
472,700,2456190,0.73
473,700,3215222,0.95
474,700,2397293,1
475,700,3320254,0.85
476,700,2343203,1
477,700,1991135,1
478,700,2183072,1
479,700,2927632,0.95
480,700,2220136,0.99
481,700,2604969,1
482,700,2133447,1
483,700,2847935,0.99
484,700,2305307,1
485,700,1904202,1
486,700,2966809,1
487,700,2266844,1
488,700,2552045,0.99
489,700,2125051,0.99
490,700,1969027,0.99
491,700,1774869,1
492,700,1813423,1
493,700,2603832,1
494,700,2750980,0.99
495,700,2966839,0.97
496,700,2727798,1
497,700,2699142,0.99
498,700,2833184,0.98
499,700,2292829,1
500,700,1776320,1
501,700,3098937,0.93
502,700,2164943,1
503,700,2385021,1
504,700,3363876,0.93
505,700,2728419,1
506,700,1978638,1
507,700,2583800,0.76
508,700,2662076,1
509,700,3037815,0.91
510,700,2524809,0.98
511,700,2569965,1
512,700,1624544,1
513,700,2856155,0.99
514,700,2203392,0.93
515,700,3157318,0.99
516,700,2466401,1
517,700,2629300,0.92
518,700,2165656,1
519,700,2767485,0.98
520,700,2874298,1
521,700,1581462,1
522,700,2784042,1
523,700,1634494,1
524,700,2505942,1
525,700,2057825,1
526,700,2584710,1
527,700,2489665,1
528,700,1829102,1
529,700,1909476,1
530,700,2718453,0.9
531,700,3137810,0.96
532,700,2706511,0.99
533,700,2744068,1
534,700,2995501,1
535,700,2872441,0.99
536,700,2679494,0.99
537,700,2839039,0.99
538,700,2057497,1
539,700,2886137,0.98
540,700,2226360,1
541,700,2248404,1
542,700,1953653,0.99
543,700,2524353,1
544,700,2842335,1
545,700,2997636,1
546,700,1454184,1
547,700,2975717,0.99
548,700,2354179,0.96
549,700,2027085,1
550,700,1743914,1
551,700,1710129,1
552,700,2265073,0.99
553,700,2801326,0.96
554,700,2304813,0.99
555,700,2775565,1
556,700,2831923,0.98
557,700,2958662,0.98
558,700,2152208,1
559,700,2930668,0.99
560,700,2849453,1
561,700,2729571,0.98
562,700,2970098,1
563,700,2537691,0.99
564,700,2180070,0.98
565,700,2794664,0.96
566,700,2775695,0.93
567,700,2837353,0.96
568,700,2281285,1
569,700,2752617,0.99
570,700,1963997,1
571,700,2300790,1
572,700,1784222,1
573,700,2718218,0.99
574,700,2490198,0.98
575,700,1401794,1
576,700,3015367,0.98
577,700,2639921,1
578,700,2253439,0.99
579,700,2975194,0.77
580,700,2788207,0.84
581,700,3114518,1
582,700,2320740,0.98
583,700,2833213,1
584,700,2307458,1
585,700,2539831,0.92
586,700,2644824,1
587,700,2883888,0.98
588,700,2554065,1
589,700,2753970,1
590,700,2580456,1
591,700,2846350,0.98
592,700,2831360,1
593,700,2600517,1
594,700,2879048,1
595,700,1501132,1
596,700,2507461,1
597,700,2339251,0.98
598,700,2623794,0.97
599,700,2460120,1
600,700,3177795,0.89
601,700,2596121,0.84
602,700,2987287,0.98
603,700,2414652,1
604,700,2444527,1
605,700,2141501,1
606,700,2599781,1
607,700,2991002,0.97
608,700,2269165,0.99
609,700,2256618,1
610,700,1981720,1
611,700,2466709,1
612,700,2352662,1
613,700,2256883,1
614,700,2856577,0.96
615,700,2865015,0.95
616,700,2869678,0.98
617,700,2448627,1
618,700,2680242,0.87
619,700,2991478,0.9
620,700,2428728,1
621,700,2168651,0.98
622,700,2417487,0.98
623,700,2848179,1
624,700,2926564,1
625,700,1656266,1
626,700,2859466,1
627,700,1525788,1
628,700,2232288,0.99
629,700,1850713,0.99
630,700,2889412,0.94
631,700,3144670,1
632,700,1685513,1
633,700,2502794,0.99
634,700,1411756,1
635,700,3132518,0.95
636,700,2864608,0.96
637,700,2661393,1
638,700,2794710,0.99
639,700,2973846,0.98
640,700,2203192,0.99
641,700,2741547,0.98
642,700,2056969,1
643,700,2318886,0.97
644,700,2210910,1
645,700,2784161,0.98
646,700,2775114,1
647,700,2741852,0.98
648,700,1998650,1
649,700,2747431,1
650,700,2416477,0.99
651,700,2439089,1
652,700,1875327,1
653,700,1854786,1
654,700,2792866,0.99
655,700,2938194,0.96
656,700,2318958,0.9
657,700,2026888,1
658,700,3011618,1
659,700,3113617,0.93
660,700,2524955,1
661,700,2320427,1
662,700,2671418,0.97
663,700,2769640,0.98
664,700,3214554,0.98
665,700,2826784,1
666,700,2771084,1
667,700,2497791,1
668,700,2949622,1
669,700,1840501,1
670,700,3102999,0.86
671,700,2648806,1
672,700,3145645,0.91
673,700,2863546,0.96
674,700,2920685,0.84
675,700,3155016,0.91
676,700,2274693,0.97
677,700,2640447,0.8
678,700,1768536,1
679,700,2987442,0.96
680,700,2631680,0.97
681,700,1914019,0.99
682,700,1672367,0.99
683,700,1939425,1
684,700,2610808,0.97
685,700,1553838,1
686,700,2084000,1
687,700,1726949,0.85
688,700,2446682,0.99
689,700,2339248,1
690,700,2906674,0.98
691,700,2416942,0.93
692,700,1555955,1
693,700,2863792,1
694,700,3191316,0.96
695,700,1485986,1
696,700,2594178,0.89
697,700,2688410,1
698,700,2149506,1
699,700,2264279,0.99
700,700,3339784,0.86
701,700,2259002,1
702,700,2531322,0.99
703,700,2535710,0.97
704,700,2888085,1
705,700,2914741,0.99
706,700,3171862,0.89
707,700,2703993,0.8
708,700,2421874,1
709,700,2233647,0.98
710,700,2661627,0.86
711,700,2209508,0.91
712,700,2792259,1
713,700,1473220,1
714,700,2414278,0.98
715,700,2868199,1
716,700,2455598,1
717,700,1602897,0.96
718,700,3037884,0.97
719,700,1800990,1
720,700,2515526,1
721,700,2098925,1
722,700,2784175,0.7
723,700,1794820,1
724,700,1781717,1
725,700,2668911,0.98
726,700,2472679,1
727,700,2977218,0.9
728,700,2538195,1
729,700,2991071,0.99
730,700,2737775,1
731,700,2758899,1
732,700,1983533,1
733,700,1711715,0.98
734,700,3207072,0.91
735,700,2672718,1
736,700,1773774,1
737,700,2803304,0.99
738,700,2495090,0.82
739,700,3217171,0.97
740,700,2075193,0.99
741,700,2460087,0.99
742,700,2432968,0.99
743,700,2294405,0.99
744,700,2895165,0.99
745,700,1639944,0.97
746,700,2484051,0.99
747,700,2428977,1
748,700,1656132,0.97
749,700,2028178,1
750,700,2440112,1
751,700,2331541,1
752,700,2363903,1
753,700,2733465,1
754,700,2597798,0.91
755,700,1998716,1
756,700,2829851,0.99
757,700,2848321,1
758,700,2016473,1
759,700,2537522,0.99
760,700,2340496,1
761,700,2718130,0.79
762,700,2924291,0.98
763,700,2509137,0.99
764,700,2620093,0.98
765,700,2746030,1
766,700,2930449,1
767,700,2869131,0.93
768,700,1625379,0.98
769,700,2811218,0.98
770,700,1917308,0.99
771,700,2735729,1
772,700,2938041,1
773,700,2408077,1
774,700,2844784,0.84
775,700,2297229,0.94
776,700,3012741,0.98
777,700,2540644,0.95
778,700,2998986,1
779,700,2335416,1
780,700,1954503,1
781,700,2501438,1
782,700,2980694,1
783,700,1874562,0.99
784,700,2473227,1
785,700,1426175,1
786,700,2372286,1
787,700,2846082,1
788,700,3042361,0.98
789,700,2099080,1
790,700,1834423,1
791,700,3171736,0.97
792,700,2543761,1
793,700,2904685,1
794,700,2703831,0.99
795,700,2856211,0.99
796,700,2824546,0.99
797,700,2969431,0.99
798,700,2459969,1
799,700,2452532,1
800,700,2551812,1
801,700,2715318,1
802,700,2408891,0.95
803,700,2756050,1
804,700,2545590,1
805,700,1923375,1
806,700,1337871,1
807,700,1855942,1
808,700,2008504,1
809,700,1287455,1
810,700,2209950,0.99
811,700,1834026,0.82
812,700,2600446,0.91
813,700,2127606,1
814,700,2058302,1
815,700,2919261,0.99
816,700,2665466,0.93
817,700,2118767,1
818,700,1785859,1
819,700,2371283,1
820,700,2587788,1
821,700,1922370,1
822,700,3048217,0.98
823,700,2719911,0.99
824,700,2415638,0.99
825,700,2016393,1
826,700,2112504,1
827,700,2881394,0.94
828,700,2548594,1
829,700,2764367,1
830,700,2060574,1
831,700,3014559,0.93
832,700,2387886,0.93
833,700,3087472,0.95
834,700,2110379,1
835,700,2491029,0.91
836,700,1703071,0.9
837,700,2654062,1
838,700,2786191,0.99
839,700,2423200,0.94
840,700,2927536,0.78
841,700,2823553,0.96
842,700,2297077,1
843,700,2064068,1
844,700,2747570,0.98
845,700,2540548,0.97
846,700,2993937,0.95
847,700,2591876,1
848,700,2437181,0.97
849,700,2215894,1
850,700,2643524,0.97
851,700,2051211,1
852,700,1926680,1
853,700,2940338,0.98
854,700,1248281,0.94
855,700,1820789,0.97
856,700,3015858,1
857,700,2243812,1
858,700,2812037,0.93
859,700,2857963,1
860,700,2309852,1
861,700,2141490,1
862,700,1815952,0.79
863,700,2032409,1
864,700,1874882,0.93
865,700,3160168,0.95
866,700,2394711,1
867,700,2383104,0.97
868,700,2892330,0.99
869,700,2561406,0.98
870,700,2058695,0.98
871,700,2542899,1
872,700,2797664,0.88
873,700,2049861,1
874,700,2894001,0.7
875,700,2860822,1
876,700,2845327,1
877,700,2908190,1
878,700,1760818,1
879,700,3052876,0.97
880,700,2433136,1
881,700,2720240,1
882,700,2988240,0.96
883,700,2729521,0.87
884,700,2845559,1
885,700,3246555,0.95
886,700,2128908,1
887,700,1739602,0.73
888,700,2571554,0.78
889,700,2832393,1
890,700,2281426,1
891,700,2476773,1
892,700,2390935,0.87
893,700,2519004,0.91
894,700,2053399,0.88
895,700,2171790,1
896,700,1914144,1
897,700,2740730,0.98
898,700,2364058,1
899,700,2262208,1
900,700,2468020,0.96
901,700,2244442,1
902,700,2190057,1
903,700,1926305,1
904,700,2876198,1
905,700,2719640,0.97
906,700,2365855,0.92
907,700,3107852,0.95
908,700,2145338,1
909,700,2734955,1
910,700,2770442,1
911,700,2400824,0.99
912,700,2888470,1
913,700,2803440,0.98
914,700,2899242,0.97
915,700,2460239,1
916,700,2171396,1
917,700,2633105,0.82
918,700,2361731,0.91
919,700,2682056,1
920,700,2719444,1
921,700,1890424,1
922,700,2778742,0.97
923,700,1795003,0.8
924,700,1955247,1
925,700,2854503,1
926,700,2777763,0.97
927,700,2382949,1
928,700,2332049,1
929,700,1821219,1
930,700,1428880,1
931,700,2496817,0.99
932,700,1470797,1
933,700,2621069,1
934,700,2860668,0.99
935,700,2622116,1
936,700,2747043,0.99
937,700,2363744,1
938,700,1922094,1
939,700,2568633,0.96
940,700,3068854,0.99
941,700,2313239,1
942,700,2905881,0.98
943,700,2873784,0.99
944,700,1933342,0.94
945,700,3251390,0.94
946,700,2264204,1
947,700,2831812,1
948,700,1991275,0.99
949,700,2220891,1
950,700,2295973,1
951,700,3091498,0.96
952,700,1845567,0.97
953,700,2828665,1
954,700,2996695,0.97
955,700,2741503,0.95
956,700,2448661,0.97
957,700,1801357,1
958,700,3109880,0.98
959,700,2188928,1
960,700,2751374,0.95
961,700,2733158,1
962,700,1723470,1
963,700,2506349,1
964,700,2421867,1
965,700,2132640,1
966,700,2452427,0.87
967,700,2962638,0.99
968,700,2686605,0.99
969,700,2771192,0.86
970,700,1896137,1
971,700,2120254,1
972,700,2364249,1
973,700,2589954,0.98
974,700,2716016,0.98
975,700,2391037,0.87
976,700,2344830,0.94
977,700,1934047,1
978,700,1917842,1
979,700,2418716,1
980,700,2930877,0.94
981,700,2796453,0.97
982,700,2186864,1
983,700,2865999,0.87
984,700,2613820,1
985,700,1924360,0.94
986,700,2677906,1
987,700,2186862,1
988,700,1782135,0.98
989,700,1941375,1
990,700,2774844,0.99
991,700,2472257,0.9
992,700,1939650,0.96
993,700,1827223,1
994,700,3086728,0.94
995,700,1727598,1
996,700,2718695,0.99
997,700,2512345,0.98
998,700,2652606,0.99
999,700,2011766,0.99
0,800,2481438,0.95
1,800,3308718,0.97
2,800,2973517,1
3,800,3513133,0.94
4,800,3085541,1
5,800,3553027,0.98
6,800,3767893,0.99
7,800,3015275,1
8,800,2915212,1
9,800,3329495,0.97
10,800,3381496,0.97
11,800,3530693,0.94
12,800,3393220,0.99
13,800,3180487,1
14,800,2966607,1
15,800,3476973,0.97
16,800,1869534,1
17,800,3241884,1
18,800,2859425,1
19,800,3741836,0.86
20,800,2831515,1
21,800,2065258,1
22,800,2946539,1
23,800,2555476,1
24,800,3419714,0.99
25,800,3648731,0.98
26,800,2440491,1
27,800,3347386,1
28,800,3334012,0.98
29,800,2949319,1
30,800,3182357,0.99
31,800,3473549,0.92
32,800,2402553,1
33,800,2899840,1
34,800,2558042,1
35,800,2271806,1
36,800,3535924,0.96
37,800,2701519,1
38,800,3246886,1
39,800,2273829,1
40,800,2737268,1
41,800,1985873,1
42,800,2252390,1
43,800,2862402,1
44,800,3530463,0.99
45,800,2597535,1
46,800,2216220,1
47,800,3167529,1
48,800,2271318,1
49,800,2717505,1
50,800,2546905,1
51,800,3193837,0.99
52,800,3300590,1
53,800,3233300,0.98
54,800,3521324,1
55,800,3130529,1
56,800,3320962,0.94
57,800,1752767,1
58,800,2977432,1
59,800,2270746,1
60,800,3158332,0.99
61,800,2909464,1
62,800,3159451,1
63,800,3299387,0.99
64,800,3464579,0.86
65,800,3388769,1
66,800,2707027,1
67,800,3103475,0.97
68,800,3429675,1
69,800,3143848,1
70,800,3673820,0.97
71,800,2908259,1
72,800,3486102,1
73,800,2822971,1
74,800,2216840,1
75,800,2654451,1
76,800,3284838,0.99
77,800,2218315,1
78,800,2587518,1
79,800,2812952,1
80,800,3112764,0.97
81,800,2607605,1
82,800,2479457,1
83,800,3368352,0.98
84,800,2857338,0.99
85,800,2651830,1
86,800,1908841,0.99
87,800,3247644,0.99
88,800,2792456,1
89,800,1674174,0.93
90,800,2607286,1
91,800,2660070,0.99
92,800,3304127,1
93,800,1770568,1
94,800,1847701,1
95,800,3144689,0.99
96,800,3483320,0.99
97,800,2995574,1
98,800,2930935,0.99
99,800,2899147,1
100,800,2811933,1
101,800,3308953,1
102,800,3017430,1
103,800,3286999,0.99
104,800,3026665,1
105,800,3219211,1
106,800,2490212,1
107,800,2512820,1
108,800,2701630,1
109,800,3304909,0.99
110,800,3090547,1
111,800,2154911,0.96
112,800,2843478,1
113,800,2918029,1
114,800,3397848,1
115,800,3287441,1
116,800,2478322,0.96
117,800,3056531,0.99
118,800,3431145,0.86
119,800,2839364,0.97
120,800,3426283,1
121,800,2846168,1
122,800,2856482,0.97
123,800,2730139,1
124,800,2770694,1
125,800,3287478,1
126,800,3589652,0.96
127,800,2366671,1
128,800,2015467,1
129,800,3393512,1
130,800,2863746,1
131,800,3184907,0.93
132,800,1964935,1
133,800,2465270,1
134,800,2359150,1
135,800,2795834,1
136,800,2041820,1
137,800,1819821,0.91
138,800,2735414,1
139,800,2627669,1
140,800,3582648,0.95
141,800,2005668,1
142,800,2994701,0.96
143,800,2072255,1
144,800,2492287,1
145,800,1768752,1
146,800,3287115,1
147,800,3200526,0.99
148,800,3365045,0.86
149,800,2739044,1
150,800,2948460,1
151,800,2175152,0.91
152,800,2953647,1
153,800,2620155,1
154,800,2532926,0.99
155,800,3436299,0.98
156,800,3452351,0.99
157,800,3366306,1
158,800,2070888,1
159,800,3336987,1
160,800,2496778,1
161,800,3142639,1
162,800,3258719,1
163,800,3149951,1
164,800,2825523,1
165,800,2989893,1
166,800,2764596,1
167,800,2292074,1
168,800,3367312,0.99
169,800,1637866,1
170,800,3649994,1
171,800,2409112,1
172,800,3318383,0.95
173,800,2926000,1
174,800,3003744,0.97
175,800,3320941,0.99
176,800,3022143,0.99
177,800,3223247,0.99
178,800,2797896,0.98
179,800,3089684,0.99
180,800,3505897,0.95
181,800,3193987,0.99
182,800,2971091,0.99
183,800,3002769,0.97
184,800,2818765,1
185,800,3015279,0.99
186,800,1683409,1
187,800,1417588,1
188,800,2520649,1
189,800,3223084,1
190,800,2830371,1
191,800,2927901,1
192,800,2547862,1
193,800,2135425,1
194,800,2104658,0.99
195,800,3563865,0.93
196,800,1694833,1
197,800,2741493,0.99
198,800,1976962,1
199,800,2867952,0.99
200,800,2098832,1
201,800,2237047,1
202,800,2308279,1
203,800,1969526,1
204,800,2692395,0.99
205,800,2528159,1
206,800,2832848,0.92
207,800,2823709,1
208,800,3709023,0.92
209,800,2203425,1
210,800,1899545,1
211,800,2428414,1
212,800,2874033,1
213,800,3499530,1
214,800,2891464,1
215,800,2714205,0.99
216,800,1762236,0.98
217,800,3637506,1
218,800,2278752,1
219,800,2078913,0.98
220,800,3546337,0.99
221,800,3068180,1
222,800,2819510,1
223,800,1954904,1
224,800,3416334,0.83
225,800,3034937,1
226,800,2953540,1
227,800,3363253,1
228,800,3426548,0.97
229,800,3281771,0.93
230,800,3317659,0.99
231,800,2588723,1
232,800,2876359,0.98
233,800,2148083,1
234,800,3496143,0.96
235,800,3627213,1
236,800,2533992,1
237,800,2345149,1
238,800,2819406,1
239,800,3268993,1
240,800,1929033,1
241,800,2464872,1
242,800,2293556,1
243,800,2824271,1
244,800,3236021,0.98
245,800,3696848,0.94
246,800,2345064,1
247,800,2657378,1
248,800,3175082,1
249,800,2118881,1
250,800,1748295,1
251,800,1923843,0.89
252,800,2895786,1
253,800,2237605,1
254,800,3090226,1
255,800,2625734,0.98
256,800,2336360,1
257,800,2695032,1
258,800,3069347,1
259,800,1923999,1
260,800,2976920,0.99
261,800,2693452,1
262,800,1447689,1
263,800,2996792,1
264,800,2859243,1
265,800,3053848,0.97
266,800,3599800,0.97
267,800,3130603,0.99
268,800,2326603,1
269,800,3688954,1
270,800,2778953,1
271,800,3210040,1
272,800,2745606,1
273,800,3078873,1
274,800,2102863,1
275,800,3010549,0.9
276,800,2846619,1
277,800,2060533,1
278,800,2245889,1
279,800,3126749,0.98
280,800,3201163,1
281,800,2688280,1
282,800,2699721,1
283,800,3238699,1
284,800,3248628,1
285,800,2218098,0.98
286,800,3151254,0.95
287,800,3377938,0.98
288,800,3271872,1
289,800,2786777,1
290,800,1892583,1
291,800,3508026,0.94
292,800,2780981,1
293,800,2738881,1
294,800,2578979,1
295,800,2200508,1
296,800,1798044,1
297,800,2169590,0.98
298,800,2332613,0.96
299,800,2638439,1
300,800,2075097,1
301,800,3033842,0.99
302,800,3023108,1
303,800,2179031,1
304,800,3361080,1
305,800,1823516,1
306,800,3768558,0.95
307,800,2431648,1
308,800,2556932,1
309,800,3109376,1
310,800,3516375,0.95
311,800,2686457,1
312,800,2891523,0.99
313,800,3676509,0.94
314,800,3235462,1
315,800,2273429,1
316,800,2994514,1
317,800,1886943,1
318,800,1977242,1
319,800,1678639,1
320,800,2023175,1
321,800,2227639,1
322,800,1934663,1
323,800,2847107,1
324,800,3201045,0.98
325,800,2748655,1
326,800,2418271,1
327,800,1873571,1
328,800,2516641,1
329,800,3614289,0.89
330,800,1970357,1
331,800,2161911,1
332,800,3010097,0.99
333,800,2810171,1
334,800,2930537,1
335,800,3325742,1
336,800,1926390,0.95
337,800,3510666,0.98
338,800,2075277,1
339,800,3236033,0.99
340,800,2892757,1
341,800,2060783,1
342,800,3438132,0.99
343,800,3449359,1
344,800,2243276,1
345,800,3520428,0.95
346,800,3147479,0.97
347,800,2984281,0.93
348,800,3569335,1
349,800,1992397,1
350,800,3312235,1
351,800,2428968,1
352,800,3299217,0.99
353,800,2344131,1
354,800,2087788,1
355,800,2775293,1
356,800,1771167,1
357,800,2400572,1
358,800,2697482,1
359,800,2788872,1
360,800,2138900,1
361,800,2824645,1
362,800,1729726,1
363,800,2216620,1
364,800,3168187,1
365,800,2989637,1
366,800,3051019,0.92
367,800,3307513,1
368,800,1988780,1
369,800,2438640,1
370,800,2727742,0.96
371,800,3671116,0.98
372,800,2976031,0.97
373,800,3245531,0.99
374,800,2505979,1
375,800,2798635,1
376,800,2732913,1
377,800,3316191,0.99
378,800,3717426,0.89
379,800,1710733,1
380,800,3317760,0.97
381,800,1986392,1
382,800,1858346,1
383,800,1882113,1
384,800,2845490,1
385,800,1902730,1
386,800,3286435,0.99
387,800,3531756,0.96
388,800,3470332,1
389,800,3126346,0.99
390,800,2133562,1
391,800,2856727,1
392,800,3083125,0.98
393,800,3243966,0.99
394,800,1794275,1
395,800,3396072,1
396,800,3429399,1
397,800,3461631,0.97
398,800,3040878,0.99
399,800,2461649,0.92
400,800,2579426,1
401,800,3028467,1
402,800,2730565,1
403,800,2768846,1
404,800,2253145,1
405,800,3833827,0.88
406,800,2964543,0.92
407,800,2840232,1
408,800,2337427,1
409,800,2505740,1
410,800,1867033,1
411,800,2544649,1
412,800,2573251,1
413,800,2971236,1
414,800,2475693,1
415,800,2019683,1
416,800,2143419,1
417,800,2683153,1
418,800,2163579,0.91
419,800,2921614,1
420,800,3294884,1
421,800,2356263,1
422,800,1965747,1
423,800,2298485,0.99
424,800,2608365,1
425,800,2156252,1
426,800,2875454,0.9
427,800,3364810,1
428,800,2103139,0.99
429,800,2252609,1
430,800,2609786,1
431,800,1797650,1
432,800,2946086,1
433,800,1923287,1
434,800,1927888,1
435,800,2654321,1
436,800,2222773,1
437,800,2698224,1
438,800,2519062,1
439,800,3381815,0.95
440,800,2239492,1
441,800,3015528,0.99
442,800,2957013,0.9
443,800,2809352,1
444,800,2529800,1
445,800,2798996,0.94
446,800,2555995,1
447,800,3563694,0.98
448,800,2012551,1
449,800,2612387,1
450,800,3211124,0.99
451,800,3566853,0.98
452,800,3688732,0.77
453,800,3215234,0.96
454,800,2173770,1
455,800,1885533,1
456,800,2639349,1
457,800,3233252,0.94
458,800,2995294,1
459,800,3079297,1
460,800,2573657,0.92
461,800,3108003,1
462,800,2836754,1
463,800,2965466,1
464,800,2723928,0.99
465,800,2951228,1
466,800,2330975,1
467,800,2254888,1
468,800,3258355,0.99
469,800,2899927,1
470,800,3042540,1
471,800,3226798,0.98
472,800,2743057,0.74
473,800,3624328,0.96
474,800,2704780,1
475,800,3750312,0.85
476,800,2628526,1
477,800,2242110,1
478,800,2431307,1
479,800,3289785,0.97
480,800,2475970,0.99
481,800,2933580,1
482,800,2409034,1
483,800,3202054,0.99
484,800,2605880,1
485,800,2165269,1
486,800,3326335,1
487,800,2512688,1
488,800,2843139,0.99
489,800,2382364,0.99
490,800,2205329,0.99
491,800,1962425,1
492,800,2061597,1
493,800,2915853,1
494,800,3066351,0.99
495,800,3329696,0.99
496,800,3055909,1
497,800,3031976,0.99
498,800,3137994,0.98
499,800,2567168,1
500,800,1949709,1
501,800,3479422,0.93
502,800,2467456,1
503,800,2696595,1
504,800,3734328,0.93
505,800,3077157,1
506,800,2223228,1
507,800,2907586,0.78
508,800,2996115,1
509,800,3419926,0.91
510,800,2830323,0.98
511,800,2861727,1
512,800,1811976,1
513,800,3226052,0.99
514,800,2438424,0.93
515,800,3525856,0.99
516,800,2763502,1
517,800,2950244,0.92
518,800,2406143,1
519,800,3131909,0.98
520,800,3231157,1
521,800,1728780,1
522,800,3146137,1
523,800,1799256,1
524,800,2808335,1
525,800,2332298,1
526,800,2879306,1
527,800,2802307,1
528,800,2025628,1
529,800,2115027,1
530,800,3018348,0.9
531,800,3517169,0.96
532,800,3062443,0.99
533,800,3082988,1
534,800,3343938,1
535,800,3227111,1
536,800,3010453,0.99
537,800,3170380,0.99
538,800,2283033,1
539,800,3213590,0.99
540,800,2480328,1
541,800,2533293,1
542,800,2129370,1
543,800,2855637,1
544,800,3203312,1
545,800,3337514,1
546,800,1646091,1
547,800,3347457,0.99
548,800,2622514,0.96
549,800,2303234,1
550,800,1929615,1
551,800,1954413,1
552,800,2551869,0.99
553,800,3130883,0.97
554,800,2592765,0.99
555,800,3110751,1
556,800,3150736,0.98
557,800,3314981,0.98
558,800,2463862,1
559,800,3281074,0.99
560,800,3187167,1
561,800,3079348,0.99
562,800,3307418,1
563,800,2840789,0.99
564,800,2431553,0.98
565,800,3135532,0.96
566,800,3135450,0.96
567,800,3160805,0.96
568,800,2542625,1
569,800,3073070,1
570,800,2166308,1
571,800,2549387,1
572,800,1940397,1
573,800,3025661,0.99
574,800,2787298,0.98
575,800,1610861,1
576,800,3355642,0.98
577,800,2942793,1
578,800,2513347,0.99
579,800,3285642,0.8
580,800,3133305,0.84
581,800,3463944,1
582,800,2613758,0.98
583,800,3158560,1
584,800,2616718,1
585,800,2832534,0.92
586,800,2975882,1
587,800,3252694,0.98
588,800,2897203,1
589,800,3105817,1
590,800,2866716,1
591,800,3174806,0.98
592,800,3154483,1
593,800,2938430,1
594,800,3252402,1
595,800,1674877,1
596,800,2788106,1
597,800,2631582,0.99
598,800,2954483,0.97
599,800,2714006,1
600,800,3583536,0.9
601,800,2872556,0.85
602,800,3314997,0.98
603,800,2666288,1
604,800,2708258,1
605,800,2420120,1
606,800,2907555,1
607,800,3377221,0.97
608,800,2530349,0.99
609,800,2535160,1
610,800,2188399,1
611,800,2732379,1
612,800,2617791,1
613,800,2487199,1
614,800,3231050,0.98
615,800,3250836,0.96
616,800,3218704,0.99
617,800,2771964,1
618,800,2972597,0.87
619,800,3376117,0.92
620,800,2740523,1
621,800,2457609,0.98
622,800,2710641,0.98
623,800,3218249,1
624,800,3301107,1
625,800,1855271,1
626,800,3204930,1
627,800,1724508,1
628,800,2506621,0.99
629,800,2057655,0.99
630,800,3214538,0.94
631,800,3576921,1
632,800,1887079,1
633,800,2828393,1
634,800,1566348,1
635,800,3600966,0.95
636,800,3233580,0.96
637,800,3004230,1
638,800,3182450,0.99
639,800,3389447,0.98
640,800,2470146,0.99
641,800,3067962,0.98
642,800,2326885,1
643,800,2681135,0.98
644,800,2483657,1
645,800,3170505,0.98
646,800,3121627,1
647,800,3084450,0.98
648,800,2243699,1
649,800,3099470,1
650,800,2699957,0.99
651,800,2762113,1
652,800,2143327,1
653,800,2121602,1
654,800,3106324,1
655,800,3301444,0.98
656,800,2624894,0.9
657,800,2379737,1
658,800,3407860,1
659,800,3532653,0.97
660,800,2831633,1
661,800,2590514,1
662,800,3019397,0.97
663,800,3149039,0.98
664,800,3609372,0.99
665,800,3187759,1
666,800,3145363,1
667,800,2830190,1
668,800,3313465,1
669,800,2058117,1
670,800,3548700,0.89
671,800,2974810,1
672,800,3549587,0.92
673,800,3217301,0.96
674,800,3246106,0.86
675,800,3566142,0.92
676,800,2573605,0.97
677,800,2998397,0.82
678,800,2071610,1
679,800,3402395,0.96
680,800,2976068,0.99
681,800,2161608,0.99
682,800,2002412,1
683,800,2158892,1
684,800,2936516,0.98
685,800,1754865,1
686,800,2316571,1
687,800,1914262,0.85
688,800,2752949,0.99
689,800,2603300,1
690,800,3338597,0.98
691,800,2716753,0.95
692,800,1802147,1
693,800,3191765,1
694,800,3603839,0.97
695,800,1693237,1
696,800,2907187,0.9
697,800,3051766,1
698,800,2400024,1
699,800,2558818,0.99
700,800,3742716,0.87
701,800,2521014,1
702,800,2837101,1
703,800,2796512,0.97
704,800,3226300,1
705,800,3245257,0.99
706,800,3536824,0.9
707,800,3001396,0.81
708,800,2719686,1
709,800,2494058,0.98
710,800,2970340,0.87
711,800,2541563,0.92
712,800,3144655,1
713,800,1619885,1
714,800,2746518,0.98
715,800,3197456,1
716,800,2761227,1
717,800,1769266,0.97
718,800,3470273,0.97
719,800,2093924,1
720,800,2838419,1
721,800,2358987,1
722,800,3153866,0.72
723,800,2001222,1
724,800,1951861,1
725,800,3045377,0.98
726,800,2830829,1
727,800,3340955,0.9
728,800,2871469,1
729,800,3363830,1
730,800,3072180,1
731,800,3111374,1
732,800,2227568,1
733,800,1914644,0.98
734,800,3611602,0.94
735,800,3002331,1
736,800,2013541,1
737,800,3149598,0.99
738,800,2769187,0.83
739,800,3613780,0.98
740,800,2357537,0.99
741,800,2777164,1
742,800,2765560,0.99
743,800,2594063,0.99
744,800,3268428,0.99
745,800,1805474,0.97
746,800,2786853,1
747,800,2700500,1
748,800,1847212,0.97
749,800,2297083,1
750,800,2737511,1
751,800,2614677,1
752,800,2638975,1
753,800,3105265,1
754,800,2901547,0.92
755,800,2211020,1
756,800,3215937,0.99
757,800,3239634,1
758,800,2279165,1
759,800,2842365,0.99
760,800,2617904,1
761,800,3047602,0.79
762,800,3337735,0.98
763,800,2793742,0.99
764,800,2952548,0.99
765,800,3146577,1
766,800,3267841,1
767,800,3234501,0.93
768,800,1795176,0.99
769,800,3169888,0.99
770,800,2147066,0.99
771,800,3136109,1
772,800,3307102,1
773,800,2695890,1
774,800,3227761,0.86
775,800,2588142,0.94
776,800,3364147,0.98
777,800,2879123,0.95
778,800,3327973,1
779,800,2628322,1
780,800,2205676,1
781,800,2780788,1
782,800,3352001,1
783,800,2086045,0.99
784,800,2788570,1
785,800,1579339,1
786,800,2654592,1
787,800,3191013,1
788,800,3421873,0.98
789,800,2350805,1
790,800,2027805,1
791,800,3578132,0.97
792,800,2893710,1
793,800,3251751,1
794,800,3080032,0.99
795,800,3249391,0.99
796,800,3151394,1
797,800,3326154,0.99
798,800,2776682,1
799,800,2761948,1
800,800,2884382,1
801,800,3072701,1
802,800,2674080,0.95
803,800,3105607,1
804,800,2831765,1
805,800,2160330,1
806,800,1452599,1
807,800,2033223,1
808,800,2240490,1
809,800,1509349,1
810,800,2464030,0.99
811,800,2048296,0.83
812,800,2904753,0.91
813,800,2371496,1
814,800,2342107,1
815,800,3299190,0.99
816,800,2976630,0.94
817,800,2368613,1
818,800,1990261,1
819,800,2661117,1
820,800,2897719,1
821,800,2190048,1
822,800,3479292,0.98
823,800,3041051,0.99
824,800,2688454,0.99
825,800,2292372,1
826,800,2341812,1
827,800,3209555,0.94
828,800,2875709,1
829,800,3128106,1
830,800,2291077,1
831,800,3341351,0.93
832,800,2710386,0.93
833,800,3473168,0.96
834,800,2330163,1
835,800,2877876,0.93
836,800,1878211,0.9
837,800,3001231,1
838,800,3091131,0.99
839,800,2680325,0.94
840,800,3331476,0.81
841,800,3159241,0.96
842,800,2585403,1
843,800,2321439,1
844,800,3071924,0.99
845,800,2852564,0.97
846,800,3386344,0.97
847,800,2907549,1
848,800,2749892,0.98
849,800,2551699,1
850,800,2943781,0.97
851,800,2310696,1
852,800,2166932,1
853,800,3309808,0.98
854,800,1367768,0.94
855,800,2024629,0.97
856,800,3410813,1
857,800,2554099,1
858,800,3175045,0.93
859,800,3182446,1
860,800,2557130,1
861,800,2411396,1
862,800,2001235,0.79
863,800,2252094,1
864,800,2077607,0.93
865,800,3578734,0.96
866,800,2697628,1
867,800,2705794,0.97
868,800,3223042,0.99
869,800,2926499,0.98
870,800,2344408,0.98
871,800,2832179,1
872,800,3119309,0.9
873,800,2298541,1
874,800,3248118,0.73
875,800,3231954,1
876,800,3197995,1
877,800,3211375,1
878,800,1939987,1
879,800,3453012,0.98
880,800,2748983,1
881,800,3087207,1
882,800,3366263,0.97
883,800,3091544,0.87
884,800,3211101,1
885,800,3692774,0.96
886,800,2420114,1
887,800,1936727,0.75
888,800,2919993,0.8
889,800,3159730,1
890,800,2531319,1
891,800,2789874,1
892,800,2718140,0.91
893,800,2845680,0.91
894,800,2357093,0.88
895,800,2480523,1
896,800,2108783,1
897,800,3096363,0.98
898,800,2660490,1
899,800,2524322,1
900,800,2775705,0.96
901,800,2510821,1
902,800,2481565,1
903,800,2178800,1
904,800,3228584,1
905,800,3076182,0.98
906,800,2602168,0.93
907,800,3458920,0.95
908,800,2386948,1
909,800,3073149,1
910,800,3098738,1
911,800,2723782,0.99
912,800,3246864,1
913,800,3112327,0.98
914,800,3245233,0.97
915,800,2756323,1
916,800,2439637,1
917,800,2932493,0.85
918,800,2688815,0.92
919,800,3013206,1
920,800,3081597,1
921,800,2132982,1
922,800,3148674,0.97
923,800,2038649,0.83
924,800,2192482,1
925,800,3205603,1
926,800,3132325,0.97
927,800,2687743,1
928,800,2602622,1
929,800,2071347,1
930,800,1557472,1
931,800,2811330,0.99
932,800,1610349,1
933,800,2918367,1
934,800,3202712,0.99
935,800,2944173,1
936,800,3104777,0.99
937,800,2626933,1
938,800,2151637,1
939,800,2891059,0.97
940,800,3435785,0.99
941,800,2563918,1
942,800,3272229,0.98
943,800,3213556,1
944,800,2134881,0.95
945,800,3656641,0.94
946,800,2531660,1
947,800,3171809,1
948,800,2241649,0.99
949,800,2506207,1
950,800,2624772,1
951,800,3493833,0.96
952,800,2026133,0.97
953,800,3189845,1
954,800,3389980,0.97
955,800,3074433,0.95
956,800,2751048,0.97
957,800,1960553,1
958,800,3529217,0.98
959,800,2463880,1
960,800,3055454,0.95
961,800,3093209,1
962,800,1901215,1
963,800,2833983,1
964,800,2703628,1
965,800,2359810,1
966,800,2769858,0.88
967,800,3343359,0.99
968,800,3055135,0.99
969,800,3148229,0.87
970,800,2108604,1
971,800,2423898,1
972,800,2670206,1
973,800,2887716,0.98
974,800,3079518,0.99
975,800,2626980,0.88
976,800,2657674,0.94
977,800,2148714,1
978,800,2112756,1
979,800,2678062,1
980,800,3298352,0.94
981,800,3165942,0.97
982,800,2422101,1
983,800,3224456,0.87
984,800,3008044,1
985,800,2153486,0.94
986,800,2999342,1
987,800,2468130,1
988,800,1961389,0.98
989,800,2153718,1
990,800,3131249,0.99
991,800,2784321,0.91
992,800,2155549,0.96
993,800,2063442,1
994,800,3463608,0.94
995,800,1915957,1
996,800,3062486,0.99
997,800,2805371,0.98
998,800,3879821,0.99
999,800,2266105,0.99
0,1000,2973602,0.95
1,1000,4025878,0.98
2,1000,3619708,1
3,1000,4347681,0.95
4,1000,3739540,1
5,1000,4253866,1
6,1000,4600451,1
7,1000,3703121,1
8,1000,3539904,1
9,1000,4076993,0.97
10,1000,4226323,0.97
11,1000,4355972,0.94
12,1000,4107742,0.99
13,1000,3916993,1
14,1000,3635996,1
15,1000,4249837,0.99
16,1000,2160059,1
17,1000,4009501,1
18,1000,3478235,1
19,1000,4577148,0.88
20,1000,3429910,1
21,1000,2497838,1
22,1000,3572838,1
23,1000,3221612,1
24,1000,4192701,0.99
25,1000,4480339,0.98
26,1000,3172358,1
27,1000,4106187,1
28,1000,3986670,0.99
29,1000,3554186,1
30,1000,3832606,0.99
31,1000,4255585,0.95
32,1000,2931195,1
33,1000,3556381,1
34,1000,3081533,1
35,1000,2713742,1
36,1000,4379836,0.97
37,1000,3272189,1
38,1000,4047352,1
39,1000,2867365,1
40,1000,3335338,1
41,1000,2371083,1
42,1000,2716644,1
43,1000,3487547,1
44,1000,4311705,0.99
45,1000,3144976,1
46,1000,2652351,1
47,1000,3799907,1
48,1000,2822476,1
49,1000,3355851,1
50,1000,3065403,1
51,1000,3863192,0.99
52,1000,4027669,1
53,1000,3888657,0.98
54,1000,4297857,1
55,1000,3842098,1
56,1000,3978847,0.97
57,1000,2197208,1
58,1000,3686062,1
59,1000,2706131,1
60,1000,3853861,1
61,1000,3585879,1
62,1000,3801559,1
63,1000,4088525,0.99
64,1000,4188165,0.89
65,1000,4202083,1
66,1000,3337962,1
67,1000,3779512,0.98
68,1000,4186590,1
69,1000,3827742,1
70,1000,4430207,0.99
71,1000,3560755,1
72,1000,4283031,1
73,1000,3489998,1
74,1000,2644386,1
75,1000,3263353,1
76,1000,3990051,0.99
77,1000,2820072,1
78,1000,3111618,1
79,1000,3368514,1
80,1000,3885390,0.98
81,1000,3194272,1
82,1000,2975705,1
83,1000,4140427,0.99
84,1000,3491122,0.99
85,1000,3237188,1
86,1000,2298622,0.99
87,1000,3886470,1
88,1000,3382329,1
89,1000,1979701,0.93
90,1000,3120386,1
91,1000,3198463,0.99
92,1000,4010916,1
93,1000,2154959,1
94,1000,2387138,1
95,1000,3783092,0.99
96,1000,4329753,0.99
97,1000,3685784,1
98,1000,3599803,0.99
99,1000,3582525,1
100,1000,3417005,1
101,1000,3986559,1
102,1000,3755072,1
103,1000,4001185,0.99
104,1000,3746490,1
105,1000,3991507,1
106,1000,3029669,1
107,1000,3048768,1
108,1000,3227951,1
109,1000,3958242,1
110,1000,3787012,1
111,1000,2550606,0.98
112,1000,3494698,1
113,1000,3550668,1
114,1000,4128320,1
115,1000,3993525,1
116,1000,2920480,0.97
117,1000,3719254,1
118,1000,4197502,0.87
119,1000,3557277,0.98
120,1000,4192212,1
121,1000,3469761,1
122,1000,3427468,0.97
123,1000,3270918,1
124,1000,3314797,1
125,1000,4051886,1
126,1000,4412525,0.96
127,1000,2846919,1
128,1000,2402197,1
129,1000,4170646,1
130,1000,3477958,1
131,1000,3875064,0.94
132,1000,2381325,1
133,1000,2996592,1
134,1000,2908058,1
135,1000,3320736,1
136,1000,2448416,1
137,1000,2160444,0.93
138,1000,3407937,1
139,1000,3191957,1
140,1000,4394843,0.97
141,1000,2476197,1
142,1000,3621136,0.99
143,1000,2488592,1
144,1000,3038541,1
145,1000,2134818,1
146,1000,4033430,1
147,1000,3910563,1
148,1000,4096765,0.86
149,1000,3258144,1
150,1000,3558193,1
151,1000,2595406,0.93
152,1000,3600268,1
153,1000,3193824,1
154,1000,3091297,1
155,1000,4242374,0.98
156,1000,4237214,0.99
157,1000,4090798,1
158,1000,2518421,1
159,1000,4027340,1
160,1000,3006758,1
161,1000,3777734,1
162,1000,3951627,1
163,1000,3881561,1
164,1000,3424137,1
165,1000,3639503,1
166,1000,3343330,1
167,1000,2736376,1
168,1000,4093126,0.99
169,1000,1974899,1
170,1000,4481509,1
171,1000,2932904,1
172,1000,4078103,0.95
173,1000,3554750,1
174,1000,3737033,0.97
175,1000,4101997,0.99
176,1000,3685711,1
177,1000,3915623,0.99
178,1000,3323815,0.98
179,1000,3727820,0.99
180,1000,4205416,0.97
181,1000,3959326,0.99
182,1000,3646750,0.99
183,1000,3628313,0.97
184,1000,3497520,1
185,1000,3642150,1
186,1000,1997675,1
187,1000,1807868,1
188,1000,3049110,1
189,1000,3936228,1
190,1000,3427322,1
191,1000,3542802,1
192,1000,3079291,1
193,1000,2520960,1
194,1000,2480379,0.99
195,1000,4379893,0.95
196,1000,2128476,1
197,1000,3320373,0.99
198,1000,2443764,1
199,1000,3565007,0.99
200,1000,2520329,1
201,1000,2686371,1
202,1000,2798676,1
203,1000,2348332,1
204,1000,3307261,0.99
205,1000,3108245,1
206,1000,3416655,0.92
207,1000,3391432,1
208,1000,4468204,0.93
209,1000,2723468,1
210,1000,2266584,1
211,1000,2968273,1
212,1000,3504402,1
213,1000,4276040,1
214,1000,3573058,1
215,1000,3219574,0.99
216,1000,2071765,0.98
217,1000,4472666,1
218,1000,2785401,1
219,1000,2475725,0.98
220,1000,4261342,1
221,1000,3791139,1
222,1000,3422237,1
223,1000,2313563,1
224,1000,4186928,0.86
225,1000,3679885,1
226,1000,3762659,1
227,1000,4024364,1
228,1000,4122290,0.97
229,1000,3968643,0.93
230,1000,4025686,0.99
231,1000,3078385,1
232,1000,3480368,0.98
233,1000,2561367,1
234,1000,4183661,0.96
235,1000,4391898,1
236,1000,2999453,1
237,1000,2798955,1
238,1000,3402911,1
239,1000,3949156,1
240,1000,2342559,1
241,1000,2939451,1
242,1000,2730323,1
243,1000,3346128,1
244,1000,3944650,0.98
245,1000,4533594,0.95
246,1000,2826411,1
247,1000,3128415,1
248,1000,3942150,1
249,1000,2736294,1
250,1000,2121024,1
251,1000,2344764,0.89
252,1000,3536056,1
253,1000,2717910,1
254,1000,3778933,1
255,1000,3103809,0.98
256,1000,2842809,1
257,1000,3290795,1
258,1000,3721516,1
259,1000,2266319,1
260,1000,3635307,0.99
261,1000,3336157,1
262,1000,1888961,1
263,1000,3605196,1
264,1000,3540723,1
265,1000,3660878,0.97
266,1000,4481356,0.98
267,1000,3894471,0.99
268,1000,2760200,1
269,1000,4471485,1
270,1000,3402156,1
271,1000,3862774,1
272,1000,3324243,1
273,1000,3768302,1
274,1000,2500332,1
275,1000,3642883,0.92
276,1000,3416064,1
277,1000,2514295,1
278,1000,2704373,1
279,1000,3754615,0.99
280,1000,3907393,1
281,1000,3326392,1
282,1000,3274352,1
283,1000,3922087,1
284,1000,3979023,1
285,1000,2668226,0.98
286,1000,3807555,0.95
287,1000,4055698,0.98
288,1000,3970640,1
289,1000,3412238,1
290,1000,2258775,1
291,1000,4241711,0.97
292,1000,3445379,1
293,1000,3415077,1
294,1000,3070029,1
295,1000,2592555,1
296,1000,2169089,1
297,1000,2601009,0.98
298,1000,2795901,0.98
299,1000,3226803,1
300,1000,2525478,1
301,1000,3697867,0.99
302,1000,3691303,1
303,1000,2648744,1
304,1000,4052332,1
305,1000,2275868,1
306,1000,4638129,0.96
307,1000,2910848,1
308,1000,3059786,1
309,1000,3772210,1
310,1000,4315653,0.98
311,1000,3213503,1
312,1000,3521534,0.99
313,1000,4487045,0.95
314,1000,3973688,1
315,1000,2679273,1
316,1000,3605107,1
317,1000,2277292,1
318,1000,2420046,1
319,1000,2052420,1
320,1000,2330482,1
321,1000,2730857,1
322,1000,2313881,1
323,1000,3417238,1
324,1000,3856874,0.98
325,1000,3444934,1
326,1000,2957502,1
327,1000,2254746,1
328,1000,2985520,1
329,1000,4387174,0.92
330,1000,2356637,1
331,1000,2565686,1
332,1000,3586072,0.99
333,1000,3433405,1
334,1000,3546629,1
335,1000,4072140,1
336,1000,2216561,0.95
337,1000,4300310,0.98
338,1000,2456197,1
339,1000,3893195,0.99
340,1000,3495986,1
341,1000,2445014,1
342,1000,4198839,0.99
343,1000,4185306,1
344,1000,2667643,1
345,1000,4250095,0.98
346,1000,3813846,0.98
347,1000,3595774,0.93
348,1000,4345373,1
349,1000,2376747,1
350,1000,3952205,1
351,1000,2957138,1
352,1000,3977079,0.99
353,1000,2808048,1
354,1000,2466007,1
355,1000,3366788,1
356,1000,2200322,1
357,1000,2876633,1
358,1000,3278215,1
359,1000,3348697,1
360,1000,2628092,1
361,1000,3376656,1
362,1000,2126126,1
363,1000,2632531,1
364,1000,3857242,1
365,1000,3649032,1
366,1000,3716877,0.97
367,1000,4040035,1
368,1000,2316326,1
369,1000,2985912,1
370,1000,3307788,0.98
371,1000,4387256,0.99
372,1000,3609956,0.98
373,1000,3918652,0.99
374,1000,2967651,1
375,1000,3405421,1
376,1000,3344873,1
377,1000,4012135,0.99
378,1000,4576150,0.92
379,1000,1997167,1
380,1000,3927762,0.99
381,1000,2434556,1
382,1000,2204287,1
383,1000,2238797,1
384,1000,3436017,1
385,1000,2317906,1
386,1000,3956664,0.99
387,1000,4255404,0.96
388,1000,4196852,1
389,1000,3809324,0.99
390,1000,2568915,1
391,1000,3462110,1
392,1000,3777338,1
393,1000,3991146,1
394,1000,2164632,1
395,1000,4130651,1
396,1000,4185222,1
397,1000,4183898,0.97
398,1000,3703122,0.99
399,1000,2936847,0.93
400,1000,3046517,1
401,1000,3668288,1
402,1000,3268117,1
403,1000,3367610,1
404,1000,2721636,1
405,1000,4662954,0.91
406,1000,3498964,0.92
407,1000,3441117,1
408,1000,2787192,1
409,1000,3022766,1
410,1000,2226802,1
411,1000,3095074,1
412,1000,3088359,1
413,1000,3671711,1
414,1000,3003312,1
415,1000,2416863,1
416,1000,2623327,1
417,1000,3242327,1
418,1000,2527370,0.91
419,1000,3481286,1
420,1000,3956780,1
421,1000,2825882,1
422,1000,2468208,1
423,1000,2811957,0.99
424,1000,3213597,1
425,1000,2594759,1
426,1000,3600756,0.93
427,1000,4107098,1
428,1000,2528618,0.99
429,1000,2660762,1
430,1000,3143746,1
431,1000,2151705,1
432,1000,3624250,1
433,1000,2469147,1
434,1000,2349986,1
435,1000,3203574,1
436,1000,2680709,1
437,1000,3371627,1
438,1000,3002379,1
439,1000,4173368,0.95
440,1000,2692230,1
441,1000,3678682,0.99
442,1000,3555038,0.91
443,1000,3363108,1
444,1000,3053945,1
445,1000,3321171,0.95
446,1000,3131358,1
447,1000,4340846,0.98
448,1000,2367526,1
449,1000,3124198,1
450,1000,3844762,0.99
451,1000,4349482,0.98
452,1000,4536144,0.82
453,1000,3929333,0.98
454,1000,2611967,1
455,1000,2229221,1
456,1000,3271139,1
457,1000,3970080,0.94
458,1000,3659168,1
459,1000,3701295,1
460,1000,3055009,0.92
461,1000,3785108,1
462,1000,3458200,1
463,1000,3590907,1
464,1000,3353154,0.99
465,1000,3541656,1
466,1000,2819690,1
467,1000,2783166,1
468,1000,3975832,1
469,1000,3533185,1
470,1000,3682090,1
471,1000,3949716,0.98
472,1000,3292559,0.76
473,1000,4417034,0.96
474,1000,3292799,1
475,1000,4653099,0.89
476,1000,3230533,1
477,1000,2678096,1
478,1000,2962079,1
479,1000,3937808,0.98
480,1000,2989943,0.99
481,1000,3552697,1
482,1000,2970774,1
483,1000,3884570,0.99
484,1000,3148386,1
485,1000,2692540,1
486,1000,4020716,1
487,1000,2979778,1
488,1000,3413016,0.99
489,1000,2884431,0.99
490,1000,2637671,0.99
491,1000,2345206,1
492,1000,2522755,1
493,1000,3599408,1
494,1000,3710638,0.99
495,1000,4085526,1
496,1000,3706513,1
497,1000,3763563,1
498,1000,3734557,0.99
499,1000,3107281,1
500,1000,2353268,1
501,1000,4159606,0.95
502,1000,3001746,1
503,1000,3353564,1
504,1000,4582340,0.95
505,1000,3713767,1
506,1000,2597943,1
507,1000,3523108,0.8
508,1000,3620661,1
509,1000,4223210,0.94
510,1000,3390377,1
511,1000,3394974,1
512,1000,2177406,1
513,1000,3905886,1
514,1000,2985540,0.94
515,1000,4316470,0.99
516,1000,3377583,1
517,1000,3582466,0.93
518,1000,2982769,1
519,1000,3839042,0.98
520,1000,3916161,1
521,1000,2060563,1
522,1000,3827077,1
523,1000,2140961,1
524,1000,7555238,1
525,1000,5240896,1
526,1000,7587449,1
527,1000,5262800,1
528,1000,4730409,1
529,1000,4540336,1
530,1000,9265900,0.91
531,1000,7897634,0.97
532,1000,6344307,1
533,1000,6221226,1
534,1000,6780092,1
535,1000,5736003,1
536,1000,6246658,0.99
537,1000,6471882,0.99
538,1000,3944289,1
539,1000,5233648,1
540,1000,4179634,1
541,1000,4329516,1
542,1000,3622564,1
543,1000,5220579,1
544,1000,6025752,1
545,1000,5132932,1
546,1000,2857012,1
547,1000,5701264,0.99
548,1000,4494447,0.98
549,1000,3559592,1
550,1000,2890453,1
551,1000,2771866,1
552,1000,4084499,0.99
553,1000,4673160,0.97
554,1000,3599037,1
555,1000,4584986,1
556,1000,4729774,1
557,1000,5050097,0.99
558,1000,4102813,1
559,1000,4590419,0.99
560,1000,5176796,1
561,1000,4616049,0.99
562,1000,5150250,1
563,1000,4096723,1
564,1000,3270340,0.98
565,1000,4482420,0.97
566,1000,4463438,0.97
567,1000,4370789,0.97
568,1000,3716224,1
569,1000,4219239,1
570,1000,2661901,1
571,1000,3487128,1
572,1000,2587032,1
573,1000,4103942,1
574,1000,3623866,0.98
575,1000,2149650,1
576,1000,4275735,1
577,1000,3959110,1
578,1000,3183725,0.99
579,1000,4188497,0.87
580,1000,4024973,0.86
581,1000,4544276,1
582,1000,3637403,0.98
583,1000,4209832,1
584,1000,3455788,1
585,1000,3679910,0.92
586,1000,3814464,1
587,1000,4340099,0.98
588,1000,3776818,1
589,1000,4015175,1
590,1000,3602926,1
591,1000,4149482,0.99
592,1000,3969889,1
593,1000,3862770,1
594,1000,4094770,1
595,1000,2066271,1
596,1000,3471803,1
597,1000,3469154,0.99
598,1000,3628768,0.97
599,1000,3343424,1
600,1000,4592661,0.93
601,1000,3622714,0.85
602,1000,4055998,0.98
603,1000,3377674,1
604,1000,3349731,1
605,1000,3003342,1
606,1000,3695663,1
607,1000,4312683,0.98
608,1000,3137057,0.99
609,1000,3191729,1
610,1000,2709035,1
611,1000,3364155,1
612,1000,3275988,1
613,1000,3181279,1
614,1000,3934636,0.99
615,1000,4165358,0.99
616,1000,3972326,1
617,1000,3516793,1
618,1000,3629632,0.87
619,1000,4194524,0.95
620,1000,3484121,1
621,1000,3110353,0.98
622,1000,3333904,0.98
623,1000,3998201,1
624,1000,4139938,1
625,1000,2267267,1
626,1000,3953151,1
627,1000,2053689,1
628,1000,3153764,0.99
629,1000,2449346,0.99
630,1000,3921490,0.95
631,1000,4424032,1
632,1000,2277816,1
633,1000,3425037,1
634,1000,1883711,1
635,1000,4596163,0.98
636,1000,3951190,0.98
637,1000,3693779,1
638,1000,3864901,0.99
639,1000,4180704,0.98
640,1000,3051926,0.99
641,1000,3713971,0.98
642,1000,2848660,1
643,1000,3355522,0.99
644,1000,3100706,1
645,1000,3913959,0.98
646,1000,3843629,1
647,1000,3866898,0.98
648,1000,2698061,1
649,1000,3892785,1
650,1000,3309064,1
651,1000,3468906,1
652,1000,2640158,1
653,1000,2681822,1
654,1000,3750054,1
655,1000,4069006,0.98
656,1000,3313924,0.91
657,1000,3053428,1
658,1000,4226175,1
659,1000,4349233,0.98
660,1000,3425585,1
661,1000,3182013,1
662,1000,3693664,0.98
663,1000,3866410,0.99
664,1000,4449223,0.99
665,1000,3920610,1
666,1000,3814078,1
667,1000,3419687,1
668,1000,4052265,1
669,1000,2507529,1
670,1000,4414603,0.91
671,1000,3700914,1
672,1000,4307790,0.94
673,1000,3975635,0.97
674,1000,4045523,0.88
675,1000,4314027,0.96
676,1000,3110563,0.98
677,1000,3613881,0.86
678,1000,2680296,1
679,1000,4151385,0.98
680,1000,3645837,0.99
681,1000,2606874,1
682,1000,2522664,1
683,1000,2552650,1
684,1000,3637138,0.98
685,1000,2149896,1
686,1000,2791626,1
687,1000,2226223,0.85
688,1000,3376056,0.99
689,1000,3136691,1
690,1000,4040886,0.98
691,1000,3319392,0.96
692,1000,2232892,1
693,1000,3852905,1
694,1000,4348875,0.99
695,1000,2150054,1
696,1000,3519218,0.9
697,1000,3780908,1
698,1000,2903616,1
699,1000,3063081,0.99
700,1000,4626302,0.89
701,1000,3099631,1
702,1000,3428675,1
703,1000,3391693,0.97
704,1000,3929749,1
705,1000,3966318,1
706,1000,4323057,0.92
707,1000,3627575,0.81
708,1000,3321400,1
709,1000,2973775,0.98
710,1000,3605155,0.87
711,1000,3119505,0.94
712,1000,3826731,1
713,1000,1905084,1
714,1000,3356742,0.98
715,1000,3912378,1
716,1000,3274645,1
717,1000,2112422,0.97
718,1000,4231578,0.98
719,1000,2666711,1
720,1000,3414788,1
721,1000,2856667,1
722,1000,3882209,0.76
723,1000,2418422,1
724,1000,2301122,1
725,1000,3771752,0.98
726,1000,3488148,1
727,1000,4103070,0.91
728,1000,3540002,1
729,1000,4088012,1
730,1000,3762858,1
731,1000,3816943,1
732,1000,2629661,1
733,1000,2298502,0.98
734,1000,4423947,0.96
735,1000,3617236,1
736,1000,2590139,1
737,1000,3837161,0.99
738,1000,3331558,0.87
739,1000,4368330,0.99
740,1000,2798966,0.99
741,1000,3414988,1
742,1000,3349395,0.99
743,1000,3046404,0.99
744,1000,3997936,0.99
745,1000,2144101,0.97
746,1000,3391025,1
747,1000,3233097,1
748,1000,2174855,0.97
749,1000,2847844,1
750,1000,3332630,1
751,1000,3196934,1
752,1000,3224931,1
753,1000,3769120,1
754,1000,3463196,0.92
755,1000,2685271,1
756,1000,3860471,0.99
757,1000,3960448,1
758,1000,2849128,1
759,1000,3401654,1
760,1000,3216326,1
761,1000,3664997,0.82
762,1000,4072371,0.99
763,1000,3312015,0.99
764,1000,3598953,0.99
765,1000,3809973,1
766,1000,3935929,1
767,1000,3906940,0.94
768,1000,2124468,0.99
769,1000,3813272,1
770,1000,2648433,0.99
771,1000,3922479,1
772,1000,4061610,1
773,1000,3338923,1
774,1000,3964906,0.88
775,1000,3184313,0.95
776,1000,4117423,0.99
777,1000,3514595,0.96
778,1000,4071535,1
779,1000,3193513,1
780,1000,2622825,1
781,1000,3370899,1
782,1000,4102919,1
783,1000,2566759,1
784,1000,3393050,1
785,1000,1835527,1
786,1000,3232058,1
787,1000,3905427,1
788,1000,4185610,0.98
789,1000,2832745,1
790,1000,2486954,1
791,1000,4409991,0.97
792,1000,3601244,1
793,1000,3954983,1
794,1000,3820568,0.99
795,1000,3954178,0.99
796,1000,3776670,1
797,1000,4002728,1
798,1000,3389610,1
799,1000,3384550,1
800,1000,3483433,1
801,1000,3748773,1
802,1000,3209711,0.96
803,1000,3817327,1
804,1000,3421849,1
805,1000,2643788,1
806,1000,1626249,1
807,1000,2413198,1
808,1000,2676596,1
809,1000,1939739,1
810,1000,2986352,1
811,1000,2471047,0.85
812,1000,3509938,0.92
813,1000,2874140,1
814,1000,2867670,1
815,1000,3981144,0.99
816,1000,3640593,0.97
817,1000,2871570,1
818,1000,2431956,1
819,1000,3226476,1
820,1000,3499414,1
821,1000,2602123,1
822,1000,4197864,0.98
823,1000,3652600,0.99
824,1000,3283658,0.99
825,1000,2848273,1
826,1000,2809577,1
827,1000,3857797,0.95
828,1000,3526511,1
829,1000,3811380,1
830,1000,2796041,1
831,1000,4078061,0.96
832,1000,3278032,0.93
833,1000,4257029,0.96
834,1000,2789359,1
835,1000,3558416,0.93
836,1000,2253823,0.93
837,1000,3688799,1
838,1000,3793294,0.99
839,1000,3240543,0.94
840,1000,4099120,0.85
841,1000,3920743,0.97
842,1000,3167738,1
843,1000,2797350,1
844,1000,3717343,1
845,1000,3445431,0.98
846,1000,4171713,0.99
847,1000,3516841,1
848,1000,3346259,0.98
849,1000,3132403,1
850,1000,3570466,0.98
851,1000,2866185,1
852,1000,2619564,1
853,1000,3994940,0.99
854,1000,1570087,0.94
855,1000,2412028,0.97
856,1000,4146189,1
857,1000,3052030,1
858,1000,3873648,0.94
859,1000,3812320,1
860,1000,3050222,1
861,1000,2898344,1
862,1000,2355590,0.81
863,1000,2721495,1
864,1000,2518744,0.94
865,1000,4421941,0.98
866,1000,3264300,1
867,1000,3354381,0.97
868,1000,3904625,1
869,1000,3612715,0.98
870,1000,2843802,0.98
871,1000,3406135,1
872,1000,3847334,0.92
873,1000,2736884,1
874,1000,3944832,0.74
875,1000,3899260,1
876,1000,3853340,1
877,1000,3907463,1
878,1000,2245682,1
879,1000,4266103,0.98
880,1000,3301171,1
881,1000,3785785,1
882,1000,4037530,0.97
883,1000,3738858,0.89
884,1000,3931820,1
885,1000,4502193,0.97
886,1000,2948879,1
887,1000,2303256,0.79
888,1000,3576561,0.82
889,1000,3785998,1
890,1000,3055711,1
891,1000,3438330,1
892,1000,3378972,0.91
893,1000,3386412,0.91
894,1000,2948940,0.88
895,1000,3075583,1
896,1000,2589985,1
897,1000,3759219,0.98
898,1000,3258800,1
899,1000,3056665,1
900,1000,3284629,0.96
901,1000,3093989,1
902,1000,3017603,1
903,1000,2588636,1
904,1000,3934437,1
905,1000,3780771,0.99
906,1000,3125279,0.93
907,1000,4240143,0.95
908,1000,2819715,1
909,1000,3754327,1
910,1000,3809244,1
911,1000,3330626,0.99
912,1000,3955913,1
913,1000,3784210,0.99
914,1000,3971187,0.99
915,1000,3354438,1
916,1000,2958923,1
917,1000,3549994,0.86
918,1000,3330609,0.92
919,1000,3640531,1
920,1000,3733418,1
921,1000,2621478,1
922,1000,3807838,0.97
923,1000,2540895,0.84
924,1000,2641151,1
925,1000,3934112,1
926,1000,3807543,0.97
927,1000,3308942,1
928,1000,3098075,1
929,1000,2533136,1
930,1000,1804755,1
931,1000,3436954,1
932,1000,1927295,1
933,1000,3501748,1
934,1000,3887164,0.99
935,1000,3555987,1
936,1000,3777281,0.99
937,1000,3165693,1
938,1000,2629487,1
939,1000,3432731,0.97
940,1000,4134267,0.99
941,1000,3083785,1
942,1000,4045722,0.98
943,1000,3952029,1
944,1000,2530568,0.95
945,1000,4484693,0.97
946,1000,3045192,1
947,1000,3809885,1
948,1000,2709178,0.99
949,1000,3122631,1
950,1000,3159576,1
951,1000,4235355,0.99
952,1000,2469650,0.97
953,1000,3885660,1
954,1000,4168794,0.98
955,1000,3826516,0.98
956,1000,3332023,0.98
957,1000,2336740,1
958,1000,4346471,0.99
959,1000,3078924,1
960,1000,3766605,0.95
961,1000,3821550,1
962,1000,2321119,1
963,1000,3511820,1
964,1000,3237918,1
965,1000,2802382,1
966,1000,3366630,0.89
967,1000,4079293,0.99
968,1000,3706860,0.99
969,1000,3866067,0.89
970,1000,2515803,1
971,1000,3054122,1
972,1000,3336838,1
973,1000,3458158,0.98
974,1000,3811980,1
975,1000,3217293,0.91
976,1000,3265586,0.96
977,1000,2621178,1
978,1000,2465050,1
979,1000,3194807,1
980,1000,4006708,0.94
981,1000,3919566,0.97
982,1000,2905400,1
983,1000,3933570,0.88
984,1000,3749479,1
985,1000,2583180,0.96
986,1000,3602357,1
987,1000,2954629,1
988,1000,2265744,0.99
989,1000,2602055,1
990,1000,3784425,0.99
991,1000,3393431,0.91
992,1000,2585109,0.96
993,1000,2539969,1
994,1000,4221467,0.96
995,1000,2305238,1
996,1000,3674418,1
997,1000,3438090,0.98
998,1000,3684923,0.99
999,1000,2817693,0.99
0,1200,3480189,0.95
1,1200,4760188,0.98
2,1200,4261153,1
3,1200,5169500,0.95
4,1200,4377276,1
5,1200,4920132,1
6,1200,5413990,1
7,1200,4390746,1
8,1200,4195532,1
9,1200,4774186,0.97
10,1200,5041505,0.98
11,1200,5186091,0.95
12,1200,4828107,0.99
13,1200,4625206,1
14,1200,4283925,1
15,1200,5060630,0.99
16,1200,2478367,1
17,1200,4736853,1
18,1200,4078216,1
19,1200,5414047,0.92
20,1200,4033201,1
21,1200,2911651,1
22,1200,4196340,1
23,1200,3794165,1
24,1200,5021962,0.99
25,1200,5288182,0.98
26,1200,3888329,1
27,1200,4842942,1
28,1200,4656451,0.99
29,1200,4139844,1
30,1200,4464959,0.99
31,1200,4990389,0.97
32,1200,3404583,1
33,1200,4211075,1
34,1200,3609235,1
35,1200,3147447,1
36,1200,5156268,0.97
37,1200,3815775,1
38,1200,4804183,1
39,1200,3428671,1
40,1200,3921090,1
41,1200,2718096,1
42,1200,3180218,1
43,1200,4088931,1
44,1200,5079359,1
45,1200,3635624,1
46,1200,3098637,1
47,1200,4456666,1
48,1200,3345089,1
49,1200,4028993,1
50,1200,3618239,1
51,1200,4578552,1
52,1200,4784220,1
53,1200,4567975,0.98
54,1200,5028688,1
55,1200,4476021,1
56,1200,4621130,0.98
57,1200,2579200,1
58,1200,4472940,1
59,1200,3119664,1
60,1200,4513934,1
61,1200,4275511,1
62,1200,4499351,1
63,1200,4876433,0.99
64,1200,4873234,0.92
65,1200,5026745,1
66,1200,3936525,1
67,1200,4453067,1
68,1200,4941537,1
69,1200,4496292,1
70,1200,5138966,0.99
71,1200,4136661,1
72,1200,5024431,1
73,1200,4066980,1
74,1200,3022983,1
75,1200,3857016,1
76,1200,4686185,0.99
77,1200,3442630,1
78,1200,3615756,1
79,1200,3946188,1
80,1200,4590614,0.98
81,1200,3738350,1
82,1200,3414713,1
83,1200,4861345,0.99
84,1200,4066007,0.99
85,1200,3785946,1
86,1200,2719422,0.99
87,1200,4498942,1
88,1200,3921701,1
89,1200,2229485,0.94
90,1200,3604232,1
91,1200,3776683,1
92,1200,4722588,1
93,1200,2490329,1
94,1200,2955257,1
95,1200,4412321,0.99
96,1200,5142054,1
97,1200,4365167,1
98,1200,4251049,0.99
99,1200,4214491,1
100,1200,4040536,1
101,1200,4646526,1
102,1200,4441250,1
103,1200,4681787,0.99
104,1200,4432179,1
105,1200,4695012,1
106,1200,3537709,1
107,1200,3546558,1
108,1200,3774067,1
109,1200,4614216,1
110,1200,4538708,1
111,1200,2926175,0.98
112,1200,4107368,1
113,1200,4158550,1
114,1200,4943554,1
115,1200,4655951,1
116,1200,3446918,0.97
117,1200,4468332,1
118,1200,4927678,0.9
119,1200,4181443,0.98
120,1200,4903467,1
121,1200,4085217,1
122,1200,4031774,0.98
123,1200,3862622,1
124,1200,3854602,1
125,1200,4739693,1
126,1200,5175629,0.96
127,1200,3404655,1
128,1200,2786783,1
129,1200,4933858,1
130,1200,4113400,1
131,1200,4504436,0.94
132,1200,2757626,1
133,1200,3543012,1
134,1200,3441513,1
135,1200,3887910,1
136,1200,2857261,1
137,1200,2463786,0.93
138,1200,4057931,1
139,1200,3727846,1
140,1200,5176312,0.97
141,1200,2937399,1
142,1200,4264650,1
143,1200,2908319,1
144,1200,3517145,1
145,1200,2486445,1
146,1200,4739211,1
147,1200,4591241,1
148,1200,4918515,0.89
149,1200,3757740,1
150,1200,4136208,1
151,1200,2988807,0.94
152,1200,4222880,1
153,1200,3735631,1
154,1200,3612141,1
155,1200,5016924,0.98
156,1200,5011206,0.99
157,1200,4805169,1
158,1200,2928543,1
159,1200,4680599,1
160,1200,3540899,1
161,1200,4357101,1
162,1200,4637215,1
163,1200,4578191,1
164,1200,4002305,1
165,1200,4231428,1
166,1200,3917500,1
167,1200,3159337,1
168,1200,4799965,0.99
169,1200,2252124,1
170,1200,5298961,1
171,1200,3440414,1
172,1200,4819653,0.95
173,1200,4184303,1
174,1200,4390215,0.98
175,1200,4807722,0.99
176,1200,4347832,1
177,1200,4546377,0.99
178,1200,3917665,0.99
179,1200,4380650,1
180,1200,4894394,0.98
181,1200,4701108,1
182,1200,4301631,1
183,1200,4227539,0.98
184,1200,4154240,1
185,1200,4257303,1
186,1200,2291972,1
187,1200,2204117,1
188,1200,3608442,1
189,1200,4646069,1
190,1200,4149492,1
191,1200,4132256,1
192,1200,3574481,1
193,1200,2890137,1
194,1200,2872078,0.99
195,1200,5180494,0.95
196,1200,2570092,1
197,1200,3895415,0.99
198,1200,2897966,1
199,1200,4334630,0.99
200,1200,2923464,1
201,1200,3162164,1
202,1200,3297381,1
203,1200,2712207,1
204,1200,3916479,1
205,1200,3669476,1
206,1200,3986953,0.92
207,1200,3957649,1
208,1200,5245989,0.93
209,1200,3241200,1
210,1200,2673949,1
211,1200,3473801,1
212,1200,4118835,1
213,1200,5053456,1
214,1200,4227405,1
215,1200,3772863,0.99
216,1200,2406650,0.98
217,1200,5278231,1
218,1200,3259561,1
219,1200,2841614,0.99
220,1200,4924024,1
221,1200,4471260,1
222,1200,4057281,1
223,1200,2682576,1
224,1200,4840988,0.88
225,1200,4354761,1
226,1200,4531606,1
227,1200,4714699,1
228,1200,4746883,0.98
229,1200,4651308,0.96
230,1200,4754569,0.99
231,1200,3570895,1
232,1200,4081864,0.98
233,1200,2973238,1
234,1200,4854110,0.97
235,1200,5185132,1
236,1200,3426456,1
237,1200,3237400,1
238,1200,3963060,1
239,1200,4571753,1
240,1200,2745659,1
241,1200,3429793,1
242,1200,3146040,1
243,1200,3830801,1
244,1200,4618574,0.98
245,1200,5325390,0.95
246,1200,3323677,1
247,1200,3601957,1
248,1200,4666455,1
249,1200,3327377,1
250,1200,2514387,1
251,1200,2727951,0.89
252,1200,4174019,1
253,1200,3145714,1
254,1200,4466359,1
255,1200,3671027,0.98
256,1200,3344163,1
257,1200,3878092,1
258,1200,4316636,1
259,1200,2619130,1
260,1200,4232421,0.99
261,1200,4030308,1
262,1200,2354928,1
263,1200,4215989,1
264,1200,4227857,1
265,1200,4290050,0.97
266,1200,5264854,0.98
267,1200,4679753,1
268,1200,3164053,1
269,1200,5277216,1
270,1200,4010254,1
271,1200,4538688,1
272,1200,3863299,1
273,1200,4465275,1
274,1200,2876420,1
275,1200,4264913,0.94
276,1200,3953299,1
277,1200,3007193,1
278,1200,3219525,1
279,1200,4344721,0.99
280,1200,4601079,1
281,1200,3961011,1
282,1200,3834251,1
283,1200,4665393,1
284,1200,4651015,1
285,1200,3088970,0.98
286,1200,4503426,0.95
287,1200,4719663,1
288,1200,4676454,1
289,1200,4070493,1
290,1200,2626362,1
291,1200,4986809,0.98
292,1200,4068253,1
293,1200,4089776,1
294,1200,3566768,1
295,1200,2971311,1
296,1200,2558696,1
297,1200,3002055,0.99
298,1200,3221596,0.98
299,1200,3809913,1
300,1200,2960628,1
301,1200,4344741,0.99
302,1200,4319163,1
303,1200,3127061,1
304,1200,4752111,1
305,1200,2704833,1
306,1200,5502638,0.97
307,1200,3424163,1
308,1200,3548849,1
309,1200,4484312,1
310,1200,5098642,0.98
311,1200,3775342,1
312,1200,4150856,0.99
313,1200,5309673,0.96
314,1200,4656065,1
315,1200,3087742,1
316,1200,4241175,1
317,1200,2635869,1
318,1200,2849551,1
319,1200,2432876,1
320,1200,2625587,1
321,1200,3222067,1
322,1200,2658135,1
323,1200,3986229,1
324,1200,4485480,0.99
325,1200,4101132,1
326,1200,3477682,1
327,1200,2624317,1
328,1200,3452339,1
329,1200,5145894,0.95
330,1200,2731893,1
331,1200,2966099,1
332,1200,4152296,1
333,1200,4030262,1
334,1200,4150266,1
335,1200,4811048,1
336,1200,2541663,0.96
337,1200,5129977,0.98
338,1200,2838954,1
339,1200,4549345,0.99
340,1200,4088246,1
341,1200,2818089,1
342,1200,4927740,0.99
343,1200,4942368,1
344,1200,3123969,1
345,1200,4950284,0.99
346,1200,4444525,0.98
347,1200,4256772,0.95
348,1200,5133312,1
349,1200,2734017,1
350,1200,4632367,1
351,1200,3465522,1
352,1200,4611715,0.99
353,1200,3301184,1
354,1200,2916682,1
355,1200,3910964,1
356,1200,2577920,1
357,1200,3300708,1
358,1200,3890578,1
359,1200,3913128,1
360,1200,3090732,1
361,1200,3907061,1
362,1200,2538569,1
363,1200,3019001,1
364,1200,4512712,1
365,1200,4254994,1
366,1200,4339004,0.97
367,1200,4800296,1
368,1200,2654612,1
369,1200,3532078,1
370,1200,3890351,0.98
371,1200,5133704,1
372,1200,4260562,0.98
373,1200,4557527,0.99
374,1200,3468219,1
375,1200,4065237,1
376,1200,3931710,1
377,1200,4673316,0.99
378,1200,5411943,0.96
379,1200,2241924,1
380,1200,4573193,1
381,1200,2968123,1
382,1200,2506677,1
383,1200,2595714,1
384,1200,3999449,1
385,1200,2700633,1
386,1200,4619734,0.99
387,1200,4993959,0.96
388,1200,4971383,1
389,1200,4489789,0.99
390,1200,3048717,1
391,1200,4081404,1
392,1200,4435294,1
393,1200,4738409,1
394,1200,2577421,1
395,1200,4825147,1
396,1200,4908247,1
397,1200,4967260,0.97
398,1200,4350555,0.99
399,1200,3473764,0.98
400,1200,3531124,1
401,1200,4345086,1
402,1200,3807120,1
403,1200,3964277,1
404,1200,3231158,1
405,1200,5453055,0.92
406,1200,4075858,0.92
407,1200,4049821,1
408,1200,3234265,1
409,1200,3544361,1
410,1200,2543358,1
411,1200,3624827,1
412,1200,3586628,1
413,1200,4349070,1
414,1200,3494483,1
415,1200,2829082,1
416,1200,3082461,1
417,1200,3714042,1
418,1200,2881938,0.91
419,1200,4054696,1
420,1200,4623305,1
421,1200,3307356,1
422,1200,2764252,1
423,1200,3375352,0.99
424,1200,3709555,1
425,1200,2984781,1
426,1200,4237110,0.93
427,1200,4808427,1
428,1200,2873857,1
429,1200,3046185,1
430,1200,3649492,1
431,1200,2484314,1
432,1200,4253635,1
433,1200,3030050,1
434,1200,2695993,1
435,1200,3698521,1
436,1200,3028726,1
437,1200,4028203,1
438,1200,3433249,1
439,1200,4892798,0.96
440,1200,3128937,1
441,1200,4305910,0.99
442,1200,4113220,0.92
443,1200,3888644,1
444,1200,3542731,1
445,1200,3838737,0.96
446,1200,3619388,1
447,1200,5086397,0.98
448,1200,2704650,1
449,1200,3645223,1
450,1200,4425139,0.99
451,1200,5082898,0.99
452,1200,5417863,0.83
453,1200,4591443,0.98
454,1200,2996165,1
455,1200,2525204,1
456,1200,3850435,1
457,1200,4634346,0.94
458,1200,4296367,1
459,1200,4332291,1
460,1200,3552432,0.94
461,1200,4467434,1
462,1200,4016876,1
463,1200,4139081,1
464,1200,3981602,0.99
465,1200,4107212,1
466,1200,3299055,1
467,1200,3274649,1
468,1200,4715122,1
469,1200,4133027,1
470,1200,4331686,1
471,1200,4665669,0.99
472,1200,3888881,0.79
473,1200,5209229,0.96
474,1200,3903026,1
475,1200,5463224,0.9
476,1200,3813111,1
477,1200,3045341,1
478,1200,3408751,1
479,1200,4595739,0.98
480,1200,3472043,0.99
481,1200,4182301,1
482,1200,3495769,1
483,1200,4596850,0.99
484,1200,3739196,1
485,1200,3245751,1
486,1200,4666698,1
487,1200,3430148,1
488,1200,4024495,0.99
489,1200,3458874,1
490,1200,3138152,0.99
491,1200,2743530,1
492,1200,2966267,1
493,1200,4286194,1
494,1200,4341965,0.99
495,1200,4816288,1
496,1200,4319927,1
497,1200,4447060,1
498,1200,4324583,0.99
499,1200,3620915,1
500,1200,2673534,1
501,1200,4907713,0.96
502,1200,3554885,1
503,1200,3916941,1
504,1200,5412737,0.98
505,1200,4385673,1
506,1200,3058697,1
507,1200,4184984,0.82
508,1200,4246388,1
509,1200,4973763,0.94
510,1200,3997488,1
511,1200,3954991,1
512,1200,2557430,1
513,1200,4582056,1
514,1200,3468676,0.94
515,1200,5076447,1
516,1200,3989864,1
517,1200,4188603,0.94
518,1200,3513948,1
519,1200,4503017,0.99
520,1200,4547850,1
521,1200,2354816,1
522,1200,4484486,1
523,1200,2517924,1
524,1200,4033604,1
525,1200,3372509,1
526,1200,4119101,1
527,1200,4011811,1
528,1200,2887749,1
529,1200,2918086,1
530,1200,4263442,0.92
531,1200,5056359,0.98
532,1200,4338067,1
533,1200,4472864,1
534,1200,4848571,1
535,1200,4576104,1
536,1200,4315779,0.99
537,1200,4494591,0.99
538,1200,3210632,1
539,1200,4510578,1
540,1200,3541093,1
541,1200,3690345,1
542,1200,2994460,1
543,1200,4183289,1
544,1200,4645288,1
545,1200,4743253,1
546,1200,2549213,1
547,1200,4886588,0.99
548,1200,3618858,0.99
549,1200,3357430,1
550,1200,2571064,1
551,1200,2807962,1
552,1200,3650713,0.99
553,1200,4437492,0.97
554,1200,3682030,1
555,1200,4465309,1
556,1200,4498998,1
557,1200,4840804,0.99
558,1200,3674151,1
559,1200,4624732,1
560,1200,4555902,1
561,1200,4391703,0.99
562,1200,4683878,1
563,1200,4151103,1
564,1200,3411850,0.98
565,1200,4469528,0.97
566,1200,4456200,0.97
567,1200,4526667,0.97
568,1200,3526859,1
569,1200,4223301,1
570,1200,2969274,1
571,1200,3603011,1
572,1200,2572921,1
573,1200,4257297,1
574,1200,3993872,0.98
575,1200,2290704,1
576,1200,4698544,1
577,1200,4076128,1
578,1200,3428446,1
579,1200,4702463,0.88
580,1200,4309252,0.91
581,1200,4939404,1
582,1200,3930540,0.98
583,1200,4583341,1
584,1200,3795085,1
585,1200,4032018,0.92
586,1200,4207524,1
587,1200,4811896,0.98
588,1200,4256757,1
589,1200,4480910,1
590,1200,4062087,1
591,1200,4558951,0.99
592,1200,4506116,1
593,1200,4282925,1
594,1200,4626842,1
595,1200,2295667,1
596,1200,3822121,1
597,1200,3850292,0.99
598,1200,4139376,0.98
599,1200,3744615,1
600,1200,13719089,0.96
601,1200,10848182,0.85
602,1200,7235121,0.98
603,1200,7079905,1
604,1200,6781057,1
605,1200,5992318,1
606,1200,7214317,1
607,1200,7956584,0.99
608,1200,6000731,0.99
609,1200,5490082,1
610,1200,5072557,1
611,1200,5766694,1
612,1200,5573306,1
613,1200,5902094,1
614,1200,7107466,1
615,1200,7457352,1
616,1200,5701482,1
617,1200,5519921,1
618,1200,5620439,0.87
619,1200,6316439,0.95
620,1200,5379114,1
621,1200,4840319,0.99
622,1200,4862043,0.98
623,1200,6245439,1
624,1200,6049264,1
625,1200,2953042,1
626,1200,5710914,1
627,1200,3000829,1
628,1200,4222637,0.99
629,1200,3308243,0.99
630,1200,5370820,0.95
631,1200,5891962,1
632,1200,3087267,1
633,1200,4350699,1
634,1200,2321186,1
635,1200,6191677,0.98
636,1200,5228770,0.98
637,1200,5077509,1
638,1200,4865035,1
639,1200,5475666,0.99
640,1200,3911441,1
641,1200,4660374,1
642,1200,3746869,1
643,1200,4348966,0.99
644,1200,4066143,1
645,1200,4976812,0.98
646,1200,4629455,1
647,1200,4975004,0.98
648,1200,3305676,1
649,1200,4883206,1
650,1200,4092465,1
651,1200,4419600,1
652,1200,3294836,1
653,1200,3448789,1
654,1200,4506442,1
655,1200,4975221,0.98
656,1200,4181502,0.93
657,1200,3939787,1
658,1200,5106496,1
659,1200,5366294,0.98
660,1200,4066868,1
661,1200,3841159,1
662,1200,4385906,0.99
663,1200,4704876,0.99
664,1200,5323911,0.99
665,1200,4794126,1
666,1200,4673491,1
667,1200,4213464,1
668,1200,4872064,1
669,1200,2944859,1
670,1200,5394079,0.93
671,1200,4453426,1
672,1200,5149654,0.95
673,1200,4831584,0.99
674,1200,4864508,0.89
675,1200,5172657,0.97
676,1200,3725352,0.99
677,1200,4277625,0.86
678,1200,3425235,1
679,1200,5040484,0.98
680,1200,4387157,0.99
681,1200,3080828,1
682,1200,3059813,1
683,1200,3007842,1
684,1200,4436886,0.98
685,1200,2534663,1
686,1200,3264596,1
687,1200,2585017,0.87
688,1200,4067499,0.99
689,1200,3692902,1
690,1200,4819444,0.98
691,1200,3953620,0.97
692,1200,2712090,1
693,1200,4572407,1
694,1200,5158989,0.99
695,1200,2637288,1
696,1200,4201318,0.9
697,1200,4526903,1
698,1200,3433966,1
699,1200,3711725,0.99
700,1200,5521800,0.91
701,1200,3652383,1
702,1200,4064643,1
703,1200,3997833,0.97
704,1200,4672544,1
705,1200,4705834,1
706,1200,5111786,0.93
707,1200,4297091,0.83
708,1200,3964338,1
709,1200,3456147,0.98
710,1200,4253730,0.87
711,1200,3687373,0.94
712,1200,4540103,1
713,1200,2231598,1
714,1200,3983907,0.98
715,1200,4653684,1
716,1200,3808021,1
717,1200,2458945,0.97
718,1200,4914709,0.99
719,1200,3308572,1
720,1200,4029065,1
721,1200,3333666,1
722,1200,4609199,0.8
723,1200,2805635,1
724,1200,2733935,1
725,1200,4525550,0.99
726,1200,4122720,1
727,1200,4765223,0.91
728,1200,4213441,1
729,1200,4813802,1
730,1200,4494423,1
731,1200,4460368,1
732,1200,3030258,1
733,1200,2662517,0.98
734,1200,5256751,0.96
735,1200,4258880,1
736,1200,3148209,1
737,1200,4545237,0.99
738,1200,3920476,0.87
739,1200,5132336,0.99
740,1200,3378713,0.99
741,1200,4029658,1
742,1200,3923888,1
743,1200,3618894,1
744,1200,4719476,0.99
745,1200,2433933,0.97
746,1200,3905414,1
747,1200,3761164,1
748,1200,2485744,0.97
749,1200,3384609,1
750,1200,3908020,1
751,1200,3776271,1
752,1200,3848143,1
753,1200,4452922,1
754,1200,4051667,0.92
755,1200,3154987,1
756,1200,4512123,0.99
757,1200,4705329,1
758,1200,3403636,1
759,1200,3996041,1
760,1200,3820969,1
761,1200,4299852,0.83
762,1200,4871300,0.99
763,1200,3827142,1
764,1200,4239371,0.99
765,1200,4479707,1
766,1200,4630425,1
767,1200,4592427,0.96
768,1200,2441339,1
769,1200,4443769,1
770,1200,3140808,0.99
771,1200,4666807,1
772,1200,4775172,1
773,1200,3912164,1
774,1200,4683018,0.9
775,1200,3783096,0.95
776,1200,4824918,0.99
777,1200,4062656,0.96
778,1200,4733311,1
779,1200,3761447,1
780,1200,3008946,1
781,1200,3905751,1
782,1200,4775908,1
783,1200,3003188,1
784,1200,3994525,1
785,1200,2091798,1
786,1200,3739745,1
787,1200,4595224,1
788,1200,4909605,0.98
789,1200,3315898,1
790,1200,2863083,1
791,1200,5150918,0.98
792,1200,4225469,1
793,1200,4643826,1
794,1200,4522025,1
795,1200,4630533,1
796,1200,4368862,1
797,1200,4678554,1
798,1200,4022852,1
799,1200,3985425,1
800,1200,4062437,1
801,1200,4453373,1
802,1200,3743209,0.96
803,1200,4445292,1
804,1200,3979225,1
805,1200,3141731,1
806,1200,1849075,1
807,1200,2708299,1
808,1200,3102904,1
809,1200,2436195,1
810,1200,3504131,1
811,1200,2835076,0.85
812,1200,4098302,0.93
813,1200,3335139,1
814,1200,3397968,1
815,1200,4671862,0.99
816,1200,4290976,0.97
817,1200,3389287,1
818,1200,2882071,1
819,1200,3750682,1
820,1200,4072853,1
821,1200,3112433,1
822,1200,5000324,0.98
823,1200,4270079,0.99
824,1200,3872708,0.99
825,1200,3379576,1
826,1200,3249660,1
827,1200,4462846,0.96
828,1200,4173174,1
829,1200,4493453,1
830,1200,3268689,1
831,1200,4806508,0.97
832,1200,3869289,0.93
833,1200,5020727,0.97
834,1200,3227956,1
835,1200,4179324,0.96
836,1200,2624570,0.93
837,1200,4384238,1
838,1200,4461653,1
839,1200,3790325,0.95
840,1200,4861740,0.86
841,1200,4528186,0.98
842,1200,3726113,1
843,1200,3286410,1
844,1200,4369389,1
845,1200,4034338,0.98
846,1200,4937948,0.99
847,1200,4126816,1
848,1200,3997901,0.98
849,1200,3709374,1
850,1200,4190200,1
851,1200,3430352,1
852,1200,3010330,1
853,1200,4666121,0.99
854,1200,1763016,0.94
855,1200,2811093,0.97
856,1200,4890445,1
857,1200,3634911,1
858,1200,4552093,0.94
859,1200,4456947,1
860,1200,3506689,1
861,1200,3372931,1
862,1200,2704775,0.83
863,1200,3179882,1
864,1200,2949557,0.94
865,1200,5155007,0.98
866,1200,3842812,1
867,1200,3984773,0.97
868,1200,4605317,1
869,1200,4303385,0.98
870,1200,3389183,0.98
871,1200,3973743,1
872,1200,4519470,0.94
873,1200,3170877,1
874,1200,4655779,0.75
875,1200,4590910,1
876,1200,4509140,1
877,1200,4561695,1
878,1200,2560153,1
879,1200,5042393,0.99
880,1200,3859815,1
881,1200,4493014,1
882,1200,4700160,0.98
883,1200,4435940,0.92
884,1200,4630748,1
885,1200,5287590,0.97
886,1200,3502283,1
887,1200,2725104,0.81
888,1200,4227721,0.85
889,1200,4464405,1
890,1200,3571746,1
891,1200,4055986,1
892,1200,3979398,0.94
893,1200,3959344,0.92
894,1200,3610817,0.89
895,1200,3691299,1
896,1200,3041297,1
897,1200,4392047,0.99
898,1200,3898421,1
899,1200,3596941,1
900,1200,3836028,0.97
901,1200,3699597,1
902,1200,3543288,1
903,1200,2998875,1
904,1200,4607873,1
905,1200,4473968,0.99
906,1200,3683762,0.94
907,1200,4991767,0.95
908,1200,3279929,1
909,1200,4410975,1
910,1200,4504310,1
911,1200,3972229,0.99
912,1200,4643707,1
913,1200,4398034,1
914,1200,4668823,0.99
915,1200,3935017,1
916,1200,3460721,1
917,1200,4156419,0.87
918,1200,3976404,0.93
919,1200,4264587,1
920,1200,4420613,1
921,1200,3094060,1
922,1200,4456282,0.98
923,1200,3053765,0.84
924,1200,3127405,1
925,1200,4598689,1
926,1200,4459503,0.98
927,1200,3902593,1
928,1200,3586622,1
929,1200,3000016,1
930,1200,2045980,1
931,1200,4074264,1
932,1200,2218867,1
933,1200,4031636,1
934,1200,4568032,0.99
935,1200,4151522,1
936,1200,4371768,0.99
937,1200,3666324,1
938,1200,3105443,1
939,1200,3922319,0.97
940,1200,4805432,0.99
941,1200,3584883,1
942,1200,4772939,0.99
943,1200,4671715,1
944,1200,2887311,0.96
945,1200,5279938,0.98
946,1200,3522512,1
947,1200,4443092,1
948,1200,3211435,0.99
949,1200,3659002,1
950,1200,3723183,1
951,1200,4913413,1
952,1200,2790064,0.98
953,1200,4564135,1
954,1200,4923065,0.98
955,1200,4485325,0.99
956,1200,3906474,0.98
957,1200,2693038,1
958,1200,5096162,0.99
959,1200,3682398,1
960,1200,4403793,0.95
961,1200,4528355,1
962,1200,2681713,1
963,1200,4127167,1
964,1200,3737764,1
965,1200,3210775,1
966,1200,3930193,0.92
967,1200,4850273,1
968,1200,4325627,0.99
969,1200,4536144,0.9
970,1200,2908268,1
971,1200,3688514,1
972,1200,3926126,1
973,1200,4039806,0.98
974,1200,4475075,1
975,1200,3765768,0.92
976,1200,3830444,0.96
977,1200,3069122,1
978,1200,2937379,1
979,1200,3876392,1
980,1200,4893619,0.94
981,1200,4870749,0.97
982,1200,3424400,1
983,1200,4766589,0.9
984,1200,4650072,1
985,1200,3118340,0.96
986,1200,4340692,1
987,1200,3535938,1
988,1200,2711412,0.99
989,1200,3303662,1
990,1200,4613438,0.99
991,1200,4303724,0.91
992,1200,2990471,0.96
993,1200,3023476,1
994,1200,4946242,0.98
995,1200,2673251,1
996,1200,4287894,1
997,1200,4037440,0.98
998,1200,4315979,0.99
999,1200,3320879,1
