QueryID,EF,Latency(ns),Recall
0,375,1404439,1
1,100,501222,1
2,297,1169716,1
3,130,570991,1
4,609,1989220,1
5,192,744494,1
6,374,1075356,0.97
7,612,2172164,0.97
8,224,868671,0.98
9,370,1354391,0.98
10,538,1728296,0.99
11,100,396738,0.99
12,233,974681,0.98
13,114,540947,0.95
14,166,741473,0.99
15,627,2068236,1
16,828,3071642,0.96
17,285,1080486,0.98
18,730,2580463,0.98
19,268,1031713,1
20,298,1069467,1
21,100,365984,1
22,189,758455,1
23,393,1383305,0.99
24,1199,3971428,0.98
25,134,635428,0.98
26,188,742572,0.96
27,827,2830302,0.98
28,398,1493470,0.97
29,100,268816,1
30,1521,5155801,1
31,100,464543,0.98
32,677,2203398,0.99
33,253,929647,0.98
34,100,328861,1
35,621,2054222,0.99
36,1007,3344290,0.99
37,100,480401,1
38,133,575298,0.99
39,405,1392707,0.99
40,1598,5333145,0.98
41,184,721550,1
42,113,533555,1
43,187,731004,0.99
44,663,2281038,0.98
45,1073,3791230,0.92
46,115,577252,0.96
47,100,319180,1
48,830,2872988,0.99
49,590,2105212,0.91
50,345,1333153,0.97
51,283,1066148,0.99
52,140,619210,0.98
53,114,556755,0.94
54,829,3032742,0.97
55,544,1518922,1
56,100,439825,1
57,1316,4460425,0.97
58,131,591426,1
59,100,447767,1
60,469,1515909,1
61,488,1552995,1
62,373,1246527,1
63,1306,4442275,0.97
64,100,482084,1
65,100,477981,0.95
66,524,1927420,0.98
67,795,2744582,1
68,663,2215123,1
69,856,2994698,0.95
70,508,1774352,0.99
71,166,664682,0.98
72,420,1463461,0.97
73,133,566217,0.97
74,291,1030023,0.97
75,586,1829172,1
76,479,1659812,1
77,117,523416,0.98
78,559,1786545,0.99
79,329,1111416,1
80,465,1645346,1
81,100,449282,1
82,356,1139118,1
83,506,1747916,1
84,558,1957424,0.97
85,166,652817,0.99
86,230,817663,0.99
87,100,403162,1
88,612,1886613,0.98
89,800,2371678,1
90,305,1108933,0.97
91,1612,5028802,0.95
92,336,1242104,0.98
93,1430,5019394,0.91
94,129,602254,1
95,469,1659672,0.98
96,100,280858,1
97,100,405938,1
98,445,1566551,0.95
99,201,728944,1
100,112,508375,0.99
101,244,943286,0.99
102,181,678673,0.99
103,1495,4898427,1
104,571,1933642,0.98
105,1548,5300580,0.98
106,198,814438,1
107,261,866597,0.99
108,1347,4494010,0.96
109,210,750281,1
110,582,1837108,0.99
111,319,1110452,0.99
112,1457,4595913,1
113,266,951855,0.99
114,190,772580,0.99
115,255,921669,1
116,744,2374220,0.97
117,100,441891,0.99
118,123,519201,1
119,1331,4008191,0.99
120,100,491691,0.96
121,100,438949,0.98
122,859,2582221,1
123,267,927341,0.97
124,658,2067821,0.98
125,628,2162760,0.95
126,1004,3078120,1
127,487,1543980,1
128,978,3066528,0.97
129,308,1140944,1
130,329,1211938,0.97
131,570,2043354,0.97
132,1058,3375132,0.98
133,316,1116994,0.99
134,829,2775370,0.99
135,1686,5481631,1
136,171,686403,0.99
137,155,647100,1
138,235,875364,0.98
139,170,688007,0.99
140,267,1009438,0.97
141,363,1255852,0.98
142,100,485673,0.91
143,348,1288537,1
144,590,1807620,0.99
145,367,1218569,1
146,134,567272,0.89
147,305,1091068,1
148,1028,3243920,0.98
149,512,1469400,1
150,387,1451420,0.97
151,100,394330,0.99
152,333,1167409,1
153,673,2214216,0.98
154,485,1609851,0.98
155,100,276421,1
156,380,1364708,0.98
157,197,750328,1
158,100,352257,1
159,513,1698978,1
160,100,486013,1
161,166,722492,0.98
162,277,925691,0.97
163,206,685806,1
164,859,2870462,0.99
165,829,2824442,1
166,510,1675755,1
167,954,2952269,1
168,1751,5597464,1
169,832,2932701,0.99
170,336,1134583,1
171,237,934637,0.95
172,131,578038,1
173,245,868461,1
174,200,722242,0.99
175,109,501677,0.98
176,666,1986426,1
177,100,438067,0.99
178,100,444884,0.98
179,367,1258633,0.97
180,182,674415,0.99
181,609,1769456,0.93
182,701,2259354,0.99
183,200,864418,0.99
184,286,1015176,1
185,339,1057179,0.97
186,129,524702,0.99
187,233,833543,1
188,906,2799816,1
189,633,1872746,0.99
190,385,1431938,0.96
191,100,425299,1
192,1375,4172765,0.99
193,333,1171288,0.99
194,684,2224297,1
195,863,2784666,0.99
196,596,1848490,1
197,100,457562,0.97
198,100,419104,0.99
199,1189,3856132,1
200,355,1236234,0.99
201,339,1295033,0.96
202,423,1416697,1
203,983,3249590,0.96
204,584,1874300,0.99
205,220,864523,0.96
206,200,732078,0.94
207,1091,3477948,0.99
208,339,1243718,0.97
209,335,1276950,0.98
210,366,1192734,0.99
211,590,1846696,1
212,1434,4595263,0.88
213,546,1504803,1
214,175,677376,0.99
215,515,1670107,1
216,198,682644,0.98
217,445,1277814,1
218,179,751756,0.98
219,183,683145,0.99
220,268,1012048,0.99
221,100,437677,0.99
222,166,643585,0.98
223,1246,3407722,1
224,649,2004317,0.98
225,184,771259,0.99
226,660,2027065,0.99
227,100,396579,1
228,332,1097700,0.98
229,645,2043840,1
230,207,776376,0.99
231,635,2040753,0.97
232,397,1358993,1
233,1080,3345293,1
234,241,941804,0.94
235,1138,3372566,0.98
236,321,1203674,0.98
237,856,2602461,0.99
238,581,1985101,1
239,114,510457,0.99
240,436,1475996,0.98
241,100,380253,0.94
242,948,2999486,0.99
243,100,406103,0.99
244,306,1040731,1
245,1304,3902031,0.99
246,1566,4581146,1
247,124,506355,0.97
248,398,1428246,0.97
249,1109,3563110,0.97
250,183,664057,1
251,170,679872,0.99
252,320,1159017,0.96
253,135,561023,0.99
254,135,579448,1
255,342,1163523,0.99
256,691,2279515,0.98
257,425,1093937,1
258,269,951338,1
259,200,736038,1
260,699,1605890,1
261,861,2480902,1
262,122,568806,0.99
263,233,924722,1
264,686,2245482,0.97
265,769,2126676,0.98
266,100,320435,1
267,100,451655,0.99
268,506,1565173,0.98
269,1139,3692015,0.97
270,352,1270838,0.98
271,543,1874108,0.97
272,113,548910,0.99
273,157,668806,0.96
274,584,1903090,0.99
275,379,1111877,1
276,208,838140,0.97
277,587,1837219,0.97
278,170,674488,1
279,187,665085,0.99
280,313,1157003,0.97
281,677,2080621,0.98
282,832,2767451,0.91
283,171,708390,0.97
284,841,2607491,0.97
285,444,1279670,0.96
286,946,3113170,1
287,101,450943,1
288,781,2360582,1
289,169,681007,0.99
290,131,562917,1
291,760,2517623,0.99
292,482,1173822,0.97
293,663,2057789,0.99
294,850,2765836,0.96
295,383,1336080,1
296,315,1101272,0.98
297,183,677170,0.99
298,100,336091,1
299,413,1203435,1
300,372,1233520,0.97
301,1377,4394775,0.95
302,693,2243870,0.99
303,644,2055605,1
304,331,1166273,1
305,559,1854406,1
306,311,1175777,0.99
307,176,554320,0.97
308,157,632736,1
309,1612,4947120,1
310,590,2022235,0.97
311,332,1226201,0.99
312,196,767630,0.99
313,405,1378250,0.96
314,560,1636725,0.99
315,483,1480662,0.99
316,829,2791764,0.97
317,296,1117371,0.97
318,273,882474,1
319,1691,5119970,0.93
320,376,1245200,1
321,1171,3388091,0.99
322,183,700542,0.98
323,115,510380,0.99
324,576,1966037,0.99
325,120,468200,0.99
326,161,646445,0.98
327,1650,5569299,0.9
328,371,1290835,1
329,100,375501,1
330,803,2699085,0.98
331,996,3222826,0.98
332,198,773033,1
333,363,1163513,0.97
334,448,1390124,1
335,100,392501,1
336,559,1742749,0.99
337,707,2196789,1
338,232,751660,1
339,588,1830861,0.98
340,100,475046,0.99
341,200,768586,0.98
342,193,749455,0.99
343,865,2703951,0.98
344,384,1265248,1
345,218,845516,0.98
346,144,556553,0.98
347,100,418613,1
348,631,2117970,0.99
349,183,710558,0.98
350,256,875176,0.95
351,293,1028168,1
352,100,402540,1
353,517,1654814,1
354,549,1750056,0.98
355,277,1002127,0.98
356,656,1915166,0.99
357,877,2638599,0.98
358,132,568125,1
359,630,2002959,0.97
360,191,758993,0.99
361,263,881759,0.98
362,530,1695233,0.99
363,378,1232286,0.98
364,443,1474231,0.98
365,434,1362257,1
366,169,674144,0.97
367,214,783283,0.99
368,193,725913,1
369,366,1255739,1
370,1591,4947345,0.99
371,745,2359791,0.99
372,396,1372632,0.98
373,616,1961442,0.99
374,794,2385654,0.97
375,270,890837,0.99
376,208,829778,0.99
377,100,417493,1
378,118,521597,1
379,189,672138,0.96
380,115,536467,0.99
381,100,423602,1
382,427,1415690,1
383,334,1017064,0.99
384,273,918627,0.98
385,639,1914115,0.97
386,1458,4611375,0.99
387,320,1095092,0.99
388,738,2404292,0.98
389,298,1098570,0.99
390,417,1267190,1
391,690,1975332,0.99
392,508,1618747,1
393,931,2933284,1
394,559,1746969,1
395,1268,3691463,0.98
396,100,450063,1
397,517,1623552,0.99
398,243,831720,0.98
399,652,1786705,1
400,768,2594495,0.96
401,295,1015524,1
402,353,1076397,1
403,714,2097805,1
404,171,656902,1
405,501,1585243,1
406,1159,3643846,1
407,424,1428722,0.98
408,100,450663,0.98
409,469,1479113,0.99
410,217,851046,1
411,292,1090851,0.98
412,495,1572733,0.99
413,256,898459,0.96
414,482,1550186,0.99
415,189,679893,1
416,333,1173966,0.99
417,638,2097463,0.98
418,229,806525,1
419,257,952720,0.99
420,100,452835,0.89
421,519,1648871,0.99
422,197,757637,1
423,654,2035540,0.97
424,111,477130,0.99
425,144,551862,0.98
426,773,2431036,0.98
427,246,881049,1
428,183,675088,1
429,160,615951,0.98
430,100,440693,0.97
431,134,591163,0.96
432,338,1252868,1
433,505,1608390,0.99
434,469,1483598,0.99
435,152,544466,0.91
436,397,1424059,0.98
437,592,1773954,1
438,329,1102215,1
439,653,2021077,1
440,740,2129332,0.99
441,141,617787,0.98
442,935,2877608,0.97
443,112,505271,0.99
444,128,484551,0.99
445,598,1590136,1
446,333,1122260,0.98
447,686,2181521,0.98
448,170,671363,1
449,351,1222446,0.98
450,459,1537716,0.97
451,100,429587,1
452,118,504582,0.98
453,829,2799513,0.94
454,167,689218,1
455,301,966753,0.97
456,324,1185484,1
457,168,676506,0.99
458,345,1020296,0.99
459,200,722671,1
460,233,880817,0.98
461,123,554263,0.93
462,270,910508,0.98
463,186,676027,0.99
464,115,509446,0.99
465,250,920335,1
466,241,928542,0.98
467,557,1771125,0.97
468,1169,3397210,1
469,263,1005690,1
470,103,490505,0.98
471,217,729540,1
472,686,1992069,0.98
473,666,2038003,1
474,100,459409,0.99
475,142,637276,1
476,473,1491612,1
477,117,531387,0.98
478,652,1811811,0.95
479,281,968096,1
480,228,724488,1
481,1458,4603149,0.99
482,182,702214,0.99
483,616,1932971,0.99
484,427,1351913,1
485,921,2835620,1
486,246,866881,0.99
487,100,451310,1
488,1162,3252440,1
489,126,536258,0.99
490,330,1041226,0.99
491,219,838715,1
492,221,637493,1
493,100,443090,0.98
494,183,682090,0.99
495,1628,4801083,0.99
496,391,1279813,0.99
497,212,718939,0.99
498,454,1487652,0.98
499,535,1745001,0.99
500,372,1346189,0.95
501,753,2512582,1
502,381,1063664,1
503,100,463393,0.98
504,175,772713,0.95
505,242,946651,1
506,356,1258575,0.99
507,649,2006862,0.98
508,338,1194077,0.97
509,474,1494419,0.99
510,337,1201689,0.99
511,100,367167,1
512,105,473779,1
513,180,746101,0.99
514,829,2449554,0.94
515,600,1903106,0.98
516,175,680551,0.98
517,166,635125,1
518,145,492185,0.94
519,290,846594,1
520,1250,3771926,0.97
521,748,2023713,1
522,200,704163,0.97
523,100,436308,0.99
524,194,734742,0.98
525,136,609342,0.97
526,589,1997537,0.99
527,413,1270212,1
528,277,912146,1
529,556,1654772,0.99
530,100,446062,0.96
531,250,879295,1
532,1395,4201255,0.99
533,100,483519,0.98
534,948,3084323,0.94
535,403,1270370,1
536,238,860575,0.93
537,420,1347199,0.99
538,200,711188,0.98
539,100,466291,1
540,132,540856,1
541,342,1210192,0.93
542,112,463576,0.97
543,268,961517,1
544,606,1955300,0.99
545,224,909042,0.99
546,133,556060,0.99
547,100,287503,1
548,508,1353351,1
549,678,2104471,0.97
550,541,1770894,0.98
551,357,1182864,1
552,1575,4989968,0.95
553,608,1699114,0.98
554,1242,3383247,1
555,100,428351,0.98
556,238,834667,1
557,632,2096686,0.99
558,514,1588325,1
559,100,317946,1
560,100,352072,1
561,356,1109526,0.94
562,300,1006892,1
563,300,1068921,0.99
564,758,2348704,0.98
565,308,1008494,1
566,177,716001,0.96
567,151,620650,0.99
568,516,1630691,1
569,257,866443,1
570,1489,4597112,0.99
571,837,2683135,0.97
572,333,1192346,0.99
573,539,1757002,1
574,451,1364162,0.98
575,319,1182488,0.97
576,1250,3941529,0.96
577,411,1376923,0.98
578,829,2733274,0.95
579,825,2683901,0.99
580,1083,2121798,0.96
581,316,1087414,0.99
582,382,1171996,1
583,227,855785,0.97
584,428,1241193,1
585,280,945409,0.99
586,760,2290199,0.98
587,664,2195293,1
588,690,1961708,1
589,336,1255669,0.99
590,667,1991187,1
591,1491,4632654,0.95
592,828,2584830,0.99
593,100,475688,0.99
594,565,1712215,0.98
595,412,1469916,0.97
596,952,2983354,1
597,172,632927,1
598,287,954730,0.97
599,122,534147,0.99
600,107,444064,1
601,332,1133682,0.98
602,539,1787775,0.98
603,100,458705,0.99
604,183,651899,1
605,100,398544,1
606,200,784340,1
607,179,669398,0.99
608,332,1224652,0.98
609,218,782735,0.98
610,100,332332,1
611,100,297034,1
612,285,1003671,0.99
613,232,849592,0.99
614,1269,3672864,0.99
615,651,2063473,0.98
616,382,1062381,0.99
617,100,469689,0.99
618,465,1563159,0.98
619,1367,4176956,1
620,1002,3241256,0.97
621,200,719047,0.96
622,637,1979170,0.98
623,380,1241676,0.99
624,368,1326901,0.98
625,561,1725703,0.99
626,100,391537,0.99
627,606,1809850,1
628,341,1226269,0.97
629,123,501611,1
630,843,2569931,0.96
631,200,778045,1
632,200,733560,0.98
633,197,626477,0.96
634,331,1217113,0.99
635,874,2766718,0.99
636,100,457955,0.96
637,656,2176612,0.99
638,200,764528,0.99
639,378,1228569,0.99
640,461,1554786,0.98
641,757,2314204,1
642,640,1982502,0.98
643,334,1151807,1
644,285,915084,0.98
645,102,492811,0.99
646,244,853944,0.99
647,100,419737,0.99
648,198,612244,0.99
649,295,1087871,0.95
650,1433,4293573,0.98
651,166,654987,0.99
652,123,552578,1
653,209,753269,0.97
654,255,860401,1
655,100,484655,1
656,410,1328711,0.99
657,407,1444175,0.97
658,200,804311,1
659,583,1523685,1
660,210,757915,0.99
661,429,1404170,0.98
662,100,398333,1
663,235,858452,0.99
664,500,1639166,0.98
665,1482,4528770,0.99
666,431,1365631,0.99
667,765,2458896,1
668,200,801503,0.98
669,200,775696,1
670,124,478147,0.99
671,109,497777,0.99
672,278,1049226,0.99
673,1465,4371263,0.96
674,342,1220280,1
675,518,1743781,1
676,791,1851717,1
677,505,1657072,1
678,183,659800,1
679,970,2896817,0.99
680,1200,3645330,1
681,1273,3991350,0.9
682,391,1392714,0.97
683,712,2034468,1
684,1368,4021173,0.94
685,333,1196044,1
686,284,1070790,1
687,1072,3157366,0.99
688,362,1139337,0.93
689,827,2741578,0.97
690,827,2633126,0.97
691,632,1959271,0.99
692,100,367372,1
693,369,1259840,0.99
694,308,1048378,0.99
695,231,866321,0.99
696,100,476920,0.98
697,331,1122411,0.99
698,1291,4097223,0.93
699,317,1126748,0.96
700,680,2175173,1
701,333,1291474,0.94
702,100,308592,1
703,196,709235,0.97
704,473,1464982,1
705,352,1272841,0.97
706,135,608819,0.93
707,286,1091885,0.98
708,205,735770,0.99
709,133,523275,0.99
710,290,1022620,0.96
711,140,559438,1
712,134,581033,0.99
713,200,781054,1
714,321,1193536,0.98
715,1134,3671808,0.95
716,236,892134,0.99
717,146,602478,0.93
718,370,1328062,0.99
719,233,866150,0.99
720,369,1281124,0.99
721,1294,3936690,0.95
722,375,1185710,0.98
723,284,977619,0.97
724,246,845224,0.99
725,327,1231928,0.95
726,100,465713,0.99
727,270,941070,0.97
728,299,1052137,1
729,257,895965,0.99
730,1568,4192584,1
731,512,1683600,0.99
732,423,1266698,1
733,416,1095009,1
734,188,776663,0.93
735,116,514626,0.98
736,390,1335623,0.99
737,200,809291,1
738,100,459850,1
739,113,518757,0.97
740,1192,3360725,0.97
741,476,1471658,1
742,236,843619,0.97
743,412,1161979,1
744,224,757329,1
745,138,573584,1
746,330,1159423,0.97
747,518,1820065,0.98
748,158,557774,0.99
749,347,1233402,0.96
750,673,2272141,0.98
751,448,1414915,0.98
752,101,504064,0.97
753,136,615154,1
754,1243,3997450,0.97
755,103,489824,0.99
756,109,494193,0.99
757,100,455898,0.96
758,425,1430736,1
759,100,420851,1
760,380,1238256,0.99
761,100,409798,0.98
762,763,2167817,1
763,651,1847998,1
764,551,1775235,0.98
765,679,2133834,0.96
766,502,1689307,1
767,227,811556,0.97
768,100,467037,0.99
769,383,1374075,0.99
770,948,3215300,0.94
771,100,435685,0.98
772,1431,4434414,0.87
773,149,583659,1
774,183,726234,0.96
775,303,945621,0.96
776,402,1415919,0.99
777,613,5906018,0.98
778,503,2297771,1
779,555,2410513,0.99
780,103,581136,0.99
781,133,757182,1
782,286,1435912,0.99
783,1652,6800228,1
784,183,925842,0.98
785,364,1822765,0.96
786,354,1696348,0.98
787,100,604536,0.98
788,183,960835,0.99
789,184,978498,0.95
790,302,1372749,0.99
791,230,1098267,0.98
792,998,4311092,0.98
793,339,1645622,0.95
794,743,3387709,0.97
795,342,1506262,0.99
796,117,630507,1
797,100,560282,0.98
798,402,1643152,0.98
799,230,1049843,0.96
800,372,1570165,0.99
801,475,2176705,0.99
802,295,1407537,0.99
803,560,1916522,0.96
804,1073,4563405,0.99
805,102,438025,0.97
806,765,3461562,1
807,100,377671,1
808,114,576594,1
809,295,1008753,1
810,360,1740066,0.98
811,726,3093052,0.97
812,244,1349917,0.96
813,128,628657,0.98
814,117,644202,0.96
815,100,450988,1
816,319,1442204,0.98
817,170,832299,0.94
818,183,871056,0.96
819,328,1379939,0.97
820,1701,6655865,1
821,595,2683887,1
822,166,829778,0.99
823,602,2212150,1
824,1004,3618420,0.99
825,988,3416756,0.99
826,1287,5252871,0.97
827,129,635388,0.98
828,127,687287,0.99
829,946,3885726,0.96
830,1010,3720445,0.99
831,376,1688774,0.97
832,130,675876,0.97
833,1170,4711346,0.98
834,861,3528689,0.99
835,662,2626673,0.98
836,100,533657,0.98
837,120,621609,0.97
838,243,1107035,1
839,736,2834717,1
840,263,1046691,1
841,194,849730,0.99
842,695,2677242,0.99
843,100,416452,1
844,100,475592,0.99
845,227,1083295,0.97
846,826,2798955,1
847,960,3844107,0.97
848,332,1449892,0.98
849,1130,4553163,0.97
850,562,2252956,1
851,382,1700375,0.97
852,122,603316,1
853,495,1904155,1
854,423,1743263,0.96
855,100,440628,1
856,295,1341443,0.98
857,115,618965,0.98
858,100,501040,0.96
859,333,1311720,1
860,848,3126310,1
861,100,485437,0.99
862,1088,3824448,0.99
863,100,457021,0.99
864,120,569517,0.99
865,152,725115,1
866,324,1208694,1
867,100,480894,1
868,1598,6148598,0.97
869,184,851527,1
870,142,703691,0.99
871,128,687814,0.95
872,100,472220,0.99
873,172,786227,0.98
874,252,1048582,0.99
875,100,388831,0.99
876,100,324700,1
877,100,469422,1
878,283,1188548,0.98
879,168,686176,1
880,1151,4246693,0.99
881,138,690674,1
882,1310,4578284,1
883,694,2750236,0.96
884,336,1363189,0.98
885,100,434946,0.98
886,251,1005858,0.99
887,233,1030100,0.99
888,819,3378733,0.97
889,1123,3479667,1
890,333,1373354,0.97
891,335,1236868,0.99
892,651,2502778,0.95
893,100,415337,0.99
894,341,1337208,0.99
895,1085,4153274,0.99
896,183,756016,0.98
897,135,597467,0.97
898,434,1669169,0.97
899,307,1279864,0.98
900,170,754406,1
901,310,1254355,0.99
902,294,1222943,1
903,132,648798,0.98
904,271,1109597,0.99
905,832,3120574,1
906,164,785728,0.99
907,160,686168,0.97
908,121,558103,0.99
909,336,1245423,1
910,145,628078,1
911,661,2374067,0.98
912,250,1058655,0.98
913,558,2041752,0.99
914,130,607319,0.99
915,829,3215691,0.96
916,704,2790942,0.98
917,128,635013,1
918,811,2552979,0.99
919,269,1119828,1
920,287,1095521,0.98
921,391,1552388,1
922,566,1946780,0.97
923,100,462561,1
924,159,764243,0.98
925,1365,5066007,0.95
926,228,909996,1
927,383,1340624,0.99
928,1428,5264044,0.92
929,210,845837,0.97
930,940,3080049,0.99
931,535,1876502,0.99
932,122,593650,0.97
933,184,811944,0.99
934,336,1258352,0.99
935,156,688320,0.93
936,342,1237902,0.99
937,338,1393590,0.91
938,550,1899403,0.99
939,170,707169,0.99
940,541,1594690,1
941,199,830639,0.96
942,446,1608903,0.99
943,239,974077,0.98
944,268,1053055,0.98
945,200,846552,0.99
946,579,1832807,1
947,615,2243394,1
948,417,1351616,1
949,508,1871227,0.97
950,183,800525,0.99
951,200,831378,1
952,200,790230,1
953,596,2134668,0.95
954,125,613688,0.99
955,342,1196318,1
956,948,3568578,0.97
957,336,1299433,1
958,172,670421,0.98
959,317,1175364,0.98
960,436,1638981,0.99
961,286,1109170,0.98
962,1121,3881163,0.98
963,379,1551038,0.98
964,219,853355,0.98
965,171,685489,0.98
966,513,1894614,0.98
967,114,503984,1
968,864,3219896,0.95
969,1287,4595260,0.92
970,180,659349,0.98
971,329,1145324,0.98
972,100,469081,0.96
973,555,2051781,1
974,1097,4075158,0.97
975,100,403877,1
976,594,2181935,0.99
977,226,882321,0.98
978,824,2545869,1
979,485,1623221,1
980,673,2347842,0.99
981,827,3117104,0.95
982,100,488664,0.99
983,237,919222,1
984,200,898894,0.96
985,381,1319273,1
986,660,2056397,1
987,200,762015,0.98
988,317,1314739,0.89
989,146,625363,0.98
990,372,1322075,0.95
991,312,1129126,1
992,755,2238747,0.99
993,121,552743,1
994,558,2002389,0.97
995,614,1990055,0.98
996,352,1225485,0.98
997,200,807802,1
998,312,1161089,0.99
999,1591,5911124,0.96
1000,166,693387,0.99
1001,166,732510,0.98
1002,244,949551,0.99
1003,315,966321,0.94
1004,284,1087066,1
1005,281,1125443,1
1006,200,804825,0.99
1007,100,404286,1
1008,832,3123807,0.99
1009,100,466305,1
1010,498,1809526,1
1011,100,440293,0.98
1012,100,448896,0.99
1013,188,734728,1
1014,662,2380590,0.95
1015,1026,3382935,0.99
1016,155,617821,0.99
1017,264,954555,0.98
1018,472,1628905,1
1019,100,492519,1
1020,197,836359,0.98
1021,716,2442876,0.99
1022,118,544043,0.99
1023,259,882626,1
1024,124,535552,0.97
1025,144,560843,0.94
1026,100,479248,0.97
1027,283,1011675,0.98
1028,215,801118,1
1029,243,906778,1
1030,200,795692,0.99
1031,175,677555,0.99
1032,264,934035,0.99
1033,661,2184587,1
1034,200,836330,0.95
1035,316,1147403,0.99
1036,509,1756428,0.99
1037,631,2079217,0.96
1038,720,2494257,0.99
1039,1130,3924824,0.95
1040,690,2314236,0.98
1041,181,722717,0.99
1042,291,1083934,1
1043,217,912708,1
1044,100,468355,1
1045,932,2908758,1
1046,216,905264,0.98
1047,404,1494155,0.97
1048,110,484988,0.98
1049,183,792404,1
1050,295,1070344,0.99
1051,496,1648213,1
1052,103,440908,1
1053,414,1521610,1
1054,832,2867876,0.97
1055,276,967055,1
1056,308,1062701,0.99
1057,376,1268236,0.98
1058,170,722746,1
1059,384,1281103,0.97
1060,210,845238,0.99
1061,522,1774649,0.98
1062,182,740749,0.99
1063,280,857834,0.99
1064,100,431979,1
1065,231,946267,0.99
1066,642,1938842,0.99
1067,768,2632039,0.97
1068,183,828795,0.98
1069,172,700369,0.99
1070,100,382292,1
1071,520,1622531,1
1072,135,596857,0.97
1073,181,709764,1
1074,318,1194410,0.99
1075,323,998124,1
1076,850,2642625,0.98
1077,534,1721243,0.98
1078,332,1231888,0.98
1079,496,1490038,0.99
1080,200,786476,1
1081,168,778830,0.98
1082,318,1161747,0.98
1083,425,1573977,0.97
1084,815,2840472,0.94
1085,142,612522,1
1086,517,1863420,1
1087,100,222467,1
1088,234,827225,0.98
1089,658,2266992,0.98
1090,194,741331,0.98
1091,189,727629,1
1092,130,605250,0.97
1093,1382,4454555,0.98
1094,1242,3944677,0.97
1095,501,1620920,1
1096,365,1243753,1
1097,565,1832036,0.96
1098,172,664505,1
1099,963,3014948,0.99
1100,992,3233165,1
1101,1321,4302375,0.98
1102,348,1206805,0.98
1103,492,1664505,0.94
1104,279,1067407,0.98
1105,358,1353276,0.99
1106,200,763493,0.99
1107,100,362034,1
1108,307,1119552,1
1109,543,1725435,0.98
1110,405,1495152,1
1111,253,983727,0.95
1112,530,1757548,1
1113,364,1420398,0.95
1114,837,2555064,0.99
1115,330,1143213,1
1116,135,585581,1
1117,1115,3777270,0.98
1118,100,221285,1
1119,1381,4482259,0.99
1120,241,853103,0.93
1121,528,1755962,0.98
1122,922,3037359,0.96
1123,376,1367986,0.97
1124,100,462808,1
1125,230,937112,0.95
1126,126,541322,0.99
1127,100,402861,1
1128,319,1069386,1
1129,1036,3278517,0.98
1130,942,3030212,0.99
1131,183,733864,0.96
1132,100,439737,1
1133,556,1774857,0.97
1134,181,751517,0.97
1135,112,472142,0.97
1136,394,1394296,0.99
1137,263,983759,1
1138,492,1397945,0.99
1139,295,981473,0.99
1140,1162,3524334,0.98
1141,472,1485243,1
1142,101,462662,0.96
1143,100,403714,0.99
1144,450,1610704,0.98
1145,100,490085,0.95
1146,1075,3643221,0.89
1147,218,817176,0.98
1148,330,1100845,0.99
1149,287,993106,1
1150,350,1295438,0.97
1151,100,504834,1
1152,489,1640455,1
1153,122,559165,1
1154,543,1860208,0.99
1155,234,810378,1
1156,865,2915498,1
1157,240,918107,1
1158,100,432481,0.96
1159,225,793904,0.99
1160,655,2261337,0.97
1161,715,2330030,0.99
1162,472,1626322,0.98
1163,553,1809474,0.99
1164,100,463136,0.98
1165,829,2729279,0.98
1166,217,810176,0.99
1167,654,1986452,0.99
1168,308,1027080,1
1169,201,723280,1
1170,589,1970605,0.96
1171,111,542541,0.95
1172,556,1414621,1
1173,148,638101,0.99
1174,188,750461,0.99
1175,321,1164275,0.98
1176,100,419497,1
1177,385,1163469,1
1178,321,1191905,0.97
1179,319,1086369,0.98
1180,260,872640,0.99
1181,728,2380555,1
1182,494,1619485,0.96
1183,139,521620,1
1184,125,507971,0.97
1185,1129,3760980,1
1186,100,494582,0.99
1187,100,389646,1
1188,401,1195597,1
1189,522,1697045,0.99
1190,220,870809,0.97
1191,277,962590,0.97
1192,400,1409309,0.99
1193,654,2074456,0.99
1194,1693,4094817,0.65
1195,107,500755,0.99
1196,134,576327,1
1197,679,1955972,1
1198,100,394099,0.99
1199,287,1006360,0.98
1200,946,3213479,0.96
1201,322,1200265,0.94
1202,1149,3730591,1
1203,741,2572597,0.98
1204,324,1172981,0.97
1205,602,1949830,1
1206,1010,3286047,1
1207,455,1299124,1
1208,347,1049224,1
1209,176,686878,0.95
1210,126,559818,0.99
1211,832,2486090,1
1212,1349,3836233,1
1213,258,1012128,0.95
1214,829,2627808,0.95
1215,655,2206263,0.95
1216,171,605500,0.99
1217,183,681485,1
1218,313,940059,0.99
1219,1119,3264178,1
1220,114,544582,1
1221,133,529735,1
1222,1466,4836422,0.91
1223,183,622620,1
1224,187,781136,0.97
1225,100,347867,1
1226,124,504312,1
1227,1312,4343883,0.97
1228,319,1083761,1
1229,283,1027494,0.98
1230,1349,4349450,0.95
1231,1183,3877926,0.94
1232,419,1410411,0.98
1233,1666,4536481,1
1234,1423,4092873,1
1235,283,907275,0.99
1236,682,2238437,0.93
1237,513,1843427,0.99
1238,233,884476,0.99
1239,940,2945019,1
1240,100,440344,0.95
1241,983,2949620,1
1242,206,764519,0.97
1243,710,2380295,0.98
1244,688,2207180,0.99
1245,183,671579,0.99
1246,1098,3181425,1
1247,967,2972144,0.99
1248,167,663359,1
1249,1332,4322335,0.93
1250,167,706891,1
1251,105,446928,1
1252,832,2561774,0.98
1253,1200,3920425,0.99
1254,183,767950,1
1255,238,867923,1
1256,329,1140360,0.99
1257,271,917479,0.98
1258,374,1247696,0.99
1259,362,1133191,1
1260,259,945119,1
1261,645,2150137,0.99
1262,189,771184,0.98
1263,239,903698,1
1264,224,806362,1
1265,472,1606293,0.97
1266,686,2210234,0.98
1267,343,1244578,0.98
1268,100,370039,1
1269,487,1380894,1
1270,952,2974266,0.98
1271,183,662407,1
1272,126,498024,0.99
1273,267,910362,0.99
1274,347,1018826,1
1275,946,3066211,0.95
1276,1244,3859491,0.99
1277,495,1588994,0.98
1278,1205,3416266,1
1279,499,1505402,0.99
1280,1417,4147033,0.99
1281,767,2413752,0.99
1282,881,2659954,1
1283,697,2374246,0.95
1284,912,3101514,0.92
1285,400,1368127,0.98
1286,161,692856,0.96
1287,365,1002008,0.99
1288,274,840151,0.99
1289,318,1108655,0.96
1290,171,622264,0.99
1291,448,1623606,0.95
1292,411,1363524,0.99
1293,1680,4644049,1
1294,177,629595,1
1295,533,1564353,0.97
1296,166,669403,0.99
1297,387,1194840,0.99
1298,764,2543613,1
1299,100,397085,1
1300,120,512121,1
1301,343,1076716,1
1302,1780,5168975,1
1303,232,910883,1
1304,100,457197,1
1305,513,1681438,0.99
1306,163,691473,0.96
1307,297,994084,0.99
1308,410,1406286,1
1309,258,847716,1
1310,489,1615105,0.99
1311,190,705116,1
1312,604,1769489,0.99
1313,826,2375915,0.99
1314,200,660416,1
1315,327,1197790,0.98
1316,1527,5032895,0.94
1317,648,1834008,0.98
1318,484,1554852,0.98
1319,1714,4672004,0.99
1320,763,2427539,1
1321,329,1241020,0.99
1322,243,900394,0.98
1323,583,1870931,0.99
1324,1613,4874045,0.99
1325,1358,3436357,0.95
1326,1336,4202650,0.99
1327,617,1961832,0.99
1328,1336,4099416,0.99
1329,1383,4357833,0.95
1330,572,1918510,0.99
1331,229,869550,0.97
1332,200,813230,0.95
1333,200,754394,1
1334,336,1101160,1
1335,751,2425842,1
1336,829,2659608,0.98
1337,566,1637430,0.99
1338,233,907351,0.98
1339,340,1002360,0.98
1340,1256,3780833,0.99
1341,319,1125498,1
1342,247,883813,0.99
1343,183,733206,1
1344,278,975225,0.99
1345,179,668486,1
1346,360,1273718,0.99
1347,1239,3823287,0.93
1348,1553,4945604,0.99
1349,177,700274,1
1350,251,866170,0.99
1351,224,804332,1
1352,829,2849090,0.96
1353,399,1453770,0.96
1354,553,1886893,0.98
1355,316,1051575,0.99
1356,875,2791513,0.97
1357,362,1278895,0.98
1358,100,453375,1
1359,827,2579849,0.89
1360,238,887708,0.99
1361,330,924989,1
1362,266,903856,1
1363,1567,4320214,0.98
1364,381,1153071,0.98
1365,308,1057165,1
1366,100,490691,1
1367,178,630125,0.99
1368,262,898633,0.99
1369,146,600290,0.96
1370,1048,3050595,0.98
1371,228,869163,1
1372,135,594718,1
1373,683,2096025,0.94
1374,339,1143939,1
1375,1371,4407352,0.96
1376,452,1399237,0.96
1377,382,1209047,1
1378,200,774943,1
1379,268,948187,1
1380,731,2256480,0.99
1381,1090,2913416,1
1382,513,1606363,1
1383,100,367624,0.99
1384,822,2659922,0.95
1385,233,900462,1
1386,100,449448,1
1387,667,2175846,0.98
1388,246,907162,0.97
1389,100,420173,1
1390,405,1400204,0.99
1391,313,1099692,0.98
1392,190,750130,1
1393,101,495494,0.99
1394,508,1603057,1
1395,622,1746657,1
1396,195,693510,0.99
1397,132,569614,0.92
1398,100,449680,1
1399,245,812069,1
1400,948,3086458,0.99
1401,1096,3537341,0.99
1402,500,1699403,0.96
1403,508,1536542,0.98
1404,266,949750,0.96
1405,846,2573177,0.99
1406,367,1367321,0.91
1407,334,1254725,0.98
1408,397,1306951,1
1409,100,479174,0.98
1410,182,702772,0.99
1411,301,1027194,1
1412,335,1206529,0.92
1413,183,703142,0.98
1414,100,416924,1
1415,239,928565,0.99
1416,696,2381638,0.98
1417,1546,4696656,0.99
1418,1358,3848832,0.99
1419,1097,3313517,0.95
1420,359,1105568,0.97
1421,898,2647288,1
1422,102,493142,1
1423,760,2409774,0.96
1424,157,645772,0.96
1425,151,675232,0.99
1426,357,1257592,1
1427,130,569902,0.99
1428,651,2031824,1
1429,169,688438,0.98
1430,626,1850137,1
1431,1243,3896722,1
1432,124,549682,0.97
1433,1150,3819996,0.89
1434,678,2173376,0.99
1435,200,705763,1
1436,368,1205765,0.99
1437,326,1128060,0.97
1438,270,881665,1
1439,172,728776,0.98
1440,1160,3542544,0.98
1441,687,2301262,0.99
1442,105,464671,0.99
1443,677,2170663,1
1444,393,1276032,1
1445,268,983904,0.97
1446,986,2812990,1
1447,719,2201052,0.97
1448,356,1236297,0.98
1449,955,2802025,0.99
1450,225,766009,0.99
1451,163,697198,0.99
1452,193,676061,1
1453,141,507312,1
1454,644,1945986,1
1455,145,619597,0.97
1456,503,1640263,0.98
1457,342,1079492,0.99
1458,171,640837,0.97
1459,329,859097,1
1460,681,2168779,0.99
1461,130,556439,1
1462,1046,3060762,1
1463,661,2075546,0.99
1464,100,408056,1
1465,139,583191,0.98
1466,100,386768,1
1467,327,1155856,0.98
1468,173,672842,0.98
1469,334,1235903,0.95
1470,235,883447,0.98
1471,117,505880,0.99
1472,470,1495665,1
1473,373,1095080,0.97
1474,1489,4426457,0.98
1475,116,545051,1
1476,348,1286747,0.98
1477,1596,4889774,0.97
1478,247,919328,1
1479,252,852507,0.98
1480,625,1767280,0.98
1481,692,1993510,0.99
1482,902,2345639,1
1483,100,450299,0.99
1484,152,597838,1
1485,212,792361,0.98
1486,1421,3920391,0.95
1487,438,1452069,0.97
1488,200,759295,0.98
1489,1182,3193862,1
1490,1310,3469762,1
1491,100,412257,1
1492,352,1217273,1
1493,179,668027,1
1494,100,375188,1
1495,459,1441601,0.96
1496,435,1393695,1
1497,848,2783979,0.97
1498,827,2750754,0.97
1499,600,1980898,0.98
1500,901,2870278,1
1501,1053,2912225,1
1502,116,499053,1
1503,681,1982523,0.99
1504,386,1156489,1
1505,100,419273,1
1506,100,431857,1
1507,705,2098208,0.99
1508,177,694323,0.99
1509,100,405063,0.99
1510,250,873144,0.99
1511,189,727508,0.98
1512,141,574161,0.97
1513,200,752358,0.97
1514,270,972279,1
1515,579,1909923,0.98
1516,854,2732237,0.98
1517,130,581507,0.99
1518,503,1501119,0.98
1519,862,2804023,0.94
1520,289,956109,0.98
1521,287,981649,0.98
1522,535,1605535,0.99
1523,550,1641047,0.99
1524,150,585790,0.98
1525,948,3056908,0.94
1526,298,949966,1
1527,172,666621,1
1528,484,1474568,0.96
1529,334,1138981,0.97
1530,525,1769142,0.96
1531,1491,4612507,0.95
1532,358,1219156,1
1533,649,1980446,0.98
1534,600,1809024,0.99
1535,175,714316,1
1536,100,350843,1
1537,262,992904,0.98
1538,100,308713,0.99
1539,877,2794263,1
1540,100,377427,1
1541,385,1325047,1
1542,100,452314,0.98
1543,293,1096178,0.97
1544,188,707758,0.99
1545,391,1257874,1
1546,567,1842077,1
1547,334,1222209,0.98
1548,191,669607,0.97
1549,1087,3343768,1
1550,948,3079153,0.99
1551,665,2252785,0.99
1552,174,724329,0.98
1553,257,961318,1
1554,243,861988,0.96
1555,324,1032713,1
1556,1135,3430664,1
1557,152,619567,0.99
1558,396,1353888,1
1559,1470,4016297,1
1560,369,1275257,0.98
1561,150,618635,0.97
1562,175,697333,0.97
1563,557,1330888,1
1564,263,940524,0.98
1565,1374,4006740,1
1566,110,528689,0.96
1567,1051,3242933,1
1568,136,542077,0.98
1569,491,1409941,1
1570,687,1995220,1
1571,357,1271106,0.97
1572,133,567967,0.99
1573,228,767015,0.99
1574,572,1653281,0.97
1575,667,2040963,0.97
1576,616,1775439,1
1577,133,559375,0.97
1578,345,1105932,1
1579,1590,4977728,0.99
1580,946,2803746,0.98
1581,146,592539,1
1582,741,2424164,0.96
1583,135,557028,0.99
1584,383,1290482,0.99
1585,126,517354,1
1586,211,830119,0.99
1587,1113,3046191,0.98
1588,196,811679,1
1589,356,1229734,1
1590,237,912316,0.94
1591,498,1353738,0.98
1592,627,2041503,0.98
1593,124,518075,1
1594,100,430406,1
1595,299,1073824,1
1596,224,879888,0.99
1597,118,539253,0.98
1598,312,992870,0.99
1599,140,567330,1
1600,1321,4228090,0.97
1601,100,352629,1
1602,947,2919624,0.99
1603,127,552999,0.96
1604,651,1769935,0.98
1605,914,2895046,0.98
1606,189,700568,0.99
1607,247,846482,1
1608,226,838371,0.99
1609,121,514220,0.97
1610,1230,3857365,0.99
1611,521,1693750,1
1612,420,1359823,0.97
1613,485,1596500,1
1614,248,850055,1
1615,676,2069124,0.99
1616,100,454243,0.98
1617,161,637515,0.99
1618,1552,4339960,1
1619,247,864185,0.99
1620,929,2938637,0.98
1621,269,910619,1
1622,1445,4063129,1
1623,432,1442925,0.98
1624,318,1074476,0.99
1625,234,830180,0.97
1626,341,1169018,0.94
1627,831,2715724,0.98
1628,1516,4551089,1
1629,182,636545,1
1630,658,2234722,0.99
1631,835,2615141,0.98
1632,326,1180773,1
1633,323,1105958,0.94
1634,468,1582310,0.98
1635,100,442176,0.99
1636,339,1282000,0.94
1637,179,604237,0.98
1638,136,588354,1
1639,100,412993,0.99
1640,274,922209,0.98
1641,263,918249,0.98
1642,348,1290079,0.97
1643,1537,4620928,1
1644,318,1024582,0.99
1645,100,440476,0.99
1646,664,2008308,1
1647,236,862923,0.96
1648,629,1930119,1
1649,430,1469182,1
1650,100,474336,0.99
1651,183,662388,0.99
1652,654,2110066,1
1653,248,856963,0.97
1654,823,2016392,0.99
1655,942,3023477,0.98
1656,366,1187747,0.99
1657,122,469921,0.98
1658,497,1667201,1
1659,466,1534486,0.98
1660,490,1530520,0.97
1661,100,350573,1
1662,1324,3813132,0.98
1663,1367,3920579,0.99
1664,506,1614822,0.99
1665,100,398055,1
1666,100,417210,0.99
1667,1043,2995278,1
1668,294,969722,0.98
1669,1339,3315940,1
1670,100,426215,0.99
1671,334,1204179,1
1672,1313,3860082,1
1673,314,1030074,1
1674,454,1379695,0.98
1675,1248,3860266,0.94
1676,229,740862,0.99
1677,656,1863941,1
1678,318,1129723,1
1679,512,1595698,0.99
1680,321,983438,1
1681,183,702945,1
1682,1260,3351112,1
1683,1121,2871943,0.99
1684,317,1151548,0.98
1685,200,705430,1
1686,183,672075,0.99
1687,163,641559,0.97
1688,714,2280184,0.99
1689,315,1112637,0.99
1690,386,1351588,0.98
1691,474,1513401,1
1692,532,1726658,0.99
1693,950,2811536,0.99
1694,180,681097,1
1695,520,1449249,0.97
1696,100,393517,1
1697,106,448836,0.99
1698,100,477599,0.99
1699,1356,3949448,0.99
1700,422,1449638,0.97
1701,200,704816,1
1702,331,1086669,1
1703,100,402929,1
1704,130,564159,0.97
1705,125,500788,0.98
1706,250,889255,1
1707,287,994083,1
1708,266,923277,0.99
1709,122,537084,0.97
1710,100,453740,0.99
1711,624,2036263,0.98
1712,794,2368875,0.99
1713,1411,4559238,1
1714,674,2022808,1
1715,166,641218,1
1716,408,1345948,1
1717,946,2935287,0.97
1718,180,678307,0.99
1719,140,591159,0.96
1720,1298,3845140,1
1721,920,2847969,0.99
1722,579,1717309,1
1723,156,665369,0.99
1724,201,822177,0.98
1725,490,1698141,0.99
1726,461,1427820,0.98
1727,110,459052,0.99
1728,381,1193511,0.98
1729,111,469305,1
1730,159,4733501,1
1731,559,2452068,1
1732,500,2218179,0.99
1733,303,1217528,0.99
1734,639,2746728,0.99
1735,383,1730201,0.99
1736,134,694430,0.99
1737,824,3977859,0.94
1738,438,2064644,0.98
1739,166,912496,0.99
1740,200,975681,0.99
1741,1128,5340209,0.98
1742,603,2580295,0.97
1743,743,3206952,0.99
1744,177,791429,0.99
1745,541,2089972,1
1746,793,3642639,0.94
1747,183,833656,1
1748,834,3545583,0.95
1749,946,4259646,0.96
1750,100,546945,1
1751,394,1790289,0.98
1752,426,1845562,1
1753,829,3320211,0.99
1754,1347,6204111,0.94
1755,1482,6105516,0.96
1756,487,1849898,1
1757,495,2031289,1
1758,1175,4343713,0.97
1759,600,2574482,0.95
1760,641,2298647,1
1761,274,1252967,0.96
1762,906,3791283,0.99
1763,519,2009831,0.99
1764,200,917862,0.99
1765,117,547514,0.99
1766,393,1645353,1
1767,359,1399413,0.98
1768,395,1651414,0.98
1769,418,1783379,0.98
1770,281,1181942,1
1771,815,3137802,0.99
1772,1561,5952234,0.97
1773,220,995722,1
1774,117,591188,0.98
1775,172,772988,1
1776,114,582062,0.99
1777,946,3780303,0.97
1778,324,1381845,1
1779,423,1696333,1
1780,353,1634096,0.98
1781,200,855894,0.99
1782,421,1756293,1
1783,332,1164591,0.98
1784,506,2143064,0.96
1785,483,1977158,0.98
1786,173,809155,0.96
1787,130,639480,0.99
1788,242,932000,0.98
1789,316,1363207,0.99
1790,348,1536192,0.99
1791,316,1402743,0.98
1792,498,2074458,0.99
1793,324,1342771,1
1794,336,1362347,0.99
1795,488,1846950,1
1796,524,1795584,1
1797,111,491096,1
1798,563,2213120,1
1799,394,1679484,1
1800,317,1171457,1
1801,100,494649,0.98
1802,551,2189966,0.97
1803,105,502603,0.97
1804,724,2856660,0.98
1805,321,1402876,0.97
1806,312,1294419,0.99
1807,751,3050130,0.99
1808,188,852751,0.98
1809,1328,5444173,0.92
1810,186,865397,0.97
1811,621,2486770,1
1812,459,1741550,0.97
1813,288,1237251,0.95
1814,114,550818,0.99
1815,1573,5083029,1
1816,928,3414073,1
1817,1522,5558841,0.99
1818,393,1514591,1
1819,100,381299,1
1820,985,3622271,0.99
1821,100,490050,0.99
1822,1488,4661632,1
1823,388,1343432,0.98
1824,180,846761,0.99
1825,372,1380173,1
1826,100,487106,1
1827,456,1871843,0.97
1828,1730,6338798,1
1829,685,2366130,1
1830,194,704836,0.97
1831,100,394647,1
1832,948,3832190,0.94
1833,100,420730,0.99
1834,1080,3558312,0.98
1835,319,1269252,1
1836,1582,4610618,0.99
1837,1324,5094008,0.9
1838,1239,4806716,0.97
1839,508,1976078,0.98
1840,197,842756,0.98
1841,317,1139349,0.99
1842,130,616674,1
1843,477,1864077,0.99
1844,709,2654522,0.97
1845,100,239163,1
1846,384,1326598,0.99
1847,728,2332906,0.99
1848,250,1003477,0.99
1849,213,897482,1
1850,339,1412654,0.99
1851,200,910199,0.99
1852,333,1271042,0.96
1853,1221,4245380,0.96
1854,335,1286689,0.99
1855,345,1230340,0.99
1856,500,1918972,0.99
1857,172,775981,0.97
1858,200,832786,1
1859,587,1891309,1
1860,196,735971,1
1861,946,3559173,0.95
1862,367,1385913,0.99
1863,255,1105205,1
1864,100,486278,1
1865,386,1384211,0.99
1866,220,860193,1
1867,100,515412,0.97
1868,953,3346335,0.99
1869,1114,3649526,1
1870,106,518196,1
1871,286,1129254,0.98
1872,200,828751,0.99
1873,442,1272887,0.98
1874,395,1407356,1
1875,1326,4877795,0.95
1876,133,578779,1
1877,333,1093730,1
1878,825,2641995,1
1879,100,393452,0.99
1880,168,770742,0.99
1881,182,769532,0.97
1882,373,1409368,0.94
1883,370,1446810,1
1884,601,2178806,0.99
1885,127,576400,0.99
1886,448,1609764,0.99
1887,100,485577,1
1888,694,2391808,0.99
1889,695,2368657,1
1890,200,813637,1
1891,184,786521,1
1892,375,1365557,0.99
1893,1296,4268071,0.98
1894,825,2744758,0.99
1895,633,1824359,0.98
1896,100,459042,1
1897,194,797069,0.97
1898,709,2692708,0.99
1899,143,624773,0.99
1900,568,1949431,0.98
1901,487,1784851,1
1902,179,781136,0.99
1903,623,1854655,1
1904,265,877814,1
1905,270,966739,1
1906,941,2720593,0.99
1907,121,554229,0.98
1908,599,2193634,0.97
1909,537,1672880,1
1910,328,1266977,0.97
1911,863,2950295,0.99
1912,126,628652,0.95
1913,275,1046553,0.99
1914,753,2577456,0.96
1915,168,692221,1
1916,546,1932928,0.99
1917,524,1786194,0.99
1918,205,771506,0.98
1919,533,1923110,0.99
1920,331,1197041,1
1921,166,710860,0.99
1922,100,446852,0.91
1923,100,493946,0.99
1924,906,3066414,0.94
1925,118,552348,0.95
1926,830,3047518,0.99
1927,263,946215,0.98
1928,100,492206,1
1929,912,3096992,1
1930,220,817975,1
1931,237,967697,0.98
1932,267,959383,0.98
1933,287,1097059,1
1934,200,851490,0.97
1935,283,1027114,0.97
1936,259,952534,0.98
1937,119,552094,1
1938,1571,5493626,0.98
1939,192,797231,0.99
1940,913,3237994,0.98
1941,152,760877,0.96
1942,275,987467,1
1943,173,707034,0.99
1944,106,504223,0.99
1945,554,1827530,1
1946,361,1366747,0.98
1947,232,904005,1
1948,316,1108247,1
1949,100,493263,0.99
1950,578,2108764,0.94
1951,251,965363,0.95
1952,166,686387,0.99
1953,396,1486680,1
1954,1009,3117224,0.99
1955,705,2184250,1
1956,200,796336,1
1957,234,904031,0.99
1958,856,2969385,0.99
1959,172,721501,0.99
1960,100,476465,1
1961,1057,3431523,1
1962,166,685173,0.99
1963,389,1368507,1
1964,1075,3566744,1
1965,1001,3085301,0.99
1966,1067,3554186,0.97
1967,216,827272,1
1968,829,2888803,0.99
1969,330,1266947,0.98
1970,200,788250,0.97
1971,200,808626,1
1972,107,490027,0.99
1973,319,1217174,0.96
1974,227,830788,1
1975,885,3092789,0.98
1976,500,1645788,0.98
1977,216,756116,1
1978,331,1227146,0.99
1979,1167,3727958,0.98
1980,327,1231003,1
1981,626,2043359,0.98
1982,529,1848452,1
1983,311,1095095,0.97
1984,439,1500424,0.98
1985,100,482878,1
1986,100,387010,1
1987,267,966299,1
1988,619,2079147,1
1989,295,1119690,0.97
1990,285,1056047,1
1991,385,1352096,0.96
1992,345,1346130,0.99
1993,336,1303930,0.97
1994,434,1649819,0.98
1995,195,702785,1
1996,173,667789,0.98
1997,685,2084845,0.99
1998,504,1711886,0.99
1999,580,1830149,0.97
2000,100,358601,1
2001,1131,3631721,0.99
2002,322,1154638,0.99
2003,626,2100508,1
2004,100,409390,1
2005,393,1254202,0.99
2006,762,2293655,1
2007,120,541596,1
2008,145,585302,0.99
2009,185,756792,0.98
2010,127,550549,0.99
2011,250,921235,1
2012,136,598339,0.99
2013,284,1062788,0.99
2014,554,1947808,1
2015,100,474251,0.97
2016,169,699082,0.97
2017,133,612219,0.96
2018,100,445103,0.99
2019,200,774661,1
2020,261,962607,0.97
2021,618,2092501,0.99
2022,1345,3689328,1
2023,789,2731279,0.98
2024,100,431832,0.99
2025,177,703978,0.96
2026,628,2118255,0.98
2027,174,735293,0.99
2028,359,1324981,0.97
2029,1249,3275991,1
2030,100,427219,0.99
2031,1430,4532511,0.98
2032,829,2908033,0.97
2033,293,1117446,0.99
2034,947,3101585,0.97
2035,206,779352,0.98
2036,230,861170,0.96
2037,953,3063793,0.98
2038,133,574087,0.99
2039,328,1187040,0.99
2040,829,2932313,0.96
2041,233,896845,1
2042,851,2830730,0.98
2043,591,1889058,1
2044,1183,3478906,0.99
2045,386,1369289,1
2046,829,2887688,0.98
2047,831,2661527,0.99
2048,606,2067214,0.99
2049,100,397372,0.95
2050,561,1853105,1
2051,310,1066947,1
2052,125,514306,0.98
2053,584,2021839,0.99
2054,1238,3765597,0.98
2055,829,2698427,0.99
2056,245,850563,0.98
2057,1709,5347988,1
2058,477,1496943,0.99
2059,891,2914741,1
2060,674,2225624,0.99
2061,175,711880,0.97
2062,706,2332596,1
2063,1292,4065751,0.99
2064,306,1003657,1
2065,200,724286,0.98
2066,234,839162,1
2067,317,1113423,0.97
2068,178,687756,0.99
2069,522,1847593,0.98
2070,635,2151656,0.99
2071,699,2303424,0.98
2072,510,1752322,0.98
2073,100,352778,1
2074,662,2230318,1
2075,129,542930,1
2076,117,493047,1
2077,383,1377363,0.99
2078,158,682028,0.99
2079,100,409446,0.99
2080,815,2827790,0.96
2081,1591,5315706,0.98
2082,1444,3907854,0.93
2083,254,920781,0.99
2084,115,488484,1
2085,100,442954,1
2086,100,456930,0.97
2087,334,1148070,1
2088,932,2709491,0.98
2089,928,2875822,0.99
2090,296,946769,1
2091,200,708894,0.98
2092,127,522959,1
2093,1190,3795563,0.99
2094,501,1393141,1
2095,557,1792788,0.99
2096,118,541715,0.96
2097,322,1172135,1
2098,576,1960192,1
2099,240,819222,1
2100,358,1276714,0.96
2101,364,1168127,0.99
2102,477,1462739,1
2103,100,462704,1
2104,384,1387960,0.95
2105,166,764382,0.94
2106,829,2758565,0.94
2107,234,927404,0.99
2108,556,1930814,0.99
2109,558,1841437,0.99
2110,190,790169,0.97
2111,100,466403,0.98
2112,117,492673,0.99
2113,556,1710292,1
2114,328,1211103,1
2115,385,1322883,1
2116,100,420401,1
2117,372,1359052,0.97
2118,200,836856,1
2119,646,2184897,1
2120,168,683254,0.99
2121,100,376153,0.93
2122,827,2735139,0.98
2123,192,711342,1
2124,185,728839,0.98
2125,200,722316,0.99
2126,1124,3651207,0.97
2127,575,1635608,0.9
2128,107,498298,1
2129,948,3168492,0.96
2130,374,1330082,0.94
2131,1247,4166667,0.98
2132,221,845145,0.99
2133,509,1753940,0.99
2134,233,906759,0.97
2135,324,1042908,0.99
2136,289,1084816,1
2137,150,618609,0.98
2138,340,1190549,0.99
2139,355,1266439,1
2140,114,527997,1
2141,190,733259,0.99
2142,328,1243639,1
2143,224,784565,0.99
2144,330,1050052,1
2145,348,1193492,0.99
2146,256,930598,1
2147,1093,3797408,0.93
2148,1130,3632838,0.99
2149,215,825055,0.94
2150,230,813369,1
2151,779,2372693,0.99
2152,1729,5084910,1
2153,270,1023021,1
2154,248,718668,0.99
2155,1513,4571165,0.99
2156,287,982523,0.99
2157,832,2893217,0.93
2158,678,2001211,1
2159,583,1920096,1
2160,559,1759502,0.99
2161,826,2457041,0.98
2162,950,3139073,0.99
2163,1029,3235123,0.99
2164,1695,5459641,0.99
2165,194,779081,1
2166,329,1154805,0.97
2167,337,1174426,1
2168,477,1402622,1
2169,535,1777133,0.99
2170,869,2517817,0.99
2171,661,1963257,1
2172,241,801662,1
2173,116,525749,0.98
2174,121,539072,0.99
2175,446,1527600,1
2176,247,828585,1
2177,187,766778,0.97
2178,1253,3666742,0.99
2179,814,2527334,0.99
2180,100,495306,0.99
2181,116,492643,1
2182,684,2137739,0.97
2183,311,1126993,0.99
2184,830,2643891,0.92
2185,343,1324146,0.98
2186,454,1546477,1
2187,542,1709621,1
2188,122,499751,1
2189,513,1699899,1
2190,1156,3279671,0.98
2191,462,1469428,0.98
2192,101,472942,0.96
2193,834,2757291,0.96
2194,136,499987,0.98
2195,100,450526,1
2196,896,2749942,1
2197,259,847542,1
2198,1561,4496877,1
2199,100,444426,1
2200,380,1303843,1
2201,200,765263,0.99
2202,335,1199096,0.98
2203,224,896856,0.99
2204,374,1192495,1
2205,488,1635145,0.98
2206,363,1107172,0.99
2207,484,1514503,0.99
2208,757,2537703,0.97
2209,1347,4088221,0.97
2210,648,1899496,0.99
2211,621,1887814,0.98
2212,1260,3787559,0.98
2213,133,580929,0.98
2214,660,2086397,1
2215,210,809866,0.98
2216,400,1460079,0.97
2217,668,2193342,0.98
2218,690,2083109,1
2219,882,2757156,0.98
2220,636,2049429,1
2221,389,1307720,0.98
2222,695,2211944,1
2223,280,991748,0.99
2224,584,1973502,1
2225,224,844943,0.97
2226,755,2477076,0.99
2227,294,926685,1
2228,678,2058480,1
2229,689,2272631,1
2230,192,765024,0.97
2231,170,669584,1
2232,921,2998759,0.99
2233,122,539181,1
2234,178,766366,0.98
2235,200,715293,1
2236,383,1181641,1
2237,133,502581,0.99
2238,100,449404,0.99
2239,506,1440067,0.99
2240,223,719484,0.99
2241,633,2160249,0.99
2242,1403,4280628,1
2243,519,1772452,0.96
2244,124,584923,1
2245,302,1095116,0.99
2246,245,943625,0.99
2247,890,2687420,0.99
2248,375,1264110,1
2249,173,655578,1
2250,1037,3051263,1
2251,200,779556,1
2252,219,898325,0.96
2253,454,1544954,0.98
2254,153,573800,1
2255,395,1353391,1
2256,627,1797927,0.99
2257,1009,3095310,1
2258,373,1237324,1
2259,556,1534015,1
2260,296,1086470,0.95
2261,854,2721161,0.99
2262,286,982855,1
2263,621,1958581,0.99
2264,285,814198,1
2265,100,421417,1
2266,392,1355185,1
2267,191,751942,1
2268,243,797749,0.99
2269,100,420156,0.97
2270,315,1032585,0.96
2271,313,1115117,0.98
2272,529,1674531,0.97
2273,1332,3711798,0.99
2274,493,1616834,0.97
2275,170,696416,1
2276,320,1082528,0.98
2277,953,2928763,0.99
2278,302,902658,0.99
2279,100,423877,1
2280,100,445971,0.99
2281,339,1221360,0.92
2282,155,604156,0.99
2283,100,448975,0.99
2284,863,2638619,1
2285,224,798524,1
2286,663,2147452,0.99
2287,192,735585,1
2288,100,331630,1
2289,291,1053809,0.99
2290,133,507713,0.99
2291,136,561850,0.99
2292,469,1622081,0.98
2293,287,1024069,0.98
2294,217,728808,0.99
2295,100,409967,1
2296,179,699141,0.97
2297,794,1605576,0.99
2298,218,762641,0.99
2299,1147,3575759,0.98
2300,489,1422662,1
2301,690,2237059,1
2302,100,394091,0.99
2303,317,1188196,0.99
2304,325,1080340,0.99
2305,424,1322058,0.97
2306,504,1559149,1
2307,195,781438,0.97
2308,577,1762282,1
2309,531,1673316,0.95
2310,166,655230,0.96
2311,386,1308875,0.98
2312,612,2089508,0.97
2313,409,1432911,0.98
2314,630,1887875,0.98
2315,1251,3912271,1
2316,377,1374191,0.98
2317,948,3094756,0.99
2318,100,347174,1
2319,416,1337631,1
2320,831,2546303,0.99
2321,863,2568545,1
2322,263,962115,0.96
2323,211,811522,0.99
2324,899,2882794,0.98
2325,338,1238621,0.95
2326,527,1584071,1
2327,310,1081231,1
2328,412,1497599,0.97
2329,773,2485001,0.99
2330,556,1952344,0.97
2331,286,963694,0.99
2332,223,872242,0.99
2333,200,741597,0.99
2334,332,1124668,1
2335,969,3114035,1
2336,1142,3434433,0.98
2337,878,2865420,0.98
2338,303,1077998,1
2339,1373,3469558,1
2340,200,767415,1
2341,333,1243706,1
2342,538,1482823,1
2343,608,1889641,1
2344,199,761315,0.97
2345,381,1322820,0.99
2346,261,924929,0.99
2347,144,566685,0.97
2348,876,2616946,1
2349,169,649154,0.99
2350,431,1440181,0.99
2351,328,1165409,0.99
2352,196,735265,1
2353,480,1617362,0.97
2354,599,1931697,1
2355,552,1629437,0.99
2356,1163,2727923,0.99
2357,333,1068166,0.97
2358,947,3037858,0.97
2359,1490,4217624,0.98
2360,832,2743240,0.96
2361,376,1300109,0.99
2362,116,513651,0.96
2363,152,548768,1
2364,200,818697,0.99
2365,324,1175080,1
2366,186,757842,0.99
2367,302,1060069,1
2368,381,1198119,0.99
2369,1129,3382744,0.98
2370,100,424914,0.99
2371,452,1446659,1
2372,1516,4585881,1
2373,333,1197902,0.97
2374,166,679421,0.99
2375,100,404044,0.98
2376,617,1930290,0.99
2377,601,1839536,0.97
2378,165,618790,1
2379,500,1613224,0.96
2380,254,953532,0.98
2381,581,1915337,0.98
2382,343,1246089,1
2383,100,312166,1
2384,473,1522588,0.99
2385,100,435589,0.98
2386,663,2014115,1
2387,648,2158507,0.98
2388,751,2249364,0.99
2389,953,2829803,0.97
2390,100,407599,1
2391,499,1690525,0.98
2392,100,405443,0.99
2393,220,787411,0.99
2394,583,1877922,0.99
2395,1443,4363275,0.99
2396,100,504273,1
2397,128,603901,0.99
2398,688,1988907,1
2399,100,437075,1
2400,629,2009635,0.94
2401,1142,2993425,1
2402,825,2393412,1
2403,515,1216945,0.99
2404,316,1046648,1
2405,199,741881,0.99
2406,128,546970,0.99
2407,221,830171,0.98
2408,662,2196981,0.97
2409,100,416002,1
2410,191,718570,1
2411,128,496960,0.99
2412,100,391816,0.99
2413,437,1543699,0.99
2414,100,437509,0.96
2415,935,2643806,1
2416,1568,4731454,0.97
2417,563,1764429,0.98
2418,931,2547626,1
2419,636,2077215,1
2420,100,492656,0.97
2421,922,2896553,0.98
2422,665,2166584,0.97
2423,200,804230,0.97
2424,379,1242828,0.99
2425,635,1965580,0.97
2426,547,1719125,0.99
2427,353,1018109,1
2428,829,2556484,0.99
2429,100,350057,1
2430,558,1732266,1
2431,120,549811,0.98
2432,854,2526908,0.99
2433,118,553631,0.97
2434,494,1483678,0.99
2435,199,806053,0.97
2436,100,459039,0.98
2437,120,519937,1
2438,588,2003055,0.99
2439,1296,4224223,0.96
2440,567,1730497,1
2441,218,785392,0.99
2442,311,1113821,1
2443,645,2032406,0.99
2444,946,3043192,0.98
2445,425,1531349,0.99
2446,193,693218,0.99
2447,107,537494,0.98
2448,100,387970,1
2449,504,1658441,0.97
2450,404,1346183,1
2451,1379,4186459,0.97
2452,224,774927,1
2453,218,676773,1
2454,118,520923,1
2455,369,1200468,0.99
2456,714,2433574,0.99
2457,489,1409460,1
2458,200,686756,1
2459,695,2128443,1
2460,100,326397,1
2461,158,599225,0.98
2462,832,2437747,1
2463,381,1296358,0.98
2464,1342,4215688,0.96
2465,100,472970,0.99
2466,749,2447778,0.98
2467,195,748924,0.99
2468,653,1889561,1
2469,881,2822502,0.98
2470,506,1687727,1
2471,131,525693,1
2472,366,1287479,0.99
2473,1330,4101138,0.88
2474,344,1182982,0.99
2475,293,1057960,0.96
2476,133,580791,0.99
2477,160,632059,0.99
2478,381,1313268,0.98
2479,123,557941,0.97
2480,430,1348938,1
2481,837,2761088,1
2482,768,2404175,0.96
2483,146,639345,1
2484,170,700935,1
2485,513,1712901,0.96
2486,100,437694,1
2487,684,2235404,0.94
2488,350,1119545,1
2489,202,781715,0.99
2490,250,905335,0.98
2491,590,1964017,0.99
2492,253,958229,0.97
2493,125,561172,0.98
2494,169,697308,0.97
2495,197,753791,1
2496,764,2382692,0.98
2497,151,596894,1
2498,301,1013272,1
2499,643,1905921,1
2500,1137,3507049,0.98
2501,113,528270,0.99
2502,356,1202584,0.99
2503,100,377553,1
2504,228,775501,0.99
2505,344,1109878,1
2506,231,905292,0.97
2507,506,1553331,0.99
2508,420,1211527,0.99
2509,1310,4306232,0.92
2510,179,702123,1
2511,220,803888,1
2512,396,1369759,1
2513,1116,3691311,0.94
2514,258,954412,0.98
2515,100,448425,0.98
2516,223,762307,1
2517,100,354110,1
2518,100,344112,1
2519,121,445037,1
2520,100,392606,1
2521,526,1578358,1
2522,761,2142151,0.99
2523,652,1773384,1
2524,544,1706889,0.97
2525,1506,4316243,1
2526,100,449913,0.96
2527,305,1018497,1
2528,639,1823801,0.99
2529,335,1141627,1
2530,219,709916,1
2531,893,2685495,1
2532,121,557334,0.98
2533,829,2728801,0.98
2534,688,2174988,0.99
2535,364,1199324,1
2536,100,439274,1
2537,373,1197131,1
2538,369,1323906,0.98
2539,249,883472,0.99
2540,1056,3106882,0.96
2541,100,344575,1
2542,229,841903,0.98
2543,203,762934,0.98
2544,366,1301086,0.99
2545,136,591746,0.98
2546,1539,4738081,0.93
2547,779,2634852,0.96
2548,596,1848896,1
2549,645,2024321,0.99
2550,516,1686304,0.98
2551,765,2104993,0.94
2552,288,1096100,0.98
2553,583,1699703,0.98
2554,175,699906,1
2555,392,1330575,0.99
2556,583,1960764,0.95
2557,221,823121,0.97
2558,1357,4226606,0.98
2559,682,2187900,0.99
2560,517,1558519,0.97
2561,439,1409085,0.98
2562,234,759652,0.99
2563,830,2873010,0.9
2564,331,1217884,0.96
2565,100,466890,0.99
2566,1037,3063355,0.99
2567,100,410305,1
2568,325,1146103,0.94
2569,199,799697,0.99
2570,125,549610,0.99
2571,100,482918,0.98
2572,1196,3207180,1
2573,1288,3746372,0.99
2574,100,422219,1
2575,948,2725652,1
2576,520,1647747,0.98
2577,1028,3186833,1
2578,1284,4214825,0.99
2579,334,1157179,1
2580,104,461457,0.98
2581,183,580412,1
2582,169,661800,1
2583,155,659593,0.97
2584,100,347381,1
2585,257,898659,0.99
2586,346,1134083,0.96
2587,401,1356729,1
2588,653,2035911,1
2589,200,798215,0.97
2590,100,462923,0.99
2591,100,395866,1
2592,1763,4653698,0.96
2593,100,413322,1
2594,248,930466,0.98
2595,100,288346,1
2596,167,628164,1
2597,166,715461,0.98
2598,494,1506345,1
2599,1130,3763166,0.98
2600,282,882694,1
2601,1465,4300894,0.98
2602,100,419055,1
2603,318,1014135,0.99
2604,205,768327,1
2605,829,2397323,0.98
2606,553,1779186,0.98
2607,200,758783,0.98
2608,1242,3944716,1
2609,1775,5477083,0.99
2610,357,1202205,1
2611,559,1806585,0.98
2612,164,637981,1
2613,397,1403082,0.99
2614,916,2815154,0.99
2615,675,2001017,0.95
2616,980,2905472,1
2617,266,938335,1
2618,100,372675,1
2619,1605,4883326,0.99
2620,100,448055,1
2621,503,1448557,0.98
2622,567,1748475,0.99
2623,200,829969,1
2624,302,979240,1
2625,151,550396,1
2626,284,1035998,1
2627,100,469043,0.98
2628,112,566574,0.98
2629,520,1662942,0.95
2630,100,161013,0.99
2631,329,1160297,0.99
2632,387,1323370,0.96
2633,117,481937,0.99
2634,114,526251,0.97
2635,665,2100465,0.99
2636,130,483456,1
2637,143,608662,0.96
2638,337,1164131,0.99
2639,829,2618051,0.99
2640,183,670753,0.99
2641,913,2982116,1
2642,351,1265089,0.97
2643,795,2486148,0.98
2644,100,427483,1
2645,398,1368543,0.98
2646,303,1075667,1
2647,116,514407,1
2648,558,1738699,0.98
2649,421,1436567,0.98
2650,200,788705,0.99
2651,691,2129195,0.99
2652,631,1926154,0.99
2653,549,1832713,0.98
2654,578,1985755,0.97
2655,678,2194564,0.95
2656,166,645772,0.97
2657,100,435860,1
2658,554,1737972,0.99
2659,870,2568893,0.99
2660,160,670165,0.97
2661,250,840174,0.99
2662,267,984820,0.99
2663,224,738375,1
2664,707,2379374,0.96
2665,326,1102071,0.98
2666,337,1148793,1
2667,167,641913,0.99
2668,917,2617199,1
2669,170,656038,0.97
2670,473,1564542,1
2671,638,1951317,0.97
2672,200,746675,1
2673,629,1946432,0.99
2674,788,2483594,0.97
2675,1366,4141533,0.96
2676,518,1745255,0.99
2677,314,866480,0.97
2678,222,832155,0.95
2679,233,884611,0.98
2680,172,639947,1
2681,186,715741,1
2682,492,1704730,0.8
2683,100,422102,0.98
2684,100,417766,1
2685,405,1334748,0.99
2686,557,1510021,0.98
2687,683,2099287,0.99
2688,524,1716323,1
2689,1335,4209100,0.97
2690,100,375530,1
2691,671,1783249,1
2692,590,1929937,0.99
2693,227,776805,1
2694,142,608720,0.96
2695,183,664964,0.98
2696,139,598546,0.97
2697,678,2103338,0.99
2698,1457,4703025,0.96
2699,664,1840328,1
2700,746,2154115,0.97
2701,894,2740483,0.98
2702,596,1963428,0.99
2703,166,562422,1
2704,100,400710,0.98
2705,180,662317,1
2706,256,887781,1
2707,184,734469,1
2708,392,1239851,1
2709,253,862001,0.93
2710,788,1926424,1
2711,907,2847002,0.99
2712,486,1482587,1
2713,182,703399,0.98
2714,499,1653470,0.98
2715,703,2052192,0.99
2716,612,1877424,0.98
2717,214,792729,1
2718,313,1064447,1
2719,143,572359,0.96
2720,948,3150013,0.96
2721,587,1765203,1
2722,145,572131,1
2723,678,1806042,1
2724,446,1269123,0.99
2725,686,2129363,0.94
2726,122,549029,0.99
2727,297,1027977,1
2728,278,991517,0.95
2729,1078,3213383,1
2730,380,1336054,1
2731,100,404835,1
2732,1252,3651059,0.98
2733,271,786098,1
2734,479,1571372,0.99
2735,135,557500,0.98
2736,638,2148206,0.96
2737,557,1909563,1
2738,232,822474,0.98
2739,223,867111,0.99
2740,395,1419491,0.98
2741,283,1044078,0.99
2742,100,350166,1
2743,557,1750606,0.99
2744,110,480886,1
2745,300,1034091,0.99
2746,318,1105540,0.97
2747,825,2554288,0.99
2748,586,1936018,0.98
2749,164,670154,0.93
2750,373,1259254,0.99
2751,628,1890702,1
2752,828,6886118,0.98
2753,181,964339,0.97
2754,122,641910,0.99
2755,880,4104110,0.97
2756,176,896135,0.99
2757,398,1711813,1
2758,354,1675864,1
2759,450,2014701,0.99
2760,492,1904272,1
2761,146,816432,1
2762,867,4135872,0.94
2763,146,746966,0.98
2764,827,3634356,0.97
2765,737,2908187,1
2766,100,471970,1
2767,241,1134070,0.99
2768,100,509828,0.99
2769,253,1227141,1
2770,536,2223865,0.99
2771,374,1626139,1
2772,508,2238648,0.97
2773,381,1740721,0.97
2774,1706,6962792,0.97
2775,843,3569013,0.98
2776,139,613511,1
2777,1430,4804548,0.99
2778,335,1493257,0.98
2779,499,2081284,1
2780,1151,4735546,0.98
2781,303,1334907,0.99
2782,915,3735106,0.95
2783,115,613407,1
2784,133,697453,0.98
2785,502,1946085,0.99
2786,475,1659159,0.98
2787,139,672024,1
2788,636,2301612,0.97
2789,388,1713019,1
2790,1449,5658502,0.97
2791,100,515806,0.99
2792,133,629400,1
2793,178,833513,0.97
2794,390,1820506,0.97
2795,298,1237672,1
2796,766,2931009,1
2797,274,1216683,1
2798,904,3667008,1
2799,182,889250,0.99
2800,260,1135157,0.97
2801,100,551207,0.98
2802,990,4167721,0.99
2803,321,1328416,1
2804,166,704992,1
2805,267,1030604,0.99
2806,198,911974,1
2807,266,987821,0.99
2808,449,1613793,0.99
2809,226,1092033,0.99
2810,760,2869466,0.95
2811,578,2196347,0.99
2812,1044,3778712,0.98
2813,330,1319093,1
2814,100,489182,1
2815,1266,4628100,0.97
2816,741,3002306,0.97
2817,125,672061,0.97
2818,1205,4440869,0.99
2819,335,1425401,0.98
2820,149,677743,1
2821,121,603120,1
2822,588,2203024,1
2823,120,620023,0.96
2824,178,759451,0.97
2825,191,851481,0.97
2826,709,2757225,0.99
2827,433,1684546,0.97
2828,382,1478517,0.99
2829,200,908882,0.98
2830,1719,6602185,0.98
2831,834,3434245,0.92
2832,815,3375622,0.96
2833,245,1003816,0.96
2834,661,2418705,0.98
2835,691,2542464,1
2836,166,768003,0.99
2837,241,969293,0.96
2838,100,490245,1
2839,183,780606,0.99
2840,150,677257,1
2841,112,568600,0.98
2842,559,2154081,0.99
2843,594,2338778,0.98
2844,200,828595,0.99
2845,219,1076337,0.97
2846,333,1365962,0.98
2847,200,761266,1
2848,117,578264,0.99
2849,1619,5752907,1
2850,218,863275,1
2851,385,1661885,0.91
2852,321,1288288,0.99
2853,226,985847,0.98
2854,309,1122339,1
2855,222,941053,0.99
2856,169,762798,0.98
2857,1279,4707783,1
2858,221,999286,0.99
2859,147,674098,1
2860,318,1227729,0.99
2861,200,903266,0.96
2862,136,660007,1
2863,426,1617868,1
2864,100,538671,0.99
2865,257,1005162,0.98
2866,1383,4667009,0.99
2867,508,1793202,1
2868,100,381675,1
2869,1379,4750564,0.96
2870,332,1356196,0.95
2871,426,1614025,0.98
2872,344,1376109,0.99
2873,226,963108,0.99
2874,419,1649093,0.99
2875,1526,5495570,0.98
2876,1296,4596400,0.98
2877,577,2140781,0.99
2878,140,658068,0.98
2879,653,2333068,1
2880,155,701419,0.99
2881,285,1176681,0.96
2882,1014,3306513,0.98
2883,459,1455124,0.99
2884,404,1517989,0.97
2885,361,1373857,0.98
2886,183,801872,0.96
2887,1726,5557032,1
2888,100,327138,1
2889,329,1370324,0.99
2890,164,677439,1
2891,233,987255,0.99
2892,824,2894069,0.99
2893,317,1337423,0.97
2894,166,761933,0.98
2895,587,1997567,0.98
2896,100,472881,1
2897,380,1324145,0.99
2898,587,1986483,0.99
2899,120,597592,0.99
2900,317,1140914,1
2901,176,671986,1
2902,211,923824,0.95
2903,172,709436,0.98
2904,200,818147,0.99
2905,324,1284586,0.99
2906,291,970599,1
2907,1423,4806306,1
2908,1286,4556901,1
2909,248,999564,0.99
2910,100,471543,0.99
2911,100,532536,0.99
2912,268,1031984,0.96
2913,100,398821,0.98
2914,829,2930199,0.97
2915,234,793525,0.93
2916,114,581370,0.97
2917,422,1473813,0.99
2918,410,1508262,0.99
2919,100,440857,1
2920,122,553659,0.93
2921,413,1568698,0.99
2922,100,529879,0.97
2923,200,885237,0.95
2924,949,3181883,1
2925,339,1242161,1
2926,582,2155695,0.98
2927,184,703307,0.99
2928,397,1574878,0.98
2929,100,527318,0.97
2930,225,909545,1
2931,354,1357919,0.97
2932,911,2813529,1
2933,135,619079,0.99
2934,466,1539675,0.99
2935,596,1972246,0.96
2936,384,1253667,0.99
2937,357,1184445,1
2938,371,1431708,0.98
2939,462,1506551,1
2940,100,375664,1
2941,285,1073837,0.99
2942,606,2139896,0.99
2943,1243,4296025,1
2944,487,1759024,1
2945,177,722930,1
2946,199,758286,0.98
2947,469,1633371,0.98
2948,351,1245292,0.99
2949,510,1690655,1
2950,829,2956072,0.98
2951,100,456535,0.97
2952,457,1565512,0.98
2953,316,1233313,0.99
2954,194,739848,0.99
2955,137,621638,0.93
2956,148,621881,1
2957,337,1302042,0.98
2958,100,437187,1
2959,920,2475800,1
2960,265,1030409,0.96
2961,926,3010689,0.98
2962,904,2929035,0.99
2963,397,1427069,0.98
2964,100,465536,0.98
2965,477,1565168,0.99
2966,129,609673,1
2967,1385,4555001,0.96
2968,264,1050075,0.98
2969,273,979649,1
2970,232,900401,1
2971,411,1248004,1
2972,137,643430,0.95
2973,1433,4871285,0.99
2974,334,1153209,1
2975,1306,4656890,0.97
2976,1293,4416465,0.99
2977,122,566385,0.99
2978,119,474449,1
2979,1008,3163481,1
2980,366,1253940,0.99
2981,114,566010,0.97
2982,287,1056204,0.99
2983,100,471824,1
2984,511,1858208,0.98
2985,427,1564302,0.99
2986,223,883838,0.99
2987,652,1930719,0.99
2988,337,1231789,0.99
2989,829,2990749,0.96
2990,829,2540473,0.99
2991,178,741291,0.98
2992,108,530726,0.99
2993,160,667007,1
2994,139,622401,1
2995,144,626766,0.99
2996,815,2438636,1
2997,126,545834,0.99
2998,146,672311,1
2999,557,1857734,0.98
3000,309,910811,0.98
3001,100,469054,0.98
3002,1464,4817403,0.97
3003,113,504963,0.98
3004,1171,3571146,0.97
3005,1057,3503023,0.98
3006,387,1299363,1
3007,367,1441199,0.97
3008,508,1760855,1
3009,200,795290,0.98
3010,183,717207,0.97
3011,1353,4561038,0.97
3012,829,2845078,0.98
3013,689,2337692,0.97
3014,161,714032,1
3015,100,471415,1
3016,129,565666,0.99
3017,334,1174078,0.99
3018,285,1119920,0.98
3019,127,492618,1
3020,1343,4638878,0.96
3021,325,1226785,0.99
3022,337,1207987,0.98
3023,578,1924638,1
3024,1146,3850013,0.98
3025,233,872125,0.99
3026,514,1745112,0.99
3027,148,604560,0.99
3028,263,1090403,0.98
3029,117,555196,0.99
3030,203,794270,1
3031,663,2072685,0.99
3032,120,547631,0.99
3033,238,925625,0.98
3034,1380,4534414,0.98
3035,176,650351,1
3036,979,2945142,1
3037,100,449734,0.99
3038,1377,4630344,0.98
3039,300,1011663,1
3040,491,1655986,0.97
3041,291,1037880,1
3042,163,709884,0.96
3043,381,1374393,1
3044,285,1065048,0.97
3045,432,1546346,0.98
3046,543,1728524,1
3047,118,549080,1
3048,490,1626585,0.98
3049,240,833383,1
3050,752,2534686,1
3051,274,997599,1
3052,780,2727806,0.99
3053,100,392138,1
3054,552,1758878,1
3055,196,738677,0.97
3056,200,769357,0.98
3057,1013,3107190,1
3058,1044,3284901,0.99
3059,252,989868,0.98
3060,250,902678,0.99
3061,671,2084901,1
3062,282,939868,0.99
3063,673,2017424,0.98
3064,913,2920439,0.99
3065,320,1143077,1
3066,592,2069606,0.99
3067,138,608382,1
3068,388,1300617,0.99
3069,283,1027219,0.98
3070,292,1074852,0.97
3071,320,1035985,1
3072,263,969002,0.99
3073,183,719548,0.95
3074,100,506886,0.94
3075,120,500816,1
3076,1138,3719446,0.99
3077,453,1507130,0.99
3078,902,2704921,1
3079,608,2021496,0.97
3080,563,1812609,1
3081,658,2141842,0.95
3082,442,1530739,0.97
3083,392,1370742,0.98
3084,345,1275553,0.96
3085,1234,3910170,0.97
3086,285,932257,0.95
3087,254,750791,0.98
3088,1378,4521481,1
3089,524,1735424,0.99
3090,100,441615,1
3091,218,842229,1
3092,307,1101117,1
3093,754,2391414,0.99
3094,436,1460971,1
3095,121,529389,0.97
3096,100,450873,0.91
3097,738,2463485,0.99
3098,334,1142618,0.99
3099,217,797593,0.98
3100,274,1062888,0.98
3101,192,722516,1
3102,331,1208741,0.98
3103,1598,4736440,0.98
3104,131,546367,0.98
3105,560,1911310,0.97
3106,288,1040605,0.99
3107,219,752638,1
3108,392,1388480,0.98
3109,824,2695406,1
3110,268,919963,1
3111,330,1159626,0.96
3112,104,486618,0.99
3113,397,1381633,1
3114,884,2705624,0.98
3115,200,821083,0.98
3116,576,1659167,0.99
3117,591,2052820,0.98
3118,1174,3504172,1
3119,1006,3353783,0.97
3120,156,620989,0.97
3121,287,1009788,0.99
3122,329,1183109,0.98
3123,100,394974,1
3124,515,1768291,0.99
3125,684,2286358,0.96
3126,108,479550,1
3127,825,2599014,1
3128,490,1592290,0.99
3129,348,1319146,0.99
3130,200,733338,1
3131,863,2747172,1
3132,695,2193148,0.99
3133,357,1171425,0.99
3134,558,1079035,0.97
3135,133,560189,1
3136,364,1276909,0.99
3137,366,1336417,0.98
3138,508,1527060,0.99
3139,314,1206724,0.98
3140,829,2774980,0.98
3141,609,2031664,0.97
3142,100,444315,1
3143,923,2945715,1
3144,246,976951,1
3145,257,965197,1
3146,144,617945,1
3147,268,1009752,0.99
3148,581,2027822,0.98
3149,815,2834350,0.99
3150,358,1286074,0.98
3151,181,711495,0.99
3152,1048,3577321,0.99
3153,815,2535859,1
3154,100,363864,1
3155,462,1518569,0.98
3156,153,569577,0.98
3157,632,1949835,1
3158,266,1045470,0.95
3159,277,1034758,1
3160,149,648198,0.99
3161,361,1257506,1
3162,100,435189,0.98
3163,306,1177792,0.99
3164,1484,4495511,0.99
3165,1243,3717072,1
3166,551,1719899,0.99
3167,144,568635,1
3168,200,818225,0.99
3169,252,912126,0.95
3170,401,1343959,0.99
3171,1579,4419240,1
3172,622,2102574,0.98
3173,413,1528608,0.96
3174,232,910611,0.99
3175,100,429937,0.98
3176,1401,4247992,0.99
3177,658,1656340,1
3178,247,923673,0.97
3179,331,1130173,0.99
3180,1544,4669218,0.98
3181,100,457434,0.99
3182,342,994337,0.99
3183,711,2263538,0.99
3184,198,705124,1
3185,877,2310739,1
3186,1236,3418556,0.99
3187,558,1864715,0.99
3188,443,1290198,1
3189,280,983152,1
3190,195,723049,1
3191,494,1712470,1
3192,529,1875316,0.97
3193,1130,3717246,0.95
3194,925,2912812,1
3195,179,714362,0.99
3196,282,1016602,1
3197,581,2028423,0.95
3198,100,423721,1
3199,351,1242877,1
3200,100,415573,1
3201,332,1050647,1
3202,365,1251531,1
3203,100,491574,1
3204,114,539718,1
3205,166,683771,1
3206,200,761293,1
3207,149,626978,0.97
3208,208,752518,1
3209,1155,3089946,1
3210,174,626068,0.99
3211,649,2221910,0.94
3212,332,1239151,0.96
3213,952,3157098,0.97
3214,417,1458165,0.98
3215,121,496633,1
3216,100,498610,0.97
3217,200,783753,0.99
3218,196,756027,0.98
3219,221,840559,1
3220,123,522936,0.98
3221,684,2048543,1
3222,292,1027789,1
3223,332,1251881,1
3224,1415,4407997,0.99
3225,183,693914,1
3226,632,2075464,0.99
3227,128,567884,1
3228,107,491724,0.99
3229,141,579073,1
3230,556,1824231,1
3231,152,597048,0.95
3232,116,531882,0.99
3233,100,420626,1
3234,370,1258819,1
3235,823,2687430,1
3236,131,569182,0.99
3237,684,2234844,0.99
3238,269,942717,1
3239,135,589412,0.99
3240,342,1143540,1
3241,267,986117,1
3242,243,864325,0.96
3243,562,1700135,1
3244,250,942842,0.99
3245,383,1328339,1
3246,102,473604,1
3247,184,710116,1
3248,829,2854079,0.97
3249,1119,3234881,0.99
3250,140,546757,0.99
3251,696,2053713,0.98
3252,1010,3219318,0.98
3253,119,552398,1
3254,604,1964430,0.97
3255,555,1726419,0.96
3256,194,758970,0.99
3257,842,2600774,1
3258,561,1739593,0.98
3259,558,1680888,1
3260,100,460935,1
3261,294,1012151,0.98
3262,492,1571433,0.99
3263,1093,3313052,0.98
3264,408,1424064,0.98
3265,400,1294350,1
3266,100,430045,1
3267,426,1406985,0.97
3268,184,680627,1
3269,145,514119,1
3270,262,991588,0.94
3271,673,2154472,0.99
3272,161,649865,1
3273,183,729403,0.97
3274,832,2788021,0.97
3275,100,302128,1
3276,662,1824111,0.99
3277,786,2296799,0.94
3278,142,521600,0.98
3279,562,1775420,0.98
3280,1289,4063778,0.99
3281,618,2041199,0.96
3282,1366,4042375,0.97
3283,684,2305513,0.98
3284,825,2594910,0.97
3285,477,1679710,0.99
3286,234,899902,0.96
3287,192,703454,0.98
3288,100,420978,1
3289,100,264785,1
3290,177,701379,0.98
3291,315,1036766,0.94
3292,990,2857271,0.99
3293,186,756339,1
3294,100,461689,1
3295,125,552892,0.99
3296,368,1288524,0.99
3297,548,1743254,1
3298,169,650370,1
3299,280,841803,0.99
3300,242,912247,1
3301,131,527918,0.98
3302,498,1620851,0.98
3303,184,702914,0.99
3304,648,1733955,1
3305,673,2148885,1
3306,200,779566,0.99
3307,593,1623668,1
3308,310,1100498,0.99
3309,461,1505577,1
3310,186,710959,0.97
3311,281,942402,1
3312,315,893021,0.93
3313,180,754550,0.98
3314,937,3125011,0.98
3315,142,609113,0.99
3316,1533,4017369,1
3317,223,779043,1
3318,600,1727181,0.99
3319,100,467922,1
3320,492,1444015,1
3321,358,1094711,1
3322,182,729067,0.95
3323,217,803371,1
3324,353,1155897,0.99
3325,104,444645,1
3326,352,1207139,1
3327,935,2965247,0.99
3328,236,936102,0.98
3329,191,689584,0.99
3330,273,945202,0.94
3331,507,1722952,1
3332,182,695466,0.97
3333,229,896016,0.95
3334,505,1466988,0.96
3335,174,669877,1
3336,602,1990996,0.99
3337,741,2543486,0.98
3338,223,827515,0.99
3339,1180,3677083,0.99
3340,166,673533,1
3341,500,1527619,1
3342,835,2732061,0.99
3343,282,944777,0.99
3344,711,2037168,1
3345,337,1178011,0.99
3346,432,1440409,0.98
3347,287,1058224,0.99
3348,821,2642998,0.95
3349,253,925957,0.99
3350,137,545182,1
3351,519,1646489,0.99
3352,544,1525575,0.99
3353,108,487552,0.98
3354,217,847156,1
3355,628,1981133,0.99
3356,100,431612,1
3357,310,1154184,0.98
3358,100,417955,1
3359,275,898246,0.99
3360,670,2259518,0.97
3361,339,1285853,0.94
3362,601,1821408,0.99
3363,192,744799,1
3364,368,1257604,0.98
3365,352,1185753,0.99
3366,243,779247,1
3367,250,934793,1
3368,246,952348,0.99
3369,238,913212,0.98
3370,474,1396253,0.99
3371,107,437665,1
3372,226,825476,0.99
3373,525,1727763,0.98
3374,100,452918,0.99
3375,754,2488862,1
3376,200,700072,1
3377,174,726374,0.98
3378,180,670347,0.98
3379,121,514835,0.97
3380,185,693636,0.99
3381,268,886728,0.97
3382,1132,3397223,0.98
3383,322,1157116,1
3384,320,1160233,0.99
3385,187,731146,0.99
3386,337,1239080,0.99
3387,502,1539255,0.99
3388,170,686421,0.96
3389,443,1376505,0.99
3390,232,888051,0.99
3391,178,700192,0.99
3392,571,1810441,0.99
3393,826,2724619,0.99
3394,100,416270,1
3395,666,2194797,0.98
3396,560,1810448,0.99
3397,389,1335577,0.96
3398,315,1106877,1
3399,220,797766,0.99
3400,1114,3327122,0.96
3401,180,637538,0.99
3402,240,826341,0.95
3403,239,871399,0.99
3404,754,2414269,0.99
3405,1249,3780259,0.98
3406,361,1242531,0.97
3407,396,1360640,0.97
3408,908,2877505,0.96
3409,679,2023530,1
3410,948,3188386,0.96
3411,742,2303055,0.97
3412,552,1714967,0.98
3413,495,1579020,0.95
3414,377,1230027,0.97
3415,134,536564,1
3416,455,1466270,0.97
3417,1040,3312236,0.98
3418,764,2346316,0.99
3419,236,889482,0.97
3420,496,1673040,0.96
3421,176,672571,1
3422,364,1215546,0.99
3423,349,1172216,0.96
3424,146,548671,0.99
3425,680,2095507,1
3426,456,1535728,1
3427,286,1058431,0.96
3428,123,528440,0.98
3429,399,1448994,1
3430,136,562784,1
3431,925,2695251,1
3432,166,634370,0.98
3433,172,703784,0.98
3434,328,1094042,0.98
3435,240,879369,1
3436,375,1268619,0.98
3437,114,499380,0.99
3438,315,1147506,1
3439,121,546742,0.99
3440,444,1472952,0.98
3441,660,2095701,0.99
3442,341,1194958,1
3443,190,691525,1
3444,336,1187768,0.97
3445,269,1006188,0.98
3446,203,713260,1
3447,251,850229,0.99
3448,543,1726278,1
3449,1464,3711018,0.99
3450,128,491514,1
3451,100,428821,1
3452,100,376484,1
3453,163,588666,0.99
3454,673,1985079,0.99
3455,349,1273582,0.96
3456,100,432554,0.99
3457,704,2380025,0.99
3458,388,1127346,0.99
3459,115,484596,1
3460,396,1373915,0.99
3461,341,1282244,0.98
3462,365,1286717,0.79
3463,150,617247,0.99
3464,157,622403,0.98
3465,550,1884794,0.98
3466,200,760750,0.99
3467,364,1357080,0.99
3468,253,1008013,0.99
3469,171,678210,0.99
3470,100,465737,0.97
3471,100,442473,0.99
3472,166,595276,0.97
3473,295,991916,0.98
3474,132,522571,0.99
3475,905,2805409,0.98
3476,437,1380429,1
3477,296,966576,1
3478,758,2429733,0.99
3479,140,569156,0.98
3480,408,1215569,1
3481,1062,3093711,0.99
3482,230,840963,0.99
3483,583,1973129,1
3484,100,420298,0.98
3485,166,680760,0.99
3486,303,883152,1
3487,919,2864273,1
3488,383,1298078,0.97
3489,138,526820,0.97
3490,172,637051,0.98
3491,200,697070,1
3492,624,1937512,1
3493,464,1632524,0.95
3494,146,584046,0.97
3495,672,2126973,0.95
3496,250,882967,0.99
3497,617,1966712,0.99
3498,311,1040108,1
3499,332,1110458,0.99
3500,1026,3131786,0.99
3501,196,733243,1
3502,194,709265,0.98
3503,456,1545778,0.98
3504,763,2556696,1
3505,697,2007584,1
3506,249,931173,0.98
3507,291,973713,1
3508,220,733561,0.96
3509,476,1568678,0.99
3510,318,1081394,0.99
3511,367,1231060,0.97
3512,107,522455,0.98
3513,106,448544,0.99
3514,523,1540712,0.99
3515,438,1589953,0.97
3516,1732,5304155,1
3517,359,1260093,1
3518,140,590982,0.99
3519,369,1338457,0.96
3520,191,684800,0.99
3521,558,1813874,0.99
3522,369,1261178,1
3523,108,457396,0.99
3524,291,946041,1
3525,581,1775724,0.99
3526,146,586740,1
3527,409,1297161,1
3528,703,2195709,1
3529,167,658848,0.98
3530,673,1957853,0.99
3531,560,1829441,1
3532,374,1245190,1
3533,333,1099978,0.99
3534,178,723531,0.98
3535,450,1429952,1
3536,971,2821529,1
3537,377,1146229,1
3538,100,422398,0.98
3539,956,2622742,1
3540,864,2209504,0.99
3541,1095,3338453,1
3542,100,421491,0.99
3543,139,515403,0.99
3544,128,508278,1
3545,100,380084,1
3546,999,3059104,1
3547,214,814426,0.98
3548,473,1326810,1
3549,346,1189501,0.96
3550,137,588513,1
3551,100,328340,1
3552,179,652959,1
3553,125,522597,0.98
3554,817,2719515,1
3555,200,762284,1
3556,706,2326298,0.97
3557,100,408702,0.98
3558,170,717639,0.98
3559,160,662926,1
3560,264,975046,0.99
3561,171,683150,0.97
3562,209,764748,0.99
3563,213,774553,1
3564,217,807012,0.99
3565,435,1298061,0.99
3566,257,937732,0.99
3567,1112,3609578,1
3568,157,556836,1
3569,141,548319,0.99
3570,506,1781400,0.99
3571,497,1690784,0.99
3572,100,458037,0.99
3573,807,2023390,1
3574,256,924646,1
3575,681,2004997,1
3576,100,348825,1
3577,1334,3858260,0.97
3578,376,1280157,0.97
3579,747,2465255,1
3580,829,2731796,0.96
3581,100,391116,0.99
3582,666,1972198,1
3583,1250,4007005,0.95
3584,649,1949426,1
3585,947,3161069,0.98
3586,181,689119,0.97
3587,560,1715657,1
3588,548,1689805,0.98
3589,1544,4864355,0.98
3590,100,299788,1
3591,233,859293,1
3592,260,793563,1
3593,144,546257,1
3594,227,745587,1
3595,235,886771,1
3596,110,511578,0.99
3597,1248,3670017,0.96
3598,118,509303,0.98
3599,706,2424100,0.94
3600,100,393103,1
3601,705,2363484,0.96
3602,964,2790404,0.99
3603,782,2126773,1
3604,331,1138954,0.99
3605,358,1249093,0.97
3606,100,340612,1
3607,385,1371548,0.99
3608,1162,3380498,0.99
3609,261,938508,1
3610,323,867244,1
3611,836,2748765,0.97
3612,388,1174949,0.99
3613,199,670673,1
3614,1001,3030703,0.96
3615,233,790330,0.99
3616,333,1234050,0.98
3617,244,817232,0.97
3618,100,484822,0.98
3619,965,2993309,1
3620,699,2112281,0.97
3621,113,492056,1
3622,357,1164306,1
3623,259,872498,1
3624,356,1302778,0.96
3625,348,1109635,0.99
3626,662,1842765,1
3627,501,1613271,0.98
3628,882,2896951,1
3629,1514,4761237,1
3630,100,441463,0.99
3631,199,735655,0.99
3632,702,2151493,0.97
3633,251,884680,0.99
3634,121,530682,0.99
3635,245,881549,1
3636,100,433213,0.99
3637,592,1686831,0.98
3638,200,774192,0.97
3639,170,682652,0.99
3640,421,1360064,0.98
3641,316,1151538,0.97
3642,558,1742561,1
3643,223,887141,1
3644,100,368021,1
3645,454,1472847,1
3646,888,2913292,0.97
3647,200,818057,0.94
3648,804,2832212,0.94
3649,1228,3640783,0.97
3650,1241,3922636,0.92
3651,458,1437254,0.99
3652,687,2052417,0.99
3653,183,661672,0.99
3654,125,522114,0.99
3655,238,830055,0.95
3656,677,2152537,0.99
3657,752,2342790,0.98
3658,319,963583,1
3659,580,1915050,1
3660,336,983483,0.99
3661,100,361007,1
3662,420,1370437,1
3663,259,967730,0.97
3664,645,2173256,0.98
3665,439,1388545,0.98
3666,166,627611,0.96
3667,588,1758528,0.93
3668,286,958021,1
3669,1175,2524374,0.98
3670,321,1200910,0.96
3671,116,528658,0.99
3672,433,1385661,1
3673,315,1096095,1
3674,467,1463258,0.97
3675,507,1697960,1
3676,231,851011,0.99
3677,612,1598071,1
3678,183,674903,0.99
3679,447,1365149,1
3680,1591,5074780,0.98
3681,475,1477835,0.98
3682,1413,3921013,0.99
3683,443,1422712,0.99
3684,304,1014891,0.99
3685,834,2685735,0.97
3686,517,1405825,1
3687,241,889747,0.99
3688,430,1456217,0.97
3689,183,725315,0.98
3690,188,644329,0.98
3691,1299,4108769,0.99
3692,815,2622840,0.91
3693,245,854632,0.99
3694,1336,4210415,0.97
3695,825,2711516,0.95
3696,230,811922,0.95
3697,331,1144649,0.98
3698,286,978815,1
3699,1403,4119030,0.96
3700,491,1584172,1
3701,285,970465,0.98
3702,1353,4127740,0.99
3703,1043,3077166,0.97
3704,1123,3496802,0.99
3705,100,426786,1
3706,200,763096,0.98
3707,395,1339169,0.98
3708,222,795013,0.99
3709,247,922029,0.99
3710,1243,3813902,0.99
3711,142,557435,1
3712,491,1355844,1
3713,151,644141,0.98
3714,947,2976213,0.93
3715,1083,3464327,0.99
3716,634,1943360,0.99
3717,106,378723,0.77
3718,1249,3743355,0.98
3719,1247,3453926,0.99
3720,1651,5337693,0.92
3721,120,526508,1
3722,706,2215438,0.98
3723,377,1171354,1
3724,684,2316578,1
3725,290,887653,0.99
3726,100,389571,1
3727,1772,5560957,0.99
3728,309,1056913,0.98
3729,100,330160,1
3730,269,971261,0.99
3731,405,1370784,0.94
3732,100,483658,0.97
3733,334,1130781,0.97
3734,183,632726,0.98
3735,831,2155640,0.99
3736,244,833362,0.97
3737,1232,3289507,1
3738,339,1279100,0.98
3739,573,1900270,0.94
3740,177,665441,1
3741,100,391184,1
3742,317,1111338,0.97
3743,234,896845,0.98
3744,473,1477266,0.99
3745,420,1509350,0.98
3746,686,2222756,0.99
3747,839,2543006,1
3748,820,2306188,0.99
3749,224,815656,0.99
3750,662,2010290,0.98
3751,1309,4121248,0.96
3752,829,2857882,0.94
3753,585,1842553,1
3754,247,938723,0.99
3755,408,1246021,0.99
3756,973,3087569,0.96
3757,316,1125481,0.99
3758,100,466379,0.99
3759,558,1753195,0.99
3760,328,991329,0.97
3761,368,1243644,1
3762,160,668730,0.98
3763,463,1324322,1
3764,363,1149099,1
3765,551,1691360,0.99
3766,100,465834,1
3767,491,1539252,1
3768,229,850552,1
3769,154,573069,1
3770,1585,4645659,0.93
3771,227,880295,0.98
3772,416,1330868,0.97
3773,200,754796,0.99
3774,378,1236177,0.96
3775,233,849684,0.96
3776,307,1042440,0.97
3777,161,642738,0.99
3778,100,363452,1
3779,582,1661500,1
3780,100,309106,1
3781,100,457373,1
3782,327,1151954,1
3783,468,1445187,0.97
3784,412,1304826,1
3785,514,1492565,1
3786,500,1713935,0.96
3787,593,1833588,0.98
3788,100,385993,1
3789,355,1243670,0.99
3790,234,803838,1
3791,201,738203,0.93
3792,159,584416,1
3793,370,1305486,0.97
3794,337,1094906,1
3795,200,797164,1
3796,322,1145326,0.96
3797,1260,3003813,0.99
3798,395,1359858,0.97
3799,1130,3301751,0.99
3800,181,713738,1
3801,200,769625,0.98
3802,454,1621497,0.88
3803,188,674882,1
3804,491,1364693,0.98
3805,191,724657,1
3806,578,1886760,0.99
3807,919,2651029,1
3808,327,1148419,0.96
3809,829,2639383,1
3810,100,327656,1
3811,100,463417,0.99
3812,1089,3355899,0.99
3813,231,850734,0.99
3814,100,431980,0.99
3815,100,402186,1
3816,191,674548,1
3817,297,947401,1
3818,100,383374,1
3819,190,720417,0.99
3820,100,454517,1
3821,199,693688,1
3822,100,460196,0.99
3823,183,675004,0.98
3824,605,6555113,1
3825,261,1095838,1
3826,285,1390124,0.99
3827,100,518074,1
3828,219,939664,0.99
3829,330,1053234,1
3830,308,1275690,1
3831,423,1820700,0.98
3832,233,1109096,0.99
3833,126,543404,1
3834,1032,4623447,0.99
3835,328,1400573,1
3836,100,496567,1
3837,317,1353282,0.99
3838,121,687397,0.97
3839,298,1305581,0.94
3840,750,3202342,0.99
3841,352,1720751,0.97
3842,224,1123264,0.97
3843,631,2663585,1
3844,231,1127918,0.97
3845,183,764450,1
3846,602,2454956,0.99
3847,463,1866497,0.98
3848,336,1623086,0.97
3849,511,2105430,1
3850,832,3676338,0.98
3851,317,1456459,1
3852,1393,6004426,0.91
3853,409,1856039,0.98
3854,314,1451972,1
3855,376,1561457,0.97
3856,421,1871068,0.98
3857,318,1487901,0.98
3858,245,1163074,0.98
3859,1279,5299059,0.99
3860,553,2268494,0.99
3861,167,658530,0.99
3862,1119,4381639,0.99
3863,105,520583,0.99
3864,1369,5957353,0.97
3865,1296,5623255,0.86
3866,774,3037158,0.9
3867,826,3286700,0.96
3868,105,548982,0.97
3869,315,1244689,0.99
3870,1382,5156459,0.97
3871,100,438004,1
3872,789,3166546,0.97
3873,543,2049528,1
3874,1096,4573311,0.99
3875,1269,4892480,1
3876,706,2505699,0.98
3877,335,1253671,1
3878,1698,6405753,0.93
3879,111,525523,0.99
3880,539,1776343,1
3881,1225,4188520,0.98
3882,507,1887376,0.99
3883,1318,4462813,1
3884,671,2465417,0.99
3885,101,544992,0.98
3886,1591,6033238,0.98
3887,200,845219,0.99
3888,475,1879993,0.99
3889,432,1795312,1
3890,262,1107584,0.99
3891,412,1647109,0.96
3892,395,1741311,0.97
3893,649,2531186,1
3894,509,2004180,0.97
3895,100,508200,0.99
3896,171,808313,0.96
3897,323,1268144,0.99
3898,988,3632799,1
3899,353,1198206,1
3900,127,655530,1
3901,583,2103189,0.99
3902,431,1724108,0.97
3903,576,2277980,0.97
3904,825,3141515,1
3905,1653,5366219,1
3906,281,1090614,0.98
3907,191,860743,0.99
3908,986,3667654,0.97
3909,166,660368,1
3910,566,1948250,0.99
3911,102,529768,0.97
3912,1362,5062035,0.97
3913,1490,5301234,0.98
3914,182,720104,0.97
3915,104,525676,1
3916,296,1136436,1
3917,327,1176628,0.99
3918,321,1304808,0.99
3919,510,1876570,0.97
3920,1556,5705746,0.82
3921,661,2583830,0.99
3922,488,1886457,0.97
3923,663,2508815,0.98
3924,535,2046042,0.94
3925,222,921410,1
3926,492,1926591,1
3927,825,2978953,1
3928,709,2309830,1
3929,326,1251351,0.98
3930,208,940618,1
3931,854,3409503,0.93
3932,662,2562932,0.99
3933,459,1523396,0.98
3934,409,1434865,0.98
3935,100,429958,0.98
3936,524,1791056,0.99
3937,1207,4191154,0.98
3938,132,599684,0.99
3939,277,1040752,0.98
3940,283,1069257,0.98
3941,247,1104940,0.93
3942,181,838023,0.97
3943,404,1482674,0.97
3944,362,1440506,1
3945,415,1569709,0.99
3946,121,536076,1
3947,597,2050215,0.98
3948,603,2340346,0.96
3949,617,2251319,1
3950,626,2143928,1
3951,100,501420,0.98
3952,339,1331402,0.96
3953,328,1223416,0.99
3954,150,653448,0.99
3955,754,2580681,1
3956,250,956341,0.97
3957,147,621239,0.99
3958,165,741514,0.98
3959,945,3444819,0.98
3960,1360,4367320,1
3961,1178,3793090,0.99
3962,895,2779585,1
3963,825,3069125,0.99
3964,339,1214688,1
3965,614,2295130,0.98
3966,798,2831777,1
3967,391,1349583,1
3968,100,311982,1
3969,106,480634,0.98
3970,316,1219535,1
3971,1120,3638458,0.96
3972,462,1486834,0.99
3973,223,907992,0.98
3974,567,1906350,0.99
3975,300,1164387,0.98
3976,310,1152679,1
3977,518,1657671,1
3978,701,2331454,0.98
3979,178,687673,1
3980,200,824213,0.98
3981,183,732874,0.99
3982,160,674426,0.97
3983,370,1224341,1
3984,708,2209316,0.99
3985,322,1179285,1
3986,1117,3998706,0.97
3987,100,470553,1
3988,135,607889,0.99
3989,101,478963,1
3990,331,1228584,0.99
3991,1721,5235724,0.99
3992,902,3055029,1
3993,256,930345,1
3994,288,985731,1
3995,791,2897305,0.99
3996,232,840635,1
3997,285,1118753,1
3998,137,582268,0.97
3999,384,1324752,0.99
4000,667,2331228,1
4001,100,432923,1
4002,701,2326115,0.98
4003,232,808984,1
4004,746,2521442,0.98
4005,513,1919911,1
4006,1026,3670022,1
4007,169,666777,0.98
4008,476,1676848,0.99
4009,189,718503,1
4010,1186,3907153,0.99
4011,325,1133783,0.99
4012,1818,5939286,0.98
4013,146,678305,0.99
4014,847,2935355,0.99
4015,265,881188,1
4016,233,952131,0.97
4017,1061,3452649,0.99
4018,1377,4517881,0.98
4019,382,1236672,1
4020,248,948686,0.99
4021,200,822294,1
4022,393,1305846,1
4023,377,1331373,1
4024,1065,3525089,0.99
4025,249,964034,0.99
4026,259,1001695,0.97
4027,368,1299579,1
4028,100,371117,1
4029,200,810073,1
4030,247,942086,0.99
4031,100,425984,1
4032,493,1714756,1
4033,137,569022,0.99
4034,712,2490611,1
4035,108,538368,1
4036,177,741705,0.99
4037,558,2005220,0.99
4038,335,1283865,0.99
4039,383,1435587,0.96
4040,344,1194536,0.99
4041,994,3035272,1
4042,484,1732891,1
4043,1475,4905587,0.98
4044,286,1088398,1
4045,241,945072,1
4046,325,1263594,1
4047,200,757511,1
4048,100,433498,1
4049,319,1104299,0.98
4050,173,722321,0.96
4051,200,793105,1
4052,350,1197651,1
4053,385,1434050,0.95
4054,1116,3704691,0.98
4055,499,1703171,0.99
4056,340,1180358,0.99
4057,543,1855682,0.99
4058,117,481098,0.99
4059,1278,4323791,0.96
4060,685,2259994,0.97
4061,309,1141898,0.98
4062,1447,4577734,0.97
4063,113,528462,0.97
4064,127,546557,1
4065,210,809362,0.96
4066,597,1798777,0.98
4067,166,708384,0.98
4068,200,743483,0.99
4069,319,1153823,0.99
4070,184,752555,0.95
4071,291,1030491,0.99
4072,259,926695,1
4073,438,1526965,0.98
4074,118,546354,0.99
4075,727,2520436,0.97
4076,1035,2950859,1
4077,737,2523193,0.95
4078,100,320234,1
4079,155,686539,0.98
4080,282,1031076,1
4081,261,952962,1
4082,183,688966,0.99
4083,335,1251791,0.98
4084,129,541206,1
4085,123,540316,1
4086,1341,4078529,1
4087,1591,5152007,0.98
4088,578,1574644,0.99
4089,104,458937,1
4090,228,876142,1
4091,106,495970,0.97
4092,101,434061,1
4093,589,1636297,1
4094,262,868872,1
4095,502,1733081,0.94
4096,317,1164586,1
4097,378,1214476,1
4098,364,1232385,0.99
4099,144,636381,0.99
4100,337,1214402,0.99
4101,1306,4033588,1
4102,733,2153121,0.99
4103,529,1868169,0.95
4104,100,405556,0.99
4105,501,1677331,1
4106,129,542194,0.99
4107,559,1862114,0.97
4108,100,413662,1
4109,100,335643,1
4110,200,834955,0.99
4111,325,1134634,0.98
4112,382,1361297,0.97
4113,1242,3994238,0.92
4114,1325,4317117,0.96
4115,790,2649103,0.96
4116,760,2538240,0.99
4117,333,1179058,1
4118,278,1038969,0.98
4119,221,884463,0.96
4120,275,1025361,1
4121,517,1813599,0.99
4122,593,1866631,1
4123,295,601760,0.88
4124,125,511031,0.98
4125,1682,4573752,1
4126,327,1146188,0.94
4127,1392,4018951,0.97
4128,438,1440300,0.98
4129,490,1618382,0.98
4130,659,2127393,1
4131,1405,4627238,0.99
4132,270,1014887,0.96
4133,220,888509,0.99
4134,100,435446,1
4135,182,695572,0.99
4136,259,955023,0.96
4137,943,3068870,0.98
4138,642,2111391,1
4139,436,1631902,0.97
4140,164,678959,1
4141,623,1876832,1
4142,1097,2970481,1
4143,168,704225,0.99
4144,273,969596,1
4145,170,620390,1
4146,268,1027172,0.96
4147,542,1940062,0.95
4148,100,436814,1
4149,200,798304,0.99
4150,124,565589,0.99
4151,555,1719181,1
4152,216,878658,0.97
4153,247,858732,1
4154,492,1662550,0.98
4155,491,1672384,0.99
4156,242,885914,1
4157,829,2859635,0.99
4158,606,1730218,0.99
4159,126,554651,0.95
4160,128,530444,0.98
4161,619,2016345,0.98
4162,484,1556882,0.98
4163,673,2212691,0.97
4164,375,1283583,1
4165,187,756866,0.97
4166,103,478251,1
4167,253,934247,1
4168,287,1018898,1
4169,369,1337221,1
4170,100,416846,0.99
4171,516,1694039,1
4172,399,1307195,1
4173,1074,3421197,0.99
4174,360,1257219,1
4175,166,651725,1
4176,833,2809734,0.98
4177,1420,4275576,1
4178,648,2198313,1
4179,250,995769,0.97
4180,980,2961616,0.97
4181,480,1610311,0.98
4182,129,548274,0.99
4183,373,1220340,0.99
4184,179,700128,0.97
4185,1591,5471740,0.96
4186,243,918405,0.98
4187,1425,4046920,1
4188,1506,4484569,0.99
4189,829,2646303,0.97
4190,175,728482,0.98
4191,369,1280020,1
4192,238,926877,0.95
4193,171,748646,0.98
4194,388,1313521,0.98
4195,504,1660210,0.96
4196,1598,5246477,0.89
4197,439,1393800,1
4198,452,1422728,0.99
4199,489,1589780,0.99
4200,1158,3673859,0.98
4201,330,1185234,1
4202,100,433107,1
4203,752,2500768,1
4204,100,364141,1
4205,1301,4290345,0.97
4206,952,2995733,1
4207,484,1585001,0.98
4208,332,1137939,1
4209,443,1384828,0.98
4210,362,1305838,1
4211,1251,4134832,0.96
4212,229,851019,0.98
4213,261,946002,1
4214,416,1524350,0.99
4215,746,2403764,0.96
4216,858,2774467,0.98
4217,372,1327878,1
4218,411,1517907,0.96
4219,281,994457,1
4220,162,625463,1
4221,1220,3924034,1
4222,217,780320,1
4223,492,1512598,1
4224,826,2721496,0.98
4225,697,1861886,0.99
4226,503,1628108,0.99
4227,825,2817286,0.98
4228,545,1791340,1
4229,424,1283100,1
4230,868,2910765,0.96
4231,284,1004401,1
4232,549,1761947,1
4233,387,1176453,0.98
4234,284,1049609,1
4235,513,1742521,0.99
4236,1201,3539804,1
4237,175,654679,0.99
4238,418,1369059,0.99
4239,457,1568849,0.98
4240,489,1493434,0.99
4241,191,752208,0.96
4242,381,1366531,0.94
4243,411,1386945,0.95
4244,123,529935,1
4245,100,420689,0.99
4246,153,630694,1
4247,853,2699128,0.99
4248,377,1221505,1
4249,603,1828395,0.99
4250,183,649558,1
4251,138,516368,0.99
4252,610,2143393,0.99
4253,541,1826473,0.97
4254,250,923664,0.96
4255,166,641936,0.99
4256,100,335391,1
4257,440,1561438,0.95
4258,513,1747361,0.96
4259,155,608283,0.99
4260,1366,4329733,0.98
4261,306,1066851,1
4262,225,862754,1
4263,1306,3871296,1
4264,367,1253877,1
4265,330,1065012,0.98
4266,1362,3679872,0.97
4267,406,1404427,0.98
4268,561,1884522,0.99
4269,938,2743784,1
4270,100,409147,1
4271,508,1543748,0.99
4272,258,908428,0.99
4273,1600,4748277,1
4274,205,801646,1
4275,1312,4274318,0.98
4276,998,2741421,0.98
4277,667,2217299,1
4278,677,1982476,1
4279,833,2694626,0.93
4280,491,1560962,1
4281,111,446346,1
4282,100,307528,0.99
4283,538,1723506,0.99
4284,1009,3023376,0.98
4285,200,787980,1
4286,111,463393,1
4287,348,1078285,0.99
4288,377,1303918,0.97
4289,634,2048212,1
4290,100,458409,1
4291,270,959798,0.99
4292,1463,4499646,0.99
4293,100,382341,1
4294,486,1608635,0.98
4295,260,847490,1
4296,274,898753,0.99
4297,233,829492,0.99
4298,394,1381209,1
4299,953,3023105,0.98
4300,100,374278,1
4301,100,446905,1
4302,270,1043239,0.97
4303,200,774814,1
4304,539,1850661,0.98
4305,267,1012575,0.98
4306,572,1839438,1
4307,166,634144,0.97
4308,322,1194918,0.98
4309,703,2354045,0.98
4310,253,818133,1
4311,395,1326103,0.99
4312,907,2977596,0.97
4313,376,1274885,1
4314,100,390135,1
4315,133,563435,0.98
4316,260,911135,0.96
4317,1566,4397606,0.99
4318,125,576920,0.99
4319,881,2931851,0.99
4320,375,1202715,0.99
4321,336,1213790,0.97
4322,593,1953417,0.99
4323,542,1718598,1
4324,712,2353397,1
4325,217,860247,0.97
4326,118,528762,0.99
4327,200,805165,0.98
4328,1548,4751312,0.97
4329,259,935684,1
4330,351,1159360,0.94
4331,153,666794,0.99
4332,457,1593064,0.99
4333,348,1335827,0.94
4334,274,934511,0.99
4335,915,2956959,1
4336,440,1433209,1
4337,103,449765,0.97
4338,532,1730956,0.98
4339,703,1999555,1
4340,136,545802,1
4341,908,3021570,0.98
4342,183,698168,1
4343,938,2903272,0.99
4344,100,447045,1
4345,264,952558,0.99
4346,250,881120,1
4347,673,2194784,0.98
4348,310,1089655,0.99
4349,482,1622807,0.97
4350,955,2921827,0.99
4351,278,1004244,1
4352,242,872946,1
4353,835,2717879,0.97
4354,100,354766,1
4355,200,735845,1
4356,296,1065875,1
4357,231,810342,0.97
4358,223,883901,0.96
4359,144,605661,0.99
4360,100,476877,1
4361,215,784601,0.99
4362,232,895555,0.97
4363,247,867707,0.97
4364,394,1298066,0.99
4365,199,768419,0.99
4366,487,1553275,0.98
4367,173,605658,1
4368,199,780347,0.99
4369,100,424697,0.99
4370,121,507809,0.99
4371,466,1301651,0.99
4372,771,2523599,0.98
4373,432,1410170,0.98
4374,247,955998,0.99
4375,826,2633197,1
4376,233,876600,0.98
4377,1661,5253995,0.85
4378,178,669252,0.98
4379,624,1703286,1
4380,121,504012,0.99
4381,118,544300,1
4382,623,1966720,1
4383,100,308447,1
4384,490,1448635,1
4385,557,1653913,1
4386,168,615222,0.97
4387,651,1999665,0.97
4388,396,1291350,0.95
4389,532,1799807,0.98
4390,335,1061554,0.99
4391,100,393827,1
4392,127,547603,0.99
4393,471,1421958,0.94
4394,840,2748967,0.99
4395,521,1698809,0.97
4396,269,993521,0.99
4397,396,1350339,0.93
4398,183,721774,0.95
4399,829,2694072,0.98
4400,270,996698,1
4401,824,2547161,1
4402,264,928205,1
4403,407,1372155,1
4404,886,2752141,0.99
4405,179,729736,1
4406,975,2932546,1
4407,100,415502,1
4408,183,670774,1
4409,268,942733,0.95
4410,1591,5173165,0.98
4411,113,506859,0.99
4412,443,1462885,0.99
4413,444,1475473,0.99
4414,1130,3598115,0.97
4415,100,389811,1
4416,238,807094,0.98
4417,222,826627,1
4418,865,2921638,0.97
4419,572,1561902,0.99
4420,389,1339455,0.98
4421,682,2054012,0.99
4422,453,1478877,0.99
4423,1128,3618370,0.97
4424,518,1544694,1
4425,396,1418949,0.99
4426,285,998893,1
4427,507,1562869,0.99
4428,153,627010,0.99
4429,1100,3566828,1
4430,249,884156,1
4431,158,619183,0.99
4432,551,1725832,1
4433,246,846296,1
4434,189,770604,0.98
4435,1695,5557558,0.86
4436,319,1015220,0.98
4437,100,428351,1
4438,253,837608,0.98
4439,1072,3324413,0.99
4440,185,694882,1
4441,355,1322607,0.98
4442,292,908585,0.99
4443,665,2215728,0.98
4444,425,1408363,0.98
4445,179,715062,0.99
4446,125,522766,0.97
4447,1293,4041855,0.98
4448,296,1114340,0.98
4449,1083,3224641,0.98
4450,513,1637559,0.99
4451,469,1561472,0.99
4452,569,1657307,0.99
4453,378,1214346,0.99
4454,515,1754533,1
4455,200,789219,0.9
4456,270,1015267,1
4457,100,366274,1
4458,245,823230,1
4459,200,794858,1
4460,344,1171617,1
4461,141,604491,0.98
4462,1209,3381235,0.99
4463,190,710829,1
4464,833,2772391,0.97
4465,100,432654,1
4466,1371,4073732,0.97
4467,675,2009598,1
4468,920,2739406,1
4469,671,2232164,0.94
4470,100,452407,0.99
4471,297,1033800,0.98
4472,689,2341094,0.97
4473,176,657568,1
4474,312,1000815,1
4475,421,1332170,0.99
4476,109,468232,0.96
4477,606,1916326,0.99
4478,946,3032542,0.96
4479,1357,3311621,1
4480,173,671068,0.98
4481,569,1710151,0.98
4482,383,1319960,1
4483,254,930798,1
4484,348,1180058,1
4485,627,1834764,0.94
4486,292,1044457,0.99
4487,1705,4919977,1
4488,375,1306052,0.99
4489,855,2823336,0.97
4490,370,1258629,0.98
4491,100,450268,0.98
4492,223,840827,0.97
4493,129,552029,1
4494,382,1246718,0.94
4495,200,726800,1
4496,100,401092,1
4497,339,1179005,0.95
4498,100,491944,0.99
4499,457,1271519,0.99
4500,1562,4754401,0.93
4501,263,912598,1
4502,180,693155,1
4503,577,1857165,0.92
4504,1243,3477120,1
4505,120,525480,1
4506,330,1109245,0.98
4507,344,1092780,0.99
4508,258,900133,1
4509,442,1413067,0.99
4510,463,1547523,0.96
4511,509,1586782,1
4512,124,547982,0.98
4513,379,1201066,1
4514,100,437347,0.98
4515,542,1738405,0.99
4516,556,1762015,0.99
4517,288,988661,0.98
4518,100,472224,0.92
4519,1034,3181559,0.98
4520,621,1836030,0.99
4521,613,1980452,1
4522,651,2113509,1
4523,308,1071410,1
4524,1192,3564538,0.97
4525,352,1146814,0.99
4526,1317,4411460,0.93
4527,385,1287834,0.96
4528,1111,3222040,1
4529,671,2220715,0.99
4530,745,2483045,0.98
4531,280,1001643,0.99
4532,662,2081246,0.99
4533,325,1125925,0.99
4534,441,1494916,0.99
4535,500,1767527,0.99
4536,368,1263166,0.99
4537,245,809534,1
4538,807,2595212,0.96
4539,446,1451804,1
4540,287,1044653,0.98
4541,673,2201693,0.98
4542,236,862392,0.95
4543,707,2178367,1
4544,374,1321926,0.96
4545,125,529655,0.96
4546,200,645829,1
4547,676,2124567,0.97
4548,100,400930,0.96
4549,166,659798,0.99
4550,261,998231,0.99
4551,302,1084121,1
4552,151,637824,0.97
4553,281,943696,1
4554,1699,5188393,0.98
4555,589,1945394,0.98
4556,829,2807029,0.99
4557,945,3117858,0.95
4558,498,1705515,0.98
4559,183,634050,1
4560,301,1040401,0.98
4561,858,2697029,0.99
4562,360,1185885,1
4563,665,2031722,1
4564,126,471817,1
4565,116,536860,1
4566,839,2629449,0.98
4567,183,621624,1
4568,267,949747,0.99
4569,270,928306,0.96
4570,132,567694,0.98
4571,163,656155,1
4572,349,1087675,1
4573,362,1321594,1
4574,1655,4965977,1
4575,509,1552361,0.99
4576,126,502359,1
4577,1037,3235870,0.99
4578,284,923903,1
4579,277,999330,0.97
4580,134,554077,0.99
4581,228,829065,0.98
4582,155,617591,0.99
4583,183,684490,0.99
4584,379,1212701,0.99
4585,500,1639701,0.96
4586,132,519440,0.99
4587,1264,4045764,0.94
4588,559,1643229,0.99
4589,106,465021,1
4590,183,651702,0.99
4591,683,2233411,1
4592,864,2809938,0.98
4593,1264,3795929,0.97
4594,236,738757,0.99
4595,100,366286,1
4596,1091,3206799,0.96
4597,829,2759972,0.96
4598,316,1077078,0.98
4599,100,366957,1
4600,111,492516,0.97
4601,319,1010969,0.98
4602,200,794331,0.99
4603,1777,5540177,0.99
4604,329,1154354,0.99
4605,353,1272990,0.99
4606,372,1330730,0.98
4607,166,658551,0.98
4608,100,439770,1
4609,355,1141014,1
4610,147,581435,0.99
4611,500,1665815,1
4612,489,1423913,0.99
4613,100,442651,1
4614,378,1283485,1
4615,1693,5019100,0.99
4616,1294,3933111,0.93
4617,201,788350,0.99
4618,1198,3467805,1
4619,254,910052,1
4620,139,582393,1
4621,332,1177618,1
4622,201,779209,0.95
4623,149,584360,0.99
4624,176,655855,0.99
4625,910,2705768,1
4626,868,2570372,0.98
4627,316,1180745,0.95
4628,301,1023454,1
4629,100,467363,0.98
4630,569,1863986,0.99
4631,354,1195506,1
4632,832,2534656,0.99
4633,254,894558,1
4634,409,1258141,0.99
4635,183,623994,1
4636,1121,3221424,1
4637,690,2195858,0.98
4638,170,635202,0.98
4639,125,584236,0.99
4640,501,1698108,0.98
4641,845,2734661,0.99
4642,100,447952,1
4643,106,464577,0.96
4644,118,472652,1
4645,263,949679,0.98
4646,200,765689,0.99
4647,317,1027757,1
4648,831,2573690,0.99
4649,385,1264523,0.98
4650,159,512450,1
4651,100,440220,0.99
4652,148,572106,1
4653,555,1808746,1
4654,516,1630593,1
4655,270,980480,0.98
4656,166,669122,0.92
4657,145,602035,1
4658,1260,4067908,0.97
4659,285,952176,1
4660,1591,5002887,0.97
4661,250,891252,0.96
4662,100,346084,1
4663,370,1131514,1
4664,248,943672,0.98
4665,213,795316,0.98
4666,600,1713183,1
4667,394,1252970,1
4668,446,1318215,0.99
4669,156,609321,0.99
4670,502,1687488,0.97
4671,1500,4369178,0.99
4672,100,326713,1
4673,301,1006087,0.98
4674,1063,2902162,1
4675,1177,3721800,0.97
4676,610,1915590,0.97
4677,1125,3723344,0.91
4678,668,1912935,1
4679,250,880393,0.99
4680,530,1788367,0.99
4681,403,1380612,0.99
4682,562,1645285,1
4683,100,451495,0.99
4684,100,434268,0.99
4685,258,905634,0.99
4686,1018,2959421,0.99
4687,100,250756,1
4688,513,1720690,0.98
4689,280,946617,1
4690,124,522141,1
4691,886,2498280,0.99
4692,592,1692734,0.99
4693,395,1182599,0.99
4694,100,422579,1
4695,208,779545,0.98
4696,507,1753732,0.97
4697,509,1470622,0.99
4698,681,2010504,0.99
4699,611,1659301,1
4700,274,1031940,0.98
4701,148,567826,0.99
4702,751,2334359,0.97
4703,191,738340,0.99
4704,1577,4840321,0.99
4705,1386,4024172,0.97
4706,830,2553954,0.98
4707,122,502415,0.98
4708,682,1967210,1
4709,482,1552751,0.99
4710,470,1354553,1
4711,334,1092760,0.97
4712,902,2379610,1
4713,130,596775,0.98
4714,368,1242471,0.98
4715,183,647358,1
4716,100,421896,1
4717,801,2466656,1
4718,382,1410902,0.95
4719,292,1029829,0.99
4720,666,2091032,1
4721,1016,3279170,0.99
4722,815,2606236,1
4723,259,905492,0.99
4724,980,2929416,0.97
4725,153,638643,0.98
4726,1411,4424459,0.98
4727,428,1324139,0.98
4728,1369,4387847,0.95
4729,946,3117165,0.98
4730,1143,3045945,0.99
4731,1156,3473533,0.99
4732,547,1876704,0.97
4733,858,2712153,0.99
4734,329,1104168,0.98
4735,487,1499642,0.98
4736,595,1942638,0.98
4737,695,2232497,0.98
4738,188,791334,0.97
4739,394,1330144,0.97
4740,161,681740,0.98
4741,169,705774,0.97
4742,926,2651959,0.99
4743,458,1637083,0.99
4744,597,1929483,1
4745,132,509670,0.98
4746,386,1226025,0.99
4747,100,477672,0.99
4748,255,889224,0.99
4749,101,421913,0.99
4750,570,1676832,0.92
4751,100,391934,0.99
4752,267,944646,1
4753,160,602878,0.97
4754,223,842033,0.97
4755,130,584807,0.95
4756,378,1325535,1
4757,100,344845,1
4758,312,1179856,0.95
4759,588,1960947,1
4760,1011,3143617,0.99
4761,212,819235,0.99
4762,122,523552,1
4763,122,497239,1
4764,916,2820677,1
4765,623,1939095,1
4766,587,1593172,1
4767,309,1119345,1
4768,281,949034,0.97
4769,187,754294,0.98
4770,1511,4489571,1
4771,1126,3516924,0.99
4772,745,2501100,0.99
4773,672,2213728,0.97
4774,100,450599,1
4775,690,2105379,0.99
4776,100,402715,0.98
4777,851,2778192,1
4778,595,2026101,0.98
4779,128,508386,1
4780,663,2062624,0.99
4781,233,903975,0.97
4782,548,1722234,0.95
4783,660,2027100,0.98
4784,296,1044364,0.99
4785,262,876223,1
4786,1243,3835898,0.97
4787,530,1644025,1
4788,1096,3255536,0.99
4789,100,404612,1
4790,361,1087929,1
4791,453,1369837,0.99
4792,100,381711,1
4793,200,760137,0.99
4794,354,1236497,1
4795,513,1430354,1
4796,1338,3922881,0.99
4797,299,1055498,1
4798,515,1691247,0.99
4799,357,1032700,0.98
4800,126,570678,0.99
4801,131,546862,0.99
4802,171,684475,0.99
4803,364,1259346,0.97
4804,499,1554511,0.95
4805,328,1114478,1
4806,100,444943,0.99
4807,616,1656504,1
4808,630,2200848,0.95
4809,134,539507,0.96
4810,653,2022812,0.99
4811,1097,8874897,0.97
4812,948,4161843,0.99
4813,136,717243,1
4814,362,1657517,0.99
4815,317,1383544,0.97
4816,1375,5870705,1
4817,178,772039,1
4818,506,2375722,0.97
4819,244,1023963,0.95
4820,122,595607,0.99
4821,296,1441155,0.96
4822,329,1417589,1
4823,136,654011,0.99
4824,233,1202102,0.92
4825,518,2234022,0.99
4826,1602,6647632,0.99
4827,167,871877,0.97
4828,169,706187,0.93
4829,625,2739650,0.96
4830,655,2750995,1
4831,206,962594,0.99
4832,249,1122703,0.97
4833,224,1062597,0.96
4834,100,452283,0.99
4835,169,765802,0.98
4836,166,814875,1
4837,691,3072558,0.99
4838,510,2066788,0.99
4839,252,1096895,0.96
4840,721,2847737,1
4841,233,1125697,0.97
4842,361,1560761,1
4843,492,1968993,1
4844,175,823765,0.98
4845,164,671486,1
4846,491,1968217,0.99
4847,100,227146,1
4848,662,2755931,1
4849,152,766648,0.99
4850,899,3595957,0.97
4851,648,2261919,1
4852,550,1950944,0.95
4853,165,751613,0.98
4854,336,1518400,0.96
4855,502,2041066,1
4856,126,610138,1
4857,296,1373801,0.93
4858,157,779445,1
4859,512,2110748,0.99
4860,524,2234508,0.98
4861,366,1394230,0.99
4862,1341,4997821,1
4863,332,1543743,0.98
4864,161,785768,0.97
4865,663,2521522,0.99
4866,807,2730769,0.98
4867,127,580489,1
4868,100,430453,1
4869,663,2596186,0.99
4870,1278,4688158,0.97
4871,346,1328264,1
4872,885,3543919,0.96
4873,228,1038230,0.99
4874,364,1538566,0.94
4875,1220,4921839,0.95
4876,663,2493650,1
4877,991,3941334,0.99
4878,396,1503874,0.97
4879,491,1943736,0.99
4880,674,2722691,0.99
4881,100,473186,1
4882,130,636972,0.99
4883,329,1344112,0.98
4884,287,1278420,0.98
4885,339,1391670,0.99
4886,396,1609348,0.97
4887,200,946478,1
4888,424,1789056,0.95
4889,100,349960,1
4890,596,2137175,1
4891,605,2220238,1
4892,522,1922341,1
4893,183,857550,1
4894,921,3731957,0.98
4895,628,2170370,1
4896,1549,5448439,0.99
4897,219,857429,1
4898,380,1562610,0.98
4899,652,2149908,0.99
4900,653,2494569,1
4901,417,1628413,0.99
4902,100,460803,1
4903,182,809092,0.98
4904,375,1609959,1
4905,1112,3892025,1
4906,143,642014,1
4907,385,1326034,1
4908,298,1221526,0.99
4909,863,3432974,0.97
4910,144,672158,1
4911,248,1100511,0.96
4912,958,3504684,0.91
4913,136,606992,0.99
4914,401,1515912,0.99
4915,1034,3408529,0.99
4916,638,2176813,1
4917,121,548726,0.99
4918,100,483842,0.99
4919,100,482062,0.99
4920,696,2593738,0.99
4921,829,2735667,1
4922,339,1361566,1
4923,386,1315817,0.99
4924,145,656636,0.98
4925,1641,5893876,1
4926,383,1524004,0.96
4927,375,1447698,0.98
4928,155,727294,0.96
4929,360,1440661,1
4930,100,516302,1
4931,235,933800,0.98
4932,100,430403,1
4933,221,993885,1
4934,835,2948216,0.98
4935,689,2582372,0.97
4936,100,426520,1
4937,100,511738,0.96
4938,867,3159294,1
4939,333,1260751,0.99
4940,1489,4997470,0.99
4941,227,865560,1
4942,492,1802520,1
4943,1361,4156097,1
4944,199,811183,1
4945,1031,3416252,0.98
4946,999,3375541,0.97
4947,389,1409210,0.99
4948,116,543455,0.99
4949,119,612183,0.92
4950,136,601880,1
4951,882,3264659,0.98
4952,316,1326242,0.93
4953,685,2434724,0.97
4954,659,2358206,1
4955,100,487062,0.99
4956,271,996132,0.97
4957,886,3173056,0.99
4958,423,1425817,1
4959,600,2236488,0.98
4960,374,1360494,0.98
4961,100,304721,1
4962,153,602741,0.98
4963,100,507763,0.98
4964,134,624001,0.94
4965,131,606604,1
4966,100,447464,1
4967,1077,3666485,0.97
4968,486,1495149,0.99
4969,228,917628,0.99
4970,148,611090,0.99
4971,832,2970221,0.94
4972,401,1459627,1
4973,105,478763,0.98
4974,121,548227,1
4975,682,2561893,0.94
4976,522,1739473,0.99
4977,306,1117823,0.98
4978,832,2788897,0.99
4979,650,2290218,0.99
4980,140,608531,1
4981,255,891582,0.98
4982,518,1809864,0.98
4983,139,650829,0.99
4984,122,590826,1
4985,643,2252730,1
4986,373,1400766,1
4987,269,1074742,0.99
4988,183,707252,0.98
4989,226,893702,1
4990,101,536921,0.96
4991,752,2483462,0.98
4992,100,493637,0.99
4993,202,856474,0.97
4994,364,1424499,0.97
4995,379,1429653,0.99
4996,661,2316415,0.99
4997,256,952803,0.98
4998,1357,4678898,1
4999,676,2260098,0.97
5000,852,3186422,0.92
5001,429,1545232,1
5002,136,585704,1
5003,336,1262448,0.98
5004,387,1594785,0.86
5005,555,2031361,0.99
5006,474,1807323,0.99
5007,484,1768587,1
5008,561,1963266,0.98
5009,334,1374474,0.95
5010,1109,3727324,0.99
5011,292,1129295,1
5012,100,450560,0.98
5013,574,2096102,0.97
5014,1028,3243208,0.98
5015,194,740812,0.98
5016,946,3254241,0.98
5017,167,752162,0.98
5018,100,493706,0.99
5019,100,481325,0.98
5020,534,1704895,0.99
5021,332,1359823,0.99
5022,1473,5062015,1
5023,699,2446603,1
5024,100,303072,1
5025,100,324923,1
5026,678,2129023,1
5027,897,3170937,0.97
5028,233,896386,0.99
5029,680,2416919,1
5030,200,853241,1
5031,128,564919,1
5032,232,877707,0.98
5033,370,1427081,0.99
5034,936,3011570,0.96
5035,195,806685,0.99
5036,1234,3593288,1
5037,392,1404238,1
5038,182,730420,0.99
5039,188,751359,1
5040,121,543908,1
5041,1115,3459323,0.99
5042,100,465282,1
5043,288,809594,1
5044,1524,4931490,0.99
5045,200,850025,0.99
5046,907,3165730,0.99
5047,351,1314645,0.96
5048,518,1836366,1
5049,175,747730,0.98
5050,119,517045,1
5051,611,1808129,1
5052,100,301915,1
5053,628,2170850,0.97
5054,245,949113,0.99
5055,367,1371791,1
5056,596,2156664,0.98
5057,509,1721803,0.98
5058,237,853752,0.99
5059,398,1353000,0.99
5060,196,759295,0.99
5061,1485,5002436,0.98
5062,989,3046620,0.99
5063,321,1032781,0.97
5064,462,1660740,0.92
5065,1207,3891992,0.98
5066,829,2908457,0.96
5067,314,1051877,0.99
5068,965,2883858,0.99
5069,100,477811,0.98
5070,638,2176603,0.98
5071,881,2543981,1
5072,163,690761,0.98
5073,114,547995,1
5074,1484,4548629,1
5075,480,1705838,0.98
5076,765,2323977,1
5077,127,561234,1
5078,175,751771,0.95
5079,227,896307,1
5080,559,1831181,0.98
5081,610,2069138,0.98
5082,284,1067302,0.95
5083,423,1462373,1
5084,829,2716898,1
5085,558,1879528,0.99
5086,147,635780,0.98
5087,100,414828,1
5088,1643,5158543,0.99
5089,231,877850,0.97
5090,595,1995983,1
5091,751,2345249,1
5092,262,1006736,0.99
5093,1210,4037499,0.97
5094,142,574357,1
5095,1079,3378022,0.99
5096,236,858117,1
5097,711,2197471,1
5098,182,723592,1
5099,316,1230599,0.95
5100,576,2008149,0.98
5101,100,427790,1
5102,267,1014067,1
5103,334,1205280,0.99
5104,123,524096,0.99
5105,157,609471,0.99
5106,106,570279,0.99
5107,656,1972966,1
5108,658,2161669,0.99
5109,591,1968229,0.99
5110,220,772959,1
5111,883,2761184,1
5112,141,586448,1
5113,107,474524,0.99
5114,198,815220,0.98
5115,649,2080061,1
5116,100,275853,1
5117,100,390247,1
5118,603,1964964,0.98
5119,812,2724781,0.98
5120,100,440388,1
5121,579,1785902,1
5122,561,1779424,1
5123,897,3160684,0.97
5124,793,2695481,0.99
5125,223,789814,0.95
5126,446,1425170,1
5127,138,591567,0.93
5128,231,922265,0.99
5129,169,749165,1
5130,814,2589328,0.98
5131,358,1056378,0.99
5132,592,1990235,0.98
5133,1071,3088533,0.99
5134,687,2334340,0.97
5135,244,939931,1
5136,256,1009056,1
5137,100,355608,1
5138,178,731891,0.97
5139,321,1114105,0.98
5140,314,1062238,0.98
5141,100,264064,1
5142,348,1271735,0.98
5143,233,833106,0.99
5144,101,512576,0.98
5145,434,1573400,1
5146,100,407130,1
5147,107,471828,1
5148,269,917130,1
5149,375,1216435,1
5150,320,1191090,0.99
5151,152,622751,1
5152,133,523344,0.98
5153,507,1730050,0.98
5154,166,698409,0.97
5155,159,566435,1
5156,136,608556,1
5157,520,1692922,0.93
5158,1329,4107775,1
5159,120,579454,0.97
5160,105,469685,1
5161,1055,3292738,1
5162,302,1071535,0.99
5163,180,752474,0.99
5164,236,797866,1
5165,257,923430,0.99
5166,334,1126061,1
5167,655,2011771,0.99
5168,200,774461,1
5169,120,511451,1
5170,231,872762,1
5171,378,1253036,0.98
5172,184,669454,0.97
5173,829,2792450,0.98
5174,191,757551,0.99
5175,585,1956647,0.97
5176,351,1286553,0.97
5177,377,1230651,0.99
5178,391,1289752,0.97
5179,193,750407,1
5180,627,1922724,0.98
5181,200,720408,0.99
5182,183,716290,0.98
5183,166,637650,1
5184,347,1146026,1
5185,109,507383,1
5186,592,2065547,1
5187,1485,5012394,0.89
5188,170,654374,0.99
5189,672,2288062,1
5190,580,1884608,1
5191,949,2836858,1
5192,286,978036,0.98
5193,1221,3949075,0.99
5194,652,2230057,0.96
5195,1189,3712227,1
5196,1349,4111791,0.99
5197,1164,3754020,0.97
5198,153,633268,1
5199,574,1787490,0.97
5200,100,448667,1
5201,332,1162536,0.99
5202,216,894504,0.95
5203,605,2057455,1
5204,248,896905,1
5205,309,1053644,1
5206,835,2892578,0.99
5207,679,2209030,1
5208,1551,4899545,1
5209,1548,4042259,0.9
5210,689,2300054,0.97
5211,288,853148,0.95
5212,1149,3500711,0.99
5213,112,542185,0.98
5214,338,1118414,0.99
5215,229,860515,1
5216,269,901528,0.98
5217,522,1594720,0.99
5218,904,2939430,0.99
5219,183,706610,1
5220,1323,4253372,0.99
5221,1139,3486059,0.99
5222,465,1517198,1
5223,474,1613816,0.98
5224,365,1280482,1
5225,152,702059,0.97
5226,389,1428202,0.96
5227,100,383639,1
5228,423,1264085,1
5229,268,977646,0.98
5230,240,822020,1
5231,116,485435,1
5232,510,1687447,1
5233,201,841634,1
5234,127,520407,1
5235,468,1377086,1
5236,122,527613,0.99
5237,376,1361210,1
5238,233,842800,0.98
5239,1102,3625731,1
5240,284,1012090,1
5241,124,535262,0.97
5242,507,1695998,0.99
5243,143,610076,0.99
5244,570,1462309,0.96
5245,167,691106,0.97
5246,377,1150977,1
5247,106,507708,0.98
5248,628,1990685,0.99
5249,100,438778,0.99
5250,373,1136778,0.99
5251,829,2687947,1
5252,369,1141351,0.99
5253,203,731305,0.96
5254,200,794265,1
5255,735,2300007,0.99
5256,200,779264,0.96
5257,957,2963346,1
5258,109,474537,1
5259,440,1291232,0.99
5260,1381,4497632,1
5261,437,1511347,0.97
5262,801,2623806,1
5263,570,1734656,0.98
5264,536,1715695,0.92
5265,375,1363658,0.97
5266,287,1003296,0.99
5267,223,876244,0.99
5268,144,580259,0.99
5269,910,2911805,0.96
5270,560,1998916,0.93
5271,100,312705,1
5272,346,1184722,0.99
5273,100,342798,1
5274,379,1376653,0.97
5275,166,691724,0.98
5276,959,3037301,0.97
5277,100,478821,0.98
5278,757,2582669,0.95
5279,1021,3102992,0.98
5280,270,880981,1
5281,397,1286345,0.99
5282,100,428696,0.99
5283,375,1299718,0.98
5284,535,1827503,0.9
5285,308,1087094,0.97
5286,371,1230747,1
5287,1258,4187879,0.92
5288,277,942448,0.99
5289,170,660526,0.98
5290,943,2935391,0.99
5291,100,451640,0.99
5292,266,894717,0.98
5293,559,1857538,0.99
5294,136,581615,1
5295,100,352976,1
5296,115,519705,0.99
5297,1432,4611360,0.91
5298,200,760443,0.97
5299,515,1648166,1
5300,286,979366,0.98
5301,1023,2834531,1
5302,227,855663,0.99
5303,396,1338122,0.99
5304,1349,4163543,1
5305,240,858328,1
5306,601,1964178,0.98
5307,147,573986,0.96
5308,204,769658,1
5309,690,2168266,0.98
5310,289,977956,1
5311,552,1951387,1
5312,532,1711527,1
5313,100,393324,1
5314,623,2226525,0.99
5315,773,2519379,1
5316,673,2042159,1
5317,382,1176090,0.98
5318,175,676876,0.99
5319,843,2704587,0.99
5320,366,1299794,0.99
5321,593,2026604,1
5322,173,692340,0.97
5323,140,583254,1
5324,392,1402926,1
5325,754,2563758,0.99
5326,666,2237287,0.99
5327,340,1118395,0.98
5328,291,1049756,0.98
5329,100,451100,0.99
5330,100,427176,0.99
5331,135,517919,0.97
5332,364,1305836,0.95
5333,279,949346,1
5334,215,829702,1
5335,673,2260707,0.98
5336,186,755449,0.95
5337,336,1194997,1
5338,845,2750572,0.97
5339,585,1974558,0.94
5340,100,416416,1
5341,100,431239,0.99
5342,1376,4190257,0.98
5343,705,2375750,0.97
5344,391,1408003,0.99
5345,480,1639848,1
5346,561,1791339,1
5347,179,714507,1
5348,613,1484720,1
5349,100,442836,0.99
5350,1678,5222626,1
5351,1054,3386726,1
5352,554,1971421,0.96
5353,759,2379647,0.96
5354,325,1079373,1
5355,922,2716692,1
5356,502,1443387,0.99
5357,421,1464783,0.97
5358,468,1419183,1
5359,176,757831,0.99
5360,367,1079068,0.99
5361,310,1128078,1
5362,249,871282,0.98
5363,1432,4237169,0.98
5364,393,1258440,1
5365,100,440785,0.99
5366,313,1034531,0.99
5367,611,1909471,0.97
5368,100,406331,0.99
5369,181,600470,1
5370,680,2148310,0.98
5371,100,462971,0.99
5372,113,475070,1
5373,385,1317656,0.99
5374,100,461795,1
5375,170,705691,0.98
5376,575,1805077,1
5377,293,1065519,1
5378,891,2753632,0.93
5379,293,1050561,0.98
5380,100,365318,1
5381,912,2883296,0.98
5382,1529,4944205,0.96
5383,145,627285,0.98
5384,332,1158456,1
5385,1630,4965261,1
5386,327,1216836,0.99
5387,1536,4849111,0.98
5388,100,465359,0.99
5389,143,557619,0.99
5390,100,441900,0.99
5391,113,487947,0.99
5392,100,416967,0.99
5393,364,1307088,0.99
5394,195,727864,0.97
5395,217,842927,0.99
5396,204,684830,0.93
5397,683,2189971,0.99
5398,1259,3957788,0.99
5399,100,387848,1
5400,1122,3589706,0.95
5401,1419,4159766,0.97
5402,686,2248030,0.98
5403,133,482993,1
5404,198,805314,0.96
5405,100,415401,0.99
5406,622,1885723,1
5407,675,2032946,1
5408,169,708425,0.99
5409,211,816947,0.99
5410,379,1236714,0.99
5411,383,1355702,0.98
5412,170,693362,1
5413,224,845539,0.94
5414,180,690022,1
5415,946,2827545,1
5416,183,666516,1
5417,941,3069062,1
5418,254,906958,1
5419,1043,3269996,0.98
5420,271,925152,0.99
5421,241,868717,0.98
5422,111,517201,1
5423,814,2291205,0.98
5424,106,475801,0.98
5425,163,603662,0.99
5426,479,1539898,0.97
5427,317,1188242,0.99
5428,569,1928122,1
5429,344,1222723,0.99
5430,356,1260753,0.96
5431,378,1362436,0.98
5432,178,653381,1
5433,336,1116170,0.99
5434,240,922667,0.99
5435,1109,3529621,0.97
5436,558,1892502,0.98
5437,553,1545986,0.99
5438,490,1533375,0.98
5439,169,684695,0.99
5440,327,1002468,1
5441,607,2054960,1
5442,151,588603,0.99
5443,623,2042395,0.99
5444,444,1475744,0.99
5445,184,686456,1
5446,596,1886954,0.98
5447,382,1275857,0.99
5448,100,459725,0.99
5449,685,2233207,1
5450,233,824566,0.99
5451,1015,3159282,0.98
5452,132,563288,0.98
5453,1163,3439170,1
5454,100,268502,1
5455,270,964791,1
5456,187,695943,1
5457,353,1316370,0.96
5458,393,1167524,1
5459,1300,4180615,0.98
5460,200,778447,0.98
5461,183,649281,0.98
5462,134,545831,1
5463,1377,4393635,0.98
5464,845,2485857,1
5465,179,681578,1
5466,267,938838,0.98
5467,286,1033128,0.99
5468,1291,4098726,0.97
5469,182,703737,0.95
5470,750,2422936,0.98
5471,326,1188798,1
5472,817,2268976,1
5473,275,999907,1
5474,474,1598221,0.97
5475,192,650871,0.99
5476,100,372934,1
5477,697,2219646,0.96
5478,675,2067482,0.91
5479,282,1009748,0.99
5480,304,1043597,0.98
5481,334,1166870,0.98
5482,294,1073539,0.99
5483,1173,3186186,0.98
5484,324,1211174,0.99
5485,178,732236,0.96
5486,151,572466,1
5487,105,480198,1
5488,510,1658371,0.98
5489,1375,4173464,0.99
5490,166,674675,0.98
5491,105,536255,0.94
5492,100,411716,1
5493,244,829772,1
5494,220,780779,0.99
5495,115,462104,1
5496,1328,4220197,0.99
5497,483,1590637,0.99
5498,693,2214126,0.96
5499,660,2157617,0.99
5500,382,1368551,0.99
5501,116,509567,1
5502,107,501379,0.98
5503,660,2165179,0.99
5504,136,590264,1
5505,266,977064,0.99
5506,690,2185123,0.99
5507,200,751022,0.97
5508,183,664512,1
5509,342,1064876,0.99
5510,387,1302977,0.98
5511,102,480896,0.96
5512,127,532534,0.99
5513,161,670791,0.99
5514,875,2994511,0.97
5515,100,461132,1
5516,360,1299512,0.96
5517,113,511829,0.99
5518,192,740134,0.98
5519,183,642527,1
5520,112,485159,1
5521,733,2308598,0.98
5522,419,1343205,1
5523,1038,3237345,0.99
5524,250,876896,0.99
5525,290,954110,1
5526,281,937217,0.98
5527,608,1877730,1
5528,1164,3521237,1
5529,307,1115498,0.95
5530,568,1820260,0.99
5531,255,922350,0.99
5532,365,1247854,0.93
5533,339,1058700,0.98
5534,1121,3350124,1
5535,399,1415763,0.99
5536,406,1258427,0.97
5537,100,482319,0.98
5538,625,1780290,1
5539,284,1047208,0.93
5540,1167,3878709,0.98
5541,196,757525,1
5542,829,2314279,0.99
5543,919,2761115,0.99
5544,247,791383,0.98
5545,100,377063,1
5546,599,2024808,0.97
5547,493,1423803,0.99
5548,534,1757016,0.98
5549,1224,3411016,1
5550,145,621909,0.98
5551,217,787357,0.97
5552,176,605826,1
5553,908,2802091,1
5554,373,1247483,0.99
5555,266,957826,0.98
5556,475,1332074,1
5557,234,899128,0.97
5558,189,735686,0.98
5559,835,2587729,0.99
5560,457,1538884,0.97
5561,384,1311712,1
5562,100,489802,1
5563,529,1761761,1
5564,736,2434672,0.99
5565,100,440181,0.99
5566,468,1344541,1
5567,100,286089,1
5568,670,1847238,0.99
5569,100,306573,0.99
5570,467,1622036,0.97
5571,100,416099,0.99
5572,173,633411,0.97
5573,299,1009321,0.97
5574,303,1032230,0.99
5575,233,941369,0.95
5576,230,829895,0.98
5577,312,997610,1
5578,191,726929,1
5579,170,730323,1
5580,831,2742867,0.92
5581,656,1937173,1
5582,417,1514628,0.96
5583,345,1139913,0.99
5584,100,440007,0.94
5585,381,1315756,0.97
5586,250,895696,1
5587,946,3039091,0.96
5588,197,706890,1
5589,404,1200136,1
5590,170,679022,0.99
5591,223,763444,1
5592,539,1805320,0.98
5593,100,345977,1
5594,325,1123482,1
5595,1087,3085984,1
5596,395,1246810,0.99
5597,146,553920,1
5598,337,1112524,1
5599,244,931257,0.99
5600,1053,3236355,1
5601,200,711782,0.99
5602,670,2072544,0.99
5603,394,1388697,0.99
5604,100,436889,0.99
5605,142,592554,1
5606,115,548403,0.98
5607,560,1594176,1
5608,125,560302,0.99
5609,664,2145252,0.96
5610,938,3011776,0.92
5611,108,394201,0.99
5612,117,564010,0.98
5613,398,1366240,1
5614,430,1387924,0.98
5615,363,1083447,0.99
5616,1309,4197535,0.94
5617,1331,4301939,0.98
5618,100,344754,1
5619,586,1763537,1
5620,307,1061655,0.98
5621,223,777476,1
5622,971,2892451,0.97
5623,437,1319215,0.98
5624,267,1012998,1
5625,100,413317,1
5626,624,1962671,0.99
5627,335,1196117,0.92
5628,244,909309,1
5629,274,1042016,0.98
5630,100,427442,0.99
5631,100,469529,1
5632,133,596964,0.98
5633,976,2730970,0.99
5634,598,1713020,0.98
5635,271,873335,0.99
5636,493,1505494,0.99
5637,1715,4784531,1
5638,317,1037823,0.99
5639,205,664015,0.99
5640,131,552408,0.99
5641,262,930215,0.98
5642,669,1995385,0.99
5643,484,1531027,1
5644,829,2686252,0.98
5645,1167,3679920,0.93
5646,134,599574,0.99
5647,268,892613,0.98
5648,473,1582423,0.97
5649,1548,4947807,0.95
5650,240,794839,1
5651,192,784783,0.97
5652,319,1114441,1
5653,397,1264941,0.99
5654,200,782569,0.98
5655,539,1742497,1
5656,685,2158576,1
5657,606,2065784,0.98
5658,329,1069542,0.97
5659,151,652313,0.98
5660,815,2693623,0.97
5661,319,951916,0.96
5662,280,943947,0.93
5663,684,2159756,1
5664,741,2413066,0.98
5665,185,654624,0.99
5666,655,2028524,1
5667,490,1603486,0.96
5668,101,480580,0.97
5669,389,1266415,0.99
5670,317,1112742,0.97
5671,100,452799,0.99
5672,188,737242,0.98
5673,331,1152897,0.99
5674,231,854895,0.99
5675,274,1079808,0.98
5676,256,893604,1
5677,200,759795,0.98
5678,1256,3947023,0.98
5679,310,1033670,1
5680,100,402681,0.99
5681,505,1572915,0.99
5682,235,826477,0.98
5683,441,1352637,0.92
5684,660,1938690,1
5685,100,390833,1
5686,160,664335,0.97
5687,298,1118161,0.99
5688,100,412900,0.99
5689,1340,3969544,0.99
5690,1018,2710325,1
5691,352,1178194,1
5692,424,1408210,1
5693,182,721596,0.97
5694,946,2957634,0.99
5695,1045,3111827,1
5696,252,828902,1
5697,303,1103213,0.98
5698,270,986233,0.99
5699,394,1283675,0.99
5700,273,1023562,0.99
5701,1718,5239269,0.98
5702,105,498010,1
5703,207,784837,0.98
5704,100,396712,1
5705,183,705771,0.99
5706,704,2144380,0.99
5707,154,657413,0.97
5708,433,1365126,0.99
5709,507,1665346,0.98
5710,188,711337,0.96
5711,173,703596,0.99
5712,282,948157,1
5713,188,679951,1
5714,696,2233599,1
5715,114,439612,1
5716,338,1168901,0.99
5717,180,591467,1
5718,353,1246319,0.95
5719,877,2657327,1
5720,420,1429773,0.99
5721,1598,5188215,1
5722,318,1097464,0.99
5723,887,2894111,0.96
5724,453,1441696,0.99
5725,239,855275,0.98
5726,328,1209763,0.98
5727,100,432799,0.97
5728,151,627129,1
5729,526,1113657,0.83
5730,846,2885189,0.97
5731,649,1927746,0.99
5732,733,2405703,0.93
5733,118,522058,1
5734,119,489053,1
5735,284,1010110,0.99
5736,118,514674,0.98
5737,100,299169,1
5738,372,1221238,0.99
5739,1265,3629914,0.99
5740,430,1370034,1
5741,816,2245463,0.98
5742,347,1110725,0.96
5743,372,1234672,1
5744,316,1169357,0.98
5745,121,518992,0.99
5746,189,769452,0.99
5747,345,1201223,0.96
5748,710,2116377,0.99
5749,228,774051,0.99
5750,977,3079683,0.93
5751,250,922084,1
5752,992,3020293,0.99
5753,330,1161165,1
5754,100,350628,0.99
5755,100,464297,0.99
5756,1406,4312867,1
5757,100,412380,1
5758,1000,2775829,1
5759,209,825997,0.97
5760,555,1750317,0.99
5761,118,510087,0.98
5762,1310,3988280,1
5763,297,1120398,0.99
5764,869,2711385,1
5765,1551,4603527,0.99
5766,100,366958,1
5767,483,1527861,0.98
5768,139,614468,0.99
5769,1259,3904610,0.98
5770,334,1104971,0.99
5771,200,770703,0.99
5772,891,2676308,0.98
5773,483,1558638,1
5774,377,1238884,1
5775,363,1212847,0.95
5776,475,1573803,0.99
5777,100,322645,1
5778,371,1214762,1
5779,124,547472,1
5780,337,1128358,1
5781,200,707657,0.97
5782,668,1832776,0.99
5783,829,2664263,0.98
5784,100,452745,0.99
5785,829,2755058,0.93
5786,121,551492,0.98
5787,357,1274411,0.94
5788,1513,4646609,0.98
5789,112,490010,0.99
5790,604,1721174,0.98
5791,129,552281,0.99
5792,861,2668541,1
5793,1016,3146459,0.97
5794,472,1416756,0.99
5795,154,646484,0.95
5796,175,651030,1
5797,304,1025525,0.99
5798,357,1236105,0.99
5799,911,2643596,0.99
5800,1260,3982258,0.97
5801,188,684507,1
5802,893,2919445,0.99
5803,305,991394,0.97
5804,451,1474528,0.98
5805,100,413580,0.99
5806,430,1342862,1
5807,508,1640052,1
5808,100,390228,1
5809,213,750607,0.99
5810,498,1554413,0.98
5811,315,1029531,1
5812,650,1934208,1
5813,166,634868,0.98
5814,679,2142380,0.96
5815,109,497780,1
5816,318,1096961,0.99
5817,336,1171797,1
5818,1163,3572963,1
5819,516,1674352,1
5820,662,1962245,1
5821,206,797876,0.97
5822,199,776789,0.97
5823,548,1742885,1
5824,200,798231,0.99
5825,200,682100,1
5826,100,373948,1
5827,100,380477,1
5828,1098,3404739,0.99
5829,113,501070,0.99
5830,370,1179584,0.99
5831,273,969414,0.99
5832,166,657639,0.98
5833,690,2201198,0.97
5834,1253,3880546,0.96
5835,100,462227,1
5836,673,2081721,0.97
5837,349,1265693,0.95
5838,352,1086128,1
5839,100,413013,1
5840,200,793059,1
5841,100,463617,0.99
5842,260,924818,0.99
5843,133,540968,0.99
5844,465,1466852,0.97
5845,225,837072,0.98
5846,433,1182693,1
5847,496,1556191,0.97
5848,167,699050,0.97
5849,583,1927309,1
5850,935,3057822,0.96
5851,136,575645,0.98
5852,1404,4089882,0.95
5853,1141,3555745,1
5854,491,1539012,0.98
5855,200,712828,1
5856,555,1793481,0.97
5857,321,1107867,0.99
5858,1443,4763337,0.89
5859,100,4706916,1
5860,132,649737,1
5861,403,1684917,0.99
5862,1082,4440255,0.97
5863,100,459475,0.99
5864,374,1715116,0.98
5865,200,954421,0.98
5866,316,1416045,0.97
5867,200,1059805,0.96
5868,366,1537972,1
5869,446,1961746,0.95
5870,224,1011122,0.99
5871,322,1407122,1
5872,233,1041635,0.99
5873,429,1735438,0.97
5874,483,2135973,1
5875,264,1040532,1
5876,345,1541391,0.99
5877,172,829919,0.98
5878,338,1403937,0.99
5879,130,610235,0.99
5880,317,1443070,0.99
5881,589,2524961,0.93
5882,277,1378543,1
5883,217,902521,0.99
5884,733,3111587,0.99
5885,697,2883102,0.98
5886,698,2965960,0.98
5887,897,3652741,0.99
5888,911,3843995,0.98
5889,117,619680,0.99
5890,100,477922,0.99
5891,628,2130581,0.99
5892,270,1197870,0.96
5893,252,1074044,0.98
5894,324,1277515,0.99
5895,139,613030,1
5896,321,1459051,1
5897,268,1276648,0.95
5898,356,1464248,0.99
5899,442,1923328,1
5900,380,1566799,0.95
5901,175,855785,1
5902,747,3028035,0.97
5903,833,3497803,0.94
5904,509,2076597,0.99
5905,1341,4775755,0.98
5906,246,1090779,0.98
5907,682,2619718,0.97
5908,175,806858,0.99
5909,912,3519750,1
5910,100,507820,1
5911,796,3316345,0.97
5912,100,518737,0.99
5913,100,314027,1
5914,655,2719296,0.95
5915,100,470731,0.99
5916,335,1333952,1
5917,210,893003,1
5918,395,1774972,0.99
5919,329,1255463,0.97
5920,233,888445,1
5921,1071,4285012,0.98
5922,237,1055762,0.98
5923,566,2073038,0.98
5924,187,875405,1
5925,497,1811621,1
5926,210,976183,0.99
5927,295,1183795,0.99
5928,311,1304140,0.97
5929,853,3357055,0.98
5930,100,424623,0.99
5931,100,492102,1
5932,692,2795375,0.98
5933,456,1552715,1
5934,680,2747560,0.96
5935,845,3347467,0.99
5936,168,761622,0.96
5937,169,793307,0.99
5938,434,1856289,0.99
5939,201,854770,0.96
5940,200,794574,0.99
5941,384,1322700,1
5942,180,801775,1
5943,133,549640,1
5944,100,510377,0.98
5945,455,1891090,0.97
5946,590,2095652,0.99
5947,417,1722000,0.97
5948,187,758954,0.99
5949,285,1146742,0.97
5950,560,2227477,0.96
5951,660,2109932,1
5952,327,1166467,1
5953,543,1973222,0.99
5954,742,2846335,1
5955,627,2301937,0.99
5956,129,639734,1
5957,236,1037114,1
5958,1077,3572602,1
5959,318,1129222,0.98
5960,100,436675,0.99
5961,100,476572,1
5962,204,848173,0.94
5963,865,3305479,1
5964,427,1690671,0.99
5965,432,1603358,0.97
5966,100,472189,1
5967,306,1200479,0.98
5968,100,456263,1
5969,575,2209664,0.98
5970,112,571581,1
5971,285,1206482,1
5972,100,456484,1
5973,1125,4098878,1
5974,136,639263,1
5975,197,834031,0.99
5976,469,1437835,1
5977,259,945481,1
5978,689,2416348,0.98
5979,178,866436,0.99
5980,1055,3952808,0.95
5981,200,935949,0.98
5982,1686,6287169,0.98
5983,651,2489057,0.98
5984,177,790615,1
5985,342,1404845,1
5986,390,1542331,1
5987,371,1406068,1
5988,1381,5113862,0.98
5989,100,507922,0.97
5990,172,746227,1
5991,100,432929,1
5992,224,999306,0.99
5993,319,1184619,1
5994,1200,4125969,1
5995,518,2018642,0.99
5996,216,900675,0.99
5997,412,1683863,0.96
5998,514,1847940,1
5999,245,950412,0.97
6000,218,877361,1
6001,606,2086633,0.99
6002,100,483678,1
6003,545,2100965,0.98
6004,754,2789758,1
6005,114,583648,0.97
6006,1054,3497373,1
6007,221,902719,0.97
6008,901,3064898,0.95
6009,739,2603160,0.96
6010,357,1027414,1
6011,182,776221,1
6012,233,816220,0.98
6013,1156,3831945,0.99
6014,217,964684,0.99
6015,460,1688323,1
6016,427,1654131,0.98
6017,392,1472375,0.99
6018,370,1335101,0.96
6019,345,1356446,0.96
6020,100,437541,1
6021,416,1570847,1
6022,222,839267,0.97
6023,371,1347556,0.99
6024,130,620546,0.94
6025,368,1445349,0.96
6026,677,2379920,0.99
6027,666,2102635,0.98
6028,348,1428111,1
6029,219,908358,0.97
6030,337,1337543,0.99
6031,200,802132,0.99
6032,426,1414264,1
6033,237,888511,1
6034,100,340805,1
6035,653,2057869,0.99
6036,257,1052591,0.98
6037,176,789967,0.96
6038,354,1260291,0.99
6039,191,729065,0.99
6040,206,870955,0.98
6041,200,809462,0.99
6042,652,2338344,1
6043,250,883867,1
6044,200,851921,1
6045,347,1219612,0.99
6046,389,1417201,1
6047,104,534676,0.99
6048,1256,4437165,1
6049,403,1567878,1
6050,366,1367360,1
6051,509,1834257,1
6052,115,526384,1
6053,856,3143356,0.99
6054,1067,3764022,0.99
6055,142,558494,1
6056,170,696017,0.99
6057,334,1280999,0.98
6058,203,906120,0.98
6059,920,3396501,0.97
6060,218,803505,0.99
6061,747,2738065,0.91
6062,159,720291,0.94
6063,772,2920123,0.97
6064,751,2473442,1
6065,850,2831381,0.99
6066,141,623037,0.98
6067,227,888274,0.98
6068,100,358836,1
6069,345,1161013,0.98
6070,570,1827638,0.99
6071,1327,4738806,0.97
6072,1708,5764405,0.99
6073,745,2628400,0.99
6074,144,615623,0.98
6075,708,2412561,0.98
6076,176,720413,1
6077,313,1257478,0.99
6078,682,2510135,0.98
6079,100,384178,1
6080,1243,4027947,1
6081,162,727999,0.97
6082,1227,3739963,1
6083,320,1157159,0.99
6084,841,3034916,0.96
6085,338,1337420,0.99
6086,120,551975,0.98
6087,669,2368172,0.98
6088,100,420071,1
6089,379,1256042,1
6090,1013,3645689,0.96
6091,114,495344,0.99
6092,817,2655527,1
6093,233,871754,0.98
6094,104,505077,1
6095,200,828419,1
6096,100,467217,1
6097,648,2045531,1
6098,178,734535,0.98
6099,326,1221539,0.96
6100,463,1547888,0.98
6101,183,754133,0.98
6102,200,825232,0.99
6103,1350,4167706,0.99
6104,245,983339,0.97
6105,545,1974815,1
6106,100,317931,1
6107,354,1256973,0.99
6108,336,1283328,1
6109,313,1229123,0.9
6110,260,1016495,0.98
6111,477,1737911,0.97
6112,825,2532711,1
6113,934,3160701,0.91
6114,1166,4073884,0.98
6115,319,1182885,1
6116,991,3499429,0.99
6117,113,542427,1
6118,100,475416,1
6119,343,1367284,0.96
6120,426,1410171,1
6121,840,2955706,0.95
6122,162,685366,0.99
6123,336,1281421,0.98
6124,100,405025,0.99
6125,1089,3818982,0.95
6126,384,1225852,1
6127,378,1396208,0.96
6128,578,1976262,0.99
6129,299,1156934,1
6130,283,865075,0.85
6131,190,747816,0.95
6132,491,1741068,1
6133,200,837855,1
6134,100,263223,1
6135,235,836326,0.99
6136,327,1185387,0.98
6137,183,683265,0.96
6138,197,804978,0.97
6139,100,411227,1
6140,1346,4240639,0.99
6141,396,1537150,0.99
6142,675,2229562,0.99
6143,642,2198034,0.97
6144,211,815696,0.98
6145,323,1049968,1
6146,643,2013554,1
6147,745,2278628,1
6148,601,1905299,1
6149,560,1895153,0.98
6150,100,341948,1
6151,651,2258398,0.98
6152,177,615092,1
6153,362,1243400,0.99
6154,100,483992,0.97
6155,100,488033,0.99
6156,100,495487,0.98
6157,1349,4469796,0.98
6158,547,1888753,0.96
6159,213,854620,0.99
6160,629,2205320,0.98
6161,100,507418,0.99
6162,447,1624558,0.98
6163,100,410971,1
6164,1374,4227571,0.98
6165,1115,3552821,1
6166,168,748274,0.97
6167,226,875259,1
6168,197,696406,0.99
6169,239,933789,1
6170,180,690202,0.97
6171,151,611025,0.99
6172,229,846989,1
6173,100,376934,1
6174,829,2784585,0.98
6175,1349,4628459,0.97
6176,958,2949229,1
6177,1298,3923984,0.97
6178,147,559438,1
6179,187,725658,0.98
6180,346,1233585,1
6181,133,494844,0.92
6182,708,2445330,1
6183,322,1244045,0.98
6184,712,2470230,0.99
6185,811,2812143,0.99
6186,657,2204918,0.99
6187,203,823189,0.98
6188,350,1176159,0.98
6189,311,1069482,1
6190,100,375554,1
6191,354,1210458,0.99
6192,330,1206912,0.99
6193,235,917140,0.97
6194,200,761113,1
6195,492,1593646,0.99
6196,602,1987229,1
6197,294,1147770,1
6198,296,1134531,0.99
6199,576,1634769,0.98
6200,286,1041839,0.99
6201,100,427417,1
6202,537,1900637,0.98
6203,838,2760749,0.99
6204,189,743179,1
6205,112,535656,0.96
6206,859,2942335,0.99
6207,665,2210804,0.97
6208,100,430270,0.97
6209,100,440501,0.99
6210,356,1213032,1
6211,870,2136037,0.99
6212,100,432380,0.99
6213,433,1582076,0.97
6214,100,446049,0.99
6215,399,1467904,1
6216,435,1476049,0.99
6217,117,484520,1
6218,100,412577,1
6219,128,553362,0.99
6220,517,1697763,1
6221,584,1946970,1
6222,1298,4064215,0.99
6223,1303,4258812,0.94
6224,100,412545,1
6225,332,1237244,0.99
6226,809,2716441,0.98
6227,423,1568692,0.96
6228,141,636965,0.98
6229,133,542796,0.99
6230,311,1121236,1
6231,725,2342797,0.99
6232,331,1208278,0.98
6233,257,940771,0.99
6234,118,481466,1
6235,1112,3532841,0.94
6236,166,681569,0.97
6237,200,808803,0.98
6238,493,1521983,0.99
6239,355,1241526,0.99
6240,455,1423403,1
6241,1598,5407391,0.97
6242,100,415998,0.99
6243,371,1413009,0.99
6244,121,587220,0.95
6245,850,2941057,0.95
6246,164,681646,0.96
6247,116,519840,0.98
6248,865,2765598,1
6249,192,789367,0.99
6250,981,3394952,1
6251,320,1071455,0.99
6252,721,2257623,0.99
6253,320,1106984,0.99
6254,646,2100935,1
6255,235,912248,1
6256,200,822727,0.97
6257,318,1112361,0.99
6258,334,1219165,0.96
6259,245,911069,0.99
6260,183,784315,0.96
6261,135,627056,0.98
6262,947,3241338,0.91
6263,713,1495973,0.95
6264,455,1563758,1
6265,939,2831297,1
6266,246,894198,1
6267,321,1089657,1
6268,1285,4172320,0.95
6269,331,1254834,1
6270,175,637818,0.98
6271,323,1167546,0.99
6272,182,550065,0.97
6273,336,1128801,0.96
6274,357,1220877,0.99
6275,1245,4008696,1
6276,658,2117366,0.97
6277,319,1203179,0.97
6278,100,399829,1
6279,1205,3816533,0.98
6280,287,998149,0.94
6281,100,455517,1
6282,337,988713,1
6283,460,1565964,0.97
6284,350,1248473,0.95
6285,381,1182505,1
6286,196,742211,0.98
6287,166,703036,0.98
6288,339,1195685,0.95
6289,1306,4244541,0.99
6290,451,1573829,1
6291,224,865970,1
6292,193,771488,0.97
6293,170,736341,1
6294,100,441356,1
6295,587,1861524,0.99
6296,534,1794955,0.98
6297,258,911940,0.99
6298,601,1963728,0.99
6299,157,627073,1
6300,431,1359820,1
6301,183,671640,1
6302,829,2575129,0.99
6303,100,407435,0.99
6304,396,1452263,0.96
6305,965,3140990,0.98
6306,1540,4495321,1
6307,212,744875,0.98
6308,243,855187,1
6309,220,764345,0.98
6310,334,1079673,0.96
6311,1348,4361325,0.96
6312,304,1080765,1
6313,427,1466126,1
6314,143,579927,0.97
6315,1727,5279787,1
6316,229,902975,1
6317,132,512121,0.98
6318,255,964986,0.98
6319,1130,3683185,0.99
6320,641,2191244,0.98
6321,819,2726566,0.99
6322,325,1027912,1
6323,838,2753364,1
6324,286,1033347,1
6325,172,681755,0.98
6326,1293,3759023,0.99
6327,397,1422358,1
6328,100,477473,1
6329,225,764459,0.99
6330,495,1696913,0.96
6331,1260,4166758,1
6332,1349,4405162,0.97
6333,880,2901988,1
6334,376,1290202,0.98
6335,291,965639,0.99
6336,136,558842,0.98
6337,337,1103632,0.95
6338,205,830430,1
6339,1198,3820505,0.99
6340,331,1151309,1
6341,126,506414,1
6342,100,464268,1
6343,562,1873865,0.99
6344,169,690293,1
6345,1431,4371437,1
6346,270,980598,0.99
6347,255,912581,0.98
6348,771,2413312,0.97
6349,469,1561939,1
6350,763,1875118,1
6351,224,738738,1
6352,280,1015031,0.99
6353,804,2529432,0.99
6354,127,579454,0.99
6355,976,3096689,0.99
6356,100,470369,0.99
6357,594,1863024,0.99
6358,1206,3743340,0.97
6359,106,492916,1
6360,246,807848,0.99
6361,143,575631,1
6362,339,1237762,1
6363,1462,4333081,0.99
6364,333,1206116,0.98
6365,939,3105362,0.96
6366,100,425159,1
6367,206,762707,1
6368,258,877127,0.98
6369,194,722184,0.99
6370,344,1191876,1
6371,1349,4291448,0.99
6372,132,615403,0.96
6373,319,1053352,0.99
6374,280,930196,0.99
6375,389,1419769,0.98
6376,486,1462553,0.98
6377,100,429577,0.98
6378,829,2689133,0.99
6379,133,539080,0.99
6380,199,776743,1
6381,795,2318494,0.99
6382,630,2018088,0.96
6383,974,3136533,0.97
6384,554,1611923,1
6385,631,2033062,0.97
6386,200,764648,1
6387,1598,5363877,0.98
6388,100,462511,0.99
6389,182,699444,0.99
6390,100,355492,1
6391,262,1002128,0.99
6392,124,530745,0.94
6393,179,735761,0.98
6394,100,445234,1
6395,375,1257213,0.99
6396,610,1881268,1
6397,148,586478,1
6398,1071,3301025,0.98
6399,1546,4839511,0.99
6400,929,2682037,0.98
6401,100,333182,1
6402,547,1772231,0.99
6403,183,718745,1
6404,189,748197,0.99
6405,369,1374171,0.99
6406,911,2850950,0.99
6407,328,1182688,1
6408,1331,4158546,0.87
6409,386,1300514,0.97
6410,129,509939,1
6411,449,1514849,1
6412,324,1192663,0.99
6413,228,864133,1
6414,287,1028564,0.98
6415,241,833161,0.98
6416,438,1580183,1
6417,146,622823,1
6418,296,952241,1
6419,100,308280,1
6420,260,980564,1
6421,287,1080464,0.99
6422,140,562435,0.97
6423,345,1213572,1
6424,157,658512,1
6425,1133,3123356,1
6426,836,2634875,1
6427,320,1068034,1
6428,286,1090138,0.98
6429,681,2005938,0.97
6430,1009,3041774,0.99
6431,573,1816146,0.98
6432,179,658024,1
6433,213,796119,1
6434,178,746499,0.97
6435,1417,3982528,0.99
6436,418,1208558,0.99
6437,115,516795,0.99
6438,609,1947535,1
6439,1454,4589671,0.99
6440,385,1287338,0.99
6441,383,1305350,0.97
6442,1236,4000511,0.98
6443,426,1499393,0.99
6444,107,518683,0.97
6445,1456,4623637,0.98
6446,647,2122070,0.99
6447,100,331884,1
6448,270,928127,1
6449,348,1106015,1
6450,121,552446,0.99
6451,200,732203,1
6452,200,768901,0.99
6453,299,1101740,1
6454,600,1809879,0.98
6455,336,1143571,0.98
6456,100,447745,0.97
6457,230,798928,0.99
6458,165,662967,0.99
6459,100,463528,0.99
6460,100,326540,1
6461,627,2098256,0.97
6462,215,781693,0.99
6463,233,867633,0.95
6464,318,1083079,0.99
6465,547,1702408,0.98
6466,108,462853,1
6467,240,858744,0.99
6468,346,1205469,0.99
6469,815,2816689,0.93
6470,128,508980,1
6471,100,411089,1
6472,531,1675239,0.99
6473,100,405301,0.95
6474,875,2913005,0.98
6475,312,1094371,1
6476,1213,3744292,1
6477,137,567968,0.98
6478,986,3109833,0.99
6479,589,1973163,0.99
6480,201,768756,0.97
6481,290,1013685,1
6482,1071,3288642,1
6483,100,366162,1
6484,383,1187132,1
6485,640,2113787,1
6486,829,2777723,0.98
6487,829,2299719,1
6488,316,1080177,1
6489,577,1700907,1
6490,426,1486617,1
6491,364,1169828,0.99
6492,462,1415804,0.98
6493,251,944854,0.97
6494,584,1894375,0.99
6495,198,794742,1
6496,574,1836447,0.99
6497,1104,3527569,1
6498,557,1749120,1
6499,1483,4721430,0.98
6500,425,1193941,1
6501,1141,3406339,1
6502,107,493789,0.99
6503,140,591029,1
6504,747,2353535,1
6505,183,698204,0.95
6506,344,1234255,0.98
6507,100,474609,0.99
6508,714,2276625,0.97
6509,203,733708,1
6510,200,685396,1
6511,218,756039,1
6512,183,621391,1
6513,1419,4292510,0.99
6514,195,664700,1
6515,163,623036,0.99
6516,901,2732758,1
6517,449,1409976,0.99
6518,768,2168878,1
6519,576,1966570,0.99
6520,197,742276,0.99
6521,577,1759797,1
6522,1556,4567562,1
6523,151,642489,0.98
6524,330,926501,1
6525,367,1339096,0.99
6526,100,249706,1
6527,1695,5064022,0.92
6528,674,1797546,1
6529,829,2825903,0.95
6530,1413,4559502,0.91
6531,833,2738500,0.96
6532,250,904442,1
6533,247,784807,1
6534,503,1466358,0.99
6535,823,2779654,0.99
6536,662,1973109,1
6537,343,1226775,0.98
6538,1151,3573997,0.97
6539,528,1677105,0.99
6540,217,747301,0.98
6541,100,427210,1
6542,286,955637,1
6543,659,2084334,1
6544,946,3125318,1
6545,149,616613,1
6546,341,1220372,0.99
6547,1599,4944673,0.99
6548,270,914825,0.99
6549,1548,4965769,0.94
6550,100,488271,0.97
6551,382,1306745,0.99
6552,277,929451,0.99
6553,100,454031,0.99
6554,152,606755,1
6555,666,2029810,0.99
6556,100,423926,1
6557,1602,4877716,1
6558,151,614306,0.97
6559,183,705153,0.99
6560,398,1309023,1
6561,183,710376,1
6562,366,1218576,0.97
6563,349,1277034,0.99
6564,509,1677456,0.99
6565,733,2379194,0.96
6566,229,870942,0.98
6567,502,1643934,0.99
6568,441,1271272,0.99
6569,100,442796,0.99
6570,311,832627,1
6571,183,718922,0.99
6572,1129,3215795,1
6573,332,1076240,1
6574,537,1863429,0.99
6575,576,1828192,0.99
6576,826,2792787,0.93
6577,444,1617846,0.96
6578,136,582348,1
6579,671,2108193,0.99
6580,646,1977581,0.99
6581,247,973995,0.99
6582,1041,3239035,1
6583,327,1141034,0.99
6584,364,1316352,0.95
6585,795,2241723,1
6586,375,1385681,0.98
6587,657,1879210,1
6588,637,1827282,1
6589,499,1582290,0.98
6590,200,757777,0.99
6591,134,539101,1
6592,297,1090278,0.99
6593,150,630659,0.98
6594,1254,2921523,0.98
6595,298,1100143,0.99
6596,1084,3461280,0.99
6597,100,412550,0.99
6598,410,1289559,0.98
6599,557,1702268,1
6600,316,1182451,0.99
6601,100,425238,1
6602,540,1435826,1
6603,482,1442108,0.99
6604,500,1468111,0.99
6605,200,763718,0.97
6606,338,1164991,0.95
6607,878,2801105,0.97
6608,1342,4030991,0.98
6609,686,1922518,1
6610,370,1264732,0.98
6611,666,2086470,1
6612,495,1622648,0.98
6613,335,975878,0.98
6614,100,400551,0.99
6615,719,2340319,0.99
6616,711,2190487,0.99
6617,108,500093,0.99
6618,1303,3738240,1
6619,370,1294804,0.96
6620,355,1134887,0.98
6621,250,851383,1
6622,283,931562,1
6623,582,1775362,1
6624,167,662845,1
6625,100,405946,1
6626,127,555356,1
6627,284,998850,0.99
6628,172,646145,0.99
6629,386,1300744,0.99
6630,129,503349,1
6631,978,3008650,1
6632,603,1718785,1
6633,1431,4432941,0.94
6634,100,442710,0.97
6635,180,724952,1
6636,325,1031831,0.99
6637,342,1117477,0.99
6638,100,471139,0.99
6639,392,1273393,1
6640,368,1318643,0.98
6641,291,913494,0.98
6642,776,2299194,0.98
6643,183,667650,0.99
6644,100,324751,1
6645,712,2133996,1
6646,637,1836099,1
6647,705,2151336,1
6648,576,1614969,0.99
6649,919,2920911,1
6650,738,2322927,0.98
6651,332,1205114,1
6652,945,2930109,0.94
6653,233,863277,1
6654,285,1025812,0.99
6655,574,1833636,0.99
6656,200,746118,1
6657,376,1099718,1
6658,189,764576,0.99
6659,653,2014742,1
6660,406,1324036,0.96
6661,1130,3476413,0.98
6662,156,657181,0.99
6663,278,970897,0.99
6664,248,847107,1
6665,645,1968314,0.99
6666,583,1768432,0.99
6667,585,1524578,1
6668,100,459016,1
6669,680,2090945,1
6670,975,2962970,0.99
6671,1585,4949583,1
6672,100,453749,0.99
6673,120,496991,0.99
6674,985,3042616,1
6675,1109,3519791,0.98
6676,230,885933,1
6677,230,834164,1
6678,320,1085848,0.98
6679,120,515698,1
6680,315,1098814,0.98
6681,829,2593003,0.98
6682,1050,3239299,0.97
6683,248,915306,1
6684,208,747717,0.98
6685,100,292124,1
6686,100,371199,1
6687,352,1194819,0.98
6688,350,1070835,0.99
6689,100,422097,0.99
6690,100,420826,0.99
6691,255,872262,0.99
6692,311,1134579,1
6693,833,2849022,0.9
6694,293,976429,1
6695,327,1232088,0.95
6696,946,3084389,0.98
6697,564,1874460,1
6698,161,623952,1
6699,287,1018690,0.96
6700,100,407837,0.98
6701,477,1615859,1
6702,454,1368132,0.99
6703,385,1332876,0.99
6704,1079,3396766,0.99
6705,132,593368,1
6706,631,1979075,0.99
6707,170,646480,1
6708,398,1387583,1
6709,270,925826,0.99
6710,100,455385,0.99
6711,1037,3324571,0.98
6712,100,261094,0.97
6713,1313,4148109,0.98
6714,703,2224135,1
6715,128,567902,1
6716,100,446319,0.98
6717,671,2002654,1
6718,1237,3946721,0.96
6719,573,1753146,1
6720,373,1286027,0.99
6721,240,883870,1
6722,455,1526813,1
6723,650,2162540,1
6724,347,1031832,0.99
6725,307,1065338,0.99
6726,1506,4201261,1
6727,133,584528,0.97
6728,200,792204,1
6729,325,1186352,0.99
6730,175,685697,0.99
6731,1624,4256502,0.99
6732,667,2168174,1
6733,624,1931391,0.97
6734,215,719594,1
6735,100,410869,0.98
6736,180,715872,0.99
6737,949,3098169,0.94
6738,163,672228,1
6739,296,1029073,0.96
6740,100,336012,1
6741,102,504238,0.96
6742,230,850566,0.96
6743,319,1123440,1
6744,119,514040,0.97
6745,645,1929361,1
6746,581,1825574,0.98
6747,650,2189039,0.95
6748,652,1970965,1
6749,175,653218,0.97
6750,100,398375,1
6751,275,1026283,0.93
6752,829,2757843,0.99
6753,118,567695,1
6754,279,877108,0.99
6755,193,722459,0.99
6756,872,2802197,0.88
6757,233,815493,1
6758,241,818856,1
6759,356,1277933,0.99
6760,160,642372,1
6761,200,767067,0.99
6762,338,1180047,0.99
6763,1256,4033749,1
6764,348,1244033,0.95
6765,334,1175088,0.99
6766,251,887167,0.99
6767,396,1289985,0.99
6768,948,2737308,1
6769,182,740992,0.98
6770,100,410116,1
6771,377,1164404,0.99
6772,290,1061411,0.99
6773,1326,4190334,0.98
6774,388,1212124,0.99
6775,116,473586,1
6776,667,1990876,0.99
6777,1351,4126387,0.99
6778,361,1127674,1
6779,196,691353,0.96
6780,215,787324,1
6781,965,2464212,1
6782,1176,3436015,0.99
6783,202,738783,0.99
6784,1009,2910210,0.98
6785,131,584927,0.98
6786,829,2464937,1
6787,250,914585,0.98
6788,125,580904,0.99
6789,130,552953,0.99
6790,200,769399,0.98
6791,375,1211902,0.98
6792,1117,3200079,1
6793,225,827649,0.96
6794,100,404626,0.99
6795,827,2835517,0.95
6796,874,2478218,0.97
6797,372,1278339,0.98
6798,1033,3040373,0.98
6799,100,469179,1
6800,668,1975241,0.99
6801,234,827519,1
6802,545,1889503,0.98
6803,834,2803421,0.92
6804,116,484181,0.96
6805,1354,4476689,0.93
6806,210,796516,0.99
6807,183,721119,0.99
6808,611,1776710,0.99
6809,100,298196,1
6810,749,1811193,1
6811,699,2223843,0.96
6812,158,588399,0.99
6813,829,2736880,0.9
6814,561,1895698,0.99
6815,100,425146,1
6816,315,1128106,0.98
6817,108,460775,1
6818,100,404574,1
6819,1238,3834255,0.99
6820,130,570302,1
6821,233,918944,0.99
6822,302,1034543,1
6823,368,1295521,1
6824,597,1820093,0.97
6825,250,875536,1
6826,173,620837,1
6827,100,482037,1
6828,1162,3025608,1
6829,216,814930,1
6830,380,1279050,1
6831,534,1661767,0.98
6832,262,943895,1
6833,556,1750434,0.99
6834,117,540319,0.98
6835,923,2949900,0.99
6836,1367,4524113,0.86
6837,557,1586902,0.99
6838,248,874534,0.99
6839,361,1271102,0.98
6840,831,2549126,1
6841,669,2140647,0.99
6842,277,957461,0.99
6843,591,1876077,1
6844,363,1254907,0.97
6845,328,1142642,0.97
6846,227,822732,0.98
6847,370,1244811,0.99
6848,237,791667,0.99
6849,489,1433858,1
6850,100,341405,1
6851,307,1051451,0.97
6852,1093,3262428,1
6853,274,898235,1
6854,100,474227,0.98
6855,135,538025,0.99
6856,481,1458831,0.98
6857,216,743597,1
6858,266,772849,0.99
6859,118,518517,1
6860,398,1286913,0.98
6861,615,2123481,1
6862,336,1170730,0.99
6863,238,902344,0.99
6864,183,648551,1
6865,1349,4359394,0.96
6866,413,1237691,0.99
6867,829,2604528,0.99
6868,216,833555,0.98
6869,183,599031,1
6870,422,1362021,0.99
6871,1304,3852376,0.94
6872,563,1635397,1
6873,202,795121,0.99
6874,1614,5052344,0.99
6875,556,1714230,1
6876,1538,4820960,0.93
6877,311,926949,1
6878,203,785335,1
6879,250,823423,0.99
6880,913,2854016,0.98
6881,490,1453344,1
6882,100,416743,1
6883,122,548431,1
6884,1389,4093477,0.99
6885,388,1379686,0.96
6886,528,1684283,0.98
6887,183,689800,1
6888,340,1230288,0.98
6889,200,722688,1
6890,119,474241,1
6891,1268,3931589,0.97
6892,394,1329734,0.98
6893,217,736203,1
6894,100,564106,0.99
6895,100,461332,1
6896,336,1426555,0.98
6897,378,1739944,1
6898,244,1091086,0.99
6899,184,840517,0.99
6900,414,1625773,1
6901,410,1731830,1
6902,200,1045567,1
6903,379,1929868,0.95
6904,100,502620,1
6905,183,902376,0.99
6906,676,2765063,1
6907,184,889544,0.99
6908,100,520364,1
6909,482,1959784,1
6910,271,1050684,1
6911,225,1122020,1
6912,530,2264929,0.98
6913,133,647250,0.96
6914,269,1104572,1
6915,183,821550,0.98
6916,367,1814157,0.96
6917,351,1699481,0.96
6918,279,1371422,0.99
6919,811,3057499,1
6920,199,841650,1
6921,183,882448,1
6922,269,1059797,0.99
6923,362,1635948,0.98
6924,525,2001226,1
6925,183,957661,1
6926,1598,6439055,0.98
6927,174,808184,0.99
6928,259,1173448,0.99
6929,215,989962,0.99
6930,379,1634194,0.96
6931,651,2693949,0.98
6932,122,654409,0.98
6933,106,530102,1
6934,605,2561220,0.99
6935,637,2554572,0.92
6936,100,533843,0.97
6937,579,2290767,0.96
6938,647,2430652,0.99
6939,1267,5335906,0.97
6940,207,952901,1
6941,298,1357780,0.99
6942,336,1708413,0.99
6943,708,2894806,0.96
6944,506,2070654,0.96
6945,322,1331515,1
6946,379,1497996,0.99
6947,665,2368886,0.98
6948,777,2758548,0.97
6949,493,1907826,1
6950,338,1438804,1
6951,132,635431,0.98
6952,747,2923141,0.99
6953,347,1533490,0.98
6954,100,485077,0.99
6955,648,2523859,0.99
6956,947,3707676,0.97
6957,892,3565062,0.97
6958,100,382455,1
6959,133,645926,0.98
6960,1107,4686499,0.93
6961,1418,4733883,0.99
6962,1365,5472199,0.92
6963,262,1097465,0.99
6964,610,2048909,1
6965,359,1196911,1
6966,368,1545453,0.98
6967,174,852591,0.99
6968,596,2187984,1
6969,1205,4067425,0.99
6970,474,1925016,0.99
6971,100,526173,1
6972,287,1107121,0.98
6973,1333,5130260,0.99
6974,284,1188841,1
6975,233,1066111,0.98
6976,283,1280195,0.96
6977,872,3592260,0.95
6978,179,870271,0.98
6979,1596,6160517,0.95
6980,1535,5673864,1
6981,290,1177333,0.97
6982,170,777519,1
6983,1240,4028537,0.99
6984,1190,4395748,0.97
6985,493,2006280,0.99
6986,529,1901154,0.99
6987,693,2573202,0.96
6988,675,2428086,1
6989,1407,4991824,0.99
6990,166,721773,0.99
6991,100,510321,1
6992,100,494298,0.98
6993,391,1516447,0.99
6994,385,1413674,0.98
6995,1756,5498384,0.99
6996,1377,5263613,0.83
6997,242,885976,1
6998,354,1355458,0.99
6999,177,778019,1
7000,860,3175132,0.96
7001,149,688159,0.99
7002,1443,5296549,0.92
7003,490,1792835,1
7004,948,3574732,0.98
7005,200,830701,0.99
7006,586,2187290,0.97
7007,1253,4609851,0.93
7008,233,994756,0.93
7009,359,1503994,0.97
7010,491,1741363,0.97
7011,100,507980,0.99
7012,104,445263,0.98
7013,655,2185133,1
7014,681,2538748,0.97
7015,202,874075,0.99
7016,426,1785144,0.92
7017,511,2086901,0.98
7018,268,963143,0.96
7019,589,1976804,1
7020,200,801508,0.99
7021,161,700329,0.98
7022,691,2501233,0.99
7023,585,2250970,0.95
7024,348,1355965,1
7025,125,596772,0.99
7026,1251,4511867,0.99
7027,205,897064,0.97
7028,100,481608,1
7029,855,3240893,0.96
7030,216,886296,0.98
7031,328,1320126,0.98
7032,137,563291,0.99
7033,253,1003750,0.98
7034,268,985742,0.98
7035,665,2616086,0.93
7036,1287,4637880,1
7037,286,1068053,0.95
7038,376,1291340,1
7039,246,997715,0.98
7040,1158,3870642,0.98
7041,139,637658,0.98
7042,1548,5565039,0.95
7043,1010,3664800,0.99
7044,1094,3624287,1
7045,692,2462847,0.99
7046,145,622229,1
7047,347,1304584,1
7048,858,3149852,0.97
7049,222,851195,1
7050,100,394917,1
7051,122,543610,0.98
7052,219,813080,0.96
7053,891,3206580,0.97
7054,111,511988,1
7055,1681,5878911,0.97
7056,689,2520615,0.99
7057,317,1225938,0.98
7058,100,449494,1
7059,100,481222,0.97
7060,832,2914390,0.97
7061,143,617496,1
7062,207,817370,0.97
7063,200,825617,1
7064,845,3054151,0.94
7065,1199,4010220,0.99
7066,815,2861776,0.97
7067,193,864540,1
7068,721,2450343,1
7069,829,3034979,1
7070,668,2212983,1
7071,334,1371456,0.98
7072,124,561523,1
7073,123,518260,0.99
7074,214,962038,0.96
7075,226,870854,1
7076,530,1826334,0.96
7077,142,600964,0.99
7078,124,576701,1
7079,142,651092,0.99
7080,696,2291487,0.99
7081,328,1221291,1
7082,151,588710,0.99
7083,602,2148100,0.98
7084,173,726095,0.99
7085,197,803922,0.99
7086,1004,3463330,1
7087,100,449241,0.96
7088,699,2467394,0.98
7089,113,479836,0.94
7090,270,1125533,1
7091,100,280879,1
7092,100,229911,1
7093,327,1190879,0.99
7094,100,406429,1
7095,610,2105922,0.98
7096,460,1299580,0.95
7097,683,2443351,0.98
7098,183,819572,0.89
7099,423,1479945,1
7100,280,1099758,0.96
7101,872,3058933,1
7102,319,1188665,1
7103,100,476516,1
7104,1148,3632039,1
7105,848,2811674,1
7106,414,1477819,0.94
7107,1415,4797830,0.99
7108,186,752236,1
7109,614,2073244,0.97
7110,159,607089,1
7111,148,655458,1
7112,1438,4917841,0.98
7113,305,1186450,0.96
7114,100,434457,0.98
7115,1282,3710206,0.89
7116,585,2127425,0.97
7117,200,792951,0.98
7118,100,424427,0.99
7119,214,747724,0.99
7120,510,1757644,1
7121,542,1953726,0.97
7122,880,2771580,0.99
7123,1085,3363058,0.99
7124,1598,5342890,0.98
7125,100,420251,1
7126,273,1031296,0.99
7127,135,610534,0.96
7128,200,816935,0.99
7129,569,2098695,0.98
7130,538,1683116,0.96
7131,908,2973889,1
7132,505,1641155,1
7133,275,872205,0.98
7134,240,804346,0.99
7135,666,2227731,0.99
7136,1260,4400936,0.95
7137,581,1958433,1
7138,199,803267,0.97
7139,388,1405579,0.98
7140,100,440628,1
7141,641,1924602,1
7142,255,924195,0.98
7143,655,2269306,0.99
7144,333,1256595,0.99
7145,1203,3860195,0.97
7146,316,1078061,1
7147,349,1127240,0.99
7148,123,544753,1
7149,233,906923,0.99
7150,336,1210678,0.99
7151,100,426661,1
7152,371,1378871,0.99
7153,174,686391,1
7154,106,466169,0.98
7155,1254,4037111,0.98
7156,275,989257,0.99
7157,540,1687849,0.99
7158,161,663204,1
7159,560,1896472,1
7160,171,754218,0.98
7161,193,734413,1
7162,674,2251514,0.99
7163,204,820052,0.98
7164,849,2809147,0.99
7165,142,651051,0.98
7166,162,674145,0.99
7167,331,1178649,0.99
7168,100,475824,0.98
7169,100,487757,0.99
7170,317,1143278,1
7171,100,395676,0.99
7172,232,898647,0.99
7173,281,932182,1
7174,264,935264,0.99
7175,330,1177982,1
7176,630,2144886,0.99
7177,883,2604640,1
7178,100,416288,0.98
7179,233,894154,1
7180,269,927242,1
7181,183,685313,0.99
7182,542,1754797,1
7183,263,945937,1
7184,1822,6012044,0.99
7185,128,578556,1
7186,295,1067286,0.98
7187,829,2576998,1
7188,173,707786,0.99
7189,144,536633,1
7190,266,937913,1
7191,1269,3900453,1
7192,100,427152,0.99
7193,1245,4103377,0.98
7194,244,796143,0.98
7195,393,1299597,0.99
7196,100,414539,1
7197,299,1146893,0.99
7198,1591,5331502,0.95
7199,573,1877103,0.98
7200,472,1546696,0.99
7201,200,720314,0.99
7202,233,844868,1
7203,222,840950,0.99
7204,637,2032505,0.96
7205,324,1236182,1
7206,138,586057,0.99
7207,100,455787,1
7208,1120,3717968,1
7209,100,522888,0.91
7210,1480,4537258,0.99
7211,200,720808,0.99
7212,100,428088,1
7213,218,911325,0.94
7214,150,674305,0.96
7215,320,1053012,1
7216,881,2776231,0.91
7217,307,1117754,0.98
7218,383,1338425,1
7219,318,1222520,0.98
7220,271,939968,1
7221,1711,5561672,0.97
7222,106,543232,0.99
7223,490,1628277,0.97
7224,1349,4239981,0.97
7225,100,135650,0.98
7226,100,380720,1
7227,352,1277647,0.98
7228,456,1533588,1
7229,648,2160584,1
7230,343,1033298,1
7231,136,605501,1
7232,100,297586,1
7233,465,1511694,0.99
7234,599,1733927,1
7235,993,3188725,0.98
7236,305,1070007,0.98
7237,446,1299985,0.99
7238,415,1324425,0.98
7239,382,1338460,0.99
7240,1455,4721834,0.97
7241,162,645608,0.98
7242,185,724478,1
7243,522,1623886,1
7244,100,424829,1
7245,172,687686,0.99
7246,100,421490,0.99
7247,844,2781593,0.97
7248,318,1098433,1
7249,497,1609982,0.98
7250,120,549647,1
7251,130,596688,0.96
7252,910,2907913,0.98
7253,346,1326975,0.98
7254,334,1174600,1
7255,371,1295861,0.99
7256,249,965895,0.99
7257,592,2014454,1
7258,549,1918698,0.99
7259,829,2778836,0.94
7260,146,583469,0.98
7261,586,2053504,0.95
7262,1088,3234572,1
7263,898,2684643,1
7264,337,1126778,0.98
7265,399,1381589,0.99
7266,166,669996,0.99
7267,232,880457,0.98
7268,971,3125934,0.97
7269,689,2117329,0.98
7270,838,2579057,0.99
7271,100,491056,0.97
7272,289,1015191,1
7273,842,2634607,0.99
7274,179,707754,0.97
7275,385,1268274,1
7276,383,1340787,1
7277,183,725700,0.98
7278,1545,4775809,0.99
7279,100,472260,0.99
7280,374,1341282,1
7281,394,1355001,0.99
7282,193,741866,0.97
7283,100,437111,0.99
7284,233,854142,0.97
7285,683,2352568,0.98
7286,1073,2923750,0.99
7287,100,415197,1
7288,100,375959,1
7289,346,1082856,0.98
7290,638,1945311,1
7291,100,431135,0.96
7292,569,1761140,1
7293,327,1206342,0.98
7294,218,799230,0.99
7295,100,419524,0.99
7296,382,1284953,1
7297,107,467339,0.99
7298,1048,3474677,0.95
7299,172,704107,0.97
7300,680,2218647,1
7301,100,512749,0.96
7302,100,234458,0.97
7303,271,963633,0.99
7304,397,1367183,0.99
7305,694,2085162,0.98
7306,184,729366,0.96
7307,222,765410,0.98
7308,573,1863669,1
7309,358,1266545,1
7310,836,2746435,1
7311,373,1250523,0.99
7312,665,2001060,1
7313,580,1795136,0.99
7314,356,1221852,0.98
7315,200,665363,1
7316,1067,3325309,0.98
7317,250,864163,0.95
7318,200,748269,0.99
7319,308,1070530,1
7320,335,1094375,0.99
7321,317,1103383,0.98
7322,100,468240,0.99
7323,100,458787,0.98
7324,311,1055081,1
7325,100,298736,1
7326,191,733196,1
7327,133,585903,1
7328,1051,3250692,1
7329,442,1614396,0.95
7330,186,689737,0.99
7331,100,415001,1
7332,100,403123,1
7333,178,756424,1
7334,645,2278735,0.96
7335,180,646166,1
7336,825,2702179,0.99
7337,100,449329,0.96
7338,572,1927714,1
7339,117,511573,0.98
7340,441,1518384,0.97
7341,165,694770,0.99
7342,1239,3780062,1
7343,639,2120568,0.98
7344,138,583055,0.99
7345,650,1925969,1
7346,126,583129,0.99
7347,179,751703,0.98
7348,657,2195860,0.97
7349,100,421204,1
7350,803,2438150,1
7351,100,353755,1
7352,100,316643,1
7353,392,1312604,0.98
7354,124,583168,0.97
7355,166,610038,0.98
7356,342,1140547,1
7357,226,837461,1
7358,946,3006028,0.96
7359,337,1039626,1
7360,353,1159706,0.99
7361,200,762356,1
7362,378,1264114,0.99
7363,396,1405599,0.98
7364,206,742858,1
7365,100,430735,1
7366,361,1234667,1
7367,443,1495416,0.98
7368,200,758056,0.99
7369,849,2672467,0.98
7370,200,779183,1
7371,200,720522,0.98
7372,214,811122,1
7373,269,1036292,0.94
7374,348,1294129,0.99
7375,183,647165,0.99
7376,124,508634,1
7377,125,488059,0.99
7378,148,569554,1
7379,297,1093552,0.95
7380,239,825739,0.98
7381,183,692199,0.99
7382,443,1527436,0.97
7383,100,346559,1
7384,369,1347493,0.95
7385,663,2022293,1
7386,340,1264792,0.97
7387,562,1811818,0.99
7388,467,1348773,0.97
7389,109,480523,0.93
7390,153,599676,0.99
7391,947,3055050,0.99
7392,271,1003606,1
7393,100,210503,0.96
7394,555,1876207,1
7395,385,1189031,1
7396,130,522990,1
7397,373,1034996,0.98
7398,390,1268329,0.99
7399,483,1564702,0.98
7400,100,476498,0.98
7401,274,941401,0.99
7402,283,1082134,0.99
7403,248,919571,0.91
7404,1351,3929477,1
7405,132,593304,0.96
7406,183,653809,0.96
7407,1372,4589784,0.88
7408,100,464259,0.98
7409,432,1365186,0.98
7410,201,771773,0.98
7411,327,1243506,0.97
7412,100,427415,0.97
7413,214,783740,0.99
7414,296,855481,1
7415,193,717860,0.95
7416,189,702795,1
7417,105,476048,0.99
7418,169,598944,0.98
7419,102,508076,0.99
7420,607,1960240,0.99
7421,1091,3390823,1
7422,127,561498,0.99
7423,200,672134,0.99
7424,500,1523696,0.99
7425,113,516194,0.98
7426,1389,4404431,0.99
7427,175,725462,0.98
7428,662,2165097,1
7429,294,970775,1
7430,218,844923,0.97
7431,297,1034984,0.99
7432,100,462410,1
7433,176,587234,0.99
7434,100,350326,0.99
7435,276,837518,1
7436,112,484191,1
7437,714,2329361,0.98
7438,1377,4468604,0.92
7439,1405,4494429,0.98
7440,396,1327148,1
7441,544,1881678,0.97
7442,1361,4294026,0.99
7443,920,3033780,0.99
7444,390,1352283,1
7445,100,396929,1
7446,325,1084565,0.99
7447,264,971601,0.97
7448,100,438948,1
7449,633,1829098,0.99
7450,200,801230,0.99
7451,267,1007323,0.99
7452,729,2321165,1
7453,235,836976,1
7454,503,1663526,0.9
7455,183,624950,1
7456,136,578757,0.98
7457,332,1158346,0.99
7458,634,2070191,1
7459,647,2091111,0.99
7460,296,997540,0.99
7461,166,629291,1
7462,1521,4727266,0.98
7463,141,613368,0.97
7464,753,2391057,1
7465,1591,5062292,0.91
7466,162,667316,0.99
7467,156,634548,1
7468,403,1341234,1
7469,200,785824,1
7470,100,333896,1
7471,100,429986,1
7472,493,1648367,1
7473,106,493172,0.98
7474,281,1027659,0.99
7475,100,272764,1
7476,342,1197914,1
7477,235,783501,0.94
7478,290,1015193,0.99
7479,624,1898967,1
7480,531,1574927,0.97
7481,100,429961,1
7482,244,832053,1
7483,893,2275922,1
7484,362,1236765,0.99
7485,398,1359271,0.99
7486,264,924919,1
7487,106,449914,1
7488,1479,4818440,0.92
7489,219,733804,0.99
7490,311,1101022,0.99
7491,100,412566,0.99
7492,100,415263,1
7493,1431,4614325,0.98
7494,1610,5154046,0.99
7495,321,1165482,0.97
7496,201,803414,0.99
7497,585,1893451,0.98
7498,100,413954,0.99
7499,257,913086,0.94
7500,358,1219715,0.98
7501,247,857725,1
7502,1129,3401292,0.97
7503,131,516004,0.99
7504,119,516939,0.97
7505,100,440922,0.99
7506,450,1460017,0.98
7507,215,880568,0.93
7508,1328,4062170,0.98
7509,231,793099,0.99
7510,846,2784058,0.99
7511,127,500840,1
7512,230,858192,0.99
7513,361,1265814,0.97
7514,1418,4441168,1
7515,258,925551,0.99
7516,272,1076729,0.98
7517,146,633766,0.97
7518,247,873298,0.99
7519,137,538411,0.98
7520,119,518102,1
7521,270,1000505,0.97
7522,711,2373867,0.84
7523,194,687723,0.99
7524,127,540959,1
7525,231,836213,1
7526,100,372393,1
7527,100,435240,1
7528,183,636258,0.97
7529,545,1584645,1
7530,182,722715,0.94
7531,1128,3576689,0.96
7532,829,2607437,0.95
7533,200,675163,0.99
7534,200,790694,0.99
7535,1130,3731480,0.95
7536,712,2276652,1
7537,100,432522,1
7538,1302,4138342,0.97
7539,341,1075577,1
7540,1483,4400268,0.99
7541,338,1024429,0.99
7542,421,1326169,1
7543,197,671090,0.99
7544,200,725996,0.99
7545,137,565010,0.99
7546,332,1205956,0.99
7547,104,478954,0.98
7548,381,1315675,0.99
7549,1498,4312330,0.99
7550,1150,3655464,0.99
7551,312,1046354,0.98
7552,156,584388,1
7553,594,1722944,0.96
7554,233,887092,0.98
7555,183,671668,1
7556,100,495402,0.98
7557,940,2752552,1
7558,114,483236,0.92
7559,572,1707024,0.99
7560,1083,3076461,1
7561,685,2021881,1
7562,233,899420,0.99
7563,579,1915757,0.99
7564,343,1164706,0.99
7565,167,653595,0.95
7566,381,1246798,0.99
7567,100,483296,0.98
7568,258,939858,0.97
7569,158,591508,1
7570,560,1716056,0.99
7571,390,1445569,0.92
7572,266,984016,1
7573,511,1775444,0.99
7574,665,2093916,0.96
7575,271,926536,1
7576,441,1406645,0.99
7577,178,659908,0.99
7578,190,731290,0.99
7579,166,643532,0.99
7580,832,2839244,0.93
7581,843,2512599,0.99
7582,183,678517,1
7583,205,712081,1
7584,946,3110834,0.94
7585,452,1508283,0.96
7586,1548,4614052,1
7587,446,1188084,0.99
7588,102,462768,0.99
7589,100,428099,0.98
7590,100,399291,1
7591,408,1382531,0.98
7592,682,2303958,0.99
7593,386,1309167,0.96
7594,183,612642,0.99
7595,829,2639435,0.98
7596,855,2540458,1
7597,374,1339710,1
7598,245,858996,1
7599,200,703127,1
7600,358,1189073,0.99
7601,370,1302373,0.99
7602,345,1178792,0.99
7603,938,3095025,0.94
7604,254,866038,1
7605,100,368129,1
7606,1210,3805574,0.99
7607,1038,3172737,0.99
7608,100,419908,1
7609,386,1344425,1
7610,555,1935971,1
7611,1008,3034506,0.98
7612,850,2338505,1
7613,233,845847,0.96
7614,100,438112,1
7615,171,688778,1
7616,611,1904887,1
7617,695,2337028,0.98
7618,538,1770490,0.98
7619,829,2877888,0.9
7620,583,1955181,0.94
7621,670,2151584,1
7622,175,728685,0.97
7623,225,806484,1
7624,676,2158813,1
7625,256,960889,1
7626,813,2302604,1
7627,257,951875,0.98
7628,432,1432348,1
7629,595,1644875,1
7630,117,563801,0.96
7631,1637,4644597,1
7632,682,1918261,0.99
7633,100,308768,1
7634,183,708651,1
7635,183,680142,0.98
7636,1741,5584253,0.97
7637,263,900653,1
7638,486,1641171,0.96
7639,863,2681111,1
7640,100,446856,1
7641,326,1130633,1
7642,100,466980,0.99
7643,880,2748728,1
7644,592,1593577,1
7645,395,1105641,0.99
7646,100,374842,1
7647,100,401651,0.99
7648,100,405382,1
7649,516,1676902,0.99
7650,110,395055,0.96
7651,347,1084263,0.99
7652,348,1273555,0.98
7653,321,1012776,1
7654,621,1804632,1
7655,387,1306270,0.98
7656,439,1563409,0.94
7657,609,1874104,1
7658,947,3170659,0.98
7659,963,2902982,0.99
7660,688,2120410,0.99
7661,124,510163,1
7662,1340,4185122,0.9
7663,1077,3335655,1
7664,340,1119755,0.96
7665,534,1646410,0.98
7666,284,1020184,1
7667,395,1240068,1
7668,100,428807,0.98
7669,829,2631353,0.97
7670,906,2706706,0.99
7671,100,458570,1
7672,335,1216444,0.95
7673,173,690647,0.97
7674,295,1052501,0.99
7675,497,1635360,0.98
7676,347,1202993,0.99
7677,270,1015851,1
7678,133,574860,0.97
7679,375,1357895,0.99
7680,1482,4143872,1
7681,947,3057107,0.95
7682,363,1255372,0.98
7683,114,516943,1
7684,100,424612,0.99
7685,386,1297445,0.99
7686,663,2007825,0.95
7687,100,446417,0.99
7688,611,1938761,0.99
7689,415,1462732,0.97
7690,200,724880,0.97
7691,910,2577307,1
7692,456,1007128,1
7693,252,893348,0.99
7694,100,273091,1
7695,236,844506,1
7696,100,482881,0.99
7697,100,434966,1
7698,297,1031974,0.95
7699,371,1222720,0.96
7700,126,522260,1
7701,1130,3617213,0.99
7702,178,724370,0.95
7703,1129,3418406,0.96
7704,489,1476989,0.98
7705,401,1334182,1
7706,147,579630,1
7707,385,1299800,0.97
7708,279,1039188,0.97
7709,215,755678,1
7710,547,1691702,1
7711,335,1076397,1
7712,131,545890,0.93
7713,371,1229829,0.99
7714,200,763878,1
7715,405,1319965,0.99
7716,100,473868,0.98
7717,333,1095578,0.97
7718,314,1085738,0.94
7719,263,873649,0.99
7720,638,2049573,0.96
7721,390,1268157,0.99
7722,198,749858,0.97
7723,262,990274,0.99
7724,337,1072988,1
7725,810,2579577,1
7726,233,832301,1
7727,217,794705,0.96
7728,146,633761,1
7729,640,2007329,1
7730,183,681075,1
7731,198,724288,1
7732,170,654367,1
7733,224,784263,0.99
7734,225,804085,1
7735,1491,4551417,0.97
7736,229,851215,0.98
7737,766,2494633,0.99
7738,375,1265571,0.98
7739,183,624434,0.99
7740,152,621413,0.99
7741,650,2168875,1
7742,244,830474,1
7743,270,639745,0.96
7744,309,1045049,0.99
7745,626,1732030,1
7746,915,2638027,1
7747,315,1075534,0.99
7748,166,604178,1
7749,218,852846,1
7750,396,1145558,0.99
7751,362,1292358,0.92
7752,252,907636,0.99
7753,259,787779,1
7754,329,1109136,0.99
7755,239,866530,1
7756,675,2109006,0.99
7757,624,1906693,0.99
7758,475,1405017,1
7759,502,1613197,0.99
7760,150,633454,0.98
7761,130,557732,0.99
7762,1084,3188141,1
7763,310,959053,1
7764,126,534721,0.99
7765,205,733927,0.99
7766,100,442406,1
7767,100,254927,1
7768,596,1885254,0.99
7769,463,1544466,0.99
7770,577,1798716,1
7771,815,2576248,0.94
7772,696,2232118,0.99
7773,492,1552910,1
7774,848,2585486,1
7775,227,892596,0.96
7776,361,1220149,1
7777,505,1724640,0.99
7778,333,1167277,0.96
7779,453,1393501,0.97
7780,141,609590,0.97
7781,652,1954183,1
7782,672,2056997,1
7783,705,2045725,0.99
7784,192,742967,1
7785,163,623844,0.98
7786,190,636581,1
7787,100,427532,1
7788,1331,4066444,0.96
7789,200,811502,1
7790,468,1587512,0.97
7791,1249,3769184,0.99
7792,558,1881485,0.99
7793,367,1353373,0.98
7794,108,462868,0.97
7795,1596,4887977,0.93
7796,112,497765,0.99
7797,160,653138,0.99
7798,168,678139,0.99
7799,284,991330,0.98
7800,1516,4553750,1
7801,658,1943154,1
7802,210,764533,0.97
7803,499,1633369,0.99
7804,421,1352200,0.98
7805,636,1879347,1
7806,1429,4367316,0.98
7807,137,592884,0.99
7808,655,2143471,0.97
7809,659,1964417,1
7810,200,764199,0.98
7811,100,330453,1
7812,100,336057,1
7813,479,1421317,1
7814,200,791286,1
7815,100,448780,1
7816,100,455108,0.99
7817,174,712713,0.94
7818,100,259437,1
7819,445,1238719,1
7820,100,418107,0.99
7821,755,2455779,0.99
7822,331,979337,0.99
7823,293,906895,1
7824,609,1849149,0.96
7825,107,496023,1
7826,184,670682,0.98
7827,518,1685498,0.95
7828,121,480114,1
7829,560,1850235,1
7830,502,1566094,0.99
7831,268,857990,1
7832,1125,3545236,0.96
7833,122,518330,0.99
7834,501,1593046,0.98
7835,257,935689,0.98
7836,100,454435,0.97
7837,393,1230439,1
7838,711,2190856,0.97
7839,100,429930,1
7840,693,2262622,0.97
7841,687,2192336,0.98
7842,143,604212,0.99
7843,659,1988149,1
7844,100,425053,0.99
7845,200,757753,1
7846,972,2859595,1
7847,380,1274831,0.96
7848,1414,4126941,0.99
7849,282,884703,1
7850,360,1166671,0.99
7851,149,635404,0.99
7852,200,778029,0.99
7853,100,303638,0.96
7854,860,2589906,0.99
7855,133,540709,1
7856,193,744806,1
7857,1368,4300272,0.94
7858,100,413842,0.98
7859,487,1382747,1
7860,243,853698,1
7861,380,1216065,0.99
7862,1249,4047807,0.97
7863,140,544001,0.99
7864,368,1353610,0.98
7865,173,691570,0.99
7866,182,710625,0.98
7867,166,670628,1
7868,100,450012,0.97
7869,100,454103,1
7870,135,585395,1
7871,184,683161,0.99
7872,260,1008842,0.99
7873,284,937613,0.94
7874,335,1163232,0.99
7875,437,1389719,0.99
7876,100,381127,0.99
7877,100,415696,1
7878,831,2477784,0.97
7879,505,1614449,0.99
7880,436,1430098,0.98
7881,484,1491580,1
7882,1107,3616211,0.98
7883,138,551902,1
7884,238,926516,0.98
7885,256,812117,1
7886,485,1527342,0.98
7887,1375,3532965,1
7888,1435,4296126,0.99
7889,132,544615,0.99
7890,295,1024050,1
7891,334,1166731,1
7892,397,1446980,0.98
7893,198,719004,0.99
7894,1385,4427257,0.98
7895,130,554388,1
7896,555,1589191,0.99
7897,719,1970055,1
7898,559,1784785,1
7899,557,1805880,0.97
7900,519,1686604,1
7901,100,392385,0.99
7902,1240,3786680,0.99
7903,100,416338,0.99
7904,207,767202,1
7905,100,400517,1
7906,667,2139834,1
7907,274,828379,0.97
7908,689,2185267,0.98
7909,100,405244,1
7910,675,2176137,0.98
7911,174,649574,1
7912,239,862518,0.99
7913,245,845922,0.97
7914,1350,4165353,1
7915,692,2037057,0.99
7916,100,471086,1
7917,100,408286,0.99
7918,636,1938553,0.97
7919,789,2127457,0.99
7920,635,2026804,1
7921,100,426545,1
7922,211,842038,0.98
7923,856,2579810,0.97
7924,224,762176,1
7925,720,2225613,0.99
7926,691,2047958,1
7927,241,875864,0.98
7928,499,1472431,0.99
7929,188,706479,1
7930,1300,3716687,0.99
7931,270,857955,0.99
7932,134,570025,0.98
7933,249,842316,0.98
7934,151,629320,0.99
7935,106,454147,1
7936,833,2736142,0.97
7937,333,1039659,0.98
7938,233,850274,1
7939,200,704495,1
7940,317,1113046,1
7941,832,2705547,0.95
7942,1079,3381763,0.98
7943,250,913822,0.99
7944,100,269434,1
7945,323,1197136,0.88
7946,518,1800922,0.97
7947,1385,4398243,0.93
7948,941,3055997,0.93
7949,100,332470,1
7950,200,720288,1
7951,1476,4509218,1
7952,177,634249,1
7953,1596,4765161,0.96
7954,268,929400,0.98
7955,558,1825583,0.96
7956,333,1188816,0.98
7957,257,977987,0.93
7958,100,432065,0.98
7959,244,857875,0.97
7960,392,1408588,0.96
7961,838,6982229,1
7962,259,1261163,0.99
7963,254,1203112,0.93
7964,684,2891553,0.98
7965,452,2020521,1
7966,100,299021,1
7967,1021,3566804,1
7968,100,504202,1
7969,100,571596,0.98
7970,829,3800571,0.94
7971,1500,5720026,1
7972,913,3783150,0.97
7973,377,1921705,0.95
7974,576,2677713,0.98
7975,232,1174636,0.99
7976,100,569747,0.98
7977,268,1292030,0.98
7978,384,1545111,0.96
7979,100,386589,1
7980,691,2931689,1
7981,183,839008,0.98
7982,133,638714,1
7983,393,1819126,1
7984,395,1613273,0.96
7985,363,1599058,1
7986,181,806955,0.99
7987,1626,5577011,0.99
7988,100,338249,1
7989,264,1193115,0.99
7990,401,1939474,0.98
7991,491,2129697,0.99
7992,354,1410556,0.98
7993,671,2900523,0.96
7994,395,1652062,0.99
7995,855,3374296,1
7996,490,1686244,1
7997,351,1584510,1
7998,616,2492808,0.99
7999,529,2224532,0.99
8000,1385,4696101,0.96
8001,257,1169362,0.99
8002,233,1092368,1
8003,404,1595348,0.99
8004,1216,4804873,0.97
8005,124,691090,0.98
8006,100,390574,1
8007,680,2632714,1
8008,418,1844766,0.97
8009,848,3137661,1
8010,480,1963406,0.98
8011,874,3256367,1
8012,239,1100698,0.98
8013,115,608594,1
8014,434,1661744,0.99
8015,1159,3904496,1
8016,832,3177775,0.99
8017,875,3464108,0.99
8018,128,623638,1
8019,454,1606697,0.97
8020,116,607478,0.99
8021,250,1080405,0.99
8022,100,483416,1
8023,579,1940717,1
8024,529,2043523,0.99
8025,263,1033931,0.99
8026,165,756799,0.98
8027,636,2369840,0.99
8028,266,1148368,1
8029,324,1345924,1
8030,308,1241951,1
8031,647,2461193,0.99
8032,178,767763,0.99
8033,649,2621111,0.97
8034,132,603107,1
8035,379,1566732,0.96
8036,126,664967,0.99
8037,100,451231,0.98
8038,433,1639916,0.98
8039,1599,5646363,0.99
8040,448,1791696,0.95
8041,788,3146123,0.99
8042,122,535535,1
8043,184,781848,1
8044,635,2526149,1
8045,610,1932581,0.99
8046,184,905303,0.97
8047,354,1305798,0.98
8048,830,3186297,0.99
8049,1305,4811101,1
8050,278,1218238,1
8051,572,1957183,0.99
8052,196,827003,0.99
8053,100,258826,1
8054,498,1929793,1
8055,579,2110954,0.99
8056,152,688534,1
8057,1012,3912331,0.99
8058,100,486290,0.96
8059,100,456114,1
8060,506,1981150,0.97
8061,238,996100,0.99
8062,1473,5300641,1
8063,691,2512661,1
8064,100,466377,1
8065,102,470969,0.97
8066,500,1742230,0.99
8067,629,2173895,0.99
8068,200,847355,0.99
8069,553,2029142,0.97
8070,200,790322,0.99
8071,172,772265,0.98
8072,147,715112,0.95
8073,178,735736,1
8074,483,1870583,0.98
8075,1193,4510728,1
8076,682,2421089,0.99
8077,281,1123399,0.99
8078,532,1935321,0.99
8079,200,909859,1
8080,717,2676548,1
8081,285,1082779,0.99
8082,306,1080778,1
8083,250,832712,1
8084,113,524984,0.94
8085,100,374499,1
8086,225,796502,0.99
8087,257,1022489,0.98
8088,525,1754308,0.98
8089,941,3212115,1
8090,190,859682,1
8091,222,889733,0.99
8092,318,1281249,0.95
8093,594,2247208,0.99
8094,498,1901733,0.99
8095,511,1925734,0.99
8096,781,2305341,0.99
8097,317,1198423,0.97
8098,230,888031,0.99
8099,200,857350,1
8100,223,842973,0.99
8101,318,1183212,1
8102,177,750705,0.94
8103,173,748448,0.96
8104,393,1627859,0.97
8105,249,959609,1
8106,184,726300,1
8107,1256,3824701,1
8108,375,1556180,0.98
8109,1016,3483202,0.97
8110,1018,3567162,0.98
8111,416,1422523,0.99
8112,166,616247,0.99
8113,100,325811,1
8114,551,2166072,0.99
8115,317,1076295,1
8116,555,1924747,0.94
8117,290,1120915,1
8118,100,338575,1
8119,100,485391,0.98
8120,132,583890,0.99
8121,1440,4540404,0.99
8122,100,425705,0.99
8123,628,2334971,0.98
8124,345,1225113,0.99
8125,191,768188,1
8126,677,2341388,0.99
8127,236,878336,1
8128,217,882054,1
8129,394,1455918,0.98
8130,100,499543,1
8131,100,473984,1
8132,283,1088800,0.98
8133,390,1260476,0.99
8134,1263,4278996,0.96
8135,343,1341048,0.94
8136,145,654911,0.96
8137,875,3048679,1
8138,300,1177741,1
8139,559,2008319,0.97
8140,533,1875772,0.99
8141,1086,3872411,0.96
8142,197,816794,1
8143,113,566231,0.98
8144,382,1386796,1
8145,622,2001953,0.99
8146,258,909538,1
8147,511,1956281,0.98
8148,392,1291991,0.98
8149,848,3069679,0.99
8150,337,1210817,1
8151,1262,4004046,0.98
8152,628,2349309,0.94
8153,267,1037828,0.99
8154,439,1718769,0.94
8155,161,686148,0.96
8156,374,1455652,0.99
8157,1047,3505853,0.97
8158,340,1211497,1
8159,149,641648,1
8160,505,1709959,0.99
8161,635,2054287,1
8162,512,1751752,1
8163,711,2560549,1
8164,1004,2670953,0.99
8165,100,526806,1
8166,491,1571877,0.99
8167,527,1757047,0.98
8168,183,748686,0.98
8169,762,2580556,0.98
8170,131,555016,0.99
8171,542,1976511,1
8172,100,470823,1
8173,200,798745,0.99
8174,199,848019,0.99
8175,625,1986472,0.97
8176,815,2985623,0.92
8177,830,2952462,0.93
8178,273,976580,0.98
8179,254,971182,0.99
8180,268,1025239,1
8181,160,721413,0.98
8182,151,606869,0.98
8183,1017,3540000,0.97
8184,100,304714,1
8185,517,1797403,0.96
8186,180,781357,0.99
8187,753,2443608,0.99
8188,829,2785984,0.99
8189,189,786023,1
8190,135,558232,1
8191,124,583745,0.97
8192,256,974019,0.99
8193,1412,4323792,0.96
8194,1112,3968921,0.87
8195,366,1314444,1
8196,100,331154,1
8197,200,832069,1
8198,267,935804,1
8199,176,684255,0.99
8200,666,2189275,1
8201,302,1096187,1
8202,658,2316288,0.98
8203,322,996765,1
8204,224,920260,0.92
8205,359,1191687,1
8206,100,472165,0.98
8207,775,2476182,0.99
8208,183,739937,1
8209,693,2241171,0.97
8210,332,1278373,0.98
8211,946,3306253,0.96
8212,247,908058,0.98
8213,632,2071682,0.98
8214,100,426275,0.99
8215,328,1198656,0.99
8216,511,1580465,0.89
8217,922,3223114,0.99
8218,964,3194403,0.99
8219,100,495918,0.98
8220,100,510643,0.97
8221,1243,4011417,0.97
8222,176,725491,0.99
8223,563,1841846,0.99
8224,708,2225283,1
8225,100,309018,1
8226,245,852448,0.99
8227,233,873765,1
8228,712,2543140,0.97
8229,331,1041194,0.98
8230,200,830621,0.97
8231,200,800173,1
8232,149,643230,0.98
8233,383,1303519,1
8234,956,3185201,0.93
8235,100,452131,1
8236,437,1577333,1
8237,630,2198081,0.95
8238,519,1642718,0.98
8239,820,2860062,0.97
8240,660,2055840,1
8241,126,581500,0.89
8242,100,430656,1
8243,152,649317,0.99
8244,1818,5547370,0.99
8245,337,1229286,0.99
8246,332,1133165,0.99
8247,672,2420223,1
8248,260,934397,1
8249,324,1304609,0.9
8250,163,653933,0.99
8251,100,487494,0.96
8252,328,1181931,0.94
8253,181,736403,1
8254,310,1199287,0.97
8255,662,2256769,1
8256,924,3040665,0.99
8257,827,2701299,0.98
8258,100,411506,1
8259,1112,3406640,0.99
8260,336,1128007,1
8261,465,1486828,1
8262,200,798872,1
8263,166,633558,1
8264,750,2270697,1
8265,369,1246314,0.97
8266,1289,3923338,0.99
8267,241,897172,0.94
8268,673,2011120,0.99
8269,1248,4102854,0.98
8270,1246,4127175,0.97
8271,330,1159351,0.98
8272,645,2140960,1
8273,271,1051444,0.98
8274,250,920107,1
8275,240,915921,0.99
8276,318,1239873,0.94
8277,107,513660,1
8278,1166,3954634,0.98
8279,555,1811089,0.99
8280,254,976079,1
8281,1386,4444421,0.98
8282,560,1953597,1
8283,557,1876277,1
8284,109,500566,1
8285,741,2352089,0.97
8286,180,771227,0.99
8287,313,951103,1
8288,635,2072893,1
8289,100,423919,1
8290,578,1808188,0.99
8291,747,2389313,0.98
8292,459,1667762,0.98
8293,662,1999484,1
8294,1297,3374293,1
8295,653,2029922,0.99
8296,374,1224613,1
8297,551,1658501,0.99
8298,1268,3742200,0.98
8299,183,658192,1
8300,213,834080,0.99
8301,233,870461,0.96
8302,829,2862190,0.99
8303,886,2720571,1
8304,253,918821,0.98
8305,291,1062110,0.98
8306,329,1099903,0.98
8307,194,782758,0.93
8308,1034,2811166,1
8309,121,539339,0.99
8310,115,516650,0.95
8311,283,1059965,1
8312,631,2015387,0.98
8313,615,2218497,0.97
8314,590,1997055,1
8315,238,938207,1
8316,125,594838,0.97
8317,309,1001133,1
8318,219,852830,0.97
8319,930,2770353,0.96
8320,1105,3333447,1
8321,375,1364574,0.93
8322,100,352109,1
8323,179,658956,0.99
8324,561,1895034,0.98
8325,484,1460804,0.98
8326,308,1045230,0.97
8327,286,890862,1
8328,325,1215335,0.98
8329,399,1444691,1
8330,151,656867,0.99
8331,354,1270660,1
8332,1372,4384334,1
8333,1115,3315824,0.98
8334,253,933264,1
8335,1243,3875245,0.94
8336,100,475740,0.9
8337,329,1257336,1
8338,100,464156,0.99
8339,293,1012606,1
8340,100,425587,1
8341,477,1596689,0.99
8342,526,1679187,0.99
8343,638,1840136,1
8344,189,752134,0.98
8345,747,2419277,0.97
8346,1463,4678150,0.97
8347,198,737436,0.97
8348,891,2773757,1
8349,100,406829,0.98
8350,393,1483915,0.98
8351,956,2806652,0.98
8352,396,1335267,1
8353,175,710468,1
8354,400,1425881,1
8355,259,934103,1
8356,554,1658090,0.95
8357,1526,4924706,0.98
8358,829,2779833,0.98
8359,677,2139702,1
8360,712,2417651,0.98
8361,113,544265,0.98
8362,332,1183273,0.98
8363,386,1308024,1
8364,794,2726681,0.98
8365,1545,5180108,0.98
8366,268,985294,0.99
8367,100,476188,0.97
8368,622,1857380,1
8369,183,730607,1
8370,582,1784440,1
8371,1598,5177676,0.98
8372,317,1125116,0.98
8373,126,545185,1
8374,100,372043,1
8375,854,2743928,0.97
8376,100,157605,0.99
8377,200,768405,0.96
8378,433,1374833,1
8379,352,1190247,0.98
8380,578,1873884,0.98
8381,473,1565852,0.98
8382,568,1687958,0.98
8383,433,1412814,0.99
8384,385,1368782,0.99
8385,568,1710430,1
8386,123,470080,0.85
8387,100,406908,0.99
8388,202,789598,0.98
8389,465,1515473,0.99
8390,1398,4327977,0.99
8391,415,1542178,0.99
8392,182,731089,1
8393,337,1215311,1
8394,537,1629696,0.97
8395,100,392984,0.99
8396,100,399463,1
8397,1003,3182669,0.94
8398,352,1230464,0.99
8399,551,1893718,0.99
8400,113,531491,1
8401,369,1256596,1
8402,335,1188155,1
8403,100,442740,1
8404,198,782974,0.99
8405,713,2210510,0.99
8406,150,681266,0.92
8407,100,374338,0.99
8408,446,1516138,1
8409,110,491993,0.98
8410,832,2913934,0.83
8411,585,1741631,1
8412,1249,3571233,0.99
8413,198,737583,0.98
8414,131,536488,0.99
8415,523,1709937,0.99
8416,566,1730857,1
8417,285,1006984,1
8418,370,1334689,0.96
8419,338,1205742,0.99
8420,309,1035542,0.99
8421,510,1752801,1
8422,513,1788811,0.98
8423,1216,3933298,0.99
8424,241,846630,0.96
8425,266,968028,1
8426,316,1107379,0.97
8427,242,826809,1
8428,266,974504,0.98
8429,100,357880,0.99
8430,324,1103747,0.99
8431,259,892893,0.99
8432,225,888938,0.97
8433,758,2428798,0.98
8434,442,1306291,1
8435,996,3109066,1
8436,261,1014999,0.98
8437,1260,4244010,0.92
8438,829,2754564,1
8439,187,707881,1
8440,150,584884,1
8441,148,594066,0.98
8442,693,2338301,1
8443,110,521282,1
8444,166,671230,1
8445,100,401751,1
8446,641,1918560,0.99
8447,390,1313139,0.97
8448,815,2726124,0.97
8449,251,860802,0.99
8450,946,2874281,0.99
8451,1521,3592372,0.89
8452,600,1892956,1
8453,100,384566,0.99
8454,573,1849956,1
8455,220,786172,0.98
8456,1319,4253557,0.98
8457,183,618468,0.99
8458,331,1235608,0.98
8459,243,711903,0.97
8460,226,852534,1
8461,388,1289463,1
8462,323,1216918,0.98
8463,126,526205,1
8464,136,531224,1
8465,1539,4376453,0.98
8466,332,1183606,1
8467,238,900946,0.97
8468,231,872955,0.96
8469,1408,4378894,0.94
8470,521,1785964,0.94
8471,290,1019662,1
8472,318,1029710,0.99
8473,263,987070,0.97
8474,314,1131027,1
8475,275,966777,0.99
8476,266,963781,0.99
8477,487,1408967,0.99
8478,154,648990,0.99
8479,689,2163045,0.98
8480,693,2220818,0.99
8481,1465,3722936,0.99
8482,353,1221390,0.99
8483,423,1416507,0.99
8484,661,2178350,1
8485,385,1261159,1
8486,489,1555732,0.97
8487,174,674819,0.96
8488,200,757041,1
8489,840,2710188,0.97
8490,867,2887818,0.98
8491,167,626898,0.99
8492,285,960418,0.98
8493,363,1143732,0.99
8494,503,1675057,0.99
8495,829,2779765,0.91
8496,137,599460,0.99
8497,526,1685455,1
8498,100,423247,0.99
8499,327,1147460,1
8500,267,932755,0.99
8501,251,752356,1
8502,1361,4319527,0.97
8503,465,1572576,1
8504,336,1117704,0.99
8505,454,1414801,0.95
8506,153,646883,0.99
8507,100,384733,0.96
8508,101,508234,0.98
8509,269,1029051,1
8510,1397,4278886,0.95
8511,192,786503,0.96
8512,603,1791646,1
8513,979,3194744,0.99
8514,474,1565390,0.95
8515,100,473677,0.98
8516,659,2086601,0.99
8517,1103,3604275,0.89
8518,475,1539619,1
8519,304,1000888,0.99
8520,152,595886,0.97
8521,142,567260,1
8522,295,1025434,0.98
8523,560,1682925,0.99
8524,186,716975,0.99
8525,555,1845520,1
8526,356,1355950,0.96
8527,1339,4204989,0.98
8528,183,702681,0.96
8529,344,1057518,0.86
8530,268,994616,0.99
8531,100,278010,0.98
8532,671,2037061,1
8533,288,969697,1
8534,572,1808570,0.97
8535,200,724361,0.99
8536,490,1452697,0.99
8537,172,758535,0.98
8538,1426,4530813,0.99
8539,174,706538,0.92
8540,643,1946476,1
8541,114,505689,0.99
8542,100,466864,0.99
8543,154,690914,0.96
8544,469,1417521,1
8545,456,1498173,0.98
8546,1163,3683562,1
8547,450,1485417,0.97
8548,100,331409,1
8549,100,362753,1
8550,112,548992,0.92
8551,449,1158918,0.99
8552,262,919097,0.99
8553,661,2024877,0.98
8554,100,442773,1
8555,290,1026895,0.97
8556,134,574287,0.99
8557,194,716759,0.99
8558,100,281006,1
8559,158,554281,0.99
8560,427,1429093,0.96
8561,392,1341393,0.99
8562,397,1442691,0.99
8563,284,1067383,0.96
8564,1436,3918889,1
8565,264,886642,1
8566,119,491849,1
8567,1140,3305557,1
8568,318,1080443,1
8569,267,974506,0.99
8570,418,1243956,1
8571,776,2451810,0.99
8572,397,1408906,0.98
8573,832,2558581,1
8574,1386,4071743,0.98
8575,176,639312,0.99
8576,145,612198,0.98
8577,397,1370876,0.98
8578,213,809238,0.99
8579,116,492654,0.99
8580,413,1368658,0.96
8581,721,2396269,0.99
8582,166,573706,1
8583,1438,4024524,1
8584,167,655958,0.93
8585,403,1417757,1
8586,210,778032,1
8587,100,415938,1
8588,219,788961,0.99
8589,304,969363,0.98
8590,267,982700,0.98
8591,248,807050,1
8592,698,2052953,1
8593,378,1286835,0.98
8594,304,1056647,1
8595,111,511023,0.98
8596,200,705727,1
8597,608,1942706,1
8598,222,798146,1
8599,100,431312,0.97
8600,100,394416,1
8601,1090,3540138,0.95
8602,599,1813943,1
8603,286,1124544,0.95
8604,390,1310274,0.97
8605,573,1964293,0.99
8606,571,1855845,0.99
8607,709,2090340,0.99
8608,512,1615904,1
8609,1467,4215109,0.97
8610,200,763134,0.95
8611,501,1475505,0.99
8612,665,1916699,0.99
8613,958,3069539,0.97
8614,361,1330186,0.99
8615,150,622143,0.95
8616,674,2227545,0.99
8617,229,819379,0.98
8618,315,1048716,1
8619,132,442695,0.99
8620,382,1319339,0.99
8621,100,380540,1
8622,227,784282,0.99
8623,332,1171414,1
8624,183,695948,0.99
8625,183,724912,0.99
8626,157,630154,0.97
8627,100,380288,1
8628,132,555942,0.99
8629,536,1750432,1
8630,160,634833,1
8631,290,973910,1
8632,654,2111722,0.99
8633,1209,3605934,0.98
8634,425,1399771,0.98
8635,328,1162720,0.97
8636,382,1182660,1
8637,941,2758945,1
8638,100,453936,1
8639,100,433981,1
8640,130,521472,1
8641,380,1239162,0.97
8642,100,413218,1
8643,179,678510,0.94
8644,769,2268093,1
8645,560,1914332,0.97
8646,174,630318,0.99
8647,558,1861055,0.99
8648,357,1110613,0.99
8649,131,540857,0.99
8650,498,1561101,0.98
8651,584,1913677,1
8652,689,2100596,1
8653,563,1700315,1
8654,100,494529,0.97
8655,423,1361640,1
8656,241,890461,0.99
8657,383,1351871,0.99
8658,1009,2595179,0.99
8659,1340,4142031,0.97
8660,534,1755994,1
8661,268,994019,0.96
8662,649,1975655,0.98
8663,381,1281376,0.99
8664,637,2122694,1
8665,645,2239734,0.97
8666,1191,3704896,1
8667,680,2179261,0.99
8668,122,536312,1
8669,100,381125,1
8670,207,696778,1
8671,707,2115059,1
8672,320,1168589,0.95
8673,237,833197,0.99
8674,558,1673082,1
8675,1349,4171987,0.98
8676,350,1210962,0.99
8677,526,1649977,0.99
8678,1256,4037773,0.97
8679,1327,4201017,0.97
8680,543,1773527,0.99
8681,586,1902404,0.95
8682,261,911491,0.99
8683,693,2337912,0.97
8684,302,1019727,0.98
8685,199,774286,1
8686,200,777594,1
8687,198,798139,1
8688,1420,4218852,1
8689,1166,3636044,1
8690,224,767041,0.98
8691,170,689870,1
8692,648,1954908,1
8693,100,408463,1
8694,707,2343645,0.99
8695,576,1793837,0.98
8696,1518,4912227,1
8697,111,497881,0.95
8698,558,1686245,1
8699,183,690620,1
8700,184,718010,0.98
8701,679,2161376,0.99
8702,174,682526,0.99
8703,166,587130,0.99
8704,133,584164,0.99
8705,100,454295,0.96
8706,1087,3602640,0.97
8707,288,1002289,0.99
8708,219,734623,0.98
8709,163,646447,0.99
8710,109,433952,0.98
8711,219,852137,0.99
8712,126,553448,1
8713,887,2882178,0.98
8714,555,1637482,1
8715,1172,3590973,0.99
8716,110,457123,0.97
8717,272,977123,1
8718,831,2610818,0.95
8719,248,910029,0.98
8720,105,443405,1
8721,125,544244,0.99
8722,231,869376,0.99
8723,180,675541,0.97
8724,100,380773,1
8725,552,1772930,1
8726,235,757623,1
8727,475,1509604,0.98
8728,1130,3587077,0.96
8729,262,926426,0.97
8730,314,1019348,0.99
8731,461,1288711,1
8732,183,685755,1
8733,1152,3474952,0.99
8734,1447,4316679,0.97
8735,181,712186,0.99
8736,100,444183,1
8737,245,897055,0.97
8738,294,950264,1
8739,100,339552,1
8740,1501,4533869,1
8741,1580,5142410,0.95
8742,367,1262029,0.98
8743,1263,3785248,1
8744,550,1700010,1
8745,236,784581,0.98
8746,148,607227,0.98
8747,229,785046,1
8748,263,955597,1
8749,190,727113,0.99
8750,276,896074,0.99
8751,100,444719,0.98
8752,100,436826,1
8753,117,383442,0.97
8754,214,825246,0.99
8755,100,389085,1
8756,550,1793178,1
8757,588,1704500,1
8758,412,1252334,0.99
8759,285,997159,0.99
8760,142,580013,0.97
8761,351,1227278,0.99
8762,134,563578,0.98
8763,150,566336,1
8764,200,680661,1
8765,655,2038586,1
8766,328,1101492,0.99
8767,512,1655321,0.99
8768,210,742491,0.99
8769,432,1417004,0.99
8770,440,1467820,0.89
8771,100,389999,1
8772,200,775933,0.99
8773,202,762344,0.98
8774,300,947572,1
8775,157,655016,1
8776,469,1418648,1
8777,485,1574008,0.93
8778,1283,4022701,1
8779,829,2598530,1
8780,312,909488,0.99
8781,832,2750786,0.97
8782,366,1250889,1
8783,100,460291,0.98
8784,251,815666,0.98
8785,278,936837,0.99
8786,100,393092,1
8787,100,294100,1
8788,378,1215203,1
8789,233,890664,1
8790,320,1150830,0.96
8791,184,740452,0.99
8792,100,264370,1
8793,456,1239104,0.97
8794,256,934372,0.95
8795,200,762737,1
8796,247,887343,1
8797,458,1359940,1
8798,1779,5343647,0.99
8799,842,2844251,0.98
8800,1057,3388251,1
8801,245,874391,0.99
8802,558,1756944,0.98
8803,447,1387074,0.99
8804,486,1579959,0.99
8805,310,1087673,0.99
8806,345,1184217,0.99
8807,741,2203871,0.99
8808,652,1973501,1
8809,126,509401,0.98
8810,284,941614,0.98
8811,375,1220799,0.99
8812,412,1292185,0.98
8813,955,2913444,0.99
8814,1521,4726207,0.98
8815,320,1128758,0.95
8816,167,630891,1
8817,1349,4282948,0.98
8818,100,479404,0.99
8819,307,876507,1
8820,618,1985518,0.99
8821,270,963983,1
8822,139,524551,1
8823,505,1632620,0.98
8824,258,835780,0.99
8825,360,988471,1
8826,1137,3754407,0.9
8827,442,1435644,1
8828,552,1881037,1
8829,631,2005513,0.99
8830,381,1376963,0.98
8831,766,2505906,0.99
8832,575,1868739,0.99
8833,1085,3070227,1
8834,100,432703,1
8835,693,2120033,0.99
8836,411,1388782,0.97
8837,322,1185860,1
8838,189,702264,0.97
8839,268,963751,1
8840,489,1524431,0.99
8841,448,1393935,0.99
8842,183,639143,1
8843,266,918144,1
8844,368,1162356,1
8845,388,1218038,0.98
8846,341,1245160,0.98
8847,686,2128604,1
8848,103,467503,1
8849,466,1544007,0.99
8850,281,911542,0.99
8851,264,849383,1
8852,102,491126,0.97
8853,290,1030028,0.99
8854,190,687742,0.98
8855,1596,5274995,0.87
8856,755,2190245,0.94
8857,1377,4397033,0.92
8858,1366,3940249,0.97
8859,596,1652367,1
8860,490,1672602,0.99
8861,397,1363736,0.99
8862,139,633265,1
8863,365,1222794,1
8864,196,724354,1
8865,560,1736150,0.99
8866,383,971828,0.99
8867,182,731819,0.97
8868,160,593732,1
8869,216,765163,1
8870,420,1368756,1
8871,272,988158,0.95
8872,496,1611708,0.96
8873,504,1496365,0.98
8874,300,974083,0.99
8875,335,1062071,0.98
8876,100,408821,1
8877,910,2448069,1
8878,317,1002331,0.99
8879,200,762540,1
8880,324,1151184,0.97
8881,102,469125,0.96
8882,103,483339,0.99
8883,357,1191946,0.99
8884,555,1707807,0.98
8885,625,1913645,0.96
8886,375,1196288,0.98
8887,811,2705586,0.97
8888,139,571132,0.99
8889,100,413592,0.98
8890,398,1355910,0.99
8891,481,1579772,1
8892,269,947947,0.99
8893,1015,3166020,0.98
8894,461,1389485,0.99
8895,485,1636354,0.99
8896,251,914646,0.99
8897,244,854274,1
8898,100,296307,0.99
8899,1360,4067216,1
8900,469,1587752,0.97
8901,200,769027,0.99
8902,100,352403,1
8903,190,736231,0.98
8904,129,488803,0.95
8905,1351,4255544,0.98
8906,158,637371,0.99
8907,144,574843,1
8908,833,2515465,1
8909,232,904472,0.98
8910,133,543513,1
8911,138,577347,0.99
8912,133,518765,1
8913,100,423963,1
8914,313,1068658,0.98
8915,643,2013842,1
8916,590,1382730,1
8917,375,1277004,0.99
8918,1298,3787224,1
8919,114,499631,0.98
8920,317,1050243,0.98
8921,462,1221706,1
8922,943,3026014,0.99
8923,1009,2979043,1
8924,661,2204129,0.96
8925,597,1944542,0.97
8926,714,2222147,1
8927,517,1743598,0.97
8928,100,398297,1
8929,100,429984,1
8930,100,440834,1
8931,100,382366,1
8932,684,2202478,1
8933,476,1410613,0.99
8934,330,981173,1
8935,305,995445,0.99
8936,1699,4911838,0.99
8937,822,2681378,0.99
8938,387,1235619,0.97
8939,440,1193912,0.99
8940,470,1646227,0.94
8941,1336,4110553,0.98
8942,244,912289,0.99
8943,404,1222928,0.98
8944,376,1168941,0.96
8945,892,2530172,0.98
8946,147,636046,0.99
8947,371,1133046,0.98
8948,348,1090107,1
8949,357,1231896,0.97
8950,200,722721,0.96
8951,285,993786,0.99
8952,281,756929,1
8953,772,2442181,1
8954,633,1999232,0.99
8955,990,2811011,0.94
8956,319,1092165,0.99
8957,452,1285733,1
8958,995,2778846,1
8959,333,1095500,0.99
8960,110,479719,1
8961,702,2217026,0.95
8962,857,2767617,0.97
8963,532,1803375,0.99
8964,350,1094605,0.98
8965,624,2004837,1
8966,748,2121836,0.99
8967,325,1183953,1
8968,463,1563898,1
8969,280,937139,1
8970,124,476874,0.99
8971,136,567904,0.97
8972,184,728124,1
8973,129,466792,1
8974,340,1143180,0.98
8975,665,1854112,1
8976,393,1368803,1
8977,480,1536437,0.98
8978,100,316622,1
8979,100,443934,0.96
8980,409,1262326,0.99
8981,184,759086,0.98
8982,1250,3469382,0.98
8983,166,664522,1
8984,692,2135936,0.97
8985,511,1727466,0.99
8986,824,2552069,1
8987,1435,4105506,0.99
8988,1476,3525138,1
8989,287,1028017,0.98
8990,497,1483955,0.98
8991,319,1169546,0.97
8992,1336,4239751,0.95
8993,126,530006,0.99
8994,223,720458,1
8995,125,529579,0.99
8996,100,425763,1
8997,100,471340,0.98
8998,203,716512,1
8999,377,1301845,1
9000,274,870803,1
9001,381,1207717,0.96
9002,369,1267758,0.99
9003,504,1649083,0.98
9004,541,1673062,1
9005,174,660040,0.98
9006,663,2120696,0.97
9007,515,1639104,1
9008,151,593739,0.99
9009,671,2086500,0.99
9010,191,676591,0.99
9011,200,5088494,0.98
9012,998,4092205,0.99
9013,661,2765427,0.99
9014,126,673441,1
9015,231,1103628,1
9016,360,1544855,0.97
9017,288,1280237,0.93
9018,128,673714,0.98
9019,595,2483194,1
9020,1135,4576688,1
9021,267,1192458,0.99
9022,530,2154804,1
9023,829,3418579,1
9024,319,1352175,0.99
9025,676,2700882,1
9026,492,1914100,0.98
9027,185,911569,0.98
9028,892,3913714,0.98
9029,630,2483045,0.98
9030,329,1481769,1
9031,863,3426358,0.98
9032,651,2687692,0.97
9033,733,3116406,0.95
9034,249,1080600,0.99
9035,100,412831,1
9036,139,624547,0.99
9037,397,1745810,0.98
9038,815,3167029,0.98
9039,281,1277813,0.97
9040,555,2440282,0.95
9041,131,639609,0.98
9042,285,1248241,0.99
9043,1591,6484095,0.95
9044,1185,4312423,1
9045,815,3637259,0.96
9046,100,375641,1
9047,858,3734670,0.93
9048,977,3969477,0.98
9049,1083,4158341,0.99
9050,288,1205525,0.97
9051,343,1294208,0.99
9052,126,627934,0.99
9053,623,2510291,0.98
9054,233,987300,0.99
9055,130,669558,0.99
9056,144,718875,0.97
9057,358,1563577,0.98
9058,606,2030599,1
9059,173,817120,0.98
9060,479,1829508,1
9061,703,2753028,0.99
9062,895,3505363,0.99
9063,623,2392194,0.99
9064,253,1039051,1
9065,169,769789,0.97
9066,302,1365133,0.97
9067,110,567149,0.98
9068,1335,4561724,0.98
9069,879,3294330,1
9070,449,1813585,0.99
9071,100,386876,1
9072,1528,5928795,0.98
9073,873,3449187,1
9074,550,2055096,0.99
9075,187,886319,0.98
9076,1109,4319085,0.97
9077,112,471834,1
9078,673,2759448,0.99
9079,347,1158573,1
9080,183,787008,1
9081,120,626424,0.99
9082,1162,4546583,0.99
9083,305,1102054,1
9084,169,803949,0.94
9085,100,432505,1
9086,491,2082382,0.97
9087,409,1749137,0.96
9088,1403,5205083,0.99
9089,251,1021593,1
9090,1026,3985757,0.98
9091,200,763244,0.96
9092,544,2128856,0.97
9093,221,976719,0.98
9094,829,3383157,1
9095,230,988420,0.97
9096,1107,4139459,0.98
9097,382,1507942,0.99
9098,330,1319772,0.99
9099,366,1477516,0.97
9100,428,1809823,0.94
9101,330,1447707,0.98
9102,100,456055,1
9103,392,1532541,0.99
9104,1260,4808152,0.99
9105,100,364740,0.52
9106,1504,4498712,1
9107,994,3604314,0.99
9108,117,612572,0.98
9109,454,1738451,0.98
9110,424,1281457,1
9111,161,711246,0.99
9112,233,976847,1
9113,137,646053,0.99
9114,875,3225142,0.99
9115,660,2340593,1
9116,100,477277,1
9117,349,1439609,0.99
9118,235,1038042,1
9119,386,1562949,0.96
9120,557,2023109,0.99
9121,367,1341882,1
9122,594,2162094,0.98
9123,318,1263633,0.99
9124,105,511237,1
9125,1134,3926675,1
9126,556,2153623,0.97
9127,480,1758209,0.99
9128,329,1267174,1
9129,301,1156034,1
9130,123,608026,1
9131,684,2355971,0.98
9132,100,477895,1
9133,100,353003,0.97
9134,124,568719,1
9135,386,1425862,0.99
9136,200,850845,0.97
9137,100,426396,0.98
9138,1111,4096832,0.96
9139,296,1205633,0.99
9140,137,612051,1
9141,1025,3407447,1
9142,1191,4335655,0.98
9143,503,1848399,1
9144,100,296799,1
9145,487,1631328,0.99
9146,258,1054224,0.97
9147,1458,5344139,0.93
9148,681,2380496,0.99
9149,223,908823,1
9150,625,2038710,0.99
9151,339,1220136,1
9152,185,745866,1
9153,525,1676167,1
9154,321,1234466,0.99
9155,347,1352844,0.99
9156,506,1835731,1
9157,619,2194996,0.99
9158,271,1053757,0.99
9159,290,1145361,1
9160,133,630888,0.98
9161,330,1420841,0.95
9162,177,739888,1
9163,354,1460883,0.93
9164,423,1621896,1
9165,168,708914,1
9166,1649,5566584,0.98
9167,286,925811,1
9168,469,1598406,0.97
9169,128,567289,0.99
9170,354,1253522,0.98
9171,165,670099,0.99
9172,183,792024,0.99
9173,1339,4753987,0.99
9174,278,869515,0.99
9175,351,1268301,0.99
9176,189,765956,0.98
9177,140,657701,0.99
9178,632,2285508,0.98
9179,386,1307348,1
9180,392,1584959,0.94
9181,395,1616401,0.85
9182,340,1230297,1
9183,1374,4682361,0.96
9184,200,800233,0.99
9185,200,846701,0.93
9186,100,428974,1
9187,1487,4783547,0.99
9188,379,1267715,1
9189,157,599415,0.99
9190,178,794317,0.98
9191,100,487106,0.99
9192,217,882826,0.99
9193,623,2152656,0.99
9194,285,1064790,1
9195,319,1228629,0.96
9196,261,1108029,0.98
9197,133,627059,0.98
9198,508,1822173,0.98
9199,272,1026719,0.99
9200,676,2453108,0.99
9201,100,389632,0.99
9202,100,454906,0.96
9203,206,892102,1
9204,192,812776,0.97
9205,947,3503427,0.93
9206,672,2372319,1
9207,609,2225110,0.99
9208,200,819919,0.99
9209,104,543994,0.97
9210,176,658513,0.98
9211,100,458228,0.99
9212,297,1124800,0.98
9213,762,2493190,0.99
9214,320,1320337,0.99
9215,282,1077494,1
9216,179,807711,0.98
9217,196,832371,0.96
9218,1224,4096953,1
9219,840,3072004,0.97
9220,378,1368985,0.98
9221,374,1227073,0.92
9222,176,597691,1
9223,100,464592,0.99
9224,644,1974449,1
9225,946,3352588,0.95
9226,672,2258540,0.99
9227,331,1185961,1
9228,1609,5673369,0.88
9229,520,1803609,1
9230,198,786408,0.99
9231,612,2063111,0.98
9232,172,700559,0.99
9233,183,721427,1
9234,100,463859,1
9235,946,3058328,0.97
9236,209,810804,0.97
9237,169,697675,1
9238,125,564897,0.98
9239,167,685366,0.97
9240,1351,4296136,1
9241,537,1834919,0.98
9242,167,660768,0.99
9243,476,1543876,1
9244,194,811991,0.98
9245,100,402595,0.97
9246,199,831084,0.99
9247,180,747203,0.98
9248,100,396899,1
9249,116,525832,0.99
9250,220,778823,0.98
9251,546,1693384,1
9252,100,511704,1
9253,100,392451,1
9254,335,1175817,0.99
9255,515,1935630,0.97
9256,338,1250724,0.95
9257,377,1364004,1
9258,530,2057795,0.92
9259,287,1005269,0.97
9260,1254,4404188,0.97
9261,362,1318632,0.94
9262,488,1559901,1
9263,146,577752,1
9264,209,826945,1
9265,144,622588,1
9266,557,1927501,0.98
9267,1253,4261054,0.95
9268,102,443262,1
9269,313,1016030,1
9270,136,585198,1
9271,1498,4660038,0.98
9272,100,386634,1
9273,100,426662,1
9274,676,2324867,0.96
9275,1461,4552582,0.96
9276,654,2125276,0.97
9277,166,664880,0.96
9278,112,484504,0.99
9279,416,1541938,0.96
9280,557,1842136,0.99
9281,1326,4621940,0.94
9282,110,514372,0.96
9283,258,988608,0.97
9284,100,342645,1
9285,100,484135,0.99
9286,118,538498,0.99
9287,380,1360310,1
9288,278,1063897,0.96
9289,100,268675,1
9290,100,506308,0.96
9291,499,1671549,0.97
9292,100,457813,0.99
9293,259,912977,1
9294,100,305193,1
9295,390,1364894,0.99
9296,189,779066,0.96
9297,892,2529376,1
9298,312,1110508,0.97
9299,1530,4217433,1
9300,231,826017,0.92
9301,100,344994,1
9302,160,646480,1
9303,524,1557193,0.99
9304,555,1837728,0.99
9305,402,1322960,0.99
9306,969,2972618,0.98
9307,166,630058,1
9308,104,461823,0.97
9309,665,2045440,0.98
9310,263,972693,0.99
9311,246,978294,0.99
9312,333,1125725,0.98
9313,555,1868164,1
9314,199,772454,0.99
9315,237,966590,1
9316,665,2197883,0.97
9317,1319,3793409,1
9318,100,416563,1
9319,587,1906755,1
9320,262,818905,0.97
9321,100,234183,1
9322,100,437966,1
9323,353,1127909,1
9324,358,1333881,0.96
9325,447,1507258,1
9326,336,1220306,1
9327,328,1140649,0.99
9328,394,1405866,0.99
9329,211,816196,1
9330,495,1680448,0.98
9331,170,713113,0.99
9332,252,940656,0.99
9333,153,671958,1
9334,183,703618,0.98
9335,334,1255075,0.96
9336,242,890030,0.98
9337,288,1049748,0.96
9338,534,1493140,1
9339,284,917969,1
9340,100,484320,0.98
9341,307,1170434,0.98
9342,107,477100,0.94
9343,635,2011828,0.99
9344,254,885824,0.91
9345,794,2734542,0.97
9346,286,1135003,0.97
9347,100,440631,1
9348,101,484329,0.99
9349,124,509994,0.99
9350,1420,4658651,0.96
9351,585,1991105,0.98
9352,183,704218,1
9353,319,1156914,0.98
9354,197,722758,1
9355,191,713443,0.99
9356,555,1895995,0.99
9357,342,1048534,0.98
9358,327,1125196,0.98
9359,126,530104,0.99
9360,640,2160168,1
9361,260,974586,0.99
9362,183,718296,1
9363,274,970083,0.98
9364,293,1002664,0.97
9365,472,1553862,0.99
9366,366,1328159,1
9367,912,3055328,0.99
9368,369,1343331,0.97
9369,399,1414597,0.99
9370,475,1580238,0.99
9371,100,393885,1
9372,331,1199071,0.98
9373,182,759237,0.97
9374,258,1007400,1
9375,189,735540,0.96
9376,244,914870,0.99
9377,559,1746876,1
9378,165,610947,1
9379,100,386036,0.98
9380,100,485579,0.96
9381,113,488516,1
9382,491,1526561,0.99
9383,684,2307668,0.97
9384,132,562915,1
9385,635,2110597,0.99
9386,374,1313174,1
9387,332,1153859,1
9388,109,484720,0.99
9389,200,757280,1
9390,1443,4942552,0.96
9391,395,1247277,1
9392,477,1446826,0.99
9393,322,1132659,1
9394,100,429197,1
9395,166,658995,0.98
9396,485,1700183,0.98
9397,132,562971,1
9398,633,1851968,0.99
9399,233,831283,1
9400,1248,4255831,0.96
9401,842,2881553,0.92
9402,100,441397,1
9403,128,549234,1
9404,183,744461,1
9405,204,724817,0.99
9406,561,1923896,0.99
9407,203,755738,1
9408,477,1649218,1
9409,653,2081431,1
9410,1303,3821120,1
9411,435,1544397,0.97
9412,674,2157772,0.99
9413,170,730101,0.96
9414,163,555984,0.99
9415,100,491149,0.96
9416,139,595247,0.99
9417,331,1162428,1
9418,204,761574,1
9419,268,1009250,0.99
9420,462,1525546,0.99
9421,496,1634953,1
9422,133,591944,1
9423,1596,5145728,0.94
9424,109,514463,0.98
9425,271,911999,0.96
9426,100,423425,0.99
9427,962,3171011,1
9428,297,1049102,1
9429,253,880185,0.98
9430,675,2215483,0.99
9431,815,2940623,0.95
9432,829,2599080,1
9433,350,1192299,0.98
9434,134,563784,1
9435,192,712449,0.99
9436,554,1802002,0.99
9437,200,797267,1
9438,451,1591584,0.99
9439,182,690900,1
9440,297,934006,1
9441,1454,4890826,0.97
9442,518,1812603,0.97
9443,509,1730588,0.97
9444,650,2140617,0.99
9445,829,2824662,0.99
9446,632,2004063,0.97
9447,759,2461690,0.98
9448,358,1253553,1
9449,218,724589,1
9450,1306,4186979,0.98
9451,289,1061138,0.99
9452,241,823609,0.98
9453,122,479697,1
9454,219,824505,0.97
9455,100,457602,0.99
9456,221,817821,1
9457,419,1386992,0.99
9458,554,1537465,1
9459,523,1521285,1
9460,250,977611,0.99
9461,233,756612,1
9462,686,2203521,0.99
9463,113,543329,0.97
9464,100,449875,0.93
9465,475,1744349,0.98
9466,557,1960255,0.98
9467,688,2282074,0.99
9468,1429,4280365,0.97
9469,187,729610,1
9470,1009,3212996,0.99
9471,1400,4412804,0.96
9472,180,707080,0.99
9473,200,799138,0.97
9474,1425,4217641,0.99
9475,265,935408,0.99
9476,456,1652211,0.97
9477,928,2804914,0.99
9478,100,403569,1
9479,266,977651,0.99
9480,166,645886,1
9481,335,1192856,1
9482,562,1846994,1
9483,247,915192,0.99
9484,557,1838405,0.99
9485,119,480188,0.99
9486,322,1161920,0.99
9487,620,1943154,1
9488,100,466038,1
9489,171,708788,0.98
9490,1637,5387387,0.97
9491,825,2744174,0.99
9492,326,1091602,0.99
9493,806,2548194,1
9494,506,1788338,0.99
9495,847,2706111,1
9496,667,2056990,0.98
9497,100,413951,0.98
9498,391,1341751,0.99
9499,127,597738,0.98
9500,1485,4692498,0.86
9501,552,1747036,1
9502,372,1186361,1
9503,354,1162945,1
9504,186,752601,1
9505,206,836500,1
9506,184,745175,0.98
9507,200,804392,0.99
9508,296,953006,0.95
9509,100,472290,0.98
9510,1308,3953283,0.98
9511,421,1454693,0.97
9512,604,1763023,1
9513,240,906649,0.98
9514,125,540645,0.98
9515,645,1809907,0.99
9516,100,451861,0.99
9517,379,1322751,1
9518,670,2003514,0.98
9519,945,3131845,0.98
9520,172,682664,0.99
9521,264,942675,1
9522,397,1305786,1
9523,560,1802220,0.99
9524,875,2947457,1
9525,765,2468895,0.99
9526,998,3188337,1
9527,1297,4239885,0.96
9528,164,597901,1
9529,333,1243970,0.99
9530,655,2211677,0.99
9531,644,1935086,0.99
9532,340,1141741,1
9533,269,934532,0.99
9534,971,2503936,0.99
9535,346,1149504,0.99
9536,100,394118,1
9537,346,1112287,1
9538,184,666551,0.99
9539,263,897682,1
9540,330,1112107,1
9541,285,1046624,0.99
9542,112,488444,0.97
9543,100,338893,1
9544,663,2099781,0.98
9545,848,2502729,0.98
9546,701,2282595,1
9547,136,567596,0.98
9548,256,824615,1
9549,399,1328776,1
9550,509,1561659,0.99
9551,284,983323,0.98
9552,376,1320107,1
9553,201,741115,0.97
9554,1551,4746731,0.99
9555,598,1955939,0.91
9556,224,846653,0.99
9557,255,908029,0.98
9558,183,683656,1
9559,1252,3980283,0.99
9560,1021,3222940,0.99
9561,651,1767826,1
9562,396,1282391,0.99
9563,558,1664587,0.98
9564,631,1929002,1
9565,1167,3776218,0.94
9566,560,1775129,0.99
9567,288,1045531,1
9568,550,1618940,1
9569,313,1051508,1
9570,510,1458012,0.98
9571,200,773914,1
9572,330,1187409,0.98
9573,159,609681,0.96
9574,474,1536286,1
9575,651,2080150,1
9576,183,670093,0.99
9577,515,1724586,0.96
9578,275,984499,0.99
9579,122,489118,1
9580,104,479924,0.98
9581,100,303084,1
9582,655,2033257,0.98
9583,672,2211780,0.95
9584,168,718190,0.96
9585,660,2069096,1
9586,183,710495,0.96
9587,637,2060318,1
9588,821,2794102,0.98
9589,194,762009,1
9590,1563,4698142,1
9591,644,1894768,0.99
9592,381,1285247,1
9593,492,1534194,0.99
9594,832,2692722,0.87
9595,873,2606780,0.98
9596,172,673933,0.99
9597,153,625064,0.99
9598,369,1280013,1
9599,200,775649,1
9600,429,1414989,1
9601,322,995140,1
9602,356,1073758,1
9603,100,368290,1
9604,140,526839,1
9605,334,1033781,1
9606,373,1312858,0.97
9607,200,733027,0.99
9608,371,1246998,1
9609,261,942722,1
9610,266,958422,0.99
9611,375,1339453,0.99
9612,250,908751,0.99
9613,293,1005717,0.99
9614,548,1695816,0.99
9615,625,1909348,1
9616,236,836021,1
9617,100,385178,1
9618,306,1073947,1
9619,859,2797304,0.95
9620,730,2340315,1
9621,1192,3499313,0.98
9622,264,969256,1
9623,196,751013,0.98
9624,219,838971,1
9625,100,282813,1
9626,286,979031,1
9627,179,750353,0.96
9628,380,1286761,0.99
9629,580,1844654,1
9630,320,1240157,0.92
9631,414,1466352,0.96
9632,619,2046181,0.97
9633,920,2810044,0.99
9634,188,714917,1
9635,100,439031,1
9636,100,385365,1
9637,272,914435,1
9638,578,1846707,1
9639,578,1920034,1
9640,357,1161545,1
9641,258,949136,0.99
9642,266,860757,1
9643,113,499762,0.96
9644,317,997055,0.98
9645,1098,3503101,1
9646,180,670349,0.97
9647,108,449482,0.99
9648,218,808936,0.98
9649,342,1186732,0.99
9650,496,1729150,0.97
9651,186,736603,0.98
9652,250,917856,0.98
9653,380,1294394,0.99
9654,394,1177112,0.99
9655,355,1202151,0.99
9656,134,543785,1
9657,376,1114184,1
9658,100,338913,0.99
9659,395,1191241,0.99
9660,356,1317825,0.97
9661,363,1368201,0.96
9662,549,1547706,1
9663,649,2031759,0.97
9664,162,609946,1
9665,280,973718,0.98
9666,1198,3693338,0.99
9667,143,597304,1
9668,291,1130944,0.98
9669,156,655054,0.96
9670,165,561731,1
9671,144,615948,0.96
9672,619,1999208,0.99
9673,403,1240185,0.98
9674,1341,4191879,0.99
9675,159,695267,0.98
9676,848,2821016,0.98
9677,100,420890,1
9678,704,2075699,1
9679,631,1976405,0.98
9680,1290,4095945,0.93
9681,255,840673,0.96
9682,180,647923,0.97
9683,622,2077951,0.96
9684,756,2426568,0.99
9685,269,945192,0.99
9686,141,625805,1
9687,623,2046126,1
9688,144,573646,1
9689,200,807494,0.99
9690,100,462567,1
9691,100,409380,0.94
9692,1700,4576198,0.99
9693,1244,3655906,0.97
9694,100,364312,1
9695,686,2186015,0.99
9696,183,676104,0.99
9697,199,742535,0.99
9698,836,2601571,0.99
9699,182,679632,1
9700,285,904646,1
9701,200,737453,0.99
9702,138,567566,1
9703,123,563793,0.95
9704,265,921502,0.96
9705,100,439319,0.98
9706,829,2592529,0.97
9707,200,806615,0.97
9708,466,1569191,0.97
9709,139,604154,0.99
9710,183,677524,0.99
9711,1377,4509428,0.92
9712,316,1050155,1
9713,304,959924,1
9714,1699,5142740,0.99
9715,312,1204676,0.97
9716,856,2780409,0.99
9717,1429,4697184,0.94
9718,517,1682621,0.99
9719,125,544415,1
9720,181,678865,1
9721,399,1435603,0.99
9722,100,469912,0.98
9723,233,835801,1
9724,1251,3957360,0.99
9725,555,1946522,0.96
9726,398,1347886,0.97
9727,221,759932,1
9728,661,1947542,1
9729,489,1516498,1
9730,100,452300,0.99
9731,1054,2964796,1
9732,493,1580532,1
9733,115,562644,0.99
9734,365,1112785,1
9735,468,1447714,1
9736,358,1198114,0.99
9737,222,851674,0.98
9738,131,571461,1
9739,170,686348,0.97
9740,710,2180300,0.99
9741,403,1441150,0.98
9742,282,852093,1
9743,845,2644698,0.97
9744,363,1217564,1
9745,1085,3682892,0.93
9746,100,256479,1
9747,328,1027157,0.98
9748,180,653761,1
9749,473,1563178,0.98
9750,255,971670,1
9751,226,792971,1
9752,200,790502,0.92
9753,325,918811,1
9754,696,2222941,0.99
9755,460,1547128,0.99
9756,618,1976404,1
9757,827,2646899,0.96
9758,556,1724092,0.98
9759,333,1119973,1
9760,179,728322,1
9761,100,412140,1
9762,321,1082361,1
9763,270,1003945,1
9764,238,886721,0.98
9765,100,471264,0.94
9766,106,480759,1
9767,637,1866127,0.98
9768,100,338472,1
9769,142,588360,0.99
9770,536,1675434,0.98
9771,100,379997,1
9772,384,1197342,0.98
9773,299,1173264,0.97
9774,871,2534255,0.99
9775,1416,4314813,1
9776,1517,4727278,0.97
9777,100,320524,0.99
9778,213,771553,0.95
9779,1130,3627100,0.95
9780,132,569788,0.97
9781,453,1478148,0.99
9782,146,547928,0.98
9783,298,1034133,0.98
9784,1548,4535440,0.94
9785,562,1607676,0.99
9786,703,2350502,0.98
9787,280,946449,0.99
9788,471,1446155,1
9789,829,2793644,0.96
9790,1443,4502024,0.99
9791,500,1625014,0.99
9792,142,605964,0.96
9793,100,423286,0.99
9794,676,1966232,0.99
9795,603,2083081,0.98
9796,1131,3600170,0.97
9797,233,909964,0.99
9798,141,581322,0.99
9799,745,2357676,0.98
9800,372,1238577,0.98
9801,302,1037449,1
9802,329,969437,0.99
9803,134,565242,1
9804,218,687426,1
9805,692,2302958,0.98
9806,182,733000,1
9807,1596,5141918,0.92
9808,445,1449446,1
9809,595,1932196,0.97
9810,469,1373612,0.98
9811,511,1530729,0.98
9812,227,769106,1
9813,353,1166205,1
9814,286,973845,1
9815,133,591621,0.99
9816,324,1042429,0.97
9817,200,813769,0.92
9818,277,891988,0.99
9819,1523,4635211,1
9820,568,1801088,1
9821,1220,3189600,1
9822,595,2047696,0.97
9823,341,1094161,1
9824,210,786312,0.98
9825,328,1184432,1
9826,319,1123499,1
9827,579,1803853,0.99
9828,958,3011306,0.99
9829,683,2030441,1
9830,496,1600767,0.97
9831,106,479684,1
9832,295,989951,0.98
9833,1400,4122492,0.93
9834,216,822689,0.93
9835,304,1029870,0.99
9836,173,751812,0.98
9837,829,2885099,0.84
9838,514,1661772,1
9839,343,1149181,0.98
9840,166,651927,0.99
9841,648,2035609,0.98
9842,484,1594259,0.99
9843,1128,3431117,0.99
9844,441,1589332,0.98
9845,862,2524987,0.98
9846,1158,3522733,0.99
9847,1034,3300661,0.99
9848,380,1389875,0.98
9849,500,1568598,1
9850,759,2554638,0.94
9851,738,2259282,1
9852,301,953228,1
9853,491,1668414,0.93
9854,203,776610,1
9855,689,2144146,0.99
9856,324,1172328,0.97
9857,371,1212403,1
9858,1296,3958438,0.99
9859,827,2764835,0.96
9860,693,2204438,0.96
9861,435,1456028,1
9862,524,1686077,0.99
9863,345,1082099,0.98
9864,488,1696198,0.99
9865,1064,3321762,1
9866,100,438381,1
9867,247,835671,1
9868,324,1097038,1
9869,324,1034571,1
9870,164,592794,1
9871,133,528775,0.99
9872,282,984821,0.99
9873,830,2481701,0.99
9874,1310,4030618,0.98
9875,539,1602492,1
9876,634,2023609,1
9877,100,406277,0.98
9878,100,362615,1
9879,260,914762,0.98
9880,100,387459,1
9881,316,1085815,0.99
9882,978,2901048,0.94
9883,196,748464,0.99
9884,831,2701385,0.98
9885,307,1041376,1
9886,254,881547,1
9887,547,1643851,0.98
9888,495,1553079,1
9889,371,1354923,1
9890,385,1276149,1
9891,261,944814,0.98
9892,370,1236723,0.98
9893,487,1522159,1
9894,1203,3138750,1
9895,262,899938,1
9896,350,1211832,0.96
9897,121,545821,0.97
9898,100,400041,1
9899,486,1369405,0.96
9900,214,793972,0.97
9901,107,462419,0.98
9902,533,821668,0.99
9903,125,535499,0.98
9904,158,659153,0.96
9905,284,957477,1
9906,946,2863862,0.99
9907,451,1495959,1
9908,1247,3828995,0.96
9909,761,2130024,1
9910,336,962076,1
9911,316,1178588,0.96
9912,525,1645380,0.97
9913,176,651810,0.99
9914,1328,3979053,0.98
9915,508,1654619,1
9916,1130,3269832,1
9917,407,1264088,0.99
9918,436,1524350,0.98
9919,106,478641,0.98
9920,637,1731388,0.98
9921,173,671688,1
9922,1264,3357584,0.99
9923,100,469221,1
9924,247,891207,0.98
9925,219,758615,0.99
9926,249,775262,0.98
9927,730,2199063,0.99
9928,119,503550,0.97
9929,416,1413356,0.99
9930,422,1425108,0.98
9931,1361,4184071,0.97
9932,330,1005464,1
9933,455,1374275,0.99
9934,258,940942,0.98
9935,360,1276143,0.99
9936,429,1460852,0.97
9937,108,456016,0.97
9938,125,564279,1
9939,122,531044,1
9940,559,1773907,1
9941,365,1200682,1
9942,1598,4919481,0.96
9943,292,959549,1
9944,412,1398028,0.99
9945,358,1107507,0.99
9946,829,2717117,0.98
9947,100,446516,0.96
9948,100,341845,1
9949,890,2813948,0.98
9950,547,1696350,1
9951,516,1651365,0.99
9952,266,1012636,0.98
9953,100,356740,0.99
9954,505,1631012,1
9955,1428,4003004,1
9956,670,2057492,0.98
9957,1550,4561444,0.97
9958,908,2965839,0.98
9959,1294,3824348,1
9960,238,834301,0.98
9961,384,1310078,0.97
9962,1569,4716353,0.99
9963,166,640819,0.99
9964,741,2304925,0.98
9965,220,763792,1
9966,933,3027809,0.99
9967,679,2019933,1
9968,1181,3696831,0.98
9969,480,1553807,0.98
9970,269,966536,0.99
9971,507,1575507,1
9972,100,410328,1
9973,1541,4584200,0.97
9974,877,2646010,0.99
9975,981,3063927,0.97
9976,271,954209,1
9977,308,935615,1
9978,213,810758,0.97
9979,721,2245103,0.96
9980,227,842695,1
9981,625,1920658,1
9982,149,646819,0.99
9983,395,1312909,0.96
9984,654,1845783,1
9985,162,613139,0.99
9986,829,2679593,0.99
9987,175,647371,0.99
9988,350,1217960,0.99
9989,242,868205,0.99
9990,1118,3256743,0.99
9991,183,664189,1
9992,100,430007,0.99
9993,324,1133605,1
9994,315,1110305,0.99
9995,353,1226198,1
9996,116,456315,1
9997,183,680970,0.99
9998,216,815267,0.97
9999,165,707890,0.99
