QueryID,EF,Latency(ns),Recall
0,100,395079,0.67
1,100,316367,0.95
2,100,355323,0.85
3,100,233367,1
4,100,423657,0.44
5,100,294079,0.93
6,100,291677,1
7,100,378700,0.88
8,100,320409,0.97
9,100,334052,0.91
10,100,453231,0.73
11,100,341469,0.97
12,100,382231,0.89
13,100,387095,0.9
14,100,307717,0.95
15,100,374940,0.83
16,100,378007,0.89
17,100,323316,0.98
18,100,278327,1
19,100,374836,0.84
20,100,368630,0.71
21,100,365344,0.91
22,100,373614,0.91
23,100,422191,0.71
24,100,380793,0.83
25,100,364315,0.87
26,100,356130,0.91
27,100,378022,0.91
28,100,372308,0.88
29,100,351011,0.94
30,100,442799,0.72
31,100,374300,0.73
32,100,352370,0.88
33,100,431955,0.78
34,100,391709,0.75
35,100,412152,0.72
36,100,369418,0.88
37,100,322269,0.94
38,100,351044,0.97
39,100,377798,0.91
40,100,320872,0.92
41,100,251738,1
42,100,359876,1
43,100,301212,1
44,100,335019,0.88
45,100,323739,0.99
46,100,331511,1
47,100,382606,0.85
48,100,329375,0.97
49,100,375258,0.89
50,100,280266,1
51,100,309565,0.93
52,100,426440,0.65
53,100,302396,0.98
54,100,287772,1
55,100,313676,0.96
56,100,362783,0.77
57,100,315810,0.99
58,100,368894,0.75
59,100,460245,0.66
60,100,384686,0.86
61,100,405671,0.71
62,100,315304,0.96
63,100,321620,0.96
64,100,355396,0.89
65,100,409576,0.77
66,100,326661,0.91
67,100,280939,0.97
68,100,366303,0.84
69,100,357536,0.92
70,100,534250,0.64
71,100,420932,0.81
72,100,283329,0.99
73,100,360348,0.93
74,100,314326,0.97
75,100,343495,0.9
76,100,456787,0.6
77,100,318596,0.95
78,100,274500,0.91
79,100,318714,0.97
80,100,323213,0.86
81,100,425374,0.45
82,100,383948,0.87
83,100,409834,0.59
84,100,362116,0.93
85,100,387039,0.81
86,100,255151,1
87,100,435612,0.68
88,100,386877,0.84
89,100,363121,0.79
90,100,327564,0.9
91,100,280684,0.97
92,100,348460,0.94
93,100,373473,0.79
94,100,360802,0.94
95,100,339046,0.78
96,100,326879,0.95
97,100,280704,0.97
98,100,422942,0.79
99,100,373441,0.91
100,100,405889,0.63
101,100,225981,0.99
102,100,374498,0.93
103,100,404821,0.72
104,100,344875,0.58
105,100,351056,0.9
106,100,320167,1
107,100,404742,0.73
108,100,334022,0.98
109,100,406507,0.52
110,100,310712,0.99
111,100,251321,1
112,100,377452,0.64
113,100,325973,0.96
114,100,338632,0.95
115,100,328208,0.97
116,100,337032,0.91
117,100,417440,0.7
118,100,406876,0.77
119,100,382459,0.73
120,100,419014,0.8
121,100,404736,0.84
122,100,299267,0.99
123,100,392290,0.8
124,100,289165,1
125,100,382520,0.77
126,100,371083,0.87
127,100,366256,0.87
128,100,363063,0.88
129,100,384135,0.82
130,100,316626,0.99
131,100,342879,0.92
132,100,400407,0.87
133,100,311686,0.99
134,100,377159,0.78
135,100,433280,0.42
136,100,285047,0.99
137,100,398383,0.82
138,100,360402,0.83
139,100,370250,0.93
140,100,240852,1
141,100,366238,0.96
142,100,296867,0.9
143,100,401830,0.85
144,100,366832,0.82
145,100,326662,0.94
146,100,376423,0.8
147,100,425365,0.76
148,100,382251,0.87
149,100,245916,1
150,100,359971,0.86
151,100,304702,0.77
152,100,396902,0.89
153,100,417438,0.73
154,100,277468,0.9
155,100,299905,0.95
156,100,405753,0.73
157,100,350679,0.97
158,100,338858,0.87
159,100,352365,0.94
160,100,366854,0.91
161,100,424889,0.75
162,100,406077,0.77
163,100,236950,1
164,100,409566,0.74
165,100,403924,0.67
166,100,397831,0.86
167,100,436732,0.62
168,100,400022,0.84
169,100,300921,1
170,100,353384,0.98
171,100,351421,1
172,100,341993,0.93
173,100,403670,0.74
174,100,316623,0.96
175,100,332266,0.97
176,100,385590,0.89
177,100,389931,0.83
178,100,375249,0.88
179,100,363819,0.93
180,100,356424,1
181,100,393454,0.95
182,100,369941,0.79
183,100,312331,0.97
184,100,385735,0.91
185,100,377352,0.78
186,100,379841,0.88
187,100,364446,0.94
188,100,353243,0.98
189,100,342270,0.92
190,100,370572,0.88
191,100,373224,0.78
192,100,385130,0.78
193,100,333650,0.98
194,100,339795,0.94
195,100,563519,0.75
196,100,392110,0.67
197,100,335845,0.94
198,100,399234,0.73
199,100,392188,0.87
200,100,411580,0.88
201,100,383115,0.69
202,100,415625,0.71
203,100,359746,0.85
204,100,370707,0.88
205,100,356421,0.73
206,100,409483,0.7
207,100,375772,0.84
208,100,368245,0.89
209,100,250940,0.89
210,100,369519,0.7
211,100,392448,0.82
212,100,494048,0.6
213,100,345010,0.91
214,100,345545,0.87
215,100,337804,0.94
216,100,338164,0.93
217,100,302278,0.96
218,100,349100,0.94
219,100,393409,0.72
220,100,351232,0.94
221,100,388810,0.7
222,100,407512,0.73
223,100,494449,0.7
224,100,331822,0.96
225,100,421092,0.73
226,100,376876,0.87
227,100,403535,0.72
228,100,390964,0.78
229,100,379603,0.85
230,100,388259,0.8
231,100,314473,0.91
232,100,398468,0.72
233,100,371708,0.83
234,100,360165,0.89
235,100,367386,0.84
236,100,382642,0.82
237,100,333901,1
238,100,357633,0.9
239,100,295687,1
240,100,347442,0.95
241,100,318252,0.91
242,100,237276,0.99
243,100,370356,0.91
244,100,318301,1
245,100,311643,0.96
246,100,374929,0.9
247,100,338833,0.88
248,100,343881,0.92
249,100,209951,1
250,100,415403,0.77
251,100,356864,0.86
252,100,362430,0.85
253,100,385058,0.5
254,100,388897,0.81
255,100,444048,0.62
256,100,287316,0.97
257,100,384915,0.94
258,100,409205,0.74
259,100,350139,0.89
260,100,386480,0.69
261,100,366571,0.8
262,100,382985,0.84
263,100,256314,0.98
264,100,440974,0.58
265,100,302634,0.96
266,100,292385,0.82
267,100,292760,1
268,100,294067,0.98
269,100,291466,1
270,100,265277,0.99
271,100,416985,0.85
272,100,324853,0.96
273,100,372996,0.96
274,100,366980,0.91
275,100,358508,0.82
276,100,356090,0.92
277,100,350772,0.87
278,100,292442,0.98
279,100,381279,0.57
280,100,386084,0.88
281,100,372578,0.84
282,100,331991,0.98
283,100,271312,0.99
284,100,325202,0.94
285,100,330915,0.93
286,100,464691,0.55
287,100,398294,0.78
288,100,380436,0.87
289,100,355551,0.89
290,100,358256,0.88
291,100,313244,0.96
292,100,364896,0.98
293,100,230435,1
294,100,384612,0.87
295,100,353374,0.93
296,100,300402,0.96
297,100,418948,0.7
298,100,292434,1
299,100,339802,0.95
300,100,386015,0.77
301,100,362294,0.91
302,100,427249,0.78
303,100,373596,0.9
304,100,415733,0.88
305,100,384861,0.84
306,100,360187,0.83
307,100,326586,0.91
308,100,388657,0.86
309,100,386697,0.89
310,100,348072,0.95
311,100,348985,0.91
312,100,394666,0.85
313,100,305423,0.95
314,100,403006,0.83
315,100,403984,0.9
316,100,404397,0.81
317,100,337864,0.9
318,100,348131,0.87
319,100,366282,0.87
320,100,410280,0.74
321,100,387078,0.72
322,100,375620,0.82
323,100,413332,0.68
324,100,368944,0.95
325,100,417589,0.59
326,100,331458,0.88
327,100,318338,0.84
328,100,340184,0.9
329,100,385078,0.94
330,100,283067,0.99
331,100,298807,0.98
332,100,375973,0.92
333,100,369374,0.88
334,100,400621,0.59
335,100,443407,0.71
336,100,322899,0.99
337,100,352232,0.84
338,100,358361,0.94
339,100,358948,0.95
340,100,309436,0.97
341,100,341501,0.87
342,100,399424,0.73
343,100,373451,0.91
344,100,358117,0.97
345,100,352103,0.96
346,100,366822,0.83
347,100,308851,0.98
348,100,357192,0.94
349,100,354212,0.91
350,100,354304,0.99
351,100,245842,1
352,100,380917,0.85
353,100,365036,0.97
354,100,393472,0.69
355,100,382177,0.65
356,100,403510,0.64
357,100,271594,1
358,100,281764,0.95
359,100,286655,0.99
360,100,348467,0.96
361,100,321387,0.94
362,100,363743,0.92
363,100,385615,0.78
364,100,401952,0.69
365,100,353993,0.81
366,100,392602,0.86
367,100,386280,0.93
368,100,342460,0.89
369,100,339816,0.93
370,100,391686,0.6
371,100,352918,0.88
372,100,334672,0.91
373,100,377445,0.88
374,100,367951,0.69
375,100,335911,0.95
376,100,398834,0.8
377,100,321637,0.99
378,100,355987,0.92
379,100,375037,0.93
380,100,366016,0.92
381,100,363811,0.71
382,100,401519,0.8
383,100,360045,0.98
384,100,344813,0.83
385,100,365899,0.86
386,100,306797,1
387,100,387189,1
388,100,406194,0.74
389,100,315547,0.96
390,100,385720,0.96
391,100,338567,0.99
392,100,316146,0.97
393,100,375517,0.94
394,100,343743,0.91
395,100,380740,0.85
396,100,416346,0.87
397,100,380034,0.85
398,100,278363,1
399,100,399020,0.72
400,100,398363,0.76
401,100,380746,0.92
402,100,418267,0.82
403,100,369653,0.89
404,100,353813,0.94
405,100,360302,0.94
406,100,381526,0.86
407,100,407557,0.73
408,100,306713,0.9
409,100,275843,0.99
410,100,401845,0.75
411,100,399344,0.65
412,100,387580,0.77
413,100,380305,0.89
414,100,298430,0.98
415,100,391282,0.91
416,100,310561,0.99
417,100,322122,1
418,100,320513,0.94
419,100,315792,0.94
420,100,349566,0.89
421,100,403286,0.8
422,100,292066,1
423,100,174589,1
424,100,415802,0.72
425,100,262535,1
426,100,394843,0.81
427,100,375186,0.95
428,100,409268,0.84
429,100,367869,0.92
430,100,233275,0.93
431,100,325541,0.94
432,100,448913,0.77
433,100,305312,1
434,100,237432,1
435,100,420280,0.86
436,100,275301,1
437,100,343857,0.96
438,100,384204,0.89
439,100,316351,0.91
440,100,425410,0.7
441,100,305786,0.95
442,100,309543,0.98
443,100,433485,0.8
444,100,352015,0.86
445,100,350701,0.8
446,100,383201,0.87
447,100,316803,0.96
448,100,383611,0.91
449,100,284946,0.99
450,100,370797,0.82
451,100,454748,0.65
452,100,401228,0.86
453,100,338277,0.96
454,100,388966,0.83
455,100,371392,0.95
456,100,348083,0.89
457,100,417448,0.65
458,100,291089,0.97
459,100,366874,0.97
460,100,400925,0.85
461,100,371795,0.93
462,100,338527,0.9
463,100,357905,0.85
464,100,229534,0.94
465,100,407186,0.57
466,100,389751,0.68
467,100,316675,0.98
468,100,358476,0.96
469,100,407365,0.85
470,100,362410,0.95
471,100,388835,0.66
472,100,402171,0.81
473,100,341178,0.9
474,100,381957,0.78
475,100,443414,0.75
476,100,427148,0.72
477,100,388854,0.76
478,100,396661,0.92
479,100,398252,0.8
480,100,291172,1
481,100,348082,0.94
482,100,323379,0.95
483,100,348474,0.95
484,100,205739,1
485,100,420124,0.93
486,100,377466,0.94
487,100,353923,0.93
488,100,313509,0.99
489,100,371175,0.85
490,100,407440,0.6
491,100,373068,0.91
492,100,324274,0.98
493,100,247107,1
494,100,381042,0.85
495,100,346247,0.96
496,100,379226,0.85
497,100,333348,0.96
498,100,376608,0.88
499,100,334748,1
500,100,347134,0.89
501,100,424642,0.66
502,100,341205,0.97
503,100,448425,0.72
504,100,300187,0.89
505,100,311515,0.94
506,100,423363,0.75
507,100,322823,0.89
508,100,396244,0.76
509,100,341052,0.95
510,100,335142,0.99
511,100,400807,0.75
512,100,363251,0.82
513,100,386320,0.87
514,100,420487,0.69
515,100,365385,0.83
516,100,321921,0.99
517,100,421274,0.69
518,100,400187,0.8
519,100,384435,0.86
520,100,275454,0.99
521,100,372526,0.76
522,100,377147,0.88
523,100,375045,0.88
524,100,654464,0.56
525,100,424110,0.71
526,100,302534,0.96
527,100,364476,0.94
528,100,369142,0.88
529,100,346147,0.89
530,100,381943,0.94
531,100,343009,0.9
532,100,389832,0.76
533,100,336066,0.94
534,100,281226,1
535,100,290040,0.97
536,100,284300,0.99
537,100,408235,0.77
538,100,385099,0.85
539,100,363251,0.92
540,100,382068,0.88
541,100,417060,0.86
542,100,383840,0.82
543,100,305788,0.96
544,100,343647,0.96
545,100,313208,0.95
546,100,394384,0.85
547,100,331584,0.97
548,100,296433,0.99
549,100,350774,0.98
550,100,381580,0.86
551,100,313653,0.82
552,100,419517,0.66
553,100,407381,0.79
554,100,296118,0.98
555,100,386667,0.89
556,100,396864,0.8
557,100,368796,0.9
558,100,398913,0.71
559,100,327515,0.96
560,100,401474,0.83
561,100,384979,0.73
562,100,374167,0.97
563,100,373848,0.73
564,100,276182,0.96
565,100,422008,0.77
566,100,375910,0.91
567,100,367818,0.94
568,100,405107,0.85
569,100,326105,0.93
570,100,417424,0.74
571,100,401766,0.83
572,100,324201,0.98
573,100,400081,0.75
574,100,392980,0.8
575,100,439520,0.79
576,100,362954,0.89
577,100,357140,1
578,100,396099,0.82
579,100,369179,0.87
580,100,377950,0.83
581,100,413779,0.87
582,100,390820,0.66
583,100,363387,0.94
584,100,301698,0.99
585,100,368944,0.88
586,100,397762,0.82
587,100,375334,0.95
588,100,337652,0.98
589,100,347563,0.83
590,100,375368,0.87
591,100,404155,0.86
592,100,390840,0.76
593,100,335971,0.94
594,100,298352,1
595,100,247772,1
596,100,380609,0.98
597,100,408206,0.7
598,100,380999,0.72
599,100,317800,0.98
600,100,390254,0.85
601,100,241169,1
602,100,350560,0.91
603,100,354478,0.84
604,100,359310,0.88
605,100,354676,0.83
606,100,405605,0.74
607,100,258875,0.98
608,100,376996,0.74
609,100,389015,0.77
610,100,402694,0.67
611,100,329682,0.98
612,100,398947,0.69
613,100,407743,0.75
614,100,403526,0.73
615,100,375895,0.87
616,100,431678,0.7
617,100,319499,0.94
618,100,421387,0.71
619,100,329608,0.84
620,100,360189,0.95
621,100,263816,1
622,100,385382,0.79
623,100,440182,0.77
624,100,324150,0.97
625,100,419235,0.7
626,100,368110,0.94
627,100,293462,0.99
628,100,380979,0.94
629,100,301332,0.98
630,100,428432,0.58
631,100,362535,0.78
632,100,358323,0.86
633,100,400464,0.62
634,100,317147,0.98
635,100,370408,0.91
636,100,323712,0.96
637,100,355317,0.77
638,100,379445,0.82
639,100,424493,0.8
640,100,298225,1
641,100,401225,0.82
642,100,451745,0.56
643,100,398797,0.77
644,100,377157,0.92
645,100,314356,0.97
646,100,178449,1
647,100,385557,0.85
648,100,267968,0.98
649,100,389031,0.78
650,100,335808,0.94
651,100,358487,0.84
652,100,324867,0.92
653,100,349832,0.98
654,100,414612,0.8
655,100,441499,0.45
656,100,429579,0.63
657,100,367402,0.71
658,100,361182,0.74
659,100,356704,0.98
660,100,354029,0.84
661,100,406954,0.5
662,100,336116,0.96
663,100,319346,1
664,100,367346,0.73
665,100,234494,0.99
666,100,303204,1
667,100,346236,0.87
668,100,147651,1
669,100,415493,0.82
670,100,379685,0.78
671,100,343996,0.92
672,100,384423,0.77
673,100,373842,0.7
674,100,363303,0.93
675,100,378713,0.82
676,100,382369,0.87
677,100,467960,0.64
678,100,259570,1
679,100,347278,0.71
680,100,331243,0.97
681,100,369692,0.83
682,100,375410,0.7
683,100,365343,0.94
684,100,343217,0.85
685,100,340755,0.92
686,100,329966,0.57
687,100,384368,0.85
688,100,378914,0.95
689,100,302794,0.99
690,100,411262,0.68
691,100,395782,0.79
692,100,406556,0.86
693,100,278619,1
694,100,357940,0.83
695,100,335362,0.83
696,100,437144,0.48
697,100,273250,0.93
698,100,378198,0.82
699,100,371671,0.89
700,100,353433,0.94
701,100,390966,0.84
702,100,463616,0.43
703,100,265860,0.99
704,100,368251,0.87
705,100,444445,0.59
706,100,377826,0.86
707,100,323340,0.96
708,100,340180,0.83
709,100,270541,1
710,100,412845,0.86
711,100,372221,0.84
712,100,315237,0.82
713,100,185377,1
714,100,460476,0.71
715,100,347592,0.96
716,100,338471,0.96
717,100,435224,0.76
718,100,392863,0.71
719,100,371881,0.72
720,100,381505,0.76
721,100,390158,0.89
722,100,408867,0.7
723,100,378123,0.76
724,100,312240,0.96
725,100,409821,0.75
726,100,400149,0.76
727,100,358423,0.94
728,100,330616,0.99
729,100,411171,0.75
730,100,342180,0.91
731,100,353549,0.94
732,100,374307,0.83
733,100,410253,0.62
734,100,261166,0.99
735,100,383019,0.92
736,100,340866,0.95
737,100,420863,0.65
738,100,286189,1
739,100,406611,0.72
740,100,307451,0.98
741,100,387261,0.97
742,100,377329,0.64
743,100,353096,0.93
744,100,329859,0.95
745,100,405864,0.72
746,100,345170,0.9
747,100,339846,0.98
748,100,390278,0.87
749,100,231809,1
750,100,269676,0.99
751,100,365535,0.92
752,100,214221,0.98
753,100,437515,0.68
754,100,370324,0.8
755,100,435944,0.54
756,100,347118,0.88
757,100,373775,0.9
758,100,292904,0.97
759,100,407409,0.64
760,100,356215,0.96
761,100,398286,0.83
762,100,411941,0.86
763,100,373357,0.8
764,100,377444,0.78
765,100,392825,0.79
766,100,388420,0.91
767,100,389905,0.74
768,100,378539,0.88
769,100,417251,0.89
770,100,307049,0.95
771,100,420855,0.72
772,100,384336,0.81
773,100,367476,0.89
774,100,416344,0.68
775,100,330209,0.99
776,100,359139,0.98
777,100,289283,0.99
778,100,363195,0.8
779,100,311543,0.97
780,100,413681,0.72
781,100,451937,0.71
782,100,377306,0.88
783,100,349129,0.96
784,100,286338,0.95
785,100,319036,0.97
786,100,321220,0.93
787,100,362579,0.92
788,100,309635,1
789,100,414837,0.79
790,100,363670,0.91
791,100,304628,0.88
792,100,395620,0.76
793,100,406980,0.79
794,100,388133,0.83
795,100,364095,0.96
796,100,396121,0.71
797,100,423960,0.83
798,100,380674,0.81
799,100,367638,0.85
800,100,405449,0.81
801,100,386901,0.95
802,100,293542,0.97
803,100,363519,0.82
804,100,299768,0.98
805,100,365176,0.92
806,100,416111,0.57
807,100,334462,0.9
808,100,328003,0.87
809,100,327895,0.96
810,100,407662,0.75
811,100,393295,0.7
812,100,336737,0.98
813,100,365689,0.86
814,100,399153,0.83
815,100,296139,0.99
816,100,347086,0.93
817,100,350015,0.9
818,100,403320,0.73
819,100,388341,0.77
820,100,361200,0.95
821,100,416893,0.69
822,100,350844,0.79
823,100,310301,1
824,100,374712,0.77
825,100,434871,0.71
826,100,346884,0.95
827,100,354013,0.92
828,100,369404,0.89
829,100,384825,0.89
830,100,330104,0.98
831,100,413758,0.7
832,100,362094,0.87
833,100,384549,0.76
834,100,389462,0.8
835,100,317898,0.95
836,100,392319,0.87
837,100,322800,0.95
838,100,398287,0.81
839,100,297248,0.9
840,100,291201,0.97
841,100,385084,0.9
842,100,362532,0.83
843,100,402565,0.79
844,100,371912,0.9
845,100,288824,0.99
846,100,211628,1
847,100,394551,0.68
848,100,361769,0.91
849,100,225596,1
850,100,174499,1
851,100,384082,0.92
852,100,362494,0.91
853,100,360253,0.93
854,100,322975,0.98
855,100,408767,0.62
856,100,412565,0.82
857,100,402625,0.83
858,100,363586,0.91
859,100,426567,0.62
860,100,396483,0.65
861,100,377814,0.64
862,100,384664,0.95
863,100,379846,0.93
864,100,368343,0.83
865,100,328801,0.93
866,100,413634,0.7
867,100,380856,0.86
868,100,373299,0.91
869,100,384837,0.94
870,100,310158,0.98
871,100,356128,0.86
872,100,409469,0.85
873,100,285170,1
874,100,397959,0.8
875,100,337727,0.9
876,100,365365,0.89
877,100,351981,0.9
878,100,295990,0.99
879,100,313817,1
880,100,387173,0.82
881,100,326773,0.97
882,100,335562,0.92
883,100,311991,0.9
884,100,294143,0.96
885,100,364582,0.86
886,100,345920,1
887,100,365516,0.89
888,100,370182,0.9
889,100,406784,0.68
890,100,311746,0.96
891,100,449399,0.69
892,100,374403,0.86
893,100,290509,0.99
894,100,315133,0.98
895,100,342354,0.97
896,100,303309,0.95
897,100,406593,0.63
898,100,351902,0.85
899,100,323037,0.97
900,100,399458,0.86
901,100,413392,0.82
902,100,319394,0.95
903,100,402665,0.91
904,100,365760,0.87
905,100,346548,0.83
906,100,407311,0.68
907,100,314062,0.93
908,100,341123,0.9
909,100,371116,0.87
910,100,378690,0.53
911,100,494468,0.42
912,100,394621,0.85
913,100,356226,0.94
914,100,316523,0.96
915,100,331609,0.91
916,100,316132,0.91
917,100,406331,0.58
918,100,392009,0.67
919,100,417168,0.91
920,100,381628,0.86
921,100,410202,0.87
922,100,293160,0.97
923,100,346583,0.88
924,100,374614,0.88
925,100,249746,0.99
926,100,393842,0.78
927,100,418591,0.53
928,100,328599,0.98
929,100,334299,0.98
930,100,367742,0.8
931,100,327566,0.92
932,100,388349,0.88
933,100,383680,0.77
934,100,413236,0.87
935,100,395895,0.77
936,100,337073,0.97
937,100,447124,0.79
938,100,349841,0.95
939,100,414730,0.75
940,100,407343,0.81
941,100,355031,0.95
942,100,427007,0.79
943,100,305665,0.99
944,100,392196,0.86
945,100,403101,0.61
946,100,341617,0.92
947,100,367803,0.9
948,100,419278,0.73
949,100,361468,0.89
950,100,302363,1
951,100,412315,0.83
952,100,375988,0.91
953,100,345828,0.93
954,100,368968,0.9
955,100,308362,0.99
956,100,354988,0.92
957,100,356752,0.97
958,100,390058,0.8
959,100,393805,0.74
960,100,384601,0.79
961,100,394026,0.78
962,100,388946,0.76
963,100,395254,0.81
964,100,394336,0.72
965,100,336127,0.95
966,100,370830,0.77
967,100,360593,0.78
968,100,382991,0.86
969,100,437936,0.83
970,100,410866,0.82
971,100,383291,0.72
972,100,327132,0.94
973,100,343898,0.95
974,100,371135,0.89
975,100,393788,0.84
976,100,296342,0.99
977,100,365953,0.89
978,100,405267,0.62
979,100,362459,0.92
980,100,396064,0.66
981,100,408688,0.83
982,100,261065,0.99
983,100,346253,0.95
984,100,256521,1
985,100,379186,0.86
986,100,400853,0.7
987,100,345273,0.91
988,100,359316,0.89
989,100,359847,0.9
990,100,409972,0.78
991,100,368638,0.78
992,100,387695,0.87
993,100,425555,0.89
994,100,380713,0.92
995,100,398738,0.6
996,100,394974,0.71
997,100,395847,0.69
998,100,407551,0.86
999,100,401960,0.79
0,200,744958,0.84
1,200,604191,1
2,200,668161,0.96
3,200,435877,1
4,200,803931,0.66
5,200,530019,0.97
6,200,540237,1
7,200,715344,0.95
8,200,606936,1
9,200,623746,0.98
10,200,801513,0.81
11,200,641188,1
12,200,720632,0.96
13,200,737128,0.96
14,200,549000,0.99
15,200,686781,0.88
16,200,719573,0.99
17,200,590464,1
18,200,512585,1
19,200,708304,0.94
20,200,706576,0.93
21,200,644778,0.96
22,200,740039,0.98
23,200,781201,0.82
24,200,725789,0.92
25,200,680398,0.96
26,200,675525,0.99
27,200,732948,0.96
28,200,714203,0.95
29,200,661999,0.97
30,200,799564,0.82
31,200,694148,0.84
32,200,670691,0.94
33,200,808225,0.87
34,200,746859,0.88
35,200,758440,0.86
36,200,691838,0.92
37,200,594298,0.99
38,200,656631,1
39,200,691757,0.94
40,200,559933,0.98
41,200,481305,1
42,200,647951,1
43,200,561735,1
44,200,641244,0.98
45,200,588872,0.99
46,200,612947,1
47,200,702579,0.94
48,200,591229,1
49,200,681324,0.96
50,200,505824,1
51,200,576082,0.98
52,200,1528948,0.79
53,200,546614,1
54,200,513040,1
55,200,583566,1
56,200,674963,0.9
57,200,589460,1
58,200,729298,0.92
59,200,838150,0.75
60,200,734901,0.93
61,200,784438,0.87
62,200,592703,0.99
63,200,594556,1
64,200,655209,0.96
65,200,756627,0.94
66,200,626245,0.96
67,200,490859,1
68,200,702409,0.97
69,200,679816,1
70,200,818104,0.79
71,200,760381,0.93
72,200,523741,0.99
73,200,679068,0.98
74,200,591628,1
75,200,665684,0.97
76,200,813802,0.76
77,200,599927,0.98
78,200,478257,1
79,200,569236,0.99
80,200,630839,0.93
81,200,797191,0.73
82,200,738024,0.95
83,200,782774,0.72
84,200,663013,0.99
85,200,736999,0.95
86,200,418555,1
87,200,755057,0.78
88,200,713380,0.93
89,200,708675,0.88
90,200,574967,0.99
91,200,501367,1
92,200,664289,0.99
93,200,719957,0.93
94,200,664491,0.98
95,200,610067,0.96
96,200,622200,0.99
97,200,506001,0.99
98,200,758472,0.92
99,200,685435,0.98
100,200,784827,0.81
101,200,378162,1
102,200,693479,0.98
103,200,769784,0.83
104,200,629970,0.75
105,200,690861,0.98
106,200,594443,1
107,200,764548,0.85
108,200,624037,1
109,200,769586,0.75
110,200,580874,1
111,200,453144,1
112,200,689417,0.83
113,200,612705,0.99
114,200,626034,1
115,200,612026,1
116,200,647305,0.98
117,200,802098,0.87
118,200,756802,0.94
119,200,723356,0.89
120,200,766351,0.89
121,200,746965,0.96
122,200,531486,1
123,200,724978,0.93
124,200,518823,1
125,200,737571,0.88
126,200,689703,0.99
127,200,679791,0.95
128,200,696072,0.99
129,200,726926,0.9
130,200,547234,1
131,200,636337,0.99
132,200,736778,0.93
133,200,563473,1
134,200,718814,0.92
135,200,819474,0.61
136,200,511681,1
137,200,761128,0.9
138,200,671913,0.88
139,200,690257,0.99
140,200,421170,1
141,200,664770,0.99
142,200,538481,0.99
143,200,739281,0.95
144,200,698292,0.95
145,200,644366,0.99
146,200,735424,0.92
147,200,775260,0.81
148,200,711578,0.99
149,200,450889,1
150,200,686931,0.98
151,200,558574,0.94
152,200,755770,0.95
153,200,732931,0.89
154,200,493510,0.96
155,200,543874,0.99
156,200,795285,0.91
157,200,643070,0.99
158,200,625203,0.94
159,200,663743,1
160,200,669688,0.96
161,200,786779,0.8
162,200,768987,0.91
163,200,445609,1
164,200,772011,0.92
165,200,771381,0.81
166,200,744538,0.97
167,200,824523,0.8
168,200,760888,0.97
169,200,555263,1
170,200,678552,1
171,200,633070,1
172,200,629576,0.99
173,200,767328,0.85
174,200,542932,0.98
175,200,631648,1
176,200,709461,0.97
177,200,736341,0.94
178,200,718065,0.95
179,200,666732,0.99
180,200,663856,1
181,200,759722,0.97
182,200,703633,0.89
183,200,553290,1
184,200,719172,0.96
185,200,688320,0.88
186,200,746856,0.97
187,200,667872,0.97
188,200,642250,0.99
189,200,626885,0.98
190,200,697174,0.97
191,200,686464,0.88
192,200,744045,0.9
193,200,621918,1
194,200,649767,0.95
195,200,973375,0.85
196,200,754897,0.92
197,200,631653,0.99
198,200,743504,0.86
199,200,743978,0.93
200,200,776505,0.97
201,200,730012,0.86
202,200,795018,0.82
203,200,693963,0.94
204,200,686519,0.98
205,200,666734,0.88
206,200,768265,0.82
207,200,723404,0.92
208,200,702770,0.97
209,200,414494,0.98
210,200,694167,0.85
211,200,749947,0.93
212,200,872026,0.77
213,200,647114,0.97
214,200,641819,0.96
215,200,662876,0.98
216,200,617418,0.99
217,200,559967,0.98
218,200,634998,0.99
219,200,750640,0.85
220,200,663640,0.97
221,200,735842,0.86
222,200,737927,0.9
223,200,776771,0.76
224,200,625633,0.99
225,200,770327,0.85
226,200,709500,0.94
227,200,766427,0.86
228,200,729181,0.9
229,200,700145,0.95
230,200,718464,0.93
231,200,561652,0.99
232,200,736654,0.89
233,200,696081,0.95
234,200,689117,0.98
235,200,694016,0.94
236,200,727672,0.87
237,200,625374,1
238,200,696178,0.99
239,200,535419,1
240,200,648349,0.98
241,200,572739,0.98
242,200,424573,1
243,200,714845,0.95
244,200,587639,1
245,200,581970,0.98
246,200,683413,0.95
247,200,627037,0.98
248,200,613405,0.98
249,200,386423,1
250,200,767728,0.83
251,200,686918,0.99
252,200,654242,0.98
253,200,728703,0.74
254,200,753178,0.97
255,200,820186,0.77
256,200,541234,1
257,200,682052,0.97
258,200,751618,0.88
259,200,648189,0.97
260,200,753880,0.79
261,200,715368,0.88
262,200,717925,0.95
263,200,468712,1
264,200,828856,0.7
265,200,556040,0.99
266,200,566273,0.87
267,200,543581,1
268,200,549613,1
269,200,540932,1
270,200,487128,1
271,200,762148,0.94
272,200,605780,1
273,200,669897,0.97
274,200,681613,0.97
275,200,695658,0.96
276,200,660691,0.98
277,200,674801,0.98
278,200,563498,1
279,200,726921,0.84
280,200,734696,0.96
281,200,724576,0.96
282,200,597777,1
283,200,516733,1
284,200,607038,0.98
285,200,626169,1
286,200,834410,0.76
287,200,732361,0.87
288,200,709918,0.92
289,200,646138,0.99
290,200,689837,0.97
291,200,548888,0.99
292,200,677221,1
293,200,415054,1
294,200,716310,0.95
295,200,648660,0.96
296,200,567709,1
297,200,790585,0.83
298,200,538906,1
299,200,645250,0.99
300,200,717409,0.87
301,200,663367,0.95
302,200,783102,0.92
303,200,703730,0.97
304,200,748544,0.96
305,200,742254,0.93
306,200,690910,0.96
307,200,629925,0.99
308,200,716377,0.94
309,200,711465,0.94
310,200,637302,0.99
311,200,688887,0.96
312,200,730986,0.95
313,200,565274,0.98
314,200,715268,0.94
315,200,749146,0.97
316,200,757477,0.9
317,200,644991,0.98
318,200,638876,0.93
319,200,672322,0.96
320,200,768550,0.86
321,200,751900,0.81
322,200,711481,0.94
323,200,788352,0.86
324,200,696547,0.99
325,200,780869,0.8
326,200,639988,0.98
327,200,606377,0.96
328,200,630848,0.97
329,200,716076,1
330,200,539200,1
331,200,559290,1
332,200,680614,0.96
333,200,708635,0.94
334,200,763104,0.79
335,200,788723,0.84
336,200,575462,1
337,200,689313,0.94
338,200,670841,0.98
339,200,669907,0.99
340,200,544548,1
341,200,633851,1
342,200,750129,0.89
343,200,682628,0.97
344,200,680698,0.99
345,200,671996,0.98
346,200,695913,0.93
347,200,560350,0.99
348,200,652831,0.99
349,200,656136,0.98
350,200,676948,1
351,200,461692,1
352,200,705302,0.94
353,200,671137,0.99
354,200,740254,0.88
355,200,736816,0.78
356,200,794748,0.8
357,200,531172,1
358,200,417645,0.98
359,200,531098,1
360,200,620981,1
361,200,577364,0.99
362,200,687833,0.98
363,200,712857,0.93
364,200,756544,0.82
365,200,672499,0.95
366,200,708276,0.97
367,200,737967,0.99
368,200,670220,0.99
369,200,630624,1
370,200,789819,0.76
371,200,649574,0.97
372,200,617484,1
373,200,701651,0.99
374,200,713609,0.8
375,200,652366,0.97
376,200,767298,0.91
377,200,611927,0.99
378,200,666028,0.98
379,200,702024,0.99
380,200,658306,0.96
381,200,724359,0.82
382,200,755260,0.88
383,200,683491,1
384,200,650892,0.96
385,200,692340,0.92
386,200,581349,1
387,200,665877,1
388,200,763222,0.9
389,200,579268,0.98
390,200,714972,0.99
391,200,619489,1
392,200,594883,0.99
393,200,682277,1
394,200,645002,0.98
395,200,735168,0.96
396,200,761957,0.97
397,200,717712,0.92
398,200,515982,1
399,200,763495,0.87
400,200,754382,0.93
401,200,695076,0.96
402,200,787775,0.89
403,200,681173,0.95
404,200,673065,0.98
405,200,681849,0.98
406,200,715706,0.97
407,200,752345,0.87
408,200,545271,0.98
409,200,499591,1
410,200,764390,0.89
411,200,764253,0.88
412,200,730433,0.91
413,200,708678,0.96
414,200,555383,1
415,200,715487,0.96
416,200,584860,1
417,200,603745,1
418,200,612498,0.99
419,200,607417,1
420,200,644693,0.98
421,200,748360,0.96
422,200,533139,1
423,200,353389,1
424,200,755357,0.85
425,200,458530,1
426,200,733252,0.95
427,200,699584,0.98
428,200,739320,0.96
429,200,663321,1
430,200,413913,0.98
431,200,597986,1
432,200,822328,0.89
433,200,554964,1
434,200,415533,1
435,200,753393,0.95
436,200,487780,1
437,200,666980,1
438,200,712927,0.93
439,200,619879,1
440,200,773595,0.85
441,200,567300,1
442,200,585764,1
443,200,790229,0.94
444,200,669325,0.95
445,200,622690,0.89
446,200,664341,0.97
447,200,582788,0.99
448,200,733982,0.97
449,200,511195,1
450,200,710051,0.91
451,200,827143,0.79
452,200,736453,0.98
453,200,620080,0.98
454,200,727481,0.95
455,200,688878,0.98
456,200,661955,0.98
457,200,763598,0.89
458,200,528804,0.99
459,200,692786,1
460,200,728902,0.96
461,200,676648,0.98
462,200,645044,0.99
463,200,714246,0.96
464,200,400735,0.98
465,200,771388,0.79
466,200,738366,0.82
467,200,571769,0.99
468,200,635315,1
469,200,767161,0.97
470,200,659319,0.99
471,200,760622,0.8
472,200,765780,0.91
473,200,648343,0.96
474,200,744293,0.86
475,200,792686,0.92
476,200,811322,0.86
477,200,732330,0.85
478,200,728487,0.99
479,200,747716,0.89
480,200,577600,1
481,200,673303,1
482,200,594154,1
483,200,648152,0.99
484,200,356889,1
485,200,765784,0.96
486,200,692177,0.99
487,200,658738,0.98
488,200,579311,1
489,200,698606,0.95
490,200,775290,0.78
491,200,709750,0.97
492,200,568834,1
493,200,444744,1
494,200,696714,0.94
495,200,635028,0.99
496,200,722896,0.94
497,200,622798,1
498,200,701043,0.97
499,200,623486,1
500,200,629945,0.96
501,200,809758,0.86
502,200,619049,1
503,200,790346,0.92
504,200,563766,0.96
505,200,578003,0.98
506,200,792353,0.85
507,200,604570,0.95
508,200,737393,0.87
509,200,619726,1
510,200,606122,1
511,200,735673,0.89
512,200,704811,0.95
513,200,740472,0.93
514,200,794870,0.79
515,200,680260,0.95
516,200,569955,1
517,200,768267,0.81
518,200,753488,0.95
519,200,724846,0.96
520,200,495050,0.99
521,200,698938,0.89
522,200,710448,0.96
523,200,711541,0.98
524,200,1024656,0.68
525,200,763178,0.8
526,200,559860,0.99
527,200,682040,1
528,200,693660,0.93
529,200,664559,0.98
530,200,701699,0.98
531,200,648230,0.99
532,200,737771,0.91
533,200,634183,0.98
534,200,509306,1
535,200,495655,1
536,200,511732,1
537,200,761161,0.91
538,200,736465,0.94
539,200,682960,0.98
540,200,698490,0.97
541,200,788151,0.97
542,200,732843,0.91
543,200,550750,0.98
544,200,666822,0.99
545,200,582734,0.99
546,200,746388,0.96
547,200,618263,1
548,200,566062,1
549,200,669596,1
550,200,718135,0.94
551,200,618719,0.96
552,200,806284,0.87
553,200,760841,0.95
554,200,549881,0.99
555,200,746805,0.96
556,200,746969,0.93
557,200,682367,0.97
558,200,772983,0.9
559,200,629768,0.99
560,200,745209,0.94
561,200,744153,0.93
562,200,667171,0.98
563,200,740658,0.86
564,200,515339,1
565,200,791745,0.89
566,200,706397,0.99
567,200,665526,0.97
568,200,736222,0.92
569,200,610910,0.99
570,200,783773,0.86
571,200,764233,0.89
572,200,620546,1
573,200,777646,0.92
574,200,710477,0.9
575,200,743575,0.88
576,200,693482,0.98
577,200,655862,1
578,200,723627,0.89
579,200,710728,0.96
580,200,718944,0.96
581,200,738002,0.97
582,200,719347,0.83
583,200,692338,0.99
584,200,587367,1
585,200,717711,0.97
586,200,748362,0.92
587,200,670591,0.99
588,200,622618,0.99
589,200,667260,0.9
590,200,716512,0.96
591,200,756571,0.92
592,200,736532,0.94
593,200,614751,0.98
594,200,583076,1
595,200,452707,1
596,200,662662,0.99
597,200,777401,0.86
598,200,722672,0.92
599,200,571101,1
600,200,722695,0.94
601,200,448593,1
602,200,638798,0.99
603,200,670771,0.95
604,200,674704,0.93
605,200,664042,0.95
606,200,726467,0.86
607,200,463051,0.99
608,200,718084,0.85
609,200,705631,0.91
610,200,788391,0.79
611,200,634984,1
612,200,760862,0.89
613,200,752427,0.89
614,200,758170,0.86
615,200,702127,0.95
616,200,802985,0.83
617,200,589109,0.99
618,200,767571,0.88
619,200,629596,0.93
620,200,666775,0.99
621,200,494204,1
622,200,743328,0.92
623,200,791538,0.89
624,200,617642,1
625,200,771727,0.78
626,200,692360,0.98
627,200,543890,0.99
628,200,701000,0.97
629,200,577732,1
630,200,783076,0.81
631,200,681974,0.86
632,200,676203,0.97
633,200,753013,0.78
634,200,589187,0.98
635,200,711046,0.97
636,200,616372,1
637,200,638748,0.89
638,200,709237,0.92
639,200,773762,0.93
640,200,519526,1
641,200,759801,0.96
642,200,827308,0.72
643,200,725799,0.92
644,200,675308,0.98
645,200,591238,1
646,200,296600,1
647,200,719226,0.92
648,200,465927,0.99
649,200,711746,0.9
650,200,621152,1
651,200,698136,0.96
652,200,635942,0.95
653,200,652850,1
654,200,763715,0.89
655,200,791403,0.6
656,200,809224,0.81
657,200,706305,0.9
658,200,694111,0.85
659,200,653209,1
660,200,651763,0.92
661,200,781227,0.64
662,200,634993,1
663,200,612077,1
664,200,705445,0.86
665,200,432824,1
666,200,545974,0.99
667,200,653717,0.96
668,200,246038,1
669,200,763524,0.93
670,200,704411,0.92
671,200,619669,0.98
672,200,721140,0.95
673,200,712264,0.94
674,200,685722,0.99
675,200,734576,0.92
676,200,720752,0.95
677,200,828941,0.82
678,200,469598,1
679,200,633364,0.81
680,200,604971,1
681,200,701854,0.97
682,200,653232,0.85
683,200,671256,0.98
684,200,646258,0.92
685,200,656603,0.98
686,200,602829,0.8
687,200,709051,0.94
688,200,687564,1
689,200,533814,0.99
690,200,790514,0.86
691,200,728085,0.92
692,200,762570,0.94
693,200,500131,1
694,200,657047,0.93
695,200,615513,0.94
696,200,808023,0.7
697,200,509843,1
698,200,704620,0.91
699,200,716108,0.99
700,200,654571,0.98
701,200,751609,0.95
702,200,816341,0.58
703,200,499785,1
704,200,709946,0.97
705,200,777316,0.75
706,200,719205,0.97
707,200,593255,0.99
708,200,635672,0.94
709,200,490351,1
710,200,766456,0.95
711,200,682374,0.98
712,200,593167,0.98
713,200,332444,1
714,200,756232,0.84
715,200,649415,0.97
716,200,606332,1
717,200,807004,0.94
718,200,765262,0.85
719,200,716171,0.84
720,200,700093,0.88
721,200,738811,0.96
722,200,790466,0.86
723,200,708650,0.94
724,200,611081,1
725,200,757170,0.91
726,200,750136,0.91
727,200,692306,0.98
728,200,625783,1
729,200,742005,0.89
730,200,635457,0.95
731,200,666538,0.97
732,200,713347,0.94
733,200,783583,0.78
734,200,476101,1
735,200,721044,0.98
736,200,622037,0.98
737,200,780149,0.87
738,200,512693,1
739,200,776578,0.88
740,200,538514,1
741,200,661035,1
742,200,722602,0.84
743,200,654312,0.97
744,200,583444,0.99
745,200,761681,0.87
746,200,638519,0.99
747,200,638932,1
748,200,755810,0.95
749,200,420966,1
750,200,476521,1
751,200,669001,0.98
752,200,384631,1
753,200,769160,0.86
754,200,695387,0.9
755,200,789750,0.75
756,200,630766,0.98
757,200,688890,0.99
758,200,533086,1
759,200,755333,0.82
760,200,664511,0.99
761,200,775330,0.95
762,200,740255,0.95
763,200,727287,0.97
764,200,712582,0.93
765,200,744045,0.91
766,200,701072,0.97
767,200,740278,0.87
768,200,703634,0.95
769,200,744231,0.94
770,200,580788,0.99
771,200,757436,0.88
772,200,695661,0.87
773,200,671691,0.98
774,200,757404,0.76
775,200,610171,1
776,200,641022,1
777,200,516404,1
778,200,673567,0.89
779,200,589506,0.99
780,200,785366,0.83
781,200,840869,0.83
782,200,726717,0.96
783,200,626252,1
784,200,533464,0.99
785,200,561758,1
786,200,619490,0.99
787,200,687526,0.97
788,200,581172,1
789,200,765045,0.89
790,200,670514,0.97
791,200,544617,0.96
792,200,716298,0.92
793,200,767169,0.92
794,200,755627,0.98
795,200,677750,1
796,200,774544,0.9
797,200,759566,0.93
798,200,727280,0.95
799,200,721955,0.93
800,200,724419,0.91
801,200,717122,0.98
802,200,576911,1
803,200,688358,0.97
804,200,546170,0.99
805,200,689192,0.99
806,200,758639,0.81
807,200,594950,0.93
808,200,619247,0.96
809,200,595282,0.99
810,200,769763,0.85
811,200,761683,0.88
812,200,619248,1
813,200,688234,0.95
814,200,740738,0.93
815,200,544398,1
816,200,646836,0.99
817,200,636658,0.96
818,200,813981,0.85
819,200,725874,0.91
820,200,660215,0.98
821,200,784035,0.86
822,200,677765,0.93
823,200,567020,1
824,200,728877,0.86
825,200,808134,0.88
826,200,629893,0.99
827,200,700151,0.96
828,200,674434,0.95
829,200,728081,0.93
830,200,626288,1
831,200,775892,0.83
832,200,684771,0.98
833,200,715709,0.93
834,200,737898,0.9
835,200,581484,0.98
836,200,730234,0.92
837,200,598930,1
838,200,741655,0.92
839,200,524184,0.99
840,200,534286,0.98
841,200,700332,0.98
842,200,685865,0.94
843,200,760335,0.88
844,200,691966,0.97
845,200,544901,1
846,200,357698,1
847,200,770919,0.87
848,200,697390,0.99
849,200,406910,1
850,200,300898,1
851,200,734207,0.95
852,200,683187,0.96
853,200,680339,0.98
854,200,614837,1
855,200,780732,0.83
856,200,761916,0.91
857,200,764755,0.92
858,200,644307,0.96
859,200,785745,0.81
860,200,766846,0.85
861,200,723868,0.74
862,200,717595,1
863,200,689180,0.99
864,200,692358,0.91
865,200,612518,0.97
866,200,752207,0.85
867,200,708769,0.95
868,200,702162,0.98
869,200,680938,0.99
870,200,571106,1
871,200,686096,0.96
872,200,740233,0.95
873,200,525126,1
874,200,749756,0.94
875,200,627465,0.97
876,200,672396,0.96
877,200,675437,0.98
878,200,565389,1
879,200,556540,1
880,200,745883,0.92
881,200,594733,1
882,200,648479,0.99
883,200,608991,0.97
884,200,515996,1
885,200,688743,0.94
886,200,630840,1
887,200,688630,0.94
888,200,707856,0.97
889,200,753787,0.84
890,200,556239,1
891,200,784353,0.82
892,200,708841,0.97
893,200,527569,1
894,200,590609,1
895,200,649782,1
896,200,563694,0.99
897,200,767029,0.81
898,200,674202,0.94
899,200,611631,1
900,200,751747,0.96
901,200,781873,0.93
902,200,588422,0.99
903,200,718740,0.98
904,200,685146,0.99
905,200,650276,0.93
906,200,776828,0.79
907,200,597096,0.97
908,200,628735,0.99
909,200,709570,0.97
910,200,735863,0.69
911,200,853903,0.57
912,200,710529,0.94
913,200,664790,0.95
914,200,596837,1
915,200,624552,0.98
916,200,618509,1
917,200,788159,0.81
918,200,742232,0.79
919,200,758372,0.94
920,200,700971,0.92
921,200,742472,0.95
922,200,546610,1
923,200,641504,0.98
924,200,707340,0.93
925,200,434214,1
926,200,708101,0.88
927,200,810058,0.74
928,200,595167,0.99
929,200,651955,1
930,200,700878,0.9
931,200,625434,0.97
932,200,693962,0.93
933,200,736980,0.89
934,200,746824,0.95
935,200,768605,0.86
936,200,602136,1
937,200,780397,0.93
938,200,695501,0.97
939,200,806802,0.89
940,200,766223,0.92
941,200,665060,0.98
942,200,779441,0.92
943,200,553735,1
944,200,725537,0.99
945,200,753283,0.78
946,200,615599,0.98
947,200,692642,0.97
948,200,773139,0.91
949,200,694624,0.95
950,200,540987,1
951,200,766459,0.92
952,200,698544,0.97
953,200,637101,1
954,200,685294,0.94
955,200,583184,1
956,200,691601,0.98
957,200,643931,0.98
958,200,716815,0.91
959,200,738580,0.88
960,200,730132,0.92
961,200,747274,0.94
962,200,742140,0.9
963,200,747139,0.93
964,200,776678,0.85
965,200,620243,0.99
966,200,692304,0.9
967,200,700770,0.94
968,200,699745,0.92
969,200,772674,0.94
970,200,757938,0.95
971,200,707943,0.88
972,200,588290,0.98
973,200,647563,0.99
974,200,713447,0.94
975,200,715763,0.94
976,200,544704,1
977,200,684451,0.98
978,200,776179,0.87
979,200,684665,0.95
980,200,734574,0.83
981,200,765409,0.91
982,200,474079,1
983,200,653914,0.99
984,200,447234,1
985,200,734253,0.97
986,200,764485,0.87
987,200,631590,0.98
988,200,679402,0.94
989,200,653660,0.96
990,200,763763,0.9
991,200,700907,0.91
992,200,710420,0.96
993,200,715099,0.95
994,200,704363,0.96
995,200,769206,0.82
996,200,747957,0.86
997,200,753242,0.89
998,200,748160,0.92
999,200,750493,0.87
0,300,1085316,0.93
1,300,902918,1
2,300,963843,0.97
3,300,608586,1
4,300,1162825,0.79
5,300,771771,0.99
6,300,763732,1
7,300,1036570,0.99
8,300,873339,1
9,300,914290,0.99
10,300,1171930,0.89
11,300,927074,1
12,300,1038344,0.98
13,300,1062737,0.96
14,300,797792,1
15,300,1005018,0.92
16,300,1036772,1
17,300,837953,1
18,300,746191,1
19,300,1027563,0.97
20,300,1049789,0.95
21,300,932615,0.99
22,300,1084474,0.99
23,300,1137215,0.9
24,300,1046766,0.97
25,300,997461,0.99
26,300,988383,1
27,300,1048198,0.99
28,300,1010688,0.96
29,300,953622,0.98
30,300,1158128,0.91
31,300,986271,0.93
32,300,972813,0.95
33,300,1170510,0.91
34,300,1090842,0.95
35,300,1096265,0.93
36,300,1011168,0.97
37,300,876815,1
38,300,951558,1
39,300,987590,0.98
40,300,799218,1
41,300,690126,1
42,300,951010,1
43,300,813775,1
44,300,918056,0.99
45,300,862275,0.99
46,300,895297,1
47,300,1032406,0.99
48,300,871399,1
49,300,990363,0.99
50,300,706290,1
51,300,828434,0.99
52,300,1146223,0.9
53,300,805402,1
54,300,741660,1
55,300,859135,1
56,300,978147,0.99
57,300,819806,1
58,300,1060726,0.97
59,300,1208082,0.89
60,300,1070633,0.94
61,300,1140871,0.93
62,300,873644,1
63,300,855802,1
64,300,960638,0.98
65,300,1098554,0.98
66,300,925491,0.98
67,300,729323,1
68,300,1026907,0.99
69,300,992234,1
70,300,1192685,0.84
71,300,1113777,0.96
72,300,756671,0.99
73,300,997992,0.98
74,300,865087,1
75,300,975346,0.99
76,300,1187699,0.79
77,300,870915,0.99
78,300,653260,1
79,300,814385,0.99
80,300,945688,0.98
81,300,1169440,0.84
82,300,1044731,0.99
83,300,1161825,0.8
84,300,962465,0.99
85,300,1073093,0.96
86,300,576479,1
87,300,1121177,0.87
88,300,1040337,0.97
89,300,1051054,0.91
90,300,843642,1
91,300,706033,1
92,300,984286,0.99
93,300,1049382,0.96
94,300,963227,1
95,300,878618,0.96
96,300,910703,0.99
97,300,749624,1
98,300,1087383,0.98
99,300,1002676,0.99
100,300,1144621,0.89
101,300,522954,1
102,300,999148,1
103,300,1120472,0.87
104,300,841003,0.8
105,300,999225,0.99
106,300,855064,1
107,300,1100788,0.88
108,300,914758,1
109,300,1157418,0.85
110,300,869651,1
111,300,634446,1
112,300,1015320,0.92
113,300,882089,1
114,300,912876,1
115,300,868748,1
116,300,932618,1
117,300,1186329,0.92
118,300,1082005,0.95
119,300,1053553,0.92
120,300,1113783,0.94
121,300,1099714,0.99
122,300,762444,1
123,300,1033858,0.96
124,300,752341,1
125,300,1085715,0.96
126,300,992787,0.99
127,300,1001822,0.96
128,300,991943,1
129,300,1059583,0.93
130,300,772344,1
131,300,909618,1
132,300,1071328,0.95
133,300,816790,1
134,300,1038201,0.98
135,300,1197440,0.71
136,300,736764,1
137,300,1099994,0.95
138,300,969450,0.93
139,300,984752,1
140,300,603455,1
141,300,960245,0.99
142,300,764678,1
143,300,1081562,0.97
144,300,1027591,0.99
145,300,941830,1
146,300,8185046,0.95
147,300,2457813,0.91
148,300,1501699,0.99
149,300,749288,1
150,300,1114624,0.99
151,300,838652,0.97
152,300,1139511,0.99
153,300,1115767,0.93
154,300,726694,0.98
155,300,802045,0.99
156,300,1137825,0.94
157,300,971829,1
158,300,941306,0.96
159,300,966323,1
160,300,982294,0.98
161,300,1165141,0.88
162,300,1123437,0.94
163,300,664469,1
164,300,1130136,0.95
165,300,1143119,0.89
166,300,1096603,0.98
167,300,1178355,0.87
168,300,1095740,0.98
169,300,812864,1
170,300,978974,1
171,300,924052,1
172,300,927555,1
173,300,1126806,0.87
174,300,776462,1
175,300,916175,1
176,300,1011384,0.98
177,300,1117051,0.96
178,300,1061884,0.97
179,300,967638,1
180,300,963163,1
181,300,1126151,0.99
182,300,1032434,0.93
183,300,807573,1
184,300,1037491,0.98
185,300,1025857,0.93
186,300,1110285,0.98
187,300,969913,0.98
188,300,925108,0.99
189,300,900568,0.98
190,300,1029517,1
191,300,999636,0.96
192,300,1104765,0.96
193,300,902460,1
194,300,944116,0.99
195,300,1349659,0.93
196,300,1094657,0.97
197,300,942387,0.99
198,300,1093447,0.93
199,300,1084927,0.98
200,300,1131078,0.98
201,300,1079567,0.93
202,300,1151149,0.9
203,300,1016779,0.99
204,300,1008375,0.99
205,300,950661,0.93
206,300,1117070,0.88
207,300,1079279,0.96
208,300,1015321,0.99
209,300,575642,0.99
210,300,995135,0.91
211,300,1093421,0.95
212,300,1240016,0.85
213,300,952228,0.99
214,300,927400,0.97
215,300,954626,1
216,300,893896,0.99
217,300,824632,1
218,300,920355,0.99
219,300,1099013,0.9
220,300,970451,0.98
221,300,1056233,0.9
222,300,1085194,0.94
223,300,1147416,0.85
224,300,925121,1
225,300,1119755,0.91
226,300,1037058,0.98
227,300,1116589,0.94
228,300,1071895,0.94
229,300,1004066,0.97
230,300,1040800,0.97
231,300,799228,1
232,300,1069433,0.93
233,300,1004136,0.99
234,300,1014698,1
235,300,1008544,0.95
236,300,1076159,0.93
237,300,921691,1
238,300,1011042,0.99
239,300,796179,1
240,300,960160,0.99
241,300,815980,1
242,300,630881,1
243,300,1050533,0.97
244,300,878484,1
245,300,846052,1
246,300,993587,0.96
247,300,900245,1
248,300,925680,1
249,300,557226,1
250,300,1122709,0.91
251,300,987095,1
252,300,955831,0.98
253,300,1081456,0.82
254,300,1107503,0.99
255,300,1196486,0.85
256,300,776438,1
257,300,975471,0.97
258,300,1081874,0.95
259,300,960855,0.99
260,300,1078519,0.91
261,300,1044644,0.94
262,300,1054742,0.98
263,300,666553,1
264,300,1208245,0.78
265,300,836133,0.99
266,300,828258,0.91
267,300,802596,1
268,300,802425,1
269,300,801795,1
270,300,697764,1
271,300,1105180,0.98
272,300,890811,1
273,300,969809,0.98
274,300,981177,0.98
275,300,1016815,0.98
276,300,976009,0.99
277,300,984392,0.99
278,300,842768,1
279,300,1073760,0.91
280,300,1077321,0.99
281,300,1041407,0.96
282,300,874672,1
283,300,748422,1
284,300,903707,0.98
285,300,933974,1
286,300,1212463,0.89
287,300,1061340,0.93
288,300,1017217,0.94
289,300,953425,1
290,300,1007338,0.99
291,300,792494,1
292,300,1002561,1
293,300,605357,1
294,300,1036946,0.99
295,300,944267,0.99
296,300,801951,0.99
297,300,1154215,0.95
298,300,802471,1
299,300,914997,0.99
300,300,1027662,0.92
301,300,973411,0.97
302,300,1135197,0.95
303,300,1042406,0.99
304,300,1081708,0.99
305,300,1089618,0.96
306,300,1020842,0.98
307,300,915350,0.99
308,300,1058519,0.95
309,300,1044206,0.99
310,300,931177,0.99
311,300,986433,0.97
312,300,1060345,0.98
313,300,827028,1
314,300,1042605,0.98
315,300,1074054,0.99
316,300,1109502,0.94
317,300,945880,1
318,300,957688,0.96
319,300,1007687,0.98
320,300,1111043,0.93
321,300,1093343,0.91
322,300,1039720,0.97
323,300,1137981,0.92
324,300,1021820,0.99
325,300,1163551,0.89
326,300,932944,0.99
327,300,898689,0.99
328,300,924297,0.99
329,300,1063083,1
330,300,790634,1
331,300,815404,1
332,300,983235,0.98
333,300,1058953,0.97
334,300,1124642,0.84
335,300,1148698,0.95
336,300,866443,1
337,300,1029290,0.98
338,300,982362,0.99
339,300,971082,0.99
340,300,774571,1
341,300,920346,1
342,300,1123194,0.93
343,300,1000249,0.99
344,300,1005129,1
345,300,999484,1
346,300,1011114,0.95
347,300,828417,1
348,300,943941,1
349,300,947741,0.99
350,300,1013848,1
351,300,670399,1
352,300,1033081,0.97
353,300,990672,1
354,300,1075030,0.91
355,300,1079930,0.86
356,300,1134309,0.94
357,300,748723,1
358,300,588961,0.99
359,300,762196,1
360,300,903188,1
361,300,824253,1
362,300,1010612,0.98
363,300,1037283,0.94
364,300,1108680,0.88
365,300,977093,1
366,300,1024803,1
367,300,1076293,1
368,300,985757,1
369,300,901006,1
370,300,1155228,0.83
371,300,958788,0.99
372,300,888737,1
373,300,1029479,1
374,300,1050774,0.9
375,300,951128,0.98
376,300,1130957,0.94
377,300,877950,1
378,300,987220,0.98
379,300,1026000,1
380,300,964650,0.98
381,300,1062705,0.86
382,300,1105798,0.96
383,300,996369,1
384,300,942937,0.99
385,300,1021989,0.95
386,300,869492,1
387,300,927106,1
388,300,1127170,0.96
389,300,847405,0.99
390,300,1041485,0.99
391,300,896240,1
392,300,881512,1
393,300,981990,1
394,300,932016,1
395,300,1082412,0.98
396,300,1109495,1
397,300,1069441,0.97
398,300,736790,1
399,300,1138737,0.91
400,300,1079829,0.96
401,300,1026963,0.98
402,300,1143726,0.94
403,300,988595,0.98
404,300,976283,1
405,300,1014415,0.99
406,300,1052491,0.98
407,300,1109724,0.91
408,300,762222,1
409,300,743920,1
410,300,1119339,0.94
411,300,1116330,0.95
412,300,1075658,0.95
413,300,1036874,0.98
414,300,802480,1
415,300,1036960,0.98
416,300,845449,1
417,300,874413,1
418,300,892760,1
419,300,896835,1
420,300,955496,0.99
421,300,1085501,0.99
422,300,751550,1
423,300,513931,1
424,300,1083048,0.86
425,300,641983,1
426,300,1091750,0.98
427,300,1039177,1
428,300,1055182,0.98
429,300,952944,1
430,300,591858,0.99
431,300,873103,1
432,300,1176342,0.95
433,300,795365,1
434,300,583970,1
435,300,1085690,0.97
436,300,683820,1
437,300,985053,1
438,300,1045120,0.95
439,300,924543,1
440,300,1152163,0.89
441,300,823966,1
442,300,865109,1
443,300,1120284,0.97
444,300,978953,0.96
445,300,872088,0.95
446,300,951491,0.98
447,300,841444,1
448,300,1068851,0.99
449,300,752654,1
450,300,1051376,0.96
451,300,1175952,0.85
452,300,1060158,0.98
453,300,889626,0.99
454,300,1061911,0.95
455,300,1013596,0.98
456,300,955570,0.99
457,300,1119499,0.96
458,300,763150,1
459,300,996246,1
460,300,1070417,0.97
461,300,994874,0.99
462,300,929407,1
463,300,1054227,0.97
464,300,566318,1
465,300,1106902,0.85
466,300,1097071,0.87
467,300,852103,0.99
468,300,922489,1
469,300,1107059,0.98
470,300,963008,1
471,300,1092597,0.87
472,300,1112446,0.95
473,300,947631,0.97
474,300,1092126,0.95
475,300,1154702,0.98
476,300,1176308,0.95
477,300,1065051,0.92
478,300,1064703,1
479,300,1099324,0.92
480,300,851141,1
481,300,973080,1
482,300,862571,1
483,300,966936,1
484,300,519696,1
485,300,1133181,1
486,300,1003727,0.99
487,300,970244,0.99
488,300,829941,1
489,300,1027966,0.99
490,300,1149839,0.85
491,300,1065816,0.99
492,300,809712,1
493,300,648518,1
494,300,991521,0.97
495,300,930218,1
496,300,1078390,0.97
497,300,918693,1
498,300,1021136,0.98
499,300,922844,1
500,300,916925,0.98
501,300,1212903,0.93
502,300,911645,1
503,300,1147829,0.97
504,300,848718,1
505,300,837901,0.99
506,300,1128124,0.87
507,300,866498,0.98
508,300,1056598,0.94
509,300,923586,1
510,300,883155,1
511,300,1072460,0.89
512,300,1024227,0.97
513,300,1099083,0.98
514,300,1154668,0.89
515,300,988239,0.98
516,300,826115,1
517,300,1113172,0.92
518,300,1101537,0.97
519,300,1067116,0.98
520,300,709980,1
521,300,1036466,0.95
522,300,1036802,1
523,300,1022465,0.98
524,300,1377083,0.79
525,300,1150455,0.91
526,300,819969,1
527,300,1021024,1
528,300,1009691,0.97
529,300,983804,0.99
530,300,1031394,0.99
531,300,978701,1
532,300,1112718,0.97
533,300,945901,0.98
534,300,734151,1
535,300,719997,1
536,300,758056,1
537,300,1097190,0.95
538,300,1056854,0.95
539,300,992499,0.98
540,300,994881,0.97
541,300,1118017,0.98
542,300,1076856,0.96
543,300,817239,1
544,300,987252,0.99
545,300,849155,1
546,300,1074801,0.98
547,300,914552,1
548,300,822081,1
549,300,991687,1
550,300,1050876,0.98
551,300,916457,0.97
552,300,1166654,0.93
553,300,1129592,0.97
554,300,798001,0.99
555,300,1080207,0.99
556,300,1088853,0.98
557,300,989489,0.97
558,300,1133730,0.95
559,300,919189,0.99
560,300,1086283,0.99
561,300,1086871,0.96
562,300,979402,0.99
563,300,1092432,0.95
564,300,756586,1
565,300,1146938,0.96
566,300,1002740,0.99
567,300,993166,1
568,300,1077029,0.96
569,300,880652,1
570,300,1162822,0.94
571,300,1125738,0.97
572,300,918041,1
573,300,1135795,0.96
574,300,1032501,0.92
575,300,1061713,0.93
576,300,1042987,0.99
577,300,948300,1
578,300,1041054,0.97
579,300,1039042,0.98
580,300,1041605,0.99
581,300,1074118,0.98
582,300,1067128,0.93
583,300,1025700,0.99
584,300,876582,1
585,300,1058961,0.98
586,300,1075435,0.94
587,300,969890,0.99
588,300,916655,0.99
589,300,967794,0.96
590,300,1063019,1
591,300,1090450,0.97
592,300,1084706,0.97
593,300,895607,1
594,300,855432,1
595,300,642321,1
596,300,960294,0.99
597,300,1131809,0.91
598,300,1045352,0.97
599,300,837986,1
600,300,1091170,0.99
601,300,645733,1
602,300,927232,1
603,300,982531,0.97
604,300,986443,0.96
605,300,979810,1
606,300,1078194,0.9
607,300,645692,0.99
608,300,1054823,0.94
609,300,1030256,0.96
610,300,1149575,0.81
611,300,925775,1
612,300,1115445,0.94
613,300,1102274,0.94
614,300,1101687,0.93
615,300,1036601,0.98
616,300,1183971,0.89
617,300,865280,1
618,300,1113215,0.95
619,300,944737,0.96
620,300,990947,1
621,300,711326,1
622,300,1076166,0.95
623,300,1143670,0.95
624,300,898307,1
625,300,1128837,0.9
626,300,1002086,1
627,300,767743,0.99
628,300,1029271,0.99
629,300,855846,1
630,300,1124850,0.86
631,300,998325,0.9
632,300,1009338,0.99
633,300,1096076,0.84
634,300,863414,1
635,300,1032961,1
636,300,924102,1
637,300,909028,0.94
638,300,1046309,0.94
639,300,1085495,0.96
640,300,747867,1
641,300,1115016,0.98
642,300,1226424,0.84
643,300,1080700,0.98
644,300,962618,0.98
645,300,856756,1
646,300,423212,1
647,300,1044865,0.96
648,300,690598,1
649,300,1065754,0.94
650,300,910703,1
651,300,1011739,0.98
652,300,925244,0.96
653,300,961684,1
654,300,1104037,0.93
655,300,1185756,0.67
656,300,1166904,0.9
657,300,1056540,0.95
658,300,1034781,0.95
659,300,976610,1
660,300,948104,0.92
661,300,1147417,0.78
662,300,936210,1
663,300,889566,1
664,300,1044804,0.91
665,300,628873,1
666,300,781892,1
667,300,951300,1
668,300,334201,1
669,300,1112785,0.96
670,300,1030791,0.96
671,300,868360,1
672,300,1071583,0.98
673,300,1024293,0.98
674,300,1000409,1
675,300,1082993,0.94
676,300,1053210,0.99
677,300,1174281,0.87
678,300,697518,1
679,300,928835,0.89
680,300,882197,1
681,300,1043703,0.98
682,300,964903,0.92
683,300,978705,0.99
684,300,948467,0.98
685,300,952834,1
686,300,863003,0.87
687,300,1005625,0.99
688,300,993371,1
689,300,765569,1
690,300,1175184,0.88
691,300,1066541,0.98
692,300,1107794,0.97
693,300,704283,1
694,300,959510,0.96
695,300,860875,0.97
696,300,1188492,0.8
697,300,745323,1
698,300,1050018,0.94
699,300,1039270,0.99
700,300,967413,0.99
701,300,1101565,0.99
702,300,1200091,0.71
703,300,730436,1
704,300,1023018,0.99
705,300,1102307,0.89
706,300,1025211,0.98
707,300,841835,0.99
708,300,937831,0.97
709,300,735855,1
710,300,1095461,0.99
711,300,992508,1
712,300,872189,0.98
713,300,461818,1
714,300,1102862,0.89
715,300,969938,1
716,300,860513,1
717,300,1145183,0.96
718,300,1114452,0.92
719,300,1055075,0.89
720,300,1013246,0.93
721,300,1085661,0.99
722,300,1150895,0.93
723,300,1014201,0.99
724,300,902148,1
725,300,1099535,0.95
726,300,1107293,0.91
727,300,1009511,1
728,300,918325,1
729,300,1093734,0.95
730,300,949495,1
731,300,990057,0.99
732,300,1070057,0.96
733,300,1129305,0.85
734,300,687376,1
735,300,1032059,0.98
736,300,912878,0.98
737,300,1134127,0.96
738,300,755969,1
739,300,1121281,0.91
740,300,788678,1
741,300,973967,1
742,300,1081708,0.88
743,300,984753,1
744,300,868619,1
745,300,1117730,0.9
746,300,937277,1
747,300,937552,1
748,300,1100712,0.97
749,300,602897,1
750,300,665563,1
751,300,963992,0.99
752,300,524350,1
753,300,1109078,0.91
754,300,1026607,0.96
755,300,1150265,0.79
756,300,912935,0.99
757,300,1014375,0.99
758,300,766637,1
759,300,1111416,0.86
760,300,982205,1
761,300,1110827,0.97
762,300,1081220,0.99
763,300,1043207,0.99
764,300,1045414,0.97
765,300,1092228,0.95
766,300,1028690,1
767,300,1097374,0.92
768,300,1014524,0.97
769,300,1082384,0.98
770,300,874631,0.99
771,300,1144317,0.95
772,300,1017586,0.91
773,300,988458,0.99
774,300,1123288,0.89
775,300,897704,1
776,300,967910,1
777,300,746741,1
778,300,979014,0.95
779,300,853664,1
780,300,1144196,0.86
781,300,1199157,0.91
782,300,1087029,0.98
783,300,925413,1
784,300,769136,1
785,300,806522,1
786,300,877601,0.99
787,300,992358,0.97
788,300,832574,0.99
789,300,1104087,0.92
790,300,975660,0.98
791,300,793304,0.97
792,300,1040504,0.95
793,300,1103267,0.95
794,300,1121622,0.98
795,300,998586,1
796,300,1102931,0.94
797,300,1102044,0.96
798,300,1060034,0.97
799,300,1077401,0.95
800,300,1034902,0.96
801,300,1040865,0.99
802,300,849693,1
803,300,998723,1
804,300,794159,0.99
805,300,983312,1
806,300,1111864,0.87
807,300,833827,0.97
808,300,884340,0.98
809,300,873565,0.99
810,300,1133738,0.9
811,300,1117849,0.9
812,300,914305,1
813,300,1007567,1
814,300,1074051,0.95
815,300,776407,1
816,300,929346,1
817,300,918207,0.98
818,300,1128181,0.91
819,300,1078875,0.96
820,300,976929,0.99
821,300,1129913,0.91
822,300,992135,0.98
823,300,823652,1
824,300,1092564,0.94
825,300,1228552,0.92
826,300,927605,1
827,300,1003935,0.97
828,300,982748,0.99
829,300,1065508,0.94
830,300,929338,1
831,300,1162110,0.88
832,300,1013518,0.98
833,300,1028115,0.97
834,300,1094948,0.93
835,300,867418,0.99
836,300,1054234,0.98
837,300,880252,1
838,300,1099623,0.94
839,300,729948,1
840,300,772577,1
841,300,1020163,0.98
842,300,994927,0.96
843,300,1117999,0.9
844,300,999526,0.97
845,300,795894,1
846,300,497697,1
847,300,1138353,0.94
848,300,1015737,1
849,300,592797,1
850,300,429106,1
851,300,1053897,0.96
852,300,994116,0.98
853,300,987526,0.99
854,300,878751,1
855,300,1115977,0.86
856,300,1102305,0.98
857,300,1121248,0.98
858,300,928350,0.99
859,300,1159654,0.88
860,300,1110888,0.9
861,300,1070533,0.83
862,300,1054451,1
863,300,991108,1
864,300,1015772,0.95
865,300,917605,1
866,300,1097173,0.91
867,300,1037239,0.97
868,300,1013996,0.98
869,300,1002751,1
870,300,824928,1
871,300,1031748,0.98
872,300,1072719,0.99
873,300,751291,1
874,300,1103964,0.97
875,300,915307,0.99
876,300,983119,0.99
877,300,978525,1
878,300,838696,1
879,300,802222,1
880,300,1055005,0.94
881,300,853438,1
882,300,942093,0.99
883,300,859193,0.99
884,300,727010,1
885,300,1015974,1
886,300,941803,1
887,300,1008413,0.95
888,300,1049001,0.97
889,300,1101977,0.93
890,300,807460,1
891,300,1155640,0.88
892,300,1041797,0.99
893,300,742388,1
894,300,871001,1
895,300,965872,1
896,300,813852,1
897,300,1137887,0.91
898,300,1005005,0.95
899,300,877143,1
900,300,1037180,0.98
901,300,1139868,0.97
902,300,866010,0.99
903,300,1030604,1
904,300,972355,0.99
905,300,952686,0.97
906,300,1110484,0.87
907,300,885140,1
908,300,896735,0.99
909,300,1046405,1
910,300,1092075,0.72
911,300,1234040,0.68
912,300,1040541,0.98
913,300,967597,0.99
914,300,883727,1
915,300,914936,0.99
916,300,880323,1
917,300,1139318,0.86
918,300,1085183,0.88
919,300,1100133,0.96
920,300,1038902,0.98
921,300,1082841,0.98
922,300,787086,1
923,300,920053,0.99
924,300,1042376,0.98
925,300,635235,1
926,300,1040773,0.98
927,300,1183578,0.85
928,300,870805,1
929,300,960844,1
930,300,1030787,0.93
931,300,913263,0.99
932,300,1006767,0.94
933,300,1097065,0.99
934,300,1099255,0.97
935,300,1108690,0.94
936,300,858167,1
937,300,1110133,0.96
938,300,986290,1
939,300,1143141,0.96
940,300,1136187,0.97
941,300,973595,0.99
942,300,1152537,0.95
943,300,819037,1
944,300,1076464,1
945,300,1096279,0.82
946,300,880431,1
947,300,1008502,1
948,300,1124906,0.94
949,300,1009307,0.97
950,300,779931,1
951,300,1124295,0.96
952,300,1045317,1
953,300,945271,1
954,300,1040138,0.98
955,300,844906,1
956,300,995796,0.99
957,300,945132,1
958,300,1052278,0.97
959,300,1112937,0.94
960,300,1098963,0.94
961,300,1081225,0.95
962,300,1105323,0.97
963,300,1097495,0.95
964,300,1118311,0.94
965,300,906345,1
966,300,1025167,0.96
967,300,1024346,0.97
968,300,999115,0.95
969,300,1113453,0.98
970,300,1120429,0.96
971,300,1060585,0.95
972,300,835738,0.99
973,300,949136,1
974,300,1038352,0.95
975,300,1067312,0.97
976,300,783391,1
977,300,1009177,1
978,300,1152076,0.92
979,300,1018788,0.97
980,300,1089260,0.88
981,300,1128399,0.94
982,300,683253,1
983,300,966627,1
984,300,651719,1
985,300,1074259,0.99
986,300,1134245,0.91
987,300,926288,0.99
988,300,983077,0.99
989,300,939978,0.98
990,300,1098286,0.95
991,300,1041770,0.93
992,300,1032108,1
993,300,1062313,0.98
994,300,1039388,0.99
995,300,1139087,0.9
996,300,1098678,0.94
997,300,1112270,0.92
998,300,1086301,0.98
999,300,1120075,0.94
0,400,1461302,0.94
1,400,1177449,1
2,400,1275326,0.97
3,400,812323,1
4,400,1572912,0.84
5,400,1033895,1
6,400,1001390,1
7,400,1373251,0.99
8,400,1147515,1
9,400,1196548,1
10,400,1561954,0.93
11,400,1237264,1
12,400,1371774,0.99
13,400,1412913,0.97
14,400,1045879,1
15,400,1322981,0.95
16,400,1368171,1
17,400,1097809,1
18,400,988962,1
19,400,1356636,0.99
20,400,1378571,0.98
21,400,1217990,0.99
22,400,1451406,1
23,400,1511143,0.92
24,400,1367235,0.99
25,400,1320247,0.99
26,400,1286083,1
27,400,1399753,1
28,400,1336053,1
29,400,1263168,0.99
30,400,1522975,0.95
31,400,1320446,0.97
32,400,1306290,0.99
33,400,1546005,0.93
34,400,1425283,0.96
35,400,1450150,0.94
36,400,1342902,0.99
37,400,1138357,1
38,400,1261768,1
39,400,1301181,0.99
40,400,1034274,1
41,400,911252,1
42,400,1248829,1
43,400,1081172,1
44,400,1189462,0.99
45,400,1120377,0.99
46,400,1192670,1
47,400,1360727,0.99
48,400,1156036,1
49,400,1324852,0.99
50,400,932694,1
51,400,1082837,1
52,400,1516455,0.92
53,400,1063061,1
54,400,981139,1
55,400,1101608,1
56,400,1278493,0.99
57,400,1077792,1
58,400,1400652,0.98
59,400,1580922,0.9
60,400,1420237,0.97
61,400,1515358,0.93
62,400,1160645,1
63,400,1123173,1
64,400,1263497,0.98
65,400,1460451,0.98
66,400,1242188,0.99
67,400,968005,1
68,400,1380737,1
69,400,1309952,1
70,400,1591494,0.89
71,400,1478427,0.99
72,400,987282,1
73,400,1313150,0.99
74,400,1131282,1
75,400,1278835,0.99
76,400,1570638,0.85
77,400,1140550,0.99
78,400,839480,1
79,400,1057427,1
80,400,1251997,0.98
81,400,1543471,0.86
82,400,1369265,0.99
83,400,1543236,0.87
84,400,1282161,0.99
85,400,1412905,0.98
86,400,730883,1
87,400,1475302,0.93
88,400,1361765,0.97
89,400,1391007,0.96
90,400,1111234,1
91,400,920742,1
92,400,1285685,0.99
93,400,1396371,0.96
94,400,1267241,1
95,400,1133149,0.98
96,400,1186389,1
97,400,987468,1
98,400,1448995,0.99
99,400,1322993,0.99
100,400,1517594,0.92
101,400,687733,1
102,400,1333533,1
103,400,1496739,0.89
104,400,1133146,0.89
105,400,1325651,1
106,400,1121212,1
107,400,1460928,0.95
108,400,1198595,1
109,400,1535598,0.93
110,400,1187006,1
111,400,818301,1
112,400,1343815,0.93
113,400,1147077,1
114,400,1186900,1
115,400,1154713,1
116,400,1220828,1
117,400,1557490,0.95
118,400,1432657,0.97
119,400,1416110,0.94
120,400,1492879,0.97
121,400,1433564,1
122,400,986346,1
123,400,1373979,0.98
124,400,975314,1
125,400,1421716,0.98
126,400,1312147,0.99
127,400,1342553,0.99
128,400,1325455,1
129,400,1379661,0.99
130,400,1003127,1
131,400,1186816,1
132,400,1415474,0.97
133,400,1057065,1
134,400,1369744,0.99
135,400,1567304,0.78
136,400,959086,1
137,400,1440286,0.97
138,400,1291444,0.97
139,400,1312215,1
140,400,802864,1
141,400,1258268,1
142,400,977657,1
143,400,1416804,0.99
144,400,1357503,0.99
145,400,1251599,1
146,400,1435244,0.96
147,400,1492635,0.93
148,400,1369115,0.99
149,400,847541,1
150,400,1336790,0.99
151,400,1017124,0.98
152,400,1413045,1
153,400,1426902,0.98
154,400,924042,0.98
155,400,1031752,1
156,400,1469065,0.97
157,400,1251050,1
158,400,1225045,0.98
159,400,1249782,1
160,400,1306511,0.98
161,400,1514197,0.93
162,400,1457317,0.97
163,400,882544,1
164,400,1456644,0.96
165,400,1484217,0.93
166,400,1453077,1
167,400,1541868,0.92
168,400,1397036,0.99
169,400,1063992,1
170,400,1269341,1
171,400,1198127,1
172,400,1210073,1
173,400,1453277,0.91
174,400,1007473,1
175,400,1225209,1
176,400,1330054,0.98
177,400,1413570,0.98
178,400,1408446,0.98
179,400,1270571,1
180,400,1250555,1
181,400,1453581,0.99
182,400,1357059,0.95
183,400,1043998,1
184,400,1344487,1
185,400,1338089,0.96
186,400,1435863,0.98
187,400,1265093,1
188,400,1199853,0.99
189,400,1172805,0.99
190,400,1341287,1
191,400,1289417,0.97
192,400,1433848,0.97
193,400,1197702,1
194,400,1230166,1
195,400,1715653,0.93
196,400,1416902,0.98
197,400,1220900,0.99
198,400,1422912,0.96
199,400,1424931,1
200,400,1460587,0.98
201,400,1411587,0.95
202,400,1513402,0.92
203,400,1323250,0.99
204,400,1296497,1
205,400,1239617,0.95
206,400,1475539,0.93
207,400,1402719,0.98
208,400,1339944,0.99
209,400,708295,0.99
210,400,1300533,0.94
211,400,1454195,0.99
212,400,1616797,0.9
213,400,1226656,0.99
214,400,1227430,0.97
215,400,1210529,1
216,400,1139571,1
217,400,1072502,1
218,400,1183888,0.99
219,400,1433907,0.98
220,400,1255624,0.98
221,400,1407826,0.94
222,400,1479018,0.97
223,400,1496991,0.89
224,400,1203626,1
225,400,1451735,0.96
226,400,1350452,0.99
227,400,1458083,0.97
228,400,1417620,0.95
229,400,1302406,0.98
230,400,1352168,1
231,400,1039992,1
232,400,1414995,0.94
233,400,1322004,0.99
234,400,1332868,1
235,400,1330429,0.98
236,400,1386463,0.95
237,400,1206755,1
238,400,1320756,0.99
239,400,1021952,1
240,400,1252299,1
241,400,1052030,1
242,400,808140,1
243,400,1369028,0.97
244,400,1120269,1
245,400,1095300,1
246,400,1280366,0.98
247,400,1179221,1
248,400,1183086,1
249,400,716105,1
250,400,1477574,0.93
251,400,1277983,1
252,400,1223016,0.98
253,400,1447267,0.86
254,400,1447945,1
255,400,1568502,0.89
256,400,988587,1
257,400,1262794,0.99
258,400,1419965,0.97
259,400,1250646,0.99
260,400,1404571,0.93
261,400,1379161,0.96
262,400,1376398,0.98
263,400,837213,1
264,400,1575275,0.84
265,400,1058857,0.99
266,400,1036679,0.91
267,400,1039444,1
268,400,1059998,1
269,400,1025834,1
270,400,900139,1
271,400,1456826,1
272,400,1161026,1
273,400,1250212,0.98
274,400,1267656,0.98
275,400,1331055,1
276,400,1281376,1
277,400,1248691,1
278,400,1103548,1
279,400,1380319,0.96
280,400,1390580,0.99
281,400,1357790,1
282,400,1130990,1
283,400,962687,1
284,400,1182426,0.98
285,400,1224338,1
286,400,1582559,0.94
287,400,1374181,0.97
288,400,1337056,0.96
289,400,1221711,1
290,400,1322796,0.99
291,400,1043123,1
292,400,1279772,1
293,400,771168,1
294,400,1363389,0.99
295,400,1241824,1
296,400,1034461,0.99
297,400,1507798,0.95
298,400,1028793,1
299,400,1200604,0.99
300,400,1363263,0.96
301,400,1246376,0.99
302,400,1464275,0.99
303,400,1366416,1
304,400,1399955,1
305,400,1422731,0.97
306,400,1375840,0.99
307,400,1218357,0.99
308,400,1377454,0.98
309,400,1375066,1
310,400,1203528,0.99
311,400,1284071,0.99
312,400,1394855,0.98
313,400,1062510,1
314,400,1345352,1
315,400,1397752,1
316,400,1459008,0.96
317,400,1228550,1
318,400,1235313,0.97
319,400,1321320,0.99
320,400,1461167,0.93
321,400,1406607,0.91
322,400,1339632,0.98
323,400,1460134,0.95
324,400,1323364,1
325,400,1488255,0.93
326,400,1210526,1
327,400,1160544,1
328,400,1207688,1
329,400,1360213,1
330,400,1049736,1
331,400,1077785,1
332,400,1270581,1
333,400,1364825,1
334,400,1469704,0.86
335,400,1490783,0.96
336,400,1141266,1
337,400,1335917,0.98
338,400,1293335,0.99
339,400,1268553,1
340,400,990052,1
341,400,1199348,1
342,400,1460813,0.95
343,400,1305904,0.99
344,400,1301881,1
345,400,1291008,1
346,400,1336180,0.99
347,400,1108474,1
348,400,1219728,1
349,400,1235852,0.99
350,400,1296764,1
351,400,864648,1
352,400,1363035,0.99
353,400,1287818,1
354,400,1393322,0.95
355,400,1417601,0.9
356,400,1481694,0.95
357,400,983897,1
358,400,719686,0.99
359,400,953274,1
360,400,1178026,1
361,400,1050581,1
362,400,1324269,0.98
363,400,1341153,0.99
364,400,1450691,0.93
365,400,1251147,1
366,400,1339737,1
367,400,1391132,1
368,400,1303792,1
369,400,1178442,1
370,400,1506433,0.86
371,400,1232389,0.99
372,400,1136562,1
373,400,1330425,1
374,400,1388533,0.96
375,400,1252585,0.99
376,400,1489198,0.96
377,400,1147022,1
378,400,1280683,0.98
379,400,1309134,1
380,400,1260786,0.99
381,400,1418341,0.89
382,400,1418150,0.97
383,400,1260815,1
384,400,1239165,0.99
385,400,1324096,0.95
386,400,1127463,1
387,400,1192365,1
388,400,1462551,0.98
389,400,1090207,1
390,400,1350264,1
391,400,1158039,1
392,400,1136183,1
393,400,1274252,1
394,400,1212464,1
395,400,1417922,0.98
396,400,1438205,1
397,400,1403204,0.98
398,400,942990,1
399,400,1509047,0.96
400,400,1400474,0.98
401,400,1323748,0.99
402,400,1484577,0.96
403,400,1259492,0.99
404,400,1296385,1
405,400,1313531,0.99
406,400,1340102,0.99
407,400,1457856,0.92
408,400,968574,1
409,400,964606,1
410,400,1437156,0.97
411,400,1496310,0.97
412,400,1383144,0.98
413,400,1338761,0.98
414,400,1023226,1
415,400,1364378,0.98
416,400,1103986,1
417,400,1130942,1
418,400,1161369,1
419,400,1167993,1
420,400,1236248,1
421,400,1407378,0.99
422,400,974887,1
423,400,658589,1
424,400,1426640,0.9
425,400,824788,1
426,400,1430805,0.98
427,400,1340387,1
428,400,1367213,0.98
429,400,1237815,1
430,400,752031,1
431,400,1149581,1
432,400,1507645,0.96
433,400,1051289,1
434,400,748546,1
435,400,1415944,0.99
436,400,850939,1
437,400,1279218,1
438,400,1353774,0.97
439,400,1219621,1
440,400,1495808,0.92
441,400,1058669,1
442,400,1113209,1
443,400,1510810,0.98
444,400,1280687,0.98
445,400,1104621,0.96
446,400,1248387,0.99
447,400,1094319,1
448,400,1387655,0.99
449,400,965635,1
450,400,1386932,0.97
451,400,1554904,0.91
452,400,1363524,1
453,400,1141114,0.99
454,400,1401690,0.95
455,400,1316123,0.98
456,400,1237121,1
457,400,1450320,1
458,400,988048,1
459,400,1288151,1
460,400,1392371,0.99
461,400,1308583,0.99
462,400,1191971,1
463,400,1378643,0.99
464,400,735222,1
465,400,1451499,0.88
466,400,1421283,0.89
467,400,1100226,1
468,400,1212582,1
469,400,1426976,0.98
470,400,1243935,1
471,400,1414836,0.91
472,400,1460910,0.96
473,400,1228211,0.97
474,400,1427381,0.96
475,400,1550646,0.98
476,400,1508144,0.98
477,400,1386810,0.98
478,400,1360555,1
479,400,1450786,0.95
480,400,1109405,1
481,400,1287358,1
482,400,1120574,1
483,400,1257775,1
484,400,652552,1
485,400,1471778,1
486,400,1310395,0.99
487,400,1270929,1
488,400,1060573,1
489,400,1332824,0.99
490,400,1495094,0.88
491,400,1386658,1
492,400,1038468,1
493,400,812581,1
494,400,1280895,0.97
495,400,1227171,1
496,400,1394855,1
497,400,1184905,1
498,400,1321443,1
499,400,1195417,1
500,400,1184046,0.99
501,400,1510418,0.93
502,400,1164181,1
503,400,1518920,0.99
504,400,1112679,1
505,400,1081304,1
506,400,1466874,0.9
507,400,1104701,0.98
508,400,1369821,0.96
509,400,1200177,1
510,400,1162483,1
511,400,1385508,0.91
512,400,1333452,0.98
513,400,1408933,0.99
514,400,1512099,0.93
515,400,1275926,0.99
516,400,1055225,1
517,400,1455175,0.94
518,400,1426930,0.99
519,400,1395531,1
520,400,917336,1
521,400,1349377,0.97
522,400,1352492,1
523,400,1338510,0.99
524,400,1736609,0.88
525,400,5194171,0.96
526,400,1423458,1
527,400,1733639,1
528,400,1721612,0.98
529,400,1690829,0.99
530,400,1716715,1
531,400,1605070,1
532,400,1988997,0.99
533,400,1628133,0.99
534,400,1177761,1
535,400,1207570,1
536,400,1251732,1
537,400,1907080,0.96
538,400,1917630,0.96
539,400,1675918,0.99
540,400,1601637,0.99
541,400,1965703,0.98
542,400,1840588,0.99
543,400,1289364,1
544,400,1757208,1
545,400,1405721,1
546,400,1793737,0.99
547,400,1577842,1
548,400,1355398,1
549,400,1729280,1
550,400,1817855,0.99
551,400,1551547,0.98
552,400,2120129,0.94
553,400,2038852,0.98
554,400,1325464,1
555,400,1815534,0.99
556,400,1924156,0.99
557,400,1649921,0.98
558,400,2045944,0.96
559,400,1499377,0.99
560,400,1840206,1
561,400,1741581,0.97
562,400,1641494,0.99
563,400,1938323,0.98
564,400,1266593,1
565,400,1977355,0.98
566,400,1637373,0.99
567,400,1653857,1
568,400,1783068,0.97
569,400,1387635,1
570,400,1960756,0.96
571,400,1889939,0.99
572,400,1503457,1
573,400,1915727,0.96
574,400,1770054,0.94
575,400,1880252,0.97
576,400,1700850,0.99
577,400,1463326,1
578,400,1693242,0.98
579,400,1796556,0.99
580,400,1683992,0.99
581,400,1653027,1
582,400,1725007,0.94
583,400,1706222,1
584,400,1363985,1
585,400,1843977,0.98
586,400,1751802,0.95
587,400,1568864,1
588,400,1514549,0.99
589,400,1609785,0.98
590,400,1711697,1
591,400,1818979,0.99
592,400,1678515,0.98
593,400,1353651,1
594,400,1303733,1
595,400,975491,1
596,400,1461921,0.99
597,400,1833694,0.95
598,400,1675955,0.99
599,400,1240542,1
600,400,1750163,0.99
601,400,997473,1
602,400,1463464,1
603,400,1556849,0.98
604,400,1578945,0.97
605,400,1535875,1
606,400,1775272,0.93
607,400,980217,1
608,400,1688986,0.97
609,400,1650200,0.96
610,400,1865842,0.91
611,400,1424724,1
612,400,1841668,0.95
613,400,1759872,0.96
614,400,1758522,0.97
615,400,1628780,0.99
616,400,1907576,0.92
617,400,1340523,1
618,400,1753184,0.96
619,400,1492838,0.97
620,400,1569912,1
621,400,1110000,1
622,400,1702315,0.96
623,400,1739104,0.97
624,400,1361187,1
625,400,1758807,0.95
626,400,1480884,1
627,400,1157513,1
628,400,1627176,1
629,400,1288462,1
630,400,1876001,0.93
631,400,1649305,0.93
632,400,1594360,0.99
633,400,1750036,0.89
634,400,1278641,1
635,400,1553792,1
636,400,1412523,1
637,400,1355906,0.98
638,400,1667300,0.97
639,400,1646947,0.96
640,400,1098766,1
641,400,1716891,0.99
642,400,1925144,0.86
643,400,1646207,1
644,400,1420633,0.99
645,400,1282001,1
646,400,597303,1
647,400,1713159,0.97
648,400,1034630,1
649,400,1640032,0.99
650,400,1356678,1
651,400,1541783,1
652,400,1383466,0.98
653,400,1444985,1
654,400,1704122,0.96
655,400,1887993,0.74
656,400,1762830,0.93
657,400,1587238,0.97
658,400,1655619,0.99
659,400,1438883,1
660,400,1382582,0.94
661,400,1853056,0.87
662,400,1380540,1
663,400,1297736,1
664,400,1602686,0.95
665,400,848694,1
666,400,1154579,1
667,400,1441609,1
668,400,411933,1
669,400,1610589,0.99
670,400,1554922,0.97
671,400,1346666,1
672,400,1608101,0.99
673,400,1556359,0.99
674,400,1529353,1
675,400,1580537,0.97
676,400,1575318,0.99
677,400,1817314,0.9
678,400,1026063,1
679,400,1344465,0.94
680,400,1298464,1
681,400,1547086,1
682,400,1341446,0.94
683,400,1445101,0.99
684,400,1437873,1
685,400,1379402,1
686,400,1218621,0.91
687,400,1449291,0.99
688,400,1449161,1
689,400,1074152,0.99
690,400,1772822,0.91
691,400,1586555,0.98
692,400,1618157,0.99
693,400,1004231,1
694,400,1415355,0.98
695,400,1226660,0.99
696,400,1797894,0.85
697,400,1050329,1
698,400,1559805,0.96
699,400,1562034,1
700,400,1444758,0.99
701,400,1591138,1
702,400,1828315,0.76
703,400,1026771,1
704,400,1503862,0.99
705,400,1655902,0.92
706,400,1460251,1
707,400,1210768,1
708,400,1343116,1
709,400,1050063,1
710,400,1573452,1
711,400,1478159,1
712,400,1235472,0.99
713,400,656761,1
714,400,1609405,0.92
715,400,1345038,1
716,400,1259992,1
717,400,1654997,0.99
718,400,1597566,0.96
719,400,1557158,0.94
720,400,1420273,0.98
721,400,1540376,1
722,400,1743754,0.95
723,400,1521028,1
724,400,1284474,1
725,400,1594942,0.96
726,400,1660817,0.96
727,400,1432548,1
728,400,1355609,1
729,400,1596253,0.99
730,400,1346191,1
731,400,1422486,1
732,400,1530299,0.98
733,400,1636387,0.89
734,400,975625,1
735,400,1467632,0.99
736,400,1292746,1
737,400,1633560,0.96
738,400,1027628,1
739,400,1624516,0.97
740,400,1109500,1
741,400,1420405,1
742,400,1654503,0.94
743,400,1408189,1
744,400,1171510,1
745,400,1660113,0.93
746,400,1325500,1
747,400,1302848,1
748,400,1585343,0.99
749,400,829920,1
750,400,959735,1
751,400,1350344,1
752,400,712669,1
753,400,1637486,0.91
754,400,1475967,0.97
755,400,1637971,0.85
756,400,1296721,1
757,400,1464214,0.99
758,400,1071367,1
759,400,1620736,0.91
760,400,1395526,1
761,400,1562466,0.98
762,400,1575902,0.99
763,400,1485061,1
764,400,1507605,0.98
765,400,1560615,0.97
766,400,1461898,1
767,400,1566304,0.96
768,400,1403632,0.99
769,400,1528626,0.99
770,400,1201202,1
771,400,1610590,0.97
772,400,1451566,0.93
773,400,1385214,1
774,400,1581148,0.91
775,400,1260162,1
776,400,1371515,1
777,400,1039921,1
778,400,1406783,0.96
779,400,1178789,1
780,400,1631435,0.89
781,400,1650343,0.94
782,400,1456010,0.98
783,400,1284220,1
784,400,1034348,1
785,400,1084112,1
786,400,1237895,0.99
787,400,1432976,0.99
788,400,1184895,1
789,400,1583671,0.95
790,400,1399875,0.99
791,400,1084233,0.99
792,400,1449489,0.97
793,400,1542986,0.99
794,400,1537822,0.98
795,400,1351715,1
796,400,1545253,0.97
797,400,1572285,0.99
798,400,1497222,0.98
799,400,1500952,0.96
800,400,1459106,0.97
801,400,1426756,1
802,400,1132651,1
803,400,1403242,1
804,400,1168812,0.99
805,400,1338539,1
806,400,1547484,0.93
807,400,1065588,0.98
808,400,1220842,0.99
809,400,1188808,1
810,400,1586785,0.93
811,400,1549985,0.97
812,400,1246202,1
813,400,1436738,1
814,400,1479924,1
815,400,1047172,1
816,400,1271403,1
817,400,1297906,0.99
818,400,1581138,0.95
819,400,1494551,0.99
820,400,1358761,1
821,400,1627915,0.94
822,400,1421031,0.99
823,400,1144165,1
824,400,1493247,0.96
825,400,1632195,0.96
826,400,1283283,1
827,400,1394372,1
828,400,1381852,0.99
829,400,1473301,0.96
830,400,1288608,1
831,400,1620218,0.94
832,400,1454941,1
833,400,1455482,0.98
834,400,1539321,0.99
835,400,1184729,1
836,400,1449224,1
837,400,1214756,1
838,400,1548837,0.94
839,400,946908,1
840,400,1052683,1
841,400,1425059,0.99
842,400,1380386,0.97
843,400,1547244,0.95
844,400,1381358,0.99
845,400,1087687,1
846,400,660197,1
847,400,1571150,0.95
848,400,1392479,1
849,400,812505,1
850,400,580608,1
851,400,1472948,0.97
852,400,1326639,0.99
853,400,1333128,1
854,400,1211982,1
855,400,1565712,0.9
856,400,1488792,0.99
857,400,1553810,0.98
858,400,1273941,0.99
859,400,1623264,0.93
860,400,1523035,0.93
861,400,1525330,0.9
862,400,1446059,1
863,400,1333139,1
864,400,1408385,0.96
865,400,1276673,1
866,400,1531487,0.93
867,400,1436371,0.98
868,400,1388772,0.99
869,400,1371454,1
870,400,1113119,1
871,400,1390655,0.99
872,400,1446104,0.99
873,400,1021385,1
874,400,1503529,0.97
875,400,1213153,0.99
876,400,1326092,1
877,400,1374288,1
878,400,1127475,1
879,400,1085047,1
880,400,1468012,0.95
881,400,1128768,1
882,400,1265623,0.99
883,400,1160913,1
884,400,957398,1
885,400,1386858,1
886,400,1303233,1
887,400,1416324,0.98
888,400,1420866,0.99
889,400,1574040,0.97
890,400,1056359,1
891,400,1571877,0.94
892,400,1403806,1
893,400,1026436,1
894,400,1238015,1
895,400,1296651,1
896,400,1079276,1
897,400,1532091,0.94
898,400,1359454,0.98
899,400,1179603,1
900,400,1441237,0.99
901,400,1577832,0.98
902,400,1171912,1
903,400,1397224,1
904,400,1277137,1
905,400,1314566,0.99
906,400,1526362,0.92
907,400,1196860,1
908,400,1225023,1
909,400,1423191,1
910,400,1531535,0.78
911,400,1718683,0.74
912,400,1401906,0.98
913,400,1321248,1
914,400,1184363,1
915,400,1232357,1
916,400,1206740,1
917,400,1568368,0.92
918,400,1504939,0.9
919,400,1488727,0.99
920,400,1397794,0.99
921,400,1479218,1
922,400,1024330,1
923,400,1225335,1
924,400,1401326,0.99
925,400,846260,1
926,400,1414050,0.99
927,400,1615179,0.89
928,400,1179075,1
929,400,1300392,1
930,400,1407482,0.95
931,400,1251516,0.99
932,400,1364484,0.95
933,400,1527183,1
934,400,1551331,0.99
935,400,1488862,0.97
936,400,1171435,1
937,400,1493409,0.98
938,400,1331669,1
939,400,1534094,0.97
940,400,1531508,0.99
941,400,1341643,1
942,400,1543671,0.98
943,400,1125960,1
944,400,1427130,1
945,400,1554211,0.88
946,400,1189619,1
947,400,1354142,1
948,400,1524047,0.98
949,400,1374556,0.98
950,400,1049925,1
951,400,1521806,0.98
952,400,1402941,1
953,400,1255468,1
954,400,1361000,0.99
955,400,1164760,1
956,400,1327556,1
957,400,1267104,1
958,400,1427141,1
959,400,1508024,0.97
960,400,1407669,0.98
961,400,1472902,0.95
962,400,1483984,0.99
963,400,1454842,0.98
964,400,1526046,0.95
965,400,1204008,1
966,400,1397168,0.99
967,400,1373948,0.97
968,400,1358451,0.97
969,400,1519351,0.99
970,400,1506775,0.98
971,400,1419967,0.97
972,400,1085395,0.99
973,400,1267374,1
974,400,1402886,1
975,400,1397603,0.97
976,400,1064277,1
977,400,1366546,1
978,400,1534458,0.94
979,400,1324185,0.98
980,400,1466572,0.9
981,400,1540474,0.96
982,400,902721,1
983,400,1315506,1
984,400,854748,1
985,400,1425920,0.99
986,400,1520731,0.95
987,400,1232384,0.99
988,400,1361467,1
989,400,1240659,0.99
990,400,1503644,0.97
991,400,1398439,0.93
992,400,1369902,1
993,400,1423962,0.99
994,400,1400749,1
995,400,1537998,0.93
996,400,1468354,0.95
997,400,1493996,0.97
998,400,1414372,0.99
999,400,1519672,0.97
0,500,2204384,0.95
1,500,1699767,1
2,500,1941329,0.97
3,500,1147248,1
4,500,2539058,0.89
5,500,1596342,1
6,500,1465571,1
7,500,2095352,0.99
8,500,1760135,1
9,500,1863497,1
10,500,2334894,0.94
11,500,1861457,1
12,500,2151507,1
13,500,2124581,0.97
14,500,1564700,1
15,500,1958313,0.96
16,500,2204060,1
17,500,1723143,1
18,500,1441284,1
19,500,2043285,1
20,500,2120793,0.99
21,500,1835520,0.99
22,500,2133112,1
23,500,2280424,0.92
24,500,2034629,0.99
25,500,2023185,0.99
26,500,1940588,1
27,500,2175285,1
28,500,2068635,1
29,500,1875750,1
30,500,2338450,0.96
31,500,1999833,0.98
32,500,2003881,0.99
33,500,2264044,0.95
34,500,2167442,0.96
35,500,2173367,0.94
36,500,1999870,1
37,500,1759087,1
38,500,1810331,1
39,500,1957134,1
40,500,1438805,1
41,500,1436635,1
42,500,1818691,1
43,500,1564568,1
44,500,1730086,0.99
45,500,1633048,1
46,500,1730045,1
47,500,1982776,0.99
48,500,1662598,1
49,500,1980969,0.99
50,500,1269604,1
51,500,1524375,1
52,500,2271176,0.94
53,500,1529604,1
54,500,1409965,1
55,500,1584279,1
56,500,1867363,0.99
57,500,1541338,1
58,500,2057967,0.99
59,500,2240303,0.94
60,500,2091876,0.98
61,500,2203694,0.95
62,500,1634425,1
63,500,1603979,1
64,500,1846471,0.98
65,500,2126929,0.99
66,500,1814876,1
67,500,1320732,1
68,500,1984868,1
69,500,1882842,1
70,500,2327669,0.9
71,500,2106888,0.99
72,500,1372520,1
73,500,1883175,1
74,500,1586186,1
75,500,1814281,0.99
76,500,2165809,0.89
77,500,1594486,0.99
78,500,1103571,1
79,500,1461036,1
80,500,1838546,0.99
81,500,2295604,0.9
82,500,1918833,1
83,500,2062206,0.89
84,500,1856494,0.99
85,500,2026053,0.99
86,500,1004868,1
87,500,2080404,0.95
88,500,1901015,0.97
89,500,2005658,0.98
90,500,1542913,1
91,500,1270627,1
92,500,1778974,1
93,500,2009128,0.98
94,500,1790167,1
95,500,1639439,0.98
96,500,1633906,1
97,500,1363937,1
98,500,2088787,0.99
99,500,1836269,0.99
100,500,2172060,0.93
101,500,873256,1
102,500,1904376,1
103,500,2127007,0.9
104,500,1480963,0.89
105,500,1860035,1
106,500,1529390,1
107,500,2030073,0.98
108,500,1706720,1
109,500,2196819,0.96
110,500,1719972,1
111,500,1099665,1
112,500,1897993,0.95
113,500,1551451,1
114,500,1562353,1
115,500,1632417,1
116,500,1658320,1
117,500,2166756,0.98
118,500,2001915,0.97
119,500,2014100,0.94
120,500,2098820,0.98
121,500,2036729,1
122,500,1392397,1
123,500,1960482,0.98
124,500,1316680,1
125,500,1917179,1
126,500,1800595,1
127,500,1892864,1
128,500,1808673,1
129,500,1906752,0.99
130,500,1324327,1
131,500,1589511,1
132,500,1965613,0.97
133,500,1403695,1
134,500,1876148,0.99
135,500,2099856,0.83
136,500,1332031,1
137,500,1982318,0.99
138,500,1772339,0.98
139,500,1796923,1
140,500,1069959,1
141,500,1720089,1
142,500,1249219,1
143,500,1961540,0.99
144,500,1836820,0.99
145,500,1678271,1
146,500,1964587,0.97
147,500,2041127,0.96
148,500,1860667,1
149,500,1156113,1
150,500,1817584,0.99
151,500,1300321,0.98
152,500,1956759,1
153,500,1927552,0.99
154,500,1237330,0.98
155,500,1443268,1
156,500,2017331,0.98
157,500,1711240,1
158,500,1678624,0.99
159,500,1650337,1
160,500,1794724,1
161,500,2020219,0.96
162,500,1951005,1
163,500,1193413,1
164,500,2015878,0.98
165,500,2079571,0.94
166,500,2005717,1
167,500,2034283,0.93
168,500,1906243,1
169,500,1439943,1
170,500,1750223,1
171,500,1583653,1
172,500,1599892,1
173,500,1996099,0.94
174,500,1330367,1
175,500,1603371,1
176,500,1796706,0.99
177,500,1883905,0.99
178,500,1936078,1
179,500,1677892,1
180,500,1689777,1
181,500,1918618,0.99
182,500,1846017,0.98
183,500,1382824,1
184,500,1795036,1
185,500,1821970,0.97
186,500,1906860,0.99
187,500,1730973,1
188,500,1636903,0.99
189,500,1552333,0.99
190,500,1792514,1
191,500,1723267,0.97
192,500,1900546,0.98
193,500,1614279,1
194,500,1601881,1
195,500,2248790,0.95
196,500,1936957,0.98
197,500,1639906,0.99
198,500,1963045,0.99
199,500,1896918,1
200,500,1910995,0.99
201,500,1869223,0.98
202,500,2022934,0.95
203,500,1775837,1
204,500,1712763,1
205,500,1658660,0.98
206,500,1948919,0.95
207,500,1883392,0.98
208,500,1755413,0.99
209,500,1008943,0.99
210,500,1744531,0.96
211,500,1914915,0.99
212,500,2136883,0.9
213,500,1646802,1
214,500,1624439,0.97
215,500,1604021,1
216,500,1493584,1
217,500,1416417,1
218,500,1561243,0.99
219,500,1912127,0.98
220,500,1636297,1
221,500,1865276,0.95
222,500,1918058,0.97
223,500,1911192,0.92
224,500,1579593,1
225,500,1907372,0.97
226,500,1729812,0.99
227,500,1969085,0.98
228,500,1942339,0.97
229,500,1719058,0.99
230,500,1828955,1
231,500,1325887,1
232,500,1866308,0.96
233,500,1760997,1
234,500,1749835,1
235,500,1753861,0.98
236,500,1820770,0.98
237,500,1572682,1
238,500,1720313,1
239,500,1374823,1
240,500,1655108,1
241,500,1375528,0.99
242,500,1029173,1
243,500,1805879,0.97
244,500,1434340,1
245,500,1383562,1
246,500,1677620,0.99
247,500,1533182,1
248,500,1531052,1
249,500,915941,1
250,500,1942805,0.97
251,500,1714012,1
252,500,1616510,1
253,500,1950218,0.88
254,500,1884882,1
255,500,2040201,0.91
256,500,1249601,1
257,500,1642278,1
258,500,1849714,0.98
259,500,1653206,0.99
260,500,1790711,0.96
261,500,1802322,0.97
262,500,1774412,0.99
263,500,1076736,1
264,500,2018377,0.87
265,500,1357848,0.99
266,500,1289014,0.91
267,500,1345920,1
268,500,1383644,1
269,500,1342597,1
270,500,1172558,1
271,500,1871857,1
272,500,1489320,1
273,500,1612591,0.99
274,500,1610861,0.99
275,500,1715109,1
276,500,1661656,1
277,500,1625526,1
278,500,1418057,1
279,500,1816899,0.99
280,500,1784900,1
281,500,1744105,1
282,500,1433167,1
283,500,1252513,1
284,500,1555971,0.99
285,500,1580157,1
286,500,2053880,0.95
287,500,1775710,0.98
288,500,1739893,0.98
289,500,1583380,1
290,500,1715558,1
291,500,1362357,1
292,500,1662754,1
293,500,987487,1
294,500,1779921,1
295,500,1647790,1
296,500,1336307,0.99
297,500,1949574,0.97
298,500,1347522,1
299,500,1528501,0.99
300,500,1770117,0.97
301,500,1634010,0.99
302,500,1914144,0.99
303,500,1730490,1
304,500,1795171,1
305,500,1858180,0.98
306,500,1724915,0.99
307,500,1533828,0.99
308,500,1801340,0.99
309,500,1756301,1
310,500,1524986,1
311,500,1668647,0.99
312,500,1789364,0.99
313,500,1348673,1
314,500,1710152,1
315,500,1775329,1
316,500,1868758,0.99
317,500,1558737,1
318,500,1608071,0.98
319,500,1688329,1
320,500,1853768,0.96
321,500,1817084,0.93
322,500,1712166,0.98
323,500,1858562,0.96
324,500,1661989,1
325,500,1928755,0.94
326,500,1541504,1
327,500,1475296,1
328,500,1532620,1
329,500,1729064,1
330,500,1311651,1
331,500,1401991,1
332,500,1623484,1
333,500,1762463,1
334,500,1884600,0.9
335,500,1903736,0.96
336,500,1454258,1
337,500,1703766,0.98
338,500,1668604,0.99
339,500,1640636,1
340,500,1240171,1
341,500,1484919,1
342,500,1893512,0.96
343,500,1652222,1
344,500,1689053,1
345,500,1641238,1
346,500,1727760,0.99
347,500,1433994,1
348,500,1566928,1
349,500,1573215,0.99
350,500,1652974,1
351,500,1083419,1
352,500,1727357,1
353,500,1619437,1
354,500,1819452,0.97
355,500,1786013,0.95
356,500,1908983,0.95
357,500,1252998,1
358,500,940967,0.99
359,500,1160158,1
360,500,1512445,1
361,500,1316363,1
362,500,1701321,0.99
363,500,1721373,0.99
364,500,1885215,0.96
365,500,1578663,1
366,500,1701472,1
367,500,1743371,1
368,500,1654061,1
369,500,1482313,1
370,500,1921424,0.91
371,500,1532675,0.99
372,500,1472087,1
373,500,1725165,1
374,500,1767880,0.98
375,500,1636154,0.99
376,500,1866485,0.97
377,500,1425409,1
378,500,1620818,1
379,500,1666124,1
380,500,1606897,0.99
381,500,1816497,0.91
382,500,1814989,0.99
383,500,1599587,1
384,500,1557610,0.99
385,500,1685648,0.98
386,500,1421804,1
387,500,1479969,1
388,500,1888180,0.98
389,500,1370173,1
390,500,1681151,1
391,500,1509621,1
392,500,1436084,1
393,500,1594053,1
394,500,1551568,1
395,500,1778816,1
396,500,1837183,1
397,500,1778329,0.99
398,500,1195536,1
399,500,1884608,0.96
400,500,1787346,0.99
401,500,1667873,1
402,500,1884642,0.97
403,500,1584653,0.99
404,500,1649702,1
405,500,1647691,0.99
406,500,1697326,1
407,500,1841446,0.94
408,500,1190907,1
409,500,1215550,1
410,500,1845205,0.97
411,500,1886766,0.99
412,500,1744133,1
413,500,1675798,0.99
414,500,1267408,1
415,500,1725633,0.99
416,500,1413356,1
417,500,1421745,1
418,500,1486417,1
419,500,1493485,1
420,500,1549946,1
421,500,1747959,0.99
422,500,1222341,1
423,500,825391,1
424,500,1801267,0.95
425,500,1011375,1
426,500,1789108,0.99
427,500,1692532,1
428,500,1716106,0.98
429,500,1540892,1
430,500,925824,1
431,500,1430856,1
432,500,1916617,0.97
433,500,1322288,1
434,500,929257,1
435,500,1797813,0.99
436,500,1064184,1
437,500,1631634,1
438,500,1693777,0.99
439,500,1560890,1
440,500,1923317,0.95
441,500,1321424,1
442,500,1396328,1
443,500,1835324,0.99
444,500,1623599,0.99
445,500,1342895,0.98
446,500,1579677,1
447,500,1372386,1
448,500,1762194,1
449,500,1204945,1
450,500,1744380,0.99
451,500,1928554,0.94
452,500,1737884,1
453,500,1444302,0.99
454,500,1761580,0.98
455,500,1676882,0.99
456,500,1573134,1
457,500,1835919,1
458,500,1210387,1
459,500,1636918,1
460,500,1760739,1
461,500,1662484,0.99
462,500,1519072,1
463,500,1750970,0.99
464,500,944181,1
465,500,1802073,0.88
466,500,1809248,0.91
467,500,1381223,1
468,500,1502245,1
469,500,1778777,0.98
470,500,1556173,1
471,500,1774002,0.93
472,500,1842852,0.97
473,500,1532979,0.99
474,500,1811067,0.99
475,500,1870034,0.99
476,500,1915940,1
477,500,1765208,0.98
478,500,1709048,1
479,500,1818942,0.96
480,500,1405255,1
481,500,1633022,1
482,500,1381682,1
483,500,1577666,1
484,500,843152,1
485,500,1850257,1
486,500,1622896,0.99
487,500,1609727,1
488,500,1316051,1
489,500,1657224,1
490,500,1907828,0.9
491,500,1754538,1
492,500,1276346,1
493,500,1004045,1
494,500,1607545,0.98
495,500,1531929,1
496,500,1755027,1
497,500,1489995,1
498,500,1632036,1
499,500,1523437,1
500,500,1472160,0.99
501,500,1900339,0.95
502,500,1445654,1
503,500,1866821,0.99
504,500,1399600,1
505,500,1319562,1
506,500,1841661,0.95
507,500,1352543,0.99
508,500,1708305,0.99
509,500,1490293,1
510,500,1444675,1
511,500,1763555,0.91
512,500,1643813,0.99
513,500,1760912,0.99
514,500,1898834,0.94
515,500,1574152,0.99
516,500,1301420,1
517,500,1830298,0.97
518,500,1815966,0.99
519,500,1783551,1
520,500,1150079,1
521,500,1668158,0.98
522,500,1696124,1
523,500,1675859,1
524,500,2127037,0.9
525,500,1816423,0.99
526,500,1351160,1
527,500,1666267,1
528,500,1700610,0.98
529,500,1607824,1
530,500,1623956,1
531,500,1507438,1
532,500,1785817,0.99
533,500,1537209,1
534,500,1175858,1
535,500,1131869,1
536,500,1296834,1
537,500,1777884,0.97
538,500,1729324,0.96
539,500,1648574,0.99
540,500,1633737,1
541,500,1857729,0.98
542,500,1715481,1
543,500,1350056,1
544,500,1637850,1
545,500,1345773,1
546,500,1713557,0.99
547,500,1484155,1
548,500,1348966,1
549,500,1631858,1
550,500,1726211,0.99
551,500,1455643,0.99
552,500,1897225,0.97
553,500,1845345,0.99
554,500,1277412,1
555,500,1748779,0.99
556,500,1806850,1
557,500,1614375,0.98
558,500,1876673,0.98
559,500,1469709,1
560,500,1756135,1
561,500,1781132,0.97
562,500,1588851,1
563,500,1798909,0.98
564,500,1259819,1
565,500,1864290,0.98
566,500,1605913,1
567,500,1626688,1
568,500,1715038,0.99
569,500,1394067,1
570,500,1866278,0.98
571,500,1812884,0.99
572,500,1459241,1
573,500,1867642,0.99
574,500,1709976,0.99
575,500,1745490,0.98
576,500,1707819,1
577,500,1499374,1
578,500,1699217,0.99
579,500,1709052,1
580,500,1681271,0.99
581,500,1693874,1
582,500,1730798,0.97
583,500,1686604,1
584,500,1399866,1
585,500,1746380,0.99
586,500,1763489,0.96
587,500,1590684,1
588,500,1515832,1
589,500,1582270,0.99
590,500,1757293,1
591,500,1783600,0.99
592,500,1725025,0.99
593,500,1428788,1
594,500,1379101,1
595,500,972734,1
596,500,1544420,0.99
597,500,1865993,0.97
598,500,1688469,0.99
599,500,1338412,1
600,500,1781153,1
601,500,1027456,1
602,500,1513589,1
603,500,1635557,0.98
604,500,1654011,0.99
605,500,1556794,1
606,500,1770115,0.96
607,500,997763,1
608,500,1742245,0.98
609,500,1655600,0.96
610,500,1885106,0.92
611,500,1493167,1
612,500,1820071,0.96
613,500,1819203,0.98
614,500,1778760,0.99
615,500,1688112,0.99
616,500,1901201,0.95
617,500,1405688,1
618,500,1797243,0.98
619,500,1518043,0.98
620,500,1616367,1
621,500,1135749,1
622,500,1745199,0.99
623,500,1841400,0.98
624,500,1419356,1
625,500,1866428,0.96
626,500,1590708,1
627,500,1228355,1
628,500,1681969,1
629,500,1391984,1
630,500,1874178,0.96
631,500,1644314,0.93
632,500,1654319,1
633,500,1803510,0.92
634,500,1384458,1
635,500,1685939,1
636,500,1483451,1
637,500,1434258,0.98
638,500,1704151,0.98
639,500,1732806,0.98
640,500,1179313,1
641,500,1781647,1
642,500,1971062,0.9
643,500,1755878,1
644,500,1495062,1
645,500,1375060,1
646,500,633269,1
647,500,1709218,0.97
648,500,1113488,1
649,500,1690887,1
650,500,1506504,1
651,500,1634721,1
652,500,1486036,0.98
653,500,1563894,1
654,500,1779960,0.97
655,500,1942921,0.78
656,500,1884065,0.96
657,500,1696943,0.98
658,500,1703300,0.99
659,500,1552936,1
660,500,1509004,0.97
661,500,1895278,0.91
662,500,1486040,1
663,500,1433484,1
664,500,1723785,0.98
665,500,1008761,1
666,500,1256865,0.99
667,500,1542523,1
668,500,485434,1
669,500,1764426,0.99
670,500,1671882,0.98
671,500,1405188,1
672,500,1726229,0.99
673,500,1660788,0.99
674,500,1621678,1
675,500,1749520,1
676,500,1715365,0.99
677,500,1853539,0.93
678,500,1130334,1
679,500,1415968,0.98
680,500,1404859,1
681,500,1674811,1
682,500,1449814,0.95
683,500,1547154,1
684,500,1546720,1
685,500,1540350,1
686,500,1330449,0.93
687,500,1601219,0.99
688,500,1596109,1
689,500,1188365,1
690,500,1880580,0.93
691,500,1727846,0.99
692,500,1758657,1
693,500,1127785,1
694,500,1493836,0.99
695,500,1310340,0.99
696,500,1930675,0.87
697,500,1164391,1
698,500,1701635,0.97
699,500,1715458,1
700,500,1598056,0.99
701,500,1786851,1
702,500,1944359,0.86
703,500,1159819,1
704,500,5140386,1
705,500,2357520,0.94
706,500,2144046,1
707,500,1704750,1
708,500,1936892,1
709,500,1467077,1
710,500,2296427,1
711,500,2136655,1
712,500,1772810,0.99
713,500,905003,1
714,500,2346768,0.95
715,500,1956126,1
716,500,1749675,1
717,500,2312404,1
718,500,2330703,0.97
719,500,2216881,0.94
720,500,2071852,1
721,500,2272891,1
722,500,2504783,0.97
723,500,2172901,1
724,500,1843186,1
725,500,2271180,0.97
726,500,2362666,0.98
727,500,2020022,1
728,500,1955828,1
729,500,2241054,1
730,500,1887656,1
731,500,2027846,1
732,500,2267955,0.98
733,500,2364265,0.92
734,500,1297620,1
735,500,2084396,0.99
736,500,1788332,1
737,500,2254838,0.99
738,500,1387227,1
739,500,2252983,0.98
740,500,1457840,1
741,500,1888665,1
742,500,2259688,0.94
743,500,1958138,1
744,500,1617038,1
745,500,2362008,0.96
746,500,1820020,1
747,500,1841763,1
748,500,2217122,0.99
749,500,1154324,1
750,500,1300191,1
751,500,1817283,1
752,500,926352,1
753,500,2299070,0.93
754,500,1979060,0.97
755,500,2288025,0.88
756,500,1771988,1
757,500,2027569,0.99
758,500,1459770,1
759,500,2194850,0.94
760,500,1865310,1
761,500,2180384,0.98
762,500,2108262,1
763,500,2101920,1
764,500,2105901,0.99
765,500,2269769,0.98
766,500,2059479,1
767,500,2058006,0.96
768,500,1921316,1
769,500,2094483,0.99
770,500,1668441,1
771,500,2259198,1
772,500,2092258,0.97
773,500,1860431,1
774,500,2121004,0.92
775,500,1716962,1
776,500,1850529,1
777,500,1416881,1
778,500,1876371,0.98
779,500,1653758,1
780,500,2205272,0.91
781,500,2242537,0.96
782,500,2014807,0.99
783,500,1783800,1
784,500,1387834,1
785,500,1463834,1
786,500,1672259,0.99
787,500,1955099,1
788,500,1531714,0.99
789,500,2159041,0.95
790,500,1881015,0.99
791,500,1393175,0.99
792,500,1956353,0.99
793,500,2076772,0.99
794,500,2045628,0.99
795,500,1872554,1
796,500,2055809,0.97
797,500,2135565,0.99
798,500,2006316,0.98
799,500,1983916,0.98
800,500,1945490,1
801,500,1874051,1
802,500,1476203,1
803,500,1798445,1
804,500,1495831,0.99
805,500,1808321,1
806,500,1984205,0.94
807,500,1362841,0.99
808,500,1605191,0.99
809,500,1542830,1
810,500,2068385,0.97
811,500,2032984,0.97
812,500,1640149,1
813,500,1879282,1
814,500,1945482,1
815,500,1329470,1
816,500,1742196,1
817,500,1777724,1
818,500,2135136,0.96
819,500,2009520,0.99
820,500,1793032,1
821,500,2163361,0.97
822,500,1911557,1
823,500,1439424,1
824,500,1964037,0.96
825,500,2183776,0.98
826,500,1696688,1
827,500,1902209,1
828,500,1835295,0.99
829,500,1973148,0.98
830,500,1695578,1
831,500,2136655,0.98
832,500,1931343,1
833,500,1988336,0.99
834,500,2042233,1
835,500,1551254,1
836,500,1841298,1
837,500,1542937,1
838,500,2027543,0.96
839,500,1336983,0.99
840,500,1399454,1
841,500,1917806,0.99
842,500,1860503,0.99
843,500,2048943,0.96
844,500,1863906,0.99
845,500,1344360,1
846,500,819100,1
847,500,2077258,0.96
848,500,1838470,1
849,500,1074868,1
850,500,747101,1
851,500,1891391,0.99
852,500,1717352,1
853,500,1754476,1
854,500,1581895,1
855,500,2070640,0.92
856,500,1925874,1
857,500,2030960,0.99
858,500,1664433,0.99
859,500,2118891,0.95
860,500,1986796,0.96
861,500,2040966,0.95
862,500,1880578,1
863,500,1736800,1
864,500,1842447,0.97
865,500,1643346,1
866,500,2015758,0.96
867,500,1881174,1
868,500,1833041,1
869,500,1768213,1
870,500,1416670,1
871,500,1860294,1
872,500,1936045,1
873,500,1323585,1
874,500,1989702,0.98
875,500,1582147,1
876,500,1744134,1
877,500,1772983,1
878,500,1468757,1
879,500,1417932,1
880,500,1865340,0.98
881,500,1429505,1
882,500,1681160,1
883,500,1505358,1
884,500,1175283,1
885,500,1798220,1
886,500,1706496,1
887,500,1792674,0.98
888,500,1835417,0.99
889,500,2079352,0.98
890,500,1329008,1
891,500,2042598,0.95
892,500,1738766,1
893,500,1283866,1
894,500,1606471,1
895,500,1657235,1
896,500,1413219,1
897,500,1945753,0.95
898,500,1746824,1
899,500,1504104,1
900,500,1819234,0.99
901,500,2018189,0.99
902,500,1499975,1
903,500,1781519,1
904,500,1658421,1
905,500,1687399,0.99
906,500,1961129,0.95
907,500,1563651,1
908,500,1578426,1
909,500,1827765,1
910,500,1938731,0.79
911,500,2243566,0.78
912,500,1778637,0.99
913,500,1709260,1
914,500,1490252,1
915,500,1571836,1
916,500,1566931,1
917,500,2027478,0.95
918,500,1944781,0.96
919,500,1913300,0.99
920,500,1841613,0.99
921,500,1872992,1
922,500,1334237,1
923,500,1531338,1
924,500,1819883,1
925,500,1087359,1
926,500,1850337,0.99
927,500,2100165,0.91
928,500,1567753,1
929,500,1686658,1
930,500,1850311,0.98
931,500,1593242,1
932,500,1755289,0.98
933,500,1954373,1
934,500,1925955,0.99
935,500,1899554,0.97
936,500,1470016,1
937,500,1917416,0.98
938,500,1702217,1
939,500,1936731,0.98
940,500,1918092,0.99
941,500,1707409,1
942,500,1974649,0.99
943,500,1388448,1
944,500,1826415,1
945,500,1989093,0.9
946,500,1502527,1
947,500,1742309,1
948,500,1950577,0.99
949,500,1746896,0.99
950,500,1369574,1
951,500,1961709,0.99
952,500,1793825,1
953,500,1577832,1
954,500,1744446,1
955,500,1503610,1
956,500,1665192,1
957,500,1611991,1
958,500,1808669,1
959,500,1873453,0.99
960,500,1764558,0.98
961,500,1866580,0.97
962,500,1913295,0.99
963,500,1847107,0.98
964,500,1970453,0.95
965,500,1520701,1
966,500,1788805,0.99
967,500,1730521,0.99
968,500,1705489,0.97
969,500,1907661,0.99
970,500,1891354,0.98
971,500,1842042,0.98
972,500,1337241,0.99
973,500,1615380,1
974,500,1783045,1
975,500,1770268,0.97
976,500,1328111,1
977,500,1729394,1
978,500,1935796,0.98
979,500,1678356,0.98
980,500,1886028,0.93
981,500,1948939,0.97
982,500,1131386,1
983,500,1656712,1
984,500,1071549,1
985,500,1773317,0.99
986,500,1968710,0.97
987,500,1542508,1
988,500,1736080,1
989,500,1542899,1
990,500,1890219,0.98
991,500,1762335,0.95
992,500,1716385,1
993,500,1811148,0.99
994,500,1747725,1
995,500,1935518,0.96
996,500,1869011,0.97
997,500,1883295,0.99
998,500,1798498,0.99
999,500,1931471,0.97
0,600,2167353,0.96
1,600,1740836,1
2,600,1947784,0.98
3,600,1219636,1
4,600,2411455,0.91
5,600,1565449,1
6,600,1493734,1
7,600,2085029,0.99
8,600,1731810,1
9,600,1864125,1
10,600,2367340,0.96
11,600,1859375,1
12,600,2118956,1
13,600,2130071,0.98
14,600,1581728,1
15,600,2015620,0.97
16,600,2108236,1
17,600,1745667,1
18,600,1481026,1
19,600,2047036,1
20,600,2086338,0.99
21,600,1876754,0.99
22,600,2195729,1
23,600,2267219,0.94
24,600,2074649,0.99
25,600,2027107,1
26,600,1942314,1
27,600,2130071,1
28,600,2037223,1
29,600,1904829,1
30,600,2293784,0.97
31,600,1992723,0.98
32,600,1980118,0.99
33,600,2359120,0.97
34,600,2161658,0.98
35,600,2230907,0.96
36,600,2015807,1
37,600,1758249,1
38,600,1901932,1
39,600,1968210,1
40,600,1524074,1
41,600,1376751,1
42,600,1848242,1
43,600,1597147,1
44,600,1787162,1
45,600,1653347,1
46,600,1814676,1
47,600,2055931,0.99
48,600,1744173,1
49,600,1994408,1
50,600,1364888,1
51,600,1596812,1
52,600,2295155,0.95
53,600,1585275,1
54,600,1487978,1
55,600,1637948,1
56,600,1964587,0.99
57,600,1665997,1
58,600,2122063,0.99
59,600,2315264,0.97
60,600,2124342,1
61,600,2243923,0.97
62,600,1728128,1
63,600,1687904,1
64,600,1908346,0.99
65,600,2201688,0.99
66,600,1897923,1
67,600,1412064,1
68,600,2082242,1
69,600,1957298,1
70,600,2376525,0.91
71,600,2243873,0.99
72,600,1467305,1
73,600,1957307,1
74,600,1701549,1
75,600,1916442,0.99
76,600,2321806,0.93
77,600,1705936,1
78,600,1195225,1
79,600,1570830,1
80,600,1909067,0.99
81,600,2343147,0.93
82,600,2010708,1
83,600,2175460,0.92
84,600,1938481,0.99
85,600,2135918,0.99
86,600,1054841,1
87,600,2269122,0.95
88,600,2037187,0.97
89,600,2133199,0.98
90,600,1631663,1
91,600,1352125,1
92,600,1941067,1
93,600,2153376,0.99
94,600,1882919,1
95,600,1673728,0.99
96,600,1775598,1
97,600,1436939,1
98,600,2188928,0.99
99,600,1981289,0.99
100,600,2275766,0.95
101,600,973702,1
102,600,2000696,1
103,600,2240289,0.92
104,600,1671330,0.92
105,600,1995713,1
106,600,1658774,1
107,600,2206183,0.99
108,600,1822971,1
109,600,2307102,0.96
110,600,1904199,1
111,600,1221435,1
112,600,2018581,0.97
113,600,1722016,1
114,600,1748377,1
115,600,1775972,1
116,600,1830028,1
117,600,2312644,0.98
118,600,2156570,0.99
119,600,2125059,0.94
120,600,2230534,0.99
121,600,2170886,1
122,600,1499213,1
123,600,2057537,1
124,600,1424330,1
125,600,2097408,1
126,600,2010871,1
127,600,2044328,1
128,600,1989634,1
129,600,2072295,1
130,600,1469774,1
131,600,1802410,1
132,600,2151523,0.97
133,600,1566747,1
134,600,2046118,0.99
135,600,2350815,0.86
136,600,1447281,1
137,600,2175385,0.99
138,600,1937032,0.98
139,600,1937001,1
140,600,1196846,1
141,600,1888445,1
142,600,1395669,1
143,600,2078465,0.99
144,600,2006819,0.99
145,600,1870980,1
146,600,2163385,0.97
147,600,2232109,0.96
148,600,2044121,1
149,600,1263041,1
150,600,1986363,1
151,600,1468582,0.99
152,600,2105724,1
153,600,2133832,0.99
154,600,1348989,0.99
155,600,1540059,1
156,600,2206192,0.98
157,600,1861989,1
158,600,1840172,0.99
159,600,1804103,1
160,600,1992664,1
161,600,2251818,0.97
162,600,2187490,1
163,600,1331383,1
164,600,2188643,0.98
165,600,2236915,0.95
166,600,2167785,1
167,600,2293280,0.94
168,600,2106910,1
169,600,1578721,1
170,600,1897080,1
171,600,1761124,1
172,600,1755154,1
173,600,2220901,0.96
174,600,1468316,1
175,600,1841570,1
176,600,1952379,0.99
177,600,2061019,1
178,600,2093187,1
179,600,1854459,1
180,600,1901148,1
181,600,2179423,0.99
182,600,2042130,0.98
183,600,1525045,1
184,600,2002836,1
185,600,1976773,0.98
186,600,2140846,0.99
187,600,1880944,1
188,600,1817683,1
189,600,1732868,1
190,600,1984009,1
191,600,1936279,0.98
192,600,2109558,0.98
193,600,1789233,1
194,600,1826669,1
195,600,2488164,0.96
196,600,2105683,0.98
197,600,1842866,0.99
198,600,2150439,1
199,600,2124340,1
200,600,2146522,0.99
201,600,2120159,1
202,600,2245694,0.97
203,600,1977473,1
204,600,1937624,1
205,600,1832409,0.98
206,600,2203156,0.96
207,600,2074350,0.99
208,600,1988057,0.99
209,600,998472,1
210,600,1940356,0.98
211,600,2143476,0.99
212,600,2390935,0.92
213,600,1843601,1
214,600,1839945,0.98
215,600,1785959,1
216,600,1694208,1
217,600,1604236,1
218,600,1731613,0.99
219,600,2153033,0.98
220,600,1828976,1
221,600,2105246,0.96
222,600,2179114,0.98
223,600,2207262,0.93
224,600,1771313,1
225,600,2147486,0.97
226,600,1953900,0.99
227,600,2174659,0.98
228,600,2116180,0.99
229,600,1908593,0.99
230,600,2038690,1
231,600,1494125,1
232,600,2116053,0.96
233,600,1988542,1
234,600,1959669,1
235,600,1952307,0.99
236,600,2023944,0.98
237,600,1772520,1
238,600,1955293,1
239,600,1531247,1
240,600,1846752,1
241,600,1535370,1
242,600,1186786,1
243,600,2035269,0.97
244,600,1628878,1
245,600,1609348,1
246,600,1890787,1
247,600,1723145,1
248,600,1740927,1
249,600,1013432,1
250,600,2179900,0.98
251,600,1896571,1
252,600,1825520,1
253,600,2162532,0.9
254,600,2124984,1
255,600,2317358,0.92
256,600,1460724,1
257,600,1874512,1
258,600,2095084,0.98
259,600,1868312,1
260,600,2010635,0.96
261,600,2048155,0.97
262,600,2020581,0.99
263,600,1215908,1
264,600,2326743,0.9
265,600,1552360,1
266,600,1446948,0.91
267,600,1543062,1
268,600,1584098,1
269,600,1531905,1
270,600,1320427,1
271,600,2132334,1
272,600,1720676,1
273,600,1880433,0.99
274,600,1831625,0.99
275,600,1954266,1
276,600,1924928,1
277,600,1887615,1
278,600,1634241,1
279,600,2098122,0.99
280,600,2069570,1
281,600,1972461,1
282,600,1638934,1
283,600,1436088,1
284,600,1794159,1
285,600,1829721,1
286,600,2340221,0.97
287,600,2033940,0.99
288,600,1987757,0.99
289,600,1803477,1
290,600,1960532,1
291,600,1564689,1
292,600,1923949,1
293,600,1170269,1
294,600,2029158,1
295,600,1842113,1
296,600,1491177,0.99
297,600,2232424,0.99
298,600,1523498,1
299,600,1758411,0.99
300,600,2012181,0.98
301,600,1865579,0.99
302,600,2169515,0.99
303,600,2003055,1
304,600,2048685,1
305,600,2131518,0.99
306,600,1948760,0.99
307,600,1780479,1
308,600,2095437,1
309,600,2017363,1
310,600,1772877,1
311,600,1925517,0.99
312,600,2045510,0.99
313,600,1530943,1
314,600,1979070,1
315,600,2055327,1
316,600,2153577,0.99
317,600,1813050,1
318,600,1839229,0.99
319,600,1957056,1
320,600,2127526,0.99
321,600,2093680,0.94
322,600,1952979,0.98
323,600,2150039,0.97
324,600,1930933,1
325,600,2227263,0.97
326,600,1789384,1
327,600,1673178,1
328,600,1760747,1
329,600,2007198,1
330,600,1549889,1
331,600,1607863,1
332,600,1839734,1
333,600,2014131,1
334,600,2160903,0.9
335,600,2180821,0.98
336,600,1719941,1
337,600,1987693,0.99
338,600,1911035,0.99
339,600,1842418,1
340,600,1424213,1
341,600,1753843,1
342,600,2157871,0.96
343,600,1899838,1
344,600,1901618,1
345,600,1901175,1
346,600,1970505,1
347,600,1656794,1
348,600,1787253,1
349,600,1809361,1
350,600,1936698,1
351,600,1240877,1
352,600,1994831,1
353,600,1845232,1
354,600,5837252,0.97
355,600,2669447,0.97
356,600,2882020,0.95
357,600,1795911,1
358,600,1268724,1
359,600,1591358,1
360,600,2133015,1
361,600,1827840,1
362,600,2531719,1
363,600,2598177,1
364,600,2708454,0.96
365,600,2254163,1
366,600,2504713,1
367,600,2496369,1
368,600,2420320,1
369,600,2163760,1
370,600,2850935,0.93
371,600,2262486,1
372,600,2063705,1
373,600,2459706,1
374,600,2531024,0.99
375,600,2399662,0.99
376,600,2746542,0.98
377,600,2004612,1
378,600,2308396,1
379,600,2426329,0.99
380,600,2298099,1
381,600,2650626,0.94
382,600,2631454,1
383,600,2311663,1
384,600,2293339,0.99
385,600,2438141,0.98
386,600,1975427,1
387,600,2033496,1
388,600,2651062,0.99
389,600,1912288,1
390,600,2391239,1
391,600,2057116,1
392,600,2010066,1
393,600,2179563,1
394,600,2224804,1
395,600,2501984,1
396,600,2613439,1
397,600,2566133,0.99
398,600,1652464,1
399,600,2751481,0.96
400,600,2576384,0.99
401,600,2342292,1
402,600,2647599,0.97
403,600,2213774,1
404,600,2346528,1
405,600,2321925,1
406,600,2306414,1
407,600,2578181,0.95
408,600,1577141,1
409,600,1679443,1
410,600,2520264,1
411,600,2615034,0.99
412,600,2400279,1
413,600,2357118,0.99
414,600,1797274,1
415,600,2385277,0.99
416,600,1966955,1
417,600,1903571,1
418,600,1958776,1
419,600,2045264,1
420,600,2100141,1
421,600,2373492,0.99
422,600,1651650,1
423,600,1103780,1
424,600,2488418,0.97
425,600,1300958,1
426,600,2499831,0.99
427,600,2331671,1
428,600,2325395,0.98
429,600,2143931,1
430,600,1171726,1
431,600,1910675,1
432,600,2606328,0.98
433,600,1717749,1
434,600,1220523,1
435,600,2432000,1
436,600,1401173,1
437,600,2172359,1
438,600,2394023,1
439,600,2143998,1
440,600,2588533,0.95
441,600,1688608,1
442,600,1860775,1
443,600,2519735,1
444,600,2217316,0.99
445,600,1695419,1
446,600,2064101,1
447,600,1795912,1
448,600,2359586,1
449,600,1626442,1
450,600,2351766,1
451,600,2620942,0.95
452,600,2326207,1
453,600,1933687,0.99
454,600,2427075,0.99
455,600,2229288,0.99
456,600,2083650,1
457,600,2493439,1
458,600,1597321,1
459,600,2189922,1
460,600,2338671,1
461,600,2203467,0.99
462,600,1969374,1
463,600,2356699,0.99
464,600,1192704,1
465,600,2376412,0.92
466,600,2399244,0.93
467,600,1755233,1
468,600,1986309,1
469,600,2328252,0.98
470,600,2106877,1
471,600,2324764,0.94
472,600,2402562,0.98
473,600,2047823,0.99
474,600,2404181,0.99
475,600,2487330,0.99
476,600,2530258,1
477,600,2308293,0.99
478,600,2253000,1
479,600,2420473,0.98
480,600,1859928,1
481,600,2134402,1
482,600,1776400,1
483,600,2131761,1
484,600,1025691,1
485,600,2397615,1
486,600,2159491,1
487,600,2071956,1
488,600,1736819,1
489,600,2139400,1
490,600,2456979,0.93
491,600,2290712,1
492,600,1582027,1
493,600,1269896,1
494,600,2099802,0.99
495,600,1988161,1
496,600,2297422,1
497,600,1937025,1
498,600,2157127,1
499,600,1998708,1
500,600,1884344,0.99
501,600,2469025,0.97
502,600,1916763,1
503,600,2377569,0.99
504,600,1797771,1
505,600,1657621,1
506,600,2379212,0.96
507,600,1760756,0.99
508,600,2210243,0.99
509,600,1897500,1
510,600,1904285,1
511,600,2223304,0.93
512,600,2153287,0.99
513,600,2320333,0.99
514,600,2421427,0.95
515,600,2005566,0.99
516,600,1670066,1
517,600,2417745,0.97
518,600,2347125,1
519,600,2296514,1
520,600,1460165,1
521,600,2156387,0.98
522,600,2178372,1
523,600,2149827,1
524,600,2611620,0.91
525,600,2396625,0.99
526,600,1734098,1
527,600,2102957,1
528,600,2199363,0.99
529,600,2066404,1
530,600,2070776,1
531,600,1941793,1
532,600,2289673,0.99
533,600,1955305,1
534,600,1444297,1
535,600,1415601,1
536,600,1667965,1
537,600,2236136,0.97
538,600,2213505,0.98
539,600,2023550,0.99
540,600,2028905,1
541,600,2350717,0.98
542,600,2150175,1
543,600,1678785,1
544,600,2061944,1
545,600,1699852,1
546,600,2160711,1
547,600,1903523,1
548,600,1713314,1
549,600,2082532,1
550,600,2213195,1
551,600,1834201,0.99
552,600,2379672,0.97
553,600,2310162,0.99
554,600,1556279,1
555,600,2213791,1
556,600,2300357,1
557,600,2057960,0.99
558,600,2359663,1
559,600,1884419,1
560,600,2198038,1
561,600,2189088,0.97
562,600,2039813,1
563,600,2289935,0.98
564,600,1609403,1
565,600,2311478,0.99
566,600,2035408,1
567,600,2075753,1
568,600,2143527,0.99
569,600,1745337,1
570,600,2306901,0.98
571,600,2248407,0.99
572,600,1893031,1
573,600,2348478,0.99
574,600,2146225,0.99
575,600,2151318,0.98
576,600,2183726,1
577,600,1886809,1
578,600,2096935,0.99
579,600,2136966,1
580,600,2155280,1
581,600,2154832,1
582,600,2171677,0.98
583,600,2094671,1
584,600,1769731,1
585,600,2185993,0.99
586,600,2184043,0.97
587,600,1980727,1
588,600,1917940,1
589,600,1978801,1
590,600,2183867,1
591,600,2242004,1
592,600,2163612,0.99
593,600,1770909,1
594,600,1723841,1
595,600,1165640,1
596,600,1932354,0.99
597,600,2324396,0.98
598,600,2062853,0.99
599,600,1642966,1
600,600,2214343,1
601,600,1283609,1
602,600,1905075,1
603,600,1951146,0.98
604,600,2048112,0.99
605,600,1938010,1
606,600,2218738,0.98
607,600,1212799,1
608,600,2220496,0.99
609,600,2105603,0.97
610,600,2370440,0.95
611,600,1851238,1
612,600,2223050,0.97
613,600,2255360,0.98
614,600,2243829,0.99
615,600,2105040,0.99
616,600,2371090,0.96
617,600,1729616,1
618,600,2263787,0.99
619,600,1913360,0.99
620,600,2027057,1
621,600,1437062,1
622,600,2182180,1
623,600,2297069,0.99
624,600,1741677,1
625,600,2302303,0.99
626,600,1952554,1
627,600,1519210,1
628,600,2072991,1
629,600,1713107,1
630,600,2319601,0.96
631,600,2037286,0.95
632,600,2044220,1
633,600,2247264,0.93
634,600,1709921,1
635,600,2067098,1
636,600,1807443,1
637,600,1744142,0.98
638,600,2110233,0.99
639,600,2119935,1
640,600,1445686,1
641,600,2208792,1
642,600,2435459,0.91
643,600,2147650,1
644,600,1827203,1
645,600,1702504,1
646,600,782476,1
647,600,2107544,0.98
648,600,1372046,1
649,600,2097796,1
650,600,1896571,1
651,600,2028684,1
652,600,1830812,0.98
653,600,1930136,1
654,600,2177334,0.97
655,600,2410813,0.82
656,600,2303243,0.97
657,600,2087792,0.98
658,600,2130484,0.99
659,600,1922835,1
660,600,1846644,0.98
661,600,2339422,0.92
662,600,1807651,1
663,600,1767428,1
664,600,2120237,0.98
665,600,1193923,1
666,600,1564556,0.99
667,600,1902450,1
668,600,572623,1
669,600,2180557,0.99
670,600,2049758,0.99
671,600,1703523,1
672,600,2134455,0.99
673,600,2053557,0.99
674,600,2000970,1
675,600,2121948,1
676,600,2094309,0.99
677,600,2279351,0.96
678,600,1361411,1
679,600,1755143,0.99
680,600,1702427,1
681,600,2062688,1
682,600,1735050,0.95
683,600,1877826,1
684,600,1941162,1
685,600,1890972,1
686,600,1648826,0.95
687,600,1949090,0.99
688,600,1932316,1
689,600,1414111,1
690,600,2312664,0.94
691,600,2100613,1
692,600,2106263,1
693,600,1375238,1
694,600,1815354,0.99
695,600,1604677,0.99
696,600,2334325,0.88
697,600,1450358,1
698,600,2063163,0.98
699,600,2072007,1
700,600,1953327,1
701,600,2149041,1
702,600,2364594,0.88
703,600,1418656,1
704,600,2036304,1
705,600,2154567,0.97
706,600,2000303,1
707,600,1601431,1
708,600,1840288,1
709,600,1447434,1
710,600,2080902,1
711,600,1956890,1
712,600,1696816,0.99
713,600,887751,1
714,600,2152774,0.97
715,600,1913950,1
716,600,1686579,1
717,600,2201023,1
718,600,2190120,0.98
719,600,2090802,0.98
720,600,1935383,1
721,600,2122714,1
722,600,2288579,0.98
723,600,2050657,1
724,600,1766278,1
725,600,2155227,0.98
726,600,2223164,0.99
727,600,2013746,1
728,600,1907958,1
729,600,2146411,1
730,600,1851876,1
731,600,1966291,1
732,600,2120563,0.98
733,600,2222554,0.96
734,600,1286281,1
735,600,2022308,0.99
736,600,1727244,1
737,600,2206572,0.99
738,600,1406736,1
739,600,2198602,1
740,600,1461312,1
741,600,1886162,1
742,600,2118952,0.94
743,600,1935565,1
744,600,1668282,1
745,600,2247724,0.97
746,600,1841093,1
747,600,1815506,1
748,600,2190386,0.99
749,600,1145642,1
750,600,1278712,1
751,600,1846607,1
752,600,939977,1
753,600,2188078,0.95
754,600,1988266,0.98
755,600,2250412,0.9
756,600,1761257,1
757,600,2019159,0.99
758,600,1466875,1
759,600,2195197,0.97
760,600,1910898,1
761,600,2122071,0.99
762,600,2088353,1
763,600,2064304,1
764,600,2083484,0.99
765,600,2179220,0.99
766,600,2019487,1
767,600,2104609,0.96
768,600,1930532,1
769,600,2070406,0.99
770,600,1706668,1
771,600,2204266,1
772,600,1999917,0.97
773,600,1952498,1
774,600,2118299,0.94
775,600,1742541,1
776,600,1896590,1
777,600,1443958,1
778,600,1921689,0.99
779,600,1630347,1
780,600,2260242,0.95
781,600,2299293,0.96
782,600,2080649,1
783,600,1806922,1
784,600,1420526,1
785,600,1532132,1
786,600,1693866,1
787,600,1970936,1
788,600,1593621,0.99
789,600,2151285,0.96
790,600,1937619,0.99
791,600,1440318,1
792,600,2021287,1
793,600,2148226,0.99
794,600,2147094,0.99
795,600,1900149,1
796,600,2121881,0.99
797,600,2166109,0.99
798,600,2045322,0.99
799,600,2062661,0.98
800,600,2004586,1
801,600,1980041,1
802,600,1593121,1
803,600,1931688,1
804,600,1564309,1
805,600,1878728,1
806,600,2109069,0.95
807,600,1478048,0.99
808,600,1695402,0.99
809,600,1687476,1
810,600,2219660,0.97
811,600,2112893,0.97
812,600,1710150,1
813,600,1970983,1
814,600,2040029,1
815,600,1469121,1
816,600,1768089,1
817,600,1808685,1
818,600,2202611,0.98
819,600,2068607,1
820,600,1915148,1
821,600,2224372,0.98
822,600,1974285,1
823,600,1514497,1
824,600,2102798,0.98
825,600,2287695,0.98
826,600,1757655,1
827,600,1986667,1
828,600,1946245,1
829,600,2037430,0.99
830,600,1816084,1
831,600,2247943,0.98
832,600,2024386,1
833,600,2024942,0.99
834,600,2141925,1
835,600,1638515,1
836,600,1986441,1
837,600,1650229,1
838,600,2152385,0.97
839,600,1206835,0.99
840,600,1493941,1
841,600,2004861,0.99
842,600,1971083,0.99
843,600,2152490,0.97
844,600,1961151,0.99
845,600,1528900,1
846,600,889060,1
847,600,2189563,0.98
848,600,1976674,1
849,600,1156336,1
850,600,831136,1
851,600,2035418,0.99
852,600,1873580,1
853,600,1850518,1
854,600,1735810,1
855,600,2162866,0.94
856,600,2084161,1
857,600,2197377,0.99
858,600,1818595,0.99
859,600,2272915,0.97
860,600,2156551,0.96
861,600,2106068,0.96
862,600,1988997,1
863,600,1862554,1
864,600,1983104,0.97
865,600,1771504,1
866,600,2159561,0.98
867,600,2042685,1
868,600,1942203,1
869,600,1945777,1
870,600,1553275,1
871,600,2017154,1
872,600,2039078,1
873,600,1448019,1
874,600,2150054,0.98
875,600,1717054,1
876,600,1897287,1
877,600,1921442,1
878,600,1626720,1
879,600,1533625,1
880,600,2041438,0.99
881,600,1577596,1
882,600,1837961,1
883,600,1637428,1
884,600,1313617,1
885,600,1989189,1
886,600,1847861,1
887,600,1978567,0.98
888,600,1979276,1
889,600,2211167,0.98
890,600,1493782,1
891,600,2238086,0.96
892,600,1937221,1
893,600,1436873,1
894,600,1752228,1
895,600,1862977,1
896,600,1547574,1
897,600,2170508,0.95
898,600,1940880,1
899,600,1688552,1
900,600,2000611,0.99
901,600,2193730,0.99
902,600,1633536,1
903,600,1967841,1
904,600,1813629,1
905,600,1862065,1
906,600,2137359,0.97
907,600,1708497,1
908,600,1691909,1
909,600,2039624,1
910,600,2151406,0.82
911,600,2399466,0.82
912,600,1987532,1
913,600,1873232,1
914,600,1646093,1
915,600,1750697,1
916,600,1677113,1
917,600,2209565,0.98
918,600,2124775,0.97
919,600,2142838,0.99
920,600,1986591,1
921,600,2080729,1
922,600,1462226,1
923,600,1726564,1
924,600,2023715,1
925,600,1264865,1
926,600,2015253,1
927,600,2277051,0.95
928,600,1680139,1
929,600,1827149,1
930,600,2006610,0.98
931,600,1800292,1
932,600,1911581,0.98
933,600,2121362,1
934,600,2126845,1
935,600,2163834,0.97
936,600,1633851,1
937,600,2131897,0.99
938,600,1890608,1
939,600,2145759,0.99
940,600,2127534,1
941,600,1923744,1
942,600,2176516,1
943,600,1557962,1
944,600,2024072,1
945,600,2193702,0.92
946,600,1639693,1
947,600,1939662,1
948,600,2176995,0.99
949,600,1976024,1
950,600,1513555,1
951,600,2173021,1
952,600,2012192,1
953,600,1809635,1
954,600,1920522,1
955,600,1661518,1
956,600,1913913,1
957,600,1807507,1
958,600,2012695,1
959,600,2134913,1
960,600,2016049,0.98
961,600,2054468,0.98
962,600,2118032,1
963,600,2072254,0.98
964,600,2152229,0.95
965,600,1711392,1
966,600,5461856,1
967,600,2565723,1
968,600,2407922,0.98
969,600,2731158,0.99
970,600,2742117,0.98
971,600,2619478,0.98
972,600,1783512,1
973,600,2307328,1
974,600,2505975,1
975,600,2540654,0.99
976,600,1810411,1
977,600,2438524,1
978,600,2790246,0.99
979,600,2331875,0.99
980,600,2685456,0.95
981,600,2711529,1
982,600,1508241,1
983,600,2331718,1
984,600,1457637,1
985,600,2444514,0.99
986,600,2724185,0.97
987,600,2149652,1
988,600,2450887,1
989,600,2165740,1
990,600,2621393,0.98
991,600,2412485,0.95
992,600,2407120,1
993,600,2541454,1
994,600,2494428,1
995,600,2645979,0.97
996,600,2644781,0.99
997,600,2632521,1
998,600,2474442,0.99
999,600,2642212,0.97
0,700,2486418,0.97
1,700,2003772,1
2,700,2226384,0.98
3,700,1402837,1
4,700,2739968,0.93
5,700,1760640,1
6,700,1732737,1
7,700,2380270,1
8,700,1992732,1
9,700,2139474,1
10,700,2684037,0.97
11,700,2110135,1
12,700,2349720,1
13,700,2457675,0.98
14,700,1786077,1
15,700,2332177,0.98
16,700,2389389,1
17,700,2005699,1
18,700,1704364,1
19,700,2320240,1
20,700,2407873,0.99
21,700,2124788,0.99
22,700,2561483,1
23,700,2611634,0.96
24,700,2365146,0.99
25,700,2323706,1
26,700,2227240,1
27,700,2421986,1
28,700,2329055,1
29,700,2146837,1
30,700,2572105,0.98
31,700,2248013,0.99
32,700,2243354,1
33,700,2691705,0.98
34,700,2452767,0.98
35,700,2557198,0.97
36,700,2277527,1
37,700,2018718,1
38,700,2165592,1
39,700,2274749,1
40,700,1743229,1
41,700,1561865,1
42,700,2143108,1
43,700,1841495,1
44,700,1998208,1
45,700,1880405,1
46,700,2061715,1
47,700,2348296,0.99
48,700,1989488,1
49,700,2262696,1
50,700,1540619,1
51,700,1833868,1
52,700,2627708,0.95
53,700,1807705,1
54,700,1698132,1
55,700,1872837,1
56,700,2242739,1
57,700,1869476,1
58,700,2421682,0.99
59,700,2639039,0.98
60,700,2456791,1
61,700,2552277,0.99
62,700,1984424,1
63,700,1910449,1
64,700,2198012,1
65,700,2524242,0.99
66,700,2176542,1
67,700,1629108,1
68,700,2384325,1
69,700,2258001,1
70,700,2698984,0.94
71,700,2552227,1
72,700,1682181,1
73,700,2282236,1
74,700,1934739,1
75,700,2208052,0.99
76,700,2667165,0.94
77,700,1976622,1
78,700,1338918,1
79,700,1801165,1
80,700,2208393,0.99
81,700,2679759,0.95
82,700,2334129,1
83,700,2476981,0.92
84,700,2203699,0.99
85,700,2453419,0.99
86,700,1193172,1
87,700,2511650,0.96
88,700,2331911,0.98
89,700,2439715,0.98
90,700,1815163,1
91,700,1542426,1
92,700,2235037,1
93,700,2429867,1
94,700,2170227,1
95,700,1880496,0.99
96,700,2030289,1
97,700,1631962,1
98,700,2503122,1
99,700,2298401,0.99
100,700,2563745,0.98
101,700,1095777,1
102,700,2300751,1
103,700,2525866,0.92
104,700,1811398,0.93
105,700,2278649,1
106,700,1913997,1
107,700,2479628,0.99
108,700,2069969,1
109,700,2610501,0.98
110,700,2163810,1
111,700,1409350,1
112,700,2307023,0.99
113,700,1962676,1
114,700,2000835,1
115,700,2004786,1
116,700,2107339,1
117,700,2676826,0.98
118,700,2467669,1
119,700,2413024,0.95
120,700,2524161,0.99
121,700,2490932,1
122,700,1699394,1
123,700,2342227,1
124,700,1608327,1
125,700,2423413,1
126,700,2277921,1
127,700,2307683,1
128,700,2246741,1
129,700,2355204,1
130,700,1684336,1
131,700,1991638,1
132,700,2395893,0.98
133,700,1819987,1
134,700,2333126,0.99
135,700,2673844,0.9
136,700,1671651,1
137,700,2464249,0.99
138,700,2199615,0.98
139,700,2221881,1
140,700,1369987,1
141,700,2159331,1
142,700,1588356,1
143,700,2384812,0.99
144,700,2305143,0.99
145,700,2150805,1
146,700,2476990,0.97
147,700,2572339,0.96
148,700,2352027,1
149,700,1451898,1
150,700,2263307,1
151,700,1671053,0.99
152,700,2409981,1
153,700,2438599,0.99
154,700,1483402,0.99
155,700,1781448,1
156,700,2498659,0.99
157,700,2127697,1
158,700,2069884,0.99
159,700,2055960,1
160,700,2262345,1
161,700,2585599,0.98
162,700,2478147,1
163,700,1512209,1
164,700,2484029,0.98
165,700,2562681,0.96
166,700,2486285,1
167,700,2627831,0.95
168,700,2391103,1
169,700,1804589,1
170,700,2183709,1
171,700,2010987,1
172,700,2019054,1
173,700,2536935,0.96
174,700,1666441,1
175,700,2115882,1
176,700,2243922,0.99
177,700,2377365,1
178,700,2398190,1
179,700,2120329,1
180,700,2173598,1
181,700,2493110,1
182,700,2351998,0.98
183,700,1747716,1
184,700,2292342,1
185,700,2232141,0.99
186,700,2436051,1
187,700,2145709,1
188,700,2091106,1
189,700,2010911,1
190,700,2306459,1
191,700,2187563,0.99
192,700,2436000,1
193,700,2032694,1
194,700,2114829,1
195,700,2806913,0.97
196,700,2411534,0.98
197,700,2094016,1
198,700,2448718,1
199,700,2403636,1
200,700,2441427,0.99
201,700,2419739,1
202,700,2581443,0.98
203,700,2268995,1
204,700,2247247,1
205,700,2097864,0.98
206,700,2495325,0.96
207,700,2399917,0.99
208,700,2290711,0.99
209,700,1110572,1
210,700,2194895,0.98
211,700,2448586,1
212,700,2726621,0.95
213,700,2101752,1
214,700,2112081,0.99
215,700,2083036,1
216,700,1925408,1
217,700,1817666,1
218,700,1976222,0.99
219,700,2495643,0.98
220,700,2090702,1
221,700,2394279,0.97
222,700,2505940,0.98
223,700,2541220,0.94
224,700,2019304,1
225,700,2457958,0.98
226,700,5926249,1
227,700,3133434,0.99
228,700,3060730,0.99
229,700,2739129,0.99
230,700,2876028,1
231,700,2022268,1
232,700,3034731,0.96
233,700,2784721,1
234,700,2849885,1
235,700,2781533,1
236,700,2809543,0.98
237,700,2546766,1
238,700,2728419,1
239,700,2107053,1
240,700,2622346,1
241,700,2109046,0.99
242,700,1554256,1
243,700,2887234,1
244,700,2279177,1
245,700,2184659,1
246,700,2645205,1
247,700,2430672,1
248,700,2441190,1
249,700,1306366,1
250,700,3147549,0.99
251,700,2655670,1
252,700,2508216,1
253,700,3102381,0.92
254,700,2961809,1
255,700,3289610,0.95
256,700,1901891,1
257,700,2558783,1
258,700,2934303,1
259,700,2559282,1
260,700,2722344,0.96
261,700,2779695,0.99
262,700,2846414,0.99
263,700,1644382,1
264,700,3288597,0.92
265,700,2125601,1
266,700,1950993,0.92
267,700,2068142,1
268,700,2145754,1
269,700,2032269,1
270,700,1735730,1
271,700,2931827,1
272,700,2331165,1
273,700,2580593,1
274,700,2543869,0.99
275,700,2683530,1
276,700,2623120,1
277,700,2465748,1
278,700,2186230,1
279,700,2833719,0.99
280,700,2774110,1
281,700,2708488,1
282,700,2175328,1
283,700,1856425,1
284,700,2427029,1
285,700,2450582,1
286,700,3257396,0.98
287,700,2762106,0.99
288,700,2691742,1
289,700,2442535,1
290,700,2625266,1
291,700,2054418,1
292,700,2584399,1
293,700,1459840,1
294,700,2736351,1
295,700,2478799,1
296,700,1936531,1
297,700,3012683,0.99
298,700,2012337,1
299,700,2269300,1
300,700,2677625,1
301,700,2399768,0.99
302,700,2872444,0.99
303,700,2646259,1
304,700,2755696,1
305,700,2825143,0.99
306,700,2612313,0.99
307,700,2308203,1
308,700,2737707,1
309,700,2655465,1
310,700,2315905,1
311,700,2529841,0.99
312,700,2689296,0.99
313,700,1965726,1
314,700,2566329,1
315,700,2716494,1
316,700,2812211,0.99
317,700,2373394,1
318,700,2417960,0.99
319,700,2554356,1
320,700,2779151,1
321,700,2746152,0.96
322,700,2538093,0.98
323,700,2793722,0.98
324,700,2473734,1
325,700,2956388,0.97
326,700,2328504,1
327,700,2172841,1
328,700,2292418,1
329,700,2557947,1
330,700,1918653,1
331,700,2058816,1
332,700,2417033,1
333,700,2638103,1
334,700,2854282,0.93
335,700,2855356,1
336,700,2196159,1
337,700,2571949,1
338,700,2431593,0.99
339,700,2396748,1
340,700,1776850,1
341,700,2251581,1
342,700,2809517,0.98
343,700,2425304,1
344,700,2490003,1
345,700,2458257,1
346,700,2576862,1
347,700,2105831,1
348,700,2276284,1
349,700,2275268,1
350,700,2516181,1
351,700,1516490,1
352,700,2535803,1
353,700,2363492,1
354,700,2672344,0.98
355,700,2646636,0.97
356,700,2769223,0.96
357,700,1852250,1
358,700,1287749,1
359,700,1739820,1
360,700,2173263,1
361,700,1808344,1
362,700,2519475,1
363,700,2509567,1
364,700,2732655,0.97
365,700,2287313,1
366,700,2554119,1
367,700,2566080,1
368,700,2431548,1
369,700,2149900,1
370,700,2846215,0.96
371,700,2246415,1
372,700,2125228,1
373,700,2433620,1
374,700,2556382,0.99
375,700,2374306,0.99
376,700,2797896,0.98
377,700,2059558,1
378,700,2291100,1
379,700,2427202,0.99
380,700,2336599,0.99
381,700,2679930,0.94
382,700,2628453,1
383,700,2291025,1
384,700,2244713,1
385,700,2453256,0.98
386,700,2095194,1
387,700,2102217,1
388,700,2791462,0.99
389,700,1972332,1
390,700,2463132,1
391,700,2109256,1
392,700,2047226,1
393,700,2266334,1
394,700,2258515,1
395,700,2592507,1
396,700,2663329,1
397,700,2571284,0.99
398,700,1759376,1
399,700,2729799,0.97
400,700,2610566,0.99
401,700,2415254,1
402,700,2690667,0.99
403,700,2294270,1
404,700,2389829,1
405,700,2384147,1
406,700,2432454,1
407,700,2685980,0.97
408,700,1678832,1
409,700,1787511,1
410,700,2624794,1
411,700,2727994,0.99
412,700,2502714,1
413,700,2382178,1
414,700,1748630,1
415,700,2515168,0.99
416,700,2029252,1
417,700,2062375,1
418,700,2044102,1
419,700,2178408,1
420,700,2172904,1
421,700,2454315,0.99
422,700,1756201,1
423,700,1216021,1
424,700,2565782,0.97
425,700,1351039,1
426,700,2583306,0.99
427,700,2411238,1
428,700,2444807,0.98
429,700,2213192,1
430,700,1265798,1
431,700,2047726,1
432,700,2714653,0.98
433,700,1836671,1
434,700,1353364,1
435,700,2554720,1
436,700,1469574,1
437,700,2334273,1
438,700,2500298,1
439,700,2256153,1
440,700,2774567,0.96
441,700,1872005,1
442,700,2004924,1
443,700,2633249,1
444,700,2354137,1
445,700,1835399,1
446,700,2240815,1
447,700,1933769,1
448,700,2527904,1
449,700,1774179,1
450,700,2501961,1
451,700,2742405,0.96
452,700,2463113,1
453,700,2002908,0.99
454,700,2518280,1
455,700,2401768,0.99
456,700,2230470,1
457,700,2632224,1
458,700,1730079,1
459,700,2376294,1
460,700,2462862,1
461,700,2358400,0.99
462,700,2132753,1
463,700,2495458,1
464,700,1360266,1
465,700,2532829,0.94
466,700,2596127,0.94
467,700,1916417,1
468,700,2161297,1
469,700,2510583,0.99
470,700,2250798,1
471,700,2501051,0.96
472,700,2583037,0.98
473,700,2178037,1
474,700,2576957,1
475,700,2679572,1
476,700,2682144,1
477,700,2518589,0.99
478,700,2411878,1
479,700,2580941,0.99
480,700,2037556,1
481,700,2262839,1
482,700,1948534,1
483,700,2246458,1
484,700,1162299,1
485,700,2575427,1
486,700,2305847,1
487,700,2263782,1
488,700,1850198,1
489,700,2311872,1
490,700,2705171,0.96
491,700,2459371,1
492,700,1724940,1
493,700,1397434,1
494,700,2247549,0.99
495,700,2172146,1
496,700,2466551,1
497,700,2127221,1
498,700,2342461,1
499,700,2157181,1
500,700,2069334,1
501,700,2690723,0.99
502,700,2086653,1
503,700,2640870,0.99
504,700,1950202,1
505,700,1879367,1
506,700,2656780,0.98
507,700,1868972,1
508,700,2420902,0.99
509,700,2091240,1
510,700,2064432,1
511,700,2440330,0.95
512,700,2351428,1
513,700,2522396,1
514,700,2670249,0.96
515,700,2226718,1
516,700,1791198,1
517,700,2578756,0.97
518,700,2532120,1
519,700,2473378,1
520,700,1637415,1
521,700,2331869,0.99
522,700,2387529,1
523,700,2366463,1
524,700,2855744,0.93
525,700,2543399,1
526,700,1934477,1
527,700,2297580,1
528,700,2402041,1
529,700,2250859,1
530,700,2297499,1
531,700,2110919,1
532,700,2513501,0.99
533,700,2173253,1
534,700,1621630,1
535,700,1561915,1
536,700,1870789,1
537,700,2469494,0.98
538,700,2429338,0.99
539,700,2256329,0.99
540,700,2217211,1
541,700,2575449,0.98
542,700,2371759,1
543,700,1888303,1
544,700,2289493,1
545,700,1890472,1
546,700,2385379,1
547,700,2091372,1
548,700,1868372,1
549,700,2296310,1
550,700,2425989,1
551,700,2032873,0.99
552,700,2633042,0.99
553,700,2586809,0.99
554,700,1730816,1
555,700,2414794,1
556,700,2533653,1
557,700,2260085,0.99
558,700,2647422,1
559,700,2076147,1
560,700,2410772,1
561,700,2451566,0.98
562,700,2224969,1
563,700,2507051,0.99
564,700,1737783,1
565,700,2584520,0.99
566,700,2231999,1
567,700,2314324,1
568,700,2361080,0.99
569,700,1927621,1
570,700,2598481,0.99
571,700,2509451,0.99
572,700,2086967,1
573,700,2602774,0.99
574,700,2381060,0.99
575,700,2396996,0.99
576,700,2408587,1
577,700,2111598,1
578,700,2340784,1
579,700,2378805,1
580,700,2340793,1
581,700,2372137,1
582,700,2395743,0.98
583,700,2338009,1
584,700,1944456,1
585,700,2430286,0.99
586,700,2455485,0.99
587,700,2227973,1
588,700,2119848,1
589,700,2197591,1
590,700,2422185,1
591,700,2481416,1
592,700,2404110,0.99
593,700,1977819,1
594,700,1902457,1
595,700,1298142,1
596,700,2149781,0.99
597,700,2573214,0.98
598,700,2335163,0.99
599,700,1840886,1
600,700,2471659,1
601,700,1453866,1
602,700,2137387,1
603,700,2199653,0.99
604,700,2295203,1
605,700,2110753,1
606,700,2454328,1
607,700,1344513,1
608,700,2430660,0.99
609,700,2329463,0.99
610,700,2625033,0.98
611,700,2066499,1
612,700,2495675,0.98
613,700,2500225,0.98
614,700,2487867,0.99
615,700,2321371,0.99
616,700,2633023,0.98
617,700,1905642,1
618,700,2519665,0.99
619,700,2125528,0.99
620,700,2273455,1
621,700,1571586,1
622,700,2429521,1
623,700,2587323,0.99
624,700,1945142,1
625,700,2578146,0.99
626,700,2230715,1
627,700,1670665,1
628,700,2335836,1
629,700,1947688,1
630,700,2581058,0.98
631,700,2287865,0.98
632,700,2290700,1
633,700,2524747,0.94
634,700,1928149,1
635,700,2338328,1
636,700,2023565,1
637,700,1925670,0.99
638,700,2393646,1
639,700,2392189,1
640,700,1617419,1
641,700,2505244,1
642,700,2717359,0.94
643,700,2445071,1
644,700,2064274,1
645,700,1904943,1
646,700,892537,1
647,700,2358067,0.99
648,700,1548512,1
649,700,2335868,1
650,700,2110549,1
651,700,2262666,1
652,700,2060845,0.99
653,700,2168499,1
654,700,2443350,0.97
655,700,2718427,0.85
656,700,2586958,0.98
657,700,2370374,0.99
658,700,2378337,0.99
659,700,2171816,1
660,700,2048333,0.99
661,700,2651788,0.95
662,700,2043181,1
663,700,2023606,1
664,700,2431275,0.98
665,700,1381041,1
666,700,1716675,1
667,700,2140109,1
668,700,654533,1
669,700,2459213,0.99
670,700,2327934,0.99
671,700,1935008,1
672,700,2422956,0.99
673,700,2297710,0.99
674,700,2234604,1
675,700,2396050,1
676,700,2351872,0.99
677,700,2546223,0.97
678,700,1563956,1
679,700,1948938,0.99
680,700,1954696,1
681,700,2328005,1
682,700,1957841,0.95
683,700,2137009,1
684,700,2162471,1
685,700,2137107,1
686,700,1825452,0.96
687,700,2184192,0.99
688,700,2184715,1
689,700,1594778,1
690,700,2603699,0.94
691,700,2397333,1
692,700,2396771,1
693,700,1546636,1
694,700,2024388,0.99
695,700,1797837,0.99
696,700,2627019,0.88
697,700,1624063,1
698,700,2342179,0.98
699,700,2335118,1
700,700,2215844,1
701,700,2449605,1
702,700,2673040,0.92
703,700,1616917,1
704,700,2292040,1
705,700,2421926,0.97
706,700,2271331,1
707,700,1775094,1
708,700,2079822,1
709,700,1654548,1
710,700,2367080,1
711,700,2225390,1
712,700,1913544,0.99
713,700,991875,1
714,700,2429285,1
715,700,2117142,1
716,700,1879263,1
717,700,2482245,1
718,700,2579601,0.99
719,700,2394066,0.99
720,700,2189666,1
721,700,2422899,1
722,700,2584767,0.98
723,700,2340289,1
724,700,2003095,1
725,700,2441355,0.98
726,700,2525280,1
727,700,2290023,1
728,700,2177192,1
729,700,2418868,1
730,700,2088964,1
731,700,2235276,1
732,700,2408782,0.99
733,700,2528017,0.98
734,700,1467706,1
735,700,2275192,0.99
736,700,2006749,1
737,700,2519383,0.99
738,700,1626376,1
739,700,2495757,1
740,700,1641111,1
741,700,2152095,1
742,700,2423440,0.95
743,700,2215296,1
744,700,1887319,1
745,700,2545965,0.99
746,700,2077822,1
747,700,2062389,1
748,700,2491077,0.99
749,700,1315018,1
750,700,1486789,1
751,700,2132282,1
752,700,1051902,1
753,700,2492678,0.96
754,700,2258837,0.99
755,700,2545912,0.92
756,700,2001982,1
757,700,2265549,0.99
758,700,1687902,1
759,700,2457326,0.97
760,700,5594078,1
761,700,3047072,0.99
762,700,3073127,1
763,700,2949061,1
764,700,2921160,0.99
765,700,3109877,0.99
766,700,2844665,1
767,700,2978369,0.98
768,700,2719208,1
769,700,2939181,1
770,700,2368448,1
771,700,3167154,1
772,700,2856496,0.97
773,700,2684593,1
774,700,2911704,0.95
775,700,2357962,1
776,700,2692899,1
777,700,2014432,1
778,700,2741768,0.99
779,700,2285007,1
780,700,3183157,0.97
781,700,3254551,0.96
782,700,2938526,1
783,700,2574295,1
784,700,1953855,1
785,700,2058516,1
786,700,2266699,1
787,700,2660463,1
788,700,2133979,1
789,700,2957097,0.96
790,700,2685832,0.99
791,700,1922399,1
792,700,2702495,1
793,700,3033202,1
794,700,2986128,0.99
795,700,2671556,1
796,700,2855271,1
797,700,2993517,0.99
798,700,2864070,1
799,700,2770034,0.98
800,700,2774100,1
801,700,2641037,1
802,700,2124895,1
803,700,2634170,1
804,700,2064255,1
805,700,2563902,1
806,700,2814731,0.95
807,700,1872860,0.99
808,700,2200716,0.99
809,700,2179867,1
810,700,3020487,0.99
811,700,2979431,0.98
812,700,2306965,1
813,700,2612459,1
814,700,2752886,1
815,700,1944639,1
816,700,2424107,1
817,700,2407187,1
818,700,2986646,0.98
819,700,2824481,1
820,700,2567204,1
821,700,3046011,0.99
822,700,2646013,1
823,700,1896186,1
824,700,2797513,0.98
825,700,3110387,0.98
826,700,2321723,1
827,700,2642407,1
828,700,2510192,1
829,700,2716909,1
830,700,2472962,1
831,700,2959792,0.98
832,700,2709272,1
833,700,2682166,0.99
834,700,2821466,1
835,700,2129951,1
836,700,2549435,1
837,700,2162622,1
838,700,2814189,0.99
839,700,1518128,0.99
840,700,1946189,1
841,700,2632511,0.99
842,700,2641830,0.99
843,700,2801157,0.98
844,700,2617150,0.99
845,700,1948662,1
846,700,1154415,1
847,700,2865840,0.98
848,700,2540515,1
849,700,1459478,1
850,700,1033131,1
851,700,2632838,1
852,700,2420373,1
853,700,2412448,1
854,700,2275017,1
855,700,2836839,0.96
856,700,2669812,1
857,700,2867658,0.99
858,700,2369116,0.99
859,700,2978129,0.98
860,700,2738698,0.99
861,700,2728641,0.96
862,700,2611605,1
863,700,2365968,1
864,700,2542646,0.99
865,700,2245750,1
866,700,2814591,0.98
867,700,2643134,1
868,700,2465369,1
869,700,2480620,1
870,700,1919422,1
871,700,2604117,1
872,700,2586639,1
873,700,1859143,1
874,700,2711676,0.99
875,700,2213691,1
876,700,2518307,1
877,700,2432035,1
878,700,2083751,1
879,700,1974594,1
880,700,2606261,0.99
881,700,2005725,1
882,700,2315933,1
883,700,2051795,1
884,700,1575971,1
885,700,2494427,1
886,700,2363267,1
887,700,2486604,0.99
888,700,2490082,1
889,700,2854659,0.98
890,700,1887174,1
891,700,2865894,0.97
892,700,2395998,1
893,700,1769942,1
894,700,2158483,1
895,700,2377091,1
896,700,1927206,1
897,700,2687457,0.96
898,700,2454705,1
899,700,2094894,1
900,700,2468077,0.99
901,700,2807166,1
902,700,2036675,1
903,700,2452990,1
904,700,2227172,1
905,700,2319462,1
906,700,2704596,0.98
907,700,2152124,1
908,700,2152815,1
909,700,2531072,1
910,700,2691027,0.84
911,700,3078755,0.83
912,700,2483266,1
913,700,2340013,1
914,700,2023669,1
915,700,2176731,1
916,700,2095031,1
917,700,2795189,0.98
918,700,2725922,0.98
919,700,2599925,0.99
920,700,2468939,1
921,700,2553957,1
922,700,1794463,1
923,700,2077532,1
924,700,2488760,1
925,700,1455519,1
926,700,2494670,1
927,700,2828321,0.96
928,700,2085211,1
929,700,2346310,1
930,700,2462827,0.98
931,700,2193776,1
932,700,2369181,0.98
933,700,2666045,1
934,700,2670175,1
935,700,2674854,0.99
936,700,2017770,1
937,700,2650905,0.99
938,700,2361642,1
939,700,2578909,0.99
940,700,2641352,1
941,700,2362518,1
942,700,2695778,1
943,700,1943474,1
944,700,2446457,1
945,700,2762139,0.95
946,700,1991216,1
947,700,2383112,1
948,700,2697733,1
949,700,2450649,1
950,700,1888679,1
951,700,2727425,1
952,700,2495391,1
953,700,2189941,1
954,700,2405956,1
955,700,2045441,1
956,700,2304424,1
957,700,2208782,1
958,700,2486123,1
959,700,2637366,1
960,700,2433282,0.99
961,700,2518390,0.98
962,700,2628839,1
963,700,2523036,0.99
964,700,2643329,0.96
965,700,2070192,1
966,700,2457995,1
967,700,2422761,1
968,700,2318220,1
969,700,2590637,0.99
970,700,2578146,0.98
971,700,2491463,0.98
972,700,1767743,1
973,700,2219732,1
974,700,2473928,1
975,700,2447714,0.99
976,700,1819371,1
977,700,2391391,1
978,700,2666931,0.99
979,700,2329402,0.99
980,700,2585874,0.97
981,700,2623000,1
982,700,1486228,1
983,700,2286724,1
984,700,1456520,1
985,700,2473028,0.99
986,700,2697361,0.97
987,700,2103059,1
988,700,2446270,1
989,700,2121148,1
990,700,2620038,0.98
991,700,2446098,0.95
992,700,2350020,1
993,700,2495414,1
994,700,2422401,1
995,700,2599687,0.98
996,700,2521922,1
997,700,2628269,1
998,700,2462802,1
999,700,2615910,0.98
0,800,2871836,0.97
1,800,2310071,1
2,800,2527359,0.98
3,800,1603496,1
4,800,3162213,0.93
5,800,1991078,1
6,800,1981091,1
7,800,2739892,1
8,800,2256920,1
9,800,2407976,1
10,800,3070105,0.98
11,800,2421884,1
12,800,2730092,1
13,800,2829986,0.99
14,800,2074556,1
15,800,2700026,0.98
16,800,2757289,1
17,800,2337427,1
18,800,1927006,1
19,800,2672033,1
20,800,2732939,0.99
21,800,2442959,0.99
22,800,2901531,1
23,800,2953882,0.96
24,800,2717941,0.99
25,800,2651170,1
26,800,2564302,1
27,800,2803613,1
28,800,2650755,1
29,800,2513183,1
30,800,2969765,0.98
31,800,2595292,0.99
32,800,2583295,1
33,800,3044921,0.98
34,800,2811558,0.99
35,800,2875098,0.98
36,800,2597051,1
37,800,2327106,1
38,800,2489077,1
39,800,2611517,1
40,800,1971330,1
41,800,1757423,1
42,800,2459231,1
43,800,2098465,1
44,800,2301540,1
45,800,2141916,1
46,800,2367164,1
47,800,2695575,0.99
48,800,2274479,1
49,800,2621332,1
50,800,1771850,1
51,800,2096927,1
52,800,3010267,0.95
53,800,2074137,1
54,800,1971867,1
55,800,2112361,1
56,800,2556035,1
57,800,2166698,1
58,800,2761985,0.99
59,800,2996683,0.99
60,800,2822272,1
61,800,2923454,1
62,800,2301836,1
63,800,2177980,1
64,800,2508992,1
65,800,2876853,0.99
66,800,2510497,1
67,800,1856194,1
68,800,2701919,1
69,800,2602526,1
70,800,3098911,0.95
71,800,2905216,1
72,800,1905236,1
73,800,2563547,1
74,800,2212513,1
75,800,2507376,0.99
76,800,3033015,0.96
77,800,2272446,1
78,800,1496289,1
79,800,2067941,1
80,800,2532098,1
81,800,3071517,0.96
82,800,2667521,1
83,800,2827091,0.94
84,800,2556533,0.99
85,800,2857860,1
86,800,1376646,1
87,800,2902388,0.96
88,800,2629225,0.98
89,800,2805525,0.98
90,800,2082196,1
91,800,1739334,1
92,800,2555949,1
93,800,2799063,1
94,800,2452112,1
95,800,2159437,0.99
96,800,2307358,1
97,800,1893326,1
98,800,2864399,1
99,800,2642819,0.99
100,800,2940573,0.99
101,800,1239521,1
102,800,2630559,1
103,800,2916853,0.97
104,800,2050491,0.95
105,800,2620791,1
106,800,2197748,1
107,800,2860375,0.99
108,800,2353297,1
109,800,3021612,0.98
110,800,2496849,1
111,800,1600669,1
112,800,2631241,0.99
113,800,2248790,1
114,800,2270066,1
115,800,2327532,1
116,800,2386966,1
117,800,3023209,0.98
118,800,2803670,1
119,800,2764340,0.98
120,800,2899692,0.99
121,800,2839681,1
122,800,1943824,1
123,800,2687428,1
124,800,1850872,1
125,800,2749916,1
126,800,2603573,1
127,800,2642474,1
128,800,2578718,1
129,800,2681791,1
130,800,1891304,1
131,800,2284833,1
132,800,2751014,0.98
133,800,2060971,1
134,800,2679203,1
135,800,3084786,0.91
136,800,1905622,1
137,800,2817496,1
138,800,2517143,0.99
139,800,2551504,1
140,800,1574618,1
141,800,2481406,1
142,800,1805953,1
143,800,2699752,0.99
144,800,2670307,0.99
145,800,2439946,1
146,800,2839897,0.97
147,800,2915204,0.97
148,800,2680725,1
149,800,1658467,1
150,800,2602158,1
151,800,1871141,0.99
152,800,2745342,1
153,800,2768141,1
154,800,1682126,1
155,800,2016811,1
156,800,2843040,0.99
157,800,2432765,1
158,800,2369991,0.99
159,800,2357445,1
160,800,2581965,1
161,800,2927994,0.98
162,800,2831468,1
163,800,1769874,1
164,800,2816864,0.99
165,800,2930313,0.96
166,800,2861013,1
167,800,3020733,0.95
168,800,2757765,1
169,800,2069884,1
170,800,2472337,1
171,800,2292642,1
172,800,2315214,1
173,800,2893693,0.98
174,800,1913887,1
175,800,2389757,1
176,800,2538203,0.99
177,800,2720926,1
178,800,2708879,1
179,800,2415407,1
180,800,2468805,1
181,800,2845899,1
182,800,2686258,0.99
183,800,1965623,1
184,800,2609426,1
185,800,2533532,0.99
186,800,2758667,1
187,800,2452734,1
188,800,2391823,1
189,800,2278644,1
190,800,2616927,1
191,800,2510730,0.99
192,800,2773013,1
193,800,2339825,1
194,800,2415200,1
195,800,3167759,0.98
196,800,2729852,0.98
197,800,2392811,1
198,800,2787290,1
199,800,2724920,1
200,800,2789156,0.99
201,800,2754346,1
202,800,2932362,0.98
203,800,2584885,1
204,800,2523013,1
205,800,2346073,0.99
206,800,2867671,0.98
207,800,2708998,0.99
208,800,2616885,0.99
209,800,1266109,1
210,800,2500395,0.98
211,800,2740230,1
212,800,3102613,0.96
213,800,2393671,1
214,800,2453264,0.99
215,800,2367755,1
216,800,2235563,1
217,800,2073210,1
218,800,2265045,1
219,800,2789146,0.98
220,800,2384792,1
221,800,2739409,0.97
222,800,2858652,0.99
223,800,2886422,0.94
224,800,2309103,1
225,800,2819004,0.98
226,800,2579832,1
227,800,2845820,1
228,800,2768081,0.99
229,800,2496936,0.99
230,800,2686146,1
231,800,1902678,1
232,800,2767678,0.96
233,800,2606768,1
234,800,2554503,1
235,800,2552876,1
236,800,2618010,0.99
237,800,2319623,1
238,800,2556379,1
239,800,1990831,1
240,800,2421846,1
241,800,1976680,1
242,800,1559591,1
243,800,2685525,1
244,800,2112954,1
245,800,2106370,1
246,800,6132246,1
247,800,2723269,1
248,800,2802735,1
249,800,1502337,1
250,800,3540031,0.99
251,800,3124712,1
252,800,2810736,1
253,800,3413960,0.93
254,800,3452903,1
255,800,3735722,0.95
256,800,2242566,1
257,800,2952380,1
258,800,3349944,1
259,800,2912100,1
260,800,3096098,0.96
261,800,3183978,0.99
262,800,3206125,1
263,800,1897657,1
264,800,3725812,0.94
265,800,2377506,1
266,800,2580352,0.92
267,800,2357302,1
268,800,2521053,1
269,800,2359133,1
270,800,1959204,1
271,800,3405976,1
272,800,2721709,1
273,800,2923982,1
274,800,2782786,1
275,800,3065650,1
276,800,3002735,1
277,800,2877057,1
278,800,2447264,1
279,800,3357603,0.99
280,800,3157755,1
281,800,3104504,1
282,800,2494982,1
283,800,2145853,1
284,800,2716339,1
285,800,2806685,1
286,800,3714787,0.99
287,800,3090173,0.99
288,800,3103988,1
289,800,2668485,1
290,800,2912192,1
291,800,2480487,1
292,800,2889199,1
293,800,1655570,1
294,800,3069742,1
295,800,2863642,1
296,800,2208765,1
297,800,3503091,1
298,800,2286405,1
299,800,2617117,1
300,800,3056364,1
301,800,2770202,0.99
302,800,3359612,0.99
303,800,3023944,1
304,800,3104899,1
305,800,3248420,1
306,800,3017406,0.99
307,800,2636701,1
308,800,3123354,1
309,800,2997956,1
310,800,2575802,1
311,800,2860872,0.99
312,800,3125221,0.99
313,800,2227612,1
314,800,2947835,1
315,800,3115592,1
316,800,3230519,0.99
317,800,2700369,1
318,800,2782883,0.99
319,800,2919730,1
320,800,3232314,1
321,800,3115340,0.98
322,800,2892775,0.98
323,800,3242860,0.98
324,800,2822329,1
325,800,3322456,0.99
326,800,2663246,1
327,800,2468271,1
328,800,2626477,1
329,800,2932584,1
330,800,2247529,1
331,800,2354722,1
332,800,2692675,1
333,800,2903055,1
334,800,3225401,0.95
335,800,3229700,1
336,800,2523906,1
337,800,2920355,1
338,800,2844567,1
339,800,2751346,1
340,800,1996542,1
341,800,2588599,1
342,800,3251489,0.98
343,800,2720258,1
344,800,2834823,1
345,800,2765717,1
346,800,2890400,1
347,800,2404216,1
348,800,2603681,1
349,800,2604409,1
350,800,2880537,1
351,800,1733322,1
352,800,2909920,1
353,800,2704502,1
354,800,3029550,0.99
355,800,2990828,0.98
356,800,3125506,0.98
357,800,2129148,1
358,800,1353995,1
359,800,1959090,1
360,800,2475167,1
361,800,2057157,1
362,800,2841457,1
363,800,2835837,1
364,800,3057934,0.98
365,800,2605579,1
366,800,2901451,1
367,800,2888335,1
368,800,2786957,1
369,800,2465923,1
370,800,3248857,0.98
371,800,2522551,1
372,800,2423006,1
373,800,2885143,1
374,800,2952583,0.99
375,800,2739287,0.99
376,800,3144630,0.99
377,800,2374156,1
378,800,2659222,1
379,800,2749996,1
380,800,2637220,0.99
381,800,3024561,0.97
382,800,3019991,1
383,800,2603659,1
384,800,2529200,1
385,800,2849430,0.98
386,800,2327129,1
387,800,2410881,1
388,800,3111871,0.99
389,800,2257416,1
390,800,2811079,1
391,800,2399964,1
392,800,2310607,1
393,800,2646460,1
394,800,2547345,1
395,800,2938075,1
396,800,3038636,1
397,800,2942151,1
398,800,1948313,1
399,800,3129661,0.97
400,800,2964863,1
401,800,2784485,1
402,800,3085689,1
403,800,2552276,1
404,800,2739042,1
405,800,2712270,1
406,800,2810990,1
407,800,3058264,0.98
408,800,1960498,1
409,800,2020400,1
410,800,3004879,1
411,800,3085417,1
412,800,2811357,1
413,800,2737699,1
414,800,1986397,1
415,800,2862620,1
416,800,2339099,1
417,800,2345333,1
418,800,2337798,1
419,800,2446423,1
420,800,2503223,1
421,800,2810572,0.99
422,800,1956361,1
423,800,1391863,1
424,800,2907749,0.98
425,800,1538567,1
426,800,2970597,0.99
427,800,2771943,1
428,800,2747807,0.98
429,800,2542546,1
430,800,1397626,1
431,800,2357711,1
432,800,3034345,0.98
433,800,2103788,1
434,800,1472087,1
435,800,2875417,1
436,800,1655725,1
437,800,2689763,1
438,800,2819601,1
439,800,2504304,1
440,800,3086682,0.96
441,800,2078737,1
442,800,2251122,1
443,800,2992379,1
444,800,2643876,1
445,800,2090803,1
446,800,2527919,1
447,800,2224794,1
448,800,2857639,1
449,800,2007576,1
450,800,2852188,1
451,800,3120268,0.96
452,800,2803670,1
453,800,2280197,1
454,800,2819509,1
455,800,2681989,0.99
456,800,2517069,1
457,800,2982716,1
458,800,1962986,1
459,800,2696510,1
460,800,2821464,1
461,800,2656906,0.99
462,800,2442481,1
463,800,2812124,1
464,800,1536973,1
465,800,2883568,0.96
466,800,2961173,0.94
467,800,2177273,1
468,800,2437673,1
469,800,2878928,0.99
470,800,2542958,1
471,800,2923943,0.99
472,800,2944658,0.98
473,800,2456753,1
474,800,2901512,1
475,800,2977033,1
476,800,3051171,1
477,800,2869994,0.99
478,800,2718567,1
479,800,2927366,0.99
480,800,2317577,1
481,800,2590462,1
482,800,2162655,1
483,800,2580468,1
484,800,1302123,1
485,800,2927756,1
486,800,2602412,1
487,800,2583265,1
488,800,2066828,1
489,800,2644258,1
490,800,3059480,0.97
491,800,2781546,1
492,800,1958708,1
493,800,1572291,1
494,800,2532371,0.99
495,800,2445974,1
496,800,2807801,1
497,800,2379032,1
498,800,2648854,1
499,800,2475979,1
500,800,2315093,1
501,800,3020546,1
502,800,2358743,1
503,800,3002059,1
504,800,2218948,1
505,800,2065985,1
506,800,2977648,0.99
507,800,2128197,1
508,800,2755510,0.99
509,800,2389195,1
510,800,2332399,1
511,800,2772655,0.98
512,800,2681673,1
513,800,2824861,1
514,800,3028713,0.96
515,800,2500088,1
516,800,2045752,1
517,800,2946068,0.97
518,800,2881131,1
519,800,2805623,1
520,800,1824132,1
521,800,2634850,0.99
522,800,2692420,1
523,800,2675611,1
524,800,3216355,0.93
525,800,2872729,1
526,800,2186066,1
527,800,2602936,1
528,800,2746167,1
529,800,2543961,1
530,800,2594912,1
531,800,2401432,1
532,800,2839028,0.99
533,800,2481709,1
534,800,1817534,1
535,800,1736428,1
536,800,2103990,1
537,800,2783744,0.98
538,800,2726545,0.99
539,800,2555592,1
540,800,2536890,1
541,800,2904469,1
542,800,2700287,1
543,800,2148386,1
544,800,2586152,1
545,800,2165224,1
546,800,2723935,1
547,800,2387224,1
548,800,2147361,1
549,800,2576884,1
550,800,2736702,1
551,800,2277140,0.99
552,800,2972209,1
553,800,2939346,1
554,800,1966836,1
555,800,2760269,1
556,800,2869180,1
557,800,2529211,0.99
558,800,2970148,1
559,800,2359859,1
560,800,2743114,1
561,800,2776145,0.99
562,800,2543639,1
563,800,2851919,0.99
564,800,1952734,1
565,800,2933957,0.99
566,800,2522339,1
567,800,2605532,1
568,800,2664655,1
569,800,2150490,1
570,800,2936912,0.99
571,800,2829533,1
572,800,2342553,1
573,800,2970281,0.99
574,800,2728906,0.99
575,800,2712332,0.99
576,800,2729939,1
577,800,2388240,1
578,800,2650853,1
579,800,2681959,1
580,800,2640773,1
581,800,2690249,1
582,800,2722241,0.99
583,800,2644154,1
584,800,2200777,1
585,800,2750149,1
586,800,2778022,0.99
587,800,2530365,1
588,800,2379433,1
589,800,2456478,1
590,800,2746731,1
591,800,2767523,1
592,800,2707348,0.99
593,800,2241755,1
594,800,2179918,1
595,800,1463533,1
596,800,2387589,1
597,800,2928663,0.98
598,800,2642941,1
599,800,2080317,1
600,800,2781534,1
601,800,1627571,1
602,800,2403825,1
603,800,2511593,0.99
604,800,2607481,1
605,800,2377292,1
606,800,2762875,1
607,800,1504818,1
608,800,2747963,1
609,800,2654997,0.99
610,800,2974620,0.98
611,800,2365119,1
612,800,2804570,0.99
613,800,2802832,0.98
614,800,2855107,0.99
615,800,2624640,0.99
616,800,2994821,0.98
617,800,2164736,1
618,800,2875792,0.99
619,800,2379436,0.99
620,800,2583790,1
621,800,1779631,1
622,800,2758435,1
623,800,2914361,0.99
624,800,2190042,1
625,800,2917497,0.99
626,800,2511837,1
627,800,1984010,1
628,800,2636418,1
629,800,2216077,1
630,800,2901659,0.98
631,800,2586368,0.99
632,800,2587322,1
633,800,2839205,0.94
634,800,2191596,1
635,800,2614101,1
636,800,2266614,1
637,800,2139332,0.99
638,800,2687111,1
639,800,2694617,1
640,800,1813776,1
641,800,2844148,1
642,800,3076193,0.94
643,800,2781857,1
644,800,2295863,1
645,800,2170037,1
646,800,1017752,1
647,800,2683647,0.99
648,800,1723888,1
649,800,2639590,1
650,800,2386294,1
651,800,2595198,1
652,800,2331358,1
653,800,2464684,1
654,800,2797368,0.98
655,800,3102920,0.87
656,800,2882109,0.99
657,800,2680258,0.99
658,800,2717236,0.99
659,800,2469905,1
660,800,2328875,0.99
661,800,3015306,0.96
662,800,2325526,1
663,800,2325214,1
664,800,2750014,0.98
665,800,1563514,1
666,800,1941770,0.99
667,800,2406850,1
668,800,776868,1
669,800,2759575,1
670,800,2649283,0.99
671,800,2159426,1
672,800,2754646,0.99
673,800,2573473,1
674,800,2522032,1
675,800,2703989,1
676,800,2641270,0.99
677,800,2858489,0.98
678,800,1782779,1
679,800,2212755,0.99
680,800,2211836,1
681,800,2605912,1
682,800,2258604,0.95
683,800,2404154,1
684,800,2443324,1
685,800,2401474,1
686,800,2041419,0.97
687,800,2464595,1
688,800,2464149,1
689,800,1796196,0.99
690,800,2957785,0.97
691,800,2649919,1
692,800,2714609,1
693,800,1733456,1
694,800,2290955,0.99
695,800,2033030,1
696,800,2967484,0.91
697,800,1823951,1
698,800,2638919,0.98
699,800,2681131,1
700,800,2515467,1
701,800,2750445,1
702,800,3061687,0.94
703,800,1830637,1
704,800,2598457,1
705,800,2747500,0.99
706,800,2548465,1
707,800,1990421,1
708,800,2363773,1
709,800,1862518,1
710,800,2673662,1
711,800,2520593,1
712,800,2120904,0.99
713,800,1128131,1
714,800,2725599,1
715,800,2409150,1
716,800,2115113,1
717,800,6419816,1
718,800,3524147,0.99
719,800,3245668,0.99
720,800,3145704,1
721,800,3322569,1
722,800,3731804,0.99
723,800,3190904,1
724,800,2758595,1
725,800,3433254,0.99
726,800,3489698,1
727,800,3005160,1
728,800,2971896,1
729,800,3335096,1
730,800,2820902,1
731,800,3009286,1
732,800,3392734,0.99
733,800,3423270,0.98
734,800,1893307,1
735,800,3060690,1
736,800,2690336,1
737,800,3397883,1
738,800,2149729,1
739,800,3418252,1
740,800,2138161,1
741,800,2832642,1
742,800,3201722,0.97
743,800,2909162,1
744,800,2491497,1
745,800,3442222,0.99
746,800,2710047,1
747,800,2863397,1
748,800,3393380,1
749,800,1713776,1
750,800,1895329,1
751,800,2856321,1
752,800,1330546,1
753,800,3318770,0.97
754,800,2974223,0.99
755,800,3396438,0.94
756,800,2643350,1
757,800,3028010,0.99
758,800,2213904,1
759,800,3256104,0.97
760,800,2883669,1
761,800,3201650,0.99
762,800,3204922,1
763,800,3154041,1
764,800,3075239,1
765,800,3432738,0.99
766,800,3115394,1
767,800,3129864,0.99
768,800,2901071,1
769,800,3135937,1
770,800,2592545,1
771,800,3431479,1
772,800,3193402,0.98
773,800,2862947,1
774,800,3191835,0.96
775,800,2555649,1
776,800,2869289,1
777,800,2051711,1
778,800,2880538,0.99
779,800,2440164,1
780,800,3401229,0.99
781,800,3478932,0.96
782,800,3080734,1
783,800,2662081,1
784,800,2004060,1
785,800,2241006,1
786,800,2458997,1
787,800,2928620,1
788,800,2329412,1
789,800,3130831,0.96
790,800,2831136,1
791,800,2075487,1
792,800,2977925,1
793,800,3146895,1
794,800,3125550,0.99
795,800,2867528,1
796,800,3074214,1
797,800,3159667,0.99
798,800,2977283,1
799,800,3027013,0.99
800,800,2877492,1
801,800,2882391,1
802,800,2257567,1
803,800,2823875,1
804,800,2235449,1
805,800,2764813,1
806,800,3080740,0.96
807,800,2077179,1
808,800,2373547,0.99
809,800,2400517,1
810,800,3257683,0.99
811,800,3073138,0.99
812,800,2468554,1
813,800,2819261,1
814,800,2968944,1
815,800,2116305,1
816,800,2520448,1
817,800,2618689,1
818,800,3207731,0.98
819,800,2943576,1
820,800,2766301,1
821,800,3173878,0.99
822,800,2871665,1
823,800,2143432,1
824,800,2980179,0.99
825,800,3337620,0.98
826,800,2541738,1
827,800,2789751,1
828,800,2745945,1
829,800,2940336,1
830,800,2577973,1
831,800,3217712,0.99
832,800,3002351,1
833,800,2897363,0.99
834,800,3051385,1
835,800,2281657,1
836,800,2789383,1
837,800,2346718,1
838,800,3053924,0.99
839,800,1658375,0.99
840,800,2148276,1
841,800,2858365,0.99
842,800,2843490,0.99
843,800,3078785,0.98
844,800,2809171,1
845,800,2088402,1
846,800,1208582,1
847,800,3088671,0.99
848,800,2792962,1
849,800,1627538,1
850,800,1146568,1
851,800,2831407,1
852,800,2653026,1
853,800,2643332,1
854,800,2486186,1
855,800,3063064,0.96
856,800,2927591,1
857,800,3124903,1
858,800,2588348,0.99
859,800,3216897,0.98
860,800,3005349,0.99
861,800,3034234,0.97
862,800,2814156,1
863,800,2623329,1
864,800,2800611,1
865,800,2511098,1
866,800,3035761,0.98
867,800,2867036,1
868,800,2717093,1
869,800,2731677,1
870,800,2188213,1
871,800,2785727,1
872,800,2858666,1
873,800,2061417,1
874,800,2976417,1
875,800,2458909,1
876,800,2716999,1
877,800,2656994,1
878,800,2300755,1
879,800,2167125,1
880,800,2850510,0.99
881,800,2117706,1
882,800,2525646,1
883,800,2273147,1
884,800,1742050,1
885,800,2791094,1
886,800,2582864,1
887,800,2744774,1
888,800,2776169,1
889,800,3069572,0.99
890,800,2063947,1
891,800,3121687,0.98
892,800,2635629,1
893,800,1955008,1
894,800,2405603,1
895,800,2594263,1
896,800,2124624,1
897,800,2953456,0.97
898,800,2653471,1
899,800,2326565,1
900,800,2718542,0.99
901,800,3050255,1
902,800,2226165,1
903,800,2710116,1
904,800,2422812,1
905,800,2512702,1
906,800,2987051,0.98
907,800,2333441,1
908,800,2347500,1
909,800,2822508,1
910,800,2981398,0.85
911,800,3299042,0.86
912,800,2758808,1
913,800,2603668,1
914,800,2249494,1
915,800,2482599,1
916,800,2312382,1
917,800,3062115,0.99
918,800,2960058,0.99
919,800,2884309,0.99
920,800,2708249,1
921,800,2818381,1
922,800,1970642,1
923,800,2301920,1
924,800,2751173,1
925,800,1632495,1
926,800,2750568,1
927,800,3122088,0.97
928,800,2287938,1
929,800,2575499,1
930,800,2718157,0.98
931,800,2427496,1
932,800,2572676,0.98
933,800,2906412,1
934,800,2957260,1
935,800,2944140,0.99
936,800,2236369,1
937,800,2902304,0.99
938,800,2618854,1
939,800,2878740,0.99
940,800,2892639,1
941,800,2622146,1
942,800,2965986,1
943,800,2118093,1
944,800,2711267,1
945,800,3010655,0.95
946,800,2249524,1
947,800,2656587,1
948,800,2987879,1
949,800,2715668,1
950,800,2071534,1
951,800,3007697,1
952,800,2778208,1
953,800,2442409,1
954,800,2632060,1
955,800,2265180,1
956,800,2567765,1
957,800,2428993,1
958,800,2746648,1
959,800,2952090,1
960,800,2697082,0.99
961,800,2801697,0.98
962,800,2865974,1
963,800,2826303,1
964,800,2895486,0.96
965,800,2293340,1
966,800,2726748,1
967,800,2695326,1
968,800,2583125,1
969,800,2874382,0.99
970,800,2892502,0.98
971,800,2785585,0.98
972,800,1988625,1
973,800,2463659,1
974,800,2733782,1
975,800,2727110,0.99
976,800,2010053,1
977,800,2628705,1
978,800,2998998,0.99
979,800,2569493,0.99
980,800,2872628,0.97
981,800,2943154,1
982,800,1658484,1
983,800,2535606,1
984,800,1617492,1
985,800,2721207,1
986,800,2939844,0.99
987,800,2356701,1
988,800,2747043,1
989,800,2304286,1
990,800,2903424,0.99
991,800,2719933,0.96
992,800,2606327,1
993,800,2797740,1
994,800,2689983,1
995,800,2901949,0.99
996,800,2801049,1
997,800,2928433,1
998,800,2782110,1
999,800,2906847,0.98
0,1000,3371531,0.99
1,1000,2756090,1
2,1000,2913816,0.98
3,1000,1910895,1
4,1000,3725349,0.96
5,1000,2298936,1
6,1000,2276129,1
7,1000,3188343,1
8,1000,2678309,1
9,1000,2843765,1
10,1000,3681100,0.99
11,1000,2840162,1
12,1000,3202816,1
13,1000,3297714,0.99
14,1000,2419614,1
15,1000,3214678,0.99
16,1000,3228581,1
17,1000,2743446,1
18,1000,2291281,1
19,1000,3173037,1
20,1000,3242102,0.99
21,1000,2858991,0.99
22,1000,3428215,1
23,1000,3503223,0.97
24,1000,3200717,1
25,1000,3137192,1
26,1000,3005493,1
27,1000,3286798,1
28,1000,3091530,1
29,1000,2935710,1
30,1000,3491676,0.98
31,1000,3023055,0.99
32,1000,3029662,1
33,1000,3608080,0.99
34,1000,3298871,1
35,1000,3456082,0.99
36,1000,3085529,1
37,1000,2729815,1
38,1000,2912986,1
39,1000,3077233,1
40,1000,2345351,1
41,1000,2083130,1
42,1000,2961338,1
43,1000,2543450,1
44,1000,2690141,1
45,1000,2547007,1
46,1000,2765249,1
47,1000,3211090,1
48,1000,2715820,1
49,1000,3125400,1
50,1000,2030197,1
51,1000,2432259,1
52,1000,3548908,0.96
53,1000,2479557,1
54,1000,2400835,1
55,1000,2499108,1
56,1000,3038173,1
57,1000,2551243,1
58,1000,3297728,0.99
59,1000,3563864,0.99
60,1000,3336524,1
61,1000,3509449,1
62,1000,2728274,1
63,1000,2540327,1
64,1000,2954592,1
65,1000,3388194,1
66,1000,2978672,1
67,1000,2246106,1
68,1000,3197549,1
69,1000,3065979,1
70,1000,3698662,0.99
71,1000,3452430,1
72,1000,2277886,1
73,1000,3030064,1
74,1000,2655864,1
75,1000,2985712,0.99
76,1000,3647618,0.98
77,1000,2676743,1
78,1000,1786647,1
79,1000,2444878,1
80,1000,3004534,1
81,1000,3694026,0.96
82,1000,3199431,1
83,1000,3421746,0.95
84,1000,3041257,0.99
85,1000,3314656,1
86,1000,1647753,1
87,1000,3453288,0.96
88,1000,3185470,0.98
89,1000,3369016,0.99
90,1000,2432733,1
91,1000,2037895,1
92,1000,3019413,1
93,1000,3320166,1
94,1000,2944693,1
95,1000,2519475,0.99
96,1000,2788566,1
97,1000,2299358,1
98,1000,3404429,1
99,1000,3103775,1
100,1000,3511761,0.99
101,1000,1464407,1
102,1000,3160367,1
103,1000,3410019,0.97
104,1000,2385597,0.96
105,1000,3101720,1
106,1000,2646663,1
107,1000,3418443,0.99
108,1000,2817743,1
109,1000,3582964,0.99
110,1000,3031103,1
111,1000,1935069,1
112,1000,3131997,1
113,1000,2664236,1
114,1000,2722652,1
115,1000,2791988,1
116,1000,2878245,1
117,1000,3687316,1
118,1000,3343078,1
119,1000,3315902,0.99
120,1000,3469469,1
121,1000,3383294,1
122,1000,2319156,1
123,1000,3249766,1
124,1000,2197502,1
125,1000,3327256,1
126,1000,3103890,1
127,1000,3193688,1
128,1000,3065534,1
129,1000,3193817,1
130,1000,2265339,1
131,1000,2722838,1
132,1000,3300432,0.99
133,1000,2455304,1
134,1000,3187250,1
135,1000,3727782,0.94
136,1000,2284107,1
137,1000,3372750,1
138,1000,3062373,0.99
139,1000,3032215,1
140,1000,1921957,1
141,1000,2964449,1
142,1000,2198647,1
143,1000,3276658,0.99
144,1000,3204144,1
145,1000,2940207,1
146,1000,3396937,0.98
147,1000,3515461,0.98
148,1000,3202472,1
149,1000,2021531,1
150,1000,3128874,1
151,1000,2256794,0.99
152,1000,3293345,1
153,1000,3365452,1
154,1000,2009651,1
155,1000,2412382,1
156,1000,3426575,0.99
157,1000,2915357,1
158,1000,2830774,0.99
159,1000,2802446,1
160,1000,3074108,1
161,1000,3575121,0.98
162,1000,3412026,1
163,1000,2176440,1
164,1000,3387802,1
165,1000,3527640,0.96
166,1000,3445905,1
167,1000,3620101,0.96
168,1000,3284486,1
169,1000,2463757,1
170,1000,3007332,1
171,1000,2734853,1
172,1000,2784215,1
173,1000,3489797,1
174,1000,2265946,1
175,1000,2926435,1
176,1000,3076307,1
177,1000,3294527,1
178,1000,3301069,1
179,1000,2922179,1
180,1000,2985681,1
181,1000,3462058,1
182,1000,3225226,0.99
183,1000,2377412,1
184,1000,3140014,1
185,1000,3035019,0.99
186,1000,3333088,1
187,1000,2927153,1
188,1000,2917658,1
189,1000,2725074,1
190,1000,3155003,1
191,1000,2988540,0.99
192,1000,3339405,1
193,1000,2826734,1
194,1000,2921278,1
195,1000,3768257,0.98
196,1000,3262895,0.99
197,1000,2909560,1
198,1000,3374213,1
199,1000,3299789,1
200,1000,3388951,1
201,1000,3334143,1
202,1000,3546140,0.99
203,1000,3140900,1
204,1000,3059848,1
205,1000,2844919,0.99
206,1000,3461405,0.98
207,1000,3390296,0.99
208,1000,3183476,1
209,1000,1457681,1
210,1000,2995191,0.98
211,1000,3354369,1
212,1000,3787271,0.98
213,1000,2843845,1
214,1000,2920449,1
215,1000,2872996,1
216,1000,2653073,1
217,1000,2505787,1
218,1000,2764012,1
219,1000,3367429,0.99
220,1000,2878241,1
221,1000,3330825,0.97
222,1000,3493420,1
223,1000,3555651,0.96
224,1000,2753778,1
225,1000,3442342,0.98
226,1000,3109974,1
227,1000,3476307,1
228,1000,3392895,0.99
229,1000,3075591,1
230,1000,3234029,1
231,1000,2293726,1
232,1000,3345816,0.99
233,1000,3177405,1
234,1000,3100349,1
235,1000,3081197,1
236,1000,3151037,0.99
237,1000,2836032,1
238,1000,3107502,1
239,1000,2401792,1
240,1000,2949426,1
241,1000,2362338,1
242,1000,1870195,1
243,1000,3275966,1
244,1000,2561881,1
245,1000,2571228,1
246,1000,2990829,1
247,1000,2726804,1
248,1000,2834923,1
249,1000,1633572,1
250,1000,3480665,0.99
251,1000,3035980,1
252,1000,2847964,1
253,1000,3455716,0.96
254,1000,3387470,1
255,1000,3667059,0.97
256,1000,2329415,1
257,1000,2990543,1
258,1000,3326830,1
259,1000,2935350,1
260,1000,3094822,0.96
261,1000,3229042,0.99
262,1000,3236666,1
263,1000,2001315,1
264,1000,3706659,0.95
265,1000,2489978,1
266,1000,2157798,0.92
267,1000,2477022,1
268,1000,2559340,1
269,1000,2414627,1
270,1000,2109342,1
271,1000,3392845,1
272,1000,2785209,1
273,1000,2971653,1
274,1000,2859170,1
275,1000,3120926,1
276,1000,3002992,1
277,1000,2915067,1
278,1000,2587684,1
279,1000,3351230,0.99
280,1000,3315426,1
281,1000,3148311,1
282,1000,2569713,1
283,1000,2314908,1
284,1000,2895688,1
285,1000,2887024,1
286,1000,3765960,1
287,1000,3246477,0.99
288,1000,3192004,1
289,1000,2815546,1
290,1000,3106299,1
291,1000,2539127,1
292,1000,3064360,1
293,1000,1784220,1
294,1000,7440374,1
295,1000,2985659,1
296,1000,2353167,1
297,1000,3565623,1
298,1000,2427269,1
299,1000,2816568,1
300,1000,3173551,1
301,1000,2896961,0.99
302,1000,3438119,0.99
303,1000,3132767,1
304,1000,3231767,1
305,1000,3383073,1
306,1000,3167292,0.99
307,1000,2812970,1
308,1000,3214830,1
309,1000,3221221,1
310,1000,2775563,1
311,1000,3067201,0.99
312,1000,3303599,0.99
313,1000,2379242,1
314,1000,3120483,1
315,1000,3246696,1
316,1000,3432218,0.99
317,1000,2894587,1
318,1000,2949554,1
319,1000,3143569,1
320,1000,3407790,1
321,1000,3360126,0.98
322,1000,3093340,0.99
323,1000,3392167,0.99
324,1000,3075881,1
325,1000,3585941,0.99
326,1000,2865224,1
327,1000,2656274,1
328,1000,2795888,1
329,1000,3201833,1
330,1000,2519470,1
331,1000,2677253,1
332,1000,2955960,1
333,1000,3204879,1
334,1000,3511274,0.96
335,1000,3463364,1
336,1000,2763022,1
337,1000,3177435,1
338,1000,3090172,1
339,1000,2963635,1
340,1000,2228729,1
341,1000,2802440,1
342,1000,3468852,1
343,1000,3027924,1
344,1000,3096389,1
345,1000,3016594,1
346,1000,3173076,1
347,1000,2679490,1
348,1000,2859669,1
349,1000,2959933,1
350,1000,3097211,1
351,1000,1987829,1
352,1000,3196841,1
353,1000,2961082,1
354,1000,3339016,0.99
355,1000,3325339,0.99
356,1000,3487667,1
357,1000,2439284,1
358,1000,1555824,1
359,1000,2098241,1
360,1000,2730737,1
361,1000,2267949,1
362,1000,3141912,1
363,1000,3172642,1
364,1000,3408327,0.99
365,1000,2899308,1
366,1000,3182536,1
367,1000,3267454,1
368,1000,3047753,1
369,1000,2762556,1
370,1000,3657746,0.99
371,1000,2840310,1
372,1000,2698946,1
373,1000,3098707,1
374,1000,3276889,1
375,1000,3063475,0.99
376,1000,3472043,1
377,1000,2638464,1
378,1000,2997136,1
379,1000,3060665,1
380,1000,3006664,0.99
381,1000,3391179,0.97
382,1000,3366483,1
383,1000,2943313,1
384,1000,2790685,1
385,1000,3133827,0.99
386,1000,2634617,1
387,1000,2726754,1
388,1000,3479268,0.99
389,1000,2540864,1
390,1000,3153954,1
391,1000,2757680,1
392,1000,2618736,1
393,1000,2954025,1
394,1000,2899664,1
395,1000,3341565,1
396,1000,3368793,1
397,1000,3278408,1
398,1000,2270728,1
399,1000,3513014,0.98
400,1000,3319396,1
401,1000,3142252,1
402,1000,3520762,1
403,1000,2866904,1
404,1000,3066713,1
405,1000,3074679,1
406,1000,3139147,1
407,1000,3432063,0.99
408,1000,2187022,1
409,1000,2319821,1
410,1000,3366923,1
411,1000,3501833,1
412,1000,3157526,1
413,1000,3112622,1
414,1000,2295357,1
415,1000,3227158,1
416,1000,2669192,1
417,1000,2690501,1
418,1000,2681678,1
419,1000,2840435,1
420,1000,2859692,1
421,1000,3198082,1
422,1000,2261354,1
423,1000,1644143,1
424,1000,3341031,0.98
425,1000,1823454,1
426,1000,3405076,1
427,1000,3163084,1
428,1000,3211419,1
429,1000,2962838,1
430,1000,1651735,1
431,1000,2694937,1
432,1000,3534871,1
433,1000,2432328,1
434,1000,1694872,1
435,1000,3318897,1
436,1000,1930773,1
437,1000,3062591,1
438,1000,3242214,1
439,1000,2930742,1
440,1000,3537105,0.97
441,1000,2409613,1
442,1000,2647611,1
443,1000,3396933,1
444,1000,3108508,1
445,1000,2462827,1
446,1000,2957436,1
447,1000,2571892,1
448,1000,3278037,1
449,1000,2343055,1
450,1000,3306737,1
451,1000,3593830,0.99
452,1000,3269970,1
453,1000,2604422,1
454,1000,3304777,1
455,1000,3095154,1
456,1000,2918970,1
457,1000,3453570,1
458,1000,2282228,1
459,1000,3078509,1
460,1000,3252190,1
461,1000,3089633,1
462,1000,2868789,1
463,1000,3232241,1
464,1000,1938779,1
465,1000,3310867,0.96
466,1000,3410156,0.97
467,1000,2589868,1
468,1000,2834713,1
469,1000,3339736,0.99
470,1000,2973689,1
471,1000,3277828,0.99
472,1000,3437784,0.99
473,1000,2839508,1
474,1000,3398616,1
475,1000,3484660,1
476,1000,3561444,1
477,1000,3340405,1
478,1000,3167948,1
479,1000,3409289,0.99
480,1000,2710645,1
481,1000,3041934,1
482,1000,2496332,1
483,1000,2954579,1
484,1000,1568814,1
485,1000,3420804,1
486,1000,3034314,1
487,1000,3030825,1
488,1000,2456170,1
489,1000,3075872,1
490,1000,3591551,0.98
491,1000,3232836,1
492,1000,2307573,1
493,1000,1869519,1
494,1000,2952053,0.99
495,1000,2877829,1
496,1000,3320356,1
497,1000,2812165,1
498,1000,3120892,1
499,1000,2903707,1
500,1000,2774755,1
501,1000,3518149,1
502,1000,2763396,1
503,1000,3506614,1
504,1000,2611461,1
505,1000,2416238,1
506,1000,3490220,0.99
507,1000,2474451,1
508,1000,3175597,0.99
509,1000,2858980,1
510,1000,2757130,1
511,1000,3273510,1
512,1000,3087967,1
513,1000,3336268,1
514,1000,3580403,0.98
515,1000,3008161,1
516,1000,2402053,1
517,1000,3463587,0.98
518,1000,3396942,1
519,1000,3320018,1
520,1000,2211296,1
521,1000,3101923,1
522,1000,3173816,1
523,1000,3162941,1
524,1000,3626485,0.94
525,1000,3407304,1
526,1000,2558645,1
527,1000,3089873,1
528,1000,3286301,1
529,1000,3022651,1
530,1000,3093067,1
531,1000,2840586,1
532,1000,3345370,1
533,1000,2926796,1
534,1000,2203234,1
535,1000,2065452,1
536,1000,2499731,1
537,1000,3289744,0.99
538,1000,3239377,0.99
539,1000,3073210,1
540,1000,2984576,1
541,1000,3462090,1
542,1000,3196844,1
543,1000,2592646,1
544,1000,3086697,1
545,1000,2553444,1
546,1000,3233626,1
547,1000,2860298,1
548,1000,2539780,1
549,1000,3098092,1
550,1000,3285323,1
551,1000,2728497,0.99
552,1000,3552259,1
553,1000,3477626,1
554,1000,2340602,1
555,1000,3277866,1
556,1000,3433281,1
557,1000,3039558,1
558,1000,3539149,1
559,1000,2785442,1
560,1000,3292444,1
561,1000,3353670,0.99
562,1000,3023584,1
563,1000,3392208,0.99
564,1000,2350534,1
565,1000,3483317,0.99
566,1000,2997590,1
567,1000,3112354,1
568,1000,3194555,1
569,1000,2602281,1
570,1000,3536254,1
571,1000,3420968,1
572,1000,2793364,1
573,1000,3525238,1
574,1000,3246854,0.99
575,1000,3237780,1
576,1000,3223299,1
577,1000,2849098,1
578,1000,3167133,1
579,1000,3214965,1
580,1000,3174454,1
581,1000,3207160,1
582,1000,3281671,0.99
583,1000,3165431,1
584,1000,2633233,1
585,1000,3302183,1
586,1000,3336350,0.99
587,1000,3037160,1
588,1000,2862538,1
589,1000,2928173,1
590,1000,3291423,1
591,1000,3335530,1
592,1000,3229907,1
593,1000,2676664,1
594,1000,2600245,1
595,1000,1750666,1
596,1000,2842585,1
597,1000,3537301,0.98
598,1000,3125609,1
599,1000,2520741,1
600,1000,3364060,1
601,1000,1954617,1
602,1000,2896322,1
603,1000,2999372,1
604,1000,3149078,1
605,1000,2840081,1
606,1000,3324430,1
607,1000,1801135,1
608,1000,3282102,1
609,1000,3163062,0.99
610,1000,3589177,0.99
611,1000,2869264,1
612,1000,3397074,0.99
613,1000,3401192,0.99
614,1000,3376068,0.99
615,1000,3137409,1
616,1000,3628522,0.99
617,1000,2652464,1
618,1000,3445568,0.99
619,1000,2880156,0.99
620,1000,3100818,1
621,1000,2142516,1
622,1000,3313575,1
623,1000,3556220,0.99
624,1000,2631065,1
625,1000,3515141,1
626,1000,3026473,1
627,1000,2190807,1
628,1000,3223060,1
629,1000,2676749,1
630,1000,3544846,0.98
631,1000,3177322,1
632,1000,3159726,1
633,1000,3489267,0.94
634,1000,2653812,1
635,1000,3184847,1
636,1000,2733439,1
637,1000,2537780,1
638,1000,3272437,1
639,1000,3227505,1
640,1000,2211522,1
641,1000,3421780,1
642,1000,3730005,0.96
643,1000,3376042,1
644,1000,2783547,1
645,1000,2591887,1
646,1000,1246117,1
647,1000,3256370,0.99
648,1000,2068369,1
649,1000,3199529,1
650,1000,2874445,1
651,1000,3163357,1
652,1000,2825700,1
653,1000,2999947,1
654,1000,3352476,0.99
655,1000,3768165,0.89
656,1000,3480328,1
657,1000,3264365,0.99
658,1000,3300973,1
659,1000,2964513,1
660,1000,2792673,1
661,1000,3655888,0.96
662,1000,2812322,1
663,1000,2768644,1
664,1000,3322943,0.99
665,1000,1955530,1
666,1000,2368028,1
667,1000,2889221,1
668,1000,955131,1
669,1000,3437802,1
670,1000,3213355,1
671,1000,2611733,1
672,1000,3350443,1
673,1000,3096779,1
674,1000,3029555,1
675,1000,3266013,1
676,1000,3185970,1
677,1000,3512286,0.98
678,1000,2187162,1
679,1000,2640637,0.99
680,1000,2670494,1
681,1000,3196590,1
682,1000,2659127,0.96
683,1000,2923774,1
684,1000,2981736,1
685,1000,2933948,1
686,1000,2486274,0.97
687,1000,2982416,1
688,1000,2984528,1
689,1000,2177345,0.99
690,1000,3585156,0.97
691,1000,3215801,1
692,1000,3243412,1
693,1000,2102734,1
694,1000,2768043,0.99
695,1000,2411449,1
696,1000,3582365,0.97
697,1000,2171312,1
698,1000,3204234,1
699,1000,3209601,1
700,1000,3081753,1
701,1000,3360036,1
702,1000,3724555,0.95
703,1000,2227991,1
704,1000,3161540,1
705,1000,3330467,0.99
706,1000,3104195,1
707,1000,2383906,1
708,1000,2833553,1
709,1000,2290467,1
710,1000,3254970,1
711,1000,3061294,1
712,1000,2598066,0.99
713,1000,1423359,1
714,1000,3325624,1
715,1000,2947006,1
716,1000,2565437,1
717,1000,3407026,1
718,1000,3472176,1
719,1000,3303348,1
720,1000,2969316,1
721,1000,3309250,1
722,1000,3579379,1
723,1000,3189617,1
724,1000,2767892,1
725,1000,3370348,0.99
726,1000,3464036,1
727,1000,3122976,1
728,1000,3027959,1
729,1000,3313767,1
730,1000,2894955,1
731,1000,3059181,1
732,1000,3347813,1
733,1000,3527098,0.99
734,1000,2013335,1
735,1000,3139234,1
736,1000,2733465,1
737,1000,3474394,1
738,1000,2260408,1
739,1000,3426907,1
740,1000,2224831,1
741,1000,2930425,1
742,1000,3369639,0.98
743,1000,3046016,1
744,1000,2623730,1
745,1000,3511947,1
746,1000,6973494,1
747,1000,2870385,1
748,1000,3467069,1
749,1000,1849966,1
750,1000,2074778,1
751,1000,2874521,1
752,1000,1469470,1
753,1000,3429744,0.99
754,1000,3111058,1
755,1000,3522279,0.94
756,1000,2764127,1
757,1000,3173210,0.99
758,1000,2299409,1
759,1000,3419593,0.98
760,1000,3012450,1
761,1000,3347277,1
762,1000,3317663,1
763,1000,3272875,1
764,1000,3248127,1
765,1000,3379774,1
766,1000,3098817,1
767,1000,3304158,1
768,1000,2985884,1
769,1000,3256572,1
770,1000,2741807,1
771,1000,3482733,1
772,1000,3201102,0.98
773,1000,3027360,1
774,1000,3285404,0.97
775,1000,2740319,1
776,1000,2983405,1
777,1000,2192178,1
778,1000,3035264,1
779,1000,2549028,1
780,1000,3566265,0.99
781,1000,3625733,0.96
782,1000,3312610,1
783,1000,2883487,1
784,1000,2203572,1
785,1000,2424649,1
786,1000,2627044,1
787,1000,3095354,1
788,1000,2520832,0.99
789,1000,3376025,0.96
790,1000,3050137,1
791,1000,2203942,1
792,1000,3192488,1
793,1000,3420965,1
794,1000,3358291,1
795,1000,3034275,1
796,1000,3377806,1
797,1000,3420731,0.99
798,1000,3258107,1
799,1000,3267701,1
800,1000,3109127,1
801,1000,3157074,1
802,1000,2517087,1
803,1000,3063299,1
804,1000,2495452,1
805,1000,3074367,1
806,1000,3286787,0.97
807,1000,2260943,1
808,1000,2608739,1
809,1000,2724188,1
810,1000,3526797,0.99
811,1000,3328639,0.99
812,1000,2682723,1
813,1000,3143793,1
814,1000,3267269,1
815,1000,2311058,1
816,1000,2708656,1
817,1000,2925226,1
818,1000,3491325,0.99
819,1000,3299762,1
820,1000,3044868,1
821,1000,3508559,0.99
822,1000,3173706,1
823,1000,2376891,1
824,1000,3317843,1
825,1000,3636474,0.98
826,1000,2782885,1
827,1000,3110479,1
828,1000,3003082,1
829,1000,3222488,1
830,1000,2921027,1
831,1000,3544406,1
832,1000,3233251,1
833,1000,3170291,1
834,1000,3388669,1
835,1000,2551713,1
836,1000,3169515,1
837,1000,2581845,1
838,1000,3394927,0.99
839,1000,1785023,1
840,1000,2401432,1
841,1000,3201096,1
842,1000,3132161,0.99
843,1000,3429815,0.98
844,1000,3104267,1
845,1000,2389607,1
846,1000,1424744,1
847,1000,3510185,0.99
848,1000,3105339,1
849,1000,1859035,1
850,1000,1374565,1
851,1000,3217967,1
852,1000,2975260,1
853,1000,2968167,1
854,1000,2801434,1
855,1000,3443273,0.96
856,1000,3287718,1
857,1000,3443062,1
858,1000,2839460,0.99
859,1000,3609198,0.98
860,1000,3399717,0.99
861,1000,3335126,0.97
862,1000,3135831,1
863,1000,2979038,1
864,1000,3138344,1
865,1000,2811791,1
866,1000,3443728,0.99
867,1000,3224766,1
868,1000,3079340,1
869,1000,3066045,1
870,1000,2465306,1
871,1000,3180817,1
872,1000,3245120,1
873,1000,2346949,1
874,1000,3396085,1
875,1000,2727915,1
876,1000,3049012,1
877,1000,3040768,1
878,1000,2654438,1
879,1000,2488481,1
880,1000,3313165,0.99
881,1000,2456556,1
882,1000,2935477,1
883,1000,2516588,1
884,1000,1991231,1
885,1000,3163436,1
886,1000,2941420,1
887,1000,3176831,1
888,1000,3140754,1
889,1000,3539307,0.99
890,1000,2366388,1
891,1000,3597144,0.98
892,1000,3014600,1
893,1000,2246160,1
894,1000,2802080,1
895,1000,2999733,1
896,1000,2480013,1
897,1000,3396625,0.98
898,1000,3071172,1
899,1000,2696000,1
900,1000,3125264,1
901,1000,3462846,1
902,1000,2553116,1
903,1000,3162880,1
904,1000,2823292,1
905,1000,2898637,1
906,1000,3426939,0.98
907,1000,2724862,1
908,1000,2709491,1
909,1000,3309465,1
910,1000,3511420,0.87
911,1000,3823241,0.93
912,1000,3201321,1
913,1000,3037281,1
914,1000,2596746,1
915,1000,2777537,1
916,1000,2697544,1
917,1000,3564033,0.99
918,1000,3434506,0.99
919,1000,3342557,1
920,1000,3117762,1
921,1000,3277601,1
922,1000,2300293,1
923,1000,2681428,1
924,1000,3200919,1
925,1000,1920636,1
926,1000,3180312,1
927,1000,3668055,0.98
928,1000,2711753,1
929,1000,2944949,1
930,1000,3181738,0.99
931,1000,2805528,1
932,1000,2989180,0.99
933,1000,3361430,1
934,1000,3406623,1
935,1000,3467046,0.99
936,1000,2571930,1
937,1000,3409052,1
938,1000,3028196,1
939,1000,3416804,0.99
940,1000,3407434,1
941,1000,3059564,1
942,1000,3506981,1
943,1000,2521178,1
944,1000,3210861,1
945,1000,3527946,0.96
946,1000,2573447,1
947,1000,3079838,1
948,1000,3461782,1
949,1000,3168383,1
950,1000,2449415,1
951,1000,3500206,1
952,1000,3234404,1
953,1000,2792723,1
954,1000,3055487,1
955,1000,2690285,1
956,1000,3036250,1
957,1000,2831036,1
958,1000,3221382,1
959,1000,3481255,1
960,1000,3189282,1
961,1000,3279196,0.99
962,1000,3360915,1
963,1000,3310014,1
964,1000,3405091,0.97
965,1000,2689975,1
966,1000,3194379,1
967,1000,3170737,1
968,1000,2966551,1
969,1000,3351844,0.99
970,1000,3458359,0.99
971,1000,3262409,0.99
972,1000,2297914,1
973,1000,2931860,1
974,1000,3215835,1
975,1000,3204062,1
976,1000,2412292,1
977,1000,3061684,1
978,1000,3517420,1
979,1000,3058289,1
980,1000,3406404,0.98
981,1000,3499412,1
982,1000,1945496,1
983,1000,3005859,1
984,1000,1947791,1
985,1000,3219593,1
986,1000,3489777,0.99
987,1000,2780812,1
988,1000,3282076,1
989,1000,2721687,1
990,1000,3435188,1
991,1000,3195600,0.99
992,1000,3142429,1
993,1000,3341908,1
994,1000,3204450,1
995,1000,3442933,0.99
996,1000,3361201,1
997,1000,3481649,1
998,1000,3296007,1
999,1000,3503789,0.98
0,1200,4006245,0.99
1,1200,3270347,1
2,1200,3419640,1
3,1200,2304632,1
4,1200,4432047,0.96
5,1200,2677549,1
6,1200,2699957,1
7,1200,3793325,1
8,1200,3165205,1
9,1200,3387496,1
10,1200,4343349,0.99
11,1200,3353112,1
12,1200,3797104,1
13,1200,3925576,0.99
14,1200,2829059,1
15,1200,3812496,0.99
16,1200,3812651,1
17,1200,3279030,1
18,1200,2716439,1
19,1200,3772139,1
20,1200,3845952,1
21,1200,3394364,1
22,1200,4096119,1
23,1200,4169885,0.97
24,1200,3767052,1
25,1200,3711133,1
26,1200,3549437,1
27,1200,3909735,1
28,1200,3650746,1
29,1200,3473453,1
30,1200,4146652,0.98
31,1200,3563554,0.99
32,1200,3589117,1
33,1200,4301883,0.99
34,1200,3933409,1
35,1200,4073223,0.99
36,1200,3659317,1
37,1200,3223515,1
38,1200,3457075,1
39,1200,3685886,1
40,1200,2770139,1
41,1200,2453203,1
42,1200,3499803,1
43,1200,3007709,1
44,1200,3222200,1
45,1200,3001992,1
46,1200,3272617,1
47,1200,3793222,1
48,1200,3246838,1
49,1200,3751675,1
50,1200,2405577,1
51,1200,2861233,1
52,1200,4221806,0.98
53,1200,2924407,1
54,1200,2849615,1
55,1200,2929892,1
56,1200,3589993,1
57,1200,3047173,1
58,1200,3908597,0.99
59,1200,4222319,0.99
60,1200,3957429,1
61,1200,4170993,1
62,1200,3208051,1
63,1200,3008930,1
64,1200,3519018,1
65,1200,4040907,1
66,1200,3563960,1
67,1200,2688297,1
68,1200,3782103,1
69,1200,3674476,1
70,1200,4384990,0.99
71,1200,4113770,1
72,1200,2670591,1
73,1200,3591318,1
74,1200,3168456,1
75,1200,3524234,0.99
76,1200,4304773,0.99
77,1200,3184440,1
78,1200,2089081,1
79,1200,2920578,1
80,1200,3599814,1
81,1200,4374508,0.96
82,1200,3819315,1
83,1200,4068669,0.96
84,1200,3622826,0.99
85,1200,3953185,1
86,1200,1980846,1
87,1200,4096145,0.96
88,1200,3791072,0.99
89,1200,4003631,1
90,1200,2864396,1
91,1200,2409828,1
92,1200,3581708,1
93,1200,3967497,1
94,1200,3485489,1
95,1200,2982684,1
96,1200,3318048,1
97,1200,2754938,1
98,1200,4014134,1
99,1200,3706970,1
100,1200,4148423,0.99
101,1200,1733781,1
102,1200,3777497,1
103,1200,4019801,0.98
104,1200,2724566,0.97
105,1200,3659466,1
106,1200,3169487,1
107,1200,4055874,0.99
108,1200,3379354,1
109,1200,4241355,0.99
110,1200,3637358,1
111,1200,2305322,1
112,1200,3647713,1
113,1200,3168901,1
114,1200,3242135,1
115,1200,3308523,1
116,1200,3422335,1
117,1200,4321529,1
118,1200,3965562,1
119,1200,3942143,0.99
120,1200,4115574,1
121,1200,4015298,1
122,1200,2743352,1
123,1200,3849792,1
124,1200,2580581,1
125,1200,3934156,1
126,1200,3676144,1
127,1200,3824740,1
128,1200,3623170,1
129,1200,3791992,1
130,1200,2703802,1
131,1200,3200487,1
132,1200,3900148,0.99
133,1200,2925091,1
134,1200,3818677,1
135,1200,4416654,0.96
136,1200,2749747,1
137,1200,3998438,1
138,1200,3662242,1
139,1200,3606936,1
140,1200,2283054,1
141,1200,3511291,1
142,1200,2623693,1
143,1200,3890110,1
144,1200,3778758,1
145,1200,3517111,1
146,1200,4026765,0.99
147,1200,4157526,0.98
148,1200,3827239,1
149,1200,2401504,1
150,1200,3712238,1
151,1200,2638212,1
152,1200,3903797,1
153,1200,3981404,1
154,1200,2349392,1
155,1200,2882112,1
156,1200,8167918,0.99
157,1200,3493638,1
158,1200,3370448,0.99
159,1200,3311626,1
160,1200,3682651,1
161,1200,4235761,0.99
162,1200,4057541,1
163,1200,2591419,1
164,1200,4047439,1
165,1200,4195271,0.98
166,1200,4078650,1
167,1200,4320291,0.96
168,1200,3893908,1
169,1200,2922508,1
170,1200,3592392,1
171,1200,3257994,1
172,1200,3300894,1
173,1200,4166217,1
174,1200,2682299,1
175,1200,3499193,1
176,1200,3674993,1
177,1200,3936031,1
178,1200,3929466,1
179,1200,3443488,1
180,1200,3563116,1
181,1200,4119128,1
182,1200,3832732,1
183,1200,2787115,1
184,1200,3700690,1
185,1200,3596961,0.99
186,1200,3971356,1
187,1200,3457068,1
188,1200,3517624,1
189,1200,3275026,1
190,1200,3742902,1
191,1200,3534460,1
192,1200,3951230,1
193,1200,3361505,1
194,1200,3496687,1
195,1200,4432650,0.98
196,1200,3877150,0.99
197,1200,3446350,1
198,1200,4027427,1
199,1200,3926836,1
200,1200,4023006,1
201,1200,3951742,1
202,1200,4205080,1
203,1200,3739241,1
204,1200,3649932,1
205,1200,3333744,0.99
206,1200,4137286,0.98
207,1200,3909977,0.99
208,1200,3785844,1
209,1200,1685168,1
210,1200,3531028,0.98
211,1200,3959856,1
212,1200,4480313,0.98
213,1200,3395314,1
214,1200,3490395,1
215,1200,3407190,1
216,1200,3124853,1
217,1200,2978039,1
218,1200,3296201,1
219,1200,4011400,1
220,1200,3431844,1
221,1200,3970106,0.97
222,1200,4199412,1
223,1200,4223530,0.97
224,1200,3255189,1
225,1200,4094594,1
226,1200,3721186,1
227,1200,4132201,1
228,1200,4029355,0.99
229,1200,3632399,1
230,1200,3837798,1
231,1200,2696259,1
232,1200,3995097,0.99
233,1200,3778140,1
234,1200,3701180,1
235,1200,3652661,1
236,1200,3736521,0.99
237,1200,3373436,1
238,1200,3694172,1
239,1200,2867484,1
240,1200,3502265,1
241,1200,2783339,1
242,1200,2239778,1
243,1200,3896158,1
244,1200,3015432,1
245,1200,3086539,1
246,1200,3553851,1
247,1200,3201204,1
248,1200,3365660,1
249,1200,1938185,1
250,1200,4126055,1
251,1200,3568456,1
252,1200,3339415,1
253,1200,4131628,0.97
254,1200,4019309,1
255,1200,4359911,0.98
256,1200,2785984,1
257,1200,3554233,1
258,1200,3955292,1
259,1200,3497180,1
260,1200,3651607,0.98
261,1200,3848038,0.99
262,1200,3844461,1
263,1200,2380753,1
264,1200,4424236,0.96
265,1200,2930503,1
266,1200,2474396,0.94
267,1200,2956643,1
268,1200,3041146,1
269,1200,2847346,1
270,1200,2479445,1
271,1200,4021440,1
272,1200,3292391,1
273,1200,3554822,1
274,1200,3378255,1
275,1200,3687101,1
276,1200,3560088,1
277,1200,3478411,1
278,1200,3071436,1
279,1200,3963323,0.99
280,1200,3921204,1
281,1200,3769933,1
282,1200,3038913,1
283,1200,2753852,1
284,1200,3476443,1
285,1200,3437354,1
286,1200,4462207,1
287,1200,3868513,0.99
288,1200,3781330,1
289,1200,3343142,1
290,1200,3673425,1
291,1200,3020963,1
292,1200,3630932,1
293,1200,2114329,1
294,1200,3838392,1
295,1200,3557548,1
296,1200,2770122,1
297,1200,4221729,1
298,1200,2881236,1
299,1200,3331820,1
300,1200,3773164,1
301,1200,3431685,1
302,1200,4052001,0.99
303,1200,3706383,1
304,1200,3851930,1
305,1200,4029410,1
306,1200,3787203,0.99
307,1200,3362268,1
308,1200,3796480,1
309,1200,3809724,1
310,1200,3252991,1
311,1200,3604608,0.99
312,1200,3953346,1
313,1200,2814741,1
314,1200,3696958,1
315,1200,3834279,1
316,1200,4086391,0.99
317,1200,3419826,1
318,1200,3543297,1
319,1200,3743266,1
320,1200,4054144,1
321,1200,3986055,0.99
322,1200,3680770,0.99
323,1200,4057171,1
324,1200,3632502,1
325,1200,4233214,1
326,1200,3396473,1
327,1200,3146528,1
328,1200,3330730,1
329,1200,3807793,1
330,1200,2990080,1
331,1200,3251488,1
332,1200,3502347,1
333,1200,3800512,1
334,1200,4137938,0.97
335,1200,4118565,1
336,1200,3281090,1
337,1200,3794875,1
338,1200,3652899,1
339,1200,3505633,1
340,1200,2642215,1
341,1200,3303131,1
342,1200,4113089,1
343,1200,3584004,1
344,1200,3687268,1
345,1200,3576196,1
346,1200,3783218,1
347,1200,3245492,1
348,1200,3408681,1
349,1200,3377642,1
350,1200,3663593,1
351,1200,2363350,1
352,1200,3812454,1
353,1200,3505589,1
354,1200,3953381,0.99
355,1200,3942958,1
356,1200,4171029,1
357,1200,2918274,1
358,1200,1829628,1
359,1200,2491632,1
360,1200,3209520,1
361,1200,2669212,1
362,1200,3727757,1
363,1200,3764795,1
364,1200,4029647,1
365,1200,3432007,1
366,1200,3792437,1
367,1200,3886443,1
368,1200,3631200,1
369,1200,3311611,1
370,1200,4344934,0.99
371,1200,3359279,1
372,1200,3211448,1
373,1200,3679029,1
374,1200,3870579,1
375,1200,3659144,0.99
376,1200,4123917,1
377,1200,3117221,1
378,1200,3536494,1
379,1200,3644791,0.99
380,1200,3554549,0.99
381,1200,4027653,1
382,1200,4001665,1
383,1200,3487752,1
384,1200,3309726,1
385,1200,3718961,1
386,1200,3171085,1
387,1200,3232085,1
388,1200,4114192,1
389,1200,3027607,1
390,1200,3721216,1
391,1200,3256051,1
392,1200,3129122,1
393,1200,3476929,1
394,1200,3482316,1
395,1200,3938604,1
396,1200,4000363,1
397,1200,3909901,1
398,1200,2694462,1
399,1200,4158069,0.98
400,1200,3950020,1
401,1200,3746584,1
402,1200,4185489,1
403,1200,3398158,1
404,1200,3644639,1
405,1200,3641955,1
406,1200,3728950,1
407,1200,4048353,0.99
408,1200,2575231,1
409,1200,2791081,1
410,1200,3984284,1
411,1200,4150780,1
412,1200,3759197,1
413,1200,3689951,1
414,1200,2715984,1
415,1200,3831310,1
416,1200,3186561,1
417,1200,3202572,1
418,1200,3170900,1
419,1200,3395584,1
420,1200,3409079,1
421,1200,3778385,1
422,1200,2693964,1
423,1200,2007956,1
424,1200,3976073,0.98
425,1200,2137895,1
426,1200,4031010,1
427,1200,3772771,1
428,1200,3843634,1
429,1200,3542236,1
430,1200,1927818,1
431,1200,3255244,1
432,1200,4235164,1
433,1200,2875951,1
434,1200,2032139,1
435,1200,3922791,1
436,1200,2269707,1
437,1200,3640010,1
438,1200,3851858,1
439,1200,3499031,1
440,1200,4228429,0.98
441,1200,2856083,1
442,1200,3144494,1
443,1200,4049450,1
444,1200,3692990,1
445,1200,2952627,1
446,1200,3541993,1
447,1200,3079636,1
448,1200,3928269,1
449,1200,2802336,1
450,1200,3928130,1
451,1200,4272477,0.99
452,1200,3858811,1
453,1200,3094864,1
454,1200,3947242,1
455,1200,3674667,1
456,1200,3482739,1
457,1200,4102634,1
458,1200,2680998,1
459,1200,3675159,1
460,1200,3857146,1
461,1200,3712082,1
462,1200,3410180,1
463,1200,3871833,1
464,1200,2331396,1
465,1200,3921579,0.98
466,1200,4063658,1
467,1200,3084113,1
468,1200,3380276,1
469,1200,3964861,1
470,1200,3535713,1
471,1200,3888231,0.99
472,1200,4097431,1
473,1200,3384094,1
474,1200,4020170,1
475,1200,4131648,1
476,1200,4227613,1
477,1200,3971863,1
478,1200,3753480,1
479,1200,4063950,1
480,1200,3264877,1
481,1200,3621142,1
482,1200,2912378,1
483,1200,3517879,1
484,1200,1874110,1
485,1200,4066947,1
486,1200,3595265,1
487,1200,3613127,1
488,1200,2895710,1
489,1200,3668037,1
490,1200,4262719,0.98
491,1200,3865512,1
492,1200,2698444,1
493,1200,2211317,1
494,1200,3533230,0.99
495,1200,3426439,1
496,1200,3947506,1
497,1200,3370336,1
498,1200,3699158,1
499,1200,3454901,1
500,1200,3277948,1
501,1200,4154780,1
502,1200,3273077,1
503,1200,4161759,1
504,1200,3113044,1
505,1200,2844909,1
506,1200,4120658,1
507,1200,2902175,1
508,1200,3778022,0.99
509,1200,3392599,1
510,1200,3317401,1
511,1200,3903398,1
512,1200,3696057,1
513,1200,3974853,1
514,1200,4224485,0.99
515,1200,3553282,1
516,1200,2859836,1
517,1200,4155965,0.99
518,1200,4016474,1
519,1200,3923707,1
520,1200,2622865,1
521,1200,3678430,1
522,1200,3748388,1
523,1200,3763843,1
524,1200,4229388,0.96
525,1200,4032979,1
526,1200,3062873,1
527,1200,3683815,1
528,1200,3918761,1
529,1200,3553127,1
530,1200,3674926,1
531,1200,3373460,1
532,1200,3955012,1
533,1200,3472154,1
534,1200,2671897,1
535,1200,2440962,1
536,1200,2983658,1
537,1200,3903586,0.99
538,1200,7958757,0.99
539,1200,3642812,1
540,1200,3531752,1
541,1200,4111225,1
542,1200,3783258,1
543,1200,3095280,1
544,1200,3662395,1
545,1200,3042844,1
546,1200,3842611,1
547,1200,3420616,1
548,1200,3022560,1
549,1200,3707562,1
550,1200,3867139,1
551,1200,3218517,1
552,1200,4208506,1
553,1200,4115506,1
554,1200,2796443,1
555,1200,3907263,1
556,1200,4071611,1
557,1200,3611350,1
558,1200,4198684,1
559,1200,3306813,1
560,1200,3882610,1
561,1200,3989027,0.99
562,1200,3612094,1
563,1200,4027893,0.99
564,1200,2811442,1
565,1200,4154828,0.99
566,1200,3546353,1
567,1200,3679555,1
568,1200,3810359,1
569,1200,3053389,1
570,1200,4207164,1
571,1200,4053717,1
572,1200,3320113,1
573,1200,4182041,1
574,1200,3820068,0.99
575,1200,3849247,1
576,1200,3831968,1
577,1200,3395357,1
578,1200,3738393,1
579,1200,3831043,1
580,1200,3782372,1
581,1200,3794371,1
582,1200,3927430,0.99
583,1200,3782090,1
584,1200,3125568,1
585,1200,3933645,1
586,1200,3943055,0.99
587,1200,3587914,1
588,1200,3422335,1
589,1200,3475921,1
590,1200,3936952,1
591,1200,3964298,1
592,1200,3842797,0.99
593,1200,3164318,1
594,1200,3115085,1
595,1200,2053871,1
596,1200,3392318,1
597,1200,4189804,0.99
598,1200,3707868,1
599,1200,2990047,1
600,1200,4001223,1
601,1200,2341532,1
602,1200,3435822,1
603,1200,3524680,1
604,1200,3718945,1
605,1200,3350907,1
606,1200,3943735,1
607,1200,2104143,1
608,1200,3870972,1
609,1200,3753418,1
610,1200,4243413,0.99
611,1200,3430286,1
612,1200,4017252,1
613,1200,4036665,0.99
614,1200,4022935,1
615,1200,3728087,1
616,1200,4312265,0.99
617,1200,3066661,1
618,1200,4105388,0.99
619,1200,3405533,0.99
620,1200,3691725,1
621,1200,2537259,1
622,1200,3943237,1
623,1200,4209366,0.99
624,1200,3148616,1
625,1200,4169274,1
626,1200,3576852,1
627,1200,2572334,1
628,1200,3849893,1
629,1200,3194207,1
630,1200,4198304,0.98
631,1200,3767335,1
632,1200,3778128,1
633,1200,4114165,0.99
634,1200,3126765,1
635,1200,3769540,1
636,1200,3252070,1
637,1200,2990515,1
638,1200,3914090,1
639,1200,3816263,1
640,1200,2625903,1
641,1200,4067954,1
642,1200,4466839,0.99
643,1200,3994416,1
644,1200,3293720,1
645,1200,3061246,1
646,1200,1501294,1
647,1200,3858733,0.99
648,1200,2432424,1
649,1200,3822683,1
650,1200,3427902,1
651,1200,3761172,1
652,1200,3353300,1
653,1200,3566746,1
654,1200,4000978,0.99
655,1200,4495536,0.92
656,1200,4126203,1
657,1200,3879180,1
658,1200,3956249,1
659,1200,3551503,1
660,1200,3339057,1
661,1200,4361998,0.97
662,1200,3354872,1
663,1200,3287291,1
664,1200,3947698,0.99
665,1200,2327512,1
666,1200,2815490,1
667,1200,3445274,1
668,1200,1052582,1
669,1200,3972777,1
670,1200,3797818,1
671,1200,3076270,1
672,1200,3962792,1
673,1200,3673798,1
674,1200,3594022,1
675,1200,3877166,1
676,1200,3764686,1
677,1200,4138197,0.98
678,1200,2615529,1
679,1200,3138355,0.99
680,1200,3177306,1
681,1200,3787937,1
682,1200,3104329,0.97
683,1200,3393257,1
684,1200,3543509,1
685,1200,3493000,1
686,1200,2868680,0.97
687,1200,3509136,1
688,1200,3537970,1
689,1200,2551208,1
690,1200,4273597,0.98
691,1200,3804949,1
692,1200,3849209,1
693,1200,2502617,1
694,1200,3245552,1
695,1200,2815958,1
696,1200,4207843,0.98
697,1200,2541879,1
698,1200,3817385,1
699,1200,3823181,1
700,1200,3654278,1
701,1200,3995312,1
702,1200,4404485,0.97
703,1200,2703078,1
704,1200,3739562,1
705,1200,3939448,1
706,1200,3686500,1
707,1200,2782008,1
708,1200,3345779,1
709,1200,2719259,1
710,1200,3871354,1
711,1200,3645326,1
712,1200,3066856,1
713,1200,1738209,1
714,1200,3929156,1
715,1200,3495255,1
716,1200,3025814,1
717,1200,4044717,1
718,1200,4115282,1
719,1200,3942364,1
720,1200,3540690,1
721,1200,3996533,1
722,1200,4302085,1
723,1200,3810255,1
724,1200,3295461,1
725,1200,4015907,0.99
726,1200,4112320,1
727,1200,3717299,1
728,1200,3623867,1
729,1200,3922025,1
730,1200,3471911,1
731,1200,3634364,1
732,1200,4002256,1
733,1200,4187465,0.99
734,1200,2398376,1
735,1200,3740246,1
736,1200,3247322,1
737,1200,4139546,1
738,1200,2696775,1
739,1200,4089420,1
740,1200,2613824,1
741,1200,3488003,1
742,1200,4025056,0.98
743,1200,3620408,1
744,1200,3101212,1
745,1200,4169740,1
746,1200,3429009,1
747,1200,3404158,1
748,1200,4094416,1
749,1200,2223349,1
750,1200,2495196,1
751,1200,3421574,1
752,1200,1731005,1
753,1200,4074224,0.99
754,1200,3680403,1
755,1200,4175704,0.95
756,1200,3280519,1
757,1200,3776770,1
758,1200,2721362,1
759,1200,4073647,0.98
760,1200,3611030,1
761,1200,3995410,1
762,1200,3928694,1
763,1200,3876902,1
764,1200,3848588,1
765,1200,4013342,1
766,1200,3645262,1
767,1200,3894828,1
768,1200,3524656,1
769,1200,3888599,1
770,1200,3254413,1
771,1200,4118442,1
772,1200,3852182,0.99
773,1200,3632685,1
774,1200,3912953,0.98
775,1200,3258058,1
776,1200,3564663,1
777,1200,2576451,1
778,1200,3618341,1
779,1200,3028482,1
780,1200,4219828,0.99
781,1200,4313456,0.96
782,1200,3880129,1
783,1200,3422297,1
784,1200,2592349,1
785,1200,2888899,1
786,1200,3062878,1
787,1200,3689990,1
788,1200,2999096,0.99
789,1200,4034153,0.98
790,1200,3612473,1
791,1200,2615492,1
792,1200,3759815,1
793,1200,4060115,1
794,1200,4010894,1
795,1200,3646320,1
796,1200,3979253,1
797,1200,4066737,0.99
798,1200,3850897,1
799,1200,3866794,1
800,1200,3658693,1
801,1200,3751127,1
802,1200,2988494,1
803,1200,3630024,1
804,1200,2968721,1
805,1200,3593099,1
806,1200,3895914,0.98
807,1200,2657899,1
808,1200,3064203,1
809,1200,3264013,1
810,1200,4162459,1
811,1200,3953110,1
812,1200,3184870,1
813,1200,3702619,1
814,1200,3868415,1
815,1200,2744196,1
816,1200,3193648,1
817,1200,3502113,1
818,1200,4129100,0.99
819,1200,3912606,1
820,1200,3646661,1
821,1200,4191125,0.99
822,1200,3783645,1
823,1200,2792713,1
824,1200,3957602,1
825,1200,4325406,0.99
826,1200,3318964,1
827,1200,3702865,1
828,1200,3538681,1
829,1200,3828353,1
830,1200,3476947,1
831,1200,4218555,1
832,1200,3839408,1
833,1200,3786369,1
834,1200,4024725,1
835,1200,3016744,1
836,1200,3778562,1
837,1200,3031444,1
838,1200,4029987,0.99
839,1200,2073131,1
840,1200,2853382,1
841,1200,3834091,1
842,1200,3708885,1
843,1200,4084311,1
844,1200,3690143,1
845,1200,2820573,1
846,1200,1702759,1
847,1200,4174749,1
848,1200,3716869,1
849,1200,2207794,1
850,1200,1660175,1
851,1200,3825720,1
852,1200,3529390,1
853,1200,3541867,1
854,1200,3335495,1
855,1200,4108629,0.97
856,1200,3903168,1
857,1200,4082077,1
858,1200,3363077,1
859,1200,4285919,1
860,1200,4065760,0.99
861,1200,3994458,0.98
862,1200,3709574,1
863,1200,3549501,1
864,1200,3739106,1
865,1200,3348034,1
866,1200,4126125,0.99
867,1200,3834550,1
868,1200,3679043,1
869,1200,3664330,1
870,1200,2927712,1
871,1200,3739245,1
872,1200,3866965,1
873,1200,2807447,1
874,1200,4019425,1
875,1200,3218633,1
876,1200,3653760,1
877,1200,3599381,1
878,1200,3171089,1
879,1200,2910480,1
880,1200,3888777,1
881,1200,2881638,1
882,1200,3514776,1
883,1200,2993905,1
884,1200,2359670,1
885,1200,3758374,1
886,1200,3498264,1
887,1200,3765504,1
888,1200,3773579,1
889,1200,4145701,1
890,1200,2799030,1
891,1200,4237150,0.98
892,1200,3559337,1
893,1200,2638987,1
894,1200,3326337,1
895,1200,3577452,1
896,1200,2915463,1
897,1200,4003416,0.98
898,1200,3648513,1
899,1200,3218480,1
900,1200,3703691,1
901,1200,4113717,1
902,1200,3027086,1
903,1200,3755558,1
904,1200,3325357,1
905,1200,3461514,1
906,1200,4094689,0.99
907,1200,3223456,1
908,1200,3176231,1
909,1200,3933248,1
910,1200,4199606,0.9
911,1200,4516667,0.93
912,1200,3818743,1
913,1200,3648078,1
914,1200,3035847,1
915,1200,3284889,1
916,1200,3208217,1
917,1200,4206211,1
918,1200,4083919,1
919,1200,8032710,1
920,1200,3701259,1
921,1200,3942280,1
922,1200,2714211,1
923,1200,3142335,1
924,1200,3817057,1
925,1200,2280823,1
926,1200,3768447,1
927,1200,4341620,0.98
928,1200,3232846,1
929,1200,3519988,1
930,1200,3758961,0.99
931,1200,3315569,1
932,1200,3547192,1
933,1200,4030927,1
934,1200,4033418,1
935,1200,4107837,0.99
936,1200,3078584,1
937,1200,4048704,1
938,1200,3603513,1
939,1200,4032649,0.99
940,1200,4036469,1
941,1200,3656099,1
942,1200,4123623,1
943,1200,2994131,1
944,1200,3810751,1
945,1200,4205922,0.97
946,1200,3027549,1
947,1200,3687036,1
948,1200,4150836,1
949,1200,3766028,1
950,1200,2928589,1
951,1200,4175954,1
952,1200,3820481,1
953,1200,3312762,1
954,1200,3625737,1
955,1200,3222935,1
956,1200,3633243,1
957,1200,3353095,1
958,1200,3818946,1
959,1200,4112501,1
960,1200,3756999,1
961,1200,3909921,0.99
962,1200,3990462,1
963,1200,3931129,1
964,1200,4055773,1
965,1200,3185950,1
966,1200,3802244,1
967,1200,3761263,1
968,1200,3526078,1
969,1200,3954663,0.99
970,1200,4094813,0.99
971,1200,3868593,0.99
972,1200,2710966,1
973,1200,3518814,1
974,1200,3832136,1
975,1200,3757997,1
976,1200,2886347,1
977,1200,3631369,1
978,1200,4176579,1
979,1200,3629211,1
980,1200,4083492,0.99
981,1200,4169140,1
982,1200,2320431,1
983,1200,3574535,1
984,1200,2321454,1
985,1200,3824336,1
986,1200,4165975,0.99
987,1200,3281970,1
988,1200,3937907,1
989,1200,3227887,1
990,1200,4069057,1
991,1200,3810331,1
992,1200,3696787,1
993,1200,3969293,1
994,1200,3813300,1
995,1200,4042802,0.99
996,1200,3978111,1
997,1200,4151217,1
998,1200,3896405,1
999,1200,4173338,0.99
