QueryID,EF,Latency(ns),Recall
0,1487,34693411,0.985
1,1051,14377611,0.971
2,1991,53152838,0.957
3,1504,31678424,0.978
4,1513,30427209,0.988
5,2666,58807377,0.96
6,1563,39477323,0.933
7,2671,74361699,0.958
8,2653,58214572,0.909
9,1151,25766123,0.946
10,1374,29348471,0.995
11,2755,68193523,0.988
12,1528,36271727,0.962
13,2818,63986079,0.994
14,1009,15084585,0.989
15,2892,57859655,0.995
16,2154,34047071,1
17,1128,18416800,0.988
18,1852,22487166,0.999
19,1037,16531336,0.982
20,1162,11922397,0.999
21,1174,27510180,0.976
22,1502,43364556,0.947
23,1517,27025860,0.999
24,1166,29947533,0.989
25,2556,60398142,0.982
26,1168,17729379,0.999
27,1507,41828094,0.978
28,1166,26154639,0.995
29,1959,35899643,0.983
30,2987,72609010,0.938
31,1188,16561186,0.997
32,1292,26990637,0.997
33,1513,16600861,1
34,2818,60404486,0.996
35,1349,40049722,0.887
36,2093,30118445,0.993
37,1055,25493498,0.949
38,2217,48868156,0.981
39,1867,19118991,0.999
40,1993,57697083,0.911
41,1500,32159231,0.982
42,1817,40015066,0.992
43,2833,85568956,0.929
44,1399,26228042,0.995
45,2937,59295851,0.99
46,1516,29239748,0.991
47,3428,86399166,0.931
48,1107,31746954,0.884
49,2033,28812423,0.999
50,1541,38121914,0.976
51,1091,27624553,0.959
52,1001,14547543,0.971
53,2388,55110474,0.987
54,1835,44172019,0.995
55,2869,49705121,0.999
56,1666,43437546,0.956
57,1034,20240651,0.975
58,1907,30974041,0.994
59,1003,12666368,0.995
60,2501,65671389,0.939
61,2836,86032735,0.773
62,1930,47025297,0.987
63,1063,18126330,0.989
64,1179,23834390,0.951
65,2001,24983900,1
66,1456,37594865,0.993
67,1428,25076189,0.993
68,2004,60650671,0.866
69,2664,52823736,0.985
70,4359,74610854,0.998
71,1005,14334998,0.999
72,2517,58015147,0.99
73,2905,56733631,0.99
74,2089,38977981,0.974
75,1001,12938450,0.998
76,1838,22625543,1
77,1261,22723190,0.989
78,2641,57829368,0.958
79,3028,62476561,0.994
80,1076,27659644,0.958
81,1036,23297457,0.973
82,2334,54799617,0.909
83,4065,103515247,0.938
84,1858,29648705,0.999
85,2724,64707312,0.998
86,2433,32015220,0.998
87,1217,22671895,0.997
88,1739,43973405,0.95
89,1436,33917824,0.831
90,1557,36089677,0.993
91,1666,36720703,0.988
92,2301,49748655,0.977
93,1954,22222500,0.999
94,1000,23495864,0.972
95,1064,29696029,0.989
96,2505,47024655,0.988
97,1333,23068330,1
98,2923,79075334,0.927
99,2412,61809728,0.96
100,1166,19366078,0.992
101,2440,47732135,0.996
102,1500,39093418,0.989
103,1780,46242482,0.92
104,1399,22505302,0.995
105,1844,44490344,0.989
106,1152,28941890,0.98
107,1031,28138328,0.869
108,1323,22721546,1
109,2986,61378336,0.986
110,1211,25426026,0.98
111,2997,51741379,1
112,1159,24561097,0.979
113,2535,54431339,0.969
114,1742,45183977,0.992
115,1839,34513860,1
116,3468,85467913,0.942
117,1791,44933226,0.996
118,1789,39620956,0.96
119,1027,13962018,0.991
120,1228,11747198,0.999
121,1357,34772723,0.958
122,1002,19278211,0.988
123,3874,89679102,0.958
124,1046,17141696,0.996
125,1001,16444304,0.978
126,1158,12809618,0.999
127,1068,13753434,0.994
128,4917,117619606,0.958
129,1017,16140252,0.993
130,1086,8352407,1
131,2467,47827594,0.972
132,4685,117571036,0.96
133,2428,54955699,0.998
134,1582,31853613,0.994
135,1935,39758810,0.971
136,2732,28927325,0.996
137,1752,21692073,1
138,1618,33369976,0.992
139,1135,28026143,0.979
140,1001,16428683,0.995
141,1449,26988137,0.985
142,1500,22659832,1
143,3410,86602583,0.886
144,2754,57160203,0.983
145,2635,53683461,0.971
146,1020,11906582,0.999
147,1109,23815512,0.991
148,2563,52758408,0.971
149,1022,18299363,0.91
150,2131,31374508,0.998
151,2161,56464148,0.942
152,1898,35566932,0.998
153,1000,22088980,0.955
154,1126,23971700,0.982
155,1710,40321655,0.962
156,4780,89415463,0.994
157,1788,33503072,1
158,1755,39704241,0.957
159,1781,40834031,0.954
160,1960,37813693,0.997
161,2193,40481366,0.976
162,1854,35356960,0.998
163,1484,33413833,0.944
164,1037,16296903,0.996
165,4212,114277484,0.948
166,1045,22649249,0.886
167,3952,57699076,0.995
168,2620,44562097,0.955
169,2800,51634105,0.997
170,1235,27002333,0.945
171,1473,28961013,0.977
172,1473,26104432,0.986
173,1249,31437111,0.902
174,1692,41584054,0.954
175,2731,58451280,0.971
176,2936,52264441,0.997
177,2841,62713658,0.966
178,3116,43719747,0.994
179,2747,55149624,0.994
180,2840,74346360,0.927
181,1018,13220413,0.996
182,1584,22125465,1
183,1756,41056744,0.94
184,1031,20692594,0.997
185,1096,8953626,0.998
186,1450,33918310,0.966
187,1086,18481066,0.995
188,1509,30736157,0.991
189,1258,27946113,0.989
190,4913,101136531,0.978
191,1693,36535707,0.972
192,1000,7829105,1
193,1078,23702015,0.971
194,1196,28496890,0.927
195,1035,20693124,0.984
196,1495,32104293,0.969
197,1426,22108561,1
198,1156,21957013,0.954
199,1885,44453159,0.937
200,1426,20796721,0.984
201,1852,27334174,0.992
202,1000,11381810,0.997
203,1074,20312756,0.991
204,2857,49144632,0.997
205,1753,37651226,0.991
206,1500,27122802,0.976
207,2840,74660605,0.837
208,1006,17317259,0.994
209,1104,17644852,0.997
210,1518,24202914,0.992
211,4118,77486953,0.994
212,1165,23442189,0.972
213,2350,56030998,0.842
214,2489,58599687,0.942
215,2637,48860522,0.996
216,1252,20343387,0.999
217,1235,23491733,0.979
218,4685,104973111,0.917
219,1122,30472837,0.909
220,2837,66685112,0.927
221,1673,31890020,0.994
222,1053,19987080,0.94
223,1166,17027094,0.998
224,1863,41920075,0.922
225,1559,29325248,0.975
226,2229,58413567,0.909
227,1974,46639034,0.996
228,1166,12607409,0.999
229,1818,25948570,0.998
230,1351,17194427,0.995
231,1176,23324419,0.924
232,3325,48371637,0.994
233,1167,24170234,0.959
234,2588,45764858,0.993
235,1000,16793929,0.987
236,1007,7427841,1
237,1445,21550903,0.994
238,3078,63063055,0.96
239,1000,9473309,0.998
240,1790,26224790,0.991
241,2327,51498513,0.934
242,2014,43451336,0.982
243,1500,23188745,1
244,1731,37775630,0.959
245,2104,36336466,0.975
246,2661,44826210,0.998
247,1194,15204873,0.997
248,2848,50685502,0.985
249,1014,10434655,0.99
250,2436,47300252,0.997
251,2477,38008644,0.999
252,1761,21382352,0.999
253,1140,22150610,0.96
254,1500,30844425,0.979
255,1187,24279412,0.99
256,1315,20258406,1
257,1062,17651225,0.994
258,1666,29292172,0.986
259,1166,20607358,0.973
260,1364,18617140,0.998
261,1400,23972434,0.998
262,2828,58510951,0.984
263,1500,28560159,0.98
264,3280,74517768,0.91
265,1365,29451168,0.995
266,2676,55975191,0.995
267,1456,34949519,0.92
268,4103,92931010,0.897
269,1139,16785472,1
270,1461,33073860,0.984
271,2691,54965073,0.917
272,1505,32888610,0.987
273,2722,26543434,1
274,2304,46480453,0.995
275,3217,22868847,1
276,1040,9961569,1
277,4685,92722317,0.995
278,1540,33252344,0.982
279,3079,48699839,0.999
280,1220,18937273,0.995
281,2281,48125314,0.972
282,2210,40559387,0.995
283,1047,18973130,0.995
284,1043,22148937,0.987
285,3286,68082421,0.923
286,1351,18624978,0.999
287,1000,18708456,0.982
288,2740,69683353,0.983
289,1002,15546488,0.996
290,1000,11664248,0.998
291,1175,20018423,0.965
292,5000,104077573,0.987
293,1776,30879053,0.997
294,1995,37069678,0.988
295,2204,41455585,0.955
296,1414,30784380,0.966
297,2008,51844256,0.984
298,1132,20889805,0.993
299,1180,25225121,0.982
300,2537,64775387,0.926
301,1136,15540592,0.994
302,4770,102967603,0.98
303,1250,33118784,0.841
304,1000,17455281,0.98
305,1997,37975387,0.947
306,1957,40356531,0.994
307,1036,21466548,0.993
308,1164,20212779,0.991
309,1515,36047976,0.978
310,1053,14672725,0.997
311,2834,54357214,0.985
312,2575,61367441,0.99
313,1432,27867189,0.98
314,1319,25490719,0.994
315,1159,25641798,0.938
316,1003,11854833,1
317,2537,58070038,0.975
318,1551,34340879,0.952
319,1166,28536440,0.964
320,2390,60309576,0.977
321,2692,52714526,0.988
322,1023,14401696,0.999
323,1455,18536690,0.999
324,1553,19807922,0.997
325,2692,64868146,0.923
326,1159,26005969,0.943
327,1379,29116922,0.986
328,2619,45010978,0.991
329,1782,44326991,0.985
330,1264,23809633,0.995
331,1053,29294511,0.922
332,1515,30398919,0.992
333,1045,15912765,0.97
334,1395,28855965,0.992
335,1300,10268034,1
336,1000,16436908,0.989
337,2790,52632763,0.987
338,1497,23319017,0.997
339,1808,27971542,0.999
340,1254,26933393,0.967
341,1995,45425710,0.981
342,1199,13799220,0.998
343,1006,23918910,0.953
344,1678,34094960,0.991
345,1166,26747241,0.993
346,1231,27459524,0.942
347,1500,30392875,0.975
348,1002,12678932,0.994
349,1521,30140199,0.991
350,1186,16264833,0.978
351,1199,22323647,0.992
352,1509,23308573,0.997
353,1166,18484534,0.983
354,4915,102426703,0.977
355,2787,44032588,1
356,3279,64582730,0.977
357,2761,53667443,0.987
358,1000,25271653,0.798
359,1368,16954951,0.997
360,2963,79906530,0.967
361,2726,60151214,0.991
362,1009,15077656,0.995
363,1089,29270604,0.941
364,4265,89965187,0.977
365,2373,48285845,0.991
366,1064,21875208,0.909
367,1255,26368063,0.983
368,1405,44424552,0.901
369,1408,24077902,0.996
370,1081,30385028,0.847
371,3607,81932275,0.927
372,1746,44637975,0.95
373,1386,23917193,0.999
374,2259,73701189,0.863
375,1955,41906988,0.995
376,1666,37321992,0.904
377,1298,32265795,0.81
378,1860,35329356,0.983
379,2100,54251946,0.85
380,1500,28271465,0.992
381,2442,48019352,0.989
382,1735,49818063,0.982
383,1519,30286457,0.886
384,1000,15438842,0.998
385,2806,42270385,0.997
386,2480,58174838,0.987
387,1675,32079185,0.989
388,1344,32066906,0.986
389,2666,74665113,0.944
390,1786,28467479,0.995
391,3055,52772120,0.998
392,1782,49906062,0.889
393,1284,22532668,0.996
394,2383,47672881,0.99
395,3874,111343756,0.944
396,1128,18298157,0.969
397,1439,23984226,0.994
398,4910,131643047,0.906
399,1502,34810993,0.986
400,1079,20498791,0.991
401,1024,29437090,0.94
402,1180,17275048,0.986
403,1034,26754622,0.941
404,1072,14939479,0.989
405,2425,66288854,0.911
406,2922,69603269,0.958
407,1000,17173260,0.992
408,1866,31744403,0.981
409,1230,29464216,0.978
410,2946,39011427,1
411,1244,19687926,0.998
412,5000,73942553,0.998
413,1014,19327272,0.965
414,1731,60209008,0.936
415,1078,24566662,0.983
416,1483,33225169,0.967
417,1053,17232299,0.979
418,1131,16006721,0.99
419,1217,33163333,0.928
420,1959,33636310,0.999
421,1161,24254080,0.999
422,1134,23463128,0.984
423,1002,17330146,0.995
424,1513,31192993,0.985
425,1204,26847654,0.979
426,2115,41407039,1
427,1344,31160571,0.995
428,4869,95090061,0.977
429,2549,69986706,0.975
430,2943,62994390,0.993
431,2270,65034064,0.978
432,1000,15744616,0.996
433,2647,54996041,0.998
434,1411,13412434,1
435,3004,87215517,0.851
436,2487,58155822,0.996
437,2620,76488639,0.877
438,1992,49123615,0.959
439,1116,20089791,0.993
440,1007,13342444,0.999
441,1000,24005709,0.976
442,1456,33538466,0.996
443,2992,58410362,0.984
444,2578,52627792,1
445,2491,50679687,0.991
446,4266,91689022,0.985
447,1059,22007080,0.98
448,1541,30150187,0.992
449,1573,43020271,0.944
450,1040,20062044,0.974
451,1963,35347051,0.993
452,1005,15321105,1
453,1675,32859026,0.997
454,1289,19424705,0.994
455,1464,33664738,0.986
456,1102,19738453,0.996
457,1458,36400789,0.987
458,1247,26819127,0.983
459,1453,36460693,0.93
460,2918,80523178,0.947
461,2734,63168712,0.957
462,1965,51681004,0.963
463,1001,17183402,1
464,1153,28211655,0.961
465,1145,16166647,0.991
466,1001,17566765,0.994
467,1401,23343547,0.998
468,1037,9999331,0.998
469,1063,24616411,0.971
470,1122,29034757,0.93
471,1350,15966810,1
472,1005,26106284,0.946
473,2053,55058253,0.954
474,2842,66619962,0.977
475,1000,21285068,0.991
476,1493,28749925,1
477,5000,76488928,0.997
478,1682,46654844,0.936
479,4919,31136955,0.999
480,1500,39043398,0.907
481,1490,31788269,0.977
482,2049,27806075,1
483,1000,19442664,0.994
484,1002,14005942,0.999
485,2852,69089856,0.973
486,2585,49020310,1
487,1333,35243707,0.967
488,3662,73140498,0.987
489,1770,52673603,0.97
490,1379,38470943,0.927
491,1275,38136372,0.842
492,2246,35666753,1
493,1508,40832971,0.98
494,4956,96385254,0.979
495,1807,35780888,0.99
496,1007,19478649,0.971
497,2840,79160278,0.868
498,1003,13579432,0.994
499,1000,12176279,0.999
500,1992,46996721,0.984
501,1005,18967044,0.986
502,2727,51250425,0.998
503,1111,12696589,1
504,2117,60393928,0.983
505,1500,40403437,0.956
506,1001,16018237,0.999
507,1898,38096815,0.989
508,2141,51304938,0.995
509,1520,29997538,0.999
510,1003,16438008,0.992
511,2550,66434206,0.948
512,1148,29661514,0.971
513,1193,27601521,0.948
514,2971,57086908,0.999
515,2581,73222313,0.979
516,1721,23252008,0.999
517,2742,63517305,0.978
518,1868,24405565,0.997
519,2573,62194024,0.989
520,1479,26546240,1
521,2979,58481015,0.991
522,1000,13685078,0.989
523,1000,13960870,0.995
524,1777,20458011,1
525,1483,32494859,0.933
526,1271,23696023,0.965
527,1000,20355546,0.986
528,1151,19649195,0.995
529,1982,41234643,0.994
530,1282,18944512,0.999
531,1500,31918140,0.993
532,1069,24789805,0.995
533,2665,56510874,1
534,2547,66975801,0.987
535,1800,44307518,0.964
536,1001,15252692,0.994
537,1349,28112137,0.98
538,1194,16280044,1
539,2507,38199496,0.999
540,1552,40770732,0.969
541,1705,30773509,0.999
542,1678,42703318,0.989
543,4544,98624607,0.99
544,1462,23609086,0.997
545,2019,49478334,0.955
546,2515,48878059,0.998
547,1109,10409615,1
548,1166,17241723,0.993
549,2530,50408932,0.996
550,2879,71845187,0.978
551,1023,18161268,0.972
552,5000,141701402,0.945
553,1442,31529303,0.954
554,2301,40726024,0.995
555,1000,22919564,0.979
556,3137,75335045,0.974
557,1023,25034557,0.932
558,5000,132538252,0.97
559,1364,25666849,0.976
560,2705,62575070,0.986
561,1137,17345725,0.999
562,1091,18637989,0.984
563,1905,33251780,0.999
564,1671,50061228,0.977
565,1743,42217662,0.988
566,1770,18915445,1
567,2901,74051569,0.984
568,1001,16791029,0.987
569,4003,112246891,0.943
570,1000,14692246,0.993
571,1666,48271085,0.967
572,1109,29596954,0.988
573,1497,28284699,0.996
574,1185,27787919,0.971
575,2458,43799527,0.997
576,2302,52691400,0.994
577,1738,37445084,0.993
578,2989,68612271,0.995
579,2338,55454273,0.942
580,1996,23725906,1
581,2188,54190902,0.998
582,1125,17612703,0.996
583,2270,59492161,0.988
584,1004,14909640,0.993
585,2770,66169283,0.99
586,4495,136946856,0.921
587,1000,14789187,0.999
588,2425,57380386,0.995
589,2971,49082186,0.999
590,1189,20991366,0.999
591,1989,54722497,0.934
592,1063,26014306,0.884
593,1708,34430038,0.982
594,1049,34100346,0.894
595,1743,36671077,0.956
596,1128,16388717,0.999
597,1693,40018428,0.988
598,2003,53165426,0.989
599,1390,38375978,0.968
600,1366,19070471,0.998
601,1691,28577487,0.987
602,2266,55900755,0.921
603,4887,111787917,0.981
604,1932,30636288,0.999
605,2772,71648840,0.975
606,1500,33232145,0.993
607,1584,40989106,0.974
608,4138,114589404,0.945
609,1235,26378773,0.985
610,1122,18632101,0.997
611,2775,48039109,0.993
612,4350,90137570,0.998
613,1394,29349155,0.996
614,2588,68324078,0.892
615,1045,23295809,0.936
616,1000,23929208,0.973
617,1080,26773513,0.993
618,2075,48759787,0.991
619,1753,37053144,0.986
620,1108,27060030,0.955
621,1024,15610553,0.998
622,1541,40132173,0.987
623,1931,39146150,0.983
624,3143,72014074,0.97
625,1027,19510939,0.988
626,4702,123481134,0.914
627,1000,19202406,0.992
628,1000,24214442,0.927
629,4024,122435431,0.916
630,2503,54567912,0.961
631,1699,34704255,0.991
632,3186,48133325,0.999
633,1651,27875117,1
634,1420,19236630,0.996
635,1837,31924689,1
636,1628,44733207,0.921
637,3692,87103130,0.932
638,1820,52439180,0.894
639,1039,23093941,0.988
640,1002,28622362,0.886
641,1511,26847343,0.997
642,1358,35483549,0.986
643,3087,80434298,0.951
644,1036,12354249,1
645,1514,21898691,0.997
646,2775,75439241,0.963
647,2546,59052039,0.979
648,1676,45829662,0.898
649,2666,53816858,0.944
650,1670,32575360,0.997
651,1166,15437445,0.998
652,3706,85410920,0.982
653,2451,55998563,0.982
654,1996,46293963,0.998
655,3229,79413253,0.992
656,1887,27705452,0.999
657,1483,33024855,0.996
658,1413,25919652,0.999
659,2667,71499039,0.947
660,1537,30578378,0.993
661,1005,17845899,0.989
662,1137,27650381,0.962
663,1001,12573093,0.994
664,1313,23837679,0.999
665,1071,26356524,0.954
666,2484,49396004,0.997
667,1907,34854582,0.996
668,1927,36262780,0.992
669,2494,60651345,0.989
670,1139,18955304,0.997
671,1947,56423652,0.964
672,2767,43209056,0.996
673,1369,26826108,0.997
674,1865,54740447,0.949
675,1839,25383660,1
676,1888,38518018,0.991
677,1936,55974882,0.925
678,2392,72121774,0.888
679,2786,55368561,0.998
680,1004,23059561,0.973
681,1435,26234178,1
682,1976,31026442,0.999
683,1867,32508776,0.998
684,1026,23889213,0.96
685,1363,25873814,0.998
686,1166,14040833,0.99
687,1768,26075540,0.999
688,3465,99605937,0.949
689,1502,38060224,0.949
690,1001,12954707,0.999
691,2546,50307979,0.984
692,1089,9341669,1
693,2666,69770297,0.897
694,1402,23606037,0.997
695,2799,72562510,0.992
696,4887,99146596,0.982
697,2806,69123053,0.987
698,2171,39454013,0.998
699,1000,23325131,0.997
700,1225,23844165,0.989
701,2635,59674709,0.97
702,4252,103992168,0.983
703,1697,25611434,0.998
704,1668,29585683,0.995
705,2374,60651527,0.909
706,1500,22915969,0.999
707,1396,24369289,1
708,1024,27256278,0.865
709,1445,37652045,0.978
710,1056,30116714,0.93
711,1460,24702348,0.978
712,1166,18305743,0.995
713,3624,78706151,0.98
714,1333,25807056,0.999
715,2800,74688814,0.909
716,2520,19184877,1
717,1010,19592002,0.999
718,1795,26463980,1
719,2864,61745653,0.994
720,2873,63029169,0.997
721,1333,25845513,0.992
722,2080,31216349,0.999
723,1381,24061408,0.987
724,1797,35982316,0.983
725,1000,17397537,0.993
726,1986,49889481,0.968
727,1088,22538975,0.988
728,1054,27113694,0.945
729,1517,25279689,0.998
730,1629,35606034,0.969
731,2816,53402129,0.985
732,1003,10305185,1
733,1000,14434379,0.999
734,2508,56066920,0.981
735,1992,41351403,0.988
736,1506,33686565,0.956
737,2730,83688238,0.827
738,1000,16616842,0.984
739,1567,39007485,0.983
740,2664,49772361,0.99
741,1119,25040262,0.986
742,1000,15430970,0.988
743,1777,32823631,0.988
744,3473,91153836,0.972
745,1166,16169394,0.996
746,1866,53165795,0.855
747,2572,42453479,0.996
748,3404,86443210,0.979
749,1318,25220430,0.991
750,1462,22378898,1
751,1000,22366348,0.991
752,1366,20112477,0.997
753,1652,17175632,1
754,1166,19367703,0.99
755,1666,37492409,0.998
756,2847,68306923,0.97
757,1149,18077822,0.988
758,1254,35005515,0.971
759,3867,67869344,0.998
760,1902,44998738,0.922
761,1318,35285839,0.876
762,2607,35694136,1
763,1087,18556926,0.991
764,1349,20093617,0.996
765,1674,30889881,0.978
766,2024,50701169,0.957
767,1958,40915040,0.991
768,4582,92344472,0.989
769,1155,20936414,0.986
770,1705,31670421,0.982
771,3234,84998983,0.952
772,4277,96391978,0.99
773,1000,12456487,1
774,1678,25047447,0.998
775,2332,46266686,0.984
776,1666,37464050,0.951
777,1326,20359698,0.995
778,1115,19209636,0.998
779,2130,56735255,0.971
780,1704,28017375,0.995
781,1245,35313040,0.981
782,2339,63922707,0.971
783,1018,12356004,0.993
784,3769,97276475,0.856
785,1852,54685064,0.873
786,1147,25653140,0.98
787,1677,31021411,0.996
788,1133,15123389,0.997
789,1214,29975713,0.895
790,1000,27179642,0.869
791,2650,45972211,1
792,1017,30068573,0.897
793,1003,18843448,0.99
794,3167,76663900,0.979
795,1515,35948977,0.973
796,1187,26064813,0.969
797,1004,15378284,0.995
798,1005,23420468,0.991
799,1333,32976682,0.929
800,1419,22694085,0.999
801,2776,51856592,0.995
802,1166,26443521,0.971
803,1124,26519963,0.949
804,1239,26458926,0.992
805,1062,11380346,0.998
806,2811,66859791,0.957
807,2028,48067385,0.967
808,1031,19432396,0.985
809,2560,48894419,0.996
810,2163,56993625,0.977
811,2745,66690607,0.999
812,2837,63987653,0.983
813,3194,43469196,1
814,1507,34699267,0.982
815,1996,45641352,0.984
816,1053,19603869,0.982
817,2383,57329517,0.975
818,1025,28587316,0.917
819,2653,56313503,0.996
820,1683,19864643,0.988
821,1500,26200449,0.999
822,1309,29450661,0.966
823,1673,20696921,0.995
824,1139,27556771,0.974
825,1790,25208877,1
826,2419,63676510,0.894
827,1567,34468760,0.947
828,1163,19903569,0.985
829,1084,29461334,0.908
830,1805,37100509,0.993
831,2160,45337602,0.994
832,3275,48252968,1
833,2119,43743783,1
834,1333,29968520,0.978
835,1116,12679539,1
836,1018,14555538,0.992
837,1031,17520008,0.976
838,1743,40187429,0.978
839,1838,38517953,0.996
840,2363,43734195,0.998
841,2578,55952728,0.991
842,1002,16923764,0.99
843,1063,24594498,0.973
844,4122,89712654,0.967
845,2108,56344217,0.964
846,1055,23004664,0.965
847,1749,29882450,0.998
848,1017,17808029,0.98
849,1001,21902612,0.981
850,1684,43725221,0.988
851,1017,13210420,0.998
852,1349,28077105,0.994
853,1370,20619373,0.997
854,1551,39294205,0.92
855,3625,56837270,0.999
856,1090,25068567,0.981
857,1001,19344076,0.952
858,2298,48410833,0.987
859,2666,70067151,0.987
860,1009,12348969,0.999
861,1340,30088600,0.992
862,1166,16941491,1
863,1437,26342257,0.995
864,2382,50996827,0.995
865,1000,16902299,0.977
866,3500,70826492,0.992
867,1597,23693623,0.987
868,1061,30823376,0.852
869,3662,94219517,0.959
870,1034,21033321,0.953
871,1094,15546521,0.997
872,1410,29461339,0.98
873,1244,25759033,0.969
874,1022,22369756,0.965
875,2930,69198077,0.955
876,4906,115875590,0.987
877,1192,17207545,0.999
878,1047,16012614,0.971
879,1204,24862553,0.994
880,1355,27673930,0.99
881,1166,25435019,0.97
882,3013,54780401,0.992
883,2231,62424491,0.937
884,1666,31559267,0.996
885,1000,17095242,0.999
886,1000,24658107,0.93
887,2477,59325461,0.992
888,1110,23697325,0.997
889,1463,17057172,0.997
890,2333,59920197,0.947
891,2629,56287448,0.982
892,1151,26764899,0.98
893,2040,34634382,0.993
894,1895,47924489,0.964
895,2047,51446420,0.982
896,1000,22431032,0.953
897,1000,18936904,0.99
898,3092,32813483,1
899,1002,18928787,0.986
900,1094,27725975,0.982
901,1005,20805920,0.992
902,1516,36455857,0.957
903,1360,28407481,0.991
904,1359,22136067,0.995
905,1456,18505374,1
906,2941,82842714,0.929
907,1959,19203068,1
908,1468,24258197,0.998
909,2570,55484506,0.989
910,1037,15214788,0.995
911,1419,22541057,0.995
912,2312,53698200,0.947
913,1177,16062192,0.995
914,2010,48191702,0.991
915,1283,22094978,0.999
916,1021,16225367,0.988
917,1213,23758906,0.995
918,2650,60656781,0.994
919,2730,54501973,0.994
920,1122,18065958,0.993
921,1963,40800555,0.985
922,2011,43735018,0.992
923,1124,13507120,1
924,1901,40515576,0.979
925,2828,49133129,0.998
926,1666,32054545,0.99
927,3245,80319277,0.963
928,1353,30549542,0.986
929,1179,28657419,0.901
930,2151,48070631,0.997
931,1420,29750851,0.996
932,1830,33049722,1
933,3669,83641931,0.928
934,1002,16469458,0.987
935,1500,18326581,1
936,2599,58160790,0.993
937,1055,13366428,0.998
938,1474,35344119,0.971
939,2191,55319778,0.953
940,2826,47678479,0.997
941,1030,21881445,0.985
942,1097,28003651,0.978
943,2530,47096810,0.975
944,1000,21560302,0.958
945,2518,54980971,0.995
946,1094,29915333,0.983
947,4572,109820072,0.956
948,3957,77501595,0.998
949,1895,35386675,0.996
950,1020,12204411,0.997
951,2429,67530091,0.961
952,1274,27010049,0.991
953,1001,15691779,0.998
954,2064,60145577,0.876
955,1185,22694307,0.988
956,1495,36671446,0.993
957,1666,31810799,0.984
958,2539,49317856,0.999
959,1472,27500477,0.993
960,1892,44569774,0.982
961,1620,30029749,0.995
962,2489,46530197,0.986
963,4271,120982852,0.913
964,1507,41221694,0.952
965,2567,40757139,1
966,1001,15597895,0.986
967,1025,17876529,0.937
968,2146,38610475,0.99
969,2499,42679317,0.998
970,1246,24180338,0.993
971,2789,43073852,0.99
972,1290,26279727,0.973
973,1899,34222375,0.978
974,1998,38513920,0.998
975,2755,82921422,0.909
976,2927,63150202,0.99
977,3669,104141587,0.935
978,2205,47137004,0.964
979,2740,57886654,0.998
980,1764,41937293,0.976
981,1970,50180942,0.943
982,1333,30461224,0.992
983,1686,25816365,0.997
984,1372,33256779,0.962
985,1038,12159726,0.993
986,2574,38243960,1
987,3181,75211030,0.99
988,2159,33033655,1
989,4008,100940765,0.986
990,1007,19468301,0.983
991,2500,61348048,0.911
992,1522,36515071,0.956
993,2508,58022265,0.987
994,1475,32661370,0.983
995,2762,63979915,0.992
996,1000,16786805,0.997
997,1676,44362108,0.986
998,2724,55663800,0.988
999,1400,28840885,0.999
1000,1000,20176770,0.978
1001,1023,13980400,0.998
1002,1025,20259134,0.996
1003,3336,56999572,0.996
1004,1226,22634237,0.994
1005,1118,18638689,1
1006,1956,25443279,1
1007,1000,19277722,0.995
1008,4460,98766830,0.991
1009,1671,17361521,0.998
1010,1313,31614812,0.964
1011,1283,18767334,0.997
1012,1001,15280411,0.999
1013,1312,23882682,0.995
1014,1698,41121283,0.931
1015,1891,45086846,0.932
1016,1738,42590092,0.898
1017,2745,43118346,0.99
1018,1977,55853146,0.975
1019,3461,57383473,0.997
1020,2138,53098320,0.97
1021,1016,14840018,0.993
1022,1000,8768504,0.999
1023,2750,48777276,0.998
1024,1769,32961316,0.968
1025,1309,26459407,0.987
1026,2663,43979363,0.997
1027,1031,10909953,0.997
1028,2427,37718578,0.999
1029,1989,52042382,0.987
1030,1298,35373502,0.991
1031,1104,30027745,0.901
1032,2832,55557711,0.999
1033,1073,13200419,0.997
1034,1509,29880432,0.995
1035,1046,20592684,0.994
1036,2500,67111666,0.977
1037,2581,75172951,0.962
1038,2446,44624682,0.969
1039,2427,52291292,0.992
1040,1125,15893276,0.997
1041,2921,47284537,1
1042,1080,23472800,0.988
1043,1493,26024444,0.988
1044,2951,77832084,0.941
1045,1746,30758870,0.999
1046,1290,35106616,0.968
1047,1929,47957785,0.971
1048,2574,34766645,1
1049,1856,41587532,0.988
1050,3577,83137389,0.974
1051,2530,51615291,0.972
1052,1349,30926293,0.962
1053,1496,31141007,0.991
1054,1670,24573972,0.998
1055,2563,42873064,0.992
1056,1018,22212986,0.996
1057,2590,61774087,0.995
1058,1344,17764133,1
1059,1752,40895343,0.996
1060,1000,15186594,0.996
1061,1369,35152640,0.965
1062,1742,33874401,0.992
1063,2427,56272912,0.983
1064,1666,48906530,0.967
1065,2324,58726116,0.976
1066,1012,21276411,0.993
1067,2533,62630480,0.993
1068,1513,39369544,0.907
1069,1145,22392877,0.958
1070,2635,71528934,0.9
1071,1997,34417458,0.999
1072,1000,15219285,0.996
1073,1991,47125956,0.993
1074,1213,25022188,0.996
1075,1668,29960893,0.982
1076,4302,107285733,0.932
1077,1297,33913891,0.851
1078,1001,15180210,0.999
1079,2482,62195302,0.964
1080,1000,12197159,0.992
1081,2357,41566937,1
1082,4288,94009325,0.995
1083,2662,61782237,0.978
1084,1223,25393434,0.994
1085,1000,11032813,0.998
1086,1107,18551476,0.957
1087,1175,18662264,0.997
1088,1527,33298439,0.983
1089,1184,18605662,0.998
1090,3463,86052810,0.942
1091,1352,21301069,1
1092,1001,12489601,0.997
1093,3403,58933264,0.993
1094,4869,112390853,0.981
1095,2691,54030669,0.997
1096,1063,19864950,0.984
1097,1643,29288121,0.996
1098,1018,17886983,0.969
1099,1503,33539253,0.97
1100,1166,23339768,0.99
1101,1012,13300458,0.997
1102,1817,44804843,0.933
1103,1427,22793361,0.996
1104,3025,51473684,0.945
1105,3310,53345096,0.986
1106,1002,8906132,1
1107,4378,98763560,0.966
1108,1382,30901133,0.989
1109,2606,64160831,0.923
1110,1927,46813794,0.977
1111,1732,29182856,0.984
1112,1500,36726421,0.969
1113,1338,29087556,0.991
1114,1515,29386396,0.985
1115,2293,62025484,0.938
1116,1187,27246305,0.988
1117,1977,31002952,0.996
1118,3222,74236842,0.974
1119,1003,23909779,0.98
1120,1145,17407195,0.993
1121,1024,12915211,0.947
1122,1227,16677647,0.996
1123,1002,13313911,0.984
1124,1337,31095217,0.945
1125,1087,20370564,0.96
1126,1500,23502814,0.994
1127,1092,26502581,0.969
1128,1952,27388230,0.995
1129,1879,26420148,0.99
1130,3669,94271919,0.902
1131,1000,11247506,0.999
1132,1456,29526082,0.991
1133,1045,19425896,0.974
1134,1516,26826580,0.996
1135,1401,12568192,1
1136,1522,24551094,0.993
1137,1166,27517416,0.949
1138,1291,30836366,0.956
1139,2550,51544399,0.995
1140,2098,47866432,0.982
1141,1393,25194218,0.993
1142,1800,24253142,0.997
1143,2690,52029382,0.975
1144,1364,30925904,0.939
1145,1420,28067528,0.995
1146,1666,36577658,0.985
1147,1683,35604100,0.99
1148,3454,61122845,0.995
1149,2513,38185811,0.998
1150,1173,16031299,0.991
1151,1001,13482679,0.997
1152,1411,21434707,0.999
1153,1857,34100660,0.979
1154,1120,19334942,0.993
1155,1001,9013700,0.998
1156,2648,59033307,0.976
1157,1055,20006787,0.993
1158,1469,23024418,0.993
1159,1149,15405180,0.988
1160,1056,14520055,0.991
1161,4271,107448657,0.946
1162,1648,26085846,0.988
1163,2879,52864260,0.981
1164,1023,22123717,0.927
1165,1091,27322705,0.834
1166,1845,33525557,0.983
1167,3154,46528462,1
1168,1050,19981848,0.983
1169,1784,26337009,0.986
1170,1606,23084980,0.997
1171,1063,15540421,0.987
1172,1000,11722988,0.988
1173,1703,37856050,0.995
1174,2648,67929927,0.902
1175,1132,19022169,1
1176,2435,61108410,0.953
1177,1472,23282699,0.999
1178,1063,27672127,0.874
1179,1352,19396089,0.997
1180,1077,13751139,0.999
1181,1317,20877435,0.988
1182,1509,28006344,0.947
1183,1936,31299934,0.984
1184,1363,26174555,0.966
1185,4021,78100972,0.96
1186,1063,20811924,0.935
1187,1268,24810496,0.978
1188,1973,45541735,0.962
1189,1511,28282276,0.997
1190,1797,28375377,0.999
1191,2488,46797307,0.981
1192,1191,23185029,0.99
1193,1202,22061457,0.999
1194,1229,16268562,0.997
1195,2751,59400085,0.949
1196,1030,16768712,0.975
1197,3317,74633782,0.951
1198,1044,17430309,0.99
1199,1970,32950912,0.998
1200,3778,55638578,0.999
1201,1318,10554836,0.999
1202,1875,42123479,0.978
1203,2430,38951527,0.999
1204,1020,16981932,0.991
1205,2666,56678315,0.943
1206,1054,19206446,0.963
1207,1024,17127654,0.984
1208,1509,21246206,0.999
1209,2610,60540399,0.945
1210,1977,34053606,0.998
1211,3038,48739912,0.996
1212,3207,59009812,0.979
1213,2619,35011386,0.999
1214,2855,67184405,0.876
1215,1846,44199435,0.899
1216,2524,54284056,0.986
1217,2090,35811781,0.994
1218,1018,19283091,0.968
1219,1000,26447705,0.948
1220,2723,59589540,0.98
1221,2099,32454984,0.999
1222,1002,17219637,0.928
1223,2695,72246809,0.898
1224,5000,104461720,0.957
1225,1052,22386660,0.977
1226,1001,16660389,0.999
1227,3459,96985100,0.921
1228,1000,15479896,0.985
1229,2203,55835265,0.935
1230,1280,33646476,0.841
1231,2078,43211744,0.999
1232,1018,22932648,0.971
1233,1371,20550525,0.998
1234,1053,14355133,0.993
1235,2573,36407798,0.999
1236,1256,25689380,0.971
1237,2005,44364989,0.966
1238,3506,70333731,0.993
1239,1173,21724881,0.99
1240,1966,51926904,0.934
1241,2559,46952915,0.995
1242,1933,36667289,0.997
1243,1423,27520307,1
1244,1036,14739452,0.994
1245,1213,22473072,0.993
1246,2987,45924318,0.995
1247,1784,38395845,0.998
1248,1333,13341319,1
1249,1130,23843602,0.951
1250,1021,14475865,0.972
1251,1052,13596354,0.994
1252,1063,21469928,0.975
1253,1429,15265965,0.998
1254,1511,35352346,0.982
1255,2357,32960519,1
1256,4103,111147917,0.869
1257,2887,62163536,0.932
1258,1148,22608227,0.987
1259,1166,7388201,1
1260,2389,40449417,0.994
1261,1113,15641398,1
1262,1438,25389114,0.978
1263,2032,42524092,0.971
1264,1667,28714142,0.995
1265,1509,35367263,0.902
1266,1088,28404915,0.884
1267,1593,24512895,0.995
1268,3121,68643153,0.988
1269,2041,37316845,0.982
1270,1000,15229947,0.993
1271,2091,30477186,0.992
1272,2570,59257678,0.912
1273,1266,20464600,0.986
1274,1073,12920747,0.994
1275,1500,33063409,0.975
1276,3652,64307153,0.989
1277,1398,27617205,0.984
1278,1397,32655400,0.919
1279,1333,28973577,0.989
1280,1319,35929210,0.963
1281,1632,31376574,0.984
1282,1403,29900808,0.981
1283,2592,63457673,0.993
1284,1538,26054280,0.997
1285,1457,41008848,0.854
1286,1080,16999218,0.994
1287,2836,64113983,0.99
1288,1000,16964604,0.999
1289,1126,23863951,0.941
1290,1355,21770877,0.993
1291,1658,40917885,0.974
1292,1334,27344808,0.997
1293,1148,22505854,0.992
1294,1001,12896043,0.997
1295,1667,24885324,0.999
1296,3457,62664645,0.99
1297,1072,20604279,0.996
1298,1260,17853459,0.994
1299,1004,14015277,0.996
1300,1500,20847214,0.991
1301,1842,51883427,0.907
1302,1344,30071295,0.988
1303,1055,21626248,0.984
1304,1152,26911924,0.984
1305,1000,11972329,0.999
1306,1485,26092969,1
1307,1073,19537246,0.99
1308,1500,33048340,0.994
1309,1202,23447588,0.99
1310,1000,15054665,0.999
1311,1191,22472147,0.992
1312,2134,45868927,0.985
1313,1010,17062974,0.995
1314,1028,18406358,0.995
1315,1001,17674292,0.99
1316,1729,25855289,0.997
1317,1000,21628041,0.945
1318,1001,18877807,0.983
1319,1136,21263451,0.988
1320,2626,60202635,0.986
1321,1002,16559628,0.999
1322,2928,63763681,0.99
1323,2766,55335853,0.984
1324,1233,30399318,0.976
1325,5000,113403279,0.923
1326,1038,10436488,1
1327,4503,84177550,0.977
1328,1552,30534471,0.989
1329,1228,18489489,0.997
1330,1000,17252570,0.984
1331,1048,24014825,0.981
1332,1368,23578143,0.988
1333,1001,17453151,0.984
1334,1160,16575710,1
1335,1425,18654948,0.994
1336,1516,32984328,0.993
1337,1528,40438340,0.962
1338,1139,24964267,0.957
1339,1071,10626857,1
1340,2566,41468491,0.979
1341,1648,29023201,0.999
1342,1166,21308959,0.959
1343,1001,24053446,0.975
1344,1709,37069119,0.951
1345,1499,20001751,0.986
1346,1000,13241387,1
1347,4384,106168583,0.95
1348,2541,51499386,0.966
1349,2188,40640079,0.999
1350,1251,29980756,0.929
1351,3095,77703697,0.994
1352,1063,15722754,0.998
1353,1146,21924720,0.99
1354,1984,36356125,0.997
1355,1876,34541281,0.994
1356,1031,12282850,0.998
1357,1047,20462290,0.995
1358,1003,14581574,1
1359,3874,110984537,0.982
1360,1334,35367440,0.944
1361,1291,22549618,0.989
1362,1246,21369318,1
1363,2498,49028478,0.986
1364,2556,61512361,0.995
1365,1684,22391653,0.994
1366,1000,10259061,0.997
1367,1013,15378857,0.992
1368,1079,21944388,0.974
1369,1777,21275209,1
1370,2890,51724077,0.989
1371,1049,23259806,0.979
1372,1789,26307899,0.991
1373,1005,25285227,0.967
1374,1868,46280634,0.96
1375,1151,17888829,0.995
1376,1099,16164939,0.997
1377,2708,56916314,0.997
1378,1135,13603734,0.998
1379,2866,55351447,0.999
1380,1022,23220308,0.975
1381,1331,39763609,0.952
1382,2993,73487906,0.99
1383,4829,142604243,0.888
1384,1001,15502560,0.999
1385,1265,29253155,0.993
1386,3544,90123073,0.951
1387,2632,63420407,0.974
1388,1406,30519843,0.982
1389,3492,73797636,0.995
1390,1183,27133655,0.912
1391,1351,26183517,0.99
1392,1539,43991068,0.923
1393,1003,20204551,0.973
1394,1000,21176626,0.968
1395,1693,34372961,0.999
1396,1022,12997813,0.999
1397,4103,86529271,0.976
1398,2613,54612806,0.991
1399,3071,93687859,0.891
1400,2428,63582901,0.965
1401,1666,28851965,0.997
1402,1887,27096615,0.992
1403,2648,46904502,0.972
1404,1048,14675125,0.999
1405,3779,97154277,0.939
1406,2453,57074586,0.988
1407,2168,43661010,0.983
1408,1761,36445243,0.994
1409,1013,10898220,0.994
1410,1051,12898990,0.999
1411,2733,59753644,0.983
1412,3244,71328088,0.979
1413,1500,42142521,0.967
1414,1249,26102752,0.988
1415,1104,18064230,0.99
1416,1934,38037464,0.998
1417,1937,45163872,0.985
1418,1725,32842707,0.991
1419,4769,142905533,0.962
1420,3743,102951375,0.96
1421,2343,50009097,0.99
1422,1028,20499714,0.985
1423,1207,23960508,0.987
1424,2112,50093090,0.992
1425,2306,66845671,0.93
1426,1318,21951519,0.998
1427,1049,17231222,0.996
1428,2014,38791096,0.999
1429,2442,55692743,0.995
1430,1210,20036762,0.998
1431,2186,38178694,0.997
1432,1002,15965051,1
1433,2731,56443208,0.993
1434,1025,24075967,0.958
1435,3310,74260667,0.991
1436,2762,56620249,0.986
1437,1831,35151007,0.994
1438,2570,52170175,0.966
1439,1166,28063340,0.937
1440,1184,27441164,0.991
1441,1384,33504652,0.976
1442,1223,15856548,0.991
1443,5000,154448046,0.917
1444,1496,32614266,0.994
1445,1516,25243829,0.997
1446,1235,28702380,0.976
1447,1160,25910469,0.973
1448,1393,21793116,0.993
1449,1443,29973370,0.986
1450,1122,25218529,0.996
1451,2938,59265952,0.995
1452,4271,117481023,0.96
1453,2746,63511590,0.978
1454,2967,53460574,1
1455,2618,61249127,0.983
1456,1052,17923400,0.987
1457,1643,47163732,0.924
1458,1198,22052804,0.993
1459,1912,31952939,0.997
1460,1028,14690875,0.995
1461,3494,75037406,0.988
1462,5000,120915181,0.955
1463,2588,52675573,0.997
1464,1004,20002391,0.99
1465,1966,51420667,0.977
1466,1397,27905967,0.99
1467,1032,22642484,0.974
1468,2427,49924357,0.979
1469,1507,24770281,0.999
1470,1984,42158584,0.997
1471,1003,14790662,0.988
1472,3353,63605675,0.998
1473,1185,17356502,0.999
1474,1001,18649226,0.982
1475,1788,47647640,0.975
1476,2621,44009596,1
1477,1359,18995516,0.999
1478,4110,112603203,0.948
1479,4340,111366565,0.981
1480,1005,14339812,0.997
1481,1001,13747563,0.997
1482,1602,34637405,0.987
1483,1002,12757497,1
1484,1693,31492795,0.999
1485,1835,32196070,0.999
1486,1914,26248666,0.997
1487,1175,21220514,0.99
1488,1000,12004733,0.998
1489,1003,24595808,0.981
1490,1255,20145036,0.991
1491,1343,31750877,0.983
1492,2836,85029128,0.864
1493,1131,16499309,0.987
1494,1343,29881269,0.998
1495,1513,19011946,0.996
1496,1947,41574479,0.985
1497,4161,118234302,0.944
1498,3073,69611485,0.983
1499,1062,19100607,0.994
1500,1691,37813376,0.99
1501,1500,34010908,0.987
1502,1259,26730211,0.978
1503,3594,68150009,0.991
1504,1300,24463543,0.994
1505,1004,20098498,0.971
1506,1000,11669204,0.999
1507,1036,14510782,0.987
1508,1000,22119453,0.992
1509,1009,16713402,0.999
1510,1003,14649164,0.997
1511,1871,31825595,0.998
1512,1001,7614760,0.999
1513,2603,48624718,0.987
1514,4103,74193657,0.994
1515,1979,38859612,0.964
1516,1404,41261795,0.964
1517,1045,18350350,0.992
1518,1014,14509868,0.995
1519,2587,63542692,0.903
1520,1166,26761345,0.98
1521,4110,112896489,0.958
1522,3874,111136073,0.934
1523,1684,38290705,0.989
1524,3846,107451739,0.964
1525,1032,13227558,0.999
1526,2813,48105736,0.964
1527,1489,34707381,0.992
1528,3144,63775415,1
1529,1036,15362343,0.988
1530,2470,48508996,0.992
1531,1793,54358728,0.959
1532,4110,121501426,0.884
1533,1789,39473549,0.953
1534,1511,31521063,0.985
1535,1611,25780063,0.999
1536,3473,66766563,0.99
1537,1002,21062206,0.988
1538,1166,18330743,0.997
1539,1483,18040237,0.998
1540,1549,23347576,0.992
1541,1714,31624820,0.977
1542,1037,23410339,0.993
1543,2889,53720600,0.999
1544,2075,63603371,0.956
1545,1602,30866627,0.989
1546,2190,21282607,1
1547,1579,28616724,0.998
1548,2582,65612205,0.928
1549,1750,33470010,0.989
1550,2257,16334840,1
1551,1166,21492953,0.994
1552,1974,46090388,0.977
1553,1259,33848766,0.895
1554,1119,22193915,0.998
1555,2531,59802554,0.914
1556,1794,42770576,0.98
1557,3004,90581979,0.914
1558,2114,47203639,0.969
1559,2810,49709488,0.999
1560,2095,58459344,0.988
1561,1408,37130362,0.864
1562,2740,60160624,0.999
1563,1367,23068709,0.999
1564,1365,17349083,1
1565,1011,18523788,0.999
1566,1000,10644328,1
1567,1001,14804795,0.999
1568,1166,17423253,0.997
1569,1001,12348250,0.998
1570,1226,16023575,0.996
1571,2700,41044834,1
1572,4360,131767337,0.909
1573,1157,24700273,0.974
1574,1187,21941412,0.995
1575,1609,20153555,0.998
1576,1063,26038967,0.956
1577,2310,67594501,0.862
1578,2898,82076621,0.882
1579,1099,18460647,0.971
1580,1500,35664017,0.994
1581,2799,75263761,0.961
1582,5000,146347769,0.926
1583,1444,33780681,0.986
1584,1000,14019077,0.999
1585,4976,109105923,0.992
1586,2426,51016661,0.985
1587,1001,13705418,0.996
1588,2637,64488126,0.939
1589,2840,63780649,0.99
1590,1691,31091308,1
1591,2967,79292958,0.943
1592,2025,56079404,0.932
1593,2505,41300911,1
1594,1831,31713143,0.992
1595,2854,37434114,0.999
1596,1500,42292408,0.969
1597,1076,21028403,0.984
1598,2959,61961195,0.988
1599,1666,33204326,0.907
1600,4759,107709609,0.997
1601,1867,39878505,0.997
1602,1637,33349037,0.98
1603,1707,34835269,0.997
1604,1000,11097336,1
1605,4089,106608810,0.981
1606,1462,30447218,0.998
1607,1000,29139536,0.852
1608,2837,61758411,0.934
1609,1009,27054485,0.983
1610,1927,29153482,0.993
1611,2425,45685626,0.99
1612,1265,18381654,0.999
1613,1005,18520722,0.99
1614,1146,21600162,0.999
1615,1042,18355808,0.998
1616,1007,15899474,0.996
1617,2048,37337727,0.997
1618,2009,55799733,0.954
1619,1573,30043847,0.999
1620,2667,46927642,0.998
1621,1000,17807698,0.998
1622,1063,18149241,0.988
1623,1136,27847349,0.978
1624,1515,20702411,0.999
1625,2077,54407316,0.983
1626,2429,43395011,0.995
1627,1333,13365502,0.999
1628,1564,41002498,0.982
1629,1898,29516720,0.949
1630,3461,49616910,0.999
1631,1680,36532498,0.989
1632,1004,18447744,0.985
1633,1444,21814214,0.978
1634,1000,13118922,1
1635,1294,25222442,0.997
1636,1984,37281052,0.996
1637,1000,24979254,0.912
1638,1038,19946832,0.982
1639,1775,47018957,0.906
1640,1244,25424152,0.991
1641,1533,38383096,0.966
1642,1754,53725578,0.914
1643,1000,14466913,0.995
1644,1507,30919877,0.986
1645,1908,43823747,0.992
1646,1004,16469020,0.98
1647,1415,28423871,0.997
1648,2815,68446141,0.981
1649,1356,34313488,0.98
1650,2170,65657416,0.951
1651,1446,31034704,0.966
1652,2992,62593046,0.993
1653,1933,34032134,0.999
1654,1677,40413865,0.931
1655,1347,23143064,0.992
1656,2096,29335622,0.999
1657,2650,48361334,0.999
1658,2787,57985971,0.996
1659,1178,15197463,0.995
1660,1000,10238020,1
1661,1504,27715315,0.994
1662,1003,14673678,0.997
1663,1129,22779671,0.983
1664,2264,61121762,0.962
1665,2090,46344003,0.975
1666,2671,49588671,0.994
1667,1003,16799293,0.981
1668,2242,41424118,0.994
1669,1502,35732404,0.977
1670,1002,24518794,0.963
1671,1569,32359567,0.981
1672,5000,117070909,0.954
1673,4165,94703290,0.98
1674,1527,37880124,0.957
1675,1891,43202993,0.996
1676,1157,19124786,0.994
1677,1184,19929797,0.985
1678,1860,50406740,0.968
1679,1745,32863636,0.993
1680,1001,13820935,0.984
1681,1002,16722885,0.999
1682,1991,41576914,0.992
1683,3688,75116151,0.994
1684,1993,42278976,0.98
1685,1667,31734567,0.993
1686,1000,21841983,0.99
1687,1011,17946037,0.998
1688,1097,22637304,0.993
1689,4927,121811217,0.966
1690,1129,14263755,0.999
1691,1488,18176304,1
1692,1775,41237031,0.974
1693,1011,19275049,0.987
1694,1506,28271399,0.994
1695,1435,26503797,0.959
1696,1869,41928721,0.967
1697,1504,41838580,0.877
1698,1166,13651758,0.999
1699,2734,65596468,0.953
1700,1017,16182842,0.987
1701,1488,30835549,0.995
1702,1000,22674970,0.975
1703,1000,16424814,0.993
1704,2333,47603751,0.984
1705,1341,21580663,0.998
1706,1746,36703928,0.995
1707,1000,13382802,0.989
1708,1002,15214018,0.999
1709,1052,17436636,0.993
1710,1385,32171837,0.968
1711,2376,39390112,0.997
1712,1072,10889019,0.997
1713,1160,33084753,0.906
1714,1096,24423552,0.936
1715,1038,12400089,0.998
1716,2224,45676009,0.999
1717,1882,46181783,0.957
1718,1000,11516752,0.999
1719,1672,33400013,0.973
1720,1037,23323930,0.958
1721,1002,18511400,0.993
1722,1867,41658219,0.969
1723,1054,19461820,0.995
1724,1000,16396380,0.981
1725,1989,19138993,0.999
1726,1064,14943064,0.997
1727,1097,18302770,0.99
1728,1338,23681796,0.989
1729,1643,36180896,0.994
1730,1000,14717146,0.993
1731,1393,24223862,0.99
1732,2611,58715335,0.947
1733,2059,32547749,0.998
1734,1413,26424375,0.996
1735,1462,32808498,0.999
1736,2177,47528584,0.978
1737,2180,63921024,0.949
1738,1151,15746269,1
1739,1630,24525865,0.994
1740,2751,59365929,0.969
1741,1774,38617125,0.98
1742,5000,107555558,0.992
1743,1294,19911019,1
1744,2582,38297080,0.999
1745,2494,57193785,0.96
1746,1104,20253290,0.998
1747,1422,27016096,0.987
1748,2133,55243579,0.966
1749,1390,23578572,0.992
1750,1171,19364732,0.98
1751,1486,25485068,0.992
1752,2072,57059302,0.907
1753,1421,33757853,0.961
1754,2517,35850542,0.999
1755,1788,36568011,0.991
1756,2870,64519234,0.988
1757,4103,105262469,0.927
1758,2319,65760460,0.921
1759,1001,13710241,0.999
1760,1013,12380821,0.996
1761,3662,98864354,0.957
1762,1500,30657192,0.985
1763,1317,22771305,0.998
1764,1004,15110743,0.99
1765,1218,24010741,0.977
1766,1002,12847642,0.998
1767,1500,11577976,1
1768,1306,20326279,0.998
1769,1237,20313594,1
1770,4008,80664072,0.983
1771,1010,15677179,0.994
1772,2575,69765796,0.95
1773,2878,61080643,0.992
1774,1000,13979714,0.999
1775,1036,12680580,0.998
1776,1195,15483459,0.999
1777,1205,32825568,0.895
1778,1126,19832260,0.994
1779,1000,12820016,0.996
1780,2912,63915911,0.942
1781,1758,46346311,0.988
1782,1950,10806413,1
1783,3152,55764093,0.999
1784,1318,17757321,0.999
1785,1822,39277687,0.974
1786,1626,51230669,0.949
1787,1666,40108197,0.946
1788,1010,18173221,0.984
1789,2011,35622178,0.991
1790,2075,62681208,0.949
1791,2658,58596119,0.958
1792,1273,15778260,0.965
1793,1873,46568939,0.978
1794,2528,50233543,0.999
1795,4066,110304764,0.944
1796,1302,26994686,0.982
1797,1781,27507375,0.999
1798,2872,26070327,0.999
1799,1198,23263519,0.995
1800,1669,40614632,0.975
1801,1783,38735466,0.965
1802,1666,25788162,0.999
1803,1510,26209540,1
1804,1606,21335928,0.993
1805,1503,39468906,0.905
1806,3064,60607792,0.997
1807,1503,30002248,0.965
1808,1014,15896052,0.991
1809,1987,41795420,0.96
1810,3004,72643771,0.954
1811,1029,17189950,0.999
1812,1088,18640225,0.997
1813,1155,32739814,0.863
1814,1039,16744080,0.99
1815,1063,22153971,0.963
1816,1921,31970117,1
1817,1716,34756657,0.941
1818,1001,17125109,0.986
1819,2551,58431717,0.967
1820,1166,19135781,0.99
1821,1855,52036437,0.823
1822,1236,36623190,0.925
1823,1526,41922387,0.886
1824,1387,30436712,0.969
1825,1484,37021512,0.943
1826,1004,12269700,0.997
1827,1958,51332650,0.958
1828,1965,39644534,0.991
1829,2597,43221277,0.995
1830,1575,27352243,0.986
1831,1024,30169332,0.942
1832,1116,24627250,0.948
1833,2480,51583398,0.993
1834,2186,38052308,0.998
1835,1750,49935740,0.969
1836,2610,55601012,0.986
1837,1781,23269643,0.99
1838,1376,20365476,0.996
1839,1887,37043643,0.996
1840,1128,26456859,0.961
1841,1009,10643469,0.998
1842,5000,132074246,0.944
1843,1379,25892060,0.99
1844,1166,22337407,0.973
1845,1756,40050545,0.993
1846,1666,46751202,0.911
1847,1937,42276031,0.969
1848,1005,20555037,0.984
1849,1010,23064907,0.946
1850,2630,58768180,0.994
1851,1941,44752440,0.943
1852,1980,36303677,0.997
1853,1000,24307350,0.946
1854,1000,9977798,0.993
1855,1000,17787759,0.995
1856,3096,45722681,1
1857,2738,38425301,0.996
1858,1003,22858107,0.94
1859,1913,28899033,0.997
1860,3064,51180692,0.997
1861,1204,20911402,0.993
1862,1733,32795648,0.985
1863,2419,42669599,0.992
1864,2726,73736695,0.954
1865,2260,42215632,0.992
1866,1061,19427379,0.968
1867,2886,68473261,0.987
1868,1753,39035434,0.997
1869,1000,7668143,1
1870,1389,32947429,0.963
1871,1001,17805604,0.987
1872,2758,55836378,0.996
1873,1192,21687191,0.991
1874,1469,37143288,0.962
1875,1527,21921690,0.998
1876,4992,116877646,0.966
1877,1500,18291362,1
1878,1416,35293619,0.944
1879,1193,23320796,0.993
1880,1419,26605451,0.994
1881,1229,31279440,0.953
1882,2122,40658755,0.999
1883,1790,38697279,0.984
1884,1174,29992226,0.894
1885,1227,20893307,0.996
1886,1855,42076357,0.957
1887,3175,57653458,0.993
1888,1738,40384195,0.95
1889,1259,28066971,0.981
1890,2677,57860215,0.975
1891,3589,77856532,0.957
1892,1133,25095198,0.953
1893,2828,67727581,0.975
1894,1126,26636485,0.936
1895,1149,26104676,0.921
1896,3003,63928959,0.979
1897,1048,13955402,0.995
1898,1127,27109520,0.986
1899,3042,52543521,0.996
1900,1313,22540257,0.992
1901,1000,19848134,0.974
1902,2783,71727951,0.956
1903,2927,47187444,0.996
1904,4870,130586910,0.94
1905,1666,33015523,0.989
1906,1102,24796213,0.995
1907,1726,42199882,0.98
1908,1569,33485292,0.996
1909,1117,16710656,0.998
1910,1005,20694172,0.973
1911,1713,29389903,0.995
1912,1114,21667889,0.994
1913,1588,29390856,0.996
1914,1441,29663352,0.996
1915,2613,32502512,0.998
1916,2760,60821504,0.974
1917,1759,45175765,0.989
1918,2782,59714907,0.996
1919,2765,48098697,0.999
1920,2157,42444825,0.999
1921,1859,34217968,0.983
1922,1359,25396263,0.988
1923,1226,15206296,0.988
1924,1281,25726254,0.99
1925,1005,29317678,0.974
1926,1194,27548329,0.981
1927,2605,51572859,0.977
1928,4691,108411766,0.996
1929,1053,20887101,0.989
1930,1000,17158345,0.996
1931,2931,60584327,0.995
1932,1576,44435962,0.954
1933,1138,31790647,0.85
1934,1973,19792752,1
1935,1306,26537487,0.981
1936,2792,84012379,0.912
1937,1823,43504696,0.992
1938,2719,55595953,0.974
1939,1059,25621540,0.952
1940,1144,19988040,0.991
1941,1000,10563984,0.998
1942,2179,55789891,0.983
1943,3068,74634562,0.992
1944,1279,29683531,0.963
1945,1001,11595721,0.999
1946,2427,57612566,0.98
1947,1890,42798409,0.989
1948,1142,22368503,0.977
1949,1166,22534151,0.99
1950,1171,22778993,0.995
1951,1405,25735974,1
1952,2518,37224924,1
1953,2508,60692099,0.975
1954,1145,26936078,0.978
1955,1345,21209958,0.998
1956,1000,15559971,0.992
1957,3104,83456076,0.951
1958,1136,22107696,0.975
1959,1253,25383387,0.978
1960,2821,60115920,0.996
1961,1333,27891210,0.987
1962,2734,68191936,0.924
1963,1866,15126337,0.999
1964,1022,21458506,0.989
1965,1000,21653700,0.962
1966,2649,67155319,0.986
1967,2870,55389808,0.987
1968,1412,34711377,0.994
1969,1055,25868812,0.941
1970,1985,43520244,0.993
1971,1000,15468267,0.998
1972,1976,23997879,1
1973,1490,34563325,0.993
1974,1220,18901829,0.994
1975,1021,13632839,0.995
1976,1896,33744924,0.996
1977,3462,81195821,0.979
1978,2704,68992914,0.927
1979,1166,31841946,0.88
1980,1691,23489409,0.999
1981,1052,24130951,0.99
1982,2251,53619229,0.958
1983,2145,53513875,0.837
1984,1001,28118774,0.982
1985,2833,55197340,0.999
1986,1216,18151316,0.994
1987,1090,18637070,0.998
1988,1144,16121518,0.998
1989,1000,22112464,0.997
1990,2500,50668802,0.996
1991,2101,47219197,0.955
1992,1002,20107352,0.987
1993,1514,39980517,0.903
1994,1679,40586499,0.993
1995,1006,19902716,0.991
1996,1002,20847831,0.971
1997,2772,60495330,0.993
1998,2017,37070633,0.998
1999,1436,34205451,0.957
2000,2680,36941960,1
2001,2431,68234089,0.957
2002,1000,19974283,0.983
2003,1526,30978200,0.996
2004,1152,28985548,0.956
2005,1368,22471531,0.997
2006,1436,19997129,0.999
2007,1853,54363811,0.925
2008,1671,29800371,0.99
2009,2711,70949053,0.969
2010,1982,25978373,0.997
2011,1500,28789586,0.996
2012,1000,14815116,0.998
2013,2542,35359230,1
2014,1466,30976819,0.996
2015,3475,85048512,0.992
2016,2916,79964160,0.95
2017,1520,31337663,0.997
2018,1067,15016178,0.996
2019,1002,19177037,0.991
2020,1482,33996558,0.984
2021,1611,37691652,0.968
2022,2429,57443333,0.989
2023,1014,18663271,0.987
2024,1282,20894556,0.997
2025,1135,18669223,1
2026,1500,21875100,0.997
2027,1459,11226202,0.999
2028,1001,9261905,0.998
2029,1003,8707747,0.999
2030,2426,59937234,0.983
2031,1037,17359229,0.993
2032,1510,34550290,0.987
2033,1258,15994956,0.998
2034,2157,54801082,0.961
2035,1945,56833266,0.885
2036,3312,82098543,0.981
2037,1064,18809589,0.997
2038,1029,29265431,0.923
2039,1162,22567925,0.979
2040,1023,15844347,0.993
2041,1003,20518128,0.902
2042,1166,30737254,0.99
2043,1392,37278440,0.942
2044,1085,15985869,0.997
2045,2753,61039423,0.986
2046,4913,91586552,1
2047,4777,112103049,0.996
2048,4033,100174991,0.892
2049,1097,20186530,0.985
2050,2431,46104746,0.998
2051,1104,25193451,0.976
2052,1512,27984559,0.993
2053,1666,32531500,0.994
2054,1989,37583992,0.998
2055,1719,36212673,0.994
2056,1158,19232945,0.99
2057,2328,31271275,0.999
2058,1500,26120210,1
2059,1866,35702969,1
2060,2566,62195540,0.973
2061,1756,39623699,0.982
2062,1666,52496599,0.945
2063,1306,21934963,1
2064,1699,28507860,0.997
2065,1204,16319220,0.999
2066,1672,40455562,0.973
2067,2132,49843654,0.975
2068,1166,30618812,0.988
2069,1000,22731356,0.97
2070,1024,17525193,0.994
2071,1003,24112388,0.977
2072,1666,44333358,0.979
2073,2516,69429844,0.862
2074,1152,27827722,0.952
2075,1581,35065093,0.986
2076,2808,28276167,1
2077,1001,17548298,0.99
2078,1000,13187468,0.998
2079,1460,35589200,0.983
2080,1459,34352413,0.979
2081,1007,22435041,0.923
2082,1413,33101529,0.972
2083,1837,29559857,0.996
2084,1009,20941208,0.97
2085,3243,64853577,0.99
2086,1548,29584239,0.996
2087,1164,18397863,0.996
2088,1737,25675115,0.992
2089,1025,14059218,0.988
2090,1427,34857686,0.943
2091,1000,10814171,0.993
2092,3417,81279741,0.912
2093,1775,30170117,1
2094,2486,55578363,0.967
2095,1515,33931012,0.977
2096,2121,41978037,0.96
2097,4886,108872975,0.954
2098,2521,56124993,0.939
2099,2452,44366113,0.996
2100,3961,103439673,0.923
2101,1060,25376956,0.916
2102,2148,42150975,0.997
2103,1136,18654511,0.996
2104,2273,29615658,1
2105,3504,35851706,1
2106,2540,63972563,0.916
2107,1939,24079855,1
2108,1134,25608168,0.982
2109,5000,112637738,0.982
2110,3112,45854605,0.999
2111,3656,60553573,0.994
2112,1895,38191932,0.994
2113,3022,58147956,0.974
2114,1079,17768333,0.994
2115,1629,27083373,0.997
2116,2480,48646222,1
2117,1284,20203218,0.979
2118,1608,18032148,1
2119,1679,19269734,0.997
2120,2637,54587226,0.96
2121,1273,33414013,0.898
2122,1063,12951974,0.993
2123,2507,40694477,0.993
2124,4839,42755368,1
2125,1250,19129331,0.993
2126,2940,64542959,0.986
2127,1218,17330717,0.998
2128,1006,11402114,0.999
2129,2161,24610021,0.999
2130,1067,16994263,0.997
2131,1680,35004529,0.987
2132,1333,21060359,0.994
2133,2792,82060766,0.816
2134,2822,64986499,0.979
2135,1669,24367935,1
2136,2813,46478250,0.997
2137,2755,59830173,0.997
2138,2828,69369807,0.839
2139,2225,49530070,0.982
2140,1832,25502313,0.996
2141,1935,54936575,0.915
2142,2174,39807546,0.979
2143,1448,21770737,0.998
2144,1007,14364464,0.99
2145,1172,20267979,0.993
2146,1666,43868719,0.879
2147,2239,52470156,0.959
2148,1666,27106614,0.984
2149,2444,45590699,0.998
2150,2609,51973682,0.985
2151,1000,11570837,0.997
2152,1356,31679837,0.964
2153,2333,62444864,0.934
2154,1000,20385413,0.949
2155,3172,66153275,0.987
2156,1500,21801936,0.997
2157,1702,28556914,0.995
2158,1030,19070979,0.999
2159,1885,43085104,0.979
2160,1049,19802246,0.994
2161,1226,15643381,0.997
2162,1098,20435199,0.993
2163,1231,14767958,1
2164,2903,49033734,0.994
2165,1000,24386069,0.933
2166,1345,29040195,0.948
2167,1002,14526652,0.997
2168,2497,56507170,0.862
2169,1063,12208978,0.995
2170,1243,20978782,1
2171,1351,21365902,0.998
2172,1154,13482017,0.998
2173,1051,11475435,0.999
2174,2108,32756612,1
2175,1273,21170398,0.992
2176,1247,25094088,0.96
2177,1088,17607953,0.975
2178,3082,62297685,0.998
2179,1050,20021501,0.979
2180,1003,13935126,0.999
2181,4490,108069061,0.934
2182,2964,55629379,0.984
2183,1623,21943905,0.999
2184,1339,28081135,0.967
2185,1166,21147798,0.971
2186,1021,14538214,0.989
2187,1001,12250484,0.998
2188,2236,34376469,0.991
2189,1002,18282980,0.961
2190,1977,34291078,0.978
2191,1245,18479119,0.997
2192,1000,17026888,0.971
2193,1008,19627504,0.996
2194,1149,13030472,0.997
2195,2332,26619381,0.999
2196,1681,35942657,0.957
2197,1058,19020964,0.984
2198,1000,19574767,0.939
2199,4271,106611344,0.933
2200,1003,14177347,0.995
2201,1666,41777027,0.902
2202,4808,88708249,0.991
2203,2596,63945262,0.84
2204,1359,17952592,0.999
2205,4103,105565938,0.849
2206,2837,52052110,0.999
2207,1233,12434381,1
2208,1340,21119874,0.993
2209,3452,71246500,0.978
2210,1705,20387446,0.993
2211,1001,16103773,0.995
2212,1669,34496247,0.987
2213,1750,42858959,0.976
2214,2257,41719947,0.991
2215,1000,13306235,0.999
2216,1333,23388973,0.953
2217,1254,18891998,0.997
2218,1036,18906183,0.984
2219,1006,19452909,0.999
2220,1055,16033211,1
2221,2134,34545917,0.997
2222,1990,32467791,0.987
2223,1001,13906780,1
2224,1846,44702116,0.951
2225,1213,13616176,0.999
2226,1270,27753145,0.981
2227,1030,14551664,0.992
2228,3795,88162941,0.97
2229,1187,31042799,0.871
2230,1004,18981863,0.994
2231,1063,18759127,0.981
2232,1804,33155179,0.996
2233,1001,20628517,0.97
2234,1261,24678189,0.982
2235,1040,16803275,0.994
2236,1697,37026869,0.979
2237,2000,35665628,0.999
2238,1799,43023948,0.962
2239,1756,25927958,1
2240,1235,22556722,0.999
2241,1276,28220258,0.977
2242,1000,10219083,0.999
2243,2427,50228747,0.998
2244,1214,25809014,0.895
2245,1933,51258524,0.931
2246,1861,32576252,0.986
2247,1939,42620076,0.977
2248,2010,44121119,0.982
2249,2389,25840412,0.999
2250,1003,20864464,0.969
2251,1676,38342674,0.947
2252,4350,95038897,0.958
2253,1666,31715232,0.97
2254,5000,102258899,0.987
2255,1063,12190641,0.992
2256,4110,73600403,0.97
2257,1792,34276096,0.99
2258,1047,24801905,0.991
2259,1001,16583406,0.995
2260,1091,16988631,0.993
2261,1044,13785805,0.998
2262,1111,19424792,1
2263,2852,65347557,0.975
2264,1009,10858115,1
2265,1459,20369629,0.991
2266,1251,31523618,0.944
2267,1167,22645714,0.999
2268,1014,16496911,0.998
2269,1759,20689216,1
2270,1633,38015848,0.967
2271,2643,47171024,0.989
2272,1033,15766587,0.999
2273,4386,107038242,0.929
2274,3485,60158354,0.978
2275,1836,40842612,0.958
2276,1008,19089420,0.978
2277,2920,79179608,0.863
2278,1731,32982410,0.997
2279,1368,28749558,0.994
2280,1132,9068994,0.996
2281,1982,42014908,0.995
2282,2620,53455706,0.994
2283,2941,68242055,0.985
2284,1666,28480972,0.992
2285,2920,49795686,0.98
2286,2429,46180544,0.994
2287,1291,28317437,0.989
2288,1677,28805465,0.998
2289,1549,33142718,0.983
2290,1000,14807821,0.998
2291,1256,22551991,0.99
2292,3302,48541859,0.996
2293,1897,27455132,0.996
2294,1282,21262681,0.999
2295,4365,106548726,0.99
2296,3679,87072236,0.938
2297,1004,15145841,0.993
2298,2870,45728599,1
2299,1000,21238778,0.993
2300,2041,35241884,0.995
2301,1249,22819131,0.895
2302,1523,31803262,0.987
2303,1166,27575875,0.943
2304,3068,63316159,0.989
2305,1045,17537544,0.986
2306,1411,21960009,0.998
2307,3553,75616915,0.977
2308,2041,39910816,0.997
2309,3160,81533640,0.936
2310,1204,18840093,0.997
2311,1457,29063751,0.99
2312,1166,20472077,0.991
2313,1668,44065874,0.973
2314,1000,14088665,0.994
2315,1981,44350294,0.996
2316,1801,34135223,0.953
2317,1813,44205968,0.989
2318,1063,21382695,0.97
2319,2970,37243151,1
2320,1166,22368451,0.984
2321,1198,23322051,0.986
2322,2928,61151878,0.99
2323,1551,41002862,0.98
2324,2836,89014809,0.851
2325,1004,21521281,0.968
2326,1240,27788586,0.971
2327,1489,39410802,0.956
2328,1527,27170588,0.999
2329,1810,42973196,0.991
2330,1115,16329453,0.996
2331,1657,40773064,0.986
2332,1283,18736444,0.993
2333,3109,82827527,0.98
2334,2447,42214612,0.995
2335,1072,23515966,0.994
2336,1394,18874380,0.996
2337,1997,43641517,0.985
2338,1000,23884436,0.989
2339,1573,40094728,0.976
2340,1500,25197361,1
2341,1787,22299342,0.999
2342,1004,24393412,0.969
2343,1166,24090110,0.969
2344,2136,50929512,0.981
2345,1672,45302451,0.931
2346,1002,15957202,0.991
2347,1002,15700650,0.994
2348,1027,14019408,1
2349,2569,30479164,0.992
2350,1365,32897156,0.947
2351,1260,34700756,0.863
2352,2525,72250444,0.867
2353,1032,28122532,0.855
2354,1117,19389204,0.994
2355,4103,105664590,0.933
2356,1419,23416386,0.999
2357,2913,80305028,0.916
2358,1333,31195525,0.976
2359,1254,26224452,0.993
2360,1542,29446323,0.993
2361,2652,81007966,0.904
2362,1090,20812886,0.991
2363,1000,10615786,0.999
2364,1002,22729438,0.974
2365,1031,21021797,0.982
2366,2339,38289466,0.982
2367,1950,19591699,1
2368,1003,18211509,0.989
2369,1060,22817591,0.988
2370,1027,21077887,0.983
2371,1000,16792824,0.991
2372,1743,45855353,0.95
2373,1298,28408171,0.97
2374,1059,20680881,0.996
2375,1403,37890601,0.98
2376,1398,30185132,0.991
2377,1003,21077082,0.988
2378,1724,35715588,0.998
2379,2542,59388993,0.96
2380,1049,19249164,0.992
2381,1166,27692149,0.979
2382,2152,43445461,0.971
2383,1002,25597976,0.911
2384,1982,54834814,0.943
2385,1063,21313802,0.985
2386,1207,25980539,0.979
2387,1204,29849592,0.946
2388,4218,107336076,0.99
2389,3779,83317692,0.946
2390,1582,35029827,0.986
2391,1260,31285107,0.967
2392,2785,71008267,0.965
2393,1817,33227625,0.978
2394,1000,25294956,0.956
2395,1953,44298118,0.991
2396,3026,93791928,0.927
2397,1898,45758140,0.904
2398,2470,63326551,0.955
2399,1342,20281225,0.984
2400,2668,64760123,0.986
2401,1094,25663827,0.967
2402,1852,31713726,1
2403,1779,30655445,0.994
2404,3712,90922443,0.93
2405,2832,72342017,0.96
2406,3818,90438452,0.977
2407,1061,18249199,0.976
2408,1898,41538053,0.976
2409,1738,35945415,0.996
2410,1002,14213219,0.994
2411,2862,65332841,0.982
2412,1018,17461505,0.993
2413,1674,50271355,0.908
2414,2764,40853931,1
2415,3073,84718031,0.961
2416,2594,52279398,0.996
2417,1982,53035645,0.958
2418,1866,27689825,0.999
2419,1555,34713423,0.994
2420,1000,16681885,0.99
2421,1530,25478572,0.991
2422,1333,18141585,1
2423,2729,64686646,0.986
2424,2427,54680981,0.925
2425,1867,31174098,0.993
2426,1000,14051374,0.993
2427,2887,76930619,0.973
2428,1014,23784985,0.994
2429,2895,67590598,0.989
2430,1157,17729549,0.989
2431,1806,49609027,0.961
2432,1075,11403772,1
2433,1120,22294710,0.983
2434,1755,30232813,0.987
2435,2551,43598995,0.994
2436,2754,54160559,0.993
2437,1217,28862380,0.938
2438,2524,35391262,1
2439,1234,27850328,0.989
2440,1000,15448882,0.988
2441,3503,90006741,0.979
2442,1063,16657287,0.997
2443,1009,14818973,0.999
2444,2426,50485866,0.988
2445,2788,69300702,0.971
2446,1007,21928268,0.974
2447,1666,42100295,0.979
2448,1643,41560438,0.97
2449,2097,48564024,0.986
2450,1163,18824482,0.997
2451,1166,26510396,0.961
2452,1003,24942820,0.992
2453,1973,34950928,0.998
2454,1511,28774979,0.998
2455,1011,13961500,0.999
2456,1333,28066050,0.982
2457,1225,23576028,0.994
2458,1449,40758252,0.892
2459,1437,26821559,0.995
2460,2065,48986153,0.973
2461,3499,85305178,0.97
2462,1360,17993537,0.972
2463,3779,92641601,0.924
2464,1678,23368413,1
2465,1018,22037633,0.958
2466,1000,12441230,1
2467,2514,48220895,0.994
2468,1453,33515960,0.949
2469,1166,26510761,0.994
2470,1629,36403282,0.964
2471,1483,32709368,0.993
2472,2434,58953109,0.976
2473,1644,39202228,0.976
2474,1830,41653248,0.975
2475,1062,14678010,1
2476,1814,42300074,0.982
2477,1002,26451602,0.927
2478,1056,17287327,0.992
2479,2573,61254648,0.957
2480,2437,56127919,0.935
2481,1031,23731277,0.991
2482,1166,24443627,0.994
2483,1000,15385132,0.999
2484,1015,14819544,0.999
2485,1150,14793432,1
2486,1147,24291253,0.992
2487,1000,13923867,0.995
2488,1157,21528158,0.991
2489,2125,46445020,0.991
2490,1394,35373588,0.952
2491,1075,17227351,0.999
2492,1000,14315421,0.99
2493,1768,32987354,0.975
2494,1351,29352415,0.986
2495,2733,34069734,0.999
2496,1229,18689036,1
2497,3039,53739061,1
2498,2960,71224366,0.98
2499,1237,20144028,1
2500,2015,49353416,0.932
2501,1064,13335206,0.992
2502,1669,35652272,0.992
2503,1292,21212703,0.996
2504,1165,22287270,0.937
2505,1508,35115352,0.973
2506,1111,30376810,0.955
2507,1514,35253811,0.995
2508,1023,22670984,0.988
2509,1514,34823978,0.992
2510,1686,22709055,1
2511,2015,45007168,0.995
2512,1288,22621289,0.999
2513,1007,12714895,1
2514,1926,40945742,0.992
2515,4110,119817426,0.864
2516,4752,92913366,0.984
2517,4110,117693288,0.924
2518,2542,48640846,0.995
2519,1032,21819963,0.979
2520,1633,28388134,0.992
2521,2434,60479880,0.968
2522,1000,22879899,0.996
2523,1828,26890560,0.999
2524,1583,28223047,0.974
2525,1865,48915224,0.958
2526,2401,35648007,0.998
2527,1247,17038373,0.995
2528,2079,20513014,1
2529,2296,62905524,0.94
2530,1338,27342001,0.989
2531,1254,16912262,0.997
2532,2858,45242109,1
2533,3277,57314908,0.998
2534,1754,35236001,0.995
2535,2895,83488887,0.984
2536,1976,41796191,0.993
2537,1142,22866137,0.972
2538,3037,81407020,0.92
2539,1584,36128295,0.957
2540,1684,33301560,0.995
2541,2567,63835449,0.97
2542,3915,103372374,0.933
2543,1003,15444430,0.997
2544,3874,117279521,0.878
2545,2008,29246253,0.997
2546,2168,41905071,0.999
2547,1897,48693756,0.971
2548,4299,111626088,0.916
2549,2266,54222986,0.987
2550,1661,41655422,0.967
2551,2408,56949242,0.993
2552,1993,50944772,0.901
2553,2006,55652941,0.949
2554,2889,56776262,0.995
2555,1000,11608359,0.998
2556,1464,26464568,0.991
2557,1166,19344082,0.995
2558,2401,68442234,0.993
2559,2607,68853387,0.965
2560,1825,37986947,0.99
2561,1510,24506605,1
2562,1355,29266855,0.992
2563,1000,15135684,1
2564,1155,35481159,0.907
2565,2627,66246320,0.977
2566,1004,32236606,0.944
2567,1376,25966971,0.982
2568,1042,18380379,0.985
2569,1073,19134485,0.993
2570,2563,45300232,0.992
2571,2917,61046370,0.991
2572,1337,24390248,0.984
2573,1002,11815987,0.999
2574,3267,86446519,0.936
2575,1122,20519948,0.989
2576,1000,15712734,0.992
2577,2210,48728654,0.99
2578,1018,19297918,0.966
2579,1190,25791343,0.956
2580,1391,21045486,0.998
2581,1519,29032523,0.994
2582,2813,55812932,0.996
2583,1005,20551223,0.986
2584,3650,50620440,1
2585,2668,61926706,0.981
2586,1908,40527666,0.986
2587,1177,24954007,0.992
2588,1421,26873515,0.995
2589,1001,13085230,0.994
2590,1046,19878621,0.997
2591,1512,36711377,0.956
2592,2194,36114994,0.998
2593,1322,14390515,1
2594,1034,20882756,0.989
2595,1556,35449817,0.984
2596,1028,24919029,0.992
2597,2056,49956051,0.996
2598,3051,73678597,0.97
2599,1323,19692975,0.999
2600,1000,20685881,0.976
2601,1992,48730546,0.986
2602,1038,21017929,0.978
2603,1173,19828922,0.995
2604,1500,22008762,0.998
2605,1166,15702701,0.999
2606,1060,13591781,1
2607,1048,21184954,0.974
2608,1515,32635201,0.989
2609,1267,36130430,0.903
2610,1045,25110335,0.985
2611,1514,21975706,0.999
2612,1114,17930586,0.93
2613,1513,28172977,0.998
2614,2069,54960959,0.965
2615,1653,42395626,0.979
2616,1333,37967687,0.965
2617,4095,99822187,0.996
2618,1493,33137088,0.985
2619,1509,41734871,0.99
2620,1690,45522394,0.918
2621,3325,90833042,0.899
2622,1137,24135562,0.987
2623,1843,56327853,0.922
2624,1063,14368571,0.978
2625,2748,61586531,0.995
2626,2575,50585504,0.95
2627,1142,9137273,0.999
2628,3688,104117340,0.925
2629,1781,41593641,0.92
2630,1000,17282832,0.979
2631,2311,57658299,0.983
2632,2406,51756809,0.967
2633,1213,22947773,0.994
2634,1048,26868207,0.928
2635,2460,78333444,0.9
2636,1000,16205746,0.995
2637,4644,63479446,0.995
2638,2547,59070461,0.979
2639,1429,27499343,0.991
2640,2725,64242528,0.986
2641,2714,61804713,0.997
2642,3921,100641127,0.965
2643,2736,61706200,0.99
2644,2781,52225623,0.987
2645,3728,100360898,0.95
2646,1000,25988520,0.919
2647,1515,26510569,0.999
2648,1397,30440419,0.978
2649,1482,26285319,0.999
2650,4110,92405390,0.975
2651,1613,39675188,0.962
2652,4265,109903213,0.946
2653,3368,80837086,0.981
2654,2934,79868541,0.746
2655,1369,19343618,1
2656,1452,30466820,0.974
2657,1002,10051624,0.999
2658,4552,114100526,0.983
2659,1141,16185345,0.998
2660,1102,14691615,0.998
2661,2265,36654001,0.999
2662,1707,30773868,0.983
2663,1000,10032247,0.997
2664,2560,53156310,0.994
2665,3100,71909004,0.983
2666,1026,16624404,0.991
2667,4899,125467967,0.954
2668,1737,33049799,0.995
2669,1003,22137458,0.988
2670,1512,27662626,0.979
2671,1342,38490928,0.864
2672,4867,115898837,0.957
2673,1608,30457094,0.984
2674,2625,80887960,0.82
2675,1006,22343106,0.967
2676,1021,15995983,0.997
2677,4926,120879387,0.98
2678,1040,18517465,0.999
2679,1502,23594313,0.922
2680,1508,37273905,0.986
2681,1921,40111394,0.99
2682,1003,12601668,1
2683,1836,32203764,0.992
2684,1055,19287124,0.986
2685,1270,32338243,0.902
2686,1315,19963128,0.996
2687,1166,21030163,0.983
2688,1166,29862705,0.897
2689,2392,52938537,0.991
2690,1573,32396650,0.979
2691,1129,17889602,0.977
2692,1034,21189405,0.975
2693,1001,12858177,1
2694,1666,36045889,0.983
2695,1014,17809630,0.995
2696,2192,37581442,0.997
2697,1166,14014725,0.999
2698,1000,10632081,0.999
2699,1214,22134445,0.964
2700,1747,37275878,0.991
2701,1484,34661832,0.987
2702,2497,36597438,1
2703,3892,105740057,0.94
2704,2683,59352539,0.962
2705,1110,10366676,0.999
2706,2552,59393047,0.983
2707,4809,103359199,0.979
2708,1063,32248515,0.881
2709,1009,24408304,0.949
2710,2507,47285993,0.997
2711,2955,55978641,0.987
2712,3511,76559986,0.99
2713,2101,29967327,0.997
2714,1074,18054987,0.991
2715,1521,36261218,0.984
2716,1874,42620229,0.982
2717,2512,37340138,1
2718,1677,43810698,0.945
2719,1072,23656243,0.974
2720,1519,29812767,0.994
2721,2792,61564237,0.935
2722,2810,54807572,0.993
2723,1025,7532919,0.998
2724,3226,61451235,0.998
2725,1263,24085106,0.973
2726,1067,22342567,0.976
2727,1460,29694775,0.987
2728,1050,16941297,0.984
2729,1743,43838983,0.975
2730,3092,79179875,0.924
2731,1106,24886251,0.989
2732,1976,35416598,0.997
2733,1434,25645147,0.991
2734,1521,27093606,0.997
2735,1044,20955315,0.991
2736,1345,18617173,0.998
2737,1000,16124664,0.996
2738,1032,14247245,0.977
2739,1129,16613025,0.996
2740,2074,44258355,0.999
2741,1091,25490378,0.901
2742,1811,49191024,0.972
2743,1818,40413188,0.989
2744,1030,19985930,0.987
2745,1166,15934929,0.989
2746,1338,19490736,0.987
2747,2789,46717674,0.989
2748,1509,27866054,0.989
2749,1130,9545780,0.998
2750,2810,42715712,0.996
2751,1505,37393649,0.946
2752,1000,11486682,1
2753,3017,64250235,0.995
2754,2590,59795705,0.958
2755,1001,10085698,0.999
2756,1324,24622271,0.988
2757,1323,40231780,0.885
2758,1001,15448138,0.994
2759,1998,47509974,0.945
2760,2098,25030044,0.998
2761,1386,25079678,0.989
2762,2432,34050736,0.999
2763,1505,25129162,0.997
2764,2837,75317769,0.952
2765,1717,26980390,0.93
2766,1010,17677815,0.993
2767,1000,13431188,0.997
2768,4992,74320212,0.995
2769,1000,14467830,0.998
2770,1000,12816386,0.998
2771,1342,34196936,0.971
2772,1096,12382462,0.996
2773,1110,15754444,0.999
2774,2554,55298393,0.968
2775,1792,34600041,0.989
2776,1915,41922085,0.994
2777,2865,73508713,0.935
2778,2836,98344586,0.927
2779,1925,37628431,0.987
2780,4685,126771165,0.943
2781,1409,19383041,0.998
2782,1021,23421212,0.97
2783,1013,26091917,0.975
2784,3289,60271665,0.999
2785,1069,23561880,0.948
2786,2710,73795417,0.935
2787,1666,46868602,0.959
2788,2516,35692712,1
2789,1515,28401322,0.997
2790,1092,19784689,0.969
2791,1698,34817522,0.999
2792,1666,34304749,0.994
2793,2189,42966968,0.98
2794,3043,77800026,0.972
2795,1516,20463578,0.998
2796,3662,97927699,0.83
2797,1071,21029700,0.969
2798,2374,47121896,0.993
2799,2040,33681162,0.997
2800,1981,34384497,0.994
2801,4422,92982550,0.979
2802,1204,23669950,0.983
2803,1667,20494137,0.995
2804,1334,17488526,0.998
2805,1000,20870971,0.991
2806,1749,31241819,0.998
2807,1114,13419137,0.999
2808,2831,61083855,0.992
2809,1009,15360393,1
2810,3556,87456261,0.985
2811,1002,10137573,1
2812,2744,53088868,0.989
2813,1005,21953644,0.975
2814,1032,22335882,0.997
2815,1166,13987397,0.997
2816,1916,43022934,0.977
2817,1000,17752810,0.993
2818,5000,101531096,0.996
2819,1693,37957980,0.963
2820,1257,17683493,0.999
2821,2861,58066064,0.985
2822,1002,14781493,0.996
2823,1166,24232142,0.97
2824,1351,16564541,0.999
2825,3691,100343447,0.922
2826,4613,86442754,0.991
2827,1678,36186208,0.988
2828,1002,15199148,0.991
2829,2970,54076382,0.995
2830,1985,50833423,0.871
2831,1002,16368477,0.996
2832,1691,28419577,0.999
2833,2431,54217208,0.996
2834,1634,27466185,0.999
2835,1291,30932459,0.928
2836,1175,27207531,0.981
2837,1677,49630765,0.984
2838,3817,66753871,0.951
2839,1233,22061645,0.994
2840,1294,29748022,0.986
2841,3291,64178543,0.985
2842,2033,53885096,0.915
2843,2145,46425801,0.998
2844,2426,59122989,0.965
2845,1294,25058368,0.994
2846,1493,34869760,0.988
2847,1040,21403297,0.995
2848,1056,18883458,0.988
2849,3036,83475997,0.972
2850,1501,34451609,0.984
2851,2128,28373293,0.998
2852,1264,21547531,0.996
2853,1026,20466640,0.981
2854,2443,61401220,0.922
2855,1458,42436070,0.977
2856,1476,35676844,0.967
2857,1153,14112067,0.999
2858,1063,13755429,0.973
2859,1001,15171334,0.998
2860,1132,22343451,0.995
2861,2333,53494871,0.977
2862,1005,19389385,0.997
2863,1050,21478124,0.921
2864,1391,12050758,0.999
2865,1007,16375584,0.966
2866,1392,28855941,0.97
2867,1676,37159682,0.991
2868,1997,43391222,0.975
2869,1906,42374630,0.97
2870,1926,61066056,0.938
2871,1917,16218404,1
2872,1351,22555810,0.987
2873,3779,99682551,0.911
2874,2326,49045657,0.994
2875,3874,99420816,0.918
2876,1476,18988314,0.999
2877,1074,17050399,0.996
2878,1323,20070975,0.989
2879,1166,25624732,0.993
2880,1340,32819407,0.912
2881,2527,60681301,0.969
2882,1231,15595396,1
2883,1211,26162451,0.977
2884,1213,20484813,1
2885,1924,30496405,0.999
2886,1063,19970996,0.981
2887,4110,111609992,0.915
2888,2770,39882924,1
2889,2600,43740319,0.967
2890,2100,24068694,0.999
2891,1288,31488407,0.958
2892,1166,11711284,1
2893,1999,33966936,0.965
2894,1319,34030657,0.982
2895,2982,62132574,0.969
2896,1781,29582882,0.981
2897,1152,27111470,0.952
2898,1000,13768779,0.964
2899,2718,51359702,0.992
2900,1456,23470227,0.998
2901,5000,144495078,0.944
2902,1001,17840836,0.992
2903,2159,35043160,0.999
2904,1000,26038842,0.901
2905,4110,115722631,0.855
2906,1026,18391644,0.985
2907,4103,91845482,0.973
2908,1001,14597870,0.999
2909,2433,53622069,0.993
2910,3698,71922983,0.988
2911,4969,121227727,0.976
2912,2640,67262359,0.879
2913,1258,27474448,0.96
2914,1207,21910636,0.995
2915,1278,26485591,0.964
2916,1000,17795288,0.991
2917,1492,30077590,0.965
2918,1982,53411414,0.971
2919,1000,20264101,0.994
2920,2326,61119377,0.971
2921,1264,28838605,0.936
2922,1476,29723248,0.996
2923,1098,23719442,0.953
2924,1001,24294681,0.989
2925,1000,16894451,0.991
2926,2782,69362482,0.949
2927,1166,17796168,0.999
2928,2931,60931411,0.998
2929,3119,50290497,0.998
2930,1425,15908681,0.999
2931,1230,27965476,0.899
2932,1464,48600353,0.975
2933,1099,17772150,0.994
2934,1333,23160509,0.995
2935,1374,33415452,0.958
2936,1126,24442436,0.964
2937,1464,27270536,0.992
2938,1463,25802846,0.998
2939,1120,26300771,0.989
2940,2933,67083280,0.993
2941,1446,18321072,0.999
2942,3183,54762171,0.997
2943,1166,28078342,0.98
2944,2553,53717381,0.977
2945,1102,24449529,0.969
2946,1110,22452542,0.984
2947,1382,30871487,0.964
2948,1923,37030836,0.99
2949,3243,52542081,1
2950,1983,55871544,0.904
2951,1000,19795053,0.941
2952,1867,50451838,0.91
2953,1511,42973749,0.881
2954,1386,29120387,0.983
2955,1027,24461716,0.93
2956,1036,18059926,0.991
2957,2467,45551482,1
2958,1174,16731571,0.999
2959,2807,81711732,0.952
2960,1033,19788686,0.982
2961,4973,97241311,0.994
2962,1351,26984726,0.987
2963,3159,58213613,0.999
2964,1129,21949035,0.984
2965,3368,59244643,0.955
2966,1355,30812418,0.979
2967,1063,14674076,0.998
2968,1515,29667199,0.973
2969,2946,83795201,0.964
2970,2105,55073710,0.98
2971,1456,19594584,0.999
2972,4039,116530886,0.921
2973,1000,21440917,0.992
2974,2535,60311069,0.957
2975,1002,13014570,0.998
2976,4685,138876269,0.841
2977,1000,9275191,1
2978,1207,18558166,0.99
2979,3030,79785777,0.989
2980,1103,27405178,0.972
2981,2232,49183388,0.965
2982,2579,24133878,0.999
2983,1000,14522888,0.995
2984,1990,63687925,0.879
2985,2757,68018721,0.99
2986,1001,12958520,0.993
2987,1803,30592712,0.997
2988,1452,32316184,0.993
2989,5000,97560651,0.987
2990,2978,67165788,0.982
2991,1953,45941140,0.965
2992,1000,14289740,0.999
2993,1166,18121570,0.994
2994,1490,25746772,0.999
2995,1295,32899224,0.986
2996,1590,41674820,0.951
2997,2242,45186263,0.99
2998,2465,58504864,0.979
2999,1036,22049545,0.907
3000,3050,72909436,0.988
3001,1032,19301823,0.996
3002,1811,53891564,0.953
3003,2472,34364424,0.999
3004,2513,65895612,0.951
3005,2781,62256869,0.969
3006,1002,17928005,0.987
3007,1666,48511042,0.961
3008,1259,15675503,0.996
3009,2158,43956296,0.999
3010,1477,23611151,0.999
3011,2526,46064310,0.997
3012,3064,43571934,1
3013,1476,26687374,0.997
3014,1001,16137927,0.993
3015,5000,151920287,0.947
3016,2113,45306026,0.996
3017,1759,50816571,0.843
3018,1043,22174311,0.983
3019,1509,25262912,1
3020,2646,76314758,0.849
3021,2614,71708001,0.925
3022,2988,54595601,0.99
3023,1241,24933204,0.986
3024,1951,50238404,0.909
3025,1755,35694571,0.957
3026,2590,47675805,0.99
3027,1431,20376477,0.996
3028,1086,20612443,0.943
3029,1230,23713861,0.985
3030,1045,16491983,0.998
3031,1630,31289779,0.993
3032,1513,29028775,0.986
3033,1748,23428100,0.983
3034,1149,20066297,0.996
3035,1494,34998417,0.94
3036,2441,50205871,0.996
3037,1357,16999881,0.998
3038,1793,53315955,0.927
3039,1000,11058243,0.998
3040,1356,31984574,0.971
3041,1333,25426119,0.983
3042,1729,28603787,0.996
3043,1000,17869497,0.978
3044,1702,40587856,0.982
3045,2148,48831149,0.968
3046,1518,26428357,0.996
3047,2569,62595767,0.931
3048,3004,75986727,0.936
3049,1171,17398219,0.996
3050,1353,30400731,0.954
3051,2756,49013165,0.997
3052,1239,18013238,0.999
3053,1472,24446339,0.998
3054,1490,21742531,0.998
3055,1432,28659438,0.988
3056,1509,15858806,1
3057,1189,20879952,0.998
3058,2666,44313918,0.997
3059,1036,14636703,0.989
3060,1518,35706962,0.995
3061,1006,14584884,0.998
3062,1787,39501319,0.979
3063,2984,48704468,0.992
3064,2939,47340202,0.999
3065,1415,33328893,0.912
3066,1246,25503170,0.987
3067,2606,50234716,0.999
3068,1246,15598935,1
3069,1209,15004916,0.995
3070,1809,32065955,0.994
3071,1040,18174893,0.992
3072,4890,127999657,0.946
3073,2992,58162845,0.984
3074,1989,26085857,1
3075,2558,43851539,0.99
3076,1748,34620121,0.98
3077,1108,12722050,0.991
3078,2666,61903722,0.941
3079,1336,29294239,0.989
3080,1750,27980052,1
3081,1349,29223530,0.966
3082,1524,27321474,0.996
3083,1874,42259092,0.99
3084,1342,16216510,0.995
3085,2762,69569933,0.939
3086,1514,28962205,0.982
3087,1740,34867273,0.992
3088,1001,17084295,1
3089,1938,39687466,0.976
3090,1559,21299686,0.999
3091,1077,24865374,0.988
3092,1671,36201562,0.986
3093,3578,63790024,0.998
3094,1002,19041568,0.936
3095,1047,11188713,0.996
3096,1407,21637131,0.997
3097,1333,28366220,0.975
3098,3560,77065854,0.897
3099,2613,30274410,0.998
3100,1475,28079643,0.985
3101,1689,15306090,1
3102,1410,23726005,0.995
3103,1333,11209188,0.999
3104,2534,65982905,0.983
3105,1198,17777674,0.998
3106,1007,18468733,0.983
3107,2887,53848983,0.982
3108,1009,13264643,0.995
3109,1500,29244793,0.996
3110,3019,64784083,0.998
3111,3331,53801803,0.966
3112,1209,25269047,0.936
3113,2957,44642754,1
3114,1036,18753448,0.98
3115,2673,47079692,0.987
3116,1004,9953790,1
3117,1300,28599319,0.985
3118,1903,33786788,0.992
3119,1597,29651446,0.991
3120,1677,23268304,1
3121,1874,20407768,1
3122,1097,22841844,0.947
3123,1283,28513194,0.969
3124,1201,21503976,0.992
3125,3049,75140052,0.916
3126,1000,23218680,0.976
3127,1738,9683890,0.999
3128,2579,31779962,1
3129,1267,23360935,0.979
3130,1166,13646061,0.998
3131,1483,26849497,0.998
3132,2250,41699812,0.982
3133,1196,13653073,0.999
3134,2112,38441693,0.968
3135,1000,15803513,0.986
3136,1417,22094629,0.999
3137,1001,16815638,0.953
3138,5000,113940716,0.93
3139,2234,36509103,0.999
3140,1000,11748078,0.999
3141,2736,62647545,0.965
3142,1033,15752744,0.998
3143,1620,35806738,0.947
3144,1244,25992379,0.983
3145,1088,17985411,0.963
3146,2486,56251818,0.975
3147,2615,60393421,0.916
3148,2789,51320892,0.993
3149,1265,26092614,0.942
3150,1704,23998374,1
3151,2583,49821044,0.984
3152,1166,20755752,0.97
3153,1465,24733637,0.995
3154,1851,38157161,0.991
3155,1336,26502224,0.987
3156,1666,31950641,0.984
3157,2426,51854112,0.992
3158,3033,53765144,0.997
3159,1822,52418170,0.929
3160,1166,27372962,0.911
3161,4934,101131406,0.962
3162,2121,44456584,0.978
3163,1390,18611576,0.998
3164,2603,64106952,0.864
3165,1014,11025023,0.999
3166,2514,46488074,0.991
3167,1831,32700955,0.999
3168,1063,15665593,0.984
3169,1501,23525491,0.998
3170,1000,23473837,0.933
3171,2163,24191345,0.998
3172,1763,41185240,0.953
3173,1633,28093136,0.997
3174,1414,33002416,0.952
3175,1368,26194293,0.989
3176,1214,23393115,0.988
3177,1243,22607954,0.96
3178,2955,32263442,1
3179,2046,25673344,0.998
3180,2571,41497514,0.966
3181,2082,39066619,0.995
3182,1364,20588047,0.994
3183,1975,35955635,0.986
3184,1879,29329292,0.991
3185,1991,38386072,0.987
3186,3260,71005557,0.964
3187,1778,26993878,0.998
3188,1166,22782044,0.982
3189,1001,11724558,0.994
3190,1500,27396009,0.995
3191,1000,24098507,0.968
3192,1479,19943194,0.997
3193,2267,45587773,0.998
3194,1071,17478018,0.993
3195,1003,11687631,1
3196,1124,29397235,0.89
3197,1365,30937232,0.984
3198,1500,30982386,0.962
3199,2824,62732008,0.962
3200,2038,38358695,0.966
3201,1437,21456217,0.998
3202,1163,15902542,0.998
3203,1178,18705429,0.983
3204,1169,28490257,0.941
3205,4110,82782335,0.963
3206,1490,31244973,0.989
3207,1108,18610784,0.999
3208,3433,34864051,0.991
3209,1001,14887488,0.998
3210,1216,18389022,0.998
3211,1014,16076418,0.996
3212,1502,32051588,0.969
3213,1842,46085380,0.985
3214,1039,26480239,0.91
3215,1186,18023211,0.984
3216,1000,18514692,0.99
3217,2472,62742938,0.942
3218,1405,22066404,0.998
3219,1944,20883062,0.995
3220,1741,34494744,0.989
3221,1094,30741642,0.95
3222,1630,35708725,0.938
3223,1006,13446624,0.999
3224,1055,17489941,0.998
3225,1211,26101451,0.993
3226,2717,38845449,0.993
3227,1818,38606698,0.995
3228,1265,13982784,0.998
3229,1318,16653269,1
3230,2461,59738805,0.905
3231,1046,15446513,0.994
3232,2192,56751168,0.964
3233,1330,24638690,0.977
3234,2695,26741104,0.999
3235,1956,44736776,0.955
3236,1001,23230544,0.966
3237,1789,40336241,0.991
3238,1051,20273231,0.982
3239,1333,29467524,0.903
3240,1331,34228395,0.967
3241,1500,18347072,0.988
3242,1000,25208016,0.946
3243,1217,20085861,0.999
3244,2995,60849063,0.995
3245,1270,31307257,0.983
3246,1275,31571048,0.981
3247,1510,36408318,0.966
3248,1982,26604521,0.999
3249,1335,28521633,0.987
3250,1004,17314921,0.998
3251,1548,31643803,0.994
3252,5000,92934878,0.966
3253,1237,32904596,0.939
3254,1194,23547205,0.946
3255,1554,30684208,0.985
3256,1943,38537300,0.987
3257,1000,18085357,0.994
3258,2170,27796209,1
3259,1766,54068098,0.894
3260,2658,45906172,0.982
3261,1183,23107790,0.997
3262,1666,36008150,0.968
3263,3486,82806920,0.967
3264,2460,52954636,0.992
3265,1694,22564518,1
3266,2992,83413899,0.959
3267,1436,27269837,0.985
3268,2833,57168444,0.996
3269,2002,41424196,0.994
3270,1000,9777865,1
3271,2117,35037933,0.996
3272,1509,29598284,0.979
3273,1002,15475233,0.999
3274,1000,19884498,0.971
3275,1759,27964842,0.999
3276,1000,25368873,0.941
3277,1758,26673146,0.995
3278,2787,66673002,0.99
3279,1005,12991366,0.999
3280,4186,84453891,0.993
3281,4615,108190751,0.969
3282,1424,25857509,0.999
3283,1450,40843703,0.888
3284,1000,21271167,0.961
3285,1177,19460255,0.983
3286,1500,39155997,0.953
3287,1009,14681033,0.997
3288,3076,44957291,1
3289,2008,55143341,0.883
3290,1113,24779465,0.979
3291,1063,14384933,0.989
3292,4044,73662034,0.996
3293,1683,27407912,0.997
3294,1500,26004197,0.995
3295,1142,23712187,0.987
3296,1502,25782565,0.999
3297,2813,83158384,0.944
3298,1526,36061267,0.994
3299,1141,26110590,0.995
3300,2232,42069894,0.997
3301,1000,19164326,0.992
3302,1063,14188007,0.996
3303,3459,83052828,0.95
3304,1821,40137052,0.984
3305,1000,15455395,0.993
3306,2372,51926608,0.993
3307,1833,51326581,0.865
3308,3122,73854666,0.969
3309,1022,12224847,1
3310,1190,12159140,0.999
3311,1385,24900285,0.984
3312,1800,52929935,0.867
3313,2514,46779675,0.994
3314,1669,38769530,0.974
3315,1496,33400331,0.977
3316,1010,20349331,0.936
3317,1336,28642834,0.996
3318,1017,22304885,0.978
3319,2115,47970059,0.984
3320,1000,25178515,0.978
3321,1170,26992263,0.991
3322,2252,61258303,0.89
3323,3001,75133835,0.971
3324,1004,15944718,0.997
3325,1268,29809094,0.989
3326,1502,38353333,0.991
3327,1024,18718697,0.992
3328,1363,38239662,0.946
3329,1730,33231767,0.995
3330,1501,33684797,0.996
3331,1836,41384677,0.99
3332,1347,23591148,1
3333,5000,121708043,0.946
3334,1085,20548156,0.989
3335,1213,18413353,0.986
3336,1950,34675634,0.998
3337,1781,46226242,0.962
3338,3577,99570594,0.869
3339,1264,24941078,0.975
3340,2145,38144940,0.987
3341,1059,29614340,0.913
3342,1000,16213330,0.991
3343,1097,13814836,0.998
3344,1856,37685081,0.982
3345,1409,34995818,0.931
3346,2056,29149377,1
3347,1261,14717248,0.998
3348,1390,30250378,0.997
3349,1201,24655491,0.988
3350,2750,50974612,0.991
3351,2116,29846977,0.994
3352,1354,34292032,0.963
3353,4111,106118615,0.957
3354,1823,37579245,0.986
3355,1051,17396225,0.997
3356,1791,28854209,0.999
3357,1363,31414823,0.98
3358,1303,29888830,0.981
3359,1000,15646815,0.994
3360,2798,61310650,0.964
3361,2833,75703639,0.974
3362,1000,14426778,0.996
3363,1201,15701120,1
3364,2908,62794252,0.999
3365,3025,67848158,0.993
3366,1506,42686907,0.949
3367,1497,30978508,0.961
3368,1144,22448987,0.994
3369,1704,46767404,0.931
3370,1059,15560151,0.991
3371,3178,38358727,0.999
3372,4138,63185439,0.993
3373,2875,54570054,0.988
3374,2212,61098136,0.947
3375,3090,58745487,0.993
3376,1048,16406266,0.994
3377,3583,73794758,0.99
3378,2272,36419955,0.998
3379,1166,25632843,0.981
3380,1001,17480101,0.999
3381,2823,39305889,0.999
3382,1055,19942617,0.995
3383,1935,41921505,0.998
3384,1165,15947471,1
3385,1118,18030172,0.999
3386,1001,15808102,0.992
3387,1033,21816730,0.984
3388,1036,28139193,0.966
3389,2046,39960411,0.997
3390,5000,122667301,0.938
3391,2785,40114049,0.993
3392,1401,40939533,0.749
3393,2908,60118547,0.998
3394,1166,19000144,0.972
3395,4271,89201657,0.979
3396,2057,35787625,0.998
3397,2548,67132574,0.979
3398,1116,20471965,0.984
3399,3933,103226636,0.951
3400,1176,12134637,1
3401,2811,53746582,0.993
3402,1032,18330653,0.998
3403,1653,35745138,0.998
3404,1722,35306846,0.987
3405,1078,20094396,0.986
3406,1003,9862109,0.996
3407,1040,15303110,0.999
3408,1983,24686620,1
3409,1063,17181166,0.982
3410,2708,49010442,0.984
3411,1166,24753426,0.998
3412,2954,57553635,1
3413,1000,15433665,0.996
3414,2522,48847201,0.989
3415,1368,35313775,0.948
3416,2488,39175506,0.984
3417,1108,18797684,0.997
3418,1427,29959063,0.993
3419,2979,57740229,0.993
3420,1432,30946406,0.98
3421,1749,48560016,0.953
3422,3170,66230627,0.953
3423,1050,19832987,0.999
3424,1030,17591902,0.995
3425,1233,21826771,0.994
3426,1033,18502712,0.997
3427,2618,56868298,0.967
3428,2895,70757740,0.97
3429,2793,63794911,0.996
3430,1003,13960490,0.987
3431,1500,37497942,0.981
3432,1132,20335284,0.984
3433,1000,15283141,0.977
3434,1079,27801287,0.926
3435,1526,16955592,0.998
3436,1340,32105083,0.964
3437,2425,66899022,0.906
3438,1000,13191495,0.997
3439,1135,29437162,0.969
3440,1983,37422228,0.986
3441,2596,55366538,0.956
3442,1757,40097563,0.985
3443,2264,61531133,0.917
3444,1332,26199855,0.987
3445,1002,18832212,0.989
3446,2626,49821524,0.994
3447,1151,20255201,0.989
3448,2795,41313384,0.998
3449,2921,45966707,0.999
3450,1741,47495395,0.866
3451,1095,24809327,0.988
3452,1906,40531340,1
3453,1000,19989700,0.963
3454,1451,33141492,0.993
3455,1735,24801147,0.998
3456,1742,35341460,0.995
3457,1295,16234354,1
3458,1058,23817087,0.968
3459,1676,47841174,0.919
3460,1731,44123173,0.946
3461,1885,32351274,1
3462,1166,21552626,0.994
3463,2836,53778582,0.977
3464,1063,26556517,0.873
3465,1505,15379705,0.999
3466,1613,38512258,0.973
3467,2426,49164692,0.986
3468,1006,19930580,0.994
3469,2238,53917817,0.993
3470,1046,12058765,0.999
3471,1671,40643192,0.988
3472,1351,30203193,0.967
3473,2553,66492636,0.96
3474,1397,37307950,0.976
3475,1003,10912910,1
3476,1452,30101507,0.987
3477,1225,25241634,0.992
3478,1024,16607783,0.996
3479,1000,19589086,0.995
3480,1584,18147754,0.999
3481,1277,14224351,0.997
3482,1111,23067726,0.969
3483,1514,29899580,0.974
3484,1715,36156629,0.987
3485,1102,17295238,0.981
3486,1863,33041977,0.999
3487,1468,30261900,0.938
3488,1014,19152501,0.973
3489,2584,42431969,0.999
3490,1666,32795228,0.996
3491,1338,29881842,0.984
3492,1126,17143320,0.991
3493,2479,52952468,0.972
3494,1500,27465337,0.998
3495,2773,56773790,0.972
3496,3068,85847210,0.865
3497,2773,51716998,0.996
3498,2613,59784025,0.959
3499,1006,19702401,0.98
3500,1583,32320285,0.991
3501,1743,33147021,0.993
3502,4923,120669708,0.982
3503,2148,53378246,0.976
3504,2697,55614971,0.994
3505,2316,39581403,0.995
3506,2561,60429872,0.982
3507,1500,22686242,0.993
3508,2492,32170771,1
3509,1045,15967406,0.994
3510,1166,18542055,1
3511,1850,45761622,0.965
3512,1452,40523444,0.99
3513,4498,88166513,0.986
3514,1213,22793060,0.99
3515,1346,42119184,0.955
3516,3942,88684280,0.99
3517,1214,13057392,0.999
3518,1666,21372978,0.997
3519,4211,114260723,0.924
3520,1190,18437099,1
3521,1684,37596608,0.997
3522,1117,25059180,0.951
3523,1224,23275701,0.987
3524,1093,14939572,0.989
3525,1700,37660437,0.971
3526,5000,134355929,0.94
3527,2707,59991939,0.995
3528,4085,82338083,0.997
3529,1028,12891205,0.996
3530,1000,22268965,0.962
3531,1002,24255996,0.983
3532,1503,24583791,0.993
3533,3797,87558940,0.962
3534,1000,16982770,0.996
3535,1133,23258472,0.995
3536,1957,50043422,0.994
3537,1316,24091359,0.989
3538,1000,18852497,0.996
3539,1500,40713427,0.958
3540,3228,75852425,0.994
3541,1003,16554765,0.983
3542,1001,12324563,0.988
3543,1816,43834385,0.997
3544,1995,32067384,0.998
3545,2073,51913462,0.979
3546,1293,29922735,0.952
3547,1161,16945949,0.994
3548,1003,13805093,0.997
3549,1304,30738519,0.98
3550,1036,16569578,0.999
3551,1968,44070861,0.986
3552,1006,14039646,0.996
3553,1500,23662849,0.99
3554,1199,36280751,0.976
3555,1070,11988272,0.997
3556,1002,11867990,0.997
3557,3004,79896813,0.965
3558,2991,79534483,0.984
3559,1437,26613253,0.992
3560,1042,28318645,0.948
3561,1430,23085731,0.997
3562,1805,44299373,0.986
3563,1170,23378807,0.999
3564,3089,26651081,1
3565,1678,39052643,0.993
3566,2617,55056394,0.996
3567,3580,87861324,0.961
3568,2758,68333726,0.975
3569,1187,28301137,0.979
3570,2006,30647529,1
3571,1014,14167411,0.996
3572,1419,27696612,0.993
3573,1800,41800633,0.986
3574,1050,19562220,0.992
3575,1139,28502091,0.868
3576,1004,14717920,0.995
3577,2835,69026457,0.992
3578,1078,22395435,0.992
3579,1353,27874125,0.993
3580,1038,19133476,0.988
3581,2184,32243366,0.996
3582,1445,40820029,0.976
3583,3199,67753557,0.992
3584,2750,63836564,0.99
3585,1473,29063904,0.996
3586,1681,29841204,0.998
3587,1306,20484858,0.989
3588,1339,35509897,0.995
3589,4539,65932697,0.991
3590,2531,69049667,0.935
3591,2111,20158061,0.996
3592,1338,32086026,0.982
3593,2836,63047955,0.963
3594,2488,50693179,1
3595,1081,22252481,0.962
3596,1003,11662659,0.994
3597,1768,33774034,0.992
3598,1929,48319044,0.989
3599,1000,9477268,1
3600,1516,34899252,0.99
3601,1079,15074186,1
3602,1666,39719055,0.984
3603,1075,25383652,0.948
3604,1501,40854471,0.959
3605,1515,28457701,0.991
3606,2227,39838427,0.993
3607,2942,83415319,0.871
3608,1197,21733153,0.997
3609,1008,28643364,0.981
3610,2400,82118653,0.887
3611,2705,57227163,1
3612,1672,31397467,0.997
3613,1228,26742658,0.985
3614,1413,27455540,0.998
3615,1086,21627075,0.941
3616,4060,119972012,0.95
3617,1000,18146429,0.998
3618,1422,14801422,1
3619,1001,19693836,0.993
3620,1214,19170031,0.994
3621,1699,23517000,0.995
3622,1069,15651546,0.997
3623,1004,15791202,0.991
3624,1497,33286990,0.991
3625,1675,39605958,0.996
3626,1057,17920881,0.994
3627,2858,35014066,1
3628,1541,31931081,0.987
3629,3309,71641383,0.99
3630,1075,15253102,0.971
3631,1714,21519851,0.998
3632,1351,39226504,0.958
3633,1003,20312103,0.969
3634,2794,57244055,0.987
3635,1984,43283024,0.942
3636,1882,39911433,0.98
3637,2840,79535770,0.958
3638,2792,75720625,0.982
3639,1412,33500799,0.984
3640,1467,29960555,0.995
3641,1500,25804734,0.988
3642,2031,49519565,0.965
3643,1948,54951276,0.936
3644,1645,18874251,1
3645,1169,18831321,0.993
3646,1086,14157969,0.996
3647,1671,33663950,0.995
3648,1980,43424090,0.998
3649,1944,52644627,0.95
3650,3356,67319778,0.991
3651,1001,17578539,0.979
3652,1000,21702895,0.991
3653,2927,55893323,0.996
3654,2087,24402680,0.999
3655,1799,31584759,0.999
3656,1003,19479401,0.941
3657,1978,35440067,0.999
3658,1003,17091919,0.994
3659,1335,26495099,0.99
3660,1515,33656722,0.984
3661,1160,27022916,0.978
3662,1836,16920672,0.998
3663,1001,14005179,0.997
3664,1166,31716104,0.938
3665,4280,73925822,0.966
3666,1775,33971610,0.994
3667,4997,113876198,0.988
3668,2518,41323900,1
3669,2119,51243773,0.993
3670,1904,34440035,1
3671,1003,16732723,0.995
3672,1000,13984687,0.999
3673,1003,14838004,0.995
3674,1001,16351292,0.995
3675,2112,56918488,0.899
3676,4232,117839851,0.93
3677,3874,69213285,0.992
3678,1666,23834279,0.998
3679,1139,25475209,0.945
3680,2081,28282204,0.999
3681,3770,90822726,0.981
3682,2652,76121348,0.907
3683,1125,28442007,0.9
3684,3565,49046140,1
3685,1048,15349827,0.982
3686,1993,32450835,0.996
3687,1039,28467150,0.916
3688,1370,27112498,0.99
3689,1009,23755584,0.958
3690,1025,17366813,0.989
3691,1500,20905272,0.999
3692,4110,113173890,0.903
3693,1013,19117158,0.979
3694,3380,67800381,0.985
3695,1000,14430607,0.992
3696,2128,48347114,0.989
3697,1510,30865177,0.973
3698,1312,28854126,0.988
3699,1679,34371794,0.994
3700,1415,16830831,0.998
3701,1344,24790166,0.995
3702,2150,30570653,1
3703,2075,53680909,0.973
3704,1024,21463290,0.918
3705,2479,56171789,0.981
3706,1027,20672592,0.984
3707,1004,18064648,0.993
3708,1000,12608454,0.998
3709,1731,39581298,0.978
3710,3034,54680737,0.992
3711,1607,31049875,0.999
3712,1198,21110459,0.984
3713,5000,111418255,0.995
3714,1687,35803644,1
3715,1000,10150463,0.994
3716,1092,29059571,0.853
3717,2836,59447490,0.936
3718,2757,65477132,0.987
3719,1396,25884092,0.984
3720,2141,52938228,0.987
3721,3979,89081508,0.948
3722,1831,33200123,0.981
3723,2592,38713316,0.997
3724,1304,24577211,0.996
3725,1200,17878341,0.994
3726,1000,10411674,0.993
3727,2281,61523593,0.976
3728,1353,28193815,0.984
3729,1003,19598630,0.932
3730,1272,39701462,0.91
3731,3152,56010674,0.996
3732,1067,19713870,0.985
3733,1783,47681431,0.973
3734,1089,14742693,0.998
3735,1180,21459831,1
3736,2065,50893870,0.985
3737,1278,24644274,0.985
3738,2772,62751355,0.994
3739,2609,61221759,0.977
3740,2763,63898881,0.969
3741,1248,32820570,0.969
3742,5000,115627908,0.98
3743,1008,22138626,0.99
3744,3248,69899708,0.981
3745,2685,70613205,0.949
3746,1025,26833946,0.906
3747,3286,70194762,0.951
3748,1025,22529156,0.981
3749,2040,33927523,0.971
3750,1105,16806926,0.995
3751,2435,52696045,0.955
3752,1911,40288345,0.985
3753,1711,30663037,0.995
3754,1444,39943376,0.944
3755,1023,29508575,0.919
3756,1279,18741051,0.999
3757,1231,29651142,0.971
3758,1557,40380138,0.998
3759,1745,40870305,0.948
3760,1780,22677066,0.991
3761,2266,63057143,0.904
3762,4271,111544637,0.932
3763,1296,25936950,0.992
3764,4685,123580516,0.908
3765,1051,17639466,0.988
3766,1003,21790713,0.99
3767,1212,23956410,0.997
3768,2641,71445032,0.931
3769,1507,33350307,0.973
3770,2191,23605574,0.997
3771,1946,34612374,1
3772,2122,19364010,0.989
3773,1834,24841965,1
3774,2605,54431794,0.984
3775,1063,28606961,0.891
3776,1339,13808281,0.979
3777,1166,22700037,0.97
3778,2704,64675361,0.972
3779,4279,117818545,0.933
3780,2717,33927294,0.949
3781,1678,34391432,0.991
3782,3003,60192094,0.994
3783,1865,33629270,0.998
3784,4899,129485100,0.958
3785,1683,32282578,0.993
3786,1708,29372508,0.999
3787,2319,41165253,0.998
3788,1231,34790095,0.957
3789,1511,36100798,0.979
3790,1415,35465716,0.879
3791,1415,21478231,0.998
3792,1696,32285322,0.994
3793,1000,17895369,0.955
3794,1153,13997641,0.998
3795,1043,25205376,0.927
3796,1734,26066398,0.999
3797,1205,26425818,0.986
3798,1741,37443544,0.981
3799,1041,22660737,0.957
3800,2090,31221486,0.998
3801,1506,26430071,0.997
3802,2495,36638259,0.999
3803,3276,87632175,0.937
3804,2684,47648595,0.976
3805,1000,23700388,0.986
3806,1240,19830540,0.998
3807,1481,36459504,0.982
3808,1753,27792586,1
3809,1666,38721099,0.974
3810,1381,39761719,0.985
3811,1000,22253583,0.98
3812,2222,26501696,0.991
3813,1402,26138900,0.996
3814,3211,74568851,0.984
3815,1351,18007793,0.998
3816,1561,35270947,0.994
3817,2428,59304347,0.991
3818,1011,16490125,0.998
3819,1046,19162249,0.996
3820,1348,23975154,0.999
3821,1555,29011285,0.995
3822,1666,37561229,0.993
3823,2553,30576354,0.992
3824,1197,22338508,0.997
3825,1103,23880630,0.944
3826,1457,28104507,0.981
3827,1109,21184420,0.988
3828,2776,71625969,0.962
3829,3289,65836196,0.995
3830,2745,51798178,0.984
3831,1524,34319727,0.99
3832,2016,38313413,0.992
3833,1085,20126850,0.981
3834,1256,23659772,0.978
3835,1500,18941490,0.972
3836,3413,85089328,0.961
3837,1336,31207762,0.97
3838,1500,40836382,0.898
3839,3051,61142209,0.99
3840,1439,38806331,0.943
3841,2983,47740574,0.999
3842,1828,45967518,0.989
3843,1506,22198631,1
3844,3120,61370975,0.999
3845,1001,19469027,0.971
3846,1328,21896727,0.996
3847,1254,26181072,0.996
3848,3148,81330633,0.904
3849,2153,55480234,0.896
3850,1500,31827496,0.976
3851,2801,57318334,0.996
3852,1935,39722795,0.997
3853,1048,15949456,0.982
3854,1735,50643837,0.943
3855,1426,29191643,0.974
3856,1208,23351234,0.971
3857,1496,36028120,0.967
3858,1838,20730505,0.993
3859,2776,53094771,0.997
3860,1198,20383641,0.998
3861,3020,61940664,0.991
3862,1353,33421201,0.936
3863,1192,17849991,1
3864,2762,54832505,0.982
3865,1324,27431099,0.957
3866,1001,16575138,0.993
3867,2097,52506905,0.99
3868,4356,97009587,0.982
3869,1248,37087701,0.926
3870,1446,23812747,0.998
3871,2709,69229121,0.873
3872,2940,73912769,0.933
3873,2561,60059782,0.97
3874,1140,27108041,0.935
3875,1000,14591037,0.995
3876,1647,37699557,0.978
3877,4110,103642816,0.933
3878,1304,20087064,0.998
3879,4231,122639818,0.933
3880,4354,114922350,0.986
3881,1086,22627798,0.979
3882,2601,34409749,0.981
3883,2120,54396769,0.962
3884,1276,30965710,0.996
3885,2426,36042816,0.989
3886,1126,16145674,0.996
3887,2878,47428087,0.993
3888,4268,105237490,0.949
3889,3039,80592120,0.94
3890,1159,22767062,0.993
3891,2318,58276372,0.962
3892,1471,36698945,0.989
3893,1718,19398627,0.998
3894,1003,13442312,0.99
3895,1000,18896556,0.976
3896,2173,42791327,0.996
3897,1706,35350484,1
3898,2790,41614542,1
3899,2516,61165444,0.98
3900,1295,20653175,0.995
3901,1166,29424175,0.981
3902,1920,36705347,0.996
3903,1245,18189136,0.998
3904,1747,39612276,0.995
3905,1714,51236174,0.953
3906,1000,11123110,0.998
3907,1128,18124466,0.999
3908,2064,46549457,0.902
3909,1552,39682374,0.981
3910,1000,16136816,0.999
3911,1166,17288803,0.998
3912,1476,30664934,0.995
3913,1414,25471219,1
3914,1751,41590691,0.991
3915,1073,22871757,0.987
3916,1000,17592413,0.997
3917,1927,50296283,0.988
3918,1383,24867818,0.997
3919,1168,24145255,0.985
3920,1000,17257699,1
3921,2623,55508836,0.961
3922,1507,35678081,0.973
3923,1465,22545940,0.998
3924,1384,35913814,0.925
3925,3097,62840322,0.99
3926,1793,36588882,0.972
3927,1776,30852273,0.994
3928,2559,71331820,0.903
3929,2006,45495526,0.992
3930,1351,31981455,0.976
3931,2433,63598095,0.984
3932,1998,32619042,0.983
3933,1847,41650229,0.992
3934,2534,51463298,0.996
3935,1330,30283261,0.97
3936,1240,27794524,0.988
3937,1034,16338067,0.992
3938,2813,68797246,0.99
3939,2306,46383861,0.998
3940,1164,19315015,0.969
3941,1190,16568171,0.997
3942,2469,44452591,0.998
3943,1846,37678932,0.958
3944,1001,28305852,0.938
3945,2164,46036464,0.993
3946,2708,54921728,0.973
3947,1497,32498662,0.963
3948,1230,24429506,0.993
3949,2890,61560603,0.993
3950,1386,30341736,0.985
3951,1150,25275374,0.968
3952,1149,12210258,1
3953,2493,25616893,1
3954,1024,17446395,0.993
3955,1502,29174401,0.975
3956,2724,80752102,0.928
3957,1342,28660549,0.99
3958,1779,39512865,0.992
3959,1211,29039864,0.966
3960,1905,53565839,0.93
3961,1187,29322648,0.963
3962,1063,25486923,0.961
3963,1219,31293145,0.849
3964,2393,48558488,0.997
3965,1000,12550401,0.999
3966,1788,46122538,0.997
3967,1166,21028330,0.955
3968,1116,26050751,0.995
3969,1033,18097653,0.988
3970,1003,16412622,0.996
3971,1604,41965679,0.978
3972,1460,19177149,1
3973,1194,24568593,0.986
3974,1002,11416927,0.999
3975,4617,107579778,0.955
3976,1017,23622542,0.951
3977,1049,21543241,0.963
3978,1993,47139257,0.958
3979,3564,70181267,0.982
3980,2300,49825812,0.95
3981,1021,15633159,0.986
3982,1272,23094030,0.968
3983,2439,52034126,0.984
3984,2660,55733789,0.998
3985,3126,66208032,0.995
3986,1876,47528137,0.913
3987,1376,28716181,0.994
3988,1023,20652398,0.983
3989,3313,77038648,0.993
3990,1828,38088569,0.987
3991,1918,39301698,0.982
3992,2033,37599140,0.995
3993,1270,26426932,0.989
3994,2911,62590843,0.99
3995,1500,26462476,1
3996,1885,35571106,0.979
3997,3052,41220959,0.984
3998,2075,27881438,1
3999,1036,22182988,0.979
4000,1374,17260007,1
4001,1001,17630258,0.996
4002,1143,17376891,0.998
4003,1126,28934553,0.932
4004,1864,44282991,0.967
4005,1666,26367541,0.999
4006,1120,18393308,0.999
4007,1242,25633615,0.999
4008,1209,25885254,0.993
4009,1852,33101121,1
4010,1002,17754426,0.996
4011,1669,39695172,0.96
4012,2026,35192094,0.996
4013,4390,126233519,0.899
4014,4573,88789019,0.997
4015,1003,14013778,1
4016,1082,21409148,0.982
4017,2056,34018337,0.989
4018,2009,43505178,0.988
4019,1503,25698601,0.981
4020,1489,30778093,0.962
4021,1469,22756947,0.996
4022,1344,30273533,0.988
4023,2952,78982786,0.943
4024,1102,18306115,0.979
4025,1059,18846292,0.975
4026,2638,77413922,0.979
4027,2128,47597075,0.919
4028,1002,22951714,0.981
4029,1525,41077926,0.912
4030,2617,64073472,0.98
4031,2591,56511765,0.977
4032,3662,76479640,0.988
4033,1022,15180518,0.999
4034,2125,42092737,0.993
4035,1139,27304821,0.969
4036,1992,40516384,0.998
4037,1026,15308736,0.998
4038,2969,67916944,0.979
4039,1013,14330683,0.987
4040,2653,72312431,0.92
4041,3213,72787504,0.994
4042,2110,41582043,0.998
4043,1027,21015515,0.998
4044,4186,110922232,0.958
4045,1981,52705429,0.943
4046,1046,21151336,0.976
4047,1672,46419574,0.893
4048,1067,15383444,0.987
4049,1113,27248787,0.958
4050,1000,18521272,0.995
4051,1340,23473770,0.989
4052,1507,31321857,0.993
4053,1014,14903279,0.999
4054,1565,16656459,0.998
4055,1003,16776125,0.983
4056,2503,45546665,0.988
4057,1000,18601159,1
4058,1333,28156516,0.987
4059,1480,28691454,0.947
4060,2578,57423412,0.986
4061,3061,68693738,0.976
4062,1206,14664859,0.999
4063,1000,17728323,0.998
4064,2571,35620115,0.993
4065,1063,24753149,0.97
4066,4773,83387759,0.989
4067,2105,41480262,0.99
4068,1027,21658747,0.943
4069,1750,31871716,1
4070,1245,20446437,0.987
4071,1633,47356889,0.942
4072,1081,16236319,0.989
4073,1602,21403807,0.997
4074,1380,28683127,0.996
4075,3662,96953197,0.92
4076,1313,23520362,0.995
4077,1000,19626720,0.985
4078,1166,22570449,0.969
4079,3191,66112650,0.985
4080,1891,33556106,0.994
4081,1518,30804368,0.935
4082,2096,39941801,0.983
4083,3187,61864958,0.994
4084,5000,80797398,0.993
4085,1063,14247481,0.976
4086,1941,40726856,0.962
4087,2246,35928282,0.993
4088,1005,17610006,0.99
4089,1160,21181138,0.998
4090,2576,58771254,0.881
4091,4976,128019865,0.953
4092,1156,24984838,0.991
4093,2788,63438072,0.943
4094,1514,35445952,0.963
4095,2321,45402842,0.989
4096,2524,66010552,0.943
4097,2443,42385968,0.991
4098,1163,23860496,0.93
4099,1000,13106007,1
4100,2491,42923513,0.999
4101,2489,58635775,0.987
4102,1028,23914306,0.983
4103,3022,67921632,0.965
4104,2613,49173527,0.977
4105,1032,19334021,0.979
4106,1791,30568770,1
4107,1333,27233363,0.99
4108,1731,25119799,1
4109,1715,39056533,0.996
4110,1174,22924429,0.992
4111,3004,92410101,0.919
4112,1000,12692323,1
4113,4393,90074838,0.988
4114,1072,15165629,0.984
4115,1632,23283593,0.977
4116,1594,27605853,0.977
4117,2872,60298154,0.978
4118,2733,48811446,0.985
4119,1166,16956907,1
4120,1337,22281193,0.995
4121,1286,27243522,0.959
4122,1052,18465888,0.993
4123,1623,33278126,0.978
4124,1309,20164764,0.979
4125,1090,16989749,0.985
4126,1157,20903188,0.977
4127,2044,48468671,0.992
4128,1455,18863000,0.988
4129,2681,63388317,0.96
4130,4555,95279324,0.995
4131,2047,36258870,0.992
4132,1940,28877470,0.998
4133,1166,15092694,0.998
4134,1052,20324650,0.993
4135,1505,33268026,0.989
4136,1011,23419462,0.9
4137,2840,65305961,0.901
4138,1525,21805415,0.999
4139,2474,29125095,0.992
4140,2619,55482668,0.953
4141,1000,16356167,0.992
4142,1686,28585182,0.997
4143,2075,40139727,0.99
4144,1962,31979720,0.992
4145,3042,32710592,0.997
4146,2546,32439746,0.981
4147,1721,38577268,0.918
4148,1515,25352322,0.991
4149,1270,29551596,0.959
4150,1683,25254979,0.989
4151,4181,105405024,0.935
4152,1166,18641853,0.995
4153,1634,35182725,0.98
4154,1166,20522459,0.991
4155,2573,57495162,0.903
4156,1710,39127507,0.957
4157,2590,41977615,0.985
4158,1115,25237595,0.894
4159,1003,11111650,0.996
4160,2557,52157015,0.997
4161,4388,74508736,0.999
4162,1666,36638438,0.963
4163,1252,24465364,0.965
4164,2958,53551920,0.988
4165,1238,21422887,0.989
4166,1003,16788231,0.996
4167,1160,24756782,0.961
4168,1001,17314917,0.995
4169,1166,18251207,0.992
4170,4140,75075864,0.994
4171,1322,23339379,0.992
4172,1628,22256625,0.998
4173,1000,16441862,0.99
4174,1506,30041875,0.97
4175,1126,22349674,0.949
4176,1099,21443799,0.997
4177,2544,45453714,0.998
4178,1032,17056487,0.987
4179,1043,25087073,0.911
4180,1473,28102737,0.992
4181,1513,32965303,0.987
4182,1389,23745000,0.994
4183,1139,18696340,0.95
4184,2874,57181648,0.969
4185,1049,18574412,0.976
4186,2706,57083672,0.972
4187,1424,33774405,0.973
4188,1721,44545579,0.932
4189,3248,58307907,0.998
4190,2777,59801799,0.99
4191,1022,16514798,0.981
4192,2010,37604510,0.997
4193,4799,74294297,0.981
4194,1000,10450596,0.999
4195,1031,17440987,0.984
4196,1644,24191493,0.996
4197,1565,37025737,0.934
4198,1857,32085165,0.982
4199,3089,72546366,0.997
4200,4110,64362096,0.981
4201,2599,41664158,1
4202,2176,56594599,0.955
4203,1166,21037562,0.978
4204,2252,50882233,0.977
4205,2428,43019222,0.992
4206,2640,58627318,0.965
4207,1172,22217258,0.986
4208,1763,33046157,0.989
4209,2646,47430103,0.996
4210,1864,41791801,0.97
4211,1542,18541518,0.998
4212,2428,45281802,0.993
4213,4367,73011964,0.998
4214,1081,14116950,0.992
4215,2024,38403177,0.976
4216,1897,36821035,0.974
4217,1761,45461142,0.927
4218,1323,26829236,0.994
4219,2359,38772633,0.987
4220,1513,29551696,0.982
4221,1500,20250637,0.998
4222,1362,21733550,0.982
4223,1521,31521560,0.989
4224,1000,16187596,0.998
4225,2577,48908862,0.997
4226,1904,40950947,0.996
4227,1037,22620614,0.952
4228,1183,28234244,0.968
4229,1622,27349095,0.988
4230,1045,16882737,0.992
4231,1723,17809444,0.996
4232,2339,46282382,0.994
4233,2520,36999327,0.998
4234,1694,39688935,0.9
4235,1758,38214539,0.925
4236,2268,56674873,0.959
4237,1060,20039792,0.978
4238,2812,43712542,0.999
4239,2288,49183641,0.989
4240,3821,89926212,0.951
4241,3481,82620058,0.943
4242,1990,31586515,0.993
4243,2463,46319286,0.991
4244,1064,17415965,0.992
4245,2022,29440741,1
4246,1972,43466024,0.993
4247,2598,63852393,0.944
4248,1000,13809499,0.999
4249,3085,68594994,0.932
4250,1014,16050104,0.993
4251,2333,50011611,0.925
4252,1166,23999162,0.985
4253,1666,25582127,0.998
4254,1459,30780047,0.952
4255,1666,50688081,0.783
4256,2074,37381720,0.99
4257,2585,57778995,0.947
4258,1000,16572521,0.99
4259,1994,28395871,0.999
4260,1159,23889196,0.985
4261,1675,29752521,0.994
4262,1620,33794261,0.988
4263,1905,27370693,0.999
4264,2258,41479089,0.996
4265,1092,20606591,0.991
4266,1747,34970448,0.967
4267,2782,79387602,0.98
4268,1000,12210820,0.999
4269,1755,23136574,0.998
4270,1361,31235449,0.944
4271,3505,67281328,0.989
4272,1273,32069046,0.977
4273,2004,50499600,0.974
4274,1154,15204431,0.999
4275,1411,21225670,0.996
4276,1502,36406640,0.932
4277,1029,24856574,0.938
4278,2002,43274615,0.986
4279,1500,18123397,0.999
4280,1218,23571558,0.991
4281,1564,25724840,0.991
4282,4963,102056269,0.982
4283,1500,34362961,0.965
4284,1006,17856827,0.995
4285,1500,24114666,0.996
4286,2953,91791570,0.886
4287,1866,46093209,0.92
4288,1500,46289283,0.898
4289,1785,45064867,0.981
4290,1991,52197665,0.942
4291,2709,77860545,0.801
4292,2449,49721879,0.992
4293,1801,33934412,0.982
4294,3437,62599516,0.979
4295,2392,57597705,0.967
4296,4960,94279171,0.984
4297,5000,86105569,0.999
4298,1281,30670453,0.984
4299,1384,24960107,0.997
4300,1615,34573663,0.998
4301,2080,35340277,1
4302,3842,87869033,0.956
4303,1856,37456108,0.993
4304,1011,17689502,0.969
4305,4647,78893434,0.992
4306,2137,62961131,0.879
4307,3181,61713787,0.994
4308,1223,26589264,0.975
4309,1000,24484113,0.933
4310,1008,20789865,0.994
4311,1413,23959297,0.992
4312,1408,19747120,1
4313,1063,23859555,0.974
4314,4271,85832400,0.992
4315,1885,28925845,0.998
4316,1109,17536229,0.999
4317,1042,24794525,0.912
4318,1618,25111721,0.996
4319,1326,17812147,0.989
4320,2792,48443107,0.993
4321,1489,23553245,0.997
4322,1032,16324414,0.979
4323,1510,29158338,0.986
4324,1007,17601114,0.998
4325,1166,28041335,0.887
4326,1928,44574726,0.993
4327,2261,30590414,0.997
4328,1884,34102085,0.995
4329,2916,55341965,0.964
4330,2243,54109388,0.946
4331,2700,61768496,0.968
4332,1063,25076065,0.975
4333,3160,70117945,0.992
4334,1063,22979543,0.945
4335,1330,24389022,0.998
4336,1482,27720799,0.995
4337,1166,32183619,0.964
4338,1666,40426630,0.989
4339,1490,38571046,0.965
4340,1870,32026725,0.992
4341,1265,27877920,0.921
4342,1128,19411310,0.972
4343,1002,15702818,0.993
4344,1387,36294192,0.974
4345,1263,22128852,0.997
4346,1500,30268786,0.984
4347,1042,11260246,0.999
4348,2937,47588621,0.999
4349,2790,27453168,1
4350,2111,37892931,0.995
4351,1860,31266552,0.998
4352,1577,46540476,0.959
4353,1940,50157070,0.984
4354,1984,34287779,0.996
4355,1087,25596875,0.912
4356,2024,47446733,0.979
4357,1520,41316368,0.984
4358,1002,18546611,0.994
4359,1667,33063578,0.991
4360,2264,27627198,1
4361,2320,50976855,0.982
4362,1024,26385301,0.996
4363,4685,122145279,0.981
4364,4110,97749385,0.975
4365,1001,12616152,0.998
4366,1002,13030929,0.998
4367,1438,35517926,0.978
4368,5000,69132355,0.998
4369,1000,20962509,0.992
4370,1166,32188287,0.981
4371,1003,11193693,1
4372,1430,21111670,0.996
4373,2411,40309228,0.996
4374,3316,80990687,0.908
4375,1001,12468680,0.997
4376,1079,14766371,0.989
4377,2845,61838763,0.99
4378,1000,21893926,0.965
4379,1460,31738323,0.993
4380,1166,31698432,0.979
4381,1155,26814807,0.986
4382,1908,26444411,0.998
4383,1123,23843721,0.972
4384,1885,39649417,0.988
4385,1087,19269507,0.994
4386,1057,17340551,1
4387,1079,14575514,0.998
4388,1251,29790024,0.941
4389,2564,52072273,0.983
4390,1854,41716676,0.99
4391,2211,57294904,0.958
4392,2257,49231853,0.995
4393,1173,18677174,0.994
4394,1889,46595285,0.861
4395,2714,58747786,0.998
4396,2718,35922414,1
4397,1008,18388330,0.996
4398,2514,57196534,0.993
4399,1715,35031936,0.997
4400,1504,22404925,0.998
4401,2981,88060108,0.882
4402,1666,38826102,0.99
4403,1376,28149703,0.996
4404,1168,35516677,0.918
4405,1137,14932816,0.99
4406,1894,26916148,0.991
4407,2646,53538587,0.99
4408,2083,50063672,0.97
4409,3559,87749205,0.936
4410,1879,52016023,0.96
4411,1000,22925389,0.992
4412,2433,60339416,0.935
4413,1092,15786643,0.975
4414,1092,32799221,0.854
4415,1513,38821068,0.967
4416,1515,26811219,0.995
4417,1057,21825335,0.958
4418,2157,54767287,0.947
4419,2237,41833964,1
4420,1000,15392746,0.994
4421,1701,19922871,0.999
4422,1510,32876048,0.985
4423,1301,25363144,0.986
4424,1611,38803391,0.988
4425,1187,21028281,0.994
4426,2443,69718950,0.918
4427,1977,54313139,0.975
4428,1407,29492527,0.98
4429,2561,56937054,0.994
4430,1063,19489728,0.991
4431,2840,67129898,0.997
4432,1011,16838991,0.995
4433,1120,23672418,0.984
4434,1147,23279046,0.976
4435,1053,16926818,0.996
4436,1000,18234009,0.982
4437,2595,62874799,0.99
4438,1848,50947574,0.867
4439,2053,47440514,0.996
4440,3683,108784269,0.955
4441,1666,44959865,0.967
4442,1264,26824793,0.991
4443,3114,71587194,0.989
4444,1647,34842924,0.987
4445,1133,23712015,0.995
4446,1013,22021969,0.963
4447,1883,52178112,0.954
4448,1135,23573847,0.993
4449,1000,17329431,0.98
4450,1158,18924486,0.988
4451,2687,64843108,0.947
4452,1005,22176362,0.943
4453,3037,65414629,0.993
4454,1000,16471591,0.996
4455,1308,31991884,0.984
4456,1088,21055178,0.996
4457,2039,30832331,0.997
4458,1869,45724927,0.993
4459,1860,26437923,0.996
4460,1007,23099019,0.998
4461,2544,52997060,0.995
4462,1054,26292019,0.962
4463,1021,12827795,0.999
4464,1002,19526550,0.997
4465,1997,38120381,0.997
4466,1712,31029951,0.991
4467,1724,39034570,0.977
4468,1110,21001516,0.983
4469,4110,59046643,1
4470,2713,48068275,0.99
4471,1344,30545848,0.991
4472,1597,23501787,0.999
4473,1611,31100036,0.977
4474,1318,23995527,1
4475,1121,16379841,0.995
4476,1827,35394660,0.998
4477,1939,46412866,0.977
4478,1046,22422600,0.976
4479,1323,31871836,0.967
4480,1407,29978603,0.982
4481,2500,73684549,0.831
4482,2536,49237133,0.996
4483,1734,50245295,0.896
4484,2099,47419383,0.997
4485,1206,22488857,0.995
4486,1930,47228317,0.992
4487,1800,29649195,0.997
4488,1123,22477318,0.997
4489,2896,71063762,0.993
4490,1517,27336189,0.995
4491,1500,34210755,0.994
4492,1534,38518465,0.961
4493,1193,24438673,0.986
4494,2171,67861156,0.926
4495,1055,19993894,0.994
4496,1513,47020200,0.887
4497,1506,25292714,0.994
4498,3193,93323020,0.891
4499,1146,22792528,0.995
4500,1063,23752063,0.891
4501,1512,27372871,0.996
4502,2557,43531862,0.999
4503,1987,52643483,0.962
4504,1714,35118239,0.985
4505,1268,30888152,0.948
4506,2205,29522942,0.999
4507,1089,25993032,0.983
4508,1500,35387387,0.999
4509,3757,82368466,0.995
4510,1095,29079526,0.949
4511,1026,19829531,0.921
4512,2878,85529974,0.907
4513,2086,32941912,1
4514,1013,24671429,0.979
4515,1000,19693752,0.991
4516,4016,90443542,0.995
4517,1016,17531856,0.999
4518,4110,99049294,0.993
4519,1515,26091248,0.992
4520,1038,16174614,0.997
4521,5000,145089432,0.951
4522,1101,18150992,0.993
4523,2533,29559248,0.984
4524,2508,60156546,0.989
4525,2809,81167860,0.907
4526,1445,30085577,0.999
4527,4394,79812832,0.999
4528,1431,23891863,0.996
4529,1909,55012017,0.937
4530,3728,97469478,0.976
4531,1379,24346113,0.996
4532,1115,24561263,0.995
4533,3058,78744704,0.953
4534,1167,15520036,0.99
4535,1797,31121390,0.998
4536,1781,39028986,0.981
4537,1219,19768322,0.998
4538,2140,55209222,0.985
4539,2141,53057686,0.953
4540,1997,20999947,0.996
4541,1729,27320123,1
4542,1504,22123977,1
4543,3359,85398925,0.985
4544,1442,33094909,0.975
4545,1682,30476400,0.997
4546,1110,21220368,0.992
4547,1000,25942575,0.976
4548,1843,46975599,0.939
4549,1447,24877748,0.993
4550,1700,32296119,0.99
4551,2261,39679341,0.997
4552,1947,50690277,0.979
4553,2093,54593664,0.964
4554,1682,32013461,0.98
4555,1003,12499105,0.999
4556,1186,24129836,0.982
4557,2543,39403887,0.997
4558,2324,59720946,0.948
4559,1350,35785875,0.987
4560,2739,66819250,0.954
4561,1166,26267056,0.985
4562,4053,107127613,0.946
4563,2884,66224789,0.982
4564,1494,32108373,0.996
4565,5000,137077848,0.86
4566,1909,42481261,0.992
4567,2928,51601131,0.998
4568,1514,40706693,0.952
4569,1677,29477482,0.999
4570,1333,35045264,0.956
4571,1132,21209355,0.957
4572,1008,10767898,0.998
4573,3100,61664411,1
4574,2051,49533125,0.965
4575,2600,32882140,0.999
4576,1510,21101659,0.999
4577,1001,12890736,0.997
4578,1000,16746188,0.993
4579,2241,43090484,0.995
4580,1107,29193040,0.933
4581,2567,44974762,0.977
4582,3874,120607690,0.838
4583,2914,27503271,1
4584,2643,68642111,0.914
4585,1500,25226165,0.999
4586,1441,24986646,0.997
4587,3002,61325419,0.996
4588,1205,25013487,0.993
4589,1913,33200704,0.993
4590,1006,14252323,0.997
4591,1788,44108338,0.967
4592,1531,29971529,0.997
4593,1666,26397449,0.986
4594,1510,35404350,0.975
4595,3206,53000924,0.997
4596,1500,47546143,0.922
4597,1496,36146295,0.989
4598,1799,39456478,0.994
4599,1000,13080709,0.997
4600,2307,56397565,0.989
4601,1789,27609462,0.999
4602,1183,33032524,0.872
4603,2815,68690196,0.985
4604,1760,36767379,0.996
4605,1057,24918762,0.973
4606,1663,33504531,0.998
4607,1666,34620147,0.98
4608,1912,33726550,0.997
4609,1128,21155428,0.979
4610,1001,6859844,0.999
4611,1987,28103819,0.972
4612,1388,35102947,0.934
4613,2833,74313570,0.955
4614,1000,21990772,0.977
4615,5000,114363750,0.977
4616,1858,25175555,0.997
4617,1445,16458579,0.999
4618,1336,25837354,0.991
4619,1172,22786370,0.994
4620,1620,40839643,0.99
4621,1000,15771351,0.993
4622,1353,23465865,0.996
4623,1052,22321609,0.981
4624,1007,17240059,0.997
4625,1109,26990811,0.888
4626,1675,21220397,0.999
4627,1173,20622272,0.998
4628,1500,37283115,0.959
4629,1063,23324045,0.981
4630,2123,55936225,0.993
4631,2061,50024753,0.966
4632,1835,40319672,0.993
4633,1179,22756710,0.988
4634,1086,26520956,0.991
4635,1429,27446166,0.995
4636,2608,53509302,0.995
4637,1007,13638130,0.997
4638,1320,29358430,0.979
4639,1000,18633004,0.988
4640,1613,26305074,0.999
4641,2805,66442274,0.975
4642,1796,28850962,0.998
4643,1453,21408119,0.999
4644,1120,25999114,0.927
4645,4510,119511642,0.987
4646,1137,18816382,0.994
4647,2180,28223329,0.999
4648,1222,18058075,0.998
4649,2865,49584599,0.999
4650,1833,45866494,0.875
4651,1910,45032450,0.954
4652,1710,35497236,0.996
4653,1512,32900012,0.986
4654,1506,24278990,0.983
4655,1076,17693626,0.991
4656,1055,13306863,0.995
4657,2719,77272761,0.944
4658,1129,24734492,0.973
4659,1500,40518144,0.964
4660,1136,15222972,0.997
4661,2634,81309538,0.953
4662,2817,39255964,1
4663,1000,15670851,0.975
4664,2596,62583986,0.948
4665,1195,17765618,0.998
4666,2049,47370334,0.951
4667,1157,16627814,0.991
4668,1166,33765707,0.947
4669,1786,42103487,0.966
4670,1347,19897100,0.996
4671,2556,48363088,0.978
4672,1501,35503684,0.985
4673,1534,33905256,0.954
4674,3358,54528885,0.999
4675,1176,17198619,0.996
4676,1418,32923233,0.997
4677,1715,44649457,0.948
4678,1457,31275728,0.967
4679,1249,30982828,0.873
4680,1091,10043745,1
4681,1000,24323880,0.969
4682,1927,41168033,0.983
4683,2670,31719256,1
4684,2555,69678405,0.952
4685,2059,39546893,0.988
4686,2391,62713446,0.986
4687,2615,54911361,0.958
4688,2629,46684840,0.998
4689,2840,70206308,0.973
4690,1723,31113415,1
4691,1701,31347808,0.999
4692,2982,71307977,0.981
4693,1713,43572023,0.958
4694,1047,17386104,0.999
4695,1680,31186345,0.997
4696,1611,29892216,0.973
4697,1541,27037554,0.995
4698,1572,17987395,0.999
4699,2667,49205669,0.997
4700,3055,67936458,0.976
4701,1443,27122681,0.987
4702,2178,53888488,0.936
4703,1846,32305631,0.999
4704,1124,22255231,0.958
4705,1574,34368500,0.908
4706,1000,13142676,1
4707,1054,15317704,0.993
4708,1000,18889643,0.998
4709,1364,26393423,0.997
4710,2755,71732079,0.987
4711,1333,26519129,0.982
4712,1389,37784846,0.974
4713,1166,15917431,0.994
4714,4271,84840146,0.974
4715,1155,28181346,0.967
4716,1000,14028905,0.999
4717,2047,22780434,0.999
4718,1000,17675455,0.996
4719,2825,57217114,0.973
4720,1675,28725989,1
4721,1028,25867449,0.978
4722,1462,22214131,1
4723,2863,59308300,0.989
4724,2592,61221111,0.962
4725,2963,19598611,0.999
4726,1400,29607081,0.982
4727,1001,15339764,0.995
4728,4370,96250785,0.968
4729,2761,56380894,0.989
4730,1521,28761732,0.984
4731,2075,46469266,0.99
4732,4062,104530656,0.979
4733,1000,24527782,0.977
4734,1183,36274588,0.821
4735,1167,27719594,0.972
4736,3285,77334129,0.94
4737,3220,63105435,0.992
4738,1510,33303504,0.952
4739,1022,17358223,0.998
4740,1895,40912796,0.986
4741,1714,32535933,0.999
4742,1000,23557325,0.926
4743,2833,70662443,0.909
4744,1374,27842637,0.959
4745,1000,14345946,0.992
4746,1000,19614175,0.987
4747,1082,27296961,0.931
4748,1472,32109141,0.993
4749,2875,77473395,0.921
4750,1002,17487098,0.998
4751,1000,9902377,1
4752,1154,24271751,0.978
4753,1327,15381801,1
4754,1439,35424945,0.917
4755,1113,24930568,0.966
4756,1524,37100572,0.987
4757,3874,95820952,0.904
4758,1343,20115284,0.994
4759,1666,44178142,0.988
4760,1000,12121042,0.997
4761,1472,39918580,0.947
4762,1302,23630290,0.987
4763,1194,22342264,0.987
4764,1000,13317480,0.989
4765,2657,63574082,0.991
4766,1063,13943949,0.983
4767,2867,60688971,0.997
4768,1201,24890581,0.997
4769,1004,20634180,0.981
4770,1476,32243619,0.996
4771,2108,51546590,0.961
4772,1959,37642271,0.981
4773,1086,18233791,0.999
4774,3004,74813459,0.917
4775,1542,19372490,0.999
4776,4036,92560839,0.978
4777,3838,85726181,0.968
4778,4801,87724924,0.997
4779,1004,15710800,0.982
4780,1016,22253467,0.991
4781,1143,22776605,0.964
4782,2433,54981793,0.983
4783,2631,60354704,0.929
4784,1423,25320940,0.997
4785,2968,68543245,0.982
4786,1000,13538516,0.95
4787,1000,11970541,0.999
4788,3468,65914212,0.981
4789,1074,28398889,0.98
4790,1091,18892824,0.994
4791,2576,52716210,0.969
4792,1530,28695457,0.998
4793,1823,56013879,0.959
4794,1001,21061038,0.976
4795,2762,36173676,1
4796,1000,13251638,0.989
4797,1510,22913660,0.995
4798,1166,21907523,0.972
4799,1193,23293362,0.989
4800,3067,63873299,0.994
4801,3649,93488588,0.951
4802,3105,70743659,1
4803,1023,10516813,0.999
4804,1000,15802755,0.998
4805,1796,36961694,0.961
4806,2748,68511214,0.993
4807,1041,23968647,0.956
4808,1801,45673666,0.976
4809,1003,20484833,0.993
4810,1384,23817755,0.985
4811,2894,77774385,0.97
4812,1514,34157413,0.996
4813,1455,29015531,1
4814,1510,27392237,0.996
4815,1136,23857762,0.973
4816,2898,56549609,0.98
4817,1010,21404111,0.992
4818,1000,15057490,0.993
4819,1001,18724588,0.967
4820,1513,32338565,0.984
4821,2037,41913520,0.988
4822,1000,14341620,0.981
4823,1373,27052547,0.995
4824,1000,13734047,0.999
4825,1319,25821503,0.993
4826,1370,29624432,0.98
4827,1803,35489216,0.993
4828,1398,32744944,0.949
4829,1043,21671097,0.949
4830,1478,26643443,0.993
4831,2624,62652604,0.904
4832,2634,58459861,0.98
4833,1000,23995531,0.969
4834,1715,29571694,0.992
4835,2804,46842798,0.996
4836,1453,20859718,0.999
4837,1816,47566680,0.971
4838,3972,85427916,0.961
4839,1150,13972455,0.995
4840,1381,24390626,0.996
4841,1734,35034807,0.99
4842,1493,23795655,0.996
4843,2597,34865137,0.993
4844,1217,23341035,0.992
4845,4893,91634964,0.987
4846,1931,46695919,0.998
4847,1002,9329941,1
4848,1563,35669520,0.94
4849,3974,92297025,0.991
4850,1715,22647587,0.998
4851,1000,28585472,0.919
4852,1486,39389112,0.995
4853,1284,35996879,0.841
4854,2467,60854048,0.98
4855,1492,31513062,0.937
4856,1096,24345191,0.99
4857,1000,13179315,1
4858,2659,75929206,0.724
4859,1827,23695404,1
4860,1911,46712515,0.95
4861,2617,53862652,0.988
4862,1094,20609430,0.995
4863,1005,10802111,0.994
4864,2837,76161643,0.949
4865,3217,50932206,0.999
4866,1082,22411156,0.991
4867,1351,36848866,0.978
4868,1096,21125755,0.984
4869,1004,15355528,0.988
4870,1979,29226229,1
4871,2775,35466116,0.995
4872,2512,47470134,0.99
4873,1384,26408089,0.975
4874,1378,30492586,0.992
4875,1283,27204577,0.995
4876,1457,30280987,0.999
4877,1446,23651229,0.999
4878,1321,15674872,0.999
4879,2606,63306786,0.967
4880,1001,17982636,0.987
4881,2163,57383981,0.961
4882,2063,38050040,0.993
4883,2783,72040050,0.875
4884,1001,9931543,1
4885,1516,13675770,0.98
4886,1842,41059676,0.935
4887,1734,38867055,0.989
4888,1142,20291828,0.996
4889,2772,64091484,0.97
4890,1375,14476524,0.999
4891,1549,36881207,0.946
4892,1165,20951926,0.994
4893,1872,42906006,0.987
4894,1418,32580455,0.971
4895,4984,84789404,0.998
4896,3442,101526170,0.836
4897,1491,28986518,0.995
4898,1451,34845551,0.929
4899,4146,62138024,0.989
4900,1987,48183405,0.96
4901,2644,52975404,0.985
4902,1166,21552671,0.992
4903,1460,26223099,0.999
4904,1409,31694926,0.991
4905,1992,38606485,0.994
4906,1069,12097400,1
4907,1862,21717074,1
4908,2124,47626669,0.997
4909,1128,16786650,0.997
4910,1001,19656054,0.998
4911,2728,61936053,0.963
4912,1001,19474277,0.982
4913,1191,24287591,0.992
4914,1033,16043784,0.995
4915,1392,20748301,0.999
4916,3360,93644228,0.902
4917,1895,34416584,0.99
4918,1673,42278588,0.966
4919,1000,15733904,0.991
4920,1004,15808364,0.998
4921,2802,60692187,0.981
4922,1500,33713931,0.978
4923,2186,36990377,0.998
4924,1061,9793859,0.999
4925,1000,16253381,0.98
4926,1757,50418850,0.966
4927,5000,144098438,0.889
4928,1693,37143555,0.966
4929,1003,23951733,0.972
4930,1040,18454118,0.99
4931,4110,123204736,0.787
4932,1013,15660209,0.998
4933,1110,13317155,0.999
4934,2323,35777316,1
4935,1495,44827130,0.864
4936,1004,25432699,0.96
4937,1130,16956288,0.993
4938,1191,19618479,0.99
4939,2054,32639871,0.998
4940,2098,51570217,0.972
4941,1145,26289862,0.968
4942,4402,96722276,0.997
4943,1045,20369067,0.999
4944,1166,20420594,0.999
4945,1001,10657345,0.999
4946,1739,26416962,0.996
4947,1393,31356228,0.99
4948,1886,37246503,0.965
4949,1002,16132520,0.994
4950,1993,42989279,0.997
4951,1512,36961464,0.982
4952,2745,76720961,0.97
4953,1200,29445244,0.888
4954,1058,24224131,0.981
4955,1079,28594667,0.942
4956,2730,77368706,0.951
4957,1921,37820846,0.991
4958,1666,33400357,0.997
4959,1515,24483253,1
4960,2993,68038996,0.938
4961,1370,23309992,0.999
4962,2645,33961451,0.989
4963,1439,32086003,0.99
4964,1869,45885681,0.982
4965,1000,14232375,0.998
4966,1001,15594335,0.996
4967,1636,43621384,0.931
4968,2529,68790869,0.847
4969,2230,35094215,0.995
4970,1329,23653926,0.979
4971,1017,21183712,0.979
4972,1091,18224843,1
4973,2165,51313808,0.982
4974,1096,19079789,0.999
4975,1348,22718767,0.996
4976,1461,27983969,1
4977,3669,99601194,0.9
4978,1500,24818569,0.979
4979,1682,39656469,0.982
4980,1677,25033256,0.975
4981,1969,47728098,0.97
4982,1635,28267477,0.997
4983,1661,31655993,1
4984,1696,30805803,0.973
4985,2379,44209190,0.998
4986,4110,103298636,0.995
4987,2954,68696147,0.991
4988,1511,27722229,0.983
4989,1173,20894917,0.988
4990,1142,27914290,0.98
4991,1834,31841348,0.996
4992,2289,37008621,0.998
4993,2976,50879130,0.996
4994,1851,24643952,0.998
4995,1063,19095382,0.992
4996,1042,23661776,0.966
4997,2087,27983104,0.984
4998,1350,35075347,0.972
4999,1892,38041909,0.999
5000,1520,32753245,0.987
5001,1002,15439857,0.985
5002,1051,22817775,0.971
5003,4076,92161962,0.97
5004,1383,32517069,0.951
5005,2562,23771366,0.999
5006,1768,45016455,0.996
5007,1323,25389490,0.996
5008,1180,27499003,0.963
5009,2606,46383834,0.999
5010,2840,77207027,0.964
5011,3076,44891867,0.997
5012,1303,24208330,0.976
5013,1122,28607618,0.936
5014,1015,24090472,0.955
5015,1027,20466734,0.985
5016,1956,41220508,0.987
5017,2423,56966134,0.993
5018,5000,128627377,0.971
5019,1352,36195269,0.959
5020,1500,32909348,0.976
5021,1782,33731892,1
5022,1158,12981988,0.999
5023,1151,17819791,0.99
5024,1509,21959134,1
5025,2117,61350307,0.962
5026,1997,24906382,0.987
5027,1235,23949114,0.993
5028,2698,65372182,0.99
5029,2836,48875993,0.998
5030,1821,42192483,0.969
5031,2484,36602854,1
5032,1699,46285571,0.941
5033,4954,144199382,0.899
5034,5000,87831209,0.993
5035,1449,25755151,0.998
5036,1508,18740208,0.998
5037,1576,17408084,1
5038,1001,17244431,0.968
5039,1166,19459160,0.983
5040,2184,49269633,0.992
5041,1436,28982476,0.988
5042,3378,71207300,0.958
5043,1001,20672713,0.938
5044,1103,19718245,0.979
5045,1166,27845795,0.92
5046,1426,24413380,0.997
5047,1686,38458232,0.965
5048,4150,111174945,0.952
5049,1136,19026484,0.979
5050,2575,60983259,0.975
5051,1394,30488497,0.97
5052,1813,27764062,0.999
5053,1001,9064692,0.999
5054,1004,17294560,0.999
5055,1247,25881570,0.998
5056,1015,16130941,0.982
5057,1941,32032615,1
5058,1028,23614477,0.927
5059,1004,17484957,0.987
5060,3735,83608156,0.988
5061,1439,26564714,0.931
5062,2980,65676652,0.968
5063,1000,11165662,0.999
5064,1143,24221705,0.972
5065,2033,41729015,0.973
5066,2072,26023416,1
5067,1000,14648925,0.993
5068,3120,74123045,0.97
5069,5000,136038898,0.871
5070,1253,32688158,0.909
5071,1078,18472407,0.996
5072,2839,52805885,0.996
5073,1293,31853278,0.947
5074,1054,26697212,0.925
5075,1120,20699168,0.995
5076,1264,28420572,0.946
5077,1709,29110754,0.992
5078,1096,25015572,0.989
5079,1266,21853971,0.98
5080,2841,70926325,0.99
5081,1374,30621250,0.958
5082,1052,16826656,0.983
5083,2415,57786800,0.976
5084,1000,9868892,0.999
5085,1000,14675631,0.994
5086,1253,22915961,0.927
5087,1466,26351235,0.967
5088,1141,26487657,0.967
5089,1101,21616552,0.963
5090,1666,29709722,0.994
5091,1949,38105905,0.976
5092,1716,33186134,0.985
5093,1420,26815608,0.978
5094,1315,22495897,0.973
5095,2961,43274631,0.997
5096,1129,27479191,0.951
5097,1040,17345998,0.997
5098,1000,22688244,0.992
5099,2579,51941314,0.986
5100,1197,16320510,1
5101,1044,20195592,0.917
5102,2677,55154617,0.983
5103,1231,15371819,0.999
5104,2555,52624141,0.949
5105,1166,12243288,0.998
5106,1003,11385399,0.998
5107,1325,24072254,0.975
5108,1708,43075312,0.961
5109,1504,23149487,0.982
5110,1538,23834536,0.999
5111,2861,53624514,0.999
5112,1008,11537256,0.994
5113,2467,52128281,0.986
5114,1322,16736964,0.999
5115,1882,37895009,0.905
5116,2536,44468225,0.995
5117,1972,46642551,0.922
5118,1522,29762388,0.989
5119,1050,22408937,0.942
5120,2166,45691057,0.918
5121,2623,45156224,0.988
5122,1384,22625974,0.977
5123,1000,16368547,0.975
5124,1166,26242484,0.958
5125,1206,21398181,0.98
5126,1049,16109860,0.99
5127,2519,51143180,0.967
5128,2039,41053817,0.985
5129,3484,53148016,1
5130,2433,54250799,0.99
5131,1087,10367764,0.996
5132,1511,34592182,0.99
5133,1939,22993516,0.999
5134,5000,78618705,0.995
5135,1875,24495965,0.999
5136,2600,58327473,0.974
5137,1333,22305699,0.999
5138,1047,23021630,0.943
5139,1794,33965883,0.999
5140,1867,42161251,0.975
5141,2428,52954725,0.873
5142,1676,33829749,0.952
5143,1370,36263915,0.907
5144,1410,18780140,0.987
5145,2751,54812936,0.967
5146,1051,20428279,0.958
5147,2702,39203413,0.996
5148,1001,15723910,0.977
5149,3846,71681064,0.986
5150,1305,21717318,0.985
5151,1198,23808712,0.975
5152,2158,49932572,0.922
5153,1254,26233937,0.95
5154,1347,20829521,0.998
5155,1895,42197848,0.981
5156,1513,28338086,0.994
5157,2530,42436110,0.992
5158,1669,27256716,0.997
5159,1170,14681785,0.998
5160,2997,71547321,0.926
5161,1118,20288497,0.971
5162,1316,15191645,1
5163,1333,22125650,0.972
5164,1496,24532268,0.998
5165,2411,56156971,0.882
5166,1384,19134838,1
5167,1497,26855386,0.97
5168,2540,51945122,0.985
5169,1403,28200250,0.992
5170,2633,64885423,0.974
5171,3182,70806901,0.896
5172,1681,36200891,0.982
5173,2239,56454092,0.969
5174,2568,66449553,0.914
5175,2427,36341086,0.998
5176,2568,30059422,0.996
5177,1000,22150461,0.956
5178,2055,47007293,0.976
5179,2038,40118719,0.992
5180,2041,34729705,0.997
5181,1734,31996609,0.996
5182,1019,13918888,0.999
5183,1006,20765311,0.983
5184,1064,16974778,0.995
5185,3662,92248051,0.898
5186,1070,20182502,0.99
5187,1355,26552090,0.985
5188,1004,21567929,0.988
5189,2950,65151033,0.99
5190,1816,33223353,0.999
5191,4268,92702599,0.979
5192,1814,40096676,0.964
5193,1351,18330361,0.995
5194,3113,74049077,0.965
5195,1000,17660720,0.983
5196,2561,51408586,0.995
5197,2400,31966543,0.996
5198,2488,46613400,0.998
5199,1505,37030946,0.956
5200,1173,22855894,0.982
5201,1795,37925845,0.98
5202,2427,29638631,0.991
5203,1022,23579445,0.966
5204,1010,23806141,0.98
5205,1491,32505978,0.998
5206,1172,20454899,0.999
5207,1727,26721896,0.989
5208,1000,14445446,0.994
5209,1175,27674388,0.974
5210,1017,20349606,0.961
5211,1333,21951807,0.979
5212,1000,15569516,0.988
5213,1138,11621766,0.997
5214,1208,15942155,0.995
5215,1785,29728501,0.998
5216,1002,8408685,1
5217,1832,46672264,0.87
5218,1001,10548300,0.999
5219,2555,57842503,0.987
5220,1996,29199777,1
5221,1030,11650498,1
5222,2984,61341044,0.994
5223,1970,24608651,0.999
5224,1935,51177232,0.97
5225,2911,68407635,0.972
5226,1363,19168237,0.998
5227,1113,21889506,0.965
5228,2014,33544435,0.998
5229,1001,11643989,0.981
5230,1263,21977965,0.997
5231,1028,25170981,0.948
5232,3042,58971797,0.982
5233,2581,18432079,1
5234,2564,52631367,0.978
5235,1064,17911511,0.962
5236,3029,72155641,0.959
5237,1029,21241689,0.967
5238,3210,47424953,1
5239,1000,17741324,0.948
5240,2509,61357772,0.965
5241,1338,28473594,0.958
5242,1055,16325155,1
5243,1039,20828983,0.997
5244,1756,31836381,0.983
5245,4271,95005839,0.913
5246,1819,44615106,0.984
5247,2984,79324619,0.907
5248,4267,109895498,0.98
5249,2077,42558451,0.994
5250,1000,13100982,0.995
5251,1170,25576491,0.974
5252,1236,22612191,0.998
5253,1372,24646412,0.956
5254,2083,23888107,0.996
5255,1363,23526758,0.988
5256,2635,76698265,0.92
5257,1050,21294973,0.985
5258,1564,40594326,0.952
5259,2566,33492904,0.997
5260,1340,16912347,1
5261,2799,80939953,0.923
5262,1000,15860523,0.997
5263,1281,18092257,0.999
5264,2966,76572958,0.957
5265,2537,51151080,0.998
5266,1084,25555209,0.987
5267,1000,20941129,0.902
5268,1465,34284755,0.989
5269,1254,24183030,0.995
5270,1512,30576607,0.965
5271,1166,24474559,0.969
5272,1388,26324241,0.995
5273,1095,20957979,0.987
5274,1286,31772951,0.966
5275,1957,24737504,0.998
5276,1000,14316421,0.998
5277,1277,29035855,0.988
5278,2586,61182525,0.946
5279,1376,17688692,0.993
5280,1513,27941464,0.986
5281,1666,38949125,0.958
5282,2058,52374118,0.981
5283,2553,42156924,0.995
5284,1058,18743869,0.997
5285,1040,15947488,0.986
5286,1500,32464484,0.91
5287,1500,26301611,0.998
5288,1501,19084687,1
5289,1451,45322654,0.918
5290,1001,15295728,0.998
5291,1388,23864711,0.996
5292,1000,9479024,0.998
5293,1054,23210879,0.984
5294,1511,36705463,0.986
5295,1315,25236422,0.995
5296,1546,32851929,0.935
5297,1000,19890537,0.983
5298,2715,53954759,0.922
5299,1072,16662576,0.992
5300,1000,20478655,0.974
5301,1449,30073933,0.998
5302,1452,27009122,0.99
5303,1719,36837893,0.962
5304,1021,9359837,0.998
5305,5000,103927903,0.981
5306,1025,28003453,0.943
5307,1831,31340958,0.995
5308,2011,55861687,0.948
5309,1681,35414762,0.992
5310,1737,42792789,0.954
5311,1002,13820581,0.997
5312,1512,28723243,0.995
5313,4549,125416718,0.954
5314,2209,59018521,0.928
5315,5000,114292750,0.973
5316,2411,51743526,0.984
5317,1485,22180612,0.99
5318,1000,14135809,0.998
5319,1675,36336443,0.988
5320,2005,32907404,1
5321,1812,33477297,0.976
5322,2001,56511921,0.958
5323,3313,93108437,0.958
5324,1520,21110015,0.991
5325,1131,32651774,0.841
5326,1000,21155919,0.934
5327,2425,73137788,0.928
5328,3011,73271692,0.941
5329,1666,43435491,0.961
5330,1040,22927080,0.983
5331,4950,119475813,0.991
5332,1001,24134300,0.883
5333,1053,27151891,0.976
5334,1666,29189246,0.994
5335,1588,35146681,0.951
5336,2027,39057443,0.999
5337,1035,25298842,0.923
5338,2040,37192260,0.999
5339,1450,21409380,1
5340,2537,51757996,0.978
5341,1000,15920447,0.998
5342,1999,35446380,0.988
5343,3211,87206047,0.913
5344,1468,32594654,0.983
5345,1002,20781732,0.989
5346,3036,69881371,0.986
5347,1267,24590653,0.999
5348,1047,25906214,0.971
5349,3402,65758408,0.999
5350,1395,41548164,0.832
5351,1000,15573882,0.993
5352,2267,48519454,0.997
5353,1063,22340281,0.938
5354,2951,62639945,0.997
5355,5000,139963186,0.906
5356,2219,49359018,0.996
5357,1724,47405879,0.937
5358,2966,63628145,0.992
5359,1074,18901688,0.985
5360,2458,49504755,0.984
5361,1166,11494317,0.997
5362,2723,62066956,0.989
5363,1801,43585402,0.952
5364,1172,21700983,1
5365,1001,13841339,0.996
5366,1038,26154564,0.867
5367,1000,16104623,0.999
5368,4865,74715381,0.999
5369,1380,26417223,0.998
5370,1088,15037233,0.997
5371,1539,37389919,0.94
5372,1031,23389663,0.985
5373,1000,18700606,0.957
5374,4594,80710689,0.999
5375,1411,30882288,0.964
5376,4110,128499118,0.822
5377,1166,26355990,0.984
5378,1000,14906524,0.997
5379,2507,57843402,0.97
5380,2803,64972508,0.957
5381,1121,15778106,0.999
5382,1969,41189369,0.974
5383,1853,54486079,0.887
5384,1068,20553820,0.985
5385,2600,65575879,0.974
5386,1512,33728916,0.933
5387,1012,12408216,0.996
5388,1161,19992575,1
5389,2882,50071463,0.992
5390,1254,22745734,0.995
5391,1161,23249969,0.998
5392,4391,109722548,0.965
5393,1512,30837779,0.997
5394,1790,43260277,0.99
5395,3147,67996957,0.99
5396,2718,51799726,0.993
5397,3128,88100524,0.969
5398,1981,30213552,0.997
5399,2099,40748931,0.999
5400,1580,32582369,0.991
5401,1704,38042040,0.996
5402,1000,19435494,0.982
5403,1159,15490300,1
5404,1817,37448403,0.99
5405,1360,35198391,0.993
5406,2719,63484649,0.97
5407,1118,12504679,0.999
5408,3779,82043302,0.996
5409,2521,47015982,0.997
5410,2063,58639473,0.875
5411,1054,24655547,0.987
5412,1326,33722659,0.963
5413,1304,32500901,0.964
5414,1492,19066844,1
5415,1427,29387075,0.987
5416,1500,14264510,0.998
5417,1001,17409356,0.995
5418,2607,72683349,0.972
5419,2906,65278788,0.965
5420,3177,81506427,0.979
5421,1063,19372825,0.982
5422,4110,106746964,0.914
5423,1169,19624392,0.99
5424,1281,26789556,0.992
5425,1512,29745028,0.986
5426,1503,34246786,0.985
5427,1699,21079559,1
5428,1463,26966793,0.997
5429,1198,18314820,0.999
5430,1004,16143311,0.993
5431,3317,79171988,0.988
5432,4962,69715796,1
5433,1020,19850562,0.989
5434,4112,61277430,0.998
5435,1416,30100255,0.971
5436,3020,39505810,1
5437,1670,47468964,0.932
5438,1394,36857059,0.953
5439,1146,25950782,0.925
5440,2071,19832629,1
5441,1000,18712859,0.992
5442,1930,47791466,0.968
5443,1014,21726635,0.989
5444,1241,34222569,0.936
5445,1013,12815845,0.999
5446,1021,20539241,0.988
5447,1137,30239675,0.972
5448,2001,51049440,0.981
5449,1515,26951985,0.997
5450,1006,26042899,0.926
5451,1043,17596893,0.997
5452,1430,33918194,0.964
5453,2706,63898959,0.974
5454,1307,24568340,0.99
5455,4870,130861962,0.95
5456,2884,57571293,0.992
5457,1000,17076431,0.996
5458,1598,26644572,0.998
5459,2195,62921360,0.893
5460,2568,51962247,0.998
5461,2857,77474452,0.952
5462,2847,72988535,0.931
5463,2880,48130988,1
5464,1500,27574273,0.996
5465,1897,53422276,0.909
5466,1510,14604385,1
5467,1517,26284404,0.997
5468,1420,20747486,0.995
5469,1455,31506107,0.996
5470,1000,15508987,0.994
5471,1653,41169887,0.978
5472,1069,24776196,0.981
5473,1873,33361425,0.997
5474,3409,99700793,0.949
5475,2510,63276650,0.97
5476,1025,26154766,0.991
5477,2653,48948924,0.97
5478,1758,29650929,1
5479,1000,9761122,0.999
5480,2178,48191880,0.999
5481,1929,50481907,0.932
5482,1362,25609710,0.987
5483,1045,22246748,0.986
5484,2542,68663937,0.942
5485,1634,17907005,1
5486,1215,29651003,0.959
5487,2516,52922243,0.993
5488,2808,64832609,0.987
5489,3403,81985932,0.942
5490,1239,31890069,0.936
5491,1457,38044466,0.971
5492,1605,38668148,0.989
5493,1004,9296983,0.998
5494,2736,49228176,0.998
5495,4171,106177731,0.971
5496,1868,50437332,0.911
5497,1483,28417064,1
5498,2179,47969793,0.991
5499,4216,117680000,0.912
5500,1666,35088671,0.994
5501,1000,10733034,0.995
5502,1656,39586559,0.989
5503,1274,30565407,0.986
5504,4599,132975879,0.843
5505,1110,30782624,0.953
5506,2779,78055207,0.935
5507,1437,26201616,1
5508,2452,45489340,0.992
5509,1666,34635023,0.992
5510,1155,26738533,0.987
5511,1387,25230588,0.992
5512,1446,29564145,0.99
5513,1064,26784677,0.992
5514,1000,16093291,0.997
5515,1394,25265748,0.994
5516,1121,20407964,0.997
5517,1516,32511273,0.995
5518,1176,22584815,0.945
5519,2427,64530428,0.935
5520,1002,19193037,0.995
5521,1159,29265852,0.966
5522,1209,19602654,0.992
5523,1666,44473925,0.963
5524,1166,32381723,0.969
5525,1973,37773033,1
5526,1530,38832211,0.991
5527,2869,85001500,0.881
5528,1760,41552618,0.956
5529,1249,27920271,0.991
5530,2031,54157042,0.965
5531,1001,22586856,0.997
5532,1110,22687898,0.993
5533,2519,47984389,0.993
5534,1668,34310929,1
5535,1166,18475974,0.999
5536,1235,14512021,0.996
5537,1209,24618977,0.99
5538,3020,74502742,0.978
5539,2838,46249395,0.998
5540,1250,21699446,0.994
5541,4863,105158862,0.993
5542,2873,76555010,0.954
5543,4848,114831241,0.986
5544,1005,18107523,0.987
5545,1001,17824424,0.976
5546,1251,12885123,0.998
5547,1694,33447110,0.987
5548,3047,90861557,0.897
5549,1272,27838472,0.956
5550,1481,35763958,0.984
5551,1683,38517558,0.956
5552,4110,121775898,0.906
5553,1510,32975277,0.974
5554,1256,31987113,0.929
5555,1063,11653440,0.993
5556,1272,26032956,0.996
5557,1041,24234814,0.985
5558,4383,91722283,0.986
5559,1666,38478028,0.996
5560,1007,16647916,0.995
5561,4934,110379996,0.993
5562,1681,31338648,0.992
5563,1532,31670545,0.977
5564,1822,32250623,0.996
5565,1138,33139583,0.919
5566,1261,22153218,0.991
5567,1296,19392212,0.999
5568,2614,49871937,0.982
5569,4187,75249835,0.997
5570,1508,25413301,0.985
5571,2075,31610064,0.999
5572,3663,101703241,0.879
5573,1669,42526190,0.962
5574,4114,88896016,0.967
5575,2752,66101503,0.959
5576,1596,29468717,0.996
5577,1006,15236809,0.996
5578,1000,21948251,0.989
5579,2000,53504160,0.993
5580,1478,27403098,0.992
5581,1406,24176451,0.997
5582,1657,31332357,0.982
5583,1922,31136228,0.978
5584,1382,31254940,0.999
5585,1184,13283785,0.996
5586,4059,77262408,0.993
5587,2091,31624481,0.98
5588,1301,29594929,0.994
5589,1550,38300876,0.966
5590,2837,76075031,0.893
5591,1723,47675164,0.884
5592,4132,98572303,0.996
5593,1037,20617982,0.896
5594,1512,28425164,1
5595,1411,13915716,1
5596,2298,64944920,0.848
5597,1496,35100180,0.98
5598,1316,10457442,1
5599,1030,16466573,0.998
5600,1038,15711025,0.974
5601,1293,35771071,0.898
5602,1166,15518142,1
5603,2728,26242668,1
5604,2890,76014663,0.947
5605,2565,62516827,0.973
5606,1911,29581490,1
5607,1003,15850912,0.998
5608,1507,30954115,0.962
5609,1021,20905847,0.974
5610,2221,58180526,0.969
5611,1668,35633601,0.996
5612,2812,71170906,0.982
5613,1014,11862859,1
5614,1278,16787271,0.996
5615,3301,72966589,0.955
5616,2486,63695795,0.951
5617,1166,29043638,0.953
5618,1063,23138018,0.959
5619,1890,52522242,0.964
5620,2685,55816358,0.993
5621,2882,63061055,0.983
5622,1447,41077283,0.933
5623,2146,47300858,0.998
5624,1166,14590508,0.999
5625,1009,18774642,0.994
5626,3234,68950113,0.971
5627,1496,25012731,0.999
5628,1681,24708619,1
5629,2838,66571635,0.996
5630,1830,31707550,0.997
5631,2888,72079736,0.962
5632,1000,16961558,0.999
5633,1488,35564617,0.934
5634,2843,61416310,0.97
5635,1641,36587762,0.974
5636,1839,45871935,0.956
5637,1838,34397743,0.997
5638,2000,41905412,0.974
5639,5000,93298837,0.99
5640,1170,29393335,0.865
5641,1221,21948851,0.995
5642,3450,91645232,0.926
5643,2824,60093007,0.97
5644,1458,33858695,0.942
5645,1892,47300482,0.824
5646,1244,16782997,0.998
5647,1989,33344438,0.985
5648,1736,39147178,0.973
5649,3096,58787301,0.994
5650,1666,38275698,0.986
5651,1908,25602216,0.975
5652,1128,20660294,0.996
5653,1000,19237191,0.984
5654,3057,56519199,0.989
5655,2636,48061190,0.991
5656,3405,65259349,0.999
5657,2975,66094005,0.988
5658,1749,33526300,0.972
5659,4110,112324770,0.923
5660,2526,40163631,0.998
5661,1005,20805122,0.963
5662,1671,35055855,0.974
5663,2032,35736452,0.985
5664,2949,47913189,1
5665,1024,22637179,0.992
5666,1198,17139702,0.991
5667,1284,20051301,0.998
5668,1054,20471724,0.982
5669,3029,58086274,0.992
5670,1208,24214674,0.996
5671,1502,18675636,0.996
5672,2076,30144444,0.997
5673,1388,26126533,0.988
5674,1000,14292879,0.996
5675,1360,25861730,0.987
5676,2813,58966081,0.982
5677,3779,98283155,0.883
5678,1351,26109339,1
5679,2165,59940818,0.879
5680,1744,35761172,0.999
5681,1303,24732404,0.994
5682,1000,13693291,0.998
5683,1696,34764892,0.994
5684,2431,28349763,0.999
5685,1722,23766105,0.998
5686,1586,21396527,0.991
5687,1846,30669832,1
5688,1031,19786957,0.957
5689,2902,70054335,0.968
5690,1800,39182972,0.953
5691,1340,15185160,0.996
5692,2147,37157273,0.999
5693,2600,57075343,0.959
5694,1065,19554656,0.998
5695,1001,13326725,0.995
5696,1375,31544326,0.962
5697,1512,45087721,0.931
5698,1351,40446345,0.907
5699,4110,103634674,0.882
5700,1845,44264932,0.971
5701,1102,21252242,0.991
5702,1000,15376988,0.999
5703,1445,29075539,0.929
5704,1000,11489130,0.999
5705,2211,62904168,0.828
5706,2102,60053627,0.944
5707,2462,49770395,0.98
5708,2018,31382207,0.999
5709,1001,11312818,0.997
5710,1063,17520905,0.99
5711,1075,21950283,0.976
5712,1893,48687626,0.967
5713,1010,22590431,0.969
5714,1284,19274096,0.995
5715,1000,9147178,0.999
5716,1422,21166978,0.996
5717,1770,45121926,0.963
5718,2134,35956957,0.996
5719,1500,27920514,0.991
5720,1000,5722034,1
5721,1001,13515699,0.994
5722,1000,18510563,0.984
5723,1166,16978926,0.996
5724,2840,68829800,0.998
5725,1356,33670992,0.978
5726,2584,68930487,0.942
5727,1224,25968475,0.97
5728,4455,108349800,0.969
5729,1169,25681077,0.982
5730,3151,91614609,0.847
5731,1011,19675424,0.989
5732,1110,23813869,0.989
5733,1468,25694700,0.999
5734,1483,39122511,0.979
5735,1010,10325732,0.997
5736,1717,35074467,0.999
5737,1500,30287881,0.991
5738,1167,21047529,0.975
5739,2698,49597059,0.993
5740,1271,33232596,0.923
5741,3184,76287235,0.968
5742,1727,35402274,0.958
5743,1036,19428642,0.993
5744,1049,13994696,0.999
5745,2431,49870238,0.981
5746,1477,33333462,0.976
5747,1154,25996665,0.95
5748,1315,30661241,0.986
5749,1229,17359341,0.997
5750,1736,29919258,0.985
5751,1709,40392741,0.968
5752,1357,20929048,0.999
5753,4369,97363895,0.985
5754,3854,76223845,0.985
5755,1015,24597524,0.987
5756,1857,34710437,0.984
5757,4325,114728683,0.944
5758,2889,67578105,0.997
5759,1714,32996451,0.986
5760,1017,26934757,0.909
5761,2147,35761429,0.995
5762,1000,11389454,1
5763,1265,28710863,0.944
5764,1051,22283237,0.882
5765,1316,20794422,0.993
5766,1830,35949149,0.993
5767,1001,24912240,0.961
5768,1052,19405783,0.99
5769,1063,15289119,0.994
5770,1673,33062413,0.982
5771,1000,19503463,0.993
5772,2211,57465305,0.981
5773,1514,23625901,1
5774,1820,32338528,0.997
5775,2913,56050444,0.991
5776,1892,40275780,0.984
5777,2786,49899041,0.997
5778,1030,13337125,0.997
5779,1024,18190593,0.954
5780,1749,22420842,0.997
5781,2160,44031114,0.98
5782,1903,41907815,0.946
5783,1285,25812421,0.933
5784,1195,22179683,0.981
5785,1603,39997393,0.964
5786,1000,9733787,0.999
5787,1003,13237910,0.999
5788,1000,21373450,0.98
5789,1147,21722450,0.998
5790,2443,59775708,0.969
5791,1398,33437503,0.985
5792,1505,33868308,0.998
5793,1973,36792123,1
5794,1645,27732222,0.998
5795,1957,56153070,0.864
5796,2950,64114673,0.99
5797,1515,37185230,0.977
5798,2627,68142317,0.99
5799,1720,27705466,0.996
5800,1396,37448531,0.895
5801,2682,53361132,0.998
5802,1999,54877641,0.912
5803,2651,60620120,0.958
5804,2278,52971180,0.96
5805,2291,41929428,0.994
5806,1063,16108056,0.997
5807,5000,65699054,0.992
5808,1004,14739816,0.992
5809,2885,42651678,1
5810,2978,53891355,0.988
5811,1432,33824218,0.985
5812,1889,52277155,0.941
5813,1695,27484522,0.997
5814,1379,18911486,0.994
5815,1111,16803120,0.996
5816,2502,69732796,0.945
5817,1258,23710339,1
5818,1001,16297965,0.991
5819,3943,72662858,0.993
5820,2710,40338695,0.999
5821,1608,34968205,0.969
5822,1997,43562312,0.964
5823,1334,25069863,1
5824,2879,63547892,0.948
5825,1000,24356673,0.749
5826,1903,38834945,0.999
5827,2855,83120392,0.768
5828,2426,35153508,1
5829,1003,13249898,0.997
5830,1166,22587838,0.997
5831,1950,54534167,0.799
5832,5000,115410334,0.899
5833,2511,44024842,0.999
5834,1001,23368449,0.982
5835,1032,15660472,0.997
5836,2110,44119743,0.945
5837,1109,25483598,0.942
5838,3257,88004547,0.989
5839,1029,12768647,0.999
5840,2578,73599206,0.86
5841,3265,94796000,0.854
5842,1382,31147122,0.976
5843,1030,23219034,0.991
5844,2430,49473600,0.992
5845,1973,35195602,0.976
5846,2416,63449540,0.971
5847,1058,14430276,0.999
5848,1500,35900189,0.975
5849,1156,26540321,0.983
5850,1000,16928442,0.999
5851,1425,23924101,0.996
5852,1390,34399822,0.993
5853,2359,52033041,0.998
5854,1104,14850440,0.998
5855,2238,48441855,0.994
5856,1175,28869643,0.912
5857,2637,62155327,0.977
5858,1111,19573427,0.997
5859,2723,65465479,0.984
5860,1323,20471981,0.997
5861,1013,17068604,0.992
5862,1166,25260162,0.991
5863,1071,18426529,0.986
5864,1500,26300624,0.992
5865,1005,6964212,1
5866,1947,48737324,0.991
5867,1150,21308423,0.972
5868,1166,17982561,0.994
5869,1014,8893985,0.999
5870,1098,17644999,0.994
5871,2698,60851109,0.988
5872,1005,28337408,0.976
5873,3321,82386891,0.963
5874,1708,34541951,0.987
5875,1150,23605266,0.984
5876,1925,48609468,0.977
5877,1022,9530965,0.997
5878,1595,20490444,0.998
5879,3476,52051696,0.993
5880,1969,53881270,0.982
5881,1187,27042082,0.947
5882,2169,40714017,0.999
5883,1423,25629064,0.986
5884,4188,63603677,1
5885,1682,45715214,0.964
5886,1000,21358097,0.971
5887,4713,96672114,0.987
5888,1666,21024471,0.995
5889,2680,66967361,0.901
5890,2890,75517033,0.971
5891,1063,20640630,0.95
5892,1224,22188957,0.999
5893,3237,76117255,0.982
5894,1739,42720481,0.911
5895,1724,32498525,0.995
5896,1475,32436206,0.989
5897,2550,53139492,0.981
5898,1020,15448981,0.998
5899,2556,74159019,0.95
5900,2485,41049177,0.998
5901,1914,35466375,1
5902,2427,45083573,0.995
5903,1584,19727082,0.995
5904,1867,34006632,0.999
5905,1791,35323920,0.999
5906,1829,44283627,0.957
5907,1344,25918823,0.993
5908,2573,48511237,0.98
5909,1025,17810621,0.977
5910,3151,67591293,0.981
5911,1024,21045880,0.98
5912,2538,77096474,0.951
5913,1386,26746238,0.993
5914,1138,20825337,0.989
5915,1025,25021832,0.993
5916,1500,20485476,0.999
5917,1362,26982830,0.937
5918,2460,39508545,1
5919,1054,19402569,0.991
5920,1000,17300721,0.996
5921,2444,51783979,0.998
5922,1185,25382426,0.975
5923,1330,27389409,0.957
5924,4305,113976856,0.975
5925,1000,14667744,1
5926,1472,38385028,0.917
5927,2023,37191238,0.995
5928,1996,28009101,1
5929,2698,54826233,0.991
5930,2832,53494865,0.992
5931,1312,29446792,0.988
5932,1513,32024497,0.987
5933,1848,49833796,0.958
5934,1001,13898132,1
5935,2990,55686544,0.998
5936,1039,24393137,0.985
5937,1025,16534274,0.998
5938,1296,24727837,0.99
5939,2056,63154161,0.983
5940,1407,25038936,1
5941,2555,49730542,0.994
5942,2250,48905637,0.978
5943,1092,29351383,0.973
5944,1069,17726807,0.995
5945,1235,28881460,1
5946,1670,34810218,0.992
5947,1003,14618075,0.995
5948,1452,28386485,0.995
5949,1010,16717103,0.989
5950,1907,37751001,0.997
5951,1230,21684667,0.999
5952,1050,13888336,0.999
5953,2876,72878546,0.973
5954,1099,13399755,0.998
5955,2826,82364892,0.891
5956,1176,16811178,0.997
5957,3137,86075984,0.904
5958,2157,54332224,0.905
5959,2036,57656887,0.972
5960,1453,32188561,0.999
5961,1711,36491820,0.995
5962,1439,31868928,0.99
5963,1416,29963122,0.993
5964,2423,70613677,0.917
5965,1500,32965050,0.972
5966,1014,21122507,0.959
5967,1286,23242734,0.973
5968,1531,29820429,0.992
5969,1343,41001173,0.908
5970,2460,70228959,0.93
5971,1000,18381060,0.997
5972,2413,50835368,0.988
5973,1254,17222656,0.994
5974,3302,90289086,0.868
5975,1809,52012144,0.96
5976,1857,29504200,0.997
5977,2500,59107637,0.961
5978,1718,34083045,0.992
5979,1038,22140859,0.944
5980,1512,23520076,0.996
5981,1668,33335302,0.945
5982,1121,10779993,1
5983,3123,55566460,0.999
5984,1166,24559467,0.983
5985,1004,21701255,0.96
5986,1055,22603322,0.989
5987,1159,19673559,0.998
5988,2475,51256972,0.985
5989,1416,15679012,0.999
5990,1183,17140831,0.993
5991,1760,46165559,0.856
5992,2835,43529187,0.999
5993,2595,68753305,0.903
5994,3029,49189063,1
5995,2002,54014331,0.927
5996,5000,101320193,0.995
5997,2618,66881977,0.961
5998,1085,19143624,0.998
5999,2616,55209506,0.996
6000,1841,26755907,1
6001,1264,27839521,0.958
6002,1666,27965011,0.979
6003,1603,25272332,0.997
6004,1666,38458192,0.973
6005,1555,31907528,0.828
6006,1341,19058411,0.997
6007,1007,14465433,0.983
6008,1042,19247618,0.998
6009,1851,43281218,0.989
6010,1692,38489910,0.976
6011,1189,22936011,0.996
6012,1394,28007053,0.975
6013,1235,20638442,0.992
6014,4801,63058868,1
6015,1634,50946738,0.887
6016,1737,31329550,0.996
6017,3228,78520748,0.917
6018,1682,40449967,0.965
6019,2738,71229614,0.929
6020,1689,45443810,0.947
6021,1310,28607010,0.986
6022,1421,32481454,0.986
6023,2693,43777341,0.998
6024,1696,19084143,0.998
6025,1006,18192150,0.981
6026,1003,18235889,0.996
6027,5000,94856930,0.991
6028,1003,16199129,1
6029,4110,94975374,0.975
6030,1286,21035080,0.998
6031,1101,25080835,0.97
6032,1629,18352466,0.995
6033,1023,20996257,0.976
6034,1023,16330828,0.987
6035,2401,45705534,0.956
6036,2365,43775623,0.994
6037,1820,41232493,0.987
6038,1796,43208439,0.937
6039,2998,61285266,0.998
6040,1003,14605187,0.993
6041,1227,26240127,0.96
6042,1006,19282186,0.992
6043,1396,27538084,0.989
6044,1831,24214763,0.999
6045,1782,41857478,0.903
6046,2534,57207891,0.901
6047,1608,16905004,0.999
6048,1037,17961986,0.994
6049,1000,12078013,0.982
6050,1134,23158447,0.991
6051,2531,49057238,0.981
6052,3741,67204621,0.992
6053,1208,11129040,0.999
6054,1000,19686435,0.994
6055,2504,50509241,0.963
6056,1043,17926456,0.995
6057,1755,41542341,0.877
6058,1211,23994699,0.969
6059,1021,21158679,0.986
6060,1051,23972264,0.994
6061,1000,11723581,0.987
6062,1002,19919263,0.946
6063,1793,34676744,0.994
6064,1045,17201805,0.994
6065,1060,18195108,0.987
6066,1412,28104073,0.999
6067,1869,38844333,0.957
6068,2082,37221444,0.996
6069,1031,19031291,0.989
6070,1001,16530465,0.999
6071,1333,23768192,0.974
6072,2371,44567597,1
6073,1301,24307268,0.991
6074,1349,27072468,0.987
6075,1006,19116731,0.946
6076,1666,39831958,0.992
6077,1656,26721739,0.999
6078,2107,35759814,1
6079,1281,23460779,0.984
6080,1549,29336454,0.99
6081,1388,23590047,0.993
6082,2212,48080598,0.992
6083,2625,61420136,0.951
6084,1666,21412145,0.999
6085,2939,37352918,0.995
6086,1154,22079094,0.95
6087,1002,11443351,1
6088,1507,16746335,0.998
6089,1333,24782352,0.975
6090,1184,17157735,0.997
6091,1488,19881548,0.999
6092,1950,52054591,0.923
6093,4103,101658483,0.925
6094,1314,27417810,0.99
6095,1043,21926454,0.984
6096,1666,39249924,0.976
6097,1001,14218738,0.994
6098,1384,19044794,0.989
6099,2263,46636827,0.976
6100,5000,54797745,0.999
6101,2171,46080437,0.908
6102,2116,39799542,0.984
6103,1000,17343806,0.985
6104,1762,20906164,0.998
6105,1166,22877182,0.957
6106,1805,32416265,0.995
6107,1223,13449632,0.995
6108,1500,25590294,0.997
6109,1648,35064667,0.957
6110,1391,23806777,0.994
6111,2769,61673223,0.945
6112,1018,18843645,0.979
6113,1504,27179561,0.974
6114,1121,16513023,0.997
6115,1000,14289834,0.994
6116,1000,20160231,0.936
6117,2240,41829703,0.994
6118,2890,58355015,0.974
6119,1295,16273284,0.999
6120,1036,18332707,0.994
6121,1000,11968591,0.996
6122,1000,13894627,0.994
6123,1093,18435521,0.989
6124,2809,66875247,0.933
6125,1142,28386371,0.965
6126,2663,53317316,0.982
6127,1796,40118091,0.929
6128,1500,34642826,0.955
6129,1000,19406871,0.979
6130,2370,49095361,0.984
6131,1012,24927705,0.972
6132,1000,12963423,0.984
6133,1542,16110515,1
6134,4759,93107340,0.971
6135,1000,23190434,0.931
6136,1002,14037270,0.991
6137,2259,53311259,0.976
6138,3067,60519993,0.984
6139,1001,19161141,0.966
6140,1565,43342684,0.912
6141,2433,56841319,0.984
6142,1271,21903853,0.998
6143,1329,18060623,1
6144,1326,30380461,0.985
6145,2584,65875589,0.983
6146,1000,14565878,0.997
6147,2812,52976957,0.998
6148,1897,33747873,0.994
6149,1800,41286676,0.991
6150,1441,27456765,0.998
6151,2010,22658694,0.999
6152,2789,61450427,0.903
6153,1825,31643160,0.997
6154,3815,61892759,0.992
6155,2199,49353448,0.957
6156,1064,24868467,0.982
6157,4110,72503253,0.993
6158,1909,38988372,0.993
6159,3870,90037800,0.937
6160,1054,15862986,0.987
6161,1142,19266009,0.998
6162,1000,20524644,0.995
6163,1680,34195750,0.977
6164,1231,22197986,0.99
6165,1166,23856367,0.981
6166,1275,20370224,0.994
6167,1171,20185754,0.98
6168,1716,40383417,0.941
6169,2669,58186396,1
6170,1500,30648357,0.955
6171,1123,19049976,0.99
6172,2718,47534439,0.991
6173,1386,29924737,0.987
6174,1361,20733494,0.997
6175,4069,102502607,0.891
6176,1167,23859367,0.996
6177,1004,18837482,0.985
6178,1684,27617301,0.996
6179,2823,62139591,0.978
6180,1352,26698653,0.987
6181,2970,74649578,0.95
6182,1226,24805422,0.994
6183,1152,11651632,1
6184,1299,25541591,0.993
6185,4369,97420225,0.974
6186,3679,75249091,0.994
6187,1045,17613952,0.997
6188,1044,22320844,0.99
6189,1500,34046051,0.984
6190,2726,50300787,0.998
6191,1200,19082565,0.99
6192,1002,15468684,0.998
6193,3973,59949143,0.998
6194,1144,24961817,0.978
6195,1206,27884533,0.971
6196,1049,23697460,0.912
6197,2074,37694403,0.988
6198,1817,22657692,1
6199,1059,25631499,0.96
6200,1196,24420455,0.973
6201,1034,13453832,0.999
6202,1548,25772265,0.992
6203,1802,47249750,0.993
6204,1045,16869630,0.98
6205,1001,21600139,0.92
6206,2187,50801242,0.978
6207,1500,35134064,0.991
6208,1666,36451623,0.976
6209,1022,15597981,0.998
6210,4219,65986866,0.967
6211,2159,47031516,0.992
6212,3477,81979866,0.99
6213,1303,14742118,0.985
6214,1615,15220923,1
6215,1119,20068996,0.996
6216,1669,26081573,1
6217,1513,35767602,0.969
6218,1991,37365528,0.998
6219,1009,14471779,1
6220,1020,19835610,0.973
6221,1861,40787960,0.934
6222,1036,21271948,0.965
6223,1049,15853637,1
6224,1393,35463748,0.952
6225,1254,19547150,0.997
6226,1511,39058504,0.962
6227,1157,29139161,0.934
6228,1385,25998622,0.993
6229,2835,56241582,0.999
6230,1379,27076587,0.977
6231,2899,67520243,0.975
6232,2020,38904387,0.998
6233,1069,17209445,0.996
6234,1831,36565038,0.999
6235,1155,21477740,0.964
6236,1146,19989906,0.953
6237,1000,15873572,0.991
6238,1794,42094291,0.981
6239,1506,34745164,0.998
6240,1002,14795074,0.998
6241,1107,19656006,0.99
6242,1344,33943748,0.969
6243,1435,22933409,0.998
6244,1335,29111310,0.966
6245,1107,25280399,0.984
6246,1001,16771471,0.985
6247,4110,60730291,0.999
6248,2426,34843242,1
6249,1669,22493009,1
6250,2616,55403961,0.987
6251,1749,45041847,0.887
6252,1000,16396144,0.999
6253,1910,40048183,0.992
6254,1002,15583344,0.992
6255,2916,49930663,0.995
6256,2435,54973941,0.989
6257,1013,13138949,0.996
6258,1166,26278055,0.937
6259,2959,59056650,0.995
6260,1200,15333302,0.999
6261,1666,35583220,0.995
6262,1256,22285453,0.98
6263,2498,78868771,0.873
6264,3753,97340685,0.974
6265,1793,22387491,1
6266,1507,28450860,0.999
6267,2426,49270548,0.976
6268,1333,28059681,0.974
6269,3243,96780046,0.798
6270,1166,18387765,1
6271,1043,17225898,0.997
6272,2269,44726058,0.99
6273,4685,123355633,0.948
6274,1355,22657216,0.994
6275,1630,34444671,0.99
6276,2058,59588875,0.903
6277,1022,9628924,0.999
6278,3160,85363211,0.797
6279,2946,50353621,0.996
6280,1153,21136770,0.993
6281,1001,17680453,0.995
6282,2517,48616218,0.999
6283,3087,76472989,0.93
6284,1166,15844110,0.996
6285,1111,24710048,0.992
6286,2491,75629813,0.913
6287,1000,19930620,0.987
6288,1506,36005755,0.956
6289,1038,26111771,0.974
6290,2942,56728332,0.988
6291,2004,58621631,0.914
6292,1000,21163016,0.99
6293,2343,47794646,0.985
6294,1395,25078515,0.994
6295,1672,31335724,0.989
6296,1151,17398168,0.997
6297,1935,36408345,0.992
6298,1048,17646066,0.987
6299,1933,34009923,0.996
6300,1004,23037754,0.961
6301,1166,21759543,0.984
6302,1264,30374687,0.954
6303,1507,39530520,0.994
6304,1666,40207606,0.983
6305,1135,16314894,0.995
6306,1109,22909216,0.982
6307,1206,19073537,0.977
6308,1266,25500545,0.98
6309,1451,22111879,0.999
6310,1002,17751488,0.992
6311,1090,12015269,1
6312,3367,95385167,0.956
6313,1401,33058420,0.977
6314,5000,127370372,0.904
6315,1130,23689351,0.985
6316,1393,38149110,0.934
6317,1891,34633874,0.979
6318,1508,29369254,0.995
6319,2941,74634941,0.938
6320,1059,17041345,0.984
6321,2914,49382087,0.993
6322,2362,47631921,0.985
6323,2955,63655873,0.991
6324,1040,20034713,0.995
6325,2840,72291723,0.838
6326,5000,94766746,0.983
6327,1507,40263914,0.986
6328,2990,81176632,0.971
6329,1273,27585338,0.994
6330,1765,41387320,0.996
6331,2166,25199630,0.988
6332,1863,41263572,0.995
6333,1063,24241624,0.874
6334,1892,30992947,0.984
6335,2849,51075639,0.998
6336,1001,24692209,0.969
6337,1454,32493435,0.967
6338,2430,65270295,0.983
6339,2288,60660255,0.943
6340,1612,42238293,0.968
6341,1686,26244842,0.996
6342,1860,51453108,0.981
6343,2838,78170667,0.988
6344,2169,54934543,0.986
6345,2908,65339047,0.995
6346,1500,40071047,0.908
6347,1500,28432691,0.984
6348,1166,23861819,0.984
6349,1084,14616281,0.996
6350,1523,35136065,0.949
6351,1515,29986524,0.988
6352,2027,37042587,0.985
6353,1346,26038858,0.993
6354,1506,30064889,0.976
6355,1349,19274154,0.993
6356,2725,55272316,0.988
6357,1474,32784570,0.975
6358,1012,20337861,0.993
6359,1266,17299658,1
6360,2187,49281371,0.978
6361,1205,27659962,0.962
6362,1058,24341865,0.956
6363,2106,42258556,0.993
6364,1141,18438339,0.998
6365,1000,14653449,0.995
6366,4110,104985182,0.913
6367,1101,26229788,0.914
6368,1000,8770001,1
6369,2741,74389408,0.95
6370,2899,55138547,0.991
6371,1063,22352409,0.984
6372,1809,37557335,0.999
6373,1007,27404338,0.858
6374,1638,30602989,0.986
6375,1113,16879694,0.995
6376,2852,53852327,0.995
6377,1019,19512368,0.994
6378,1364,30049893,0.98
6379,4110,96020810,0.988
6380,2096,59260126,0.854
6381,1670,30337239,0.993
6382,1000,16379257,0.993
6383,2193,38152964,0.992
6384,1188,17132669,1
6385,2875,88056511,0.96
6386,1802,26561560,0.999
6387,1000,19801997,0.986
6388,1295,21891024,0.994
6389,1930,46467753,0.944
6390,1376,20175679,1
6391,4988,87634804,0.994
6392,1346,20447883,1
6393,1000,21302874,0.993
6394,1216,23594293,0.999
6395,3874,68293331,0.984
6396,1249,25432165,0.948
6397,1000,12300431,1
6398,1520,26127712,0.996
6399,2113,55917926,0.997
6400,2247,58128349,0.99
6401,1409,28538187,0.981
6402,1003,25269813,0.952
6403,2659,34572724,1
6404,1005,20541922,0.992
6405,1397,37404183,0.922
6406,2944,78840756,0.953
6407,1516,30268434,0.996
6408,3543,86704379,0.962
6409,1184,31523081,0.979
6410,1325,28061130,0.986
6411,1002,19381952,0.988
6412,1240,27177083,0.99
6413,2372,55719052,0.971
6414,3071,60113652,0.993
6415,1657,21425061,0.999
6416,1528,42216396,0.961
6417,4892,68765230,0.999
6418,2594,72759894,0.884
6419,1666,32576292,0.989
6420,1174,20893809,0.979
6421,1507,24389422,0.999
6422,1711,32126276,0.988
6423,2152,39627151,0.999
6424,1438,31046588,0.97
6425,1002,15241493,0.997
6426,1161,24340645,0.987
6427,2447,51482076,0.996
6428,1286,33177750,0.931
6429,3395,86154196,0.982
6430,1419,19175191,1
6431,1401,30375246,0.99
6432,1076,17640563,0.981
6433,1043,25112177,0.954
6434,2512,70938537,0.937
6435,1000,19496324,0.971
6436,1121,17957211,0.986
6437,1886,49887600,0.993
6438,1000,26151436,0.951
6439,2100,31854054,0.996
6440,1001,17181157,0.983
6441,2549,51771719,0.985
6442,1754,36649449,0.999
6443,1327,25517837,0.996
6444,2430,46351252,0.99
6445,1063,21004620,0.975
6446,1327,40729088,0.923
6447,1019,14941644,0.992
6448,1500,30699667,0.988
6449,1141,14443751,0.995
6450,1996,56908325,0.903
6451,4416,100196919,0.968
6452,1070,22197325,0.985
6453,2103,61586240,0.957
6454,1677,27805997,0.997
6455,2670,66883482,0.981
6456,2022,52119542,0.979
6457,1808,49757005,0.813
6458,1670,31754786,0.994
6459,1494,39774839,0.954
6460,2972,80441553,0.988
6461,1512,34507456,0.992
6462,1000,21106345,0.989
6463,1413,38684684,0.975
6464,2840,82765035,0.894
6465,1171,27098322,0.961
6466,1676,40770448,0.969
6467,1189,17219983,1
6468,1063,18784205,0.997
6469,2545,50361165,0.993
6470,1962,46166080,0.993
6471,1504,31364565,0.989
6472,1774,36238916,0.989
6473,1945,35110595,0.995
6474,2015,46319604,0.975
6475,2718,56242216,0.998
6476,1975,54362879,0.964
6477,1005,19009174,0.991
6478,1000,11850160,0.998
6479,1672,38451560,0.989
6480,3971,85566215,0.96
6481,1613,34418469,0.984
6482,1136,23088519,0.988
6483,1316,17863959,0.992
6484,1003,10212772,1
6485,1047,16232826,0.997
6486,1177,17945293,0.994
6487,1507,19563552,0.999
6488,1344,30445488,0.98
6489,1039,20672984,0.961
6490,1462,38600395,0.984
6491,1402,28757436,0.973
6492,1150,14721885,0.992
6493,1347,22475907,0.99
6494,1262,24734966,0.96
6495,1333,34128019,0.923
6496,1000,16586627,0.996
6497,1049,18199803,0.992
6498,1020,20378918,0.988
6499,1425,16316575,1
6500,2000,31539348,0.996
6501,4075,91638372,0.993
6502,1589,33958912,0.998
6503,3275,92512733,0.931
6504,1011,18125034,0.999
6505,1286,30616926,0.974
6506,2055,41809458,0.993
6507,1443,26938768,0.997
6508,3017,53126900,0.998
6509,1545,28336362,0.995
6510,1055,27418756,0.959
6511,1002,19818738,0.96
6512,2978,58625959,0.999
6513,1666,31920620,0.997
6514,2083,43056575,0.985
6515,2782,73297690,0.975
6516,3217,85816869,0.955
6517,1166,20212452,0.998
6518,2766,72068688,0.903
6519,1208,25978411,0.98
6520,1104,16843118,0.992
6521,1037,15618653,0.985
6522,1500,20935364,0.999
6523,1146,25652298,0.993
6524,1327,35015331,0.955
6525,1842,22426999,1
6526,1027,21864046,0.991
6527,5000,142440332,0.953
6528,2746,85479052,0.908
6529,1760,34432740,0.998
6530,3310,47924453,0.999
6531,1606,34050640,0.998
6532,1316,34208958,0.952
6533,1091,16919374,0.978
6534,1132,13282981,0.999
6535,1781,38592011,0.995
6536,1962,49543253,0.986
6537,1494,26611524,0.982
6538,2063,23872355,1
6539,2802,78522275,0.911
6540,1500,28235790,0.996
6541,1000,16510377,0.987
6542,1677,53580718,0.824
6543,1040,20026109,0.994
6544,1201,27934675,0.986
6545,1000,24911246,0.933
6546,1161,32022969,0.874
6547,2636,62032245,0.949
6548,1513,29050638,0.989
6549,1362,30834508,0.905
6550,1503,34877750,0.991
6551,1484,49886406,0.82
6552,1006,19971403,0.943
6553,1001,21174116,0.988
6554,1838,29361840,0.987
6555,1792,25109739,0.998
6556,1217,26649401,0.96
6557,1958,51542151,0.989
6558,1002,23511589,0.962
6559,1000,16866529,0.996
6560,2095,35082638,0.998
6561,2833,90634684,0.902
6562,2030,27189126,0.996
6563,2623,19879551,0.999
6564,1000,18160235,1
6565,1735,32474965,0.979
6566,1166,23221637,0.988
6567,1088,25666738,0.981
6568,4826,124543638,0.984
6569,1325,27468519,0.992
6570,2666,28302986,1
6571,1037,21196325,0.995
6572,2617,61734882,0.975
6573,2326,50059179,0.992
6574,1244,24328708,0.99
6575,1211,24069858,0.978
6576,1102,17975942,0.985
6577,1001,13307765,0.999
6578,1739,39483435,1
6579,1131,31889244,0.901
6580,2923,58208168,0.999
6581,1306,37335780,0.926
6582,1144,28436960,0.946
6583,1253,25351635,0.979
6584,2521,51377969,0.991
6585,1193,19360140,0.986
6586,1023,14338417,0.998
6587,2714,43753885,1
6588,1187,28891099,0.971
6589,3008,78354127,0.956
6590,1946,21068186,0.998
6591,2374,60681781,0.97
6592,1451,31896709,0.985
6593,2124,56658898,0.927
6594,2769,67359474,0.989
6595,1291,29391082,0.996
6596,1000,18687756,0.943
6597,1734,36773329,0.991
6598,1905,36330071,0.987
6599,1140,27668389,0.955
6600,2093,56476942,0.868
6601,1423,29922398,0.973
6602,1000,18579313,0.973
6603,1783,54240271,0.939
6604,2224,45132598,0.994
6605,1939,27082860,0.999
6606,1613,37504501,0.967
6607,1166,21181201,0.922
6608,1013,17557931,0.99
6609,2875,80476657,0.988
6610,1058,24790656,0.939
6611,1510,43629929,0.982
6612,2135,24957589,0.995
6613,1104,23652521,0.963
6614,1980,45931085,0.983
6615,1416,24186503,0.997
6616,1438,28131895,0.987
6617,1799,31568969,0.993
6618,2390,48465916,0.999
6619,1179,31597065,0.937
6620,1163,18774954,0.992
6621,2102,39078116,0.989
6622,2756,69292371,0.951
6623,2545,60063843,0.969
6624,2061,29826211,0.999
6625,1000,9269728,0.999
6626,1304,25925423,0.986
6627,1470,30450225,0.988
6628,2961,79130603,0.958
6629,1000,18384979,0.993
6630,1406,35773840,0.952
6631,2966,59803399,0.989
6632,2829,40696246,0.999
6633,1500,39071663,0.965
6634,1005,13124952,0.991
6635,1035,26557286,0.989
6636,1000,17694399,0.989
6637,2399,47908476,0.992
6638,5000,35248810,0.998
6639,1600,25335894,0.999
6640,1409,26278641,1
6641,2069,24793914,0.989
6642,1084,21205461,0.993
6643,1795,20488492,1
6644,2856,65062549,0.987
6645,1494,35113646,0.951
6646,1235,22453597,0.974
6647,1426,27719170,0.988
6648,1005,15212519,0.991
6649,1327,31037804,0.973
6650,1250,21550568,0.994
6651,1058,15250476,0.994
6652,2077,35916260,0.982
6653,1255,30899154,0.994
6654,1028,11472615,0.998
6655,3509,88869035,0.963
6656,1321,19622264,1
6657,1889,52804462,0.826
6658,1668,39384811,0.952
6659,3306,59456306,0.998
6660,2892,40928786,0.998
6661,5000,123405355,0.927
6662,1006,19866473,0.977
6663,1882,46533657,0.958
6664,1126,19935420,0.99
6665,1823,41097502,0.984
6666,2791,79313721,0.912
6667,1161,21422152,0.999
6668,2101,46714679,0.957
6669,1375,37700073,0.987
6670,1000,12683853,0.995
6671,2639,68182792,0.959
6672,1581,33354691,0.961
6673,2760,78197226,0.922
6674,2653,69420256,0.851
6675,3636,56283119,0.999
6676,1396,24229559,0.995
6677,1918,25232009,1
6678,1895,40602357,0.941
6679,2689,38094138,0.999
6680,1281,21491983,0.989
6681,1781,38765989,0.966
6682,2668,60713444,0.975
6683,1149,27274533,0.979
6684,2191,54156412,0.937
6685,2063,43245939,0.978
6686,1083,27149719,0.919
6687,3033,54583150,0.999
6688,5000,119485535,0.989
6689,2717,77933999,0.833
6690,1463,32926506,0.954
6691,1132,23643602,0.97
6692,1793,42949915,0.993
6693,1885,32550704,0.994
6694,3049,56628247,0.981
6695,1389,43226404,0.818
6696,2527,36613187,0.982
6697,1156,24276351,0.973
6698,1911,45990447,0.964
6699,2193,36697614,0.994
6700,1007,24955746,0.939
6701,1183,32491395,0.975
6702,1102,25352749,0.988
6703,1746,23099178,0.999
6704,1112,23219533,0.98
6705,2408,65828336,0.94
6706,1037,24748027,0.957
6707,1769,27999608,0.993
6708,1968,45164861,0.978
6709,1803,32020439,0.999
6710,1183,21154802,0.993
6711,1666,29339361,0.983
6712,1079,18172901,0.999
6713,2034,40841416,0.999
6714,3198,76630477,0.98
6715,1910,39334903,0.998
6716,3874,108472890,0.921
6717,2114,60423208,0.948
6718,1264,30040543,0.99
6719,1333,33657760,0.852
6720,2910,55090208,0.984
6721,2547,47509746,0.992
6722,2519,49793243,0.981
6723,1019,16634594,0.977
6724,3477,72214235,0.987
6725,1079,23721251,0.994
6726,1166,31804261,0.919
6727,1166,21474189,0.99
6728,1505,23552316,1
6729,1476,25448050,0.993
6730,3157,64239628,0.995
6731,1148,18939215,0.999
6732,4548,103444028,0.978
6733,1743,35877774,0.986
6734,1259,23141330,0.998
6735,1166,22021958,0.972
6736,1371,18656089,0.989
6737,3224,73082912,0.988
6738,1432,26837822,0.996
6739,2048,48802601,0.95
6740,1820,36054529,0.979
6741,1915,32132165,0.998
6742,1169,21608765,0.981
6743,1488,19485475,0.999
6744,1058,17039797,0.989
6745,5000,112360996,0.979
6746,1214,24731799,0.932
6747,1000,18649192,0.979
6748,1466,24546023,0.997
6749,1002,10006970,0.999
6750,1056,23394269,0.985
6751,2837,75659811,0.93
6752,1069,18950840,0.998
6753,2004,57963388,0.896
6754,1666,42028906,0.795
6755,1643,29320995,1
6756,1000,14622884,0.996
6757,1087,14376962,0.997
6758,3365,67514863,0.983
6759,2175,32671017,1
6760,4034,100968541,0.92
6761,2413,56612872,0.98
6762,1013,23543544,0.983
6763,1071,25413659,0.961
6764,1000,23307540,0.98
6765,1429,22127604,0.986
6766,2243,42958687,0.999
6767,1050,14318129,0.988
6768,2332,51422345,0.997
6769,2427,39952481,0.999
6770,1018,20026486,0.994
6771,1362,18279906,0.999
6772,2425,63370873,0.965
6773,2977,70768687,0.956
6774,1413,34056627,0.891
6775,1422,34973686,0.926
6776,2338,57532496,0.964
6777,1033,10754537,0.996
6778,1357,27248711,0.999
6779,1264,28803602,0.988
6780,2573,69300691,0.933
6781,1501,37686542,0.919
6782,1340,20346316,1
6783,3312,54216602,0.998
6784,1520,35371466,0.988
6785,1000,21102102,0.957
6786,1000,21009723,0.995
6787,2550,50595734,0.996
6788,2722,63510699,0.737
6789,4591,107942728,0.989
6790,1001,10217096,0.999
6791,2348,30553946,0.988
6792,4349,118968460,0.931
6793,1692,35764705,0.98
6794,1764,42348470,0.977
6795,2020,53985854,0.814
6796,2836,53960839,0.994
6797,2264,49117994,0.987
6798,2011,37827513,0.99
6799,1360,29472735,0.992
6800,1294,20708723,0.996
6801,1742,33697692,0.996
6802,1000,20526832,0.968
6803,1346,21699920,0.998
6804,1231,25594994,0.99
6805,1004,13123010,0.993
6806,1490,29878675,0.996
6807,1166,19821291,1
6808,1001,13367139,0.994
6809,4685,114966136,0.985
6810,1576,26751158,0.988
6811,1676,35396665,0.998
6812,1500,32232718,0.996
6813,1507,33921142,0.992
6814,5000,124517923,0.936
6815,1507,30090618,0.973
6816,1009,17012058,0.988
6817,2882,59961299,0.989
6818,1036,18582151,0.998
6819,1411,25226257,1
6820,2524,53896076,0.946
6821,1990,40677163,0.98
6822,1151,20278201,0.971
6823,1000,15637647,0.997
6824,1988,32516149,0.998
6825,4560,99735468,0.977
6826,2713,64158294,0.949
6827,1007,18157576,0.987
6828,1409,39132747,0.958
6829,3240,73510779,0.99
6830,1508,27545387,0.995
6831,1001,9124121,0.996
6832,1148,20094534,0.998
6833,1166,24571368,0.985
6834,2671,58548744,0.998
6835,1052,11911827,1
6836,1569,31904545,0.995
6837,1734,29959978,0.985
6838,2760,75924365,0.983
6839,2183,37072120,0.995
6840,1500,24617843,0.991
6841,2198,47805796,0.994
6842,1164,17720618,0.998
6843,1678,35094427,0.943
6844,1048,24574958,0.985
6845,5000,129532061,0.918
6846,1489,31770539,0.998
6847,1390,30284106,0.951
6848,1772,48374452,0.964
6849,1463,23525113,0.997
6850,1000,18826108,0.975
6851,1980,39238599,0.978
6852,1078,9286790,1
6853,1481,29434401,0.988
6854,1039,12357715,0.996
6855,1000,16959091,0.982
6856,1166,22401995,0.988
6857,2164,53136431,0.893
6858,1977,48795533,0.988
6859,2732,46027964,1
6860,1001,12090978,0.997
6861,1332,35105887,0.819
6862,1517,24953033,0.994
6863,1001,22400960,0.995
6864,2715,32581147,1
6865,1478,36359838,0.976
6866,3500,75690352,0.983
6867,1821,38634058,0.984
6868,1007,18817796,0.989
6869,1924,27656004,1
6870,1764,31793894,0.994
6871,2112,32108948,1
6872,1413,37863745,0.979
6873,1034,23029412,0.981
6874,1042,16320781,0.999
6875,1897,39924006,0.946
6876,2495,32489479,0.999
6877,1995,51977044,0.998
6878,1984,48834059,0.973
6879,1333,20308168,0.993
6880,1000,14656775,0.99
6881,1290,20884536,0.999
6882,2142,46291920,0.985
6883,2426,39586282,0.997
6884,1015,11894377,0.999
6885,1845,24742449,0.999
6886,1720,47404772,0.975
6887,1166,28875649,0.928
6888,1681,21949509,0.998
6889,1845,50178186,0.978
6890,1166,30235807,0.978
6891,3064,72927920,0.987
6892,1024,23960786,0.982
6893,2575,64287027,0.969
6894,1283,22945516,0.986
6895,2309,32823076,0.999
6896,1150,25506652,0.981
6897,1496,26152170,0.995
6898,1936,43879566,0.978
6899,1358,33093667,0.939
6900,1000,19232788,0.984
6901,1790,18986765,0.999
6902,4969,121241574,0.979
6903,1025,23748955,0.973
6904,1830,44863911,0.988
6905,3063,80396088,0.944
6906,5000,130205034,0.969
6907,1180,36089174,0.915
6908,1318,25246107,0.977
6909,2038,55937447,0.945
6910,2757,37458459,1
6911,1089,19156008,0.997
6912,1027,16894386,0.996
6913,1506,23303873,0.999
6914,1001,25520256,0.83
6915,2505,67256965,0.942
6916,2542,51353760,0.977
6917,1032,16465123,0.992
6918,1295,24465202,0.995
6919,4876,119071029,0.971
6920,2627,36491051,0.993
6921,2133,45229653,0.994
6922,2837,68805278,0.925
6923,2336,20002876,0.997
6924,2290,56484324,0.992
6925,1832,42078319,0.985
6926,1000,15742779,0.992
6927,3118,74907240,0.969
6928,1296,26339188,0.988
6929,1444,24626163,1
6930,1003,14170015,0.997
6931,2630,46944400,0.998
6932,1498,30955453,0.994
6933,1019,23197111,0.97
6934,1042,14192888,0.995
6935,1233,19655968,0.997
6936,1270,26216282,0.994
6937,1000,16223323,0.995
6938,1534,16338293,0.997
6939,2182,52518266,0.988
6940,2569,57439573,0.993
6941,1861,38561382,0.99
6942,1002,16308996,0.988
6943,1666,46265605,0.92
6944,1004,18500430,0.998
6945,2247,56191693,0.979
6946,2234,57802626,0.985
6947,1402,33511311,0.955
6948,2765,75193269,0.923
6949,5000,88201263,0.999
6950,1351,21089685,0.991
6951,1003,14302624,0.999
6952,1000,12985350,0.999
6953,2535,55474820,0.995
6954,3429,77633431,0.929
6955,1169,32102695,0.986
6956,1001,14415515,0.998
6957,1000,28945546,0.951
6958,1400,26448767,0.993
6959,1870,48631434,0.973
6960,1489,20241043,0.998
6961,1273,21914774,0.994
6962,1890,50982860,0.986
6963,1825,44778839,0.904
6964,1500,20730739,1
6965,1045,17155176,0.985
6966,2837,72665986,0.864
6967,1003,14651979,0.998
6968,1649,26126423,0.999
6969,4110,101952635,0.95
6970,1398,14980186,0.996
6971,1774,20632268,0.999
6972,1008,17911158,0.997
6973,1362,33273489,0.957
6974,1513,33006344,0.998
6975,2666,57388297,0.93
6976,1025,25280419,0.986
6977,1007,14501227,0.998
6978,2077,46389735,0.986
6979,1500,19409471,1
