QueryID,EF,Latency(ns),Recall
0,100,992727,0.93
1,100,1163004,0.85
2,100,904401,0.87
3,100,1223863,0.79
4,100,1199339,0.56
5,100,976005,0.92
6,100,1123650,0.71
7,100,1255879,0.64
8,100,1052750,0.82
9,100,1136173,0.87
10,100,895542,0.83
11,100,805813,0.86
12,100,1123198,0.83
13,100,977902,0.65
14,100,1158959,0.63
15,100,1112657,0.83
16,100,788148,0.97
17,100,1055692,0.87
18,100,1239477,0.52
19,100,985665,0.98
20,100,1266129,0.66
21,100,1077831,0.58
22,100,1248871,0.5
23,100,1232829,0.54
24,100,962365,0.9
25,100,1286618,0.38
26,100,1321233,0.52
27,100,1254313,0.54
28,100,1179901,0.61
29,100,1080128,0.91
30,100,939034,0.96
31,100,1299096,0.68
32,100,1124810,0.75
33,100,904483,0.98
34,100,698001,0.89
35,100,1073773,0.71
36,100,1029607,0.79
37,100,1191251,0.7
38,100,813700,0.87
39,100,1212036,0.66
40,100,744990,0.98
41,100,1363131,0.6
42,100,1021484,0.94
43,100,1053852,0.89
44,100,919967,0.89
45,100,1040389,0.91
46,100,995443,0.87
47,100,732015,0.98
48,100,1257654,0.75
49,100,1166992,0.75
50,100,1135359,0.77
51,100,1235954,0.85
52,100,1010864,0.88
53,100,1033619,0.71
54,100,916557,0.86
55,100,950081,0.94
56,100,859968,0.9
57,100,975088,0.92
58,100,910561,0.89
59,100,1059136,0.89
60,100,1229119,0.67
61,100,1232450,0.6
62,100,1266649,0.46
63,100,1325186,0.69
64,100,1197065,0.72
65,100,1143085,0.84
66,100,908900,0.92
67,100,1157797,0.62
68,100,1278396,0.51
69,100,1128400,0.91
70,100,1193575,0.77
71,100,1314449,0.72
72,100,1252087,0.51
73,100,1073770,0.73
74,100,828551,0.83
75,100,782499,0.7
76,100,753254,0.82
77,100,1244969,0.79
78,100,1117919,0.84
79,100,1289185,0.52
80,100,1086979,0.94
81,100,1180925,0.71
82,100,1015173,0.92
83,100,1178062,0.74
84,100,1077018,0.94
85,100,1174939,0.74
86,100,1155563,0.74
87,100,1123866,0.92
88,100,1020929,0.89
89,100,955887,0.82
90,100,1100580,0.87
91,100,965036,0.79
92,100,1005982,0.91
93,100,1227861,0.44
94,100,1092553,0.82
95,100,1209801,0.72
96,100,686819,0.98
97,100,708665,0.99
98,100,954177,0.94
99,100,1281511,0.77
100,100,1120472,0.61
101,100,1145223,0.73
102,100,1035171,0.79
103,100,1130786,0.65
104,100,1305240,0.7
105,100,1125423,0.69
106,100,1171457,0.46
107,100,894645,0.95
108,100,1191095,0.71
109,100,894516,0.82
110,100,646612,0.99
111,100,1028822,0.92
112,100,1018617,0.72
113,100,730245,0.96
114,100,1216271,0.56
115,100,1114669,0.79
116,100,793325,0.9
117,100,1034130,0.88
118,100,993009,0.87
119,100,1076429,0.8
120,100,1243481,0.85
121,100,1247755,0.46
122,100,1073510,0.93
123,100,1159099,0.56
124,100,1225001,0.64
125,100,1304107,0.7
126,100,1244428,0.69
127,100,1363041,0.62
128,100,1136263,0.77
129,100,969267,0.78
130,100,960981,0.7
131,100,1262736,0.6
132,100,1132792,0.82
133,100,1249179,0.67
134,100,993609,0.73
135,100,1235949,0.62
136,100,1151649,0.84
137,100,1143975,0.82
138,100,1108570,0.76
139,100,1131352,0.74
140,100,1186594,0.68
141,100,1097429,0.95
142,100,1173246,0.83
143,100,1197596,0.66
144,100,1329066,0.69
145,100,1139964,0.61
146,100,1125291,0.62
147,100,781353,0.95
148,100,1225971,0.76
149,100,908043,0.99
150,100,1228705,0.69
151,100,900405,1
152,100,1087060,0.83
153,100,1031012,0.88
154,100,1268395,0.68
155,100,931294,0.88
156,100,1287145,0.82
157,100,971553,0.93
158,100,944807,0.85
159,100,1073468,0.48
160,100,904708,0.98
161,100,704138,0.9
162,100,1009871,0.94
163,100,1080125,0.93
164,100,1047805,0.85
165,100,1232519,0.75
166,100,1255324,0.61
167,100,1038429,0.52
168,100,1329618,0.74
169,100,1138745,0.67
170,100,1257429,0.74
171,100,1184475,0.72
172,100,1245536,0.6
173,100,1024485,0.9
174,100,859591,0.89
175,100,894475,0.96
176,100,1173508,0.71
177,100,1084675,0.9
178,100,937535,0.89
179,100,959052,0.97
180,100,1205277,0.72
181,100,1370290,0.63
182,100,999407,0.86
183,100,1423511,0.51
184,100,1189765,0.66
185,100,1225002,0.51
186,100,1234095,0.64
187,100,1229709,0.77
188,100,1191333,0.81
189,100,946000,0.97
190,100,973869,0.91
191,100,1266143,0.75
192,100,1184699,0.77
193,100,1345643,0.53
194,100,1015486,0.77
195,100,1201838,0.64
196,100,1200752,0.71
197,100,950256,0.7
198,100,1313741,0.48
199,100,1279533,0.59
200,100,1235808,0.67
201,100,1179400,0.64
202,100,1211657,0.55
203,100,1071870,0.62
204,100,1027433,0.91
205,100,919100,0.94
206,100,1271665,0.43
207,100,1178894,0.45
208,100,1275050,0.55
209,100,1212637,0.68
210,100,1239524,0.69
211,100,1222750,0.46
212,100,1161337,0.78
213,100,1269541,0.58
214,100,1095909,0.57
215,100,1254387,0.56
216,100,1196032,0.57
217,100,1131801,0.69
218,100,1205094,0.55
219,100,1142251,0.51
220,100,1216267,0.73
221,100,1124582,0.57
222,100,1282610,0.66
223,100,1293901,0.41
224,100,1236757,0.65
225,100,1196587,0.5
226,100,853021,0.85
227,100,1269445,0.46
228,100,1159399,0.61
229,100,1222238,0.53
230,100,1254907,0.63
231,100,1289504,0.6
232,100,1144004,0.68
233,100,1115085,0.79
234,100,1236491,0.6
235,100,1029692,0.72
236,100,1364865,0.56
237,100,1242328,0.58
238,100,1208040,0.72
239,100,1308063,0.5
240,100,1208111,0.72
241,100,1234397,0.6
242,100,1164827,0.69
243,100,1104143,0.62
244,100,1255100,0.72
245,100,1319380,0.6
246,100,1083352,0.81
247,100,1164470,0.55
248,100,1172738,0.56
249,100,1264020,0.58
250,100,1242379,0.7
251,100,1154670,0.7
252,100,1218321,0.72
253,100,1231102,0.68
254,100,1213115,0.67
255,100,1108644,0.62
256,100,1314798,0.61
257,100,1248076,0.57
258,100,1154092,0.61
259,100,1353666,0.63
260,100,1319828,0.39
261,100,1279414,0.49
262,100,1192294,0.47
263,100,1174435,0.91
264,100,1243979,0.66
265,100,1186797,0.58
266,100,1165192,0.73
267,100,1101443,0.66
268,100,1134925,0.7
269,100,1295605,0.53
270,100,1093501,0.96
271,100,1045112,0.77
272,100,1375405,0.65
273,100,1119171,0.85
274,100,968591,0.94
275,100,1279553,0.79
276,100,1243219,0.83
277,100,1151997,0.62
278,100,1131697,0.82
279,100,880950,0.76
280,100,1042386,0.77
281,100,820923,0.96
282,100,1237622,0.77
283,100,1179816,0.95
284,100,986813,0.96
285,100,1253288,0.43
286,100,976728,0.92
287,100,1053307,0.78
288,100,1204127,0.75
289,100,1234441,0.76
290,100,1160305,0.52
291,100,1110681,0.66
292,100,1197045,0.83
293,100,1164194,0.83
294,100,1095269,0.92
295,100,1256330,0.52
296,100,1115831,0.6
297,100,935280,0.71
298,100,1208619,0.55
299,100,1191701,0.62
300,100,1199815,0.75
301,100,1011246,0.88
302,100,1165293,0.32
303,100,971152,0.91
304,100,1133361,0.84
305,100,1207529,0.76
306,100,1222716,0.65
307,100,1060265,0.52
308,100,960464,0.92
309,100,980331,0.65
310,100,1284285,0.7
311,100,1200694,0.62
312,100,1039177,0.53
313,100,1030554,0.8
314,100,1145950,0.81
315,100,1267794,0.72
316,100,813236,1
317,100,1142069,0.74
318,100,1074546,0.76
319,100,1233735,0.69
320,100,1121321,0.68
321,100,1245830,0.74
322,100,1130534,0.72
323,100,1212799,0.66
324,100,1205865,0.71
325,100,1158677,0.83
326,100,949192,0.95
327,100,889006,0.85
328,100,1117065,0.84
329,100,1031787,0.46
330,100,1217820,0.52
331,100,979431,0.79
332,100,711190,0.97
333,100,956703,0.87
334,100,1225372,0.59
335,100,681051,0.99
336,100,731488,0.83
337,100,938584,0.81
338,100,817664,0.85
339,100,1346541,0.62
340,100,1092649,0.88
341,100,1046814,0.87
342,100,937226,0.87
343,100,1249695,0.53
344,100,1149427,0.7
345,100,719387,0.83
346,100,1273813,0.62
347,100,1062474,0.44
348,100,1186126,0.78
349,100,759729,0.99
350,100,1172222,0.58
351,100,1154317,0.49
352,100,732041,0.82
353,100,957193,0.89
354,100,897621,0.81
355,100,777787,0.86
356,100,1015594,0.79
357,100,1092210,0.74
358,100,829603,0.91
359,100,828558,1
360,100,983618,0.89
361,100,1215615,0.7
362,100,802775,0.99
363,100,834387,0.82
364,100,1193013,0.77
365,100,886729,0.96
366,100,801715,0.97
367,100,883380,0.97
368,100,969074,0.81
369,100,1215696,0.74
370,100,964096,0.73
371,100,1065086,0.61
372,100,1060108,0.73
373,100,755214,0.94
374,100,1087806,0.62
375,100,1229857,0.54
376,100,883179,0.96
377,100,1015418,0.81
378,100,851980,0.92
379,100,1045395,0.82
380,100,963448,0.93
381,100,1260355,0.67
382,100,1152688,0.7
383,100,974786,0.48
384,100,985200,0.66
385,100,1233224,0.65
386,100,852197,0.99
387,100,641074,0.94
388,100,1181673,0.73
389,100,840709,0.91
390,100,1185326,0.58
391,100,1134283,0.58
392,100,1136138,0.67
393,100,1265008,0.49
394,100,1242077,0.78
395,100,1189137,0.78
396,100,1190957,0.62
397,100,1255498,0.6
398,100,1174370,0.61
399,100,1388816,0.55
400,100,1126654,0.78
401,100,1299906,0.59
402,100,947418,0.89
403,100,1307368,0.56
404,100,1182902,0.68
405,100,1157698,0.74
406,100,1285091,0.63
407,100,1099189,0.88
408,100,1239465,0.48
409,100,1272760,0.49
410,100,1330437,0.42
411,100,1403185,0.52
412,100,1041817,0.78
413,100,1227321,0.53
414,100,1318541,0.62
415,100,1062711,0.85
416,100,1350577,0.53
417,100,1259183,0.43
418,100,1199338,0.63
419,100,1159459,0.68
420,100,1229204,0.49
421,100,1053339,0.85
422,100,1070792,0.85
423,100,1279110,0.38
424,100,962119,0.97
425,100,1201350,0.56
426,100,1196327,0.83
427,100,1183675,0.67
428,100,1060866,0.74
429,100,1029088,0.74
430,100,1252995,0.63
431,100,1139196,0.6
432,100,1084146,0.52
433,100,655385,0.8
434,100,1128661,0.72
435,100,833096,0.61
436,100,1202096,0.61
437,100,947683,0.99
438,100,1259455,0.6
439,100,1094038,0.41
440,100,1351581,0.65
441,100,1115791,0.77
442,100,1269511,0.53
443,100,1170607,0.68
444,100,1123427,0.83
445,100,1274338,0.61
446,100,1218069,0.58
447,100,1210402,0.56
448,100,1151300,0.55
449,100,1133611,0.81
450,100,1005592,0.82
451,100,671371,0.88
452,100,1154753,0.72
453,100,1081344,0.88
454,100,1256309,0.57
455,100,1097055,0.7
456,100,1214894,0.5
457,100,1251439,0.64
458,100,1123331,0.68
459,100,1038127,0.92
460,100,943744,0.9
461,100,669762,0.95
462,100,1263706,0.81
463,100,1163754,0.54
464,100,621525,0.9
465,100,1257586,0.55
466,100,908888,0.75
467,100,1275947,0.73
468,100,1224673,0.52
469,100,975529,0.88
470,100,1128984,0.59
471,100,1056943,0.96
472,100,1112841,0.71
473,100,1180684,0.76
474,100,1115168,0.76
475,100,994324,0.9
476,100,1259753,0.63
477,100,1185188,0.54
478,100,1251106,0.55
479,100,1181523,0.7
480,100,964795,0.93
481,100,697882,0.88
482,100,1167931,0.67
483,100,1279534,0.66
484,100,887063,0.94
485,100,786739,0.99
486,100,615905,1
487,100,956975,0.37
488,100,1263286,0.67
489,100,916668,0.94
490,100,1086419,0.62
491,100,1210821,0.62
492,100,1236971,0.64
493,100,1255823,0.6
494,100,1082186,0.73
495,100,1003571,0.93
496,100,808554,0.98
497,100,709753,0.96
498,100,1110234,0.56
499,100,1042408,0.7
500,100,653556,0.98
501,100,957385,0.89
502,100,1059716,0.68
503,100,1027077,0.77
504,100,998810,0.77
505,100,1091659,0.82
506,100,1357258,0.63
507,100,1101960,0.59
508,100,598164,0.95
509,100,844533,0.97
510,100,1054882,0.64
511,100,1335083,0.44
512,100,884854,0.96
513,100,1032321,0.59
514,100,1198837,0.77
515,100,1244308,0.67
516,100,692805,0.98
517,100,740185,0.98
518,100,969720,0.89
519,100,1083444,0.68
520,100,1266397,0.7
521,100,938122,0.92
522,100,1242811,0.5
523,100,1213886,0.58
524,100,1144322,0.45
525,100,1259227,0.5
526,100,1259311,0.55
527,100,1309282,0.47
528,100,1189347,0.67
529,100,1204930,0.46
530,100,1032039,0.84
531,100,985347,0.81
532,100,787933,0.98
533,100,1215886,0.71
534,100,1207138,0.73
535,100,1075413,0.45
536,100,957458,0.93
537,100,1266452,0.63
538,100,1117351,0.78
539,100,1228580,0.68
540,100,1251293,0.67
541,100,1078243,0.75
542,100,1069404,0.65
543,100,1337571,0.55
544,100,1126361,0.69
545,100,1161894,0.56
546,100,1275282,0.49
547,100,1207766,0.6
548,100,1144450,0.67
549,100,1300493,0.5
550,100,1064308,0.66
551,100,1184570,0.79
552,100,1187404,0.49
553,100,1132438,0.72
554,100,1114857,0.77
555,100,1191354,0.63
556,100,785039,0.99
557,100,1282290,0.65
558,100,1218602,0.61
559,100,1090548,0.78
560,100,1255889,0.77
561,100,1161195,0.66
562,100,1234105,0.6
563,100,1192703,0.55
564,100,1264457,0.52
565,100,1096226,0.79
566,100,1134248,0.75
567,100,1292652,0.66
568,100,1006686,0.92
569,100,1229544,0.66
570,100,1265361,0.63
571,100,846882,0.94
572,100,1052632,0.82
573,100,908394,0.86
574,100,1138900,0.7
575,100,1202076,0.71
576,100,1112374,0.82
577,100,1300679,0.44
578,100,1154464,0.78
579,100,987368,0.91
580,100,418473,1
581,100,1168166,0.72
582,100,1162383,0.4
583,100,1075682,0.4
584,100,1262594,0.56
585,100,1059806,0.5
586,100,1043098,0.62
587,100,1069907,0.84
588,100,1072421,0.84
589,100,1171556,0.47
590,100,1040979,0.89
591,100,1020482,0.86
592,100,1035355,0.71
593,100,1100921,0.56
594,100,1201916,0.63
595,100,1088087,0.76
596,100,1105147,0.83
597,100,1030448,0.9
598,100,1055737,0.87
599,100,1120233,0.6
600,100,1221256,0.39
601,100,1092022,0.83
602,100,1127529,0.77
603,100,1110418,0.77
604,100,1025356,0.82
605,100,917080,0.83
606,100,1266700,0.5
607,100,1031681,0.99
608,100,1160652,0.69
609,100,1100625,0.83
610,100,1127570,0.66
611,100,985946,0.98
612,100,1182922,0.81
613,100,835670,0.74
614,100,1322378,0.59
615,100,967982,0.88
616,100,1184529,0.59
617,100,1189304,0.73
618,100,1218781,0.68
619,100,1235748,0.61
620,100,1128709,0.65
621,100,840239,0.91
622,100,1058483,0.86
623,100,1034181,0.91
624,100,1094945,0.92
625,100,1118261,0.72
626,100,1026826,0.96
627,100,1228329,0.88
628,100,1161878,0.73
629,100,1066867,0.95
630,100,1203294,0.66
631,100,1302397,0.78
632,100,1186489,0.6
633,100,1127843,0.64
634,100,1150179,0.39
635,100,1249764,0.52
636,100,1067960,0.7
637,100,1277768,0.52
638,100,1014388,0.8
639,100,1071634,0.89
640,100,1214087,0.75
641,100,1070757,0.7
642,100,1144536,0.41
643,100,1103950,0.65
644,100,820485,0.73
645,100,1120009,0.76
646,100,1197952,0.62
647,100,970924,0.85
648,100,1141315,0.56
649,100,1100778,0.69
650,100,1222947,0.38
651,100,1105276,0.56
652,100,1021358,0.67
653,100,1118939,0.78
654,100,956005,0.52
655,100,1062315,0.48
656,100,1114004,0.74
657,100,1171783,0.58
658,100,957857,0.8
659,100,1211036,0.58
660,100,1137589,0.72
661,100,1014979,0.86
662,100,1140875,0.67
663,100,737567,0.98
664,100,1090167,0.87
665,100,1130774,0.83
666,100,1058812,0.79
667,100,925375,0.83
668,100,1000211,0.93
669,100,1124376,0.66
670,100,904368,0.89
671,100,642656,0.92
672,100,1182767,0.61
673,100,1111505,0.82
674,100,917546,0.91
675,100,986550,0.93
676,100,897273,0.96
677,100,927212,0.91
678,100,1255733,0.64
679,100,1177086,0.77
680,100,1056587,0.61
681,100,1177222,0.78
682,100,1097317,0.49
683,100,1063101,0.88
684,100,1023470,0.66
685,100,1036689,0.85
686,100,1077409,0.87
687,100,1012916,0.84
688,100,1328937,0.58
689,100,853208,0.92
690,100,830652,0.98
691,100,1082562,0.68
692,100,1170611,0.64
693,100,1286953,0.7
694,100,1164619,0.71
695,100,1161234,0.77
696,100,1044545,0.81
697,100,1156439,0.6
698,100,1165108,0.69
699,100,1217356,0.8
700,100,1231919,0.55
701,100,1280053,0.58
702,100,1215527,0.69
703,100,1011945,0.78
704,100,1152791,0.6
705,100,1221286,0.73
706,100,1158813,0.35
707,100,1221375,0.69
708,100,1235761,0.48
709,100,1089450,0.88
710,100,1240974,0.74
711,100,1083038,0.82
712,100,1130585,0.52
713,100,1143051,0.75
714,100,1166875,0.56
715,100,1271624,0.48
716,100,960015,0.91
717,100,1185975,0.6
718,100,1015169,0.67
719,100,1158494,0.64
720,100,1007706,0.69
721,100,1097239,0.73
722,100,891349,0.72
723,100,945533,0.96
724,100,1022522,0.8
725,100,855293,0.57
726,100,1198498,0.57
727,100,1076820,0.83
728,100,754139,0.97
729,100,810186,0.9
730,100,1016200,0.61
731,100,1086385,0.78
732,100,1289814,0.56
733,100,1257471,0.52
734,100,1144588,0.78
735,100,1067329,0.73
736,100,1040464,0.75
737,100,1091707,0.73
738,100,1283353,0.57
739,100,796677,0.9
740,100,1139883,0.83
741,100,1130868,0.7
742,100,1147865,0.7
743,100,1261342,0.63
744,100,1275644,0.72
745,100,1243027,0.63
746,100,1088893,0.78
747,100,1159766,0.64
748,100,1198312,0.7
749,100,1142879,0.77
750,100,1221609,0.71
751,100,1151719,0.66
752,100,1132796,0.71
753,100,1083739,0.74
754,100,1019647,0.59
755,100,1237903,0.72
756,100,1180357,0.63
757,100,1095826,0.6
758,100,1323545,0.76
759,100,1063359,0.79
760,100,1023155,0.89
761,100,1207191,0.69
762,100,998292,0.77
763,100,1198255,0.6
764,100,1256806,0.54
765,100,1288300,0.53
766,100,1138690,0.77
767,100,1281722,0.52
768,100,1172626,0.67
769,100,1288572,0.63
770,100,1157629,0.7
771,100,1280866,0.59
772,100,1110353,0.57
773,100,1093968,0.79
774,100,907580,0.84
775,100,1319658,0.62
776,100,1145449,0.72
777,100,1194261,0.69
778,100,963545,0.89
779,100,751162,0.81
780,100,1102483,0.92
781,100,1107043,0.87
782,100,1164209,0.65
783,100,1136933,0.65
784,100,1050309,0.82
785,100,1010347,0.93
786,100,1162382,0.7
787,100,1218115,0.6
788,100,960676,0.94
789,100,977156,0.74
790,100,1195397,0.78
791,100,1312593,0.51
792,100,1116343,0.75
793,100,1249984,0.56
794,100,1193341,0.77
795,100,1029316,0.8
796,100,1214524,0.55
797,100,1043962,0.83
798,100,1063954,0.92
799,100,1131293,0.74
800,100,1138709,0.81
801,100,1180924,0.39
802,100,1147731,0.81
803,100,994079,0.81
804,100,1178037,0.48
805,100,1185360,0.7
806,100,1019318,0.55
807,100,1175270,0.63
808,100,1179339,0.5
809,100,940677,0.96
810,100,907691,0.96
811,100,1236949,0.69
812,100,1195068,0.7
813,100,1048373,0.92
814,100,1302129,0.45
815,100,1165216,0.52
816,100,1128223,0.46
817,100,882593,0.91
818,100,1100172,0.8
819,100,1021148,0.82
820,100,722855,0.98
821,100,906033,0.98
822,100,683722,0.99
823,100,917330,0.66
824,100,1219868,0.63
825,100,1222178,0.73
826,100,979232,0.94
827,100,1113771,0.71
828,100,1089866,0.92
829,100,1145000,0.6
830,100,1073010,0.91
831,100,1060211,0.86
832,100,1097990,0.86
833,100,1025507,0.82
834,100,1188960,0.67
835,100,809553,0.97
836,100,1043121,0.96
837,100,1117295,0.56
838,100,1303079,0.55
839,100,1205430,0.74
840,100,737471,0.95
841,100,1246177,0.52
842,100,1152736,0.74
843,100,900152,0.91
844,100,1112366,0.66
845,100,1103387,0.68
846,100,800444,0.97
847,100,1174619,0.79
848,100,1071926,0.68
849,100,1058577,0.87
850,100,970025,0.76
851,100,1036785,0.75
852,100,1207917,0.7
853,100,1134111,0.75
854,100,1063639,0.83
855,100,1341111,0.59
856,100,461952,0.96
857,100,1187983,0.84
858,100,1120229,0.87
859,100,1025587,0.92
860,100,550077,0.99
861,100,1190411,0.69
862,100,1092225,0.75
863,100,1185408,0.7
864,100,1088145,0.84
865,100,1179035,0.79
866,100,1010559,0.9
867,100,1068645,0.86
868,100,986805,0.87
869,100,1017891,0.77
870,100,1098911,0.64
871,100,1225462,0.79
872,100,1193221,0.7
873,100,1313628,0.51
874,100,987888,0.76
875,100,1274332,0.47
876,100,1223115,0.62
877,100,1275189,0.64
878,100,1218324,0.49
879,100,1475461,0.65
880,100,968219,0.88
881,100,1249714,0.44
882,100,1270800,0.45
883,100,1233790,0.66
884,100,1161139,0.62
885,100,1098106,0.72
886,100,1030695,0.84
887,100,1302297,0.68
888,100,1136059,0.72
889,100,1162507,0.66
890,100,1219863,0.66
891,100,1167938,0.46
892,100,1233338,0.46
893,100,1276039,0.44
894,100,1088917,0.72
895,100,1206128,0.76
896,100,1246339,0.55
897,100,1172782,0.71
898,100,1192123,0.58
899,100,1147295,0.51
900,100,1168639,0.73
901,100,813759,0.95
902,100,876417,0.7
903,100,817988,0.87
904,100,1037877,0.55
905,100,872471,0.83
906,100,1171053,0.64
907,100,967329,0.75
908,100,1025340,0.8
909,100,1191849,0.61
910,100,994456,0.83
911,100,884248,0.89
912,100,1036336,0.7
913,100,912659,0.85
914,100,1192931,0.64
915,100,1224514,0.61
916,100,1104240,0.68
917,100,1079692,0.76
918,100,1032675,0.79
919,100,1101216,0.65
920,100,1032504,0.81
921,100,1029453,0.77
922,100,896170,0.87
923,100,1081423,0.89
924,100,1209405,0.86
925,100,973268,0.88
926,100,854195,0.89
927,100,791758,0.97
928,100,796762,0.81
929,100,978332,0.83
930,100,1133429,0.88
931,100,881436,0.87
932,100,1001536,0.91
933,100,1209850,0.61
934,100,1163039,0.68
935,100,1162691,0.77
936,100,1059906,0.8
937,100,1273812,0.6
938,100,1080575,0.79
939,100,1137619,0.81
940,100,1079841,0.91
941,100,1098214,0.89
942,100,1117583,0.81
943,100,1283034,0.7
944,100,1031272,0.54
945,100,1094469,0.6
946,100,962032,0.89
947,100,1394932,0.55
948,100,1193030,0.57
949,100,1178695,0.84
950,100,1250343,0.51
951,100,1198796,0.61
952,100,1151056,0.79
953,100,1239833,0.42
954,100,1206294,0.8
955,100,1214171,0.51
956,100,976426,0.74
957,100,1068909,0.89
958,100,610181,0.95
959,100,1033501,0.71
960,100,964646,0.85
961,100,318048,0.99
962,100,270943,0.98
963,100,1205693,0.47
964,100,542384,0.69
965,100,1044727,0.59
966,100,332968,0.97
967,100,896967,0.69
968,100,345846,1
969,100,1009379,0.8
970,100,1139059,0.64
971,100,1301208,0.64
972,100,1113364,0.64
973,100,1096760,0.78
974,100,379362,0.99
975,100,1242939,0.39
976,100,1344960,0.51
977,100,585655,1
978,100,1028494,0.44
979,100,883329,0.93
980,100,849715,0.8
981,100,915598,0.6
982,100,558560,0.99
983,100,360047,0.96
984,100,821631,0.49
985,100,1054438,0.67
986,100,922736,0.92
987,100,655273,0.95
988,100,1095121,0.71
989,100,914859,0.84
990,100,892676,0.69
991,100,1284443,0.49
992,100,1169960,0.65
993,100,1323387,0.54
994,100,876281,0.96
995,100,1077086,0.51
996,100,1151576,0.62
997,100,1137276,0.78
998,100,963232,0.92
999,100,806448,0.92
0,200,1753608,0.99
1,200,2109752,0.96
2,200,1508535,0.97
3,200,2132130,0.89
4,200,2131927,0.69
5,200,1647760,0.99
6,200,2068103,0.87
7,200,2364681,0.82
8,200,1853734,0.98
9,200,2007905,0.94
10,200,1467613,0.93
11,200,1332892,0.98
12,200,2057926,0.93
13,200,1729941,0.78
14,200,2228077,0.81
15,200,1931986,0.96
16,200,1344631,1
17,200,1933829,0.95
18,200,2378561,0.74
19,200,1640360,1
20,200,2214485,0.81
21,200,2128223,0.76
22,200,2175715,0.66
23,200,2256439,0.73
24,200,1775159,0.95
25,200,2380147,0.65
26,200,2303225,0.67
27,200,2317079,0.7
28,200,2181519,0.8
29,200,1853982,0.96
30,200,1640060,0.99
31,200,2283562,0.82
32,200,2129715,0.88
33,200,1537154,1
34,200,1258329,0.97
35,200,1885250,0.91
36,200,1695575,0.92
37,200,2147247,0.82
38,200,1382523,0.95
39,200,1987794,0.76
40,200,1236684,1
41,200,2325520,0.77
42,200,1737071,0.98
43,200,1870820,0.94
44,200,1674704,0.95
45,200,1791449,0.97
46,200,1739108,0.97
47,200,1317261,1
48,200,2088771,0.89
49,200,2101948,0.8
50,200,1972877,0.92
51,200,2165489,0.95
52,200,1911091,0.95
53,200,1841551,0.92
54,200,1492095,0.96
55,200,1749180,0.99
56,200,1544786,0.96
57,200,1734888,0.96
58,200,1672380,0.96
59,200,1949852,0.99
60,200,2200619,0.83
61,200,2231953,0.77
62,200,2493970,0.67
63,200,2324478,0.85
64,200,2226838,0.9
65,200,2047421,0.96
66,200,1572897,0.99
67,200,2209362,0.81
68,200,2437503,0.74
69,200,1952403,0.99
70,200,2054803,0.94
71,200,2149998,0.83
72,200,2344893,0.66
73,200,1891645,0.86
74,200,1540885,0.92
75,200,1534660,0.82
76,200,1484460,0.91
77,200,2211704,0.92
78,200,1929809,0.96
79,200,2509637,0.76
80,200,1966791,1
81,200,1989376,0.84
82,200,1906719,0.95
83,200,2136399,0.84
84,200,1839862,1
85,200,2070394,0.9
86,200,2126020,0.86
87,200,1933203,0.97
88,200,1762273,0.96
89,200,1725844,0.93
90,200,1949418,0.98
91,200,1616493,0.88
92,200,1712644,0.99
93,200,2209156,0.69
94,200,1958773,0.91
95,200,2192933,0.86
96,200,1221416,1
97,200,1221816,1
98,200,1752135,0.96
99,200,2382324,0.89
100,200,2070639,0.79
101,200,2106248,0.9
102,200,1870908,0.88
103,200,1920418,0.78
104,200,2232560,0.86
105,200,1996202,0.85
106,200,2049659,0.61
107,200,1483314,0.98
108,200,2087830,0.83
109,200,1631209,0.93
110,200,1077965,1
111,200,1752239,0.98
112,200,1786333,0.82
113,200,1372919,1
114,200,2186979,0.77
115,200,1990546,0.93
116,200,1403814,0.95
117,200,1815678,0.98
118,200,1656704,0.96
119,200,1933274,0.93
120,200,2180683,0.89
121,200,2292838,0.72
122,200,1767098,0.97
123,200,2097189,0.75
124,200,2292622,0.8
125,200,2228077,0.84
126,200,2212972,0.89
127,200,2176235,0.73
128,200,1995845,0.94
129,200,1685083,0.88
130,200,1829683,0.8
131,200,2304637,0.73
132,200,2025240,0.88
133,200,2200164,0.78
134,200,1769982,0.9
135,200,2214329,0.81
136,200,2130761,0.93
137,200,2058409,0.92
138,200,2069848,0.89
139,200,2020372,0.89
140,200,2159478,0.84
141,200,1942289,0.99
142,200,2173695,0.95
143,200,2197202,0.79
144,200,2400200,0.81
145,200,2166388,0.81
146,200,2004538,0.84
147,200,1324083,0.99
148,200,2112624,0.87
149,200,1500633,1
150,200,2197221,0.85
151,200,1426149,1
152,200,1871084,0.89
153,200,1764764,0.98
154,200,2318486,0.83
155,200,1672326,0.95
156,200,2161554,0.92
157,200,1669324,0.99
158,200,1639839,0.91
159,200,1904820,0.56
160,200,1505957,1
161,200,1203308,0.99
162,200,1760979,0.97
163,200,1897120,0.98
164,200,1842462,0.96
165,200,2140182,0.85
166,200,2327011,0.75
167,200,1882803,0.72
168,200,2183530,0.86
169,200,2057982,0.88
170,200,2249797,0.83
171,200,2096939,0.8
172,200,2320802,0.75
173,200,1822132,0.97
174,200,1599317,0.94
175,200,1446061,1
176,200,2121262,0.79
177,200,1960875,0.95
178,200,1615780,0.95
179,200,1623137,0.99
180,200,2143063,0.83
181,200,2263394,0.72
182,200,1753246,0.94
183,200,2435106,0.69
184,200,2151475,0.76
185,200,2244974,0.64
186,200,2294763,0.81
187,200,2259947,0.88
188,200,2093885,0.92
189,200,1623838,1
190,200,1601727,0.99
191,200,2321984,0.85
192,200,2105818,0.91
193,200,2366792,0.68
194,200,1693894,0.93
195,200,2265747,0.79
196,200,2231247,0.86
197,200,1721988,0.77
198,200,2310559,0.66
199,200,2327710,0.8
200,200,2252098,0.86
201,200,2267234,0.83
202,200,2208079,0.75
203,200,1964148,0.83
204,200,1783298,0.99
205,200,1622099,0.98
206,200,2296098,0.65
207,200,2250302,0.59
208,200,2331353,0.73
209,200,2182020,0.8
210,200,2262142,0.82
211,200,2325392,0.7
212,200,2056591,0.9
213,200,2290824,0.78
214,200,1959796,0.76
215,200,2270318,0.76
216,200,2218578,0.75
217,200,1994113,0.9
218,200,2187413,0.68
219,200,2008589,0.72
220,200,2204729,0.8
221,200,2037187,0.76
222,200,2308772,0.71
223,200,2371584,0.68
224,200,2295976,0.84
225,200,2166766,0.68
226,200,1439003,0.89
227,200,2365933,0.65
228,200,2236415,0.78
229,200,2265725,0.77
230,200,2381532,0.8
231,200,2269130,0.75
232,200,2081977,0.86
233,200,2013984,0.9
234,200,2237496,0.76
235,200,1745523,0.83
236,200,2375070,0.79
237,200,2331175,0.76
238,200,2133495,0.84
239,200,2329281,0.72
240,200,2170068,0.85
241,200,2223418,0.84
242,200,2178943,0.82
243,200,2051471,0.77
244,200,2297681,0.89
245,200,2240982,0.74
246,200,2044273,0.92
247,200,2156718,0.68
248,200,2221457,0.66
249,200,2215070,0.69
250,200,2176750,0.82
251,200,2146923,0.86
252,200,2251216,0.85
253,200,2236432,0.81
254,200,2234917,0.85
255,200,2001221,0.83
256,200,2330070,0.79
257,200,2321320,0.74
258,200,2119500,0.75
259,200,2376808,0.76
260,200,2288892,0.54
261,200,2301989,0.81
262,200,2136142,0.63
263,200,2068311,0.97
264,200,2214312,0.82
265,200,2189392,0.75
266,200,2081443,0.92
267,200,2067971,0.82
268,200,2163141,0.85
269,200,2494819,0.7
270,200,1959052,0.97
271,200,1979651,0.82
272,200,2200009,0.78
273,200,1902739,0.93
274,200,1743861,0.98
275,200,2281770,0.89
276,200,2065369,0.91
277,200,2097122,0.73
278,200,2054323,0.91
279,200,1535939,0.91
280,200,1843184,0.94
281,200,1309627,1
282,200,2191024,0.9
283,200,1983478,0.98
284,200,1786702,0.98
285,200,2192614,0.68
286,200,1637903,0.98
287,200,1936922,0.9
288,200,2114768,0.95
289,200,2183702,0.89
290,200,2162652,0.76
291,200,1985567,0.84
292,200,2099887,0.91
293,200,2116204,0.93
294,200,1992100,0.96
295,200,2344523,0.64
296,200,2057830,0.68
297,200,1719914,0.86
298,200,2323334,0.83
299,200,2216073,0.76
300,200,2125672,0.89
301,200,1834004,0.98
302,200,2137721,0.57
303,200,1770497,1
304,200,2056810,0.92
305,200,2125012,0.84
306,200,2283169,0.81
307,200,1955957,0.65
308,200,1715321,0.96
309,200,1786565,0.79
310,200,2273692,0.9
311,200,2176824,0.77
312,200,1940696,0.72
313,200,1817521,0.91
314,200,2069066,0.94
315,200,2252455,0.84
316,200,1416477,1
317,200,2118606,0.86
318,200,2015862,0.92
319,200,2227590,0.84
320,200,2061948,0.85
321,200,2269651,0.85
322,200,2059550,0.88
323,200,2213009,0.85
324,200,2139444,0.76
325,200,1969293,0.92
326,200,1798873,0.98
327,200,1725651,0.98
328,200,1973256,0.96
329,200,1900602,0.56
330,200,2287014,0.71
331,200,1722630,0.88
332,200,1241624,1
333,200,1594399,0.98
334,200,2258311,0.74
335,200,1093165,1
336,200,1401720,0.91
337,200,1763511,0.9
338,200,1386211,0.94
339,200,2399911,0.74
340,200,1946408,0.94
341,200,1780854,0.95
342,200,1597693,0.97
343,200,2285258,0.67
344,200,2113701,0.81
345,200,1182616,0.9
346,200,2296803,0.77
347,200,1827574,0.54
348,200,2064260,0.88
349,200,1300285,1
350,200,2149415,0.72
351,200,1962076,0.6
352,200,1321035,0.91
353,200,1625660,0.97
354,200,1651634,0.89
355,200,1370591,0.94
356,200,1765860,0.86
357,200,1954606,0.91
358,200,1502210,0.95
359,200,1429984,1
360,200,1660725,0.95
361,200,2237721,0.83
362,200,1333297,1
363,200,1462377,0.92
364,200,2235167,0.88
365,200,1390020,0.99
366,200,1377798,1
367,200,1576963,1
368,200,1812757,0.89
369,200,2048626,0.96
370,200,1695453,0.89
371,200,1912117,0.75
372,200,2009861,0.88
373,200,1347723,0.98
374,200,1861949,0.74
375,200,2209790,0.77
376,200,1407904,0.99
377,200,1757795,0.88
378,200,1494788,0.98
379,200,1952101,0.91
380,200,1681384,0.97
381,200,2207148,0.84
382,200,2191615,0.85
383,200,1848045,0.66
384,200,1769698,0.77
385,200,2268143,0.81
386,200,1382363,1
387,200,1226210,0.97
388,200,2094026,0.89
389,200,1480736,0.97
390,200,2222810,0.79
391,200,2035961,0.77
392,200,2068800,0.8
393,200,2205120,0.69
394,200,2220649,0.87
395,200,2182796,0.87
396,200,2048764,0.81
397,200,2021926,0.75
398,200,2125985,0.81
399,200,2173875,0.74
400,200,1964826,0.9
401,200,2280080,0.68
402,200,1667986,0.94
403,200,2329064,0.7
404,200,2277938,0.75
405,200,1984048,0.86
406,200,2336281,0.85
407,200,1962590,0.94
408,200,2282125,0.69
409,200,2301273,0.7
410,200,2325526,0.6
411,200,2224461,0.7
412,200,2001725,0.89
413,200,2299402,0.65
414,200,2285381,0.74
415,200,2030596,0.93
416,200,2416823,0.71
417,200,2289703,0.66
418,200,2231887,0.76
419,200,2022308,0.82
420,200,2347036,0.64
421,200,1836794,0.92
422,200,1967214,0.93
423,200,2474373,0.7
424,200,1632673,0.97
425,200,2335104,0.74
426,200,2131707,0.94
427,200,2201223,0.8
428,200,1991028,0.93
429,200,1849445,0.87
430,200,2309727,0.87
431,200,2056955,0.79
432,200,1930255,0.66
433,200,1090102,0.94
434,200,2121091,0.86
435,200,1414067,0.79
436,200,2157509,0.73
437,200,1544319,1
438,200,2268227,0.77
439,200,2168152,0.63
440,200,2429114,0.76
441,200,2039901,0.85
442,200,2265527,0.72
443,200,2110070,0.85
444,200,2125855,0.91
445,200,2306132,0.78
446,200,2145595,0.78
447,200,2188109,0.73
448,200,2190449,0.77
449,200,1980523,0.9
450,200,1838866,0.95
451,200,1380185,0.96
452,200,2043689,0.88
453,200,1930288,0.97
454,200,2292139,0.79
455,200,2002190,0.79
456,200,2381640,0.74
457,200,2293941,0.78
458,200,1975547,0.88
459,200,1836013,0.96
460,200,1691675,0.99
461,200,1171887,0.98
462,200,2268692,0.9
463,200,2286739,0.71
464,200,1232748,0.96
465,200,2290489,0.74
466,200,1564012,0.88
467,200,2353651,0.83
468,200,2279258,0.73
469,200,1717037,0.98
470,200,1977719,0.76
471,200,1918684,0.99
472,200,1959627,0.87
473,200,2239947,0.92
474,200,1929028,0.87
475,200,1739606,0.96
476,200,2282835,0.79
477,200,2121977,0.66
478,200,2271661,0.76
479,200,2112860,0.85
480,200,1822170,0.99
481,200,1424204,0.98
482,200,2184605,0.77
483,200,2333292,0.81
484,200,1487510,0.97
485,200,1374010,1
486,200,1070085,1
487,200,1803840,0.59
488,200,2257576,0.89
489,200,1569156,0.99
490,200,2046710,0.77
491,200,2219420,0.78
492,200,2311797,0.81
493,200,2242649,0.74
494,200,2009116,0.87
495,200,1873216,0.95
496,200,1313472,1
497,200,1221124,1
498,200,2053194,0.71
499,200,1891270,0.82
500,200,980160,1
501,200,1805735,0.96
502,200,1867301,0.87
503,200,1797028,0.9
504,200,1769747,0.91
505,200,1955250,0.9
506,200,2274683,0.69
507,200,1924219,0.77
508,200,1072059,0.99
509,200,1486618,1
510,200,2012353,0.77
511,200,2220273,0.6
512,200,1550680,0.98
513,200,1794160,0.8
514,200,2165769,0.94
515,200,2195835,0.8
516,200,1069630,1
517,200,1238714,1
518,200,1836279,0.98
519,200,1887272,0.76
520,200,2229199,0.89
521,200,1574790,0.98
522,200,2297927,0.68
523,200,2265757,0.8
524,200,2016934,0.6
525,200,2378777,0.69
526,200,2238197,0.77
527,200,2348108,0.67
528,200,2222763,0.75
529,200,2242018,0.67
530,200,1871109,1
531,200,1814542,0.88
532,200,1255942,1
533,200,2178171,0.83
534,200,2175265,0.87
535,200,2111455,0.57
536,200,1625086,0.96
537,200,2310551,0.87
538,200,2070663,0.93
539,200,2278422,0.85
540,200,2248225,0.83
541,200,1928981,0.83
542,200,1944126,0.84
543,200,2381302,0.71
544,200,2070640,0.85
545,200,2097323,0.79
546,200,2361848,0.62
547,200,2209089,0.8
548,200,2132978,0.81
549,200,2518185,0.71
550,200,1991539,0.81
551,200,2115879,0.86
552,200,2168493,0.65
553,200,2050491,0.87
554,200,1999136,0.91
555,200,2182091,0.8
556,200,1323650,0.99
557,200,2299827,0.78
558,200,2352591,0.72
559,200,2033416,0.9
560,200,2249459,0.89
561,200,2193176,0.85
562,200,2377829,0.77
563,200,2176680,0.74
564,200,2386616,0.78
565,200,2013765,0.94
566,200,2038665,0.92
567,200,2276867,0.83
568,200,1709578,0.99
569,200,2277013,0.8
570,200,2174420,0.82
571,200,1447746,0.98
572,200,1751792,0.92
573,200,1599810,0.91
574,200,1945327,0.83
575,200,2107586,0.85
576,200,2116993,0.9
577,200,2383051,0.59
578,200,2065493,0.91
579,200,1738390,0.96
580,200,645527,1
581,200,2223787,0.92
582,200,2177576,0.64
583,200,1950813,0.57
584,200,2271492,0.76
585,200,1914321,0.69
586,200,1920666,0.79
587,200,1948068,0.91
588,200,1924264,0.9
589,200,2127096,0.6
590,200,1869754,0.94
591,200,1856934,0.95
592,200,1791187,0.86
593,200,2087044,0.79
594,200,2064828,0.74
595,200,2059926,0.89
596,200,2081133,0.93
597,200,1822828,0.96
598,200,1908536,0.99
599,200,2162459,0.77
600,200,2269425,0.52
601,200,1874519,0.92
602,200,2065274,0.88
603,200,1973477,0.87
604,200,1933323,0.9
605,200,1656312,0.93
606,200,2294039,0.65
607,200,1798609,0.99
608,200,2106671,0.88
609,200,1986303,0.94
610,200,2075779,0.84
611,200,1757073,1
612,200,2159159,0.86
613,200,1650221,0.87
614,200,2310273,0.73
615,200,1750477,0.93
616,200,2164757,0.78
617,200,2158682,0.87
618,200,2230779,0.77
619,200,2275638,0.77
620,200,2104423,0.83
621,200,1394749,0.97
622,200,1846787,0.95
623,200,1808939,0.94
624,200,1928686,0.99
625,200,2001769,0.8
626,200,1820917,1
627,200,2317652,0.94
628,200,2117987,0.83
629,200,1882332,0.99
630,200,2177904,0.77
631,200,2209203,0.87
632,200,5590259,0.78
633,200,2684510,0.79
634,200,2636756,0.59
635,200,2908042,0.66
636,200,2274125,0.86
637,200,3027930,0.65
638,200,2360070,0.88
639,200,2431794,0.98
640,200,2777171,0.89
641,200,2585214,0.86
642,200,2539827,0.59
643,200,2598254,0.71
644,200,1808074,0.82
645,200,2609829,0.88
646,200,2720189,0.72
647,200,2188619,0.95
648,200,2597130,0.8
649,200,2457255,0.85
650,200,2814791,0.53
651,200,2418715,0.7
652,200,2163849,0.74
653,200,2406666,0.87
654,200,2079338,0.65
655,200,2515087,0.7
656,200,2587826,0.88
657,200,2227029,0.75
658,200,2146957,0.92
659,200,2678726,0.74
660,200,2594764,0.84
661,200,2130233,0.98
662,200,2604518,0.78
663,200,1686666,1
664,200,2333730,0.96
665,200,2627595,0.91
666,200,2416671,0.88
667,200,2047994,0.99
668,200,2117780,0.97
669,200,2556430,0.78
670,200,1932930,0.97
671,200,1265616,0.98
672,200,2311689,0.77
673,200,2522538,0.9
674,200,1944261,0.97
675,200,2155933,0.98
676,200,2077972,0.99
677,200,2216806,0.96
678,200,2983742,0.8
679,200,2755746,0.88
680,200,2415675,0.76
681,200,2691318,0.86
682,200,2473847,0.65
683,200,2183099,0.97
684,200,2137981,0.88
685,200,2297324,0.91
686,200,2310666,0.96
687,200,2338858,0.94
688,200,2787887,0.75
689,200,1860520,0.95
690,200,1792034,0.98
691,200,2468675,0.87
692,200,2595723,0.83
693,200,2581401,0.8
694,200,2281078,0.83
695,200,2367765,0.88
696,200,2156708,0.96
697,200,2565281,0.79
698,200,2433601,0.91
699,200,2460002,0.9
700,200,2669523,0.72
701,200,2581063,0.76
702,200,2643548,0.78
703,200,2212960,0.9
704,200,2522255,0.79
705,200,2499966,0.85
706,200,2529485,0.67
707,200,2444303,0.8
708,200,2590030,0.67
709,200,2357299,0.96
710,200,2490422,0.85
711,200,2158005,0.92
712,200,2457858,0.7
713,200,2174209,0.91
714,200,2435708,0.76
715,200,2341419,0.57
716,200,2057362,0.97
717,200,2620924,0.72
718,200,2034818,0.81
719,200,2532805,0.79
720,200,2207814,0.83
721,200,2342497,0.9
722,200,1800625,0.9
723,200,1742967,1
724,200,2212329,0.88
725,200,1894040,0.7
726,200,2313353,0.78
727,200,2083425,0.93
728,200,1589778,1
729,200,1851970,0.99
730,200,2039608,0.74
731,200,2124216,0.9
732,200,2588282,0.73
733,200,2347671,0.64
734,200,2415726,0.92
735,200,2314671,0.89
736,200,2100044,0.9
737,200,2131396,0.92
738,200,2499531,0.75
739,200,1654663,1
740,200,2335736,0.89
741,200,2299377,0.79
742,200,2274200,0.8
743,200,2595255,0.74
744,200,2534526,0.87
745,200,2332136,0.82
746,200,2287984,0.95
747,200,2302018,0.79
748,200,2275801,0.88
749,200,2274293,0.9
750,200,2464860,0.82
751,200,2348281,0.84
752,200,2364607,0.83
753,200,2204532,0.88
754,200,2196085,0.84
755,200,2583779,0.86
756,200,2378416,0.81
757,200,2388276,0.73
758,200,2374677,0.83
759,200,2201435,0.89
760,200,2053165,0.99
761,200,2449401,0.91
762,200,1981056,0.83
763,200,2398551,0.8
764,200,2455767,0.7
765,200,2445820,0.67
766,200,2107362,0.89
767,200,2502102,0.62
768,200,2269813,0.85
769,200,2550247,0.77
770,200,2350132,0.86
771,200,2637858,0.79
772,200,2209801,0.65
773,200,2087484,0.86
774,200,1895610,0.97
775,200,2455559,0.76
776,200,2290010,0.85
777,200,2376342,0.81
778,200,1793788,0.97
779,200,1536574,0.95
780,200,2147383,0.96
781,200,2102503,0.96
782,200,2363139,0.78
783,200,2214544,0.79
784,200,2022662,0.95
785,200,1952450,0.97
786,200,2261747,0.88
787,200,2474823,0.76
788,200,1844646,0.99
789,200,2142600,0.93
790,200,2281691,0.87
791,200,2490990,0.72
792,200,2138883,0.85
793,200,2399110,0.72
794,200,2358011,0.9
795,200,2154822,0.95
796,200,2485039,0.72
797,200,1986835,0.97
798,200,2048455,0.99
799,200,2186760,0.83
800,200,2221190,0.95
801,200,2567998,0.58
802,200,2208207,0.92
803,200,1921156,0.93
804,200,2303982,0.68
805,200,2267998,0.86
806,200,2021152,0.82
807,200,2296555,0.81
808,200,2323544,0.73
809,200,1802742,0.99
810,200,1771866,0.99
811,200,2216449,0.86
812,200,2369929,0.85
813,200,2057878,0.96
814,200,2549974,0.59
815,200,2314373,0.7
816,200,2256288,0.68
817,200,1626150,0.98
818,200,2089506,0.89
819,200,1921425,0.93
820,200,1401508,1
821,200,1735387,0.99
822,200,1201043,1
823,200,1704106,0.71
824,200,2203185,0.76
825,200,2386945,0.85
826,200,1708280,0.97
827,200,2133503,0.86
828,200,1991499,0.94
829,200,2232369,0.67
830,200,1922748,0.96
831,200,2002232,0.89
832,200,2172626,0.97
833,200,1988636,0.93
834,200,2282073,0.83
835,200,1613854,1
836,200,1875940,0.98
837,200,2313348,0.64
838,200,2420086,0.69
839,200,2297091,0.88
840,200,1528811,0.98
841,200,2504619,0.68
842,200,2126739,0.92
843,200,1678275,0.96
844,200,2234344,0.79
845,200,2130577,0.78
846,200,1545295,1
847,200,2188110,0.89
848,200,2087976,0.9
849,200,2020228,0.93
850,200,2049952,0.88
851,200,1945332,0.91
852,200,2306948,0.89
853,200,2102028,0.87
854,200,2141362,0.89
855,200,2454330,0.73
856,200,1088867,1
857,200,2183276,0.96
858,200,2057451,0.98
859,200,2003239,0.95
860,200,1039226,1
861,200,2273904,0.81
862,200,2170839,0.92
863,200,2247661,0.9
864,200,2075852,0.91
865,200,2248163,0.88
866,200,1963230,0.96
867,200,2025086,0.96
868,200,2018104,0.89
869,200,1989495,0.9
870,200,2227573,0.82
871,200,2296949,0.89
872,200,2332406,0.88
873,200,2460941,0.65
874,200,2004677,0.92
875,200,2493751,0.67
876,200,2393997,0.77
877,200,2399022,0.8
878,200,2354996,0.71
879,200,2492662,0.73
880,200,1872414,0.96
881,200,2433082,0.58
882,200,2574751,0.68
883,200,2341543,0.84
884,200,2229186,0.83
885,200,2193327,0.83
886,200,2018782,0.93
887,200,2329703,0.83
888,200,2164155,0.88
889,200,2148323,0.77
890,200,2358803,0.78
891,200,2288877,0.65
892,200,2416349,0.62
893,200,2322617,0.66
894,200,2223862,0.87
895,200,2316890,0.89
896,200,2260640,0.76
897,200,2238511,0.85
898,200,2286730,0.74
899,200,2308079,0.7
900,200,2225409,0.89
901,200,1532011,0.99
902,200,1699162,0.85
903,200,1604518,0.98
904,200,1909040,0.73
905,200,1600011,0.92
906,200,2188505,0.78
907,200,1902801,0.94
908,200,1923820,0.91
909,200,2292728,0.72
910,200,2001674,0.94
911,200,1704869,0.98
912,200,1989080,0.85
913,200,1704272,0.98
914,200,2223593,0.83
915,200,2344028,0.76
916,200,2122676,0.76
917,200,2090061,0.9
918,200,1884777,0.93
919,200,2158378,0.8
920,200,1919171,0.96
921,200,1923562,0.86
922,200,1751917,0.93
923,200,2047090,0.97
924,200,2293240,0.91
925,200,1825218,0.98
926,200,1537365,0.98
927,200,1516691,0.98
928,200,1494055,0.9
929,200,1824165,0.96
930,200,2113913,0.95
931,200,1688619,0.97
932,200,1818421,0.97
933,200,2235263,0.76
934,200,2172106,0.84
935,200,2203556,0.88
936,200,1989256,0.92
937,200,2411381,0.73
938,200,1997859,0.93
939,200,2116051,0.93
940,200,2005845,0.99
941,200,2008697,0.95
942,200,2020896,0.9
943,200,2461847,0.77
944,200,2006608,0.7
945,200,2070108,0.75
946,200,1842365,0.94
947,200,2434794,0.7
948,200,2231343,0.78
949,200,2158267,0.9
950,200,2359986,0.72
951,200,2299402,0.85
952,200,2119198,0.89
953,200,2354746,0.67
954,200,2224328,0.86
955,200,2320000,0.77
956,200,1952701,0.84
957,200,2005158,0.97
958,200,1173970,1
959,200,2024241,0.9
960,200,1905836,0.96
961,200,793399,1
962,200,563283,1
963,200,2350460,0.63
964,200,1139520,0.83
965,200,2028191,0.73
966,200,761420,1
967,200,1730636,0.79
968,200,730659,1
969,200,1755261,0.88
970,200,2154651,0.74
971,200,2411182,0.79
972,200,1963794,0.83
973,200,2161340,0.91
974,200,739641,1
975,200,2312631,0.51
976,200,2402198,0.66
977,200,1089864,1
978,200,1645102,0.5
979,200,1643445,0.98
980,200,1591275,0.94
981,200,1821135,0.7
982,200,946288,1
983,200,788909,1
984,200,1722756,0.66
985,200,1976485,0.86
986,200,1732295,0.96
987,200,1220410,1
988,200,2095200,0.81
989,200,1778208,0.92
990,200,1754215,0.83
991,200,2336592,0.69
992,200,2168555,0.83
993,200,2373943,0.68
994,200,1676062,0.99
995,200,2208476,0.7
996,200,2178366,0.81
997,200,2137731,0.88
998,200,1865008,0.98
999,200,1498170,0.99
0,300,2354125,0.99
1,300,2946797,0.98
2,300,2009711,1
3,300,2974194,0.97
4,300,3031778,0.77
5,300,2229389,0.99
6,300,2799479,0.92
7,300,3214715,0.87
8,300,2504515,0.99
9,300,2797104,0.98
10,300,1945737,0.96
11,300,1720112,0.99
12,300,2893837,0.95
13,300,2341351,0.84
14,300,3106673,0.88
15,300,2674172,0.98
16,300,1755416,1
17,300,2672082,0.97
18,300,3189840,0.83
19,300,2212513,1
20,300,3183151,0.94
21,300,3080859,0.81
22,300,2972028,0.77
23,300,3185095,0.83
24,300,2391553,0.98
25,300,3340366,0.79
26,300,3154367,0.74
27,300,3297128,0.83
28,300,3021191,0.9
29,300,2488265,0.99
30,300,2238090,0.99
31,300,3256056,0.87
32,300,2986375,0.92
33,300,2176625,1
34,300,1797136,1
35,300,2535450,0.95
36,300,2119716,0.96
37,300,3056283,0.92
38,300,1888621,0.96
39,300,2848495,0.82
40,300,1657304,1
41,300,3177989,0.85
42,300,2370301,0.99
43,300,2590063,0.97
44,300,2262934,0.99
45,300,2518594,0.98
46,300,2467991,0.98
47,300,1928724,1
48,300,2928993,0.93
49,300,2930314,0.9
50,300,2716132,0.96
51,300,2966840,0.98
52,300,2736202,0.96
53,300,2546963,0.95
54,300,2042114,0.98
55,300,2481586,0.99
56,300,2144304,1
57,300,2358208,0.99
58,300,2268579,0.98
59,300,2640924,0.99
60,300,3103901,0.88
61,300,3247925,0.82
62,300,3439618,0.75
63,300,3330970,0.91
64,300,3046307,0.95
65,300,2839037,0.98
66,300,2266620,0.99
67,300,3114871,0.89
68,300,3423546,0.79
69,300,2797819,1
70,300,2681344,0.97
71,300,3021004,0.87
72,300,3258569,0.71
73,300,2566117,0.95
74,300,2256813,0.97
75,300,2366064,0.93
76,300,2333129,0.96
77,300,3154540,0.93
78,300,2669787,0.99
79,300,3400058,0.83
80,300,2747369,1
81,300,2777002,0.9
82,300,2673776,0.98
83,300,2975183,0.92
84,300,2563175,1
85,300,2769246,0.95
86,300,2989362,0.94
87,300,2632196,0.98
88,300,2414135,0.98
89,300,2408734,0.97
90,300,2648527,0.98
91,300,2205072,0.91
92,300,2348236,0.99
93,300,3260844,0.82
94,300,2741805,0.95
95,300,3153637,0.91
96,300,1705939,1
97,300,1663797,1
98,300,2441211,0.99
99,300,3344015,0.93
100,300,2862074,0.82
101,300,2898742,0.92
102,300,2605226,0.89
103,300,2611107,0.85
104,300,3109988,0.94
105,300,2783456,0.88
106,300,2927223,0.76
107,300,1928372,0.99
108,300,2948978,0.9
109,300,2094736,0.96
110,300,1383920,1
111,300,2420091,0.99
112,300,2440246,0.88
113,300,1888153,1
114,300,3113082,0.86
115,300,2818689,0.94
116,300,1933318,0.97
117,300,2552474,0.99
118,300,2328288,0.98
119,300,2764160,0.94
120,300,3049964,0.93
121,300,3245536,0.81
122,300,2550721,0.99
123,300,3041239,0.82
124,300,3180822,0.83
125,300,3199180,0.92
126,300,3087271,0.94
127,300,3074446,0.81
128,300,2808900,0.99
129,300,2344742,0.9
130,300,2568152,0.87
131,300,3283865,0.84
132,300,2760302,0.96
133,300,3167340,0.83
134,300,2347527,0.92
135,300,3166965,0.9
136,300,3017621,0.95
137,300,2844000,0.96
138,300,2868250,0.95
139,300,2794872,0.91
140,300,3085602,0.89
141,300,2798063,1
142,300,3041665,0.97
143,300,3129604,0.88
144,300,3429542,0.91
145,300,3086906,0.9
146,300,2838699,0.92
147,300,1786244,0.99
148,300,2943668,0.88
149,300,2002960,1
150,300,3044665,0.88
151,300,1838114,1
152,300,2630963,0.91
153,300,2374561,0.99
154,300,3261698,0.9
155,300,2378644,0.97
156,300,3072827,0.96
157,300,2356495,1
158,300,2034873,0.95
159,300,2657476,0.71
160,300,1994566,1
161,300,1654702,0.99
162,300,2474851,0.98
163,300,2655245,0.99
164,300,2531384,0.98
165,300,2881830,0.94
166,300,3345973,0.83
167,300,2531644,0.77
168,300,3102630,0.93
169,300,2913582,0.92
170,300,3225712,0.91
171,300,2965432,0.85
172,300,3289503,0.84
173,300,2531268,0.98
174,300,2266376,0.98
175,300,1892520,1
176,300,2997139,0.88
177,300,2639081,0.97
178,300,2247357,0.98
179,300,2246952,0.99
180,300,3000139,0.88
181,300,3268844,0.84
182,300,6708252,0.99
183,300,3503807,0.75
184,300,3122875,0.82
185,300,3098185,0.68
186,300,3215865,0.87
187,300,3172787,0.91
188,300,2955620,0.94
189,300,2235549,1
190,300,2105482,1
191,300,3249491,0.9
192,300,2965871,0.93
193,300,3434693,0.79
194,300,2260707,0.95
195,300,3230858,0.86
196,300,3083788,0.92
197,300,2344295,0.87
198,300,3229752,0.77
199,300,3272599,0.84
200,300,3136121,0.89
201,300,3204454,0.87
202,300,3161425,0.84
203,300,2752869,0.89
204,300,2496483,0.99
205,300,2265126,1
206,300,3250284,0.75
207,300,3211204,0.7
208,300,3268821,0.84
209,300,3108286,0.88
210,300,3278047,0.84
211,300,3230304,0.77
212,300,2943470,0.94
213,300,3236140,0.9
214,300,2728880,0.84
215,300,3276865,0.83
216,300,3224656,0.83
217,300,2685632,0.92
218,300,3069091,0.81
219,300,2809586,0.79
220,300,3113404,0.84
221,300,2936730,0.85
222,300,3260156,0.79
223,300,3263651,0.79
224,300,3262284,0.91
225,300,3102140,0.8
226,300,1954959,0.91
227,300,3289499,0.78
228,300,3199008,0.89
229,300,3239618,0.84
230,300,3419565,0.88
231,300,3255197,0.83
232,300,3032889,0.92
233,300,2753040,0.97
234,300,3231853,0.89
235,300,2401919,0.92
236,300,3390685,0.84
237,300,3366958,0.83
238,300,3020631,0.92
239,300,3297128,0.81
240,300,3067602,0.9
241,300,3212259,0.91
242,300,3247307,0.84
243,300,2898942,0.88
244,300,3262728,0.94
245,300,3163390,0.86
246,300,2992946,0.95
247,300,3102196,0.81
248,300,3255986,0.72
249,300,3009745,0.78
250,300,3155705,0.89
251,300,3086045,0.89
252,300,3213740,0.89
253,300,3132854,0.9
254,300,3160560,0.88
255,300,2940606,0.88
256,300,3384949,0.85
257,300,3281227,0.85
258,300,3081806,0.87
259,300,3450297,0.88
260,300,3197624,0.64
261,300,3258385,0.87
262,300,3039381,0.73
263,300,2937066,1
264,300,3172205,0.88
265,300,3271713,0.91
266,300,2960635,0.95
267,300,3004331,0.88
268,300,3140304,0.92
269,300,3373457,0.75
270,300,2744875,1
271,300,2800258,0.89
272,300,3178838,0.87
273,300,2611876,0.96
274,300,2436524,0.99
275,300,3281556,0.92
276,300,2914631,0.95
277,300,3012833,0.79
278,300,2941275,0.95
279,300,2120031,0.95
280,300,2607716,0.98
281,300,1814078,1
282,300,3097344,0.93
283,300,2775453,0.98
284,300,2419562,1
285,300,3046122,0.76
286,300,2343958,0.99
287,300,2655154,0.93
288,300,3013855,0.97
289,300,3055967,0.96
290,300,3097452,0.81
291,300,2753771,0.88
292,300,2975011,0.94
293,300,3009146,0.94
294,300,2808896,0.96
295,300,3402618,0.78
296,300,2970660,0.77
297,300,2576954,0.96
298,300,3234975,0.9
299,300,3200580,0.84
300,300,2994523,0.93
301,300,2596703,0.99
302,300,3079853,0.67
303,300,2497261,1
304,300,2867317,0.95
305,300,3013195,0.9
306,300,3267965,0.9
307,300,2682679,0.77
308,300,2497577,0.98
309,300,2489866,0.88
310,300,3209930,0.95
311,300,3057877,0.88
312,300,2788243,0.79
313,300,2477152,0.94
314,300,2922814,0.98
315,300,3169259,0.92
316,300,1988755,1
317,300,3025845,0.9
318,300,2948481,0.93
319,300,3176794,0.91
320,300,2927782,0.91
321,300,3287405,0.88
322,300,2927905,0.9
323,300,3197506,0.9
324,300,2940404,0.83
325,300,2670884,0.98
326,300,2645596,0.99
327,300,2526268,0.98
328,300,2845444,0.97
329,300,2772796,0.66
330,300,3237396,0.79
331,300,2459430,0.92
332,300,1757408,1
333,300,2254205,0.98
334,300,3264690,0.78
335,300,1455235,1
336,300,1945999,0.96
337,300,2463328,0.93
338,300,1870570,0.98
339,300,3272017,0.83
340,300,2772807,0.95
341,300,2419221,0.98
342,300,2148342,1
343,300,3234956,0.77
344,300,2997729,0.9
345,300,1667707,0.94
346,300,3235357,0.81
347,300,2531085,0.63
348,300,2975896,0.94
349,300,1704324,1
350,300,2899036,0.8
351,300,2827684,0.68
352,300,1860472,0.95
353,300,2138359,0.99
354,300,2277948,0.94
355,300,1926060,0.98
356,300,2461162,0.93
357,300,2740387,0.94
358,300,2080616,0.97
359,300,1904869,1
360,300,2234924,0.99
361,300,3174898,0.89
362,300,1811578,1
363,300,1910602,0.97
364,300,3202897,0.91
365,300,1910431,0.99
366,300,1913565,1
367,300,2159884,1
368,300,2511665,0.95
369,300,2984529,0.98
370,300,2378256,0.96
371,300,2619766,0.8
372,300,2817158,0.93
373,300,1841108,0.98
374,300,2532582,0.79
375,300,3097101,0.8
376,300,1933138,1
377,300,2490874,0.96
378,300,2091311,1
379,300,2770766,0.99
380,300,2259110,0.99
381,300,3078707,0.91
382,300,3127422,0.9
383,300,2564603,0.73
384,300,2451113,0.81
385,300,3194766,0.89
386,300,1913871,1
387,300,1676105,0.98
388,300,2923264,0.92
389,300,2086799,0.99
390,300,3153777,0.84
391,300,2884515,0.88
392,300,2995082,0.91
393,300,3198705,0.79
394,300,3127136,0.96
395,300,3145293,0.95
396,300,2887235,0.87
397,300,2789412,0.81
398,300,3062300,0.89
399,300,3151403,0.84
400,300,2763294,0.92
401,300,3170788,0.74
402,300,2245691,0.97
403,300,3374115,0.86
404,300,3296314,0.84
405,300,2761181,0.91
406,300,3319876,0.88
407,300,2840652,0.98
408,300,3247640,0.77
409,300,3216168,0.74
410,300,3326908,0.74
411,300,3233297,0.82
412,300,2956744,0.92
413,300,3324579,0.75
414,300,3249116,0.83
415,300,2894308,0.97
416,300,3416657,0.84
417,300,3279084,0.77
418,300,3283274,0.82
419,300,3008066,0.86
420,300,3386494,0.78
421,300,2513719,0.97
422,300,2824858,0.95
423,300,3295886,0.81
424,300,2256280,0.99
425,300,3417692,0.84
426,300,2944181,0.99
427,300,3126348,0.89
428,300,2780439,0.94
429,300,2776128,0.89
430,300,3294509,0.89
431,300,2867359,0.86
432,300,2718210,0.8
433,300,1531945,0.98
434,300,2946056,0.87
435,300,1969412,0.84
436,300,2980746,0.84
437,300,2127189,1
438,300,3126432,0.89
439,300,2870100,0.73
440,300,3437594,0.86
441,300,2872041,0.88
442,300,3249960,0.82
443,300,2947402,0.9
444,300,2990801,0.95
445,300,3292988,0.84
446,300,2976610,0.83
447,300,3080917,0.84
448,300,3198436,0.81
449,300,2802393,0.94
450,300,2561277,0.99
451,300,2118856,0.98
452,300,2924500,0.96
453,300,2730519,0.98
454,300,3344160,0.87
455,300,2866762,0.84
456,300,3384986,0.81
457,300,3333209,0.89
458,300,2801561,0.95
459,300,2614290,0.97
460,300,2369248,0.99
461,300,1744171,0.98
462,300,3242347,0.94
463,300,3278927,0.81
464,300,1869602,0.98
465,300,3295475,0.8
466,300,2127932,0.92
467,300,3403117,0.89
468,300,3287718,0.82
469,300,2377087,0.99
470,300,2771722,0.84
471,300,2662419,1
472,300,2698751,0.92
473,300,3147862,0.94
474,300,2684010,0.91
475,300,2457374,0.98
476,300,3222151,0.83
477,300,3065857,0.77
478,300,3224470,0.84
479,300,2976336,0.88
480,300,2529364,1
481,300,2137265,0.98
482,300,3088559,0.8
483,300,3267804,0.88
484,300,2077222,0.99
485,300,1867034,1
486,300,1485169,1
487,300,2580239,0.76
488,300,3272104,0.92
489,300,2238175,1
490,300,2968204,0.88
491,300,3228749,0.86
492,300,3246160,0.9
493,300,3179635,0.83
494,300,2856544,0.91
495,300,2665029,0.98
496,300,1711126,1
497,300,1625055,1
498,300,2930357,0.78
499,300,2694776,0.88
500,300,1168533,1
501,300,2533802,0.98
502,300,2743711,0.94
503,300,2565182,0.93
504,300,2525219,0.95
505,300,2812872,0.95
506,300,3289927,0.79
507,300,2739053,0.86
508,300,1449792,1
509,300,2023091,1
510,300,2777838,0.82
511,300,3202897,0.75
512,300,2142478,0.99
513,300,2566221,0.87
514,300,3075481,0.98
515,300,3152342,0.91
516,300,1432809,1
517,300,1651334,1
518,300,2568381,1
519,300,2691484,0.81
520,300,3254179,0.96
521,300,2109549,0.99
522,300,3246361,0.75
523,300,3243056,0.89
524,300,2883898,0.74
525,300,3414324,0.79
526,300,3232767,0.88
527,300,3284356,0.72
528,300,3179058,0.83
529,300,3268782,0.77
530,300,2532508,1
531,300,2592884,0.93
532,300,1633743,1
533,300,3094848,0.9
534,300,3008960,0.89
535,300,2984247,0.66
536,300,2282355,0.99
537,300,3313964,0.92
538,300,2936581,0.98
539,300,3280959,0.91
540,300,3158232,0.89
541,300,2708109,0.92
542,300,2793758,0.89
543,300,3295976,0.79
544,300,2905173,0.96
545,300,2990404,0.88
546,300,3326335,0.69
547,300,3143327,0.89
548,300,3108442,0.9
549,300,3393552,0.78
550,300,2819364,0.88
551,300,2937599,0.98
552,300,3075395,0.7
553,300,2891849,0.92
554,300,2862410,0.94
555,300,3085886,0.84
556,300,1840475,1
557,300,3324492,0.86
558,300,3317410,0.84
559,300,2902562,0.94
560,300,3246024,0.91
561,300,3151158,0.9
562,300,3404389,0.85
563,300,3066808,0.84
564,300,3335657,0.84
565,300,2858062,0.99
566,300,2896809,0.95
567,300,3245075,0.88
568,300,2395876,0.99
569,300,3288612,0.85
570,300,3041105,0.93
571,300,2017886,0.99
572,300,2510337,0.96
573,300,2214518,0.93
574,300,2758803,0.9
575,300,3052311,0.91
576,300,3073450,0.96
577,300,3397719,0.69
578,300,3001493,0.95
579,300,2454495,0.99
580,300,847058,1
581,300,3154135,0.96
582,300,3029442,0.78
583,300,2956833,0.64
584,300,3293471,0.86
585,300,2761077,0.84
586,300,2649853,0.9
587,300,2820560,0.94
588,300,2766538,0.95
589,300,2941339,0.69
590,300,2657512,0.95
591,300,2487915,0.96
592,300,2479925,0.93
593,300,2989164,0.81
594,300,3028900,0.79
595,300,2963943,0.91
596,300,2996423,0.96
597,300,2589927,0.97
598,300,2739527,1
599,300,3057418,0.86
600,300,3223067,0.6
601,300,2613622,0.93
602,300,2897792,0.92
603,300,2824333,0.94
604,300,2718715,0.95
605,300,2243214,0.95
606,300,3338114,0.72
607,300,2526936,0.99
608,300,2970511,0.92
609,300,2802826,0.98
610,300,3048047,0.87
611,300,2501196,1
612,300,2974851,0.92
613,300,2297321,0.95
614,300,3312458,0.81
615,300,2506984,0.93
616,300,3113088,0.81
617,300,3131580,0.91
618,300,3172925,0.85
619,300,3249571,0.84
620,300,3012602,0.92
621,300,1869055,0.98
622,300,2600400,0.97
623,300,2594583,0.99
624,300,2667224,0.99
625,300,2881904,0.9
626,300,2557037,1
627,300,3325340,0.97
628,300,3109385,0.87
629,300,2608349,1
630,300,3018174,0.92
631,300,3176888,0.93
632,300,3199373,0.81
633,300,2921198,0.89
634,300,2987847,0.76
635,300,3362100,0.76
636,300,2556892,0.91
637,300,3329937,0.78
638,300,2740184,0.96
639,300,2607123,0.98
640,300,3171411,0.91
641,300,2858035,0.91
642,300,2879982,0.76
643,300,2954665,0.76
644,300,2067950,0.89
645,300,2841964,0.93
646,300,3039593,0.83
647,300,2630587,0.99
648,300,2682155,0.83
649,300,2808522,0.86
650,300,3148427,0.71
651,300,3010273,0.78
652,300,2971773,0.82
653,300,3126501,0.9
654,300,2968316,0.71
655,300,3112765,0.74
656,300,2933294,0.95
657,300,3121894,0.86
658,300,2799037,0.94
659,300,3195258,0.87
660,300,3284884,0.92
661,300,2389067,0.99
662,300,3387219,0.83
663,300,2022754,1
664,300,2703078,0.97
665,300,3172881,0.95
666,300,2967914,0.92
667,300,2498562,1
668,300,2566340,1
669,300,3255727,0.85
670,300,2404124,0.97
671,300,1894202,1
672,300,3002070,0.86
673,300,2898119,0.9
674,300,2207591,0.98
675,300,2524185,0.99
676,300,2685502,1
677,300,2650434,0.97
678,300,3398009,0.85
679,300,3247938,0.91
680,300,2921806,0.84
681,300,3183709,0.91
682,300,3079028,0.74
683,300,2659856,0.98
684,300,2696540,0.9
685,300,2830962,0.93
686,300,2884049,0.99
687,300,2886990,0.97
688,300,3392040,0.81
689,300,2182883,0.97
690,300,2085188,0.99
691,300,3111688,0.9
692,300,3147264,0.87
693,300,3187818,0.86
694,300,3111627,0.9
695,300,2803777,0.92
696,300,2711930,0.98
697,300,3144554,0.86
698,300,2891186,0.93
699,300,3178625,0.93
700,300,3305850,0.84
701,300,3196691,0.81
702,300,3354349,0.86
703,300,2668245,0.95
704,300,3167634,0.89
705,300,3048149,0.93
706,300,3268776,0.73
707,300,3120756,0.89
708,300,3250276,0.73
709,300,2846348,0.97
710,300,3259790,0.91
711,300,2808451,0.97
712,300,3124946,0.78
713,300,2891725,0.95
714,300,3146722,0.85
715,300,3069204,0.63
716,300,2629220,0.99
717,300,3133377,0.82
718,300,2592922,0.88
719,300,3178283,0.9
720,300,2816635,0.93
721,300,2953027,0.93
722,300,2198578,0.91
723,300,2241156,1
724,300,2722183,0.93
725,300,2344812,0.77
726,300,2923525,0.85
727,300,2737894,0.97
728,300,1737674,1
729,300,2267685,0.99
730,300,2659818,0.81
731,300,2717277,0.95
732,300,3287459,0.81
733,300,3131386,0.76
734,300,3014315,0.94
735,300,2921917,0.93
736,300,2630819,0.96
737,300,2835740,0.95
738,300,3222740,0.85
739,300,1986598,1
740,300,2873279,0.95
741,300,3075766,0.84
742,300,3024094,0.89
743,300,3346959,0.79
744,300,3347124,0.93
745,300,3070209,0.91
746,300,2951030,0.96
747,300,3166997,0.84
748,300,2989090,0.96
749,300,3100158,0.95
750,300,3228771,0.88
751,300,3038713,0.97
752,300,3058260,0.89
753,300,2856142,0.95
754,300,3014073,0.89
755,300,3282758,0.96
756,300,2996780,0.9
757,300,2953914,0.79
758,300,3270797,0.89
759,300,2850314,0.92
760,300,2725880,0.99
761,300,3038178,0.94
762,300,2530857,0.9
763,300,3201015,0.88
764,300,3264608,0.76
765,300,3307373,0.74
766,300,2826510,0.91
767,300,3422259,0.75
768,300,3078107,0.95
769,300,3401554,0.87
770,300,3090436,0.9
771,300,3401683,0.85
772,300,2823303,0.74
773,300,2750537,0.91
774,300,2512408,0.98
775,300,3227110,0.83
776,300,3102952,0.9
777,300,3080281,0.87
778,300,2475702,0.98
779,300,2019766,0.97
780,300,2804295,0.99
781,300,2805922,0.99
782,300,3152091,0.87
783,300,3017144,0.9
784,300,2776698,0.98
785,300,2584604,1
786,300,3139230,0.92
787,300,3361379,0.85
788,300,2303055,0.99
789,300,2761595,0.97
790,300,3145860,0.93
791,300,3258730,0.81
792,300,2924317,0.92
793,300,3239986,0.82
794,300,3105229,0.95
795,300,2796729,0.96
796,300,3308450,0.75
797,300,2744831,0.99
798,300,2638285,1
799,300,2969446,0.9
800,300,2939507,0.97
801,300,3325321,0.66
802,300,2990357,0.97
803,300,2449527,0.96
804,300,3182761,0.78
805,300,3093140,0.93
806,300,2799153,0.91
807,300,2941907,0.89
808,300,3138717,0.79
809,300,2223958,0.99
810,300,2324121,1
811,300,3054359,0.92
812,300,3084247,0.9
813,300,2817525,1
814,300,3419086,0.75
815,300,3167791,0.78
816,300,3173268,0.79
817,300,2177214,0.99
818,300,2813674,0.96
819,300,2563223,0.99
820,300,1754472,1
821,300,2252947,1
822,300,1539412,1
823,300,2106420,0.8
824,300,3017839,0.83
825,300,3170822,0.91
826,300,2181146,0.99
827,300,2858872,0.91
828,300,2762270,0.97
829,300,3061771,0.76
830,300,2573229,0.97
831,300,2672903,0.95
832,300,2877705,0.99
833,300,2629921,0.94
834,300,3041187,0.89
835,300,2019493,1
836,300,2622685,0.99
837,300,3161654,0.72
838,300,3341144,0.8
839,300,3196387,0.98
840,300,1792753,0.99
841,300,3382629,0.75
842,300,2738938,0.96
843,300,2122749,0.98
844,300,2982717,0.85
845,300,3033037,0.88
846,300,1861680,1
847,300,3033703,0.97
848,300,2795158,0.98
849,300,2745205,0.95
850,300,2690688,0.9
851,300,2548931,0.94
852,300,3220480,0.93
853,300,2815947,0.94
854,300,2773088,0.96
855,300,3300319,0.77
856,300,1411924,1
857,300,2971613,0.97
858,300,2817844,1
859,300,2762153,1
860,300,1323977,1
861,300,3096484,0.89
862,300,3039194,0.94
863,300,3039505,0.92
864,300,2913256,0.95
865,300,3148768,0.93
866,300,2704335,1
867,300,2837594,1
868,300,2649766,0.91
869,300,2771899,0.96
870,300,2988233,0.9
871,300,3128399,0.93
872,300,3192957,0.91
873,300,3339958,0.78
874,300,2497429,0.98
875,300,3482202,0.76
876,300,3256313,0.82
877,300,3376557,0.9
878,300,3300048,0.79
879,300,3424975,0.84
880,300,2610871,0.99
881,300,3315367,0.74
882,300,3320386,0.79
883,300,3234184,0.9
884,300,3109501,0.86
885,300,2911607,0.89
886,300,2723585,0.96
887,300,3119810,0.88
888,300,3075932,0.91
889,300,2961886,0.92
890,300,3167014,0.86
891,300,3133449,0.77
892,300,3433036,0.7
893,300,3159647,0.77
894,300,2985476,0.92
895,300,3138229,0.95
896,300,3121664,0.82
897,300,3124202,0.91
898,300,3210153,0.78
899,300,3190962,0.79
900,300,3156698,0.95
901,300,1997823,1
902,300,2230146,0.93
903,300,2019229,0.99
904,300,2589397,0.79
905,300,2117784,0.98
906,300,2957523,0.86
907,300,2566580,1
908,300,2487727,0.98
909,300,3181770,0.79
910,300,2725670,0.96
911,300,2333938,0.99
912,300,2738202,0.89
913,300,2316327,0.99
914,300,3013046,0.89
915,300,3247275,0.8
916,300,2760379,0.85
917,300,2760743,0.94
918,300,2640868,0.96
919,300,3011841,0.88
920,300,2713337,0.99
921,300,2746577,0.94
922,300,2360899,0.97
923,300,2840062,0.98
924,300,3144785,0.95
925,300,2547456,1
926,300,2154872,1
927,300,1990755,0.99
928,300,6088163,0.94
929,300,2512590,0.97
930,300,2988811,0.97
931,300,2169829,0.99
932,300,2447696,0.99
933,300,3232350,0.83
934,300,3069638,0.89
935,300,3139014,0.93
936,300,2796231,0.97
937,300,3439557,0.82
938,300,2830171,0.95
939,300,2943640,0.94
940,300,2772362,1
941,300,2841561,0.97
942,300,2863347,0.97
943,300,3316996,0.83
944,300,2847746,0.79
945,300,2933321,0.82
946,300,2491665,0.99
947,300,3417332,0.77
948,300,3139471,0.85
949,300,2937694,0.96
950,300,3307253,0.75
951,300,3175594,0.91
952,300,2938879,0.92
953,300,3242959,0.72
954,300,3051855,0.93
955,300,3207678,0.82
956,300,2609925,0.94
957,300,2750592,1
958,300,1534615,1
959,300,2731733,0.93
960,300,2514304,0.96
961,300,1117048,1
962,300,866453,1
963,300,3364778,0.76
964,300,1754945,0.89
965,300,2861349,0.77
966,300,1172956,1
967,300,2437682,0.83
968,300,1202764,1
969,300,2521929,0.91
970,300,2980825,0.84
971,300,3313476,0.85
972,300,2773928,0.89
973,300,3006460,0.95
974,300,1106313,1
975,300,3251138,0.66
976,300,3349002,0.8
977,300,1480379,1
978,300,2298134,0.56
979,300,1925850,1
980,300,2118151,0.96
981,300,2517949,0.77
982,300,1345802,1
983,300,1173137,1
984,300,2374484,0.75
985,300,2749738,0.93
986,300,2469736,0.98
987,300,1759832,1
988,300,2932543,0.89
989,300,2404842,0.98
990,300,2483946,0.89
991,300,3276703,0.79
992,300,3019903,0.97
993,300,3261746,0.74
994,300,2218725,1
995,300,3007075,0.75
996,300,3000942,0.93
997,300,2955535,0.94
998,300,2645517,0.99
999,300,1950543,0.99
0,400,3029974,1
1,400,3804398,1
2,400,2663724,1
3,400,3834807,0.98
4,400,3900590,0.85
5,400,2863510,0.99
6,400,3676122,0.94
7,400,4102959,0.93
8,400,3238690,0.99
9,400,3610624,1
10,400,2451153,0.98
11,400,2216011,1
12,400,3710230,0.96
13,400,2985431,0.86
14,400,4001339,0.9
15,400,3416361,0.99
16,400,2199290,1
17,400,3408927,0.98
18,400,4047711,0.89
19,400,2794134,1
20,400,4107419,0.97
21,400,4052157,0.89
22,400,3835970,0.81
23,400,4055441,0.86
24,400,3102186,1
25,400,4277085,0.82
26,400,4117972,0.83
27,400,4220603,0.89
28,400,3887218,0.93
29,400,3135786,1
30,400,2841483,1
31,400,4113704,0.88
32,400,3870161,0.95
33,400,2772832,1
34,400,2419791,1
35,400,3219133,0.96
36,400,2681271,0.97
37,400,3927233,0.93
38,400,2459700,0.99
39,400,3665223,0.83
40,400,2106932,1
41,400,4061796,0.89
42,400,3025030,1
43,400,3286764,0.98
44,400,2855587,0.99
45,400,3145365,0.99
46,400,3126499,0.99
47,400,2573693,1
48,400,3824534,0.95
49,400,3760460,0.96
50,400,3452552,0.98
51,400,3702457,1
52,400,3442762,0.97
53,400,3325319,0.99
54,400,2613283,1
55,400,3133355,1
56,400,2769404,1
57,400,3009194,1
58,400,2925642,0.99
59,400,3428428,0.99
60,400,4066056,0.91
61,400,4191984,0.89
62,400,4424043,0.77
63,400,4234738,0.93
64,400,3899908,0.96
65,400,3621385,1
66,400,2852573,1
67,400,4020030,0.89
68,400,4440600,0.8
69,400,3642092,1
70,400,3416396,0.97
71,400,3900691,0.9
72,400,4228324,0.81
73,400,3314017,0.96
74,400,2965653,0.99
75,400,3130090,0.97
76,400,3102611,0.97
77,400,4033911,0.93
78,400,3483773,0.99
79,400,4398572,0.87
80,400,3557065,1
81,400,3567362,0.9
82,400,3497808,1
83,400,3794479,0.97
84,400,3208799,1
85,400,3602589,0.97
86,400,3872542,0.95
87,400,3369185,0.98
88,400,3143880,0.99
89,400,3120009,0.98
90,400,3350383,0.99
91,400,2875067,0.95
92,400,3011587,0.99
93,400,4237998,0.9
94,400,3643246,0.97
95,400,4130599,0.95
96,400,2215012,1
97,400,2115298,1
98,400,3190111,0.99
99,400,4290658,0.93
100,400,3683774,0.9
101,400,3776730,0.97
102,400,3425282,0.91
103,400,3398939,0.92
104,400,3962004,0.98
105,400,3698315,0.89
106,400,3784654,0.8
107,400,2399876,1
108,400,3871449,0.93
109,400,2778322,0.96
110,400,1709733,1
111,400,3139482,1
112,400,3147161,0.92
113,400,2452856,1
114,400,4092660,0.89
115,400,3630616,0.97
116,400,2561924,0.98
117,400,3291680,0.99
118,400,2971237,1
119,400,3618205,0.94
120,400,3874863,0.96
121,400,4226181,0.83
122,400,3210058,1
123,400,3940563,0.87
124,400,4153909,0.91
125,400,4140167,0.95
126,400,3908657,0.99
127,400,3986155,0.88
128,400,3595342,0.99
129,400,3013589,0.95
130,400,3328717,0.91
131,400,4231220,0.9
132,400,3544427,0.98
133,400,4140958,0.89
134,400,2973742,0.92
135,400,4093576,0.94
136,400,3895173,0.97
137,400,3648546,0.96
138,400,3679048,0.98
139,400,3624760,0.95
140,400,4002081,0.92
141,400,3646358,1
142,400,3915864,0.98
143,400,4091049,0.93
144,400,4471135,0.92
145,400,3993735,0.94
146,400,3652810,0.95
147,400,2292789,1
148,400,3834396,0.94
149,400,2570045,1
150,400,3937695,0.9
151,400,2301009,1
152,400,3358202,0.97
153,400,2974717,0.99
154,400,4204812,0.96
155,400,3022821,1
156,400,3958392,1
157,400,3075632,1
158,400,2543840,0.95
159,400,3507584,0.76
160,400,2417128,1
161,400,2168143,0.99
162,400,3153600,0.99
163,400,3373465,1
164,400,3285484,1
165,400,3660715,0.97
166,400,4280797,0.9
167,400,3294304,0.8
168,400,4001064,0.93
169,400,3763897,0.92
170,400,4156465,0.97
171,400,3855092,0.92
172,400,4278623,0.89
173,400,3231093,0.99
174,400,2980806,1
175,400,2355648,1
176,400,3810629,0.9
177,400,3397171,0.99
178,400,2819850,0.98
179,400,2855440,1
180,400,3942552,0.92
181,400,4219598,0.87
182,400,3157467,0.99
183,400,4485807,0.84
184,400,4104350,0.87
185,400,4044334,0.72
186,400,4193242,0.94
187,400,4106142,0.94
188,400,3751911,0.96
189,400,2844134,1
190,400,2646957,1
191,400,4203829,0.92
192,400,3837884,0.95
193,400,4438080,0.83
194,400,2856761,0.97
195,400,4193945,0.87
196,400,4007278,0.96
197,400,3110172,0.9
198,400,4148384,0.79
199,400,4229920,0.87
200,400,4057316,0.9
201,400,4157501,0.9
202,400,4152396,0.85
203,400,3561735,0.92
204,400,3171034,1
205,400,2811230,0.99
206,400,4264724,0.79
207,400,4184643,0.77
208,400,4301872,0.88
209,400,3996999,0.91
210,400,4272487,0.89
211,400,4223190,0.85
212,400,3816077,0.94
213,400,4193242,0.95
214,400,3611823,0.87
215,400,4192760,0.91
216,400,4224048,0.88
217,400,3447800,0.95
218,400,3996104,0.88
219,400,3668341,0.83
220,400,4009260,0.86
221,400,3792367,0.88
222,400,4277796,0.85
223,400,4272188,0.81
224,400,4201462,0.92
225,400,4051873,0.85
226,400,2518907,0.94
227,400,4261518,0.86
228,400,4168124,0.89
229,400,4233850,0.93
230,400,4384879,0.95
231,400,4186359,0.87
232,400,3931301,0.97
233,400,3496043,0.99
234,400,4199958,0.9
235,400,3020464,0.96
236,400,4372040,0.89
237,400,4342969,0.85
238,400,3906374,0.97
239,400,4182466,0.88
240,400,3974121,0.91
241,400,4129371,0.94
242,400,4220895,0.89
243,400,3715381,0.9
244,400,4183635,0.95
245,400,4075340,0.87
246,400,3945395,0.95
247,400,4022562,0.88
248,400,4281463,0.8
249,400,3881225,0.81
250,400,4029754,0.9
251,400,3985846,0.9
252,400,4171910,0.93
253,400,4015174,0.92
254,400,4094246,0.92
255,400,3829870,0.94
256,400,4329580,0.86
257,400,4284532,0.9
258,400,3970919,0.92
259,400,4424497,0.9
260,400,4157141,0.74
261,400,4196588,0.9
262,400,3989929,0.79
263,400,3678375,1
264,400,4194854,0.94
265,400,4153136,0.93
266,400,3777304,0.97
267,400,3926116,0.89
268,400,4011482,0.93
269,400,4417961,0.79
270,400,3604667,1
271,400,3627913,0.97
272,400,4014031,0.93
273,400,3368719,0.97
274,400,3060861,1
275,400,4210473,0.95
276,400,3758352,0.99
277,400,3962265,0.83
278,400,3832743,0.97
279,400,2723535,0.96
280,400,3298117,1
281,400,2319049,1
282,400,3954027,0.96
283,400,3615416,0.99
284,400,3086078,1
285,400,3939018,0.81
286,400,2998007,0.99
287,400,3391639,0.93
288,400,3869133,0.99
289,400,3910573,0.97
290,400,4041139,0.87
291,400,3615815,0.9
292,400,3795172,0.95
293,400,3798701,0.94
294,400,3621934,0.97
295,400,4438846,0.83
296,400,3860724,0.8
297,400,3368002,0.96
298,400,4183553,0.94
299,400,4093788,0.88
300,400,3855235,0.97
301,400,3338504,1
302,400,4009098,0.7
303,400,3196169,1
304,400,3691843,0.98
305,400,3896868,0.93
306,400,4154234,0.91
307,400,3537612,0.79
308,400,3249336,1
309,400,3148371,0.91
310,400,4037451,0.98
311,400,3950686,0.88
312,400,3560834,0.88
313,400,3168427,0.96
314,400,3799716,1
315,400,4019056,0.97
316,400,2642372,1
317,400,3906476,0.99
318,400,3834730,0.95
319,400,4067870,0.94
320,400,3830544,0.92
321,400,4201688,0.91
322,400,3733459,0.94
323,400,4157885,0.96
324,400,3754653,0.86
325,400,3474914,0.99
326,400,3385434,1
327,400,3314583,0.98
328,400,3540375,1
329,400,3609139,0.72
330,400,4240495,0.82
331,400,3131976,0.94
332,400,2179380,1
333,400,2837140,0.99
334,400,4167333,0.84
335,400,1816836,1
336,400,2601858,0.98
337,400,3195127,0.95
338,400,2366738,0.98
339,400,4144584,0.85
340,400,3583004,0.98
341,400,3032150,0.99
342,400,2700016,1
343,400,4127616,0.83
344,400,3902610,0.93
345,400,2129641,0.95
346,400,4165187,0.86
347,400,3323460,0.72
348,400,3784005,0.96
349,400,2129073,1
350,400,3717011,0.84
351,400,3684537,0.73
352,400,2344589,0.96
353,400,2635132,0.99
354,400,2954311,0.95
355,400,2404642,0.98
356,400,3160035,0.94
357,400,3544206,0.95
358,400,2711561,0.99
359,400,2365322,1
360,400,2819823,1
361,400,4137481,0.95
362,400,2249279,1
363,400,2440675,0.98
364,400,4103094,0.93
365,400,2380892,0.99
366,400,2497843,1
367,400,2703230,1
368,400,3214819,0.95
369,400,3843148,0.98
370,400,2958762,0.97
371,400,3408406,0.87
372,400,3632410,0.96
373,400,2338046,0.98
374,400,3246226,0.87
375,400,3963009,0.82
376,400,2435300,1
377,400,3171016,0.97
378,400,2702110,1
379,400,3501907,1
380,400,2868214,0.99
381,400,3962419,0.97
382,400,3985413,0.93
383,400,3305958,0.76
384,400,3140136,0.84
385,400,4122703,0.91
386,400,2393006,1
387,400,2180482,0.99
388,400,3800958,0.94
389,400,2668104,0.99
390,400,4174709,0.87
391,400,3730702,0.92
392,400,3818873,0.95
393,400,4155050,0.85
394,400,3997583,1
395,400,4037847,0.97
396,400,3738842,0.94
397,400,3630838,0.85
398,400,4052798,0.92
399,400,4050818,0.87
400,400,3540292,0.93
401,400,4149423,0.79
402,400,2833609,0.97
403,400,4332856,0.87
404,400,4212961,0.88
405,400,3552803,0.93
406,400,4330485,0.89
407,400,3631614,0.99
408,400,4274907,0.84
409,400,4188884,0.8
410,400,4330483,0.83
411,400,4222150,0.87
412,400,3901171,0.94
413,400,4335507,0.8
414,400,4198898,0.91
415,400,3745145,0.99
416,400,4371225,0.89
417,400,4225247,0.82
418,400,4326214,0.89
419,400,3881309,0.9
420,400,4387125,0.85
421,400,3230496,0.97
422,400,3644372,0.98
423,400,4265013,0.85
424,400,2863219,1
425,400,4451077,0.87
426,400,3782780,0.99
427,400,4072159,0.91
428,400,3576597,0.95
429,400,3560958,0.92
430,400,4298173,0.93
431,400,3734141,0.92
432,400,3612081,0.83
433,400,2064829,0.98
434,400,3786663,0.91
435,400,2588816,0.87
436,400,3797895,0.89
437,400,2734360,1
438,400,4023913,0.95
439,400,3653426,0.76
440,400,4407870,0.89
441,400,3750972,0.91
442,400,4119477,0.86
443,400,3856378,0.95
444,400,3877381,0.96
445,400,4275272,0.9
446,400,3777931,0.88
447,400,4040367,0.86
448,400,4114392,0.9
449,400,3636146,0.94
450,400,3182897,0.99
451,400,2874032,0.99
452,400,3816482,0.98
453,400,3451888,0.99
454,400,4459192,0.89
455,400,3924850,0.87
456,400,4652549,0.88
457,400,4609381,0.92
458,400,3719149,0.97
459,400,3622259,0.99
460,400,3193359,0.99
461,400,2534383,0.99
462,400,4540618,0.97
463,400,4533161,0.87
464,400,2493436,0.99
465,400,4469635,0.81
466,400,2857440,0.93
467,400,4361956,0.9
468,400,4404194,0.88
469,400,3249038,0.99
470,400,3587063,0.89
471,400,3449469,1
472,400,3454162,0.94
473,400,4075697,0.96
474,400,3531445,0.94
475,400,3207574,0.98
476,400,4215343,0.88
477,400,3955969,0.88
478,400,4187975,0.88
479,400,3843684,0.9
480,400,3169681,1
481,400,2875443,0.99
482,400,3930757,0.86
483,400,4176429,0.92
484,400,2566910,0.99
485,400,2310572,1
486,400,1884685,1
487,400,3403518,0.8
488,400,4338375,0.94
489,400,2828028,1
490,400,3882788,0.94
491,400,4174202,0.9
492,400,4160348,0.95
493,400,4156088,0.89
494,400,3663816,0.94
495,400,3395516,0.99
496,400,2119500,1
497,400,2067008,1
498,400,3819290,0.81
499,400,3497788,0.89
500,400,1368631,1
501,400,3204865,0.99
502,400,3524855,0.98
503,400,3320386,0.96
504,400,3212794,0.96
505,400,3615663,0.99
506,400,4241326,0.79
507,400,3476064,0.9
508,400,1892490,1
509,400,2511591,1
510,400,3642687,0.86
511,400,4086061,0.86
512,400,2672837,1
513,400,3302764,0.95
514,400,3896358,0.99
515,400,3997402,0.93
516,400,1782015,1
517,400,2015175,1
518,400,3367957,1
519,400,3445662,0.85
520,400,4178602,0.99
521,400,2635957,1
522,400,4137398,0.85
523,400,4152490,0.93
524,400,3729906,0.8
525,400,4366115,0.85
526,400,4188508,0.94
527,400,4183076,0.79
528,400,4113633,0.91
529,400,4216872,0.78
530,400,3241981,1
531,400,3284701,0.97
532,400,6110601,1
533,400,3997534,0.95
534,400,3885898,0.94
535,400,3893515,0.71
536,400,2879629,0.99
537,400,4304745,0.95
538,400,3724802,1
539,400,4172689,0.94
540,400,4108089,0.91
541,400,3506944,0.97
542,400,3707169,0.92
543,400,4316565,0.85
544,400,3712514,0.98
545,400,3820962,0.88
546,400,4322968,0.74
547,400,4011132,0.91
548,400,3948121,0.96
549,400,4441016,0.86
550,400,3673232,0.92
551,400,3741180,1
552,400,4034723,0.73
553,400,3710490,0.97
554,400,3727199,0.95
555,400,3937995,0.87
556,400,2364056,1
557,400,4350512,0.88
558,400,4312397,0.86
559,400,3696502,0.98
560,400,4180797,0.95
561,400,4125788,0.94
562,400,4409258,0.88
563,400,3946203,0.86
564,400,4363311,0.86
565,400,3643513,1
566,400,3835311,0.96
567,400,4202265,0.94
568,400,2988423,1
569,400,4264854,0.92
570,400,3962484,0.95
571,400,2500295,1
572,400,3342711,0.97
573,400,2793297,0.95
574,400,3545217,0.93
575,400,3970531,0.94
576,400,3978589,0.97
577,400,4406363,0.75
578,400,3854466,0.98
579,400,3054901,1
580,400,979899,1
581,400,4110393,0.97
582,400,3895291,0.79
583,400,3796452,0.72
584,400,4290597,0.92
585,400,3619154,0.88
586,400,3485302,0.93
587,400,3660676,0.97
588,400,3597946,0.96
589,400,3831962,0.77
590,400,3360032,0.97
591,400,3161507,0.96
592,400,3184289,0.94
593,400,3962502,0.86
594,400,4012493,0.88
595,400,3788415,0.95
596,400,3863386,0.97
597,400,3292204,0.98
598,400,3500144,1
599,400,3965502,0.89
600,400,4222713,0.68
601,400,3408365,0.95
602,400,3773621,0.96
603,400,3617655,0.99
604,400,3549013,0.98
605,400,2812371,0.95
606,400,4263298,0.77
607,400,3207837,0.99
608,400,3850828,0.95
609,400,3627992,1
610,400,3997509,0.88
611,400,3212025,1
612,400,3869974,0.93
613,400,2956398,0.96
614,400,4298444,0.86
615,400,3235901,0.96
616,400,4077172,0.85
617,400,4086283,0.92
618,400,4103667,0.88
619,400,4248163,0.9
620,400,3949894,0.94
621,400,2324989,0.98
622,400,3265612,0.98
623,400,3346199,1
624,400,3371954,1
625,400,3717069,0.92
626,400,3258274,1
627,400,4211022,0.98
628,400,4068611,0.89
629,400,3324556,1
630,400,3843126,0.96
631,400,4044331,0.94
632,400,4073666,0.91
633,400,3745580,0.93
634,400,3968518,0.8
635,400,4354319,0.81
636,400,3277382,0.95
637,400,4252077,0.84
638,400,3472244,0.98
639,400,3287679,0.99
640,400,4096398,0.94
641,400,3693793,0.92
642,400,3772606,0.82
643,400,3822174,0.83
644,400,2612922,0.91
645,400,3644447,0.96
646,400,3928956,0.86
647,400,3379744,1
648,400,3514587,0.86
649,400,3558977,0.93
650,400,4094641,0.79
651,400,3870072,0.87
652,400,3828801,0.85
653,400,3825659,0.91
654,400,3717057,0.76
655,400,3871986,0.79
656,400,3755660,0.96
657,400,3865154,0.88
658,400,3396336,0.98
659,400,4103937,0.89
660,400,3964418,0.96
661,400,3021294,1
662,400,4094703,0.88
663,400,2489619,1
664,400,3300520,0.99
665,400,3885555,1
666,400,3810402,0.92
667,400,2974814,1
668,400,3066315,1
669,400,3979405,0.92
670,400,3015960,0.97
671,400,2306362,1
672,400,3751517,0.92
673,400,3608431,0.94
674,400,2743763,1
675,400,3252674,0.99
676,400,3628625,1
677,400,3414664,1
678,400,4384047,0.89
679,400,4219040,0.97
680,400,3765651,0.88
681,400,4129338,0.94
682,400,3956656,0.77
683,400,3366620,0.98
684,400,3502002,0.92
685,400,3625614,0.96
686,400,3733043,1
687,400,3743083,0.97
688,400,4340091,0.89
689,400,2829108,0.98
690,400,2714375,0.99
691,400,3986916,0.93
692,400,4045955,0.91
693,400,4071717,0.93
694,400,4111268,0.93
695,400,3590037,0.96
696,400,3453711,1
697,400,4177323,0.86
698,400,3769571,0.95
699,400,4052163,0.97
700,400,4238876,0.88
701,400,4067448,0.85
702,400,4302608,0.89
703,400,3463192,1
704,400,4094625,0.9
705,400,4039166,0.98
706,400,4264104,0.78
707,400,4034304,0.93
708,400,4237733,0.8
709,400,3643514,0.99
710,400,4202792,0.93
711,400,3665015,0.97
712,400,4063659,0.82
713,400,3639716,0.97
714,400,4110661,0.91
715,400,3979371,0.68
716,400,3361536,1
717,400,4043913,0.86
718,400,3328450,0.93
719,400,4088412,0.93
720,400,3674996,0.96
721,400,3837939,0.94
722,400,2860845,0.95
723,400,2819224,1
724,400,3472585,0.96
725,400,3100434,0.79
726,400,3745038,0.89
727,400,3516396,0.99
728,400,2167059,1
729,400,2941937,0.99
730,400,3520993,0.86
731,400,3525701,1
732,400,4241720,0.87
733,400,4134590,0.82
734,400,3845613,0.97
735,400,3711276,0.96
736,400,3391448,0.97
737,400,3595884,0.98
738,400,4201050,0.88
739,400,2514247,1
740,400,3676636,0.97
741,400,4033467,0.9
742,400,3911842,0.93
743,400,4309511,0.87
744,400,4265450,0.94
745,400,3933867,0.95
746,400,3740035,0.99
747,400,4023364,0.9
748,400,3821609,0.98
749,400,3932802,0.96
750,400,4250987,0.9
751,400,3903688,0.98
752,400,3949726,0.92
753,400,3682325,0.99
754,400,3996042,0.91
755,400,4198966,0.97
756,400,3897793,0.94
757,400,3853741,0.9
758,400,4215949,0.89
759,400,3691676,0.95
760,400,3433088,1
761,400,3876921,0.95
762,400,3222348,0.92
763,400,4070838,0.89
764,400,4229870,0.85
765,400,4243212,0.83
766,400,3587969,0.95
767,400,4427782,0.76
768,400,3992005,0.97
769,400,4386857,0.92
770,400,4038336,0.93
771,400,4431015,0.9
772,400,3727335,0.8
773,400,3534645,0.96
774,400,3194848,0.98
775,400,4223408,0.88
776,400,3988548,0.92
777,400,3989612,0.94
778,400,3162386,0.98
779,400,2579588,0.98
780,400,3523511,0.99
781,400,3649196,1
782,400,4027424,0.9
783,400,3817538,0.92
784,400,3542112,0.99
785,400,3310634,1
786,400,4088131,0.93
787,400,4362545,0.85
788,400,2921278,1
789,400,3516476,0.99
790,400,3990902,0.93
791,400,4245947,0.9
792,400,3771985,0.94
793,400,4238105,0.87
794,400,3995569,0.98
795,400,3621145,0.96
796,400,4270386,0.87
797,400,3486191,0.99
798,400,3370625,1
799,400,3763479,0.92
800,400,3772624,0.98
801,400,4336078,0.75
802,400,3843183,0.98
803,400,3129979,0.97
804,400,4141924,0.84
805,400,3923616,0.98
806,400,3670494,0.96
807,400,3750481,0.91
808,400,4045461,0.82
809,400,2828759,1
810,400,2963646,1
811,400,3979256,0.94
812,400,3981438,0.91
813,400,3558534,1
814,400,4465219,0.82
815,400,4088524,0.85
816,400,4066201,0.85
817,400,2774791,0.99
818,400,3595508,0.99
819,400,3301653,1
820,400,2180829,1
821,400,2898259,1
822,400,1968811,1
823,400,2788800,0.84
824,400,3864240,0.88
825,400,4163454,0.95
826,400,2763845,0.99
827,400,3760565,0.95
828,400,3448208,0.98
829,400,3927736,0.83
830,400,3326592,0.98
831,400,3422579,0.96
832,400,3713440,0.99
833,400,3426274,0.94
834,400,3925346,0.95
835,400,2546429,1
836,400,3469666,1
837,400,4145198,0.8
838,400,4343332,0.83
839,400,4113086,1
840,400,2263994,1
841,400,4337488,0.79
842,400,3508416,0.97
843,400,2644974,0.98
844,400,3824316,0.88
845,400,3891497,0.9
846,400,2311177,1
847,400,3960654,0.98
848,400,3617590,1
849,400,3564406,0.98
850,400,3482741,0.94
851,400,3222984,0.98
852,400,4088147,0.95
853,400,3585162,0.95
854,400,3591459,0.98
855,400,4261091,0.81
856,400,1773447,1
857,400,3868096,0.99
858,400,3653997,1
859,400,3531848,1
860,400,1650049,1
861,400,4009730,0.93
862,400,3970004,0.97
863,400,3920468,0.96
864,400,3769731,0.98
865,400,4023932,0.94
866,400,3423029,1
867,400,3639719,1
868,400,3508429,0.92
869,400,3592177,0.97
870,400,3937345,0.91
871,400,4043555,0.94
872,400,4100490,0.94
873,400,4361838,0.8
874,400,3185755,0.98
875,400,4430795,0.84
876,400,4273078,0.85
877,400,4365692,0.92
878,400,4242201,0.84
879,400,4436537,0.9
880,400,3359613,1
881,400,4226004,0.77
882,400,4334529,0.87
883,400,4205042,0.92
884,400,4076282,0.88
885,400,3752294,0.95
886,400,3524565,0.96
887,400,4039820,0.94
888,400,3966279,0.93
889,400,3883210,0.93
890,400,4081970,0.89
891,400,4093638,0.89
892,400,4430122,0.78
893,400,4135079,0.84
894,400,3918654,0.94
895,400,4024224,0.97
896,400,4071111,0.84
897,400,4087575,0.93
898,400,4164335,0.88
899,400,4141250,0.83
900,400,4123154,0.97
901,400,2516950,1
902,400,2824973,0.96
903,400,2596394,0.99
904,400,3291406,0.87
905,400,2728195,0.99
906,400,3853900,0.9
907,400,3274533,1
908,400,3221504,1
909,400,4088751,0.89
910,400,3554313,0.97
911,400,2946693,0.99
912,400,3526539,0.92
913,400,2873918,0.99
914,400,3921516,0.93
915,400,4198473,0.83
916,400,3519731,0.87
917,400,3573211,1
918,400,3379672,0.97
919,400,3829739,0.92
920,400,3470601,0.99
921,400,3543900,0.96
922,400,2949474,0.97
923,400,3622551,0.99
924,400,4073975,0.96
925,400,3267141,1
926,400,2687572,1
927,400,2516500,1
928,400,2591895,0.94
929,400,3256132,0.98
930,400,3838844,0.98
931,400,2793029,0.99
932,400,3071875,1
933,400,4146250,0.9
934,400,3937769,0.9
935,400,4005936,0.95
936,400,3627772,0.98
937,400,4412983,0.85
938,400,3732666,0.97
939,400,3725254,0.94
940,400,3578374,1
941,400,3610365,0.99
942,400,3643553,0.99
943,400,4238487,0.89
944,400,3736688,0.82
945,400,3713144,0.86
946,400,3171787,1
947,400,4423712,0.86
948,400,4061425,0.91
949,400,3754127,0.97
950,400,4212274,0.85
951,400,4127271,0.95
952,400,3786967,0.95
953,400,4205914,0.8
954,400,3935720,0.96
955,400,4174424,0.87
956,400,3431904,0.97
957,400,3570974,1
958,400,1899672,1
959,400,3583921,0.96
960,400,3207529,0.97
961,400,1489015,1
962,400,1217054,1
963,400,4383577,0.79
964,400,2330331,0.94
965,400,3737638,0.85
966,400,1561160,1
967,400,3247907,0.88
968,400,1681662,1
969,400,3323530,0.94
970,400,3840587,0.89
971,400,4294486,0.87
972,400,3618817,0.91
973,400,3891813,0.98
974,400,1512871,1
975,400,4211912,0.72
976,400,4336191,0.83
977,400,1949015,1
978,400,2959056,0.67
979,400,2354941,1
980,400,2690242,0.96
981,400,3269032,0.8
982,400,1784406,1
983,400,1602111,1
984,400,3194539,0.79
985,400,3535318,0.95
986,400,3254044,0.98
987,400,2260447,1
988,400,3771141,0.92
989,400,3125116,0.98
990,400,3238313,0.91
991,400,4280096,0.86
992,400,3924446,0.98
993,400,4172035,0.78
994,400,2860983,1
995,400,3949403,0.78
996,400,3846993,0.96
997,400,3827132,0.97
998,400,3404709,0.99
999,400,2384743,1
0,500,3641854,1
1,500,4642742,1
2,500,3246074,1
3,500,4688840,0.98
4,500,4844587,0.9
5,500,3468357,0.99
6,500,4459454,0.95
7,500,4965789,0.95
8,500,3870953,1
9,500,4422037,1
10,500,3083071,1
11,500,2740441,1
12,500,4716100,0.97
13,500,3862125,0.87
14,500,5129691,0.93
15,500,4342656,1
16,500,2628515,1
17,500,4369873,0.99
18,500,5162301,0.91
19,500,3491890,1
20,500,5187057,0.99
21,500,5504171,0.9
22,500,4693812,0.83
23,500,5137736,0.93
24,500,3741520,1
25,500,5250775,0.86
26,500,5043102,0.9
27,500,5130051,0.89
28,500,4717642,0.95
29,500,3788181,1
30,500,3476322,0.99
31,500,4967349,0.94
32,500,4722459,0.96
33,500,3469878,1
34,500,2930876,1
35,500,3940157,0.98
36,500,3258418,0.98
37,500,4771108,0.93
38,500,2958369,0.99
39,500,4486348,0.87
40,500,2544339,1
41,500,4903633,0.9
42,500,3711371,1
43,500,3941540,0.99
44,500,3440326,0.99
45,500,3819087,1
46,500,3801231,0.99
47,500,3118238,1
48,500,4572064,0.97
49,500,4495842,0.97
50,500,4165057,0.99
51,500,4437581,1
52,500,4209330,0.97
53,500,4096802,0.99
54,500,3136045,1
55,500,3757457,1
56,500,3378233,1
57,500,3673353,1
58,500,3576534,0.99
59,500,4154370,0.99
60,500,4990905,0.94
61,500,5085561,0.95
62,500,5373847,0.8
63,500,5167010,0.95
64,500,4723668,0.97
65,500,4389266,1
66,500,3445450,1
67,500,4864703,0.91
68,500,5411341,0.84
69,500,4533855,1
70,500,4134240,0.98
71,500,4751382,0.95
72,500,5116922,0.86
73,500,3997130,0.97
74,500,3729056,1
75,500,3896157,0.98
76,500,3818687,0.98
77,500,4893562,0.97
78,500,4178836,0.99
79,500,5374547,0.89
80,500,4349428,1
81,500,4408379,0.94
82,500,4220401,1
83,500,4610157,0.97
84,500,3863918,1
85,500,4400544,0.99
86,500,4705349,0.96
87,500,4067475,0.98
88,500,3812281,1
89,500,3825755,0.98
90,500,4028260,0.99
91,500,3531549,0.95
92,500,3654273,0.99
93,500,5109781,0.93
94,500,4396292,0.97
95,500,5079869,0.97
96,500,2722343,1
97,500,2544226,1
98,500,3853766,0.99
99,500,5261712,0.95
100,500,4489165,0.92
101,500,4647700,0.98
102,500,4244632,0.92
103,500,4186077,0.93
104,500,4856626,0.98
105,500,4523011,0.96
106,500,4604881,0.84
107,500,2837323,1
108,500,4677283,0.95
109,500,3369576,0.97
110,500,2041724,1
111,500,3751823,1
112,500,3796254,0.93
113,500,2999937,1
114,500,4929348,0.91
115,500,4421269,0.98
116,500,3235118,0.99
117,500,4016007,0.99
118,500,3626714,1
119,500,4408247,0.98
120,500,4674646,0.98
121,500,5164326,0.89
122,500,3914325,1
123,500,4799985,0.88
124,500,5064147,0.93
125,500,4996349,0.97
126,500,4756774,0.99
127,500,4888090,0.9
128,500,4379560,0.99
129,500,3671473,0.97
130,500,4133963,0.92
131,500,5190114,0.92
132,500,4295573,0.98
133,500,4999412,0.89
134,500,3700173,0.93
135,500,5001868,0.96
136,500,4726625,0.99
137,500,4506000,0.97
138,500,4467997,0.98
139,500,4444372,0.95
140,500,4855213,0.94
141,500,4392950,1
142,500,4709372,0.98
143,500,4976553,0.96
144,500,5390183,0.94
145,500,4875237,0.96
146,500,4450607,0.95
147,500,2764222,1
148,500,4757704,0.96
149,500,3166162,1
150,500,4783135,0.97
151,500,2697634,1
152,500,3974396,0.97
153,500,3607568,0.99
154,500,5118096,0.98
155,500,3565204,1
156,500,4755683,1
157,500,3718985,1
158,500,3077655,0.96
159,500,4277660,0.82
160,500,2872827,1
161,500,2626334,1
162,500,3819451,1
163,500,4077151,1
164,500,3939550,1
165,500,4455001,0.97
166,500,5202989,0.95
167,500,4000524,0.84
168,500,4878798,0.95
169,500,4614038,0.92
170,500,5078858,0.97
171,500,4768967,0.92
172,500,5246576,0.93
173,500,3919368,1
174,500,3622729,1
175,500,2779019,1
176,500,4611172,0.92
177,500,4093032,0.99
178,500,3402721,0.99
179,500,3437218,1
180,500,4759059,0.92
181,500,5168686,0.89
182,500,3846314,0.99
183,500,5496673,0.89
184,500,5069946,0.91
185,500,4982804,0.74
186,500,5067442,0.94
187,500,4961203,0.95
188,500,4541743,0.97
189,500,3391803,1
190,500,7163024,1
191,500,5130633,0.93
192,500,4670505,0.96
193,500,5454210,0.85
194,500,3389582,0.98
195,500,5199362,0.9
196,500,4863389,0.97
197,500,3797130,0.93
198,500,5068763,0.83
199,500,5124482,0.89
200,500,4924696,0.92
201,500,5017794,0.92
202,500,5029030,0.86
203,500,4337132,0.92
204,500,3768172,1
205,500,3380173,1
206,500,5227347,0.82
207,500,5180759,0.8
208,500,5203097,0.91
209,500,4915283,0.93
210,500,5262714,0.93
211,500,5203960,0.89
212,500,4671141,0.94
213,500,5124728,0.95
214,500,4378065,0.89
215,500,5074020,0.93
216,500,5125028,0.9
217,500,4205157,0.97
218,500,4798109,0.91
219,500,4465835,0.89
220,500,4918731,0.89
221,500,4572464,0.9
222,500,5185992,0.87
223,500,5251556,0.88
224,500,5020982,0.95
225,500,4904143,0.9
226,500,3092914,0.95
227,500,5219634,0.89
228,500,5124963,0.9
229,500,5211972,0.96
230,500,5316601,0.96
231,500,5137042,0.91
232,500,4788992,0.98
233,500,4220562,0.99
234,500,5069408,0.91
235,500,3672738,0.97
236,500,5275710,0.92
237,500,5327059,0.87
238,500,4751166,0.98
239,500,5077709,0.88
240,500,4821492,0.93
241,500,5052262,0.95
242,500,5235816,0.93
243,500,4529908,0.94
244,500,5142636,0.96
245,500,4970294,0.88
246,500,4835116,0.95
247,500,4853940,0.91
248,500,5183514,0.82
249,500,4701040,0.86
250,500,4909291,0.92
251,500,4904079,0.92
252,500,5075501,0.94
253,500,4925294,0.95
254,500,5029024,0.93
255,500,4627254,0.94
256,500,5265971,0.92
257,500,5189397,0.95
258,500,4861020,0.93
259,500,5388138,0.93
260,500,5054847,0.81
261,500,5142542,0.91
262,500,4890468,0.84
263,500,4448567,1
264,500,5160272,0.94
265,500,5147158,0.96
266,500,4578695,1
267,500,4788168,0.91
268,500,4906771,0.96
269,500,5389187,0.83
270,500,4396868,1
271,500,4434567,0.98
272,500,4889875,0.94
273,500,4104676,0.98
274,500,3713493,1
275,500,5055013,0.97
276,500,4456800,0.99
277,500,4862298,0.88
278,500,4680393,0.97
279,500,3286887,0.96
280,500,3946847,1
281,500,2752811,1
282,500,4770712,0.96
283,500,4463720,0.99
284,500,3704200,1
285,500,4787397,0.82
286,500,3568505,1
287,500,4011256,0.96
288,500,4645410,0.99
289,500,4686685,0.98
290,500,4976014,0.88
291,500,4443145,0.92
292,500,4597237,0.98
293,500,4584508,0.97
294,500,4406815,0.97
295,500,5389802,0.85
296,500,4746850,0.89
297,500,4152034,0.99
298,500,5086920,0.95
299,500,4941987,0.91
300,500,4709145,0.98
301,500,4051397,1
302,500,4855448,0.75
303,500,3914376,1
304,500,4467202,0.99
305,500,4752094,0.95
306,500,5025138,0.93
307,500,4303738,0.82
308,500,4076694,1
309,500,3838756,0.91
310,500,4895324,0.99
311,500,4895547,0.92
312,500,4373449,0.92
313,500,3810884,0.97
314,500,4607101,1
315,500,4914301,0.97
316,500,3273159,1
317,500,4802888,1
318,500,4638081,0.97
319,500,4901869,0.94
320,500,4650473,0.94
321,500,5166619,0.93
322,500,4538365,0.97
323,500,5106534,0.99
324,500,4547474,0.92
325,500,4232042,0.99
326,500,4176835,1
327,500,4116145,0.98
328,500,4290991,1
329,500,4409662,0.78
330,500,5182031,0.84
331,500,3781887,0.94
332,500,2609055,1
333,500,3344198,0.99
334,500,5115161,0.87
335,500,2170017,1
336,500,3151862,0.98
337,500,3914212,0.97
338,500,2789669,0.98
339,500,5013845,0.88
340,500,4332179,0.99
341,500,3645277,0.99
342,500,3240675,1
343,500,5048490,0.86
344,500,4732281,0.96
345,500,2664408,0.98
346,500,5008401,0.91
347,500,4131858,0.75
348,500,4554302,0.97
349,500,2579689,1
350,500,4563328,0.86
351,500,4487167,0.78
352,500,2823617,0.96
353,500,3185025,0.99
354,500,3565824,0.96
355,500,2879504,0.98
356,500,3816961,0.97
357,500,4279998,0.98
358,500,3312067,0.99
359,500,2929955,1
360,500,3363671,1
361,500,5059514,0.96
362,500,2739506,1
363,500,2902333,0.99
364,500,5016571,0.98
365,500,2809938,1
366,500,3087246,1
367,500,3207683,1
368,500,3868286,0.97
369,500,4772928,0.99
370,500,3551737,0.98
371,500,4120170,0.89
372,500,4406696,0.97
373,500,2745886,0.99
374,500,3921925,0.91
375,500,4854783,0.85
376,500,2889219,1
377,500,3836752,0.97
378,500,3241558,1
379,500,4200409,1
380,500,3505008,0.99
381,500,4800712,0.98
382,500,4851376,0.97
383,500,4071757,0.78
384,500,3854848,0.89
385,500,5032913,0.96
386,500,2832231,1
387,500,2603370,0.99
388,500,4672973,0.94
389,500,3184855,1
390,500,5107298,0.89
391,500,4507538,0.94
392,500,4638541,0.97
393,500,5036470,0.9
394,500,4897278,1
395,500,4902880,0.99
396,500,4580933,0.95
397,500,4413069,0.88
398,500,4889204,0.93
399,500,4909127,0.9
400,500,4293216,0.94
401,500,5069013,0.84
402,500,3488056,0.97
403,500,5352373,0.95
404,500,5114300,0.91
405,500,4328925,0.97
406,500,5282177,0.93
407,500,4409142,0.99
408,500,5204149,0.86
409,500,5065229,0.82
410,500,5294598,0.87
411,500,5062786,0.91
412,500,4753945,0.95
413,500,5319364,0.85
414,500,5125009,0.94
415,500,4540296,1
416,500,5293051,0.92
417,500,5185833,0.86
418,500,5241596,0.96
419,500,4808657,0.92
420,500,5269389,0.87
421,500,3914682,0.98
422,500,4425077,0.98
423,500,5250783,0.88
424,500,3485157,1
425,500,5379942,0.9
426,500,4516277,0.99
427,500,4944249,0.97
428,500,4427716,0.96
429,500,4417108,0.94
430,500,5240259,0.99
431,500,4602530,0.93
432,500,4435458,0.88
433,500,2561351,0.98
434,500,4550886,0.93
435,500,3176389,0.9
436,500,4549388,0.9
437,500,3262722,1
438,500,4934580,0.97
439,500,4450174,0.78
440,500,5336849,0.92
441,500,4502623,0.93
442,500,5022243,0.91
443,500,4680629,0.95
444,500,4656301,0.97
445,500,5204195,0.93
446,500,4514171,0.94
447,500,4883634,0.92
448,500,4977080,0.93
449,500,4390541,0.95
450,500,3776643,0.99
451,500,3578075,0.99
452,500,4572707,0.99
453,500,4125749,0.99
454,500,5150252,0.91
455,500,4546147,0.92
456,500,5269929,0.92
457,500,5310184,0.94
458,500,4258050,0.98
459,500,4107671,0.99
460,500,3625888,0.99
461,500,2865262,1
462,500,5224627,0.97
463,500,5296960,0.92
464,500,3015618,0.99
465,500,5132108,0.84
466,500,3083224,0.94
467,500,5262513,0.94
468,500,5229210,0.92
469,500,3656267,1
470,500,4323485,0.92
471,500,4183147,1
472,500,4134426,0.96
473,500,4952230,0.97
474,500,4323339,0.97
475,500,3896040,0.99
476,500,5118533,0.94
477,500,4877426,0.9
478,500,5048622,0.92
479,500,4698496,0.94
480,500,3845718,1
481,500,3553992,0.99
482,500,4755908,0.9
483,500,5119194,0.93
484,500,3048763,0.99
485,500,2737417,1
486,500,2294655,1
487,500,4247653,0.84
488,500,5160195,0.96
489,500,3534950,1
490,500,4676663,0.97
491,500,5072487,0.92
492,500,5090501,0.97
493,500,5151695,0.9
494,500,4499064,0.94
495,500,4100501,1
496,500,2464893,1
497,500,2513788,1
498,500,4719334,0.85
499,500,4263772,0.91
500,500,1568228,1
501,500,3824413,0.99
502,500,4323954,0.98
503,500,4039805,0.97
504,500,3938265,0.96
505,500,4451184,1
506,500,5247438,0.83
507,500,4233225,0.9
508,500,2310181,1
509,500,2980755,1
510,500,4415527,0.92
511,500,5011717,0.89
512,500,3236117,1
513,500,4004699,0.96
514,500,4725993,1
515,500,4897668,0.97
516,500,2088365,1
517,500,2389433,1
518,500,4093022,1
519,500,4282950,0.86
520,500,5091081,0.99
521,500,3073527,1
522,500,5017719,0.87
523,500,5006083,0.94
524,500,4514172,0.83
525,500,5246168,0.88
526,500,5137845,0.95
527,500,5048743,0.84
528,500,4971165,0.95
529,500,5246853,0.82
530,500,3969390,1
531,500,3964890,0.98
532,500,2436828,1
533,500,4826044,0.98
534,500,4748545,0.94
535,500,4769450,0.77
536,500,3435031,1
537,500,5179495,0.97
538,500,4566118,1
539,500,5107564,0.96
540,500,4970061,0.92
541,500,4174136,0.99
542,500,4588021,0.94
543,500,5125889,0.88
544,500,4489048,0.99
545,500,4629782,0.9
546,500,5284300,0.8
547,500,4854928,0.92
548,500,4773533,0.97
549,500,5425776,0.88
550,500,4458672,0.93
551,500,4457492,1
552,500,4997498,0.84
553,500,4503659,0.99
554,500,4465369,0.96
555,500,4827701,0.88
556,500,2798029,1
557,500,5324423,0.9
558,500,5235122,0.87
559,500,4467637,0.98
560,500,4999273,0.97
561,500,5024873,0.94
562,500,5441947,0.9
563,500,4742012,0.91
564,500,5305266,0.88
565,500,4334545,1
566,500,4550148,0.97
567,500,5117283,0.95
568,500,3519805,1
569,500,5236741,0.92
570,500,4787876,0.98
571,500,3027514,1
572,500,4006653,0.98
573,500,3298381,0.97
574,500,4260254,0.94
575,500,4801854,0.96
576,500,4944481,0.97
577,500,5358389,0.84
578,500,4691790,0.99
579,500,3728100,1
580,500,1133396,1
581,500,5029327,0.98
582,500,4788227,0.82
583,500,4580530,0.76
584,500,5225450,0.95
585,500,4394322,0.91
586,500,4216098,0.94
587,500,4439249,0.99
588,500,4354208,0.96
589,500,4603711,0.8
590,500,4096117,0.97
591,500,3839259,0.98
592,500,3867228,0.95
593,500,4848563,0.87
594,500,4924191,0.91
595,500,4601468,0.97
596,500,4692712,0.98
597,500,4068951,0.98
598,500,4303886,1
599,500,4859552,0.91
600,500,5217051,0.74
601,500,4157628,0.95
602,500,4634340,0.99
603,500,4333015,1
604,500,4476827,0.98
605,500,3383041,0.96
606,500,5206829,0.84
607,500,3864586,0.99
608,500,4715846,0.95
609,500,4423758,1
610,500,4892266,0.93
611,500,3924250,1
612,500,4622488,0.96
613,500,3670039,0.98
614,500,5212044,0.89
615,500,3933666,0.97
616,500,5080054,0.91
617,500,5021799,0.94
618,500,5055415,0.91
619,500,5157459,0.92
620,500,4871594,0.94
621,500,2810988,1
622,500,3962016,0.99
623,500,4023734,1
624,500,4124633,1
625,500,4480756,0.94
626,500,3907672,1
627,500,5100436,0.98
628,500,5023907,0.9
629,500,4048290,1
630,500,4650730,0.96
631,500,4987148,0.98
632,500,4983804,0.93
633,500,4531564,0.96
634,500,4786689,0.83
635,500,5325358,0.85
636,500,3941364,0.98
637,500,5252790,0.89
638,500,4206086,0.99
639,500,3937227,0.99
640,500,5013275,0.96
641,500,4474724,0.95
642,500,4613840,0.86
643,500,4728503,0.88
644,500,3140776,0.93
645,500,4423911,0.98
646,500,4735838,0.87
647,500,4042483,1
648,500,4375997,0.93
649,500,4375298,0.94
650,500,4970109,0.83
651,500,4708276,0.88
652,500,4711872,0.86
653,500,4607188,0.93
654,500,4562486,0.81
655,500,4805912,0.81
656,500,4566340,0.98
657,500,4710683,0.9
658,500,4277538,0.98
659,500,5055387,0.95
660,500,4808254,0.97
661,500,3668971,1
662,500,5045707,0.88
663,500,3032674,1
664,500,4017851,0.99
665,500,4716773,1
666,500,4699461,0.93
667,500,3519082,1
668,500,3736126,1
669,500,8780065,0.95
670,500,3708217,0.97
671,500,2963399,1
672,500,4585220,0.94
673,500,4303838,0.97
674,500,3270798,1
675,500,3943158,0.99
676,500,4565229,1
677,500,4212591,1
678,500,5334563,0.95
679,500,5214565,0.99
680,500,4597908,0.9
681,500,5055444,0.94
682,500,4830838,0.85
683,500,3989508,0.98
684,500,4223637,0.92
685,500,4402393,0.98
686,500,4488603,1
687,500,4617679,0.97
688,500,5307016,0.9
689,500,3514331,0.99
690,500,3303775,0.99
691,500,4906341,0.95
692,500,4939351,0.93
693,500,5081515,0.95
694,500,5040443,0.96
695,500,4410307,0.96
696,500,4108134,1
697,500,5100991,0.91
698,500,4652934,0.96
699,500,4885366,0.97
700,500,5098001,0.9
701,500,4940721,0.88
702,500,5262106,0.9
703,500,4239841,1
704,500,4998377,0.93
705,500,4968719,0.99
706,500,5128915,0.85
707,500,4901111,0.94
708,500,5141436,0.84
709,500,4373727,0.99
710,500,5137000,0.95
711,500,4452352,0.97
712,500,4938307,0.85
713,500,4468843,0.98
714,500,5042269,0.94
715,500,4805908,0.7
716,500,4112200,1
717,500,4939908,0.88
718,500,4065991,0.96
719,500,4993625,0.94
720,500,4490953,0.96
721,500,4682112,0.95
722,500,3398620,0.97
723,500,3355503,1
724,500,4160548,0.96
725,500,3908257,0.82
726,500,4576231,0.9
727,500,4244741,0.99
728,500,2502004,1
729,500,3622197,0.99
730,500,4369605,0.87
731,500,4187288,1
732,500,5258665,0.88
733,500,5065715,0.85
734,500,4636609,0.99
735,500,4567818,0.98
736,500,4073668,0.99
737,500,4336580,0.98
738,500,5116293,0.89
739,500,3017983,1
740,500,4511974,0.98
741,500,4971583,0.93
742,500,4727539,0.94
743,500,5220385,0.9
744,500,5166055,0.94
745,500,4856834,0.96
746,500,4499646,0.99
747,500,4899999,0.91
748,500,4582249,0.99
749,500,4855126,0.97
750,500,5151850,0.91
751,500,4666036,0.99
752,500,4824357,0.94
753,500,4487367,0.99
754,500,4922484,0.95
755,500,5110005,0.99
756,500,4772010,0.96
757,500,4708544,0.91
758,500,5158068,0.92
759,500,4508154,0.96
760,500,4117949,1
761,500,4758851,0.96
762,500,3851098,0.93
763,500,5006365,0.94
764,500,5162074,0.9
765,500,5101694,0.86
766,500,4330095,0.95
767,500,5448885,0.82
768,500,4869157,0.97
769,500,5363332,0.94
770,500,4911403,0.94
771,500,5400540,0.93
772,500,4503463,0.82
773,500,4261557,0.97
774,500,3880836,0.99
775,500,5170742,0.91
776,500,4889007,0.94
777,500,4806971,0.95
778,500,3804628,0.98
779,500,3121067,0.99
780,500,4260586,0.99
781,500,4423988,1
782,500,4870943,0.92
783,500,4689350,0.95
784,500,4305587,0.99
785,500,3959728,1
786,500,4986831,0.93
787,500,5267771,0.89
788,500,3515621,1
789,500,4222068,1
790,500,4796105,0.94
791,500,5228289,0.92
792,500,4621059,0.95
793,500,5169975,0.91
794,500,4855008,0.99
795,500,4417791,0.98
796,500,5199035,0.91
797,500,4209778,0.99
798,500,3997355,1
799,500,4558419,0.92
800,500,4554084,0.99
801,500,5288833,0.79
802,500,4753608,0.98
803,500,3763375,0.98
804,500,5114270,0.89
805,500,4736375,0.99
806,500,4495326,0.98
807,500,4610931,0.93
808,500,4939461,0.87
809,500,3445658,1
810,500,3546950,1
811,500,4873850,0.95
812,500,4804119,0.95
813,500,4303486,1
814,500,5398529,0.85
815,500,5002122,0.89
816,500,4916794,0.88
817,500,3361369,0.99
818,500,4344737,0.99
819,500,3972352,1
820,500,2609583,1
821,500,3451114,1
822,500,2308000,1
823,500,3387442,0.87
824,500,4605496,0.88
825,500,5074790,0.96
826,500,3338088,1
827,500,4581859,0.96
828,500,4141245,0.98
829,500,4814709,0.85
830,500,4017603,0.98
831,500,4160488,0.96
832,500,4528741,1
833,500,4199794,0.96
834,500,4699429,0.96
835,500,3082731,1
836,500,4198386,1
837,500,4928617,0.85
838,500,5316085,0.88
839,500,4998166,1
840,500,2706735,1
841,500,5278391,0.83
842,500,4238580,0.99
843,500,3188064,0.99
844,500,4598859,0.92
845,500,4712759,0.94
846,500,2722921,1
847,500,4837768,0.98
848,500,4412512,1
849,500,4379646,0.99
850,500,4274934,0.95
851,500,3921250,0.98
852,500,5001919,0.95
853,500,4370554,0.96
854,500,4314164,0.99
855,500,5241215,0.83
856,500,2177793,1
857,500,4663528,0.99
858,500,4432626,1
859,500,4275089,1
860,500,1975692,1
861,500,4860295,0.96
862,500,4841724,0.97
863,500,4776282,0.98
864,500,4575249,0.99
865,500,4894861,0.96
866,500,4157829,1
867,500,4413853,1
868,500,4331773,0.96
869,500,4398530,1
870,500,4838510,0.93
871,500,4890526,0.97
872,500,4953149,0.95
873,500,5348491,0.82
874,500,3824667,0.99
875,500,5407454,0.87
876,500,5207325,0.89
877,500,5313541,0.94
878,500,5131679,0.87
879,500,5443887,0.91
880,500,4089216,1
881,500,5208212,0.85
882,500,5257224,0.9
883,500,5133213,0.93
884,500,4947037,0.9
885,500,4594070,0.95
886,500,4225557,0.97
887,500,4928018,0.94
888,500,4868536,0.96
889,500,4791773,0.97
890,500,4989944,0.92
891,500,4996710,0.92
892,500,5392241,0.8
893,500,5073346,0.88
894,500,4789506,0.99
895,500,4882378,0.97
896,500,4969767,0.89
897,500,5117982,0.96
898,500,5193301,0.89
899,500,5084646,0.84
900,500,5087192,0.98
901,500,2999050,1
902,500,3386906,0.98
903,500,3141267,1
904,500,4040108,0.89
905,500,3298020,0.99
906,500,4677389,0.9
907,500,3979829,1
908,500,3877800,1
909,500,4989168,0.92
910,500,4311032,0.98
911,500,3567825,1
912,500,4299813,0.94
913,500,3415708,1
914,500,4828384,0.95
915,500,5095206,0.86
916,500,4264241,0.9
917,500,4385086,1
918,500,4094564,0.99
919,500,4705933,0.94
920,500,4223829,0.99
921,500,4298751,0.96
922,500,3474121,0.99
923,500,4411982,1
924,500,4854319,0.98
925,500,3961499,1
926,500,3231825,1
927,500,3067640,1
928,500,3097986,0.95
929,500,3976315,0.98
930,500,4651794,0.99
931,500,3367573,0.99
932,500,3732747,1
933,500,4981248,0.93
934,500,4721802,0.93
935,500,4885414,0.96
936,500,4402305,0.99
937,500,5438716,0.88
938,500,4567365,1
939,500,4562163,0.94
940,500,4307465,1
941,500,4387256,0.99
942,500,4453912,0.99
943,500,5113938,0.9
944,500,4635004,0.88
945,500,4495213,0.9
946,500,3812584,1
947,500,5394117,0.87
948,500,5000035,0.93
949,500,4547158,0.97
950,500,5156130,0.9
951,500,5023303,0.96
952,500,4602928,0.98
953,500,5065561,0.84
954,500,4693031,0.97
955,500,5120781,0.91
956,500,4218531,0.97
957,500,4268972,1
958,500,2277489,1
959,500,4376416,0.97
960,500,3844080,0.98
961,500,1862627,1
962,500,1524049,1
963,500,5307794,0.9
964,500,2913242,0.95
965,500,4587713,0.89
966,500,1947872,1
967,500,4002918,0.89
968,500,2087333,1
969,500,4092319,0.95
970,500,4701709,0.89
971,500,5278853,0.92
972,500,4410380,0.93
973,500,4739548,0.99
974,500,1870520,1
975,500,5164960,0.81
976,500,5280820,0.87
977,500,2370014,1
978,500,3590687,0.73
979,500,2766398,1
980,500,3278037,0.98
981,500,3953767,0.86
982,500,2234516,1
983,500,2023782,1
984,500,4002951,0.82
985,500,4303223,0.96
986,500,3981251,0.98
987,500,2806987,1
988,500,4536799,0.95
989,500,3721592,0.98
990,500,4007776,0.91
991,500,5107433,0.9
992,500,4853253,0.99
993,500,5048377,0.82
994,500,3444240,1
995,500,4774692,0.79
996,500,4626913,0.97
997,500,4665024,0.98
998,500,4146695,0.99
999,500,2813013,1
0,600,4238812,1
1,600,5413207,1
2,600,3793112,1
3,600,5541699,0.99
4,600,5670862,0.92
5,600,4093842,0.99
6,600,5299751,0.97
7,600,5882598,0.97
8,600,4529798,1
9,600,5103591,1
10,600,3309907,1
11,600,3049905,1
12,600,5246600,0.98
13,600,4275600,0.89
14,600,5771952,0.94
15,600,4824054,1
16,600,2978467,1
17,600,4853866,0.99
18,600,5830069,0.93
19,600,8063905,1
20,600,7469877,1
21,600,7739893,0.91
22,600,7659556,0.86
23,600,7446880,0.96
24,600,5250819,1
25,600,8166869,0.88
26,600,7348781,0.92
27,600,7552062,0.91
28,600,6631467,0.96
29,600,5722113,1
30,600,5303223,0.99
31,600,6594997,0.96
32,600,6453127,0.97
33,600,4992000,1
34,600,3785317,1
35,600,5730690,0.99
36,600,4818734,0.98
37,600,6152442,0.94
38,600,4319882,0.99
39,600,6062922,0.9
40,600,3127244,1
41,600,6559043,0.9
42,600,4687725,1
43,600,4896739,0.99
44,600,4176209,1
45,600,4877751,1
46,600,4534743,0.99
47,600,4088365,1
48,600,5845225,0.97
49,600,5701057,0.99
50,600,5350965,0.99
51,600,5431131,1
52,600,5340250,0.98
53,600,5509922,0.99
54,600,4690931,1
55,600,4767665,1
56,600,4264846,1
57,600,4577100,1
58,600,4646598,0.99
59,600,6013980,0.99
60,600,6181624,0.96
61,600,6668034,0.98
62,600,6943440,0.83
63,600,6872319,0.96
64,600,6532610,0.98
65,600,5494781,1
66,600,4886261,1
67,600,6459398,0.95
68,600,6811967,0.91
69,600,6005623,1
70,600,5666569,0.98
71,600,6033809,0.98
72,600,6186038,0.88
73,600,5375984,0.97
74,600,4746999,1
75,600,4729737,1
76,600,4663077,0.99
77,600,6026601,0.99
78,600,5315676,1
79,600,6660970,0.91
80,600,5793590,1
81,600,5882068,0.95
82,600,5351780,1
83,600,5652086,0.98
84,600,4964181,1
85,600,5548065,0.99
86,600,5755495,0.99
87,600,5329031,0.99
88,600,4967510,1
89,600,4714589,0.98
90,600,5018581,0.99
91,600,4471464,0.97
92,600,4688982,0.99
93,600,6382893,0.93
94,600,5543293,0.98
95,600,6099576,0.98
96,600,3809634,1
97,600,3023726,1
98,600,4713213,0.99
99,600,6499642,0.96
100,600,5558981,0.93
101,600,5889568,0.99
102,600,5573722,0.93
103,600,5311097,0.93
104,600,5965248,1
105,600,5653060,0.96
106,600,5611588,0.85
107,600,3810183,1
108,600,5688794,0.95
109,600,4245745,0.99
110,600,2710001,1
111,600,4657651,1
112,600,4704100,0.95
113,600,4185340,1
114,600,5837427,0.92
115,600,5322193,0.98
116,600,4360984,1
117,600,4950150,0.99
118,600,4349175,1
119,600,5353974,0.99
120,600,5673917,0.98
121,600,6106368,0.9
122,600,4817876,1
123,600,5771439,0.89
124,600,6244977,0.96
125,600,5886101,0.97
126,600,5675659,0.99
127,600,5836107,0.91
128,600,5217954,0.99
129,600,4504516,0.97
130,600,5328442,0.93
131,600,6278920,0.94
132,600,5513668,0.98
133,600,5870151,0.97
134,600,4727246,0.95
135,600,6187313,0.97
136,600,5700453,1
137,600,5369827,0.97
138,600,5389319,1
139,600,5403236,0.97
140,600,5734830,0.95
141,600,5126892,1
142,600,5499496,0.99
143,600,6214260,0.98
144,600,6455549,0.95
145,600,5831905,0.97
146,600,5319686,0.95
147,600,3276220,1
148,600,5998300,0.97
149,600,3842679,1
150,600,5739866,0.97
151,600,3604354,1
152,600,4647751,0.99
153,600,4345333,0.99
154,600,6050615,0.99
155,600,4354651,1
156,600,5624119,1
157,600,4468460,1
158,600,4366025,0.98
159,600,5133383,0.85
160,600,3456344,1
161,600,3180344,1
162,600,4678704,1
163,600,4783808,1
164,600,4781354,1
165,600,5294244,0.99
166,600,6280016,0.95
167,600,5391341,0.86
168,600,5759818,0.97
169,600,5530943,0.93
170,600,6135835,0.99
171,600,5762457,0.92
172,600,6222634,0.94
173,600,4617124,1
174,600,4365958,1
175,600,3330168,1
176,600,5514095,0.93
177,600,5087948,0.99
178,600,3907802,0.99
179,600,4080205,1
180,600,5768583,0.93
181,600,6262154,0.91
182,600,4579972,1
183,600,6645028,0.9
184,600,6117988,0.94
185,600,6128711,0.82
186,600,6076607,0.94
187,600,5890628,0.95
188,600,5335908,1
189,600,4071713,1
190,600,3632017,1
191,600,6032621,0.97
192,600,5457914,0.97
193,600,6597058,0.88
194,600,3928490,0.99
195,600,6266204,0.91
196,600,5737422,0.98
197,600,4805396,0.95
198,600,6177889,0.88
199,600,6097895,0.9
200,600,5884091,0.93
201,600,6022896,0.93
202,600,6057565,0.89
203,600,5082315,0.94
204,600,4399384,1
205,600,3964420,0.99
206,600,6190039,0.83
207,600,6301434,0.83
208,600,6301708,0.92
209,600,5826582,0.95
210,600,6309733,0.96
211,600,6240587,0.93
212,600,5440285,0.94
213,600,6116842,0.96
214,600,5277809,0.94
215,600,6105788,0.95
216,600,6136796,0.91
217,600,5022157,0.97
218,600,5766348,0.93
219,600,5614295,0.91
220,600,5783081,0.91
221,600,5538662,0.93
222,600,6203418,0.89
223,600,6242731,0.94
224,600,5857746,0.99
225,600,5885646,0.91
226,600,3917583,0.96
227,600,6212097,0.9
228,600,6033184,0.92
229,600,6229704,0.96
230,600,6263132,0.98
231,600,6035140,0.92
232,600,5700735,0.98
233,600,4895421,0.99
234,600,5915109,0.94
235,600,4520989,0.97
236,600,6178257,0.94
237,600,6273138,0.88
238,600,5653469,0.99
239,600,6005687,0.89
240,600,5680144,0.97
241,600,5917951,0.96
242,600,6149823,0.96
243,600,5492251,0.95
244,600,5997036,0.96
245,600,5911043,0.94
246,600,5804069,0.96
247,600,5663559,0.93
248,600,6113802,0.85
249,600,5512328,0.88
250,600,5742771,0.92
251,600,5868978,0.95
252,600,6015453,0.96
253,600,5885943,0.95
254,600,5891878,0.94
255,600,5504076,0.96
256,600,6194044,0.93
257,600,6046669,0.96
258,600,5703783,0.96
259,600,6283491,0.93
260,600,6135006,0.81
261,600,5998884,0.93
262,600,6006045,0.89
263,600,5131333,1
264,600,6012047,0.99
265,600,6146533,0.98
266,600,5396918,1
267,600,5744778,0.94
268,600,5757441,0.96
269,600,6356329,0.86
270,600,5323987,1
271,600,5347025,0.98
272,600,5801521,0.95
273,600,4888830,0.99
274,600,4444809,1
275,600,6022138,0.99
276,600,5323830,0.99
277,600,5980535,0.91
278,600,5509010,0.97
279,600,4241790,0.96
280,600,4613002,1
281,600,3244088,1
282,600,5685919,0.98
283,600,5280275,1
284,600,4417235,1
285,600,5699683,0.87
286,600,4148167,1
287,600,4722254,0.98
288,600,5499172,0.99
289,600,5485486,0.98
290,600,5952603,0.89
291,600,5246862,0.93
292,600,5474491,0.99
293,600,5310761,0.99
294,600,5255535,0.98
295,600,6358446,0.89
296,600,5650604,0.91
297,600,4920541,1
298,600,6091197,0.95
299,600,5835838,0.93
300,600,5541277,0.99
301,600,4888683,1
302,600,5877991,0.78
303,600,4644255,1
304,600,5388123,1
305,600,5664253,0.97
306,600,5882444,0.96
307,600,5277439,0.84
308,600,4908343,1
309,600,4717353,0.92
310,600,5705870,0.99
311,600,5828401,0.95
312,600,5233965,0.93
313,600,4610845,0.98
314,600,5488947,1
315,600,5687545,0.99
316,600,3948155,1
317,600,5676217,1
318,600,5438569,0.99
319,600,5748909,0.97
320,600,5538926,0.95
321,600,6073057,0.94
322,600,5332542,0.98
323,600,6005622,1
324,600,5458194,0.94
325,600,5070738,0.99
326,600,4970929,1
327,600,4919279,0.98
328,600,4971502,1
329,600,5317284,0.79
330,600,6044391,0.88
331,600,4459609,0.97
332,600,3073750,1
333,600,3956474,0.99
334,600,6079202,0.89
335,600,2567035,1
336,600,3730272,0.99
337,600,4756937,0.97
338,600,3284192,0.99
339,600,5858218,0.89
340,600,5040874,0.99
341,600,4273316,0.99
342,600,3871853,1
343,600,5968005,0.93
344,600,5635132,0.97
345,600,3414283,0.99
346,600,5938123,0.93
347,600,4961104,0.78
348,600,5377031,0.97
349,600,3033680,1
350,600,5452480,0.91
351,600,5367516,0.8
352,600,3279948,0.97
353,600,3824225,0.99
354,600,4268140,0.97
355,600,3333354,0.98
356,600,8230224,0.97
357,600,6437733,0.98
358,600,5387467,0.99
359,600,4220506,1
360,600,4986432,1
361,600,7869528,0.97
362,600,3773981,1
363,600,4640680,0.99
364,600,7431933,0.98
365,600,3844763,1
366,600,4400073,1
367,600,4002137,1
368,600,5393151,0.97
369,600,6826536,0.99
370,600,4397198,0.98
371,600,6124310,0.9
372,600,6352303,0.97
373,600,3860806,0.99
374,600,6319346,0.95
375,600,6782918,0.93
376,600,3347108,1
377,600,5444746,0.98
378,600,4780576,1
379,600,5252328,1
380,600,5178406,1
381,600,6627616,0.99
382,600,6676474,0.98
383,600,6287045,0.83
384,600,5841925,0.91
385,600,6517525,0.96
386,600,3346080,1
387,600,4053448,0.99
388,600,6300295,0.96
389,600,4240504,1
390,600,6986340,0.93
391,600,5959613,0.95
392,600,5980909,0.97
393,600,6461445,0.92
394,600,6498762,1
395,600,6496600,0.99
396,600,6367043,0.97
397,600,6206262,0.9
398,600,6626072,0.95
399,600,6347354,0.92
400,600,5547510,0.94
401,600,6426609,0.89
402,600,4971348,0.98
403,600,6447370,0.97
404,600,6326326,0.95
405,600,5622252,0.98
406,600,6656578,0.95
407,600,5561250,0.99
408,600,6475073,0.88
409,600,6882680,0.88
410,600,6749029,0.89
411,600,6420757,0.93
412,600,6223402,0.95
413,600,7022438,0.87
414,600,6353575,0.97
415,600,5936743,1
416,600,6403062,0.93
417,600,6471960,0.91
418,600,6516690,0.98
419,600,6089972,0.92
420,600,6451152,0.89
421,600,5390603,0.98
422,600,5626020,0.98
423,600,6708144,0.89
424,600,4593185,1
425,600,6470555,0.9
426,600,5615228,0.99
427,600,6004269,0.98
428,600,5430835,0.97
429,600,5313256,0.96
430,600,6583647,0.99
431,600,6031058,0.94
432,600,5906507,0.88
433,600,3371413,0.98
434,600,5639783,0.94
435,600,4411076,0.92
436,600,5530789,0.9
437,600,4018509,1
438,600,6124385,0.97
439,600,5711144,0.83
440,600,6328532,0.95
441,600,5741817,0.95
442,600,6115417,0.91
443,600,5687903,0.96
444,600,5678193,0.98
445,600,6346933,0.94
446,600,5513083,0.95
447,600,5910188,0.96
448,600,6099897,0.95
449,600,5476929,0.96
450,600,4471269,0.99
451,600,4249836,0.99
452,600,5532862,1
453,600,4883939,0.99
454,600,6188766,0.92
455,600,5412750,0.97
456,600,6212016,0.93
457,600,6488456,0.97
458,600,5179021,0.99
459,600,5169068,0.99
460,600,4534133,0.99
461,600,3905858,1
462,600,6237238,0.99
463,600,6295959,0.94
464,600,3859873,0.99
465,600,6209631,0.87
466,600,4011297,0.95
467,600,6184408,0.94
468,600,6110285,0.94
469,600,4454526,1
470,600,5333757,0.93
471,600,5233548,1
472,600,4996057,0.96
473,600,6068586,0.97
474,600,5447342,0.97
475,600,4986364,1
476,600,6104724,0.95
477,600,6031617,0.9
478,600,6140698,0.92
479,600,5664601,0.96
480,600,4424446,1
481,600,4274101,1
482,600,5805770,0.91
483,600,6156596,0.93
484,600,3667781,1
485,600,3240576,1
486,600,2715260,1
487,600,5301558,0.86
488,600,6244629,0.98
489,600,4393884,1
490,600,5787837,0.99
491,600,6235607,0.93
492,600,6105389,0.98
493,600,6288513,0.91
494,600,5530527,0.94
495,600,4973615,1
496,600,2910655,1
497,600,3178103,1
498,600,5742183,0.88
499,600,5206783,0.93
500,600,2050656,1
501,600,4597887,0.99
502,600,5223146,1
503,600,5143025,0.98
504,600,4953542,0.97
505,600,5419308,1
506,600,6164537,0.85
507,600,5163128,0.93
508,600,3041763,1
509,600,3572347,1
510,600,5304947,0.94
511,600,6056663,0.93
512,600,4030683,1
513,600,4823825,0.98
514,600,5564221,1
515,600,5919550,0.99
516,600,2466110,1
517,600,2749732,1
518,600,5079095,1
519,600,5362367,0.87
520,600,6038769,0.99
521,600,3478388,1
522,600,5993180,0.87
523,600,5945246,0.94
524,600,5565048,0.86
525,600,6168607,0.91
526,600,6121843,0.97
527,600,5936391,0.88
528,600,5823783,0.96
529,600,6291601,0.84
530,600,4928411,1
531,600,4668030,0.98
532,600,2909378,1
533,600,5678589,0.98
534,600,5811196,0.98
535,600,5790429,0.81
536,600,3993002,1
537,600,6079503,0.98
538,600,5349974,1
539,600,5993068,0.96
540,600,5957997,0.92
541,600,4974528,0.99
542,600,5698415,0.95
543,600,6137653,0.89
544,600,5368393,1
545,600,5356839,0.93
546,600,6279282,0.83
547,600,5695813,0.95
548,600,5658542,0.98
549,600,6407409,0.92
550,600,5250446,0.95
551,600,5278609,1
552,600,6014096,0.85
553,600,5321101,1
554,600,5325767,0.97
555,600,5730332,0.93
556,600,3318404,1
557,600,6321002,0.92
558,600,6226962,0.89
559,600,5219862,0.98
560,600,5855268,0.98
561,600,5854181,0.94
562,600,6376962,0.94
563,600,5693816,0.91
564,600,6268697,0.93
565,600,5069264,1
566,600,5283842,0.97
567,600,6023299,0.95
568,600,4079056,1
569,600,6222855,0.93
570,600,5564402,0.98
571,600,3542120,1
572,600,4944292,0.98
573,600,3842970,0.97
574,600,5076441,0.97
575,600,5741359,1
576,600,5887171,0.97
577,600,6376528,0.89
578,600,5656313,1
579,600,4570605,1
580,600,1332035,1
581,600,5901087,0.98
582,600,5709813,0.83
583,600,5617386,0.79
584,600,6214799,0.95
585,600,5532013,0.94
586,600,5317097,0.94
587,600,5265471,0.99
588,600,5167215,0.97
589,600,5673236,0.83
590,600,4877218,0.99
591,600,4792847,1
592,600,4750538,0.96
593,600,5976222,0.89
594,600,6010922,0.94
595,600,5456948,0.97
596,600,5735515,0.99
597,600,4859125,0.98
598,600,5234480,1
599,600,5856850,0.93
600,600,6223679,0.79
601,600,5037670,0.96
602,600,5591991,1
603,600,5138621,1
604,600,5414806,0.99
605,600,3935137,0.98
606,600,6174309,0.86
607,600,4564360,1
608,600,5490368,0.96
609,600,5289664,1
610,600,5796523,0.93
611,600,4712578,1
612,600,5534490,0.96
613,600,4588428,0.99
614,600,6314544,0.89
615,600,4861472,0.99
616,600,6048446,0.91
617,600,6001917,0.96
618,600,5969140,0.94
619,600,6064921,0.93
620,600,5750372,0.98
621,600,3486077,1
622,600,4770035,0.99
623,600,4778533,1
624,600,4901818,1
625,600,5300143,0.95
626,600,4678150,1
627,600,5933352,0.98
628,600,5996913,0.93
629,600,4796173,1
630,600,5749505,0.97
631,600,5898939,0.98
632,600,5957750,0.95
633,600,5332947,0.96
634,600,5694779,0.86
635,600,6309898,0.88
636,600,4840406,0.99
637,600,6175720,0.9
638,600,5097530,1
639,600,4566771,0.99
640,600,5909828,0.97
641,600,5354604,0.95
642,600,5445265,0.87
643,600,5587381,0.9
644,600,3788555,0.96
645,600,5211280,0.98
646,600,5778486,0.9
647,600,4791710,1
648,600,5444267,0.93
649,600,5255326,0.95
650,600,5837420,0.86
651,600,5573436,0.92
652,600,5613560,0.9
653,600,5415877,0.93
654,600,5388366,0.82
655,600,5648010,0.83
656,600,5384335,1
657,600,5483976,0.91
658,600,5093904,0.98
659,600,5900567,0.96
660,600,5654967,0.97
661,600,4413977,1
662,600,6016640,0.89
663,600,3592959,1
664,600,4701085,0.99
665,600,5556274,1
666,600,5615106,0.97
667,600,4072482,1
668,600,4332562,1
669,600,5841350,0.97
670,600,4501626,0.99
671,600,3581000,1
672,600,5475708,0.95
673,600,5049158,0.97
674,600,3808088,1
675,600,4682368,1
676,600,5539177,1
677,600,5009242,1
678,600,6303874,0.96
679,600,6176005,1
680,600,5452414,0.92
681,600,6022057,0.95
682,600,5775813,0.88
683,600,4683371,1
684,600,5041064,0.96
685,600,5234100,0.99
686,600,5324630,1
687,600,5594737,0.97
688,600,6154372,0.97
689,600,4231294,0.99
690,600,4038198,0.99
691,600,5829450,0.95
692,600,5852098,0.96
693,600,9448559,0.96
694,600,7403065,0.96
695,600,6310541,0.97
696,600,6200182,1
697,600,7702274,0.94
698,600,7025925,0.97
699,600,6573855,0.99
700,600,7782553,0.92
701,600,7321934,0.92
702,600,7582356,0.91
703,600,6131586,1
704,600,6697668,0.95
705,600,6691070,0.99
706,600,7037534,0.88
707,600,6847001,0.97
708,600,7025130,0.87
709,600,6113020,0.99
710,600,6859728,0.97
711,600,6197166,0.99
712,600,6618396,0.86
713,600,5562521,0.98
714,600,6645111,0.95
715,600,6404104,0.75
716,600,6120002,1
717,600,6406893,0.9
718,600,5627537,0.96
719,600,6418105,0.97
720,600,6343832,0.97
721,600,6206290,0.97
722,600,4982579,0.97
723,600,4523155,1
724,600,5472653,0.98
725,600,5547816,0.83
726,600,6003722,0.93
727,600,5549365,0.99
728,600,3468450,1
729,600,5225125,1
730,600,6112010,0.88
731,600,5333565,1
732,600,6693050,0.91
733,600,6315650,0.87
734,600,6102174,0.99
735,600,5940772,0.99
736,600,5322821,0.99
737,600,5414588,0.99
738,600,6559736,0.9
739,600,3932715,1
740,600,5769882,0.98
741,600,6300129,0.94
742,600,6176089,0.95
743,600,6403702,0.94
744,600,6168628,0.95
745,600,5884103,0.96
746,600,5556023,0.99
747,600,6138149,0.92
748,600,5622669,0.99
749,600,5821000,0.97
750,600,6401611,0.91
751,600,5790172,0.99
752,600,6132484,0.96
753,600,5498304,0.99
754,600,6050578,0.97
755,600,6507816,0.99
756,600,6484341,0.98
757,600,6256580,0.91
758,600,6309984,0.96
759,600,5634195,0.96
760,600,5026721,1
761,600,6058075,0.96
762,600,4787101,0.95
763,600,5974735,0.97
764,600,6264346,0.94
765,600,6314891,0.88
766,600,5231751,0.96
767,600,6750062,0.86
768,600,5801567,0.99
769,600,6519088,0.95
770,600,6141036,0.94
771,600,6487522,0.94
772,600,5850395,0.84
773,600,5066736,0.99
774,600,4927904,1
775,600,6260260,0.95
776,600,6096980,0.97
777,600,5914771,0.97
778,600,4630978,0.98
779,600,4058366,0.99
780,600,5105716,1
781,600,5257376,1
782,600,5787498,0.94
783,600,5629720,0.97
784,600,5219505,0.99
785,600,4798990,1
786,600,6018560,0.95
787,600,6274889,0.93
788,600,4287265,1
789,600,5637134,1
790,600,5586276,0.96
791,600,6250744,0.94
792,600,5518483,0.98
793,600,6205329,0.91
794,600,5973377,0.99
795,600,5567301,0.99
796,600,6238867,0.92
797,600,4978130,0.99
798,600,4772923,1
799,600,5504054,0.96
800,600,5418170,0.99
801,600,6454266,0.8
802,600,5760135,0.98
803,600,4741259,0.98
804,600,6166462,0.95
805,600,5749700,0.99
806,600,5562593,0.98
807,600,5742730,0.95
808,600,6006803,0.91
809,600,4413619,1
810,600,4365219,1
811,600,5862046,0.95
812,600,6002094,0.96
813,600,5146325,1
814,600,6502147,0.86
815,600,6051515,0.89
816,600,5958984,0.92
817,600,4000705,1
818,600,5290022,0.99
819,600,4759380,1
820,600,3356540,1
821,600,4192499,1
822,600,2864064,1
823,600,4642208,0.9
824,600,5517362,0.89
825,600,6032752,0.96
826,600,4160818,1
827,600,5464361,0.97
828,600,4864788,1
829,600,5941503,0.87
830,600,4793896,0.99
831,600,4995912,0.98
832,600,5438992,1
833,600,5319772,0.98
834,600,5664855,1
835,600,3866402,1
836,600,4998442,1
837,600,5953037,0.87
838,600,6368916,0.89
839,600,5870083,1
840,600,3547455,1
841,600,6261116,0.86
842,600,5266354,0.99
843,600,3841441,0.99
844,600,5656434,0.94
845,600,5568254,0.98
846,600,3672554,1
847,600,5845530,0.98
848,600,5205105,1
849,600,5185748,0.99
850,600,5274651,0.96
851,600,4701548,1
852,600,5901975,0.96
853,600,5387220,0.97
854,600,5323740,0.99
855,600,6311095,0.87
856,600,3155220,1
857,600,5544536,0.99
858,600,5226034,1
859,600,5023834,1
860,600,2583109,1
861,600,5753106,0.98
862,600,5805280,0.98
863,600,5801020,0.99
864,600,5358804,0.99
865,600,5821657,0.98
866,600,5034632,1
867,600,5259198,1
868,600,5308834,0.97
869,600,5230536,1
870,600,5743745,0.95
871,600,5784903,0.99
872,600,5964517,0.97
873,600,6374149,0.86
874,600,5005827,1
875,600,6393835,0.89
876,600,6242944,0.93
877,600,6285064,0.96
878,600,6101877,0.88
879,600,6582890,0.93
880,600,4949018,1
881,600,6248620,0.87
882,600,6295928,0.9
883,600,6118956,0.95
884,600,5781457,0.92
885,600,5574809,0.95
886,600,5030280,0.98
887,600,5999733,0.94
888,600,5766250,0.96
889,600,5791616,0.99
890,600,6069777,0.95
891,600,6034969,0.94
892,600,6430588,0.82
893,600,6089531,0.92
894,600,5749956,0.99
895,600,5806673,0.97
896,600,5989404,0.97
897,600,5863439,0.98
898,600,6327856,0.9
899,600,6026691,0.89
900,600,6001302,1
901,600,3588028,1
902,600,4457651,0.99
903,600,4089213,1
904,600,4868911,0.91
905,600,3922038,0.99
906,600,5572839,0.92
907,600,4765551,1
908,600,4638918,1
909,600,5936766,0.92
910,600,5127924,1
911,600,4176672,1
912,600,5056962,0.95
913,600,3979686,1
914,600,5741825,0.95
915,600,6003897,0.89
916,600,5252749,0.93
917,600,5335858,1
918,600,4810153,1
919,600,5561887,0.96
920,600,4960786,0.99
921,600,5094547,0.96
922,600,4203462,0.99
923,600,5191781,1
924,600,5719077,0.98
925,600,4672357,1
926,600,3791030,1
927,600,3708942,1
928,600,3863453,0.95
929,600,4820153,0.98
930,600,5434840,1
931,600,4095347,0.99
932,600,4374821,1
933,600,5842296,0.94
934,600,5504467,0.95
935,600,5717285,0.97
936,600,5267287,0.99
937,600,6447924,0.91
938,600,5439672,1
939,600,5351276,0.96
940,600,5057833,1
941,600,5139403,0.99
942,600,5163241,0.99
943,600,6062960,0.9
944,600,5633952,0.9
945,600,5298024,0.94
946,600,4602412,1
947,600,6373185,0.89
948,600,5920556,0.94
949,600,5351536,0.98
950,600,6095929,0.93
951,600,5945332,0.97
952,600,5448690,1
953,600,6041881,0.85
954,600,5631315,0.99
955,600,6100394,0.92
956,600,5194563,0.98
957,600,5050941,1
958,600,2800258,1
959,600,5330197,0.97
960,600,4559349,0.99
961,600,2569478,1
962,600,1962607,1
963,600,6452468,0.95
964,600,3608492,0.95
965,600,5511506,0.9
966,600,2377090,1
967,600,4885395,0.89
968,600,2543671,1
969,600,4929432,0.95
970,600,5644325,0.91
971,600,6215535,0.95
972,600,5209180,0.93
973,600,5549418,1
974,600,2264379,1
975,600,6072298,0.85
976,600,6285867,0.89
977,600,2839893,1
978,600,4654935,0.75
979,600,3253830,1
980,600,4097169,0.99
981,600,4789370,0.89
982,600,2714191,1
983,600,2521447,1
984,600,5018783,0.85
985,600,5195296,0.97
986,600,4737192,0.99
987,600,3326842,1
988,600,5293087,0.97
989,600,4399440,0.98
990,600,4953084,0.93
991,600,6033046,0.92
992,600,5786000,0.99
993,600,6055223,0.85
994,600,4181221,1
995,600,5774626,0.84
996,600,5511351,0.97
997,600,5562863,0.99
998,600,4956038,0.99
999,600,3233608,1
0,700,5165391,1
1,700,6436499,1
2,700,4609969,1
3,700,6555781,0.99
4,700,6767916,0.93
5,700,5018556,1
6,700,6333047,0.97
7,700,7398510,0.97
8,700,5356111,1
9,700,5855161,1
10,700,3890808,1
11,700,3582367,1
12,700,6046137,0.98
13,700,5198847,0.89
14,700,6759367,0.96
15,700,5545404,1
16,700,3323597,1
17,700,5674773,0.99
18,700,7202048,0.94
19,700,4495565,1
20,700,6629871,1
21,700,7100494,0.93
22,700,6670726,0.88
23,700,6718410,0.96
24,700,5102562,1
25,700,7375972,0.9
26,700,7239835,0.93
27,700,7148245,0.91
28,700,6598856,0.98
29,700,5241384,1
30,700,5025247,0.99
31,700,6710335,0.96
32,700,6448654,1
33,700,5021181,1
34,700,4010712,1
35,700,5718844,0.99
36,700,4908942,0.99
37,700,6455527,0.96
38,700,4139255,0.99
39,700,6170443,0.91
40,700,3367447,1
41,700,6820908,0.92
42,700,4986623,1
43,700,5329071,0.99
44,700,4633431,1
45,700,5181512,1
46,700,5051396,1
47,700,4422163,1
48,700,6294580,0.98
49,700,6129189,1
50,700,5602949,0.99
51,700,5972819,1
52,700,5705387,0.98
53,700,5647034,0.99
54,700,4270142,1
55,700,5093703,1
56,700,4715848,1
57,700,5005946,1
58,700,4939614,0.99
59,700,6302612,1
60,700,6806207,0.98
61,700,7084140,0.99
62,700,7397776,0.85
63,700,7294615,0.96
64,700,6686813,0.98
65,700,5999749,1
66,700,4743935,1
67,700,6844935,0.96
68,700,7448622,0.92
69,700,6499198,1
70,700,6165607,0.99
71,700,6617655,0.98
72,700,6989033,0.9
73,700,5590172,0.99
74,700,5318799,1
75,700,5349537,1
76,700,5276252,0.99
77,700,6584389,0.99
78,700,5783550,1
79,700,7399589,0.92
80,700,6186515,1
81,700,6355395,0.97
82,700,5825149,1
83,700,6318418,0.98
84,700,5395270,1
85,700,6171469,0.99
86,700,6496287,0.99
87,700,5651106,0.99
88,700,5426064,1
89,700,5295460,0.98
90,700,5382106,0.99
91,700,5003192,0.98
92,700,5153362,0.99
93,700,7068913,0.94
94,700,5986631,0.98
95,700,6867599,0.99
96,700,4023138,1
97,700,3360647,1
98,700,5294038,0.99
99,700,7345314,0.99
100,700,6037381,0.93
101,700,6458296,0.99
102,700,6025589,0.94
103,700,5968385,0.93
104,700,6669728,1
105,700,6312818,0.97
106,700,6342691,0.89
107,700,3863289,1
108,700,6369288,0.96
109,700,4699698,0.99
110,700,3044733,1
111,700,5061362,1
112,700,5295201,0.95
113,700,4461240,1
114,700,6618190,0.94
115,700,6052101,0.98
116,700,4804270,1
117,700,5514330,0.99
118,700,4938697,1
119,700,5983728,0.99
120,700,6317658,0.99
121,700,6886472,0.94
122,700,5318819,1
123,700,6543736,0.92
124,700,6974877,0.97
125,700,6696473,0.97
126,700,6435411,1
127,700,6615481,0.91
128,700,5851418,0.99
129,700,4918984,0.98
130,700,6023843,0.94
131,700,7158097,0.95
132,700,6064237,0.99
133,700,6678995,0.97
134,700,5285484,0.95
135,700,6886169,0.98
136,700,6385920,1
137,700,6128645,0.99
138,700,6047290,1
139,700,6132658,0.99
140,700,6493753,0.98
141,700,5852845,1
142,700,6250305,1
143,700,6942589,0.99
144,700,7272791,0.96
145,700,6677992,0.98
146,700,6071247,0.96
147,700,3667591,1
148,700,6561775,0.98
149,700,4270982,1
150,700,6503111,0.97
151,700,3544270,1
152,700,5293991,0.99
153,700,4841227,1
154,700,6938503,0.99
155,700,4777074,1
156,700,6445762,1
157,700,5134429,1
158,700,4583027,0.98
159,700,5890817,0.85
160,700,3740571,1
161,700,3528835,1
162,700,5279541,1
163,700,5429195,1
164,700,5375250,1
165,700,6015940,1
166,700,7121013,0.97
167,700,5626887,0.89
168,700,6508728,0.97
169,700,6220776,0.94
170,700,6950558,0.99
171,700,6534706,0.96
172,700,7129973,0.96
173,700,5253150,1
174,700,4990412,1
175,700,3615156,1
176,700,6182160,0.94
177,700,5501156,0.99
178,700,4378876,0.99
179,700,4669275,1
180,700,6480053,0.94
181,700,7045622,0.94
182,700,5134385,1
183,700,7601320,0.93
184,700,6967778,0.94
185,700,6937379,0.85
186,700,6930265,0.97
187,700,6731702,0.96
188,700,6002330,1
189,700,4541233,1
190,700,4055918,1
191,700,6846133,0.97
192,700,6133212,0.97
193,700,7504470,0.88
194,700,4389891,0.99
195,700,7152076,0.94
196,700,6491026,0.98
197,700,5359296,0.96
198,700,6966232,0.91
199,700,6938017,0.92
200,700,6592345,0.93
201,700,6846291,0.98
202,700,6831972,0.92
203,700,5742890,0.95
204,700,4991271,1
205,700,4514588,0.99
206,700,7002572,0.87
207,700,7047367,0.84
208,700,7101506,0.94
209,700,6613201,0.95
210,700,7199995,0.97
211,700,7111667,0.94
212,700,6276312,0.95
213,700,6914536,0.96
214,700,6037274,0.95
215,700,10281792,0.95
216,700,8836207,0.92
217,700,7148039,0.98
218,700,7813929,0.96
219,700,7836154,0.93
220,700,8242203,0.97
221,700,7754542,0.96
222,700,8666795,0.91
223,700,8467627,0.94
224,700,7865848,0.99
225,700,7738274,0.91
226,700,5290291,0.97
227,700,8012574,0.91
228,700,7616721,0.93
229,700,8089465,0.98
230,700,8214887,0.99
231,700,7793942,0.94
232,700,7067743,0.98
233,700,6189172,0.99
234,700,7381546,0.95
235,700,6016429,0.98
236,700,8124517,0.95
237,700,7656497,0.89
238,700,7285571,0.99
239,700,7513280,0.91
240,700,7107737,0.97
241,700,7077285,0.97
242,700,7513366,0.97
243,700,6690729,0.97
244,700,7427092,0.98
245,700,7335323,0.94
246,700,7204665,0.97
247,700,6407242,0.96
248,700,7386885,0.86
249,700,6787924,0.9
250,700,7120076,0.97
251,700,7326130,0.96
252,700,7344938,0.96
253,700,7381375,0.95
254,700,6911069,0.96
255,700,6588058,0.96
256,700,7496130,0.94
257,700,7293954,0.96
258,700,6834366,0.98
259,700,7491861,0.93
260,700,7666869,0.84
261,700,7167425,0.94
262,700,7553411,0.91
263,700,6377174,1
264,700,7394552,1
265,700,7146356,0.98
266,700,6513065,1
267,700,6827772,0.94
268,700,6723663,0.96
269,700,7631385,0.89
270,700,6794776,1
271,700,6725385,0.98
272,700,7008606,0.99
273,700,6503163,0.99
274,700,5903542,1
275,700,7239857,0.99
276,700,6625555,0.99
277,700,7316153,0.95
278,700,6571594,0.97
279,700,5257360,0.98
280,700,5806713,1
281,700,4270474,1
282,700,6644962,0.98
283,700,6359493,1
284,700,5507939,1
285,700,6791671,0.89
286,700,5520094,1
287,700,5873385,0.99
288,700,6639500,0.99
289,700,6603220,0.98
290,700,7215634,0.92
291,700,6378385,0.96
292,700,6746811,0.99
293,700,6207278,0.99
294,700,6493197,0.98
295,700,7562448,0.91
296,700,6670005,0.92
297,700,5937881,1
298,700,7322337,0.97
299,700,6953408,0.94
300,700,6655851,0.99
301,700,5856450,1
302,700,7076053,0.82
303,700,5567089,1
304,700,6486501,1
305,700,6675733,0.97
306,700,6904226,0.96
307,700,6397719,0.87
308,700,5844866,1
309,700,5616814,0.93
310,700,6589326,1
311,700,6862069,0.96
312,700,6165029,0.94
313,700,5698104,0.99
314,700,6599354,1
315,700,6548019,0.99
316,700,4638941,1
317,700,6656215,1
318,700,6211181,0.99
319,700,6763172,0.97
320,700,6406794,0.96
321,700,7074507,0.96
322,700,6227962,0.98
323,700,6960723,1
324,700,6480413,0.94
325,700,6098372,0.99
326,700,5761837,1
327,700,5736483,0.98
328,700,6078795,1
329,700,6333775,0.82
330,700,7118387,0.9
331,700,5391299,0.98
332,700,3616016,1
333,700,4719883,0.99
334,700,7010028,0.9
335,700,3051114,1
336,700,4449974,1
337,700,5758314,0.97
338,700,3845982,0.99
339,700,6744790,0.89
340,700,6088385,0.99
341,700,4928743,0.99
342,700,4517247,1
343,700,7013942,0.94
344,700,6531617,0.99
345,700,4063534,0.99
346,700,6853955,0.94
347,700,5798465,0.79
348,700,6189101,0.98
349,700,3895376,1
350,700,6414215,0.93
351,700,6343123,0.81
352,700,3807253,0.97
353,700,4590084,0.99
354,700,5025505,0.98
355,700,3837715,0.98
356,700,5337518,0.98
357,700,5986681,0.99
358,700,4655516,0.99
359,700,4082963,1
360,700,4622519,1
361,700,6817943,0.99
362,700,3824500,1
363,700,4627770,0.99
364,700,6673987,0.98
365,700,3673550,1
366,700,4239422,1
367,700,4175615,1
368,700,5215810,0.97
369,700,6440767,1
370,700,4552148,0.99
371,700,5707104,0.92
372,700,6038058,0.98
373,700,3814357,0.99
374,700,5658534,0.97
375,700,6648144,0.96
376,700,3724729,1
377,700,5313345,0.99
378,700,4775579,1
379,700,5575725,1
380,700,4938593,1
381,700,6613945,1
382,700,6664696,0.99
383,700,5845067,0.84
384,700,5528688,0.93
385,700,6792090,0.97
386,700,3666251,1
387,700,3952291,0.99
388,700,6339090,0.98
389,700,4382028,1
390,700,6943219,0.93
391,700,6102584,0.97
392,700,6252526,0.97
393,700,6940235,0.93
394,700,6719504,1
395,700,6670812,0.99
396,700,6429777,0.97
397,700,6227716,0.9
398,700,6784835,0.95
399,700,6776987,0.94
400,700,5933455,0.96
401,700,6894678,0.9
402,700,5069497,0.98
403,700,7126247,0.98
404,700,6812088,0.95
405,700,5905673,0.98
406,700,7201506,0.98
407,700,6012632,0.99
408,700,7038242,0.91
409,700,6953671,0.91
410,700,7302704,0.92
411,700,7008967,0.95
412,700,6755301,0.97
413,700,7440322,0.89
414,700,6910632,0.98
415,700,6176996,1
416,700,7098177,0.94
417,700,7201140,0.91
418,700,7152248,0.98
419,700,6651319,0.94
420,700,7176659,0.89
421,700,5471931,0.99
422,700,5941112,0.98
423,700,7213411,0.9
424,700,4715290,1
425,700,7276299,0.92
426,700,6070614,0.99
427,700,6674977,0.98
428,700,5989802,0.98
429,700,5960538,0.96
430,700,7146333,0.99
431,700,6474700,0.96
432,700,6386748,0.91
433,700,3735314,0.98
434,700,6142801,0.96
435,700,4479541,0.95
436,700,6115146,0.93
437,700,4355812,1
438,700,6693632,0.97
439,700,6112203,0.86
440,700,7148351,0.96
441,700,6207527,0.96
442,700,6757662,0.92
443,700,6311356,0.97
444,700,6218444,0.99
445,700,7065315,0.94
446,700,5992885,0.97
447,700,6569379,0.97
448,700,6732771,0.95
449,700,5964624,0.97
450,700,5055361,0.99
451,700,4910982,0.99
452,700,6170176,1
453,700,5424736,0.99
454,700,6915779,0.93
455,700,6063372,0.97
456,700,7067575,0.93
457,700,7210536,0.97
458,700,5696785,0.99
459,700,5721002,0.99
460,700,4947381,0.99
461,700,4164088,1
462,700,7095701,0.99
463,700,7123069,0.96
464,700,4212695,0.99
465,700,7019941,0.93
466,700,4220895,0.96
467,700,7060953,0.95
468,700,6993954,0.95
469,700,4816546,1
470,700,5855284,0.94
471,700,5874276,1
472,700,5487418,0.97
473,700,6707709,0.97
474,700,5950196,0.98
475,700,5509137,1
476,700,6883681,0.97
477,700,6752419,0.92
478,700,6869293,0.92
479,700,6276334,0.97
480,700,5013751,1
481,700,4884560,1
482,700,6548962,0.94
483,700,6908151,0.94
484,700,4050988,1
485,700,3486174,1
486,700,3080011,1
487,700,5870327,0.92
488,700,7034247,0.98
489,700,4905778,1
490,700,6409611,1
491,700,6927106,0.95
492,700,6866931,1
493,700,7039656,0.93
494,700,6201723,0.94
495,700,5564721,1
496,700,3199932,1
497,700,3519325,1
498,700,6392729,0.9
499,700,5870672,0.94
500,700,2042077,1
501,700,5119741,0.99
502,700,5820334,1
503,700,5616829,0.99
504,700,5435534,0.98
505,700,6034645,1
506,700,6977420,0.86
507,700,5796430,0.93
508,700,3235076,1
509,700,7768102,1
510,700,7207231,0.95
511,700,8625484,0.93
512,700,5423600,1
513,700,6634587,0.98
514,700,8001021,1
515,700,8091947,1
516,700,3329714,1
517,700,3481293,1
518,700,6993264,1
519,700,7148717,0.88
520,700,8168093,0.99
521,700,4371671,1
522,700,7517963,0.9
523,700,8464586,0.95
524,700,7380418,0.89
525,700,7946822,0.93
526,700,7730805,0.98
527,700,7640342,0.91
528,700,7128179,0.96
529,700,8444050,0.85
530,700,6409321,1
531,700,6217362,0.98
532,700,3604037,1
533,700,7478294,0.99
534,700,7604011,0.98
535,700,7504235,0.81
536,700,4942910,1
537,700,7674782,0.98
538,700,6731942,1
539,700,7255754,0.98
540,700,7924749,0.92
541,700,6350514,1
542,700,7206085,0.95
543,700,7785587,0.93
544,700,6717970,1
545,700,6628290,0.94
546,700,7730112,0.85
547,700,6814482,0.96
548,700,7197317,0.98
549,700,7835334,0.92
550,700,6205885,0.96
551,700,6381808,1
552,700,7423300,0.88
553,700,6298280,1
554,700,6492149,0.97
555,700,6925622,0.95
556,700,4094343,1
557,700,7906895,0.94
558,700,7768539,0.91
559,700,6047219,0.99
560,700,6815793,0.98
561,700,6958743,0.96
562,700,7731189,0.95
563,700,6968945,0.93
564,700,7433453,0.93
565,700,5976900,1
566,700,6289109,0.98
567,700,7067168,0.96
568,700,4887809,1
569,700,7554291,0.94
570,700,6522016,0.99
571,700,4211735,1
572,700,6082394,0.98
573,700,4553741,0.97
574,700,6229205,0.99
575,700,7015540,1
576,700,7096585,0.97
577,700,7790602,0.92
578,700,6895266,1
579,700,5710148,1
580,700,1655843,1
581,700,6923521,0.99
582,700,6783139,0.86
583,700,6602651,0.8
584,700,7405499,0.97
585,700,6703265,0.94
586,700,6487575,0.96
587,700,6210299,0.99
588,700,6181911,0.98
589,700,6699479,0.85
590,700,5846684,0.99
591,700,5867277,1
592,700,5697773,0.99
593,700,7108869,0.93
594,700,7201224,0.97
595,700,6382746,0.98
596,700,6717570,0.99
597,700,5853836,0.99
598,700,6193010,1
599,700,6866049,0.93
600,700,7180683,0.82
601,700,6012182,0.96
602,700,6886635,1
603,700,6063138,1
604,700,6431271,0.99
605,700,4492031,0.98
606,700,7075297,0.9
607,700,5227688,1
608,700,6489127,0.97
609,700,6275144,1
610,700,6910671,0.94
611,700,5532420,1
612,700,6666441,0.97
613,700,5458404,0.99
614,700,7462427,0.89
615,700,5732947,0.99
616,700,7151461,0.95
617,700,7041784,0.98
618,700,6848431,0.96
619,700,7080360,0.94
620,700,6826675,1
621,700,4293030,1
622,700,5666181,1
623,700,5668842,1
624,700,5792234,1
625,700,6309005,0.95
626,700,5535640,1
627,700,6869962,0.99
628,700,7030896,0.94
629,700,5706666,1
630,700,6872695,0.98
631,700,7008963,0.99
632,700,7160488,0.96
633,700,6120871,0.96
634,700,6693683,0.86
635,700,7431963,0.88
636,700,5566683,0.99
637,700,7193707,0.92
638,700,5979348,1
639,700,5240798,1
640,700,6808743,0.98
641,700,6232411,0.98
642,700,6350533,0.91
643,700,6555922,0.92
644,700,4667402,0.97
645,700,5921024,0.98
646,700,6695260,0.92
647,700,5564114,1
648,700,6334172,0.93
649,700,6078805,0.95
650,700,6942829,0.89
651,700,6455170,0.95
652,700,6568891,0.91
653,700,6310801,0.95
654,700,6231636,0.84
655,700,6616121,0.88
656,700,6248665,1
657,700,6397274,0.94
658,700,5961124,0.98
659,700,6765032,0.96
660,700,6623107,0.98
661,700,5284844,1
662,700,7063781,0.92
663,700,4173083,1
664,700,5499885,0.99
665,700,6719916,1
666,700,6642705,0.97
667,700,4689802,1
668,700,4942082,1
669,700,6775754,0.98
670,700,5196199,0.99
671,700,4220465,1
672,700,6286187,0.96
673,700,5857977,0.99
674,700,4395558,1
675,700,5447658,1
676,700,6541366,1
677,700,5728294,1
678,700,7307096,0.96
679,700,7112674,1
680,700,6257680,0.94
681,700,6907380,0.95
682,700,6691260,0.9
683,700,5346694,1
684,700,5734555,0.96
685,700,6129359,1
686,700,6132127,1
687,700,6538133,0.97
688,700,7126090,0.97
689,700,4888532,0.99
690,700,4807788,1
691,700,6778159,0.96
692,700,6780166,0.96
693,700,6910103,0.96
694,700,6716103,0.97
695,700,6079916,0.98
696,700,5531352,1
697,700,7096758,0.96
698,700,6357279,0.97
699,700,6465492,0.99
700,700,7060800,0.92
701,700,6865730,0.93
702,700,7154386,0.91
703,700,5849240,1
704,700,6727396,0.95
705,700,6864019,0.99
706,700,7021092,0.91
707,700,6786504,0.97
708,700,7065485,0.89
709,700,5906854,0.99
710,700,6983471,0.97
711,700,6152424,0.99
712,700,6753302,0.89
713,700,5924415,0.98
714,700,6861980,0.96
715,700,6656814,0.79
716,700,5861288,1
717,700,6732664,0.94
718,700,5439732,0.98
719,700,6683569,0.98
720,700,6221325,0.98
721,700,6356200,0.98
722,700,4816706,0.98
723,700,4468343,1
724,700,5554559,0.99
725,700,5491526,0.84
726,700,6196467,0.95
727,700,5720191,0.99
728,700,3254320,1
729,700,5058170,1
730,700,6117585,0.89
731,700,5577119,1
732,700,7108388,0.91
733,700,6892817,0.88
734,700,6365566,1
735,700,6141831,1
736,700,5500454,0.99
737,700,5747145,0.99
738,700,6933027,0.93
739,700,3996947,1
740,700,6065319,1
741,700,6796636,0.94
742,700,6518306,0.95
743,700,7013249,0.95
744,700,6933987,0.99
745,700,6578615,0.96
746,700,6074662,0.99
747,700,6661274,0.93
748,700,6029524,0.99
749,700,6399925,0.99
750,700,7062329,0.93
751,700,6309579,1
752,700,6613094,0.97
753,700,6053072,0.99
754,700,6660579,0.97
755,700,6973423,1
756,700,6573555,0.99
757,700,6472122,0.92
758,700,6945020,0.98
759,700,6058858,0.97
760,700,5514132,1
761,700,6421823,0.97
762,700,5113280,0.95
763,700,6677585,0.98
764,700,6991557,0.95
765,700,6961582,0.89
766,700,5759440,0.96
767,700,7416117,0.89
768,700,6524317,1
769,700,7256843,0.95
770,700,6652273,0.95
771,700,7341719,0.94
772,700,6113506,0.85
773,700,5616430,0.99
774,700,5330665,1
775,700,7026488,0.97
776,700,6723786,0.97
777,700,6488614,0.97
778,700,5074034,1
779,700,4148693,0.99
780,700,5705621,1
781,700,5908816,1
782,700,6544331,0.96
783,700,6301706,0.97
784,700,5751543,0.99
785,700,5297110,1
786,700,6738501,0.96
787,700,7055974,0.94
788,700,4622937,1
789,700,5830250,1
790,700,6331550,0.97
791,700,6989601,0.94
792,700,6273431,0.98
793,700,6959286,0.91
794,700,6560351,0.99
795,700,9210174,0.99
796,700,9099465,0.93
797,700,7085982,0.99
798,700,6650363,1
799,700,7883570,0.98
800,700,7623432,0.99
801,700,8671490,0.83
802,700,8131522,0.98
803,700,5891578,0.98
804,700,8347756,0.97
805,700,7834799,1
806,700,7274320,0.98
807,700,7450173,0.96
808,700,7701544,0.92
809,700,5749475,1
810,700,5812283,1
811,700,7745470,0.95
812,700,7799729,0.98
813,700,6595649,1
814,700,8350472,0.88
815,700,7448013,0.91
816,700,7434016,0.93
817,700,4982225,1
818,700,6602359,1
819,700,6207590,1
820,700,4220677,1
821,700,5251826,1
822,700,3392650,1
823,700,5634615,0.92
824,700,7079241,0.91
825,700,7611476,0.99
826,700,5408433,1
827,700,6978487,0.98
828,700,5581674,1
829,700,7332137,0.88
830,700,5937824,0.99
831,700,5955612,0.98
832,700,6738500,1
833,700,6298974,0.99
834,700,6884994,1
835,700,4573238,1
836,700,5873469,1
837,700,7166646,0.93
838,700,7762082,0.89
839,700,7227981,1
840,700,4337923,1
841,700,7924785,0.89
842,700,6264840,0.99
843,700,4535110,0.99
844,700,6911713,0.94
845,700,6775513,0.98
846,700,4260747,1
847,700,7027860,0.98
848,700,6291282,1
849,700,6133977,1
850,700,6454788,0.97
851,700,5627146,1
852,700,6942754,0.98
853,700,6608590,0.99
854,700,6614052,1
855,700,7743814,0.89
856,700,3528571,1
857,700,6668328,1
858,700,6157033,1
859,700,6097848,1
860,700,2881794,1
861,700,6828510,0.98
862,700,6762305,0.99
863,700,7030875,1
864,700,6235730,0.99
865,700,6919376,0.99
866,700,5882450,1
867,700,6104994,1
868,700,6169458,0.98
869,700,6104058,1
870,700,6963640,0.96
871,700,6730651,0.99
872,700,7145938,0.98
873,700,7661096,0.88
874,700,5971909,1
875,700,7773299,0.93
876,700,7269191,0.96
877,700,7425734,0.98
878,700,7141820,0.89
879,700,7795802,0.95
880,700,5737787,1
881,700,7403487,0.89
882,700,7465360,0.91
883,700,7076811,0.96
884,700,6735746,0.94
885,700,6678521,0.96
886,700,5871140,0.98
887,700,6971394,0.97
888,700,6682651,0.97
889,700,6866741,0.99
890,700,7145637,0.98
891,700,7135337,0.99
892,700,7270970,0.83
893,700,7123292,0.93
894,700,6762790,0.99
895,700,6929051,0.97
896,700,6879311,0.98
897,700,6893087,0.98
898,700,7413883,0.93
899,700,7063145,0.92
900,700,6994631,1
901,700,4189689,1
902,700,5032958,0.99
903,700,4728480,1
904,700,5701043,0.93
905,700,4653870,0.99
906,700,6556086,0.93
907,700,5684594,1
908,700,5411112,1
909,700,7025836,0.94
910,700,5927785,1
911,700,4786261,1
912,700,5835849,0.98
913,700,4650535,1
914,700,6671256,0.95
915,700,7018481,0.92
916,700,6067309,0.94
917,700,6235023,1
918,700,5561856,1
919,700,6518032,0.96
920,700,5740252,0.99
921,700,5908265,0.96
922,700,4821074,0.99
923,700,6036184,1
924,700,6730652,1
925,700,5383896,1
926,700,4361758,1
927,700,4323316,1
928,700,4461602,0.96
929,700,5483034,0.99
930,700,6331405,1
931,700,4716442,1
932,700,5109956,1
933,700,6747932,0.95
934,700,6356458,0.97
935,700,6689335,0.98
936,700,6203922,0.99
937,700,7529956,0.91
938,700,6347678,1
939,700,6233873,0.96
940,700,5894281,1
941,700,5880675,0.99
942,700,5913583,0.99
943,700,7152295,0.91
944,700,6572232,0.9
945,700,6161171,0.95
946,700,5468682,1
947,700,7424525,0.9
948,700,6780396,0.97
949,700,6329676,0.99
950,700,7014927,0.93
951,700,6901802,0.97
952,700,6325614,1
953,700,6954131,0.87
954,700,6495053,1
955,700,7102860,0.92
956,700,6086083,0.99
957,700,5817633,1
958,700,3308611,1
959,700,6111870,0.97
960,700,5233524,0.99
961,700,2839882,1
962,700,2367843,1
963,700,7321433,0.96
964,700,4172309,0.95
965,700,6412815,0.93
966,700,2761552,1
967,700,5613504,0.91
968,700,2945594,1
969,700,5649094,0.98
970,700,6589397,0.96
971,700,7211679,0.97
972,700,6081584,0.95
973,700,6405962,1
974,700,2609047,1
975,700,7087644,0.89
976,700,7196831,0.9
977,700,3310044,1
978,700,5216514,0.76
979,700,3775305,1
980,700,4598126,0.99
981,700,5562451,0.9
982,700,3118550,1
983,700,2942649,1
984,700,5683658,0.85
985,700,5902116,0.97
986,700,5459680,1
987,700,3865531,1
988,700,6001757,0.97
989,700,5030326,0.98
990,700,5688122,0.93
991,700,6857622,0.92
992,700,6708746,0.99
993,700,6914663,0.88
994,700,4796306,1
995,700,6585538,0.87
996,700,6307907,0.98
997,700,6372087,0.99
998,700,5694093,0.99
999,700,3640387,1
0,800,5384318,1
1,800,6980387,1
2,800,4779933,1
3,800,7058280,0.99
4,800,7423093,0.93
5,800,5335480,1
6,800,6774105,0.97
7,800,7567232,0.97
8,800,5796323,1
9,800,6486533,1
10,800,4144431,1
11,800,3756415,1
12,800,6741956,0.98
13,800,5477075,0.9
14,800,7312836,0.96
15,800,6168071,1
16,800,3608265,1
17,800,6216857,1
18,800,7489619,0.95
19,800,4918239,1
20,800,7358443,1
21,800,7625006,0.93
22,800,7011989,0.91
23,800,7419104,0.96
24,800,5531632,1
25,800,7725443,0.91
26,800,7708683,0.94
27,800,7820555,0.92
28,800,7144559,0.98
29,800,5677756,1
30,800,5286015,0.99
31,800,7446287,0.96
32,800,7191037,1
33,800,5274135,1
34,800,4449698,1
35,800,5965620,0.99
36,800,4729357,0.99
37,800,7079610,0.96
38,800,4517655,0.99
39,800,6752174,0.91
40,800,3747419,1
41,800,7303961,0.94
42,800,5469557,1
43,800,5843850,0.99
44,800,5085482,1
45,800,5694426,1
46,800,5588135,1
47,800,4870172,1
48,800,6914536,0.98
49,800,6741459,1
50,800,6162264,0.99
51,800,6487735,1
52,800,6305048,0.98
53,800,6208896,0.99
54,800,4532332,1
55,800,5650583,1
56,800,5174462,1
57,800,5526846,1
58,800,5422264,0.99
59,800,6417977,1
60,800,7488266,0.98
61,800,7806503,0.99
62,800,8129568,0.88
63,800,7808465,0.96
64,800,7042448,0.98
65,800,6568668,1
66,800,5117922,1
67,800,7348090,0.96
68,800,8714230,0.92
69,800,7148582,1
70,800,6749490,0.99
71,800,7369369,0.98
72,800,8056577,0.92
73,800,6180782,1
74,800,6576422,1
75,800,6234061,1
76,800,5929223,0.99
77,800,7261856,1
78,800,6281331,1
79,800,8095316,0.93
80,800,6667740,1
81,800,6812283,0.98
82,800,6297904,1
83,800,6862403,0.98
84,800,5799168,1
85,800,6703979,1
86,800,7189632,1
87,800,6102225,0.99
88,800,5754252,1
89,800,5818554,0.98
90,800,5974884,0.99
91,800,5320618,0.98
92,800,5553037,0.99
93,800,7793262,0.95
94,800,6650328,0.99
95,800,7681307,1
96,800,4228125,1
97,800,3719417,1
98,800,5809203,0.99
99,800,8037173,0.99
100,800,6623957,0.96
101,800,7102970,0.99
102,800,6518607,0.94
103,800,6587216,0.97
104,800,7387096,1
105,800,7889462,0.98
106,800,7083467,0.89
107,800,4198828,1
108,800,7101902,0.96
109,800,5057821,0.99
110,800,3299932,1
111,800,5594794,1
112,800,5846814,0.96
113,800,4774674,1
114,800,7422661,0.95
115,800,6777463,0.98
116,800,5234773,1
117,800,6115696,0.99
118,800,5491140,1
119,800,6638492,0.99
120,800,6887314,0.99
121,800,7683731,0.95
122,800,5810471,1
123,800,7337224,0.95
124,800,7616641,0.97
125,800,7471235,0.97
126,800,6959731,1
127,800,7335843,0.93
128,800,6461888,1
129,800,5400952,0.98
130,800,6515435,0.94
131,800,7908349,0.95
132,800,6504793,0.99
133,800,7494821,0.97
134,800,5522536,0.95
135,800,7558935,0.98
136,800,7191518,1
137,800,6830192,0.99
138,800,6675277,1
139,800,6775098,0.99
140,800,7307828,1
141,800,6508111,1
142,800,7040558,1
143,800,7657588,0.99
144,800,8049221,0.96
145,800,7505478,0.98
146,800,6780824,0.96
147,800,4037781,1
148,800,7126301,0.98
149,800,4736531,1
150,800,7277228,0.98
151,800,3830465,1
152,800,5869949,0.99
153,800,5253320,1
154,800,7712236,0.99
155,800,5271899,1
156,800,7167263,1
157,800,5737991,1
158,800,4582851,0.98
159,800,6505205,0.87
160,800,4102055,1
161,800,3943966,1
162,800,5813845,1
163,800,6118274,1
164,800,5847401,1
165,800,6680843,1
166,800,7852162,0.97
167,800,6011249,0.9
168,800,7247816,0.97
169,800,6894076,0.94
170,800,7701905,1
171,800,7228679,0.97
172,800,7971887,0.97
173,800,5884908,1
174,800,5580203,1
175,800,3939354,1
176,800,6807118,0.95
177,800,6106930,1
178,800,4903445,1
179,800,5224302,1
180,800,7189900,0.95
181,800,7741900,0.96
182,800,5732905,1
183,800,8400173,0.95
184,800,7796224,0.95
185,800,7556504,0.86
186,800,7693215,0.99
187,800,7531313,0.98
188,800,6738776,1
189,800,5021988,1
190,800,4400205,1
191,800,7628070,0.98
192,800,6899872,0.98
193,800,8321020,0.93
194,800,4860983,1
195,800,8017986,0.94
196,800,7285083,0.98
197,800,5887681,0.97
198,800,7616224,0.91
199,800,7709151,0.95
200,800,7444897,0.94
201,800,7542042,0.98
202,800,7558805,0.93
203,800,6422070,0.95
204,800,5656082,1
205,800,5038713,0.99
206,800,7839869,0.9
207,800,7796394,0.85
208,800,7840583,0.96
209,800,7356340,0.95
210,800,8082894,0.98
211,800,8023420,0.94
212,800,6987840,0.98
213,800,7794390,0.97
214,800,6654263,0.95
215,800,7780303,0.95
216,800,7831296,0.93
217,800,6306150,0.99
218,800,7193096,0.97
219,800,7006311,0.93
220,800,7389741,0.97
221,800,7034283,0.98
222,800,7953108,0.93
223,800,8048474,0.94
224,800,7431229,0.99
225,800,7396370,0.94
226,800,4762065,0.97
227,800,7884041,0.93
228,800,7733596,0.93
229,800,7956811,0.98
230,800,7968575,0.99
231,800,7672126,0.95
232,800,7234293,1
233,800,6200555,1
234,800,7551258,0.96
235,800,5509475,0.98
236,800,7870372,0.96
237,800,8112711,0.9
238,800,7225517,0.99
239,800,7670171,0.93
240,800,7210948,0.97
241,800,7569387,0.97
242,800,8012893,0.98
243,800,6888781,0.97
244,800,7643899,0.98
245,800,7508923,0.95
246,800,7492639,0.97
247,800,7253303,0.97
248,800,7860848,0.88
249,800,6962082,0.9
250,800,7286183,0.98
251,800,7604476,0.96
252,800,7776731,0.97
253,800,7413004,0.96
254,800,7570061,0.97
255,800,6953094,0.97
256,800,7927115,0.95
257,800,7728996,0.97
258,800,7340310,0.98
259,800,8074126,0.95
260,800,7539861,0.85
261,800,7668792,0.95
262,800,7478086,0.92
263,800,6600768,1
264,800,7747630,1
265,800,7912909,0.98
266,800,6813205,1
267,800,7429369,0.94
268,800,7370364,0.97
269,800,8165977,0.91
270,800,6817728,1
271,800,6825248,0.99
272,800,7562387,0.99
273,800,6207628,0.99
274,800,5598470,1
275,800,7620247,0.99
276,800,6639943,0.99
277,800,7354698,0.95
278,800,7023475,0.97
279,800,5072584,0.98
280,800,5742094,1
281,800,3897246,1
282,800,7263108,0.99
283,800,6808481,1
284,800,5670256,1
285,800,7223107,0.89
286,800,5239876,1
287,800,5965608,1
288,800,6997629,1
289,800,6978957,0.99
290,800,7625919,0.92
291,800,6704244,0.96
292,800,6987875,1
293,800,6714128,0.99
294,800,6652932,0.98
295,800,8250131,0.92
296,800,7222194,0.92
297,800,6297304,1
298,800,7605833,0.97
299,800,7540954,0.95
300,800,7162636,0.99
301,800,6186208,1
302,800,7498173,0.84
303,800,5877248,1
304,800,6704196,1
305,800,7233778,0.97
306,800,7505200,0.97
307,800,6577455,0.91
308,800,6330848,1
309,800,5860744,0.93
310,800,7223292,1
311,800,7458546,0.96
312,800,6721289,0.95
313,800,5836875,0.99
314,800,6900774,1
315,800,7195766,0.99
316,800,5080058,1
317,800,7312342,1
318,800,6934687,0.99
319,800,7249791,0.98
320,800,7038860,0.97
321,800,7733313,0.96
322,800,6872669,0.98
323,800,7709102,1
324,800,6606774,0.94
325,800,6409026,0.99
326,800,6430423,1
327,800,6392596,0.99
328,800,6325890,1
329,800,6723730,0.84
330,800,7698775,0.95
331,800,5599728,0.99
332,800,3722997,1
333,800,4921218,1
334,800,7686027,0.91
335,800,2939121,1
336,800,4714092,1
337,800,5989012,0.97
338,800,3963460,0.99
339,800,7462201,0.89
340,800,6449691,1
341,800,5309743,0.99
342,800,4851540,1
343,800,7656512,0.96
344,800,7086518,0.99
345,800,4134294,0.99
346,800,7573724,0.96
347,800,6245785,0.82
348,800,6766156,0.98
349,800,3766183,1
350,800,6830935,0.95
351,800,6904420,0.83
352,800,4152004,0.97
353,800,4671280,0.99
354,800,5369866,0.98
355,800,4176320,0.98
356,800,5663883,0.98
357,800,6341192,0.99
358,800,4965041,0.99
359,800,4389413,1
360,800,4807806,1
361,800,7532391,0.99
362,800,3970714,1
363,800,4391838,0.99
364,800,7408212,0.98
365,800,4004818,1
366,800,4633394,1
367,800,4540781,1
368,800,5642280,0.97
369,800,7152506,1
370,800,4958901,0.99
371,800,5995681,0.92
372,800,6641645,0.99
373,800,4062338,0.99
374,800,5979517,0.97
375,800,7258621,0.96
376,800,4112874,1
377,800,5816835,0.99
378,800,4926992,1
379,800,6038733,1
380,800,5203184,1
381,800,7148178,1
382,800,8855195,1
383,800,7185714,0.89
384,800,6657929,0.94
385,800,8049796,0.98
386,800,4442955,1
387,800,4397047,0.99
388,800,7492007,0.99
389,800,5102255,1
390,800,8291762,0.93
391,800,6946073,0.97
392,800,7111391,0.97
393,800,8205375,0.94
394,800,7773199,1
395,800,7883218,0.99
396,800,7238799,0.98
397,800,7031603,0.9
398,800,7933263,0.96
399,800,7621130,0.95
400,800,6746824,0.96
401,800,7763238,0.92
402,800,5704423,0.98
403,800,8070046,0.98
404,800,7784884,0.95
405,800,6683879,0.99
406,800,8261274,0.98
407,800,6891965,0.99
408,800,8055745,0.94
409,800,7989506,0.92
410,800,8308889,0.92
411,800,7797834,0.95
412,800,7587314,0.97
413,800,8428979,0.89
414,800,7705746,0.98
415,800,7092333,1
416,800,8020355,0.95
417,800,8128965,0.92
418,800,8124672,0.98
419,800,7507478,0.94
420,800,8075551,0.91
421,800,6180777,0.99
422,800,6890642,0.99
423,800,8277342,0.91
424,800,5449390,1
425,800,8202217,0.93
426,800,6857652,1
427,800,7547521,0.98
428,800,6808858,0.98
429,800,6700902,0.96
430,800,8131507,0.99
431,800,7390037,0.97
432,800,7144699,0.92
433,800,4085485,0.99
434,800,6947250,0.97
435,800,5072466,0.95
436,800,6886567,0.94
437,800,4994050,1
438,800,7519675,0.97
439,800,6812115,0.87
440,800,8050759,0.96
441,800,6962750,0.96
442,800,7505309,0.94
443,800,7162287,0.97
444,800,6955937,0.99
445,800,7961682,0.96
446,800,6747403,0.97
447,800,7291642,0.98
448,800,7489085,0.95
449,800,6708237,0.99
450,800,5648064,1
451,800,5473847,1
452,800,6836740,1
453,800,6105626,0.99
454,800,7759962,0.95
455,800,6742768,0.97
456,800,7921972,0.93
457,800,8147320,0.97
458,800,6404741,1
459,800,6495442,1
460,800,5446357,0.99
461,800,4608179,1
462,800,7991893,0.99
463,800,8058048,0.96
464,800,4759786,1
465,800,7847460,0.94
466,800,4577952,0.99
467,800,7887231,0.95
468,800,7786769,0.96
469,800,5446558,1
470,800,6526278,0.97
471,800,6584641,1
472,800,6089072,0.98
473,800,7566420,0.98
474,800,6716793,0.98
475,800,6116325,1
476,800,7742163,0.98
477,800,7499727,0.93
478,800,7823762,0.95
479,800,7100634,0.97
480,800,5600115,1
481,800,5462237,1
482,800,7365254,0.96
483,800,7795251,0.94
484,800,4556374,1
485,800,3961688,1
486,800,3522240,1
487,800,6548649,0.93
488,800,8000679,0.98
489,800,5646395,1
490,800,7136444,1
491,800,7821286,0.95
492,800,7765518,1
493,800,7916549,0.93
494,800,6996065,0.94
495,800,6211342,1
496,800,3542282,1
497,800,3869055,1
498,800,7190610,0.91
499,800,6600697,0.95
500,800,2191509,1
501,800,5747940,0.99
502,800,6442517,1
503,800,6244439,0.99
504,800,6083729,0.99
505,800,6782515,1
506,800,7801404,0.87
507,800,6414624,0.96
508,800,3614783,1
509,800,4393915,1
510,800,6733356,0.95
511,800,7593057,0.94
512,800,4780766,1
513,800,5938458,0.98
514,800,6992283,1
515,800,7470812,1
516,800,3014951,1
517,800,3382373,1
518,800,6296482,1
519,800,6615168,0.89
520,800,7631220,0.99
521,800,4230082,1
522,800,7609847,0.92
523,800,7542376,0.95
524,800,6968293,0.91
525,800,7831775,0.95
526,800,7874111,0.98
527,800,7411183,0.93
528,800,7331063,0.97
529,800,8046490,0.87
530,800,6063908,1
531,800,5903946,0.98
532,800,3624458,1
533,800,7170244,1
534,800,7264616,0.99
535,800,7305759,0.81
536,800,4970941,1
537,800,7781207,0.98
538,800,6799629,1
539,800,7644211,0.98
540,800,7600220,0.93
541,800,6224494,1
542,800,7064973,0.97
543,800,7732190,0.94
544,800,6770982,1
545,800,6775523,0.95
546,800,8007933,0.9
547,800,7248619,0.96
548,800,7230184,0.98
549,800,8199744,0.94
550,800,6686494,0.98
551,800,6667664,1
552,800,7505811,0.89
553,800,6764032,1
554,800,6740173,0.98
555,800,7309841,0.97
556,800,4260881,1
557,800,8095451,0.95
558,800,8003864,0.93
559,800,6638285,0.99
560,800,7478086,0.98
561,800,7510281,0.97
562,800,8128099,0.96
563,800,7269518,0.94
564,800,8009778,0.94
565,800,6423609,1
566,800,6680038,0.98
567,800,7660892,0.97
568,800,5082802,1
569,800,7920348,0.94
570,800,7073584,1
571,800,4459883,1
572,800,6084562,0.98
573,800,4693250,0.98
574,800,6440476,1
575,800,7237025,1
576,800,7609713,0.98
577,800,8150995,0.93
578,800,7160478,1
579,800,5672314,1
580,800,1554680,1
581,800,7501488,0.99
582,800,7397369,0.87
583,800,7031448,0.81
584,800,7886428,0.98
585,800,6885377,0.95
586,800,6705829,0.96
587,800,6625026,0.99
588,800,6602330,0.98
589,800,6943750,0.89
590,800,6155054,0.99
591,800,5896182,1
592,800,5854078,0.99
593,800,7486206,0.94
594,800,7653964,0.97
595,800,6953989,1
596,800,7029324,0.99
597,800,6089724,0.99
598,800,6474531,1
599,800,7341658,0.94
600,800,7825764,0.86
601,800,6342871,0.97
602,800,7069294,1
603,800,6470681,1
604,800,6936385,0.99
605,800,4832566,0.98
606,800,7812785,0.91
607,800,5667456,1
608,800,7083903,0.97
609,800,6732494,1
610,800,7497952,0.95
611,800,5829466,1
612,800,6901232,0.97
613,800,5695848,0.99
614,800,7972683,0.93
615,800,6048750,0.99
616,800,7709103,0.95
617,800,7626523,0.98
618,800,7579282,0.98
619,800,7775318,0.96
620,800,7356666,1
621,800,4268938,1
622,800,5936953,1
623,800,5982512,1
624,800,6232026,1
625,800,6853793,0.96
626,800,5886712,1
627,800,7648361,1
628,800,7689166,0.94
629,800,6052812,1
630,800,7014645,0.98
631,800,7613023,1
632,800,7667002,0.96
633,800,6709712,0.97
634,800,7323370,0.87
635,800,8083384,0.91
636,800,5902104,0.99
637,800,7994729,0.95
638,800,6393459,1
639,800,5720190,1
640,800,7529856,0.99
641,800,6718619,0.98
642,800,6926929,0.92
643,800,7208459,0.94
644,800,4848308,0.98
645,800,6604032,0.98
646,800,7106019,0.95
647,800,6014550,1
648,800,6762632,0.93
649,800,6479869,0.96
650,800,7573577,0.92
651,800,12697604,0.96
652,800,8559413,0.96
653,800,8121947,0.95
654,800,7358370,0.84
655,800,9248834,0.9
656,800,8183642,1
657,800,7695655,0.94
658,800,7707131,0.98
659,800,8602221,0.96
660,800,9063631,0.98
661,800,7045702,1
662,800,9546126,0.92
663,800,5709249,1
664,800,7490502,0.99
665,800,8787206,1
666,800,8419835,0.97
667,800,6332235,1
668,800,6282202,1
669,800,8744588,0.99
670,800,6856981,0.99
671,800,5023843,1
672,800,7990583,0.97
673,800,8100651,0.99
674,800,5567741,1
675,800,6656261,1
676,800,8211691,1
677,800,7228359,1
678,800,8942791,0.96
679,800,8590696,1
680,800,7786241,0.95
681,800,8442962,0.95
682,800,8640036,0.91
683,800,6389967,1
684,800,6913309,0.96
685,800,7395622,1
686,800,7306083,1
687,800,7888865,0.98
688,800,8468780,0.97
689,800,5940034,0.99
690,800,5698631,1
691,800,8215568,0.97
692,800,7854154,0.96
693,800,8242673,0.99
694,800,7563533,0.99
695,800,7012886,0.98
696,800,6421568,1
697,800,8291585,0.96
698,800,7796012,0.97
699,800,7398718,1
700,800,8564568,0.93
701,800,7995277,0.94
702,800,8562098,0.94
703,800,7063208,1
704,800,7780775,0.97
705,800,7860521,0.99
706,800,8324406,0.91
707,800,7993301,0.97
708,800,8213457,0.9
709,800,6942268,0.99
710,800,7967059,0.98
711,800,7243951,0.99
712,800,7836051,0.89
713,800,6670506,0.98
714,800,7782006,0.97
715,800,7816336,0.81
716,800,7097709,1
717,800,7726004,0.95
718,800,6275585,0.98
719,800,7678790,0.98
720,800,7443737,0.99
721,800,7407377,0.98
722,800,6222103,0.98
723,800,5062193,1
724,800,6420279,0.99
725,800,6503479,0.85
726,800,7155011,0.95
727,800,6548701,0.99
728,800,4141222,1
729,800,5943358,1
730,800,7243958,0.89
731,800,6347595,1
732,800,8026251,0.93
733,800,7916015,0.88
734,800,7381976,1
735,800,7047280,1
736,800,6238044,0.99
737,800,6552845,0.99
738,800,8024636,0.96
739,800,4697534,1
740,800,6889780,1
741,800,7779112,0.95
742,800,7555078,0.96
743,800,7893973,0.95
744,800,7854097,0.99
745,800,7459163,0.97
746,800,6952652,0.99
747,800,7534823,0.96
748,800,6858363,0.99
749,800,7218975,1
750,800,7951477,0.95
751,800,7194935,1
752,800,7669124,0.98
753,800,6915787,0.99
754,800,7581138,0.97
755,800,7922226,0.99
756,800,7814721,0.99
757,800,7655477,0.93
758,800,7905013,0.98
759,800,7041567,0.97
760,800,6261400,1
761,800,7291848,0.97
762,800,5710940,0.97
763,800,7560421,0.98
764,800,7929403,0.96
765,800,7851225,0.92
766,800,6420138,0.97
767,800,8446762,0.91
768,800,7339939,1
769,800,8144443,0.96
770,800,7536937,0.97
771,800,8323738,0.95
772,800,7160890,0.89
773,800,6292412,0.99
774,800,5990078,1
775,800,7946541,0.97
776,800,7662120,0.99
777,800,7324612,0.97
778,800,5742115,1
779,800,4864526,0.99
780,800,6383982,1
781,800,6648219,1
782,800,7314028,0.96
783,800,7068733,0.97
784,800,6488964,0.99
785,800,6042857,1
786,800,7585742,0.99
787,800,7957841,0.94
788,800,5244183,1
789,800,6851680,1
790,800,7084196,0.99
791,800,7942784,0.96
792,800,7006881,0.98
793,800,7847864,0.93
794,800,7432432,1
795,800,6898002,0.99
796,800,7897874,0.93
797,800,6297562,0.99
798,800,6009628,1
799,800,6916952,0.99
800,800,6854287,0.99
801,800,8138711,0.85
802,800,7275395,0.99
803,800,5631780,0.98
804,800,7884390,0.97
805,800,7262564,1
806,800,7072600,0.98
807,800,7231183,0.96
808,800,7630467,0.95
809,800,5334135,1
810,800,5385058,1
811,800,7433830,0.97
812,800,7438439,0.98
813,800,6594031,1
814,800,8206942,0.91
815,800,7583984,0.93
816,800,7662253,0.93
817,800,5097718,1
818,800,6654769,1
819,800,6023945,1
820,800,4196554,1
821,800,5193514,1
822,800,3622431,1
823,800,5791995,0.92
824,800,6982175,0.91
825,800,7557673,0.99
826,800,5213219,1
827,800,6938943,0.98
828,800,6205548,1
829,800,7606245,0.89
830,800,6004861,0.99
831,800,6228397,0.98
832,800,6902267,1
833,800,6665620,0.99
834,800,7047077,1
835,800,4821301,1
836,800,6317102,1
837,800,7541677,0.96
838,800,8089510,0.9
839,800,7555824,1
840,800,4328686,0.99
841,800,8074225,0.91
842,800,6497659,0.99
843,800,4670893,0.99
844,800,7150151,0.97
845,800,7083494,0.98
846,800,4379538,1
847,800,7363537,0.99
848,800,6471402,1
849,800,6615253,1
850,800,6638450,0.98
851,800,5897723,1
852,800,7471560,0.98
853,800,6899495,1
854,800,6657487,1
855,800,8029302,0.94
856,800,3683766,1
857,800,7029220,1
858,800,6958833,1
859,800,6393234,1
860,800,3091668,1
861,800,7354883,0.99
862,800,7293787,0.99
863,800,7410889,1
864,800,6748337,0.99
865,800,7506342,1
866,800,6396223,1
867,800,6620571,1
868,800,6672625,0.98
869,800,6608811,1
870,800,7271003,0.97
871,800,7306833,0.99
872,800,7596662,0.99
873,800,8206047,0.92
874,800,6011983,1
875,800,8177299,0.94
876,800,7807577,0.97
877,800,8004075,0.98
878,800,7785632,0.91
879,800,8416465,0.95
880,800,6288842,1
881,800,7984906,0.9
882,800,8111296,0.94
883,800,7718851,0.97
884,800,7468887,0.95
885,800,7028005,0.98
886,800,6250981,0.98
887,800,7586056,0.97
888,800,7376485,0.97
889,800,7364592,0.99
890,800,7635634,0.98
891,800,7674096,1
892,800,8036810,0.83
893,800,7669998,0.94
894,800,7267390,0.99
895,800,7338156,0.97
896,800,7541694,0.98
897,800,7467812,0.98
898,800,8017987,0.95
899,800,7664991,0.93
900,800,7604077,1
901,800,4459015,1
902,800,5393002,0.99
903,800,5012686,1
904,800,6217941,0.93
905,800,4992593,1
906,800,7086478,0.93
907,800,9455051,1
908,800,7726527,1
909,800,10035430,0.95
910,800,7627566,1
911,800,6559140,1
912,800,7586371,0.99
913,800,5903556,1
914,800,8852137,0.97
915,800,9573575,0.92
916,800,8818571,0.94
917,800,7961497,1
918,800,6563901,1
919,800,7917984,0.98
920,800,6688260,1
921,800,7217708,0.97
922,800,5711855,0.99
923,800,7178428,1
924,800,8092198,1
925,800,6128450,1
926,800,5026683,1
927,800,5569652,1
928,800,6111178,0.97
929,800,6946760,0.99
930,800,7416524,1
931,800,6032323,1
932,800,6348967,1
933,800,8614715,0.95
934,800,7622794,0.98
935,800,8112963,0.99
936,800,7390568,0.99
937,800,9357705,0.93
938,800,7800628,1
939,800,7292440,0.99
940,800,6755023,1
941,800,6818916,0.99
942,800,6672204,0.99
943,800,8959604,0.93
944,800,7822133,0.91
945,800,7428994,0.95
946,800,6708984,1
947,800,8714158,0.9
948,800,7833553,0.97
949,800,7505469,0.99
950,800,8259939,0.95
951,800,8437116,0.98
952,800,7302020,1
953,800,8866699,0.88
954,800,7949399,1
955,800,8545103,0.93
956,800,7323423,0.99
957,800,6698314,1
958,800,4023596,1
959,800,7504635,0.97
960,800,6268477,0.99
961,800,3739255,1
962,800,2838323,1
963,800,8733719,0.97
964,800,5034465,0.95
965,800,7394845,0.94
966,800,3204589,1
967,800,6615757,0.92
968,800,3368010,1
969,800,6576371,0.98
970,800,8020629,0.96
971,800,8543672,0.97
972,800,7024400,0.95
973,800,7445171,1
974,800,3082132,1
975,800,8069229,0.9
976,800,8548782,0.92
977,800,3828025,1
978,800,6635774,0.76
979,800,4371752,1
980,800,5575334,0.99
981,800,6524390,0.93
982,800,3666630,1
983,800,3450414,1
984,800,7281808,0.87
985,800,6706979,0.97
986,800,6226063,1
987,800,4386064,1
988,800,6758698,0.97
989,800,5887479,0.99
990,800,6832812,0.95
991,800,7928490,0.94
992,800,7798614,0.99
993,800,8193331,0.89
994,800,5740134,1
995,800,7962738,0.88
996,800,7214461,0.99
997,800,7139967,0.99
998,800,6516424,1
999,800,4126013,1
0,1000,6696465,1
1,1000,8525405,1
2,1000,5954166,1
3,1000,8653269,0.99
4,1000,9039672,0.93
5,1000,6630964,1
6,1000,8473719,0.97
7,1000,9523532,0.99
8,1000,7068683,1
9,1000,7908453,1
10,1000,4975152,1
11,1000,4572583,1
12,1000,8101983,0.99
13,1000,6764268,0.93
14,1000,8649317,0.97
15,1000,7417431,1
16,1000,4242310,1
17,1000,7655351,1
18,1000,9272413,0.96
19,1000,5949613,1
20,1000,8907574,1
21,1000,9361364,0.95
22,1000,8697689,0.95
23,1000,8962679,0.96
24,1000,6789492,1
25,1000,9578891,0.92
26,1000,9605712,0.95
27,1000,9539295,0.96
28,1000,8722497,0.99
29,1000,6880357,1
30,1000,6667851,0.99
31,1000,9078760,0.98
32,1000,8767612,1
33,1000,6614577,1
34,1000,5462319,1
35,1000,7473701,0.99
36,1000,6062580,1
37,1000,8485786,0.96
38,1000,5576046,0.99
39,1000,8315012,0.95
40,1000,4536045,1
41,1000,9008186,0.95
42,1000,6722278,1
43,1000,6953272,1
44,1000,6202148,1
45,1000,6946307,1
46,1000,6711672,1
47,1000,6068393,1
48,1000,8454741,0.99
49,1000,8158851,1
50,1000,7555652,1
51,1000,7848716,1
52,1000,7762259,0.98
53,1000,7717729,1
54,1000,5497161,1
55,1000,6833753,1
56,1000,10486170,1
57,1000,8480887,1
58,1000,8389357,1
59,1000,9861248,1
60,1000,11299644,0.98
61,1000,11622436,0.99
62,1000,12059962,0.92
63,1000,11529162,0.97
64,1000,10010560,0.99
65,1000,9127712,1
66,1000,7613232,1
67,1000,10032118,1
68,1000,10730038,0.92
69,1000,9556751,1
70,1000,9006512,0.99
71,1000,9473129,0.99
72,1000,10551932,0.95
73,1000,8715666,1
74,1000,7486701,1
75,1000,7562554,1
76,1000,7398377,1
77,1000,9900552,1
78,1000,9072920,1
79,1000,10761374,0.96
80,1000,9268381,1
81,1000,9539514,1
82,1000,8484638,1
83,1000,8609826,1
84,1000,7708523,1
85,1000,8903436,1
86,1000,9139437,1
87,1000,8354964,1
88,1000,7860596,1
89,1000,7498171,0.98
90,1000,8005526,0.99
91,1000,7132450,0.99
92,1000,7201150,0.99
93,1000,10572812,0.97
94,1000,9043149,1
95,1000,10013842,1
96,1000,6166557,1
97,1000,5216188,1
98,1000,7383612,0.99
99,1000,10457508,0.99
100,1000,8637213,0.96
101,1000,9431521,0.99
102,1000,8966971,0.96
103,1000,8668623,0.97
104,1000,9528624,1
105,1000,9223599,0.98
106,1000,9106505,0.89
107,1000,5777054,1
108,1000,8940392,0.97
109,1000,6480031,1
110,1000,4493638,1
111,1000,7310207,1
112,1000,7458704,0.97
113,1000,6610422,1
114,1000,9491476,0.97
115,1000,8503739,0.98
116,1000,7135302,1
117,1000,7810586,1
118,1000,6919050,1
119,1000,8564780,0.99
120,1000,8881508,0.99
121,1000,9745794,0.95
122,1000,7306696,1
123,1000,9201306,0.96
124,1000,10165880,0.97
125,1000,9433011,0.97
126,1000,8659797,1
127,1000,9146703,0.96
128,1000,8184041,1
129,1000,6845721,0.98
130,1000,8507099,0.95
131,1000,10116547,0.97
132,1000,8669134,1
133,1000,9286795,0.98
134,1000,7525655,0.97
135,1000,9482118,0.99
136,1000,8974504,1
137,1000,8466188,0.99
138,1000,8327331,1
139,1000,8611470,0.99
140,1000,9001608,1
141,1000,8017587,1
142,1000,8539401,1
143,1000,9787526,1
144,1000,10230345,0.99
145,1000,9251297,0.98
146,1000,8359020,0.97
147,1000,5030662,1
148,1000,9247195,0.99
149,1000,5862165,1
150,1000,9028203,0.98
151,1000,5061477,1
152,1000,7163021,0.99
153,1000,6419293,1
154,1000,9582756,1
155,1000,6562279,1
156,1000,8816040,1
157,1000,7063777,1
158,1000,6545155,1
159,1000,8176984,0.9
160,1000,5067381,1
161,1000,5058014,1
162,1000,7360646,1
163,1000,7427684,1
164,1000,7272524,1
165,1000,8202642,1
166,1000,9811102,0.99
167,1000,8124996,0.94
168,1000,8951439,0.97
169,1000,8659409,0.95
170,1000,9640271,1
171,1000,9057021,0.97
172,1000,9754296,0.99
173,1000,7151816,1
174,1000,6888009,1
175,1000,4751978,1
176,1000,8343614,1
177,1000,7851155,1
178,1000,5913954,1
179,1000,6509214,1
180,1000,9023802,0.97
181,1000,9720765,0.97
182,1000,7122853,1
183,1000,10461532,0.96
184,1000,9705297,0.96
185,1000,9495176,0.91
186,1000,9490094,0.99
187,1000,9102841,0.99
188,1000,8067447,1
189,1000,6121201,1
190,1000,5379255,1
191,1000,9364961,0.99
192,1000,8370921,0.98
193,1000,10171815,0.93
194,1000,5786348,1
195,1000,9983461,0.97
196,1000,8880574,0.99
197,1000,7528742,0.97
198,1000,9683807,0.92
199,1000,9510160,0.98
200,1000,9098308,0.95
201,1000,9186099,0.98
202,1000,9292736,0.93
203,1000,7856160,0.95
204,1000,6723212,1
205,1000,6026046,0.99
206,1000,9628694,0.95
207,1000,9778375,0.87
208,1000,9771327,0.98
209,1000,9164229,0.97
210,1000,9875260,0.99
211,1000,9892056,0.95
212,1000,8387315,0.99
213,1000,9534283,0.99
214,1000,8266722,0.96
215,1000,9409461,0.95
216,1000,9621286,0.94
217,1000,7858277,0.99
218,1000,8949282,0.99
219,1000,8860800,0.94
220,1000,9033272,0.98
221,1000,8729814,0.99
222,1000,9825224,0.96
223,1000,9817708,0.98
224,1000,8916903,0.99
225,1000,9128047,0.95
226,1000,6263773,0.98
227,1000,9783355,0.93
228,1000,9438409,0.95
229,1000,9834302,0.99
230,1000,9736443,0.99
231,1000,9396795,0.98
232,1000,9019229,1
233,1000,7432498,1
234,1000,9331879,0.97
235,1000,7014030,0.98
236,1000,9640047,0.99
237,1000,9923768,0.91
238,1000,8811755,1
239,1000,9334190,0.95
240,1000,8787283,1
241,1000,9297457,0.98
242,1000,9702218,0.99
243,1000,8592237,0.99
244,1000,9297227,0.99
245,1000,9221178,0.96
246,1000,9207721,0.98
247,1000,8722186,0.99
248,1000,9579888,0.92
249,1000,8502100,0.92
250,1000,8868388,0.99
251,1000,9346691,0.98
252,1000,9401225,0.98
253,1000,9182445,0.97
254,1000,9208332,0.97
255,1000,8510185,0.98
256,1000,9629710,0.97
257,1000,9409584,0.98
258,1000,8983846,0.99
259,1000,9850186,0.96
260,1000,9469600,0.89
261,1000,9314727,0.96
262,1000,9441502,0.94
263,1000,7960552,1
264,1000,9418234,1
265,1000,9601094,1
266,1000,8173460,1
267,1000,9115596,0.97
268,1000,14502654,0.98
269,1000,12828448,0.93
270,1000,11080320,1
271,1000,10304572,0.99
272,1000,10926463,0.99
273,1000,9392336,1
274,1000,8284785,1
275,1000,11515650,1
276,1000,10023056,0.99
277,1000,10581457,0.96
278,1000,9856989,0.98
279,1000,7650275,0.98
280,1000,7878176,1
281,1000,5594430,1
282,1000,10010397,0.99
283,1000,9036110,1
284,1000,7985296,1
285,1000,10413228,0.92
286,1000,7587875,1
287,1000,7913413,1
288,1000,9583646,1
289,1000,9394471,0.99
290,1000,10655965,0.92
291,1000,8748367,0.98
292,1000,9427196,1
293,1000,8552511,0.99
294,1000,9341517,0.99
295,1000,11052282,0.93
296,1000,9947447,0.93
297,1000,8454683,1
298,1000,10513696,0.98
299,1000,9919370,0.96
300,1000,9268761,1
301,1000,8302264,1
302,1000,10171603,0.86
303,1000,7959568,1
304,1000,8873184,1
305,1000,9296764,0.97
306,1000,9683333,0.97
307,1000,9081429,0.91
308,1000,8236033,1
309,1000,7840551,0.95
310,1000,9224976,1
311,1000,9605881,0.98
312,1000,8522088,0.96
313,1000,7992950,0.99
314,1000,9048621,1
315,1000,8932018,0.99
316,1000,6786080,1
317,1000,9234550,1
318,1000,8463298,0.99
319,1000,9162321,1
320,1000,9241159,0.99
321,1000,9884152,0.97
322,1000,8573658,0.98
323,1000,9552615,1
324,1000,8638942,0.94
325,1000,8277298,0.99
326,1000,7938489,1
327,1000,8087087,1
328,1000,8328579,1
329,1000,8833162,0.9
330,1000,9813564,0.96
331,1000,7127135,1
332,1000,4786905,1
333,1000,6226506,1
334,1000,9562827,0.99
335,1000,3918901,1
336,1000,5951830,1
337,1000,7989404,0.98
338,1000,4877669,0.99
339,1000,9286326,0.94
340,1000,8296868,1
341,1000,6444649,1
342,1000,6174735,1
343,1000,9656760,0.98
344,1000,9019727,0.99
345,1000,5830067,1
346,1000,9462539,0.96
347,1000,8312675,0.84
348,1000,8293930,0.98
349,1000,5014363,1
350,1000,8708582,0.96
351,1000,8995172,0.86
352,1000,5034974,0.98
353,1000,6276748,0.99
354,1000,6916898,0.99
355,1000,5103773,1
356,1000,7030917,0.98
357,1000,7945511,1
358,1000,6277773,0.99
359,1000,5645547,1
360,1000,5923320,1
361,1000,9293086,0.99
362,1000,4926363,1
363,1000,6200767,0.99
364,1000,8943992,0.99
365,1000,4732735,1
366,1000,5790663,1
367,1000,5320624,1
368,1000,6884604,0.99
369,1000,8802561,1
370,1000,5924897,0.99
371,1000,7753875,0.94
372,1000,8254350,0.99
373,1000,5017585,1
374,1000,7884448,0.98
375,1000,9106622,0.98
376,1000,4898930,1
377,1000,7233860,0.99
378,1000,6410378,1
379,1000,7414293,1
380,1000,6607381,1
381,1000,8911767,1
382,1000,9089092,1
383,1000,8196292,0.92
384,1000,7670538,0.96
385,1000,9279765,0.98
386,1000,4825717,1
387,1000,5466476,0.99
388,1000,8547766,0.99
389,1000,5971092,1
390,1000,9751454,0.95
391,1000,8155994,0.97
392,1000,8495697,0.97
393,1000,9492424,0.96
394,1000,9187638,1
395,1000,9191827,0.99
396,1000,8663563,0.98
397,1000,8480533,0.93
398,1000,9416661,0.96
399,1000,9274307,0.97
400,1000,8045141,0.96
401,1000,9585770,0.94
402,1000,6947918,0.98
403,1000,9725536,1
404,1000,9194420,0.96
405,1000,7931515,1
406,1000,9911289,0.99
407,1000,8121483,0.99
408,1000,9604095,0.97
409,1000,9480147,0.93
410,1000,10070988,0.94
411,1000,9454974,0.98
412,1000,9167914,0.97
413,1000,10230067,0.93
414,1000,9473960,0.98
415,1000,8512519,1
416,1000,9658836,0.96
417,1000,9893579,0.94
418,1000,9818595,0.99
419,1000,9208493,0.95
420,1000,9683522,0.93
421,1000,7487494,0.99
422,1000,8010344,0.99
423,1000,9902145,0.95
424,1000,6454301,1
425,1000,9863869,0.96
426,1000,8213880,1
427,1000,9039016,0.98
428,1000,8081327,0.99
429,1000,8028256,0.96
430,1000,9829358,0.99
431,1000,8900047,0.98
432,1000,8731044,0.92
433,1000,5039186,0.99
434,1000,8320653,0.98
435,1000,6228687,0.95
436,1000,8280145,0.97
437,1000,5762794,1
438,1000,9102630,0.98
439,1000,8248638,0.91
440,1000,9855605,0.96
441,1000,8403288,0.98
442,1000,9033112,0.95
443,1000,8654593,0.97
444,1000,8433817,0.99
445,1000,9591976,0.97
446,1000,8158404,0.98
447,1000,8735851,0.99
448,1000,8953783,0.95
449,1000,8072856,0.99
450,1000,6757639,1
451,1000,6687817,1
452,1000,8219416,1
453,1000,7252710,1
454,1000,9286702,0.95
455,1000,8125452,0.98
456,1000,9545544,0.97
457,1000,9880809,0.98
458,1000,7637659,1
459,1000,7925353,1
460,1000,6628379,0.99
461,1000,5801879,1
462,1000,9808379,0.99
463,1000,9834512,0.98
464,1000,5896581,1
465,1000,9485324,0.97
466,1000,5430366,0.99
467,1000,9580381,0.95
468,1000,9374521,0.97
469,1000,6427872,1
470,1000,7756088,0.97
471,1000,7997938,1
472,1000,7350506,0.99
473,1000,9164960,0.99
474,1000,8096783,1
475,1000,7521831,1
476,1000,9341504,1
477,1000,9282841,0.95
478,1000,9445397,0.96
479,1000,8612095,0.97
480,1000,6727830,1
481,1000,6629184,1
482,1000,8924624,0.97
483,1000,9505723,0.95
484,1000,5319558,1
485,1000,4464522,1
486,1000,4215692,1
487,1000,8190502,0.93
488,1000,14423774,0.98
489,1000,8754191,1
490,1000,10968228,1
491,1000,11917392,0.98
492,1000,11778705,1
493,1000,11757997,0.94
494,1000,10338306,0.94
495,1000,9190890,1
496,1000,4958246,1
497,1000,5446194,1
498,1000,10323923,0.91
499,1000,9299913,0.96
500,1000,2960961,1
501,1000,8275691,1
502,1000,9499569,1
503,1000,8888256,0.99
504,1000,8717271,1
505,1000,9712157,1
506,1000,10912831,0.9
507,1000,9064764,0.98
508,1000,5131756,1
509,1000,6067245,1
510,1000,9407530,0.96
511,1000,10491860,0.96
512,1000,6843287,1
513,1000,8299675,0.99
514,1000,9226924,1
515,1000,9983863,1
516,1000,3736596,1
517,1000,4359772,1
518,1000,8523777,1
519,1000,8862635,0.91
520,1000,10027825,1
521,1000,5244046,1
522,1000,9737422,0.94
523,1000,10264201,0.96
524,1000,9547304,0.96
525,1000,10076100,0.95
526,1000,10117559,0.98
527,1000,9793575,0.97
528,1000,9161198,0.98
529,1000,10696237,0.93
530,1000,8018408,1
531,1000,7690357,0.98
532,1000,4547054,1
533,1000,9270794,1
534,1000,9701752,0.99
535,1000,9489636,0.86
536,1000,6170205,1
537,1000,9706095,1
538,1000,8643789,1
539,1000,9586320,0.98
540,1000,10104802,0.94
541,1000,8381856,1
542,1000,9267999,0.97
543,1000,10157378,0.96
544,1000,8428555,1
545,1000,8590934,0.98
546,1000,10167905,0.91
547,1000,8979261,0.97
548,1000,9149057,0.98
549,1000,10252462,0.95
550,1000,8295628,0.99
551,1000,8251246,1
552,1000,9733064,0.93
553,1000,8231400,1
554,1000,8543420,0.98
555,1000,9147961,0.98
556,1000,5363623,1
557,1000,10150130,0.95
558,1000,10124618,0.93
559,1000,8094852,0.99
560,1000,9121904,0.99
561,1000,9319903,0.97
562,1000,10211740,0.97
563,1000,9096691,0.96
564,1000,9932843,0.94
565,1000,7925337,1
566,1000,8262356,0.99
567,1000,9444115,1
568,1000,6239347,1
569,1000,9912039,0.95
570,1000,8616054,1
571,1000,5459144,1
572,1000,7770675,0.98
573,1000,5765140,0.99
574,1000,8020412,1
575,1000,8926806,1
576,1000,9505489,0.98
577,1000,10372566,0.95
578,1000,9012393,1
579,1000,7357873,1
580,1000,1940289,1
581,1000,9272397,1
582,1000,9395121,0.88
583,1000,8945340,0.85
584,1000,9818649,0.98
585,1000,9045801,0.96
586,1000,8643731,0.96
587,1000,8323068,1
588,1000,8257376,0.98
589,1000,8776425,0.92
590,1000,7623388,1
591,1000,7661687,1
592,1000,7490117,1
593,1000,9587235,0.95
594,1000,9669082,0.97
595,1000,8617709,1
596,1000,8875461,0.99
597,1000,7649457,0.99
598,1000,8167751,1
599,1000,9239430,0.97
600,1000,9689046,0.88
601,1000,7964505,1
602,1000,8914600,1
603,1000,8024292,1
604,1000,8678873,1
605,1000,5799701,1
606,1000,9549381,0.93
607,1000,7037650,1
608,1000,8678205,0.98
609,1000,8312912,1
610,1000,9265152,0.97
611,1000,7187457,1
612,1000,8626629,0.98
613,1000,7389203,0.99
614,1000,9993951,0.95
615,1000,7711699,0.99
616,1000,9503839,0.97
617,1000,9522497,0.98
618,1000,9212973,0.98
619,1000,9533331,0.97
620,1000,9159452,1
621,1000,5637217,1
622,1000,7449058,1
623,1000,7377507,1
624,1000,7716263,1
625,1000,8526662,0.97
626,1000,7436253,1
627,1000,9424666,1
628,1000,9626143,0.96
629,1000,7525083,1
630,1000,8922448,0.98
631,1000,9345436,1
632,1000,9564301,0.98
633,1000,8195155,0.97
634,1000,9119719,0.92
635,1000,9932135,0.94
636,1000,7540184,0.99
637,1000,9757117,0.96
638,1000,7966098,1
639,1000,6795356,1
640,1000,9217064,1
641,1000,8276473,0.99
642,1000,8568626,0.95
643,1000,8947768,0.96
644,1000,6099502,0.99
645,1000,7953495,0.99
646,1000,8911948,0.97
647,1000,7306893,1
648,1000,8526230,0.97
649,1000,8037889,0.96
650,1000,9387040,0.93
651,1000,8607643,0.96
652,1000,8889393,0.97
653,1000,8435829,0.98
654,1000,8493295,0.91
655,1000,9060739,0.93
656,1000,8339207,1
657,1000,8745096,0.96
658,1000,7967442,0.99
659,1000,9047371,0.97
660,1000,8935640,0.98
661,1000,6895761,1
662,1000,9517971,0.97
663,1000,5502647,1
664,1000,7241342,0.99
665,1000,9051796,1
666,1000,9052727,0.98
667,1000,6071810,1
668,1000,6508037,1
669,1000,9155472,1
670,1000,7057430,0.99
671,1000,5848749,1
672,1000,8619669,0.98
673,1000,7833958,0.99
674,1000,5827473,1
675,1000,7310872,1
676,1000,9194967,1
677,1000,7806186,1
678,1000,9925497,0.98
679,1000,9592017,1
680,1000,8374573,0.95
681,1000,9365650,0.98
682,1000,9113364,0.91
683,1000,7062087,1
684,1000,7647013,0.96
685,1000,8207524,1
686,1000,8178150,1
687,1000,8731988,0.98
688,1000,9646709,0.98
689,1000,6666743,0.99
690,1000,6458860,1
691,1000,9103062,0.99
692,1000,9127328,0.99
693,1000,9290059,0.99
694,1000,9101379,1
695,1000,8275399,0.99
696,1000,7312276,1
697,1000,9664140,0.97
698,1000,8620705,0.97
699,1000,8768181,1
700,1000,9723720,0.93
701,1000,9271041,0.97
702,1000,14747457,0.97
703,1000,9594975,1
704,1000,11685866,0.97
705,1000,11433481,0.99
706,1000,11802257,0.93
707,1000,11123260,0.99
708,1000,11321513,0.9
709,1000,9929283,1
710,1000,11378632,0.98
711,1000,9582042,1
712,1000,10461311,0.92
713,1000,9545679,0.99
714,1000,10386146,0.99
715,1000,10258797,0.86
716,1000,9394835,1
717,1000,10290608,0.97
718,1000,8884782,0.98
719,1000,10304067,1
720,1000,9810520,0.99
721,1000,9664300,0.99
722,1000,7387201,0.98
723,1000,6721982,1
724,1000,8335642,0.99
725,1000,8375851,0.88
726,1000,9138834,0.96
727,1000,8325371,1
728,1000,4947638,1
729,1000,7718178,1
730,1000,9448303,0.9
731,1000,8078464,1
732,1000,10479279,0.93
733,1000,9941380,0.91
734,1000,9351197,1
735,1000,9333672,1
736,1000,8107192,0.99
737,1000,8185557,1
738,1000,10202076,0.98
739,1000,5698022,1
740,1000,8795111,1
741,1000,9841559,0.96
742,1000,9924888,0.99
743,1000,9915610,0.97
744,1000,9840377,0.99
745,1000,9426454,0.97
746,1000,8718471,1
747,1000,9394536,0.97
748,1000,8418137,0.99
749,1000,8896958,1
750,1000,10019475,0.96
751,1000,8893707,1
752,1000,9506393,0.99
753,1000,8474871,0.99
754,1000,9346931,0.97
755,1000,9984138,1
756,1000,9798682,1
757,1000,9430119,0.94
758,1000,9736068,0.99
759,1000,8610492,0.99
760,1000,7801325,1
761,1000,9089058,0.98
762,1000,6923781,0.97
763,1000,9329533,0.98
764,1000,9740146,0.97
765,1000,9659246,0.95
766,1000,7783746,0.97
767,1000,10431528,0.93
768,1000,8930561,1
769,1000,10132661,0.97
770,1000,9301583,0.97
771,1000,10269309,0.99
772,1000,8661719,0.95
773,1000,7706076,1
774,1000,7484017,1
775,1000,9823387,0.98
776,1000,9521877,0.99
777,1000,8988234,0.97
778,1000,7111663,1
779,1000,5907959,0.99
780,1000,7810463,1
781,1000,8069081,1
782,1000,8874570,0.97
783,1000,8592253,0.98
784,1000,7911865,1
785,1000,7318442,1
786,1000,9293152,0.99
787,1000,9808209,0.97
788,1000,6292696,1
789,1000,8514620,1
790,1000,8673708,1
791,1000,9702803,0.98
792,1000,8492655,0.98
793,1000,9595741,0.95
794,1000,9212553,1
795,1000,8532536,0.99
796,1000,9699001,0.96
797,1000,7555390,0.99
798,1000,7334180,1
799,1000,8430733,1
800,1000,8286911,1
801,1000,10031870,0.89
802,1000,8956409,1
803,1000,6971918,0.99
804,1000,9649198,0.97
805,1000,8883945,1
806,1000,8640070,1
807,1000,8890997,0.97
808,1000,9459649,0.96
809,1000,6511508,1
810,1000,6510837,1
811,1000,9095281,0.99
812,1000,9200132,0.99
813,1000,8136597,1
814,1000,10032755,0.93
815,1000,9338053,0.96
816,1000,9410386,0.95
817,1000,6115964,1
818,1000,8195346,1
819,1000,7252252,1
820,1000,5111191,1
821,1000,6242266,1
822,1000,4315734,1
823,1000,7061198,0.93
824,1000,8448485,0.96
825,1000,9158056,0.99
826,1000,6412662,1
827,1000,8507994,0.98
828,1000,7520162,1
829,1000,9295044,0.91
830,1000,7211838,0.99
831,1000,7559200,1
832,1000,8383785,1
833,1000,8293181,0.99
834,1000,8531935,1
835,1000,5891637,1
836,1000,7643430,1
837,1000,9278130,0.96
838,1000,9851410,0.93
839,1000,9132790,1
840,1000,5313414,1
841,1000,10020112,0.92
842,1000,7845984,0.99
843,1000,5633556,0.99
844,1000,8637339,0.97
845,1000,8625577,0.99
846,1000,5316331,1
847,1000,9028749,1
848,1000,7835264,1
849,1000,8159630,1
850,1000,8080070,0.98
851,1000,7120941,1
852,1000,9093606,0.99
853,1000,8431638,1
854,1000,8218821,1
855,1000,9880876,0.95
856,1000,4481122,1
857,1000,8491480,1
858,1000,7975168,1
859,1000,7799609,1
860,1000,3654270,1
861,1000,8855610,0.99
862,1000,8961450,1
863,1000,8928484,1
864,1000,8285199,0.99
865,1000,9194704,1
866,1000,7865588,1
867,1000,8052041,1
868,1000,8190641,0.98
869,1000,8001853,1
870,1000,8948622,0.97
871,1000,8902800,0.99
872,1000,9346109,0.99
873,1000,10189917,0.95
874,1000,7194713,1
875,1000,9979830,0.97
876,1000,9606559,0.99
877,1000,9788812,0.99
878,1000,9493455,0.93
879,1000,10332952,0.97
880,1000,7544916,1
881,1000,9859250,0.91
882,1000,10015038,0.95
883,1000,9315293,0.98
884,1000,9082362,0.95
885,1000,8592974,0.98
886,1000,7543804,0.99
887,1000,9226741,0.97
888,1000,8877152,0.98
889,1000,9096312,0.99
890,1000,9390667,0.99
891,1000,9433957,1
892,1000,9962277,0.86
893,1000,9426196,0.97
894,1000,8818800,1
895,1000,8969393,0.97
896,1000,9088117,0.98
897,1000,9032225,0.99
898,1000,9862763,0.97
899,1000,9379316,0.94
900,1000,9340173,1
901,1000,5402478,1
902,1000,6503779,0.99
903,1000,6099211,1
904,1000,7531341,0.94
905,1000,6071601,1
906,1000,8621549,0.94
907,1000,7493373,1
908,1000,7072044,1
909,1000,9347724,0.97
910,1000,7821948,1
911,1000,6273730,1
912,1000,7800527,1
913,1000,8170223,1
914,1000,10544161,0.98
915,1000,10779170,0.92
916,1000,8887883,0.95
917,1000,9514008,1
918,1000,8478725,1
919,1000,9505931,0.99
920,1000,8317148,1
921,1000,8611044,0.97
922,1000,6726770,0.99
923,1000,8511246,1
924,1000,9705587,1
925,1000,7508846,1
926,1000,5952084,1
927,1000,6346962,1
928,1000,6533562,0.98
929,1000,7700727,1
930,1000,9008963,1
931,1000,6725539,1
932,1000,7459646,1
933,1000,9804682,0.97
934,1000,9246294,0.99
935,1000,9716709,1
936,1000,8602401,1
937,1000,10949941,0.95
938,1000,8934847,1
939,1000,8590143,0.99
940,1000,8083783,1
941,1000,8161980,0.99
942,1000,8009167,1
943,1000,10249205,0.95
944,1000,9121322,0.94
945,1000,8727890,0.97
946,1000,7418468,1
947,1000,10552116,0.93
948,1000,9432402,0.97
949,1000,8711214,1
950,1000,9860640,0.98
951,1000,9826056,0.99
952,1000,8685690,1
953,1000,10159595,0.9
954,1000,9323107,1
955,1000,10047111,0.97
956,1000,8639657,0.99
957,1000,8009597,1
958,1000,4287096,1
959,1000,8665684,0.97
960,1000,7259363,0.99
961,1000,4168348,1
962,1000,3739706,1
963,1000,10422626,0.98
964,1000,5844776,0.95
965,1000,8825424,0.95
966,1000,3964742,1
967,1000,7802796,0.93
968,1000,4175454,1
969,1000,8000882,0.98
970,1000,9303411,0.96
971,1000,10215295,0.98
972,1000,8383004,0.96
973,1000,8849894,1
974,1000,3804090,1
975,1000,9764084,0.93
976,1000,10103490,0.96
977,1000,4718236,1
978,1000,7330543,0.79
979,1000,4926730,1
980,1000,6319194,0.99
981,1000,7724650,0.96
982,1000,4420547,1
983,1000,4267500,1
984,1000,8227244,0.89
985,1000,8104686,0.98
986,1000,7470665,1
987,1000,5403905,1
988,1000,8013076,0.98
989,1000,6912691,0.99
990,1000,8011096,0.95
991,1000,9586264,0.98
992,1000,9277024,0.99
993,1000,9583076,0.94
994,1000,6691768,1
995,1000,9342791,0.95
996,1000,8572302,1
997,1000,8650220,0.99
998,1000,7794973,1
999,1000,4675365,1
0,1200,9206569,1
1,1200,11878705,1
2,1200,7889532,1
3,1200,11520219,1
4,1200,12349922,0.96
5,1200,8826832,1
6,1200,11720482,0.98
7,1200,13083603,1
8,1200,9091214,1
9,1200,9880057,1
10,1200,5984866,1
11,1200,5431105,1
12,1200,9964763,0.99
13,1200,9643813,0.95
14,1200,11136699,0.98
15,1200,8806609,1
16,1200,4953443,1
17,1200,9344180,1
18,1200,12280706,0.96
19,1200,7223458,1
20,1200,10849901,1
21,1200,11878139,0.96
22,1200,11603780,0.96
23,1200,11646595,0.96
24,1200,8347531,1
25,1200,12263472,0.93
26,1200,12119105,0.95
27,1200,11984799,0.96
28,1200,10873299,1
29,1200,8612304,1
30,1200,8666251,0.99
31,1200,11092886,0.98
32,1200,10598522,1
33,1200,8424422,1
34,1200,6640814,1
35,1200,9402244,0.99
36,1200,7961102,1
37,1200,10410462,0.96
38,1200,6817960,0.99
39,1200,10007648,0.97
40,1200,5385731,1
41,1200,10884618,0.99
42,1200,7909131,1
43,1200,8241305,1
44,1200,7286830,1
45,1200,8209410,1
46,1200,7930034,1
47,1200,7360419,1
48,1200,10300940,0.99
49,1200,9704688,1
50,1200,9114988,1
51,1200,9299336,1
52,1200,9235014,0.98
53,1200,9597670,1
54,1200,7189023,1
55,1200,8181074,1
56,1200,7632821,1
57,1200,7972064,1
58,1200,7842215,1
59,1200,10602875,1
60,1200,10962867,0.99
61,1200,11602507,0.99
62,1200,12085750,0.94
63,1200,11714332,0.98
64,1200,10490460,0.99
65,1200,9760606,1
66,1200,8148604,1
67,1200,10940666,1
68,1200,11805619,0.94
69,1200,10469536,1
70,1200,9829276,0.99
71,1200,10560111,1
72,1200,11068147,0.97
73,1200,8923125,1
74,1200,8504644,1
75,1200,8632976,1
76,1200,8527045,1
77,1200,10382099,1
78,1200,9328699,1
79,1200,11781186,0.97
80,1200,10104387,1
81,1200,10508466,1
82,1200,9322223,1
83,1200,9718150,1
84,1200,8590433,1
85,1200,9892874,1
86,1200,10193612,1
87,1200,8913365,1
88,1200,8665543,1
89,1200,8489588,0.98
90,1200,8468418,0.99
91,1200,8000077,0.99
92,1200,8312283,0.99
93,1200,11406792,0.97
94,1200,9571435,1
95,1200,10927398,1
96,1200,6713736,1
97,1200,5377543,1
98,1200,8486479,1
99,1200,11731191,0.99
100,1200,9407919,0.97
101,1200,10439377,0.99
102,1200,10095471,0.97
103,1200,9661287,0.98
104,1200,10849024,1
105,1200,10587892,0.98
106,1200,10185169,0.91
107,1200,5951565,1
108,1200,10090061,0.99
109,1200,7161509,1
110,1200,5134717,1
111,1200,8047356,1
112,1200,8548283,0.97
113,1200,7706710,1
114,1200,10597427,0.97
115,1200,9548571,0.99
116,1200,8240920,1
117,1200,8822129,1
118,1200,7771155,1
119,1200,9625540,0.99
120,1200,9787498,1
121,1200,10909550,0.95
122,1200,8207126,1
123,1200,10455434,0.98
124,1200,11173649,0.97
125,1200,10671753,0.97
126,1200,9718846,1
127,1200,10538835,0.97
128,1200,9135157,1
129,1200,7503315,0.98
130,1200,9878783,0.95
131,1200,11494521,0.99
132,1200,9724551,1
133,1200,10686621,0.98
134,1200,8499140,0.98
135,1200,10981829,1
136,1200,10268470,1
137,1200,9728812,0.99
138,1200,9466061,1
139,1200,9721360,0.99
140,1200,10362436,1
141,1200,9207287,1
142,1200,10003566,1
143,1200,11274103,1
144,1200,11678895,0.99
145,1200,10733619,0.98
146,1200,9679985,0.99
147,1200,5663678,1
148,1200,10414445,0.99
149,1200,6718344,1
150,1200,10284163,0.98
151,1200,5143076,1
152,1200,8208085,1
153,1200,7227585,1
154,1200,10956865,1
155,1200,7300929,1
156,1200,10176084,1
157,1200,8090950,1
158,1200,7592277,1
159,1200,9481946,0.96
160,1200,5626355,1
161,1200,5835305,1
162,1200,8442634,1
163,1200,8520854,1
164,1200,8338127,1
165,1200,9431591,1
166,1200,11215480,0.99
167,1200,9403384,0.94
168,1200,10321841,0.98
169,1200,10062203,0.97
170,1200,11140245,1
171,1200,10423819,0.98
172,1200,11286423,0.99
173,1200,8347677,1
174,1200,8105197,1
175,1200,5302720,1
176,1200,9628829,1
177,1200,8805052,1
178,1200,6844020,1
179,1200,7580337,1
180,1200,10272815,0.97
181,1200,11170146,0.97
182,1200,8291065,1
183,1200,12169867,0.97
184,1200,11214381,0.96
185,1200,10934348,0.92
186,1200,10940754,0.99
187,1200,14414894,0.99
188,1200,11834419,1
189,1200,8574131,1
190,1200,7325611,1
191,1200,13667488,0.99
192,1200,11206856,0.98
193,1200,14964457,0.93
194,1200,7105132,1
195,1200,13904200,0.99
196,1200,11824036,0.99
197,1200,10350007,0.97
198,1200,13582456,0.94
199,1200,12701246,0.99
200,1200,11629914,0.97
201,1200,11709252,0.98
202,1200,11930616,0.94
203,1200,10068188,0.99
204,1200,8592699,1
205,1200,7459738,0.99
206,1200,12074539,0.96
207,1200,12736796,0.89
208,1200,12430183,0.99
209,1200,11552376,0.99
210,1200,12791574,0.99
211,1200,12222097,0.97
212,1200,10201223,0.99
213,1200,11925264,0.99
214,1200,10699297,0.97
215,1200,11561201,0.95
216,1200,11918583,0.97
217,1200,9733155,0.99
218,1200,11045483,0.99
219,1200,11759393,0.94
220,1200,10818192,0.98
221,1200,10690719,0.99
222,1200,12062921,0.98
223,1200,11786054,0.98
224,1200,10590655,1
225,1200,11144428,0.96
226,1200,7986810,0.99
227,1200,11892730,0.96
228,1200,11194648,0.95
229,1200,11745537,0.99
230,1200,11599084,0.99
231,1200,11281935,0.98
232,1200,10831984,1
233,1200,8819200,1
234,1200,10966824,0.98
235,1200,8535146,0.99
236,1200,11569694,0.99
237,1200,11665443,0.94
238,1200,10579963,1
239,1200,11162905,0.95
240,1200,10479868,1
241,1200,10921082,0.98
242,1200,11461550,0.99
243,1200,10143363,0.99
244,1200,10986403,0.99
245,1200,11028888,0.97
246,1200,11172290,0.98
247,1200,10104982,0.99
248,1200,11389668,0.92
249,1200,10087025,0.93
250,1200,10454640,0.99
251,1200,11185308,0.98
252,1200,11077876,0.99
253,1200,11234532,0.99
254,1200,10860202,0.98
255,1200,10086302,0.98
256,1200,11600958,0.97
257,1200,11600852,0.99
258,1200,11265296,0.99
259,1200,11991939,0.98
260,1200,12509912,0.91
261,1200,11189696,0.97
262,1200,11515348,0.94
263,1200,9371918,1
264,1200,11055311,1
265,1200,11331947,1
266,1200,9632592,1
267,1200,10769177,0.97
268,1200,10407109,0.99
269,1200,11889075,0.96
270,1200,10459219,1
271,1200,10487161,0.99
272,1200,11058416,0.99
273,1200,9326682,1
274,1200,8434098,1
275,1200,10890523,1
276,1200,10116018,0.99
277,1200,11221418,0.96
278,1200,9954373,0.99
279,1200,8411043,1
280,1200,8105583,1
281,1200,5794653,1
282,1200,10224221,0.99
283,1200,9782882,1
284,1200,8566259,1
285,1200,10550514,0.96
286,1200,7437357,1
287,1200,8387268,1
288,1200,10369282,1
289,1200,10067112,0.99
290,1200,11214741,0.94
291,1200,9471094,0.99
292,1200,10246544,1
293,1200,9677156,0.99
294,1200,9958664,0.99
295,1200,11941913,0.96
296,1200,10604052,0.96
297,1200,9260861,1
298,1200,11298035,0.98
299,1200,10867336,0.96
300,1200,10165223,1
301,1200,9287201,1
302,1200,11056179,0.9
303,1200,8745040,1
304,1200,9932440,1
305,1200,10485157,0.98
306,1200,10760283,0.98
307,1200,9945748,0.93
308,1200,9332053,1
309,1200,8954124,0.96
310,1200,10196037,1
311,1200,10794222,0.99
312,1200,9842545,0.96
313,1200,8876270,1
314,1200,10165828,1
315,1200,10155534,1
316,1200,7719627,1
317,1200,10374471,1
318,1200,9818549,0.99
319,1200,10310314,1
320,1200,10208051,0.99
321,1200,11100232,0.97
322,1200,9677566,0.99
323,1200,10901179,1
324,1200,9729888,0.95
325,1200,9295044,0.99
326,1200,9225386,1
327,1200,9429653,1
328,1200,9076044,1
329,1200,9982815,0.91
330,1200,11149315,0.96
331,1200,7966950,1
332,1200,5324314,1
333,1200,6986857,1
334,1200,10836457,0.99
335,1200,4252317,1
336,1200,6914515,1
337,1200,8980697,0.98
338,1200,5456984,0.99
339,1200,10377771,0.95
340,1200,9162636,1
341,1200,7186163,1
342,1200,7165309,1
343,1200,10994346,0.98
344,1200,10198187,0.99
345,1200,6813691,1
346,1200,10856160,0.98
347,1200,9585344,0.86
348,1200,9608030,0.98
349,1200,5635261,1
350,1200,10000297,0.96
351,1200,10342318,0.88
352,1200,5725975,0.98
353,1200,6948628,0.99
354,1200,8007466,0.99
355,1200,5942781,1
356,1200,7950995,1
357,1200,9052379,1
358,1200,7172497,0.99
359,1200,6400146,1
360,1200,6627172,1
361,1200,10639414,0.99
362,1200,5603523,1
363,1200,7161808,0.99
364,1200,10296529,0.99
365,1200,5385935,1
366,1200,6623819,1
367,1200,6071635,1
368,1200,7863886,0.99
369,1200,10228762,1
370,1200,10722833,0.99
371,1200,11293613,0.95
372,1200,11979504,1
373,1200,6881787,1
374,1200,11469205,0.98
375,1200,13072929,0.98
376,1200,6291199,1
377,1200,9987579,0.99
378,1200,8662717,1
379,1200,9592112,1
380,1200,9262346,1
381,1200,11791533,1
382,1200,12292673,1
383,1200,10880495,0.93
384,1200,10690123,0.97
385,1200,11749938,0.99
386,1200,5725194,1
387,1200,7479436,0.99
388,1200,11090059,0.99
389,1200,7813389,1
390,1200,12826808,0.95
391,1200,10317985,0.98
392,1200,10434009,0.99
393,1200,11876893,0.96
394,1200,11585458,1
395,1200,11801018,1
396,1200,10901363,0.98
397,1200,10732012,0.95
398,1200,12133671,0.97
399,1200,11283995,0.98
400,1200,9889195,0.96
401,1200,11518354,0.96
402,1200,9164418,0.99
403,1200,11673742,1
404,1200,11204173,0.96
405,1200,9811445,1
406,1200,12134140,0.99
407,1200,10005799,1
408,1200,11443692,0.97
409,1200,12122924,0.95
410,1200,12385432,0.95
411,1200,11411309,0.98
412,1200,11221875,0.97
413,1200,12654938,0.97
414,1200,11384064,0.99
415,1200,10476837,1
416,1200,11417435,0.96
417,1200,11947729,0.96
418,1200,11744821,0.99
419,1200,11185581,0.96
420,1200,11675666,0.93
421,1200,9576226,1
422,1200,9958646,0.99
423,1200,11990950,0.96
424,1200,8092588,1
425,1200,11714458,0.98
426,1200,9723164,1
427,1200,10675392,0.99
428,1200,9633985,1
429,1200,9532203,0.97
430,1200,11877393,0.99
431,1200,11073157,0.98
432,1200,10732510,0.94
433,1200,6435382,0.99
434,1200,9933865,0.99
435,1200,8029757,0.97
436,1200,9819343,0.97
437,1200,6995678,1
438,1200,10758331,0.98
439,1200,9802795,0.93
440,1200,11592235,0.97
441,1200,10234789,0.99
442,1200,10798598,0.95
443,1200,10306834,0.98
444,1200,10027964,0.99
445,1200,11462547,0.97
446,1200,9676836,0.98
447,1200,10285213,0.99
448,1200,10715057,0.97
449,1200,9618722,0.99
450,1200,7945997,1
451,1200,7817524,1
452,1200,9772817,1
453,1200,8560571,1
454,1200,10937770,0.97
455,1200,9598505,0.98
456,1200,11205086,0.98
457,1200,11903959,0.98
458,1200,9066854,1
459,1200,9595795,1
460,1200,7845320,0.99
461,1200,7201877,1
462,1200,11536199,0.99
463,1200,11482339,0.98
464,1200,7195002,1
465,1200,11312860,0.97
466,1200,6530126,0.99
467,1200,11156193,0.96
468,1200,10933891,0.98
469,1200,7649341,1
470,1200,9271474,0.98
471,1200,9597082,1
472,1200,8560419,1
473,1200,10882273,1
474,1200,9612233,1
475,1200,9011779,1
476,1200,10856890,1
477,1200,11074425,0.95
478,1200,11199940,0.96
479,1200,10025848,0.97
480,1200,7766392,1
481,1200,7712002,1
482,1200,10615242,0.98
483,1200,11190255,0.95
484,1200,6269666,1
485,1200,5237830,1
486,1200,4962857,1
487,1200,9826502,0.93
488,1200,11541610,0.98
489,1200,8396020,1
490,1200,10362186,1
491,1200,11246177,0.98
492,1200,11109722,1
493,1200,11432465,0.96
494,1200,10275547,0.94
495,1200,8956469,1
496,1200,4802799,1
497,1200,5736537,1
498,1200,10336415,0.91
499,1200,9506499,0.98
500,1200,3066577,1
501,1200,8235264,1
502,1200,9102663,1
503,1200,9143754,0.99
504,1200,8967190,1
505,1200,9826658,1
506,1200,11105221,0.93
507,1200,9193789,0.98
508,1200,5559016,1
509,1200,6218866,1
510,1200,9553643,0.97
511,1200,11079335,0.97
512,1200,7051841,1
513,1200,8393064,0.99
514,1200,9815002,1
515,1200,10714486,1
516,1200,4015841,1
517,1200,4583315,1
518,1200,9225972,1
519,1200,9585109,0.92
520,1200,10829423,1
521,1200,5584680,1
522,1200,10882847,0.97
523,1200,10759037,0.97
524,1200,10024782,0.96
525,1200,11237866,0.96
526,1200,11246650,0.98
527,1200,10724236,0.99
528,1200,10338825,0.99
529,1200,11604641,0.96
530,1200,8828663,1
531,1200,8009955,0.99
532,1200,4930566,1
533,1200,10123201,1
534,1200,10600961,1
535,1200,10562206,0.92
536,1200,6709156,1
537,1200,10936074,1
538,1200,9514383,1
539,1200,10785343,0.99
540,1200,10788660,0.96
541,1200,8890396,1
542,1200,10382879,0.98
543,1200,11089095,0.97
544,1200,9471829,1
545,1200,9487481,0.98
546,1200,11483397,0.95
547,1200,10225390,0.99
548,1200,10154788,0.99
549,1200,11666254,0.96
550,1200,9426177,1
551,1200,9176854,1
552,1200,10859036,0.94
553,1200,9456894,1
554,1200,9612359,1
555,1200,14045675,0.98
556,1200,7484649,1
557,1200,14721447,0.96
558,1200,14280273,0.95
559,1200,11461176,1
560,1200,12481930,1
561,1200,12057820,0.99
562,1200,12688824,0.97
563,1200,12444850,0.97
564,1200,12805244,0.94
565,1200,10024124,1
566,1200,10102247,0.99
567,1200,11848664,1
568,1200,7726687,1
569,1200,12778767,0.96
570,1200,10628399,1
571,1200,7095356,1
572,1200,10129709,0.98
573,1200,7255775,1
574,1200,10003368,1
575,1200,11395625,1
576,1200,11839738,0.98
577,1200,12847187,0.95
578,1200,11253241,1
579,1200,9392585,1
580,1200,2559551,1
581,1200,11193025,1
582,1200,11678779,0.89
583,1200,11200686,0.86
584,1200,11851308,0.99
585,1200,11578393,0.97
586,1200,11206578,0.98
587,1200,10167082,1
588,1200,10243264,0.98
589,1200,11000407,0.94
590,1200,9215192,1
591,1200,9595407,1
592,1200,9457737,1
593,1200,11719046,0.95
594,1200,11892171,0.97
595,1200,10307795,1
596,1200,10701564,0.99
597,1200,9293893,1
598,1200,9960185,1
599,1200,11287734,0.99
600,1200,11688571,0.89
601,1200,9672435,1
602,1200,11007250,1
603,1200,10003429,1
604,1200,10624934,1
605,1200,6860176,1
606,1200,11367419,0.94
607,1200,8282340,1
608,1200,10293237,0.99
609,1200,10240647,1
610,1200,10950080,0.98
611,1200,8663499,1
612,1200,10373540,0.99
613,1200,9222551,1
614,1200,11911583,0.98
615,1200,9577750,0.99
616,1200,11301913,0.98
617,1200,11336707,0.99
618,1200,10917332,0.98
619,1200,11271573,0.98
620,1200,10679615,1
621,1200,7068983,1
622,1200,9006958,1
623,1200,8910088,1
624,1200,9145243,1
625,1200,10369285,0.97
626,1200,8915421,1
627,1200,11070475,1
628,1200,11333852,0.96
629,1200,9018971,1
630,1200,10934041,0.99
631,1200,11161112,1
632,1200,11525787,0.98
633,1200,9536444,0.97
634,1200,10928483,0.93
635,1200,11884007,0.95
636,1200,9009862,1
637,1200,11609825,0.97
638,1200,9467717,1
639,1200,7949738,1
640,1200,11017063,1
641,1200,9758085,1
642,1200,10226611,0.95
643,1200,10692106,0.98
644,1200,7449961,1
645,1200,9321924,0.99
646,1200,10537932,0.97
647,1200,8798555,1
648,1200,10033335,0.98
649,1200,9613405,0.97
650,1200,11137239,0.93
651,1200,10196040,0.96
652,1200,10395889,0.98
653,1200,9953117,0.98
654,1200,9909965,0.94
655,1200,10627321,0.94
656,1200,9657549,1
657,1200,10251227,0.96
658,1200,9525885,1
659,1200,10518069,0.97
660,1200,10517330,0.99
661,1200,8283023,1
662,1200,11217021,0.97
663,1200,6452454,1
664,1200,8480550,0.99
665,1200,10547000,1
666,1200,10833349,0.99
667,1200,7083067,1
668,1200,7498342,1
669,1200,10774998,1
670,1200,8375258,0.99
671,1200,6943904,1
672,1200,10148014,0.98
673,1200,9147477,0.99
674,1200,6882427,1
675,1200,8646664,1
676,1200,10971941,1
677,1200,9247653,1
678,1200,11668444,0.98
679,1200,11238894,1
680,1200,9958136,0.97
681,1200,11007021,0.98
682,1200,10760672,0.95
683,1200,8176542,1
684,1200,8909216,0.96
685,1200,9649641,1
686,1200,9499941,1
687,1200,10245677,0.98
688,1200,11337609,0.99
689,1200,8022437,0.99
690,1200,7942866,1
691,1200,10669165,1
692,1200,10554342,1
693,1200,10830451,0.99
694,1200,10651143,1
695,1200,9870754,0.99
696,1200,8509213,1
697,1200,11349454,0.99
698,1200,10151267,0.98
699,1200,10172823,1
700,1200,11379701,0.94
701,1200,10818216,0.98
702,1200,11449173,0.97
703,1200,9071240,1
704,1200,10617948,0.97
705,1200,10972325,0.99
706,1200,11244615,0.95
707,1200,10961512,1
708,1200,11271047,0.92
709,1200,9254669,1
710,1200,11117895,0.98
711,1200,9932580,1
712,1200,10930913,0.93
713,1200,9101447,1
714,1200,10800175,1
715,1200,10801976,0.89
716,1200,9742550,1
717,1200,10639133,0.97
718,1200,8373119,0.99
719,1200,10456653,1
720,1200,10049870,0.99
721,1200,10109431,1
722,1200,7528445,0.98
723,1200,6879185,1
724,1200,8790351,0.99
725,1200,9068559,0.9
726,1200,9836533,0.97
727,1200,8903134,1
728,1200,4930869,1
729,1200,8013720,1
730,1200,9956740,0.95
731,1200,8647982,1
732,1200,11265054,0.93
733,1200,11153527,0.94
734,1200,10079763,1
735,1200,9789728,1
736,1200,12213981,0.99
737,1200,11150326,1
738,1200,13882238,0.98
739,1200,7356933,1
740,1200,11272500,1
741,1200,13328200,0.98
742,1200,12641085,0.99
743,1200,13542430,0.97
744,1200,12451834,0.99
745,1200,11855845,0.97
746,1200,11096207,1
747,1200,12003726,0.97
748,1200,10197862,0.99
749,1200,10919604,1
750,1200,12695125,0.97
751,1200,10736950,1
752,1200,11576250,0.99
753,1200,10614455,0.99
754,1200,11159603,0.98
755,1200,12293326,0.99
756,1200,12170378,1
757,1200,11670640,0.96
758,1200,11691321,0.99
759,1200,10619911,1
760,1200,9254067,1
761,1200,11283133,0.99
762,1200,8389325,0.99
763,1200,11308985,0.99
764,1200,11695066,0.98
765,1200,11671508,0.97
766,1200,9128003,0.98
767,1200,12675810,0.97
768,1200,10518828,1
769,1200,11998936,0.97
770,1200,11068427,0.99
771,1200,12226970,1
772,1200,10624534,0.96
773,1200,9135709,1
774,1200,9304499,1
775,1200,11644575,0.98
776,1200,11138039,0.99
777,1200,10525482,0.97
778,1200,8549770,1
779,1200,7180200,0.99
780,1200,9339909,1
781,1200,9469223,1
782,1200,10441253,0.98
783,1200,10145284,0.99
784,1200,9244196,1
785,1200,8806480,1
786,1200,11050076,0.99
787,1200,11433250,1
788,1200,7302389,1
789,1200,10215754,1
790,1200,10086952,1
791,1200,11484146,0.98
792,1200,10005557,0.98
793,1200,11433615,0.96
794,1200,11207820,1
795,1200,10370003,0.99
796,1200,11542802,0.96
797,1200,8958410,0.99
798,1200,8580263,1
799,1200,9845844,1
800,1200,9678150,1
801,1200,11786322,0.93
802,1200,10703678,1
803,1200,8445441,0.99
804,1200,11314106,0.98
805,1200,10597323,1
806,1200,10396459,1
807,1200,10437838,0.98
808,1200,11038541,0.96
809,1200,7934222,1
810,1200,7730967,1
811,1200,10786388,0.99
812,1200,10752098,0.99
813,1200,9656801,1
814,1200,11852017,0.96
815,1200,10985849,0.97
816,1200,11162728,0.96
817,1200,7138666,1
818,1200,9683294,1
819,1200,8488891,1
820,1200,6144618,1
821,1200,7326808,1
822,1200,5076058,1
823,1200,8653991,0.93
824,1200,9979314,0.98
825,1200,10813725,0.99
826,1200,7784921,1
827,1200,10086502,0.98
828,1200,8795027,1
829,1200,10926066,0.95
830,1200,8471365,0.99
831,1200,8854875,1
832,1200,9909291,1
833,1200,9999441,1
834,1200,10021454,1
835,1200,7021597,1
836,1200,9054804,1
837,1200,11084465,0.96
838,1200,11576102,0.94
839,1200,10712328,1
840,1200,6325636,0.99
841,1200,11719390,0.93
842,1200,9231576,1
843,1200,6550470,0.99
844,1200,10150044,0.98
845,1200,9956860,0.99
846,1200,6435905,1
847,1200,10722992,1
848,1200,9122899,1
849,1200,9583061,1
850,1200,9627704,0.99
851,1200,8359920,1
852,1200,10640069,0.99
853,1200,9884440,1
854,1200,9863558,1
855,1200,11639468,0.96
856,1200,5657004,1
857,1200,9867833,1
858,1200,9331530,1
859,1200,9232745,1
860,1200,4384818,1
861,1200,10410442,0.99
862,1200,10482249,1
863,1200,10442809,1
864,1200,9622438,1
865,1200,10744228,1
866,1200,9338137,1
867,1200,9372671,1
868,1200,9622683,0.98
869,1200,9456900,1
870,1200,10553302,0.98
871,1200,10473329,1
872,1200,11292763,0.99
873,1200,11971685,0.98
874,1200,8357740,1
875,1200,11880547,0.98
876,1200,11205945,1
877,1200,11478348,0.99
878,1200,11054597,0.94
879,1200,12138964,0.99
880,1200,8952615,1
881,1200,11626507,0.93
882,1200,11794162,0.95
883,1200,10919485,0.98
884,1200,10700184,0.95
885,1200,10134192,0.98
886,1200,8897598,0.99
887,1200,10882045,0.99
888,1200,10383540,0.98
889,1200,10803927,0.99
890,1200,11105947,0.99
891,1200,11097825,1
892,1200,11747821,0.88
893,1200,11023617,0.97
894,1200,10458330,1
895,1200,10450750,0.97
896,1200,10738145,0.99
897,1200,10639080,0.99
898,1200,11545139,0.99
899,1200,10975312,0.96
900,1200,10924853,1
901,1200,6321561,1
902,1200,7793036,0.99
903,1200,7278666,1
904,1200,8833283,0.96
905,1200,7013148,1
906,1200,10042858,0.96
907,1200,8735320,1
908,1200,8287174,1
909,1200,10969901,0.98
910,1200,9184624,1
911,1200,7225049,1
912,1200,9064531,1
913,1200,6959051,1
914,1200,10532389,1
915,1200,10847131,0.96
916,1200,9425766,0.97
917,1200,13304164,1
918,1200,10872091,1
919,1200,12365341,0.99
920,1200,10207042,1
921,1200,10531536,0.98
922,1200,8124302,0.99
923,1200,10476910,1
924,1200,12156040,1
925,1200,8936468,1
926,1200,7007767,1
927,1200,8036532,1
928,1200,8382915,0.98
929,1200,9593163,1
930,1200,10691203,1
931,1200,8253828,1
932,1200,9118260,1
933,1200,12461470,0.98
934,1200,10927503,1
935,1200,11657337,1
936,1200,10553839,1
937,1200,13624145,0.96
938,1200,11069079,1
939,1200,10528372,1
940,1200,9654118,1
941,1200,9711277,0.99
942,1200,9434420,1
943,1200,12825004,0.95
944,1200,11107098,0.97
945,1200,10465251,0.99
946,1200,9388132,1
947,1200,12380734,0.94
948,1200,11212655,0.99
949,1200,10773784,1
950,1200,11730471,0.98
951,1200,11779637,1
952,1200,10266740,1
953,1200,12390840,0.9
954,1200,11333583,1
955,1200,11935280,0.97
956,1200,10432010,0.99
957,1200,9424940,1
958,1200,5259671,1
959,1200,10553622,0.98
960,1200,8628108,0.99
961,1200,5367741,1
962,1200,4661949,1
963,1200,12382019,0.98
964,1200,7290619,0.95
965,1200,10528120,0.96
966,1200,4853134,1
967,1200,9329521,0.94
968,1200,5031094,1
969,1200,9514733,0.98
970,1200,11193597,0.97
971,1200,12055955,0.99
972,1200,10051729,0.97
973,1200,10451082,1
974,1200,4528917,1
975,1200,11537756,0.95
976,1200,12114599,0.96
977,1200,5624358,1
978,1200,9327445,0.81
979,1200,5776259,1
980,1200,7706154,0.99
981,1200,9288479,0.97
982,1200,5344580,1
983,1200,5168597,1
984,1200,9804305,0.9
985,1200,9552384,0.98
986,1200,8917570,1
987,1200,6437521,1
988,1200,9363605,0.99
989,1200,8240427,1
990,1200,9794011,0.98
991,1200,11317610,0.99
992,1200,11023249,0.99
993,1200,11483467,0.94
994,1200,7992267,1
995,1200,11296900,0.95
996,1200,10125044,1
997,1200,10175649,0.99
998,1200,9228467,1
999,1200,5382024,1
0,1400,8540940,1
1,1400,11101465,1
2,1400,7635033,1
3,1400,11286277,1
4,1400,11950269,0.96
5,1400,8675280,1
6,1400,11120765,0.99
7,1400,12288254,1
8,1400,9240972,1
9,1400,10508151,1
10,1400,6154936,1
11,1400,5683397,1
12,1400,10802235,1
13,1400,8836442,0.96
14,1400,11762736,0.98
15,1400,9693454,1
16,1400,5299523,1
17,1400,10067785,1
18,1400,11903978,0.96
19,1400,7695822,1
20,1400,11740525,1
21,1400,12498020,0.97
22,1400,11398214,0.96
23,1400,11945689,0.98
24,1400,8926391,1
25,1400,12541009,0.95
26,1400,12435409,0.97
27,1400,12626027,0.98
28,1400,11472319,1
29,1400,8911760,1
30,1400,8752075,1
31,1400,12040457,0.98
32,1400,11711467,1
33,1400,8515295,1
34,1400,7252949,1
35,1400,9763823,0.99
36,1400,7400762,1
37,1400,11227927,0.96
38,1400,7320305,0.99
39,1400,10960906,0.97
40,1400,6027689,1
41,1400,11737585,0.99
42,1400,8810012,1
43,1400,9489518,1
44,1400,8032987,1
45,1400,9247583,1
46,1400,8853527,1
47,1400,8232685,1
48,1400,11404095,0.99
49,1400,10880055,1
50,1400,9980246,1
51,1400,10356619,1
52,1400,10369202,0.99
53,1400,10300461,1
54,1400,7165243,1
55,1400,9076506,1
56,1400,8472392,1
57,1400,9017313,1
58,1400,8724448,1
59,1400,10515423,1
60,1400,12150225,0.99
61,1400,12691332,0.99
62,1400,13238994,0.94
63,1400,12477217,0.98
64,1400,11071829,1
65,1400,11157577,1
66,1400,8290555,1
67,1400,11741756,1
68,1400,12969387,0.95
69,1400,11284979,1
70,1400,10255375,0.99
71,1400,11358360,1
72,1400,12374721,0.97
73,1400,9614356,1
74,1400,9614812,1
75,1400,9734410,1
76,1400,9756246,1
77,1400,11615819,1
78,1400,10208354,1
79,1400,13139797,0.97
80,1400,11055458,1
81,1400,11307070,1
82,1400,10245516,1
83,1400,10818469,1
84,1400,9368729,1
85,1400,11046065,1
86,1400,11491477,1
87,1400,9872671,1
88,1400,9456680,1
89,1400,9475381,0.98
90,1400,9431792,0.99
91,1400,8643698,0.99
92,1400,9038701,0.99
93,1400,12588215,0.97
94,1400,10759046,1
95,1400,12417801,1
96,1400,7222862,1
97,1400,6109466,1
98,1400,9442435,1
99,1400,13172425,1
100,1400,10607601,0.98
101,1400,11631970,1
102,1400,10997340,0.97
103,1400,10738554,0.98
104,1400,12206317,1
105,1400,11750088,1
106,1400,11479004,0.95
107,1400,6543695,1
108,1400,11382102,0.99
109,1400,7885465,1
110,1400,5803165,1
111,1400,9065072,1
112,1400,9453298,0.97
113,1400,8294072,1
114,1400,11939717,0.97
115,1400,10782907,0.99
116,1400,9006633,1
117,1400,9929082,1
118,1400,8707448,1
119,1400,10853102,0.99
120,1400,10815410,1
121,1400,12373888,0.95
122,1400,9124280,1
123,1400,11887024,0.99
124,1400,12526418,0.97
125,1400,12166060,0.97
126,1400,10864406,1
127,1400,11937678,0.98
128,1400,10233625,1
129,1400,8381393,0.99
130,1400,11021188,0.95
131,1400,12936963,0.99
132,1400,10708203,1
133,1400,12189200,0.98
134,1400,9077402,0.98
135,1400,12296118,1
136,1400,11643902,1
137,1400,11036631,0.99
138,1400,10685111,1
139,1400,10985820,0.99
140,1400,11750090,1
141,1400,10468325,1
142,1400,11375627,1
143,1400,12552791,1
144,1400,13143638,0.99
145,1400,12236417,0.98
146,1400,10857502,1
147,1400,6496105,1
148,1400,11503110,0.99
149,1400,7540134,1
150,1400,11617772,0.98
151,1400,5636311,1
152,1400,9303572,1
153,1400,8075609,1
154,1400,12368400,1
155,1400,8100205,1
156,1400,11533537,1
157,1400,9250242,1
158,1400,7557253,1
159,1400,10800869,0.97
160,1400,6175771,1
161,1400,6665960,1
162,1400,9449819,1
163,1400,9672754,1
164,1400,9426397,1
165,1400,10655073,1
166,1400,12591468,0.99
167,1400,9964877,0.94
168,1400,11700492,0.98
169,1400,11370183,1
170,1400,12533926,1
171,1400,11772744,0.98
172,1400,12822379,0.99
173,1400,9464826,1
174,1400,9246049,1
175,1400,5877286,1
176,1400,10867499,1
177,1400,9773733,1
178,1400,7699726,1
179,1400,8684472,1
180,1400,11548827,0.99
181,1400,12599283,0.98
182,1400,9379687,1
183,1400,13814548,0.98
184,1400,12859317,0.96
185,1400,12168462,0.94
186,1400,12469446,0.99
187,1400,11978443,0.99
188,1400,10588921,1
189,1400,7852582,1
190,1400,6803874,1
191,1400,12589199,1
192,1400,10878563,0.99
193,1400,13442898,0.95
194,1400,7400169,1
195,1400,13303818,0.99
196,1400,11682416,1
197,1400,9666810,0.98
198,1400,12551377,0.94
199,1400,12227908,1
200,1400,12186610,0.97
201,1400,12117169,0.98
202,1400,12392700,0.97
203,1400,10267479,0.99
204,1400,8843225,1
205,1400,7862430,0.99
206,1400,12525417,0.96
207,1400,12848582,0.91
208,1400,12762466,0.99
209,1400,12749374,1
210,1400,13717327,0.99
211,1400,13890322,0.98
212,1400,11474802,1
213,1400,12759607,1
214,1400,10607575,0.97
215,1400,12556754,0.95
216,1400,13633600,0.97
217,1400,10235225,0.99
218,1400,11500202,0.99
219,1400,11927284,0.95
220,1400,11856664,0.98
221,1400,11482802,0.99
222,1400,13086369,0.98
223,1400,13014242,0.98
224,1400,11714257,1
225,1400,12157824,0.96
226,1400,8183834,0.99
227,1400,12942476,0.97
228,1400,12588421,0.97
229,1400,13063388,1
230,1400,12988751,1
231,1400,12395481,0.98
232,1400,11936142,1
233,1400,9778691,1
234,1400,12163786,0.99
235,1400,8810121,0.99
236,1400,12747123,0.99
237,1400,13188135,0.96
238,1400,11573709,1
239,1400,12284766,0.97
240,1400,11579957,1
241,1400,12285498,0.99
242,1400,13064424,0.99
243,1400,11154546,0.99
244,1400,12322123,0.99
245,1400,11953449,0.99
246,1400,12384322,0.99
247,1400,11512648,0.99
248,1400,12838796,0.94
249,1400,11141637,0.94
250,1400,11609287,0.99
251,1400,12424583,0.98
252,1400,12403032,1
253,1400,12185576,1
254,1400,12303120,0.99
255,1400,11275353,0.98
256,1400,12650818,0.97
257,1400,12551660,0.99
258,1400,12046580,0.99
259,1400,13160843,0.99
260,1400,12387839,0.93
261,1400,12335536,0.97
262,1400,12417071,0.96
263,1400,10345223,1
264,1400,12416263,1
265,1400,13012274,1
266,1400,10731980,1
267,1400,12215781,0.98
268,1400,11732237,1
269,1400,13441754,0.96
270,1400,11342060,1
271,1400,11454032,0.99
272,1400,12421067,0.99
273,1400,9783317,1
274,1400,9073227,1
275,1400,12238446,1
276,1400,10831052,0.99
277,1400,11870445,0.97
278,1400,11198865,1
279,1400,8155864,1
280,1400,8971077,1
281,1400,5898484,1
282,1400,11638469,0.99
283,1400,10953450,1
284,1400,9274017,1
285,1400,11596953,0.96
286,1400,8152956,1
287,1400,9260893,1
288,1400,11376630,1
289,1400,11072320,0.99
290,1400,12541941,0.95
291,1400,10534966,0.99
292,1400,11209209,1
293,1400,10700592,0.99
294,1400,10816836,0.99
295,1400,13469334,0.96
296,1400,11827638,0.96
297,1400,10314663,1
298,1400,12187940,0.99
299,1400,12198397,0.98
300,1400,11372834,1
301,1400,10253509,1
302,1400,12280623,0.91
303,1400,9772705,1
304,1400,10885333,1
305,1400,11796977,0.98
306,1400,12217514,0.99
307,1400,10718011,0.94
308,1400,10542459,1
309,1400,9616091,0.96
310,1400,11522981,1
311,1400,12187124,0.99
312,1400,11035078,0.96
313,1400,9628566,1
314,1400,11239209,1
315,1400,11431555,1
316,1400,8732447,1
317,1400,11801670,1
318,1400,11255326,1
319,1400,11514822,1
320,1400,11550094,0.99
321,1400,12486791,0.99
322,1400,10874242,0.99
323,1400,12478196,1
324,1400,10483922,0.96
325,1400,10287902,0.99
326,1400,10589290,1
327,1400,10774090,1
328,1400,10074919,1
329,1400,11156364,0.91
330,1400,12694580,0.96
331,1400,8771708,1
332,1400,5777880,1
333,1400,7724182,1
334,1400,12288215,0.99
335,1400,4413373,1
336,1400,7606327,1
337,1400,9987259,0.99
338,1400,5893234,0.99
339,1400,11722042,0.97
340,1400,10227223,1
341,1400,7995967,1
342,1400,7945090,1
343,1400,12428277,0.98
344,1400,11466997,1
345,1400,7238979,1
346,1400,12245791,0.99
347,1400,10458485,0.88
348,1400,10810332,0.98
349,1400,6118259,1
350,1400,10955137,0.96
351,1400,11604598,0.91
352,1400,6421885,0.98
353,1400,7379184,0.99
354,1400,8915771,1
355,1400,6716612,1
356,1400,8827805,1
357,1400,10064478,1
358,1400,7920970,0.99
359,1400,7063931,1
360,1400,7281470,1
361,1400,12069649,0.99
362,1400,6179618,1
363,1400,6848322,0.99
364,1400,11711305,0.99
365,1400,6026958,1
366,1400,7530351,1
367,1400,6803461,1
368,1400,8766055,1
369,1400,11503841,1
370,1400,7513096,0.99
371,1400,9486828,0.95
372,1400,10609224,1
373,1400,6219010,1
374,1400,10178715,0.98
375,1400,11708928,0.98
376,1400,6272657,1
377,1400,9395681,1
378,1400,7903369,1
379,1400,9521322,1
380,1400,8377765,1
381,1400,11530260,1
382,1400,11983030,1
383,1400,10304038,0.95
384,1400,9804442,0.98
385,1400,12228606,0.99
386,1400,6232163,1
387,1400,6563439,0.99
388,1400,12709140,1
389,1400,8495252,1
390,1400,13676961,0.97
391,1400,11214758,0.99
392,1400,11253958,0.99
393,1400,13202814,0.98
394,1400,12867455,1
395,1400,12765143,1
396,1400,11512528,0.99
397,1400,11272810,0.96
398,1400,13009235,0.97
399,1400,12391056,0.98
400,1400,10864853,0.96
401,1400,12838043,0.97
402,1400,9135334,0.99
403,1400,13044676,1
404,1400,12614215,0.96
405,1400,10749624,1
406,1400,13441736,0.99
407,1400,10954249,1
408,1400,12776101,0.97
409,1400,12990511,0.96
410,1400,13571579,0.95
411,1400,12585759,0.99
412,1400,12506461,0.97
413,1400,13788090,0.98
414,1400,12494289,0.99
415,1400,11424475,1
416,1400,12679896,0.97
417,1400,13279609,0.97
418,1400,13118302,0.99
419,1400,12466760,0.97
420,1400,13019315,0.93
421,1400,9923186,1
422,1400,10788981,1
423,1400,13363844,0.96
424,1400,8936523,1
425,1400,13247612,0.98
426,1400,10812758,1
427,1400,11938440,0.99
428,1400,10800111,1
429,1400,10740627,0.98
430,1400,13166225,0.99
431,1400,11933289,0.99
432,1400,11716125,0.94
433,1400,6719785,0.99
434,1400,11015976,0.99
435,1400,8562323,0.97
436,1400,10756442,0.98
437,1400,7686736,1
438,1400,11801481,0.98
439,1400,10620435,0.94
440,1400,13066858,0.97
441,1400,11137215,0.99
442,1400,11927664,0.95
443,1400,11366022,0.98
444,1400,11074521,0.99
445,1400,12752502,0.97
446,1400,10712091,0.99
447,1400,11338315,0.99
448,1400,11935048,0.99
449,1400,10585064,1
450,1400,8920590,1
451,1400,8782566,1
452,1400,10934371,1
453,1400,9475077,1
454,1400,12332350,0.98
455,1400,10746975,0.98
456,1400,12543238,0.98
457,1400,13377978,0.98
458,1400,10013836,1
459,1400,10755450,1
460,1400,8625164,0.99
461,1400,7866840,1
462,1400,13043542,0.99
463,1400,13158294,0.98
464,1400,8188536,1
465,1400,12666661,0.99
466,1400,6860280,0.99
467,1400,12526692,0.96
468,1400,12328792,0.98
469,1400,8553157,1
470,1400,10236946,0.99
471,1400,10646651,1
472,1400,9479401,1
473,1400,12081057,1
474,1400,10707291,1
475,1400,9885113,1
476,1400,12296594,1
477,1400,12486564,0.96
478,1400,12571901,0.97
479,1400,11366624,0.98
480,1400,8818289,1
481,1400,8853555,1
482,1400,12053664,0.98
483,1400,12745431,0.96
484,1400,7060198,1
485,1400,5846602,1
486,1400,5575190,1
487,1400,11079119,0.94
488,1400,13069253,0.98
489,1400,9698141,1
490,1400,11496766,1
491,1400,12700203,0.99
492,1400,12731679,1
493,1400,12979976,0.96
494,1400,11554687,0.96
495,1400,10044493,1
496,1400,5298719,1
497,1400,6224513,1
498,1400,11717310,0.92
499,1400,10801716,0.99
500,1400,3254764,1
501,1400,9275819,1
502,1400,10171784,1
503,1400,10159811,0.99
504,1400,9964136,1
505,1400,11091575,1
506,1400,12507105,0.93
507,1400,10265886,0.98
508,1400,6141739,1
509,1400,6930568,1
510,1400,10760986,0.97
511,1400,12439242,0.97
512,1400,7813751,1
513,1400,9316597,0.99
514,1400,11105074,1
515,1400,12125149,1
516,1400,4452501,1
517,1400,5102623,1
518,1400,10304298,1
519,1400,10654748,0.94
520,1400,12242628,1
521,1400,6241792,1
522,1400,12287671,0.98
523,1400,12052956,0.99
524,1400,11239028,0.96
525,1400,12685610,0.96
526,1400,12744177,0.98
527,1400,12090019,0.99
528,1400,11670291,0.99
529,1400,13137470,0.97
530,1400,9739223,1
531,1400,8962115,0.99
532,1400,5510192,1
533,1400,11513750,1
534,1400,11810042,1
535,1400,11985123,0.92
536,1400,7511157,1
537,1400,12407126,1
538,1400,10679001,1
539,1400,12246797,1
540,1400,12221844,0.97
541,1400,9868647,1
542,1400,11636934,0.99
543,1400,12515366,0.97
544,1400,10671335,1
545,1400,10642533,0.98
546,1400,13114666,0.95
547,1400,11627114,1
548,1400,11524779,0.99
549,1400,13346397,0.98
550,1400,10634220,1
551,1400,10282348,1
552,1400,12208201,0.96
553,1400,10577588,1
554,1400,10879668,1
555,1400,17503630,0.99
556,1400,8808342,1
557,1400,17420683,0.99
558,1400,16263139,0.97
559,1400,12802463,1
560,1400,13895033,1
561,1400,13377295,0.99
562,1400,14351402,0.97
563,1400,14164524,0.98
564,1400,14162415,0.97
565,1400,11034833,1
566,1400,11292587,0.99
567,1400,13262268,1
568,1400,8631195,1
569,1400,14296758,0.98
570,1400,11712798,1
571,1400,7817806,1
572,1400,11765363,0.99
573,1400,8132576,1
574,1400,11098819,1
575,1400,12920257,1
576,1400,13179739,0.98
577,1400,14719680,0.95
578,1400,12723837,1
579,1400,10556524,1
580,1400,3023412,1
581,1400,12614009,1
582,1400,13197304,0.9
583,1400,12819389,0.89
584,1400,13493969,0.99
585,1400,13364743,0.97
586,1400,12519081,0.98
587,1400,11354785,1
588,1400,11390439,0.99
589,1400,12375277,0.94
590,1400,10397655,1
591,1400,10538761,1
592,1400,10540115,1
593,1400,13013290,0.96
594,1400,13297754,0.97
595,1400,11631247,1
596,1400,11963793,0.99
597,1400,10478069,1
598,1400,11060638,1
599,1400,12661363,0.99
600,1400,13260628,0.89
601,1400,10831856,1
602,1400,12455780,1
603,1400,11171893,1
604,1400,11876575,1
605,1400,7504301,1
606,1400,12986164,0.95
607,1400,9360090,1
608,1400,11606628,0.99
609,1400,11474280,1
610,1400,12379772,0.99
611,1400,9746770,1
612,1400,11478311,0.99
613,1400,10204683,1
614,1400,13443844,0.98
615,1400,10577011,0.99
616,1400,12738178,0.98
617,1400,12875558,0.99
618,1400,12320181,0.99
619,1400,12773200,0.98
620,1400,12048312,1
621,1400,7528993,1
622,1400,10058654,1
623,1400,10031039,1
624,1400,10329864,1
625,1400,11775992,0.98
626,1400,9939456,1
627,1400,12512384,1
628,1400,12809221,0.97
629,1400,10162936,1
630,1400,11928947,0.99
631,1400,12552052,1
632,1400,12992773,0.98
633,1400,10831695,0.97
634,1400,12340409,0.95
635,1400,13574975,0.95
636,1400,9937089,1
637,1400,13095269,0.98
638,1400,10739388,1
639,1400,8816072,1
640,1400,12495426,1
641,1400,10941063,1
642,1400,11501492,0.96
643,1400,12114095,0.99
644,1400,8566866,1
645,1400,10399695,0.99
646,1400,11764308,0.98
647,1400,9847241,1
648,1400,11362963,0.99
649,1400,10634582,0.97
650,1400,12586303,0.93
651,1400,11523296,0.96
652,1400,11793954,0.98
653,1400,11296676,0.98
654,1400,11303613,0.94
655,1400,12139408,0.95
656,1400,10991958,1
657,1400,11650212,0.96
658,1400,10795205,1
659,1400,11898909,0.98
660,1400,11973222,0.99
661,1400,9488933,1
662,1400,12787558,0.97
663,1400,7367517,1
664,1400,9621969,1
665,1400,12027539,1
666,1400,12409581,1
667,1400,7892080,1
668,1400,8395182,1
669,1400,12244675,1
670,1400,9413006,1
671,1400,7926440,1
672,1400,11480854,0.98
673,1400,10235657,0.99
674,1400,7721019,1
675,1400,9880101,1
676,1400,12565038,1
677,1400,10391169,1
678,1400,13233881,0.99
679,1400,12699067,1
680,1400,11218739,0.97
681,1400,12588509,0.99
682,1400,12183606,0.96
683,1400,9143299,1
684,1400,10005430,0.96
685,1400,10947648,1
686,1400,10784320,1
687,1400,11512674,0.98
688,1400,12829978,0.99
689,1400,9179914,1
690,1400,8987957,1
691,1400,12162341,1
692,1400,11891062,1
693,1400,12224883,0.99
694,1400,12139659,1
695,1400,11232508,0.99
696,1400,9607710,1
697,1400,12943793,0.99
698,1400,11437432,0.99
699,1400,11439851,1
700,1400,12958651,0.96
701,1400,12277017,0.98
702,1400,12985904,0.97
703,1400,10211049,1
704,1400,12068140,0.97
705,1400,12605425,0.99
706,1400,12727304,0.97
707,1400,12524232,1
708,1400,12818190,0.93
709,1400,10452083,1
710,1400,12639449,0.98
711,1400,11268329,1
712,1400,12481232,0.94
713,1400,13910558,1
714,1400,15725278,1
715,1400,15759117,0.91
716,1400,14025911,1
717,1400,13786452,0.98
718,1400,11975337,0.99
719,1400,14259428,1
720,1400,13663852,0.99
721,1400,13307701,1
722,1400,10712843,0.99
723,1400,9499409,1
724,1400,11064808,0.99
725,1400,12090987,0.93
726,1400,12465429,0.98
727,1400,10899815,1
728,1400,6512272,1
729,1400,10914729,1
730,1400,13187988,0.95
731,1400,10512600,1
732,1400,13807938,0.95
733,1400,13680484,0.95
734,1400,12787236,1
735,1400,12138862,1
736,1400,10695964,0.99
737,1400,10526945,1
738,1400,13727714,0.98
739,1400,7197975,1
740,1400,11584000,1
741,1400,13126712,0.98
742,1400,13396735,0.99
743,1400,13367352,0.98
744,1400,13059646,1
745,1400,12452390,0.99
746,1400,11755328,1
747,1400,12545315,1
748,1400,10974607,0.99
749,1400,11785703,1
750,1400,13333710,0.98
751,1400,11711670,1
752,1400,12721186,0.99
753,1400,11322484,0.99
754,1400,12466656,0.98
755,1400,13247513,1
756,1400,13366033,1
757,1400,12656060,0.97
758,1400,13001265,0.99
759,1400,11418592,1
760,1400,10307124,1
761,1400,11859998,0.99
762,1400,8828841,0.99
763,1400,12203897,0.99
764,1400,12911694,0.98
765,1400,12837231,0.98
766,1400,10123981,0.98
767,1400,13949172,0.98
768,1400,11756732,1
769,1400,13114257,0.98
770,1400,12163855,0.99
771,1400,13546502,1
772,1400,11618491,0.96
773,1400,10118000,1
774,1400,10005337,1
775,1400,13073616,0.99
776,1400,12626532,0.99
777,1400,11688768,0.97
778,1400,9394512,1
779,1400,7615837,0.99
780,1400,10325979,1
781,1400,10669542,1
782,1400,11765634,0.98
783,1400,11360832,0.99
784,1400,10392872,1
785,1400,9821949,1
786,1400,12513305,0.99
787,1400,12848900,1
788,1400,8098062,1
789,1400,11272067,1
790,1400,11374544,1
791,1400,12837005,0.98
792,1400,11233881,0.98
793,1400,12346908,0.97
794,1400,12056208,1
795,1400,11287196,0.99
796,1400,12749053,0.96
797,1400,9932784,0.99
798,1400,9560506,1
799,1400,11121275,1
800,1400,10945116,1
801,1400,13289455,0.93
802,1400,11910974,1
803,1400,9300784,0.99
804,1400,12877170,0.99
805,1400,11810487,1
806,1400,11578318,1
807,1400,11742089,0.98
808,1400,12490191,0.97
809,1400,8616084,1
810,1400,8640436,1
811,1400,12247545,0.99
812,1400,12069191,0.99
813,1400,10819368,1
814,1400,13260411,0.96
815,1400,12522638,0.97
816,1400,12646292,0.97
817,1400,8035200,1
818,1400,10887603,1
819,1400,9347400,1
820,1400,6808889,1
821,1400,8102139,1
822,1400,5782433,1
823,1400,9704956,0.94
824,1400,11238655,0.98
825,1400,11914581,0.99
826,1400,8524546,1
827,1400,11465736,0.99
828,1400,10031959,1
829,1400,12389770,0.96
830,1400,9517642,1
831,1400,9992859,1
832,1400,11197143,1
833,1400,11157874,1
834,1400,11244562,1
835,1400,7919888,1
836,1400,10228798,1
837,1400,12282321,0.97
838,1400,12983307,0.94
839,1400,12218125,1
840,1400,6927164,1
841,1400,13379199,0.97
842,1400,10289646,1
843,1400,7298856,0.99
844,1400,11479932,0.98
845,1400,11166048,1
846,1400,7145137,1
847,1400,12142005,1
848,1400,10211252,1
849,1400,10891907,1
850,1400,10778010,0.99
851,1400,9313913,1
852,1400,12077457,1
853,1400,11110923,1
854,1400,10801485,1
855,1400,13185119,0.97
856,1400,6044654,1
857,1400,11069951,1
858,1400,10487795,1
859,1400,10371853,1
860,1400,4836326,1
861,1400,11599442,0.99
862,1400,11792032,1
863,1400,11841266,1
864,1400,10878326,1
865,1400,12359944,1
866,1400,10622763,1
867,1400,10578065,1
868,1400,10849117,0.98
869,1400,10658395,1
870,1400,11770784,0.98
871,1400,11756276,1
872,1400,12454496,1
873,1400,13543330,0.99
874,1400,12958743,1
875,1400,17155398,0.98
876,1400,16046618,1
877,1400,15635077,0.99
878,1400,14820823,0.97
879,1400,15646311,0.99
880,1400,12182243,1
881,1400,14549324,0.95
882,1400,14473386,0.96
883,1400,13347815,0.99
884,1400,13128975,0.95
885,1400,12552456,0.99
886,1400,11303533,1
887,1400,13796673,0.99
888,1400,12518308,0.98
889,1400,13000133,0.99
890,1400,13894319,0.99
891,1400,13581204,1
892,1400,14204514,0.94
893,1400,13760516,0.98
894,1400,12738917,1
895,1400,13236237,0.99
896,1400,13063180,0.99
897,1400,12542188,0.99
898,1400,13884929,0.99
899,1400,12948388,0.97
900,1400,13154573,1
901,1400,8414066,1
902,1400,10521515,0.99
903,1400,9288852,1
904,1400,11068303,0.98
905,1400,8507923,1
906,1400,12170221,0.97
907,1400,10737789,1
908,1400,10382624,1
909,1400,12868534,0.98
910,1400,10843527,1
911,1400,8494207,1
912,1400,10613713,1
913,1400,8364510,1
914,1400,12431997,1
915,1400,12927914,0.98
916,1400,12093595,0.98
917,1400,11723967,1
918,1400,9960411,1
919,1400,11987352,0.99
920,1400,10220144,1
921,1400,10722897,0.98
922,1400,8783483,0.99
923,1400,10816966,1
924,1400,11961825,1
925,1400,9478661,1
926,1400,7628167,1
927,1400,8241413,1
928,1400,8575207,0.98
929,1400,10081759,1
930,1400,11408989,1
931,1400,8595135,1
932,1400,9154554,1
933,1400,12213657,0.99
934,1400,11253010,1
935,1400,11956191,1
936,1400,11259387,1
937,1400,13715795,0.97
938,1400,11516873,1
939,1400,11368778,1
940,1400,10651744,1
941,1400,10453828,0.99
942,1400,10312697,1
943,1400,13260128,0.95
944,1400,12201145,0.98
945,1400,11232681,0.99
946,1400,10108434,1
947,1400,13258991,0.94
948,1400,12271484,1
949,1400,11575306,1
950,1400,12943422,0.98
951,1400,12731714,1
952,1400,11369189,1
953,1400,12653585,0.93
954,1400,12018537,1
955,1400,12971117,0.98
956,1400,11456147,1
957,1400,10434673,1
958,1400,5392794,1
959,1400,11433724,0.98
960,1400,9282337,0.99
961,1400,6033012,1
962,1400,5580012,1
963,1400,13434154,0.99
964,1400,8209984,0.96
965,1400,11768201,0.96
966,1400,5568249,1
967,1400,10437533,0.96
968,1400,5890134,1
969,1400,10677416,0.98
970,1400,12070419,0.97
971,1400,13335081,0.99
972,1400,11281433,0.97
973,1400,11565819,1
974,1400,5325997,1
975,1400,12888311,0.97
976,1400,13355550,0.96
977,1400,6449757,1
978,1400,10289987,0.81
979,1400,6042213,1
980,1400,8340004,0.99
981,1400,10230004,0.97
982,1400,6105970,1
983,1400,5991211,1
984,1400,10688667,0.92
985,1400,10614926,0.98
986,1400,9910002,1
987,1400,7314420,1
988,1400,10546807,1
989,1400,8824309,1
990,1400,10865379,0.98
991,1400,12625618,1
992,1400,12184969,0.99
993,1400,12666693,0.94
994,1400,8734120,1
995,1400,12462130,0.96
996,1400,11327812,1
997,1400,11513963,0.99
998,1400,10297387,1
999,1400,5923010,1
0,1600,9632031,1
1,1600,12434792,1
2,1600,8603638,1
3,1600,12651147,1
4,1600,13475171,0.96
5,1600,9859876,1
6,1600,12576897,0.99
7,1600,13947058,1
8,1600,10300487,1
9,1600,11688947,1
10,1600,6835645,1
11,1600,6283112,1
12,1600,12106338,1
13,1600,10010198,0.96
14,1600,13077837,0.99
15,1600,10890089,1
16,1600,5840528,1
17,1600,11352402,1
18,1600,13333693,0.97
19,1600,8619139,1
20,1600,13107458,1
21,1600,14072436,0.97
22,1600,12871639,0.96
23,1600,13325133,0.98
24,1600,9987662,1
25,1600,14153988,0.96
26,1600,14009185,0.97
27,1600,14097475,0.98
28,1600,12803182,1
29,1600,9846739,1
30,1600,9864145,0.99
31,1600,13499308,0.98
32,1600,13141313,1
33,1600,9633477,1
34,1600,8112945,1
35,1600,11052502,1
36,1600,8387458,1
37,1600,12527446,0.96
38,1600,8269393,0.99
39,1600,12362720,0.97
40,1600,6815972,1
41,1600,14122154,0.99
42,1600,9986086,1
43,1600,10211977,1
44,1600,8952873,1
45,1600,10328553,1
46,1600,9874208,1
47,1600,9329124,1
48,1600,12763577,0.99
49,1600,12147615,1
50,1600,11155112,1
51,1600,11534291,1
52,1600,11570776,0.99
53,1600,11583622,1
54,1600,8007069,1
55,1600,10038969,1
56,1600,9599183,1
57,1600,10110920,1
58,1600,9818770,1
59,1600,11887414,1
60,1600,13532187,0.99
61,1600,14176707,0.99
62,1600,14778651,0.94
63,1600,13895495,1
64,1600,12338265,1
65,1600,12104162,1
66,1600,9248187,1
67,1600,13196327,1
68,1600,14411385,0.95
69,1600,12652784,1
70,1600,11494189,1
71,1600,12626006,1
72,1600,13743052,0.98
73,1600,10827390,1
74,1600,10716138,1
75,1600,10746579,1
76,1600,10883956,1
77,1600,13015569,1
78,1600,11423284,1
79,1600,14657024,0.97
80,1600,12434922,1
81,1600,12755896,1
82,1600,11492269,1
83,1600,12094851,1
84,1600,10583150,1
85,1600,12378974,1
86,1600,12833076,1
87,1600,11111425,1
88,1600,10677652,1
89,1600,10692540,0.98
90,1600,10505898,0.99
91,1600,9847688,0.99
92,1600,10220585,1
93,1600,14197822,0.98
94,1600,12015627,1
95,1600,13827398,1
96,1600,8209618,1
97,1600,6858674,1
98,1600,10591278,1
99,1600,14819409,1
100,1600,11802592,0.98
101,1600,13128353,1
102,1600,12489345,0.97
103,1600,12104050,0.99
104,1600,13746408,1
105,1600,13251075,1
106,1600,12904778,0.95
107,1600,7258071,1
108,1600,12733199,1
109,1600,8816015,1
110,1600,6753025,1
111,1600,10170657,1
112,1600,10682512,0.98
113,1600,9585133,1
114,1600,13458474,0.97
115,1600,12079369,0.99
116,1600,10297879,1
117,1600,11137104,1
118,1600,9795158,1
119,1600,12127364,0.99
120,1600,12102797,1
121,1600,13797828,0.97
122,1600,10229882,1
123,1600,13295267,0.99
124,1600,14073385,0.99
125,1600,13528244,0.97
126,1600,12082788,1
127,1600,13381139,0.98
128,1600,11448613,1
129,1600,9289480,0.99
130,1600,12512928,0.95
131,1600,14562065,0.99
132,1600,12112466,1
133,1600,13556657,0.98
134,1600,10235977,0.98
135,1600,13756197,1
136,1600,13043988,1
137,1600,12339421,0.99
138,1600,11786993,1
139,1600,12325454,0.99
140,1600,13195997,1
141,1600,11841260,1
142,1600,12695607,1
143,1600,14147149,1
144,1600,14689368,1
145,1600,13695425,1
146,1600,12217276,1
147,1600,7238366,1
148,1600,12867176,0.99
149,1600,8449740,1
150,1600,12847496,0.98
151,1600,6210144,1
152,1600,10430139,1
153,1600,8919618,1
154,1600,13869818,1
155,1600,9043280,1
156,1600,12919651,1
157,1600,10422127,1
158,1600,8711018,1
159,1600,12155769,0.97
160,1600,6803472,1
161,1600,7528949,1
162,1600,10612407,1
163,1600,10799366,1
164,1600,10501000,1
165,1600,11992323,1
166,1600,14144101,0.99
167,1600,11244214,0.94
168,1600,13072559,0.98
169,1600,12742678,1
170,1600,14157122,1
171,1600,13278638,0.98
172,1600,14365932,0.99
173,1600,10571856,1
174,1600,10377408,1
175,1600,6462147,1
176,1600,12134450,1
177,1600,10937927,1
178,1600,8519807,1
179,1600,9751240,1
180,1600,12844555,0.99
181,1600,14139117,0.99
182,1600,10412260,1
183,1600,15414671,0.98
184,1600,14511279,0.97
185,1600,13576342,0.95
186,1600,13959288,0.99
187,1600,13470393,0.99
188,1600,11803296,1
189,1600,8747135,1
190,1600,7521984,1
191,1600,14036650,1
192,1600,12162754,0.99
193,1600,15127117,0.96
194,1600,8119882,1
195,1600,14957761,0.99
196,1600,13021637,1
197,1600,10895712,0.99
198,1600,14157142,0.94
199,1600,13694589,1
200,1600,13607095,0.98
201,1600,13499698,0.98
202,1600,13884711,0.97
203,1600,11374104,0.99
204,1600,9825416,1
205,1600,8784968,1
206,1600,14183379,0.96
207,1600,14429994,0.93
208,1600,14275912,0.99
209,1600,13505517,1
210,1600,14754373,1
211,1600,14719083,0.98
212,1600,12340394,1
213,1600,14182509,1
214,1600,11904847,0.97
215,1600,14046671,0.96
216,1600,14302567,0.97
217,1600,11499447,0.99
218,1600,12789576,0.99
219,1600,13413979,0.96
220,1600,13221637,1
221,1600,12895917,1
222,1600,14719532,0.98
223,1600,14578496,0.99
224,1600,13060527,1
225,1600,13614598,0.96
226,1600,9458267,0.99
227,1600,14533680,0.97
228,1600,14114937,0.99
229,1600,14684958,1
230,1600,14566985,1
231,1600,13785654,0.98
232,1600,13361776,1
233,1600,10872014,1
234,1600,13643377,1
235,1600,9985539,0.99
236,1600,14347002,1
237,1600,14835174,0.97
238,1600,13025053,1
239,1600,13708167,0.97
240,1600,12937088,1
241,1600,13756604,0.99
242,1600,14706539,1
243,1600,12467988,0.99
244,1600,13774288,0.99
245,1600,13475643,0.99
246,1600,13950577,0.99
247,1600,12795631,0.99
248,1600,14443128,0.94
249,1600,12513198,0.94
250,1600,12971857,0.99
251,1600,13966488,0.98
252,1600,13911817,1
253,1600,13696561,1
254,1600,13833630,0.99
255,1600,12641400,0.98
256,1600,14169604,0.97
257,1600,14074951,0.99
258,1600,13389525,0.99
259,1600,14707333,0.99
260,1600,13900857,0.93
261,1600,13716311,0.99
262,1600,13981048,0.96
263,1600,11485940,1
264,1600,13860503,1
265,1600,14557691,1
266,1600,12033211,1
267,1600,13621738,0.98
268,1600,13008248,1
269,1600,15000628,0.96
270,1600,12780944,1
271,1600,12933236,0.99
272,1600,13918887,0.99
273,1600,10880925,1
274,1600,10087706,1
275,1600,13722400,1
276,1600,12147770,0.99
277,1600,13382929,0.97
278,1600,12517211,1
279,1600,9219240,1
280,1600,10034887,1
281,1600,6487001,1
282,1600,12950842,0.99
283,1600,12404213,1
284,1600,10957305,1
285,1600,13022513,0.96
286,1600,9075767,1
287,1600,10367483,1
288,1600,12819365,1
289,1600,12485784,0.99
290,1600,14134006,0.95
291,1600,11824472,0.99
292,1600,12619391,1
293,1600,11975636,0.99
294,1600,12255295,1
295,1600,15124964,0.96
296,1600,13255670,0.96
297,1600,11527500,1
298,1600,13623371,0.99
299,1600,13612609,0.98
300,1600,12696054,1
301,1600,11567305,1
302,1600,13745694,0.92
303,1600,10940958,1
304,1600,12140477,1
305,1600,13182776,0.98
306,1600,13701245,0.99
307,1600,12124150,0.94
308,1600,11931272,1
309,1600,10831670,0.96
310,1600,12803525,1
311,1600,13718081,0.99
312,1600,12251084,0.98
313,1600,10829813,1
314,1600,12650088,1
315,1600,12798548,1
316,1600,9931341,1
317,1600,13176779,1
318,1600,12538762,1
319,1600,12837249,1
320,1600,12923529,0.99
321,1600,13966232,1
322,1600,12023970,0.99
323,1600,13945826,1
324,1600,11686964,0.96
325,1600,11506207,0.99
326,1600,11868837,1
327,1600,12132619,1
328,1600,11285263,1
329,1600,12664078,0.93
330,1600,14324401,0.96
331,1600,9744543,1
332,1600,6416486,1
333,1600,8561837,1
334,1600,13757768,0.99
335,1600,4856069,1
336,1600,8485181,1
337,1600,11277405,1
338,1600,6450297,0.99
339,1600,13006611,0.97
340,1600,11472723,1
341,1600,8843548,1
342,1600,9370562,1
343,1600,13922169,0.99
344,1600,12871210,1
345,1600,8341658,1
346,1600,13760145,0.99
347,1600,11846815,0.89
348,1600,12080313,0.99
349,1600,6870048,1
350,1600,12305867,0.98
351,1600,13139229,0.91
352,1600,7067352,0.98
353,1600,8230983,0.99
354,1600,10116912,1
355,1600,7512785,1
356,1600,9736740,1
357,1600,11254685,1
358,1600,8918185,0.99
359,1600,7876552,1
360,1600,7981566,1
361,1600,13488149,0.99
362,1600,6854890,1
363,1600,7780464,0.99
364,1600,13057764,0.99
365,1600,6653936,1
366,1600,8443639,1
367,1600,7417221,1
368,1600,9786278,1
369,1600,12959077,1
370,1600,8243374,0.99
371,1600,10632592,0.95
372,1600,11800656,1
373,1600,6891184,1
374,1600,11414641,0.98
375,1600,13171573,0.98
376,1600,6899599,1
377,1600,10581700,1
378,1600,8903723,1
379,1600,10660854,1
380,1600,9503836,1
381,1600,12786132,1
382,1600,13446840,1
383,1600,11557399,0.96
384,1600,11105629,0.98
385,1600,13641049,0.99
386,1600,6899757,1
387,1600,7453078,0.99
388,1600,12419452,1
389,1600,8701747,1
390,1600,14219581,0.97
391,1600,11801447,0.99
392,1600,12257608,0.99
393,1600,13838189,0.98
394,1600,13615922,1
395,1600,13606423,1
396,1600,12245734,0.99
397,1600,11910887,0.96
398,1600,13972849,0.97
399,1600,13452863,0.98
400,1600,11763898,0.98
401,1600,14158408,0.98
402,1600,9601109,0.99
403,1600,14327343,1
404,1600,13730660,0.97
405,1600,11706570,1
406,1600,14779271,1
407,1600,11815244,1
408,1600,13997284,0.98
409,1600,13939090,0.98
410,1600,15047828,0.96
411,1600,13866030,0.99
412,1600,13741495,0.97
413,1600,15157133,1
414,1600,13807040,1
415,1600,12509019,1
416,1600,14101595,0.97
417,1600,14793353,0.97
418,1600,14514554,1
419,1600,13901563,0.97
420,1600,14520123,0.95
421,1600,10714576,1
422,1600,11585714,1
423,1600,14714580,0.98
424,1600,9774546,1
425,1600,14830854,0.99
426,1600,11926543,1
427,1600,13163800,0.99
428,1600,11870373,1
429,1600,12036633,1
430,1600,14569942,0.99
431,1600,13168285,0.99
432,1600,12947992,0.95
433,1600,7260986,0.99
434,1600,12009914,0.99
435,1600,9376922,0.97
436,1600,11933811,0.99
437,1600,8145964,1
438,1600,13111987,0.98
439,1600,11672792,0.95
440,1600,14645755,0.97
441,1600,12237945,0.99
442,1600,13228607,0.96
443,1600,12660765,0.99
444,1600,12234104,0.99
445,1600,14244447,0.97
446,1600,11949718,0.99
447,1600,12563034,0.99
448,1600,13405976,0.99
449,1600,11750067,1
450,1600,9923469,1
451,1600,9841372,1
452,1600,12070851,1
453,1600,10452415,1
454,1600,13717103,0.99
455,1600,11914304,0.98
456,1600,13975805,0.99
457,1600,14876356,0.98
458,1600,11030347,1
459,1600,11979097,1
460,1600,9535937,0.99
461,1600,8730643,1
462,1600,14512520,0.99
463,1600,14687344,0.98
464,1600,9128123,1
465,1600,14112113,0.99
466,1600,7358282,0.99
467,1600,13972314,0.97
468,1600,13706119,0.98
469,1600,9257765,1
470,1600,11299203,0.99
471,1600,11904396,1
472,1600,10538090,1
473,1600,13391194,1
474,1600,11889727,1
475,1600,10909882,1
476,1600,13691744,1
477,1600,13998297,0.96
478,1600,14005166,0.98
479,1600,12647396,0.98
480,1600,9937973,1
481,1600,9864234,1
482,1600,13349569,0.98
483,1600,14230170,0.97
484,1600,7720831,1
485,1600,6178394,1
486,1600,6195207,1
487,1600,12361278,0.94
488,1600,14665750,0.98
489,1600,11019876,1
490,1600,12798913,1
491,1600,14193607,0.99
492,1600,14130477,1
493,1600,14515738,0.97
494,1600,12915301,0.97
495,1600,11123084,1
496,1600,5784504,1
497,1600,6883260,1
498,1600,13055696,0.93
499,1600,12424197,0.99
500,1600,3515880,1
501,1600,10333747,1
502,1600,11252246,1
503,1600,11301635,0.99
504,1600,11201996,1
505,1600,12360221,1
506,1600,13956129,0.95
507,1600,11393871,0.99
508,1600,6882766,1
509,1600,7706471,1
510,1600,12095591,0.97
511,1600,13882771,0.97
512,1600,8692982,1
513,1600,10281580,0.99
514,1600,12338487,1
515,1600,13605393,1
516,1600,4913565,1
517,1600,5609783,1
518,1600,11632576,1
519,1600,11885450,0.94
520,1600,13668992,1
521,1600,6805971,1
522,1600,13774894,0.99
523,1600,13439508,0.99
524,1600,12442293,0.97
525,1600,14242073,0.97
526,1600,14277378,0.99
527,1600,13553288,0.99
528,1600,13043281,0.99
529,1600,14805822,0.97
530,1600,10839398,1
531,1600,9950607,0.99
532,1600,6089609,1
533,1600,12750019,1
534,1600,13210778,1
535,1600,13439099,0.95
536,1600,8335820,1
537,1600,13885844,1
538,1600,11829674,1
539,1600,13534049,1
540,1600,13686158,0.98
541,1600,11089724,1
542,1600,13160812,0.99
543,1600,13959607,0.98
544,1600,11932432,1
545,1600,11869801,0.99
546,1600,14677919,0.97
547,1600,13043327,1
548,1600,12861884,1
549,1600,15008482,0.98
550,1600,11767070,1
551,1600,11467707,1
552,1600,13672635,0.96
553,1600,11832237,1
554,1600,12160080,1
555,1600,13041559,0.99
556,1600,7659732,1
557,1600,14737180,0.99
558,1600,14617808,0.97
559,1600,11697821,1
560,1600,13053294,1
561,1600,13586400,0.99
562,1600,14871299,0.98
563,1600,12878012,0.99
564,1600,14312082,0.98
565,1600,11469383,1
566,1600,11764137,0.99
567,1600,14174011,1
568,1600,8907000,1
569,1600,15121867,0.98
570,1600,13040032,1
571,1600,8172872,1
572,1600,11320154,0.99
573,1600,7679666,1
574,1600,11345837,1
575,1600,13158735,1
576,1600,13915020,0.98
577,1600,14977869,0.96
578,1600,13258330,1
579,1600,10088537,1
580,1600,2848242,1
581,1600,13697898,1
582,1600,13644039,0.91
583,1600,12819694,0.9
584,1600,14368194,0.99
585,1600,12913960,0.97
586,1600,12571581,0.98
587,1600,12079399,1
588,1600,11916488,0.99
589,1600,12464567,0.95
590,1600,10895348,1
591,1600,10695240,1
592,1600,10135716,1
593,1600,13825712,0.98
594,1600,14108624,0.97
595,1600,12568281,1
596,1600,12727062,0.99
597,1600,10955839,1
598,1600,11638235,1
599,1600,13502254,0.99
600,1600,14437652,0.9
601,1600,11493731,1
602,1600,12973083,1
603,1600,11437693,1
604,1600,12741929,1
605,1600,7953008,1
606,1600,14278143,0.96
607,1600,10084533,1
608,1600,12728372,0.99
609,1600,12139255,1
610,1600,13681282,1
611,1600,10554227,1
612,1600,12054437,1
613,1600,10701086,1
614,1600,14675627,0.98
615,1600,11142188,0.99
616,1600,13961061,0.99
617,1600,14078479,0.99
618,1600,13547614,0.99
619,1600,14101061,0.99
620,1600,13288297,1
621,1600,7564005,1
622,1600,10711744,1
623,1600,10836687,1
624,1600,11274414,1
625,1600,12570444,0.99
626,1600,10582726,1
627,1600,13915816,1
628,1600,14322960,0.98
629,1600,10994568,1
630,1600,12332208,0.99
631,1600,13864874,1
632,1600,14374734,0.99
633,1600,11945938,0.98
634,1600,13605679,0.95
635,1600,14854155,0.96
636,1600,10676392,1
637,1600,14525223,0.99
638,1600,11768438,1
639,1600,9738711,1
640,1600,13728305,1
641,1600,12045408,1
642,1600,12419993,0.96
643,1600,13398823,0.99
644,1600,8877551,1
645,1600,11496485,0.99
646,1600,12676815,0.99
647,1600,10762184,1
648,1600,12294734,0.99
649,1600,11442899,0.97
650,1600,14488923,0.93
651,1600,13267412,0.96
652,1600,13182319,0.98
653,1600,12563358,0.98
654,1600,12729795,0.94
655,1600,13537976,0.95
656,1600,12222483,1
657,1600,13066877,0.96
658,1600,11971192,1
659,1600,13245229,0.98
660,1600,13268027,0.99
661,1600,10274941,1
662,1600,14122578,0.98
663,1600,8040235,1
664,1600,10610259,1
665,1600,13321268,1
666,1600,13815926,1
667,1600,8655752,1
668,1600,9197647,1
669,1600,13583039,1
670,1600,10364862,1
671,1600,8830462,1
672,1600,12741238,0.98
673,1600,11299101,0.99
674,1600,8417750,1
675,1600,10970276,1
676,1600,14091162,1
677,1600,11508645,1
678,1600,14821613,0.99
679,1600,14169499,1
680,1600,12353836,0.97
681,1600,14077091,0.99
682,1600,13523571,0.97
683,1600,10085583,1
684,1600,11122195,0.96
685,1600,12117094,1
686,1600,12000858,1
687,1600,12503528,0.98
688,1600,14459142,0.99
689,1600,10151345,1
690,1600,10083282,1
691,1600,13631514,1
692,1600,13345960,1
693,1600,13718197,0.99
694,1600,13569596,1
695,1600,12602086,0.99
696,1600,10605328,1
697,1600,14484586,0.99
698,1600,12749087,1
699,1600,12727696,1
700,1600,14502743,0.96
701,1600,13646941,0.98
702,1600,14603974,0.98
703,1600,11239393,1
704,1600,13436229,0.99
705,1600,14123032,0.99
706,1600,14177407,0.97
707,1600,14027935,1
708,1600,14295884,0.96
709,1600,11667692,1
710,1600,14065746,0.99
711,1600,12527068,1
712,1600,13900305,0.96
713,1600,11387450,1
714,1600,13557043,1
715,1600,13639043,0.92
716,1600,12291155,1
717,1600,13517165,0.98
718,1600,10532258,0.99
719,1600,13199722,1
720,1600,12720309,0.99
721,1600,12840108,1
722,1600,9250439,0.99
723,1600,8670620,1
724,1600,10944578,0.99
725,1600,11513667,0.95
726,1600,12270936,0.98
727,1600,11157715,1
728,1600,5803110,1
729,1600,9910532,1
730,1600,12798972,0.95
731,1600,10809933,1
732,1600,14219468,0.97
733,1600,14340134,0.95
734,1600,12842481,1
735,1600,12547235,1
736,1600,10854305,0.99
737,1600,11241743,1
738,1600,14083496,0.98
739,1600,7286871,1
740,1600,11986342,1
741,1600,13802045,0.98
742,1600,13450342,0.99
743,1600,14330967,0.98
744,1600,14133096,1
745,1600,13457196,0.99
746,1600,12266237,1
747,1600,13570161,1
748,1600,11837617,0.99
749,1600,12689783,1
750,1600,14448825,0.99
751,1600,12684686,1
752,1600,13365731,0.99
753,1600,12300005,1
754,1600,13491981,0.98
755,1600,14013808,0.99
756,1600,13341077,1
757,1600,13110518,0.99
758,1600,14024159,0.99
759,1600,12268892,1
760,1600,11196790,1
761,1600,12722721,0.99
762,1600,9462633,0.99
763,1600,13337775,0.99
764,1600,14136504,0.98
765,1600,14073002,0.98
766,1600,11113382,0.99
767,1600,15331541,0.98
768,1600,12948815,1
769,1600,14425793,1
770,1600,13147388,0.99
771,1600,15022629,1
772,1600,12230527,0.96
773,1600,11027405,1
774,1600,10776848,1
775,1600,14445178,0.99
776,1600,13860790,0.99
777,1600,12810205,0.99
778,1600,10353300,1
779,1600,7826040,0.99
780,1600,11295286,1
781,1600,11781962,1
782,1600,13036109,1
783,1600,12490853,0.99
784,1600,11470529,1
785,1600,10706217,1
786,1600,13747643,0.99
787,1600,14232930,1
788,1600,8736413,1
789,1600,11669295,1
790,1600,12628483,1
791,1600,14114847,1
792,1600,12462014,0.99
793,1600,13697740,0.97
794,1600,13088966,1
795,1600,11994156,0.99
796,1600,14100699,0.97
797,1600,11007987,0.99
798,1600,12203973,1
799,1600,13283680,1
800,1600,13001094,1
801,1600,15777296,0.94
802,1600,13984077,1
803,1600,10574536,0.99
804,1600,14826912,0.99
805,1600,13666200,1
806,1600,13184834,1
807,1600,13226925,1
808,1600,14038397,0.97
809,1600,9505420,1
810,1600,9815252,1
811,1600,14006998,0.99
812,1600,13586825,1
813,1600,12211622,1
814,1600,14988537,0.96
815,1600,14061504,0.97
816,1600,14121074,0.99
817,1600,9143438,1
818,1600,12389789,1
819,1600,10569889,1
820,1600,7547420,1
821,1600,9126398,1
822,1600,6373154,1
823,1600,10407314,0.96
824,1600,12714146,0.98
825,1600,13365271,0.99
826,1600,9657884,1
827,1600,12935081,0.99
828,1600,11269395,1
829,1600,13993207,0.97
830,1600,10694516,1
831,1600,11152464,1
832,1600,12599433,1
833,1600,12271667,1
834,1600,12576363,1
835,1600,8675656,1
836,1600,11396214,1
837,1600,13672743,0.98
838,1600,14567910,0.94
839,1600,13640285,1
840,1600,7620200,1
841,1600,14924522,0.97
842,1600,11176513,1
843,1600,8133086,0.99
844,1600,12861437,0.98
845,1600,12457878,1
846,1600,7301848,1
847,1600,13551350,1
848,1600,11312487,1
849,1600,12178240,1
850,1600,11964194,0.99
851,1600,10325026,1
852,1600,13457869,1
853,1600,12308925,1
854,1600,11962314,1
855,1600,14807268,0.99
856,1600,6275993,1
857,1600,12331010,1
858,1600,11746725,1
859,1600,11600492,1
860,1600,5203706,1
861,1600,12925512,0.99
862,1600,13189490,1
863,1600,13143383,1
864,1600,12190125,1
865,1600,13866603,1
866,1600,11955987,1
867,1600,11728145,1
868,1600,12014076,0.98
869,1600,11869325,1
870,1600,13171523,0.99
871,1600,13149247,1
872,1600,13884716,1
873,1600,15078346,1
874,1600,10027778,1
875,1600,14923565,0.98
876,1600,14067731,1
877,1600,14502553,1
878,1600,14049681,0.97
879,1600,15403453,0.99
880,1600,11166497,1
881,1600,14663864,0.96
882,1600,14974774,0.98
883,1600,13669290,0.99
884,1600,13558556,0.96
885,1600,12655645,0.99
886,1600,11258362,1
887,1600,13925041,0.99
888,1600,13207454,0.99
889,1600,13647775,0.99
890,1600,13809380,0.99
891,1600,14008673,1
892,1600,14786099,0.96
893,1600,13975581,0.98
894,1600,13251609,1
895,1600,13087835,1
896,1600,13301328,0.99
897,1600,13537727,1
898,1600,14665767,0.99
899,1600,13990662,0.97
900,1600,13964734,1
901,1600,7944337,1
902,1600,9305081,0.99
903,1600,8762240,1
904,1600,11122431,0.98
905,1600,8811870,1
906,1600,12794257,0.97
907,1600,10959612,1
908,1600,10383296,1
909,1600,14032216,0.98
910,1600,11616537,1
911,1600,9201934,1
912,1600,11420894,1
913,1600,8694245,1
914,1600,13439754,1
915,1600,13820587,0.99
916,1600,11770147,0.98
917,1600,12215230,1
918,1600,10874160,1
919,1600,13130119,0.99
920,1600,11240810,1
921,1600,11736374,0.99
922,1600,9527346,1
923,1600,11817089,1
924,1600,12948322,1
925,1600,10525895,1
926,1600,8480572,1
927,1600,8693583,1
928,1600,8911268,0.99
929,1600,10537279,1
930,1600,12641155,1
931,1600,8865256,1
932,1600,9826645,1
933,1600,13227559,0.99
934,1600,12440960,1
935,1600,13288756,1
936,1600,11959333,1
937,1600,14884839,0.97
938,1600,12472612,1
939,1600,12476724,1
940,1600,11657796,1
941,1600,11539547,0.99
942,1600,11426493,1
943,1600,14199939,0.97
944,1600,13343993,0.98
945,1600,12243579,0.99
946,1600,10505071,1
947,1600,14605141,0.96
948,1600,19150881,1
949,1600,16073815,1
950,1600,17842883,0.98
951,1600,16908623,1
952,1600,14410630,1
953,1600,17065266,0.94
954,1600,15387968,1
955,1600,15733996,0.98
956,1600,14272920,1
957,1600,13500042,1
958,1600,6457282,1
959,1600,14100546,0.98
960,1600,11768257,0.99
961,1600,7697945,1
962,1600,6564631,1
963,1600,16354003,0.99
964,1600,10008753,0.96
965,1600,13994377,0.97
966,1600,6452913,1
967,1600,12655757,0.98
968,1600,6724196,1
969,1600,12608765,0.98
970,1600,14404544,0.98
971,1600,15707165,1
972,1600,13717565,0.97
973,1600,13945317,1
974,1600,6134095,1
975,1600,14822848,0.98
976,1600,15603678,0.96
977,1600,7358907,1
978,1600,12338768,0.81
979,1600,6835901,1
980,1600,9924784,0.99
981,1600,11856394,0.99
982,1600,7276070,1
983,1600,6813225,1
984,1600,12839496,0.93
985,1600,12410964,0.99
986,1600,11836559,1
987,1600,8246877,1
988,1600,11928905,1
989,1600,10325340,1
990,1600,12576037,0.98
991,1600,14463662,1
992,1600,13999099,0.99
993,1600,14523648,0.95
994,1600,9826876,1
995,1600,14297301,0.96
996,1600,13041602,1
997,1600,13071787,1
998,1600,11832282,1
999,1600,6487903,1
0,2000,11639336,1
1,2000,14885037,1
2,2000,10266056,1
3,2000,15223388,1
4,2000,16152671,0.98
5,2000,11930430,1
6,2000,15291915,0.99
7,2000,16843606,1
8,2000,12371740,1
9,2000,14017358,1
10,2000,7991193,1
11,2000,7333612,1
12,2000,14555375,1
13,2000,12293611,0.96
14,2000,15866892,1
15,2000,13141530,1
16,2000,6797125,1
17,2000,13835530,1
18,2000,16059001,0.97
19,2000,10325013,1
20,2000,15710614,1
21,2000,17175329,0.98
22,2000,15592475,0.98
23,2000,16186437,0.99
24,2000,12194803,1
25,2000,17048520,0.99
26,2000,16847224,0.98
27,2000,17069809,0.98
28,2000,15350608,1
29,2000,11690336,1
30,2000,12063632,0.99
31,2000,16359158,0.99
32,2000,15881919,1
33,2000,11705747,1
34,2000,9873690,1
35,2000,13432018,1
36,2000,10029497,1
37,2000,15021222,0.97
38,2000,10089081,0.99
39,2000,15032595,0.98
40,2000,8241060,1
41,2000,15653123,0.99
42,2000,12062071,1
43,2000,12319636,1
44,2000,10841310,1
45,2000,12432291,1
46,2000,11852536,1
47,2000,11356424,1
48,2000,15500922,0.99
49,2000,14603076,1
50,2000,13365218,1
51,2000,13768670,1
52,2000,13873937,0.99
53,2000,14064081,1
54,2000,9621327,1
55,2000,12207632,1
56,2000,11674013,1
57,2000,12178137,1
58,2000,11793961,1
59,2000,14543656,1
60,2000,16288037,0.99
61,2000,17044175,0.99
62,2000,17897035,0.95
63,2000,16671285,1
64,2000,14780268,1
65,2000,14651813,1
66,2000,11101709,1
67,2000,15976613,1
68,2000,18450864,0.95
69,2000,15435160,1
70,2000,13976122,1
71,2000,15175158,1
72,2000,16563404,0.98
73,2000,13099598,1
74,2000,12974555,1
75,2000,12935771,1
76,2000,13166762,1
77,2000,15601168,1
78,2000,13862685,1
79,2000,17780192,0.98
80,2000,15143619,1
81,2000,15560558,1
82,2000,13879396,1
83,2000,14510124,1
84,2000,12907856,1
85,2000,14958091,1
86,2000,15453339,1
87,2000,13295138,1
88,2000,13000027,1
89,2000,12962402,0.98
90,2000,12684060,1
91,2000,11752634,0.99
92,2000,12391846,1
93,2000,17192026,0.99
94,2000,14562400,1
95,2000,16719700,1
96,2000,10060879,1
97,2000,8392805,1
98,2000,12864022,1
99,2000,17910069,1
100,2000,14151992,0.99
101,2000,15961632,1
102,2000,15171986,0.99
103,2000,14665839,1
104,2000,16592414,1
105,2000,16146888,1
106,2000,15542695,0.95
107,2000,8584406,1
108,2000,15285338,1
109,2000,10641443,1
110,2000,8435290,1
111,2000,12411245,1
112,2000,12866403,0.98
113,2000,11879883,1
114,2000,16267410,0.99
115,2000,14576376,0.99
116,2000,12809822,1
117,2000,13457920,1
118,2000,11797714,1
119,2000,14691594,0.99
120,2000,14551798,1
121,2000,16611518,0.98
122,2000,12423783,1
123,2000,16058134,0.99
124,2000,17024364,0.99
125,2000,16235390,0.98
126,2000,14403200,1
127,2000,16280847,0.98
128,2000,13806368,1
129,2000,11050749,0.99
130,2000,15332615,0.96
131,2000,17702119,0.99
132,2000,14698440,1
133,2000,16299463,0.98
134,2000,12347608,0.99
135,2000,16747143,1
136,2000,15669670,1
137,2000,14962976,1
138,2000,14339285,1
139,2000,15047450,0.99
140,2000,15979488,1
141,2000,14362915,1
142,2000,15351333,1
143,2000,17216437,1
144,2000,17709439,1
145,2000,16725161,1
146,2000,14844274,1
147,2000,8861884,1
148,2000,15645059,1
149,2000,10231390,1
150,2000,15478396,0.99
151,2000,7321954,1
152,2000,12539694,1
153,2000,10668849,1
154,2000,16795058,1
155,2000,10755118,1
156,2000,15507215,1
157,2000,12640123,1
158,2000,10435512,1
159,2000,14852259,0.98
160,2000,7959579,1
161,2000,9230840,1
162,2000,12900987,1
163,2000,12911484,1
164,2000,12618466,1
165,2000,14570651,1
166,2000,16947197,0.99
167,2000,13574246,0.94
168,2000,15709890,1
169,2000,15393074,1
170,2000,17042619,1
171,2000,15983100,0.99
172,2000,17359007,1
173,2000,12752903,1
174,2000,12524837,1
175,2000,7551457,1
176,2000,14673755,1
177,2000,13321022,1
178,2000,10237214,1
179,2000,11930954,1
180,2000,15370096,1
181,2000,17113595,1
182,2000,12585268,1
183,2000,18593772,0.98
184,2000,17512720,0.98
185,2000,16414820,0.96
186,2000,16791136,0.99
187,2000,16183450,0.99
188,2000,14108884,1
189,2000,10352696,1
190,2000,8924169,1
191,2000,16891116,1
192,2000,14566884,1
193,2000,18261539,0.97
194,2000,9580757,1
195,2000,18155844,0.99
196,2000,15649352,1
197,2000,13293517,0.99
198,2000,17066485,0.94
199,2000,16378727,1
200,2000,16348141,0.98
201,2000,16237296,0.98
202,2000,16815447,0.98
203,2000,13577520,0.99
204,2000,11765031,1
205,2000,10644814,1
206,2000,17144296,0.96
207,2000,17561310,0.96
208,2000,17404500,0.99
209,2000,16449502,1
210,2000,17969767,1
211,2000,17895938,0.98
212,2000,14883206,1
213,2000,17119495,1
214,2000,14464599,0.98
215,2000,17035484,0.96
216,2000,17324014,0.97
217,2000,13845301,0.99
218,2000,15356306,0.99
219,2000,16446347,0.98
220,2000,15961679,1
221,2000,15518455,1
222,2000,17760756,1
223,2000,17636414,0.99
224,2000,15486705,1
225,2000,16414954,0.98
226,2000,11950322,1
227,2000,17525413,0.98
228,2000,16929850,0.99
229,2000,17806958,1
230,2000,17437879,1
231,2000,16505717,0.99
232,2000,16123211,1
233,2000,12991600,1
234,2000,16386797,1
235,2000,12276549,0.99
236,2000,17356119,1
237,2000,17858472,0.97
238,2000,15673948,1
239,2000,16518465,1
240,2000,15611905,1
241,2000,16702681,1
242,2000,17933212,1
243,2000,15187152,0.99
244,2000,16587447,1
245,2000,16269428,0.99
246,2000,17002206,0.99
247,2000,15421549,0.99
248,2000,17549329,0.97
249,2000,14949376,0.96
250,2000,15559499,1
251,2000,17084332,0.99
252,2000,16846331,1
253,2000,16701140,1
254,2000,16683712,1
255,2000,15134503,0.98
256,2000,16965593,0.98
257,2000,16942445,0.99
258,2000,16196135,0.99
259,2000,17637242,1
260,2000,16748100,0.95
261,2000,16504074,1
262,2000,17003274,0.99
263,2000,13746955,1
264,2000,16732893,1
265,2000,17716710,1
266,2000,14523060,1
267,2000,16557640,0.99
268,2000,15642547,1
269,2000,18246051,0.96
270,2000,15555978,1
271,2000,15937257,0.99
272,2000,16912984,0.99
273,2000,13031858,1
274,2000,12121803,1
275,2000,16423546,1
276,2000,14661803,1
277,2000,16207884,0.98
278,2000,15097658,1
279,2000,11167840,1
280,2000,11912058,1
281,2000,7608418,1
282,2000,15549114,0.99
283,2000,15068434,1
284,2000,12639541,1
285,2000,15509206,0.97
286,2000,10912119,1
287,2000,12301385,1
288,2000,15520491,1
289,2000,14990324,0.99
290,2000,17078645,0.95
291,2000,14171976,1
292,2000,15229625,1
293,2000,14421560,0.99
294,2000,14808066,1
295,2000,18323275,0.98
296,2000,16113676,0.97
297,2000,13902404,1
298,2000,16449718,1
299,2000,16314323,0.99
300,2000,15210894,1
301,2000,14193484,1
302,2000,16712295,0.94
303,2000,13198668,1
304,2000,14761172,1
305,2000,16047748,0.98
306,2000,16500000,0.99
307,2000,14630154,0.97
308,2000,14547337,1
309,2000,13247694,0.97
310,2000,15417232,1
311,2000,16716861,1
312,2000,14810989,0.99
313,2000,13220686,1
314,2000,15612289,1
315,2000,15363861,1
316,2000,12519692,1
317,2000,15901337,1
318,2000,14931768,1
319,2000,15349973,1
320,2000,15735610,0.99
321,2000,16851203,1
322,2000,14454042,1
323,2000,16738316,1
324,2000,14004758,0.99
325,2000,13885522,0.99
326,2000,14462714,1
327,2000,14882966,1
328,2000,13627615,1
329,2000,15223549,0.95
330,2000,17271431,0.99
331,2000,11575617,1
332,2000,7519655,1
333,2000,10135997,1
334,2000,16528850,0.99
335,2000,5726661,1
336,2000,10219251,1
337,2000,13646924,1
338,2000,7473377,1
339,2000,15528423,0.99
340,2000,13684850,1
341,2000,10418634,1
342,2000,11169641,1
343,2000,16843722,0.99
344,2000,15518203,1
345,2000,10374871,1
346,2000,16554244,0.99
347,2000,14380408,0.89
348,2000,14617341,0.99
349,2000,8387965,1
350,2000,14769628,0.99
351,2000,16035460,0.92
352,2000,8396314,0.98
353,2000,9952196,0.99
354,2000,12440505,1
355,2000,9085738,1
356,2000,11472966,1
357,2000,13568826,1
358,2000,10784719,0.99
359,2000,9529554,1
360,2000,9375287,1
361,2000,16212011,1
362,2000,8276423,1
363,2000,9405059,0.99
364,2000,15623276,0.99
365,2000,7814955,1
366,2000,10223616,1
367,2000,8686509,1
368,2000,11665314,1
369,2000,15521698,1
370,2000,9560334,0.99
371,2000,12770847,0.95
372,2000,14079994,1
373,2000,8002154,1
374,2000,13813436,0.98
375,2000,15883430,0.98
376,2000,8075655,1
377,2000,12783973,1
378,2000,10726269,1
379,2000,12569062,1
380,2000,11607990,1
381,2000,15329847,1
382,2000,16169432,1
383,2000,14176513,0.96
384,2000,13538637,0.98
385,2000,16288657,0.99
386,2000,8151254,1
387,2000,9187821,1
388,2000,14995450,1
389,2000,10449521,1
390,2000,17253923,0.98
391,2000,14110143,1
392,2000,14636290,0.99
393,2000,16647316,0.98
394,2000,16411846,1
395,2000,16478684,1
396,2000,14660845,0.99
397,2000,14354798,0.97
398,2000,16978582,0.98
399,2000,16351399,0.99
400,2000,14102377,0.98
401,2000,17078649,0.98
402,2000,11690287,0.99
403,2000,17279849,1
404,2000,16489113,1
405,2000,13980209,1
406,2000,17824460,1
407,2000,14215807,1
408,2000,16896893,0.98
409,2000,16769016,0.98
410,2000,18205643,0.98
411,2000,16637989,0.99
412,2000,16679794,0.98
413,2000,18284276,1
414,2000,16618059,1
415,2000,15087777,1
416,2000,16982473,0.97
417,2000,17862027,0.97
418,2000,17540192,1
419,2000,16912158,0.98
420,2000,17392961,0.95
421,2000,12940443,1
422,2000,14045914,1
423,2000,17860484,0.98
424,2000,11805975,1
425,2000,17878814,0.99
426,2000,14359048,1
427,2000,15912385,0.99
428,2000,14440040,1
429,2000,14521721,1
430,2000,17752463,0.99
431,2000,16055230,1
432,2000,15794578,0.95
433,2000,8902030,0.99
434,2000,14420593,1
435,2000,11539774,0.98
436,2000,14406134,0.99
437,2000,9857039,1
438,2000,15773177,0.98
439,2000,13902469,0.96
440,2000,17670123,0.97
441,2000,14608067,0.99
442,2000,16079688,0.96
443,2000,15444758,1
444,2000,14879944,1
445,2000,17597939,0.98
446,2000,14488861,1
447,2000,15046539,0.99
448,2000,16339928,0.99
449,2000,14187090,1
450,2000,11874401,1
451,2000,11877118,1
452,2000,14449174,1
453,2000,12655826,1
454,2000,16561596,1
455,2000,14165898,0.98
456,2000,16760511,1
457,2000,18102812,1
458,2000,13295971,1
459,2000,14630234,1
460,2000,11417538,1
461,2000,10817948,1
462,2000,17466570,0.99
463,2000,17711750,1
464,2000,11448165,1
465,2000,17112129,1
466,2000,8732394,0.99
467,2000,16880925,0.99
468,2000,16541046,0.99
469,2000,10954651,1
470,2000,13583712,0.99
471,2000,14515214,1
472,2000,12717089,1
473,2000,16091619,1
474,2000,14388155,1
475,2000,13179925,1
476,2000,16546437,1
477,2000,16882912,0.97
478,2000,16982515,0.99
479,2000,15189579,0.99
480,2000,11858211,1
481,2000,11744608,1
482,2000,16213246,0.98
483,2000,17099494,0.98
484,2000,9172891,1
485,2000,7241152,1
486,2000,7221223,1
487,2000,15055223,0.95
488,2000,17661808,0.98
489,2000,13652268,1
490,2000,15332586,1
491,2000,17216710,0.99
492,2000,17127031,1
493,2000,17627640,0.98
494,2000,15706466,0.98
495,2000,13484901,1
496,2000,6757205,1
497,2000,8462694,1
498,2000,15729513,0.93
499,2000,14619287,0.99
500,2000,4139123,1
501,2000,12498077,1
502,2000,13420569,1
503,2000,13816035,0.99
504,2000,13616246,1
505,2000,14973454,1
506,2000,16796442,0.97
507,2000,13722097,1
508,2000,8585629,1
509,2000,9769945,1
510,2000,15275178,0.98
511,2000,17785692,0.98
512,2000,11145900,1
513,2000,12470626,0.99
514,2000,14774052,1
515,2000,16404814,1
516,2000,5826539,1
517,2000,6659214,1
518,2000,14209127,1
519,2000,14324168,0.97
520,2000,16390058,1
521,2000,7985522,1
522,2000,16590658,0.99
523,2000,16176292,0.99
524,2000,15268954,0.98
525,2000,17081650,0.97
526,2000,17140541,1
527,2000,16149144,0.99
528,2000,15578041,0.99
529,2000,17915209,0.97
530,2000,13086543,1
531,2000,11822823,0.99
532,2000,7253538,1
533,2000,15429709,1
534,2000,15788178,1
535,2000,16423812,0.96
536,2000,9850380,1
537,2000,16676330,1
538,2000,14334313,1
539,2000,16322265,1
540,2000,16603913,0.98
541,2000,13361434,1
542,2000,16030673,1
543,2000,16876869,0.99
544,2000,14175935,1
545,2000,14225916,1
546,2000,17866839,0.98
547,2000,15736232,1
548,2000,15525800,1
549,2000,18043124,0.98
550,2000,14006861,1
551,2000,13587705,1
552,2000,16514762,0.98
553,2000,14281198,1
554,2000,14710407,1
555,2000,15533261,1
556,2000,9248807,1
557,2000,17794362,0.99
558,2000,17692551,0.97
559,2000,13929685,1
560,2000,15706363,1
561,2000,16450561,0.99
562,2000,17988738,0.99
563,2000,15427242,1
564,2000,17191104,0.98
565,2000,13729178,1
566,2000,14074293,0.99
567,2000,16353501,1
568,2000,9955635,1
569,2000,17511528,0.98
570,2000,14893062,1
571,2000,9169839,1
572,2000,13386530,1
573,2000,8954921,1
574,2000,14518431,1
575,2000,15805783,1
576,2000,16832405,0.98
577,2000,18176282,0.98
578,2000,15983332,1
579,2000,12114896,1
580,2000,3586000,1
581,2000,16483094,1
582,2000,16653444,0.93
583,2000,15649186,0.92
584,2000,17484118,1
585,2000,15688513,0.97
586,2000,15240437,1
587,2000,14502320,1
588,2000,14419850,0.99
589,2000,14981408,0.95
590,2000,13189003,1
591,2000,12912075,1
592,2000,12184556,1
593,2000,16892533,0.98
594,2000,17166495,0.98
595,2000,15041313,1
596,2000,15353627,0.99
597,2000,13327361,1
598,2000,14102446,1
599,2000,16368403,0.99
600,2000,17586858,0.92
601,2000,13975183,1
602,2000,15785642,1
603,2000,13799725,1
604,2000,15493779,1
605,2000,9323267,1
606,2000,17350785,0.96
607,2000,12185207,1
608,2000,15356957,0.99
609,2000,14750053,1
610,2000,16464839,1
611,2000,12828768,1
612,2000,14328608,1
613,2000,13066497,1
614,2000,17786869,0.99
615,2000,13542007,0.99
616,2000,16881035,1
617,2000,17096763,0.99
618,2000,16482886,0.99
619,2000,17063875,1
620,2000,16035940,1
621,2000,9074758,1
622,2000,12971406,1
623,2000,13126581,1
624,2000,13771381,1
625,2000,15198439,1
626,2000,12800415,1
627,2000,16758164,1
628,2000,17248123,0.99
629,2000,13258561,1
630,2000,14845428,0.99
631,2000,16854282,1
632,2000,17402649,0.99
633,2000,14391185,0.98
634,2000,16601028,0.97
635,2000,18121636,0.98
636,2000,12881211,1
637,2000,17624152,0.99
638,2000,14211714,1
639,2000,11639329,1
640,2000,16631737,1
641,2000,14406561,1
642,2000,14980916,0.96
643,2000,16213058,0.99
644,2000,10907062,1
645,2000,13688691,0.99
646,2000,15356743,0.99
647,2000,13022892,1
648,2000,14903995,0.99
649,2000,13752467,0.97
650,2000,17095017,0.95
651,2000,15272407,0.97
652,2000,15845734,0.98
653,2000,15155189,0.99
654,2000,15501466,0.96
655,2000,16406914,0.96
656,2000,14630499,1
657,2000,15859601,0.98
658,2000,14472018,1
659,2000,16033868,0.99
660,2000,16114601,0.99
661,2000,12547207,1
662,2000,17212249,0.98
663,2000,9716885,1
664,2000,12789714,1
665,2000,16197072,1
666,2000,16974798,1
667,2000,10148399,1
668,2000,10933435,1
669,2000,16410182,1
670,2000,12479178,1
671,2000,10913799,1
672,2000,15428361,0.98
673,2000,13461226,0.99
674,2000,10142246,1
675,2000,13432383,1
676,2000,17048992,1
677,2000,13909407,1
678,2000,17923142,1
679,2000,17002071,1
680,2000,14870219,0.97
681,2000,17110253,1
682,2000,16300876,0.98
683,2000,11909360,1
684,2000,13293923,0.98
685,2000,14648281,1
686,2000,14476838,1
687,2000,15065458,1
688,2000,17418507,1
689,2000,12482433,1
690,2000,12575291,1
691,2000,16462305,1
692,2000,15982464,1
693,2000,16545204,1
694,2000,16312475,1
695,2000,15348131,0.99
696,2000,12789856,1
697,2000,18653876,1
698,2000,16657173,1
699,2000,16342252,1
700,2000,18841092,0.97
701,2000,17328887,1
702,2000,18455480,0.99
703,2000,14485058,1
704,2000,16603226,0.99
705,2000,17844526,0.99
706,2000,17594703,0.97
707,2000,17646201,1
708,2000,17792881,0.97
709,2000,14460038,1
710,2000,17334804,0.99
711,2000,15614994,1
712,2000,17141051,0.97
713,2000,14228050,1
714,2000,16540212,1
715,2000,16806532,0.93
716,2000,15547815,1
717,2000,16246078,0.99
718,2000,13256076,1
719,2000,16208034,1
720,2000,15850046,0.99
721,2000,15776665,1
722,2000,11678811,1
723,2000,10724438,1
724,2000,13288308,1
725,2000,14324482,0.96
726,2000,14950931,0.98
727,2000,13522119,1
728,2000,7130346,1
729,2000,12329255,1
730,2000,15999039,0.95
731,2000,12978844,1
732,2000,17288139,0.97
733,2000,17484238,0.96
734,2000,15704981,1
735,2000,15370244,1
736,2000,13072465,1
737,2000,13517903,1
738,2000,16791078,0.98
739,2000,8733344,1
740,2000,14532574,1
741,2000,16746950,0.99
742,2000,16582406,0.99
743,2000,17367184,0.99
744,2000,17011888,1
745,2000,16182432,0.99
746,2000,14822614,1
747,2000,16493513,1
748,2000,14259445,0.99
749,2000,15199110,1
750,2000,17477047,1
751,2000,15365444,1
752,2000,16235803,1
753,2000,14858488,1
754,2000,16412387,0.99
755,2000,16997722,0.99
756,2000,16377003,1
757,2000,16128506,1
758,2000,16958915,0.99
759,2000,14912669,1
760,2000,13524677,1
761,2000,15363609,0.99
762,2000,11312656,0.99
763,2000,15993866,1
764,2000,17136568,0.99
765,2000,17068639,1
766,2000,13258409,1
767,2000,18686558,0.98
768,2000,15667707,1
769,2000,17413468,1
770,2000,15975995,0.99
771,2000,18185204,1
772,2000,15010939,0.96
773,2000,13108540,1
774,2000,13103740,1
775,2000,17327407,1
776,2000,16883526,0.99
777,2000,15651303,1
778,2000,12555261,1
779,2000,9451222,0.99
780,2000,13645724,1
781,2000,14246981,1
782,2000,15611148,1
783,2000,14930311,1
784,2000,13754735,1
785,2000,12814772,1
786,2000,16669609,1
787,2000,16886400,1
788,2000,10402627,1
789,2000,14238283,1
790,2000,15189987,1
791,2000,16906467,1
792,2000,14939793,0.99
793,2000,16632982,0.98
794,2000,15823162,1
795,2000,14478944,1
796,2000,16946515,0.98
797,2000,13147689,1
798,2000,12300226,1
799,2000,14962567,1
800,2000,14601988,1
801,2000,17714554,0.95
802,2000,15961725,1
803,2000,12068329,1
804,2000,17301295,0.99
805,2000,15701258,1
806,2000,15424658,1
807,2000,15024460,1
808,2000,16529472,0.99
809,2000,10772988,1
810,2000,11374335,1
811,2000,16369208,0.99
812,2000,15792493,1
813,2000,14600470,1
814,2000,17754595,0.96
815,2000,16681376,0.98
816,2000,16818590,0.99
817,2000,15481595,1
818,2000,19056242,1
819,2000,15415276,1
820,2000,10561116,1
821,2000,12305492,1
822,2000,8597798,1
823,2000,16276742,0.96
824,2000,18909241,0.99
825,2000,19253690,1
826,2000,14154217,1
827,2000,18099297,0.99
828,2000,14887419,1
829,2000,18646746,0.98
830,2000,13419622,1
831,2000,13823612,1
832,2000,16452260,1
833,2000,16868922,1
834,2000,16479279,1
835,2000,11401323,1
836,2000,14188816,1
837,2000,18059972,0.99
838,2000,18529730,0.95
839,2000,16918378,1
840,2000,10323569,0.99
841,2000,18983239,0.99
842,2000,15418808,1
843,2000,10307194,1
844,2000,16685448,0.98
845,2000,15646991,1
846,2000,9609670,1
847,2000,16914524,1
848,2000,14092152,1
849,2000,15067923,1
850,2000,15525692,0.99
851,2000,12827209,1
852,2000,16401619,1
853,2000,15677998,1
854,2000,15425339,1
855,2000,18411706,0.99
856,2000,8682681,1
857,2000,15207864,1
858,2000,14227159,1
859,2000,14404293,1
860,2000,6850066,1
861,2000,15806943,1
862,2000,16326591,1
863,2000,16473509,1
864,2000,14819449,1
865,2000,16972963,1
866,2000,14767131,1
867,2000,14313857,1
868,2000,14953949,0.98
869,2000,14492965,1
870,2000,16154077,0.99
871,2000,15967339,1
872,2000,17049114,1
873,2000,18583510,1
874,2000,13096453,1
875,2000,18391313,0.98
876,2000,17105014,1
877,2000,17664701,1
878,2000,17052239,0.98
879,2000,18834685,1
880,2000,13643256,1
881,2000,17969941,0.99
882,2000,18151238,0.99
883,2000,16555261,0.99
884,2000,16364139,0.97
885,2000,15539065,1
886,2000,13601934,1
887,2000,17132626,1
888,2000,15971426,1
889,2000,16702507,0.99
890,2000,17013040,0.99
891,2000,17077044,1
892,2000,18133410,0.97
893,2000,17092995,0.98
894,2000,16296390,1
895,2000,15919690,1
896,2000,16442075,0.99
897,2000,16427140,1
898,2000,18004867,0.99
899,2000,17086454,0.97
900,2000,17059909,1
901,2000,9871743,1
902,2000,11904902,0.99
903,2000,11023664,1
904,2000,13600220,0.99
905,2000,10727951,1
906,2000,15501471,0.97
907,2000,13550116,1
908,2000,12648219,1
909,2000,16890078,0.99
910,2000,14170581,1
911,2000,11078344,1
912,2000,13843488,1
913,2000,10423476,1
914,2000,16470306,1
915,2000,16712070,0.99
916,2000,14532574,0.99
917,2000,14805737,1
918,2000,13171362,1
919,2000,15777709,0.99
920,2000,13484623,1
921,2000,14165603,1
922,2000,11541006,1
923,2000,14222942,1
924,2000,15631920,1
925,2000,12629098,1
926,2000,10250917,1
927,2000,10774136,1
928,2000,10995709,0.99
929,2000,12859095,1
930,2000,15152263,1
931,2000,10821637,1
932,2000,11915574,1
933,2000,15876667,0.99
934,2000,14939164,1
935,2000,16007628,1
936,2000,14530328,1
937,2000,18083090,0.98
938,2000,18405929,1
939,2000,19594245,1
940,2000,16609887,1
941,2000,16885348,0.99
942,2000,15112555,1
943,2000,21626218,0.99
944,2000,18427655,0.98
945,2000,17066527,0.99
946,2000,15507204,1
947,2000,19659625,0.98
948,2000,17679128,1
949,2000,16644780,1
950,2000,19041374,0.98
951,2000,18419361,1
952,2000,15966831,1
953,2000,18886788,0.97
954,2000,17151331,1
955,2000,18118440,1
956,2000,16445945,1
957,2000,15390766,1
958,2000,7600147,1
959,2000,16543992,0.98
960,2000,13669436,1
961,2000,9150753,1
962,2000,8164459,1
963,2000,19022546,0.99
964,2000,11860557,0.96
965,2000,16306642,0.97
966,2000,8032994,1
967,2000,14823644,0.98
968,2000,8425234,1
969,2000,14805200,0.98
970,2000,17042367,0.99
971,2000,18650485,1
972,2000,15541076,0.97
973,2000,16196222,1
974,2000,7585934,1
975,2000,17682835,0.98
976,2000,18376864,0.96
977,2000,9083646,1
978,2000,14686707,0.84
979,2000,7972186,1
980,2000,11650578,0.99
981,2000,14039724,1
982,2000,9012851,1
983,2000,8544075,1
984,2000,15388396,0.96
985,2000,14674557,0.99
986,2000,13840037,1
987,2000,10031287,1
988,2000,14140146,1
989,2000,12202300,1
990,2000,15072435,0.99
991,2000,17242364,1
992,2000,16749006,0.99
993,2000,17365911,0.95
994,2000,11679711,1
995,2000,17133880,0.96
996,2000,15748439,1
997,2000,15750634,1
998,2000,14227882,1
999,2000,7538005,1
0,2400,13442008,1
1,2400,17270862,1
2,2400,11860164,1
3,2400,17619992,1
4,2400,18846574,0.99
5,2400,13833592,1
6,2400,17876727,0.99
7,2400,19399510,1
8,2400,14355439,1
9,2400,16306812,1
10,2400,9038220,1
11,2400,8338689,1
12,2400,16933916,1
13,2400,14495200,0.96
14,2400,18509998,1
15,2400,15270548,1
16,2400,7743775,1
17,2400,16103243,1
18,2400,18660583,0.99
19,2400,12075215,1
20,2400,18330207,1
21,2400,20169721,0.98
22,2400,18156678,0.99
23,2400,18594818,0.99
24,2400,14133719,1
25,2400,19711112,0.99
26,2400,19484182,0.98
27,2400,19989979,0.98
28,2400,17770216,1
29,2400,13571400,1
30,2400,13927498,0.99
31,2400,20095655,1
32,2400,19414735,1
33,2400,14360009,1
34,2400,11803922,1
35,2400,15454440,1
36,2400,11104511,1
37,2400,17399971,0.99
38,2400,11877451,1
39,2400,17329511,0.99
40,2400,9668121,1
41,2400,17949008,0.99
42,2400,14144988,1
43,2400,14291649,1
44,2400,12635061,1
45,2400,14585779,1
46,2400,13761556,1
47,2400,13399559,1
48,2400,18120385,1
49,2400,17015475,1
50,2400,15517222,1
51,2400,16060340,1
52,2400,16139615,1
53,2400,16466074,1
54,2400,11191948,1
55,2400,14223611,1
56,2400,13652683,1
57,2400,14257472,1
58,2400,13711050,1
59,2400,16849700,1
60,2400,19064842,0.99
61,2400,19759230,0.99
62,2400,20849558,0.96
63,2400,19371865,1
64,2400,17091088,1
65,2400,17154540,1
66,2400,12947401,1
67,2400,18491205,1
68,2400,20261751,0.95
69,2400,18026314,1
70,2400,16098554,1
71,2400,17527623,1
72,2400,19113403,0.98
73,2400,15188220,1
74,2400,15219008,1
75,2400,15083818,1
76,2400,15388897,1
77,2400,18062850,1
78,2400,16238925,1
79,2400,20867411,0.99
80,2400,17702773,1
81,2400,18233684,1
82,2400,16213721,1
83,2400,16738392,1
84,2400,15125435,1
85,2400,18374712,1
86,2400,17938079,1
87,2400,15339516,1
88,2400,15226095,1
89,2400,15346037,0.98
90,2400,14725959,1
91,2400,13704781,0.99
92,2400,14389096,1
93,2400,20089435,0.99
94,2400,16756133,1
95,2400,19530171,1
96,2400,11714897,1
97,2400,9808956,1
98,2400,14928604,1
99,2400,20921251,1
100,2400,16430756,1
101,2400,18515751,1
102,2400,17902294,0.99
103,2400,17183566,1
104,2400,19369779,1
105,2400,18861278,1
106,2400,18284467,0.96
107,2400,9899666,1
108,2400,17801915,1
109,2400,12332132,1
110,2400,10132729,1
111,2400,14474076,1
112,2400,15032776,0.99
113,2400,14117480,1
114,2400,18906920,1
115,2400,17076401,0.99
116,2400,15142773,1
117,2400,15807942,1
118,2400,13743369,1
119,2400,17251287,1
120,2400,16880342,1
121,2400,19293767,0.98
122,2400,14377141,1
123,2400,18772192,0.99
124,2400,19781964,0.99
125,2400,18952335,0.99
126,2400,16681067,1
127,2400,19081621,0.99
128,2400,16020886,1
129,2400,12734635,0.99
130,2400,18169409,0.96
131,2400,20561966,0.99
132,2400,17135513,1
133,2400,18919535,0.98
134,2400,14362436,0.99
135,2400,19364001,1
136,2400,18193762,1
137,2400,17314935,1
138,2400,16606668,1
139,2400,17604697,0.99
140,2400,18606516,1
141,2400,16712144,1
142,2400,17926130,1
143,2400,20095706,1
144,2400,20621070,1
145,2400,19616881,1
146,2400,17294549,1
147,2400,10324035,1
148,2400,18143002,1
149,2400,11909205,1
150,2400,17955069,0.99
151,2400,8247570,1
152,2400,14538175,1
153,2400,12232384,1
154,2400,19523153,1
155,2400,12369336,1
156,2400,18027030,1
157,2400,14851241,1
158,2400,11954698,1
159,2400,17484816,0.99
160,2400,9080182,1
161,2400,10908203,1
162,2400,15051721,1
163,2400,15027153,1
164,2400,14712437,1
165,2400,17031992,1
166,2400,19783748,0.99
167,2400,15699416,0.95
168,2400,18215666,1
169,2400,18031307,1
170,2400,19964510,1
171,2400,18685841,0.99
172,2400,20249772,1
173,2400,14957062,1
174,2400,14669345,1
175,2400,8566981,1
176,2400,17012490,1
177,2400,15655235,1
178,2400,11867344,1
179,2400,14064019,1
180,2400,17911261,1
181,2400,20036692,1
182,2400,14662867,1
183,2400,21837618,0.99
184,2400,20472132,0.99
185,2400,19043050,0.98
186,2400,19547343,0.99
187,2400,18789944,0.99
188,2400,16338788,1
189,2400,11980802,1
190,2400,10177453,1
191,2400,19620794,1
192,2400,16890216,1
193,2400,21259908,0.98
194,2400,11002450,1
195,2400,21291764,1
196,2400,19458640,1
197,2400,17276799,0.99
198,2400,21606482,0.95
199,2400,20217321,1
200,2400,19995106,0.98
201,2400,19334778,1
202,2400,20554117,0.98
203,2400,16607203,1
204,2400,14397828,1
205,2400,12585748,0.99
206,2400,20383369,0.96
207,2400,21217897,0.96
208,2400,20727938,1
209,2400,19588566,1
210,2400,21424195,1
211,2400,21043072,0.98
212,2400,17338368,1
213,2400,20259295,1
214,2400,17304548,0.99
215,2400,20061881,0.97
216,2400,20456633,0.98
217,2400,16361247,1
218,2400,18072934,1
219,2400,19723238,0.99
220,2400,18687479,1
221,2400,18267371,1
222,2400,21199538,1
223,2400,20773133,0.99
224,2400,18053060,1
225,2400,19287715,0.98
226,2400,14777571,1
227,2400,20668830,0.99
228,2400,19902740,1
229,2400,20848477,1
230,2400,20431566,1
231,2400,19266840,0.99
232,2400,18952259,1
233,2400,14952250,1
234,2400,18992657,1
235,2400,14882963,0.99
236,2400,20278682,1
237,2400,20844822,0.99
238,2400,18389557,1
239,2400,19212203,1
240,2400,18336443,1
241,2400,19393891,1
242,2400,20962092,1
243,2400,17865695,0.99
244,2400,19273688,1
245,2400,19048446,0.99
246,2400,19929353,0.99
247,2400,17787842,1
248,2400,20504194,0.97
249,2400,17342780,0.98
250,2400,18139506,1
251,2400,19997981,1
252,2400,19601060,1
253,2400,19600022,1
254,2400,19327238,1
255,2400,17644748,0.99
256,2400,19692614,0.98
257,2400,19739326,0.99
258,2400,18921832,0.99
259,2400,20460667,1
260,2400,19553429,0.96
261,2400,19250034,1
262,2400,20084694,1
263,2400,16099135,1
264,2400,19489531,1
265,2400,20611459,1
266,2400,16863993,1
267,2400,19396144,0.99
268,2400,18235797,1
269,2400,21388653,0.97
270,2400,18503208,1
271,2400,18902142,0.99
272,2400,19866451,0.99
273,2400,15501893,1
274,2400,14331911,1
275,2400,19159796,1
276,2400,17284283,1
277,2400,19044599,0.98
278,2400,17549363,1
279,2400,13449853,1
280,2400,13946560,1
281,2400,8983974,1
282,2400,18053620,0.99
283,2400,17769530,1
284,2400,14927708,1
285,2400,18033998,0.97
286,2400,12670285,1
287,2400,14137710,1
288,2400,18263664,1
289,2400,17396206,1
290,2400,19970062,0.96
291,2400,16418954,1
292,2400,17879854,1
293,2400,16935215,1
294,2400,17415666,1
295,2400,26539374,0.98
296,2400,25000971,0.97
297,2400,20694390,1
298,2400,23418867,1
299,2400,23227886,1
300,2400,20358911,1
301,2400,19036511,1
302,2400,23452589,0.94
303,2400,17023543,1
304,2400,19944172,1
305,2400,20363847,1
306,2400,20434872,0.99
307,2400,19370837,0.98
308,2400,18877617,1
309,2400,17777796,0.97
310,2400,18710730,1
311,2400,20590028,1
312,2400,17781124,0.99
313,2400,17562938,1
314,2400,19231833,1
315,2400,18356131,1
316,2400,15610753,1
317,2400,19320044,1
318,2400,17508214,1
319,2400,18498985,1
320,2400,19389838,0.99
321,2400,20121012,1
322,2400,17216314,1
323,2400,19802560,1
324,2400,17200450,0.99
325,2400,17151526,0.99
326,2400,17648939,1
327,2400,17890966,1
328,2400,17066658,1
329,2400,18901713,0.95
330,2400,20625323,0.99
331,2400,15072465,1
332,2400,9621631,1
333,2400,12168378,1
334,2400,19556992,0.99
335,2400,7137479,1
336,2400,12473102,1
337,2400,16686826,1
338,2400,8639702,1
339,2400,18164908,0.99
340,2400,16473324,1
341,2400,12233894,1
342,2400,13761321,1
343,2400,20072433,1
344,2400,18271249,1
345,2400,13463615,1
346,2400,19442027,0.99
347,2400,17772650,0.91
348,2400,17037695,1
349,2400,10723152,1
350,2400,17517326,0.99
351,2400,19442916,0.93
352,2400,9673081,0.98
353,2400,12499082,0.99
354,2400,15102007,1
355,2400,10675768,1
356,2400,13387015,1
357,2400,16334449,1
358,2400,12978445,0.99
359,2400,11413547,1
360,2400,10911278,1
361,2400,18883194,1
362,2400,9828315,1
363,2400,11861220,0.99
364,2400,18266894,0.99
365,2400,8939974,1
366,2400,12179221,1
367,2400,9888425,1
368,2400,13677637,1
369,2400,18381772,1
370,2400,10970432,0.99
371,2400,15023603,0.99
372,2400,16473907,1
373,2400,9248769,1
374,2400,16809399,0.99
375,2400,18807424,0.98
376,2400,9262784,1
377,2400,15108401,1
378,2400,13131285,1
379,2400,14539776,1
380,2400,14115138,1
381,2400,18029430,1
382,2400,18970316,1
383,2400,17091869,0.96
384,2400,16374886,0.98
385,2400,18993590,1
386,2400,9294374,1
387,2400,11440400,1
388,2400,17749092,1
389,2400,12414008,1
390,2400,20198202,0.99
391,2400,16450137,1
392,2400,17073652,0.99
393,2400,19410871,0.98
394,2400,19371840,1
395,2400,19365186,1
396,2400,17327683,1
397,2400,17109448,0.98
398,2400,20140908,0.98
399,2400,19126147,0.99
400,2400,16545613,0.99
401,2400,19973624,0.99
402,2400,14104903,0.99
403,2400,20091377,1
404,2400,19236902,1
405,2400,19724300,1
406,2400,26438072,1
407,2400,20446703,1
408,2400,24526576,0.98
409,2400,23474845,0.98
410,2400,24090781,0.98
411,2400,21462923,0.99
412,2400,22215622,0.98
413,2400,23944551,1
414,2400,20849499,1
415,2400,19678472,1
416,2400,20467071,0.98
417,2400,21712292,0.97
418,2400,21466125,1
419,2400,21772495,0.98
420,2400,21057904,0.96
421,2400,16809401,1
422,2400,19003503,1
423,2400,22099100,0.99
424,2400,15273658,1
425,2400,21094589,0.99
426,2400,17823466,1
427,2400,19162051,1
428,2400,18066329,1
429,2400,17341430,1
430,2400,21664546,0.99
431,2400,19991793,1
432,2400,20094634,0.97
433,2400,12098269,0.99
434,2400,17591088,1
435,2400,15916571,0.98
436,2400,17183886,0.99
437,2400,12830820,1
438,2400,18771699,0.98
439,2400,17057493,0.97
440,2400,20810805,0.97
441,2400,18339640,0.99
442,2400,18995935,0.97
443,2400,18462415,1
444,2400,17771000,1
445,2400,20516372,0.99
446,2400,17151381,1
447,2400,17667945,0.99
448,2400,19643339,0.99
449,2400,17010693,1
450,2400,13854523,1
451,2400,13677321,1
452,2400,17136155,1
453,2400,15150424,1
454,2400,19250129,1
455,2400,16635712,0.99
456,2400,19513706,1
457,2400,21498767,1
458,2400,15836054,1
459,2400,17978110,1
460,2400,13454170,1
461,2400,13954527,1
462,2400,20544764,0.99
463,2400,20666044,1
464,2400,14096413,1
465,2400,20126297,1
466,2400,10834306,1
467,2400,19645714,0.99
468,2400,19218440,0.99
469,2400,13433229,1
470,2400,16239348,1
471,2400,17412211,1
472,2400,15113194,1
473,2400,19031839,1
474,2400,17505315,1
475,2400,15976580,1
476,2400,19364812,1
477,2400,20188212,0.97
478,2400,20134607,0.99
479,2400,18061483,0.99
480,2400,13688134,1
481,2400,13638528,1
482,2400,19162789,0.99
483,2400,20026428,1
484,2400,10968597,1
485,2400,8667405,1
486,2400,8279420,1
487,2400,18119180,0.95
488,2400,20766399,0.98
489,2400,16637531,1
490,2400,18360460,1
491,2400,20286322,0.99
492,2400,20161649,1
493,2400,20930633,0.98
494,2400,18799855,0.98
495,2400,16052554,1
496,2400,7936200,1
497,2400,10614191,1
498,2400,18577537,0.93
499,2400,17238900,1
500,2400,4978646,1
501,2400,14748245,1
502,2400,15706391,1
503,2400,16636563,0.99
504,2400,16433302,1
505,2400,17727220,1
506,2400,19515216,0.97
507,2400,16298109,1
508,2400,15075781,1
509,2400,13491744,1
510,2400,21463772,0.98
511,2400,24846556,0.99
512,2400,15474345,1
513,2400,17208821,0.99
514,2400,19562259,1
515,2400,21953039,1
516,2400,7672349,1
517,2400,8164716,1
518,2400,19746134,1
519,2400,19584025,0.97
520,2400,20528096,1
521,2400,9506515,1
522,2400,20381718,0.99
523,2400,20911916,1
524,2400,20806213,0.99
525,2400,20808169,0.98
526,2400,20754613,1
527,2400,19823297,0.99
528,2400,18580162,0.99
529,2400,22815188,0.99
530,2400,16649961,1
531,2400,14988045,0.99
532,2400,8729821,1
533,2400,19165089,1
534,2400,19836026,1
535,2400,20399383,0.97
536,2400,11689103,1
537,2400,19692171,1
538,2400,17339688,1
539,2400,19307042,1
540,2400,20500130,1
541,2400,16904238,1
542,2400,20079591,1
543,2400,20740322,1
544,2400,17053289,1
545,2400,16985979,1
546,2400,21295684,0.98
547,2400,18469153,1
548,2400,18770381,1
549,2400,21262256,0.98
550,2400,16398957,1
551,2400,16055080,1
552,2400,20169661,0.98
553,2400,16868289,1
554,2400,17505303,1
555,2400,18308581,1
556,2400,11329781,1
557,2400,21189991,1
558,2400,21043076,0.97
559,2400,16232890,1
560,2400,18389286,1
561,2400,19286914,0.99
562,2400,21135013,1
563,2400,18588655,1
564,2400,20229283,0.98
565,2400,16096821,1
566,2400,16458138,1
567,2400,19166395,1
568,2400,11744548,1
569,2400,20705029,0.99
570,2400,17109225,1
571,2400,10781856,1
572,2400,16379725,1
573,2400,10396551,1
574,2400,16380502,1
575,2400,18921156,1
576,2400,19806055,0.98
577,2400,21603650,0.98
578,2400,19201269,1
579,2400,15070213,1
580,2400,4511202,1
581,2400,19438687,1
582,2400,19721845,0.94
583,2400,18873074,0.94
584,2400,20589627,1
585,2400,19600499,0.97
586,2400,18932312,1
587,2400,17142076,1
588,2400,17306288,0.99
589,2400,18043583,0.95
590,2400,15709065,1
591,2400,16222025,1
592,2400,14948395,1
593,2400,20394266,0.98
594,2400,20382390,0.99
595,2400,17600155,1
596,2400,18462579,1
597,2400,16057479,1
598,2400,16973222,1
599,2400,19321949,0.99
600,2400,20581079,0.93
601,2400,16536027,1
602,2400,18880778,1
603,2400,16135096,1
604,2400,18367808,1
605,2400,10670570,1
606,2400,20147856,0.96
607,2400,14487348,1
608,2400,17962143,1
609,2400,17352197,1
610,2400,19275950,1
611,2400,20330763,1
612,2400,20774214,1
613,2400,19391142,1
614,2400,27067173,0.99
615,2400,20282739,0.99
616,2400,22776498,1
617,2400,23274719,0.99
618,2400,22551414,1
619,2400,21537346,1
620,2400,20312779,1
621,2400,13486858,1
622,2400,17238722,1
623,2400,17152535,1
624,2400,17543583,1
625,2400,20626139,1
626,2400,16592037,1
627,2400,20528958,1
628,2400,21790123,0.99
629,2400,16495385,1
630,2400,20673758,1
631,2400,20712612,1
632,2400,21131654,1
633,2400,17690299,0.98
634,2400,20945415,0.97
635,2400,22028044,0.99
636,2400,16921080,1
637,2400,21462575,0.99
638,2400,17600853,1
639,2400,14049355,1
640,2400,20347301,1
641,2400,18146370,1
642,2400,18785287,0.98
643,2400,19766108,0.99
644,2400,14386792,1
645,2400,16182277,0.99
646,2400,18968417,0.99
647,2400,15906905,1
648,2400,18423309,0.99
649,2400,16735016,0.97
650,2400,20448612,0.97
651,2400,18429215,0.97
652,2400,18497921,0.98
653,2400,17845657,0.99
654,2400,18153487,0.97
655,2400,19737958,0.97
656,2400,17251359,1
657,2400,18590620,0.99
658,2400,17424968,1
659,2400,18866353,0.99
660,2400,19229576,1
661,2400,15471159,1
662,2400,20720553,0.98
663,2400,11754639,1
664,2400,15602855,1
665,2400,19511392,1
666,2400,20312095,1
667,2400,12289258,1
668,2400,13016083,1
669,2400,19583582,1
670,2400,15189356,1
671,2400,13081585,1
672,2400,18317077,0.98
673,2400,16401121,0.99
674,2400,12377378,1
675,2400,16068106,1
676,2400,20373746,1
677,2400,16431268,1
678,2400,21052732,1
679,2400,19994395,1
680,2400,17796145,0.98
681,2400,20315116,1
682,2400,19240233,0.98
683,2400,13864827,1
684,2400,15384174,0.98
685,2400,17230630,1
686,2400,16870336,1
687,2400,18086374,1
688,2400,20531562,1
689,2400,15029071,1
690,2400,15396411,1
691,2400,19694605,1
692,2400,18729090,1
693,2400,19412118,1
694,2400,19112155,1
695,2400,18175686,0.99
696,2400,15085789,1
697,2400,20631844,1
698,2400,17893176,1
699,2400,17595356,1
700,2400,20757585,0.97
701,2400,19408671,1
702,2400,20647801,0.99
703,2400,16129667,1
704,2400,19015292,0.99
705,2400,20275351,0.99
706,2400,20037849,0.99
707,2400,20230341,1
708,2400,20477449,0.97
709,2400,16280241,1
710,2400,25112467,1
711,2400,22114432,1
712,2400,24438001,0.98
713,2400,19172946,1
714,2400,21455890,1
715,2400,22770936,0.94
716,2400,21868913,1
717,2400,20218998,0.99
718,2400,17629514,1
719,2400,21025831,1
720,2400,20998763,0.99
721,2400,19842752,1
722,2400,15451450,1
723,2400,13702458,1
724,2400,16386936,1
725,2400,18422753,0.97
726,2400,18279687,0.98
727,2400,16257339,1
728,2400,9273581,1
729,2400,16527200,1
730,2400,20541297,0.97
731,2400,15678274,1
732,2400,20941761,0.98
733,2400,21025034,0.97
734,2400,19210824,1
735,2400,19038702,1
736,2400,15762048,1
737,2400,15796647,1
738,2400,20408489,0.98
739,2400,10392477,1
740,2400,17726348,1
741,2400,20322073,1
742,2400,20694801,0.99
743,2400,20473973,1
744,2400,20115355,1
745,2400,19089956,1
746,2400,17668997,1
747,2400,19586604,1
748,2400,16567377,0.99
749,2400,17932584,1
750,2400,20734821,1
751,2400,18090761,1
752,2400,19578500,1
753,2400,17584029,1
754,2400,19503104,0.99
755,2400,20494679,0.99
756,2400,20383927,1
757,2400,19733820,1
758,2400,20034921,0.99
759,2400,17827867,1
760,2400,15917601,1
761,2400,18184820,0.99
762,2400,13253162,1
763,2400,18767292,1
764,2400,20193883,0.99
765,2400,20098591,1
766,2400,15339342,1
767,2400,22081856,0.99
768,2400,18227403,1
769,2400,20335726,1
770,2400,19110923,0.99
771,2400,21287211,1
772,2400,18221276,0.97
773,2400,15347308,1
774,2400,15718364,1
775,2400,20358805,1
776,2400,19996650,0.99
777,2400,18703454,1
778,2400,14883429,1
779,2400,11149037,0.99
780,2400,15876986,1
781,2400,16593332,1
782,2400,18175122,1
783,2400,17360987,1
784,2400,16090880,1
785,2400,15111205,1
786,2400,19525008,1
787,2400,19584938,1
788,2400,12116081,1
789,2400,17356795,1
790,2400,17783186,1
791,2400,19836249,1
792,2400,17433348,0.99
793,2400,19569098,0.99
794,2400,18677465,1
795,2400,17545435,1
796,2400,19980616,0.99
797,2400,15366765,1
798,2400,14266718,1
799,2400,17384134,1
800,2400,16938549,1
801,2400,20844200,0.96
802,2400,18712241,1
803,2400,14285397,1
804,2400,20203093,0.99
805,2400,18451681,1
806,2400,18150170,1
807,2400,18021417,1
808,2400,19444547,0.99
809,2400,13197761,1
810,2400,17386119,1
811,2400,23673744,1
812,2400,23072509,1
813,2400,20713517,1
814,2400,24954771,0.96
815,2400,22193433,0.98
816,2400,21775862,0.99
817,2400,14077831,1
818,2400,19160141,1
819,2400,16634766,1
820,2400,11787413,1
821,2400,13570384,1
822,2400,9759983,1
823,2400,17134461,0.96
824,2400,19903019,0.99
825,2400,20374261,1
826,2400,15695784,1
827,2400,19749359,1
828,2400,16183765,1
829,2400,20474094,0.99
830,2400,15477299,1
831,2400,15870870,1
832,2400,18728671,1
833,2400,18608307,1
834,2400,18698136,1
835,2400,13419897,1
836,2400,16370784,1
837,2400,20151200,0.99
838,2400,21587537,0.95
839,2400,19394764,1
840,2400,12070682,0.99
841,2400,21718478,0.99
842,2400,17380453,1
843,2400,11794697,1
844,2400,18788490,1
845,2400,17855230,1
846,2400,11447072,1
847,2400,19648893,1
848,2400,16114771,1
849,2400,17363687,1
850,2400,17907330,1
851,2400,14899055,1
852,2400,19098230,1
853,2400,18245492,1
854,2400,17828935,1
855,2400,21320884,0.99
856,2400,10774671,1
857,2400,17682992,1
858,2400,16459377,1
859,2400,16782519,1
860,2400,8183902,1
861,2400,18296339,1
862,2400,18877162,1
863,2400,19071636,1
864,2400,17308429,1
865,2400,19907213,1
866,2400,17362096,1
867,2400,16740917,1
868,2400,17517239,0.98
869,2400,16910595,1
870,2400,18826177,0.99
871,2400,18510912,1
872,2400,19984981,1
873,2400,21644335,1
874,2400,15410410,1
875,2400,21518780,0.98
876,2400,19960224,1
877,2400,20544675,1
878,2400,19880757,0.98
879,2400,22005872,1
880,2400,15867857,1
881,2400,21175901,0.99
882,2400,21286424,0.99
883,2400,19318354,1
884,2400,19031911,0.97
885,2400,18307799,1
886,2400,15851092,1
887,2400,19956773,1
888,2400,18563154,1
889,2400,19663315,1
890,2400,19983858,1
891,2400,19865137,1
892,2400,21194912,0.97
893,2400,19926427,0.99
894,2400,19170030,1
895,2400,18513103,1
896,2400,19123576,0.99
897,2400,19248467,1
898,2400,21123917,0.99
899,2400,19991232,0.97
900,2400,19911881,1
901,2400,11624608,1
902,2400,14096383,1
903,2400,13174713,1
904,2400,15849799,0.99
905,2400,12290087,1
906,2400,18064576,0.98
907,2400,15818723,1
908,2400,14624919,1
909,2400,19902252,0.99
910,2400,16451463,1
911,2400,12883222,1
912,2400,19532495,1
913,2400,14658611,1
914,2400,23995995,1
915,2400,23470200,1
916,2400,20159589,0.99
917,2400,20481968,1
918,2400,17388044,1
919,2400,20053733,1
920,2400,16920407,1
921,2400,17996380,1
922,2400,14275494,1
923,2400,17385830,1
924,2400,19882929,1
925,2400,15187533,1
926,2400,12145069,1
927,2400,14372371,1
928,2400,14637997,0.99
929,2400,16225276,1
930,2400,18237882,1
931,2400,13744272,1
932,2400,14853181,1
933,2400,19855794,0.99
934,2400,18069050,1
935,2400,19813271,1
936,2400,17982201,1
937,2400,22781564,1
938,2400,18996554,1
939,2400,18445513,1
940,2400,16736263,1
941,2400,16520127,0.99
942,2400,16164799,1
943,2400,22172615,0.99
944,2400,19828666,0.98
945,2400,18393842,0.99
946,2400,16502099,1
947,2400,21299706,0.98
948,2400,19485850,1
949,2400,18392715,1
950,2400,20565652,0.99
951,2400,20499561,1
952,2400,18062349,1
953,2400,21279493,0.98
954,2400,19475610,1
955,2400,20704157,1
956,2400,18471887,1
957,2400,16384372,1
958,2400,8231675,1
959,2400,18924993,0.99
960,2400,14697658,1
961,2400,10205532,1
962,2400,9710381,1
963,2400,21775834,0.99
964,2400,13287772,0.97
965,2400,18392638,0.97
966,2400,9445043,1
967,2400,16655313,0.98
968,2400,9958898,1
969,2400,17065048,0.98
970,2400,19488372,0.99
971,2400,21477218,1
972,2400,18075803,0.97
973,2400,18184263,1
974,2400,9063038,1
975,2400,20480016,0.98
976,2400,21171545,0.97
977,2400,10707894,1
978,2400,16070633,0.86
979,2400,8878911,1
980,2400,13143487,0.99
981,2400,16026167,1
982,2400,10642101,1
983,2400,10242581,1
984,2400,17507281,0.96
985,2400,16687362,0.99
986,2400,15793975,1
987,2400,11869413,1
988,2400,16355303,1
989,2400,13587303,1
990,2400,17661192,0.99
991,2400,20070290,1
992,2400,19356121,1
993,2400,20029690,0.96
994,2400,13462269,1
995,2400,19833289,0.98
996,2400,18230146,1
997,2400,18247012,1
998,2400,16382865,1
999,2400,8515146,1
0,2800,16222928,1
1,2800,21236151,1
2,2800,14268422,1
3,2800,21174517,1
4,2800,22850392,0.99
5,2800,17003847,1
6,2800,21971076,0.99
7,2800,24092198,1
8,2800,17052484,1
9,2800,18964659,1
10,2800,10321511,1
11,2800,9601230,1
12,2800,19439005,1
13,2800,18310019,0.96
14,2800,21585858,1
15,2800,17421229,1
16,2800,8734090,1
17,2800,18769389,1
18,2800,22778896,0.99
19,2800,13947358,1
20,2800,21087738,1
21,2800,23866665,0.98
22,2800,22014341,0.99
23,2800,21520159,0.99
24,2800,16579564,1
25,2800,23610928,0.99
26,2800,23128549,0.98
27,2800,23381616,0.99
28,2800,20602223,1
29,2800,15842962,1
30,2800,16880015,0.99
31,2800,22134455,1
32,2800,21342105,1
33,2800,16288059,1
34,2800,13566716,1
35,2800,18367950,1
36,2800,14504184,1
37,2800,19957435,0.99
38,2800,13889736,1
39,2800,20219465,0.99
40,2800,11097504,1
41,2800,20915091,0.99
42,2800,16435843,1
43,2800,16429323,1
44,2800,14605636,1
45,2800,16663679,1
46,2800,15787539,1
47,2800,15654697,1
48,2800,20931150,1
49,2800,19502402,1
50,2800,17975577,1
51,2800,18403232,1
52,2800,18653139,1
53,2800,19236264,1
54,2800,13620301,1
55,2800,16415360,1
56,2800,16004890,1
57,2800,16484300,1
58,2800,15802755,1
59,2800,21182250,1
60,2800,21894359,0.99
61,2800,22800609,0.99
62,2800,23887574,0.98
63,2800,22486067,1
64,2800,20145885,1
65,2800,19835782,1
66,2800,15407085,1
67,2800,21568380,1
68,2800,23425360,0.95
69,2800,21203246,1
70,2800,19372050,1
71,2800,20442435,1
72,2800,21875963,0.99
73,2800,17606528,1
74,2800,17443025,1
75,2800,17052695,1
76,2800,17576774,1
77,2800,20516937,1
78,2800,18746881,1
79,2800,24037592,0.99
80,2800,25434598,1
81,2800,26368487,1
82,2800,22105911,1
83,2800,22888954,1
84,2800,21126754,1
85,2800,22636263,1
86,2800,22196331,1
87,2800,20405428,1
88,2800,19738426,1
89,2800,18409596,0.98
90,2800,19753256,1
91,2800,18081165,0.99
92,2800,18110907,1
93,2800,26015326,1
94,2800,20916594,1
95,2800,23723589,1
96,2800,15265252,1
97,2800,12210238,1
98,2800,17781077,1
99,2800,25284747,1
100,2800,19797425,1
101,2800,22941962,1
102,2800,22661798,0.99
103,2800,20348922,1
104,2800,22970453,1
105,2800,23269750,1
106,2800,21390578,0.98
107,2800,12152082,1
108,2800,20893678,1
109,2800,14587699,1
110,2800,12935622,1
111,2800,17256157,1
112,2800,18378346,0.99
113,2800,17693401,1
114,2800,22219546,1
115,2800,19823061,0.99
116,2800,19007377,1
117,2800,18701759,1
118,2800,16057665,1
119,2800,20238272,1
120,2800,20706210,1
121,2800,22552697,0.99
122,2800,16756813,1
123,2800,21550596,0.99
124,2800,23845363,0.99
125,2800,22053287,0.99
126,2800,19623811,1
127,2800,21962374,0.99
128,2800,18416241,1
129,2800,14584513,1
130,2800,21619351,0.97
131,2800,23971027,0.99
132,2800,21141085,1
133,2800,21595731,0.99
134,2800,17591632,0.99
135,2800,22838754,1
136,2800,20895462,1
137,2800,19895570,1
138,2800,19303306,1
139,2800,20473350,0.99
140,2800,21403725,1
141,2800,19187533,1
142,2800,20326345,1
143,2800,23754497,1
144,2800,23809852,1
145,2800,22541305,1
146,2800,19858233,1
147,2800,11913213,1
148,2800,21654390,1
149,2800,13899744,1
150,2800,20588654,0.99
151,2800,9812525,1
152,2800,16525284,1
153,2800,14210218,1
154,2800,22543615,1
155,2800,14034094,1
156,2800,20633463,1
157,2800,17115857,1
158,2800,15572333,1
159,2800,20275173,0.99
160,2800,10300228,1
161,2800,12611332,1
162,2800,17733014,1
163,2800,17162262,1
164,2800,16780335,1
165,2800,19465451,1
166,2800,22888423,0.99
167,2800,19481015,0.95
168,2800,20713555,1
169,2800,20713517,1
170,2800,22786081,1
171,2800,21534987,0.99
172,2800,23028347,1
173,2800,22088166,1
174,2800,19837037,1
175,2800,11557200,1
176,2800,23869054,1
177,2800,21598780,1
178,2800,14761733,1
179,2800,17979636,1
180,2800,23959942,1
181,2800,26895700,1
182,2800,19071869,1
183,2800,27958483,0.99
184,2800,25847011,0.99
185,2800,24002668,0.98
186,2800,24712076,0.99
187,2800,23366099,0.99
188,2800,19311751,1
189,2800,14869675,1
190,2800,12129661,1
191,2800,23595772,1
192,2800,19717508,1
193,2800,25444299,0.99
194,2800,12756747,1
195,2800,25949489,1
196,2800,21291950,1
197,2800,19338523,0.99
198,2800,24839125,0.96
199,2800,23442153,1
200,2800,22099064,0.98
201,2800,22131307,1
202,2800,23304767,1
203,2800,18468913,1
204,2800,15809232,1
205,2800,14255330,1
206,2800,23035741,0.97
207,2800,24456342,0.96
208,2800,24241816,1
209,2800,22512447,1
210,2800,24770081,1
211,2800,24117246,0.98
212,2800,19707260,1
213,2800,23192660,1
214,2800,20363246,0.99
215,2800,22887948,0.97
216,2800,23729553,0.98
217,2800,18866306,1
218,2800,20953934,1
219,2800,23277964,1
220,2800,21275429,1
221,2800,20989772,1
222,2800,24390881,1
223,2800,23874935,0.99
224,2800,20439818,1
225,2800,22279221,0.98
226,2800,18007331,1
227,2800,23824981,0.99
228,2800,22563115,1
229,2800,23942093,1
230,2800,23302089,1
231,2800,22189042,0.99
232,2800,21818744,1
233,2800,16956460,1
234,2800,21898578,1
235,2800,17602606,0.99
236,2800,23277051,1
237,2800,23650985,0.99
238,2800,21086872,1
239,2800,21875432,1
240,2800,20836890,1
241,2800,22140870,1
242,2800,23774898,1
243,2800,20527046,0.99
244,2800,22013433,1
245,2800,22071947,0.99
246,2800,23017007,0.99
247,2800,20176282,1
248,2800,23526058,0.97
249,2800,19943895,0.98
250,2800,20533301,1
251,2800,23009906,1
252,2800,22286971,1
253,2800,22831768,1
254,2800,22048966,1
255,2800,20160585,0.99
256,2800,22213169,0.98
257,2800,22434480,1
258,2800,29086666,0.99
259,2800,28922017,1
260,2800,27688601,0.97
261,2800,24484588,1
262,2800,27049968,1
263,2800,21031156,1
264,2800,24903093,1
265,2800,26731068,1
266,2800,20908214,1
267,2800,24175437,0.99
268,2800,21846440,1
269,2800,26337505,0.99
270,2800,23504764,1
271,2800,23576906,0.99
272,2800,23771371,0.99
273,2800,19844725,1
274,2800,17883511,1
275,2800,23423985,1
276,2800,22027783,1
277,2800,23798541,0.98
278,2800,20686810,1
279,2800,18149941,1
280,2800,16552539,1
281,2800,10986020,1
282,2800,20748782,1
283,2800,21049777,1
284,2800,18127315,1
285,2800,21478367,0.97
286,2800,15646532,1
287,2800,16511508,1
288,2800,21668724,1
289,2800,20437908,1
290,2800,23511816,0.96
291,2800,18983523,1
292,2800,21329369,1
293,2800,19653348,1
294,2800,21012715,1
295,2800,24897810,0.98
296,2800,22471186,0.97
297,2800,19021089,1
298,2800,22805117,1
299,2800,22155971,1
300,2800,20317688,1
301,2800,19548366,1
302,2800,23144596,0.95
303,2800,17980566,1
304,2800,20549860,1
305,2800,21706706,1
306,2800,22340009,0.99
307,2800,21463856,1
308,2800,21252827,1
309,2800,19328405,0.98
310,2800,20585675,1
311,2800,22503846,0.99
312,2800,20472780,0.99
313,2800,18939137,1
314,2800,21035346,1
315,2800,20420574,1
316,2800,17708145,1
317,2800,21245697,1
318,2800,19724823,1
319,2800,20404273,1
320,2800,21609457,0.99
321,2800,22584854,1
322,2800,19268840,1
323,2800,22185559,1
324,2800,18761109,1
325,2800,18954573,1
326,2800,19596376,1
327,2800,20323052,1
328,2800,18345860,1
329,2800,21101736,0.97
330,2800,23046740,0.99
331,2800,15319705,1
332,2800,9849610,1
333,2800,13305729,1
334,2800,21973905,0.99
335,2800,7753050,1
336,2800,13840068,1
337,2800,18825084,1
338,2800,9571658,1
339,2800,20417522,1
340,2800,18361675,1
341,2800,13451390,1
342,2800,15707912,1
343,2800,22692534,1
344,2800,20574620,1
345,2800,15583852,1
346,2800,21891082,0.99
347,2800,24681812,0.91
348,2800,24226478,1
349,2800,14018764,1
350,2800,23355348,0.99
351,2800,26798038,0.94
352,2800,12591142,0.98
353,2800,16402346,0.99
354,2800,19265924,1
355,2800,13222643,1
356,2800,16313726,1
357,2800,21456015,1
358,2800,15707549,0.99
359,2800,13805763,1
360,2800,12656651,1
361,2800,24174895,1
362,2800,11363385,1
363,2800,15673028,0.99
364,2800,22591344,0.99
365,2800,10126654,1
366,2800,14288608,1
367,2800,11086822,1
368,2800,16247424,1
369,2800,22888577,1
370,2800,12277417,0.99
371,2800,18140218,1
372,2800,19870655,1
373,2800,10583733,1
374,2800,21253014,0.99
375,2800,22629481,0.98
376,2800,10379429,1
377,2800,17715229,1
378,2800,15811381,1
379,2800,16660754,1
380,2800,17966348,1
381,2800,21690177,1
382,2800,22733603,1
383,2800,20535530,0.97
384,2800,20409438,0.98
385,2800,21990159,1
386,2800,10489631,1
387,2800,14585737,1
388,2800,20962111,1
389,2800,14294014,1
390,2800,24137784,0.99
391,2800,19043898,1
392,2800,19871525,0.99
393,2800,22412350,0.98
394,2800,22748937,1
395,2800,22702453,1
396,2800,20278240,1
397,2800,20301783,0.98
398,2800,23695439,0.98
399,2800,22224720,1
400,2800,19256679,0.99
401,2800,23092883,1
402,2800,16730193,0.99
403,2800,23088618,1
404,2800,22115860,1
405,2800,18930433,1
406,2800,24004084,1
407,2800,18994541,1
408,2800,22639993,0.98
409,2800,22820965,0.98
410,2800,24585828,0.98
411,2800,22225056,0.99
412,2800,22613176,0.99
413,2800,25169419,1
414,2800,22160409,1
415,2800,20221101,1
416,2800,22404871,0.99
417,2800,23925478,0.98
418,2800,23433219,1
419,2800,22928872,1
420,2800,23243511,0.96
421,2800,18017138,1
422,2800,18785143,1
423,2800,24075717,1
424,2800,16718675,1
425,2800,23587696,0.99
426,2800,19173017,1
427,2800,20964921,1
428,2800,19390411,1
429,2800,19336782,1
430,2800,24003717,0.99
431,2800,21922225,1
432,2800,21602427,0.97
433,2800,12400244,0.99
434,2800,19034745,1
435,2800,16491584,0.98
436,2800,18913716,0.99
437,2800,13000666,1
438,2800,20936110,1
439,2800,18540798,0.98
440,2800,23477573,0.97
441,2800,23851115,0.99
442,2800,26301402,0.98
443,2800,25243813,1
444,2800,22793455,1
445,2800,27336388,1
446,2800,22305048,1
447,2800,21474484,1
448,2800,24361981,0.99
449,2800,20221848,1
450,2800,18109608,1
451,2800,15477692,1
452,2800,21898946,1
453,2800,18520548,1
454,2800,22709960,1
455,2800,20417762,1
456,2800,23211381,1
457,2800,26227674,1
458,2800,18747181,1
459,2800,22205111,1
460,2800,15548530,1
461,2800,17055673,1
462,2800,24513066,0.99
463,2800,24256750,1
464,2800,16582318,1
465,2800,23532462,1
466,2800,12601292,1
467,2800,22764151,0.99
468,2800,21839498,1
469,2800,15691841,1
470,2800,18924768,1
471,2800,20614112,1
472,2800,17626945,1
473,2800,22265891,1
474,2800,20309846,1
475,2800,18847136,1
476,2800,22198239,1
477,2800,24001078,0.97
478,2800,23329836,0.99
479,2800,20951316,0.99
480,2800,15488086,1
481,2800,15411460,1
482,2800,22374375,1
483,2800,23053623,1
484,2800,12774588,1
485,2800,9788015,1
486,2800,9350899,1
487,2800,21125232,0.96
488,2800,24077515,0.98
489,2800,19700937,1
490,2800,21156709,1
491,2800,23535434,0.99
492,2800,23203529,1
493,2800,24180513,0.99
494,2800,21753426,0.98
495,2800,18545523,1
496,2800,8951434,1
497,2800,12292856,1
498,2800,21403584,0.94
499,2800,19789480,1
500,2800,5880155,1
501,2800,16871468,1
502,2800,18031087,1
503,2800,19268187,0.99
504,2800,19172098,1
505,2800,20383133,1
506,2800,22204634,0.99
507,2800,18671056,1
508,2800,12832836,1
509,2800,12721577,1
510,2800,19380085,0.98
511,2800,22746879,0.99
512,2800,14748295,1
513,2800,16456222,0.99
514,2800,19274843,1
515,2800,22037534,1
516,2800,7556911,1
517,2800,8599944,1
518,2800,19375420,1
519,2800,19301266,0.97
520,2800,21621521,1
521,2800,10178121,1
522,2800,21914534,0.99
523,2800,21449801,1
524,2800,20955763,0.99
525,2800,22496581,0.99
526,2800,22818145,1
527,2800,21345228,1
528,2800,20584385,1
529,2800,24164528,0.99
530,2800,17905157,1
531,2800,15741188,0.99
532,2800,9748118,1
533,2800,20439724,1
534,2800,21073179,1
535,2800,26741559,0.97
536,2800,15524679,1
537,2800,27479052,1
538,2800,23057895,1
539,2800,25170006,1
540,2800,26364206,1
541,2800,20609255,1
542,2800,24664649,1
543,2800,24708785,1
544,2800,20629364,1
545,2800,19961233,1
546,2800,25866111,0.98
547,2800,21635517,1
548,2800,23017155,1
549,2800,25158869,0.98
550,2800,18942571,1
551,2800,18671430,1
552,2800,23618103,0.98
553,2800,19210649,1
554,2800,20468118,1
555,2800,21204465,1
556,2800,13565455,1
557,2800,25117980,1
558,2800,24549748,0.97
559,2800,18321779,1
560,2800,20884556,1
561,2800,22088435,1
562,2800,24505953,1
563,2800,21719979,1
564,2800,23449608,0.98
565,2800,18334159,1
566,2800,19005391,1
567,2800,22123415,1
568,2800,13525353,1
569,2800,23890420,1
570,2800,19499481,1
571,2800,12722510,1
572,2800,19260032,1
573,2800,12027975,1
574,2800,18642738,1
575,2800,21916879,1
576,2800,22862412,0.98
577,2800,24805430,0.98
578,2800,22067110,1
579,2800,17997197,1
580,2800,5517323,1
581,2800,22113569,1
582,2800,22523265,0.94
583,2800,21399055,0.95
584,2800,23557850,1
585,2800,22467637,0.97
586,2800,21704333,1
587,2800,19625066,1
588,2800,20015988,1
589,2800,20960068,0.96
590,2800,18080202,1
591,2800,18649449,1
592,2800,17017715,1
593,2800,23256056,0.98
594,2800,23413482,0.99
595,2800,20019375,1
596,2800,21212160,1
597,2800,18356653,1
598,2800,19462699,1
599,2800,22117255,0.99
600,2800,23559410,0.94
601,2800,19102418,1
602,2800,21640915,1
603,2800,18690072,1
604,2800,20992057,1
605,2800,12035710,1
606,2800,22990631,0.96
607,2800,16536599,1
608,2800,20358700,1
609,2800,20059215,1
610,2800,21801169,1
611,2800,17259769,1
612,2800,19441915,1
613,2800,18305985,1
614,2800,24026010,1
615,2800,18734145,0.99
616,2800,22445495,1
617,2800,22804295,0.99
618,2800,21846124,1
619,2800,22890215,1
620,2800,21331926,1
621,2800,12857536,1
622,2800,17720477,1
623,2800,17783669,1
624,2800,23882149,1
625,2800,25627583,1
626,2800,21091535,1
627,2800,27749877,1
628,2800,27187501,0.99
629,2800,20421196,1
630,2800,23836977,1
631,2800,24791488,1
632,2800,26021308,1
633,2800,22146297,0.98
634,2800,24781093,0.97
635,2800,26177887,1
636,2800,19595883,1
637,2800,25003503,1
638,2800,20808286,1
639,2800,16528485,1
640,2800,23253235,1
641,2800,21103029,1
642,2800,21256111,0.98
643,2800,22738801,0.99
644,2800,16433597,1
645,2800,19356123,0.99
646,2800,21485982,1
647,2800,18172015,1
648,2800,21029069,1
649,2800,18953115,0.98
650,2800,23609155,0.97
651,2800,20942999,0.97
652,2800,21057585,0.98
653,2800,20328003,0.99
654,2800,20668239,0.97
655,2800,22598270,0.97
656,2800,19770466,1
657,2800,21107930,0.99
658,2800,19903147,1
659,2800,21536689,0.99
660,2800,21852469,1
661,2800,17931212,1
662,2800,23662203,0.99
663,2800,13578151,1
664,2800,17987698,1
665,2800,22750341,1
666,2800,23347033,1
667,2800,14003514,1
668,2800,14825948,1
669,2800,22572190,1
670,2800,17436053,1
671,2800,15057277,1
672,2800,20828986,0.98
673,2800,18810139,1
674,2800,14292989,1
675,2800,18649135,1
676,2800,23287592,1
677,2800,18809990,1
678,2800,23977276,1
679,2800,22761385,1
680,2800,20194814,0.99
681,2800,23259560,1
682,2800,21693235,0.98
683,2800,15717783,1
684,2800,17417549,0.98
685,2800,19735256,1
686,2800,19184707,1
687,2800,20353024,1
688,2800,23340038,1
689,2800,17162653,1
690,2800,17944608,1
691,2800,22416657,1
692,2800,21318350,1
693,2800,21992835,1
694,2800,21749192,1
695,2800,20875265,1
696,2800,16889458,1
697,2800,23532964,1
698,2800,20297980,1
699,2800,20010876,1
700,2800,23581887,0.97
701,2800,21914941,1
702,2800,23492774,0.99
703,2800,18593509,1
704,2800,21436177,1
705,2800,23045185,0.99
706,2800,22645159,0.99
707,2800,23154801,1
708,2800,23174600,0.98
709,2800,18504586,1
710,2800,22468907,1
711,2800,26704292,1
712,2800,28177439,0.98
713,2800,22022997,1
714,2800,24897707,1
715,2800,25694296,0.96
716,2800,24543426,1
717,2800,23376542,0.99
718,2800,20394821,1
719,2800,24741214,1
720,2800,23634168,0.99
721,2800,22821496,1
722,2800,17082776,1
723,2800,15597066,1
724,2800,18567706,1
725,2800,20547631,0.97
726,2800,20584418,0.99
727,2800,18407552,1
728,2800,10332368,1
729,2800,18212247,1
730,2800,23335795,0.97
731,2800,17620385,1
732,2800,24047510,0.99
733,2800,23949148,0.97
734,2800,22114606,1
735,2800,21703251,1
736,2800,18002339,1
737,2800,17750753,1
738,2800,23317025,0.98
739,2800,11583792,1
740,2800,20225570,1
741,2800,22997658,0.99
742,2800,23504814,0.99
743,2800,23410922,1
744,2800,23008420,1
745,2800,21751488,1
746,2800,20210960,1
747,2800,22135032,1
748,2800,18669688,0.99
749,2800,20431949,1
750,2800,23530514,1
751,2800,20519519,1
752,2800,22185424,1
753,2800,20007805,1
754,2800,22081401,1
755,2800,23139963,0.99
756,2800,22823206,1
757,2800,22459965,1
758,2800,23755454,0.99
759,2800,21255587,1
760,2800,18295211,1
761,2800,20543558,0.99
762,2800,14759421,1
763,2800,21217767,1
764,2800,22825581,0.99
765,2800,22667349,1
766,2800,17294273,1
767,2800,25040853,0.99
768,2800,20609567,1
769,2800,23034917,1
770,2800,21464139,0.99
771,2800,24088974,1
772,2800,20508872,0.99
773,2800,17324082,1
774,2800,17897617,1
775,2800,23061697,1
776,2800,22692475,0.99
777,2800,21326496,1
778,2800,16936218,1
779,2800,12527279,0.99
780,2800,18056572,1
781,2800,18837876,1
782,2800,20731367,1
783,2800,19655104,1
784,2800,18349614,1
785,2800,17206751,1
786,2800,22201095,1
787,2800,22215233,1
788,2800,13680524,1
789,2800,19480156,1
790,2800,20081258,1
791,2800,22394722,1
792,2800,19809712,0.99
793,2800,22239941,0.99
794,2800,21183782,1
795,2800,19728439,1
796,2800,22422091,1
797,2800,17261015,1
798,2800,15886936,1
799,2800,22597829,1
800,2800,22307509,1
801,2800,26574330,0.96
802,2800,24034126,1
803,2800,18093831,1
804,2800,24642650,0.99
805,2800,22629288,1
806,2800,21443060,1
807,2800,21688856,1
808,2800,22873673,0.99
809,2800,16238072,1
810,2800,16610807,1
811,2800,22933173,1
812,2800,22569408,1
813,2800,20240043,1
814,2800,24315849,0.96
815,2800,22924344,0.98
816,2800,23269704,1
817,2800,14703077,1
818,2800,20368340,1
819,2800,17351103,1
820,2800,12894981,1
821,2800,14604489,1
822,2800,10905130,1
823,2800,18118682,0.96
824,2800,20598865,0.99
825,2800,21508919,1
826,2800,16664910,1
827,2800,21248440,1
828,2800,18425463,1
829,2800,22560374,1
830,2800,17121122,1
831,2800,17691112,1
832,2800,20546548,1
833,2800,20299379,1
834,2800,20104765,1
835,2800,14797883,1
836,2800,18475355,1
837,2800,21985686,0.99
838,2800,23584555,0.95
839,2800,21780626,1
840,2800,12613719,1
841,2800,23961325,0.99
842,2800,18256428,1
843,2800,12797170,1
844,2800,20823928,1
845,2800,19820028,1
846,2800,12254572,1
847,2800,21874427,1
848,2800,17629407,1
849,2800,19536116,1
850,2800,19683007,1
851,2800,16411268,1
852,2800,21573616,1
853,2800,20085462,1
854,2800,19337715,1
855,2800,23831814,0.99
856,2800,11340467,1
857,2800,19725124,1
858,2800,18524752,1
859,2800,18641866,1
860,2800,9350836,1
861,2800,20305745,1
862,2800,21111285,1
863,2800,21282956,1
864,2800,19463009,1
865,2800,22414171,1
866,2800,19691746,1
867,2800,18728446,1
868,2800,19820905,0.98
869,2800,19100745,1
870,2800,21040987,0.99
871,2800,20783110,1
872,2800,22537681,1
873,2800,24516457,1
874,2800,16208734,1
875,2800,24240334,0.98
876,2800,22452373,1
877,2800,23134531,1
878,2800,22413599,0.98
879,2800,24781386,1
880,2800,17767725,1
881,2800,23703771,0.99
882,2800,24014558,1
883,2800,21825003,1
884,2800,21471359,0.99
885,2800,20755269,1
886,2800,17840490,1
887,2800,22414076,1
888,2800,20922697,1
889,2800,22295363,1
890,2800,23687438,1
891,2800,22530234,1
892,2800,23798114,0.98
893,2800,22309517,0.99
894,2800,21605869,1
895,2800,20773946,1
896,2800,21264815,0.99
897,2800,21693240,1
898,2800,23773849,0.99
899,2800,22573604,0.97
900,2800,22527855,1
901,2800,13042328,1
902,2800,15509233,1
903,2800,14750578,1
904,2800,17961421,0.99
905,2800,13801096,1
906,2800,20300968,0.98
907,2800,17818831,1
908,2800,16412337,1
909,2800,22428964,0.99
910,2800,18665503,1
911,2800,14689230,1
912,2800,18045827,1
913,2800,13428889,1
914,2800,21762859,1
915,2800,22117250,1
916,2800,18890826,0.99
917,2800,19516152,1
918,2800,17359875,1
919,2800,20872968,1
920,2800,17771177,1
921,2800,18733502,1
922,2800,15468549,1
923,2800,18871898,1
924,2800,20706908,1
925,2800,16615988,1
926,2800,13425446,1
927,2800,14496833,1
928,2800,14625234,0.99
929,2800,16808605,1
930,2800,19926853,1
931,2800,14147141,1
932,2800,15273299,1
933,2800,20949309,1
934,2800,19328037,1
935,2800,20987634,1
936,2800,19041918,1
937,2800,23749820,1
938,2800,20175855,1
939,2800,20104014,1
940,2800,18616032,1
941,2800,18084709,1
942,2800,18044565,1
943,2800,22999440,1
944,2800,21730355,0.98
945,2800,19745511,0.99
946,2800,17145245,1
947,2800,23214338,0.99
948,2800,21578401,1
949,2800,19741588,1
950,2800,22559034,0.99
951,2800,22244446,1
952,2800,20212137,1
953,2800,21668914,1
954,2800,21041319,1
955,2800,22719103,1
956,2800,20185491,1
957,2800,18232279,1
958,2800,7941640,1
959,2800,20223186,0.99
960,2800,15819722,1
961,2800,10822992,1
962,2800,11149775,1
963,2800,23967793,0.99
964,2800,14572921,0.97
965,2800,20562587,0.97
966,2800,10781385,1
967,2800,18507355,0.98
968,2800,11498316,1
969,2800,19161378,0.98
970,2800,21088668,0.99
971,2800,23831479,1
972,2800,20175665,0.99
973,2800,20098363,1
974,2800,10460450,1
975,2800,22947173,0.99
976,2800,23659896,0.99
977,2800,12267765,1
978,2800,17060657,0.86
979,2800,9237403,1
980,2800,14162091,0.99
981,2800,17625032,1
982,2800,12073881,1
983,2800,11963598,1
984,2800,18621820,0.96
985,2800,18771180,0.99
986,2800,17806661,1
987,2800,13574146,1
988,2800,18517274,1
989,2800,14712986,1
990,2800,20420647,0.99
991,2800,22523824,1
992,2800,21424186,1
993,2800,21983912,0.96
994,2800,14579983,1
995,2800,21571121,0.98
996,2800,20584582,1
997,2800,20658949,1
998,2800,18425532,1
999,2800,9293642,1
0,3200,17145491,1
1,3200,21847342,1
2,3200,14966248,1
3,3200,22392369,1
4,3200,24113144,0.99
5,3200,17881860,1
6,3200,22821809,1
7,3200,24599470,1
8,3200,18362879,1
9,3200,20684809,1
10,3200,10961469,1
11,3200,10298526,1
12,3200,21298932,1
13,3200,18816984,0.97
14,3200,23423268,1
15,3200,19239763,1
16,3200,9452395,1
17,3200,20617255,1
18,3200,23560417,1
19,3200,15218324,1
20,3200,23107671,1
21,3200,25571989,0.99
22,3200,22939279,0.99
23,3200,23328992,0.99
24,3200,18052942,1
25,3200,24941761,0.99
26,3200,24571651,1
27,3200,25362990,0.99
28,3200,22369609,1
29,3200,17010951,1
30,3200,17880229,1
31,3200,24187750,1
32,3200,23578948,1
33,3200,17272495,1
34,3200,15112096,1
35,3200,19537562,1
36,3200,14260105,1
37,3200,21835904,0.99
38,3200,15257850,1
39,3200,22156620,0.99
40,3200,12316897,1
41,3200,22645911,0.99
42,3200,18193866,1
43,3200,18136270,1
44,3200,16210815,1
45,3200,18454144,1
46,3200,17504307,1
47,3200,17253562,1
48,3200,23042213,1
49,3200,21570953,1
50,3200,19789660,1
51,3200,20378005,1
52,3200,20678463,1
53,3200,21045557,1
54,3200,14264186,1
55,3200,18145544,1
56,3200,17747907,1
57,3200,18235227,1
58,3200,17418722,1
59,3200,21921912,1
60,3200,24076123,0.99
61,3200,24876424,0.99
62,3200,26339565,0.98
63,3200,24416124,1
64,3200,21508595,1
65,3200,22097836,1
66,3200,16529683,1
67,3200,23472263,1
68,3200,25649016,0.96
69,3200,22981936,1
70,3200,20695914,1
71,3200,21951834,1
72,3200,24177698,0.99
73,3200,19260782,1
74,3200,19457506,1
75,3200,18997601,1
76,3200,19580356,1
77,3200,22611029,1
78,3200,20605083,1
79,3200,26498533,0.99
80,3200,22568262,1
81,3200,23501432,1
82,3200,20716639,1
83,3200,21229588,1
84,3200,19426414,1
85,3200,22305480,1
86,3200,22798898,1
87,3200,19344016,1
88,3200,19385987,1
89,3200,20079608,0.98
90,3200,18632118,1
91,3200,17610230,0.99
92,3200,18393564,1
93,3200,25400245,1
94,3200,21237599,1
95,3200,24832490,1
96,3200,14997013,1
97,3200,12639635,1
98,3200,19001345,1
99,3200,26460832,1
100,3200,20740192,1
101,3200,23766701,1
102,3200,23093792,0.99
103,3200,21761461,1
104,3200,24689393,1
105,3200,24076714,1
106,3200,23100296,0.98
107,3200,12109712,1
108,3200,22560149,1
109,3200,15565391,1
110,3200,13436564,1
111,3200,18524000,1
112,3200,19336895,1
113,3200,18551151,1
114,3200,23886772,1
115,3200,21622058,0.99
116,3200,19864313,1
117,3200,20066758,1
118,3200,17445799,1
119,3200,21967810,1
120,3200,21185953,1
121,3200,24389135,1
122,3200,18255585,1
123,3200,23637489,0.99
124,3200,25032587,1
125,3200,23963975,0.99
126,3200,20849328,1
127,3200,24023985,0.99
128,3200,20239951,1
129,3200,15708575,1
130,3200,23523796,0.99
131,3200,26208147,0.99
132,3200,21853213,1
133,3200,23900380,1
134,3200,18275171,0.99
135,3200,24701102,1
136,3200,23130512,1
137,3200,21942067,1
138,3200,21234836,1
139,3200,22345795,0.99
140,3200,24048909,1
141,3200,21167432,1
142,3200,22586134,1
143,3200,25614841,1
144,3200,26106759,1
145,3200,25146956,1
146,3200,21922868,1
147,3200,13195136,1
148,3200,23057469,1
149,3200,15481684,1
150,3200,22504485,0.99
151,3200,10159528,1
152,3200,18442768,1
153,3200,15352999,1
154,3200,24727481,1
155,3200,15312800,1
156,3200,22904565,1
157,3200,19036053,1
158,3200,15430631,1
159,3200,22508623,0.99
160,3200,11061719,1
161,3200,13902088,1
162,3200,19448350,1
163,3200,19238763,1
164,3200,18676948,1
165,3200,21631699,1
166,3200,25159798,0.99
167,3200,19981560,0.95
168,3200,22990902,1
169,3200,22887121,1
170,3200,25297237,1
171,3200,23874973,0.99
172,3200,25516093,1
173,3200,18880978,1
174,3200,18733675,1
175,3200,10435537,1
176,3200,21511206,1
177,3200,20128920,1
178,3200,15010730,1
179,3200,18248350,1
180,3200,22655142,1
181,3200,25553040,1
182,3200,18727168,1
183,3200,28013291,0.99
184,3200,26240955,0.99
185,3200,25068815,0.98
186,3200,26036637,0.99
187,3200,24623754,0.99
188,3200,20749251,1
189,3200,15105680,1
190,3200,12633122,1
191,3200,24831479,1
192,3200,21304910,1
193,3200,27002217,0.99
194,3200,13668492,1
195,3200,27219899,1
196,3200,23020239,1
197,3200,20453096,0.99
198,3200,25371812,0.99
199,3200,23955728,1
200,3200,24011452,0.98
201,3200,23535888,1
202,3200,24995590,1
203,3200,19982445,1
204,3200,17532913,1
205,3200,15581090,0.99
206,3200,25151765,0.98
207,3200,26073355,0.98
208,3200,25654791,1
209,3200,24279494,1
210,3200,26578062,1
211,3200,26441314,0.98
212,3200,21550081,1
213,3200,25164057,1
214,3200,21439138,0.99
215,3200,25091713,0.97
216,3200,25741359,0.99
217,3200,20555130,1
218,3200,22405812,1
219,3200,24843643,1
220,3200,23496652,1
221,3200,22869214,1
222,3200,26702594,1
223,3200,26298125,0.99
224,3200,22478077,1
225,3200,24320217,0.98
226,3200,19222896,1
227,3200,26119576,1
228,3200,25023077,1
229,3200,26421187,1
230,3200,25779057,1
231,3200,24225600,0.99
232,3200,24073331,1
233,3200,18658428,1
234,3200,24053985,1
235,3200,18752232,0.99
236,3200,25626453,1
237,3200,26537883,0.99
238,3200,22997851,1
239,3200,24049560,1
240,3200,22953718,1
241,3200,24556462,1
242,3200,26655608,1
243,3200,22639764,0.99
244,3200,24393048,1
245,3200,23976661,1
246,3200,25460524,0.99
247,3200,22440555,1
248,3200,26074994,0.98
249,3200,21935300,0.98
250,3200,22772726,1
251,3200,25367272,1
252,3200,24651108,1
253,3200,24815516,1
254,3200,24600842,1
255,3200,22328787,0.99
256,3200,25458154,0.98
257,3200,24894014,1
258,3200,23982380,0.99
259,3200,25876451,1
260,3200,24408287,0.97
261,3200,24353744,1
262,3200,25574402,1
263,3200,20246528,1
264,3200,24615712,1
265,3200,26317406,1
266,3200,21290197,1
267,3200,24708390,0.99
268,3200,22925476,1
269,3200,27155318,0.99
270,3200,23459764,1
271,3200,23956967,0.99
272,3200,25030749,0.99
273,3200,19059160,1
274,3200,17712138,1
275,3200,24194108,1
276,3200,21841540,1
277,3200,24091955,0.98
278,3200,22040787,1
279,3200,16874315,1
280,3200,17221656,1
281,3200,10641096,1
282,3200,22555431,1
283,3200,22842527,1
284,3200,19048687,1
285,3200,22765904,0.98
286,3200,15922647,1
287,3200,17513720,1
288,3200,23196912,1
289,3200,21934369,1
290,3200,25312606,0.96
291,3200,20498718,1
292,3200,22671816,1
293,3200,21360121,1
294,3200,22282750,1
295,3200,27089364,0.99
296,3200,24196295,0.97
297,3200,20543082,1
298,3200,24076549,1
299,3200,24127962,1
300,3200,22225504,1
301,3200,21169839,1
302,3200,24965530,0.95
303,3200,19783832,1
304,3200,22026467,1
305,3200,23588258,1
306,3200,24367236,0.99
307,3200,21471462,1
308,3200,22150769,1
309,3200,19864666,0.98
310,3200,22603625,1
311,3200,24791978,1
312,3200,21911631,1
313,3200,20134186,1
314,3200,22727838,1
315,3200,22539759,1
316,3200,19792001,1
317,3200,23422374,1
318,3200,21886518,1
319,3200,22327315,1
320,3200,23745866,0.99
321,3200,24776032,1
322,3200,21187868,1
323,3200,24589701,1
324,3200,19888847,1
325,3200,20672828,1
326,3200,21926471,1
327,3200,22671600,1
328,3200,20012740,1
329,3200,23287303,0.97
330,3200,25574667,0.99
331,3200,16624445,1
332,3200,10583693,1
333,3200,14506036,1
334,3200,24233417,0.99
335,3200,7982248,1
336,3200,15166375,1
337,3200,20751676,1
338,3200,10324832,1
339,3200,22648425,1
340,3200,21159697,1
341,3200,15901838,1
342,3200,18819097,1
343,3200,27013840,1
344,3200,24414993,1
345,3200,17951910,1
346,3200,25428905,0.99
347,3200,22808118,0.92
348,3200,22074237,1
349,3200,13576444,1
350,3200,22184630,0.99
351,3200,25109493,0.95
352,3200,12301087,0.98
353,3200,15569875,0.99
354,3200,19359744,1
355,3200,13610753,1
356,3200,16592898,1
357,3200,20567754,1
358,3200,16506711,0.99
359,3200,14411563,1
360,3200,13283064,1
361,3200,23845354,1
362,3200,12146780,1
363,3200,14057245,0.99
364,3200,23142680,1
365,3200,10916115,1
366,3200,15330897,1
367,3200,12047458,1
368,3200,16952225,1
369,3200,23299874,1
370,3200,13384302,0.99
371,3200,18639011,1
372,3200,20738169,1
373,3200,11242495,1
374,3200,21324429,0.99
375,3200,23639837,0.98
376,3200,11552391,1
377,3200,18888998,1
378,3200,16369201,1
379,3200,18143928,1
380,3200,17857597,1
381,3200,22755244,1
382,3200,23999504,1
383,3200,21566235,0.97
384,3200,20926832,0.98
385,3200,23989310,1
386,3200,11619714,1
387,3200,14526787,1
388,3200,22294066,1
389,3200,15654285,1
390,3200,25361599,0.99
391,3200,20680844,1
392,3200,21312370,1
393,3200,24458234,0.98
394,3200,24619256,1
395,3200,24636984,1
396,3200,21519576,1
397,3200,21255462,0.98
398,3200,25650871,0.98
399,3200,24108037,1
400,3200,20963626,0.99
401,3200,25432101,1
402,3200,17778835,1
403,3200,25333805,1
404,3200,24349162,1
405,3200,20706259,1
406,3200,26475080,1
407,3200,21327718,1
408,3200,24939769,0.98
409,3200,24724390,0.99
410,3200,27057867,0.99
411,3200,24443568,1
412,3200,24820124,0.99
413,3200,27480716,1
414,3200,24422209,1
415,3200,22239542,1
416,3200,24788062,0.99
417,3200,26516142,0.98
418,3200,25850243,1
419,3200,25406441,1
420,3200,25877635,0.96
421,3200,19289899,1
422,3200,20555160,1
423,3200,26383237,1
424,3200,18361897,1
425,3200,26261465,0.99
426,3200,21330598,1
427,3200,23181269,1
428,3200,24955647,1
429,3200,27709161,1
430,3200,32739156,0.99
431,3200,29951247,1
432,3200,28866412,0.98
433,3200,16662292,0.99
434,3200,24693881,1
435,3200,22627545,0.99
436,3200,22683961,0.99
437,3200,16946958,1
438,3200,26395845,1
439,3200,22664415,0.98
440,3200,27448776,0.99
441,3200,23849535,0.99
442,3200,24192700,0.98
443,3200,24197986,1
444,3200,23089694,1
445,3200,26229634,1
446,3200,22510288,1
447,3200,22387068,1
448,3200,25133404,0.99
449,3200,21489496,1
450,3200,17700524,1
451,3200,17181766,1
452,3200,22263621,1
453,3200,19284803,1
454,3200,24578205,1
455,3200,21492802,1
456,3200,24879575,1
457,3200,27630663,1
458,3200,20106388,1
459,3200,23394660,1
460,3200,16927967,1
461,3200,18419283,1
462,3200,26270251,0.99
463,3200,26308267,1
464,3200,18695112,1
465,3200,25629800,1
466,3200,13323238,1
467,3200,25054461,0.99
468,3200,24096914,1
469,3200,16370982,1
470,3200,20675689,1
471,3200,22213696,1
472,3200,19121542,1
473,3200,24229667,1
474,3200,22236216,1
475,3200,20452374,1
476,3200,24487368,1
477,3200,25906703,0.98
478,3200,25523984,0.99
479,3200,23009883,0.99
480,3200,17272971,1
481,3200,17140920,1
482,3200,24466361,1
483,3200,25476246,1
484,3200,13624971,1
485,3200,10453258,1
486,3200,10177084,1
487,3200,23375860,0.96
488,3200,26649470,0.98
489,3200,22327624,1
490,3200,23458699,1
491,3200,26074233,0.99
492,3200,25796413,1
493,3200,26992857,0.99
494,3200,24094634,0.98
495,3200,20629406,1
496,3200,9677040,1
497,3200,13577185,1
498,3200,23812105,0.97
499,3200,22110282,1
500,3200,6365736,1
501,3200,18836233,1
502,3200,19926495,1
503,3200,21441840,0.99
504,3200,21057115,1
505,3200,22547039,1
506,3200,24588003,1
507,3200,20501122,1
508,3200,14395541,1
509,3200,14111992,1
510,3200,21435065,0.98
511,3200,25364974,0.99
512,3200,19839861,1
513,3200,22533884,0.99
514,3200,26455638,1
515,3200,30384197,1
516,3200,10380429,1
517,3200,10083948,1
518,3200,25610671,1
519,3200,25746681,0.97
520,3200,26154116,1
521,3200,11709758,1
522,3200,27209503,0.99
523,3200,26635913,1
524,3200,26558055,0.99
525,3200,26361869,0.99
526,3200,26278562,1
527,3200,25360873,1
528,3200,23433575,1
529,3200,28765316,0.99
530,3200,21086671,1
531,3200,19207429,0.99
532,3200,11146030,1
533,3200,23677076,1
534,3200,24544882,1
535,3200,25702011,0.97
536,3200,14396036,1
537,3200,24840442,1
538,3200,21408866,1
539,3200,24240064,1
540,3200,25897121,1
541,3200,21151620,1
542,3200,25399766,1
543,3200,26090258,1
544,3200,21355353,1
545,3200,21136507,1
546,3200,26960666,0.98
547,3200,23278046,1
548,3200,23507519,1
549,3200,26815692,0.98
550,3200,20653817,1
551,3200,19938977,1
552,3200,25304661,0.98
553,3200,21046718,1
554,3200,21918830,1
555,3200,22894221,1
556,3200,14534917,1
557,3200,26843647,1
558,3200,26519275,0.99
559,3200,20213035,1
560,3200,23033435,1
561,3200,24387887,1
562,3200,26647887,1
563,3200,23432562,1
564,3200,25609493,0.98
565,3200,20094217,1
566,3200,20928647,1
567,3200,23964706,1
568,3200,14583274,1
569,3200,26112549,1
570,3200,21354742,1
571,3200,13500539,1
572,3200,20906029,1
573,3200,12698359,1
574,3200,20480550,1
575,3200,23896786,1
576,3200,24987369,0.99
577,3200,27388026,0.98
578,3200,24201970,1
579,3200,19378330,1
580,3200,5873712,1
581,3200,24595516,1
582,3200,24968547,0.94
583,3200,23881924,0.95
584,3200,26062121,1
585,3200,24821653,0.98
586,3200,24039898,1
587,3200,21659633,1
588,3200,21887950,1
589,3200,22643789,0.96
590,3200,19958994,1
591,3200,20558145,1
592,3200,18571580,1
593,3200,25657673,0.98
594,3200,35471083,1
595,3200,27480699,1
596,3200,26785650,1
597,3200,24591502,1
598,3200,24552835,1
599,3200,28466773,0.99
600,3200,29378994,0.95
601,3200,24330094,1
602,3200,26699467,1
603,3200,23575322,1
604,3200,25288438,1
605,3200,15113996,1
606,3200,26724681,0.97
607,3200,19602393,1
608,3200,23923526,1
609,3200,23443784,1
610,3200,25020642,1
611,3200,20135899,1
612,3200,22814590,1
613,3200,21566756,1
614,3200,27910424,1
615,3200,21999015,0.99
616,3200,25691550,1
617,3200,26222931,0.99
618,3200,25180926,1
619,3200,25990893,1
620,3200,24161096,1
621,3200,15380354,1
622,3200,20547440,1
623,3200,20296244,1
624,3200,21418678,1
625,3200,24578663,1
626,3200,20022158,1
627,3200,25031067,1
628,3200,26256678,0.99
629,3200,20406878,1
630,3200,24138461,1
631,3200,25578188,1
632,3200,26347501,1
633,3200,21461574,0.99
634,3200,25813082,0.97
635,3200,27438650,1
636,3200,19906732,1
637,3200,26654524,1
638,3200,21782579,1
639,3200,17163323,1
640,3200,26982638,1
641,3200,23305026,1
642,3200,23258038,0.98
643,3200,24766340,0.99
644,3200,18134874,1
645,3200,20140641,0.99
646,3200,23368437,1
647,3200,19657621,1
648,3200,22832881,1
649,3200,20663335,0.99
650,3200,25550451,0.97
651,3200,22903371,0.98
652,3200,23342918,0.98
653,3200,22460443,0.99
654,3200,22991613,0.98
655,3200,24717283,0.97
656,3200,21599162,1
657,3200,23440849,0.99
658,3200,22100762,1
659,3200,23536567,0.99
660,3200,24136665,1
661,3200,19559102,1
662,3200,26116213,0.99
663,3200,14785305,1
664,3200,19154528,1
665,3200,24676899,1
666,3200,25866968,1
667,3200,14846042,1
668,3200,15999471,1
669,3200,24682439,1
670,3200,19065173,1
671,3200,16961655,1
672,3200,23208749,0.98
673,3200,27424252,1
674,3200,19304251,1
675,3200,25199326,1
676,3200,31432773,1
677,3200,23601150,1
678,3200,30243630,1
679,3200,27201236,1
680,3200,25788769,0.99
681,3200,28933169,1
682,3200,27361160,0.99
683,3200,18813812,1
684,3200,20094875,0.98
685,3200,22947649,1
686,3200,22102781,1
687,3200,24941141,1
688,3200,27389197,1
689,3200,20254416,1
690,3200,22098094,1
691,3200,26255133,1
692,3200,24165984,1
693,3200,25296776,1
694,3200,24263566,1
695,3200,23904646,1
696,3200,19627703,1
697,3200,27046989,1
698,3200,23435185,1
699,3200,22510309,1
700,3200,27310171,0.97
701,3200,25328386,1
702,3200,27268785,0.99
703,3200,21369451,1
704,3200,24302164,1
705,3200,26416038,0.99
706,3200,25744035,0.99
707,3200,26516772,1
708,3200,26294984,0.98
709,3200,21068310,1
710,3200,25534139,1
711,3200,23586272,1
712,3200,25948131,1
713,3200,20137235,1
714,3200,24630589,1
715,3200,24656600,0.96
716,3200,24299218,1
717,3200,23674427,0.99
718,3200,18794807,1
719,3200,23885714,1
720,3200,23647587,1
721,3200,23384785,1
722,3200,18518901,1
723,3200,15613728,1
724,3200,19740294,1
725,3200,22354787,0.97
726,3200,21923336,0.99
727,3200,19501830,1
728,3200,10495875,1
729,3200,18975729,1
730,3200,24480589,0.97
731,3200,18920264,1
732,3200,25702134,0.99
733,3200,26058009,0.99
734,3200,23449109,1
735,3200,23346679,1
736,3200,19217957,1
737,3200,19401302,1
738,3200,24860635,0.98
739,3200,12427185,1
740,3200,21762930,1
741,3200,25229020,1
742,3200,25049822,0.99
743,3200,25667344,1
744,3200,25169942,1
745,3200,23900744,1
746,3200,21733868,1
747,3200,24583426,1
748,3200,20558267,0.99
749,3200,22557748,1
750,3200,25860033,1
751,3200,29998192,1
752,3200,29052529,1
753,3200,25487575,1
754,3200,26562166,1
755,3200,29613799,0.99
756,3200,28430057,1
757,3200,27796580,1
758,3200,26315201,0.99
759,3200,24954233,1
760,3200,21532342,1
761,3200,25050370,1
762,3200,18338922,1
763,3200,25043026,1
764,3200,26420605,0.99
765,3200,26222874,1
766,3200,19914280,1
767,3200,29598907,0.99
768,3200,23601864,1
769,3200,26450911,1
770,3200,24591593,0.99
771,3200,27344723,1
772,3200,24483460,0.99
773,3200,19571970,1
774,3200,21275903,1
775,3200,26142874,1
776,3200,25817836,0.99
777,3200,24854094,1
778,3200,19543497,1
779,3200,14277732,0.99
780,3200,20684131,1
781,3200,21172636,1
782,3200,23385547,1
783,3200,22258423,1
784,3200,20712255,1
785,3200,19498091,1
786,3200,25208229,1
787,3200,25019236,1
788,3200,15459830,1
789,3200,22751365,1
790,3200,22575580,1
791,3200,25178459,1
792,3200,22272251,1
793,3200,25263435,1
794,3200,24604815,1
795,3200,22791832,1
796,3200,25513169,1
797,3200,19520925,1
798,3200,17786400,1
799,3200,21938235,1
800,3200,21396244,1
801,3200,26445887,0.96
802,3200,24454718,1
803,3200,18262597,1
804,3200,25945089,0.99
805,3200,23536701,1
806,3200,23323027,1
807,3200,22848643,1
808,3200,24741570,1
809,3200,16803566,1
810,3200,17169520,1
811,3200,24164929,1
812,3200,23790629,1
813,3200,22277431,1
814,3200,26326950,0.96
815,3200,25240765,0.99
816,3200,25716093,1
817,3200,15905444,1
818,3200,22189331,1
819,3200,18169027,1
820,3200,14111615,1
821,3200,15514154,1
822,3200,12229308,1
823,3200,20278087,0.98
824,3200,22545749,1
825,3200,23633389,1
826,3200,18783879,1
827,3200,23199197,1
828,3200,20700129,1
829,3200,24912545,1
830,3200,18919515,1
831,3200,25729891,1
832,3200,28331256,1
833,3200,28001193,1
834,3200,26377819,1
835,3200,18774742,1
836,3200,23322448,1
837,3200,27333353,0.99
838,3200,28475052,0.95
839,3200,26199828,1
840,3200,16085843,0.99
841,3200,29010489,0.99
842,3200,23165182,1
843,3200,15475808,1
844,3200,24978181,1
845,3200,23508650,1
846,3200,15155123,1
847,3200,25201850,1
848,3200,20560010,1
849,3200,22687027,1
850,3200,23335525,1
851,3200,19008679,1
852,3200,24291841,1
853,3200,23387486,1
854,3200,22931589,1
855,3200,27404712,0.99
856,3200,14316449,1
857,3200,22355754,1
858,3200,21114138,1
859,3200,21514014,1
860,3200,11269464,1
861,3200,23302330,1
862,3200,24131156,1
863,3200,24423287,1
864,3200,21959371,1
865,3200,25314596,1
866,3200,22327473,1
867,3200,21342301,1
868,3200,22680634,0.98
869,3200,21571145,1
870,3200,24043373,0.99
871,3200,23480991,1
872,3200,25496855,1
873,3200,27886960,1
874,3200,19573911,1
875,3200,27574594,0.98
876,3200,25345855,1
877,3200,26050555,1
878,3200,25146421,0.98
879,3200,27980970,1
880,3200,20062688,1
881,3200,26913383,0.99
882,3200,27124706,1
883,3200,24571309,1
884,3200,23994403,0.99
885,3200,23603309,1
886,3200,20071259,1
887,3200,25527633,1
888,3200,23519090,1
889,3200,25312718,1
890,3200,25669044,1
891,3200,25464633,1
892,3200,27007615,0.99
893,3200,25263655,0.99
894,3200,24519274,1
895,3200,23560406,1
896,3200,24167733,0.99
897,3200,24438077,1
898,3200,26977812,0.99
899,3200,25595828,0.98
900,3200,25452649,1
901,3200,15441886,1
902,3200,18115247,1
903,3200,17027887,1
904,3200,20237351,0.99
905,3200,15521979,1
906,3200,22935023,0.98
907,3200,20181978,1
908,3200,18644842,1
909,3200,28870688,0.99
910,3200,25784903,1
911,3200,19666881,1
912,3200,22871669,1
913,3200,16626301,1
914,3200,28466163,1
915,3200,29096087,1
916,3200,25502781,0.99
917,3200,24843523,1
918,3200,20366711,1
919,3200,25011747,1
920,3200,20460385,1
921,3200,22388575,1
922,3200,18032288,1
923,3200,21883651,1
924,3200,24861476,1
925,3200,18856417,1
926,3200,15356247,1
927,3200,18500265,1
928,3200,18762611,1
929,3200,20342438,1
930,3200,22835685,1
931,3200,17234271,1
932,3200,17853719,1
933,3200,24670211,1
934,3200,22375422,1
935,3200,24399482,1
936,3200,22492688,1
937,3200,28471248,1
938,3200,23818039,1
939,3200,23408933,1
940,3200,21184627,1
941,3200,20586871,1
942,3200,20385734,1
943,3200,28087140,1
944,3200,25082883,0.98
945,3200,23045839,0.99
946,3200,20800192,1
947,3200,26730572,1
948,3200,24604580,1
949,3200,23038068,1
950,3200,25824133,0.99
951,3200,25743457,1
952,3200,22859503,1
953,3200,26426361,1
954,3200,24332854,1
955,3200,26207156,1
956,3200,23367311,1
957,3200,20463876,1
958,3200,9868107,1
959,3200,23901679,0.99
960,3200,18287900,1
961,3200,13303693,1
962,3200,12760754,1
963,3200,27576681,0.99
964,3200,16965012,0.97
965,3200,23440522,0.97
966,3200,12539289,1
967,3200,21336701,0.98
968,3200,13135539,1
969,3200,21652987,0.98
970,3200,24431696,0.99
971,3200,27157602,1
972,3200,23089146,0.99
973,3200,22819965,1
974,3200,11963125,1
975,3200,25921479,0.99
976,3200,26857922,0.99
977,3200,14020981,1
978,3200,20136743,0.86
979,3200,10564727,1
980,3200,16414551,0.99
981,3200,20045628,1
982,3200,14036765,1
983,3200,13638168,1
984,3200,22288746,0.97
985,3200,21123830,0.99
986,3200,20161375,1
987,3200,15469808,1
988,3200,20659466,1
989,3200,16681666,1
990,3200,22743914,0.99
991,3200,25352936,1
992,3200,24438778,1
993,3200,25295263,0.98
994,3200,16677067,1
995,3200,31378580,0.98
996,3200,28844094,1
997,3200,26905890,1
998,3200,23978421,1
999,3200,12108003,1
0,3600,19317713,1
1,3600,24596454,1
2,3600,16780643,1
3,3600,25208114,1
4,3600,27000630,0.99
5,3600,20264393,1
6,3600,26046581,1
7,3600,28023278,1
8,3600,20539241,1
9,3600,22981584,1
10,3600,12004236,1
11,3600,11287421,1
12,3600,23749727,1
13,3600,21975678,0.97
14,3600,26284473,1
15,3600,21328628,1
16,3600,10309640,1
17,3600,23071703,1
18,3600,26655539,1
19,3600,17146646,1
20,3600,25652565,1
21,3600,28568871,1
22,3600,25739521,1
23,3600,25923826,0.99
24,3600,20082408,1
25,3600,28149002,0.99
26,3600,27362343,1
27,3600,28196991,0.99
28,3600,24768571,1
29,3600,18849233,1
30,3600,20284839,1
31,3600,32099012,1
32,3600,32452060,1
33,3600,22975418,1
34,3600,19757319,1
35,3600,25888420,1
36,3600,18587079,1
37,3600,27000198,1
38,3600,19475410,0.99
39,3600,26609284,0.99
40,3600,14390710,1
41,3600,28492924,0.99
42,3600,21133045,1
43,3600,20859620,1
44,3600,18308287,1
45,3600,21533979,1
46,3600,19683767,1
47,3600,20179589,1
48,3600,27552501,1
49,3600,25132819,1
50,3600,23159032,1
51,3600,23382293,1
52,3600,23633022,1
53,3600,24845880,1
54,3600,18084575,1
55,3600,20745744,1
56,3600,20456354,1
57,3600,20845764,1
58,3600,20302270,1
59,3600,27902373,1
60,3600,28041135,0.99
61,3600,29456390,0.99
62,3600,30810693,0.99
63,3600,29324117,1
64,3600,25925322,1
65,3600,25096653,1
66,3600,20425110,1
67,3600,27121001,1
68,3600,29214847,0.98
69,3600,26906566,1
70,3600,24283211,1
71,3600,25002911,1
72,3600,26957348,0.99
73,3600,22264162,1
74,3600,21844856,1
75,3600,20972129,1
76,3600,21724553,1
77,3600,25425643,1
78,3600,23485479,1
79,3600,30123546,0.99
80,3600,26185195,1
81,3600,27114054,1
82,3600,23562335,1
83,3600,23668655,1
84,3600,22156626,1
85,3600,25191118,1
86,3600,25385164,1
87,3600,21921413,1
88,3600,22508648,1
89,3600,22325061,0.99
90,3600,20869078,1
91,3600,19980821,1
92,3600,20836717,1
93,3600,28742839,1
94,3600,23873313,1
95,3600,27671722,1
96,3600,17249902,1
97,3600,14268462,1
98,3600,21311686,1
99,3600,29726992,1
100,3600,23091373,1
101,3600,26933170,1
102,3600,26324635,0.99
103,3600,24283607,1
104,3600,27668173,1
105,3600,27158618,1
106,3600,25510445,0.98
107,3600,13835689,1
108,3600,33163666,1
109,3600,20535157,1
110,3600,18058575,1
111,3600,24152496,1
112,3600,25458610,0.99
113,3600,24697357,1
114,3600,31387505,1
115,3600,26644430,0.99
116,3600,25315838,1
117,3600,24725444,1
118,3600,20468537,1
119,3600,26991478,1
120,3600,27960027,1
121,3600,29439213,1
122,3600,22014294,1
123,3600,27169224,1
124,3600,30615426,1
125,3600,27793056,1
126,3600,24968904,1
127,3600,27357520,0.99
128,3600,23092286,1
129,3600,18146589,1
130,3600,27987834,0.99
131,3600,30277511,0.99
132,3600,26637739,1
133,3600,26656820,1
134,3600,21628557,0.99
135,3600,28708312,1
136,3600,26078623,1
137,3600,24510102,1
138,3600,23834129,1
139,3600,25808521,0.99
140,3600,26576313,1
141,3600,23530359,1
142,3600,25061936,1
143,3600,29426058,1
144,3600,29590359,1
145,3600,28411164,1
146,3600,24838776,1
147,3600,15286388,1
148,3600,27041966,1
149,3600,17786009,1
150,3600,25140429,0.99
151,3600,12066987,1
152,3600,20459937,1
153,3600,17153856,1
154,3600,27760923,1
155,3600,16874380,1
156,3600,25537811,1
157,3600,21341292,1
158,3600,18984226,1
159,3600,25200409,0.99
160,3600,12174187,1
161,3600,15564835,1
162,3600,22037038,1
163,3600,21118059,1
164,3600,20752690,1
165,3600,24071581,1
166,3600,28279606,0.99
167,3600,23762938,0.96
168,3600,25317309,1
169,3600,25565853,1
170,3600,28093461,1
171,3600,26591875,1
172,3600,28398980,1
173,3600,20997968,1
174,3600,20779360,1
175,3600,11481440,1
176,3600,24015473,1
177,3600,22493826,1
178,3600,16604073,1
179,3600,20481527,1
180,3600,25561665,1
181,3600,28593213,1
182,3600,20803125,1
183,3600,31224364,1
184,3600,37803701,0.99
185,3600,33554272,0.98
186,3600,33454521,0.99
187,3600,31171337,0.99
188,3600,26801209,1
189,3600,19334474,1
190,3600,15423103,1
191,3600,30471152,1
192,3600,25440584,1
193,3600,33055435,0.99
194,3600,15475460,1
195,3600,32817036,1
196,3600,26568511,1
197,3600,24689585,0.99
198,3600,30882671,0.99
199,3600,29284617,1
200,3600,27341315,0.98
201,3600,26912330,1
202,3600,28781263,1
203,3600,23183768,1
204,3600,20170183,1
205,3600,17903387,1
206,3600,28237663,0.98
207,3600,30228829,0.98
208,3600,29786076,1
209,3600,27930194,1
210,3600,30599097,1
211,3600,29859584,0.99
212,3600,24187708,1
213,3600,28570018,1
214,3600,24970171,0.99
215,3600,28393846,0.97
216,3600,29325036,0.99
217,3600,23592280,1
218,3600,25563179,1
219,3600,28630255,1
220,3600,25887792,1
221,3600,26330540,1
222,3600,30175873,1
223,3600,29281803,0.99
224,3600,24770786,1
225,3600,27176487,0.98
226,3600,22887382,1
227,3600,29331797,1
228,3600,28751048,1
229,3600,31044659,1
230,3600,29039231,1
231,3600,27061621,0.99
232,3600,26955266,1
233,3600,20794911,1
234,3600,26707261,1
235,3600,21871137,0.99
236,3600,28729692,1
237,3600,29131995,0.99
238,3600,25781309,1
239,3600,26631331,1
240,3600,25516665,1
241,3600,27233908,1
242,3600,29437222,1
243,3600,25397990,0.99
244,3600,27041074,1
245,3600,26894965,1
246,3600,28367136,0.99
247,3600,24724895,1
248,3600,28907179,0.98
249,3600,24424796,0.98
250,3600,24965530,1
251,3600,31407160,1
252,3600,31689899,1
253,3600,30785650,1
254,3600,29414780,1
255,3600,26298715,0.99
256,3600,29156111,0.98
257,3600,29322108,1
258,3600,27332997,0.99
259,3600,31001546,1
260,3600,29492262,0.97
261,3600,27639376,1
262,3600,30161193,1
263,3600,23399277,1
264,3600,28407694,1
265,3600,29948799,1
266,3600,24421490,1
267,3600,27913189,0.99
268,3600,25688953,1
269,3600,30919237,1
270,3600,27373227,1
271,3600,27878799,0.99
272,3600,28317961,0.99
273,3600,23189184,1
274,3600,21126208,1
275,3600,27332351,1
276,3600,25610047,1
277,3600,27926449,0.99
278,3600,24747933,1
279,3600,20776935,1
280,3600,19531723,1
281,3600,12958131,1
282,3600,24961576,1
283,3600,25719096,1
284,3600,21561827,1
285,3600,25604714,0.98
286,3600,18540699,1
287,3600,19577239,1
288,3600,26509710,1
289,3600,24616874,1
290,3600,28323114,0.96
291,3600,22896550,1
292,3600,25722350,1
293,3600,23849111,1
294,3600,25387307,1
295,3600,30116035,0.99
296,3600,27201364,0.97
297,3600,23069248,1
298,3600,27067974,1
299,3600,26854017,1
300,3600,24595329,1
301,3600,23964263,1
302,3600,28166007,0.96
303,3600,22286157,1
304,3600,24917454,1
305,3600,26206836,1
306,3600,27018261,0.99
307,3600,24406694,1
308,3600,24724781,1
309,3600,22754781,1
310,3600,24955160,1
311,3600,27514409,1
312,3600,24424543,1
313,3600,23137073,1
314,3600,25459004,1
315,3600,24820866,1
316,3600,22488265,1
317,3600,26135067,1
318,3600,24090841,1
319,3600,24738185,1
320,3600,26367386,0.99
321,3600,27314700,1
322,3600,24617764,1
323,3600,27181789,1
324,3600,22451821,1
325,3600,23238736,1
326,3600,24319666,1
327,3600,25166589,1
328,3600,22227476,1
329,3600,26103408,0.97
330,3600,28098948,0.99
331,3600,18500747,1
332,3600,11887308,1
333,3600,15927309,1
334,3600,26695934,0.99
335,3600,9202828,1
336,3600,16966240,1
337,3600,23203172,1
338,3600,11367397,1
339,3600,24949136,1
340,3600,22298636,1
341,3600,16137052,1
342,3600,19642389,1
343,3600,27647263,1
344,3600,25320813,1
345,3600,19498585,1
346,3600,26827261,0.99
347,3600,24366485,0.93
348,3600,23723710,1
349,3600,14660632,1
350,3600,23956804,0.99
351,3600,26915213,0.95
352,3600,13093328,0.98
353,3600,17360461,0.99
354,3600,21210906,1
355,3600,14799228,1
356,3600,18093235,1
357,3600,22238105,1
358,3600,18270826,0.99
359,3600,16139367,1
360,3600,14418109,1
361,3600,26074105,1
362,3600,13382421,1
363,3600,16201363,0.99
364,3600,25240849,1
365,3600,11831083,1
366,3600,16810424,1
367,3600,13130911,1
368,3600,18458917,1
369,3600,25477058,1
370,3600,14554289,0.99
371,3600,20658749,1
372,3600,22829430,1
373,3600,12164932,1
374,3600,23539729,0.99
375,3600,25931760,0.98
376,3600,12425282,1
377,3600,20811591,1
378,3600,18273993,1
379,3600,19716223,1
380,3600,19719156,1
381,3600,24940133,1
382,3600,26360496,1
383,3600,23919553,0.97
384,3600,23080581,0.98
385,3600,26412762,1
386,3600,12711663,1
387,3600,16680406,1
388,3600,24617556,1
389,3600,17357612,1
390,3600,27999938,0.99
391,3600,22773223,1
392,3600,23516675,1
393,3600,27056299,0.98
394,3600,27196690,1
395,3600,26994863,1
396,3600,23731289,1
397,3600,23516683,0.98
398,3600,28198822,0.98
399,3600,26537943,1
400,3600,23158805,0.99
401,3600,27961694,1
402,3600,19803835,1
403,3600,27792678,1
404,3600,26734059,1
405,3600,22698569,1
406,3600,29145797,1
407,3600,22691603,1
408,3600,28266309,0.98
409,3600,27194148,1
410,3600,29908826,0.99
411,3600,26868139,1
412,3600,27478014,0.99
413,3600,30420911,1
414,3600,26915829,1
415,3600,24470438,1
416,3600,27196999,0.99
417,3600,29250901,0.98
418,3600,28516458,1
419,3600,28060306,1
420,3600,28470743,0.96
421,3600,21363966,1
422,3600,22578589,1
423,3600,29103000,1
424,3600,20482861,1
425,3600,28935112,0.99
426,3600,23399284,1
427,3600,25442993,1
428,3600,23820167,1
429,3600,23846890,1
430,3600,29503909,0.99
431,3600,26935448,1
432,3600,26662140,0.98
433,3600,14944560,0.99
434,3600,23060056,1
435,3600,20703786,0.99
436,3600,23082484,0.99
437,3600,15714962,1
438,3600,25358457,1
439,3600,22208818,0.98
440,3600,28771288,1
441,3600,23609631,0.99
442,3600,25548218,0.98
443,3600,25470241,1
444,3600,24204736,1
445,3600,28094610,1
446,3600,23447346,1
447,3600,24021973,1
448,3600,26582359,0.99
449,3600,22886794,1
450,3600,19090015,1
451,3600,18968721,1
452,3600,23057699,1
453,3600,20464518,1
454,3600,26720457,1
455,3600,23064705,1
456,3600,26925469,1
457,3600,29541912,1
458,3600,21353577,1
459,3600,24787850,1
460,3600,18148473,1
461,3600,19278048,1
462,3600,28417926,0.99
463,3600,28570191,1
464,3600,20103436,1
465,3600,27935958,1
466,3600,14141635,1
467,3600,27220304,0.99
468,3600,26502614,1
469,3600,17020548,1
470,3600,22261556,1
471,3600,23937314,1
472,3600,20498423,1
473,3600,26104460,1
474,3600,23794067,1
475,3600,21971308,1
476,3600,26810490,1
477,3600,27930465,0.98
478,3600,27810931,0.99
479,3600,24709716,0.99
480,3600,18976551,1
481,3600,18843239,1
482,3600,26765425,1
483,3600,27919162,1
484,3600,14495045,1
485,3600,10733671,1
486,3600,11054113,1
487,3600,25660172,0.96
488,3600,29115083,0.98
489,3600,24634765,1
490,3600,25390315,1
491,3600,28380981,0.99
492,3600,28108811,1
493,3600,29376702,0.99
494,3600,26316101,0.99
495,3600,22324549,1
496,3600,10426416,1
497,3600,14713365,1
498,3600,26074656,0.98
499,3600,24229480,1
500,3600,6932915,1
501,3600,20509854,1
502,3600,21566748,1
503,3600,23266901,0.99
504,3600,22848719,1
505,3600,24615401,1
506,3600,27094796,1
507,3600,22366765,1
508,3600,15954575,1
509,3600,15381509,1
510,3600,23473897,0.98
511,3600,27871419,0.99
512,3600,17974337,1
513,3600,19465178,0.99
514,3600,23588443,1
515,3600,26976124,1
516,3600,9117455,1
517,3600,10247445,1
518,3600,23900244,1
519,3600,23559232,0.97
520,3600,26275261,1
521,3600,12115341,1
522,3600,26904862,0.99
523,3600,26153811,1
524,3600,25295255,0.99
525,3600,27566687,0.99
526,3600,27847241,1
527,3600,26032510,1
528,3600,25117106,1
529,3600,29568228,0.99
530,3600,21673515,1
531,3600,18769642,1
532,3600,11775703,1
533,3600,24758550,1
534,3600,25416650,1
535,3600,27158314,0.97
536,3600,15213985,1
537,3600,26906883,1
538,3600,22699483,1
539,3600,26158380,1
540,3600,26992081,1
541,3600,21540986,1
542,3600,26700451,1
543,3600,27328709,1
544,3600,22580280,1
545,3600,22771432,1
546,3600,29031222,0.98
547,3600,25408061,1
548,3600,25299602,1
549,3600,29258845,0.99
550,3600,22466192,1
551,3600,21629391,1
552,3600,26722498,0.98
553,3600,22903021,1
554,3600,23732386,1
555,3600,24797288,1
556,3600,15433402,1
557,3600,29262503,1
558,3600,28820790,1
559,3600,22113299,1
560,3600,25226240,1
561,3600,26663088,1
562,3600,29427643,1
563,3600,24987891,1
564,3600,27849058,0.98
565,3600,22066519,1
566,3600,22734993,1
567,3600,26149330,1
568,3600,15690681,1
569,3600,28226268,1
570,3600,23395870,1
571,3600,14757617,1
572,3600,22096171,1
573,3600,13449055,1
574,3600,21965868,1
575,3600,25977572,1
576,3600,27307717,0.99
577,3600,29478692,0.98
578,3600,26298855,1
579,3600,20293429,1
580,3600,6367220,1
581,3600,26979616,1
582,3600,27403943,0.94
583,3600,25719757,0.95
584,3600,28637837,1
585,3600,26460890,0.98
586,3600,25806823,1
587,3600,23666509,1
588,3600,23887246,1
589,3600,24241374,0.97
590,3600,21707406,1
591,3600,21868144,1
592,3600,19757140,1
593,3600,27870548,0.99
594,3600,28406147,1
595,3600,24365103,1
596,3600,25377135,1
597,3600,22171075,1
598,3600,23310839,1
599,3600,26977289,0.99
600,3600,28761154,0.98
601,3600,23278417,1
602,3600,26210523,1
603,3600,21943126,1
604,3600,25752637,1
605,3600,14183635,1
606,3600,28067776,0.98
607,3600,20049836,1
608,3600,24780504,1
609,3600,23972797,1
610,3600,26751695,1
611,3600,21034820,1
612,3600,23109272,1
613,3600,22034375,1
614,3600,29336049,1
615,3600,22601708,1
616,3600,27435394,1
617,3600,27849202,0.99
618,3600,26648062,1
619,3600,28081232,1
620,3600,25870278,1
621,3600,14960231,1
622,3600,21418633,1
623,3600,21569920,1
624,3600,22922235,1
625,3600,25217773,1
626,3600,21005407,1
627,3600,27071133,1
628,3600,28359618,0.99
629,3600,21872190,1
630,3600,23902895,1
631,3600,27517604,1
632,3600,28650700,1
633,3600,23121051,0.99
634,3600,27740594,0.97
635,3600,29887263,1
636,3600,20776869,1
637,3600,29083062,1
638,3600,23521606,1
639,3600,18258538,1
640,3600,27537220,1
641,3600,23732571,1
642,3600,24416261,0.99
643,3600,26796465,0.99
644,3600,18635472,1
645,3600,22025999,0.99
646,3600,24666415,1
647,3600,21124556,1
648,3600,24497926,1
649,3600,22130543,0.99
650,3600,28370096,0.99
651,3600,26062490,0.98
652,3600,26878967,0.99
653,3600,24785327,0.99
654,3600,25047003,0.98
655,3600,27074297,0.98
656,3600,23718690,1
657,3600,25671084,0.99
658,3600,24157616,1
659,3600,25912859,1
660,3600,26386396,1
661,3600,21226190,1
662,3600,28461819,0.99
663,3600,16097455,1
664,3600,20699024,1
665,3600,27069628,1
666,3600,28645485,1
667,3600,15916818,1
668,3600,17287080,1
669,3600,27191590,1
670,3600,20875007,1
671,3600,18662400,1
672,3600,25433259,0.98
673,3600,21468751,1
674,3600,16991148,1
675,3600,22740148,1
676,3600,28657330,1
677,3600,22375247,1
678,3600,29411359,1
679,3600,27593914,1
680,3600,24173331,0.99
681,3600,28476380,1
682,3600,26296186,0.99
683,3600,18892354,1
684,3600,20833774,0.98
685,3600,23847745,1
686,3600,23122545,1
687,3600,24027482,1
688,3600,28561803,1
689,3600,21061793,1
690,3600,22487627,1
691,3600,27066625,1
692,3600,26033050,1
693,3600,26626130,0.99
694,3600,26579438,1
695,3600,25797638,1
696,3600,20586789,1
697,3600,28687606,1
698,3600,24762954,1
699,3600,24425070,1
700,3600,28722172,0.98
701,3600,26727529,1
702,3600,28815394,0.99
703,3600,22059359,1
704,3600,26248753,1
705,3600,28383300,0.99
706,3600,27674307,0.99
707,3600,28295476,1
708,3600,28304921,0.98
709,3600,22319488,1
710,3600,27625674,1
711,3600,25233541,1
712,3600,28920097,1
713,3600,21754186,1
714,3600,26579658,1
715,3600,26513363,0.96
716,3600,25884404,1
717,3600,25778838,0.99
718,3600,19976567,1
719,3600,25800035,1
720,3600,25276283,1
721,3600,25411245,1
722,3600,18861519,1
723,3600,16992096,1
724,3600,21241648,1
725,3600,23754421,0.98
726,3600,23626691,0.99
727,3600,20920029,1
728,3600,10307786,1
729,3600,19964763,1
730,3600,26596849,0.97
731,3600,20413077,1
732,3600,28009996,0.99
733,3600,28477607,0.99
734,3600,25644923,1
735,3600,25563531,1
736,3600,20952266,1
737,3600,21062987,1
738,3600,27076216,0.98
739,3600,13184841,1
740,3600,23772068,1
741,3600,27643070,0.99
742,3600,27285595,0.99
743,3600,28086287,1
744,3600,27609688,1
745,3600,26107068,1
746,3600,23790991,1
747,3600,26902042,1
748,3600,22361120,1
749,3600,24743553,1
750,3600,28363442,1
751,3600,24667699,1
752,3600,26334316,1
753,3600,24280203,1
754,3600,26733199,1
755,3600,27425653,1
756,3600,26444628,1
757,3600,26236924,1
758,3600,27432819,0.99
759,3600,24175123,1
760,3600,21931250,1
761,3600,24453629,1
762,3600,17272527,1
763,3600,25710042,1
764,3600,27784138,1
765,3600,27549235,1
766,3600,20875789,1
767,3600,30524255,0.99
768,3600,25057006,1
769,3600,28005641,1
770,3600,25821157,0.99
771,3600,29555063,1
772,3600,24555617,1
773,3600,21223681,1
774,3600,21903858,1
775,3600,28221544,1
776,3600,27538564,0.99
777,3600,26213051,1
778,3600,20940628,1
779,3600,14467073,0.99
780,3600,21895460,1
781,3600,22900183,1
782,3600,25185348,1
783,3600,24014743,1
784,3600,22282838,1
785,3600,20753582,1
786,3600,27121136,1
787,3600,28824415,1
788,3600,17647433,1
789,3600,24634097,1
790,3600,26311019,1
791,3600,28320650,1
792,3600,25161813,1
793,3600,28019630,1
794,3600,26673634,1
795,3600,24551092,1
796,3600,27715157,1
797,3600,21537977,1
798,3600,19294207,1
799,3600,24377360,1
800,3600,23693979,1
801,3600,29024654,0.96
802,3600,26826229,1
803,3600,19643822,1
804,3600,28562358,0.99
805,3600,25661841,1
806,3600,25321101,1
807,3600,24860165,1
808,3600,27074812,1
809,3600,17830300,1
810,3600,18891216,1
811,3600,26666134,1
812,3600,25945950,1
813,3600,24515212,1
814,3600,28707036,0.98
815,3600,27694456,0.99
816,3600,28032805,1
817,3600,17343810,1
818,3600,24286711,1
819,3600,19982507,1
820,3600,15268105,1
821,3600,16978193,1
822,3600,13512905,1
823,3600,21288926,0.98
824,3600,24531096,1
825,3600,25554052,1
826,3600,20339062,1
827,3600,25467385,1
828,3600,22648203,1
829,3600,27254781,1
830,3600,20585199,1
831,3600,21115316,1
832,3600,25163838,1
833,3600,24528074,1
834,3600,24179935,1
835,3600,17759437,1
836,3600,22796975,1
837,3600,26715165,1
838,3600,28574413,0.96
839,3600,26484137,1
840,3600,14663762,0.99
841,3600,29190361,0.99
842,3600,21821788,1
843,3600,15192004,1
844,3600,25294232,1
845,3600,24061826,1
846,3600,14074348,1
847,3600,26545148,1
848,3600,21292007,1
849,3600,24208579,1
850,3600,23714394,1
851,3600,19719682,1
852,3600,26287968,1
853,3600,24280035,1
854,3600,22811306,1
855,3600,29127862,1
856,3600,13272700,1
857,3600,23996207,1
858,3600,22601591,1
859,3600,22686110,1
860,3600,11684623,1
861,3600,24655122,1
862,3600,25750486,1
863,3600,25695691,1
864,3600,23741088,1
865,3600,33704600,1
866,3600,31121886,1
867,3600,27774540,1
868,3600,29661368,0.98
869,3600,26460576,1
870,3600,29014332,1
871,3600,27848940,1
872,3600,29974834,1
873,3600,32457364,1
874,3600,22617356,1
875,3600,32195506,0.98
876,3600,28846119,1
877,3600,29839529,1
878,3600,28414362,0.98
879,3600,31373931,1
880,3600,23125121,1
881,3600,29918079,0.99
882,3600,29927211,1
883,3600,27446788,1
884,3600,26520011,0.99
885,3600,26437136,1
886,3600,23045194,1
887,3600,28509599,1
888,3600,26204579,1
889,3600,28064941,1
890,3600,28758288,1
891,3600,28539335,1
892,3600,30154303,0.99
893,3600,28355585,1
894,3600,27299578,1
895,3600,26445505,1
896,3600,27047807,0.99
897,3600,26928632,1
898,3600,29933563,0.99
899,3600,28272316,0.98
900,3600,28291141,1
901,3600,18231266,1
902,3600,21137939,1
903,3600,18966422,1
904,3600,22580242,1
905,3600,17382315,1
906,3600,25306906,0.98
907,3600,22604138,1
908,3600,20771387,1
909,3600,27907773,0.99
910,3600,23291098,1
911,3600,18222094,1
912,3600,22228963,1
913,3600,16788147,1
914,3600,27107558,1
915,3600,27495866,1
916,3600,24247906,0.99
917,3600,24516584,1
918,3600,21579049,1
919,3600,25935456,1
920,3600,21948420,1
921,3600,23525559,1
922,3600,19316178,1
923,3600,23227080,1
924,3600,25767096,1
925,3600,20557617,1
926,3600,16764863,1
927,3600,18638360,1
928,3600,19019299,1
929,3600,21089918,1
930,3600,24530240,1
931,3600,17880171,1
932,3600,18809948,1
933,3600,25683040,1
934,3600,23825462,1
935,3600,25618940,1
936,3600,23786886,1
937,3600,33150725,1
938,3600,31597266,1
939,3600,30708933,1
940,3600,25978947,1
941,3600,26104806,1
942,3600,23865442,1
943,3600,33584498,1
944,3600,29178029,0.98
945,3600,26730573,0.99
946,3600,24373710,1
947,3600,30569569,1
948,3600,27876433,1
949,3600,25984955,1
950,3600,29499040,0.99
951,3600,29191413,1
952,3600,25653408,1
953,3600,29646602,1
954,3600,27320432,1
955,3600,29074177,1
956,3600,26455044,1
957,3600,23878409,1
958,3600,11076383,1
959,3600,26587753,0.99
960,3600,21272186,1
961,3600,15492297,1
962,3600,14447551,1
963,3600,30374056,0.99
964,3600,19326074,0.97
965,3600,26169950,0.97
966,3600,14113284,1
967,3600,23738412,0.98
968,3600,14762722,1
969,3600,24061165,0.98
970,3600,26977504,0.99
971,3600,30011766,1
972,3600,25712811,0.99
973,3600,25494006,1
974,3600,13439415,1
975,3600,28569700,0.99
976,3600,29724312,0.99
977,3600,15608668,1
978,3600,23043040,0.87
979,3600,11535300,1
980,3600,18199767,0.99
981,3600,22163327,1
982,3600,15971764,1
983,3600,15306889,1
984,3600,24684417,0.98
985,3600,23463091,0.99
986,3600,22446158,1
987,3600,17122778,1
988,3600,22916337,1
989,3600,18738698,1
990,3600,24992134,0.99
991,3600,27798337,1
992,3600,26905733,1
993,3600,27704380,0.98
994,3600,18395705,1
995,3600,27397174,0.98
996,3600,25619447,1
997,3600,25757084,1
998,3600,23176624,1
999,3600,11209205,1
0,4000,21442933,1
1,4000,27235212,1
2,4000,18431386,1
3,4000,33883144,1
4,4000,36312110,0.99
5,4000,26679429,1
6,4000,33175661,1
7,4000,37823277,1
8,4000,24581416,1
9,4000,27342367,1
10,4000,14935823,1
11,4000,12783864,1
12,4000,26517121,1
13,4000,29919847,0.97
14,4000,30317666,1
15,4000,23903537,1
16,4000,11373579,1
17,4000,26440703,1
18,4000,34011003,1
19,4000,19420201,1
20,4000,28713397,1
21,4000,32629089,1
22,4000,30829932,1
23,4000,29845350,0.99
24,4000,22588999,1
25,4000,32848690,0.99
26,4000,32419198,1
27,4000,31932810,0.99
28,4000,28185940,1
29,4000,21556970,1
30,4000,23540536,1
31,4000,29858273,1
32,4000,32221676,1
33,4000,27766671,1
34,4000,22395802,1
35,4000,29940237,1
36,4000,23209853,1
37,4000,30062550,1
38,4000,22056316,1
39,4000,29873280,0.99
40,4000,15870414,1
41,4000,33188994,0.99
42,4000,23155520,1
43,4000,23439934,1
44,4000,20151635,1
45,4000,23306939,1
46,4000,21402706,1
47,4000,22215322,1
48,4000,30214457,1
49,4000,28188842,1
50,4000,25655409,1
51,4000,25974872,1
52,4000,26519854,1
53,4000,28008393,1
54,4000,21555935,1
55,4000,22784684,1
56,4000,22697803,1
57,4000,23014472,1
58,4000,21990862,1
59,4000,32801827,1
60,4000,30341909,0.99
61,4000,31781676,0.99
62,4000,34218674,0.99
63,4000,35601411,1
64,4000,34510326,1
65,4000,33487981,1
66,4000,27191253,1
67,4000,33183112,1
68,4000,35046418,0.98
69,4000,32000443,1
70,4000,30683971,1
71,4000,28591148,1
72,4000,33544488,0.99
73,4000,27925282,1
74,4000,24482346,1
75,4000,23128150,1
76,4000,23916653,1
77,4000,29553620,1
78,4000,28840707,1
79,4000,34839433,0.99
80,4000,30704844,1
81,4000,31372994,1
82,4000,26744311,1
83,4000,26488971,1
84,4000,25509694,1
85,4000,28426491,1
86,4000,28225358,1
87,4000,24781525,1
88,4000,25553178,1
89,4000,24605888,0.99
90,4000,24095274,1
91,4000,22869509,1
92,4000,31449228,1
93,4000,39738828,1
94,4000,31513288,1
95,4000,34649574,1
96,4000,22781719,1
97,4000,17748940,1
98,4000,25173989,1
99,4000,36349526,1
100,4000,27314366,1
101,4000,32448476,1
102,4000,32525953,0.99
103,4000,28339284,1
104,4000,31747357,1
105,4000,32887958,1
106,4000,29307131,0.98
107,4000,16696397,1
108,4000,27996658,1
109,4000,19771497,1
110,4000,19035076,1
111,4000,23430471,1
112,4000,25554690,1
113,4000,25558502,1
114,4000,29787162,1
115,4000,26516304,0.99
116,4000,27378837,1
117,4000,25633167,1
118,4000,21833530,1
119,4000,27497074,1
120,4000,28284524,1
121,4000,38441593,1
122,4000,27892472,1
123,4000,33084476,1
124,4000,38108862,1
125,4000,33425643,1
126,4000,30611684,1
127,4000,31780468,0.99
128,4000,26589395,1
129,4000,20920849,1
130,4000,33553663,0.99
131,4000,34432356,0.99
132,4000,32280833,1
133,4000,30676820,1
134,4000,25978851,0.99
135,4000,32839454,1
136,4000,29743090,1
137,4000,27472639,1
138,4000,26824604,1
139,4000,29931366,0.99
140,4000,29385251,1
141,4000,26698671,1
142,4000,27700675,1
143,4000,33207695,1
144,4000,32613017,1
145,4000,31241674,1
146,4000,27379714,1
147,4000,17323530,1
148,4000,31015763,1
149,4000,20210894,1
150,4000,27710163,0.99
151,4000,13838107,1
152,4000,28513942,1
153,4000,22189854,1
154,4000,38236423,1
155,4000,20242927,1
156,4000,32195844,1
157,4000,27233511,1
158,4000,27412832,1
159,4000,31102822,0.99
160,4000,14029370,1
161,4000,17883128,1
162,4000,27904254,1
163,4000,25326308,1
164,4000,25298511,1
165,4000,28777073,1
166,4000,35693798,0.99
167,4000,31040869,0.96
168,4000,29365114,1
169,4000,30194807,1
170,4000,32383522,1
171,4000,30215587,1
172,4000,31610512,1
173,4000,23513017,1
174,4000,23012602,1
175,4000,12785862,1
176,4000,27377670,1
177,4000,27187811,1
178,4000,18487173,1
179,4000,22894881,1
180,4000,31552354,1
181,4000,32793176,1
182,4000,29110795,1
183,4000,43287615,1
184,4000,38407657,0.99
185,4000,36977972,0.98
186,4000,35279044,0.99
187,4000,33072263,0.99
188,4000,28441182,1
189,4000,20794120,1
190,4000,16502040,1
191,4000,32367760,1
192,4000,27512447,1
193,4000,36459894,0.99
194,4000,16818200,1
195,4000,35709614,1
196,4000,28779864,1
197,4000,30492520,0.99
198,4000,34249588,0.99
199,4000,32276233,1
200,4000,29779985,0.98
201,4000,29411228,1
202,4000,31658691,1
203,4000,25041259,1
204,4000,21881687,1
205,4000,19650530,1
206,4000,30795317,0.98
207,4000,33414437,0.98
208,4000,32866051,1
209,4000,39204396,1
210,4000,40273901,1
211,4000,37205052,0.99
212,4000,29791917,1
213,4000,34346471,1
214,4000,30250862,0.99
215,4000,33576104,0.97
216,4000,34987677,0.99
217,4000,28907090,1
218,4000,33329801,1
219,4000,34194688,1
220,4000,29230361,1
221,4000,29326416,1
222,4000,34818716,1
223,4000,33242037,0.99
224,4000,27891192,1
225,4000,30722770,0.99
226,4000,27544882,1
227,4000,33956890,1
228,4000,33275633,1
229,4000,34408461,1
230,4000,32238923,1
231,4000,30362534,1
232,4000,30152241,1
233,4000,22878379,1
234,4000,38818626,1
235,4000,30410926,0.99
236,4000,39113633,1
237,4000,36994702,0.99
238,4000,33582469,1
239,4000,35298141,1
240,4000,30766343,1
241,4000,30816966,1
242,4000,34129495,1
243,4000,32024955,0.99
244,4000,31872839,1
245,4000,34596599,1
246,4000,32920459,0.99
247,4000,30414342,1
248,4000,32623984,0.98
249,4000,28366050,0.98
250,4000,29819655,1
251,4000,32951420,1
252,4000,30887891,1
253,4000,32932476,1
254,4000,29686324,1
255,4000,27802868,0.99
256,4000,30279646,0.98
257,4000,30900666,1
258,4000,29544834,0.99
259,4000,42796454,1
260,4000,38762743,0.98
261,4000,35516754,1
262,4000,38123584,1
263,4000,31055825,1
264,4000,34611823,1
265,4000,35618472,1
266,4000,28567631,1
267,4000,32696043,0.99
268,4000,29052447,1
269,4000,35612429,1
270,4000,32813926,1
271,4000,32403245,0.99
272,4000,31766399,0.99
273,4000,28820798,1
274,4000,25587789,1
275,4000,31246768,1
276,4000,30595839,1
277,4000,32694690,1
278,4000,27811158,1
279,4000,26609472,1
280,4000,22457213,1
281,4000,16005221,1
282,4000,27399324,1
283,4000,28708954,1
284,4000,24941319,1
285,4000,32617706,0.98
286,4000,25113421,1
287,4000,24841482,1
288,4000,33411242,1
289,4000,30525835,1
290,4000,34366354,0.96
291,4000,26732247,1
292,4000,30107293,1
293,4000,26840485,1
294,4000,30375552,1
295,4000,35052007,0.99
296,4000,32214848,0.98
297,4000,26729771,1
298,4000,32491806,1
299,4000,30746456,1
300,4000,27975704,1
301,4000,27474060,1
302,4000,32292349,0.96
303,4000,25350664,1
304,4000,28362348,1
305,4000,29271520,1
306,4000,29881550,0.99
307,4000,28491088,1
308,4000,27976377,1
309,4000,26483610,1
310,4000,27542184,1
311,4000,30631349,0.99
312,4000,27023245,1
313,4000,28538498,1
314,4000,28769447,1
315,4000,27329292,1
316,4000,25230326,1
317,4000,28797465,1
318,4000,26173693,1
319,4000,27289661,1
320,4000,29452860,1
321,4000,30168728,1
322,4000,25767858,1
323,4000,29717264,1
324,4000,25368602,1
325,4000,26259731,1
326,4000,26893169,1
327,4000,27747822,1
328,4000,25015679,1
329,4000,29226680,0.97
330,4000,31024287,0.99
331,4000,20765082,1
332,4000,13658497,1
333,4000,17508676,1
334,4000,29155170,0.99
335,4000,10757380,1
336,4000,18898477,1
337,4000,26109654,1
338,4000,12538980,1
339,4000,27434970,1
340,4000,24715465,1
341,4000,17719119,1
342,4000,22197094,1
343,4000,31686687,1
344,4000,27881839,1
345,4000,23869027,1
346,4000,29146004,0.99
347,4000,27444813,0.95
348,4000,25928724,1
349,4000,16705642,1
350,4000,26443755,0.99
351,4000,29833159,0.95
352,4000,14149842,0.98
353,4000,20102640,0.99
354,4000,23657898,1
355,4000,16245856,1
356,4000,19696670,1
357,4000,24593840,1
358,4000,20494464,0.99
359,4000,18143906,1
360,4000,15757952,1
361,4000,28369835,1
362,4000,14702297,1
363,4000,19690022,0.99
364,4000,27464588,1
365,4000,12774105,1
366,4000,18406828,1
367,4000,14225770,1
368,4000,20131296,1
369,4000,27894456,1
370,4000,15726641,0.99
371,4000,22894617,1
372,4000,25002471,1
373,4000,13242240,1
374,4000,27458869,0.99
375,4000,28376533,0.98
376,4000,13432810,1
377,4000,22703936,1
378,4000,20462616,1
379,4000,21434755,1
380,4000,22003997,1
381,4000,27151057,1
382,4000,28740995,1
383,4000,28276897,0.97
384,4000,25822619,0.98
385,4000,28804345,1
386,4000,13688428,1
387,4000,19174586,1
388,4000,26959521,1
389,4000,19022485,1
390,4000,31621484,1
391,4000,26414930,1
392,4000,27502075,1
393,4000,29621909,0.98
394,4000,29705774,1
395,4000,29456638,1
396,4000,27224047,1
397,4000,26186723,0.98
398,4000,30888170,0.98
399,4000,30205491,1
400,4000,26969904,0.99
401,4000,31478695,1
402,4000,22086478,1
403,4000,31167513,1
404,4000,29038907,1
405,4000,24864325,1
406,4000,31798664,1
407,4000,24730246,1
408,4000,32186022,0.98
409,4000,29703253,1
410,4000,32727697,0.99
411,4000,29869649,1
412,4000,30144596,0.99
413,4000,33132574,1
414,4000,29795730,1
415,4000,26744068,1
416,4000,30833037,0.99
417,4000,31916467,0.98
418,4000,30851167,1
419,4000,30689605,1
420,4000,31018013,0.96
421,4000,23604923,1
422,4000,24475613,1
423,4000,31751863,1
424,4000,22635077,1
425,4000,31554039,1
426,4000,25517593,1
427,4000,27613977,1
428,4000,26081267,1
429,4000,25943250,1
430,4000,32098602,0.99
431,4000,29557470,1
432,4000,29115310,0.98
433,4000,16620331,0.99
434,4000,25119559,1
435,4000,23110485,0.99
436,4000,25127424,1
437,4000,17115312,1
438,4000,27469416,1
439,4000,24349705,1
440,4000,31458425,1
441,4000,25966233,0.99
442,4000,27943551,0.98
443,4000,28591607,1
444,4000,26375403,1
445,4000,30596547,1
446,4000,25763029,1
447,4000,26088871,1
448,4000,31454477,0.99
449,4000,24886193,1
450,4000,20610185,1
451,4000,20580844,1
452,4000,24892285,1
453,4000,22029221,1
454,4000,28849587,1
455,4000,25077775,1
456,4000,29199682,1
457,4000,32455479,1
458,4000,23142271,1
459,4000,27322177,1
460,4000,19900123,1
461,4000,21572514,1
462,4000,30779990,1
463,4000,31088414,1
464,4000,22267634,1
465,4000,30417480,1
466,4000,15796050,1
467,4000,29546643,0.99
468,4000,28884776,1
469,4000,18441392,1
470,4000,24239842,1
471,4000,26316438,1
472,4000,22573328,1
473,4000,29331988,1
474,4000,25947074,1
475,4000,24181611,1
476,4000,30455900,1
477,4000,30666586,0.98
478,4000,30352447,1
479,4000,26922138,0.99
480,4000,20646746,1
481,4000,20662012,1
482,4000,29191110,1
483,4000,30430939,1
484,4000,15685483,1
485,4000,11583545,1
486,4000,11908681,1
487,4000,28198542,0.96
488,4000,31741200,0.99
489,4000,27183229,1
490,4000,27714602,1
491,4000,30823877,0.99
492,4000,30490316,1
493,4000,32084898,0.99
494,4000,28715483,0.99
495,4000,24310408,1
496,4000,11243487,1
497,4000,16386018,1
498,4000,28464050,0.98
499,4000,27492013,1
500,4000,7644517,1
501,4000,22315787,1
502,4000,23312518,1
503,4000,25506347,0.99
504,4000,25048726,1
505,4000,26983204,1
506,4000,30468081,1
507,4000,24380108,1
508,4000,18205241,1
509,4000,16958435,1
510,4000,26363620,0.98
511,4000,30399797,0.99
512,4000,19759148,1
513,4000,21035341,0.99
514,4000,25569792,1
515,4000,29403089,1
516,4000,9894533,1
517,4000,10976799,1
518,4000,26172465,1
519,4000,25656064,0.97
520,4000,28503573,1
521,4000,13011730,1
522,4000,29306962,0.99
523,4000,28389670,1
524,4000,27588672,0.99
525,4000,30002689,0.99
526,4000,30572654,1
527,4000,30211558,1
528,4000,27409908,1
529,4000,32344890,0.99
530,4000,23615993,1
531,4000,20303901,1
532,4000,12807984,1
533,4000,26935016,1
534,4000,27673997,1
535,4000,29695881,0.97
536,4000,16431705,1
537,4000,30326139,1
538,4000,25533463,1
539,4000,28480255,1
540,4000,29542888,1
541,4000,23494348,1
542,4000,29304438,1
543,4000,29979246,1
544,4000,24457644,1
545,4000,25295740,1
546,4000,31695888,1
547,4000,27611130,1
548,4000,27549240,1
549,4000,31954437,0.99
550,4000,26360900,1
551,4000,23502837,1
552,4000,29070483,0.99
553,4000,27057984,1
554,4000,25807902,1
555,4000,26987851,1
556,4000,16897964,1
557,4000,31667080,1
558,4000,31652308,1
559,4000,23858480,1
560,4000,28080216,1
561,4000,29689035,1
562,4000,31723386,1
563,4000,27124500,1
564,4000,30242327,0.99
565,4000,23982551,1
566,4000,24721030,1
567,4000,28435228,1
568,4000,17054558,1
569,4000,30729585,1
570,4000,25462173,1
571,4000,16033619,1
572,4000,24108827,1
573,4000,14399306,1
574,4000,23892364,1
575,4000,28504670,1
576,4000,29908229,0.99
577,4000,32188675,0.98
578,4000,28956619,1
579,4000,22131561,1
580,4000,7119254,1
581,4000,29964594,1
582,4000,29941904,0.94
583,4000,28542076,0.96
584,4000,31181549,1
585,4000,28960763,0.98
586,4000,28304212,1
587,4000,25823346,1
588,4000,26046058,1
589,4000,26322129,0.98
590,4000,23663887,1
591,4000,24239254,1
592,4000,21575827,1
593,4000,30431750,0.99
594,4000,31037114,1
595,4000,26314367,1
596,4000,27599073,1
597,4000,24107206,1
598,4000,26683032,1
599,4000,32024437,0.99
600,4000,33100598,0.98
601,4000,26965804,1
602,4000,29953291,1
603,4000,25061279,1
604,4000,28930068,1
605,4000,16870984,1
606,4000,33432980,0.98
607,4000,23902832,1
608,4000,27700377,1
609,4000,26667012,1
610,4000,29435076,1
611,4000,23810979,1
612,4000,25565154,1
613,4000,24657160,1
614,4000,32470536,1
615,4000,24875302,1
616,4000,30030540,1
617,4000,30785783,0.99
618,4000,31334377,1
619,4000,30723571,1
620,4000,28458472,1
621,4000,16941344,1
622,4000,23609153,1
623,4000,23818066,1
624,4000,25215341,1
625,4000,27782114,1
626,4000,23043472,1
627,4000,29648103,1
628,4000,31209388,0.99
629,4000,24139684,1
630,4000,27379072,1
631,4000,30393438,1
632,4000,31463137,1
633,4000,25197070,0.99
634,4000,30597940,0.97
635,4000,32658638,1
636,4000,22919730,1
637,4000,31274124,1
638,4000,25799500,1
639,4000,19710355,1
640,4000,29931147,1
641,4000,26000139,1
642,4000,26529441,0.99
643,4000,30787900,0.99
644,4000,20688442,1
645,4000,24038415,0.99
646,4000,27141361,1
647,4000,23119954,1
648,4000,26894563,1
649,4000,24228194,0.99
650,4000,30702589,1
651,4000,26950170,0.98
652,4000,27859845,0.99
653,4000,26932987,0.99
654,4000,27219380,0.98
655,4000,29584732,0.98
656,4000,25851373,1
657,4000,27990807,0.99
658,4000,37113409,1
659,4000,32951774,1
660,4000,34503349,1
661,4000,27899805,1
662,4000,35704652,0.99
663,4000,20223606,1
664,4000,26903127,1
665,4000,32765728,1
666,4000,33549937,1
667,4000,19393587,1
668,4000,19781961,1
669,4000,31664711,1
670,4000,24813927,1
671,4000,21100052,1
672,4000,29671130,0.98
673,4000,26196873,1
674,4000,20033569,1
675,4000,25604761,1
676,4000,32380452,1
677,4000,25194437,1
678,4000,32572261,1
679,4000,30398801,1
680,4000,27819579,0.99
681,4000,31879987,1
682,4000,30975836,0.99
683,4000,20841469,1
684,4000,23175986,0.98
685,4000,26434035,1
686,4000,25466285,1
687,4000,27756610,1
688,4000,31566815,1
689,4000,23919688,1
690,4000,25612613,1
691,4000,30233761,1
692,4000,28530006,1
693,4000,29692401,0.99
694,4000,28837820,1
695,4000,28489108,1
696,4000,22858115,1
697,4000,31526038,1
698,4000,29523158,1
699,4000,26567537,1
700,4000,31845638,0.98
701,4000,29505909,1
702,4000,31910004,0.99
703,4000,24771114,1
704,4000,28720019,1
705,4000,31127249,0.99
706,4000,30620446,1
707,4000,31341363,1
708,4000,30972935,0.98
709,4000,24523053,1
710,4000,30162086,1
711,4000,27903252,1
712,4000,30926826,1
713,4000,23751360,1
714,4000,29194615,1
715,4000,39951895,0.96
716,4000,35846496,1
717,4000,31221002,0.99
718,4000,26440625,1
719,4000,31914707,1
720,4000,31561344,1
721,4000,29943673,1
722,4000,26038096,1
723,4000,20944203,1
724,4000,24183207,1
725,4000,29685281,0.98
726,4000,27952580,0.99
727,4000,23704539,1
728,4000,13375072,1
729,4000,25083728,1
730,4000,31591934,0.97
731,4000,22770437,1
732,4000,31777300,0.99
733,4000,31965312,0.99
734,4000,29304177,1
735,4000,29004382,1
736,4000,23854886,1
737,4000,23073847,1
738,4000,30744567,0.98
739,4000,14767645,1
740,4000,26674259,1
741,4000,30906926,0.99
742,4000,31433931,0.99
743,4000,31091757,1
744,4000,30339170,1
745,4000,28744581,1
746,4000,26468800,1
747,4000,29899904,1
748,4000,24394578,1
749,4000,27155143,1
750,4000,31831523,1
751,4000,27099566,1
752,4000,29356566,1
753,4000,26683034,1
754,4000,29777185,1
755,4000,30497484,1
756,4000,30365721,1
757,4000,29807754,1
758,4000,30276114,0.99
759,4000,26744762,1
760,4000,24002833,1
761,4000,26919661,1
762,4000,18744867,1
763,4000,28049276,1
764,4000,30422886,1
765,4000,30558799,1
766,4000,22744010,1
767,4000,33461402,0.99
768,4000,27267287,1
769,4000,30540973,1
770,4000,28695847,0.99
771,4000,32161035,1
772,4000,34892961,1
773,4000,28089794,1
774,4000,29317731,1
775,4000,35307297,1
776,4000,33581498,0.99
777,4000,32667589,1
778,4000,24634741,1
779,4000,18449484,0.99
780,4000,26868071,1
781,4000,26441395,1
782,4000,29104964,1
783,4000,27541488,1
784,4000,25182518,1
785,4000,23819430,1
786,4000,30621440,1
787,4000,30763578,1
788,4000,18672783,1
789,4000,29696255,1
790,4000,27210939,1
791,4000,32739467,1
792,4000,26942443,1
793,4000,31251454,1
794,4000,29919787,1
795,4000,28055728,1
796,4000,32503830,1
797,4000,23393124,1
798,4000,21224222,1
799,4000,26718333,1
800,4000,25801042,1
801,4000,33134609,0.96
802,4000,29654293,1
803,4000,21686477,1
804,4000,31470782,1
805,4000,28346918,1
806,4000,28130168,1
807,4000,30177164,1
808,4000,29755706,1
809,4000,20524990,1
810,4000,20800112,1
811,4000,28977140,1
812,4000,29883926,1
813,4000,26997469,1
814,4000,31723082,0.99
815,4000,30530236,0.99
816,4000,31098310,1
817,4000,18994563,1
818,4000,26880613,1
819,4000,21789057,1
820,4000,17225059,1
821,4000,18645562,1
822,4000,15131548,1
823,4000,25337057,0.98
824,4000,27175571,1
825,4000,28163799,1
826,4000,23449349,1
827,4000,28104062,1
828,4000,24886845,1
829,4000,29730550,1
830,4000,22628313,1
831,4000,22964570,1
832,4000,36488914,1
833,4000,33680305,1
834,4000,31346125,1
835,4000,23716597,1
836,4000,28142009,1
837,4000,32921455,1
838,4000,33566026,0.96
839,4000,31713835,1
840,4000,19101948,1
841,4000,34981147,0.99
842,4000,29414935,1
843,4000,18391886,1
844,4000,30165294,1
845,4000,27889116,1
846,4000,18177672,1
847,4000,30147936,1
848,4000,24423190,1
849,4000,27299338,1
850,4000,27801259,1
851,4000,22461311,1
852,4000,29000045,1
853,4000,27961028,1
854,4000,27260382,1
855,4000,32756808,1
856,4000,17623039,1
857,4000,26443632,1
858,4000,24962671,1
859,4000,25182726,1
860,4000,14083036,1
861,4000,27610842,1
862,4000,28770452,1
863,4000,29602362,1
864,4000,27059680,1
865,4000,30408743,1
866,4000,26998824,1
867,4000,25631648,1
868,4000,27284087,0.99
869,4000,25917192,1
870,4000,28594838,1
871,4000,27761886,1
872,4000,30361915,1
873,4000,33055316,1
874,4000,23169992,1
875,4000,32849644,0.98
876,4000,29986592,1
877,4000,31165056,1
878,4000,29869520,0.98
879,4000,33344785,1
880,4000,23895841,1
881,4000,31989717,0.99
882,4000,32231332,1
883,4000,29348435,1
884,4000,28548350,1
885,4000,28392997,1
886,4000,23873569,1
887,4000,30708445,1
888,4000,27913627,1
889,4000,36344068,1
890,4000,37281617,1
891,4000,36096256,1
892,4000,37073564,0.99
893,4000,34170951,1
894,4000,32040219,1
895,4000,30922618,1
896,4000,30718487,0.99
897,4000,31745923,1
898,4000,33927322,0.99
899,4000,31969906,0.98
900,4000,32165251,1
901,4000,21175450,1
902,4000,24623480,1
903,4000,22083365,1
904,4000,25872199,1
905,4000,19047112,1
906,4000,28429812,0.98
907,4000,25500138,1
908,4000,23416259,1
909,4000,30790307,0.99
910,4000,25476962,1
911,4000,19978317,1
912,4000,24564979,1
913,4000,18561505,1
914,4000,29964426,1
915,4000,30627034,1
916,4000,29600442,0.99
917,4000,27247282,1
918,4000,23432179,1
919,4000,28218729,1
920,4000,23815230,1
921,4000,25659037,1
922,4000,21089942,1
923,4000,25368324,1
924,4000,28318645,1
925,4000,22313469,1
926,4000,18331757,1
927,4000,20799397,1
928,4000,21382740,1
929,4000,23237605,1
930,4000,26770225,1
931,4000,20158173,1
932,4000,20719651,1
933,4000,29018346,1
934,4000,25980144,1
935,4000,28011826,1
936,4000,26056663,1
937,4000,32520653,1
938,4000,27507723,1
939,4000,27766730,1
940,4000,25113587,1
941,4000,24383277,1
942,4000,24312502,1
943,4000,32138510,1
944,4000,29659171,0.99
945,4000,26948539,0.99
946,4000,24512963,1
947,4000,31295774,1
948,4000,29093211,1
949,4000,36477577,1
950,4000,38903748,0.99
951,4000,35381650,1
952,4000,30518979,1
953,4000,34142125,1
954,4000,31855512,1
955,4000,32906259,1
956,4000,30768651,1
957,4000,27306095,1
958,4000,12261930,1
959,4000,30128078,0.99
960,4000,23566211,1
961,4000,18567940,1
962,4000,16145243,1
963,4000,34055983,0.99
964,4000,21605761,0.98
965,4000,29325986,1
966,4000,15848874,1
967,4000,26540035,0.98
968,4000,16233815,1
969,4000,26748955,0.98
970,4000,30399611,0.99
971,4000,35103581,1
972,4000,30744936,0.99
973,4000,28352891,1
974,4000,15027375,1
975,4000,31504780,1
976,4000,32936395,0.99
977,4000,17362558,1
978,4000,25793124,0.89
979,4000,12456931,1
980,4000,20508032,0.99
981,4000,24420355,1
982,4000,17721203,1
983,4000,16972257,1
984,4000,27634337,0.98
985,4000,25644320,0.99
986,4000,25067853,1
987,4000,18847598,1
988,4000,25052706,1
989,4000,20319115,1
990,4000,27761296,1
991,4000,30734879,1
992,4000,29424945,1
993,4000,30761388,0.98
994,4000,20035237,1
995,4000,30348057,0.98
996,4000,28207070,1
997,4000,28072644,1
998,4000,25205984,1
999,4000,11988615,1
0,4400,22510304,1
1,4400,28229304,1
2,4400,19238271,1
3,4400,29090299,1
4,4400,31371396,0.99
5,4400,23479293,1
6,4400,30018447,0.99
7,4400,32081617,1
8,4400,23956974,1
9,4400,26862844,1
10,4400,13777350,1
11,4400,12972402,1
12,4400,27568376,1
13,4400,26328380,0.97
14,4400,30734874,1
15,4400,24859181,1
16,4400,11859503,1
17,4400,26920563,1
18,4400,32801138,1
19,4400,20144353,1
20,4400,29829402,1
21,4400,33569626,1
22,4400,30729383,1
23,4400,31343104,0.99
24,4400,23741485,1
25,4400,32843332,0.99
26,4400,32764806,1
27,4400,33009003,0.99
28,4400,28978988,1
29,4400,22651192,1
30,4400,23578896,0.99
31,4400,31392591,1
32,4400,30628255,1
33,4400,22862575,1
34,4400,20197510,1
35,4400,25561083,1
36,4400,18531155,1
37,4400,28272269,1
38,4400,20200560,0.99
39,4400,28777059,0.99
40,4400,16575138,1
41,4400,31056998,0.99
42,4400,23991285,1
43,4400,24322240,1
44,4400,21372386,1
45,4400,23895819,1
46,4400,22818596,1
47,4400,22696353,1
48,4400,30060913,1
49,4400,28501290,1
50,4400,25590802,1
51,4400,27032933,1
52,4400,27034403,1
53,4400,27474650,1
54,4400,18728665,1
55,4400,23567481,1
56,4400,23773578,1
57,4400,24013576,1
58,4400,22381073,1
59,4400,29663170,1
60,4400,31468741,0.99
61,4400,32300172,0.99
62,4400,35230773,0.99
63,4400,31735030,1
64,4400,27782475,1
65,4400,28895762,1
66,4400,21879913,1
67,4400,30295466,1
68,4400,33316197,0.98
69,4400,30242649,1
70,4400,27137151,1
71,4400,28484697,1
72,4400,32414312,0.99
73,4400,24918983,1
74,4400,25513239,1
75,4400,24416953,1
76,4400,25406958,1
77,4400,29254207,1
78,4400,26935651,1
79,4400,35042568,0.99
80,4400,29685394,1
81,4400,31240157,1
82,4400,27328111,1
83,4400,27495445,1
84,4400,25655508,1
85,4400,29383956,1
86,4400,29635722,1
87,4400,24810720,1
88,4400,25665375,1
89,4400,26226896,0.99
90,4400,24212460,1
91,4400,23314369,1
92,4400,24249462,1
93,4400,33310753,1
94,4400,27387310,1
95,4400,32474623,1
96,4400,19732450,1
97,4400,17029662,1
98,4400,24845465,1
99,4400,34541562,1
100,4400,26659004,1
101,4400,31205220,1
102,4400,30443893,0.99
103,4400,28359036,1
104,4400,32201897,1
105,4400,31674985,1
106,4400,29932169,0.98
107,4400,15394481,1
108,4400,29056148,1
109,4400,20075091,1
110,4400,18505797,1
111,4400,24201131,1
112,4400,25407991,1
113,4400,25304882,1
114,4400,30892612,1
115,4400,28087408,0.99
116,4400,26668390,1
117,4400,26149135,1
118,4400,22779842,1
119,4400,28771334,1
120,4400,27102017,1
121,4400,31616682,1
122,4400,23864286,1
123,4400,30596067,1
124,4400,32420578,1
125,4400,31547405,1
126,4400,26676392,1
127,4400,31017904,1
128,4400,26173134,1
129,4400,19858026,1
130,4400,31415641,0.99
131,4400,34218492,1
132,4400,28510758,1
133,4400,32105427,1
134,4400,23941303,0.99
135,4400,31963310,1
136,4400,30189753,1
137,4400,28405849,1
138,4400,27768176,1
139,4400,29366941,1
140,4400,30647267,1
141,4400,27417639,1
142,4400,29512158,1
143,4400,35745330,1
144,4400,36302132,1
145,4400,32885303,1
146,4400,28355053,1
147,4400,17583057,1
148,4400,30167043,1
149,4400,20538509,1
150,4400,28988349,0.99
151,4400,12721618,1
152,4400,24003857,1
153,4400,19592364,1
154,4400,32136920,1
155,4400,19354778,1
156,4400,29691723,1
157,4400,25104844,1
158,4400,20464564,1
159,4400,29282006,0.99
160,4400,13976039,1
161,4400,17966536,1
162,4400,25643839,1
163,4400,24820338,1
164,4400,24230473,1
165,4400,28197293,1
166,4400,33952066,1
167,4400,26200152,0.96
168,4400,29558270,1
169,4400,29944405,1
170,4400,32830868,1
171,4400,31181852,1
172,4400,33130264,1
173,4400,24750821,1
174,4400,24543719,1
175,4400,13117565,1
176,4400,28203175,1
177,4400,26678802,1
178,4400,19518606,1
179,4400,24324372,1
180,4400,31476384,1
181,4400,33841858,1
182,4400,24480069,1
183,4400,36406720,1
184,4400,34298691,0.99
185,4400,33416868,0.98
186,4400,32067583,0.99
187,4400,30516085,0.99
188,4400,26684867,1
189,4400,19491421,1
190,4400,15977359,1
191,4400,32161887,1
192,4400,27579147,1
193,4400,36084312,1
194,4400,17294695,1
195,4400,35462339,1
196,4400,29728455,1
197,4400,29783818,0.99
198,4400,33103996,0.99
199,4400,30729834,1
200,4400,31092808,0.98
201,4400,30026433,1
202,4400,32503590,1
203,4400,25906747,1
204,4400,22924059,1
205,4400,20594722,0.99
206,4400,32544726,0.98
207,4400,34019360,0.98
208,4400,33511048,1
209,4400,31637258,1
210,4400,34590515,1
211,4400,34385126,0.99
212,4400,27839183,1
213,4400,32552345,1
214,4400,27947304,1
215,4400,33268406,0.97
216,4400,33593569,0.99
217,4400,27919858,1
218,4400,31473272,1
219,4400,32706453,1
220,4400,30318384,1
221,4400,29457387,1
222,4400,34812666,1
223,4400,34411289,0.99
224,4400,28774357,1
225,4400,31628748,0.99
226,4400,26252153,1
227,4400,34505515,1
228,4400,32463220,1
229,4400,34569279,1
230,4400,33488311,1
231,4400,31546713,1
232,4400,31513704,1
233,4400,24306728,1
234,4400,31548428,1
235,4400,25075381,0.99
236,4400,33439236,1
237,4400,34346973,0.99
238,4400,29832833,1
239,4400,33183945,1
240,4400,29855258,1
241,4400,31972424,1
242,4400,34643670,1
243,4400,31792787,0.99
244,4400,31535324,1
245,4400,33118048,1
246,4400,33096327,0.99
247,4400,31598283,1
248,4400,33905616,0.98
249,4400,28293991,0.98
250,4400,29114589,1
251,4400,33070186,1
252,4400,31880610,1
253,4400,32339167,1
254,4400,31704915,1
255,4400,29078845,0.99
256,4400,31639805,0.98
257,4400,32249367,1
258,4400,31069524,0.99
259,4400,34405438,1
260,4400,31481020,0.98
261,4400,33459699,1
262,4400,33430937,1
263,4400,26122034,1
264,4400,31735327,1
265,4400,34090685,1
266,4400,27528696,1
267,4400,32173390,0.99
268,4400,29683617,1
269,4400,35432324,1
270,4400,30838191,1
271,4400,31794661,0.99
272,4400,32840494,0.99
273,4400,24711241,1
274,4400,22755776,1
275,4400,31146366,1
276,4400,28544718,1
277,4400,31374828,1
278,4400,28693744,1
279,4400,22442144,1
280,4400,21877867,1
281,4400,13412153,1
282,4400,28963972,1
283,4400,30159488,1
284,4400,24994917,1
285,4400,29228988,0.98
286,4400,20778989,1
287,4400,22067682,1
288,4400,31310602,1
289,4400,28442073,1
290,4400,32779760,0.96
291,4400,26515612,1
292,4400,29619473,1
293,4400,27681590,1
294,4400,29480371,1
295,4400,35039122,0.99
296,4400,31562628,0.98
297,4400,26754486,1
298,4400,31298740,1
299,4400,31356408,1
300,4400,28689126,1
301,4400,27853303,1
302,4400,32793396,0.96
303,4400,26475907,1
304,4400,28827907,1
305,4400,30517405,1
306,4400,31437021,0.99
307,4400,27925908,1
308,4400,29261832,1
309,4400,26419684,1
310,4400,29173479,1
311,4400,32361660,1
312,4400,28659743,1
313,4400,27213839,1
314,4400,29518341,1
315,4400,29035561,1
316,4400,27104407,1
317,4400,30508737,1
318,4400,28202482,1
319,4400,28572542,1
320,4400,31022607,1
321,4400,31965535,1
322,4400,27465972,1
323,4400,31737261,1
324,4400,25637283,1
325,4400,27310049,1
326,4400,28797692,1
327,4400,30172201,1
328,4400,25839274,1
329,4400,30756670,0.97
330,4400,33250919,0.99
331,4400,21145913,1
332,4400,13474005,1
333,4400,18318355,1
334,4400,31203825,0.99
335,4400,10130169,1
336,4400,19804427,1
337,4400,27529866,1
338,4400,12932741,1
339,4400,29642800,1
340,4400,25824047,1
341,4400,18686137,1
342,4400,23735368,1
343,4400,34091815,1
344,4400,29738229,1
345,4400,22947671,1
346,4400,31172803,1
347,4400,28425574,0.95
348,4400,27805207,1
349,4400,17190262,1
350,4400,27809770,0.99
351,4400,31753897,0.95
352,4400,15135275,0.98
353,4400,19895115,0.99
354,4400,26640136,1
355,4400,18840432,1
356,4400,21873164,1
357,4400,27782828,1
358,4400,23037336,0.99
359,4400,19816405,1
360,4400,16843239,1
361,4400,31941694,1
362,4400,15760972,1
363,4400,18914776,0.99
364,4400,30893509,1
365,4400,13815225,1
366,4400,20176641,1
367,4400,15240192,1
368,4400,21735968,1
369,4400,30807571,1
370,4400,16846849,0.99
371,4400,24721097,1
372,4400,27274092,1
373,4400,14122030,1
374,4400,29764955,0.99
375,4400,30779052,0.98
376,4400,14472361,1
377,4400,24431102,1
378,4400,21688368,1
379,4400,23176816,1
380,4400,24008131,1
381,4400,29611456,1
382,4400,31201197,1
383,4400,30194803,0.98
384,4400,27951594,0.98
385,4400,31228685,1
386,4400,14733169,1
387,4400,20278059,1
388,4400,29141300,1
389,4400,20387641,1
390,4400,34334125,1
391,4400,28502420,1
392,4400,29283778,1
393,4400,31901842,0.98
394,4400,32198182,1
395,4400,31939086,1
396,4400,28969316,1
397,4400,27597260,0.98
398,4400,33473922,0.98
399,4400,32239272,1
400,4400,29379538,0.99
401,4400,33982858,1
402,4400,23433788,1
403,4400,33835095,1
404,4400,31342951,1
405,4400,26964105,1
406,4400,34423435,1
407,4400,26785451,1
408,4400,34468938,0.98
409,4400,32050619,1
410,4400,35298519,0.99
411,4400,31902126,1
412,4400,32610844,0.99
413,4400,35796961,1
414,4400,31882981,1
415,4400,28875261,1
416,4400,32512623,0.99
417,4400,34219901,0.99
418,4400,33221766,1
419,4400,33125325,1
420,4400,33646987,0.96
421,4400,25215734,1
422,4400,36230069,1
423,4400,42916952,1
424,4400,28569078,1
425,4400,38724978,1
426,4400,30686474,1
427,4400,32056551,1
428,4400,31366586,1
429,4400,29442534,1
430,4400,37002387,0.99
431,4400,35393377,1
432,4400,35443519,0.98
433,4400,21169624,0.99
434,4400,28153930,1
435,4400,28614870,0.99
436,4400,27781076,1
437,4400,20043998,1
438,4400,32136375,1
439,4400,28190426,1
440,4400,34517819,1
441,4400,29678059,0.99
442,4400,30775493,0.98
443,4400,31292761,1
444,4400,29324773,1
445,4400,33657094,1
446,4400,28463289,1
447,4400,28487591,1
448,4400,34353698,0.99
449,4400,27487436,1
450,4400,23069382,1
451,4400,22335265,1
452,4400,27206606,1
453,4400,24388395,1
454,4400,31440092,1
455,4400,27418334,1
456,4400,31735385,1
457,4400,35494490,1
458,4400,25398878,1
459,4400,30342669,1
460,4400,21637748,1
461,4400,24273333,1
462,4400,33418529,1
463,4400,33634776,1
464,4400,24772959,1
465,4400,32886984,1
466,4400,17040374,1
467,4400,32062657,0.99
468,4400,31179246,1
469,4400,20375985,1
470,4400,26567800,1
471,4400,28942081,1
472,4400,24523442,1
473,4400,31029408,1
474,4400,28496321,1
475,4400,26251623,1
476,4400,32910756,1
477,4400,33443200,0.98
478,4400,32907303,1
479,4400,29319138,0.99
480,4400,22360520,1
481,4400,22278509,1
482,4400,31802588,1
483,4400,36455183,1
484,4400,20945301,1
485,4400,14275021,1
486,4400,12906982,1
487,4400,40134995,0.96
488,4400,40386411,0.99
489,4400,34269099,1
490,4400,34600562,1
491,4400,37198513,1
492,4400,36209720,1
493,4400,37489745,0.99
494,4400,34199534,0.99
495,4400,29474075,1
496,4400,13563636,1
497,4400,20350814,1
498,4400,34203198,0.98
499,4400,31498862,1
500,4400,8690383,1
501,4400,25746157,1
502,4400,27242056,1
503,4400,29602855,0.99
504,4400,29430907,1
505,4400,30647508,1
506,4400,33432487,1
507,4400,27521638,1
508,4400,21641308,1
509,4400,19510355,1
510,4400,28958304,0.98
511,4400,33817894,0.99
512,4400,22835048,1
513,4400,23581206,0.99
514,4400,27791416,1
515,4400,32283382,1
516,4400,10762056,1
517,4400,11803709,1
518,4400,28844568,1
519,4400,28463389,0.97
520,4400,31045380,1
521,4400,14025242,1
522,4400,31854384,1
523,4400,30902145,1
524,4400,31198122,0.99
525,4400,32663683,0.99
526,4400,33158357,1
527,4400,33051107,1
528,4400,29769742,1
529,4400,35504757,0.99
530,4400,26060784,1
531,4400,22248038,1
532,4400,13953917,1
533,4400,29253465,1
534,4400,30316090,1
535,4400,32596388,0.97
536,4400,17802142,1
537,4400,32692638,1
538,4400,26726772,1
539,4400,30837694,1
540,4400,32189803,1
541,4400,26190466,1
542,4400,32002830,1
543,4400,32722003,1
544,4400,26374200,1
545,4400,27478891,1
546,4400,34477342,1
547,4400,29962255,1
548,4400,29907146,1
549,4400,43495550,0.99
550,4400,33329462,1
551,4400,29854647,1
552,4400,37546855,0.99
553,4400,30818869,1
554,4400,31275792,1
555,4400,30838365,1
556,4400,21212949,1
557,4400,37845747,1
558,4400,37969074,1
559,4400,27110275,1
560,4400,31127270,1
561,4400,32814811,1
562,4400,35402583,1
563,4400,31813537,1
564,4400,33968524,0.99
565,4400,26566916,1
566,4400,27322128,1
567,4400,31552935,1
568,4400,19165295,1
569,4400,34553467,1
570,4400,27850700,1
571,4400,18069529,1
572,4400,28721900,1
573,4400,16321736,1
574,4400,26763453,1
575,4400,32214670,1
576,4400,32939237,0.99
577,4400,36289259,0.98
578,4400,32333855,1
579,4400,26567850,1
580,4400,8269544,1
581,4400,32597694,1
582,4400,33297393,0.94
583,4400,32173647,0.96
584,4400,34319260,1
585,4400,33319757,0.98
586,4400,32556279,1
587,4400,28584075,1
588,4400,29028620,1
589,4400,29865795,0.98
590,4400,26117484,1
591,4400,27581774,1
592,4400,25003279,1
593,4400,34079416,1
594,4400,34107120,1
595,4400,28570298,1
596,4400,30617831,1
597,4400,26711376,1
598,4400,28021419,1
599,4400,32160427,0.99
600,4400,34252503,0.98
601,4400,28256446,1
602,4400,31575858,1
603,4400,26494983,1
604,4400,30812249,1
605,4400,16502495,1
606,4400,33186870,0.99
607,4400,24056248,1
608,4400,29354340,1
609,4400,28752921,1
610,4400,36653383,1
611,4400,30910888,1
612,4400,33075433,1
613,4400,31194369,1
614,4400,40993956,1
615,4400,30900411,1
616,4400,35522480,1
617,4400,36755229,1
618,4400,37354033,1
619,4400,34540561,1
620,4400,32277708,1
621,4400,21665936,1
622,4400,27408243,1
623,4400,27291847,1
624,4400,28483408,1
625,4400,32894574,1
626,4400,26315876,1
627,4400,32698693,1
628,4400,35029102,1
629,4400,27225618,1
630,4400,32234446,1
631,4400,33781711,1
632,4400,34743101,1
633,4400,27914288,0.99
634,4400,34233700,0.98
635,4400,36017545,1
636,4400,26309294,1
637,4400,34639030,1
638,4400,28774131,1
639,4400,21802578,1
640,4400,32999620,1
641,4400,29080857,1
642,4400,29597063,0.99
643,4400,33486093,0.99
644,4400,23878246,1
645,4400,26080953,0.99
646,4400,29845862,1
647,4400,25606876,1
648,4400,30034347,1
649,4400,26897109,0.99
650,4400,33508463,1
651,4400,29509280,0.98
652,4400,30304725,0.99
653,4400,29277490,0.99
654,4400,29575191,0.98
655,4400,32388278,0.98
656,4400,28082702,1
657,4400,30287338,0.99
658,4400,28848504,1
659,4400,30625124,1
660,4400,31612343,1
661,4400,25960523,1
662,4400,34030793,0.99
663,4400,19398050,1
664,4400,24670240,1
665,4400,32336085,1
666,4400,34013533,1
667,4400,18905892,1
668,4400,20467044,1
669,4400,32244680,1
670,4400,25154634,1
671,4400,29379635,1
672,4400,37635989,0.98
673,4400,31084730,1
674,4400,24522655,1
675,4400,31522695,1
676,4400,39332520,1
677,4400,29527680,1
678,4400,37504484,1
679,4400,34233752,1
680,4400,31739494,0.99
681,4400,36177037,1
682,4400,34763090,0.99
683,4400,23774900,1
684,4400,25622709,0.98
685,4400,29332142,1
686,4400,28026101,1
687,4400,30854655,1
688,4400,34963680,1
689,4400,26569742,1
690,4400,29122681,1
691,4400,33419090,1
692,4400,31179666,1
693,4400,32790857,1
694,4400,31239256,1
695,4400,31363920,1
696,4400,25170106,1
697,4400,34647518,1
698,4400,32310674,1
699,4400,28703186,1
700,4400,35034693,0.98
701,4400,32420302,1
702,4400,35114779,0.99
703,4400,27161744,1
704,4400,31251238,1
705,4400,34140704,0.99
706,4400,33836863,1
707,4400,34451953,1
708,4400,33733018,0.98
709,4400,26782165,1
710,4400,32803497,1
711,4400,30563111,1
712,4400,33838288,1
713,4400,25750661,1
714,4400,31786510,1
715,4400,32814080,0.96
716,4400,31952916,1
717,4400,30574367,1
718,4400,23654884,1
719,4400,30496253,1
720,4400,30497063,1
721,4400,30016625,1
722,4400,24026158,1
723,4400,20347349,1
724,4400,25003247,1
725,4400,28801459,0.98
726,4400,27986246,0.99
727,4400,24859290,1
728,4400,13226040,1
729,4400,24792463,1
730,4400,32181573,0.97
731,4400,28023667,1
732,4400,41557966,0.99
733,4400,37349867,1
734,4400,36033927,1
735,4400,34621116,1
736,4400,28814028,1
737,4400,27769354,1
738,4400,35017568,0.98
739,4400,17400503,1
740,4400,29981147,1
741,4400,34676623,1
742,4400,35570986,0.99
743,4400,34583648,1
744,4400,33400304,1
745,4400,31723229,1
746,4400,29434627,1
747,4400,33186396,1
748,4400,26880652,1
749,4400,29930918,1
750,4400,34886119,1
751,4400,29886093,1
752,4400,32264253,1
753,4400,29205123,1
754,4400,32524143,1
755,4400,33495019,0.99
756,4400,33737818,1
757,4400,33211339,1
758,4400,32975762,0.99
759,4400,29454037,1
760,4400,26192688,1
761,4400,30272121,1
762,4400,20442315,1
763,4400,30582021,1
764,4400,33201078,1
765,4400,33319171,1
766,4400,24514776,1
767,4400,36561141,0.99
768,4400,29529274,1
769,4400,33510062,1
770,4400,31409043,0.99
771,4400,34917892,1
772,4400,30560563,1
773,4400,25099170,1
774,4400,26784682,1
775,4400,33094742,1
776,4400,32663238,1
777,4400,31409348,1
778,4400,25450741,1
779,4400,17617634,0.99
780,4400,25973416,1
781,4400,27222059,1
782,4400,30241459,1
783,4400,28495916,1
784,4400,26689123,1
785,4400,24878373,1
786,4400,32078836,1
787,4400,31786887,1
788,4400,19219657,1
789,4400,28666765,1
790,4400,29092569,1
791,4400,39262529,1
792,4400,34706490,1
793,4400,38822542,1
794,4400,35571156,1
795,4400,32709869,1
796,4400,37179866,1
797,4400,27044106,1
798,4400,24779605,1
799,4400,30207370,1
800,4400,29383787,1
801,4400,37240057,0.97
802,4400,34024782,1
803,4400,24410268,1
804,4400,35035408,1
805,4400,31249174,1
806,4400,31099986,1
807,4400,33632284,1
808,4400,33046844,1
809,4400,22797605,1
810,4400,23519061,1
811,4400,31963282,1
812,4400,33031956,1
813,4400,29960636,1
814,4400,34672216,0.99
815,4400,33433228,1
816,4400,34327265,1
817,4400,20957558,1
818,4400,30180413,1
819,4400,24298099,1
820,4400,19162146,1
821,4400,20730760,1
822,4400,16674820,1
823,4400,27820595,0.98
824,4400,29783356,1
825,4400,30525503,1
826,4400,26137533,1
827,4400,30747223,1
828,4400,27253887,1
829,4400,32554722,1
830,4400,24730633,1
831,4400,24955238,1
832,4400,30027621,1
833,4400,30562425,1
834,4400,28989880,1
835,4400,22676929,1
836,4400,29280522,1
837,4400,34495779,1
838,4400,34051241,0.97
839,4400,31336469,1
840,4400,18112063,0.99
841,4400,34782982,1
842,4400,28207553,1
843,4400,18042672,1
844,4400,30253144,1
845,4400,28361811,1
846,4400,18318820,1
847,4400,31643314,1
848,4400,25221850,1
849,4400,28947428,1
850,4400,28643551,1
851,4400,23402120,1
852,4400,31021085,1
853,4400,29132953,1
854,4400,33664930,1
855,4400,42462007,1
856,4400,20921117,1
857,4400,32824624,1
858,4400,31113891,1
859,4400,30006589,1
860,4400,16169470,1
861,4400,33237479,1
862,4400,32623397,1
863,4400,35677677,1
864,4400,29177442,1
865,4400,34684630,1
866,4400,31273349,1
867,4400,28285396,1
868,4400,31490447,0.99
869,4400,28872622,1
870,4400,32003124,1
871,4400,30668662,1
872,4400,33856462,1
873,4400,36679635,1
874,4400,25666741,1
875,4400,36605114,0.98
876,4400,32860713,1
877,4400,34178667,1
878,4400,32868128,0.98
879,4400,36566721,1
880,4400,26219252,1
881,4400,34730414,0.99
882,4400,35078442,1
883,4400,31771909,1
884,4400,30893985,1
885,4400,31105351,1
886,4400,26269963,1
887,4400,33476648,1
888,4400,30421602,1
889,4400,33229538,1
890,4400,33634425,1
891,4400,33210957,1
892,4400,35275656,0.99
893,4400,32881538,1
894,4400,32171143,1
895,4400,30706073,1
896,4400,31043483,0.99
897,4400,31379857,1
898,4400,35137550,0.99
899,4400,33117366,0.98
900,4400,33144465,1
901,4400,20835924,1
902,4400,24367097,1
903,4400,22574723,1
904,4400,26417769,1
905,4400,20072834,1
906,4400,29785953,1
907,4400,26661018,1
908,4400,24275295,1
909,4400,32714295,0.99
910,4400,27156347,1
911,4400,21428650,1
912,4400,25912886,1
913,4400,19274622,1
914,4400,37560761,1
915,4400,39823228,1
916,4400,34955250,1
917,4400,33474138,1
918,4400,28659411,1
919,4400,33134496,1
920,4400,27608509,1
921,4400,29555259,1
922,4400,23478816,1
923,4400,28206039,1
924,4400,32702654,1
925,4400,24657310,1
926,4400,20046491,1
927,4400,24155901,1
928,4400,25362211,1
929,4400,25917304,1
930,4400,29736289,1
931,4400,22819642,1
932,4400,23452314,1
933,4400,32228160,1
934,4400,28608247,1
935,4400,31339822,1
936,4400,29227776,1
937,4400,36685029,1
938,4400,30544460,1
939,4400,30507956,1
940,4400,27128924,1
941,4400,26472003,1
942,4400,26346551,1
943,4400,36227974,1
944,4400,32522013,0.99
945,4400,29516553,1
946,4400,27056547,1
947,4400,34296962,1
948,4400,31702633,1
949,4400,29790388,1
950,4400,35097212,0.99
951,4400,33414856,1
952,4400,29599150,1
953,4400,33687684,1
954,4400,31473140,1
955,4400,33954222,1
956,4400,30517207,1
957,4400,26277958,1
958,4400,12340616,1
959,4400,30940368,1
960,4400,23562443,1
961,4400,17847970,1
962,4400,17413694,1
963,4400,35297249,0.99
964,4400,22311216,0.98
965,4400,30306708,1
966,4400,17173220,1
967,4400,27556863,0.98
968,4400,17702818,1
969,4400,28251520,0.98
970,4400,31477614,0.99
971,4400,35042234,1
972,4400,30219038,1
973,4400,29344552,1
974,4400,16425695,1
975,4400,33491116,1
976,4400,34736776,0.99
977,4400,18777516,1
978,4400,31525521,0.9
979,4400,14828020,1
980,4400,25069642,0.99
981,4400,31295456,1
982,4400,22302269,1
983,4400,19874526,1
984,4400,34646621,0.98
985,4400,31162968,0.99
986,4400,29784859,1
987,4400,21173678,1
988,4400,30851233,1
989,4400,23210006,1
990,4400,32602802,1
991,4400,36313303,1
992,4400,34524282,1
993,4400,35434770,0.98
994,4400,22271086,1
995,4400,34202841,0.98
996,4400,32391462,1
997,4400,31370071,1
998,4400,27697944,1
999,4400,12964917,1
0,4800,23917799,1
1,4800,30895858,1
2,4800,20415042,1
3,4800,31207513,1
4,4800,33773724,0.99
5,4800,25219198,1
6,4800,32211862,0.99
7,4800,34141996,1
8,4800,25766525,1
9,4800,28824097,1
10,4800,14620481,1
11,4800,13807302,1
12,4800,29635656,1
13,4800,28276260,0.97
14,4800,32956546,1
15,4800,26817267,1
16,4800,12683093,1
17,4800,28998011,1
18,4800,34823210,1
19,4800,21509307,1
20,4800,31865962,1
21,4800,35955754,1
22,4800,32976494,1
23,4800,32616431,0.99
24,4800,25424283,1
25,4800,34821481,0.99
26,4800,34699993,1
27,4800,35394837,0.99
28,4800,31132334,1
29,4800,23220916,1
30,4800,25261076,0.99
31,4800,33569370,1
32,4800,32882098,1
33,4800,24375904,1
34,4800,21789292,1
35,4800,27339097,1
36,4800,19472410,1
37,4800,30402161,1
38,4800,21791345,0.99
39,4800,30942954,1
40,4800,17871554,1
41,4800,33110036,1
42,4800,25860429,1
43,4800,25893336,1
44,4800,23043042,1
45,4800,25640278,1
46,4800,24604309,1
47,4800,24287378,1
48,4800,32234381,1
49,4800,30715888,1
50,4800,27363997,1
51,4800,28917421,1
52,4800,28965248,1
53,4800,29515194,1
54,4800,20147144,1
55,4800,25378833,1
56,4800,25648795,1
57,4800,25837132,1
58,4800,23928742,1
59,4800,31595742,1
60,4800,33738124,0.99
61,4800,34729133,0.99
62,4800,37724305,1
63,4800,34040293,1
64,4800,29620398,1
65,4800,31179520,1
66,4800,24536895,1
67,4800,35177409,1
68,4800,37335826,0.98
69,4800,33301295,1
70,4800,30684431,1
71,4800,31019925,1
72,4800,36296624,0.99
73,4800,27824116,1
74,4800,27754857,1
75,4800,26251921,1
76,4800,27445456,1
77,4800,32312560,1
78,4800,30171725,1
79,4800,38191153,0.99
80,4800,32464743,1
81,4800,33997780,1
82,4800,29609715,1
83,4800,29557463,1
84,4800,28042343,1
85,4800,31750374,1
86,4800,31975881,1
87,4800,26930966,1
88,4800,28133159,1
89,4800,28432125,0.99
90,4800,26549587,1
91,4800,25126129,1
92,4800,26024493,1
93,4800,35827649,1
94,4800,29623441,1
95,4800,34760229,1
96,4800,21450710,1
97,4800,18552590,1
98,4800,26620199,1
99,4800,37099501,1
100,4800,28435325,1
101,4800,33725503,1
102,4800,33123755,0.99
103,4800,30502310,1
104,4800,34734749,1
105,4800,34124721,1
106,4800,31992938,0.98
107,4800,16632231,1
108,4800,31307878,1
109,4800,21529131,1
110,4800,20326241,1
111,4800,26212103,1
112,4800,27477625,0.99
113,4800,27583371,1
114,4800,33210953,1
115,4800,30192895,0.99
116,4800,28998983,1
117,4800,28256001,1
118,4800,24545590,1
119,4800,30845048,1
120,4800,29170090,1
121,4800,33953317,1
122,4800,25756757,1
123,4800,32812316,1
124,4800,34880367,1
125,4800,33869501,1
126,4800,28580529,1
127,4800,33275769,1
128,4800,37656858,1
129,4800,24917547,1
130,4800,43688302,0.99
131,4800,41937122,1
132,4800,37637673,1
133,4800,37792677,1
134,4800,29366835,0.99
135,4800,38204495,1
136,4800,34863070,1
137,4800,32045549,1
138,4800,30880157,1
139,4800,34349171,1
140,4800,34052046,1
141,4800,31053788,1
142,4800,32118271,1
143,4800,37971594,1
144,4800,37388452,1
145,4800,36109820,1
146,4800,31693824,1
147,4800,20518038,1
148,4800,34492571,1
149,4800,23527583,1
150,4800,31504249,0.99
151,4800,14852031,1
152,4800,26137209,1
153,4800,21438616,1
154,4800,35250098,1
155,4800,20840778,1
156,4800,32429361,1
157,4800,27721290,1
158,4800,24219792,1
159,4800,32043685,0.99
160,4800,15167914,1
161,4800,19595121,1
162,4800,28307756,1
163,4800,26848954,1
164,4800,26454670,1
165,4800,30580606,1
166,4800,36748649,1
167,4800,30113502,0.98
168,4800,32007741,1
169,4800,32530607,1
170,4800,35552674,1
171,4800,35605169,1
172,4800,38040030,1
173,4800,26715960,1
174,4800,26408001,1
175,4800,13982392,1
176,4800,30494798,1
177,4800,29763729,1
178,4800,21068103,1
179,4800,26417368,1
180,4800,33938332,1
181,4800,36606942,1
182,4800,26369385,1
183,4800,39345010,1
184,4800,37269668,0.99
185,4800,36119027,0.98
186,4800,34579342,0.99
187,4800,40253789,0.99
188,4800,35074046,1
189,4800,24157224,1
190,4800,18952530,1
191,4800,39879614,1
192,4800,32530350,1
193,4800,45604463,1
194,4800,19175819,1
195,4800,41888382,1
196,4800,33652634,1
197,4800,35583572,0.99
198,4800,39515336,0.99
199,4800,36045667,1
200,4800,34270787,0.98
201,4800,33467964,1
202,4800,36424854,1
203,4800,28821535,1
204,4800,25509304,1
205,4800,22937253,0.99
206,4800,35735437,0.98
207,4800,38164829,0.98
208,4800,37315948,1
209,4800,35133354,1
210,4800,38387641,1
211,4800,37441609,0.99
212,4800,30110557,1
213,4800,35738280,1
214,4800,31349838,1
215,4800,36457531,0.97
216,4800,36656542,0.99
217,4800,30810044,1
218,4800,34823792,1
219,4800,36771762,1
220,4800,32754993,1
221,4800,32256038,1
222,4800,37965986,1
223,4800,37196530,1
224,4800,30939358,1
225,4800,34479059,0.99
226,4800,29770242,1
227,4800,37280025,1
228,4800,34990281,1
229,4800,37318369,1
230,4800,36252156,1
231,4800,34186074,1
232,4800,34332972,1
233,4800,26208083,1
234,4800,34161155,1
235,4800,28546264,0.99
236,4800,36201828,1
237,4800,37105213,0.99
238,4800,32547282,1
239,4800,35523192,1
240,4800,32427064,1
241,4800,44655956,1
242,4800,43645181,1
243,4800,39288546,0.99
244,4800,38761826,1
245,4800,40238568,1
246,4800,39140541,0.99
247,4800,35726153,1
248,4800,38538775,0.98
249,4800,32893539,0.99
250,4800,33476242,1
251,4800,37782170,1
252,4800,35282102,1
253,4800,37698807,1
254,4800,34732548,1
255,4800,32045523,0.99
256,4800,34764769,0.99
257,4800,35555247,1
258,4800,33985679,0.99
259,4800,37812019,1
260,4800,36886825,0.99
261,4800,35952488,1
262,4800,38398233,1
263,4800,28840833,1
264,4800,34842632,1
265,4800,37308064,1
266,4800,30226242,1
267,4800,35280243,0.99
268,4800,32180775,1
269,4800,38915601,1
270,4800,34653824,1
271,4800,35685592,0.99
272,4800,35634275,0.99
273,4800,28969765,1
274,4800,26094522,1
275,4800,33927981,1
276,4800,32575586,1
277,4800,35497210,1
278,4800,31186266,1
279,4800,27380703,1
280,4800,24186401,1
281,4800,16014900,1
282,4800,31229530,1
283,4800,33086197,1
284,4800,27719598,1
285,4800,31998397,0.98
286,4800,23721887,1
287,4800,24044257,1
288,4800,33524498,1
289,4800,30996835,1
290,4800,35735734,0.96
291,4800,28643826,1
292,4800,32616390,1
293,4800,30123894,1
294,4800,32446645,1
295,4800,45097687,0.99
296,4800,42721747,0.99
297,4800,34431611,1
298,4800,39261942,1
299,4800,39145282,1
300,4800,34068509,1
301,4800,33288314,1
302,4800,40085348,0.96
303,4800,30604411,1
304,4800,34281004,1
305,4800,34775850,1
306,4800,34978034,0.99
307,4800,33475684,1
308,4800,33712945,1
309,4800,31522728,1
310,4800,32225554,1
311,4800,36031261,0.99
312,4800,31469994,1
313,4800,31844874,1
314,4800,33497021,1
315,4800,31641603,1
316,4800,30039060,1
317,4800,33416772,1
318,4800,30381568,1
319,4800,31421479,1
320,4800,34479125,1
321,4800,34817646,1
322,4800,29935017,1
323,4800,34496851,1
324,4800,29005891,1
325,4800,30690867,1
326,4800,31771202,1
327,4800,32799087,1
328,4800,29378234,1
329,4800,34326143,0.97
330,4800,35957928,0.99
331,4800,24613036,1
332,4800,15422975,1
333,4800,20125992,1
334,4800,33894643,0.99
335,4800,11640627,1
336,4800,21792173,1
337,4800,30571309,1
338,4800,14073746,1
339,4800,31951228,1
340,4800,28511209,1
341,4800,20306744,1
342,4800,26456930,1
343,4800,36701415,1
344,4800,32259394,1
345,4800,26729148,1
346,4800,33743711,1
347,4800,31614833,0.95
348,4800,30065950,1
349,4800,19571871,1
350,4800,30441618,1
351,4800,34906538,0.95
352,4800,16171130,0.98
353,4800,22959275,0.99
354,4800,27691118,1
355,4800,25648151,1
356,4800,25357497,1
357,4800,33770103,1
358,4800,27971131,0.99
359,4800,23387054,1
360,4800,18609892,1
361,4800,38405724,1
362,4800,17669630,1
363,4800,24925235,0.99
364,4800,36565961,1
365,4800,15172491,1
366,4800,22521625,1
367,4800,16273241,1
368,4800,24137810,1
369,4800,35218332,1
370,4800,17971921,0.99
371,4800,29260546,1
372,4800,30610874,1
373,4800,15416731,1
374,4800,35178035,0.99
375,4800,34724043,0.98
376,4800,15501944,1
377,4800,26853670,1
378,4800,24812758,1
379,4800,25116204,1
380,4800,28292902,1
381,4800,32920103,1
382,4800,34592635,1
383,4800,34311963,0.98
384,4800,32180455,0.98
385,4800,33979591,1
386,4800,15792728,1
387,4800,23973775,1
388,4800,32322672,1
389,4800,22334094,1
390,4800,38022388,1
391,4800,30978999,1
392,4800,31800942,0.99
393,4800,34519293,0.98
394,4800,35168946,1
395,4800,34936497,1
396,4800,32283999,1
397,4800,30752197,0.98
398,4800,36878013,0.98
399,4800,35286820,1
400,4800,31995213,0.99
401,4800,36769185,1
402,4800,26431305,1
403,4800,36321868,1
404,4800,33929096,1
405,4800,29366925,1
406,4800,37178253,1
407,4800,29059128,1
408,4800,36767702,0.98
409,4800,35009603,1
410,4800,38224220,1
411,4800,34239789,1
412,4800,35435147,0.99
413,4800,38997945,1
414,4800,34471832,1
415,4800,31384477,1
416,4800,44124601,0.99
417,4800,43423850,1
418,4800,40490969,1
419,4800,40741225,1
420,4800,38770102,0.97
421,4800,31058355,1
422,4800,33751927,1
423,4800,40413664,1
424,4800,29847477,1
425,4800,37894831,1
426,4800,32322339,1
427,4800,33815825,1
428,4800,32294827,1
429,4800,31114657,1
430,4800,39118711,0.99
431,4800,36176739,1
432,4800,36728241,0.98
433,4800,21777722,0.99
434,4800,30205775,1
435,4800,29356612,0.99
436,4800,29704066,1
437,4800,21159529,1
438,4800,32789444,1
439,4800,29168358,1
440,4800,36849144,1
441,4800,31921532,0.99
442,4800,32801348,0.98
443,4800,33449799,1
444,4800,31141602,1
445,4800,36156038,1
446,4800,30429399,1
447,4800,30396167,1
448,4800,36896882,1
449,4800,29300003,1
450,4800,24245745,1
451,4800,24040195,1
452,4800,29114311,1
453,4800,26002980,1
454,4800,33728894,1
455,4800,29312480,1
456,4800,33939463,1
457,4800,37972461,1
458,4800,27199430,1
459,4800,32871863,1
460,4800,23259400,1
461,4800,26318011,1
462,4800,36128017,1
463,4800,36462177,1
464,4800,26665574,1
465,4800,35421040,1
466,4800,18574807,1
467,4800,34450682,0.99
468,4800,33259474,1
469,4800,21896630,1
470,4800,28643911,1
471,4800,31332356,1
472,4800,26223636,1
473,4800,41509750,1
474,4800,37555824,1
475,4800,32752318,1
476,4800,41625431,1
477,4800,41393016,0.98
478,4800,38697603,1
479,4800,35324389,0.99
480,4800,25788011,1
481,4800,24068009,1
482,4800,37540791,1
483,4800,37080448,1
484,4800,20649124,1
485,4800,14860505,1
486,4800,13746277,1
487,4800,39328531,0.96
488,4800,40257686,0.99
489,4800,33715227,1
490,4800,34017900,1
491,4800,37328976,1
492,4800,36732828,1
493,4800,38746983,0.99
494,4800,35829421,0.99
495,4800,29621123,1
496,4800,13430941,1
497,4800,20734317,1
498,4800,34383794,0.98
499,4800,33178012,1
500,4800,9378059,1
501,4800,26833530,1
502,4800,28204204,1
503,4800,30869161,0.99
504,4800,30670670,1
505,4800,32388469,1
506,4800,35436867,1
507,4800,28897887,1
508,4800,23062125,1
509,4800,20785398,1
510,4800,30455100,0.98
511,4800,36091221,0.99
512,4800,24134515,1
513,4800,24907812,0.99
514,4800,29968400,1
515,4800,34663340,1
516,4800,11540284,1
517,4800,12593017,1
518,4800,31072501,1
519,4800,30371670,0.97
520,4800,33273312,1
521,4800,14893902,1
522,4800,33997934,1
523,4800,33013459,1
524,4800,33184713,0.99
525,4800,34932297,0.99
526,4800,35631118,1
527,4800,35289146,1
528,4800,31932102,1
529,4800,38013480,0.99
530,4800,28052900,1
531,4800,23776767,1
532,4800,15037745,1
533,4800,31276347,1
534,4800,40145597,1
535,4800,41988119,0.97
536,4800,22489488,1
537,4800,40666041,1
538,4800,31953347,1
539,4800,36562814,1
540,4800,39442358,1
541,4800,31322459,1
542,4800,37135423,1
543,4800,37537873,1
544,4800,29980558,1
545,4800,30449009,1
546,4800,38911899,1
547,4800,32681595,1
548,4800,34015298,1
549,4800,38083708,0.99
550,4800,31082039,1
551,4800,27739198,1
552,4800,35711102,0.99
553,4800,31672564,1
554,4800,30987373,1
555,4800,31685614,1
556,4800,20728425,1
557,4800,38050463,1
558,4800,37740013,1
559,4800,27646267,1
560,4800,32311639,1
561,4800,34669693,1
562,4800,37575154,1
563,4800,32905318,1
564,4800,35737864,0.99
565,4800,28222733,1
566,4800,28978466,1
567,4800,33323262,1
568,4800,19957745,1
569,4800,36169517,1
570,4800,29670263,1
571,4800,19246126,1
572,4800,29389689,1
573,4800,17162156,1
574,4800,28456577,1
575,4800,33936104,1
576,4800,35191601,0.99
577,4800,38283082,0.98
578,4800,34395456,1
579,4800,28192953,1
580,4800,8976865,1
581,4800,34795168,1
582,4800,35544756,0.94
583,4800,33833977,0.96
584,4800,36724653,1
585,4800,34981804,0.98
586,4800,34264779,1
587,4800,30498001,1
588,4800,31109707,1
589,4800,31542883,0.98
590,4800,27884551,1
591,4800,37846803,1
592,4800,31418055,1
593,4800,42668923,1
594,4800,40212446,1
595,4800,36565172,1
596,4800,34841983,1
597,4800,32873432,1
598,4800,33100295,1
599,4800,37924708,0.99
600,4800,39600368,0.98
601,4800,32119556,1
602,4800,36562801,1
603,4800,31716809,1
604,4800,34621165,1
605,4800,19536491,1
606,4800,36690664,0.99
607,4800,26846223,1
608,4800,32706247,1
609,4800,32419210,1
610,4800,34677779,1
611,4800,28197931,1
612,4800,30823276,1
613,4800,29909406,1
614,4800,38542424,1
615,4800,30050159,1
616,4800,35254232,1
617,4800,36372761,1
618,4800,36174279,1
619,4800,35903778,1
620,4800,33409775,1
621,4800,20643289,1
622,4800,28264366,1
623,4800,28131435,1
624,4800,30169868,1
625,4800,33325401,1
626,4800,27448696,1
627,4800,34506740,1
628,4800,36584737,1
629,4800,28667645,1
630,4800,32204102,1
631,4800,36099666,1
632,4800,36914677,1
633,4800,29228844,0.99
634,4800,36113417,0.99
635,4800,38177799,1
636,4800,27180936,1
637,4800,36580191,1
638,4800,30361357,1
639,4800,22802846,1
640,4800,35015099,1
641,4800,30385993,1
642,4800,31303869,0.99
643,4800,35802475,0.99
644,4800,25295968,1
645,4800,27819715,0.99
646,4800,31660019,1
647,4800,35755016,1
648,4800,38742901,1
649,4800,31917796,0.99
650,4800,42530832,1
651,4800,36122235,0.98
652,4800,33590392,0.99
653,4800,33317923,0.99
654,4800,32260104,0.98
655,4800,38419166,0.98
656,4800,32374737,1
657,4800,33103524,0.99
658,4800,32779010,1
659,4800,34615997,1
660,4800,35934771,1
661,4800,30735132,1
662,4800,37989143,0.99
663,4800,22568150,1
664,4800,29733576,1
665,4800,36954279,1
666,4800,38008946,1
667,4800,21599241,1
668,4800,22480212,1
669,4800,36315693,1
670,4800,28446391,1
671,4800,24746879,1
672,4800,33177633,0.99
673,4800,29331857,1
674,4800,23081996,1
675,4800,29973961,1
676,4800,37295971,1
677,4800,29164381,1
678,4800,37770402,1
679,4800,35262700,1
680,4800,31409428,0.99
681,4800,36862034,1
682,4800,34945727,0.99
683,4800,24165685,1
684,4800,26642241,0.98
685,4800,30584348,1
686,4800,29398319,1
687,4800,30825231,1
688,4800,36664565,1
689,4800,27968438,1
690,4800,30303903,1
691,4800,34887811,1
692,4800,32973989,1
693,4800,34251617,1
694,4800,33405970,1
695,4800,33427432,1
696,4800,26428272,1
697,4800,36734014,1
698,4800,33773218,1
699,4800,30700524,1
700,4800,36884308,0.99
701,4800,34175852,1
702,4800,37095233,0.99
703,4800,37072000,1
704,4800,40662020,1
705,4800,41481957,0.99
706,4800,41290400,1
707,4800,40583537,1
708,4800,38608396,0.98
709,4800,32100885,1
710,4800,37861398,1
711,4800,34528763,1
712,4800,38045999,1
713,4800,30703409,1
714,4800,35130495,1
715,4800,36501845,0.96
716,4800,36005734,1
717,4800,33330405,1
718,4800,28036672,1
719,4800,34083744,1
720,4800,34236825,1
721,4800,33189660,1
722,4800,26711449,1
723,4800,22908533,1
724,4800,27265197,1
725,4800,31596038,0.98
726,4800,30550701,0.99
727,4800,27131208,1
728,4800,14803744,1
729,4800,27696983,1
730,4800,35423081,0.98
731,4800,26170541,1
732,4800,36251232,1
733,4800,36344150,1
734,4800,33365822,1
735,4800,33290515,1
736,4800,27228331,1
737,4800,26483248,1
738,4800,34805048,0.99
739,4800,16840470,1
740,4800,30476836,1
741,4800,35258047,0.99
742,4800,35893267,0.99
743,4800,35620575,1
744,4800,34969618,1
745,4800,32879444,1
746,4800,30306817,1
747,4800,34480089,1
748,4800,28185271,1
749,4800,31417589,1
750,4800,36432669,1
751,4800,31327982,1
752,4800,33756944,1
753,4800,30660189,1
754,4800,34401913,1
755,4800,34995233,0.99
756,4800,34338510,1
757,4800,34224518,1
758,4800,35039128,0.99
759,4800,41185312,1
760,4800,33108185,1
761,4800,37443039,1
762,4800,24801638,1
763,4800,36830494,1
764,4800,39751958,1
765,4800,38546349,1
766,4800,27410466,1
767,4800,42633854,1
768,4800,33146878,1
769,4800,37255301,1
770,4800,35365596,0.99
771,4800,38666344,1
772,4800,33482822,1
773,4800,27251893,1
774,4800,30319756,1
775,4800,36298785,1
776,4800,35981294,1
777,4800,35061365,1
778,4800,28053768,1
779,4800,19214774,0.99
780,4800,28972619,1
781,4800,29717861,1
782,4800,32841888,1
783,4800,30814335,1
784,4800,28778082,1
785,4800,27255639,1
786,4800,35107268,1
787,4800,34348248,1
788,4800,20781005,1
789,4800,32289723,1
790,4800,31315395,1
791,4800,36745782,1
792,4800,30989362,1
793,4800,35619926,1
794,4800,34038636,1
795,4800,31588078,1
796,4800,36728512,1
797,4800,26668956,1
798,4800,23815483,1
799,4800,30518303,1
800,4800,29835551,1
801,4800,41253444,0.97
802,4800,35968331,1
803,4800,24896230,1
804,4800,36141898,1
805,4800,32631101,1
806,4800,32334807,1
807,4800,33538993,1
808,4800,34486621,1
809,4800,23375621,1
810,4800,23815057,1
811,4800,33435411,1
812,4800,33573543,1
813,4800,31506780,1
814,4800,36419747,0.99
815,4800,45136354,1
816,4800,42810579,1
817,4800,26174660,1
818,4800,36478748,1
819,4800,29530063,1
820,4800,21580749,1
821,4800,23125189,1
822,4800,18471386,1
823,4800,32025911,0.98
824,4800,35537815,1
825,4800,36795625,1
826,4800,30205265,1
827,4800,35438516,1
828,4800,30437146,1
829,4800,36151891,1
830,4800,26890218,1
831,4800,27057773,1
832,4800,33337988,1
833,4800,33668114,1
834,4800,32350992,1
835,4800,24244261,1
836,4800,29805505,1
837,4800,35163603,1
838,4800,37417099,0.97
839,4800,34040327,1
840,4800,20255183,0.99
841,4800,37999379,1
842,4800,31400671,1
843,4800,19815938,1
844,4800,33014659,1
845,4800,30932724,1
846,4800,19612131,1
847,4800,34357234,1
848,4800,27479549,1
849,4800,31408484,1
850,4800,31378347,1
851,4800,25501451,1
852,4800,33474603,1
853,4800,31621939,1
854,4800,30282437,1
855,4800,37307573,1
856,4800,19382472,1
857,4800,30243399,1
858,4800,28573777,1
859,4800,29039591,1
860,4800,16410431,1
861,4800,31414212,1
862,4800,32840367,1
863,4800,33540878,1
864,4800,30145879,1
865,4800,34976191,1
866,4800,31387510,1
867,4800,29636194,1
868,4800,31532225,0.99
869,4800,30160562,1
870,4800,32880030,1
871,4800,31819176,1
872,4800,35034887,1
873,4800,38113089,1
874,4800,29190399,1
875,4800,47680163,0.98
876,4800,42017032,1
877,4800,41350379,1
878,4800,39637764,0.98
879,4800,41679467,1
880,4800,31112322,1
881,4800,38642698,1
882,4800,38436559,1
883,4800,35173191,1
884,4800,34236134,1
885,4800,34732003,1
886,4800,29301146,1
887,4800,37013432,1
888,4800,33414815,1
889,4800,36212259,1
890,4800,37175812,1
891,4800,36300275,1
892,4800,38603625,0.99
893,4800,36118910,1
894,4800,35027575,1
895,4800,34457397,1
896,4800,33924371,0.99
897,4800,33967652,1
898,4800,38176378,0.99
899,4800,35713689,0.98
900,4800,35870975,1
901,4800,23045013,1
902,4800,26920442,1
903,4800,24788646,1
904,4800,28889746,1
905,4800,21641663,1
906,4800,32408794,1
907,4800,28979774,1
908,4800,26401801,1
909,4800,35237031,0.99
910,4800,29260904,1
911,4800,22985344,1
912,4800,27949179,1
913,4800,20953786,1
914,4800,34524912,1
915,4800,34926680,1
916,4800,32478549,1
917,4800,31302103,1
918,4800,27126843,1
919,4800,32731639,1
920,4800,27483871,1
921,4800,29296743,1
922,4800,24562165,1
923,4800,29148770,1
924,4800,32538746,1
925,4800,25910855,1
926,4800,21353637,1
927,4800,24124400,1
928,4800,24793202,1
929,4800,26583499,1
930,4800,30962873,1
931,4800,25747832,1
932,4800,27188375,1
933,4800,37530971,1
934,4800,32356333,1
935,4800,34408775,1
936,4800,32109327,1
937,4800,41061734,1
938,4800,33938610,1
939,4800,33845862,1
940,4800,30221818,1
941,4800,28554848,1
942,4800,28337921,1
943,4800,38662838,1
944,4800,35001585,0.99
945,4800,31967458,1
946,4800,28796584,1
947,4800,36893115,1
948,4800,33963719,1
949,4800,31893387,1
950,4800,37781726,0.99
951,4800,35851652,1
952,4800,31960811,1
953,4800,35334459,1
954,4800,33842539,1
955,4800,36203690,1
956,4800,32668664,1
957,4800,28215778,1
958,4800,12899303,1
959,4800,32920114,1
960,4800,25156957,1
961,4800,19385562,1
962,4800,19028806,1
963,4800,37843683,1
964,4800,24110680,0.98
965,4800,32695148,1
966,4800,18771341,1
967,4800,29787159,0.98
968,4800,19285087,1
969,4800,30313954,0.98
970,4800,33670532,0.99
971,4800,37763770,1
972,4800,32465595,1
973,4800,31446495,1
974,4800,17820956,1
975,4800,36014511,1
976,4800,37365417,0.99
977,4800,20419434,1
978,4800,27845389,0.9
979,4800,13845189,1
980,4800,23145947,0.99
981,4800,27735705,1
982,4800,21014281,1
983,4800,20223235,1
984,4800,30546298,0.98
985,4800,29285328,0.99
986,4800,28694183,1
987,4800,22430599,1
988,4800,29003809,1
989,4800,22868685,1
990,4800,31498568,1
991,4800,35232757,1
992,4800,33635073,1
993,4800,35912405,0.98
994,4800,22719853,1
995,4800,34349358,0.98
996,4800,32459098,1
997,4800,32492342,1
998,4800,29044403,1
999,4800,13559150,1
0,5200,27897919,1
1,5200,35433754,1
2,5200,22842482,1
3,5200,35388925,1
4,5200,38768121,0.99
5,5200,28730135,1
6,5200,37703521,0.99
7,5200,40357050,1
8,5200,28767153,1
9,5200,31626369,1
10,5200,15734645,1
11,5200,14936474,1
12,5200,34170440,1
13,5200,35390893,0.98
14,5200,36354770,1
15,5200,28853826,1
16,5200,13523305,1
17,5200,31497760,1
18,5200,39560931,1
19,5200,23575233,1
20,5200,34408468,1
21,5200,39581488,1
22,5200,37137075,1
23,5200,36022283,0.99
24,5200,27788055,1
25,5200,39280903,0.99
26,5200,38502863,1
27,5200,38838627,0.99
28,5200,33749337,1
29,5200,25456707,1
30,5200,28318686,0.99
31,5200,36388766,1
32,5200,35408844,1
33,5200,27454132,1
34,5200,23617334,1
35,5200,30153426,1
36,5200,22822346,1
37,5200,32770948,1
38,5200,23711878,0.99
39,5200,33331878,1
40,5200,19269543,1
41,5200,35214738,1
42,5200,27800936,1
43,5200,27782259,1
44,5200,24861021,1
45,5200,27410634,1
46,5200,26262835,1
47,5200,26204273,1
48,5200,34843255,1
49,5200,33097936,1
50,5200,29626102,1
51,5200,31188527,1
52,5200,35605191,1
53,5200,39044197,1
54,5200,26549342,1
55,5200,30253845,1
56,5200,32363906,1
57,5200,31776174,1
58,5200,28838132,1
59,5200,41119522,1
60,5200,39714994,0.99
61,5200,41050122,0.99
62,5200,43804014,1
63,5200,39870456,1
64,5200,34988078,1
65,5200,34925993,1
66,5200,28568875,1
67,5200,36572342,1
68,5200,39305571,0.98
69,5200,36514495,1
70,5200,32869177,1
71,5200,33370181,1
72,5200,37943329,0.99
73,5200,30520171,1
74,5200,29701901,1
75,5200,28056075,1
76,5200,29405062,1
77,5200,34288209,1
78,5200,32000009,1
79,5200,41213872,0.99
80,5200,35538658,1
81,5200,36986743,1
82,5200,32034337,1
83,5200,31822365,1
84,5200,30553633,1
85,5200,34138236,1
86,5200,34370038,1
87,5200,29204223,1
88,5200,30382144,1
89,5200,30504213,0.99
90,5200,28301519,1
91,5200,27238204,1
92,5200,28304915,1
93,5200,38670106,1
94,5200,32021321,1
95,5200,37117916,1
96,5200,23618906,1
97,5200,20209909,1
98,5200,28829146,1
99,5200,39906206,1
100,5200,30390639,1
101,5200,36246835,1
102,5200,36023519,1
103,5200,32860460,1
104,5200,37313821,1
105,5200,37037571,1
106,5200,34333339,0.98
107,5200,22883090,1
108,5200,41356494,1
109,5200,26285864,1
110,5200,25712071,1
111,5200,31243270,1
112,5200,34344687,0.99
113,5200,35065489,1
114,5200,40252951,1
115,5200,34788161,0.99
116,5200,34937199,1
117,5200,32798550,1
118,5200,27151765,1
119,5200,35227688,1
120,5200,36256639,1
121,5200,38284251,1
122,5200,29269306,1
123,5200,35686506,1
124,5200,40233164,1
125,5200,37366171,1
126,5200,32223337,1
127,5200,36167739,1
128,5200,30438402,1
129,5200,23181114,1
130,5200,38425822,0.99
131,5200,40379652,1
132,5200,35640992,1
133,5200,37428984,1
134,5200,29259823,0.99
135,5200,38058409,1
136,5200,34943886,1
137,5200,32966772,1
138,5200,32219104,1
139,5200,34505268,1
140,5200,35463653,1
141,5200,31722402,1
142,5200,33915512,1
143,5200,39537171,1
144,5200,39456006,1
145,5200,38124740,1
146,5200,33007707,1
147,5200,20958177,1
148,5200,35945109,1
149,5200,24431070,1
150,5200,33419493,0.99
151,5200,15051093,1
152,5200,27612423,1
153,5200,22530290,1
154,5200,37243782,1
155,5200,21967021,1
156,5200,34425186,1
157,5200,29229366,1
158,5200,26042616,1
159,5200,34128465,0.99
160,5200,16052602,1
161,5200,20727505,1
162,5200,30131760,1
163,5200,28647428,1
164,5200,35788825,1
165,5200,38360355,1
166,5200,47929453,1
167,5200,36892641,0.98
168,5200,39022796,1
169,5200,38780167,1
170,5200,42138632,1
171,5200,38360601,1
172,5200,39599639,1
173,5200,29887429,1
174,5200,28842963,1
175,5200,16505556,1
176,5200,34781755,1
177,5200,33547905,1
178,5200,23400704,1
179,5200,29238985,1
180,5200,38408083,1
181,5200,40607748,1
182,5200,29021894,1
183,5200,43735979,1
184,5200,41285075,1
185,5200,39881915,0.99
186,5200,37792363,0.99
187,5200,36065244,0.99
188,5200,30791701,1
189,5200,23242507,1
190,5200,18659287,1
191,5200,37438344,1
192,5200,31965013,1
193,5200,42025685,1
194,5200,20081076,1
195,5200,41909659,1
196,5200,34470769,1
197,5200,35110359,0.99
198,5200,39647965,0.99
199,5200,37139059,1
200,5200,35814190,0.98
201,5200,35095460,1
202,5200,37885869,1
203,5200,29879098,1
204,5200,26492058,1
205,5200,24100979,0.99
206,5200,37798395,0.98
207,5200,39919544,0.98
208,5200,39087904,1
209,5200,36945789,1
210,5200,40222094,1
211,5200,39500778,0.99
212,5200,31951845,1
213,5200,37554312,1
214,5200,32867241,1
215,5200,38243918,0.97
216,5200,46964179,0.99
217,5200,38728332,1
218,5200,40442647,1
219,5200,45280253,1
220,5200,39338653,1
221,5200,38205030,1
222,5200,43934450,1
223,5200,41729703,1
224,5200,34857731,1
225,5200,38562500,0.99
226,5200,34090181,1
227,5200,40905825,1
228,5200,38129002,1
229,5200,40936162,1
230,5200,40477663,1
231,5200,37650557,1
232,5200,37101304,1
233,5200,28590430,1
234,5200,37070705,1
235,5200,31863953,0.99
236,5200,39644717,1
237,5200,39905096,0.99
238,5200,35477426,1
239,5200,38211132,1
240,5200,35398038,1
241,5200,36777130,1
242,5200,39828852,1
243,5200,36773359,0.99
244,5200,36552118,1
245,5200,39149986,1
246,5200,38589178,0.99
247,5200,35576932,1
248,5200,39109392,1
249,5200,33126445,1
250,5200,34034858,1
251,5200,38538086,1
252,5200,36999927,1
253,5200,38282001,1
254,5200,36506764,1
255,5200,33529881,0.99
256,5200,36474866,0.99
257,5200,37349253,1
258,5200,35923089,0.99
259,5200,39789935,1
260,5200,37624214,0.99
261,5200,38055491,1
262,5200,39929213,1
263,5200,30449884,1
264,5200,41559437,1
265,5200,48750438,1
266,5200,37380609,1
267,5200,42540508,0.99
268,5200,37042182,1
269,5200,45670780,1
270,5200,40771209,1
271,5200,40449517,1
272,5200,39327206,0.99
273,5200,33570581,1
274,5200,29332464,1
275,5200,39406261,1
276,5200,37299164,1
277,5200,39359612,1
278,5200,34277012,1
279,5200,30066046,1
280,5200,26500620,1
281,5200,17648766,1
282,5200,33969239,1
283,5200,35865052,1
284,5200,30239225,1
285,5200,35785533,0.98
286,5200,26551062,1
287,5200,25757499,1
288,5200,36419110,1
289,5200,33619154,1
290,5200,38598851,0.96
291,5200,30650495,1
292,5200,35209427,1
293,5200,32303838,1
294,5200,35409134,1
295,5200,40678478,1
296,5200,37473119,1
297,5200,31321070,1
298,5200,37164407,1
299,5200,36436756,1
300,5200,33000224,1
301,5200,32892037,1
302,5200,38799425,0.97
303,5200,31223586,1
304,5200,34204334,1
305,5200,35423368,1
306,5200,36294806,0.99
307,5200,35270764,1
308,5200,35933601,1
309,5200,31537390,1
310,5200,33574877,1
311,5200,37439214,1
312,5200,33049218,1
313,5200,32786848,1
314,5200,34660806,1
315,5200,33344387,1
316,5200,31878969,1
317,5200,47055126,1
318,5200,37580992,1
319,5200,40116670,1
320,5200,42190168,1
321,5200,40786252,1
322,5200,33796865,1
323,5200,38101374,1
324,5200,31895476,1
325,5200,36678770,1
326,5200,36361806,1
327,5200,36039608,1
328,5200,32990654,1
329,5200,37939589,0.97
330,5200,40197582,1
331,5200,26901712,1
332,5200,16740989,1
333,5200,21707683,1
334,5200,36796387,0.99
335,5200,12466338,1
336,5200,23416377,1
337,5200,33571881,1
338,5200,14885815,1
339,5200,34601385,1
340,5200,31111957,1
341,5200,21741326,1
342,5200,28984676,1
343,5200,40637884,1
344,5200,34879800,1
345,5200,29240104,1
346,5200,36364770,1
347,5200,34518125,0.95
348,5200,32322313,1
349,5200,21290833,1
350,5200,32832141,1
351,5200,37191909,0.96
352,5200,17140243,0.98
353,5200,24925070,0.99
354,5200,29817732,1
355,5200,19883843,1
356,5200,23820804,1
357,5200,30560988,1
358,5200,25646307,0.99
359,5200,22470349,1
360,5200,18868276,1
361,5200,35115022,1
362,5200,18024107,1
363,5200,23076964,0.99
364,5200,33975693,1
365,5200,15615797,1
366,5200,23007790,1
367,5200,17106614,1
368,5200,24690992,1
369,5200,34760157,1
370,5200,18826438,0.99
371,5200,28017328,1
372,5200,31040054,1
373,5200,15864741,1
374,5200,33938706,0.99
375,5200,35306957,0.99
376,5200,16391857,1
377,5200,27938009,1
378,5200,25410010,1
379,5200,31219783,1
380,5200,34001895,1
381,5200,41179721,1
382,5200,42876344,1
383,5200,39398785,0.98
384,5200,36343430,0.98
385,5200,38489463,1
386,5200,19509012,1
387,5200,26816540,1
388,5200,35740339,1
389,5200,26092113,1
390,5200,42696453,1
391,5200,33474247,1
392,5200,34462303,0.99
393,5200,39111919,1
394,5200,38472971,1
395,5200,38782470,1
396,5200,34725233,1
397,5200,33375903,0.98
398,5200,39892709,0.98
399,5200,37753666,1
400,5200,34378798,0.99
401,5200,38938845,1
402,5200,29137733,1
403,5200,38924350,1
404,5200,36943315,1
405,5200,31748935,1
406,5200,40063952,1
407,5200,31808998,1
408,5200,39790545,0.98
409,5200,37566991,1
410,5200,41020317,1
411,5200,36539188,1
412,5200,38093208,0.99
413,5200,41742751,1
414,5200,36991697,1
415,5200,34000581,1
416,5200,37454475,0.99
417,5200,39435165,1
418,5200,38502359,1
419,5200,38309902,1
420,5200,38816345,0.98
421,5200,29830267,1
422,5200,31427713,1
423,5200,40006797,1
424,5200,29607253,1
425,5200,38918184,1
426,5200,31927778,1
427,5200,34389218,1
428,5200,32621013,1
429,5200,32392823,1
430,5200,45036751,0.99
431,5200,41473378,1
432,5200,40583165,0.99
433,5200,22380180,0.99
434,5200,34667899,1
435,5200,32054078,0.99
436,5200,33743044,1
437,5200,23089099,1
438,5200,36949057,1
439,5200,31086683,1
440,5200,40606776,1
441,5200,34150262,0.99
442,5200,35356379,0.98
443,5200,36431029,1
444,5200,33505046,1
445,5200,39196361,1
446,5200,32706608,1
447,5200,32452118,1
448,5200,38957198,1
449,5200,31232129,1
450,5200,26093480,1
451,5200,25655264,1
452,5200,31490699,1
453,5200,27711737,1
454,5200,35936048,1
455,5200,31427789,1
456,5200,36127104,1
457,5200,40865073,1
458,5200,29041105,1
459,5200,35245790,1
460,5200,24627281,1
461,5200,27988209,1
462,5200,38694050,1
463,5200,38905063,1
464,5200,28603801,1
465,5200,37654643,1
466,5200,19874110,1
467,5200,36750697,0.99
468,5200,35452932,1
469,5200,23146616,1
470,5200,30484670,1
471,5200,33459207,1
472,5200,27964824,1
473,5200,35552519,1
474,5200,32425824,1
475,5200,30292764,1
476,5200,37571932,1
477,5200,38377854,1
478,5200,37759060,1
479,5200,33818037,0.99
480,5200,25677187,1
481,5200,25649524,1
482,5200,36561858,1
483,5200,37851179,1
484,5200,19434224,1
485,5200,14465871,1
486,5200,14406495,1
487,5200,36667579,0.96
488,5200,39758534,1
489,5200,35093535,1
490,5200,34461959,1
491,5200,38665551,1
492,5200,38041174,1
493,5200,40058499,0.99
494,5200,36296834,0.99
495,5200,30474418,1
496,5200,13953404,1
497,5200,21191328,1
498,5200,35553324,0.98
499,5200,34481407,1
500,5200,9790035,1
501,5200,27635209,1
502,5200,28628545,1
503,5200,32120842,0.99
504,5200,31643605,1
505,5200,33777508,1
506,5200,37678090,1
507,5200,30255802,1
508,5200,23735503,1
509,5200,21891503,1
510,5200,32264013,0.98
511,5200,37718395,0.99
512,5200,25155138,1
513,5200,25829347,0.99
514,5200,31487353,1
515,5200,36541616,1
516,5200,12261564,1
517,5200,13325411,1
518,5200,32699637,1
519,5200,31931196,0.97
520,5200,35132585,1
521,5200,15698436,1
522,5200,35924662,1
523,5200,35062040,1
524,5200,34401970,0.99
525,5200,37010707,0.99
526,5200,37811068,1
527,5200,37213960,1
528,5200,33911172,1
529,5200,40495612,0.99
530,5200,29438075,1
531,5200,24878887,1
532,5200,16015630,1
533,5200,33225966,1
534,5200,34308047,1
535,5200,37015721,0.98
536,5200,20017333,1
537,5200,36948223,1
538,5200,30467279,1
539,5200,35142963,1
540,5200,36626526,1
541,5200,29197677,1
542,5200,36453401,1
543,5200,36907306,1
544,5200,29978020,1
545,5200,31440941,1
546,5200,40162519,1
547,5200,34179968,1
548,5200,34174651,1
549,5200,39436053,0.99
550,5200,32348472,1
551,5200,28824814,1
552,5200,35824411,0.99
553,5200,32834974,1
554,5200,31856628,1
555,5200,33143525,1
556,5200,20821436,1
557,5200,39209128,1
558,5200,39271232,1
559,5200,29357917,1
560,5200,34350861,1
561,5200,36585391,1
562,5200,39456868,1
563,5200,33446237,1
564,5200,37488380,1
565,5200,29938843,1
566,5200,30611076,1
567,5200,34910132,1
568,5200,20685407,1
569,5200,37986964,1
570,5200,31541206,1
571,5200,19908893,1
572,5200,30079640,1
573,5200,17352993,1
574,5200,29573396,1
575,5200,35360475,1
576,5200,37151298,0.99
577,5200,40074439,0.98
578,5200,36104483,1
579,5200,28125346,1
580,5200,9197701,1
581,5200,36926923,1
582,5200,37362537,0.94
583,5200,35459224,0.96
584,5200,38769571,1
585,5200,36268022,0.99
586,5200,35565455,1
587,5200,32300779,1
588,5200,32603543,1
589,5200,32768354,0.99
590,5200,29382513,1
591,5200,30408368,1
592,5200,26689655,1
593,5200,38245325,1
594,5200,38635072,1
595,5200,32413573,1
596,5200,34513243,1
597,5200,30162999,1
598,5200,31605191,1
599,5200,36464321,0.99
600,5200,39050404,0.99
601,5200,32100146,1
602,5200,35623534,1
603,5200,29361978,1
604,5200,35064608,1
605,5200,18385068,1
606,5200,37934963,0.99
607,5200,27517155,1
608,5200,33325078,1
609,5200,32348668,1
610,5200,36137207,1
611,5200,29121179,1
612,5200,30817241,1
613,5200,30209275,1
614,5200,39878864,1
615,5200,30861406,1
616,5200,36803433,1
617,5200,38028222,1
618,5200,37930933,1
619,5200,38751943,1
620,5200,37428392,1
621,5200,21201952,1
622,5200,29197317,1
623,5200,29377035,1
624,5200,31852433,1
625,5200,34104990,1
626,5200,28402928,1
627,5200,36506092,1
628,5200,38539702,1
629,5200,30208414,1
630,5200,32949693,1
631,5200,37798102,1
632,5200,38991601,1
633,5200,30928862,0.99
634,5200,38078910,1
635,5200,40361868,1
636,5200,28287220,1
637,5200,38659619,1
638,5200,32028864,1
639,5200,24044526,1
640,5200,37118172,1
641,5200,31999019,1
642,5200,32561718,0.99
643,5200,38078059,0.99
644,5200,26232333,1
645,5200,29595532,0.99
646,5200,33145740,1
647,5200,28601317,1
648,5200,33288523,1
649,5200,29895069,0.99
650,5200,38085173,1
651,5200,33384451,0.98
652,5200,34417115,0.99
653,5200,33258198,0.99
654,5200,33684163,0.98
655,5200,36882054,0.98
656,5200,32247920,1
657,5200,34646438,0.99
658,5200,32933365,1
659,5200,34879112,1
660,5200,36075081,1
661,5200,29479950,1
662,5200,38665152,0.99
663,5200,22398801,1
664,5200,27518973,1
665,5200,36615719,1
666,5200,39155086,1
667,5200,20759678,1
668,5200,22843558,1
669,5200,36901242,1
670,5200,28747132,1
671,5200,26206993,1
672,5200,34651278,0.99
673,5200,28796956,1
674,5200,23504557,1
675,5200,31366399,1
676,5200,39168345,1
677,5200,30058778,1
678,5200,39685732,1
679,5200,36980611,1
680,5200,32670672,1
681,5200,38808911,1
682,5200,36112704,0.99
683,5200,25245143,1
684,5200,27715100,0.98
685,5200,32181638,1
686,5200,30821719,1
687,5200,31857868,1
688,5200,38679045,1
689,5200,29348261,1
690,5200,32045939,1
691,5200,36526850,1
692,5200,34855433,1
693,5200,36281254,0.99
694,5200,35596418,1
695,5200,35395976,1
696,5200,27616216,1
697,5200,38571879,1
698,5200,35402101,1
699,5200,32621336,1
700,5200,38916406,0.99
701,5200,36097624,1
702,5200,39235629,1
703,5200,29640736,1
704,5200,35289255,1
705,5200,38663391,0.99
706,5200,37947526,1
707,5200,38778524,1
708,5200,38258776,0.98
709,5200,29872229,1
710,5200,37173706,1
711,5200,34751203,1
712,5200,38244321,1
713,5200,29054950,1
714,5200,35964630,1
715,5200,37046667,0.96
716,5200,35863582,1
717,5200,34318201,1
718,5200,26255731,1
719,5200,34663565,1
720,5200,34068631,1
721,5200,34021223,1
722,5200,26199019,1
723,5200,23396824,1
724,5200,27978616,1
725,5200,32170476,0.98
726,5200,31531622,0.99
727,5200,27979382,1
728,5200,13512751,1
729,5200,27428968,1
730,5200,36567886,0.98
731,5200,27011808,1
732,5200,38053026,1
733,5200,38454310,1
734,5200,35080984,1
735,5200,34840201,1
736,5200,28201398,1
737,5200,27872036,1
738,5200,36455159,0.99
739,5200,17286905,1
740,5200,32064896,1
741,5200,37482249,1
742,5200,37316869,1
743,5200,37850069,1
744,5200,37242399,1
745,5200,34868883,1
746,5200,31955250,1
747,5200,36603563,1
748,5200,29675168,1
749,5200,33346164,1
750,5200,39011857,1
751,5200,33041171,1
752,5200,35589728,1
753,5200,32550930,1
754,5200,36473584,1
755,5200,36833208,1
756,5200,35528279,1
757,5200,35656017,1
758,5200,37110831,0.99
759,5200,32509552,1
760,5200,29639327,1
761,5200,32901454,1
762,5200,22391783,1
763,5200,34368227,1
764,5200,37416223,1
765,5200,37459189,1
766,5200,27744322,1
767,5200,42120875,1
768,5200,33585306,1
769,5200,37642618,1
770,5200,35103480,0.99
771,5200,39529846,1
772,5200,33452584,1
773,5200,28567772,1
774,5200,30394100,1
775,5200,37809527,1
776,5200,37324810,1
777,5200,35612039,1
778,5200,29092284,1
779,5200,19003312,0.99
780,5200,29397447,1
781,5200,30951391,1
782,5200,34131827,1
783,5200,32340640,1
784,5200,30561082,1
785,5200,28336421,1
786,5200,36696464,1
787,5200,36048314,1
788,5200,21495848,1
789,5200,31320495,1
790,5200,33108999,1
791,5200,38415834,1
792,5200,32718153,1
793,5200,37225945,1
794,5200,34592918,1
795,5200,31819370,1
796,5200,38209987,1
797,5200,28021254,1
798,5200,24883554,1
799,5200,32453704,1
800,5200,31783149,1
801,5200,39682659,0.98
802,5200,36268494,1
803,5200,25929404,1
804,5200,38187004,1
805,5200,34341145,1
806,5200,33839399,1
807,5200,34295439,1
808,5200,36479541,1
809,5200,23937782,1
810,5200,24965396,1
811,5200,35440289,1
812,5200,34677868,1
813,5200,33437061,1
814,5200,38320801,0.99
815,5200,37418531,1
816,5200,37978324,1
817,5200,23375638,1
818,5200,33177404,1
819,5200,26658130,1
820,5200,21146471,1
821,5200,22723178,1
822,5200,18839117,1
823,5200,30457861,0.99
824,5200,35862764,1
825,5200,35960673,1
826,5200,30453570,1
827,5200,36206256,1
828,5200,32275025,1
829,5200,37949487,1
830,5200,28763632,1
831,5200,28814204,1
832,5200,34612722,1
833,5200,34705874,1
834,5200,32949440,1
835,5200,24908001,1
836,5200,31760937,1
837,5200,36358259,1
838,5200,38631282,0.97
839,5200,35830828,1
840,5200,20325894,0.99
841,5200,39404173,1
842,5200,31768645,1
843,5200,20654860,1
844,5200,34305244,1
845,5200,32383395,1
846,5200,19453078,1
847,5200,35983447,1
848,5200,28598239,1
849,5200,33196262,1
850,5200,32542956,1
851,5200,26619144,1
852,5200,35606269,1
853,5200,33158468,1
854,5200,30900637,1
855,5200,39167561,1
856,5200,19116035,1
857,5200,31889772,1
858,5200,30198775,1
859,5200,30594193,1
860,5200,17433478,1
861,5200,33056280,1
862,5200,34696475,1
863,5200,35192400,1
864,5200,32097988,1
865,5200,37050828,1
866,5200,33352916,1
867,5200,31417913,1
868,5200,33319424,0.99
869,5200,32210720,1
870,5200,34603976,1
871,5200,33670334,1
872,5200,37167477,1
873,5200,40538608,1
874,5200,25216511,1
875,5200,39947994,0.98
876,5200,36789135,1
877,5200,38376205,1
878,5200,36914250,0.98
879,5200,45160689,1
880,5200,36837170,1
881,5200,46541538,1
882,5200,45893335,1
883,5200,39364126,1
884,5200,37220686,1
885,5200,37383317,1
886,5200,31419515,1
887,5200,40229006,1
888,5200,36083438,1
889,5200,39293114,1
890,5200,40485969,1
891,5200,39196174,1
892,5200,41550164,0.99
893,5200,39177134,1
894,5200,37776681,1
895,5200,36883970,1
896,5200,36472472,0.99
897,5200,36087143,1
898,5200,40802327,0.99
899,5200,38398679,0.98
900,5200,38360910,1
901,5200,24901073,1
902,5200,29537270,1
903,5200,26295564,1
904,5200,30706523,1
905,5200,23027095,1
906,5200,34525029,1
907,5200,30938323,1
908,5200,27986143,1
909,5200,37463995,0.99
910,5200,31194719,1
911,5200,24510803,1
912,5200,29715238,1
913,5200,22071711,1
914,5200,36694373,1
915,5200,37080434,1
916,5200,34649840,1
917,5200,33448321,1
918,5200,28934389,1
919,5200,34715647,1
920,5200,29343703,1
921,5200,31236017,1
922,5200,26253210,1
923,5200,30944281,1
924,5200,36928278,1
925,5200,29736104,1
926,5200,23621876,1
927,5200,25965249,1
928,5200,26764878,1
929,5200,28437613,1
930,5200,33025685,1
931,5200,24863492,1
932,5200,24894737,1
933,5200,35127135,1
934,5200,37895960,1
935,5200,40773002,1
936,5200,36798749,1
937,5200,48457180,1
938,5200,38541652,1
939,5200,37981465,1
940,5200,32871254,1
941,5200,31487989,1
942,5200,30408732,1
943,5200,43340859,1
944,5200,38302373,0.99
945,5200,35002631,1
946,5200,31824044,1
947,5200,39596352,1
948,5200,36370932,1
949,5200,34745924,1
950,5200,40723371,0.99
951,5200,38566465,1
952,5200,34358360,1
953,5200,38483599,1
954,5200,36641925,1
955,5200,38867149,1
956,5200,35290599,1
957,5200,30723396,1
958,5200,13948285,1
959,5200,35736142,1
960,5200,27181469,1
961,5200,21666675,1
962,5200,20710332,1
963,5200,40543399,1
964,5200,26539585,0.98
965,5200,35158470,1
966,5200,20340010,1
967,5200,32057858,0.98
968,5200,20859103,1
969,5200,32489399,0.98
970,5200,36031825,0.99
971,5200,40302588,1
972,5200,34920173,1
973,5200,33718820,1
974,5200,19415162,1
975,5200,38458089,1
976,5200,40160369,0.99
977,5200,22034550,1
978,5200,30659766,0.9
979,5200,14614529,1
980,5200,24528775,0.99
981,5200,29573649,1
982,5200,22741242,1
983,5200,21729043,1
984,5200,33434506,0.98
985,5200,31103687,0.99
986,5200,30783169,1
987,5200,24147851,1
988,5200,31117199,1
989,5200,24299346,1
990,5200,33883450,1
991,5200,48233229,1
992,5200,42243427,1
993,5200,44551725,0.98
994,5200,28156380,1
995,5200,41809098,0.98
996,5200,39223475,1
997,5200,37912947,1
998,5200,32867945,1
999,5200,15630147,1
