QueryID,EF,Latency(ns),Recall
0,100,808677,0.86
1,100,998166,0.56
2,100,703857,0.99
3,100,839668,0.41
4,100,835047,0.53
5,100,748801,0.8
6,100,926205,0.43
7,100,870845,0.49
8,100,914990,0.59
9,100,698038,0.83
10,100,557108,1
11,100,690733,0.98
12,100,957269,0.5
13,100,730178,0.53
14,100,878801,0.86
15,100,966007,0.37
16,100,810897,0.7
17,100,758774,0.75
18,100,1063185,0.47
19,100,921441,0.41
20,100,637263,0.96
21,100,841058,0.82
22,100,897095,0.3
23,100,650773,0.95
24,100,985211,0.41
25,100,796592,0.71
26,100,444699,1
27,100,745565,0.93
28,100,837711,0.37
29,100,803053,0.52
30,100,837387,0.37
31,100,1052020,0.38
32,100,712728,0.81
33,100,921679,0.31
34,100,520618,0.97
35,100,754500,0.78
36,100,788216,0.33
37,100,683034,0.93
38,100,813548,0.48
39,100,1004164,0.49
40,100,691022,0.92
41,100,915083,0.55
42,100,799317,0.82
43,100,895273,0.38
44,100,797806,0.74
45,100,885603,0.62
46,100,806294,0.24
47,100,756701,0.8
48,100,856284,0.64
49,100,728835,0.64
50,100,886838,0.43
51,100,703109,0.9
52,100,936563,0.32
53,100,690842,0.97
54,100,803738,0.27
55,100,691628,0.89
56,100,792794,0.66
57,100,843084,0.72
58,100,551672,0.99
59,100,593457,0.9
60,100,806767,0.26
61,100,850436,0.47
62,100,713213,0.88
63,100,804530,0.74
64,100,830876,0.58
65,100,879934,0.57
66,100,774164,0.91
67,100,807597,0.68
68,100,789544,0.6
69,100,793329,0.67
70,100,579055,0.97
71,100,822143,0.66
72,100,638652,0.91
73,100,848562,0.64
74,100,821965,0.35
75,100,648032,0.82
76,100,855687,0.34
77,100,805611,0.76
78,100,790064,0.74
79,100,688713,0.94
80,100,994647,0.4
81,100,777708,0.74
82,100,812279,0.58
83,100,860513,0.45
84,100,948978,0.68
85,100,865254,0.64
86,100,950315,0.39
87,100,890695,0.61
88,100,984759,0.37
89,100,581665,0.91
90,100,787077,0.63
91,100,541798,0.98
92,100,885640,0.5
93,100,834209,0.74
94,100,802836,0.37
95,100,955158,0.35
96,100,783633,0.81
97,100,729460,0.56
98,100,884985,0.32
99,100,893815,0.49
100,100,782759,0.32
101,100,763311,0.87
102,100,608884,0.94
103,100,619350,0.93
104,100,959393,0.34
105,100,508059,0.99
106,100,803479,0.76
107,100,724462,0.8
108,100,730228,0.87
109,100,935231,0.37
110,100,827032,0.75
111,100,841856,0.65
112,100,836418,0.57
113,100,806891,0.77
114,100,802630,0.76
115,100,812533,0.54
116,100,739562,0.68
117,100,861147,0.47
118,100,855168,0.35
119,100,859150,0.51
120,100,827465,0.44
121,100,882941,0.39
122,100,664512,0.91
123,100,550498,0.98
124,100,661445,1
125,100,657842,0.95
126,100,667627,0.7
127,100,840628,0.23
128,100,807024,0.71
129,100,864136,0.33
130,100,835744,0.77
131,100,834127,0.43
132,100,849875,0.35
133,100,791637,0.79
134,100,870471,0.56
135,100,904088,0.41
136,100,855547,0.27
137,100,892967,0.61
138,100,647349,1
139,100,849206,0.64
140,100,560415,0.94
141,100,823163,0.66
142,100,825667,0.82
143,100,703138,0.75
144,100,445829,0.92
145,100,778298,0.34
146,100,539152,0.93
147,100,815475,0.75
148,100,729150,0.83
149,100,805377,0.65
150,100,684154,0.79
151,100,788923,0.65
152,100,866044,0.65
153,100,793131,0.73
154,100,801180,0.31
155,100,696667,0.67
156,100,720332,0.85
157,100,807535,0.68
158,100,583306,0.98
159,100,930949,0.61
160,100,893270,0.46
161,100,471149,0.99
162,100,824141,0.56
163,100,821625,0.66
164,100,894281,0.6
165,100,856470,0.56
166,100,966017,0.32
167,100,805550,0.33
168,100,776855,0.8
169,100,839718,0.25
170,100,771518,0.71
171,100,646193,0.89
172,100,852276,0.64
173,100,702863,0.69
174,100,964008,0.57
175,100,884442,0.27
176,100,794272,0.88
177,100,794464,0.6
178,100,875367,0.65
179,100,654097,0.89
180,100,594345,0.96
181,100,765931,0.87
182,100,755214,0.32
183,100,838771,0.53
184,100,569024,0.94
185,100,680485,0.72
186,100,691389,0.74
187,100,673345,0.92
188,100,930453,0.36
189,100,967883,0.51
190,100,813631,0.53
191,100,681389,0.72
192,100,669630,0.83
193,100,815601,0.55
194,100,699908,0.8
195,100,693246,0.82
196,100,691278,0.69
197,100,618633,0.75
198,100,848190,0.42
199,100,745943,0.54
200,100,768022,0.69
201,100,700889,0.81
202,100,778804,0.81
203,100,606610,0.95
204,100,671034,0.89
205,100,792475,0.64
206,100,823148,0.44
207,100,690085,0.88
208,100,711236,0.83
209,100,728269,0.61
210,100,767601,0.55
211,100,750536,0.7
212,100,759599,0.65
213,100,623255,0.86
214,100,821313,0.43
215,100,742075,0.58
216,100,560692,0.93
217,100,559241,0.96
218,100,430438,0.99
219,100,892072,0.4
220,100,742673,0.75
221,100,860992,0.25
222,100,1107907,0.33
223,100,727209,0.77
224,100,763972,0.61
225,100,861467,0.6
226,100,588048,0.93
227,100,682739,0.83
228,100,922845,0.55
229,100,612855,0.92
230,100,503864,0.98
231,100,527478,0.91
232,100,831548,0.58
233,100,751908,0.67
234,100,796156,0.38
235,100,812496,0.43
236,100,510267,0.92
237,100,807223,0.38
238,100,865922,0.63
239,100,423913,0.92
240,100,849757,0.84
241,100,889823,0.46
242,100,737105,0.88
243,100,793985,0.66
244,100,1037978,0.42
245,100,820676,0.74
246,100,739849,0.87
247,100,802765,0.72
248,100,812805,0.59
249,100,876214,0.45
250,100,643493,0.99
251,100,772288,0.25
252,100,848822,0.12
253,100,690298,0.67
254,100,758431,0.8
255,100,654349,0.95
256,100,704074,0.73
257,100,804139,0.38
258,100,815476,0.78
259,100,824873,0.73
260,100,771009,0.83
261,100,562746,0.99
262,100,830452,0.39
263,100,762043,0.44
264,100,995905,0.47
265,100,719707,0.92
266,100,601727,0.96
267,100,757165,0.84
268,100,612452,0.95
269,100,790689,0.73
270,100,805363,0.61
271,100,762831,0.67
272,100,801810,0.56
273,100,554216,0.95
274,100,850857,0.83
275,100,519066,0.97
276,100,900897,0.17
277,100,769663,0.81
278,100,747219,0.72
279,100,575055,1
280,100,778634,0.73
281,100,842523,0.66
282,100,968392,0.51
283,100,767369,0.63
284,100,836842,0.32
285,100,785255,0.54
286,100,799869,0.78
287,100,781390,0.76
288,100,786626,0.28
289,100,865210,0.4
290,100,803804,0.64
291,100,869014,0.42
292,100,810737,0.58
293,100,850913,0.33
294,100,628815,0.73
295,100,735842,0.83
296,100,811191,0.46
297,100,719368,1
298,100,671848,0.92
299,100,794913,0.33
300,100,726901,0.61
301,100,883160,0.29
302,100,808739,0.65
303,100,569606,0.91
304,100,868397,0.73
305,100,753442,0.7
306,100,659145,0.91
307,100,935505,0.58
308,100,876420,0.66
309,100,878077,0.49
310,100,410313,1
311,100,802348,0.69
312,100,877017,0.69
313,100,749205,0.72
314,100,841264,0.31
315,100,804145,0.57
316,100,909257,0.3
317,100,811607,0.19
318,100,683077,0.81
319,100,697880,0.59
320,100,771170,0.59
321,100,670067,0.92
322,100,696900,0.62
323,100,526923,0.97
324,100,845193,0.29
325,100,798979,0.41
326,100,645865,0.9
327,100,800839,0.61
328,100,628751,0.96
329,100,830902,0.55
330,100,742208,0.85
331,100,714895,0.8
332,100,877357,0.52
333,100,715440,0.91
334,100,811842,0.51
335,100,758192,0.68
336,100,740314,0.49
337,100,594942,0.88
338,100,858886,0.44
339,100,863632,0.61
340,100,858694,0.3
341,100,947690,0.38
342,100,839517,0.63
343,100,788647,0.39
344,100,684747,0.84
345,100,617469,0.92
346,100,823994,0.69
347,100,828843,0.68
348,100,725030,0.91
349,100,876851,0.66
350,100,793291,0.81
351,100,502915,0.9
352,100,623064,0.92
353,100,702002,0.74
354,100,932904,0.64
355,100,655768,0.92
356,100,801983,0.74
357,100,838097,0.48
358,100,876133,0.53
359,100,715068,0.78
360,100,772306,0.64
361,100,528574,0.98
362,100,498752,0.97
363,100,921734,0.45
364,100,789702,0.56
365,100,815229,0.41
366,100,673217,0.96
367,100,369189,1
368,100,777795,0.64
369,100,578965,0.99
370,100,696911,0.92
371,100,822978,0.55
372,100,789569,0.46
373,100,985841,0.41
374,100,920511,0.41
375,100,688845,0.84
376,100,759957,0.78
377,100,824056,0.55
378,100,671932,0.94
379,100,719676,0.45
380,100,794277,0.57
381,100,795327,0.54
382,100,777459,0.65
383,100,761182,0.41
384,100,889322,0.64
385,100,865669,0.48
386,100,937850,0.31
387,100,839231,0.41
388,100,803732,0.6
389,100,528991,0.93
390,100,796649,0.86
391,100,900742,0.6
392,100,742841,0.63
393,100,1053799,0.39
394,100,737592,0.8
395,100,767370,0.55
396,100,640143,0.96
397,100,682693,0.92
398,100,667929,0.68
399,100,904847,0.49
400,100,792713,0.68
401,100,772604,0.43
402,100,692677,0.85
403,100,803044,0.64
404,100,541978,0.97
405,100,913291,0.5
406,100,1019556,0.36
407,100,819462,0.54
408,100,728867,0.69
409,100,675135,0.53
410,100,755409,0.69
411,100,544508,0.94
412,100,848106,0.65
413,100,774114,0.76
414,100,858076,0.54
415,100,696036,0.95
416,100,742252,0.67
417,100,885596,0.25
418,100,764434,0.64
419,100,831938,0.33
420,100,979302,0.55
421,100,740780,0.73
422,100,681444,0.95
423,100,746567,0.75
424,100,812602,0.6
425,100,760607,0.62
426,100,818306,0.55
427,100,633533,0.87
428,100,666927,0.94
429,100,724180,0.81
430,100,769564,0.64
431,100,794932,0.65
432,100,814902,0.54
433,100,663890,0.8
434,100,714684,0.63
435,100,792289,0.63
436,100,660106,0.81
437,100,884094,0.64
438,100,832936,0.66
439,100,637896,0.83
440,100,773055,0.71
441,100,677920,0.77
442,100,789227,0.37
443,100,822492,0.66
444,100,841260,0.52
445,100,820982,0.53
446,100,774272,0.58
447,100,781392,0.75
448,100,741849,0.75
449,100,874891,0.64
450,100,825753,0.68
451,100,792210,0.77
452,100,781077,0.65
453,100,770323,0.47
454,100,627211,0.82
455,100,740823,0.75
456,100,739910,0.65
457,100,793123,0.4
458,100,771735,0.6
459,100,919237,0.42
460,100,764055,0.8
461,100,573870,0.85
462,100,741114,0.74
463,100,863577,0.55
464,100,788572,0.7
465,100,622638,0.86
466,100,761827,0.8
467,100,765379,0.72
468,100,638323,0.91
469,100,832913,0.42
470,100,701344,0.8
471,100,869390,0.52
472,100,676344,0.65
473,100,804443,0.7
474,100,716704,0.57
475,100,771844,0.49
476,100,583916,0.92
477,100,782329,0.72
478,100,556566,0.89
479,100,712992,0.45
480,100,710198,0.6
481,100,819918,0.65
482,100,572064,0.98
483,100,755742,0.82
484,100,718625,0.77
485,100,458799,0.91
486,100,771906,0.7
487,100,762764,0.43
488,100,788334,0.43
489,100,728876,0.69
490,100,786210,0.53
491,100,900831,0.43
492,100,802895,0.55
493,100,772889,0.67
494,100,589828,0.85
495,100,740853,0.41
496,100,916972,0.49
497,100,741721,0.56
498,100,623609,0.92
499,100,782748,0.42
500,100,752896,0.72
501,100,813972,0.81
502,100,713323,0.68
503,100,597865,0.85
504,100,700692,0.74
505,100,595889,0.8
506,100,465894,0.99
507,100,803601,0.65
508,100,738589,0.56
509,100,726590,0.84
510,100,690039,0.76
511,100,811007,0.64
512,100,788219,0.62
513,100,734290,0.9
514,100,829239,0.52
515,100,97863,0
516,100,777719,0.5
517,100,724491,0.78
518,100,633964,0.74
519,100,787847,0.51
520,100,650956,0.83
521,100,780303,0.39
522,100,752669,0.58
523,100,766988,0.45
524,100,949688,0.18
525,100,787462,0.71
526,100,817886,0.67
527,100,811761,0.41
528,100,804129,0.63
529,100,621361,0.92
530,100,789265,0.67
531,100,518315,0.99
532,100,647014,0.93
533,100,793725,0.61
534,100,824361,0.67
535,100,817124,0.25
536,100,589650,0.97
537,100,619382,0.87
538,100,820470,0.43
539,100,715880,0.8
540,100,846766,0.68
541,100,779819,0.34
542,100,459495,0.95
543,100,770633,0.59
544,100,841980,0.42
545,100,708814,0.7
546,100,875858,0.35
547,100,690787,0.93
548,100,501610,0.99
549,100,944351,0.44
550,100,707282,0.74
551,100,741282,0.78
552,100,424183,0.99
553,100,765222,0.68
554,100,354744,1
555,100,360276,1
556,100,646826,0.96
557,100,563545,0.97
558,100,782854,0.63
559,100,848800,0.48
560,100,672160,0.85
561,100,751020,0.81
562,100,727996,0.86
563,100,802686,0.49
564,100,750335,0.29
565,100,694842,0.86
566,100,659516,0.91
567,100,814220,0.62
568,100,705620,0.78
569,100,870456,0.17
570,100,791161,0.76
571,100,702610,0.83
572,100,803686,0.68
573,100,805335,0.74
574,100,670543,0.82
575,100,541982,0.89
576,100,670253,0.78
577,100,524576,0.98
578,100,903803,0.62
579,100,712024,0.77
580,100,749971,0.67
581,100,800687,0.65
582,100,916453,0.57
583,100,848142,0.34
584,100,764029,0.48
585,100,737923,0.84
586,100,901610,0.73
587,100,868881,0.47
588,100,799005,0.58
589,100,845084,0.2
590,100,893690,0.42
591,100,776665,0.68
592,100,968511,0.45
593,100,815681,0.44
594,100,772521,0.78
595,100,615734,0.97
596,100,802367,0.71
597,100,782268,0.6
598,100,822485,0.53
599,100,810590,0.41
600,100,811417,0.58
601,100,727056,0.63
602,100,634860,0.82
603,100,632224,0.87
604,100,896630,0.32
605,100,744422,0.68
606,100,964028,0.49
607,100,817479,0.35
608,100,747850,0.74
609,100,720296,0.55
610,100,468411,0.95
611,100,831391,0.46
612,100,676624,0.88
613,100,529424,0.94
614,100,813250,0.61
615,100,775251,0.64
616,100,773083,0.34
617,100,820880,0.74
618,100,324867,0.99
619,100,810345,0.43
620,100,859628,0.43
621,100,503907,0.98
622,100,797800,0.67
623,100,771930,0.58
624,100,653035,0.66
625,100,671645,0.69
626,100,703746,0.59
627,100,882542,0.3
628,100,630773,0.89
629,100,882519,0.59
630,100,779162,0.65
631,100,873811,0.46
632,100,784486,0.64
633,100,656298,0.92
634,100,705722,0.66
635,100,752430,0.87
636,100,711339,0.87
637,100,732617,0.68
638,100,799467,0.82
639,100,529784,0.84
640,100,774482,0.56
641,100,723004,0.51
642,100,891477,0.46
643,100,784253,0.39
644,100,935443,0.68
645,100,755450,0.74
646,100,692967,0.61
647,100,698425,0.71
648,100,812320,0.31
649,100,738531,0.66
650,100,626640,0.97
651,100,735610,0.64
652,100,633186,0.84
653,100,776753,0.86
654,100,842107,0.44
655,100,781978,0.46
656,100,746748,0.63
657,100,1006476,0.42
658,100,695683,0.74
659,100,795429,0.54
660,100,541148,0.99
661,100,689983,0.83
662,100,714188,0.64
663,100,629702,0.89
664,100,758837,0.66
665,100,881014,0.51
666,100,712738,0.85
667,100,801151,0.45
668,100,922511,0.64
669,100,877911,0.45
670,100,778141,0.8
671,100,784150,0.72
672,100,782247,0.59
673,100,845493,0.38
674,100,564256,0.86
675,100,887459,0.54
676,100,793452,0.69
677,100,835704,0.53
678,100,663757,0.76
679,100,703191,0.54
680,100,821418,0.29
681,100,824885,0.69
682,100,810304,0.67
683,100,827781,0.5
684,100,758681,0.57
685,100,693127,0.85
686,100,687512,0.81
687,100,725976,0.86
688,100,872044,0.4
689,100,749079,0.6
690,100,708014,0.75
691,100,783806,0.58
692,100,709429,0.59
693,100,726141,0.77
694,100,618619,0.8
695,100,721917,0.66
696,100,865453,0.51
697,100,693850,0.82
698,100,850108,0.65
699,100,624700,0.97
700,100,769015,0.49
701,100,821748,0.61
702,100,598468,0.89
703,100,818942,0.33
704,100,758380,0.78
705,100,731728,0.65
706,100,836012,0.65
707,100,698650,0.82
708,100,734100,0.84
709,100,871631,0.59
710,100,659275,0.94
711,100,697123,0.86
712,100,749750,0.64
713,100,831445,0.6
714,100,797778,0.57
715,100,808503,0.58
716,100,768077,0.75
717,100,809916,0.57
718,100,628620,0.71
719,100,809504,0.55
720,100,817605,0.62
721,100,957215,0.44
722,100,743691,0.71
723,100,658983,0.9
724,100,895054,0.44
725,100,638179,0.81
726,100,546052,0.97
727,100,661260,0.86
728,100,942791,0.27
729,100,650901,0.8
730,100,861280,0.52
731,100,663728,0.73
732,100,637043,0.89
733,100,535599,1
734,100,654314,0.82
735,100,893225,0.3
736,100,661076,0.91
737,100,722203,0.65
738,100,837322,0.79
739,100,748900,0.67
740,100,685328,0.5
741,100,821351,0.56
742,100,668308,0.8
743,100,906626,0.34
744,100,611259,0.94
745,100,1025889,0.41
746,100,658783,0.92
747,100,765835,0.72
748,100,639794,0.88
749,100,680948,0.91
750,100,835504,0.44
751,100,772416,0.76
752,100,996533,0.29
753,100,756336,0.46
754,100,700058,0.86
755,100,721316,0.76
756,100,692007,0.81
757,100,850060,0.56
758,100,724509,0.88
759,100,588832,0.97
760,100,875605,0.46
761,100,426710,1
762,100,624177,0.89
763,100,1003249,0.61
764,100,759471,0.55
765,100,805475,0.62
766,100,689289,0.91
767,100,799422,0.38
768,100,744514,0.43
769,100,817489,0.43
770,100,766127,0.64
771,100,619045,0.9
772,100,901611,0.41
773,100,603592,0.96
774,100,766702,0.51
775,100,470104,0.99
776,100,728656,0.72
777,100,680787,0.59
778,100,673494,0.85
779,100,771333,0.79
780,100,672131,0.75
781,100,729027,0.34
782,100,815841,0.55
783,100,953529,0.63
784,100,631816,0.97
785,100,717152,0.7
786,100,520439,0.98
787,100,619839,0.83
788,100,735454,0.73
789,100,1047911,0.36
790,100,728684,0.79
791,100,738432,0.72
792,100,873237,0.41
793,100,880103,0.38
794,100,792237,0.61
795,100,871492,0.49
796,100,371274,0.97
797,100,878611,0.29
798,100,957556,0.51
799,100,705649,0.9
800,100,784238,0.69
801,100,756792,0.8
802,100,1006494,0.53
803,100,654729,0.82
804,100,609091,0.96
805,100,804423,0.55
806,100,759056,0.47
807,100,322009,1
808,100,782166,0.67
809,100,846198,0.32
810,100,721072,0.96
811,100,746098,0.6
812,100,647184,0.83
813,100,800156,0.64
814,100,906628,0.33
815,100,766383,0.65
816,100,751154,0.73
817,100,888998,0.47
818,100,707686,0.72
819,100,817939,0.42
820,100,830200,0.34
821,100,843673,0.61
822,100,682677,0.76
823,100,846557,0.58
824,100,716933,0.72
825,100,415175,0.97
826,100,613183,0.93
827,100,794636,0.74
828,100,736242,0.81
829,100,863073,0.44
830,100,687449,0.8
831,100,584113,0.99
832,100,805813,0.44
833,100,801649,0.55
834,100,705510,0.68
835,100,625397,0.92
836,100,769011,0.34
837,100,662041,0.82
838,100,104271,0
839,100,759994,0.52
840,100,983275,0.74
841,100,689335,0.76
842,100,533973,0.97
843,100,698297,0.7
844,100,721287,0.72
845,100,833023,0.46
846,100,856385,0.58
847,100,574612,0.99
848,100,896220,0.54
849,100,912655,0.75
850,100,770172,0.67
851,100,583687,0.94
852,100,637684,0.9
853,100,825874,0.73
854,100,626415,0.81
855,100,666915,0.83
856,100,716756,0.8
857,100,725562,0.67
858,100,804551,0.37
859,100,549004,0.94
860,100,858527,0.6
861,100,729051,0.64
862,100,569788,0.84
863,100,739295,0.54
864,100,777378,0.32
865,100,738646,0.25
866,100,785272,0.48
867,100,705379,0.72
868,100,808420,0.55
869,100,531160,0.96
870,100,630754,0.81
871,100,753364,0.63
872,100,729309,0.82
873,100,655587,0.75
874,100,800126,0.44
875,100,711836,0.77
876,100,790312,0.51
877,100,750516,0.81
878,100,582997,0.8
879,100,709238,0.71
880,100,460453,0.98
881,100,779033,0.68
882,100,518551,0.99
883,100,683978,0.77
884,100,642209,0.49
885,100,776896,0.52
886,100,751205,0.7
887,100,703369,0.6
888,100,710718,0.65
889,100,787052,0.59
890,100,752155,0.26
891,100,763029,0.61
892,100,694448,0.67
893,100,841101,0.56
894,100,748525,0.66
895,100,664518,0.81
896,100,705700,0.79
897,100,574157,0.93
898,100,761188,0.51
899,100,687752,0.67
900,100,722467,0.75
901,100,331148,1
902,100,749754,0.62
903,100,822790,0.74
904,100,691076,0.69
905,100,546975,0.9
906,100,863855,0.7
907,100,490581,0.99
908,100,698209,0.69
909,100,712927,0.83
910,100,789979,0.54
911,100,197803,1
912,100,800478,0.52
913,100,786234,0.58
914,100,755798,0.38
915,100,558328,0.89
916,100,412030,0.99
917,100,557912,0.93
918,100,790854,0.61
919,100,644543,0.79
920,100,584358,0.8
921,100,731421,0.65
922,100,769713,0.46
923,100,700628,0.7
924,100,779471,0.65
925,100,767344,0.5
926,100,611869,0.87
927,100,593236,0.89
928,100,870966,0.27
929,100,675674,0.28
930,100,367662,1
931,100,803015,0.45
932,100,705223,0.58
933,100,731145,0.61
934,100,682029,0.83
935,100,882015,0.38
936,100,520957,0.89
937,100,860269,0.43
938,100,796063,0.25
939,100,703955,0.83
940,100,748134,0.59
941,100,748097,0.86
942,100,677163,0.8
943,100,747293,0.57
944,100,1006977,0.46
945,100,567980,0.94
946,100,774968,0.39
947,100,846494,0.33
948,100,827333,0.5
949,100,1111269,0.36
950,100,769629,0.57
951,100,772107,0.52
952,100,720774,0.54
953,100,623559,0.85
954,100,820244,0.52
955,100,770432,0.45
956,100,776527,0.6
957,100,668104,0.82
958,100,585388,0.94
959,100,668591,0.77
960,100,847150,0.38
961,100,652173,0.84
962,100,663922,0.75
963,100,654959,0.81
964,100,677856,0.7
965,100,703277,0.64
966,100,675575,0.73
967,100,821179,0.67
968,100,717512,0.62
969,100,828459,0.36
970,100,738271,0.82
971,100,753185,0.83
972,100,653325,0.92
973,100,832539,0.45
974,100,693990,0.83
975,100,642108,0.65
976,100,622598,0.91
977,100,630371,0.96
978,100,727658,0.79
979,100,533717,1
980,100,604557,0.81
981,100,750616,0.46
982,100,714554,0.55
983,100,632875,0.86
984,100,783886,0.61
985,100,730842,0.54
986,100,824106,0.46
987,100,528744,0.93
988,100,751802,0.6
989,100,820664,0.37
990,100,601910,0.93
991,100,570042,0.88
992,100,895893,0.65
993,100,650515,0.69
994,100,787224,0.54
995,100,831033,0.3
996,100,716991,0.39
997,100,608705,0.94
998,100,787491,0.68
999,100,870450,0.37
0,200,1355451,0.93
1,200,1551400,0.64
2,200,1076085,1
3,200,1438718,0.51
4,200,1467318,0.67
5,200,1271205,0.91
6,200,1512859,0.59
7,200,1461896,0.69
8,200,1554664,0.72
9,200,1206930,0.93
10,200,974233,1
11,200,1171096,0.99
12,200,1548032,0.65
13,200,1258185,0.68
14,200,1403273,0.9
15,200,1595804,0.48
16,200,1352243,0.89
17,200,1283198,0.9
18,200,1591300,0.55
19,200,1531672,0.69
20,200,1060729,0.98
21,200,1392084,0.88
22,200,1532188,0.4
23,200,1063036,1
24,200,1555261,0.49
25,200,1363602,0.91
26,200,664033,1
27,200,1264100,0.95
28,200,1444948,0.56
29,200,1412222,0.64
30,200,1444401,0.47
31,200,1596321,0.47
32,200,1249840,0.88
33,200,1598510,0.54
34,200,869579,1
35,200,1246110,0.92
36,200,1435100,0.57
37,200,1158363,0.95
38,200,1419095,0.71
39,200,1491671,0.64
40,200,1224573,0.96
41,200,1511214,0.7
42,200,1287697,0.92
43,200,1587134,0.55
44,200,1331112,0.86
45,200,1462331,0.77
46,200,1517610,0.52
47,200,1262473,0.95
48,200,1489280,0.79
49,200,1243483,0.77
50,200,1516921,0.57
51,200,1244181,0.97
52,200,1539010,0.4
53,200,1136147,0.98
54,200,1366599,0.44
55,200,1152207,0.95
56,200,1374127,0.73
57,200,1478347,0.88
58,200,902368,1
59,200,991224,0.98
60,200,1436912,0.33
61,200,1405438,0.67
62,200,1234190,0.92
63,200,1375431,0.85
64,200,1345912,0.73
65,200,1551094,0.67
66,200,1303703,0.95
67,200,1397154,0.85
68,200,1436351,0.73
69,200,1356597,0.78
70,200,908262,1
71,200,1404729,0.71
72,200,1074842,0.98
73,200,1471814,0.8
74,200,1423921,0.61
75,200,1072129,0.89
76,200,1520047,0.56
77,200,1406610,0.89
78,200,1349081,0.87
79,200,1075769,0.99
80,200,1590162,0.6
81,200,1338253,0.83
82,200,1424908,0.82
83,200,1514282,0.64
84,200,1536417,0.76
85,200,1450664,0.79
86,200,1516817,0.55
87,200,1423803,0.66
88,200,1563311,0.51
89,200,971836,0.95
90,200,1343274,0.84
91,200,931518,0.99
92,200,1444890,0.67
93,200,1432092,0.84
94,200,1464405,0.49
95,200,1591077,0.44
96,200,1352352,0.92
97,200,1316204,0.72
98,200,1537028,0.48
99,200,1437900,0.55
100,200,1426573,0.53
101,200,1237470,0.95
102,200,1017337,1
103,200,961555,0.96
104,200,1353814,0.39
105,200,792426,0.99
106,200,1332397,0.91
107,200,1167428,0.92
108,200,1302791,0.95
109,200,1560883,0.59
110,200,1359807,0.88
111,200,1402420,0.71
112,200,1430883,0.62
113,200,1365215,0.87
114,200,1310863,0.87
115,200,1452533,0.72
116,200,1296768,0.81
117,200,1501901,0.6
118,200,1469714,0.49
119,200,1478741,0.68
120,200,1457486,0.58
121,200,1418411,0.57
122,200,1110872,0.98
123,200,823149,1
124,200,1032702,1
125,200,1088327,0.96
126,200,1148719,0.83
127,200,1479877,0.38
128,200,1319685,0.79
129,200,1514310,0.51
130,200,1457922,0.9
131,200,1431655,0.53
132,200,1465953,0.47
133,200,1327986,0.91
134,200,1456455,0.76
135,200,1483213,0.56
136,200,1488094,0.43
137,200,1493735,0.68
138,200,1018269,1
139,200,1452956,0.75
140,200,986725,0.97
141,200,1429062,0.81
142,200,1454441,0.91
143,200,1196515,0.86
144,200,908881,0.99
145,200,1348850,0.48
146,200,909918,0.98
147,200,1432439,0.82
148,200,1226194,0.93
149,200,1378108,0.67
150,200,1146571,0.92
151,200,1325183,0.78
152,200,1491161,0.79
153,200,1271355,0.88
154,200,1419627,0.46
155,200,1322565,0.77
156,200,1111067,0.97
157,200,1447888,0.81
158,200,947178,0.99
159,200,1472419,0.74
160,200,1508050,0.62
161,200,763903,1
162,200,1419987,0.73
163,200,1281894,0.8
164,200,1358713,0.77
165,200,1481819,0.68
166,200,1533405,0.42
167,200,1514162,0.55
168,200,1294426,0.89
169,200,1480402,0.42
170,200,1284377,0.84
171,200,1211472,0.96
172,200,1489911,0.81
173,200,1241007,0.91
174,200,1408921,0.66
175,200,1553325,0.57
176,200,1346192,0.91
177,200,1418521,0.78
178,200,1413605,0.75
179,200,1078792,0.93
180,200,1009461,1
181,200,1292851,0.95
182,200,1378190,0.37
183,200,1383277,0.67
184,200,990103,0.98
185,200,1184073,0.89
186,200,1190374,0.88
187,200,1140864,0.98
188,200,1515623,0.53
189,200,1493575,0.63
190,200,1488196,0.65
191,200,1224751,0.88
192,200,1132569,0.95
193,200,1462220,0.72
194,200,1175174,0.91
195,200,1208640,0.9
196,200,1207842,0.82
197,200,1107927,0.84
198,200,1521106,0.59
199,200,1405014,0.72
200,200,1323458,0.79
201,200,1248528,0.94
202,200,1313535,0.9
203,200,949478,1
204,200,1065613,0.97
205,200,1473090,0.83
206,200,1536371,0.76
207,200,1182002,0.98
208,200,1257530,0.97
209,200,1262366,0.74
210,200,1330444,0.73
211,200,1204386,0.87
212,200,1305128,0.78
213,200,1027155,0.99
214,200,1451722,0.63
215,200,1305150,0.78
216,200,977084,0.99
217,200,940983,0.99
218,200,788629,1
219,200,1556014,0.47
220,200,1279670,0.86
221,200,1549617,0.35
222,200,1509618,0.49
223,200,1237296,0.91
224,200,1273500,0.75
225,200,1504552,0.71
226,200,993829,0.97
227,200,1222333,0.91
228,200,1528312,0.7
229,200,1063968,0.98
230,200,884158,1
231,200,948077,0.98
232,200,1348919,0.71
233,200,1370509,0.77
234,200,1479120,0.54
235,200,1505408,0.61
236,200,916771,0.97
237,200,1429129,0.54
238,200,1484680,0.81
239,200,731308,0.98
240,200,1386124,0.89
241,200,1491228,0.7
242,200,1196706,0.95
243,200,1470332,0.88
244,200,1417391,0.53
245,200,1403026,0.92
246,200,1236771,0.93
247,200,1485921,0.89
248,200,1479811,0.73
249,200,1450289,0.81
250,200,1066307,1
251,200,1490561,0.43
252,200,1457559,0.23
253,200,1239244,0.77
254,200,1275817,0.88
255,200,1031610,0.99
256,200,1182007,0.85
257,200,1449602,0.51
258,200,1382686,0.91
259,200,1418618,0.78
260,200,1291523,0.96
261,200,976566,1
262,200,1489351,0.54
263,200,1532280,0.77
264,200,1580766,0.62
265,200,1214772,0.95
266,200,1001446,1
267,200,1333803,0.96
268,200,1052356,0.99
269,200,1413731,0.8
270,200,1431112,0.78
271,200,1297499,0.79
272,200,1372831,0.73
273,200,910214,1
274,200,1392711,0.88
275,200,861554,0.99
276,200,1472078,0.28
277,200,1379495,0.91
278,200,1246987,0.87
279,200,984800,1
280,200,1283680,0.9
281,200,1467491,0.78
282,200,1566960,0.7
283,200,1362637,0.82
284,200,1468250,0.57
285,200,1316054,0.63
286,200,1410381,0.89
287,200,1360704,0.87
288,200,1455361,0.62
289,200,1456920,0.63
290,200,1366073,0.82
291,200,1468865,0.57
292,200,1411044,0.69
293,200,1531852,0.41
294,200,1130692,0.89
295,200,1258602,0.89
296,200,1461784,0.61
297,200,1166400,1
298,200,1129122,0.96
299,200,1469130,0.45
300,200,1274854,0.77
301,200,1509265,0.39
302,200,1329663,0.82
303,200,978565,0.95
304,200,1489232,0.83
305,200,1325018,0.77
306,200,1214072,0.96
307,200,1490300,0.69
308,200,1476930,0.84
309,200,1466559,0.65
310,200,692482,1
311,200,1435817,0.88
312,200,1499363,0.81
313,200,1314861,0.82
314,200,1501317,0.51
315,200,1476112,0.71
316,200,1486732,0.48
317,200,1559868,0.34
318,200,1103392,0.9
319,200,1284646,0.75
320,200,1374069,0.76
321,200,1106171,0.97
322,200,1307653,0.84
323,200,942543,1
324,200,1430832,0.42
325,200,1445875,0.54
326,200,1133105,0.97
327,200,1415908,0.75
328,200,1016746,0.99
329,200,1481715,0.68
330,200,1329641,0.92
331,200,1256435,0.93
332,200,1479492,0.64
333,200,1207945,0.97
334,200,1449782,0.71
335,200,1390659,0.85
336,200,1312064,0.65
337,200,1000465,0.97
338,200,1523258,0.49
339,200,1485983,0.82
340,200,1556450,0.47
341,200,1540588,0.53
342,200,1475443,0.74
343,200,1436115,0.56
344,200,1269372,0.96
345,200,1069395,1
346,200,1412288,0.82
347,200,1422213,0.83
348,200,1275430,0.94
349,200,1519536,0.77
350,200,1325577,0.94
351,200,794155,0.99
352,200,882994,0.95
353,200,1166079,0.87
354,200,1316713,0.78
355,200,1128040,0.97
356,200,1390161,0.82
357,200,1496697,0.61
358,200,1485441,0.72
359,200,1194782,0.92
360,200,1414007,0.73
361,200,794205,1
362,200,850017,0.99
363,200,1572522,0.67
364,200,1366105,0.74
365,200,1432503,0.64
366,200,1136366,0.99
367,200,618010,1
368,200,1289076,0.72
369,200,903492,1
370,200,1207015,0.99
371,200,1437556,0.79
372,200,1428854,0.56
373,200,1651406,0.55
374,200,1487377,0.63
375,200,1181901,0.94
376,200,1387781,0.88
377,200,1469911,0.66
378,200,1162647,1
379,200,1309915,0.59
380,200,1382374,0.72
381,200,1460678,0.7
382,200,1427375,0.82
383,200,1382178,0.63
384,200,1385519,0.74
385,200,1482200,0.56
386,200,1464076,0.51
387,200,1495876,0.52
388,200,1516308,0.65
389,200,873638,0.98
390,200,1277239,0.92
391,200,1499211,0.78
392,200,1292854,0.79
393,200,1599310,0.59
394,200,1353222,0.92
395,200,1380451,0.74
396,200,1092978,0.99
397,200,1138528,0.98
398,200,1248380,0.85
399,200,2665658,0.56
400,200,1439821,0.81
401,200,1418331,0.73
402,200,1175899,0.94
403,200,1368472,0.75
404,200,917790,1
405,200,1506924,0.6
406,200,1603826,0.46
407,200,1422122,0.7
408,200,1353062,0.81
409,200,1230016,0.75
410,200,1293388,0.81
411,200,939011,0.99
412,200,1439392,0.78
413,200,1371815,0.86
414,200,1552138,0.71
415,200,1167784,0.99
416,200,1334830,0.86
417,200,1622813,0.53
418,200,1327612,0.81
419,200,1501049,0.45
420,200,1544322,0.6
421,200,1323979,0.79
422,200,1212034,0.98
423,200,1325982,0.84
424,200,1456911,0.69
425,200,1356221,0.77
426,200,1507276,0.69
427,200,1157854,0.97
428,200,1089495,1
429,200,1314694,0.91
430,200,1311936,0.75
431,200,1270431,0.79
432,200,1433876,0.61
433,200,1139900,0.99
434,200,1269862,0.83
435,200,1406767,0.8
436,200,1084436,0.97
437,200,1467250,0.79
438,200,1431572,0.78
439,200,1120222,0.98
440,200,1372409,0.8
441,200,1194566,0.84
442,200,1432025,0.56
443,200,1487175,0.83
444,200,1446224,0.63
445,200,1393476,0.67
446,200,1488779,0.7
447,200,1416333,0.83
448,200,1338594,0.83
449,200,1513219,0.75
450,200,1502300,0.78
451,200,1378836,0.9
452,200,1369427,0.8
453,200,1416268,0.64
454,200,1064704,0.95
455,200,1342396,0.83
456,200,1347157,0.76
457,200,1447240,0.62
458,200,1263054,0.76
459,200,1544008,0.53
460,200,1326004,0.93
461,200,1022505,0.92
462,200,1295570,0.87
463,200,1494529,0.69
464,200,1440177,0.81
465,200,1132805,0.94
466,200,1285105,0.94
467,200,1368530,0.88
468,200,1078262,0.99
469,200,1472059,0.56
470,200,1286480,0.88
471,200,1550851,0.7
472,200,1276706,0.7
473,200,1408808,0.87
474,200,1402675,0.71
475,200,1416556,0.76
476,200,1024401,0.99
477,200,1402510,0.81
478,200,1005053,0.96
479,200,1300212,0.59
480,200,1278589,0.74
481,200,1442490,0.8
482,200,956262,1
483,200,1295060,0.92
484,200,1277541,0.95
485,200,863538,0.96
486,200,1375045,0.82
487,200,1362770,0.57
488,200,1408839,0.6
489,200,1291729,0.79
490,200,1438532,0.66
491,200,1562525,0.58
492,200,1453858,0.67
493,200,1374966,0.86
494,200,1035969,0.96
495,200,1346449,0.49
496,200,1559076,0.61
497,200,1382189,0.76
498,200,1056447,0.99
499,200,1460741,0.62
500,200,1316616,0.83
501,200,1282128,0.9
502,200,1208953,0.78
503,200,1106944,0.93
504,200,1223024,0.85
505,200,1155369,0.88
506,200,758617,1
507,200,1403829,0.78
508,200,1420443,0.76
509,200,1201435,0.88
510,200,1176815,0.88
511,200,1458242,0.73
512,200,1344073,0.75
513,200,1219438,0.97
514,200,1510085,0.63
515,200,143078,0
516,200,1424701,0.63
517,200,1190392,0.88
518,200,1148242,0.86
519,200,1432935,0.66
520,200,1085751,0.94
521,200,1461745,0.6
522,200,1355671,0.66
523,200,1396604,0.57
524,200,1566602,0.27
525,200,1404184,0.77
526,200,1398185,0.84
527,200,1483950,0.55
528,200,1467850,0.75
529,200,930829,0.94
530,200,1367552,0.75
531,200,780266,0.99
532,200,1122895,0.96
533,200,1407564,0.74
534,200,1414158,0.8
535,200,1453931,0.5
536,200,984727,0.99
537,200,1029129,0.95
538,200,1470848,0.63
539,200,1273133,0.92
540,200,1494143,0.85
541,200,1505356,0.53
542,200,818429,1
543,200,1389845,0.72
544,200,1470847,0.58
545,200,1248600,0.85
546,200,1462249,0.54
547,200,1266662,0.98
548,200,869775,0.99
549,200,1501599,0.58
550,200,1248466,0.85
551,200,1337891,0.87
552,200,754802,1
553,200,1349614,0.87
554,200,572073,1
555,200,592881,1
556,200,1156495,1
557,200,962686,1
558,200,1259892,0.75
559,200,1467472,0.62
560,200,1173814,1
561,200,1329827,0.88
562,200,1222251,0.89
563,200,1454798,0.75
564,200,1356704,0.52
565,200,1152751,0.98
566,200,1179908,0.98
567,200,1447898,0.72
568,200,1262439,0.92
569,200,1668883,0.23
570,200,1380129,0.86
571,200,1216382,0.9
572,200,1376537,0.8
573,200,1442138,0.83
574,200,1150261,0.93
575,200,987578,0.96
576,200,1158594,0.88
577,200,855667,1
578,200,1519396,0.68
579,200,1253962,0.92
580,200,1345669,0.82
581,200,1465605,0.75
582,200,1499362,0.7
583,200,1654665,0.5
584,200,1304169,0.66
585,200,1330426,0.94
586,200,1484424,0.84
587,200,1413414,0.63
588,200,1517451,0.7
589,200,1644168,0.66
590,200,1514941,0.54
591,200,1391777,0.85
592,200,1563849,0.6
593,200,1456652,0.61
594,200,1357748,0.91
595,200,1124565,1
596,200,1442166,0.81
597,200,1389593,0.72
598,200,1467098,0.7
599,200,1454958,0.56
600,200,1452050,0.76
601,200,1246486,0.85
602,200,1129483,0.93
603,200,1136396,0.96
604,200,1533334,0.51
605,200,1272545,0.74
606,200,1524779,0.57
607,200,1427887,0.47
608,200,1295968,0.83
609,200,1316981,0.73
610,200,886010,0.99
611,200,1462293,0.58
612,200,1165971,0.97
613,200,903664,0.99
614,200,1505942,0.77
615,200,1390117,0.81
616,200,1416909,0.55
617,200,1389982,0.88
618,200,540146,1
619,200,1392552,0.67
620,200,1523701,0.68
621,200,824186,1
622,200,1347535,0.76
623,200,1403631,0.69
624,200,1221796,0.8
625,200,1190895,0.89
626,200,1221896,0.71
627,200,1487565,0.41
628,200,1116212,0.97
629,200,1538485,0.74
630,200,1450597,0.82
631,200,1481988,0.61
632,200,1413353,0.81
633,200,1078359,1
634,200,1228746,0.7
635,200,1260911,0.96
636,200,1286796,0.96
637,200,1289145,0.79
638,200,1386739,0.9
639,200,945395,0.96
640,200,1446172,0.7
641,200,1346947,0.67
642,200,1454453,0.54
643,200,1458045,0.57
644,200,1426842,0.77
645,200,1339899,0.9
646,200,1338781,0.74
647,200,1286444,0.83
648,200,1559649,0.54
649,200,1289705,0.86
650,200,1087291,0.98
651,200,1352516,0.78
652,200,1163342,0.9
653,200,1140551,0.92
654,200,1438312,0.67
655,200,1413510,0.67
656,200,1256599,0.78
657,200,1602371,0.5
658,200,1273973,0.83
659,200,1355082,0.64
660,200,1014014,1
661,200,1231589,0.94
662,200,1349167,0.74
663,200,1087792,0.99
664,200,1461869,0.78
665,200,1425393,0.65
666,200,1246506,0.93
667,200,1501618,0.65
668,200,1372951,0.71
669,200,1500587,0.6
670,200,1409082,0.89
671,200,1366725,0.84
672,200,1416198,0.76
673,200,1418827,0.49
674,200,985908,0.94
675,200,1479010,0.65
676,200,1431802,0.77
677,200,1397455,0.65
678,200,1155676,0.85
679,200,1271749,0.72
680,200,1470499,0.38
681,200,1477672,0.82
682,200,1418402,0.84
683,200,1487050,0.55
684,200,1393212,0.67
685,200,1312647,0.93
686,200,1241192,0.93
687,200,1213683,0.97
688,200,1557294,0.51
689,200,1395689,0.79
690,200,1249098,0.86
691,200,1414459,0.72
692,200,1300984,0.77
693,200,1292976,0.83
694,200,1071444,0.93
695,200,1364633,0.83
696,200,1474865,0.61
697,200,1231842,0.92
698,200,1535004,0.74
699,200,1134170,1
700,200,1362841,0.68
701,200,1450760,0.81
702,200,1019332,0.98
703,200,1591519,0.43
704,200,1285241,0.88
705,200,1381072,0.81
706,200,1457082,0.75
707,200,1233608,0.95
708,200,1276841,0.95
709,200,1476481,0.72
710,200,1163500,0.99
711,200,1177759,0.96
712,200,1394858,0.79
713,200,1515762,0.71
714,200,1429790,0.7
715,200,1360073,0.82
716,200,1357432,0.83
717,200,1473301,0.66
718,200,1101254,0.89
719,200,1448211,0.68
720,200,1493707,0.77
721,200,1504635,0.55
722,200,1301576,0.85
723,200,1239367,0.96
724,200,1443710,0.57
725,200,1066308,0.91
726,200,937080,1
727,200,1164299,0.94
728,200,1573788,0.46
729,200,1217006,0.9
730,200,1541314,0.64
731,200,1247124,0.86
732,200,1098741,0.94
733,200,946834,1
734,200,1133174,0.93
735,200,1474485,0.4
736,200,1177891,0.96
737,200,1372219,0.72
738,200,1347558,0.91
739,200,1377316,0.87
740,200,1287434,0.79
741,200,1441218,0.65
742,200,1168884,0.93
743,200,1458610,0.43
744,200,1128162,0.99
745,200,1516313,0.52
746,200,1254244,0.94
747,200,1383559,0.78
748,200,1096791,0.92
749,200,1228391,0.96
750,200,1522552,0.53
751,200,1411087,0.89
752,200,1684438,0.4
753,200,1296684,0.6
754,200,1313394,0.92
755,200,1336385,0.93
756,200,1262046,0.96
757,200,1379680,0.67
758,200,1250387,0.93
759,200,1044996,1
760,200,1511294,0.57
761,200,703727,1
762,200,1054709,0.97
763,200,1549785,0.73
764,200,1371842,0.67
765,200,1381161,0.76
766,200,1221690,0.97
767,200,1428581,0.49
768,200,1362631,0.68
769,200,1346008,0.57
770,200,1371422,0.77
771,200,1101659,0.99
772,200,1522134,0.6
773,200,1037235,1
774,200,1427896,0.65
775,200,904788,1
776,200,1300545,0.9
777,200,1287383,0.8
778,200,1170946,0.97
779,200,1350881,0.91
780,200,1208911,0.83
781,200,1337307,0.52
782,200,1293155,0.64
783,200,1474147,0.66
784,200,1039966,0.99
785,200,1228238,0.85
786,200,915146,1
787,200,1000925,0.96
788,200,1395533,0.84
789,200,1551081,0.47
790,200,1231845,0.95
791,200,1345886,0.87
792,200,1544492,0.59
793,200,1504048,0.47
794,200,1366035,0.73
795,200,1432292,0.59
796,200,761842,0.98
797,200,1465236,0.49
798,200,1489156,0.63
799,200,1240627,0.97
800,200,1410638,0.83
801,200,1320461,0.92
802,200,1515449,0.7
803,200,1124032,0.92
804,200,1069071,1
805,200,1441707,0.66
806,200,1492469,0.69
807,200,562232,1
808,200,1481016,0.79
809,200,1562482,0.55
810,200,1315096,0.99
811,200,1381373,0.79
812,200,1106902,0.93
813,200,1446982,0.81
814,200,1468639,0.43
815,200,1406913,0.82
816,200,1397410,0.79
817,200,1573556,0.59
818,200,1301746,0.81
819,200,1481830,0.48
820,200,1427784,0.58
821,200,1477738,0.78
822,200,1204281,0.87
823,200,1472454,0.7
824,200,1379897,0.86
825,200,721973,1
826,200,1010475,0.98
827,200,1367363,0.89
828,200,1365069,0.92
829,200,1472453,0.64
830,200,1210396,0.94
831,200,1045285,0.99
832,200,1484779,0.64
833,200,1429220,0.71
834,200,1268607,0.81
835,200,1060101,0.99
836,200,1440016,0.48
837,200,1151123,0.92
838,200,146156,0
839,200,1455946,0.7
840,200,1475764,0.82
841,200,1223051,0.89
842,200,881758,0.99
843,200,1264088,0.81
844,200,1280929,0.84
845,200,1548067,0.69
846,200,1436458,0.72
847,200,978122,0.99
848,200,1453666,0.68
849,200,1452292,0.86
850,200,1371282,0.82
851,200,1064730,1
852,200,1133921,0.96
853,200,1258429,0.81
854,200,1108772,0.93
855,200,1231970,0.95
856,200,1334636,0.89
857,200,1377927,0.82
858,200,1511504,0.55
859,200,1042370,0.98
860,200,1544046,0.73
861,200,1374042,0.84
862,200,1103947,0.94
863,200,1389814,0.81
864,200,1466319,0.51
865,200,1542611,0.43
866,200,1410272,0.62
867,200,1336137,0.82
868,200,1511650,0.7
869,200,1017193,0.99
870,200,1206668,0.89
871,200,1412210,0.74
872,200,1402962,0.89
873,200,1268083,0.89
874,200,1415603,0.65
875,200,1373789,0.88
876,200,1463431,0.67
877,200,1366596,0.94
878,200,1079460,0.91
879,200,1325977,0.84
880,200,882848,0.99
881,200,1499290,0.76
882,200,941102,1
883,200,1314104,0.87
884,200,1216559,0.67
885,200,1466934,0.7
886,200,1434714,0.83
887,200,1289954,0.74
888,200,1367060,0.8
889,200,1468621,0.77
890,200,1486436,0.45
891,200,1386101,0.75
892,200,1333127,0.77
893,200,1520467,0.66
894,200,1422303,0.78
895,200,1306113,0.93
896,200,1269877,0.93
897,200,1086704,0.99
898,200,1470362,0.62
899,200,1301864,0.75
900,200,1312842,0.87
901,200,576463,1
902,200,1414598,0.79
903,200,1466509,0.81
904,200,1314795,0.92
905,200,1023412,0.99
906,200,1474258,0.82
907,200,891500,1
908,200,1298760,0.85
909,200,1351966,0.87
910,200,1429612,0.77
911,200,444435,1
912,200,1528381,0.65
913,200,1495615,0.75
914,200,1521239,0.78
915,200,1037300,0.96
916,200,711049,0.99
917,200,1031592,0.98
918,200,1429732,0.77
919,200,1248035,0.95
920,200,1113813,0.9
921,200,1331825,0.72
922,200,1435422,0.7
923,200,1347928,0.84
924,200,1435077,0.8
925,200,1516614,0.63
926,200,1145254,0.97
927,200,1164506,0.98
928,200,1556324,0.32
929,200,1251134,0.58
930,200,679567,1
931,200,1474610,0.58
932,200,1261706,0.71
933,200,1392278,0.78
934,200,1232690,0.92
935,200,1605001,0.51
936,200,984983,0.96
937,200,1494529,0.58
938,200,1529004,0.44
939,200,1307737,0.92
940,200,1394704,0.72
941,200,1349644,0.95
942,200,1257164,0.94
943,200,1451676,0.68
944,200,1612429,0.6
945,200,1055610,0.99
946,200,1488587,0.5
947,200,1517571,0.42
948,200,1527962,0.61
949,200,1713862,0.46
950,200,1419939,0.75
951,200,1427178,0.7
952,200,1390311,0.66
953,200,1127742,0.94
954,200,1521283,0.68
955,200,1401856,0.57
956,200,1447487,0.79
957,200,1237359,0.92
958,200,1057341,0.98
959,200,1251082,0.94
960,200,1563846,0.54
961,200,1185900,0.9
962,200,1266891,0.87
963,200,1289504,0.86
964,200,1303221,0.85
965,200,1358244,0.81
966,200,1221604,0.88
967,200,1432367,0.76
968,200,1365151,0.75
969,200,1493918,0.55
970,200,1343513,0.95
971,200,1325778,0.91
972,200,1158360,0.98
973,200,1498810,0.6
974,200,1274657,0.93
975,200,1257628,0.75
976,200,1125991,0.97
977,200,1117223,0.99
978,200,1367052,0.86
979,200,955220,1
980,200,1113169,0.91
981,200,1356990,0.79
982,200,1428663,0.69
983,200,1202260,0.91
984,200,1438916,0.76
985,200,1411999,0.74
986,200,1506880,0.58
987,200,984014,0.99
988,200,1401642,0.76
989,200,1524323,0.47
990,200,1143370,0.97
991,200,1027368,0.98
992,200,1613534,0.72
993,200,1274094,0.8
994,200,1479103,0.69
995,200,1522279,0.47
996,200,1443068,0.54
997,200,1095363,1
998,200,1443653,0.79
999,200,1601500,0.58
0,300,2239976,0.97
1,300,2544430,0.71
2,300,1856849,1
3,300,2367871,0.65
4,300,2350894,0.72
5,300,2024845,0.93
6,300,2502604,0.7
7,300,2422713,0.82
8,300,2526396,0.82
9,300,1991894,0.98
10,300,1555121,1
11,300,1904665,1
12,300,2597239,0.69
13,300,2156799,0.76
14,300,2205076,0.92
15,300,2533726,0.63
16,300,2259560,0.95
17,300,2133180,0.95
18,300,2599830,0.6
19,300,2456820,0.71
20,300,1710492,0.99
21,300,2265541,0.92
22,300,2437872,0.49
23,300,1653812,1
24,300,2552692,0.63
25,300,2325798,0.96
26,300,1007325,1
27,300,1990984,0.99
28,300,2320098,0.71
29,300,2191187,0.77
30,300,2424606,0.58
31,300,2480167,0.58
32,300,2064708,0.93
33,300,2448701,0.59
34,300,1446848,1
35,300,1879873,0.94
36,300,2409036,0.69
37,300,1845531,0.99
38,300,2372698,0.8
39,300,2364538,0.75
40,300,1981698,0.98
41,300,2402502,0.8
42,300,2061020,0.95
43,300,2511116,0.64
44,300,2178467,0.94
45,300,2250950,0.88
46,300,2244540,0.63
47,300,2005709,0.97
48,300,2230305,0.88
49,300,2058958,0.81
50,300,2448571,0.66
51,300,1977075,1
52,300,2475946,0.55
53,300,1788686,0.99
54,300,2175344,0.58
55,300,1899211,0.97
56,300,2140407,0.8
57,300,2248201,0.92
58,300,1335408,1
59,300,2059063,1
60,300,2675119,0.48
61,300,2226006,0.79
62,300,1991977,0.96
63,300,2137140,0.89
64,300,2227889,0.85
65,300,2327607,0.75
66,300,2037851,0.98
67,300,2260692,0.88
68,300,2378319,0.79
69,300,2088067,0.84
70,300,1316892,1
71,300,2280290,0.78
72,300,1573324,0.98
73,300,2403868,0.84
74,300,2280273,0.74
75,300,1589975,0.91
76,300,2395554,0.69
77,300,2247037,0.93
78,300,2107574,0.93
79,300,1671621,0.99
80,300,2460621,0.69
81,300,2171772,0.92
82,300,2303517,0.89
83,300,2348092,0.74
84,300,2369461,0.82
85,300,2225659,0.84
86,300,2462532,0.65
87,300,2323204,0.82
88,300,2433867,0.63
89,300,1575231,0.98
90,300,2174164,0.9
91,300,1536911,1
92,300,2169093,0.77
93,300,2227558,0.93
94,300,2304373,0.53
95,300,2530119,0.58
96,300,2029330,0.97
97,300,2114516,0.75
98,300,2359974,0.6
99,300,2337244,0.7
100,300,2327983,0.62
101,300,1903558,0.96
102,300,1504515,1
103,300,1520073,1
104,300,2124759,0.48
105,300,1182014,1
106,300,2149400,0.94
107,300,1838164,0.98
108,300,2096215,0.98
109,300,2395602,0.63
110,300,2166079,0.97
111,300,2267283,0.81
112,300,2319372,0.69
113,300,2159286,0.91
114,300,2122507,0.91
115,300,2260433,0.8
116,300,2145118,0.9
117,300,2405400,0.69
118,300,2387657,0.59
119,300,2205093,0.78
120,300,2251307,0.71
121,300,2237466,0.7
122,300,1723313,0.98
123,300,1313707,1
124,300,1545291,1
125,300,1629516,0.99
126,300,1827401,0.9
127,300,2394222,0.54
128,300,2118494,0.89
129,300,2305258,0.65
130,300,2248548,0.93
131,300,2250072,0.68
132,300,2363296,0.52
133,300,2023727,0.93
134,300,2203907,0.87
135,300,2280382,0.65
136,300,2243932,0.62
137,300,2254938,0.78
138,300,1571804,1
139,300,2280442,0.85
140,300,1567335,0.98
141,300,2262523,0.9
142,300,2208214,0.96
143,300,1944959,0.9
144,300,1518983,0.99
145,300,2240753,0.54
146,300,1401803,0.98
147,300,2162098,0.88
148,300,1973848,0.96
149,300,2185344,0.76
150,300,1895797,0.98
151,300,2042721,0.84
152,300,2236507,0.87
153,300,1914914,0.93
154,300,2238869,0.65
155,300,2165467,0.87
156,300,1843519,0.98
157,300,2181414,0.87
158,300,1409446,1
159,300,2206941,0.84
160,300,2267053,0.7
161,300,1152651,1
162,300,2146760,0.8
163,300,1954206,0.86
164,300,2160899,0.86
165,300,2243723,0.73
166,300,2301126,0.49
167,300,2276490,0.59
168,300,2001117,0.95
169,300,2406554,0.56
170,300,2048762,0.91
171,300,1949491,0.98
172,300,2266121,0.86
173,300,1909841,0.96
174,300,2118268,0.71
175,300,2349496,0.69
176,300,2072149,0.95
177,300,2057032,0.84
178,300,2239221,0.79
179,300,1621285,0.98
180,300,1541407,1
181,300,2008124,0.98
182,300,2241885,0.57
183,300,2201676,0.71
184,300,1453347,1
185,300,1814497,0.96
186,300,1764618,0.97
187,300,1694600,0.98
188,300,2334455,0.57
189,300,2283455,0.74
190,300,2247765,0.82
191,300,2024614,0.92
192,300,1751584,0.97
193,300,2313933,0.8
194,300,1835126,0.96
195,300,1746110,0.95
196,300,1881611,0.94
197,300,1851556,0.95
198,300,2296806,0.71
199,300,2241829,0.8
200,300,2075197,0.86
201,300,1808502,0.96
202,300,1986596,0.96
203,300,1340331,1
204,300,1654206,0.99
205,300,2229456,0.87
206,300,2235538,0.79
207,300,1852203,0.99
208,300,1890065,1
209,300,2076042,0.77
210,300,2053455,0.82
211,300,1782320,0.93
212,300,2031111,0.84
213,300,1528907,0.99
214,300,2309959,0.76
215,300,2098682,0.89
216,300,1430128,0.99
217,300,1465798,0.99
218,300,1331898,1
219,300,2303355,0.6
220,300,2097586,0.9
221,300,2456549,0.51
222,300,2273130,0.52
223,300,1794789,0.93
224,300,2157001,0.84
225,300,2303599,0.8
226,300,1583684,0.99
227,300,2001942,0.95
228,300,2320682,0.81
229,300,1648254,1
230,300,1333946,1
231,300,1459437,0.99
232,300,2234024,0.78
233,300,2107531,0.86
234,300,2295179,0.58
235,300,2237887,0.69
236,300,1466317,0.99
237,300,2300705,0.7
238,300,2311415,0.87
239,300,1124305,0.99
240,300,2100289,0.9
241,300,2295096,0.78
242,300,1871779,0.98
243,300,2205027,0.93
244,300,2141908,0.62
245,300,2186354,0.95
246,300,1913099,0.96
247,300,2205855,0.94
248,300,2260611,0.82
249,300,2173457,0.85
250,300,1579698,1
251,300,2283356,0.53
252,300,2316528,0.29
253,300,1891784,0.87
254,300,1987841,0.95
255,300,1594257,0.99
256,300,1900336,0.94
257,300,2201487,0.6
258,300,2071743,0.96
259,300,2233827,0.83
260,300,1904912,0.97
261,300,1470426,1
262,300,2271235,0.67
263,300,2146881,0.85
264,300,2368978,0.69
265,300,1876762,0.98
266,300,1476549,1
267,300,2071576,0.97
268,300,1542613,1
269,300,2170020,0.85
270,300,2125455,0.85
271,300,1964915,0.87
272,300,2195539,0.81
273,300,1379909,1
274,300,2149320,0.96
275,300,1301356,0.99
276,300,2253957,0.41
277,300,2134038,0.93
278,300,2012253,0.95
279,300,1450140,1
280,300,1928596,0.96
281,300,2205064,0.82
282,300,2300228,0.74
283,300,2060141,0.91
284,300,2217522,0.66
285,300,2062548,0.67
286,300,2127919,0.96
287,300,2106582,0.93
288,300,2190411,0.75
289,300,2185205,0.69
290,300,2021396,0.89
291,300,2199084,0.62
292,300,2114491,0.73
293,300,2338413,0.47
294,300,1757220,0.91
295,300,1888316,0.95
296,300,2217633,0.71
297,300,1777258,1
298,300,1710055,0.97
299,300,2158082,0.57
300,300,1914045,0.82
301,300,2278845,0.47
302,300,2047510,0.89
303,300,1516365,0.95
304,300,2321180,0.88
305,300,1941997,0.83
306,300,1895112,0.98
307,300,2325753,0.8
308,300,2225324,0.89
309,300,2311598,0.74
310,300,1057465,1
311,300,2168857,0.94
312,300,2245406,0.92
313,300,2066769,0.89
314,300,2208100,0.57
315,300,2170230,0.74
316,300,2287325,0.57
317,300,2465429,0.43
318,300,1628067,0.94
319,300,1961643,0.84
320,300,2072198,0.84
321,300,1670342,0.99
322,300,1847501,0.89
323,300,1433817,1
324,300,2218881,0.48
325,300,2148835,0.71
326,300,1625421,0.98
327,300,2260590,0.82
328,300,1599083,1
329,300,2253562,0.76
330,300,1956750,0.94
331,300,1928791,0.95
332,300,2238800,0.69
333,300,1825309,0.97
334,300,2211011,0.81
335,300,2153592,0.9
336,300,2010697,0.76
337,300,1537952,0.99
338,300,2351744,0.62
339,300,2191753,0.88
340,300,2341871,0.55
341,300,2386884,0.67
342,300,2212090,0.81
343,300,2154194,0.6
344,300,1875851,0.98
345,300,1637264,1
346,300,2151328,0.88
347,300,2140299,0.89
348,300,1926932,0.96
349,300,2295613,0.86
350,300,2007750,1
351,300,1135822,0.99
352,300,1487442,0.98
353,300,1674961,0.93
354,300,1937681,0.87
355,300,1738394,0.98
356,300,2129149,0.89
357,300,2233739,0.72
358,300,2148446,0.82
359,300,1824046,0.97
360,300,2070627,0.83
361,300,1125496,1
362,300,1254028,0.99
363,300,2234541,0.68
364,300,2151371,0.79
365,300,2110199,0.74
366,300,1733923,1
367,300,924913,1
368,300,2095103,0.81
369,300,1336100,1
370,300,1836687,1
371,300,2222400,0.84
372,300,2185922,0.65
373,300,2426962,0.68
374,300,2207014,0.69
375,300,1821485,0.95
376,300,2048051,0.92
377,300,2227502,0.76
378,300,1720487,1
379,300,2034058,0.7
380,300,2172775,0.77
381,300,2144450,0.75
382,300,2119417,0.87
383,300,2145366,0.72
384,300,2042846,0.81
385,300,2229970,0.69
386,300,2144593,0.59
387,300,2285397,0.58
388,300,2371674,0.75
389,300,1264578,0.99
390,300,1948501,0.92
391,300,5105539,0.83
392,300,2266122,0.85
393,300,2570245,0.66
394,300,2186441,0.93
395,300,2408785,0.86
396,300,1902584,0.99
397,300,2066705,0.99
398,300,2185474,0.92
399,300,2493878,0.65
400,300,2431408,0.91
401,300,2379497,0.82
402,300,2040943,0.98
403,300,2434983,0.81
404,300,1463849,1
405,300,2429987,0.65
406,300,2640454,0.57
407,300,2542267,0.76
408,300,2314007,0.86
409,300,2214116,0.78
410,300,2154275,0.84
411,300,1682767,0.99
412,300,2366262,0.83
413,300,2283506,0.93
414,300,2477933,0.77
415,300,2003031,0.99
416,300,2291411,0.88
417,300,2641436,0.61
418,300,2213785,0.87
419,300,2482442,0.56
420,300,2555129,0.73
421,300,2254646,0.87
422,300,2000994,0.98
423,300,2290171,0.89
424,300,2423738,0.78
425,300,2398239,0.82
426,300,2559338,0.75
427,300,2057685,1
428,300,1837423,1
429,300,2337083,0.94
430,300,2145632,0.85
431,300,2263973,0.87
432,300,2452477,0.71
433,300,2072783,1
434,300,2076527,0.88
435,300,2355085,0.85
436,300,1775915,0.98
437,300,2472779,0.88
438,300,2490701,0.82
439,300,1919413,0.98
440,300,2205115,0.87
441,300,2280191,0.84
442,300,2583309,0.72
443,300,2526315,0.88
444,300,2510145,0.76
445,300,2383808,0.74
446,300,2432685,0.77
447,300,2376203,0.89
448,300,2221828,0.9
449,300,2371229,0.82
450,300,2466431,0.81
451,300,2274765,0.97
452,300,2217612,0.87
453,300,2342478,0.71
454,300,1859581,0.96
455,300,2298192,0.9
456,300,2315950,0.84
457,300,2328872,0.67
458,300,2182184,0.85
459,300,2469691,0.59
460,300,2088144,0.95
461,300,1761756,0.98
462,300,2061658,0.88
463,300,2375589,0.77
464,300,2407033,0.87
465,300,1997594,0.99
466,300,2116393,0.98
467,300,2261323,0.94
468,300,1790408,0.99
469,300,2440957,0.66
470,300,2254370,0.94
471,300,2452034,0.73
472,300,2198788,0.78
473,300,2280436,0.93
474,300,2312968,0.83
475,300,2363644,0.79
476,300,1816441,1
477,300,2282268,0.88
478,300,1653994,0.99
479,300,2163839,0.71
480,300,2213554,0.81
481,300,2309143,0.87
482,300,1643766,1
483,300,2133356,0.96
484,300,2093437,0.99
485,300,1514833,0.97
486,300,2270108,0.85
487,300,2269085,0.69
488,300,2110864,0.68
489,300,2082961,0.9
490,300,2340779,0.73
491,300,2536988,0.67
492,300,2327674,0.8
493,300,2230239,0.91
494,300,1703619,0.99
495,300,2284126,0.6
496,300,2396973,0.7
497,300,2277230,0.82
498,300,1806384,1
499,300,2356825,0.69
500,300,2083116,0.86
501,300,2154533,0.95
502,300,1988091,0.83
503,300,1872443,0.95
504,300,2097375,0.93
505,300,1873500,0.94
506,300,1215000,1
507,300,2185038,0.85
508,300,2315535,0.79
509,300,2030162,0.93
510,300,1992071,0.93
511,300,2274819,0.78
512,300,2098765,0.85
513,300,2057549,0.98
514,300,2412254,0.71
515,300,242487,0
516,300,2333472,0.77
517,300,1950512,0.93
518,300,1840049,0.92
519,300,2274386,0.72
520,300,1833420,0.98
521,300,2325031,0.75
522,300,2111569,0.73
523,300,2173076,0.67
524,300,2376800,0.46
525,300,2188414,0.79
526,300,2238829,0.89
527,300,2324886,0.62
528,300,2322561,0.8
529,300,1559216,0.99
530,300,2224103,0.85
531,300,1303772,1
532,300,1759153,0.98
533,300,2237953,0.81
534,300,2236916,0.88
535,300,2322830,0.57
536,300,1595132,1
537,300,1719803,0.98
538,300,2395154,0.67
539,300,1958881,0.97
540,300,2291113,0.88
541,300,2348901,0.62
542,300,1379423,1
543,300,2240598,0.8
544,300,2362914,0.69
545,300,1971721,0.93
546,300,2256551,0.58
547,300,2074178,1
548,300,1488802,0.99
549,300,2360912,0.66
550,300,2008105,0.89
551,300,2124011,0.92
552,300,1229250,1
553,300,2109213,0.94
554,300,860832,1
555,300,904052,1
556,300,1825165,1
557,300,1544366,1
558,300,2086864,0.83
559,300,2295916,0.7
560,300,1905912,1
561,300,2109969,0.92
562,300,1914882,0.95
563,300,2196518,0.83
564,300,2051624,0.58
565,300,1852511,0.99
566,300,1790908,0.99
567,300,2247971,0.81
568,300,2026209,0.94
569,300,2382917,0.43
570,300,2077037,0.87
571,300,1937993,0.98
572,300,2206433,0.88
573,300,2219162,0.88
574,300,1828902,0.96
575,300,1592612,0.99
576,300,1737296,0.95
577,300,1313508,1
578,300,2374819,0.81
579,300,2074596,0.94
580,300,2061908,0.86
581,300,2289393,0.84
582,300,2284882,0.78
583,300,2299565,0.53
584,300,2047579,0.73
585,300,2071947,0.98
586,300,2323949,0.86
587,300,2260643,0.7
588,300,2321704,0.73
589,300,2344946,0.68
590,300,2360914,0.64
591,300,2060920,0.88
592,300,2380356,0.69
593,300,2202125,0.74
594,300,2126686,0.93
595,300,1746611,1
596,300,2213580,0.88
597,300,2239787,0.79
598,300,2286624,0.79
599,300,2350496,0.58
600,300,2306946,0.79
601,300,2037389,0.92
602,300,1795344,0.95
603,300,1763252,0.99
604,300,2375545,0.66
605,300,2087723,0.82
606,300,2289921,0.63
607,300,2311658,0.49
608,300,1999634,0.9
609,300,2136716,0.8
610,300,1398671,0.99
611,300,2324421,0.74
612,300,1857706,0.98
613,300,1370850,1
614,300,2326761,0.82
615,300,2197149,0.87
616,300,2121037,0.71
617,300,2133938,0.91
618,300,857095,1
619,300,2145113,0.82
620,300,2340965,0.78
621,300,1229782,1
622,300,2103754,0.81
623,300,2183085,0.8
624,300,1966413,0.89
625,300,1964030,0.93
626,300,1863159,0.79
627,300,2378187,0.51
628,300,1817116,1
629,300,2359546,0.82
630,300,2244744,0.86
631,300,2326481,0.67
632,300,2165918,0.86
633,300,1716290,1
634,300,2038573,0.81
635,300,1964010,0.98
636,300,1931983,0.98
637,300,2051250,0.81
638,300,2131757,0.93
639,300,1420696,0.98
640,300,2291408,0.78
641,300,2124051,0.77
642,300,2296257,0.58
643,300,2243827,0.68
644,300,2240581,0.84
645,300,2060917,0.94
646,300,2135022,0.84
647,300,1976033,0.89
648,300,2292841,0.68
649,300,1961315,0.93
650,300,1720783,0.99
651,300,2175718,0.84
652,300,1924463,0.93
653,300,1923035,0.96
654,300,2231306,0.81
655,300,2231053,0.74
656,300,1942575,0.87
657,300,2455326,0.66
658,300,1975380,0.9
659,300,2031733,0.75
660,300,1643847,1
661,300,1921204,0.99
662,300,2067096,0.82
663,300,1643814,1
664,300,2266877,0.8
665,300,2175844,0.77
666,300,1892232,0.99
667,300,2327218,0.73
668,300,2174226,0.82
669,300,2254917,0.69
670,300,2143634,0.96
671,300,2091656,0.9
672,300,2170576,0.82
673,300,2298360,0.54
674,300,1475673,0.97
675,300,2291862,0.77
676,300,2202264,0.82
677,300,2229385,0.71
678,300,1851926,0.87
679,300,2092936,0.75
680,300,2271152,0.48
681,300,2225783,0.86
682,300,2110121,0.88
683,300,2255399,0.64
684,300,2072427,0.78
685,300,1966367,1
686,300,1956412,0.99
687,300,1784328,0.99
688,300,2418618,0.57
689,300,2033174,0.86
690,300,2001765,0.89
691,300,2142077,0.77
692,300,1954607,0.82
693,300,2055445,0.9
694,300,1669356,0.96
695,300,2110908,0.94
696,300,2266928,0.69
697,300,1901758,0.98
698,300,2328892,0.84
699,300,1672596,1
700,300,2156461,0.85
701,300,2308791,0.85
702,300,1621871,0.99
703,300,2339033,0.54
704,300,1930912,0.94
705,300,2077464,0.88
706,300,2256264,0.83
707,300,1882276,0.98
708,300,1866206,0.99
709,300,2170226,0.78
710,300,1823788,0.99
711,300,1836644,0.99
712,300,2125990,0.87
713,300,2347759,0.75
714,300,2158754,0.81
715,300,2084450,0.9
716,300,2071061,0.85
717,300,2222294,0.75
718,300,1699912,0.92
719,300,2235655,0.75
720,300,2242509,0.8
721,300,2267016,0.65
722,300,1997808,0.91
723,300,1926702,0.99
724,300,2196384,0.67
725,300,1718207,0.96
726,300,1414310,1
727,300,1744001,0.97
728,300,2343663,0.52
729,300,2000374,0.96
730,300,2315141,0.71
731,300,1846518,0.89
732,300,1627255,0.95
733,300,1407884,1
734,300,1762001,0.93
735,300,2218316,0.48
736,300,1759358,0.98
737,300,2040996,0.78
738,300,2091543,0.93
739,300,2053448,0.93
740,300,2019341,0.87
741,300,2264701,0.72
742,300,1802846,0.97
743,300,2248043,0.48
744,300,1796375,0.99
745,300,2263991,0.56
746,300,1859483,0.97
747,300,2043805,0.85
748,300,1693711,0.96
749,300,1834915,0.97
750,300,2288729,0.6
751,300,2134704,0.9
752,300,2328748,0.41
753,300,2056817,0.72
754,300,1935104,0.94
755,300,2029154,0.96
756,300,1907682,0.99
757,300,2136176,0.76
758,300,1926625,0.96
759,300,1531311,1
760,300,2371510,0.63
761,300,1066896,1
762,300,1583054,1
763,300,2310025,0.8
764,300,2049668,0.76
765,300,2140617,0.85
766,300,1885668,0.99
767,300,2193073,0.62
768,300,2058609,0.79
769,300,2000281,0.7
770,300,2112039,0.84
771,300,1700790,1
772,300,2289203,0.69
773,300,1549249,1
774,300,2165003,0.72
775,300,1357127,1
776,300,1943333,0.93
777,300,1913979,0.9
778,300,1736610,0.99
779,300,1978174,0.97
780,300,1799360,0.86
781,300,2086854,0.59
782,300,2020872,0.71
783,300,2244049,0.75
784,300,1550851,1
785,300,1814054,0.92
786,300,1438308,1
787,300,1529219,0.99
788,300,2129799,0.89
789,300,2303880,0.56
790,300,1839096,0.99
791,300,2084339,0.94
792,300,2339386,0.7
793,300,2374429,0.62
794,300,2145691,0.85
795,300,2189528,0.71
796,300,1345245,0.99
797,300,2200237,0.63
798,300,2223729,0.71
799,300,1849988,0.98
800,300,2078872,0.86
801,300,1949054,0.97
802,300,2287992,0.79
803,300,1672852,0.94
804,300,1544657,1
805,300,2224622,0.71
806,300,2199322,0.7
807,300,879634,1
808,300,2225770,0.88
809,300,2327569,0.64
810,300,2008409,1
811,300,2073120,0.86
812,300,1662360,0.95
813,300,2211174,0.86
814,300,2227163,0.5
815,300,2170372,0.91
816,300,2093354,0.86
817,300,2305401,0.68
818,300,2053306,0.85
819,300,2217076,0.53
820,300,2176654,0.64
821,300,2215728,0.84
822,300,1813370,0.9
823,300,2347551,0.76
824,300,2158979,0.89
825,300,1074402,1
826,300,1501764,0.99
827,300,2075711,0.93
828,300,2024450,0.96
829,300,2217075,0.72
830,300,1856560,0.97
831,300,1522777,1
832,300,2206505,0.71
833,300,5387178,0.85
834,300,2105357,0.92
835,300,1709770,1
836,300,2675764,0.55
837,300,1997680,0.99
838,300,223715,0
839,300,2643810,0.76
840,300,2542946,0.88
841,300,2020996,0.93
842,300,1497758,1
843,300,2104464,0.85
844,300,2096108,0.94
845,300,2699107,0.74
846,300,2465950,0.88
847,300,1686303,1
848,300,2528297,0.81
849,300,2466270,0.92
850,300,2465442,0.9
851,300,1642546,1
852,300,1903996,0.98
853,300,2252197,0.82
854,300,1895241,0.96
855,300,2177289,0.96
856,300,2347674,0.93
857,300,2384868,0.85
858,300,2710292,0.64
859,300,1743597,1
860,300,2600974,0.76
861,300,2330625,0.93
862,300,1940516,0.97
863,300,2410556,0.87
864,300,2549279,0.57
865,300,2554882,0.51
866,300,2414059,0.75
867,300,2292099,0.85
868,300,2577442,0.82
869,300,1691261,1
870,300,2005518,0.91
871,300,2525745,0.8
872,300,2354617,0.92
873,300,2188281,0.94
874,300,2495084,0.68
875,300,2346702,0.91
876,300,2494763,0.77
877,300,2337189,0.98
878,300,1820137,0.97
879,300,2219086,0.85
880,300,1479673,0.99
881,300,2417147,0.84
882,300,1512387,1
883,300,2196585,0.91
884,300,2160132,0.75
885,300,2444248,0.83
886,300,2348666,0.9
887,300,2052422,0.86
888,300,2172766,0.86
889,300,2473233,0.83
890,300,2529560,0.54
891,300,2399891,0.8
892,300,2194960,0.83
893,300,2558453,0.74
894,300,2281910,0.88
895,300,2236296,0.98
896,300,1997546,0.96
897,300,1900302,0.99
898,300,2551818,0.68
899,300,2235479,0.8
900,300,2222032,0.92
901,300,1065273,1
902,300,2333471,0.87
903,300,2373073,0.85
904,300,2271384,0.94
905,300,1648212,1
906,300,2458303,0.87
907,300,1525964,1
908,300,2254167,0.89
909,300,2206052,0.95
910,300,2328318,0.88
911,300,1023639,1
912,300,2532673,0.69
913,300,2498403,0.79
914,300,2274601,0.83
915,300,1759452,0.98
916,300,1160854,0.99
917,300,1569573,0.99
918,300,2371468,0.85
919,300,2069788,0.98
920,300,1889739,0.92
921,300,2273420,0.79
922,300,2370360,0.77
923,300,2215992,0.89
924,300,2346190,0.87
925,300,2510093,0.7
926,300,1817864,1
927,300,2096423,0.98
928,300,2572212,0.48
929,300,2122309,0.66
930,300,1111556,1
931,300,2326453,0.77
932,300,2137142,0.75
933,300,2278967,0.84
934,300,1994400,0.94
935,300,2570979,0.6
936,300,1611730,1
937,300,2429415,0.69
938,300,2506970,0.48
939,300,2221471,0.97
940,300,2247436,0.81
941,300,2196609,0.96
942,300,1997887,0.97
943,300,2377452,0.79
944,300,2501469,0.7
945,300,1651076,0.99
946,300,2470929,0.57
947,300,2454681,0.55
948,300,2379176,0.66
949,300,2652931,0.56
950,300,2334686,0.83
951,300,2300980,0.78
952,300,2287206,0.71
953,300,1784006,0.97
954,300,2382333,0.76
955,300,2334623,0.67
956,300,2216284,0.87
957,300,1928217,0.96
958,300,1686957,1
959,300,1990010,0.99
960,300,2517214,0.66
961,300,1843442,0.94
962,300,2074201,0.92
963,300,2126549,0.9
964,300,2101706,0.88
965,300,2185878,0.9
966,300,1955290,0.93
967,300,2223153,0.82
968,300,2285963,0.82
969,300,2404066,0.6
970,300,2094589,0.99
971,300,1951589,0.94
972,300,1822813,0.99
973,300,2306583,0.68
974,300,1942307,0.96
975,300,2078379,0.85
976,300,1894458,0.98
977,300,1798126,1
978,300,2152006,0.9
979,300,1479351,1
980,300,1657725,0.99
981,300,2206589,0.85
982,300,2322883,0.75
983,300,1961429,0.96
984,300,2277985,0.83
985,300,2182395,0.85
986,300,2429488,0.72
987,300,1501275,0.99
988,300,2188223,0.85
989,300,2485370,0.59
990,300,1880984,1
991,300,1648408,0.98
992,300,2415867,0.78
993,300,2040061,0.92
994,300,2443923,0.73
995,300,2450490,0.56
996,300,2238327,0.57
997,300,1712145,1
998,300,2254873,0.85
999,300,2579954,0.7
0,400,2572299,0.98
1,400,3030395,0.78
2,400,2012098,1
3,400,2749669,0.71
4,400,2899306,0.77
5,400,2463131,0.98
6,400,2898628,0.74
7,400,2871104,0.87
8,400,2977479,0.84
9,400,2226601,1
10,400,1816033,1
11,400,2217876,1
12,400,3011336,0.77
13,400,2458731,0.81
14,400,2608168,0.92
15,400,3020094,0.69
16,400,2589992,0.96
17,400,2517239,0.96
18,400,3049016,0.65
19,400,2875691,0.75
20,400,2003716,1
21,400,2672234,0.93
22,400,2974808,0.57
23,400,2043200,1
24,400,3012222,0.71
25,400,2623329,0.98
26,400,1193777,1
27,400,2353988,0.99
28,400,2662672,0.77
29,400,2679180,0.83
30,400,2870735,0.62
31,400,2991023,0.62
32,400,2488632,0.96
33,400,2941939,0.65
34,400,1721105,1
35,400,2263445,0.94
36,400,2962581,0.72
37,400,2182118,1
38,400,2783057,0.83
39,400,2908474,0.81
40,400,2285416,0.99
41,400,2895995,0.83
42,400,2378916,0.97
43,400,2988356,0.74
44,400,2566116,0.94
45,400,2737540,0.91
46,400,2738784,0.7
47,400,2384211,0.98
48,400,2804424,0.91
49,400,2623817,0.87
50,400,2914914,0.69
51,400,2363617,1
52,400,2968102,0.63
53,400,2090089,0.99
54,400,2625702,0.63
55,400,2252831,1
56,400,2549769,0.87
57,400,2717566,0.95
58,400,1612805,1
59,400,1798554,1
60,400,2762191,0.57
61,400,2580654,0.82
62,400,2336226,0.98
63,400,2592889,0.95
64,400,2688961,0.86
65,400,2773092,0.82
66,400,2360343,0.99
67,400,2656748,0.93
68,400,2851151,0.83
69,400,2474448,0.88
70,400,1611983,1
71,400,2728167,0.8
72,400,1945254,0.99
73,400,2856140,0.85
74,400,2825867,0.8
75,400,1934945,0.96
76,400,2830328,0.77
77,400,2749938,0.94
78,400,2522282,0.95
79,400,2043168,1
80,400,3025496,0.71
81,400,2606744,0.98
82,400,6224741,0.91
83,400,3602678,0.77
84,400,3559602,0.86
85,400,3403628,0.87
86,400,3618320,0.75
87,400,3301808,0.91
88,400,3620582,0.69
89,400,2381960,0.98
90,400,3054280,0.91
91,400,2094057,1
92,400,3338475,0.8
93,400,3194926,0.95
94,400,3511134,0.53
95,400,3612617,0.65
96,400,2859780,0.98
97,400,2961570,0.78
98,400,3597917,0.71
99,400,3348073,0.8
100,400,3333245,0.66
101,400,2654680,0.97
102,400,2089867,1
103,400,2074128,1
104,400,3152736,0.56
105,400,1672436,1
106,400,3057687,0.94
107,400,2575799,1
108,400,3017040,0.99
109,400,3357977,0.71
110,400,2885282,0.98
111,400,3266102,0.82
112,400,3302856,0.77
113,400,3000937,0.95
114,400,3001241,0.92
115,400,3092999,0.81
116,400,2980746,0.91
117,400,3326306,0.74
118,400,3360079,0.69
119,400,3054293,0.84
120,400,3160609,0.8
121,400,3109196,0.73
122,400,2321565,1
123,400,1924899,1
124,400,2054693,1
125,400,2102185,0.99
126,400,2569416,0.91
127,400,3330818,0.61
128,400,2960319,0.95
129,400,3201259,0.75
130,400,3053359,0.96
131,400,3081765,0.81
132,400,3309901,0.64
133,400,2731595,0.96
134,400,3000008,0.9
135,400,3223049,0.67
136,400,3143895,0.72
137,400,3023852,0.82
138,400,2142910,1
139,400,2996350,0.87
140,400,2186288,1
141,400,3147596,0.91
142,400,2918372,0.96
143,400,2681199,0.93
144,400,2177107,0.99
145,400,3043312,0.62
146,400,1828323,1
147,400,3030121,0.9
148,400,2824436,0.97
149,400,3026455,0.82
150,400,2564004,1
151,400,2897719,0.92
152,400,2926524,0.93
153,400,2645766,0.94
154,400,3065763,0.73
155,400,3039276,0.91
156,400,2388746,0.98
157,400,2975730,0.89
158,400,1829225,1
159,400,3066364,0.89
160,400,3033742,0.79
161,400,1519377,1
162,400,2880169,0.9
163,400,2648302,0.93
164,400,2851703,0.92
165,400,3076615,0.79
166,400,3125616,0.54
167,400,3093911,0.67
168,400,2775122,0.95
169,400,3135946,0.61
170,400,2785096,0.94
171,400,2697155,0.99
172,400,3045726,0.89
173,400,2617691,0.96
174,400,2873934,0.77
175,400,3191415,0.76
176,400,2815511,0.96
177,400,2700132,0.92
178,400,2988643,0.82
179,400,2138548,1
180,400,2063737,1
181,400,2760832,0.98
182,400,3009937,0.59
183,400,3000758,0.77
184,400,1897118,1
185,400,2389294,0.96
186,400,2390016,0.98
187,400,2241862,0.99
188,400,3167877,0.61
189,400,3087964,0.77
190,400,3018277,0.86
191,400,2660001,0.94
192,400,2211526,0.98
193,400,3116890,0.82
194,400,2543134,0.97
195,400,2288683,0.97
196,400,2548324,0.97
197,400,2484499,0.98
198,400,2977274,0.81
199,400,3011281,0.81
200,400,2728854,0.91
201,400,2363653,0.99
202,400,2682658,0.98
203,400,1672792,1
204,400,2198341,1
205,400,2890746,0.91
206,400,2991345,0.84
207,400,2454444,0.99
208,400,2600002,1
209,400,2775796,0.85
210,400,2749440,0.86
211,400,2359769,0.95
212,400,2679796,0.9
213,400,2056860,1
214,400,3079231,0.81
215,400,2764408,0.91
216,400,1926707,1
217,400,1956483,1
218,400,1815205,1
219,400,2816540,0.67
220,400,2836519,0.92
221,400,3127913,0.57
222,400,3194612,0.58
223,400,2319429,0.96
224,400,2818058,0.9
225,400,2985887,0.86
226,400,2138822,0.99
227,400,2594246,0.96
228,400,3012611,0.84
229,400,2185327,1
230,400,1745814,1
231,400,1998517,1
232,400,2982905,0.85
233,400,2911415,0.88
234,400,3067708,0.63
235,400,2953101,0.7
236,400,1970176,0.99
237,400,3041510,0.76
238,400,3022220,0.9
239,400,1559091,0.99
240,400,2695982,0.96
241,400,3020614,0.83
242,400,2445075,0.99
243,400,2943438,0.95
244,400,2921783,0.68
245,400,2888542,0.97
246,400,2546991,0.98
247,400,2865725,0.95
248,400,2980821,0.91
249,400,2914836,0.88
250,400,2018867,1
251,400,3021188,0.68
252,400,3009837,0.33
253,400,2543926,0.89
254,400,2656765,0.97
255,400,2159359,1
256,400,2535006,0.95
257,400,2873416,0.64
258,400,2720733,0.99
259,400,2947076,0.88
260,400,2469321,0.98
261,400,1958785,1
262,400,2962043,0.75
263,400,2839432,0.88
264,400,3061885,0.73
265,400,2462921,0.99
266,400,1905796,1
267,400,2763759,0.99
268,400,2017613,1
269,400,2951646,0.9
270,400,2748745,0.86
271,400,2664346,0.92
272,400,2929265,0.86
273,400,1820776,1
274,400,2794244,0.97
275,400,1741179,0.99
276,400,2971447,0.43
277,400,2751331,0.94
278,400,2630866,0.98
279,400,1969018,1
280,400,2512760,0.99
281,400,2926973,0.86
282,400,2963339,0.8
283,400,2673518,0.92
284,400,2989917,0.74
285,400,2788479,0.75
286,400,2732717,0.99
287,400,2767769,0.96
288,400,2755423,0.82
289,400,2824208,0.74
290,400,2601897,0.95
291,400,2827202,0.75
292,400,2828195,0.82
293,400,3029189,0.52
294,400,2350493,0.93
295,400,2451915,0.98
296,400,2909792,0.78
297,400,2220779,1
298,400,2283317,0.98
299,400,2842980,0.67
300,400,2667879,0.85
301,400,2983230,0.56
302,400,2703736,0.9
303,400,2061225,0.99
304,400,3024010,0.9
305,400,2475926,0.83
306,400,2475653,0.98
307,400,3043632,0.84
308,400,2826584,0.91
309,400,3122070,0.76
310,400,1455429,1
311,400,2778515,0.95
312,400,2923940,0.95
313,400,2721249,0.91
314,400,2945498,0.62
315,400,2803161,0.78
316,400,3014016,0.62
317,400,3249600,0.48
318,400,2062550,0.96
319,400,2606958,0.9
320,400,2754636,0.89
321,400,2161165,1
322,400,2413699,0.93
323,400,1850513,1
324,400,2955745,0.54
325,400,2798672,0.77
326,400,2123370,0.98
327,400,2934567,0.85
328,400,2070520,1
329,400,2863827,0.82
330,400,2549278,0.96
331,400,2483688,0.95
332,400,2935926,0.75
333,400,2424415,0.98
334,400,2875290,0.89
335,400,2716198,0.92
336,400,2711618,0.83
337,400,2041279,1
338,400,3075101,0.7
339,400,2850359,0.92
340,400,3116278,0.65
341,400,3049449,0.74
342,400,2874983,0.89
343,400,2792610,0.68
344,400,2434082,0.99
345,400,2140576,1
346,400,2761234,0.92
347,400,2797825,0.92
348,400,2546684,0.99
349,400,3001676,0.91
350,400,2570353,1
351,400,1525296,0.99
352,400,2062630,0.99
353,400,2127797,0.96
354,400,2583051,0.88
355,400,2247374,0.99
356,400,2793775,0.93
357,400,2943610,0.76
358,400,2874177,0.87
359,400,2394420,1
360,400,2647161,0.88
361,400,1454792,1
362,400,1629004,1
363,400,2923597,0.73
364,400,2794863,0.81
365,400,2752163,0.79
366,400,2299501,1
367,400,1202915,1
368,400,2743330,0.87
369,400,1667131,1
370,400,2407396,1
371,400,2862913,0.89
372,400,2814849,0.7
373,400,3107225,0.73
374,400,2882810,0.78
375,400,2422124,0.97
376,400,2672663,0.93
377,400,2900356,0.79
378,400,2179378,1
379,400,2744063,0.73
380,400,2845247,0.86
381,400,2809777,0.77
382,400,2761842,0.89
383,400,2829915,0.78
384,400,2599228,0.85
385,400,2884487,0.71
386,400,2839353,0.67
387,400,2970745,0.67
388,400,2934173,0.76
389,400,1603900,0.99
390,400,2594081,0.95
391,400,2883238,0.87
392,400,2656472,0.88
393,400,2946464,0.69
394,400,2521946,0.95
395,400,2775925,0.87
396,400,2111522,0.99
397,400,2161939,1
398,400,2480477,0.97
399,400,2885098,0.69
400,400,2850110,0.94
401,400,2723399,0.89
402,400,2166171,0.99
403,400,2775188,0.88
404,400,1642723,1
405,400,2921890,0.69
406,400,3092499,0.6
407,400,2937905,0.82
408,400,2678848,0.88
409,400,2547321,0.86
410,400,2500224,0.92
411,400,1839545,1
412,400,2721783,0.85
413,400,2702796,0.95
414,400,2891164,0.78
415,400,2299800,1
416,400,2577256,0.92
417,400,3066583,0.68
418,400,2585705,0.92
419,400,2932183,0.61
420,400,3021711,0.74
421,400,5715536,0.9
422,400,2677364,1
423,400,3132616,0.94
424,400,3419735,0.82
425,400,3166789,0.83
426,400,3414006,0.8
427,400,2583609,1
428,400,2467888,1
429,400,3091429,0.95
430,400,3142106,0.88
431,400,3015060,0.93
432,400,3331641,0.75
433,400,2646655,1
434,400,2750639,0.95
435,400,3067885,0.89
436,400,2378942,0.98
437,400,3248375,0.91
438,400,3458434,0.86
439,400,2626829,1
440,400,2923745,0.95
441,400,2985618,0.89
442,400,3437850,0.77
443,400,3220044,0.91
444,400,3130041,0.83
445,400,3321382,0.81
446,400,3190851,0.81
447,400,3163502,0.91
448,400,2997357,0.91
449,400,3181419,0.87
450,400,3253153,0.86
451,400,2934198,0.97
452,400,2989468,0.9
453,400,3136223,0.77
454,400,2558440,0.99
455,400,3027652,0.95
456,400,3076183,0.88
457,400,3157763,0.76
458,400,2890412,0.97
459,400,3425090,0.64
460,400,2759297,0.96
461,400,2484384,1
462,400,2783206,0.9
463,400,3181623,0.82
464,400,3112593,0.9
465,400,2743600,0.99
466,400,2749758,0.98
467,400,2871978,0.96
468,400,2353972,1
469,400,3298188,0.76
470,400,2959605,0.98
471,400,3342569,0.76
472,400,2967459,0.86
473,400,3018712,0.96
474,400,2975123,0.86
475,400,3029612,0.84
476,400,2403052,1
477,400,2976976,0.93
478,400,2176564,0.99
479,400,2885486,0.78
480,400,3000384,0.84
481,400,3109434,0.93
482,400,2278255,1
483,400,2803072,0.99
484,400,2774518,1
485,400,2059270,0.97
486,400,3058768,0.9
487,400,2989875,0.74
488,400,2695869,0.79
489,400,2800411,0.91
490,400,3015324,0.77
491,400,3301403,0.7
492,400,3063140,0.84
493,400,2894462,0.93
494,400,2175506,1
495,400,2919738,0.65
496,400,3094870,0.74
497,400,3012580,0.88
498,400,2414668,1
499,400,3168174,0.78
500,400,2823090,0.94
501,400,2827485,0.99
502,400,2589666,0.84
503,400,2432326,0.96
504,400,2653119,0.96
505,400,2468799,0.96
506,400,1699715,1
507,400,2848180,0.86
508,400,3071703,0.81
509,400,2566858,0.96
510,400,2482781,0.95
511,400,2960622,0.86
512,400,2771406,0.88
513,400,2587042,1
514,400,3154742,0.74
515,400,290666,0
516,400,3028680,0.83
517,400,2551114,0.98
518,400,2401803,0.95
519,400,3026775,0.77
520,400,2646289,0.99
521,400,3072572,0.78
522,400,2827268,0.77
523,400,2892657,0.74
524,400,3144753,0.5
525,400,2840431,0.85
526,400,2808982,0.94
527,400,3004111,0.69
528,400,3059943,0.85
529,400,2033931,0.99
530,400,2911100,0.92
531,400,1724101,1
532,400,2212341,0.99
533,400,2871316,0.84
534,400,2805865,0.93
535,400,2996609,0.61
536,400,2119824,1
537,400,2199805,1
538,400,3134591,0.73
539,400,2590612,0.98
540,400,2927885,0.93
541,400,3123781,0.68
542,400,1739382,1
543,400,2926720,0.88
544,400,3126196,0.72
545,400,2574690,0.94
546,400,3018466,0.62
547,400,2557985,1
548,400,2087417,1
549,400,3104376,0.75
550,400,2626280,0.91
551,400,2723345,0.93
552,400,1663194,1
553,400,2764721,0.95
554,400,1208568,1
555,400,1177646,1
556,400,2344375,1
557,400,2005097,1
558,400,2756602,0.91
559,400,2997049,0.72
560,400,2450958,1
561,400,2719551,0.94
562,400,2459259,0.97
563,400,2866064,0.9
564,400,2710407,0.63
565,400,2354609,1
566,400,2269716,0.99
567,400,2870358,0.86
568,400,2807466,0.94
569,400,3137406,0.47
570,400,2730541,0.92
571,400,2510970,0.99
572,400,2888601,0.9
573,400,2897503,0.9
574,400,2372997,0.98
575,400,2082950,0.99
576,400,2227789,0.99
577,400,1673129,1
578,400,2934416,0.81
579,400,2578968,0.97
580,400,2661113,0.89
581,400,2918167,0.88
582,400,2974654,0.8
583,400,3175569,0.58
584,400,2680817,0.86
585,400,2652587,0.98
586,400,2997646,0.87
587,400,3004354,0.74
588,400,2987021,0.8
589,400,3101614,0.75
590,400,3087188,0.69
591,400,2646784,0.9
592,400,3106708,0.73
593,400,2829696,0.85
594,400,2736907,0.94
595,400,2258688,1
596,400,2920768,0.9
597,400,2877365,0.83
598,400,3023140,0.82
599,400,3020656,0.61
600,400,2971568,0.81
601,400,2656459,0.98
602,400,2324685,0.97
603,400,2248659,1
604,400,3136937,0.68
605,400,2812567,0.87
606,400,2992934,0.66
607,400,3031309,0.58
608,400,2644269,0.96
609,400,2748760,0.88
610,400,1895781,0.99
611,400,2979082,0.75
612,400,2395126,0.99
613,400,1762266,1
614,400,2990522,0.86
615,400,2745354,0.9
616,400,2814989,0.77
617,400,2704799,0.94
618,400,1151723,1
619,400,2764091,0.85
620,400,3063149,0.83
621,400,1512231,1
622,400,2772002,0.85
623,400,2825046,0.83
624,400,2680497,0.92
625,400,2525477,0.95
626,400,2373760,0.84
627,400,3125992,0.66
628,400,2330335,1
629,400,3023479,0.88
630,400,2921349,0.87
631,400,3002787,0.73
632,400,2854670,0.88
633,400,2202664,1
634,400,2717912,0.85
635,400,2557152,0.99
636,400,2452089,0.98
637,400,2812838,0.83
638,400,2700548,0.95
639,400,1815714,0.99
640,400,3030050,0.87
641,400,2733814,0.84
642,400,3025771,0.67
643,400,2801638,0.73
644,400,2873266,0.9
645,400,2627779,0.95
646,400,2783782,0.86
647,400,2590232,0.96
648,400,3043444,0.73
649,400,2543459,0.95
650,400,2168461,0.99
651,400,2829437,0.9
652,400,2429687,0.96
653,400,2518494,0.96
654,400,2898859,0.85
655,400,2945666,0.79
656,400,2530467,0.94
657,400,3062642,0.68
658,400,2530304,0.91
659,400,2585070,0.86
660,400,2129573,1
661,400,2417639,1
662,400,2698976,0.9
663,400,2056002,1
664,400,2908924,0.87
665,400,2796871,0.8
666,400,2343620,0.99
667,400,2944799,0.78
668,400,2767994,0.85
669,400,2909643,0.73
670,400,2735997,0.96
671,400,2727593,0.95
672,400,2796028,0.86
673,400,3023095,0.59
674,400,1870426,0.98
675,400,2988130,0.8
676,400,2829065,0.87
677,400,2852939,0.76
678,400,2384243,0.94
679,400,2728478,0.77
680,400,2966822,0.59
681,400,2885130,0.87
682,400,2763399,0.93
683,400,2897898,0.75
684,400,2697881,0.8
685,400,2563706,1
686,400,2524932,1
687,400,2313784,1
688,400,3098059,0.63
689,400,2644717,0.92
690,400,2633854,0.94
691,400,2769955,0.79
692,400,2497915,0.9
693,400,2607358,0.95
694,400,2202151,0.97
695,400,2614986,0.94
696,400,2887738,0.75
697,400,2465681,0.99
698,400,2960918,0.87
699,400,2153160,1
700,400,2797008,0.88
701,400,2874134,0.9
702,400,2039759,0.99
703,400,3057888,0.56
704,400,2470416,0.96
705,400,2709963,0.92
706,400,2850971,0.84
707,400,2394647,1
708,400,2394044,1
709,400,2788308,0.84
710,400,2348178,0.99
711,400,2367172,0.99
712,400,2733633,0.91
713,400,2978261,0.76
714,400,2784825,0.9
715,400,2626136,0.92
716,400,2713765,0.89
717,400,2895682,0.8
718,400,2194757,0.95
719,400,2901019,0.8
720,400,2945608,0.82
721,400,2826091,0.68
722,400,2576052,0.95
723,400,2455228,0.99
724,400,2872565,0.74
725,400,2172693,0.97
726,400,1792834,1
727,400,2199119,0.97
728,400,2994918,0.55
729,400,2619282,0.96
730,400,2924862,0.75
731,400,2348464,0.95
732,400,2041289,0.97
733,400,1806584,1
734,400,2258562,0.95
735,400,2890662,0.61
736,400,2244846,1
737,400,2660425,0.86
738,400,2730965,0.99
739,400,2694585,0.97
740,400,2586553,0.91
741,400,2991958,0.75
742,400,2232273,0.99
743,400,2939221,0.54
744,400,2279256,1
745,400,2934797,0.62
746,400,2366437,0.98
747,400,2656138,0.89
748,400,2149384,0.97
749,400,2347615,0.98
750,400,2989010,0.62
751,400,2769975,0.91
752,400,3089754,0.45
753,400,2569356,0.78
754,400,2501121,0.98
755,400,2572393,0.97
756,400,2456753,0.99
757,400,5758926,0.81
758,400,3106379,0.97
759,400,2314601,1
760,400,3708456,0.69
761,400,1555267,1
762,400,2422441,1
763,400,3526816,0.83
764,400,3104753,0.85
765,400,3242123,0.88
766,400,2786369,0.99
767,400,3355713,0.67
768,400,3101164,0.85
769,400,2948464,0.75
770,400,3072354,0.89
771,400,2458455,1
772,400,3509664,0.78
773,400,2209718,1
774,400,3240145,0.76
775,400,1987654,1
776,400,2827539,0.93
777,400,2969112,0.95
778,400,2578709,1
779,400,2795419,0.97
780,400,2779507,0.91
781,400,3027749,0.66
782,400,3071865,0.77
783,400,3272174,0.8
784,400,2237621,1
785,400,2640012,0.95
786,400,2141582,1
787,400,2330997,0.99
788,400,3145725,0.93
789,400,3471994,0.64
790,400,2612292,1
791,400,2938512,0.97
792,400,3349836,0.72
793,400,3370150,0.66
794,400,3194197,0.88
795,400,3153721,0.75
796,400,2139808,1
797,400,3235706,0.68
798,400,3194695,0.75
799,400,2678037,1
800,400,3021915,0.9
801,400,2813223,0.97
802,400,3235256,0.84
803,400,2258507,0.95
804,400,2341356,1
805,400,3280368,0.73
806,400,3093429,0.71
807,400,1161003,1
808,400,3268871,0.9
809,400,3312881,0.71
810,400,2849857,1
811,400,3030200,0.9
812,400,2505202,0.97
813,400,3162851,0.91
814,400,3108396,0.52
815,400,3066145,0.94
816,400,3052409,0.91
817,400,3337971,0.74
818,400,3000717,0.86
819,400,3388344,0.7
820,400,2996117,0.73
821,400,3141209,0.86
822,400,2446728,0.92
823,400,3219303,0.8
824,400,3095860,0.93
825,400,1730936,1
826,400,2121224,0.99
827,400,2919390,0.95
828,400,2839160,0.98
829,400,3134164,0.75
830,400,2585802,0.99
831,400,2118022,1
832,400,3128975,0.74
833,400,3026522,0.88
834,400,2635387,0.96
835,400,2330456,1
836,400,3019998,0.61
837,400,2423643,0.99
838,400,315493,0
839,400,3025070,0.84
840,400,2992100,0.88
841,400,2392514,0.95
842,400,1956105,1
843,400,2605246,0.91
844,400,2584213,0.96
845,400,3285998,0.79
846,400,2958433,0.92
847,400,2134483,1
848,400,3178211,0.82
849,400,2982675,0.94
850,400,2971219,0.91
851,400,2209572,1
852,400,2266945,0.99
853,400,2755267,0.84
854,400,2289687,0.99
855,400,2610430,0.96
856,400,2837211,0.97
857,400,2892250,0.88
858,400,3188818,0.7
859,400,2178336,1
860,400,3105173,0.76
861,400,2772639,0.94
862,400,2522720,0.97
863,400,2989330,0.9
864,400,3123148,0.61
865,400,3080487,0.54
866,400,2998233,0.78
867,400,2869428,0.88
868,400,3080046,0.85
869,400,2131446,1
870,400,2532484,0.95
871,400,3060110,0.83
872,400,2879284,0.95
873,400,2692109,0.95
874,400,3162949,0.79
875,400,2889512,0.92
876,400,3005160,0.86
877,400,2828517,0.98
878,400,2302642,0.98
879,400,2787501,0.89
880,400,1865024,1
881,400,2909059,0.87
882,400,2006589,1
883,400,2678837,0.93
884,400,2648818,0.79
885,400,2905251,0.85
886,400,2839472,0.91
887,400,2584008,0.88
888,400,2597639,0.9
889,400,3145931,0.89
890,400,3037200,0.6
891,400,2870456,0.88
892,400,2722292,0.85
893,400,3150235,0.81
894,400,2814199,0.93
895,400,2739220,0.98
896,400,2479882,0.99
897,400,2332326,0.99
898,400,3074769,0.73
899,400,2807489,0.82
900,400,2703504,0.94
901,400,1203830,1
902,400,2903017,0.91
903,400,2876877,0.9
904,400,2764034,0.95
905,400,2104210,1
906,400,2917858,0.9
907,400,2050911,1
908,400,2719517,0.9
909,400,2710652,0.96
910,400,2920324,0.9
911,400,1553276,1
912,400,3195904,0.72
913,400,2957492,0.81
914,400,2827512,0.88
915,400,2331409,0.98
916,400,1351292,1
917,400,2013471,0.99
918,400,2872321,0.9
919,400,2558624,0.99
920,400,2400853,0.95
921,400,2816032,0.84
922,400,2894774,0.83
923,400,2805545,0.92
924,400,2732196,0.92
925,400,3080579,0.79
926,400,2285269,1
927,400,2626648,0.98
928,400,3141018,0.56
929,400,2781452,0.7
930,400,1449118,1
931,400,2988154,0.79
932,400,2676690,0.85
933,400,2838247,0.87
934,400,2486793,0.98
935,400,3134582,0.7
936,400,2057391,1
937,400,2991163,0.77
938,400,3138203,0.67
939,400,2670136,0.99
940,400,2806282,0.86
941,400,2785787,0.96
942,400,2489060,0.98
943,400,2968256,0.84
944,400,3034812,0.76
945,400,2138642,1
946,400,3105570,0.67
947,400,3030969,0.64
948,400,2973876,0.72
949,400,3191028,0.6
950,400,2960220,0.89
951,400,2952927,0.81
952,400,2914795,0.77
953,400,2317367,0.97
954,400,2915962,0.82
955,400,2867324,0.73
956,400,2737115,0.89
957,400,2483569,0.98
958,400,2034091,1
959,400,2438465,0.99
960,400,2989399,0.74
961,400,2300983,0.94
962,400,2441135,0.94
963,400,2687799,0.97
964,400,2597135,0.93
965,400,2663275,0.92
966,400,2414286,0.94
967,400,2783639,0.87
968,400,2799532,0.85
969,400,2972724,0.66
970,400,2591179,1
971,400,2410144,0.95
972,400,2304269,0.99
973,400,2968256,0.74
974,400,2454157,0.98
975,400,2713605,0.9
976,400,2390663,1
977,400,2209612,1
978,400,2720115,0.93
979,400,1890424,1
980,400,2156215,1
981,400,2783008,0.86
982,400,2928663,0.79
983,400,2438504,0.96
984,400,2834908,0.9
985,400,2751573,0.9
986,400,3033239,0.75
987,400,1913005,1
988,400,2785865,0.88
989,400,3070628,0.64
990,400,2353320,1
991,400,2022423,1
992,400,2972493,0.79
993,400,2631303,0.94
994,400,3134858,0.77
995,400,3086459,0.69
996,400,2740917,0.66
997,400,2128253,1
998,400,2846985,0.89
999,400,3166847,0.72
0,500,2999265,0.98
1,500,3685004,0.8
2,500,2325864,1
3,500,3381637,0.76
4,500,3569770,0.8
5,500,2938064,0.98
6,500,3444463,0.77
7,500,3324826,0.88
8,500,3538004,0.86
9,500,2537493,1
10,500,2143583,1
11,500,2653904,1
12,500,3490081,0.79
13,500,2918695,0.83
14,500,3115297,0.95
15,500,3610996,0.74
16,500,3102573,0.96
17,500,2902668,1
18,500,3590751,0.7
19,500,3440504,0.78
20,500,2333710,1
21,500,3143233,0.97
22,500,3523211,0.6
23,500,2295790,1
24,500,3647652,0.76
25,500,3141488,0.98
26,500,1321599,1
27,500,2810109,0.99
28,500,3202017,0.81
29,500,3320992,0.91
30,500,3461581,0.65
31,500,3644217,0.66
32,500,2955834,0.97
33,500,3552571,0.68
34,500,2004981,1
35,500,2685509,0.97
36,500,3357766,0.77
37,500,2543073,1
38,500,3415906,0.87
39,500,3489741,0.87
40,500,2736387,1
41,500,3451063,0.86
42,500,2811124,1
43,500,3590626,0.78
44,500,3067563,0.95
45,500,3361259,0.94
46,500,3380071,0.73
47,500,2735637,0.99
48,500,3369194,0.93
49,500,3008589,0.91
50,500,3492578,0.73
51,500,2824077,1
52,500,3532540,0.68
53,500,2507908,0.99
54,500,3173111,0.69
55,500,2633389,1
56,500,3084788,0.89
57,500,3318568,0.97
58,500,1929049,1
59,500,2085755,1
60,500,3364050,0.65
61,500,3037836,0.87
62,500,2849789,0.99
63,500,3018661,0.96
64,500,3173455,0.87
65,500,3445518,0.85
66,500,2689080,1
67,500,3219364,0.93
68,500,3354430,0.83
69,500,2995759,0.91
70,500,1819290,1
71,500,3183197,0.83
72,500,2267338,0.99
73,500,3377417,0.88
74,500,3304198,0.83
75,500,2290460,0.97
76,500,3425918,0.8
77,500,3332938,0.95
78,500,3073640,0.97
79,500,2350060,1
80,500,3659933,0.72
81,500,3085962,0.98
82,500,3350314,0.93
83,500,3536702,0.79
84,500,3415057,0.89
85,500,3327763,0.87
86,500,3489377,0.77
87,500,3268997,0.94
88,500,3675248,0.72
89,500,2308039,0.99
90,500,3109983,0.92
91,500,2203740,1
92,500,3249263,0.83
93,500,3326100,0.97
94,500,3369449,0.54
95,500,3668075,0.73
96,500,3035015,0.98
97,500,3140014,0.8
98,500,3585139,0.77
99,500,3320278,0.82
100,500,3444589,0.73
101,500,2709750,0.98
102,500,2200012,1
103,500,2107469,1
104,500,3074748,0.58
105,500,1668435,1
106,500,3086898,0.97
107,500,2635534,1
108,500,3044703,1
109,500,3634113,0.77
110,500,3077857,0.99
111,500,3305812,0.84
112,500,3381641,0.84
113,500,3151223,0.95
114,500,3199209,0.93
115,500,3453008,0.83
116,500,3096876,0.95
117,500,3611051,0.75
118,500,3541084,0.71
119,500,3383092,0.87
120,500,3464126,0.86
121,500,3207227,0.8
122,500,2461253,1
123,500,2094857,1
124,500,2225704,1
125,500,2321278,1
126,500,2666471,0.91
127,500,3760790,0.67
128,500,3092557,0.96
129,500,3574546,0.81
130,500,3359302,0.97
131,500,3265134,0.87
132,500,3399087,0.71
133,500,2960253,0.97
134,500,3192592,0.92
135,500,3543269,0.7
136,500,3445268,0.74
137,500,3460421,0.84
138,500,2231021,1
139,500,3394578,0.92
140,500,2240389,1
141,500,3385191,0.93
142,500,3350646,0.99
143,500,2719497,0.96
144,500,2423040,0.99
145,500,3290034,0.64
146,500,3501699,1
147,500,4689553,0.96
148,500,2864864,0.99
149,500,3241290,0.87
150,500,2696241,1
151,500,3106747,0.92
152,500,3364766,0.93
153,500,2867599,0.96
154,500,3422304,0.75
155,500,3126575,0.93
156,500,2485335,0.98
157,500,3393617,0.9
158,500,1995472,1
159,500,3401955,0.89
160,500,3416158,0.8
161,500,1597448,1
162,500,3300304,0.94
163,500,2867217,0.95
164,500,3237795,0.93
165,500,3445064,0.84
166,500,3539655,0.6
167,500,3400882,0.68
168,500,3005075,0.97
169,500,3467457,0.64
170,500,2995581,0.97
171,500,2942749,1
172,500,3483669,0.9
173,500,2952599,0.97
174,500,3325824,0.81
175,500,3513189,0.78
176,500,3138992,0.98
177,500,3157150,0.95
178,500,3271371,0.83
179,500,2305606,1
180,500,2295159,1
181,500,2931482,1
182,500,3237641,0.64
183,500,3213348,0.84
184,500,2189115,1
185,500,2649391,0.97
186,500,2662054,0.99
187,500,2489912,0.99
188,500,3455312,0.67
189,500,3519841,0.81
190,500,3531014,0.9
191,500,2931584,0.95
192,500,2437986,0.99
193,500,3468060,0.84
194,500,2740049,0.98
195,500,2684138,0.98
196,500,2840049,0.99
197,500,2561385,0.98
198,500,3403098,0.84
199,500,3426649,0.84
200,500,3121395,0.92
201,500,2781135,0.99
202,500,2982287,1
203,500,1953995,1
204,500,2492316,1
205,500,3381695,0.96
206,500,3469053,0.89
207,500,2662949,0.99
208,500,2873528,1
209,500,2983539,0.88
210,500,3070345,0.9
211,500,2702157,0.97
212,500,3028953,0.92
213,500,2303140,1
214,500,3337390,0.84
215,500,2988084,0.96
216,500,2143347,1
217,500,2130734,1
218,500,2015498,1
219,500,3296467,0.71
220,500,3084475,0.93
221,500,3647724,0.6
222,500,3534838,0.64
223,500,2756908,0.97
224,500,3022137,0.94
225,500,3444637,0.92
226,500,2270864,0.99
227,500,2826427,0.97
228,500,3573604,0.88
229,500,2448164,1
230,500,1947229,1
231,500,2180137,1
232,500,3098177,0.89
233,500,3305357,0.89
234,500,3549241,0.65
235,500,3542240,0.75
236,500,2143590,0.99
237,500,3447733,0.81
238,500,3495749,0.9
239,500,1619188,0.99
240,500,3118773,0.99
241,500,3406995,0.9
242,500,2724695,0.99
243,500,3410422,0.95
244,500,3333629,0.71
245,500,3247070,0.99
246,500,2777519,0.98
247,500,3413117,0.98
248,500,3460344,0.92
249,500,3368722,0.93
250,500,2318032,1
251,500,3521209,0.7
252,500,3561523,0.37
253,500,2907390,0.91
254,500,2930546,0.99
255,500,2342972,1
256,500,2773541,0.96
257,500,3478028,0.71
258,500,3179022,1
259,500,3498660,0.92
260,500,2825083,0.98
261,500,2227867,1
262,500,3435110,0.81
263,500,3243443,0.89
264,500,3667519,0.74
265,500,2719983,1
266,500,2206078,1
267,500,3118932,0.99
268,500,2314751,1
269,500,3308437,0.91
270,500,3339241,0.89
271,500,3040184,0.93
272,500,3259671,0.86
273,500,2020534,1
274,500,3150058,0.97
275,500,1980805,1
276,500,3533764,0.49
277,500,3164850,0.98
278,500,2975090,0.98
279,500,2304872,1
280,500,2826230,0.99
281,500,3364703,0.86
282,500,3506672,0.86
283,500,3124537,0.92
284,500,3392468,0.8
285,500,3138073,0.81
286,500,3257566,1
287,500,3203743,0.96
288,500,3339949,0.9
289,500,3473955,0.86
290,500,3100319,0.96
291,500,3317226,0.79
292,500,3370726,0.85
293,500,3546386,0.57
294,500,2630262,0.97
295,500,2889425,0.99
296,500,3501604,0.82
297,500,2555196,1
298,500,2675774,1
299,500,3368739,0.72
300,500,2926220,0.86
301,500,3480152,0.6
302,500,3018922,0.96
303,500,2324242,0.99
304,500,3565133,0.92
305,500,2931564,0.83
306,500,2927900,0.99
307,500,3439010,0.85
308,500,3341177,0.92
309,500,3506329,0.81
310,500,1603766,1
311,500,3354077,0.98
312,500,3378513,0.96
313,500,3060056,0.92
314,500,3372913,0.69
315,500,3405129,0.79
316,500,3530731,0.68
317,500,3537629,0.51
318,500,2341708,0.96
319,500,3072168,0.91
320,500,3276322,0.91
321,500,2442473,1
322,500,2880544,0.98
323,500,2155088,1
324,500,3515582,0.61
325,500,3399863,0.8
326,500,2494376,1
327,500,3419080,0.89
328,500,2324526,1
329,500,3455668,0.85
330,500,3024106,0.98
331,500,2893746,0.98
332,500,3451380,0.78
333,500,2796049,0.99
334,500,3450929,0.92
335,500,3147696,0.93
336,500,3143403,0.85
337,500,2212506,1
338,500,3609248,0.72
339,500,3375637,0.94
340,500,3638665,0.68
341,500,3630000,0.79
342,500,3463102,0.92
343,500,3350679,0.73
344,500,2884748,0.99
345,500,2401812,1
346,500,3297178,0.92
347,500,3285972,0.93
348,500,2890449,0.99
349,500,3560907,0.91
350,500,2995701,1
351,500,1722693,0.99
352,500,2419971,1
353,500,2507504,0.96
354,500,3054172,0.94
355,500,2614468,1
356,500,3290979,0.95
357,500,3510198,0.77
358,500,3346742,0.88
359,500,2787825,1
360,500,3185865,0.88
361,500,1617894,1
362,500,1900684,1
363,500,3379070,0.77
364,500,3115971,0.87
365,500,3313732,0.84
366,500,2545549,1
367,500,1376314,1
368,500,3170355,0.88
369,500,1968912,1
370,500,2818419,1
371,500,3386275,0.89
372,500,3370479,0.77
373,500,3647896,0.77
374,500,3447457,0.8
375,500,2749366,0.97
376,500,3231239,0.94
377,500,3443647,0.85
378,500,2592882,1
379,500,3204328,0.77
380,500,3282322,0.91
381,500,3348570,0.86
382,500,3261179,0.9
383,500,3303258,0.81
384,500,3146880,0.87
385,500,3464596,0.76
386,500,3479099,0.69
387,500,3518721,0.69
388,500,3594866,0.79
389,500,1849413,0.99
390,500,3039654,0.95
391,500,3495301,0.9
392,500,3032433,0.89
393,500,3473367,0.76
394,500,3075317,0.96
395,500,3204655,0.89
396,500,2423497,0.99
397,500,2497427,1
398,500,2922985,0.97
399,500,3464503,0.73
400,500,3398976,0.97
401,500,3248546,0.92
402,500,2605018,0.99
403,500,3238005,0.91
404,500,1908387,1
405,500,3541903,0.74
406,500,3672650,0.63
407,500,3356936,0.85
408,500,3199460,0.91
409,500,2894820,0.88
410,500,2903912,0.92
411,500,2223387,1
412,500,3310389,0.87
413,500,3155663,0.95
414,500,3504836,0.79
415,500,2676497,1
416,500,3119255,0.93
417,500,3662563,0.73
418,500,3078847,0.93
419,500,3515791,0.7
420,500,3686454,0.75
421,500,3093203,0.96
422,500,2786121,1
423,500,3138550,0.95
424,500,3344422,0.84
425,500,3259098,0.87
426,500,3466365,0.83
427,500,2606248,1
428,500,2517850,1
429,500,3160122,0.96
430,500,3023139,0.92
431,500,2935196,0.97
432,500,3372423,0.77
433,500,2607737,1
434,500,2846802,0.97
435,500,3321426,0.93
436,500,2332540,0.99
437,500,3371959,0.93
438,500,3362124,0.89
439,500,2679449,1
440,500,3063120,0.96
441,500,3058870,0.91
442,500,3443864,0.79
443,500,3454794,0.92
444,500,3340631,0.87
445,500,3225686,0.85
446,500,3464671,0.87
447,500,3710843,0.91
448,500,3154660,0.95
449,500,3446261,0.94
450,500,3538385,0.89
451,500,3108717,0.99
452,500,3186095,0.93
453,500,3275781,0.81
454,500,2400697,0.99
455,500,3230143,0.96
456,500,3296593,0.92
457,500,3398124,0.81
458,500,2963938,0.99
459,500,3541827,0.64
460,500,2890283,0.96
461,500,2458242,1
462,500,3009836,0.93
463,500,3457609,0.87
464,500,3328726,0.92
465,500,2705081,0.99
466,500,2876610,0.99
467,500,3197448,0.97
468,500,2413767,1
469,500,3485610,0.8
470,500,3042686,0.99
471,500,3507800,0.8
472,500,3046338,0.88
473,500,3332957,0.96
474,500,3260042,0.9
475,500,3239461,0.9
476,500,2435256,1
477,500,3302125,0.93
478,500,2404659,0.99
479,500,3173483,0.81
480,500,3075632,0.85
481,500,3306514,0.96
482,500,2255310,1
483,500,2930587,0.99
484,500,2968827,1
485,500,2040654,0.97
486,500,3259125,0.93
487,500,3229146,0.81
488,500,3090493,0.82
489,500,3054476,0.92
490,500,3349251,0.78
491,500,3708605,0.75
492,500,3409610,0.91
493,500,3257846,0.95
494,500,2327086,1
495,500,3169384,0.71
496,500,3567815,0.79
497,500,3279804,0.94
498,500,2448509,1
499,500,3379101,0.81
500,500,2964429,0.97
501,500,2972433,1
502,500,2788959,0.87
503,500,2422927,0.98
504,500,2873830,0.98
505,500,2866360,0.96
506,500,1815254,1
507,500,3213033,0.86
508,500,3330858,0.83
509,500,2738450,0.96
510,500,2704247,0.97
511,500,3391954,0.89
512,500,3144899,0.91
513,500,2801223,1
514,500,3563895,0.78
515,500,323318,0
516,500,3440249,0.85
517,500,2715846,1
518,500,2543886,0.96
519,500,3379952,0.81
520,500,2655639,1
521,500,3561697,0.83
522,500,3179784,0.79
523,500,3208497,0.78
524,500,3440312,0.57
525,500,3232031,0.88
526,500,3235870,0.95
527,500,3516785,0.73
528,500,3369854,0.86
529,500,2349551,1
530,500,3228613,0.95
531,500,1852089,1
532,500,2469344,1
533,500,3328200,0.86
534,500,3132459,0.94
535,500,3515241,0.71
536,500,2252449,1
537,500,2273308,1
538,500,3445505,0.78
539,500,2939292,0.98
540,500,3449173,0.96
541,500,3396867,0.73
542,500,1868491,1
543,500,3253680,0.94
544,500,3484594,0.73
545,500,2884611,0.96
546,500,3464006,0.67
547,500,2957163,1
548,500,2153309,1
549,500,3446568,0.79
550,500,2846120,0.93
551,500,3136045,0.95
552,500,1692093,1
553,500,3117574,0.96
554,500,1169432,1
555,500,1247605,1
556,500,2581382,1
557,500,2272688,1
558,500,3208007,0.91
559,500,3431552,0.77
560,500,2687040,1
561,500,3065360,0.96
562,500,2747587,0.98
563,500,3341772,0.92
564,500,3154918,0.67
565,500,2651494,1
566,500,2579787,0.99
567,500,3325829,0.87
568,500,2950144,0.95
569,500,3567400,0.49
570,500,3077920,0.95
571,500,2815631,0.99
572,500,3234305,0.95
573,500,3435937,0.91
574,500,2605029,1
575,500,2276265,1
576,500,2547563,1
577,500,1866877,1
578,500,3414551,0.81
579,500,2909253,0.99
580,500,3094245,0.92
581,500,3457609,0.91
582,500,3454957,0.83
583,500,3496108,0.64
584,500,3046067,0.91
585,500,2959135,0.99
586,500,3389345,0.9
587,500,3313897,0.77
588,500,3527407,0.82
589,500,3616191,0.78
590,500,3648332,0.75
591,500,3107706,0.95
592,500,3635222,0.77
593,500,3345947,0.85
594,500,3150651,0.94
595,500,2499282,1
596,500,3273650,0.93
597,500,3268586,0.88
598,500,3407988,0.91
599,500,3466016,0.7
600,500,3466775,0.89
601,500,3013398,0.98
602,500,2547643,0.98
603,500,2498476,1
604,500,3572947,0.74
605,500,2963015,0.92
606,500,3544327,0.71
607,500,3416450,0.65
608,500,2986993,0.98
609,500,3233344,0.9
610,500,2079911,1
611,500,3426070,0.79
612,500,2767714,0.99
613,500,1972801,1
614,500,3526972,0.89
615,500,3206705,0.94
616,500,3300014,0.81
617,500,3158330,0.94
618,500,1232758,1
619,500,3260854,0.86
620,500,3527283,0.84
621,500,1698028,1
622,500,3092991,0.87
623,500,3202681,0.85
624,500,2933431,0.94
625,500,2854752,0.95
626,500,2761477,0.85
627,500,3463186,0.72
628,500,2582011,1
629,500,3593483,0.9
630,500,3403252,0.89
631,500,3480575,0.78
632,500,3328158,0.89
633,500,2430107,1
634,500,3040002,0.87
635,500,2951641,0.99
636,500,2905165,0.99
637,500,3085615,0.88
638,500,3028045,0.98
639,500,2140926,0.99
640,500,3410546,0.88
641,500,3157669,0.88
642,500,3370760,0.71
643,500,3368144,0.78
644,500,3471927,0.92
645,500,3040674,0.97
646,500,3258610,0.89
647,500,2995593,0.97
648,500,3460966,0.78
649,500,2911962,0.97
650,500,2421980,0.99
651,500,3183141,0.93
652,500,2736225,0.96
653,500,2923985,0.96
654,500,3422925,0.85
655,500,3431556,0.88
656,500,3062998,0.94
657,500,3642984,0.7
658,500,2950068,0.92
659,500,3095788,0.89
660,500,2477576,1
661,500,2937624,1
662,500,3090362,0.95
663,500,2277592,1
664,500,3484028,0.88
665,500,3341376,0.85
666,500,2763608,1
667,500,3437861,0.83
668,500,3131787,0.87
669,500,3453593,0.74
670,500,3274254,0.97
671,500,3123360,0.97
672,500,3352210,0.9
673,500,3376970,0.66
674,500,2228882,0.99
675,500,3438212,0.82
676,500,3354849,0.9
677,500,3323183,0.81
678,500,2676515,0.94
679,500,3121483,0.82
680,500,3517722,0.68
681,500,3415340,0.87
682,500,3228733,0.95
683,500,3408464,0.78
684,500,3240333,0.8
685,500,3082085,1
686,500,2920293,1
687,500,2728972,1
688,500,3583330,0.67
689,500,3192328,0.93
690,500,3004067,0.98
691,500,3307618,0.86
692,500,2934342,0.93
693,500,3036497,0.96
694,500,2488747,0.97
695,500,3069220,0.95
696,500,3401443,0.78
697,500,2909733,1
698,500,3529643,0.91
699,500,2528787,1
700,500,3245502,0.92
701,500,3450101,0.9
702,500,2349725,1
703,500,3651943,0.59
704,500,2952967,0.98
705,500,3255569,0.92
706,500,3400433,0.89
707,500,2802113,1
708,500,2857018,1
709,500,3357920,0.86
710,500,2696551,0.99
711,500,2771146,0.99
712,500,3297488,0.94
713,500,3529629,0.82
714,500,3314992,0.93
715,500,3137914,0.96
716,500,3042034,0.91
717,500,3536714,0.83
718,500,2450273,0.99
719,500,3530524,0.84
720,500,3438911,0.87
721,500,3422866,0.74
722,500,3063127,0.97
723,500,2967967,0.99
724,500,3362239,0.78
725,500,2452476,0.97
726,500,2011856,1
727,500,2568820,0.98
728,500,3611123,0.62
729,500,2969364,0.98
730,500,3552344,0.79
731,500,2763443,0.96
732,500,2389396,0.98
733,500,2150642,1
734,500,2570679,0.98
735,500,3472818,0.65
736,500,2698161,1
737,500,3195227,0.9
738,500,3179960,0.99
739,500,3215425,0.99
740,500,3065846,0.95
741,500,3458201,0.78
742,500,2632625,1
743,500,3450307,0.58
744,500,2634959,1
745,500,3480634,0.7
746,500,2835312,0.98
747,500,3143016,0.9
748,500,3506315,0.98
749,500,2856213,0.98
750,500,3643029,0.64
751,500,3540885,0.94
752,500,3848684,0.49
753,500,3112057,0.79
754,500,3029018,0.98
755,500,3169854,0.98
756,500,2917656,0.99
757,500,3294395,0.84
758,500,3226258,0.98
759,500,2468312,1
760,500,3772895,0.75
761,500,1559787,1
762,500,2560877,1
763,500,3687424,0.84
764,500,3271567,0.89
765,500,3368636,0.91
766,500,2812202,1
767,500,3584250,0.72
768,500,3232801,0.89
769,500,3232112,0.79
770,500,3361903,0.92
771,500,2563381,1
772,500,3711954,0.83
773,500,2273918,1
774,500,3552631,0.79
775,500,2162439,1
776,500,3030812,0.95
777,500,3005083,0.96
778,500,2747837,1
779,500,3103623,0.97
780,500,2837499,0.92
781,500,3293609,0.72
782,500,3363050,0.82
783,500,3511663,0.85
784,500,2412807,1
785,500,2915225,0.97
786,500,2147355,1
787,500,2392933,0.99
788,500,3400944,0.96
789,500,3722923,0.67
790,500,2817581,1
791,500,3076182,0.97
792,500,3708653,0.78
793,500,3689556,0.7
794,500,3320933,0.9
795,500,3421167,0.81
796,500,2418814,1
797,500,3486148,0.7
798,500,3570104,0.8
799,500,2977304,1
800,500,3204482,0.95
801,500,3078392,0.97
802,500,3591903,0.84
803,500,2363177,0.95
804,500,2361438,1
805,500,3523999,0.78
806,500,3514183,0.75
807,500,1318370,1
808,500,3590635,0.9
809,500,3708339,0.75
810,500,3110223,1
811,500,3226667,0.94
812,500,2603731,0.97
813,500,3576162,0.91
814,500,3605880,0.61
815,500,3471884,0.95
816,500,3401630,0.91
817,500,3717579,0.75
818,500,3302874,0.89
819,500,3458893,0.74
820,500,3391486,0.78
821,500,3522656,0.9
822,500,2828590,0.95
823,500,3526223,0.83
824,500,3454088,0.96
825,500,1664016,1
826,500,2296645,1
827,500,3204780,0.96
828,500,3183651,0.98
829,500,3592986,0.81
830,500,2798626,0.99
831,500,2357226,1
832,500,3556391,0.75
833,500,3446823,0.88
834,500,2876952,0.99
835,500,2300737,1
836,500,3360563,0.65
837,500,2649284,1
838,500,342526,0
839,500,3487275,0.87
840,500,3287105,0.89
841,500,2678283,0.95
842,500,2049222,1
843,500,2938170,0.93
844,500,2835777,0.97
845,500,3657347,0.8
846,500,3323746,0.95
847,500,2201835,1
848,500,3542922,0.88
849,500,3376621,0.95
850,500,3307412,0.95
851,500,2299968,1
852,500,2595962,0.99
853,500,3151485,0.86
854,500,2537417,1
855,500,2870874,0.98
856,500,3180599,0.98
857,500,3264099,0.92
858,500,3616056,0.74
859,500,2429017,1
860,500,3637834,0.78
861,500,3160314,0.96
862,500,2727315,0.97
863,500,3306263,0.93
864,500,3594753,0.64
865,500,3431527,0.57
866,500,3303485,0.82
867,500,3141610,0.92
868,500,3560585,0.92
869,500,2274349,1
870,500,2768606,1
871,500,3422596,0.84
872,500,3422940,0.95
873,500,2995702,0.97
874,500,3472963,0.8
875,500,3295988,0.95
876,500,3513108,0.87
877,500,3201767,0.99
878,500,2538968,1
879,500,3165554,0.92
880,500,2013884,1
881,500,3484956,0.9
882,500,2145721,1
883,500,3126413,0.95
884,500,2926153,0.82
885,500,3387830,0.87
886,500,3351000,0.94
887,500,3001623,0.91
888,500,3097404,0.92
889,500,3567964,0.91
890,500,3542041,0.61
891,500,3314402,0.89
892,500,3109989,0.89
893,500,3559484,0.81
894,500,3306014,0.95
895,500,3139085,0.99
896,500,2946910,0.99
897,500,2589965,0.99
898,500,3616126,0.77
899,500,3074366,0.87
900,500,3111284,0.97
901,500,1315311,1
902,500,3425694,0.94
903,500,3408119,0.94
904,500,3137482,0.97
905,500,2267371,1
906,500,3414124,0.9
907,500,2239306,1
908,500,3061308,0.95
909,500,3125366,0.97
910,500,3437615,0.91
911,500,1879777,1
912,500,3593089,0.73
913,500,3520383,0.85
914,500,3375541,0.89
915,500,2534311,0.99
916,500,1559929,0.99
917,500,2367935,1
918,500,3109444,0.91
919,500,2925139,0.99
920,500,2655763,0.96
921,500,3235149,0.87
922,500,3380304,0.86
923,500,3153579,0.92
924,500,3265261,0.95
925,500,3584347,0.81
926,500,2613607,1
927,500,2945885,0.98
928,500,3641407,0.6
929,500,3008182,0.76
930,500,1611916,1
931,500,3434967,0.81
932,500,3020558,0.87
933,500,3336822,0.89
934,500,2891109,0.99
935,500,3785145,0.72
936,500,2254477,1
937,500,3466850,0.8
938,500,3753521,0.71
939,500,3019524,1
940,500,3315699,0.88
941,500,3236119,0.97
942,500,2867247,0.98
943,500,3446660,0.84
944,500,3619533,0.79
945,500,2430542,1
946,500,3546683,0.75
947,500,3550689,0.68
948,500,3588347,0.75
949,500,3816847,0.67
950,500,3371069,0.9
951,500,3332854,0.81
952,500,3309424,0.83
953,500,2555889,0.99
954,500,3438061,0.83
955,500,3245953,0.75
956,500,3242938,0.92
957,500,2817645,0.98
958,500,2326802,1
959,500,2882666,1
960,500,3549640,0.78
961,500,2670774,0.94
962,500,2919966,0.97
963,500,3098433,0.97
964,500,3033626,0.93
965,500,3147293,0.92
966,500,2803458,0.99
967,500,3323668,0.94
968,500,3234144,0.87
969,500,3435656,0.72
970,500,3044124,1
971,500,2891286,0.96
972,500,2682264,0.99
973,500,3305142,0.78
974,500,2898238,0.99
975,500,3031684,0.9
976,500,2754319,1
977,500,2154009,1
978,500,3204475,0.95
979,500,2156394,1
980,500,2428844,1
981,500,3293201,0.89
982,500,3443005,0.82
983,500,2805477,0.96
984,500,3380220,0.93
985,500,3307391,0.92
986,500,3505924,0.79
987,500,2235328,1
988,500,3379497,0.9
989,500,3620518,0.67
990,500,2641495,1
991,500,2288414,1
992,500,3613251,0.85
993,500,2994310,0.96
994,500,3671302,0.79
995,500,3576324,0.73
996,500,3275835,0.74
997,500,2490337,1
998,500,3395909,0.92
999,500,3721903,0.74
0,600,3572364,0.98
1,600,4367008,0.82
2,600,2743253,1
3,600,3997712,0.79
4,600,4194136,0.81
5,600,3459565,0.99
6,600,4083779,0.81
7,600,3967539,0.89
8,600,4184781,0.88
9,600,2987949,1
10,600,2580783,1
11,600,3175014,1
12,600,4094313,0.86
13,600,3504497,0.84
14,600,3661924,0.96
15,600,4272093,0.76
16,600,3644126,0.96
17,600,3351755,1
18,600,4255505,0.71
19,600,4194068,0.84
20,600,2763319,1
21,600,3741965,0.98
22,600,4177224,0.65
23,600,2697736,1
24,600,4318278,0.81
25,600,3715956,0.98
26,600,1565786,1
27,600,3312799,0.99
28,600,3796163,0.84
29,600,3892381,0.91
30,600,4061258,0.67
31,600,4311523,0.69
32,600,3547364,0.97
33,600,4207786,0.69
34,600,2346236,1
35,600,3168525,0.98
36,600,4004897,0.81
37,600,2979313,1
38,600,4007068,0.89
39,600,4155939,0.9
40,600,3272634,1
41,600,4136345,0.89
42,600,3359554,1
43,600,4207836,0.79
44,600,3636700,0.97
45,600,3922798,0.94
46,600,3969537,0.73
47,600,3249034,0.99
48,600,3959983,0.95
49,600,3577458,0.92
50,600,4148463,0.77
51,600,3331566,1
52,600,4148104,0.73
53,600,2934175,0.99
54,600,3714288,0.76
55,600,3113351,1
56,600,3626364,0.93
57,600,3932868,0.97
58,600,2213185,1
59,600,2454672,1
60,600,3980972,0.67
61,600,3581762,0.87
62,600,3399207,1
63,600,3534754,0.97
64,600,3759840,0.88
65,600,4037648,0.86
66,600,3164484,1
67,600,3751262,0.94
68,600,3984619,0.84
69,600,3532752,0.93
70,600,2167575,1
71,600,3767241,0.86
72,600,2666238,0.99
73,600,3963950,0.9
74,600,3894842,0.86
75,600,2707985,0.97
76,600,4163731,0.81
77,600,3930721,0.96
78,600,3608563,0.97
79,600,2756509,1
80,600,4365617,0.75
81,600,3664161,0.98
82,600,3947055,0.93
83,600,4213555,0.83
84,600,4053034,0.92
85,600,3928140,0.89
86,600,4162163,0.8
87,600,3876725,0.98
88,600,4388774,0.78
89,600,2752976,0.99
90,600,3684574,0.94
91,600,2649604,1
92,600,3820522,0.88
93,600,3920653,0.99
94,600,3990125,0.61
95,600,4328033,0.78
96,600,3596704,0.98
97,600,3748511,0.81
98,600,4264021,0.8
99,600,3920704,0.83
100,600,3998244,0.74
101,600,3124871,0.98
102,600,2549671,1
103,600,2453840,1
104,600,3658946,0.65
105,600,1938591,1
106,600,3676830,0.98
107,600,3102976,1
108,600,3598679,1
109,600,4302169,0.81
110,600,3600108,0.99
111,600,3896536,0.85
112,600,4019477,0.84
113,600,3714453,0.97
114,600,3827723,0.93
115,600,4077282,0.87
116,600,3638151,0.95
117,600,4239420,0.77
118,600,4165997,0.72
119,600,3993784,0.91
120,600,4085533,0.88
121,600,3798976,0.84
122,600,2879539,1
123,600,2486626,1
124,600,2593199,1
125,600,2712569,1
126,600,3135286,0.96
127,600,4336901,0.7
128,600,3673598,0.96
129,600,4193497,0.85
130,600,4000668,0.99
131,600,3848479,0.91
132,600,4058080,0.78
133,600,3482096,0.98
134,600,3835262,0.93
135,600,4174666,0.76
136,600,4085120,0.74
137,600,4136669,0.85
138,600,2633133,1
139,600,4028140,0.94
140,600,3003641,1
141,600,4028081,0.98
142,600,3970173,0.99
143,600,3251374,0.97
144,600,2912828,0.99
145,600,3885325,0.67
146,600,2363213,1
147,600,3907077,0.99
148,600,3250271,0.99
149,600,3844863,0.87
150,600,3233395,1
151,600,3708824,0.93
152,600,4001100,0.95
153,600,3371027,0.98
154,600,4081647,0.79
155,600,3699554,0.93
156,600,2947630,0.99
157,600,4041663,0.91
158,600,2338208,1
159,600,4014491,0.89
160,600,4056787,0.84
161,600,1865129,1
162,600,3911880,0.96
163,600,3359822,0.96
164,600,3836762,0.97
165,600,4050258,0.89
166,600,4203450,0.65
167,600,3990685,0.7
168,600,3552371,0.97
169,600,4189601,0.65
170,600,3537425,0.97
171,600,3502786,1
172,600,4167804,0.92
173,600,3474725,0.97
174,600,3957785,0.82
175,600,4153805,0.79
176,600,3705544,0.99
177,600,3725275,0.96
178,600,3866827,0.87
179,600,2660145,1
180,600,2751982,1
181,600,3452922,1
182,600,3837076,0.68
183,600,3772935,0.86
184,600,2525885,1
185,600,3120215,0.98
186,600,3138579,0.99
187,600,2946052,0.99
188,600,4132018,0.74
189,600,4192878,0.83
190,600,4183786,0.91
191,600,3462783,0.97
192,600,2856413,0.99
193,600,4148891,0.88
194,600,3258645,0.98
195,600,3168014,0.99
196,600,3343438,0.99
197,600,3063917,0.98
198,600,4011430,0.88
199,600,4064959,0.88
200,600,3753088,0.93
201,600,3270089,0.99
202,600,3512500,1
203,600,2269002,1
204,600,2940117,1
205,600,3993697,0.96
206,600,4129297,0.92
207,600,3107973,1
208,600,3377055,1
209,600,3549679,0.89
210,600,3593423,0.95
211,600,3181106,0.99
212,600,3522714,0.95
213,600,2701119,1
214,600,3972719,0.86
215,600,3508176,0.96
216,600,2486881,1
217,600,2517990,1
218,600,2362884,1
219,600,3978960,0.74
220,600,3752963,0.93
221,600,4327859,0.62
222,600,4165247,0.66
223,600,3163863,0.98
224,600,3570584,0.97
225,600,4061692,0.93
226,600,2647846,1
227,600,3325320,0.97
228,600,4277647,0.89
229,600,2842355,1
230,600,2271684,1
231,600,2595001,1
232,600,3633624,0.91
233,600,3916663,0.91
234,600,4229433,0.67
235,600,4195465,0.79
236,600,2519636,0.99
237,600,4057575,0.82
238,600,4099039,0.93
239,600,1889713,0.99
240,600,3717554,0.99
241,600,4010056,0.9
242,600,3167065,0.99
243,600,4089550,0.95
244,600,3967868,0.72
245,600,3831502,0.99
246,600,3274513,0.99
247,600,4026822,0.98
248,600,4080635,0.94
249,600,3992682,0.95
250,600,2682376,1
251,600,4165575,0.72
252,600,4125236,0.4
253,600,3443812,0.97
254,600,3451586,0.99
255,600,2730396,1
256,600,3253773,0.98
257,600,4165419,0.73
258,600,3726432,1
259,600,4139106,0.92
260,600,3339630,0.99
261,600,2622811,1
262,600,4102381,0.84
263,600,3849767,0.92
264,600,4371219,0.77
265,600,3184891,0.99
266,600,2580370,1
267,600,3678937,0.99
268,600,2692845,1
269,600,3939686,0.92
270,600,3901853,0.93
271,600,3596473,0.94
272,600,3894100,0.87
273,600,2376953,1
274,600,3735104,0.97
275,600,2365843,1
276,600,4154579,0.52
277,600,3716630,0.98
278,600,3520738,0.99
279,600,2649968,1
280,600,3307537,0.99
281,600,3997925,0.88
282,600,4135479,0.88
283,600,3710970,0.92
284,600,4049838,0.81
285,600,3774170,0.83
286,600,3844027,1
287,600,3804604,0.96
288,600,3895815,0.91
289,600,4076979,0.87
290,600,3639321,0.97
291,600,3954273,0.82
292,600,3996329,0.86
293,600,4180516,0.58
294,600,3175023,0.98
295,600,3387565,1
296,600,4186004,0.86
297,600,2996226,1
298,600,3162907,1
299,600,3957975,0.77
300,600,3496413,0.87
301,600,4117291,0.66
302,600,3577659,0.98
303,600,2746729,1
304,600,4240099,0.95
305,600,3439834,0.86
306,600,3447512,1
307,600,4098642,0.85
308,600,3948203,0.93
309,600,4182471,0.83
310,600,1902981,1
311,600,3973555,0.99
312,600,3974454,0.97
313,600,3632503,0.93
314,600,4001615,0.73
315,600,4008996,0.8
316,600,4190904,0.75
317,600,4219517,0.54
318,600,2752312,0.98
319,600,3648037,0.92
320,600,3897222,0.91
321,600,2841276,1
322,600,3416337,0.98
323,600,2528384,1
324,600,4182603,0.64
325,600,3996054,0.82
326,600,2929897,1
327,600,4017861,0.9
328,600,2729211,1
329,600,4108007,0.87
330,600,3583287,0.98
331,600,3392167,0.98
332,600,4075369,0.82
333,600,3318599,1
334,600,4118694,0.92
335,600,3708890,0.95
336,600,3756647,0.87
337,600,2609702,1
338,600,4326376,0.73
339,600,3978200,0.95
340,600,4304851,0.7
341,600,4285778,0.84
342,600,4112094,0.92
343,600,3983426,0.76
344,600,3371342,1
345,600,2863270,1
346,600,3901806,0.94
347,600,3913380,0.97
348,600,3395216,0.99
349,600,4246888,0.93
350,600,3510094,1
351,600,2044137,0.99
352,600,2934962,1
353,600,2929107,0.97
354,600,3572776,0.95
355,600,3059622,1
356,600,3885317,0.97
357,600,4148140,0.79
358,600,3990411,0.91
359,600,3224713,1
360,600,3762722,0.9
361,600,1864896,1
362,600,2255540,1
363,600,4004960,0.78
364,600,3695120,0.91
365,600,3926381,0.85
366,600,2986180,1
367,600,1585540,1
368,600,3741420,0.91
369,600,2248798,1
370,600,3317547,1
371,600,3973967,0.93
372,600,3995772,0.79
373,600,4314638,0.77
374,600,4056342,0.83
375,600,3263742,0.97
376,600,3761617,0.94
377,600,4034625,0.86
378,600,3029103,1
379,600,3850434,0.85
380,600,3873505,0.92
381,600,3977879,0.88
382,600,3869647,0.92
383,600,3910220,0.86
384,600,3672407,0.89
385,600,4079678,0.8
386,600,4112649,0.76
387,600,4197657,0.73
388,600,4308239,0.81
389,600,2172996,0.99
390,600,3654154,0.95
391,600,4125979,0.94
392,600,3730566,0.94
393,600,4143074,0.77
394,600,3586905,0.96
395,600,3787767,0.9
396,600,2880528,0.99
397,600,2921692,1
398,600,4585892,0.98
399,600,4251467,0.76
400,600,4177091,0.98
401,600,3961563,0.96
402,600,3136775,0.99
403,600,4091654,0.93
404,600,2348148,1
405,600,4280724,0.77
406,600,4584539,0.66
407,600,4150650,0.88
408,600,3987765,0.91
409,600,3626274,0.9
410,600,3557686,0.93
411,600,2693617,1
412,600,3986211,0.9
413,600,3902629,0.96
414,600,4239627,0.82
415,600,3294832,1
416,600,3829393,0.94
417,600,4413265,0.76
418,600,3730389,0.98
419,600,4311444,0.74
420,600,4489766,0.79
421,600,3726911,0.98
422,600,3437332,1
423,600,3830072,0.96
424,600,4172435,0.86
425,600,3955948,0.9
426,600,4315109,0.83
427,600,3125394,1
428,600,3097447,1
429,600,3867276,0.99
430,600,3641491,0.95
431,600,3611881,0.98
432,600,4178979,0.79
433,600,3138431,1
434,600,3446469,0.98
435,600,4011556,0.93
436,600,2853728,0.99
437,600,4038592,0.94
438,600,4121030,0.91
439,600,3231254,1
440,600,3651083,0.96
441,600,3790936,0.92
442,600,4255755,0.83
443,600,4169982,0.95
444,600,4077400,0.88
445,600,3961764,0.89
446,600,4138472,0.89
447,600,4069588,0.92
448,600,3814586,0.96
449,600,4072803,0.95
450,600,4216447,0.93
451,600,3674399,0.99
452,600,3827445,0.94
453,600,3867205,0.86
454,600,2854827,0.99
455,600,3917654,0.96
456,600,3955552,0.93
457,600,4021334,0.87
458,600,3641871,1
459,600,4319707,0.65
460,600,3443157,0.96
461,600,3014468,1
462,600,3676210,0.96
463,600,4188076,0.89
464,600,4008342,0.94
465,600,3297797,1
466,600,3520975,0.99
467,600,3860229,0.99
468,600,2931124,1
469,600,4245493,0.83
470,600,3670284,0.99
471,600,4155016,0.81
472,600,3753740,0.91
473,600,3926638,0.96
474,600,3924597,0.9
475,600,3960642,0.92
476,600,2931627,1
477,600,4003075,0.95
478,600,2896445,0.99
479,600,3774246,0.83
480,600,3760142,0.87
481,600,3936271,0.96
482,600,2738340,1
483,600,3488722,1
484,600,3587871,1
485,600,2463457,0.97
486,600,3919116,0.95
487,600,3872132,0.84
488,600,3651936,0.83
489,600,3605219,0.95
490,600,4078206,0.81
491,600,4471867,0.79
492,600,4049672,0.93
493,600,3906070,0.97
494,600,2735323,1
495,600,3848809,0.74
496,600,4260552,0.85
497,600,3900420,0.94
498,600,2954977,1
499,600,4076061,0.87
500,600,3607313,0.98
501,600,3553893,1
502,600,3339717,0.89
503,600,2912018,0.98
504,600,3466060,0.98
505,600,3445050,0.97
506,600,2340645,1
507,600,3855866,0.9
508,600,4031018,0.85
509,600,3288962,0.98
510,600,3292787,0.97
511,600,4039581,0.89
512,600,3758267,0.94
513,600,3311411,1
514,600,4300044,0.84
515,600,391292,0
516,600,4102091,0.86
517,600,3263959,1
518,600,3042238,0.98
519,600,4087216,0.82
520,600,3302926,1
521,600,4241418,0.87
522,600,3838857,0.83
523,600,3833121,0.81
524,600,4133917,0.58
525,600,3929339,0.92
526,600,3778802,0.95
527,600,4207153,0.76
528,600,4039453,0.9
529,600,2829441,1
530,600,3957866,0.98
531,600,2252087,1
532,600,2903025,1
533,600,3976509,0.87
534,600,3671528,0.96
535,600,4239019,0.75
536,600,2694667,1
537,600,2787150,1
538,600,4139067,0.81
539,600,3495186,0.98
540,600,4057440,0.96
541,600,4046010,0.75
542,600,2230897,1
543,600,3950468,0.96
544,600,4209102,0.83
545,600,3449331,0.97
546,600,4104149,0.72
547,600,3542434,1
548,600,2616774,1
549,600,4153027,0.81
550,600,3434711,0.94
551,600,3745633,0.97
552,600,1998988,1
553,600,3740481,0.97
554,600,1423318,1
555,600,1486249,1
556,600,3034683,1
557,600,2709553,1
558,600,3832852,0.95
559,600,4069449,0.79
560,600,3210214,1
561,600,3652557,0.96
562,600,3245747,1
563,600,3941208,0.92
564,600,3846549,0.75
565,600,3167206,1
566,600,3104022,1
567,600,4020554,0.88
568,600,3546282,0.97
569,600,4282431,0.55
570,600,3656952,0.96
571,600,3334581,0.99
572,600,3907203,0.98
573,600,4083076,0.92
574,600,3105706,1
575,600,2750101,1
576,600,2997498,1
577,600,2201154,1
578,600,4115391,0.84
579,600,3491386,0.99
580,600,3721959,0.94
581,600,4104135,0.94
582,600,4163610,0.87
583,600,4187830,0.7
584,600,3621642,0.91
585,600,3516181,1
586,600,4040778,0.91
587,600,3976303,0.81
588,600,4199328,0.83
589,600,4319325,0.81
590,600,4320731,0.78
591,600,3651249,0.95
592,600,4289224,0.82
593,600,4009925,0.87
594,600,3780326,0.97
595,600,2970278,1
596,600,3914786,0.93
597,600,3921983,0.9
598,600,4090734,0.92
599,600,4201014,0.78
600,600,4169799,0.9
601,600,3654433,0.99
602,600,2999907,0.98
603,600,2958870,1
604,600,4289315,0.75
605,600,3645201,0.95
606,600,4198195,0.73
607,600,4105552,0.71
608,600,3564688,0.98
609,600,3811583,0.92
610,600,2464388,1
611,600,4091057,0.85
612,600,3265442,0.99
613,600,2377415,1
614,600,4226814,0.91
615,600,3826459,0.94
616,600,3910588,0.85
617,600,3734267,0.95
618,600,1494454,1
619,600,3849305,0.89
620,600,4226899,0.86
621,600,1989584,1
622,600,3699827,0.93
623,600,3852225,0.87
624,600,3547341,0.96
625,600,3403253,0.95
626,600,3315694,0.89
627,600,4158206,0.74
628,600,3081108,1
629,600,4283307,0.93
630,600,4078828,0.89
631,600,4166990,0.8
632,600,3938959,0.93
633,600,2897086,1
634,600,3678016,0.87
635,600,3490852,0.99
636,600,3455523,1
637,600,3705794,0.89
638,600,3620715,0.98
639,600,2524036,0.99
640,600,4116275,0.9
641,600,3808253,0.91
642,600,4089163,0.75
643,600,3983170,0.8
644,600,4020615,0.94
645,600,3624439,0.97
646,600,3936686,0.9
647,600,3530561,0.98
648,600,7642750,0.84
649,600,4008162,0.98
650,600,3221790,0.99
651,600,4667483,0.95
652,600,3864931,0.98
653,600,4335355,0.98
654,600,5130618,0.92
655,600,5022519,0.88
656,600,4240345,0.95
657,600,5362336,0.74
658,600,3998484,0.94
659,600,4169997,0.92
660,600,3543764,1
661,600,3953354,1
662,600,4469191,0.96
663,600,3018816,1
664,600,4715794,0.9
665,600,4443360,0.86
666,600,3449706,1
667,600,4791752,0.83
668,600,4653419,0.9
669,600,4699461,0.75
670,600,4529868,0.97
671,600,4379446,0.98
672,600,4353845,0.91
673,600,5233097,0.74
674,600,2869002,0.99
675,600,4810998,0.83
676,600,4459729,0.93
677,600,4718093,0.83
678,600,3732602,0.95
679,600,4638373,0.85
680,600,4796106,0.73
681,600,4812361,0.89
682,600,4365010,0.96
683,600,4615887,0.81
684,600,4119549,0.84
685,600,4040950,1
686,600,3924005,1
687,600,3580721,1
688,600,4945504,0.71
689,600,3968530,0.97
690,600,4177013,0.99
691,600,4370033,0.91
692,600,3919737,0.94
693,600,4026119,0.96
694,600,3380396,0.98
695,600,4018411,0.97
696,600,4416696,0.82
697,600,3768873,1
698,600,4689034,0.92
699,600,3162306,1
700,600,4348217,0.93
701,600,4523046,0.94
702,600,3105703,1
703,600,4807975,0.68
704,600,3708211,0.98
705,600,4001909,0.92
706,600,4333569,0.89
707,600,3723971,1
708,600,3614418,1
709,600,4141822,0.92
710,600,3637109,0.99
711,600,3492983,0.99
712,600,4225376,0.95
713,600,4711769,0.86
714,600,4227887,0.95
715,600,4093972,0.98
716,600,4128348,0.95
717,600,4422889,0.89
718,600,3125851,0.99
719,600,4647675,0.85
720,600,4492677,0.9
721,600,4172202,0.75
722,600,3889165,0.97
723,600,3811495,0.99
724,600,4357709,0.79
725,600,3083257,0.97
726,600,2526425,1
727,600,3308086,0.99
728,600,4556160,0.65
729,600,4054301,0.98
730,600,4401734,0.8
731,600,3480085,0.97
732,600,2879170,0.98
733,600,2574996,1
734,600,3406509,0.98
735,600,4346221,0.68
736,600,3327523,1
737,600,3950184,0.91
738,600,3970550,1
739,600,3958070,0.99
740,600,3901198,0.96
741,600,4595157,0.79
742,600,3217605,1
743,600,4465089,0.62
744,600,3369024,1
745,600,4575932,0.75
746,600,3438095,0.99
747,600,3868368,0.9
748,600,3066054,0.99
749,600,3459451,0.99
750,600,4551509,0.68
751,600,4221450,0.95
752,600,4635257,0.53
753,600,4082803,0.8
754,600,3559206,0.99
755,600,3866902,0.98
756,600,3636050,0.99
757,600,4167673,0.88
758,600,4029556,0.98
759,600,2920562,1
760,600,4603098,0.77
761,600,1912498,1
762,600,3207406,1
763,600,4370644,0.87
764,600,3955322,0.92
765,600,4230950,0.92
766,600,3410246,1
767,600,4545285,0.77
768,600,3888036,0.89
769,600,3912021,0.84
770,600,3995711,0.93
771,600,3213886,1
772,600,4589662,0.83
773,600,2721273,1
774,600,4247945,0.83
775,600,2539984,1
776,600,3642496,0.95
777,600,3610441,0.98
778,600,3314776,1
779,600,3703067,0.98
780,600,3447647,0.94
781,600,4168831,0.74
782,600,4122900,0.84
783,600,4314653,0.86
784,600,2843196,1
785,600,3422096,0.99
786,600,2665947,1
787,600,2910522,0.99
788,600,4041376,0.98
789,600,4504715,0.7
790,600,3375210,1
791,600,3687596,0.97
792,600,4415179,0.79
793,600,4557364,0.75
794,600,4114037,0.94
795,600,4234081,0.84
796,600,3101046,1
797,600,4245360,0.72
798,600,4265565,0.84
799,600,3530135,1
800,600,3875139,0.96
801,600,3699430,0.98
802,600,4300891,0.86
803,600,2876043,0.96
804,600,2768461,1
805,600,4409611,0.83
806,600,4204941,0.81
807,600,1559963,1
808,600,4378850,0.91
809,600,4456641,0.79
810,600,3784596,1
811,600,3927349,0.95
812,600,3135006,0.98
813,600,4267319,0.91
814,600,4280968,0.64
815,600,4172452,0.95
816,600,4088297,0.94
817,600,4499496,0.75
818,600,3982989,0.92
819,600,4318641,0.77
820,600,4099600,0.81
821,600,4230228,0.92
822,600,3383880,0.99
823,600,4362965,0.87
824,600,4118138,0.96
825,600,2004870,1
826,600,2774503,1
827,600,3908253,0.96
828,600,3752825,0.99
829,600,4412457,0.85
830,600,3321668,0.99
831,600,2796342,1
832,600,4266837,0.8
833,600,4169256,0.89
834,600,3412987,0.99
835,600,2786004,1
836,600,4088413,0.7
837,600,3240246,1
838,600,387684,0
839,600,4128396,0.88
840,600,3955588,0.9
841,600,3130216,0.95
842,600,2527321,1
843,600,3459042,0.96
844,600,3357168,0.97
845,600,4381548,0.81
846,600,4001592,0.95
847,600,2658490,1
848,600,4152293,0.89
849,600,3947732,0.96
850,600,3957670,0.95
851,600,2743689,1
852,600,3041828,0.99
853,600,3855967,0.87
854,600,3049970,1
855,600,3485127,0.98
856,600,3815549,0.98
857,600,3952331,0.94
858,600,4383517,0.76
859,600,2943495,1
860,600,4291991,0.79
861,600,3745448,0.96
862,600,3370672,0.97
863,600,3977960,0.93
864,600,4327138,0.74
865,600,4166394,0.59
866,600,4134228,0.84
867,600,3790346,0.94
868,600,4195454,0.93
869,600,2688564,1
870,600,3287961,1
871,600,4122474,0.86
872,600,4079500,0.95
873,600,3577818,0.97
874,600,4243683,0.8
875,600,3992555,0.96
876,600,4171354,0.9
877,600,3836310,0.99
878,600,3035935,1
879,600,3782776,0.92
880,600,2461164,1
881,600,4145790,0.91
882,600,2506169,1
883,600,3807882,0.98
884,600,6928907,0.86
885,600,4871593,0.92
886,600,4883556,0.95
887,600,4429169,0.93
888,600,4278125,0.95
889,600,5144246,0.94
890,600,5295992,0.68
891,600,4634545,0.92
892,600,4434402,0.94
893,600,4964148,0.83
894,600,4483161,0.96
895,600,4303931,1
896,600,3884345,0.99
897,600,3706800,1
898,600,5330387,0.8
899,600,4354175,0.88
900,600,4302234,0.97
901,600,1802111,1
902,600,4690873,0.96
903,600,4530719,0.96
904,600,4398818,0.99
905,600,3085130,1
906,600,4660637,0.92
907,600,3237085,1
908,600,4196697,0.96
909,600,4067521,0.98
910,600,4554796,0.92
911,600,2895257,1
912,600,5106848,0.76
913,600,4708932,0.91
914,600,4396084,0.9
915,600,3512324,0.99
916,600,1967115,0.99
917,600,3210273,1
918,600,4267040,0.93
919,600,3958769,0.99
920,600,3767295,0.97
921,600,4334307,0.92
922,600,4453505,0.89
923,600,4329089,0.93
924,600,4391689,0.97
925,600,4856890,0.81
926,600,3443853,1
927,600,4058284,0.98
928,600,5119028,0.62
929,600,4374241,0.78
930,600,2227809,1
931,600,4603054,0.81
932,600,4436465,0.88
933,600,4315542,0.93
934,600,3811504,0.99
935,600,4915073,0.74
936,600,2953415,1
937,600,4728693,0.8
938,600,4939529,0.73
939,600,4038840,1
940,600,4143568,0.89
941,600,4158932,0.97
942,600,3735615,1
943,600,4495713,0.87
944,600,4775096,0.81
945,600,3190373,1
946,600,4644416,0.81
947,600,4588445,0.74
948,600,4436927,0.79
949,600,4830228,0.72
950,600,4458231,0.92
951,600,4442944,0.84
952,600,4419672,0.85
953,600,3421256,1
954,600,4512756,0.83
955,600,4365533,0.79
956,600,4043097,0.93
957,600,3596633,0.99
958,600,3046367,1
959,600,3597458,1
960,600,4464958,0.8
961,600,3254598,0.95
962,600,3665172,0.97
963,600,4134429,0.98
964,600,3928568,0.95
965,600,3932832,0.92
966,600,3688605,0.99
967,600,4098318,0.95
968,600,4239756,0.91
969,600,4404227,0.79
970,600,3912923,1
971,600,3478206,0.96
972,600,3512800,0.99
973,600,4397189,0.78
974,600,3554551,0.99
975,600,4174970,0.9
976,600,3527663,1
977,600,2911180,1
978,600,4031454,0.99
979,600,2748700,1
980,600,3011777,1
981,600,4132774,0.91
982,600,4406210,0.84
983,600,3630109,0.98
984,600,4159483,0.98
985,600,4078733,0.92
986,600,4509951,0.81
987,600,2903517,1
988,600,4151839,0.92
989,600,4559058,0.7
990,600,3365099,1
991,600,2913612,1
992,600,4397150,0.87
993,600,3748228,0.99
994,600,4745039,0.82
995,600,4506684,0.78
996,600,4210118,0.78
997,600,3169552,1
998,600,4195293,0.92
999,600,4698388,0.75
0,700,4395548,0.98
1,700,5111910,0.83
2,700,3445299,1
3,700,4732231,0.84
4,700,4960566,0.82
5,700,4049670,1
6,700,4832364,0.84
7,700,4904530,0.9
8,700,4992982,0.89
9,700,3747094,1
10,700,3228724,1
11,700,3916639,1
12,700,5062022,0.9
13,700,4293982,0.85
14,700,4421188,0.97
15,700,5127042,0.81
16,700,4500146,0.99
17,700,4274420,1
18,700,5201555,0.73
19,700,4960815,0.84
20,700,3384367,1
21,700,4517819,0.99
22,700,4884293,0.69
23,700,3393315,1
24,700,5214372,0.84
25,700,4439448,0.98
26,700,1981828,1
27,700,3973168,0.99
28,700,4484347,0.88
29,700,4543666,0.92
30,700,4847139,0.73
31,700,5125654,0.7
32,700,4326004,0.97
33,700,4979663,0.71
34,700,2902052,1
35,700,3643752,0.99
36,700,5030451,0.85
37,700,3697425,1
38,700,4727955,0.91
39,700,4894518,0.9
40,700,3918216,1
41,700,4901969,0.9
42,700,3997054,1
43,700,4952290,0.81
44,700,7800724,0.97
45,700,5401854,0.97
46,700,5720901,0.74
47,700,4588381,1
48,700,5445367,0.97
49,700,5307850,0.95
50,700,5791222,0.79
51,700,4527172,1
52,700,6062608,0.76
53,700,3885071,0.99
54,700,5376111,0.81
55,700,4318021,1
56,700,4768911,0.93
57,700,5351927,0.99
58,700,3007042,1
59,700,3345501,1
60,700,5570666,0.7
61,700,5000929,0.89
62,700,4537112,1
63,700,5056265,0.98
64,700,5340811,0.92
65,700,5320908,0.9
66,700,4251131,1
67,700,4877400,0.94
68,700,5551350,0.86
69,700,4423655,0.95
70,700,2843824,1
71,700,5291961,0.86
72,700,3383720,0.99
73,700,5534500,0.91
74,700,5246949,0.86
75,700,3316621,0.97
76,700,5550579,0.82
77,700,5070483,0.96
78,700,4665614,0.97
79,700,3676690,1
80,700,5668121,0.8
81,700,4872108,0.98
82,700,5033470,0.94
83,700,5408956,0.89
84,700,5312654,0.95
85,700,4769810,0.89
86,700,5759102,0.84
87,700,5401680,0.98
88,700,5561054,0.81
89,700,3661822,0.99
90,700,4688220,0.95
91,700,3485992,1
92,700,4889608,0.91
93,700,4881065,0.99
94,700,5398158,0.64
95,700,5483994,0.8
96,700,4300210,0.99
97,700,4796967,0.83
98,700,5214198,0.88
99,700,5102653,0.84
100,700,5159391,0.77
101,700,3912177,0.98
102,700,3194309,1
103,700,3239165,1
104,700,5060482,0.68
105,700,2511982,1
106,700,4784360,0.99
107,700,3873450,1
108,700,4640690,1
109,700,5283758,0.81
110,700,4537621,0.99
111,700,5224401,0.89
112,700,5256831,0.87
113,700,4638602,0.99
114,700,4822585,0.93
115,700,4971142,0.91
116,700,4664230,0.95
117,700,5305228,0.8
118,700,5316902,0.75
119,700,4824043,0.92
120,700,4913145,0.89
121,700,4963701,0.86
122,700,3586933,1
123,700,3198771,1
124,700,3196170,1
125,700,3250833,1
126,700,4201966,0.96
127,700,5584788,0.75
128,700,4655977,0.96
129,700,5158355,0.87
130,700,4960566,0.99
131,700,4832325,0.92
132,700,5182271,0.8
133,700,4334954,0.98
134,700,4759107,0.94
135,700,5169970,0.8
136,700,4902415,0.82
137,700,5051528,0.88
138,700,3303268,1
139,700,4974397,0.94
140,700,3394358,1
141,700,5014058,0.98
142,700,4784235,0.99
143,700,4441047,0.98
144,700,3768202,0.99
145,700,4768703,0.71
146,700,2912399,1
147,700,4681062,0.99
148,700,4603326,0.99
149,700,4827694,0.88
150,700,4106145,1
151,700,4495300,0.93
152,700,4686645,0.96
153,700,4120193,0.98
154,700,5002313,0.81
155,700,4858575,0.93
156,700,3747300,1
157,700,4926919,0.92
158,700,2812473,1
159,700,4824138,0.94
160,700,4908528,0.86
161,700,2392422,1
162,700,4596994,0.98
163,700,4097916,0.98
164,700,4695177,0.97
165,700,4889594,0.91
166,700,5235387,0.7
167,700,4864603,0.71
168,700,4385090,0.97
169,700,5086297,0.65
170,700,4433822,0.97
171,700,4367253,1
172,700,4987582,0.92
173,700,4174598,0.98
174,700,4679636,0.82
175,700,5173060,0.82
176,700,4498744,0.99
177,700,4385182,0.96
178,700,4867918,0.9
179,700,3260536,1
180,700,3415626,1
181,700,4287462,1
182,700,4735582,0.68
183,700,4908092,0.88
184,700,3000472,1
185,700,3663479,1
186,700,3732304,0.99
187,700,3572157,1
188,700,5158306,0.77
189,700,5086142,0.84
190,700,4993248,0.92
191,700,4348356,0.97
192,700,3490350,1
193,700,5067478,0.9
194,700,4079123,0.98
195,700,3675462,0.99
196,700,4040610,0.99
197,700,4001121,0.99
198,700,4787570,0.89
199,700,5037451,0.9
200,700,4583576,0.93
201,700,3810014,0.99
202,700,4204250,1
203,700,2669736,1
204,700,3564169,1
205,700,4712919,0.96
206,700,4880744,0.94
207,700,3832452,1
208,700,4124299,1
209,700,4599990,0.91
210,700,4443310,0.95
211,700,3765467,0.99
212,700,4161529,0.96
213,700,3209365,1
214,700,5057301,0.88
215,700,4478683,0.96
216,700,2944511,1
217,700,3080929,1
218,700,3099309,1
219,700,4787016,0.78
220,700,4698424,0.96
221,700,5149069,0.69
222,700,5184060,0.71
223,700,3667029,0.99
224,700,4599786,0.98
225,700,4828068,0.94
226,700,3310666,1
227,700,4148589,0.98
228,700,5168551,0.92
229,700,3528467,1
230,700,2802277,1
231,700,3145499,1
232,700,4873867,0.91
233,700,4697362,0.92
234,700,5128170,0.7
235,700,4923027,0.82
236,700,3261926,0.99
237,700,4923097,0.84
238,700,4874015,0.95
239,700,2312584,0.99
240,700,4436130,0.99
241,700,4913501,0.91
242,700,3793826,0.99
243,700,4901465,0.95
244,700,4972927,0.76
245,700,4722512,0.99
246,700,4020333,1
247,700,8273464,0.99
248,700,5632057,0.94
249,700,5552552,0.96
250,700,3434622,1
251,700,5739709,0.75
252,700,5754664,0.44
253,700,4584768,0.97
254,700,4771232,0.99
255,700,3946771,1
256,700,4656524,0.99
257,700,5485044,0.75
258,700,4945547,1
259,700,5535873,0.94
260,700,4475575,0.99
261,700,3549189,1
262,700,5373032,0.89
263,700,5295574,0.92
264,700,5759796,0.8
265,700,4313314,1
266,700,3303481,1
267,700,4944255,0.99
268,700,3597372,1
269,700,5389723,0.94
270,700,5023789,0.95
271,700,4941140,0.94
272,700,5459993,0.89
273,700,3131379,1
274,700,5041744,0.97
275,700,3069291,1
276,700,5414896,0.57
277,700,5099728,1
278,700,4871607,1
279,700,3246959,1
280,700,4541032,0.99
281,700,5293978,0.88
282,700,5185855,0.9
283,700,4604242,0.95
284,700,5533238,0.85
285,700,4999204,0.89
286,700,4942746,1
287,700,4934417,0.97
288,700,4825800,0.93
289,700,5049306,0.87
290,700,4539750,0.98
291,700,5008476,0.85
292,700,5186551,0.89
293,700,5527524,0.64
294,700,4205148,0.98
295,700,4268944,1
296,700,5301695,0.9
297,700,3757586,1
298,700,4037703,1
299,700,4753906,0.77
300,700,4652946,0.88
301,700,5420361,0.71
302,700,4821775,0.99
303,700,3632036,1
304,700,5272257,0.97
305,700,4126377,0.87
306,700,4404919,1
307,700,5318992,0.86
308,700,5065849,0.93
309,700,5515170,0.86
310,700,2687879,1
311,700,4912753,0.99
312,700,5164504,0.98
313,700,4806249,0.94
314,700,5283644,0.81
315,700,4987874,0.84
316,700,5454650,0.77
317,700,5572559,0.63
318,700,3440963,0.98
319,700,4540386,0.94
320,700,4768497,0.94
321,700,3531328,1
322,700,4031462,0.98
323,700,3199382,1
324,700,5356153,0.68
325,700,4878570,0.84
326,700,3684448,1
327,700,5200415,0.91
328,700,3712729,1
329,700,5087716,0.89
330,700,4380900,0.98
331,700,4328999,0.98
332,700,5250036,0.86
333,700,4184327,1
334,700,5138688,0.93
335,700,4736427,0.95
336,700,4888876,0.88
337,700,3386157,1
338,700,5427220,0.77
339,700,4910728,0.97
340,700,5412554,0.71
341,700,5326808,0.87
342,700,4857109,0.92
343,700,4780687,0.78
344,700,4084484,1
345,700,3776363,1
346,700,4784969,0.95
347,700,4796969,0.97
348,700,4339477,1
349,700,5200431,0.95
350,700,4442416,1
351,700,2527358,0.99
352,700,3712994,1
353,700,3426377,0.99
354,700,4326262,0.96
355,700,3952235,1
356,700,4850215,0.97
357,700,4992865,0.8
358,700,4862025,0.92
359,700,3929892,1
360,700,4481288,0.93
361,700,2346272,1
362,700,2681326,1
363,700,5096332,0.8
364,700,4892562,0.95
365,700,4777108,0.87
366,700,3716713,1
367,700,1991161,1
368,700,4872508,0.91
369,700,2642969,1
370,700,4231382,1
371,700,4996700,0.99
372,700,4866758,0.8
373,700,5310911,0.77
374,700,5092472,0.86
375,700,4099672,0.96
376,700,4457510,0.97
377,700,4951307,0.88
378,700,3600077,1
379,700,4801445,0.87
380,700,4891484,0.92
381,700,4766123,0.91
382,700,4747280,0.93
383,700,5038933,0.87
384,700,4331740,0.93
385,700,4911265,0.83
386,700,4886913,0.78
387,700,5100729,0.8
388,700,5254248,0.83
389,700,2605046,1
390,700,4615479,0.96
391,700,4858726,0.94
392,700,4509687,0.94
393,700,5216825,0.82
394,700,4228227,0.97
395,700,4813771,0.92
396,700,3580866,0.99
397,700,3650290,1
398,700,4291236,0.98
399,700,4918618,0.78
400,700,4815850,1
401,700,4636703,0.98
402,700,3635118,0.99
403,700,4792722,0.93
404,700,2696129,1
405,700,4927126,0.8
406,700,5259378,0.68
407,700,5103294,0.91
408,700,4732398,0.91
409,700,4508063,0.9
410,700,4310561,0.94
411,700,3139958,1
412,700,4628544,0.91
413,700,4661786,0.98
414,700,4921976,0.83
415,700,3891647,1
416,700,4444441,0.95
417,700,5081183,0.79
418,700,4454671,0.98
419,700,5004817,0.79
420,700,5191365,0.82
421,700,4323073,0.98
422,700,3987848,1
423,700,4569839,0.97
424,700,5000051,0.9
425,700,4620331,0.92
426,700,4980865,0.89
427,700,3582780,1
428,700,3647918,1
429,700,4679090,0.99
430,700,4336357,0.95
431,700,4300309,0.98
432,700,4966273,0.8
433,700,3790581,1
434,700,3984971,0.98
435,700,4737642,0.94
436,700,3370138,0.99
437,700,4648167,0.96
438,700,5036122,0.91
439,700,3781247,1
440,700,4145963,0.96
441,700,4591599,0.93
442,700,5105731,0.86
443,700,4807162,0.96
444,700,4799786,0.93
445,700,4718262,0.91
446,700,7828655,0.92
447,700,5377298,0.95
448,700,4993813,0.97
449,700,5449269,0.97
450,700,5461171,0.95
451,700,4968429,0.99
452,700,5104719,0.95
453,700,5027267,0.9
454,700,3613285,1
455,700,5214948,0.97
456,700,5181324,0.95
457,700,5139204,0.89
458,700,5143700,1
459,700,5785355,0.65
460,700,4630434,0.98
461,700,4083981,1
462,700,4417649,0.97
463,700,5503244,0.92
464,700,5196373,0.95
465,700,4562693,1
466,700,4561148,0.99
467,700,4955936,0.99
468,700,4013544,1
469,700,5675536,0.84
470,700,4867465,1
471,700,5262778,0.84
472,700,5272332,0.92
473,700,4942217,0.97
474,700,5025645,0.92
475,700,5171113,0.96
476,700,3589460,1
477,700,5114474,0.96
478,700,3665612,0.99
479,700,4874731,0.85
480,700,5049180,0.91
481,700,5054726,0.98
482,700,3501890,1
483,700,4485181,1
484,700,4803309,1
485,700,3174501,0.99
486,700,4987445,0.97
487,700,5376330,0.88
488,700,4360831,0.84
489,700,4456128,0.95
490,700,5334952,0.84
491,700,5741657,0.81
492,700,5111131,0.95
493,700,5110753,0.97
494,700,3310018,1
495,700,5029737,0.79
496,700,5276172,0.87
497,700,5120730,0.97
498,700,3804466,1
499,700,5255356,0.91
500,700,4846127,0.98
501,700,4579924,1
502,700,4477000,0.91
503,700,3770005,0.99
504,700,4680900,0.99
505,700,4134740,0.97
506,700,3083640,1
507,700,4633997,0.91
508,700,5293033,0.87
509,700,4066032,0.98
510,700,4114009,0.97
511,700,4946203,0.92
512,700,4510648,0.94
513,700,4382400,1
514,700,5335191,0.86
515,700,465088,0.06
516,700,4996835,0.88
517,700,4476945,1
518,700,3758235,1
519,700,5255895,0.83
520,700,4386881,1
521,700,5202544,0.89
522,700,4841634,0.86
523,700,4778214,0.86
524,700,5246580,0.61
525,700,4942245,0.93
526,700,4539403,0.96
527,700,5038768,0.78
528,700,5176676,0.92
529,700,3883859,1
530,700,5139122,0.98
531,700,2969091,1
532,700,3389224,1
533,700,4860632,0.9
534,700,4399681,0.96
535,700,5124558,0.78
536,700,3390116,1
537,700,3585046,1
538,700,5190288,0.84
539,700,4541242,0.99
540,700,4921442,0.96
541,700,5260189,0.84
542,700,2658344,1
543,700,5010996,0.96
544,700,5376514,0.84
545,700,4115017,0.98
546,700,5098276,0.78
547,700,4282248,1
548,700,3411058,1
549,700,5153936,0.86
550,700,4502888,0.96
551,700,4493622,0.98
552,700,2536598,1
553,700,4582726,0.97
554,700,1968126,1
555,700,1841417,1
556,700,3647701,1
557,700,3244225,1
558,700,4754108,0.96
559,700,5057063,0.86
560,700,3889015,1
561,700,4511157,0.97
562,700,4252838,1
563,700,4887440,0.93
564,700,4772156,0.79
565,700,3921706,1
566,700,3949899,1
567,700,4770881,0.9
568,700,4670812,0.98
569,700,5433157,0.59
570,700,4472409,0.98
571,700,4253526,0.99
572,700,5150630,0.99
573,700,4918725,0.93
574,700,3937389,1
575,700,3387203,1
576,700,3474866,1
577,700,2638854,1
578,700,4879770,0.87
579,700,4339479,0.99
580,700,4459621,0.95
581,700,4905334,0.95
582,700,5134075,0.88
583,700,5186401,0.74
584,700,4375813,0.93
585,700,4304973,1
586,700,4817861,0.95
587,700,5171270,0.84
588,700,5093996,0.85
589,700,5212975,0.81
590,700,5218948,0.83
591,700,4284487,0.97
592,700,5278332,0.83
593,700,4676621,0.9
594,700,4614091,0.99
595,700,3630354,1
596,700,4812621,0.94
597,700,4793470,0.93
598,700,5058928,0.93
599,700,5178871,0.82
600,700,5123419,0.9
601,700,4570931,0.99
602,700,3632404,0.98
603,700,3466485,1
604,700,5213370,0.76
605,700,4653766,0.96
606,700,5009122,0.73
607,700,4939936,0.75
608,700,4442525,0.98
609,700,4557263,0.92
610,700,3061634,1
611,700,5018937,0.85
612,700,3934753,0.99
613,700,2979806,1
614,700,5050981,0.92
615,700,4389192,0.94
616,700,4662510,0.87
617,700,4449215,0.97
618,700,1809122,1
619,700,4523422,0.89
620,700,5133294,0.87
621,700,2295083,1
622,700,4517713,0.94
623,700,4706534,0.87
624,700,4473342,0.97
625,700,4017690,0.97
626,700,3927870,0.9
627,700,5185753,0.82
628,700,3704764,1
629,700,5083026,0.93
630,700,4910610,0.91
631,700,5045376,0.8
632,700,4770264,0.93
633,700,3506859,1
634,700,4702432,0.89
635,700,4206293,0.99
636,700,4062902,1
637,700,4618242,0.89
638,700,4485717,0.99
639,700,2974049,1
640,700,5053311,0.93
641,700,4599058,0.92
642,700,5069011,0.81
643,700,4698580,0.81
644,700,4926578,0.94
645,700,4317818,0.97
646,700,4798354,0.93
647,700,4180124,1
648,700,5052828,0.85
649,700,7281757,0.99
650,700,3901054,0.99
651,700,5284108,0.97
652,700,4504479,0.98
653,700,5160123,0.99
654,700,5787989,0.92
655,700,5784168,0.9
656,700,4790006,0.95
657,700,6059355,0.75
658,700,4632233,0.95
659,700,4768746,0.97
660,700,4094297,1
661,700,4517302,1
662,700,5090716,0.96
663,700,3712927,1
664,700,5389530,0.92
665,700,5114180,0.87
666,700,4102985,1
667,700,5512264,0.87
668,700,5428868,0.92
669,700,5384969,0.78
670,700,5154239,0.98
671,700,4990118,0.99
672,700,5084805,0.94
673,700,5892598,0.74
674,700,3306092,0.99
675,700,5523884,0.86
676,700,5137507,0.95
677,700,5397630,0.85
678,700,4379774,0.97
679,700,5207105,0.86
680,700,5561832,0.78
681,700,5501687,0.91
682,700,5176588,0.97
683,700,5472659,0.84
684,700,4727329,0.88
685,700,4672227,1
686,700,4489788,1
687,700,4293579,1
688,700,5749832,0.72
689,700,4532424,0.97
690,700,4946703,0.99
691,700,4940441,0.92
692,700,4480571,0.94
693,700,4686570,0.97
694,700,4112798,0.98
695,700,4787686,0.98
696,700,5139434,0.84
697,700,4418045,1
698,700,5406321,0.92
699,700,3652172,1
700,700,5059805,0.93
701,700,5255138,0.94
702,700,3573237,1
703,700,5631334,0.73
704,700,4386690,1
705,700,4772655,0.95
706,700,5128089,0.92
707,700,4232389,1
708,700,4289090,1
709,700,4858973,0.93
710,700,4159257,0.99
711,700,4137637,0.99
712,700,4906076,0.96
713,700,5395457,0.9
714,700,4866262,0.96
715,700,4849285,0.98
716,700,4955609,0.97
717,700,5059068,0.93
718,700,3637525,0.99
719,700,5307257,0.88
720,700,5259674,0.92
721,700,4909366,0.8
722,700,4515767,0.98
723,700,4549462,0.99
724,700,5112755,0.84
725,700,3665458,0.97
726,700,2909009,1
727,700,3818103,1
728,700,5374649,0.71
729,700,4855693,0.99
730,700,5158501,0.83
731,700,3994893,0.99
732,700,3296001,0.98
733,700,3016411,1
734,700,4085063,0.99
735,700,5138899,0.71
736,700,3895911,1
737,700,4590506,0.93
738,700,4663843,1
739,700,4629258,0.99
740,700,4528572,0.96
741,700,5341384,0.81
742,700,3779670,1
743,700,5249328,0.65
744,700,3863645,1
745,700,5347396,0.75
746,700,4006505,1
747,700,4411819,0.92
748,700,3607084,1
749,700,4086140,1
750,700,5472230,0.69
751,700,4907130,0.95
752,700,5527855,0.58
753,700,4707543,0.81
754,700,4061318,1
755,700,4480018,0.98
756,700,4213025,0.99
757,700,4958340,0.91
758,700,4726550,0.99
759,700,3445339,1
760,700,5309015,0.79
761,700,2328677,1
762,700,3790044,1
763,700,5152077,0.89
764,700,4591224,0.92
765,700,4901053,0.93
766,700,4029015,1
767,700,5237486,0.81
768,700,4470520,0.9
769,700,4487620,0.86
770,700,4840813,0.93
771,700,3685215,1
772,700,5286899,0.84
773,700,3192324,1
774,700,4993130,0.88
775,700,2952673,1
776,700,4160821,0.97
777,700,4198779,0.98
778,700,3823392,1
779,700,4400977,0.99
780,700,3982580,0.94
781,700,4899008,0.76
782,700,4929226,0.86
783,700,5109819,0.9
784,700,3329767,1
785,700,3971347,0.99
786,700,3096859,1
787,700,3445524,0.99
788,700,4692821,0.98
789,700,5341052,0.75
790,700,3971496,1
791,700,4280394,0.97
792,700,5140297,0.81
793,700,5299462,0.75
794,700,4884364,0.95
795,700,5049467,0.87
796,700,3758380,1
797,700,4959325,0.76
798,700,5065021,0.88
799,700,4038312,1
800,700,4502261,0.97
801,700,4370606,0.98
802,700,4962664,0.89
803,700,3304697,0.98
804,700,3218380,1
805,700,5001299,0.85
806,700,4902109,0.83
807,700,1811460,1
808,700,5025729,0.91
809,700,5229684,0.83
810,700,4463292,1
811,700,4537188,0.95
812,700,3605711,0.98
813,700,4965994,0.93
814,700,5073109,0.7
815,700,4824669,0.96
816,700,4726660,0.94
817,700,5173443,0.77
818,700,4687997,0.93
819,700,5014732,0.78
820,700,4803893,0.85
821,700,4863931,0.93
822,700,3897507,0.99
823,700,5147164,0.88
824,700,4797965,0.96
825,700,2388912,1
826,700,3204625,1
827,700,4557250,0.98
828,700,4388277,0.99
829,700,5105033,0.85
830,700,3823191,0.99
831,700,3240914,1
832,700,4984197,0.82
833,700,4860697,0.9
834,700,3939656,1
835,700,3229678,1
836,700,4777329,0.72
837,700,3896137,1
838,700,455386,0.01
839,700,4766995,0.91
840,700,4644235,0.92
841,700,3595574,0.97
842,700,2880189,1
843,700,4049927,0.97
844,700,3902727,0.98
845,700,5090685,0.86
846,700,4676196,0.96
847,700,3142825,1
848,700,4881076,0.9
849,700,4648540,0.97
850,700,7876554,0.96
851,700,3621324,1
852,700,4026663,0.99
853,700,5322581,0.92
854,700,3974286,1
855,700,4901745,0.98
856,700,5157548,0.98
857,700,5191750,0.94
858,700,5901413,0.76
859,700,3917566,1
860,700,5679166,0.8
861,700,4951674,0.97
862,700,4395402,0.97
863,700,5297646,0.93
864,700,5719089,0.75
865,700,5507791,0.64
866,700,5361350,0.87
867,700,4966346,0.95
868,700,5588965,0.95
869,700,3423973,1
870,700,4296005,1
871,700,5562734,0.88
872,700,5197713,0.97
873,700,4668647,0.97
874,700,5630641,0.83
875,700,5045444,0.97
876,700,5312287,0.9
877,700,4924581,1
878,700,3965537,1
879,700,4782215,0.93
880,700,3121165,1
881,700,5356444,0.92
882,700,3212125,1
883,700,4791076,0.99
884,700,4793852,0.87
885,700,5170540,0.96
886,700,4919807,0.95
887,700,4450679,0.94
888,700,4582285,0.97
889,700,5518388,0.96
890,700,5330324,0.7
891,700,5032237,0.96
892,700,4671584,0.95
893,700,5582166,0.86
894,700,4906657,0.97
895,700,4813399,1
896,700,4205896,0.99
897,700,4130976,1
898,700,5535449,0.81
899,700,5063149,0.89
900,700,4625390,0.98
901,700,2030008,1
902,700,5088418,0.97
903,700,4991086,0.96
904,700,5042634,0.99
905,700,3394331,1
906,700,5308294,0.93
907,700,3508134,1
908,700,4838906,0.97
909,700,4568130,0.98
910,700,5023325,0.92
911,700,3346103,1
912,700,5606081,0.78
913,700,5085151,0.94
914,700,4874540,0.9
915,700,3864335,0.99
916,700,2189832,1
917,700,3451140,1
918,700,4640851,0.94
919,700,4389988,1
920,700,4051081,0.98
921,700,5019514,0.94
922,700,4996094,0.93
923,700,4713395,0.93
924,700,4608247,0.97
925,700,5464633,0.83
926,700,3803460,1
927,700,4709157,0.99
928,700,5637866,0.65
929,700,4490324,0.78
930,700,2478323,1
931,700,5093052,0.85
932,700,4771414,0.89
933,700,4849612,0.95
934,700,4253963,1
935,700,5323785,0.75
936,700,3267634,1
937,700,5170043,0.8
938,700,5417045,0.75
939,700,4629572,1
940,700,4669906,0.9
941,700,4686686,0.99
942,700,4093523,1
943,700,5100818,0.87
944,700,5194023,0.84
945,700,3561991,1
946,700,5459694,0.85
947,700,5107995,0.8
948,700,5116995,0.84
949,700,5420368,0.72
950,700,4946294,0.92
951,700,5048956,0.87
952,700,4988212,0.9
953,700,3685395,1
954,700,5062677,0.85
955,700,5013175,0.84
956,700,4571731,0.94
957,700,4019477,0.99
958,700,3448454,1
959,700,4002545,1
960,700,4974778,0.81
961,700,3657224,0.97
962,700,4048194,0.99
963,700,4623265,0.98
964,700,4402054,0.96
965,700,4386113,0.93
966,700,4137593,0.99
967,700,4682257,0.95
968,700,4846722,0.91
969,700,5140312,0.82
970,700,4314032,1
971,700,3983745,0.96
972,700,3869882,0.99
973,700,5011048,0.8
974,700,4046570,0.99
975,700,4717644,0.9
976,700,4053663,1
977,700,3379064,1
978,700,4605371,0.99
979,700,3062379,1
980,700,3449437,1
981,700,4697566,0.93
982,700,4994645,0.86
983,700,4232691,0.98
984,700,4720517,0.99
985,700,4701747,0.93
986,700,5184040,0.83
987,700,3249557,1
988,700,4735554,0.92
989,700,5240569,0.72
990,700,3770160,1
991,700,3296640,1
992,700,5026643,0.89
993,700,4250868,1
994,700,5497857,0.85
995,700,5253085,0.79
996,700,4653097,0.81
997,700,3466026,1
998,700,4796724,0.92
999,700,5481901,0.77
0,800,4900857,0.99
1,800,5840275,0.85
2,800,3929693,1
3,800,5415507,0.85
4,800,5628391,0.82
5,800,4588369,1
6,800,5455637,0.84
7,800,5605192,0.91
8,800,5696747,0.89
9,800,4134774,1
10,800,3541912,1
11,800,4422148,1
12,800,5812992,0.91
13,800,4925265,0.86
14,800,4953885,0.98
15,800,5821152,0.83
16,800,5029478,0.99
17,800,4740350,1
18,800,5915255,0.76
19,800,5524898,0.87
20,800,7058729,1
21,800,5959309,0.99
22,800,6449214,0.72
23,800,4294123,1
24,800,6657857,0.84
25,800,5862281,0.98
26,800,2510484,1
27,800,5229022,0.99
28,800,5746622,0.89
29,800,5612613,0.94
30,800,6101731,0.75
31,800,6515352,0.71
32,800,5450181,0.98
33,800,6464147,0.76
34,800,3646766,1
35,800,4554002,0.99
36,800,6290308,0.88
37,800,4648342,1
38,800,6068611,0.91
39,800,6079952,0.92
40,800,5316971,1
41,800,6228825,0.93
42,800,5262645,1
43,800,6218322,0.81
44,800,5573596,0.97
45,800,5780782,0.98
46,800,5705158,0.76
47,800,5000519,1
48,800,5564670,0.98
49,800,5504532,0.96
50,800,6310808,0.83
51,800,4987571,1
52,800,6246785,0.79
53,800,4364689,1
54,800,5407772,0.84
55,800,4753126,1
56,800,5344870,0.94
57,800,5681525,0.99
58,800,3306115,1
59,800,3839545,1
60,800,5899110,0.74
61,800,5280227,0.9
62,800,5033453,1
63,800,5338535,0.98
64,800,5665399,0.92
65,800,5695663,0.91
66,800,4677926,1
67,800,5415961,0.95
68,800,5949126,0.87
69,800,4852545,0.97
70,800,3173505,1
71,800,5766881,0.86
72,800,3766540,0.99
73,800,5913726,0.94
74,800,5698533,0.88
75,800,3615463,0.98
76,800,6033872,0.84
77,800,5740638,0.96
78,800,5149593,0.97
79,800,4332551,1
80,800,6208649,0.81
81,800,5299897,0.98
82,800,5626203,0.94
83,800,5884608,0.9
84,800,5957886,0.95
85,800,5344524,0.91
86,800,6078799,0.85
87,800,5723711,0.99
88,800,6102107,0.83
89,800,4160121,0.99
90,800,5199848,0.96
91,800,4008830,1
92,800,5299090,0.93
93,800,5494469,1
94,800,5869935,0.69
95,800,6063290,0.8
96,800,4867410,0.99
97,800,5554644,0.84
98,800,5806202,0.89
99,800,5590926,0.85
100,800,5649571,0.79
101,800,4415076,0.98
102,800,3710309,1
103,800,3507162,1
104,800,5340968,0.7
105,800,2808220,1
106,800,5311881,0.99
107,800,4443987,1
108,800,5101564,1
109,800,5810012,0.81
110,800,5202175,0.99
111,800,5791915,0.92
112,800,5713784,0.9
113,800,5164417,1
114,800,5394459,0.94
115,800,5657419,0.93
116,800,5189668,0.97
117,800,5911287,0.84
118,800,5859717,0.76
119,800,5423823,0.92
120,800,5566756,0.91
121,800,5499771,0.89
122,800,4027848,1
123,800,3605517,1
124,800,3603903,1
125,800,3630640,1
126,800,4539327,0.96
127,800,6129981,0.78
128,800,5177576,0.97
129,800,5757461,0.92
130,800,5633210,0.99
131,800,5361327,0.92
132,800,5761647,0.82
133,800,4862897,0.99
134,800,5250568,0.95
135,800,5933995,0.8
136,800,5512897,0.85
137,800,5727235,0.89
138,800,3696032,1
139,800,5552238,0.96
140,800,3731075,1
141,800,5586697,0.99
142,800,5374938,0.99
143,800,4719824,0.98
144,800,4267847,1
145,800,5339755,0.76
146,800,3188144,1
147,800,5322350,0.99
148,800,4756056,0.99
149,800,5321525,0.9
150,800,4497787,1
151,800,5087776,0.95
152,800,5299664,0.98
153,800,4541568,0.98
154,800,5611528,0.82
155,800,5233285,0.93
156,800,4180899,1
157,800,5497512,0.93
158,800,3149959,1
159,800,5424816,0.95
160,800,5535363,0.87
161,800,2679888,1
162,800,5195562,0.98
163,800,4585459,0.98
164,800,5307772,0.98
165,800,5520940,0.91
166,800,5751416,0.71
167,800,5475774,0.75
168,800,4884867,0.97
169,800,5716022,0.72
170,800,4966269,0.97
171,800,4861149,1
172,800,5580504,0.93
173,800,4758891,0.98
174,800,5309776,0.89
175,800,5737867,0.85
176,800,5062376,0.99
177,800,4910861,0.97
178,800,5431074,0.93
179,800,3543208,1
180,800,3892300,1
181,800,4815601,1
182,800,5333389,0.75
183,800,5384502,0.89
184,800,3390276,1
185,800,4143268,1
186,800,4239725,0.99
187,800,4042310,1
188,800,5782921,0.77
189,800,5799369,0.86
190,800,5667504,0.95
191,800,4868042,0.98
192,800,3965237,1
193,800,5745908,0.94
194,800,4559163,0.98
195,800,4110651,0.99
196,800,4559555,1
197,800,4312286,0.99
198,800,9309842,0.91
199,800,6483928,0.92
200,800,5935330,0.94
201,800,5072045,0.99
202,800,5690657,1
203,800,3318938,1
204,800,4422078,1
205,800,6154535,0.96
206,800,6297432,0.95
207,800,4775145,1
208,800,5232678,1
209,800,5633403,0.92
210,800,5633964,0.98
211,800,4607996,0.99
212,800,5567604,0.98
213,800,3893579,1
214,800,6164515,0.89
215,800,5634930,0.97
216,800,3499453,1
217,800,3796889,1
218,800,3751969,1
219,800,6157002,0.79
220,800,5968208,0.96
221,800,6481512,0.7
222,800,6424816,0.74
223,800,4505712,0.99
224,800,5589682,0.98
225,800,6082371,0.95
226,800,4063139,1
227,800,4978164,0.98
228,800,6403146,0.93
229,800,4352012,1
230,800,3374416,1
231,800,3771763,1
232,800,5620038,0.93
233,800,6002789,0.92
234,800,6331661,0.72
235,800,6053791,0.84
236,800,3815912,0.99
237,800,6223678,0.85
238,800,6109898,0.95
239,800,2737116,0.99
240,800,5509476,0.99
241,800,5939735,0.93
242,800,4737982,0.99
243,800,6062165,0.96
244,800,6125950,0.79
245,800,5646078,0.99
246,800,4909039,0.99
247,800,5959375,0.99
248,800,5969568,0.95
249,800,5914540,0.96
250,800,3771865,1
251,800,6097866,0.75
252,800,6065557,0.51
253,800,4971878,0.98
254,800,5098869,0.99
255,800,4010558,1
256,800,4871593,0.99
257,800,5957271,0.77
258,800,5390660,1
259,800,6044071,0.94
260,800,4749099,0.99
261,800,3848226,1
262,800,5853925,0.91
263,800,5838939,0.92
264,800,6200742,0.83
265,800,4711096,0.99
266,800,3498326,1
267,800,5291347,1
268,800,3763008,1
269,800,5723504,0.95
270,800,5464964,0.97
271,800,5347755,0.96
272,800,5884936,0.93
273,800,3464523,1
274,800,5380903,0.97
275,800,3364885,1
276,800,5967234,0.59
277,800,5412776,1
278,800,5109300,1
279,800,3595624,1
280,800,4759874,0.99
281,800,5760736,0.9
282,800,5705051,0.91
283,800,5173752,0.96
284,800,5912168,0.87
285,800,5495410,0.9
286,800,5517318,1
287,800,5426280,0.97
288,800,5389293,0.95
289,800,5562280,0.88
290,800,5089049,0.98
291,800,5572531,0.89
292,800,5801112,0.92
293,800,6006550,0.68
294,800,4551175,0.98
295,800,4713959,1
296,800,6003679,0.92
297,800,4140996,1
298,800,4423567,1
299,800,5418913,0.79
300,800,4998003,0.89
301,800,5912807,0.74
302,800,5170060,1
303,800,3921730,1
304,800,5970994,0.97
305,800,4656612,0.89
306,800,4846348,1
307,800,5878607,0.9
308,800,5528753,0.94
309,800,6074565,0.86
310,800,2739593,1
311,800,5499272,1
312,800,5597915,0.98
313,800,5179980,0.97
314,800,5688133,0.85
315,800,5547747,0.86
316,800,5990643,0.78
317,800,5981997,0.64
318,800,3728569,0.98
319,800,5007898,0.96
320,800,5333550,0.95
321,800,3908816,1
322,800,4537779,0.98
323,800,3498714,1
324,800,5903201,0.71
325,800,5493036,0.85
326,800,3812266,1
327,800,5651875,0.92
328,800,3960119,1
329,800,5653943,0.9
330,800,4859652,0.99
331,800,4752131,0.98
332,800,5701414,0.88
333,800,4626393,1
334,800,5683753,0.94
335,800,5147438,0.96
336,800,5228313,0.92
337,800,3600475,1
338,800,6023514,0.8
339,800,5480942,0.98
340,800,6041021,0.72
341,800,5820703,0.88
342,800,5521858,0.92
343,800,5453622,0.81
344,800,4589540,1
345,800,4139178,1
346,800,5398996,0.95
347,800,5396914,0.99
348,800,4719786,1
349,800,5844932,0.95
350,800,4885070,1
351,800,2737394,1
352,800,4190919,1
353,800,3764635,0.99
354,800,4908729,0.96
355,800,4220720,1
356,800,5332493,0.98
357,800,5563989,0.83
358,800,5447271,0.94
359,800,4309715,1
360,800,5075699,0.95
361,800,2547328,1
362,800,3018017,1
363,800,5492235,0.83
364,800,5252040,0.96
365,800,5278457,0.9
366,800,4134471,1
367,800,2160467,1
368,800,5282599,0.91
369,800,2918989,1
370,800,4518929,1
371,800,5559516,0.99
372,800,5482841,0.83
373,800,5893206,0.78
374,800,5650509,0.88
375,800,4559618,0.96
376,800,4966243,0.97
377,800,8762497,0.93
378,800,4511124,1
379,800,5924880,0.9
380,800,6045426,0.92
381,800,6382222,0.93
382,800,6036458,0.93
383,800,6150423,0.88
384,800,5776771,0.96
385,800,6213071,0.86
386,800,6351603,0.81
387,800,6478920,0.82
388,800,6555227,0.83
389,800,3123759,1
390,800,5625910,0.99
391,800,6318676,0.96
392,800,5575412,0.96
393,800,6353895,0.83
394,800,5341177,0.97
395,800,5770868,0.95
396,800,4520955,1
397,800,4401531,1
398,800,5274076,0.98
399,800,6141805,0.83
400,800,6008616,1
401,800,5851855,0.99
402,800,4331021,0.99
403,800,5796689,0.93
404,800,3224045,1
405,800,6202886,0.82
406,800,6423558,0.73
407,800,6187697,0.91
408,800,5724499,0.92
409,800,5267927,0.93
410,800,5252050,0.94
411,800,3816675,1
412,800,5664653,0.94
413,800,5636601,0.99
414,800,5988254,0.86
415,800,4875690,1
416,800,5419322,0.97
417,800,6412126,0.82
418,800,5451474,0.98
419,800,6240974,0.81
420,800,6296944,0.83
421,800,5335886,0.98
422,800,4850745,1
423,800,5770532,0.98
424,800,5981871,0.91
425,800,5608401,0.93
426,800,5889824,0.91
427,800,4508409,1
428,800,4252229,1
429,800,5494027,0.99
430,800,5281488,0.95
431,800,5154080,0.99
432,800,5791355,0.82
433,800,4587490,1
434,800,4891874,0.98
435,800,5719698,0.96
436,800,4053987,0.99
437,800,5760779,0.96
438,800,6056180,0.93
439,800,4573815,1
440,800,4963551,0.97
441,800,5446403,0.94
442,800,5974914,0.87
443,800,5867677,0.97
444,800,5664931,0.94
445,800,5502626,0.94
446,800,5714175,0.92
447,800,5733312,0.95
448,800,5415456,0.98
449,800,5722419,0.97
450,800,5860791,0.96
451,800,5192731,0.99
452,800,5335800,0.96
453,800,5483592,0.91
454,800,3956377,1
455,800,5503911,0.97
456,800,5589655,0.96
457,800,5500074,0.92
458,800,5088245,1
459,800,6083356,0.67
460,800,4837922,0.98
461,800,4416905,1
462,800,4900892,0.97
463,800,5763645,0.97
464,800,5490194,0.95
465,800,4609374,1
466,800,4878191,1
467,800,5406993,0.99
468,800,4138006,1
469,800,5870179,0.84
470,800,5082181,1
471,800,5775288,0.86
472,800,5358539,0.94
473,800,5347982,0.98
474,800,5507558,0.92
475,800,5610652,0.97
476,800,3761650,1
477,800,5466309,0.98
478,800,4034740,0.99
479,800,5210217,0.88
480,800,5197641,0.91
481,800,5448091,0.98
482,800,3919106,1
483,800,4796027,1
484,800,4961878,1
485,800,3410225,0.99
486,800,5366123,0.97
487,800,5375432,0.91
488,800,4951279,0.86
489,800,4924225,0.95
490,800,5710296,0.86
491,800,6125568,0.86
492,800,5524960,0.96
493,800,5440015,0.97
494,800,3651721,1
495,800,5422960,0.83
496,800,5755619,0.9
497,800,5447631,0.97
498,800,4112161,1
499,800,5575858,0.93
500,800,5046705,0.98
501,800,4866146,1
502,800,4732108,0.93
503,800,4111664,0.99
504,800,4844299,0.99
505,800,4632537,0.98
506,800,3488322,1
507,800,5225603,0.91
508,800,5598709,0.87
509,800,4480986,0.98
510,800,4518300,0.97
511,800,5522940,0.93
512,800,5067978,0.96
513,800,4625831,1
514,800,5843344,0.86
515,800,505293,0.15
516,800,5627092,0.89
517,800,4505936,1
518,800,4124938,1
519,800,5560481,0.87
520,800,4554077,1
521,800,5734943,0.91
522,800,5353934,0.87
523,800,5233117,0.86
524,800,5697968,0.63
525,800,5440472,0.93
526,800,5080462,0.97
527,800,5649471,0.81
528,800,5590253,0.96
529,800,3953512,1
530,800,5413822,0.98
531,800,3148775,1
532,800,3758380,1
533,800,5323623,0.91
534,800,4889154,0.96
535,800,5707342,0.82
536,800,3661974,1
537,800,3699732,1
538,800,5655599,0.86
539,800,4747007,0.99
540,800,5469470,0.96
541,800,5504497,0.86
542,800,2909428,1
543,800,5333208,0.97
544,800,5733398,0.87
545,800,4595249,0.98
546,800,5610273,0.83
547,800,4626258,1
548,800,3583788,1
549,800,5579444,0.87
550,800,4785358,0.98
551,800,5005753,0.99
552,800,2696284,1
553,800,8203446,0.98
554,800,2140712,1
555,800,2252478,1
556,800,4536001,1
557,800,4052100,1
558,800,5987678,0.96
559,800,6463162,0.86
560,800,4797805,1
561,800,5552021,0.97
562,800,4966397,1
563,800,5930650,0.93
564,800,5736099,0.83
565,800,4604145,1
566,800,4480983,1
567,800,5889185,0.91
568,800,5469310,0.99
569,800,6673093,0.62
570,800,5375893,0.98
571,800,4937290,0.99
572,800,5993443,0.99
573,800,5974880,0.95
574,800,4772196,1
575,800,4031722,1
576,800,4202090,1
577,800,3073831,1
578,800,6105767,0.88
579,800,5344612,0.99
580,800,5400362,0.95
581,800,6171241,0.96
582,800,6195562,0.89
583,800,6390500,0.79
584,800,5273211,0.94
585,800,5290485,1
586,800,5862418,0.95
587,800,6027101,0.88
588,800,6309283,0.88
589,800,6375176,0.83
590,800,6406060,0.85
591,800,5054477,0.97
592,800,6317091,0.85
593,800,5721855,0.91
594,800,5713197,0.99
595,800,4486610,1
596,800,5797415,0.94
597,800,5797472,0.93
598,800,6057048,0.94
599,800,6192826,0.83
600,800,6064888,0.91
601,800,5480492,0.99
602,800,4234635,0.98
603,800,4159729,1
604,800,6109575,0.77
605,800,5341790,0.96
606,800,6083331,0.76
607,800,5887455,0.76
608,800,5320197,0.98
609,800,5407427,0.95
610,800,3546378,1
611,800,5982807,0.86
612,800,4724180,0.99
613,800,3281015,1
614,800,5962152,0.94
615,800,4923074,0.94
616,800,5483457,0.93
617,800,5326994,0.98
618,800,2101946,1
619,800,5381338,0.89
620,800,6087383,0.89
621,800,2665979,1
622,800,5471890,0.97
623,800,5673414,0.87
624,800,5190664,0.97
625,800,4701336,0.97
626,800,4592807,0.9
627,800,6123223,0.85
628,800,4391396,1
629,800,6121879,0.94
630,800,6200821,0.93
631,800,6129477,0.85
632,800,5710346,0.94
633,800,4191745,1
634,800,5706475,0.92
635,800,5215977,0.99
636,800,5052538,1
637,800,5414062,0.91
638,800,5333992,0.99
639,800,3435126,1
640,800,5893506,0.97
641,800,5353377,0.93
642,800,5729756,0.81
643,800,5547065,0.81
644,800,5858153,0.94
645,800,5168063,0.97
646,800,5690800,0.94
647,800,4859043,1
648,800,5840751,0.89
649,800,4610354,0.99
650,800,3948902,0.99
651,800,5457529,0.97
652,800,4769391,0.99
653,800,5159619,0.99
654,800,5762583,0.94
655,800,5783503,0.93
656,800,5017615,0.96
657,800,6091975,0.76
658,800,4677999,0.96
659,800,4970338,0.98
660,800,4277208,1
661,800,4759996,1
662,800,5222587,0.97
663,800,3762297,1
664,800,5672977,0.94
665,800,5433980,0.87
666,800,4279845,1
667,800,5856359,0.9
668,800,5335490,0.93
669,800,5618093,0.83
670,800,5403262,0.98
671,800,5188582,0.99
672,800,5494047,0.96
673,800,5742655,0.75
674,800,3368640,1
675,800,5743908,0.87
676,800,5493186,0.95
677,800,5566399,0.85
678,800,4475836,0.97
679,800,5267125,0.87
680,800,5837820,0.79
681,800,5717856,0.92
682,800,5411314,0.97
683,800,5635336,0.89
684,800,5171369,0.9
685,800,5031992,1
686,800,4784806,1
687,800,4373759,1
688,800,5880075,0.72
689,800,4993472,1
690,800,5170934,1
691,800,5326030,0.95
692,800,4846137,0.97
693,800,5067840,0.97
694,800,4279227,0.98
695,800,5045436,0.98
696,800,5601568,0.87
697,800,4724962,1
698,800,5696188,0.92
699,800,3910408,1
700,800,5441715,0.95
701,800,5727938,0.94
702,800,3820832,1
703,800,5876954,0.75
704,800,4591491,1
705,800,5079671,0.96
706,800,5484694,0.93
707,800,4495398,1
708,800,4507204,1
709,800,5285834,0.93
710,800,4521611,0.99
711,800,4491793,0.99
712,800,5421868,0.98
713,800,5813642,0.93
714,800,5343888,0.97
715,800,5107807,0.99
716,800,4985996,0.97
717,800,5627903,0.93
718,800,3827180,0.99
719,800,5655443,0.92
720,800,5674746,0.92
721,800,5434554,0.8
722,800,4927190,0.99
723,800,4944414,0.99
724,800,5533784,0.86
725,800,3914484,0.98
726,800,3117334,1
727,800,4072111,1
728,800,5784706,0.71
729,800,8245434,0.99
730,800,6484277,0.85
731,800,4946937,0.99
732,800,4083336,0.98
733,800,3790969,1
734,800,4863640,0.99
735,800,6377464,0.74
736,800,4906690,1
737,800,5830401,0.97
738,800,5751249,1
739,800,5638838,1
740,800,5658138,0.99
741,800,6333248,0.85
742,800,4627613,1
743,800,6178903,0.66
744,800,4781328,1
745,800,6370560,0.77
746,800,4879009,1
747,800,5501557,0.93
748,800,4385772,1
749,800,4730566,1
750,800,6534770,0.73
751,800,6101918,0.95
752,800,6381205,0.6
753,800,5354778,0.83
754,800,5063842,1
755,800,5643721,0.98
756,800,5118910,0.99
757,800,5632050,0.91
758,800,5599815,1
759,800,3969107,1
760,800,6330391,0.8
761,800,2667299,1
762,800,4426274,1
763,800,6172263,0.9
764,800,5583543,0.94
765,800,5712720,0.94
766,800,4817478,1
767,800,6059878,0.84
768,800,5444556,0.92
769,800,5356068,0.87
770,800,5549090,0.93
771,800,4446864,1
772,800,6529491,0.86
773,800,3826463,1
774,800,6069378,0.88
775,800,3390617,1
776,800,5197969,0.97
777,800,5073081,0.98
778,800,4657159,1
779,800,5120242,0.99
780,800,4787921,0.95
781,800,5556332,0.81
782,800,5760777,0.89
783,800,6079175,0.92
784,800,3956735,1
785,800,4721326,0.99
786,800,3581634,1
787,800,3918860,1
788,800,5740320,0.98
789,800,6056420,0.79
790,800,4577651,1
791,800,5109593,0.97
792,800,6203825,0.83
793,800,6217987,0.77
794,800,5713927,0.95
795,800,5788082,0.87
796,800,4350819,1
797,800,5874342,0.79
798,800,6032404,0.89
799,800,4883605,1
800,800,5258653,0.98
801,800,5213316,0.98
802,800,5923284,0.93
803,800,3944259,0.98
804,800,3672377,1
805,800,5725847,0.86
806,800,5959793,0.84
807,800,2045172,1
808,800,5948957,0.93
809,800,6039242,0.87
810,800,5392744,1
811,800,5392957,0.96
812,800,4133787,0.98
813,800,5891130,0.93
814,800,5766938,0.71
815,800,5761588,0.96
816,800,5597801,0.94
817,800,6029505,0.8
818,800,5541478,0.93
819,800,5688085,0.82
820,800,5683925,0.9
821,800,5708633,0.93
822,800,4539931,0.99
823,800,5920421,0.89
824,800,5665674,0.97
825,800,2754234,1
826,800,3673368,1
827,800,5351847,0.98
828,800,5068513,0.99
829,800,5897863,0.87
830,800,4425455,1
831,800,3724619,1
832,800,5840782,0.84
833,800,5792314,0.9
834,800,4607476,1
835,800,3754218,1
836,800,5424822,0.77
837,800,4297623,1
838,800,501501,0.08
839,800,5680585,0.93
840,800,5436790,0.93
841,800,4120395,0.97
842,800,3350651,1
843,800,4616035,0.98
844,800,4565698,0.98
845,800,5999824,0.87
846,800,5499909,0.97
847,800,3604337,1
848,800,5669405,0.93
849,800,5316726,0.97
850,800,5376704,0.96
851,800,3646708,1
852,800,3964978,0.99
853,800,5437105,0.93
854,800,4133014,1
855,800,4756260,0.98
856,800,5157089,0.98
857,800,5348609,0.95
858,800,5976210,0.79
859,800,3973796,1
860,800,5791932,0.81
861,800,5015647,0.97
862,800,4549833,0.98
863,800,5473592,0.94
864,800,5931844,0.79
865,800,5576654,0.66
866,800,5499227,0.89
867,800,5176710,0.96
868,800,5913406,0.96
869,800,3540654,1
870,800,4352311,1
871,800,5551142,0.88
872,800,5540349,0.97
873,800,4828053,0.97
874,800,5769056,0.84
875,800,5369998,0.97
876,800,5649918,0.94
877,800,5153933,1
878,800,4075336,1
879,800,5045925,0.94
880,800,3213275,1
881,800,5586205,0.93
882,800,3311491,1
883,800,5010365,1
884,800,4751200,0.89
885,800,5409904,0.96
886,800,5298056,0.95
887,800,4844847,0.95
888,800,4961913,0.98
889,800,5820096,0.97
890,800,5681868,0.75
891,800,5373998,0.96
892,800,4953578,0.96
893,800,5708134,0.87
894,800,5311708,0.98
895,800,5071984,1
896,800,4540680,1
897,800,4218042,1
898,800,5838238,0.83
899,800,5117052,0.91
900,800,5005842,1
901,800,2153998,1
902,800,5486441,0.99
903,800,5430294,0.96
904,800,5201134,0.99
905,800,3627819,1
906,800,5562053,0.97
907,800,3791144,1
908,800,4941471,1
909,800,8547171,0.98
910,800,6295264,0.93
911,800,4096892,1
912,800,6716482,0.81
913,800,6412006,0.95
914,800,6205628,0.91
915,800,4412138,0.99
916,800,2721127,0.99
917,800,4153261,1
918,800,5607541,0.96
919,800,5265956,1
920,800,4689206,1
921,800,5909597,0.95
922,800,6046875,0.93
923,800,5694484,0.97
924,800,6083786,0.97
925,800,6519030,0.86
926,800,4454649,1
927,800,5262491,0.99
928,800,6662886,0.67
929,800,5228322,0.83
930,800,2721205,1
931,800,6005685,0.86
932,800,5498349,0.9
933,800,5810977,0.97
934,800,5228656,1
935,800,6695739,0.76
936,800,3705049,1
937,800,6222495,0.81
938,800,6596627,0.78
939,800,5363643,1
940,800,5661545,0.91
941,800,5800275,0.99
942,800,4827551,1
943,800,6111766,0.9
944,800,6381862,0.85
945,800,4186083,1
946,800,6269968,0.86
947,800,6151202,0.83
948,800,5988351,0.86
949,800,6588010,0.73
950,800,5764634,0.94
951,800,5898944,0.92
952,800,5753939,0.93
953,800,4150049,1
954,800,6037870,0.87
955,800,5826769,0.84
956,800,5464852,0.96
957,800,4668201,0.99
958,800,3899401,1
959,800,4907316,1
960,800,6127329,0.81
961,800,4421973,0.97
962,800,4982123,0.99
963,800,5328578,0.98
964,800,5195573,0.97
965,800,5200873,0.94
966,800,4880262,0.99
967,800,5643333,0.96
968,800,5600007,0.92
969,800,6004586,0.86
970,800,5021009,1
971,800,4696807,0.99
972,800,4652395,0.99
973,800,5758377,0.82
974,800,4663319,0.99
975,800,5214449,0.91
976,800,4628126,1
977,800,3905169,1
978,800,5295623,0.99
979,800,3487669,1
980,800,3896187,1
981,800,5479678,0.94
982,800,5751977,0.92
983,800,4892184,0.99
984,800,5633537,0.99
985,800,5584868,0.94
986,800,5941006,0.86
987,800,3773310,1
988,800,5489990,0.92
989,800,6122388,0.73
990,800,4413144,1
991,800,3685923,1
992,800,5902841,0.91
993,800,4958466,1
994,800,6354198,0.87
995,800,6048849,0.84
996,800,5559961,0.82
997,800,3916381,1
998,800,5603372,0.95
999,800,6287707,0.81
0,1000,6111404,0.99
1,1000,7081172,0.87
2,1000,4810402,1
3,1000,6527499,0.85
4,1000,6934815,0.84
5,1000,5676764,1
6,1000,6746054,0.86
7,1000,6886753,0.92
8,1000,6972783,0.93
9,1000,5083197,1
10,1000,4503071,1
11,1000,5573060,1
12,1000,7015724,0.94
13,1000,6016813,0.86
14,1000,6079377,0.98
15,1000,7058186,0.89
16,1000,6234198,0.99
17,1000,5900813,1
18,1000,7287679,0.78
19,1000,6885242,0.9
20,1000,4686259,1
21,1000,6439432,1
22,1000,6741528,0.78
23,1000,4653709,1
24,1000,7226874,0.87
25,1000,6265965,0.99
26,1000,2780671,1
27,1000,5523717,1
28,1000,6251164,0.9
29,1000,6279307,0.95
30,1000,6727025,0.79
31,1000,7202692,0.76
32,1000,6098994,0.99
33,1000,6909672,0.8
34,1000,4099971,1
35,1000,4996410,0.99
36,1000,7059573,0.89
37,1000,5165508,1
38,1000,6665083,0.95
39,1000,6745449,0.95
40,1000,8642836,1
41,1000,7815796,0.95
42,1000,6225995,1
43,1000,7961352,0.83
44,1000,7271059,0.99
45,1000,6956454,0.99
46,1000,7137302,0.78
47,1000,6255184,1
48,1000,6848786,0.98
49,1000,7322715,0.98
50,1000,7796228,0.85
51,1000,6217730,1
52,1000,7790035,0.82
53,1000,5135463,1
54,1000,6799456,0.87
55,1000,6192436,1
56,1000,6562069,0.95
57,1000,6847589,0.99
58,1000,4319540,1
59,1000,4710511,1
60,1000,7889664,0.84
61,1000,6689266,0.92
62,1000,6251816,1
63,1000,6692887,0.98
64,1000,7473660,0.93
65,1000,7103656,0.92
66,1000,6007125,1
67,1000,6798301,0.98
68,1000,7544764,0.89
69,1000,5909550,0.98
70,1000,4125018,1
71,1000,7020044,0.87
72,1000,4832437,1
73,1000,7433922,0.96
74,1000,7256304,0.9
75,1000,4414952,0.98
76,1000,7477476,0.89
77,1000,6935020,0.96
78,1000,6150818,0.97
79,1000,5126030,1
80,1000,7548714,0.84
81,1000,6601936,0.99
82,1000,6977187,0.94
83,1000,7179737,0.91
84,1000,7329419,0.97
85,1000,6521571,0.93
86,1000,7592573,0.87
87,1000,7279725,0.99
88,1000,7347331,0.87
89,1000,5182019,0.99
90,1000,6326628,0.96
91,1000,4768597,1
92,1000,6480895,0.95
93,1000,6664131,1
94,1000,7331907,0.73
95,1000,7393026,0.86
96,1000,5866163,0.99
97,1000,6731406,0.87
98,1000,7039241,0.91
99,1000,6957018,0.89
100,1000,6915818,0.84
101,1000,5349603,0.99
102,1000,4206345,1
103,1000,4197901,1
104,1000,6858154,0.75
105,1000,3451404,1
106,1000,6414067,0.99
107,1000,5317012,1
108,1000,6494094,1
109,1000,7115026,0.84
110,1000,6115932,1
111,1000,7200235,0.92
112,1000,7158610,0.91
113,1000,6325819,1
114,1000,6667014,0.96
115,1000,6804452,0.93
116,1000,6499189,0.97
117,1000,7172003,0.9
118,1000,7186395,0.77
119,1000,6578799,0.93
120,1000,6738988,0.94
121,1000,6731143,0.93
122,1000,4814568,1
123,1000,4407383,1
124,1000,4252473,1
125,1000,4274376,1
126,1000,5798405,0.96
127,1000,7472472,0.8
128,1000,6287255,0.98
129,1000,7011709,0.96
130,1000,6722919,0.99
131,1000,6572156,0.93
132,1000,7170819,0.87
133,1000,5894204,0.99
134,1000,6553913,0.97
135,1000,7195004,0.83
136,1000,6561574,0.88
137,1000,6928299,0.91
138,1000,4514552,1
139,1000,6760054,0.98
140,1000,4583136,1
141,1000,6794620,0.99
142,1000,6576237,0.99
143,1000,6079786,0.99
144,1000,5318925,1
145,1000,6543473,0.81
146,1000,3812544,1
147,1000,6462388,0.99
148,1000,6232163,0.99
149,1000,6547897,0.91
150,1000,5514397,1
151,1000,6181808,0.98
152,1000,6455172,1
153,1000,5560372,0.98
154,1000,6906063,0.87
155,1000,6515631,0.94
156,1000,4999976,1
157,1000,6594371,0.94
158,1000,3809375,1
159,1000,6551628,0.95
160,1000,6805587,0.89
161,1000,3323388,1
162,1000,6276483,0.98
163,1000,5476660,0.98
164,1000,6390135,0.98
165,1000,6747647,0.94
166,1000,7106574,0.74
167,1000,6578132,0.79
168,1000,6033610,0.98
169,1000,7072600,0.82
170,1000,6232866,0.99
171,1000,5984489,1
172,1000,6816134,0.94
173,1000,5709994,0.98
174,1000,6465919,0.91
175,1000,7122413,0.9
176,1000,6247139,1
177,1000,5867882,0.97
178,1000,6629431,0.95
179,1000,4306244,1
180,1000,4632510,1
181,1000,5757496,1
182,1000,6559610,0.78
183,1000,6594960,0.92
184,1000,4043337,1
185,1000,8070552,1
186,1000,5908639,0.99
187,1000,5376646,1
188,1000,8410331,0.79
189,1000,8551448,0.88
190,1000,8058026,0.97
191,1000,6831198,0.98
192,1000,5442618,1
193,1000,7989547,0.97
194,1000,6283832,1
195,1000,5646328,0.99
196,1000,6162241,1
197,1000,6022298,1
198,1000,7548544,0.94
199,1000,7814297,0.92
200,1000,7140914,0.95
201,1000,5585430,0.99
202,1000,6371921,1
203,1000,3929055,1
204,1000,5300382,1
205,1000,7001743,0.96
206,1000,7372360,0.96
207,1000,5675000,1
208,1000,6093848,1
209,1000,7038006,0.96
210,1000,6684585,0.99
211,1000,5494796,1
212,1000,6375617,1
213,1000,4676480,1
214,1000,7780394,0.91
215,1000,6816786,0.97
216,1000,4283087,1
217,1000,4701245,1
218,1000,4795943,1
219,1000,7321630,0.81
220,1000,7251566,0.97
221,1000,7710326,0.74
222,1000,8104854,0.77
223,1000,5335217,0.99
224,1000,6964973,0.98
225,1000,7110647,0.96
226,1000,4857122,1
227,1000,6224639,0.98
228,1000,7790245,0.95
229,1000,5181941,1
230,1000,4143947,1
231,1000,4577692,1
232,1000,7268839,0.95
233,1000,7294798,0.94
234,1000,7738521,0.76
235,1000,7128326,0.9
236,1000,4864222,0.99
237,1000,7265685,0.9
238,1000,7261767,0.95
239,1000,3276781,0.99
240,1000,6598773,0.99
241,1000,7229091,0.93
242,1000,5471920,0.99
243,1000,7075903,0.96
244,1000,7460903,0.85
245,1000,6816223,0.99
246,1000,6002799,0.99
247,1000,7000746,0.99
248,1000,7104547,0.96
249,1000,6950874,0.97
250,1000,4378484,1
251,1000,7222829,0.78
252,1000,7418134,0.58
253,1000,5878573,0.99
254,1000,6043975,0.99
255,1000,5007751,1
256,1000,6020655,1
257,1000,7107169,0.79
258,1000,6347632,1
259,1000,7176347,0.96
260,1000,5753956,0.99
261,1000,4666865,1
262,1000,7091591,0.93
263,1000,6816601,0.94
264,1000,7447692,0.85
265,1000,5523430,0.99
266,1000,4242710,1
267,1000,6395493,1
268,1000,4427518,1
269,1000,6920724,0.95
270,1000,6497703,0.98
271,1000,6300110,0.97
272,1000,7302449,0.95
273,1000,4107660,1
274,1000,6431854,0.99
275,1000,4068676,1
276,1000,7221586,0.64
277,1000,6274805,1
278,1000,6172591,1
279,1000,4277384,1
280,1000,5781973,0.99
281,1000,6751164,0.95
282,1000,6807787,0.92
283,1000,6066280,0.96
284,1000,7180749,0.88
285,1000,6680869,0.97
286,1000,6471689,1
287,1000,6488997,0.97
288,1000,6404204,0.96
289,1000,6689249,0.9
290,1000,5943704,0.98
291,1000,6586055,0.92
292,1000,6825068,0.93
293,1000,7391317,0.73
294,1000,5525961,0.98
295,1000,5619069,1
296,1000,7010536,0.94
297,1000,4888640,1
298,1000,5274237,1
299,1000,6423285,0.86
300,1000,6041341,0.93
301,1000,7054418,0.8
302,1000,6268798,1
303,1000,4706938,1
304,1000,7018886,0.97
305,1000,5555217,0.9
306,1000,5778508,1
307,1000,6936042,0.93
308,1000,6703674,0.96
309,1000,7209338,0.89
310,1000,3432093,1
311,1000,6577481,1
312,1000,6761699,0.98
313,1000,6161733,0.97
314,1000,6994332,0.88
315,1000,6686708,0.92
316,1000,7219344,0.81
317,1000,7406082,0.72
318,1000,4411857,0.98
319,1000,6006943,0.97
320,1000,6489184,0.98
321,1000,4615161,1
322,1000,5367723,0.98
323,1000,4246065,1
324,1000,7143785,0.75
325,1000,6572685,0.88
326,1000,4596630,1
327,1000,6829951,0.92
328,1000,4803538,1
329,1000,6836081,0.94
330,1000,5806637,1
331,1000,5643278,0.99
332,1000,10684146,0.9
333,1000,6401266,1
334,1000,7821639,0.95
335,1000,6944046,0.96
336,1000,7475056,0.95
337,1000,5087915,1
338,1000,8359545,0.84
339,1000,7377796,0.99
340,1000,8188302,0.75
341,1000,8115976,0.89
342,1000,7446764,0.95
343,1000,7310952,0.86
344,1000,5953578,1
345,1000,5567017,1
346,1000,7151482,0.97
347,1000,7081230,0.99
348,1000,6352931,1
349,1000,7600098,0.97
350,1000,6649021,1
351,1000,3500342,1
352,1000,5656237,1
353,1000,4814289,0.99
354,1000,6309111,0.96
355,1000,5715765,1
356,1000,7140283,0.99
357,1000,7350243,0.9
358,1000,7189582,0.94
359,1000,5716792,1
360,1000,6469002,0.96
361,1000,3290630,1
362,1000,3765301,1
363,1000,7424958,0.87
364,1000,7233120,0.97
365,1000,6897840,0.94
366,1000,5426393,1
367,1000,2821900,1
368,1000,7198814,0.94
369,1000,3709005,1
370,1000,5947354,1
371,1000,7046849,0.99
372,1000,7223793,0.85
373,1000,7742603,0.83
374,1000,7412690,0.9
375,1000,6027047,0.97
376,1000,6374630,0.99
377,1000,7155868,0.95
378,1000,5047690,1
379,1000,6875427,0.92
380,1000,6760619,0.93
381,1000,6920203,0.95
382,1000,6800966,0.95
383,1000,7246643,0.9
384,1000,6177127,0.96
385,1000,7076383,0.89
386,1000,7081967,0.86
387,1000,7378072,0.87
388,1000,7488542,0.84
389,1000,3582365,1
390,1000,6616388,1
391,1000,6909492,0.97
392,1000,6469992,0.97
393,1000,7541008,0.87
394,1000,5866225,0.99
395,1000,7002687,0.96
396,1000,4985516,1
397,1000,5207799,1
398,1000,6205310,0.99
399,1000,7001175,0.84
400,1000,6856019,1
401,1000,6581800,0.99
402,1000,4998400,1
403,1000,6844066,0.95
404,1000,3752259,1
405,1000,6998995,0.84
406,1000,7428885,0.82
407,1000,7393105,0.93
408,1000,6835498,0.95
409,1000,6547316,0.93
410,1000,6145899,0.98
411,1000,4519726,1
412,1000,6555630,0.97
413,1000,6615063,1
414,1000,6903075,0.89
415,1000,5449734,1
416,1000,6302711,0.97
417,1000,7204905,0.9
418,1000,6277403,0.99
419,1000,7188534,0.86
420,1000,7237695,0.87
421,1000,6149995,1
422,1000,5517955,1
423,1000,6519378,1
424,1000,7063917,0.94
425,1000,6588379,0.98
426,1000,6930023,0.93
427,1000,5076233,1
428,1000,5083323,1
429,1000,6583929,1
430,1000,6071126,0.96
431,1000,6078496,1
432,1000,6988054,0.85
433,1000,5367970,1
434,1000,5468111,0.98
435,1000,6770841,0.97
436,1000,4699827,0.99
437,1000,6525606,0.98
438,1000,7201920,0.94
439,1000,5335309,1
440,1000,5669556,0.97
441,1000,6665611,0.97
442,1000,7294559,0.89
443,1000,6754869,0.98
444,1000,6774154,0.95
445,1000,6705893,0.95
446,1000,6702364,0.93
447,1000,6647461,0.95
448,1000,6324248,0.98
449,1000,6644497,0.97
450,1000,6848315,0.97
451,1000,6136065,0.99
452,1000,6270646,0.98
453,1000,6334912,0.95
454,1000,4511816,1
455,1000,6581886,0.98
456,1000,6632629,0.99
457,1000,6567682,0.94
458,1000,6123017,1
459,1000,7409059,0.73
460,1000,5709076,0.98
461,1000,5247207,1
462,1000,5704152,0.97
463,1000,6816533,0.98
464,1000,6585524,0.99
465,1000,5750011,1
466,1000,5881756,1
467,1000,6295198,1
468,1000,4915762,1
469,1000,7095366,0.89
470,1000,6091619,1
471,1000,6853901,0.87
472,1000,6594840,0.95
473,1000,6316981,0.99
474,1000,6479465,0.93
475,1000,10434358,0.97
476,1000,5149578,1
477,1000,7396426,0.98
478,1000,5179404,0.99
479,1000,7111459,0.88
480,1000,7289245,0.92
481,1000,7264680,1
482,1000,4972657,1
483,1000,6463670,1
484,1000,6950774,1
485,1000,4471727,1
486,1000,7074544,0.97
487,1000,7788550,0.96
488,1000,6368695,0.89
489,1000,6283073,0.97
490,1000,7761058,0.9
491,1000,8214918,0.89
492,1000,7360158,0.96
493,1000,7456999,0.98
494,1000,4506961,1
495,1000,7214846,0.86
496,1000,7438624,0.95
497,1000,7087888,0.97
498,1000,5364668,1
499,1000,7525231,0.93
500,1000,6719992,0.99
501,1000,6388847,1
502,1000,6472528,0.94
503,1000,5185535,0.99
504,1000,6534338,0.99
505,1000,5861907,0.98
506,1000,4751369,1
507,1000,6467797,0.93
508,1000,7551798,0.9
509,1000,5707207,0.98
510,1000,5827873,0.97
511,1000,7041525,0.95
512,1000,6359012,0.96
513,1000,6116495,1
514,1000,7531150,0.89
515,1000,669278,0.25
516,1000,7177417,0.89
517,1000,6164577,1
518,1000,5215648,1
519,1000,7454477,0.89
520,1000,6296353,1
521,1000,7284873,0.94
522,1000,6850005,0.91
523,1000,6781808,0.89
524,1000,7552569,0.7
525,1000,7053047,0.95
526,1000,6223748,0.97
527,1000,7089623,0.83
528,1000,7250998,0.96
529,1000,5352551,1
530,1000,7158347,1
531,1000,4157377,1
532,1000,4612177,1
533,1000,6869373,0.94
534,1000,6056874,0.97
535,1000,7152337,0.91
536,1000,4614004,1
537,1000,4829552,1
538,1000,7295041,0.89
539,1000,6260659,1
540,1000,6946061,0.99
541,1000,7343926,0.9
542,1000,3533672,1
543,1000,6975802,0.99
544,1000,7444656,0.88
545,1000,5652539,0.99
546,1000,7171210,0.89
547,1000,5878363,1
548,1000,4849992,1
549,1000,7221626,0.9
550,1000,6299670,0.99
551,1000,6129194,0.99
552,1000,3418218,1
553,1000,6441230,0.98
554,1000,2709582,1
555,1000,2576095,1
556,1000,5010655,1
557,1000,4531793,1
558,1000,6713052,0.98
559,1000,7097092,0.89
560,1000,5397849,1
561,1000,6245199,0.98
562,1000,5653332,1
563,1000,6472464,0.96
564,1000,6367179,0.87
565,1000,5223448,1
566,1000,5228723,1
567,1000,6519632,0.95
568,1000,6471425,1
569,1000,7592257,0.65
570,1000,6104905,0.99
571,1000,5605900,0.99
572,1000,6768047,0.99
573,1000,6753117,0.99
574,1000,5421974,1
575,1000,4551737,1
576,1000,4660503,1
577,1000,3619375,1
578,1000,6757885,0.92
579,1000,5985735,1
580,1000,6141908,0.96
581,1000,6846412,0.98
582,1000,7096755,0.89
583,1000,7187798,0.82
584,1000,6020862,0.96
585,1000,5947803,1
586,1000,6673335,0.98
587,1000,7281907,0.92
588,1000,7174957,0.9
589,1000,7320776,0.85
590,1000,7219126,0.86
591,1000,5841728,0.98
592,1000,7308395,0.87
593,1000,6508299,0.93
594,1000,6545551,0.99
595,1000,4937840,1
596,1000,6590755,0.97
597,1000,6650860,0.95
598,1000,6921938,0.94
599,1000,7160655,0.86
600,1000,7061313,0.92
601,1000,6358671,0.99
602,1000,4938967,0.99
603,1000,4699116,1
604,1000,7263960,0.79
605,1000,6455584,0.99
606,1000,6994824,0.81
607,1000,6931918,0.79
608,1000,5996231,0.99
609,1000,6273561,0.96
610,1000,4280645,1
611,1000,6947725,0.87
612,1000,5453644,1
613,1000,3883820,1
614,1000,6919109,0.94
615,1000,5626255,0.97
616,1000,6456248,0.93
617,1000,6145406,0.99
618,1000,2485472,1
619,1000,6281964,0.93
620,1000,7087747,0.91
621,1000,3086092,1
622,1000,9462150,0.98
623,1000,7612747,0.93
624,1000,7295633,0.97
625,1000,6322312,0.98
626,1000,6175623,0.91
627,1000,8389681,0.92
628,1000,5725190,1
629,1000,8033465,0.96
630,1000,7905823,0.95
631,1000,8023625,0.93
632,1000,7598458,0.95
633,1000,5187198,1
634,1000,7408500,0.93
635,1000,6488223,0.99
636,1000,6346295,1
637,1000,7465184,0.91
638,1000,6927199,0.99
639,1000,4540456,1
640,1000,7888212,0.97
641,1000,7144989,0.93
642,1000,8065457,0.82
643,1000,7130996,0.83
644,1000,7530042,0.95
645,1000,6657528,0.98
646,1000,7292046,0.95
647,1000,6361264,1
648,1000,7450304,0.89
649,1000,5788970,1
650,1000,4966414,1
651,1000,6998813,0.98
652,1000,6020032,0.99
653,1000,6929964,0.99
654,1000,7400964,0.96
655,1000,7612466,0.94
656,1000,6470388,0.97
657,1000,8026669,0.83
658,1000,6090222,0.98
659,1000,6593982,0.99
660,1000,5603897,1
661,1000,6124125,1
662,1000,6920714,0.98
663,1000,4816050,1
664,1000,7098164,0.96
665,1000,6833278,0.89
666,1000,5296187,1
667,1000,7369443,0.96
668,1000,7116445,0.93
669,1000,7151953,0.86
670,1000,6809838,0.99
671,1000,6705040,0.99
672,1000,6773775,0.97
673,1000,7694186,0.76
674,1000,4236137,1
675,1000,7338283,0.91
676,1000,6759445,0.96
677,1000,7094437,0.85
678,1000,5843903,0.99
679,1000,6960865,0.92
680,1000,7336547,0.83
681,1000,7281284,0.94
682,1000,6894879,1
683,1000,7107522,0.94
684,1000,6388708,0.92
685,1000,6261326,1
686,1000,5930778,1
687,1000,5693358,1
688,1000,7551628,0.77
689,1000,6114266,1
690,1000,6443852,1
691,1000,6627567,0.97
692,1000,6029055,0.98
693,1000,6308248,0.99
694,1000,5612565,1
695,1000,6245341,0.99
696,1000,6993068,0.88
697,1000,5876593,1
698,1000,7154427,0.94
699,1000,4881759,1
700,1000,6815618,0.97
701,1000,7125095,0.94
702,1000,4841786,1
703,1000,7543237,0.77
704,1000,5695159,1
705,1000,6309843,0.96
706,1000,6854297,0.95
707,1000,5511874,1
708,1000,5670526,1
709,1000,6502992,0.93
710,1000,5723651,0.99
711,1000,5548740,0.99
712,1000,6612660,0.99
713,1000,7206844,0.95
714,1000,6589059,0.98
715,1000,6382984,1
716,1000,6470105,0.99
717,1000,6868433,0.93
718,1000,4740331,1
719,1000,7111584,0.93
720,1000,7062272,0.94
721,1000,6724797,0.81
722,1000,6049723,0.99
723,1000,6128662,1
724,1000,6917270,0.89
725,1000,4927687,0.99
726,1000,3786318,1
727,1000,5068426,1
728,1000,7253079,0.74
729,1000,6498768,1
730,1000,7078001,0.88
731,1000,5226477,0.99
732,1000,4449113,1
733,1000,4077249,1
734,1000,5435774,1
735,1000,7047922,0.79
736,1000,5206396,1
737,1000,6173513,0.97
738,1000,6252521,1
739,1000,6177620,1
740,1000,6140586,0.99
741,1000,7128518,0.85
742,1000,5074787,1
743,1000,7038824,0.7
744,1000,5224705,1
745,1000,7184584,0.83
746,1000,5443959,1
747,1000,6002806,0.97
748,1000,4773766,1
749,1000,5342548,1
750,1000,7244363,0.8
751,1000,6583787,0.97
752,1000,7290086,0.66
753,1000,6384170,0.86
754,1000,5486605,1
755,1000,6045884,0.98
756,1000,5643517,0.99
757,1000,6702394,0.93
758,1000,6433154,1
759,1000,4553006,1
760,1000,7195521,0.85
761,1000,3073788,1
762,1000,5030454,1
763,1000,7022940,0.93
764,1000,6279537,0.95
765,1000,10691554,0.96
766,1000,6250542,1
767,1000,8125943,0.88
768,1000,7111781,0.95
769,1000,6830993,0.9
770,1000,7283225,0.97
771,1000,5548407,1
772,1000,8507301,0.91
773,1000,4760826,1
774,1000,7688813,0.9
775,1000,4379969,1
776,1000,6234402,0.98
777,1000,6377359,0.99
778,1000,5776804,1
779,1000,6414492,1
780,1000,6075063,0.95
781,1000,7430083,0.82
782,1000,7443554,0.91
783,1000,7677968,0.92
784,1000,4813725,1
785,1000,5875273,0.99
786,1000,4559100,1
787,1000,5206049,1
788,1000,7153702,0.98
789,1000,7912102,0.85
790,1000,5774887,1
791,1000,6325237,0.98
792,1000,7749322,0.88
793,1000,8021999,0.81
794,1000,7346162,0.96
795,1000,7452701,0.91
796,1000,5611090,1
797,1000,7366729,0.81
798,1000,7457599,0.92
799,1000,5946676,1
800,1000,6576777,0.98
801,1000,6492285,0.98
802,1000,7248665,0.95
803,1000,4770707,1
804,1000,4537361,1
805,1000,7494536,0.87
806,1000,7193445,0.86
807,1000,2760480,1
808,1000,7402744,0.96
809,1000,7623888,0.87
810,1000,6654646,1
811,1000,6666248,0.98
812,1000,5129868,0.99
813,1000,7244280,0.95
814,1000,7353372,0.78
815,1000,7064848,0.96
816,1000,6923055,0.97
817,1000,7611932,0.8
818,1000,6864505,0.94
819,1000,7306643,0.86
820,1000,6937853,0.93
821,1000,7103933,0.96
822,1000,5396289,0.99
823,1000,7589979,0.91
824,1000,6979161,0.97
825,1000,3389895,1
826,1000,4528890,1
827,1000,6781677,0.99
828,1000,6360612,0.99
829,1000,7251479,0.92
830,1000,5413555,1
831,1000,4528975,1
832,1000,7232393,0.84
833,1000,7048060,0.93
834,1000,5694838,1
835,1000,4641647,1
836,1000,6803071,0.81
837,1000,5557332,1
838,1000,706007,0.14
839,1000,6811913,0.98
840,1000,6736323,0.94
841,1000,5039866,0.99
842,1000,4098075,1
843,1000,5646824,0.98
844,1000,5563701,0.99
845,1000,7368129,0.9
846,1000,6660123,0.97
847,1000,4559689,1
848,1000,7058967,0.94
849,1000,6491447,0.99
850,1000,6549485,0.97
851,1000,4471683,1
852,1000,4830533,1
853,1000,6731943,0.96
854,1000,5089195,1
855,1000,5902521,0.98
856,1000,6304680,1
857,1000,6572483,0.96
858,1000,7354258,0.82
859,1000,4882291,1
860,1000,7153524,0.84
861,1000,6084539,0.98
862,1000,5725696,0.98
863,1000,6768091,0.96
864,1000,7284087,0.83
865,1000,7110865,0.67
866,1000,6806854,0.93
867,1000,6346814,0.97
868,1000,7095318,0.97
869,1000,4355665,1
870,1000,5352592,1
871,1000,7009067,0.89
872,1000,6650142,0.99
873,1000,5934261,0.97
874,1000,7138560,0.87
875,1000,6571491,0.98
876,1000,6893085,0.95
877,1000,6327346,1
878,1000,5018978,1
879,1000,6171891,0.94
880,1000,4007913,1
881,1000,6872229,0.94
882,1000,4101675,1
883,1000,6104689,1
884,1000,6128301,0.92
885,1000,6620589,0.97
886,1000,6408335,0.96
887,1000,5805254,0.96
888,1000,5914553,0.98
889,1000,7245128,0.98
890,1000,7061336,0.79
891,1000,6558624,0.99
892,1000,6040192,0.98
893,1000,7018594,0.9
894,1000,6537609,1
895,1000,6247287,1
896,1000,5416248,1
897,1000,5306239,1
898,1000,7156931,0.87
899,1000,6521118,0.93
900,1000,6019469,1
901,1000,2668940,1
902,1000,6699083,0.99
903,1000,6563178,0.98
904,1000,6429580,1
905,1000,4423668,1
906,1000,6840079,0.98
907,1000,4883813,1
908,1000,6097160,1
909,1000,6084360,0.99
910,1000,6706864,0.97
911,1000,7829894,1
912,1000,8084772,0.86
913,1000,7851101,0.97
914,1000,7713681,0.91
915,1000,5641432,0.99
916,1000,3387216,1
917,1000,5013819,1
918,1000,7079786,0.99
919,1000,6414210,1
920,1000,5663207,1
921,1000,7391008,0.97
922,1000,7548284,0.95
923,1000,7055835,0.98
924,1000,6996472,0.98
925,1000,7995371,0.87
926,1000,5551018,1
927,1000,6872089,0.99
928,1000,8149861,0.72
929,1000,6565132,0.87
930,1000,3455904,1
931,1000,7412456,0.88
932,1000,7019172,0.94
933,1000,7083836,0.98
934,1000,6164556,1
935,1000,8015025,0.79
936,1000,4531113,1
937,1000,7599228,0.85
938,1000,7819663,0.8
939,1000,6563516,1
940,1000,6813630,0.93
941,1000,6834498,0.99
942,1000,5887172,1
943,1000,7392385,0.93
944,1000,7509936,0.9
945,1000,5193372,1
946,1000,7697779,0.88
947,1000,7509841,0.86
948,1000,7252788,0.9
949,1000,7868590,0.77
950,1000,7095475,0.98
951,1000,7331989,0.93
952,1000,7135822,0.94
953,1000,5099280,1
954,1000,7368635,0.9
955,1000,7222865,0.89
956,1000,6577441,1
957,1000,5561415,0.99
958,1000,4770507,1
959,1000,5884990,1
960,1000,7150110,0.82
961,1000,5171873,0.98
962,1000,5756531,1
963,1000,6656717,0.99
964,1000,6249145,0.97
965,1000,6132896,0.96
966,1000,5901278,0.99
967,1000,6798151,0.97
968,1000,6817483,0.95
969,1000,7373751,0.86
970,1000,5972432,1
971,1000,5499033,0.99
972,1000,5588452,0.99
973,1000,7243888,0.83
974,1000,5571257,0.99
975,1000,6720452,0.92
976,1000,5728775,1
977,1000,4898939,1
978,1000,6480562,0.99
979,1000,4287219,1
980,1000,4638244,1
981,1000,6702636,0.96
982,1000,7015207,0.94
983,1000,5985757,1
984,1000,6614172,0.99
985,1000,6666611,0.95
986,1000,7247880,0.92
987,1000,4607798,1
988,1000,6607471,0.95
989,1000,7445432,0.81
990,1000,5455777,1
991,1000,4459744,1
992,1000,7081814,0.94
993,1000,6033278,1
994,1000,7657249,0.91
995,1000,7395457,0.86
996,1000,6610647,0.85
997,1000,4795622,1
998,1000,6557364,0.97
999,1000,7725848,0.85
0,1200,7843747,0.99
1,1200,8914372,0.89
2,1200,5962256,1
3,1200,8156330,0.89
4,1200,8483417,0.85
5,1200,7213078,1
6,1200,8505958,0.87
7,1200,8787414,0.96
8,1200,8616463,0.95
9,1200,6200643,1
10,1200,5499492,1
11,1200,6868614,1
12,1200,8852914,0.94
13,1200,7564935,0.87
14,1200,7286505,0.98
15,1200,8752059,0.96
16,1200,7835879,1
17,1200,7163649,1
18,1200,8935762,0.82
19,1200,8364333,0.96
20,1200,5829220,1
21,1200,8271063,1
22,1200,8269344,0.83
23,1200,5743338,1
24,1200,8793690,0.89
25,1200,7645548,1
26,1200,3328575,1
27,1200,6744852,1
28,1200,7600042,0.9
29,1200,7521727,0.96
30,1200,8277905,0.84
31,1200,8705110,0.82
32,1200,7398069,0.99
33,1200,8558349,0.85
34,1200,4967506,1
35,1200,6039619,1
36,1200,8594191,0.9
37,1200,6195042,1
38,1200,8149447,0.97
39,1200,8046655,0.97
40,1200,6615345,1
41,1200,8166308,0.96
42,1200,6735612,1
43,1200,8324670,0.87
44,1200,7599166,0.99
45,1200,7638497,1
46,1200,7836762,0.86
47,1200,6468780,1
48,1200,7587550,0.99
49,1200,7556714,0.98
50,1200,8264227,0.89
51,1200,6705898,1
52,1200,8421200,0.86
53,1200,5698221,1
54,1200,7447054,0.89
55,1200,6472746,1
56,1200,7098465,0.97
57,1200,7704427,0.99
58,1200,4416580,1
59,1200,4675530,1
60,1200,8301909,0.87
61,1200,7284567,0.93
62,1200,6758913,1
63,1200,7284425,0.99
64,1200,7984733,0.93
65,1200,7706277,0.93
66,1200,6300557,1
67,1200,7503730,0.98
68,1200,8256104,0.92
69,1200,6584621,0.98
70,1200,4214554,1
71,1200,7676942,0.89
72,1200,5129644,1
73,1200,8106178,0.97
74,1200,7927793,0.91
75,1200,4979078,0.98
76,1200,8123991,0.9
77,1200,7682071,0.97
78,1200,6991411,0.98
79,1200,5329726,1
80,1200,8432974,0.87
81,1200,7178868,0.99
82,1200,7772495,0.96
83,1200,8103679,0.96
84,1200,8074524,0.98
85,1200,7546597,0.94
86,1200,8291867,0.91
87,1200,7852496,0.99
88,1200,8423122,0.88
89,1200,5492737,0.99
90,1200,7061165,0.97
91,1200,5210712,1
92,1200,7474274,0.96
93,1200,7420488,1
94,1200,8213547,0.79
95,1200,8476361,0.88
96,1200,6735656,0.99
97,1200,7722161,0.88
98,1200,8107530,0.93
99,1200,11791805,0.93
100,1200,9537770,0.87
101,1200,7093554,0.99
102,1200,5364841,1
103,1200,5390230,1
104,1200,8875760,0.77
105,1200,4164027,1
106,1200,8593088,1
107,1200,7081153,1
108,1200,8347592,1
109,1200,9398239,0.9
110,1200,7756066,1
111,1200,8960742,0.93
112,1200,9120944,0.94
113,1200,7820789,1
114,1200,8305739,0.98
115,1200,8590287,0.95
116,1200,7941086,0.97
117,1200,9109366,0.91
118,1200,9084458,0.8
119,1200,8257277,0.93
120,1200,8685883,0.94
121,1200,8398138,0.93
122,1200,6186251,1
123,1200,5567734,1
124,1200,5260565,1
125,1200,5070899,1
126,1200,7128673,0.96
127,1200,9398175,0.8
128,1200,7905913,0.98
129,1200,8671564,0.97
130,1200,8144860,0.99
131,1200,8196731,0.98
132,1200,8892921,0.89
133,1200,7480678,1
134,1200,7948692,0.97
135,1200,8832687,0.87
136,1200,8045524,0.89
137,1200,8417317,0.95
138,1200,5413732,1
139,1200,8106649,0.99
140,1200,5823128,1
141,1200,8352663,0.99
142,1200,7909931,1
143,1200,7494691,0.99
144,1200,6662865,1
145,1200,8023034,0.85
146,1200,4750852,1
147,1200,7822723,0.99
148,1200,7613375,1
149,1200,8019782,0.92
150,1200,6784841,1
151,1200,7509091,0.98
152,1200,7747340,1
153,1200,6765317,0.98
154,1200,8411014,0.87
155,1200,7907339,0.94
156,1200,6108614,1
157,1200,7941067,0.95
158,1200,4475802,1
159,1200,7954256,0.96
160,1200,8108738,0.92
161,1200,4082313,1
162,1200,7547884,0.98
163,1200,6770666,0.98
164,1200,7739468,0.98
165,1200,8088101,0.95
166,1200,8560199,0.77
167,1200,7960403,0.82
168,1200,7234739,1
169,1200,8477279,0.83
170,1200,7410883,0.99
171,1200,7298701,1
172,1200,8087719,0.96
173,1200,6881099,0.98
174,1200,7673140,0.91
175,1200,8603269,0.92
176,1200,7453396,1
177,1200,6940325,0.99
178,1200,7897213,0.95
179,1200,5042953,1
180,1200,5611755,1
181,1200,6927093,1
182,1200,7923496,0.78
183,1200,8043528,0.93
184,1200,4685346,1
185,1200,5914628,1
186,1200,6168713,1
187,1200,5727254,1
188,1200,8491130,0.84
189,1200,8493331,0.89
190,1200,8242749,0.97
191,1200,7318792,0.98
192,1200,5628659,1
193,1200,8389184,0.98
194,1200,6683862,1
195,1200,5873025,0.99
196,1200,6633619,1
197,1200,6316582,1
198,1200,7745035,0.95
199,1200,8187916,0.93
200,1200,7511106,0.96
201,1200,6013963,0.99
202,1200,6758642,1
203,1200,4235907,1
204,1200,5736081,1
205,1200,7741835,0.98
206,1200,8016552,0.97
207,1200,6031117,1
208,1200,6740516,1
209,1200,7280749,0.96
210,1200,7232105,0.99
211,1200,6128415,1
212,1200,6624135,1
213,1200,5255273,1
214,1200,8269500,0.92
215,1200,7424560,0.98
216,1200,4682907,1
217,1200,5015616,1
218,1200,5241242,1
219,1200,7889322,0.85
220,1200,7946698,0.97
221,1200,8414817,0.78
222,1200,8523256,0.8
223,1200,5747778,0.99
224,1200,11287406,0.99
225,1200,9032817,0.97
226,1200,6300764,1
227,1200,7856263,0.98
228,1200,9523974,0.95
229,1200,6443766,1
230,1200,5235925,1
231,1200,6130277,1
232,1200,8682237,0.95
233,1200,9098127,0.95
234,1200,9325457,0.79
235,1200,8752718,0.91
236,1200,5987779,0.99
237,1200,9123661,0.92
238,1200,9148369,0.97
239,1200,3923506,1
240,1200,8101376,0.99
241,1200,8775464,0.94
242,1200,6926390,0.99
243,1200,8894097,0.96
244,1200,9187219,0.88
245,1200,8201266,0.99
246,1200,7310244,0.99
247,1200,8481001,0.99
248,1200,8757373,0.96
249,1200,8371876,1
250,1200,5488250,1
251,1200,8839291,0.84
252,1200,9119509,0.61
253,1200,7301785,0.99
254,1200,7430745,0.99
255,1200,6175508,1
256,1200,7219593,1
257,1200,8412719,0.83
258,1200,7749405,1
259,1200,8600179,0.98
260,1200,6888000,0.99
261,1200,5878782,1
262,1200,8565667,0.94
263,1200,8219077,0.95
264,1200,8908506,0.89
265,1200,6665154,1
266,1200,5223628,1
267,1200,7807614,1
268,1200,5529208,1
269,1200,8270686,0.95
270,1200,7807261,0.98
271,1200,7658770,0.98
272,1200,8822118,0.96
273,1200,4914400,1
274,1200,7615714,0.99
275,1200,5066438,1
276,1200,8584996,0.7
277,1200,7693179,1
278,1200,7466657,1
279,1200,5217935,1
280,1200,6821781,0.99
281,1200,8263537,0.96
282,1200,8029276,0.94
283,1200,7250602,0.96
284,1200,8497734,0.89
285,1200,7867535,0.97
286,1200,7696347,1
287,1200,7761811,0.99
288,1200,7539393,0.97
289,1200,7967495,0.91
290,1200,7189421,0.98
291,1200,7887707,0.93
292,1200,8286678,0.96
293,1200,8721932,0.77
294,1200,6739555,0.98
295,1200,6745963,1
296,1200,8404258,0.96
297,1200,5775722,1
298,1200,6292581,1
299,1200,7558908,0.87
300,1200,7257589,0.95
301,1200,8413909,0.85
302,1200,7393135,1
303,1200,5738319,1
304,1200,8405204,0.98
305,1200,6538376,0.91
306,1200,6903183,1
307,1200,8239638,0.93
308,1200,7895980,0.98
309,1200,8642673,0.91
310,1200,4289199,1
311,1200,7803107,1
312,1200,7871488,0.98
313,1200,7368129,0.97
314,1200,8166751,0.9
315,1200,7865190,0.92
316,1200,8499194,0.86
317,1200,8725291,0.81
318,1200,5216038,0.98
319,1200,7227534,0.97
320,1200,7790076,0.98
321,1200,5492938,1
322,1200,6226082,0.99
323,1200,5033234,1
324,1200,8454789,0.82
325,1200,7713310,0.91
326,1200,5536744,1
327,1200,8163384,0.92
328,1200,5789139,1
329,1200,8126796,0.95
330,1200,6920430,1
331,1200,6822008,0.99
332,1200,8139849,0.93
333,1200,6746704,1
334,1200,8267253,0.96
335,1200,7235241,0.96
336,1200,7600668,0.95
337,1200,5170865,1
338,1200,8559220,0.86
339,1200,7731672,1
340,1200,8859487,0.81
341,1200,8644758,0.9
342,1200,7851843,0.97
343,1200,8050308,0.88
344,1200,6671850,1
345,1200,5972466,1
346,1200,11849129,0.99
347,1200,8670738,1
348,1200,7355322,1
349,1200,9515549,0.99
350,1200,8014613,1
351,1200,4254130,1
352,1200,6945469,1
353,1200,6110729,0.99
354,1200,7276195,0.96
355,1200,6666847,1
356,1200,8450344,0.99
357,1200,8864398,0.93
358,1200,8531195,0.96
359,1200,7058921,1
360,1200,7920207,0.97
361,1200,3951898,1
362,1200,4518498,1
363,1200,8888584,0.88
364,1200,8736162,0.99
365,1200,8198739,0.94
366,1200,6608338,1
367,1200,3375812,1
368,1200,8741439,0.94
369,1200,4386208,1
370,1200,7168714,1
371,1200,8499685,1
372,1200,8651703,0.9
373,1200,9329792,0.84
374,1200,9047493,0.91
375,1200,7134967,0.97
376,1200,7389236,0.99
377,1200,8528138,0.96
378,1200,6125799,1
379,1200,8415720,0.95
380,1200,8185089,0.95
381,1200,8286891,0.95
382,1200,8119747,0.95
383,1200,8863033,0.93
384,1200,7273884,0.97
385,1200,8326714,0.93
386,1200,8411895,0.93
387,1200,8763048,0.89
388,1200,8904453,0.86
389,1200,4275398,1
390,1200,7737876,1
391,1200,8173205,0.97
392,1200,7515891,0.98
393,1200,9077710,0.89
394,1200,6878386,0.99
395,1200,8221728,0.97
396,1200,6093285,1
397,1200,6295382,1
398,1200,7409239,0.99
399,1200,8206438,0.87
400,1200,8155988,1
401,1200,7888556,0.99
402,1200,5866437,1
403,1200,8170611,0.96
404,1200,4432982,1
405,1200,8285533,0.87
406,1200,8842136,0.84
407,1200,8743269,0.94
408,1200,8133731,0.95
409,1200,7803017,0.94
410,1200,7304102,1
411,1200,5425680,1
412,1200,7683741,0.98
413,1200,7855738,1
414,1200,8086927,0.93
415,1200,6512782,1
416,1200,7480106,0.97
417,1200,8572093,0.92
418,1200,7465663,1
419,1200,8562987,0.89
420,1200,8557246,0.88
421,1200,7350747,1
422,1200,6475644,1
423,1200,7820911,1
424,1200,8443948,0.94
425,1200,7800587,0.99
426,1200,8360716,0.96
427,1200,5952921,1
428,1200,6145855,1
429,1200,7815238,1
430,1200,7026723,0.97
431,1200,7090663,1
432,1200,8334230,0.9
433,1200,6294254,1
434,1200,6517480,1
435,1200,8049962,0.98
436,1200,5537018,0.99
437,1200,7677773,0.98
438,1200,8506016,0.97
439,1200,6289526,1
440,1200,6621861,0.97
441,1200,7873969,0.98
442,1200,8555071,0.89
443,1200,8013615,1
444,1200,7999135,0.95
445,1200,7894753,0.95
446,1200,7921211,0.94
447,1200,7761938,0.97
448,1200,7426530,1
449,1200,7797574,0.99
450,1200,8105876,0.97
451,1200,7223170,0.99
452,1200,7386242,0.99
453,1200,7479213,0.97
454,1200,5320886,1
455,1200,7730466,0.98
456,1200,7900450,0.99
457,1200,7707796,0.95
458,1200,7237400,1
459,1200,8499130,0.74
460,1200,6778459,0.99
461,1200,6285055,1
462,1200,6691284,0.98
463,1200,8009413,0.98
464,1200,7730912,0.99
465,1200,6644324,1
466,1200,6826289,1
467,1200,7457161,1
468,1200,9505546,1
469,1200,10118344,0.92
470,1200,8300676,1
471,1200,9832546,0.9
472,1200,9133067,0.97
473,1200,8416407,1
474,1200,8784031,0.93
475,1200,8797716,0.97
476,1200,6021790,1
477,1200,8701955,0.98
478,1200,6186195,1
479,1200,8293738,0.9
480,1200,8497128,0.94
481,1200,8529062,1
482,1200,6031089,1
483,1200,7528708,1
484,1200,8153963,1
485,1200,5327985,1
486,1200,8587488,0.97
487,1200,8940307,0.97
488,1200,7796860,0.9
489,1200,7362954,0.98
490,1200,8921150,0.95
491,1200,9510540,0.9
492,1200,8463394,0.97
493,1200,8337039,0.99
494,1200,5272799,1
495,1200,8489525,0.88
496,1200,8878617,0.97
497,1200,8476097,0.98
498,1200,6284950,1
499,1200,8781633,0.94
500,1200,7505270,0.99
501,1200,7480154,1
502,1200,7647022,0.96
503,1200,6231670,0.99
504,1200,7497701,0.99
505,1200,6811901,0.99
506,1200,5740834,1
507,1200,7796853,0.95
508,1200,8768847,0.91
509,1200,6607500,0.98
510,1200,6758750,0.99
511,1200,8156772,0.97
512,1200,7500687,1
513,1200,6923893,1
514,1200,8880309,0.91
515,1200,919120,0.28
516,1200,8543887,0.92
517,1200,6659012,1
518,1200,5982542,1
519,1200,8543118,0.91
520,1200,7212157,1
521,1200,8510193,0.96
522,1200,8030483,0.93
523,1200,7999763,0.9
524,1200,8779740,0.71
525,1200,8118058,0.96
526,1200,7519104,0.98
527,1200,8353730,0.91
528,1200,8386398,0.97
529,1200,5719363,1
530,1200,8328998,1
531,1200,4744723,1
532,1200,5307768,1
533,1200,8047333,0.94
534,1200,7101258,0.97
535,1200,8383562,0.93
536,1200,5468219,1
537,1200,5618934,1
538,1200,8604188,0.92
539,1200,6722243,1
540,1200,8067430,1
541,1200,8608984,0.94
542,1200,4113941,1
543,1200,8110752,0.99
544,1200,8726128,0.91
545,1200,6738701,1
546,1200,8399254,0.9
547,1200,6832621,1
548,1200,5770038,1
549,1200,8510694,0.94
550,1200,7166894,0.99
551,1200,7160121,0.99
552,1200,4124432,1
553,1200,7522350,0.98
554,1200,3046815,1
555,1200,3147360,1
556,1200,5800098,1
557,1200,5387404,1
558,1200,7849478,0.98
559,1200,8248252,0.95
560,1200,6319969,1
561,1200,7281004,0.98
562,1200,6262362,1
563,1200,7642080,0.98
564,1200,7490281,0.88
565,1200,6138358,1
566,1200,6103764,1
567,1200,7627619,0.96
568,1200,7504790,1
569,1200,8847480,0.7
570,1200,7068257,0.99
571,1200,6606761,0.99
572,1200,7907992,0.99
573,1200,7957468,0.99
574,1200,6249326,1
575,1200,5339223,1
576,1200,5451972,1
577,1200,4254317,1
578,1200,7952194,0.94
579,1200,6880125,1
580,1200,7123146,0.98
581,1200,7917997,0.98
582,1200,8262728,0.95
583,1200,8485622,0.87
584,1200,6938618,0.96
585,1200,6992735,1
586,1200,7866073,0.99
587,1200,8415556,0.93
588,1200,8319936,0.92
589,1200,8555587,0.87
590,1200,8495582,0.9
591,1200,6874447,0.99
592,1200,11944495,0.88
593,1200,8560233,0.93
594,1200,8586281,0.99
595,1200,6474262,1
596,1200,8789332,0.99
597,1200,8704351,0.95
598,1200,9118727,0.96
599,1200,9446049,0.92
600,1200,9292172,0.94
601,1200,8480519,1
602,1200,6577936,0.99
603,1200,6041279,1
604,1200,9610311,0.8
605,1200,8376880,1
606,1200,9034908,0.82
607,1200,9015342,0.85
608,1200,7635650,0.99
609,1200,8202749,0.97
610,1200,5470800,0.99
611,1200,9069477,0.9
612,1200,7028130,1
613,1200,4746892,1
614,1200,8729368,0.94
615,1200,7341419,0.98
616,1200,8123559,0.96
617,1200,8046977,1
618,1200,3169080,1
619,1200,7824963,0.95
620,1200,8861561,0.93
621,1200,3807981,1
622,1200,8043832,0.98
623,1200,8529965,0.95
624,1200,8046253,0.97
625,1200,6876116,0.98
626,1200,6669753,0.97
627,1200,9344986,0.92
628,1200,6241960,1
629,1200,8709455,0.98
630,1200,8799012,0.98
631,1200,8838371,0.95
632,1200,8351461,0.97
633,1200,5991454,1
634,1200,8385589,0.94
635,1200,7178976,0.99
636,1200,7002455,1
637,1200,8013978,0.93
638,1200,7796038,0.99
639,1200,5040823,1
640,1200,8683974,0.98
641,1200,7851538,0.96
642,1200,8782361,0.85
643,1200,8015671,0.89
644,1200,8441790,0.95
645,1200,7448854,0.99
646,1200,8242962,0.95
647,1200,7201417,1
648,1200,8510828,0.9
649,1200,6558725,1
650,1200,5599395,1
651,1200,8136878,1
652,1200,7034409,0.99
653,1200,7679151,0.99
654,1200,8399827,0.98
655,1200,8487886,0.96
656,1200,7208661,0.98
657,1200,8749688,0.89
658,1200,6807956,0.98
659,1200,7210637,0.99
660,1200,6358625,1
661,1200,6916151,1
662,1200,7692913,0.99
663,1200,5283447,1
664,1200,8111422,0.97
665,1200,7883203,0.89
666,1200,6097460,1
667,1200,8481882,0.96
668,1200,7780474,0.95
669,1200,8273594,0.88
670,1200,7725200,0.99
671,1200,7641142,0.99
672,1200,7732564,0.97
673,1200,8584998,0.79
674,1200,4618741,1
675,1200,8307391,0.95
676,1200,7735255,0.98
677,1200,8195918,0.9
678,1200,6666649,1
679,1200,8004427,0.95
680,1200,8418520,0.83
681,1200,8288355,0.95
682,1200,7857599,1
683,1200,8116187,0.94
684,1200,7308004,0.93
685,1200,7197883,1
686,1200,6867831,1
687,1200,6376966,1
688,1200,8593120,0.8
689,1200,7065417,1
690,1200,7430988,1
691,1200,7682936,0.97
692,1200,6844026,0.98
693,1200,7466359,0.99
694,1200,6469315,1
695,1200,7188720,0.99
696,1200,8076549,0.91
697,1200,6773311,1
698,1200,8137070,0.98
699,1200,5580576,1
700,1200,7903580,0.97
701,1200,8206152,0.95
702,1200,5690387,1
703,1200,8631070,0.81
704,1200,6516129,1
705,1200,7270507,0.97
706,1200,7819274,0.95
707,1200,6421380,1
708,1200,6538306,1
709,1200,7572651,0.94
710,1200,6808905,0.99
711,1200,6512200,1
712,1200,7691208,0.99
713,1200,12095391,0.95
714,1200,8645609,0.98
715,1200,8436551,1
716,1200,8443980,0.99
717,1200,8942809,0.95
718,1200,5891958,1
719,1200,9247366,0.94
720,1200,9201807,0.95
721,1200,8429058,0.83
722,1200,8011989,0.99
723,1200,7731167,1
724,1200,8898202,0.92
725,1200,6282120,0.99
726,1200,4693655,1
727,1200,6533180,1
728,1200,9046252,0.82
729,1200,8724510,1
730,1200,9049522,0.9
731,1200,6500994,1
732,1200,5392439,1
733,1200,5108564,1
734,1200,7074377,1
735,1200,8777861,0.82
736,1200,6616502,1
737,1200,7760374,0.99
738,1200,8032030,1
739,1200,7946834,1
740,1200,7667741,0.99
741,1200,9103362,0.86
742,1200,6310421,1
743,1200,8821500,0.74
744,1200,6503086,1
745,1200,9181479,0.87
746,1200,6624783,1
747,1200,7330200,0.98
748,1200,5788514,1
749,1200,6507073,1
750,1200,9198267,0.84
751,1200,8267052,0.98
752,1200,9065233,0.7
753,1200,8100540,0.88
754,1200,6767610,1
755,1200,7562435,0.98
756,1200,7050097,0.99
757,1200,8330218,0.95
758,1200,8056824,1
759,1200,5945035,1
760,1200,8998584,0.87
761,1200,3709500,1
762,1200,6371686,1
763,1200,8642333,0.93
764,1200,7726879,0.95
765,1200,8364782,0.96
766,1200,6760009,1
767,1200,8741736,0.9
768,1200,7698899,0.97
769,1200,7343926,0.92
770,1200,8018520,1
771,1200,6114990,1
772,1200,9165350,0.93
773,1200,5263659,1
774,1200,8388746,0.92
775,1200,4662402,1
776,1200,6915684,0.99
777,1200,7002479,0.99
778,1200,6371264,1
779,1200,7434579,1
780,1200,6678902,0.99
781,1200,8137082,0.88
782,1200,8331731,0.95
783,1200,8599846,0.94
784,1200,5195544,1
785,1200,6492756,0.99
786,1200,5276908,1
787,1200,5676569,1
788,1200,7904022,0.99
789,1200,8645835,0.86
790,1200,6700746,1
791,1200,7083722,0.99
792,1200,8637028,0.89
793,1200,8893619,0.85
794,1200,8014506,0.98
795,1200,8143514,0.93
796,1200,6388610,1
797,1200,8239032,0.83
798,1200,8329739,0.92
799,1200,6575260,1
800,1200,7400217,0.99
801,1200,7029936,0.98
802,1200,8249158,0.95
803,1200,5496255,1
804,1200,5165375,1
805,1200,8427881,0.89
806,1200,8184257,0.87
807,1200,2915749,1
808,1200,8285410,0.97
809,1200,8529719,0.89
810,1200,7364806,1
811,1200,7542209,0.98
812,1200,5807898,1
813,1200,8301208,0.97
814,1200,8374662,0.83
815,1200,7996891,0.98
816,1200,7796323,0.98
817,1200,8615465,0.83
818,1200,7799556,0.97
819,1200,8322762,0.87
820,1200,8008034,0.94
821,1200,8060964,0.96
822,1200,6132799,0.99
823,1200,8569809,0.93
824,1200,7894023,0.97
825,1200,4143998,1
826,1200,5254573,1
827,1200,7407317,1
828,1200,7091781,0.99
829,1200,8266017,0.93
830,1200,6087170,1
831,1200,5176508,1
832,1200,8283117,0.84
833,1200,8093903,0.96
834,1200,6395588,1
835,1200,4954032,1
836,1200,11451036,0.85
837,1200,7312802,1
838,1200,867691,0.1
839,1200,8991875,0.99
840,1200,8932094,0.95
841,1200,6517536,0.99
842,1200,5244423,1
843,1200,7129154,0.99
844,1200,7163209,1
845,1200,9584894,0.9
846,1200,8604747,0.97
847,1200,5713697,1
848,1200,9300647,0.96
849,1200,8071658,0.99
850,1200,8510298,0.99
851,1200,5568468,1
852,1200,6247865,1
853,1200,8555675,0.98
854,1200,6281453,1
855,1200,7538745,0.99
856,1200,7940957,1
857,1200,8489069,0.98
858,1200,9438632,0.86
859,1200,6001524,1
860,1200,9110458,0.86
861,1200,7709074,0.98
862,1200,7198987,0.98
863,1200,8511261,0.96
864,1200,9254642,0.95
865,1200,8952245,0.72
866,1200,8664761,0.95
867,1200,7746404,0.98
868,1200,8919554,0.97
869,1200,5206141,1
870,1200,6520199,1
871,1200,8782403,0.9
872,1200,8135056,0.99
873,1200,7431642,0.99
874,1200,8967563,0.89
875,1200,8218999,0.98
876,1200,8604945,0.97
877,1200,7812644,1
878,1200,6180470,1
879,1200,7547657,0.94
880,1200,4946922,1
881,1200,8415892,0.94
882,1200,4981717,1
883,1200,7408473,1
884,1200,7432891,0.93
885,1200,8138176,0.98
886,1200,7644106,0.98
887,1200,6978820,0.96
888,1200,7105184,0.99
889,1200,8907320,0.99
890,1200,8752601,0.82
891,1200,8037468,1
892,1200,7328438,0.98
893,1200,8643360,0.93
894,1200,7827215,1
895,1200,7648561,1
896,1200,6455499,1
897,1200,6380893,1
898,1200,8929347,0.87
899,1200,8116869,0.96
900,1200,7279982,1
901,1200,3231840,1
902,1200,8120743,1
903,1200,7859092,0.99
904,1200,7860736,1
905,1200,5331384,1
906,1200,8055338,0.98
907,1200,6070918,1
908,1200,7335830,1
909,1200,7293244,0.99
910,1200,8020944,0.97
911,1200,6096430,1
912,1200,8921526,0.89
913,1200,8237643,0.99
914,1200,7939797,0.93
915,1200,6065939,0.99
916,1200,3550423,0.99
917,1200,5132481,1
918,1200,7612077,0.99
919,1200,6882785,1
920,1200,6251690,1
921,1200,7957696,0.99
922,1200,7978060,0.95
923,1200,7714888,0.99
924,1200,7222132,0.99
925,1200,8684325,0.88
926,1200,5941380,1
927,1200,7543038,0.99
928,1200,8896605,0.76
929,1200,7465357,0.92
930,1200,3750999,1
931,1200,8184139,0.91
932,1200,7677318,0.96
933,1200,7923216,0.98
934,1200,6706160,1
935,1200,8654176,0.79
936,1200,4968101,1
937,1200,8281162,0.88
938,1200,8779548,0.85
939,1200,7289909,1
940,1200,7512955,0.93
941,1200,7548068,1
942,1200,6596350,1
943,1200,8148109,0.96
944,1200,8365993,0.91
945,1200,5689578,1
946,1200,8548961,0.93
947,1200,8337216,0.88
948,1200,8292207,0.94
949,1200,8884965,0.87
950,1200,7943466,0.98
951,1200,8193512,0.95
952,1200,8003784,0.95
953,1200,5537539,1
954,1200,8087061,0.94
955,1200,7921779,0.91
956,1200,7365962,1
957,1200,6181577,0.99
958,1200,5470388,1
959,1200,9970990,1
960,1200,8850573,0.84
961,1200,6374071,1
962,1200,6918522,1
963,1200,8557224,0.99
964,1200,7976225,0.99
965,1200,8078266,0.99
966,1200,7319001,0.99
967,1200,8509054,0.99
968,1200,8824152,0.95
969,1200,9513748,0.88
970,1200,7435349,1
971,1200,6623857,0.99
972,1200,6930604,0.99
973,1200,9299823,0.85
974,1200,6944751,0.99
975,1200,8544826,0.94
976,1200,7300469,1
977,1200,6359156,1
978,1200,7902194,1
979,1200,5165120,1
980,1200,6004141,1
981,1200,8297207,0.99
982,1200,8851789,0.94
983,1200,7633536,1
984,1200,8076804,0.99
985,1200,8105607,0.98
986,1200,9193891,0.94
987,1200,5592098,1
988,1200,8072083,0.97
989,1200,9166911,0.83
990,1200,6542120,1
991,1200,5469810,1
992,1200,8760410,0.96
993,1200,7251570,1
994,1200,9616215,0.94
995,1200,9066119,0.91
996,1200,8103756,0.87
997,1200,5697019,1
998,1200,8041986,0.97
999,1200,9623251,0.85
0,1400,12288698,1
1,1400,11277773,0.93
2,1400,6990161,1
3,1400,10054990,0.9
4,1400,10492806,0.88
5,1400,8207173,1
6,1400,10235704,0.9
7,1400,10871154,0.97
8,1400,10596731,0.97
9,1400,7338552,1
10,1400,6457656,1
11,1400,8256929,1
12,1400,10903916,0.94
13,1400,8932261,0.88
14,1400,8838574,0.98
15,1400,10563367,0.97
16,1400,9534567,1
17,1400,8745489,1
18,1400,10884498,0.84
19,1400,10056071,0.97
20,1400,6889685,1
21,1400,9452245,1
22,1400,9884960,0.88
23,1400,6933354,1
24,1400,10695925,0.91
25,1400,9096212,1
26,1400,4155667,1
27,1400,7956913,1
28,1400,9003252,0.91
29,1400,8958870,0.97
30,1400,10076154,0.85
31,1400,10451585,0.86
32,1400,8830260,1
33,1400,10230077,0.86
34,1400,5646425,1
35,1400,6928975,1
36,1400,10413594,0.91
37,1400,7549820,1
38,1400,9658894,0.97
39,1400,9629741,0.99
40,1400,8086266,1
41,1400,9655048,0.96
42,1400,8025438,1
43,1400,9941701,0.9
44,1400,8871758,0.99
45,1400,8861734,1
46,1400,9205724,0.89
47,1400,7658321,1
48,1400,8927279,0.99
49,1400,8991628,0.99
50,1400,9813186,0.91
51,1400,7931491,1
52,1400,10231931,0.89
53,1400,6556918,1
54,1400,8864788,0.89
55,1400,7427641,1
56,1400,8227507,0.97
57,1400,9029676,0.99
58,1400,5208215,1
59,1400,5481258,1
60,1400,9963637,0.88
61,1400,8751536,0.93
62,1400,7981430,1
63,1400,8606384,1
64,1400,9434411,0.97
65,1400,9089838,0.94
66,1400,7405325,1
67,1400,8770413,0.99
68,1400,9806824,0.93
69,1400,7603747,1
70,1400,4823477,1
71,1400,9398500,0.93
72,1400,5931433,1
73,1400,9716902,0.99
74,1400,9490701,0.93
75,1400,5805321,0.99
76,1400,9978682,0.91
77,1400,9326624,0.97
78,1400,8351161,0.99
79,1400,6243398,1
80,1400,10359163,0.9
81,1400,8672557,0.99
82,1400,9103944,0.97
83,1400,9470548,0.97
84,1400,9615714,0.98
85,1400,8835288,0.96
86,1400,9875280,0.92
87,1400,9337135,0.99
88,1400,9826690,0.91
89,1400,6432755,1
90,1400,8254097,0.99
91,1400,6142651,1
92,1400,8695911,0.96
93,1400,8642826,1
94,1400,9634771,0.81
95,1400,9910500,0.9
96,1400,7777449,0.99
97,1400,9225699,0.91
98,1400,9481519,0.95
99,1400,9204654,0.93
100,1400,9290275,0.89
101,1400,6598954,0.99
102,1400,5338253,1
103,1400,5162274,1
104,1400,8942357,0.77
105,1400,4250998,1
106,1400,12687755,0.99
107,1400,7447292,1
108,1400,9378745,1
109,1400,10926244,0.93
110,1400,9083936,1
111,1400,10606976,0.97
112,1400,10731988,0.96
113,1400,9282681,1
114,1400,9837632,0.99
115,1400,10243879,0.98
116,1400,9567997,0.98
117,1400,10686292,0.91
118,1400,10746507,0.82
119,1400,9689535,0.93
120,1400,10093462,0.96
121,1400,9938414,0.96
122,1400,6924669,1
123,1400,6347103,1
124,1400,5831955,1
125,1400,5913363,1
126,1400,8372875,0.97
127,1400,11096059,0.82
128,1400,9055768,0.99
129,1400,10252340,0.98
130,1400,9493521,1
131,1400,9533797,1
132,1400,10559941,0.92
133,1400,8234180,1
134,1400,9301999,0.97
135,1400,10605720,0.9
136,1400,9457701,0.9
137,1400,9932929,0.96
138,1400,6166447,1
139,1400,9431559,0.99
140,1400,6535701,1
141,1400,9794125,0.99
142,1400,9197320,1
143,1400,8730986,0.99
144,1400,7607813,1
145,1400,9620732,0.88
146,1400,5424842,1
147,1400,9088760,1
148,1400,8710164,1
149,1400,9511978,0.93
150,1400,7668668,1
151,1400,8580050,0.98
152,1400,9042010,1
153,1400,7533957,0.99
154,1400,9982928,0.9
155,1400,9189182,0.95
156,1400,7280442,1
157,1400,9247628,0.97
158,1400,5086280,1
159,1400,9156780,0.98
160,1400,9530437,0.93
161,1400,4596490,1
162,1400,8789509,0.98
163,1400,7559993,0.98
164,1400,8793330,0.99
165,1400,9523608,0.95
166,1400,10044249,0.82
167,1400,9420340,0.84
168,1400,8279422,1
169,1400,10023546,0.87
170,1400,8657160,0.99
171,1400,8466581,1
172,1400,9436741,0.97
173,1400,7877112,0.99
174,1400,8897351,0.93
175,1400,10023358,0.94
176,1400,8683519,1
177,1400,8116909,0.99
178,1400,9173801,0.95
179,1400,5684262,1
180,1400,6436774,1
181,1400,7943388,1
182,1400,9421373,0.83
183,1400,9404236,0.93
184,1400,5284464,1
185,1400,6733219,1
186,1400,6967566,1
187,1400,6440248,1
188,1400,10023674,0.86
189,1400,9840805,0.92
190,1400,9587473,0.99
191,1400,8446995,0.99
192,1400,6532247,1
193,1400,9806635,0.99
194,1400,7694189,1
195,1400,6768986,0.99
196,1400,7619195,1
197,1400,7185060,1
198,1400,9056776,0.96
199,1400,9607242,0.93
200,1400,8728284,0.97
201,1400,6868380,0.99
202,1400,7773295,1
203,1400,4836502,1
204,1400,6404807,1
205,1400,8965387,0.98
206,1400,9329490,0.97
207,1400,6994330,1
208,1400,7693980,1
209,1400,8650512,0.96
210,1400,8419000,0.99
211,1400,6901151,1
212,1400,7719196,1
213,1400,9468708,1
214,1400,10795399,0.94
215,1400,9776383,0.99
216,1400,6132548,1
217,1400,6619830,1
218,1400,6791325,1
219,1400,10303996,0.9
220,1400,10468059,0.97
221,1400,10711063,0.82
222,1400,10946923,0.8
223,1400,7400322,0.99
224,1400,9819910,0.99
225,1400,9890787,0.97
226,1400,6784073,1
227,1400,8830862,0.98
228,1400,10613265,0.96
229,1400,7057954,1
230,1400,5837822,1
231,1400,6385955,1
232,1400,9644595,0.95
233,1400,10064003,0.95
234,1400,10313057,0.82
235,1400,9937580,0.92
236,1400,6809112,0.99
237,1400,10139453,0.92
238,1400,10386286,0.97
239,1400,4510670,1
240,1400,9347692,0.99
241,1400,9878702,0.95
242,1400,7600625,0.99
243,1400,9858936,0.96
244,1400,10268128,0.89
245,1400,9401260,0.99
246,1400,8361714,0.99
247,1400,9681445,0.99
248,1400,9840721,0.98
249,1400,9394190,1
250,1400,5974895,1
251,1400,10062750,0.85
252,1400,10251948,0.64
253,1400,8095225,0.99
254,1400,8422600,0.99
255,1400,6963117,1
256,1400,8236505,1
257,1400,9688778,0.89
258,1400,8827801,1
259,1400,9876027,0.98
260,1400,7799735,0.99
261,1400,6552413,1
262,1400,9800131,0.96
263,1400,9449287,0.96
264,1400,10225960,0.91
265,1400,7520268,1
266,1400,5794323,1
267,1400,8929176,1
268,1400,6040872,1
269,1400,9510584,0.97
270,1400,9041272,0.98
271,1400,8545974,0.98
272,1400,10149131,0.96
273,1400,5496822,1
274,1400,8856658,0.99
275,1400,5587774,1
276,1400,9968933,0.7
277,1400,8669244,1
278,1400,8506693,1
279,1400,5804212,1
280,1400,7883615,0.99
281,1400,9457780,0.99
282,1400,9226505,0.95
283,1400,8233439,0.96
284,1400,9720074,0.89
285,1400,9173592,0.97
286,1400,8880588,1
287,1400,8937911,0.99
288,1400,8717550,0.98
289,1400,9179624,0.94
290,1400,8059939,0.99
291,1400,9053676,0.94
292,1400,9559891,0.97
293,1400,10016999,0.81
294,1400,7527779,0.99
295,1400,7738041,1
296,1400,9661232,0.96
297,1400,6582324,1
298,1400,7237795,1
299,1400,8776751,0.89
300,1400,8177073,0.97
301,1400,9673466,0.85
302,1400,8437357,1
303,1400,6343821,1
304,1400,9604848,0.98
305,1400,7502607,0.93
306,1400,7926231,1
307,1400,9410062,0.98
308,1400,9127790,0.98
309,1400,9970759,0.93
310,1400,4775930,1
311,1400,9022251,1
312,1400,9161942,0.98
313,1400,8346409,0.99
314,1400,9447233,0.91
315,1400,9133132,0.92
316,1400,9783786,0.88
317,1400,10068023,0.82
318,1400,5938694,0.99
319,1400,12092168,0.98
320,1400,10533736,0.98
321,1400,7014346,1
322,1400,8335414,0.99
323,1400,6129563,1
324,1400,11281883,0.86
325,1400,10380668,0.97
326,1400,6517791,1
327,1400,10707875,0.94
328,1400,7248184,1
329,1400,10468236,0.95
330,1400,8730407,1
331,1400,8547229,0.99
332,1400,10541758,0.95
333,1400,8196132,1
334,1400,10434917,0.97
335,1400,9385058,0.96
336,1400,9534352,0.97
337,1400,6443683,1
338,1400,10964348,0.87
339,1400,9807551,1
340,1400,11025336,0.84
341,1400,10696745,0.91
342,1400,9596171,0.97
343,1400,9750816,0.92
344,1400,7963919,1
345,1400,7196595,1
346,1400,9763187,0.99
347,1400,9357873,1
348,1400,8376928,1
349,1400,10102606,0.99
350,1400,8672798,1
351,1400,4517130,1
352,1400,7338083,1
353,1400,6412166,1
354,1400,8650146,0.97
355,1400,7510649,1
356,1400,9369644,0.99
357,1400,9861053,0.94
358,1400,9544609,0.97
359,1400,7562956,1
360,1400,8536108,0.97
361,1400,4191898,1
362,1400,4991487,1
363,1400,9824153,0.91
364,1400,9629920,0.99
365,1400,9133836,0.95
366,1400,7180915,1
367,1400,3634764,1
368,1400,9370549,0.94
369,1400,4762575,1
370,1400,7849265,1
371,1400,9447525,1
372,1400,9545569,0.92
373,1400,10407357,0.85
374,1400,9927700,0.92
375,1400,7843855,0.95
376,1400,8417815,0.99
377,1400,9376663,0.98
378,1400,6403196,1
379,1400,9323887,0.95
380,1400,9167546,0.96
381,1400,9265617,0.96
382,1400,9195013,0.96
383,1400,9711497,0.94
384,1400,8198961,0.97
385,1400,9449442,0.95
386,1400,9520791,0.95
387,1400,10024927,0.91
388,1400,10091323,0.86
389,1400,4617368,1
390,1400,8755098,1
391,1400,9353014,0.97
392,1400,8629447,0.98
393,1400,10083366,0.91
394,1400,7805008,0.99
395,1400,9381324,0.98
396,1400,6700920,1
397,1400,6977372,1
398,1400,8253594,0.99
399,1400,9503591,0.9
400,1400,9328375,1
401,1400,8934210,1
402,1400,6483904,1
403,1400,9126776,0.98
404,1400,4880083,1
405,1400,9505217,0.89
406,1400,10054306,0.86
407,1400,9726307,0.94
408,1400,9209597,0.95
409,1400,8756381,0.95
410,1400,8099322,1
411,1400,5907332,1
412,1400,8932622,1
413,1400,8802007,1
414,1400,9390023,0.95
415,1400,7071002,1
416,1400,8466544,0.98
417,1400,9879368,0.92
418,1400,8198667,1
419,1400,9721268,0.91
420,1400,9771438,0.91
421,1400,8248215,1
422,1400,7326084,1
423,1400,8765142,1
424,1400,9476392,0.95
425,1400,12888211,0.99
426,1400,10503890,0.98
427,1400,7555555,1
428,1400,7744717,1
429,1400,9890859,1
430,1400,9002435,0.97
431,1400,9245860,1
432,1400,10533811,0.91
433,1400,7697623,1
434,1400,8193717,1
435,1400,10239553,0.99
436,1400,6800610,0.99
437,1400,9766071,0.99
438,1400,10787717,0.98
439,1400,7733624,1
440,1400,8368981,0.97
441,1400,10031162,0.98
442,1400,10747752,0.89
443,1400,10118027,1
444,1400,9860056,0.95
445,1400,9625124,0.97
446,1400,9749641,0.98
447,1400,9684719,0.97
448,1400,9210954,1
449,1400,9521820,0.99
450,1400,9968206,0.97
451,1400,9019374,1
452,1400,9012677,0.99
453,1400,9172758,0.98
454,1400,6453221,1
455,1400,9450310,0.99
456,1400,9636573,0.99
457,1400,9556328,0.95
458,1400,8660824,1
459,1400,10585212,0.77
460,1400,8160159,0.99
461,1400,7723394,1
462,1400,8113061,0.98
463,1400,9662931,0.98
464,1400,9240465,0.99
465,1400,7988127,1
466,1400,8286394,1
467,1400,9041630,1
468,1400,6908775,1
469,1400,10313492,0.94
470,1400,8831487,1
471,1400,9818613,0.9
472,1400,9517554,0.97
473,1400,8756718,1
474,1400,9158588,0.94
475,1400,9364529,0.97
476,1400,6399329,1
477,1400,9354004,0.98
478,1400,6430305,1
479,1400,8802230,0.91
480,1400,8939601,0.95
481,1400,9200593,1
482,1400,6598509,1
483,1400,8028362,1
484,1400,8537470,1
485,1400,5752435,1
486,1400,9106345,0.98
487,1400,9584712,0.97
488,1400,8073158,0.91
489,1400,7913525,0.98
490,1400,9630709,0.96
491,1400,10276339,0.91
492,1400,9270596,0.98
493,1400,9085187,0.98
494,1400,5763615,1
495,1400,9161899,0.9
496,1400,9722072,0.97
497,1400,9093720,0.98
498,1400,6932181,1
499,1400,9440714,0.95
500,1400,8376953,0.99
501,1400,8199865,1
502,1400,8397987,0.96
503,1400,6745568,0.99
504,1400,8214063,0.99
505,1400,7661384,0.99
506,1400,6675191,1
507,1400,8620215,0.96
508,1400,9620960,0.91
509,1400,7426076,0.98
510,1400,7540810,0.99
511,1400,9227769,0.98
512,1400,8401649,1
513,1400,7726143,1
514,1400,9833824,0.94
515,1400,1106723,0.21
516,1400,9315738,0.93
517,1400,7240915,1
518,1400,6763609,1
519,1400,9587838,0.92
520,1400,8009444,1
521,1400,9637978,0.96
522,1400,8888826,0.94
523,1400,8688358,0.92
524,1400,9754909,0.73
525,1400,9142646,0.97
526,1400,8350442,0.98
527,1400,9459247,0.91
528,1400,9446399,0.97
529,1400,6381015,1
530,1400,13056442,1
531,1400,5608270,1
532,1400,6500390,1
533,1400,10114384,0.96
534,1400,8737070,0.98
535,1400,10646017,0.94
536,1400,6428971,1
537,1400,7037438,1
538,1400,11035052,0.93
539,1400,8076239,1
540,1400,10252804,1
541,1400,10871613,0.95
542,1400,5042017,1
543,1400,10098218,0.99
544,1400,11113259,0.91
545,1400,8148438,1
546,1400,10560595,0.9
547,1400,8385911,1
548,1400,7250446,1
549,1400,10558187,0.96
550,1400,8452759,1
551,1400,8950271,1
552,1400,4694144,1
553,1400,9395362,0.99
554,1400,3464587,1
555,1400,3742012,1
556,1400,6896387,1
557,1400,6443051,1
558,1400,9603312,0.98
559,1400,10033536,0.96
560,1400,7554649,1
561,1400,8615838,0.99
562,1400,7402469,1
563,1400,9283066,0.99
564,1400,8924313,0.93
565,1400,7210733,1
566,1400,7118166,1
567,1400,9115049,0.97
568,1400,9149195,1
569,1400,10874446,0.74
570,1400,8343360,1
571,1400,7813415,0.99
572,1400,9445273,0.99
573,1400,9667014,0.99
574,1400,7576740,1
575,1400,6341820,1
576,1400,6311994,1
577,1400,4951904,1
578,1400,9500290,0.95
579,1400,8394429,1
580,1400,8445180,0.98
581,1400,9576060,0.99
582,1400,9961065,0.98
583,1400,10192869,0.91
584,1400,8198473,0.96
585,1400,8262147,1
586,1400,9271987,1
587,1400,10328680,0.95
588,1400,10106035,0.93
589,1400,10229061,0.89
590,1400,10140799,0.91
591,1400,8032983,0.99
592,1400,10196791,0.91
593,1400,8952972,0.93
594,1400,8867824,0.99
595,1400,6746278,1
596,1400,9395078,1
597,1400,9233473,0.95
598,1400,9714449,0.97
599,1400,10413084,0.93
600,1400,9807797,0.97
601,1400,8793393,1
602,1400,6804975,0.99
603,1400,6364888,1
604,1400,10341627,0.82
605,1400,9129293,1
606,1400,9818577,0.84
607,1400,9647228,0.85
608,1400,7937565,1
609,1400,8754790,0.97
610,1400,5829555,0.99
611,1400,9651502,0.91
612,1400,7418496,1
613,1400,4964173,1
614,1400,9642719,0.95
615,1400,8121282,0.98
616,1400,8893758,0.96
617,1400,8495063,1
618,1400,3574007,1
619,1400,8381955,0.98
620,1400,9900207,0.93
621,1400,4083948,1
622,1400,8668865,0.98
623,1400,9085058,0.95
624,1400,8621503,0.97
625,1400,7543047,0.97
626,1400,7274606,0.97
627,1400,10022521,0.92
628,1400,6743669,1
629,1400,9712206,0.98
630,1400,9528276,0.99
631,1400,9721332,0.95
632,1400,8912963,1
633,1400,6292358,1
634,1400,9268013,0.94
635,1400,7754776,1
636,1400,7826128,1
637,1400,8760694,0.94
638,1400,8658493,0.99
639,1400,9212914,1
640,1400,10811170,0.98
641,1400,9639103,0.98
642,1400,10905211,0.87
643,1400,10105443,0.92
644,1400,10399443,0.95
645,1400,9093334,0.99
646,1400,9996538,0.95
647,1400,8970175,1
648,1400,10425226,0.91
649,1400,8175632,1
650,1400,7057393,1
651,1400,9941867,1
652,1400,8331652,1
653,1400,9421573,1
654,1400,10336744,0.98
655,1400,10160354,0.96
656,1400,8680095,0.98
657,1400,10762077,0.9
658,1400,8130622,0.98
659,1400,8723559,1
660,1400,7754721,1
661,1400,8372874,1
662,1400,9288283,0.99
663,1400,6276622,1
664,1400,9824659,0.97
665,1400,9640095,0.92
666,1400,7343759,1
667,1400,10176033,0.96
668,1400,9672099,0.97
669,1400,9950277,0.91
670,1400,9246673,0.99
671,1400,9049039,0.99
672,1400,9368039,0.97
673,1400,10317549,0.84
674,1400,5411922,1
675,1400,9876093,0.98
676,1400,9339456,0.99
677,1400,9782478,0.91
678,1400,8207308,1
679,1400,9463413,0.96
680,1400,10136781,0.85
681,1400,9834976,0.95
682,1400,9361315,1
683,1400,9715387,0.95
684,1400,8675996,0.94
685,1400,8558613,1
686,1400,8229521,1
687,1400,7668446,1
688,1400,10241090,0.8
689,1400,8349497,1
690,1400,8742879,1
691,1400,9045968,0.97
692,1400,8172716,0.98
693,1400,8615086,0.99
694,1400,7454513,1
695,1400,8676990,0.99
696,1400,9478344,0.92
697,1400,8073041,1
698,1400,9681508,0.98
699,1400,6602506,1
700,1400,9232755,0.99
701,1400,9734439,0.96
702,1400,6610814,1
703,1400,10323956,0.85
704,1400,7662538,1
705,1400,8577077,0.99
706,1400,9268455,0.96
707,1400,7534800,1
708,1400,7741902,1
709,1400,8838718,0.94
710,1400,7979535,1
711,1400,7579074,1
712,1400,9055503,0.99
713,1400,9885610,0.96
714,1400,9011637,0.98
715,1400,8543208,1
716,1400,8718061,0.99
717,1400,9407063,0.96
718,1400,6407348,1
719,1400,9982243,0.95
720,1400,9632313,0.96
721,1400,9205139,0.85
722,1400,8275860,0.99
723,1400,8216999,1
724,1400,9310282,0.93
725,1400,6719038,0.99
726,1400,5117758,1
727,1400,6813968,1
728,1400,9855695,0.83
729,1400,8710985,1
730,1400,9762137,0.9
731,1400,7113153,1
732,1400,6010989,1
733,1400,5429499,1
734,1400,7301928,1
735,1400,9638917,0.85
736,1400,7047656,1
737,1400,8400771,0.99
738,1400,8504425,1
739,1400,8323370,1
740,1400,8349822,1
741,1400,9725526,0.88
742,1400,6799988,1
743,1400,13058296,0.77
744,1400,8328089,1
745,1400,10905427,0.88
746,1400,8314617,1
747,1400,9107702,0.98
748,1400,7031254,1
749,1400,7920920,1
750,1400,10997736,0.87
751,1400,10257031,0.98
752,1400,11011043,0.72
753,1400,9413251,0.91
754,1400,8384135,1
755,1400,9388436,0.99
756,1400,8404678,0.99
757,1400,9791269,0.96
758,1400,9728119,1
759,1400,6648583,1
760,1400,10612154,0.9
761,1400,4329091,1
762,1400,7480781,1
763,1400,10329443,0.96
764,1400,9288810,0.95
765,1400,9734633,0.97
766,1400,8204242,1
767,1400,10488185,0.93
768,1400,9235424,0.97
769,1400,8779051,0.93
770,1400,9115063,1
771,1400,7309479,1
772,1400,11181833,0.93
773,1400,6551265,1
774,1400,10154634,0.93
775,1400,5587174,1
776,1400,8345511,1
777,1400,8308414,0.99
778,1400,7547038,1
779,1400,8104359,1
780,1400,7994508,0.99
781,1400,9385728,0.91
782,1400,9757360,0.96
783,1400,10257741,0.96
784,1400,6163855,1
785,1400,7690238,0.99
786,1400,6209718,1
787,1400,6718032,1
788,1400,9453370,0.99
789,1400,10258953,0.9
790,1400,7505614,1
791,1400,8302136,0.99
792,1400,10332944,0.9
793,1400,10419628,0.86
794,1400,9489137,0.98
795,1400,9604618,0.93
796,1400,7551585,1
797,1400,9749110,0.84
798,1400,9926507,0.94
799,1400,7757987,1
800,1400,8714462,1
801,1400,8223035,0.98
802,1400,9733461,0.98
803,1400,6391342,1
804,1400,6130893,1
805,1400,9716304,0.92
806,1400,9728988,0.88
807,1400,3320909,1
808,1400,9833361,0.97
809,1400,10035590,0.9
810,1400,8854687,1
811,1400,8839444,0.99
812,1400,6701269,1
813,1400,9702014,0.98
814,1400,9755417,0.88
815,1400,9491561,0.98
816,1400,9298709,0.99
817,1400,10219876,0.86
818,1400,9022728,0.98
819,1400,9725243,0.88
820,1400,9361886,0.96
821,1400,9502041,0.98
822,1400,7093846,0.99
823,1400,9981149,0.93
824,1400,9266058,0.97
825,1400,4583737,1
826,1400,6101245,1
827,1400,8800630,1
828,1400,8316594,0.99
829,1400,9549321,0.96
830,1400,7084904,1
831,1400,6047992,1
832,1400,9814496,0.85
833,1400,9407327,0.97
834,1400,7373432,1
835,1400,5765318,1
836,1400,9090907,0.87
837,1400,6981546,1
838,1400,1049597,0.23
839,1400,9205113,0.99
840,1400,8879586,0.95
841,1400,6558106,0.99
842,1400,5596976,1
843,1400,7425604,0.99
844,1400,7461773,1
845,1400,9802621,0.92
846,1400,9071143,0.97
847,1400,5806294,1
848,1400,9376566,0.96
849,1400,8661062,0.99
850,1400,8614591,0.99
851,1400,9518220,1
852,1400,7142073,1
853,1400,10531349,0.99
854,1400,7667362,1
855,1400,8748404,0.99
856,1400,9559634,1
857,1400,9997796,0.98
858,1400,10921121,0.88
859,1400,7325785,1
860,1400,10983938,0.9
861,1400,8993053,0.98
862,1400,8712342,0.98
863,1400,10030594,0.96
864,1400,10891227,0.96
865,1400,10365023,0.74
866,1400,9864948,0.97
867,1400,9296761,0.98
868,1400,10436406,0.97
869,1400,6390576,1
870,1400,7752440,1
871,1400,10036038,0.92
872,1400,9809133,0.99
873,1400,8644307,0.99
874,1400,10381354,0.9
875,1400,9415598,0.98
876,1400,10058826,0.97
877,1400,9135318,1
878,1400,7343245,1
879,1400,8995581,0.94
880,1400,5701807,1
881,1400,10006470,0.94
882,1400,5895218,1
883,1400,8894878,1
884,1400,8367145,0.95
885,1400,9516864,0.98
886,1400,9098009,0.99
887,1400,8275873,0.96
888,1400,8368900,1
889,1400,10332413,0.99
890,1400,9989102,0.85
891,1400,9411376,1
892,1400,8614015,0.98
893,1400,10162032,0.95
894,1400,9086951,1
895,1400,8930297,1
896,1400,7490857,1
897,1400,7367116,1
898,1400,10383428,0.89
899,1400,9257514,0.96
900,1400,8364732,1
901,1400,3925459,1
902,1400,9417061,1
903,1400,9211327,0.99
904,1400,9118394,1
905,1400,6361514,1
906,1400,9452181,0.98
907,1400,7189732,1
908,1400,8468398,1
909,1400,8611664,0.99
910,1400,9376542,0.98
911,1400,6930135,1
912,1400,10050951,0.9
913,1400,9628961,0.99
914,1400,9255112,0.97
915,1400,7057782,0.99
916,1400,4084013,0.99
917,1400,5972601,1
918,1400,8893200,0.99
919,1400,8051554,1
920,1400,7065847,1
921,1400,9159017,1
922,1400,9392833,0.95
923,1400,8720157,1
924,1400,8388642,0.99
925,1400,10153360,0.91
926,1400,7044244,1
927,1400,8553613,1
928,1400,10335073,0.83
929,1400,8444206,0.92
930,1400,4446296,1
931,1400,9521163,0.91
932,1400,8673629,0.96
933,1400,9108616,0.99
934,1400,7799135,1
935,1400,10128317,0.8
936,1400,5672021,1
937,1400,9429291,0.88
938,1400,10225311,0.86
939,1400,8220408,1
940,1400,8669826,0.95
941,1400,8813939,1
942,1400,7564429,1
943,1400,9373162,0.97
944,1400,9685551,0.92
945,1400,6694938,1
946,1400,9915788,0.94
947,1400,9626810,0.92
948,1400,9585909,0.97
949,1400,10201247,0.88
950,1400,8886264,0.99
951,1400,9395366,0.95
952,1400,9241707,0.95
953,1400,6303587,1
954,1400,9378835,0.95
955,1400,8938437,0.92
956,1400,13011069,1
957,1400,7812238,0.99
958,1400,7029452,1
959,1400,8487088,1
960,1400,10991473,0.86
961,1400,7176824,1
962,1400,8542452,1
963,1400,9700995,1
964,1400,9106320,0.99
965,1400,9192281,0.99
966,1400,8318283,0.99
967,1400,9854705,0.99
968,1400,10133354,0.97
969,1400,10619382,0.91
970,1400,8568297,1
971,1400,7770321,0.99
972,1400,8009455,0.99
973,1400,10204541,0.87
974,1400,7742003,0.99
975,1400,9347884,0.97
976,1400,8057906,1
977,1400,7141913,1
978,1400,9197729,1
979,1400,5929322,1
980,1400,6477348,1
981,1400,9710267,1
982,1400,10171460,0.95
983,1400,8371432,1
984,1400,9492084,1
985,1400,9489085,0.98
986,1400,10203673,0.94
987,1400,6433438,1
988,1400,9285003,0.97
989,1400,10583157,0.85
990,1400,7548958,1
991,1400,6158859,1
992,1400,10184937,0.97
993,1400,8274678,1
994,1400,10997084,0.95
995,1400,10448763,0.92
996,1400,9460484,0.89
997,1400,6435072,1
998,1400,9240989,0.98
999,1400,10895573,0.9
0,1600,8978046,1
1,1600,10847553,0.95
2,1600,6727498,1
3,1600,9867647,0.9
4,1600,10486195,0.88
5,1600,8184749,1
6,1600,10237911,0.9
7,1600,10140563,0.97
8,1600,10405871,0.97
9,1600,8341601,1
10,1600,6548875,1
11,1600,8336927,1
12,1600,10268775,0.95
13,1600,8876250,0.89
14,1600,8937209,0.98
15,1600,10692550,0.97
16,1600,9059921,1
17,1600,8286834,1
18,1600,10750052,0.85
19,1600,10166670,0.98
20,1600,6825853,1
21,1600,9504253,1
22,1600,10231669,0.91
23,1600,6950373,1
24,1600,10748668,0.93
25,1600,9215948,1
26,1600,4140757,1
27,1600,8329068,1
28,1600,9116125,0.92
29,1600,9609731,0.99
30,1600,10164954,0.85
31,1600,10902559,0.9
32,1600,9076001,1
33,1600,10573071,0.89
34,1600,5678148,1
35,1600,7204713,1
36,1600,10242327,0.93
37,1600,7315613,1
38,1600,10087605,0.97
39,1600,10229679,0.99
40,1600,8110340,1
41,1600,10264249,0.97
42,1600,8190425,1
43,1600,10489875,0.92
44,1600,9190279,0.99
45,1600,9494777,1
46,1600,10021484,0.89
47,1600,7827827,1
48,1600,9671348,0.99
49,1600,9071323,0.99
50,1600,10339887,0.93
51,1600,8392751,1
52,1600,10446994,0.94
53,1600,6878881,1
54,1600,9081940,0.9
55,1600,7701578,1
56,1600,8751751,0.98
57,1600,9744959,0.99
58,1600,5379814,1
59,1600,5699514,1
60,1600,10312517,0.91
61,1600,8953286,0.94
62,1600,8415904,1
63,1600,8718780,1
64,1600,9654980,0.98
65,1600,9788881,0.95
66,1600,7557294,1
67,1600,9374153,1
68,1600,10266707,0.95
69,1600,8233260,1
70,1600,4944149,1
71,1600,9460818,0.94
72,1600,6224787,1
73,1600,10012031,1
74,1600,9869209,0.94
75,1600,6197923,0.99
76,1600,10121091,0.91
77,1600,9783270,0.97
78,1600,8832863,0.99
79,1600,6311532,1
80,1600,10646575,0.92
81,1600,8946038,1
82,1600,9866202,0.98
83,1600,10358277,0.97
84,1600,10212978,0.98
85,1600,9626038,0.96
86,1600,10338419,0.93
87,1600,9590889,0.99
88,1600,10726994,0.93
89,1600,6686730,1
90,1600,8701567,0.99
91,1600,6523117,1
92,1600,9577478,0.97
93,1600,9427689,1
94,1600,10273656,0.83
95,1600,10811877,0.92
96,1600,8626360,0.99
97,1600,10036187,0.91
98,1600,10417310,0.97
99,1600,9932401,0.94
100,1600,9952670,0.93
101,1600,7068805,0.99
102,1600,5732035,1
103,1600,5520001,1
104,1600,9282926,0.79
105,1600,4462108,1
106,1600,9028418,0.99
107,1600,7311464,1
108,1600,8884610,1
109,1600,10466857,0.93
110,1600,8796942,1
111,1600,9866877,0.97
112,1600,11275842,0.97
113,1600,8998732,1
114,1600,9707538,0.99
115,1600,10207854,0.98
116,1600,9087109,0.99
117,1600,10600272,0.91
118,1600,10582883,0.82
119,1600,9913582,0.93
120,1600,10019059,0.96
121,1600,9259049,0.96
122,1600,6835971,1
123,1600,6324100,1
124,1600,5977828,1
125,1600,5939876,1
126,1600,8020378,0.97
127,1600,10963632,0.83
128,1600,9062899,0.99
129,1600,10547345,0.98
130,1600,9817122,1
131,1600,9535160,1
132,1600,10490936,0.94
133,1600,8493207,1
134,1600,9363471,0.98
135,1600,10499064,0.92
136,1600,9833985,0.9
137,1600,10465925,0.97
138,1600,6158507,1
139,1600,9902519,0.99
140,1600,6649419,1
141,1600,9949665,0.99
142,1600,9850682,1
143,1600,8504865,0.99
144,1600,7784288,1
145,1600,9762793,0.88
146,1600,5536880,1
147,1600,9385095,1
148,1600,8319042,1
149,1600,9596839,0.93
150,1600,7610891,1
151,1600,9031407,0.99
152,1600,9716259,1
153,1600,7923743,0.99
154,1600,10429742,0.92
155,1600,9159432,0.95
156,1600,7080731,1
157,1600,9859851,0.97
158,1600,5338118,1
159,1600,9822638,0.98
160,1600,10058260,0.94
161,1600,4614915,1
162,1600,9444164,0.99
163,1600,7866289,0.99
164,1600,9358703,0.99
165,1600,10107722,0.96
166,1600,10603121,0.89
167,1600,9877722,0.85
168,1600,8513780,1
169,1600,10372363,0.88
170,1600,8791618,0.99
171,1600,8825959,1
172,1600,10023639,0.97
173,1600,8510278,0.99
174,1600,9710022,0.95
175,1600,10460910,0.94
176,1600,9124683,1
177,1600,8882560,1
178,1600,9597254,0.97
179,1600,6014365,1
180,1600,6832064,1
181,1600,8296726,1
182,1600,9767011,0.84
183,1600,9523797,0.95
184,1600,5710465,1
185,1600,7134570,1
186,1600,7506477,1
187,1600,6927804,1
188,1600,10540121,0.87
189,1600,10588515,0.92
190,1600,10413574,0.99
191,1600,8841808,0.99
192,1600,6727957,1
193,1600,10425864,0.99
194,1600,7998246,1
195,1600,7335805,0.99
196,1600,8044838,1
197,1600,7362514,1
198,1600,9883157,0.96
199,1600,10280825,0.93
200,1600,9356006,1
201,1600,7596997,0.99
202,1600,8270740,1
203,1600,5361271,1
204,1600,6840086,1
205,1600,9894065,0.99
206,1600,10216990,0.98
207,1600,7330942,1
208,1600,8288093,1
209,1600,8990765,0.96
210,1600,8931546,0.99
211,1600,7470951,1
212,1600,8334826,1
213,1600,6476962,1
214,1600,10089867,0.94
215,1600,9004340,0.99
216,1600,5638712,1
217,1600,7204201,1
218,1600,6333096,1
219,1600,10113124,0.91
220,1600,9812447,0.98
221,1600,10710888,0.84
222,1600,10612585,0.83
223,1600,7148348,1
224,1600,9041471,1
225,1600,9812604,0.98
226,1600,6478996,1
227,1600,8327418,0.98
228,1600,10637035,0.96
229,1600,6780551,1
230,1600,5633334,1
231,1600,6104814,1
232,1600,8844508,0.95
233,1600,9878856,0.95
234,1600,10531519,0.85
235,1600,10362445,0.92
236,1600,6581962,0.99
237,1600,10213232,0.94
238,1600,10198245,0.97
239,1600,4198879,0.99
240,1600,9453378,1
241,1600,9749642,0.96
242,1600,7602565,0.99
243,1600,10247226,0.98
244,1600,10118487,0.92
245,1600,9479030,0.99
246,1600,8126112,0.99
247,1600,10170414,0.99
248,1600,10036457,0.98
249,1600,9612788,1
250,1600,6026039,1
251,1600,10547736,0.89
252,1600,10529308,0.74
253,1600,8314124,0.99
254,1600,8566769,0.99
255,1600,6676810,1
256,1600,8027483,1
257,1600,10376108,0.92
258,1600,9017572,1
259,1600,10481491,0.99
260,1600,8184613,0.99
261,1600,6620853,1
262,1600,10311096,0.97
263,1600,9845629,0.97
264,1600,10905381,0.93
265,1600,7655531,0.99
266,1600,6078054,1
267,1600,9021595,1
268,1600,6100124,1
269,1600,9780294,0.98
270,1600,9654278,0.98
271,1600,8803952,0.99
272,1600,10139492,0.96
273,1600,5586090,1
274,1600,9165810,0.99
275,1600,5868605,1
276,1600,10593558,0.74
277,1600,8958331,1
278,1600,8749403,1
279,1600,6145661,1
280,1600,7807780,0.99
281,1600,9942850,0.99
282,1600,10118365,0.96
283,1600,8798917,0.98
284,1600,10315967,0.9
285,1600,9598229,0.98
286,1600,9341717,1
287,1600,9308527,0.99
288,1600,9418325,0.98
289,1600,10030186,0.95
290,1600,8494663,0.99
291,1600,9608973,0.94
292,1600,10286054,0.98
293,1600,10580786,0.85
294,1600,7975046,0.99
295,1600,8160199,1
296,1600,10413436,0.97
297,1600,7004263,1
298,1600,7684589,1
299,1600,9603607,0.9
300,1600,8510701,0.97
301,1600,10387215,0.85
302,1600,8515637,1
303,1600,6673295,1
304,1600,10489553,0.98
305,1600,8066697,0.94
306,1600,8572867,1
307,1600,10084875,0.98
308,1600,9664171,0.98
309,1600,10464324,0.94
310,1600,5068495,1
311,1600,9831548,1
312,1600,9643127,0.98
313,1600,8931831,0.99
314,1600,10008727,0.93
315,1600,9999988,0.92
316,1600,10507593,0.91
317,1600,10723501,0.84
318,1600,6254242,0.99
319,1600,8970568,0.98
320,1600,12721184,0.98
321,1600,6629633,1
322,1600,7854004,0.99
323,1600,6059974,1
324,1600,10671879,0.91
325,1600,9859571,0.97
326,1600,6590285,1
327,1600,10109397,0.94
328,1600,6857790,1
329,1600,10222354,0.97
330,1600,8507786,1
331,1600,8198730,0.99
332,1600,10171272,0.96
333,1600,8150279,1
334,1600,10358911,0.98
335,1600,8913956,0.97
336,1600,9370629,0.97
337,1600,6149516,1
338,1600,10752591,0.88
339,1600,9668714,1
340,1600,10899769,0.85
341,1600,10753986,0.91
342,1600,9777208,0.98
343,1600,9918778,0.93
344,1600,8045141,1
345,1600,7026708,1
346,1600,9768117,1
347,1600,9438693,1
348,1600,8109320,1
349,1600,10540301,0.99
350,1600,8613475,1
351,1600,4569282,1
352,1600,7567442,1
353,1600,6641692,1
354,1600,8459563,0.98
355,1600,7381686,1
356,1600,9541221,0.99
357,1600,10316774,0.95
358,1600,9614485,0.97
359,1600,7755659,1
360,1600,9047808,0.99
361,1600,4306903,1
362,1600,5230263,1
363,1600,9797858,0.91
364,1600,9332208,0.99
365,1600,9555380,0.96
366,1600,7283277,1
367,1600,3868168,1
368,1600,9520053,0.94
369,1600,5128388,1
370,1600,8099458,1
371,1600,9768061,1
372,1600,10008702,0.94
373,1600,10674975,0.89
374,1600,10138743,0.93
375,1600,8090854,0.96
376,1600,9077410,0.99
377,1600,9988320,0.98
378,1600,6902141,1
379,1600,9687199,0.95
380,1600,9344694,0.96
381,1600,9942991,0.98
382,1600,9764196,0.96
383,1600,9867655,0.95
384,1600,8839959,0.97
385,1600,10159791,0.96
386,1600,10299968,0.95
387,1600,10591954,0.92
388,1600,10959459,0.88
389,1600,5003152,1
390,1600,9355610,1
391,1600,10097783,0.97
392,1600,8685642,0.98
393,1600,10406887,0.92
394,1600,8485436,0.99
395,1600,9426964,0.98
396,1600,6883858,1
397,1600,7136823,1
398,1600,8617654,0.99
399,1600,10173242,0.91
400,1600,9873206,1
401,1600,9410788,1
402,1600,7039020,0.99
403,1600,9572754,0.99
404,1600,5203372,1
405,1600,10260367,0.89
406,1600,10685855,0.86
407,1600,10061683,0.96
408,1600,9658327,0.96
409,1600,8844095,0.95
410,1600,8575837,1
411,1600,6337280,1
412,1600,9670167,1
413,1600,9292205,1
414,1600,10111334,0.96
415,1600,7333590,1
416,1600,9191365,0.98
417,1600,10784722,0.92
418,1600,8753077,1
419,1600,10604133,0.94
420,1600,10655396,0.92
421,1600,9050645,1
422,1600,7973423,1
423,1600,9101040,1
424,1600,10503168,0.98
425,1600,9741765,0.99
426,1600,9959970,0.99
427,1600,7319209,1
428,1600,7226750,1
429,1600,9417291,1
430,1600,8677533,0.97
431,1600,8586678,1
432,1600,10170749,0.94
433,1600,7307851,1
434,1600,8101433,1
435,1600,10010990,0.99
436,1600,6436201,1
437,1600,9580201,0.99
438,1600,10178823,0.98
439,1600,7549737,1
440,1600,8395052,0.98
441,1600,9694839,0.99
442,1600,10468864,0.92
443,1600,10060658,1
444,1600,9959334,0.95
445,1600,9378135,0.97
446,1600,10055030,0.98
447,1600,9718476,0.99
448,1600,9276215,1
449,1600,9928036,0.99
450,1600,10298911,0.98
451,1600,8883548,1
452,1600,9186559,1
453,1600,9354710,0.98
454,1600,6326492,1
455,1600,9656962,0.99
456,1600,9870893,0.99
457,1600,9752160,0.97
458,1600,8459310,1
459,1600,10560669,0.84
460,1600,8217686,0.99
461,1600,7674420,1
462,1600,8513124,0.98
463,1600,10010282,0.98
464,1600,9653163,0.99
465,1600,7868490,1
466,1600,8441118,1
467,1600,9377749,1
468,1600,6929589,1
469,1600,10352774,0.96
470,1600,8950181,1
471,1600,10120139,0.9
472,1600,9507025,0.98
473,1600,9332514,1
474,1600,9662366,0.94
475,1600,9672700,0.97
476,1600,6659653,1
477,1600,9785910,0.98
478,1600,6734743,1
479,1600,9346348,0.93
480,1600,9220351,0.95
481,1600,9474523,1
482,1600,6623738,1
483,1600,8255986,1
484,1600,8941606,1
485,1600,5976552,1
486,1600,9445062,0.99
487,1600,9617521,0.98
488,1600,8653345,0.94
489,1600,8510532,0.98
490,1600,10203866,0.97
491,1600,10820968,0.92
492,1600,9829375,1
493,1600,9575543,0.99
494,1600,6002775,1
495,1600,9678937,0.9
496,1600,10579773,0.97
497,1600,9678415,0.99
498,1600,7173896,1
499,1600,10034475,0.95
500,1600,8614521,0.99
501,1600,8605277,1
502,1600,8634846,0.97
503,1600,6963693,1
504,1600,8410159,0.99
505,1600,8321242,1
506,1600,7145158,1
507,1600,9289648,0.96
508,1600,10049238,0.91
509,1600,7794802,0.99
510,1600,7992932,0.99
511,1600,10062267,0.98
512,1600,9137801,1
513,1600,7969602,1
514,1600,10629786,0.94
515,1600,1147879,0.24
516,1600,10094116,0.94
517,1600,7486085,1
518,1600,7169569,1
519,1600,10100841,0.92
520,1600,8181420,1
521,1600,10432333,0.97
522,1600,9527416,0.94
523,1600,9378814,0.92
524,1600,10519721,0.76
525,1600,10052182,0.98
526,1600,10175482,0.98
527,1600,10808971,0.92
528,1600,10464152,0.97
529,1600,6874514,1
530,1600,10239117,1
531,1600,5510761,1
532,1600,6666777,1
533,1600,10258415,0.98
534,1600,8806638,0.98
535,1600,10540941,0.95
536,1600,6573215,1
537,1600,6587285,1
538,1600,10768503,0.95
539,1600,8253036,1
540,1600,10402675,1
541,1600,10383312,0.95
542,1600,5055815,1
543,1600,9946656,0.99
544,1600,10794697,0.91
545,1600,8342947,1
546,1600,10477952,0.93
547,1600,8647502,1
548,1600,6699871,1
549,1600,10367570,0.97
550,1600,8622045,0.99
551,1600,9070882,1
552,1600,4725131,1
553,1600,9527732,0.99
554,1600,3538080,1
555,1600,3950528,1
556,1600,7225163,1
557,1600,6753834,1
558,1600,9866658,0.99
559,1600,10389014,0.96
560,1600,7826965,1
561,1600,9062464,0.99
562,1600,7671197,1
563,1600,9754768,1
564,1600,9494420,0.93
565,1600,7617384,1
566,1600,7727942,1
567,1600,9768051,0.97
568,1600,9238657,1
569,1600,11143850,0.78
570,1600,9010227,1
571,1600,8383905,1
572,1600,9784244,0.99
573,1600,10193015,0.99
574,1600,7593174,1
575,1600,6566963,1
576,1600,6823853,1
577,1600,5204547,1
578,1600,10146000,0.96
579,1600,8646057,1
580,1600,9023300,0.98
581,1600,10075190,1
582,1600,10501963,0.98
583,1600,10534325,0.91
584,1600,8752599,0.96
585,1600,8569628,1
586,1600,9870073,1
587,1600,10256705,0.96
588,1600,10577152,0.95
589,1600,10797489,0.89
590,1600,10872510,0.94
591,1600,8786232,0.99
592,1600,10823092,0.91
593,1600,9651957,0.95
594,1600,9389376,0.99
595,1600,7191098,1
596,1600,9674774,1
597,1600,9650164,0.96
598,1600,10201496,0.98
599,1600,10445591,0.94
600,1600,10293462,0.97
601,1600,9196888,1
602,1600,7159002,1
603,1600,6804847,1
604,1600,10870664,0.84
605,1600,8841951,1
606,1600,10568813,0.85
607,1600,10095255,0.89
608,1600,8365408,1
609,1600,9392376,0.99
610,1600,6239797,1
611,1600,10239915,0.95
612,1600,7928782,1
613,1600,5307210,1
614,1600,10186082,0.95
615,1600,8752638,0.99
616,1600,9580927,0.98
617,1600,9222614,1
618,1600,3840554,1
619,1600,9183060,0.98
620,1600,10513137,0.95
621,1600,4409595,1
622,1600,9245298,0.98
623,1600,9539022,0.95
624,1600,9149715,0.98
625,1600,8104578,0.97
626,1600,7827005,0.97
627,1600,10618850,0.92
628,1600,7276325,1
629,1600,10561922,0.98
630,1600,13764386,0.99
631,1600,12898091,0.95
632,1600,11778887,1
633,1600,7906311,1
634,1600,11427780,0.95
635,1600,9602539,1
636,1600,9697727,1
637,1600,11441056,0.95
638,1600,10609898,0.99
639,1600,6936148,1
640,1600,12092709,0.98
641,1600,10956822,0.98
642,1600,12557069,0.91
643,1600,10855216,0.93
644,1600,11685153,0.95
645,1600,9776357,0.99
646,1600,11176098,0.95
647,1600,9695878,1
648,1600,11361017,0.93
649,1600,8754579,1
650,1600,7335215,1
651,1600,10800295,1
652,1600,8964951,1
653,1600,10197955,1
654,1600,11134450,0.99
655,1600,11009665,0.98
656,1600,9497415,0.98
657,1600,11870363,0.91
658,1600,8872380,1
659,1600,9410852,1
660,1600,8486480,1
661,1600,9082049,1
662,1600,9953761,0.99
663,1600,6687051,1
664,1600,10523803,0.97
665,1600,10348949,0.94
666,1600,7867608,1
667,1600,11015076,0.96
668,1600,10400955,0.98
669,1600,10912278,0.93
670,1600,10106947,0.99
671,1600,9890558,0.99
672,1600,10018327,0.99
673,1600,11229987,0.89
674,1600,5843710,1
675,1600,10879790,0.98
676,1600,10008070,0.99
677,1600,10648840,0.93
678,1600,8630910,1
679,1600,10475098,0.96
680,1600,10953631,0.88
681,1600,10776970,0.96
682,1600,10072843,1
683,1600,10414258,0.95
684,1600,9371427,0.94
685,1600,9264107,1
686,1600,8944311,1
687,1600,8192960,1
688,1600,11108334,0.85
689,1600,9155815,1
690,1600,9619482,1
691,1600,9920302,0.98
692,1600,8752941,0.98
693,1600,9260428,0.99
694,1600,8080514,1
695,1600,9172221,1
696,1600,10427449,0.94
697,1600,8772604,1
698,1600,10644266,0.99
699,1600,7160595,1
700,1600,10147938,0.99
701,1600,10580016,0.96
702,1600,7305883,1
703,1600,11243519,0.86
704,1600,8357469,1
705,1600,9421812,0.99
706,1600,10082249,0.97
707,1600,8173589,1
708,1600,8327155,1
709,1600,9718780,0.95
710,1600,8805384,1
711,1600,8174786,1
712,1600,9941351,0.99
713,1600,10653785,0.97
714,1600,9907273,0.99
715,1600,9283894,1
716,1600,9173584,0.99
717,1600,10365478,0.97
718,1600,6804386,1
719,1600,10720720,0.97
720,1600,10625987,0.96
721,1600,10180078,0.86
722,1600,9163769,0.99
723,1600,9010120,1
724,1600,14620701,0.95
725,1600,8564507,0.99
726,1600,6199088,1
727,1600,8289437,1
728,1600,13328806,0.85
729,1600,11158025,1
730,1600,12398844,0.94
731,1600,8801911,1
732,1600,6941917,1
733,1600,6776649,1
734,1600,8703551,1
735,1600,12490198,0.88
736,1600,8779749,1
737,1600,10437314,0.99
738,1600,10579502,1
739,1600,10074161,1
740,1600,10648448,1
741,1600,12088968,0.88
742,1600,8043839,1
743,1600,11856133,0.78
744,1600,8761753,1
745,1600,11687319,0.91
746,1600,8514836,1
747,1600,9598789,0.98
748,1600,7497174,1
749,1600,8508407,1
750,1600,11835866,0.87
751,1600,10808565,0.98
752,1600,11754256,0.79
753,1600,10501846,0.91
754,1600,9039382,1
755,1600,10121219,0.99
756,1600,9600545,0.99
757,1600,11023466,0.97
758,1600,10978822,1
759,1600,7550633,1
760,1600,11549767,0.92
761,1600,4728964,1
762,1600,7952550,1
763,1600,11080809,0.98
764,1600,10073505,0.95
765,1600,10600767,0.97
766,1600,8630725,1
767,1600,11312145,0.94
768,1600,10163168,0.97
769,1600,9571769,0.93
770,1600,9865864,1
771,1600,7935539,1
772,1600,11867900,0.93
773,1600,6802555,1
774,1600,10863391,0.93
775,1600,5954407,1
776,1600,8941766,1
777,1600,8997618,0.99
778,1600,8138386,1
779,1600,8805619,1
780,1600,8612460,0.99
781,1600,10162590,0.91
782,1600,10590390,0.97
783,1600,11065029,0.96
784,1600,6570381,1
785,1600,8295226,0.99
786,1600,6638803,1
787,1600,7516143,1
788,1600,10139394,0.99
789,1600,11179481,0.91
790,1600,8102116,1
791,1600,8998471,0.99
792,1600,11224012,0.92
793,1600,11259376,0.88
794,1600,10160433,0.98
795,1600,10425912,0.93
796,1600,8408492,1
797,1600,10528251,0.85
798,1600,10771146,0.96
799,1600,8373360,1
800,1600,9480540,1
801,1600,8815243,0.99
802,1600,10642173,0.98
803,1600,7112495,1
804,1600,6489931,1
805,1600,10697501,0.96
806,1600,10680900,0.9
807,1600,3738999,1
808,1600,10619378,0.98
809,1600,10894307,0.91
810,1600,9415641,1
811,1600,9687206,0.99
812,1600,7314217,1
813,1600,10594329,0.98
814,1600,10758527,0.92
815,1600,10442265,0.98
816,1600,10240902,0.99
817,1600,11144286,0.89
818,1600,9925961,0.98
819,1600,14074589,0.89
820,1600,12165326,0.96
821,1600,12192385,0.98
822,1600,8797877,1
823,1600,12618471,0.95
824,1600,11751634,0.97
825,1600,5937806,1
826,1600,8057418,1
827,1600,10533504,1
828,1600,10619289,0.99
829,1600,11954888,0.97
830,1600,8895520,1
831,1600,7689938,1
832,1600,11857187,0.86
833,1600,11386412,0.97
834,1600,9292271,1
835,1600,7190634,1
836,1600,11251001,0.89
837,1600,8269893,1
838,1600,1441510,0.22
839,1600,10923155,0.99
840,1600,10499549,0.97
841,1600,7764606,0.99
842,1600,6735664,1
843,1600,8784271,1
844,1600,8786371,1
845,1600,11649448,0.92
846,1600,10683627,0.99
847,1600,7004413,1
848,1600,11187765,0.97
849,1600,10170515,0.99
850,1600,10077426,0.99
851,1600,6993460,1
852,1600,7292529,1
853,1600,10583128,0.99
854,1600,7875754,1
855,1600,8952211,0.99
856,1600,9914699,1
857,1600,10333184,0.98
858,1600,11425613,0.94
859,1600,7689996,1
860,1600,11250702,0.94
861,1600,9523007,0.99
862,1600,9011228,0.98
863,1600,10709643,0.97
864,1600,11440409,0.98
865,1600,11178070,0.78
866,1600,10587095,0.98
867,1600,9906799,0.98
868,1600,10972988,0.97
869,1600,6614560,1
870,1600,8301034,1
871,1600,10676017,0.93
872,1600,10201386,0.99
873,1600,9260176,0.99
874,1600,11074793,0.93
875,1600,10118063,0.99
876,1600,10708534,0.98
877,1600,9584612,1
878,1600,7756444,1
879,1600,9630977,0.96
880,1600,6060549,1
881,1600,10654803,0.95
882,1600,6306594,1
883,1600,9413589,1
884,1600,9108453,0.97
885,1600,10156195,0.99
886,1600,9659525,0.99
887,1600,8876901,0.97
888,1600,8869800,1
889,1600,11262676,0.99
890,1600,10750473,0.86
891,1600,10039820,1
892,1600,9206074,0.98
893,1600,10845922,0.96
894,1600,9814333,1
895,1600,9760917,1
896,1600,8155723,1
897,1600,7993225,1
898,1600,11045753,0.91
899,1600,10044645,0.96
900,1600,9024269,1
901,1600,4223809,1
902,1600,10225950,1
903,1600,10074679,0.99
904,1600,9948626,1
905,1600,6755770,1
906,1600,10256302,0.98
907,1600,8061287,1
908,1600,9171113,1
909,1600,9350021,0.99
910,1600,10425638,0.99
911,1600,7897333,1
912,1600,10936355,0.9
913,1600,10466059,0.99
914,1600,10100055,0.97
915,1600,7741373,0.99
916,1600,8088265,0.99
917,1600,7466331,1
918,1600,11363507,0.99
919,1600,9887333,1
920,1600,8842405,1
921,1600,11364121,1
922,1600,11629899,0.97
923,1600,10874128,1
924,1600,9986249,1
925,1600,12594986,0.92
926,1600,8438017,1
927,1600,11039008,1
928,1600,12674421,0.87
929,1600,10880050,0.93
930,1600,5320916,1
931,1600,11737021,0.94
932,1600,10619499,0.96
933,1600,10924974,1
934,1600,9381231,1
935,1600,11843845,0.81
936,1600,6720289,1
937,1600,11296376,0.88
938,1600,12043809,0.89
939,1600,10006616,1
940,1600,10209348,0.95
941,1600,10495107,1
942,1600,8851906,1
943,1600,11199487,0.98
944,1600,11159567,0.92
945,1600,8142096,1
946,1600,11691693,0.95
947,1600,11025126,0.93
948,1600,11095960,0.98
949,1600,11911542,0.89
950,1600,10899055,0.99
951,1600,11060189,0.96
952,1600,10857930,0.96
953,1600,7530220,1
954,1600,10917522,0.96
955,1600,10401527,0.93
956,1600,9611931,1
957,1600,8045763,0.99
958,1600,7132838,1
959,1600,8576890,1
960,1600,10489287,0.9
961,1600,7488397,1
962,1600,8297404,1
963,1600,10248809,0.99
964,1600,9407403,0.99
965,1600,9392168,0.99
966,1600,8794503,1
967,1600,10128764,0.99
968,1600,10394207,0.97
969,1600,11009809,0.91
970,1600,8925173,1
971,1600,8179248,0.99
972,1600,8415430,0.99
973,1600,11065683,0.89
974,1600,8297038,0.99
975,1600,9991987,0.99
976,1600,8693984,1
977,1600,7886469,1
978,1600,9489490,1
979,1600,6456577,1
980,1600,6878258,1
981,1600,10065672,1
982,1600,10589863,0.95
983,1600,9179177,1
984,1600,9846105,1
985,1600,9989822,0.99
986,1600,10811807,0.94
987,1600,6992350,1
988,1600,9926660,0.98
989,1600,10986986,0.88
990,1600,8037819,1
991,1600,6527436,1
992,1600,10801492,0.97
993,1600,8997444,1
994,1600,11541869,0.95
995,1600,11284339,0.92
996,1600,9753358,0.95
997,1600,6930161,1
998,1600,9805601,0.99
999,1600,11581110,0.91
0,2000,10912881,1
1,2000,13275167,0.96
2,2000,8129537,1
3,2000,12134619,0.95
4,2000,12889831,0.93
5,2000,9924701,1
6,2000,12536493,0.93
7,2000,12355122,0.99
8,2000,12674420,0.98
9,2000,8581554,1
10,2000,7955404,1
11,2000,10235350,1
12,2000,12441937,0.98
13,2000,10800409,0.92
14,2000,10793941,0.99
15,2000,13066043,0.97
16,2000,11074457,1
17,2000,9952759,1
18,2000,13144473,0.87
19,2000,12477669,0.98
20,2000,8238183,1
21,2000,11611620,1
22,2000,12566345,0.94
23,2000,8516609,1
24,2000,13205993,0.94
25,2000,11201175,1
26,2000,5096362,1
27,2000,10233101,1
28,2000,11117475,0.93
29,2000,11782463,1
30,2000,12368757,0.88
31,2000,13361325,0.96
32,2000,11099356,1
33,2000,12959245,0.89
34,2000,6887317,1
35,2000,8676116,1
36,2000,12576239,0.95
37,2000,8892096,1
38,2000,12334238,0.98
39,2000,15233615,0.99
40,2000,10111345,1
41,2000,12455318,0.99
42,2000,9863792,1
43,2000,12893933,0.93
44,2000,11282648,0.99
45,2000,11737703,1
46,2000,12379841,0.91
47,2000,9515947,1
48,2000,11772625,1
49,2000,11124783,0.99
50,2000,12740812,0.93
51,2000,10287032,1
52,2000,12705576,0.95
53,2000,8283511,1
54,2000,11074698,0.92
55,2000,9383681,1
56,2000,10725620,1
57,2000,11978615,1
58,2000,6511122,1
59,2000,7154467,1
60,2000,12698842,0.94
61,2000,10922311,0.97
62,2000,10302750,1
63,2000,10500186,1
64,2000,11415681,0.99
65,2000,12005090,0.97
66,2000,9214418,1
67,2000,11466743,1
68,2000,12510541,0.97
69,2000,9978560,1
70,2000,6052661,1
71,2000,11519980,0.97
72,2000,7485881,1
73,2000,12244632,1
74,2000,12048195,0.95
75,2000,7548380,0.99
76,2000,12503462,0.95
77,2000,11983568,0.97
78,2000,10790816,1
79,2000,7617294,1
80,2000,13058286,0.96
81,2000,10903593,1
82,2000,12150990,0.99
83,2000,12688295,0.97
84,2000,12449519,1
85,2000,11772145,0.96
86,2000,12544865,0.94
87,2000,11595641,0.99
88,2000,13220333,0.97
89,2000,8025704,1
90,2000,10578385,0.99
91,2000,7869160,1
92,2000,11628420,0.97
93,2000,11517117,1
94,2000,12669334,0.88
95,2000,13299755,0.93
96,2000,10476495,0.99
97,2000,12372218,0.93
98,2000,12727046,0.97
99,2000,12274742,0.96
100,2000,12200688,0.95
101,2000,8513611,1
102,2000,6916133,1
103,2000,6596815,1
104,2000,11279558,0.83
105,2000,5377230,1
106,2000,11006389,0.99
107,2000,8790873,1
108,2000,10840506,1
109,2000,12803333,0.96
110,2000,10636772,1
111,2000,12058384,0.97
112,2000,12391041,0.98
113,2000,10932133,1
114,2000,11974963,0.99
115,2000,12466405,0.99
116,2000,11108370,1
117,2000,12941978,0.94
118,2000,13035783,0.85
119,2000,12136674,0.94
120,2000,12253225,0.97
121,2000,11326012,0.96
122,2000,8228552,1
123,2000,7731658,1
124,2000,7535056,1
125,2000,7082311,1
126,2000,9814742,0.98
127,2000,13471651,0.89
128,2000,11122249,0.99
129,2000,13026455,0.99
130,2000,11940342,1
131,2000,11670099,1
132,2000,12845953,0.94
133,2000,10417890,1
134,2000,11452396,1
135,2000,12880594,0.93
136,2000,12032022,0.92
137,2000,12826642,0.99
138,2000,7406293,1
139,2000,12069557,0.99
140,2000,8177341,1
141,2000,12163856,0.99
142,2000,12009609,1
143,2000,10374586,0.99
144,2000,9665255,1
145,2000,12021168,0.9
146,2000,6738826,1
147,2000,11426531,1
148,2000,10112406,1
149,2000,11795443,0.93
150,2000,9187719,1
151,2000,11009341,0.99
152,2000,11941886,1
153,2000,9618319,0.99
154,2000,12825601,0.95
155,2000,11152646,0.97
156,2000,8467598,1
157,2000,12050434,0.98
158,2000,6475893,1
159,2000,12018158,0.99
160,2000,12331635,0.94
161,2000,5525271,1
162,2000,11518823,0.99
163,2000,9421695,0.99
164,2000,11355366,0.99
165,2000,12375791,0.97
166,2000,12968390,0.9
167,2000,12059326,0.93
168,2000,10390938,1
169,2000,12714155,0.9
170,2000,10720941,1
171,2000,10783132,1
172,2000,12357874,0.97
173,2000,10426891,1
174,2000,11886795,0.98
175,2000,12817556,0.95
176,2000,11208106,1
177,2000,10770880,1
178,2000,11700042,0.98
179,2000,7257543,1
180,2000,8289836,1
181,2000,10051983,1
182,2000,12008224,0.89
183,2000,11614535,0.95
184,2000,6887256,1
185,2000,8615584,1
186,2000,9082985,1
187,2000,8443692,1
188,2000,12953918,0.88
189,2000,12983166,0.93
190,2000,12787676,0.99
191,2000,10886389,0.99
192,2000,8212049,1
193,2000,12722626,0.99
194,2000,9832877,1
195,2000,8952858,0.99
196,2000,9869395,1
197,2000,9135602,1
198,2000,12155822,0.97
199,2000,12604472,0.95
200,2000,11577812,1
201,2000,9147012,0.99
202,2000,10024423,1
203,2000,6598283,1
204,2000,8287447,1
205,2000,12084175,1
206,2000,12639674,0.99
207,2000,8922388,1
208,2000,10170202,1
209,2000,10984809,0.97
210,2000,12352458,1
211,2000,9275563,1
212,2000,10362692,1
213,2000,8004557,1
214,2000,12979692,0.94
215,2000,11417815,0.99
216,2000,6901635,1
217,2000,7588426,1
218,2000,8108964,1
219,2000,12744830,0.93
220,2000,12561462,0.98
221,2000,13435090,0.91
222,2000,13427633,0.84
223,2000,8767744,1
224,2000,11525086,1
225,2000,12352460,0.99
226,2000,8079770,1
227,2000,10421103,0.98
228,2000,13360955,0.97
229,2000,8337184,1
230,2000,7095184,1
231,2000,7608729,1
232,2000,11109403,0.95
233,2000,12433689,0.99
234,2000,13164358,0.87
235,2000,12816289,0.94
236,2000,8329674,0.99
237,2000,12800280,0.95
238,2000,12827794,0.98
239,2000,5093384,1
240,2000,11846151,1
241,2000,12088526,0.97
242,2000,9450461,0.99
243,2000,12800687,0.98
244,2000,12788590,0.94
245,2000,11661339,1
246,2000,10067679,0.99
247,2000,12600326,1
248,2000,12503439,0.99
249,2000,11927559,1
250,2000,7237476,1
251,2000,13113094,0.91
252,2000,13139632,0.79
253,2000,10115616,0.99
254,2000,10685094,1
255,2000,8261107,1
256,2000,9992238,1
257,2000,12751583,0.94
258,2000,11101609,1
259,2000,12951742,0.99
260,2000,10150356,0.99
261,2000,8198719,1
262,2000,12769783,0.98
263,2000,12206840,0.98
264,2000,13400529,0.95
265,2000,9429575,0.99
266,2000,7449134,1
267,2000,11145630,1
268,2000,7413975,1
269,2000,12043602,0.98
270,2000,11847413,0.99
271,2000,10809416,1
272,2000,12604010,0.97
273,2000,6747667,1
274,2000,11255363,1
275,2000,7270982,1
276,2000,13100499,0.77
277,2000,10978182,1
278,2000,10897145,1
279,2000,7467427,1
280,2000,9643913,1
281,2000,12322400,1
282,2000,12367806,0.97
283,2000,10755858,0.98
284,2000,12696840,0.95
285,2000,11941188,0.98
286,2000,11505529,1
287,2000,11596981,0.99
288,2000,11467682,0.98
289,2000,12368477,0.95
290,2000,10405400,1
291,2000,11911882,0.96
292,2000,12737741,0.99
293,2000,13092298,0.88
294,2000,14720146,1
295,2000,11308540,1
296,2000,15326531,0.97
297,2000,9588508,1
298,2000,10474899,1
299,2000,13623458,0.92
300,2000,12996564,0.97
301,2000,15213584,0.87
302,2000,12158757,1
303,2000,9046536,1
304,2000,14395854,1
305,2000,10445983,0.95
306,2000,11976273,1
307,2000,14293373,0.99
308,2000,13402223,0.98
309,2000,14571097,0.95
310,2000,6916633,1
311,2000,13147599,1
312,2000,13722037,0.98
313,2000,12264434,1
314,2000,13598822,0.93
315,2000,13189699,0.94
316,2000,14408280,0.92
317,2000,14756791,0.87
318,2000,8122219,0.99
319,2000,11741797,0.98
320,2000,12930735,0.99
321,2000,8495659,1
322,2000,9887120,0.99
323,2000,7739820,1
324,2000,14293370,0.93
325,2000,12559438,0.97
326,2000,8530963,1
327,2000,13413087,0.96
328,2000,9354147,1
329,2000,13261871,0.98
330,2000,10838429,1
331,2000,10706860,1
332,2000,13353259,0.99
333,2000,10464097,1
334,2000,13638552,1
335,2000,11945734,0.97
336,2000,12449724,0.97
337,2000,8173956,1
338,2000,14016158,0.9
339,2000,12293020,1
340,2000,14209843,0.88
341,2000,13987117,0.92
342,2000,12283362,0.99
343,2000,12543315,0.96
344,2000,10162653,1
345,2000,9160389,1
346,2000,12523296,1
347,2000,12130727,1
348,2000,10526592,1
349,2000,13288476,1
350,2000,11098910,1
351,2000,5691128,1
352,2000,9590485,1
353,2000,8193068,1
354,2000,10516121,0.98
355,2000,9499385,1
356,2000,12032237,0.99
357,2000,12858207,0.96
358,2000,12163741,0.97
359,2000,9616765,1
360,2000,11291870,0.99
361,2000,5436784,1
362,2000,6434803,1
363,2000,12675849,0.95
364,2000,12039852,0.99
365,2000,11999350,0.97
366,2000,9182776,1
367,2000,4794287,1
368,2000,12193848,0.94
369,2000,6252451,1
370,2000,10264885,1
371,2000,12397560,1
372,2000,12636105,0.95
373,2000,16683103,0.91
374,2000,14965563,0.94
375,2000,11951979,0.97
376,2000,13423515,0.99
377,2000,14541610,0.98
378,2000,9689449,1
379,2000,14707019,0.96
380,2000,14254380,0.98
381,2000,14055229,0.99
382,2000,13699768,0.98
383,2000,14494599,0.96
384,2000,12213914,0.97
385,2000,13884347,0.98
386,2000,13725587,0.96
387,2000,14470679,0.95
388,2000,14606509,0.92
389,2000,6803728,1
390,2000,13071191,1
391,2000,13483737,0.97
392,2000,12423099,0.99
393,2000,14503908,0.95
394,2000,10894484,1
395,2000,13295482,0.98
396,2000,9686080,1
397,2000,9798020,1
398,2000,11888324,0.99
399,2000,13504605,0.94
400,2000,13138710,1
401,2000,12635775,1
402,2000,9228926,1
403,2000,12806901,0.99
404,2000,6906398,1
405,2000,13254991,0.93
406,2000,14042236,0.89
407,2000,13820362,0.97
408,2000,12829306,0.99
409,2000,12249398,0.97
410,2000,11610302,1
411,2000,8320200,1
412,2000,12224184,1
413,2000,12474727,1
414,2000,12871607,0.98
415,2000,9910654,1
416,2000,11894479,0.98
417,2000,13788581,0.94
418,2000,11558470,1
419,2000,13627952,0.96
420,2000,13667099,0.92
421,2000,11597544,1
422,2000,10247384,1
423,2000,12084929,1
424,2000,13266042,0.99
425,2000,12580323,0.99
426,2000,12923512,0.99
427,2000,9405757,1
428,2000,9509023,1
429,2000,12264414,1
430,2000,11039885,0.98
431,2000,11297561,1
432,2000,13105888,0.96
433,2000,9582402,1
434,2000,10199184,1
435,2000,12934113,0.99
436,2000,8213091,1
437,2000,12086714,0.99
438,2000,13307622,1
439,2000,9731464,1
440,2000,10291011,0.99
441,2000,12634487,0.99
442,2000,13384966,0.92
443,2000,12645043,1
444,2000,12632738,0.96
445,2000,12381304,1
446,2000,12575640,0.98
447,2000,12213916,0.99
448,2000,11790567,1
449,2000,17125421,0.99
450,2000,15033959,0.99
451,2000,12891721,1
452,2000,13436201,1
453,2000,13669288,0.99
454,2000,9630529,1
455,2000,13756164,0.99
456,2000,13863377,0.99
457,2000,13656392,0.97
458,2000,12408707,1
459,2000,15353612,0.85
460,2000,11445306,1
461,2000,11427121,1
462,2000,11298860,0.98
463,2000,13546726,0.99
464,2000,13064748,0.99
465,2000,11683283,1
466,2000,11768261,1
467,2000,12655642,1
468,2000,9850747,1
469,2000,14513407,0.97
470,2000,12525947,1
471,2000,13712302,0.93
472,2000,13628499,0.98
473,2000,12167783,1
474,2000,12771419,0.97
475,2000,12967647,0.98
476,2000,9373351,1
477,2000,13135508,0.98
478,2000,9184152,1
479,2000,12240296,0.97
480,2000,12779025,0.96
481,2000,12548645,1
482,2000,9460774,1
483,2000,11032163,1
484,2000,12128841,1
485,2000,8254713,1
486,2000,12564138,1
487,2000,13090217,0.99
488,2000,10886722,0.94
489,2000,11016063,0.98
490,2000,13286966,0.98
491,2000,14126415,0.95
492,2000,12584496,1
493,2000,12443100,0.99
494,2000,7699539,1
495,2000,12863565,0.91
496,2000,13493274,0.98
497,2000,12476894,0.99
498,2000,9644744,1
499,2000,13128249,0.95
500,2000,11379922,1
501,2000,11353236,1
502,2000,11835729,0.98
503,2000,9558719,1
504,2000,11169306,0.99
505,2000,10579450,1
506,2000,9933556,1
507,2000,11737846,0.97
508,2000,13304096,0.93
509,2000,10152832,1
510,2000,10388740,0.99
511,2000,12644508,0.99
512,2000,11577948,1
513,2000,10293158,1
514,2000,13530236,0.97
515,2000,1671819,0.25
516,2000,12686538,0.98
517,2000,9853181,1
518,2000,9194117,1
519,2000,13082978,0.94
520,2000,11188012,1
521,2000,13278551,0.97
522,2000,12193583,0.94
523,2000,12053362,0.94
524,2000,13378514,0.82
525,2000,15967391,0.99
526,2000,12869354,0.99
527,2000,14739413,0.95
528,2000,15116237,0.98
529,2000,9560519,1
530,2000,14643462,1
531,2000,8069290,1
532,2000,9096841,1
533,2000,14132293,0.99
534,2000,11842970,0.99
535,2000,14418055,0.95
536,2000,9549259,1
537,2000,9102569,1
538,2000,14968528,0.95
539,2000,11042719,1
540,2000,13830271,1
541,2000,14697238,0.97
542,2000,6891750,1
543,2000,13605456,0.99
544,2000,14643514,0.94
545,2000,11066068,1
546,2000,13996464,0.94
547,2000,11536240,1
548,2000,9719963,1
549,2000,13855941,0.97
550,2000,11863438,0.99
551,2000,11740159,1
552,2000,6581125,1
553,2000,12604301,1
554,2000,5288910,1
555,2000,5401070,1
556,2000,9310061,1
557,2000,8820689,1
558,2000,13130150,0.99
559,2000,13666416,0.96
560,2000,10060904,1
561,2000,11886085,1
562,2000,9815945,1
563,2000,12272902,1
564,2000,11936553,0.97
565,2000,9829167,1
566,2000,9665045,1
567,2000,12357063,0.97
568,2000,12534795,1
569,2000,14581151,0.83
570,2000,11450132,1
571,2000,10706895,1
572,2000,12707451,1
573,2000,12797492,0.99
574,2000,10143395,1
575,2000,8511716,1
576,2000,8462046,1
577,2000,6834411,1
578,2000,12824115,0.97
579,2000,11193770,1
580,2000,11426405,1
581,2000,12786223,1
582,2000,13473847,0.99
583,2000,13618292,0.93
584,2000,11128801,0.97
585,2000,11112453,1
586,2000,12479574,1
587,2000,13664020,0.98
588,2000,13542876,0.96
589,2000,13613222,0.91
590,2000,13697251,0.95
591,2000,10783178,0.99
592,2000,13815631,0.91
593,2000,12042302,0.97
594,2000,12055784,1
595,2000,9063362,1
596,2000,12431486,1
597,2000,12346557,0.97
598,2000,13106429,0.99
599,2000,13580568,0.97
600,2000,12982256,0.99
601,2000,11794059,1
602,2000,9271820,1
603,2000,8535472,1
604,2000,18141399,0.88
605,2000,13541093,1
606,2000,14915725,0.86
607,2000,14523777,0.92
608,2000,12406275,1
609,2000,13209773,0.99
610,2000,9248620,0.99
611,2000,14824440,0.96
612,2000,11325412,1
613,2000,7697013,1
614,2000,14100846,0.97
615,2000,12353030,0.99
616,2000,12578687,0.99
617,2000,12940333,1
618,2000,5423029,1
619,2000,12219581,0.98
620,2000,14138434,0.95
621,2000,5974754,1
622,2000,12905928,0.99
623,2000,13472052,0.95
624,2000,13198962,0.98
625,2000,11149886,0.98
626,2000,10286676,0.97
627,2000,15045448,0.92
628,2000,9833680,1
629,2000,13659426,0.98
630,2000,13934868,0.99
631,2000,14150653,0.98
632,2000,13283766,1
633,2000,9282717,1
634,2000,13413302,0.96
635,2000,11326702,1
636,2000,11123170,1
637,2000,12792670,0.98
638,2000,12182163,0.99
639,2000,7977139,1
640,2000,13738580,1
641,2000,12399662,0.99
642,2000,13796188,0.93
643,2000,12597817,0.95
644,2000,13536719,0.96
645,2000,11666112,1
646,2000,13134795,0.96
647,2000,11209634,1
648,2000,13421905,0.94
649,2000,10219107,1
650,2000,8792561,1
651,2000,12973584,1
652,2000,10765977,1
653,2000,12119195,1
654,2000,13309457,0.99
655,2000,13393315,0.99
656,2000,11206191,0.98
657,2000,13743683,0.93
658,2000,10558154,1
659,2000,11256984,1
660,2000,10375071,1
661,2000,10740489,1
662,2000,12094830,1
663,2000,8263036,1
664,2000,12628627,0.98
665,2000,12471199,0.95
666,2000,9458689,1
667,2000,13428830,0.96
668,2000,12142933,0.98
669,2000,13005239,0.93
670,2000,12070608,0.99
671,2000,12002419,1
672,2000,12109603,0.99
673,2000,13365918,0.91
674,2000,6864138,1
675,2000,13041289,0.98
676,2000,12216187,0.99
677,2000,12974130,0.95
678,2000,10518927,1
679,2000,12657749,0.97
680,2000,17988330,0.93
681,2000,15108812,0.97
682,2000,13781568,1
683,2000,14579225,0.95
684,2000,13107356,0.97
685,2000,12495741,1
686,2000,12212496,1
687,2000,10946902,1
688,2000,15727481,0.91
689,2000,12024120,1
690,2000,13264324,1
691,2000,13076275,0.98
692,2000,12039073,0.99
693,2000,12684760,1
694,2000,11203895,1
695,2000,12342717,1
696,2000,13882415,0.95
697,2000,11686795,1
698,2000,14104447,0.99
699,2000,9297250,1
700,2000,13563799,0.99
701,2000,14147652,0.99
702,2000,9762635,1
703,2000,14764478,0.89
704,2000,10624149,1
705,2000,12185636,1
706,2000,12996668,0.98
707,2000,10730536,1
708,2000,10586827,1
709,2000,12572568,0.97
710,2000,11610319,1
711,2000,10600089,1
712,2000,12549218,0.99
713,2000,13743054,0.99
714,2000,12660432,1
715,2000,11864680,1
716,2000,12375024,1
717,2000,13169611,0.99
718,2000,8658233,1
719,2000,13817934,0.99
720,2000,13701968,0.97
721,2000,12847753,0.88
722,2000,11718484,0.99
723,2000,11525650,1
724,2000,13082035,0.97
725,2000,9330190,0.99
726,2000,7028727,1
727,2000,9420859,1
728,2000,13730471,0.88
729,2000,12596402,1
730,2000,13685357,0.96
731,2000,9584073,1
732,2000,8152504,1
733,2000,7513175,1
734,2000,10353828,1
735,2000,13567660,0.89
736,2000,9639774,1
737,2000,11742229,1
738,2000,12083546,1
739,2000,11453132,1
740,2000,11597631,1
741,2000,13821748,0.91
742,2000,9259389,1
743,2000,13559472,0.82
744,2000,9995655,1
745,2000,13698604,0.94
746,2000,10077498,1
747,2000,10994722,0.99
748,2000,8704436,1
749,2000,9790855,1
750,2000,13976040,0.9
751,2000,12511862,0.98
752,2000,13952665,0.8
753,2000,12318294,0.96
754,2000,10179059,1
755,2000,11507022,1
756,2000,10611064,1
757,2000,17566972,0.97
758,2000,13849184,1
759,2000,9282665,1
760,2000,15751491,0.92
761,2000,5909472,1
762,2000,10486104,1
763,2000,14562302,0.99
764,2000,13134552,0.96
765,2000,13699727,0.97
766,2000,11447744,1
767,2000,14712627,0.96
768,2000,13327647,0.98
769,2000,12286524,0.95
770,2000,12988201,1
771,2000,10073520,1
772,2000,15622921,0.96
773,2000,8833655,1
774,2000,14253580,0.94
775,2000,7744890,1
776,2000,11320399,1
777,2000,11495645,0.99
778,2000,10672759,1
779,2000,11248973,1
780,2000,10852230,1
781,2000,13362074,0.94
782,2000,13862780,0.97
783,2000,14407133,0.97
784,2000,8230025,1
785,2000,10473264,1
786,2000,8469548,1
787,2000,9310850,1
788,2000,12942302,0.99
789,2000,14137110,0.92
790,2000,10234023,1
791,2000,11181228,0.99
792,2000,14100978,0.93
793,2000,14305718,0.93
794,2000,13037896,0.99
795,2000,13276946,0.93
796,2000,10732855,1
797,2000,13338749,0.88
798,2000,13500505,0.97
799,2000,10606941,1
800,2000,11942775,1
801,2000,11111724,0.99
802,2000,13376775,0.99
803,2000,9128733,1
804,2000,8336535,1
805,2000,13465438,0.96
806,2000,13222936,0.91
807,2000,4545768,1
808,2000,13297470,0.98
809,2000,13560569,0.92
810,2000,11931083,1
811,2000,12131394,1
812,2000,9173921,1
813,2000,13270032,1
814,2000,13845785,0.94
815,2000,13113051,0.98
816,2000,12712528,1
817,2000,14111439,0.9
818,2000,12504185,0.98
819,2000,13460537,0.92
820,2000,12944879,0.97
821,2000,12998770,0.99
822,2000,9514918,1
823,2000,13808162,0.98
824,2000,12769240,0.97
825,2000,6710705,1
826,2000,8543233,1
827,2000,11883373,1
828,2000,11366980,1
829,2000,13080673,0.98
830,2000,9584070,1
831,2000,8176130,1
832,2000,13387679,0.87
833,2000,16164223,0.98
834,2000,11189770,1
835,2000,8275769,1
836,2000,14072105,0.9
837,2000,11266235,1
838,2000,1606699,0.23
839,2000,13761254,0.99
840,2000,13939085,0.97
841,2000,9560529,0.99
842,2000,8530442,1
843,2000,10570192,1
844,2000,10898238,1
845,2000,14848734,0.95
846,2000,13467137,0.99
847,2000,8923076,1
848,2000,14515007,0.98
849,2000,12546659,0.99
850,2000,12899499,0.99
851,2000,8155354,1
852,2000,9469915,1
853,2000,13544658,0.99
854,2000,9850400,1
855,2000,11679335,1
856,2000,12253141,1
857,2000,13406328,0.99
858,2000,14522572,0.95
859,2000,9482387,1
860,2000,14111797,0.96
861,2000,11557022,0.99
862,2000,11274061,0.98
863,2000,13447151,0.97
864,2000,14538166,0.99
865,2000,13930972,0.8
866,2000,13672273,0.99
867,2000,12228371,0.98
868,2000,13702372,0.97
869,2000,7745777,1
870,2000,9818239,1
871,2000,13607033,0.96
872,2000,12636589,0.99
873,2000,11569578,1
874,2000,14041093,0.95
875,2000,12774951,0.99
876,2000,13452169,0.99
877,2000,11933268,1
878,2000,9504696,1
879,2000,11797644,0.97
880,2000,7525997,1
881,2000,13218610,0.98
882,2000,7465844,1
883,2000,11601717,1
884,2000,11526991,0.97
885,2000,12637657,0.99
886,2000,11683176,0.99
887,2000,10898945,0.99
888,2000,10741275,1
889,2000,14056012,0.99
890,2000,13403015,0.91
891,2000,12545424,1
892,2000,11397139,0.98
893,2000,13593391,0.96
894,2000,12129057,1
895,2000,11961457,1
896,2000,9829000,1
897,2000,10142681,1
898,2000,13763367,0.92
899,2000,12712613,0.96
900,2000,11145388,1
901,2000,5333762,1
902,2000,12805376,1
903,2000,12309501,0.99
904,2000,12307425,1
905,2000,8160304,1
906,2000,12878104,1
907,2000,10169060,1
908,2000,11342334,1
909,2000,11466461,0.99
910,2000,12816819,1
911,2000,10172991,1
912,2000,17880827,0.92
913,2000,14749027,1
914,2000,13905042,0.98
915,2000,10634473,1
916,2000,6030974,0.99
917,2000,8659097,1
918,2000,13537487,0.99
919,2000,11912932,1
920,2000,10704761,1
921,2000,14146924,1
922,2000,14043395,0.98
923,2000,13286493,1
924,2000,12016986,1
925,2000,15257059,0.94
926,2000,9924861,1
927,2000,13414064,1
928,2000,15506947,0.88
929,2000,13122843,0.96
930,2000,6181375,1
931,2000,13978841,0.95
932,2000,13357737,0.97
933,2000,13246747,1
934,2000,11494399,1
935,2000,14591875,0.86
936,2000,7849667,1
937,2000,14042006,0.93
938,2000,14529671,0.9
939,2000,12251970,1
940,2000,12174011,0.95
941,2000,12698586,1
942,2000,10726817,1
943,2000,13668333,0.99
944,2000,13847888,0.95
945,2000,9535445,1
946,2000,14546846,0.96
947,2000,13782637,0.94
948,2000,13585951,0.99
949,2000,14563762,0.93
950,2000,13149726,1
951,2000,13773898,0.97
952,2000,13478514,0.96
953,2000,8784469,1
954,2000,13580458,0.97
955,2000,12807234,0.94
956,2000,11684373,1
957,2000,9633224,0.99
958,2000,9114014,1
959,2000,10366662,1
960,2000,12836114,0.91
961,2000,9075454,1
962,2000,9982209,1
963,2000,12461490,1
964,2000,11217393,0.99
965,2000,11579480,0.99
966,2000,10496085,1
967,2000,12336904,0.99
968,2000,12949187,0.97
969,2000,13569718,0.95
970,2000,10878438,1
971,2000,9813845,0.99
972,2000,10149967,0.99
973,2000,13382633,0.9
974,2000,10046061,0.99
975,2000,12415466,0.99
976,2000,10516345,1
977,2000,9568545,1
978,2000,11775254,1
979,2000,7599562,1
980,2000,8094115,1
981,2000,12235026,1
982,2000,13050856,0.96
983,2000,11102745,1
984,2000,12050772,1
985,2000,12177914,0.99
986,2000,13187262,0.96
987,2000,8405326,1
988,2000,12018826,0.98
989,2000,17794899,0.92
990,2000,10844620,1
991,2000,8777409,1
992,2000,14827809,0.99
993,2000,12118979,1
994,2000,16001712,0.95
995,2000,15442913,0.96
996,2000,13166559,0.97
997,2000,8921364,1
998,2000,12630809,0.99
999,2000,15917676,0.92
0,2400,13808142,1
1,2400,16431183,0.99
2,2400,10583102,1
3,2400,14933125,0.97
4,2400,15828930,0.95
5,2400,12115884,1
6,2400,15490708,0.95
7,2400,16038424,0.99
8,2400,15969952,0.98
9,2400,11010517,1
10,2400,10173333,1
11,2400,13172880,1
12,2400,15890961,0.99
13,2400,13402877,0.92
14,2400,13295938,0.99
15,2400,16055654,0.98
16,2400,17411220,1
17,2400,14352295,1
18,2400,18694836,0.88
19,2400,17647239,0.99
20,2400,11520648,1
21,2400,15985423,1
22,2400,17711789,0.96
23,2400,11760688,1
24,2400,18038133,0.95
25,2400,15464346,1
26,2400,7110457,1
27,2400,13744765,1
28,2400,15312631,0.94
29,2400,15287364,1
30,2400,16482000,0.91
31,2400,17568135,0.97
32,2400,14773436,1
33,2400,17427765,0.89
34,2400,9270328,1
35,2400,11539901,1
36,2400,16800401,0.96
37,2400,11786735,1
38,2400,16233637,1
39,2400,15900927,0.99
40,2400,13305398,1
41,2400,16075959,0.99
42,2400,13003567,1
43,2400,16474219,0.95
44,2400,14761533,0.99
45,2400,14845538,1
46,2400,15427959,0.93
47,2400,12448268,1
48,2400,14569803,1
49,2400,14636273,0.99
50,2400,16302858,0.94
51,2400,13047860,1
52,2400,16411625,0.97
53,2400,10605949,1
54,2400,14138649,0.92
55,2400,12219785,1
56,2400,13423322,1
57,2400,14987375,1
58,2400,8317905,1
59,2400,9339985,1
60,2400,16382900,0.95
61,2400,13959110,0.98
62,2400,13175755,1
63,2400,13800555,1
64,2400,14877519,0.99
65,2400,14882530,0.97
66,2400,11786024,1
67,2400,14276522,1
68,2400,15904841,0.98
69,2400,12293897,1
70,2400,7794450,1
71,2400,14710009,0.97
72,2400,9241644,1
73,2400,15505608,1
74,2400,15325087,0.95
75,2400,9223470,0.99
76,2400,15797724,0.96
77,2400,14828871,0.99
78,2400,13369384,1
79,2400,9533820,1
80,2400,16255450,0.96
81,2400,16955350,1
82,2400,17394644,0.99
83,2400,18080796,0.99
84,2400,17365629,1
85,2400,16766321,0.98
86,2400,17856010,0.94
87,2400,16087965,1
88,2400,18100626,0.98
89,2400,10964763,1
90,2400,14609773,1
91,2400,10734025,1
92,2400,15420869,0.98
93,2400,15411900,1
94,2400,17039002,0.89
95,2400,17564506,0.94
96,2400,13417080,1
97,2400,16506660,0.94
98,2400,16343228,0.97
99,2400,15853216,0.97
100,2400,16442598,0.96
101,2400,11303401,1
102,2400,8881644,1
103,2400,8683766,1
104,2400,15001093,0.85
105,2400,6967985,1
106,2400,14579120,0.99
107,2400,11341190,1
108,2400,14314488,1
109,2400,16326496,0.98
110,2400,13699635,1
111,2400,15787462,0.97
112,2400,16262782,0.99
113,2400,14131857,1
114,2400,15364772,1
115,2400,15657687,1
116,2400,14507779,1
117,2400,16542916,0.94
118,2400,16543154,0.87
119,2400,14928211,0.97
120,2400,15121030,0.97
121,2400,14639845,0.96
122,2400,10507629,1
123,2400,9891941,1
124,2400,8763876,1
125,2400,8447661,1
126,2400,12850696,0.98
127,2400,17088210,0.93
128,2400,14087139,0.99
129,2400,16106011,0.99
130,2400,15196311,1
131,2400,14636163,1
132,2400,16316192,0.95
133,2400,12918925,1
134,2400,14414829,1
135,2400,16098080,0.93
136,2400,14873920,0.93
137,2400,15818955,0.99
138,2400,9531359,1
139,2400,15026137,0.99
140,2400,10446537,1
141,2400,15232759,0.99
142,2400,14646243,1
143,2400,13348705,0.99
144,2400,12179195,1
145,2400,18172482,0.92
146,2400,9313335,1
147,2400,16052021,1
148,2400,14241011,1
149,2400,16338286,0.94
150,2400,12806733,1
151,2400,14918405,0.99
152,2400,16339931,1
153,2400,12711360,0.99
154,2400,17186830,0.96
155,2400,15368167,0.97
156,2400,11612192,1
157,2400,16197025,0.98
158,2400,8708276,1
159,2400,15812737,1
160,2400,16715018,0.97
161,2400,7460729,1
162,2400,14720490,0.99
163,2400,12619415,0.99
164,2400,14910654,0.99
165,2400,16251021,0.98
166,2400,17171880,0.92
167,2400,15483626,0.94
168,2400,14136451,1
169,2400,16725670,0.91
170,2400,14652344,1
171,2400,14096389,1
172,2400,16079287,0.98
173,2400,13129796,1
174,2400,14772841,0.98
175,2400,16657987,0.95
176,2400,14390451,1
177,2400,13214199,1
178,2400,15163708,0.98
179,2400,9137178,1
180,2400,11031400,1
181,2400,13336653,1
182,2400,15365078,0.93
183,2400,15455023,0.95
184,2400,8490248,1
185,2400,10684107,1
186,2400,11218209,1
187,2400,10831748,1
188,2400,16726504,0.89
189,2400,16219370,0.94
190,2400,15969424,1
191,2400,14159356,0.99
192,2400,10654014,1
193,2400,16303189,0.99
194,2400,12595172,1
195,2400,10854950,0.99
196,2400,12767188,1
197,2400,11935923,1
198,2400,15116398,0.97
199,2400,16025615,0.97
200,2400,14559537,1
201,2400,10950861,0.99
202,2400,12648496,1
203,2400,7901489,1
204,2400,10445203,1
205,2400,14835133,1
206,2400,15545287,0.99
207,2400,11347200,1
208,2400,12713341,1
209,2400,13834575,0.97
210,2400,13573734,1
211,2400,10941988,1
212,2400,15991541,1
213,2400,10765236,1
214,2400,17808679,0.95
215,2400,15679256,1
216,2400,9456154,1
217,2400,10135927,1
218,2400,10881742,1
219,2400,16899615,0.94
220,2400,17219875,0.98
221,2400,17869857,0.92
222,2400,18010895,0.88
223,2400,11199461,1
224,2400,15394605,1
225,2400,16539186,0.99
226,2400,10677045,1
227,2400,13985003,0.99
228,2400,17398327,0.98
229,2400,10829860,1
230,2400,9436660,1
231,2400,10095778,1
232,2400,14674024,0.95
233,2400,16323776,0.99
234,2400,16902300,0.89
235,2400,16490548,0.97
236,2400,10956371,1
237,2400,16554604,0.96
238,2400,16694626,0.98
239,2400,6374469,1
240,2400,15367214,1
241,2400,15558886,0.99
242,2400,12120510,1
243,2400,16473094,0.99
244,2400,16333413,0.94
245,2400,15119357,1
246,2400,13058031,1
247,2400,15894546,1
248,2400,16192616,0.99
249,2400,15182711,1
250,2400,8805458,1
251,2400,16340999,0.92
252,2400,16569667,0.8
253,2400,12529349,1
254,2400,13631819,1
255,2400,10754372,1
256,2400,12835924,1
257,2400,15720817,0.95
258,2400,14095234,1
259,2400,16095613,0.99
260,2400,12810519,0.99
261,2400,10434126,1
262,2400,15867715,0.98
263,2400,15333245,0.98
264,2400,16456953,0.96
265,2400,12007095,0.99
266,2400,9030875,1
267,2400,14184293,1
268,2400,9176151,1
269,2400,15051880,0.99
270,2400,14400837,0.99
271,2400,13552890,1
272,2400,15714270,0.97
273,2400,8290254,1
274,2400,13966106,1
275,2400,8982771,1
276,2400,16125305,0.8
277,2400,13731268,1
278,2400,16931566,1
279,2400,9961012,1
280,2400,13919132,1
281,2400,17362742,1
282,2400,16883675,0.99
283,2400,14675225,0.99
284,2400,17265965,0.97
285,2400,16272734,1
286,2400,15710202,1
287,2400,15589211,1
288,2400,14909939,0.99
289,2400,15980470,0.96
290,2400,13852989,1
291,2400,15849228,0.98
292,2400,16586295,0.99
293,2400,17265438,0.92
294,2400,12864972,1
295,2400,12862062,1
296,2400,16925915,0.99
297,2400,11463544,1
298,2400,12679146,1
299,2400,14877424,0.93
300,2400,13820780,0.97
301,2400,16713131,0.9
302,2400,14198389,1
303,2400,10646874,1
304,2400,17246892,1
305,2400,12240757,0.96
306,2400,13496092,1
307,2400,16478491,0.99
308,2400,15228646,1
309,2400,17048614,0.96
310,2400,8357111,1
311,2400,15504482,1
312,2400,15504818,0.98
313,2400,14133452,1
314,2400,15583730,0.94
315,2400,15424611,0.94
316,2400,16488542,0.93
317,2400,16643914,0.9
318,2400,9285672,1
319,2400,13694335,0.98
320,2400,15161554,0.99
321,2400,9981581,1
322,2400,11537243,0.99
323,2400,9098138,1
324,2400,16911282,0.94
325,2400,15114823,0.98
326,2400,10216377,1
327,2400,16085904,0.97
328,2400,10808174,1
329,2400,15451285,0.99
330,2400,13151381,1
331,2400,12717869,1
332,2400,16096220,0.99
333,2400,12529661,1
334,2400,15738765,1
335,2400,13545363,0.98
336,2400,14489263,1
337,2400,9487194,1
338,2400,16653763,0.9
339,2400,14865300,1
340,2400,16797286,0.91
341,2400,16509439,0.93
342,2400,18992841,1
343,2400,17238248,0.98
344,2400,13535656,1
345,2400,11097389,1
346,2400,16519834,1
347,2400,15853572,1
348,2400,13738020,1
349,2400,17872312,1
350,2400,14744150,1
351,2400,7190629,1
352,2400,12818508,1
353,2400,10282652,1
354,2400,13797898,0.99
355,2400,12541239,1
356,2400,15646596,0.99
357,2400,17056992,0.97
358,2400,15886071,0.97
359,2400,12170307,1
360,2400,14254542,0.99
361,2400,6954541,1
362,2400,7882403,1
363,2400,16087753,0.97
364,2400,15685722,0.99
365,2400,14980183,0.98
366,2400,11938066,1
367,2400,5871542,1
368,2400,15413553,0.98
369,2400,7691341,1
370,2400,12945488,1
371,2400,15984890,1
372,2400,15897592,0.97
373,2400,17101649,0.94
374,2400,16686148,0.96
375,2400,12736476,0.97
376,2400,13888788,0.99
377,2400,15706262,0.99
378,2400,10449392,1
379,2400,15306406,0.99
380,2400,15287737,0.98
381,2400,15415798,0.99
382,2400,15285570,0.98
383,2400,15736999,0.96
384,2400,13608215,0.97
385,2400,15745011,0.98
386,2400,15718876,0.97
387,2400,16584427,0.96
388,2400,16926401,0.93
389,2400,7264151,1
390,2400,14667855,1
391,2400,15220725,0.98
392,2400,13561726,0.99
393,2400,16342158,0.96
394,2400,12620278,1
395,2400,15143550,0.98
396,2400,10660679,1
397,2400,11224033,1
398,2400,13502098,1
399,2400,15640972,0.95
400,2400,15111715,1
401,2400,14563613,1
402,2400,10224306,0.99
403,2400,14814225,1
404,2400,7984174,1
405,2400,15540643,0.95
406,2400,16347440,0.91
407,2400,15752113,0.97
408,2400,18395031,0.99
409,2400,15239278,0.99
410,2400,14995463,1
411,2400,10592905,1
412,2400,16579126,1
413,2400,16394864,1
414,2400,16879537,0.99
415,2400,12340982,1
416,2400,15290722,0.99
417,2400,17940630,0.96
418,2400,14664318,1
419,2400,17578479,0.96
420,2400,18134495,0.94
421,2400,14647992,1
422,2400,12503690,1
423,2400,15042800,1
424,2400,16709399,0.99
425,2400,16331299,0.99
426,2400,16509641,1
427,2400,11481191,1
428,2400,11699195,1
429,2400,15587489,1
430,2400,13771549,0.98
431,2400,13788384,1
432,2400,16404456,0.97
433,2400,11961671,1
434,2400,12365282,1
435,2400,16270361,0.99
436,2400,10072949,1
437,2400,15163296,0.99
438,2400,16510155,1
439,2400,12079529,1
440,2400,12592062,0.99
441,2400,15660773,1
442,2400,16877883,0.93
443,2400,16009762,1
444,2400,15601096,0.97
445,2400,14780906,1
446,2400,15503470,0.98
447,2400,15178181,1
448,2400,14329114,1
449,2400,15184590,0.99
450,2400,15760159,1
451,2400,13742309,1
452,2400,14080108,1
453,2400,14316082,0.99
454,2400,9483669,1
455,2400,14923470,1
456,2400,15234056,1
457,2400,14637235,0.99
458,2400,13027361,1
459,2400,16765154,0.87
460,2400,12641272,1
461,2400,12038546,1
462,2400,12526129,0.99
463,2400,15226770,0.99
464,2400,14932131,0.99
465,2400,12474664,1
466,2400,13086209,1
467,2400,14468552,1
468,2400,10791082,1
469,2400,16082163,0.98
470,2400,14063694,1
471,2400,15540339,0.96
472,2400,15101424,0.99
473,2400,13987155,1
474,2400,14786157,0.97
475,2400,15150544,0.99
476,2400,10102031,1
477,2400,14905328,0.99
478,2400,9980325,1
479,2400,14115367,0.98
480,2400,14550541,0.97
481,2400,14743222,1
482,2400,10343025,1
483,2400,12766369,1
484,2400,13731880,1
485,2400,8825473,1
486,2400,14511683,1
487,2400,14891702,0.99
488,2400,12640225,0.94
489,2400,12465158,0.99
490,2400,15618288,0.99
491,2400,16418923,0.95
492,2400,14747220,1
493,2400,14523623,1
494,2400,8628854,1
495,2400,15151693,0.93
496,2400,15735311,0.99
497,2400,14532869,0.99
498,2400,10949981,1
499,2400,15278325,0.95
500,2400,13160482,1
501,2400,12998948,1
502,2400,13505711,0.98
503,2400,10811808,1
504,2400,12945879,0.99
505,2400,12222308,1
506,2400,11606675,1
507,2400,13709391,0.97
508,2400,15227435,0.96
509,2400,11482484,1
510,2400,12193108,1
511,2400,14762911,1
512,2400,13544083,1
513,2400,12171416,1
514,2400,16063471,0.99
515,2400,1925566,0.25
516,2400,14894777,0.98
517,2400,11346969,1
518,2400,10423012,1
519,2400,15173830,0.95
520,2400,12765968,1
521,2400,15574338,0.98
522,2400,14221642,0.96
523,2400,13756092,0.94
524,2400,15860601,0.89
525,2400,14868714,0.99
526,2400,13283508,0.99
527,2400,15404441,0.96
528,2400,15250919,1
529,2400,10045425,1
530,2400,14714106,1
531,2400,8170995,1
532,2400,9193210,1
533,2400,14974454,0.99
534,2400,12355803,0.99
535,2400,15262908,0.96
536,2400,9405845,1
537,2400,9436405,1
538,2400,15614743,0.95
539,2400,11731726,1
540,2400,16117166,1
541,2400,14974349,0.98
542,2400,7043370,1
543,2400,14172323,1
544,2400,15574443,0.94
545,2400,11836652,1
546,2400,15103975,0.97
547,2400,12581266,1
548,2400,10081418,1
549,2400,15195202,0.99
550,2400,12554250,0.99
551,2400,13097004,1
552,2400,6869627,1
553,2400,13669326,1
554,2400,5679622,1
555,2400,5979653,1
556,2400,10193475,1
557,2400,9852571,1
558,2400,14331597,1
559,2400,15022965,0.98
560,2400,11156275,1
561,2400,13210147,1
562,2400,11024459,1
563,2400,14011758,1
564,2400,13571751,0.97
565,2400,10848327,1
566,2400,10967655,1
567,2400,13895294,0.98
568,2400,13517757,1
569,2400,16200100,0.86
570,2400,12766796,1
571,2400,11986640,1
572,2400,14197519,1
573,2400,14699188,0.99
574,2400,11168032,1
575,2400,9388530,1
576,2400,9625172,1
577,2400,7567850,1
578,2400,14718567,0.97
579,2400,12460965,1
580,2400,12910093,1
581,2400,14636263,1
582,2400,15327238,0.99
583,2400,15200149,0.97
584,2400,12614348,0.98
585,2400,12565700,1
586,2400,14265198,1
587,2400,15083486,0.98
588,2400,15475480,0.97
589,2400,15743384,0.94
590,2400,15889021,0.95
591,2400,12464327,0.99
592,2400,15860639,0.93
593,2400,13936577,0.98
594,2400,13611351,1
595,2400,10344955,1
596,2400,14074879,1
597,2400,13993593,0.97
598,2400,14950646,0.99
599,2400,15340563,0.98
600,2400,14753532,0.99
601,2400,13437839,1
602,2400,10108572,1
603,2400,9468989,1
604,2400,15823032,0.9
605,2400,12950360,1
606,2400,15441188,0.88
607,2400,14743109,0.94
608,2400,12020269,1
609,2400,13595590,0.99
610,2400,9199027,0.99
611,2400,14922060,0.98
612,2400,12715818,1
613,2400,7577099,1
614,2400,14648579,0.98
615,2400,12963411,0.99
616,2400,13769254,0.99
617,2400,13381922,1
618,2400,5816511,1
619,2400,13220747,0.98
620,2400,15220777,0.95
621,2400,6194424,1
622,2400,13597569,0.99
623,2400,13742472,0.96
624,2400,13448833,0.99
625,2400,11705358,0.98
626,2400,11125710,0.97
627,2400,15668835,0.93
628,2400,10441184,1
629,2400,15205834,0.98
630,2400,14939121,0.99
631,2400,15459763,0.99
632,2400,14226549,1
633,2400,9656737,1
634,2400,14058876,0.96
635,2400,12143068,1
636,2400,12449608,1
637,2400,13286696,0.98
638,2400,13240184,0.99
639,2400,8932614,1
640,2400,14929802,1
641,2400,13613065,1
642,2400,14900683,0.95
643,2400,14285420,0.96
644,2400,14691065,0.96
645,2400,12803598,1
646,2400,14663381,0.97
647,2400,12390820,1
648,2400,14963317,0.95
649,2400,11389506,1
650,2400,9789339,1
651,2400,14162391,1
652,2400,11687895,1
653,2400,13128101,1
654,2400,14995186,1
655,2400,14993954,0.99
656,2400,12838246,0.99
657,2400,15697510,0.94
658,2400,12047633,1
659,2400,12863978,1
660,2400,11648181,1
661,2400,12259413,1
662,2400,13566199,1
663,2400,9042106,1
664,2400,14684402,0.98
665,2400,14351942,0.97
666,2400,10791546,1
667,2400,15201716,0.96
668,2400,13316178,0.99
669,2400,14879757,0.95
670,2400,13780875,0.99
671,2400,13365003,1
672,2400,14014013,0.99
673,2400,14641591,0.93
674,2400,7560357,1
675,2400,14936544,0.98
676,2400,14147144,0.99
677,2400,14752601,0.96
678,2400,11669672,1
679,2400,14202877,0.98
680,2400,15135287,0.94
681,2400,14888647,0.97
682,2400,15093489,1
683,2400,14785426,0.96
684,2400,13069656,0.97
685,2400,12684927,1
686,2400,12211092,1
687,2400,10957509,1
688,2400,15475957,0.91
689,2400,12848366,1
690,2400,13464953,1
691,2400,13956676,0.99
692,2400,12073016,1
693,2400,12868625,1
694,2400,11307866,1
695,2400,12836743,1
696,2400,14793349,0.95
697,2400,12086581,1
698,2400,14915983,0.99
699,2400,9891781,1
700,2400,14209201,0.99
701,2400,14999573,0.99
702,2400,10147944,1
703,2400,15754414,0.9
704,2400,11468954,1
705,2400,13384993,1
706,2400,14296176,0.99
707,2400,11406696,1
708,2400,11762579,1
709,2400,13868979,0.98
710,2400,12629012,1
711,2400,11637054,1
712,2400,13998071,0.99
713,2400,15001575,0.99
714,2400,14086545,1
715,2400,12906191,1
716,2400,12605393,1
717,2400,14792927,0.99
718,2400,9306052,1
719,2400,15064094,0.99
720,2400,15041385,0.97
721,2400,14366803,0.9
722,2400,13018086,0.99
723,2400,12792309,1
724,2400,14564482,0.98
725,2400,10261331,0.99
726,2400,7403666,1
727,2400,10152617,1
728,2400,15489410,0.9
729,2400,13411726,1
730,2400,15530317,0.96
731,2400,10704684,1
732,2400,9137872,1
733,2400,8567239,1
734,2400,10817560,1
735,2400,15144974,0.89
736,2400,10896413,1
737,2400,13205547,1
738,2400,13625744,1
739,2400,13035730,1
740,2400,12955489,1
741,2400,15354231,0.91
742,2400,10489687,1
743,2400,14924139,0.88
744,2400,11055432,1
745,2400,15009080,0.97
746,2400,11508659,1
747,2400,12547823,0.99
748,2400,9563135,1
749,2400,10859710,1
750,2400,15391508,0.92
751,2400,14171327,0.98
752,2400,15866509,0.85
753,2400,14434520,0.98
754,2400,11558702,1
755,2400,13064567,1
756,2400,11881908,1
757,2400,13676515,0.97
758,2400,13939402,1
759,2400,9296518,1
760,2400,15416139,0.92
761,2400,5967595,1
762,2400,10100506,1
763,2400,15280434,0.99
764,2400,13454342,0.96
765,2400,14003189,0.98
766,2400,11410909,1
767,2400,14935194,0.96
768,2400,13555047,0.99
769,2400,12875992,0.95
770,2400,12874449,1
771,2400,10246153,1
772,2400,15976228,0.97
773,2400,9296512,1
774,2400,14971732,0.95
775,2400,8125425,1
776,2400,12164799,1
777,2400,12182332,1
778,2400,10998691,1
779,2400,11816724,1
780,2400,11738022,1
781,2400,13550804,0.97
782,2400,14887651,0.97
783,2400,15166656,0.97
784,2400,8842259,1
785,2400,11478256,1
786,2400,8776551,1
787,2400,9680224,1
788,2400,14192511,1
789,2400,14945009,0.94
790,2400,11004327,1
791,2400,12365644,0.99
792,2400,15642717,0.94
793,2400,15487907,0.95
794,2400,13738542,0.99
795,2400,14411284,0.94
796,2400,11745795,1
797,2400,14625069,0.88
798,2400,14964389,0.98
799,2400,11695679,1
800,2400,12977738,1
801,2400,12174590,1
802,2400,15025814,0.99
803,2400,10218240,1
804,2400,9018362,1
805,2400,14490811,0.98
806,2400,15112091,0.93
807,2400,5020997,1
808,2400,14785667,0.98
809,2400,15301320,0.96
810,2400,13262569,1
811,2400,13232074,1
812,2400,10048179,1
813,2400,14845160,1
814,2400,15287553,0.94
815,2400,14842819,0.98
816,2400,14402719,1
817,2400,15746180,0.91
818,2400,13890345,0.99
819,2400,14872289,0.94
820,2400,14740841,0.98
821,2400,14712386,0.99
822,2400,10810391,1
823,2400,15235441,0.98
824,2400,17437662,0.97
825,2400,7021138,1
826,2400,9574131,1
827,2400,13337696,1
828,2400,12891795,1
829,2400,14803023,0.98
830,2400,10740279,1
831,2400,9287940,1
832,2400,15392097,0.89
833,2400,14538542,0.99
834,2400,11295259,1
835,2400,8357272,1
836,2400,14032300,0.9
837,2400,10148947,1
838,2400,1787839,0.22
839,2400,14517798,1
840,2400,13984023,0.98
841,2400,10174966,0.99
842,2400,8485571,1
843,2400,11478529,1
844,2400,11538487,1
845,2400,15494792,0.97
846,2400,14106299,1
847,2400,8976165,1
848,2400,14505892,0.98
849,2400,13625778,0.99
850,2400,13212301,0.99
851,2400,8695086,1
852,2400,9582454,1
853,2400,14196510,1
854,2400,10214465,1
855,2400,12033805,1
856,2400,13139735,1
857,2400,13635352,0.99
858,2400,15382934,0.98
859,2400,10243558,1
860,2400,15461660,0.96
861,2400,12564478,1
862,2400,11746303,0.99
863,2400,14116526,0.98
864,2400,15719751,1
865,2400,14510470,0.83
866,2400,13818997,0.99
867,2400,13334065,0.99
868,2400,14942625,0.98
869,2400,8463309,1
870,2400,10955554,1
871,2400,14198938,0.97
872,2400,14180942,1
873,2400,12506894,1
874,2400,15094757,0.95
875,2400,13830237,1
876,2400,14977472,0.99
877,2400,12899039,1
878,2400,10285126,1
879,2400,13151776,0.98
880,2400,8143488,1
881,2400,14909121,0.98
882,2400,8215035,1
883,2400,13049848,1
884,2400,11746425,0.97
885,2400,14164960,0.99
886,2400,13394192,1
887,2400,12385188,0.99
888,2400,12408744,1
889,2400,15391398,1
890,2400,14962635,0.92
891,2400,14186220,1
892,2400,12866688,0.98
893,2400,14669120,0.99
894,2400,13758508,1
895,2400,13323387,1
896,2400,11322896,1
897,2400,11152698,1
898,2400,15818177,0.92
899,2400,13461363,0.96
900,2400,12554234,1
901,2400,5823692,1
902,2400,14135563,1
903,2400,14259575,1
904,2400,13523078,1
905,2400,8888876,1
906,2400,14658652,1
907,2400,11131706,1
908,2400,12616556,1
909,2400,13067118,1
910,2400,14673142,1
911,2400,10800675,1
912,2400,14902422,0.95
913,2400,14780065,1
914,2400,14320697,0.99
915,2400,10344259,1
916,2400,6458909,0.99
917,2400,8973429,1
918,2400,13842529,0.99
919,2400,12131818,1
920,2400,10359066,1
921,2400,13907818,1
922,2400,14353140,0.98
923,2400,13317215,1
924,2400,12920619,1
925,2400,15444151,0.98
926,2400,10441299,1
927,2400,13139143,1
928,2400,15715907,0.9
929,2400,13097523,0.96
930,2400,6535656,1
931,2400,14868590,0.95
932,2400,13265144,0.98
933,2400,14322035,1
934,2400,12000366,1
935,2400,15946253,0.88
936,2400,8352969,1
937,2400,14404756,0.94
938,2400,15818364,0.92
939,2400,12203435,1
940,2400,13614938,0.99
941,2400,13726464,1
942,2400,11771945,1
943,2400,14485014,0.99
944,2400,15172807,0.96
945,2400,10388151,1
946,2400,15240511,0.97
947,2400,15278096,0.94
948,2400,15514783,0.99
949,2400,16131583,0.94
950,2400,13572867,1
951,2400,14710776,0.98
952,2400,14360251,0.98
953,2400,9529913,1
954,2400,14714629,0.97
955,2400,13426925,0.94
956,2400,13343121,1
957,2400,10662693,1
958,2400,9206052,1
959,2400,11473293,1
960,2400,14487076,0.91
961,2400,10184878,1
962,2400,11363451,1
963,2400,13393295,1
964,2400,12466476,0.99
965,2400,13046517,1
966,2400,11586807,1
967,2400,13956040,1
968,2400,14109731,0.97
969,2400,16156354,0.96
970,2400,11998834,1
971,2400,11553405,0.99
972,2400,11689909,0.99
973,2400,15102441,0.91
974,2400,11607477,0.99
975,2400,13773290,0.99
976,2400,11724941,1
977,2400,10729287,1
978,2400,13308291,1
979,2400,8552819,1
980,2400,9193850,1
981,2400,14281994,1
982,2400,15041835,0.96
983,2400,12546063,1
984,2400,14063504,1
985,2400,14150277,0.99
986,2400,14995603,0.97
987,2400,9508642,1
988,2400,14039999,0.99
989,2400,15669806,0.94
990,2400,11110278,1
991,2400,8848835,1
992,2400,15459655,1
993,2400,12328701,1
994,2400,16215751,0.97
995,2400,15967178,0.96
996,2400,13527086,0.98
997,2400,9446523,1
998,2400,13364641,0.99
999,2400,16408830,0.94
0,2800,15093879,1
1,2800,18094110,0.99
2,2800,10957994,1
3,2800,16500158,0.97
4,2800,17553150,0.95
5,2800,13313520,1
6,2800,17112733,0.95
7,2800,17145084,0.99
8,2800,17325726,0.98
9,2800,11726983,1
10,2800,11005394,1
11,2800,14320480,1
12,2800,17115725,0.99
13,2800,14894397,0.93
14,2800,14756322,1
15,2800,17820419,0.99
16,2800,15291895,1
17,2800,13719560,1
18,2800,17856719,0.89
19,2800,17119052,0.99
20,2800,11355679,1
21,2800,15976243,1
22,2800,17096965,0.97
23,2800,11917512,1
24,2800,18084176,0.96
25,2800,15357525,1
26,2800,7457652,1
27,2800,14270074,1
28,2800,15065261,0.95
29,2800,15800281,1
30,2800,16748475,0.92
31,2800,18263510,0.98
32,2800,15300294,1
33,2800,18832782,0.93
34,2800,9397963,1
35,2800,11471059,1
36,2800,17319474,0.97
37,2800,12211083,1
38,2800,16657682,1
39,2800,16875027,0.99
40,2800,13549987,1
41,2800,16871663,0.99
42,2800,13511330,1
43,2800,17454543,0.98
44,2800,15334229,0.99
45,2800,15679222,1
46,2800,16869093,0.94
47,2800,12901148,1
48,2800,15900571,1
49,2800,15516169,0.99
50,2800,17351373,0.96
51,2800,14010782,1
52,2800,17444278,0.97
53,2800,11007818,1
54,2800,14931454,0.96
55,2800,12663398,1
56,2800,14431824,1
57,2800,16335248,1
58,2800,8916840,1
59,2800,9907110,1
60,2800,17380883,0.96
61,2800,14860434,0.98
62,2800,14047293,1
63,2800,14470615,1
64,2800,15894472,0.99
65,2800,16283591,0.97
66,2800,12405656,1
67,2800,15515186,1
68,2800,17106989,0.99
69,2800,13389536,1
70,2800,8342345,1
71,2800,15705614,0.97
72,2800,10064070,1
73,2800,16844253,1
74,2800,16523723,0.96
75,2800,10208746,0.99
76,2800,17106548,0.98
77,2800,16291791,0.99
78,2800,14541983,1
79,2800,10273211,1
80,2800,17691188,0.97
81,2800,14804619,1
82,2800,16577465,0.99
83,2800,17135414,0.99
84,2800,16937992,1
85,2800,15871283,0.98
86,2800,17119754,0.97
87,2800,15974388,1
88,2800,17866939,0.98
89,2800,10963489,1
90,2800,14255166,1
91,2800,10844066,1
92,2800,15713607,0.98
93,2800,15652210,1
94,2800,17377674,0.91
95,2800,19256390,0.95
96,2800,14216820,1
97,2800,17102399,0.94
98,2800,17405141,0.97
99,2800,16753623,0.97
100,2800,16637007,0.97
101,2800,11290944,1
102,2800,9233733,1
103,2800,8995027,1
104,2800,15567499,0.85
105,2800,7193109,1
106,2800,15012174,0.99
107,2800,11819526,1
108,2800,14820221,1
109,2800,17362237,0.98
110,2800,14534142,1
111,2800,16453144,0.97
112,2800,17101752,0.99
113,2800,14809836,1
114,2800,16485284,1
115,2800,16956639,1
116,2800,15142075,1
117,2800,17498527,0.96
118,2800,17773538,0.88
119,2800,16470947,0.98
120,2800,16459063,0.98
121,2800,15529488,0.96
122,2800,11183228,1
123,2800,10638036,1
124,2800,9592516,1
125,2800,9271120,1
126,2800,13538293,0.99
127,2800,18425607,0.94
128,2800,15142995,0.99
129,2800,17718876,0.99
130,2800,16163636,1
131,2800,15917916,1
132,2800,17666152,0.95
133,2800,13950126,1
134,2800,15618413,1
135,2800,17634566,0.93
136,2800,16258473,0.95
137,2800,17441510,0.99
138,2800,9894300,1
139,2800,16221899,0.99
140,2800,11133266,1
141,2800,16565280,0.99
142,2800,16287498,1
143,2800,14434314,0.99
144,2800,13354849,1
145,2800,16398634,0.94
146,2800,9300269,1
147,2800,15542340,1
148,2800,14081712,1
149,2800,16298076,0.95
150,2800,12485378,1
151,2800,14851446,0.99
152,2800,16092645,1
153,2800,12837250,1
154,2800,17503925,0.96
155,2800,15163311,0.97
156,2800,11400091,1
157,2800,16241507,0.99
158,2800,8503526,1
159,2800,16259149,1
160,2800,16890356,0.98
161,2800,7434433,1
162,2800,15466505,0.99
163,2800,12575053,0.99
164,2800,15503016,1
165,2800,16791658,0.99
166,2800,17646489,0.92
167,2800,16342987,0.96
168,2800,14065547,1
169,2800,17400774,0.94
170,2800,14550211,1
171,2800,14789768,1
172,2800,16776835,0.99
173,2800,14118475,1
174,2800,16102293,0.98
175,2800,17340870,0.95
176,2800,15084700,1
177,2800,14397944,1
178,2800,16006866,0.99
179,2800,9579323,1
180,2800,11284004,1
181,2800,13638629,1
182,2800,16289728,0.94
183,2800,16033586,0.97
184,2800,9053544,1
185,2800,11432821,1
186,2800,12211257,1
187,2800,11396184,1
188,2800,17796029,0.93
189,2800,17553125,0.94
190,2800,17321447,1
191,2800,14981230,0.99
192,2800,11050452,1
193,2800,17424725,1
194,2800,13473749,1
195,2800,12065004,0.99
196,2800,13430632,1
197,2800,12581447,1
198,2800,16529246,0.97
199,2800,17238466,0.97
200,2800,15702744,1
201,2800,12195630,0.99
202,2800,13499439,1
203,2800,8923604,1
204,2800,11158752,1
205,2800,16382041,1
206,2800,17145893,0.99
207,2800,11955147,1
208,2800,13737825,1
209,2800,15043130,0.98
210,2800,14765843,1
211,2800,11973681,1
212,2800,13813702,1
213,2800,10564354,1
214,2800,16974259,0.96
215,2800,15072620,1
216,2800,8890403,1
217,2800,9740036,1
218,2800,11043170,1
219,2800,16907583,0.97
220,2800,16827589,0.99
221,2800,20955100,0.93
222,2800,18075531,0.91
223,2800,11485493,1
224,2800,15221221,1
225,2800,16182772,0.99
226,2800,10830592,1
227,2800,13941920,0.99
228,2800,17718519,0.98
229,2800,11044308,1
230,2800,9485657,1
231,2800,10074603,1
232,2800,14420413,0.95
233,2800,16353895,0.99
234,2800,17656246,0.9
235,2800,17311790,0.97
236,2800,11536708,1
237,2800,17184282,0.98
238,2800,17091175,0.99
239,2800,6494244,1
240,2800,16081100,1
241,2800,15868952,0.99
242,2800,12415702,1
243,2800,17210558,0.99
244,2800,17097568,0.94
245,2800,15541785,1
246,2800,13418099,0.99
247,2800,16948412,1
248,2800,16682658,1
249,2800,15907178,1
250,2800,9384366,1
251,2800,17741999,0.93
252,2800,17693648,0.83
253,2800,13414056,1
254,2800,14466050,1
255,2800,10891860,1
256,2800,13035224,1
257,2800,17348994,0.96
258,2800,15001144,1
259,2800,17596402,1
260,2800,13646457,0.99
261,2800,11142784,1
262,2800,17308608,0.98
263,2800,16435219,0.98
264,2800,18075182,0.97
265,2800,12588963,0.99
266,2800,9799989,1
267,2800,15027700,1
268,2800,9750084,1
269,2800,16301147,0.99
270,2800,15896634,0.99
271,2800,14510544,1
272,2800,16968183,0.98
273,2800,9026710,1
274,2800,15152800,1
275,2800,9861872,1
276,2800,17778506,0.84
277,2800,14674608,1
278,2800,14784697,1
279,2800,9853337,1
280,2800,12907138,1
281,2800,16552125,1
282,2800,16726326,0.99
283,2800,14384728,0.99
284,2800,17477264,0.98
285,2800,16282366,1
286,2800,15499032,1
287,2800,15631881,1
288,2800,15449906,0.99
289,2800,16651731,0.96
290,2800,13808593,1
291,2800,16166163,0.98
292,2800,17291458,0.99
293,2800,17907344,0.94
294,2800,13594616,1
295,2800,13422178,1
296,2800,17466279,1
297,2800,11434108,1
298,2800,12741625,1
299,2800,15889874,0.94
300,2800,14286280,0.97
301,2800,17485177,0.91
302,2800,13974824,1
303,2800,11128269,1
304,2800,17451406,1
305,2800,13034523,0.96
306,2800,14212570,1
307,2800,16869926,0.99
308,2800,16078186,1
309,2800,17457109,0.97
310,2800,8842600,1
311,2800,16457541,1
312,2800,16217140,0.98
313,2800,14984696,1
314,2800,16672632,0.94
315,2800,16399758,0.95
316,2800,17634353,0.94
317,2800,17928388,0.94
318,2800,9770048,1
319,2800,14763821,0.99
320,2800,16559318,0.99
321,2800,10675206,1
322,2800,12761335,0.99
323,2800,9748177,1
324,2800,18035177,0.96
325,2800,16334606,0.99
326,2800,10617196,1
327,2800,16952821,0.99
328,2800,11523203,1
329,2800,16973838,0.99
330,2800,14027450,1
331,2800,13578540,1
332,2800,17060761,0.99
333,2800,13516160,1
334,2800,17423180,1
335,2800,14613043,0.98
336,2800,15793887,1
337,2800,10037354,1
338,2800,18084200,0.91
339,2800,15974047,1
340,2800,18506622,0.92
341,2800,18059694,0.97
342,2800,16276727,1
343,2800,16551571,0.98
344,2800,13147947,1
345,2800,12112971,1
346,2800,16919489,1
347,2800,16148961,1
348,2800,13991608,1
349,2800,18223426,1
350,2800,14695746,1
351,2800,7395899,1
352,2800,13042800,1
353,2800,10717878,1
354,2800,14195840,0.99
355,2800,12702869,1
356,2800,16156988,1
357,2800,17603083,0.97
358,2800,16303311,0.98
359,2800,12708918,1
360,2800,15164301,0.99
361,2800,7208602,1
362,2800,8562324,1
363,2800,16878245,0.97
364,2800,15886361,0.99
365,2800,15980972,0.98
366,2800,12167325,1
367,2800,6454243,1
368,2800,16385404,0.98
369,2800,8322563,1
370,2800,13731983,1
371,2800,16773059,1
372,2800,16925561,0.97
373,2800,18151830,0.96
374,2800,17480846,0.98
375,2800,13636914,0.97
376,2800,15108501,1
377,2800,16865229,0.99
378,2800,11137366,1
379,2800,16600778,0.99
380,2800,16264444,0.99
381,2800,16701976,0.99
382,2800,16356845,0.99
383,2800,16733084,0.97
384,2800,14655096,0.98
385,2800,16899589,0.98
386,2800,17060262,0.97
387,2800,18083720,0.97
388,2800,18312441,0.94
389,2800,7940276,1
390,2800,16025949,1
391,2800,16848163,0.98
392,2800,14658762,0.99
393,2800,17781059,0.98
394,2800,13988747,1
395,2800,16142681,0.98
396,2800,11649847,1
397,2800,11910576,1
398,2800,14639184,1
399,2800,17308448,0.96
400,2800,16582570,1
401,2800,15830550,1
402,2800,11378693,1
403,2800,16254469,1
404,2800,8698542,1
405,2800,17256670,0.96
406,2800,18020832,0.92
407,2800,17092464,0.97
408,2800,22144504,0.99
409,2800,18518050,0.99
410,2800,17016427,1
411,2800,11600533,1
412,2800,18522883,1
413,2800,18429097,1
414,2800,19077867,0.99
415,2800,13825352,1
416,2800,17350345,0.99
417,2800,20078777,0.96
418,2800,16259725,1
419,2800,19902425,0.96
420,2800,19610312,0.95
421,2800,16058939,1
422,2800,14004852,1
423,2800,16951327,1
424,2800,19059102,1
425,2800,17972181,0.99
426,2800,18445611,1
427,2800,12661711,1
428,2800,13349462,1
429,2800,17302085,1
430,2800,15510016,0.99
431,2800,15518602,1
432,2800,18521804,0.97
433,2800,13045076,1
434,2800,13741300,1
435,2800,18169561,1
436,2800,10953163,1
437,2800,16601205,0.99
438,2800,18658023,1
439,2800,13359540,1
440,2800,13879596,0.99
441,2800,17946416,1
442,2800,18861796,0.94
443,2800,17385356,1
444,2800,17268614,0.97
445,2800,16881966,1
446,2800,17084972,0.98
447,2800,16777709,1
448,2800,15925877,1
449,2800,16776005,1
450,2800,17566733,1
451,2800,15157260,1
452,2800,15698405,1
453,2800,16063096,0.99
454,2800,10520489,1
455,2800,16722129,1
456,2800,17189845,1
457,2800,16306223,0.99
458,2800,14891382,1
459,2800,18835355,0.9
460,2800,13953563,1
461,2800,13650554,1
462,2800,14020734,0.99
463,2800,17057585,0.99
464,2800,22289331,0.99
465,2800,15961049,1
466,2800,16784461,1
467,2800,18789311,1
468,2800,13513394,1
469,2800,21048158,0.98
470,2800,17499168,1
471,2800,19436662,0.98
472,2800,19183919,1
473,2800,17234500,1
474,2800,18251843,0.97
475,2800,18366847,0.99
476,2800,12198113,1
477,2800,18464888,0.99
478,2800,12282112,1
479,2800,17007696,0.98
480,2800,17693162,0.98
481,2800,17326003,1
482,2800,12575020,1
483,2800,14844109,1
484,2800,16796631,1
485,2800,10935217,1
486,2800,17170178,1
487,2800,18355950,0.99
488,2800,15078007,0.95
489,2800,14715636,0.99
490,2800,18627535,0.99
491,2800,19310465,0.98
492,2800,17433685,1
493,2800,17300193,1
494,2800,9899820,1
495,2800,17647140,0.93
496,2800,18338708,1
497,2800,17118142,0.99
498,2800,12879183,1
499,2800,18129866,0.96
500,2800,15478570,1
501,2800,15351465,1
502,2800,16207607,0.99
503,2800,12699339,1
504,2800,15222908,0.99
505,2800,14170223,1
506,2800,13959356,1
507,2800,15876729,1
508,2800,18010062,0.96
509,2800,13489889,1
510,2800,14008423,1
511,2800,17039954,1
512,2800,15615946,1
513,2800,13858862,1
514,2800,18500993,0.99
515,2800,2341454,0.22
516,2800,17251295,0.99
517,2800,13142282,1
518,2800,11990160,1
519,2800,17877328,0.96
520,2800,15234789,1
521,2800,22383751,0.99
522,2800,19277112,0.96
523,2800,18486645,0.98
524,2800,20477124,0.9
525,2800,18681588,0.99
526,2800,17434908,1
527,2800,19301577,0.96
528,2800,19540521,1
529,2800,12531844,1
530,2800,19309488,1
531,2800,10855315,1
532,2800,11859280,1
533,2800,18475065,1
534,2800,15539005,1
535,2800,18518490,0.96
536,2800,12226081,1
537,2800,12000177,1
538,2800,19598955,0.96
539,2800,14499722,1
540,2800,18128118,1
541,2800,19287912,0.99
542,2800,8813051,1
543,2800,17612215,1
544,2800,19285601,0.95
545,2800,14729024,1
546,2800,18304772,0.99
547,2800,15256861,1
548,2800,12854734,1
549,2800,18477504,0.99
550,2800,15432095,0.99
551,2800,15657163,1
552,2800,8466092,1
553,2800,16718466,1
554,2800,7054826,1
555,2800,7408835,1
556,2800,12267652,1
557,2800,11670639,1
558,2800,17428729,1
559,2800,18042306,0.98
560,2800,13289808,1
561,2800,15744640,1
562,2800,12918774,1
563,2800,16423043,1
564,2800,15992012,0.97
565,2800,12707198,1
566,2800,12910892,1
567,2800,16527511,0.98
568,2800,16684732,1
569,2800,19329963,0.86
570,2800,15233834,1
571,2800,14278069,1
572,2800,16910544,1
573,2800,17163652,0.99
574,2800,13385868,1
575,2800,11288715,1
576,2800,11236311,1
577,2800,9065094,1
578,2800,17225384,0.98
579,2800,14872830,1
580,2800,15244971,1
581,2800,22161188,1
582,2800,20907512,0.99
583,2800,20239908,0.97
584,2800,16872266,0.99
585,2800,16670323,1
586,2800,18547989,1
587,2800,20765981,0.99
588,2800,20042993,0.97
589,2800,19644710,0.94
590,2800,19597642,0.95
591,2800,15184489,0.99
592,2800,19762866,0.93
593,2800,16890489,0.98
594,2800,17484870,1
595,2800,13113107,1
596,2800,17760583,1
597,2800,17570109,0.97
598,2800,18788333,0.99
599,2800,19579858,0.99
600,2800,18076620,0.99
601,2800,16989311,1
602,2800,13935421,1
603,2800,12232872,1
604,2800,19317212,0.9
605,2800,16786609,1
606,2800,18370566,0.9
607,2800,17977495,0.95
608,2800,15013601,1
609,2800,16440331,0.99
610,2800,11900022,1
611,2800,18262850,0.98
612,2800,14608881,1
613,2800,9353537,1
614,2800,17648443,0.99
615,2800,15740392,0.99
616,2800,16117554,1
617,2800,16490422,1
618,2800,7159950,1
619,2800,15699573,0.98
620,2800,18140258,0.95
621,2800,7464468,1
622,2800,16725576,1
623,2800,16852439,0.97
624,2800,16508569,0.99
625,2800,14099192,0.98
626,2800,13280033,0.97
627,2800,19141011,0.94
628,2800,12546162,1
629,2800,17906830,0.98
630,2800,18038278,1
631,2800,18520053,0.99
632,2800,17225600,1
633,2800,11737620,1
634,2800,17177838,0.97
635,2800,14466700,1
636,2800,18121970,1
637,2800,18863240,0.98
638,2800,17753102,0.99
639,2800,11856388,1
640,2800,20422819,1
641,2800,18383621,1
642,2800,19946297,0.97
643,2800,18433682,0.97
644,2800,19612906,0.96
645,2800,16416056,1
646,2800,18761005,0.97
647,2800,16194572,1
648,2800,18942961,0.96
649,2800,14541027,1
650,2800,12522749,1
651,2800,18679778,1
652,2800,15488486,1
653,2800,17409726,1
654,2800,18999564,1
655,2800,18922007,1
656,2800,15499518,0.99
657,2800,19487633,0.94
658,2800,14623779,1
659,2800,15552936,1
660,2800,14804306,1
661,2800,14680548,1
662,2800,17208254,1
663,2800,11744127,1
664,2800,17494050,0.98
665,2800,17145769,0.98
666,2800,12768548,1
667,2800,18602805,0.98
668,2800,16822279,0.99
669,2800,17943385,0.96
670,2800,16658826,0.99
671,2800,16615478,1
672,2800,16438556,0.99
673,2800,18539715,0.95
674,2800,9200294,1
675,2800,17905527,0.98
676,2800,16907326,0.99
677,2800,17876408,0.96
678,2800,14605372,1
679,2800,17665586,0.99
680,2800,18346107,0.96
681,2800,17985696,0.97
682,2800,17003915,1
683,2800,17738360,0.98
684,2800,15185461,0.97
685,2800,15341421,1
686,2800,14920811,1
687,2800,13724398,1
688,2800,18605836,0.91
689,2800,15014064,1
690,2800,16464206,1
691,2800,20541864,1
692,2800,17145809,1
693,2800,17849008,1
694,2800,15968775,1
695,2800,17350903,1
696,2800,19812345,0.96
697,2800,16059689,1
698,2800,20160413,1
699,2800,12732728,1
700,2800,18717313,0.99
701,2800,19839800,0.99
702,2800,13338098,1
703,2800,20587416,0.95
704,2800,14237274,1
705,2800,16915372,1
706,2800,18147721,1
707,2800,14533590,1
708,2800,14727114,1
709,2800,17003406,0.98
710,2800,16270698,1
711,2800,14476420,1
712,2800,17389738,0.99
713,2800,18862539,1
714,2800,17299420,1
715,2800,16357696,1
716,2800,16713013,1
717,2800,18115910,1
718,2800,11501861,1
719,2800,18874606,0.99
720,2800,18720182,0.97
721,2800,17267522,0.91
722,2800,15940606,0.99
723,2800,15695190,1
724,2800,17892331,0.98
725,2800,12674626,0.99
726,2800,9326137,1
727,2800,12633014,1
728,2800,18710403,0.9
729,2800,17448719,1
730,2800,18755252,0.97
731,2800,12785522,1
732,2800,10816989,1
733,2800,10187666,1
734,2800,14048945,1
735,2800,18669510,0.89
736,2800,12946509,1
737,2800,15961657,1
738,2800,16434076,1
739,2800,15350738,1
740,2800,15537189,1
741,2800,18960822,0.93
742,2800,12440104,1
743,2800,18451045,0.88
744,2800,13424456,1
745,2800,18606128,0.97
746,2800,13479100,1
747,2800,14768317,1
748,2800,15131634,1
749,2800,14191302,1
750,2800,21734313,0.93
751,2800,18949161,0.99
752,2800,21210302,0.86
753,2800,18499584,0.98
754,2800,14781233,1
755,2800,17331192,1
756,2800,15955501,1
757,2800,19017500,0.97
758,2800,18330978,1
759,2800,12294946,1
760,2800,20201193,0.95
761,2800,7666922,1
762,2800,13758480,1
763,2800,19144313,0.99
764,2800,16970055,0.97
765,2800,18317830,0.99
766,2800,15043383,1
767,2800,19330042,0.97
768,2800,17282637,0.99
769,2800,15907253,0.95
770,2800,17022515,1
771,2800,13241952,1
772,2800,20560500,0.97
773,2800,11811602,1
774,2800,18893645,0.95
775,2800,10114175,1
776,2800,14802339,1
777,2800,14914419,1
778,2800,13746012,1
779,2800,14807605,1
780,2800,14252995,1
781,2800,17435191,0.97
782,2800,18202748,0.97
783,2800,19198483,0.98
784,2800,10779982,1
785,2800,13825132,1
786,2800,11123809,1
787,2800,12123550,1
788,2800,17278906,1
789,2800,18498062,0.94
790,2800,13498572,1
791,2800,14895967,0.99
792,2800,18775986,0.96
793,2800,19250922,0.96
794,2800,17283622,0.99
795,2800,17449849,0.96
796,2800,14494755,1
797,2800,17681701,0.89
798,2800,17868326,0.98
799,2800,14107091,1
800,2800,15843489,1
801,2800,14673359,1
802,2800,17784325,0.99
803,2800,12621585,1
804,2800,11118833,1
805,2800,21486748,0.98
806,2800,19856370,0.94
807,2800,6434919,1
808,2800,20002430,0.98
809,2800,19957892,0.97
810,2800,17800649,1
811,2800,17763649,1
812,2800,13457264,1
813,2800,19847166,1
814,2800,20569319,0.96
815,2800,18883693,0.98
816,2800,18359765,1
817,2800,20583570,0.92
818,2800,18265307,0.99
819,2800,19503562,0.94
820,2800,18312151,0.98
821,2800,18512593,0.99
822,2800,13065864,1
823,2800,19886981,0.99
824,2800,18058740,1
825,2800,9820629,1
826,2800,12337073,1
827,2800,17061457,1
828,2800,16069731,1
829,2800,18640627,0.99
830,2800,13098174,1
831,2800,11403853,1
832,2800,18854720,0.89
833,2800,18683666,0.99
834,2800,13892829,1
835,2800,10322676,1
836,2800,17279805,0.93
837,2800,13948054,1
838,2800,2376877,0.17
839,2800,17398909,1
840,2800,17446008,0.98
841,2800,12088318,1
842,2800,11127294,1
843,2800,13542213,1
844,2800,13842398,1
845,2800,18812333,0.98
846,2800,17000877,1
847,2800,11306270,1
848,2800,18362120,0.98
849,2800,16161177,0.99
850,2800,16386683,1
851,2800,10427565,1
852,2800,11990924,1
853,2800,17585285,1
854,2800,12607706,1
855,2800,14715313,1
856,2800,15896245,1
857,2800,16670361,0.99
858,2800,18446625,0.98
859,2800,12408326,1
860,2800,18240044,0.97
861,2800,14853412,1
862,2800,14613021,0.99
863,2800,21099595,0.99
864,2800,21664421,1
865,2800,20373763,0.84
866,2800,19702296,0.99
867,2800,17769659,0.99
868,2800,19992130,0.98
869,2800,11065079,1
870,2800,14334512,1
871,2800,19694573,0.97
872,2800,17832880,1
873,2800,16708753,1
874,2800,19937706,0.95
875,2800,17986627,1
876,2800,18797010,0.99
877,2800,16838619,1
878,2800,13396291,1
879,2800,16491921,0.98
880,2800,10654753,1
881,2800,18822034,0.99
882,2800,10352283,1
883,2800,16346691,1
884,2800,15873747,0.99
885,2800,17739388,0.99
886,2800,16328306,1
887,2800,14908620,0.99
888,2800,14858787,1
889,2800,19705421,1
890,2800,18852330,0.93
891,2800,17468003,1
892,2800,15777036,0.98
893,2800,18945678,1
894,2800,16633996,1
895,2800,16679058,1
896,2800,13435096,1
897,2800,14518580,1
898,2800,19349730,0.93
899,2800,17728485,0.99
900,2800,15254637,1
901,2800,7489660,1
902,2800,17276806,1
903,2800,16941244,1
904,2800,16882379,1
905,2800,11006963,1
906,2800,17994611,1
907,2800,14328541,1
908,2800,15605918,1
909,2800,15678586,1
910,2800,17411232,1
911,2800,14427361,1
912,2800,18764091,0.95
913,2800,17683032,1
914,2800,16875020,1
915,2800,12952513,1
916,2800,7646952,1
917,2800,10626284,1
918,2800,16781884,0.99
919,2800,14541286,1
920,2800,17134802,1
921,2800,19577013,1
922,2800,19388427,0.99
923,2800,18206138,1
924,2800,16313190,1
925,2800,21226780,0.98
926,2800,13720557,1
927,2800,18878463,1
928,2800,20834788,0.92
929,2800,17822687,0.96
930,2800,8550469,1
931,2800,19249757,0.96
932,2800,18043999,0.98
933,2800,18062025,1
934,2800,15743014,1
935,2800,19721656,0.91
936,2800,10235956,1
937,2800,18531357,0.96
938,2800,19572390,0.95
939,2800,16654630,1
940,2800,16794077,0.99
941,2800,17309975,1
942,2800,14808675,1
943,2800,18423573,0.99
944,2800,18628421,0.99
945,2800,13270781,1
946,2800,19637636,0.99
947,2800,18464961,0.96
948,2800,18558220,0.99
949,2800,19546536,0.95
950,2800,17552879,1
951,2800,18598962,0.99
952,2800,18016799,0.99
953,2800,11639521,1
954,2800,18379184,0.97
955,2800,17050620,0.95
956,2800,15806326,1
957,2800,12757102,1
958,2800,11731329,1
959,2800,14001922,1
960,2800,17180149,0.94
961,2800,12092086,1
962,2800,13239986,1
963,2800,16980679,0.99
964,2800,15485682,0.99
965,2800,15929848,1
966,2800,14193128,1
967,2800,16723577,1
968,2800,17382076,0.97
969,2800,18272214,0.96
970,2800,14371873,1
971,2800,13178095,0.99
972,2800,13826045,0.99
973,2800,18377946,0.94
974,2800,13325108,0.99
975,2800,20838968,0.99
976,2800,16114727,1
977,2800,14803618,1
978,2800,17511558,1
979,2800,11101408,1
980,2800,11616859,1
981,2800,18846333,1
982,2800,19389089,0.98
983,2800,16654614,1
984,2800,18356127,1
985,2800,17549004,0.99
986,2800,19644703,0.97
987,2800,12563921,1
988,2800,17655910,0.99
989,2800,19911272,0.96
990,2800,14181287,1
991,2800,11189192,1
992,2800,18808483,1
993,2800,15489995,1
994,2800,20605755,0.97
995,2800,19835289,0.97
996,2800,17391811,0.99
997,2800,11668005,1
998,2800,16370214,1
999,2800,20520777,0.95
0,3200,18315143,1
1,3200,21736684,1
2,3200,13563624,1
3,3200,19724479,0.98
4,3200,20600963,0.95
5,3200,15695204,1
6,3200,20449618,0.96
7,3200,21022669,1
8,3200,21026343,0.98
9,3200,14107324,1
10,3200,13170712,1
11,3200,17222412,1
12,3200,20683017,0.99
13,3200,17849570,0.93
14,3200,17287970,1
15,3200,21138597,0.99
16,3200,18816440,1
17,3200,16861109,1
18,3200,21064206,0.89
19,3200,20011684,0.99
20,3200,13537918,1
21,3200,23978571,1
22,3200,22198999,0.97
23,3200,15754112,1
24,3200,23598028,0.96
25,3200,20150180,1
26,3200,9559832,1
27,3200,18257374,1
28,3200,19017217,0.96
29,3200,19308795,1
30,3200,20943546,0.92
31,3200,22762384,0.98
32,3200,19330789,1
33,3200,22456308,0.94
34,3200,12135409,1
35,3200,14524890,1
36,3200,21726991,0.97
37,3200,15751220,1
38,3200,20924640,1
39,3200,20385524,0.99
40,3200,17476453,1
41,3200,20749067,0.99
42,3200,16643942,1
43,3200,20975399,0.98
44,3200,19639029,0.99
45,3200,18940748,1
46,3200,19890847,0.94
47,3200,16204666,1
48,3200,18679150,1
49,3200,19119070,1
50,3200,21086095,0.96
51,3200,17001044,1
52,3200,21127238,0.97
53,3200,13614439,1
54,3200,17763501,0.97
55,3200,15874120,1
56,3200,17253880,1
57,3200,19235161,1
58,3200,11454835,1
59,3200,12493399,1
60,3200,21158793,0.96
61,3200,17867960,0.98
62,3200,17158386,1
63,3200,17799837,1
64,3200,19401153,0.99
65,3200,19220892,0.98
66,3200,15418936,1
67,3200,18318857,1
68,3200,20495073,0.99
69,3200,15483171,1
70,3200,10474016,1
71,3200,23138690,0.98
72,3200,13287848,1
73,3200,22436922,1
74,3200,21662983,0.96
75,3200,12795203,0.99
76,3200,22848325,0.98
77,3200,21075331,0.99
78,3200,18628827,1
79,3200,13927694,1
80,3200,23460656,0.98
81,3200,18929317,1
82,3200,21125809,0.99
83,3200,21466605,0.99
84,3200,21718710,1
85,3200,19712139,0.99
86,3200,21882033,0.97
87,3200,20285381,1
88,3200,21898518,0.99
89,3200,13759294,1
90,3200,18061852,1
91,3200,13770834,1
92,3200,18794123,0.98
93,3200,19074961,1
94,3200,21288456,0.92
95,3200,21904850,0.98
96,3200,16789186,1
97,3200,20963680,0.97
98,3200,20623611,0.98
99,3200,20310076,0.97
100,3200,20438102,0.97
101,3200,13937192,1
102,3200,11136132,1
103,3200,10912925,1
104,3200,18990219,0.89
105,3200,8819105,1
106,3200,18295481,0.99
107,3200,13882633,1
108,3200,18304484,1
109,3200,20486065,0.98
110,3200,17630387,1
111,3200,20036253,0.97
112,3200,20534992,0.99
113,3200,17846552,1
114,3200,19459969,1
115,3200,19885281,1
116,3200,18484634,1
117,3200,20794494,0.99
118,3200,21042046,0.9
119,3200,19026137,0.99
120,3200,23239285,0.99
121,3200,21166754,0.97
122,3200,14987051,1
123,3200,14224163,1
124,3200,12464723,1
125,3200,11539390,1
126,3200,18079155,0.99
127,3200,24063114,0.96
128,3200,19375937,0.99
129,3200,22395291,0.99
130,3200,20619532,1
131,3200,20715507,1
132,3200,22880862,0.95
133,3200,17951920,1
134,3200,19769121,1
135,3200,22703951,0.93
136,3200,19876052,0.95
137,3200,21716017,0.99
138,3200,12588996,1
139,3200,19712678,1
140,3200,14068051,1
141,3200,20843752,0.99
142,3200,19825742,1
143,3200,18691108,0.99
144,3200,16603241,1
145,3200,19963642,0.94
146,3200,11505858,1
147,3200,19421962,1
148,3200,17966765,1
149,3200,19807302,0.95
150,3200,15439377,1
151,3200,17812003,0.99
152,3200,18979149,1
153,3200,15094148,1
154,3200,21021198,0.96
155,3200,19039595,0.97
156,3200,14339442,1
157,3200,19255544,0.99
158,3200,9896723,1
159,3200,19199644,1
160,3200,20356966,0.98
161,3200,9001302,1
162,3200,18001303,0.99
163,3200,14924115,0.99
164,3200,18392913,1
165,3200,19979112,0.99
166,3200,20983134,0.93
167,3200,19196493,0.98
168,3200,17014783,1
169,3200,20953610,0.95
170,3200,17768653,1
171,3200,22359872,1
172,3200,22660902,0.99
173,3200,18502550,1
174,3200,21103772,0.98
175,3200,23070430,0.95
176,3200,19529775,1
177,3200,18088413,1
178,3200,20868220,0.99
179,3200,12126897,1
180,3200,14645299,1
181,3200,17658386,1
182,3200,21125536,0.94
183,3200,20962773,0.97
184,3200,11020086,1
185,3200,14005088,1
186,3200,14535247,1
187,3200,14158703,1
188,3200,23343779,0.94
189,3200,22117499,0.94
190,3200,21809451,1
191,3200,19157053,1
192,3200,14077267,1
193,3200,21895480,1
194,3200,16749031,1
195,3200,14309209,0.99
196,3200,16562166,1
197,3200,15809273,1
198,3200,20069327,0.98
199,3200,21442740,0.98
200,3200,19368017,1
201,3200,14033224,0.99
202,3200,16626084,1
203,3200,10204932,1
204,3200,13382172,1
205,3200,19695637,1
206,3200,20496732,0.99
207,3200,15214494,1
208,3200,16640147,1
209,3200,18390405,0.98
210,3200,17748180,1
211,3200,13980277,1
212,3200,16511228,1
213,3200,12175843,1
214,3200,20769381,0.96
215,3200,18485491,1
216,3200,10461840,1
217,3200,11882319,1
218,3200,13633281,1
219,3200,20258314,0.98
220,3200,20819117,0.99
221,3200,21367190,0.95
222,3200,21749560,0.91
223,3200,16953746,1
224,3200,20879519,1
225,3200,22005971,0.99
226,3200,14096994,1
227,3200,18907589,0.99
228,3200,23547493,0.99
229,3200,14409730,1
230,3200,12273150,1
231,3200,13174586,1
232,3200,19019982,0.95
233,3200,21907780,0.99
234,3200,22518976,0.91
235,3200,21901844,0.98
236,3200,14699381,1
237,3200,22133018,0.98
238,3200,22202982,0.99
239,3200,8189382,0.99
240,3200,20741561,1
241,3200,19974483,1
242,3200,15567833,1
243,3200,21658371,0.99
244,3200,21509483,0.95
245,3200,19228779,1
246,3200,17120334,1
247,3200,21043668,1
248,3200,21047037,1
249,3200,19683252,1
250,3200,11042967,1
251,3200,21436523,0.94
252,3200,21639579,0.86
253,3200,16204529,1
254,3200,17868733,1
255,3200,13778182,1
256,3200,16340520,1
257,3200,20594205,0.96
258,3200,18089919,1
259,3200,21137322,1
260,3200,16634987,1
261,3200,13666334,1
262,3200,20714108,0.98
263,3200,19768744,0.98
264,3200,21357686,0.97
265,3200,15450305,0.99
266,3200,11704589,1
267,3200,18414936,1
268,3200,11595443,1
269,3200,19463309,0.99
270,3200,18767546,0.99
271,3200,17579500,1
272,3200,20491696,0.98
273,3200,10904843,1
274,3200,18101299,1
275,3200,11555057,1
276,3200,21064966,0.86
277,3200,17674430,1
278,3200,17717317,1
279,3200,11277583,1
280,3200,15649843,1
281,3200,19880627,1
282,3200,19628046,1
283,3200,16942237,1
284,3200,20286913,0.99
285,3200,19295289,1
286,3200,18379915,1
287,3200,18416632,1
288,3200,17868809,1
289,3200,19309483,0.96
290,3200,16044898,1
291,3200,18909809,0.98
292,3200,20182124,0.99
293,3200,21034000,0.97
294,3200,15996284,1
295,3200,15583802,1
296,3200,20463257,1
297,3200,13270101,1
298,3200,14934054,1
299,3200,18276879,0.94
300,3200,16713426,0.98
301,3200,20396682,0.91
302,3200,16594816,1
303,3200,12937140,1
304,3200,20418235,1
305,3200,14923207,0.96
306,3200,16455368,1
307,3200,19745183,0.99
308,3200,18736762,0.99
309,3200,20520400,0.98
310,3200,10679918,1
311,3200,19027656,1
312,3200,19029444,0.99
313,3200,17315919,1
314,3200,19395295,0.94
315,3200,18800858,0.95
316,3200,20529243,0.94
317,3200,20943153,0.96
318,3200,11146632,1
319,3200,16969981,0.99
320,3200,19034139,1
321,3200,12371676,1
322,3200,14334424,1
323,3200,11141866,1
324,3200,20941881,0.96
325,3200,18762396,0.99
326,3200,13330159,1
327,3200,19698535,0.99
328,3200,13496004,1
329,3200,19400075,0.99
330,3200,16142233,1
331,3200,15728015,1
332,3200,19813459,0.99
333,3200,15566837,1
334,3200,20162169,1
335,3200,16764759,0.98
336,3200,18003894,1
337,3200,11714519,1
338,3200,21022217,0.92
339,3200,18357677,1
340,3200,21296020,0.94
341,3200,20730416,0.99
342,3200,18487391,1
343,3200,18935445,0.98
344,3200,14938056,1
345,3200,12956877,1
346,3200,18780982,1
347,3200,17697504,1
348,3200,15699193,1
349,3200,20401321,1
350,3200,16394846,1
351,3200,8114717,1
352,3200,14707152,1
353,3200,11907871,1
354,3200,15862419,0.99
355,3200,14330790,1
356,3200,18220433,1
357,3200,19566379,0.97
358,3200,18178185,0.98
359,3200,14141833,1
360,3200,16961221,1
361,3200,8237155,1
362,3200,9493205,1
363,3200,18640317,0.97
364,3200,18080651,0.99
365,3200,17959055,0.98
366,3200,13837133,1
367,3200,7300335,1
368,3200,18472033,0.98
369,3200,9361303,1
370,3200,15612818,1
371,3200,18974764,1
372,3200,19010835,1
373,3200,20291766,0.96
374,3200,19644942,0.98
375,3200,15345136,0.99
376,3200,17118713,1
377,3200,18970758,0.99
378,3200,12419654,1
379,3200,18761949,0.99
380,3200,18506406,1
381,3200,18850026,0.99
382,3200,19801311,0.99
383,3200,18935778,0.98
384,3200,16447065,0.98
385,3200,19063487,0.98
386,3200,19281895,0.98
387,3200,20572036,0.97
388,3200,20843513,0.94
389,3200,8906670,1
390,3200,18250501,1
391,3200,19029828,0.98
392,3200,16516482,0.99
393,3200,20075678,1
394,3200,15732244,1
395,3200,18271864,0.99
396,3200,13161302,1
397,3200,13602878,1
398,3200,16569137,1
399,3200,19666721,0.96
400,3200,18624630,1
401,3200,17907736,1
402,3200,12641955,1
403,3200,18383174,1
404,3200,9813066,1
405,3200,19418974,0.97
406,3200,20424234,0.93
407,3200,19489762,0.97
408,3200,18537747,1
409,3200,17052904,1
410,3200,16429908,1
411,3200,11747148,1
412,3200,18121334,1
413,3200,17845427,1
414,3200,18821859,1
415,3200,13942317,1
416,3200,17298078,0.99
417,3200,20371813,0.96
418,3200,16556319,1
419,3200,20166782,0.97
420,3200,20372989,0.95
421,3200,17043575,1
422,3200,14726330,1
423,3200,17567343,1
424,3200,19290488,1
425,3200,18935654,0.99
426,3200,18607260,1
427,3200,13202822,1
428,3200,14038618,1
429,3200,18346725,1
430,3200,16140486,1
431,3200,16380079,1
432,3200,19541383,0.99
433,3200,13808646,1
434,3200,14847983,1
435,3200,20811459,1
436,3200,11574728,1
437,3200,17990333,0.99
438,3200,19738555,1
439,3200,14273931,1
440,3200,15270775,0.99
441,3200,19217515,1
442,3200,20157085,0.96
443,3200,19050150,1
444,3200,18774428,0.99
445,3200,17598871,1
446,3200,18873394,0.98
447,3200,18282169,1
448,3200,17508450,1
449,3200,18611663,1
450,3200,19418508,1
451,3200,16437426,1
452,3200,17368946,1
453,3200,17631944,0.99
454,3200,11183905,1
455,3200,18529087,1
456,3200,19026144,1
457,3200,18077752,0.99
458,3200,15820141,1
459,3200,20529462,0.91
460,3200,15351298,1
461,3200,15093026,1
462,3200,15564700,0.99
463,3200,18858718,0.99
464,3200,18642948,1
465,3200,14991838,1
466,3200,16127857,1
467,3200,17995960,1
468,3200,13024822,1
469,3200,20043453,0.99
470,3200,17110823,1
471,3200,18849717,0.98
472,3200,18452606,1
473,3200,17362414,1
474,3200,18399950,0.98
475,3200,18477887,0.99
476,3200,12381282,1
477,3200,18557654,0.99
478,3200,12224526,1
479,3200,17722487,0.99
480,3200,17892668,0.98
481,3200,18042604,1
482,3200,12657467,1
483,3200,15532953,1
484,3200,17062385,1
485,3200,11002186,1
486,3200,17978467,1
487,3200,18504183,0.99
488,3200,15716698,0.95
489,3200,16820638,1
490,3200,19470168,0.99
491,3200,20654229,0.98
492,3200,18599203,1
493,3200,18201276,0.99
494,3200,10426027,1
495,3200,18841735,0.94
496,3200,19934465,1
497,3200,18436037,0.99
498,3200,13704229,1
499,3200,19169470,0.96
500,3200,16456083,1
501,3200,15456302,1
502,3200,16942459,0.99
503,3200,13297423,1
504,3200,16240045,0.99
505,3200,15515902,1
506,3200,15073618,1
507,3200,17290516,1
508,3200,19035273,0.97
509,3200,14538430,1
510,3200,15241122,1
511,3200,18823836,1
512,3200,17251764,1
513,3200,15099293,1
514,3200,20365965,0.99
515,3200,2656566,0.31
516,3200,18761325,0.99
517,3200,13950753,1
518,3200,12973556,1
519,3200,19320130,0.97
520,3200,16228875,1
521,3200,19744224,0.99
522,3200,18196820,0.97
523,3200,17367376,0.98
524,3200,20213607,0.92
525,3200,19070527,0.99
526,3200,16906905,1
527,3200,19726555,0.97
528,3200,19160160,1
529,3200,12479583,1
530,3200,18650873,1
531,3200,10171513,1
532,3200,11559907,1
533,3200,18936420,1
534,3200,15601250,1
535,3200,19487637,0.96
536,3200,11735172,1
537,3200,11826827,1
538,3200,19806587,0.97
539,3200,14770787,1
540,3200,19312678,1
541,3200,19062526,0.99
542,3200,8629371,1
543,3200,17878815,1
544,3200,19852629,0.96
545,3200,15061878,1
546,3200,19371745,0.99
547,3200,16066393,1
548,3200,12765395,1
549,3200,19342013,0.99
550,3200,15769093,0.99
551,3200,16721792,1
552,3200,8490406,1
553,3200,17337353,1
554,3200,7134936,1
555,3200,7796614,1
556,3200,12898849,1
557,3200,12472985,1
558,3200,18439879,1
559,3200,19143438,0.98
560,3200,14015577,1
561,3200,16612054,1
562,3200,13797708,1
563,3200,17866749,1
564,3200,17409896,0.97
565,3200,13565003,1
566,3200,14052622,1
567,3200,17853852,0.98
568,3200,17412031,1
569,3200,20820972,0.89
570,3200,16422628,1
571,3200,15361835,1
572,3200,18183736,1
573,3200,18807095,1
574,3200,14061020,1
575,3200,11811613,1
576,3200,12283613,1
577,3200,9647538,1
578,3200,19053681,0.98
579,3200,16013463,1
580,3200,16560566,1
581,3200,18822150,1
582,3200,19776351,0.99
583,3200,19302515,0.97
584,3200,16267540,0.99
585,3200,16025876,1
586,3200,18293374,1
587,3200,19327901,0.99
588,3200,19966691,0.97
589,3200,20284881,0.95
590,3200,20556122,0.95
591,3200,15924414,0.99
592,3200,20500041,0.94
593,3200,17941428,0.98
594,3200,17427652,1
595,3200,13160155,1
596,3200,18035754,1
597,3200,17860874,0.97
598,3200,19223893,1
599,3200,19817384,0.99
600,3200,21857182,0.99
601,3200,17300042,1
602,3200,12874563,1
603,3200,11948889,1
604,3200,20514265,0.9
605,3200,16602567,1
606,3200,19936156,0.93
607,3200,18888322,0.95
608,3200,15268273,1
609,3200,17629939,0.99
610,3200,11852828,0.99
611,3200,19207340,0.98
612,3200,14906890,1
613,3200,9796912,1
614,3200,18772501,0.99
615,3200,16809350,0.99
616,3200,17565810,1
617,3200,17297080,1
618,3200,7621538,1
619,3200,17006479,0.98
620,3200,19554871,0.95
621,3200,7856629,1
622,3200,17527120,1
623,3200,17593029,0.97
624,3200,17335736,0.99
625,3200,14883614,0.98
626,3200,14220476,0.99
627,3200,20185699,0.94
628,3200,13292158,1
629,3200,19601172,0.98
630,3200,19365750,1
631,3200,20008385,0.99
632,3200,18465765,1
633,3200,12321850,1
634,3200,18077533,0.98
635,3200,15560632,1
636,3200,16135803,1
637,3200,17120265,0.98
638,3200,17056790,0.99
639,3200,11424723,1
640,3200,19353262,1
641,3200,17800285,1
642,3200,19314248,0.98
643,3200,18309449,0.97
644,3200,18967983,0.98
645,3200,16482964,1
646,3200,19062920,0.98
647,3200,15940486,1
648,3200,19305200,0.96
649,3200,14463453,1
650,3200,12522268,1
651,3200,18359003,1
652,3200,15202325,1
653,3200,17003896,1
654,3200,19515571,1
655,3200,19895936,1
656,3200,16623111,0.99
657,3200,20455588,0.95
658,3200,15398354,1
659,3200,16546854,1
660,3200,15350325,1
661,3200,15875090,1
662,3200,17585161,1
663,3200,11753502,1
664,3200,18971603,0.98
665,3200,18598498,0.98
666,3200,13745471,1
667,3200,19757119,0.99
668,3200,17048004,0.99
669,3200,19106787,0.96
670,3200,17634614,1
671,3200,17316310,1
672,3200,17970774,0.99
673,3200,18929292,0.96
674,3200,9461267,1
675,3200,19302583,0.98
676,3200,18311048,1
677,3200,19201979,0.97
678,3200,15066674,1
679,3200,18420345,0.99
680,3200,19674680,0.96
681,3200,19278762,0.97
682,3200,18102708,1
683,3200,19190680,0.98
684,3200,16739389,0.98
685,3200,16402873,1
686,3200,15880079,1
687,3200,14209062,1
688,3200,20029497,0.92
689,3200,16602663,1
690,3200,17499064,1
691,3200,17974043,1
692,3200,15470099,1
693,3200,16604886,1
694,3200,14746091,1
695,3200,16573763,1
696,3200,19347474,0.96
697,3200,15598811,1
698,3200,19427857,1
699,3200,12861835,1
700,3200,18338542,0.99
701,3200,19415652,0.99
702,3200,13182948,1
703,3200,20440342,0.96
704,3200,14671845,1
705,3200,17350171,1
706,3200,18420727,1
707,3200,14722600,1
708,3200,16409089,1
709,3200,18524142,0.99
710,3200,17350702,1
711,3200,15453727,1
712,3200,18782084,0.99
713,3200,20028443,1
714,3200,18706182,1
715,3200,17161722,1
716,3200,16910540,1
717,3200,19598128,1
718,3200,12127958,1
719,3200,20021142,0.99
720,3200,19919952,0.99
721,3200,18876920,0.94
722,3200,17253412,0.99
723,3200,16852866,1
724,3200,19256542,0.98
725,3200,13456821,0.99
726,3200,9526353,1
727,3200,13424437,1
728,3200,20246567,0.95
729,3200,17959476,1
730,3200,20447132,0.97
731,3200,13799159,1
732,3200,11802546,1
733,3200,11380461,1
734,3200,14255969,1
735,3200,20176615,0.89
736,3200,14263887,1
737,3200,17113186,1
738,3200,17908644,1
739,3200,16992499,1
740,3200,16901278,1
741,3200,20301597,0.96
742,3200,13603752,1
743,3200,19708495,0.91
744,3200,14328930,1
745,3200,19866065,0.98
746,3200,14854713,1
747,3200,16311933,1
748,3200,12210135,1
749,3200,13921258,1
750,3200,20101964,0.97
751,3200,18565227,0.99
752,3200,20828264,0.88
753,3200,17513517,0.98
754,3200,14908656,1
755,3200,17022790,1
756,3200,15597021,1
757,3200,18018798,0.97
758,3200,18385117,1
759,3200,12188359,1
760,3200,20211233,0.95
761,3200,7617626,1
762,3200,13246051,1
763,3200,19887743,0.99
764,3200,23669538,0.98
765,3200,21875409,0.99
766,3200,16902933,1
767,3200,23158620,0.98
768,3200,20373966,0.99
769,3200,18534216,0.96
770,3200,19401534,1
771,3200,15010082,1
772,3200,24064963,0.97
773,3200,13081227,1
774,3200,21866349,0.96
775,3200,11418761,1
776,3200,16793005,1
777,3200,16897654,1
778,3200,16029539,1
779,3200,16645393,1
780,3200,16257876,1
781,3200,20098184,0.97
782,3200,21164311,0.97
783,3200,21542482,0.98
784,3200,12204661,1
785,3200,15602047,1
786,3200,11933265,1
787,3200,13519746,1
788,3200,19560874,1
789,3200,21185328,0.98
790,3200,15044139,1
791,3200,16501598,0.99
792,3200,21254859,0.96
793,3200,21563650,0.96
794,3200,19188081,0.99
795,3200,19897900,0.97
796,3200,16139148,1
797,3200,20018021,0.91
798,3200,20280597,0.99
799,3200,15837377,1
800,3200,17709960,1
801,3200,16586576,1
802,3200,19979546,0.99
803,3200,13840107,1
804,3200,12388337,1
805,3200,19961063,0.98
806,3200,20008629,0.94
807,3200,6734152,1
808,3200,19723488,0.98
809,3200,20497594,0.97
810,3200,17813502,1
811,3200,17938389,1
812,3200,13328576,1
813,3200,19840058,1
814,3200,20735615,0.96
815,3200,25751937,0.99
816,3200,22577413,1
817,3200,24906418,0.92
818,3200,21069670,0.99
819,3200,23143403,0.95
820,3200,21618734,0.99
821,3200,21857355,0.99
822,3200,15166522,1
823,3200,22612430,1
824,3200,20960282,1
825,3200,10823326,1
826,3200,14520114,1
827,3200,19291458,1
828,3200,19016362,1
829,3200,21183935,0.99
830,3200,15189976,1
831,3200,13065300,1
832,3200,21570092,0.93
833,3200,20674570,0.99
834,3200,15626626,1
835,3200,11692569,1
836,3200,19696989,0.95
837,3200,14626782,1
838,3200,2835274,0.23
839,3200,19810899,1
840,3200,19584721,0.99
841,3200,13593193,1
842,3200,12228089,1
843,3200,15235373,1
844,3200,15575459,1
845,3200,21266334,0.98
846,3200,19441007,1
847,3200,12438538,1
848,3200,20495398,0.98
849,3200,18231436,0.99
850,3200,18187655,1
851,3200,11774939,1
852,3200,13158275,1
853,3200,19772977,1
854,3200,13927999,1
855,3200,16434141,1
856,3200,17824045,1
857,3200,18624304,0.99
858,3200,20641692,0.99
859,3200,13975055,1
860,3200,20716649,0.97
861,3200,16624289,1
862,3200,16274684,0.99
863,3200,19355928,1
864,3200,21102671,1
865,3200,20097336,0.86
866,3200,22485841,0.99
867,3200,20590562,0.99
868,3200,22484993,0.98
869,3200,13282674,1
870,3200,17029028,1
871,3200,22133041,0.97
872,3200,20546440,1
873,3200,19083476,1
874,3200,22745112,0.96
875,3200,20061695,1
876,3200,21095218,0.99
877,3200,18670037,1
878,3200,15623641,1
879,3200,18572664,0.98
880,3200,12061536,1
881,3200,21249084,0.99
882,3200,11725480,1
883,3200,18442592,1
884,3200,17713232,1
885,3200,19720729,0.99
886,3200,18312813,1
887,3200,16736997,1
888,3200,16627475,1
889,3200,22112850,1
890,3200,21151439,0.93
891,3200,19270933,1
892,3200,17928001,0.98
893,3200,21139599,1
894,3200,18578614,1
895,3200,18761048,1
896,3200,15144875,1
897,3200,16241277,1
898,3200,21889287,0.94
899,3200,19536327,0.99
900,3200,16877545,1
901,3200,8468983,1
902,3200,19268413,1
903,3200,19082831,1
904,3200,19124932,1
905,3200,12452874,1
906,3200,20160847,1
907,3200,16376101,1
908,3200,17480435,1
909,3200,17674118,1
910,3200,19641480,1
911,3200,16135932,1
912,3200,20868437,0.96
913,3200,19927328,1
914,3200,19003925,1
915,3200,14556004,1
916,3200,8684914,0.99
917,3200,16088483,1
918,3200,21709440,0.99
919,3200,18319494,1
920,3200,15966941,1
921,3200,21295770,1
922,3200,21457808,0.99
923,3200,20121309,1
924,3200,18046063,1
925,3200,23665803,0.99
926,3200,15532277,1
927,3200,20931282,1
928,3200,23501164,0.93
929,3200,20336766,0.97
930,3200,9524485,1
931,3200,21401063,0.97
932,3200,19893931,0.98
933,3200,19919346,1
934,3200,17190225,1
935,3200,21826127,0.92
936,3200,11329464,1
937,3200,20312223,0.96
938,3200,21737315,0.96
939,3200,17998806,1
940,3200,18503845,0.99
941,3200,19169100,1
942,3200,16313356,1
943,3200,20422833,1
944,3200,20689068,0.99
945,3200,14823676,1
946,3200,21635252,0.99
947,3200,20559092,0.96
948,3200,20690999,0.99
949,3200,21790124,0.97
950,3200,19601618,1
951,3200,20610580,0.99
952,3200,19892092,1
953,3200,12938055,1
954,3200,20317209,0.97
955,3200,18750571,0.96
956,3200,17658532,1
957,3200,14144136,1
958,3200,12651315,1
959,3200,15403488,1
960,3200,19153618,0.95
961,3200,13503115,1
962,3200,14630755,1
963,3200,18896212,0.99
964,3200,17153316,1
965,3200,17679062,1
966,3200,15795206,1
967,3200,23601217,1
968,3200,22189484,0.97
969,3200,23016317,0.97
970,3200,17836114,1
971,3200,15945643,1
972,3200,16869574,0.99
973,3200,23145604,0.94
974,3200,16300878,1
975,3200,20859993,1
976,3200,17518250,1
977,3200,16349510,1
978,3200,18666316,1
979,3200,12889000,1
980,3200,12774081,1
981,3200,19977898,1
982,3200,21057376,0.99
983,3200,18255943,1
984,3200,19384955,1
985,3200,19031335,0.99
986,3200,20929661,0.98
987,3200,13568375,1
988,3200,18964868,0.99
989,3200,21705319,0.97
990,3200,15669815,1
991,3200,12371822,1
992,3200,20766778,1
993,3200,16830978,1
994,3200,22787855,0.99
995,3200,21842397,0.97
996,3200,18521024,0.99
997,3200,12953047,1
998,3200,17989265,1
999,3200,22687259,0.95
0,3600,20900948,1
1,3600,23960583,1
2,3600,14723845,1
3,3600,21696421,0.98
4,3600,22872350,0.95
5,3600,17662092,1
6,3600,22692091,0.96
7,3600,23772109,1
8,3600,22871344,0.98
9,3600,15497129,1
10,3600,14522256,1
11,3600,19308074,1
12,3600,22880296,0.99
13,3600,19688731,0.94
14,3600,19143079,1
15,3600,22955041,0.99
16,3600,20801894,1
17,3600,18391018,1
18,3600,23373021,0.91
19,3600,22195107,0.99
20,3600,15296402,1
21,3600,21343767,1
22,3600,21794950,0.98
23,3600,15856363,1
24,3600,23597017,0.96
25,3600,19672736,1
26,3600,10038260,1
27,3600,18788456,1
28,3600,19100707,0.97
29,3600,20005404,1
30,3600,21520096,0.92
31,3600,23242994,0.98
32,3600,20070865,1
33,3600,29649700,0.96
34,3600,13741544,1
35,3600,16322187,1
36,3600,26730753,0.97
37,3600,17984227,1
38,3600,23948888,1
39,3600,24182601,1
40,3600,19384224,1
41,3600,23459552,0.99
42,3600,18855008,1
43,3600,24304858,0.99
44,3600,21864824,0.99
45,3600,21175394,1
46,3600,22367270,0.95
47,3600,17942612,1
48,3600,20672131,1
49,3600,22113860,1
50,3600,23788037,0.97
51,3600,18791380,1
52,3600,23890007,0.98
53,3600,14632567,1
54,3600,20508123,0.97
55,3600,17495895,1
56,3600,18977283,1
57,3600,21176502,1
58,3600,12257669,1
59,3600,13723457,1
60,3600,24002359,0.97
61,3600,20129501,0.98
62,3600,18785449,1
63,3600,19817482,1
64,3600,21975903,0.99
65,3600,21046502,0.99
66,3600,16877015,1
67,3600,20013329,1
68,3600,22809409,1
69,3600,16759816,1
70,3600,11288096,1
71,3600,20976696,0.98
72,3600,13177052,1
73,3600,22434634,1
74,3600,21789335,0.96
75,3600,12992592,0.99
76,3600,22539515,0.98
77,3600,20859008,1
78,3600,18802984,1
79,3600,17567300,1
80,3600,25779258,0.98
81,3600,22013031,1
82,3600,24029823,0.99
83,3600,23956023,1
84,3600,24875662,1
85,3600,22206998,0.99
86,3600,24738072,0.97
87,3600,23317294,1
88,3600,24079120,0.99
89,3600,16179251,1
90,3600,20615136,1
91,3600,15478332,1
92,3600,21050027,0.98
93,3600,21103202,1
94,3600,24059010,0.94
95,3600,24098920,0.98
96,3600,18524119,1
97,3600,23039656,0.97
98,3600,22515510,0.98
99,3600,22753399,0.99
100,3600,22708041,0.98
101,3600,15697337,1
102,3600,12143728,1
103,3600,12705624,1
104,3600,21725146,0.89
105,3600,9671444,1
106,3600,20670295,0.99
107,3600,15393944,1
108,3600,20533396,1
109,3600,22515399,0.98
110,3600,19303361,1
111,3600,22177669,0.97
112,3600,22927170,1
113,3600,19307301,1
114,3600,21470216,1
115,3600,21759169,1
116,3600,20321471,1
117,3600,22689962,0.99
118,3600,23255879,0.91
119,3600,20980387,0.99
120,3600,20810793,0.99
121,3600,20798170,0.97
122,3600,14815562,1
123,3600,14556729,1
124,3600,17346168,1
125,3600,13038698,1
126,3600,20963186,0.99
127,3600,27874036,0.97
128,3600,22037597,0.99
129,3600,25166075,0.99
130,3600,22718487,1
131,3600,23143493,1
132,3600,25688549,0.95
133,3600,19668648,1
134,3600,21864405,1
135,3600,24337362,0.93
136,3600,21720491,0.95
137,3600,23535620,0.99
138,3600,14245644,1
139,3600,21655924,1
140,3600,16156970,1
141,3600,22518376,0.99
142,3600,21693904,1
143,3600,20977191,0.99
144,3600,18940230,1
145,3600,22013998,0.96
146,3600,12641298,1
147,3600,20984345,1
148,3600,20684681,1
149,3600,21940858,0.95
150,3600,17411303,1
151,3600,19500148,0.99
152,3600,20846661,1
153,3600,16697062,1
154,3600,23033030,0.96
155,3600,21016945,0.99
156,3600,15329974,1
157,3600,21062511,1
158,3600,11026261,1
159,3600,21226156,1
160,3600,22185504,0.99
161,3600,10114663,1
162,3600,19695093,0.99
163,3600,16332448,0.99
164,3600,20338969,1
165,3600,21802935,0.99
166,3600,23185215,0.95
167,3600,20990359,0.99
168,3600,18725377,1
169,3600,27451079,0.97
170,3600,22911618,1
171,3600,22000505,1
172,3600,23803985,1
173,3600,19917902,1
174,3600,21900526,0.98
175,3600,25686546,0.96
176,3600,21189173,1
177,3600,19113970,1
178,3600,22984892,0.99
179,3600,13282414,1
180,3600,16182383,1
181,3600,19440265,1
182,3600,23612256,0.95
183,3600,23796115,0.98
184,3600,12407470,1
185,3600,15146756,1
186,3600,16167689,1
187,3600,15647476,1
188,3600,25451607,0.96
189,3600,23830897,0.94
190,3600,23496628,1
191,3600,21085275,1
192,3600,15047023,1
193,3600,23447734,1
194,3600,18948253,1
195,3600,15486160,0.99
196,3600,18038043,1
197,3600,17861142,1
198,3600,21685438,0.98
199,3600,23284289,0.99
200,3600,21358557,1
201,3600,15310687,0.99
202,3600,17986858,1
203,3600,11314028,1
204,3600,14855488,1
205,3600,21353483,1
206,3600,22421551,0.99
207,3600,16678584,1
208,3600,18167642,1
209,3600,20504663,0.98
210,3600,19448179,1
211,3600,15344448,1
212,3600,17932368,1
213,3600,13453126,1
214,3600,23281504,0.96
215,3600,20329890,1
216,3600,15207895,1
217,3600,14577188,1
218,3600,17386813,1
219,3600,25659195,0.98
220,3600,26028127,0.99
221,3600,25876812,0.95
222,3600,27082518,0.93
223,3600,15699237,1
224,3600,22790930,1
225,3600,23167478,0.99
226,3600,15897678,1
227,3600,20728996,0.99
228,3600,24902793,1
229,3600,15486464,1
230,3600,13433674,1
231,3600,14178701,1
232,3600,21748086,0.97
233,3600,23108885,0.99
234,3600,24236214,0.94
235,3600,22868866,0.98
236,3600,16954869,1
237,3600,23722934,0.99
238,3600,23368660,0.99
239,3600,8833718,1
240,3600,22127096,1
241,3600,21962251,1
242,3600,16764864,1
243,3600,22859065,0.99
244,3600,23820779,0.98
245,3600,20803968,1
246,3600,18840670,1
247,3600,22206220,1
248,3600,22507770,1
249,3600,21148418,1
250,3600,11825583,1
251,3600,23334985,0.95
252,3600,23686478,0.87
253,3600,17461304,1
254,3600,19481475,1
255,3600,15370550,1
256,3600,18329804,1
257,3600,22363675,0.97
258,3600,19737904,1
259,3600,22889176,1
260,3600,18198794,1
261,3600,15017731,1
262,3600,28277974,0.98
263,3600,24326287,0.98
264,3600,26024918,0.99
265,3600,18457288,1
266,3600,13592917,1
267,3600,22093884,1
268,3600,13848852,1
269,3600,23353949,0.99
270,3600,21819482,0.99
271,3600,21332167,1
272,3600,25200970,0.98
273,3600,12510191,1
274,3600,21041477,0.99
275,3600,13440841,1
276,3600,24842696,0.89
277,3600,20696103,1
278,3600,20967751,1
279,3600,12825744,1
280,3600,18394189,1
281,3600,23194204,1
282,3600,22443330,1
283,3600,19348907,1
284,3600,23795223,0.99
285,3600,22409589,1
286,3600,20583843,1
287,3600,21463849,1
288,3600,20051098,1
289,3600,21748049,0.96
290,3600,18032278,1
291,3600,21464677,0.98
292,3600,22937204,0.99
293,3600,24325601,0.98
294,3600,18495552,1
295,3600,17384553,1
296,3600,22899676,1
297,3600,14908261,1
298,3600,16869673,1
299,3600,20418887,0.95
300,3600,19515033,0.99
301,3600,23395232,0.93
302,3600,19553681,1
303,3600,14777748,1
304,3600,22811584,1
305,3600,16646572,0.96
306,3600,18631541,1
307,3600,27389189,0.99
308,3600,23573881,0.99
309,3600,26472584,0.98
310,3600,14174605,1
311,3600,23309458,1
312,3600,24473183,0.99
313,3600,22121813,1
314,3600,24199709,0.97
315,3600,22877610,0.95
316,3600,25465102,0.95
317,3600,25459207,0.96
318,3600,13258753,1
319,3600,20448167,0.99
320,3600,22742393,1
321,3600,14683848,1
322,3600,16395682,1
323,3600,12892739,1
324,3600,25120512,0.96
325,3600,21734935,0.99
326,3600,14412646,1
327,3600,23799428,0.99
328,3600,16471454,1
329,3600,22836975,1
330,3600,19014563,1
331,3600,19170484,1
332,3600,23657144,0.99
333,3600,18104660,1
334,3600,23767736,1
335,3600,20186241,0.98
336,3600,21325556,1
337,3600,13828562,1
338,3600,24601540,0.94
339,3600,21369475,1
340,3600,24883402,0.94
341,3600,24049225,0.99
342,3600,20843543,1
343,3600,21475017,0.98
344,3600,16980225,1
345,3600,15436271,1
346,3600,21496786,1
347,3600,20385197,1
348,3600,18361434,1
349,3600,23114090,1
350,3600,19426108,1
351,3600,12503649,1
352,3600,18514350,1
353,3600,15005911,1
354,3600,19694798,0.99
355,3600,18395069,1
356,3600,23096648,1
357,3600,24670687,0.97
358,3600,23241199,0.98
359,3600,17425229,1
360,3600,20777989,1
361,3600,9832431,1
362,3600,11438570,1
363,3600,23906349,0.97
364,3600,23647246,0.99
365,3600,21885279,0.98
366,3600,17393082,1
367,3600,8519566,1
368,3600,23356026,0.99
369,3600,10933739,1
370,3600,18838861,1
371,3600,23754644,1
372,3600,22715909,1
373,3600,24848229,0.97
374,3600,24286690,0.98
375,3600,18826176,0.97
376,3600,19831207,1
377,3600,22415591,0.99
378,3600,14456906,1
379,3600,22764444,1
380,3600,22845345,1
381,3600,22004320,0.99
382,3600,21949067,0.99
383,3600,23205213,0.98
384,3600,18871623,0.98
385,3600,22084363,0.98
386,3600,21658404,0.98
387,3600,24194601,0.97
388,3600,24104878,0.94
389,3600,10194730,1
390,3600,21422728,1
391,3600,21653058,0.98
392,3600,19851292,0.99
393,3600,23883145,1
394,3600,17831530,1
395,3600,22062169,0.99
396,3600,15423105,1
397,3600,19331027,1
398,3600,22090545,1
399,3600,25135227,0.96
400,3600,24629023,1
401,3600,22708690,1
402,3600,16162858,0.99
403,3600,24393731,1
404,3600,12654409,1
405,3600,23520650,0.97
406,3600,25511342,0.94
407,3600,25299922,0.97
408,3600,24156568,1
409,3600,22263044,1
410,3600,20158422,1
411,3600,14485386,1
412,3600,21624032,1
413,3600,22307762,1
414,3600,22135198,1
415,3600,17615888,1
416,3600,21252955,0.99
417,3600,24490449,0.96
418,3600,20132792,1
419,3600,24131436,0.99
420,3600,24041556,0.95
421,3600,20119778,1
422,3600,17426876,1
423,3600,21560679,1
424,3600,23072343,1
425,3600,22646760,0.99
426,3600,22678098,1
427,3600,15675240,1
428,3600,17109943,1
429,3600,21964805,1
430,3600,19155848,1
431,3600,19220192,1
432,3600,23088218,0.99
433,3600,16509584,1
434,3600,16936498,1
435,3600,23161043,1
436,3600,13817478,1
437,3600,20713152,0.99
438,3600,23688985,1
439,3600,16669961,1
440,3600,17188881,0.99
441,3600,26383868,1
442,3600,27014473,0.96
443,3600,24749416,1
444,3600,24182996,0.99
445,3600,23269208,1
446,3600,23302568,0.99
447,3600,23117188,1
448,3600,21856802,1
449,3600,22671238,1
450,3600,23445326,1
451,3600,20997806,1
452,3600,21168709,1
453,3600,21363951,0.99
454,3600,14106653,1
455,3600,22459813,1
456,3600,22799182,1
457,3600,22013758,0.99
458,3600,19906769,1
459,3600,25377075,0.92
460,3600,18516036,1
461,3600,18517479,1
462,3600,18417415,0.99
463,3600,22541254,0.99
464,3600,21746506,1
465,3600,18880297,1
466,3600,19378082,1
467,3600,21293672,1
468,3600,15977970,1
469,3600,24474905,0.99
470,3600,20785367,1
471,3600,22238295,0.99
472,3600,22640257,1
473,3600,20026809,1
474,3600,21638940,0.98
475,3600,22019192,0.99
476,3600,14719451,1
477,3600,22009631,1
478,3600,14350894,1
479,3600,20447099,0.99
480,3600,21410648,0.98
481,3600,21464980,1
482,3600,15203035,1
483,3600,18419460,1
484,3600,19990160,1
485,3600,16424123,1
486,3600,23622879,1
487,3600,25618474,0.99
488,3600,20488306,0.95
489,3600,19313036,1
490,3600,25225205,0.99
491,3600,26599731,0.99
492,3600,23079217,1
493,3600,22738110,1
494,3600,12431452,1
495,3600,24223716,0.94
496,3600,24626004,1
497,3600,22413257,0.99
498,3600,17220162,1
499,3600,23906822,0.97
500,3600,20405195,1
501,3600,18909562,1
502,3600,22050455,0.99
503,3600,16354951,1
504,3600,20507957,0.99
505,3600,17798271,1
506,3600,18956121,1
507,3600,20255122,1
508,3600,24190209,0.97
509,3600,17216281,1
510,3600,18490668,1
511,3600,21744681,1
512,3600,19875326,1
513,3600,18135043,1
514,3600,24033610,0.99
515,3600,3466073,0.22
516,3600,22089560,0.99
517,3600,16950126,1
518,3600,15056600,1
519,3600,23522623,0.97
520,3600,20445261,1
521,3600,22932405,0.99
522,3600,21592482,0.97
523,3600,20745114,0.98
524,3600,23733598,0.93
525,3600,21992780,0.99
526,3600,19227658,1
527,3600,22424075,0.98
528,3600,22522973,1
529,3600,14806402,1
530,3600,27443297,1
531,3600,13357967,1
532,3600,14337100,1
533,3600,25002052,1
534,3600,19191839,1
535,3600,25453142,0.96
536,3600,14549168,1
537,3600,15579144,1
538,3600,25793347,0.97
539,3600,18861432,1
540,3600,24365549,1
541,3600,24909705,0.99
542,3600,10552260,1
543,3600,22777575,1
544,3600,25161032,0.97
545,3600,18429507,1
546,3600,24282380,0.99
547,3600,19722289,1
548,3600,16828876,1
549,3600,23928991,0.99
550,3600,19910393,0.99
551,3600,20507546,1
552,3600,10536646,1
553,3600,21280441,1
554,3600,9346685,1
555,3600,9428984,1
556,3600,15281254,1
557,3600,15020005,1
558,3600,22553213,1
559,3600,23227006,0.99
560,3600,16412711,1
561,3600,20057614,1
562,3600,16367658,1
563,3600,20991740,1
564,3600,20253103,0.98
565,3600,15839417,1
566,3600,16137635,1
567,3600,21005781,0.99
568,3600,21256320,1
569,3600,25050119,0.9
570,3600,19195836,1
571,3600,17825941,1
572,3600,21777200,1
573,3600,21724560,1
574,3600,16905306,1
575,3600,13773612,1
576,3600,13893551,1
577,3600,11203114,1
578,3600,25603984,0.99
579,3600,21342846,1
580,3600,21520732,1
581,3600,23806596,1
582,3600,25773147,0.99
583,3600,24769709,0.98
584,3600,20544323,0.99
585,3600,20475436,1
586,3600,23021438,1
587,3600,25443278,1
588,3600,25031757,0.98
589,3600,24690737,0.95
590,3600,24744301,0.96
591,3600,19008740,1
592,3600,24681392,0.96
593,3600,21350249,0.98
594,3600,21699794,1
595,3600,16459805,1
596,3600,22403282,1
597,3600,21745460,0.97
598,3600,23374468,0.99
599,3600,24773948,1
600,3600,22496384,0.99
601,3600,21283965,1
602,3600,16132572,1
603,3600,14524196,1
604,3600,24221431,0.93
605,3600,21597917,1
606,3600,23221675,0.95
607,3600,22635653,0.97
608,3600,18436208,1
609,3600,20522276,1
610,3600,14507420,1
611,3600,22667357,0.98
612,3600,18062226,1
613,3600,11682983,1
614,3600,22050197,0.99
615,3600,19844696,0.99
616,3600,20310463,1
617,3600,20237928,1
618,3600,9143829,1
619,3600,19505054,0.98
620,3600,22865065,0.96
621,3600,9246912,1
622,3600,24927771,1
623,3600,23940910,0.98
624,3600,23083533,0.99
625,3600,18861226,0.97
626,3600,17907695,0.99
627,3600,26862418,0.95
628,3600,16339067,1
629,3600,25026946,1
630,3600,25384086,1
631,3600,25435619,0.99
632,3600,23763050,1
633,3600,16017030,1
634,3600,23497307,0.98
635,3600,19359646,1
636,3600,20258821,1
637,3600,22182806,0.99
638,3600,21399817,0.99
639,3600,13618878,1
640,3600,23759845,1
641,3600,21828906,1
642,3600,24449416,0.98
643,3600,22039680,0.98
644,3600,23199327,0.98
645,3600,20045548,1
646,3600,22874183,0.98
647,3600,19014757,1
648,3600,23008773,0.97
649,3600,16711417,1
650,3600,14613928,1
651,3600,22398624,1
652,3600,19213132,1
653,3600,20966708,1
654,3600,23134141,1
655,3600,23085650,1
656,3600,19331249,0.99
657,3600,24099209,0.97
658,3600,17877082,1
659,3600,18943472,1
660,3600,18451847,1
661,3600,18129445,1
662,3600,20988878,1
663,3600,13839023,1
664,3600,21713670,0.98
665,3600,21436477,0.99
666,3600,19520670,1
667,3600,26176371,0.99
668,3600,22685292,0.99
669,3600,25108514,0.97
670,3600,22303765,1
671,3600,22159070,1
672,3600,22496105,0.99
673,3600,25655660,0.96
674,3600,12038369,1
675,3600,24468954,0.99
676,3600,22733287,1
677,3600,24214351,0.97
678,3600,20019605,1
679,3600,23452714,0.99
680,3600,24622934,0.96
681,3600,23674663,0.98
682,3600,22197485,1
683,3600,23368708,0.98
684,3600,19611966,0.98
685,3600,20303916,1
686,3600,19502216,1
687,3600,17646479,1
688,3600,24388298,0.94
689,3600,19151510,1
690,3600,21412341,1
691,3600,21116103,1
692,3600,18639661,1
693,3600,20142729,1
694,3600,18338703,1
695,3600,20046157,1
696,3600,22799758,0.97
697,3600,19026945,1
698,3600,22945055,1
699,3600,15297406,1
700,3600,21737149,0.99
701,3600,22761242,0.99
702,3600,15846152,1
703,3600,23894782,0.96
704,3600,17127216,1
705,3600,20153048,1
706,3600,21358277,1
707,3600,17482513,1
708,3600,17665359,1
709,3600,23846570,0.99
710,3600,21920147,1
711,3600,18882953,1
712,3600,23372268,0.99
713,3600,25554276,0.99
714,3600,22886073,1
715,3600,21018180,1
716,3600,22441596,1
717,3600,23498020,1
718,3600,14949584,1
719,3600,25625955,0.99
720,3600,24263852,0.99
721,3600,22266561,0.94
722,3600,20756414,0.99
723,3600,20450266,1
724,3600,22906480,0.98
725,3600,16365917,0.99
726,3600,11482549,1
727,3600,16088312,1
728,3600,23880452,0.95
729,3600,22317470,1
730,3600,24126835,0.97
731,3600,16090603,1
732,3600,13575221,1
733,3600,13387246,1
734,3600,17994200,1
735,3600,23904134,0.9
736,3600,16632589,1
737,3600,20238529,1
738,3600,20906384,1
739,3600,19580786,1
740,3600,19884519,1
741,3600,24312499,0.97
742,3600,15625829,1
743,3600,23960473,0.92
744,3600,16867962,1
745,3600,24051050,0.98
746,3600,16873699,1
747,3600,19013121,1
748,3600,14115862,1
749,3600,16007028,1
750,3600,24168547,0.97
751,3600,21619109,1
752,3600,24259057,0.88
753,3600,21298398,0.98
754,3600,17011624,1
755,3600,24405636,1
756,3600,20234066,1
757,3600,24720192,0.97
758,3600,23857024,1
759,3600,15523337,1
760,3600,25916630,0.97
761,3600,9574383,1
762,3600,18348346,1
763,3600,24490099,1
764,3600,21635922,0.98
765,3600,23710267,1
766,3600,19265194,1
767,3600,24981207,0.98
768,3600,22138707,0.99
769,3600,20587642,0.96
770,3600,21117120,1
771,3600,16652589,1
772,3600,25892811,0.97
773,3600,15358036,1
774,3600,24262220,0.97
775,3600,12631186,1
776,3600,18968582,1
777,3600,19064940,1
778,3600,17413373,1
779,3600,18207326,1
780,3600,18192832,1
781,3600,22097266,0.97
782,3600,23234536,0.97
783,3600,24203624,0.98
784,3600,13683802,1
785,3600,17628794,1
786,3600,13631109,1
787,3600,15431124,1
788,3600,21880479,1
789,3600,23567285,0.98
790,3600,16595738,1
791,3600,18726428,0.99
792,3600,23610694,0.97
793,3600,24240720,0.96
794,3600,21830317,1
795,3600,22162213,0.97
796,3600,18228587,1
797,3600,22359676,0.93
798,3600,22538775,0.99
799,3600,17773666,1
800,3600,24043700,1
801,3600,21085393,1
802,3600,25075509,0.99
803,3600,17637656,1
804,3600,15232403,1
805,3600,24717935,0.98
806,3600,24752705,0.94
807,3600,7769804,1
808,3600,24357095,0.98
809,3600,24812927,0.99
810,3600,22525407,1
811,3600,21911887,1
812,3600,15820595,1
813,3600,23971317,1
814,3600,24987884,0.97
815,3600,23909275,0.99
816,3600,23089974,1
817,3600,25388208,0.93
818,3600,22314706,0.99
819,3600,23779989,0.95
820,3600,22818272,0.99
821,3600,23036951,0.99
822,3600,16383667,1
823,3600,24141101,1
824,3600,22429606,1
825,3600,11822899,1
826,3600,15432967,1
827,3600,21208567,1
828,3600,20088076,1
829,3600,23097967,0.99
830,3600,16439278,1
831,3600,14174793,1
832,3600,23624182,0.93
833,3600,22641437,0.99
834,3600,17284402,1
835,3600,12872888,1
836,3600,21438684,0.95
837,3600,16032838,1
838,3600,3308444,0.22
839,3600,21933370,1
840,3600,21798436,0.99
841,3600,15005318,1
842,3600,13775933,1
843,3600,16776373,1
844,3600,17240263,1
845,3600,23622481,0.98
846,3600,25777273,1
847,3600,15532356,1
848,3600,25407331,0.98
849,3600,22472970,0.99
850,3600,22249069,1
851,3600,14985621,1
852,3600,15928097,1
853,3600,24981129,1
854,3600,16984072,1
855,3600,20115383,1
856,3600,21230210,1
857,3600,22562206,1
858,3600,24693801,0.99
859,3600,16933281,1
860,3600,24929873,0.97
861,3600,19736834,1
862,3600,19566046,0.99
863,3600,22881104,1
864,3600,25189547,1
865,3600,23563955,0.88
866,3600,22581200,0.99
867,3600,21041550,1
868,3600,23325651,0.98
869,3600,13219446,1
870,3600,16926476,1
871,3600,22543102,0.97
872,3600,21720963,1
873,3600,19362351,1
874,3600,23603788,0.98
875,3600,21274300,1
876,3600,22699268,0.99
877,3600,20052721,1
878,3600,16042971,1
879,3600,19936895,0.99
880,3600,12762993,1
881,3600,22838763,0.99
882,3600,12441903,1
883,3600,19752344,1
884,3600,18495874,1
885,3600,21314005,1
886,3600,20008360,1
887,3600,18340507,1
888,3600,18138919,1
889,3600,23741402,1
890,3600,22887670,0.94
891,3600,26752396,1
892,3600,21753798,1
893,3600,25502964,1
894,3600,22644621,1
895,3600,22920094,1
896,3600,18277127,1
897,3600,18726718,1
898,3600,26483005,0.94
899,3600,23090017,0.99
900,3600,20438630,1
901,3600,9904442,1
902,3600,23726633,1
903,3600,22708621,1
904,3600,22193288,1
905,3600,14387364,1
906,3600,23826479,1
907,3600,18610172,1
908,3600,20185150,1
909,3600,20328338,1
910,3600,22701984,1
911,3600,18519423,1
912,3600,23967240,0.97
913,3600,23856247,1
914,3600,22027181,1
915,3600,16568584,1
916,3600,9794999,0.99
917,3600,13788537,1
918,3600,21911401,0.99
919,3600,18907599,1
920,3600,16250438,1
921,3600,21796686,1
922,3600,22045331,0.99
923,3600,20984447,1
924,3600,19850280,1
925,3600,24339178,0.99
926,3600,16170856,1
927,3600,21212313,1
928,3600,24745317,0.96
929,3600,20731865,0.98
930,3600,9966229,1
931,3600,22753160,0.98
932,3600,21122428,0.98
933,3600,21540728,1
934,3600,18462251,1
935,3600,23976874,0.92
936,3600,15953869,1
937,3600,25145091,0.96
938,3600,26978973,0.96
939,3600,20184689,1
940,3600,22659506,0.99
941,3600,22910280,1
942,3600,19612754,1
943,3600,24728718,1
944,3600,25413704,0.99
945,3600,17122139,1
946,3600,25136613,0.99
947,3600,24593476,0.96
948,3600,24522965,0.99
949,3600,25772475,0.97
950,3600,21969191,1
951,3600,24121194,0.99
952,3600,22783568,1
953,3600,14587263,1
954,3600,23722586,0.97
955,3600,21421567,0.96
956,3600,20606090,1
957,3600,16217330,1
958,3600,14874294,1
959,3600,18085229,1
960,3600,22167723,0.97
961,3600,15420797,1
962,3600,16792948,1
963,3600,21720544,1
964,3600,19549670,1
965,3600,20295335,1
966,3600,17801929,1
967,3600,21450663,1
968,3600,22350952,0.98
969,3600,22821097,0.97
970,3600,18273647,1
971,3600,16707275,1
972,3600,17299711,1
973,3600,23123238,0.95
974,3600,16479013,1
975,3600,21106265,1
976,3600,17996708,1
977,3600,16940657,1
978,3600,19997068,1
979,3600,12874372,1
980,3600,13109380,1
981,3600,25848785,1
982,3600,25782735,0.99
983,3600,20937816,1
984,3600,23069639,1
985,3600,22296315,1
986,3600,24288275,0.99
987,3600,15918330,1
988,3600,22317690,0.99
989,3600,25368998,0.98
990,3600,18045136,1
991,3600,14282937,1
992,3600,24214245,1
993,3600,19341158,1
994,3600,26266578,0.99
995,3600,25474339,0.97
996,3600,21371265,1
997,3600,14356558,1
998,3600,20591313,1
999,3600,26190699,0.95
0,4000,23324208,1
1,4000,26031048,1
2,4000,16956799,1
3,4000,23787847,1
4,4000,24905417,0.98
5,4000,19494373,1
6,4000,24742100,0.97
7,4000,25865971,1
8,4000,25008117,0.98
9,4000,17399982,1
10,4000,16482696,1
11,4000,21447966,1
12,4000,25043423,0.99
13,4000,21681308,0.94
14,4000,20989158,1
15,4000,25224915,1
16,4000,23010919,1
17,4000,20674509,1
18,4000,25761733,0.94
19,4000,24332637,0.99
20,4000,16808500,1
21,4000,23569005,1
22,4000,24144072,0.98
23,4000,17865674,1
24,4000,26019452,0.96
25,4000,27346329,1
26,4000,12430202,1
27,4000,23420335,1
28,4000,23394952,0.97
29,4000,23329470,1
30,4000,25925069,0.93
31,4000,27558089,0.98
32,4000,24320225,1
33,4000,27247031,0.96
34,4000,15858946,1
35,4000,17720795,1
36,4000,27770273,0.98
37,4000,19096699,1
38,4000,24973699,1
39,4000,24413087,1
40,4000,21316318,1
41,4000,25187774,0.99
42,4000,20444096,1
43,4000,25365753,0.99
44,4000,24220784,0.99
45,4000,22397477,1
46,4000,23941917,0.96
47,4000,19854584,1
48,4000,22295783,1
49,4000,23993824,1
50,4000,25907399,0.97
51,4000,20765944,1
52,4000,25842183,0.99
53,4000,16028872,1
54,4000,21682032,0.98
55,4000,19644335,1
56,4000,20875276,1
57,4000,23242606,1
58,4000,13816551,1
59,4000,15593016,1
60,4000,25944896,0.97
61,4000,21777818,0.99
62,4000,20664089,1
63,4000,21463563,1
64,4000,23945953,0.99
65,4000,23025337,0.99
66,4000,22925587,1
67,4000,24450661,1
68,4000,28149648,1
69,4000,19775145,1
70,4000,14400621,1
71,4000,25768094,0.98
72,4000,15778670,1
73,4000,27070243,1
74,4000,26235667,0.97
75,4000,14672552,0.99
76,4000,27288702,0.99
77,4000,24254378,1
78,4000,21633221,1
79,4000,16342891,1
80,4000,26747228,0.98
81,4000,22658616,1
82,4000,24784348,1
83,4000,25127754,1
84,4000,26085899,1
85,4000,22680543,0.99
86,4000,26350598,0.98
87,4000,24983731,1
88,4000,25683718,0.99
89,4000,16830346,1
90,4000,21243038,1
91,4000,16300511,1
92,4000,22320380,0.99
93,4000,22303256,1
94,4000,25932061,0.94
95,4000,25746609,0.98
96,4000,19932020,1
97,4000,24895674,0.98
98,4000,24535982,0.99
99,4000,24426911,0.99
100,4000,24445019,0.98
101,4000,16322176,1
102,4000,12992506,1
103,4000,13567081,1
104,4000,23639264,0.9
105,4000,10537406,1
106,4000,22012981,0.99
107,4000,16476533,1
108,4000,27299900,1
109,4000,28296099,0.98
110,4000,23446538,1
111,4000,27719108,0.97
112,4000,28547908,1
113,4000,22957158,1
114,4000,25789579,1
115,4000,25301146,1
116,4000,24013620,1
117,4000,27238364,0.99
118,4000,27217631,0.91
119,4000,23972246,0.99
120,4000,24069268,0.99
121,4000,24970269,0.99
122,4000,17446876,1
123,4000,17042322,1
124,4000,14313157,1
125,4000,13237320,1
126,4000,21397264,0.99
127,4000,28195943,0.97
128,4000,22672995,0.99
129,4000,25885575,0.99
130,4000,23781946,1
131,4000,23711313,1
132,4000,26755386,0.96
133,4000,20340479,1
134,4000,23181153,1
135,4000,25788258,0.93
136,4000,23490517,0.95
137,4000,24962273,0.99
138,4000,14778087,1
139,4000,23250650,1
140,4000,17048366,1
141,4000,24150657,0.99
142,4000,23186507,1
143,4000,22382481,1
144,4000,19887133,1
145,4000,23722068,0.96
146,4000,13766018,1
147,4000,22273883,1
148,4000,28360047,1
149,4000,26908536,0.96
150,4000,20316299,1
151,4000,22705241,1
152,4000,24805586,1
153,4000,18717721,1
154,4000,27011858,0.96
155,4000,24880409,0.99
156,4000,17837585,1
157,4000,24782406,1
158,4000,12805026,1
159,4000,24565146,1
160,4000,26205094,0.99
161,4000,11402159,1
162,4000,22352668,0.99
163,4000,18409487,1
164,4000,23258103,1
165,4000,24799400,1
166,4000,26880021,0.95
167,4000,23924243,0.99
168,4000,21708756,1
169,4000,26578266,0.97
170,4000,22355672,1
171,4000,22504019,1
172,4000,24359468,1
173,4000,20121527,1
174,4000,22698666,0.98
175,4000,26090259,0.96
176,4000,22215114,1
177,4000,20177772,1
178,4000,23880967,0.99
179,4000,13454795,1
180,4000,17051182,1
181,4000,20131980,1
182,4000,24540216,0.96
183,4000,24936668,0.98
184,4000,12625725,1
185,4000,15763420,1
186,4000,16981668,1
187,4000,16410208,1
188,4000,26656865,0.96
189,4000,25359835,0.94
190,4000,30844858,1
191,4000,25399610,1
192,4000,17980471,1
193,4000,27535107,1
194,4000,22143776,1
195,4000,17669271,0.99
196,4000,21111538,1
197,4000,20418622,1
198,4000,25548494,0.99
199,4000,27290004,0.99
200,4000,24785359,1
201,4000,17400262,0.99
202,4000,21335716,1
203,4000,13329573,1
204,4000,16881299,1
205,4000,23950714,1
206,4000,25280645,0.99
207,4000,19579999,1
208,4000,20310816,1
209,4000,23506012,0.98
210,4000,22403419,1
211,4000,17192475,1
212,4000,20513149,1
213,4000,15043214,1
214,4000,26689642,0.96
215,4000,23757202,1
216,4000,12942171,1
217,4000,14772067,1
218,4000,17576427,1
219,4000,24917842,0.99
220,4000,26607392,1
221,4000,26338430,0.95
222,4000,27125557,0.94
223,4000,15950305,1
224,4000,23729541,1
225,4000,23718794,0.99
226,4000,16397748,1
227,4000,21265739,1
228,4000,25528832,1
229,4000,16083141,1
230,4000,14047956,1
231,4000,14655971,1
232,4000,22701040,0.97
233,4000,29264902,0.99
234,4000,29215594,0.95
235,4000,26911837,0.98
236,4000,19584587,1
237,4000,27645764,0.99
238,4000,26902011,0.99
239,4000,9830920,1
240,4000,25658708,1
241,4000,25767817,1
242,4000,19584517,1
243,4000,26071855,0.99
244,4000,28118163,0.98
245,4000,24042282,1
246,4000,21629908,0.99
247,4000,25042245,1
248,4000,25458223,1
249,4000,24140881,1
250,4000,13732046,1
251,4000,26632347,0.96
252,4000,27270952,0.88
253,4000,19881546,1
254,4000,21778373,1
255,4000,16949097,1
256,4000,21113522,1
257,4000,24845595,0.97
258,4000,22210717,1
259,4000,25737331,1
260,4000,20535876,1
261,4000,16866591,1
262,4000,25159193,0.98
263,4000,24317185,0.99
264,4000,26153891,0.99
265,4000,19402685,0.99
266,4000,14191505,1
267,4000,22333358,1
268,4000,14187831,1
269,4000,23843594,0.99
270,4000,22553243,0.99
271,4000,21553622,1
272,4000,26074153,0.98
273,4000,16261343,1
274,4000,24721784,1
275,4000,15845936,1
276,4000,29098755,0.89
277,4000,23749694,1
278,4000,24071049,1
279,4000,15212784,1
280,4000,21603991,1
281,4000,26464812,1
282,4000,25622931,1
283,4000,21948182,1
284,4000,27331824,0.99
285,4000,25452481,1
286,4000,23268778,1
287,4000,24415565,1
288,4000,22145695,1
289,4000,24335377,0.96
290,4000,20410446,1
291,4000,24028559,0.98
292,4000,25659424,0.99
293,4000,27399589,1
294,4000,20630007,1
295,4000,19315767,1
296,4000,25775563,1
297,4000,17266095,1
298,4000,19184431,1
299,4000,22640847,0.95
300,4000,21789252,0.99
301,4000,26124511,0.93
302,4000,21838350,1
303,4000,16569476,1
304,4000,25478032,1
305,4000,18352983,0.96
306,4000,20704112,1
307,4000,24924483,0.99
308,4000,23652655,1
309,4000,26083806,0.98
310,4000,13819474,1
311,4000,23645234,1
312,4000,24493442,0.99
313,4000,21737445,1
314,4000,31067278,0.97
315,4000,26691332,0.96
316,4000,28714372,0.96
317,4000,28583315,0.97
318,4000,15283787,1
319,4000,23175608,0.99
320,4000,25791067,1
321,4000,16404998,1
322,4000,19327683,1
323,4000,14408982,1
324,4000,28721620,0.96
325,4000,24337130,0.99
326,4000,15832260,1
327,4000,26650532,0.99
328,4000,18444701,1
329,4000,25705473,1
330,4000,21394735,1
331,4000,21028201,1
332,4000,27206626,1
333,4000,20010605,1
334,4000,26510854,1
335,4000,22185798,0.98
336,4000,23694452,1
337,4000,15552127,1
338,4000,27612641,0.95
339,4000,23874458,1
340,4000,27771214,0.95
341,4000,26881891,0.99
342,4000,23114888,1
343,4000,24073826,0.98
344,4000,18932590,1
345,4000,17232562,1
346,4000,24061206,1
347,4000,22584060,1
348,4000,20521104,1
349,4000,25572485,1
350,4000,20972323,1
351,4000,10203420,1
352,4000,18461818,1
353,4000,14854945,1
354,4000,20031610,0.99
355,4000,22807117,1
356,4000,25604487,1
357,4000,27785780,0.97
358,4000,26298538,0.99
359,4000,18756112,1
360,4000,22783866,1
361,4000,11058060,1
362,4000,12260089,1
363,4000,26751221,0.98
364,4000,25975938,0.99
365,4000,24305173,0.98
366,4000,18761474,1
367,4000,9388833,1
368,4000,25603146,0.99
369,4000,11900688,1
370,4000,20775880,1
371,4000,25877499,1
372,4000,25106128,1
373,4000,27727264,0.97
374,4000,28021236,1
375,4000,20502453,0.98
376,4000,21926687,1
377,4000,24500923,0.99
378,4000,15815498,1
379,4000,25234771,1
380,4000,25314062,1
381,4000,24362322,0.99
382,4000,24051995,0.99
383,4000,25711191,0.98
384,4000,20865535,0.98
385,4000,24401484,0.99
386,4000,23967650,0.99
387,4000,26721656,0.98
388,4000,26681076,0.95
389,4000,11100583,1
390,4000,23866127,1
391,4000,23828696,0.98
392,4000,21936826,0.99
393,4000,26407399,1
394,4000,19662126,1
395,4000,24247219,1
396,4000,20984835,1
397,4000,19626816,1
398,4000,23830132,1
399,4000,28302341,0.97
400,4000,26379299,1
401,4000,25439116,1
402,4000,17000398,1
403,4000,26027650,1
404,4000,13506030,1
405,4000,26435422,0.98
406,4000,27681060,0.95
407,4000,27978405,0.97
408,4000,26031602,1
409,4000,24124978,1
410,4000,22280538,1
411,4000,15330114,1
412,4000,23965718,1
413,4000,24212390,1
414,4000,24675364,1
415,4000,18949753,1
416,4000,23260546,0.99
417,4000,26955895,0.96
418,4000,22025264,1
419,4000,27327906,1
420,4000,26712683,0.96
421,4000,22015379,1
422,4000,19016254,1
423,4000,23705338,1
424,4000,25224876,1
425,4000,24676950,0.99
426,4000,24478838,1
427,4000,16897449,1
428,4000,18449876,1
429,4000,23996894,1
430,4000,21206826,1
431,4000,20952091,1
432,4000,25182081,0.99
433,4000,17970233,1
434,4000,18482897,1
435,4000,25325522,1
436,4000,18992886,1
437,4000,25289610,0.99
438,4000,28728344,1
439,4000,20141525,1
440,4000,20432363,0.99
441,4000,27805530,1
442,4000,28531377,0.98
443,4000,25947023,1
444,4000,25795269,0.99
445,4000,24808396,1
446,4000,24550790,0.99
447,4000,24851939,1
448,4000,23405792,1
449,4000,24203105,1
450,4000,25197440,1
451,4000,22459970,1
452,4000,22746211,1
453,4000,23149920,1
454,4000,15251136,1
455,4000,24228169,1
456,4000,24957465,1
457,4000,23477126,0.99
458,4000,21427080,1
459,4000,27588051,0.92
460,4000,20300622,1
461,4000,20179428,1
462,4000,19827030,0.99
463,4000,24458201,0.99
464,4000,23842843,1
465,4000,20580616,1
466,4000,21256870,1
467,4000,23096040,1
468,4000,17375229,1
469,4000,26704502,0.99
470,4000,22814395,1
471,4000,24171008,0.99
472,4000,24718993,1
473,4000,21885274,1
474,4000,23488651,0.99
475,4000,28723566,0.99
476,4000,17560997,1
477,4000,27182905,1
478,4000,16859695,1
479,4000,25260860,0.99
480,4000,25797854,0.98
481,4000,25778223,1
482,4000,17708775,1
483,4000,22000574,1
484,4000,23866732,1
485,4000,14800309,1
486,4000,24947871,1
487,4000,26840470,0.99
488,4000,21940350,0.95
489,4000,20634833,1
490,4000,26648437,1
491,4000,28282851,0.99
492,4000,24946550,1
493,4000,24774675,1
494,4000,13304646,1
495,4000,25590649,0.96
496,4000,26201571,1
497,4000,24418927,0.99
498,4000,18429574,1
499,4000,25510376,0.97
500,4000,21936477,1
501,4000,20563439,1
502,4000,23726547,0.99
503,4000,17546199,1
504,4000,21801823,1
505,4000,19493642,1
506,4000,20397804,1
507,4000,21961477,1
508,4000,25589932,0.98
509,4000,18633457,1
510,4000,19903858,1
511,4000,23915069,1
512,4000,21805728,1
513,4000,19636165,1
514,4000,26102952,1
515,4000,3931748,0.22
516,4000,24282544,0.99
517,4000,22984503,1
518,4000,18127829,1
519,4000,28392225,0.97
520,4000,24108143,1
521,4000,28331909,0.99
522,4000,25901465,0.97
523,4000,24476133,0.98
524,4000,28048796,0.94
525,4000,25552103,0.99
526,4000,23143898,1
527,4000,26350544,0.98
528,4000,26145645,1
529,4000,17137980,1
530,4000,25802716,1
531,4000,14366518,1
532,4000,14758103,1
533,4000,25491145,1
534,4000,20435604,1
535,4000,25708030,0.97
536,4000,15629469,1
537,4000,16362078,1
538,4000,26909771,0.97
539,4000,19708344,1
540,4000,25100284,1
541,4000,26125791,0.99
542,4000,11278181,1
543,4000,23894002,1
544,4000,26533774,0.97
545,4000,19666000,1
546,4000,25561868,0.99
547,4000,20793154,1
548,4000,18056002,1
549,4000,25707371,0.99
550,4000,21140189,1
551,4000,21562533,1
552,4000,11311110,1
553,4000,22819945,1
554,4000,10120614,1
555,4000,10367075,1
556,4000,16534266,1
557,4000,16030158,1
558,4000,24126961,1
559,4000,28489774,0.99
560,4000,19243585,1
561,4000,23428264,1
562,4000,18626586,1
563,4000,24076781,1
564,4000,23279294,0.98
565,4000,18661704,1
566,4000,18276136,1
567,4000,24057802,0.99
568,4000,25745939,1
569,4000,30244934,0.92
570,4000,21564557,1
571,4000,20175016,1
572,4000,26042082,1
573,4000,25104896,1
574,4000,19663792,1
575,4000,15917348,1
576,4000,15619035,1
577,4000,12726224,1
578,4000,25306197,0.99
579,4000,21999093,1
580,4000,21368918,1
581,4000,24631342,1
582,4000,27254473,0.99
583,4000,26540739,0.98
584,4000,20984210,1
585,4000,21277794,1
586,4000,23645079,1
587,4000,27303956,1
588,4000,26725996,0.98
589,4000,26503450,0.96
590,4000,27062730,0.98
591,4000,20015002,1
592,4000,27184786,0.97
593,4000,22887052,0.98
594,4000,22875980,1
595,4000,17005221,1
596,4000,23898263,1
597,4000,23008201,0.98
598,4000,25062686,0.99
599,4000,27116977,1
600,4000,24719073,1
601,4000,22528953,1
602,4000,21421985,1
603,4000,16320066,1
604,4000,29654982,0.93
605,4000,25511699,1
606,4000,28144954,0.95
607,4000,26792916,0.98
608,4000,21445299,1
609,4000,24193960,1
610,4000,16421356,0.99
611,4000,26771348,0.98
612,4000,21077411,1
613,4000,13201910,1
614,4000,25963733,1
615,4000,23236795,1
616,4000,23452707,1
617,4000,23151198,1
618,4000,10408560,1
619,4000,22172044,0.99
620,4000,26048343,0.97
621,4000,10081402,1
622,4000,24132296,1
623,4000,24240826,0.99
624,4000,23528158,0.99
625,4000,19356481,0.99
626,4000,18328932,0.99
627,4000,27225855,0.96
628,4000,17010626,1
629,4000,25561828,1
630,4000,25741457,1
631,4000,26192842,0.99
632,4000,24207253,1
633,4000,16744662,1
634,4000,24675011,0.99
635,4000,20207919,1
636,4000,20902871,1
637,4000,23146692,0.99
638,4000,22902027,0.99
639,4000,14349499,1
640,4000,25344374,1
641,4000,23220442,1
642,4000,25355689,0.98
643,4000,28233700,0.99
644,4000,27355338,0.98
645,4000,23993468,1
646,4000,26604881,0.98
647,4000,22393214,1
648,4000,26563398,0.97
649,4000,19471086,1
650,4000,17040225,1
651,4000,26410615,1
652,4000,21823549,1
653,4000,24241695,1
654,4000,27153531,1
655,4000,26445422,1
656,4000,22046295,0.99
657,4000,28114704,0.98
658,4000,19993523,1
659,4000,21300411,1
660,4000,20937894,1
661,4000,20273292,1
662,4000,23802482,1
663,4000,15687066,1
664,4000,24424317,0.98
665,4000,24078048,1
666,4000,17205752,1
667,4000,26117273,0.99
668,4000,23519204,1
669,4000,25261976,0.97
670,4000,23375377,1
671,4000,22867393,1
672,4000,22887794,1
673,4000,25853759,0.98
674,4000,12196586,1
675,4000,25161194,0.99
676,4000,23657783,1
677,4000,24813563,0.99
678,4000,20469792,1
679,4000,24598694,0.99
680,4000,25707750,0.96
681,4000,25128828,0.98
682,4000,26965653,1
683,4000,28216572,0.98
684,4000,23322084,0.98
685,4000,23152529,1
686,4000,23303151,1
687,4000,20591168,1
688,4000,28372379,0.94
689,4000,21983550,1
690,4000,24583596,1
691,4000,24267727,1
692,4000,21025934,1
693,4000,23343449,1
694,4000,20640981,1
695,4000,23584023,1
696,4000,26156873,0.97
697,4000,21324436,1
698,4000,26405119,1
699,4000,17515624,1
700,4000,24815836,0.99
701,4000,25967591,0.99
702,4000,17923734,1
703,4000,27201531,0.96
704,4000,18682059,1
705,4000,22626952,1
706,4000,24074924,1
707,4000,19536511,1
708,4000,19870875,1
709,4000,22862267,0.99
710,4000,22031371,1
711,4000,19478670,1
712,4000,23640393,0.99
713,4000,25675830,1
714,4000,23325916,1
715,4000,22049594,1
716,4000,21841390,1
717,4000,24496481,1
718,4000,15322635,1
719,4000,25730464,0.99
720,4000,25253620,0.99
721,4000,23499467,0.94
722,4000,25466069,0.99
723,4000,24511688,1
724,4000,27766628,0.98
725,4000,19080086,0.99
726,4000,13224106,1
727,4000,18552838,1
728,4000,28781452,0.95
729,4000,25540311,1
730,4000,27681783,0.97
731,4000,18236516,1
732,4000,15027295,1
733,4000,15061323,1
734,4000,19904529,1
735,4000,28029644,0.9
736,4000,19053020,1
737,4000,23428838,1
738,4000,24045535,1
739,4000,22450344,1
740,4000,22772714,1
741,4000,27632350,0.98
742,4000,17406380,1
743,4000,26838188,0.93
744,4000,19086116,1
745,4000,26555818,0.99
746,4000,18688595,1
747,4000,21167654,1
748,4000,15700367,1
749,4000,17846413,1
750,4000,27150449,0.97
751,4000,24586952,1
752,4000,26742161,0.89
753,4000,23404077,0.98
754,4000,18776057,1
755,4000,22228345,1
756,4000,20650749,1
757,4000,24179143,0.97
758,4000,23998014,1
759,4000,16080141,1
760,4000,26033076,0.97
761,4000,9827010,1
762,4000,17735859,1
763,4000,25274941,1
764,4000,26276637,0.98
765,4000,26762313,1
766,4000,21111967,1
767,4000,27523843,0.99
768,4000,25478167,0.99
769,4000,23481378,0.97
770,4000,24128778,1
771,4000,18810106,1
772,4000,29849811,0.99
773,4000,16854257,1
774,4000,27860535,0.97
775,4000,14103141,1
776,4000,21122417,1
777,4000,21216615,1
778,4000,19860860,1
779,4000,21322392,1
780,4000,20141005,1
781,4000,24424025,0.98
782,4000,26275967,0.97
783,4000,27072552,0.98
784,4000,15099094,1
785,4000,19436835,1
786,4000,14784607,1
787,4000,17090839,1
788,4000,24420523,1
789,4000,26194621,0.98
790,4000,18922528,1
791,4000,20506295,1
792,4000,27040875,0.97
793,4000,26812212,0.96
794,4000,23968212,1
795,4000,24602532,0.98
796,4000,20164019,1
797,4000,24992533,0.93
798,4000,25255110,0.99
799,4000,19676614,1
800,4000,21972041,1
801,4000,20639833,1
802,4000,24827845,0.99
803,4000,17410079,1
804,4000,15420116,1
805,4000,28333791,1
806,4000,28558954,0.95
807,4000,8558129,1
808,4000,27352062,0.98
809,4000,27820733,0.99
810,4000,25042053,1
811,4000,24266438,1
812,4000,17426549,1
813,4000,27522218,1
814,4000,28695917,0.97
815,4000,26736592,0.99
816,4000,25879365,1
817,4000,28260916,0.93
818,4000,25052752,1
819,4000,26185582,0.95
820,4000,25465781,0.99
821,4000,25722411,1
822,4000,18138258,1
823,4000,26894582,1
824,4000,25097398,1
825,4000,13370582,1
826,4000,16756087,1
827,4000,23375133,1
828,4000,22003902,1
829,4000,25323231,0.99
830,4000,17891730,1
831,4000,15336461,1
832,4000,26037412,0.93
833,4000,25511908,0.99
834,4000,18591563,1
835,4000,13879486,1
836,4000,23579677,0.95
837,4000,17926058,1
838,4000,3712471,0.22
839,4000,24240058,1
840,4000,24081675,0.99
841,4000,16182145,1
842,4000,15098476,1
843,4000,18251056,1
844,4000,18885136,1
845,4000,26100938,0.98
846,4000,23647642,1
847,4000,18982007,1
848,4000,28360986,0.98
849,4000,25203656,0.99
850,4000,24910663,1
851,4000,15487079,1
852,4000,17080928,1
853,4000,27313850,1
854,4000,18524916,1
855,4000,22212482,1
856,4000,23501784,1
857,4000,24706755,1
858,4000,27385825,0.99
859,4000,18707284,1
860,4000,27669990,0.97
861,4000,21744341,1
862,4000,21267869,0.99
863,4000,25373382,1
864,4000,28031308,1
865,4000,25806452,0.88
866,4000,24646128,1
867,4000,23186280,1
868,4000,25751358,0.98
869,4000,14139118,1
870,4000,18456166,1
871,4000,25091120,0.98
872,4000,24136187,1
873,4000,21247245,1
874,4000,26001567,0.98
875,4000,23508125,1
876,4000,24977404,0.99
877,4000,22060647,1
878,4000,17604146,1
879,4000,21890557,0.99
880,4000,13934441,1
881,4000,25075360,1
882,4000,13434627,1
883,4000,21647622,1
884,4000,20237289,1
885,4000,23484546,1
886,4000,22070618,1
887,4000,20034110,1
888,4000,24254778,1
889,4000,29482167,1
890,4000,28551449,0.96
891,4000,25633412,1
892,4000,23307016,1
893,4000,28047337,1
894,4000,24081153,1
895,4000,24593063,1
896,4000,19431462,1
897,4000,20718166,1
898,4000,29160619,0.94
899,4000,24883935,0.99
900,4000,21808414,1
901,4000,10894713,1
902,4000,25268917,1
903,4000,24690222,1
904,4000,24246552,1
905,4000,15504916,1
906,4000,26211160,1
907,4000,20525963,1
908,4000,21999155,1
909,4000,22371044,1
910,4000,25003363,1
911,4000,20300798,1
912,4000,26286846,0.97
913,4000,25497710,1
914,4000,24008694,1
915,4000,18248326,1
916,4000,10884368,0.99
917,4000,15128857,1
918,4000,23693593,0.99
919,4000,20502308,1
920,4000,17468589,1
921,4000,23883588,1
922,4000,24137250,0.99
923,4000,22695282,1
924,4000,21484146,1
925,4000,26735121,0.99
926,4000,17586400,1
927,4000,23033688,1
928,4000,30515971,0.97
929,4000,24841586,0.98
930,4000,11556350,1
931,4000,27639605,0.99
932,4000,25445965,0.98
933,4000,25684149,1
934,4000,22185981,1
935,4000,29795138,0.95
936,4000,13747270,1
937,4000,26231362,0.96
938,4000,29034385,0.96
939,4000,22146835,1
940,4000,23894495,0.99
941,4000,24860170,1
942,4000,20353501,1
943,4000,25870575,1
944,4000,26575021,0.99
945,4000,18341783,1
946,4000,27563191,1
947,4000,26096400,0.96
948,4000,25935789,0.99
949,4000,27820924,0.99
950,4000,24066722,1
951,4000,25862346,0.99
952,4000,24781152,1
953,4000,15761563,1
954,4000,26012098,0.99
955,4000,23464277,0.96
956,4000,22254065,1
957,4000,17481762,1
958,4000,15752811,1
959,4000,19083272,1
960,4000,24369689,0.98
961,4000,16696817,1
962,4000,18228904,1
963,4000,23432340,1
964,4000,21116514,1
965,4000,22204600,1
966,4000,19303656,1
967,4000,23054149,1
968,4000,27173206,0.98
969,4000,27284042,0.97
970,4000,22135774,1
971,4000,20145247,1
972,4000,20833735,1
973,4000,27639907,0.95
974,4000,19836441,1
975,4000,24656914,1
976,4000,21475876,1
977,4000,20134878,1
978,4000,23233921,1
979,4000,15319782,1
980,4000,15663033,1
981,4000,24673198,1
982,4000,26258327,1
983,4000,22193280,1
984,4000,24623983,1
985,4000,23787271,1
986,4000,25581897,0.99
987,4000,16846527,1
988,4000,23448087,0.99
989,4000,27009290,1
990,4000,19142974,1
991,4000,15090880,1
992,4000,25731048,1
993,4000,20624632,1
994,4000,27738521,0.99
995,4000,27057117,0.99
996,4000,22712547,1
997,4000,15568184,1
998,4000,22652072,1
999,4000,27825374,0.95
0,4400,25624742,1
1,4400,29708497,1
2,4400,18410847,1
3,4400,26868211,1
4,4400,27790825,0.98
5,4400,21023306,1
6,4400,27852796,0.97
7,4400,28873070,1
8,4400,28062642,0.98
9,4400,18963032,1
10,4400,18075608,1
11,4400,23699703,1
12,4400,28069963,0.99
13,4400,24065978,0.94
14,4400,23295211,1
15,4400,27954452,1
16,4400,25238789,1
17,4400,22577108,1
18,4400,28366206,0.96
19,4400,26884338,0.99
20,4400,18433879,1
21,4400,25990970,1
22,4400,26873441,0.99
23,4400,22661775,1
24,4400,32422894,0.96
25,4400,27207205,1
26,4400,13484412,1
27,4400,25225560,1
28,4400,26196546,0.97
29,4400,26434388,1
30,4400,28596752,0.93
31,4400,30559862,0.99
32,4400,26023377,1
33,4400,30248204,0.96
34,4400,15956067,1
35,4400,19352887,1
36,4400,29270324,0.99
37,4400,20844366,1
38,4400,28455181,1
39,4400,26952673,1
40,4400,23048310,1
41,4400,27527020,0.99
42,4400,22482018,1
43,4400,27723516,1
44,4400,25906451,0.99
45,4400,24894330,1
46,4400,26456610,0.98
47,4400,21213433,1
48,4400,24584305,1
49,4400,25819868,1
50,4400,28300350,0.97
51,4400,22422953,1
52,4400,27990156,0.99
53,4400,17351232,1
54,4400,23463605,0.98
55,4400,20617151,1
56,4400,22617141,1
57,4400,25478589,1
58,4400,15012588,1
59,4400,16632578,1
60,4400,28345853,0.99
61,4400,29101271,0.99
62,4400,25248086,1
63,4400,26196068,1
64,4400,28287446,0.99
65,4400,28392329,0.99
66,4400,22313430,1
67,4400,25754875,1
68,4400,29957648,1
69,4400,21515911,1
70,4400,14592748,1
71,4400,26816923,0.98
72,4400,16473863,1
73,4400,28910754,1
74,4400,27682822,0.98
75,4400,15970696,1
76,4400,29424417,0.99
77,4400,26388246,1
78,4400,24006734,1
79,4400,16608753,1
80,4400,29183997,0.98
81,4400,24301145,1
82,4400,27395377,1
83,4400,27544099,1
84,4400,28354577,1
85,4400,24994650,0.99
86,4400,28256422,0.98
87,4400,26235934,1
88,4400,28134663,0.99
89,4400,17501045,1
90,4400,22768242,1
91,4400,17676731,1
92,4400,24514252,0.99
93,4400,24526885,1
94,4400,28024046,0.94
95,4400,28355919,0.98
96,4400,21777531,1
97,4400,27446372,0.98
98,4400,33717531,0.99
99,4400,29917895,0.99
100,4400,29269118,0.98
101,4400,19093113,1
102,4400,14871291,1
103,4400,15697953,1
104,4400,27187938,0.94
105,4400,11954757,1
106,4400,26652845,1
107,4400,19207959,1
108,4400,25664439,1
109,4400,29117010,0.98
110,4400,24725373,1
111,4400,28207247,0.99
112,4400,29249154,1
113,4400,24430918,1
114,4400,27301039,1
115,4400,27620630,1
116,4400,25612448,1
117,4400,28943202,1
118,4400,28942037,0.93
119,4400,26012610,0.99
120,4400,26111696,0.99
121,4400,26286773,0.99
122,4400,18586827,1
123,4400,17818026,1
124,4400,14771372,1
125,4400,13664456,1
126,4400,22857722,0.99
127,4400,29984519,0.97
128,4400,24363268,0.99
129,4400,28026484,0.99
130,4400,25834419,1
131,4400,25522359,1
132,4400,28673036,0.96
133,4400,21863679,1
134,4400,24968128,1
135,4400,28236671,0.94
136,4400,25372630,0.95
137,4400,27221819,0.99
138,4400,19425019,1
139,4400,28832596,1
140,4400,19990200,1
141,4400,29454882,0.99
142,4400,28275423,1
143,4400,26180861,1
144,4400,23114824,1
145,4400,28719052,0.96
146,4400,15893882,1
147,4400,26623384,1
148,4400,25198627,1
149,4400,27497780,0.96
150,4400,21381631,1
151,4400,24521964,1
152,4400,26208807,1
153,4400,20295033,1
154,4400,28517793,0.96
155,4400,25963119,0.99
156,4400,19076821,1
157,4400,26782625,1
158,4400,13282199,1
159,4400,26247023,1
160,4400,27880104,0.99
161,4400,11985257,1
162,4400,24724091,0.99
163,4400,19533040,1
164,4400,24796077,1
165,4400,26712425,1
166,4400,29031965,0.96
167,4400,26276716,1
168,4400,22532864,1
169,4400,28148050,0.97
170,4400,23625653,1
171,4400,23942040,1
172,4400,26394324,1
173,4400,21767717,1
174,4400,24677863,0.98
175,4400,27756603,0.97
176,4400,29331279,1
177,4400,25294083,1
178,4400,28285832,0.99
179,4400,16226258,1
180,4400,19724543,1
181,4400,23602680,1
182,4400,29440816,0.97
183,4400,28841835,0.98
184,4400,14683031,1
185,4400,17884823,1
186,4400,18932084,1
187,4400,18595709,1
188,4400,30989565,0.96
189,4400,30536154,0.97
190,4400,29338757,1
191,4400,25468023,1
192,4400,18524826,1
193,4400,28844779,1
194,4400,22847520,1
195,4400,19582897,0.99
196,4400,21774993,1
197,4400,21188924,1
198,4400,27075212,0.99
199,4400,28826790,0.99
200,4400,26266321,1
201,4400,18771777,0.99
202,4400,21925056,1
203,4400,13784953,1
204,4400,17582825,1
205,4400,26100060,1
206,4400,27490101,0.99
207,4400,19282318,1
208,4400,21879100,1
209,4400,24685598,0.98
210,4400,23358588,1
211,4400,18186185,1
212,4400,22181128,1
213,4400,15978788,1
214,4400,27977797,0.96
215,4400,27612105,1
216,4400,15467990,1
217,4400,17170325,1
218,4400,20214865,1
219,4400,29735489,0.99
220,4400,30457036,1
221,4400,30913349,0.95
222,4400,31289199,0.95
223,4400,18868773,1
224,4400,26315160,1
225,4400,27583387,0.99
226,4400,19018212,1
227,4400,24472205,1
228,4400,29429492,1
229,4400,18433160,1
230,4400,16456578,1
231,4400,16435179,1
232,4400,24498397,0.97
233,4400,27939446,0.99
234,4400,28555595,0.95
235,4400,27719429,0.98
236,4400,19798913,1
237,4400,28549754,0.99
238,4400,28142043,1
239,4400,10305797,0.99
240,4400,27006864,1
241,4400,25757127,1
242,4400,20206955,1
243,4400,27619377,0.99
244,4400,28325602,0.98
245,4400,24770341,1
246,4400,22177090,1
247,4400,26976762,1
248,4400,27187324,1
249,4400,25351738,1
250,4400,13940343,1
251,4400,27973379,0.97
252,4400,28130873,0.89
253,4400,24282074,1
254,4400,26190939,1
255,4400,19354982,1
256,4400,23568021,1
257,4400,30091825,0.98
258,4400,26623909,1
259,4400,30285457,1
260,4400,24323874,1
261,4400,19707477,1
262,4400,29122523,0.98
263,4400,28169863,0.99
264,4400,29717503,0.99
265,4400,21962006,1
266,4400,15847970,1
267,4400,25760110,1
268,4400,16389228,1
269,4400,27380444,0.99
270,4400,25650730,0.99
271,4400,24362664,1
272,4400,28885570,0.98
273,4400,14627230,1
274,4400,24970066,1
275,4400,16023818,1
276,4400,29004244,0.89
277,4400,24091563,1
278,4400,24382146,1
279,4400,15208775,1
280,4400,21227488,1
281,4400,27113573,1
282,4400,26744425,1
283,4400,22791057,1
284,4400,28209239,0.99
285,4400,26284013,1
286,4400,24537209,1
287,4400,25086860,1
288,4400,23775268,1
289,4400,26155734,0.99
290,4400,21297339,1
291,4400,29790558,0.98
292,4400,30287340,0.99
293,4400,31464364,1
294,4400,23542397,1
295,4400,22945348,1
296,4400,30005039,1
297,4400,19537449,1
298,4400,22238808,1
299,4400,26485018,0.96
300,4400,24360016,0.99
301,4400,29645635,0.93
302,4400,24436494,1
303,4400,18632735,1
304,4400,30018208,1
305,4400,20826919,0.96
306,4400,23414791,1
307,4400,28343176,0.99
308,4400,26493384,0.99
309,4400,29261000,0.98
310,4400,15360815,1
311,4400,26613295,1
312,4400,27296706,0.99
313,4400,24406221,1
314,4400,27182174,0.97
315,4400,26101647,0.97
316,4400,28633559,0.99
317,4400,28915131,0.98
318,4400,15286449,1
319,4400,23442228,0.99
320,4400,26304035,1
321,4400,16950199,1
322,4400,19152361,1
323,4400,14847469,1
324,4400,29339248,0.96
325,4400,25652579,1
326,4400,16930957,1
327,4400,27568915,0.99
328,4400,21754085,1
329,4400,30299672,1
330,4400,24856713,1
331,4400,24021973,1
332,4400,31352550,1
333,4400,23050335,1
334,4400,30118811,1
335,4400,25043668,0.98
336,4400,26584745,1
337,4400,17068465,1
338,4400,31591322,0.95
339,4400,27262451,1
340,4400,31417735,0.97
341,4400,31107846,0.99
342,4400,27217337,1
343,4400,27428991,0.98
344,4400,21386822,1
345,4400,19096188,1
346,4400,27092891,1
347,4400,25101048,1
348,4400,22727480,1
349,4400,28669549,1
350,4400,23768849,1
351,4400,11329875,1
352,4400,20677824,1
353,4400,16534071,1
354,4400,22279887,0.99
355,4400,20447235,1
356,4400,25468448,1
357,4400,27471200,0.97
358,4400,25877685,1
359,4400,19499946,1
360,4400,23196998,1
361,4400,11435186,1
362,4400,12684600,1
363,4400,26028088,0.99
364,4400,25727155,0.99
365,4400,24550518,0.98
366,4400,19406577,1
367,4400,12723107,1
368,4400,29045983,1
369,4400,14045832,1
370,4400,24119264,1
371,4400,29828517,1
372,4400,29275581,1
373,4400,31613695,0.97
374,4400,31157635,1
375,4400,22529290,0.98
376,4400,25618225,1
377,4400,28107657,0.99
378,4400,18405884,1
379,4400,27871930,1
380,4400,27961753,1
381,4400,27382393,0.99
382,4400,26957645,0.99
383,4400,27982559,0.98
384,4400,23525794,0.98
385,4400,27309436,1
386,4400,26965281,1
387,4400,29581107,0.98
388,4400,29721957,0.98
389,4400,12367509,1
390,4400,26511799,1
391,4400,26788528,0.98
392,4400,23486827,0.99
393,4400,28384130,1
394,4400,21658250,1
395,4400,26669299,1
396,4400,18984840,1
397,4400,19547825,1
398,4400,23543523,1
399,4400,27293358,0.99
400,4400,26447639,1
401,4400,25292868,1
402,4400,17145678,0.99
403,4400,25841001,1
404,4400,14079289,1
405,4400,27045766,0.98
406,4400,28693460,0.97
407,4400,27608275,0.98
408,4400,26087278,1
409,4400,24035198,1
410,4400,23046328,1
411,4400,16111404,1
412,4400,24985699,1
413,4400,25166247,1
414,4400,25921505,1
415,4400,19382400,1
416,4400,23943754,0.99
417,4400,28100522,0.98
418,4400,23064437,1
419,4400,28757926,1
420,4400,28222352,0.97
421,4400,23323432,1
422,4400,20104646,1
423,4400,24610186,1
424,4400,26637812,1
425,4400,26106595,0.99
426,4400,25512426,1
427,4400,18024218,1
428,4400,19525201,1
429,4400,25239408,1
430,4400,21900477,1
431,4400,22285021,1
432,4400,26636089,0.99
433,4400,19141270,1
434,4400,19870894,1
435,4400,27026312,1
436,4400,15575790,1
437,4400,24189647,0.99
438,4400,27215419,1
439,4400,19380380,1
440,4400,20315162,0.99
441,4400,26573831,1
442,4400,28755150,0.99
443,4400,25840364,1
444,4400,25346837,1
445,4400,24081197,1
446,4400,25341196,0.99
447,4400,24666501,1
448,4400,23483943,1
449,4400,25097446,1
450,4400,26141287,1
451,4400,22396646,1
452,4400,23241728,1
453,4400,23775003,1
454,4400,14736315,1
455,4400,25044334,1
456,4400,25803953,1
457,4400,24130235,0.99
458,4400,21268149,1
459,4400,28016658,0.95
460,4400,20739879,1
461,4400,20573146,1
462,4400,20774577,0.99
463,4400,25415253,0.99
464,4400,24953735,1
465,4400,20351300,1
466,4400,21994437,1
467,4400,24237838,1
468,4400,17714466,1
469,4400,27332364,0.99
470,4400,23369865,1
471,4400,25295697,0.99
472,4400,25226317,1
473,4400,23253032,1
474,4400,24829677,0.99
475,4400,25038628,1
476,4400,16720641,1
477,4400,24968115,1
478,4400,16016680,1
479,4400,23839296,0.99
480,4400,24509557,0.98
481,4400,24516858,1
482,4400,18412817,1
483,4400,21035259,1
484,4400,22946289,1
485,4400,14484481,1
486,4400,24236782,1
487,4400,25117838,0.99
488,4400,20813053,0.96
489,4400,20584252,1
490,4400,26310425,1
491,4400,27941163,0.99
492,4400,24874863,1
493,4400,24521174,0.99
494,4400,13547173,1
495,4400,25701531,0.96
496,4400,26806412,1
497,4400,24683445,0.99
498,4400,18528691,1
499,4400,25865432,0.98
500,4400,22210777,1
501,4400,20962859,1
502,4400,23184531,0.99
503,4400,17917072,1
504,4400,21978733,1
505,4400,20501201,1
506,4400,21131887,1
507,4400,23081735,1
508,4400,25709677,0.98
509,4400,19343043,1
510,4400,20586129,1
511,4400,25108450,1
512,4400,22982167,1
513,4400,20244894,1
514,4400,27315425,1
515,4400,4131255,0.24
516,4400,25070337,0.99
517,4400,18606827,1
518,4400,17004805,1
519,4400,26066680,0.97
520,4400,22066808,1
521,4400,26501144,0.99
522,4400,24417343,0.97
523,4400,24230491,0.98
524,4400,27178019,0.95
525,4400,25528787,0.99
526,4400,22334566,1
527,4400,26325415,0.98
528,4400,25771542,1
529,4400,16743744,1
530,4400,24996124,1
531,4400,13801955,1
532,4400,14994989,1
533,4400,25380756,1
534,4400,20534547,1
535,4400,26096743,0.98
536,4400,15590445,1
537,4400,15934175,1
538,4400,26638850,0.97
539,4400,19626449,1
540,4400,25788952,1
541,4400,25661435,0.99
542,4400,11217591,1
543,4400,23857371,1
544,4400,26900709,0.99
545,4400,20030585,1
546,4400,26113851,0.99
547,4400,21564085,1
548,4400,17623003,1
549,4400,26098589,0.99
550,4400,21275835,0.99
551,4400,22548343,1
552,4400,11470280,1
553,4400,23371814,1
554,4400,10261664,1
555,4400,10888305,1
556,4400,17141209,1
557,4400,16916355,1
558,4400,24771724,1
559,4400,25707064,0.99
560,4400,18440392,1
561,4400,22431508,1
562,4400,18354909,1
563,4400,23689997,1
564,4400,23227470,0.98
565,4400,18063114,1
566,4400,18608988,1
567,4400,25006788,0.99
568,4400,23611676,1
569,4400,28005245,0.93
570,4400,21980887,1
571,4400,20400700,1
572,4400,24983800,1
573,4400,25103682,1
574,4400,18834931,1
575,4400,15629455,1
576,4400,16191752,1
577,4400,12908894,1
578,4400,25451784,0.99
579,4400,21601095,1
580,4400,21987641,1
581,4400,25010699,1
582,4400,27256056,0.99
583,4400,25716864,0.98
584,4400,21692066,1
585,4400,21437587,1
586,4400,24410568,1
587,4400,25959837,1
588,4400,26881135,0.99
589,4400,27169203,0.97
590,4400,27624966,0.99
591,4400,21070694,1
592,4400,27588853,0.98
593,4400,23763605,0.98
594,4400,23510978,1
595,4400,17583928,1
596,4400,23963671,1
597,4400,23747551,0.98
598,4400,25747887,1
599,4400,26703462,1
600,4400,25187417,1
601,4400,23064564,1
602,4400,16881607,1
603,4400,15450046,1
604,4400,27495516,0.94
605,4400,22511812,1
606,4400,26727047,0.97
607,4400,25443918,0.98
608,4400,20300891,1
609,4400,23414171,1
610,4400,15901930,1
611,4400,25702229,0.98
612,4400,20012882,1
613,4400,13010614,1
614,4400,25012693,1
615,4400,22696912,1
616,4400,23350555,1
617,4400,22975425,1
618,4400,10542163,1
619,4400,22500880,1
620,4400,26129305,0.97
621,4400,10257137,1
622,4400,23574718,1
623,4400,23695578,0.99
624,4400,23418917,0.99
625,4400,19669493,0.99
626,4400,18635628,0.99
627,4400,27071513,0.96
628,4400,17517094,1
629,4400,26289485,1
630,4400,26011182,1
631,4400,26941388,1
632,4400,24806608,1
633,4400,16461599,1
634,4400,24641663,0.99
635,4400,20792944,1
636,4400,21721505,1
637,4400,22882964,0.99
638,4400,22825676,0.99
639,4400,15124919,1
640,4400,26028046,1
641,4400,24091831,1
642,4400,25991181,0.98
643,4400,24388273,0.99
644,4400,25321401,0.98
645,4400,22030185,1
646,4400,25770937,0.98
647,4400,21003715,1
648,4400,28876178,0.97
649,4400,18929033,1
650,4400,16584868,1
651,4400,24869102,1
652,4400,20566838,1
653,4400,22762669,1
654,4400,26153790,1
655,4400,26224153,1
656,4400,22093575,0.99
657,4400,27312265,0.98
658,4400,20421039,1
659,4400,21751532,1
660,4400,20838806,1
661,4400,21045389,1
662,4400,23662929,1
663,4400,15808538,1
664,4400,25316751,0.98
665,4400,24876865,1
666,4400,17953174,1
667,4400,26428231,0.99
668,4400,22631711,1
669,4400,25695305,0.97
670,4400,23667289,1
671,4400,23162663,1
672,4400,23873753,1
673,4400,25514579,0.98
674,4400,12235171,1
675,4400,25819693,0.99
676,4400,24457796,1
677,4400,25732960,0.99
678,4400,20205074,1
679,4400,25024991,0.99
680,4400,26485058,0.96
681,4400,25920610,0.98
682,4400,24041503,1
683,4400,25758673,0.99
684,4400,22089617,0.98
685,4400,21633841,1
686,4400,21203786,1
687,4400,18912201,1
688,4400,27293225,0.96
689,4400,22118444,1
690,4400,23631540,1
691,4400,23944377,1
692,4400,20551881,1
693,4400,22218752,1
694,4400,19973804,1
695,4400,22098101,1
696,4400,25959149,0.98
697,4400,20734707,1
698,4400,26107210,1
699,4400,17137842,1
700,4400,24533383,0.99
701,4400,25912555,0.99
702,4400,17776117,1
703,4400,27355124,0.96
704,4400,19091122,1
705,4400,23109194,1
706,4400,24497158,1
707,4400,19571754,1
708,4400,20481989,1
709,4400,23867097,0.99
710,4400,22792603,1
711,4400,20143653,1
712,4400,24485037,0.99
713,4400,25975636,0.99
714,4400,24384136,1
715,4400,22313004,1
716,4400,21453132,1
717,4400,25710844,1
718,4400,15459549,1
719,4400,26295799,0.99
720,4400,26218186,1
721,4400,24889891,0.94
722,4400,22666949,0.99
723,4400,22312361,1
724,4400,25549343,0.98
725,4400,17620336,0.99
726,4400,12400821,1
727,4400,17585568,1
728,4400,28045706,0.95
729,4400,24590614,1
730,4400,27750040,0.98
731,4400,18310994,1
732,4400,15742941,1
733,4400,15412254,1
734,4400,19129208,1
735,4400,27244410,0.91
736,4400,19150248,1
737,4400,22927844,1
738,4400,24436866,1
739,4400,22765785,1
740,4400,22962716,1
741,4400,27558146,0.98
742,4400,18109770,1
743,4400,26802771,0.95
744,4400,19024688,1
745,4400,26784951,0.99
746,4400,19650743,1
747,4400,21572349,1
748,4400,16039118,1
749,4400,18356470,1
750,4400,27321994,0.97
751,4400,24961653,1
752,4400,27940278,0.91
753,4400,23733422,0.99
754,4400,19789470,1
755,4400,22792514,1
756,4400,21081759,1
757,4400,24333057,0.97
758,4400,24749963,1
759,4400,16230630,1
760,4400,27208674,0.97
761,4400,9920635,1
762,4400,17864317,1
763,4400,26645910,1
764,4400,23369783,0.98
765,4400,24789239,1
766,4400,19917112,1
767,4400,26359350,0.99
768,4400,23706271,0.99
769,4400,21954306,0.98
770,4400,28687256,1
771,4400,20775730,1
772,4400,33308791,0.99
773,4400,18068169,1
774,4400,29549268,0.97
775,4400,15479546,1
776,4400,22794912,1
777,4400,22602799,1
778,4400,21612265,1
779,4400,21759692,1
780,4400,21591710,1
781,4400,27343957,0.98
782,4400,28220980,0.98
783,4400,29152854,0.98
784,4400,15988621,1
785,4400,20848012,1
786,4400,15747462,1
787,4400,17712660,1
788,4400,26159301,1
789,4400,29404293,0.98
790,4400,19709390,1
791,4400,21886196,1
792,4400,28353268,0.97
793,4400,29257790,0.97
794,4400,26236988,1
795,4400,26416310,0.98
796,4400,21591139,1
797,4400,26937603,0.94
798,4400,27163891,0.99
799,4400,21105046,1
800,4400,23670833,1
801,4400,22012610,1
802,4400,26497834,1
803,4400,18831315,1
804,4400,16569000,1
805,4400,26863552,1
806,4400,26643803,0.96
807,4400,8670696,1
808,4400,26391393,0.98
809,4400,33865617,0.99
810,4400,27001048,1
811,4400,27386004,1
812,4400,19573987,1
813,4400,29713429,1
814,4400,31667803,0.97
815,4400,29249272,0.99
816,4400,27911286,1
817,4400,31209811,0.93
818,4400,26904399,1
819,4400,28912685,0.96
820,4400,27284498,0.99
821,4400,27438326,1
822,4400,19444708,1
823,4400,29078815,1
824,4400,27027474,1
825,4400,14602443,1
826,4400,18694955,1
827,4400,24996779,1
828,4400,23727051,1
829,4400,27705064,0.99
830,4400,19430859,1
831,4400,16686082,1
832,4400,28026064,0.93
833,4400,26745235,0.99
834,4400,19975656,1
835,4400,14862134,1
836,4400,25591876,0.95
837,4400,18874890,1
838,4400,4309808,0.21
839,4400,25985363,1
840,4400,25844107,1
841,4400,17445847,1
842,4400,16252633,1
843,4400,19633712,1
844,4400,20336456,1
845,4400,28076201,0.99
846,4400,25405984,1
847,4400,16208305,1
848,4400,33729844,0.98
849,4400,27476077,0.99
850,4400,26503809,1
851,4400,17522973,1
852,4400,18438677,1
853,4400,29185032,1
854,4400,19992037,1
855,4400,23627942,1
856,4400,25317739,1
857,4400,26273042,1
858,4400,29027390,0.99
859,4400,20458543,1
860,4400,29414445,0.97
861,4400,23329717,1
862,4400,23084633,0.99
863,4400,27585493,1
864,4400,29647301,1
865,4400,28725037,0.88
866,4400,26411861,1
867,4400,24857348,1
868,4400,27212295,0.99
869,4400,15658511,1
870,4400,20136990,1
871,4400,26986574,0.98
872,4400,25486282,1
873,4400,23032792,1
874,4400,27952394,0.99
875,4400,25101080,1
876,4400,26779617,0.99
877,4400,23637717,1
878,4400,19341993,1
879,4400,23405729,0.99
880,4400,15469113,1
881,4400,26743701,1
882,4400,14611393,1
883,4400,23310904,1
884,4400,21980077,1
885,4400,28999052,0.99
886,4400,26454043,1
887,4400,23271137,1
888,4400,23261802,1
889,4400,32328424,1
890,4400,30480125,0.96
891,4400,26789133,1
892,4400,25412764,1
893,4400,29908323,1
894,4400,25470063,1
895,4400,26065572,1
896,4400,20522590,1
897,4400,22848823,1
898,4400,30454155,0.94
899,4400,27228734,0.99
900,4400,23103318,1
901,4400,11707404,1
902,4400,26444402,1
903,4400,25743411,1
904,4400,26061570,1
905,4400,17385870,1
906,4400,27707291,1
907,4400,22468524,1
908,4400,23876340,1
909,4400,23954660,1
910,4400,26530776,1
911,4400,22533420,1
912,4400,28063277,0.98
913,4400,26999705,1
914,4400,25441901,1
915,4400,19838402,1
916,4400,11798801,1
917,4400,16293617,1
918,4400,25651165,1
919,4400,22061589,1
920,4400,19097903,1
921,4400,25488247,1
922,4400,25890926,0.99
923,4400,29208609,1
924,4400,24457057,1
925,4400,32036847,0.99
926,4400,21114633,1
927,4400,28375072,1
928,4400,31715242,0.97
929,4400,27857319,0.98
930,4400,12910940,1
931,4400,29184843,0.99
932,4400,27374312,0.98
933,4400,27325112,1
934,4400,23453072,1
935,4400,29046726,0.96
936,4400,14979887,1
937,4400,27583464,0.96
938,4400,28775598,0.98
939,4400,23813514,1
940,4400,24679455,1
941,4400,25613280,1
942,4400,22080189,1
943,4400,27696199,1
944,4400,27724210,0.99
945,4400,19829111,1
946,4400,29437226,1
947,4400,27416107,0.96
948,4400,27623714,0.99
949,4400,29294396,1
950,4400,25689742,1
951,4400,27854175,0.99
952,4400,26562145,1
953,4400,16987124,1
954,4400,27518930,0.99
955,4400,24789466,0.96
956,4400,23435713,1
957,4400,18662135,1
958,4400,17240607,1
959,4400,20393163,1
960,4400,33373612,1
961,4400,19626543,1
962,4400,20876196,1
963,4400,28745399,1
964,4400,25172569,1
965,4400,26300765,1
966,4400,22457295,1
967,4400,26453991,1
968,4400,28337144,0.98
969,4400,29933516,0.97
970,4400,22148275,1
971,4400,20170053,1
972,4400,21522282,1
973,4400,30363455,0.97
974,4400,20107192,1
975,4400,26612952,1
976,4400,23010567,1
977,4400,21622910,1
978,4400,23858100,1
979,4400,16252903,1
980,4400,15999629,1
981,4400,26130627,1
982,4400,27362276,1
983,4400,23901416,1
984,4400,25400994,1
985,4400,25090845,1
986,4400,27485388,0.99
987,4400,18022268,1
988,4400,24448124,0.99
989,4400,28652703,1
990,4400,20382791,1
991,4400,15922724,1
992,4400,27317868,1
993,4400,21647210,1
994,4400,29658393,1
995,4400,28808900,0.99
996,4400,24546532,1
997,4400,16450087,1
998,4400,29681733,1
999,4400,33825528,0.95
0,4800,27832757,1
1,4800,32137734,1
2,4800,19821020,1
3,4800,29103947,1
4,4800,30143068,0.98
5,4800,22912781,1
6,4800,30040694,0.98
7,4800,31312816,1
8,4800,30409097,0.99
9,4800,20339751,1
10,4800,19626626,1
11,4800,26054109,1
12,4800,30572495,0.99
13,4800,26286837,0.94
14,4800,25641170,1
15,4800,30669078,1
16,4800,27464879,1
17,4800,24724024,1
18,4800,31182439,0.97
19,4800,29383514,0.99
20,4800,23329541,1
21,4800,31550590,1
22,4800,32580878,0.99
23,4800,23606277,1
24,4800,34911967,0.97
25,4800,29457304,1
26,4800,15089956,1
27,4800,27181858,1
28,4800,27264549,0.97
29,4800,27739668,1
30,4800,30571379,0.93
31,4800,33179918,0.99
32,4800,28474999,1
33,4800,32004984,0.96
34,4800,16684666,1
35,4800,20050747,1
36,4800,31662590,0.99
37,4800,22312354,1
38,4800,30073580,1
39,4800,28993754,1
40,4800,25135261,1
41,4800,29698306,0.99
42,4800,24116713,1
43,4800,30009244,1
44,4800,27558656,0.99
45,4800,26575744,1
46,4800,28556642,0.98
47,4800,23244611,1
48,4800,26533458,1
49,4800,28245413,1
50,4800,31016594,0.97
51,4800,24354220,1
52,4800,30534607,0.99
53,4800,19021901,1
54,4800,29900475,0.99
55,4800,24462949,1
56,4800,27206971,1
57,4800,31169169,1
58,4800,17182104,1
59,4800,19951777,1
60,4800,34261267,0.99
61,4800,27968434,0.99
62,4800,26860439,1
63,4800,28160666,1
64,4800,30218086,0.99
65,4800,29999461,0.99
66,4800,23216094,1
67,4800,27308143,1
68,4800,31661717,1
69,4800,23195432,1
70,4800,15375968,1
71,4800,28909725,0.98
72,4800,17396518,1
73,4800,30777166,1
74,4800,29459192,0.98
75,4800,17331865,1
76,4800,31254978,0.99
77,4800,28252889,1
78,4800,25654664,1
79,4800,17757518,1
80,4800,31646061,0.98
81,4800,26431472,1
82,4800,29394304,1
83,4800,29987581,1
84,4800,30574755,1
85,4800,27198427,0.99
86,4800,30347637,0.98
87,4800,28012813,1
88,4800,34901609,0.99
89,4800,20036879,1
90,4800,27197588,1
91,4800,20702560,1
92,4800,30456805,0.99
93,4800,28884782,1
94,4800,33184861,0.96
95,4800,33516410,0.99
96,4800,25696361,1
97,4800,32172829,0.98
98,4800,30939368,1
99,4800,30324073,0.99
100,4800,31177672,0.99
101,4800,19564543,1
102,4800,15520797,1
103,4800,16519306,1
104,4800,28579588,0.95
105,4800,12702871,1
106,4800,27474565,0.99
107,4800,19742522,1
108,4800,26852249,1
109,4800,30385547,0.98
110,4800,25823778,1
111,4800,29533836,0.99
112,4800,30999516,1
113,4800,26059418,1
114,4800,29032676,1
115,4800,29198524,1
116,4800,26777050,1
117,4800,30894783,1
118,4800,31020325,0.93
119,4800,27811363,0.99
120,4800,27648529,0.99
121,4800,27864146,0.99
122,4800,22946076,1
123,4800,21023141,1
124,4800,17678790,1
125,4800,15971039,1
126,4800,27229240,0.99
127,4800,36879725,0.97
128,4800,29054107,0.99
129,4800,33955128,0.99
130,4800,30683973,1
131,4800,29579517,1
132,4800,33762594,0.97
133,4800,25105992,1
134,4800,28514955,1
135,4800,32824209,0.94
136,4800,29675253,0.96
137,4800,31591648,0.99
138,4800,17980387,1
139,4800,28501925,1
140,4800,20521211,1
141,4800,29856149,0.99
142,4800,28842890,1
143,4800,26921144,1
144,4800,24347053,1
145,4800,29179237,0.96
146,4800,16818377,1
147,4800,27686923,1
148,4800,26326258,1
149,4800,28618639,0.98
150,4800,21764680,1
151,4800,25025619,1
152,4800,27530601,1
153,4800,21267626,1
154,4800,30374691,0.96
155,4800,27327276,0.99
156,4800,20156726,1
157,4800,32990248,1
158,4800,15826304,1
159,4800,30958801,1
160,4800,32619379,0.99
161,4800,13797620,1
162,4800,28196725,1
163,4800,22722963,1
164,4800,29079044,1
165,4800,31052234,1
166,4800,32619369,0.97
167,4800,29184923,1
168,4800,26438388,1
169,4800,31907502,0.98
170,4800,27179056,1
171,4800,27348690,1
172,4800,29979644,1
173,4800,24581787,1
174,4800,27353738,0.99
175,4800,30987415,0.97
176,4800,26735444,1
177,4800,24395403,1
178,4800,28522837,0.99
179,4800,16282881,1
180,4800,20724123,1
181,4800,24348954,1
182,4800,29103370,0.97
183,4800,29409885,0.98
184,4800,15021903,1
185,4800,18632565,1
186,4800,20084393,1
187,4800,19622660,1
188,4800,31994200,0.96
189,4800,30397232,0.97
190,4800,30239447,1
191,4800,27036843,1
192,4800,23948488,1
193,4800,34418676,1
194,4800,26388122,1
195,4800,21440576,0.99
196,4800,25505083,1
197,4800,24221089,1
198,4800,30945009,0.99
199,4800,33334216,0.99
200,4800,29959978,1
201,4800,20937612,0.99
202,4800,24907777,1
203,4800,15957819,1
204,4800,20587372,1
205,4800,29618732,1
206,4800,30722004,0.99
207,4800,21726506,1
208,4800,24707459,1
209,4800,27749468,0.98
210,4800,26465982,1
211,4800,20347074,1
212,4800,24328199,1
213,4800,17922828,1
214,4800,31624946,0.98
215,4800,27425675,1
216,4800,15774329,1
217,4800,17809217,1
218,4800,20752569,1
219,4800,29924337,0.99
220,4800,31722865,1
221,4800,31786248,0.95
222,4800,32410579,0.95
223,4800,19046641,1
224,4800,27696914,1
225,4800,28403137,1
226,4800,19400368,1
227,4800,25015501,1
228,4800,36039386,1
229,4800,20836530,1
230,4800,18387875,1
231,4800,19249725,1
232,4800,27305113,0.97
233,4800,32072015,0.99
234,4800,32613015,0.96
235,4800,31450012,0.98
236,4800,22181952,1
237,4800,32366238,0.99
238,4800,32160161,1
239,4800,11116047,1
240,4800,31546845,1
241,4800,28531092,1
242,4800,22114656,1
243,4800,30935123,1
244,4800,32156799,0.98
245,4800,27531547,1
246,4800,24730057,0.99
247,4800,30160210,1
248,4800,30260897,1
249,4800,28690292,1
250,4800,15225928,1
251,4800,31121727,0.97
252,4800,31617254,0.91
253,4800,23266370,1
254,4800,25827968,1
255,4800,19881005,1
256,4800,24333541,1
257,4800,29582496,0.98
258,4800,26354124,1
259,4800,30570262,1
260,4800,24576800,1
261,4800,20260862,1
262,4800,33943488,0.98
263,4800,32260458,0.99
264,4800,35433187,0.99
265,4800,24351827,0.99
266,4800,18157348,1
267,4800,29322367,1
268,4800,17939129,1
269,4800,30783089,1
270,4800,28936275,0.99
271,4800,27172676,1
272,4800,32235032,0.99
273,4800,16212923,1
274,4800,27437909,1
275,4800,17692743,1
276,4800,32543577,0.91
277,4800,26828091,1
278,4800,26933042,1
279,4800,16724679,1
280,4800,23647603,1
281,4800,30272535,1
282,4800,29673748,1
283,4800,25190787,1
284,4800,30819927,0.99
285,4800,29152568,1
286,4800,27184655,1
287,4800,28163977,1
288,4800,26495649,1
289,4800,28861269,0.99
290,4800,23630791,1
291,4800,28096877,0.98
292,4800,30052458,0.99
293,4800,31213203,1
294,4800,23783496,1
295,4800,22559633,1
296,4800,32897841,1
297,4800,21522785,1
298,4800,24541914,1
299,4800,29804975,0.96
300,4800,27571617,0.99
301,4800,33030179,0.94
302,4800,26521100,1
303,4800,20650817,1
304,4800,33857151,1
305,4800,22760293,0.97
306,4800,26467867,1
307,4800,31542079,0.99
308,4800,29864444,1
309,4800,32246282,0.98
310,4800,17476456,1
311,4800,29723936,1
312,4800,29772716,0.99
313,4800,26568843,1
314,4800,30175740,0.98
315,4800,28779643,0.97
316,4800,31746632,0.99
317,4800,31966153,0.98
318,4800,16807695,1
319,4800,26065156,0.99
320,4800,29010865,1
321,4800,18693068,1
322,4800,21466808,1
323,4800,16172543,1
324,4800,32332082,0.96
325,4800,28185750,1
326,4800,18582209,1
327,4800,30459114,0.99
328,4800,21009776,1
329,4800,29351605,1
330,4800,24515929,1
331,4800,24226308,1
332,4800,31274942,1
333,4800,23372365,1
334,4800,31094317,1
335,4800,25632990,0.98
336,4800,27485770,1
337,4800,17709481,1
338,4800,32130365,0.95
339,4800,27796442,1
340,4800,32604878,0.97
341,4800,31762326,0.99
342,4800,27418161,1
343,4800,28444470,0.98
344,4800,22100983,1
345,4800,20120618,1
346,4800,28359217,1
347,4800,26276631,1
348,4800,23613888,1
349,4800,30171896,1
350,4800,24275283,1
351,4800,11651989,1
352,4800,21675592,1
353,4800,17391636,1
354,4800,23058830,0.99
355,4800,21493465,1
356,4800,27318775,1
357,4800,29022127,0.97
358,4800,27098892,1
359,4800,20418833,1
360,4800,24874471,1
361,4800,12236895,1
362,4800,13508084,1
363,4800,27254251,0.99
364,4800,26762868,0.99
365,4800,26288374,0.98
366,4800,20396358,1
367,4800,10593489,1
368,4800,27579634,1
369,4800,14756368,1
370,4800,23109701,1
371,4800,28214969,1
372,4800,27914103,1
373,4800,29728877,0.98
374,4800,30040145,1
375,4800,22471893,0.98
376,4800,24832950,1
377,4800,27615829,0.99
378,4800,17897847,1
379,4800,27857157,1
380,4800,27741434,1
381,4800,27623202,0.99
382,4800,27370650,0.99
383,4800,28097481,0.98
384,4800,23899925,0.98
385,4800,27885661,1
386,4800,27630148,1
387,4800,30406231,0.98
388,4800,30726275,0.98
389,4800,12778369,1
390,4800,27105201,1
391,4800,27605393,0.99
392,4800,24294044,0.99
393,4800,29314426,1
394,4800,22805805,1
395,4800,27134598,1
396,4800,19454983,1
397,4800,19942471,1
398,4800,24433169,1
399,4800,29041473,0.99
400,4800,27649879,1
401,4800,26493993,1
402,4800,18217251,0.99
403,4800,27186789,1
404,4800,14746050,1
405,4800,29832603,0.98
406,4800,30115412,0.98
407,4800,29026950,0.98
408,4800,27555698,1
409,4800,25210795,1
410,4800,24017211,1
411,4800,16809307,1
412,4800,26380918,1
413,4800,26263991,1
414,4800,27381632,1
415,4800,20346734,1
416,4800,25478036,0.99
417,4800,30028476,0.98
418,4800,24429366,1
419,4800,30553345,1
420,4800,30121513,0.97
421,4800,24926963,1
422,4800,21353514,1
423,4800,25865604,1
424,4800,28332264,1
425,4800,27663186,1
426,4800,26731389,1
427,4800,19031941,1
428,4800,20804112,1
429,4800,26780767,1
430,4800,23270495,1
431,4800,23614450,1
432,4800,28512399,0.99
433,4800,20304632,1
434,4800,21212157,1
435,4800,29052476,1
436,4800,16388335,1
437,4800,25939152,0.99
438,4800,29024472,1
439,4800,20646562,1
440,4800,21827435,0.99
441,4800,29574952,1
442,4800,29457658,0.99
443,4800,27761447,1
444,4800,27135354,1
445,4800,25607099,1
446,4800,27379008,1
447,4800,26567873,1
448,4800,25326754,1
449,4800,27054591,1
450,4800,28217528,1
451,4800,23939780,1
452,4800,25136473,1
453,4800,25549227,1
454,4800,15714300,1
455,4800,27070881,1
456,4800,27882792,1
457,4800,26021800,0.99
458,4800,22679788,1
459,4800,30041293,0.97
460,4800,22344553,1
461,4800,22151599,1
462,4800,22343320,0.99
463,4800,27249970,0.99
464,4800,26951186,1
465,4800,21726457,1
466,4800,23694982,1
467,4800,26180368,1
468,4800,19066550,1
469,4800,29570465,0.99
470,4800,25189763,1
471,4800,27705805,0.99
472,4800,27409412,1
473,4800,25420876,1
474,4800,27179771,0.99
475,4800,27237242,1
476,4800,18175001,1
477,4800,28424584,1
478,4800,17799591,1
479,4800,26175897,0.99
480,4800,26962533,0.98
481,4800,26699852,1
482,4800,18805821,1
483,4800,22897758,1
484,4800,25200654,1
485,4800,15868665,1
486,4800,26579467,1
487,4800,27474934,0.99
488,4800,22765925,0.96
489,4800,22588353,1
490,4800,28793478,1
491,4800,30200679,0.99
492,4800,26972929,1
493,4800,26592254,0.99
494,4800,14603136,1
495,4800,27755715,0.97
496,4800,29110172,1
497,4800,26796630,1
498,4800,20053899,1
499,4800,28094992,0.99
500,4800,24014360,1
501,4800,22769737,1
502,4800,25123917,1
503,4800,19304701,1
504,4800,23681264,1
505,4800,22226261,1
506,4800,22974672,1
507,4800,25096352,1
508,4800,27700305,0.98
509,4800,20941761,1
510,4800,22255084,1
511,4800,27342037,1
512,4800,25029555,1
513,4800,21829808,1
514,4800,29676149,1
515,4800,4629947,0.22
516,4800,27275516,0.99
517,4800,19940740,1
518,4800,18411894,1
519,4800,28314837,0.97
520,4800,23912573,1
521,4800,28785024,0.99
522,4800,26475011,0.97
523,4800,25048731,0.98
524,4800,29514929,0.96
525,4800,27768913,0.99
526,4800,24266365,1
527,4800,28634200,0.99
528,4800,27878516,1
529,4800,18106438,1
530,4800,27201343,1
531,4800,14954117,1
532,4800,16251498,1
533,4800,27603479,1
534,4800,22178362,1
535,4800,28332960,0.98
536,4800,16851723,1
537,4800,17231071,1
538,4800,28854247,0.97
539,4800,21184606,1
540,4800,28329541,1
541,4800,28130419,0.99
542,4800,12194553,1
543,4800,26118727,1
544,4800,29650945,0.99
545,4800,21966723,1
546,4800,28489862,0.99
547,4800,23404678,1
548,4800,19101533,1
549,4800,28369646,0.99
550,4800,23087651,0.99
551,4800,24619019,1
552,4800,12469632,1
553,4800,25720339,1
554,4800,13583537,1
555,4800,12762585,1
556,4800,18850132,1
557,4800,18542626,1
558,4800,27134453,1
559,4800,28191132,0.99
560,4800,20004543,1
561,4800,24413197,1
562,4800,19933104,1
563,4800,25772826,1
564,4800,25307022,0.98
565,4800,19710084,1
566,4800,20353351,1
567,4800,25895966,0.99
568,4800,25686565,1
569,4800,30523289,0.94
570,4800,23861056,1
571,4800,22240095,1
572,4800,27050576,1
573,4800,27298980,1
574,4800,20491919,1
575,4800,16962820,1
576,4800,17515969,1
577,4800,14021472,1
578,4800,27737231,1
579,4800,23523882,1
580,4800,23881207,1
581,4800,27170226,1
582,4800,29465209,0.99
583,4800,27875932,0.98
584,4800,23563745,1
585,4800,23305974,1
586,4800,26552941,1
587,4800,28285511,1
588,4800,29263901,0.99
589,4800,29617804,0.97
590,4800,30005872,0.99
591,4800,23109292,1
592,4800,30745055,0.98
593,4800,26593273,0.98
594,4800,26246265,1
595,4800,19556587,1
596,4800,26574635,1
597,4800,26021476,0.98
598,4800,28109048,1
599,4800,29079745,1
600,4800,27332540,1
601,4800,25206176,1
602,4800,18326037,1
603,4800,16889187,1
604,4800,29996140,0.94
605,4800,24398354,1
606,4800,29110309,0.97
607,4800,27557548,0.99
608,4800,22017239,1
609,4800,25480971,1
610,4800,17337152,0.99
611,4800,28012412,0.98
612,4800,21809242,1
613,4800,14105896,1
614,4800,27202479,1
615,4800,24816529,1
616,4800,25512428,1
617,4800,24963884,1
618,4800,11578709,1
619,4800,25248644,1
620,4800,29077977,0.98
621,4800,11410692,1
622,4800,26295716,1
623,4800,26419587,0.99
624,4800,25996402,0.99
625,4800,21639984,0.98
626,4800,20185922,0.99
627,4800,29562890,0.97
628,4800,18996316,1
629,4800,29196936,1
630,4800,28959826,1
631,4800,31932282,1
632,4800,28379184,1
633,4800,18750191,1
634,4800,28181946,0.99
635,4800,23282338,1
636,4800,24316613,1
637,4800,25897257,0.99
638,4800,25488250,0.99
639,4800,16687981,1
640,4800,28962434,1
641,4800,26970078,1
642,4800,28960356,0.98
643,4800,26769263,0.99
644,4800,27974933,0.98
645,4800,24241921,1
646,4800,28373952,0.98
647,4800,23169063,1
648,4800,28347340,0.97
649,4800,20713486,1
650,4800,18194180,1
651,4800,27467775,1
652,4800,22802356,1
653,4800,25201004,1
654,4800,28738704,1
655,4800,28721451,1
656,4800,24055228,0.99
657,4800,29991714,0.98
658,4800,22482760,1
659,4800,24097379,1
660,4800,23268779,1
661,4800,23170688,1
662,4800,26187650,1
663,4800,17545470,1
664,4800,27852181,0.98
665,4800,27106771,1
666,4800,19535281,1
667,4800,33832018,0.99
668,4800,29835812,1
669,4800,32639327,0.98
670,4800,29379680,1
671,4800,29215971,1
672,4800,28211381,1
673,4800,33295722,0.98
674,4800,14313623,1
675,4800,30614741,0.99
676,4800,28745124,1
677,4800,30830357,1
678,4800,24510050,1
679,4800,30122782,1
680,4800,31225477,0.97
681,4800,30174144,0.98
682,4800,27929750,1
683,4800,29576774,0.99
684,4800,24514566,0.98
685,4800,25199205,1
686,4800,24949454,1
687,4800,21872303,1
688,4800,30679717,0.96
689,4800,24332558,1
690,4800,27093028,1
691,4800,26841493,1
692,4800,23115529,1
693,4800,25478228,1
694,4800,23178855,1
695,4800,25402947,1
696,4800,29267427,0.98
697,4800,23794664,1
698,4800,29410835,1
699,4800,19372899,1
700,4800,27494462,0.99
701,4800,34767936,0.99
702,4800,23125126,1
703,4800,35528854,0.97
704,4800,23907606,1
705,4800,28977777,1
706,4800,29906177,1
707,4800,24337549,1
708,4800,24027304,1
709,4800,28114559,0.99
710,4800,28398787,1
711,4800,23964648,1
712,4800,28826137,0.99
713,4800,30789706,0.99
714,4800,28552865,1
715,4800,26807190,1
716,4800,26283901,1
717,4800,29841813,1
718,4800,18411194,1
719,4800,30532817,0.99
720,4800,30447503,1
721,4800,28049480,0.96
722,4800,26016126,0.99
723,4800,25640744,1
724,4800,29065811,0.99
725,4800,20213233,0.99
726,4800,14479636,1
727,4800,20118266,1
728,4800,30070772,0.96
729,4800,28488909,1
730,4800,30595249,0.99
731,4800,20356117,1
732,4800,17174471,1
733,4800,16951412,1
734,4800,22151959,1
735,4800,30562688,0.91
736,4800,25517926,1
737,4800,29062180,1
738,4800,30793858,1
739,4800,27989644,1
740,4800,28517132,1
741,4800,34699871,0.98
742,4800,22074538,1
743,4800,32937623,0.95
744,4800,24234283,1
745,4800,32520650,0.99
746,4800,23230306,1
747,4800,24789066,1
748,4800,19559044,1
749,4800,22052491,1
750,4800,32892559,0.98
751,4800,29099939,1
752,4800,32148325,0.91
753,4800,28850698,0.99
754,4800,23086327,1
755,4800,26347302,1
756,4800,24854500,1
757,4800,29265655,0.97
758,4800,28489089,1
759,4800,18680972,1
760,4800,31084085,0.98
761,4800,11613529,1
762,4800,21494934,1
763,4800,30075465,1
764,4800,26772050,0.98
765,4800,28848961,1
766,4800,23292862,1
767,4800,30789933,1
768,4800,26932557,0.99
769,4800,24530411,0.98
770,4800,28951683,1
771,4800,23201441,1
772,4800,36203616,0.99
773,4800,20858660,1
774,4800,32595132,0.98
775,4800,17375685,1
776,4800,25433350,1
777,4800,25286392,1
778,4800,24049443,1
779,4800,24169338,1
780,4800,23843723,1
781,4800,29539733,0.98
782,4800,30873042,0.98
783,4800,32186741,0.98
784,4800,17904554,1
785,4800,23224493,1
786,4800,17792894,1
787,4800,20646741,1
788,4800,28597300,1
789,4800,31738388,0.98
790,4800,21778521,1
791,4800,24208521,1
792,4800,30929510,0.97
793,4800,31982334,0.99
794,4800,28899131,1
795,4800,29017697,0.98
796,4800,24077428,1
797,4800,29475004,0.94
798,4800,29787366,0.99
799,4800,23363913,1
800,4800,26258416,1
801,4800,24280559,1
802,4800,29308889,1
803,4800,21204038,1
804,4800,18911486,1
805,4800,29735904,1
806,4800,35656214,0.96
807,4800,10362136,1
808,4800,32427683,0.98
809,4800,32433347,0.99
810,4800,29162318,1
811,4800,29267829,1
812,4800,21845842,1
813,4800,31664596,1
814,4800,33482582,0.97
815,4800,30760361,0.99
816,4800,30008109,1
817,4800,33497166,0.93
818,4800,29844440,1
819,4800,31263300,0.96
820,4800,29687188,0.99
821,4800,29931345,1
822,4800,20760745,1
823,4800,31812140,1
824,4800,29207054,1
825,4800,16830361,1
826,4800,20289717,1
827,4800,27548960,1
828,4800,25734761,1
829,4800,29740400,0.99
830,4800,20857278,1
831,4800,18113884,1
832,4800,30596676,0.93
833,4800,29729017,1
834,4800,22131434,1
835,4800,16617961,1
836,4800,27996915,0.96
837,4800,21289810,1
838,4800,4878984,0.24
839,4800,28318252,1
840,4800,32256012,1
841,4800,21140396,1
842,4800,20083219,1
843,4800,22874976,1
844,4800,23812443,1
845,4800,35081161,0.99
846,4800,30655958,1
847,4800,19276594,1
848,4800,33656736,0.98
849,4800,27173150,0.99
850,4800,28551205,1
851,4800,17939177,1
852,4800,19450656,1
853,4800,31489194,1
854,4800,21662173,1
855,4800,25444604,1
856,4800,26820915,1
857,4800,28224350,1
858,4800,31543681,1
859,4800,21264585,1
860,4800,31574631,0.97
861,4800,24472726,1
862,4800,24743302,0.99
863,4800,29329261,1
864,4800,32416740,1
865,4800,31313543,0.89
866,4800,28869877,1
867,4800,26557856,1
868,4800,29613619,1
869,4800,16406731,1
870,4800,21340965,1
871,4800,29536055,0.98
872,4800,27771808,1
873,4800,24703780,1
874,4800,30441170,0.99
875,4800,32127890,1
876,4800,32787692,0.99
877,4800,29013648,1
878,4800,22528591,1
879,4800,28220122,0.99
880,4800,17686981,1
881,4800,31899892,1
882,4800,16648235,1
883,4800,27462509,1
884,4800,26428059,1
885,4800,28969623,0.99
886,4800,27020095,1
887,4800,24411224,1
888,4800,24145112,1
889,4800,33502562,1
890,4800,31883861,0.96
891,4800,28646020,1
892,4800,26363890,1
893,4800,31657512,1
894,4800,27159481,1
895,4800,27668132,1
896,4800,21437944,1
897,4800,24259979,1
898,4800,32630214,0.95
899,4800,29424884,0.99
900,4800,24805859,1
901,4800,13042754,1
902,4800,28218082,1
903,4800,27572235,1
904,4800,27931793,1
905,4800,18183374,1
906,4800,30124645,1
907,4800,24674439,1
908,4800,25770860,1
909,4800,26152238,1
910,4800,35265950,1
911,4800,27429906,1
912,4800,33761103,0.98
913,4800,32105457,1
914,4800,29448615,1
915,4800,23105914,1
916,4800,13796043,0.99
917,4800,18091043,1
918,4800,29890725,1
919,4800,25326201,1
920,4800,21341747,1
921,4800,30369570,1
922,4800,29476555,0.99
923,4800,29129751,1
924,4800,25130731,1
925,4800,32796553,0.99
926,4800,21365548,1
927,4800,29346724,1
928,4800,32807222,0.97
929,4800,28920342,0.99
930,4800,12789811,1
931,4800,30430644,1
932,4800,29026385,0.99
933,4800,28836937,1
934,4800,24829917,1
935,4800,31354409,0.96
936,4800,15558106,1
937,4800,29495827,0.96
938,4800,31053413,0.98
939,4800,24950458,1
940,4800,26082089,1
941,4800,27416567,1
942,4800,23574804,1
943,4800,29481064,1
944,4800,36739420,1
945,4800,22492162,1
946,4800,35714150,1
947,4800,32628245,0.96
948,4800,32654488,0.99
949,4800,34447330,1
950,4800,30278465,1
951,4800,32236193,0.99
952,4800,30802572,1
953,4800,18991631,1
954,4800,31853334,0.99
955,4800,28378010,0.97
956,4800,26560133,1
957,4800,20826066,1
958,4800,20415633,1
959,4800,23004315,1
960,4800,28571609,1
961,4800,19687031,1
962,4800,21310289,1
963,4800,28952227,0.99
964,4800,25334756,1
965,4800,26796491,1
966,4800,23118435,1
967,4800,27339492,1
968,4800,29386556,0.99
969,4800,30502352,0.97
970,4800,23480355,1
971,4800,21495696,1
972,4800,22634190,1
973,4800,31311932,0.98
974,4800,21191490,1
975,4800,28069159,1
976,4800,24023005,1
977,4800,22793397,1
978,4800,31755444,1
979,4800,18548147,1
980,4800,18877880,1
981,4800,30787996,1
982,4800,32471203,1
983,4800,28146366,1
984,4800,29278537,1
985,4800,28253310,1
986,4800,32001768,1
987,4800,20542605,1
988,4800,27983678,1
989,4800,32593615,1
990,4800,23031751,1
991,4800,17962829,1
992,4800,30393631,1
993,4800,24614837,1
994,4800,33671667,1
995,4800,32617756,0.99
996,4800,27345169,1
997,4800,18245572,1
998,4800,26893532,1
999,4800,33994102,0.95
0,5200,28088661,1
1,5200,32411085,1
2,5200,24727430,1
3,5200,33814745,1
4,5200,34011865,0.98
5,5200,26272991,1
6,5200,33195144,0.98
7,5200,35366778,1
8,5200,33560459,0.99
9,5200,23007491,1
10,5200,22163118,1
11,5200,28464237,1
12,5200,34010213,0.99
13,5200,28711937,0.94
14,5200,28163455,1
15,5200,33096567,1
16,5200,30232473,1
17,5200,27053253,1
18,5200,33604851,0.97
19,5200,31183890,0.99
20,5200,22193641,1
21,5200,31018407,1
22,5200,31115710,1
23,5200,23306839,1
24,5200,33665181,0.98
25,5200,28236778,1
26,5200,15456248,1
27,5200,27163284,1
28,5200,27172823,0.97
29,5200,28018321,1
30,5200,30749885,0.94
31,5200,33011043,1
32,5200,28799847,1
33,5200,35830421,0.97
34,5200,20147395,1
35,5200,22670945,1
36,5200,37790329,0.99
37,5200,25120173,1
38,5200,33186570,1
39,5200,32455078,1
40,5200,27833255,1
41,5200,33305847,0.99
42,5200,26573091,1
43,5200,32972457,1
44,5200,31216614,0.99
45,5200,28668964,1
46,5200,30955125,0.98
47,5200,25475191,1
48,5200,28545108,1
49,5200,31151142,1
50,5200,33321719,0.98
51,5200,26711809,1
52,5200,33186275,0.99
53,5200,20386350,1
54,5200,27983236,1
55,5200,24747717,1
56,5200,26473921,1
57,5200,29497177,1
58,5200,17890044,1
59,5200,20211525,1
60,5200,33349591,0.99
61,5200,27874887,0.99
62,5200,26520690,1
63,5200,27558230,1
64,5200,30686072,0.99
65,5200,29370329,0.99
66,5200,28997182,1
67,5200,30804330,1
68,5200,35697297,1
69,5200,24643020,1
70,5200,18243589,1
71,5200,32639209,0.98
72,5200,19778983,1
73,5200,34258642,1
74,5200,32864939,0.99
75,5200,18596217,1
76,5200,34290026,0.99
77,5200,30615629,1
78,5200,27395124,1
79,5200,20306205,1
80,5200,33701006,0.98
81,5200,28598870,1
82,5200,31286182,1
83,5200,31655506,1
84,5200,33101894,1
85,5200,28789270,0.99
86,5200,33059891,0.98
87,5200,31236509,1
88,5200,32366703,1
89,5200,20963776,1
90,5200,26518943,1
91,5200,20567414,1
92,5200,28132314,0.99
93,5200,27973059,1
94,5200,32666549,0.96
95,5200,32614913,0.99
96,5200,25167329,1
97,5200,31734226,0.98
98,5200,38834603,1
99,5200,34650756,0.99
100,5200,35676079,0.99
101,5200,21399545,1
102,5200,17034087,1
103,5200,18649451,1
104,5200,32908526,0.95
105,5200,13819998,1
106,5200,30272315,1
107,5200,21969924,1
108,5200,29568225,1
109,5200,33495346,0.99
110,5200,27885171,1
111,5200,33156693,0.99
112,5200,34393095,1
113,5200,27969563,1
114,5200,31353053,1
115,5200,31288336,1
116,5200,29251000,1
117,5200,33513549,1
118,5200,33614656,0.94
119,5200,29668312,0.99
120,5200,29551371,0.99
121,5200,30568727,0.99
122,5200,21486905,1
123,5200,20978944,1
124,5200,17127623,1
125,5200,15591888,1
126,5200,26703027,0.99
127,5200,34958868,0.98
128,5200,28126689,0.99
129,5200,32192876,0.99
130,5200,34154631,1
131,5200,32952923,1
132,5200,37220264,0.98
133,5200,26878336,1
134,5200,31963488,1
135,5200,35255730,0.97
136,5200,31543265,0.96
137,5200,33375003,1
138,5200,19921138,1
139,5200,31219343,1
140,5200,23024285,1
141,5200,32000354,1
142,5200,30564338,1
143,5200,30476736,1
144,5200,27057107,1
145,5200,31205318,0.97
146,5200,18145774,1
147,5200,29675095,1
148,5200,30046086,1
149,5200,30944861,0.99
150,5200,23845407,1
151,5200,26720461,1
152,5200,29085113,1
153,5200,22492648,1
154,5200,32188290,0.97
155,5200,29517969,0.99
156,5200,21518052,1
157,5200,29526064,1
158,5200,15503786,1
159,5200,29834740,1
160,5200,31361820,0.99
161,5200,13768769,1
162,5200,27391801,1
163,5200,26410133,1
164,5200,31150477,1
165,5200,33509520,1
166,5200,35894723,0.97
167,5200,31610735,1
168,5200,29781799,1
169,5200,35361001,0.98
170,5200,30077804,1
171,5200,29952546,1
172,5200,31908478,1
173,5200,26013090,1
174,5200,29183446,0.99
175,5200,34461337,0.97
176,5200,29076030,1
177,5200,25735507,1
178,5200,31311525,0.99
179,5200,17242596,1
180,5200,22149106,1
181,5200,25955351,1
182,5200,32073131,0.97
183,5200,33060004,0.99
184,5200,16229062,1
185,5200,19819123,1
186,5200,21453382,1
187,5200,20793470,1
188,5200,34467614,0.97
189,5200,32593429,0.97
190,5200,32433879,1
191,5200,29166611,1
192,5200,20843874,1
193,5200,32325143,1
194,5200,26228024,1
195,5200,24687208,1
196,5200,27777263,1
197,5200,27169197,1
198,5200,33783204,0.99
199,5200,36415153,0.99
200,5200,32580505,1
201,5200,22378767,1
202,5200,26922477,1
203,5200,17425640,1
204,5200,21800794,1
205,5200,31465819,1
206,5200,32792564,0.99
207,5200,23729607,1
208,5200,26224292,1
209,5200,30770585,0.99
210,5200,28481405,1
211,5200,21760004,1
212,5200,26303930,1
213,5200,19080368,1
214,5200,34279686,0.98
215,5200,29862928,1
216,5200,16374605,1
217,5200,19015419,1
218,5200,22726129,1
219,5200,31570435,0.99
220,5200,34244435,1
221,5200,33342788,0.95
222,5200,34731212,0.96
223,5200,20080072,1
224,5200,30105920,1
225,5200,30164850,1
226,5200,20746149,1
227,5200,26913796,1
228,5200,32611824,1
229,5200,25474116,1
230,5200,19735938,1
231,5200,19882120,1
232,5200,31938171,0.97
233,5200,34134694,0.99
234,5200,35510582,0.97
235,5200,33363323,0.98
236,5200,24412639,1
237,5200,34422295,0.99
238,5200,34394723,1
239,5200,12386045,1
240,5200,32576680,1
241,5200,31667507,1
242,5200,23831606,1
243,5200,32808269,1
244,5200,35124418,0.98
245,5200,29745076,1
246,5200,27191063,1
247,5200,31605978,1
248,5200,31833611,1
249,5200,30208893,1
250,5200,16328911,1
251,5200,33266612,0.97
252,5200,34167155,0.91
253,5200,24527345,1
254,5200,27514929,1
255,5200,21131264,1
256,5200,26450687,1
257,5200,31362345,1
258,5200,27747839,1
259,5200,32521495,1
260,5200,26364807,1
261,5200,26643041,1
262,5200,35656247,0.98
263,5200,34355226,0.99
264,5200,36416657,0.99
265,5200,25659159,0.99
266,5200,19142177,1
267,5200,30923663,1
268,5200,18867137,1
269,5200,32511969,1
270,5200,30293166,1
271,5200,29103589,1
272,5200,35640537,0.99
273,5200,17268671,1
274,5200,29116088,1
275,5200,18705136,1
276,5200,34640477,0.92
277,5200,27938660,1
278,5200,28556199,1
279,5200,17740832,1
280,5200,25465203,1
281,5200,31811880,1
282,5200,31302444,1
283,5200,26544527,1
284,5200,32878546,0.99
285,5200,31187723,1
286,5200,28296263,1
287,5200,29842230,1
288,5200,27691003,1
289,5200,30269704,0.99
290,5200,24632281,1
291,5200,29549909,0.98
292,5200,31714642,0.99
293,5200,40056204,1
294,5200,28164038,1
295,5200,25710870,1
296,5200,35477070,1
297,5200,22085961,1
298,5200,25211964,1
299,5200,31636649,0.97
300,5200,29137735,0.99
301,5200,35320393,0.94
302,5200,28682490,1
303,5200,21366953,1
304,5200,33659234,1
305,5200,24339752,0.97
306,5200,27839200,1
307,5200,33068881,0.99
308,5200,31507112,0.99
309,5200,34063378,0.98
310,5200,18654252,1
311,5200,30716274,1
312,5200,32724226,0.99
313,5200,28596721,1
314,5200,32489740,0.98
315,5200,30195675,0.97
316,5200,33838801,0.99
317,5200,34435257,0.99
318,5200,17468082,1
319,5200,26785482,0.99
320,5200,30612837,1
321,5200,19462275,1
322,5200,22373099,1
323,5200,16996038,1
324,5200,34116411,0.96
325,5200,34608406,1
326,5200,20389409,1
327,5200,36324348,0.99
328,5200,24550530,1
329,5200,34631212,1
330,5200,28266873,1
331,5200,27395180,1
332,5200,36464859,1
333,5200,25657413,1
334,5200,34666331,1
335,5200,29079908,0.98
336,5200,30541728,1
337,5200,19886334,1
338,5200,36573329,0.95
339,5200,31169781,1
340,5200,36233388,0.98
341,5200,35127868,0.99
342,5200,30351703,1
343,5200,31208743,0.98
344,5200,24061424,1
345,5200,22493085,1
346,5200,31113111,1
347,5200,28782186,1
348,5200,26435574,1
349,5200,32870877,1
350,5200,27172035,1
351,5200,12836791,1
352,5200,23914589,1
353,5200,18835391,1
354,5200,26010499,0.99
355,5200,23656028,1
356,5200,29357235,1
357,5200,35927036,0.97
358,5200,32878440,1
359,5200,25400511,1
360,5200,29368425,1
361,5200,14695534,1
362,5200,15987653,1
363,5200,33158971,0.99
364,5200,33223400,0.99
365,5200,31120888,0.98
366,5200,24263284,1
367,5200,11881293,1
368,5200,33198110,1
369,5200,15342094,1
370,5200,27013138,1
371,5200,32855392,1
372,5200,32045350,1
373,5200,34853364,0.98
374,5200,34831509,1
375,5200,26001229,0.97
376,5200,27857579,1
377,5200,31109769,0.99
378,5200,20463087,1
379,5200,31761905,1
380,5200,31926361,1
381,5200,30728635,1
382,5200,30741844,0.99
383,5200,32388543,0.98
384,5200,26422914,0.98
385,5200,30980712,1
386,5200,30352283,1
387,5200,33738207,0.98
388,5200,33866675,0.98
389,5200,14009078,1
390,5200,36917496,1
391,5200,33992388,0.99
392,5200,31097568,0.99
393,5200,36725537,1
394,5200,27534305,1
395,5200,34175967,1
396,5200,22990406,1
397,5200,24283221,1
398,5200,29276093,1
399,5200,34184064,0.99
400,5200,32320285,1
401,5200,30992359,1
402,5200,20738969,0.99
403,5200,31673580,1
404,5200,17037098,1
405,5200,32364927,0.98
406,5200,34238789,0.98
407,5200,33938092,0.99
408,5200,31711010,1
409,5200,29741139,1
410,5200,27374212,1
411,5200,19128588,1
412,5200,29393345,1
413,5200,30313901,1
414,5200,30592382,1
415,5200,23268476,1
416,5200,28604293,0.99
417,5200,33290907,0.98
418,5200,27792895,1
419,5200,33631660,1
420,5200,36206748,0.98
421,5200,31262846,1
422,5200,25981966,1
423,5200,32501808,1
424,5200,35008578,1
425,5200,34230227,1
426,5200,32954304,1
427,5200,22982490,1
428,5200,25444623,1
429,5200,32127644,1
430,5200,27990650,1
431,5200,28398166,1
432,5200,33386201,0.99
433,5200,24175695,1
434,5200,24203371,1
435,5200,33813363,1
436,5200,19484135,1
437,5200,29575269,0.99
438,5200,34548115,1
439,5200,23741006,1
440,5200,24831476,0.99
441,5200,33534230,1
442,5200,34494171,0.99
443,5200,31676137,1
444,5200,30620402,1
445,5200,29824915,1
446,5200,30403091,1
447,5200,30017096,1
448,5200,28173359,1
449,5200,30063263,1
450,5200,31247578,1
451,5200,30253542,1
452,5200,30486075,1
453,5200,30981991,1
454,5200,19094367,1
455,5200,33048199,1
456,5200,32919969,1
457,5200,31453924,0.99
458,5200,29912446,1
459,5200,37597165,0.97
460,5200,26063994,1
461,5200,26313519,1
462,5200,25784429,0.99
463,5200,32755297,0.99
464,5200,31004970,1
465,5200,26283714,1
466,5200,27880293,1
467,5200,30525529,1
468,5200,22255328,1
469,5200,35641028,0.99
470,5200,29450679,1
471,5200,31326192,0.99
472,5200,32227117,1
473,5200,27585104,1
474,5200,30260072,0.99
475,5200,31083916,1
476,5200,20469589,1
477,5200,30958632,1
478,5200,19291672,1
479,5200,28690013,0.99
480,5200,30131758,0.98
481,5200,30513928,1
482,5200,21273340,1
483,5200,29812289,1
484,5200,31850471,1
485,5200,19137603,1
486,5200,32640378,1
487,5200,35467586,0.99
488,5200,27338223,0.96
489,5200,27219265,1
490,5200,34333940,1
491,5200,36557168,0.99
492,5200,32067373,1
493,5200,31883009,0.99
494,5200,16799946,1
495,5200,33111421,0.99
496,5200,34063029,1
497,5200,31321890,1
498,5200,24125853,1
499,5200,32655606,0.99
500,5200,28100293,1
501,5200,26919325,1
502,5200,30545864,1
503,5200,22793723,1
504,5200,28026226,1
505,5200,24720285,1
506,5200,27070654,1
507,5200,28137632,1
508,5200,32771372,0.99
509,5200,23976726,1
510,5200,25826406,1
511,5200,30394823,1
512,5200,27595811,1
513,5200,25115627,1
514,5200,33374642,1
515,5200,5604874,0.22
516,5200,36500670,0.99
517,5200,25358569,1
518,5200,22545238,1
519,5200,36265260,0.99
520,5200,30721816,1
521,5200,35410636,0.99
522,5200,32185257,0.97
523,5200,30208388,0.98
524,5200,35398048,0.96
525,5200,32422928,0.99
526,5200,28978515,1
527,5200,33020774,0.99
528,5200,33290321,1
529,5200,21524931,1
530,5200,32686639,1
531,5200,18127963,1
532,5200,18331733,1
533,5200,32141563,1
534,5200,25163868,1
535,5200,32137452,0.98
536,5200,19911957,1
537,5200,20652015,1
538,5200,33717184,0.97
539,5200,24624519,1
540,5200,31612072,1
541,5200,32797990,0.99
542,5200,13793837,1
543,5200,30135098,1
544,5200,33614690,0.99
545,5200,24628017,1
546,5200,31913431,0.99
547,5200,26365175,1
548,5200,27466741,1
549,5200,36530429,0.99
550,5200,29753254,0.99
551,5200,30311275,1
552,5200,15326203,1
553,5200,31988539,1
554,5200,14009912,1
555,5200,14420946,1
556,5200,23150310,1
557,5200,21918982,1
558,5200,32896050,1
559,5200,33757865,0.99
560,5200,23789189,1
561,5200,28915991,1
562,5200,23469663,1
563,5200,29819792,1
564,5200,28888886,0.98
565,5200,23236565,1
566,5200,22785005,1
567,5200,29969930,0.99
568,5200,30739800,1
569,5200,36635825,0.94
570,5200,27144505,1
571,5200,25308659,1
572,5200,31915201,1
573,5200,30662593,1
574,5200,24204722,1
575,5200,19772476,1
576,5200,19477936,1
577,5200,16214935,1
578,5200,31380566,1
579,5200,27339451,1
580,5200,26596639,1
581,5200,30590227,1
582,5200,38603614,0.99
583,5200,35988635,0.98
584,5200,29763509,1
585,5200,28975772,1
586,5200,32524029,1
587,5200,35405142,1
588,5200,36134390,0.99
589,5200,35671992,0.97
590,5200,35706183,0.99
591,5200,27151455,1
592,5200,35246908,0.98
593,5200,30277716,0.98
594,5200,31177794,1
595,5200,22653217,1
596,5200,31092143,1
597,5200,30416414,0.98
598,5200,32754794,1
599,5200,34544225,1
600,5200,31452348,1
601,5200,29830199,1
602,5200,21532622,1
603,5200,19201142,1
604,5200,33842338,0.94
605,5200,29083642,1
606,5200,32894295,1
607,5200,31266008,0.99
608,5200,26072834,1
609,5200,28548782,1
610,5200,19736915,0.99
611,5200,31801469,0.98
612,5200,29193948,1
613,5200,18187615,1
614,5200,33699034,1
615,5200,31463742,1
616,5200,31200431,1
617,5200,31197691,1
618,5200,14035983,1
619,5200,29952327,1
620,5200,34112719,0.98
621,5200,12869836,1
622,5200,31136071,1
623,5200,32091573,0.99
624,5200,30546190,0.99
625,5200,25082171,0.98
626,5200,23305596,0.99
627,5200,35901897,0.97
628,5200,21937646,1
629,5200,33044086,1
630,5200,34168919,1
631,5200,34556153,1
632,5200,31788744,1
633,5200,20904084,1
634,5200,31655046,0.99
635,5200,26509925,1
636,5200,26913568,1
637,5200,28916873,1
638,5200,28938841,0.99
639,5200,18095125,1
640,5200,32302099,1
641,5200,29881094,1
642,5200,32241450,0.98
643,5200,29655883,1
644,5200,34539947,0.98
645,5200,30546770,1
646,5200,35957823,0.98
647,5200,28063026,1
648,5200,34781821,0.97
649,5200,23898767,1
650,5200,21113845,1
651,5200,33619913,1
652,5200,28720159,1
653,5200,30738173,1
654,5200,34504874,1
655,5200,34126851,1
656,5200,27784965,0.99
657,5200,35609867,0.98
658,5200,25222504,1
659,5200,26771371,1
660,5200,27084046,1
661,5200,25687478,1
662,5200,30144965,1
663,5200,19976674,1
664,5200,31004248,1
665,5200,30326779,1
666,5200,21417916,1
667,5200,33279902,0.99
668,5200,29003682,1
669,5200,31816036,0.98
670,5200,29465928,1
671,5200,29337194,1
672,5200,28785575,1
673,5200,32434781,0.99
674,5200,14948107,1
675,5200,31743488,0.99
676,5200,35463807,1
677,5200,35273268,1
678,5200,28186955,1
679,5200,34294440,1
680,5200,35887669,0.97
681,5200,35153684,0.98
682,5200,32313708,1
683,5200,33653651,0.99
684,5200,28886147,0.98
685,5200,28569812,1
686,5200,28577896,1
687,5200,24984778,1
688,5200,34669122,0.96
689,5200,27607774,1
690,5200,30474407,1
691,5200,30144498,1
692,5200,26191788,1
693,5200,28485154,1
694,5200,25911797,1
695,5200,28617798,1
696,5200,32190035,0.98
697,5200,26153697,1
698,5200,32354780,1
699,5200,21582797,1
700,5200,30509203,0.99
701,5200,32355424,0.99
702,5200,22115177,1
703,5200,33831637,0.97
704,5200,23011154,1
705,5200,28170400,1
706,5200,29879788,1
707,5200,29819168,1
708,5200,27259076,1
709,5200,32736761,0.99
710,5200,30889681,1
711,5200,26919221,1
712,5200,32246863,0.99
713,5200,35284581,0.99
714,5200,32316620,1
715,5200,29458338,1
716,5200,29357493,1
717,5200,33582123,1
718,5200,20189783,1
719,5200,33947736,0.99
720,5200,33537978,1
721,5200,31090351,0.97
722,5200,28501942,0.99
723,5200,28625328,1
724,5200,31910223,0.99
725,5200,22600191,0.99
726,5200,15612171,1
727,5200,21877173,1
728,5200,33008427,0.97
729,5200,30751058,1
730,5200,32907030,0.99
731,5200,22120815,1
732,5200,18469526,1
733,5200,18530182,1
734,5200,24304520,1
735,5200,33417791,0.91
736,5200,22907824,1
737,5200,28277470,1
738,5200,29251141,1
739,5200,31195088,1
740,5200,30931934,1
741,5200,38353316,0.98
742,5200,23395529,1
743,5200,36444602,0.95
744,5200,25285015,1
745,5200,35652628,0.99
746,5200,25380575,1
747,5200,28618911,1
748,5200,20443843,1
749,5200,23026862,1
750,5200,35794717,0.98
751,5200,32441304,1
752,5200,35222409,0.93
753,5200,30595117,0.99
754,5200,24627276,1
755,5200,28848881,1
756,5200,26852483,1
757,5200,31431346,0.97
758,5200,31487046,1
759,5200,20404768,1
760,5200,33908047,0.98
761,5200,12378755,1
762,5200,23103964,1
763,5200,32715502,1
764,5200,28798757,0.98
765,5200,31181227,1
766,5200,24923118,1
767,5200,32701530,1
768,5200,29089544,1
769,5200,26819394,0.98
770,5200,27818298,1
771,5200,25968016,1
772,5200,38717360,0.99
773,5200,22253180,1
774,5200,35800283,0.98
775,5200,18838074,1
776,5200,27282193,1
777,5200,27179018,1
778,5200,26078689,1
779,5200,27222070,1
780,5200,25662078,1
781,5200,31110383,0.98
782,5200,33335678,0.98
783,5200,34916768,0.98
784,5200,19551606,1
785,5200,25121884,1
786,5200,18993604,1
787,5200,21716926,1
788,5200,31596187,1
789,5200,33446104,0.98
790,5200,23817599,1
791,5200,26062035,0.99
792,5200,34036538,0.98
793,5200,34453378,0.99
794,5200,30697601,1
795,5200,31111243,0.98
796,5200,25991728,1
797,5200,31698410,0.95
798,5200,32573490,0.99
799,5200,25525295,1
800,5200,28302880,1
801,5200,26344555,1
802,5200,31492227,1
803,5200,22589964,1
804,5200,25201336,1
805,5200,35213986,1
806,5200,35834487,0.96
807,5200,10650701,1
808,5200,34633636,0.98
809,5200,35083868,0.99
810,5200,31734404,1
811,5200,30424851,1
812,5200,22088709,1
813,5200,34025599,1
814,5200,35336875,0.97
815,5200,33611926,0.99
816,5200,32516463,1
817,5200,35596478,0.93
818,5200,31390762,1
819,5200,32767227,0.96
820,5200,31940851,0.99
821,5200,31930265,1
822,5200,22554934,1
823,5200,33721906,1
824,5200,31223522,1
825,5200,17459412,1
826,5200,21190561,1
827,5200,29731832,1
828,5200,27643107,1
829,5200,32009514,0.99
830,5200,22302753,1
831,5200,19192320,1
832,5200,32987814,0.94
833,5200,31595761,1
834,5200,23431501,1
835,5200,20832827,1
836,5200,32307404,0.96
837,5200,24562332,1
838,5200,5605028,0.22
839,5200,34011173,1
840,5200,33889944,1
841,5200,22214387,1
842,5200,21713862,1
843,5200,24564598,1
844,5200,25602022,1
845,5200,35790553,0.99
846,5200,32142335,1
847,5200,20434813,1
848,5200,34454563,0.98
849,5200,29250465,0.99
850,5200,30003383,1
851,5200,18942805,1
852,5200,20769241,1
853,5200,33577349,1
854,5200,23106191,1
855,5200,26983217,1
856,5200,28534825,1
857,5200,30613021,1
858,5200,33336724,1
859,5200,22889137,1
860,5200,33241025,0.97
861,5200,26326555,1
862,5200,26030458,0.99
863,5200,30711221,1
864,5200,34432239,1
865,5200,31644365,0.93
866,5200,30929083,1
867,5200,28247340,1
868,5200,35871107,1
869,5200,19000901,1
870,5200,25085563,1
871,5200,34446132,0.98
872,5200,33400973,1
873,5200,29247535,1
874,5200,35614841,0.99
875,5200,32247803,1
876,5200,33882421,0.99
877,5200,30054059,1
878,5200,23545013,1
879,5200,29073979,0.99
880,5200,18604312,1
881,5200,33928231,1
882,5200,17126918,1
883,5200,28371005,1
884,5200,26388505,1
885,5200,30831122,0.99
886,5200,28762921,1
887,5200,25801961,1
888,5200,25546678,1
889,5200,34921804,1
890,5200,32952033,0.96
891,5200,30061110,1
892,5200,27603525,1
893,5200,32909529,1
894,5200,28915866,1
895,5200,29348145,1
896,5200,22879523,1
897,5200,25611104,1
898,5200,34175489,0.96
899,5200,30278134,0.99
900,5200,29728636,1
901,5200,14593998,1
902,5200,34223937,1
903,5200,32651573,1
904,5200,32629077,1
905,5200,20865476,1
906,5200,35090319,1
907,5200,27649780,1
908,5200,28932623,1
909,5200,28980661,1
910,5200,32403944,1
911,5200,26800336,1
912,5200,34664000,0.98
913,5200,34211103,1
914,5200,31019628,1
915,5200,23432937,1
916,5200,14065591,1
917,5200,19320265,1
918,5200,30818640,1
919,5200,26400868,1
920,5200,22151496,1
921,5200,31133840,1
922,5200,30976571,0.99
923,5200,29399172,1
924,5200,27055545,1
925,5200,35032642,0.99
926,5200,22902157,1
927,5200,30029748,1
928,5200,34854608,0.97
929,5200,29144941,0.99
930,5200,13482616,1
931,5200,32011985,1
932,5200,29661613,0.99
933,5200,30600961,1
934,5200,26326214,1
935,5200,33868886,0.96
936,5200,16488642,1
937,5200,30830678,0.97
938,5200,33547087,0.98
939,5200,26106925,1
940,5200,27949618,1
941,5200,29508968,1
942,5200,25002266,1
943,5200,31126884,1
944,5200,31759858,1
945,5200,21806116,1
946,5200,32943902,1
947,5200,31840645,0.97
948,5200,32109149,0.99
949,5200,33964153,1
950,5200,28510968,1
951,5200,31498075,1
952,5200,30142544,1
953,5200,18875543,1
954,5200,31787308,0.99
955,5200,27807188,0.97
956,5200,27159423,1
957,5200,21063090,1
958,5200,19148713,1
959,5200,23233836,1
960,5200,29577219,1
961,5200,20373305,1
962,5200,22446411,1
963,5200,28760515,0.99
964,5200,25671315,1
965,5200,27636344,1
966,5200,25015072,1
967,5200,28316882,1
968,5200,29847406,0.99
969,5200,31023765,0.97
970,5200,23823288,1
971,5200,22735752,1
972,5200,23518956,1
973,5200,31534789,0.98
974,5200,22359835,1
975,5200,28433754,1
976,5200,24549078,1
977,5200,23372754,1
978,5200,26793016,1
979,5200,17369307,1
980,5200,17256944,1
981,5200,28746127,1
982,5200,30700353,1
983,5200,25990346,1
984,5200,28447864,1
985,5200,28340532,1
986,5200,30072988,1
987,5200,19922161,1
988,5200,28106719,1
989,5200,31778849,1
990,5200,22663031,1
991,5200,17839071,1
992,5200,31214974,1
993,5200,24320782,1
994,5200,32566860,1
995,5200,32679312,0.99
996,5200,27001853,1
997,5200,18567846,1
998,5200,27503882,1
999,5200,33553041,0.95
