QueryID,EF,Latency(ns),Recall
0,1092,11658088,0.97
1,1092,12209935,0.973
2,1328,19962549,0.928
3,1092,12747939,0.963
4,1092,11495575,0.982
5,1833,27801867,0.934
6,1092,18060204,0.889
7,1092,16552316,0.892
8,1422,18869893,0.857
9,1092,14122475,0.945
10,1092,12313100,0.992
11,1092,14300700,0.958
12,1092,14758097,0.934
13,1404,18963200,0.972
14,1092,8115624,0.996
15,1666,19715907,0.985
16,1166,10156856,0.994
17,1092,9475071,0.988
18,1475,9628652,0.999
19,1092,10587130,0.982
20,1092,7945907,1
21,1092,13248845,0.973
22,1092,16950311,0.922
23,1092,10251633,0.997
24,1092,11461923,0.987
25,1500,19602709,0.961
26,1092,9729732,0.999
27,1092,14552099,0.964
28,1092,10138961,0.989
29,1318,14427260,0.971
30,1833,24525100,0.901
31,1092,10898832,0.996
32,1092,11169131,0.994
33,1092,6709945,0.999
34,1578,18908441,0.974
35,1092,17834530,0.858
36,1102,8755864,0.986
37,1092,15553161,0.952
38,1116,13524428,0.955
39,1092,7623932,0.994
40,1252,19596734,0.864
41,1092,13028134,0.972
42,1092,12362736,0.975
43,2902,48108751,0.921
44,1092,11517481,0.988
45,1629,20248600,0.979
46,1092,11056108,0.98
47,3045,47921765,0.912
48,1092,16377278,0.888
49,1135,9286311,0.995
50,1092,13341213,0.956
51,1092,14009167,0.966
52,1092,9369256,0.977
53,1092,12464479,0.953
54,1325,15024112,0.985
55,1399,13145537,0.997
56,1128,18638395,0.924
57,1092,10800112,0.983
58,1304,9746002,0.993
59,1092,7826287,0.995
60,1500,23781724,0.885
61,2976,46553820,0.784
62,1166,15486234,0.969
63,1092,9335361,0.989
64,1092,11169252,0.961
65,1092,8022737,0.998
66,1092,11343777,0.988
67,1092,10391263,0.994
68,1615,26118572,0.846
69,1956,20326092,0.981
70,1553,18800162,0.991
71,1092,8156542,1
72,1500,20364465,0.978
73,2023,21753563,0.979
74,1092,12091533,0.948
75,1092,7083798,0.998
76,1092,7198142,0.999
77,1092,9783477,0.983
78,1500,18222756,0.932
79,1618,21142561,0.984
80,1232,14481901,0.967
81,1092,12487136,0.975
82,2500,37784543,0.903
83,1759,26662666,0.86
84,1281,11351817,0.986
85,1611,19321666,0.994
86,1092,8144755,0.996
87,1092,10423091,0.995
88,1092,17716943,0.922
89,1092,13503681,0.774
90,1092,12552472,0.98
91,1197,15847518,0.98
92,1451,19849662,0.961
93,1174,8264663,0.999
94,1092,13198901,0.979
95,1092,12831791,0.991
96,1345,17407278,0.965
97,1092,8299007,0.996
98,2290,30753428,0.899
99,1092,15745032,0.909
100,1092,9258713,0.985
101,1092,13657444,0.973
102,1092,13874691,0.969
103,3118,43363892,0.952
104,1092,8323662,0.993
105,1464,18853892,0.989
106,1092,12729447,0.975
107,1092,16808636,0.881
108,1092,10802442,0.999
109,1193,16086720,0.94
110,1092,10732392,0.975
111,1553,14414996,0.997
112,1166,13631948,0.977
113,4740,54940160,0.983
114,1302,16590395,0.987
115,1092,9946211,0.992
116,1500,24289937,0.84
117,1092,11746978,0.988
118,1092,11818780,0.929
119,1092,8263739,0.991
120,1092,5846215,0.999
121,1092,14755876,0.953
122,1092,10427134,0.989
123,2902,43526748,0.939
124,1092,10649544,0.997
125,1092,10275621,0.982
126,1092,7966345,0.999
127,1092,7296492,0.994
128,2782,46543053,0.906
129,1092,8423811,0.993
130,1092,5349844,1
131,1296,15560483,0.956
132,1136,16994018,0.865
133,1259,15724817,0.983
134,1092,11605582,0.989
135,1500,14658144,0.948
136,1317,10529891,0.993
137,1092,7929776,0.999
138,1500,15334420,0.988
139,1092,13412737,0.976
140,1092,11797434,0.995
141,1092,11855282,0.977
142,1092,9123358,0.996
143,1394,20723550,0.802
144,1636,22239288,0.965
145,1469,18443390,0.943
146,1092,6769062,0.999
147,1092,11472777,0.991
148,1523,23151809,0.934
149,1092,11637185,0.91
150,1092,12085127,0.988
151,1138,17318707,0.897
152,1092,12026258,0.981
153,1092,14684324,0.964
154,1092,15141346,0.982
155,1092,16877650,0.937
156,1736,25882919,0.968
157,1092,9494936,0.998
158,2779,38096854,0.975
159,1634,22902815,0.951
160,1286,11663963,0.991
161,1833,18347273,0.969
162,1092,11285855,0.993
163,1769,24000451,0.943
164,1092,9530349,0.997
165,1540,25963348,0.837
166,1092,13635697,0.892
167,1555,17170224,0.982
168,1518,22194859,0.909
169,1663,20631655,0.986
170,1092,15848025,0.937
171,1092,15950869,0.962
172,1092,10897595,0.971
173,1276,19558933,0.898
174,1166,17070588,0.94
175,1542,23027957,0.912
176,1666,17543752,0.989
177,1092,14611715,0.929
178,1640,15687207,0.992
179,1500,16730719,0.984
180,3045,45628246,0.932
181,1092,6869772,0.999
182,1262,9904379,0.997
183,1092,16563369,0.889
184,1092,9937392,0.998
185,1092,6438028,0.997
186,1092,15373146,0.958
187,1092,11292317,0.994
188,1092,13643434,0.977
189,1092,11876057,0.98
190,1625,23734550,0.927
191,1092,16375644,0.949
192,1092,4991441,1
193,1092,13909041,0.969
194,1092,16000937,0.92
195,1092,10456404,0.992
196,1092,14703349,0.958
197,1092,8825383,0.991
198,1092,12270026,0.951
199,1499,24669095,0.916
200,1092,10721359,0.985
201,1166,12389752,0.983
202,1092,6511802,0.998
203,1092,10145363,0.991
204,1571,17073640,0.984
205,1092,12173148,0.979
206,1092,15162509,0.956
207,2479,40247014,0.822
208,1092,11866195,0.994
209,1092,10122312,0.996
210,1092,10907899,0.983
211,1960,27494080,0.97
212,1092,12563298,0.963
213,1166,20983399,0.72
214,1603,22426657,0.943
215,1637,16282883,0.992
216,1092,10668969,0.995
217,1092,15339910,0.971
218,3268,58849365,0.882
219,1166,17877924,0.911
220,2000,31841893,0.902
221,1092,11728736,0.985
222,1092,13225935,0.94
223,1092,7964213,0.997
224,1227,18746850,0.895
225,1092,14986161,0.944
226,1650,26191386,0.873
227,1092,13428536,0.987
228,1092,5475045,0.998
229,1092,12013166,0.989
230,1092,7797132,0.992
231,1092,16812873,0.917
232,1492,14774715,0.986
233,1092,11556777,0.951
234,2647,29036101,0.992
235,1092,10229810,0.989
236,1092,5389754,0.999
237,1176,10493292,0.993
238,1618,21606315,0.905
239,1092,7143671,0.999
240,1092,8314476,0.986
241,1092,17392047,0.865
242,1141,15149978,0.96
243,1092,9384209,0.996
244,1092,13165052,0.944
245,1833,24669805,0.97
246,1092,12499599,0.989
247,1092,8821317,0.994
248,1660,24999986,0.971
249,1092,8067900,0.993
250,1190,14768014,0.984
251,1218,11683629,0.995
252,1166,8633536,0.997
253,1092,14979597,0.958
254,1092,15010331,0.964
255,1092,12484615,0.987
256,1092,7510790,0.999
257,1092,10492452,0.994
258,1166,14353396,0.976
259,1092,15427610,0.972
260,1092,7986674,0.996
261,1092,10519836,0.993
262,2666,36537481,0.984
263,1092,14546174,0.958
264,2144,36704353,0.872
265,1092,11825414,0.98
266,1166,15445822,0.969
267,1092,14032822,0.89
268,1697,27409884,0.826
269,1092,8784705,0.999
270,1092,13663188,0.972
271,1257,16615806,0.852
272,1092,12534304,0.979
273,1258,9124052,0.987
274,1092,12758845,0.977
275,1722,11679032,0.998
276,1092,6270092,1
277,2902,35826304,0.991
278,1092,14297946,0.958
279,1544,11856512,0.996
280,1092,9319649,0.993
281,1376,19258740,0.937
282,1318,19316411,0.972
283,1092,10267346,0.993
284,1092,11585371,0.99
285,1582,25991437,0.832
286,1092,7663822,0.999
287,1092,11120130,0.987
288,1326,16813205,0.938
289,1092,7877438,0.996
290,1092,7781154,0.998
291,1092,10908995,0.973
292,3071,36566567,0.979
293,1092,13091090,0.984
294,1264,16783647,0.973
295,1426,17303792,0.952
296,1092,14886418,0.958
297,1092,15356600,0.946
298,1092,10963184,0.99
299,1092,13340137,0.976
300,1522,18963502,0.887
301,1092,8766189,0.992
302,1924,29459378,0.928
303,1092,16885258,0.83
304,1092,11106171,0.985
305,1500,14695283,0.939
306,1281,16532811,0.981
307,1092,10034523,0.997
308,1092,10394590,0.989
309,1092,15400998,0.964
310,1092,7107969,0.998
311,1123,11812332,0.951
312,1500,21134387,0.965
313,1092,13116063,0.962
314,1092,11413070,0.986
315,1092,17316827,0.935
316,1092,7510377,0.999
317,1617,21124289,0.955
318,1224,18745424,0.938
319,1092,15719022,0.963
320,1439,18120683,0.941
321,1666,22072617,0.977
322,1092,6503717,1
323,1119,7511040,0.999
324,1092,7409938,0.994
325,2060,31979462,0.911
326,1092,13879049,0.949
327,1092,11243997,0.972
328,1500,21222693,0.976
329,1092,14687117,0.978
330,1092,9853106,0.993
331,1092,15813652,0.91
332,1092,11343485,0.989
333,1092,8290760,0.982
334,1092,11768857,0.99
335,1092,5765969,1
336,1092,10538596,0.993
337,1666,25448244,0.96
338,1092,11559363,0.994
339,1313,22252967,0.996
340,1092,14814358,0.965
341,1289,18222364,0.965
342,1092,8474194,0.995
343,1092,14186745,0.96
344,1092,17263184,0.974
345,1092,11688189,0.992
346,1092,14806397,0.937
347,1416,14015495,0.975
348,1092,8012370,0.995
349,1092,11985432,0.968
350,1092,9996149,0.985
351,1092,10780804,0.992
352,1333,12318361,0.996
353,1423,13323669,0.989
354,1613,26906735,0.921
355,1604,16731319,0.996
356,1567,23828084,0.935
357,2000,28216117,0.982
358,1092,20205696,0.828
359,1092,8543295,0.994
360,1833,31553464,0.943
361,1430,21767352,0.971
362,1092,8995739,0.997
363,1092,34429189,0.941
364,1723,27924272,0.902
365,1143,14526322,0.97
366,1092,13684353,0.909
367,1092,15015801,0.978
368,1092,18988571,0.862
369,1092,9333158,0.991
370,1092,17532710,0.855
371,1876,29164072,0.887
372,1092,16292758,0.895
373,1092,10610599,0.994
374,2166,41165923,0.867
375,1092,13602834,0.99
376,1834,33469553,0.912
377,1092,20927744,0.785
378,1120,14200651,0.962
379,2000,29003478,0.849
380,1092,12623713,0.984
381,3450,49132460,0.997
382,1163,18722942,0.965
383,1092,17804927,0.847
384,1092,7533086,1
385,1238,10914135,0.98
386,1092,14951429,0.945
387,1092,16841026,0.971
388,1092,14828496,0.979
389,1858,28456246,0.911
390,1092,11303148,0.984
391,1650,19956771,0.994
392,1266,21881715,0.846
393,1092,10962738,0.993
394,1231,17776977,0.969
395,1880,45965527,0.865
396,1092,9222995,0.97
397,1092,10246060,0.988
398,3860,58424229,0.868
399,1092,12890797,0.975
400,1092,10704666,0.99
401,1092,16840531,0.952
402,1092,10433788,0.984
403,1092,16745331,0.952
404,1092,8573140,0.989
405,1177,22389005,0.802
406,1599,27127491,0.924
407,1092,11016665,0.991
408,1457,21291728,0.972
409,1092,14579034,0.973
410,1113,8284671,1
411,1092,11426691,0.993
412,1500,24213325,0.955
413,1092,10593582,0.972
414,1545,24043685,0.921
415,1092,12789219,0.982
416,1092,18260761,0.938
417,1092,9118915,0.982
418,1092,10611859,0.989
419,1092,15436861,0.926
420,1315,11535358,0.998
421,1092,11984965,0.995
422,1092,11848948,0.981
423,1092,10075272,0.994
424,1092,12360043,0.98
425,1092,15150194,0.981
426,1132,10903419,0.996
427,1092,12027992,0.997
428,1772,42243240,0.923
429,1492,23683566,0.941
430,1799,21828787,0.982
431,1119,18193416,0.924
432,1092,7443871,0.999
433,1407,17825844,0.983
434,1092,6075279,1
435,2902,48774708,0.851
436,1092,15659894,0.971
437,3332,49105084,0.905
438,1327,20190145,0.947
439,1532,16083320,0.997
440,1092,7636222,0.999
441,1092,12844491,0.977
442,1092,13400370,0.991
443,1132,17124153,0.956
444,1500,18975715,0.994
445,1725,26634309,0.98
446,1604,20992960,0.951
447,1092,11395577,0.983
448,1092,13681255,0.988
449,1092,16902783,0.915
450,1092,10496712,0.979
451,1628,21293844,0.982
452,1092,10047662,1
453,1092,12078957,0.993
454,1092,11008000,0.987
455,1092,15459207,0.972
456,1092,24200913,0.994
457,1092,13941520,0.973
458,1092,12589275,0.974
459,1092,16599693,0.903
460,1166,19411248,0.891
461,1835,26409265,0.948
462,1092,16165496,0.924
463,1092,9127457,0.999
464,1092,15996002,0.959
465,1092,8386194,0.993
466,1092,9931803,0.996
467,1092,11087201,0.994
468,1092,5890290,0.999
469,1092,13318064,0.974
470,1092,17679149,0.93
471,1092,6806873,1
472,1092,14891300,0.956
473,1365,21636432,0.92
474,1092,16698131,0.93
475,1092,13798998,0.995
476,1092,12381849,0.994
477,1092,14366139,0.969
478,1092,18114781,0.901
479,1741,11646956,0.996
480,1092,18049579,0.871
481,1092,15609319,0.962
482,1364,10170931,0.996
483,1092,10671212,0.998
484,1092,7541875,1
485,1114,18602887,0.914
486,1314,11628705,0.994
487,1092,17222923,0.949
488,3939,57311781,0.987
489,1092,30094456,0.946
490,1092,16178463,0.915
491,1416,24245259,0.861
492,1092,10111849,0.995
493,1092,16720761,0.964
494,2833,37493168,0.966
495,1092,13183871,0.975
496,1092,10342566,0.974
497,3118,53292909,0.891
498,1092,8390885,0.994
499,1092,6726028,1
500,1596,19286642,0.978
501,1092,9793177,0.988
502,1536,16697960,0.99
503,1092,6524550,1
504,1092,14620749,0.968
505,1092,17181602,0.936
506,1092,8737420,1
507,1092,14391046,0.966
508,1092,14658266,0.985
509,1092,10983827,0.998
510,1092,9149527,0.993
511,1817,30855124,0.919
512,1092,14472955,0.97
513,1092,15814240,0.949
514,1571,18078183,0.996
515,1573,24293570,0.953
516,1092,8276257,0.995
517,1500,23578052,0.96
518,1092,9619507,0.989
519,1500,33604615,0.977
520,1092,10261151,0.996
521,1539,22352353,0.978
522,1092,8512483,0.994
523,1092,9458536,0.997
524,1092,7555697,0.998
525,1092,16164547,0.919
526,1092,10909200,0.957
527,1092,11600277,0.986
528,1092,9170678,0.994
529,1295,14564398,0.982
530,1533,13024267,1
531,1092,13434433,0.986
532,1092,13839433,0.994
533,1092,12346708,0.993
534,1569,24751693,0.972
535,1092,16224610,0.918
536,1092,9366156,0.995
537,1092,11934844,0.974
538,1092,7072982,1
539,1330,12915918,0.999
540,1156,16702668,0.963
541,1166,11544751,1
542,1092,15597388,0.966
543,1500,23164413,0.956
544,1092,9803659,0.988
545,1642,24528730,0.935
546,1322,13892433,0.991
547,1092,5087480,1
548,1092,8922715,0.991
549,2000,25451382,0.996
550,1500,19085017,0.947
551,1092,11614500,0.976
552,1523,26970871,0.865
553,1092,15965158,0.927
554,1166,12905817,0.984
555,1092,22927906,0.98
556,1500,19046750,0.948
557,1092,14917000,0.943
558,1799,28141716,0.909
559,1092,11879683,0.965
560,1568,18742941,0.969
561,1092,9625056,0.999
562,1092,10564643,0.984
563,1166,12180589,0.996
564,1092,17617936,0.961
565,1092,15442113,0.96
566,1092,8314321,0.999
567,1666,20217872,0.97
568,1092,11557929,0.989
569,1092,19562464,0.814
570,1092,7742682,0.997
571,1247,18968961,0.947
572,1092,21312787,0.987
573,1092,12637163,0.991
574,1092,13899924,0.971
575,1166,13404407,0.983
576,1379,18119185,0.981
577,1092,12990875,0.984
578,1661,23411494,0.986
579,1422,20391853,0.904
580,1157,7622294,1
581,1092,14590347,0.985
582,1092,8938235,0.995
583,1452,20633112,0.974
584,1092,9156084,0.994
585,1420,19204197,0.974
586,2444,42539773,0.864
587,1092,9012918,0.999
588,1092,23592555,0.959
589,1656,15641865,0.994
590,1092,9660178,0.999
591,1092,18306359,0.868
592,1092,16738985,0.885
593,1092,12976514,0.964
594,1092,16856458,0.888
595,1410,17266619,0.94
596,1092,8244069,0.999
597,1092,13800054,0.964
598,1283,18628944,0.975
599,1092,16520663,0.949
600,1092,9345843,0.998
601,1166,13586527,0.979
602,1577,24491024,0.901
603,2608,37066673,0.945
604,1218,19479628,0.992
605,1092,18596369,0.927
606,1092,11941351,0.983
607,1092,17756381,0.947
608,1827,27054656,0.845
609,1096,11903805,0.978
610,1092,9700306,0.994
611,1847,18622880,0.982
612,1918,25350522,0.994
613,1092,10656486,0.993
614,1500,21759826,0.824
615,1092,16036686,0.947
616,1092,13402032,0.982
617,1092,10992202,0.991
618,1452,19876070,0.979
619,1092,14081768,0.958
620,1092,22041784,0.956
621,1092,8084944,0.998
622,1092,14809777,0.976
623,1642,16728868,0.969
624,1500,23275517,0.94
625,1092,10317384,0.992
626,1558,27699194,0.784
627,1092,11431217,0.992
628,1092,16334722,0.931
629,1798,32302643,0.806
630,1441,17648889,0.928
631,1135,12414173,0.983
632,1633,14307301,0.998
633,1139,12674376,0.996
634,1092,10174061,0.995
635,1121,11570269,1
636,1092,17193630,0.878
637,2399,44788321,0.899
638,1432,23330376,0.877
639,1092,14281458,0.988
640,1092,15356377,0.902
641,1092,12558001,0.991
642,1092,15004460,0.971
643,1342,21880726,0.879
644,1092,7353569,1
645,1340,9793992,0.999
646,2000,31033737,0.949
647,1512,18655354,0.955
648,1092,17176093,0.848
649,1512,23761191,0.905
650,1092,12253686,0.988
651,1092,7507012,0.998
652,1873,33718445,0.967
653,1279,20216524,0.946
654,1392,17828105,0.99
655,1166,19448230,0.938
656,1092,9488512,0.992
657,1092,12164413,0.988
658,1092,10538886,0.999
659,1666,26738252,0.908
660,1092,10805311,0.986
661,1092,11089907,0.994
662,1092,13795095,0.954
663,1092,7974077,1
664,1092,9009831,0.996
665,1230,15741250,0.964
666,1319,17357165,0.985
667,1092,11106938,0.982
668,1092,13532466,0.982
669,1276,20844507,0.968
670,1092,9719875,0.997
671,1092,17457524,0.933
672,1551,13543257,0.994
673,1092,12692698,0.993
674,1092,17769681,0.903
675,1092,9272039,0.993
676,1092,14506255,0.983
677,3450,55593575,0.97
678,2000,32374003,0.874
679,1555,22443879,0.988
680,1092,13500743,0.979
681,1092,10975624,0.994
682,1499,12500443,0.998
683,1092,10989959,0.986
684,1092,13401860,0.965
685,1092,17410389,0.995
686,1092,9858290,0.986
687,1092,11552651,0.994
688,2498,43036835,0.923
689,1121,19318451,0.927
690,1092,7404430,0.999
691,1500,22834853,0.951
692,1092,7742807,1
693,2742,44605861,0.902
694,1092,12929406,0.992
695,1451,22883946,0.966
696,2500,41762948,0.959
697,1843,36930838,0.969
698,1092,14071656,0.981
699,1092,11912539,0.996
700,1215,16027995,0.988
701,1575,27711949,0.929
702,2090,33639064,0.968
703,1092,9798832,0.987
704,1092,13163575,0.984
705,2971,51926447,0.934
706,1092,11014167,0.997
707,1092,10836151,0.998
708,1092,16326075,0.874
709,1092,16259949,0.971
710,1092,22900725,0.931
711,1092,14499254,0.97
712,1092,9643767,0.994
713,1166,16783164,0.911
714,1092,12985698,0.998
715,3071,51968538,0.924
716,1166,6984466,0.999
717,1092,10863422,0.999
718,1092,9286040,0.999
719,2666,33806619,0.995
720,1579,21139433,0.989
721,1092,12050356,0.993
722,1092,10148182,0.996
723,1092,11823949,0.978
724,1580,19952227,0.976
725,1092,11502398,0.992
726,1092,20799924,0.907
727,1092,11300650,0.988
728,1092,14922812,0.942
729,1092,11094480,0.997
730,1092,17665139,0.949
731,1666,20158215,0.967
732,1092,7110620,1
733,1092,8581258,0.999
734,2291,33930748,0.981
735,1166,15708365,0.973
736,1092,16199911,0.941
737,3071,57186183,0.845
738,1119,9756735,0.984
739,1092,14975392,0.967
740,1166,13927547,0.948
741,1092,18904941,0.984
742,1092,9892611,0.988
743,1092,15507806,0.975
744,1539,23529740,0.931
745,1092,10117349,0.995
746,1092,19917611,0.788
747,1582,15873694,0.992
748,1959,31049054,0.954
749,1092,11711412,0.992
750,1092,10116575,0.999
751,1092,11421000,0.995
752,1092,10094044,0.993
753,1092,7989139,1
754,1092,11645186,0.988
755,1275,16099322,0.993
756,1500,24592462,0.942
757,1092,10313005,0.987
758,1092,16349445,0.957
759,1621,25607611,0.996
760,1161,16057113,0.881
761,1092,20489764,0.86
762,1500,11607442,0.995
763,1092,11206978,0.99
764,1092,11847365,0.991
765,1569,20701552,0.978
766,1323,22169509,0.923
767,1405,18596678,0.984
768,1500,26536243,0.933
769,1092,12180895,0.987
770,1271,17539875,0.973
771,1500,28906001,0.906
772,1544,17759564,0.952
773,1092,7975676,1
774,1092,10160840,0.992
775,1622,28780817,0.973
776,1166,19871725,0.931
777,1092,10366346,0.994
778,1092,11307442,1
779,1314,21790868,0.921
780,1092,13235231,0.98
781,1092,16869417,0.972
782,2272,36575798,0.969
783,1092,11067266,0.995
784,3045,48250986,0.753
785,1452,26752395,0.843
786,1092,14274412,0.976
787,1131,12025274,0.988
788,1092,14730277,0.999
789,1092,17573380,0.887
790,1092,18740522,0.885
791,1234,14463872,0.993
792,1092,18160168,0.914
793,1092,13338087,0.992
794,1196,20696612,0.92
795,1290,21246670,0.962
796,1092,15230333,0.96
797,1092,9799638,0.995
798,1092,14253632,0.992
799,1092,18370717,0.907
800,1092,12094102,0.997
801,1244,13118135,0.968
802,1092,15459845,0.972
803,1092,15955255,0.947
804,1092,16409259,0.993
805,1092,10757136,0.996
806,1092,17189320,0.878
807,1092,17413547,0.909
808,1092,11878886,0.989
809,1521,19977370,0.984
810,2025,35627232,0.971
811,1092,16454520,0.984
812,1872,30375228,0.967
813,1661,15955690,0.998
814,1374,17035361,0.978
815,1092,15764345,0.959
816,1092,11471040,0.985
817,1500,26364452,0.945
818,1092,18393057,0.919
819,1092,15489240,0.972
820,1423,12954416,0.991
821,1092,15493545,0.997
822,1092,17097443,0.963
823,1092,9856967,0.988
824,1092,16458043,0.97
825,1181,11185773,0.995
826,1500,26360554,0.826
827,1458,24307983,0.942
828,1092,10781044,0.982
829,1092,17105832,0.91
830,1476,20810110,0.991
831,1240,17682190,0.978
832,1615,16939350,1
833,1166,13736201,0.999
834,1092,17474132,0.97
835,1092,8766564,1
836,1092,11294334,0.99
837,1092,10941490,0.978
838,1730,20221883,0.978
839,1557,25972264,0.986
840,1092,12070631,0.979
841,1572,23264139,0.975
842,1092,9164959,0.993
843,1092,15064033,0.981
844,1326,15616449,0.864
845,1352,23857607,0.934
846,1092,13173849,0.964
847,1092,11704711,0.996
848,1092,11248080,0.984
849,1092,14432085,0.983
850,1092,15775539,0.965
851,1092,6730050,0.998
852,1092,15459201,0.992
853,1092,12338310,0.99
854,1092,18026620,0.9
855,2000,24303884,0.991
856,1092,16449631,0.979
857,1092,19122612,0.963
858,1139,16683754,0.946
859,1833,30243125,0.974
860,1092,7249371,0.999
861,1092,14495108,0.987
862,1092,10142080,1
863,1092,14551721,0.992
864,1308,17274581,0.982
865,1092,12450690,0.977
866,1773,25832180,0.981
867,1092,11487211,0.981
868,1092,19563108,0.848
869,2051,39681602,0.92
870,1092,15700019,0.956
871,1092,10374838,0.997
872,1092,19488228,0.974
873,1092,14196150,0.962
874,1092,15987553,0.967
875,1601,27898837,0.924
876,3992,56147605,0.985
877,1092,9701226,0.999
878,1092,10983205,0.975
879,1092,15630394,0.99
880,1092,13703009,0.979
881,1092,15282701,0.969
882,1231,18197485,0.979
883,1930,38090639,0.926
884,1242,16822131,0.99
885,1092,8917146,0.998
886,1092,23323028,0.935
887,1208,18213763,0.963
888,1092,13170033,0.996
889,1092,9232691,0.99
890,1810,30236011,0.929
891,1527,20952751,0.955
892,1092,15223058,0.98
893,1301,15312853,0.975
894,1092,20413673,0.924
895,1833,29361187,0.979
896,1092,15964010,0.954
897,1092,12636747,0.995
898,1833,13586882,0.997
899,1092,12763568,0.989
900,1092,14218605,0.981
901,1092,11412514,0.995
902,1092,24756257,0.933
903,1092,15274792,0.986
904,1092,11262584,0.993
905,1092,9179756,0.997
906,1506,27971905,0.853
907,1092,5562507,0.999
908,1092,11256649,0.995
909,1500,22969112,0.972
910,1092,9944140,0.996
911,1102,10010894,0.995
912,4193,57050192,0.973
913,1092,10940296,0.994
914,1188,19210435,0.98
915,1092,12141831,0.994
916,1092,9914316,0.989
917,1092,11550125,0.996
918,1660,29602260,0.988
919,1475,19122791,0.981
920,1092,9750339,0.992
921,1092,16057959,0.966
922,1130,16047024,0.98
923,1092,8144985,1
924,1912,28226778,0.98
925,1275,17963598,0.989
926,1092,16089346,0.986
927,1665,28336609,0.909
928,1092,15602003,0.987
929,1092,15723658,0.885
930,1166,17131570,0.988
931,1092,13669562,0.99
932,1092,12189715,0.988
933,2902,47448261,0.911
934,1092,10100102,0.992
935,1092,8370114,1
936,1557,23712136,0.983
937,1092,7328147,1
938,1092,17644572,0.94
939,1352,23300173,0.92
940,1092,13449742,0.981
941,1092,13248781,0.986
942,1092,13043116,0.982
943,1500,21066204,0.969
944,1092,14995878,0.961
945,1355,20429007,0.984
946,1092,15599849,0.982
947,1525,28100385,0.874
948,1878,34248900,0.991
949,1092,15600345,0.988
950,1092,8603268,0.997
951,1502,25057033,0.938
952,1092,14151411,0.989
953,1092,9816201,0.999
954,1118,20569739,0.814
955,1092,13242693,0.986
956,1092,16908742,0.981
957,1361,18927054,0.971
958,1572,21692252,0.991
959,1092,13350128,0.984
960,1092,16035863,0.963
961,1092,13301739,0.987
962,1092,16327911,0.93
963,2267,48700670,0.834
964,1092,19079577,0.915
965,1534,14984960,0.99
966,1092,12038554,0.988
967,1092,11590609,0.945
968,1166,13130067,0.971
969,1938,24070946,0.997
970,1092,11687216,0.984
971,1500,18492264,0.965
972,1092,16686057,0.97
973,1092,16365322,0.958
974,1406,19245950,0.995
975,2988,61730362,0.911
976,1637,30393689,0.974
977,1400,25245959,0.829
978,1092,20228151,0.915
979,1391,22873060,0.99
980,1207,18996133,0.957
981,1587,28127293,0.925
982,1092,14469505,0.99
983,1092,10904534,0.993
984,1092,18717418,0.945
985,1092,9961587,0.996
986,1500,17671867,0.996
987,1269,24193885,0.954
988,1166,12561013,0.994
989,2000,42561976,0.957
990,1092,15853920,0.988
991,1899,31361535,0.9
992,1092,15985741,0.916
993,1540,27328600,0.978
994,1092,14656159,0.971
995,1500,22081794,0.972
996,1092,11651906,0.997
997,1092,20669775,0.966
998,1500,24696780,0.971
999,1092,11401648,0.997
1000,1092,15040331,0.987
1001,1092,8891215,0.998
1002,1092,12684393,0.996
1003,1657,20312071,0.993
1004,1092,18628984,0.993
1005,1092,10102420,0.999
1006,1291,12162093,0.994
1007,1092,12112465,0.994
1008,1897,33620893,0.959
1009,1092,9460743,0.997
1010,1092,17949447,0.947
1011,1092,9792005,0.997
1012,1092,10231119,0.999
1013,1110,13077980,0.995
1014,1353,22329699,0.911
1015,1166,21647004,0.887
1016,1092,18249179,0.858
1017,1666,18900919,0.981
1018,1318,22083626,0.953
1019,1407,15336289,0.976
1020,1331,32204962,0.936
1021,1092,10321871,0.994
1022,1092,7729903,0.999
1023,2774,42542562,0.998
1024,1500,25341715,0.953
1025,1092,14620604,0.972
1026,1664,18928943,0.99
1027,1092,8460903,0.998
1028,1142,12487097,0.997
1029,1336,24817116,0.964
1030,1092,14798556,0.987
1031,1092,19717625,0.901
1032,1092,15202571,0.982
1033,1092,7931898,0.997
1034,1092,14766869,0.992
1035,1092,13098580,0.995
1036,2384,47460130,0.975
1037,2273,44433726,0.954
1038,1270,21246712,0.938
1039,1638,28845133,0.981
1040,1092,9421333,0.997
1041,1109,12704200,0.995
1042,1325,14783832,0.993
1043,1092,12959971,0.985
1044,1409,22831978,0.875
1045,1106,11671288,0.987
1046,1092,17866571,0.959
1047,1166,18541416,0.942
1048,1501,21639820,0.998
1049,1603,22051754,0.983
1050,3372,57019979,0.973
1051,1754,26288611,0.955
1052,1092,18758306,0.944
1053,1109,16056740,0.98
1054,1433,15363197,0.992
1055,1500,17091805,0.985
1056,1092,11873297,0.996
1057,1756,28455691,0.984
1058,1092,9270790,1
1059,1092,16702726,0.985
1060,1092,9205708,0.996
1061,1092,23433317,0.957
1062,1500,19741176,0.991
1063,1544,22675267,0.967
1064,1536,25489252,0.967
1065,1092,17731618,0.932
1066,1092,15080011,0.994
1067,1500,24658702,0.973
1068,1092,20207382,0.871
1069,1092,14263589,0.956
1070,1660,29651622,0.87
1071,1092,12694198,0.998
1072,1092,11599781,0.999
1073,1519,25689338,0.985
1074,1092,14666753,0.995
1075,1140,20867281,0.971
1076,2047,38342881,0.879
1077,1092,19808154,0.828
1078,1092,9105660,1
1079,1548,28761972,0.937
1080,1092,8801239,0.994
1081,1398,16057965,0.996
1082,1692,26501122,0.969
1083,1908,30777125,0.963
1084,1092,14517256,0.991
1085,1092,7556894,1
1086,1115,15017421,0.959
1087,1092,11179895,0.997
1088,1092,15806309,0.956
1089,1092,10658487,0.999
1090,1696,39467787,0.892
1091,1092,10352972,0.997
1092,1092,8938550,1
1093,1872,29806153,0.979
1094,1579,30885380,0.908
1095,1540,21287476,0.99
1096,1092,12254860,0.982
1097,1092,13704182,0.985
1098,1188,13280485,0.976
1099,1092,18639589,0.955
1100,1092,14253236,0.983
1101,1092,9482900,0.999
1102,1092,19260644,0.896
1103,1147,13337648,0.997
1104,1614,19036964,0.881
1105,1500,25868290,0.97
1106,1092,6535019,1
1107,1851,30321852,0.919
1108,1184,18739626,0.988
1109,2666,46863107,0.918
1110,1651,30297115,0.973
1111,1141,18112200,0.963
1112,1658,25874164,0.972
1113,1092,16562111,0.984
1114,1092,16386606,0.979
1115,3260,67674326,0.966
1116,1092,16664306,0.979
1117,1166,15358625,0.981
1118,1817,33745211,0.946
1119,1092,16894672,0.981
1120,1092,14017173,0.995
1121,1092,11133689,0.957
1122,1092,12146886,0.99
1123,1092,12065834,0.984
1124,1092,19217833,0.919
1125,1092,17130929,0.961
1126,1845,19012100,0.994
1127,1231,20124643,0.969
1128,1092,12281327,0.991
1129,1166,12633821,0.985
1130,3307,67929658,0.885
1131,1092,8512048,0.999
1132,1095,15994881,0.984
1133,1162,14964577,0.984
1134,1092,14224858,0.995
1135,1092,9104512,0.999
1136,1092,12802639,0.99
1137,2833,44104682,0.994
1138,1092,18054227,0.954
1139,1092,17324463,0.965
1140,1141,19992355,0.939
1141,1092,15328757,0.988
1142,1237,12975939,0.992
1143,1624,33422207,0.941
1144,1092,18805835,0.922
1145,1105,15451162,0.993
1146,1242,23070853,0.981
1147,1092,18222403,0.973
1148,1521,25586631,0.978
1149,1500,17254850,0.996
1150,1092,12034467,0.987
1151,1092,10311418,0.999
1152,1092,12676332,0.993
1153,1318,22371623,0.954
1154,1092,13655569,0.993
1155,1092,6114940,0.999
1156,1500,26791526,0.955
1157,1092,14426199,0.992
1158,1092,12862835,0.983
1159,1092,11079221,0.988
1160,1092,16221932,0.993
1161,2902,56193804,0.915
1162,1092,14316995,0.981
1163,1200,21315753,0.93
1164,1092,16845469,0.933
1165,1092,21075698,0.84
1166,1379,21709791,0.975
1167,1181,15568555,0.994
1168,1092,14990927,0.985
1169,1557,19435260,0.984
1170,1092,12254697,0.996
1171,1145,13826913,0.993
1172,1092,9360845,0.989
1173,1092,16880502,0.98
1174,1654,37845925,0.841
1175,1092,12356570,0.999
1176,1092,22034763,0.877
1177,1092,12919578,0.998
1178,1092,21512102,0.886
1179,1092,10138877,0.996
1180,1092,10301536,0.998
1181,1092,14124182,0.98
1182,1092,19243152,0.93
1183,1138,17402909,0.972
1184,1092,14778084,0.953
1185,3150,56651461,0.96
1186,1092,16142278,0.937
1187,1092,23993765,0.968
1188,1315,22529255,0.953
1189,1092,14956600,0.995
1190,1092,15669057,0.988
1191,1511,26923898,0.96
1192,1092,15807942,0.989
1193,1092,14530322,0.996
1194,1355,15059880,0.996
1195,1916,38804146,0.929
1196,1092,15527780,0.974
1197,1092,21936685,0.808
1198,1092,12987988,0.991
1199,1092,13425376,0.988
1200,1833,20795225,0.993
1201,1092,6134474,0.999
1202,1092,25453638,0.958
1203,1506,19609913,0.994
1204,1092,14563457,0.994
1205,2166,39259212,0.929
1206,1092,16469919,0.964
1207,1092,13524061,0.989
1208,1092,12306708,0.994
1209,1500,31738628,0.894
1210,1419,17224742,0.993
1211,1759,22473356,0.991
1212,1324,23926524,0.923
1213,1500,14174436,0.996
1214,3588,68280795,0.908
1215,1298,24309889,0.86
1216,1533,24850341,0.974
1217,1092,13725021,0.968
1218,1092,17518536,0.976
1219,1092,20697543,0.954
1220,1396,22667624,0.957
1221,1146,14223346,0.995
1222,1092,16002560,0.929
1223,2219,44534009,0.88
1224,2310,50563215,0.9
1225,1092,15536098,0.975
1226,1092,12938385,0.998
1227,1693,34611235,0.84
1228,1092,11682561,0.989
1229,1741,32553126,0.905
1230,1092,20694593,0.816
1231,1092,16745942,0.981
1232,1092,18781340,0.971
1233,1092,13976392,0.997
1234,1092,11567131,0.995
1235,1262,14117128,0.991
1236,1092,18325155,0.966
1237,1160,20114090,0.93
1238,2470,49584762,0.979
1239,1092,14696115,0.987
1240,1472,27150155,0.906
1241,1738,25518889,0.989
1242,1092,17118901,0.982
1243,1188,15295492,0.999
1244,1092,11535727,0.994
1245,1092,13810731,0.991
1246,1666,21271889,0.99
1247,1160,16986713,0.99
1248,1092,7621273,0.995
1249,1092,17290481,0.949
1250,1092,10183336,0.977
1251,1092,10084005,0.995
1252,1092,16269973,0.975
1253,1092,8484741,0.998
1254,1092,26626249,0.968
1255,1092,12651440,0.995
1256,3136,60595406,0.859
1257,1414,26109250,0.836
1258,1092,16888278,0.987
1259,1092,6620575,1
1260,1935,27172728,0.993
1261,1167,10727808,1
1262,1256,18125624,0.97
1263,1666,25234444,0.959
1264,1092,15669488,0.99
1265,1280,22276125,0.893
1266,1092,27306284,0.888
1267,1092,15880754,0.989
1268,1166,20693512,0.963
1269,1371,19761815,0.964
1270,1092,10855388,0.995
1271,1092,13828934,0.981
1272,1414,22208910,0.908
1273,1092,14233379,0.979
1274,1092,9073863,0.995
1275,1166,18788370,0.962
1276,2085,30832044,0.971
1277,1092,15105250,0.972
1278,1092,20222834,0.89
1279,1092,16516385,0.985
1280,1092,19923781,0.957
1281,1092,21062077,0.962
1282,1092,18251337,0.972
1283,1220,22421479,0.973
1284,1162,13378526,0.993
1285,1092,20982661,0.818
1286,1092,13559451,0.995
1287,4139,62286251,0.995
1288,1092,12876598,0.999
1289,1092,18565936,0.935
1290,1092,12467090,0.989
1291,1092,19765612,0.949
1292,1092,13203051,0.996
1293,1092,13566704,0.993
1294,1092,10673396,0.999
1295,1092,9487440,0.994
1296,1799,37481523,0.972
1297,1092,12263793,0.995
1298,1415,15124246,0.998
1299,1092,10985211,0.999
1300,1092,10840890,0.98
1301,1092,21101901,0.836
1302,1092,17155694,0.986
1303,1092,13764120,0.986
1304,1092,16152436,0.977
1305,1092,8339866,1
1306,1092,13460696,0.998
1307,1092,14746728,0.992
1308,1092,16134049,0.979
1309,1092,16621339,0.993
1310,1092,10591388,0.999
1311,1092,13925367,0.991
1312,1092,18336218,0.964
1313,1092,19913294,0.995
1314,1092,13593031,0.995
1315,1092,14964977,0.991
1316,1235,11751705,0.995
1317,1092,17855465,0.951
1318,1092,15266302,0.986
1319,1092,15914585,0.989
1320,1259,22061533,0.944
1321,1092,8863316,0.999
1322,1334,23358891,0.966
1323,1355,23596179,0.956
1324,1092,19200404,0.971
1325,4154,71507520,0.914
1326,1092,12715371,1
1327,4617,69179373,0.981
1328,1092,17463145,0.982
1329,1149,13412569,0.999
1330,1092,13584628,0.989
1331,1092,16049923,0.982
1332,1092,14373555,0.976
1333,1092,12823213,0.991
1334,4516,45098929,1
1335,1092,11493572,0.99
1336,1092,16252772,0.987
1337,1092,17592328,0.937
1338,1256,24127809,0.959
1339,1092,8587209,1
1340,1500,20622253,0.971
1341,1092,13558342,0.993
1342,1092,18113284,0.947
1343,1092,15654101,0.979
1344,1227,21042112,0.91
1345,1092,13454926,0.968
1346,1092,9149638,1
1347,1529,29885130,0.862
1348,1092,19485883,0.899
1349,1092,17106671,0.985
1350,1092,20838659,0.922
1351,1376,23365473,0.979
1352,1092,12559456,0.998
1353,1092,16717896,0.99
1354,1092,20705710,0.986
1355,1092,14741178,0.971
1356,1479,11893377,1
1357,1092,12959110,0.995
1358,1092,12400113,1
1359,2833,53249249,0.967
1360,1092,19011023,0.926
1361,1092,12981438,0.986
1362,1092,13106317,0.998
1363,1130,19341671,0.957
1364,1092,18890763,0.981
1365,1092,13344816,0.986
1366,1126,9445823,0.998
1367,1092,12635110,0.995
1368,1092,12418875,0.969
1369,1092,10073868,0.995
1370,1092,23003439,0.941
1371,1778,26737621,0.993
1372,1735,17478268,0.989
1373,1092,17113018,0.973
1374,1580,28498396,0.95
1375,1092,10518014,0.995
1376,1092,11139010,0.997
1377,1109,16402259,0.987
1378,1092,9136012,0.996
1379,1666,25990815,0.992
1380,1092,16612807,0.978
1381,1092,21722376,0.939
1382,1356,23368495,0.969
1383,4373,92562374,0.902
1384,1092,13141855,1
1385,1092,16980786,0.992
1386,2091,42015415,0.857
1387,1500,27424456,0.935
1388,1092,17743880,0.975
1389,1767,27678971,0.975
1390,1092,17247260,0.9
1391,1092,16083838,0.988
1392,2000,36357736,0.937
1393,1092,18635248,0.982
1394,1158,17976915,0.975
1395,1166,16959052,0.994
1396,1092,10470585,0.999
1397,2697,44984142,0.964
1398,1317,20164197,0.967
1399,1844,38192039,0.812
1400,1166,22931084,0.917
1401,1295,16846124,0.991
1402,1092,14910629,0.979
1403,1545,24369420,0.941
1404,1092,9507804,0.999
1405,4691,84307046,0.955
1406,2000,31277220,0.984
1407,1225,20349738,0.967
1408,1238,17199938,0.989
1409,1092,9860705,0.996
1410,1092,7022635,0.999
1411,1707,26815994,0.971
1412,1666,29605309,0.935
1413,1092,19634245,0.95
1414,1092,15305822,0.986
1415,1092,14255883,0.99
1416,1092,17705938,0.99
1417,1092,22714078,0.962
1418,1092,15665077,0.981
1419,1500,33979765,0.833
1420,1614,31803900,0.907
1421,1833,31290185,0.986
1422,1092,14451704,0.988
1423,1092,16255328,0.983
1424,1166,19506035,0.974
1425,1500,29675791,0.868
1426,1092,14097278,0.997
1427,1092,11607285,0.997
1428,1129,15199886,0.986
1429,1423,29306069,0.976
1430,1092,12248198,0.996
1431,1092,15222480,0.982
1432,1092,11765219,0.998
1433,1453,23917363,0.963
1434,1092,19364396,0.966
1435,1092,20827020,0.934
1436,1498,25927458,0.957
1437,1092,15174582,0.98
1438,1253,20889712,0.903
1439,1092,18483597,0.935
1440,1092,14223844,0.987
1441,1092,19729678,0.963
1442,1092,13151354,0.986
1443,1501,31077648,0.759
1444,1092,21264440,0.99
1445,1092,12506863,0.992
1446,1092,16561158,0.968
1447,1092,16901844,0.975
1448,1092,13017888,0.988
1449,1092,17126441,0.986
1450,1092,18226779,0.994
1451,1666,26024080,0.987
1452,2902,59142344,0.932
1453,1641,28730201,0.962
1454,1634,24364126,0.994
1455,1500,28556665,0.969
1456,1092,11396720,0.988
1457,1594,33612903,0.914
1458,1216,16711431,0.993
1459,1570,17810317,0.997
1460,1092,10155371,0.996
1461,1502,25907551,0.956
1462,1326,24120266,0.875
1463,1630,25631703,0.987
1464,1092,14562915,0.99
1465,1266,22635024,0.951
1466,1092,15966821,0.985
1467,1092,15781036,0.971
1468,1629,25935067,0.964
1469,1092,18503524,0.998
1470,1166,18030455,0.99
1471,1092,11937759,0.986
1472,1324,22525918,0.979
1473,1092,11474173,0.999
1474,1092,12203953,0.985
1475,1746,32697396,0.971
1476,1396,20114894,0.996
1477,1149,10765472,0.996
1478,2866,54846544,0.908
1479,2902,50967026,0.96
1480,1092,10570173,0.998
1481,1092,15070449,0.998
1482,1092,17479149,0.968
1483,1092,10909825,0.999
1484,1092,14121238,0.993
1485,1092,15028334,0.989
1486,1092,12117499,1
1487,1092,15067971,0.985
1488,1092,9521718,0.998
1489,1092,16889485,0.988
1490,1092,12705100,0.99
1491,1092,20283232,0.98
1492,3045,61401935,0.877
1493,1092,12177103,0.985
1494,1092,16321285,0.996
1495,1092,10594130,0.997
1496,1169,18397852,0.967
1497,1973,46153007,0.855
1498,1734,32664980,0.969
1499,1092,15192630,0.995
1500,1092,18174097,0.981
1501,1092,17917907,0.983
1502,1092,16698661,0.971
1503,1875,30999697,0.977
1504,1092,15312632,0.991
1505,1092,14858007,0.972
1506,1092,8669725,0.999
1507,1092,9220715,0.987
1508,1092,18205239,0.992
1509,1092,14541630,0.999
1510,1092,10823487,0.999
1511,1092,20171708,0.992
1512,1092,5802801,1
1513,1577,22188938,0.982
1514,2000,27534953,0.983
1515,1180,20249769,0.941
1516,1092,21070057,0.957
1517,1092,13570818,0.995
1518,1092,10033426,0.996
1519,3844,66225782,0.925
1520,1092,16458139,0.98
1521,3952,81112704,0.957
1522,1561,32097053,0.847
1523,1294,21014891,0.984
1524,1500,30100521,0.912
1525,1092,10333748,1
1526,2028,25304573,0.943
1527,1092,18227302,0.981
1528,1499,23297931,0.991
1529,1092,11294598,0.991
1530,1448,22286319,0.984
1531,1092,21530969,0.922
1532,3243,73110953,0.853
1533,1985,33385185,0.958
1534,1092,15613636,0.978
1535,1092,14115552,0.994
1536,1669,24375438,0.964
1537,1092,15452403,0.99
1538,1092,15315271,0.996
1539,1092,12807354,0.997
1540,1092,15694871,0.987
1541,1092,15573841,0.963
1542,1092,15144830,0.994
1543,1525,23002849,0.989
1544,1493,31251457,0.934
1545,1255,20751265,0.99
1546,1317,12605319,0.998
1547,1092,15228639,0.991
1548,4559,78611919,0.959
1549,1092,16245717,0.976
1550,1092,6165546,1
1551,1092,13841454,0.994
1552,1415,25177522,0.959
1553,1092,20172281,0.883
1554,1092,13055641,0.999
1555,2022,34326047,0.905
1556,1524,32306342,0.971
1557,2833,58187966,0.911
1558,1300,20967250,0.931
1559,1092,14146075,0.991
1560,1092,22166008,0.95
1561,1092,19425971,0.849
1562,1216,19572570,0.986
1563,1092,11614294,0.996
1564,1092,9440349,1
1565,1092,13259163,0.999
1566,1092,9187789,1
1567,1092,11588159,0.999
1568,1092,9971755,0.996
1569,1092,10365387,0.998
1570,1092,11546152,0.996
1571,1182,13139936,0.995
1572,2021,48472340,0.85
1573,1092,16880969,0.972
1574,1092,14676132,0.993
1575,1092,10386048,0.981
1576,1092,20109377,0.955
1577,2666,52133642,0.872
1578,1995,39388930,0.826
1579,1092,13362655,0.971
1580,1229,19027208,0.991
1581,1902,38724378,0.932
1582,1538,37274246,0.758
1583,1092,19285018,0.975
1584,1092,11173711,1
1585,2583,42543216,0.975
1586,1578,24932258,0.969
1587,1092,10323686,0.999
1588,1502,28611145,0.896
1589,1599,27846200,0.977
1590,1092,11811700,0.995
1591,3844,75320173,0.965
1592,1166,22802108,0.888
1593,1092,12178682,0.996
1594,1092,14679955,0.984
1595,1475,13098232,0.993
1596,1092,19680170,0.961
1597,1092,14844193,0.986
1598,1539,23923898,0.957
1599,1092,14890708,0.845
1600,1719,31405334,0.961
1601,1166,19958074,0.987
1602,1399,20049002,0.975
1603,1187,17244816,0.993
1604,1092,8586661,0.999
1605,2003,42044287,0.954
1606,1092,14205602,0.998
1607,1092,23029087,0.863
1608,3045,46404889,0.935
1609,1092,16393845,0.987
1610,1166,15338574,0.986
1611,1166,19744788,0.959
1612,1092,12513376,0.998
1613,1092,13834285,0.993
1614,1092,15690279,0.996
1615,1092,12887492,0.998
1616,1092,11695103,0.997
1617,1166,15832904,0.986
1618,1378,30075715,0.921
1619,1092,13555279,0.991
1620,1092,17491561,0.989
1621,1092,12952565,0.998
1622,1092,11968147,0.99
1623,1092,19423370,0.978
1624,1157,12448304,0.999
1625,1092,22337194,0.955
1626,1328,18162630,0.984
1627,1092,9093128,0.998
1628,1092,19533450,0.963
1629,1287,15326382,0.947
1630,1725,19857518,0.996
1631,1271,20843031,0.985
1632,1092,12381587,0.988
1633,1092,13990547,0.967
1634,1092,8623514,1
1635,1092,14824352,0.996
1636,1397,21244243,0.993
1637,1092,23857271,0.92
1638,1092,12427021,0.982
1639,1853,33709848,0.911
1640,1092,14464378,0.987
1641,1092,19381366,0.944
1642,1092,22638990,0.884
1643,1092,11317864,0.996
1644,1092,15957162,0.975
1645,1092,19496600,0.973
1646,1092,12675372,0.987
1647,1092,12567645,0.994
1648,1166,22642286,0.931
1649,1123,18950843,0.972
1650,1092,22768931,0.9
1651,1419,27617432,0.949
1652,1500,24402988,0.974
1653,1166,15107278,0.995
1654,1092,20181124,0.874
1655,1092,12664199,0.988
1656,1092,13232109,0.991
1657,1617,25623812,0.985
1658,1500,22559274,0.992
1659,1499,15458328,0.999
1660,1092,8178842,1
1661,1092,16345289,0.988
1662,1092,10277503,0.999
1663,1092,18006409,0.982
1664,1537,29447625,0.941
1665,1488,24704595,0.964
1666,1166,20769814,0.984
1667,1092,13820047,0.987
1668,1128,17321576,0.977
1669,1092,18246936,0.974
1670,1092,19221733,0.965
1671,1092,16414784,0.973
1672,1526,29802482,0.834
1673,1092,19984290,0.88
1674,1092,20303637,0.927
1675,1325,20939474,0.996
1676,1092,12633567,0.993
1677,1092,12837669,0.986
1678,1092,21715684,0.939
1679,1092,16133663,0.985
1680,1092,11626757,0.988
1681,1092,17954989,0.998
1682,1092,17278842,0.967
1683,1500,20735827,0.971
1684,1166,19133664,0.947
1685,1092,17713010,0.98
1686,1092,14878710,0.995
1687,1092,13571288,0.998
1688,1092,16796522,0.993
1689,1534,31223366,0.878
1690,1092,10933988,0.999
1691,1092,9726140,0.998
1692,1341,25269705,0.963
1693,1092,16666776,0.988
1694,1092,15990438,0.982
1695,1092,16343754,0.935
1696,1092,26071659,0.933
1697,1092,22846809,0.84
1698,1092,9171636,1
1699,1552,30661771,0.912
1700,1092,12973105,0.992
1701,1092,16014285,0.986
1702,1092,18910100,0.983
1703,1092,10878305,0.996
1704,1092,16938854,0.944
1705,1092,14261268,0.995
1706,1092,18345838,0.987
1707,1092,11652208,0.995
1708,1092,12545235,1
1709,1092,13746608,0.994
1710,1092,20623035,0.943
1711,1272,15262313,0.99
1712,1092,8520093,0.997
1713,1092,27164951,0.9
1714,1092,21344207,0.941
1715,1092,10252762,0.999
1716,1166,20231316,0.987
1717,1092,20879426,0.92
1718,1092,9772176,0.999
1719,1877,28560088,0.973
1720,1092,18029335,0.96
1721,1092,14144872,0.995
1722,1282,23821319,0.94
1723,1092,12865865,0.995
1724,1092,14778756,0.986
1725,1092,8022269,1
1726,1092,10506691,0.999
1727,1092,14739636,0.991
1728,1092,15341416,0.981
1729,1092,22619572,0.99
1730,1092,11497830,0.995
1731,1204,17348414,0.983
1732,1529,29650102,0.904
1733,1092,13939173,0.995
1734,1092,14571653,0.994
1735,1092,15731101,0.998
1736,1092,21778850,0.936
1737,1424,30488626,0.925
1738,2000,19192516,1
1739,1092,14892216,0.983
1740,1092,21870866,0.899
1741,1092,18827715,0.955
1742,1894,34426706,0.957
1743,1092,11567440,0.998
1744,1500,19306633,0.992
1745,1387,23989026,0.936
1746,1092,15315352,0.998
1747,1106,14624656,0.982
1748,1316,23577104,0.945
1749,1092,15395803,0.991
1750,1092,14902616,0.979
1751,1092,19058154,0.99
1752,1166,22554554,0.854
1753,1092,19649939,0.941
1754,1500,18456779,0.995
1755,1092,18072355,0.982
1756,1111,19611542,0.918
1757,3133,61204144,0.925
1758,1795,35455496,0.909
1759,1092,9966330,0.999
1760,1092,10817533,0.997
1761,3243,73011558,0.957
1762,1092,17603255,0.978
1763,1092,14864882,0.991
1764,1092,11723016,0.991
1765,1248,18077499,0.979
1766,1092,9733623,0.998
1767,1092,6900277,0.998
1768,1092,10412248,0.996
1769,1092,14247423,0.998
1770,1942,32562835,0.953
1771,1092,12612065,0.996
1772,1500,29294503,0.913
1773,1329,22709187,0.967
1774,1092,10879104,0.999
1775,1092,8995112,0.998
1776,1092,10952775,0.998
1777,1092,27401813,0.886
1778,1092,13347891,0.994
1779,1092,11029909,0.997
1780,4710,69297404,0.967
1781,1092,20931566,0.967
1782,1092,5555543,0.999
1783,1664,25251305,0.993
1784,1092,11881886,0.998
1785,1092,19456646,0.936
1786,1463,30875258,0.943
1787,1270,24397485,0.922
1788,1092,15234546,0.985
1789,1092,23011567,0.96
1790,1438,30833316,0.924
1791,2567,42684246,0.954
1792,1092,11611315,0.959
1793,1092,20586779,0.951
1794,1511,21593510,0.994
1795,1929,40175926,0.855
1796,1092,16453637,0.97
1797,1200,14282399,0.997
1798,1501,10152048,0.999
1799,1092,15467598,0.995
1800,1092,18142867,0.95
1801,1092,20180481,0.936
1802,1500,23500635,0.999
1803,1092,15060082,0.992
1804,1092,10773071,0.983
1805,1166,21066991,0.879
1806,1177,19677833,0.991
1807,1183,19770509,0.954
1808,1092,13719935,0.99
1809,1092,14242439,0.921
1810,1500,27601820,0.892
1811,1092,12452414,0.999
1812,1092,14509834,0.996
1813,4618,76468331,0.966
1814,1092,18410058,0.997
1815,1092,17126689,0.961
1816,1524,19583471,0.994
1817,1327,22695401,0.926
1818,1092,13949760,0.987
1819,3094,47924110,0.978
1820,1092,13223816,0.98
1821,1319,28980330,0.773
1822,1092,23766994,0.91
1823,1317,26919054,0.874
1824,1092,19534224,0.959
1825,1092,22712250,0.928
1826,1092,13505927,0.996
1827,1645,32417936,0.945
1828,1166,18309018,0.979
1829,1368,20046741,0.995
1830,1092,17198889,0.975
1831,1092,20173051,0.95
1832,1092,17272140,0.946
1833,1146,18650800,0.974
1834,1326,19796984,0.988
1835,1660,31833222,0.965
1836,1457,23616659,0.964
1837,1092,12353050,0.978
1838,1092,11870306,0.996
1839,1092,14575627,0.991
1840,1092,23660977,0.961
1841,1092,7723487,0.998
1842,1518,31823652,0.819
1843,1092,15041767,0.981
1844,1092,16729523,0.968
1845,1095,21991311,0.978
1846,1092,23254286,0.876
1847,1459,25396752,0.955
1848,1092,16057168,0.99
1849,1092,18518852,0.95
1850,1390,24121516,0.977
1851,1092,19553457,0.883
1852,1408,20188729,0.993
1853,1092,26018037,0.946
1854,1092,7696673,0.996
1855,1092,11960798,0.999
1856,1547,19495929,0.997
1857,1953,23278329,0.995
1858,1092,18297250,0.949
1859,1243,12489883,0.996
1860,1724,24657541,0.988
1861,1092,13455362,0.993
1862,1278,17986605,0.974
1863,1651,23673783,0.988
1864,1666,35821343,0.918
1865,1595,24993319,0.983
1866,1092,15482803,0.971
1867,1666,35784755,0.97
1868,1092,19619555,0.986
1869,1092,6626577,1
1870,1092,19110950,0.947
1871,1092,14612184,0.993
1872,1692,26777544,0.993
1873,1092,13752684,0.991
1874,1092,21692821,0.949
1875,1092,13055933,0.993
1876,1500,31145140,0.905
1877,1092,9568797,1
1878,1092,23194982,0.933
1879,1092,13243513,0.991
1880,1092,15542745,0.992
1881,1092,20889064,0.949
1882,1821,31751608,0.999
1883,1092,17700602,0.961
1884,1092,21812303,0.874
1885,1092,13654631,0.995
1886,1166,20502233,0.942
1887,1539,22944063,0.978
1888,1092,19882192,0.946
1889,1092,19112135,0.973
1890,1177,22640884,0.943
1891,1500,28854805,0.874
1892,1092,18728003,0.949
1893,1536,28528830,0.948
1894,1137,25304035,0.938
1895,1092,20105850,0.926
1896,1655,28898334,0.954
1897,1092,10641399,0.996
1898,1092,17988758,0.983
1899,1620,25126227,0.988
1900,1092,14076251,0.989
1901,1092,16462652,0.982
1902,2787,51645173,0.96
1903,1106,17343618,0.963
1904,1500,31307188,0.819
1905,1166,18702507,0.974
1906,1092,22578917,0.993
1907,1092,20461388,0.939
1908,1092,16461074,0.992
1909,1092,11999248,0.998
1910,1092,16338776,0.979
1911,1255,16246578,0.988
1912,1092,15996058,0.995
1913,1092,13113985,0.987
1914,1092,16749528,0.988
1915,1576,16541166,0.99
1916,1591,30246133,0.94
1917,1092,19979408,0.97
1918,1426,23212277,0.986
1919,1521,21381166,0.995
1920,1571,25253178,0.994
1921,1690,25288500,0.978
1922,1092,16697933,0.975
1923,1092,10300229,0.987
1924,1092,17258768,0.983
1925,1092,20160141,0.978
1926,1092,18032873,0.976
1927,1500,23688831,0.944
1928,1736,33732067,0.991
1929,1092,15438965,0.988
1930,1092,13552973,0.999
1931,1572,26910623,0.978
1932,1355,27393797,0.946
1933,1092,26763660,0.839
1934,1114,9890631,0.997
1935,1092,17663409,0.976
1936,2934,66099057,0.912
1937,1166,23064485,0.982
1938,1643,28832278,0.947
1939,1092,16472943,0.949
1940,1092,16302589,0.99
1941,1092,8558523,0.999
1942,1291,24165354,0.967
1943,1579,29194491,0.97
1944,1092,19432990,0.954
1945,1092,13018404,1
1946,1428,28110548,0.955
1947,1092,18560303,0.98
1948,1092,16456962,0.976
1949,1092,15490564,0.991
1950,1092,15566848,0.995
1951,1092,15796011,1
1952,1500,16737853,0.993
1953,1524,33933689,0.955
1954,1092,20102780,0.975
1955,1092,14144314,0.998
1956,1092,12639725,0.993
1957,4518,83536578,0.964
1958,1092,14756527,0.973
1959,1092,18404285,0.968
1960,1641,25867623,0.99
1961,1092,17206620,0.973
1962,1574,31255431,0.842
1963,1092,7062890,0.998
1964,1092,18843107,0.991
1965,1092,18166920,0.973
1966,1500,29756547,0.969
1967,1557,23394504,0.972
1968,1092,19112868,0.986
1969,1092,18953108,0.95
1970,1317,22934291,0.982
1971,1092,11387492,1
1972,1422,13156613,1
1973,1092,18145413,0.973
1974,1092,12883098,0.991
1975,1092,10874850,0.997
1976,1092,15319131,0.983
1977,1902,33036492,0.95
1978,1265,28827355,0.854
1979,1092,22441937,0.872
1980,1092,11889693,0.996
1981,1092,15710907,0.991
1982,3689,64044687,0.972
1983,2062,38900957,0.838
1984,1092,19207591,0.983
1985,1581,25716557,0.997
1986,1092,12465914,0.991
1987,1092,13924367,0.998
1988,1092,11094323,0.998
1989,1092,17396806,0.996
1990,1500,29119547,0.986
1991,1106,18280118,0.889
1992,1092,15802370,0.989
1993,1092,22737816,0.852
1994,1092,19612313,0.985
1995,1092,16219365,0.996
1996,1092,16741247,0.985
1997,1159,16924178,0.975
1998,1166,15541081,0.995
1999,1092,20243780,0.943
2000,1573,17231280,0.999
2001,2360,47096839,0.949
2002,1092,15839498,0.986
2003,1092,20585959,0.985
2004,1138,21848537,0.952
2005,1092,13752533,0.993
2006,1092,11094814,0.999
2007,1092,23619491,0.869
2008,1092,14247315,0.978
2009,2164,42464949,0.959
2010,1422,13217531,0.995
2011,1092,15572842,0.988
2012,1092,10787793,0.998
2013,1500,19178934,0.997
2014,1092,17985825,0.992
2015,1894,35234422,0.977
2016,1644,33888342,0.875
2017,1092,15052083,0.99
2018,1092,9755243,0.996
2019,1092,16366844,0.995
2020,1092,19611601,0.979
2021,1092,18364561,0.945
2022,1188,21629583,0.951
2023,1092,14333727,0.989
2024,1092,14542483,0.996
2025,1092,18165612,1
2026,1092,12756058,0.98
2027,1092,6686445,0.996
2028,1092,8269291,1
2029,1092,8052165,0.999
2030,1092,19392047,0.952
2031,1092,12383671,0.993
2032,1092,18748796,0.976
2033,1140,11641244,0.998
2034,1392,25749514,0.927
2035,1252,27527094,0.845
2036,1617,30462083,0.937
2037,1092,13451684,0.995
2038,1092,22753765,0.928
2039,1092,15135974,0.977
2040,1092,13348976,0.995
2041,1092,22725514,0.94
2042,1092,19146730,0.988
2043,1092,22728538,0.929
2044,1092,12151595,0.997
2045,1314,23830307,0.945
2046,1551,23032231,0.99
2047,1789,36973891,0.971
2048,4156,80616229,0.922
2049,1092,15366662,0.98
2050,1092,16957346,0.984
2051,1092,25286124,0.977
2052,1092,14938319,0.983
2053,1092,14423137,0.985
2054,1318,18266376,0.994
2055,1092,18166272,0.975
2056,1092,13852097,0.982
2057,1092,11134849,0.993
2058,1092,14858511,0.996
2059,1092,14397211,0.997
2060,1500,29250483,0.935
2061,1229,21004395,0.963
2062,1092,23876336,0.902
2063,1092,13323820,1
2064,1166,13539160,0.991
2065,1092,10828742,0.997
2066,1092,20364975,0.955
2067,1456,31017189,0.958
2068,1092,20201014,0.986
2069,1092,18711495,0.975
2070,1092,13929106,0.996
2071,1092,18933347,0.978
2072,1190,22683271,0.938
2073,1500,29536524,0.787
2074,1092,20095265,0.944
2075,1092,19592626,0.981
2076,1396,11143715,0.999
2077,1092,13658989,0.993
2078,1092,10283644,0.999
2079,1092,20205072,0.968
2080,1092,18858555,0.958
2081,1092,24008684,0.927
2082,1092,18454453,0.939
2083,1092,14874881,0.993
2084,1092,16672669,0.979
2085,1092,15783327,0.948
2086,1251,17012313,0.994
2087,1092,12819115,0.997
2088,1092,12649619,0.985
2089,1092,11014256,0.99
2090,1092,19588978,0.93
2091,1092,8933352,0.997
2092,4712,84342951,0.936
2093,1092,15227734,0.996
2094,1866,39693667,0.95
2095,1092,18198393,0.962
2096,1500,24713519,0.944
2097,1852,33248910,0.904
2098,1092,19888058,0.85
2099,1092,16342717,0.976
2100,1527,31730873,0.827
2101,1092,20973793,0.916
2102,1758,25351533,0.992
2103,1092,11966751,0.996
2104,1092,12545242,0.997
2105,1946,17342420,1
2106,2067,45609960,0.897
2107,1117,11676908,0.997
2108,1092,19335346,0.981
2109,1542,29783517,0.926
2110,1442,20071298,0.992
2111,1500,26406355,0.961
2112,1092,17536836,0.983
2113,1197,19348285,0.927
2114,1092,12664163,0.996
2115,1092,12949949,0.987
2116,1303,19734443,0.994
2117,1092,13107350,0.959
2118,1092,9746495,1
2119,1207,12431277,0.993
2120,1316,27843077,0.907
2121,1092,21132839,0.878
2122,1092,10317206,0.991
2123,1092,13220392,0.96
2124,1613,13431080,0.998
2125,1092,12808008,0.996
2126,1574,29619849,0.954
2127,1092,11574643,0.999
2128,1092,9576752,0.999
2129,1359,13843359,0.996
2130,1092,11504787,0.989
2131,1124,19595907,0.969
2132,1092,12474050,0.988
2133,1963,45570460,0.757
2134,1122,19797902,0.924
2135,1115,13195989,1
2136,1092,20651504,0.979
2137,1507,28950703,0.988
2138,4049,74452723,0.875
2139,1092,20493282,0.939
2140,1092,13675425,0.995
2141,1539,33606787,0.893
2142,1092,19242224,0.941
2143,1092,13749144,0.996
2144,1092,10900072,0.993
2145,1092,15477789,0.99
2146,1092,21839009,0.83
2147,1461,32582153,0.915
2148,1231,16546971,0.963
2149,1092,18270102,0.979
2150,1092,18052584,0.928
2151,1092,11440710,1
2152,1092,21079216,0.952
2153,1555,30063523,0.88
2154,1092,17552843,0.956
2155,1586,27345365,0.959
2156,1092,12642789,0.996
2157,1237,15438501,0.982
2158,1092,13770496,1
2159,1103,21157427,0.95
2160,1092,14149532,0.995
2161,1092,10468297,0.995
2162,1092,19482046,0.992
2163,1092,10381027,0.998
2164,1092,14401675,0.975
2165,1413,26311891,0.95
2166,1092,18776088,0.927
2167,1092,11222781,0.998
2168,2320,41531608,0.847
2169,1092,9709325,0.995
2170,1092,14020854,0.999
2171,1092,14660281,0.995
2172,1092,10521922,0.997
2173,1092,9130974,0.999
2174,1107,13875286,0.995
2175,1092,13739034,0.984
2176,1092,15604023,0.954
2177,1092,14637826,0.971
2178,1584,33612348,0.994
2179,1092,16582237,0.982
2180,1092,12471346,1
2181,1965,39606841,0.854
2182,1218,18010107,0.927
2183,1092,11549766,0.996
2184,1092,19490742,0.958
2185,1092,15349073,0.972
2186,1092,12874558,0.989
2187,1092,10043239,0.998
2188,1604,19137263,0.985
2189,1092,15718984,0.965
2190,1500,20568868,0.976
2191,1092,12188955,0.996
2192,1092,15884785,0.974
2193,1092,15626188,0.997
2194,1092,9936734,0.998
2195,1517,16697536,0.997
2196,1092,17681568,0.943
2197,1092,14016928,0.985
2198,1092,16994250,0.951
2199,3332,64039847,0.917
2200,1092,12324907,0.996
2201,1092,21131005,0.85
2202,1374,23315830,0.962
2203,2790,50826392,0.856
2204,1092,10658971,0.995
2205,3094,62086936,0.821
2206,1369,20191342,0.988
2207,1092,7864361,1
2208,1092,12662805,0.987
2209,1562,25921046,0.933
2210,1092,11054589,0.988
2211,1092,11976126,0.996
2212,1092,18514658,0.972
2213,1216,20785845,0.949
2214,1166,19171719,0.966
2215,1092,9532031,0.999
2216,1244,17313851,0.952
2217,1092,12567768,0.995
2218,1092,13721901,0.987
2219,1092,15801820,1
2220,1092,14282261,1
2221,1152,14931922,0.991
2222,1166,15770497,0.961
2223,1092,10647680,1
2224,1171,21102173,0.904
2225,1092,7748287,0.999
2226,1092,18118147,0.972
2227,1092,10198587,0.992
2228,3283,58390562,0.96
2229,1092,20132295,0.858
2230,1092,14124667,0.995
2231,1092,15495669,0.986
2232,1092,15002643,0.988
2233,1092,15189383,0.972
2234,1092,15512806,0.968
2235,1092,17598834,0.993
2236,1092,15781433,0.954
2237,1308,16746723,1
2238,1166,19780663,0.932
2239,1092,11581145,0.997
2240,1092,12629706,0.998
2241,1092,18370824,0.968
2242,1092,8109546,1
2243,1092,19822579,0.981
2244,1200,19507179,0.889
2245,1186,22345660,0.897
2246,1307,17966920,0.975
2247,1308,20766619,0.936
2248,1653,28306649,0.978
2249,1626,16131178,0.999
2250,1092,16415621,0.976
2251,1092,23969525,0.92
2252,1742,29732021,0.895
2253,1188,16471648,0.954
2254,1621,26028611,0.95
2255,1092,8433741,0.993
2256,1546,25423481,0.907
2257,1223,16766946,0.98
2258,1092,16272735,0.99
2259,1092,11476672,0.997
2260,1092,12584814,0.995
2261,1092,9509455,0.998
2262,1092,13050853,1
2263,1407,25002798,0.94
2264,1092,7741177,1
2265,3093,26215923,0.998
2266,1092,23236186,0.929
2267,1092,13873080,0.997
2268,1092,11286943,0.998
2269,1092,10435282,0.998
2270,1092,18279413,0.936
2271,1500,21585762,0.95
2272,1092,11214512,1
2273,1654,28014796,0.847
2274,1784,24609123,0.938
2275,1615,28650782,0.955
2276,1092,13951094,0.98
2277,3114,57418617,0.876
2278,1158,16009647,0.989
2279,1092,21086502,0.996
2280,1092,6101972,0.996
2281,1233,18037775,0.985
2282,1551,22380554,0.978
2283,1808,31970935,0.977
2284,1260,14817829,0.983
2285,1465,19858344,0.956
2286,1186,17604244,0.968
2287,1092,16075122,0.982
2288,1092,12368300,0.991
2289,1092,16261153,0.962
2290,1092,10165218,0.999
2291,1092,13012444,0.988
2292,1502,17500762,0.989
2293,1142,14021663,0.99
2294,1092,11440865,0.995
2295,1975,38519840,0.963
2296,3788,56949515,0.936
2297,1092,10540651,0.996
2298,1337,14339468,0.994
2299,1092,15851363,0.999
2300,1092,13863474,0.989
2301,1092,14927825,0.877
2302,1092,16376571,0.978
2303,1092,17429696,0.934
2304,1637,24420153,0.945
2305,1092,11266170,0.989
2306,1092,12052472,0.997
2307,1638,24380471,0.943
2308,1092,19639568,0.981
2309,4460,69992174,0.954
2310,1092,11181963,0.997
2311,1092,13876080,0.981
2312,1092,13037883,0.99
2313,1455,24659044,0.962
2314,1092,11903095,0.996
2315,1329,18584692,0.993
2316,1092,16111069,0.92
2317,1092,17684914,0.977
2318,1092,14244036,0.973
2319,1166,11365217,0.99
2320,1092,14843014,0.98
2321,1092,13641846,0.984
2322,1640,29628547,0.97
2323,1092,17733594,0.963
2324,3015,54245234,0.867
2325,1092,15393849,0.97
2326,1092,15761723,0.964
2327,1092,18157578,0.942
2328,1092,13375809,0.998
2329,4957,63210676,0.998
2330,1092,9854913,0.997
2331,1092,18176798,0.975
2332,1092,10711023,0.99
2333,1914,39607295,0.955
2334,1587,16154553,0.985
2335,1092,13210546,0.993
2336,1092,10129295,0.99
2337,1092,16427571,0.966
2338,1092,16805302,0.991
2339,1092,17593545,0.954
2340,1092,11434381,1
2341,1092,9897241,0.996
2342,1092,16557308,0.975
2343,1092,15819101,0.964
2344,2000,29818845,0.982
2345,1092,17337430,0.889
2346,1092,11862248,0.993
2347,1092,10203328,0.995
2348,1092,10282621,1
2349,1389,12097998,0.988
2350,1092,16880849,0.929
2351,1092,22739531,0.863
2352,1500,26442036,0.82
2353,1755,27959199,0.942
2354,1092,10650597,0.992
2355,3150,59512583,0.914
2356,1092,11477307,0.996
2357,2000,35420873,0.895
2358,1092,17151855,0.964
2359,1092,14253981,0.986
2360,1092,13746598,0.986
2361,2166,44436802,0.88
2362,1092,12994891,0.991
2363,1092,5854010,0.999
2364,1092,16678347,0.977
2365,1092,13533736,0.983
2366,1092,12019866,0.891
2367,1092,7599623,1
2368,1092,11041736,0.994
2369,1092,15454373,0.99
2370,1092,14096596,0.983
2371,1092,11942465,0.992
2372,1406,23134859,0.923
2373,1092,14939066,0.967
2374,1092,12914024,0.998
2375,1092,18639467,0.974
2376,1092,14168832,0.985
2377,1092,14305369,0.988
2378,1092,14677568,0.996
2379,1500,26953987,0.909
2380,1092,16018910,0.994
2381,1092,14781785,0.971
2382,1535,20891411,0.948
2383,1092,17956146,0.925
2384,2000,34113265,0.948
2385,1092,12470780,0.986
2386,1092,17157963,0.968
2387,1092,17363371,0.938
2388,1666,28084209,0.97
2389,1533,23690768,0.877
2390,1092,14438498,0.97
2391,1092,15646234,0.959
2392,2851,44616926,0.965
2393,1092,19308836,0.942
2394,1092,15865411,0.964
2395,1092,17269766,0.974
2396,1991,38544267,0.886
2397,1158,15633706,0.806
2398,1092,17326336,0.887
2399,1123,12335857,0.974
2400,1500,22731109,0.962
2401,1092,15400668,0.969
2402,1231,13479928,0.994
2403,1092,13592578,0.988
2404,1953,29365397,0.874
2405,1262,21813652,0.884
2406,1846,32612370,0.934
2407,1217,13857509,0.981
2408,1092,15967272,0.96
2409,1461,17101630,0.994
2410,1092,9828914,0.998
2411,1121,18293770,0.913
2412,1092,10652034,0.993
2413,1092,19479033,0.865
2414,1582,14528831,0.984
2415,1515,26763927,0.899
2416,1660,21252874,0.992
2417,1479,22933740,0.941
2418,1161,10322280,0.995
2419,1092,14245278,0.98
2420,1092,12272664,0.992
2421,1092,12470389,0.975
2422,1092,9504678,1
2423,1340,25190842,0.955
2424,1604,23460737,0.88
2425,1092,12780801,0.979
2426,1092,8688042,0.997
2427,1623,26687027,0.944
2428,1092,15115544,0.993
2429,1892,30266485,0.972
2430,1092,10647242,0.989
2431,1092,17107157,0.937
2432,1092,7248917,1
2433,1092,13141330,0.982
2434,1818,17753650,0.986
2435,2000,22398952,0.994
2436,1092,13999708,0.985
2437,1166,17067350,0.929
2438,1561,15037157,1
2439,1092,20152314,0.988
2440,1092,9656042,0.993
2441,3526,53053973,0.974
2442,1092,11232908,0.997
2443,1092,8865426,0.999
2444,1500,18612868,0.972
2445,1865,29950239,0.946
2446,1092,14811718,0.976
2447,1092,17848878,0.958
2448,1092,17270667,0.949
2449,1406,19791752,0.974
2450,1092,10167153,0.997
2451,1092,14761429,0.953
2452,1092,14916427,0.993
2453,1092,12960749,0.988
2454,1092,17417443,0.994
2455,1092,8598462,1
2456,1092,14196131,0.97
2457,1092,12949964,0.993
2458,1092,16413309,0.864
2459,1092,13479796,0.988
2460,1125,20886538,0.931
2461,1543,22822502,0.921
2462,1092,8896929,0.961
2463,3468,54280445,0.916
2464,1092,9201126,0.999
2465,1092,12912565,0.958
2466,1092,7890245,1
2467,1636,19303456,0.988
2468,1092,14847502,0.9
2469,1092,13353003,0.991
2470,1251,20882674,0.955
2471,1092,14480421,0.985
2472,1795,27213500,0.962
2473,1166,16438814,0.944
2474,2000,26963647,0.989
2475,1092,8931549,0.999
2476,1092,15935384,0.971
2477,1092,16264936,0.938
2478,1092,10890512,0.991
2479,1501,23872021,0.92
2480,1144,17562659,0.879
2481,1092,14854213,0.99
2482,1092,14821375,0.987
2483,1092,10539540,1
2484,1092,10288280,0.998
2485,1092,9650797,1
2486,1092,13509077,0.992
2487,1092,13867334,0.995
2488,1092,13215202,0.99
2489,1092,15311331,0.979
2490,1092,17253037,0.928
2491,1092,11005092,0.999
2492,1092,9026709,0.993
2493,1652,19986710,0.965
2494,1092,12563782,0.98
2495,1540,14483023,0.999
2496,1092,11063007,0.999
2497,1092,11868961,0.999
2498,1788,26161315,0.957
2499,1092,10437241,0.999
2500,1092,17165157,0.889
2501,1092,8763524,0.991
2502,1098,14280800,0.982
2503,1092,10566985,0.993
2504,1092,10879618,0.932
2505,1092,15829458,0.955
2506,1092,21515200,0.949
2507,1092,14822261,0.977
2508,1092,14789065,0.987
2509,1092,16444561,0.98
2510,1092,9469624,0.997
2511,1639,22523354,0.99
2512,1092,11038230,0.997
2513,1092,7985626,1
2514,1323,17475325,0.985
2515,3844,65658042,0.85
2516,1500,20143755,0.946
2517,3496,56857035,0.915
2518,1139,18354468,0.969
2519,1092,11444051,0.984
2520,1092,13096530,0.969
2521,1196,19278977,0.935
2522,1092,14042096,0.999
2523,1242,10838058,0.999
2524,2080,21920267,0.986
2525,1092,16823078,0.912
2526,2166,23996596,0.997
2527,1092,9189441,0.989
2528,1092,6989070,0.998
2529,2000,32685855,0.934
2530,1092,13839709,0.985
2531,1092,8745951,0.993
2532,1500,13038531,1
2533,1314,17126662,0.985
2534,1092,12863405,0.989
2535,1365,29518357,0.953
2536,1092,15777373,0.966
2537,1092,13587505,0.972
2538,1596,25478230,0.866
2539,1092,15695837,0.931
2540,1092,14939243,0.986
2541,1367,20337966,0.945
2542,2243,37121270,0.872
2543,1092,10050511,0.996
2544,3150,54460232,0.847
2545,1166,11244869,0.989
2546,1530,17080118,0.996
2547,1092,17563954,0.928
2548,3332,56716787,0.904
2549,1841,25324633,0.984
2550,1092,17304158,0.935
2551,1332,18781719,0.98
2552,1444,22235805,0.856
2553,1299,22054254,0.914
2554,1470,19532996,0.985
2555,1092,6461082,0.997
2556,1408,14983100,0.985
2557,1092,11731242,0.995
2558,1633,25838355,0.979
2559,1129,19900581,0.908
2560,1408,17952348,0.982
2561,1092,15944383,0.998
2562,1092,12600966,0.991
2563,1092,9453971,1
2564,1092,19207951,0.902
2565,1646,24761777,0.962
2566,1092,17628548,0.948
2567,1092,12080262,0.978
2568,1092,12881346,0.985
2569,1092,10291317,0.995
2570,1092,12646462,0.965
2571,1149,16527995,0.97
2572,1092,12087721,0.974
2573,1092,8274701,0.999
2574,2962,45978555,0.929
2575,1092,12182362,0.99
2576,1092,10303955,0.99
2577,1092,17805641,0.973
2578,1092,15492746,0.967
2579,1092,15366168,0.949
2580,1092,9176364,0.996
2581,1092,13722875,0.988
2582,1117,15837043,0.979
2583,1092,12644977,0.99
2584,1503,11809290,0.993
2585,1500,21843971,0.957
2586,1092,14784474,0.972
2587,1092,14030810,0.99
2588,1092,13218882,0.99
2589,1092,8869138,1
2590,1092,12409129,0.998
2591,1092,17024449,0.942
2592,1498,16296990,0.996
2593,1092,7504123,0.999
2594,1092,13598299,0.982
2595,1092,15158440,0.969
2596,1092,14311740,0.994
2597,1156,21663677,0.981
2598,1666,23199979,0.908
2599,1092,11013022,0.999
2600,1092,12269266,0.98
2601,1092,16935079,0.958
2602,1092,12874798,0.983
2603,1092,10084904,0.994
2604,1092,9361169,0.995
2605,1092,9160987,0.999
2606,1092,8302534,1
2607,1092,12945018,0.978
2608,1092,13927880,0.975
2609,1092,17438929,0.881
2610,1092,14216402,0.986
2611,1092,9606991,0.997
2612,1092,10596641,0.92
2613,1092,10636692,0.993
2614,1092,16787675,0.917
2615,1092,15651913,0.964
2616,1092,17962648,0.957
2617,2000,32270421,0.984
2618,1092,14374846,0.976
2619,1092,16642154,0.977
2620,1092,14460167,0.888
2621,3166,49032119,0.903
2622,1092,14747910,0.988
2623,1092,19428712,0.845
2624,1092,7779446,0.978
2625,1166,16920425,0.971
2626,1274,16805649,0.878
2627,1092,6815383,0.999
2628,3468,54406503,0.924
2629,1092,15267180,0.842
2630,1092,16171403,0.991
2631,1092,17219854,0.944
2632,1308,17868974,0.912
2633,1092,14353424,0.992
2634,1092,16072019,0.931
2635,1877,32561356,0.864
2636,1092,9904644,0.996
2637,1500,15574949,0.98
2638,2973,39359463,0.983
2639,1092,13105339,0.985
2640,1192,19894281,0.947
2641,1111,13914282,0.984
2642,1757,28859465,0.907
2643,1210,16337177,0.952
2644,1284,21559929,0.96
2645,1436,22816736,0.878
2646,1092,16409462,0.924
2647,1092,11903013,0.995
2648,1092,14832058,0.967
2649,1092,11109435,0.998
2650,4457,55335346,0.978
2651,1092,20014091,0.938
2652,2022,29682747,0.884
2653,1510,22357837,0.955
2654,3375,55337294,0.779
2655,1092,7752157,0.996
2656,1092,14372838,0.962
2657,1092,6436265,1
2658,2666,39878354,0.973
2659,1092,8692947,0.997
2660,1092,9029097,0.998
2661,1305,13146887,0.993
2662,1092,13705800,0.979
2663,1092,5954915,0.998
2664,1666,19649495,0.983
2665,1416,20474315,0.953
2666,1092,14496803,0.992
2667,1778,29400623,0.846
2668,1092,13304552,0.985
2669,1092,13960622,0.99
2670,1285,17166428,0.973
2671,1092,18762375,0.838
2672,3232,47012844,0.922
2673,1092,16194301,0.956
2674,3592,58387820,0.857
2675,1092,13988736,0.967
2676,1092,11093580,0.999
2677,1528,23336116,0.943
2678,1092,11879241,1
2679,1092,10883596,0.904
2680,1092,18689283,0.973
2681,1405,17592559,0.98
2682,1092,8447076,1
2683,1366,14982812,0.989
2684,1092,11078562,0.986
2685,1092,17458477,0.893
2686,1092,9762156,0.994
2687,1138,13921708,0.977
2688,1092,17342560,0.891
2689,1092,14579094,0.962
2690,1092,17983473,0.966
2691,1092,10804429,0.976
2692,1092,12831016,0.974
2693,1092,8122623,1
2694,1092,16379073,0.959
2695,1092,10365892,0.996
2696,1732,19468706,0.994
2697,1092,8362805,0.999
2698,1092,7349983,1
2699,1092,11991878,0.956
2700,1092,13804574,0.978
2701,1092,14974879,0.973
2702,1408,17715644,1
2703,1601,27125703,0.836
2704,1568,24460945,0.922
2705,1092,7090273,1
2706,1092,17430245,0.936
2707,3093,45166851,0.961
2708,1092,22452709,0.873
2709,1092,15367396,0.949
2710,1786,19896873,0.994
2711,1524,20944753,0.965
2712,1554,24094491,0.957
2713,1142,11636867,0.989
2714,1092,10860293,0.991
2715,1092,14897497,0.962
2716,1166,17129835,0.948
2717,1563,18149656,0.999
2718,1223,18545932,0.911
2719,1092,12862876,0.973
2720,1092,13159434,0.979
2721,1403,22113778,0.864
2722,1619,21238902,0.975
2723,1092,5706879,0.999
2724,1092,14404962,0.986
2725,1092,14348998,0.965
2726,1148,17727765,0.982
2727,1280,14151435,0.985
2728,1092,10260197,0.985
2729,1599,22902030,0.971
2730,1123,19118935,0.818
2731,1092,12253209,0.989
2732,1400,15461306,0.995
2733,1092,11372785,0.988
2734,1092,12130863,0.992
2735,1092,12725099,0.994
2736,1092,13524963,0.997
2737,1092,8155443,0.997
2738,1092,9278754,0.987
2739,1092,9786336,0.996
2740,1092,14647237,0.979
2741,1500,21417785,0.937
2742,1092,16944250,0.942
2743,1098,15269187,0.972
2744,1092,13013597,0.989
2745,1092,11046592,0.988
2746,1092,10797854,0.986
2747,1092,16119422,0.95
2748,1092,14703361,0.978
2749,1092,5297368,0.999
2750,1166,11929566,0.977
2751,1092,16286596,0.923
2752,1092,7789002,1
2753,1509,19285258,0.98
2754,1126,16820210,0.897
2755,1092,7026035,0.999
2756,1092,12469735,0.98
2757,1092,18089750,0.846
2758,1092,7786229,0.997
2759,1092,18240639,0.876
2760,1166,10217263,0.999
2761,1092,13427272,0.986
2762,1092,8298534,0.993
2763,1092,10952898,0.993
2764,3450,54797731,0.961
2765,1105,9832284,0.895
2766,1092,9749994,0.995
2767,1092,9732281,0.998
2768,1092,16741910,0.971
2769,1092,9372781,0.998
2770,1092,7670858,0.999
2771,1092,14611364,0.961
2772,1092,6301794,0.997
2773,1092,9823581,0.998
2774,1564,21268387,0.947
2775,2500,28082343,0.994
2776,1134,14272838,0.992
2777,4574,71416890,0.961
2778,3243,56733036,0.952
2779,1092,14971021,0.95
2780,3375,58759151,0.93
2781,1092,7710172,0.994
2782,1092,14309130,0.972
2783,1092,16577549,0.975
2784,1092,12202517,0.987
2785,1092,15542960,0.943
2786,2042,34178504,0.92
2787,1092,16639917,0.932
2788,1092,13604828,0.997
2789,1092,12093834,0.99
2790,1092,10964540,0.967
2791,1098,11321326,0.991
2792,1114,14552110,0.982
2793,1531,20716134,0.97
2794,1337,19391737,0.927
2795,1092,10940113,0.996
2796,2478,42563274,0.821
2797,1092,9661092,0.97
2798,1500,17496001,0.974
2799,1092,10909899,0.988
2800,1092,13195763,0.978
2801,3051,44357101,0.961
2802,1092,13390477,0.984
2803,1092,9994149,0.994
2804,1092,9653593,0.995
2805,1092,13637606,0.991
2806,1858,22394976,0.998
2807,1092,7979243,0.999
2808,1560,19797860,0.977
2809,1092,7990067,1
2810,1622,25247602,0.958
2811,1092,7902191,1
2812,1348,18213819,0.962
2813,1092,14171513,0.98
2814,1092,11352074,0.998
2815,1092,7089696,0.997
2816,1548,26637922,0.97
2817,1092,11240940,0.995
2818,1528,22264039,0.952
2819,1092,14055085,0.934
2820,1092,10006042,0.996
2821,1352,15900362,0.962
2822,1092,9042927,0.995
2823,1112,13286014,0.971
2824,1092,6863503,0.997
2825,1666,32126494,0.811
2826,2000,26792720,0.967
2827,1092,15903460,0.958
2828,1092,9673004,0.997
2829,1601,16880107,0.99
2830,1092,18608588,0.865
2831,1092,9818384,0.997
2832,1092,10867635,0.99
2833,1469,19422460,0.986
2834,1117,16172997,0.995
2835,1092,16330145,0.914
2836,1092,13820526,0.977
2837,1149,17245132,0.955
2838,1500,19256250,0.926
2839,1092,12922158,0.993
2840,1092,13029736,0.981
2841,1500,19826909,0.965
2842,1621,25119500,0.891
2843,1092,15409134,0.996
2844,1345,20479451,0.926
2845,4882,44125196,1
2846,1092,14088478,0.976
2847,1092,11101459,0.997
2848,1092,9917719,0.99
2849,1944,30325098,0.952
2850,1092,17190106,0.977
2851,1092,9424683,0.995
2852,1092,11931973,0.991
2853,1092,12682494,0.983
2854,1092,17075733,0.865
2855,1092,15698555,0.963
2856,1092,15350891,0.951
2857,1092,8216976,0.999
2858,1092,8623643,0.973
2859,1092,9337715,1
2860,1092,12898550,0.994
2861,1985,28302050,0.97
2862,1092,9870170,0.998
2863,1179,15673364,0.925
2864,1801,8503330,1
2865,1092,10020012,0.967
2866,1092,12994336,0.956
2867,1166,14207931,0.986
2868,1455,19476793,0.951
2869,1255,18110502,0.957
2870,1349,21925286,0.914
2871,1092,8678054,0.999
2872,1092,10708972,0.979
2873,3586,52870637,0.904
2874,1166,15139135,0.978
2875,3150,50662076,0.902
2876,1092,7231717,0.999
2877,1092,12385080,0.997
2878,1092,9650015,0.986
2879,1092,12319173,0.99
2880,1172,17385806,0.905
2881,1503,23685280,0.921
2882,1092,7902271,1
2883,1166,14650040,0.974
2884,1092,8606093,1
2885,1509,12281064,0.998
2886,1092,12268506,0.987
2887,3375,57982541,0.88
2888,1347,11311455,0.997
2889,1506,12735463,0.935
2890,1092,9049442,0.997
2891,1092,14937685,0.952
2892,1092,5080742,1
2893,1166,10011629,0.94
2894,1092,14768626,0.972
2895,3354,51046025,0.974
2896,1521,14050462,0.981
2897,1092,14838156,0.947
2898,1092,9364010,0.975
2899,1092,13686713,0.975
2900,1092,9677508,0.994
2901,1570,24522961,0.815
2902,1092,11769555,0.995
2903,1524,14078685,0.996
2904,1092,16723031,0.914
2905,3607,65395060,0.824
2906,1092,12236758,0.989
2907,3150,44471126,0.966
2908,1092,7844926,0.999
2909,1468,19026183,0.973
2910,2248,33113479,0.968
2911,1500,21846828,0.891
2912,1997,32893661,0.857
2913,1092,13910558,0.956
2914,1118,13305799,0.993
2915,1092,10515286,0.959
2916,1092,10780156,0.992
2917,1092,13294413,0.93
2918,1660,26032807,0.959
2919,1092,12459118,0.995
2920,1092,17531102,0.923
2921,1092,13501282,0.914
2922,1092,12653546,0.996
2923,1092,13272916,0.953
2924,1092,11401305,0.993
2925,1092,9538271,0.992
2926,1227,19416996,0.869
2927,1092,9527191,0.995
2928,1586,20559808,0.982
2929,1500,19615059,0.98
2930,1092,6269830,0.995
2931,1144,17242817,0.889
2932,1092,19047612,0.957
2933,1092,10011037,0.994
2934,1092,11866195,0.991
2935,1092,15600417,0.938
2936,1609,15782094,0.983
2937,1196,13797585,0.99
2938,1092,11446116,0.996
2939,1092,14056670,0.989
2940,1608,23146688,0.981
2941,1542,13387162,1
2942,1598,13810441,0.985
2943,1092,12792964,0.98
2944,1500,18981819,0.95
2945,1092,13183938,0.969
2946,1092,10866081,0.982
2947,1092,14873679,0.953
2948,1155,14420043,0.972
2949,1500,14451269,0.992
2950,1976,28312000,0.911
2951,1092,12002441,0.953
2952,1092,17822482,0.836
2953,1166,18645223,0.85
2954,1145,14694753,0.976
2955,1092,15846478,0.934
2956,1092,9566757,0.992
2957,1092,13627077,0.993
2958,1092,9917854,0.998
2959,1092,17840939,0.872
2960,1092,12258740,0.986
2961,1752,19708708,0.97
2962,1092,13206479,0.983
2963,1530,19067424,0.99
2964,1092,12199656,0.977
2965,1500,16356030,0.897
2966,1092,13216625,0.972
2967,1092,10680574,0.998
2968,1092,12316302,0.964
2969,1587,24347198,0.931
2970,1161,17884279,0.957
2971,1092,9222553,0.999
2972,2583,40093958,0.879
2973,1092,12242163,0.992
2974,1500,20418738,0.931
2975,1092,10227264,0.998
2976,3094,51317906,0.78
2977,1092,5943390,1
2978,1092,10213366,0.99
2979,2666,37700827,0.984
2980,1092,14018137,0.975
2981,1500,17766826,0.956
2982,1457,9711275,0.998
2983,1092,8009015,0.999
2984,1092,18751455,0.78
2985,1462,21581364,0.951
2986,1092,8875468,0.995
2987,1092,10425483,0.98
2988,1092,14221400,0.987
2989,2848,35526415,0.962
2990,3045,39705856,0.98
2991,1092,14966196,0.929
2992,1092,9642279,0.999
2993,1092,9677450,0.99
2994,1092,10487017,0.997
2995,1092,13266030,0.984
2996,1593,23971776,0.952
2997,1092,13104487,0.977
2998,1500,20335962,0.957
2999,1092,15006417,0.913
3000,1577,23057844,0.969
3001,1092,10756507,0.995
3002,1092,16198334,0.917
3003,1497,13448701,0.999
3004,2835,40700763,0.962
3005,1787,23737142,0.961
3006,1092,11332863,0.991
3007,1438,24384255,0.947
3008,1166,9244734,0.996
3009,1403,15187182,0.997
3010,1092,9599738,0.999
3011,1500,13380714,0.987
3012,1092,12296458,0.992
3013,1092,9315894,0.987
3014,1092,9358506,0.995
3015,1595,30384573,0.782
3016,1260,18035618,0.985
3017,1166,20371380,0.779
3018,1092,12128709,0.987
3019,1092,8480346,1
3020,1500,24530454,0.773
3021,1592,22274220,0.896
3022,1861,20202686,0.986
3023,1092,12476009,0.971
3024,1311,19960907,0.888
3025,1092,10239268,0.92
3026,1500,20273630,0.979
3027,1092,9610094,0.993
3028,1092,12640194,0.947
3029,1092,12393593,0.981
3030,1092,8684609,0.999
3031,1092,11564976,0.989
3032,1092,11884729,0.967
3033,1630,13495255,0.976
3034,1092,10740126,0.994
3035,1322,18592343,0.926
3036,1653,17033039,0.979
3037,1092,9195287,0.997
3038,1975,31990855,0.938
3039,1092,7359687,0.998
3040,1092,14567946,0.962
3041,1092,12169114,0.973
3042,1092,11469374,0.986
3043,1092,10764191,0.981
3044,1229,15296616,0.979
3045,1500,20447749,0.949
3046,1092,12157228,0.994
3047,1442,23341255,0.867
3048,1092,15562954,0.827
3049,1092,8777107,0.996
3050,1092,13820117,0.948
3051,1758,20741644,0.986
3052,1092,10394907,0.993
3053,1092,10297197,0.992
3054,1112,10631747,0.996
3055,1092,14401545,0.975
3056,1092,7440045,0.999
3057,1092,10821851,0.997
3058,1400,16281622,0.989
3059,1092,10444586,0.992
3060,1092,12577107,0.991
3061,1092,7778492,0.999
3062,1092,15232973,0.961
3063,2425,24416907,0.99
3064,1624,15357296,0.993
3065,1092,15169939,0.879
3066,1092,14272177,0.986
3067,1513,18954156,0.991
3068,1092,11103500,1
3069,1092,8344601,0.992
3070,1166,13147086,0.984
3071,1092,9862600,0.992
3072,2045,33363301,0.89
3073,1598,21777207,0.956
3074,1092,8778580,0.996
3075,1658,17132588,0.975
3076,1332,14774926,0.971
3077,1092,7719421,0.991
3078,2222,36346509,0.927
3079,1092,13354361,0.98
3080,1228,11655679,1
3081,1092,14133947,0.951
3082,1092,12288223,0.991
3083,2000,25280718,0.99
3084,1092,8788758,0.992
3085,1668,29413270,0.875
3086,1092,16489699,0.968
3087,1092,12943475,0.979
3088,1092,10877271,1
3089,1092,12484489,0.949
3090,1092,10275016,0.996
3091,1092,13932523,0.986
3092,1166,13683305,0.978
3093,2135,22928063,0.984
3094,1092,12133766,0.957
3095,1092,7641789,0.996
3096,1092,11427785,0.991
3097,1092,16661868,0.968
3098,1596,19800087,0.784
3099,1467,14115416,0.993
3100,1092,14706674,0.969
3101,1092,6820145,0.998
3102,1092,10544918,0.989
3103,1092,7600526,1
3104,1593,24721105,0.965
3105,1092,9105824,0.995
3106,1092,12164070,0.988
3107,1723,25396729,0.962
3108,1092,9353399,0.997
3109,2000,22388954,0.999
3110,1855,23549879,0.99
3111,3332,41351355,0.962
3112,1092,15142809,0.913
3113,1166,12500904,0.994
3114,1092,12375998,0.978
3115,1527,19784494,0.96
3116,1092,7957371,1
3117,1092,14371691,0.976
3118,1092,11828715,0.975
3119,1092,11412509,0.984
3120,1092,8718431,0.999
3121,1092,8110268,0.999
3122,1092,14378905,0.944
3123,1117,14105587,0.966
3124,1092,11585937,0.989
3125,1500,23834897,0.858
3126,1092,16585843,0.983
3127,1166,5698032,0.993
3128,1092,9484527,1
3129,1092,14620317,0.976
3130,1092,7986757,0.998
3131,1092,11369078,0.992
3132,1098,13500360,0.953
3133,1092,7514840,0.999
3134,1822,21958563,0.964
3135,1092,10349045,0.991
3136,1092,9688817,0.992
3137,1092,11443090,0.955
3138,1530,27513228,0.749
3139,1092,10862259,0.986
3140,1092,8907399,0.999
3141,1447,22541411,0.915
3142,1092,10335145,0.998
3143,1364,19055731,0.932
3144,1092,12527029,0.981
3145,1092,11384301,0.961
3146,1610,22745478,0.955
3147,1500,24874624,0.848
3148,1244,14311879,0.978
3149,1092,15668929,0.922
3150,1092,9752851,0.989
3151,1646,19507974,0.975
3152,1092,13109633,0.97
3153,1225,13849715,0.994
3154,1829,23784205,0.986
3155,1092,12292388,0.974
3156,1329,18916689,0.977
3157,1092,13651757,0.953
3158,1937,24080619,0.992
3159,1317,20339635,0.897
3160,1092,16313111,0.904
3161,1624,22507091,0.87
3162,1379,19229769,0.953
3163,1092,8848800,1
3164,2153,33966093,0.848
3165,1092,8478741,0.997
3166,1500,17446460,0.974
3167,1092,12495361,0.993
3168,1092,10004798,0.983
3169,1092,9633293,0.994
3170,1092,15718612,0.943
3171,1166,10855898,0.994
3172,1092,16219551,0.921
3173,1092,12654700,0.99
3174,1092,14842641,0.939
3175,1092,14475202,0.973
3176,1092,12052455,0.982
3177,1092,11375544,0.953
3178,1092,8897385,0.999
3179,1590,11567210,0.998
3180,1160,13277026,0.938
3181,1121,15577881,0.957
3182,1092,10630101,0.992
3183,1166,13916192,0.968
3184,1092,12411544,0.966
3185,1358,16262372,0.967
3186,3346,47344742,0.966
3187,1092,11641991,0.991
3188,1092,13199017,0.972
3189,1092,8807061,0.996
3190,1092,11543382,0.991
3191,1092,13881482,0.967
3192,1092,9335940,0.993
3193,2260,25643834,0.998
3194,1092,9215068,0.993
3195,1092,8669379,1
3196,1092,15831773,0.884
3197,1092,14883700,0.972
3198,1105,14059705,0.938
3199,1314,19366427,0.888
3200,1092,14375945,0.936
3201,1092,10842938,0.991
3202,1092,9420955,0.998
3203,1500,13600606,0.993
3204,1267,18388345,0.943
3205,3970,56013809,0.962
3206,1092,13613616,0.971
3207,1092,10567525,0.999
3208,1500,13516949,0.978
3209,1092,8960574,0.998
3210,1092,8486989,0.996
3211,1092,8628517,0.998
3212,1092,14059366,0.946
3213,1092,15472820,0.953
3214,1092,17305078,0.917
3215,1092,10128620,0.98
3216,1092,10314740,0.992
3217,2689,39148468,0.947
3218,1092,9778526,0.995
3219,1357,11517504,0.983
3220,1166,15080905,0.966
3221,1092,15381845,0.953
3222,1092,13211250,0.914
3223,1092,9556494,1
3224,1092,11809984,1
3225,1092,13638797,0.99
3226,1408,12777604,0.986
3227,1092,14369716,0.991
3228,1092,7250038,0.999
3229,1092,9421481,0.998
3230,3045,45502271,0.922
3231,1092,9907358,0.992
3232,1542,23731253,0.943
3233,1092,14690125,0.974
3234,1500,10347785,0.996
3235,1461,19303426,0.933
3236,1092,14681116,0.967
3237,1092,14853825,0.974
3238,1092,11884229,0.984
3239,1092,14166176,0.894
3240,1092,14905879,0.961
3241,1328,9004651,0.978
3242,1092,15933187,0.959
3243,1134,11582460,0.999
3244,1597,20548047,0.983
3245,1092,15245582,0.972
3246,1092,15827518,0.975
3247,1092,14782628,0.952
3248,1400,12183962,0.997
3249,1092,13092224,0.978
3250,1092,9849254,0.999
3251,1092,12638088,0.979
3252,1539,18435485,0.911
3253,1092,20056690,0.926
3254,1092,14476899,0.943
3255,1092,12814740,0.97
3256,1092,12700730,0.969
3257,1092,10817143,0.994
3258,1477,11418464,0.999
3259,1692,25196694,0.88
3260,1660,20768502,0.953
3261,1092,11453936,0.995
3262,1310,16873823,0.964
3263,1500,25556610,0.938
3264,1316,17494195,0.981
3265,1092,7471701,0.998
3266,1470,22461557,0.907
3267,1092,10759987,0.962
3268,1396,15987305,0.99
3269,1166,13973872,0.973
3270,1092,5302505,1
3271,1349,14068187,0.986
3272,1092,13176543,0.967
3273,1092,7312406,0.999
3274,1092,13123416,0.984
3275,1092,9987984,0.986
3276,1092,15734345,0.942
3277,1158,10909157,0.986
3278,1666,23971770,0.972
3279,1092,7322516,0.999
3280,1500,21795996,0.952
3281,1667,28849586,0.913
3282,1092,10773713,0.998
3283,1092,15538806,0.857
3284,1092,10607595,0.966
3285,1092,11475366,0.981
3286,1092,15324729,0.928
3287,1092,8466139,0.998
3288,1577,13368077,0.999
3289,2666,39886679,0.908
3290,1092,35705299,0.982
3291,1092,8805399,0.992
3292,1992,21084922,0.978
3293,1456,13546365,0.993
3294,1500,14466031,0.995
3295,1092,12852425,0.987
3296,1092,9541461,0.998
3297,1666,25712883,0.887
3298,1092,13307485,0.99
3299,1092,12110004,0.994
3300,1481,16086378,0.989
3301,1092,9474758,0.994
3302,1092,8139462,0.997
3303,1500,21465244,0.901
3304,1092,12899850,0.963
3305,1092,9555764,0.995
3306,1552,18591004,0.991
3307,1594,23954209,0.826
3308,1544,23978837,0.934
3309,1092,8522390,1
3310,1092,6543279,0.999
3311,1092,11808861,0.98
3312,1500,25019466,0.834
3313,1500,16871603,0.975
3314,1092,14760758,0.944
3315,1092,15324142,0.961
3316,1092,12425549,0.946
3317,1092,11699238,0.993
3318,1092,13652141,0.982
3319,1262,16485402,0.962
3320,1092,12963256,0.976
3321,1117,13185770,0.991
3322,1977,31568557,0.869
3323,1818,24440926,0.944
3324,1092,8956694,0.998
3325,1092,13604264,0.988
3326,1092,15839783,0.963
3327,1092,11235225,0.993
3328,1180,16502160,0.943
3329,1092,12620349,0.988
3330,1092,14470421,0.988
3331,1092,14800342,0.973
3332,1092,9243472,0.998
3333,1522,25019548,0.792
3334,1092,11913425,0.986
3335,1092,10906095,0.987
3336,1092,12232696,0.986
3337,1092,14581052,0.917
3338,3332,70156955,0.862
3339,1092,11813699,0.968
3340,1092,12478629,0.965
3341,1092,16180526,0.92
3342,1092,9014389,0.99
3343,1092,8628910,0.998
3344,1125,12350985,0.968
3345,1092,14078216,0.919
3346,1092,9269915,0.992
3347,1092,7888180,0.998
3348,1092,11253999,0.991
3349,1092,12926976,0.982
3350,1466,17638498,0.974
3351,1467,13386992,0.991
3352,1092,14543965,0.95
3353,1263,16850748,0.752
3354,1092,12843073,0.973
3355,1092,9015216,0.998
3356,1092,10318686,0.993
3357,1092,14038631,0.962
3358,1144,13917198,0.975
3359,1092,8378191,0.998
3360,2279,32111126,0.959
3361,2114,29019521,0.965
3362,1092,8102566,0.997
3363,1092,6978537,0.999
3364,1092,13873754,0.987
3365,1647,20683917,0.99
3366,1092,15465238,0.908
3367,1092,15444134,0.947
3368,1092,10401177,0.994
3369,1166,18303810,0.907
3370,1092,9499575,0.991
3371,1092,9424779,0.989
3372,1500,16762417,0.96
3373,1414,16246934,0.982
3374,2364,36563162,0.944
3375,1487,16381146,0.986
3376,1092,10605799,0.989
3377,1166,14170900,0.95
3378,1169,11716369,0.994
3379,1593,18397538,0.987
3380,1092,9099331,1
3381,1620,12874794,0.997
3382,1092,10828325,0.995
3383,1092,14892791,0.984
3384,1092,9577271,0.999
3385,1092,8779438,0.998
3386,1092,8571205,0.995
3387,1092,11717100,0.99
3388,1092,14537249,0.966
3389,1092,14288996,0.988
3390,1365,20651072,0.796
3391,4181,31406532,0.996
3392,1092,17306964,0.711
3393,1647,22137821,0.979
3394,1092,12763052,0.975
3395,1500,22956509,0.911
3396,1282,12896885,0.988
3397,1500,19657849,0.955
3398,1092,13533318,0.983
3399,1500,20041671,0.877
3400,1092,6419224,1
3401,1246,14701624,0.981
3402,1092,9474326,0.999
3403,1358,14309879,0.997
3404,1092,13025209,0.973
3405,1092,10533287,0.988
3406,1092,6218206,0.998
3407,1092,8048611,0.999
3408,1092,7381437,0.992
3409,1092,9004819,0.983
3410,1191,13173723,0.961
3411,1092,9845071,0.997
3412,1229,13907047,0.991
3413,1092,8660520,0.998
3414,1500,15461744,0.974
3415,1092,16562977,0.92
3416,1286,15423636,0.962
3417,1092,9219598,0.997
3418,1092,12860462,0.984
3419,1698,21086044,0.982
3420,1092,11454282,0.964
3421,1166,16754148,0.907
3422,1565,21280641,0.894
3423,1092,9809850,0.999
3424,1092,9830000,0.998
3425,1092,10554435,0.994
3426,1092,9526728,0.995
3427,1500,18566155,0.927
3428,1521,22423995,0.927
3429,1600,20880238,0.983
3430,1092,6607585,0.991
3431,1092,14301906,0.962
3432,1092,10601085,0.983
3433,1092,10643294,0.982
3434,1092,16552995,0.921
3435,1092,7382576,0.996
3436,1092,14882454,0.959
3437,2000,28161687,0.89
3438,1092,7839831,0.998
3439,1092,14180775,0.972
3440,1352,14601917,0.96
3441,1604,24465632,0.937
3442,2000,22807188,0.99
3443,1299,18832192,0.876
3444,1092,10911276,0.982
3445,1092,10094814,0.993
3446,1500,18243327,0.977
3447,1092,9724487,0.987
3448,1344,10416724,0.997
3449,1569,16571508,0.994
3450,1092,15720140,0.823
3451,1092,12716510,0.989
3452,1092,11987940,0.984
3453,1092,13214651,0.969
3454,1092,14253106,0.986
3455,1115,8478266,0.993
3456,1390,14103721,0.989
3457,1092,8608378,0.999
3458,1092,12853398,0.971
3459,1462,20699612,0.91
3460,1185,15545725,0.923
3461,1092,9309293,0.998
3462,1092,11299509,0.995
3463,2000,24601211,0.973
3464,1092,13354066,0.876
3465,1092,8377264,0.994
3466,1092,14238882,0.957
3467,1092,15798174,0.952
3468,1092,10050015,0.997
3469,1120,13354021,0.985
3470,1092,7174355,0.999
3471,1166,15436066,0.978
3472,1092,12788399,0.96
3473,1500,21692581,0.917
3474,1092,14070000,0.961
3475,1092,4958247,1
3476,1092,13579230,0.98
3477,1092,13189761,0.99
3478,1092,9696097,0.999
3479,1092,13024065,0.996
3480,1092,7241949,0.996
3481,1092,6938024,0.999
3482,1092,16126812,0.965
3483,1092,15718342,0.954
3484,1224,14944819,0.98
3485,1092,11233954,0.98
3486,1092,12594767,0.993
3487,1092,13197274,0.924
3488,1092,11230420,0.976
3489,1092,11185816,0.984
3490,1092,14750327,0.989
3491,1125,26139757,0.976
3492,1092,10997514,0.991
3493,1092,18724249,0.921
3494,1092,12627129,0.994
3495,1500,20229892,0.944
3496,3188,52060693,0.872
3497,1615,19293907,0.989
3498,1500,23204452,0.919
3499,1215,13022012,0.992
3500,1092,14600510,0.976
3501,1092,13992111,0.977
3502,1542,26168626,0.911
3503,1317,20221879,0.953
3504,1344,20641445,0.982
3505,1594,17545489,0.988
3506,1500,22881455,0.962
3507,1092,9754429,0.991
3508,1236,10301553,0.998
3509,1092,10120759,0.993
3510,1092,9294039,1
3511,1092,18939217,0.933
3512,1092,20208851,0.989
3513,1902,29354565,0.97
3514,1092,11288961,0.991
3515,1092,18027635,0.942
3516,3569,52381543,0.987
3517,1092,7350925,0.998
3518,1240,9163105,0.995
3519,4040,75758957,0.928
3520,1092,9455834,0.999
3521,1092,15442534,0.994
3522,1092,14144646,0.952
3523,1092,12066504,0.983
3524,1092,8887809,0.991
3525,1092,20737301,0.957
3526,1897,36172428,0.839
3527,1500,23842455,0.978
3528,1934,28611874,0.986
3529,1092,9581469,0.998
3530,1092,15224681,0.963
3531,1092,16337467,0.989
3532,1092,11164247,0.984
3533,1639,29073769,0.935
3534,1092,13037965,0.997
3535,1092,13077786,0.993
3536,1351,21276778,0.98
3537,1092,13961379,0.983
3538,1092,12452720,0.998
3539,2000,39768636,0.973
3540,1092,20443684,0.942
3541,1092,15143613,0.986
3542,1092,9473885,0.991
3543,1290,18453613,0.985
3544,1338,16616130,0.992
3545,2000,33720780,0.982
3546,1092,19518499,0.937
3547,1092,11704269,0.993
3548,1092,11580604,1
3549,1092,17460402,0.966
3550,1092,9584496,1
3551,1092,16148426,0.958
3552,1092,8502264,0.998
3553,1500,18124447,0.991
3554,1092,17069071,0.966
3555,1092,13183188,0.997
3556,1092,8516880,0.999
3557,1750,34631377,0.923
3558,1570,28960470,0.949
3559,1092,13514731,0.988
3560,1092,17729177,0.95
3561,1092,12130353,0.996
3562,1166,19088636,0.969
3563,1092,12646392,0.997
3564,1092,7910620,0.998
3565,1092,14198905,0.975
3566,1092,15390410,0.972
3567,2558,43193106,0.947
3568,1092,19681599,0.915
3569,1092,22031354,0.973
3570,1295,13292951,0.997
3571,1092,9313286,0.996
3572,1092,14144318,0.987
3573,1500,22712728,0.981
3574,1111,13155602,0.994
3575,1092,17463142,0.881
3576,1092,10721885,0.997
3577,1612,28758510,0.965
3578,1092,13278547,0.99
3579,1092,13405402,0.99
3580,1092,12210639,0.99
3581,1092,12116594,0.984
3582,1092,17285411,0.952
3583,1650,27148655,0.977
3584,1500,23365666,0.972
3585,1092,11623753,0.99
3586,1186,21353356,0.988
3587,1092,12630150,0.984
3588,1092,16669845,0.993
3589,1770,23126461,0.98
3590,1909,32045920,0.929
3591,1638,14174360,0.992
3592,1092,18224906,0.971
3593,4648,68240703,0.979
3594,1180,16502307,0.985
3595,1092,15113219,0.965
3596,1092,9735305,0.996
3597,1092,15393962,0.978
3598,1174,25753139,0.967
3599,1092,7233423,1
3600,1092,15938254,0.984
3601,1092,9941390,0.999
3602,1309,18492424,0.982
3603,1092,16537352,0.946
3604,1316,23062433,0.953
3605,1092,14974452,0.983
3606,1205,14794053,0.978
3607,2738,52163902,0.878
3608,1092,12526785,0.994
3609,1092,15542711,0.98
3610,1792,36949641,0.85
3611,1166,17679269,0.978
3612,1092,17868412,0.989
3613,1092,14875776,0.982
3614,1092,14804915,0.993
3615,1092,17049084,0.943
3616,1857,37716606,0.882
3617,1092,12139689,0.999
3618,1092,8941885,0.999
3619,1092,12193098,0.997
3620,1092,12550122,0.991
3621,1256,16162005,0.985
3622,1092,11213110,0.997
3623,1092,12291873,0.993
3624,1138,17978054,0.976
3625,1166,16508514,0.991
3626,1092,12825752,0.995
3627,1322,11889920,1
3628,1092,16065517,0.968
3629,1646,27570465,0.977
3630,1092,11572813,0.97
3631,1092,9806588,0.991
3632,1092,21127830,0.941
3633,1092,15801974,0.977
3634,1522,25847907,0.97
3635,1331,23292320,0.906
3636,1092,14473348,0.964
3637,3450,67662331,0.966
3638,1437,27430100,0.938
3639,1092,16169197,0.976
3640,1092,13807238,0.99
3641,1092,13665345,0.977
3642,1500,28604493,0.94
3643,1513,29219105,0.919
3644,1144,6735205,1
3645,1092,13386753,0.991
3646,1092,10753066,0.996
3647,1092,15910671,0.984
3648,1209,17596415,0.995
3649,1522,30232948,0.934
3650,1632,25201818,0.967
3651,1092,14401633,0.987
3652,1092,13401282,0.995
3653,1986,27244651,0.988
3654,1092,10603068,0.998
3655,1092,13938362,0.995
3656,1092,14380229,0.944
3657,1324,20433104,0.996
3658,1092,11616535,0.993
3659,1092,15366332,0.988
3660,1092,16809417,0.967
3661,1092,15496023,0.974
3662,1153,9647451,0.994
3663,1092,9028338,0.998
3664,1092,21523922,0.937
3665,1166,21412685,0.873
3666,1092,19751741,0.988
3667,1531,30640859,0.945
3668,1643,19196309,0.995
3669,1118,18926804,0.978
3670,1092,12310401,0.992
3671,1092,12157580,0.993
3672,1092,11872632,0.999
3673,1092,11003276,0.997
3674,1092,13472040,0.995
3675,2666,48515201,0.907
3676,1765,32973811,0.88
3677,3923,62337163,0.991
3678,1231,12240571,0.993
3679,1108,16900242,0.943
3680,1577,16601998,0.998
3681,1833,32551992,0.95
3682,3150,73599166,0.922
3683,1092,20553440,0.896
3684,1092,8996416,0.999
3685,1092,11827357,0.983
3686,1092,15832508,0.991
3687,1092,19407985,0.926
3688,1121,16093630,0.989
3689,1092,18137280,0.965
3690,1092,17048574,0.99
3691,1092,13108756,0.998
3692,1984,44817627,0.826
3693,1092,17377339,0.985
3694,4486,70042667,0.987
3695,1092,12791807,0.994
3696,1092,17935893,0.961
3697,1092,19652719,0.959
3698,1092,16649455,0.988
3699,1092,16005444,0.989
3700,1092,12608122,0.997
3701,1092,14383665,0.991
3702,1204,12296179,0.996
3703,1500,29443591,0.942
3704,1092,18518807,0.924
3705,1628,27610994,0.946
3706,1092,16350723,0.985
3707,1092,15624479,0.995
3708,1092,15024154,0.999
3709,1092,18502314,0.959
3710,1242,18616617,0.963
3711,1092,13486185,0.999
3712,1092,16017872,0.982
3713,1969,35293417,0.977
3714,1092,15769861,0.993
3715,1092,7800114,0.996
3716,1092,26594843,0.856
3717,1898,31530033,0.885
3718,1538,26779566,0.957
3719,1092,18323922,0.967
3720,1515,27937101,0.985
3721,1533,31467609,0.861
3722,1166,21795676,0.954
3723,1613,23072285,0.993
3724,1092,12990882,0.99
3725,1099,13521942,0.991
3726,1092,9783059,0.996
3727,1500,31248106,0.964
3728,1092,16207701,0.979
3729,1092,18149090,0.94
3730,1092,22317137,0.906
3731,1162,17612060,0.978
3732,1092,16793305,0.986
3733,1474,28496924,0.967
3734,1112,13813881,0.997
3735,1092,13883010,1
3736,1092,22582351,0.962
3737,1092,15598847,0.977
3738,2975,43363767,0.998
3739,1500,28791187,0.936
3740,1654,32358190,0.929
3741,1092,20774996,0.957
3742,4309,76064313,0.97
3743,1092,14583500,0.993
3744,1556,30171363,0.951
3745,1660,37006555,0.915
3746,1092,24239537,0.909
3747,1500,26292885,0.809
3748,1092,21381056,0.98
3749,1092,17321771,0.935
3750,1092,13463459,0.993
3751,1953,32204691,0.933
3752,1092,19280760,0.962
3753,1092,15622899,0.988
3754,1092,23729731,0.922
3755,1118,23533493,0.929
3756,1092,12396523,0.997
3757,1092,20208435,0.967
3758,1092,19009688,0.989
3759,1092,26251841,0.908
3760,1092,14682309,0.979
3761,2704,60957018,0.923
3762,3150,68720351,0.907
3763,1092,16361042,0.989
3764,1092,22884284,0.68
3765,1092,13300453,0.989
3766,1092,20056097,0.991
3767,1092,13295988,0.995
3768,1646,35698849,0.882
3769,1166,20519800,0.959
3770,1092,12634915,0.991
3771,1092,15324031,0.997
3772,3019,27793558,0.999
3773,1126,14060047,0.999
3774,1474,26624323,0.962
3775,2500,46196044,0.97
3776,1092,10870828,0.978
3777,1092,17006080,0.958
3778,1278,26126947,0.924
3779,2000,51310924,0.854
3780,1500,18087244,0.943
3781,1092,18975296,0.986
3782,1529,26193937,0.974
3783,1452,19089557,0.998
3784,2731,56275390,0.912
3785,1092,14742352,0.985
3786,1092,13798767,0.995
3787,1166,16881798,0.99
3788,1092,20472263,0.941
3789,1092,20718829,0.963
3790,1666,31989446,0.891
3791,1092,17314622,0.996
3792,1092,15783057,0.976
3793,1092,15555002,0.961
3794,1092,11518397,0.994
3795,1092,20927371,0.933
3796,1092,12521495,0.998
3797,1092,16381300,0.984
3798,1092,17012706,0.951
3799,1092,17179843,0.958
3800,1166,19347709,0.994
3801,1092,14712529,0.987
3802,1164,13769707,0.997
3803,3375,73307166,0.942
3804,1666,26438946,0.957
3805,1092,18878973,0.992
3806,1092,14125501,0.998
3807,1092,23410305,0.968
3808,1191,15501712,0.996
3809,1166,24345674,0.95
3810,1092,22501481,0.972
3811,1092,19854692,0.984
3812,1538,16982278,0.989
3813,1092,18159607,0.987
3814,1648,33115349,0.947
3815,1092,12173478,0.997
3816,1092,18242433,0.98
3817,1375,28859962,0.976
3818,1092,12461495,0.998
3819,1092,10568904,0.998
3820,1092,14971059,0.994
3821,1092,19643883,0.991
3822,1166,21997335,0.98
3823,1500,19144239,0.98
3824,1092,12904421,0.996
3825,1237,21992710,0.953
3826,1092,16714291,0.97
3827,1092,16252263,0.987
3828,1663,38733283,0.93
3829,1092,17140912,0.965
3830,1092,21337022,0.935
3831,1092,16860567,0.981
3832,1166,18343597,0.978
3833,1092,16184107,0.981
3834,1092,19420717,0.977
3835,2000,25900038,0.984
3836,1648,32140890,0.903
3837,1092,21052982,0.958
3838,1092,25356055,0.88
3839,1644,27851273,0.973
3840,1092,25150967,0.922
3841,1166,18730136,0.992
3842,1092,20701521,0.968
3843,1092,13358520,0.999
3844,1833,29878671,0.996
3845,1092,17423174,0.977
3846,1092,13503596,0.997
3847,1092,16014448,0.993
3848,2120,49186025,0.867
3849,1166,28890659,0.842
3850,1621,22157097,0.979
3851,1517,28375859,0.978
3852,1092,18764152,0.983
3853,1092,13892795,0.984
3854,1500,38664619,0.926
3855,1092,19128285,0.979
3856,1092,15271621,0.968
3857,1092,21604681,0.952
3858,1232,12885495,0.98
3859,1092,17662414,0.987
3860,1092,14341662,0.995
3861,1272,25639252,0.966
3862,1241,27306411,0.942
3863,1092,13373655,1
3864,1561,31380530,0.96
3865,1092,18814451,0.95
3866,1092,13570351,0.994
3867,1166,22642967,0.966
3868,1572,35958944,0.929
3869,1092,25724770,0.915
3870,1092,14382331,0.996
3871,3045,69298117,0.881
3872,1467,27539078,0.871
3873,2072,44213536,0.96
3874,1092,25398777,0.929
3875,1092,12588326,0.996
3876,1092,22431028,0.962
3877,1130,26919905,0.802
3878,1092,13617295,0.998
3879,1500,41015251,0.81
3880,1500,37282602,0.944
3881,1092,18454385,0.979
3882,1500,21185767,1
3883,1092,25269315,0.897
3884,1092,21536433,0.995
3885,1666,22940428,0.976
3886,1092,13175143,0.995
3887,1586,20692058,0.978
3888,1909,42804264,0.862
3889,1500,34290947,0.867
3890,1092,17817666,0.991
3891,1092,23144076,0.898
3892,1092,25165924,0.976
3893,1092,12063371,0.998
3894,1092,12510172,0.996
3895,1092,18001131,0.974
3896,1092,18979959,0.981
3897,1092,17860325,0.997
3898,1092,16575972,0.988
3899,1596,36136029,0.969
3900,1092,14838123,0.994
3901,1166,21305851,0.981
3902,1092,18025551,0.985
3903,1092,12156643,0.998
3904,1092,19925869,0.977
3905,1092,26403615,0.909
3906,1092,11530279,0.999
3907,1092,13344507,0.997
3908,1213,28277345,0.833
3909,1092,24062366,0.966
3910,1092,14310791,1
3911,1092,11849149,0.998
3912,1092,18274879,0.991
3913,1092,16392224,0.997
3914,1092,20700775,0.971
3915,1092,18412224,0.989
3916,1092,14433664,0.997
3917,1166,25310568,0.967
3918,1092,17687590,0.994
3919,1092,17452803,0.969
3920,1092,13827453,1
3921,1616,29993895,0.936
3922,1092,23600416,0.951
3923,1092,14355687,0.996
3924,1092,28647086,0.907
3925,1576,28927062,0.966
3926,1092,20141705,0.939
3927,2000,30436595,0.995
3928,1500,37338992,0.856
3929,1833,38769119,0.991
3930,1092,22988651,0.972
3931,1092,23235486,0.96
3932,1092,15672074,0.953
3933,1092,22424031,0.983
3934,1576,26672563,0.981
3935,1092,18636297,0.958
3936,1092,19528333,0.982
3937,1092,15164266,0.995
3938,1238,29818890,0.959
3939,1092,18481742,0.988
3940,1092,16240609,0.967
3941,1092,13392232,0.996
3942,1201,17552144,0.993
3943,1132,21883484,0.919
3944,1092,23769220,0.952
3945,1092,23536084,0.976
3946,1092,20954992,0.928
3947,1092,21081657,0.945
3948,1092,16933472,0.987
3949,1666,32583853,0.979
3950,1092,20324548,0.981
3951,1092,19995317,0.965
3952,1092,8209674,1
3953,1409,13213763,1
3954,1092,17037993,0.995
3955,1092,20902944,0.959
3956,1666,43104903,0.87
3957,1092,19453882,0.986
3958,1092,22599373,0.961
3959,1092,25880791,0.96
3960,1166,27331161,0.851
3961,1092,20777006,0.955
3962,1092,22986849,0.965
3963,1092,24342350,0.838
3964,1092,19987410,0.987
3965,1092,8390409,0.999
3966,1253,29259763,0.988
3967,1754,28596369,0.987
3968,1092,20874134,0.995
3969,1092,14770802,0.987
3970,1092,13503010,0.996
3971,1244,27478170,0.963
3972,1092,12141258,1
3973,1092,21001672,0.985
3974,1092,10730143,0.999
3975,4829,93484215,0.954
3976,1092,22192125,0.958
3977,1092,20474923,0.969
3978,2000,43296058,0.96
3979,1500,22940527,0.952
3980,1093,21885573,0.872
3981,1092,14303658,0.988
3982,1092,18281116,0.951
3983,2049,39052122,0.973
3984,1397,25075843,0.99
3985,1535,29091274,0.985
3986,1092,26623561,0.867
3987,1092,19464176,0.985
3988,1092,17815550,0.983
3989,1554,34256955,0.976
3990,1268,22518384,0.973
3991,1273,25227918,0.972
3992,2000,28419475,0.995
3993,1092,19174694,0.987
3994,1833,34824903,0.976
3995,1092,15270919,0.998
3996,1403,23543886,0.961
3997,1500,20592808,0.966
3998,1272,14688576,0.992
3999,1092,19664117,0.983
4000,1092,12161178,1
4001,1092,15808356,0.998
4002,1092,13296903,0.997
4003,1092,25310391,0.926
4004,1505,33869834,0.95
4005,1296,17870388,0.997
4006,1092,14815561,0.999
4007,1092,18462293,0.995
4008,1111,16162357,0.991
4009,1254,19212543,0.999
4010,1092,15245714,0.998
4011,1374,31282944,0.953
4012,1092,18340156,0.992
4013,3354,84894371,0.879
4014,1500,26595240,0.99
4015,1092,13121187,1
4016,1272,23042748,0.985
4017,1405,22102473,0.972
4018,1500,27439002,0.972
4019,1092,17945005,0.962
4020,1092,20794392,0.927
4021,1092,14601612,0.991
4022,1092,20827976,0.976
4023,1685,43449069,0.908
4024,1092,15820817,0.979
4025,1092,17007627,0.973
4026,4467,102233613,0.995
4027,1833,39235191,0.905
4028,1092,20871957,0.978
4029,1841,47070106,0.92
4030,1500,35129882,0.957
4031,1092,23942888,0.93
4032,3688,68856081,0.986
4033,1092,13050655,0.998
4034,1325,24812310,0.98
4035,1092,22701753,0.967
4036,1402,26768831,0.993
4037,1092,13257934,0.999
4038,1459,31781847,0.956
4039,1092,14407907,0.99
4040,3748,91768436,0.945
4041,1129,25966104,0.963
4042,1164,22237843,0.987
4043,1092,17479643,0.998
4044,1521,39599121,0.859
4045,2000,52083825,0.936
4046,1092,19477988,0.977
4047,1092,29016939,0.843
4048,1092,14724107,0.988
4049,1092,25643399,0.957
4050,1092,16213153,0.997
4051,1092,19691789,0.986
4052,1092,23187402,0.986
4053,1092,13882792,0.999
4054,1092,12292572,0.998
4055,1092,18751647,0.99
4056,1500,28575252,0.978
4057,1092,17387343,0.999
4058,1092,23081997,0.982
4059,1092,23949660,0.937
4060,1617,35654891,0.96
4061,1524,34485401,0.926
4062,1092,12066033,0.998
4063,1092,14954328,0.999
4064,1844,27194426,0.983
4065,1092,22244114,0.974
4066,1563,28602837,0.951
4067,1092,25643284,0.966
4068,1092,20900764,0.948
4069,1329,21284330,1
4070,1145,16895241,0.982
4071,1092,29857862,0.906
4072,1092,15478934,0.989
4073,1092,15459057,0.99
4074,1092,18269254,0.989
4075,2085,62099844,0.848
4076,1092,19094625,0.994
4077,1092,17888186,0.988
4078,1092,21994757,0.967
4079,1364,28439082,0.959
4080,1092,20568650,0.982
4081,2000,38944593,0.951
4082,1115,23643904,0.971
4083,1092,21696969,0.976
4084,1518,31525475,0.964
4085,1092,16921629,0.976
4086,1166,25716423,0.917
4087,1584,27006336,0.986
4088,1092,19986530,0.989
4089,1092,18493376,0.997
4090,2164,54278755,0.864
4091,1920,53689888,0.871
4092,1092,20763190,0.986
4093,2833,66730298,0.949
4094,1092,27983790,0.936
4095,1092,20971961,0.972
4096,1500,38939701,0.866
4097,1166,22899554,0.973
4098,1092,23666096,0.93
4099,1092,13234850,1
4100,1092,20307446,0.986
4101,1166,28494574,0.953
4102,1092,21373938,0.984
4103,1740,43655399,0.943
4104,1612,29450877,0.965
4105,1092,21998796,0.981
4106,1092,16563756,0.991
4107,1092,21629193,0.985
4108,1092,17470087,0.994
4109,1166,25181696,0.993
4110,1092,20087129,0.99
4111,3045,84713103,0.932
4112,1092,12335418,1
4113,1643,41657550,0.955
4114,1092,16299487,0.987
4115,1166,17402110,0.966
4116,1092,24692616,0.959
4117,1435,34561725,0.943
4118,1642,30383908,0.969
4119,1092,15060486,0.998
4120,1092,17255019,0.991
4121,1092,23344949,0.947
4122,1092,17821728,0.995
4123,1092,23721853,0.962
4124,1092,18843253,0.973
4125,1092,18257286,0.983
4126,1092,24665787,0.973
4127,1467,31223478,0.985
4128,1092,14083231,0.978
4129,1108,28996635,0.888
4130,4194,90564457,0.993
4131,1166,22248354,0.988
4132,1092,17623298,0.99
4133,1092,16073308,0.997
4134,1092,18608230,0.993
4135,1092,23435365,0.976
4136,1092,26762062,0.909
4137,3071,83478834,0.905
4138,1092,16827865,0.999
4139,1092,16751132,0.987
4140,1423,34408441,0.905
4141,1092,21687926,0.991
4142,1166,20662314,0.987
4143,1498,34959353,0.985
4144,1354,27683876,0.986
4145,1833,23950969,0.989
4146,1500,22542628,0.974
4147,1588,38748130,0.912
4148,1092,19840992,0.975
4149,1092,24241359,0.945
4150,1092,19235427,0.973
4151,3094,86572704,0.904
4152,1092,15991420,0.992
4153,1092,25288543,0.956
4154,1092,20836362,0.993
4155,1901,47218491,0.881
4156,1092,28113020,0.925
4157,1529,30054757,0.977
4158,1092,26756376,0.891
4159,1092,12374945,0.999
4160,1500,29651898,0.989
4161,1699,29004157,0.988
4162,1424,29367761,0.967
4163,1092,21446067,0.95
4164,2023,44158447,0.977
4165,1092,20223848,0.987
4166,1092,18413910,0.998
4167,1092,23743758,0.952
4168,1092,15282746,0.999
4169,1092,16516154,0.991
4170,2037,41152135,0.989
4171,1132,21330028,0.99
4172,1092,13406051,0.996
4173,1092,16384400,0.994
4174,1092,21147282,0.943
4175,1092,22588938,0.947
4176,1092,18572091,0.997
4177,1120,19488369,0.993
4178,1092,18016659,0.992
4179,1092,28123316,0.917
4180,1092,20146101,0.984
4181,1092,21789489,0.98
4182,1092,18390012,0.987
4183,1092,16980241,0.948
4184,1546,37293118,0.945
4185,1092,20971160,0.976
4186,4513,83711855,0.989
4187,1092,24049972,0.96
4188,1182,36835002,0.893
4189,2000,38987429,0.995
4190,1543,32741670,0.97
4191,1092,16907750,0.98
4192,1308,26506617,0.986
4193,1541,40808891,0.91
4194,1092,9225941,1
4195,1092,20490051,0.985
4196,1092,17068937,0.998
4197,1092,27183308,0.887
4198,1320,24673204,0.973
4199,1501,35228171,0.982
4200,4154,77747708,0.977
4201,1500,24522735,0.997
4202,1957,46980849,0.946
4203,1092,20067528,0.97
4204,1712,39131366,0.963
4205,1092,22665185,0.954
4206,1500,40879717,0.919
4207,1092,21804392,0.985
4208,1092,24553382,0.968
4209,1666,35832930,0.982
4210,1454,30614084,0.959
4211,1092,11398022,0.995
4212,1466,27821941,0.98
4213,1686,32038903,0.992
4214,1092,15496817,0.99
4215,1293,26157765,0.959
4216,1092,19153746,0.937
4217,2000,46438674,0.933
4218,1092,19879361,0.99
4219,1830,34336724,0.98
4220,1092,25106166,0.969
4221,1092,13120431,0.998
4222,1092,20197718,0.977
4223,1092,21140895,0.984
4224,1092,15589507,1
4225,1634,33098589,0.994
4226,1092,21650265,0.973
4227,1092,22944892,0.962
4228,1092,23713956,0.957
4229,1092,20240871,0.979
4230,1092,15883435,0.996
4231,1092,11036757,0.994
4232,1364,28477497,0.989
4233,1092,16578343,0.99
4234,1092,30636878,0.855
4235,1178,24980226,0.908
4236,1186,27609950,0.91
4237,1092,19961601,0.976
4238,1426,26311445,0.989
4239,1433,28666147,0.973
4240,1567,39461175,0.882
4241,3908,96444279,0.949
4242,1147,21658185,0.981
4243,1182,20936427,0.954
4244,1092,17398458,0.992
4245,1092,14760482,0.994
4246,1157,25325683,0.977
4247,1500,38379484,0.872
4248,1092,13830667,1
4249,1535,31840068,0.886
4250,1092,14172305,0.994
4251,1555,28192623,0.895
4252,1092,21174570,0.983
4253,1092,16816244,0.991
4254,1092,29569998,0.932
4255,1092,33348497,0.716
4256,1166,21963542,0.976
4257,1500,41343230,0.89
4258,1092,15990486,0.993
4259,1332,19467044,0.997
4260,1092,22837151,0.985
4261,1092,17812595,0.984
4262,1092,23970737,0.972
4263,1092,14733720,0.994
4264,1092,22505987,0.973
4265,1092,20714022,0.992
4266,1443,35029176,0.962
4267,1349,34534201,0.923
4268,1092,12170470,1
4269,1092,14819893,0.997
4270,1092,29570126,0.921
4271,2499,56446940,0.986
4272,1092,28770001,0.974
4273,1433,35238684,0.953
4274,1092,12222309,0.999
4275,1092,16740591,0.989
4276,1092,23759294,0.905
4277,1092,23476170,0.94
4278,1092,27045464,0.964
4279,1092,12908122,0.997
4280,1092,17124733,0.988
4281,1255,17591345,0.979
4282,1599,40313440,0.94
4283,1092,22660056,0.945
4284,1092,17466968,0.997
4285,1092,17816740,0.989
4286,3094,86288626,0.892
4287,1191,27076036,0.868
4288,1517,43517590,0.905
4289,1092,23320774,0.955
4290,1372,31437450,0.914
4291,3749,96384872,0.849
4292,1098,20938523,0.954
4293,1346,28418073,0.971
4294,1522,35995516,0.932
4295,1166,26705916,0.925
4296,1502,35826287,0.934
4297,1539,34827797,0.965
4298,1092,23544926,0.979
4299,1092,19381538,0.994
4300,1092,21031672,0.994
4301,1166,19765482,0.996
4302,4694,104457387,0.967
4303,1092,23072521,0.98
4304,1092,15892630,0.972
4305,3328,68918838,0.988
4306,1298,32822841,0.828
4307,1656,31087039,0.975
4308,1092,21823895,0.968
4309,1092,25051823,0.934
4310,1092,20258833,0.996
4311,1092,17215366,0.985
4312,1092,14428661,0.998
4313,1092,20644937,0.977
4314,3207,54161466,0.991
4315,1208,17698281,0.987
4316,1092,19604086,0.998
4317,1092,23601573,0.915
4318,1092,15445786,0.99
4319,1092,12949622,0.984
4320,1753,35571300,0.987
4321,1092,16123165,0.993
4322,1092,17920765,0.983
4323,1092,27450296,0.97
4324,1092,16177902,0.999
4325,2000,39936184,0.936
4326,1427,28220881,0.989
4327,1505,26029388,0.993
4328,1092,18607576,0.981
4329,4667,90130032,0.978
4330,1123,22306199,0.896
4331,1666,40748098,0.949
4332,1092,21079655,0.972
4333,1092,22110801,0.965
4334,1092,19849063,0.95
4335,1092,17860980,0.993
4336,1092,17264424,0.99
4337,1092,24240000,0.951
4338,1324,28373920,0.982
4339,1114,24077460,0.948
4340,1245,21766512,0.988
4341,1092,20507445,0.902
4342,1092,17103593,0.969
4343,1092,14143563,0.996
4344,1092,33654063,0.967
4345,1092,16447201,0.997
4346,1092,19703418,0.972
4347,1092,10109162,0.999
4348,1348,21332890,0.995
4349,1152,11911103,0.997
4350,1092,20067693,0.977
4351,1388,21331023,0.996
4352,1134,25730275,0.929
4353,1092,24819322,0.938
4354,1373,21727406,0.993
4355,1092,22513458,0.902
4356,1202,26751975,0.944
4357,1092,30041956,0.962
4358,1092,17591221,0.995
4359,1140,20104897,0.977
4360,1316,15735547,0.998
4361,1642,31716785,0.973
4362,1092,21773991,0.997
4363,1798,45654917,0.932
4364,1092,23263641,0.92
4365,1092,12400287,0.998
4366,1092,11705709,0.997
4367,1092,23787182,0.973
4368,1533,31039187,0.975
4369,1092,16562279,0.997
4370,1092,24612509,0.977
4371,1092,9699978,1
4372,1092,13109424,0.991
4373,1092,16482211,0.987
4374,1092,27185555,0.771
4375,1092,11455191,0.999
4376,1092,12154665,0.995
4377,1271,30574244,0.958
4378,1092,17074966,0.97
4379,1092,23299806,0.985
4380,1092,23996062,0.975
4381,1092,21109276,0.984
4382,1547,16808898,0.995
4383,1092,19093106,0.97
4384,1092,23307617,0.963
4385,1092,14886885,0.991
4386,1092,14016678,1
4387,1092,12358075,0.999
4388,1092,21211601,0.938
4389,1589,27472717,0.963
4390,1166,21109659,0.978
4391,1663,40881313,0.922
4392,1200,20488370,0.983
4393,1092,15375801,0.996
4394,2666,50726184,0.922
4395,1444,27946886,0.988
4396,1500,20054657,1
4397,1092,15946943,0.998
4398,1166,25611186,0.975
4399,1092,18899203,0.988
4400,1092,14244068,0.992
4401,1307,34189192,0.725
4402,1166,23594935,0.98
4403,1423,24143978,0.994
4404,1092,27389244,0.909
4405,1092,13397254,0.99
4406,1609,20667795,0.989
4407,1322,24061636,0.969
4408,1341,25726162,0.937
4409,1500,34339319,0.824
4410,1092,24146905,0.93
4411,1092,19270699,0.994
4412,1234,25834452,0.919
4413,1092,14762563,0.976
4414,1092,25118666,0.862
4415,1092,21623777,0.947
4416,1092,21180220,0.995
4417,1114,20330017,0.96
4418,1503,31058248,0.925
4419,1227,19361595,0.997
4420,1092,13329572,0.997
4421,1183,12351493,0.999
4422,1092,20409728,0.973
4423,1092,16904653,0.98
4424,1092,24368487,0.961
4425,1221,17892037,0.994
4426,1776,43555527,0.896
4427,1340,30210880,0.948
4428,1092,18964005,0.971
4429,1470,30142524,0.98
4430,1092,15624991,0.993
4431,1092,22521969,0.975
4432,1092,14198878,0.994
4433,1092,19795250,0.984
4434,1092,17784680,0.973
4435,1092,13806274,0.995
4436,1092,14654945,0.985
4437,1500,34887202,0.962
4438,1092,24926272,0.812
4439,1546,28975869,0.988
4440,3399,85726111,0.944
4441,1092,24974371,0.948
4442,1092,19666471,0.988
4443,2147,42950576,0.982
4444,1092,19944531,0.963
4445,1092,17031362,0.996
4446,1092,18977932,0.967
4447,1092,25390890,0.913
4448,1092,22011657,0.993
4449,1092,14824558,0.988
4450,1092,13501355,0.986
4451,1697,34770038,0.906
4452,1092,19353567,0.944
4453,1780,34474531,0.985
4454,1092,15368253,0.997
4455,1092,26184310,0.979
4456,1092,17790497,0.995
4457,1092,14085391,0.981
4458,1315,26880561,0.988
4459,1146,12374905,0.993
4460,1092,19328980,0.999
4461,1580,26204517,0.992
4462,1092,20904669,0.968
4463,1092,14092990,0.999
4464,1092,14165043,0.998
4465,1199,18033707,0.994
4466,1092,16937370,0.983
4467,1092,22214185,0.952
4468,1092,16938746,0.981
4469,1108,10109261,1
4470,1500,24693805,0.967
4471,1092,23573071,0.985
4472,1128,14050291,0.997
4473,1092,18325839,0.972
4474,1092,16184725,1
4475,1092,13065319,0.995
4476,1323,21751687,0.996
4477,1092,19789305,0.951
4478,1092,17968689,0.978
4479,1302,27564337,0.963
4480,1092,20492915,0.979
4481,3071,68416890,0.859
4482,1500,26106001,0.989
4483,1186,28143741,0.869
4484,1094,36088766,0.988
4485,1092,15907914,0.994
4486,1092,23787238,0.978
4487,1092,16084893,0.996
4488,1092,16861176,0.996
4489,1833,35122993,0.989
4490,1092,16851380,0.989
4491,1092,21023490,0.988
4492,1092,21275229,0.942
4493,1092,18006894,0.984
4494,1092,29010491,0.847
4495,1092,17681522,0.994
4496,1166,27579735,0.852
4497,1092,15063076,0.974
4498,1715,39438308,0.8
4499,1092,14601114,0.995
4500,1092,18663685,0.892
4501,1322,18593674,0.996
4502,1092,16823536,0.993
4503,1566,30901191,0.958
4504,1395,22997050,0.984
4505,1500,26244569,0.959
4506,1202,15408678,0.997
4507,1092,19934693,0.981
4508,1092,17927811,0.991
4509,1508,28658028,0.967
4510,1092,21500941,0.946
4511,1092,18374787,0.918
4512,1092,24453762,0.752
4513,1300,30980937,0.997
4514,1092,21322392,0.978
4515,1092,16397441,0.993
4516,1541,29274650,0.962
4517,1092,14751500,0.998
4518,1199,20679809,0.97
4519,1092,15519825,0.99
4520,1092,12734169,0.996
4521,3698,81337299,0.924
4522,1092,13778559,0.992
4523,1092,10763099,0.957
4524,2126,38190877,0.987
4525,3450,73327898,0.923
4526,1092,15954742,0.995
4527,2000,32326541,0.996
4528,1092,14754478,0.993
4529,1543,32158350,0.93
4530,1770,38061427,0.925
4531,1092,15081234,0.993
4532,1102,36382100,0.994
4533,1326,28231245,0.894
4534,1092,11183605,0.99
4535,1092,15150341,0.991
4536,1092,17948631,0.947
4537,1092,15309967,0.994
4538,1101,23813424,0.953
4539,2833,53003398,0.975
4540,1092,10784489,0.983
4541,1092,14350488,0.998
4542,1092,13813552,0.998
4543,1092,22208798,0.935
4544,1092,19113844,0.961
4545,1092,15807217,0.993
4546,1092,15394028,0.993
4547,1092,18746768,0.979
4548,1092,22556635,0.907
4549,1092,13785273,0.984
4550,1119,17711405,0.983
4551,1294,18801779,0.986
4552,1166,22774214,0.945
4553,1166,23691100,0.935
4554,1387,20271601,0.973
4555,1092,10419054,0.999
4556,1092,15101578,0.981
4557,1500,18973763,0.984
4558,1166,24772514,0.892
4559,1092,20233205,0.981
4560,1500,29298692,0.915
4561,1092,19544495,0.985
4562,4938,101531740,0.96
4563,1641,31311088,0.971
4564,1092,16855288,0.984
4565,4404,100604967,0.854
4566,1092,20236743,0.973
4567,1377,20566847,0.988
4568,1500,30565760,0.955
4569,1092,13713833,0.994
4570,1092,20356847,0.947
4571,1092,15975583,0.956
4572,1092,9072226,0.999
4573,1166,18714710,0.981
4574,1319,26197669,0.938
4575,1507,16616602,0.996
4576,1092,15790931,0.997
4577,1092,10162028,0.998
4578,1092,9556415,0.995
4579,1453,22872460,0.983
4580,1092,22418153,0.936
4581,1345,23420742,0.949
4582,3150,78657613,0.8
4583,1712,15172388,1
4584,1437,27624197,0.864
4585,1261,16855208,0.996
4586,1092,14786618,0.99
4587,1500,22310354,0.981
4588,1092,15691847,0.99
4589,1092,15096573,0.969
4590,1092,11026843,0.997
4591,1092,20500571,0.939
4592,1092,14166899,0.994
4593,1306,17696953,0.986
4594,1092,19094132,0.957
4595,1194,12471293,0.99
4596,1166,34639688,0.904
4597,1092,19787671,0.977
4598,1166,19842711,0.988
4599,1092,12692580,0.995
4600,1092,20932977,0.942
4601,1166,14730754,0.997
4602,1092,22436936,0.864
4603,1611,30195020,0.964
4604,1250,18730288,0.987
4605,1092,17892902,0.973
4606,1092,16695382,0.984
4607,1166,19796801,0.946
4608,1092,16871138,0.987
4609,1092,14520136,0.979
4610,1092,7380167,1
4611,1444,17997234,0.947
4612,1092,20154116,0.907
4613,1743,33365109,0.903
4614,1092,17174396,0.981
4615,2488,65600218,0.932
4616,1092,12613891,0.984
4617,1092,8852700,0.998
4618,1092,15813788,0.981
4619,1092,15108578,0.987
4620,1092,17534328,0.964
4621,1092,13378475,0.992
4622,1092,14402249,0.992
4623,1092,17453915,0.982
4624,1092,13468890,0.997
4625,1092,18608074,0.889
4626,1243,11179117,0.996
4627,1092,14068507,0.997
4628,1732,29791132,0.967
4629,1092,16195440,0.982
4630,1285,24147473,0.982
4631,1092,20480556,0.91
4632,1092,18132406,0.974
4633,1092,16945702,0.986
4634,1092,19296945,0.989
4635,1092,16277961,0.988
4636,1092,20613551,0.953
4637,1092,10926969,0.997
4638,1092,16138095,0.976
4639,1092,15450869,0.989
4640,1267,15734588,0.997
4641,1092,21816204,0.915
4642,1092,14001011,0.991
4643,1092,12508212,0.996
4644,1092,19293045,0.925
4645,1500,28764191,0.92
4646,1092,12999843,0.993
4647,1093,12134176,0.996
4648,1092,12661328,0.997
4649,1092,14700894,0.982
4650,1398,27138858,0.863
4651,1458,27052397,0.923
4652,1092,34884868,0.99
4653,1092,17932870,0.979
4654,1905,20111685,0.988
4655,1092,14153496,0.994
4656,1092,11812721,0.996
4657,1833,39486783,0.924
4658,1092,17825205,0.979
4659,1092,22667288,0.947
4660,1092,11665933,0.996
4661,2028,42908397,0.937
4662,1256,15015219,0.996
4663,1092,13142978,0.986
4664,1092,20985247,0.894
4665,1092,12850282,0.998
4666,1092,21201429,0.888
4667,1092,11914945,0.985
4668,1092,19895673,0.939
4669,1092,20346399,0.951
4670,1092,12487911,0.995
4671,1092,20227722,0.954
4672,1092,19598413,0.969
4673,1092,19235324,0.939
4674,1610,22089196,0.988
4675,1092,12171634,0.995
4676,1092,16928237,0.992
4677,1140,20881357,0.909
4678,1092,19356573,0.938
4679,1092,20028846,0.855
4680,1092,6526309,1
4681,1092,17890341,0.973
4682,1166,20516879,0.957
4683,1321,13178522,0.997
4684,1500,28591558,0.911
4685,1518,32052996,0.981
4686,1508,29785020,0.978
4687,2301,35776865,0.955
4688,1569,22163510,0.992
4689,2000,36059864,0.966
4690,1296,14621214,0.993
4691,1368,18142913,0.999
4692,1334,23819963,0.936
4693,1092,19481051,0.923
4694,1092,13499110,1
4695,1092,17230690,0.988
4696,1563,22502220,0.972
4697,1092,14983764,0.989
4698,1092,11188457,0.997
4699,1092,15601658,0.99
4700,3542,57314631,0.981
4701,1092,17937159,0.964
4702,1170,26004590,0.878
4703,1092,15139673,0.986
4704,1092,17319653,0.952
4705,1092,17461704,0.877
4706,1092,10458430,1
4707,1092,11735221,0.993
4708,1092,12400811,1
4709,1166,17287067,0.993
4710,1985,44686638,0.964
4711,1092,16631175,0.979
4712,1092,20370951,0.958
4713,1281,12054382,0.995
4714,3071,53336886,0.966
4715,1092,17501923,0.965
4716,1092,10817639,1
4717,1807,14438354,0.999
4718,1092,13224839,0.997
4719,1623,28284646,0.941
4720,1092,14343298,0.993
4721,1092,17626905,0.988
4722,1092,14705152,0.999
4723,1531,23971454,0.967
4724,1630,44612424,0.942
4725,1092,8623051,0.995
4726,1092,17215782,0.974
4727,1092,12629622,0.995
4728,1500,28118533,0.891
4729,1500,24039252,0.978
4730,1092,15105988,0.98
4731,1460,23285983,0.973
4732,1999,38992889,0.938
4733,1092,19535557,0.981
4734,2165,43343341,0.907
4735,1092,18549610,0.968
4736,1616,29656445,0.871
4737,1610,21417327,0.978
4738,1092,19551082,0.936
4739,1092,12630736,0.998
4740,1137,18496873,0.972
4741,1256,16230595,0.994
4742,1092,19564661,0.934
4743,4192,75375480,0.941
4744,1151,18416465,0.943
4745,1092,10685251,0.999
4746,1092,11644678,0.987
4747,1092,21122896,0.942
4748,1092,17777965,0.981
4749,2253,44780544,0.888
4750,1092,13426406,0.999
4751,1092,8041606,1
4752,1092,30713150,0.974
4753,1092,9413806,0.999
4754,1092,21144832,0.901
4755,1092,18960386,0.967
4756,1092,17146566,0.977
4757,1092,19891068,0.827
4758,1092,11890155,0.989
4759,1664,27528184,0.986
4760,1092,10254264,0.997
4761,1092,21123649,0.897
4762,1092,14731700,0.984
4763,1092,15379141,0.986
4764,1092,11064158,0.994
4765,1573,26640362,0.976
4766,1092,10946633,0.987
4767,1197,20294426,0.976
4768,1092,14522620,0.996
4769,1092,16965189,0.982
4770,1092,17675564,0.991
4771,1513,27957460,0.957
4772,1301,20030754,0.968
4773,1092,10435379,0.999
4774,3617,65846053,0.936
4775,1092,11387140,0.997
4776,1522,28797397,0.923
4777,2121,42460540,0.935
4778,1545,25067708,0.952
4779,1092,12893831,0.985
4780,1092,17617310,0.995
4781,1092,15757916,0.961
4782,1166,18705804,0.943
4783,1268,25227983,0.84
4784,1092,13803758,0.995
4785,3045,65720711,0.985
4786,1092,11000956,0.965
4787,1092,7226652,0.999
4788,3614,56747787,0.98
4789,1092,18363251,0.982
4790,1092,14334364,0.996
4791,1500,25515809,0.951
4792,1092,16811796,0.995
4793,1092,24448103,0.934
4794,1092,16279982,0.977
4795,1622,17788684,0.997
4796,1092,10187573,0.993
4797,1482,16031805,0.995
4798,1092,15020330,0.973
4799,1092,15263032,0.99
4800,1323,24585075,0.948
4801,1660,30631573,0.892
4802,1557,27527374,0.992
4803,1092,8497760,0.999
4804,1092,12438292,0.998
4805,1349,23607587,0.94
4806,1540,27763171,0.977
4807,1092,17046179,0.96
4808,1166,22485230,0.955
4809,1092,17898172,0.996
4810,1092,14307686,0.975
4811,1579,30905467,0.937
4812,1092,17857126,0.983
4813,1150,12716524,0.997
4814,1092,15764703,0.988
4815,1177,18682669,0.973
4816,1731,29367805,0.964
4817,1092,13059652,0.995
4818,1092,11076875,0.994
4819,1092,14410551,0.97
4820,1099,16422361,0.974
4821,1166,17198602,0.971
4822,1092,10813173,0.986
4823,1092,13729575,0.991
4824,1092,11001571,1
4825,1092,15243259,0.99
4826,1092,16538498,0.972
4827,1092,15383798,0.977
4828,1092,18824123,0.933
4829,1092,14691951,0.958
4830,1092,13457140,0.988
4831,3045,55989457,0.909
4832,1833,34111032,0.96
4833,1092,16561072,0.97
4834,1166,14766865,0.979
4835,1290,18973592,0.977
4836,1092,10122217,0.996
4837,1301,22249745,0.944
4838,2152,40073912,0.918
4839,1092,12202793,0.995
4840,1092,12717447,0.994
4841,1092,16417542,0.98
4842,1092,13603891,0.988
4843,1092,11044183,0.969
4844,1092,13992873,0.988
4845,1807,25955852,0.969
4846,1418,24187104,0.992
4847,1092,7371919,1
4848,1092,18265039,0.922
4849,2022,33919372,0.973
4850,1092,11410963,0.997
4851,1092,22580286,0.923
4852,1092,17666585,0.99
4853,1092,22995922,0.804
4854,1913,36117696,0.971
4855,1092,13380558,0.919
4856,1092,17374978,0.987
4857,1092,10860585,1
4858,4859,98543140,0.826
4859,1092,9657217,1
4860,1275,22952606,0.918
4861,2816,38307215,0.99
4862,1092,14264329,0.994
4863,1092,9032625,0.998
4864,1670,29190136,0.896
4865,1651,20477321,0.997
4866,1113,16759954,0.995
4867,1092,19253332,0.966
4868,1092,11883920,0.983
4869,1092,11809037,0.986
4870,1092,13714165,0.988
4871,1103,11733207,0.983
4872,1222,15749160,0.967
4873,1092,15996286,0.965
4874,1092,16671039,0.987
4875,1092,16150586,0.992
4876,1092,16579562,0.993
4877,1092,10805896,0.998
4878,1092,9573302,1
4879,1252,21523644,0.917
4880,1092,14120050,0.99
4881,1740,30290838,0.95
4882,1166,17463842,0.984
4883,1835,36433864,0.843
4884,1092,9004627,1
4885,1092,7817200,0.985
4886,1092,17344928,0.893
4887,1092,16432558,0.974
4888,1092,13117283,0.997
4889,3118,48148890,0.977
4890,1092,9243960,0.999
4891,1554,26295125,0.945
4892,1092,14499099,0.989
4893,1092,16291340,0.956
4894,1092,16840434,0.952
4895,2315,26797468,0.995
4896,1500,28953789,0.723
4897,1092,14785867,0.991
4898,1092,18470670,0.9
4899,2000,20154870,0.98
4900,1321,24208054,0.942
4901,1343,20871342,0.95
4902,1320,16076227,0.992
4903,1092,13664757,0.993
4904,1092,16196205,0.986
4905,1462,19429825,0.991
4906,1092,9167688,0.999
4907,1213,12084862,0.999
4908,1644,23517229,0.992
4909,1092,11540351,0.996
4910,1092,13707439,0.998
4911,1092,17059470,0.882
4912,1092,15128996,0.986
4913,1092,12951915,0.987
4914,1092,12185723,0.995
4915,1092,10998871,0.997
4916,1876,37574241,0.833
4917,1092,15003511,0.978
4918,1092,19120293,0.946
4919,1092,11876667,0.996
4920,1092,11136897,1
4921,1092,16587412,0.935
4922,1166,17775982,0.975
4923,1258,16592110,0.989
4924,1092,7132272,0.999
4925,1092,11496121,0.986
4926,1092,19611672,0.926
4927,1166,29331000,0.762
4928,1576,23659503,0.964
4929,1092,18389248,0.978
4930,1092,14547447,0.993
4931,3844,81488029,0.78
4932,1092,11403775,0.998
4933,1092,9136652,0.999
4934,1541,17086879,0.997
4935,1500,30057180,0.866
4936,1092,18187043,0.964
4937,1092,11163870,0.988
4938,1092,11952145,0.992
4939,1092,19653260,0.988
4940,1166,19155558,0.929
4941,1092,15167163,0.965
4942,1798,27293375,0.973
4943,1092,11618605,0.997
4944,1092,12227533,0.999
4945,1092,8926396,0.999
4946,1166,12759641,0.991
4947,1092,16480764,0.972
4948,1092,16459765,0.942
4949,1092,13006407,0.999
4950,1166,15574755,0.995
4951,1092,19115866,0.971
4952,1682,29089896,0.953
4953,1092,17997498,0.871
4954,1092,15743941,0.985
4955,1092,26318053,0.936
4956,2217,41410871,0.94
4957,1341,18776212,0.983
4958,1092,14737560,0.99
4959,1092,12505941,0.991
4960,1619,24482345,0.897
4961,1092,13191303,0.998
4962,1471,15269371,0.977
4963,1092,16492179,0.984
4964,1092,17251418,0.965
4965,1092,9513442,1
4966,1092,11706667,0.998
4967,1092,20027849,0.895
4968,3118,64142938,0.851
4969,1121,14207116,0.98
4970,1092,13954003,0.97
4971,1092,15161359,0.984
4972,1092,11843980,1
4973,1276,21774595,0.96
4974,1092,12573541,1
4975,1092,12398160,0.992
4976,1092,14637049,0.997
4977,3413,64333445,0.897
4978,1092,14213823,0.971
4979,1092,18261764,0.948
4980,1092,13232627,0.944
4981,1518,30521108,0.962
4982,1126,13867697,0.988
4983,1092,14452496,0.997
4984,1500,17724058,0.962
4985,1761,21876401,0.993
4986,1092,17969985,0.956
4987,1709,24637440,0.987
4988,1166,16095043,0.969
4989,1092,14227161,0.978
4990,1092,17108112,0.975
4991,1092,13627153,0.986
4992,1557,16853074,0.994
4993,1217,14768797,0.979
4994,1092,12377399,0.987
4995,1092,12738553,0.993
4996,1092,16804756,0.978
4997,1092,11479966,0.975
4998,1092,22793642,0.964
4999,1092,15588606,0.993
5000,1092,15845627,0.972
5001,1092,12500825,0.99
5002,1092,13824567,0.972
5003,2058,33849532,0.944
5004,1092,16636883,0.925
5005,1092,7326742,0.998
5006,1148,18110303,0.988
5007,1092,13761296,0.994
5008,1092,16654828,0.951
5009,1621,17714641,0.996
5010,2040,35296220,0.944
5011,1873,19812572,0.996
5012,1092,12921859,0.968
5013,1092,24611800,0.934
5014,1092,18032121,0.965
5015,1173,14629423,0.993
5016,1394,19422810,0.975
5017,1879,29114560,0.976
5018,1539,27793266,0.899
5019,1092,17885169,0.948
5020,1166,17714401,0.959
5021,1092,14298598,0.996
5022,1092,9015157,1
5023,1092,14309933,0.991
5024,1092,11824354,0.997
5025,1486,29124108,0.933
5026,1092,11343179,0.967
5027,1092,14523800,0.993
5028,1580,32328230,0.977
5029,1182,17176990,0.99
5030,1133,18164503,0.942
5031,1164,13205149,0.996
5032,1092,21170562,0.896
5033,1557,32316320,0.756
5034,1540,23206017,0.981
5035,1092,13148194,0.995
5036,1092,10855086,0.994
5037,1092,9724978,1
5038,1092,11811333,0.972
5039,1092,13939995,0.977
5040,1092,18041312,0.96
5041,1092,13796990,0.983
5042,4938,82142720,0.98
5043,1092,15739271,0.953
5044,1092,14421896,0.979
5045,1358,22685644,0.937
5046,1092,12122934,0.998
5047,1313,21268538,0.963
5048,3375,61542122,0.931
5049,1092,13066360,0.977
5050,1607,26549420,0.951
5051,1092,16284053,0.966
5052,1092,12311432,0.998
5053,1092,12904925,0.999
5054,1092,13128570,0.999
5055,1092,16601478,0.992
5056,1092,11788284,0.988
5057,1092,13579568,0.994
5058,1092,17919785,0.933
5059,1092,13883288,0.99
5060,1547,27899909,0.954
5061,1092,15040278,0.9
5062,1234,21367937,0.932
5063,1092,9548172,0.999
5064,1092,16432471,0.97
5065,1092,18198625,0.929
5066,1500,14184156,0.998
5067,1092,11164554,0.994
5068,1889,33134824,0.938
5069,1511,35641710,0.666
5070,1092,20368441,0.898
5071,1092,11820301,0.998
5072,1577,21459827,0.993
5073,1092,19954554,0.93
5074,1092,19486895,0.92
5075,1092,13245115,0.997
5076,1092,18580756,0.941
5077,1092,13424582,0.987
5078,1512,21208094,0.995
5079,1092,13766159,0.968
5080,1092,19038666,0.95
5081,1092,17505017,0.936
5082,1092,11613857,0.985
5083,1400,29854785,0.955
5084,1092,7897096,1
5085,1092,11736975,0.997
5086,1092,14982062,0.913
5087,1092,15536860,0.96
5088,1092,16278104,0.964
5089,1092,15522748,0.962
5090,1190,16521172,0.987
5091,1092,15683806,0.948
5092,1092,15839894,0.955
5093,1092,13442928,0.952
5094,1092,13755575,0.975
5095,1525,20292625,0.984
5096,1092,18857840,0.945
5097,1092,12426237,0.999
5098,1092,15053227,0.995
5099,1387,21009027,0.96
5100,1092,9321452,0.999
5101,1092,21601636,0.929
5102,1283,21096892,0.94
5103,1092,9849358,0.999
5104,1717,27251644,0.932
5105,1092,9070425,0.998
5106,1092,8393889,0.997
5107,1092,16713073,0.958
5108,1092,19482312,0.913
5109,1092,12218522,0.972
5110,1092,12574727,0.997
5111,1499,22575822,0.993
5112,1092,9877965,0.999
5113,1599,25462666,0.971
5114,1092,10029830,0.996
5115,2000,31989350,0.916
5116,1586,23018125,0.987
5117,1166,24125948,0.854
5118,1092,16279353,0.977
5119,1117,17880266,0.949
5120,1092,18832302,0.865
5121,1500,22469987,0.973
5122,1092,14132184,0.967
5123,1092,14152658,0.978
5124,1092,18146910,0.96
5125,1092,12740787,0.979
5126,1092,12596968,0.99
5127,1500,24060356,0.932
5128,1092,18208959,0.937
5129,1851,21516790,0.996
5130,1183,18998211,0.959
5131,1092,8907771,0.996
5132,1092,18967201,0.966
5133,1092,10578668,0.993
5134,1500,23852566,0.941
5135,1270,12259826,0.998
5136,1500,25790987,0.923
5137,1092,12807441,0.992
5138,1092,17915593,0.951
5139,1092,13529937,0.996
5140,1092,19345288,0.93
5141,1409,24839871,0.814
5142,1092,16017365,0.915
5143,1092,19551828,0.886
5144,1208,13242140,0.985
5145,1579,23349027,0.924
5146,1092,15971167,0.96
5147,1659,17785731,0.994
5148,1092,12595556,0.979
5149,2902,42549604,0.972
5150,1092,12369369,0.979
5151,1092,14855619,0.971
5152,1595,28181130,0.9
5153,1092,16206872,0.937
5154,1092,12593438,0.993
5155,1166,17836462,0.955
5156,1092,14245479,0.989
5157,1500,18012675,0.978
5158,1092,12571742,0.99
5159,1092,10860115,0.996
5160,3094,53705090,0.929
5161,1092,13371035,0.967
5162,1092,8625887,1
5163,1092,12902344,0.969
5164,1092,14035857,0.985
5165,3150,51374150,0.901
5166,1092,10178948,0.999
5167,1092,13430483,0.944
5168,1523,23953706,0.97
5169,1092,13940280,0.982
5170,1531,25938497,0.934
5171,2902,46089040,0.89
5172,1092,16319868,0.964
5173,1578,29338778,0.947
5174,1666,29962046,0.848
5175,1247,13360480,0.988
5176,1092,12710997,0.986
5177,1197,19255845,0.962
5178,1092,18451428,0.953
5179,1092,14239439,0.977
5180,1092,11974361,0.988
5181,1217,16873565,0.991
5182,1092,9978959,0.999
5183,1092,15140134,0.987
5184,1092,11620520,0.997
5185,3332,57078790,0.892
5186,1092,15317580,0.991
5187,1092,14320743,0.96
5188,1092,15111197,0.987
5189,1517,23007700,0.975
5190,1092,14533898,0.992
5191,1976,27012437,0.951
5192,1217,20472182,0.931
5193,1092,11826046,0.994
5194,1618,25210933,0.923
5195,1092,14418102,0.987
5196,1636,24393449,0.989
5197,1701,17090287,0.986
5198,1348,17973066,0.994
5199,1092,17429287,0.933
5200,1092,13896953,0.979
5201,1092,16625680,0.936
5202,1092,12506344,0.982
5203,1092,15207442,0.97
5204,1092,15067665,0.984
5205,1092,15213787,0.997
5206,1092,13738710,0.999
5207,1092,11148449,0.984
5208,1092,12180341,0.993
5209,1092,15221823,0.967
5210,1092,14816792,0.965
5211,1092,11140012,0.965
5212,1092,10638466,0.989
5213,1092,7037817,0.998
5214,1092,10157087,0.995
5215,1092,11246619,0.99
5216,1092,6096650,1
5217,1092,18608566,0.792
5218,1092,6403839,0.998
5219,1610,26203303,0.974
5220,1166,11837515,0.997
5221,1092,7957316,1
5222,1092,15816141,0.974
5223,1124,17870147,0.993
5224,1166,19947128,0.933
5225,1641,27752311,0.934
5226,1092,11001290,0.991
5227,1092,15351562,0.965
5228,1092,12050058,0.989
5229,1092,7871479,0.984
5230,1092,11508764,0.992
5231,1092,16983245,0.954
5232,2000,28700843,0.974
5233,1500,9635054,0.999
5234,1625,25024973,0.958
5235,1092,12917913,0.972
5236,2645,45510659,0.953
5237,1092,14057699,0.975
5238,1149,22298780,0.992
5239,1092,17648100,0.953
5240,2000,34307584,0.959
5241,1092,17171123,0.946
5242,1092,8617616,1
5243,1092,12058861,0.997
5244,1092,14575490,0.972
5245,3094,49183200,0.884
5246,1166,19210385,0.952
5247,1904,32916219,0.856
5248,2000,35946982,0.934
5249,1426,26733687,0.984
5250,1092,10606921,0.996
5251,1092,16950044,0.965
5252,1092,14646271,0.989
5253,1092,13964026,0.936
5254,1092,8952796,0.996
5255,1092,13914534,0.985
5256,1585,30223777,0.886
5257,1092,13761668,0.986
5258,2000,34428273,0.963
5259,1531,14111944,0.991
5260,1092,8498695,0.998
5261,2011,34229368,0.907
5262,1092,10366179,0.999
5263,1092,10442024,0.999
5264,1439,25232233,0.877
5265,1666,25874796,0.989
5266,1092,16517532,0.986
5267,1092,15581574,0.911
5268,1092,16263761,0.983
5269,1092,13402909,0.994
5270,1092,16685520,0.945
5271,1092,15883601,0.966
5272,1092,12594207,0.99
5273,1092,15128423,0.988
5274,1092,17580982,0.953
5275,1350,10685823,0.996
5276,1092,10790184,1
5277,1092,14936133,0.984
5278,1500,26002289,0.89
5279,1092,8854426,0.986
5280,1092,15372067,0.983
5281,1415,22769332,0.954
5282,1893,31353294,0.977
5283,1500,17181378,0.994
5284,1092,12011668,0.997
5285,1092,10961865,0.985
5286,1134,14237655,0.887
5287,1092,12543329,0.993
5288,1092,9743464,0.999
5289,1092,20268207,0.902
5290,1092,8515393,0.999
5291,1092,15316730,0.992
5292,1092,6396249,0.999
5293,1092,14599997,0.983
5294,1092,16065311,0.972
5295,1092,13009160,0.992
5296,1092,14114040,0.91
5297,1092,13010409,0.987
5298,4377,57844107,0.946
5299,1092,13555377,0.993
5300,1092,12091181,0.975
5301,1092,14431687,0.996
5302,1092,11912499,0.976
5303,1092,17094980,0.937
5304,1092,6015596,0.997
5305,2937,45293559,0.96
5306,1092,16186504,0.957
5307,1092,13984201,0.981
5308,1500,42057697,0.93
5309,1092,17209197,0.984
5310,1092,17322591,0.925
5311,1092,8425894,0.996
5312,1092,14260696,0.993
5313,1511,25763981,0.842
5314,1321,22992106,0.855
5315,1554,27569856,0.865
5316,1295,20500844,0.956
5317,1092,11628999,0.986
5318,1092,9652733,0.999
5319,1092,16590034,0.964
5320,1092,10531209,0.992
5321,1092,17522854,0.932
5322,1166,20398282,0.929
5323,1544,28450476,0.886
5324,1092,10136717,0.989
5325,1587,26346209,0.888
5326,1277,16550693,0.957
5327,1336,24038813,0.856
5328,1751,29668923,0.886
5329,1105,17295263,0.934
5330,1092,13395513,0.988
5331,1500,24094582,0.93
5332,1092,18224977,0.9
5333,1092,17185718,0.98
5334,1092,12427675,0.986
5335,1092,15731003,0.93
5336,1092,17215707,0.985
5337,1092,18341610,0.927
5338,1348,16194724,0.993
5339,1092,9163575,0.996
5340,1500,21707618,0.951
5341,1092,9035567,0.999
5342,1333,15797905,0.983
5343,1426,37659770,0.817
5344,1341,18260604,0.979
5345,1092,12790186,0.995
5346,1322,20973605,0.959
5347,1092,13409741,0.995
5348,1092,14318754,0.967
5349,1112,16440236,0.989
5350,1092,21364849,0.777
5351,1092,10566286,0.993
5352,1092,13608815,0.986
5353,1092,16525868,0.934
5354,1666,25150128,0.985
5355,4813,80475598,0.895
5356,1775,25635299,0.991
5357,1092,18906423,0.897
5358,1833,25397148,0.982
5359,1092,11518418,0.986
5360,1938,24168508,0.98
5361,1092,6806237,0.998
5362,1861,30390238,0.976
5363,1166,18924993,0.92
5364,1092,10953738,1
5365,1092,8944406,0.996
5366,1092,16807978,0.878
5367,1092,12235721,1
5368,1752,39642533,0.988
5369,1092,12666808,0.995
5370,1092,8730596,0.996
5371,1236,17821358,0.922
5372,1092,15312617,0.988
5373,1092,14638669,0.963
5374,1910,25274563,0.993
5375,1160,17245797,0.959
5376,3332,66842503,0.789
5377,1092,14934074,0.977
5378,1092,9421756,0.997
5379,1757,27660250,0.94
5380,1666,26151775,0.935
5381,1092,9329849,0.999
5382,1219,19457840,0.945
5383,1166,20084869,0.806
5384,1092,12441315,0.981
5385,1500,24166384,0.939
5386,1500,21058617,0.93
5387,1092,7712025,0.998
5388,1092,10314732,0.999
5389,1638,19699401,0.987
5390,1193,13713659,0.994
5391,1092,12053610,0.998
5392,1753,25468921,0.895
5393,1092,15116707,0.993
5394,1092,15716616,0.98
5395,1594,36067257,0.956
5396,1558,17088893,0.984
5397,1280,22275478,0.919
5398,1092,12264260,0.997
5399,1109,13853492,0.993
5400,1296,13902399,0.988
5401,1314,17445197,0.986
5402,1092,13026875,0.987
5403,1092,7472544,1
5404,1166,16385996,0.974
5405,1092,15112983,0.99
5406,1306,20537374,0.931
5407,1092,8624131,0.999
5408,1500,24403657,0.97
5409,1596,17036108,0.993
5410,1708,29557336,0.857
5411,1092,13846741,0.988
5412,1092,16897007,0.955
5413,1092,16613667,0.951
5414,1092,9488198,0.998
5415,1092,13269942,0.977
5416,1092,8656679,0.993
5417,1092,10621823,0.999
5418,1712,27233655,0.955
5419,1692,28358232,0.922
5420,1455,24182757,0.941
5421,1092,11935814,0.982
5422,4802,93725131,0.923
5423,1092,9527306,0.99
5424,1092,14718847,0.99
5425,1092,13032618,0.978
5426,1166,14309524,0.979
5427,1092,9345348,0.994
5428,1092,11299937,0.991
5429,1092,9102486,0.999
5430,1092,11133897,0.994
5431,1779,30368373,0.961
5432,1545,15010764,0.989
5433,1092,13132988,0.99
5434,2180,26759273,0.991
5435,1092,15447943,0.955
5436,1136,9292238,0.996
5437,1454,23615024,0.929
5438,1092,17008292,0.937
5439,1092,16447847,0.915
5440,1644,9080015,0.999
5441,1092,11345443,0.995
5442,1222,19076061,0.95
5443,1092,11935068,0.99
5444,1092,18412292,0.92
5445,1092,8183528,0.999
5446,1092,11549460,0.99
5447,1092,16665326,0.966
5448,1129,17362034,0.957
5449,1092,12389983,0.994
5450,1092,15768398,0.931
5451,1092,11232658,0.999
5452,1092,15606771,0.951
5453,1500,22707382,0.947
5454,1092,11265425,0.985
5455,1500,26602372,0.839
5456,1351,31258451,0.969
5457,1092,11021842,0.996
5458,1092,11948525,0.989
5459,1655,26002705,0.87
5460,1500,18587665,0.996
5461,1345,19945712,0.914
5462,1092,19203030,0.848
5463,1650,18395875,0.999
5464,1092,11405488,0.989
5465,1166,19688607,0.862
5466,1092,7579805,1
5467,1092,10100012,0.996
5468,1092,9921147,0.991
5469,1092,13509397,0.994
5470,1092,9262208,0.998
5471,1092,16549057,0.961
5472,1092,15106469,0.98
5473,1092,12437995,0.981
5474,3118,54326863,0.932
5475,1559,23506477,0.952
5476,1092,14155566,0.992
5477,1270,19460915,0.93
5478,1092,10854723,1
5479,1092,6344512,1
5480,1489,18713191,0.999
5481,1815,28368757,0.925
5482,1092,12996860,0.98
5483,1092,13192437,0.987
5484,1601,27073686,0.904
5485,1198,8614239,1
5486,1092,15872738,0.954
5487,1268,16267991,0.968
5488,1606,25147563,0.954
5489,2666,38190129,0.936
5490,1092,16387215,0.928
5491,1092,17502802,0.958
5492,1166,16574292,0.972
5493,1092,9038426,0.998
5494,1323,14993897,0.995
5495,1934,30289119,0.941
5496,2000,31094186,0.939
5497,1092,9969361,0.995
5498,1092,15361800,0.962
5499,4875,84622299,0.921
5500,1092,13403347,0.978
5501,1092,7351138,0.997
5502,1092,15084862,0.966
5503,1092,13593884,0.981
5504,1518,25421215,0.657
5505,1092,16034176,0.949
5506,1092,19717935,0.843
5507,1092,11937806,0.999
5508,1403,15267750,0.98
5509,1279,15877153,0.991
5510,1092,12746673,0.992
5511,1092,13311129,0.983
5512,1092,14161076,0.989
5513,1431,23578643,0.994
5514,1092,11069865,0.999
5515,1092,12121590,0.986
5516,1092,10628531,0.996
5517,1092,14393185,0.984
5518,1092,15173099,0.942
5519,1562,24645131,0.903
5520,1092,12380460,0.998
5521,1092,15593263,0.959
5522,1092,9433269,0.99
5523,1205,18662215,0.946
5524,1092,18317565,0.964
5525,1390,16888885,0.996
5526,1092,16428633,0.987
5527,1354,23970614,0.795
5528,1092,15484353,0.915
5529,1092,13386513,0.98
5530,1486,27376104,0.941
5531,1092,12830203,0.997
5532,1092,12964040,0.992
5533,2816,35220522,0.994
5534,1270,14842355,0.998
5535,1092,10356867,0.999
5536,1092,7662901,0.997
5537,1230,16258955,0.991
5538,1500,19757307,0.936
5539,1656,19651303,0.994
5540,1092,11226941,0.992
5541,1092,12298290,0.957
5542,1115,19380141,0.877
5543,2628,39815219,0.959
5544,1092,11270904,0.99
5545,1092,11818329,0.988
5546,1520,16730529,0.998
5547,1092,12876291,0.972
5548,1586,29096872,0.8
5549,1092,15178519,0.943
5550,1092,14038362,0.969
5551,1092,16575651,0.932
5552,2398,44295703,0.854
5553,1092,14198816,0.958
5554,1092,17756315,0.91
5555,1092,8727177,0.994
5556,1092,12348678,0.995
5557,1092,14397169,0.99
5558,1154,16482791,0.918
5559,1329,16021608,0.991
5560,1092,10701125,0.996
5561,1569,33544943,0.934
5562,1166,12889017,0.984
5563,1092,13162676,0.963
5564,1092,11096468,0.991
5565,1097,18443003,0.916
5566,1092,11678503,0.984
5567,1092,8167061,0.999
5568,1508,18652092,0.977
5569,1954,23198849,0.994
5570,2000,17960580,0.994
5571,1326,12694739,0.997
5572,3094,55266518,0.856
5573,1102,17598323,0.935
5574,1971,30292210,0.923
5575,1833,38944570,0.929
5576,1092,13198359,0.981
5577,1092,10754005,0.995
5578,1092,13578298,0.99
5579,1092,17057405,0.973
5580,1092,13218679,0.993
5581,1092,10050941,0.994
5582,1092,13214687,0.964
5583,1407,16238367,0.98
5584,1092,14496808,0.993
5585,1092,8508587,0.995
5586,1838,27691587,0.979
5587,1500,14534047,0.975
5588,1092,15120213,0.991
5589,1237,19713262,0.953
5590,3401,51837104,0.901
5591,1569,26546196,0.879
5592,1838,28915657,0.985
5593,1092,14660646,0.91
5594,1092,11910965,0.995
5595,1092,7490058,1
5596,1092,25782215,0.701
5597,1092,14927369,0.967
5598,1092,6090405,1
5599,1092,9782579,0.998
5600,1092,9462787,0.976
5601,1092,17590493,0.842
5602,1092,7236300,1
5603,1109,9684359,0.989
5604,1700,29040497,0.912
5605,1500,22843344,0.948
5606,1092,11333979,1
5607,1092,10153907,0.998
5608,1092,16830923,0.948
5609,1092,13326011,0.974
5610,1275,20618586,0.935
5611,1141,15209156,0.987
5612,1597,26701783,0.96
5613,1092,7350213,1
5614,1092,14619664,0.995
5615,1855,27420561,0.932
5616,1451,23646550,0.925
5617,1092,16082026,0.949
5618,1092,15367659,0.959
5619,1092,17761224,0.911
5620,1092,14907553,0.957
5621,1748,24637519,0.967
5622,1092,19207474,0.897
5623,1166,16231071,0.992
5624,1092,8725889,0.999
5625,1092,13732562,0.993
5626,1103,16084705,0.899
5627,1092,10172700,0.993
5628,1092,10406955,0.999
5629,1564,21917749,0.965
5630,1092,17015472,0.99
5631,1344,24795108,0.889
5632,1092,12388188,0.998
5633,1092,17603187,0.916
5634,1500,21941368,0.943
5635,1640,22923762,0.977
5636,1166,20305099,0.932
5637,1092,12845763,0.99
5638,1092,17162623,0.947
5639,2399,31014907,0.975
5640,1092,19035025,0.854
5641,1092,14075400,0.992
5642,3501,67295771,0.932
5643,1459,23333048,0.925
5644,1092,16724952,0.926
5645,1657,26312970,0.809
5646,1092,10815102,0.998
5647,1161,15345703,0.961
5648,1166,17949379,0.949
5649,1328,19103690,0.974
5650,1092,17811395,0.963
5651,1650,18372035,0.975
5652,1092,10700729,0.996
5653,1092,13194212,0.988
5654,1548,24147763,0.944
5655,2416,32876399,0.992
5656,1092,20633516,0.985
5657,1092,17105522,0.92
5658,1217,15744171,0.944
5659,1500,27390750,0.803
5660,1500,17032196,0.995
5661,1092,14439062,0.967
5662,1092,15122399,0.945
5663,2060,24192888,0.985
5664,1711,17855935,0.997
5665,1092,12816773,0.992
5666,1092,10569640,0.989
5667,1092,10770680,0.997
5668,1092,14088142,0.982
5669,1970,29389096,0.982
5670,1092,15377942,0.989
5671,1092,8141956,0.99
5672,1092,11430947,0.984
5673,1092,22608641,0.982
5674,1092,9790421,0.997
5675,1092,14180292,0.977
5676,1381,22223971,0.959
5677,3224,62552021,0.863
5678,1092,12364340,0.997
5679,1166,21659331,0.802
5680,1092,14015052,0.994
5681,1092,13995717,0.989
5682,1092,8761362,0.998
5683,1166,16449661,0.993
5684,1537,14560139,0.996
5685,1092,10848115,0.992
5686,1092,9258450,0.984
5687,1092,11495697,0.998
5688,1092,17942333,0.963
5689,1615,26305960,0.923
5690,1092,17920272,0.92
5691,1092,9562606,0.997
5692,1320,14407579,0.987
5693,1655,28994432,0.934
5694,1092,13279818,0.998
5695,1092,9514786,0.997
5696,1092,15584769,0.948
5697,1092,19086434,0.913
5698,1092,21178429,0.878
5699,2218,32840989,0.816
5700,1116,18071854,0.94
5701,1092,14264016,0.99
5702,1092,10563232,0.999
5703,1092,20405418,0.916
5704,1092,7406519,0.998
5705,3021,59075255,0.873
5706,1595,28200506,0.923
5707,1092,14308982,0.942
5708,1092,15619040,0.984
5709,1092,8622882,1
5710,1092,10398298,0.991
5711,1092,14942596,0.975
5712,1092,19846066,0.925
5713,1092,14631872,0.977
5714,1092,10537113,0.99
5715,1092,5422745,1
5716,1092,11908103,0.996
5717,1092,19694323,0.927
5718,1253,17096888,0.988
5719,1092,19964770,0.981
5720,1092,5486726,1
5721,1092,10890589,0.996
5722,1092,13536190,0.987
5723,1092,12319289,0.995
5724,1327,21383821,0.971
5725,1092,15146264,0.973
5726,1933,39692670,0.899
5727,1092,14537217,0.966
5728,1546,28251661,0.915
5729,1092,15705542,0.981
5730,2392,46766732,0.814
5731,1092,14743490,0.991
5732,1092,13786129,0.994
5733,1160,13025211,0.993
5734,1092,17722417,0.958
5735,1092,11961016,0.998
5736,1092,14296352,0.995
5737,1092,17883819,0.968
5738,1092,13931295,0.969
5739,2000,22877665,0.992
5740,1092,19122650,0.906
5741,2000,35508482,0.948
5742,1092,21273482,0.935
5743,1092,10289633,0.992
5744,1092,8836941,0.999
5745,1329,20310229,0.954
5746,1092,14713903,0.961
5747,1092,16802676,0.94
5748,1092,13731212,0.979
5749,1092,10065647,0.998
5750,1109,15950809,0.969
5751,1092,18849052,0.93
5752,1092,16345124,0.996
5753,1589,24456304,0.953
5754,3627,51583140,0.981
5755,1092,16422890,0.987
5756,1166,17741882,0.971
5757,2430,46688121,0.905
5758,1098,16932234,0.979
5759,1122,15951524,0.971
5760,1092,16164500,0.918
5761,1092,12826292,0.985
5762,1092,6669110,1
5763,1092,16340243,0.928
5764,1092,16406591,0.88
5765,1092,18948050,0.991
5766,1092,14351486,0.983
5767,1242,17907448,0.968
5768,1092,12940892,0.991
5769,1092,10875572,0.996
5770,1092,15379652,0.949
5771,1092,14039022,0.994
5772,1166,21354453,0.955
5773,1092,11729039,0.997
5774,1114,14455781,0.982
5775,1832,23976765,0.982
5776,1318,17295363,0.978
5777,1588,18967147,0.991
5778,1092,9872723,0.998
5779,1092,12638844,0.961
5780,1092,11730846,0.991
5781,1166,16494753,0.973
5782,1092,16332037,0.877
5783,1092,21180408,0.901
5784,1092,13867135,0.976
5785,1092,17617547,0.95
5786,1092,6203661,1
5787,1092,7869993,1
5788,1092,15099132,0.979
5789,1092,13641323,0.999
5790,1611,29035978,0.946
5791,1092,16437077,0.979
5792,1092,16989226,0.989
5793,1211,15210286,0.995
5794,1092,14060462,0.996
5795,1092,20508654,0.762
5796,1399,23522139,0.971
5797,1115,18775210,0.953
5798,1355,21782252,0.967
5799,1194,19329540,0.995
5800,1092,20758873,0.866
5801,1216,12237267,0.962
5802,1092,21129272,0.838
5803,1534,27687407,0.921
5804,1633,24121740,0.947
5805,1561,21042130,0.988
5806,1092,12521373,0.996
5807,2625,27600353,0.989
5808,1092,11938145,0.995
5809,1351,15500045,0.997
5810,1597,21822209,0.969
5811,1092,16500751,0.969
5812,1329,32993780,0.918
5813,1092,14585629,0.992
5814,1488,15813858,0.995
5815,1092,11357052,0.996
5816,1562,28374426,0.876
5817,1092,11934943,0.998
5818,1092,12175070,0.994
5819,1500,23413319,0.977
5820,1544,16441519,0.995
5821,1092,17678136,0.949
5822,1883,30869403,0.967
5823,1110,12800644,1
5824,1528,23504322,0.916
5825,1092,17972929,0.761
5826,1092,15514287,0.994
5827,3578,81655342,0.82
5828,1193,13364006,0.983
5829,1092,9148704,0.998
5830,1092,13144703,0.998
5831,1500,27492587,0.773
5832,3243,51688877,0.862
5833,1500,18546334,0.996
5834,1092,15034402,0.995
5835,1092,11298856,0.998
5836,1508,23949088,0.931
5837,1092,16251066,0.948
5838,1092,25000167,0.94
5839,1092,8913369,0.999
5840,2000,38406572,0.823
5841,1886,41812318,0.782
5842,1092,16949856,0.965
5843,1092,13200925,0.99
5844,1294,20531085,0.98
5845,1158,15726350,0.961
5846,1459,25028431,0.926
5847,1092,9724009,0.999
5848,1092,17519055,0.965
5849,1092,15589591,0.976
5850,1092,11099744,1
5851,1092,12260417,0.986
5852,1092,21554699,0.981
5853,1092,17389907,0.982
5854,1092,8726821,0.998
5855,1496,22989190,0.987
5856,1511,23378770,0.945
5857,1441,25872015,0.938
5858,1092,12702983,0.997
5859,1105,18258645,0.947
5860,1092,13230510,0.99
5861,1092,12028098,0.995
5862,1092,16395294,0.993
5863,1092,11951602,0.984
5864,1092,12924362,0.986
5865,1092,5679888,1
5866,1255,20853466,0.974
5867,1092,14512017,0.97
5868,1092,13806247,0.994
5869,1092,13555868,0.998
5870,1092,12587605,0.996
5871,1503,26229147,0.947
5872,1092,16165280,0.982
5873,1575,28969428,0.92
5874,1198,17423984,0.969
5875,1092,12658245,0.982
5876,1270,22805706,0.956
5877,1092,8466416,0.997
5878,1092,10009446,0.993
5879,1624,17987208,0.986
5880,1471,24878898,0.974
5881,1202,16428841,0.947
5882,1153,14748304,0.991
5883,1092,14920202,0.975
5884,1768,17730488,0.994
5885,1092,25965107,0.937
5886,1092,15976854,0.975
5887,1979,30591468,0.965
5888,1500,15967340,0.993
5889,1476,24748951,0.861
5890,1603,31107550,0.925
5891,1109,15825714,0.955
5892,1135,13571717,0.995
5893,1620,24455146,0.958
5894,1092,20414542,0.861
5895,1092,14379965,0.985
5896,1092,14475484,0.971
5897,1500,25117097,0.945
5898,1092,16633823,0.998
5899,1899,36340689,0.933
5900,1092,13191010,0.993
5901,1399,19512589,0.999
5902,1092,15917232,0.98
5903,1239,10535804,0.987
5904,1092,13101496,0.995
5905,1166,15291973,0.99
5906,1092,22546933,0.911
5907,1092,15801233,0.983
5908,1666,21717436,0.97
5909,1092,14390370,0.98
5910,2426,37442106,0.976
5911,1092,13945857,0.984
5912,2166,44894842,0.914
5913,1092,16518033,0.989
5914,1092,12769237,0.987
5915,1092,17874241,0.993
5916,1092,7709636,0.999
5917,1092,14452883,0.94
5918,1092,14947686,0.99
5919,1092,13605168,0.992
5920,1092,13015348,0.998
5921,1153,14655775,0.994
5922,1092,14340925,0.969
5923,1092,15552167,0.95
5924,1808,36455685,0.924
5925,1092,10524944,1
5926,1092,20976075,0.886
5927,1455,24555715,0.99
5928,2000,19908213,1
5929,1666,26213347,0.982
5930,1105,17961162,0.944
5931,1092,16419779,0.985
5932,1327,17547078,0.985
5933,2000,37929073,0.963
5934,1092,8679323,1
5935,1166,14208099,0.98
5936,1092,14642013,0.988
5937,1092,11430511,0.998
5938,1092,13377834,0.984
5939,1500,30095337,0.962
5940,1092,12833683,0.998
5941,1500,20832148,0.99
5942,1500,26878708,0.959
5943,1092,17366010,0.971
5944,1092,13409517,0.993
5945,1092,13579022,0.996
5946,1092,16973977,0.983
5947,1092,10588247,0.998
5948,1092,14238926,0.987
5949,1092,13282779,0.992
5950,1092,12841919,0.977
5951,1092,12858532,0.998
5952,1092,10179788,0.998
5953,1500,26841854,0.925
5954,1092,9602115,0.997
5955,3540,67886807,0.912
5956,1092,17046851,0.997
5957,4082,75972037,0.921
5958,1659,31333552,0.87
5959,1500,29571314,0.96
5960,1092,14423144,0.995
5961,1296,16856943,0.991
5962,1092,16702199,0.979
5963,1092,14312035,0.984
5964,1833,39540967,0.903
5965,1092,18544079,0.939
5966,1092,21895162,0.965
5967,1092,14018806,0.968
5968,1092,15879904,0.986
5969,1092,21276279,0.891
5970,1628,34707258,0.905
5971,1092,13393474,0.996
5972,1170,17913191,0.965
5973,1092,12165077,0.991
5974,4055,77516163,0.897
5975,1258,24620499,0.93
5976,1092,13175180,0.994
5977,1683,35401327,0.924
5978,1304,18873032,0.984
5979,1092,14995011,0.949
5980,1092,10412978,0.993
5981,1281,17404247,0.938
5982,1092,8066264,1
5983,1480,22881039,0.99
5984,1092,15891230,0.983
5985,1092,17771729,0.973
5986,1092,16381360,0.991
5987,1092,12780389,0.996
5988,1092,14658183,0.964
5989,1092,9388785,0.997
5990,1092,10261737,0.992
5991,3450,63764294,0.924
5992,1349,20412332,0.996
5993,1500,30620003,0.849
5994,1092,11263017,0.981
5995,1833,35965218,0.916
5996,1541,27707904,0.964
5997,1550,28865634,0.926
5998,1092,13031781,0.998
5999,1500,25484285,0.981
6000,1092,11977423,0.994
6001,1092,19981429,0.948
6002,1166,16297509,0.965
6003,1092,11496114,0.993
6004,1156,27953382,0.954
6005,1092,18844207,0.779
6006,1092,12902313,0.997
6007,1092,11350142,0.987
6008,1092,14462713,0.999
6009,1470,25541183,0.986
6010,1092,17600019,0.945
6011,1092,14445242,0.989
6012,1092,17928040,0.965
6013,1092,13494061,0.989
6014,1684,19722317,0.994
6015,1632,34822368,0.881
6016,1110,15028428,0.995
6017,2666,49528050,0.896
6018,1092,24789679,0.947
6019,1522,33278103,0.853
6020,1122,22457802,0.925
6021,1092,17683144,0.978
6022,1092,18643918,0.971
6023,1500,20307878,0.996
6024,1124,10598061,0.996
6025,1092,14418293,0.986
6026,1092,15008003,0.998
6027,1535,27344201,0.952
6028,1092,12582806,0.999
6029,1092,20851139,0.907
6030,1092,13129065,0.996
6031,1092,18312957,0.975
6032,1092,16130009,0.992
6033,1092,18075411,0.98
6034,1092,13356870,0.99
6035,1474,25759883,0.919
6036,1092,17222221,0.977
6037,1092,19247656,0.975
6038,2000,35437303,0.941
6039,1092,18805135,0.987
6040,1092,11477624,0.995
6041,1092,17454424,0.957
6042,1092,13729301,0.99
6043,1096,17036646,0.972
6044,1092,12890692,0.995
6045,1632,32155518,0.893
6046,2270,50450639,0.89
6047,1092,10991172,0.999
6048,1092,14069914,0.996
6049,1092,9621809,0.984
6050,1092,15081467,0.991
6051,1518,23688379,0.962
6052,1500,22817788,0.957
6053,1092,8499210,0.999
6054,1092,13027250,0.995
6055,1533,26696259,0.934
6056,1092,13640413,0.998
6057,1278,23566142,0.846
6058,1092,17723930,0.968
6059,1092,16185187,0.988
6060,1092,22775503,0.995
6061,1092,10282011,0.987
6062,1092,17410352,0.95
6063,1092,17867552,0.983
6064,1092,13634898,0.997
6065,1092,14489877,0.988
6066,1092,15568332,0.997
6067,1401,24544014,0.937
6068,1092,15528203,0.977
6069,1092,15258426,0.989
6070,1092,14180468,0.999
6071,1154,17695814,0.966
6072,1141,18828847,0.989
6073,1092,16507348,0.987
6074,1092,18443427,0.976
6075,1092,15038062,0.95
6076,1112,19822306,0.982
6077,1092,13978361,0.995
6078,1631,21103567,0.999
6079,1092,17601758,0.974
6080,1092,15992669,0.979
6081,1092,13368719,0.99
6082,1112,19494401,0.978
6083,1500,31210067,0.907
6084,1092,11635526,0.999
6085,1588,18486297,0.987
6086,1092,17154090,0.949
6087,1092,10739977,1
6088,1092,12005020,0.995
6089,1092,17627963,0.969
6090,1092,12942519,0.995
6091,1092,11754946,0.996
6092,1092,21074651,0.867
6093,3030,66985100,0.89
6094,1092,18162269,0.99
6095,1092,17205514,0.982
6096,1166,22394385,0.949
6097,1092,12593146,0.996
6098,1092,12037321,0.985
6099,2833,51378001,0.983
6100,1525,13653776,0.989
6101,1666,29515981,0.89
6102,1216,18985344,0.962
6103,1092,20712761,0.985
6104,1257,15819685,0.994
6105,1092,18268574,0.954
6106,1092,16157231,0.99
6107,1092,9940552,0.994
6108,1092,15284934,0.986
6109,1092,19316833,0.922
6110,1097,16405783,0.987
6111,1500,28952962,0.883
6112,1092,14196722,0.982
6113,1092,15451217,0.961
6114,1092,13132389,0.996
6115,1092,12379614,0.993
6116,1092,17992388,0.942
6117,1092,18330170,0.978
6118,1447,26857937,0.941
6119,1578,20056859,0.999
6120,1092,13994439,0.993
6121,1092,9603465,0.998
6122,1092,11930680,0.996
6123,1092,14620910,0.99
6124,1505,29317145,0.813
6125,1092,20879549,0.959
6126,1421,25564815,0.956
6127,1500,29378544,0.921
6128,1092,18168080,0.934
6129,1092,16564666,0.985
6130,1873,31437780,0.98
6131,1092,20089923,0.976
6132,1092,10612639,0.985
6133,1092,14014522,0.997
6134,3450,55461280,0.965
6135,1092,20096438,0.942
6136,1092,12601224,0.995
6137,1092,20710724,0.94
6138,1509,25883156,0.959
6139,1092,16489992,0.973
6140,1092,22851679,0.877
6141,1150,22684095,0.936
6142,1092,14501225,0.995
6143,1092,12692148,0.997
6144,1092,19034966,0.974
6145,1590,38062030,0.958
6146,1092,11122328,0.997
6147,1652,25145726,0.993
6148,1150,17888112,0.985
6149,1092,19434914,0.978
6150,1092,15899226,0.993
6151,1092,8859933,0.997
6152,1981,35967367,0.88
6153,1166,13280272,0.99
6154,1548,26360666,0.971
6155,1629,31049774,0.937
6156,1122,18223480,0.988
6157,3332,60319668,0.99
6158,1092,17900471,0.978
6159,1500,23663023,0.854
6160,1092,13873231,0.988
6161,1092,14053720,0.999
6162,1092,16211858,0.997
6163,1940,30409766,0.977
6164,1092,14315493,0.988
6165,1092,17999829,0.982
6166,1092,16453230,0.989
6167,1092,13743637,0.976
6168,1092,20326487,0.912
6169,1166,18817542,0.994
6170,1397,21231051,0.958
6171,1092,20716870,0.99
6172,1333,19204153,0.969
6173,1092,16980296,0.987
6174,1092,11326303,0.996
6175,4735,84882901,0.903
6176,1092,14806775,0.994
6177,1092,13497962,0.989
6178,1092,15979273,0.993
6179,1587,27246374,0.947
6180,1092,16388625,0.98
6181,1595,31350328,0.899
6182,1092,21694265,0.992
6183,1092,8228917,1
6184,1092,14228851,0.992
6185,1528,31588327,0.906
6186,1817,31101472,0.983
6187,1092,12258442,0.997
6188,1092,15615568,0.989
6189,1092,17818334,0.945
6190,1092,15989931,0.991
6191,1092,13699826,0.988
6192,1092,10698535,0.999
6193,1979,30896480,0.985
6194,1092,17061734,0.98
6195,1092,18805253,0.966
6196,1092,17068385,0.916
6197,1196,26109412,0.975
6198,1092,11950739,0.998
6199,1092,20457421,0.963
6200,1092,15859866,0.967
6201,1092,10034432,0.999
6202,1092,14754287,0.978
6203,1092,20348724,0.971
6204,1092,16277881,0.982
6205,1092,14265062,0.934
6206,1223,21423313,0.943
6207,1092,17021511,0.987
6208,1092,18941871,0.95
6209,1092,13792313,0.996
6210,3285,38355155,0.981
6211,1271,20477083,0.982
6212,1690,38512584,0.957
6213,1177,9978306,0.983
6214,1153,8776620,1
6215,1092,14357606,0.996
6216,1092,13720431,1
6217,1092,18024726,0.943
6218,1105,16781800,0.987
6219,1092,9482877,1
6220,1092,17096314,0.976
6221,1092,21368487,0.87
6222,1172,16709344,0.967
6223,1092,11950424,1
6224,1092,20283883,0.928
6225,1092,11259876,0.993
6226,1092,20241729,0.949
6227,1092,18453741,0.93
6228,1092,20291322,0.987
6229,1514,24547017,0.991
6230,1092,16227267,0.964
6231,1500,29911774,0.941
6232,1092,17718660,0.985
6233,1092,11628421,0.979
6234,1166,16420952,0.998
6235,1092,16364481,0.959
6236,2000,29216322,0.985
6237,1092,11336160,0.993
6238,1092,18771451,0.961
6239,1092,17978489,0.995
6240,1092,11026493,0.999
6241,1092,14512412,0.986
6242,1092,21075329,0.957
6243,1092,18735997,0.993
6244,1092,15701798,0.942
6245,1092,17178213,0.983
6246,1092,13893058,0.988
6247,2000,30910244,0.998
6248,1338,13926610,0.997
6249,1092,14684178,0.994
6250,1259,20040817,0.954
6251,1092,21558391,0.823
6252,1092,10820901,0.999
6253,1429,21411805,0.977
6254,1092,11730150,0.993
6255,1166,15749841,0.986
6256,1092,20702190,0.953
6257,1092,10432417,0.997
6258,1092,14238021,0.933
6259,1787,36752387,0.984
6260,1092,11487531,0.998
6261,1092,17459738,0.984
6262,1092,15542885,0.979
6263,2727,52997413,0.864
6264,1861,35783134,0.936
6265,1092,9869620,1
6266,1092,15391827,0.997
6267,1092,18441923,0.94
6268,1166,17894566,0.965
6269,1794,37213050,0.761
6270,1092,17231746,0.999
6271,1092,15087597,0.996
6272,1092,16793654,0.968
6273,1092,20442869,0.738
6274,1092,12335793,0.991
6275,1092,18335334,0.975
6276,1098,21484474,0.833
6277,1092,8423697,0.998
6278,4812,91260056,0.842
6279,1534,21677490,0.986
6280,1092,15142150,0.991
6281,1092,12806787,0.997
6282,1092,19262624,0.991
6283,1954,37456582,0.898
6284,1092,12945861,0.995
6285,1092,14049952,0.993
6286,1155,24223897,0.86
6287,1092,14571613,0.987
6288,1092,19070047,0.938
6289,1092,19747393,0.975
6290,1338,21494588,0.965
6291,1210,24595926,0.871
6292,1092,16760470,0.993
6293,2462,38678604,0.987
6294,1092,13403123,0.987
6295,1092,18891314,0.979
6296,1092,14375026,0.996
6297,1121,16699172,0.975
6298,1092,11589544,0.988
6299,1513,21032058,0.99
6300,1092,18512181,0.964
6301,1092,15365308,0.987
6302,1144,20085143,0.947
6303,1092,19201932,0.985
6304,1092,20834279,0.972
6305,1092,11687698,0.997
6306,1092,15576073,0.98
6307,1392,15820191,0.981
6308,1092,15175176,0.969
6309,1092,12833918,0.999
6310,1092,15899949,0.994
6311,1092,8664920,1
6312,1694,37625224,0.902
6313,1092,17123754,0.974
6314,3332,64965708,0.868
6315,1092,14822891,0.982
6316,1092,21116767,0.91
6317,1317,19706386,0.957
6318,1615,19781558,0.996
6319,1606,31959130,0.866
6320,1092,14438781,0.987
6321,1384,19320338,0.981
6322,1092,19113574,0.946
6323,1346,29152856,0.96
6324,1092,14936099,0.998
6325,2337,42612040,0.841
6326,3375,56243310,0.961
6327,1092,20059477,0.967
6328,1595,33179530,0.937
6329,1092,15916337,0.99
6330,1092,17107142,0.987
6331,1541,15685505,0.987
6332,1166,18869288,0.988
6333,1092,23591154,0.867
6334,1166,15295792,0.963
6335,1473,21083137,0.994
6336,1092,19294138,0.975
6337,1181,21662935,0.957
6338,1425,28083594,0.96
6339,2000,35311203,0.944
6340,1092,20761723,0.925
6341,1092,14275594,0.992
6342,1092,21655022,0.95
6343,1347,27151582,0.959
6344,1504,25757978,0.981
6345,1599,30124391,0.976
6346,1314,23056922,0.895
6347,1092,16610355,0.98
6348,1092,16578458,0.983
6349,1092,11268781,0.998
6350,1092,17442807,0.927
6351,1092,16370149,0.975
6352,1365,21018275,0.973
6353,1268,16136452,0.992
6354,1092,17404317,0.974
6355,1092,11378821,0.989
6356,1322,22674853,0.958
6357,1092,17507834,0.959
6358,1092,14426461,0.994
6359,1092,11082064,0.999
6360,1590,33017433,0.97
6361,1092,18691644,0.959
6362,1119,20022531,0.966
6363,1344,18970697,0.984
6364,1092,12215256,0.998
6365,1092,12120666,0.995
6366,3468,66430661,0.908
6367,1092,19958331,0.923
6368,1092,7326325,1
6369,1500,30200787,0.896
6370,1816,28313069,0.976
6371,1092,15269162,0.987
6372,1092,20730249,0.992
6373,1092,21094368,0.866
6374,1311,16105174,0.98
6375,1092,11327825,0.995
6376,1917,29024628,0.991
6377,1092,14425087,0.995
6378,1092,18191334,0.977
6379,1500,25377884,0.96
6380,1500,31076980,0.806
6381,1092,13052516,0.984
6382,1092,12273971,0.994
6383,2351,31374686,0.993
6384,1092,11202420,0.999
6385,3045,68125384,0.971
6386,1280,16220630,0.996
6387,1092,15456691,0.986
6388,1092,13291893,0.979
6389,1905,35567966,0.941
6390,1092,9627836,0.992
6391,1500,25155813,0.947
6392,1092,12762427,0.996
6393,1092,15927507,0.997
6394,1092,14051780,0.998
6395,3468,53397209,0.979
6396,1092,16387022,0.946
6397,1092,8465104,1
6398,1092,19757585,0.992
6399,1469,27375077,0.991
6400,1166,24691191,0.957
6401,1092,15232514,0.968
6402,1092,18302409,0.959
6403,1092,10802247,0.997
6404,1092,16657474,0.997
6405,1092,21423732,0.878
6406,1368,25997294,0.878
6407,1092,15903446,0.987
6408,2079,39327087,0.931
6409,1092,19802966,0.981
6410,1092,15952108,0.981
6411,1092,19342391,0.99
6412,1092,17744808,0.984
6413,1824,33503305,0.961
6414,1592,24657888,0.97
6415,1092,9814007,0.997
6416,1092,22135506,0.945
6417,1548,21343014,0.992
6418,4321,81097617,0.925
6419,1272,17104913,0.981
6420,1092,16332301,0.978
6421,1092,13263646,0.992
6422,1092,19527463,0.974
6423,1388,20503111,0.993
6424,1114,16553881,0.956
6425,1092,10493179,0.997
6426,1092,17371104,0.989
6427,1260,19404648,0.978
6428,1092,21027202,0.904
6429,1666,35230551,0.952
6430,1092,10904012,1
6431,1092,18734591,0.988
6432,1092,14740357,0.983
6433,2000,25865233,0.98
6434,1106,23499025,0.869
6435,1092,16887740,0.976
6436,1092,18506361,0.987
6437,1155,20642269,0.98
6438,1092,18744363,0.959
6439,1205,15912369,0.99
6440,1092,13062838,0.983
6441,1506,24856464,0.977
6442,1092,15075561,0.993
6443,1092,15231399,0.992
6444,1156,17457693,0.966
6445,1092,15668804,0.975
6446,1092,24495949,0.903
6447,1092,11462522,0.995
6448,1092,17250941,0.976
6449,1092,11032882,0.994
6450,1092,23425101,0.835
6451,1580,31028600,0.912
6452,1092,16430931,0.986
6453,1747,34027715,0.936
6454,1092,14686847,0.986
6455,1906,33134842,0.965
6456,1607,29083578,0.973
6457,1325,26796716,0.767
6458,1097,17839231,0.98
6459,1092,20494574,0.94
6460,1644,32982703,0.959
6461,1310,21893341,0.993
6462,1092,19225408,0.994
6463,1092,20621775,0.956
6464,2902,60510296,0.901
6465,1092,19401992,0.952
6466,1092,19531029,0.956
6467,1092,12262894,0.998
6468,1092,13766779,0.996
6469,1191,18282765,0.976
6470,1166,22161117,0.987
6471,1092,15739943,0.981
6472,1092,16583825,0.977
6473,1299,18755353,0.98
6474,1092,19062144,0.952
6475,1398,28051507,0.988
6476,1092,23408763,0.919
6477,1092,14780053,0.996
6478,1092,8863402,0.998
6479,1092,17859111,0.972
6480,2023,33340726,0.93
6481,1092,17350792,0.974
6482,1092,14131235,0.989
6483,1092,11291595,0.986
6484,1092,9432128,1
6485,1092,10380723,0.997
6486,1092,11925154,0.996
6487,1092,11696438,0.997
6488,1092,18521186,0.973
6489,1092,16340483,0.968
6490,1092,18738691,0.969
6491,1092,21556547,0.97
6492,1092,10317528,0.992
6493,1092,13779843,0.984
6494,1092,16367744,0.954
6495,1092,17922658,0.902
6496,1092,13150858,0.999
6497,1092,13894458,0.993
6498,1092,15936681,0.988
6499,1092,11248525,0.999
6500,1092,13699761,0.991
6501,1877,32389789,0.983
6502,1841,27865262,0.997
6503,1961,40002335,0.865
6504,1092,14811522,1
6505,1092,19569827,0.971
6506,1092,23067286,0.967
6507,1092,16777926,0.994
6508,1182,18780697,0.974
6509,1092,16524047,0.982
6510,1092,18771652,0.963
6511,1092,14294037,0.964
6512,1121,16693796,0.982
6513,1269,18809665,0.994
6514,1092,18541688,0.96
6515,1281,25669031,0.92
6516,1166,22513341,0.838
6517,1092,12004427,0.996
6518,1299,25292966,0.836
6519,1092,17841734,0.978
6520,1092,17572113,0.992
6521,1092,12759842,0.986
6522,1092,10234472,0.993
6523,1092,19319805,0.992
6524,1092,21825210,0.937
6525,1106,9498361,0.999
6526,1092,18211774,0.992
6527,2768,57700018,0.904
6528,1857,40030447,0.87
6529,1092,16248639,0.992
6530,1561,19657811,0.996
6531,1092,15968931,0.996
6532,1092,21121625,0.942
6533,1092,17455590,0.979
6534,1092,10017714,0.999
6535,1092,17177208,0.983
6536,1420,25131513,0.98
6537,1092,14825776,0.971
6538,1330,12118054,0.997
6539,1758,36825419,0.856
6540,1092,15513642,0.987
6541,1092,13104162,0.991
6542,1092,26147504,0.761
6543,1092,15133330,0.989
6544,1092,16365900,0.981
6545,1092,20683501,0.94
6546,1092,21070950,0.861
6547,1477,33760438,0.889
6548,1092,15532979,0.981
6549,1092,18397317,0.886
6550,1092,18605568,0.979
6551,1092,25398564,0.769
6552,1092,14229261,0.95
6553,1092,16440097,0.991
6554,1500,16412610,0.985
6555,1092,13617270,0.992
6556,1092,16881020,0.954
6557,1092,20764549,0.974
6558,1092,18542747,0.969
6559,1092,12000747,0.997
6560,1092,13356031,0.989
6561,1500,36168637,0.828
6562,1092,13052394,0.993
6563,1371,12078107,0.998
6564,1092,15269038,0.999
6565,1092,16768366,0.914
6566,1092,14017911,0.99
6567,1092,19646400,0.981
6568,1633,33930704,0.927
6569,1092,17983947,0.99
6570,1092,9839033,0.982
6571,1092,16016745,0.994
6572,1500,25265874,0.955
6573,1092,19872375,0.962
6574,1092,15088694,0.98
6575,1092,17886944,0.971
6576,1092,12819883,0.986
6577,1092,14392145,1
6578,1092,16792617,0.986
6579,1092,23372938,0.896
6580,1666,26404578,0.989
6581,1092,20612894,0.908
6582,1092,19729912,0.955
6583,1092,16969455,0.971
6584,1662,25506128,0.981
6585,1092,12095047,0.981
6586,1092,13044813,0.999
6587,1166,16926492,0.994
6588,1092,17870357,0.97
6589,1092,23466058,0.865
6590,1113,7643035,0.995
6591,1320,31065673,0.923
6592,1092,18994802,0.978
6593,1092,21848917,0.863
6594,1303,26114299,0.955
6595,1092,14751696,0.988
6596,1092,15425078,0.947
6597,1612,27568736,0.99
6598,1092,17594740,0.97
6599,1092,20229253,0.961
6600,1769,36213779,0.883
6601,1092,17634934,0.958
6602,1092,16121804,0.978
6603,1093,22258973,0.906
6604,1398,27816175,0.979
6605,1130,12463934,0.997
6606,1546,30739937,0.967
6607,1092,14909246,0.92
6608,4024,56729360,0.999
6609,1473,28629726,0.948
6610,1092,19358165,0.939
6611,1092,21056606,0.971
6612,1604,15023368,0.99
6613,1092,16672457,0.956
6614,1092,20049769,0.969
6615,1092,14289310,0.989
6616,1092,21667768,0.982
6617,1335,19243747,0.989
6618,1144,17994170,0.969
6619,1092,20198301,0.928
6620,1092,13317639,0.989
6621,1245,19897830,0.971
6622,1536,33629891,0.881
6623,1538,28056188,0.947
6624,1092,14211440,0.996
6625,1092,8104760,0.999
6626,1105,17854039,0.982
6627,1092,16683788,0.978
6628,1646,36028483,0.914
6629,1092,16202704,0.992
6630,1187,25751590,0.941
6631,1550,29751130,0.957
6632,1500,19165064,0.996
6633,1092,19127803,0.951
6634,1092,11268585,0.993
6635,1092,19705099,0.988
6636,1092,14675214,0.989
6637,1355,22382765,0.966
6638,1488,14044199,0.995
6639,1092,12200525,0.993
6640,1092,16010546,0.997
6641,2035,22576555,0.997
6642,1092,13813480,0.993
6643,1166,10038751,1
6644,1833,37072842,0.968
6645,1092,20764171,0.924
6646,1092,17848981,0.962
6647,1092,16544231,0.978
6648,1092,12299176,0.993
6649,1092,18014856,0.956
6650,1092,14593265,0.993
6651,1092,12574905,0.995
6652,1092,15290536,0.965
6653,1092,24301168,0.99
6654,1092,10557377,0.998
6655,1905,38485400,0.928
6656,1111,12961414,1
6657,1166,22876087,0.747
6658,2000,37621010,0.968
6659,1566,23128079,0.986
6660,1092,12596012,0.98
6661,1524,31003580,0.812
6662,1092,17715896,0.98
6663,1553,29533415,0.949
6664,1092,14129925,0.986
6665,1125,27026272,0.973
6666,1513,30447022,0.87
6667,1092,14587007,1
6668,1544,29365056,0.931
6669,1092,21155117,0.978
6670,1092,10637696,0.999
6671,1206,24999320,0.887
6672,1092,19219395,0.948
6673,1666,38137036,0.849
6674,3045,59123417,0.886
6675,1547,25709792,0.992
6676,1092,16303403,0.986
6677,1155,11598911,0.998
6678,2000,39494788,0.952
6679,1092,12327831,0.999
6680,1092,13919020,0.978
6681,1092,17898527,0.931
6682,1423,29712108,0.927
6683,1092,16329754,0.977
6684,1092,21652981,0.898
6685,1166,21230489,0.937
6686,1092,20867232,0.916
6687,1092,15267115,0.99
6688,1618,44546014,0.922
6689,2833,58657322,0.816
6690,1092,18910595,0.926
6691,1092,16906143,0.966
6692,1166,22427490,0.983
6693,1188,16302820,0.983
6694,1533,22563526,0.962
6695,1092,23501791,0.78
6696,2117,25234197,0.974
6697,1153,19381046,0.977
6698,1262,22798214,0.931
6699,1482,20776824,0.993
6700,1092,21370070,0.944
6701,1092,21562370,0.972
6702,1092,19276637,0.986
6703,1219,14052755,1
6704,1092,17684478,0.979
6705,2114,45223470,0.925
6706,1092,19137038,0.965
6707,1092,13995324,0.976
6708,1286,24217456,0.958
6709,1092,16094487,0.99
6710,1092,15461900,0.994
6711,1654,26611898,0.985
6712,1092,13528417,0.999
6713,1092,17246137,0.991
6714,1666,29675801,0.961
6715,1500,23926766,0.99
6716,3262,69622414,0.9
6717,1092,25093633,0.875
6718,1092,17755349,0.988
6719,2000,38321203,0.898
6720,1509,27209179,0.958
6721,1500,26790096,0.974
6722,2143,35255160,0.971
6723,1092,14557706,0.983
6724,1819,31283703,0.96
6725,1092,15438451,0.994
6726,1092,23564351,0.911
6727,1189,17012790,0.991
6728,1092,13508523,0.991
6729,1092,13628652,0.989
6730,1447,22814327,0.981
6731,1092,13337184,0.999
6732,1867,36003724,0.917
6733,1231,26177903,0.963
6734,1092,16534968,0.994
6735,1092,16761799,0.969
6736,1140,12737370,0.98
6737,1597,27573949,0.973
6738,1092,15795861,0.994
6739,1092,20281010,0.904
6740,1379,24626243,0.958
6741,1092,11497397,0.998
6742,1092,18557965,0.976
6743,1111,12742930,0.994
6744,1092,12068723,0.99
6745,3332,59553229,0.966
6746,1092,22894490,0.926
6747,1092,15672275,0.985
6748,1092,16800803,0.994
6749,1092,6638990,0.999
6750,1092,17893814,0.986
6751,1632,32157968,0.881
6752,1092,14702135,0.998
6753,3799,82994223,0.947
6754,1437,26128626,0.79
6755,1092,16059223,0.998
6756,1092,11655473,0.997
6757,1092,10377179,0.997
6758,1911,37510213,0.966
6759,1148,13189534,0.993
6760,3150,62006453,0.904
6761,1231,22858847,0.953
6762,1092,19323170,0.987
6763,1092,20735014,0.958
6764,1092,18071813,0.982
6765,1092,14599921,0.97
6766,1423,19847516,0.998
6767,1092,13337300,0.99
6768,1322,23144519,0.983
6769,1092,15031385,0.993
6770,1092,17521088,0.997
6771,1092,9772389,0.997
6772,1149,23943961,0.928
6773,1833,33329204,0.918
6774,1092,18665276,0.868
6775,1092,20316819,0.905
6776,1662,32284318,0.929
6777,1092,9367866,0.997
6778,1092,15323636,0.996
6779,1092,19411725,0.984
6780,1619,34978788,0.907
6781,1092,18494831,0.872
6782,1244,14096679,1
6783,1092,21542453,0.982
6784,1092,19822044,0.98
6785,1170,18466303,0.961
6786,1092,13512547,0.996
6787,1092,20862941,0.962
6788,1504,26645795,0.647
6789,1521,31346544,0.913
6790,1092,9651064,1
6791,1166,15738091,0.983
6792,1897,43459075,0.846
6793,1255,21412639,0.976
6794,1166,19014415,0.952
6795,1512,36746799,0.76
6796,1273,20618411,0.977
6797,4857,71177135,0.998
6798,1092,18790025,0.963
6799,1092,17970971,0.99
6800,1092,14068306,0.993
6801,1389,20764007,0.995
6802,1092,18541034,0.976
6803,1092,12568984,0.998
6804,1092,15716716,0.987
6805,1092,11430618,0.999
6806,1092,16769290,0.99
6807,1092,14769046,1
6808,1092,16982410,0.996
6809,2922,56446515,0.969
6810,1092,15015186,0.968
6811,1092,14990819,0.992
6812,1092,17731169,0.99
6813,1092,18861946,0.98
6814,3737,73753152,0.914
6815,1092,17557448,0.957
6816,1092,13573240,0.993
6817,1092,18289290,0.952
6818,1092,13343312,0.998
6819,1113,19948037,0.995
6820,1575,28586298,0.921
6821,1092,16463444,0.94
6822,1092,14428541,0.969
6823,1092,13025533,0.999
6824,1319,17145000,0.994
6825,1535,29964621,0.919
6826,1252,26131222,0.849
6827,1092,14380865,0.99
6828,1092,23579808,0.93
6829,1166,20600547,0.947
6830,1092,17189303,0.984
6831,1092,7450401,0.998
6832,1092,14510653,0.999
6833,1092,14693106,0.98
6834,1092,24305620,0.979
6835,1092,9445845,1
6836,1092,18207562,0.994
6837,2103,27670609,0.989
6838,1092,23963144,0.923
6839,1550,22529298,0.993
6840,2000,23512521,0.994
6841,1206,26186632,0.969
6842,1092,12483270,0.997
6843,1166,18334030,0.929
6844,1092,19684445,0.984
6845,4771,96828118,0.908
6846,1092,18160541,0.993
6847,1460,27004609,0.943
6848,1330,27324098,0.95
6849,1092,14736176,0.992
6850,1092,15894696,0.98
6851,1092,23005819,0.939
6852,1092,7080703,1
6853,1092,15670713,0.982
6854,1092,9100191,0.998
6855,1092,12636570,0.987
6856,1092,14611929,0.987
6857,1128,21250057,0.823
6858,1478,27523591,0.976
6859,1639,23355916,0.995
6860,1092,10715407,0.998
6861,1092,23287819,0.779
6862,1092,12353933,0.981
6863,1092,14538342,0.998
6864,1453,14224161,0.997
6865,1092,21086249,0.96
6866,2121,43307900,0.964
6867,1500,22799478,0.97
6868,1092,15275452,0.991
6869,1092,11997947,0.998
6870,1092,17084284,0.991
6871,1194,14989097,0.997
6872,1092,20068057,0.977
6873,2833,44062000,0.996
6874,1092,11744345,0.999
6875,1330,22912094,0.914
6876,2501,27926381,0.999
6877,1206,21752526,0.985
6878,1135,19571304,0.935
6879,1569,23432535,0.993
6880,1092,11237565,0.991
6881,1125,11738979,0.998
6882,1133,20186298,0.969
6883,1347,14756559,0.99
6884,1092,11157939,0.998
6885,1092,12148109,0.993
6886,1092,22338636,0.947
6887,1092,21341494,0.919
6888,1092,11110071,0.994
6889,1092,21702021,0.949
6890,1092,18628548,0.977
6891,1106,23549867,0.951
6892,1092,19708949,0.981
6893,1092,19778650,0.894
6894,1092,19026390,0.985
6895,1285,16776153,0.991
6896,1092,18134781,0.977
6897,1092,13561821,0.995
6898,1166,18275806,0.941
6899,1092,18388648,0.912
6900,1092,17245922,0.987
6901,1092,9591641,0.994
6902,1500,31068834,0.898
6903,1092,18570928,0.975
6904,1979,36108596,0.991
6905,1500,29427454,0.887
6906,1533,32703864,0.853
6907,1092,25140753,0.908
6908,1092,16639906,0.978
6909,1639,30563009,0.927
6910,1166,14620420,0.992
6911,1092,13571688,0.997
6912,1092,13239906,0.996
6913,1092,13683254,0.999
6914,1092,22090696,0.845
6915,1482,35826978,0.881
6916,1238,22008299,0.931
6917,1092,12532294,0.995
6918,1092,14610215,0.993
6919,3332,64015567,0.953
6920,1500,19828394,0.98
6921,1157,19765225,0.968
6922,1978,34936273,0.876
6923,1405,11143967,0.996
6924,2666,47164744,0.995
6925,1092,19860765,0.968
6926,1092,12762773,0.994
6927,2000,36184660,0.926
6928,1092,16528134,0.98
6929,1092,13773942,0.999
6930,1092,11751379,0.993
6931,1500,20466670,0.991
6932,1092,16360243,0.987
6933,1092,17063116,0.975
6934,1092,11412685,0.997
6935,1092,13143515,0.998
6936,1092,17275781,0.991
6937,1092,14805577,0.997
6938,1548,12264059,0.997
6939,1454,23664865,0.973
6940,1635,29544402,0.987
6941,1092,18570085,0.979
6942,1092,12484255,0.99
6943,1277,24615669,0.904
6944,1092,14688853,0.999
6945,1167,22217774,0.945
6946,1951,37347126,0.983
6947,1211,21572410,0.947
6948,1166,25900015,0.827
6949,1887,28649167,0.993
6950,1092,13268395,0.989
6951,1092,11504619,0.998
6952,1092,11446975,1
6953,1109,17973303,0.972
6954,1500,27384414,0.837
6955,1092,22214409,0.982
6956,1092,10873280,1
6957,1092,20049042,0.958
6958,1092,16246085,0.986
6959,1164,22156566,0.952
6960,1092,12394479,0.995
6961,1092,13698938,0.993
6962,1092,19729107,0.954
6963,1092,19776660,0.862
6964,1247,14055177,1
6965,1092,12471803,0.984
6966,1684,31016344,0.797
6967,1092,11056892,1
6968,1092,13681078,0.999
6969,2320,41362398,0.916
6970,1092,10079714,0.995
6971,1092,9598776,0.999
6972,1092,15207145,0.998
6973,1092,18921183,0.949
6974,1092,16435623,0.982
6975,2833,48676352,0.947
6976,1092,19363786,0.986
6977,1092,11374286,0.998
6978,1092,18164779,0.965
6979,1092,11695255,0.998
