QueryID,EF,Latency(ns),Recall
0,100,521443,0.67
1,100,270688,0.95
2,100,276132,0.85
3,100,172410,1
4,100,321240,0.44
5,100,227853,0.93
6,100,231979,1
7,100,293276,0.88
8,100,257155,0.97
9,100,264767,0.91
10,100,352414,0.73
11,100,256725,0.97
12,100,296055,0.89
13,100,316961,0.9
14,100,237136,0.95
15,100,326092,0.79
16,100,290773,0.87
17,100,240679,0.98
18,100,192419,1
19,100,308442,0.84
20,100,315280,0.71
21,100,252197,0.91
22,100,308222,0.91
23,100,324602,0.7
24,100,298920,0.85
25,100,282187,0.87
26,100,280859,0.91
27,100,303447,0.91
28,100,285157,0.88
29,100,291843,0.95
30,100,339978,0.72
31,100,277956,0.73
32,100,292550,0.88
33,100,377427,0.73
34,100,308356,0.75
35,100,299904,0.72
36,100,282178,0.88
37,100,230135,0.94
38,100,299578,0.97
39,100,312511,0.91
40,100,230823,0.92
41,100,187214,1
42,100,262694,1
43,100,225618,1
44,100,274231,0.88
45,100,311470,0.99
46,100,271853,1
47,100,279168,0.83
48,100,260259,0.97
49,100,271528,0.89
50,100,197787,1
51,100,228445,0.93
52,100,475685,0.65
53,100,321460,0.98
54,100,290563,1
55,100,332300,0.96
56,100,425124,0.77
57,100,368679,1
58,100,427329,0.78
59,100,444712,0.66
60,100,443700,0.86
61,100,499496,0.72
62,100,385488,0.96
63,100,350246,0.96
64,100,386233,0.89
65,100,430682,0.77
66,100,403491,0.91
67,100,310152,0.97
68,100,413739,0.87
69,100,392326,0.92
70,100,554394,0.68
71,100,455715,0.81
72,100,294669,0.99
73,100,388363,0.94
74,100,340399,0.97
75,100,383234,0.9
76,100,514719,0.61
77,100,340256,0.95
78,100,248263,0.91
79,100,245407,0.97
80,100,254127,0.86
81,100,367934,0.48
82,100,348689,0.88
83,100,357323,0.6
84,100,266781,0.93
85,100,297555,0.81
86,100,175581,1
87,100,346397,0.66
88,100,310333,0.84
89,100,353569,0.8
90,100,279446,0.9
91,100,206000,0.97
92,100,261538,0.94
93,100,284651,0.8
94,100,338718,0.94
95,100,336989,0.78
96,100,312663,0.95
97,100,221291,0.97
98,100,310620,0.79
99,100,275769,0.91
100,100,326560,0.63
101,100,175256,0.99
102,100,298414,0.93
103,100,340007,0.71
104,100,232494,0.56
105,100,268548,0.9
106,100,246267,1
107,100,338785,0.76
108,100,268224,0.98
109,100,372202,0.54
110,100,224214,0.99
111,100,180233,1
112,100,287049,0.64
113,100,233755,0.96
114,100,276734,0.95
115,100,291928,0.98
116,100,277842,0.91
117,100,331268,0.7
118,100,334774,0.77
119,100,317773,0.74
120,100,322453,0.81
121,100,314459,0.84
122,100,221702,0.99
123,100,280611,0.8
124,100,203871,1
125,100,286877,0.78
126,100,280458,0.87
127,100,366902,0.87
128,100,303457,0.88
129,100,292206,0.81
130,100,242350,0.99
131,100,271796,0.92
132,100,302960,0.86
133,100,234128,0.99
134,100,325720,0.8
135,100,361849,0.35
136,100,238941,0.99
137,100,350666,0.83
138,100,293658,0.84
139,100,293247,0.93
140,100,187882,1
141,100,267297,0.94
142,100,211368,0.9
143,100,288929,0.85
144,100,286886,0.8
145,100,267345,0.94
146,100,301622,0.8
147,100,364505,0.77
148,100,354305,0.87
149,100,176240,1
150,100,272359,0.85
151,100,229352,0.77
152,100,292148,0.89
153,100,329282,0.74
154,100,239504,0.91
155,100,234051,0.95
156,100,310238,0.71
157,100,253057,0.97
158,100,251462,0.87
159,100,295950,0.94
160,100,270001,0.91
161,100,327582,0.74
162,100,353531,0.79
163,100,167329,1
164,100,287802,0.73
165,100,295778,0.66
166,100,292444,0.86
167,100,325691,0.62
168,100,302139,0.84
169,100,218407,1
170,100,260115,0.98
171,100,248511,1
172,100,254280,0.93
173,100,325395,0.75
174,100,215399,0.96
175,100,271643,0.97
176,100,297402,0.89
177,100,288414,0.83
178,100,296752,0.88
179,100,261289,0.94
180,100,259294,1
181,100,316962,0.95
182,100,282416,0.78
183,100,220269,0.97
184,100,291480,0.91
185,100,283668,0.79
186,100,288242,0.88
187,100,286256,0.97
188,100,277297,0.98
189,100,374648,0.92
190,100,314182,0.88
191,100,315251,0.7
192,100,305892,0.79
193,100,251835,0.98
194,100,245321,0.94
195,100,337028,0.72
196,100,290505,0.7
197,100,247441,0.94
198,100,284823,0.73
199,100,298299,0.87
200,100,332758,0.88
201,100,406787,0.69
202,100,373387,0.71
203,100,281633,0.85
204,100,273763,0.88
205,100,271825,0.74
206,100,326177,0.71
207,100,311250,0.84
208,100,331412,0.9
209,100,197653,0.89
210,100,379356,0.71
211,100,289436,0.82
212,100,379118,0.61
213,100,306484,0.91
214,100,296809,0.87
215,100,253745,0.94
216,100,250201,0.95
217,100,220699,0.96
218,100,244757,0.92
219,100,298566,0.71
220,100,275273,0.94
221,100,328976,0.7
222,100,339539,0.66
223,100,351134,0.54
224,100,246553,0.96
225,100,312616,0.73
226,100,316808,0.87
227,100,357142,0.72
228,100,317372,0.76
229,100,289913,0.85
230,100,290258,0.8
231,100,227958,0.92
232,100,309072,0.71
233,100,302339,0.82
234,100,267756,0.89
235,100,276027,0.84
236,100,294478,0.83
237,100,247145,1
238,100,287201,0.9
239,100,239715,1
240,100,275883,0.95
241,100,262436,0.91
242,100,227384,0.99
243,100,281309,0.91
244,100,236706,1
245,100,226248,0.96
246,100,260946,0.9
247,100,254327,0.88
248,100,251644,0.92
249,100,151991,1
250,100,315633,0.75
251,100,257881,0.86
252,100,255646,0.85
253,100,397770,0.5
254,100,370140,0.82
255,100,367838,0.62
256,100,295883,0.97
257,100,309654,0.93
258,100,324563,0.77
259,100,268434,0.9
260,100,327496,0.72
261,100,279475,0.8
262,100,321326,0.84
263,100,195180,0.98
264,100,347199,0.55
265,100,216258,0.96
266,100,269016,0.8
267,100,225886,1
268,100,208589,0.99
269,100,210651,1
270,100,248406,0.99
271,100,313561,0.86
272,100,248148,0.96
273,100,292435,0.96
274,100,306761,0.91
275,100,318260,0.82
276,100,281098,0.92
277,100,269312,0.87
278,100,221454,0.98
279,100,300085,0.61
280,100,303304,0.89
281,100,293552,0.83
282,100,238731,0.98
283,100,184636,0.99
284,100,286017,0.94
285,100,278558,0.93
286,100,352404,0.43
287,100,315758,0.79
288,100,320553,0.87
289,100,259055,0.89
290,100,286599,0.88
291,100,260870,0.97
292,100,269790,0.98
293,100,166222,1
294,100,299063,0.83
295,100,281681,0.93
296,100,218206,0.94
297,100,301995,0.7
298,100,203088,1
299,100,286886,0.95
300,100,277765,0.77
301,100,262178,0.87
302,100,324277,0.8
303,100,274403,0.9
304,100,311737,0.88
305,100,295061,0.84
306,100,436833,0.83
307,100,276743,0.91
308,100,354467,0.86
309,100,299321,0.89
310,100,273811,0.95
311,100,348584,0.91
312,100,377666,0.85
313,100,250927,0.95
314,100,302091,0.83
315,100,329282,0.9
316,100,316398,0.81
317,100,315443,0.9
318,100,303982,0.87
319,100,277870,0.87
320,100,318929,0.74
321,100,310304,0.72
322,100,308719,0.85
323,100,364257,0.68
324,100,382480,0.95
325,100,348985,0.59
326,100,280898,0.88
327,100,239581,0.84
328,100,264670,0.91
329,100,384151,0.94
330,100,230594,0.99
331,100,230450,0.99
332,100,284909,0.92
333,100,278663,0.88
334,100,316799,0.59
335,100,314516,0.67
336,100,250937,0.99
337,100,273572,0.88
338,100,330457,0.94
339,100,303552,0.95
340,100,218665,0.97
341,100,295148,0.87
342,100,367858,0.73
343,100,324133,0.91
344,100,287077,0.97
345,100,266314,0.96
346,100,286036,0.83
347,100,212705,0.98
348,100,263802,0.95
349,100,297000,0.91
350,100,301575,0.99
351,100,174044,1
352,100,338307,0.85
353,100,312673,0.97
354,100,306914,0.69
355,100,320753,0.65
356,100,385612,0.64
357,100,220957,1
358,100,176049,0.95
359,100,240507,0.99
360,100,315003,0.96
361,100,243612,0.94
362,100,317248,0.92
363,100,337505,0.77
364,100,320055,0.64
365,100,296083,0.81
366,100,302483,0.86
367,100,307239,0.93
368,100,283916,0.87
369,100,288415,0.93
370,100,330924,0.6
371,100,267115,0.88
372,100,250641,0.91
373,100,289694,0.88
374,100,293571,0.69
375,100,282922,0.95
376,100,397923,0.8
377,100,294383,0.99
378,100,282407,0.92
379,100,312587,0.93
380,100,266935,0.92
381,100,314765,0.71
382,100,358784,0.8
383,100,294392,0.98
384,100,295377,0.85
385,100,280678,0.86
386,100,222179,1
387,100,257183,1
388,100,313045,0.74
389,100,245111,0.97
390,100,311298,0.96
391,100,248817,0.99
392,100,262016,0.97
393,100,313389,0.94
394,100,309340,0.91
395,100,342165,0.87
396,100,351067,0.86
397,100,301079,0.85
398,100,212715,1
399,100,305720,0.72
400,100,318556,0.79
401,100,305854,0.91
402,100,389566,0.81
403,100,345767,0.87
404,100,319606,0.94
405,100,418047,0.94
406,100,494062,0.87
407,100,379901,0.74
408,100,280219,0.9
409,100,298423,0.99
410,100,366577,0.74
411,100,421189,0.7
412,100,405611,0.78
413,100,333169,0.89
414,100,231826,0.98
415,100,328928,0.91
416,100,351229,0.99
417,100,280888,1
418,100,261739,0.95
419,100,249533,0.94
420,100,266629,0.89
421,100,307716,0.8
422,100,216306,1
423,100,129346,0.99
424,100,334955,0.72
425,100,208197,1
426,100,365270,0.8
427,100,285415,0.95
428,100,348641,0.84
429,100,321890,0.92
430,100,224538,0.94
431,100,306198,0.95
432,100,390521,0.78
433,100,234720,1
434,100,157225,1
435,100,285224,0.86
436,100,197443,1
437,100,260001,0.96
438,100,314507,0.9
439,100,247145,0.91
440,100,327945,0.7
441,100,228597,0.95
442,100,233649,0.98
443,100,309368,0.8
444,100,285224,0.86
445,100,326350,0.81
446,100,320285,0.87
447,100,230374,0.96
448,100,304708,0.94
449,100,213469,0.99
450,100,291270,0.83
451,100,384619,0.65
452,100,317171,0.86
453,100,265817,0.96
454,100,307000,0.83
455,100,285568,0.94
456,100,302176,0.89
457,100,330762,0.63
458,100,265970,0.97
459,100,333102,0.97
460,100,344850,0.85
461,100,285396,0.93
462,100,269427,0.9
463,100,323953,0.85
464,100,207653,0.94
465,100,336474,0.58
466,100,308174,0.68
467,100,242647,0.98
468,100,278204,0.96
469,100,308433,0.85
470,100,296045,0.96
471,100,338421,0.65
472,100,419775,0.81
473,100,310295,0.91
474,100,324296,0.78
475,100,325414,0.71
476,100,347228,0.72
477,100,372098,0.74
478,100,306809,0.92
479,100,327840,0.81
480,100,218025,1
481,100,276075,0.94
482,100,269083,0.94
483,100,310352,0.95
484,100,182143,1
485,100,381267,0.92
486,100,331421,0.94
487,100,271642,0.93
488,100,259332,0.99
489,100,294756,0.85
490,100,340705,0.6
491,100,329788,0.91
492,100,237957,0.98
493,100,179975,1
494,100,281996,0.85
495,100,273811,0.96
496,100,296494,0.87
497,100,253363,0.96
498,100,334058,0.88
499,100,313838,1
500,100,252112,0.89
501,100,306407,0.64
502,100,278223,0.98
503,100,376845,0.72
504,100,250373,0.89
505,100,238053,0.94
506,100,318050,0.72
507,100,248253,0.89
508,100,336530,0.76
509,100,283085,0.94
510,100,380637,0.98
511,100,403749,0.72
512,100,351554,0.82
513,100,325050,0.87
514,100,375211,0.7
515,100,321650,0.83
516,100,266027,0.99
517,100,368058,0.66
518,100,318461,0.78
519,100,314765,0.84
520,100,229773,0.99
521,100,295520,0.75
522,100,289742,0.87
523,100,288605,0.88
524,100,447320,0.6
525,100,455638,0.71
526,100,262235,0.96
527,100,306523,0.94
528,100,281757,0.87
529,100,291996,0.89
530,100,288424,0.94
531,100,266954,0.9
532,100,335624,0.76
533,100,289598,0.94
534,100,209811,1
535,100,233267,0.97
536,100,216162,0.99
537,100,369471,0.75
538,100,322300,0.85
539,100,313122,0.92
540,100,314163,0.88
541,100,345642,0.85
542,100,306809,0.83
543,100,271318,0.96
544,100,311116,0.96
545,100,280315,0.95
546,100,347027,0.85
547,100,266896,0.97
548,100,237231,0.99
549,100,283075,0.98
550,100,352996,0.86
551,100,301527,0.82
552,100,385498,0.65
553,100,324774,0.73
554,100,226191,0.98
555,100,316274,0.89
556,100,318347,0.8
557,100,323179,0.9
558,100,361688,0.74
559,100,257776,0.94
560,100,323274,0.84
561,100,357628,0.73
562,100,294957,0.97
563,100,411734,0.73
564,100,257374,0.96
565,100,355432,0.76
566,100,292301,0.91
567,100,288329,0.94
568,100,314659,0.84
569,100,275463,0.93
570,100,359090,0.74
571,100,343742,0.83
572,100,253840,0.98
573,100,342758,0.76
574,100,305825,0.8
575,100,384351,0.75
576,100,339129,0.9
577,100,273257,1
578,100,312081,0.82
579,100,308022,0.87
580,100,286389,0.83
581,100,322634,0.87
582,100,332681,0.66
583,100,365288,0.94
584,100,246581,0.99
585,100,293543,0.88
586,100,329435,0.81
587,100,310562,0.96
588,100,333876,0.98
589,100,304526,0.82
590,100,317028,0.88
591,100,331688,0.86
592,100,310534,0.76
593,100,264824,0.94
594,100,220231,1
595,100,211740,1
596,100,302339,0.98
597,100,319989,0.7
598,100,284928,0.71
599,100,231568,0.98
600,100,297086,0.85
601,100,189975,1
602,100,313867,0.9
603,100,299264,0.87
604,100,270583,0.88
605,100,269551,0.83
606,100,283907,0.73
607,100,189774,0.98
608,100,297832,0.74
609,100,554785,0.77
610,100,449258,0.67
611,100,296226,0.98
612,100,290917,0.69
613,100,342653,0.75
614,100,425086,0.73
615,100,334181,0.85
616,100,332538,0.7
617,100,238540,0.94
618,100,313160,0.71
619,100,256353,0.84
620,100,315958,0.95
621,100,202820,1
622,100,324487,0.77
623,100,357542,0.81
624,100,259103,0.97
625,100,348823,0.69
626,100,278739,0.94
627,100,292702,0.99
628,100,332939,0.94
629,100,222752,0.98
630,100,318805,0.59
631,100,271108,0.78
632,100,364993,0.86
633,100,358421,0.61
634,100,241195,0.98
635,100,314688,0.91
636,100,290935,0.96
637,100,322043,0.77
638,100,323046,0.81
639,100,324173,0.79
640,100,257317,1
641,100,325098,0.82
642,100,362652,0.56
643,100,378211,0.77
644,100,291662,0.92
645,100,253325,0.97
646,100,132574,1
647,100,315519,0.86
648,100,203221,0.97
649,100,310906,0.78
650,100,246715,0.94
651,100,288586,0.85
652,100,250507,0.93
653,100,260287,0.98
654,100,413548,0.8
655,100,398114,0.45
656,100,338307,0.63
657,100,311670,0.75
658,100,316188,0.75
659,100,334401,0.98
660,100,307582,0.84
661,100,318078,0.48
662,100,258721,0.96
663,100,262130,1
664,100,328537,0.71
665,100,178275,0.99
666,100,227480,1
667,100,341564,0.86
668,100,110436,1
669,100,319635,0.82
670,100,298032,0.78
671,100,280564,0.92
672,100,317220,0.77
673,100,302072,0.71
674,100,274126,0.93
675,100,299158,0.82
676,100,297822,0.87
677,100,301012,0.64
678,100,203068,1
679,100,270029,0.71
680,100,251758,0.97
681,100,289187,0.87
682,100,330342,0.69
683,100,269732,0.94
684,100,448590,0.85
685,100,292893,0.92
686,100,252962,0.55
687,100,296542,0.85
688,100,290448,0.96
689,100,223803,0.99
690,100,327553,0.69
691,100,330361,0.79
692,100,297230,0.85
693,100,206879,1
694,100,268367,0.83
695,100,289064,0.83
696,100,403882,0.54
697,100,215532,0.93
698,100,291853,0.82
699,100,298003,0.89
700,100,310695,0.94
701,100,298738,0.84
702,100,346196,0.45
703,100,187205,0.99
704,100,273562,0.87
705,100,284402,0.57
706,100,351020,0.86
707,100,276217,0.96
708,100,303542,0.83
709,100,194424,1
710,100,288041,0.85
711,100,296637,0.84
712,100,247202,0.82
713,100,138801,1
714,100,342777,0.7
715,100,248186,0.96
716,100,242188,0.96
717,100,332109,0.77
718,100,334831,0.71
719,100,314555,0.72
720,100,322204,0.76
721,100,342442,0.89
722,100,368536,0.7
723,100,287736,0.74
724,100,241740,0.96
725,100,325184,0.75
726,100,349233,0.74
727,100,309015,0.95
728,100,246944,0.99
729,100,298547,0.76
730,100,253611,0.91
731,100,300639,0.94
732,100,324984,0.83
733,100,285664,0.62
734,100,183623,0.99
735,100,309397,0.92
736,100,399929,0.95
737,100,379595,0.65
738,100,216239,1
739,100,348106,0.73
740,100,236830,0.98
741,100,271614,0.97
742,100,323045,0.64
743,100,315873,0.93
744,100,233879,0.96
745,100,287736,0.7
746,100,254385,0.9
747,100,256190,0.98
748,100,292521,0.87
749,100,202715,1
750,100,215685,0.99
751,100,301355,0.92
752,100,155315,0.98
753,100,275320,0.66
754,100,358965,0.82
755,100,367294,0.55
756,100,282178,0.88
757,100,284632,0.9
758,100,219677,0.97
759,100,304087,0.65
760,100,287058,0.97
761,100,331918,0.83
762,100,299703,0.87
763,100,303714,0.8
764,100,327620,0.79
765,100,295272,0.79
766,100,306169,0.91
767,100,298891,0.74
768,100,281662,0.88
769,100,291327,0.89
770,100,239104,0.95
771,100,335194,0.72
772,100,269522,0.81
773,100,297717,0.89
774,100,349014,0.69
775,100,252656,0.99
776,100,279227,0.98
777,100,229792,0.98
778,100,328202,0.8
779,100,226831,0.97
780,100,329912,0.73
781,100,375842,0.69
782,100,279417,0.88
783,100,263534,0.96
784,100,266782,0.95
785,100,235426,0.97
786,100,250498,0.93
787,100,301795,0.92
788,100,286561,1
789,100,361545,0.79
790,100,339129,0.91
791,100,253248,0.88
792,100,298911,0.74
793,100,306933,0.78
794,100,328747,0.83
795,100,316350,0.97
796,100,305252,0.71
797,100,331001,0.82
798,100,291355,0.82
799,100,286743,0.83
800,100,304889,0.79
801,100,317401,0.95
802,100,232590,0.97
803,100,281299,0.81
804,100,281920,0.98
805,100,280821,0.92
806,100,324678,0.57
807,100,316475,0.9
808,100,277526,0.88
809,100,251434,0.96
810,100,328384,0.74
811,100,313322,0.7
812,100,242417,0.98
813,100,290544,0.86
814,100,290010,0.84
815,100,213125,0.99
816,100,260296,0.93
817,100,262589,0.9
818,100,328852,0.73
819,100,324544,0.76
820,100,281690,0.96
821,100,326836,0.7
822,100,271127,0.79
823,100,225856,1
824,100,295597,0.77
825,100,314689,0.69
826,100,272540,0.95
827,100,254718,0.92
828,100,270029,0.92
829,100,276752,0.89
830,100,256276,0.98
831,100,297545,0.7
832,100,286590,0.87
833,100,293610,0.76
834,100,284498,0.8
835,100,232323,0.95
836,100,287163,0.87
837,100,255903,0.95
838,100,298089,0.82
839,100,212152,0.9
840,100,560391,0.97
841,100,390636,0.91
842,100,380293,0.84
843,100,361687,0.8
844,100,364582,0.9
845,100,251032,0.99
846,100,145534,0.98
847,100,318852,0.68
848,100,277593,0.91
849,100,168504,1
850,100,127159,1
851,100,361248,0.92
852,100,322004,0.91
853,100,300381,0.94
854,100,276925,0.98
855,100,329253,0.62
856,100,306503,0.81
857,100,307535,0.83
858,100,273276,0.91
859,100,329119,0.62
860,100,319024,0.66
861,100,339329,0.64
862,100,288977,0.95
863,100,262761,0.94
864,100,311078,0.82
865,100,239925,0.93
866,100,323475,0.66
867,100,285759,0.86
868,100,303868,0.91
869,100,332853,0.94
870,100,236992,0.98
871,100,267927,0.86
872,100,317764,0.83
873,100,214740,1
874,100,326226,0.8
875,100,252159,0.9
876,100,282703,0.9
877,100,260860,0.9
878,100,205867,0.99
879,100,217557,1
880,100,314602,0.82
881,100,274976,0.97
882,100,252026,0.92
883,100,220222,0.9
884,100,203413,0.97
885,100,311899,0.83
886,100,264690,0.99
887,100,297926,0.89
888,100,271662,0.9
889,100,306579,0.68
890,100,223517,0.96
891,100,298739,0.64
892,100,407666,0.86
893,100,230804,0.99
894,100,247461,0.98
895,100,244604,0.97
896,100,211807,0.95
897,100,326015,0.67
898,100,343130,0.85
899,100,290057,0.97
900,100,272168,0.86
901,100,387981,0.86
902,100,271146,0.95
903,100,338222,0.88
904,100,319693,0.87
905,100,262588,0.83
906,100,318499,0.69
907,100,238454,0.93
908,100,260268,0.92
909,100,279064,0.87
910,100,306016,0.48
911,100,338546,0.42
912,100,298538,0.85
913,100,267889,0.94
914,100,255378,0.96
915,100,267975,0.91
916,100,242684,0.9
917,100,341449,0.59
918,100,306064,0.68
919,100,288023,0.91
920,100,273668,0.86
921,100,319759,0.86
922,100,237766,0.97
923,100,291002,0.88
924,100,302741,0.88
925,100,172678,0.99
926,100,274862,0.74
927,100,314889,0.52
928,100,254041,0.98
929,100,262503,0.98
930,100,293964,0.8
931,100,281547,0.92
932,100,301995,0.89
933,100,291175,0.78
934,100,296016,0.87
935,100,300181,0.79
936,100,236372,0.96
937,100,307621,0.79
938,100,251453,0.95
939,100,282521,0.75
940,100,342624,0.81
941,100,258673,0.95
942,100,310581,0.8
943,100,285835,0.99
944,100,340179,0.86
945,100,333303,0.61
946,100,265358,0.92
947,100,272722,0.9
948,100,302224,0.71
949,100,325901,0.9
950,100,227108,1
951,100,304880,0.83
952,100,283571,0.91
953,100,255693,0.93
954,100,266266,0.9
955,100,229934,0.99
956,100,284756,0.92
957,100,264117,0.97
958,100,282550,0.8
959,100,313150,0.75
960,100,303036,0.79
961,100,328403,0.8
962,100,300973,0.76
963,100,305309,0.81
964,100,360484,0.72
965,100,252647,0.95
966,100,282511,0.77
967,100,261252,0.78
968,100,266199,0.86
969,100,373512,0.85
970,100,408200,0.82
971,100,315013,0.75
972,100,251892,0.94
973,100,249008,0.95
974,100,337753,0.89
975,100,332071,0.84
976,100,214978,0.99
977,100,269847,0.89
978,100,345279,0.62
979,100,262388,0.92
980,100,312578,0.66
981,100,308022,0.83
982,100,211215,0.99
983,100,302587,0.95
984,100,176040,1
985,100,285157,0.86
986,100,305252,0.72
987,100,251758,0.91
988,100,242532,0.88
989,100,293619,0.91
990,100,329693,0.78
991,100,283591,0.77
992,100,277326,0.87
993,100,311154,0.89
994,100,293743,0.91
995,100,395545,0.6
996,100,351516,0.7
997,100,337658,0.7
998,100,314899,0.86
999,100,316560,0.79
0,200,580266,0.84
1,200,434598,1
2,200,485208,0.96
3,200,288873,1
4,200,610055,0.69
5,200,437759,0.97
6,200,408620,1
7,200,552302,0.95
8,200,427989,1
9,200,456078,0.98
10,200,645880,0.81
11,200,447291,1
12,200,527326,0.96
13,200,588518,0.96
14,200,392488,0.99
15,200,502600,0.87
16,200,541395,0.99
17,200,435945,1
18,200,334802,1
19,200,514595,0.94
20,200,542588,0.93
21,200,468303,0.96
22,200,608298,0.98
23,200,584221,0.83
24,200,558701,0.92
25,200,576475,0.96
26,200,492753,0.99
27,200,724006,0.96
28,200,628240,0.95
29,200,481913,0.98
30,200,592176,0.82
31,200,533468,0.84
32,200,486813,0.94
33,200,593666,0.87
34,200,557316,0.89
35,200,620226,0.86
36,200,574546,0.92
37,200,442029,0.99
38,200,503125,1
39,200,494090,0.94
40,200,380531,0.98
41,200,334458,1
42,200,472238,1
43,200,420454,1
44,200,487595,0.98
45,200,425706,0.99
46,200,454138,1
47,200,547679,0.96
48,200,408439,1
49,200,478102,0.96
50,200,350580,1
51,200,413978,0.98
52,200,582492,0.79
53,200,387886,1
54,200,342194,1
55,200,404685,1
56,200,486535,0.9
57,200,409422,1
58,200,725572,0.91
59,200,664619,0.76
60,200,558825,0.93
61,200,623885,0.89
62,200,435324,0.99
63,200,415840,1
64,200,471798,0.96
65,200,589617,0.94
66,200,489506,0.96
67,200,345136,1
68,200,508845,0.97
69,200,528644,1
70,200,614716,0.81
71,200,552540,0.91
72,200,347533,0.99
73,200,495971,0.98
74,200,430224,1
75,200,446986,0.97
76,200,645393,0.76
77,200,493469,0.98
78,200,377666,1
79,200,394743,0.99
80,200,457281,0.93
81,200,621201,0.72
82,200,592415,0.95
83,200,632146,0.72
84,200,469325,0.99
85,200,593551,0.95
86,200,307993,1
87,200,671065,0.78
88,200,583389,0.94
89,200,615222,0.88
90,200,409700,0.99
91,200,335910,1
92,200,501826,0.99
93,200,595634,0.93
94,200,490498,0.98
95,200,466164,0.96
96,200,456565,0.99
97,200,383215,0.99
98,200,571842,0.92
99,200,485131,0.98
100,200,627151,0.81
101,200,292464,1
102,200,501654,0.98
103,200,589932,0.83
104,200,491406,0.75
105,200,499887,0.98
106,200,414083,1
107,200,573639,0.85
108,200,432793,1
109,200,634438,0.76
110,200,408601,1
111,200,305176,1
112,200,549876,0.83
113,200,459927,0.99
114,200,461693,1
115,200,433146,1
116,200,478771,0.98
117,200,822378,0.87
118,200,567019,0.92
119,200,574364,0.89
120,200,592912,0.89
121,200,622720,0.96
122,200,388191,1
123,200,525435,0.93
124,200,380073,1
125,200,543171,0.88
126,200,530220,0.99
127,200,539723,0.95
128,200,515130,0.99
129,200,513956,0.9
130,200,389089,1
131,200,483545,0.99
132,200,576942,0.93
133,200,378421,1
134,200,551499,0.92
135,200,674179,0.62
136,200,367428,1
137,200,592243,0.91
138,200,522427,0.88
139,200,516648,0.99
140,200,298328,1
141,200,445945,0.99
142,200,442878,0.99
143,200,543963,0.95
144,200,534499,0.95
145,200,502247,0.99
146,200,609034,0.92
147,200,557698,0.82
148,200,537145,0.99
149,200,319406,1
150,200,526448,0.98
151,200,391687,0.94
152,200,551690,0.95
153,200,587009,0.91
154,200,398840,0.96
155,200,369032,0.99
156,200,613130,0.89
157,200,473317,0.99
158,200,506353,0.94
159,200,464750,1
160,200,477156,0.96
161,200,615509,0.8
162,200,652776,0.91
163,200,303704,1
164,200,602844,0.9
165,200,621000,0.81
166,200,598155,0.97
167,200,665956,0.8
168,200,579245,0.97
169,200,431485,1
170,200,487338,1
171,200,484328,1
172,200,488350,0.99
173,200,568519,0.85
174,200,359004,0.98
175,200,450768,1
176,200,681257,0.97
177,200,601507,0.94
178,200,538701,0.95
179,200,500469,1
180,200,523639,1
181,200,567401,0.96
182,200,507518,0.89
183,200,404293,1
184,200,527222,0.96
185,200,505713,0.88
186,200,600753,0.97
187,200,508521,0.97
188,200,440118,0.99
189,200,436919,0.98
190,200,532713,0.97
191,200,555463,0.87
192,200,551290,0.9
193,200,439116,1
194,200,537307,0.95
195,200,681695,0.86
196,200,614123,0.92
197,200,533773,0.99
198,200,617170,0.87
199,200,583438,0.93
200,200,590925,0.97
201,200,628994,0.87
202,200,594134,0.82
203,200,528282,0.94
204,200,646358,0.98
205,200,597850,0.89
206,200,612108,0.82
207,200,580744,0.92
208,200,597200,0.97
209,200,336005,0.98
210,200,709841,0.86
211,200,636339,0.93
212,200,727587,0.77
213,200,505322,0.97
214,200,530535,0.96
215,200,504949,0.98
216,200,434550,0.99
217,200,413434,0.98
218,200,483307,0.99
219,200,592711,0.84
220,200,509295,0.97
221,200,567363,0.86
222,200,722592,0.9
223,200,683912,0.77
224,200,536800,0.99
225,200,593427,0.85
226,200,535903,0.95
227,200,606378,0.86
228,200,646186,0.89
229,200,577917,0.94
230,200,657819,0.93
231,200,451933,0.99
232,200,570629,0.89
233,200,547660,0.94
234,200,593323,0.98
235,200,598136,0.94
236,200,826199,0.88
237,200,572292,1
238,200,582014,0.99
239,200,380579,1
240,200,536495,0.98
241,200,469000,0.98
242,200,332415,1
243,200,652299,0.95
244,200,476822,1
245,200,458934,0.98
246,200,499037,0.95
247,200,462534,0.98
248,200,539495,0.98
249,200,303046,1
250,200,613866,0.81
251,200,622328,0.99
252,200,534557,0.98
253,200,675411,0.74
254,200,613770,0.97
255,200,692784,0.77
256,200,429135,1
257,200,530946,0.96
258,200,708161,0.88
259,200,553505,0.97
260,200,606264,0.8
261,200,571861,0.88
262,200,604993,0.95
263,200,334974,1
264,200,668936,0.71
265,200,506028,0.99
266,200,529848,0.87
267,200,414255,1
268,200,385546,1
269,200,402326,1
270,200,365364,1
271,200,597477,0.94
272,200,446900,1
273,200,587162,0.97
274,200,561537,0.97
275,200,568137,0.96
276,200,658437,0.98
277,200,595387,0.98
278,200,466832,1
279,200,587392,0.84
280,200,684179,0.96
281,200,615280,0.96
282,200,442697,1
283,200,358794,1
284,200,561671,0.99
285,200,517203,1
286,200,663846,0.75
287,200,573476,0.87
288,200,616244,0.92
289,200,466651,0.99
290,200,531510,0.97
291,200,424351,0.99
292,200,533372,1
293,200,300334,1
294,200,561194,0.95
295,200,608498,0.96
296,200,436193,1
297,200,588623,0.83
298,200,391047,1
299,200,493937,0.99
300,200,518263,0.87
301,200,507623,0.91
302,200,618269,0.91
303,200,798569,0.97
304,200,875079,0.96
305,200,872100,0.93
306,200,599597,0.96
307,200,506362,0.99
308,200,621383,0.94
309,200,601163,0.94
310,200,630294,0.99
311,200,579970,0.96
312,200,573190,0.95
313,200,413768,0.98
314,200,542350,0.94
315,200,606856,0.97
316,200,697903,0.9
317,200,508369,0.98
318,200,545072,0.93
319,200,499132,0.96
320,200,591231,0.86
321,200,608145,0.81
322,200,561432,0.94
323,200,692373,0.86
324,200,570878,0.99
325,200,597382,0.8
326,200,477930,0.98
327,200,450787,0.96
328,200,500623,0.97
329,200,533668,1
330,200,452067,1
331,200,422889,1
332,200,531558,0.96
333,200,521309,0.94
334,200,589712,0.79
335,200,585262,0.84
336,200,413186,1
337,200,511883,0.94
338,200,705458,0.98
339,200,537632,0.99
340,200,360656,1
341,200,441379,1
342,200,578118,0.89
343,200,557803,0.97
344,200,503096,0.99
345,200,566876,0.98
346,200,561700,0.94
347,200,390330,0.99
348,200,506496,1
349,200,486010,0.98
350,200,523449,1
351,200,301355,1
352,200,507060,0.94
353,200,512790,0.99
354,200,651420,0.88
355,200,540316,0.78
356,200,616636,0.76
357,200,345366,1
358,200,269389,0.98
359,200,370178,1
360,200,446107,1
361,200,401849,0.99
362,200,584507,0.98
363,200,568156,0.93
364,200,584288,0.82
365,200,529877,0.95
366,200,578538,0.97
367,200,542560,0.99
368,200,786879,0.99
369,200,521807,1
370,200,654112,0.76
371,200,526066,0.97
372,200,435601,1
373,200,527355,0.99
374,200,545893,0.8
375,200,470174,0.97
376,200,591345,0.91
377,200,440415,0.99
378,200,514395,0.98
379,200,499706,0.99
380,200,479114,0.96
381,200,598843,0.83
382,200,646320,0.88
383,200,517404,1
384,200,624486,0.96
385,200,550515,0.92
386,200,402995,1
387,200,422794,1
388,200,588757,0.9
389,200,443108,0.99
390,200,538205,0.99
391,200,453413,1
392,200,456460,0.99
393,200,506420,1
394,200,465820,0.98
395,200,564488,0.96
396,200,799724,0.96
397,200,663854,0.92
398,200,378392,1
399,200,714903,0.87
400,200,701284,0.93
401,200,520622,0.95
402,200,669767,0.89
403,200,561728,0.95
404,200,525034,0.98
405,200,579942,0.98
406,200,544633,0.97
407,200,542770,0.87
408,200,380846,0.97
409,200,354917,1
410,200,574422,0.89
411,200,631192,0.88
412,200,559197,0.91
413,200,529638,0.96
414,200,366472,1
415,200,538873,0.96
416,200,465122,1
417,200,403329,1
418,200,450376,0.99
419,200,433987,1
420,200,486411,0.98
421,200,603828,0.96
422,200,388372,1
423,200,235827,1
424,200,571766,0.85
425,200,385536,1
426,200,571394,0.95
427,200,584297,0.98
428,200,616741,0.97
429,200,483966,1
430,200,330561,0.99
431,200,472314,1
432,200,674867,0.89
433,200,403997,1
434,200,278013,1
435,200,540420,0.94
436,200,368383,1
437,200,497156,1
438,200,581155,0.94
439,200,482820,1
440,200,622930,0.85
441,200,419384,1
442,200,411638,1
443,200,617791,0.94
444,200,527775,0.95
445,200,473441,0.9
446,200,599005,0.97
447,200,414665,0.99
448,200,632805,0.97
449,200,412717,1
450,200,552369,0.91
451,200,631917,0.79
452,200,539800,0.98
453,200,466966,0.98
454,200,643865,0.95
455,200,613694,0.98
456,200,472056,0.98
457,200,598891,0.89
458,200,384112,0.99
459,200,478684,1
460,200,545835,0.96
461,200,579655,0.98
462,200,512341,0.99
463,200,537049,0.97
464,200,263449,0.98
465,200,642490,0.78
466,200,590801,0.82
467,200,395660,0.99
468,200,421772,1
469,200,585023,0.97
470,200,521089,1
471,200,617973,0.8
472,200,577497,0.91
473,200,533153,0.97
474,200,561757,0.86
475,200,564814,0.91
476,200,621545,0.86
477,200,634390,0.85
478,200,619377,0.99
479,200,600658,0.89
480,200,456823,1
481,200,565788,1
482,200,435028,1
483,200,498359,0.99
484,200,252608,1
485,200,627215,0.95
486,200,544929,0.99
487,200,469611,0.98
488,200,443225,1
489,200,541767,0.95
490,200,593323,0.78
491,200,572053,0.97
492,200,421294,1
493,200,295157,1
494,200,483622,0.94
495,200,433500,0.99
496,200,543831,0.94
497,200,494138,1
498,200,504854,0.97
499,200,515685,1
500,200,527250,0.96
501,200,633464,0.85
502,200,427034,1
503,200,606578,0.92
504,200,479076,0.96
505,200,393921,0.98
506,200,571671,0.85
507,200,450099,0.95
508,200,622366,0.87
509,200,460481,1
510,200,465170,1
511,200,643148,0.84
512,200,557956,0.95
513,200,550983,0.93
514,200,652240,0.79
515,200,588193,0.95
516,200,416261,1
517,200,593265,0.81
518,200,579092,0.95
519,200,536161,0.96
520,200,338995,0.99
521,200,525273,0.88
522,200,630293,0.95
523,200,550095,0.98
524,200,560755,0.69
525,200,583982,0.81
526,200,422296,0.99
527,200,533277,1
528,200,505456,0.92
529,200,544298,0.98
530,200,543878,0.98
531,200,509075,0.99
532,200,578729,0.91
533,200,497309,0.98
534,200,357676,1
535,200,357772,1
536,200,357629,1
537,200,571146,0.91
538,200,570038,0.94
539,200,499361,0.98
540,200,564919,0.97
541,200,681810,0.97
542,200,551452,0.92
543,200,426355,0.98
544,200,521806,0.99
545,200,416738,0.99
546,200,547775,0.96
547,200,452296,1
548,200,428973,1
549,200,475647,1
550,200,513516,0.94
551,200,479611,0.96
552,200,645575,0.87
553,200,591412,0.95
554,200,370751,0.99
555,200,561032,0.96
556,200,552464,0.93
557,200,494759,0.97
558,200,591928,0.9
559,200,507098,0.99
560,200,581623,0.94
561,200,614276,0.93
562,200,504844,0.98
563,200,540679,0.86
564,200,367132,1
565,200,583265,0.89
566,200,533181,0.99
567,200,485064,0.97
568,200,556504,0.92
569,200,539848,0.99
570,200,667885,0.86
571,200,618460,0.89
572,200,460920,1
573,200,625441,0.92
574,200,527518,0.9
575,200,588279,0.88
576,200,585318,0.98
577,200,456479,1
578,200,544737,0.89
579,200,577086,0.96
580,200,573266,0.96
581,200,521730,0.97
582,200,564336,0.83
583,200,557239,0.99
584,200,413538,1
585,200,521510,0.97
586,200,582167,0.92
587,200,520804,0.99
588,200,435926,0.99
589,200,485054,0.89
590,200,544194,0.96
591,200,691781,0.92
592,200,582434,0.94
593,200,455056,0.98
594,200,419365,1
595,200,310868,1
596,200,439698,0.99
597,200,793784,0.86
598,200,697779,0.91
599,200,433462,1
600,200,600103,0.94
601,200,310333,1
602,200,443901,0.98
603,200,522523,0.95
604,200,503086,0.93
605,200,476430,0.95
606,200,567488,0.87
607,200,340503,0.99
608,200,562263,0.89
609,200,540067,0.91
610,200,583380,0.79
611,200,495905,1
612,200,584297,0.89
613,200,671543,0.89
614,200,585060,0.86
615,200,571633,0.93
616,200,674552,0.83
617,200,445839,0.99
618,200,621010,0.88
619,200,501654,0.94
620,200,486555,0.99
621,200,340456,1
622,200,606159,0.92
623,200,640455,0.89
624,200,436451,1
625,200,703309,0.79
626,200,555903,0.98
627,200,425162,0.99
628,200,593580,0.97
629,200,404284,1
630,200,581498,0.82
631,200,532121,0.86
632,200,576933,0.97
633,200,569369,0.77
634,200,433585,0.98
635,200,557564,0.97
636,200,466890,1
637,200,476803,0.89
638,200,561585,0.92
639,200,600438,0.93
640,200,341124,1
641,200,570630,0.96
642,200,717491,0.72
643,200,624085,0.92
644,200,454636,0.98
645,200,407369,1
646,200,205666,1
647,200,588404,0.92
648,200,362375,0.99
649,200,534145,0.9
650,200,442487,1
651,200,553677,0.96
652,200,608202,0.96
653,200,508760,1
654,200,708333,0.89
655,200,672364,0.6
656,200,641840,0.81
657,200,632814,0.9
658,200,659146,0.85
659,200,556619,1
660,200,557555,0.92
661,200,689212,0.64
662,200,483317,1
663,200,491540,1
664,200,576771,0.85
665,200,332500,1
666,200,362461,0.99
667,200,475609,0.95
668,200,169689,1
669,200,557555,0.93
670,200,530220,0.91
671,200,445477,0.98
672,200,570152,0.95
673,200,605127,0.93
674,200,543028,0.99
675,200,643072,0.92
676,200,580926,0.95
677,200,555903,0.81
678,200,311107,1
679,200,508655,0.83
680,200,459516,1
681,200,557679,0.97
682,200,502064,0.85
683,200,625891,0.98
684,200,558003,0.92
685,200,507050,0.98
686,200,439717,0.8
687,200,499200,0.94
688,200,496822,1
689,200,386730,1
690,200,606101,0.85
691,200,553496,0.93
692,200,543238,0.95
693,200,339282,1
694,200,488369,0.93
695,200,496153,0.94
696,200,665460,0.7
697,200,377771,1
698,200,539227,0.91
699,200,544785,0.99
700,200,552827,0.98
701,200,557354,0.95
702,200,663424,0.58
703,200,346110,1
704,200,524547,0.97
705,200,569321,0.76
706,200,557564,0.97
707,200,514767,0.99
708,200,502771,0.94
709,200,335461,1
710,200,563495,0.95
711,200,577869,0.98
712,200,631657,0.98
713,200,339417,1
714,200,621707,0.84
715,200,499515,0.97
716,200,420864,1
717,200,599234,0.95
718,200,605872,0.85
719,200,612519,0.84
720,200,560697,0.88
721,200,580648,0.96
722,200,675478,0.87
723,200,592769,0.94
724,200,495264,1
725,200,603904,0.91
726,200,657322,0.91
727,200,541233,0.98
728,200,486268,1
729,200,563983,0.89
730,200,535827,0.95
731,200,541366,0.97
732,200,553820,0.94
733,200,693596,0.77
734,200,357542,1
735,200,530917,0.98
736,200,435811,0.98
737,200,599607,0.87
738,200,385517,1
739,200,616874,0.88
740,200,608231,1
741,200,739344,1
742,200,845520,0.84
743,200,735724,0.97
744,200,579751,0.99
745,200,855023,0.87
746,200,665192,0.99
747,200,480528,1
748,200,621735,0.95
749,200,328699,1
750,200,325910,1
751,200,496984,0.98
752,200,262445,1
753,200,551013,0.86
754,200,577554,0.9
755,200,611182,0.75
756,200,509170,0.98
757,200,556514,0.99
758,200,370722,1
759,200,564240,0.83
760,200,498168,0.99
761,200,648029,0.95
762,200,555338,0.96
763,200,550191,0.97
764,200,608011,0.93
765,200,581288,0.91
766,200,604086,0.97
767,200,595929,0.87
768,200,531892,0.95
769,200,643502,0.94
770,200,472619,0.99
771,200,596408,0.88
772,200,509467,0.87
773,200,562578,0.98
774,200,571451,0.76
775,200,436766,1
776,200,505808,1
777,200,415897,0.99
778,200,551967,0.89
779,200,513096,0.99
780,200,713347,0.84
781,200,737740,0.82
782,200,666367,0.96
783,200,614343,1
784,200,487032,0.99
785,200,420263,1
786,200,527823,0.99
787,200,576781,0.97
788,200,419087,0.99
789,200,595863,0.89
790,200,531634,0.97
791,200,500527,0.95
792,200,570792,0.9
793,200,690339,0.91
794,200,652881,0.98
795,200,525732,1
796,200,612146,0.9
797,200,653273,0.93
798,200,610838,0.95
799,200,637543,0.93
800,200,556313,0.9
801,200,534757,0.98
802,200,408916,1
803,200,497834,0.96
804,200,418868,0.99
805,200,522216,0.99
806,200,586952,0.81
807,200,511587,0.93
808,200,513411,0.96
809,200,499658,0.99
810,200,688925,0.85
811,200,612233,0.88
812,200,558338,1
813,200,586770,0.95
814,200,591173,0.96
815,200,445705,1
816,200,502485,0.99
817,200,507996,0.96
818,200,606273,0.81
819,200,570439,0.91
820,200,566045,0.98
821,200,649758,0.87
822,200,595843,0.93
823,200,422478,1
824,200,597668,0.86
825,200,686728,0.88
826,200,493602,0.99
827,200,556972,0.96
828,200,523410,0.95
829,200,526820,0.93
830,200,545597,1
831,200,628183,0.84
832,200,598174,0.98
833,200,554489,0.93
834,200,610437,0.9
835,200,473431,0.98
836,200,571652,0.92
837,200,452448,1
838,200,679308,0.92
839,200,422908,0.99
840,200,521176,0.98
841,200,833476,0.98
842,200,654180,0.95
843,200,680397,0.89
844,200,553897,0.97
845,200,540306,1
846,200,277985,1
847,200,613790,0.85
848,200,563772,0.99
849,200,317257,1
850,200,243391,1
851,200,549790,0.95
852,200,510976,0.96
853,200,541318,0.98
854,200,465237,1
855,200,592309,0.83
856,200,628612,0.9
857,200,607600,0.93
858,200,559045,0.96
859,200,703882,0.81
860,200,613359,0.85
861,200,628144,0.74
862,200,565262,1
863,200,480633,0.99
864,200,607056,0.92
865,200,450185,0.97
866,200,564260,0.85
867,200,524557,0.95
868,200,508187,0.98
869,200,527546,0.99
870,200,491052,1
871,200,558033,0.96
872,200,544232,0.94
873,200,338259,1
874,200,725638,0.94
875,200,666023,0.97
876,200,754615,0.96
877,200,807746,0.98
878,200,602042,1
879,200,600848,1
880,200,832454,0.92
881,200,635680,1
882,200,782886,0.99
883,200,641009,0.97
884,200,513956,1
885,200,726852,0.94
886,200,698037,1
887,200,723155,0.94
888,200,543018,0.97
889,200,624544,0.84
890,200,410778,1
891,200,566638,0.84
892,200,512599,0.97
893,200,390435,1
894,200,430387,1
895,200,445161,1
896,200,381744,0.99
897,200,639338,0.83
898,200,529389,0.94
899,200,660947,1
900,200,614267,0.96
901,200,611030,0.94
902,200,464132,0.99
903,200,563161,0.98
904,200,534489,0.99
905,200,475810,0.93
906,200,630990,0.79
907,200,475800,0.97
908,200,456526,0.99
909,200,524032,0.97
910,200,597801,0.72
911,200,749964,0.57
912,200,530335,0.94
913,200,505350,0.95
914,200,488274,1
915,200,453021,0.98
916,200,424790,1
917,200,628316,0.82
918,200,657313,0.79
919,200,555873,0.94
920,200,559790,0.92
921,200,613818,0.94
922,200,385889,1
923,200,467911,0.98
924,200,524662,0.93
925,200,321823,1
926,200,555072,0.88
927,200,797776,0.74
928,200,462190,0.99
929,200,467396,1
930,200,510116,0.9
931,200,482983,0.97
932,200,528225,0.94
933,200,557240,0.9
934,200,640140,0.95
935,200,626262,0.87
936,200,420788,1
937,200,543868,0.93
938,200,486716,0.97
939,200,581403,0.89
940,200,630513,0.92
941,200,529638,0.98
942,200,610199,0.92
943,200,406156,1
944,200,531863,0.99
945,200,603675,0.78
946,200,432258,0.98
947,200,513182,0.97
948,200,587219,0.92
949,200,563209,0.96
950,200,392250,1
951,200,576685,0.92
952,200,506726,0.97
953,200,476401,1
954,200,521386,0.94
955,200,406357,1
956,200,616445,0.98
957,200,514319,0.98
958,200,535674,0.91
959,200,568471,0.89
960,200,638899,0.92
961,200,548577,0.94
962,200,558844,0.9
963,200,611755,0.93
964,200,661840,0.85
965,200,439106,0.99
966,200,522552,0.9
967,200,563648,0.94
968,200,576226,0.92
969,200,661467,0.96
970,200,674437,0.95
971,200,577697,0.9
972,200,484453,0.98
973,200,457090,0.99
974,200,521988,0.94
975,200,557068,0.94
976,200,426126,1
977,200,528492,0.98
978,200,652269,0.87
979,200,524977,0.95
980,200,554766,0.83
981,200,568261,0.91
982,200,344181,1
983,200,498598,0.99
984,200,443165,1
985,200,598537,0.97
986,200,580199,0.87
987,200,509505,0.98
988,200,526066,0.94
989,200,490002,0.96
990,200,582110,0.9
991,200,547803,0.9
992,200,601918,0.96
993,200,618002,0.95
994,200,557554,0.96
995,200,634276,0.82
996,200,572263,0.86
997,200,610036,0.89
998,200,608250,0.92
999,200,635422,0.86
0,300,895232,0.93
1,300,721646,1
2,300,758465,0.97
3,300,626250,1
4,300,1186387,0.79
5,300,574922,0.99
6,300,532885,1
7,300,751435,0.99
8,300,673310,1
9,300,709049,0.99
10,300,1012228,0.89
11,300,687168,1
12,300,760308,0.98
13,300,836504,0.96
14,300,619081,1
15,300,782743,0.91
16,300,811977,1
17,300,574899,1
18,300,487949,1
19,300,781940,0.97
20,300,840286,0.95
21,300,621688,0.99
22,300,823506,0.99
23,300,1200885,0.91
24,300,994111,0.97
25,300,838586,0.99
26,300,745380,1
27,300,840802,0.99
28,300,801873,0.96
29,300,702783,0.99
30,300,845721,0.91
31,300,715878,0.93
32,300,701695,0.95
33,300,899166,0.91
34,300,876645,0.95
35,300,863714,0.93
36,300,798616,0.97
37,300,638488,1
38,300,699097,1
39,300,696002,0.98
40,300,571499,1
41,300,473976,1
42,300,656826,1
43,300,688296,1
44,300,685220,0.99
45,300,599912,0.99
46,300,833934,1
47,300,914162,0.99
48,300,625021,1
49,300,768856,0.99
50,300,464635,1
51,300,587181,0.99
52,300,964217,0.91
53,300,578690,1
54,300,508598,1
55,300,568166,1
56,300,690301,0.98
57,300,578433,1
58,300,813057,0.97
59,300,865023,0.89
60,300,828051,0.94
61,300,946634,0.95
62,300,636749,1
63,300,633636,1
64,300,1070771,0.98
65,300,843266,0.98
66,300,717953,0.98
67,300,564402,1
68,300,834383,0.99
69,300,779954,1
70,300,957942,0.84
71,300,844775,0.94
72,300,521682,0.99
73,300,751053,0.98
74,300,629491,1
75,300,663587,0.99
76,300,902901,0.79
77,300,637800,0.99
78,300,441895,1
79,300,593313,0.99
80,300,755895,0.98
81,300,914199,0.85
82,300,795111,0.99
83,300,889415,0.8
84,300,925794,0.99
85,300,850639,0.96
86,300,376071,1
87,300,883293,0.87
88,300,816438,0.98
89,300,843858,0.91
90,300,634381,1
91,300,457205,1
92,300,692622,0.99
93,300,798721,0.96
94,300,679689,1
95,300,668115,0.96
96,300,667226,0.99
97,300,489782,1
98,300,858767,0.98
99,300,807623,0.99
100,300,896664,0.89
101,300,392727,1
102,300,748961,1
103,300,879024,0.87
104,300,591909,0.81
105,300,852004,0.99
106,300,650723,1
107,300,838672,0.88
108,300,609110,1
109,300,899415,0.86
110,300,660789,1
111,300,413195,1
112,300,828138,0.91
113,300,625060,1
114,300,638230,1
115,300,615852,1
116,300,680139,1
117,300,899462,0.92
118,300,851804,0.95
119,300,917217,0.92
120,300,933224,0.94
121,300,1021923,0.99
122,300,615605,1
123,300,912719,0.96
124,300,540258,1
125,300,992860,0.96
126,300,815855,0.99
127,300,846771,0.96
128,300,812961,1
129,300,874287,0.93
130,300,555511,1
131,300,672813,1
132,300,879778,0.95
133,300,602768,1
134,300,837001,0.98
135,300,925727,0.72
136,300,543859,1
137,300,881660,0.96
138,300,775093,0.93
139,300,775399,1
140,300,393644,1
141,300,706929,0.99
142,300,527728,1
143,300,799495,0.97
144,300,838041,0.99
145,300,806667,1
146,300,908182,0.95
147,300,918488,0.92
148,300,942775,0.99
149,300,457367,1
150,300,899157,0.99
151,300,671744,0.96
152,300,1306841,0.99
153,300,1173570,0.95
154,300,591871,0.98
155,300,589310,0.99
156,300,921534,0.94
157,300,707511,1
158,300,772905,0.96
159,300,773058,1
160,300,798091,0.98
161,300,1047700,0.88
162,300,946758,0.94
163,300,516582,1
164,300,883083,0.94
165,300,949136,0.89
166,300,884659,0.98
167,300,994980,0.86
168,300,1141470,0.98
169,300,559054,1
170,300,721474,1
171,300,635393,1
172,300,723480,1
173,300,950292,0.87
174,300,582454,1
175,300,690769,1
176,300,788120,0.98
177,300,860906,0.96
178,300,919032,0.97
179,300,926529,1
180,300,790823,1
181,300,1000185,0.99
182,300,944437,0.93
183,300,610991,1
184,300,811461,0.98
185,300,805054,0.93
186,300,865176,0.98
187,300,827125,0.98
188,300,717091,0.99
189,300,664944,0.98
190,300,776859,1
191,300,747510,0.95
192,300,896378,0.96
193,300,712525,1
194,300,693663,0.99
195,300,965334,0.93
196,300,948811,0.97
197,300,993308,0.99
198,300,1087594,0.93
199,300,872042,0.98
200,300,949279,0.98
201,300,984283,0.94
202,300,995801,0.9
203,300,879501,0.99
204,300,765771,0.99
205,300,754883,0.94
206,300,917895,0.88
207,300,924189,0.96
208,300,774539,0.99
209,300,385660,0.99
210,300,937942,0.92
211,300,929577,0.95
212,300,1067154,0.85
213,300,744865,0.99
214,300,649576,0.97
215,300,681896,1
216,300,705792,0.99
217,300,604325,1
218,300,670416,0.99
219,300,986461,0.9
220,300,710577,0.98
221,300,933969,0.9
222,300,962689,0.94
223,300,961524,0.86
224,300,724941,1
225,300,936816,0.92
226,300,857353,0.99
227,300,867420,0.94
228,300,1016010,0.93
229,300,793898,0.97
230,300,872768,0.97
231,300,610752,1
232,300,836361,0.93
233,300,747214,0.99
234,300,745294,1
235,300,837182,0.95
236,300,790584,0.94
237,300,709211,1
238,300,781511,0.99
239,300,571174,1
240,300,722372,0.99
241,300,557602,1
242,300,421953,1
243,300,780670,0.97
244,300,575032,1
245,300,575519,1
246,300,698620,0.96
247,300,674208,1
248,300,662441,1
249,300,388535,1
250,300,837115,0.88
251,300,756621,1
252,300,753489,0.98
253,300,921525,0.8
254,300,843180,0.99
255,300,922881,0.85
256,300,550047,1
257,300,758608,0.97
258,300,881842,0.95
259,300,846723,0.99
260,300,930608,0.92
261,300,804432,0.94
262,300,822827,0.98
263,300,477261,1
264,300,937828,0.78
265,300,557880,0.99
266,300,631440,0.91
267,300,557087,1
268,300,522408,1
269,300,569264,1
270,300,484071,1
271,300,815960,0.98
272,300,646548,1
273,300,689422,0.98
274,300,699260,0.98
275,300,789122,0.98
276,300,909748,0.99
277,300,829608,0.99
278,300,637762,1
279,300,958973,0.91
280,300,917046,0.99
281,300,852319,0.96
282,300,672335,1
283,300,570277,1
284,300,781148,0.99
285,300,757012,1
286,300,1012572,0.89
287,300,840085,0.93
288,300,833495,0.94
289,300,705725,1
290,300,812837,0.99
291,300,557927,1
292,300,722573,1
293,300,423328,1
294,300,757070,0.99
295,300,703013,0.99
296,300,642862,1
297,300,940321,0.95
298,300,594278,1
299,300,887362,0.99
300,300,1187791,0.92
301,300,1143466,0.97
302,300,1273977,0.95
303,300,1158307,0.99
304,300,1260024,0.99
305,300,1219126,0.96
306,300,1173044,0.98
307,300,1019143,0.99
308,300,1171850,0.95
309,300,1148585,0.99
310,300,975564,0.99
311,300,1114947,0.97
312,300,1174257,0.98
313,300,584230,1
314,300,827221,0.98
315,300,895938,0.99
316,300,858557,0.94
317,300,738628,1
318,300,705859,0.96
319,300,751492,0.98
320,300,821041,0.93
321,300,820621,0.91
322,300,777079,0.97
323,300,906320,0.92
324,300,768998,0.99
325,300,885862,0.89
326,300,713213,0.99
327,300,635536,0.99
328,300,693223,0.99
329,300,803649,1
330,300,509238,1
331,300,614563,1
332,300,729488,0.98
333,300,774968,0.97
334,300,985143,0.84
335,300,941362,0.95
336,300,665669,1
337,300,750165,0.98
338,300,720681,0.99
339,300,707960,0.99
340,300,508435,1
341,300,677436,1
342,300,909453,0.93
343,300,723901,0.99
344,300,732563,1
345,300,684895,1
346,300,801347,0.96
347,300,658048,1
348,300,681610,1
349,300,672460,0.99
350,300,749010,1
351,300,434131,1
352,300,802513,0.97
353,300,756707,1
354,300,875251,0.91
355,300,863408,0.86
356,300,863656,0.94
357,300,523363,1
358,300,395765,0.99
359,300,535368,1
360,300,630942,1
361,300,576560,1
362,300,697970,0.98
363,300,776009,0.94
364,300,892853,0.88
365,300,817517,1
366,300,806028,1
367,300,842731,1
368,300,751932,1
369,300,642098,1
370,300,953033,0.83
371,300,744635,0.99
372,300,620972,1
373,300,740050,1
374,300,970225,0.9
375,300,751655,0.98
376,300,912108,0.94
377,300,630656,1
378,300,696624,0.98
379,300,739611,1
380,300,728542,0.98
381,300,842865,0.87
382,300,817392,0.96
383,300,719908,1
384,300,672747,0.99
385,300,791176,0.95
386,300,602186,1
387,300,572578,1
388,300,818109,0.96
389,300,673597,1
390,300,819255,0.99
391,300,652337,1
392,300,605958,0.99
393,300,664992,1
394,300,663177,1
395,300,886675,0.98
396,300,897934,0.99
397,300,870829,0.97
398,300,513430,1
399,300,846389,0.91
400,300,773010,0.96
401,300,772237,0.97
402,300,954522,0.94
403,300,709278,0.98
404,300,740232,1
405,300,709603,0.99
406,300,799552,0.98
407,300,838433,0.91
408,300,571385,1
409,300,497165,1
410,300,793344,0.94
411,300,904467,0.95
412,300,903177,0.95
413,300,806132,0.98
414,300,583676,1
415,300,763555,0.98
416,300,579417,1
417,300,607706,1
418,300,662355,1
419,300,640178,1
420,300,722496,0.99
421,300,768798,0.99
422,300,514471,1
423,300,345203,1
424,300,817651,0.87
425,300,438552,1
426,300,806295,0.98
427,300,723967,1
428,300,789199,0.98
429,300,726001,1
430,300,423357,1
431,300,601985,1
432,300,908478,0.95
433,300,522684,1
434,300,390741,1
435,300,857668,0.97
436,300,454292,1
437,300,917370,1
438,300,880571,0.95
439,300,726785,1
440,300,953874,0.89
441,300,673310,1
442,300,581270,1
443,300,851002,0.97
444,300,810354,0.96
445,300,674065,0.95
446,300,688667,0.98
447,300,619749,1
448,300,861585,0.99
449,300,511692,1
450,300,822340,0.96
451,300,946596,0.85
452,300,832053,0.98
453,300,657943,0.99
454,300,819493,0.95
455,300,754759,0.98
456,300,654934,0.99
457,300,1006135,0.96
458,300,554336,1
459,300,715142,1
460,300,852969,0.97
461,300,816332,0.99
462,300,716871,1
463,300,789428,0.97
464,300,409442,1
465,300,857191,0.85
466,300,826103,0.87
467,300,585414,0.99
468,300,676615,1
469,300,836906,0.98
470,300,705191,1
471,300,786477,0.89
472,300,851508,0.95
473,300,768675,0.98
474,300,838118,0.95
475,300,937303,0.98
476,300,1116331,0.95
477,300,914630,0.92
478,300,803238,1
479,300,843963,0.92
480,300,588299,1
481,300,724264,1
482,300,559015,1
483,300,765982,1
484,300,360742,1
485,300,826199,0.99
486,300,752706,0.99
487,300,759276,0.99
488,300,553009,1
489,300,817956,0.99
490,300,984331,0.85
491,300,826753,0.99
492,300,595806,1
493,300,424723,1
494,300,729334,0.97
495,300,728532,1
496,300,909740,0.97
497,300,685764,1
498,300,798903,0.98
499,300,639242,1
500,300,690377,0.98
501,300,913311,0.92
502,300,661600,1
503,300,850066,0.97
504,300,644046,1
505,300,551251,0.99
506,300,853246,0.87
507,300,606493,0.98
508,300,755638,0.94
509,300,661209,1
510,300,632089,1
511,300,854297,0.9
512,300,797135,0.97
513,300,909988,0.98
514,300,895022,0.89
515,300,743212,0.98
516,300,596207,1
517,300,937570,0.92
518,300,820869,0.97
519,300,849665,0.98
520,300,499133,1
521,300,810449,0.94
522,300,744425,1
523,300,709230,0.98
524,300,825425,0.8
525,300,861747,0.89
526,300,559207,1
527,300,787556,1
528,300,769381,0.96
529,300,729631,0.99
530,300,746087,0.99
531,300,675201,1
532,300,897934,0.97
533,300,700577,0.98
534,300,475934,1
535,300,490585,1
536,300,477959,1
537,300,778521,0.95
538,300,1011856,0.95
539,300,768626,0.98
540,300,735266,0.97
541,300,860113,0.98
542,300,774194,0.96
543,300,656118,1
544,300,758818,0.99
545,300,619100,1
546,300,780116,0.98
547,300,623197,1
548,300,542818,1
549,300,795512,1
550,300,792523,0.98
551,300,661629,0.97
552,300,924189,0.93
553,300,835386,0.97
554,300,608795,0.99
555,300,780470,0.99
556,300,807097,0.98
557,300,736833,0.97
558,300,1026345,0.95
559,300,733661,0.99
560,300,798559,0.99
561,300,843199,0.96
562,300,673701,0.99
563,300,837278,0.95
564,300,595862,1
565,300,872472,0.96
566,300,749486,0.99
567,300,700023,1
568,300,792761,0.96
569,300,659013,1
570,300,968801,0.94
571,300,911096,0.97
572,300,631219,1
573,300,854106,0.96
574,300,790957,0.92
575,300,748417,0.93
576,300,821289,0.99
577,300,682641,1
578,300,822550,0.97
579,300,890150,0.98
580,300,799715,0.99
581,300,836867,0.98
582,300,901544,0.93
583,300,873293,0.99
584,300,665010,1
585,300,820277,0.98
586,300,826934,0.94
587,300,753202,0.99
588,300,687884,0.99
589,300,746889,0.95
590,300,948057,1
591,300,841546,0.97
592,300,811901,0.97
593,300,699938,1
594,300,640159,1
595,300,466527,1
596,300,660445,0.99
597,300,932088,0.91
598,300,838118,0.96
599,300,556552,1
600,300,867516,0.99
601,300,445381,1
602,300,677398,1
603,300,775875,0.97
604,300,694742,0.96
605,300,714293,1
606,300,897638,0.91
607,300,434092,0.99
608,300,821911,0.94
609,300,858996,0.96
610,300,902080,0.81
611,300,750776,1
612,300,807039,0.94
613,300,856752,0.94
614,300,845978,0.93
615,300,777232,0.96
616,300,1156798,0.89
617,300,671209,1
618,300,896674,0.95
619,300,772944,0.96
620,300,744196,1
621,300,534528,1
622,300,829923,0.95
623,300,888183,0.95
624,300,691991,1
625,300,918783,0.9
626,300,807804,1
627,300,628354,0.99
628,300,804681,0.99
629,300,575176,1
630,300,877553,0.87
631,300,832177,0.9
632,300,807986,0.99
633,300,883924,0.84
634,300,580171,1
635,300,878757,1
636,300,718389,1
637,300,658783,0.94
638,300,769915,0.94
639,300,777012,0.96
640,300,528893,1
641,300,855768,0.98
642,300,960693,0.84
643,300,839140,0.98
644,300,632872,0.98
645,300,593704,1
646,300,316808,1
647,300,790240,0.96
648,300,473670,1
649,300,774739,0.94
650,300,643750,1
651,300,736613,0.98
652,300,666280,0.97
653,300,668401,1
654,300,862979,0.93
655,300,950683,0.67
656,300,954548,0.9
657,300,810917,0.95
658,300,848055,0.95
659,300,709088,1
660,300,751493,0.92
661,300,950655,0.78
662,300,670301,1
663,300,649939,1
664,300,739477,0.91
665,300,389509,1
666,300,503058,0.99
667,300,659939,0.99
668,300,191168,1
669,300,777662,0.96
670,300,800946,0.96
671,300,585730,1
672,300,788855,0.98
673,300,835090,0.98
674,300,784825,1
675,300,878652,0.94
676,300,770240,0.99
677,300,1015972,0.86
678,300,479000,1
679,300,698658,0.89
680,300,640952,1
681,300,776134,0.98
682,300,680492,0.9
683,300,749134,0.99
684,300,657885,0.98
685,300,686347,1
686,300,618556,0.9
687,300,721398,0.99
688,300,776392,1
689,300,527060,1
690,300,885729,0.87
691,300,847354,0.98
692,300,899873,0.98
693,300,501883,1
694,300,672870,0.96
695,300,587095,0.97
696,300,880094,0.78
697,300,524012,1
698,300,1203069,0.94
699,300,1019994,0.99
700,300,886640,0.99
701,300,948878,0.99
702,300,917084,0.71
703,300,463737,1
704,300,759190,0.99
705,300,825960,0.88
706,300,731933,0.98
707,300,613408,0.99
708,300,661448,0.97
709,300,465265,1
710,300,761234,0.99
711,300,791052,1
712,300,675879,0.98
713,300,311966,1
714,300,834632,0.89
715,300,683978,1
716,300,581260,1
717,300,853705,0.97
718,300,1034587,0.92
719,300,845902,0.89
720,300,800784,0.93
721,300,861660,0.99
722,300,931400,0.93
723,300,807011,0.99
724,300,647036,1
725,300,812817,0.95
726,300,853943,0.91
727,300,801663,1
728,300,709765,1
729,300,847277,0.95
730,300,707483,1
731,300,737013,0.99
732,300,796668,0.96
733,300,823668,0.85
734,300,465046,1
735,300,745963,0.98
736,300,611908,0.98
737,300,855949,0.96
738,300,682918,1
739,300,1045035,0.91
740,300,613513,1
741,300,665946,1
742,300,826504,0.88
743,300,762428,1
744,300,642747,1
745,300,888814,0.9
746,300,689451,1
747,300,668382,1
748,300,829112,0.97
749,300,432869,1
750,300,433480,1
751,300,778760,0.99
752,300,365775,1
753,300,809113,0.91
754,300,753450,0.96
755,300,867630,0.79
756,300,775618,0.99
757,300,760824,0.99
758,300,494329,1
759,300,1168594,0.86
760,300,932022,1
761,300,864297,0.97
762,300,805817,0.99
763,300,784166,0.99
764,300,857191,0.97
765,300,828673,0.95
766,300,863026,1
767,300,848576,0.92
768,300,748379,0.97
769,300,748952,0.98
770,300,590409,0.99
771,300,923731,0.95
772,300,758713,0.91
773,300,757270,0.99
774,300,806677,0.89
775,300,611870,1
776,300,752782,1
777,300,498368,1
778,300,893675,0.95
779,300,637867,1
780,300,890953,0.86
781,300,958315,0.91
782,300,812121,0.98
783,300,676691,1
784,300,529637,1
785,300,546056,1
786,300,619348,0.99
787,300,719698,0.97
788,300,571833,0.99
789,300,831833,0.92
790,300,682164,0.98
791,300,545186,0.97
792,300,792876,0.94
793,300,931601,0.95
794,300,893866,0.98
795,300,716270,1
796,300,834518,0.94
797,300,924619,0.96
798,300,966213,0.97
799,300,883207,0.95
800,300,799753,0.96
801,300,846819,0.99
802,300,574909,1
803,300,746335,0.99
804,300,523544,0.99
805,300,687139,1
806,300,864077,0.88
807,300,640283,0.97
808,300,638631,0.98
809,300,657360,0.99
810,300,844364,0.9
811,300,818042,0.9
812,300,631029,1
813,300,734235,1
814,300,844555,0.98
815,300,503277,1
816,300,637533,1
817,300,676968,0.98
818,300,805482,0.91
819,300,1220206,0.96
820,300,1006861,0.99
821,300,1234169,0.92
822,300,887619,0.98
823,300,618594,1
824,300,815196,0.94
825,300,924782,0.92
826,300,628278,1
827,300,731674,0.97
828,300,745055,0.99
829,300,784309,0.95
830,300,658134,1
831,300,844985,0.89
832,300,788224,0.98
833,300,815463,0.97
834,300,877993,0.93
835,300,598881,0.99
836,300,756230,0.98
837,300,701227,1
838,300,902471,0.94
839,300,545273,0.99
840,300,509495,1
841,300,745905,0.98
842,300,760222,0.97
843,300,841594,0.92
844,300,743709,0.97
845,300,605318,1
846,300,351716,1
847,300,853628,0.92
848,300,785541,1
849,300,376510,1
850,300,323065,1
851,300,748044,0.96
852,300,701094,0.98
853,300,713929,0.99
854,300,615165,1
855,300,824403,0.86
856,300,830697,0.98
857,300,936883,0.99
858,300,761588,0.99
859,300,949050,0.88
860,300,837182,0.9
861,300,906903,0.83
862,300,796801,1
863,300,643703,1
864,300,789408,0.95
865,300,691065,1
866,300,909281,0.91
867,300,807727,0.97
868,300,717320,0.98
869,300,765608,1
870,300,592797,1
871,300,769868,0.98
872,300,853724,0.99
873,300,497653,1
874,300,808167,0.97
875,300,623685,0.99
876,300,729927,0.99
877,300,704206,1
878,300,877104,1
879,300,791768,1
880,300,1136943,0.94
881,300,734435,1
882,300,722372,0.99
883,300,629272,0.99
884,300,538759,1
885,300,728475,1
886,300,659853,1
887,300,798139,0.95
888,300,798091,0.97
889,300,867048,0.93
890,300,576675,1
891,300,865615,0.88
892,300,785054,0.99
893,300,493765,1
894,300,653970,1
895,300,632347,1
896,300,541815,1
897,300,852779,0.91
898,300,1196281,0.95
899,300,958792,1
900,300,1048999,0.98
901,300,1333784,0.97
902,300,921763,0.99
903,300,1114183,1
904,300,1079333,0.99
905,300,830506,0.97
906,300,914066,0.87
907,300,691580,1
908,300,721446,0.99
909,300,798492,1
910,300,853409,0.75
911,300,937790,0.68
912,300,773689,0.98
913,300,716030,0.99
914,300,705773,1
915,300,705363,0.99
916,300,605538,1
917,300,917179,0.86
918,300,892386,0.88
919,300,821911,0.96
920,300,810783,0.98
921,300,801272,0.97
922,300,622547,1
923,300,707855,0.99
924,300,753698,0.98
925,300,448351,1
926,300,795617,0.98
927,300,1002774,0.85
928,300,675077,1
929,300,692354,1
930,300,798292,0.93
931,300,638918,0.99
932,300,756640,0.95
933,300,902280,0.99
934,300,1003929,0.97
935,300,930703,0.95
936,300,580601,1
937,300,826533,0.96
938,300,790842,1
939,300,918029,0.96
940,300,959652,0.97
941,300,734158,0.99
942,300,934981,0.95
943,300,536839,1
944,300,816438,1
945,300,872463,0.82
946,300,697263,1
947,300,811996,1
948,300,835243,0.94
949,300,745065,0.97
950,300,493755,1
951,300,828672,0.96
952,300,791711,1
953,300,991322,1
954,300,882720,0.98
955,300,598299,1
956,300,728360,0.99
957,300,642785,1
958,300,817374,0.97
959,300,864392,0.94
960,300,862176,0.94
961,300,888670,0.95
962,300,849588,0.97
963,300,856656,0.95
964,300,935870,0.94
965,300,692679,1
966,300,757576,0.96
967,300,794825,0.97
968,300,773745,0.95
969,300,877619,0.98
970,300,997291,0.96
971,300,988084,0.95
972,300,916797,0.99
973,300,1006842,1
974,300,1130143,0.95
975,300,1194600,0.97
976,300,805082,1
977,300,1104412,1
978,300,1324825,0.92
979,300,1122149,0.97
980,300,1221733,0.88
981,300,1026545,0.94
982,300,494930,1
983,300,690778,1
984,300,444445,1
985,300,847506,0.99
986,300,865749,0.91
987,300,723442,0.99
988,300,819895,0.99
989,300,727931,0.98
990,300,834622,0.95
991,300,798626,0.92
992,300,714980,1
993,300,809618,0.98
994,300,842397,0.99
995,300,852415,0.9
996,300,868194,0.94
997,300,819188,0.92
998,300,855023,0.98
999,300,918440,0.93
0,400,1033572,0.94
1,400,826239,1
2,400,849603,0.97
3,400,490348,1
4,400,1172311,0.84
5,400,705823,1
6,400,632089,1
7,400,964788,0.99
8,400,786076,1
9,400,857340,1
10,400,1184809,0.93
11,400,768421,1
12,400,871893,0.99
13,400,939522,0.97
14,400,703235,1
15,400,902317,0.94
16,400,965392,1
17,400,674344,1
18,400,590673,1
19,400,877898,0.99
20,400,998748,0.98
21,400,842461,0.99
22,400,1112022,1
23,400,1173637,0.92
24,400,1060020,0.99
25,400,987016,0.99
26,400,904292,1
27,400,1016782,1
28,400,926962,1
29,400,832109,1
30,400,1019261,0.95
31,400,895446,0.97
32,400,879062,0.99
33,400,1097017,0.93
34,400,927043,0.96
35,400,1028766,0.94
36,400,854309,0.99
37,400,751874,1
38,400,833787,1
39,400,872101,0.99
40,400,612864,1
41,400,552386,1
42,400,1072586,1
43,400,675736,1
44,400,755607,0.99
45,400,698907,0.99
46,400,703632,1
47,400,858565,0.99
48,400,711260,1
49,400,888972,0.99
50,400,603568,1
51,400,673884,1
52,400,992580,0.92
53,400,636426,1
54,400,589537,1
55,400,638708,1
56,400,838439,0.99
57,400,665164,1
58,400,963094,0.98
59,400,1084438,0.9
60,400,1179948,0.97
61,400,1116134,0.95
62,400,770360,1
63,400,703461,1
64,400,883327,0.98
65,400,988838,0.98
66,400,844129,0.99
67,400,637761,1
68,400,927791,1
69,400,957809,1
70,400,1100922,0.89
71,400,1030370,0.99
72,400,619672,1
73,400,835779,0.99
74,400,728574,1
75,400,794985,0.99
76,400,1193898,0.86
77,400,731702,0.99
78,400,531250,1
79,400,703027,1
80,400,870063,0.98
81,400,1091471,0.86
82,400,932867,0.99
83,400,1136612,0.87
84,400,828025,0.99
85,400,971425,0.98
86,400,439391,1
87,400,1009000,0.93
88,400,954806,0.98
89,400,986331,0.96
90,400,678231,1
91,400,539302,1
92,400,814913,0.99
93,400,1501034,0.96
94,400,1212808,1
95,400,1085042,0.98
96,400,1154268,1
97,400,836248,1
98,400,1460213,0.99
99,400,1307993,0.99
100,400,1478049,0.92
101,400,555416,1
102,400,1269138,1
103,400,1074321,0.89
104,400,772533,0.89
105,400,920126,1
106,400,712054,1
107,400,1015988,0.95
108,400,768457,1
109,400,1086800,0.93
110,400,834598,1
111,400,505650,1
112,400,1180048,0.92
113,400,848349,1
114,400,795210,1
115,400,738403,1
116,400,851866,1
117,400,1231888,0.95
118,400,1015339,0.97
119,400,999713,0.94
120,400,1122987,0.97
121,400,1025619,1
122,400,649087,1
123,400,990397,0.98
124,400,783597,1
125,400,1320996,0.98
126,400,1040226,0.99
127,400,1056521,0.99
128,400,972931,1
129,400,1013446,0.99
130,400,625200,1
131,400,758204,1
132,400,962011,0.97
133,400,729656,1
134,400,983950,0.99
135,400,1137865,0.78
136,400,668041,1
137,400,1286811,0.98
138,400,915139,0.97
139,400,890649,1
140,400,511060,1
141,400,791883,1
142,400,719375,1
143,400,986159,0.99
144,400,958486,0.99
145,400,886997,1
146,400,1158885,0.96
147,400,1207478,0.94
148,400,1044438,0.99
149,400,526921,1
150,400,932237,0.99
151,400,717131,0.98
152,400,1056448,1
153,400,1072563,0.98
154,400,639943,0.98
155,400,676310,1
156,400,1111905,0.97
157,400,953021,1
158,400,851776,0.98
159,400,871884,1
160,400,912425,0.98
161,400,1162537,0.93
162,400,1100706,0.97
163,400,565262,1
164,400,1063058,0.96
165,400,1159181,0.93
166,400,1043067,1
167,400,1075421,0.92
168,400,991191,0.99
169,400,658888,1
170,400,786788,1
171,400,721269,1
172,400,788565,1
173,400,1080525,0.91
174,400,629997,1
175,400,763407,1
176,400,850126,0.98
177,400,1066359,0.98
178,400,1033445,0.98
179,400,850090,1
180,400,841198,1
181,400,1075502,0.99
182,400,940009,0.95
183,400,684984,1
184,400,918621,1
185,400,900099,0.96
186,400,1088226,0.98
187,400,887971,1
188,400,800495,0.99
189,400,738402,0.99
190,400,887421,1
191,400,905609,0.96
192,400,991687,0.97
193,400,1057405,1
194,400,1172663,1
195,400,1538176,0.93
196,400,1419518,0.98
197,400,1224430,0.99
198,400,1391177,0.96
199,400,981362,1
200,400,1086413,0.98
201,400,1046575,0.96
202,400,1146603,0.92
203,400,952822,0.99
204,400,866843,1
205,400,986547,0.96
206,400,976249,0.93
207,400,957377,0.98
208,400,978603,0.99
209,400,478770,0.99
210,400,1010100,0.95
211,400,1021362,0.99
212,400,1200769,0.9
213,400,812388,0.99
214,400,756427,0.97
215,400,803435,1
216,400,731846,1
217,400,700621,1
218,400,839125,0.99
219,400,1010163,0.98
220,400,833552,0.98
221,400,1084483,0.94
222,400,1140012,0.97
223,400,1105557,0.91
224,400,821262,1
225,400,1041822,0.97
226,400,942598,0.99
227,400,1050579,0.97
228,400,1026863,0.95
229,400,943427,0.98
230,400,981840,1
231,400,687681,1
232,400,974437,0.94
233,400,947801,0.99
234,400,918494,1
235,400,972002,0.98
236,400,1108270,0.96
237,400,823516,1
238,400,860089,0.99
239,400,628582,1
240,400,804002,1
241,400,685616,1
242,400,468174,1
243,400,918504,0.97
244,400,668843,1
245,400,699313,1
246,400,838484,0.98
247,400,804327,1
248,400,790792,1
249,400,432268,1
250,400,1023896,0.93
251,400,868475,1
252,400,837889,0.98
253,400,1238885,0.86
254,400,1090363,1
255,400,1121824,0.89
256,400,673325,1
257,400,853651,0.99
258,400,1074519,0.97
259,400,844878,0.99
260,400,968071,0.93
261,400,929288,0.96
262,400,973409,0.98
263,400,567355,1
264,400,1078244,0.82
265,400,677816,0.99
266,400,735471,0.91
267,400,637211,1
268,400,672360,1
269,400,598130,1
270,400,616508,1
271,400,1022039,1
272,400,715887,1
273,400,800098,0.98
274,400,817862,0.98
275,400,885176,1
276,400,806194,1
277,400,839973,1
278,400,712775,1
279,400,972670,0.96
280,400,998089,0.99
281,400,908782,1
282,400,765950,1
283,400,590186,1
284,400,818448,0.99
285,400,822335,1
286,400,1148650,0.94
287,400,1060939,0.97
288,400,960533,0.96
289,400,811956,1
290,400,916691,0.99
291,400,652982,1
292,400,861614,1
293,400,458778,1
294,400,914157,0.99
295,400,844372,1
296,400,653460,0.99
297,400,1074645,0.95
298,400,611269,1
299,400,769782,0.99
300,400,896321,0.96
301,400,897574,0.99
302,400,1036872,0.99
303,400,1010938,1
304,400,1033735,1
305,400,1067486,0.97
306,400,989099,0.99
307,400,803624,0.99
308,400,993274,0.98
309,400,1016033,1
310,400,862831,0.99
311,400,886691,0.99
312,400,1007169,0.98
313,400,715020,1
314,400,920207,1
315,400,1028982,1
316,400,1015447,0.96
317,400,885076,1
318,400,881505,0.97
319,400,917088,0.99
320,400,1006177,0.93
321,400,978982,0.91
322,400,937376,0.98
323,400,1122897,0.95
324,400,925004,1
325,400,1038694,0.93
326,400,854363,1
327,400,796265,1
328,400,822019,1
329,400,900244,1
330,400,658176,1
331,400,657076,1
332,400,861298,1
333,400,926763,1
334,400,1184114,0.85
335,400,1079172,0.96
336,400,758204,1
337,400,948116,0.98
338,400,865419,0.99
339,400,857222,1
340,400,599402,1
341,400,783696,1
342,400,996908,0.95
343,400,870135,0.99
344,400,871470,1
345,400,848440,1
346,400,913075,1
347,400,666589,1
348,400,743803,1
349,400,786049,0.99
350,400,861613,1
351,400,555768,1
352,400,967350,0.99
353,400,841000,1
354,400,957872,0.95
355,400,1000326,0.9
356,400,1039623,0.95
357,400,589483,1
358,400,431825,0.99
359,400,567797,1
360,400,720683,1
361,400,645850,1
362,400,903273,0.98
363,400,974897,0.99
364,400,1054194,0.93
365,400,810260,1
366,400,915041,1
367,400,943382,1
368,400,1252384,1
369,400,899161,1
370,400,1105367,0.86
371,400,814219,0.99
372,400,748087,1
373,400,856744,1
374,400,1005835,0.96
375,400,812524,0.99
376,400,1055727,0.96
377,400,787952,1
378,400,840667,0.98
379,400,945194,1
380,400,864995,0.99
381,400,973103,0.9
382,400,1034059,0.97
383,400,913291,1
384,400,869909,0.99
385,400,901055,0.95
386,400,716833,1
387,400,695210,1
388,400,1021336,0.98
389,400,676815,1
390,400,891569,1
391,400,733677,1
392,400,727320,1
393,400,813398,1
394,400,842876,1
395,400,996060,0.98
396,400,970858,1
397,400,1028594,0.98
398,400,572963,1
399,400,1027080,0.96
400,400,1094096,0.98
401,400,951011,0.98
402,400,1023608,0.96
403,400,814462,0.99
404,400,867024,1
405,400,924653,0.99
406,400,967575,0.99
407,400,994356,0.92
408,400,612017,1
409,400,595578,1
410,400,993562,0.97
411,400,1079713,0.97
412,400,953138,0.98
413,400,958919,0.98
414,400,618870,1
415,400,927494,0.98
416,400,801694,1
417,400,737699,1
418,400,764264,1
419,400,824264,1
420,400,918819,1
421,400,959360,0.99
422,400,597941,1
423,400,421420,1
424,400,1028450,0.9
425,400,556633,1
426,400,986592,0.98
427,400,890893,1
428,400,908349,0.98
429,400,782866,1
430,400,468490,1
431,400,684560,1
432,400,1023013,0.96
433,400,650583,1
434,400,543432,1
435,400,1028315,0.99
436,400,562377,1
437,400,887438,1
438,400,965050,0.97
439,400,842389,1
440,400,1150526,0.92
441,400,696094,1
442,400,752244,1
443,400,1031029,0.98
444,400,942093,0.97
445,400,713777,0.96
446,400,875058,0.99
447,400,671350,1
448,400,963923,0.99
449,400,568950,1
450,400,970091,0.97
451,400,1209137,0.91
452,400,984040,1
453,400,777149,0.99
454,400,988315,0.95
455,400,839864,0.98
456,400,798953,1
457,400,982824,1
458,400,628834,1
459,400,792560,1
460,400,913689,0.99
461,400,903237,0.99
462,400,776545,1
463,400,1024122,0.99
464,400,480636,1
465,400,1023221,0.88
466,400,966168,0.89
467,400,712009,1
468,400,1108758,1
469,400,1369941,0.98
470,400,1163105,1
471,400,1432872,0.93
472,400,1251040,0.96
473,400,889855,0.98
474,400,1041913,0.96
475,400,1027369,0.98
476,400,1089659,0.98
477,400,1001453,0.98
478,400,1021426,1
479,400,1029541,0.95
480,400,725688,1
481,400,1168136,1
482,400,725715,1
483,400,931812,1
484,400,423512,1
485,400,1016034,1
486,400,942795,0.99
487,400,936520,1
488,400,647211,1
489,400,911199,0.99
490,400,1153060,0.88
491,400,1034834,1
492,400,714327,1
493,400,502214,1
494,400,812713,0.97
495,400,768213,1
496,400,960163,1
497,400,788231,1
498,400,961489,1
499,400,768934,1
500,400,786798,0.99
501,400,1051670,0.93
502,400,737969,1
503,400,1096160,0.99
504,400,767194,1
505,400,666932,1
506,400,1053238,0.9
507,400,737447,0.98
508,400,909703,0.96
509,400,817222,1
510,400,736617,1
511,400,1018540,0.92
512,400,863308,0.98
513,400,1000280,0.99
514,400,1147162,0.93
515,400,914211,0.99
516,400,702757,1
517,400,977178,0.94
518,400,988431,0.99
519,400,1076098,1
520,400,578139,1
521,400,885347,0.97
522,400,923796,1
523,400,960262,0.99
524,400,990433,0.89
525,400,1068775,0.96
526,400,677473,1
527,400,888332,1
528,400,937854,0.97
529,400,1243445,0.99
530,400,869101,1
531,400,790739,1
532,400,1074672,0.99
533,400,804111,0.99
534,400,548554,1
535,400,568995,1
536,400,612252,1
537,400,981335,0.96
538,400,1001759,0.96
539,400,852064,0.99
540,400,870197,0.99
541,400,985492,0.98
542,400,972003,0.99
543,400,719853,1
544,400,845888,1
545,400,652901,1
546,400,1006782,0.99
547,400,818061,1
548,400,672585,1
549,400,796897,1
550,400,887610,0.99
551,400,811513,0.98
552,400,1068081,0.94
553,400,1022859,0.98
554,400,656950,1
555,400,983301,0.99
556,400,1014861,0.99
557,400,917683,0.98
558,400,1064465,0.96
559,400,790721,0.99
560,400,954797,1
561,400,1050172,0.97
562,400,913535,0.99
563,400,1069064,0.98
564,400,676823,1
565,400,1087414,0.98
566,400,915329,0.99
567,400,870270,1
568,400,987648,0.97
569,400,735742,1
570,400,1063410,0.96
571,400,1029984,0.99
572,400,809503,1
573,400,1117090,0.96
574,400,981479,0.94
575,400,918170,0.97
576,400,981470,0.99
577,400,974113,1
578,400,974554,0.98
579,400,921010,0.99
580,400,869314,0.99
581,400,878403,1
582,400,943590,0.94
583,400,924130,1
584,400,671864,1
585,400,951759,0.98
586,400,1076277,0.95
587,400,859693,1
588,400,836303,0.99
589,400,928016,0.98
590,400,976141,1
591,400,974951,0.99
592,400,1022373,0.98
593,400,764056,1
594,400,668843,1
595,400,526822,1
596,400,755806,0.99
597,400,1009397,0.95
598,400,976584,0.98
599,400,674452,1
600,400,993463,0.99
601,400,483612,1
602,400,790432,1
603,400,905104,0.98
604,400,898972,0.97
605,400,897196,1
606,400,980109,0.93
607,400,553765,1
608,400,961606,0.97
609,400,1100768,0.96
610,400,1149344,0.91
611,400,853805,1
612,400,1037278,0.95
613,400,1100191,0.96
614,400,1059226,0.97
615,400,947006,0.99
616,400,1164051,0.92
617,400,786978,1
618,400,990695,0.96
619,400,863048,0.97
620,400,930045,1
621,400,587066,1
622,400,1013301,0.96
623,400,1120886,0.97
624,400,901821,1
625,400,1069370,0.95
626,400,970235,1
627,400,695706,1
628,400,894247,1
629,400,713496,1
630,400,1137847,0.93
631,400,914806,0.93
632,400,905915,0.99
633,400,1030813,0.89
634,400,692297,1
635,400,981019,1
636,400,800089,1
637,400,792271,0.98
638,400,988684,0.97
639,400,1122373,0.96
640,400,614677,1
641,400,1020019,0.99
642,400,1216324,0.86
643,400,1029207,1
644,400,845815,0.99
645,400,718132,1
646,400,341059,1
647,400,977593,0.97
648,400,593558,1
649,400,964049,0.99
650,400,778420,1
651,400,949811,1
652,400,820089,0.99
653,400,895121,1
654,400,1009947,0.96
655,400,1334477,0.73
656,400,1182906,0.93
657,400,1048306,0.97
658,400,1048468,0.99
659,400,840341,1
660,400,815924,0.94
661,400,1172401,0.87
662,400,894184,1
663,400,758944,1
664,400,931056,0.95
665,400,508815,1
666,400,630186,0.99
667,400,817375,1
668,400,222067,1
669,400,961371,0.99
670,400,984383,0.97
671,400,822010,1
672,400,1074240,0.99
673,400,1002075,0.99
674,400,886817,1
675,400,1095286,0.97
676,400,1040623,0.99
677,400,1004645,0.89
678,400,628762,1
679,400,1078081,0.96
680,400,837358,1
681,400,993932,1
682,400,912444,0.94
683,400,880108,0.99
684,400,950163,1
685,400,906285,1
686,400,766563,0.94
687,400,966926,0.99
688,400,1028387,1
689,400,645705,0.99
690,400,1134159,0.91
691,400,1070615,0.98
692,400,1098298,0.99
693,400,627012,1
694,400,873760,0.98
695,400,699763,0.99
696,400,1391511,0.84
697,400,675038,1
698,400,1115746,0.96
699,400,1046592,1
700,400,971515,0.99
701,400,1473700,1
702,400,1401486,0.77
703,400,593360,1
704,400,999469,0.99
705,400,1059397,0.91
706,400,909883,1
707,400,723794,1
708,400,843651,1
709,400,639583,1
710,400,974527,1
711,400,952435,1
712,400,803939,0.99
713,400,432061,1
714,400,1101607,0.92
715,400,860270,1
716,400,852552,1
717,400,1331429,1
718,400,1201599,0.96
719,400,1018639,0.94
720,400,1006565,0.98
721,400,1106584,1
722,400,1145215,0.95
723,400,1057864,1
724,400,837736,1
725,400,1084150,0.96
726,400,1115971,0.96
727,400,945591,1
728,400,874346,1
729,400,1023554,0.99
730,400,967566,1
731,400,1402791,1
732,400,1529321,0.98
733,400,1532847,0.89
734,400,591584,1
735,400,920505,0.99
736,400,789801,1
737,400,1084411,0.96
738,400,645723,1
739,400,1083996,0.97
740,400,668799,1
741,400,860955,1
742,400,1101400,0.94
743,400,883534,1
744,400,688754,1
745,400,1528064,0.93
746,400,857018,1
747,400,820081,1
748,400,1054528,0.99
749,400,505018,1
750,400,568581,1
751,400,871614,1
752,400,419607,1
753,400,1052941,0.91
754,400,1008747,0.97
755,400,1092995,0.85
756,400,813218,1
757,400,913967,0.99
758,400,628122,1
759,400,1061354,0.91
760,400,909117,1
761,400,1085466,0.98
762,400,1005439,0.99
763,400,1017467,1
764,400,969982,0.98
765,400,1059569,0.97
766,400,1009297,1
767,400,1127973,0.96
768,400,957936,0.99
769,400,947241,0.99
770,400,742460,1
771,400,1078405,0.97
772,400,968738,0.93
773,400,922309,1
774,400,1052409,0.91
775,400,801207,1
776,400,881487,1
777,400,605453,1
778,400,957350,0.96
779,400,745716,1
780,400,1085321,0.89
781,400,1115647,0.94
782,400,1000623,0.98
783,400,825734,1
784,400,700621,1
785,400,619141,1
786,400,718149,0.99
787,400,876609,0.99
788,400,670503,1
789,400,1045853,0.95
790,400,860856,0.99
791,400,676129,0.99
792,400,977845,0.97
793,400,1094466,0.99
794,400,1097855,0.98
795,400,931966,1
796,400,1034844,0.97
797,400,1137063,0.99
798,400,1024004,0.98
799,400,1070931,0.96
800,400,979487,0.97
801,400,929486,1
802,400,730638,1
803,400,904094,0.99
804,400,712802,0.99
805,400,821072,1
806,400,1088604,0.94
807,400,873715,0.98
808,400,788592,0.99
809,400,799476,1
810,400,1145647,0.93
811,400,1040993,0.97
812,400,800008,1
813,400,945834,1
814,400,1054104,1
815,400,661035,1
816,400,852722,1
817,400,804625,0.99
818,400,1083518,0.95
819,400,946790,0.99
820,400,913913,1
821,400,1056764,0.94
822,400,1074979,0.99
823,400,827637,1
824,400,1017873,0.96
825,400,1202149,0.96
826,400,822037,1
827,400,941226,1
828,400,873345,0.99
829,400,941705,0.96
830,400,805274,1
831,400,1071733,0.95
832,400,1033788,1
833,400,926808,0.98
834,400,1031616,0.99
835,400,723001,1
836,400,1020740,1
837,400,787249,1
838,400,1113059,0.94
839,400,632856,1
840,400,681314,1
841,400,936529,0.99
842,400,899422,0.98
843,400,1028297,0.95
844,400,922254,0.99
845,400,686914,1
846,400,418291,1
847,400,1005979,0.95
848,400,894995,1
849,400,497147,1
850,400,370698,1
851,400,955492,0.97
852,400,880000,0.99
853,400,834355,1
854,400,764705,1
855,400,1048874,0.9
856,400,1159345,0.99
857,400,1036592,0.99
858,400,858529,0.99
859,400,1114240,0.93
860,400,1117711,0.93
861,400,1025312,0.88
862,400,942670,1
863,400,861524,1
864,400,955510,0.96
865,400,828583,1
866,400,1020740,0.93
867,400,977025,0.98
868,400,901271,0.99
869,400,942038,1
870,400,900889,1
871,400,1023500,0.99
872,400,1036587,0.99
873,400,635885,1
874,400,1031453,0.97
875,400,792055,0.99
876,400,825626,1
877,400,848873,1
878,400,685164,1
879,400,679114,1
880,400,991300,0.95
881,400,787907,1
882,400,877565,0.99
883,400,747032,1
884,400,590340,1
885,400,925230,1
886,400,874742,1
887,400,1016467,0.98
888,400,1027900,0.99
889,400,1117585,0.97
890,400,669961,1
891,400,1093825,0.94
892,400,878783,1
893,400,621161,1
894,400,772677,1
895,400,815401,1
896,400,693055,1
897,400,1063707,0.94
898,400,941182,0.98
899,400,733505,1
900,400,978161,0.99
901,400,1093636,0.98
902,400,727437,1
903,400,1041363,1
904,400,947936,1
905,400,851911,0.99
906,400,1149939,0.92
907,400,803516,1
908,400,768664,1
909,400,961064,1
910,400,1091905,0.79
911,400,1158010,0.74
912,400,943959,0.98
913,400,896627,1
914,400,728790,1
915,400,788953,1
916,400,781117,1
917,400,1217992,0.93
918,400,1068208,0.91
919,400,1000461,0.99
920,400,958161,0.99
921,400,998604,1
922,400,660367,1
923,400,814624,1
924,400,957394,0.99
925,400,510122,1
926,400,981786,0.99
927,400,1110814,0.89
928,400,787248,1
929,400,849314,1
930,400,955591,0.95
931,400,793462,0.99
932,400,916131,0.96
933,400,1138739,1
934,400,1091787,0.99
935,400,1160462,0.96
936,400,771342,1
937,400,1010947,0.98
938,400,927196,1
939,400,1078117,0.97
940,400,1158433,0.99
941,400,901379,1
942,400,1091463,0.98
943,400,696968,1
944,400,965799,1
945,400,1110029,0.88
946,400,729917,1
947,400,957286,1
948,400,1072860,0.98
949,400,979631,0.98
950,400,660773,1
951,400,1065881,0.98
952,400,917719,1
953,400,831523,1
954,400,876564,0.99
955,400,744867,1
956,400,864841,1
957,400,809449,1
958,400,931056,1
959,400,1070615,0.97
960,400,1000353,0.98
961,400,1023617,0.95
962,400,1005880,0.99
963,400,1232642,0.98
964,400,1117309,0.95
965,400,816970,1
966,400,950027,0.99
967,400,966088,0.97
968,400,915708,0.97
969,400,1144204,0.99
970,400,1659764,0.98
971,400,1145872,0.97
972,400,789331,0.99
973,400,845130,1
974,400,967828,1
975,400,1051705,0.97
976,400,674001,1
977,400,964743,1
978,400,1176162,0.94
979,400,916619,0.98
980,400,1060173,0.9
981,400,1122004,0.96
982,400,540005,1
983,400,849215,1
984,400,498922,1
985,400,976241,0.99
986,400,1144673,0.95
987,400,850117,0.99
988,400,903544,1
989,400,797537,0.99
990,400,1039118,0.97
991,400,986593,0.93
992,400,957530,1
993,400,1031074,0.99
994,400,961074,1
995,400,1095133,0.93
996,400,1031254,0.95
997,400,1157991,0.97
998,400,989767,0.99
999,400,1111977,0.96
0,500,1262808,0.95
1,500,933391,1
2,500,1052571,0.97
3,500,597797,1
4,500,1405334,0.89
5,500,784742,1
6,500,760071,1
7,500,1123366,0.99
8,500,914581,1
9,500,1027179,1
10,500,1437670,0.94
11,500,1112211,1
12,500,1156793,1
13,500,1233294,0.97
14,500,886105,1
15,500,1147234,0.96
16,500,1191256,1
17,500,921966,1
18,500,701883,1
19,500,1171130,1
20,500,1183105,0.99
21,500,1033987,0.99
22,500,1272862,1
23,500,1313196,0.92
24,500,1277605,0.99
25,500,1124403,0.99
26,500,1032589,1
27,500,1278976,1
28,500,1141148,1
29,500,994843,1
30,500,1416551,0.96
31,500,1136161,0.98
32,500,1070362,0.99
33,500,1396570,0.95
34,500,1289364,0.96
35,500,1235279,0.94
36,500,1210598,1
37,500,956448,1
38,500,1012778,1
39,500,1077829,1
40,500,777014,1
41,500,720899,1
42,500,1027233,1
43,500,822821,1
44,500,926150,0.99
45,500,885618,1
46,500,917186,1
47,500,1136729,0.99
48,500,902940,1
49,500,1154962,0.99
50,500,729015,1
51,500,1069028,1
52,500,1400266,0.94
53,500,828141,1
54,500,800775,1
55,500,838331,1
56,500,1007268,0.99
57,500,849756,1
58,500,1238696,0.99
59,500,1365587,0.94
60,500,1272989,0.98
61,500,1372232,0.97
62,500,951714,1
63,500,866230,1
64,500,1254791,0.98
65,500,1414540,0.99
66,500,1101364,1
67,500,791171,1
68,500,1226757,1
69,500,1165729,1
70,500,1464145,0.9
71,500,1352223,0.99
72,500,736815,1
73,500,1025953,1
74,500,845725,1
75,500,955122,0.99
76,500,1369400,0.9
77,500,930307,0.99
78,500,649005,1
79,500,801757,1
80,500,1078189,0.99
81,500,1420618,0.9
82,500,1206008,1
83,500,1381439,0.89
84,500,1056241,0.99
85,500,1261725,0.99
86,500,548554,1
87,500,1316325,0.95
88,500,1169606,0.98
89,500,1210318,0.98
90,500,994635,1
91,500,689971,1
92,500,999217,1
93,500,1219597,0.98
94,500,1109064,1
95,500,1022950,0.98
96,500,1003986,1
97,500,779872,1
98,500,1261563,0.99
99,500,1135178,0.99
100,500,1370581,0.93
101,500,533747,1
102,500,1113374,1
103,500,1545895,0.9
104,500,1149705,0.89
105,500,1292574,1
106,500,945663,1
107,500,1395524,0.98
108,500,969974,1
109,500,1560286,0.96
110,500,1153537,1
111,500,651954,1
112,500,1230111,0.94
113,500,1032103,1
114,500,1005889,1
115,500,1033780,1
116,500,1117874,1
117,500,1497436,0.98
118,500,1362286,0.97
119,500,1436011,0.94
120,500,1411439,0.98
121,500,1372881,1
122,500,949415,1
123,500,1176703,0.98
124,500,767357,1
125,500,1282330,1
126,500,1695265,1
127,500,1283394,1
128,500,1326821,1
129,500,1284503,0.99
130,500,811658,1
131,500,991290,1
132,500,1420997,0.97
133,500,850965,1
134,500,1267415,0.99
135,500,1483847,0.83
136,500,846338,1
137,500,1407922,1
138,500,1573749,0.98
139,500,1645337,1
140,500,785770,1
141,500,1052788,1
142,500,771387,1
143,500,1229768,0.99
144,500,1173159,0.99
145,500,1069316,1
146,500,1354359,0.97
147,500,1393143,0.97
148,500,1180570,1
149,500,724245,1
150,500,1268380,0.99
151,500,845923,0.98
152,500,1234277,1
153,500,1414333,0.99
154,500,726969,0.98
155,500,802190,1
156,500,1299237,0.98
157,500,1073283,1
158,500,1068955,0.99
159,500,1000389,1
160,500,1066494,1
161,500,1390365,0.96
162,500,1260481,1
163,500,849414,1
164,500,1370122,0.98
165,500,1445352,0.94
166,500,1316262,1
167,500,1589953,0.93
168,500,1221707,1
169,500,827483,1
170,500,1040497,1
171,500,923968,1
172,500,918314,1
173,500,1307939,0.94
174,500,769079,1
175,500,1152221,1
176,500,1103861,0.99
177,500,1183447,0.99
178,500,1287262,1
179,500,1049154,1
180,500,1010750,1
181,500,1337389,0.99
182,500,1201230,0.98
183,500,771884,1
184,500,1079623,1
185,500,1149407,0.97
186,500,1190896,0.99
187,500,1202510,1
188,500,1065746,0.99
189,500,916645,0.99
190,500,1109281,1
191,500,1102580,0.96
192,500,1336226,0.98
193,500,991687,1
194,500,1007251,1
195,500,1425226,0.95
196,500,1299039,0.98
197,500,989307,0.99
198,500,1301762,0.99
199,500,1272979,1
200,500,1343936,0.99
201,500,1316199,0.99
202,500,1466849,0.95
203,500,1143843,1
204,500,1044366,1
205,500,1131481,0.98
206,500,1350609,0.95
207,500,1202428,0.98
208,500,1253024,0.99
209,500,547417,0.99
210,500,1229796,0.96
211,500,1247172,0.99
212,500,1550231,0.9
213,500,1061318,1
214,500,1009920,0.97
215,500,949540,1
216,500,960055,1
217,500,853489,1
218,500,1003653,0.99
219,500,1274629,0.98
220,500,1117621,1
221,500,1230662,0.96
222,500,1300166,0.97
223,500,1430510,0.93
224,500,1096846,1
225,500,1327118,0.98
226,500,1176828,0.99
227,500,1356118,0.98
228,500,1283737,0.97
229,500,1085746,0.99
230,500,1198118,1
231,500,794715,1
232,500,1193096,0.96
233,500,1201166,1
234,500,1111237,1
235,500,1195512,0.98
236,500,1319995,0.98
237,500,1002228,1
238,500,1171725,1
239,500,792082,1
240,500,1037792,1
241,500,833480,1
242,500,622332,1
243,500,1185629,0.97
244,500,944076,1
245,500,877358,1
246,500,1011922,0.99
247,500,1017476,1
248,500,1008405,1
249,500,568995,1
250,500,1281257,0.98
251,500,1170309,1
252,500,1020866,1
253,500,1376181,0.88
254,500,1323296,1
255,500,1389590,0.91
256,500,774544,1
257,500,1034149,1
258,500,1225540,0.98
259,500,1109343,0.99
260,500,1301231,0.96
261,500,1217758,0.97
262,500,1296100,0.99
263,500,778024,1
264,500,1510177,0.87
265,500,864490,0.99
266,500,924779,0.91
267,500,826230,1
268,500,820071,1
269,500,829089,1
270,500,713172,1
271,500,1315676,1
272,500,910189,1
273,500,997115,0.99
274,500,1026565,0.99
275,500,1196766,1
276,500,1076737,1
277,500,1186991,1
278,500,911190,1
279,500,1257659,0.99
280,500,1321528,1
281,500,1184033,1
282,500,896384,1
283,500,714200,1
284,500,1040073,0.99
285,500,1057305,1
286,500,1486101,0.96
287,500,1193673,0.99
288,500,1142193,0.98
289,500,1029442,1
290,500,1218317,1
291,500,898503,1
292,500,1063392,1
293,500,633243,1
294,500,1191301,1
295,500,1073726,1
296,500,790829,1
297,500,1357895,0.97
298,500,855887,1
299,500,899964,0.99
300,500,1111355,0.97
301,500,1063906,0.99
302,500,1234999,0.99
303,500,1128073,1
304,500,1532558,1
305,500,1505623,0.98
306,500,1155899,0.99
307,500,981705,0.99
308,500,1269508,0.99
309,500,1174349,1
310,500,1016484,1
311,500,1111228,0.99
312,500,1201004,0.99
313,500,833895,1
314,500,1083618,1
315,500,1215639,1
316,500,1351573,0.99
317,500,1026466,1
318,500,1085971,0.98
319,500,1081607,1
320,500,1322277,0.96
321,500,1380257,0.93
322,500,1154159,0.98
323,500,1282258,0.96
324,500,1131977,1
325,500,1299256,0.94
326,500,983454,1
327,500,949640,1
328,500,1051048,1
329,500,1208082,1
330,500,797321,1
331,500,834048,1
332,500,1056286,1
333,500,1319670,1
334,500,1313467,0.89
335,500,1293043,0.96
336,500,928440,1
337,500,1160102,0.98
338,500,1070452,0.99
339,500,1082608,1
340,500,733660,1
341,500,1109605,1
342,500,1334125,0.96
343,500,1092932,1
344,500,1129353,1
345,500,1063717,1
346,500,1134700,1
347,500,927106,1
348,500,977918,1
349,500,1012120,0.99
350,500,1056404,1
351,500,638862,1
352,500,1095476,1
353,500,1003563,1
354,500,1248569,0.97
355,500,1359581,0.95
356,500,1388085,0.95
357,500,805409,1
358,500,578094,0.99
359,500,716897,1
360,500,914148,1
361,500,812352,1
362,500,1080353,0.99
363,500,1310040,0.99
364,500,1433783,0.96
365,500,1039424,1
366,500,1115150,1
367,500,1173718,1
368,500,1172050,1
369,500,1003752,1
370,500,1439970,0.91
371,500,1082075,0.99
372,500,973661,1
373,500,1138100,1
374,500,1296911,0.98
375,500,1060209,0.99
376,500,1377534,0.97
377,500,952299,1
378,500,1008360,1
379,500,1090461,0.99
380,500,1361727,0.99
381,500,1238633,0.92
382,500,1281374,0.99
383,500,1122184,1
384,500,1028396,0.99
385,500,1099163,0.98
386,500,882065,1
387,500,901506,1
388,500,1310022,0.98
389,500,837826,1
390,500,1087053,1
391,500,968901,1
392,500,868944,1
393,500,994140,1
394,500,1051832,1
395,500,1312871,1
396,500,1283431,1
397,500,1190399,0.99
398,500,758655,1
399,500,1327525,0.96
400,500,1261654,0.99
401,500,1119110,0.99
402,500,1350888,0.97
403,500,1102292,0.99
404,500,1112644,1
405,500,1115683,0.99
406,500,1237037,1
407,500,1403603,0.94
408,500,776644,1
409,500,770369,1
410,500,1211392,0.97
411,500,1403395,0.99
412,500,1267704,1
413,500,1107134,0.99
414,500,797042,1
415,500,1146576,0.99
416,500,883345,1
417,500,860442,1
418,500,889242,1
419,500,1024131,1
420,500,1075890,1
421,500,1190688,0.99
422,500,791911,1
423,500,527075,1
424,500,1230787,0.95
425,500,658699,1
426,500,1244755,0.99
427,500,1177180,1
428,500,1222852,0.98
429,500,973274,1
430,500,591169,1
431,500,891163,1
432,500,1372141,0.97
433,500,824652,1
434,500,629988,1
435,500,1221842,0.99
436,500,651314,1
437,500,1078072,1
438,500,1164863,0.99
439,500,1038567,1
440,500,1310779,0.95
441,500,894121,1
442,500,851425,1
443,500,1238885,0.99
444,500,1087828,0.99
445,500,922317,0.98
446,500,1016836,1
447,500,1118803,1
448,500,1512585,1
449,500,730584,1
450,500,1276893,0.99
451,500,1436462,0.94
452,500,1203483,1
453,500,887610,0.99
454,500,1280581,0.98
455,500,1110561,0.99
456,500,1016530,1
457,500,1391944,1
458,500,778727,1
459,500,1322294,1
460,500,1241140,1
461,500,1212077,0.99
462,500,1019027,1
463,500,1176721,0.99
464,500,592639,1
465,500,1242636,0.88
466,500,1330193,0.91
467,500,894986,1
468,500,905843,1
469,500,1199931,0.98
470,500,1070011,1
471,500,1223348,0.95
472,500,1609421,0.97
473,500,1089812,0.99
474,500,1355821,0.99
475,500,1401809,0.99
476,500,1370708,1
477,500,1248362,0.98
478,500,1244151,1
479,500,1317957,0.96
480,500,880279,1
481,500,1071634,1
482,500,849315,1
483,500,1038206,1
484,500,608220,1
485,500,1329364,1
486,500,1117865,0.99
487,500,1070480,1
488,500,840153,1
489,500,1089118,1
490,500,1396047,0.89
491,500,1215152,1
492,500,791090,1
493,500,617968,1
494,500,1043861,0.98
495,500,996881,1
496,500,1175043,1
497,500,995961,1
498,500,1366271,1
499,500,1096386,1
500,500,986340,0.99
501,500,1317687,0.95
502,500,956682,1
503,500,1311176,0.99
504,500,931425,1
505,500,807059,1
506,500,1310067,0.95
507,500,966322,0.99
508,500,1181472,0.99
509,500,972985,1
510,500,994997,1
511,500,1225594,0.92
512,500,1185747,0.99
513,500,1268759,0.99
514,500,1407913,0.94
515,500,1027765,0.99
516,500,874779,1
517,500,1269444,0.97
518,500,1346398,0.99
519,500,1306992,1
520,500,708393,1
521,500,1050957,0.98
522,500,1080624,1
523,500,1180345,1
524,500,1229417,0.91
525,500,1239200,0.99
526,500,876330,1
527,500,1125331,1
528,500,1201094,0.98
529,500,1124944,1
530,500,1112572,1
531,500,964256,1
532,500,1247722,0.99
533,500,1018937,1
534,500,767879,1
535,500,718898,1
536,500,784561,1
537,500,1383125,0.97
538,500,1501294,0.96
539,500,1114267,0.99
540,500,1117432,1
541,500,1329788,0.98
542,500,1162852,1
543,500,925618,1
544,500,1086972,1
545,500,858719,1
546,500,1130958,0.99
547,500,911533,1
548,500,809791,1
549,500,1171409,1
550,500,1145530,0.99
551,500,914735,0.99
552,500,1313268,0.97
553,500,1326136,0.99
554,500,747699,1
555,500,1142906,0.99
556,500,1339715,1
557,500,1087631,0.98
558,500,1358462,0.98
559,500,963464,1
560,500,1182689,1
561,500,1296866,0.97
562,500,1075674,1
563,500,1261635,0.98
564,500,819963,1
565,500,1265919,0.98
566,500,1107044,1
567,500,1067567,1
568,500,1244494,0.99
569,500,905807,1
570,500,1351068,0.98
571,500,1313386,0.99
572,500,987341,1
573,500,1352565,0.99
574,500,1355370,0.99
575,500,1289201,0.98
576,500,1329021,1
577,500,981507,1
578,500,1269075,0.99
579,500,1212735,1
580,500,1154655,0.99
581,500,1126539,1
582,500,1235242,0.97
583,500,1162067,1
584,500,946051,1
585,500,1175115,0.99
586,500,1868918,0.96
587,500,1253998,1
588,500,978873,1
589,500,1038621,0.99
590,500,1294918,1
591,500,1233574,0.99
592,500,1248723,0.99
593,500,983968,1
594,500,872453,1
595,500,566615,1
596,500,941362,0.99
597,500,1382845,0.97
598,500,1268687,0.99
599,500,853147,1
600,500,1294882,1
601,500,653587,1
602,500,1000848,1
603,500,1093302,0.98
604,500,1085277,0.99
605,500,1090200,1
606,500,1254584,0.96
607,500,654524,1
608,500,1196008,0.98
609,500,1276929,0.96
610,500,1398363,0.92
611,500,1063455,1
612,500,1885267,0.96
613,500,1362412,0.98
614,500,1515254,0.99
615,500,1200409,0.99
616,500,1343422,0.95
617,500,942741,1
618,500,1344756,0.98
619,500,1016069,0.98
620,500,1135196,1
621,500,715273,1
622,500,1223700,0.99
623,500,1397930,0.98
624,500,934157,1
625,500,1309824,0.96
626,500,1069145,1
627,500,806744,1
628,500,1184042,1
629,500,890504,1
630,500,1384387,0.96
631,500,1165205,0.93
632,500,1145034,1
633,500,1355991,0.92
634,500,900901,1
635,500,1293629,1
636,500,1400329,1
637,500,1325351,0.98
638,500,1710720,0.98
639,500,1320346,0.98
640,500,732226,1
641,500,1273286,1
642,500,1550763,0.9
643,500,1279075,1
644,500,975718,1
645,500,859982,1
646,500,399851,1
647,500,1200796,0.97
648,500,699818,1
649,500,1151978,1
650,500,1065890,1
651,500,1150146,1
652,500,1023338,0.99
653,500,1049632,1
654,500,1222690,0.97
655,500,1494009,0.78
656,500,1322863,0.96
657,500,1182771,0.98
658,500,1279815,0.99
659,500,1174502,1
660,500,1142176,0.97
661,500,1479700,0.91
662,500,990596,1
663,500,940794,1
664,500,1225765,0.98
665,500,618969,1
666,500,742081,0.99
667,500,1023491,1
668,500,284665,1
669,500,1220409,0.99
670,500,1135412,0.98
671,500,890289,1
672,500,1281870,0.99
673,500,1433720,0.99
674,500,1125214,1
675,500,1298543,1
676,500,1289355,0.99
677,500,1346893,0.92
678,500,722009,1
679,500,945628,0.98
680,500,898196,1
681,500,1232727,1
682,500,1031777,0.95
683,500,994320,1
684,500,1041913,1
685,500,1048099,1
686,500,1076566,0.94
687,500,1093780,0.99
688,500,1087072,1
689,500,739106,0.99
690,500,1387318,0.93
691,500,1214512,0.99
692,500,1209759,1
693,500,746995,1
694,500,1044023,0.99
695,500,877863,0.99
696,500,1385875,0.87
697,500,787880,1
698,500,1202545,0.97
699,500,1242483,1
700,500,1094050,0.99
701,500,1310031,1
702,500,1422746,0.86
703,500,709565,1
704,500,1154511,1
705,500,1190454,0.93
706,500,1193970,1
707,500,912389,1
708,500,1036467,1
709,500,742180,1
710,500,1160968,1
711,500,1240715,1
712,500,1327083,0.99
713,500,625624,1
714,500,1257443,0.95
715,500,1008964,1
716,500,888873,1
717,500,1299517,1
718,500,1325621,0.97
719,500,1239814,0.94
720,500,1205323,1
721,500,1261970,1
722,500,1369409,0.97
723,500,1150661,1
724,500,966150,1
725,500,1461899,0.97
726,500,1382565,0.98
727,500,1211527,1
728,500,1080525,1
729,500,1271239,1
730,500,1049902,1
731,500,1088947,1
732,500,1304819,0.98
733,500,1380501,0.92
734,500,675471,1
735,500,1113527,0.99
736,500,948946,1
737,500,1357606,0.99
738,500,782217,1
739,500,1395667,0.98
740,500,766707,1
741,500,1004951,1
742,500,1218705,0.94
743,500,1163293,1
744,500,851685,1
745,500,1384838,0.96
746,500,972110,1
747,500,1047955,1
748,500,1355766,0.99
749,500,620926,1
750,500,617869,1
751,500,1438762,1
752,500,576029,1
753,500,1244043,0.93
754,500,1212754,0.97
755,500,1426254,0.88
756,500,1019677,1
757,500,1129579,0.99
758,500,807825,1
759,500,1256685,0.94
760,500,1114384,1
761,500,1247857,0.98
762,500,1203420,1
763,500,1229580,1
764,500,1316144,0.99
765,500,1395406,0.98
766,500,1187415,1
767,500,1320419,0.96
768,500,1142374,1
769,500,1162086,0.99
770,500,995817,1
771,500,1350500,1
772,500,1134953,0.97
773,500,1054501,1
774,500,1286722,0.92
775,500,949306,1
776,500,1574623,1
777,500,781775,1
778,500,1102653,0.98
779,500,959892,1
780,500,1303467,0.91
781,500,1453739,0.96
782,500,1249589,0.99
783,500,994464,1
784,500,785652,1
785,500,772198,1
786,500,937323,0.99
787,500,1098550,1
788,500,829927,0.99
789,500,1332321,0.95
790,500,1146170,0.99
791,500,815571,0.99
792,500,1173123,0.99
793,500,1336388,0.99
794,500,1281987,0.99
795,500,1044519,1
796,500,1345072,0.97
797,500,1348733,0.99
798,500,1164367,0.98
799,500,1259688,0.98
800,500,1194854,1
801,500,1177748,1
802,500,848620,1
803,500,1038107,1
804,500,817140,0.99
805,500,1021281,1
806,500,1323043,0.95
807,500,871632,0.99
808,500,891587,0.99
809,500,911172,1
810,500,1289462,0.97
811,500,1295468,0.97
812,500,929080,1
813,500,1080417,1
814,500,1258732,1
815,500,865825,1
816,500,991714,1
817,500,1014131,1
818,500,1293214,0.96
819,500,1210788,0.99
820,500,1057828,1
821,500,1309887,0.97
822,500,1238226,1
823,500,804454,1
824,500,1256000,0.96
825,500,1438093,0.98
826,500,949469,1
827,500,1347073,1
828,500,1075015,0.99
829,500,1185575,0.98
830,500,1029189,1
831,500,1367912,0.98
832,500,1172546,1
833,500,1227911,0.99
834,500,1285126,1
835,500,841902,1
836,500,1081517,1
837,500,902831,1
838,500,1314242,0.96
839,500,679953,1
840,500,1141662,1
841,500,1141553,0.99
842,500,1104438,0.99
843,500,1364549,0.96
844,500,1134439,0.99
845,500,793182,1
846,500,478796,1
847,500,1329652,0.96
848,500,1111039,1
849,500,557905,1
850,500,473016,1
851,500,1090957,0.99
852,500,1067296,1
853,500,1033680,1
854,500,942895,1
855,500,1342565,0.92
856,500,1245783,1
857,500,1268173,1
858,500,1036484,0.99
859,500,1452756,0.95
860,500,1310536,0.96
861,500,1316812,0.94
862,500,1263764,1
863,500,1042112,1
864,500,1150877,0.97
865,500,1013031,1
866,500,1383846,0.96
867,500,1211130,1
868,500,1240788,1
869,500,1197127,1
870,500,815697,1
871,500,1189038,1
872,500,1216044,1
873,500,771053,1
874,500,1234503,0.98
875,500,926051,1
876,500,1071318,1
877,500,1045178,1
878,500,864129,1
879,500,868774,1
880,500,1298435,0.98
881,500,864274,1
882,500,973211,1
883,500,872867,1
884,500,667211,1
885,500,1131517,1
886,500,1029712,1
887,500,1128749,0.98
888,500,1120092,0.99
889,500,1376975,0.98
890,500,804291,1
891,500,1333124,0.95
892,500,1127757,1
893,500,1053870,1
894,500,1389364,1
895,500,1456669,1
896,500,1096007,1
897,500,1247226,0.95
898,500,1190300,1
899,500,902452,1
900,500,1062733,0.99
901,500,1333728,0.99
902,500,913733,1
903,500,1068270,1
904,500,1016124,1
905,500,1103708,0.99
906,500,1343792,0.95
907,500,974933,1
908,500,933598,1
909,500,1198308,1
910,500,1336848,0.82
911,500,1479636,0.78
912,500,1244701,0.99
913,500,1024518,1
914,500,876816,1
915,500,941985,1
916,500,921209,1
917,500,1336704,0.95
918,500,1433934,0.96
919,500,1319818,0.99
920,500,1168849,0.99
921,500,1211762,1
922,500,787637,1
923,500,1035223,1
924,500,1121995,1
925,500,664334,1
926,500,1264945,0.99
927,500,1604750,0.91
928,500,1021678,1
929,500,1125322,1
930,500,1387561,0.98
931,500,1028369,1
932,500,1102725,0.99
933,500,1394009,1
934,500,1322177,0.99
935,500,1254818,0.96
936,500,871649,1
937,500,1262844,0.98
938,500,1165999,1
939,500,1396362,0.98
940,500,1478960,0.99
941,500,1089298,1
942,500,1544290,0.99
943,500,913606,1
944,500,1221383,1
945,500,1382015,0.9
946,500,1000596,1
947,500,1205423,1
948,500,1286668,0.99
949,500,1148036,0.99
950,500,832470,1
951,500,1289932,0.99
952,500,1286929,1
953,500,1209553,1
954,500,1203862,1
955,500,988513,1
956,500,1135061,1
957,500,1102644,1
958,500,1206477,1
959,500,1413116,0.99
960,500,1262926,0.98
961,500,1332511,0.97
962,500,1382060,0.99
963,500,1264548,0.98
964,500,1328426,0.95
965,500,1238849,1
966,500,1694083,0.99
967,500,1629439,0.99
968,500,1615760,0.97
969,500,1812389,0.99
970,500,1909252,0.98
971,500,1315414,0.98
972,500,815248,0.99
973,500,928404,1
974,500,1233367,1
975,500,1275621,0.97
976,500,824048,1
977,500,1068640,1
978,500,1435731,0.98
979,500,1103455,0.98
980,500,1252402,0.93
981,500,1407183,0.97
982,500,667789,1
983,500,1036855,1
984,500,645146,1
985,500,1204448,0.99
986,500,1345911,0.97
987,500,1016403,1
988,500,1310274,1
989,500,1368120,1
990,500,1786618,0.98
991,500,1681009,0.95
992,500,1547535,1
993,500,1702370,0.99
994,500,1706022,1
995,500,1381403,0.96
996,500,1378589,0.97
997,500,1452143,0.99
998,500,1223754,0.99
999,500,1379581,0.97
0,600,1579917,0.96
1,600,1059253,1
2,600,1141697,0.98
3,600,673712,1
4,600,1733570,0.91
5,600,921903,1
6,600,827330,1
7,600,1357489,0.99
8,600,1012445,1
9,600,1087062,1
10,600,1667095,0.96
11,600,1134151,1
12,600,1308895,1
13,600,1427047,0.98
14,600,1010587,1
15,600,1441349,0.97
16,600,1340230,1
17,600,1064844,1
18,600,826347,1
19,600,1261184,1
20,600,1451899,0.99
21,600,1172284,0.99
22,600,1432566,1
23,600,1668961,0.94
24,600,1305144,0.99
25,600,1269102,1
26,600,1449464,1
27,600,1463919,1
28,600,1258867,1
29,600,1227208,1
30,600,1546905,0.97
31,600,1397607,0.98
32,600,1265909,0.99
33,600,1523712,0.97
34,600,1460285,0.98
35,600,1551728,0.96
36,600,1445614,1
37,600,1560900,1
38,600,1631919,1
39,600,1249823,1
40,600,914671,1
41,600,858034,1
42,600,1141661,1
43,600,984094,1
44,600,1096341,1
45,600,946078,1
46,600,1017828,1
47,600,1299472,0.99
48,600,1281401,1
49,600,1356776,1
50,600,749854,1
51,600,975835,1
52,600,1549096,0.95
53,600,927566,1
54,600,903751,1
55,600,969919,1
56,600,1200193,0.99
57,600,946187,1
58,600,1364297,0.99
59,600,1540268,0.97
60,600,1555345,1
61,600,1584948,0.97
62,600,1098135,1
63,600,986087,1
64,600,1209876,0.99
65,600,1485624,0.99
66,600,1197757,1
67,600,834923,1
68,600,1388255,1
69,600,1260436,1
70,600,1605869,0.91
71,600,1880172,0.99
72,600,814390,1
73,600,1177956,1
74,600,1036998,1
75,600,1117531,0.99
76,600,1548807,0.93
77,600,1099146,1
78,600,715363,1
79,600,955988,1
80,600,1227514,0.99
81,600,1635138,0.93
82,600,1412277,1
83,600,1859857,0.92
84,600,1300212,0.99
85,600,1493631,0.99
86,600,646941,1
87,600,1554010,0.95
88,600,1821127,0.98
89,600,1754138,0.98
90,600,1081165,1
91,600,816906,1
92,600,1301988,1
93,600,1742254,0.99
94,600,1198533,1
95,600,1329509,0.99
96,600,1319184,1
97,600,884977,1
98,600,1552883,0.99
99,600,1368486,0.99
100,600,1621378,0.95
101,600,644425,1
102,600,1372475,1
103,600,1634751,0.92
104,600,1602571,0.92
105,600,1325648,1
106,600,1008459,1
107,600,1562883,0.99
108,600,1148298,1
109,600,1634390,0.96
110,600,1373125,1
111,600,774453,1
112,600,1350293,0.97
113,600,1106088,1
114,600,1224160,1
115,600,1146991,1
116,600,1195413,1
117,600,1695148,0.98
118,600,1448265,0.99
119,600,1586129,0.94
120,600,1560827,0.99
121,600,1555110,1
122,600,1055006,1
123,600,1400969,1
124,600,871424,1
125,600,1538374,1
126,600,1404631,1
127,600,1364468,1
128,600,1436381,1
129,600,1417850,1
130,600,899882,1
131,600,1067774,1
132,600,1577753,0.97
133,600,953382,1
134,600,1344567,0.99
135,600,2031814,0.86
136,600,917628,1
137,600,1621658,1
138,600,1322430,0.98
139,600,1258254,1
140,600,688032,1
141,600,1174836,1
142,600,834193,1
143,600,1375839,0.99
144,600,1530313,0.99
145,600,1194385,1
146,600,1529709,0.97
147,600,1662767,0.97
148,600,1448356,1
149,600,751450,1
150,600,1316992,1
151,600,937529,0.99
152,600,1334783,1
153,600,1525596,0.99
154,600,1005501,0.99
155,600,927899,1
156,600,1492485,0.98
157,600,1229264,1
158,600,1232934,0.99
159,600,1090714,1
160,600,1332601,1
161,600,1649944,0.97
162,600,1540331,1
163,600,809458,1
164,600,1449104,0.98
165,600,1668168,0.95
166,600,1586508,1
167,600,1667952,0.94
168,600,1493982,1
169,600,918675,1
170,600,1154773,1
171,600,1054546,1
172,600,1134457,1
173,600,1565831,0.96
174,600,891524,1
175,600,1168100,1
176,600,1473288,0.99
177,600,1441764,1
178,600,1488789,1
179,600,1285603,1
180,600,1178948,1
181,600,1533234,0.99
182,600,1421890,0.98
183,600,905383,1
184,600,1311510,1
185,600,1336307,0.98
186,600,1535877,0.99
187,600,1211563,1
188,600,1102986,1
189,600,1078424,1
190,600,1285594,1
191,600,1365361,0.98
192,600,1479825,0.98
193,600,1122040,1
194,600,1161707,1
195,600,1595155,0.96
196,600,1524353,0.98
197,600,1219381,0.99
198,600,1479014,1
199,600,1510962,1
200,600,1505398,0.99
201,600,1497608,1
202,600,1675968,0.97
203,600,1314918,1
204,600,1265973,1
205,600,1322682,0.98
206,600,1545615,0.96
207,600,1539655,0.99
208,600,1355722,0.99
209,600,634307,1
210,600,1434685,0.98
211,600,1514001,0.99
212,600,1754841,0.91
213,600,1275946,1
214,600,1273286,0.98
215,600,1216622,1
216,600,1032265,1
217,600,1011155,1
218,600,1082517,0.99
219,600,1606220,0.98
220,600,1254702,1
221,600,1414171,0.96
222,600,1545560,0.98
223,600,1616364,0.95
224,600,1172068,1
225,600,1525732,0.98
226,600,1296208,0.99
227,600,1537770,0.98
228,600,1598826,0.99
229,600,1428950,0.99
230,600,1442675,1
231,600,955249,1
232,600,1408274,0.96
233,600,1375767,1
234,600,1368021,1
235,600,1324855,0.99
236,600,1314441,0.98
237,600,1167604,1
238,600,1248002,1
239,600,872732,1
240,600,1336803,1
241,600,1009253,1
242,600,688618,1
243,600,1339292,0.97
244,600,964103,1
245,600,1026168,1
246,600,1175548,1
247,600,1127829,1
248,600,1109731,1
249,600,652711,1
250,600,1452368,0.99
251,600,1202925,1
252,600,1269607,1
253,600,2206379,0.9
254,600,1547653,1
255,600,1649538,0.92
256,600,915825,1
257,600,1207974,1
258,600,1388779,0.98
259,600,1204070,1
260,600,1457003,0.96
261,600,1357272,0.97
262,600,1591314,0.99
263,600,758943,1
264,600,1639818,0.9
265,600,963796,1
266,600,929351,0.91
267,600,945239,1
268,600,930956,1
269,600,877150,1
270,600,742739,1
271,600,1416949,1
272,600,1071445,1
273,600,1125277,0.99
274,600,1267118,0.99
275,600,1488220,1
276,600,1260517,1
277,600,1177739,1
278,600,994411,1
279,600,1468897,0.99
280,600,1457463,1
281,600,1335793,1
282,600,1055800,1
283,600,858593,1
284,600,1189281,1
285,600,1142509,1
286,600,1831839,0.98
287,600,1542739,0.99
288,600,1434812,0.99
289,600,1143916,1
290,600,1295838,1
291,600,1025836,1
292,600,1236387,1
293,600,707220,1
294,600,1390374,1
295,600,1176811,1
296,600,926403,1
297,600,1621918,0.99
298,600,1041588,1
299,600,1123266,0.99
300,600,1456849,0.98
301,600,1277677,0.99
302,600,1608320,0.99
303,600,1353972,1
304,600,1378319,1
305,600,1454442,0.99
306,600,1472269,0.99
307,600,1157640,1
308,600,1631811,1
309,600,1432088,1
310,600,1154349,1
311,600,1308083,0.99
312,600,1547148,0.99
313,600,978125,1
314,600,1320158,1
315,600,1455740,1
316,600,1560836,0.99
317,600,1284224,1
318,600,1283430,0.99
319,600,1333918,1
320,600,1561197,0.99
321,600,1537986,0.94
322,600,1313458,0.98
323,600,1486606,0.97
324,600,1329751,1
325,600,1627888,0.97
326,600,1305622,1
327,600,1122806,1
328,600,1137270,1
329,600,1536219,1
330,600,981921,1
331,600,1036105,1
332,600,1221491,1
333,600,1447201,1
334,600,1576571,0.89
335,600,1653281,0.98
336,600,1124051,1
337,600,1378120,0.99
338,600,1330645,0.99
339,600,1192518,1
340,600,947205,1
341,600,1084511,1
342,600,1538518,0.96
343,600,1230697,1
344,600,1296848,1
345,600,1260680,1
346,600,1303656,1
347,600,1106062,1
348,600,1175368,1
349,600,1079118,1
350,600,1210959,1
351,600,738898,1
352,600,1412341,1
353,600,1269319,1
354,600,1449329,0.97
355,600,1436470,0.97
356,600,1503721,0.95
357,600,906042,1
358,600,689637,1
359,600,798989,1
360,600,1047170,1
361,600,891839,1
362,600,1294755,1
363,600,1373801,1
364,600,1586048,0.96
365,600,1266577,1
366,600,1300653,1
367,600,1388833,1
368,600,1383476,1
369,600,1126792,1
370,600,1626851,0.93
371,600,1185278,1
372,600,1123943,1
373,600,1270743,1
374,600,1604651,0.99
375,600,1774634,0.99
376,600,2211320,0.98
377,600,1221563,1
378,600,1235305,1
379,600,1244161,0.99
380,600,1290617,1
381,600,1530737,0.94
382,600,1545931,1
383,600,1175368,1
384,600,1463414,0.99
385,600,1384108,0.98
386,600,1059704,1
387,600,1021507,1
388,600,1611107,0.99
389,600,1016674,1
390,600,1290860,1
391,600,1132094,1
392,600,1089903,1
393,600,1155458,1
394,600,1195792,1
395,600,1691035,1
396,600,2127325,1
397,600,2075467,0.99
398,600,1178777,1
399,600,1762344,0.96
400,600,1557293,0.99
401,600,1336497,1
402,600,1664480,0.97
403,600,1242789,1
404,600,1633632,1
405,600,1886836,1
406,600,1864356,1
407,600,2227551,0.95
408,600,1048162,1
409,600,790594,1
410,600,1454388,1
411,600,1517680,0.99
412,600,1415894,1
413,600,1450943,0.99
414,600,896474,1
415,600,1335225,0.99
416,600,1125340,1
417,600,1062662,1
418,600,1109533,1
419,600,1152491,1
420,600,1331835,1
421,600,1488833,0.99
422,600,956069,1
423,600,654506,1
424,600,1476021,0.97
425,600,715183,1
426,600,1510187,0.99
427,600,1389779,1
428,600,1394892,0.98
429,600,1137505,1
430,600,789106,1
431,600,1121797,1
432,600,1764869,0.98
433,600,1135827,1
434,600,684614,1
435,600,1426263,1
436,600,758835,1
437,600,1274485,1
438,600,1627582,1
439,600,1400157,1
440,600,1721370,0.95
441,600,997503,1
442,600,1005898,1
443,600,1568338,1
444,600,1430249,0.99
445,600,1184718,1
446,600,1390916,1
447,600,1087233,1
448,600,1477445,1
449,600,1023978,1
450,600,1515083,1
451,600,1695138,0.95
452,600,1405487,1
453,600,1031525,0.99
454,600,1484009,0.99
455,600,1354044,0.99
456,600,1225296,1
457,600,1545966,1
458,600,866357,1
459,600,1221166,1
460,600,1548789,1
461,600,1315694,0.99
462,600,1093005,1
463,600,1393828,0.99
464,600,756599,1
465,600,1451430,0.92
466,600,1541584,0.93
467,600,1050524,1
468,600,1113564,1
469,600,1465542,0.98
470,600,1251518,1
471,600,1586490,0.96
472,600,1528825,0.98
473,600,1355072,0.99
474,600,1512242,0.99
475,600,1621053,0.99
476,600,1689079,1
477,600,1546769,0.99
478,600,1449645,1
479,600,1658583,0.98
480,600,1032742,1
481,600,1278831,1
482,600,1043914,1
483,600,1200526,1
484,600,579014,1
485,600,1492981,1
486,600,1278417,1
487,600,1271491,1
488,600,992292,1
489,600,1252447,1
490,600,1669421,0.93
491,600,1597869,1
492,600,885023,1
493,600,716472,1
494,600,1238822,0.99
495,600,1119416,1
496,600,1366741,1
497,600,1121454,1
498,600,1343043,1
499,600,1102175,1
500,600,1153933,0.99
501,600,1596301,0.97
502,600,1068595,1
503,600,1887617,0.99
504,600,1152233,1
505,600,983598,1
506,600,1505317,0.96
507,600,1023536,0.99
508,600,1364928,0.99
509,600,1123464,1
510,600,1072022,1
511,600,1461043,0.94
512,600,1309914,0.99
513,600,1430600,0.99
514,600,1774554,0.95
515,600,1226388,0.99
516,600,1034663,1
517,600,1521656,0.97
518,600,1495191,1
519,600,1502486,1
520,600,839413,1
521,600,1313962,0.98
522,600,1345280,1
523,600,1346091,1
524,600,1523162,0.92
525,600,1587987,0.99
526,600,1044230,1
527,600,1389897,1
528,600,1495245,0.99
529,600,1252447,1
530,600,1236928,1
531,600,1194052,1
532,600,1495596,0.99
533,600,1184529,1
534,600,877853,1
535,600,819567,1
536,600,1004176,1
537,600,1391925,0.97
538,600,1420997,0.98
539,600,1345911,0.99
540,600,1290824,1
541,600,1500259,0.98
542,600,1321979,1
543,600,1062382,1
544,600,1283917,1
545,600,952066,1
546,600,1302997,1
547,600,1171094,1
548,600,1055646,1
549,600,1316055,1
550,600,1380068,1
551,600,1141706,0.99
552,600,1615805,0.97
553,600,1638971,0.99
554,600,935717,1
555,600,1385803,1
556,600,1565156,1
557,600,1348471,0.99
558,600,1980801,1
559,600,1209212,1
560,600,1436047,1
561,600,1579655,0.97
562,600,1343765,1
563,600,1506589,0.98
564,600,942841,1
565,600,1628916,0.99
566,600,1291510,1
567,600,1272195,1
568,600,1914555,0.99
569,600,1486156,1
570,600,2355587,0.98
571,600,1974366,0.99
572,600,1140101,1
573,600,1576625,0.99
574,600,1430781,0.99
575,600,1459726,0.98
576,600,1440510,1
577,600,1265125,1
578,600,1332367,0.99
579,600,1445082,1
580,600,1334720,1
581,600,1310861,1
582,600,1474036,0.98
583,600,1498879,1
584,600,1097973,1
585,600,1372502,0.99
586,600,1467472,0.97
587,600,1662271,1
588,600,1245990,1
589,600,1309436,1
590,600,1500312,1
591,600,1522369,1
592,600,1452621,0.99
593,600,1109705,1
594,600,990280,1
595,600,692098,1
596,600,1143898,0.99
597,600,1603334,0.98
598,600,1457174,0.99
599,600,1024807,1
600,600,1493333,1
601,600,740016,1
602,600,1135665,1
603,600,1309860,0.98
604,600,1354324,0.99
605,600,1211103,1
606,600,1455993,0.98
607,600,738510,1
608,600,1418066,0.99
609,600,1482738,0.97
610,600,1738872,0.95
611,600,1200129,1
612,600,1491304,0.97
613,600,1553055,0.98
614,600,1638664,0.99
615,600,1515020,0.99
616,600,1718070,0.96
617,600,1100083,1
618,600,1817394,0.99
619,600,1360465,0.99
620,600,1318237,1
621,600,841866,1
622,600,1485660,1
623,600,1653705,0.99
624,600,1064375,1
625,600,1624290,0.99
626,600,1244918,1
627,600,916736,1
628,600,1370140,1
629,600,1051409,1
630,600,1979119,0.96
631,600,1364828,0.95
632,600,1415163,1
633,600,1561558,0.93
634,600,1094447,1
635,600,1322511,1
636,600,1113456,1
637,600,1150931,0.98
638,600,1401141,0.99
639,600,1465299,1
640,600,841866,1
641,600,1610926,1
642,600,1697194,0.91
643,600,1562378,1
644,600,1182302,1
645,600,1049767,1
646,600,489320,1
647,600,1483685,0.98
648,600,826311,1
649,600,1354613,1
650,600,1210508,1
651,600,1336118,1
652,600,1433422,0.99
653,600,1759071,1
654,600,2029344,0.97
655,600,2446274,0.82
656,600,2169219,0.97
657,600,1716591,0.98
658,600,1481791,0.99
659,600,1172374,1
660,600,1358435,0.98
661,600,1666085,0.92
662,600,1183077,1
663,600,1067251,1
664,600,1397372,0.98
665,600,730322,1
666,600,876645,0.99
667,600,1194781,1
668,600,306946,1
669,600,1382836,0.99
670,600,1392421,0.99
671,600,1024618,1
672,600,1601702,0.99
673,600,1444694,0.99
674,600,1318949,1
675,600,1388057,1
676,600,1367444,0.99
677,600,1609565,0.95
678,600,817673,1
679,600,1121436,0.99
680,600,1082049,1
681,600,1362106,1
682,600,1149678,0.95
683,600,1377552,1
684,600,1274900,1
685,600,1172915,1
686,600,1081390,0.96
687,600,1261320,0.99
688,600,1196342,1
689,600,840504,1
690,600,1630828,0.94
691,600,1380167,1
692,600,1400915,1
693,600,889188,1
694,600,1156170,0.99
695,600,1330338,0.99
696,600,1902796,0.88
697,600,853633,1
698,600,1374955,0.98
699,600,1390419,1
700,600,1226857,1
701,600,1468996,1
702,600,1713191,0.88
703,600,841478,1
704,600,1324856,1
705,600,2097764,0.97
706,600,1324200,1
707,600,1107648,1
708,600,1215909,1
709,600,875293,1
710,600,1415244,1
711,600,1328904,1
712,600,1080173,0.99
713,600,569455,1
714,600,1497058,0.97
715,600,1229327,1
716,600,1050885,1
717,600,1754201,1
718,600,1525507,0.98
719,600,1467066,0.98
720,600,1398661,1
721,600,1515741,1
722,600,1661613,0.98
723,600,1428490,1
724,600,1133347,1
725,600,1538059,0.98
726,600,1687330,0.99
727,600,1464225,1
728,600,1370302,1
729,600,1467968,1
730,600,1249273,1
731,600,1392078,1
732,600,1500917,0.98
733,600,1539311,0.96
734,600,791640,1
735,600,1273169,0.99
736,600,1156819,1
737,600,2017892,0.99
738,600,1289643,1
739,600,2239581,1
740,600,980867,1
741,600,1274629,1
742,600,1601819,0.94
743,600,1325460,1
744,600,1029271,1
745,600,1679061,0.98
746,600,1167117,1
747,600,1280473,1
748,600,1646473,0.99
749,600,727924,1
750,600,780630,1
751,600,1212465,1
752,600,617888,1
753,600,1480348,0.95
754,600,1306280,0.98
755,600,1608997,0.9
756,600,1199822,1
757,600,1368328,0.99
758,600,894391,1
759,600,1694021,0.97
760,600,1219335,1
761,600,1596805,0.99
762,600,1443964,1
763,600,1376777,1
764,600,1418933,0.99
765,600,1584100,0.99
766,600,1392827,1
767,600,1478572,0.96
768,600,1229858,1
769,600,1473288,0.99
770,600,1110155,1
771,600,1566039,1
772,600,1333197,0.97
773,600,1266812,1
774,600,1532170,0.94
775,600,1105557,1
776,600,1221681,1
777,600,844174,1
778,600,1289264,0.99
779,600,1031868,1
780,600,1698655,0.95
781,600,1690377,0.96
782,600,1464613,1
783,600,1155052,1
784,600,868800,1
785,600,910983,1
786,600,1088794,1
787,600,1331700,1
788,600,925167,1
789,600,1492756,0.96
790,600,1292276,0.99
791,600,890974,1
792,600,1431304,1
793,600,1528311,0.99
794,600,1481575,1
795,600,1263863,1
796,600,1428751,0.99
797,600,1494550,0.99
798,600,1498618,0.99
799,600,1432187,0.98
800,600,1350626,1
801,600,1369969,1
802,600,1000587,1
803,600,1262943,1
804,600,999767,1
805,600,1208651,1
806,600,1439473,0.95
807,600,940443,0.99
808,600,1113276,0.99
809,600,1019812,1
810,600,1496345,0.97
811,600,1476273,0.97
812,600,1042400,1
813,600,1236090,1
814,600,1574028,1
815,600,949153,1
816,600,1134096,1
817,600,1238858,1
818,600,1565462,0.98
819,600,1430457,1
820,600,1277271,1
821,600,1659259,0.98
822,600,1398264,1
823,600,1006196,1
824,600,1570043,0.98
825,600,1687438,0.98
826,600,1106566,1
827,600,1351997,1
828,600,1224277,1
829,600,1363692,0.99
830,600,1211843,1
831,600,1608176,0.98
832,600,1412872,1
833,600,1344873,0.99
834,600,1638610,1
835,600,1052499,1
836,600,1318029,1
837,600,1090236,1
838,600,1566310,0.97
839,600,730341,1
840,600,903165,1
841,600,1369590,0.99
842,600,1312826,0.99
843,600,1577220,0.97
844,600,1363125,0.99
845,600,899766,1
846,600,561196,1
847,600,1565335,0.98
848,600,1295640,1
849,600,685174,1
850,600,566363,1
851,600,1334423,0.99
852,600,1198488,1
853,600,1211347,1
854,600,1040307,1
855,600,1519699,0.94
856,600,1475669,1
857,600,1503523,1
858,600,1201527,0.99
859,600,1655508,0.97
860,600,1481169,0.96
861,600,1526625,0.95
862,600,1372980,1
863,600,1163970,1
864,600,1379274,0.97
865,600,1145467,1
866,600,1565750,0.98
867,600,1435686,1
868,600,1254458,1
869,600,1415037,1
870,600,1002120,1
871,600,1361303,1
872,600,1431791,1
873,600,914022,1
874,600,1449834,0.98
875,600,1064185,1
876,600,1283890,1
877,600,1252790,1
878,600,989045,1
879,600,935032,1
880,600,1474865,0.99
881,600,1059677,1
882,600,1190039,1
883,600,1020705,1
884,600,784156,1
885,600,1269291,1
886,600,1168028,1
887,600,1350248,0.98
888,600,1274810,1
889,600,1536373,0.98
890,600,992508,1
891,600,1564921,0.96
892,600,1274142,1
893,600,1005420,1
894,600,1120426,1
895,600,1169372,1
896,600,952281,1
897,600,1498788,0.95
898,600,1297398,1
899,600,1078090,1
900,600,1283204,0.99
901,600,1626437,0.99
902,600,1064528,1
903,600,1338300,1
904,600,1370293,1
905,600,1272132,1
906,600,1626833,0.97
907,600,1131481,1
908,600,1111319,1
909,600,1443991,1
910,600,1637059,0.84
911,600,1793246,0.82
912,600,1366263,1
913,600,1236477,1
914,600,1210228,1
915,600,1118578,1
916,600,1039371,1
917,600,1631116,0.98
918,600,1534749,0.97
919,600,1473685,0.99
920,600,1335405,1
921,600,1444640,1
922,600,913318,1
923,600,1131842,1
924,600,1375307,1
925,600,746834,1
926,600,1430257,1
927,600,1740730,0.95
928,600,1130003,1
929,600,1159200,1
930,600,1382250,0.98
931,600,1204466,1
932,600,1292637,0.99
933,600,1463838,1
934,600,1498031,1
935,600,1615372,0.97
936,600,1121274,1
937,600,1448662,0.99
938,600,1240923,1
939,600,1519087,0.99
940,600,1538302,1
941,600,1354972,1
942,600,1579474,1
943,600,914184,1
944,600,1331393,1
945,600,1671892,0.92
946,600,1256207,1
947,600,1310040,1
948,600,1466047,0.99
949,600,1421322,1
950,600,974509,1
951,600,1474378,1
952,600,1323205,1
953,600,1256667,1
954,600,1358579,1
955,600,1017440,1
956,600,1217965,1
957,600,1260724,1
958,600,1434153,1
959,600,1592982,1
960,600,1456605,0.98
961,600,1485470,0.98
962,600,1556833,1
963,600,1413305,0.98
964,600,1531250,0.95
965,600,1203754,1
966,600,1400284,1
967,600,1490231,1
968,600,1373720,0.98
969,600,1576174,0.99
970,600,1729097,0.98
971,600,1585174,0.98
972,600,988269,1
973,600,1220643,1
974,600,1374287,1
975,600,1425424,0.99
976,600,964356,1
977,600,1215702,1
978,600,1679647,0.99
979,600,1336433,0.99
980,600,1552694,0.95
981,600,1545245,1
982,600,841406,1
983,600,1292376,1
984,600,760792,1
985,600,1378328,0.99
986,600,1550953,0.97
987,600,1098803,1
988,600,1370275,1
989,600,1479284,1
990,600,1607274,0.98
991,600,1527716,0.95
992,600,1407254,1
993,600,1470736,1
994,600,1454929,1
995,600,1660864,0.97
996,600,1584452,0.99
997,600,1624290,1
998,600,1799865,0.99
999,600,2255631,0.97
0,700,1735861,0.97
1,700,1349344,1
2,700,1405568,0.98
3,700,836825,1
4,700,2087371,0.93
5,700,1095878,1
6,700,1001502,1
7,700,1621083,1
8,700,1271932,1
9,700,1335444,1
10,700,1864669,0.97
11,700,1294467,1
12,700,1645096,1
13,700,1666544,0.98
14,700,1332305,1
15,700,1681402,0.98
16,700,1650137,1
17,700,1255041,1
18,700,987527,1
19,700,1543457,1
20,700,1659015,0.99
21,700,1292526,0.99
22,700,1709481,1
23,700,1904940,0.96
24,700,1690455,0.99
25,700,1672182,1
26,700,1470473,1
27,700,1752500,1
28,700,1617146,1
29,700,1456053,1
30,700,1815167,0.98
31,700,1493371,0.99
32,700,1527904,1
33,700,2206726,0.98
34,700,1648828,0.98
35,700,1806858,0.97
36,700,1556401,1
37,700,1351526,1
38,700,1410740,1
39,700,1467687,1
40,700,1091144,1
41,700,990210,1
42,700,1318517,1
43,700,1600117,1
44,700,1415169,1
45,700,1186458,1
46,700,1277679,1
47,700,1551358,0.99
48,700,1296268,1
49,700,1622503,1
50,700,929233,1
51,700,1094970,1
52,700,1914866,0.95
53,700,1150589,1
54,700,1159382,1
55,700,1158435,1
56,700,1500855,1
57,700,1175762,1
58,700,1640815,0.99
59,700,1873880,0.98
60,700,1730206,1
61,700,1889043,0.99
62,700,1328898,1
63,700,1204463,1
64,700,1516882,1
65,700,1778220,0.99
66,700,1513678,1
67,700,1082397,1
68,700,1682618,1
69,700,1575473,1
70,700,1952936,0.94
71,700,1873193,1
72,700,1031634,1
73,700,1645160,1
74,700,1332900,1
75,700,1557933,0.99
76,700,2041705,0.94
77,700,1305257,1
78,700,857271,1
79,700,1199245,1
80,700,1481078,0.99
81,700,2054065,0.95
82,700,2026746,1
83,700,1906063,0.92
84,700,1658067,0.99
85,700,1744663,0.99
86,700,781028,1
87,700,1936324,0.96
88,700,1669033,0.98
89,700,1836803,0.98
90,700,1174285,1
91,700,931592,1
92,700,1486110,1
93,700,1836682,1
94,700,1648744,1
95,700,1291542,0.99
96,700,1333280,1
97,700,1175372,1
98,700,1838410,1
99,700,1570432,0.99
100,700,1923399,0.98
101,700,708137,1
102,700,1611686,1
103,700,1987524,0.92
104,700,1330913,0.93
105,700,1622188,1
106,700,1198325,1
107,700,1790941,0.99
108,700,1355203,1
109,700,1950216,0.98
110,700,1608093,1
111,700,860428,1
112,700,1559929,0.99
113,700,1297847,1
114,700,1374517,1
115,700,1300651,1
116,700,1398139,1
117,700,2082970,0.98
118,700,1878662,1
119,700,1758898,0.95
120,700,1934087,0.99
121,700,1739992,1
122,700,1067623,1
123,700,1657594,1
124,700,965270,1
125,700,1701960,1
126,700,1726167,1
127,700,1667946,1
128,700,1681764,1
129,700,1646850,1
130,700,1013991,1
131,700,1308154,1
132,700,1644139,0.98
133,700,1125063,1
134,700,1660250,0.99
135,700,2083007,0.9
136,700,1171129,1
137,700,1794972,1
138,700,1555388,0.98
139,700,1562390,1
140,700,829934,1
141,700,1337292,1
142,700,1058616,1
143,700,1568314,0.99
144,700,1621473,0.99
145,700,1482358,1
146,700,2239819,0.97
147,700,2130725,0.97
148,700,1726149,1
149,700,902026,1
150,700,1538944,1
151,700,1078060,0.99
152,700,1683453,1
153,700,1771201,0.99
154,700,953812,0.99
155,700,1220064,1
156,700,1811722,0.99
157,700,1409876,1
158,700,1409709,0.99
159,700,1336855,1
160,700,1541609,1
161,700,1917382,0.98
162,700,1808167,1
163,700,929382,1
164,700,2043589,0.98
165,700,1982269,0.96
166,700,1832542,1
167,700,1965778,0.95
168,700,1730234,1
169,700,1113986,1
170,700,1429078,1
171,700,1300187,1
172,700,1303456,1
173,700,1841994,0.96
174,700,1162966,1
175,700,1443360,1
176,700,1653610,0.99
177,700,1731292,1
178,700,1806068,1
179,700,1422254,1
180,700,1458365,1
181,700,1943066,1
182,700,1704160,0.98
183,700,1211009,1
184,700,1622755,1
185,700,1569447,0.99
186,700,1757579,1
187,700,1397619,1
188,700,1418549,1
189,700,1269239,1
190,700,1558462,1
191,700,1466387,0.99
192,700,1662468,1
193,700,1482414,1
194,700,1474345,1
195,700,1918291,0.97
196,700,1833432,0.98
197,700,1399495,1
198,700,1722109,1
199,700,1690158,1
200,700,1760197,0.99
201,700,1951600,1
202,700,2011927,0.98
203,700,1653880,1
204,700,1450250,1
205,700,1511811,0.98
206,700,1862923,0.96
207,700,1819170,0.99
208,700,1732852,0.99
209,700,703392,1
210,700,1813748,0.98
211,700,1789373,1
212,700,2102070,0.94
213,700,1405253,1
214,700,1466453,0.99
215,700,1402643,1
216,700,1281282,1
217,700,1152464,1
218,700,1337440,0.99
219,700,1805688,0.98
220,700,1464002,1
221,700,1744282,0.97
222,700,1938627,0.98
223,700,1980412,0.95
224,700,1380005,1
225,700,1820646,0.98
226,700,1606746,1
227,700,1896378,0.99
228,700,1810200,0.99
229,700,1550077,0.99
230,700,1618771,1
231,700,1194695,1
232,700,1824983,0.96
233,700,1652338,1
234,700,1554933,1
235,700,1601676,1
236,700,1543058,0.98
237,700,1368268,1
238,700,2098728,1
239,700,1481579,1
240,700,1971367,1
241,700,1132909,1
242,700,842906,1
243,700,1738934,1
244,700,1244725,1
245,700,1236182,1
246,700,1510614,1
247,700,1330504,1
248,700,1882023,1
249,700,1011818,1
250,700,2696581,0.99
251,700,1674763,1
252,700,1456814,1
253,700,1949528,0.92
254,700,1811026,1
255,700,2077342,0.95
256,700,1167906,1
257,700,1466062,1
258,700,1698348,1
259,700,1371054,1
260,700,1617777,0.96
261,700,1710158,0.99
262,700,1728293,0.99
263,700,926586,1
264,700,1963828,0.92
265,700,1200396,1
266,700,1153375,0.92
267,700,1137431,1
268,700,1136800,1
269,700,1157553,1
270,700,905406,1
271,700,1717652,1
272,700,1357710,1
273,700,1408353,1
274,700,1369985,0.99
275,700,1602039,1
276,700,1521534,1
277,700,1527811,1
278,700,1250250,1
279,700,1733511,0.99
280,700,1749129,1
281,700,1606486,1
282,700,1260315,1
283,700,1021948,1
284,700,1408400,1
285,700,1382976,1
286,700,2081104,0.98
287,700,1975543,0.99
288,700,1690069,1
289,700,1376012,1
290,700,1579884,1
291,700,1235839,1
292,700,1446331,1
293,700,843537,1
294,700,1605818,1
295,700,1427630,1
296,700,1060409,1
297,700,1983355,0.99
298,700,1113011,1
299,700,1294439,1
300,700,1601863,1
301,700,1427277,0.99
302,700,1800599,0.99
303,700,1624946,1
304,700,1653629,1
305,700,1743447,0.99
306,700,1584851,0.99
307,700,1399430,1
308,700,1562557,1
309,700,1660082,1
310,700,1432551,1
311,700,1486899,0.99
312,700,1684781,0.99
313,700,1127107,1
314,700,1509592,1
315,700,1700464,1
316,700,1960318,0.99
317,700,1487224,1
318,700,1450305,0.99
319,700,1605725,1
320,700,1785352,1
321,700,1686444,0.96
322,700,1519872,0.98
323,700,1734068,0.98
324,700,1552287,1
325,700,2244054,0.97
326,700,1491560,1
327,700,1397823,1
328,700,1428354,1
329,700,1592735,1
330,700,1155817,1
331,700,1305173,1
332,700,1531943,1
333,700,1745517,1
334,700,1976010,0.92
335,700,1869571,1
336,700,1292360,1
337,700,1616292,1
338,700,1504328,0.99
339,700,1423991,1
340,700,1034892,1
341,700,1321636,1
342,700,1838780,0.98
343,700,1570589,1
344,700,1792745,1
345,700,1563384,1
346,700,1701457,1
347,700,1272786,1
348,700,1430258,1
349,700,1424278,1
350,700,1489174,1
351,700,942130,1
352,700,1614806,1
353,700,1471030,1
354,700,1824788,0.98
355,700,1772092,0.97
356,700,2030627,0.96
357,700,1218976,1
358,700,752865,1
359,700,1131452,1
360,700,1422356,1
361,700,1107616,1
362,700,1604239,1
363,700,1728237,1
364,700,2146111,0.97
365,700,1480297,1
366,700,1597554,1
367,700,1862208,1
368,700,1652143,1
369,700,1509621,1
370,700,2097437,0.96
371,700,1471913,1
372,700,1451159,1
373,700,1602550,1
374,700,1762120,0.99
375,700,1549994,0.99
376,700,1911115,0.98
377,700,1295210,1
378,700,1415958,1
379,700,1536864,0.99
380,700,1490242,1
381,700,1869665,0.94
382,700,1796513,1
383,700,1451206,1
384,700,1429626,1
385,700,1656164,0.98
386,700,1229906,1
387,700,1227751,1
388,700,1743883,0.99
389,700,1208400,1
390,700,1568843,1
391,700,1440982,1
392,700,1240147,1
393,700,1434901,1
394,700,1403283,1
395,700,1807006,1
396,700,1840332,1
397,700,1754821,0.99
398,700,990833,1
399,700,1786188,0.97
400,700,1782808,0.99
401,700,1676870,1
402,700,2020478,0.99
403,700,1494085,1
404,700,1579624,1
405,700,1623386,1
406,700,1593933,1
407,700,1813970,0.97
408,700,1091598,1
409,700,980164,1
410,700,1998278,1
411,700,2100965,0.99
412,700,1769753,1
413,700,1591611,1
414,700,1058570,1
415,700,1645244,0.99
416,700,1285275,1
417,700,1191622,1
418,700,1239358,1
419,700,1550403,1
420,700,1363709,1
421,700,1592224,0.99
422,700,1033155,1
423,700,767351,1
424,700,1725266,0.97
425,700,821262,1
426,700,1677102,0.99
427,700,1613385,1
428,700,1648902,0.98
429,700,1416367,1
430,700,942333,1
431,700,1349244,1
432,700,1821389,0.98
433,700,1159735,1
434,700,751732,1
435,700,1651085,1
436,700,922816,1
437,700,1453267,1
438,700,1556178,1
439,700,1452589,1
440,700,1924197,0.96
441,700,1428011,1
442,700,1263964,1
443,700,1780394,1
444,700,1641316,1
445,700,1274030,1
446,700,1470436,1
447,700,1127338,1
448,700,1702238,1
449,700,1039888,1
450,700,1658717,1
451,700,1965082,0.96
452,700,1664149,1
453,700,1250482,0.99
454,700,1768573,1
455,700,1536307,0.99
456,700,1396960,1
457,700,1850610,1
458,700,1015932,1
459,700,1436544,1
460,700,2191721,1
461,700,2397970,0.99
462,700,1682599,1
463,700,1825094,1
464,700,919019,1
465,700,1772928,0.94
466,700,1840591,0.94
467,700,1172726,1
468,700,1265218,1
469,700,1876220,0.99
470,700,1445403,1
471,700,1737467,0.98
472,700,1775705,0.98
473,700,1440370,1
474,700,1743159,1
475,700,1793319,1
476,700,1893788,1
477,700,1826998,0.99
478,700,1671902,1
479,700,1879758,0.99
480,700,1315741,1
481,700,1571201,1
482,700,1159075,1
483,700,1441818,1
484,700,754304,1
485,700,1679675,1
486,700,1521822,1
487,700,1578017,1
488,700,1164758,1
489,700,1553113,1
490,700,1913278,0.96
491,700,1572010,1
492,700,1061356,1
493,700,824335,1
494,700,1371815,0.99
495,700,1283733,1
496,700,1684206,1
497,700,1329724,1
498,700,1762194,1
499,700,1321535,1
500,700,1273695,1
501,700,1919434,0.99
502,700,1315842,1
503,700,1833878,0.99
504,700,1267214,1
505,700,1143569,1
506,700,1878681,0.98
507,700,1227639,1
508,700,1631399,0.99
509,700,1328675,1
510,700,1264578,1
511,700,1699128,0.96
512,700,1494671,1
513,700,1630452,1
514,700,1926463,0.96
515,700,1478505,1
516,700,1164341,1
517,700,2004285,0.97
518,700,1773811,1
519,700,1751507,1
520,700,997973,1
521,700,1503390,0.99
522,700,1541024,1
523,700,2060675,1
524,700,2088774,0.94
525,700,2073012,1
526,700,1217417,1
527,700,1494672,1
528,700,1724174,1
529,700,1563922,1
530,700,1482590,1
531,700,1323150,1
532,700,1789410,0.99
533,700,1416534,1
534,700,1000555,1
535,700,924850,1
536,700,1277372,1
537,700,1758665,0.98
538,700,1738981,0.99
539,700,1517662,0.99
540,700,1443704,1
541,700,1749214,0.98
542,700,1692126,1
543,700,1271727,1
544,700,1490762,1
545,700,1174852,1
546,700,1667083,1
547,700,1324793,1
548,700,1127487,1
549,700,1455385,1
550,700,1623832,1
551,700,1343829,0.99
552,700,1848791,0.99
553,700,1808566,0.99
554,700,1050139,1
555,700,1780904,1
556,700,1890807,1
557,700,1584210,0.99
558,700,1989112,1
559,700,1452255,1
560,700,1736362,1
561,700,1824908,0.98
562,700,1471188,1
563,700,1832986,0.99
564,700,1228216,1
565,700,1973764,0.99
566,700,1500233,1
567,700,1511886,1
568,700,1703315,0.99
569,700,1218178,1
570,700,1830981,0.99
571,700,1817740,0.99
572,700,1308414,1
573,700,2143121,0.99
574,700,1673378,0.99
575,700,1740290,0.99
576,700,1686156,1
577,700,1321432,1
578,700,1608000,1
579,700,1741748,1
580,700,1631956,1
581,700,1569540,1
582,700,2424721,0.98
583,700,1999661,1
584,700,1230147,1
585,700,1775584,0.99
586,700,1752343,0.99
587,700,1511644,1
588,700,1407174,1
589,700,1466063,1
590,700,1731088,1
591,700,1882264,1
592,700,1753773,0.99
593,700,1296807,1
594,700,1235524,1
595,700,834586,1
596,700,1286639,0.99
597,700,1846961,0.98
598,700,1591175,0.99
599,700,1095684,1
600,700,1966760,1
601,700,879658,1
602,700,1588346,1
603,700,1542221,0.99
604,700,1588009,1
605,700,1451336,1
606,700,1823116,1
607,700,853380,1
608,700,1656340,0.99
609,700,1699554,0.99
610,700,2123881,0.98
611,700,1475283,1
612,700,1846014,0.98
613,700,1917113,0.98
614,700,1846589,0.99
615,700,1733382,0.99
616,700,1970968,0.98
617,700,1281597,1
618,700,1887716,0.99
619,700,1480288,0.99
620,700,1532416,1
621,700,950515,1
622,700,1711059,1
623,700,1931682,0.99
624,700,1288395,1
625,700,1874920,0.99
626,700,1432570,1
627,700,1115258,1
628,700,2499776,1
629,700,1855588,1
630,700,2742841,0.98
631,700,2033589,0.98
632,700,1661011,1
633,700,1897529,0.94
634,700,1258124,1
635,700,1800117,1
636,700,1371509,1
637,700,1258263,0.99
638,700,1688096,1
639,700,1691578,1
640,700,971296,1
641,700,1740522,1
642,700,1978425,0.94
643,700,1792854,1
644,700,1362808,1
645,700,1719714,1
646,700,739577,1
647,700,2282783,0.99
648,700,1283204,1
649,700,2278976,1
650,700,1757523,1
651,700,1611547,1
652,700,1350449,0.99
653,700,1354303,1
654,700,1825243,0.97
655,700,2128580,0.85
656,700,1856655,0.98
657,700,1682070,0.99
658,700,1741209,0.99
659,700,1455849,1
660,700,1443620,0.99
661,700,2054027,0.95
662,700,1452292,1
663,700,1287708,1
664,700,1661206,0.98
665,700,860930,1
666,700,1025625,0.99
667,700,1433471,1
668,700,375615,1
669,700,1673221,0.99
670,700,1619829,0.99
671,700,1300271,1
672,700,1746131,0.99
673,700,1720428,0.99
674,700,1613264,1
675,700,1787971,1
676,700,1656888,0.99
677,700,1912266,0.96
678,700,1006014,1
679,700,1414175,0.99
680,700,1322890,1
681,700,1705052,1
682,700,1430889,0.95
683,700,1600395,1
684,700,1560087,1
685,700,1508125,1
686,700,1260612,0.97
687,700,1492711,0.99
688,700,1591759,1
689,700,1036471,1
690,700,2017814,0.94
691,700,1731432,1
692,700,1711783,1
693,700,1022840,1
694,700,1433786,0.99
695,700,1216460,0.99
696,700,1981628,0.88
697,700,1076463,1
698,700,1722880,0.98
699,700,1804257,1
700,700,1603060,1
701,700,1849441,1
702,700,2136983,0.92
703,700,1045524,1
704,700,1583161,1
705,700,1769483,0.97
706,700,1690381,1
707,700,1267131,1
708,700,1480604,1
709,700,1091701,1
710,700,1699127,1
711,700,1812735,1
712,700,1380357,0.99
713,700,659991,1
714,700,1781982,1
715,700,1471912,1
716,700,1275618,1
717,700,1921848,1
718,700,1879098,0.99
719,700,1848883,0.99
720,700,1641780,1
721,700,1944143,1
722,700,2057249,0.98
723,700,1845030,1
724,700,1397991,1
725,700,1945991,0.98
726,700,2030274,1
727,700,1725350,1
728,700,1635392,1
729,700,1887278,1
730,700,1569140,1
731,700,1681894,1
732,700,2005473,0.99
733,700,1994767,0.98
734,700,969513,1
735,700,1672302,0.99
736,700,1409923,1
737,700,2064789,0.99
738,700,1106287,1
739,700,1995343,1
740,700,1141712,1
741,700,1418364,1
742,700,1895385,0.95
743,700,1667919,1
744,700,1239980,1
745,700,1969864,0.99
746,700,1556855,1
747,700,1329687,1
748,700,1892655,0.99
749,700,882824,1
750,700,928973,1
751,700,1522174,1
752,700,710328,1
753,700,1843377,0.96
754,700,1655476,0.99
755,700,1998184,0.92
756,700,1589123,1
757,700,1681726,0.99
758,700,1119696,1
759,700,2352286,0.97
760,700,2290073,1
761,700,2642596,0.99
762,700,2600356,1
763,700,2636355,1
764,700,1846775,0.99
765,700,1905182,0.99
766,700,1739649,1
767,700,1895886,0.98
768,700,1669850,1
769,700,1775241,1
770,700,1358296,1
771,700,1988806,1
772,700,1794108,0.97
773,700,1673584,1
774,700,1807925,0.95
775,700,1411092,1
776,700,1492146,1
777,700,1097457,1
778,700,1650119,0.99
779,700,1255525,1
780,700,1897372,0.97
781,700,1989706,0.96
782,700,1819485,1
783,700,1441539,1
784,700,1066946,1
785,700,1102342,1
786,700,1291384,1
787,700,1587201,1
788,700,1176839,1
789,700,1814592,0.96
790,700,1639098,0.99
791,700,1493269,1
792,700,1702832,1
793,700,1922851,1
794,700,1799568,1
795,700,1502341,1
796,700,1756428,1
797,700,1788825,0.99
798,700,1739946,1
799,700,1824881,0.98
800,700,1704689,1
801,700,1594332,1
802,700,1093381,1
803,700,1497531,1
804,700,1171268,1
805,700,1401742,1
806,700,1805446,0.95
807,700,1155640,0.99
808,700,1266731,0.99
809,700,1400572,1
810,700,1874929,0.99
811,700,1748916,0.98
812,700,1275320,1
813,700,1553940,1
814,700,1682813,1
815,700,1094412,1
816,700,1324831,1
817,700,1457157,1
818,700,1980756,0.98
819,700,1781035,1
820,700,1514505,1
821,700,1944143,0.99
822,700,1656303,1
823,700,1174025,1
824,700,1766001,0.98
825,700,1960820,0.98
826,700,1385948,1
827,700,1613868,1
828,700,1501254,1
829,700,1706955,1
830,700,1422551,1
831,700,1891968,0.98
832,700,1646859,1
833,700,1681699,0.99
834,700,1740763,1
835,700,1136049,1
836,700,2047481,1
837,700,1241437,1
838,700,1782734,0.99
839,700,881571,0.99
840,700,1075888,1
841,700,1582808,0.99
842,700,1625903,0.99
843,700,1909972,0.98
844,700,1640471,0.99
845,700,1166709,1
846,700,654522,1
847,700,1813748,0.98
848,700,1562891,1
849,700,789997,1
850,700,663548,1
851,700,1591286,1
852,700,1341712,1
853,700,1342835,1
854,700,1290084,1
855,700,1775574,0.96
856,700,1649431,1
857,700,2007794,1
858,700,1371982,0.99
859,700,1892710,0.98
860,700,1777450,0.99
861,700,1789763,0.95
862,700,1561275,1
863,700,1420304,1
864,700,1700808,0.99
865,700,1397712,1
866,700,1990338,0.98
867,700,1599709,1
868,700,1513223,1
869,700,1539306,1
870,700,1162308,1
871,700,1629310,1
872,700,1673556,1
873,700,1024883,1
874,700,1767274,0.99
875,700,1452450,1
876,700,1523651,1
877,700,1544274,1
878,700,1164926,1
879,700,1082676,1
880,700,1700140,0.99
881,700,1164610,1
882,700,1369549,1
883,700,1225866,1
884,700,990647,1
885,700,1587284,1
886,700,1553040,1
887,700,1606894,0.99
888,700,1595167,1
889,700,1897427,0.98
890,700,1090864,1
891,700,1848576,0.97
892,700,1559019,1
893,700,1039850,1
894,700,1332797,1
895,700,1388316,1
896,700,1118721,1
897,700,1771136,0.96
898,700,1591518,1
899,700,1299435,1
900,700,1443675,0.99
901,700,1940317,1
902,700,1306018,1
903,700,1575779,1
904,700,1441595,1
905,700,1550913,1
906,700,1831399,0.98
907,700,1372372,1
908,700,1276295,1
909,700,1632226,1
910,700,1949528,0.86
911,700,2128497,0.83
912,700,1599810,1
913,700,1531682,1
914,700,1422820,1
915,700,1405243,1
916,700,1318443,1
917,700,1965880,0.98
918,700,1995677,0.98
919,700,1798844,0.99
920,700,1631372,1
921,700,1735443,1
922,700,1067568,1
923,700,1789306,1
924,700,2043932,1
925,700,896808,1
926,700,1679758,1
927,700,2059731,0.96
928,700,1627852,1
929,700,1474318,1
930,700,1647064,0.98
931,700,1346540,1
932,700,1655913,0.99
933,700,1710297,1
934,700,1838057,1
935,700,1870602,0.99
936,700,1275385,1
937,700,1818483,0.99
938,700,1449840,1
939,700,1768954,0.99
940,700,1797730,1
941,700,1526195,1
942,700,1872097,1
943,700,1158231,1
944,700,1642133,1
945,700,1886081,0.95
946,700,1248049,1
947,700,1457074,1
948,700,1853052,1
949,700,1726864,1
950,700,1123030,1
951,700,1874270,1
952,700,1650323,1
953,700,1352640,1
954,700,1551071,1
955,700,1244809,1
956,700,1463091,1
957,700,1364656,1
958,700,1586235,1
959,700,1987014,1
960,700,1654622,0.99
961,700,1802511,0.98
962,700,1878337,1
963,700,1780570,0.99
964,700,1942165,0.96
965,700,1271114,1
966,700,1691671,1
967,700,2031918,1
968,700,1595046,1
969,700,1875439,0.99
970,700,2069459,0.98
971,700,1850824,0.98
972,700,1148602,1
973,700,1481802,1
974,700,1651020,1
975,700,1654112,0.99
976,700,1184035,1
977,700,1435383,1
978,700,1930568,0.99
979,700,1630750,0.99
980,700,1808826,0.97
981,700,1867147,1
982,700,899111,1
983,700,1473360,1
984,700,873660,1
985,700,1609699,0.99
986,700,2028501,0.97
987,700,1393599,1
988,700,1759492,1
989,700,1347153,1
990,700,1802781,0.98
991,700,1691718,0.95
992,700,1572130,1
993,700,1757505,1
994,700,1598984,1
995,700,2632074,0.98
996,700,2516870,1
997,700,2585916,1
998,700,2353864,1
999,700,2497026,0.98
