QueryID,EF,Latency(ns),Recall
0,1000,8848699,0.967
1,1000,9009297,0.966
2,1000,12151521,0.904
3,1000,8861575,0.956
4,1000,9506082,0.98
5,1000,12785690,0.886
6,1000,12895268,0.882
7,1000,11853138,0.892
8,1000,11069621,0.838
9,1000,10028545,0.937
10,1000,8859330,0.988
11,1000,9960572,0.944
12,1000,10732540,0.926
13,1000,10902113,0.962
14,1000,5746148,0.988
15,1000,10571282,0.963
16,1000,6938403,0.994
17,1000,6779541,0.984
18,1000,5751216,0.994
19,1000,9490448,0.978
20,1000,5762190,0.999
21,1000,9541320,0.962
22,1000,12227783,0.912
23,1000,7317692,0.995
24,1000,8221461,0.985
25,1000,10592863,0.932
26,1000,6884560,0.997
27,1000,10856097,0.958
28,1000,7094236,0.99
29,1000,8569463,0.965
30,1000,11058383,0.838
31,1000,7792480,0.994
32,1000,8207688,0.993
33,1000,4738237,0.997
34,1000,9919766,0.942
35,1000,13471484,0.842
36,1000,6364383,0.986
37,1000,11194054,0.948
38,1000,9459703,0.942
39,1000,5584174,0.991
40,1000,12183558,0.845
41,1000,9346918,0.97
42,1000,8874900,0.969
43,1000,14052251,0.76
44,1000,8196924,0.989
45,1000,10053886,0.949
46,1000,7927545,0.98
47,1000,13094464,0.78
48,1000,11583578,0.881
49,1000,6406619,0.994
50,1000,10582459,0.958
51,1000,10131682,0.966
52,1000,6365195,0.971
53,1000,9223355,0.95
54,1000,9121671,0.977
55,1000,7678718,0.99
56,1000,13126235,0.917
57,1000,7523604,0.976
58,1000,5877429,0.969
59,1000,5485636,0.993
60,1000,12548134,0.818
61,1000,13104288,0.612
62,1000,10368108,0.963
63,1000,6625176,0.983
64,1000,7976126,0.948
65,1000,5850176,0.997
66,1000,12894012,0.988
67,1000,7295425,0.986
68,1000,12945144,0.796
69,1000,8855588,0.95
70,1000,10080378,0.985
71,1000,5708625,0.999
72,1000,11065958,0.957
73,1000,8719696,0.936
74,1000,8711946,0.943
75,1000,4994886,0.998
76,1000,5136658,0.995
77,1000,6821799,0.972
78,1000,9814590,0.897
79,1000,10647268,0.967
80,1000,9094770,0.957
81,1000,8793447,0.971
82,1000,11781842,0.811
83,1000,11630951,0.779
84,1000,7001660,0.968
85,1000,9810556,0.98
86,1000,6122047,0.995
87,1000,7513454,0.991
88,1000,12618939,0.908
89,1000,9425347,0.752
90,1000,9058476,0.982
91,1000,10355555,0.974
92,1000,11335241,0.94
93,1000,5502547,0.998
94,1000,9361956,0.975
95,1000,11866998,0.991
96,1000,10693488,0.949
97,1000,5920855,0.995
98,1000,11791065,0.848
99,1000,11132563,0.896
100,1000,6903697,0.98
101,1000,9519317,0.969
102,1000,10072431,0.964
103,1000,10598724,0.854
104,1000,5965255,0.991
105,1000,10667248,0.968
106,1000,9157467,0.97
107,1000,11780531,0.863
108,1000,7542782,0.998
109,1000,10580636,0.925
110,1000,7614573,0.95
111,1000,8927158,0.992
112,1000,9067333,0.973
113,1000,10961116,0.906
114,1000,10219199,0.969
115,1000,7169594,0.991
116,1000,12797700,0.785
117,1000,8523122,0.988
118,1000,8583515,0.924
119,1000,5903385,0.989
120,1000,4353380,0.999
121,1000,10301480,0.943
122,1000,7435169,0.988
123,1000,13065267,0.831
124,1000,7583551,0.989
125,1000,7234701,0.979
126,1000,5445124,0.998
127,1000,5156794,0.992
128,1000,14570853,0.753
129,1000,5904260,0.994
130,1000,3690649,1
131,1000,9571242,0.941
132,1000,10407940,0.823
133,1000,9885971,0.976
134,1000,8452880,0.983
135,1000,7891256,0.922
136,1000,6468658,0.989
137,1000,5730946,0.998
138,1000,8336616,0.97
139,1000,9852651,0.973
140,1000,8336192,0.995
141,1000,8277802,0.963
142,1000,6561412,0.997
143,1000,11134583,0.754
144,1000,11450670,0.93
145,1000,10285924,0.924
146,1000,4873010,0.999
147,1000,8399465,0.99
148,1000,12391188,0.911
149,1000,8167317,0.907
150,1000,8713755,0.985
151,1000,11858605,0.895
152,1000,8693642,0.98
153,1000,10515457,0.953
154,1000,10700837,0.982
155,1000,11904382,0.923
156,1000,12061686,0.926
157,1000,7050861,0.993
158,1000,11392082,0.88
159,1000,12269672,0.91
160,1000,7388687,0.985
161,1000,8927941,0.928
162,1000,8252067,0.99
163,1000,8524356,0.879
164,1000,6690184,0.996
165,1000,13806068,0.75
166,1000,9608413,0.884
167,1000,9344464,0.945
168,1000,12220251,0.874
169,1000,10522759,0.96
170,1000,11231804,0.937
171,1000,11306961,0.957
172,1000,7848271,0.966
173,1000,12059095,0.881
174,1000,15303686,0.923
175,1000,12194616,0.863
176,1000,9141917,0.976
177,1000,10179713,0.929
178,1000,8573984,0.975
179,1000,9314887,0.963
180,1000,12587444,0.806
181,1000,4713124,0.997
182,1000,6016695,0.996
183,1000,11648147,0.894
184,1000,7118843,0.998
185,1000,4557734,0.997
186,1000,10892842,0.956
187,1000,8081667,0.992
188,1000,9770540,0.975
189,1000,8503531,0.972
190,1000,12433656,0.892
191,1000,11787068,0.949
192,1000,3445534,1
193,1000,10071456,0.967
194,1000,11457669,0.903
195,1000,7535976,0.989
196,1000,10528403,0.951
197,1000,6143105,0.988
198,1000,8972980,0.946
199,1000,13003457,0.872
200,1000,7497448,0.979
201,1000,8391097,0.975
202,1000,4520589,0.997
203,1000,8169784,0.986
204,1000,8964756,0.97
205,1000,8571972,0.979
206,1000,10642522,0.958
207,1000,12696249,0.703
208,1000,8141290,0.993
209,1000,7239740,0.994
210,1000,7844620,0.985
211,1000,11140533,0.928
212,1000,8939407,0.968
213,1000,13989410,0.699
214,1000,11123829,0.919
215,1000,8123724,0.977
216,1000,7718364,0.998
217,1000,11013394,0.973
218,1000,18783859,0.679
219,1000,11969964,0.902
220,1000,12827946,0.808
221,1000,8569063,0.984
222,1000,9487196,0.94
223,1000,5764159,0.997
224,1000,12031123,0.862
225,1000,10873271,0.937
226,1000,12640024,0.809
227,1000,9767045,0.981
228,1000,3966853,0.997
229,1000,8727339,0.987
230,1000,5395712,0.988
231,1000,12068867,0.923
232,1000,8389731,0.97
233,1000,8226928,0.947
234,1000,10298677,0.95
235,1000,7281414,0.988
236,1000,3635621,1
237,1000,6874367,0.99
238,1000,10390446,0.84
239,1000,4981614,0.999
240,1000,6172533,0.978
241,1000,12372064,0.858
242,1000,10442464,0.937
243,1000,6981122,0.995
244,1000,9196747,0.937
245,1000,10491777,0.942
246,1000,8935451,0.989
247,1000,6311911,0.99
248,1000,12453070,0.933
249,1000,5847511,0.994
250,1000,9937358,0.977
251,1000,7415114,0.99
252,1000,6002223,0.997
253,1000,10774899,0.956
254,1000,10735635,0.952
255,1000,9091472,0.986
256,1000,5375385,0.996
257,1000,7371889,0.989
258,1000,9520010,0.968
259,1000,11031472,0.959
260,1000,5608433,0.997
261,1000,7617531,0.991
262,1000,11925665,0.91
263,1000,10562369,0.957
264,1000,14714332,0.73
265,1000,8550389,0.977
266,1000,10387367,0.962
267,1000,10081040,0.878
268,1000,12848847,0.759
269,1000,6314713,1
270,1000,9760774,0.971
271,1000,10445112,0.793
272,1000,8991202,0.975
273,1000,6323975,0.981
274,1000,9437463,0.972
275,1000,7501418,0.989
276,1000,4580326,1
277,1000,12326987,0.909
278,1000,10459726,0.95
279,1000,6174129,0.975
280,1000,6650830,0.99
281,1000,11555095,0.918
282,1000,12687526,0.952
283,1000,7622336,0.993
284,1000,8509074,0.984
285,1000,13287595,0.783
286,1000,5317422,0.999
287,1000,7700024,0.982
288,1000,10333230,0.908
289,1000,5692263,0.995
290,1000,5419080,0.998
291,1000,8053545,0.953
292,1000,11764031,0.879
293,1000,9540084,0.98
294,1000,10351421,0.958
295,1000,10000677,0.982
296,1000,10686634,0.952
297,1000,10947738,0.933
298,1000,7771538,0.989
299,1000,9555785,0.975
300,1000,10454228,0.701
301,1000,5994058,0.991
302,1000,12897055,0.837
303,1000,12498767,0.824
304,1000,8186741,0.981
305,1000,7998008,0.915
306,1000,12025097,0.975
307,1000,7435934,0.994
308,1000,7846463,0.985
309,1000,11503544,0.962
310,1000,5101166,0.998
311,1000,8303970,0.943
312,1000,11375975,0.934
313,1000,9640088,0.967
314,1000,8226560,0.985
315,1000,12384172,0.922
316,1000,5334649,0.999
317,1000,10985215,0.906
318,1000,12224771,0.923
319,1000,11191280,0.952
320,1000,9399415,0.894
321,1000,10599725,0.96
322,1000,6148884,1
323,1000,5396490,0.999
324,1000,5033065,0.994
325,1000,13539592,0.853
326,1000,10721931,0.944
327,1000,8114068,0.975
328,1000,12385626,0.946
329,1000,10657397,0.972
330,1000,6879200,0.991
331,1000,11392936,0.911
332,1000,8171207,0.983
333,1000,5745065,0.973
334,1000,8411033,0.99
335,1000,4170622,0.999
336,1000,7716992,0.99
337,1000,12831476,0.921
338,1000,11807675,0.992
339,1000,7401647,0.99
340,1000,9248504,0.962
341,1000,10331567,0.933
342,1000,5553076,0.994
343,1000,9217601,0.953
344,1000,11055889,0.968
345,1000,7470360,0.99
346,1000,9743992,0.929
347,1000,7279701,0.964
348,1000,5161402,0.994
349,1000,7688292,0.963
350,1000,6244234,0.984
351,1000,7146536,0.982
352,1000,6489153,0.99
353,1000,6678395,0.98
354,1000,12053452,0.872
355,1000,8015380,0.987
356,1000,12208913,0.903
357,1000,10802408,0.948
358,1000,13184507,0.817
359,1000,5583072,0.993
360,1000,12810905,0.875
361,1000,11306120,0.957
362,1000,5913581,0.996
363,1000,10794076,0.937
364,1000,12432237,0.845
365,1000,9022688,0.957
366,1000,9099542,0.906
367,1000,9744577,0.974
368,1000,12401620,0.874
369,1000,6015021,0.99
370,1000,17059983,0.843
371,1000,11239796,0.816
372,1000,10647540,0.879
373,1000,7065267,0.994
374,1000,13693994,0.772
375,1000,9024491,0.989
376,1000,13194551,0.854
377,1000,13652074,0.771
378,1000,9939917,0.959
379,1000,10479804,0.755
380,1000,8334428,0.983
381,1000,11497816,0.931
382,1000,11533741,0.954
383,1000,11982092,0.833
384,1000,4710974,0.997
385,1000,6451671,0.965
386,1000,9813715,0.942
387,1000,11341391,0.968
388,1000,9496467,0.978
389,1000,11206229,0.861
390,1000,7440882,0.986
391,1000,9324125,0.971
392,1000,12431515,0.809
393,1000,7196556,0.994
394,1000,10812462,0.957
395,1000,12627789,0.75
396,1000,12011324,0.968
397,1000,6733587,0.989
398,1000,12113277,0.73
399,1000,8384236,0.973
400,1000,6934638,0.989
401,1000,11191207,0.938
402,1000,6762565,0.97
403,1000,11067318,0.938
404,1000,5714341,0.988
405,1000,13997258,0.776
406,1000,13125456,0.869
407,1000,7486207,0.993
408,1000,11111311,0.947
409,1000,9643239,0.967
410,1000,5340008,1
411,1000,7912498,0.997
412,1000,12529516,0.927
413,1000,6975265,0.961
414,1000,11608985,0.869
415,1000,8493683,0.976
416,1000,12786389,0.923
417,1000,6229356,0.978
418,1000,7418320,0.988
419,1000,10380990,0.906
420,1000,6767396,0.992
421,1000,7938663,0.993
422,1000,7777586,0.973
423,1000,6776198,0.994
424,1000,8291663,0.978
425,1000,16213067,0.976
426,1000,7109782,0.996
427,1000,8016260,0.994
428,1000,12908607,0.844
429,1000,11827426,0.915
430,1000,9409927,0.961
431,1000,11720274,0.912
432,1000,4824609,0.997
433,1000,9801314,0.97
434,1000,4078395,1
435,1000,12250711,0.612
436,1000,10570889,0.966
437,1000,12794949,0.763
438,1000,11198273,0.911
439,1000,7249885,0.991
440,1000,5095683,0.999
441,1000,8367536,0.974
442,1000,9066688,0.988
443,1000,11056345,0.948
444,1000,9702461,0.966
445,1000,12212060,0.936
446,1000,10004178,0.908
447,1000,7674285,0.973
448,1000,9334500,0.982
449,1000,11286105,0.894
450,1000,6863385,0.973
451,1000,10570837,0.971
452,1000,6602106,1
453,1000,14114231,0.99
454,1000,7367574,0.979
455,1000,10288172,0.968
456,1000,7988970,0.995
457,1000,9329304,0.962
458,1000,8515199,0.974
459,1000,11147887,0.888
460,1000,12157501,0.881
461,1000,10791610,0.926
462,1000,10869462,0.917
463,1000,6203433,0.999
464,1000,10736243,0.961
465,1000,5420584,0.991
466,1000,6503861,0.995
467,1000,7246479,0.993
468,1000,4052242,0.998
469,1000,9041205,0.968
470,1000,12016353,0.922
471,1000,4663867,1
472,1000,10083499,0.951
473,1000,11834795,0.912
474,1000,11476739,0.927
475,1000,9357276,0.992
476,1000,8187999,0.987
477,1000,9398722,0.959
478,1000,12310296,0.895
479,1000,5969348,0.988
480,1000,12460260,0.859
481,1000,16644627,0.958
482,1000,5383985,0.994
483,1000,6959481,0.995
484,1000,5049511,0.999
485,1000,12522853,0.91
486,1000,6380909,0.981
487,1000,11527863,0.945
488,1000,13152673,0.879
489,1000,11455577,0.936
490,1000,10932983,0.898
491,1000,12683456,0.82
492,1000,6878700,0.993
493,1000,11174883,0.958
494,1000,10936327,0.874
495,1000,8949542,0.971
496,1000,6814354,0.972
497,1000,13665195,0.734
498,1000,5451371,0.991
499,1000,4317547,0.998
500,1000,9419431,0.954
501,1000,6474059,0.985
502,1000,8512599,0.975
503,1000,4331878,1
504,1000,9945487,0.959
505,1000,11526150,0.939
506,1000,5861037,1
507,1000,9757880,0.964
508,1000,10137392,0.978
509,1000,7391165,0.991
510,1000,5948697,0.993
511,1000,21425057,0.843
512,1000,10040514,0.958
513,1000,10918551,0.943
514,1000,9143490,0.99
515,1000,11789019,0.918
516,1000,5752125,0.995
517,1000,12242538,0.924
518,1000,6768834,0.99
519,1000,10892419,0.955
520,1000,6971243,0.996
521,1000,11424575,0.954
522,1000,5417739,0.988
523,1000,6398059,0.995
524,1000,5201599,0.996
525,1000,11187079,0.911
526,1000,7229966,0.946
527,1000,8076532,0.984
528,1000,6203338,0.989
529,1000,8730573,0.966
530,1000,5935450,0.995
531,1000,9163356,0.983
532,1000,9352795,0.995
533,1000,8463407,0.993
534,1000,12539939,0.944
535,1000,11158647,0.912
536,1000,6517102,0.994
537,1000,8027676,0.965
538,1000,4856087,1
539,1000,7486762,0.993
540,1000,15099983,0.949
541,1000,7798240,0.995
542,1000,10772535,0.965
543,1000,12225877,0.926
544,1000,6720914,0.983
545,1000,12019763,0.898
546,1000,8112073,0.98
547,1000,3349991,1
548,1000,6087643,0.993
549,1000,10621096,0.966
550,1000,9682977,0.914
551,1000,8104457,0.97
552,1000,13670019,0.807
553,1000,11110439,0.923
554,1000,9643460,0.985
555,1000,10275672,0.978
556,1000,9426534,0.91
557,1000,10525634,0.938
558,1000,12601243,0.836
559,1000,8127548,0.955
560,1000,9230330,0.948
561,1000,6713241,0.997
562,1000,7485653,0.979
563,1000,7946406,0.994
564,1000,12427857,0.952
565,1000,10891525,0.959
566,1000,5732673,0.997
567,1000,8934130,0.95
568,1000,8941042,0.987
569,1000,18108398,0.805
570,1000,5368841,0.995
571,1000,11468972,0.926
572,1000,9186137,0.982
573,1000,8810275,0.988
574,1000,9444459,0.968
575,1000,8923995,0.979
576,1000,10155815,0.965
577,1000,9070784,0.982
578,1000,11351956,0.959
579,1000,10943662,0.857
580,1000,5055445,1
581,1000,10428464,0.977
582,1000,6148105,0.995
583,1000,10798133,0.946
584,1000,6313438,0.994
585,1000,10457080,0.954
586,1000,13953404,0.735
587,1000,6317503,0.999
588,1000,11499027,0.952
589,1000,7604177,0.98
590,1000,6792820,0.999
591,1000,12966917,0.85
592,1000,11852579,0.876
593,1000,9187802,0.966
594,1000,12070140,0.884
595,1000,9966823,0.916
596,1000,9565871,0.998
597,1000,9506851,0.962
598,1000,11625467,0.953
599,1000,11604625,0.936
600,1000,6567885,0.99
601,1000,8965461,0.965
602,1000,12694182,0.862
603,1000,11916915,0.873
604,1000,8473462,0.989
605,1000,13345342,0.921
606,1000,8315398,0.983
607,1000,13014274,0.937
608,1000,11635603,0.741
609,1000,8225497,0.973
610,1000,9898493,0.991
611,1000,7551340,0.956
612,1000,9654398,0.961
613,1000,6565038,0.992
614,1000,11708057,0.74
615,1000,12025703,0.945
616,1000,9159579,0.972
617,1000,7704286,0.985
618,1000,10947446,0.94
619,1000,9896851,0.949
620,1000,11441113,0.951
621,1000,5587020,0.998
622,1000,10661501,0.972
623,1000,7959898,0.946
624,1000,12673535,0.881
625,1000,10944195,0.987
626,1000,14602550,0.691
627,1000,8365568,0.992
628,1000,11659135,0.921
629,1000,14366979,0.728
630,1000,9837511,0.882
631,1000,8550538,0.98
632,1000,7285455,0.992
633,1000,8901042,0.997
634,1000,7203403,0.998
635,1000,7961650,0.998
636,1000,12541805,0.874
637,1000,13943122,0.793
638,1000,14111117,0.852
639,1000,10722436,0.984
640,1000,10806498,0.887
641,1000,9167488,0.99
642,1000,10784938,0.976
643,1000,12817947,0.848
644,1000,5184260,1
645,1000,5479873,0.999
646,1000,13514322,0.879
647,1000,10031591,0.92
648,1000,12284053,0.825
649,1000,13409046,0.865
650,1000,8870567,0.986
651,1000,5347942,0.997
652,1000,11937452,0.935
653,1000,14066999,0.914
654,1000,10511274,0.98
655,1000,13614501,0.932
656,1000,6767889,0.99
657,1000,8550342,0.98
658,1000,7489886,0.998
659,1000,13280169,0.845
660,1000,7714474,0.983
661,1000,7846551,0.992
662,1000,9877907,0.943
663,1000,5403210,0.995
664,1000,6102258,0.995
665,1000,10288312,0.947
666,1000,10840567,0.977
667,1000,8191180,0.979
668,1000,11348335,0.982
669,1000,10512809,0.961
670,1000,6689876,0.993
671,1000,12049165,0.926
672,1000,6903309,0.982
673,1000,8682747,0.995
674,1000,12442588,0.893
675,1000,6215580,0.991
676,1000,10480570,0.983
677,1000,14536032,0.85
678,1000,12371430,0.794
679,1000,11877431,0.971
680,1000,9424336,0.972
681,1000,7615302,0.993
682,1000,6534105,0.993
683,1000,8514679,0.98
684,1000,9273621,0.962
685,1000,8080597,0.995
686,1000,6728309,0.985
687,1000,7871107,0.993
688,1000,13145254,0.836
689,1000,12318407,0.915
690,1000,4734692,1
691,1000,11884363,0.927
692,1000,5076638,0.999
693,1000,12016046,0.739
694,1000,8073790,0.991
695,1000,11562706,0.937
696,1000,13393519,0.888
697,1000,13227901,0.934
698,1000,9972409,0.976
699,1000,7729903,0.996
700,1000,9275911,0.981
701,1000,13478579,0.879
702,1000,11911747,0.913
703,1000,6240583,0.987
704,1000,8475614,0.974
705,1000,13714312,0.808
706,1000,7988792,0.996
707,1000,7680998,0.996
708,1000,11465218,0.874
709,1000,11073421,0.959
710,1000,12250194,0.923
711,1000,10351537,0.966
712,1000,7796253,0.992
713,1000,11278225,0.903
714,1000,8920919,0.997
715,1000,13906966,0.775
716,1000,4896294,0.998
717,1000,7489715,0.996
718,1000,6738311,0.995
719,1000,10239387,0.951
720,1000,10657781,0.971
721,1000,8027737,0.99
722,1000,6853743,0.994
723,1000,8184544,0.976
724,1000,10003894,0.956
725,1000,7935924,0.992
726,1000,10509342,0.899
727,1000,7297254,0.983
728,1000,11191812,0.935
729,1000,7652390,0.995
730,1000,11949153,0.937
731,1000,9708950,0.939
732,1000,4830702,1
733,1000,5837324,0.999
734,1000,12261038,0.923
735,1000,10015812,0.963
736,1000,10746923,0.935
737,1000,14456892,0.702
738,1000,6432292,0.984
739,1000,10094008,0.964
740,1000,8965392,0.95
741,1000,9101064,0.984
742,1000,6234003,0.989
743,1000,10555467,0.977
744,1000,12442512,0.877
745,1000,6807982,0.996
746,1000,13342871,0.78
747,1000,7851520,0.974
748,1000,11947685,0.9
749,1000,8225700,0.989
750,1000,6838712,0.997
751,1000,7545489,0.993
752,1000,6559119,0.994
753,1000,5460462,1
754,1000,7729382,0.986
755,1000,9373452,0.986
756,1000,12541836,0.911
757,1000,7001919,0.985
758,1000,10497914,0.956
759,1000,9546928,0.988
760,1000,10913772,0.867
761,1000,13576355,0.846
762,1000,5941272,0.99
763,1000,7197793,0.992
764,1000,7897279,0.993
765,1000,10038963,0.966
766,1000,12097817,0.895
767,1000,9441791,0.978
768,1000,13235718,0.904
769,1000,8132547,0.98
770,1000,10349627,0.964
771,1000,14081019,0.858
772,1000,8140278,0.906
773,1000,5239555,1
774,1000,6985587,0.992
775,1000,12510741,0.949
776,1000,12086638,0.897
777,1000,6765389,0.99
778,1000,7264898,0.997
779,1000,11747518,0.915
780,1000,8645251,0.983
781,1000,10897759,0.969
782,1000,12504961,0.888
783,1000,7316537,0.993
784,1000,12780246,0.634
785,1000,13496652,0.795
786,1000,9307656,0.972
787,1000,7732172,0.985
788,1000,6588315,0.997
789,1000,12824706,0.88
790,1000,12307156,0.879
791,1000,8780747,0.987
792,1000,11716345,0.904
793,1000,8845395,0.991
794,1000,12468110,0.902
795,1000,11826765,0.939
796,1000,9881614,0.963
797,1000,6131384,0.995
798,1000,9492643,0.989
799,1000,11958802,0.9
800,1000,7861917,0.995
801,1000,7508069,0.949
802,1000,9975929,0.968
803,1000,10426394,0.946
804,1000,11870624,0.992
805,1000,4488181,0.995
806,1000,11304220,0.873
807,1000,10992552,0.891
808,1000,7722291,0.984
809,1000,9887126,0.97
810,1000,13639521,0.917
811,1000,10600733,0.98
812,1000,11022783,0.897
813,1000,7539193,0.989
814,1000,8365751,0.955
815,1000,10493628,0.959
816,1000,7145641,0.983
817,1000,12664743,0.903
818,1000,13054302,0.915
819,1000,10088248,0.97
820,1000,7803549,0.979
821,1000,8210879,0.996
822,1000,11132492,0.956
823,1000,6617569,0.985
824,1000,10469295,0.967
825,1000,7075744,0.992
826,1000,12235681,0.764
827,1000,12432486,0.915
828,1000,7088314,0.979
829,1000,11137350,0.908
830,1000,8634167,0.985
831,1000,10562719,0.968
832,1000,7953874,0.992
833,1000,8305910,0.996
834,1000,12482611,0.964
835,1000,5874969,1
836,1000,7583447,0.989
837,1000,7128833,0.974
838,1000,9145393,0.949
839,1000,9340178,0.978
840,1000,7701189,0.972
841,1000,10733461,0.917
842,1000,5484650,0.993
843,1000,9490636,0.977
844,1000,7872003,0.835
845,1000,12064462,0.897
846,1000,8672569,0.962
847,1000,7620026,0.992
848,1000,8744267,0.98
849,1000,9382391,0.98
850,1000,11366752,0.96
851,1000,4042583,0.998
852,1000,9795560,0.989
853,1000,8342744,0.991
854,1000,11870258,0.841
855,1000,9918402,0.973
856,1000,10664598,0.976
857,1000,8517807,0.957
858,1000,10568805,0.931
859,1000,12048533,0.937
860,1000,4528613,0.999
861,1000,9334559,0.983
862,1000,6337695,0.998
863,1000,9594746,0.984
864,1000,9406322,0.977
865,1000,8071876,0.973
866,1000,12441064,0.944
867,1000,7343993,0.981
868,1000,12829030,0.849
869,1000,13218903,0.84
870,1000,10471533,0.952
871,1000,6749374,0.995
872,1000,8704566,0.966
873,1000,9331727,0.956
874,1000,10174779,0.962
875,1000,12671026,0.855
876,1000,11054043,0.884
877,1000,6024396,0.998
878,1000,7087108,0.959
879,1000,10123987,0.995
880,1000,8548056,0.978
881,1000,11077112,0.962
882,1000,11196672,0.975
883,1000,13771743,0.877
884,1000,9776963,0.99
885,1000,5454165,0.999
886,1000,10958301,0.934
887,1000,10397543,0.946
888,1000,8337759,0.991
889,1000,6006322,0.989
890,1000,11575322,0.864
891,1000,10275543,0.927
892,1000,9362500,0.974
893,1000,8076267,0.964
894,1000,13245763,0.912
895,1000,12518666,0.951
896,1000,10184195,0.955
897,1000,7779350,0.991
898,1000,5918651,0.985
899,1000,8347595,0.984
900,1000,9006376,0.98
901,1000,7203350,0.992
902,1000,11647380,0.931
903,1000,9744414,0.987
904,1000,7239029,0.994
905,1000,5884656,0.992
906,1000,12556461,0.809
907,1000,3557906,0.999
908,1000,7120010,0.991
909,1000,10808118,0.946
910,1000,5993156,0.995
911,1000,6198322,0.994
912,1000,11127402,0.873
913,1000,8188189,0.995
914,1000,10930799,0.972
915,1000,7919153,0.994
916,1000,6003828,0.99
917,1000,6841805,0.995
918,1000,10148732,0.956
919,1000,8836809,0.957
920,1000,6403238,0.984
921,1000,9966820,0.956
922,1000,9072279,0.967
923,1000,4861197,1
924,1000,10971430,0.948
925,1000,9820022,0.975
926,1000,9759425,0.984
927,1000,11441961,0.851
928,1000,10093697,0.982
929,1000,10820204,0.863
930,1000,10205280,0.976
931,1000,8597458,0.985
932,1000,7482054,0.986
933,1000,11227092,0.826
934,1000,6564879,0.987
935,1000,5316223,0.999
936,1000,10759597,0.971
937,1000,4493161,0.998
938,1000,10871340,0.924
939,1000,11775154,0.889
940,1000,8394821,0.98
941,1000,8147894,0.984
942,1000,7573486,0.976
943,1000,9434458,0.958
944,1000,9389694,0.958
945,1000,11715670,0.96
946,1000,9680860,0.984
947,1000,12720238,0.845
948,1000,10583695,0.969
949,1000,9428075,0.991
950,1000,5660271,0.996
951,1000,11841513,0.901
952,1000,8538407,0.987
953,1000,5751790,0.998
954,1000,12172189,0.764
955,1000,7726066,0.983
956,1000,10302470,0.978
957,1000,8532580,0.937
958,1000,9981023,0.98
959,1000,8190697,0.98
960,1000,11030435,0.958
961,1000,8123914,0.98
962,1000,10500917,0.914
963,1000,13137265,0.708
964,1000,11742860,0.909
965,1000,6615043,0.978
966,1000,7610210,0.985
967,1000,7298295,0.929
968,1000,7739586,0.968
969,1000,9481248,0.989
970,1000,7205844,0.974
971,1000,9213523,0.936
972,1000,9803891,0.963
973,1000,10392147,0.945
974,1000,9766863,0.983
975,1000,14755370,0.764
976,1000,10657768,0.935
977,1000,12193867,0.779
978,1000,12442103,0.906
979,1000,11513304,0.97
980,1000,10276395,0.951
981,1000,11785015,0.879
982,1000,8856353,0.991
983,1000,6596190,0.992
984,1000,11734093,0.942
985,1000,6479418,0.993
986,1000,8265815,0.991
987,1000,12997522,0.938
988,1000,7648036,0.99
989,1000,14020109,0.888
990,1000,10075618,0.989
991,1000,11804018,0.792
992,1000,9757898,0.905
993,1000,11434525,0.958
994,1000,8497808,0.97
995,1000,9977390,0.948
996,1000,6954036,0.996
997,1000,12592510,0.962
998,1000,11041437,0.955
999,1000,6643753,0.994
1000,1000,8717753,0.978
1001,1000,5181691,0.996
1002,1000,7616925,0.996
1003,1000,8560345,0.973
1004,1000,8040830,0.995
1005,1000,7622746,0.996
1006,1000,6600343,0.989
1007,1000,6965613,0.995
1008,1000,12890656,0.904
1009,1000,5969745,0.998
1010,1000,10830267,0.941
1011,1000,6200042,1
1012,1000,5820475,0.999
1013,1000,7785425,0.992
1014,1000,11419214,0.888
1015,1000,12662215,0.869
1016,1000,10891949,0.84
1017,1000,8039273,0.961
1018,1000,11109879,0.943
1019,1000,7494948,0.963
1020,1000,12700873,0.909
1021,1000,7326636,0.991
1022,1000,5013567,0.999
1023,1000,11829315,0.962
1024,1000,12932500,0.9
1025,1000,8799322,0.963
1026,1000,7876487,0.977
1027,1000,5112568,0.998
1028,1000,7093355,0.994
1029,1000,12501906,0.943
1030,1000,8845108,0.99
1031,1000,12257828,0.894
1032,1000,8881060,0.975
1033,1000,4524983,0.997
1034,1000,8954185,0.991
1035,1000,8375685,0.994
1036,1000,12720499,0.91
1037,1000,14059828,0.86
1038,1000,12183291,0.926
1039,1000,12223927,0.94
1040,1000,5692391,0.998
1041,1000,7653654,0.994
1042,1000,7372742,0.988
1043,1000,7954157,0.986
1044,1000,10030304,0.847
1045,1000,6854603,0.984
1046,1000,10424447,0.959
1047,1000,9997602,0.911
1048,1000,7625061,0.991
1049,1000,10237517,0.965
1050,1000,11871868,0.865
1051,1000,11420157,0.932
1052,1000,12293511,0.945
1053,1000,9566686,0.977
1054,1000,7355576,0.985
1055,1000,7984722,0.975
1056,1000,7090357,0.991
1057,1000,11799614,0.958
1058,1000,5646984,1
1059,1000,9797113,0.981
1060,1000,5926060,0.996
1061,1000,10814511,0.954
1062,1000,8670659,0.97
1063,1000,10200974,0.936
1064,1000,11586690,0.936
1065,1000,11259369,0.932
1066,1000,9198003,0.994
1067,1000,15208251,0.94
1068,1000,15985570,0.863
1069,1000,8970715,0.955
1070,1000,12524106,0.805
1071,1000,7594225,0.998
1072,1000,6596958,0.995
1073,1000,11225126,0.957
1074,1000,8734107,0.996
1075,1000,8918491,0.973
1076,1000,13147486,0.804
1077,1000,12137014,0.815
1078,1000,5211242,0.999
1079,1000,12965881,0.888
1080,1000,5575409,0.992
1081,1000,7768983,0.989
1082,1000,12114672,0.939
1083,1000,11286664,0.914
1084,1000,8693300,0.99
1085,1000,4113970,0.998
1086,1000,9471915,0.952
1087,1000,6792540,0.996
1088,1000,9673005,0.948
1089,1000,5697462,0.994
1090,1000,14100695,0.844
1091,1000,5613800,0.998
1092,1000,5072199,0.998
1093,1000,12861437,0.928
1094,1000,14038903,0.848
1095,1000,9538926,0.96
1096,1000,7175219,0.983
1097,1000,8357853,0.984
1098,1000,9296104,0.968
1099,1000,11373894,0.951
1100,1000,8568025,0.983
1101,1000,5745141,0.998
1102,1000,11858036,0.894
1103,1000,7668365,0.993
1104,1000,8349397,0.85
1105,1000,9431368,0.958
1106,1000,3788883,1
1107,1000,11008843,0.857
1108,1000,10608887,0.984
1109,1000,12483932,0.807
1110,1000,12563347,0.94
1111,1000,11647849,0.958
1112,1000,10110390,0.937
1113,1000,11574371,0.982
1114,1000,10421273,0.972
1115,1000,12868223,0.859
1116,1000,9369123,0.974
1117,1000,8824310,0.975
1118,1000,12696185,0.912
1119,1000,9155991,0.982
1120,1000,8862970,0.99
1121,1000,6903857,0.947
1122,1000,7241122,0.991
1123,1000,7439462,0.981
1124,1000,11476660,0.905
1125,1000,10446108,0.958
1126,1000,6904258,0.989
1127,1000,10381707,0.958
1128,1000,8621697,0.99
1129,1000,7353088,0.978
1130,1000,13871805,0.718
1131,1000,4913662,0.996
1132,1000,9141727,0.979
1133,1000,7833278,0.974
1134,1000,8254874,0.997
1135,1000,5480023,0.998
1136,1000,6923887,0.991
1137,1000,9764110,0.946
1138,1000,10566961,0.949
1139,1000,9036722,0.961
1140,1000,11508898,0.926
1141,1000,9063076,0.992
1142,1000,7080043,0.987
1143,1000,12436945,0.891
1144,1000,12077306,0.906
1145,1000,8355668,0.987
1146,1000,11935332,0.971
1147,1000,10077817,0.974
1148,1000,13289651,0.963
1149,1000,7639866,0.995
1150,1000,7002533,0.984
1151,1000,5642800,0.997
1152,1000,6880982,0.991
1153,1000,12400302,0.923
1154,1000,7974988,0.992
1155,1000,3457598,0.998
1156,1000,12324267,0.916
1157,1000,8376948,0.991
1158,1000,7661157,0.977
1159,1000,6514524,0.99
1160,1000,6535958,0.989
1161,1000,12837528,0.833
1162,1000,7820776,0.976
1163,1000,11963956,0.906
1164,1000,9029400,0.923
1165,1000,11986462,0.835
1166,1000,10559671,0.962
1167,1000,8620340,0.991
1168,1000,8580642,0.981
1169,1000,8734180,0.968
1170,1000,6874051,0.996
1171,1000,6797626,0.986
1172,1000,5893578,0.991
1173,1000,9448018,0.978
1174,1000,12097619,0.806
1175,1000,7277656,0.999
1176,1000,13811631,0.884
1177,1000,7378219,0.998
1178,1000,12224977,0.87
1179,1000,5642902,0.995
1180,1000,6108373,0.998
1181,1000,8695517,0.977
1182,1000,12064990,0.929
1183,1000,10321394,0.97
1184,1000,8834941,0.948
1185,1000,13805176,0.86
1186,1000,9266849,0.938
1187,1000,10576009,0.972
1188,1000,11067048,0.934
1189,1000,8478550,0.989
1190,1000,9519057,0.99
1191,1000,13669298,0.929
1192,1000,9055217,0.987
1193,1000,7996664,0.996
1194,1000,7184958,0.993
1195,1000,14079128,0.837
1196,1000,9105245,0.972
1197,1000,13073941,0.8
1198,1000,6893391,0.988
1199,1000,7496392,0.987
1200,1000,8145698,0.983
1201,1000,4029339,0.997
1202,1000,11471194,0.952
1203,1000,8605267,0.983
1204,1000,8228504,0.993
1205,1000,12472966,0.859
1206,1000,11025225,0.962
1207,1000,6986902,0.984
1208,1000,6228719,0.991
1209,1000,14102545,0.825
1210,1000,7898396,0.976
1211,1000,8390725,0.968
1212,1000,12298726,0.892
1213,1000,6165912,0.989
1214,1000,10968540,0.713
1215,1000,12140504,0.84
1216,1000,10607004,0.954
1217,1000,7315764,0.963
1218,1000,10313167,0.973
1219,1000,11722447,0.947
1220,1000,10383762,0.929
1221,1000,9072749,0.987
1222,1000,9412318,0.924
1223,1000,13382439,0.787
1224,1000,13735520,0.792
1225,1000,8686094,0.97
1226,1000,7609334,0.998
1227,1000,12360114,0.772
1228,1000,6380286,0.987
1229,1000,12590610,0.857
1230,1000,12104554,0.82
1231,1000,9107682,0.978
1232,1000,10958113,0.971
1233,1000,7969839,0.996
1234,1000,6867498,0.993
1235,1000,8376209,0.98
1236,1000,10719582,0.962
1237,1000,11350650,0.933
1238,1000,13459865,0.917
1239,1000,8301355,0.982
1240,1000,12178793,0.853
1241,1000,10298332,0.977
1242,1000,9908226,0.98
1243,1000,7722611,1
1244,1000,7726921,0.993
1245,1000,8295015,0.988
1246,1000,11174170,0.98
1247,1000,9040776,0.99
1248,1000,4113582,0.996
1249,1000,10246037,0.941
1250,1000,5548632,0.97
1251,1000,7490851,0.993
1252,1000,8968041,0.965
1253,1000,5171367,0.997
1254,1000,12455215,0.957
1255,1000,7245883,0.992
1256,1000,13354657,0.627
1257,1000,12647879,0.8
1258,1000,10090275,0.984
1259,1000,4378444,1
1260,1000,10743840,0.975
1261,1000,5707303,0.999
1262,1000,9561219,0.967
1263,1000,9743486,0.91
1264,1000,9827345,0.991
1265,1000,11329237,0.866
1266,1000,14257592,0.876
1267,1000,10221350,0.983
1268,1000,10759390,0.96
1269,1000,9490026,0.952
1270,1000,6008154,0.994
1271,1000,8056837,0.977
1272,1000,9802232,0.872
1273,1000,8272213,0.976
1274,1000,5050787,0.994
1275,1000,11023827,0.959
1276,1000,10685773,0.935
1277,1000,8756418,0.967
1278,1000,11868794,0.883
1279,1000,8918615,0.983
1280,1000,11074164,0.947
1281,1000,8702012,0.963
1282,1000,9900283,0.97
1283,1000,11346065,0.964
1284,1000,7345756,0.988
1285,1000,12534078,0.809
1286,1000,6957490,0.993
1287,1000,10468688,0.947
1288,1000,6528882,0.999
1289,1000,10931837,0.929
1290,1000,7099068,0.991
1291,1000,10875878,0.938
1292,1000,7157035,0.994
1293,1000,7313137,0.992
1294,1000,6433972,0.998
1295,1000,5472372,0.991
1296,1000,12829758,0.937
1297,1000,6382250,0.996
1298,1000,8423954,0.993
1299,1000,6504787,0.998
1300,1000,5838045,0.98
1301,1000,11934849,0.826
1302,1000,8860631,0.984
1303,1000,7343187,0.98
1304,1000,8485330,0.975
1305,1000,4173547,0.999
1306,1000,6732988,0.995
1307,1000,7501845,0.986
1308,1000,8620788,0.974
1309,1000,8657853,0.986
1310,1000,6175146,0.999
1311,1000,7451297,0.988
1312,1000,9340052,0.957
1313,1000,9361415,0.995
1314,1000,7276812,0.995
1315,1000,7720859,0.988
1316,1000,5685425,0.989
1317,1000,11313982,0.954
1318,1000,7999095,0.987
1319,1000,8819994,0.979
1320,1000,10898140,0.908
1321,1000,5066372,0.999
1322,1000,11003314,0.957
1323,1000,10659040,0.936
1324,1000,10147501,0.966
1325,1000,12774057,0.757
1326,1000,4015090,0.999
1327,1000,11487432,0.862
1328,1000,8962260,0.985
1329,1000,6971709,0.994
1330,1000,7583403,0.984
1331,1000,9687023,0.98
1332,1000,9276560,0.97
1333,1000,6206702,0.986
1334,1000,6257638,0.999
1335,1000,6920582,0.984
1336,1000,8984376,0.98
1337,1000,9761280,0.95
1338,1000,9013453,0.947
1339,1000,5271394,1
1340,1000,8978168,0.959
1341,1000,7651663,0.991
1342,1000,11473099,0.936
1343,1000,8462751,0.979
1344,1000,11762912,0.898
1345,1000,9627742,0.966
1346,1000,4620399,1
1347,1000,13157149,0.791
1348,1000,11285529,0.896
1349,1000,10118412,0.984
1350,1000,13293660,0.916
1351,1000,10466524,0.965
1352,1000,6238081,0.998
1353,1000,8690363,0.987
1354,1000,8322979,0.983
1355,1000,7559235,0.968
1356,1000,4531990,0.999
1357,1000,6639972,0.996
1358,1000,5965263,1
1359,1000,12447370,0.91
1360,1000,10377306,0.928
1361,1000,7167851,0.985
1362,1000,6761125,0.999
1363,1000,11519781,0.954
1364,1000,10349516,0.968
1365,1000,11213825,0.981
1366,1000,5074082,0.999
1367,1000,6615286,0.994
1368,1000,6860508,0.97
1369,1000,6183508,0.991
1370,1000,10429632,0.94
1371,1000,11135378,0.981
1372,1000,5873497,0.945
1373,1000,9333799,0.96
1374,1000,10800225,0.912
1375,1000,5927361,0.996
1376,1000,6263143,0.998
1377,1000,8737410,0.985
1378,1000,5138684,0.996
1379,1000,9789527,0.978
1380,1000,9684167,0.978
1381,1000,11641790,0.925
1382,1000,12126577,0.952
1383,1000,12879271,0.658
1384,1000,6608686,0.999
1385,1000,8876778,0.989
1386,1000,13374427,0.782
1387,1000,11578768,0.893
1388,1000,10073528,0.969
1389,1000,10283067,0.943
1390,1000,9699312,0.893
1391,1000,8610775,0.981
1392,1000,11291819,0.877
1393,1000,7754217,0.973
1394,1000,9028163,0.971
1395,1000,8705328,0.992
1396,1000,6007189,0.999
1397,1000,13605528,0.891
1398,1000,8963364,0.95
1399,1000,13279203,0.752
1400,1000,11538887,0.911
1401,1000,9007128,0.981
1402,1000,8066342,0.975
1403,1000,12764536,0.905
1404,1000,4851314,0.999
1405,1000,12891674,0.773
1406,1000,10498811,0.954
1407,1000,10696960,0.964
1408,1000,7988333,0.989
1409,1000,5981405,0.996
1410,1000,3556859,0.999
1411,1000,9697901,0.929
1412,1000,13518115,0.881
1413,1000,10533373,0.947
1414,1000,8222110,0.976
1415,1000,8309873,0.986
1416,1000,9736194,0.989
1417,1000,9900796,0.962
1418,1000,8364937,0.977
1419,1000,14137954,0.757
1420,1000,12010830,0.833
1421,1000,12067279,0.955
1422,1000,7385548,0.986
1423,1000,9745920,0.985
1424,1000,10055669,0.974
1425,1000,12844342,0.822
1426,1000,8592586,0.997
1427,1000,6055652,0.998
1428,1000,7543966,0.983
1429,1000,11368227,0.955
1430,1000,6582516,0.994
1431,1000,7751253,0.981
1432,1000,5804845,0.997
1433,1000,11075332,0.949
1434,1000,11268094,0.95
1435,1000,12630206,0.937
1436,1000,11909830,0.929
1437,1000,8253216,0.978
1438,1000,12073333,0.87
1439,1000,11440828,0.93
1440,1000,7605292,0.986
1441,1000,11875011,0.958
1442,1000,7678746,0.983
1443,1000,13365616,0.69
1444,1000,8333896,0.986
1445,1000,6329984,0.991
1446,1000,8403799,0.967
1447,1000,9207100,0.97
1448,1000,7880926,0.987
1449,1000,9481918,0.981
1450,1000,9323149,0.995
1451,1000,10362119,0.956
1452,1000,13725054,0.838
1453,1000,11797100,0.925
1454,1000,9304130,0.985
1455,1000,9823451,0.949
1456,1000,5981271,0.985
1457,1000,13133433,0.87
1458,1000,8214514,0.99
1459,1000,6789103,0.989
1460,1000,5331952,0.995
1461,1000,11846446,0.924
1462,1000,10420229,0.825
1463,1000,10895746,0.966
1464,1000,7816210,0.99
1465,1000,10867376,0.924
1466,1000,8236363,0.975
1467,1000,8475275,0.971
1468,1000,11117732,0.937
1469,1000,7171648,0.998
1470,1000,8770807,0.982
1471,1000,6465541,0.986
1472,1000,12988267,0.964
1473,1000,6258275,0.997
1474,1000,6159453,0.984
1475,1000,11278337,0.931
1476,1000,9072803,0.991
1477,1000,5481395,0.997
1478,1000,12929350,0.797
1479,1000,10847302,0.827
1480,1000,5055414,0.998
1481,1000,4792751,0.997
1482,1000,9112381,0.963
1483,1000,5640464,1
1484,1000,8022980,0.992
1485,1000,8551835,0.988
1486,1000,6859291,0.995
1487,1000,8660872,0.984
1488,1000,6674467,0.998
1489,1000,8885811,0.985
1490,1000,8522819,0.989
1491,1000,9513376,0.978
1492,1000,12926232,0.708
1493,1000,6270666,0.986
1494,1000,8471488,0.994
1495,1000,4780603,0.999
1496,1000,9454335,0.958
1497,1000,13141177,0.741
1498,1000,12652631,0.934
1499,1000,7465830,0.993
1500,1000,9819934,0.982
1501,1000,10016641,0.978
1502,1000,7979332,0.971
1503,1000,12183182,0.935
1504,1000,7853903,0.99
1505,1000,8200036,0.973
1506,1000,6083683,0.998
1507,1000,5097775,0.986
1508,1000,8827938,0.993
1509,1000,6999975,1
1510,1000,5887503,0.996
1511,1000,8125187,0.991
1512,1000,3259487,0.999
1513,1000,9772462,0.972
1514,1000,8392780,0.947
1515,1000,10650224,0.927
1516,1000,11113637,0.947
1517,1000,7154594,0.994
1518,1000,5343294,0.995
1519,1000,11938873,0.806
1520,1000,9020682,0.975
1521,1000,11901450,0.805
1522,1000,13150834,0.807
1523,1000,14163279,0.973
1524,1000,11913603,0.866
1525,1000,5199862,0.999
1526,1000,9338048,0.911
1527,1000,10030220,0.984
1528,1000,8986702,0.974
1529,1000,5368829,0.99
1530,1000,9389172,0.966
1531,1000,11363894,0.922
1532,1000,13754369,0.662
1533,1000,12237677,0.902
1534,1000,8918944,0.976
1535,1000,7230816,0.991
1536,1000,10300861,0.913
1537,1000,7563445,0.988
1538,1000,8277171,0.995
1539,1000,7051868,0.995
1540,1000,8962019,0.985
1541,1000,8288936,0.963
1542,1000,7900040,0.992
1543,1000,9475143,0.972
1544,1000,11724939,0.901
1545,1000,7989942,0.985
1546,1000,7006726,0.995
1547,1000,7781226,0.988
1548,1000,13154751,0.805
1549,1000,9341726,0.976
1550,1000,4442524,0.999
1551,1000,7226286,0.989
1552,1000,10381183,0.94
1553,1000,12564196,0.868
1554,1000,7928976,0.998
1555,1000,10547467,0.842
1556,1000,11494037,0.946
1557,1000,12889905,0.784
1558,1000,9212532,0.916
1559,1000,7808156,0.989
1560,1000,11594720,0.953
1561,1000,10355956,0.84
1562,1000,9489662,0.974
1563,1000,6592159,1
1564,1000,5422938,1
1565,1000,6329920,0.998
1566,1000,5585649,1
1567,1000,6151913,0.999
1568,1000,5265386,0.994
1569,1000,6548843,0.998
1570,1000,6744993,0.995
1571,1000,8649595,0.995
1572,1000,12947429,0.749
1573,1000,9133824,0.967
1574,1000,7699100,0.992
1575,1000,5423569,0.979
1576,1000,10661947,0.943
1577,1000,12085843,0.745
1578,1000,12122336,0.77
1579,1000,6689040,0.969
1580,1000,8338086,0.985
1581,1000,12503362,0.888
1582,1000,12688046,0.706
1583,1000,10619759,0.967
1584,1000,5036621,0.999
1585,1000,13166897,0.896
1586,1000,12838401,0.934
1587,1000,5917091,0.997
1588,1000,12154180,0.851
1589,1000,8699837,0.935
1590,1000,5838187,0.995
1591,1000,12524476,0.862
1592,1000,12454034,0.893
1593,1000,6863822,0.992
1594,1000,8501167,0.979
1595,1000,5578146,0.985
1596,1000,10932565,0.963
1597,1000,7303635,0.986
1598,1000,8469144,0.915
1599,1000,8386476,0.843
1600,1000,10518621,0.897
1601,1000,11324277,0.981
1602,1000,8584354,0.962
1603,1000,8500064,0.986
1604,1000,4409333,1
1605,1000,12619995,0.875
1606,1000,7436893,0.994
1607,1000,11996242,0.849
1608,1000,9586232,0.839
1609,1000,8182853,0.984
1610,1000,7323472,0.985
1611,1000,10306270,0.946
1612,1000,7002732,0.998
1613,1000,7374898,0.989
1614,1000,7832141,0.996
1615,1000,6135030,0.995
1616,1000,5646533,0.997
1617,1000,7507564,0.982
1618,1000,14090601,0.866
1619,1000,7168943,0.989
1620,1000,7179722,0.985
1621,1000,6657562,0.997
1622,1000,6365757,0.987
1623,1000,9309920,0.975
1624,1000,6664170,0.998
1625,1000,11166899,0.951
1626,1000,8555810,0.964
1627,1000,5395341,0.998
1628,1000,10053362,0.964
1629,1000,6895207,0.94
1630,1000,7097895,0.982
1631,1000,9253681,0.975
1632,1000,6460067,0.986
1633,1000,7511544,0.967
1634,1000,4649379,1
1635,1000,7385764,0.997
1636,1000,9038608,0.984
1637,1000,11321470,0.908
1638,1000,7175540,0.979
1639,1000,10665983,0.859
1640,1000,7739630,0.987
1641,1000,10734934,0.936
1642,1000,11376832,0.872
1643,1000,5830816,0.995
1644,1000,9204117,0.973
1645,1000,10157718,0.971
1646,1000,7184670,0.98
1647,1000,6394326,0.994
1648,1000,11287299,0.926
1649,1000,9400253,0.965
1650,1000,11538840,0.889
1651,1000,8937049,0.925
1652,1000,11210867,0.95
1653,1000,7746244,0.991
1654,1000,10807189,0.871
1655,1000,6320957,0.982
1656,1000,7143715,0.986
1657,1000,9689196,0.959
1658,1000,9353264,0.976
1659,1000,5704039,0.994
1660,1000,4112399,1
1661,1000,8656893,0.98
1662,1000,4721646,0.998
1663,1000,9835047,0.975
1664,1000,11807650,0.908
1665,1000,11535900,0.932
1666,1000,8079100,0.981
1667,1000,6875420,0.982
1668,1000,8117144,0.966
1669,1000,11389702,0.965
1670,1000,10228296,0.958
1671,1000,9098525,0.968
1672,1000,11677539,0.762
1673,1000,12436576,0.875
1674,1000,10447653,0.925
1675,1000,8092836,0.987
1676,1000,6447278,0.989
1677,1000,6126183,0.986
1678,1000,11289442,0.939
1679,1000,8666030,0.984
1680,1000,6199024,0.984
1681,1000,7159515,0.999
1682,1000,8720937,0.964
1683,1000,9197687,0.95
1684,1000,11251193,0.941
1685,1000,11926705,0.984
1686,1000,8064584,0.993
1687,1000,6084977,0.998
1688,1000,8351872,0.991
1689,1000,12415548,0.829
1690,1000,5979581,0.999
1691,1000,5204323,0.998
1692,1000,11198895,0.935
1693,1000,8925952,0.987
1694,1000,8423966,0.98
1695,1000,9282838,0.932
1696,1000,11741470,0.928
1697,1000,12384812,0.83
1698,1000,4948830,0.998
1699,1000,11703058,0.874
1700,1000,6960519,0.988
1701,1000,9135549,0.991
1702,1000,10345730,0.977
1703,1000,6601874,0.995
1704,1000,8328380,0.937
1705,1000,7697368,0.995
1706,1000,8918501,0.986
1707,1000,6083180,0.99
1708,1000,6148754,0.999
1709,1000,7014625,0.99
1710,1000,11114242,0.936
1711,1000,6940722,0.987
1712,1000,5336042,0.998
1713,1000,12033595,0.894
1714,1000,11976562,0.932
1715,1000,5789155,0.996
1716,1000,9816026,0.972
1717,1000,12231023,0.918
1718,1000,6476717,0.999
1719,1000,8625432,0.944
1720,1000,8927387,0.957
1721,1000,7352869,0.995
1722,1000,10504481,0.928
1723,1000,6665401,0.996
1724,1000,8400736,0.982
1725,1000,4151840,0.999
1726,1000,5610552,0.998
1727,1000,9643953,0.991
1728,1000,9191279,0.98
1729,1000,8611897,0.99
1730,1000,6123647,0.992
1731,1000,8446110,0.976
1732,1000,11921462,0.839
1733,1000,7430500,0.991
1734,1000,8032495,0.993
1735,1000,8391929,0.995
1736,1000,13056880,0.929
1737,1000,12387063,0.889
1738,1000,5681087,0.998
1739,1000,8295462,0.979
1740,1000,12727211,0.882
1741,1000,10237607,0.955
1742,1000,12156571,0.911
1743,1000,5690150,0.998
1744,1000,8897292,0.982
1745,1000,10251840,0.895
1746,1000,7630388,0.993
1747,1000,7399356,0.981
1748,1000,10547204,0.932
1749,1000,9440691,0.989
1750,1000,10060968,0.978
1751,1000,9184332,0.987
1752,1000,11277760,0.835
1753,1000,9763580,0.935
1754,1000,7854019,0.992
1755,1000,9000113,0.977
1756,1000,11811062,0.91
1757,1000,12872503,0.741
1758,1000,11889645,0.867
1759,1000,5003591,1
1760,1000,6310619,0.996
1761,1000,14462735,0.821
1762,1000,9578286,0.977
1763,1000,7706493,0.995
1764,1000,5781959,0.991
1765,1000,8690590,0.972
1766,1000,5221896,0.998
1767,1000,5029711,0.996
1768,1000,5374806,0.994
1769,1000,6948489,0.998
1770,1000,10895936,0.883
1771,1000,6038565,0.994
1772,1000,11693626,0.871
1773,1000,10704122,0.948
1774,1000,5722220,0.999
1775,1000,4796537,0.998
1776,1000,5360124,0.998
1777,1000,11698048,0.878
1778,1000,6538135,0.987
1779,1000,5737149,0.996
1780,1000,9271310,0.84
1781,1000,10957796,0.966
1782,1000,3836549,0.999
1783,1000,8968714,0.97
1784,1000,7022588,0.995
1785,1000,12510370,0.933
1786,1000,12017980,0.903
1787,1000,11234433,0.897
1788,1000,8341823,0.984
1789,1000,10097101,0.954
1790,1000,12293097,0.869
1791,1000,9975971,0.868
1792,1000,6833737,0.952
1793,1000,11120542,0.947
1794,1000,8470603,0.974
1795,1000,12517551,0.755
1796,1000,10032278,0.964
1797,1000,6625539,0.999
1798,1000,4096885,0.994
1799,1000,7745945,0.989
1800,1000,12214437,0.955
1801,1000,10452482,0.929
1802,1000,7157441,0.992
1803,1000,7847949,0.992
1804,1000,5610494,0.983
1805,1000,10433837,0.867
1806,1000,9062387,0.99
1807,1000,9295219,0.939
1808,1000,7381091,0.989
1809,1000,6943648,0.92
1810,1000,10972277,0.849
1811,1000,6344410,0.998
1812,1000,7911560,0.995
1813,1000,11111235,0.834
1814,1000,7976745,0.99
1815,1000,8291759,0.958
1816,1000,8380255,0.982
1817,1000,12799391,0.896
1818,1000,6999930,0.986
1819,1000,8021358,0.914
1820,1000,7364389,0.984
1821,1000,12751034,0.749
1822,1000,12683842,0.911
1823,1000,12243288,0.861
1824,1000,10664797,0.956
1825,1000,12159956,0.922
1826,1000,4643152,0.996
1827,1000,10531700,0.912
1828,1000,9322892,0.964
1829,1000,9308551,0.986
1830,1000,9622101,0.975
1831,1000,9040645,0.939
1832,1000,11259030,0.938
1833,1000,8711626,0.968
1834,1000,8864677,0.983
1835,1000,11801031,0.916
1836,1000,11106036,0.951
1837,1000,7315552,0.978
1838,1000,6639106,0.993
1839,1000,7789648,0.991
1840,1000,10033906,0.962
1841,1000,4240578,0.997
1842,1000,11834479,0.766
1843,1000,7218922,0.978
1844,1000,9354708,0.967
1845,1000,11612945,0.977
1846,1000,12332821,0.859
1847,1000,11568354,0.929
1848,1000,7866761,0.985
1849,1000,9458065,0.945
1850,1000,11316872,0.951
1851,1000,11594708,0.89
1852,1000,8801305,0.976
1853,1000,13170007,0.943
1854,1000,4215985,0.993
1855,1000,5967423,0.995
1856,1000,7259945,0.989
1857,1000,8708398,0.987
1858,1000,9552924,0.937
1859,1000,6018529,0.991
1860,1000,9081474,0.969
1861,1000,7270604,0.993
1862,1000,7729810,0.949
1863,1000,8613458,0.967
1864,1000,14950825,0.848
1865,1000,9665122,0.956
1866,1000,9136755,0.963
1867,1000,11083597,0.938
1868,1000,9419212,0.986
1869,1000,3672106,1
1870,1000,10022467,0.946
1871,1000,7654090,0.987
1872,1000,9476670,0.97
1873,1000,7476582,0.99
1874,1000,10253839,0.929
1875,1000,7359731,0.993
1876,1000,12958596,0.837
1877,1000,4650092,1
1878,1000,12349074,0.926
1879,1000,7850612,0.989
1880,1000,8422695,0.991
1881,1000,10574179,0.94
1882,1000,9157328,0.986
1883,1000,8925689,0.968
1884,1000,11887538,0.879
1885,1000,6609426,0.994
1886,1000,10145184,0.929
1887,1000,10654612,0.962
1888,1000,9431384,0.939
1889,1000,10578286,0.962
1890,1000,11387054,0.92
1891,1000,12820039,0.83
1892,1000,9787178,0.939
1893,1000,10147001,0.926
1894,1000,12112805,0.916
1895,1000,10959514,0.915
1896,1000,11478797,0.912
1897,1000,5324995,0.994
1898,1000,8832230,0.98
1899,1000,9480668,0.952
1900,1000,7454484,0.982
1901,1000,8659048,0.98
1902,1000,11406096,0.837
1903,1000,8908448,0.959
1904,1000,12786727,0.765
1905,1000,10164262,0.973
1906,1000,9196831,0.993
1907,1000,11166360,0.93
1908,1000,8186994,0.992
1909,1000,5576286,0.997
1910,1000,9527649,0.976
1911,1000,7097893,0.987
1912,1000,7961449,0.993
1913,1000,6470785,0.978
1914,1000,8363747,0.987
1915,1000,8010825,0.982
1916,1000,12470631,0.887
1917,1000,10379842,0.969
1918,1000,8979317,0.972
1919,1000,7846738,0.984
1920,1000,6829565,0.977
1921,1000,10238467,0.96
1922,1000,9104335,0.974
1923,1000,6251155,0.982
1924,1000,9244836,0.983
1925,1000,10363539,0.981
1926,1000,8886893,0.972
1927,1000,8872058,0.921
1928,1000,11073174,0.965
1929,1000,8788649,0.989
1930,1000,6621691,0.997
1931,1000,9952818,0.947
1932,1000,11889989,0.922
1933,1000,11835761,0.837
1934,1000,5765489,0.992
1935,1000,9257055,0.971
1936,1000,13893866,0.79
1937,1000,10620864,0.979
1938,1000,12875669,0.884
1939,1000,8428089,0.945
1940,1000,11479828,0.988
1941,1000,4516849,0.998
1942,1000,9442350,0.94
1943,1000,10773559,0.947
1944,1000,11497710,0.948
1945,1000,4861979,0.999
1946,1000,11799912,0.94
1947,1000,10083443,0.974
1948,1000,9034390,0.966
1949,1000,7281170,0.988
1950,1000,7234912,0.993
1951,1000,7994295,0.998
1952,1000,6072167,0.987
1953,1000,12138673,0.914
1954,1000,10240916,0.971
1955,1000,6899194,0.994
1956,1000,5845972,0.993
1957,1000,13809723,0.816
1958,1000,7612140,0.969
1959,1000,11739609,0.964
1960,1000,10260985,0.968
1961,1000,8944935,0.97
1962,1000,11477230,0.784
1963,1000,4221680,0.996
1964,1000,7123880,0.991
1965,1000,11073521,0.965
1966,1000,11885348,0.938
1967,1000,9272989,0.945
1968,1000,9823303,0.986
1969,1000,10397206,0.94
1970,1000,9434115,0.967
1971,1000,5901315,0.998
1972,1000,6603129,0.999
1973,1000,9279599,0.972
1974,1000,6174537,0.992
1975,1000,5301015,0.995
1976,1000,8612645,0.98
1977,1000,10598679,0.885
1978,1000,11210892,0.822
1979,1000,12178641,0.89
1980,1000,5946017,0.993
1981,1000,7791529,0.989
1982,1000,13074762,0.895
1983,1000,12017780,0.722
1984,1000,9197626,0.982
1985,1000,9607787,0.982
1986,1000,7434529,0.987
1987,1000,6787082,0.997
1988,1000,6355127,0.998
1989,1000,7627572,0.996
1990,1000,11458245,0.967
1991,1000,10990042,0.889
1992,1000,6924757,0.989
1993,1000,13819011,0.841
1994,1000,9942403,0.985
1995,1000,8869047,0.994
1996,1000,8210701,0.972
1997,1000,8169474,0.966
1998,1000,7456254,0.992
1999,1000,10124483,0.942
2000,1000,6503092,0.994
2001,1000,12765809,0.877
2002,1000,8284298,0.984
2003,1000,8364311,0.982
2004,1000,11689284,0.945
2005,1000,7230111,0.993
2006,1000,6000962,0.998
2007,1000,12047066,0.853
2008,1000,7624634,0.974
2009,1000,12099200,0.881
2010,1000,5478088,0.992
2011,1000,7032986,0.983
2012,1000,4956093,0.999
2013,1000,9224925,0.993
2014,1000,8882447,0.99
2015,1000,11062211,0.939
2016,1000,11071874,0.812
2017,1000,7867219,0.989
2018,1000,5688444,0.994
2019,1000,8009018,0.991
2020,1000,12238396,0.977
2021,1000,8965623,0.942
2022,1000,11107281,0.939
2023,1000,7336240,0.986
2024,1000,7584356,0.996
2025,1000,6361407,0.998
2026,1000,6941955,0.969
2027,1000,4043844,0.996
2028,1000,4803561,0.998
2029,1000,4844644,0.999
2030,1000,10641131,0.942
2031,1000,6047466,0.991
2032,1000,9620022,0.969
2033,1000,6219221,0.998
2034,1000,10465037,0.893
2035,1000,11912417,0.81
2036,1000,11039435,0.9
2037,1000,6429912,0.994
2038,1000,12385785,0.925
2039,1000,7539086,0.973
2040,1000,7054673,0.991
2041,1000,8442077,0.914
2042,1000,9644580,0.984
2043,1000,11980607,0.928
2044,1000,6458062,0.997
2045,1000,12008104,0.929
2046,1000,8324541,0.972
2047,1000,11889841,0.9
2048,1000,14607332,0.673
2049,1000,8555625,0.979
2050,1000,9580824,0.983
2051,1000,10368582,0.976
2052,1000,7990537,0.974
2053,1000,7902781,0.981
2054,1000,9538201,0.984
2055,1000,10266435,0.968
2056,1000,8166071,0.977
2057,1000,5940641,0.992
2058,1000,7307117,0.993
2059,1000,8301142,0.994
2060,1000,11492297,0.885
2061,1000,10335584,0.962
2062,1000,12094924,0.887
2063,1000,6467010,1
2064,1000,5992643,0.989
2065,1000,5455802,0.995
2066,1000,10765011,0.954
2067,1000,9365938,0.93
2068,1000,10108468,0.978
2069,1000,9307126,0.971
2070,1000,7180667,0.992
2071,1000,9686112,0.976
2072,1000,10525138,0.932
2073,1000,12830064,0.713
2074,1000,10705916,0.934
2075,1000,10309005,0.978
2076,1000,4731437,0.998
2077,1000,6836519,0.991
2078,1000,5019640,0.998
2079,1000,10801445,0.963
2080,1000,9671560,0.958
2081,1000,8977932,0.921
2082,1000,9975657,0.937
2083,1000,7728673,0.99
2084,1000,9140935,0.974
2085,1000,9831340,0.949
2086,1000,7507134,0.989
2087,1000,6832700,0.995
2088,1000,7674260,0.977
2089,1000,5570915,0.989
2090,1000,10588446,0.927
2091,1000,4851073,0.993
2092,1000,12608272,0.771
2093,1000,7759645,0.995
2094,1000,12279137,0.915
2095,1000,10957230,0.951
2096,1000,10966939,0.922
2097,1000,11987758,0.839
2098,1000,11134392,0.859
2099,1000,8808103,0.976
2100,1000,14995974,0.74
2101,1000,11582473,0.907
2102,1000,8187644,0.977
2103,1000,5957390,0.995
2104,1000,6787000,0.998
2105,1000,6203658,0.988
2106,1000,13688017,0.827
2107,1000,6284213,0.997
2108,1000,10371839,0.977
2109,1000,12932466,0.85
2110,1000,8870166,0.984
2111,1000,12594808,0.923
2112,1000,9251840,0.981
2113,1000,9397486,0.906
2114,1000,6639890,0.994
2115,1000,7266317,0.984
2116,1000,9612858,0.99
2117,1000,7596676,0.959
2118,1000,5049955,1
2119,1000,6939504,0.986
2120,1000,10792767,0.887
2121,1000,11813171,0.871
2122,1000,5595600,0.991
2123,1000,7423225,0.959
2124,1000,4638230,0.991
2125,1000,6685691,0.996
2126,1000,13385123,0.915
2127,1000,6374065,0.996
2128,1000,5610298,0.998
2129,1000,6572660,0.985
2130,1000,6517583,0.995
2131,1000,10257170,0.962
2132,1000,7300598,0.989
2133,1000,13912580,0.68
2134,1000,11384065,0.918
2135,1000,6272161,0.998
2136,1000,8162508,0.972
2137,1000,11114869,0.978
2138,1000,12468581,0.623
2139,1000,12169967,0.933
2140,1000,7539070,0.996
2141,1000,12523702,0.836
2142,1000,12270124,0.932
2143,1000,6805137,0.998
2144,1000,5517282,0.99
2145,1000,9416952,0.987
2146,1000,12927616,0.834
2147,1000,12074215,0.852
2148,1000,10734849,0.959
2149,1000,10092483,0.975
2150,1000,10836569,0.921
2151,1000,6389667,0.997
2152,1000,12454726,0.942
2153,1000,9925111,0.826
2154,1000,9429588,0.951
2155,1000,11042154,0.928
2156,1000,7259271,0.995
2157,1000,6734423,0.965
2158,1000,7184709,0.998
2159,1000,10495685,0.946
2160,1000,7145393,0.994
2161,1000,6082675,0.993
2162,1000,7537069,0.991
2163,1000,5360761,0.996
2164,1000,8007748,0.97
2165,1000,12820847,0.938
2166,1000,9925860,0.921
2167,1000,5841995,0.997
2168,1000,12452290,0.75
2169,1000,5005804,0.995
2170,1000,7142883,0.994
2171,1000,7330395,0.993
2172,1000,5780084,0.996
2173,1000,5133185,0.998
2174,1000,6975502,0.996
2175,1000,7844271,0.983
2176,1000,9258700,0.948
2177,1000,8668670,0.976
2178,1000,10909481,0.979
2179,1000,9115451,0.977
2180,1000,7494628,0.999
2181,1000,13395560,0.754
2182,1000,11071857,0.901
2183,1000,6006872,0.996
2184,1000,11291546,0.953
2185,1000,8813427,0.965
2186,1000,7123422,0.988
2187,1000,6066227,0.997
2188,1000,7595948,0.941
2189,1000,8394280,0.962
2190,1000,8129004,0.964
2191,1000,7056460,0.996
2192,1000,9161247,0.973
2193,1000,8135961,0.997
2194,1000,6602555,0.996
2195,1000,7953932,0.989
2196,1000,10171834,0.946
2197,1000,7356335,0.983
2198,1000,9398958,0.937
2199,1000,15948116,0.718
2200,1000,7806278,0.995
2201,1000,12131507,0.834
2202,1000,11781278,0.935
2203,1000,11081291,0.689
2204,1000,6364826,0.995
2205,1000,12058586,0.641
2206,1000,9023888,0.966
2207,1000,4416511,1
2208,1000,6845821,0.986
2209,1000,11961668,0.873
2210,1000,6874693,0.988
2211,1000,7125956,0.994
2212,1000,10643934,0.972
2213,1000,10119706,0.942
2214,1000,11894325,0.958
2215,1000,5306059,0.999
2216,1000,9721792,0.94
2217,1000,6996258,0.991
2218,1000,7167239,0.985
2219,1000,8918679,0.998
2220,1000,5120308,1
2221,1000,8459948,0.99
2222,1000,9695228,0.957
2223,1000,6445371,1
2224,1000,11447482,0.895
2225,1000,4167790,0.998
2226,1000,10306218,0.971
2227,1000,5722960,0.993
2228,1000,11980322,0.849
2229,1000,12139090,0.854
2230,1000,7849519,0.994
2231,1000,11291994,0.982
2232,1000,8141665,0.988
2233,1000,7783217,0.968
2234,1000,8158293,0.966
2235,1000,7143665,0.994
2236,1000,9589966,0.95
2237,1000,8204810,0.989
2238,1000,11928925,0.927
2239,1000,6310797,0.995
2240,1000,7031500,0.997
2241,1000,10611684,0.958
2242,1000,4904451,0.999
2243,1000,11212157,0.981
2244,1000,10450169,0.869
2245,1000,13000300,0.872
2246,1000,9698266,0.974
2247,1000,13594043,0.923
2248,1000,11307429,0.953
2249,1000,7259559,0.994
2250,1000,10290908,0.971
2251,1000,11587391,0.914
2252,1000,12842697,0.815
2253,1000,9133773,0.946
2254,1000,11716095,0.909
2255,1000,5403524,0.991
2256,1000,12741588,0.83
2257,1000,9327181,0.974
2258,1000,10015377,0.989
2259,1000,6357523,0.995
2260,1000,7214760,0.993
2261,1000,5923024,0.999
2262,1000,7360163,1
2263,1000,11744105,0.912
2264,1000,3989212,1
2265,1000,5249877,0.984
2266,1000,11767707,0.921
2267,1000,7374859,0.999
2268,1000,6421669,0.998
2269,1000,5553542,0.997
2270,1000,10675846,0.934
2271,1000,10594462,0.937
2272,1000,6031350,0.999
2273,1000,11304142,0.795
2274,1000,11113410,0.872
2275,1000,13823510,0.91
2276,1000,7566671,0.977
2277,1000,13889128,0.67
2278,1000,9133434,0.982
2279,1000,7901255,0.988
2280,1000,4253735,0.995
2281,1000,8782469,0.981
2282,1000,9547688,0.947
2283,1000,12383067,0.93
2284,1000,7635122,0.979
2285,1000,9635739,0.932
2286,1000,11054702,0.961
2287,1000,8581778,0.975
2288,1000,7079021,0.988
2289,1000,9073930,0.961
2290,1000,5394670,0.998
2291,1000,7163595,0.98
2292,1000,8527142,0.975
2293,1000,9015100,0.99
2294,1000,6047925,0.996
2295,1000,13811958,0.904
2296,1000,10801198,0.807
2297,1000,6758496,0.994
2298,1000,6333543,0.983
2299,1000,9985112,0.996
2300,1000,7734227,0.985
2301,1000,9844394,0.864
2302,1000,9554237,0.975
2303,1000,11869461,0.938
2304,1000,9775589,0.917
2305,1000,6622529,0.985
2306,1000,6971663,0.997
2307,1000,11433797,0.894
2308,1000,7808229,0.98
2309,1000,11659944,0.811
2310,1000,6648039,0.998
2311,1000,9097572,0.976
2312,1000,7134209,0.987
2313,1000,10797539,0.928
2314,1000,7327375,0.994
2315,1000,8577485,0.991
2316,1000,10881497,0.912
2317,1000,10484442,0.969
2318,1000,9355303,0.971
2319,1000,6526635,0.984
2320,1000,9797877,0.979
2321,1000,8225385,0.98
2322,1000,10838074,0.93
2323,1000,11388253,0.955
2324,1000,12702571,0.697
2325,1000,9194859,0.971
2326,1000,12141425,0.96
2327,1000,10348559,0.933
2328,1000,7470839,0.998
2329,1000,9536354,0.97
2330,1000,6029210,0.998
2331,1000,10401485,0.968
2332,1000,5994196,0.986
2333,1000,11566326,0.89
2334,1000,7697775,0.959
2335,1000,8108715,0.992
2336,1000,5671389,0.99
2337,1000,9442315,0.962
2338,1000,8552964,0.986
2339,1000,11154640,0.932
2340,1000,6298130,1
2341,1000,5884942,0.997
2342,1000,12183373,0.973
2343,1000,9483874,0.962
2344,1000,10013195,0.942
2345,1000,11650747,0.887
2346,1000,7395309,0.992
2347,1000,6011572,0.993
2348,1000,5698748,1
2349,1000,6698672,0.98
2350,1000,11075552,0.922
2351,1000,9903095,0.857
2352,1000,12833029,0.76
2353,1000,10884107,0.852
2354,1000,5977611,0.992
2355,1000,14558869,0.754
2356,1000,7422961,0.997
2357,1000,15290632,0.829
2358,1000,10805882,0.945
2359,1000,7898659,0.977
2360,1000,7977902,0.98
2361,1000,12974240,0.789
2362,1000,8404685,0.983
2363,1000,4297845,0.999
2364,1000,11046715,0.973
2365,1000,9056698,0.982
2366,1000,7259447,0.887
2367,1000,4727795,0.997
2368,1000,6123684,0.989
2369,1000,9293238,0.986
2370,1000,8383987,0.983
2371,1000,6341118,0.991
2372,1000,11177922,0.888
2373,1000,9220564,0.959
2374,1000,9772342,0.997
2375,1000,10525660,0.964
2376,1000,7969334,0.98
2377,1000,8161549,0.987
2378,1000,9153345,0.997
2379,1000,14173958,0.858
2380,1000,7143598,0.992
2381,1000,10129986,0.961
2382,1000,9747462,0.905
2383,1000,11586420,0.919
2384,1000,12219588,0.902
2385,1000,7459608,0.983
2386,1000,13480112,0.962
2387,1000,12352684,0.938
2388,1000,13998226,0.938
2389,1000,14913752,0.804
2390,1000,10884879,0.972
2391,1000,11900908,0.951
2392,1000,16279278,0.883
2393,1000,12363053,0.938
2394,1000,10864302,0.958
2395,1000,12510489,0.961
2396,1000,16212989,0.742
2397,1000,11627814,0.795
2398,1000,12355846,0.887
2399,1000,10796562,0.968
2400,1000,11039614,0.951
2401,1000,10638417,0.963
2402,1000,7257895,0.993
2403,1000,8958088,0.985
2404,1000,12668448,0.781
2405,1000,13842732,0.879
2406,1000,11851902,0.891
2407,1000,8570770,0.971
2408,1000,10521469,0.956
2409,1000,8810314,0.981
2410,1000,6008703,0.997
2411,1000,12161544,0.9
2412,1000,6553730,0.993
2413,1000,13070788,0.856
2414,1000,8843665,0.973
2415,1000,13843239,0.841
2416,1000,10983279,0.971
2417,1000,12734751,0.892
2418,1000,5905303,0.993
2419,1000,11392151,0.978
2420,1000,8569604,0.99
2421,1000,9719812,0.974
2422,1000,5871674,0.999
2423,1000,11821002,0.926
2424,1000,12948803,0.836
2425,1000,8563562,0.977
2426,1000,5815930,0.993
2427,1000,10550213,0.908
2428,1000,12453843,0.994
2429,1000,12137920,0.928
2430,1000,6723317,0.986
2431,1000,11321394,0.927
2432,1000,4760526,1
2433,1000,7940622,0.982
2434,1000,7535693,0.973
2435,1000,8228509,0.951
2436,1000,8729867,0.978
2437,1000,11760751,0.91
2438,1000,7620968,0.993
2439,1000,9121823,0.982
2440,1000,5659821,0.99
2441,1000,12040339,0.874
2442,1000,6020353,0.996
2443,1000,5395192,1
2444,1000,9569215,0.964
2445,1000,13420722,0.888
2446,1000,8985881,0.968
2447,1000,10170548,0.953
2448,1000,11183563,0.936
2449,1000,10479460,0.958
2450,1000,6389224,0.992
2451,1000,10166144,0.948
2452,1000,9038334,0.992
2453,1000,8183775,0.986
2454,1000,8491942,0.993
2455,1000,5051862,0.999
2456,1000,9647128,0.958
2457,1000,8044824,0.99
2458,1000,12405326,0.858
2459,1000,8911351,0.987
2460,1000,14630334,0.925
2461,1000,11085712,0.884
2462,1000,6346087,0.953
2463,1000,14514442,0.732
2464,1000,6677556,0.999
2465,1000,8587404,0.956
2466,1000,4880417,1
2467,1000,8492973,0.962
2468,1000,9491415,0.9
2469,1000,7932820,0.987
2470,1000,10174267,0.941
2471,1000,9318102,0.981
2472,1000,10354416,0.89
2473,1000,9945966,0.933
2474,1000,8398583,0.943
2475,1000,5485900,0.999
2476,1000,12658008,0.968
2477,1000,10712906,0.93
2478,1000,7455101,0.991
2479,1000,12869327,0.872
2480,1000,10557256,0.866
2481,1000,9199612,0.988
2482,1000,10729792,0.99
2483,1000,6047394,0.998
2484,1000,6410634,0.999
2485,1000,5963221,1
2486,1000,8546981,0.99
2487,1000,5951286,0.994
2488,1000,8156979,0.991
2489,1000,9876299,0.976
2490,1000,11308252,0.929
2491,1000,6287456,0.999
2492,1000,5574847,0.99
2493,1000,9197024,0.943
2494,1000,7621893,0.978
2495,1000,6060512,0.991
2496,1000,7004386,0.998
2497,1000,7799529,0.999
2498,1000,9991129,0.913
2499,1000,6439060,0.999
2500,1000,11763684,0.881
2501,1000,5249134,0.992
2502,1000,8475933,0.976
2503,1000,6564617,0.991
2504,1000,7007466,0.926
2505,1000,10601826,0.94
2506,1000,11251181,0.943
2507,1000,9151390,0.97
2508,1000,10107864,0.988
2509,1000,10228358,0.978
2510,1000,6280846,0.996
2511,1000,9431478,0.968
2512,1000,7374670,0.996
2513,1000,5332684,1
2514,1000,9985903,0.974
2515,1000,13805351,0.604
2516,1000,9016003,0.913
2517,1000,13219817,0.761
2518,1000,8571817,0.957
2519,1000,7657320,0.981
2520,1000,8883077,0.951
2521,1000,12143475,0.918
2522,1000,8214154,0.996
2523,1000,6018276,0.992
2524,1000,8548570,0.943
2525,1000,14971401,0.901
2526,1000,9224908,0.981
2527,1000,6954693,0.99
2528,1000,4265717,0.998
2529,1000,12253635,0.862
2530,1000,9059272,0.982
2531,1000,5857789,0.993
2532,1000,6502939,0.995
2533,1000,8465304,0.97
2534,1000,8610268,0.99
2535,1000,11954580,0.928
2536,1000,9535667,0.958
2537,1000,7800493,0.969
2538,1000,12775156,0.804
2539,1000,10502983,0.933
2540,1000,10793968,0.98
2541,1000,11265344,0.926
2542,1000,13247479,0.764
2543,1000,6462543,0.995
2544,1000,14418992,0.681
2545,1000,6228805,0.978
2546,1000,8089117,0.99
2547,1000,11287261,0.921
2548,1000,13078105,0.763
2549,1000,10059113,0.949
2550,1000,12359343,0.919
2551,1000,10635273,0.969
2552,1000,14289941,0.802
2553,1000,12345358,0.875
2554,1000,9550532,0.973
2555,1000,4511328,0.998
2556,1000,7709604,0.964
2557,1000,8108997,0.995
2558,1000,10568990,0.96
2559,1000,11967412,0.889
2560,1000,9371341,0.966
2561,1000,6637969,0.997
2562,1000,8188498,0.98
2563,1000,4857077,1
2564,1000,12597757,0.898
2565,1000,10749039,0.938
2566,1000,11000727,0.945
2567,1000,7002750,0.968
2568,1000,9181291,0.986
2569,1000,6995790,0.993
2570,1000,8403895,0.957
2571,1000,11710716,0.965
2572,1000,7554066,0.972
2573,1000,4610920,0.999
2574,1000,11014876,0.8
2575,1000,7551132,0.989
2576,1000,5976310,0.988
2577,1000,10328627,0.964
2578,1000,7542714,0.968
2579,1000,10434590,0.953
2580,1000,6219115,0.998
2581,1000,8499076,0.984
2582,1000,10045153,0.97
2583,1000,7980079,0.987
2584,1000,5860945,0.983
2585,1000,12428447,0.909
2586,1000,9950975,0.974
2587,1000,8519383,0.989
2588,1000,9049710,0.989
2589,1000,5585240,0.995
2590,1000,7872412,0.996
2591,1000,12571973,0.932
2592,1000,8543410,0.987
2593,1000,4131264,0.997
2594,1000,9333848,0.983
2595,1000,9790357,0.965
2596,1000,8377650,0.991
2597,1000,11026477,0.973
2598,1000,9846615,0.884
2599,1000,6167030,0.996
2600,1000,7473720,0.977
2601,1000,10241085,0.952
2602,1000,8491673,0.974
2603,1000,7309503,0.993
2604,1000,5981445,0.993
2605,1000,6716952,1
2606,1000,4922446,1
2607,1000,8560797,0.971
2608,1000,9869521,0.975
2609,1000,12417175,0.895
2610,1000,9017445,0.983
2611,1000,5829450,0.996
2612,1000,7755184,0.92
2613,1000,7287055,0.989
2614,1000,11733440,0.909
2615,1000,10855430,0.956
2616,1000,11419014,0.951
2617,1000,9872096,0.951
2618,1000,10412143,0.975
2619,1000,10963365,0.974
2620,1000,10941264,0.885
2621,1000,12660193,0.777
2622,1000,9411363,0.985
2623,1000,13073831,0.833
2624,1000,5756706,0.965
2625,1000,10713868,0.959
2626,1000,9861509,0.842
2627,1000,4585012,0.999
2628,1000,11960556,0.735
2629,1000,10584386,0.86
2630,1000,7905514,0.978
2631,1000,11762894,0.949
2632,1000,10294681,0.883
2633,1000,12690780,0.991
2634,1000,10703349,0.926
2635,1000,12970143,0.794
2636,1000,6815230,0.996
2637,1000,9033440,0.974
2638,1000,10464996,0.932
2639,1000,8613937,0.977
2640,1000,10996358,0.935
2641,1000,8630448,0.973
2642,1000,13269422,0.839
2643,1000,10405778,0.935
2644,1000,11487723,0.947
2645,1000,12563585,0.841
2646,1000,11575938,0.924
2647,1000,7249780,0.997
2648,1000,10295509,0.966
2649,1000,7279248,0.995
2650,1000,12526925,0.863
2651,1000,11264213,0.929
2652,1000,11713451,0.792
2653,1000,10761062,0.924
2654,1000,15110607,0.525
2655,1000,4802505,0.994
2656,1000,10741827,0.959
2657,1000,4408710,0.999
2658,1000,12904298,0.898
2659,1000,6362943,0.995
2660,1000,5690007,0.998
2661,1000,7681280,0.99
2662,1000,9135518,0.975
2663,1000,3911975,0.998
2664,1000,9581633,0.976
2665,1000,11122619,0.933
2666,1000,7174131,0.99
2667,1000,12715510,0.754
2668,1000,8582148,0.982
2669,1000,8848720,0.99
2670,1000,10474745,0.956
2671,1000,13978426,0.818
2672,1000,12804604,0.776
2673,1000,8694264,0.955
2674,1000,17915703,0.632
2675,1000,8742966,0.966
2676,1000,6835430,0.997
2677,1000,12038371,0.907
2678,1000,6619931,1
2679,1000,7347913,0.907
2680,1000,9631350,0.97
2681,1000,9425661,0.942
2682,1000,5436751,1
2683,1000,8452362,0.983
2684,1000,7656986,0.983
2685,1000,12335942,0.879
2686,1000,6372492,0.986
2687,1000,9638556,0.972
2688,1000,12213796,0.872
2689,1000,9247967,0.955
2690,1000,8830432,0.958
2691,1000,7231301,0.969
2692,1000,8039946,0.971
2693,1000,5136456,1
2694,1000,11571311,0.954
2695,1000,6431371,0.995
2696,1000,8796387,0.983
2697,1000,4716658,0.999
2698,1000,4271741,0.999
2699,1000,8449764,0.953
2700,1000,9744076,0.972
2701,1000,10277606,0.968
2702,1000,6722570,0.999
2703,1000,13898275,0.736
2704,1000,18899932,0.853
2705,1000,4431877,1
2706,1000,11606573,0.925
2707,1000,12732470,0.87
2708,1000,13601147,0.86
2709,1000,8733642,0.949
2710,1000,8247657,0.977
2711,1000,9800227,0.942
2712,1000,12964698,0.923
2713,1000,6710881,0.988
2714,1000,7455060,0.988
2715,1000,10559015,0.958
2716,1000,11098345,0.937
2717,1000,7482929,0.994
2718,1000,11661415,0.874
2719,1000,8563379,0.97
2720,1000,8601749,0.977
2721,1000,12835112,0.822
2722,1000,10519129,0.952
2723,1000,3981679,0.998
2724,1000,9664996,0.983
2725,1000,10233222,0.953
2726,1000,8634085,0.974
2727,1000,8239891,0.976
2728,1000,6563635,0.987
2729,1000,10478694,0.946
2730,1000,13903830,0.811
2731,1000,8268155,0.984
2732,1000,7821393,0.986
2733,1000,7522260,0.986
2734,1000,7267658,0.988
2735,1000,9010427,0.993
2736,1000,6302864,0.996
2737,1000,5037460,0.995
2738,1000,6576723,0.979
2739,1000,6711365,0.995
2740,1000,9538568,0.978
2741,1000,12016082,0.894
2742,1000,11491098,0.93
2743,1000,9532640,0.974
2744,1000,8424391,0.988
2745,1000,7069029,0.989
2746,1000,7937376,0.982
2747,1000,7335069,0.942
2748,1000,10497232,0.977
2749,1000,4834631,0.997
2750,1000,8230054,0.966
2751,1000,11631705,0.919
2752,1000,4720684,0.999
2753,1000,10120015,0.956
2754,1000,11835362,0.892
2755,1000,4948917,0.999
2756,1000,9007325,0.977
2757,1000,12930841,0.828
2758,1000,5084071,0.996
2759,1000,9533985,0.86
2760,1000,6800228,0.994
2761,1000,9472112,0.985
2762,1000,5804614,0.99
2763,1000,6615280,0.99
2764,1000,13869343,0.838
2765,1000,6894255,0.857
2766,1000,7837868,0.993
2767,1000,6768627,0.997
2768,1000,9203201,0.969
2769,1000,6326626,0.999
2770,1000,5591221,0.998
2771,1000,9899870,0.963
2772,1000,4163353,0.996
2773,1000,7088564,0.997
2774,1000,11170112,0.907
2775,1000,7860335,0.971
2776,1000,8812350,0.989
2777,1000,13318654,0.807
2778,1000,12393508,0.818
2779,1000,11012814,0.946
2780,1000,13724329,0.798
2781,1000,5596236,0.991
2782,1000,11842221,0.978
2783,1000,10066497,0.975
2784,1000,8172167,0.987
2785,1000,11423785,0.949
2786,1000,13609951,0.825
2787,1000,11159548,0.922
2788,1000,5861180,0.995
2789,1000,8571271,0.988
2790,1000,7864829,0.963
2791,1000,8223993,0.988
2792,1000,10024835,0.98
2793,1000,11161076,0.943
2794,1000,11030759,0.915
2795,1000,6769643,0.992
2796,1000,13173465,0.64
2797,1000,9898635,0.967
2798,1000,9152053,0.94
2799,1000,7662908,0.981
2800,1000,9838459,0.978
2801,1000,13165443,0.851
2802,1000,9599285,0.981
2803,1000,7255309,0.992
2804,1000,5644127,0.996
2805,1000,8724053,0.991
2806,1000,7800658,0.972
2807,1000,4716923,1
2808,1000,9880362,0.948
2809,1000,5736493,1
2810,1000,10499811,0.933
2811,1000,5040772,1
2812,1000,11368055,0.941
2813,1000,9614123,0.978
2814,1000,7875086,0.999
2815,1000,4528577,0.997
2816,1000,11712036,0.94
2817,1000,7448962,0.993
2818,1000,12005045,0.909
2819,1000,9398586,0.927
2820,1000,6196497,0.993
2821,1000,9108461,0.931
2822,1000,6004678,0.996
2823,1000,8781588,0.968
2824,1000,4802083,0.998
2825,1000,13872384,0.724
2826,1000,11689402,0.923
2827,1000,11548696,0.954
2828,1000,6591134,0.995
2829,1000,8255263,0.982
2830,1000,18589240,0.815
2831,1000,6848783,0.996
2832,1000,8071774,0.983
2833,1000,10950717,0.971
2834,1000,7050814,0.993
2835,1000,12105688,0.913
2836,1000,9361588,0.974
2837,1000,10534391,0.935
2838,1000,9711203,0.861
2839,1000,8256074,0.992
2840,1000,9373123,0.975
2841,1000,10917695,0.937
2842,1000,12224749,0.828
2843,1000,7815998,0.993
2844,1000,11636530,0.896
2845,1000,8026884,0.989
2846,1000,8174071,0.974
2847,1000,6610757,0.992
2848,1000,6182187,0.987
2849,1000,11187991,0.869
2850,1000,10115857,0.969
2851,1000,5449275,0.992
2852,1000,8453490,0.99
2853,1000,8717177,0.98
2854,1000,12573686,0.846
2855,1000,10318973,0.947
2856,1000,10670268,0.944
2857,1000,4777794,0.999
2858,1000,11636591,0.971
2859,1000,5849813,0.999
2860,1000,8503578,0.995
2861,1000,10833255,0.938
2862,1000,7225721,0.997
2863,1000,10205247,0.912
2864,1000,3767963,0.995
2865,1000,6789048,0.965
2866,1000,9124191,0.949
2867,1000,7817983,0.979
2868,1000,10459136,0.923
2869,1000,11485988,0.95
2870,1000,11468436,0.885
2871,1000,4180019,0.999
2872,1000,7019727,0.97
2873,1000,12331713,0.733
2874,1000,10756878,0.976
2875,1000,13208225,0.742
2876,1000,4714584,0.999
2877,1000,6791610,0.996
2878,1000,6390697,0.984
2879,1000,8488946,0.989
2880,1000,11433570,0.889
2881,1000,13415672,0.886
2882,1000,5619806,0.999
2883,1000,8989466,0.959
2884,1000,5895275,1
2885,1000,6119167,0.99
2886,1000,8448689,0.977
2887,1000,15182193,0.688
2888,1000,12102036,0.989
2889,1000,6702985,0.907
2890,1000,6072765,0.994
2891,1000,10449449,0.938
2892,1000,3747275,1
2893,1000,6324361,0.919
2894,1000,10867942,0.967
2895,1000,14051808,0.848
2896,1000,7172658,0.954
2897,1000,10823839,0.941
2898,1000,6845332,0.969
2899,1000,10262654,0.973
2900,1000,6018047,0.992
2901,1000,11439042,0.749
2902,1000,7775673,0.995
2903,1000,6919794,0.985
2904,1000,11475211,0.902
2905,1000,15582334,0.579
2906,1000,8856803,0.985
2907,1000,12732616,0.885
2908,1000,5212696,0.999
2909,1000,10526235,0.95
2910,1000,12290963,0.873
2911,1000,11348654,0.842
2912,1000,14112255,0.75
2913,1000,9408146,0.947
2914,1000,9410485,0.994
2915,1000,7327808,0.959
2916,1000,13559703,0.992
2917,1000,9624629,0.926
2918,1000,10658040,0.911
2919,1000,8275741,0.995
2920,1000,12748504,0.92
2921,1000,8785433,0.911
2922,1000,8914866,0.988
2923,1000,8350474,0.95
2924,1000,7303722,0.989
2925,1000,6441219,0.992
2926,1000,12372003,0.862
2927,1000,5532268,0.994
2928,1000,9388285,0.962
2929,1000,10919735,0.963
2930,1000,4432502,0.992
2931,1000,12015125,0.883
2932,1000,11341457,0.96
2933,1000,7131674,0.993
2934,1000,8067504,0.99
2935,1000,11594150,0.937
2936,1000,6302318,0.946
2937,1000,8838021,0.99
2938,1000,6404871,0.996
2939,1000,8073943,0.988
2940,1000,11952404,0.961
2941,1000,5741213,0.995
2942,1000,6900535,0.973
2943,1000,8155366,0.974
2944,1000,9426671,0.921
2945,1000,8944291,0.965
2946,1000,13116712,0.979
2947,1000,11120634,0.949
2948,1000,8463682,0.962
2949,1000,7801693,0.978
2950,1000,10847540,0.852
2951,1000,7816773,0.94
2952,1000,12653285,0.82
2953,1000,12246432,0.842
2954,1000,9707689,0.966
2955,1000,9705157,0.932
2956,1000,6649829,0.991
2957,1000,7626165,0.989
2958,1000,6768987,0.998
2959,1000,12039817,0.857
2960,1000,8778866,0.981
2961,1000,8491608,0.921
2962,1000,8643071,0.983
2963,1000,8912743,0.975
2964,1000,8992967,0.978
2965,1000,8650214,0.868
2966,1000,8401521,0.965
2967,1000,5686589,0.997
2968,1000,8810165,0.96
2969,1000,12599875,0.898
2970,1000,12289472,0.94
2971,1000,5497141,0.999
2972,1000,12426879,0.784
2973,1000,7236280,0.994
2974,1000,18765188,0.906
2975,1000,4408383,0.998
2976,1000,14254139,0.541
2977,1000,4105589,1
2978,1000,7188900,0.99
2979,1000,12403211,0.948
2980,1000,9533023,0.976
2981,1000,9590324,0.928
2982,1000,4706034,0.994
2983,1000,5525757,0.996
2984,1000,13505650,0.757
2985,1000,11825996,0.923
2986,1000,6070645,0.992
2987,1000,6941805,0.978
2988,1000,8781879,0.984
2989,1000,11118719,0.869
2990,1000,11344441,0.907
2991,1000,11906642,0.926
2992,1000,6254462,0.998
2993,1000,6373837,0.989
2994,1000,7008286,0.995
2995,1000,8917930,0.984
2996,1000,11940485,0.912
2997,1000,9915753,0.975
2998,1000,11633398,0.912
2999,1000,10512494,0.893
3000,1000,10859744,0.928
3001,1000,6564429,0.995
3002,1000,15898655,0.91
3003,1000,8287058,0.997
3004,1000,13962818,0.865
3005,1000,12163578,0.923
3006,1000,8684198,0.991
3007,1000,13268866,0.912
3008,1000,5814356,0.993
3009,1000,8807504,0.992
3010,1000,7103443,0.998
3011,1000,7010815,0.981
3012,1000,9597851,0.993
3013,1000,7144527,0.985
3014,1000,5855656,0.996
3015,1000,16554304,0.687
3016,1000,12955928,0.966
3017,1000,13277316,0.758
3018,1000,8029910,0.987
3019,1000,5584657,1
3020,1000,13740893,0.721
3021,1000,11180477,0.847
3022,1000,9354978,0.968
3023,1000,9023730,0.966
3024,1000,13116839,0.858
3025,1000,7287700,0.904
3026,1000,11286496,0.97
3027,1000,7356328,0.989
3028,1000,9652039,0.941
3029,1000,13693541,0.975
3030,1000,6875145,0.997
3031,1000,8543897,0.988
3032,1000,9997949,0.964
3033,1000,8520884,0.969
3034,1000,8276605,0.995
3035,1000,12935569,0.898
3036,1000,9320911,0.953
3037,1000,5636959,0.996
3038,1000,14928806,0.875
3039,1000,5967979,0.997
3040,1000,11606624,0.95
3041,1000,9832104,0.968
3042,1000,8123011,0.978
3043,1000,8035946,0.978
3044,1000,10351531,0.966
3045,1000,12319251,0.908
3046,1000,9807710,0.99
3047,1000,13199547,0.827
3048,1000,12436176,0.823
3049,1000,6433597,0.996
3050,1000,10734621,0.935
3051,1000,10472116,0.946
3052,1000,7122718,0.992
3053,1000,7143555,0.983
3054,1000,8192584,0.996
3055,1000,11068215,0.973
3056,1000,5311570,0.998
3057,1000,11578235,0.996
3058,1000,9610161,0.975
3059,1000,8190394,0.988
3060,1000,9804484,0.99
3061,1000,6014653,0.998
3062,1000,13107722,0.963
3063,1000,10163246,0.964
3064,1000,8384857,0.98
3065,1000,12097269,0.857
3066,1000,10376962,0.987
3067,1000,12113284,0.981
3068,1000,7144515,0.999
3069,1000,6379780,0.991
3070,1000,9115970,0.979
3071,1000,7937069,0.991
3072,1000,19557189,0.789
3073,1000,12519585,0.903
3074,1000,5962139,0.995
3075,1000,9865820,0.954
3076,1000,10315881,0.963
3077,1000,5904380,0.988
3078,1000,14801896,0.834
3079,1000,10198701,0.981
3080,1000,7872565,0.993
3081,1000,11924341,0.94
3082,1000,9979256,0.991
3083,1000,10796125,0.972
3084,1000,6019838,0.992
3085,1000,15550692,0.803
3086,1000,15154415,0.968
3087,1000,9476191,0.978
3088,1000,7301999,1
3089,1000,9199039,0.945
3090,1000,7086366,0.996
3091,1000,9118020,0.984
3092,1000,9220592,0.976
3093,1000,9131418,0.944
3094,1000,8499367,0.937
3095,1000,5003455,0.995
3096,1000,8136117,0.991
3097,1000,11122115,0.964
3098,1000,9670543,0.71
3099,1000,8061096,0.982
3100,1000,10979170,0.961
3101,1000,4929521,0.998
3102,1000,9351135,0.985
3103,1000,5276920,0.999
3104,1000,11342639,0.94
3105,1000,5845107,0.993
3106,1000,8302498,0.987
3107,1000,12031501,0.936
3108,1000,6804320,0.997
3109,1000,9776761,0.993
3110,1000,10971138,0.971
3111,1000,11629260,0.861
3112,1000,11763809,0.905
3113,1000,8002407,0.99
3114,1000,9039006,0.979
3115,1000,10044810,0.938
3116,1000,5447558,1
3117,1000,9493669,0.971
3118,1000,9575650,0.978
3119,1000,7091102,0.985
3120,1000,6677783,0.999
3121,1000,5650361,0.999
3122,1000,10879152,0.935
3123,1000,9543200,0.956
3124,1000,8335051,0.985
3125,1000,13141801,0.826
3126,1000,10908699,0.978
3127,1000,4303671,0.991
3128,1000,6371269,1
3129,1000,11695579,0.971
3130,1000,5934045,0.996
3131,1000,8406356,0.989
3132,1000,9024334,0.953
3133,1000,5630062,0.999
3134,1000,10896675,0.934
3135,1000,9039778,0.987
3136,1000,7616494,0.987
3137,1000,8469402,0.957
3138,1000,14547389,0.674
3139,1000,7779707,0.982
3140,1000,6619600,0.998
3141,1000,13157886,0.874
3142,1000,7964662,0.995
3143,1000,11401061,0.918
3144,1000,8520586,0.973
3145,1000,8357075,0.957
3146,1000,11873253,0.928
3147,1000,13269074,0.809
3148,1000,9372261,0.972
3149,1000,13372436,0.922
3150,1000,6970712,0.983
3151,1000,9431659,0.953
3152,1000,10024965,0.965
3153,1000,9120797,0.993
3154,1000,10613520,0.964
3155,1000,8639088,0.965
3156,1000,10505379,0.961
3157,1000,9900999,0.95
3158,1000,10998602,0.972
3159,1000,11582540,0.864
3160,1000,11896398,0.89
3161,1000,12289954,0.782
3162,1000,11746362,0.924
3163,1000,6199603,1
3164,1000,13323962,0.738
3165,1000,6082318,0.997
3166,1000,10006972,0.962
3167,1000,8716030,0.988
3168,1000,6760245,0.983
3169,1000,6990545,0.991
3170,1000,11972372,0.926
3171,1000,8021740,0.99
3172,1000,12230201,0.913
3173,1000,8745394,0.987
3174,1000,11015102,0.933
3175,1000,10049956,0.966
3176,1000,8312769,0.971
3177,1000,7220513,0.947
3178,1000,5736984,0.996
3179,1000,6550921,0.99
3180,1000,10397267,0.921
3181,1000,11827623,0.949
3182,1000,7818975,0.991
3183,1000,8755109,0.957
3184,1000,9276255,0.963
3185,1000,9616649,0.944
3186,1000,12444322,0.887
3187,1000,8076912,0.987
3188,1000,9562783,0.976
3189,1000,6426584,0.994
3190,1000,8086958,0.994
3191,1000,9993437,0.968
3192,1000,6906930,0.991
3193,1000,10413195,0.978
3194,1000,6787695,0.99
3195,1000,4592369,0.999
3196,1000,13132825,0.878
3197,1000,11601739,0.969
3198,1000,10562904,0.932
3199,1000,12349212,0.845
3200,1000,11367820,0.933
3201,1000,7693274,0.991
3202,1000,6476291,0.998
3203,1000,7732374,0.974
3204,1000,12415591,0.922
3205,1000,14742253,0.855
3206,1000,10020833,0.971
3207,1000,7050715,0.999
3208,1000,7771106,0.961
3209,1000,5490405,0.999
3210,1000,6412053,0.995
3211,1000,7603620,0.995
3212,1000,10517682,0.938
3213,1000,11492663,0.947
3214,1000,11810454,0.91
3215,1000,7399647,0.972
3216,1000,7276669,0.988
3217,1000,12748309,0.857
3218,1000,6738530,0.996
3219,1000,7715363,0.974
3220,1000,11150877,0.958
3221,1000,10699668,0.947
3222,1000,9907617,0.906
3223,1000,7290496,0.999
3224,1000,7086307,0.999
3225,1000,8879435,0.99
3226,1000,7609200,0.972
3227,1000,11904773,0.983
3228,1000,5423296,0.998
3229,1000,5762642,0.997
3230,1000,12413088,0.786
3231,1000,6854308,0.994
3232,1000,13295049,0.892
3233,1000,10082415,0.971
3234,1000,6026323,0.99
3235,1000,11228641,0.894
3236,1000,10996623,0.969
3237,1000,11306485,0.973
3238,1000,8349926,0.982
3239,1000,10506422,0.89
3240,1000,11144449,0.954
3241,1000,5431238,0.953
3242,1000,12414551,0.953
3243,1000,6620991,0.995
3244,1000,10635650,0.953
3245,1000,12191966,0.972
3246,1000,10309923,0.971
3247,1000,11079140,0.944
3248,1000,7310075,0.989
3249,1000,10149705,0.973
3250,1000,7628199,0.998
3251,1000,7954716,0.977
3252,1000,9747631,0.883
3253,1000,12167860,0.93
3254,1000,10556898,0.934
3255,1000,9235930,0.969
3256,1000,9589372,0.962
3257,1000,9084638,0.994
3258,1000,6255694,0.988
3259,1000,12902851,0.821
3260,1000,10001872,0.911
3261,1000,7867560,0.997
3262,1000,10663570,0.944
3263,1000,11072572,0.902
3264,1000,11421705,0.957
3265,1000,5288250,0.996
3266,1000,12726961,0.86
3267,1000,7847519,0.949
3268,1000,9932481,0.982
3269,1000,9062440,0.958
3270,1000,3586876,1
3271,1000,8526731,0.975
3272,1000,10170683,0.964
3273,1000,6681734,0.999
3274,1000,9332927,0.972
3275,1000,7103898,0.983
3276,1000,11911456,0.942
3277,1000,7454114,0.98
3278,1000,12672140,0.922
3279,1000,4848505,0.999
3280,1000,12627396,0.916
3281,1000,13151568,0.875
3282,1000,7554841,0.997
3283,1000,11859622,0.858
3284,1000,7893766,0.961
3285,1000,8600097,0.975
3286,1000,11608083,0.921
3287,1000,5271945,0.998
3288,1000,8332329,0.997
3289,1000,13206670,0.798
3290,1000,9987602,0.974
3291,1000,5620886,0.99
3292,1000,9269300,0.935
3293,1000,7845535,0.976
3294,1000,7078084,0.985
3295,1000,9669457,0.987
3296,1000,7189911,0.996
3297,1000,13114982,0.823
3298,1000,9315266,0.986
3299,1000,8384207,0.994
3300,1000,9102810,0.973
3301,1000,6793138,0.994
3302,1000,5930527,0.996
3303,1000,12088859,0.854
3304,1000,11017445,0.954
3305,1000,6824064,0.993
3306,1000,9888349,0.981
3307,1000,13081738,0.774
3308,1000,13122516,0.898
3309,1000,6271613,1
3310,1000,4666090,0.999
3311,1000,9315051,0.975
3312,1000,14935691,0.772
3313,1000,9953081,0.955
3314,1000,10906118,0.944
3315,1000,11567210,0.964
3316,1000,9130852,0.93
3317,1000,8446735,0.991
3318,1000,8333504,0.977
3319,1000,12041272,0.944
3320,1000,9445985,0.98
3321,1000,8833810,0.985
3322,1000,13677326,0.769
3323,1000,11558559,0.893
3324,1000,6512958,0.997
3325,1000,10204640,0.988
3326,1000,10494472,0.964
3327,1000,8311309,0.992
3328,1000,10554798,0.928
3329,1000,9600846,0.988
3330,1000,8761644,0.987
3331,1000,11117889,0.969
3332,1000,6606081,0.999
3333,1000,15241215,0.698
3334,1000,8584758,0.983
3335,1000,7976562,0.985
3336,1000,9230420,0.988
3337,1000,10824751,0.904
3338,1000,15130151,0.636
3339,1000,8884272,0.961
3340,1000,9563298,0.959
3341,1000,12166551,0.903
3342,1000,6302794,0.991
3343,1000,5355504,0.996
3344,1000,8963414,0.955
3345,1000,10309586,0.918
3346,1000,6475675,0.991
3347,1000,5786703,0.996
3348,1000,7803988,0.982
3349,1000,10712514,0.975
3350,1000,10482168,0.954
3351,1000,8026106,0.982
3352,1000,10815549,0.939
3353,1000,11180336,0.843
3354,1000,9995884,0.966
3355,1000,6830421,0.994
3356,1000,7825557,0.989
3357,1000,10935817,0.96
3358,1000,10352907,0.97
3359,1000,6244211,0.996
3360,1000,13209346,0.891
3361,1000,12028562,0.892
3362,1000,5960635,0.996
3363,1000,4355713,0.998
3364,1000,9056332,0.987
3365,1000,11437459,0.964
3366,1000,11573724,0.902
3367,1000,12247912,0.942
3368,1000,7875920,0.992
3369,1000,12435445,0.826
3370,1000,7083790,0.99
3371,1000,7321255,0.989
3372,1000,10087452,0.947
3373,1000,9864471,0.967
3374,1000,13507110,0.855
3375,1000,9145642,0.973
3376,1000,8044036,0.994
3377,1000,9907248,0.938
3378,1000,8997641,0.996
3379,1000,9627899,0.976
3380,1000,5873173,1
3381,1000,6845529,0.987
3382,1000,6565992,0.994
3383,1000,11372428,0.975
3384,1000,5778536,0.998
3385,1000,6570032,0.999
3386,1000,5932133,0.992
3387,1000,8336958,0.981
3388,1000,9380684,0.964
3389,1000,10928750,0.989
3390,1000,12591627,0.757
3391,1000,9105408,0.974
3392,1000,13279479,0.693
3393,1000,10992419,0.949
3394,1000,9388669,0.974
3395,1000,14725683,0.868
3396,1000,8330433,0.984
3397,1000,9862221,0.919
3398,1000,10024456,0.981
3399,1000,10880228,0.83
3400,1000,4239118,1
3401,1000,9591002,0.971
3402,1000,7028286,0.998
3403,1000,8283216,0.994
3404,1000,10377621,0.969
3405,1000,8447509,0.982
3406,1000,4826335,0.998
3407,1000,6074923,0.999
3408,1000,6255066,0.995
3409,1000,6351541,0.976
3410,1000,9966601,0.953
3411,1000,7511200,0.997
3412,1000,8474256,0.988
3413,1000,7650358,0.996
3414,1000,9070834,0.956
3415,1000,12724147,0.911
3416,1000,9602946,0.936
3417,1000,6903210,0.998
3418,1000,9593108,0.981
3419,1000,11137505,0.946
3420,1000,8170453,0.95
3421,1000,11887019,0.869
3422,1000,11962866,0.824
3423,1000,6251387,0.997
3424,1000,6788475,0.995
3425,1000,7695787,0.992
3426,1000,7165299,0.994
3427,1000,9769104,0.872
3428,1000,13821249,0.902
3429,1000,11337436,0.951
3430,1000,3929804,0.986
3431,1000,9940053,0.957
3432,1000,6962445,0.979
3433,1000,7935061,0.975
3434,1000,12766156,0.915
3435,1000,5573733,0.99
3436,1000,11299575,0.947
3437,1000,12386208,0.808
3438,1000,5323034,0.998
3439,1000,10664623,0.965
3440,1000,9507054,0.947
3441,1000,13645012,0.879
3442,1000,9323925,0.966
3443,1000,13183173,0.833
3444,1000,7995424,0.98
3445,1000,5593393,0.991
3446,1000,9235733,0.972
3447,1000,7230110,0.984
3448,1000,7045230,0.993
3449,1000,9438771,0.978
3450,1000,12118226,0.808
3451,1000,9295760,0.984
3452,1000,8658163,0.979
3453,1000,9857240,0.963
3454,1000,10759209,0.984
3455,1000,6466162,0.991
3456,1000,8464863,0.977
3457,1000,5600039,0.997
3458,1000,9360317,0.97
3459,1000,12050228,0.88
3460,1000,12094827,0.903
3461,1000,6858171,0.997
3462,1000,7914656,0.989
3463,1000,11149368,0.933
3464,1000,9833384,0.874
3465,1000,6008355,0.992
3466,1000,10892163,0.95
3467,1000,11070830,0.949
3468,1000,6903032,0.993
3469,1000,9468129,0.986
3470,1000,5238730,0.999
3471,1000,11267892,0.962
3472,1000,9573009,0.956
3473,1000,12733057,0.887
3474,1000,9999301,0.959
3475,1000,3342848,1
3476,1000,11092656,0.979
3477,1000,10133667,0.981
3478,1000,6397339,0.997
3479,1000,9043166,0.995
3480,1000,4731401,0.993
3481,1000,4410639,0.996
3482,1000,10788068,0.967
3483,1000,10239084,0.956
3484,1000,8196575,0.956
3485,1000,7395031,0.974
3486,1000,7606430,0.992
3487,1000,8340509,0.92
3488,1000,7374482,0.977
3489,1000,7070495,0.976
3490,1000,9126764,0.985
3491,1000,8795169,0.957
3492,1000,7099716,0.987
3493,1000,13542102,0.92
3494,1000,8284905,0.993
3495,1000,9906743,0.902
3496,1000,12655695,0.691
3497,1000,8153741,0.979
3498,1000,11507301,0.883
3499,1000,7340802,0.98
3500,1000,9717644,0.969
3501,1000,9061029,0.971
3502,1000,12722401,0.846
3503,1000,11067011,0.932
3504,1000,11458894,0.967
3505,1000,9094138,0.976
3506,1000,11164019,0.926
3507,1000,6098692,0.99
3508,1000,6754410,0.997
3509,1000,8565176,0.995
3510,1000,8297255,0.998
3511,1000,18303266,0.916
3512,1000,14071305,0.978
3513,1000,17291248,0.923
3514,1000,9873026,0.989
3515,1000,15852893,0.933
3516,1000,17702782,0.9
3517,1000,5552914,0.997
3518,1000,7350512,0.995
3519,1000,21346669,0.784
3520,1000,8389588,1
3521,1000,13675437,0.99
3522,1000,12192216,0.95
3523,1000,10102784,0.981
3524,1000,7838526,0.989
3525,1000,13874097,0.953
3526,1000,16118523,0.802
3527,1000,15199462,0.959
3528,1000,14908678,0.958
3529,1000,7664323,0.997
3530,1000,12557067,0.957
3531,1000,16723603,0.984
3532,1000,9167092,0.983
3533,1000,16824035,0.893
3534,1000,10829698,0.996
3535,1000,10876486,0.992
3536,1000,15169331,0.959
3537,1000,11951522,0.981
3538,1000,10473312,0.997
3539,1000,16853579,0.935
3540,1000,15794285,0.927
3541,1000,11595101,0.986
3542,1000,7544508,0.988
3543,1000,16710759,0.962
3544,1000,12399032,0.982
3545,1000,15679500,0.936
3546,1000,16878650,0.913
3547,1000,9554610,0.991
3548,1000,9309241,0.996
3549,1000,14441523,0.959
3550,1000,8254113,0.998
3551,1000,15173746,0.952
3552,1000,7785822,0.996
3553,1000,12399379,0.949
3554,1000,19392968,0.961
3555,1000,8254348,0.997
3556,1000,11570434,0.999
3557,1000,23761432,0.856
3558,1000,20380462,0.917
3559,1000,13357844,0.977
3560,1000,17494227,0.943
3561,1000,10904987,0.996
3562,1000,17463267,0.955
3563,1000,11505328,0.993
3564,1000,11680141,0.996
3565,1000,14535403,0.975
3566,1000,16737622,0.97
3567,1000,18865066,0.861
3568,1000,20977224,0.898
3569,1000,19680772,0.965
3570,1000,10971285,0.995
3571,1000,8474881,0.996
3572,1000,14477881,0.988
3573,1000,21051553,0.962
3574,1000,13979701,0.992
3575,1000,18972228,0.866
3576,1000,11483056,0.996
3577,1000,21525657,0.922
3578,1000,14374035,0.993
3579,1000,14473377,0.992
3580,1000,12645392,0.989
3581,1000,12929950,0.981
3582,1000,18872671,0.948
3583,1000,23966659,0.955
3584,1000,19956750,0.943
3585,1000,13562030,0.985
3586,1000,17816725,0.981
3587,1000,13345108,0.978
3588,1000,17327302,0.992
3589,1000,17634671,0.932
3590,1000,21117560,0.883
3591,1000,14196500,0.979
3592,1000,22345203,0.976
3593,1000,25489962,0.89
3594,1000,17433910,0.981
3595,1000,18044439,0.959
3596,1000,11479399,0.993
3597,1000,17582489,0.975
3598,1000,23711012,0.957
3599,1000,11677061,1
3600,1000,19420733,0.981
3601,1000,12353571,0.997
3602,1000,18962579,0.969
3603,1000,20801362,0.938
3604,1000,23867962,0.938
3605,1000,19196371,0.982
3606,1000,15710630,0.974
3607,1000,29755003,0.74
3608,1000,14892025,0.993
3609,1000,18705437,0.978
3610,1000,29135470,0.751
3611,1000,21114994,0.973
3612,1000,16105596,0.989
3613,1000,18664814,0.978
3614,1000,21941499,0.989
3615,1000,21809660,0.938
3616,1000,31338995,0.819
3617,1000,14220211,0.998
3618,1000,11707195,0.999
3619,1000,15325562,0.992
3620,1000,16797796,0.987
3621,1000,18060082,0.978
3622,1000,17363574,0.998
3623,1000,16793276,0.993
3624,1000,23654570,0.968
3625,1000,20417615,0.987
3626,1000,16457461,0.991
3627,1000,13116258,0.998
3628,1000,19901646,0.964
3629,1000,21143889,0.944
3630,1000,18127306,0.973
3631,1000,13103550,0.987
3632,1000,27235650,0.939
3633,1000,21297224,0.968
3634,1000,27151620,0.934
3635,1000,29003614,0.882
3636,1000,21037384,0.956
3637,1000,31840246,0.861
3638,1000,31844763,0.9
3639,1000,22091960,0.975
3640,1000,15722566,0.987
3641,1000,12869354,0.979
3642,1000,16617746,0.901
3643,1000,23277831,0.874
3644,1000,6192482,1
3645,1000,13013373,0.984
3646,1000,10749556,0.993
3647,1000,15298821,0.982
3648,1000,15878232,0.996
3649,1000,22155822,0.877
3650,1000,17625438,0.941
3651,1000,14252021,0.981
3652,1000,13427682,0.991
3653,1000,20607448,0.955
3654,1000,10594485,0.997
3655,1000,13896479,0.992
3656,1000,14316841,0.938
3657,1000,13829525,0.992
3658,1000,11056473,0.993
3659,1000,15462571,0.989
3660,1000,16565056,0.961
3661,1000,15146841,0.97
3662,1000,9006398,0.995
3663,1000,8248503,0.997
3664,1000,23838895,0.923
3665,1000,21382758,0.869
3666,1000,15677742,0.986
3667,1000,22302848,0.892
3668,1000,12649247,0.987
3669,1000,17842189,0.971
3670,1000,11302942,0.989
3671,1000,10685041,0.994
3672,1000,11244972,0.998
3673,1000,13720009,0.994
3674,1000,12771774,0.995
3675,1000,23836589,0.835
3676,1000,19952257,0.814
3677,1000,20614073,0.908
3678,1000,11651759,0.997
3679,1000,16194404,0.938
3680,1000,11821311,0.994
3681,1000,20148830,0.904
3682,1000,28590663,0.777
3683,1000,19493670,0.895
3684,1000,7838123,0.997
3685,1000,10937826,0.98
3686,1000,15349037,0.988
3687,1000,18388172,0.912
3688,1000,14796850,0.986
3689,1000,17273443,0.954
3690,1000,12364727,0.983
3691,1000,15850956,0.998
3692,1000,25928846,0.734
3693,1000,16979420,0.98
3694,1000,21652129,0.894
3695,1000,12806939,0.992
3696,1000,16997501,0.954
3697,1000,19899577,0.95
3698,1000,16102517,0.98
3699,1000,18703456,0.986
3700,1000,8961741,0.997
3701,1000,13820263,0.991
3702,1000,10599386,0.992
3703,1000,22797760,0.913
3704,1000,18213018,0.909
3705,1000,17780426,0.913
3706,1000,15170106,0.982
3707,1000,15559605,0.991
3708,1000,11124158,0.998
3709,1000,23354594,0.953
3710,1000,15887360,0.953
3711,1000,12970067,0.999
3712,1000,15607185,0.974
3713,1000,20403322,0.924
3714,1000,15456895,0.993
3715,1000,7518552,0.993
3716,1000,22171480,0.838
3717,1000,22284441,0.792
3718,1000,19622340,0.936
3719,1000,18893996,0.972
3720,1000,20649380,0.968
3721,1000,22518940,0.807
3722,1000,20396576,0.94
3723,1000,16108949,0.973
3724,1000,11997224,0.989
3725,1000,15293950,0.986
3726,1000,8945285,0.993
3727,1000,22270765,0.93
3728,1000,15295967,0.979
3729,1000,17094834,0.935
3730,1000,22194045,0.901
3731,1000,16049579,0.967
3732,1000,15706354,0.979
3733,1000,21687576,0.944
3734,1000,12558188,0.997
3735,1000,12476620,1
3736,1000,21575578,0.954
3737,1000,15129555,0.971
3738,1000,19092492,0.953
3739,1000,21933721,0.89
3740,1000,22349568,0.874
3741,1000,19974320,0.948
3742,1000,24352641,0.85
3743,1000,13921624,0.99
3744,1000,22120297,0.917
3745,1000,24870278,0.887
3746,1000,23156997,0.905
3747,1000,19169463,0.781
3748,1000,16696728,0.976
3749,1000,19979027,0.933
3750,1000,12882791,0.993
3751,1000,16707656,0.862
3752,1000,18736521,0.956
3753,1000,14923251,0.984
3754,1000,22883015,0.913
3755,1000,22621911,0.922
3756,1000,11461306,0.997
3757,1000,18998265,0.96
3758,1000,21525884,0.988
3759,1000,22016524,0.898
3760,1000,14653931,0.983
3761,1000,25527013,0.813
3762,1000,27188732,0.732
3763,1000,15709342,0.989
3764,1000,26340637,0.649
3765,1000,13111474,0.989
3766,1000,16535233,0.993
3767,1000,12937668,0.996
3768,1000,24661946,0.846
3769,1000,19843398,0.956
3770,1000,12691871,0.986
3771,1000,15122235,0.994
3772,1000,15666626,0.985
3773,1000,9761052,0.999
3774,1000,23436287,0.924
3775,1000,20639035,0.887
3776,1000,10762396,0.971
3777,1000,15956892,0.96
3778,1000,21989220,0.89
3779,1000,26534753,0.718
3780,1000,14215400,0.927
3781,1000,21369495,0.985
3782,1000,19522978,0.948
3783,1000,14510027,0.992
3784,1000,22465963,0.79
3785,1000,13942883,0.984
3786,1000,13261893,0.993
3787,1000,15540892,0.984
3788,1000,19659914,0.928
3789,1000,20466201,0.96
3790,1000,24273255,0.844
3791,1000,13522654,0.996
3792,1000,15620336,0.971
3793,1000,15147880,0.957
3794,1000,10621726,0.99
3795,1000,20707017,0.92
3796,1000,12091852,0.993
3797,1000,15287773,0.981
3798,1000,17048399,0.947
3799,1000,20209579,0.955
3800,1000,15058547,0.988
3801,1000,14241308,0.986
3802,1000,12935194,0.995
3803,1000,22980956,0.842
3804,1000,18709857,0.912
3805,1000,14815666,0.987
3806,1000,13406697,0.998
3807,1000,22690664,0.963
3808,1000,17079884,0.997
3809,1000,22958142,0.939
3810,1000,21745795,0.969
3811,1000,19064671,0.98
3812,1000,12316174,0.983
3813,1000,14558173,0.988
3814,1000,22572467,0.898
3815,1000,11317054,0.997
3816,1000,20384897,0.98
3817,1000,23764469,0.952
3818,1000,11034223,0.997
3819,1000,10203298,0.995
3820,1000,14188610,0.993
3821,1000,15655363,0.988
3822,1000,20035192,0.973
3823,1000,15503883,0.971
3824,1000,12348659,0.997
3825,1000,21492982,0.938
3826,1000,15731591,0.951
3827,1000,15765262,0.984
3828,1000,23589824,0.865
3829,1000,16601181,0.964
3830,1000,20990742,0.935
3831,1000,15917669,0.976
3832,1000,17100346,0.974
3833,1000,18339220,0.981
3834,1000,19092147,0.972
3835,1000,14254231,0.953
3836,1000,21227561,0.828
3837,1000,20442625,0.958
3838,1000,24638187,0.872
3839,1000,18670548,0.936
3840,1000,24362891,0.912
3841,1000,13485102,0.991
3842,1000,19952901,0.966
3843,1000,13048207,0.998
3844,1000,18062611,0.981
3845,1000,16949413,0.974
3846,1000,12862978,0.996
3847,1000,15381378,0.993
3848,1000,24447095,0.76
3849,1000,29695236,0.807
3850,1000,17689943,0.967
3851,1000,21307198,0.969
3852,1000,18044628,0.98
3853,1000,12626292,0.981
3854,1000,24276769,0.895
3855,1000,18086456,0.979
3856,1000,14600226,0.961
3857,1000,23588181,0.946
3858,1000,11517108,0.969
3859,1000,17480359,0.985
3860,1000,13540872,0.995
3861,1000,21820969,0.956
3862,1000,19834276,0.916
3863,1000,12916607,0.999
3864,1000,22049282,0.934
3865,1000,20834609,0.945
3866,1000,13064954,0.992
3867,1000,20924482,0.957
3868,1000,22475299,0.881
3869,1000,24883187,0.896
3870,1000,12468273,0.994
3871,1000,25188627,0.742
3872,1000,21571509,0.831
3873,1000,23641576,0.904
3874,1000,25639512,0.93
3875,1000,11505811,0.994
3876,1000,18068225,0.961
3877,1000,24913652,0.782
3878,1000,13023325,0.998
3879,1000,31368618,0.741
3880,1000,26560195,0.91
3881,1000,17149652,0.981
3882,1000,13143286,0.996
3883,1000,23083945,0.894
3884,1000,19946739,0.991
3885,1000,15964571,0.951
3886,1000,12074313,0.992
3887,1000,17723038,0.96
3888,1000,25610376,0.78
3889,1000,26228930,0.808
3890,1000,16639342,0.992
3891,1000,22601214,0.896
3892,1000,20945493,0.978
3893,1000,11057883,0.996
3894,1000,11881851,0.99
3895,1000,20516522,0.978
3896,1000,18308126,0.976
3897,1000,17760195,0.993
3898,1000,16286778,0.985
3899,1000,22070465,0.939
3900,1000,13728229,0.995
3901,1000,19433977,0.974
3902,1000,17413925,0.98
3903,1000,11697169,1
3904,1000,22209759,0.976
3905,1000,26293089,0.903
3906,1000,10876554,0.998
3907,1000,12625429,0.997
3908,1000,22568568,0.811
3909,1000,23273614,0.963
3910,1000,13429556,0.999
3911,1000,11074428,0.998
3912,1000,20464206,0.993
3913,1000,15655831,0.996
3914,1000,19454279,0.966
3915,1000,16721897,0.986
3916,1000,12399534,0.997
3917,1000,21085112,0.947
3918,1000,16457171,0.988
3919,1000,15174652,0.967
3920,1000,12614304,1
3921,1000,24188912,0.91
3922,1000,22977354,0.943
3923,1000,13535607,0.996
3924,1000,24511281,0.903
3925,1000,20479142,0.948
3926,1000,19323942,0.935
3927,1000,15082663,0.979
3928,1000,29863566,0.818
3929,1000,21989077,0.962
3930,1000,22117368,0.973
3931,1000,22665396,0.952
3932,1000,14792259,0.954
3933,1000,21527852,0.98
3934,1000,18120416,0.945
3935,1000,20575041,0.95
3936,1000,18774140,0.979
3937,1000,14326456,0.992
3938,1000,23444182,0.937
3939,1000,17729446,0.988
3940,1000,15595418,0.962
3941,1000,12772671,0.996
3942,1000,15547852,0.99
3943,1000,23934957,0.919
3944,1000,23222584,0.947
3945,1000,20897097,0.97
3946,1000,20562173,0.929
3947,1000,20545746,0.946
3948,1000,15806780,0.986
3949,1000,21879890,0.952
3950,1000,19252110,0.979
3951,1000,22352540,0.957
3952,1000,7924345,0.999
3953,1000,10502439,0.996
3954,1000,16029136,0.993
3955,1000,20610641,0.949
3956,1000,28668253,0.787
3957,1000,19027651,0.986
3958,1000,22157685,0.961
3959,1000,25837820,0.96
3960,1000,24237482,0.82
3961,1000,20855138,0.95
3962,1000,22979120,0.958
3963,1000,23707096,0.828
3964,1000,19628794,0.989
3965,1000,8168239,0.999
3966,1000,25396073,0.982
3967,1000,16191187,0.95
3968,1000,19346420,0.993
3969,1000,13898350,0.989
3970,1000,12807042,0.995
3971,1000,23426197,0.954
3972,1000,11592738,0.999
3973,1000,17869692,0.984
3974,1000,9601804,0.999
3975,1000,28352167,0.831
3976,1000,21547369,0.949
3977,1000,17760145,0.963
3978,1000,24406404,0.914
3979,1000,15850757,0.912
3980,1000,22105635,0.871
3981,1000,13241340,0.988
3982,1000,20332988,0.955
3983,1000,18925836,0.938
3984,1000,18711692,0.985
3985,1000,21438422,0.967
3986,1000,25666509,0.86
3987,1000,18202455,0.984
3988,1000,16983268,0.982
3989,1000,25067244,0.955
3990,1000,18713193,0.956
3991,1000,21625484,0.966
3992,1000,17932672,0.969
3993,1000,18527775,0.987
3994,1000,22179918,0.95
3995,1000,14656238,0.995
3996,1000,15873854,0.95
3997,1000,18617627,0.937
3998,1000,12614404,0.989
3999,1000,18628712,0.976
4000,1000,11860657,0.997
4001,1000,14683632,0.996
4002,1000,12711063,0.998
4003,1000,24850730,0.922
4004,1000,22662919,0.911
4005,1000,14196519,0.996
4006,1000,17014022,0.996
4007,1000,17807665,0.995
4008,1000,15241515,0.992
4009,1000,16099080,0.991
4010,1000,14697398,0.997
4011,1000,22443654,0.914
4012,1000,17922605,0.992
4013,1000,26785035,0.712
4014,1000,21924348,0.964
4015,1000,11776831,1
4016,1000,17507966,0.979
4017,1000,17514434,0.951
4018,1000,20857168,0.942
4019,1000,17333666,0.956
4020,1000,19817705,0.921
4021,1000,13570646,0.986
4022,1000,23267520,0.977
4023,1000,26723241,0.835
4024,1000,14966215,0.973
4025,1000,15884770,0.973
4026,1000,27760768,0.894
4027,1000,23899495,0.841
4028,1000,20389092,0.978
4029,1000,30400090,0.871
4030,1000,23095167,0.927
4031,1000,23096595,0.916
4032,1000,24621697,0.909
4033,1000,12514769,0.998
4034,1000,19974490,0.974
4035,1000,18854197,0.966
4036,1000,22183141,0.978
4037,1000,12442139,0.998
4038,1000,23882109,0.932
4039,1000,13655671,0.989
4040,1000,28011743,0.785
4041,1000,24266746,0.955
4042,1000,20289505,0.979
4043,1000,19097727,0.998
4044,1000,29055014,0.808
4045,1000,27614223,0.884
4046,1000,18628812,0.967
4047,1000,28131638,0.83
4048,1000,14051287,0.986
4049,1000,27341620,0.952
4050,1000,15749876,0.993
4051,1000,16151997,0.985
4052,1000,22332024,0.983
4053,1000,12158161,0.999
4054,1000,11249097,0.995
4055,1000,17160012,0.983
4056,1000,21445208,0.957
4057,1000,16288505,1
4058,1000,23696814,0.979
4059,1000,20755683,0.931
4060,1000,23906484,0.921
4061,1000,24269724,0.882
4062,1000,11591753,0.998
4063,1000,14325053,0.998
4064,1000,17893926,0.941
4065,1000,21276107,0.971
4066,1000,20793542,0.921
4067,1000,23154051,0.968
4068,1000,19192288,0.943
4069,1000,16257029,0.994
4070,1000,14710406,0.982
4071,1000,27991344,0.89
4072,1000,14563904,0.989
4073,1000,17411913,0.988
4074,1000,15483773,0.989
4075,1000,33036256,0.757
4076,1000,18414580,0.993
4077,1000,16400145,0.986
4078,1000,21260042,0.96
4079,1000,22524224,0.942
4080,1000,19145778,0.979
4081,1000,21408059,0.919
4082,1000,22971279,0.963
4083,1000,20829907,0.973
4084,1000,23437120,0.927
4085,1000,14708087,0.975
4086,1000,24692115,0.917
4087,1000,20356087,0.972
4088,1000,18901671,0.987
4089,1000,17954081,0.995
4090,1000,29912854,0.739
4091,1000,30581631,0.769
4092,1000,18569456,0.985
4093,1000,25721530,0.865
4094,1000,27827994,0.925
4095,1000,19685174,0.969
4096,1000,27982897,0.819
4097,1000,21289970,0.957
4098,1000,23161808,0.921
4099,1000,11983154,1
4100,1000,16634061,0.979
4101,1000,26816289,0.935
4102,1000,19212554,0.98
4103,1000,26198668,0.887
4104,1000,19311104,0.952
4105,1000,18810525,0.977
4106,1000,14753395,0.985
4107,1000,20063681,0.98
4108,1000,18321160,0.996
4109,1000,22254463,0.988
4110,1000,19562364,0.984
4111,1000,29862064,0.788
4112,1000,10599854,1
4113,1000,26612189,0.915
4114,1000,14277223,0.989
4115,1000,17255402,0.962
4116,1000,21486967,0.949
4117,1000,25100118,0.907
4118,1000,19542747,0.95
4119,1000,12795333,0.997
4120,1000,16020457,0.986
4121,1000,22676436,0.943
4122,1000,16850337,0.995
4123,1000,24860544,0.954
4124,1000,17847309,0.969
4125,1000,17870106,0.982
4126,1000,21898787,0.97
4127,1000,23185119,0.964
4128,1000,13316808,0.977
4129,1000,26833855,0.873
4130,1000,28095235,0.899
4131,1000,19738848,0.983
4132,1000,15861218,0.988
4133,1000,14689975,0.997
4134,1000,16924634,0.993
4135,1000,21434971,0.975
4136,1000,25464803,0.906
4137,1000,32877522,0.755
4138,1000,15940351,0.995
4139,1000,15855521,0.979
4140,1000,25665283,0.836
4141,1000,18058888,0.992
4142,1000,18376158,0.983
4143,1000,24964288,0.955
4144,1000,24347900,0.98
4145,1000,15849613,0.965
4146,1000,17612427,0.964
4147,1000,25975754,0.857
4148,1000,18984884,0.978
4149,1000,22055823,0.941
4150,1000,19120115,0.964
4151,1000,31870903,0.737
4152,1000,14649255,0.991
4153,1000,24411243,0.953
4154,1000,19263699,0.99
4155,1000,25639445,0.769
4156,1000,24926079,0.931
4157,1000,20607160,0.968
4158,1000,27634711,0.882
4159,1000,10925168,0.997
4160,1000,21664386,0.973
4161,1000,18619759,0.977
4162,1000,22294020,0.942
4163,1000,20005908,0.944
4164,1000,24036643,0.921
4165,1000,21526498,0.983
4166,1000,17397896,0.999
4167,1000,22986268,0.953
4168,1000,13732479,0.997
4169,1000,15400091,0.987
4170,1000,21102750,0.951
4171,1000,19426428,0.986
4172,1000,12958052,0.997
4173,1000,17152763,0.992
4174,1000,20299028,0.931
4175,1000,20977894,0.935
4176,1000,17283565,0.996
4177,1000,17909091,0.988
4178,1000,15024832,0.989
4179,1000,27738490,0.915
4180,1000,19156343,0.981
4181,1000,23157868,0.975
4182,1000,17833528,0.989
4183,1000,15586105,0.943
4184,1000,24363212,0.92
4185,1000,20141316,0.976
4186,1000,23381874,0.901
4187,1000,22522278,0.955
4188,1000,33459681,0.878
4189,1000,22363250,0.949
4190,1000,23441956,0.925
4191,1000,16642621,0.984
4192,1000,22450599,0.978
4193,1000,27765025,0.849
4194,1000,11753882,0.999
4195,1000,19057373,0.983
4196,1000,16777571,0.997
4197,1000,26193966,0.874
4198,1000,20991744,0.962
4199,1000,23363215,0.957
4200,1000,24862389,0.873
4201,1000,19218718,0.99
4202,1000,25125623,0.886
4203,1000,19633714,0.965
4204,1000,25163712,0.913
4205,1000,21352368,0.953
4206,1000,30345214,0.865
4207,1000,19332528,0.982
4208,1000,26239634,0.964
4209,1000,25203083,0.958
4210,1000,22989110,0.936
4211,1000,10980833,0.997
4212,1000,21229282,0.947
4213,1000,19393514,0.973
4214,1000,15212994,0.991
4215,1000,24105065,0.942
4216,1000,17875327,0.928
4217,1000,27077293,0.875
4218,1000,18889357,0.991
4219,1000,18230285,0.943
4220,1000,24790288,0.961
4221,1000,12196991,0.998
4222,1000,22731497,0.977
4223,1000,20308227,0.981
4224,1000,14882205,0.999
4225,1000,20869767,0.981
4226,1000,20640949,0.969
4227,1000,21379990,0.95
4228,1000,22201765,0.95
4229,1000,20177972,0.968
4230,1000,17746115,0.994
4231,1000,10144979,0.993
4232,1000,21032120,0.977
4233,1000,15017245,0.991
4234,1000,29942973,0.843
4235,1000,22346988,0.895
4236,1000,24774547,0.898
4237,1000,20348187,0.974
4238,1000,19556837,0.977
4239,1000,20605194,0.95
4240,1000,27502931,0.844
4241,1000,27755506,0.812
4242,1000,19526212,0.975
4243,1000,18934366,0.944
4244,1000,19028738,0.991
4245,1000,13788284,0.993
4246,1000,22855592,0.972
4247,1000,27948294,0.834
4248,1000,12174031,0.999
4249,1000,21617040,0.849
4250,1000,12912462,0.992
4251,1000,18567417,0.862
4252,1000,21671283,0.975
4253,1000,15342908,0.987
4254,1000,26454255,0.93
4255,1000,31467460,0.695
4256,1000,18938609,0.971
4257,1000,29741525,0.851
4258,1000,16597208,0.994
4259,1000,15717273,0.995
4260,1000,19609374,0.982
4261,1000,16788141,0.982
4262,1000,21527017,0.969
4263,1000,13387959,0.993
4264,1000,21126180,0.969
4265,1000,19771979,0.992
4266,1000,26662587,0.944
4267,1000,27976042,0.906
4268,1000,10610705,0.998
4269,1000,12976093,0.995
4270,1000,27998871,0.916
4271,1000,26053032,0.935
4272,1000,25188865,0.972
4273,1000,28603223,0.931
4274,1000,12484166,0.998
4275,1000,16395894,0.985
4276,1000,23254252,0.902
4277,1000,22919400,0.929
4278,1000,23322874,0.965
4279,1000,12307913,0.998
4280,1000,18290793,0.984
4281,1000,14989519,0.963
4282,1000,28581841,0.893
4283,1000,22576024,0.94
4284,1000,15885463,0.996
4285,1000,14380493,0.989
4286,1000,32053545,0.727
4287,1000,26022629,0.847
4288,1000,30380019,0.847
4289,1000,22461480,0.948
4290,1000,23920334,0.862
4291,1000,29153877,0.68
4292,1000,20951200,0.942
4293,1000,24479565,0.96
4294,1000,27216787,0.884
4295,1000,24539931,0.918
4296,1000,24506766,0.897
4297,1000,26779835,0.928
4298,1000,22408954,0.971
4299,1000,21070664,0.995
4300,1000,20266040,0.994
4301,1000,17724059,0.995
4302,1000,27346796,0.805
4303,1000,22168180,0.979
4304,1000,16072972,0.971
4305,1000,24776020,0.915
4306,1000,30576111,0.797
4307,1000,22143421,0.955
4308,1000,22437504,0.966
4309,1000,25362169,0.936
4310,1000,17119746,0.994
4311,1000,16872155,0.983
4312,1000,13603891,0.997
4313,1000,22148212,0.971
4314,1000,21760670,0.871
4315,1000,16218310,0.98
4316,1000,16052019,0.998
4317,1000,24094329,0.904
4318,1000,15021149,0.988
4319,1000,12696313,0.981
4320,1000,25624115,0.954
4321,1000,18911535,0.992
4322,1000,18943440,0.978
4323,1000,23396073,0.971
4324,1000,16271644,0.998
4325,1000,23926786,0.871
4326,1000,21372959,0.956
4327,1000,21576214,0.981
4328,1000,20882688,0.978
4329,1000,26584335,0.887
4330,1000,22250514,0.89
4331,1000,25234482,0.915
4332,1000,20929685,0.968
4333,1000,21389891,0.964
4334,1000,21990234,0.933
4335,1000,18161560,0.992
4336,1000,17559003,0.987
4337,1000,24331556,0.951
4338,1000,25287597,0.963
4339,1000,23913653,0.942
4340,1000,19353659,0.982
4341,1000,23950182,0.903
4342,1000,17083240,0.966
4343,1000,14019396,0.994
4344,1000,28624189,0.965
4345,1000,16773991,0.996
4346,1000,20163490,0.968
4347,1000,9837422,0.998
4348,1000,17576939,0.985
4349,1000,11675153,0.996
4350,1000,23188516,0.972
4351,1000,16952450,0.99
4352,1000,25547380,0.914
4353,1000,25715643,0.933
4354,1000,18227264,0.986
4355,1000,23097480,0.892
4356,1000,27262828,0.933
4357,1000,25153895,0.963
4358,1000,17568102,0.994
4359,1000,19571133,0.97
4360,1000,13197716,0.993
4361,1000,25228148,0.938
4362,1000,21445747,0.996
4363,1000,33267213,0.856
4364,1000,23869892,0.907
4365,1000,12825254,0.997
4366,1000,11408562,0.998
4367,1000,25253410,0.965
4368,1000,24804186,0.962
4369,1000,17001578,0.995
4370,1000,26978646,0.971
4371,1000,9591029,1
4372,1000,12255877,0.981
4373,1000,17130889,0.985
4374,1000,31669791,0.767
4375,1000,10872359,0.998
4376,1000,11156623,0.988
4377,1000,26130510,0.941
4378,1000,17053162,0.965
4379,1000,26726988,0.986
4380,1000,25307632,0.975
4381,1000,21493477,0.981
4382,1000,12876742,0.992
4383,1000,19155540,0.972
4384,1000,21827229,0.962
4385,1000,15519865,0.991
4386,1000,16816997,0.999
4387,1000,12234664,0.998
4388,1000,22551545,0.93
4389,1000,20457161,0.926
4390,1000,21471862,0.962
4391,1000,27896196,0.867
4392,1000,19290200,0.974
4393,1000,14908512,0.992
4394,1000,29061956,0.808
4395,1000,23544868,0.979
4396,1000,14551783,0.994
4397,1000,16108896,0.997
4398,1000,24520884,0.96
4399,1000,19656236,0.983
4400,1000,14499411,0.989
4401,1000,34277434,0.688
4402,1000,24319413,0.97
4403,1000,18736372,0.993
4404,1000,28919196,0.907
4405,1000,15151054,0.991
4406,1000,17988708,0.975
4407,1000,23799398,0.949
4408,1000,22470133,0.912
4409,1000,25051750,0.76
4410,1000,25874660,0.924
4411,1000,18868321,0.992
4412,1000,24144898,0.902
4413,1000,14846677,0.976
4414,1000,29548092,0.85
4415,1000,23877891,0.938
4416,1000,19612671,0.991
4417,1000,21608667,0.953
4418,1000,26280320,0.888
4419,1000,17733363,0.994
4420,1000,13953595,0.994
4421,1000,14530882,0.999
4422,1000,21825140,0.969
4423,1000,18164395,0.973
4424,1000,24312835,0.964
4425,1000,15680407,0.987
4426,1000,31085913,0.824
4427,1000,27979742,0.914
4428,1000,22347882,0.971
4429,1000,23552918,0.968
4430,1000,16635702,0.99
4431,1000,24950884,0.971
4432,1000,14815308,0.994
4433,1000,20520595,0.983
4434,1000,18939182,0.965
4435,1000,16082953,0.995
4436,1000,15805456,0.981
4437,1000,26932198,0.931
4438,1000,28355959,0.813
4439,1000,24254878,0.969
4440,1000,32863099,0.804
4441,1000,29725758,0.944
4442,1000,20969784,0.987
4443,1000,26364342,0.938
4444,1000,21382368,0.968
4445,1000,16895495,0.995
4446,1000,20749670,0.965
4447,1000,30858143,0.895
4448,1000,21641920,0.992
4449,1000,14932501,0.983
4450,1000,13614754,0.986
4451,1000,25829892,0.853
4452,1000,20615269,0.939
4453,1000,26032366,0.961
4454,1000,16383520,0.993
4455,1000,28027101,0.978
4456,1000,20295634,0.993
4457,1000,15906708,0.976
4458,1000,25908088,0.978
4459,1000,12578861,0.989
4460,1000,20549565,0.999
4461,1000,19630085,0.968
4462,1000,24529302,0.957
4463,1000,12433151,0.999
4464,1000,15238367,0.998
4465,1000,17898593,0.981
4466,1000,19682807,0.98
4467,1000,23859278,0.948
4468,1000,18778900,0.976
4469,1000,10465922,1
4470,1000,22279776,0.933
4471,1000,23432619,0.979
4472,1000,15144141,0.997
4473,1000,23202749,0.967
4474,1000,18224348,0.998
4475,1000,14053348,0.993
4476,1000,20524308,0.984
4477,1000,22133940,0.95
4478,1000,22686906,0.976
4479,1000,25148856,0.945
4480,1000,23785371,0.976
4481,1000,29780042,0.738
4482,1000,23406931,0.979
4483,1000,33939019,0.847
4484,1000,22094357,0.982
4485,1000,17632484,0.99
4486,1000,24806424,0.972
4487,1000,16983378,0.994
4488,1000,18322880,0.995
4489,1000,25412577,0.974
4490,1000,18418376,0.983
4491,1000,25226774,0.984
4492,1000,22556818,0.942
4493,1000,20865731,0.988
4494,1000,34190128,0.816
4495,1000,19351091,0.993
4496,1000,31894823,0.838
4497,1000,15735903,0.991
4498,1000,30328796,0.736
4499,1000,16205647,0.993
4500,1000,21618671,0.884
4501,1000,18809467,0.993
4502,1000,19277079,0.993
4503,1000,26694632,0.917
4504,1000,23444125,0.974
4505,1000,28819915,0.923
4506,1000,17911478,0.994
4507,1000,21328861,0.977
4508,1000,20930951,0.987
4509,1000,27611737,0.951
4510,1000,26276610,0.932
4511,1000,19000074,0.922
4512,1000,28374832,0.744
4513,1000,16596322,0.992
4514,1000,23875870,0.977
4515,1000,17949432,0.991
4516,1000,26598577,0.94
4517,1000,15815656,0.998
4518,1000,21718454,0.962
4519,1000,18433000,0.988
4520,1000,14164274,0.998
4521,1000,35340598,0.718
4522,1000,15627819,0.991
4523,1000,12885289,0.958
4524,1000,29937725,0.957
4525,1000,30523572,0.78
4526,1000,18265961,0.995
4527,1000,22779139,0.968
4528,1000,17134800,0.993
4529,1000,28309319,0.885
4530,1000,31299211,0.851
4531,1000,17353977,0.993
4532,1000,17575849,0.995
4533,1000,28279959,0.865
4534,1000,12923214,0.987
4535,1000,19500857,0.987
4536,1000,23825812,0.936
4537,1000,21189485,0.994
4538,1000,29574420,0.948
4539,1000,30426725,0.865
4540,1000,11811398,0.983
4541,1000,15551100,0.995
4542,1000,15201565,0.998
4543,1000,25913966,0.928
4544,1000,24319583,0.954
4545,1000,18932079,0.993
4546,1000,17637439,0.99
4547,1000,21636575,0.979
4548,1000,26770487,0.896
4549,1000,15118535,0.981
4550,1000,19838464,0.97
4551,1000,20252492,0.983
4552,1000,24941173,0.931
4553,1000,26348971,0.915
4554,1000,19993707,0.957
4555,1000,10645878,0.999
4556,1000,17449076,0.974
4557,1000,16946009,0.977
4558,1000,31196376,0.868
4559,1000,24257678,0.982
4560,1000,25593933,0.854
4561,1000,24214837,0.978
4562,1000,27392064,0.818
4563,1000,26164972,0.942
4564,1000,20027104,0.981
4565,1000,29826471,0.667
4566,1000,23442907,0.969
4567,1000,20081657,0.96
4568,1000,29098114,0.938
4569,1000,16466383,0.991
4570,1000,26781861,0.937
4571,1000,18753286,0.95
4572,1000,10602872,0.998
4573,1000,19963795,0.976
4574,1000,27116371,0.918
4575,1000,15860252,0.991
4576,1000,14344661,0.996
4577,1000,12139972,0.998
4578,1000,11892442,0.995
4579,1000,23858340,0.968
4580,1000,27587082,0.922
4581,1000,23470657,0.944
4582,1000,35777087,0.64
4583,1000,14565806,0.988
4584,1000,25580651,0.817
4585,1000,19870682,0.989
4586,1000,18235712,0.988
4587,1000,20788619,0.969
4588,1000,18668825,0.984
4589,1000,17848437,0.958
4590,1000,13339600,0.997
4591,1000,26085837,0.941
4592,1000,18006662,0.993
4593,1000,19689229,0.978
4594,1000,23572486,0.954
4595,1000,12777786,0.973
4596,1000,29568958,0.892
4597,1000,24747236,0.973
4598,1000,22018189,0.98
4599,1000,14870427,0.996
4600,1000,27602335,0.947
4601,1000,17032149,0.988
4602,1000,29603066,0.866
4603,1000,27780498,0.92
4604,1000,22133350,0.978
4605,1000,25840701,0.967
4606,1000,27208438,0.981
4607,1000,27100981,0.934
4608,1000,21636304,0.984
4609,1000,20934113,0.974
4610,1000,8672864,0.999
4611,1000,19371865,0.914
4612,1000,26949581,0.903
4613,1000,33873848,0.802
4614,1000,22632881,0.973
4615,1000,28098697,0.813
4616,1000,15225310,0.983
4617,1000,10805766,0.997
4618,1000,19013181,0.978
4619,1000,18383843,0.99
4620,1000,24200983,0.963
4621,1000,15925114,0.992
4622,1000,17300289,0.989
4623,1000,19792800,0.982
4624,1000,16458366,0.996
4625,1000,23940263,0.882
4626,1000,12942667,0.99
4627,1000,16733855,0.996
4628,1000,27301363,0.935
4629,1000,21726347,0.981
4630,1000,27142714,0.967
4631,1000,26410135,0.893
4632,1000,23334173,0.964
4633,1000,20333382,0.981
4634,1000,26151179,0.987
4635,1000,21317511,0.988
4636,1000,25224240,0.947
4637,1000,13596612,0.996
4638,1000,20737686,0.98
4639,1000,18366140,0.985
4640,1000,16880432,0.996
4641,1000,30893683,0.911
4642,1000,16773377,0.988
4643,1000,14760538,0.993
4644,1000,23787403,0.928
4645,1000,30206132,0.891
4646,1000,16200300,0.995
4647,1000,14764944,0.996
4648,1000,17544492,0.994
4649,1000,19164693,0.977
4650,1000,27010933,0.831
4651,1000,26760102,0.885
4652,1000,19909080,0.99
4653,1000,22658857,0.972
4654,1000,16028166,0.966
4655,1000,18647829,0.99
4656,1000,13438676,0.995
4657,1000,31455811,0.84
4658,1000,22425582,0.969
4659,1000,29318537,0.934
4660,1000,13602691,0.995
4661,1000,31295524,0.858
4662,1000,19397583,0.984
4663,1000,16036672,0.981
4664,1000,26263750,0.896
4665,1000,15443916,0.996
4666,1000,27936373,0.881
4667,1000,14458738,0.982
4668,1000,25572104,0.938
4669,1000,28367736,0.942
4670,1000,15860674,0.993
4671,1000,25846567,0.947
4672,1000,25891894,0.959
4673,1000,24350852,0.932
4674,1000,19304069,0.965
4675,1000,15015308,0.993
4676,1000,23920640,0.992
4677,1000,28463753,0.893
4678,1000,25638762,0.942
4679,1000,25285698,0.841
4680,1000,8467416,1
4681,1000,22928240,0.968
4682,1000,25911074,0.944
4683,1000,13162567,0.991
4684,1000,29993905,0.859
4685,1000,23144753,0.96
4686,1000,30120694,0.95
4687,1000,24919689,0.91
4688,1000,23737423,0.985
4689,1000,27286162,0.931
4690,1000,15035555,0.986
4691,1000,20476835,0.999
4692,1000,26510762,0.911
4693,1000,25079811,0.924
4694,1000,16947865,0.999
4695,1000,22804124,0.983
4696,1000,18725088,0.943
4697,1000,18422684,0.984
4698,1000,12751802,0.996
4699,1000,21285672,0.989
4700,1000,28511936,0.868
4701,1000,23637974,0.961
4702,1000,27438458,0.867
4703,1000,20146612,0.988
4704,1000,21622879,0.953
4705,1000,23153596,0.876
4706,1000,13378809,1
4707,1000,14651254,0.994
4708,1000,16270829,0.999
4709,1000,21204635,0.991
4710,1000,34164123,0.902
4711,1000,21380356,0.967
4712,1000,26946136,0.952
4713,1000,12929589,0.991
4714,1000,25501573,0.848
4715,1000,22053937,0.961
4716,1000,15293125,1
4717,1000,11386663,0.996
4718,1000,18698905,0.997
4719,1000,26021291,0.901
4720,1000,17612632,0.994
4721,1000,22573290,0.976
4722,1000,18603797,0.993
4723,1000,22689345,0.958
4724,1000,26637682,0.917
4725,1000,11755589,0.991
4726,1000,23109458,0.97
4727,1000,15195809,0.994
4728,1000,29006530,0.828
4729,1000,24476315,0.966
4730,1000,20934631,0.966
4731,1000,26900374,0.949
4732,1000,29646611,0.886
4733,1000,25951997,0.982
4734,1000,30642265,0.805
4735,1000,24166160,0.966
4736,1000,29615587,0.832
4737,1000,21130422,0.965
4738,1000,25588101,0.926
4739,1000,16969759,0.998
4740,1000,23986079,0.964
4741,1000,19312954,0.981
4742,1000,25408545,0.926
4743,1000,31901709,0.771
4744,1000,21412077,0.935
4745,1000,14403798,0.991
4746,1000,15291737,0.987
4747,1000,27672490,0.927
4748,1000,23938974,0.986
4749,1000,33033183,0.778
4750,1000,17340840,0.998
4751,1000,10147289,1
4752,1000,22035456,0.973
4753,1000,11449880,0.999
4754,1000,27330144,0.892
4755,1000,24344261,0.95
4756,1000,24601360,0.969
4757,1000,26861263,0.803
4758,1000,15490034,0.987
4759,1000,27929517,0.965
4760,1000,11674103,0.998
4761,1000,29423393,0.888
4762,1000,19231808,0.981
4763,1000,23612407,0.98
4764,1000,14450060,0.99
4765,1000,24934204,0.954
4766,1000,13490667,0.979
4767,1000,24199340,0.964
4768,1000,19260899,0.995
4769,1000,22149235,0.983
4770,1000,26129686,0.987
4771,1000,28988780,0.922
4772,1000,20904454,0.947
4773,1000,12763070,0.999
4774,1000,29772492,0.78
4775,1000,14814690,0.997
4776,1000,30283296,0.882
4777,1000,30709488,0.869
4778,1000,24433475,0.908
4779,1000,16637470,0.985
4780,1000,23671481,0.991
4781,1000,20206525,0.956
4782,1000,23249179,0.926
4783,1000,30290393,0.807
4784,1000,19371787,0.993
4785,1000,27597274,0.91
4786,1000,13484399,0.956
4787,1000,10516588,1
4788,1000,25510905,0.902
4789,1000,23972025,0.98
4790,1000,21351753,0.995
4791,1000,25689070,0.925
4792,1000,21798787,0.994
4793,1000,33535955,0.924
4794,1000,22282672,0.976
4795,1000,16155099,0.993
4796,1000,14382593,0.991
4797,1000,17089348,0.991
4798,1000,19402151,0.971
4799,1000,19734972,0.991
4800,1000,28868037,0.928
4801,1000,28521492,0.825
4802,1000,28264494,0.977
4803,1000,10389865,0.999
4804,1000,17992486,0.998
4805,1000,26717743,0.924
4806,1000,28741456,0.955
4807,1000,23653737,0.957
4808,1000,29957148,0.943
4809,1000,16669904,0.993
4810,1000,20156684,0.967
4811,1000,32387424,0.898
4812,1000,24892052,0.98
4813,1000,16986076,0.995
4814,1000,20231351,0.987
4815,1000,23498648,0.971
4816,1000,28511006,0.914
4817,1000,17579354,0.991
4818,1000,15514980,0.994
4819,1000,19006686,0.967
4820,1000,22658305,0.971
4821,1000,21803586,0.963
4822,1000,14160789,0.983
4823,1000,18013698,0.986
4824,1000,16086434,1
4825,1000,19745090,0.988
4826,1000,21877636,0.972
4827,1000,22402721,0.972
4828,1000,26409960,0.929
4829,1000,18539727,0.943
4830,1000,17883192,0.986
4831,1000,31744501,0.807
4832,1000,29118732,0.906
4833,1000,23465668,0.968
4834,1000,18270427,0.975
4835,1000,21313825,0.97
4836,1000,15184932,0.996
4837,1000,28847873,0.928
4838,1000,29183404,0.828
4839,1000,13039676,0.988
4840,1000,15570125,0.992
4841,1000,22323623,0.98
4842,1000,17354432,0.984
4843,1000,13351046,0.964
4844,1000,19876790,0.981
4845,1000,25033722,0.936
4846,1000,27171085,0.983
4847,1000,9144816,1
4848,1000,23515683,0.911
4849,1000,29276614,0.924
4850,1000,15315548,0.998
4851,1000,31604548,0.92
4852,1000,27348280,0.985
4853,1000,31620024,0.793
4854,1000,30524503,0.924
4855,1000,18292689,0.922
4856,1000,23900392,0.986
4857,1000,14542559,1
4858,1000,33672087,0.53
4859,1000,11996902,0.999
4860,1000,28594214,0.903
4861,1000,26830693,0.95
4862,1000,19630877,0.99
4863,1000,10992928,0.994
4864,1000,30587354,0.808
4865,1000,18601434,0.988
4866,1000,21709329,0.99
4867,1000,25776813,0.963
4868,1000,19223938,0.982
4869,1000,16002963,0.989
4870,1000,19010084,0.988
4871,1000,15035160,0.982
4872,1000,21230490,0.959
4873,1000,21567966,0.956
4874,1000,24843853,0.983
4875,1000,23260278,0.988
4876,1000,22604062,0.992
4877,1000,14130598,0.998
4878,1000,11696614,0.999
4879,1000,30689543,0.892
4880,1000,17967683,0.988
4881,1000,27951563,0.886
4882,1000,22210387,0.976
4883,1000,30990932,0.729
4884,1000,10232463,1
4885,1000,11076967,0.978
4886,1000,26479625,0.878
4887,1000,24857805,0.969
4888,1000,18631834,0.994
4889,1000,25496043,0.87
4890,1000,11149270,0.999
4891,1000,25064758,0.898
4892,1000,18713684,0.988
4893,1000,26620200,0.952
4894,1000,23297959,0.952
4895,1000,19766258,0.972
4896,1000,30967982,0.658
4897,1000,21157717,0.988
4898,1000,26028987,0.894
4899,1000,19430666,0.956
4900,1000,29706733,0.917
4901,1000,23145634,0.931
4902,1000,20621140,0.989
4903,1000,17753741,0.992
4904,1000,23910320,0.984
4905,1000,23521929,0.978
4906,1000,14210751,1
4907,1000,14044075,0.996
4908,1000,23478740,0.976
4909,1000,14976776,0.993
4910,1000,19640853,0.998
4911,1000,24206245,0.879
4912,1000,21005473,0.983
4913,1000,16680118,0.984
4914,1000,16321321,0.996
4915,1000,15092755,0.997
4916,1000,31244487,0.748
4917,1000,18821357,0.975
4918,1000,28243823,0.937
4919,1000,16458450,0.992
4920,1000,14924460,0.998
4921,1000,26135925,0.93
4922,1000,23754646,0.972
4923,1000,21693771,0.988
4924,1000,8814152,1
4925,1000,15952655,0.981
4926,1000,29584253,0.916
4927,1000,33976830,0.73
4928,1000,23783910,0.946
4929,1000,26180801,0.972
4930,1000,20048706,0.989
4931,1000,35830662,0.505
4932,1000,15705729,0.998
4933,1000,11720501,0.997
4934,1000,18867760,0.981
4935,1000,31580734,0.801
4936,1000,25681448,0.96
4937,1000,15142152,0.986
4938,1000,16167647,0.989
4939,1000,19294626,0.989
4940,1000,26611125,0.919
4941,1000,24749680,0.963
4942,1000,27630351,0.951
4943,1000,16862957,0.999
4944,1000,16795766,0.997
4945,1000,10869055,0.999
4946,1000,18866813,0.988
4947,1000,24000426,0.974
4948,1000,23336323,0.934
4949,1000,17620659,0.996
4950,1000,23949748,0.989
4951,1000,28034652,0.961
4952,1000,29395578,0.891
4953,1000,26926069,0.854
4954,1000,25920679,0.979
4955,1000,29986828,0.929
4956,1000,31815612,0.853
4957,1000,21489916,0.97
4958,1000,22064431,0.989
4959,1000,16477999,0.984
4960,1000,24776935,0.823
4961,1000,19323488,0.995
4962,1000,18138585,0.952
4963,1000,24196359,0.975
4964,1000,25741151,0.964
4965,1000,14341452,0.999
4966,1000,15645764,0.996
4967,1000,31687539,0.88
4968,1000,28616863,0.692
4969,1000,18726583,0.974
4970,1000,20748631,0.968
4971,1000,21493837,0.98
4972,1000,17096422,1
4973,1000,27586957,0.947
4974,1000,19855038,1
4975,1000,16514735,0.989
4976,1000,21357148,0.995
4977,1000,32795781,0.681
4978,1000,20453941,0.963
4979,1000,26188209,0.947
4980,1000,20629128,0.942
4981,1000,27284248,0.922
4982,1000,19472217,0.988
4983,1000,21616802,0.994
4984,1000,19578152,0.937
4985,1000,19983735,0.978
4986,1000,27746809,0.951
4987,1000,26507620,0.965
4988,1000,20308046,0.959
4989,1000,20516144,0.977
4990,1000,26521909,0.971
4991,1000,19648509,0.98
4992,1000,16573826,0.978
4993,1000,18836731,0.976
4994,1000,18507671,0.985
4995,1000,18521034,0.993
4996,1000,23538462,0.966
4997,1000,15748987,0.974
4998,1000,26809080,0.95
4999,1000,22845550,0.992
5000,1000,21888946,0.971
5001,1000,18517242,0.986
5002,1000,19646278,0.972
5003,1000,29356046,0.902
5004,1000,25337655,0.923
5005,1000,10070140,0.999
5006,1000,28218137,0.982
5007,1000,20871219,0.989
5008,1000,26203525,0.938
5009,1000,21310606,0.987
5010,1000,30914180,0.874
5011,1000,17757619,0.991
5012,1000,19553755,0.969
5013,1000,27341885,0.927
5014,1000,29289578,0.961
5015,1000,20475880,0.984
5016,1000,24359795,0.96
5017,1000,26824974,0.922
5018,1000,31402488,0.848
5019,1000,31716137,0.944
5020,1000,25678520,0.957
5021,1000,21538131,0.998
5022,1000,10864447,0.997
5023,1000,17168103,0.988
5024,1000,16435109,0.994
5025,1000,34500680,0.903
5026,1000,15000900,0.966
5027,1000,25579306,0.99
5028,1000,29044299,0.954
5029,1000,24022169,0.989
5030,1000,25838268,0.936
5031,1000,17204168,0.994
5032,1000,37587148,0.896
5033,1000,36392107,0.684
5034,1000,26605821,0.945
5035,1000,18325586,0.99
5036,1000,14589373,0.989
5037,1000,12572491,0.996
5038,1000,17633358,0.969
5039,1000,23028536,0.968
5040,1000,27837152,0.948
5041,1000,21605288,0.985
5042,1000,30400755,0.83
5043,1000,21690130,0.941
5044,1000,20215630,0.979
5045,1000,31018191,0.907
5046,1000,18979759,0.998
5047,1000,26614566,0.944
5048,1000,34902302,0.75
5049,1000,17199233,0.967
5050,1000,27236691,0.886
5051,1000,26702639,0.962
5052,1000,16669444,0.997
5053,1000,9576718,0.999
5054,1000,18608930,1
5055,1000,23640131,0.992
5056,1000,17652708,0.982
5057,1000,20634587,0.994
5058,1000,27779125,0.922
5059,1000,19839431,0.989
5060,1000,33173317,0.911
5061,1000,21084499,0.899
5062,1000,28078743,0.911
5063,1000,11293396,0.999
5064,1000,23669829,0.963
5065,1000,26653682,0.928
5066,1000,16222543,0.988
5067,1000,15511476,0.993
5068,1000,31547735,0.888
5069,1000,32395906,0.442
5070,1000,29965911,0.887
5071,1000,18416779,0.996
5072,1000,25435798,0.977
5073,1000,30298963,0.913
5074,1000,28684471,0.925
5075,1000,20205106,0.997
5076,1000,26813720,0.939
5077,1000,20640698,0.983
5078,1000,25005798,0.987
5079,1000,19177560,0.967
5080,1000,31020490,0.938
5081,1000,26262309,0.931
5082,1000,15504978,0.983
5083,1000,31003869,0.933
5084,1000,9907038,0.999
5085,1000,15984466,0.996
5086,1000,20764373,0.915
5087,1000,20476908,0.96
5088,1000,24785037,0.956
5089,1000,21923289,0.96
5090,1000,23824320,0.982
5091,1000,22495252,0.94
5092,1000,23824881,0.944
5093,1000,19557590,0.95
5094,1000,20335836,0.97
5095,1000,21682643,0.971
5096,1000,28186329,0.947
5097,1000,19154418,0.996
5098,1000,23947282,0.995
5099,1000,24755759,0.937
5100,1000,14208581,1
5101,1000,21666723,0.916
5102,1000,26609356,0.923
5103,1000,13328326,0.999
5104,1000,28145921,0.888
5105,1000,11457079,0.997
5106,1000,11568992,0.998
5107,1000,22585737,0.947
5108,1000,28776550,0.912
5109,1000,16579531,0.967
5110,1000,17847898,0.997
5111,1000,25048761,0.975
5112,1000,13419065,0.994
5113,1000,25051320,0.944
5114,1000,14438079,0.996
5115,1000,22361313,0.868
5116,1000,24590922,0.977
5117,1000,24962929,0.833
5118,1000,22972582,0.976
5119,1000,25994997,0.941
5120,1000,24944307,0.848
5121,1000,23935715,0.95
5122,1000,19370889,0.967
5123,1000,18431982,0.975
5124,1000,25995973,0.955
5125,1000,19617890,0.976
5126,1000,17306973,0.989
5127,1000,25397613,0.891
5128,1000,26295179,0.93
5129,1000,21987023,0.979
5130,1000,26623036,0.948
5131,1000,10493751,0.996
5132,1000,27880627,0.969
5133,1000,15131640,0.997
5134,1000,25222788,0.893
5135,1000,16035027,0.998
5136,1000,30557809,0.854
5137,1000,17963956,0.987
5138,1000,25027173,0.943
5139,1000,19614459,0.993
5140,1000,28852904,0.926
5141,1000,24944250,0.759
5142,1000,22503722,0.912
5143,1000,27064821,0.875
5144,1000,16093283,0.984
5145,1000,22087732,0.871
5146,1000,22343082,0.954
5147,1000,17778832,0.985
5148,1000,16768198,0.979
5149,1000,24264795,0.916
5150,1000,17084129,0.974
5151,1000,21347543,0.966
5152,1000,27029995,0.848
5153,1000,21834889,0.922
5154,1000,17927775,0.992
5155,1000,23504453,0.94
5156,1000,18487571,0.983
5157,1000,19625913,0.969
5158,1000,17901565,0.986
5159,1000,13081958,0.994
5160,1000,25536933,0.798
5161,1000,18792797,0.96
5162,1000,10832953,1
5163,1000,17720189,0.964
5164,1000,18789645,0.982
5165,1000,20672497,0.764
5166,1000,14658551,0.999
5167,1000,18710391,0.944
5168,1000,24825373,0.938
5169,1000,21496083,0.98
5170,1000,26037870,0.908
5171,1000,22664548,0.745
5172,1000,23634568,0.964
5173,1000,30815792,0.914
5174,1000,28288956,0.764
5175,1000,18581609,0.984
5176,1000,15896381,0.981
5177,1000,22822125,0.957
5178,1000,26826909,0.949
5179,1000,21019132,0.976
5180,1000,17052847,0.986
5181,1000,22092863,0.985
5182,1000,13382209,1
5183,1000,20990764,0.984
5184,1000,16314492,0.996
5185,1000,27181975,0.726
5186,1000,20884112,0.991
5187,1000,20644171,0.952
5188,1000,21063340,0.988
5189,1000,23736080,0.94
5190,1000,19805736,0.991
5191,1000,21071967,0.902
5192,1000,25107937,0.925
5193,1000,13740841,0.991
5194,1000,22827500,0.899
5195,1000,19843383,0.986
5196,1000,25822671,0.967
5197,1000,15396562,0.972
5198,1000,20650119,0.985
5199,1000,24719268,0.924
5200,1000,19864292,0.978
5201,1000,22759308,0.935
5202,1000,14614247,0.971
5203,1000,22870132,0.97
5204,1000,22931648,0.982
5205,1000,22621110,0.996
5206,1000,18584638,0.996
5207,1000,15313450,0.984
5208,1000,14599875,0.994
5209,1000,21083172,0.967
5210,1000,20836577,0.96
5211,1000,14653251,0.965
5212,1000,13784878,0.989
5213,1000,10177992,0.996
5214,1000,12370619,0.992
5215,1000,15719007,0.99
5216,1000,7896910,1
5217,1000,23475807,0.768
5218,1000,8174405,0.999
5219,1000,27719632,0.959
5220,1000,16641077,0.996
5221,1000,10337939,1
5222,1000,21519071,0.975
5223,1000,14343870,0.992
5224,1000,27311974,0.922
5225,1000,24308154,0.887
5226,1000,14210385,0.99
5227,1000,19449349,0.963
5228,1000,17280032,0.987
5229,1000,9367090,0.982
5230,1000,15652148,0.988
5231,1000,23942607,0.954
5232,1000,20804714,0.922
5233,1000,8204859,0.998
5234,1000,22427089,0.917
5235,1000,15604653,0.962
5236,1000,24897336,0.864
5237,1000,18023590,0.966
5238,1000,15492121,0.991
5239,1000,19007859,0.953
5240,1000,28472469,0.89
5241,1000,20590655,0.94
5242,1000,12909340,1
5243,1000,17274413,0.994
5244,1000,21314625,0.964
5245,1000,21722836,0.68
5246,1000,24532613,0.947
5247,1000,26084926,0.787
5248,1000,29289834,0.851
5249,1000,21555481,0.967
5250,1000,11969468,0.996
5251,1000,22792159,0.958
5252,1000,18833739,0.992
5253,1000,16689728,0.926
5254,1000,11231790,0.994
5255,1000,18513654,0.98
5256,1000,28269587,0.826
5257,1000,19433661,0.988
5258,1000,26603424,0.91
5259,1000,13479562,0.975
5260,1000,10464826,0.998
5261,1000,25009482,0.833
5262,1000,13828343,0.997
5263,1000,13539418,0.998
5264,1000,27864353,0.847
5265,1000,15606805,0.956
5266,1000,24529431,0.985
5267,1000,19745432,0.906
5268,1000,22458475,0.979
5269,1000,18746539,0.992
5270,1000,20088448,0.932
5271,1000,19910925,0.964
5272,1000,15764438,0.99
5273,1000,18194223,0.983
5274,1000,24104962,0.951
5275,1000,11204371,0.995
5276,1000,13320435,0.997
5277,1000,20650383,0.979
5278,1000,23065059,0.845
5279,1000,10481995,0.985
5280,1000,18256084,0.983
5281,1000,22874685,0.928
5282,1000,27132340,0.935
5283,1000,19954511,0.974
5284,1000,16099987,0.994
5285,1000,13508273,0.985
5286,1000,17564100,0.861
5287,1000,16489952,0.993
5288,1000,13207307,0.999
5289,1000,26611190,0.891
5290,1000,12568103,1
5291,1000,17178173,0.987
5292,1000,7691706,0.998
5293,1000,18962869,0.98
5294,1000,21941266,0.973
5295,1000,17110599,0.991
5296,1000,18885679,0.906
5297,1000,16745383,0.983
5298,1000,23178063,0.845
5299,1000,13516799,0.993
5300,1000,15766608,0.978
5301,1000,20946647,0.997
5302,1000,15808981,0.97
5303,1000,21324588,0.936
5304,1000,7107853,0.997
5305,1000,25697561,0.864
5306,1000,22312121,0.943
5307,1000,18073132,0.983
5308,1000,26184178,0.88
5309,1000,22986228,0.982
5310,1000,23257597,0.921
5311,1000,10372000,0.997
5312,1000,18092010,0.989
5313,1000,25343328,0.787
5314,1000,24450434,0.811
5315,1000,26438626,0.794
5316,1000,21669961,0.946
5317,1000,13112234,0.978
5318,1000,12246527,0.998
5319,1000,21361759,0.965
5320,1000,14777570,0.992
5321,1000,23100328,0.929
5322,1000,26604597,0.896
5323,1000,26835632,0.827
5324,1000,13413100,0.985
5325,1000,24259581,0.831
5326,1000,18105740,0.937
5327,1000,25568450,0.827
5328,1000,24251503,0.822
5329,1000,21549928,0.929
5330,1000,17002653,0.983
5331,1000,21277359,0.89
5332,1000,20418244,0.883
5333,1000,20956159,0.978
5334,1000,14522663,0.984
5335,1000,18620480,0.924
5336,1000,19724107,0.985
5337,1000,22103350,0.923
5338,1000,15925578,0.991
5339,1000,11729139,0.996
5340,1000,17127303,0.908
5341,1000,9756337,0.998
5342,1000,15512404,0.975
5343,1000,21586520,0.759
5344,1000,18659925,0.964
5345,1000,16163057,0.99
5346,1000,19886999,0.944
5347,1000,17134608,0.998
5348,1000,18150076,0.964
5349,1000,18562535,0.985
5350,1000,24394342,0.769
5351,1000,12208500,0.994
5352,1000,28218663,0.988
5353,1000,27688658,0.924
5354,1000,20977568,0.958
5355,1000,22505419,0.618
5356,1000,19590131,0.967
5357,1000,22865166,0.891
5358,1000,23341825,0.968
5359,1000,12978537,0.975
5360,1000,19727761,0.954
5361,1000,7229509,0.997
5362,1000,22718815,0.924
5363,1000,19433377,0.911
5364,1000,12903355,0.997
5365,1000,10901530,0.996
5366,1000,19234368,0.876
5367,1000,12591112,0.998
5368,1000,24396557,0.955
5369,1000,15157246,0.992
5370,1000,10260297,0.994
5371,1000,19541139,0.905
5372,1000,17253546,0.982
5373,1000,15848174,0.959
5374,1000,19088457,0.963
5375,1000,19027400,0.952
5376,1000,30283957,0.528
5377,1000,17097430,0.978
5378,1000,11178781,0.997
5379,1000,18973792,0.883
5380,1000,21337805,0.9
5381,1000,11808266,0.998
5382,1000,18069470,0.926
5383,1000,22700671,0.795
5384,1000,17637818,0.978
5385,1000,22217037,0.916
5386,1000,18497237,0.869
5387,1000,9261797,0.997
5388,1000,12711642,0.997
5389,1000,15146226,0.968
5390,1000,14261155,0.985
5391,1000,15245124,0.996
5392,1000,19780922,0.824
5393,1000,19754991,0.989
5394,1000,19680105,0.976
5395,1000,19251447,0.938
5396,1000,15632411,0.959
5397,1000,24350362,0.898
5398,1000,14004770,0.997
5399,1000,16415161,0.992
5400,1000,14118071,0.983
5401,1000,20916219,0.98
5402,1000,14800744,0.976
5403,1000,10145478,1
5404,1000,16866746,0.972
5405,1000,19622937,0.986
5406,1000,22074334,0.906
5407,1000,8959105,0.998
5408,1000,20334535,0.917
5409,1000,16245970,0.981
5410,1000,25902706,0.799
5411,1000,16754288,0.985
5412,1000,20487556,0.942
5413,1000,20177482,0.942
5414,1000,10016694,0.999
5415,1000,16722840,0.978
5416,1000,7870156,0.993
5417,1000,11950179,0.996
5418,1000,21781587,0.884
5419,1000,23583128,0.875
5420,1000,22305173,0.894
5421,1000,14499157,0.981
5422,1000,23623170,0.716
5423,1000,12139722,0.986
5424,1000,16501423,0.988
5425,1000,14714004,0.974
5426,1000,15687934,0.971
5427,1000,9807138,0.994
5428,1000,15453382,0.99
5429,1000,10385682,0.998
5430,1000,11230523,0.992
5431,1000,22711515,0.915
5432,1000,12264822,0.971
5433,1000,15305643,0.99
5434,1000,16262298,0.951
5435,1000,16826088,0.952
5436,1000,11979015,0.994
5437,1000,22890211,0.898
5438,1000,20138617,0.929
5439,1000,17633713,0.904
5440,1000,7886648,0.994
5441,1000,13541517,0.992
5442,1000,21195952,0.928
5443,1000,13668826,0.989
5444,1000,21146278,0.908
5445,1000,8772642,0.999
5446,1000,13954888,0.988
5447,1000,19951196,0.956
5448,1000,19165348,0.951
5449,1000,14998367,0.993
5450,1000,21099855,0.92
5451,1000,11970141,0.998
5452,1000,16971837,0.943
5453,1000,18904583,0.934
5454,1000,13698472,0.986
5455,1000,22063855,0.776
5456,1000,20166040,0.95
5457,1000,12831438,0.995
5458,1000,12544549,0.987
5459,1000,19812310,0.776
5460,1000,18370373,0.982
5461,1000,18314456,0.871
5462,1000,23869268,0.832
5463,1000,15420554,0.985
5464,1000,13910061,0.987
5465,1000,20612064,0.847
5466,1000,8262441,1
5467,1000,12514870,0.995
5468,1000,12107369,0.988
5469,1000,18835373,0.99
5470,1000,11449832,0.997
5471,1000,18726752,0.954
5472,1000,16636569,0.977
5473,1000,13473125,0.98
5474,1000,23588574,0.8
5475,1000,20226895,0.912
5476,1000,16839497,0.987
5477,1000,17739496,0.914
5478,1000,13774954,0.999
5479,1000,6468836,1
5480,1000,16111889,0.987
5481,1000,21044590,0.88
5482,1000,16021707,0.972
5483,1000,15867099,0.983
5484,1000,20002790,0.826
5485,1000,9113989,1
5486,1000,18247350,0.944
5487,1000,17319883,0.956
5488,1000,20844427,0.929
5489,1000,17853937,0.825
5490,1000,17846416,0.915
5491,1000,19934019,0.957
5492,1000,17363510,0.959
5493,1000,8402528,0.998
5494,1000,17271873,0.986
5495,1000,20207164,0.854
5496,1000,18556533,0.832
5497,1000,11695491,0.997
5498,1000,18464762,0.96
5499,1000,20560857,0.718
5500,1000,17685640,0.973
5501,1000,8283444,0.996
5502,1000,16620440,0.961
5503,1000,16314517,0.978
5504,1000,20271181,0.496
5505,1000,16935463,0.948
5506,1000,22238942,0.834
5507,1000,15172617,0.998
5508,1000,14618058,0.957
5509,1000,15817448,0.982
5510,1000,15934530,0.984
5511,1000,15950451,0.984
5512,1000,16298860,0.984
5513,1000,16209399,0.989
5514,1000,11816755,0.997
5515,1000,13266410,0.979
5516,1000,13318072,0.993
5517,1000,17679376,0.978
5518,1000,14921679,0.941
5519,1000,19720838,0.846
5520,1000,14550721,0.996
5521,1000,18117883,0.956
5522,1000,10265526,0.988
5523,1000,18812051,0.926
5524,1000,20851122,0.955
5525,1000,16954077,0.987
5526,1000,22155683,0.982
5527,1000,21584527,0.758
5528,1000,17612338,0.906
5529,1000,16877500,0.974
5530,1000,17159548,0.903
5531,1000,14222074,0.995
5532,1000,16189559,0.99
5533,1000,15156291,0.961
5534,1000,16776998,0.996
5535,1000,12022080,0.998
5536,1000,8274358,0.996
5537,1000,15893334,0.982
5538,1000,15792194,0.898
5539,1000,14500559,0.986
5540,1000,14445571,0.989
5541,1000,12955460,0.956
5542,1000,21488620,0.858
5543,1000,20345727,0.864
5544,1000,12323207,0.99
5545,1000,12859794,0.979
5546,1000,8345160,0.999
5547,1000,16055646,0.97
5548,1000,23427706,0.721
5549,1000,17042335,0.944
5550,1000,16131553,0.966
5551,1000,17152280,0.925
5552,1000,24289168,0.706
5553,1000,15165259,0.954
5554,1000,19499124,0.904
5555,1000,7925215,0.992
5556,1000,12815031,0.992
5557,1000,17213578,0.985
5558,1000,17903144,0.901
5559,1000,15836818,0.973
5560,1000,10681205,0.994
5561,1000,20205731,0.899
5562,1000,12373119,0.984
5563,1000,14206118,0.953
5564,1000,12233230,0.989
5565,1000,19796394,0.912
5566,1000,14762665,0.978
5567,1000,9336518,0.998
5568,1000,17967329,0.97
5569,1000,17681185,0.974
5570,1000,11119074,0.986
5571,1000,11934444,0.993
5572,1000,21682361,0.652
5573,1000,20067128,0.924
5574,1000,17344209,0.879
5575,1000,19575481,0.865
5576,1000,13503614,0.977
5577,1000,11083222,0.996
5578,1000,15173013,0.988
5579,1000,21357195,0.979
5580,1000,14142805,0.988
5581,1000,11556784,0.994
5582,1000,13505537,0.951
5583,1000,14810235,0.968
5584,1000,16171686,0.988
5585,1000,8748495,0.995
5586,1000,17391777,0.947
5587,1000,11790126,0.965
5588,1000,17291585,0.993
5589,1000,18014734,0.92
5590,1000,18923366,0.644
5591,1000,20018627,0.83
5592,1000,23724895,0.96
5593,1000,14784527,0.891
5594,1000,13811069,0.992
5595,1000,6795088,0.996
5596,1000,21184647,0.685
5597,1000,17114454,0.961
5598,1000,5633390,0.998
5599,1000,9941101,0.999
5600,1000,9761647,0.973
5601,1000,20202671,0.83
5602,1000,8048597,1
5603,1000,8808025,0.989
5604,1000,20447812,0.836
5605,1000,17785183,0.923
5606,1000,13654093,0.999
5607,1000,12048453,0.998
5608,1000,16922967,0.945
5609,1000,15601301,0.972
5610,1000,17948762,0.909
5611,1000,15801552,0.982
5612,1000,19373448,0.927
5613,1000,8420324,1
5614,1000,9231157,0.993
5615,1000,17654562,0.878
5616,1000,17742314,0.892
5617,1000,16455006,0.942
5618,1000,13873674,0.958
5619,1000,19339851,0.902
5620,1000,16172897,0.96
5621,1000,19221681,0.924
5622,1000,18535813,0.877
5623,1000,17627173,0.99
5624,1000,9407126,0.999
5625,1000,15113722,0.996
5626,1000,14488939,0.889
5627,1000,10389277,0.988
5628,1000,13828946,0.997
5629,1000,16319581,0.929
5630,1000,12531054,0.987
5631,1000,20489726,0.868
5632,1000,11431221,0.998
5633,1000,17153896,0.903
5634,1000,17433515,0.895
5635,1000,20935135,0.952
5636,1000,17993876,0.917
5637,1000,12873309,0.987
5638,1000,16002158,0.938
5639,1000,15203706,0.923
5640,1000,18600863,0.865
5641,1000,15607512,0.992
5642,1000,21498630,0.759
5643,1000,16579463,0.893
5644,1000,15962962,0.919
5645,1000,18493214,0.77
5646,1000,10812722,0.998
5647,1000,13475169,0.957
5648,1000,17324341,0.939
5649,1000,15808129,0.962
5650,1000,17345107,0.952
5651,1000,12042392,0.956
5652,1000,10960737,0.994
5653,1000,13045750,0.987
5654,1000,16960520,0.882
5655,1000,17016426,0.955
5656,1000,15203009,0.978
5657,1000,17069327,0.917
5658,1000,12830097,0.936
5659,1000,20546696,0.712
5660,1000,12728132,0.983
5661,1000,14923926,0.968
5662,1000,14647002,0.945
5663,1000,14758818,0.971
5664,1000,13781899,0.99
5665,1000,13763450,0.992
5666,1000,8880068,0.988
5667,1000,10797681,0.998
5668,1000,13724948,0.97
5669,1000,16525666,0.947
5670,1000,13700840,0.985
5671,1000,7121291,0.989
5672,1000,10687542,0.986
5673,1000,15315068,0.982
5674,1000,10414650,0.996
5675,1000,13189276,0.975
5676,1000,15979106,0.932
5677,1000,21397711,0.703
5678,1000,13019877,0.996
5679,1000,20314421,0.776
5680,1000,17217531,0.992
5681,1000,15499474,0.987
5682,1000,9021196,0.998
5683,1000,13246011,0.99
5684,1000,12573657,0.992
5685,1000,10681729,0.992
5686,1000,8204013,0.983
5687,1000,12371438,1
5688,1000,13486084,0.96
5689,1000,17110008,0.879
5690,1000,16293251,0.916
5691,1000,8665722,0.995
5692,1000,13806554,0.98
5693,1000,18818524,0.867
5694,1000,12520257,0.995
5695,1000,9178486,0.996
5696,1000,15872991,0.939
5697,1000,20125083,0.909
5698,1000,21515617,0.864
5699,1000,14752459,0.737
5700,1000,17380047,0.935
5701,1000,12755953,0.989
5702,1000,9568477,0.999
5703,1000,15113267,0.914
5704,1000,6954001,0.999
5705,1000,19086457,0.698
5706,1000,22583401,0.909
5707,1000,14115403,0.933
5708,1000,13499995,0.976
5709,1000,8501576,0.999
5710,1000,12325855,0.991
5711,1000,15427188,0.972
5712,1000,19285582,0.922
5713,1000,14311297,0.969
5714,1000,9201495,0.987
5715,1000,5028972,1
5716,1000,11926416,0.982
5717,1000,19124755,0.924
5718,1000,13950540,0.972
5719,1000,13322754,0.98
5720,1000,3973339,1
5721,1000,9977627,0.995
5722,1000,13613091,0.987
5723,1000,12567432,0.997
5724,1000,18295372,0.957
5725,1000,15127163,0.97
5726,1000,20650685,0.799
5727,1000,14084375,0.961
5728,1000,16315970,0.899
5729,1000,15363598,0.977
5730,1000,20928978,0.679
5731,1000,13342060,0.99
5732,1000,14679647,0.988
5733,1000,13164464,0.989
5734,1000,17583548,0.955
5735,1000,7501473,0.997
5736,1000,15618063,0.993
5737,1000,15840878,0.963
5738,1000,12919088,0.963
5739,1000,12769437,0.96
5740,1000,18134757,0.901
5741,1000,18358616,0.884
5742,1000,15519833,0.926
5743,1000,11082368,0.993
5744,1000,7974085,0.997
5745,1000,15077364,0.937
5746,1000,15107822,0.957
5747,1000,15249560,0.941
5748,1000,14140082,0.977
5749,1000,9358723,0.997
5750,1000,13836871,0.962
5751,1000,17963925,0.917
5752,1000,10175430,0.995
5753,1000,15089536,0.931
5754,1000,15755563,0.878
5755,1000,17537406,0.984
5756,1000,13713573,0.963
5757,1000,20115691,0.8
5758,1000,20363977,0.976
5759,1000,12993673,0.968
5760,1000,15913707,0.907
5761,1000,11061716,0.981
5762,1000,6984046,1
5763,1000,15217801,0.925
5764,1000,14624187,0.872
5765,1000,12245557,0.988
5766,1000,14270252,0.981
5767,1000,14780495,0.964
5768,1000,10916369,0.988
5769,1000,10454448,0.994
5770,1000,14022011,0.953
5771,1000,12256213,0.993
5772,1000,17992342,0.946
5773,1000,14392070,0.996
5774,1000,12471494,0.976
5775,1000,14959927,0.964
5776,1000,14721875,0.968
5777,1000,13517727,0.976
5778,1000,8723219,0.997
5779,1000,11917902,0.956
5780,1000,10646285,0.99
5781,1000,15513785,0.969
5782,1000,14649252,0.854
5783,1000,13364566,0.901
5784,1000,11108026,0.97
5785,1000,15878856,0.947
5786,1000,6534857,0.999
5787,1000,8098351,0.999
5788,1000,13326193,0.979
5789,1000,12087261,0.996
5790,1000,18890792,0.89
5791,1000,14216061,0.975
5792,1000,15572558,0.989
5793,1000,14875993,0.995
5794,1000,11990496,0.994
5795,1000,18809729,0.756
5796,1000,17228463,0.958
5797,1000,17488328,0.941
5798,1000,18652820,0.949
5799,1000,12644850,0.991
5800,1000,19638599,0.863
5801,1000,9962117,0.958
5802,1000,19719667,0.831
5803,1000,18453189,0.894
5804,1000,15809493,0.909
5805,1000,12982746,0.973
5806,1000,12974500,0.994
5807,1000,11486640,0.949
5808,1000,10202991,0.992
5809,1000,11778754,0.991
5810,1000,14930876,0.939
5811,1000,14562770,0.965
5812,1000,18269293,0.89
5813,1000,12483679,0.985
5814,1000,9561837,0.982
5815,1000,9840184,0.992
5816,1000,17355793,0.838
5817,1000,13279925,0.999
5818,1000,12421917,0.992
5819,1000,16477799,0.969
5820,1000,12773947,0.988
5821,1000,14191703,0.945
5822,1000,15839706,0.94
5823,1000,13403705,0.999
5824,1000,14382202,0.892
5825,1000,16911518,0.749
5826,1000,13402710,0.993
5827,1000,20008412,0.57
5828,1000,10995371,0.977
5829,1000,8772010,0.997
5830,1000,13450236,0.996
5831,1000,17816173,0.731
5832,1000,16283163,0.685
5833,1000,10848066,0.984
5834,1000,13617745,0.984
5835,1000,10113622,0.995
5836,1000,16309675,0.902
5837,1000,13973589,0.94
5838,1000,17599677,0.941
5839,1000,7595935,0.998
5840,1000,20785100,0.691
5841,1000,21492261,0.637
5842,1000,14813380,0.96
5843,1000,11233971,0.992
5844,1000,15738630,0.967
5845,1000,12392643,0.953
5846,1000,16716269,0.913
5847,1000,10838920,0.998
5848,1000,14045993,0.958
5849,1000,14118845,0.966
5850,1000,11048646,1
5851,1000,11524888,0.984
5852,1000,14215403,0.983
5853,1000,16104888,0.981
5854,1000,6663323,0.997
5855,1000,16659156,0.977
5856,1000,13780363,0.9
5857,1000,17349668,0.889
5858,1000,10213799,0.995
5859,1000,14778887,0.935
5860,1000,11158385,0.995
5861,1000,9687025,0.991
5862,1000,13904538,0.987
5863,1000,11296856,0.985
5864,1000,10807814,0.986
5865,1000,4589740,1
5866,1000,16322000,0.97
5867,1000,11591270,0.965
5868,1000,11619111,0.992
5869,1000,6481863,0.999
5870,1000,10571480,0.995
5871,1000,15502460,0.915
5872,1000,14725055,0.977
5873,1000,18201016,0.896
5874,1000,13341808,0.963
5875,1000,11339613,0.984
5876,1000,17909205,0.938
5877,1000,7065819,0.996
5878,1000,8676742,0.992
5879,1000,10774949,0.972
5880,1000,19411450,0.946
5881,1000,13920635,0.941
5882,1000,13167764,0.988
5883,1000,12061164,0.972
5884,1000,10051846,0.987
5885,1000,17336877,0.938
5886,1000,12643228,0.97
5887,1000,14879925,0.926
5888,1000,11067511,0.987
5889,1000,14791164,0.809
5890,1000,18692986,0.885
5891,1000,12169259,0.947
5892,1000,11914928,0.993
5893,1000,14226000,0.936
5894,1000,16698797,0.856
5895,1000,13532712,0.98
5896,1000,11666174,0.967
5897,1000,14510424,0.92
5898,1000,9823482,0.997
5899,1000,19747720,0.851
5900,1000,14477622,0.991
5901,1000,11774240,0.994
5902,1000,12539543,0.978
5903,1000,8175659,0.974
5904,1000,11524577,0.994
5905,1000,14522488,0.99
5906,1000,16851059,0.893
5907,1000,13319537,0.977
5908,1000,12823051,0.925
5909,1000,11008270,0.976
5910,1000,14730032,0.93
5911,1000,13986762,0.979
5912,1000,18971518,0.87
5913,1000,13407809,0.991
5914,1000,10137868,0.983
5915,1000,15099401,0.993
5916,1000,6247112,0.998
5917,1000,13551630,0.929
5918,1000,14043583,0.985
5919,1000,11682503,0.991
5920,1000,10392728,0.997
5921,1000,12052866,0.993
5922,1000,11767497,0.963
5923,1000,13395819,0.939
5924,1000,17976434,0.849
5925,1000,8173374,1
5926,1000,16848751,0.874
5927,1000,13743303,0.983
5928,1000,11104885,0.996
5929,1000,14370741,0.967
5930,1000,14086339,0.924
5931,1000,13771705,0.98
5932,1000,12916106,0.969
5933,1000,16502361,0.898
5934,1000,7043572,1
5935,1000,12275106,0.974
5936,1000,11318457,0.985
5937,1000,9658020,0.998
5938,1000,12820427,0.982
5939,1000,19852921,0.939
5940,1000,11356423,0.998
5941,1000,13702135,0.97
5942,1000,14992084,0.942
5943,1000,15296979,0.97
5944,1000,11382151,0.992
5945,1000,12822424,0.998
5946,1000,12819508,0.974
5947,1000,10332218,0.996
5948,1000,12415792,0.985
5949,1000,10386562,0.99
5950,1000,12095113,0.977
5951,1000,11284259,0.996
5952,1000,7817326,0.998
5953,1000,16735424,0.883
5954,1000,7954345,0.997
5955,1000,18816908,0.758
5956,1000,9749981,0.996
5957,1000,17920156,0.803
5958,1000,16562323,0.84
5959,1000,20009594,0.928
5960,1000,12492033,0.995
5961,1000,12049820,0.983
5962,1000,14092853,0.97
5963,1000,11456603,0.976
5964,1000,18899488,0.842
5965,1000,15146964,0.948
5966,1000,13669315,0.956
5967,1000,10511177,0.969
5968,1000,12851976,0.98
5969,1000,17445884,0.88
5970,1000,19060784,0.854
5971,1000,11012413,0.998
5972,1000,13092711,0.96
5973,1000,10490616,0.989
5974,1000,19589118,0.689
5975,1000,18074599,0.905
5976,1000,10616155,0.992
5977,1000,15944167,0.861
5978,1000,13456856,0.975
5979,1000,11510880,0.947
5980,1000,8401211,0.988
5981,1000,14656447,0.835
5982,1000,7262081,0.999
5983,1000,14118498,0.971
5984,1000,13056910,0.98
5985,1000,14774478,0.972
5986,1000,13467715,0.989
5987,1000,10549566,0.997
5988,1000,11489044,0.953
5989,1000,7221917,0.999
5990,1000,9118872,0.99
5991,1000,16636093,0.794
5992,1000,10706717,0.991
5993,1000,17522327,0.804
5994,1000,9367849,0.982
5995,1000,18089996,0.833
5996,1000,15729286,0.936
5997,1000,18124020,0.86
5998,1000,11183838,0.997
5999,1000,14173009,0.947
6000,1000,8960822,0.987
6001,1000,14718899,0.944
6002,1000,12248054,0.959
6003,1000,9823805,0.995
6004,1000,15847557,0.946
6005,1000,16115854,0.775
6006,1000,11385611,0.997
6007,1000,8658862,0.985
6008,1000,11242275,0.999
6009,1000,16939342,0.966
6010,1000,14444830,0.93
6011,1000,12474068,0.986
6012,1000,15106969,0.967
6013,1000,10895278,0.983
6014,1000,11813875,0.986
6015,1000,20618890,0.835
6016,1000,12247113,0.994
6017,1000,16102545,0.751
6018,1000,15814837,0.943
6019,1000,19367561,0.798
6020,1000,19375570,0.904
6021,1000,13902441,0.973
6022,1000,14561846,0.974
6023,1000,13061014,0.991
6024,1000,9271982,0.997
6025,1000,11696011,0.982
6026,1000,10550457,0.995
6027,1000,15579196,0.916
6028,1000,11220208,1
6029,1000,16290460,0.893
6030,1000,10068558,0.995
6031,1000,14207124,0.972
6032,1000,8719314,0.991
6033,1000,13802627,0.972
6034,1000,10002523,0.99
6035,1000,15198156,0.89
6036,1000,13050384,0.975
6037,1000,16621248,0.967
6038,1000,15076711,0.898
6039,1000,16913621,0.985
6040,1000,9456463,0.988
6041,1000,14516796,0.948
6042,1000,11748742,0.991
6043,1000,12728129,0.971
6044,1000,11414305,0.992
6045,1000,17345752,0.837
6046,1000,18141578,0.794
6047,1000,8291112,0.998
6048,1000,10796222,0.992
6049,1000,6996104,0.982
6050,1000,12226027,0.991
6051,1000,13571919,0.92
6052,1000,14797327,0.895
6053,1000,5429013,0.998
6054,1000,10368590,0.996
6055,1000,16746288,0.874
6056,1000,10860148,0.997
6057,1000,15936254,0.815
6058,1000,14069496,0.969
6059,1000,13513791,0.989
6060,1000,16829617,0.994
6061,1000,8068238,0.985
6062,1000,13365424,0.95
6063,1000,13481122,0.978
6064,1000,9835541,0.994
6065,1000,11352390,0.985
6066,1000,14077847,0.995
6067,1000,14240339,0.916
6068,1000,14622178,0.977
6069,1000,11805661,0.988
6070,1000,11153341,0.998
6071,1000,13082490,0.958
6072,1000,14353504,0.985
6073,1000,11589207,0.98
6074,1000,14120495,0.969
6075,1000,12437864,0.955
6076,1000,16573125,0.982
6077,1000,11875208,0.994
6078,1000,12188048,0.995
6079,1000,12990224,0.972
6080,1000,12452977,0.972
6081,1000,10705688,0.99
6082,1000,14132368,0.975
6083,1000,16975344,0.862
6084,1000,11398119,0.998
6085,1000,9464896,0.977
6086,1000,13234454,0.929
6087,1000,8536614,1
6088,1000,8771963,0.995
6089,1000,13649000,0.963
6090,1000,10121025,0.994
6091,1000,9053787,0.995
6092,1000,16404268,0.864
6093,1000,19000717,0.714
6094,1000,14048090,0.985
6095,1000,12924318,0.981
6096,1000,16387372,0.936
6097,1000,9020500,0.993
6098,1000,9694917,0.984
6099,1000,16541992,0.918
6100,1000,9635104,0.97
6101,1000,16602188,0.813
6102,1000,14314602,0.946
6103,1000,11873891,0.985
6104,1000,10313682,0.988
6105,1000,13051773,0.95
6106,1000,13659184,0.99
6107,1000,7422992,0.993
6108,1000,11174817,0.979
6109,1000,14957594,0.916
6110,1000,13147416,0.987
6111,1000,16283647,0.834
6112,1000,11129142,0.977
6113,1000,12467601,0.961
6114,1000,10117140,0.998
6115,1000,9004415,0.993
6116,1000,14382063,0.948
6117,1000,13707598,0.966
6118,1000,16992617,0.918
6119,1000,8360092,0.999
6120,1000,10086576,0.993
6121,1000,7519270,0.996
6122,1000,9123858,0.994
6123,1000,10918848,0.989
6124,1000,14859890,0.769
6125,1000,17346872,0.956
6126,1000,16753737,0.925
6127,1000,16381885,0.869
6128,1000,12992797,0.918
6129,1000,12753646,0.978
6130,1000,15820836,0.945
6131,1000,15206456,0.97
6132,1000,7931554,0.988
6133,1000,7079630,0.996
6134,1000,16667853,0.841
6135,1000,14555826,0.932
6136,1000,9106367,0.99
6137,1000,15461456,0.935
6138,1000,14655828,0.929
6139,1000,12219348,0.969
6140,1000,17644750,0.847
6141,1000,16667254,0.928
6142,1000,10265826,0.993
6143,1000,10881418,0.998
6144,1000,15294870,0.969
6145,1000,16909757,0.93
6146,1000,9223135,0.996
6147,1000,13764444,0.985
6148,1000,12988285,0.985
6149,1000,15587115,0.97
6150,1000,11491045,0.989
6151,1000,6624068,0.997
6152,1000,15917330,0.81
6153,1000,9977105,0.986
6154,1000,14794104,0.939
6155,1000,15876936,0.896
6156,1000,13512361,0.985
6157,1000,16961641,0.927
6158,1000,12727674,0.974
6159,1000,12804662,0.778
6160,1000,10302432,0.985
6161,1000,11517441,0.997
6162,1000,10978140,0.995
6163,1000,14368260,0.945
6164,1000,10874907,0.988
6165,1000,13977788,0.973
6166,1000,13448078,0.981
6167,1000,10439220,0.973
6168,1000,14958915,0.896
6169,1000,14291794,0.992
6170,1000,13322387,0.933
6171,1000,10705360,0.99
6172,1000,12552170,0.948
6173,1000,13915336,0.983
6174,1000,9555807,0.996
6175,1000,16075954,0.717
6176,1000,11153287,0.993
6177,1000,9661645,0.983
6178,1000,11646268,0.988
6179,1000,14185725,0.913
6180,1000,12846309,0.97
6181,1000,16738378,0.85
6182,1000,12788542,0.991
6183,1000,6166367,1
6184,1000,10568812,0.988
6185,1000,17672795,0.861
6186,1000,15195603,0.958
6187,1000,9109199,0.997
6188,1000,12668722,0.988
6189,1000,13083600,0.935
6190,1000,12641449,0.989
6191,1000,10269138,0.987
6192,1000,8000822,0.998
6193,1000,14761443,0.958
6194,1000,13744423,0.975
6195,1000,13689014,0.961
6196,1000,13276376,0.904
6197,1000,14340707,0.955
6198,1000,8800197,0.998
6199,1000,16178535,0.961
6200,1000,12398933,0.957
6201,1000,6921462,0.999
6202,1000,10534442,0.971
6203,1000,13994597,0.968
6204,1000,13073081,0.976
6205,1000,11335957,0.919
6206,1000,13945807,0.932
6207,1000,13263147,0.98
6208,1000,14258857,0.946
6209,1000,9357166,0.997
6210,1000,12274712,0.947
6211,1000,13448163,0.974
6212,1000,16398962,0.902
6213,1000,6734928,0.975
6214,1000,4907586,1
6215,1000,9533381,0.995
6216,1000,10530068,1
6217,1000,15783505,0.935
6218,1000,11762511,0.99
6219,1000,6614515,0.999
6220,1000,12381068,0.971
6221,1000,16243673,0.862
6222,1000,11499767,0.962
6223,1000,9772288,1
6224,1000,14670637,0.918
6225,1000,8075815,0.991
6226,1000,16510225,0.945
6227,1000,13775246,0.933
6228,1000,12217477,0.987
6229,1000,14913918,0.985
6230,1000,11308088,0.964
6231,1000,17459200,0.896
6232,1000,13251754,0.983
6233,1000,8632252,0.991
6234,1000,12266278,0.998
6235,1000,11802849,0.945
6236,1000,10228287,0.946
6237,1000,8672276,0.993
6238,1000,13889217,0.957
6239,1000,12185342,0.996
6240,1000,8006002,0.999
6241,1000,11759861,0.986
6242,1000,15839143,0.949
6243,1000,9136329,0.989
6244,1000,11934957,0.939
6245,1000,13053988,0.983
6246,1000,10736176,0.983
6247,1000,11982885,0.98
6248,1000,8034383,0.992
6249,1000,10697222,0.991
6250,1000,12588787,0.935
6251,1000,16572808,0.805
6252,1000,8466926,0.999
6253,1000,11786903,0.966
6254,1000,8330510,0.994
6255,1000,11652853,0.983
6256,1000,15809168,0.95
6257,1000,7912563,0.996
6258,1000,11456330,0.928
6259,1000,15132113,0.961
6260,1000,9236487,0.998
6261,1000,13085522,0.979
6262,1000,11748263,0.97
6263,1000,16574461,0.75
6264,1000,15692955,0.867
6265,1000,8694898,0.998
6266,1000,12878000,1
6267,1000,13316863,0.936
6268,1000,13856849,0.964
6269,1000,17553943,0.633
6270,1000,8751892,0.999
6271,1000,10765402,0.996
6272,1000,11810623,0.955
6273,1000,15578427,0.735
6274,1000,9103635,0.985
6275,1000,13830984,0.965
6276,1000,15859095,0.83
6277,1000,6443004,0.999
6278,1000,16192445,0.622
6279,1000,11954616,0.978
6280,1000,10649431,0.988
6281,1000,9324418,0.998
6282,1000,9778647,0.988
6283,1000,16840862,0.815
6284,1000,8381846,0.995
6285,1000,9882814,0.993
6286,1000,17235496,0.842
6287,1000,11548245,0.988
6288,1000,13616470,0.94
6289,1000,13441628,0.973
6290,1000,12901770,0.95
6291,1000,16120883,0.851
6292,1000,12203527,0.991
6293,1000,15678701,0.958
6294,1000,10176242,0.981
6295,1000,10555016,0.973
6296,1000,10014656,0.995
6297,1000,12545305,0.974
6298,1000,8340646,0.987
6299,1000,11299098,0.981
6300,1000,13691913,0.956
6301,1000,9986885,0.979
6302,1000,16079697,0.93
6303,1000,13181890,0.98
6304,1000,14157340,0.968
6305,1000,8709848,0.995
6306,1000,12268511,0.979
6307,1000,8621876,0.969
6308,1000,12045994,0.965
6309,1000,9753384,0.998
6310,1000,11879156,0.992
6311,1000,7750785,1
6312,1000,16139191,0.848
6313,1000,11857902,0.972
6314,1000,16374532,0.696
6315,1000,10869657,0.98
6316,1000,13903806,0.91
6317,1000,12377929,0.952
6318,1000,9843587,0.984
6319,1000,17603546,0.802
6320,1000,10147571,0.98
6321,1000,11008327,0.974
6322,1000,14792365,0.941
6323,1000,15045200,0.925
6324,1000,11795353,0.993
6325,1000,15947110,0.704
6326,1000,16060041,0.842
6327,1000,14399792,0.96
6328,1000,16736866,0.883
6329,1000,10749120,0.988
6330,1000,12977555,0.986
6331,1000,8852841,0.967
6332,1000,13538962,0.988
6333,1000,14186287,0.845
6334,1000,11584675,0.959
6335,1000,14913870,0.989
6336,1000,14170725,0.975
6337,1000,15255073,0.945
6338,1000,14995710,0.927
6339,1000,14560691,0.908
6340,1000,14925020,0.919
6341,1000,11383126,0.989
6342,1000,15958017,0.942
6343,1000,16632686,0.928
6344,1000,13500426,0.971
6345,1000,12999592,0.916
6346,1000,13810806,0.86
6347,1000,11421555,0.976
6348,1000,11649367,0.982
6349,1000,7651544,0.997
6350,1000,13773297,0.925
6351,1000,12151088,0.973
6352,1000,13103342,0.953
6353,1000,9387730,0.988
6354,1000,12363933,0.967
6355,1000,7737637,0.989
6356,1000,14067973,0.947
6357,1000,12692338,0.953
6358,1000,10995024,0.992
6359,1000,10575011,0.999
6360,1000,14699724,0.918
6361,1000,13798661,0.95
6362,1000,14021838,0.947
6363,1000,12301804,0.977
6364,1000,9005487,0.996
6365,1000,7657928,0.996
6366,1000,17415272,0.724
6367,1000,15250128,0.915
6368,1000,5348156,1
6369,1000,16058695,0.854
6370,1000,14667837,0.926
6371,1000,11033921,0.983
6372,1000,12001493,0.988
6373,1000,15588984,0.851
6374,1000,9917388,0.968
6375,1000,8383165,0.992
6376,1000,15071447,0.968
6377,1000,9466694,0.991
6378,1000,13206677,0.969
6379,1000,13923345,0.934
6380,1000,16654287,0.756
6381,1000,8885106,0.976
6382,1000,8526769,0.994
6383,1000,10981911,0.98
6384,1000,7949963,0.999
6385,1000,16874141,0.868
6386,1000,10041083,0.988
6387,1000,10793130,0.987
6388,1000,8656562,0.969
6389,1000,15470532,0.895
6390,1000,7014652,0.992
6391,1000,15742977,0.91
6392,1000,9796525,0.996
6393,1000,10783875,0.994
6394,1000,11002158,0.997
6395,1000,16154617,0.898
6396,1000,12340968,0.935
6397,1000,5575482,1
6398,1000,10325344,0.991
6399,1000,14015985,0.978
6400,1000,15052036,0.944
6401,1000,10620737,0.966
6402,1000,15224605,0.948
6403,1000,7988343,0.996
6404,1000,11011008,0.993
6405,1000,15748735,0.874
6406,1000,15082512,0.844
6407,1000,11738011,0.986
6408,1000,15229737,0.857
6409,1000,14493150,0.974
6410,1000,12678872,0.977
6411,1000,9911217,0.988
6412,1000,12832831,0.982
6413,1000,14208583,0.93
6414,1000,12319844,0.936
6415,1000,7606384,0.997
6416,1000,15221602,0.936
6417,1000,11442358,0.974
6418,1000,14735928,0.723
6419,1000,11466288,0.968
6420,1000,10515994,0.973
6421,1000,9622242,0.99
6422,1000,11023786,0.964
6423,1000,11885720,0.982
6424,1000,10463499,0.95
6425,1000,6485214,0.995
6426,1000,11629145,0.979
6427,1000,11609430,0.963
6428,1000,15505929,0.903
6429,1000,16654890,0.909
6430,1000,7733717,1
6431,1000,13184435,0.988
6432,1000,10102958,0.98
6433,1000,11231159,0.945
6434,1000,15462470,0.856
6435,1000,11085000,0.971
6436,1000,9862222,0.986
6437,1000,15577130,0.972
6438,1000,13118129,0.954
6439,1000,9324831,0.982
6440,1000,9292706,0.989
6441,1000,12175210,0.955
6442,1000,10039797,0.988
6443,1000,10536874,0.992
6444,1000,12443424,0.958
6445,1000,11125547,0.973
6446,1000,17672751,0.903
6447,1000,7912578,0.992
6448,1000,12146772,0.973
6449,1000,7934204,0.994
6450,1000,16645595,0.83
6451,1000,13176311,0.874
6452,1000,11467714,0.98
6453,1000,14511883,0.907
6454,1000,11158010,0.978
6455,1000,13626039,0.915
6456,1000,15930361,0.94
6457,1000,15090601,0.732
6458,1000,13049787,0.977
6459,1000,14756661,0.926
6460,1000,16329103,0.916
6461,1000,13979727,0.985
6462,1000,10758229,0.991
6463,1000,13938818,0.955
6464,1000,16602841,0.746
6465,1000,12499806,0.949
6466,1000,14337611,0.952
6467,1000,7715326,0.995
6468,1000,8901461,0.99
6469,1000,11766286,0.967
6470,1000,16276550,0.978
6471,1000,10148289,0.982
6472,1000,11239402,0.975
6473,1000,10579515,0.981
6474,1000,13407509,0.942
6475,1000,13009679,0.976
6476,1000,15583981,0.909
6477,1000,9953782,0.993
6478,1000,5572506,0.998
6479,1000,13200831,0.966
6480,1000,14341153,0.861
6481,1000,12245303,0.968
6482,1000,9722325,0.987
6483,1000,8279670,0.983
6484,1000,7212262,1
6485,1000,7638143,0.996
6486,1000,7795792,0.997
6487,1000,8509373,0.999
6488,1000,12358515,0.974
6489,1000,13229995,0.966
6490,1000,12227925,0.967
6491,1000,12418523,0.964
6492,1000,6758608,0.992
6493,1000,9893875,0.983
6494,1000,11464991,0.955
6495,1000,12699863,0.89
6496,1000,9003163,0.997
6497,1000,10550393,0.994
6498,1000,12237053,0.987
6499,1000,7735827,0.998
6500,1000,9340452,0.985
6501,1000,14782785,0.947
6502,1000,11982359,0.978
6503,1000,17568093,0.772
6504,1000,9582508,1
6505,1000,12949270,0.971
6506,1000,12239254,0.955
6507,1000,11838563,0.993
6508,1000,11674721,0.973
6509,1000,11392453,0.978
6510,1000,13706322,0.955
6511,1000,9272613,0.96
6512,1000,10937406,0.97
6513,1000,11181068,0.993
6514,1000,12479958,0.955
6515,1000,15813661,0.896
6516,1000,14516313,0.834
6517,1000,7972491,0.996
6518,1000,14142605,0.804
6519,1000,11195391,0.973
6520,1000,8586658,0.987
6521,1000,8864570,0.981
6522,1000,7040613,0.995
6523,1000,12252950,0.992
6524,1000,15317506,0.944
6525,1000,7448612,0.999
6526,1000,11706564,0.992
6527,1000,16784898,0.782
6528,1000,15972999,0.777
6529,1000,11196267,0.988
6530,1000,10000754,0.981
6531,1000,10508583,0.995
6532,1000,12930169,0.933
6533,1000,9363246,0.98
6534,1000,7145354,0.998
6535,1000,11620349,0.983
6536,1000,12339413,0.96
6537,1000,11164845,0.97
6538,1000,6843557,0.993
6539,1000,16710304,0.775
6540,1000,10861197,0.987
6541,1000,9046258,0.987
6542,1000,16839016,0.745
6543,1000,10622655,0.994
6544,1000,10804160,0.981
6545,1000,13276579,0.941
6546,1000,14184837,0.848
6547,1000,15556595,0.833
6548,1000,10042646,0.971
6549,1000,13100887,0.881
6550,1000,11540449,0.978
6551,1000,18093067,0.764
6552,1000,10266189,0.941
6553,1000,10649528,0.99
6554,1000,8358813,0.978
6555,1000,8949001,0.991
6556,1000,12455085,0.956
6557,1000,14673672,0.972
6558,1000,12399426,0.965
6559,1000,7757322,0.998
6560,1000,9671853,0.984
6561,1000,18513715,0.775
6562,1000,8351518,0.993
6563,1000,6967542,0.993
6564,1000,10291387,0.998
6565,1000,11269477,0.912
6566,1000,9342997,0.986
6567,1000,12976358,0.968
6568,1000,15502286,0.898
6569,1000,13091026,0.988
6570,1000,6884972,0.981
6571,1000,10402422,0.993
6572,1000,13567601,0.926
6573,1000,13531158,0.963
6574,1000,10659152,0.975
6575,1000,11889045,0.966
6576,1000,9120942,0.982
6577,1000,6426027,1
6578,1000,11285718,0.983
6579,1000,16285555,0.889
6580,1000,11930390,0.964
6581,1000,13575272,0.908
6582,1000,12834479,0.955
6583,1000,11941391,0.965
6584,1000,11185969,0.955
6585,1000,8127847,0.98
6586,1000,9397603,0.996
6587,1000,11458669,0.992
6588,1000,12340522,0.961
6589,1000,15640337,0.855
6590,1000,4964118,0.996
6591,1000,15204515,0.917
6592,1000,12374336,0.967
6593,1000,14152714,0.852
6594,1000,14965691,0.94
6595,1000,9282272,0.986
6596,1000,12855316,0.937
6597,1000,14805850,0.975
6598,1000,12227615,0.971
6599,1000,13225152,0.946
6600,1000,15576550,0.8
6601,1000,11263781,0.961
6602,1000,10932550,0.974
6603,1000,15200574,0.902
6604,1000,13694211,0.965
6605,1000,7960867,0.996
6606,1000,14975381,0.943
6607,1000,10718457,0.911
6608,1000,9471937,0.989
6609,1000,16958223,0.914
6610,1000,14080645,0.934
6611,1000,13827966,0.966
6612,1000,7672204,0.983
6613,1000,11528433,0.955
6614,1000,13411323,0.968
6615,1000,10130407,0.989
6616,1000,11346342,0.983
6617,1000,11735725,0.978
6618,1000,11939206,0.956
6619,1000,13587338,0.913
6620,1000,9404161,0.986
6621,1000,14275308,0.959
6622,1000,16516647,0.833
6623,1000,13051337,0.903
6624,1000,10127316,0.991
6625,1000,5632774,0.999
6626,1000,12406928,0.984
6627,1000,10972211,0.972
6628,1000,16326185,0.856
6629,1000,10637820,0.993
6630,1000,15637452,0.931
6631,1000,14922212,0.924
6632,1000,8989093,0.996
6633,1000,12377986,0.948
6634,1000,8411503,0.993
6635,1000,13199556,0.99
6636,1000,9633566,0.99
6637,1000,12502238,0.95
6638,1000,9392769,0.985
6639,1000,8054803,0.992
6640,1000,9974456,0.996
6641,1000,9257081,0.986
6642,1000,9833251,0.993
6643,1000,6238070,0.999
6644,1000,13415187,0.917
6645,1000,13604118,0.916
6646,1000,12693706,0.957
6647,1000,11298327,0.972
6648,1000,10025197,0.993
6649,1000,13350731,0.954
6650,1000,10877499,0.993
6651,1000,8444600,0.994
6652,1000,9714731,0.961
6653,1000,12503115,0.988
6654,1000,7704039,0.997
6655,1000,14615191,0.878
6656,1000,8840548,0.999
6657,1000,16122608,0.731
6658,1000,10805345,0.886
6659,1000,12037248,0.983
6660,1000,8103596,0.985
6661,1000,15686030,0.731
6662,1000,13086836,0.977
6663,1000,13410415,0.921
6664,1000,9748938,0.982
6665,1000,14126006,0.963
6666,1000,15812496,0.803
6667,1000,9967027,0.999
6668,1000,14648440,0.892
6669,1000,13129333,0.968
6670,1000,6926607,0.995
6671,1000,15274761,0.851
6672,1000,12802129,0.937
6673,1000,16624968,0.783
6674,1000,15916225,0.692
6675,1000,9488627,0.968
6676,1000,11275735,0.984
6677,1000,7731781,0.998
6678,1000,16024425,0.89
6679,1000,8913099,0.995
6680,1000,9439301,0.976
6681,1000,11662834,0.936
6682,1000,16873022,0.895
6683,1000,11869735,0.972
6684,1000,13992214,0.881
6685,1000,12994196,0.923
6686,1000,14163996,0.911
6687,1000,9773865,0.985
6688,1000,17909977,0.866
6689,1000,16693543,0.633
6690,1000,13425199,0.933
6691,1000,11612649,0.967
6692,1000,13226098,0.974
6693,1000,10133657,0.978
6694,1000,10809746,0.952
6695,1000,16093923,0.768
6696,1000,9585227,0.951
6697,1000,12745720,0.966
6698,1000,15686422,0.916
6699,1000,10182525,0.987
6700,1000,13247228,0.941
6701,1000,14077938,0.966
6702,1000,12209892,0.986
6703,1000,8789113,0.999
6704,1000,11615639,0.978
6705,1000,17366977,0.812
6706,1000,12402960,0.957
6707,1000,10655155,0.971
6708,1000,12795438,0.954
6709,1000,9748809,0.988
6710,1000,9305476,0.992
6711,1000,10018156,0.966
6712,1000,8823468,0.996
6713,1000,10946657,0.991
6714,1000,13038327,0.927
6715,1000,11253644,0.985
6716,1000,17524576,0.7
6717,1000,16281291,0.866
6718,1000,10911678,0.986
6719,1000,13709250,0.806
6720,1000,14780370,0.92
6721,1000,12642689,0.943
6722,1000,14569098,0.894
6723,1000,9816380,0.98
6724,1000,14695836,0.926
6725,1000,10386772,0.994
6726,1000,15437275,0.905
6727,1000,9746887,0.99
6728,1000,9064517,0.983
6729,1000,9405789,0.987
6730,1000,10972842,0.96
6731,1000,8384339,0.999
6732,1000,15206745,0.842
6733,1000,15518234,0.944
6734,1000,11505400,0.994
6735,1000,10805212,0.963
6736,1000,8268713,0.95
6737,1000,13148105,0.935
6738,1000,9970340,0.993
6739,1000,13376926,0.907
6740,1000,14774371,0.938
6741,1000,7767529,0.998
6742,1000,14533873,0.972
6743,1000,8651007,0.994
6744,1000,7006249,0.989
6745,1000,14719675,0.871
6746,1000,12304753,0.924
6747,1000,10213481,0.981
6748,1000,12353623,0.991
6749,1000,4115055,0.999
6750,1000,10685789,0.986
6751,1000,16576664,0.787
6752,1000,9826151,0.997
6753,1000,14705494,0.808
6754,1000,13500932,0.73
6755,1000,10498432,0.998
6756,1000,7367097,0.996
6757,1000,6877203,0.996
6758,1000,14601884,0.914
6759,1000,7541729,0.993
6760,1000,16708815,0.717
6761,1000,13096126,0.927
6762,1000,11776931,0.984
6763,1000,13203181,0.959
6764,1000,11653441,0.983
6765,1000,10373691,0.968
6766,1000,10361947,0.993
6767,1000,9337874,0.989
6768,1000,12004189,0.979
6769,1000,9861002,0.991
6770,1000,9164094,0.996
6771,1000,6310017,0.997
6772,1000,15136447,0.913
6773,1000,12609006,0.863
6774,1000,12378069,0.86
6775,1000,13248615,0.902
6776,1000,15331680,0.898
6777,1000,6709558,0.995
6778,1000,10772642,0.997
6779,1000,12910061,0.978
6780,1000,15945650,0.847
6781,1000,12942233,0.873
6782,1000,7633671,1
6783,1000,11966737,0.977
6784,1000,12333909,0.976
6785,1000,11463078,0.96
6786,1000,8446118,0.996
6787,1000,13426243,0.957
6788,1000,14261307,0.572
6789,1000,15738447,0.858
6790,1000,6548008,0.999
6791,1000,10143211,0.981
6792,1000,17285983,0.733
6793,1000,13374792,0.965
6794,1000,11327602,0.942
6795,1000,19027947,0.71
6796,1000,12334036,0.944
6797,1000,13375112,0.955
6798,1000,12233021,0.96
6799,1000,10712013,0.99
6800,1000,9395672,0.991
6801,1000,10202817,0.986
6802,1000,12317251,0.973
6803,1000,7215351,0.998
6804,1000,13714085,0.98
6805,1000,7782412,0.994
6806,1000,10346148,0.984
6807,1000,10167539,1
6808,1000,8442697,0.992
6809,1000,15452597,0.856
6810,1000,10956595,0.966
6811,1000,9765761,0.99
6812,1000,11717969,0.986
6813,1000,12432925,0.976
6814,1000,16459852,0.757
6815,1000,12869287,0.954
6816,1000,8781548,0.984
6817,1000,12713204,0.95
6818,1000,8557564,0.997
6819,1000,10275787,0.996
6820,1000,14626919,0.887
6821,1000,11376308,0.938
6822,1000,9441668,0.966
6823,1000,8767462,0.998
6824,1000,14166050,0.982
6825,1000,16292617,0.866
6826,1000,18194093,0.807
6827,1000,9189741,0.987
6828,1000,15774082,0.923
6829,1000,14291904,0.945
6830,1000,12194186,0.985
6831,1000,5594035,0.997
6832,1000,10082441,0.997
6833,1000,9818666,0.976
6834,1000,13585605,0.974
6835,1000,7568275,1
6836,1000,12649699,0.989
6837,1000,10251637,0.971
6838,1000,16299586,0.923
6839,1000,12033003,0.987
6840,1000,10294837,0.985
6841,1000,14819813,0.962
6842,1000,8554833,0.997
6843,1000,14844655,0.906
6844,1000,12898909,0.979
6845,1000,19149933,0.651
6846,1000,12156806,0.991
6847,1000,15604439,0.922
6848,1000,14984388,0.926
6849,1000,10654682,0.991
6850,1000,14871777,0.982
6851,1000,12342326,0.932
6852,1000,4661271,0.999
6853,1000,11223656,0.984
6854,1000,6428700,0.996
6855,1000,8836842,0.98
6856,1000,8722017,0.983
6857,1000,15513014,0.815
6858,1000,14430670,0.95
6859,1000,11342767,0.985
6860,1000,11611444,0.995
6861,1000,15341236,0.773
6862,1000,8432466,0.979
6863,1000,9789549,0.994
6864,1000,7854796,0.989
6865,1000,14884059,0.961
6866,1000,17499640,0.911
6867,1000,11879194,0.938
6868,1000,12063544,0.988
6869,1000,8341205,0.999
6870,1000,12092140,0.988
6871,1000,9284707,0.996
6872,1000,13577215,0.965
6873,1000,12180273,0.978
6874,1000,7158616,0.999
6875,1000,14552058,0.896
6876,1000,11840744,0.983
6877,1000,12201814,0.977
6878,1000,13107376,0.931
6879,1000,10401949,0.982
6880,1000,8309598,0.988
6881,1000,7356584,0.997
6882,1000,14812786,0.962
6883,1000,7197084,0.982
6884,1000,8124988,0.999
6885,1000,9046288,0.991
6886,1000,14993019,0.945
6887,1000,16179824,0.91
6888,1000,7305302,0.991
6889,1000,14159973,0.928
6890,1000,13011320,0.977
6891,1000,14688112,0.936
6892,1000,13309911,0.979
6893,1000,13247261,0.894
6894,1000,10627977,0.981
6895,1000,10850832,0.982
6896,1000,12689540,0.978
6897,1000,8882898,0.994
6898,1000,12879414,0.936
6899,1000,13541007,0.911
6900,1000,12367905,0.984
6901,1000,7512626,0.995
6902,1000,18180577,0.849
6903,1000,12831668,0.966
6904,1000,15495650,0.966
6905,1000,15340367,0.837
6906,1000,16144310,0.765
6907,1000,16822517,0.895
6908,1000,11826922,0.973
6909,1000,15006913,0.899
6910,1000,10083163,0.987
6911,1000,9006648,0.996
6912,1000,8516645,0.996
6913,1000,9428793,0.999
6914,1000,15542161,0.835
6915,1000,18626424,0.807
6916,1000,14688093,0.913
6917,1000,8070328,0.99
6918,1000,9680819,0.987
6919,1000,17691921,0.86
6920,1000,11548802,0.962
6921,1000,13762146,0.958
6922,1000,12899884,0.797
6923,1000,6746656,0.994
6924,1000,13330710,0.955
6925,1000,13795256,0.965
6926,1000,8623928,0.99
6927,1000,15554747,0.851
6928,1000,12747563,0.977
6929,1000,8652758,0.998
6930,1000,8084531,0.997
6931,1000,10779325,0.971
6932,1000,10641876,0.986
6933,1000,11111976,0.973
6934,1000,8065821,0.994
6935,1000,9474321,0.997
6936,1000,11405803,0.991
6937,1000,8591234,0.995
6938,1000,6636241,0.996
6939,1000,12741029,0.944
6940,1000,14704562,0.957
6941,1000,11490513,0.972
6942,1000,8550603,0.986
6943,1000,14788357,0.878
6944,1000,10099391,0.998
6945,1000,14192021,0.932
6946,1000,15281381,0.94
6947,1000,14968106,0.932
6948,1000,17855575,0.8
6949,1000,13576329,0.976
6950,1000,9406263,0.986
6951,1000,8189951,0.999
6952,1000,7999160,0.999
6953,1000,12475295,0.966
6954,1000,15367664,0.801
6955,1000,13660679,0.98
6956,1000,6469004,0.998
6957,1000,14223257,0.954
6958,1000,12134333,0.983
6959,1000,14313476,0.936
6960,1000,9441354,0.993
6961,1000,9554826,0.99
6962,1000,13386540,0.948
6963,1000,15143099,0.851
6964,1000,7896569,0.999
6965,1000,8915660,0.986
6966,1000,13703305,0.708
6967,1000,7145288,0.999
6968,1000,9499434,0.996
6969,1000,16012350,0.85
6970,1000,7856395,0.993
6971,1000,6831714,0.999
6972,1000,9503391,0.998
6973,1000,12787214,0.939
6974,1000,10504880,0.976
6975,1000,15676113,0.82
6976,1000,12528654,0.986
6977,1000,7582164,0.998
6978,1000,13991484,0.955
6979,1000,7401341,0.998
0,1200,10197932,0.976
1,1200,10681417,0.975
2,1200,14113046,0.924
3,1200,10900641,0.962
4,1200,10114492,0.984
5,1200,14973326,0.911
6,1200,15300146,0.906
7,1200,13846753,0.907
8,1200,12968790,0.848
9,1200,12871413,0.952
10,1200,10485070,0.99
11,1200,12107608,0.959
12,1200,12598356,0.939
13,1200,12644620,0.967
14,1200,6877197,0.996
15,1200,11900035,0.969
16,1200,8015726,0.995
17,1200,8149196,0.992
18,1200,6445868,0.999
19,1200,8864551,0.992
20,1200,6676035,0.999
21,1200,10938385,0.976
22,1200,14312108,0.932
23,1200,9680278,0.998
24,1200,9779430,0.989
25,1200,12575183,0.951
26,1200,8098887,1
27,1200,12432354,0.966
28,1200,8680380,0.995
29,1200,10217842,0.972
30,1200,12931769,0.861
31,1200,9068004,0.997
32,1200,9382670,0.997
33,1200,5497406,0.999
34,1200,11918818,0.953
35,1200,14953150,0.865
36,1200,7361427,0.991
37,1200,14091160,0.957
38,1200,11105323,0.961
39,1200,6288214,0.996
40,1200,14437963,0.864
41,1200,11089766,0.98
42,1200,10525405,0.978
43,1200,16494924,0.79
44,1200,9711984,0.995
45,1200,11773513,0.965
46,1200,9244242,0.983
47,1200,15515956,0.82
48,1200,13801047,0.892
49,1200,7498957,0.996
50,1200,12268319,0.963
51,1200,12123405,0.972
52,1200,8177451,0.982
53,1200,10769412,0.967
54,1200,10679810,0.984
55,1200,8942307,0.996
56,1200,15573287,0.928
57,1200,9156535,0.987
58,1200,6948601,0.971
59,1200,6842325,0.998
60,1200,14872146,0.855
61,1200,15463918,0.65
62,1200,12402792,0.976
63,1200,10533529,0.988
64,1200,9368306,0.96
65,1200,6704855,0.998
66,1200,9800621,0.992
67,1200,8643937,0.993
68,1200,15345400,0.816
69,1200,10326935,0.963
70,1200,11780713,0.992
71,1200,6916759,1
72,1200,12878746,0.965
73,1200,10403240,0.958
74,1200,10364346,0.955
75,1200,5832025,0.998
76,1200,6179911,0.998
77,1200,8342482,0.989
78,1200,13524237,0.932
79,1200,12303016,0.975
80,1200,10822998,0.965
81,1200,10164719,0.98
82,1200,14090670,0.837
83,1200,13835169,0.817
84,1200,8376914,0.985
85,1200,11728095,0.985
86,1200,7251435,0.997
87,1200,8733262,0.997
88,1200,14780079,0.924
89,1200,11420582,0.795
90,1200,10849460,0.987
91,1200,13817653,0.982
92,1200,13226885,0.953
93,1200,6440551,0.999
94,1200,11380129,0.983
95,1200,11224903,0.993
96,1200,12401870,0.962
97,1200,7233977,0.999
98,1200,13736986,0.862
99,1200,13178024,0.912
100,1200,8102008,0.991
101,1200,11212864,0.976
102,1200,11753624,0.981
103,1200,12571432,0.871
104,1200,6938856,0.993
105,1200,12288608,0.981
106,1200,10854403,0.978
107,1200,14092537,0.891
108,1200,9134417,1
109,1200,12630818,0.945
110,1200,9142988,0.98
111,1200,9213608,0.995
112,1200,10838495,0.978
113,1200,12784530,0.923
114,1200,12074030,0.983
115,1200,8622088,0.996
116,1200,15038828,0.806
117,1200,10971062,0.992
118,1200,10396591,0.944
119,1200,6805077,0.994
120,1200,4943096,0.999
121,1200,12268120,0.955
122,1200,8847888,0.991
123,1200,15589832,0.85
124,1200,9086381,0.997
125,1200,8868427,0.991
126,1200,6644888,0.999
127,1200,6019205,0.998
128,1200,16244664,0.8
129,1200,7113733,0.997
130,1200,4353914,1
131,1200,11176849,0.945
132,1200,13345542,0.866
133,1200,11619291,0.987
134,1200,9847776,0.993
135,1200,9211189,0.934
136,1200,7621558,0.992
137,1200,6593517,0.999
138,1200,9791394,0.983
139,1200,11453818,0.984
140,1200,9893586,0.997
141,1200,9758756,0.967
142,1200,7832783,0.998
143,1200,13479649,0.781
144,1200,12459002,0.949
145,1200,12021979,0.933
146,1200,5741399,0.999
147,1200,9666927,0.993
148,1200,14517083,0.924
149,1200,9491333,0.915
150,1200,10209037,0.992
151,1200,14046397,0.909
152,1200,10210699,0.986
153,1200,12705783,0.968
154,1200,12601598,0.987
155,1200,13947717,0.936
156,1200,14420745,0.941
157,1200,8190814,0.996
158,1200,13369316,0.899
159,1200,14244208,0.923
160,1200,8606725,0.992
161,1200,10269873,0.946
162,1200,9651846,0.994
163,1200,11064344,0.908
164,1200,7781912,0.999
165,1200,16358776,0.793
166,1200,11402484,0.918
167,1200,10927586,0.966
168,1200,14086373,0.896
169,1200,12080188,0.977
170,1200,13446971,0.947
171,1200,14090699,0.971
172,1200,9361441,0.976
173,1200,14282945,0.903
174,1200,13355151,0.935
175,1200,14257625,0.884
176,1200,10471365,0.986
177,1200,12188378,0.936
178,1200,9911129,0.982
179,1200,10750720,0.974
180,1200,14927002,0.83
181,1200,5720948,0.999
182,1200,7258547,0.997
183,1200,14026644,0.913
184,1200,9423662,0.999
185,1200,5399424,0.999
186,1200,13010963,0.965
187,1200,9505645,0.997
188,1200,11555466,0.985
189,1200,10162574,0.988
190,1200,14503879,0.916
191,1200,13815044,0.964
192,1200,4186074,1
193,1200,11576893,0.974
194,1200,13435376,0.926
195,1200,8944943,0.992
196,1200,12432509,0.961
197,1200,7487172,0.997
198,1200,11296329,0.964
199,1200,15353730,0.892
200,1200,8738161,0.988
201,1200,9616070,0.985
202,1200,5623736,1
203,1200,8666299,0.993
204,1200,10507892,0.977
205,1200,9965600,0.983
206,1200,12806459,0.965
207,1200,15145308,0.736
208,1200,10045746,0.996
209,1200,8317895,0.998
210,1200,9225565,0.986
211,1200,15046465,0.943
212,1200,10581860,0.973
213,1200,16625877,0.729
214,1200,13329565,0.937
215,1200,9734908,0.982
216,1200,9094025,0.998
217,1200,12954168,0.978
218,1200,16865035,0.724
219,1200,14225213,0.923
220,1200,15382806,0.835
221,1200,9819944,0.987
222,1200,11171903,0.954
223,1200,7403206,0.998
224,1200,14158277,0.894
225,1200,12811970,0.957
226,1200,14998808,0.831
227,1200,11482126,0.989
228,1200,4624720,1
229,1200,10089012,0.992
230,1200,6635838,0.993
231,1200,14172428,0.93
232,1200,9562546,0.978
233,1200,10025829,0.96
234,1200,11927612,0.96
235,1200,8810357,0.992
236,1200,4350734,1
237,1200,9193552,0.994
238,1200,12686897,0.885
239,1200,6027765,1
240,1200,7010410,0.987
241,1200,14637346,0.877
242,1200,12205139,0.956
243,1200,8111774,0.998
244,1200,11003058,0.955
245,1200,12337884,0.953
246,1200,10358286,0.993
247,1200,7394523,0.996
248,1200,14397980,0.955
249,1200,6910477,0.996
250,1200,11660392,0.984
251,1200,8724817,0.992
252,1200,7048677,0.999
253,1200,12679569,0.962
254,1200,12737939,0.97
255,1200,10649078,0.989
256,1200,6304396,0.999
257,1200,8592515,0.997
258,1200,11158795,0.982
259,1200,12982081,0.973
260,1200,6682609,0.997
261,1200,8967404,0.994
262,1200,14021807,0.93
263,1200,12417392,0.967
264,1200,17091348,0.771
265,1200,11919216,0.987
266,1200,12229815,0.972
267,1200,11762017,0.896
268,1200,15163193,0.786
269,1200,7434454,1
270,1200,11479719,0.975
271,1200,12236824,0.842
272,1200,10816873,0.982
273,1200,7207751,0.987
274,1200,11018522,0.978
275,1200,7430688,0.993
276,1200,5264218,1
277,1200,14039192,0.938
278,1200,13069091,0.96
279,1200,7171705,0.985
280,1200,7888230,0.995
281,1200,13142213,0.936
282,1200,14304096,0.968
283,1200,8670832,0.995
284,1200,9710093,0.991
285,1200,15403122,0.809
286,1200,6349766,0.999
287,1200,9551408,0.991
288,1200,12035432,0.935
289,1200,6666226,0.997
290,1200,6645921,0.998
291,1200,9424251,0.974
292,1200,12647578,0.9
293,1200,11987266,0.987
294,1200,12210558,0.973
295,1200,11643838,0.989
296,1200,12483778,0.966
297,1200,12843989,0.955
298,1200,9494319,0.992
299,1200,11312117,0.985
300,1200,12332405,0.714
301,1200,7222425,0.993
302,1200,15198061,0.864
303,1200,14606668,0.857
304,1200,9302955,0.987
305,1200,10675046,0.925
306,1200,12116506,0.981
307,1200,8314880,0.997
308,1200,8782345,0.989
309,1200,12997303,0.97
310,1200,5939307,1
311,1200,9843392,0.959
312,1200,13159944,0.956
313,1200,11174049,0.974
314,1200,9739554,0.994
315,1200,14546425,0.941
316,1200,6108987,1
317,1200,12709048,0.926
318,1200,14301692,0.945
319,1200,13981872,0.965
320,1200,11624635,0.928
321,1200,12124021,0.968
322,1200,5365345,1
323,1200,6078718,0.999
324,1200,6152538,0.996
325,1200,15182503,0.876
326,1200,11616051,0.947
327,1200,9598416,0.983
328,1200,13594192,0.96
329,1200,12265661,0.982
330,1200,8347563,0.995
331,1200,13477568,0.925
332,1200,11117773,0.992
333,1200,6994805,0.983
334,1200,9730864,0.992
335,1200,4784313,1
336,1200,8939111,0.998
337,1200,14742983,0.943
338,1200,9743287,0.996
339,1200,8399344,0.993
340,1200,11138642,0.968
341,1200,11992094,0.96
342,1200,6344409,0.998
343,1200,10836278,0.969
344,1200,13145422,0.982
345,1200,8916814,0.992
346,1200,11539594,0.944
347,1200,9232575,0.971
348,1200,6163462,0.997
349,1200,9120163,0.974
350,1200,7430972,0.985
351,1200,8134229,0.993
352,1200,7477749,0.996
353,1200,7933031,0.983
354,1200,13970367,0.895
355,1200,9343563,0.99
356,1200,13199004,0.924
357,1200,12490088,0.961
358,1200,15630826,0.837
359,1200,6446785,0.997
360,1200,14906423,0.899
361,1200,13821960,0.968
362,1200,6838355,0.999
363,1200,12729608,0.947
364,1200,14602923,0.873
365,1200,10763095,0.972
366,1200,10806110,0.923
367,1200,11625794,0.98
368,1200,14620985,0.895
369,1200,7351555,0.992
370,1200,13355860,0.859
371,1200,13178614,0.838
372,1200,12541488,0.914
373,1200,8070613,0.997
374,1200,18578126,0.796
375,1200,10626234,0.99
376,1200,15705928,0.884
377,1200,16095522,0.809
378,1200,11555452,0.968
379,1200,12393740,0.784
380,1200,9809407,0.986
381,1200,13519512,0.951
382,1200,13475066,0.966
383,1200,14344042,0.854
384,1200,5520955,0.999
385,1200,7506904,0.981
386,1200,12076201,0.952
387,1200,13233694,0.986
388,1200,11340378,0.985
389,1200,13302160,0.873
390,1200,8807579,0.989
391,1200,10789680,0.982
392,1200,14489440,0.829
393,1200,8388820,0.996
394,1200,12606129,0.968
395,1200,15005863,0.789
396,1200,7228728,0.979
397,1200,7844361,0.993
398,1200,15116466,0.752
399,1200,9801194,0.979
400,1200,8356179,0.993
401,1200,13516990,0.947
402,1200,8006466,0.984
403,1200,13311494,0.963
404,1200,6987329,0.992
405,1200,16525552,0.803
406,1200,15641839,0.891
407,1200,9001497,0.996
408,1200,13755967,0.964
409,1200,11948055,0.98
410,1200,6356799,1
411,1200,10040296,0.999
412,1200,14522625,0.943
413,1200,8350039,0.983
414,1200,14433743,0.884
415,1200,10117324,0.983
416,1200,14618019,0.943
417,1200,7140182,0.984
418,1200,8501009,0.994
419,1200,12434568,0.926
420,1200,7849989,0.998
421,1200,9201870,0.998
422,1200,9420729,0.984
423,1200,7971602,0.994
424,1200,9484456,0.982
425,1200,14141450,0.984
426,1200,8287513,0.998
427,1200,9241333,0.996
428,1200,15093795,0.881
429,1200,13899822,0.938
430,1200,10962142,0.973
431,1200,14088749,0.932
432,1200,5709767,1
433,1200,11327669,0.985
434,1200,4771029,1
435,1200,14857712,0.684
436,1200,12455231,0.979
437,1200,14434082,0.79
438,1200,14908245,0.938
439,1200,8620061,0.995
440,1200,5976340,1
441,1200,10021794,0.984
442,1200,10532812,0.992
443,1200,12950288,0.958
444,1200,11357654,0.976
445,1200,14409608,0.954
446,1200,11850794,0.934
447,1200,9078111,0.985
448,1200,10987344,0.989
449,1200,13209438,0.926
450,1200,8376090,0.979
451,1200,14435770,0.978
452,1200,7841825,1
453,1200,9350394,0.994
454,1200,8849688,0.988
455,1200,12242928,0.98
456,1200,9413052,0.996
457,1200,11062091,0.98
458,1200,9999114,0.979
459,1200,13230331,0.906
460,1200,14473684,0.897
461,1200,12697336,0.934
462,1200,12631163,0.933
463,1200,7107503,0.999
464,1200,13308043,0.967
465,1200,6499637,0.991
466,1200,7792107,0.997
467,1200,8702513,0.995
468,1200,4870967,0.999
469,1200,10619406,0.977
470,1200,14174283,0.939
471,1200,5375153,1
472,1200,12021558,0.974
473,1200,13941194,0.925
474,1200,13193883,0.941
475,1200,10803481,0.995
476,1200,9519035,0.989
477,1200,11021789,0.973
478,1200,14549563,0.914
479,1200,6813040,0.992
480,1200,14897163,0.887
481,1200,12611973,0.971
482,1200,6446669,0.997
483,1200,8547515,0.997
484,1200,6120579,1
485,1200,14779180,0.927
486,1200,7698363,0.991
487,1200,13824352,0.962
488,1200,15391251,0.918
489,1200,13586237,0.955
490,1200,12988139,0.913
491,1200,16024457,0.839
492,1200,8122965,0.998
493,1200,13222000,0.972
494,1200,12756103,0.893
495,1200,10543536,0.979
496,1200,8315081,0.979
497,1200,16045062,0.772
498,1200,6959502,0.996
499,1200,5187086,0.999
500,1200,10958225,0.966
501,1200,7946642,0.99
502,1200,9970252,0.987
503,1200,5222201,1
504,1200,11666526,0.972
505,1200,14438680,0.952
506,1200,7020487,1
507,1200,11385875,0.974
508,1200,11710777,0.988
509,1200,8757235,0.996
510,1200,7269707,0.996
511,1200,15680208,0.877
512,1200,11572582,0.972
513,1200,12683804,0.949
514,1200,10446379,0.993
515,1200,13709373,0.939
516,1200,6537483,0.997
517,1200,14127252,0.938
518,1200,7928682,0.992
519,1200,13317521,0.968
520,1200,8187553,0.997
521,1200,13224077,0.964
522,1200,7002549,0.996
523,1200,7656937,0.997
524,1200,5946076,0.998
525,1200,12983552,0.924
526,1200,8607079,0.96
527,1200,9405286,0.988
528,1200,7311762,0.996
529,1200,9951267,0.975
530,1200,7085211,0.997
531,1200,10767524,0.989
532,1200,10766426,0.997
533,1200,9595641,0.997
534,1200,15223102,0.956
535,1200,12971210,0.932
536,1200,7655202,0.997
537,1200,9361740,0.981
538,1200,5497816,1
539,1200,8526661,0.996
540,1200,12705361,0.962
541,1200,8708803,0.999
542,1200,12423745,0.975
543,1200,14284683,0.945
544,1200,7744069,0.989
545,1200,13893205,0.911
546,1200,9438304,0.99
547,1200,3948310,1
548,1200,7082948,0.994
549,1200,13059065,0.976
550,1200,11287728,0.921
551,1200,9394249,0.98
552,1200,15843193,0.841
553,1200,12909735,0.939
554,1200,10695004,0.99
555,1200,11893552,0.981
556,1200,11273139,0.925
557,1200,12110193,0.956
558,1200,14331690,0.857
559,1200,9646694,0.971
560,1200,10747645,0.959
561,1200,8449448,0.999
562,1200,8495556,0.987
563,1200,9056174,0.997
564,1200,14186332,0.961
565,1200,12368894,0.967
566,1200,6550136,0.999
567,1200,10559688,0.954
568,1200,10510149,0.993
569,1200,15990468,0.835
570,1200,6146320,0.998
571,1200,13252871,0.946
572,1200,10576029,0.99
573,1200,10138256,0.995
574,1200,10716287,0.975
575,1200,10850799,0.988
576,1200,11436924,0.978
577,1200,10410518,0.987
578,1200,12831551,0.97
579,1200,12762213,0.886
580,1200,5873379,1
581,1200,12088489,0.988
582,1200,7462817,0.996
583,1200,12728275,0.961
584,1200,7587981,0.997
585,1200,12346587,0.962
586,1200,16353097,0.768
587,1200,7099535,1
588,1200,13927526,0.962
589,1200,8661343,0.987
590,1200,7792452,0.999
591,1200,14638946,0.885
592,1200,13710875,0.896
593,1200,10626489,0.973
594,1200,13877338,0.901
595,1200,11367625,0.93
596,1200,6551767,0.999
597,1200,10923657,0.977
598,1200,12987225,0.97
599,1200,13392760,0.955
600,1200,7616469,0.997
601,1200,11144662,0.978
602,1200,14316206,0.876
603,1200,13382750,0.882
604,1200,9509434,0.991
605,1200,14856656,0.935
606,1200,9423378,0.986
607,1200,14410622,0.951
608,1200,13519077,0.76
609,1200,9548426,0.984
610,1200,7276063,0.999
611,1200,8425648,0.963
612,1200,10765382,0.976
613,1200,7717326,0.996
614,1200,14139397,0.799
615,1200,13435046,0.956
616,1200,10818828,0.984
617,1200,8671807,0.992
618,1200,12212980,0.961
619,1200,11224849,0.963
620,1200,12857357,0.961
621,1200,6705631,1
622,1200,11886423,0.981
623,1200,9237331,0.953
624,1200,14134677,0.903
625,1200,8275612,0.995
626,1200,16319467,0.734
627,1200,10100910,0.993
628,1200,13226387,0.937
629,1200,16460725,0.753
630,1200,11165770,0.9
631,1200,9674699,0.987
632,1200,8290940,0.996
633,1200,9816246,0.998
634,1200,8109946,0.998
635,1200,9244828,1
636,1200,13886921,0.893
637,1200,15414661,0.828
638,1200,14714635,0.869
639,1200,14937487,0.992
640,1200,12482881,0.903
641,1200,10290738,0.997
642,1200,11950615,0.982
643,1200,14585506,0.862
644,1200,5980138,1
645,1200,6331703,0.999
646,1200,14879421,0.901
647,1200,11514186,0.935
648,1200,14015336,0.868
649,1200,14826278,0.889
650,1200,10231940,0.989
651,1200,6083456,0.998
652,1200,14132036,0.944
653,1200,14304069,0.94
654,1200,11690401,0.989
655,1200,14828824,0.947
656,1200,7377080,0.996
657,1200,9521030,0.988
658,1200,8636561,0.999
659,1200,14879999,0.877
660,1200,8677032,0.987
661,1200,9327771,0.994
662,1200,11216554,0.96
663,1200,6448395,1
664,1200,7388064,0.997
665,1200,11394890,0.958
666,1200,12502145,0.982
667,1200,9406097,0.988
668,1200,11191187,0.985
669,1200,11875004,0.968
670,1200,7710330,0.997
671,1200,13462012,0.941
672,1200,7825516,0.986
673,1200,9804520,0.997
674,1200,14004535,0.919
675,1200,6886424,0.994
676,1200,11874426,0.987
677,1200,15974422,0.88
678,1200,14012794,0.827
679,1200,14679793,0.982
680,1200,10754423,0.981
681,1200,8335454,0.997
682,1200,7443067,0.996
683,1200,8315597,0.991
684,1200,10376407,0.965
685,1200,9162647,0.999
686,1200,7777788,0.991
687,1200,8973497,0.996
688,1200,14888595,0.862
689,1200,14008515,0.93
690,1200,5450161,1
691,1200,13416424,0.944
692,1200,6030073,1
693,1200,14423269,0.788
694,1200,8997667,0.995
695,1200,12893828,0.952
696,1200,14906897,0.909
697,1200,14119151,0.943
698,1200,10066130,0.986
699,1200,8812710,0.996
700,1200,10321518,0.99
701,1200,14978094,0.911
702,1200,13589480,0.937
703,1200,7046210,0.994
704,1200,9350845,0.987
705,1200,16359201,0.832
706,1200,8976905,0.998
707,1200,8534501,1
708,1200,13000827,0.892
709,1200,12425042,0.976
710,1200,13777812,0.94
711,1200,11740843,0.975
712,1200,7390617,0.995
713,1200,12339886,0.916
714,1200,10075052,0.999
715,1200,15657629,0.798
716,1200,5407854,0.999
717,1200,8315592,0.999
718,1200,7558451,0.998
719,1200,12351100,0.959
720,1200,11882140,0.982
721,1200,9381150,0.991
722,1200,7918716,0.997
723,1200,9161519,0.985
724,1200,11301762,0.97
725,1200,8847090,0.994
726,1200,12125770,0.918
727,1200,8047467,0.99
728,1200,11598035,0.945
729,1200,8395576,0.997
730,1200,13516365,0.951
731,1200,10963115,0.953
732,1200,5866138,1
733,1200,6615850,0.999
734,1200,14330121,0.946
735,1200,11409574,0.972
736,1200,12471564,0.949
737,1200,16602027,0.742
738,1200,7666837,0.987
739,1200,11469847,0.971
740,1200,10320983,0.957
741,1200,10543709,0.993
742,1200,7274569,0.992
743,1200,12214673,0.984
744,1200,12662789,0.904
745,1200,7759950,0.997
746,1200,16015549,0.801
747,1200,8774716,0.988
748,1200,13429576,0.926
749,1200,9461373,0.991
750,1200,7950499,0.999
751,1200,8336007,0.998
752,1200,7521510,0.995
753,1200,6288153,1
754,1200,9484184,0.991
755,1200,10595372,0.993
756,1200,14868840,0.927
757,1200,8538073,0.986
758,1200,12317302,0.969
759,1200,10875222,0.991
760,1200,11579064,0.886
761,1200,16476467,0.869
762,1200,6756376,0.992
763,1200,8687289,0.993
764,1200,8924067,0.995
765,1200,11517337,0.971
766,1200,14766255,0.924
767,1200,11597622,0.982
768,1200,15582267,0.92
769,1200,9586454,0.993
770,1200,12217568,0.971
771,1200,16105315,0.877
772,1200,9390554,0.916
773,1200,6180334,1
774,1200,8511628,0.992
775,1200,12918264,0.96
776,1200,13958787,0.932
777,1200,7829367,0.996
778,1200,8257272,0.999
779,1200,13544638,0.924
780,1200,9872779,0.989
781,1200,12429641,0.982
782,1200,14217186,0.906
783,1200,8514970,0.995
784,1200,14346765,0.658
785,1200,15157946,0.815
786,1200,11365282,0.983
787,1200,8891252,0.991
788,1200,7552651,0.997
789,1200,13282361,0.894
790,1200,14107501,0.896
791,1200,9734805,0.991
792,1200,13466943,0.92
793,1200,10084409,0.992
794,1200,13896227,0.929
795,1200,13264514,0.955
796,1200,10961696,0.97
797,1200,7262717,0.998
798,1200,10437160,0.993
799,1200,14491269,0.924
800,1200,9161207,0.997
801,1200,8719072,0.963
802,1200,11395446,0.975
803,1200,11908807,0.954
804,1200,12339822,0.993
805,1200,5068055,0.999
806,1200,12897887,0.888
807,1200,12786898,0.924
808,1200,8742685,0.99
809,1200,11308953,0.979
810,1200,15141521,0.933
811,1200,11883161,0.985
812,1200,13241556,0.925
813,1200,8309450,0.995
814,1200,9771452,0.972
815,1200,11795488,0.964
816,1200,8343546,0.993
817,1200,14092668,0.932
818,1200,13277109,0.938
819,1200,11238581,0.978
820,1200,8318760,0.985
821,1200,9372786,0.999
822,1200,12648187,0.967
823,1200,7490399,0.993
824,1200,11538991,0.974
825,1200,8172940,0.996
826,1200,15294955,0.796
827,1200,14430258,0.925
828,1200,8190831,0.983
829,1200,12648456,0.919
830,1200,9820811,0.99
831,1200,11894341,0.978
832,1200,8951542,0.995
833,1200,9155630,0.999
834,1200,12821294,0.971
835,1200,6574131,1
836,1200,8892655,0.994
837,1200,8212448,0.984
838,1200,10323064,0.963
839,1200,10738434,0.986
840,1200,9625831,0.984
841,1200,12257125,0.964
842,1200,6935977,0.994
843,1200,10830868,0.984
844,1200,9502622,0.851
845,1200,13965061,0.921
846,1200,9953572,0.974
847,1200,8846852,0.997
848,1200,10090651,0.988
849,1200,10640548,0.984
850,1200,11581484,0.98
851,1200,4603992,0.999
852,1200,11189770,0.994
853,1200,9091793,0.993
854,1200,15242193,0.854
855,1200,11394931,0.979
856,1200,12019116,0.981
857,1200,9871113,0.968
858,1200,11922901,0.945
859,1200,13728888,0.953
860,1200,5283202,1
861,1200,10719399,0.991
862,1200,7313351,1
863,1200,11320839,0.992
864,1200,10900355,0.984
865,1200,9287334,0.98
866,1200,12571779,0.959
867,1200,8215895,0.982
868,1200,15504486,0.871
869,1200,15285301,0.873
870,1200,11888123,0.964
871,1200,7671223,0.998
872,1200,9976624,0.979
873,1200,10527025,0.969
874,1200,11684909,0.976
875,1200,14500561,0.875
876,1200,12516188,0.907
877,1200,6944542,1
878,1200,8305989,0.971
879,1200,11600341,0.997
880,1200,10099979,0.987
881,1200,12279446,0.974
882,1200,12508192,0.982
883,1200,15658751,0.898
884,1200,11067829,0.993
885,1200,6124290,0.999
886,1200,12521952,0.947
887,1200,11991963,0.966
888,1200,9512675,0.998
889,1200,6876830,0.994
890,1200,13377585,0.893
891,1200,11522869,0.946
892,1200,10739583,0.984
893,1200,9164517,0.973
894,1200,15580632,0.938
895,1200,12993816,0.96
896,1200,11764657,0.965
897,1200,8933692,0.996
898,1200,6812808,0.992
899,1200,9449807,0.99
900,1200,10233031,0.985
901,1200,8197933,0.996
902,1200,13411373,0.947
903,1200,10906311,0.992
904,1200,8421755,0.994
905,1200,6546902,0.999
906,1200,14460087,0.827
907,1200,3924339,0.999
908,1200,8220177,0.996
909,1200,13189379,0.957
910,1200,7349942,0.998
911,1200,6799137,0.997
912,1200,12584476,0.894
913,1200,8206848,0.997
914,1200,12425999,0.979
915,1200,9105209,0.998
916,1200,7131678,0.993
917,1200,7798332,0.996
918,1200,11400180,0.978
919,1200,10498660,0.975
920,1200,7208064,0.996
921,1200,11349402,0.973
922,1200,10280567,0.98
923,1200,5331018,1
924,1200,13187722,0.962
925,1200,11405305,0.989
926,1200,10997959,0.986
927,1200,13420980,0.88
928,1200,11180882,0.984
929,1200,11204451,0.905
930,1200,11615672,0.986
931,1200,10118831,0.995
932,1200,8460674,0.994
933,1200,12648828,0.85
934,1200,7467987,0.992
935,1200,6072655,1
936,1200,12112600,0.979
937,1200,5082919,1
938,1200,13602264,0.943
939,1200,13363210,0.906
940,1200,9707182,0.99
941,1200,9374565,0.992
942,1200,8971153,0.987
943,1200,10921922,0.963
944,1200,10803426,0.968
945,1200,11967261,0.973
946,1200,11006429,0.991
947,1200,14686086,0.857
948,1200,12110370,0.975
949,1200,10745047,0.992
950,1200,6391410,0.997
951,1200,16925810,0.916
952,1200,9801875,0.992
953,1200,6924406,0.999
954,1200,14067133,0.818
955,1200,9028534,0.988
956,1200,11749925,0.986
957,1200,10071880,0.961
958,1200,11649236,0.987
959,1200,9701841,0.99
960,1200,11322927,0.97
961,1200,9462513,0.987
962,1200,12002968,0.948
963,1200,15173059,0.746
964,1200,17397774,0.935
965,1200,8021806,0.989
966,1200,8921965,0.991
967,1200,8825299,0.961
968,1200,9013284,0.973
969,1200,10375472,0.995
970,1200,8488482,0.988
971,1200,10547096,0.956
972,1200,11281395,0.976
973,1200,11886540,0.962
974,1200,11253565,0.991
975,1200,16150783,0.792
976,1200,12300593,0.952
977,1200,17871168,0.81
978,1200,14105325,0.929
979,1200,13468709,0.983
980,1200,12359650,0.96
981,1200,13896121,0.903
982,1200,10372801,0.993
983,1200,7733727,0.996
984,1200,13819609,0.951
985,1200,7749011,0.998
986,1200,9206193,0.995
987,1200,14914394,0.953
988,1200,8865590,0.995
989,1200,18364643,0.902
990,1200,11817050,0.994
991,1200,13830121,0.828
992,1200,11606032,0.928
993,1200,13422069,0.972
994,1200,9906788,0.977
995,1200,11697346,0.967
996,1200,8221487,0.999
997,1200,14729887,0.975
998,1200,12627243,0.965
999,1200,7672235,0.999
1000,1200,10525216,0.989
1001,1200,6253804,0.999
1002,1200,12549250,0.996
1003,1200,10282301,0.985
1004,1200,9883320,0.995
1005,1200,7470834,0.999
1006,1200,7666757,0.994
1007,1200,8282711,0.997
1008,1200,15145603,0.924
1009,1200,6952017,0.999
1010,1200,12843887,0.958
1011,1200,7584689,1
1012,1200,6834012,0.999
1013,1200,8975535,0.994
1014,1200,13661315,0.908
1015,1200,14779484,0.885
1016,1200,16254425,0.868
1017,1200,9416896,0.973
1018,1200,12978045,0.952
1019,1200,8651562,0.972
1020,1200,15242333,0.931
1021,1200,7512438,0.996
1022,1200,6096566,0.999
1023,1200,14059589,0.976
1024,1200,15332646,0.927
1025,1200,10296820,0.973
1026,1200,9455193,0.981
1027,1200,6206847,0.998
1028,1200,8200417,0.998
1029,1200,15673566,0.961
1030,1200,10152240,0.993
1031,1200,14524705,0.914
1032,1200,10533928,0.983
1033,1200,5444473,0.998
1034,1200,10422766,0.995
1035,1200,9945343,0.997
1036,1200,15108777,0.937
1037,1200,16308897,0.881
1038,1200,14383499,0.938
1039,1200,14129269,0.958
1040,1200,6697717,0.999
1041,1200,8995811,0.997
1042,1200,9688909,0.99
1043,1200,9324115,0.986
1044,1200,12052414,0.863
1045,1200,8014433,0.99
1046,1200,12465680,0.965
1047,1200,12011586,0.939
1048,1200,8944275,0.994
1049,1200,11438729,0.973
1050,1200,14133876,0.89
1051,1200,13303424,0.939
1052,1200,13228932,0.953
1053,1200,11533204,0.985
1054,1200,8543600,0.992
1055,1200,10347838,0.983
1056,1200,8046821,0.997
1057,1200,13658676,0.971
1058,1200,6800314,1
1059,1200,11539986,0.99
1060,1200,6885523,0.996
1061,1200,12701281,0.964
1062,1200,10083671,0.98
1063,1200,11471996,0.948
1064,1200,12885996,0.945
1065,1200,13093138,0.943
1066,1200,10606387,0.995
1067,1200,13305017,0.959
1068,1200,15983544,0.883
1069,1200,10459053,0.988
1070,1200,14487490,0.834
1071,1200,8710934,0.998
1072,1200,7970628,0.998
1073,1200,13164860,0.975
1074,1200,9932212,0.998
1075,1200,10558114,0.977
1076,1200,15185697,0.822
1077,1200,14748797,0.841
1078,1200,6248425,1
1079,1200,15623702,0.912
1080,1200,6714234,0.997
1081,1200,10046183,0.991
1082,1200,12083313,0.95
1083,1200,13503042,0.929
1084,1200,10445300,0.993
1085,1200,5068563,1
1086,1200,11361167,0.964
1087,1200,7646158,0.997
1088,1200,11360681,0.966
1089,1200,6609077,0.999
1090,1200,16727897,0.861
1091,1200,6730002,0.998
1092,1200,6204566,1
1093,1200,14780568,0.959
1094,1200,15968554,0.878
1095,1200,12005922,0.972
1096,1200,8533726,0.987
1097,1200,9768922,0.992
1098,1200,8786378,0.979
1099,1200,13429718,0.963
1100,1200,9579090,0.99
1101,1200,6705670,0.999
1102,1200,13918548,0.912
1103,1200,8899785,0.997
1104,1200,9587119,0.859
1105,1200,11037245,0.964
1106,1200,4391659,1
1107,1200,12817607,0.878
1108,1200,12121274,0.989
1109,1200,15595737,0.836
1110,1200,14467716,0.959
1111,1200,13365929,0.969
1112,1200,11799329,0.955
1113,1200,11521177,0.989
1114,1200,12009169,0.984
1115,1200,15173884,0.882
1116,1200,11083410,0.981
1117,1200,10440352,0.984
1118,1200,14828861,0.93
1119,1200,10735517,0.985
1120,1200,10014993,0.994
1121,1200,8517896,0.964
1122,1200,8764699,0.993
1123,1200,8685071,0.99
1124,1200,13291114,0.929
1125,1200,12267823,0.974
1126,1200,8034187,0.992
1127,1200,12266600,0.968
1128,1200,8219034,0.993
1129,1200,8509685,0.984
1130,1200,15923533,0.749
1131,1200,6003657,0.998
1132,1200,10779822,0.984
1133,1200,9633762,0.985
1134,1200,9562889,0.997
1135,1200,7380696,1
1136,1200,8148319,0.994
1137,1200,11618901,0.95
1138,1200,12913150,0.96
1139,1200,10739291,0.973
1140,1200,13805176,0.951
1141,1200,10588961,0.994
1142,1200,8185405,0.992
1143,1200,14430484,0.91
1144,1200,12700072,0.929
1145,1200,9809995,0.994
1146,1200,13409537,0.981
1147,1200,11565431,0.978
1148,1200,14967050,0.971
1149,1200,8809937,0.996
1150,1200,8560788,0.994
1151,1200,6498551,0.998
1152,1200,8155827,0.995
1153,1200,14415363,0.945
1154,1200,9557432,0.993
1155,1200,4009556,1
1156,1200,14438901,0.941
1157,1200,9930538,0.996
1158,1200,8963201,0.986
1159,1200,7577814,0.992
1160,1200,7831300,0.995
1161,1200,15361028,0.842
1162,1200,9376270,0.98
1163,1200,14160411,0.927
1164,1200,10813747,0.937
1165,1200,14284386,0.856
1166,1200,12445847,0.971
1167,1200,10117937,0.995
1168,1200,10201079,0.989
1169,1200,10231265,0.976
1170,1200,7986251,0.997
1171,1200,8226691,0.991
1172,1200,6873229,0.993
1173,1200,10902976,0.988
1174,1200,14436682,0.833
1175,1200,8577225,0.999
1176,1200,15937538,0.905
1177,1200,8628860,0.999
1178,1200,14475432,0.892
1179,1200,6734806,0.997
1180,1200,7296861,0.999
1181,1200,10347461,0.987
1182,1200,14022101,0.94
1183,1200,12090731,0.974
1184,1200,10686653,0.96
1185,1200,15950681,0.882
1186,1200,10984182,0.944
1187,1200,12547404,0.979
1188,1200,14106763,0.947
1189,1200,10034321,0.997
1190,1200,11027371,0.994
1191,1200,14558470,0.948
1192,1200,10617685,0.993
1193,1200,9385978,0.998
1194,1200,8457953,0.996
1195,1200,16649897,0.869
1196,1200,10922343,0.976
1197,1200,15622551,0.829
1198,1200,8351071,0.993
1199,1200,8701216,0.991
1200,1200,9238865,0.989
1201,1200,4594524,0.999
1202,1200,14900913,0.963
1203,1200,9959674,0.987
1204,1200,9635504,0.996
1205,1200,14657400,0.878
1206,1200,11666216,0.973
1207,1200,8430491,0.989
1208,1200,7800301,0.993
1209,1200,16420670,0.852
1210,1200,9037171,0.988
1211,1200,9885551,0.977
1212,1200,14284450,0.91
1213,1200,7106677,0.991
1214,1200,13265352,0.74
1215,1200,15509280,0.856
1216,1200,12501356,0.965
1217,1200,8805642,0.968
1218,1200,12390736,0.981
1219,1200,13901564,0.96
1220,1200,12261893,0.95
1221,1200,9050276,0.995
1222,1200,10911607,0.935
1223,1200,15759950,0.811
1224,1200,16031147,0.82
1225,1200,10302385,0.981
1226,1200,9155322,0.998
1227,1200,16212531,0.798
1228,1200,7984558,0.993
1229,1200,15023775,0.889
1230,1200,14328980,0.838
1231,1200,10682006,0.985
1232,1200,12948042,0.98
1233,1200,9354887,0.998
1234,1200,7968583,0.994
1235,1200,8248890,0.989
1236,1200,12610453,0.973
1237,1200,13228406,0.942
1238,1200,15669772,0.935
1239,1200,10999869,0.991
1240,1200,14337319,0.879
1241,1200,12058808,0.983
1242,1200,11579247,0.988
1243,1200,8893431,1
1244,1200,8577158,0.998
1245,1200,8961506,0.993
1246,1200,12258877,0.988
1247,1200,10315691,0.994
1248,1200,4776031,0.998
1249,1200,11565744,0.955
1250,1200,6685693,0.979
1251,1200,7037660,0.996
1252,1200,10448619,0.976
1253,1200,6179139,0.998
1254,1200,15760001,0.971
1255,1200,8367474,0.993
1256,1200,15741662,0.668
1257,1200,14569401,0.829
1258,1200,11619872,0.99
1259,1200,5293139,1
1260,1200,12104461,0.986
1261,1200,6665195,1
1262,1200,11291284,0.968
1263,1200,11495519,0.933
1264,1200,11389255,0.992
1265,1200,13376587,0.879
1266,1200,16790159,0.902
1267,1200,11643615,0.989
1268,1200,12539473,0.968
1269,1200,11032435,0.964
1270,1200,7192659,0.995
1271,1200,9347139,0.98
1272,1200,11439491,0.878
1273,1200,9675528,0.982
1274,1200,5760312,0.995
1275,1200,13015317,0.967
1276,1200,12604416,0.951
1277,1200,10462883,0.981
1278,1200,14008796,0.902
1279,1200,10613117,0.987
1280,1200,14278796,0.963
1281,1200,10189830,0.973
1282,1200,11581757,0.976
1283,1200,13482731,0.973
1284,1200,8614100,0.993
1285,1200,14756852,0.836
1286,1200,8321148,0.996
1287,1200,12271996,0.955
1288,1200,7771719,0.999
1289,1200,13262190,0.947
1290,1200,8244486,0.993
1291,1200,12756695,0.955
1292,1200,8469972,0.996
1293,1200,9630348,0.995
1294,1200,7470422,0.999
1295,1200,6708513,0.994
1296,1200,15028847,0.952
1297,1200,7613703,0.998
1298,1200,8223004,0.994
1299,1200,7924712,1
1300,1200,6923929,0.982
1301,1200,14302787,0.857
1302,1200,10531576,0.989
1303,1200,9125333,0.989
1304,1200,10176970,0.983
1305,1200,4962973,1
1306,1200,8029435,0.999
1307,1200,8852845,0.992
1308,1200,10344828,0.987
1309,1200,11527640,0.992
1310,1200,7174581,0.999
1311,1200,8692307,0.993
1312,1200,11176328,0.966
1313,1200,11130138,0.997
1314,1200,8878003,0.995
1315,1200,9101987,0.996
1316,1200,6678733,0.994
1317,1200,13156892,0.962
1318,1200,9202469,0.991
1319,1200,10512401,0.989
1320,1200,12219739,0.938
1321,1200,5825295,0.999
1322,1200,12284193,0.964
1323,1200,12832005,0.944
1324,1200,11695694,0.976
1325,1200,14501199,0.785
1326,1200,4575696,1
1327,1200,13246854,0.873
1328,1200,10461683,0.99
1329,1200,8361956,0.998
1330,1200,9229782,0.993
1331,1200,11340884,0.983
1332,1200,9362674,0.981
1333,1200,7409304,0.991
1334,1200,7098596,1
1335,1200,8220094,0.99
1336,1200,10408751,0.989
1337,1200,11969300,0.961
1338,1200,11827637,0.957
1339,1200,6179184,1
1340,1200,10237348,0.967
1341,1200,8989991,0.994
1342,1200,13802396,0.955
1343,1200,10015126,0.987
1344,1200,13924524,0.929
1345,1200,10982229,0.976
1346,1200,5675286,1
1347,1200,15368924,0.826
1348,1200,13331752,0.912
1349,1200,10133166,0.991
1350,1200,15472065,0.931
1351,1200,13414392,0.975
1352,1200,7149307,0.998
1353,1200,10086249,0.993
1354,1200,9850865,0.989
1355,1200,9160244,0.979
1356,1200,5394387,1
1357,1200,7774533,0.996
1358,1200,7091560,1
1359,1200,14738071,0.921
1360,1200,12376457,0.942
1361,1200,8486326,0.987
1362,1200,7777853,1
1363,1200,13365195,0.966
1364,1200,12048646,0.984
1365,1200,12535242,0.989
1366,1200,5890526,1
1367,1200,7931533,0.998
1368,1200,8345828,0.98
1369,1200,7217499,0.996
1370,1200,12202507,0.953
1371,1200,13017258,0.988
1372,1200,7215753,0.978
1373,1200,11529886,0.972
1374,1200,12869713,0.932
1375,1200,7036198,0.997
1376,1200,7439797,0.999
1377,1200,10307918,0.99
1378,1200,6369252,0.997
1379,1200,11446811,0.984
1380,1200,11217698,0.981
1381,1200,20249342,0.946
1382,1200,18077478,0.965
1383,1200,22215058,0.69
1384,1200,10902396,0.999
1385,1200,15252710,0.995
1386,1200,22960525,0.822
1387,1200,19677477,0.911
1388,1200,16682505,0.98
1389,1200,18840717,0.954
1390,1200,16832026,0.92
1391,1200,14268953,0.988
1392,1200,19561965,0.896
1393,1200,12963078,0.988
1394,1200,15386393,0.981
1395,1200,14529965,0.995
1396,1200,10226852,1
1397,1200,20667072,0.915
1398,1200,22255530,0.966
1399,1200,24643606,0.785
1400,1200,19993201,0.926
1401,1200,14692935,0.985
1402,1200,13299887,0.985
1403,1200,21091807,0.928
1404,1200,8550230,1
1405,1200,21627087,0.806
1406,1200,17566996,0.96
1407,1200,18009002,0.97
1408,1200,13456920,0.993
1409,1200,9943338,0.999
1410,1200,5782665,0.999
1411,1200,16436039,0.95
1412,1200,20607181,0.904
1413,1200,18153041,0.954
1414,1200,13711254,0.986
1415,1200,14023312,0.995
1416,1200,19857431,0.992
1417,1200,17270373,0.967
1418,1200,14354192,0.986
1419,1200,24626002,0.791
1420,1200,21531337,0.854
1421,1200,21298972,0.96
1422,1200,12506295,0.988
1423,1200,16621845,0.988
1424,1200,22282584,0.978
1425,1200,24520626,0.855
1426,1200,13553244,0.998
1427,1200,11444912,0.998
1428,1200,13645051,0.987
1429,1200,21582531,0.964
1430,1200,12476473,0.998
1431,1200,14088298,0.986
1432,1200,10730899,0.998
1433,1200,21930571,0.959
1434,1200,21369893,0.967
1435,1200,24171150,0.952
1436,1200,22615661,0.948
1437,1200,15163066,0.985
1438,1200,24340924,0.904
1439,1200,26791911,0.947
1440,1200,14913878,0.991
1441,1200,19978494,0.971
1442,1200,15256318,0.993
1443,1200,28135985,0.726
1444,1200,16270489,0.992
1445,1200,11511217,0.993
1446,1200,16227894,0.977
1447,1200,17637938,0.98
1448,1200,15306035,0.991
1449,1200,17341226,0.987
1450,1200,17686738,0.996
1451,1200,19977949,0.968
1452,1200,27088113,0.858
1453,1200,27097550,0.941
1454,1200,18746348,0.988
1455,1200,20060547,0.961
1456,1200,12999783,0.992
1457,1200,23953579,0.889
1458,1200,15866428,0.992
1459,1200,13022161,0.995
1460,1200,10674312,0.996
1461,1200,24517947,0.938
1462,1200,22397762,0.857
1463,1200,22356886,0.979
1464,1200,17713157,0.991
1465,1200,23491624,0.939
1466,1200,17410965,0.984
1467,1200,17927309,0.977
1468,1200,27836938,0.95
1469,1200,14210149,0.999
1470,1200,18759971,0.991
1471,1200,13988203,0.989
1472,1200,22935502,0.972
1473,1200,13176209,0.999
1474,1200,13189620,0.986
1475,1200,24315304,0.948
1476,1200,23631458,0.995
1477,1200,12440902,0.998
1478,1200,29235079,0.831
1479,1200,24488712,0.883
1480,1200,11067969,0.998
1481,1200,10911409,0.998
1482,1200,19064815,0.972
1483,1200,11966899,1
1484,1200,22073829,0.997
1485,1200,18641946,0.992
1486,1200,14533043,0.997
1487,1200,19427324,0.993
1488,1200,13726543,0.999
1489,1200,19898879,0.99
1490,1200,15854418,0.991
1491,1200,21671446,0.983
1492,1200,36382453,0.747
1493,1200,16149391,0.992
1494,1200,19244050,0.996
1495,1200,12300396,0.999
1496,1200,21667690,0.969
1497,1200,31771424,0.774
1498,1200,31124072,0.948
1499,1200,16957442,0.996
1500,1200,23314269,0.988
1501,1200,23283591,0.985
1502,1200,18432944,0.98
1503,1200,25721497,0.954
1504,1200,19729154,0.992
1505,1200,23857353,0.981
1506,1200,12954139,0.999
1507,1200,13799544,0.989
1508,1200,22324760,0.996
1509,1200,14976063,1
1510,1200,14643312,0.998
1511,1200,17644650,0.996
1512,1200,8412106,1
1513,1200,27199755,0.975
1514,1200,23417493,0.957
1515,1200,25533556,0.944
1516,1200,30526481,0.958
1517,1200,17937540,0.996
1518,1200,15358041,0.996
1519,1200,31789356,0.838
1520,1200,26782328,0.984
1521,1200,33888000,0.832
1522,1200,36220183,0.834
1523,1200,24391788,0.983
1524,1200,32915604,0.902
1525,1200,16039211,1
1526,1200,25468533,0.914
1527,1200,26517178,0.989
1528,1200,23103517,0.982
1529,1200,15258386,0.992
1530,1200,23972135,0.977
1531,1200,37100655,0.939
1532,1200,37962054,0.697
1533,1200,35425004,0.923
1534,1200,23870979,0.98
1535,1200,16375006,0.996
1536,1200,28122631,0.938
1537,1200,15906086,0.992
1538,1200,15090013,0.998
1539,1200,12774034,0.998
1540,1200,16593671,0.993
1541,1200,16397539,0.965
1542,1200,15893939,0.994
1543,1200,18956348,0.978
1544,1200,24945535,0.923
1545,1200,18911821,0.987
1546,1200,12208802,0.997
1547,1200,15600216,0.994
1548,1200,25838732,0.836
1549,1200,18546873,0.98
1550,1200,7638312,1
1551,1200,14905338,0.996
1552,1200,21409132,0.951
1553,1200,29123237,0.899
1554,1200,13298469,0.999
1555,1200,23450326,0.861
1556,1200,23739468,0.963
1557,1200,27911892,0.815
1558,1200,19860493,0.928
1559,1200,16004179,0.994
1560,1200,27779506,0.964
1561,1200,21953014,0.863
1562,1200,20384933,0.984
1563,1200,13772576,1
1564,1200,11043535,1
1565,1200,12855800,1
1566,1200,11336681,1
1567,1200,12446468,0.999
1568,1200,11496421,0.995
1569,1200,13113825,0.998
1570,1200,16635541,0.997
1571,1200,13858342,0.996
1572,1200,27225728,0.778
1573,1200,20335193,0.976
1574,1200,16058345,0.996
1575,1200,11611334,0.99
1576,1200,23455747,0.967
1577,1200,30362253,0.78
1578,1200,27983019,0.788
1579,1200,14437444,0.972
1580,1200,16987827,0.99
1581,1200,28238270,0.903
1582,1200,28264602,0.723
1583,1200,25389865,0.98
1584,1200,10979547,1
1585,1200,25825274,0.911
1586,1200,23881469,0.954
1587,1200,11813068,0.999
1588,1200,25830758,0.877
1589,1200,19464216,0.954
1590,1200,12594303,0.999
1591,1200,30369048,0.885
1592,1200,27662779,0.906
1593,1200,15604739,0.999
1594,1200,17631295,0.987
1595,1200,11996107,0.988
1596,1200,23556109,0.967
1597,1200,15778430,0.989
1598,1200,18823345,0.947
1599,1200,22855418,0.864
1600,1200,23298220,0.933
1601,1200,21325843,0.988
1602,1200,17877708,0.973
1603,1200,18017655,0.992
1604,1200,9955546,1
1605,1200,25843660,0.895
1606,1200,18160270,0.998
1607,1200,27767570,0.876
1608,1200,19574074,0.848
1609,1200,18483152,0.988
1610,1200,15327930,0.987
1611,1200,22580203,0.959
1612,1200,14204792,0.998
1613,1200,15961603,0.994
1614,1200,20331174,0.997
1615,1200,12888511,0.999
1616,1200,12047647,0.997
1617,1200,17261536,0.988
1618,1200,30485500,0.897
1619,1200,16581029,0.994
1620,1200,16113605,0.988
1621,1200,14241215,0.998
1622,1200,14069958,0.99
1623,1200,20638668,0.978
1624,1200,14038668,0.999
1625,1200,24984727,0.96
1626,1200,18017936,0.976
1627,1200,10407755,0.999
1628,1200,22473158,0.972
1629,1200,14495158,0.943
1630,1200,15438330,0.988
1631,1200,22627118,0.981
1632,1200,14278877,0.99
1633,1200,16182952,0.975
1634,1200,10092788,1
1635,1200,15997716,0.998
1636,1200,19687689,0.992
1637,1200,24034303,0.926
1638,1200,15477462,0.98
1639,1200,27544150,0.869
1640,1200,16875482,0.994
1641,1200,23379502,0.956
1642,1200,27717767,0.891
1643,1200,12439932,0.998
1644,1200,18972170,0.976
1645,1200,23827530,0.98
1646,1200,17973563,0.989
1647,1200,13908007,0.998
1648,1200,24006879,0.94
1649,1200,22492835,0.979
1650,1200,28218765,0.902
1651,1200,20135442,0.939
1652,1200,22937463,0.962
1653,1200,19749630,0.993
1654,1200,25017617,0.889
1655,1200,13650429,0.987
1656,1200,15170895,0.995
1657,1200,21360178,0.97
1658,1200,19034554,0.986
1659,1200,13423653,0.995
1660,1200,9085580,1
1661,1200,19518674,0.989
1662,1200,13568087,0.999
1663,1200,23188935,0.988
1664,1200,27516760,0.924
1665,1200,27514898,0.955
1666,1200,16627313,0.989
1667,1200,15737139,0.991
1668,1200,19348462,0.979
1669,1200,24890675,0.974
1670,1200,23998066,0.971
1671,1200,19408997,0.974
1672,1200,27223966,0.796
1673,1200,29162131,0.906
1674,1200,23854888,0.946
1675,1200,22300554,0.99
1676,1200,14100915,0.995
1677,1200,14188347,0.988
1678,1200,25440084,0.946
1679,1200,19753923,0.991
1680,1200,14759004,0.99
1681,1200,15670128,0.999
1682,1200,21367147,0.974
1683,1200,22417091,0.959
1684,1200,22483505,0.953
1685,1200,24146441,0.988
1686,1200,18271665,0.996
1687,1200,14183611,0.999
1688,1200,18016070,0.994
1689,1200,29769574,0.844
1690,1200,15441079,1
1691,1200,11716212,0.999
1692,1200,26417301,0.952
1693,1200,19234984,0.994
1694,1200,19020549,0.994
1695,1200,22105750,0.946
1696,1200,27833016,0.947
1697,1200,33334753,0.855
1698,1200,10300342,1
1699,1200,28489375,0.896
1700,1200,16641419,0.994
1701,1200,18840836,0.996
1702,1200,23051171,0.987
1703,1200,14010663,0.998
1704,1200,23125283,0.958
1705,1200,16360282,0.998
1706,1200,20723904,0.99
1707,1200,13645607,0.997
1708,1200,14165480,1
1709,1200,18201049,0.994
1710,1200,26786408,0.949
1711,1200,15986867,0.989
1712,1200,10775532,0.999
1713,1200,32006951,0.919
1714,1200,27811574,0.945
1715,1200,12996003,0.999
1716,1200,22453190,0.986
1717,1200,27913177,0.932
1718,1200,12463756,0.999
1719,1200,24151176,0.964
1720,1200,21823994,0.965
1721,1200,18483752,0.999
1722,1200,24731893,0.941
1723,1200,14995047,0.996
1724,1200,17996276,0.991
1725,1200,8597943,0.999
1726,1200,12871499,0.999
1727,1200,21499860,0.995
1728,1200,22561466,0.985
1729,1200,20891108,0.994
1730,1200,15456544,0.994
1731,1200,19425935,0.984
1732,1200,28059913,0.871
1733,1200,16665944,0.994
1734,1200,17252930,0.994
1735,1200,21852356,0.999
1736,1200,27144947,0.943
1737,1200,32323376,0.911
1738,1200,13583222,1
1739,1200,17169316,0.984
1740,1200,30472219,0.912
1741,1200,28410734,0.973
1742,1200,24414589,0.933
1743,1200,13125721,1
1744,1200,18886842,0.985
1745,1200,26738249,0.918
1746,1200,17860583,0.998
1747,1200,18012479,0.981
1748,1200,28257378,0.94
1749,1200,22138429,0.992
1750,1200,21887544,0.983
1751,1200,17687036,0.99
1752,1200,29017294,0.863
1753,1200,23077514,0.952
1754,1200,16703133,0.994
1755,1200,23571085,0.986
1756,1200,28282268,0.927
1757,1200,31024755,0.768
1758,1200,28381054,0.89
1759,1200,12090937,1
1760,1200,14127981,0.999
1761,1200,34369309,0.854
1762,1200,21177813,0.981
1763,1200,19841158,0.998
1764,1200,13121601,0.991
1765,1200,19883718,0.98
1766,1200,11677563,1
1767,1200,8280568,0.999
1768,1200,13640681,0.998
1769,1200,15441175,1
1770,1200,28760660,0.907
1771,1200,14669827,0.998
1772,1200,28506865,0.889
1773,1200,23539275,0.958
1774,1200,14175713,0.999
1775,1200,10883206,1
1776,1200,12510462,0.999
1777,1200,31590433,0.896
1778,1200,16490407,0.996
1779,1200,14592561,0.999
1780,1200,23818471,0.868
1781,1200,27087667,0.974
1782,1200,6644786,0.999
1783,1200,21031739,0.982
1784,1200,14436785,0.997
1785,1200,29563657,0.949
1786,1200,28920422,0.922
1787,1200,26782070,0.92
1788,1200,20067316,0.989
1789,1200,21292107,0.97
1790,1200,31999172,0.892
1791,1200,26630110,0.891
1792,1200,15421818,0.961
1793,1200,26946038,0.964
1794,1200,18811284,0.988
1795,1200,34142444,0.789
1796,1200,22087177,0.977
1797,1200,19331880,0.999
1798,1200,10476400,0.997
1799,1200,19356733,0.997
1800,1200,25466518,0.961
1801,1200,26304770,0.945
1802,1200,16674579,0.996
1803,1200,16909787,0.996
1804,1200,12928728,0.986
1805,1200,29232586,0.887
1806,1200,21450126,0.993
1807,1200,22075121,0.961
1808,1200,17561293,0.992
1809,1200,18510312,0.927
1810,1200,27116060,0.879
1811,1200,15073671,1
1812,1200,20965369,0.999
1813,1200,28420385,0.863
1814,1200,19029975,0.996
1815,1200,20271536,0.965
1816,1200,18182974,0.992
1817,1200,25791245,0.919
1818,1200,18663616,0.99
1819,1200,24009882,0.928
1820,1200,18190962,0.994
1821,1200,34921649,0.772
1822,1200,33062756,0.923
1823,1200,31243554,0.877
1824,1200,29627608,0.962
1825,1200,30881826,0.94
1826,1200,11292797,0.998
1827,1200,26765391,0.928
1828,1200,21962333,0.982
1829,1200,20298409,0.989
1830,1200,21323971,0.981
1831,1200,27853868,0.961
1832,1200,22532708,0.953
1833,1200,21592635,0.975
1834,1200,21102777,0.986
1835,1200,28453642,0.936
1836,1200,24899820,0.959
1837,1200,19093682,0.983
1838,1200,16064938,0.995
1839,1200,18221820,0.993
1840,1200,22592052,0.966
1841,1200,10121397,0.999
1842,1200,31050762,0.792
1843,1200,18193182,0.987
1844,1200,25049393,0.975
1845,1200,28804783,0.98
1846,1200,31210751,0.884
1847,1200,24864973,0.94
1848,1200,21429408,0.992
1849,1200,22918354,0.964
1850,1200,28806173,0.967
1851,1200,27181250,0.91
1852,1200,21590795,0.984
1853,1200,28347359,0.959
1854,1200,10601592,0.997
1855,1200,16619692,0.999
1856,1200,18418445,0.993
1857,1200,20998599,0.99
1858,1200,24367401,0.95
1859,1200,16840522,0.994
1860,1200,21098649,0.978
1861,1200,18392408,0.993
1862,1200,19616089,0.973
1863,1200,21015391,0.976
1864,1200,35625009,0.886
1865,1200,21158750,0.974
1866,1200,20707726,0.978
1867,1200,27649014,0.957
1868,1200,25022634,0.989
1869,1200,8491112,1
1870,1200,29196914,0.959
1871,1200,19674817,0.996
1872,1200,22682349,0.983
1873,1200,17562025,0.994
1874,1200,28696282,0.949
1875,1200,16950552,0.996
1876,1200,30975213,0.876
1877,1200,14256415,1
1878,1200,31324114,0.939
1879,1200,17181553,0.992
1880,1200,20376861,0.994
1881,1200,28487719,0.951
1882,1200,23257435,0.993
1883,1200,22836911,0.972
1884,1200,32133600,0.895
1885,1200,16568299,0.996
1886,1200,25923517,0.937
1887,1200,25604331,0.971
1888,1200,24678306,0.946
1889,1200,27875813,0.978
1890,1200,27521563,0.942
1891,1200,29854841,0.859
1892,1200,24614235,0.956
1893,1200,25704704,0.935
1894,1200,27475945,0.945
1895,1200,29775572,0.931
1896,1200,27091968,0.934
1897,1200,12959829,0.997
1898,1200,22962143,0.991
1899,1200,24424891,0.965
1900,1200,18851086,0.992
1901,1200,21840811,0.986
1902,1200,32791171,0.867
1903,1200,21710394,0.963
1904,1200,33439453,0.793
1905,1200,24208373,0.98
1906,1200,22637282,0.993
1907,1200,29438624,0.95
1908,1200,21105808,0.995
1909,1200,14384478,0.998
1910,1200,23522459,0.983
1911,1200,17722888,0.989
1912,1200,20508180,0.994
1913,1200,17238995,0.989
1914,1200,24985307,0.993
1915,1200,15940677,0.987
1916,1200,32372715,0.907
1917,1200,27852881,0.98
1918,1200,22828077,0.976
1919,1200,20563897,0.989
1920,1200,19244548,0.99
1921,1200,26918705,0.964
1922,1200,23026722,0.982
1923,1200,14243247,0.987
1924,1200,23671778,0.99
1925,1200,26204676,0.984
1926,1200,24191913,0.982
1927,1200,25686482,0.935
1928,1200,28992644,0.976
1929,1200,20742726,0.993
1930,1200,16735715,0.999
1931,1200,26171165,0.967
1932,1200,30462090,0.938
1933,1200,34291284,0.864
1934,1200,13310648,0.999
1935,1200,24497267,0.978
1936,1200,36596042,0.82
1937,1200,28634645,0.984
1938,1200,32244108,0.907
1939,1200,22069995,0.964
1940,1200,20280881,0.991
1941,1200,10890519,0.999
1942,1200,25436656,0.962
1943,1200,27932528,0.962
1944,1200,29307751,0.966
1945,1200,15046598,1
1946,1200,30167002,0.947
1947,1200,24059017,0.982
1948,1200,22597320,0.978
1949,1200,19426151,0.99
1950,1200,19171008,0.994
1951,1200,20447883,0.999
1952,1200,17328754,0.992
1953,1200,32188821,0.938
1954,1200,26903259,0.981
1955,1200,16650114,0.998
1956,1200,18134730,0.995
1957,1200,33026953,0.841
1958,1200,24362514,0.978
1959,1200,27282673,0.976
1960,1200,26624419,0.984
1961,1200,23415550,0.979
1962,1200,31407258,0.813
1963,1200,9592883,0.997
1964,1200,21030136,0.996
1965,1200,25884210,0.977
1966,1200,31452388,0.955
1967,1200,24036649,0.956
1968,1200,24175838,0.991
1969,1200,27749473,0.952
1970,1200,27625106,0.977
1971,1200,16567639,1
1972,1200,13826297,1
1973,1200,22446276,0.986
1974,1200,15928801,0.992
1975,1200,13468318,0.998
1976,1200,21008430,0.988
1977,1200,28884760,0.906
1978,1200,32260865,0.848
1979,1200,34142509,0.895
1980,1200,15138333,0.996
1981,1200,20424526,0.993
1982,1200,32719589,0.913
1983,1200,33658345,0.748
1984,1200,26162123,0.995
1985,1200,24753545,0.988
1986,1200,18926359,0.994
1987,1200,18201602,0.999
1988,1200,13655425,0.999
1989,1200,21399105,0.997
1990,1200,32050594,0.978
1991,1200,27774213,0.899
1992,1200,19259178,0.995
1993,1200,33631883,0.866
1994,1200,24919936,0.988
1995,1200,25342714,0.998
1996,1200,23898150,0.989
1997,1200,21889571,0.972
1998,1200,19704491,0.995
1999,1200,27068650,0.947
2000,1200,17080371,0.996
2001,1200,36328767,0.891
2002,1200,22672355,0.992
2003,1200,22654499,0.987
2004,1200,29086343,0.954
2005,1200,18554909,0.997
2006,1200,16155433,0.999
2007,1200,32929403,0.875
2008,1200,22487343,0.982
2009,1200,32660691,0.903
2010,1200,13398607,0.994
2011,1200,19767368,0.989
2012,1200,14181062,0.999
2013,1200,20724999,0.995
2014,1200,23220983,0.995
2015,1200,33084685,0.952
2016,1200,31901200,0.84
2017,1200,20264455,0.993
2018,1200,14355750,0.998
2019,1200,20993922,0.996
2020,1200,28037873,0.981
2021,1200,28174807,0.96
2022,1200,28708143,0.954
2023,1200,20421773,0.991
2024,1200,19140812,0.996
2025,1200,16051732,1
2026,1200,16685268,0.984
2027,1200,9082624,0.999
2028,1200,10348887,1
2029,1200,12828573,0.999
2030,1200,28526423,0.954
2031,1200,17347783,0.993
2032,1200,26201806,0.979
2033,1200,14855557,0.998
2034,1200,29315999,0.907
2035,1200,35253906,0.83
2036,1200,29500651,0.922
2037,1200,17735306,0.995
2038,1200,32950088,0.935
2039,1200,20233009,0.981
2040,1200,17475887,0.995
2041,1200,26989784,0.939
2042,1200,25660631,0.992
2043,1200,32990937,0.935
2044,1200,17127118,0.997
2045,1200,31001073,0.943
2046,1200,23772923,0.982
2047,1200,34457415,0.928
2048,1200,39731686,0.71
2049,1200,21349654,0.989
2050,1200,21160563,0.989
2051,1200,26058144,0.983
2052,1200,24586656,0.985
2053,1200,19590547,0.986
2054,1200,21947203,0.99
2055,1200,26516043,0.988
2056,1200,19548514,0.991
2057,1200,16139793,0.995
2058,1200,19434689,0.996
2059,1200,20089766,0.996
2060,1200,35082409,0.912
2061,1200,27450610,0.965
2062,1200,33261830,0.919
2063,1200,17584349,1
2064,1200,16959182,0.991
2065,1200,14177814,0.999
2066,1200,31785219,0.963
2067,1200,26731468,0.949
2068,1200,27132508,0.989
2069,1200,25206401,0.976
2070,1200,18948100,0.997
2071,1200,29518980,0.985
2072,1200,29949811,0.949
2073,1200,35269936,0.754
2074,1200,27266183,0.955
2075,1200,26143500,0.982
2076,1200,13389511,0.998
2077,1200,21147043,0.997
2078,1200,13671322,0.999
2079,1200,29021438,0.975
2080,1200,28275601,0.972
2081,1200,25148932,0.935
2082,1200,28374497,0.954
2083,1200,21676314,0.995
2084,1200,23388753,0.985
2085,1200,22773036,0.952
2086,1200,20412528,0.993
2087,1200,19211637,0.998
2088,1200,18486307,0.989
2089,1200,15506049,0.994
2090,1200,30393894,0.935
2091,1200,12159959,0.997
2092,1200,32568399,0.795
2093,1200,20476174,0.999
2094,1200,31918928,0.933
2095,1200,27863252,0.965
2096,1200,31236448,0.934
2097,1200,31897503,0.864
2098,1200,30319116,0.871
2099,1200,23279486,0.983
2100,1200,40221502,0.781
2101,1200,33131559,0.919
2102,1200,21558478,0.983
2103,1200,16728219,0.996
2104,1200,16779908,1
2105,1200,15338484,0.997
2106,1200,39446950,0.853
2107,1200,15537156,0.997
2108,1200,29525680,0.985
2109,1200,36483381,0.887
2110,1200,20938927,0.986
2111,1200,32489732,0.941
2112,1200,25294174,0.988
2113,1200,28127108,0.925
2114,1200,18709088,0.997
2115,1200,19152559,0.992
2116,1200,23176056,0.994
2117,1200,20534081,0.976
2118,1200,13323269,1
2119,1200,16406281,0.994
2120,1200,32041005,0.912
2121,1200,35347279,0.893
2122,1200,13558341,0.993
2123,1200,19847136,0.961
2124,1200,12422720,0.998
2125,1200,17716013,0.998
2126,1200,38028533,0.93
2127,1200,16797690,0.998
2128,1200,13667809,0.999
2129,1200,17409444,0.993
2130,1200,17321594,0.996
2131,1200,26883030,0.973
2132,1200,19691667,0.994
2133,1200,41984006,0.697
2134,1200,30545059,0.937
2135,1200,17443445,1
2136,1200,21812693,0.987
2137,1200,29004609,0.984
2138,1200,37356587,0.679
2139,1200,32770525,0.953
2140,1200,20214928,0.997
2141,1200,35864712,0.862
2142,1200,31792825,0.948
2143,1200,18561909,0.998
2144,1200,18894608,0.994
2145,1200,24809838,0.993
2146,1200,34786456,0.853
2147,1200,34779075,0.877
2148,1200,24929112,0.967
2149,1200,28997214,0.987
2150,1200,30566521,0.942
2151,1200,15183332,1
2152,1200,30915972,0.959
2153,1200,31978857,0.851
2154,1200,26046257,0.967
2155,1200,31611537,0.937
2156,1200,18183625,0.996
2157,1200,20263653,0.982
2158,1200,19457622,1
2159,1200,30086125,0.959
2160,1200,20997250,0.997
2161,1200,15453217,0.997
2162,1200,23073540,0.995
2163,1200,14153381,0.999
2164,1200,22104273,0.976
2165,1200,34411326,0.948
2166,1200,28603567,0.943
2167,1200,16917137,0.999
2168,1200,34557759,0.763
2169,1200,13010754,0.997
2170,1200,21076863,0.999
2171,1200,20510859,0.996
2172,1200,14195552,0.998
2173,1200,13401020,1
2174,1200,20065032,0.996
2175,1200,20035331,0.991
2176,1200,24885902,0.957
2177,1200,22192517,0.982
2178,1200,29139989,0.989
2179,1200,24844948,0.983
2180,1200,18793325,1
2181,1200,37836032,0.784
2182,1200,26965406,0.925
2183,1200,15602206,0.998
2184,1200,29726762,0.965
2185,1200,24388500,0.972
2186,1200,19274315,0.99
2187,1200,16311986,0.998
2188,1200,23551158,0.964
2189,1200,24970729,0.975
2190,1200,21292473,0.969
2191,1200,20116208,0.996
2192,1200,22808343,0.978
2193,1200,24123175,0.997
2194,1200,16885209,0.998
2195,1200,20896538,0.993
2196,1200,28844614,0.954
2197,1200,21751753,0.989
2198,1200,26014711,0.956
2199,1200,41305303,0.752
2200,1200,21519642,0.997
2201,1200,35688186,0.876
2202,1200,35024172,0.955
2203,1200,33532388,0.732
2204,1200,16255168,0.997
2205,1200,36939271,0.682
2206,1200,25630301,0.986
2207,1200,12334662,1
2208,1200,18474764,0.99
2209,1200,37229317,0.905
2210,1200,14800219,0.99
2211,1200,20059852,0.995
2212,1200,32579693,0.979
2213,1200,30684085,0.95
2214,1200,29703367,0.969
2215,1200,14538880,0.999
2216,1200,23674746,0.953
2217,1200,18504597,0.995
2218,1200,25751450,0.989
2219,1200,24171369,0.998
2220,1200,14455382,1
2221,1200,21846814,0.992
2222,1200,23387063,0.966
2223,1200,17083297,1
2224,1200,33771154,0.908
2225,1200,11625722,0.999
2226,1200,27271476,0.977
2227,1200,14932809,0.994
2228,1200,37323997,0.87
2229,1200,31150027,0.877
2230,1200,22967875,0.995
2231,1200,24294101,0.991
2232,1200,24180140,0.989
2233,1200,23849738,0.977
2234,1200,23478554,0.977
2235,1200,21338019,0.995
2236,1200,29916112,0.959
2237,1200,23748993,0.995
2238,1200,33478855,0.941
2239,1200,17882218,0.997
2240,1200,18625556,0.999
2241,1200,33504966,0.972
2242,1200,12888383,1
2243,1200,31781543,0.987
2244,1200,27662234,0.893
2245,1200,37698232,0.895
2246,1200,27323373,0.981
2247,1200,28587198,0.937
2248,1200,32768401,0.973
2249,1200,17129469,0.998
2250,1200,26155758,0.985
2251,1200,30765690,0.931
2252,1200,36929073,0.844
2253,1200,27545528,0.955
2254,1200,35257343,0.93
2255,1200,12609762,0.996
2256,1200,35967694,0.864
2257,1200,23970258,0.979
2258,1200,25808703,0.992
2259,1200,20389667,0.997
2260,1200,20083438,0.994
2261,1200,14001730,0.999
2262,1200,18982941,1
2263,1200,31628841,0.925
2264,1200,11232251,1
2265,1200,16304190,0.989
2266,1200,31457991,0.937
2267,1200,22005028,0.999
2268,1200,18656194,0.999
2269,1200,18152064,0.999
2270,1200,30948044,0.945
2271,1200,29659873,0.948
2272,1200,18737605,0.999
2273,1200,31956684,0.816
2274,1200,31348600,0.902
2275,1200,38626498,0.93
2276,1200,22098242,0.987
2277,1200,42144841,0.712
2278,1200,23286638,0.989
2279,1200,23683840,0.994
2280,1200,10111535,0.996
2281,1200,24100061,0.985
2282,1200,26098337,0.965
2283,1200,36710907,0.95
2284,1200,21332810,0.982
2285,1200,26398617,0.951
2286,1200,29710288,0.968
2287,1200,24345729,0.985
2288,1200,21127237,0.993
2289,1200,27942572,0.975
2290,1200,16223408,0.999
2291,1200,20700431,0.989
2292,1200,21163214,0.985
2293,1200,22129163,0.993
2294,1200,17808078,0.997
2295,1200,34017048,0.921
2296,1200,30067600,0.828
2297,1200,17237119,0.997
2298,1200,19233295,0.988
2299,1200,28047509,0.999
2300,1200,21315755,0.99
2301,1200,25469390,0.893
2302,1200,28700972,0.984
2303,1200,31080117,0.947
2304,1200,26873667,0.94
2305,1200,18374980,0.99
2306,1200,18306838,0.999
2307,1200,35302469,0.919
2308,1200,22854432,0.983
2309,1200,32963264,0.827
2310,1200,16491262,0.998
2311,1200,22000942,0.984
2312,1200,20737709,0.995
2313,1200,32857389,0.946
2314,1200,17825072,1
2315,1200,25004027,0.992
2316,1200,32405216,0.926
2317,1200,29895270,0.983
2318,1200,24913056,0.984
2319,1200,19698067,0.991
2320,1200,22910598,0.985
2321,1200,23111361,0.984
2322,1200,28159455,0.95
2323,1200,30088606,0.965
2324,1200,36430582,0.715
2325,1200,28582754,0.977
2326,1200,25456798,0.971
2327,1200,31056255,0.945
2328,1200,20465267,0.999
2329,1200,30078381,0.98
2330,1200,15760256,0.999
2331,1200,31769844,0.978
2332,1200,16534594,0.989
2333,1200,35579730,0.917
2334,1200,20823956,0.977
2335,1200,22309877,0.994
2336,1200,16448957,0.992
2337,1200,29616684,0.971
2338,1200,26395601,0.988
2339,1200,30624464,0.961
2340,1200,17972113,1
2341,1200,15264069,0.999
2342,1200,28614392,0.984
2343,1200,27233390,0.971
2344,1200,29579589,0.953
2345,1200,30704475,0.906
2346,1200,18478602,0.995
2347,1200,18202791,0.996
2348,1200,16858439,1
2349,1200,16893098,0.986
2350,1200,30281625,0.932
2351,1200,30536256,0.868
2352,1200,34718922,0.787
2353,1200,30435784,0.894
2354,1200,17968568,0.996
2355,1200,43549936,0.789
2356,1200,21152394,0.997
2357,1200,38285331,0.857
2358,1200,28273665,0.973
2359,1200,26718527,0.988
2360,1200,22904173,0.99
2361,1200,37776860,0.806
2362,1200,21420753,0.99
2363,1200,10871602,1
2364,1200,27202306,0.983
2365,1200,22845401,0.987
2366,1200,22228320,0.896
2367,1200,13289775,1
2368,1200,19559944,0.994
2369,1200,24376202,0.99
2370,1200,23231970,0.989
2371,1200,18473806,0.995
2372,1200,33518377,0.912
2373,1200,25989892,0.967
2374,1200,21068311,0.999
2375,1200,31355426,0.973
2376,1200,24260510,0.992
2377,1200,23883105,0.991
2378,1200,27923778,0.999
2379,1200,41136566,0.883
2380,1200,20701024,0.995
2381,1200,28058438,0.981
2382,1200,26383101,0.927
2383,1200,32486062,0.93
2384,1200,32189147,0.91
2385,1200,19182141,0.993
2386,1200,31610327,0.976
2387,1200,29289791,0.955
2388,1200,33702619,0.955
2389,1200,33182939,0.83
2390,1200,26613115,0.974
2391,1200,26639010,0.965
2392,1200,35126099,0.906
2393,1200,29232885,0.951
2394,1200,27523628,0.969
2395,1200,28155190,0.979
2396,1200,40073746,0.785
2397,1200,28309577,0.818
2398,1200,32526270,0.911
2399,1200,22022075,0.98
2400,1200,30765844,0.959
2401,1200,27026046,0.974
2402,1200,19376563,0.994
2403,1200,23520505,0.989
2404,1200,33009201,0.808
2405,1200,32880936,0.892
2406,1200,30358480,0.913
2407,1200,21008044,0.982
2408,1200,31474598,0.965
2409,1200,25661236,0.988
2410,1200,17259470,0.999
2411,1200,33398506,0.918
2412,1200,19238478,0.998
2413,1200,34660268,0.874
2414,1200,16715979,0.981
2415,1200,35468971,0.869
2416,1200,26985768,0.987
2417,1200,32936030,0.923
2418,1200,17936276,0.997
2419,1200,26338555,0.983
2420,1200,19744684,0.994
2421,1200,24845016,0.977
2422,1200,14875917,1
2423,1200,30426265,0.949
2424,1200,28984923,0.859
2425,1200,23301370,0.98
2426,1200,17561972,0.998
2427,1200,33408753,0.922
2428,1200,26447858,0.994
2429,1200,30913660,0.942
2430,1200,18066480,0.993
2431,1200,31887267,0.943
2432,1200,12231656,1
2433,1200,25557986,0.99
2434,1200,22262875,0.981
2435,1200,20214403,0.977
2436,1200,23438148,0.986
2437,1200,30747934,0.936
2438,1200,18059589,0.995
2439,1200,29353288,0.99
2440,1200,16688335,0.995
2441,1200,33544053,0.895
2442,1200,18353369,0.997
2443,1200,17858890,1
2444,1200,26624327,0.969
2445,1200,33757872,0.916
2446,1200,26143404,0.974
2447,1200,30440616,0.966
2448,1200,30461688,0.954
2449,1200,28523296,0.97
2450,1200,18902456,0.996
2451,1200,29004706,0.97
2452,1200,25968950,0.998
2453,1200,22476427,0.993
2454,1200,22837367,0.996
2455,1200,15865185,1
2456,1200,25431493,0.973
2457,1200,25265816,0.995
2458,1200,30542786,0.874
2459,1200,24371611,0.995
2460,1200,34872516,0.943
2461,1200,31119699,0.902
2462,1200,20250529,0.968
2463,1200,38899585,0.774
2464,1200,16466763,1
2465,1200,23810298,0.969
2466,1200,13870025,1
2467,1200,24783498,0.975
2468,1200,26159229,0.923
2469,1200,26430850,0.993
2470,1200,29235776,0.95
2471,1200,26509504,0.989
2472,1200,29905879,0.906
2473,1200,29466980,0.949
2474,1200,28778902,0.966
2475,1200,16515341,1
2476,1200,29078614,0.973
2477,1200,28699786,0.947
2478,1200,20021047,0.997
2479,1200,32848313,0.903
2480,1200,32304026,0.88
2481,1200,25577148,0.994
2482,1200,25659992,0.995
2483,1200,18056307,1
2484,1200,17553614,1
2485,1200,16154483,1
2486,1200,26768979,0.993
2487,1200,16727824,0.998
2488,1200,22391032,0.994
2489,1200,27064066,0.987
2490,1200,31549089,0.942
2491,1200,18681583,0.999
2492,1200,16813948,0.995
2493,1200,24094718,0.955
2494,1200,23513760,0.986
2495,1200,16702411,0.993
2496,1200,17240195,1
2497,1200,23240067,1
2498,1200,31760229,0.929
2499,1200,21092440,1
2500,1200,32072492,0.896
2501,1200,14469802,0.993
2502,1200,24616063,0.983
2503,1200,18355301,0.996
2504,1200,21935687,0.936
2505,1200,28719177,0.953
2506,1200,33091732,0.967
2507,1200,26693961,0.984
2508,1200,25841682,0.992
2509,1200,30054995,0.985
2510,1200,16672176,0.998
2511,1200,31902845,0.976
2512,1200,20768094,0.999
2513,1200,15032145,1
2514,1200,27069484,0.987
2515,1200,39341305,0.643
2516,1200,27855377,0.93
2517,1200,38152011,0.785
2518,1200,25888778,0.977
2519,1200,22256127,0.985
2520,1200,23443944,0.977
2521,1200,34020308,0.94
2522,1200,26625884,0.999
2523,1200,17212951,0.999
2524,1200,23147349,0.956
2525,1200,30412343,0.914
2526,1200,22645287,0.989
2527,1200,16499784,0.991
2528,1200,10410631,0.999
2529,1200,36788255,0.886
2530,1200,26199876,0.986
2531,1200,16122642,0.997
2532,1200,18979195,0.996
2533,1200,25090162,0.982
2534,1200,23799725,0.993
2535,1200,40793870,0.939
2536,1200,29843068,0.974
2537,1200,25003853,0.976
2538,1200,34878176,0.827
2539,1200,29754591,0.942
2540,1200,26838268,0.988
2541,1200,31709164,0.94
2542,1200,36288319,0.78
2543,1200,16793279,0.997
2544,1200,40293882,0.704
2545,1200,20967523,0.989
2546,1200,23003450,0.992
2547,1200,33338156,0.931
2548,1200,36062381,0.803
2549,1200,31476828,0.971
2550,1200,34397419,0.941
2551,1200,30188232,0.979
2552,1200,32277471,0.821
2553,1200,37261808,0.897
2554,1200,29999747,0.98
2555,1200,12062722,1
2556,1200,21643549,0.974
2557,1200,20551142,0.997
2558,1200,36817868,0.973
2559,1200,36599966,0.914
2560,1200,28251427,0.975
2561,1200,20263716,1
2562,1200,21947329,0.99
2563,1200,17522254,1
2564,1200,37950253,0.915
2565,1200,31319440,0.95
2566,1200,36923717,0.955
2567,1200,22037883,0.98
2568,1200,22043900,0.988
2569,1200,19605957,0.997
2570,1200,22903533,0.967
2571,1200,27951469,0.975
2572,1200,24965875,0.979
2573,1200,13631598,0.999
2574,1200,35766283,0.826
2575,1200,22357439,0.995
2576,1200,19022430,0.995
2577,1200,30856697,0.981
2578,1200,23671452,0.971
2579,1200,27623996,0.962
2580,1200,15718903,0.998
2581,1200,24242966,0.988
2582,1200,27509478,0.982
2583,1200,22993532,0.991
2584,1200,18926727,0.986
2585,1200,32597428,0.943
2586,1200,29247075,0.978
2587,1200,25730763,0.994
2588,1200,23955141,0.993
2589,1200,15051687,1
2590,1200,25541036,0.998
2591,1200,31893420,0.952
2592,1200,21633414,0.994
2593,1200,12618888,0.999
2594,1200,26500469,0.992
2595,1200,29150632,0.979
2596,1200,29633573,0.995
2597,1200,31234065,0.978
2598,1200,29533357,0.889
2599,1200,18993900,0.999
2600,1200,25086292,0.989
2601,1200,29957961,0.968
2602,1200,27911558,0.986
2603,1200,20011331,0.996
2604,1200,17884207,0.996
2605,1200,17272925,1
2606,1200,16082551,1
2607,1200,23384024,0.981
2608,1200,26322680,0.985
2609,1200,38644283,0.908
2610,1200,27819987,0.986
2611,1200,17339807,0.997
2612,1200,20016466,0.937
2613,1200,22958232,0.997
2614,1200,35597110,0.925
2615,1200,31324721,0.969
2616,1200,34564214,0.962
2617,1200,31360721,0.961
2618,1200,27838345,0.98
2619,1200,33853092,0.984
2620,1200,30176610,0.904
2621,1200,35791521,0.799
2622,1200,27590836,0.988
2623,1200,41825437,0.866
2624,1200,15738277,0.984
2625,1200,33422092,0.974
2626,1200,29239239,0.877
2627,1200,10915908,0.999
2628,1200,35904491,0.811
2629,1200,31409733,0.894
2630,1200,22941070,0.991
2631,1200,33354351,0.958
2632,1200,29457561,0.904
2633,1200,26198876,0.994
2634,1200,32845444,0.941
2635,1200,39198500,0.819
2636,1200,19728622,0.997
2637,1200,26035347,0.98
2638,1200,30277359,0.948
2639,1200,23308457,0.987
2640,1200,36077983,0.953
2641,1200,25719000,0.988
2642,1200,39874545,0.863
2643,1200,28589074,0.95
2644,1200,30455411,0.958
2645,1200,35267590,0.868
2646,1200,34125237,0.936
2647,1200,22670670,0.998
2648,1200,29304866,0.976
2649,1200,18961229,1
2650,1200,36419406,0.889
2651,1200,33377904,0.943
2652,1200,31940085,0.814
2653,1200,31613512,0.933
2654,1200,40052020,0.569
2655,1200,13427908,0.998
2656,1200,28960530,0.969
2657,1200,11682342,1
2658,1200,36116865,0.92
2659,1200,16821395,0.998
2660,1200,16486676,0.998
2661,1200,25791263,0.994
2662,1200,25860124,0.977
2663,1200,12159480,1
2664,1200,28956819,0.982
2665,1200,31196745,0.943
2666,1200,20201934,0.996
2667,1200,39620913,0.785
2668,1200,24272981,0.989
2669,1200,27442134,0.991
2670,1200,26296251,0.97
2671,1200,45720485,0.853
2672,1200,45735759,0.804
2673,1200,32305478,0.969
2674,1200,49815315,0.669
2675,1200,36767622,0.974
2676,1200,25798794,0.998
2677,1200,40857561,0.926
2678,1200,24666196,1
2679,1200,21833382,0.911
2680,1200,30963028,0.978
2681,1200,28311234,0.963
2682,1200,15535857,1
2683,1200,24221361,0.988
2684,1200,22656566,0.99
2685,1200,36278604,0.902
2686,1200,20388326,0.996
2687,1200,24616236,0.984
2688,1200,35198545,0.89
2689,1200,30243864,0.967
2690,1200,28921384,0.973
2691,1200,22241447,0.981
2692,1200,26040758,0.98
2693,1200,15781323,1
2694,1200,33110669,0.971
2695,1200,21358212,0.997
2696,1200,26808298,0.988
2697,1200,14527171,0.999
2698,1200,14876905,1
2699,1200,24885356,0.968
2700,1200,28493503,0.979
2701,1200,29725038,0.98
2702,1200,21429022,0.999
2703,1200,43742563,0.78
2704,1200,34056371,0.879
2705,1200,11713691,1
2706,1200,34755730,0.946
2707,1200,33228518,0.886
2708,1200,41249603,0.889
2709,1200,31791392,0.962
2710,1200,26581966,0.984
2711,1200,28445019,0.95
2712,1200,42216548,0.941
2713,1200,21625307,0.99
2714,1200,22421761,0.993
2715,1200,31675602,0.97
2716,1200,31639701,0.944
2717,1200,22014639,0.997
2718,1200,34672464,0.9
2719,1200,23325807,0.974
2720,1200,25336391,0.983
2721,1200,33293255,0.849
2722,1200,31981262,0.965
2723,1200,8905142,0.999
2724,1200,29484694,0.986
2725,1200,27864781,0.968
2726,1200,27397065,0.98
2727,1200,22540935,0.981
2728,1200,20039905,0.989
2729,1200,32605187,0.961
2730,1200,36965496,0.837
2731,1200,24178791,0.988
2732,1200,24529168,0.989
2733,1200,25632387,0.989
2734,1200,24040806,0.993
2735,1200,24970413,0.994
2736,1200,17682117,0.998
2737,1200,15238901,0.998
2738,1200,17301458,0.99
2739,1200,19200935,0.997
2740,1200,28751967,0.989
2741,1200,32979005,0.918
2742,1200,34875346,0.951
2743,1200,30110380,0.978
2744,1200,28014080,0.991
2745,1200,18474028,0.991
2746,1200,20459156,0.986
2747,1200,23065811,0.956
2748,1200,25399841,0.983
2749,1200,9333420,0.998
2750,1200,20585511,0.978
2751,1200,33687323,0.932
2752,1200,13914639,1
2753,1200,29573293,0.968
2754,1200,32827620,0.908
2755,1200,11810018,1
2756,1200,28512909,0.983
2757,1200,36592522,0.868
2758,1200,16565770,0.997
2759,1200,28832718,0.883
2760,1200,17466310,0.997
2761,1200,25691822,0.992
2762,1200,15096005,0.994
2763,1200,20882491,0.995
2764,1200,40271190,0.868
2765,1200,16470672,0.892
2766,1200,19681105,0.995
2767,1200,16797159,0.998
2768,1200,28074450,0.982
2769,1200,18468879,1
2770,1200,13565295,1
2771,1200,29628334,0.967
2772,1200,12963014,0.998
2773,1200,17635829,0.999
2774,1200,29216671,0.931
2775,1200,23756431,0.98
2776,1200,25945114,0.992
2777,1200,39349083,0.847
2778,1200,46123234,0.849
2779,1200,29275955,0.959
2780,1200,38731772,0.83
2781,1200,14263908,0.995
2782,1200,29007139,0.98
2783,1200,32992252,0.984
2784,1200,22893160,0.99
2785,1200,31356662,0.96
2786,1200,39023124,0.852
2787,1200,32971774,0.943
2788,1200,19379496,0.998
2789,1200,22869054,0.993
2790,1200,22561587,0.976
2791,1200,22849929,0.991
2792,1200,27460191,0.987
2793,1200,29427305,0.957
2794,1200,31736809,0.926
2795,1200,18225667,0.996
2796,1200,36273915,0.711
2797,1200,17513997,0.977
2798,1200,25303180,0.961
2799,1200,21760593,0.991
2800,1200,23571233,0.981
2801,1200,34345670,0.878
2802,1200,24517384,0.985
2803,1200,16524804,0.993
2804,1200,16826933,0.996
2805,1200,25318729,0.993
2806,1200,19509050,0.985
2807,1200,13614865,1
2808,1200,30558714,0.963
2809,1200,16747179,1
2810,1200,34414863,0.943
2811,1200,13942103,1
2812,1200,27070694,0.952
2813,1200,25497525,0.988
2814,1200,20919905,1
2815,1200,15411525,0.997
2816,1200,31659594,0.954
2817,1200,21798774,0.997
2818,1200,30486156,0.934
2819,1200,27330557,0.941
2820,1200,17872958,0.996
2821,1200,25821919,0.947
2822,1200,16396915,0.996
2823,1200,23403210,0.978
2824,1200,13790590,0.998
2825,1200,36170254,0.759
2826,1200,29946443,0.937
2827,1200,31485608,0.975
2828,1200,17976889,0.998
2829,1200,22951178,0.987
2830,1200,31797384,0.839
2831,1200,19447599,0.998
2832,1200,22330958,0.993
2833,1200,32247345,0.984
2834,1200,21764289,0.997
2835,1200,31644788,0.93
2836,1200,26786701,0.983
2837,1200,33151614,0.962
2838,1200,25359841,0.885
2839,1200,21505870,0.994
2840,1200,23649463,0.985
2841,1200,26014316,0.96
2842,1200,32791020,0.862
2843,1200,24143540,0.997
2844,1200,31132285,0.917
2845,1200,23324507,0.992
2846,1200,27332751,0.986
2847,1200,20464233,0.998
2848,1200,19483958,0.993
2849,1200,36341440,0.908
2850,1200,27449968,0.979
2851,1200,14945657,0.993
2852,1200,20160490,0.995
2853,1200,24166469,0.985
2854,1200,31635625,0.866
2855,1200,31852416,0.966
2856,1200,30338102,0.955
2857,1200,14527268,0.999
2858,1200,14754354,0.98
2859,1200,17035975,1
2860,1200,23472887,0.997
2861,1200,26652746,0.952
2862,1200,20279598,0.999
2863,1200,24619182,0.929
2864,1200,9660179,0.997
2865,1200,18890845,0.977
2866,1200,23649261,0.961
2867,1200,23888213,0.987
2868,1200,26176815,0.941
2869,1200,30620677,0.959
2870,1200,36974368,0.9
2871,1200,10386804,0.999
2872,1200,19225078,0.986
2873,1200,30396278,0.794
2874,1200,26015982,0.98
2875,1200,34362142,0.775
2876,1200,11857989,0.999
2877,1200,18383198,0.999
2878,1200,16748179,0.988
2879,1200,24783151,0.994
2880,1200,28574307,0.909
2881,1200,30263392,0.906
2882,1200,14229574,1
2883,1200,24413235,0.968
2884,1200,16173065,1
2885,1200,19626105,0.996
2886,1200,21649653,0.991
2887,1200,36683284,0.715
2888,1200,17321887,0.993
2889,1200,15189973,0.919
2890,1200,13881268,0.998
2891,1200,27929935,0.955
2892,1200,10210625,1
2893,1200,15785046,0.938
2894,1200,25543985,0.98
2895,1200,32026810,0.878
2896,1200,18848581,0.967
2897,1200,26644172,0.954
2898,1200,15173745,0.973
2899,1200,23672803,0.979
2900,1200,18584953,0.995
2901,1200,35313455,0.773
2902,1200,19708738,0.997
2903,1200,20270821,0.992
2904,1200,30692924,0.934
2905,1200,37429774,0.627
2906,1200,20031303,0.99
2907,1200,29865328,0.903
2908,1200,15761534,1
2909,1200,26877744,0.966
2910,1200,30943068,0.902
2911,1200,31776035,0.864
2912,1200,34099621,0.783
2913,1200,25870295,0.963
2914,1200,21081257,0.997
2915,1200,18432361,0.962
2916,1200,18909998,0.996
2917,1200,22621071,0.941
2918,1200,30634776,0.924
2919,1200,22770414,0.996
2920,1200,30309648,0.934
2921,1200,25457871,0.924
2922,1200,21556990,0.996
2923,1200,23865457,0.956
2924,1200,19835416,0.992
2925,1200,17906635,0.995
2926,1200,30830862,0.882
2927,1200,16783816,0.999
2928,1200,23321770,0.973
2929,1200,27134047,0.972
2930,1200,11217795,0.998
2931,1200,28344328,0.899
2932,1200,37285347,0.972
2933,1200,15947854,0.995
2934,1200,18667500,0.996
2935,1200,28040702,0.952
2936,1200,20447506,0.971
2937,1200,23650689,0.992
2938,1200,17364471,0.998
2939,1200,26416871,0.989
2940,1200,29701349,0.969
2941,1200,14282038,0.999
2942,1200,17224884,0.98
2943,1200,24931844,0.987
2944,1200,24601771,0.941
2945,1200,22632475,0.979
2946,1200,18859160,0.986
2947,1200,24284622,0.957
2948,1200,20158411,0.978
2949,1200,19261893,0.986
2950,1200,30804524,0.87
2951,1200,22365710,0.963
2952,1200,31632941,0.848
2953,1200,30326923,0.859
2954,1200,24108424,0.978
2955,1200,27472901,0.947
2956,1200,17656430,0.993
2957,1200,20083281,0.993
2958,1200,15239862,0.999
2959,1200,32319871,0.876
2960,1200,20543154,0.99
2961,1200,23595818,0.937
2962,1200,21252547,0.988
2963,1200,25519111,0.979
2964,1200,20345914,0.986
2965,1200,22402946,0.88
2966,1200,24516449,0.976
2967,1200,14815626,0.998
2968,1200,19872999,0.969
2969,1200,31553008,0.922
2970,1200,30352289,0.957
2971,1200,14773317,0.999
2972,1200,32974810,0.795
2973,1200,20963075,0.996
2974,1200,27435180,0.922
2975,1200,13518579,0.998
2976,1200,33248521,0.582
2977,1200,9470712,1
2978,1200,18161063,0.992
2979,1200,30531752,0.959
2980,1200,24991094,0.984
2981,1200,23087338,0.945
2982,1200,11507742,0.995
2983,1200,14677037,0.999
2984,1200,33193600,0.799
2985,1200,32620490,0.938
2986,1200,15065418,0.995
2987,1200,17577759,0.987
2988,1200,23665620,0.992
2989,1200,27174903,0.904
2990,1200,25591739,0.935
2991,1200,26688515,0.943
2992,1200,15448344,1
2993,1200,15750454,0.996
2994,1200,19036482,0.998
2995,1200,24789077,0.984
2996,1200,30107098,0.934
2997,1200,23493416,0.982
2998,1200,27599972,0.933
2999,1200,25101327,0.918
3000,1200,27081928,0.947
3001,1200,19232505,0.997
3002,1200,30751243,0.929
3003,1200,16840891,0.997
3004,1200,31083181,0.885
3005,1200,25821568,0.935
3006,1200,19500501,0.992
3007,1200,31140331,0.937
3008,1200,12532517,0.997
3009,1200,21165308,0.995
3010,1200,16418376,0.999
3011,1200,19746401,0.982
3012,1200,19296508,0.994
3013,1200,14811318,0.99
3014,1200,16034130,0.996
3015,1200,36853689,0.725
3016,1200,24926206,0.98
3017,1200,31395272,0.792
3018,1200,21302946,0.993
3019,1200,15218151,1
3020,1200,33486944,0.75
3021,1200,27681831,0.875
3022,1200,20322351,0.98
3023,1200,20753273,0.981
3024,1200,28163819,0.873
3025,1200,18347499,0.932
3026,1200,23685751,0.975
3027,1200,15581100,0.992
3028,1200,20752777,0.95
3029,1200,18689667,0.984
3030,1200,13475726,0.999
3031,1200,20928067,0.991
3032,1200,19246132,0.977
3033,1200,15533164,0.974
3034,1200,18378795,0.998
3035,1200,25156036,0.919
3036,1200,22884384,0.965
3037,1200,12339831,0.998
3038,1200,33311389,0.89
3039,1200,11443294,0.998
3040,1200,24245619,0.959
3041,1200,20813294,0.977
3042,1200,18458895,0.989
3043,1200,17970471,0.982
3044,1200,24740896,0.976
3045,1200,25393652,0.922
3046,1200,18672737,0.995
3047,1200,28057318,0.843
3048,1200,26614111,0.844
3049,1200,15061639,0.997
3050,1200,24601899,0.95
3051,1200,22587322,0.963
3052,1200,15228830,0.996
3053,1200,17323827,0.995
3054,1200,18099146,0.998
3055,1200,23714480,0.982
3056,1200,11283517,0.999
3057,1200,18229751,0.998
3058,1200,18909457,0.986
3059,1200,15815161,0.991
3060,1200,25449661,0.993
3061,1200,13563453,0.999
3062,1200,23662762,0.972
3063,1200,20282354,0.97
3064,1200,20215125,0.987
3065,1200,25383787,0.9
3066,1200,23387187,0.99
3067,1200,24355839,0.99
3068,1200,13602848,1
3069,1200,13014463,0.994
3070,1200,18883217,0.986
3071,1200,16691674,0.993
3072,1200,30486846,0.819
3073,1200,23002326,0.93
3074,1200,14109787,0.996
3075,1200,21017121,0.968
3076,1200,18244093,0.969
3077,1200,10838744,0.994
3078,1200,24720062,0.872
3079,1200,18860655,0.986
3080,1200,16495284,1
3081,1200,21500141,0.957
3082,1200,18414999,0.997
3083,1200,22739863,0.979
3084,1200,12160384,0.998
3085,1200,29706981,0.821
3086,1200,20008284,0.975
3087,1200,20195808,0.984
3088,1200,15690838,1
3089,1200,18859519,0.956
3090,1200,15200044,0.999
3091,1200,22588322,0.987
3092,1200,20108308,0.979
3093,1200,19003366,0.962
3094,1200,18215060,0.97
3095,1200,9851506,0.996
3096,1200,15718805,0.995
3097,1200,19864687,0.976
3098,1200,22680932,0.737
3099,1200,14892009,0.988
3100,1200,20493505,0.979
3101,1200,8522824,0.998
3102,1200,15337140,0.989
3103,1200,9787266,0.999
3104,1200,29354454,0.953
3105,1200,13890254,0.998
3106,1200,19596802,0.992
3107,1200,25055011,0.942
3108,1200,14744184,0.998
3109,1200,21476871,0.996
3110,1200,23703148,0.977
3111,1200,20843054,0.891
3112,1200,22205871,0.928
3113,1200,18668360,0.993
3114,1200,21091990,0.987
3115,1200,19914147,0.951
3116,1200,11035881,1
3117,1200,24105655,0.981
3118,1200,18140287,0.984
3119,1200,19305201,0.986
3120,1200,13171116,1
3121,1200,12337133,1
3122,1200,24821839,0.949
3123,1200,22756179,0.97
3124,1200,19119365,0.993
3125,1200,28556501,0.843
3126,1200,22967711,0.984
3127,1200,6872867,0.994
3128,1200,14780588,1
3129,1200,20114136,0.976
3130,1200,15156157,0.998
3131,1200,18394819,0.994
3132,1200,21141084,0.956
3133,1200,11447836,0.999
3134,1200,21425029,0.952
3135,1200,16262833,0.991
3136,1200,15893616,0.994
3137,1200,18279817,0.962
3138,1200,30474091,0.702
3139,1200,16342417,0.995
3140,1200,12195148,1
3141,1200,26190568,0.888
3142,1200,16992121,0.999
3143,1200,22818073,0.929
3144,1200,20410445,0.98
3145,1200,17044639,0.969
3146,1200,28294225,0.949
3147,1200,25277293,0.829
3148,1200,19152077,0.977
3149,1200,23208455,0.936
3150,1200,15462673,0.992
3151,1200,22182673,0.965
3152,1200,23635970,0.97
3153,1200,17961894,0.996
3154,1200,23958503,0.975
3155,1200,20695110,0.98
3156,1200,21988544,0.974
3157,1200,22511342,0.958
3158,1200,20624492,0.981
3159,1200,32591125,0.895
3160,1200,25382641,0.916
3161,1200,23590998,0.827
3162,1200,23635439,0.949
3163,1200,14137752,1
3164,1200,28213696,0.779
3165,1200,11273461,0.998
3166,1200,24061366,0.968
3167,1200,19757261,0.996
3168,1200,15599376,0.987
3169,1200,16584883,0.996
3170,1200,23302423,0.943
3171,1200,13361904,0.994
3172,1200,23739504,0.931
3173,1200,18543679,0.994
3174,1200,25413968,0.94
3175,1200,20699587,0.978
3176,1200,20449430,0.984
3177,1200,18255098,0.957
3178,1200,12641938,0.999
3179,1200,15132004,0.996
3180,1200,19030472,0.945
3181,1200,22320328,0.963
3182,1200,16709183,0.994
3183,1200,20447723,0.973
3184,1200,16992801,0.977
3185,1200,21593118,0.963
3186,1200,24733025,0.909
3187,1200,16906432,0.993
3188,1200,19393359,0.985
3189,1200,14850396,1
3190,1200,18608864,0.994
3191,1200,22467391,0.979
3192,1200,14271760,0.992
3193,1200,24332249,0.988
3194,1200,15619238,0.993
3195,1200,9432389,0.999
3196,1200,24680074,0.898
3197,1200,23230938,0.977
3198,1200,20897067,0.949
3199,1200,23103588,0.865
3200,1200,20357959,0.943
3201,1200,15114451,0.997
3202,1200,13483452,0.999
3203,1200,14166579,0.985
3204,1200,24473745,0.939
3205,1200,27623512,0.897
3206,1200,20404798,0.982
3207,1200,16226730,1
3208,1200,14498372,0.979
3209,1200,13988451,1
3210,1200,13467678,0.998
3211,1200,12614098,0.998
3212,1200,21201364,0.956
3213,1200,26683971,0.969
3214,1200,21747255,0.93
3215,1200,16586751,0.985
3216,1200,16701630,0.995
3217,1200,24902524,0.883
3218,1200,15906987,0.997
3219,1200,12527566,0.983
3220,1200,19733503,0.968
3221,1200,26130838,0.953
3222,1200,20849180,0.925
3223,1200,13284910,1
3224,1200,14804684,1
3225,1200,21780476,0.994
3226,1200,16485639,0.98
3227,1200,22012053,0.989
3228,1200,9774432,0.999
3229,1200,14219786,0.998
3230,1200,24175691,0.808
3231,1200,13902675,0.998
3232,1200,24517644,0.918
3233,1200,17760137,0.978
3234,1200,10894537,0.993
3235,1200,20881061,0.909
3236,1200,21277595,0.974
3237,1200,22583263,0.977
3238,1200,17122148,0.986
3239,1200,21180886,0.902
3240,1200,23770227,0.965
3241,1200,9849031,0.957
3242,1200,23619922,0.962
3243,1200,14361746,0.998
3244,1200,22208990,0.969
3245,1200,22906595,0.982
3246,1200,23625531,0.982
3247,1200,20939823,0.961
3248,1200,13422677,0.994
3249,1200,18898454,0.983
3250,1200,13212049,0.998
3251,1200,18506740,0.986
3252,1200,18505291,0.891
3253,1200,23087279,0.939
3254,1200,19540789,0.949
3255,1200,19054854,0.976
3256,1200,18814345,0.976
3257,1200,15750239,0.996
3258,1200,12119608,0.995
3259,1200,25824272,0.854
3260,1200,20449702,0.93
3261,1200,18741180,0.997
3262,1200,19325289,0.963
3263,1200,24357361,0.921
3264,1200,21712368,0.975
3265,1200,10981969,0.999
3266,1200,26189744,0.888
3267,1200,16171772,0.975
3268,1200,20000752,0.986
3269,1200,20005524,0.97
3270,1200,8058312,1
3271,1200,17554903,0.981
3272,1200,18636373,0.975
3273,1200,11601167,0.999
3274,1200,18273209,0.988
3275,1200,13928904,0.991
3276,1200,22016185,0.953
3277,1200,15474753,0.99
3278,1200,21514900,0.938
3279,1200,10161912,0.999
3280,1200,22371705,0.933
3281,1200,24318187,0.886
3282,1200,16242168,0.999
3283,1200,23748968,0.876
3284,1200,18580403,0.97
3285,1200,15558553,0.982
3286,1200,22640854,0.937
3287,1200,12295295,0.999
3288,1200,15645469,0.999
3289,1200,24360157,0.834
3290,1200,18675172,0.983
3291,1200,12037849,0.992
3292,1200,19043246,0.947
3293,1200,14921084,0.986
3294,1200,16976870,0.987
3295,1200,18077306,0.988
3296,1200,14278202,0.999
3297,1200,25903455,0.844
3298,1200,21405422,0.993
3299,1200,20118611,0.998
3300,1200,16630576,0.984
3301,1200,14231569,0.996
3302,1200,10059881,0.998
3303,1200,22386310,0.87
3304,1200,18359797,0.967
3305,1200,13165181,0.996
3306,1200,20109107,0.984
3307,1200,23820171,0.793
3308,1200,22212837,0.914
3309,1200,11673285,1
3310,1200,9411295,0.999
3311,1200,16536821,0.983
3312,1200,27585786,0.806
3313,1200,16411750,0.96
3314,1200,20025527,0.953
3315,1200,20060261,0.97
3316,1200,17343036,0.95
3317,1200,18020685,0.993
3318,1200,20015469,0.989
3319,1200,19353485,0.96
3320,1200,19614233,0.984
3321,1200,18336117,0.994
3322,1200,24534937,0.806
3323,1200,22370260,0.914
3324,1200,12183692,0.998
3325,1200,20620213,0.991
3326,1200,22783709,0.977
3327,1200,14591229,0.994
3328,1200,22747750,0.942
3329,1200,16240631,0.993
3330,1200,20224796,0.994
3331,1200,19957907,0.975
3332,1200,13868717,0.999
3333,1200,26052650,0.734
3334,1200,15773687,0.988
3335,1200,12436591,0.986
3336,1200,17755813,0.997
3337,1200,20182648,0.919
3338,1200,26512771,0.672
3339,1200,14439870,0.979
3340,1200,16841538,0.972
3341,1200,22757660,0.926
3342,1200,12622327,0.994
3343,1200,10866259,0.999
3344,1200,16862528,0.973
3345,1200,18066138,0.929
3346,1200,12211981,0.998
3347,1200,9735444,0.998
3348,1200,16578130,0.994
3349,1200,16602623,0.991
3350,1200,17664914,0.963
3351,1200,15789486,0.986
3352,1200,18753372,0.951
3353,1200,20246661,0.854
3354,1200,16696796,0.98
3355,1200,11883200,0.999
3356,1200,14078694,0.992
3357,1200,19144853,0.973
3358,1200,19477275,0.978
3359,1200,12111202,1
3360,1200,21413655,0.91
3361,1200,21556366,0.911
3362,1200,10908293,0.997
3363,1200,10667928,1
3364,1200,19772032,0.992
3365,1200,17715537,0.973
3366,1200,21838176,0.929
3367,1200,20766844,0.953
3368,1200,15405450,0.994
3369,1200,22792909,0.904
3370,1200,13166560,0.993
3371,1200,11317911,0.995
3372,1200,15622385,0.955
3373,1200,17242918,0.976
3374,1200,22802950,0.88
3375,1200,15655449,0.977
3376,1200,13420321,0.995
3377,1200,19631889,0.956
3378,1200,14801142,0.996
3379,1200,16951470,0.982
3380,1200,13775693,1
3381,1200,13154043,0.994
3382,1200,15465715,0.996
3383,1200,17860273,0.985
3384,1200,11163260,1
3385,1200,11802914,1
3386,1200,12284829,0.998
3387,1200,17243906,0.988
3388,1200,21076182,0.975
3389,1200,18871107,0.995
3390,1200,22539067,0.784
3391,1200,15689553,0.978
3392,1200,23749610,0.741
3393,1200,17586441,0.964
3394,1200,14257103,0.981
3395,1200,24304915,0.888
3396,1200,14606365,0.988
3397,1200,18726541,0.936
3398,1200,16576603,0.986
3399,1200,22307436,0.852
3400,1200,8090815,1
3401,1200,19621225,0.98
3402,1200,12809181,0.999
3403,1200,17956082,0.997
3404,1200,15891674,0.981
3405,1200,14613346,0.994
3406,1200,7683876,0.999
3407,1200,9758473,0.999
3408,1200,9556043,0.998
3409,1200,12086831,0.987
3410,1200,15086985,0.964
3411,1200,13793663,0.999
3412,1200,18618639,0.991
3413,1200,11378169,0.999
3414,1200,17661952,0.966
3415,1200,20247022,0.932
3416,1200,14926953,0.956
3417,1200,13408394,1
3418,1200,16327137,0.989
3419,1200,17393118,0.956
3420,1200,15894373,0.974
3421,1200,20196039,0.912
3422,1200,18763057,0.857
3423,1200,15025443,0.999
3424,1200,13280243,0.997
3425,1200,13283090,0.995
3426,1200,13526993,0.997
3427,1200,17282909,0.897
3428,1200,20874651,0.916
3429,1200,19046691,0.968
3430,1200,9301492,0.99
3431,1200,19742301,0.969
3432,1200,15084198,0.985
3433,1200,12971835,0.986
3434,1200,20804108,0.938
3435,1200,8410572,0.996
3436,1200,18822434,0.964
3437,1200,22051444,0.833
3438,1200,10155700,0.998
3439,1200,19187595,0.975
3440,1200,14288002,0.957
3441,1200,21639911,0.903
3442,1200,18196359,0.971
3443,1200,21191435,0.859
3444,1200,15325216,0.984
3445,1200,16052632,0.996
3446,1200,16110448,0.977
3447,1200,13215977,0.993
3448,1200,12853897,0.997
3449,1200,14690587,0.982
3450,1200,22348367,0.843
3451,1200,16915298,0.99
3452,1200,16564889,0.986
3453,1200,15538543,0.974
3454,1200,18230904,0.989
3455,1200,10574820,0.995
3456,1200,16425892,0.985
3457,1200,8041892,1
3458,1200,17206960,0.979
3459,1200,23637360,0.9
3460,1200,18357304,0.919
3461,1200,14180434,0.998
3462,1200,14402374,0.995
3463,1200,17723372,0.954
3464,1200,18349010,0.889
3465,1200,9032230,0.995
3466,1200,17612723,0.962
3467,1200,18739125,0.963
3468,1200,13867085,0.999
3469,1200,20551253,0.99
3470,1200,8681706,0.999
3471,1200,18624567,0.975
3472,1200,16721808,0.967
3473,1200,21953458,0.906
3474,1200,19538231,0.969
3475,1200,8626002,1
3476,1200,17662544,0.986
3477,1200,16558584,0.992
3478,1200,13937173,0.999
3479,1200,14970317,0.997
3480,1200,7630330,0.998
3481,1200,7557111,0.998
3482,1200,16219102,0.976
3483,1200,17008684,0.958
3484,1200,17541001,0.977
3485,1200,11784776,0.982
3486,1200,16092173,0.995
3487,1200,13739955,0.927
3488,1200,15581915,0.983
3489,1200,14241879,0.99
3490,1200,17598793,0.992
3491,1200,17296267,0.981
3492,1200,10811566,0.994
3493,1200,18297221,0.936
3494,1200,15205915,0.995
3495,1200,16462559,0.925
3496,1200,22688129,0.726
3497,1200,17526979,0.986
3498,1200,18087800,0.901
3499,1200,13473872,0.988
3500,1200,16462369,0.981
3501,1200,15143188,0.986
3502,1200,20861618,0.88
3503,1200,18266849,0.945
3504,1200,17655076,0.972
3505,1200,14920602,0.982
3506,1200,19874246,0.945
3507,1200,11136079,0.992
3508,1200,11233752,0.999
3509,1200,10747576,0.997
3510,1200,11438291,1
3511,1200,20511764,0.946
3512,1200,20334878,0.987
3513,1200,19878407,0.941
3514,1200,15213939,0.991
3515,1200,21310454,0.949
3516,1200,20151590,0.923
3517,1200,10131958,0.999
3518,1200,7816793,0.996
3519,1200,22688459,0.805
3520,1200,10460257,1
3521,1200,16794068,0.995
3522,1200,15235767,0.957
3523,1200,14826363,0.985
3524,1200,8876145,0.994
3525,1200,17991098,0.965
3526,1200,19849137,0.818
3527,1200,19492048,0.967
3528,1200,16975613,0.967
3529,1200,9735986,0.998
3530,1200,16165839,0.97
3531,1200,15943546,0.991
3532,1200,11343568,0.988
3533,1200,20678480,0.911
3534,1200,14213813,0.998
3535,1200,12788144,0.995
3536,1200,18655516,0.971
3537,1200,12994808,0.983
3538,1200,12600558,0.998
3539,1200,19437128,0.946
3540,1200,21299667,0.943
3541,1200,14057257,0.989
3542,1200,8468338,0.994
3543,1200,15085530,0.975
3544,1200,16131882,0.989
3545,1200,17862015,0.951
3546,1200,17878712,0.948
3547,1200,11065150,0.997
3548,1200,10029829,1
3549,1200,16923524,0.978
3550,1200,9989401,1
3551,1200,19662001,0.962
3552,1200,8755390,0.998
3553,1200,13445246,0.983
3554,1200,20435601,0.976
3555,1200,8784361,0.999
3556,1200,10967396,1
3557,1200,22723313,0.887
3558,1200,22442788,0.938
3559,1200,12516343,0.989
3560,1200,19695960,0.96
3561,1200,14248291,0.996
3562,1200,17379923,0.968
3563,1200,17038714,0.999
3564,1200,6494033,0.999
3565,1200,18476389,0.981
3566,1200,15445323,0.978
3567,1200,19018916,0.883
3568,1200,19272941,0.921
3569,1200,18892803,0.978
3570,1200,10686739,0.997
3571,1200,10034767,0.996
3572,1200,14930181,0.992
3573,1200,21868715,0.969
3574,1200,13975042,0.995
3575,1200,18152101,0.879
3576,1200,11635015,0.999
3577,1200,20300617,0.944
3578,1200,14752250,0.997
3579,1200,13542660,0.992
3580,1200,14160599,0.995
3581,1200,13354115,0.985
3582,1200,19463420,0.963
3583,1200,19174354,0.965
3584,1200,18117396,0.957
3585,1200,12645726,0.994
3586,1200,13646908,0.988
3587,1200,12472084,0.986
3588,1200,21939156,0.995
3589,1200,14570756,0.947
3590,1200,23366949,0.896
3591,1200,11013541,0.984
3592,1200,17818259,0.982
3593,1200,19242895,0.908
3594,1200,16118773,0.986
3595,1200,13911757,0.967
3596,1200,9366426,0.997
3597,1200,15455876,0.986
3598,1200,17943127,0.971
3599,1200,7657099,1
3600,1200,17503044,0.986
3601,1200,10187661,0.998
3602,1200,15889439,0.978
3603,1200,16742350,0.954
3604,1200,19566201,0.948
3605,1200,14592797,0.989
3606,1200,13197545,0.979
3607,1200,20491656,0.765
3608,1200,15394009,0.996
3609,1200,18490330,0.98
3610,1200,28626767,0.784
3611,1200,17579273,0.979
3612,1200,15184623,0.994
3613,1200,15463648,0.983
3614,1200,14950970,0.998
3615,1200,16238379,0.955
3616,1200,22959301,0.845
3617,1200,15652344,0.999
3618,1200,11019546,1
3619,1200,14249806,0.998
3620,1200,12182954,0.994
3621,1200,12564437,0.984
3622,1200,10481399,0.999
3623,1200,13695781,0.996
3624,1200,17569866,0.984
3625,1200,18924800,0.994
3626,1200,13237921,0.993
3627,1200,9939102,1
3628,1200,17563877,0.978
3629,1200,17926235,0.962
3630,1200,12009076,0.98
3631,1200,13700770,0.995
3632,1200,23913611,0.952
3633,1200,15503175,0.983
3634,1200,18831502,0.949
3635,1200,17881340,0.903
3636,1200,17545316,0.965
3637,1200,22113766,0.884
3638,1200,22670802,0.922
3639,1200,18934762,0.98
3640,1200,14039810,0.995
3641,1200,13061574,0.983
3642,1200,16779887,0.924
3643,1200,19844895,0.897
3644,1200,5635649,1
3645,1200,12723452,0.991
3646,1200,9852215,0.997
3647,1200,16191362,0.986
3648,1200,18014148,0.997
3649,1200,19171571,0.906
3650,1200,15416340,0.949
3651,1200,13726194,0.989
3652,1200,12926235,0.995
3653,1200,16726444,0.967
3654,1200,9038873,0.998
3655,1200,12954638,0.995
3656,1200,13071961,0.949
3657,1200,15408936,0.994
3658,1200,11141184,0.995
3659,1200,15210625,0.991
3660,1200,14973364,0.976
3661,1200,13580903,0.981
3662,1200,8580679,0.996
3663,1200,9187025,0.999
3664,1200,18344482,0.941
3665,1200,18155943,0.883
3666,1200,15792309,0.992
3667,1200,21859761,0.919
3668,1200,13147197,0.993
3669,1200,17759554,0.98
3670,1200,11825720,0.996
3671,1200,12632453,0.996
3672,1200,9861660,0.998
3673,1200,11183962,1
3674,1200,13041729,0.998
3675,1200,20550496,0.856
3676,1200,19059848,0.855
3677,1200,19752125,0.935
3678,1200,9572322,0.997
3679,1200,16135948,0.951
3680,1200,10858131,0.997
3681,1200,18704921,0.92
3682,1200,22759291,0.817
3683,1200,19440157,0.909
3684,1200,8870501,0.999
3685,1200,10807877,0.986
3686,1200,13220070,0.993
3687,1200,17051094,0.942
3688,1200,15023137,0.988
3689,1200,16630422,0.966
3690,1200,11229476,0.991
3691,1200,11487881,0.999
3692,1200,21120406,0.758
3693,1200,13542317,0.987
3694,1200,19589843,0.913
3695,1200,11220871,0.996
3696,1200,15613549,0.97
3697,1200,16997962,0.966
3698,1200,16610380,0.988
3699,1200,17158491,0.99
3700,1200,8503715,0.998
3701,1200,13023264,0.995
3702,1200,11087513,0.995
3703,1200,18275963,0.934
3704,1200,15338185,0.928
3705,1200,16963470,0.933
3706,1200,16112791,0.987
3707,1200,13230645,0.996
3708,1200,10585030,1
3709,1200,17047764,0.962
3710,1200,14365387,0.961
3711,1200,11787656,0.999
3712,1200,13108945,0.988
3713,1200,21322306,0.935
3714,1200,13170406,0.996
3715,1200,6676701,0.996
3716,1200,18825857,0.864
3717,1200,17201226,0.815
3718,1200,15831555,0.947
3719,1200,16073567,0.976
3720,1200,19215784,0.978
3721,1200,19019812,0.836
3722,1200,17778232,0.953
3723,1200,13722689,0.981
3724,1200,9941475,0.995
3725,1200,11217934,0.993
3726,1200,8176369,0.996
3727,1200,23289594,0.951
3728,1200,15381726,0.985
3729,1200,15526704,0.96
3730,1200,20154511,0.913
3731,1200,13655476,0.978
3732,1200,13293554,0.987
3733,1200,18493509,0.954
3734,1200,8861073,0.997
3735,1200,12639152,1
3736,1200,18710142,0.972
3737,1200,14383653,0.984
3738,1200,17576236,0.97
3739,1200,18854126,0.909
3740,1200,18581542,0.905
3741,1200,19070274,0.964
3742,1200,17991458,0.868
3743,1200,14398137,0.996
3744,1200,19844671,0.927
3745,1200,20240493,0.913
3746,1200,18177857,0.917
3747,1200,16599267,0.795
3748,1200,14112389,0.985
3749,1200,13704781,0.946
3750,1200,10157816,0.995
3751,1200,13891503,0.869
3752,1200,15138798,0.967
3753,1200,12730526,0.994
3754,1200,20420373,0.928
3755,1200,20570426,0.934
3756,1200,10168106,0.999
3757,1200,16668446,0.971
3758,1200,15886329,0.992
3759,1200,17676384,0.921
3760,1200,12149034,0.986
3761,1200,20307006,0.832
3762,1200,21234107,0.766
3763,1200,15851109,0.993
3764,1200,18711595,0.688
3765,1200,12358129,0.996
3766,1200,14290787,0.995
3767,1200,10273580,0.999
3768,1200,20665211,0.865
3769,1200,16026799,0.964
3770,1200,10370386,0.996
3771,1200,13042006,0.999
3772,1200,12288609,0.991
3773,1200,9131612,0.999
3774,1200,19343208,0.942
3775,1200,16270932,0.909
3776,1200,9361183,0.977
3777,1200,13838804,0.974
3778,1200,16859755,0.902
3779,1200,20049581,0.749
3780,1200,12113691,0.933
3781,1200,15040424,0.99
3782,1200,17406730,0.965
3783,1200,13897879,0.998
3784,1200,19764930,0.819
3785,1200,12969230,0.987
3786,1200,11253997,0.998
3787,1200,12859159,0.995
3788,1200,18730499,0.956
3789,1200,17906269,0.97
3790,1200,17852493,0.863
3791,1200,10852292,0.998
3792,1200,14399213,0.981
3793,1200,13999368,0.972
3794,1200,8601439,0.996
3795,1200,17128482,0.942
3796,1200,10463954,0.998
3797,1200,14539418,0.985
3798,1200,13046317,0.962
3799,1200,15075105,0.966
3800,1200,11210063,0.995
3801,1200,12556502,0.992
3802,1200,11175117,0.998
3803,1200,17786823,0.862
3804,1200,17435880,0.926
3805,1200,12549401,0.993
3806,1200,11311293,0.998
3807,1200,17150262,0.974
3808,1200,11203953,0.997
3809,1200,17839599,0.953
3810,1200,18501469,0.978
3811,1200,15329159,0.989
3812,1200,9360901,0.987
3813,1200,13215927,0.995
3814,1200,19430129,0.919
3815,1200,8942346,0.998
3816,1200,14025978,0.989
3817,1200,18160071,0.962
3818,1200,11485195,0.998
3819,1200,9557915,0.999
3820,1200,12802801,0.997
3821,1200,13141806,0.99
3822,1200,16545032,0.983
3823,1200,13379972,0.98
3824,1200,10257557,0.998
3825,1200,15529142,0.951
3826,1200,13889224,0.973
3827,1200,12343418,0.989
3828,1200,19223345,0.895
3829,1200,14811808,0.974
3830,1200,15676498,0.943
3831,1200,14082309,0.985
3832,1200,13927505,0.98
3833,1200,12383931,0.986
3834,1200,14568702,0.978
3835,1200,13798670,0.963
3836,1200,17057030,0.873
3837,1200,15304581,0.965
3838,1200,18862273,0.885
3839,1200,15513944,0.952
3840,1200,18110039,0.928
3841,1200,11370594,0.995
3842,1200,15898017,0.977
3843,1200,10738214,1
3844,1200,14879411,0.988
3845,1200,14799693,0.986
3846,1200,11073543,0.998
3847,1200,11088587,0.995
3848,1200,19194913,0.782
3849,1200,19302621,0.841
3850,1200,14510769,0.973
3851,1200,16418033,0.976
3852,1200,14531949,0.987
3853,1200,11062194,0.985
3854,1200,18513391,0.907
3855,1200,15186063,0.986
3856,1200,11793729,0.97
3857,1200,16171679,0.958
3858,1200,9104121,0.98
3859,1200,13748223,0.99
3860,1200,10815278,0.997
3861,1200,17194518,0.968
3862,1200,16599938,0.936
3863,1200,9753422,0.999
3864,1200,16017761,0.945
3865,1200,14966872,0.952
3866,1200,10794403,0.995
3867,1200,17116172,0.971
3868,1200,18314198,0.903
3869,1200,19581407,0.927
3870,1200,13378090,0.997
3871,1200,19861056,0.772
3872,1200,14971342,0.852
3873,1200,16995033,0.92
3874,1200,18973864,0.949
3875,1200,8460378,0.998
3876,1200,15580317,0.965
3877,1200,17973151,0.813
3878,1200,10167785,0.998
3879,1200,21297129,0.774
3880,1200,19519117,0.93
3881,1200,13468317,0.984
3882,1200,11175815,0.999
3883,1200,16255067,0.918
3884,1200,17684226,0.995
3885,1200,12375438,0.962
3886,1200,10573398,0.996
3887,1200,11832203,0.978
3888,1200,20658683,0.803
3889,1200,20983345,0.835
3890,1200,14021425,0.993
3891,1200,17767197,0.922
3892,1200,15326809,0.985
3893,1200,8168055,0.999
3894,1200,8914397,0.997
3895,1200,14030976,0.983
3896,1200,15162550,0.982
3897,1200,14446838,0.998
3898,1200,12918104,0.991
3899,1200,16806124,0.96
3900,1200,10720403,0.996
3901,1200,15254124,0.981
3902,1200,13909089,0.985
3903,1200,8576390,1
3904,1200,15223191,0.983
3905,1200,19737897,0.92
3906,1200,8211799,0.999
3907,1200,9258191,1
3908,1200,18600309,0.836
3909,1200,17698805,0.974
3910,1200,10484439,0.999
3911,1200,9375430,0.998
3912,1200,12914184,0.993
3913,1200,11847317,0.998
3914,1200,16096990,0.98
3915,1200,13521405,0.992
3916,1200,12328636,1
3917,1200,17789070,0.972
3918,1200,13070473,0.995
3919,1200,13915958,0.985
3920,1200,9493993,1
3921,1200,16888494,0.925
3922,1200,17172915,0.96
3923,1200,9625525,0.998
3924,1200,17826696,0.915
3925,1200,15106691,0.953
3926,1200,17229140,0.943
3927,1200,11607533,0.982
3928,1200,18924714,0.838
3929,1200,15285893,0.973
3930,1200,16216186,0.977
3931,1200,18306076,0.966
3932,1200,10167761,0.966
3933,1200,16669684,0.986
3934,1200,14239068,0.966
3935,1200,14197325,0.968
3936,1200,15825632,0.987
3937,1200,10651557,0.994
3938,1200,17497799,0.959
3939,1200,14375849,0.993
3940,1200,12860044,0.973
3941,1200,9655247,0.997
3942,1200,12129750,0.994
3943,1200,17034268,0.932
3944,1200,16789600,0.96
3945,1200,14230178,0.984
3946,1200,16807447,0.942
3947,1200,15732936,0.956
3948,1200,12329936,0.993
3949,1200,16827939,0.966
3950,1200,14960122,0.987
3951,1200,13919792,0.968
3952,1200,6325038,1
3953,1200,6979312,0.999
3954,1200,10194458,0.996
3955,1200,14656737,0.965
3956,1200,20259080,0.829
3957,1200,14253075,0.992
3958,1200,15206473,0.971
3959,1200,16039784,0.97
3960,1200,18022863,0.857
3961,1200,16879218,0.967
3962,1200,17082367,0.97
3963,1200,17968144,0.848
3964,1200,14213025,0.993
3965,1200,6586526,0.999
3966,1200,17791925,0.986
3967,1200,11957705,0.957
3968,1200,16024155,0.995
3969,1200,11811788,0.991
3970,1200,9012436,0.996
3971,1200,17230433,0.967
3972,1200,8922833,1
3973,1200,13281700,0.987
3974,1200,7685801,0.999
3975,1200,18243378,0.847
3976,1200,15628647,0.968
3977,1200,13081875,0.976
3978,1200,18388529,0.93
3979,1200,13143800,0.926
3980,1200,16937856,0.898
3981,1200,11018597,0.993
3982,1200,13335211,0.964
3983,1200,14900169,0.949
3984,1200,15421232,0.988
3985,1200,14525003,0.976
3986,1200,18652381,0.88
3987,1200,14130988,0.988
3988,1200,12710710,0.989
3989,1200,15894843,0.968
3990,1200,14460056,0.97
3991,1200,15159400,0.972
3992,1200,12537043,0.982
3993,1200,15259270,0.992
3994,1200,16036671,0.964
3995,1200,9822080,0.998
3996,1200,11878736,0.954
3997,1200,11229402,0.952
3998,1200,8683609,0.991
3999,1200,16040044,0.989
4000,1200,8315613,1
4001,1200,10314486,0.996
4002,1200,8833815,0.999
4003,1200,17484730,0.938
4004,1200,16765492,0.931
4005,1200,10624505,0.997
4006,1200,10191073,0.998
4007,1200,11935431,0.999
4008,1200,12060030,0.992
4009,1200,13154337,0.997
4010,1200,10704579,0.997
4011,1200,17129820,0.94
4012,1200,12147958,0.992
4013,1200,19889630,0.753
4014,1200,12857025,0.979
4015,1200,9211798,1
4016,1200,12426025,0.984
4017,1200,12209867,0.973
4018,1200,15186398,0.957
4019,1200,13094155,0.969
4020,1200,14743644,0.936
4021,1200,11385238,0.988
4022,1200,15020059,0.982
4023,1200,18586493,0.869
4024,1200,10091834,0.98
4025,1200,12882192,0.98
4026,1200,19174636,0.933
4027,1200,17296425,0.857
4028,1200,13366831,0.981
4029,1200,19148217,0.888
4030,1200,16955555,0.939
4031,1200,17454776,0.942
4032,1200,18223168,0.936
4033,1200,9816289,0.999
4034,1200,14575200,0.978
4035,1200,14313526,0.972
4036,1200,15250918,0.988
4037,1200,9231812,1
4038,1200,16226222,0.948
4039,1200,8925776,0.995
4040,1200,18261276,0.808
4041,1200,17738230,0.967
4042,1200,14040224,0.987
4043,1200,12486091,0.999
4044,1200,19755796,0.834
4045,1200,18762748,0.898
4046,1200,12679977,0.979
4047,1200,19428834,0.862
4048,1200,9591478,0.993
4049,1200,17058063,0.962
4050,1200,10357252,0.997
4051,1200,12586035,0.986
4052,1200,14945279,0.986
4053,1200,8826752,1
4054,1200,7855477,0.998
4055,1200,12205496,0.993
4056,1200,15847101,0.967
4057,1200,10745894,1
4058,1200,15293874,0.986
4059,1200,15066873,0.945
4060,1200,16556865,0.934
4061,1200,17014460,0.903
4062,1200,7864931,0.999
4063,1200,9426216,1
4064,1200,13289794,0.961
4065,1200,15026313,0.979
4066,1200,14663646,0.937
4067,1200,14104709,0.974
4068,1200,13140745,0.949
4069,1200,12049031,0.998
4070,1200,11573044,0.985
4071,1200,19222929,0.909
4072,1200,10918355,0.992
4073,1200,12349428,0.991
4074,1200,15800650,0.995
4075,1200,21175169,0.789
4076,1200,12959200,0.993
4077,1200,11823300,0.992
4078,1200,14531270,0.971
4079,1200,16185904,0.951
4080,1200,11502399,0.985
4081,1200,14874003,0.932
4082,1200,14858780,0.97
4083,1200,16932046,0.982
4084,1200,16264171,0.951
4085,1200,10795143,0.984
4086,1200,16882258,0.926
4087,1200,13702977,0.981
4088,1200,13443626,0.992
4089,1200,12021329,0.998
4090,1200,20109146,0.771
4091,1200,20816156,0.807
4092,1200,18931067,0.992
4093,1200,17287704,0.893
4094,1200,17978931,0.945
4095,1200,13191493,0.976
4096,1200,19733756,0.848
4097,1200,14892393,0.974
4098,1200,16267428,0.937
4099,1200,8239753,1
4100,1200,12202454,0.989
4101,1200,17350521,0.953
4102,1200,17317857,0.987
4103,1200,17985174,0.905
4104,1200,12892147,0.957
4105,1200,12648242,0.982
4106,1200,9522895,0.996
4107,1200,14946556,0.987
4108,1200,11225390,0.998
4109,1200,15235181,0.992
4110,1200,14130383,0.996
4111,1200,23056728,0.815
4112,1200,9369256,1
4113,1200,17265655,0.932
4114,1200,8879828,0.992
4115,1200,11234742,0.969
4116,1200,15660499,0.966
4117,1200,18621820,0.923
4118,1200,13069532,0.959
4119,1200,11026008,0.999
4120,1200,10103084,0.992
4121,1200,15728549,0.954
4122,1200,10668566,0.997
4123,1200,15383573,0.97
4124,1200,11813635,0.977
4125,1200,13432880,0.99
4126,1200,14679578,0.98
4127,1200,18165910,0.975
4128,1200,9474803,0.983
4129,1200,18595818,0.901
4130,1200,18500635,0.925
4131,1200,13561232,0.987
4132,1200,11900547,0.993
4133,1200,11022639,0.998
4134,1200,11746974,0.994
4135,1200,15894579,0.98
4136,1200,17002869,0.924
4137,1200,20016610,0.779
4138,1200,9782403,0.999
4139,1200,11605237,0.986
4140,1200,17305529,0.861
4141,1200,12498764,0.994
4142,1200,13212091,0.99
4143,1200,17206775,0.967
4144,1200,14299046,0.986
4145,1200,11979752,0.971
4146,1200,11096571,0.97
4147,1200,17158954,0.877
4148,1200,14321405,0.983
4149,1200,16154463,0.954
4150,1200,13933363,0.975
4151,1200,19407165,0.766
4152,1200,10464936,0.995
4153,1200,18228634,0.962
4154,1200,11959567,0.991
4155,1200,17734623,0.811
4156,1200,17059149,0.941
4157,1200,14911318,0.973
4158,1200,17565917,0.902
4159,1200,8185773,0.999
4160,1200,15363836,0.982
4161,1200,11682393,0.984
4162,1200,14608259,0.95
4163,1200,13319016,0.962
4164,1200,16229475,0.948
4165,1200,13414433,0.987
4166,1200,11925208,1
4167,1200,14701838,0.964
4168,1200,10011375,1
4169,1200,10761018,0.991
4170,1200,13890208,0.97
4171,1200,12423017,0.991
4172,1200,9698604,0.998
4173,1200,10651492,0.995
4174,1200,13099659,0.956
4175,1200,14938877,0.949
4176,1200,12298059,0.999
4177,1200,12235391,0.993
4178,1200,10110722,0.992
4179,1200,18472197,0.936
4180,1200,12782543,0.988
4181,1200,13577285,0.983
4182,1200,12553619,0.992
4183,1200,11446868,0.953
4184,1200,14899931,0.931
4185,1200,13739313,0.985
4186,1200,17476387,0.919
4187,1200,13795302,0.966
4188,1200,19758586,0.895
4189,1200,16272299,0.976
4190,1200,15515413,0.956
4191,1200,10879108,0.99
4192,1200,14773309,0.986
4193,1200,17441431,0.879
4194,1200,6989653,1
4195,1200,12019754,0.99
4196,1200,10922032,0.998
4197,1200,19076005,0.909
4198,1200,12550074,0.972
4199,1200,16494336,0.973
4200,1200,16922697,0.903
4201,1200,10851272,0.995
4202,1200,16725247,0.909
4203,1200,13714073,0.978
4204,1200,16248578,0.925
4205,1200,14281361,0.965
4206,1200,20770784,0.893
4207,1200,14009714,0.99
4208,1200,16063338,0.976
4209,1200,16202610,0.97
4210,1200,16038939,0.946
4211,1200,5808090,0.998
4212,1200,13879806,0.957
4213,1200,12250272,0.979
4214,1200,10282134,0.995
4215,1200,14713708,0.954
4216,1200,13772388,0.952
4217,1200,18712450,0.894
4218,1200,12581368,0.993
4219,1200,12756648,0.956
4220,1200,16882947,0.972
4221,1200,8600101,0.998
4222,1200,14179988,0.982
4223,1200,15776251,0.989
4224,1200,9934180,1
4225,1200,12600460,0.99
4226,1200,13408909,0.98
4227,1200,13070764,0.962
4228,1200,14556590,0.973
4229,1200,14258785,0.979
4230,1200,11167005,0.997
4231,1200,6665578,0.993
4232,1200,14149310,0.985
4233,1200,8660164,0.994
4234,1200,18703626,0.874
4235,1200,14051252,0.913
4236,1200,16903134,0.912
4237,1200,12810804,0.978
4238,1200,13577639,0.982
4239,1200,14993752,0.968
4240,1200,17530356,0.866
4241,1200,18504131,0.841
4242,1200,12597096,0.984
4243,1200,12780867,0.956
4244,1200,11663459,0.994
4245,1200,8260125,0.995
4246,1200,15698770,0.982
4247,1200,17619623,0.858
4248,1200,8618504,1
4249,1200,15193570,0.859
4250,1200,10124935,0.994
4251,1200,12354024,0.886
4252,1200,12989628,0.987
4253,1200,9894465,0.992
4254,1200,17089460,0.941
4255,1200,20844007,0.71
4256,1200,13960124,0.979
4257,1200,18865864,0.87
4258,1200,8048910,0.996
4259,1200,10359634,0.997
4260,1200,13976955,0.987
4261,1200,12351030,0.986
4262,1200,13562976,0.981
4263,1200,8381362,0.995
4264,1200,13695668,0.976
4265,1200,13408735,0.995
4266,1200,15037827,0.954
4267,1200,18230266,0.927
4268,1200,7328736,1
4269,1200,8648543,0.998
4270,1200,17833169,0.933
4271,1200,17723805,0.956
4272,1200,16608719,0.977
4273,1200,16000876,0.948
4274,1200,8034372,0.999
4275,1200,11480544,0.992
4276,1200,16028996,0.919
4277,1200,15714314,0.943
4278,1200,15002521,0.972
4279,1200,7806420,0.999
4280,1200,10900397,0.99
4281,1200,10161709,0.976
4282,1200,17763279,0.913
4283,1200,15787536,0.953
4284,1200,10108615,0.998
4285,1200,10835592,0.994
4286,1200,20568560,0.764
4287,1200,15965770,0.868
4288,1200,18441553,0.873
4289,1200,14728542,0.955
4290,1200,15855030,0.879
4291,1200,18736910,0.701
4292,1200,16271487,0.961
4293,1200,14049004,0.966
4294,1200,17523445,0.904
4295,1200,16547714,0.934
4296,1200,15570908,0.912
4297,1200,17774693,0.946
4298,1200,13914051,0.981
4299,1200,12303097,0.997
4300,1200,11831672,0.995
4301,1200,12156877,0.996
4302,1200,20176507,0.827
4303,1200,13598593,0.985
4304,1200,10839660,0.977
4305,1200,15150511,0.934
4306,1200,18186786,0.835
4307,1200,14755883,0.96
4308,1200,14477589,0.971
4309,1200,16066330,0.948
4310,1200,10929796,0.997
4311,1200,11681484,0.99
4312,1200,9487908,0.998
4313,1200,13071363,0.981
4314,1200,13538178,0.893
4315,1200,10853723,0.986
4316,1200,9588095,0.999
4317,1200,15928497,0.927
4318,1200,10043081,0.992
4319,1200,8744781,0.988
4320,1200,16462498,0.969
4321,1200,10923190,0.995
4322,1200,12856068,0.986
4323,1200,13694320,0.983
4324,1200,10001913,0.999
4325,1200,15911036,0.904
4326,1200,14741754,0.977
4327,1200,13790262,0.99
4328,1200,12619079,0.987
4329,1200,16968834,0.914
4330,1200,14454946,0.903
4331,1200,16052656,0.923
4332,1200,13579599,0.98
4333,1200,14884651,0.969
4334,1200,15448000,0.959
4335,1200,11664719,0.997
4336,1200,12168715,0.992
4337,1200,15767058,0.962
4338,1200,16356021,0.976
4339,1200,15525274,0.954
4340,1200,12617932,0.986
4341,1200,15178788,0.924
4342,1200,11444387,0.974
4343,1200,8376845,0.996
4344,1200,17086362,0.971
4345,1200,11160852,0.998
4346,1200,12787932,0.976
4347,1200,6620635,1
4348,1200,12033329,0.991
4349,1200,8150820,1
4350,1200,13725697,0.979
4351,1200,9463219,0.995
4352,1200,15923147,0.938
4353,1200,16381767,0.95
4354,1200,11251731,0.99
4355,1200,15718401,0.91
4356,1200,14826112,0.942
4357,1200,16843180,0.973
4358,1200,12553707,0.998
4359,1200,11780398,0.979
4360,1200,9124626,0.997
4361,1200,15791985,0.954
4362,1200,13069638,0.999
4363,1200,19705442,0.887
4364,1200,15784779,0.926
4365,1200,7369965,0.998
4366,1200,6095742,0.998
4367,1200,16316509,0.973
4368,1200,16396189,0.966
4369,1200,10167437,0.997
4370,1200,15942775,0.986
4371,1200,6372536,1
4372,1200,7077818,0.989
4373,1200,10736619,0.99
4374,1200,18686164,0.783
4375,1200,7169008,1
4376,1200,7605594,0.998
4377,1200,15823818,0.955
4378,1200,10675878,0.975
4379,1200,14691833,0.99
4380,1200,19301540,0.982
4381,1200,14374753,0.987
4382,1200,6553033,0.993
4383,1200,13635424,0.973
4384,1200,13745249,0.969
4385,1200,9699156,0.995
4386,1200,10022758,1
4387,1200,8353739,0.998
4388,1200,14925766,0.939
4389,1200,13322725,0.949
4390,1200,14438228,0.975
4391,1200,18824583,0.893
4392,1200,14416763,0.978
4393,1200,9917899,0.995
4394,1200,15948585,0.82
4395,1200,15795778,0.985
4396,1200,8601985,0.997
4397,1200,11037148,0.998
4398,1200,13400749,0.976
4399,1200,12520126,0.989
4400,1200,11934326,0.994
4401,1200,20060643,0.716
4402,1200,17993409,0.981
4403,1200,11096973,0.995
4404,1200,17707096,0.925
4405,1200,9092154,0.991
4406,1200,10401134,0.984
4407,1200,13443212,0.963
4408,1200,14697787,0.934
4409,1200,15560316,0.79
4410,1200,16122367,0.939
4411,1200,11540292,0.995
4412,1200,14763795,0.917
4413,1200,12063030,0.984
4414,1200,17775275,0.874
4415,1200,15236050,0.954
4416,1200,11803937,0.994
4417,1200,12534467,0.962
4418,1200,17433531,0.907
4419,1200,9789170,0.997
4420,1200,8118308,0.999
4421,1200,8378011,0.999
4422,1200,14060850,0.98
4423,1200,11293468,0.986
4424,1200,18555761,0.973
4425,1200,10210649,0.994
4426,1200,18704430,0.857
4427,1200,17991340,0.935
4428,1200,12749665,0.979
4429,1200,13779585,0.982
4430,1200,10833628,0.996
4431,1200,14664305,0.983
4432,1200,8575375,0.998
4433,1200,14427380,0.992
4434,1200,11786999,0.976
4435,1200,9630184,0.997
4436,1200,11017210,0.987
4437,1200,16059539,0.941
4438,1200,18210916,0.832
4439,1200,14341416,0.981
4440,1200,19583828,0.827
4441,1200,16936010,0.955
4442,1200,12962847,0.991
4443,1200,16908003,0.955
4444,1200,14083407,0.98
4445,1200,11400868,0.996
4446,1200,13130443,0.971
4447,1200,17328788,0.919
4448,1200,12495862,0.995
4449,1200,9604715,0.99
4450,1200,8913517,0.989
4451,1200,17279746,0.882
4452,1200,13710910,0.951
4453,1200,15385603,0.971
4454,1200,11448246,0.996
4455,1200,14783240,0.985
4456,1200,12134393,0.995
4457,1200,10337319,0.987
4458,1200,16023407,0.987
4459,1200,7623743,0.994
4460,1200,13106732,0.999
4461,1200,12431276,0.977
4462,1200,13722016,0.977
4463,1200,7915589,0.999
4464,1200,9261211,0.998
4465,1200,10456470,0.994
4466,1200,13166392,0.987
4467,1200,14105519,0.962
4468,1200,12406321,0.984
4469,1200,6182436,1
4470,1200,12268911,0.951
4471,1200,13747058,0.987
4472,1200,8736402,0.998
4473,1200,14969212,0.972
4474,1200,10561763,1
4475,1200,10358447,0.997
4476,1200,13631663,0.994
4477,1200,14101689,0.958
4478,1200,12406109,0.982
4479,1200,14869118,0.961
4480,1200,15457695,0.982
4481,1200,18432287,0.763
4482,1200,13281097,0.985
4483,1200,18849389,0.868
4484,1200,12531588,0.99
4485,1200,10378356,0.996
4486,1200,17101982,0.982
4487,1200,11757466,0.995
4488,1200,10090642,0.997
4489,1200,14765232,0.98
4490,1200,12138067,0.992
4491,1200,15993779,0.989
4492,1200,14235830,0.951
4493,1200,13822862,0.989
4494,1200,20279752,0.858
4495,1200,12427934,0.996
4496,1200,18509653,0.861
4497,1200,8518048,0.992
4498,1200,19679854,0.766
4499,1200,10803417,0.995
4500,1200,13609330,0.894
4501,1200,13255328,0.996
4502,1200,11383518,0.994
4503,1200,15332624,0.933
4504,1200,13449946,0.978
4505,1200,15089300,0.941
4506,1200,10874289,0.997
4507,1200,12021033,0.986
4508,1200,13049591,0.992
4509,1200,14574068,0.965
4510,1200,13371931,0.95
4511,1200,12751413,0.936
4512,1200,18162854,0.774
4513,1200,9993368,0.996
4514,1200,14036407,0.987
4515,1200,10790476,0.998
4516,1200,15570310,0.95
4517,1200,10079726,0.998
4518,1200,13363655,0.969
4519,1200,10658781,0.991
4520,1200,9460383,0.999
4521,1200,19649573,0.761
4522,1200,9224989,0.997
4523,1200,8168310,0.962
4524,1200,17295620,0.967
4525,1200,18410555,0.801
4526,1200,11861507,0.997
4527,1200,13787817,0.977
4528,1200,10348800,0.996
4529,1200,17921810,0.9
4530,1200,17722887,0.876
4531,1200,11136861,0.994
4532,1200,11368808,0.998
4533,1200,17827652,0.893
4534,1200,9075142,0.99
4535,1200,10711615,0.992
4536,1200,14234986,0.957
4537,1200,11301314,1
4538,1200,17025797,0.961
4539,1200,17534865,0.9
4540,1200,8212077,0.99
4541,1200,9128225,0.999
4542,1200,8282488,1
4543,1200,16157282,0.939
4544,1200,16443061,0.968
4545,1200,13000831,0.997
4546,1200,10877645,0.994
4547,1200,13674473,0.989
4548,1200,16621148,0.913
4549,1200,9961440,0.988
4550,1200,12866693,0.984
4551,1200,10702364,0.986
4552,1200,14721121,0.95
4553,1200,15892022,0.935
4554,1200,12963011,0.965
4555,1200,8300121,0.999
4556,1200,12031181,0.987
4557,1200,13066697,0.981
4558,1200,17481775,0.886
4559,1200,14826180,0.989
4560,1200,15571594,0.902
4561,1200,15206254,0.989
4562,1200,17854858,0.839
4563,1200,15178548,0.951
4564,1200,13548024,0.989
4565,1200,18447794,0.683
4566,1200,15728698,0.978
4567,1200,12935713,0.981
4568,1200,16027862,0.949
4569,1200,10127788,0.996
4570,1200,14840392,0.956
4571,1200,11526612,0.963
4572,1200,6973049,0.999
4573,1200,12821691,0.98
4574,1200,17066580,0.928
4575,1200,7070046,0.994
4576,1200,10998212,0.998
4577,1200,8078869,0.999
4578,1200,6681566,0.996
4579,1200,13856885,0.976
4580,1200,16604564,0.949
4581,1200,16185869,0.952
4582,1200,21564603,0.668
4583,1200,7547369,0.995
4584,1200,16140321,0.842
4585,1200,11746228,0.997
4586,1200,11853986,0.989
4587,1200,11372996,0.973
4588,1200,11521259,0.991
4589,1200,11680871,0.97
4590,1200,8826337,0.998
4591,1200,15942288,0.954
4592,1200,10939681,0.995
4593,1200,11185466,0.983
4594,1200,13493952,0.97
4595,1200,8832433,0.989
4596,1200,17296053,0.912
4597,1200,15239479,0.981
4598,1200,12929943,0.987
4599,1200,10659457,0.998
4600,1200,16633133,0.965
4601,1200,10510463,0.996
4602,1200,17733637,0.88
4603,1200,15826860,0.936
4604,1200,12027067,0.986
4605,1200,12838980,0.981
4606,1200,13359928,0.991
4607,1200,15478875,0.956
4608,1200,11657339,0.99
4609,1200,10225362,0.987
4610,1200,5131486,1
4611,1200,11265025,0.935
4612,1200,14779425,0.916
4613,1200,16691994,0.843
4614,1200,12525845,0.981
4615,1200,17375232,0.845
4616,1200,9620319,0.987
4617,1200,7046413,0.999
4618,1200,14387874,0.991
4619,1200,14937106,0.995
4620,1200,18285969,0.977
4621,1200,12565179,0.993
4622,1200,10680312,0.995
4623,1200,12152513,0.99
4624,1200,10932345,0.996
4625,1200,14356618,0.891
4626,1200,7648119,0.996
4627,1200,10241731,0.998
4628,1200,13490796,0.948
4629,1200,12393758,0.987
4630,1200,14388654,0.978
4631,1200,15479042,0.923
4632,1200,13037635,0.983
4633,1200,12344087,0.991
4634,1200,14436013,0.992
4635,1200,12686785,0.992
4636,1200,15293472,0.958
4637,1200,8047021,0.998
4638,1200,12590424,0.983
4639,1200,10500316,0.993
4640,1200,9916820,0.997
4641,1200,16386701,0.938
4642,1200,9871604,0.99
4643,1200,8019213,0.998
4644,1200,15161827,0.939
4645,1200,17006183,0.905
4646,1200,9743481,0.997
4647,1200,8848836,0.997
4648,1200,10822869,0.999
4649,1200,11356627,0.985
4650,1200,16916706,0.852
4651,1200,16704948,0.905
4652,1200,11843767,0.993
4653,1200,13172273,0.976
4654,1200,7024843,0.974
4655,1200,10440239,0.994
4656,1200,8725936,0.997
4657,1200,18539474,0.876
4658,1200,12902620,0.981
4659,1200,18373157,0.955
4660,1200,8349575,0.998
4661,1200,18551995,0.879
4662,1200,10169606,0.995
4663,1200,9366445,0.99
4664,1200,16323753,0.91
4665,1200,10303134,0.998
4666,1200,16954377,0.911
4667,1200,9627186,0.992
4668,1200,14782351,0.95
4669,1200,14709107,0.949
4670,1200,10064847,0.996
4671,1200,13973220,0.961
4672,1200,14770438,0.973
4673,1200,15142333,0.95
4674,1200,12796571,0.977
4675,1200,9179759,0.996
4676,1200,12170356,0.994
4677,1200,15694705,0.919
4678,1200,14709323,0.957
4679,1200,15935068,0.876
4680,1200,5421484,1
4681,1200,14093609,0.98
4682,1200,15741690,0.965
4683,1200,8428911,0.995
4684,1200,18249692,0.895
4685,1200,13283340,0.972
4686,1200,17059760,0.967
4687,1200,15299410,0.925
4688,1200,12647900,0.99
4689,1200,15046314,0.943
4690,1200,9044532,0.993
4691,1200,10426906,0.999
4692,1200,17892483,0.928
4693,1200,16382755,0.936
4694,1200,8422851,1
4695,1200,12612684,0.988
4696,1200,12206795,0.954
4697,1200,10761628,0.989
4698,1200,9243122,0.996
4699,1200,12763048,0.993
4700,1200,15732459,0.892
4701,1200,14790171,0.982
4702,1200,15629939,0.891
4703,1200,13127796,0.994
4704,1200,13817938,0.963
4705,1200,14140144,0.891
4706,1200,7820720,1
4707,1200,8563867,0.996
4708,1200,9598630,1
4709,1200,12054270,0.996
4710,1200,16894611,0.926
4711,1200,12475158,0.98
4712,1200,15655680,0.96
4713,1200,7279018,0.994
4714,1200,15980052,0.874
4715,1200,14077470,0.973
4716,1200,7196657,1
4717,1200,7474033,0.999
4718,1200,10475714,0.999
4719,1200,16144537,0.913
4720,1200,10155011,0.996
4721,1200,12879928,0.989
4722,1200,11631863,0.999
4723,1200,14128729,0.966
4724,1200,14384262,0.93
4725,1200,6976554,0.996
4726,1200,13443018,0.977
4727,1200,9245247,0.997
4728,1200,17622848,0.85
4729,1200,14580062,0.971
4730,1200,10969453,0.983
4731,1200,14613861,0.961
4732,1200,17897645,0.902
4733,1200,15448937,0.985
4734,1200,18333398,0.823
4735,1200,13910419,0.981
4736,1200,15976251,0.845
4737,1200,12418120,0.972
4738,1200,16061829,0.94
4739,1200,9483398,0.999
4740,1200,13637154,0.974
4741,1200,11466924,0.988
4742,1200,15722523,0.944
4743,1200,16930193,0.799
4744,1200,12580094,0.953
4745,1200,8387750,1
4746,1200,8651430,0.989
4747,1200,16710017,0.943
4748,1200,14133076,0.992
4749,1200,19645056,0.802
4750,1200,10356235,0.999
4751,1200,5689787,1
4752,1200,13298990,0.981
4753,1200,6282450,0.999
4754,1200,16859642,0.907
4755,1200,15358369,0.974
4756,1200,13853970,0.977
4757,1200,16247881,0.817
4758,1200,8917755,0.989
4759,1200,15421195,0.974
4760,1200,8665672,0.999
4761,1200,17129914,0.926
4762,1200,11580072,0.989
4763,1200,11453040,0.987
4764,1200,8886680,0.996
4765,1200,14800517,0.963
4766,1200,8640310,0.989
4767,1200,14660297,0.977
4768,1200,13059938,0.997
4769,1200,12994301,0.989
4770,1200,14095688,0.996
4771,1200,17120692,0.942
4772,1200,14039300,0.963
4773,1200,7420851,1
4774,1200,16837652,0.798
4775,1200,8849719,0.998
4776,1200,17802396,0.903
4777,1200,16733169,0.886
4778,1200,14741753,0.936
4779,1200,10345474,0.988
4780,1200,12804101,0.995
4781,1200,12114480,0.97
4782,1200,14414298,0.947
4783,1200,18285123,0.852
4784,1200,9758792,0.996
4785,1200,16126014,0.933
4786,1200,9157407,0.965
4787,1200,5498139,1
4788,1200,15385819,0.919
4789,1200,12817391,0.984
4790,1200,11639638,0.996
4791,1200,15401430,0.937
4792,1200,13728124,0.997
4793,1200,19572095,0.937
4794,1200,13872694,0.981
4795,1200,10261242,0.997
4796,1200,8122055,0.995
4797,1200,8929286,0.992
4798,1200,10156338,0.975
4799,1200,11884513,0.994
4800,1200,17028052,0.946
4801,1200,16090315,0.846
4802,1200,15567868,0.986
4803,1200,6802427,1
4804,1200,9982097,0.999
4805,1200,15818229,0.938
4806,1200,16634810,0.964
4807,1200,13837499,0.968
4808,1200,16816448,0.957
4809,1200,9542046,0.997
4810,1200,11302402,0.982
4811,1200,17593678,0.922
4812,1200,13767190,0.991
4813,1200,9459156,0.998
4814,1200,12463750,0.993
4815,1200,14424225,0.976
4816,1200,15050474,0.937
4817,1200,13315052,0.997
4818,1200,8512738,0.995
4819,1200,12260184,0.976
4820,1200,13549496,0.975
4821,1200,12776865,0.976
4822,1200,8741947,0.991
4823,1200,11259912,0.995
4824,1200,8342380,1
4825,1200,11505307,0.991
4826,1200,13266322,0.98
4827,1200,12532133,0.981
4828,1200,15803429,0.944
4829,1200,15526547,0.964
4830,1200,11000902,0.993
4831,1200,17982606,0.835
4832,1200,17903626,0.923
4833,1200,13513768,0.977
4834,1200,10706541,0.981
4835,1200,13261605,0.978
4836,1200,8498133,0.997
4837,1200,15085729,0.942
4838,1200,17508682,0.851
4839,1200,8641216,0.994
4840,1200,14497258,0.997
4841,1200,14064603,0.985
4842,1200,9243246,0.99
4843,1200,8740346,0.978
4844,1200,10311163,0.991
4845,1200,12475059,0.959
4846,1200,14440083,0.99
4847,1200,4642162,1
4848,1200,14053894,0.933
4849,1200,17101806,0.935
4850,1200,9654777,0.998
4851,1200,22689275,0.935
4852,1200,14192417,0.991
4853,1200,19781587,0.83
4854,1200,16747906,0.939
4855,1200,10550873,0.928
4856,1200,14766778,0.99
4857,1200,8543858,1
4858,1200,19332401,0.581
4859,1200,6190053,1
4860,1200,16952016,0.921
4861,1200,15932024,0.962
4862,1200,12149686,0.995
4863,1200,7338363,0.998
4864,1200,16718380,0.837
4865,1200,11771040,0.989
4866,1200,12549385,0.996
4867,1200,16295519,0.968
4868,1200,10406240,0.988
4869,1200,8830060,0.994
4870,1200,11245248,0.996
4871,1200,9502825,0.985
4872,1200,12284191,0.972
4873,1200,13155499,0.966
4874,1200,17710800,0.989
4875,1200,12277109,0.993
4876,1200,13633431,0.996
4877,1200,8116699,0.998
4878,1200,7580749,0.999
4879,1200,16579238,0.92
4880,1200,10184300,0.991
4881,1200,16943849,0.919
4882,1200,14088119,0.988
4883,1200,18391809,0.766
4884,1200,6381788,1
4885,1200,7777682,0.98
4886,1200,15351123,0.897
4887,1200,14872846,0.979
4888,1200,11873199,0.998
4889,1200,16349993,0.889
4890,1200,8301871,0.999
4891,1200,15237308,0.927
4892,1200,10599719,0.997
4893,1200,14660514,0.969
4894,1200,14795266,0.96
4895,1200,11574991,0.98
4896,1200,19995721,0.691
4897,1200,12755479,0.994
4898,1200,15371537,0.912
4899,1200,9272063,0.97
4900,1200,18356274,0.931
4901,1200,15122269,0.942
4902,1200,11943144,0.992
4903,1200,11057016,0.996
4904,1200,14577073,0.992
4905,1200,13880454,0.988
4906,1200,8163576,1
4907,1200,10854280,0.999
4908,1200,12727713,0.986
4909,1200,8805905,0.998
4910,1200,11602426,0.999
4911,1200,14810890,0.92
4912,1200,13823300,0.991
4913,1200,10731242,0.991
4914,1200,10662822,0.999
4915,1200,8909086,0.999
4916,1200,18933272,0.777
4917,1200,12160131,0.981
4918,1200,17566945,0.952
4919,1200,9526500,0.998
4920,1200,8906271,1
4921,1200,14631327,0.945
4922,1200,14064847,0.979
4923,1200,12871779,0.992
4924,1200,5949897,1
4925,1200,9160518,0.995
4926,1200,17346996,0.939
4927,1200,18558257,0.764
4928,1200,14244915,0.953
4929,1200,16260869,0.983
4930,1200,14473045,0.995
4931,1200,20029210,0.53
4932,1200,9423386,0.998
4933,1200,7987090,0.999
4934,1200,8963758,0.989
4935,1200,18264069,0.838
4936,1200,13738848,0.976
4937,1200,8242634,0.994
4938,1200,9468442,0.994
4939,1200,12588221,0.992
4940,1200,14473596,0.935
4941,1200,13242719,0.973
4942,1200,16184446,0.956
4943,1200,9618738,1
4944,1200,10252282,0.999
4945,1200,7537272,1
4946,1200,10709283,0.991
4947,1200,14504327,0.977
4948,1200,14342292,0.949
4949,1200,9749023,0.999
4950,1200,12654586,0.994
4951,1200,15851658,0.981
4952,1200,15695163,0.908
4953,1200,16182771,0.886
4954,1200,12967756,0.988
4955,1200,18205540,0.952
4956,1200,17779618,0.887
4957,1200,13339466,0.976
4958,1200,11926818,0.99
4959,1200,9798612,0.995
4960,1200,13896095,0.852
4961,1200,11131237,0.999
4962,1200,10242272,0.965
4963,1200,13680814,0.983
4964,1200,17073062,0.972
4965,1200,7504709,1
4966,1200,9563378,0.999
4967,1200,17292152,0.905
4968,1200,17565932,0.718
4969,1200,11858667,0.982
4970,1200,11602470,0.975
4971,1200,12958301,0.986
4972,1200,9693990,1
4973,1200,15410212,0.959
4974,1200,10368226,1
4975,1200,10611467,0.995
4976,1200,13477975,0.999
4977,1200,18958468,0.72
4978,1200,11507344,0.978
4979,1200,15401701,0.955
4980,1200,10834449,0.957
4981,1200,16495831,0.943
4982,1200,10457175,0.989
4983,1200,11454426,0.998
4984,1200,11534447,0.948
4985,1200,11090213,0.982
4986,1200,15060840,0.963
4987,1200,15164698,0.974
4988,1200,13230861,0.976
4989,1200,13006917,0.988
4990,1200,15578280,0.983
4991,1200,11397583,0.989
4992,1200,10280726,0.99
4993,1200,12094471,0.979
4994,1200,9801632,0.992
4995,1200,7883308,0.995
4996,1200,14771184,0.979
4997,1200,9684733,0.978
4998,1200,14742510,0.977
4999,1200,14219401,0.994
5000,1200,12465591,0.981
5001,1200,9438008,0.992
5002,1200,12355240,0.977
5003,1200,16928038,0.919
5004,1200,14622542,0.939
5005,1200,6133374,1
5006,1200,15300439,0.989
5007,1200,10879565,0.996
5008,1200,13745281,0.955
5009,1200,11615588,0.989
5010,1200,17686487,0.902
5011,1200,10887338,0.994
5012,1200,11644541,0.973
5013,1200,16870235,0.944
5014,1200,15382591,0.972
5015,1200,11227236,0.993
5016,1200,14279942,0.969
5017,1200,15667952,0.947
5018,1200,16895355,0.874
5019,1200,15016970,0.951
5020,1200,16394470,0.965
5021,1200,11103654,0.998
5022,1200,6745732,1
5023,1200,12010889,0.991
5024,1200,8832562,0.998
5025,1200,19274715,0.933
5026,1200,9657846,0.969
5027,1200,12187872,0.996
5028,1200,16771767,0.965
5029,1200,14185086,0.989
5030,1200,15160502,0.943
5031,1200,9389024,0.997
5032,1200,18739951,0.911
5033,1200,20347398,0.715
5034,1200,15643983,0.966
5035,1200,11029383,0.995
5036,1200,9326076,0.995
5037,1200,7938135,1
5038,1200,9746629,0.979
5039,1200,11174986,0.982
5040,1200,15094442,0.97
5041,1200,11190583,0.988
5042,1200,18423531,0.855
5043,1200,14115032,0.962
5044,1200,11614752,0.984
5045,1200,16016589,0.931
5046,1200,10433856,0.998
5047,1200,15722435,0.955
5048,1200,19077308,0.789
5049,1200,10025261,0.979
5050,1200,16329906,0.917
5051,1200,13272658,0.97
5052,1200,9703370,0.997
5053,1200,5540247,1
5054,1200,11963828,1
5055,1200,13298686,0.996
5056,1200,9928658,0.991
5057,1200,11442898,0.996
5058,1200,14292796,0.941
5059,1200,11925969,0.993
5060,1200,15999629,0.93
5061,1200,13064100,0.906
5062,1200,16329749,0.936
5063,1200,8019601,0.999
5064,1200,13751763,0.977
5065,1200,15896565,0.946
5066,1200,9089076,0.998
5067,1200,8486971,0.997
5068,1200,17834649,0.907
5069,1200,20956869,0.644
5070,1200,17101537,0.907
5071,1200,9188610,0.997
5072,1200,13890687,0.986
5073,1200,17218976,0.938
5074,1200,16277226,0.943
5075,1200,11482691,0.998
5076,1200,17412896,0.948
5077,1200,11474744,0.991
5078,1200,13131335,0.991
5079,1200,11532847,0.976
5080,1200,15533936,0.958
5081,1200,14602068,0.947
5082,1200,9195473,0.989
5083,1200,17080328,0.946
5084,1200,6574890,1
5085,1200,10249097,0.997
5086,1200,12402172,0.925
5087,1200,14837249,0.966
5088,1200,13288243,0.972
5089,1200,13117327,0.971
5090,1200,13272339,0.989
5091,1200,14280066,0.963
5092,1200,12409140,0.966
5093,1200,11671545,0.969
5094,1200,12278261,0.978
5095,1200,12360206,0.975
5096,1200,16926996,0.963
5097,1200,10865366,0.998
5098,1200,14180660,0.995
5099,1200,15128215,0.952
5100,1200,7169813,1
5101,1200,13542193,0.936
5102,1200,15643012,0.943
5103,1200,8334889,0.999
5104,1200,15982012,0.906
5105,1200,7693937,1
5106,1200,7298352,0.998
5107,1200,14327128,0.964
5108,1200,16663435,0.931
5109,1200,9725773,0.975
5110,1200,10810857,0.998
5111,1200,15356275,0.984
5112,1200,8126643,0.999
5113,1200,14747816,0.963
5114,1200,8360420,0.997
5115,1200,14046550,0.89
5116,1200,13934065,0.984
5117,1200,14619738,0.856
5118,1200,12604805,0.983
5119,1200,14081066,0.963
5120,1200,15312693,0.873
5121,1200,14510401,0.966
5122,1200,13338134,0.976
5123,1200,11669008,0.982
5124,1200,15591058,0.965
5125,1200,10097773,0.981
5126,1200,9570361,0.992
5127,1200,14950353,0.919
5128,1200,14938179,0.95
5129,1200,11287609,0.986
5130,1200,14100897,0.96
5131,1200,7061021,0.998
5132,1200,15390601,0.977
5133,1200,9345734,1
5134,1200,16949741,0.917
5135,1200,8591630,0.998
5136,1200,16418955,0.887
5137,1200,10962127,0.996
5138,1200,14748196,0.955
5139,1200,10319681,0.997
5140,1200,15785258,0.942
5141,1200,15491531,0.781
5142,1200,13630008,0.926
5143,1200,15347390,0.9
5144,1200,11114965,0.989
5145,1200,13807735,0.884
5146,1200,14006622,0.962
5147,1200,9894397,0.993
5148,1200,10650578,0.985
5149,1200,13784279,0.934
5150,1200,10129759,0.984
5151,1200,12623788,0.976
5152,1200,17062196,0.871
5153,1200,13766161,0.948
5154,1200,10918855,0.997
5155,1200,13610693,0.956
5156,1200,11200257,0.991
5157,1200,9773014,0.978
5158,1200,10737720,0.994
5159,1200,9385451,0.997
5160,1200,15419112,0.813
5161,1200,10724477,0.972
5162,1200,6951654,1
5163,1200,10144505,0.967
5164,1200,11673413,0.989
5165,1200,13624473,0.812
5166,1200,8252938,0.999
5167,1200,11565048,0.958
5168,1200,14937294,0.951
5169,1200,13128024,0.985
5170,1200,15591705,0.925
5171,1200,14735154,0.77
5172,1200,14079367,0.974
5173,1200,18476985,0.927
5174,1200,16080873,0.793
5175,1200,9576932,0.988
5176,1200,10300697,0.988
5177,1200,14491893,0.964
5178,1200,16097814,0.961
5179,1200,10197040,0.982
5180,1200,10073834,0.99
5181,1200,13263797,0.99
5182,1200,8180277,1
5183,1200,13130214,0.989
5184,1200,8428552,0.998
5185,1200,16376150,0.764
5186,1200,13159431,0.994
5187,1200,12308006,0.965
5188,1200,12405641,0.99
5189,1200,14123931,0.958
5190,1200,11559677,0.997
5191,1200,13689521,0.917
5192,1200,15224851,0.936
5193,1200,9392543,0.994
5194,1200,13994427,0.909
5195,1200,12613654,0.988
5196,1200,14790064,0.982
5197,1200,9965035,0.98
5198,1200,12959660,0.993
5199,1200,15121302,0.947
5200,1200,11176833,0.983
5201,1200,13698396,0.943
5202,1200,9471656,0.986
5203,1200,12939575,0.976
5204,1200,12783658,0.988
5205,1200,13103443,0.997
5206,1200,11289732,1
5207,1200,8854351,0.985
5208,1200,9663550,0.996
5209,1200,11920580,0.974
5210,1200,13043442,0.974
5211,1200,9475272,0.978
5212,1200,8828715,0.991
5213,1200,5556200,0.997
5214,1200,8640248,0.995
5215,1200,9686351,0.996
5216,1200,4583565,1
5217,1200,17235097,0.789
5218,1200,5231792,0.999
5219,1200,15593660,0.964
5220,1200,10077003,0.998
5221,1200,6796716,1
5222,1200,13223182,0.98
5223,1200,9176285,0.995
5224,1200,16498561,0.936
5225,1200,15973265,0.91
5226,1200,9465643,0.995
5227,1200,12501207,0.973
5228,1200,9213859,0.991
5229,1200,6376798,0.987
5230,1200,9346259,0.996
5231,1200,17678511,0.962
5232,1200,13027159,0.941
5233,1200,6196511,0.999
5234,1200,14388704,0.94
5235,1200,10228241,0.978
5236,1200,16196662,0.885
5237,1200,11977418,0.981
5238,1200,10196089,0.996
5239,1200,13238757,0.964
5240,1200,17543569,0.909
5241,1200,14062615,0.953
5242,1200,9553381,1
5243,1200,10351242,0.997
5244,1200,12825989,0.97
5245,1200,15546705,0.769
5246,1200,14684451,0.959
5247,1200,16439701,0.821
5248,1200,16812624,0.879
5249,1200,13777417,0.977
5250,1200,8904263,0.999
5251,1200,13715032,0.974
5252,1200,12642532,0.996
5253,1200,14373455,0.942
5254,1200,7672256,0.996
5255,1200,12494874,0.983
5256,1200,18800556,0.858
5257,1200,12033995,0.989
5258,1200,17571937,0.932
5259,1200,9503087,0.987
5260,1200,7486430,0.998
5261,1200,16946846,0.856
5262,1200,9147982,1
5263,1200,8979062,0.998
5264,1200,19759992,0.861
5265,1200,10992302,0.971
5266,1200,14426308,0.989
5267,1200,13105855,0.924
5268,1200,14424585,0.986
5269,1200,10627108,0.995
5270,1200,13943632,0.957
5271,1200,14046377,0.971
5272,1200,11185748,0.994
5273,1200,12752241,0.99
5274,1200,14564015,0.959
5275,1200,6364382,0.996
5276,1200,12146477,1
5277,1200,13402068,0.987
5278,1200,16378220,0.875
5279,1200,7319943,0.991
5280,1200,12337178,0.985
5281,1200,14339210,0.946
5282,1200,15953244,0.95
5283,1200,10586958,0.978
5284,1200,10660672,0.995
5285,1200,9398042,0.991
5286,1200,11220370,0.886
5287,1200,10475833,0.996
5288,1200,11290908,1
5289,1200,16816139,0.909
5290,1200,7503171,1
5291,1200,10799415,0.995
5292,1200,5192369,0.999
5293,1200,12608093,0.988
5294,1200,13934923,0.984
5295,1200,10424886,0.994
5296,1200,13235074,0.919
5297,1200,11799208,0.991
5298,1200,15540470,0.868
5299,1200,10481716,0.995
5300,1200,11131782,0.983
5301,1200,15481027,0.998
5302,1200,10056104,0.986
5303,1200,14437691,0.947
5304,1200,5466713,0.997
5305,1200,16132186,0.891
5306,1200,13639859,0.96
5307,1200,11868029,0.987
5308,1200,17588808,0.904
5309,1200,13720595,0.986
5310,1200,16095044,0.936
5311,1200,7338923,0.998
5312,1200,15280558,0.992
5313,1200,16869891,0.815
5314,1200,16711336,0.841
5315,1200,16004482,0.826
5316,1200,14490429,0.957
5317,1200,9886429,0.986
5318,1200,7465941,1
5319,1200,14708599,0.975
5320,1200,8485183,0.994
5321,1200,14802743,0.949
5322,1200,16237905,0.931
5323,1200,18998794,0.851
5324,1200,9356055,0.991
5325,1200,15032541,0.856
5326,1200,12048084,0.938
5327,1200,17173343,0.855
5328,1200,15668242,0.839
5329,1200,14657195,0.95
5330,1200,11664670,0.99
5331,1200,15046280,0.915
5332,1200,15369606,0.917
5333,1200,15848562,0.986
5334,1200,11115948,0.989
5335,1200,14490627,0.933
5336,1200,14145546,0.99
5337,1200,17297684,0.938
5338,1200,11623840,0.994
5339,1200,7718041,0.999
5340,1200,13621369,0.934
5341,1200,8124499,0.999
5342,1200,11600325,0.981
5343,1200,16671657,0.787
5344,1200,15603708,0.975
5345,1200,10998510,0.998
5346,1200,16004012,0.958
5347,1200,11012195,0.999
5348,1200,12514148,0.973
5349,1200,12507995,0.991
5350,1200,18059912,0.814
5351,1200,9204378,0.995
5352,1200,12258447,0.994
5353,1200,14171791,0.936
5354,1200,14795636,0.975
5355,1200,18737516,0.648
5356,1200,13096990,0.977
5357,1200,16504472,0.91
5358,1200,14914023,0.973
5359,1200,10311077,0.982
5360,1200,12627721,0.964
5361,1200,5830467,0.997
5362,1200,16232872,0.941
5363,1200,15586067,0.927
5364,1200,9516103,1
5365,1200,8085462,0.997
5366,1200,15735269,0.888
5367,1200,10894307,1
5368,1200,15164899,0.974
5369,1200,11554948,0.997
5370,1200,7771367,0.999
5371,1200,14769781,0.924
5372,1200,12735544,0.989
5373,1200,13369445,0.966
5374,1200,14616384,0.976
5375,1200,13601617,0.964
5376,1200,19978500,0.58
5377,1200,14188948,0.984
5378,1200,8991043,0.998
5379,1200,15134431,0.906
5380,1200,14858227,0.915
5381,1200,7248575,0.999
5382,1200,14844685,0.944
5383,1200,16542465,0.826
5384,1200,11184755,0.984
5385,1200,16189322,0.929
5386,1200,14553217,0.91
5387,1200,6102651,0.999
5388,1200,7949666,0.999
5389,1200,13161331,0.976
5390,1200,10633832,0.993
5391,1200,9767613,0.999
5392,1200,14361314,0.839
5393,1200,12693179,0.996
5394,1200,13943236,0.981
5395,1200,14313155,0.949
5396,1200,10765850,0.969
5397,1200,16464670,0.919
5398,1200,10806050,0.998
5399,1200,11996236,0.993
5400,1200,9646211,0.987
5401,1200,13584297,0.986
5402,1200,11066154,0.993
5403,1200,6314293,1
5404,1200,12939061,0.976
5405,1200,12828979,0.99
5406,1200,14551602,0.924
5407,1200,7973440,0.999
5408,1200,15226582,0.946
5409,1200,10697685,0.986
5410,1200,17438753,0.826
5411,1200,12291838,0.991
5412,1200,14250845,0.96
5413,1200,16369634,0.954
5414,1200,7612204,1
5415,1200,10521287,0.982
5416,1200,7252972,0.994
5417,1200,8530686,1
5418,1200,15362865,0.893
5419,1200,16513163,0.891
5420,1200,17618548,0.924
5421,1200,10747383,0.986
5422,1200,17743641,0.761
5423,1200,7592044,0.992
5424,1200,14935025,0.991
5425,1200,11036485,0.979
5426,1200,11807927,0.982
5427,1200,7791243,0.994
5428,1200,9952447,0.994
5429,1200,7942493,0.999
5430,1200,9019220,0.993
5431,1200,16700076,0.936
5432,1200,9284325,0.981
5433,1200,11573366,0.992
5434,1200,12917396,0.969
5435,1200,12796933,0.97
5436,1200,7633586,0.997
5437,1200,17143290,0.915
5438,1200,15589500,0.943
5439,1200,14156240,0.929
5440,1200,5551936,0.997
5441,1200,10048843,0.996
5442,1200,15194380,0.949
5443,1200,9641689,0.992
5444,1200,15761330,0.929
5445,1200,7419816,0.999
5446,1200,10552022,0.993
5447,1200,13999949,0.968
5448,1200,14281446,0.958
5449,1200,10880271,0.994
5450,1200,13323792,0.942
5451,1200,9176273,0.998
5452,1200,13045914,0.956
5453,1200,13877709,0.942
5454,1200,10158024,0.988
5455,1200,16539106,0.801
5456,1200,13381440,0.96
5457,1200,9915898,0.998
5458,1200,10354639,0.989
5459,1200,15751307,0.816
5460,1200,11680543,0.99
5461,1200,14205550,0.901
5462,1200,16344076,0.86
5463,1200,11856080,0.989
5464,1200,9450321,0.991
5465,1200,16042206,0.866
5466,1200,6529662,1
5467,1200,8054610,0.996
5468,1200,8228347,0.993
5469,1200,11893977,0.997
5470,1200,8225111,0.998
5471,1200,13648699,0.96
5472,1200,16770416,0.983
5473,1200,10261709,0.983
5474,1200,17231633,0.829
5475,1200,13795534,0.932
5476,1200,13233081,0.993
5477,1200,14622414,0.933
5478,1200,8528587,1
5479,1200,5370718,1
5480,1200,11811949,0.995
5481,1200,14928519,0.897
5482,1200,11088674,0.979
5483,1200,11507404,0.99
5484,1200,16235311,0.855
5485,1200,7156489,1
5486,1200,14633039,0.96
5487,1200,12514282,0.963
5488,1200,14648008,0.941
5489,1200,14199342,0.851
5490,1200,13768472,0.935
5491,1200,14726066,0.966
5492,1200,12559754,0.97
5493,1200,7600466,0.999
5494,1200,10574484,0.991
5495,1200,16367447,0.888
5496,1200,14561188,0.865
5497,1200,8148265,0.999
5498,1200,14316671,0.972
5499,1200,16261381,0.752
5500,1200,11911468,0.984
5501,1200,6362912,1
5502,1200,14027020,0.979
5503,1200,12189801,0.984
5504,1200,15470205,0.593
5505,1200,13291686,0.957
5506,1200,19344838,0.862
5507,1200,10528563,1
5508,1200,9982922,0.97
5509,1200,11213590,0.987
5510,1200,10789010,0.988
5511,1200,10795473,0.991
5512,1200,12603296,0.989
5513,1200,11258469,0.992
5514,1200,9821251,0.999
5515,1200,10758930,0.988
5516,1200,9464881,0.997
5517,1200,12769795,0.991
5518,1200,12665991,0.95
5519,1200,17088930,0.87
5520,1200,10860422,1
5521,1200,13888693,0.964
5522,1200,8101274,0.992
5523,1200,13828501,0.943
5524,1200,16798647,0.973
5525,1200,12374643,0.994
5526,1200,14000672,0.988
5527,1200,16348636,0.784
5528,1200,13913956,0.931
5529,1200,11229930,0.986
5530,1200,15389954,0.921
5531,1200,10324088,0.997
5532,1200,11092878,0.994
5533,1200,12322689,0.973
5534,1200,11322377,0.997
5535,1200,9044568,1
5536,1200,6359403,0.996
5537,1200,11745140,0.992
5538,1200,13311304,0.916
5539,1200,12128852,0.993
5540,1200,9153036,0.995
5541,1200,10252564,0.966
5542,1200,17000952,0.888
5543,1200,17262210,0.887
5544,1200,9644239,0.993
5545,1200,10220033,0.992
5546,1200,6496564,0.999
5547,1200,12238717,0.982
5548,1200,17546573,0.745
5549,1200,13903129,0.952
5550,1200,11412486,0.975
5551,1200,13781881,0.933
5552,1200,17727001,0.742
5553,1200,11583732,0.961
5554,1200,16252559,0.921
5555,1200,7257939,0.993
5556,1200,10670084,0.994
5557,1200,12113209,0.992
5558,1200,14169332,0.919
5559,1200,11213616,0.984
5560,1200,8651686,0.997
5561,1200,16377023,0.912
5562,1200,10322795,0.987
5563,1200,11180843,0.967
5564,1200,9160637,0.993
5565,1200,15404226,0.925
5566,1200,14249086,0.988
5567,1200,7126642,0.999
5568,1200,13203697,0.974
5569,1200,12198179,0.979
5570,1200,8940451,0.987
5571,1200,8542371,0.998
5572,1200,17588875,0.704
5573,1200,14457120,0.947
5574,1200,15054213,0.893
5575,1200,16087518,0.886
5576,1200,10778418,0.99
5577,1200,9187795,0.997
5578,1200,12113298,0.993
5579,1200,13848762,0.984
5580,1200,10613448,0.994
5581,1200,8619929,0.996
5582,1200,11417549,0.967
5583,1200,11363462,0.976
5584,1200,12024815,0.997
5585,1200,6115807,0.996
5586,1200,14475195,0.96
5587,1200,8612841,0.97
5588,1200,12955501,0.993
5589,1200,14903400,0.947
5590,1200,16384590,0.793
5591,1200,16061779,0.859
5592,1200,16090145,0.974
5593,1200,12480029,0.928
5594,1200,9513346,0.997
5595,1200,6109440,0.998
5596,1200,17570200,0.716
5597,1200,13249555,0.972
5598,1200,5186362,1
5599,1200,8828964,1
5600,1200,7513600,0.985
5601,1200,14939333,0.884
5602,1200,5793366,1
5603,1200,7884181,0.993
5604,1200,18486479,0.859
5605,1200,14106828,0.933
5606,1200,9646561,1
5607,1200,7807251,0.999
5608,1200,14070100,0.955
5609,1200,11914825,0.975
5610,1200,14677942,0.929
5611,1200,11715826,0.988
5612,1200,16782431,0.938
5613,1200,6706446,1
5614,1200,7940693,0.997
5615,1200,14912126,0.892
5616,1200,14627806,0.909
5617,1200,12611547,0.952
5618,1200,12305811,0.971
5619,1200,13955095,0.927
5620,1200,11853876,0.968
5621,1200,13568153,0.942
5622,1200,15487448,0.898
5623,1200,12646579,0.994
5624,1200,7672910,1
5625,1200,11801734,0.998
5626,1200,12846091,0.909
5627,1200,10072878,0.994
5628,1200,8470882,0.999
5629,1200,13673672,0.951
5630,1200,10497344,0.994
5631,1200,16786093,0.886
5632,1200,10074485,0.998
5633,1200,14188389,0.925
5634,1200,13266539,0.913
5635,1200,14236172,0.963
5636,1200,14943290,0.935
5637,1200,10401060,0.99
5638,1200,14035580,0.95
5639,1200,13235843,0.935
5640,1200,15628412,0.884
5641,1200,11700072,0.995
5642,1200,17322195,0.785
5643,1200,14290113,0.913
5644,1200,13122642,0.934
5645,1200,15125669,0.791
5646,1200,8588062,0.999
5647,1200,11781242,0.966
5648,1200,13619228,0.951
5649,1200,15754286,0.975
5650,1200,13806975,0.973
5651,1200,10393985,0.962
5652,1200,8257981,0.996
5653,1200,10327252,0.992
5654,1200,14281195,0.924
5655,1200,12663399,0.972
5656,1200,12384525,0.983
5657,1200,14466003,0.936
5658,1200,10956561,0.946
5659,1200,15997680,0.758
5660,1200,9769614,0.993
5661,1200,14083387,0.975
5662,1200,13597490,0.96
5663,1200,11683680,0.979
5664,1200,9465135,0.991
5665,1200,11278245,0.993
5666,1200,8376103,0.99
5667,1200,7553260,0.999
5668,1200,10947916,0.982
5669,1200,13176486,0.961
5670,1200,11800650,0.994
5671,1200,6078143,0.995
5672,1200,8941249,0.99
5673,1200,13631032,0.987
5674,1200,6501018,0.998
5675,1200,13824833,0.984
5676,1200,13977660,0.949
5677,1200,17450882,0.732
5678,1200,10614405,1
5679,1200,15851191,0.807
5680,1200,11408268,0.995
5681,1200,11680283,0.993
5682,1200,6705364,1
5683,1200,12124640,0.996
5684,1200,9021900,0.996
5685,1200,9610561,0.993
5686,1200,7499609,0.986
5687,1200,9809775,1
5688,1200,12342084,0.973
5689,1200,14065680,0.896
5690,1200,14376511,0.929
5691,1200,7727608,0.997
5692,1200,9239034,0.986
5693,1200,15784138,0.894
5694,1200,10708371,0.999
5695,1200,7777904,1
5696,1200,12318630,0.956
5697,1200,15344823,0.918
5698,1200,15888508,0.886
5699,1200,11625870,0.772
5700,1200,14606668,0.945
5701,1200,10759337,0.993
5702,1200,7912921,0.999
5703,1200,12737653,0.925
5704,1200,6650257,1
5705,1200,16608673,0.737
5706,1200,15010612,0.922
5707,1200,12123025,0.951
5708,1200,12376357,0.987
5709,1200,7334015,1
5710,1200,8739025,0.994
5711,1200,12129366,0.978
5712,1200,16394716,0.932
5713,1200,11508312,0.977
5714,1200,7895738,0.991
5715,1200,4389345,1
5716,1200,9574605,0.995
5717,1200,14991673,0.941
5718,1200,11497750,0.986
5719,1200,12831501,0.989
5720,1200,4800753,1
5721,1200,8453585,0.998
5722,1200,11214117,0.991
5723,1200,9533801,0.998
5724,1200,15353141,0.969
5725,1200,11940139,0.976
5726,1200,21686972,0.839
5727,1200,11664690,0.97
5728,1200,14377735,0.908
5729,1200,11753195,0.986
5730,1200,17269947,0.711
5731,1200,11187932,0.992
5732,1200,11714314,0.993
5733,1200,10665641,0.993
5734,1200,13626762,0.97
5735,1200,7646193,0.999
5736,1200,10783550,0.997
5737,1200,17765286,0.976
5738,1200,11115841,0.973
5739,1200,10725425,0.972
5740,1200,14416541,0.922
5741,1200,15800155,0.908
5742,1200,13695498,0.94
5743,1200,7838281,0.996
5744,1200,6812427,1
5745,1200,12834991,0.942
5746,1200,12062143,0.964
5747,1200,12947075,0.956
5748,1200,11555658,0.986
5749,1200,7914431,0.998
5750,1200,14725992,0.973
5751,1200,14356698,0.942
5752,1200,7950036,0.997
5753,1200,13070773,0.938
5754,1200,13338859,0.901
5755,1200,13876918,0.986
5756,1200,13307638,0.976
5757,1200,16566310,0.831
5758,1200,12871773,0.983
5759,1200,11619418,0.976
5760,1200,12443010,0.922
5761,1200,10556969,0.99
5762,1200,5101370,1
5763,1200,12896112,0.94
5764,1200,12720730,0.889
5765,1200,9594310,0.991
5766,1200,10924455,0.986
5767,1200,12708177,0.975
5768,1200,9619961,0.993
5769,1200,7893935,0.996
5770,1200,11517255,0.962
5771,1200,10678899,0.998
5772,1200,15257432,0.959
5773,1200,10134464,0.998
5774,1200,11444361,0.99
5775,1200,11879979,0.972
5776,1200,11088055,0.977
5777,1200,11272115,0.984
5778,1200,7387647,0.997
5779,1200,10506283,0.97
5780,1200,9260190,0.993
5781,1200,11743865,0.976
5782,1200,12703264,0.885
5783,1200,11176119,0.93
5784,1200,10164208,0.983
5785,1200,13772012,0.959
5786,1200,4289563,1
5787,1200,5668009,1
5788,1200,11172238,0.982
5789,1200,10698844,0.999
5790,1200,15413619,0.912
5791,1200,12359683,0.981
5792,1200,12443848,0.993
5793,1200,10615334,0.995
5794,1200,10777921,0.997
5795,1200,15363200,0.781
5796,1200,13827066,0.971
5797,1200,13871077,0.961
5798,1200,13889623,0.964
5799,1200,9872849,0.996
5800,1200,17598262,0.883
5801,1200,8706649,0.963
5802,1200,17012647,0.863
5803,1200,15207215,0.904
5804,1200,13731396,0.927
5805,1200,12048436,0.981
5806,1200,10889525,0.996
5807,1200,10701821,0.959
5808,1200,9178892,0.997
5809,1200,9190830,0.992
5810,1200,11585786,0.955
5811,1200,12271882,0.972
5812,1200,18055143,0.912
5813,1200,10503368,0.993
5814,1200,8909146,0.992
5815,1200,8578463,0.998
5816,1200,14047539,0.864
5817,1200,9001685,1
5818,1200,8747805,0.995
5819,1200,12828064,0.978
5820,1200,10271095,0.993
5821,1200,13516899,0.955
5822,1200,13833688,0.951
5823,1200,9663903,1
5824,1200,13544932,0.915
5825,1200,14306612,0.788
5826,1200,12489212,0.996
5827,1200,17707552,0.606
5828,1200,9015286,0.982
5829,1200,6734821,0.999
5830,1200,10974688,0.998
5831,1200,15415823,0.759
5832,1200,13356978,0.738
5833,1200,9921654,0.993
5834,1200,10574391,0.994
5835,1200,9305959,0.997
5836,1200,13487351,0.915
5837,1200,13060806,0.953
5838,1200,14563717,0.951
5839,1200,7233480,0.998
5840,1200,16004984,0.713
5841,1200,18174372,0.687
5842,1200,12708136,0.972
5843,1200,9948005,0.997
5844,1200,12922233,0.978
5845,1200,10921266,0.963
5846,1200,14076062,0.932
5847,1200,6776257,0.999
5848,1200,13716564,0.967
5849,1200,11788641,0.981
5850,1200,9065135,1
5851,1200,9620545,0.992
5852,1200,10953242,0.992
5853,1200,13063801,0.988
5854,1200,6197509,0.999
5855,1200,12230870,0.985
5856,1200,12696578,0.92
5857,1200,14764019,0.918
5858,1200,9528760,0.998
5859,1200,13095675,0.947
5860,1200,9760098,0.997
5861,1200,8786563,0.996
5862,1200,13550851,0.992
5863,1200,9029938,0.988
5864,1200,9985293,0.99
5865,1200,4737104,1
5866,1200,13892561,0.978
5867,1200,9849460,0.974
5868,1200,11190539,0.995
5869,1200,6328066,0.999
5870,1200,9323931,0.996
5871,1200,14478044,0.932
5872,1200,11553004,0.987
5873,1200,15872196,0.909
5874,1200,11753504,0.975
5875,1200,11260111,0.986
5876,1200,14739608,0.952
5877,1200,6934803,0.998
5878,1200,7264341,0.994
5879,1200,9277717,0.981
5880,1200,14929853,0.955
5881,1200,11408462,0.947
5882,1200,10567737,0.991
5883,1200,10596882,0.981
5884,1200,9372112,0.992
5885,1200,14568697,0.955
5886,1200,11503765,0.981
5887,1200,12917233,0.943
5888,1200,10435275,0.991
5889,1200,14179536,0.83
5890,1200,15411895,0.904
5891,1200,10801445,0.96
5892,1200,10237888,0.999
5893,1200,12006096,0.955
5894,1200,15175253,0.876
5895,1200,10454855,0.989
5896,1200,10752464,0.98
5897,1200,14380993,0.931
5898,1200,7864690,0.999
5899,1200,17001643,0.87
5900,1200,10190076,0.997
5901,1200,10972435,0.995
5902,1200,11071755,0.986
5903,1200,7013135,0.987
5904,1200,9843632,0.996
5905,1200,10891152,0.995
5906,1200,15224794,0.915
5907,1200,11735417,0.989
5908,1200,10645299,0.949
5909,1200,10475879,0.982
5910,1200,13394676,0.946
5911,1200,10265898,0.989
5912,1200,15804133,0.887
5913,1200,13394611,0.992
5914,1200,9180511,0.989
5915,1200,12894313,0.993
5916,1200,5074803,0.999
5917,1200,10290017,0.939
5918,1200,12066187,0.993
5919,1200,9557286,0.994
5920,1200,9559729,0.998
5921,1200,10010567,0.997
5922,1200,10290904,0.979
5923,1200,12059136,0.957
5924,1200,16012921,0.869
5925,1200,7379739,1
5926,1200,17179743,0.894
5927,1200,11632619,0.989
5928,1200,9285787,0.999
5929,1200,12697316,0.978
5930,1200,13165496,0.947
5931,1200,12078251,0.983
5932,1200,10343101,0.982
5933,1200,14552552,0.927
5934,1200,5764440,1
5935,1200,9545645,0.982
5936,1200,10326676,0.991
5937,1200,8558835,0.999
5938,1200,9644388,0.988
5939,1200,18224382,0.954
5940,1200,9531625,0.998
5941,1200,12536960,0.983
5942,1200,11759219,0.953
5943,1200,11693361,0.978
5944,1200,9917362,0.994
5945,1200,9994490,1
5946,1200,11435143,0.98
5947,1200,8230245,1
5948,1200,11269512,0.994
5949,1200,9333687,0.994
5950,1200,10026005,0.982
5951,1200,8847004,0.999
5952,1200,7322062,1
5953,1200,14850185,0.901
5954,1200,7141641,0.999
5955,1200,16353550,0.779
5956,1200,8631636,0.998
5957,1200,15691773,0.824
5958,1200,15427317,0.855
5959,1200,15782757,0.943
5960,1200,10080027,0.996
5961,1200,9851790,0.988
5962,1200,11243402,0.983
5963,1200,9779384,0.985
5964,1200,17265864,0.859
5965,1200,14735241,0.956
5966,1200,11585812,0.979
5967,1200,9822545,0.972
5968,1200,11463870,0.986
5969,1200,15442980,0.902
5970,1200,16042896,0.872
5971,1200,9727724,0.998
5972,1200,12192566,0.968
5973,1200,9703425,0.992
5974,1200,15587216,0.728
5975,1200,15734220,0.927
5976,1200,10218031,0.998
5977,1200,13774518,0.887
5978,1200,11805483,0.983
5979,1200,10972747,0.958
5980,1200,7496344,0.996
5981,1200,12343242,0.933
5982,1200,6001618,1
5983,1200,12237609,0.985
5984,1200,11562447,0.99
5985,1200,13083401,0.978
5986,1200,11166331,0.991
5987,1200,9377082,0.998
5988,1200,10495600,0.966
5989,1200,6438648,0.999
5990,1200,10340793,0.993
5991,1200,14309595,0.821
5992,1200,9105532,0.994
5993,1200,15633026,0.831
5994,1200,8260229,0.987
5995,1200,15764741,0.878
5996,1200,13949662,0.943
5997,1200,14743436,0.89
5998,1200,9479882,0.999
5999,1200,12794822,0.964
6000,1200,8173099,0.996
6001,1200,14619663,0.957
6002,1200,12551435,0.968
6003,1200,8036190,0.997
6004,1200,14353598,0.957
6005,1200,13696147,0.807
6006,1200,8500014,0.997
6007,1200,8276246,0.99
6008,1200,9594700,0.999
6009,1200,14222120,0.974
6010,1200,12591708,0.958
6011,1200,10786885,0.995
6012,1200,12872728,0.974
6013,1200,9255286,0.991
6014,1200,10712181,0.99
6015,1200,18318632,0.854
6016,1200,10490736,0.995
6017,1200,14446326,0.806
6018,1200,13327024,0.96
6019,1200,17357241,0.832
6020,1200,14907472,0.93
6021,1200,11624915,0.983
6022,1200,12515047,0.984
6023,1200,11084849,0.996
6024,1200,6698091,0.998
6025,1200,9688694,0.99
6026,1200,13824588,0.999
6027,1200,14448031,0.936
6028,1200,9167203,1
6029,1200,14030033,0.909
6030,1200,8686309,0.998
6031,1200,12060755,0.982
6032,1200,7581075,0.994
6033,1200,12164843,0.98
6034,1200,9356210,0.994
6035,1200,14765661,0.903
6036,1200,11721281,0.983
6037,1200,13932051,0.976
6038,1200,14293603,0.909
6039,1200,12978313,0.993
6040,1200,7985343,0.998
6041,1200,12541454,0.959
6042,1200,9035252,0.994
6043,1200,11917674,0.981
6044,1200,9592986,0.997
6045,1200,15847022,0.868
6046,1200,16090726,0.811
6047,1200,7902949,0.999
6048,1200,9984873,0.997
6049,1200,6895014,0.993
6050,1200,9987619,0.992
6051,1200,12452663,0.941
6052,1200,11409586,0.915
6053,1200,5960814,0.999
6054,1200,8749632,0.996
6055,1200,14290366,0.907
6056,1200,9206103,0.998
6057,1200,14371750,0.841
6058,1200,12310170,0.971
6059,1200,11921852,0.99
6060,1200,11461182,0.995
6061,1200,7151674,0.992
6062,1200,11962576,0.96
6063,1200,12553602,0.986
6064,1200,9567994,0.998
6065,1200,11176772,0.987
6066,1200,10829474,0.999
6067,1200,14372424,0.934
6068,1200,12069697,0.986
6069,1200,10598880,0.992
6070,1200,10491403,0.999
6071,1200,13072401,0.971
6072,1200,12372973,0.995
6073,1200,11180531,0.988
6074,1200,13285094,0.976
6075,1200,11462474,0.959
6076,1200,14527087,0.986
6077,1200,10511040,0.998
6078,1200,9552735,0.999
6079,1200,13323340,0.984
6080,1200,11674660,0.981
6081,1200,9941329,0.991
6082,1200,14176765,0.981
6083,1200,15870710,0.886
6084,1200,8083827,1
6085,1200,9466367,0.983
6086,1200,12308445,0.953
6087,1200,8157084,1
6088,1200,8347792,0.997
6089,1200,11811619,0.97
6090,1200,9882563,0.997
6091,1200,7876618,0.999
6092,1200,14821125,0.881
6093,1200,14950840,0.735
6094,1200,12031045,0.991
6095,1200,11084266,0.988
6096,1200,14203014,0.956
6097,1200,9069321,0.998
6098,1200,9025784,0.988
6099,1200,15528263,0.933
6100,1200,6542138,0.978
6101,1200,14010670,0.855
6102,1200,11363790,0.961
6103,1200,11291719,0.993
6104,1200,9891917,0.995
6105,1200,12246428,0.956
6106,1200,11955523,0.992
6107,1200,7120861,0.996
6108,1200,10109020,0.989
6109,1200,14004198,0.946
6110,1200,10729328,0.99
6111,1200,15280624,0.867
6112,1200,9468658,0.985
6113,1200,11240552,0.965
6114,1200,9637489,0.998
6115,1200,8094483,0.997
6116,1200,13947211,0.95
6117,1200,11558317,0.976
6118,1200,14487649,0.927
6119,1200,6794422,1
6120,1200,8867867,0.996
6121,1200,6537368,0.999
6122,1200,8285155,0.999
6123,1200,10231192,0.994
6124,1200,13682837,0.792
6125,1200,13963894,0.971
6126,1200,13837644,0.944
6127,1200,14910387,0.888
6128,1200,12064418,0.935
6129,1200,12425923,0.984
6130,1200,13732050,0.958
6131,1200,13445051,0.98
6132,1200,7403128,0.989
6133,1200,5723290,0.997
6134,1200,13774845,0.866
6135,1200,14242062,0.943
6136,1200,8635786,0.996
6137,1200,13588106,0.951
6138,1200,13689645,0.944
6139,1200,10921860,0.976
6140,1200,15737043,0.886
6141,1200,15858639,0.946
6142,1200,8851892,1
6143,1200,8503462,0.999
6144,1200,13990705,0.978
6145,1200,15702745,0.942
6146,1200,7878182,0.999
6147,1200,12383923,0.991
6148,1200,11577872,0.985
6149,1200,13184428,0.983
6150,1200,9812398,0.994
6151,1200,5895035,0.998
6152,1200,14758109,0.83
6153,1200,8261374,0.993
6154,1200,15973429,0.953
6155,1200,15081033,0.908
6156,1200,11836627,0.99
6157,1200,14834193,0.943
6158,1200,12802275,0.985
6159,1200,11613539,0.812
6160,1200,10032209,0.989
6161,1200,9170177,0.997
6162,1200,10048079,0.997
6163,1200,13017545,0.962
6164,1200,10285442,0.992
6165,1200,12374384,0.988
6166,1200,13301730,0.99
6167,1200,9429741,0.982
6168,1200,13221041,0.921
6169,1200,11275211,0.995
6170,1200,12060207,0.942
6171,1200,10287605,0.993
6172,1200,11500051,0.965
6173,1200,12875845,0.987
6174,1200,7723188,0.998
6175,1200,14227161,0.743
6176,1200,9385306,0.996
6177,1200,8988606,0.99
6178,1200,10056811,0.992
6179,1200,15084718,0.927
6180,1200,10828484,0.983
6181,1200,15632403,0.872
6182,1200,9777142,0.991
6183,1200,5767969,1
6184,1200,9472792,0.991
6185,1200,16054951,0.882
6186,1200,13120574,0.973
6187,1200,7612717,0.998
6188,1200,10696287,0.991
6189,1200,11260959,0.956
6190,1200,10696631,0.993
6191,1200,9645270,0.99
6192,1200,7924173,0.999
6193,1200,14205653,0.967
6194,1200,9451201,0.987
6195,1200,12575567,0.974
6196,1200,12257623,0.931
6197,1200,13329976,0.972
6198,1200,7944988,0.998
6199,1200,13394963,0.966
6200,1200,11208377,0.976
6201,1200,6635843,0.999
6202,1200,9459427,0.979
6203,1200,12014700,0.979
6204,1200,11945219,0.983
6205,1200,12811359,0.93
6206,1200,13105983,0.944
6207,1200,11838680,0.985
6208,1200,12526861,0.964
6209,1200,8781134,0.998
6210,1200,9947663,0.947
6211,1200,12163034,0.982
6212,1200,14488932,0.927
6213,1200,6169089,0.983
6214,1200,5351028,1
6215,1200,8976607,0.997
6216,1200,9402452,1
6217,1200,12084099,0.956
6218,1200,10619436,0.993
6219,1200,7156190,1
6220,1200,10995488,0.983
6221,1200,15335279,0.885
6222,1200,10310957,0.968
6223,1200,7358575,1
6224,1200,13213457,0.937
6225,1200,7316623,0.996
6226,1200,13353263,0.957
6227,1200,12382296,0.944
6228,1200,10772800,0.993
6229,1200,12190484,0.991
6230,1200,11609407,0.969
6231,1200,15276711,0.918
6232,1200,14515282,0.989
6233,1200,7301775,0.997
6234,1200,10715017,0.999
6235,1200,10930756,0.965
6236,1200,9583434,0.96
6237,1200,8085136,0.994
6238,1200,12646880,0.966
6239,1200,10777983,0.997
6240,1200,6953690,1
6241,1200,9915082,0.991
6242,1200,13822146,0.962
6243,1200,8151569,0.993
6244,1200,10640008,0.959
6245,1200,11835781,0.987
6246,1200,11700708,0.991
6247,1200,11088832,0.99
6248,1200,7409025,0.997
6249,1200,9741816,0.995
6250,1200,11367807,0.944
6251,1200,15165217,0.835
6252,1200,6542985,0.999
6253,1200,10985261,0.974
6254,1200,8156590,0.998
6255,1200,10248419,0.989
6256,1200,13829701,0.96
6257,1200,7326913,0.998
6258,1200,9314358,0.945
6259,1200,12985176,0.974
6260,1200,10256359,0.999
6261,1200,11307306,0.989
6262,1200,11050753,0.978
6263,1200,15160612,0.778
6264,1200,15068900,0.882
6265,1200,6238252,1
6266,1200,10411623,1
6267,1200,12404615,0.947
6268,1200,11359642,0.976
6269,1200,15899083,0.702
6270,1200,7724421,0.999
6271,1200,10586939,0.998
6272,1200,11860568,0.965
6273,1200,14875318,0.782
6274,1200,8270752,0.99
6275,1200,12663963,0.977
6276,1200,14270420,0.866
6277,1200,6365236,0.999
6278,1200,14538227,0.64
6279,1200,11309770,0.98
6280,1200,9883586,0.994
6281,1200,8614272,0.999
6282,1200,8784518,0.991
6283,1200,15130559,0.839
6284,1200,8382820,0.996
6285,1200,9203761,0.995
6286,1200,15652949,0.866
6287,1200,7864786,0.99
6288,1200,13066138,0.948
6289,1200,12374741,0.985
6290,1200,11670485,0.963
6291,1200,15253905,0.874
6292,1200,11012974,0.996
6293,1200,13523118,0.968
6294,1200,9126526,0.989
6295,1200,9185887,0.982
6296,1200,9730431,0.996
6297,1200,11275067,0.984
6298,1200,8347451,0.991
6299,1200,10671575,0.986
6300,1200,12304062,0.97
6301,1200,9451393,0.988
6302,1200,13249791,0.951
6303,1200,11514947,0.989
6304,1200,13174039,0.976
6305,1200,8031395,0.996
6306,1200,9874773,0.987
6307,1200,8272430,0.981
6308,1200,10301217,0.975
6309,1200,8396304,0.998
6310,1200,11475700,0.997
6311,1200,5765676,1
6312,1200,15092910,0.867
6313,1200,10894511,0.976
6314,1200,16102901,0.721
6315,1200,9819041,0.988
6316,1200,14081394,0.931
6317,1200,11156078,0.958
6318,1200,8719068,0.987
6319,1200,15913224,0.841
6320,1200,9505076,0.991
6321,1200,9815460,0.979
6322,1200,14001006,0.962
6323,1200,13208636,0.947
6324,1200,11321356,0.997
6325,1200,14552266,0.721
6326,1200,15538816,0.864
6327,1200,12968887,0.978
6328,1200,15311058,0.911
6329,1200,10453891,0.994
6330,1200,10850997,0.993
6331,1200,8544351,0.973
6332,1200,11849054,0.99
6333,1200,13868027,0.878
6334,1200,10551850,0.964
6335,1200,9878711,0.993
6336,1200,14167917,0.981
6337,1200,13496720,0.962
6338,1200,13334094,0.944
6339,1200,13824343,0.917
6340,1200,13925811,0.944
6341,1200,10841782,0.992
6342,1200,14030968,0.955
6343,1200,14556313,0.949
6344,1200,12599747,0.976
6345,1200,11938555,0.949
6346,1200,12614452,0.873
6347,1200,9230922,0.983
6348,1200,13988096,0.986
6349,1200,7191314,0.998
6350,1200,11930152,0.94
6351,1200,11158702,0.976
6352,1200,13035203,0.97
6353,1200,8839941,0.99
6354,1200,11294064,0.97
6355,1200,6875945,0.992
6356,1200,12956696,0.962
6357,1200,11403458,0.969
6358,1200,10049751,0.995
6359,1200,7256471,0.999
6360,1200,13932261,0.938
6361,1200,12179452,0.959
6362,1200,12860975,0.966
6363,1200,12026358,0.982
6364,1200,8223749,0.999
6365,1200,7113549,0.999
6366,1200,16798565,0.755
6367,1200,13944452,0.928
6368,1200,4983859,1
6369,1200,14796576,0.873
6370,1200,14516370,0.946
6371,1200,8869414,0.99
6372,1200,10838537,0.993
6373,1200,14693413,0.879
6374,1200,10215656,0.977
6375,1200,7630476,0.996
6376,1200,11984744,0.981
6377,1200,9102842,0.994
6378,1200,12771691,0.976
6379,1200,12736207,0.948
6380,1200,15711664,0.801
6381,1200,8286002,0.984
6382,1200,7986983,0.996
6383,1200,10159102,0.984
6384,1200,7537475,1
6385,1200,14980216,0.901
6386,1200,9114304,0.995
6387,1200,11940400,0.987
6388,1200,8181460,0.989
6389,1200,14370223,0.912
6390,1200,6626269,0.996
6391,1200,15279527,0.928
6392,1200,9298338,0.998
6393,1200,9790173,0.999
6394,1200,9003442,0.998
6395,1200,15628346,0.917
6396,1200,12248661,0.947
6397,1200,5476470,1
6398,1200,9418112,0.993
6399,1200,12181116,0.984
6400,1200,13540412,0.963
6401,1200,9391428,0.971
6402,1200,11140462,0.969
6403,1200,7374893,0.997
6404,1200,10464030,0.997
6405,1200,15229722,0.908
6406,1200,13881386,0.867
6407,1200,10919611,0.992
6408,1200,14990170,0.881
6409,1200,12985211,0.98
6410,1200,10327183,0.986
6411,1200,9283196,0.991
6412,1200,10751720,0.986
6413,1200,14207108,0.941
6414,1200,11303095,0.956
6415,1200,6159827,0.999
6416,1200,14345776,0.946
6417,1200,9640175,0.983
6418,1200,14184871,0.767
6419,1200,10513631,0.977
6420,1200,10048740,0.978
6421,1200,8400898,0.998
6422,1200,10788032,0.978
6423,1200,10457286,0.99
6424,1200,10273531,0.968
6425,1200,6418333,0.999
6426,1200,10563586,0.988
6427,1200,12031957,0.971
6428,1200,13437990,0.932
6429,1200,15347300,0.929
6430,1200,7376305,1
6431,1200,11730414,0.992
6432,1200,9553123,0.985
6433,1200,10340313,0.957
6434,1200,14336701,0.876
6435,1200,10907002,0.981
6436,1200,9206626,0.993
6437,1200,12424368,0.979
6438,1200,11162193,0.965
6439,1200,8895147,0.988
6440,1200,9367406,0.992
6441,1200,11854583,0.964
6442,1200,9339958,0.994
6443,1200,9335283,0.994
6444,1200,11522357,0.969
6445,1200,9848563,0.979
6446,1200,15877065,0.92
6447,1200,7479886,0.996
6448,1200,11851197,0.979
6449,1200,7417080,0.996
6450,1200,16068598,0.858
6451,1200,12124834,0.883
6452,1200,10212706,0.987
6453,1200,15129188,0.925
6454,1200,9202524,0.99
6455,1200,12546016,0.929
6456,1200,14242822,0.955
6457,1200,15007283,0.748
6458,1200,12283428,0.985
6459,1200,13205567,0.95
6460,1200,15020080,0.935
6461,1200,11195119,0.992
6462,1200,10393092,0.996
6463,1200,12826685,0.967
6464,1200,16856634,0.778
6465,1200,11498500,0.965
6466,1200,14096911,0.959
6467,1200,7542166,1
6468,1200,8060240,0.997
6469,1200,11329155,0.976
6470,1200,12677643,0.987
6471,1200,9234410,0.985
6472,1200,10581183,0.981
6473,1200,9633208,0.985
6474,1200,13181790,0.956
6475,1200,11431476,0.985
6476,1200,14598087,0.927
6477,1200,11492221,0.995
6478,1200,4923875,0.999
6479,1200,11748404,0.977
6480,1200,13290948,0.881
6481,1200,12049954,0.975
6482,1200,9406762,0.992
6483,1200,7680088,0.989
6484,1200,5962180,1
6485,1200,6277802,0.999
6486,1200,7213369,0.997
6487,1200,7971023,0.999
6488,1200,11512694,0.981
6489,1200,10970689,0.973
6490,1200,12204734,0.977
6491,1200,12331072,0.972
6492,1200,6403848,0.996
6493,1200,8883180,0.983
6494,1200,10565615,0.963
6495,1200,12194543,0.904
6496,1200,8114452,0.999
6497,1200,8956184,0.996
6498,1200,9832911,0.992
6499,1200,7684370,0.999
6500,1200,8785163,0.991
6501,1200,14786840,0.96
6502,1200,10406466,0.989
6503,1200,17065068,0.808
6504,1200,8747237,1
6505,1200,11952070,0.978
6506,1200,12633737,0.972
6507,1200,10703685,0.997
6508,1200,11146205,0.977
6509,1200,10353236,0.99
6510,1200,11148904,0.967
6511,1200,9118631,0.969
6512,1200,11667115,0.985
6513,1200,10362658,0.996
6514,1200,12255033,0.965
6515,1200,14739969,0.913
6516,1200,14525305,0.855
6517,1200,7725389,0.996
6518,1200,14022051,0.827
6519,1200,11555846,0.98
6520,1200,8423458,0.994
6521,1200,8329965,0.987
6522,1200,6183277,0.997
6523,1200,10591760,0.995
6524,1200,15428771,0.953
6525,1200,6766914,0.999
6526,1200,10686775,0.993
6527,1200,16358992,0.802
6528,1200,15474088,0.808
6529,1200,9168886,0.992
6530,1200,9026564,0.986
6531,1200,9447838,0.998
6532,1200,16300749,0.951
6533,1200,8384392,0.987
6534,1200,6980502,1
6535,1200,10200428,0.986
6536,1200,11587869,0.971
6537,1200,10255419,0.976
6538,1200,6687130,0.994
6539,1200,16083428,0.808
6540,1200,10437019,0.989
6541,1200,8772268,0.993
6542,1200,16702592,0.771
6543,1200,9584534,0.997
6544,1200,10625519,0.986
6545,1200,13101723,0.958
6546,1200,16126058,0.88
6547,1200,14540528,0.861
6548,1200,9881440,0.986
6549,1200,12398717,0.902
6550,1200,10945442,0.985
6551,1200,15975392,0.789
6552,1200,9223219,0.954
6553,1200,10679928,0.992
6554,1200,8284356,0.983
6555,1200,8832655,0.995
6556,1200,10346798,0.965
6557,1200,12131782,0.978
6558,1200,12492218,0.977
6559,1200,7105204,0.999
6560,1200,8406904,0.991
6561,1200,16464275,0.797
6562,1200,7927615,0.994
6563,1200,6791135,0.999
6564,1200,9980937,1
6565,1200,10081428,0.921
6566,1200,8989301,0.989
6567,1200,11579127,0.982
6568,1200,15009686,0.915
6569,1200,12065318,0.99
6570,1200,6517530,0.985
6571,1200,9759137,0.995
6572,1200,15818654,0.936
6573,1200,12285367,0.971
6574,1200,9660591,0.99
6575,1200,11299192,0.974
6576,1200,8189839,0.986
6577,1200,5204875,1
6578,1200,10953076,0.993
6579,1200,14143470,0.904
6580,1200,11396812,0.974
6581,1200,13132248,0.918
6582,1200,12186019,0.961
6583,1200,11548316,0.979
6584,1200,10703216,0.968
6585,1200,7728019,0.983
6586,1200,9087569,0.999
6587,1200,10122767,0.996
6588,1200,11613140,0.973
6589,1200,15076088,0.882
6590,1200,5062678,0.997
6591,1200,14377990,0.931
6592,1200,11222555,0.978
6593,1200,13621399,0.881
6594,1200,13480727,0.951
6595,1200,9679380,0.993
6596,1200,10072878,0.959
6597,1200,13114716,0.985
6598,1200,13048978,0.975
6599,1200,12580819,0.961
6600,1200,15245909,0.825
6601,1200,11111408,0.97
6602,1200,10214827,0.982
6603,1200,14348443,0.914
6604,1200,11827733,0.973
6605,1200,7479776,0.999
6606,1200,14028808,0.955
6607,1200,10104647,0.926
6608,1200,8900222,0.994
6609,1200,15777757,0.939
6610,1200,14437715,0.951
6611,1200,13117731,0.974
6612,1200,6807833,0.985
6613,1200,10518793,0.962
6614,1200,12784114,0.97
6615,1200,9485263,0.992
6616,1200,10083776,0.985
6617,1200,10726743,0.989
6618,1200,12075592,0.969
6619,1200,13509582,0.937
6620,1200,8841204,0.991
6621,1200,12329115,0.972
6622,1200,15963528,0.858
6623,1200,12995694,0.927
6624,1200,9991006,0.996
6625,1200,6115753,0.999
6626,1200,11942837,0.989
6627,1200,10633231,0.981
6628,1200,15715579,0.877
6629,1200,10035733,0.995
6630,1200,14432583,0.943
6631,1200,14736366,0.939
6632,1200,8821967,0.996
6633,1200,12363680,0.963
6634,1200,8080415,0.993
6635,1200,12103221,0.992
6636,1200,9777089,0.993
6637,1200,10457255,0.966
6638,1200,8446501,0.992
6639,1200,7255705,0.995
6640,1200,9218905,0.998
6641,1200,9131233,0.987
6642,1200,7849125,0.995
6643,1200,6091040,1
6644,1200,12881845,0.933
6645,1200,12641472,0.928
6646,1200,12499569,0.972
6647,1200,10142138,0.983
6648,1200,8151842,0.997
6649,1200,13422836,0.971
6650,1200,10533972,0.996
6651,1200,9263262,0.996
6652,1200,9331879,0.971
6653,1200,11176233,0.993
6654,1200,7587940,0.998
6655,1200,15092615,0.895
6656,1200,8166113,1
6657,1200,15103435,0.765
6658,1200,11605858,0.92
6659,1200,10168396,0.987
6660,1200,8127145,0.988
6661,1200,15231743,0.769
6662,1200,12924538,0.986
6663,1200,13056896,0.931
6664,1200,8614635,0.986
6665,1200,12713360,0.974
6666,1200,14622374,0.833
6667,1200,9310385,0.999
6668,1200,13719784,0.909
6669,1200,12012394,0.978
6670,1200,6077108,1
6671,1200,15085325,0.888
6672,1200,11741955,0.947
6673,1200,16411766,0.81
6674,1200,14557609,0.746
6675,1200,9574841,0.986
6676,1200,10985116,0.99
6677,1200,6918139,0.998
6678,1200,15577020,0.907
6679,1200,8450636,0.999
6680,1200,8658758,0.983
6681,1200,11193886,0.942
6682,1200,15605895,0.922
6683,1200,9199607,0.982
6684,1200,13164352,0.904
6685,1200,12366620,0.941
6686,1200,13164558,0.928
6687,1200,9421338,0.993
6688,1200,17211312,0.889
6689,1200,15606531,0.677
6690,1200,11979474,0.941
6691,1200,10921705,0.972
6692,1200,12376799,0.985
6693,1200,9332642,0.984
6694,1200,10425295,0.959
6695,1200,15965696,0.812
6696,1200,10125187,0.957
6697,1200,12555098,0.974
6698,1200,14539511,0.931
6699,1200,11247036,0.992
6700,1200,14051780,0.957
6701,1200,13468785,0.979
6702,1200,11150066,0.99
6703,1200,8721358,0.999
6704,1200,11160535,0.984
6705,1200,17088256,0.837
6706,1200,11683671,0.972
6707,1200,9382377,0.982
6708,1200,12405856,0.961
6709,1200,9255192,0.995
6710,1200,10075278,0.995
6711,1200,9931681,0.977
6712,1200,8549148,1
6713,1200,13519577,0.993
6714,1200,13012679,0.941
6715,1200,10051101,0.989
6716,1200,16402883,0.739
6717,1200,15666343,0.899
6718,1200,10060077,0.988
6719,1200,14172979,0.832
6720,1200,14801351,0.943
6721,1200,12697778,0.959
6722,1200,14375880,0.921
6723,1200,9972523,0.991
6724,1200,14064133,0.942
6725,1200,9905640,0.995
6726,1200,15099625,0.924
6727,1200,8960019,0.99
6728,1200,9055625,0.993
6729,1200,9091024,0.99
6730,1200,10299905,0.968
6731,1200,8154187,0.999
6732,1200,15964771,0.864
6733,1200,12863989,0.957
6734,1200,10290508,0.997
6735,1200,10249523,0.971
6736,1200,7754204,0.981
6737,1200,13789866,0.953
6738,1200,9208682,0.997
6739,1200,12588094,0.921
6740,1200,14519325,0.954
6741,1200,7103993,0.999
6742,1200,14101020,0.981
6743,1200,8118036,0.998
6744,1200,6790057,0.995
6745,1200,14262466,0.898
6746,1200,12192509,0.944
6747,1200,9823201,0.985
6748,1200,12007222,0.994
6749,1200,3901860,0.999
6750,1200,10398766,0.987
6751,1200,17036635,0.836
6752,1200,9202222,0.999
6753,1200,14061848,0.833
6754,1200,12955063,0.769
6755,1200,10046009,0.999
6756,1200,6953426,0.999
6757,1200,6482926,0.997
6758,1200,14694667,0.931
6759,1200,7576220,0.994
6760,1200,15734103,0.758
6761,1200,12192792,0.945
6762,1200,11420262,0.99
6763,1200,12353618,0.97
6764,1200,12349926,0.983
6765,1200,10605765,0.978
6766,1200,9925569,0.997
6767,1200,10480128,0.993
6768,1200,11173782,0.985
6769,1200,9131662,0.994
6770,1200,8969618,0.997
6771,1200,6504215,0.999
6772,1200,14077806,0.931
6773,1200,12954429,0.894
6774,1200,12316117,0.89
6775,1200,13476111,0.92
6776,1200,15973451,0.909
6777,1200,6480433,0.998
6778,1200,9269371,0.998
6779,1200,11776863,0.987
6780,1200,15709799,0.874
6781,1200,13155514,0.901
6782,1200,7089594,1
6783,1200,11506813,0.984
6784,1200,11716587,0.981
6785,1200,11524178,0.966
6786,1200,8593172,0.997
6787,1200,11607198,0.972
6788,1200,13558277,0.595
6789,1200,17035289,0.884
6790,1200,7317196,0.999
6791,1200,9809657,0.983
6792,1200,16910730,0.765
6793,1200,13209964,0.974
6794,1200,11103521,0.963
6795,1200,15268739,0.734
6796,1200,12171916,0.953
6797,1200,12917726,0.967
6798,1200,11863793,0.973
6799,1200,9627343,0.993
6800,1200,9473611,0.994
6801,1200,9126463,0.994
6802,1200,12937967,0.983
6803,1200,7395488,0.999
6804,1200,9447919,0.991
6805,1200,7631031,0.999
6806,1200,10352728,0.994
6807,1200,9577066,1
6808,1200,8135224,0.998
6809,1200,15177528,0.892
6810,1200,10395188,0.981
6811,1200,8625790,0.993
6812,1200,10522966,0.993
6813,1200,10875446,0.986
6814,1200,15963361,0.772
6815,1200,13311893,0.963
6816,1200,9292530,0.993
6817,1200,12175141,0.962
6818,1200,8423710,0.999
6819,1200,9396501,0.999
6820,1200,13477642,0.898
6821,1200,10230910,0.957
6822,1200,8771221,0.975
6823,1200,7645152,0.999
6824,1200,8773497,0.991
6825,1200,14444330,0.888
6826,1200,16853712,0.841
6827,1200,8449665,0.997
6828,1200,13796677,0.941
6829,1200,14215420,0.956
6830,1200,11355618,0.993
6831,1200,5306056,0.998
6832,1200,8195212,0.998
6833,1200,9258930,0.984
6834,1200,12641535,0.986
6835,1200,5593958,1
6836,1200,10533034,0.993
6837,1200,10850012,0.979
6838,1200,15062349,0.944
6839,1200,10335616,0.991
6840,1200,9521750,0.988
6841,1200,13814742,0.972
6842,1200,7902575,0.998
6843,1200,12461620,0.926
6844,1200,11373961,0.987
6845,1200,17471627,0.701
6846,1200,10664526,0.995
6847,1200,15404170,0.94
6848,1200,13323568,0.945
6849,1200,9751848,0.996
6850,1200,9773785,0.988
6851,1200,10652862,0.944
6852,1200,4556804,1
6853,1200,9781967,0.988
6854,1200,6239223,0.999
6855,1200,8124914,0.993
6856,1200,8584550,0.989
6857,1200,14806520,0.843
6858,1200,13287255,0.964
6859,1200,10051984,0.991
6860,1200,7921666,0.997
6861,1200,13521822,0.808
6862,1200,7268230,0.981
6863,1200,9085016,0.998
6864,1200,6810211,0.995
6865,1200,12700962,0.97
6866,1200,14827080,0.927
6867,1200,10912559,0.955
6868,1200,10165047,0.991
6869,1200,7656275,1
6870,1200,11659085,0.992
6871,1200,8384914,0.997
6872,1200,11597102,0.978
6873,1200,10509573,0.986
6874,1200,7232850,1
6875,1200,13087317,0.914
6876,1200,10710979,0.99
6877,1200,10869176,0.987
6878,1200,11726693,0.939
6879,1200,9410685,0.99
6880,1200,7625776,0.993
6881,1200,6488703,0.999
6882,1200,13295475,0.972
6883,1200,6859386,0.989
6884,1200,7711605,0.999
6885,1200,10587931,0.993
6886,1200,13648168,0.96
6887,1200,14326533,0.936
6888,1200,7065091,0.997
6889,1200,12750950,0.956
6890,1200,11872353,0.98
6891,1200,12775913,0.951
6892,1200,11683904,0.986
6893,1200,12213955,0.907
6894,1200,9466131,0.986
6895,1200,8509440,0.99
6896,1200,11224231,0.985
6897,1200,8326190,0.995
6898,1200,13874344,0.946
6899,1200,12133107,0.924
6900,1200,10902645,0.987
6901,1200,6907380,0.998
6902,1200,15823540,0.871
6903,1200,11545048,0.983
6904,1200,12555943,0.976
6905,1200,13213188,0.866
6906,1200,13824906,0.795
6907,1200,14604866,0.919
6908,1200,10374741,0.975
6909,1200,13575157,0.906
6910,1200,8216190,0.992
6911,1200,7935870,0.997
6912,1200,7771146,0.998
6913,1200,8301709,0.999
6914,1200,13713571,0.863
6915,1200,16738518,0.845
6916,1200,13666479,0.927
6917,1200,7692198,0.997
6918,1200,9726967,0.994
6919,1200,15704304,0.882
6920,1200,9959550,0.969
6921,1200,11678980,0.969
6922,1200,11945520,0.824
6923,1200,9655558,0.995
6924,1200,11890104,0.967
6925,1200,12292191,0.972
6926,1200,7685246,0.995
6927,1200,14639982,0.873
6928,1200,10656938,0.984
6929,1200,7377179,0.999
6930,1200,7563085,0.997
6931,1200,8901165,0.978
6932,1200,9585899,0.991
6933,1200,9720596,0.985
6934,1200,7902545,0.997
6935,1200,9354343,0.998
6936,1200,10835872,0.994
6937,1200,7543720,0.999
6938,1200,10161725,0.997
6939,1200,11547862,0.958
6940,1200,12942907,0.975
6941,1200,11875739,0.985
6942,1200,9280418,0.989
6943,1200,15018154,0.899
6944,1200,9744322,0.999
6945,1200,14715742,0.944
6946,1200,13557994,0.955
6947,1200,13249273,0.945
6948,1200,16198280,0.834
6949,1200,16354859,0.984
6950,1200,8141143,0.99
6951,1200,7699761,0.999
6952,1200,7965023,1
6953,1200,10753876,0.971
6954,1200,15910678,0.828
6955,1200,11504721,0.986
6956,1200,7002835,1
6957,1200,12953123,0.966
6958,1200,11065466,0.99
6959,1200,13588235,0.952
6960,1200,9995241,0.997
6961,1200,8974107,0.993
6962,1200,15846886,0.961
6963,1200,14396865,0.872
6964,1200,7397301,0.999
6965,1200,9093530,0.992
6966,1200,12831362,0.741
6967,1200,6402348,1
6968,1200,8766251,0.999
6969,1200,14838239,0.869
6970,1200,8045303,0.995
6971,1200,6659177,1
6972,1200,8693445,0.998
6973,1200,11435974,0.953
6974,1200,9632552,0.992
6975,1200,14700605,0.843
6976,1200,14561628,0.993
6977,1200,6969270,0.998
6978,1200,12682492,0.969
6979,1200,6966404,1
0,1400,12166447,0.983
1,1400,12508507,0.982
2,1400,18231260,0.935
3,1400,13184881,0.966
4,1400,12172789,0.985
5,1400,17630245,0.928
6,1400,18174454,0.922
7,1400,16582063,0.917
8,1400,15248289,0.872
9,1400,14190027,0.963
10,1400,12401980,0.994
11,1400,14580736,0.962
12,1400,16437771,0.95
13,1400,15090123,0.974
14,1400,8205697,0.998
15,1400,13792616,0.979
16,1400,9892102,0.999
17,1400,9929669,0.998
18,1400,7716616,0.999
19,1400,10569327,0.994
20,1400,7942854,1
21,1400,13945357,0.989
22,1400,17128313,0.948
23,1400,10515722,0.998
24,1400,11757200,0.992
25,1400,16170349,0.957
26,1400,9532677,1
27,1400,14983545,0.971
28,1400,10448612,0.995
29,1400,12073408,0.98
30,1400,15543428,0.885
31,1400,10624917,0.998
32,1400,11095156,0.998
33,1400,7346404,1
34,1400,13792322,0.967
35,1400,18431434,0.888
36,1400,8750916,0.991
37,1400,16882361,0.964
38,1400,13449323,0.967
39,1400,7542479,0.997
40,1400,17362470,0.889
41,1400,13175265,0.983
42,1400,12486073,0.981
43,1400,19789672,0.818
44,1400,11319976,0.997
45,1400,14061547,0.972
46,1400,10879778,0.987
47,1400,19864640,0.847
48,1400,17026455,0.909
49,1400,8570505,0.998
50,1400,13515571,0.971
51,1400,14696520,0.977
52,1400,10363126,0.988
53,1400,13452073,0.978
54,1400,12811014,0.988
55,1400,11229813,0.997
56,1400,18418603,0.941
57,1400,11264410,0.99
58,1400,9433307,0.993
59,1400,8459265,0.999
60,1400,17675852,0.884
61,1400,18176293,0.669
62,1400,15020927,0.979
63,1400,8889388,0.99
64,1400,11065829,0.964
65,1400,8246291,0.999
66,1400,11796514,0.995
67,1400,10150344,0.993
68,1400,18420237,0.832
69,1400,12192577,0.972
70,1400,15004609,0.993
71,1400,8354099,1
72,1400,15299133,0.976
73,1400,12381731,0.97
74,1400,12457106,0.962
75,1400,6977253,0.998
76,1400,8066881,1
77,1400,10465767,0.992
78,1400,14135328,0.939
79,1400,14793723,0.983
80,1400,13222080,0.97
81,1400,12171182,0.993
82,1400,17805120,0.863
83,1400,16721046,0.847
84,1400,10143418,0.989
85,1400,13964192,0.992
86,1400,8589030,0.998
87,1400,10585317,0.999
88,1400,17662254,0.935
89,1400,13956321,0.833
90,1400,12817683,0.992
91,1400,14509984,0.987
92,1400,15745462,0.957
93,1400,8730885,0.999
94,1400,13485696,0.983
95,1400,13287210,0.995
96,1400,14500926,0.965
97,1400,9487308,1
98,1400,16311500,0.871
99,1400,15729419,0.928
100,1400,10164148,0.997
101,1400,13564188,0.986
102,1400,14506719,0.987
103,1400,14928783,0.88
104,1400,9657589,0.995
105,1400,14603029,0.987
106,1400,13109037,0.983
107,1400,16993708,0.911
108,1400,11606949,1
109,1400,14960651,0.96
110,1400,11123661,0.987
111,1400,11095667,0.997
112,1400,13140763,0.982
113,1400,14995848,0.933
114,1400,14399926,0.987
115,1400,11635320,0.997
116,1400,17950308,0.83
117,1400,12144926,0.995
118,1400,12700391,0.954
119,1400,7952200,0.996
120,1400,5748955,0.999
121,1400,14656814,0.96
122,1400,10883730,0.993
123,1400,18081115,0.866
124,1400,10618375,0.999
125,1400,10878570,0.996
126,1400,7919217,1
127,1400,7109134,0.999
128,1400,20303479,0.821
129,1400,8780903,1
130,1400,5093837,1
131,1400,13210039,0.955
132,1400,15150132,0.883
133,1400,14042918,0.988
134,1400,11420678,0.994
135,1400,11180121,0.946
136,1400,9027907,0.994
137,1400,7858784,1
138,1400,11941760,0.988
139,1400,13792376,0.99
140,1400,12739704,0.999
141,1400,11813319,0.973
142,1400,9245759,0.998
143,1400,16249192,0.797
144,1400,14841132,0.957
145,1400,14251228,0.942
146,1400,7002897,1
147,1400,11447156,0.995
148,1400,16820318,0.933
149,1400,11802824,0.93
150,1400,11991483,0.994
151,1400,17030182,0.915
152,1400,12171883,0.991
153,1400,15182855,0.978
154,1400,14937041,0.991
155,1400,16374130,0.945
156,1400,16842085,0.954
157,1400,10644145,0.998
158,1400,16089993,0.927
159,1400,15897156,0.933
160,1400,10166601,0.993
161,1400,11908736,0.957
162,1400,12272748,0.994
163,1400,14465214,0.93
164,1400,9717982,0.999
165,1400,19617958,0.829
166,1400,14315649,0.931
167,1400,12967301,0.975
168,1400,16439061,0.904
169,1400,14129799,0.987
170,1400,15757305,0.957
171,1400,15432928,0.976
172,1400,17153967,0.987
173,1400,18427352,0.917
174,1400,16129414,0.941
175,1400,16771170,0.899
176,1400,12404840,0.987
177,1400,14532604,0.945
178,1400,11366854,0.986
179,1400,12688180,0.979
180,1400,17764039,0.84
181,1400,6913267,0.999
182,1400,11327113,0.997
183,1400,16649824,0.925
184,1400,10941273,0.999
185,1400,6249734,0.999
186,1400,15853874,0.967
187,1400,11242237,0.999
188,1400,14099355,0.99
189,1400,12809714,0.993
190,1400,17301274,0.921
191,1400,16607469,0.967
192,1400,4962958,1
193,1400,13399274,0.982
194,1400,19606966,0.949
195,1400,10884567,0.994
196,1400,15026788,0.965
197,1400,9426503,1
198,1400,12765701,0.972
199,1400,19043829,0.91
200,1400,10515047,0.988
201,1400,11549306,0.987
202,1400,8303124,1
203,1400,10544554,0.997
204,1400,12327232,0.981
205,1400,15750000,0.989
206,1400,15515036,0.975
207,1400,18992024,0.77
208,1400,12893647,0.997
209,1400,9900679,0.999
210,1400,11173588,0.993
211,1400,16068026,0.954
212,1400,12839172,0.983
213,1400,20525432,0.759
214,1400,16577001,0.944
215,1400,15176184,0.989
216,1400,11142881,0.999
217,1400,15659203,0.984
218,1400,20563314,0.76
219,1400,17772439,0.931
220,1400,19029661,0.871
221,1400,11876658,0.991
222,1400,14206458,0.965
223,1400,8092030,0.999
224,1400,17367103,0.91
225,1400,18925731,0.967
226,1400,18762953,0.862
227,1400,13981208,0.991
228,1400,5439412,1
229,1400,12189348,0.995
230,1400,8734772,0.994
231,1400,17533783,0.943
232,1400,11790895,0.986
233,1400,12384655,0.967
234,1400,14057560,0.964
235,1400,11216731,0.994
236,1400,8948740,1
237,1400,10336208,0.996
238,1400,15493722,0.901
239,1400,7671818,1
240,1400,8523254,0.988
241,1400,18035714,0.896
242,1400,14981282,0.967
243,1400,10136247,1
244,1400,13737258,0.96
245,1400,15355115,0.961
246,1400,12750051,0.994
247,1400,9137630,0.997
248,1400,20852448,0.962
249,1400,8342515,0.998
250,1400,14355795,0.987
251,1400,11237512,0.995
252,1400,9084938,0.999
253,1400,15438546,0.973
254,1400,15886006,0.977
255,1400,13244029,0.992
256,1400,7653513,0.999
257,1400,10783389,0.999
258,1400,14017868,0.987
259,1400,18863354,0.978
260,1400,8281323,0.997
261,1400,11765578,0.997
262,1400,16871278,0.938
263,1400,15858784,0.978
264,1400,20692616,0.803
265,1400,13151181,0.993
266,1400,15208198,0.976
267,1400,14816226,0.917
268,1400,18843448,0.805
269,1400,12436359,1
270,1400,14393866,0.982
271,1400,15363514,0.859
272,1400,13424600,0.988
273,1400,8338443,0.989
274,1400,13316795,0.985
275,1400,8570462,0.997
276,1400,6999366,1
277,1400,17026882,0.951
278,1400,15290035,0.968
279,1400,8830019,0.986
280,1400,9596137,0.998
281,1400,19064191,0.943
282,1400,17146294,0.976
283,1400,10869550,0.998
284,1400,12146942,0.993
285,1400,18767301,0.822
286,1400,7857481,1
287,1400,12128685,0.994
288,1400,15961315,0.95
289,1400,8229403,0.997
290,1400,8220728,0.998
291,1400,11925722,0.976
292,1400,17719548,0.909
293,1400,13893419,0.992
294,1400,14894958,0.979
295,1400,14143547,0.991
296,1400,15417648,0.97
297,1400,16197889,0.965
298,1400,12167516,0.993
299,1400,13938790,0.99
300,1400,15384317,0.883
301,1400,9392263,0.994
302,1400,20877647,0.884
303,1400,18566403,0.87
304,1400,11049407,0.988
305,1400,11736613,0.934
306,1400,14705441,0.985
307,1400,10404807,0.998
308,1400,10686236,0.993
309,1400,16061914,0.979
310,1400,7366707,1
311,1400,12242209,0.971
312,1400,16407726,0.969
313,1400,15709775,0.98
314,1400,11898075,0.997
315,1400,17567458,0.95
316,1400,7328182,1
317,1400,15591526,0.938
318,1400,17753313,0.952
319,1400,16107946,0.98
320,1400,14616497,0.944
321,1400,15179882,0.972
322,1400,7281817,1
323,1400,7932043,0.999
324,1400,7813204,0.997
325,1400,20227272,0.886
326,1400,14239669,0.953
327,1400,11964966,0.988
328,1400,16546313,0.97
329,1400,15229633,0.984
330,1400,11025322,0.996
331,1400,16735842,0.934
332,1400,12482855,0.993
333,1400,9323411,0.987
334,1400,11943133,0.992
335,1400,5960402,1
336,1400,12290183,0.999
337,1400,17721971,0.955
338,1400,11824283,0.997
339,1400,10553403,0.996
340,1400,14188747,0.973
341,1400,14392689,0.972
342,1400,7643428,0.999
343,1400,13521305,0.976
344,1400,15983100,0.989
345,1400,11297882,0.994
346,1400,14212154,0.956
347,1400,11796273,0.973
348,1400,8377334,0.998
349,1400,11192705,0.987
350,1400,9605321,0.988
351,1400,9731539,0.994
352,1400,9414573,0.996
353,1400,9738767,0.991
354,1400,17498881,0.911
355,1400,11473837,0.994
356,1400,16006725,0.932
357,1400,15133084,0.968
358,1400,19209639,0.857
359,1400,9716769,0.998
360,1400,18170494,0.915
361,1400,16337923,0.97
362,1400,8458980,1
363,1400,15725810,0.96
364,1400,17892135,0.894
365,1400,13246490,0.979
366,1400,13223889,0.933
367,1400,14179538,0.985
368,1400,18129282,0.914
369,1400,10965265,0.992
370,1400,16933903,0.87
371,1400,16267627,0.857
372,1400,15226138,0.932
373,1400,10110277,1
374,1400,20280090,0.818
375,1400,12893685,0.992
376,1400,19135114,0.894
377,1400,19715854,0.838
378,1400,15587520,0.972
379,1400,15246688,0.807
380,1400,12103373,0.991
381,1400,16240005,0.964
382,1400,16453645,0.972
383,1400,17282445,0.874
384,1400,7099775,0.999
385,1400,10446288,0.987
386,1400,14175623,0.965
387,1400,16224041,0.987
388,1400,14056757,0.987
389,1400,17841784,0.887
390,1400,10676737,0.993
391,1400,13094372,0.99
392,1400,18071534,0.859
393,1400,10052850,0.999
394,1400,15069815,0.976
395,1400,18415998,0.827
396,1400,8922567,0.981
397,1400,9470054,0.996
398,1400,17680298,0.769
399,1400,14092203,0.985
400,1400,10684206,0.994
401,1400,16428954,0.965
402,1400,9061319,0.989
403,1400,15240148,0.978
404,1400,8403352,0.994
405,1400,19794425,0.824
406,1400,18207787,0.909
407,1400,10797836,0.997
408,1400,15380057,0.972
409,1400,14185107,0.985
410,1400,8921044,1
411,1400,10722512,0.999
412,1400,17193406,0.953
413,1400,10184576,0.989
414,1400,16920731,0.909
415,1400,12483809,0.989
416,1400,17327428,0.956
417,1400,8272378,0.991
418,1400,10285874,0.996
419,1400,15070744,0.94
420,1400,9507223,0.999
421,1400,11407986,0.998
422,1400,13146680,0.996
423,1400,9599069,0.995
424,1400,11432226,0.985
425,1400,14453716,0.99
426,1400,10090179,0.999
427,1400,11234535,0.998
428,1400,18097882,0.9
429,1400,16846164,0.953
430,1400,14489230,0.979
431,1400,17010282,0.943
432,1400,7164044,1
433,1400,14846196,0.988
434,1400,5672371,1
435,1400,18617737,0.728
436,1400,14781378,0.988
437,1400,17411028,0.81
438,1400,16177372,0.948
439,1400,10402164,0.997
440,1400,7098972,1
441,1400,12606603,0.988
442,1400,12632878,0.996
443,1400,15329215,0.971
444,1400,15063478,0.989
445,1400,17126795,0.966
446,1400,14253557,0.946
447,1400,10888823,0.994
448,1400,13043717,0.992
449,1400,16105886,0.941
450,1400,9991008,0.986
451,1400,14303343,0.982
452,1400,9690036,1
453,1400,11335735,0.997
454,1400,10849562,0.991
455,1400,16075221,0.983
456,1400,11340040,0.998
457,1400,13759915,0.985
458,1400,11832697,0.985
459,1400,16016626,0.92
460,1400,17896083,0.914
461,1400,15903451,0.94
462,1400,15539002,0.953
463,1400,9630735,0.999
464,1400,14690578,0.974
465,1400,7861489,0.995
466,1400,12237867,0.998
467,1400,11029534,0.998
468,1400,6386371,0.999
469,1400,12909014,0.987
470,1400,17247969,0.946
471,1400,6315114,1
472,1400,14809209,0.979
473,1400,17106782,0.93
474,1400,15995666,0.947
475,1400,12651841,0.998
476,1400,11880262,0.999
477,1400,13143042,0.979
478,1400,18696406,0.927
479,1400,7656527,0.996
480,1400,19718137,0.906
481,1400,16523196,0.982
482,1400,8286343,0.997
483,1400,11636009,0.998
484,1400,8035114,1
485,1400,17632379,0.941
486,1400,9709334,0.996
487,1400,16726741,0.969
488,1400,19191707,0.94
489,1400,16935021,0.963
490,1400,16966964,0.929
491,1400,19582233,0.859
492,1400,10678303,0.999
493,1400,16181966,0.979
494,1400,15211998,0.913
495,1400,12947820,0.987
496,1400,10433065,0.983
497,1400,19455215,0.791
498,1400,10234015,0.998
499,1400,6429106,1
500,1400,13313510,0.97
501,1400,9997812,0.993
502,1400,12133101,0.989
503,1400,6207761,1
504,1400,15756249,0.977
505,1400,16623090,0.96
506,1400,8352692,1
507,1400,13440242,0.98
508,1400,13998853,0.992
509,1400,10923651,0.998
510,1400,8987691,0.998
511,1400,20090236,0.896
512,1400,13653381,0.979
513,1400,14922326,0.96
514,1400,12452683,0.993
515,1400,16519729,0.948
516,1400,7684489,0.998
517,1400,16765748,0.948
518,1400,9275298,0.994
519,1400,15116689,0.975
520,1400,10021585,0.999
521,1400,17223613,0.977
522,1400,9133117,1
523,1400,9731377,0.999
524,1400,7439998,1
525,1400,15727120,0.935
526,1400,10634458,0.965
527,1400,11599422,0.989
528,1400,9289113,0.998
529,1400,12738481,0.984
530,1400,9036412,1
531,1400,13234417,0.992
532,1400,12841441,0.999
533,1400,11739418,0.999
534,1400,19074327,0.97
535,1400,15865464,0.947
536,1400,9464930,0.998
537,1400,11105553,0.983
538,1400,6494920,1
539,1400,10088876,0.999
540,1400,15221266,0.968
541,1400,10219595,0.999
542,1400,14904934,0.984
543,1400,16839413,0.955
544,1400,9551822,0.994
545,1400,17699608,0.921
546,1400,11142755,0.991
547,1400,4869871,1
548,1400,9046976,0.999
549,1400,14477795,0.983
550,1400,13861807,0.941
551,1400,11315109,0.985
552,1400,19168929,0.856
553,1400,15341420,0.953
554,1400,12488255,0.991
555,1400,14130877,0.984
556,1400,13948855,0.94
557,1400,15949386,0.965
558,1400,17286240,0.872
559,1400,12154594,0.98
560,1400,12865382,0.971
561,1400,9084534,0.999
562,1400,10095196,0.993
563,1400,10647004,0.998
564,1400,17095945,0.974
565,1400,14613929,0.982
566,1400,7607612,1
567,1400,12987178,0.961
568,1400,13724565,0.995
569,1400,19088395,0.848
570,1400,7410877,0.999
571,1400,16070028,0.956
572,1400,13151920,0.991
573,1400,12037960,0.996
574,1400,12979921,0.98
575,1400,11853728,0.993
576,1400,13724020,0.985
577,1400,12569530,0.988
578,1400,15057366,0.979
579,1400,16540480,0.901
580,1400,7370106,1
581,1400,14052910,0.995
582,1400,8988714,0.997
583,1400,15397910,0.97
584,1400,8880575,0.997
585,1400,14433396,0.975
586,1400,19374002,0.784
587,1400,8479176,1
588,1400,15529183,0.971
589,1400,10357918,0.991
590,1400,9117512,0.999
591,1400,18831958,0.909
592,1400,16196904,0.921
593,1400,12950336,0.981
594,1400,16773566,0.919
595,1400,13578582,0.935
596,1400,7839222,1
597,1400,13455649,0.987
598,1400,15599874,0.977
599,1400,16221254,0.967
600,1400,8957297,0.999
601,1400,12226312,0.983
602,1400,18564451,0.882
603,1400,15782242,0.896
604,1400,11292833,0.992
605,1400,17504363,0.946
606,1400,11421110,0.991
607,1400,17085293,0.965
608,1400,16294645,0.784
609,1400,11632202,0.99
610,1400,9452888,1
611,1400,10292644,0.972
612,1400,15914947,0.985
613,1400,9740530,0.996
614,1400,15659651,0.816
615,1400,15965989,0.964
616,1400,13000266,0.987
617,1400,10790342,0.996
618,1400,14660752,0.978
619,1400,13520206,0.973
620,1400,15394782,0.966
621,1400,8318985,1
622,1400,14553992,0.988
623,1400,12385015,0.962
624,1400,16756879,0.924
625,1400,10230938,0.999
626,1400,19561516,0.763
627,1400,11215135,0.996
628,1400,16121398,0.956
629,1400,19683281,0.797
630,1400,13527834,0.927
631,1400,11704787,0.988
632,1400,9890849,0.996
633,1400,11384052,0.999
634,1400,12243906,0.998
635,1400,11991871,1
636,1400,16305981,0.917
637,1400,18036917,0.847
638,1400,17786894,0.886
639,1400,14133292,0.994
640,1400,14973716,0.923
641,1400,12020335,0.997
642,1400,14356144,0.986
643,1400,17581216,0.884
644,1400,7735620,1
645,1400,8083745,0.999
646,1400,17567214,0.918
647,1400,13610252,0.947
648,1400,16730747,0.881
649,1400,17086643,0.908
650,1400,11642087,0.995
651,1400,8289295,0.998
652,1400,15998138,0.948
653,1400,16847876,0.959
654,1400,15594115,0.994
655,1400,17611218,0.956
656,1400,8931765,0.997
657,1400,11359159,0.992
658,1400,10471962,0.999
659,1400,17665032,0.893
660,1400,10347224,0.992
661,1400,11437125,0.996
662,1400,13376793,0.968
663,1400,7799589,1
664,1400,8722853,1
665,1400,13491016,0.966
666,1400,15383967,0.987
667,1400,11666345,0.992
668,1400,13220979,0.988
669,1400,14282787,0.972
670,1400,9252498,0.998
671,1400,16374198,0.956
672,1400,9412783,0.988
673,1400,11674001,0.998
674,1400,16828829,0.931
675,1400,8185266,0.997
676,1400,13837930,0.988
677,1400,20042619,0.893
678,1400,17064596,0.842
679,1400,15178816,0.986
680,1400,13039985,0.988
681,1400,9759362,1
682,1400,8944217,0.998
683,1400,9913292,0.995
684,1400,12405639,0.97
685,1400,10749626,0.999
686,1400,9221602,0.992
687,1400,10415518,0.998
688,1400,17700007,0.887
689,1400,18159284,0.946
690,1400,6496255,1
691,1400,15694337,0.954
692,1400,7036082,1
693,1400,16385291,0.817
694,1400,10489242,0.997
695,1400,15498219,0.962
696,1400,17731783,0.921
697,1400,16657219,0.959
698,1400,11451275,0.992
699,1400,10377566,0.998
700,1400,15954365,0.991
701,1400,17151424,0.924
702,1400,16069711,0.95
703,1400,8440683,0.996
704,1400,11043974,0.99
705,1400,18382249,0.851
706,1400,10826052,0.999
707,1400,10250619,1
708,1400,15767889,0.901
709,1400,15237044,0.985
710,1400,16467847,0.95
711,1400,13758902,0.978
712,1400,8822543,0.996
713,1400,14465828,0.922
714,1400,11766080,0.999
715,1400,18600672,0.819
716,1400,6261602,0.999
717,1400,11403612,1
718,1400,8890886,0.999
719,1400,13779357,0.972
720,1400,13740967,0.988
721,1400,11335542,0.992
722,1400,9615107,0.997
723,1400,10681606,0.989
724,1400,13317576,0.979
725,1400,10453143,0.996
726,1400,15131156,0.933
727,1400,9819129,0.993
728,1400,14078923,0.952
729,1400,9781757,0.998
730,1400,16130274,0.958
731,1400,13045627,0.964
732,1400,7005228,1
733,1400,10627853,0.999
734,1400,15813235,0.959
735,1400,13987559,0.981
736,1400,14968662,0.96
737,1400,19695015,0.762
738,1400,9544384,0.992
739,1400,13825499,0.979
740,1400,12371026,0.97
741,1400,12721287,0.995
742,1400,8534444,0.993
743,1400,14550597,0.988
744,1400,16096746,0.92
745,1400,9060258,0.998
746,1400,18404205,0.831
747,1400,10918057,0.99
748,1400,16005678,0.939
749,1400,11408272,0.992
750,1400,9732196,1
751,1400,10221230,0.999
752,1400,8562336,0.996
753,1400,7127810,1
754,1400,10934551,0.992
755,1400,12141847,0.995
756,1400,17686296,0.939
757,1400,10016407,0.992
758,1400,14249539,0.982
759,1400,12660261,0.993
760,1400,14060227,0.899
761,1400,18349729,0.885
762,1400,8059301,0.993
763,1400,10910992,0.996
764,1400,10385809,0.997
765,1400,13492744,0.977
766,1400,16586338,0.931
767,1400,15172522,0.987
768,1400,17560737,0.933
769,1400,11415624,0.997
770,1400,13852653,0.975
771,1400,18988692,0.896
772,1400,11568872,0.929
773,1400,8216186,1
774,1400,9173520,0.996
775,1400,15019653,0.971
776,1400,16404805,0.948
777,1400,9162088,0.997
778,1400,10795362,0.999
779,1400,16127954,0.928
780,1400,11269298,0.991
781,1400,14724978,0.987
782,1400,16992420,0.92
783,1400,10161194,0.996
784,1400,16799148,0.677
785,1400,18235122,0.831
786,1400,12449969,0.988
787,1400,10545389,0.995
788,1400,9123608,1
789,1400,16806010,0.908
790,1400,16999894,0.921
791,1400,11352511,0.996
792,1400,16436490,0.928
793,1400,11917134,0.994
794,1400,16388811,0.94
795,1400,15631501,0.964
796,1400,12821833,0.974
797,1400,8775123,1
798,1400,12321281,0.996
799,1400,17102690,0.938
800,1400,11034828,0.998
801,1400,10272994,0.978
802,1400,13765442,0.985
803,1400,14241409,0.958
804,1400,14675998,0.993
805,1400,6371309,0.999
806,1400,15356042,0.905
807,1400,15314618,0.935
808,1400,10570406,0.991
809,1400,13004755,0.984
810,1400,17574601,0.939
811,1400,15407102,0.987
812,1400,14873329,0.94
813,1400,9805836,0.996
814,1400,12123328,0.979
815,1400,14064316,0.975
816,1400,9965415,0.995
817,1400,16805570,0.947
818,1400,15763273,0.946
819,1400,13213722,0.984
820,1400,9223151,0.989
821,1400,10987261,0.999
822,1400,16645171,0.975
823,1400,8614722,0.994
824,1400,13628423,0.978
825,1400,9448722,0.996
826,1400,17498876,0.816
827,1400,16980665,0.935
828,1400,10133959,0.99
829,1400,15029519,0.934
830,1400,11983143,0.99
831,1400,14018535,0.982
832,1400,10632494,0.997
833,1400,11709037,0.999
834,1400,15181377,0.979
835,1400,7717048,1
836,1400,10480292,0.997
837,1400,9732802,0.988
838,1400,12087483,0.972
839,1400,12526844,0.991
840,1400,10607050,0.987
841,1400,14314209,0.973
842,1400,8827553,0.997
843,1400,13108627,0.986
844,1400,11860006,0.865
845,1400,17714233,0.938
846,1400,11796502,0.979
847,1400,10535428,0.998
848,1400,11661042,0.99
849,1400,12628485,0.99
850,1400,13727179,0.985
851,1400,5715735,1
852,1400,13429313,0.994
853,1400,10657245,0.996
854,1400,16626361,0.862
855,1400,13185646,0.982
856,1400,14173941,0.986
857,1400,12923034,0.978
858,1400,14108830,0.957
859,1400,16259694,0.963
860,1400,6558412,1
861,1400,12640045,0.995
862,1400,8818857,1
863,1400,13312119,0.994
864,1400,12917949,0.989
865,1400,11227813,0.988
866,1400,14678909,0.967
867,1400,9468191,0.986
868,1400,17543419,0.88
869,1400,19126413,0.89
870,1400,14046701,0.974
871,1400,8793203,0.998
872,1400,11596166,0.981
873,1400,12174077,0.976
874,1400,13540688,0.98
875,1400,17196182,0.907
876,1400,14917333,0.921
877,1400,8434517,1
878,1400,10247242,0.981
879,1400,13674320,0.997
880,1400,12906623,0.993
881,1400,13370042,0.98
882,1400,14546788,0.984
883,1400,18477757,0.907
884,1400,12969389,0.996
885,1400,7348461,1
886,1400,14812193,0.954
887,1400,14235734,0.97
888,1400,11120822,1
889,1400,8054381,0.996
890,1400,16026592,0.902
891,1400,14512545,0.955
892,1400,13040070,0.987
893,1400,10942437,0.977
894,1400,17454539,0.95
895,1400,15353247,0.971
896,1400,14013489,0.971
897,1400,10384564,0.998
898,1400,7777155,0.994
899,1400,10983068,0.995
900,1400,12197175,0.988
901,1400,9467646,0.996
902,1400,16132870,0.956
903,1400,13889826,0.994
904,1400,10010388,0.997
905,1400,7525733,1
906,1400,17305686,0.855
907,1400,4700778,1
908,1400,9802885,0.997
909,1400,14588866,0.968
910,1400,9076065,0.998
911,1400,7991451,0.997
912,1400,14832860,0.915
913,1400,9731507,0.999
914,1400,14594665,0.985
915,1400,10560989,0.999
916,1400,10037797,0.996
917,1400,8968331,0.996
918,1400,13397517,0.982
919,1400,12346384,0.979
920,1400,8345569,0.996
921,1400,13573623,0.98
922,1400,12144997,0.984
923,1400,6265624,1
924,1400,14597760,0.967
925,1400,13023197,0.993
926,1400,12896823,0.988
927,1400,15808424,0.89
928,1400,15888084,0.988
929,1400,13624634,0.914
930,1400,13767727,0.988
931,1400,12220935,0.997
932,1400,10182703,0.995
933,1400,14719016,0.861
934,1400,8666165,0.994
935,1400,7483905,1
936,1400,14561319,0.984
937,1400,5969130,1
938,1400,15205270,0.959
939,1400,15626738,0.922
940,1400,12300908,0.993
941,1400,11242955,0.993
942,1400,11060416,0.991
943,1400,12777848,0.968
944,1400,12830771,0.97
945,1400,14001702,0.978
946,1400,13367485,0.993
947,1400,17314108,0.879
948,1400,14165247,0.986
949,1400,12713446,0.994
950,1400,7401048,0.998
951,1400,16151232,0.933
952,1400,17988201,0.995
953,1400,8486021,1
954,1400,16847910,0.83
955,1400,10835254,0.99
956,1400,13732832,0.991
957,1400,12334217,0.975
958,1400,13527318,0.992
959,1400,11212593,0.993
960,1400,13327507,0.977
961,1400,11196023,0.991
962,1400,13826708,0.965
963,1400,17930979,0.77
964,1400,16117600,0.942
965,1400,9261210,0.99
966,1400,10148246,0.996
967,1400,10600452,0.975
968,1400,10550879,0.975
969,1400,11771706,0.995
970,1400,10312094,0.995
971,1400,12325500,0.966
972,1400,13159349,0.979
973,1400,14722210,0.969
974,1400,13020326,0.996
975,1400,18978025,0.819
976,1400,14636585,0.966
977,1400,16746202,0.832
978,1400,16243253,0.937
979,1400,15553880,0.989
980,1400,14270530,0.963
981,1400,16359331,0.92
982,1400,19261907,0.996
983,1400,8975699,0.996
984,1400,15811251,0.961
985,1400,8990969,0.998
986,1400,10551114,0.997
987,1400,17012238,0.962
988,1400,10473236,0.999
989,1400,17447750,0.926
990,1400,13700304,0.994
991,1400,15879527,0.856
992,1400,13373239,0.946
993,1400,15468873,0.975
994,1400,11795095,0.982
995,1400,13489180,0.973
996,1400,9457481,1
997,1400,16701284,0.982
998,1400,14634586,0.971
999,1400,9327616,0.999
1000,1400,12349475,0.992
1001,1400,7442445,0.999
1002,1400,10471661,0.996
1003,1400,14527147,0.99
1004,1400,11240589,0.995
1005,1400,8457925,1
1006,1400,8622142,0.994
1007,1400,9611033,0.999
1008,1400,17135360,0.936
1009,1400,7613351,0.999
1010,1400,14518082,0.972
1011,1400,9040288,1
1012,1400,7890283,1
1013,1400,10825535,0.995
1014,1400,15656873,0.921
1015,1400,16769410,0.898
1016,1400,16701760,0.883
1017,1400,10670748,0.978
1018,1400,15148466,0.962
1019,1400,10248587,0.976
1020,1400,17107860,0.941
1021,1400,8786771,0.997
1022,1400,7155988,0.999
1023,1400,15498200,0.984
1024,1400,16891128,0.952
1025,1400,11674506,0.983
1026,1400,10827079,0.987
1027,1400,7369825,0.998
1028,1400,15939904,0.999
1029,1400,16204900,0.967
1030,1400,11884514,0.993
1031,1400,16779754,0.935
1032,1400,12113084,0.986
1033,1400,7813051,0.999
1034,1400,11798190,0.995
1035,1400,11313682,0.998
1036,1400,17187135,0.952
1037,1400,18487075,0.892
1038,1400,15939763,0.946
1039,1400,15814543,0.967
1040,1400,7631858,0.999
1041,1400,10300331,0.998
1042,1400,10072505,0.993
1043,1400,10675809,0.987
1044,1400,14035342,0.877
1045,1400,9161648,0.992
1046,1400,14275889,0.975
1047,1400,14200085,0.947
1048,1400,11962367,0.997
1049,1400,12886675,0.98
1050,1400,15844831,0.905
1051,1400,15044080,0.95
1052,1400,15319202,0.962
1053,1400,13478778,0.99
1054,1400,9677965,0.992
1055,1400,10397803,0.985
1056,1400,9542662,1
1057,1400,15227674,0.976
1058,1400,7817238,1
1059,1400,13218294,0.992
1060,1400,8974171,0.998
1061,1400,14766912,0.971
1062,1400,11864724,0.988
1063,1400,13037551,0.961
1064,1400,14686476,0.964
1065,1400,15074245,0.957
1066,1400,12295527,0.997
1067,1400,14816525,0.973
1068,1400,16986083,0.896
1069,1400,11735113,0.991
1070,1400,16880888,0.86
1071,1400,9849175,0.999
1072,1400,9378737,0.998
1073,1400,15135320,0.983
1074,1400,11426243,1
1075,1400,11837804,0.979
1076,1400,17321125,0.845
1077,1400,16664066,0.855
1078,1400,7027949,1
1079,1400,17400511,0.931
1080,1400,7927976,0.999
1081,1400,10174479,0.997
1082,1400,16343258,0.96
1083,1400,14744782,0.943
1084,1400,11724766,0.995
1085,1400,6388439,1
1086,1400,12829359,0.969
1087,1400,8922353,0.998
1088,1400,13101620,0.978
1089,1400,8164205,0.999
1090,1400,18860443,0.878
1091,1400,7875637,1
1092,1400,6726640,1
1093,1400,16555044,0.971
1094,1400,20369307,0.896
1095,1400,12693821,0.987
1096,1400,10090063,0.99
1097,1400,11557129,0.994
1098,1400,10756356,0.985
1099,1400,15240693,0.968
1100,1400,11449440,0.992
1101,1400,7747395,0.999
1102,1400,16529677,0.925
1103,1400,10552509,0.997
1104,1400,11147677,0.869
1105,1400,12749578,0.974
1106,1400,5222957,1
1107,1400,17979154,0.887
1108,1400,13915777,0.99
1109,1400,16985308,0.853
1110,1400,16573541,0.966
1111,1400,15361189,0.978
1112,1400,13938699,0.968
1113,1400,13023969,0.993
1114,1400,13740199,0.988
1115,1400,17532641,0.898
1116,1400,13070451,0.985
1117,1400,12003538,0.989
1118,1400,17101911,0.943
1119,1400,12439694,0.991
1120,1400,11449303,0.998
1121,1400,10097622,0.973
1122,1400,10142296,0.998
1123,1400,10180615,0.991
1124,1400,15169056,0.949
1125,1400,14279679,0.986
1126,1400,9041132,0.994
1127,1400,14222634,0.973
1128,1400,10273606,0.995
1129,1400,9829388,0.985
1130,1400,18081736,0.768
1131,1400,7163947,0.998
1132,1400,12296513,0.991
1133,1400,11215077,0.99
1134,1400,11043096,0.998
1135,1400,7034886,1
1136,1400,10043026,0.994
1137,1400,13443448,0.974
1138,1400,14938209,0.967
1139,1400,12170153,0.981
1140,1400,15638475,0.966
1141,1400,13051381,0.995
1142,1400,9941130,0.995
1143,1400,16679673,0.93
1144,1400,14935243,0.94
1145,1400,11327227,0.998
1146,1400,15116019,0.982
1147,1400,13355289,0.983
1148,1400,15552600,0.98
1149,1400,10490298,0.996
1150,1400,9994009,0.994
1151,1400,7301304,0.999
1152,1400,9302157,0.998
1153,1400,22356986,0.96
1154,1400,10853036,0.994
1155,1400,4593654,1
1156,1400,16524889,0.95
1157,1400,11216157,0.998
1158,1400,10370914,0.992
1159,1400,8851400,0.995
1160,1400,9077020,0.998
1161,1400,17464233,0.858
1162,1400,10941439,0.983
1163,1400,15873999,0.947
1164,1400,12673579,0.954
1165,1400,16588544,0.869
1166,1400,14302890,0.976
1167,1400,11467131,0.996
1168,1400,11719717,0.991
1169,1400,11464152,0.982
1170,1400,8938242,0.997
1171,1400,9581242,0.992
1172,1400,8084463,0.996
1173,1400,13062518,0.989
1174,1400,17863080,0.848
1175,1400,9966544,0.999
1176,1400,16776528,0.92
1177,1400,9963517,1
1178,1400,16812666,0.907
1179,1400,7645310,0.998
1180,1400,8404822,0.999
1181,1400,11905755,0.991
1182,1400,16020989,0.952
1183,1400,13832557,0.979
1184,1400,12648713,0.966
1185,1400,18056368,0.902
1186,1400,14735845,0.957
1187,1400,14309386,0.984
1188,1400,14708504,0.954
1189,1400,11494594,0.999
1190,1400,12743464,0.997
1191,1400,16444973,0.954
1192,1400,12095548,0.994
1193,1400,10475443,0.998
1194,1400,9694771,0.997
1195,1400,18649827,0.888
1196,1400,13666597,0.979
1197,1400,18209670,0.848
1198,1400,9427727,0.996
1199,1400,10204232,0.993
1200,1400,10382673,0.99
1201,1400,5494016,0.999
1202,1400,15447849,0.969
1203,1400,11406998,0.992
1204,1400,10885328,0.996
1205,1400,16805555,0.898
1206,1400,13498232,0.98
1207,1400,9947993,0.992
1208,1400,9181711,0.999
1209,1400,20274105,0.885
1210,1400,10314616,0.99
1211,1400,11944131,0.989
1212,1400,16600747,0.926
1213,1400,8175590,0.995
1214,1400,15524485,0.761
1215,1400,16536167,0.875
1216,1400,14228181,0.97
1217,1400,10600406,0.974
1218,1400,14241907,0.987
1219,1400,16978350,0.967
1220,1400,13993412,0.96
1221,1400,10199900,0.997
1222,1400,12700812,0.948
1223,1400,18361518,0.836
1224,1400,18219481,0.842
1225,1400,12267154,0.986
1226,1400,10622565,0.999
1227,1400,17697052,0.825
1228,1400,9636204,0.995
1229,1400,17268440,0.9
1230,1400,18147849,0.863
1231,1400,12554824,0.991
1232,1400,16222493,0.987
1233,1400,11233302,0.999
1234,1400,9941766,0.996
1235,1400,9662552,0.994
1236,1400,14589600,0.981
1237,1400,15262190,0.954
1238,1400,17368827,0.949
1239,1400,11455097,0.995
1240,1400,17982680,0.904
1241,1400,13832987,0.987
1242,1400,13261656,0.991
1243,1400,10115732,1
1244,1400,9700129,0.998
1245,1400,10244645,0.997
1246,1400,14109731,0.99
1247,1400,11681962,0.995
1248,1400,5406683,1
1249,1400,13243643,0.964
1250,1400,7958115,0.987
1251,1400,8305016,0.996
1252,1400,12930631,0.981
1253,1400,7788845,0.998
1254,1400,19192154,0.978
1255,1400,10213917,0.996
1256,1400,18505974,0.693
1257,1400,17069878,0.853
1258,1400,13249190,0.992
1259,1400,6355537,1
1260,1400,13858432,0.99
1261,1400,7501588,1
1262,1400,13603499,0.979
1263,1400,13577922,0.941
1264,1400,13266967,0.994
1265,1400,16169036,0.893
1266,1400,17789398,0.925
1267,1400,13257139,0.992
1268,1400,14405153,0.978
1269,1400,12603061,0.97
1270,1400,8530537,0.996
1271,1400,10899813,0.983
1272,1400,13051710,0.887
1273,1400,11138693,0.991
1274,1400,6366422,0.996
1275,1400,15444007,0.971
1276,1400,15104244,0.962
1277,1400,12276143,0.985
1278,1400,16070005,0.92
1279,1400,12259132,0.993
1280,1400,15206729,0.967
1281,1400,11870750,0.982
1282,1400,13217273,0.981
1283,1400,15608401,0.98
1284,1400,9778125,0.995
1285,1400,17151051,0.856
1286,1400,9506573,0.997
1287,1400,15716661,0.966
1288,1400,9112373,0.999
1289,1400,15200718,0.955
1290,1400,9573810,0.996
1291,1400,14921840,0.969
1292,1400,9378473,0.998
1293,1400,10368458,0.998
1294,1400,8765238,0.999
1295,1400,7962205,0.995
1296,1400,17155009,0.958
1297,1400,8975650,0.999
1298,1400,9160217,0.999
1299,1400,9747171,1
1300,1400,10890131,0.989
1301,1400,16834420,0.869
1302,1400,12303066,0.994
1303,1400,10966120,0.991
1304,1400,11829594,0.986
1305,1400,5882341,1
1306,1400,9291556,0.999
1307,1400,10590221,0.992
1308,1400,12003336,0.989
1309,1400,11528005,0.994
1310,1400,8322627,1
1311,1400,9994795,0.996
1312,1400,12920131,0.972
1313,1400,14671333,0.997
1314,1400,10354196,0.998
1315,1400,10619687,0.997
1316,1400,7916584,0.996
1317,1400,15259295,0.97
1318,1400,10764764,0.994
1319,1400,11913419,0.992
1320,1400,14493321,0.954
1321,1400,6693487,0.999
1322,1400,14020582,0.967
1323,1400,13428284,0.959
1324,1400,13633442,0.986
1325,1400,19322489,0.807
1326,1400,5593387,1
1327,1400,15605007,0.91
1328,1400,12088486,0.992
1329,1400,9566828,1
1330,1400,10701891,0.996
1331,1400,13109601,0.987
1332,1400,10648041,0.99
1333,1400,8814994,0.994
1334,1400,8428318,1
1335,1400,9524789,0.994
1336,1400,11947586,0.992
1337,1400,14212039,0.964
1338,1400,12709182,0.966
1339,1400,7197819,1
1340,1400,11459945,0.971
1341,1400,10070504,0.997
1342,1400,16094056,0.967
1343,1400,11802820,0.991
1344,1400,16205669,0.946
1345,1400,12758103,0.982
1346,1400,7126227,1
1347,1400,17903342,0.849
1348,1400,15300635,0.928
1349,1400,11782076,0.994
1350,1400,20188851,0.944
1351,1400,14046358,0.979
1352,1400,8067546,0.998
1353,1400,11403692,0.996
1354,1400,11386547,0.992
1355,1400,10517730,0.985
1356,1400,6279707,1
1357,1400,9066886,0.997
1358,1400,8545964,1
1359,1400,16836938,0.927
1360,1400,14473551,0.953
1361,1400,9905519,0.988
1362,1400,9539087,1
1363,1400,15457670,0.976
1364,1400,14046996,0.992
1365,1400,13055736,0.991
1366,1400,6726170,1
1367,1400,9304770,0.999
1368,1400,9813851,0.989
1369,1400,8399550,0.998
1370,1400,13887420,0.963
1371,1400,14971402,0.99
1372,1400,8027553,0.983
1373,1400,13653059,0.983
1374,1400,15018041,0.948
1375,1400,9742718,0.998
1376,1400,8635761,0.999
1377,1400,11647629,0.994
1378,1400,7664214,0.998
1379,1400,13149616,0.988
1380,1400,12884626,0.983
1381,1400,16765372,0.956
1382,1400,14436216,0.971
1383,1400,17728038,0.707
1384,1400,8974185,0.999
1385,1400,12178361,0.997
1386,1400,19789005,0.842
1387,1400,15925427,0.928
1388,1400,13370291,0.985
1389,1400,13744462,0.964
1390,1400,13591034,0.934
1391,1400,11435754,0.994
1392,1400,15873052,0.913
1393,1400,10422032,0.993
1394,1400,12377001,0.986
1395,1400,11796086,0.996
1396,1400,8349392,1
1397,1400,17215691,0.933
1398,1400,12662310,0.972
1399,1400,18419217,0.8
1400,1400,15814093,0.932
1401,1400,12029260,0.995
1402,1400,10529411,0.989
1403,1400,16834682,0.941
1404,1400,7318557,1
1405,1400,17089191,0.833
1406,1400,13777910,0.97
1407,1400,14596116,0.976
1408,1400,11736985,0.995
1409,1400,8257436,1
1410,1400,5087891,1
1411,1400,13122046,0.958
1412,1400,16529003,0.924
1413,1400,14662316,0.96
1414,1400,11185229,0.989
1415,1400,11388543,0.998
1416,1400,12601103,0.997
1417,1400,13398211,0.978
1418,1400,11093793,0.988
1419,1400,19136044,0.818
1420,1400,17294150,0.891
1421,1400,16316443,0.973
1422,1400,9976571,0.989
1423,1400,12915150,0.991
1424,1400,13609767,0.982
1425,1400,17441565,0.873
1426,1400,10079005,0.999
1427,1400,8395126,0.999
1428,1400,10095418,0.992
1429,1400,15376605,0.975
1430,1400,9647240,0.999
1431,1400,11238652,0.992
1432,1400,8007407,0.998
1433,1400,14941881,0.964
1434,1400,15637421,0.971
1435,1400,17143739,0.963
1436,1400,15886516,0.961
1437,1400,11314595,0.989
1438,1400,16747962,0.921
1439,1400,15910540,0.957
1440,1400,10194750,0.996
1441,1400,14039747,0.978
1442,1400,10953378,0.993
1443,1400,18598579,0.75
1444,1400,11504513,0.995
1445,1400,8235710,0.996
1446,1400,11642871,0.982
1447,1400,12354448,0.984
1448,1400,11077957,0.993
1449,1400,12598125,0.989
1450,1400,12585580,0.997
1451,1400,13735186,0.985
1452,1400,18663562,0.877
1453,1400,16632381,0.952
1454,1400,12489586,0.99
1455,1400,13089629,0.968
1456,1400,8647445,0.995
1457,1400,16113211,0.9
1458,1400,11239088,0.993
1459,1400,9240166,0.996
1460,1400,7374198,0.998
1461,1400,15856416,0.953
1462,1400,14534108,0.861
1463,1400,14522664,0.983
1464,1400,11383898,0.993
1465,1400,16063975,0.954
1466,1400,10935390,0.989
1467,1400,11823947,0.98
1468,1400,15475004,0.957
1469,1400,9719104,0.999
1470,1400,11956635,0.993
1471,1400,9103932,0.992
1472,1400,15680255,0.98
1473,1400,8763912,0.999
1474,1400,8964770,0.994
1475,1400,15084731,0.962
1476,1400,12005141,0.997
1477,1400,10495630,0.999
1478,1400,17537967,0.85
1479,1400,14582623,0.897
1480,1400,6846348,0.999
1481,1400,6467492,0.998
1482,1400,12747988,0.984
1483,1400,7878203,1
1484,1400,10779954,0.999
1485,1400,11555238,0.998
1486,1400,9448449,0.997
1487,1400,11980414,0.994
1488,1400,8648067,0.999
1489,1400,12032595,0.992
1490,1400,11131063,0.994
1491,1400,13025667,0.986
1492,1400,17833930,0.773
1493,1400,9094302,0.995
1494,1400,11308865,0.998
1495,1400,6117744,0.999
1496,1400,13127312,0.979
1497,1400,17938460,0.803
1498,1400,16548900,0.955
1499,1400,10332827,0.998
1500,1400,13334794,0.991
1501,1400,13731346,0.986
1502,1400,12273184,0.985
1503,1400,16186800,0.966
1504,1400,10788516,0.995
1505,1400,12095477,0.989
1506,1400,6583106,1
1507,1400,7465805,0.994
1508,1400,12207227,0.997
1509,1400,9494859,1
1510,1400,8206751,0.998
1511,1400,11143271,0.999
1512,1400,4107726,1
1513,1400,13358562,0.977
1514,1400,11238126,0.962
1515,1400,15888394,0.958
1516,1400,15337922,0.968
1517,1400,9840460,0.999
1518,1400,7585633,0.998
1519,1400,16424181,0.862
1520,1400,12021001,0.987
1521,1400,16678722,0.864
1522,1400,18115468,0.847
1523,1400,13837556,0.99
1524,1400,16172869,0.912
1525,1400,6560636,1
1526,1400,12490855,0.916
1527,1400,13753067,0.993
1528,1400,12030965,0.99
1529,1400,7412636,0.992
1530,1400,12362505,0.984
1531,1400,15739901,0.945
1532,1400,18576311,0.732
1533,1400,16884352,0.935
1534,1400,12334324,0.984
1535,1400,10144018,0.996
1536,1400,14130364,0.957
1537,1400,12318158,0.994
1538,1400,11220792,0.998
1539,1400,9545883,0.998
1540,1400,12185643,0.994
1541,1400,11391493,0.979
1542,1400,11073401,0.998
1543,1400,12611290,0.985
1544,1400,16254715,0.935
1545,1400,11002998,0.989
1546,1400,9425537,0.998
1547,1400,9976596,0.997
1548,1400,17763270,0.857
1549,1400,13409546,0.988
1550,1400,5959602,1
1551,1400,10533849,0.997
1552,1400,14022122,0.957
1553,1400,17219822,0.906
1554,1400,8855508,1
1555,1400,14398911,0.877
1556,1400,15270920,0.97
1557,1400,17680633,0.831
1558,1400,12991548,0.932
1559,1400,10999353,0.994
1560,1400,15387648,0.969
1561,1400,14688913,0.872
1562,1400,13030747,0.988
1563,1400,9300701,1
1564,1400,7331633,1
1565,1400,9043601,1
1566,1400,7984610,1
1567,1400,8473711,0.999
1568,1400,7043056,0.999
1569,1400,8997198,0.998
1570,1400,8920264,0.998
1571,1400,9707291,0.998
1572,1400,18186042,0.802
1573,1400,12653407,0.981
1574,1400,11541227,0.998
1575,1400,7531076,0.995
1576,1400,14721726,0.97
1577,1400,16703644,0.801
1578,1400,16642290,0.802
1579,1400,9688970,0.974
1580,1400,11793274,0.994
1581,1400,17131842,0.909
1582,1400,17589549,0.744
1583,1400,14434024,0.983
1584,1400,7391659,1
1585,1400,19851584,0.925
1586,1400,15493402,0.964
1587,1400,8200383,0.999
1588,1400,16392155,0.892
1589,1400,12523354,0.966
1590,1400,8336854,0.999
1591,1400,17118881,0.905
1592,1400,16870551,0.923
1593,1400,9873077,0.999
1594,1400,11560216,0.987
1595,1400,7453792,0.99
1596,1400,16206522,0.972
1597,1400,10504128,0.992
1598,1400,12117027,0.957
1599,1400,11687542,0.896
1600,1400,15030943,0.944
1601,1400,13458594,0.992
1602,1400,11369300,0.98
1603,1400,11495233,0.993
1604,1400,6281408,1
1605,1400,17042971,0.91
1606,1400,10254886,0.998
1607,1400,16761174,0.885
1608,1400,14345297,0.859
1609,1400,11049820,0.99
1610,1400,9522511,0.991
1611,1400,13963552,0.97
1612,1400,9413491,0.999
1613,1400,10060399,0.999
1614,1400,11170953,0.998
1615,1400,8534286,1
1616,1400,7292287,0.999
1617,1400,10156447,0.99
1618,1400,17650988,0.927
1619,1400,10060175,0.999
1620,1400,9968226,0.989
1621,1400,9011034,0.998
1622,1400,10987558,0.993
1623,1400,12922945,0.984
1624,1400,8997977,0.999
1625,1400,15001646,0.972
1626,1400,11751935,0.988
1627,1400,7724907,0.999
1628,1400,14114317,0.975
1629,1400,9043491,0.948
1630,1400,9333170,0.991
1631,1400,12293815,0.988
1632,1400,9432586,0.996
1633,1400,9732674,0.977
1634,1400,6234367,1
1635,1400,9822409,0.998
1636,1400,11870323,0.995
1637,1400,14165975,0.943
1638,1400,10090791,0.985
1639,1400,14711379,0.884
1640,1400,10673384,0.996
1641,1400,14691402,0.963
1642,1400,16063491,0.894
1643,1400,7755521,0.999
1644,1400,13075340,0.981
1645,1400,14006463,0.985
1646,1400,9945399,0.99
1647,1400,9256705,0.998
1648,1400,15377085,0.952
1649,1400,13111331,0.985
1650,1400,16109952,0.917
1651,1400,12282117,0.945
1652,1400,13213628,0.967
1653,1400,10145835,0.997
1654,1400,15357477,0.916
1655,1400,8669943,0.992
1656,1400,9705083,0.997
1657,1400,13320755,0.975
1658,1400,12440860,0.991
1659,1400,11153108,0.996
1660,1400,5680289,1
1661,1400,12125758,0.993
1662,1400,6574989,0.999
1663,1400,14048128,0.995
1664,1400,15536367,0.932
1665,1400,15721141,0.964
1666,1400,10599532,0.992
1667,1400,10385982,0.994
1668,1400,11198617,0.988
1669,1400,13766875,0.979
1670,1400,14587354,0.978
1671,1400,15332806,0.983
1672,1400,15688368,0.817
1673,1400,17403475,0.916
1674,1400,14796661,0.955
1675,1400,11410191,0.993
1676,1400,8564776,0.996
1677,1400,8540310,0.989
1678,1400,15125188,0.953
1679,1400,11721327,0.994
1680,1400,8799836,0.993
1681,1400,9695971,0.999
1682,1400,12341894,0.981
1683,1400,16260904,0.965
1684,1400,15651051,0.964
1685,1400,14072708,0.989
1686,1400,11045827,0.997
1687,1400,8903914,0.999
1688,1400,11249835,0.996
1689,1400,17035772,0.867
1690,1400,8286471,1
1691,1400,7170733,0.999
1692,1400,15621510,0.962
1693,1400,12650352,0.995
1694,1400,12020612,0.997
1695,1400,16559501,0.957
1696,1400,16334117,0.962
1697,1400,17940890,0.867
1698,1400,6859388,1
1699,1400,16918428,0.905
1700,1400,9730393,0.997
1701,1400,11112253,0.997
1702,1400,14379610,0.994
1703,1400,9393496,0.998
1704,1400,11983489,0.966
1705,1400,11342818,0.999
1706,1400,15596256,0.993
1707,1400,8899375,0.997
1708,1400,8693870,1
1709,1400,10926328,0.996
1710,1400,16098850,0.964
1711,1400,9555759,0.991
1712,1400,7312858,0.999
1713,1400,16971217,0.944
1714,1400,16602997,0.949
1715,1400,8208598,1
1716,1400,13416828,0.993
1717,1400,17591835,0.947
1718,1400,10693808,1
1719,1400,12112061,0.966
1720,1400,13048168,0.977
1721,1400,10256157,0.999
1722,1400,14621654,0.946
1723,1400,9524457,0.996
1724,1400,11645109,0.994
1725,1400,6384598,0.999
1726,1400,8163169,1
1727,1400,13315843,0.995
1728,1400,12257314,0.987
1729,1400,12243353,0.994
1730,1400,8767825,0.995
1731,1400,12749453,0.992
1732,1400,16765206,0.891
1733,1400,10230919,0.997
1734,1400,11361261,0.995
1735,1400,11959526,0.999
1736,1400,16273153,0.952
1737,1400,17351572,0.93
1738,1400,8068521,1
1739,1400,11122163,0.991
1740,1400,17814930,0.927
1741,1400,14515752,0.979
1742,1400,18338055,0.946
1743,1400,8026931,1
1744,1400,11696803,0.991
1745,1400,14665339,0.936
1746,1400,10656849,0.998
1747,1400,10444534,0.987
1748,1400,14853416,0.946
1749,1400,13220332,0.993
1750,1400,13462047,0.987
1751,1400,10681112,0.994
1752,1400,16059523,0.883
1753,1400,14987229,0.962
1754,1400,10307966,0.995
1755,1400,12567430,0.993
1756,1400,17147100,0.957
1757,1400,18080789,0.785
1758,1400,16644382,0.898
1759,1400,7235918,1
1760,1400,8885492,1
1761,1400,19732726,0.872
1762,1400,13008414,0.984
1763,1400,11169743,0.999
1764,1400,9087444,0.995
1765,1400,12396684,0.983
1766,1400,7495137,1
1767,1400,5278912,1
1768,1400,7810183,0.998
1769,1400,9390406,1
1770,1400,15121938,0.927
1771,1400,8807855,0.999
1772,1400,16570512,0.914
1773,1400,15493774,0.968
1774,1400,7720458,1
1775,1400,6774635,1
1776,1400,6950848,0.999
1777,1400,16659873,0.911
1778,1400,10745870,1
1779,1400,8164567,1
1780,1400,12850339,0.887
1781,1400,15745585,0.98
1782,1400,5103077,1
1783,1400,12465903,0.988
1784,1400,9659760,0.999
1785,1400,15484454,0.962
1786,1400,16584361,0.936
1787,1400,15758606,0.933
1788,1400,11751308,0.994
1789,1400,13660502,0.977
1790,1400,18729374,0.919
1791,1400,14344207,0.906
1792,1400,9307125,0.966
1793,1400,15408827,0.971
1794,1400,11756921,0.992
1795,1400,17563854,0.821
1796,1400,14421972,0.983
1797,1400,8946381,0.999
1798,1400,5492680,0.998
1799,1400,10909418,0.998
1800,1400,15015938,0.969
1801,1400,16261025,0.955
1802,1400,9742525,0.998
1803,1400,10546216,0.999
1804,1400,7716131,0.989
1805,1400,14556116,0.901
1806,1400,12386315,0.995
1807,1400,13841192,0.967
1808,1400,10265353,0.995
1809,1400,10169825,0.93
1810,1400,15664714,0.889
1811,1400,8779311,1
1812,1400,10856900,0.999
1813,1400,16668564,0.888
1814,1400,11142122,0.997
1815,1400,12110155,0.972
1816,1400,11760941,0.994
1817,1400,15996872,0.928
1818,1400,10169124,0.991
1819,1400,11667278,0.938
1820,1400,9767747,0.995
1821,1400,17881204,0.786
1822,1400,17690269,0.934
1823,1400,17175464,0.885
1824,1400,16198569,0.967
1825,1400,17299242,0.948
1826,1400,6537386,0.999
1827,1400,15154836,0.934
1828,1400,12915550,0.986
1829,1400,12438812,0.995
1830,1400,12736840,0.985
1831,1400,13035979,0.972
1832,1400,13842722,0.959
1833,1400,12299925,0.979
1834,1400,11949055,0.991
1835,1400,17678368,0.951
1836,1400,15343900,0.967
1837,1400,10460152,0.985
1838,1400,9499834,0.995
1839,1400,10642459,0.995
1840,1400,13698901,0.973
1841,1400,6253086,0.999
1842,1400,16379434,0.814
1843,1400,10244928,0.992
1844,1400,12836632,0.981
1845,1400,16057124,0.982
1846,1400,18751667,0.895
1847,1400,14255172,0.948
1848,1400,10729032,0.994
1849,1400,13275242,0.972
1850,1400,14921104,0.976
1851,1400,15721025,0.922
1852,1400,11995990,0.989
1853,1400,17582892,0.969
1854,1400,6521545,0.997
1855,1400,9554606,1
1856,1400,9777495,0.995
1857,1400,11133669,0.992
1858,1400,14534753,0.965
1859,1400,8602873,0.996
1860,1400,11946684,0.983
1861,1400,10563627,0.995
1862,1400,11270445,0.981
1863,1400,11778223,0.982
1864,1400,18765544,0.907
1865,1400,13218675,0.98
1866,1400,12614817,0.989
1867,1400,15139486,0.968
1868,1400,13211932,0.992
1869,1400,5073916,1
1870,1400,15614003,0.967
1871,1400,11003489,0.998
1872,1400,12921209,0.989
1873,1400,10194035,0.997
1874,1400,14592891,0.96
1875,1400,9859430,0.996
1876,1400,18409936,0.903
1877,1400,7575414,1
1878,1400,17867022,0.949
1879,1400,9368671,0.993
1880,1400,12123147,0.995
1881,1400,15043308,0.964
1882,1400,13768546,0.998
1883,1400,12251656,0.977
1884,1400,16809045,0.91
1885,1400,9385781,1
1886,1400,14190984,0.947
1887,1400,14378288,0.975
1888,1400,13515043,0.95
1889,1400,14642424,0.983
1890,1400,15702994,0.954
1891,1400,17576554,0.879
1892,1400,14775747,0.968
1893,1400,14167856,0.944
1894,1400,15061768,0.953
1895,1400,15391513,0.94
1896,1400,15619965,0.947
1897,1400,7065648,0.998
1898,1400,12566066,0.996
1899,1400,12974453,0.98
1900,1400,10669504,0.993
1901,1400,12587644,0.987
1902,1400,16192451,0.877
1903,1400,13543487,0.978
1904,1400,17871400,0.804
1905,1400,14476949,0.986
1906,1400,12535491,0.996
1907,1400,15585455,0.972
1908,1400,11176724,0.996
1909,1400,7865404,0.999
1910,1400,13326181,0.987
1911,1400,9915300,0.992
1912,1400,11164785,0.996
1913,1400,8981319,0.992
1914,1400,11518185,0.996
1915,1400,11958635,0.991
1916,1400,17291874,0.928
1917,1400,14764592,0.984
1918,1400,12588048,0.987
1919,1400,10618953,0.992
1920,1400,10273867,0.991
1921,1400,14069299,0.97
1922,1400,12867832,0.99
1923,1400,8537992,0.99
1924,1400,12859926,0.991
1925,1400,13341362,0.987
1926,1400,14037250,0.992
1927,1400,12674129,0.948
1928,1400,15512070,0.985
1929,1400,11914440,0.997
1930,1400,9454990,0.999
1931,1400,13758396,0.973
1932,1400,16444794,0.948
1933,1400,16552496,0.885
1934,1400,7792584,0.999
1935,1400,12905925,0.984
1936,1400,19477345,0.845
1937,1400,15658031,0.989
1938,1400,17430979,0.927
1939,1400,12060148,0.972
1940,1400,11917608,0.995
1941,1400,6367330,1
1942,1400,13862921,0.97
1943,1400,15314910,0.967
1944,1400,15860489,0.97
1945,1400,7043568,1
1946,1400,16101133,0.962
1947,1400,13645445,0.986
1948,1400,13701319,0.985
1949,1400,10782360,0.995
1950,1400,10114543,0.996
1951,1400,11067091,1
1952,1400,8174138,0.993
1953,1400,17414217,0.951
1954,1400,14474343,0.988
1955,1400,9398917,0.998
1956,1400,9521961,0.998
1957,1400,17449421,0.863
1958,1400,11241734,0.986
1959,1400,15703308,0.98
1960,1400,15366714,0.987
1961,1400,13030810,0.988
1962,1400,16535704,0.83
1963,1400,5898711,0.998
1964,1400,10687508,0.997
1965,1400,15044200,0.982
1966,1400,16732943,0.964
1967,1400,13061968,0.964
1968,1400,14088560,0.995
1969,1400,15052896,0.958
1970,1400,12915253,0.984
1971,1400,9320260,1
1972,1400,7793175,1
1973,1400,12876519,0.99
1974,1400,9080116,0.996
1975,1400,7492907,0.998
1976,1400,12072529,0.989
1977,1400,15211840,0.927
1978,1400,16194624,0.87
1979,1400,17795340,0.908
1980,1400,8776944,0.997
1981,1400,10635188,0.994
1982,1400,18035180,0.925
1983,1400,18399267,0.774
1984,1400,13534157,0.996
1985,1400,13169262,0.993
1986,1400,10830702,0.997
1987,1400,10065575,0.999
1988,1400,7460091,1
1989,1400,11096655,0.997
1990,1400,15571338,0.982
1991,1400,16167973,0.917
1992,1400,11541458,0.997
1993,1400,19238811,0.894
1994,1400,15524060,0.991
1995,1400,12393025,0.999
1996,1400,12191365,0.993
1997,1400,12560263,0.974
1998,1400,10427775,0.995
1999,1400,14543744,0.956
2000,1400,9086966,0.999
2001,1400,18126262,0.917
2002,1400,12107707,0.994
2003,1400,11867679,0.994
2004,1400,15788590,0.961
2005,1400,11527843,0.998
2006,1400,8935689,1
2007,1400,17403582,0.88
2008,1400,10849633,0.986
2009,1400,18414316,0.923
2010,1400,8325630,0.995
2011,1400,10833085,0.992
2012,1400,7992263,0.999
2013,1400,13291055,0.997
2014,1400,13167134,0.995
2015,1400,15765981,0.956
2016,1400,17302111,0.857
2017,1400,11077676,0.995
2018,1400,7960875,0.999
2019,1400,11880247,0.996
2020,1400,14975896,0.986
2021,1400,13079305,0.968
2022,1400,15184715,0.959
2023,1400,10457588,0.994
2024,1400,10370794,0.998
2025,1400,8861642,1
2026,1400,10419045,0.993
2027,1400,5667033,0.999
2028,1400,6774961,1
2029,1400,7041169,0.999
2030,1400,15353117,0.959
2031,1400,8378247,0.995
2032,1400,13405429,0.986
2033,1400,8647466,0.998
2034,1400,14493691,0.929
2035,1400,16797898,0.851
2036,1400,15263928,0.935
2037,1400,9556734,0.997
2038,1400,16747902,0.95
2039,1400,11086113,0.989
2040,1400,10712640,0.996
2041,1400,13576834,0.952
2042,1400,14487423,0.996
2043,1400,16858856,0.949
2044,1400,9528658,0.998
2045,1400,16734240,0.957
2046,1400,11723761,0.99
2047,1400,16645343,0.949
2048,1400,20326373,0.75
2049,1400,11875002,0.992
2050,1400,12492988,0.991
2051,1400,14447961,0.988
2052,1400,17051359,0.992
2053,1400,11731320,0.994
2054,1400,12759393,0.993
2055,1400,14513316,0.992
2056,1400,11577381,0.996
2057,1400,8053635,0.996
2058,1400,10002144,0.997
2059,1400,11317917,0.999
2060,1400,15540095,0.929
2061,1400,14264568,0.975
2062,1400,17260306,0.927
2063,1400,12247304,1
2064,1400,8695480,0.993
2065,1400,7785241,0.999
2066,1400,15037501,0.969
2067,1400,13357707,0.96
2068,1400,13998852,0.991
2069,1400,13706875,0.984
2070,1400,10423045,1
2071,1400,14242512,0.992
2072,1400,14983978,0.961
2073,1400,18236239,0.785
2074,1400,17918382,0.966
2075,1400,14681237,0.986
2076,1400,6392017,0.999
2077,1400,10533117,0.997
2078,1400,7273832,1
2079,1400,15314791,0.98
2080,1400,14061314,0.977
2081,1400,12924137,0.945
2082,1400,14463976,0.971
2083,1400,10720386,0.996
2084,1400,13445371,0.995
2085,1400,12684098,0.955
2086,1400,14251322,0.994
2087,1400,10197345,0.998
2088,1400,10601811,0.991
2089,1400,8824692,0.998
2090,1400,15346949,0.942
2091,1400,6758239,0.998
2092,1400,17769153,0.816
2093,1400,10669221,1
2094,1400,17059393,0.943
2095,1400,15516811,0.974
2096,1400,15185588,0.944
2097,1400,20450172,0.877
2098,1400,16149992,0.882
2099,1400,12631134,0.988
2100,1400,20464827,0.814
2101,1400,16882932,0.932
2102,1400,11857670,0.985
2103,1400,8655232,0.999
2104,1400,9170516,1
2105,1400,8500787,0.997
2106,1400,19964783,0.873
2107,1400,8684067,0.999
2108,1400,17833233,0.99
2109,1400,18426819,0.912
2110,1400,12118969,0.99
2111,1400,17530567,0.96
2112,1400,13196232,0.991
2113,1400,13231401,0.943
2114,1400,9097563,0.999
2115,1400,11364648,0.996
2116,1400,12596988,0.997
2117,1400,10929299,0.979
2118,1400,7763746,1
2119,1400,12933121,0.995
2120,1400,15781368,0.927
2121,1400,17704205,0.906
2122,1400,8297307,0.997
2123,1400,10868252,0.964
2124,1400,7753074,0.999
2125,1400,9720137,0.998
2126,1400,18683533,0.951
2127,1400,9301561,0.999
2128,1400,7895077,1
2129,1400,9702006,0.996
2130,1400,8876782,0.997
2131,1400,17593192,0.984
2132,1400,10269402,0.996
2133,1400,20694392,0.712
2134,1400,15839472,0.953
2135,1400,8992428,1
2136,1400,11891983,0.991
2137,1400,15494827,0.988
2138,1400,18876782,0.715
2139,1400,17906047,0.961
2140,1400,10593143,0.997
2141,1400,21064150,0.877
2142,1400,17624363,0.961
2143,1400,9882884,0.998
2144,1400,8514655,0.994
2145,1400,13310966,0.999
2146,1400,18930765,0.868
2147,1400,18102411,0.901
2148,1400,14229088,0.979
2149,1400,14399969,0.989
2150,1400,16363896,0.952
2151,1400,11723970,1
2152,1400,17579245,0.966
2153,1400,15284285,0.865
2154,1400,14061345,0.975
2155,1400,16038800,0.951
2156,1400,10557964,0.997
2157,1400,10198233,0.99
2158,1400,9983519,1
2159,1400,15282956,0.966
2160,1400,10482587,1
2161,1400,8323584,0.998
2162,1400,10649670,0.997
2163,1400,9752817,0.999
2164,1400,12136188,0.98
2165,1400,17927519,0.957
2166,1400,14335415,0.951
2167,1400,8482047,0.999
2168,1400,18469784,0.776
2169,1400,6824680,0.998
2170,1400,10220685,0.999
2171,1400,10704473,0.998
2172,1400,8117157,0.999
2173,1400,7064235,1
2174,1400,9732764,0.997
2175,1400,10717807,0.992
2176,1400,14676550,0.96
2177,1400,12022766,0.989
2178,1400,15347289,0.993
2179,1400,13026107,0.985
2180,1400,10913210,1
2181,1400,19474823,0.803
2182,1400,14117649,0.938
2183,1400,8272310,0.999
2184,1400,16262135,0.973
2185,1400,12623722,0.976
2186,1400,10276217,0.993
2187,1400,10831887,0.998
2188,1400,11230349,0.973
2189,1400,13274981,0.986
2190,1400,11736367,0.974
2191,1400,10460243,0.999
2192,1400,13637866,0.982
2193,1400,11771413,0.997
2194,1400,10028615,0.999
2195,1400,10705960,0.997
2196,1400,14997775,0.959
2197,1400,10633818,0.992
2198,1400,14218356,0.964
2199,1400,22633833,0.783
2200,1400,11215255,0.998
2201,1400,18217678,0.893
2202,1400,16688260,0.967
2203,1400,16478945,0.761
2204,1400,9193678,0.999
2205,1400,17555198,0.705
2206,1400,13539433,0.99
2207,1400,6736542,1
2208,1400,9601665,0.995
2209,1400,19185770,0.933
2210,1400,9147929,0.99
2211,1400,10142352,0.996
2212,1400,15278170,0.985
2213,1400,14370547,0.957
2214,1400,14939179,0.977
2215,1400,7494139,1
2216,1400,12929370,0.961
2217,1400,10102898,0.997
2218,1400,10050566,0.994
2219,1400,12842782,0.998
2220,1400,7403317,1
2221,1400,12455989,0.993
2222,1400,14587236,0.976
2223,1400,9523934,1
2224,1400,16782998,0.932
2225,1400,6077690,1
2226,1400,14857442,0.985
2227,1400,8418755,0.996
2228,1400,17316331,0.896
2229,1400,17505679,0.89
2230,1400,11822862,0.997
2231,1400,11823953,0.992
2232,1400,11835991,0.997
2233,1400,12718078,0.981
2234,1400,11892108,0.982
2235,1400,10458399,0.997
2236,1400,14824494,0.969
2237,1400,11548995,0.999
2238,1400,17710118,0.953
2239,1400,8924203,0.999
2240,1400,10156535,1
2241,1400,14567875,0.978
2242,1400,7287750,1
2243,1400,15754095,0.993
2244,1400,15223045,0.912
2245,1400,20507385,0.912
2246,1400,13816125,0.986
2247,1400,15616806,0.95
2248,1400,16044876,0.976
2249,1400,9838151,0.999
2250,1400,14214954,0.989
2251,1400,16413234,0.939
2252,1400,18442597,0.869
2253,1400,13123388,0.974
2254,1400,17817693,0.942
2255,1400,7421856,0.996
2256,1400,17820455,0.895
2257,1400,13808895,0.981
2258,1400,13954921,0.993
2259,1400,9100990,0.997
2260,1400,10535319,0.995
2261,1400,8409355,0.999
2262,1400,9074131,1
2263,1400,16696807,0.941
2264,1400,5997993,1
2265,1400,7478770,0.991
2266,1400,16482711,0.954
2267,1400,11798974,0.999
2268,1400,8948541,0.999
2269,1400,7858560,0.999
2270,1400,14987940,0.959
2271,1400,15055307,0.96
2272,1400,8943866,1
2273,1400,17092633,0.833
2274,1400,15852620,0.918
2275,1400,19221664,0.941
2276,1400,11910929,0.991
2277,1400,22134289,0.743
2278,1400,11612742,0.992
2279,1400,11350779,0.996
2280,1400,6679231,0.996
2281,1400,12714332,0.989
2282,1400,13818130,0.973
2283,1400,18254711,0.971
2284,1400,11572906,0.985
2285,1400,13990790,0.959
2286,1400,15373604,0.979
2287,1400,12994052,0.99
2288,1400,10493329,0.996
2289,1400,14667221,0.98
2290,1400,8911005,1
2291,1400,10322397,0.993
2292,1400,11585626,0.987
2293,1400,12345462,0.995
2294,1400,8701347,0.999
2295,1400,18326744,0.934
2296,1400,15542889,0.853
2297,1400,9539865,1
2298,1400,9277157,0.991
2299,1400,14291031,0.999
2300,1400,11298591,0.993
2301,1400,15853516,0.913
2302,1400,13763296,0.988
2303,1400,17247383,0.96
2304,1400,14088640,0.944
2305,1400,9734704,0.995
2306,1400,9619956,0.999
2307,1400,16855120,0.933
2308,1400,11582801,0.986
2309,1400,16776246,0.846
2310,1400,8979146,1
2311,1400,12146170,0.989
2312,1400,12081304,0.996
2313,1400,15455724,0.963
2314,1400,10578233,1
2315,1400,12299402,0.993
2316,1400,15314598,0.935
2317,1400,15106680,0.985
2318,1400,13167540,0.989
2319,1400,8529037,0.998
2320,1400,13411026,0.989
2321,1400,10996379,0.991
2322,1400,14848222,0.962
2323,1400,17633110,0.98
2324,1400,18228092,0.735
2325,1400,13621336,0.983
2326,1400,13630166,0.982
2327,1400,15194013,0.95
2328,1400,10303690,0.999
2329,1400,12927052,0.986
2330,1400,8533882,0.999
2331,1400,14745059,0.981
2332,1400,8308659,0.994
2333,1400,16219784,0.931
2334,1400,12118968,0.982
2335,1400,11468572,0.996
2336,1400,7865322,0.996
2337,1400,13390168,0.979
2338,1400,11957247,0.988
2339,1400,16093523,0.974
2340,1400,8522782,1
2341,1400,7969214,0.999
2342,1400,15678006,0.986
2343,1400,13773435,0.978
2344,1400,14745023,0.967
2345,1400,16796990,0.922
2346,1400,11904670,0.998
2347,1400,8912621,0.999
2348,1400,8555204,1
2349,1400,9358784,0.987
2350,1400,15357379,0.955
2351,1400,14850861,0.88
2352,1400,17948925,0.812
2353,1400,15257735,0.913
2354,1400,8671961,0.998
2355,1400,20130915,0.813
2356,1400,10286470,0.998
2357,1400,20282060,0.877
2358,1400,14685288,0.978
2359,1400,11259842,0.994
2360,1400,11250971,0.993
2361,1400,17925356,0.843
2362,1400,10897140,0.996
2363,1400,5813572,1
2364,1400,14752497,0.986
2365,1400,12791988,0.992
2366,1400,9926836,0.896
2367,1400,6235760,1
2368,1400,8806577,0.998
2369,1400,14507441,0.992
2370,1400,11788649,0.992
2371,1400,9415444,0.997
2372,1400,15833396,0.922
2373,1400,12786594,0.974
2374,1400,9990943,0.999
2375,1400,14635931,0.977
2376,1400,10854902,0.993
2377,1400,12311072,0.993
2378,1400,11943301,0.999
2379,1400,19192547,0.903
2380,1400,10208696,0.996
2381,1400,14618913,0.983
2382,1400,12956205,0.939
2383,1400,15089806,0.933
2384,1400,16373967,0.918
2385,1400,9261432,0.994
2386,1400,15149776,0.981
2387,1400,14430665,0.96
2388,1400,15107480,0.963
2389,1400,16892968,0.858
2390,1400,12731300,0.983
2391,1400,15051593,0.971
2392,1400,18606405,0.919
2393,1400,15027994,0.963
2394,1400,13294458,0.972
2395,1400,14512730,0.983
2396,1400,19185835,0.851
2397,1400,14633687,0.877
2398,1400,15072301,0.925
2399,1400,11505512,0.985
2400,1400,14260522,0.963
2401,1400,15499327,0.979
2402,1400,9727158,0.998
2403,1400,11309548,0.991
2404,1400,16704758,0.846
2405,1400,17767077,0.895
2406,1400,16307849,0.926
2407,1400,11394786,0.989
2408,1400,14804570,0.97
2409,1400,11129347,0.993
2410,1400,8590166,1
2411,1400,18461638,0.939
2412,1400,9482149,0.999
2413,1400,17289303,0.89
2414,1400,9416193,0.983
2415,1400,17654541,0.897
2416,1400,12431964,0.99
2417,1400,16851735,0.934
2418,1400,8058490,0.999
2419,1400,14543433,0.991
2420,1400,10408291,0.996
2421,1400,12279863,0.989
2422,1400,7909034,1
2423,1400,17484627,0.962
2424,1400,16711500,0.879
2425,1400,11909168,0.986
2426,1400,9596867,0.999
2427,1400,15071543,0.936
2428,1400,12827053,0.997
2429,1400,15787875,0.955
2430,1400,9466341,0.994
2431,1400,15258410,0.953
2432,1400,6416658,1
2433,1400,11934160,0.994
2434,1400,9684581,0.982
2435,1400,12427014,0.986
2436,1400,11751306,0.988
2437,1400,15916599,0.953
2438,1400,9817230,0.998
2439,1400,12407281,0.994
2440,1400,8293691,0.997
2441,1400,16354130,0.912
2442,1400,8114086,0.999
2443,1400,7697863,1
2444,1400,13097324,0.971
2445,1400,17127126,0.927
2446,1400,12542991,0.979
2447,1400,15866914,0.97
2448,1400,15716614,0.961
2449,1400,14955403,0.976
2450,1400,9105592,0.997
2451,1400,14440613,0.977
2452,1400,12067064,1
2453,1400,10848627,0.995
2454,1400,11073395,0.997
2455,1400,8070045,1
2456,1400,12999364,0.978
2457,1400,11077922,0.998
2458,1400,17013642,0.886
2459,1400,12106137,0.996
2460,1400,17804753,0.953
2461,1400,15014470,0.917
2462,1400,8433291,0.972
2463,1400,19707077,0.819
2464,1400,8649874,1
2465,1400,11684822,0.977
2466,1400,6454782,1
2467,1400,12148479,0.987
2468,1400,13205449,0.947
2469,1400,10847968,0.995
2470,1400,15249483,0.96
2471,1400,13102269,0.995
2472,1400,14482872,0.929
2473,1400,14137226,0.963
2474,1400,12819919,0.973
2475,1400,7551003,1
2476,1400,14141928,0.977
2477,1400,14969833,0.957
2478,1400,10279658,0.997
2479,1400,17391408,0.923
2480,1400,14203185,0.892
2481,1400,14480037,0.998
2482,1400,14153853,0.999
2483,1400,8444491,1
2484,1400,9110789,1
2485,1400,7925203,1
2486,1400,12143525,0.997
2487,1400,8402559,0.999
2488,1400,10828085,0.995
2489,1400,13585001,0.992
2490,1400,15254155,0.953
2491,1400,8098203,1
2492,1400,8050321,0.995
2493,1400,11994128,0.96
2494,1400,12295504,0.988
2495,1400,8146969,0.996
2496,1400,9274933,1
2497,1400,10709814,1
2498,1400,13904184,0.939
2499,1400,8692252,1
2500,1400,16006324,0.904
2501,1400,7074804,0.994
2502,1400,11873414,0.987
2503,1400,9172974,0.997
2504,1400,10935688,0.956
2505,1400,15173978,0.959
2506,1400,14949645,0.975
2507,1400,13971570,0.99
2508,1400,13863967,0.996
2509,1400,14235232,0.991
2510,1400,7136580,1
2511,1400,13085069,0.985
2512,1400,9707878,0.999
2513,1400,7102637,1
2514,1400,13862836,0.989
2515,1400,18735016,0.678
2516,1400,12374574,0.941
2517,1400,18446687,0.825
2518,1400,13688971,0.982
2519,1400,10272650,0.988
2520,1400,13107014,0.986
2521,1400,16718518,0.954
2522,1400,11415901,0.999
2523,1400,8113509,0.999
2524,1400,11275985,0.972
2525,1400,14814772,0.933
2526,1400,11809814,0.993
2527,1400,8931678,0.996
2528,1400,5621971,0.999
2529,1400,16984107,0.897
2530,1400,12235430,0.99
2531,1400,8752327,0.999
2532,1400,8711323,0.998
2533,1400,11924127,0.99
2534,1400,12046023,0.995
2535,1400,16556683,0.956
2536,1400,12970782,0.977
2537,1400,11478496,0.983
2538,1400,17388235,0.845
2539,1400,14310035,0.95
2540,1400,14743925,0.992
2541,1400,15607198,0.948
2542,1400,19671651,0.802
2543,1400,8834100,0.998
2544,1400,19901324,0.742
2545,1400,8357571,0.994
2546,1400,10737918,0.995
2547,1400,15241646,0.953
2548,1400,17988675,0.822
2549,1400,13723500,0.977
2550,1400,17010997,0.953
2551,1400,14835240,0.983
2552,1400,18008678,0.861
2553,1400,16765145,0.915
2554,1400,12744880,0.984
2555,1400,6574112,1
2556,1400,10877747,0.985
2557,1400,10806227,0.997
2558,1400,14381152,0.978
2559,1400,16611526,0.933
2560,1400,13101480,0.981
2561,1400,9060117,1
2562,1400,11139170,0.99
2563,1400,7701515,1
2564,1400,17257881,0.921
2565,1400,14888607,0.956
2566,1400,15828885,0.966
2567,1400,10059333,0.987
2568,1400,11465886,0.992
2569,1400,9714809,0.998
2570,1400,12133348,0.982
2571,1400,15506235,0.978
2572,1400,10656236,0.986
2573,1400,6411612,0.999
2574,1400,15241945,0.841
2575,1400,12460592,0.999
2576,1400,8159709,0.998
2577,1400,13882607,0.99
2578,1400,10363431,0.977
2579,1400,14441462,0.965
2580,1400,8236637,0.999
2581,1400,11891229,0.991
2582,1400,13579065,0.987
2583,1400,11092496,0.995
2584,1400,8164013,0.992
2585,1400,16147505,0.955
2586,1400,13215784,0.981
2587,1400,12739462,0.995
2588,1400,12008412,0.996
2589,1400,7849889,1
2590,1400,10779908,0.998
2591,1400,17487947,0.962
2592,1400,11430290,0.994
2593,1400,6144681,1
2594,1400,13385296,0.996
2595,1400,13485820,0.983
2596,1400,11284633,0.997
2597,1400,14926249,0.986
2598,1400,13814742,0.907
2599,1400,8542257,0.999
2600,1400,12847125,0.992
2601,1400,14393663,0.976
2602,1400,11281194,0.989
2603,1400,9928041,0.997
2604,1400,8217551,0.999
2605,1400,9404227,1
2606,1400,8034280,1
2607,1400,11628442,0.986
2608,1400,13238174,0.988
2609,1400,17091667,0.929
2610,1400,13106080,0.986
2611,1400,8656252,0.999
2612,1400,12908129,0.952
2613,1400,9912564,0.999
2614,1400,16642836,0.943
2615,1400,15383518,0.975
2616,1400,15872162,0.967
2617,1400,13658194,0.972
2618,1400,13382297,0.986
2619,1400,14904800,0.989
2620,1400,15205854,0.916
2621,1400,17607248,0.819
2622,1400,14152860,0.988
2623,1400,17979944,0.881
2624,1400,8383890,0.984
2625,1400,14509353,0.978
2626,1400,13900249,0.889
2627,1400,6087808,1
2628,1400,17083943,0.832
2629,1400,14917080,0.906
2630,1400,11508539,0.994
2631,1400,16268478,0.964
2632,1400,13936013,0.92
2633,1400,12482564,0.996
2634,1400,14574501,0.954
2635,1400,18103940,0.843
2636,1400,9206777,0.998
2637,1400,11552899,0.986
2638,1400,14314709,0.955
2639,1400,11698332,0.991
2640,1400,15255896,0.958
2641,1400,12351274,0.991
2642,1400,18058146,0.88
2643,1400,14335183,0.965
2644,1400,16342688,0.972
2645,1400,17238189,0.885
2646,1400,16415750,0.946
2647,1400,9890697,0.998
2648,1400,13820678,0.979
2649,1400,9436262,1
2650,1400,16604034,0.911
2651,1400,15411566,0.958
2652,1400,16444213,0.833
2653,1400,14853556,0.948
2654,1400,21501661,0.595
2655,1400,6382317,1
2656,1400,14317893,0.975
2657,1400,6400630,1
2658,1400,16151185,0.927
2659,1400,8754452,0.999
2660,1400,8627057,1
2661,1400,10481573,0.995
2662,1400,12569138,0.98
2663,1400,5543116,1
2664,1400,12768267,0.987
2665,1400,15311396,0.955
2666,1400,9779461,0.996
2667,1400,20091019,0.812
2668,1400,11964095,0.993
2669,1400,12397007,0.992
2670,1400,14259273,0.974
2671,1400,19317049,0.867
2672,1400,18036715,0.823
2673,1400,12238750,0.976
2674,1400,18340531,0.703
2675,1400,11653952,0.98
2676,1400,9424003,0.999
2677,1400,19200815,0.937
2678,1400,9263207,1
2679,1400,9699519,0.918
2680,1400,13411645,0.984
2681,1400,12707458,0.978
2682,1400,8049528,1
2683,1400,11700495,0.988
2684,1400,10899202,0.993
2685,1400,17024671,0.91
2686,1400,9062221,0.997
2687,1400,12784348,0.987
2688,1400,18191907,0.91
2689,1400,12425997,0.968
2690,1400,12369533,0.978
2691,1400,10366699,0.983
2692,1400,11581530,0.988
2693,1400,7059923,1
2694,1400,15735457,0.979
2695,1400,9407517,0.998
2696,1400,12012231,0.992
2697,1400,6708016,0.999
2698,1400,5931573,1
2699,1400,12051461,0.978
2700,1400,13981197,0.987
2701,1400,15325088,0.989
2702,1400,9169019,1
2703,1400,19470903,0.814
2704,1400,17561376,0.908
2705,1400,6474412,1
2706,1400,15982508,0.956
2707,1400,17676989,0.901
2708,1400,18745321,0.912
2709,1400,12818273,0.97
2710,1400,11613198,0.988
2711,1400,15354991,0.961
2712,1400,17612008,0.949
2713,1400,8842391,0.995
2714,1400,11021487,0.995
2715,1400,14550796,0.984
2716,1400,15122415,0.957
2717,1400,10224665,1
2718,1400,16312124,0.922
2719,1400,11286628,0.981
2720,1400,11853522,0.989
2721,1400,18040120,0.87
2722,1400,15035704,0.972
2723,1400,5537093,0.999
2724,1400,13060153,0.988
2725,1400,14047509,0.97
2726,1400,11895426,0.986
2727,1400,11414693,0.986
2728,1400,8397031,0.995
2729,1400,14614099,0.97
2730,1400,19293051,0.849
2731,1400,11077586,0.989
2732,1400,10368581,0.994
2733,1400,10656292,0.991
2734,1400,9500100,0.995
2735,1400,11728074,0.996
2736,1400,8716895,0.998
2737,1400,7314386,0.998
2738,1400,9316143,0.992
2739,1400,9619180,0.999
2740,1400,12878816,0.991
2741,1400,16235006,0.934
2742,1400,15651349,0.962
2743,1400,13317706,0.984
2744,1400,11673687,0.993
2745,1400,9456338,0.997
2746,1400,10526978,0.988
2747,1400,11816140,0.971
2748,1400,14281752,0.989
2749,1400,5801581,0.999
2750,1400,11323600,0.983
2751,1400,16168925,0.944
2752,1400,7591529,1
2753,1400,13521284,0.978
2754,1400,16336087,0.922
2755,1400,6761983,1
2756,1400,12758381,0.989
2757,1400,18015655,0.882
2758,1400,6933510,0.998
2759,1400,13489725,0.901
2760,1400,9043620,0.998
2761,1400,12922636,0.995
2762,1400,7962361,0.998
2763,1400,9638459,0.996
2764,1400,18720996,0.89
2765,1400,9672758,0.905
2766,1400,9506896,0.997
2767,1400,10537263,0.998
2768,1400,13604613,0.987
2769,1400,9788616,1
2770,1400,8032769,1
2771,1400,14369334,0.975
2772,1400,6407348,0.999
2773,1400,10598113,0.999
2774,1400,15454267,0.941
2775,1400,11467205,0.984
2776,1400,11599481,0.995
2777,1400,17886276,0.865
2778,1400,17390058,0.871
2779,1400,15285130,0.968
2780,1400,19289212,0.849
2781,1400,7905217,0.998
2782,1400,14775833,0.985
2783,1400,15113959,0.99
2784,1400,11331514,0.995
2785,1400,15732513,0.967
2786,1400,18515517,0.877
2787,1400,16090622,0.958
2788,1400,7991593,0.999
2789,1400,12261396,0.996
2790,1400,11135037,0.978
2791,1400,11334170,0.996
2792,1400,13924755,0.992
2793,1400,15036396,0.968
2794,1400,16587814,0.936
2795,1400,9431230,0.997
2796,1400,17938960,0.726
2797,1400,9257880,0.992
2798,1400,12909337,0.967
2799,1400,10355398,0.994
2800,1400,13013629,0.988
2801,1400,18947468,0.903
2802,1400,13175979,0.989
2803,1400,9940649,0.996
2804,1400,8142098,0.997
2805,1400,12064194,0.995
2806,1400,11495867,0.991
2807,1400,7092382,1
2808,1400,13507213,0.972
2809,1400,7828257,1
2810,1400,14590769,0.956
2811,1400,7144934,1
2812,1400,15426406,0.968
2813,1400,12144581,0.993
2814,1400,11008400,1
2815,1400,6556046,0.999
2816,1400,16013390,0.967
2817,1400,10313057,0.999
2818,1400,17371361,0.938
2819,1400,12923506,0.948
2820,1400,8745424,0.997
2821,1400,12713396,0.964
2822,1400,7846928,0.997
2823,1400,12092587,0.982
2824,1400,6359386,0.999
2825,1400,19725287,0.789
2826,1400,16035777,0.944
2827,1400,15709820,0.983
2828,1400,10006362,0.999
2829,1400,11418612,0.99
2830,1400,18594417,0.849
2831,1400,10454537,0.998
2832,1400,10598810,0.997
2833,1400,14677701,0.985
2834,1400,9869871,0.999
2835,1400,16751132,0.946
2836,1400,13149061,0.987
2837,1400,14787256,0.977
2838,1400,13315552,0.896
2839,1400,11520757,0.997
2840,1400,12919713,0.988
2841,1400,16115448,0.968
2842,1400,17749107,0.88
2843,1400,10832467,0.998
2844,1400,16382126,0.934
2845,1400,10958660,0.995
2846,1400,11342824,0.99
2847,1400,9368432,1
2848,1400,8357581,0.998
2849,1400,15899639,0.929
2850,1400,14268480,0.985
2851,1400,7526232,0.996
2852,1400,11985681,0.997
2853,1400,13836224,0.99
2854,1400,18112087,0.883
2855,1400,14783440,0.976
2856,1400,14882068,0.967
2857,1400,7012259,1
2858,1400,8477636,0.989
2859,1400,8908048,1
2860,1400,12167799,0.997
2861,1400,15036767,0.961
2862,1400,9717876,1
2863,1400,14307454,0.937
2864,1400,5217634,0.999
2865,1400,11568222,0.986
2866,1400,12535641,0.971
2867,1400,11247746,0.991
2868,1400,14641358,0.955
2869,1400,15774072,0.965
2870,1400,15960271,0.913
2871,1400,5627424,1
2872,1400,10338906,0.989
2873,1400,16986925,0.818
2874,1400,14274789,0.984
2875,1400,18500415,0.811
2876,1400,6540928,0.999
2877,1400,10170917,0.999
2878,1400,9238116,0.991
2879,1400,11205173,0.995
2880,1400,15779090,0.919
2881,1400,17893172,0.92
2882,1400,7904602,1
2883,1400,12112329,0.977
2884,1400,7850034,1
2885,1400,8154066,0.998
2886,1400,11736161,0.993
2887,1400,20104077,0.759
2888,1400,8085462,0.998
2889,1400,10196641,0.928
2890,1400,8292534,0.998
2891,1400,14357704,0.965
2892,1400,5180372,1
2893,1400,9482475,0.943
2894,1400,15080398,0.986
2895,1400,18543693,0.904
2896,1400,9802292,0.98
2897,1400,14993053,0.968
2898,1400,10022150,0.982
2899,1400,13779938,0.982
2900,1400,8454808,0.996
2901,1400,18161922,0.8
2902,1400,11115378,0.999
2903,1400,9006284,0.994
2904,1400,16117711,0.948
2905,1400,21608490,0.66
2906,1400,12584724,0.995
2907,1400,17533251,0.922
2908,1400,6814774,1
2909,1400,14034694,0.978
2910,1400,16803192,0.919
2911,1400,15375337,0.887
2912,1400,20464871,0.801
2913,1400,13464078,0.974
2914,1400,12831466,0.998
2915,1400,9863297,0.965
2916,1400,10139898,0.997
2917,1400,13124262,0.958
2918,1400,14857132,0.947
2919,1400,11100584,0.998
2920,1400,17259374,0.945
2921,1400,12715812,0.947
2922,1400,12008058,0.996
2923,1400,12759014,0.969
2924,1400,9983423,0.993
2925,1400,9387879,0.996
2926,1400,17800225,0.895
2927,1400,8157505,1
2928,1400,12804473,0.979
2929,1400,14747947,0.979
2930,1400,6571229,0.998
2931,1400,16787068,0.911
2932,1400,15045773,0.983
2933,1400,9734627,0.998
2934,1400,10823224,0.998
2935,1400,17011184,0.959
2936,1400,8706240,0.974
2937,1400,11591521,0.993
2938,1400,8828638,0.998
2939,1400,11402119,0.996
2940,1400,16057588,0.979
2941,1400,7922417,1
2942,1400,9637713,0.985
2943,1400,11504285,0.995
2944,1400,12722957,0.948
2945,1400,12137597,0.984
2946,1400,10476719,0.988
2947,1400,16177450,0.964
2948,1400,11294999,0.985
2949,1400,10586321,0.992
2950,1400,15043720,0.881
2951,1400,11748531,0.972
2952,1400,17850229,0.876
2953,1400,17303656,0.869
2954,1400,13040184,0.985
2955,1400,13475811,0.955
2956,1400,9338114,0.995
2957,1400,10450449,0.994
2958,1400,9268105,0.999
2959,1400,18313621,0.893
2960,1400,12528551,0.994
2961,1400,11798715,0.951
2962,1400,11806781,0.988
2963,1400,11789189,0.982
2964,1400,12202878,0.989
2965,1400,11214477,0.89
2966,1400,12226305,0.98
2967,1400,8578836,0.999
2968,1400,12283024,0.972
2969,1400,17105075,0.93
2970,1400,18589398,0.967
2971,1400,7345888,0.999
2972,1400,17125620,0.815
2973,1400,9724812,0.997
2974,1400,14851343,0.928
2975,1400,5394248,1
2976,1400,19658764,0.635
2977,1400,5843856,1
2978,1400,9977520,0.995
2979,1400,15947941,0.961
2980,1400,13089315,0.989
2981,1400,13227956,0.951
2982,1400,7086567,0.997
2983,1400,7672361,1
2984,1400,18392970,0.829
2985,1400,15253067,0.956
2986,1400,8108234,0.999
2987,1400,9315662,0.994
2988,1400,12231262,0.994
2989,1400,14437647,0.916
2990,1400,15295311,0.948
2991,1400,15920048,0.951
2992,1400,8471872,1
2993,1400,8583487,0.998
2994,1400,11408542,0.998
2995,1400,12004988,0.987
2996,1400,15787559,0.945
2997,1400,11974405,0.984
2998,1400,15563836,0.951
2999,1400,14287000,0.944
3000,1400,14788329,0.965
3001,1400,9006882,0.999
3002,1400,15915966,0.939
3003,1400,9934638,0.999
3004,1400,17088131,0.907
3005,1400,16604883,0.942
3006,1400,11438583,0.997
3007,1400,16756103,0.948
3008,1400,7649645,0.997
3009,1400,11322166,0.997
3010,1400,10004680,0.999
3011,1400,9525781,0.985
3012,1400,11706515,0.998
3013,1400,9527139,0.997
3014,1400,7733788,0.998
3015,1400,21455462,0.751
3016,1400,15882452,0.986
3017,1400,19279700,0.804
3018,1400,10784242,0.997
3019,1400,7008468,1
3020,1400,18036243,0.771
3021,1400,15055048,0.888
3022,1400,12002987,0.98
3023,1400,11874095,0.991
3024,1400,16873825,0.895
3025,1400,9891103,0.946
3026,1400,14173819,0.98
3027,1400,9055027,0.996
3028,1400,14174091,0.959
3029,1400,11830824,0.997
3030,1400,9056690,0.999
3031,1400,10789206,0.993
3032,1400,12250173,0.986
3033,1400,9602244,0.977
3034,1400,10780424,0.999
3035,1400,16289410,0.935
3036,1400,11228606,0.975
3037,1400,7521169,0.999
3038,1400,18639322,0.913
3039,1400,7507090,1
3040,1400,15282358,0.977
3041,1400,12561193,0.981
3042,1400,10326432,0.992
3043,1400,11456002,0.988
3044,1400,13221163,0.984
3045,1400,15667220,0.945
3046,1400,11630818,0.996
3047,1400,16743780,0.858
3048,1400,16114791,0.858
3049,1400,8491124,0.998
3050,1400,13233564,0.959
3051,1400,13004956,0.976
3052,1400,10215972,1
3053,1400,9630710,0.996
3054,1400,10189635,0.999
3055,1400,13815012,0.99
3056,1400,6430210,0.999
3057,1400,10050852,1
3058,1400,11116130,0.988
3059,1400,10311096,0.994
3060,1400,12470180,0.994
3061,1400,7701329,1
3062,1400,15584511,0.975
3063,1400,12193580,0.975
3064,1400,10621861,0.988
3065,1400,16933204,0.92
3066,1400,12238425,0.995
3067,1400,14409533,0.993
3068,1400,8673723,1
3069,1400,7998286,0.995
3070,1400,11389036,0.991
3071,1400,9710487,0.995
3072,1400,18505391,0.838
3073,1400,15187044,0.946
3074,1400,7041272,0.997
3075,1400,11720595,0.973
3076,1400,11634379,0.978
3077,1400,9397131,0.994
3078,1400,17577845,0.892
3079,1400,11860784,0.991
3080,1400,9385499,1
3081,1400,13920134,0.966
3082,1400,11706647,0.999
3083,1400,13603961,0.983
3084,1400,7623761,1
3085,1400,19999187,0.841
3086,1400,15235791,0.979
3087,1400,12222769,0.989
3088,1400,9631473,1
3089,1400,13702210,0.961
3090,1400,9742185,0.999
3091,1400,12041586,0.991
3092,1400,12006592,0.984
3093,1400,11914336,0.969
3094,1400,11532150,0.975
3095,1400,6359227,0.998
3096,1400,10533878,0.998
3097,1400,14981593,0.98
3098,1400,13393644,0.767
3099,1400,10316897,0.991
3100,1400,14388591,0.985
3101,1400,11454013,1
3102,1400,10583685,0.994
3103,1400,6765276,0.999
3104,1400,14822186,0.955
3105,1400,7828366,1
3106,1400,11394119,0.995
3107,1400,15278025,0.953
3108,1400,9790874,1
3109,1400,12370670,0.998
3110,1400,14089651,0.984
3111,1400,15190510,0.904
3112,1400,15159723,0.942
3113,1400,9936911,0.996
3114,1400,12016168,0.991
3115,1400,12927145,0.957
3116,1400,7747603,1
3117,1400,12565372,0.987
3118,1400,11076485,0.991
3119,1400,9992160,0.988
3120,1400,8779834,1
3121,1400,7475790,1
3122,1400,15411585,0.96
3123,1400,13052722,0.974
3124,1400,12169603,0.995
3125,1400,17562070,0.859
3126,1400,14108811,0.988
3127,1400,5411540,0.999
3128,1400,8173784,1
3129,1400,14799524,0.98
3130,1400,7701991,0.998
3131,1400,11227680,0.996
3132,1400,11955160,0.963
3133,1400,7229677,1
3134,1400,14448905,0.961
3135,1400,10636217,0.994
3136,1400,9740253,0.999
3137,1400,13018892,0.967
3138,1400,19597607,0.745
3139,1400,10745721,0.997
3140,1400,9209910,1
3141,1400,17259137,0.906
3142,1400,10219200,1
3143,1400,15554741,0.936
3144,1400,11423866,0.988
3145,1400,11263860,0.978
3146,1400,15700421,0.955
3147,1400,17601576,0.849
3148,1400,13490136,0.981
3149,1400,16533985,0.949
3150,1400,9348017,0.999
3151,1400,12869472,0.974
3152,1400,14586887,0.974
3153,1400,12244824,0.996
3154,1400,13669566,0.983
3155,1400,12089069,0.987
3156,1400,13455117,0.981
3157,1400,13379465,0.969
3158,1400,14517689,0.986
3159,1400,16410689,0.905
3160,1400,16151750,0.931
3161,1400,15896401,0.853
3162,1400,16203857,0.959
3163,1400,7944734,1
3164,1400,17790591,0.801
3165,1400,8323320,0.999
3166,1400,12885255,0.975
3167,1400,11566663,0.997
3168,1400,8925270,0.991
3169,1400,8951552,0.997
3170,1400,16670771,0.963
3171,1400,10305024,0.996
3172,1400,15916005,0.939
3173,1400,11115552,0.996
3174,1400,14723133,0.95
3175,1400,13346877,0.989
3176,1400,11391342,0.993
3177,1400,10185218,0.971
3178,1400,7891397,0.999
3179,1400,8210670,0.997
3180,1400,11603246,0.955
3181,1400,15601980,0.972
3182,1400,11605559,0.995
3183,1400,11419964,0.979
3184,1400,12114559,0.985
3185,1400,12635175,0.972
3186,1400,15950669,0.923
3187,1400,11119977,0.996
3188,1400,12820490,0.991
3189,1400,9079015,1
3190,1400,11116728,0.995
3191,1400,12811904,0.983
3192,1400,9638500,0.996
3193,1400,13129585,0.993
3194,1400,9211507,0.999
3195,1400,7971321,0.999
3196,1400,16008060,0.915
3197,1400,15431590,0.985
3198,1400,14150993,0.961
3199,1400,16560059,0.892
3200,1400,15002082,0.954
3201,1400,10222170,0.998
3202,1400,8989894,0.999
3203,1400,10335144,0.992
3204,1400,16349163,0.953
3205,1400,17716654,0.916
3206,1400,14882940,0.988
3207,1400,9611527,1
3208,1400,10040257,0.98
3209,1400,7070708,1
3210,1400,8228576,0.999
3211,1400,8574838,0.998
3212,1400,13995703,0.969
3213,1400,15981042,0.978
3214,1400,15281788,0.954
3215,1400,9968012,0.993
3216,1400,9679068,0.997
3217,1400,17138458,0.904
3218,1400,10551206,0.999
3219,1400,9498624,0.986
3220,1400,14921126,0.985
3221,1400,14385503,0.958
3222,1400,13288512,0.935
3223,1400,10113675,1
3224,1400,9406173,1
3225,1400,11864172,0.994
3226,1400,10015478,0.984
3227,1400,14070325,0.991
3228,1400,7117460,0.999
3229,1400,7675427,1
3230,1400,16934685,0.829
3231,1400,10266974,0.999
3232,1400,17491990,0.931
3233,1400,13036273,0.984
3234,1400,7789889,0.994
3235,1400,14898976,0.923
3236,1400,14582481,0.982
3237,1400,15355488,0.983
3238,1400,11208947,0.992
3239,1400,14253445,0.912
3240,1400,14832237,0.971
3241,1400,7749634,0.979
3242,1400,16711352,0.97
3243,1400,9002768,0.999
3244,1400,13928191,0.976
3245,1400,15754636,0.993
3246,1400,13360120,0.987
3247,1400,14557939,0.967
3248,1400,9774643,0.998
3249,1400,13399591,0.987
3250,1400,9455736,0.998
3251,1400,10726264,0.993
3252,1400,13118911,0.911
3253,1400,16966340,0.948
3254,1400,14423529,0.961
3255,1400,11905342,0.981
3256,1400,12169203,0.977
3257,1400,10745018,0.998
3258,1400,8136821,0.999
3259,1400,17114298,0.877
3260,1400,13518828,0.945
3261,1400,10591556,0.999
3262,1400,14256791,0.969
3263,1400,14494289,0.934
3264,1400,15227540,0.979
3265,1400,8115596,1
3266,1400,17016792,0.904
3267,1400,10894459,0.983
3268,1400,13004838,0.991
3269,1400,12366860,0.978
3270,1400,5977506,1
3271,1400,11065696,0.989
3272,1400,13333445,0.978
3273,1400,7812233,0.999
3274,1400,12422996,0.992
3275,1400,9103363,0.996
3276,1400,16166684,0.959
3277,1400,10750356,0.993
3278,1400,16584789,0.948
3279,1400,6774533,1
3280,1400,16529095,0.946
3281,1400,17474130,0.904
3282,1400,9573283,0.999
3283,1400,16506692,0.891
3284,1400,10696321,0.975
3285,1400,11808295,0.985
3286,1400,15950897,0.953
3287,1400,7631889,1
3288,1400,9320582,0.999
3289,1400,18754360,0.852
3290,1400,13338310,0.988
3291,1400,7627366,0.994
3292,1400,12162764,0.956
3293,1400,10371365,0.991
3294,1400,9533002,0.991
3295,1400,12765111,0.99
3296,1400,9221288,0.999
3297,1400,17757606,0.868
3298,1400,12219579,0.993
3299,1400,10737962,0.999
3300,1400,12113356,0.99
3301,1400,9557969,0.997
3302,1400,7642593,0.998
3303,1400,16376680,0.894
3304,1400,12939711,0.976
3305,1400,9286252,0.997
3306,1400,13126781,0.986
3307,1400,17737459,0.819
3308,1400,17539884,0.926
3309,1400,8502623,1
3310,1400,6179714,1
3311,1400,12110159,0.985
3312,1400,19523778,0.828
3313,1400,14576938,0.976
3314,1400,14574221,0.963
3315,1400,15803163,0.975
3316,1400,12345805,0.959
3317,1400,11248721,0.996
3318,1400,11477567,0.991
3319,1400,14420442,0.974
3320,1400,12300851,0.987
3321,1400,11706487,0.997
3322,1400,18535136,0.836
3323,1400,17175872,0.924
3324,1400,9290798,0.999
3325,1400,13208009,0.991
3326,1400,13578922,0.988
3327,1400,10956429,0.995
3328,1400,14417680,0.945
3329,1400,12797140,0.994
3330,1400,11839243,0.997
3331,1400,14751707,0.986
3332,1400,8903235,1
3333,1400,19262435,0.775
3334,1400,12271045,0.99
3335,1400,10229269,0.989
3336,1400,12493034,0.999
3337,1400,14890197,0.934
3338,1400,20214349,0.71
3339,1400,11931602,0.989
3340,1400,13124662,0.979
3341,1400,16550959,0.942
3342,1400,9318000,0.997
3343,1400,7385952,0.999
3344,1400,12390098,0.976
3345,1400,14319318,0.936
3346,1400,9282733,1
3347,1400,7536390,0.998
3348,1400,10282130,0.997
3349,1400,12871389,0.995
3350,1400,13248429,0.973
3351,1400,9916686,0.989
3352,1400,14283392,0.962
3353,1400,15067464,0.864
3354,1400,12960818,0.984
3355,1400,8528447,0.999
3356,1400,10047009,0.996
3357,1400,14138265,0.98
3358,1400,14267265,0.983
3359,1400,7807195,1
3360,1400,16831821,0.925
3361,1400,15580375,0.933
3362,1400,7805013,0.997
3363,1400,5576605,1
3364,1400,11752514,0.998
3365,1400,13454700,0.985
3366,1400,15564502,0.941
3367,1400,15866489,0.96
3368,1400,10665475,0.996
3369,1400,16190578,0.912
3370,1400,10232750,0.994
3371,1400,9612845,0.997
3372,1400,12972245,0.958
3373,1400,12631772,0.98
3374,1400,18122738,0.896
3375,1400,12309699,0.987
3376,1400,10487857,0.998
3377,1400,13246436,0.965
3378,1400,11239642,0.997
3379,1400,12784480,0.989
3380,1400,7786450,1
3381,1400,8974561,0.997
3382,1400,8706663,0.997
3383,1400,15982251,0.987
3384,1400,8477285,1
3385,1400,8971637,1
3386,1400,8125438,0.998
3387,1400,10831962,0.991
3388,1400,12555106,0.981
3389,1400,14425592,0.997
3390,1400,17570987,0.81
3391,1400,11359835,0.982
3392,1400,18176913,0.763
3393,1400,15034779,0.972
3394,1400,13826674,0.99
3395,1400,17675348,0.911
3396,1400,11233848,0.989
3397,1400,14254870,0.947
3398,1400,13820281,0.987
3399,1400,14707160,0.874
3400,1400,5786211,1
3401,1400,12210401,0.986
3402,1400,9818401,0.999
3403,1400,10868952,0.998
3404,1400,13323431,0.985
3405,1400,10930681,0.998
3406,1400,7546113,0.999
3407,1400,7498527,1
3408,1400,7637600,1
3409,1400,8070777,0.994
3410,1400,12522940,0.967
3411,1400,9470813,1
3412,1400,10725063,0.997
3413,1400,8660914,0.999
3414,1400,11897315,0.971
3415,1400,17150441,0.95
3416,1400,12851070,0.967
3417,1400,8867656,1
3418,1400,12684193,0.993
3419,1400,15443311,0.966
3420,1400,11655261,0.984
3421,1400,16409277,0.928
3422,1400,15817280,0.873
3423,1400,8572735,1
3424,1400,9937943,0.999
3425,1400,10678284,0.998
3426,1400,10031484,0.997
3427,1400,13726264,0.909
3428,1400,17237907,0.926
3429,1400,14718489,0.978
3430,1400,5755602,0.994
3431,1400,14658736,0.976
3432,1400,9111065,0.989
3433,1400,10955389,0.993
3434,1400,17126890,0.951
3435,1400,7976098,0.998
3436,1400,15102296,0.971
3437,1400,16496411,0.855
3438,1400,7575781,0.998
3439,1400,13686352,0.985
3440,1400,12840307,0.963
3441,1400,17738890,0.92
3442,1400,12203064,0.974
3443,1400,17516072,0.889
3444,1400,10249292,0.989
3445,1400,8099442,0.997
3446,1400,11987145,0.98
3447,1400,9614072,0.997
3448,1400,8581479,0.998
3449,1400,12290044,0.99
3450,1400,16509675,0.862
3451,1400,13217288,0.99
3452,1400,11446245,0.994
3453,1400,13963866,0.977
3454,1400,15394756,0.993
3455,1400,8403290,0.997
3456,1400,11175359,0.987
3457,1400,7848510,1
3458,1400,13345335,0.988
3459,1400,16511207,0.91
3460,1400,15298647,0.928
3461,1400,9351249,1
3462,1400,11380512,0.997
3463,1400,14939756,0.96
3464,1400,13170900,0.903
3465,1400,8509975,0.995
3466,1400,15560864,0.969
3467,1400,14620561,0.976
3468,1400,9171374,0.999
3469,1400,12459207,0.993
3470,1400,7068231,1
3471,1400,15149502,0.984
3472,1400,12934748,0.972
3473,1400,16983860,0.917
3474,1400,13734483,0.977
3475,1400,4248668,1
3476,1400,13354620,0.988
3477,1400,13109292,0.998
3478,1400,8076090,0.999
3479,1400,13105604,0.998
3480,1400,6343982,0.999
3481,1400,6104453,0.998
3482,1400,14267241,0.98
3483,1400,13802615,0.968
3484,1400,11250827,0.982
3485,1400,9894104,0.986
3486,1400,9829009,0.995
3487,1400,11513346,0.939
3488,1400,10023036,0.985
3489,1400,9418992,0.993
3490,1400,12199555,0.995
3491,1400,11644630,0.989
3492,1400,11804969,0.994
3493,1400,16507358,0.943
3494,1400,10906147,0.997
3495,1400,13242827,0.938
3496,1400,17202371,0.747
3497,1400,11411702,0.99
3498,1400,15350097,0.914
3499,1400,10018333,0.991
3500,1400,13111314,0.986
3501,1400,12482337,0.991
3502,1400,16959087,0.907
3503,1400,16690251,0.953
3504,1400,15171873,0.982
3505,1400,11344488,0.985
3506,1400,15265478,0.963
3507,1400,8638616,0.993
3508,1400,7666491,0.999
3509,1400,8999949,0.998
3510,1400,7909798,1
3511,1400,16909601,0.956
3512,1400,13209641,0.99
3513,1400,15769553,0.954
3514,1400,9068240,0.994
3515,1400,16063048,0.962
3516,1400,16273224,0.941
3517,1400,5375166,0.999
3518,1400,6975736,0.997
3519,1400,18390583,0.832
3520,1400,7757471,1
3521,1400,12744139,0.997
3522,1400,12340363,0.975
3523,1400,9829133,0.99
3524,1400,7235249,0.994
3525,1400,12577467,0.973
3526,1400,15447253,0.836
3527,1400,14661161,0.979
3528,1400,13788637,0.971
3529,1400,7390308,0.999
3530,1400,12083045,0.976
3531,1400,13181921,0.994
3532,1400,9114483,0.994
3533,1400,15392557,0.932
3534,1400,10207079,0.999
3535,1400,10331498,0.996
3536,1400,14370519,0.981
3537,1400,11529175,0.986
3538,1400,10095601,0.998
3539,1400,15723005,0.955
3540,1400,16305837,0.961
3541,1400,11047121,0.991
3542,1400,7515006,0.995
3543,1400,12078117,0.985
3544,1400,10518469,0.995
3545,1400,13773653,0.961
3546,1400,15357793,0.955
3547,1400,8746988,1
3548,1400,8482721,1
3549,1400,12798705,0.98
3550,1400,7258649,1
3551,1400,14085782,0.971
3552,1400,7231096,0.999
3553,1400,12748315,0.987
3554,1400,15046844,0.982
3555,1400,7207587,0.999
3556,1400,8852320,1
3557,1400,18818939,0.908
3558,1400,17041053,0.948
3559,1400,11301293,0.993
3560,1400,14540133,0.964
3561,1400,9321135,0.997
3562,1400,14661822,0.976
3563,1400,9673222,1
3564,1400,6368907,0.999
3565,1400,12065137,0.984
3566,1400,12655507,0.986
3567,1400,15601208,0.905
3568,1400,16270454,0.938
3569,1400,15118880,0.982
3570,1400,9033206,0.999
3571,1400,7247812,0.997
3572,1400,11336666,0.995
3573,1400,12836471,0.978
3574,1400,10221304,0.996
3575,1400,14030450,0.891
3576,1400,8707652,1
3577,1400,17732967,0.957
3578,1400,11174536,0.997
3579,1400,11018834,0.993
3580,1400,9719584,0.995
3581,1400,9158322,0.989
3582,1400,14053564,0.976
3583,1400,16002140,0.97
3584,1400,14552519,0.971
3585,1400,9708094,0.996
3586,1400,12264652,0.992
3587,1400,10382193,0.992
3588,1400,12301297,0.996
3589,1400,13431611,0.97
3590,1400,15283901,0.91
3591,1400,8537293,0.99
3592,1400,14332268,0.986
3593,1400,16887505,0.922
3594,1400,12513255,0.992
3595,1400,12413069,0.977
3596,1400,8385979,0.998
3597,1400,13636445,0.991
3598,1400,17145778,0.976
3599,1400,5891187,1
3600,1400,13929293,0.99
3601,1400,7946310,0.999
3602,1400,12464021,0.982
3603,1400,12970836,0.963
3604,1400,15517946,0.958
3605,1400,11921421,0.991
3606,1400,11030278,0.982
3607,1400,16683191,0.79
3608,1400,9623976,0.996
3609,1400,12016313,0.986
3610,1400,18218542,0.811
3611,1400,13357862,0.981
3612,1400,11488023,0.997
3613,1400,11592066,0.989
3614,1400,11765005,1
3615,1400,14029201,0.969
3616,1400,17253681,0.863
3617,1400,9220123,1
3618,1400,6591001,1
3619,1400,10218050,0.998
3620,1400,9961309,0.995
3621,1400,12069572,0.989
3622,1400,8689282,1
3623,1400,9697949,0.997
3624,1400,13260924,0.991
3625,1400,12661699,0.997
3626,1400,10515894,0.996
3627,1400,8010726,1
3628,1400,13006729,0.982
3629,1400,12484740,0.972
3630,1400,9644882,0.989
3631,1400,6924603,0.995
3632,1400,15492937,0.959
3633,1400,12075064,0.99
3634,1400,15987397,0.961
3635,1400,15133212,0.922
3636,1400,10593883,0.973
3637,1400,18891643,0.911
3638,1400,15512648,0.936
3639,1400,12288562,0.983
3640,1400,11113924,0.997
3641,1400,10121025,0.987
3642,1400,13062608,0.939
3643,1400,16360865,0.912
3644,1400,5030855,1
3645,1400,10590765,0.994
3646,1400,8503199,0.998
3647,1400,11774902,0.994
3648,1400,12547543,0.997
3649,1400,17187442,0.928
3650,1400,14127270,0.961
3651,1400,11563362,0.993
3652,1400,10836539,0.998
3653,1400,13209866,0.97
3654,1400,8083015,0.998
3655,1400,10386566,0.998
3656,1400,11264805,0.956
3657,1400,11073478,0.996
3658,1400,8788386,0.998
3659,1400,11675435,0.993
3660,1400,12828850,0.982
3661,1400,12184021,0.985
3662,1400,6894457,0.998
3663,1400,6839696,0.999
3664,1400,16440020,0.95
3665,1400,16930836,0.902
3666,1400,12579905,0.993
3667,1400,17998737,0.945
3668,1400,9372634,0.996
3669,1400,13847364,0.99
3670,1400,9495177,0.999
3671,1400,9282643,0.997
3672,1400,8540704,0.998
3673,1400,8342070,1
3674,1400,10892891,0.999
3675,1400,16989089,0.864
3676,1400,15276054,0.869
3677,1400,16977442,0.948
3678,1400,8930216,0.999
3679,1400,12906314,0.956
3680,1400,9295994,0.998
3681,1400,15714794,0.941
3682,1400,19313617,0.831
3683,1400,14972965,0.927
3684,1400,6409341,0.999
3685,1400,9535594,0.993
3686,1400,11063627,0.996
3687,1400,14848093,0.956
3688,1400,11273813,0.989
3689,1400,12847641,0.972
3690,1400,9937620,0.995
3691,1400,9343429,1
3692,1400,18251517,0.776
3693,1400,12867291,0.993
3694,1400,17907374,0.929
3695,1400,8645695,0.997
3696,1400,13206213,0.982
3697,1400,15105439,0.97
3698,1400,11787574,0.991
3699,1400,11568452,0.995
3700,1400,6862662,0.998
3701,1400,10876604,0.996
3702,1400,8016027,0.998
3703,1400,16571507,0.946
3704,1400,13432592,0.942
3705,1400,13677202,0.939
3706,1400,11630512,0.987
3707,1400,10983779,0.999
3708,1400,9412501,1
3709,1400,15996023,0.973
3710,1400,11199355,0.973
3711,1400,9284241,0.999
3712,1400,12098293,0.99
3713,1400,14958580,0.955
3714,1400,11168521,0.998
3715,1400,5891340,0.998
3716,1400,16223551,0.899
3717,1400,14447262,0.824
3718,1400,14609898,0.96
3719,1400,14655023,0.985
3720,1400,15692581,0.98
3721,1400,17444116,0.861
3722,1400,16682830,0.964
3723,1400,12429039,0.991
3724,1400,8923373,0.998
3725,1400,8364166,0.995
3726,1400,7867587,0.997
3727,1400,15591189,0.962
3728,1400,11160300,0.988
3729,1400,13119805,0.968
3730,1400,16634456,0.921
3731,1400,11222835,0.984
3732,1400,12264025,0.99
3733,1400,15690015,0.967
3734,1400,6648722,0.997
3735,1400,9213050,1
3736,1400,15016806,0.978
3737,1400,12061183,0.987
3738,1400,15166861,0.976
3739,1400,17236911,0.934
3740,1400,17363510,0.926
3741,1400,14070331,0.972
3742,1400,14861134,0.881
3743,1400,10180412,0.999
3744,1400,17349576,0.95
3745,1400,17958169,0.924
3746,1400,16452447,0.928
3747,1400,13563480,0.804
3748,1400,11716973,0.987
3749,1400,12485820,0.957
3750,1400,9081606,0.999
3751,1400,12922649,0.881
3752,1400,13750294,0.976
3753,1400,11800988,0.995
3754,1400,17992314,0.944
3755,1400,17179541,0.951
3756,1400,8295256,1
3757,1400,14656220,0.974
3758,1400,13119126,0.995
3759,1400,16115378,0.933
3760,1400,11017921,0.991
3761,1400,17980955,0.854
3762,1400,19213660,0.79
3763,1400,11168207,0.995
3764,1400,17663869,0.704
3765,1400,9946978,0.998
3766,1400,12640348,0.996
3767,1400,9690106,1
3768,1400,16940257,0.876
3769,1400,13263364,0.973
3770,1400,9620677,0.996
3771,1400,12168994,0.999
3772,1400,10743537,0.994
3773,1400,6977723,1
3774,1400,16089419,0.954
3775,1400,14863599,0.924
3776,1400,8672213,0.981
3777,1400,12585833,0.984
3778,1400,14723267,0.916
3779,1400,17865931,0.793
3780,1400,11389483,0.937
3781,1400,12864246,0.992
3782,1400,16257132,0.972
3783,1400,10250645,0.999
3784,1400,16246897,0.844
3785,1400,10153460,0.992
3786,1400,9458303,0.999
3787,1400,11816694,0.996
3788,1400,14009793,0.967
3789,1400,15880604,0.978
3790,1400,15227821,0.878
3791,1400,8850631,0.998
3792,1400,11866920,0.99
3793,1400,11418851,0.983
3794,1400,7991568,0.998
3795,1400,15814446,0.957
3796,1400,8881687,0.998
3797,1400,10504152,0.99
3798,1400,11503112,0.971
3799,1400,12437868,0.977
3800,1400,11130586,0.998
3801,1400,10554322,0.996
3802,1400,9601659,0.999
3803,1400,15381479,0.885
3804,1400,14654274,0.943
3805,1400,10280805,0.997
3806,1400,9926641,0.998
3807,1400,15216450,0.984
3808,1400,9112694,0.997
3809,1400,16626722,0.963
3810,1400,15181367,0.987
3811,1400,13554181,0.994
3812,1400,9016156,0.99
3813,1400,9616798,0.997
3814,1400,16782111,0.934
3815,1400,7887310,0.999
3816,1400,11563991,0.99
3817,1400,16377085,0.972
3818,1400,7943896,0.998
3819,1400,7547811,0.999
3820,1400,9973791,0.999
3821,1400,10720887,0.993
3822,1400,13698460,0.986
3823,1400,12563989,0.984
3824,1400,9913264,0.999
3825,1400,13610489,0.96
3826,1400,10989297,0.984
3827,1400,10390285,0.995
3828,1400,16290144,0.915
3829,1400,11038248,0.979
3830,1400,14463994,0.958
3831,1400,11688509,0.99
3832,1400,11528152,0.982
3833,1400,10030184,0.988
3834,1400,13626078,0.988
3835,1400,12041515,0.971
3836,1400,17977781,0.885
3837,1400,13563819,0.974
3838,1400,16277748,0.894
3839,1400,13758432,0.96
3840,1400,16585050,0.944
3841,1400,9199603,0.998
3842,1400,13510696,0.98
3843,1400,9438025,1
3844,1400,12351752,0.995
3845,1400,12914125,0.991
3846,1400,9451624,0.999
3847,1400,10588254,0.999
3848,1400,17391115,0.82
3849,1400,16765395,0.867
3850,1400,12359802,0.978
3851,1400,14447451,0.981
3852,1400,12126363,0.995
3853,1400,8292583,0.986
3854,1400,15787122,0.92
3855,1400,13463314,0.99
3856,1400,10643428,0.977
3857,1400,13112471,0.965
3858,1400,10577943,0.986
3859,1400,12599487,0.997
3860,1400,9543750,0.998
3861,1400,14561136,0.973
3862,1400,14436004,0.946
3863,1400,8083119,0.999
3864,1400,15076688,0.953
3865,1400,11815253,0.963
3866,1400,10127453,0.996
3867,1400,14478456,0.982
3868,1400,16097400,0.923
3869,1400,18775021,0.935
3870,1400,8167140,0.997
3871,1400,18509643,0.793
3872,1400,14228698,0.872
3873,1400,16141679,0.936
3874,1400,16726175,0.957
3875,1400,7246615,0.998
3876,1400,12080551,0.975
3877,1400,16130983,0.827
3878,1400,8528244,0.998
3879,1400,18065138,0.809
3880,1400,18501106,0.946
3881,1400,10989648,0.988
3882,1400,8305701,0.999
3883,1400,14424649,0.933
3884,1400,12724193,0.997
3885,1400,11606195,0.967
3886,1400,8392592,0.999
3887,1400,9594738,0.981
3888,1400,18985583,0.837
3889,1400,20032082,0.86
3890,1400,11113473,0.995
3891,1400,15990972,0.939
3892,1400,12745838,0.988
3893,1400,7307027,1
3894,1400,7491799,1
3895,1400,12828611,0.986
3896,1400,12577970,0.989
3897,1400,12815990,0.999
3898,1400,11485901,0.996
3899,1400,15193171,0.966
3900,1400,9417011,0.997
3901,1400,13718654,0.986
3902,1400,10992982,0.988
3903,1400,7194929,0.999
3904,1400,14269547,0.989
3905,1400,16576300,0.943
3906,1400,8333745,0.999
3907,1400,7714351,1
3908,1400,16692927,0.857
3909,1400,16468953,0.981
3910,1400,9115290,0.999
3911,1400,7783520,0.999
3912,1400,11683665,0.997
3913,1400,10281086,1
3914,1400,13428474,0.984
3915,1400,10782143,0.998
3916,1400,8951397,1
3917,1400,14050529,0.982
3918,1400,11114081,0.996
3919,1400,10446354,0.987
3920,1400,8452599,1
3921,1400,15831649,0.934
3922,1400,15450585,0.973
3923,1400,8854657,0.999
3924,1400,15077813,0.93
3925,1400,13924988,0.96
3926,1400,15147939,0.962
3927,1400,10152535,0.987
3928,1400,18362027,0.85
3929,1400,13102006,0.982
3930,1400,14630459,0.979
3931,1400,16116495,0.975
3932,1400,9061756,0.972
3933,1400,13885697,0.988
3934,1400,11993104,0.976
3935,1400,12563789,0.973
3936,1400,13167401,0.99
3937,1400,9339361,0.997
3938,1400,15116189,0.963
3939,1400,11248135,0.996
3940,1400,12198659,0.978
3941,1400,8496944,0.997
3942,1400,10181768,0.995
3943,1400,16650162,0.945
3944,1400,15410076,0.967
3945,1400,13178755,0.987
3946,1400,13502718,0.953
3947,1400,14057059,0.964
3948,1400,9794980,0.995
3949,1400,14701550,0.972
3950,1400,12809230,0.99
3951,1400,12044752,0.973
3952,1400,6934780,1
3953,1400,6915486,1
3954,1400,10712128,0.997
3955,1400,13971745,0.973
3956,1400,18148820,0.85
3957,1400,11562443,0.995
3958,1400,14033898,0.981
3959,1400,15046753,0.978
3960,1400,15456094,0.89
3961,1400,15614073,0.972
3962,1400,16196442,0.979
3963,1400,16846713,0.875
3964,1400,12861551,0.994
3965,1400,5861555,1
3966,1400,13594672,0.99
3967,1400,10644780,0.976
3968,1400,12080947,0.996
3969,1400,9126106,0.993
3970,1400,8157883,0.998
3971,1400,15714871,0.976
3972,1400,7423127,1
3973,1400,11837428,0.99
3974,1400,6747090,0.999
3975,1400,15630466,0.861
3976,1400,14097017,0.976
3977,1400,11448389,0.985
3978,1400,16069632,0.94
3979,1400,11255087,0.941
3980,1400,15963580,0.917
3981,1400,10813095,0.996
3982,1400,13505003,0.977
3983,1400,14247658,0.956
3984,1400,11591552,0.992
3985,1400,13353465,0.984
3986,1400,17486164,0.889
3987,1400,12283581,0.993
3988,1400,11260082,0.993
3989,1400,13596700,0.974
3990,1400,11166838,0.977
3991,1400,13851390,0.98
3992,1400,10969360,0.986
3993,1400,12323889,0.997
3994,1400,14115551,0.973
3995,1400,8522136,1
3996,1400,11429417,0.96
3997,1400,10919615,0.961
3998,1400,8300550,0.992
3999,1400,11786232,0.993
4000,1400,7565527,1
4001,1400,9130288,0.997
4002,1400,7893981,0.999
4003,1400,15293471,0.948
4004,1400,14570875,0.955
4005,1400,9388968,0.999
4006,1400,9719678,0.998
4007,1400,10847540,0.999
4008,1400,8810877,0.994
4009,1400,9814203,0.999
4010,1400,8644251,0.999
4011,1400,17031810,0.954
4012,1400,10924392,0.993
4013,1400,16863591,0.766
4014,1400,10951673,0.987
4015,1400,7017049,1
4016,1400,11444648,0.986
4017,1400,11661931,0.977
4018,1400,14541576,0.967
4019,1400,12886113,0.98
4020,1400,14430659,0.951
4021,1400,8810612,0.996
4022,1400,12635682,0.988
4023,1400,18465852,0.884
4024,1400,9980376,0.982
4025,1400,10842283,0.985
4026,1400,18244414,0.946
4027,1400,16010421,0.885
4028,1400,12745291,0.987
4029,1400,17702321,0.911
4030,1400,15933449,0.949
4031,1400,15868530,0.954
4032,1400,16986128,0.943
4033,1400,9129017,0.999
4034,1400,12933454,0.982
4035,1400,11795271,0.983
4036,1400,14548991,0.993
4037,1400,7759876,1
4038,1400,14899391,0.955
4039,1400,8111500,0.996
4040,1400,16818097,0.835
4041,1400,16031840,0.977
4042,1400,12223258,0.991
4043,1400,10792450,0.999
4044,1400,18932656,0.86
4045,1400,17634804,0.908
4046,1400,12795867,0.981
4047,1400,17880150,0.877
4048,1400,9050492,0.994
4049,1400,14919289,0.965
4050,1400,10645984,0.998
4051,1400,10452374,0.99
4052,1400,14221318,0.989
4053,1400,8119891,1
4054,1400,7614683,0.998
4055,1400,11506168,0.994
4056,1400,15075139,0.974
4057,1400,9822508,1
4058,1400,14451854,0.991
4059,1400,13122242,0.948
4060,1400,14456449,0.956
4061,1400,15624044,0.918
4062,1400,7545904,1
4063,1400,8365467,1
4064,1400,13015202,0.97
4065,1400,13734577,0.986
4066,1400,14122998,0.942
4067,1400,15176959,0.979
4068,1400,12252590,0.96
4069,1400,9992114,1
4070,1400,9411881,0.988
4071,1400,17686535,0.924
4072,1400,10084621,0.994
4073,1400,11338486,0.996
4074,1400,9266100,0.998
4075,1400,19412794,0.812
4076,1400,12289704,0.994
4077,1400,10534910,0.995
4078,1400,14284191,0.977
4079,1400,13866383,0.959
4080,1400,9982959,0.99
4081,1400,14076161,0.942
4082,1400,14117752,0.973
4083,1400,13266687,0.983
4084,1400,14950733,0.957
4085,1400,9398364,0.986
4086,1400,16406424,0.948
4087,1400,14233605,0.986
4088,1400,12725426,0.994
4089,1400,11097523,0.998
4090,1400,20085463,0.795
4091,1400,19453465,0.837
4092,1400,11432652,0.994
4093,1400,15682535,0.902
4094,1400,17005939,0.953
4095,1400,12229071,0.98
4096,1400,18046528,0.867
4097,1400,14073307,0.98
4098,1400,15801699,0.944
4099,1400,7059036,1
4100,1400,13533730,0.993
4101,1400,14961004,0.964
4102,1400,11554787,0.99
4103,1400,16907619,0.923
4104,1400,12371266,0.962
4105,1400,11472616,0.984
4106,1400,8783526,0.997
4107,1400,12513451,0.991
4108,1400,9403637,1
4109,1400,12284394,0.994
4110,1400,12794894,0.998
4111,1400,20625635,0.829
4112,1400,6257338,1
4113,1400,16803639,0.947
4114,1400,9690762,0.997
4115,1400,10524780,0.976
4116,1400,14932883,0.972
4117,1400,15054368,0.942
4118,1400,12638614,0.962
4119,1400,8392829,1
4120,1400,9469625,0.994
4121,1400,15405263,0.961
4122,1400,10393777,0.998
4123,1400,17404680,0.973
4124,1400,10589300,0.985
4125,1400,12061992,0.993
4126,1400,13975245,0.982
4127,1400,13395490,0.982
4128,1400,8553257,0.988
4129,1400,17340230,0.919
4130,1400,16038413,0.942
4131,1400,12185965,0.987
4132,1400,11262338,0.996
4133,1400,9157606,0.999
4134,1400,10642125,0.995
4135,1400,16662728,0.987
4136,1400,16511587,0.94
4137,1400,19073460,0.81
4138,1400,9023685,0.999
4139,1400,11558256,0.987
4140,1400,16327948,0.9
4141,1400,12280556,0.994
4142,1400,12023647,0.994
4143,1400,15639072,0.979
4144,1400,14649400,0.988
4145,1400,15152874,0.98
4146,1400,11319445,0.973
4147,1400,16668843,0.898
4148,1400,13772428,0.99
4149,1400,12980294,0.961
4150,1400,13281890,0.986
4151,1400,18571787,0.794
4152,1400,9126392,0.997
4153,1400,16543435,0.974
4154,1400,11602431,0.992
4155,1400,17010465,0.827
4156,1400,19336734,0.95
4157,1400,14781736,0.978
4158,1400,17219460,0.922
4159,1400,6958244,1
4160,1400,12737126,0.986
4161,1400,10903655,0.985
4162,1400,13078527,0.961
4163,1400,12613066,0.969
4164,1400,14944756,0.955
4165,1400,12757900,0.991
4166,1400,11070027,1
4167,1400,14686722,0.975
4168,1400,8216919,1
4169,1400,10864265,0.995
4170,1400,13946713,0.975
4171,1400,12533484,0.992
4172,1400,7517760,0.998
4173,1400,8564099,0.995
4174,1400,12437743,0.968
4175,1400,13349294,0.965
4176,1400,10138185,1
4177,1400,11140268,0.995
4178,1400,9396763,0.994
4179,1400,18978023,0.945
4180,1400,13111393,0.992
4181,1400,12623306,0.99
4182,1400,11781804,0.994
4183,1400,10596173,0.963
4184,1400,14700068,0.941
4185,1400,13378043,0.985
4186,1400,14211755,0.931
4187,1400,12770466,0.97
4188,1400,19033646,0.908
4189,1400,15059121,0.983
4190,1400,15057661,0.962
4191,1400,10573049,0.992
4192,1400,14206642,0.988
4193,1400,17418714,0.898
4194,1400,6880200,1
4195,1400,11940605,0.993
4196,1400,10511871,0.998
4197,1400,17972552,0.919
4198,1400,12267827,0.976
4199,1400,14437420,0.983
4200,1400,16880289,0.916
4201,1400,10849649,0.998
4202,1400,15654237,0.921
4203,1400,13539109,0.984
4204,1400,15477493,0.941
4205,1400,13754627,0.972
4206,1400,18080821,0.921
4207,1400,13635244,0.992
4208,1400,15773075,0.982
4209,1400,16016721,0.978
4210,1400,14289503,0.962
4211,1400,7420293,0.999
4212,1400,13806113,0.987
4213,1400,11984322,0.984
4214,1400,10419216,0.996
4215,1400,14241311,0.963
4216,1400,11725440,0.963
4217,1400,16065683,0.91
4218,1400,11619633,0.996
4219,1400,12952280,0.967
4220,1400,16497106,0.98
4221,1400,8000676,0.999
4222,1400,13491118,0.987
4223,1400,13137957,0.99
4224,1400,9158102,1
4225,1400,11798469,0.995
4226,1400,12349096,0.989
4227,1400,12731655,0.972
4228,1400,12621737,0.981
4229,1400,13870686,0.985
4230,1400,10593195,0.999
4231,1400,7168045,0.994
4232,1400,12917925,0.99
4233,1400,7993843,0.995
4234,1400,18216893,0.895
4235,1400,14552260,0.922
4236,1400,16129809,0.927
4237,1400,11981305,0.981
4238,1400,13462361,0.988
4239,1400,11236555,0.975
4240,1400,16427203,0.88
4241,1400,18432583,0.863
4242,1400,12422560,0.988
4243,1400,11677752,0.966
4244,1400,11545930,0.996
4245,1400,7413657,0.996
4246,1400,15657403,0.988
4247,1400,17436655,0.877
4248,1400,7595957,1
4249,1400,14547397,0.877
4250,1400,7413308,0.997
4251,1400,10794398,0.897
4252,1400,11942265,0.991
4253,1400,9982972,0.997
4254,1400,16485023,0.949
4255,1400,18763965,0.745
4256,1400,11937806,0.984
4257,1400,19805642,0.885
4258,1400,8875841,1
4259,1400,10449603,0.998
4260,1400,12266282,0.989
4261,1400,10344313,0.988
4262,1400,12935082,0.985
4263,1400,7499391,0.997
4264,1400,13151461,0.98
4265,1400,12602949,0.996
4266,1400,14512042,0.963
4267,1400,17102703,0.935
4268,1400,6265191,1
4269,1400,7213315,0.998
4270,1400,18596653,0.949
4271,1400,16008907,0.964
4272,1400,15971087,0.981
4273,1400,14678673,0.962
4274,1400,6504673,1
4275,1400,11171111,0.996
4276,1400,13869269,0.935
4277,1400,14115206,0.961
4278,1400,14504385,0.98
4279,1400,8764051,1
4280,1400,10993125,0.994
4281,1400,11956504,0.988
4282,1400,16830484,0.926
4283,1400,15303451,0.964
4284,1400,8909755,0.998
4285,1400,8631080,0.995
4286,1400,19477251,0.79
4287,1400,15909539,0.899
4288,1400,17553315,0.891
4289,1400,13341155,0.968
4290,1400,15520617,0.91
4291,1400,20510461,0.732
4292,1400,13854806,0.976
4293,1400,14250750,0.976
4294,1400,18327445,0.918
4295,1400,16467017,0.946
4296,1400,15985412,0.926
4297,1400,17238876,0.964
4298,1400,13102161,0.986
4299,1400,11146010,0.998
4300,1400,11899463,0.997
4301,1400,11190961,0.997
4302,1400,18025814,0.852
4303,1400,13222055,0.988
4304,1400,10061961,0.98
4305,1400,14831016,0.95
4306,1400,17521699,0.845
4307,1400,13603818,0.964
4308,1400,13742454,0.981
4309,1400,15231353,0.96
4310,1400,10450442,0.998
4311,1400,12270646,0.992
4312,1400,7585973,1
4313,1400,12870956,0.989
4314,1400,13083940,0.959
4315,1400,11329209,0.992
4316,1400,10122180,0.999
4317,1400,16259693,0.947
4318,1400,9761715,0.994
4319,1400,8280951,0.991
4320,1400,16131431,0.973
4321,1400,9608963,0.999
4322,1400,12540585,0.991
4323,1400,12812656,0.99
4324,1400,11672655,0.999
4325,1400,14040316,0.918
4326,1400,13151135,0.989
4327,1400,13650418,0.994
4328,1400,11261622,0.989
4329,1400,17636928,0.927
4330,1400,14021792,0.918
4331,1400,15201984,0.934
4332,1400,12119480,0.983
4333,1400,11825323,0.973
4334,1400,12208433,0.973
4335,1400,11442314,0.998
4336,1400,10727767,0.996
4337,1400,15752561,0.969
4338,1400,15103724,0.984
4339,1400,14834210,0.961
4340,1400,10705604,0.99
4341,1400,14663537,0.937
4342,1400,11167437,0.978
4343,1400,8028286,0.996
4344,1400,16414491,0.974
4345,1400,10057822,0.999
4346,1400,14152404,0.98
4347,1400,6311872,1
4348,1400,11022594,0.996
4349,1400,7453994,1
4350,1400,13283876,0.983
4351,1400,10383692,0.995
4352,1400,15431578,0.947
4353,1400,16180856,0.962
4354,1400,10354392,0.992
4355,1400,15458709,0.934
4356,1400,14225669,0.954
4357,1400,14461642,0.981
4358,1400,12356815,0.999
4359,1400,10707432,0.982
4360,1400,6955460,0.998
4361,1400,16868863,0.963
4362,1400,11464807,0.999
4363,1400,17903262,0.911
4364,1400,14982982,0.934
4365,1400,7849840,0.999
4366,1400,6834794,1
4367,1400,15632128,0.978
4368,1400,15106957,0.972
4369,1400,9632532,0.997
4370,1400,15998243,0.99
4371,1400,5952499,1
4372,1400,6516090,0.994
4373,1400,10337059,0.994
4374,1400,18320305,0.793
4375,1400,6753368,1
4376,1400,6343523,0.999
4377,1400,15198750,0.962
4378,1400,10903143,0.986
4379,1400,14108665,0.992
4380,1400,14465192,0.986
4381,1400,13783522,0.992
4382,1400,7228370,0.994
4383,1400,12065034,0.975
4384,1400,12946615,0.974
4385,1400,9363252,0.998
4386,1400,8930248,1
4387,1400,7971499,0.998
4388,1400,15659825,0.95
4389,1400,13422943,0.954
4390,1400,13441288,0.982
4391,1400,16793149,0.908
4392,1400,11041104,0.991
4393,1400,8849151,0.997
4394,1400,14970421,0.851
4395,1400,16123433,0.99
4396,1400,9405751,1
4397,1400,10242895,0.999
4398,1400,12504383,0.98
4399,1400,11349102,0.993
4400,1400,10389227,0.997
4401,1400,19199927,0.75
4402,1400,14597848,0.983
4403,1400,10559285,0.996
4404,1400,16948074,0.932
4405,1400,8992872,0.992
4406,1400,10497811,0.988
4407,1400,14024307,0.972
4408,1400,14173333,0.944
4409,1400,14399830,0.812
4410,1400,16052960,0.947
4411,1400,10069748,0.995
4412,1400,13382696,0.925
4413,1400,11216821,0.991
4414,1400,17202277,0.894
4415,1400,14808000,0.964
4416,1400,9574060,0.995
4417,1400,12283215,0.975
4418,1400,17851732,0.925
4419,1400,9540627,0.999
4420,1400,7106540,0.999
4421,1400,7985147,0.999
4422,1400,12156679,0.985
4423,1400,10290554,0.988
4424,1400,14588502,0.984
4425,1400,8896594,0.994
4426,1400,18347476,0.872
4427,1400,17214083,0.952
4428,1400,11565952,0.98
4429,1400,13323977,0.983
4430,1400,10774818,0.998
4431,1400,14198152,0.988
4432,1400,8363404,0.998
4433,1400,12626710,0.996
4434,1400,11742467,0.977
4435,1400,8648849,0.998
4436,1400,11238401,0.989
4437,1400,14909673,0.958
4438,1400,17044475,0.857
4439,1400,14212832,0.989
4440,1400,18840969,0.857
4441,1400,17171409,0.962
4442,1400,11858811,0.994
4443,1400,15456047,0.969
4444,1400,12130615,0.986
4445,1400,8621333,0.997
4446,1400,13762919,0.976
4447,1400,16795701,0.941
4448,1400,12436884,0.998
4449,1400,8834294,0.994
4450,1400,7486911,0.99
4451,1400,16938918,0.897
4452,1400,14140626,0.962
4453,1400,14658493,0.978
4454,1400,10770969,0.999
4455,1400,14020735,0.989
4456,1400,11460846,0.996
4457,1400,9754124,0.989
4458,1400,15059955,0.988
4459,1400,7951419,0.996
4460,1400,11516037,1
4461,1400,10891882,0.986
4462,1400,12948293,0.985
4463,1400,7877340,0.999
4464,1400,8811387,0.998
4465,1400,10216575,0.994
4466,1400,11909589,0.989
4467,1400,12185130,0.972
4468,1400,11264095,0.992
4469,1400,6052905,1
4470,1400,11116959,0.965
4471,1400,12995706,0.992
4472,1400,8618167,0.998
4473,1400,13238566,0.976
4474,1400,11223587,1
4475,1400,10046159,0.997
4476,1400,12428310,0.997
4477,1400,12976803,0.964
4478,1400,13399670,0.987
4479,1400,14170434,0.967
4480,1400,13802734,0.985
4481,1400,18051661,0.778
4482,1400,12310800,0.989
4483,1400,18586233,0.885
4484,1400,12204632,0.996
4485,1400,9754068,0.997
4486,1400,12617522,0.985
4487,1400,10805476,0.996
4488,1400,9479875,0.997
4489,1400,19050279,0.984
4490,1400,12807103,0.995
4491,1400,14564321,0.993
4492,1400,13212347,0.954
4493,1400,13556848,0.992
4494,1400,19465213,0.878
4495,1400,11955832,0.999
4496,1400,17349182,0.877
4497,1400,8327907,0.994
4498,1400,18714770,0.788
4499,1400,13179821,0.997
4500,1400,13300990,0.914
4501,1400,9789827,0.997
4502,1400,10556234,0.996
4503,1400,14672650,0.944
4504,1400,13327317,0.983
4505,1400,16797417,0.952
4506,1400,10764404,0.999
4507,1400,11334511,0.988
4508,1400,12504574,0.996
4509,1400,14414966,0.969
4510,1400,12460792,0.961
4511,1400,15316892,0.945
4512,1400,17149412,0.786
4513,1400,10816110,0.996
4514,1400,14770231,0.989
4515,1400,10969666,0.999
4516,1400,14877555,0.956
4517,1400,9941905,0.999
4518,1400,12482467,0.975
4519,1400,10476279,0.992
4520,1400,9125985,1
4521,1400,20490093,0.796
4522,1400,12993476,0.998
4523,1400,9153175,0.964
4524,1400,16449229,0.974
4525,1400,18806877,0.817
4526,1400,11460514,0.999
4527,1400,13146449,0.984
4528,1400,11781977,0.998
4529,1400,17941495,0.92
4530,1400,17447324,0.893
4531,1400,10545352,0.996
4532,1400,13071494,1
4533,1400,17609939,0.911
4534,1400,8982988,0.999
4535,1400,10989966,0.995
4536,1400,14345587,0.971
4537,1400,10992037,1
4538,1400,16480930,0.966
4539,1400,18019025,0.917
4540,1400,9222950,0.992
4541,1400,8877389,0.999
4542,1400,7746893,1
4543,1400,15941408,0.953
4544,1400,17358954,0.975
4545,1400,11351797,0.997
4546,1400,9991569,0.997
4547,1400,13821920,0.993
4548,1400,16670876,0.922
4549,1400,10361913,0.993
4550,1400,12298108,0.988
4551,1400,10418108,0.988
4552,1400,13610373,0.959
4553,1400,15763706,0.948
4554,1400,13385551,0.971
4555,1400,8994177,0.999
4556,1400,12387514,0.989
4557,1400,9665368,0.985
4558,1400,18657398,0.908
4559,1400,14069633,0.993
4560,1400,15279856,0.916
4561,1400,15653331,0.992
4562,1400,18183006,0.862
4563,1400,17868846,0.964
4564,1400,10059167,0.994
4565,1400,21901282,0.7
4566,1400,13342655,0.981
4567,1400,11851588,0.988
4568,1400,17611991,0.955
4569,1400,9831663,0.997
4570,1400,13860648,0.963
4571,1400,11921939,0.972
4572,1400,7372151,0.999
4573,1400,11903827,0.993
4574,1400,17363313,0.94
4575,1400,7713543,0.995
4576,1400,7193989,0.998
4577,1400,11411748,1
4578,1400,8380455,0.998
4579,1400,13173356,0.983
4580,1400,17029593,0.962
4581,1400,12595010,0.959
4582,1400,22152277,0.697
4583,1400,8401757,0.996
4584,1400,16551298,0.858
4585,1400,11179532,0.997
4586,1400,11960551,0.994
4587,1400,12879644,0.975
4588,1400,12095907,0.994
4589,1400,12667480,0.977
4590,1400,7429632,0.999
4591,1400,16089102,0.957
4592,1400,11391362,0.998
4593,1400,12828346,0.988
4594,1400,13906608,0.976
4595,1400,8314440,0.989
4596,1400,17131224,0.924
4597,1400,15261282,0.986
4598,1400,11774291,0.991
4599,1400,11059880,0.999
4600,1400,17878907,0.97
4601,1400,10691608,0.997
4602,1400,18324579,0.894
4603,1400,16052470,0.95
4604,1400,12720653,0.989
4605,1400,12409856,0.982
4606,1400,13564440,0.995
4607,1400,16375275,0.964
4608,1400,11445674,0.994
4609,1400,10120053,0.992
4610,1400,5954943,1
4611,1400,15013846,0.948
4612,1400,14740502,0.928
4613,1400,15315614,0.89
4614,1400,12322191,0.987
4615,1400,17701743,0.874
4616,1400,9293072,0.992
4617,1400,7122426,0.999
4618,1400,11042865,0.993
4619,1400,12007244,0.996
4620,1400,14091637,0.982
4621,1400,10189417,0.994
4622,1400,12730417,0.997
4623,1400,11010401,0.993
4624,1400,10312602,0.998
4625,1400,14589745,0.901
4626,1400,8858169,0.997
4627,1400,9104006,0.999
4628,1400,14800215,0.956
4629,1400,12606453,0.992
4630,1400,14598642,0.983
4631,1400,14862778,0.935
4632,1400,15805809,0.99
4633,1400,12656435,0.995
4634,1400,14156072,0.996
4635,1400,10775733,0.996
4636,1400,14983465,0.973
4637,1400,7835388,0.999
4638,1400,12620287,0.987
4639,1400,9731882,0.994
4640,1400,9902800,0.997
4641,1400,16381184,0.947
4642,1400,9935771,0.996
4643,1400,7819110,0.999
4644,1400,15640910,0.953
4645,1400,17058464,0.917
4646,1400,11773428,0.999
4647,1400,7955748,0.998
4648,1400,10111083,0.999
4649,1400,11125296,0.988
4650,1400,17567902,0.867
4651,1400,16859500,0.926
4652,1400,11519651,0.995
4653,1400,12969667,0.983
4654,1400,8304135,0.977
4655,1400,10523594,0.998
4656,1400,9437392,0.999
4657,1400,18039968,0.888
4658,1400,12973926,0.985
4659,1400,17691308,0.963
4660,1400,7272042,0.999
4661,1400,19362544,0.9
4662,1400,10394367,0.996
4663,1400,11011786,0.992
4664,1400,16262024,0.918
4665,1400,10478032,0.998
4666,1400,17767648,0.923
4667,1400,9300718,0.993
4668,1400,15019054,0.957
4669,1400,17050012,0.959
4670,1400,8575910,0.997
4671,1400,12956810,0.962
4672,1400,14497715,0.978
4673,1400,14495025,0.952
4674,1400,13684649,0.983
4675,1400,8756972,0.996
4676,1400,11999385,0.997
4677,1400,17233212,0.932
4678,1400,14552326,0.968
4679,1400,17612755,0.893
4680,1400,6169746,1
4681,1400,14135096,0.99
4682,1400,15579746,0.974
4683,1400,6996582,0.996
4684,1400,18446775,0.911
4685,1400,12755209,0.981
4686,1400,16818931,0.974
4687,1400,15401046,0.94
4688,1400,12939646,0.991
4689,1400,14612945,0.95
4690,1400,9249061,0.994
4691,1400,12179315,0.999
4692,1400,17627708,0.945
4693,1400,15658491,0.954
4694,1400,8330375,1
4695,1400,12056341,0.994
4696,1400,12063439,0.962
4697,1400,9957134,0.994
4698,1400,7967519,0.998
4699,1400,12420365,0.996
4700,1400,17645660,0.917
4701,1400,16167613,0.987
4702,1400,19111015,0.902
4703,1400,11474666,0.996
4704,1400,14069378,0.969
4705,1400,14059613,0.902
4706,1400,9405840,1
4707,1400,8521545,0.998
4708,1400,8984341,1
4709,1400,11382771,0.997
4710,1400,16559422,0.946
4711,1400,12285165,0.986
4712,1400,15107216,0.972
4713,1400,8010259,0.994
4714,1400,19486154,0.903
4715,1400,13365676,0.981
4716,1400,6957287,1
4717,1400,7437389,0.999
4718,1400,9583992,1
4719,1400,18040637,0.926
4720,1400,9978188,0.998
4721,1400,13379388,0.991
4722,1400,10181832,1
4723,1400,14131830,0.97
4724,1400,14972647,0.94
4725,1400,7693113,0.997
4726,1400,14387504,0.978
4727,1400,8895304,0.998
4728,1400,18790208,0.884
4729,1400,14365674,0.975
4730,1400,12515678,0.985
4731,1400,14193774,0.975
4732,1400,18032398,0.912
4733,1400,13948505,0.987
4734,1400,17557935,0.847
4735,1400,12314075,0.987
4736,1400,17432805,0.859
4737,1400,11943124,0.977
4738,1400,16635719,0.952
4739,1400,8566024,1
4740,1400,13438405,0.98
4741,1400,11668080,0.997
4742,1400,15027758,0.953
4743,1400,18336019,0.83
4744,1400,13998417,0.964
4745,1400,7981445,1
4746,1400,8926309,0.989
4747,1400,18138073,0.959
4748,1400,14187966,0.993
4749,1400,19370408,0.835
4750,1400,10414727,1
4751,1400,5573892,1
4752,1400,11141215,0.987
4753,1400,6570785,1
4754,1400,16254219,0.916
4755,1400,14750093,0.982
4756,1400,13396280,0.988
4757,1400,16933076,0.828
4758,1400,10299125,0.994
4759,1400,13673646,0.979
4760,1400,7024882,1
4761,1400,16331642,0.949
4762,1400,10459526,0.992
4763,1400,13337241,0.988
4764,1400,9492923,0.997
4765,1400,14201552,0.971
4766,1400,8609748,0.99
4767,1400,15077662,0.985
4768,1400,10991828,0.998
4769,1400,13580756,0.995
4770,1400,13563671,0.997
4771,1400,16059985,0.959
4772,1400,12199261,0.973
4773,1400,6948101,1
4774,1400,17560441,0.831
4775,1400,10091342,0.999
4776,1400,18152918,0.919
4777,1400,16528672,0.91
4778,1400,16902304,0.948
4779,1400,10096475,0.99
4780,1400,13342652,0.996
4781,1400,14006551,0.981
4782,1400,14312898,0.961
4783,1400,18687854,0.865
4784,1400,9393335,0.998
4785,1400,17425093,0.948
4786,1400,9154379,0.969
4787,1400,6004200,1
4788,1400,15185049,0.931
4789,1400,13416223,0.988
4790,1400,11693758,0.997
4791,1400,15581416,0.945
4792,1400,12164328,0.999
4793,1400,18117050,0.946
4794,1400,13922862,0.984
4795,1400,10563236,0.997
4796,1400,8581836,0.996
4797,1400,8768769,0.995
4798,1400,12023877,0.975
4799,1400,12858924,0.997
4800,1400,17015571,0.956
4801,1400,16711554,0.861
4802,1400,13710525,0.991
4803,1400,6842628,1
4804,1400,11317578,0.999
4805,1400,16365513,0.947
4806,1400,15608820,0.976
4807,1400,12955463,0.98
4808,1400,16478446,0.965
4809,1400,9982376,0.998
4810,1400,11855249,0.984
4811,1400,18110777,0.928
4812,1400,14033142,0.996
4813,1400,9565574,1
4814,1400,12339353,0.998
4815,1400,16144007,0.985
4816,1400,17348986,0.953
4817,1400,10167669,0.999
4818,1400,8972761,0.995
4819,1400,12152717,0.981
4820,1400,13157531,0.981
4821,1400,12306730,0.983
4822,1400,9438551,0.995
4823,1400,11225649,0.997
4824,1400,7974453,1
4825,1400,10328632,0.993
4826,1400,13592681,0.984
4827,1400,14085054,0.987
4828,1400,15504610,0.954
4829,1400,12698671,0.975
4830,1400,10964085,0.995
4831,1400,17821323,0.853
4832,1400,17648069,0.939
4833,1400,13051022,0.982
4834,1400,10866738,0.987
4835,1400,14281223,0.983
4836,1400,8319600,0.998
4837,1400,15672055,0.952
4838,1400,20317041,0.877
4839,1400,9341209,0.998
4840,1400,10231325,0.997
4841,1400,12941800,0.986
4842,1400,8437506,0.995
4843,1400,9069133,0.982
4844,1400,11651937,0.992
4845,1400,13411699,0.961
4846,1400,12152486,0.996
4847,1400,4545179,1
4848,1400,13655080,0.94
4849,1400,15541220,0.951
4850,1400,10146517,0.998
4851,1400,17258701,0.946
4852,1400,13076021,0.995
4853,1400,18548599,0.858
4854,1400,17470203,0.956
4855,1400,10197314,0.931
4856,1400,13102281,0.994
4857,1400,8101009,1
4858,1400,18847883,0.61
4859,1400,5722536,1
4860,1400,17590298,0.935
4861,1400,15775424,0.973
4862,1400,10468723,0.997
4863,1400,7623407,0.999
4864,1400,15764172,0.864
4865,1400,10854266,0.995
4866,1400,11479535,0.997
4867,1400,12826861,0.978
4868,1400,10170392,0.991
4869,1400,8547458,0.997
4870,1400,8882796,0.998
4871,1400,9447641,0.989
4872,1400,12236469,0.975
4873,1400,13042961,0.973
4874,1400,14241522,0.995
4875,1400,10978417,0.995
4876,1400,12612706,0.999
4877,1400,7608917,0.999
4878,1400,6694158,0.999
4879,1400,16857846,0.929
4880,1400,9481247,0.996
4881,1400,15354933,0.927
4882,1400,13144775,0.989
4883,1400,18466127,0.795
4884,1400,6013429,1
4885,1400,7142577,0.981
4886,1400,17391252,0.916
4887,1400,13826150,0.987
4888,1400,11188078,0.999
4889,1400,15404804,0.9
4890,1400,7950514,0.999
4891,1400,14234710,0.945
4892,1400,11758322,0.999
4893,1400,12750462,0.973
4894,1400,13930592,0.974
4895,1400,11051782,0.981
4896,1400,17629471,0.714
4897,1400,14179280,0.994
4898,1400,15448227,0.926
4899,1400,10180544,0.975
4900,1400,17205815,0.94
4901,1400,14835805,0.951
4902,1400,12412087,0.993
4903,1400,11772090,0.996
4904,1400,13180902,0.995
4905,1400,12634149,0.99
4906,1400,7243083,1
4907,1400,8448114,0.999
4908,1400,11524272,0.991
4909,1400,9472328,1
4910,1400,10771528,0.999
4911,1400,14210813,0.932
4912,1400,12696175,0.995
4913,1400,9113036,0.995
4914,1400,9536717,1
4915,1400,8130053,0.999
4916,1400,18338494,0.797
4917,1400,12587440,0.986
4918,1400,15955387,0.961
4919,1400,9138006,0.998
4920,1400,7796256,1
4921,1400,14998707,0.96
4922,1400,12646533,0.981
4923,1400,11974707,0.994
4924,1400,5176533,1
4925,1400,8373907,0.996
4926,1400,15257552,0.952
4927,1400,18731980,0.781
4928,1400,13189880,0.961
4929,1400,15672746,0.986
4930,1400,12287325,0.995
4931,1400,21115334,0.57
4932,1400,8964418,1
4933,1400,9529229,1
4934,1400,8181341,0.995
4935,1400,19317255,0.869
4936,1400,12759086,0.977
4937,1400,7580411,0.998
4938,1400,9363057,0.997
4939,1400,11763667,0.995
4940,1400,15355816,0.949
4941,1400,12408670,0.976
4942,1400,13229991,0.968
4943,1400,9255548,1
4944,1400,8895465,1
4945,1400,6539410,1
4946,1400,13102233,0.994
4947,1400,13299267,0.985
4948,1400,12876676,0.957
4949,1400,11093290,0.999
4950,1400,11324450,0.995
4951,1400,16095113,0.984
4952,1400,16493625,0.927
4953,1400,15538604,0.898
4954,1400,12310086,0.993
4955,1400,16563787,0.965
4956,1400,19431342,0.912
4957,1400,12855756,0.982
4958,1400,11870066,0.995
4959,1400,7298204,1
4960,1400,13199892,0.86
4961,1400,10187581,0.999
4962,1400,11153993,0.973
4963,1400,13520124,0.985
4964,1400,14511830,0.977
4965,1400,7918858,1
4966,1400,8444195,1
4967,1400,17299273,0.921
4968,1400,20547890,0.755
4969,1400,10243194,0.984
4970,1400,10921946,0.981
4971,1400,11877591,0.992
4972,1400,10479324,1
4973,1400,15884470,0.963
4974,1400,9231149,1
4975,1400,10171685,0.996
4976,1400,10722361,0.999
4977,1400,19757324,0.74
4978,1400,12206856,0.98
4979,1400,17122782,0.966
4980,1400,11876265,0.968
4981,1400,15099309,0.955
4982,1400,9118532,0.99
4983,1400,11358379,1
4984,1400,11323945,0.957
4985,1400,10441681,0.988
4986,1400,14539169,0.969
4987,1400,12018945,0.983
4988,1400,13298335,0.979
4989,1400,12530361,0.99
4990,1400,14262297,0.985
4991,1400,13663702,0.991
4992,1400,11043816,0.991
4993,1400,11246315,0.983
4994,1400,8085338,0.997
4995,1400,8401382,0.997
4996,1400,12990862,0.985
4997,1400,10328958,0.979
4998,1400,13684854,0.982
4999,1400,11007622,0.996
5000,1400,11342438,0.988
5001,1400,10560810,0.995
5002,1400,13019310,0.985
5003,1400,18561857,0.929
5004,1400,14247456,0.952
5005,1400,6719532,1
5006,1400,14124128,0.993
5007,1400,10147923,0.996
5008,1400,12999506,0.961
5009,1400,11297598,0.995
5010,1400,17349679,0.916
5011,1400,11067692,0.996
5012,1400,10234540,0.978
5013,1400,16019201,0.956
5014,1400,15392046,0.976
5015,1400,11837678,0.996
5016,1400,13634581,0.976
5017,1400,15012117,0.958
5018,1400,17245462,0.89
5019,1400,14488344,0.963
5020,1400,14619942,0.975
5021,1400,9672602,0.999
5022,1400,6211946,1
5023,1400,13723046,0.992
5024,1400,7854994,0.999
5025,1400,16405225,0.943
5026,1400,10776598,0.976
5027,1400,11391691,0.998
5028,1400,15124727,0.972
5029,1400,11791153,0.991
5030,1400,13962612,0.958
5031,1400,8495737,0.998
5032,1400,15563834,0.926
5033,1400,19267197,0.75
5034,1400,16245575,0.977
5035,1400,9938414,0.998
5036,1400,8719978,0.998
5037,1400,6388248,1
5038,1400,14191622,0.985
5039,1400,12547369,0.985
5040,1400,13858608,0.98
5041,1400,10757952,0.99
5042,1400,18441141,0.877
5043,1400,12347372,0.974
5044,1400,12604136,0.987
5045,1400,14963467,0.943
5046,1400,9497421,0.999
5047,1400,14295473,0.961
5048,1400,18895613,0.815
5049,1400,11720666,0.985
5050,1400,16189966,0.942
5051,1400,14590622,0.978
5052,1400,9747263,0.998
5053,1400,5467130,1
5054,1400,10056012,1
5055,1400,12029132,0.998
5056,1400,9821003,0.993
5057,1400,10472182,0.998
5058,1400,15501370,0.965
5059,1400,11813159,0.994
5060,1400,17991092,0.946
5061,1400,17027819,0.926
5062,1400,16557067,0.949
5063,1400,9140628,0.999
5064,1400,13911272,0.985
5065,1400,16664579,0.962
5066,1400,9824180,0.998
5067,1400,9386428,0.997
5068,1400,17156200,0.917
5069,1400,18048176,0.65
5070,1400,17539643,0.918
5071,1400,13290992,0.999
5072,1400,14671004,0.991
5073,1400,17704741,0.952
5074,1400,17185699,0.952
5075,1400,11953374,0.999
5076,1400,18082690,0.956
5077,1400,12959669,0.994
5078,1400,11545629,0.995
5079,1400,12863012,0.982
5080,1400,14814107,0.964
5081,1400,16822519,0.957
5082,1400,10150761,0.992
5083,1400,15579208,0.954
5084,1400,6270776,1
5085,1400,9277187,0.999
5086,1400,11831916,0.937
5087,1400,13555077,0.968
5088,1400,12553512,0.981
5089,1400,13562183,0.978
5090,1400,12591397,0.992
5091,1400,13995163,0.974
5092,1400,12555217,0.973
5093,1400,12758822,0.98
5094,1400,12012206,0.985
5095,1400,13060653,0.982
5096,1400,15801668,0.971
5097,1400,8702681,0.999
5098,1400,11522447,0.999
5099,1400,14168425,0.96
5100,1400,7129438,1
5101,1400,12768004,0.946
5102,1400,16890083,0.955
5103,1400,8036293,1
5104,1400,15379484,0.915
5105,1400,8408507,1
5106,1400,5814043,0.998
5107,1400,14117366,0.976
5108,1400,15661055,0.946
5109,1400,11065891,0.981
5110,1400,10466805,0.999
5111,1400,12221770,0.987
5112,1400,8053132,1
5113,1400,15363992,0.966
5114,1400,9300497,0.999
5115,1400,14582526,0.903
5116,1400,13356585,0.987
5117,1400,16002246,0.893
5118,1400,13873128,0.986
5119,1400,15484651,0.969
5120,1400,16315978,0.88
5121,1400,14361741,0.974
5122,1400,12061314,0.977
5123,1400,11664591,0.99
5124,1400,15897723,0.966
5125,1400,9490867,0.988
5126,1400,10275952,0.994
5127,1400,13915919,0.931
5128,1400,17260844,0.964
5129,1400,10688064,0.994
5130,1400,12632594,0.976
5131,1400,7684553,0.998
5132,1400,15063001,0.988
5133,1400,8962333,1
5134,1400,17193152,0.934
5135,1400,8311827,0.999
5136,1400,18000810,0.919
5137,1400,10793832,0.997
5138,1400,16381295,0.963
5139,1400,9766380,0.997
5140,1400,14670979,0.948
5141,1400,16617793,0.814
5142,1400,12962684,0.944
5143,1400,17212844,0.916
5144,1400,11185439,0.99
5145,1400,13926137,0.897
5146,1400,11704572,0.964
5147,1400,10542765,0.993
5148,1400,12023878,0.987
5149,1400,15011319,0.943
5150,1400,9468614,0.99
5151,1400,15290895,0.983
5152,1400,16340820,0.89
5153,1400,13411744,0.957
5154,1400,10529504,0.999
5155,1400,14030318,0.961
5156,1400,10666110,0.992
5157,1400,10233514,0.981
5158,1400,10278795,0.997
5159,1400,9289278,0.999
5160,1400,15781661,0.829
5161,1400,11635576,0.983
5162,1400,7606101,1
5163,1400,11671844,0.974
5164,1400,11795818,0.993
5165,1400,13899670,0.829
5166,1400,8273818,1
5167,1400,11293647,0.968
5168,1400,15292018,0.964
5169,1400,11646055,0.99
5170,1400,17243966,0.939
5171,1400,14354091,0.799
5172,1400,13027248,0.979
5173,1400,18029553,0.942
5174,1400,18490111,0.836
5175,1400,10289601,0.99
5176,1400,11306902,0.991
5177,1400,13864118,0.966
5178,1400,15707440,0.967
5179,1400,10367640,0.984
5180,1400,9730937,0.994
5181,1400,12328940,0.993
5182,1400,8987125,1
5183,1400,13045586,0.995
5184,1400,8139316,0.999
5185,1400,18408667,0.801
5186,1400,11630235,0.996
5187,1400,12008905,0.984
5188,1400,12019217,0.993
5189,1400,14377048,0.969
5190,1400,12168961,0.999
5191,1400,13261355,0.926
5192,1400,16157057,0.95
5193,1400,9080616,0.997
5194,1400,15667254,0.919
5195,1400,11193314,0.991
5196,1400,13896006,0.984
5197,1400,12591840,0.983
5198,1400,13250730,0.994
5199,1400,15635779,0.957
5200,1400,12421254,0.988
5201,1400,13498733,0.965
5202,1400,10889951,0.986
5203,1400,11642434,0.98
5204,1400,12691378,0.992
5205,1400,12592157,0.998
5206,1400,10880958,1
5207,1400,9520963,0.989
5208,1400,10897612,0.998
5209,1400,15308335,0.985
5210,1400,13471079,0.981
5211,1400,10003346,0.983
5212,1400,9139565,0.993
5213,1400,5755118,1
5214,1400,8737461,0.995
5215,1400,9273750,0.996
5216,1400,4462327,1
5217,1400,16277626,0.814
5218,1400,6163725,0.999
5219,1400,14490767,0.971
5220,1400,8297130,0.998
5221,1400,6545410,1
5222,1400,13631313,0.987
5223,1400,11482719,0.998
5224,1400,16269234,0.943
5225,1400,16672656,0.925
5226,1400,9663878,0.997
5227,1400,13864024,0.982
5228,1400,10120723,0.993
5229,1400,7110477,0.99
5230,1400,9632660,0.999
5231,1400,13718179,0.966
5232,1400,14646821,0.951
5233,1400,6978261,0.999
5234,1400,15488310,0.948
5235,1400,12398521,0.986
5236,1400,17809044,0.904
5237,1400,12370348,0.984
5238,1400,11409268,0.997
5239,1400,14569405,0.972
5240,1400,16428090,0.924
5241,1400,15640933,0.96
5242,1400,6809974,1
5243,1400,9388119,0.999
5244,1400,11774041,0.976
5245,1400,16660133,0.789
5246,1400,17243197,0.965
5247,1400,17574448,0.833
5248,1400,18331121,0.904
5249,1400,14875361,0.986
5250,1400,9348555,0.999
5251,1400,15008899,0.981
5252,1400,12408046,0.999
5253,1400,12582797,0.96
5254,1400,7722018,0.997
5255,1400,11563526,0.986
5256,1400,18245285,0.877
5257,1400,14872961,0.991
5258,1400,16781782,0.947
5259,1400,8961532,0.991
5260,1400,7449907,1
5261,1400,16759444,0.879
5262,1400,7017625,1
5263,1400,8769400,0.999
5264,1400,16372702,0.889
5265,1400,12148903,0.977
5266,1400,13966020,0.99
5267,1400,13702606,0.933
5268,1400,13125484,0.989
5269,1400,10985906,0.999
5270,1400,15661827,0.962
5271,1400,14086502,0.981
5272,1400,11012093,0.996
5273,1400,13490755,0.993
5274,1400,15416716,0.976
5275,1400,7792111,0.996
5276,1400,9730718,1
5277,1400,12467791,0.991
5278,1400,17471487,0.89
5279,1400,7148301,0.992
5280,1400,14679091,0.99
5281,1400,15341549,0.962
5282,1400,15146325,0.962
5283,1400,10890849,0.982
5284,1400,10039479,0.998
5285,1400,8970661,0.993
5286,1400,11679171,0.906
5287,1400,11048996,0.997
5288,1400,7932317,1
5289,1400,17153692,0.916
5290,1400,6770980,1
5291,1400,10089367,0.997
5292,1400,4661658,1
5293,1400,12833392,0.99
5294,1400,13502679,0.988
5295,1400,11187397,0.995
5296,1400,12654318,0.928
5297,1400,11493057,0.994
5298,1400,14297776,0.881
5299,1400,9640419,0.995
5300,1400,10497379,0.985
5301,1400,11006351,0.999
5302,1400,10038046,0.989
5303,1400,15259802,0.957
5304,1400,5344498,0.998
5305,1400,16918801,0.915
5306,1400,16339213,0.97
5307,1400,11798278,0.988
5308,1400,16234781,0.921
5309,1400,14734325,0.988
5310,1400,15349473,0.943
5311,1400,8082020,0.999
5312,1400,11664926,0.996
5313,1400,15570028,0.831
5314,1400,16942357,0.866
5315,1400,17711971,0.848
5316,1400,23008682,0.964
5317,1400,10471294,0.988
5318,1400,7963322,1
5319,1400,14163747,0.981
5320,1400,8535696,0.997
5321,1400,16385246,0.96
5322,1400,16960938,0.934
5323,1400,18179182,0.873
5324,1400,8449364,0.992
5325,1400,15657291,0.872
5326,1400,12055968,0.938
5327,1400,17877316,0.866
5328,1400,16623393,0.858
5329,1400,14642407,0.956
5330,1400,10694607,0.994
5331,1400,15840607,0.928
5332,1400,16538520,0.926
5333,1400,14657941,0.986
5334,1400,10689602,0.994
5335,1400,16218081,0.941
5336,1400,15235792,0.992
5337,1400,16529781,0.96
5338,1400,11057197,0.995
5339,1400,7749528,1
5340,1400,14859613,0.953
5341,1400,7514353,0.999
5342,1400,11101170,0.986
5343,1400,17050599,0.807
5344,1400,12794452,0.979
5345,1400,10247613,1
5346,1400,17229540,0.967
5347,1400,11310857,1
5348,1400,12508636,0.979
5349,1400,13594775,0.993
5350,1400,19458048,0.838
5351,1400,9573945,0.998
5352,1400,12330171,0.996
5353,1400,15921791,0.947
5354,1400,15643224,0.98
5355,1400,17693213,0.674
5356,1400,15139753,0.983
5357,1400,17296365,0.925
5358,1400,13197690,0.979
5359,1400,10332249,0.983
5360,1400,12895174,0.969
5361,1400,5769948,0.998
5362,1400,16967884,0.951
5363,1400,16063257,0.937
5364,1400,9947826,1
5365,1400,7070776,0.999
5366,1400,14702508,0.901
5367,1400,6517748,1
5368,1400,22113389,0.982
5369,1400,10573322,0.998
5370,1400,7500220,1
5371,1400,13386898,0.939
5372,1400,13944517,0.993
5373,1400,13389597,0.972
5374,1400,13773134,0.981
5375,1400,14886146,0.969
5376,1400,21372332,0.619
5377,1400,13713421,0.986
5378,1400,6926004,0.998
5379,1400,16268327,0.913
5380,1400,15692296,0.924
5381,1400,6748648,0.999
5382,1400,16472771,0.959
5383,1400,16855181,0.861
5384,1400,11150031,0.991
5385,1400,15133336,0.94
5386,1400,13985937,0.93
5387,1400,6359207,1
5388,1400,8526053,1
5389,1400,13137221,0.983
5390,1400,11591598,0.996
5391,1400,9777595,0.999
5392,1400,13701228,0.872
5393,1400,13886187,0.996
5394,1400,12707159,0.988
5395,1400,15178464,0.959
5396,1400,10226800,0.98
5397,1400,15609176,0.935
5398,1400,10005734,0.998
5399,1400,11357967,0.998
5400,1400,10120846,0.987
5401,1400,14069763,0.992
5402,1400,12018420,0.996
5403,1400,5773832,1
5404,1400,14090757,0.985
5405,1400,12680964,0.995
5406,1400,16015223,0.932
5407,1400,6124414,1
5408,1400,16711208,0.963
5409,1400,10409733,0.99
5410,1400,17189784,0.848
5411,1400,11593771,0.993
5412,1400,16102673,0.964
5413,1400,14839121,0.964
5414,1400,8661000,1
5415,1400,11246510,0.987
5416,1400,8221220,0.997
5417,1400,8862401,1
5418,1400,13935753,0.924
5419,1400,17824274,0.911
5420,1400,16432376,0.936
5421,1400,10296272,0.99
5422,1400,19352673,0.788
5423,1400,8061813,0.996
5424,1400,15634970,0.993
5425,1400,11506070,0.981
5426,1400,11743437,0.985
5427,1400,7781175,0.997
5428,1400,9753832,0.997
5429,1400,7652123,0.999
5430,1400,9377524,0.997
5431,1400,18078914,0.95
5432,1400,10191122,0.985
5433,1400,11587292,0.993
5434,1400,14333524,0.977
5435,1400,13877277,0.975
5436,1400,7138348,0.997
5437,1400,17232166,0.928
5438,1400,15307692,0.953
5439,1400,15650658,0.942
5440,1400,5970188,0.998
5441,1400,9532280,0.999
5442,1400,16008720,0.96
5443,1400,10444631,0.994
5444,1400,16216877,0.953
5445,1400,7372477,0.999
5446,1400,9770152,0.994
5447,1400,15148939,0.976
5448,1400,16061431,0.965
5449,1400,9835210,0.995
5450,1400,14237989,0.952
5451,1400,10087928,0.999
5452,1400,13924762,0.96
5453,1400,15329514,0.952
5454,1400,9376524,0.99
5455,1400,17863974,0.832
5456,1400,14545501,0.972
5457,1400,10025456,0.999
5458,1400,10641641,0.995
5459,1400,18915931,0.835
5460,1400,11364207,0.993
5461,1400,14592768,0.917
5462,1400,16958399,0.873
5463,1400,10823922,0.995
5464,1400,9290160,0.994
5465,1400,16755826,0.892
5466,1400,6569642,1
5467,1400,8657967,0.997
5468,1400,7933607,0.995
5469,1400,11097750,0.998
5470,1400,8069157,0.999
5471,1400,14581171,0.965
5472,1400,15418318,0.984
5473,1400,10968737,0.985
5474,1400,19146090,0.855
5475,1400,15228664,0.946
5476,1400,12387897,0.996
5477,1400,16342649,0.943
5478,1400,9014121,1
5479,1400,5924631,1
5480,1400,12717244,0.997
5481,1400,15911934,0.908
5482,1400,11719163,0.984
5483,1400,12434813,0.995
5484,1400,17905839,0.876
5485,1400,6682491,1
5486,1400,13503986,0.966
5487,1400,12045113,0.973
5488,1400,16153975,0.954
5489,1400,14257423,0.865
5490,1400,15206822,0.942
5491,1400,15673863,0.973
5492,1400,13761338,0.978
5493,1400,8616074,1
5494,1400,11817614,0.995
5495,1400,16344850,0.903
5496,1400,15471115,0.891
5497,1400,9089837,1
5498,1400,13514763,0.979
5499,1400,17269044,0.776
5500,1400,11506962,0.993
5501,1400,6287982,1
5502,1400,13538307,0.985
5503,1400,12090221,0.988
5504,1400,16255350,0.636
5505,1400,19373710,0.967
5506,1400,17833528,0.877
5507,1400,10461756,1
5508,1400,10281449,0.982
5509,1400,12539431,0.993
5510,1400,10657017,0.995
5511,1400,11538175,0.992
5512,1400,11004490,0.99
5513,1400,10861812,0.994
5514,1400,9621209,1
5515,1400,10381265,0.994
5516,1400,8816814,1
5517,1400,12168368,0.995
5518,1400,14395287,0.958
5519,1400,16174731,0.894
5520,1400,11691659,1
5521,1400,13384464,0.972
5522,1400,8852236,0.994
5523,1400,15086297,0.956
5524,1400,15554531,0.982
5525,1400,11226735,0.996
5526,1400,13149571,0.99
5527,1400,18806593,0.805
5528,1400,14290481,0.945
5529,1400,10280475,0.991
5530,1400,13609319,0.94
5531,1400,11437987,0.998
5532,1400,11502759,0.998
5533,1400,13825673,0.984
5534,1400,10586303,0.998
5535,1400,8669906,1
5536,1400,6303306,0.997
5537,1400,12957081,0.994
5538,1400,13336241,0.93
5539,1400,12923702,0.994
5540,1400,9951433,0.997
5541,1400,11497645,0.978
5542,1400,17141076,0.907
5543,1400,17640280,0.909
5544,1400,10085381,0.994
5545,1400,10529760,0.997
5546,1400,7152258,1
5547,1400,12561199,0.983
5548,1400,18733861,0.765
5549,1400,13107110,0.96
5550,1400,12973467,0.98
5551,1400,15128104,0.949
5552,1400,19692161,0.77
5553,1400,12565027,0.973
5554,1400,16335364,0.936
5555,1400,8342875,0.994
5556,1400,11494770,0.997
5557,1400,12149267,0.994
5558,1400,13987862,0.927
5559,1400,12118127,0.993
5560,1400,9732842,0.998
5561,1400,19181724,0.932
5562,1400,11207384,0.989
5563,1400,11972676,0.971
5564,1400,9827507,0.995
5565,1400,16617006,0.933
5566,1400,9606300,0.994
5567,1400,7234143,0.999
5568,1400,11673276,0.978
5569,1400,12484812,0.985
5570,1400,9058184,0.987
5571,1400,9645903,0.998
5572,1400,19310212,0.734
5573,1400,17671082,0.958
5574,1400,16922892,0.913
5575,1400,17634104,0.905
5576,1400,12154148,0.994
5577,1400,9152936,0.999
5578,1400,11908726,0.996
5579,1400,14878328,0.988
5580,1400,11913087,0.995
5581,1400,8232476,0.998
5582,1400,11780748,0.978
5583,1400,12048461,0.978
5584,1400,10899558,0.997
5585,1400,6570992,0.998
5586,1400,14116481,0.967
5587,1400,9337214,0.974
5588,1400,12543508,0.995
5589,1400,16191882,0.958
5590,1400,16118502,0.827
5591,1400,17545254,0.869
5592,1400,15366889,0.98
5593,1400,14023827,0.937
5594,1400,10506740,0.999
5595,1400,6735647,1
5596,1400,21465957,0.749
5597,1400,12106674,0.979
5598,1400,5390691,1
5599,1400,8977288,1
5600,1400,8153451,0.988
5601,1400,16056022,0.905
5602,1400,5940054,1
5603,1400,8672581,0.995
5604,1400,17655865,0.885
5605,1400,15668472,0.946
5606,1400,8415073,1
5607,1400,7258009,0.999
5608,1400,16027240,0.962
5609,1400,12533224,0.98
5610,1400,16553748,0.938
5611,1400,12951077,0.995
5612,1400,16627861,0.951
5613,1400,5506083,1
5614,1400,8659504,0.998
5615,1400,15003812,0.907
5616,1400,16270156,0.926
5617,1400,14088893,0.963
5618,1400,14051631,0.982
5619,1400,15318885,0.949
5620,1400,14751318,0.978
5621,1400,14610135,0.949
5622,1400,16693335,0.928
5623,1400,11512088,0.996
5624,1400,7020766,1
5625,1400,11421595,0.998
5626,1400,14644828,0.93
5627,1400,9005880,0.999
5628,1400,8225217,1
5629,1400,13278301,0.961
5630,1400,10020580,0.996
5631,1400,20049661,0.908
5632,1400,11510923,1
5633,1400,15646649,0.934
5634,1400,13933106,0.935
5635,1400,13417740,0.971
5636,1400,16764525,0.942
5637,1400,10976126,0.995
5638,1400,15462623,0.964
5639,1400,13342007,0.943
5640,1400,17607346,0.896
5641,1400,12689430,0.996
5642,1400,21774649,0.802
5643,1400,16161326,0.927
5644,1400,14818260,0.947
5645,1400,15477747,0.798
5646,1400,9455367,0.999
5647,1400,13115702,0.975
5648,1400,15117638,0.959
5649,1400,14530878,0.98
5650,1400,15422816,0.978
5651,1400,11636146,0.97
5652,1400,9918906,0.998
5653,1400,11666585,0.996
5654,1400,15919540,0.939
5655,1400,14286916,0.978
5656,1400,13766056,0.987
5657,1400,14927435,0.951
5658,1400,12531244,0.958
5659,1400,17728663,0.783
5660,1400,10811023,0.995
5661,1400,12900356,0.982
5662,1400,15284170,0.969
5663,1400,11466212,0.98
5664,1400,9804666,0.995
5665,1400,11044874,0.998
5666,1400,9677101,0.99
5667,1400,8903528,0.999
5668,1400,12096210,0.991
5669,1400,14837268,0.973
5670,1400,13317495,0.994
5671,1400,6816690,0.996
5672,1400,9825415,0.993
5673,1400,15391899,0.993
5674,1400,6788419,0.998
5675,1400,12064089,0.989
5676,1400,16665380,0.96
5677,1400,19853817,0.751
5678,1400,10106127,1
5679,1400,16891519,0.836
5680,1400,10332776,0.997
5681,1400,10781245,0.997
5682,1400,7054342,1
5683,1400,13655036,0.996
5684,1400,8807555,0.996
5685,1400,9143123,0.996
5686,1400,8826089,0.99
5687,1400,8524211,1
5688,1400,12091422,0.976
5689,1400,15262553,0.905
5690,1400,15967388,0.938
5691,1400,7890789,0.998
5692,1400,10235331,0.989
5693,1400,17282498,0.916
5694,1400,11197279,0.999
5695,1400,7457540,1
5696,1400,12093264,0.965
5697,1400,15905755,0.924
5698,1400,17164810,0.914
5699,1400,14916506,0.796
5700,1400,15156249,0.96
5701,1400,11948172,0.995
5702,1400,8932289,1
5703,1400,14034876,0.93
5704,1400,5713656,1
5705,1400,19113230,0.763
5706,1400,16360730,0.925
5707,1400,11993647,0.959
5708,1400,13899035,0.99
5709,1400,6922013,1
5710,1400,8999149,0.995
5711,1400,15667296,0.985
5712,1400,16376169,0.95
5713,1400,13223381,0.983
5714,1400,8649879,0.995
5715,1400,4443285,1
5716,1400,9481241,0.996
5717,1400,16912758,0.948
5718,1400,12743453,0.994
5719,1400,14510094,0.991
5720,1400,5638154,1
5721,1400,9173699,0.998
5722,1400,10538462,0.992
5723,1400,10518703,1
5724,1400,15336894,0.982
5725,1400,12695095,0.981
5726,1400,19955270,0.858
5727,1400,11931141,0.975
5728,1400,16126635,0.913
5729,1400,13593149,0.99
5730,1400,19325679,0.736
5731,1400,12494358,0.996
5732,1400,10923142,0.995
5733,1400,10109773,1
5734,1400,17264185,0.976
5735,1400,8803450,1
5736,1400,11991189,0.997
5737,1400,16065057,0.986
5738,1400,11768520,0.98
5739,1400,10012317,0.978
5740,1400,16133962,0.933
5741,1400,17602994,0.92
5742,1400,15198337,0.944
5743,1400,8870760,0.999
5744,1400,7135790,1
5745,1400,14389406,0.951
5746,1400,12695323,0.971
5747,1400,14399120,0.964
5748,1400,10795022,0.99
5749,1400,8539754,0.999
5750,1400,14200301,0.978
5751,1400,16020236,0.952
5752,1400,9166468,1
5753,1400,14267269,0.941
5754,1400,15099085,0.914
5755,1400,14011170,0.99
5756,1400,15311898,0.981
5757,1400,19400564,0.856
5758,1400,12343423,0.987
5759,1400,12964153,0.981
5760,1400,13706142,0.936
5761,1400,10460673,0.993
5762,1400,4967345,1
5763,1400,14265219,0.947
5764,1400,14163634,0.904
5765,1400,10554248,0.995
5766,1400,11319494,0.988
5767,1400,12141483,0.976
5768,1400,11066440,0.993
5769,1400,10244621,0.998
5770,1400,12896413,0.974
5771,1400,11512357,0.999
5772,1400,17193558,0.966
5773,1400,9164172,0.998
5774,1400,11821935,0.994
5775,1400,12540789,0.976
5776,1400,11866574,0.983
5777,1400,11181022,0.989
5778,1400,7813475,1
5779,1400,10621230,0.979
5780,1400,9938333,0.996
5781,1400,13896102,0.976
5782,1400,14316646,0.909
5783,1400,13235076,0.954
5784,1400,11654452,0.989
5785,1400,14641642,0.962
5786,1400,4625054,1
5787,1400,6595941,1
5788,1400,12884252,0.984
5789,1400,11260298,0.999
5790,1400,17277991,0.935
5791,1400,13640732,0.984
5792,1400,13885352,0.995
5793,1400,11341439,1
5794,1400,12377409,0.998
5795,1400,17130851,0.802
5796,1400,15214670,0.977
5797,1400,13846823,0.973
5798,1400,13911625,0.97
5799,1400,9344886,0.996
5800,1400,16907981,0.9
5801,1400,9092626,0.966
5802,1400,17793447,0.884
5803,1400,17248708,0.914
5804,1400,14103662,0.94
5805,1400,12519877,0.988
5806,1400,9210256,0.997
5807,1400,11825151,0.966
5808,1400,10281626,0.999
5809,1400,10124522,0.997
5810,1400,12555819,0.969
5811,1400,12556297,0.98
5812,1400,18404051,0.923
5813,1400,11386863,0.995
5814,1400,9928060,0.994
5815,1400,9384397,1
5816,1400,16538442,0.876
5817,1400,8277791,1
5818,1400,8246718,0.995
5819,1400,14051461,0.981
5820,1400,9971081,0.994
5821,1400,15436671,0.962
5822,1400,15584364,0.958
5823,1400,9351701,1
5824,1400,15416081,0.921
5825,1400,15119541,0.802
5826,1400,12366487,0.997
5827,1400,20773904,0.628
5828,1400,10156903,0.987
5829,1400,7574975,1
5830,1400,10663806,1
5831,1400,17572721,0.775
5832,1400,15626374,0.766
5833,1400,11972511,0.996
5834,1400,11663075,0.997
5835,1400,9168279,0.999
5836,1400,14606603,0.926
5837,1400,13053867,0.975
5838,1400,17414999,0.962
5839,1400,8184617,0.998
5840,1400,19532141,0.792
5841,1400,21964963,0.716
5842,1400,14445234,0.977
5843,1400,10339082,0.999
5844,1400,14597559,0.984
5845,1400,12422262,0.967
5846,1400,15276937,0.938
5847,1400,6749327,0.999
5848,1400,14084764,0.97
5849,1400,13208873,0.99
5850,1400,8620655,1
5851,1400,9531759,0.998
5852,1400,11937249,0.992
5853,1400,13943068,0.992
5854,1400,6749783,1
5855,1400,13125843,0.988
5856,1400,13812006,0.934
5857,1400,16834416,0.935
5858,1400,10319693,0.998
5859,1400,14404221,0.963
5860,1400,10552678,0.999
5861,1400,9610966,0.996
5862,1400,15795719,0.994
5863,1400,9763663,0.991
5864,1400,10701688,0.992
5865,1400,4791696,1
5866,1400,14651377,0.985
5867,1400,10746204,0.984
5868,1400,12096462,0.997
5869,1400,6773138,0.999
5870,1400,10388814,0.996
5871,1400,16487378,0.947
5872,1400,12532954,0.991
5873,1400,15940504,0.914
5874,1400,13782236,0.98
5875,1400,9425107,0.987
5876,1400,16547929,0.967
5877,1400,7655980,0.998
5878,1400,8186794,0.998
5879,1400,10271546,0.985
5880,1400,15081723,0.967
5881,1400,11053220,0.949
5882,1400,11411240,0.993
5883,1400,11812577,0.987
5884,1400,9436140,0.994
5885,1400,16485797,0.962
5886,1400,14548840,0.986
5887,1400,14540139,0.95
5888,1400,10651742,0.995
5889,1400,16126468,0.837
5890,1400,17091785,0.92
5891,1400,12063687,0.969
5892,1400,9782395,0.999
5893,1400,13377154,0.959
5894,1400,16986199,0.891
5895,1400,10956258,0.992
5896,1400,11255412,0.99
5897,1400,18082699,0.946
5898,1400,8767262,0.999
5899,1400,16686436,0.89
5900,1400,9089886,0.997
5901,1400,12109549,0.999
5902,1400,12370382,0.99
5903,1400,7435564,0.994
5904,1400,10618408,0.998
5905,1400,10394755,0.999
5906,1400,17219370,0.927
5907,1400,12631154,0.994
5908,1400,11730690,0.954
5909,1400,13722115,0.988
5910,1400,15159196,0.959
5911,1400,9321843,0.991
5912,1400,16023210,0.898
5913,1400,13907200,0.995
5914,1400,10051797,0.994
5915,1400,14104584,0.998
5916,1400,5555568,0.999
5917,1400,11149070,0.944
5918,1400,10996494,0.997
5919,1400,10762349,0.994
5920,1400,10140138,0.998
5921,1400,11343692,0.998
5922,1400,11848637,0.983
5923,1400,12926063,0.963
5924,1400,18109889,0.884
5925,1400,8296750,1
5926,1400,17405820,0.919
5927,1400,11417462,0.989
5928,1400,8934215,1
5929,1400,14212426,0.982
5930,1400,15371963,0.962
5931,1400,12013069,0.987
5932,1400,11107535,0.987
5933,1400,18370066,0.946
5934,1400,6720042,1
5935,1400,10137938,0.984
5936,1400,11105092,0.995
5937,1400,8643313,0.999
5938,1400,9372800,0.993
5939,1400,17015311,0.961
5940,1400,8695366,1
5941,1400,11992652,0.989
5942,1400,12391506,0.962
5943,1400,12480583,0.984
5944,1400,11156919,0.995
5945,1400,9549995,1
5946,1400,13555030,0.986
5947,1400,7767336,1
5948,1400,11042827,0.995
5949,1400,10722902,0.998
5950,1400,9229104,0.993
5951,1400,9718818,0.999
5952,1400,8311131,1
5953,1400,15548207,0.92
5954,1400,8034610,0.999
5955,1400,18466588,0.801
5956,1400,8773668,1
5957,1400,17692646,0.838
5958,1400,18386069,0.87
5959,1400,17172383,0.952
5960,1400,11143628,0.999
5961,1400,10525883,0.994
5962,1400,12710472,0.991
5963,1400,10478126,0.99
5964,1400,19556963,0.88
5965,1400,15687012,0.969
5966,1400,13538004,0.985
5967,1400,11136200,0.985
5968,1400,12729781,0.99
5969,1400,17292861,0.922
5970,1400,18196688,0.888
5971,1400,9662876,1
5972,1400,13805707,0.973
5973,1400,9205567,0.995
5974,1400,17103044,0.755
5975,1400,17796034,0.948
5976,1400,10384036,0.998
5977,1400,15614952,0.906
5978,1400,13549046,0.986
5979,1400,15055945,0.972
5980,1400,8700403,0.997
5981,1400,12209599,0.942
5982,1400,4472882,1
5983,1400,13811489,0.99
5984,1400,11964143,0.995
5985,1400,14688067,0.985
5986,1400,12304182,0.994
5987,1400,9805290,0.998
5988,1400,12198931,0.979
5989,1400,7049743,0.999
5990,1400,8481844,0.994
5991,1400,16040893,0.843
5992,1400,8850029,0.995
5993,1400,18115166,0.842
5994,1400,8915669,0.991
5995,1400,17622165,0.899
5996,1400,15989945,0.961
5997,1400,15891914,0.904
5998,1400,8959587,0.999
5999,1400,14460622,0.976
6000,1400,9272389,0.998
6001,1400,16104270,0.968
6002,1400,12008463,0.972
6003,1400,8945563,0.997
6004,1400,17844546,0.966
6005,1400,15417615,0.821
6006,1400,8969196,0.997
6007,1400,9558295,0.99
6008,1400,10764033,0.999
6009,1400,15269200,0.98
6010,1400,13667587,0.968
6011,1400,10329586,0.998
6012,1400,14463526,0.978
6013,1400,9316741,0.995
6014,1400,10358635,0.994
6015,1400,19925608,0.87
6016,1400,10927575,0.997
6017,1400,16644877,0.826
6018,1400,13783541,0.966
6019,1400,19932026,0.848
6020,1400,15670593,0.937
6021,1400,12329497,0.989
6022,1400,14124992,0.989
6023,1400,11315997,0.997
6024,1400,7439875,0.998
6025,1400,10849433,0.994
6026,1400,12887232,1
6027,1400,16381638,0.948
6028,1400,8821523,1
6029,1400,16038108,0.932
6030,1400,9747375,0.999
6031,1400,12199027,0.987
6032,1400,7433915,0.994
6033,1400,13914913,0.988
6034,1400,10873688,0.994
6035,1400,16708969,0.918
6036,1400,13061504,0.985
6037,1400,14754351,0.979
6038,1400,14729219,0.925
6039,1400,11842150,0.994
6040,1400,8361345,1
6041,1400,12932632,0.972
6042,1400,9829325,0.995
6043,1400,13529036,0.988
6044,1400,9629128,0.998
6045,1400,18175540,0.886
6046,1400,18439849,0.838
6047,1400,8786301,1
6048,1400,11472180,0.999
6049,1400,10806482,0.996
6050,1400,11246480,0.995
6051,1400,14010266,0.946
6052,1400,13016505,0.958
6053,1400,7140911,0.999
6054,1400,9538512,0.997
6055,1400,15946781,0.931
6056,1400,9828928,0.998
6057,1400,16037160,0.856
6058,1400,13723257,0.979
6059,1400,11819664,0.996
6060,1400,12037399,0.995
6061,1400,11485300,0.996
6062,1400,13592242,0.968
6063,1400,13945749,0.992
6064,1400,10281031,0.998
6065,1400,10606884,0.989
6066,1400,10421769,1
6067,1400,15772836,0.943
6068,1400,11976251,0.989
6069,1400,11125066,0.995
6070,1400,11997453,0.999
6071,1400,14729905,0.979
6072,1400,12288551,0.997
6073,1400,15684833,0.991
6074,1400,15127913,0.987
6075,1400,11274682,0.964
6076,1400,13709298,0.989
6077,1400,10153827,0.998
6078,1400,10099058,0.999
6079,1400,13934311,0.988
6080,1400,11886788,0.989
6081,1400,10055598,0.993
6082,1400,15002854,0.985
6083,1400,18193494,0.902
6084,1400,11829846,1
6085,1400,10859477,0.988
6086,1400,13894737,0.96
6087,1400,9695555,1
6088,1400,9149818,0.998
6089,1400,13425980,0.977
6090,1400,10433251,0.997
6091,1400,8055715,0.999
6092,1400,17295341,0.897
6093,1400,16799279,0.754
6094,1400,13662432,0.991
6095,1400,12188725,0.995
6096,1400,18530423,0.973
6097,1400,9702620,0.999
6098,1400,8865156,0.989
6099,1400,17745417,0.945
6100,1400,7334744,0.986
6101,1400,16184366,0.873
6102,1400,12576836,0.974
6103,1400,11776970,0.995
6104,1400,10977989,0.996
6105,1400,14488250,0.96
6106,1400,12860048,0.993
6107,1400,8339946,1
6108,1400,14956052,0.996
6109,1400,15914773,0.957
6110,1400,12159654,0.993
6111,1400,17802361,0.879
6112,1400,11035214,0.988
6113,1400,12187164,0.971
6114,1400,9749671,0.998
6115,1400,9535276,0.998
6116,1400,14518605,0.956
6117,1400,13154882,0.984
6118,1400,16775325,0.94
6119,1400,8599727,1
6120,1400,10014448,0.997
6121,1400,7785394,0.999
6122,1400,9364337,1
6123,1400,11804087,0.994
6124,1400,15758178,0.804
6125,1400,15296163,0.979
6126,1400,15927717,0.958
6127,1400,17345135,0.905
6128,1400,13956179,0.948
6129,1400,13300448,0.985
6130,1400,16433824,0.966
6131,1400,15549838,0.986
6132,1400,8775095,0.99
6133,1400,5661408,0.999
6134,1400,15820071,0.893
6135,1400,16724137,0.956
6136,1400,10107978,0.998
6137,1400,15654561,0.962
6138,1400,15843014,0.955
6139,1400,11313732,0.986
6140,1400,18197388,0.904
6141,1400,18392202,0.956
6142,1400,9877598,1
6143,1400,9104667,0.999
6144,1400,13838905,0.985
6145,1400,18086503,0.957
6146,1400,7922344,0.999
6147,1400,12196350,0.996
6148,1400,13326517,0.991
6149,1400,15301444,0.987
6150,1400,11126358,0.996
6151,1400,6185641,0.999
6152,1400,16930036,0.846
6153,1400,9316613,0.995
6154,1400,16527485,0.963
6155,1400,17879957,0.922
6156,1400,13174924,0.996
6157,1400,17104367,0.946
6158,1400,14892589,0.987
6159,1400,13574266,0.851
6160,1400,11265158,0.994
6161,1400,9940801,0.999
6162,1400,11698071,0.999
6163,1400,16056551,0.969
6164,1400,11817017,0.997
6165,1400,13633001,0.991
6166,1400,14403354,0.993
6167,1400,10204984,0.987
6168,1400,15167102,0.932
6169,1400,11791936,0.998
6170,1400,13588640,0.959
6171,1400,11901347,0.995
6172,1400,13186268,0.971
6173,1400,12572319,0.987
6174,1400,7675534,0.998
6175,1400,16825017,0.778
6176,1400,10709165,0.997
6177,1400,8996554,0.995
6178,1400,11653266,0.994
6179,1400,15259197,0.938
6180,1400,11959674,0.987
6181,1400,17663370,0.884
6182,1400,11065715,0.994
6183,1400,6202969,1
6184,1400,11327074,0.994
6185,1400,18892599,0.899
6186,1400,16177898,0.98
6187,1400,8230796,0.998
6188,1400,11539423,0.994
6189,1400,12855294,0.977
6190,1400,12486500,0.994
6191,1400,11131334,0.992
6192,1400,8180877,1
6193,1400,16231112,0.974
6194,1400,10413702,0.994
6195,1400,13574632,0.978
6196,1400,13191201,0.939
6197,1400,15329849,0.978
6198,1400,10406809,1
6199,1400,15428159,0.976
6200,1400,11371537,0.985
6201,1400,7749027,0.999
6202,1400,10405647,0.987
6203,1400,13896111,0.985
6204,1400,13056331,0.989
6205,1400,11305644,0.943
6206,1400,15008947,0.956
6207,1400,13895760,0.989
6208,1400,14192875,0.973
6209,1400,9779704,0.999
6210,1400,12335552,0.954
6211,1400,13932076,0.985
6212,1400,15404675,0.94
6213,1400,6852967,0.986
6214,1400,6043245,1
6215,1400,10304946,1
6216,1400,8960783,1
6217,1400,13360302,0.967
6218,1400,11449762,0.995
6219,1400,6818270,1
6220,1400,12675996,0.99
6221,1400,17745587,0.908
6222,1400,11042365,0.971
6223,1400,7942436,1
6224,1400,15846888,0.955
6225,1400,8238130,0.997
6226,1400,15283305,0.963
6227,1400,14093922,0.952
6228,1400,10308623,0.994
6229,1400,12401776,0.992
6230,1400,13334398,0.981
6231,1400,17520396,0.93
6232,1400,12675876,0.992
6233,1400,8545788,0.998
6234,1400,10888436,0.999
6235,1400,13742816,0.983
6236,1400,11527733,0.969
6237,1400,8114560,0.996
6238,1400,13516247,0.975
6239,1400,12102496,0.998
6240,1400,7137436,1
6241,1400,9753746,0.992
6242,1400,15935693,0.976
6243,1400,9414327,0.996
6244,1400,12116804,0.972
6245,1400,13521720,0.991
6246,1400,8915836,0.994
6247,1400,12449882,0.993
6248,1400,9258458,0.997
6249,1400,10786854,0.997
6250,1400,11959178,0.96
6251,1400,17699172,0.867
6252,1400,7480167,1
6253,1400,12336509,0.978
6254,1400,9279922,0.999
6255,1400,11890781,0.991
6256,1400,13981473,0.971
6257,1400,8198206,0.998
6258,1400,10517946,0.956
6259,1400,14539089,0.98
6260,1400,6205453,1
6261,1400,13758864,0.993
6262,1400,13131494,0.987
6263,1400,17571117,0.8
6264,1400,17743341,0.906
6265,1400,7154997,1
6266,1400,9706834,1
6267,1400,14154443,0.954
6268,1400,13146211,0.98
6269,1400,18428535,0.718
6270,1400,8818617,1
6271,1400,12297169,0.999
6272,1400,13616133,0.973
6273,1400,17379260,0.799
6274,1400,9255338,0.992
6275,1400,14425103,0.984
6276,1400,16431653,0.879
6277,1400,7296642,0.999
6278,1400,16937459,0.672
6279,1400,11609437,0.983
6280,1400,11173252,0.997
6281,1400,8666288,0.999
6282,1400,10220376,0.994
6283,1400,18691825,0.868
6284,1400,9816574,0.998
6285,1400,10308402,0.996
6286,1400,17148160,0.887
6287,1400,8648733,0.996
6288,1400,15193866,0.955
6289,1400,14516865,0.988
6290,1400,13297294,0.966
6291,1400,17319322,0.885
6292,1400,12781501,0.997
6293,1400,15376373,0.971
6294,1400,11442810,0.993
6295,1400,9751467,0.988
6296,1400,10796481,0.997
6297,1400,12785897,0.988
6298,1400,8267110,0.994
6299,1400,12502718,0.989
6300,1400,14000244,0.976
6301,1400,10962154,0.99
6302,1400,15178113,0.961
6303,1400,11350125,0.993
6304,1400,15278637,0.982
6305,1400,9273293,0.998
6306,1400,10903320,0.994
6307,1400,10678991,0.986
6308,1400,10738478,0.987
6309,1400,9652973,0.999
6310,1400,11310814,0.997
6311,1400,5944351,1
6312,1400,16274115,0.883
6313,1400,12506897,0.977
6314,1400,18538481,0.755
6315,1400,10938157,0.991
6316,1400,16409600,0.938
6317,1400,12605221,0.963
6318,1400,9852443,0.993
6319,1400,19107488,0.868
6320,1400,10802531,0.991
6321,1400,11206498,0.982
6322,1400,15919473,0.974
6323,1400,14993590,0.957
6324,1400,11217689,0.997
6325,1400,16600578,0.756
6326,1400,17775839,0.884
6327,1400,14798026,0.985
6328,1400,18900727,0.927
6329,1400,11852900,0.996
6330,1400,11939358,0.994
6331,1400,9581106,0.979
6332,1400,12654019,0.992
6333,1400,16087579,0.891
6334,1400,10721972,0.973
6335,1400,10693030,0.995
6336,1400,14375019,0.983
6337,1400,15069718,0.973
6338,1400,15378419,0.958
6339,1400,15936868,0.923
6340,1400,15910989,0.949
6341,1400,10521001,0.993
6342,1400,16080020,0.967
6343,1400,16598193,0.961
6344,1400,14543888,0.981
6345,1400,12582818,0.957
6346,1400,14351775,0.887
6347,1400,10227001,0.986
6348,1400,11278106,0.989
6349,1400,8081875,0.999
6350,1400,13943814,0.948
6351,1400,13073882,0.984
6352,1400,14846393,0.973
6353,1400,9884627,0.994
6354,1400,13019963,0.975
6355,1400,7758340,0.993
6356,1400,14897362,0.964
6357,1400,12886199,0.974
6358,1400,10889709,0.998
6359,1400,7477818,1
6360,1400,16422517,0.958
6361,1400,12653691,0.971
6362,1400,15158549,0.976
6363,1400,13937718,0.985
6364,1400,8322857,1
6365,1400,7836506,0.999
6366,1400,19100221,0.776
6367,1400,16315480,0.938
6368,1400,5866090,1
6369,1400,17524346,0.886
6370,1400,17120765,0.96
6371,1400,10265775,0.995
6372,1400,11193218,0.997
6373,1400,17560229,0.9
6374,1400,10989921,0.985
6375,1400,8950014,1
6376,1400,12930873,0.989
6377,1400,10392164,0.996
6378,1400,13338184,0.98
6379,1400,14751682,0.954
6380,1400,18040648,0.818
6381,1400,9680092,0.987
6382,1400,9000599,1
6383,1400,11414997,0.988
6384,1400,8862253,1
6385,1400,18616258,0.908
6386,1400,10301647,0.997
6387,1400,11571781,0.992
6388,1400,9825469,0.993
6389,1400,16960159,0.92
6390,1400,7290295,0.999
6391,1400,17537072,0.941
6392,1400,10762243,1
6393,1400,10892542,0.999
6394,1400,9877486,0.999
6395,1400,17972956,0.933
6396,1400,14301482,0.954
6397,1400,6454491,1
6398,1400,11480919,0.994
6399,1400,13416334,0.988
6400,1400,15529570,0.972
6401,1400,10816565,0.982
6402,1400,12171333,0.979
6403,1400,8348629,0.998
6404,1400,12130300,0.997
6405,1400,17610119,0.925
6406,1400,15875347,0.889
6407,1400,12821723,0.995
6408,1400,18489767,0.898
6409,1400,14848717,0.987
6410,1400,11403993,0.991
6411,1400,10664584,0.992
6412,1400,12242546,0.991
6413,1400,15655772,0.952
6414,1400,12712656,0.966
6415,1400,6884838,0.999
6416,1400,16483383,0.956
6417,1400,10062660,0.99
6418,1400,16314520,0.778
6419,1400,12168028,0.982
6420,1400,11692633,0.982
6421,1400,8555299,0.999
6422,1400,12009903,0.985
6423,1400,11211088,0.994
6424,1400,12074427,0.972
6425,1400,7718187,0.999
6426,1400,11963962,0.993
6427,1400,12190430,0.981
6428,1400,15308418,0.954
6429,1400,17441290,0.939
6430,1400,7850973,1
6431,1400,12964472,0.993
6432,1400,11689254,0.99
6433,1400,10111422,0.964
6434,1400,16404521,0.9
6435,1400,12709225,0.988
6436,1400,10618135,0.994
6437,1400,14412223,0.987
6438,1400,12359957,0.977
6439,1400,9870834,0.993
6440,1400,7922431,0.993
6441,1400,13797109,0.974
6442,1400,10606465,0.996
6443,1400,10504864,0.997
6444,1400,13220233,0.975
6445,1400,16582724,0.986
6446,1400,19841025,0.932
6447,1400,8624725,0.997
6448,1400,13738767,0.987
6449,1400,8223705,0.997
6450,1400,18568221,0.881
6451,1400,13868104,0.896
6452,1400,11607244,0.989
6453,1400,15491982,0.93
6454,1400,10591509,0.992
6455,1400,17123906,0.944
6456,1400,16340561,0.968
6457,1400,17675312,0.777
6458,1400,13767709,0.991
6459,1400,15583546,0.956
6460,1400,17439496,0.948
6461,1400,12627733,0.994
6462,1400,10390220,0.996
6463,1400,13863058,0.975
6464,1400,17780472,0.8
6465,1400,16552606,0.972
6466,1400,16415184,0.964
6467,1400,8521369,1
6468,1400,8262848,0.998
6469,1400,13109151,0.979
6470,1400,14473618,0.99
6471,1400,10489376,0.989
6472,1400,12626863,0.984
6473,1400,11064121,0.992
6474,1400,15734871,0.964
6475,1400,13088696,0.989
6476,1400,20142932,0.945
6477,1400,10832517,0.999
6478,1400,5788837,1
6479,1400,14081147,0.987
6480,1400,15623396,0.896
6481,1400,14419501,0.979
6482,1400,10775155,0.994
6483,1400,9253014,0.994
6484,1400,7014539,1
6485,1400,6827544,0.999
6486,1400,8485965,0.997
6487,1400,9181966,1
6488,1400,12068407,0.983
6489,1400,13171673,0.979
6490,1400,17750384,0.983
6491,1400,12265715,0.977
6492,1400,7843610,0.997
6493,1400,9916272,0.99
6494,1400,12616205,0.969
6495,1400,14964873,0.928
6496,1400,9617531,0.999
6497,1400,8503361,0.996
6498,1400,10650441,0.996
6499,1400,8909649,0.999
6500,1400,10509045,0.991
6501,1400,17630547,0.97
6502,1400,15269295,0.993
6503,1400,20458542,0.821
6504,1400,10039121,1
6505,1400,12984003,0.982
6506,1400,14701657,0.98
6507,1400,12804023,0.998
6508,1400,12577665,0.984
6509,1400,12000718,0.996
6510,1400,13004512,0.972
6511,1400,10362966,0.972
6512,1400,13646657,0.99
6513,1400,14912601,0.996
6514,1400,14511607,0.97
6515,1400,17026165,0.927
6516,1400,17519193,0.878
6517,1400,8149198,0.998
6518,1400,16525704,0.848
6519,1400,12714217,0.985
6520,1400,9795260,0.996
6521,1400,9472857,0.993
6522,1400,7233183,0.999
6523,1400,12177213,0.996
6524,1400,20868285,0.962
6525,1400,8243740,0.999
6526,1400,12122612,0.995
6527,1400,20198159,0.824
6528,1400,18897983,0.829
6529,1400,10637536,0.996
6530,1400,10167244,0.992
6531,1400,11053063,0.998
6532,1400,14895017,0.957
6533,1400,9862055,0.991
6534,1400,8164168,1
6535,1400,11907548,0.99
6536,1400,13764637,0.977
6537,1400,11343087,0.981
6538,1400,7349057,0.997
6539,1400,19551273,0.83
6540,1400,12155831,0.995
6541,1400,10393126,0.995
6542,1400,20587509,0.809
6543,1400,11371102,1
6544,1400,12226409,0.989
6545,1400,15695293,0.967
6546,1400,19610024,0.9
6547,1400,16580571,0.881
6548,1400,11935096,0.99
6549,1400,14855547,0.912
6550,1400,12796174,0.99
6551,1400,19056239,0.821
6552,1400,11341484,0.964
6553,1400,12601463,0.995
6554,1400,9190632,0.983
6555,1400,10097593,0.996
6556,1400,10635854,0.979
6557,1400,16237631,0.98
6558,1400,14105418,0.981
6559,1400,8157693,1
6560,1400,9185416,0.991
6561,1400,19541144,0.816
6562,1400,9685151,0.995
6563,1400,7830472,0.999
6564,1400,11901048,1
6565,1400,11520782,0.976
6566,1400,10786747,0.992
6567,1400,13499064,0.983
6568,1400,18466800,0.937
6569,1400,14391048,0.992
6570,1400,7366524,0.987
6571,1400,11876318,0.996
6572,1400,15750684,0.954
6573,1400,14545435,0.977
6574,1400,11220032,0.994
6575,1400,13109368,0.982
6576,1400,9396742,0.99
6577,1400,6313285,1
6578,1400,12948518,0.996
6579,1400,16934764,0.925
6580,1400,13460376,0.982
6581,1400,17674666,0.938
6582,1400,14482545,0.967
6583,1400,12645825,0.983
6584,1400,12520298,0.975
6585,1400,9439672,0.987
6586,1400,9416820,0.999
6587,1400,11572958,0.999
6588,1400,13752614,0.98
6589,1400,17945022,0.898
6590,1400,6567349,0.997
6591,1400,17271833,0.941
6592,1400,14378454,0.982
6593,1400,16476022,0.895
6594,1400,16071854,0.96
6595,1400,11682078,0.996
6596,1400,12514464,0.966
6597,1400,12395073,0.989
6598,1400,14847506,0.978
6599,1400,15163690,0.97
6600,1400,18393028,0.841
6601,1400,13356712,0.974
6602,1400,13481374,0.985
6603,1400,17818242,0.921
6604,1400,16022558,0.981
6605,1400,8650310,0.999
6606,1400,17916857,0.965
6607,1400,12972207,0.943
6608,1400,10885343,0.998
6609,1400,19354706,0.951
6610,1400,14912580,0.957
6611,1400,15877213,0.979
6612,1400,9751085,0.987
6613,1400,12825827,0.967
6614,1400,15687437,0.977
6615,1400,10814531,0.998
6616,1400,11259740,0.987
6617,1400,12488456,0.99
6618,1400,14477173,0.979
6619,1400,16795950,0.957
6620,1400,9856452,0.993
6621,1400,14267402,0.981
6622,1400,19233422,0.875
6623,1400,15487117,0.943
6624,1400,10080252,0.997
6625,1400,7616276,1
6626,1400,14008449,0.99
6627,1400,12504065,0.988
6628,1400,18597354,0.895
6629,1400,11648000,0.997
6630,1400,17445568,0.959
6631,1400,17560316,0.951
6632,1400,10442738,0.997
6633,1400,15096674,0.967
6634,1400,10846906,0.994
6635,1400,14557825,0.994
6636,1400,10437226,0.995
6637,1400,11971391,0.971
6638,1400,9432625,0.994
6639,1400,8159702,0.997
6640,1400,10559424,1
6641,1400,10393274,0.988
6642,1400,9039945,0.996
6643,1400,6912254,1
6644,1400,15108770,0.952
6645,1400,15067411,0.95
6646,1400,15092381,0.979
6647,1400,10076193,0.986
6648,1400,9151819,0.997
6649,1400,15906765,0.977
6650,1400,12525075,0.996
6651,1400,10066198,0.997
6652,1400,10529836,0.974
6653,1400,13000020,0.995
6654,1400,9027760,0.999
6655,1400,18213121,0.909
6656,1400,8616034,1
6657,1400,17969300,0.788
6658,1400,16025934,0.941
6659,1400,11432747,0.988
6660,1400,9706866,0.989
6661,1400,17809684,0.8
6662,1400,15309342,0.989
6663,1400,15923483,0.94
6664,1400,10006960,0.987
6665,1400,14971456,0.98
6666,1400,17707903,0.858
6667,1400,9407811,0.999
6668,1400,15728223,0.921
6669,1400,15404083,0.988
6670,1400,7492982,1
6671,1400,17945289,0.91
6672,1400,13454730,0.954
6673,1400,19311313,0.829
6674,1400,17309282,0.777
6675,1400,11310704,0.994
6676,1400,12022382,0.995
6677,1400,8151862,1
6678,1400,18481877,0.917
6679,1400,11225052,1
6680,1400,9574114,0.99
6681,1400,13598638,0.954
6682,1400,18143415,0.933
6683,1400,10953388,0.985
6684,1400,15629700,0.918
6685,1400,14476113,0.956
6686,1400,15216595,0.933
6687,1400,9784929,0.993
6688,1400,19144485,0.911
6689,1400,17998155,0.693
6690,1400,14118787,0.953
6691,1400,11242680,0.982
6692,1400,14216606,0.989
6693,1400,10764264,0.987
6694,1400,12408226,0.963
6695,1400,18812735,0.836
6696,1400,11297262,0.963
6697,1400,14921824,0.983
6698,1400,17120108,0.94
6699,1400,13320942,0.992
6700,1400,17197278,0.965
6701,1400,15875034,0.986
6702,1400,12948467,0.991
6703,1400,10020620,0.999
6704,1400,11268863,0.987
6705,1400,20056019,0.862
6706,1400,13695340,0.979
6707,1400,10742723,0.985
6708,1400,14939208,0.968
6709,1400,10529047,0.996
6710,1400,12131144,0.998
6711,1400,13030836,0.979
6712,1400,10042819,1
6713,1400,12352427,0.996
6714,1400,15674787,0.95
6715,1400,12086130,0.989
6716,1400,19367700,0.779
6717,1400,18400431,0.917
6718,1400,11885747,0.992
6719,1400,17075998,0.855
6720,1400,17215110,0.953
6721,1400,16272161,0.973
6722,1400,16672823,0.934
6723,1400,9936790,0.995
6724,1400,15396896,0.949
6725,1400,11033414,0.996
6726,1400,17967352,0.938
6727,1400,10729374,0.995
6728,1400,9448294,0.999
6729,1400,10615290,0.993
6730,1400,11995195,0.98
6731,1400,9326129,1
6732,1400,20030004,0.885
6733,1400,14741207,0.97
6734,1400,11974738,0.999
6735,1400,11903911,0.983
6736,1400,8311901,0.989
6737,1400,15199673,0.966
6738,1400,10121238,0.998
6739,1400,14867850,0.934
6740,1400,16723571,0.961
6741,1400,7680512,0.999
6742,1400,16249643,0.986
6743,1400,9465157,0.999
6744,1400,9796641,0.996
6745,1400,16665014,0.914
6746,1400,14008854,0.954
6747,1400,11402028,0.987
6748,1400,13861057,0.996
6749,1400,4782427,1
6750,1400,12473230,0.992
6751,1400,18012999,0.845
6752,1400,10775412,0.999
6753,1400,16799395,0.864
6754,1400,14860211,0.793
6755,1400,12966204,1
6756,1400,8200402,0.999
6757,1400,6791953,0.999
6758,1400,17067237,0.944
6759,1400,8889644,0.997
6760,1400,18512476,0.786
6761,1400,14123165,0.963
6762,1400,13443025,0.993
6763,1400,14244935,0.977
6764,1400,12682639,0.988
6765,1400,11934792,0.987
6766,1400,11049637,0.999
6767,1400,12407540,0.996
6768,1400,13416868,0.986
6769,1400,10938873,0.997
6770,1400,8903600,0.999
6771,1400,7578718,0.999
6772,1400,16169817,0.946
6773,1400,15249727,0.907
6774,1400,14755802,0.898
6775,1400,16133020,0.936
6776,1400,17845211,0.919
6777,1400,7442432,0.998
6778,1400,12054564,0.998
6779,1400,13537689,0.992
6780,1400,18400937,0.885
6781,1400,15643314,0.913
6782,1400,8267174,1
6783,1400,11287441,0.991
6784,1400,13120545,0.985
6785,1400,13383432,0.969
6786,1400,9264478,0.997
6787,1400,13379830,0.981
6788,1400,15688650,0.644
6789,1400,19720467,0.908
6790,1400,8465389,0.999
6791,1400,11024837,0.984
6792,1400,19943146,0.796
6793,1400,15620194,0.98
6794,1400,13139191,0.97
6795,1400,17813748,0.755
6796,1400,14209007,0.983
6797,1400,14757079,0.975
6798,1400,13812859,0.979
6799,1400,12589457,0.993
6800,1400,10861542,0.996
6801,1400,10414333,0.994
6802,1400,14295758,0.986
6803,1400,9460928,0.999
6804,1400,10839934,0.994
6805,1400,9050539,1
6806,1400,11731726,0.995
6807,1400,10881309,1
6808,1400,9912193,1
6809,1400,17668075,0.913
6810,1400,12433692,0.986
6811,1400,10054388,0.997
6812,1400,13594718,0.995
6813,1400,12545988,0.994
6814,1400,18755321,0.803
6815,1400,14593256,0.97
6816,1400,10749052,0.997
6817,1400,12437983,0.974
6818,1400,9549199,0.999
6819,1400,10220449,1
6820,1400,15432362,0.911
6821,1400,11483622,0.964
6822,1400,10625957,0.987
6823,1400,10085375,1
6824,1400,9955842,0.994
6825,1400,16945530,0.909
6826,1400,19637210,0.874
6827,1400,9512929,0.999
6828,1400,15978614,0.956
6829,1400,15654289,0.959
6830,1400,10779921,0.994
6831,1400,5224136,0.998
6832,1400,9382641,0.999
6833,1400,10997021,0.987
6834,1400,14439392,0.989
6835,1400,6687233,1
6836,1400,11940250,0.995
6837,1400,12389684,0.981
6838,1400,17822700,0.953
6839,1400,11605682,0.993
6840,1400,10638860,0.99
6841,1400,16044319,0.976
6842,1400,9009891,0.998
6843,1400,12266463,0.937
6844,1400,13380400,0.991
6845,1400,20489901,0.733
6846,1400,13672013,0.995
6847,1400,17859147,0.946
6848,1400,15313378,0.954
6849,1400,11161053,0.997
6850,1400,11086381,0.99
6851,1400,12337304,0.949
6852,1400,5619918,1
6853,1400,11280013,0.99
6854,1400,7448980,1
6855,1400,9233994,0.995
6856,1400,9460292,0.995
6857,1400,17344992,0.856
6858,1400,17070330,0.976
6859,1400,11547622,0.993
6860,1400,9383768,0.998
6861,1400,15315364,0.828
6862,1400,8961400,0.992
6863,1400,10607640,0.998
6864,1400,7089114,0.998
6865,1400,14781619,0.978
6866,1400,17494842,0.937
6867,1400,12104652,0.966
6868,1400,10840862,0.993
6869,1400,9466665,1
6870,1400,11178956,0.994
6871,1400,9857440,0.998
6872,1400,13334154,0.985
6873,1400,11629426,0.991
6874,1400,8428820,1
6875,1400,15088959,0.921
6876,1400,12115515,0.993
6877,1400,12358044,0.991
6878,1400,13844778,0.95
6879,1400,10608207,0.995
6880,1400,8507284,0.994
6881,1400,7290834,0.999
6882,1400,15161933,0.976
6883,1400,7942382,0.991
6884,1400,10123063,1
6885,1400,9554162,0.997
6886,1400,15828037,0.979
6887,1400,16649067,0.952
6888,1400,8070110,0.998
6889,1400,14808073,0.963
6890,1400,14012581,0.984
6891,1400,14076820,0.962
6892,1400,13565740,0.99
6893,1400,14307490,0.917
6894,1400,10915898,0.99
6895,1400,10240952,0.994
6896,1400,12821970,0.988
6897,1400,9926981,0.995
6898,1400,14511355,0.954
6899,1400,14473560,0.945
6900,1400,12825214,0.993
6901,1400,7138365,0.998
6902,1400,18495027,0.891
6903,1400,13221137,0.988
6904,1400,14445631,0.985
6905,1400,15267209,0.879
6906,1400,17160790,0.818
6907,1400,17009866,0.93
6908,1400,11977795,0.979
6909,1400,15564076,0.914
6910,1400,9641691,0.995
6911,1400,9238997,1
6912,1400,9026570,1
6913,1400,7758167,0.999
6914,1400,16155667,0.889
6915,1400,19627827,0.875
6916,1400,16162673,0.943
6917,1400,9403690,0.999
6918,1400,10378799,0.995
6919,1400,18173510,0.893
6920,1400,10797436,0.977
6921,1400,13262245,0.98
6922,1400,14085190,0.834
6923,1400,7418264,0.996
6924,1400,13620895,0.979
6925,1400,14073767,0.979
6926,1400,8917271,0.996
6927,1400,17186297,0.895
6928,1400,12489290,0.988
6929,1400,11181877,1
6930,1400,8776222,0.999
6931,1400,9947655,0.984
6932,1400,10892533,0.995
6933,1400,11207358,0.99
6934,1400,8098366,0.998
6935,1400,9858895,0.998
6936,1400,12229044,0.998
6937,1400,8353053,1
6938,1400,7436850,0.997
6939,1400,12996498,0.97
6940,1400,14342127,0.984
6941,1400,12107711,0.988
6942,1400,9963721,0.991
6943,1400,19308255,0.91
6944,1400,10050734,0.999
6945,1400,14879911,0.954
6946,1400,15391677,0.967
6947,1400,15683912,0.954
6948,1400,18815626,0.853
6949,1400,15108689,0.993
6950,1400,9392497,0.991
6951,1400,8203216,0.999
6952,1400,9235553,1
6953,1400,13029623,0.977
6954,1400,18347905,0.839
6955,1400,12964701,0.989
6956,1400,8453858,1
6957,1400,15000252,0.972
6958,1400,12507509,0.995
6959,1400,15693484,0.961
6960,1400,11292806,0.998
6961,1400,10304632,0.996
6962,1400,14384673,0.969
6963,1400,16416663,0.881
6964,1400,8574203,1
6965,1400,11518224,0.997
6966,1400,14893552,0.77
6967,1400,6750082,1
6968,1400,9727554,0.999
6969,1400,17090984,0.891
6970,1400,9175081,0.996
6971,1400,6151356,1
6972,1400,10287238,0.999
6973,1400,12938046,0.956
6974,1400,11135747,0.996
6975,1400,16922960,0.874
6976,1400,12492579,0.994
6977,1400,7473126,0.998
6978,1400,15581345,0.975
6979,1400,7067206,1
