query_id,cv,recall
0,0.18437,0.94
1,0.251677,1
2,0.194048,0.93
3,0.231008,1
4,0.162419,0.86
5,0.202142,0.96
6,0.187023,0.82
7,0.166386,0.7
8,0.189723,0.9
9,0.187194,0.85
10,0.169496,0.89
11,0.331161,0.99
12,0.201612,0.96
13,0.232821,0.93
14,0.223655,0.95
15,0.166751,0.77
16,0.159236,0.65
17,0.193646,0.85
18,0.162259,0.73
19,0.199225,0.95
20,0.184581,0.9
21,1.01787,1
22,0.215628,0.99
23,0.180949,0.87
24,0.154163,0.63
25,0.21392,0.95
26,0.222529,0.91
27,0.157547,0.67
28,0.183182,0.79
29,1.00598,1
30,0.140203,0.59
31,0.301472,0.98
32,0.167201,0.83
33,0.190604,0.93
34,0.519138,1
35,0.160517,0.8
36,0.156709,0.82
37,0.335181,1
38,0.250304,0.99
39,0.177778,0.83
40,0.131072,0.58
41,0.198702,0.97
42,0.247985,1
43,0.201823,0.96
44,0.169639,0.82
45,0.144601,0.6
46,0.248325,0.95
47,1.00983,1
48,0.154418,0.69
49,0.161087,0.63
50,0.187829,0.82
51,0.194758,0.91
52,0.213338,0.95
53,0.229134,0.93
54,0.154051,0.65
55,0.165232,0.9
56,0.312153,1
57,0.134842,0.56
58,0.251236,0.99
59,0.29759,1
60,0.176223,0.9
61,0.175189,0.85
62,0.189887,0.9
63,0.143097,0.53
64,0.261169,1
65,0.330119,0.95
66,0.173337,0.78
67,0.160699,0.7
68,0.169059,0.82
69,0.149026,0.55
70,0.177809,0.87
71,0.224199,0.96
72,0.179683,0.8
73,0.237343,0.96
74,0.195094,0.82
75,0.171267,0.92
76,0.177529,0.78
77,0.239323,0.98
78,0.170703,0.9
79,0.191821,0.86
80,0.178499,0.93
81,0.260269,1
82,0.176875,0.92
83,0.17125,0.82
84,0.17114,0.8
85,0.223334,0.99
86,0.193012,0.91
87,0.387811,1
88,0.160988,0.86
89,0.160479,0.74
90,0.179108,0.87
91,0.117423,0.44
92,0.209015,0.74
93,0.124034,0.42
94,0.229002,1
95,0.178725,0.82
96,3.27238,1
97,0.469029,1
98,0.166463,0.73
99,0.199891,0.99
100,0.248788,0.99
101,0.206224,0.93
102,0.21203,0.94
103,0.147628,0.74
104,0.171688,0.85
105,0.135816,0.37
106,0.227498,0.99
107,0.189779,0.97
108,0.135655,0.39
109,0.220726,0.96
110,0.159598,0.84
111,0.19154,0.92
112,0.147347,0.63
113,0.19451,0.93
114,0.232275,0.95
115,0.204956,0.92
116,0.160159,0.66
117,0.282382,0.99
118,0.24358,1
119,0.149406,0.74
120,0.250114,0.96
121,0.300272,0.98
122,0.1584,0.83
123,0.195105,0.87
124,0.16864,0.75
125,0.162115,0.69
126,0.15674,0.81
127,0.172849,0.92
128,0.155238,0.66
129,0.192381,0.91
130,0.177029,0.83
131,0.17188,0.61
132,0.15448,0.72
133,0.191629,0.85
134,0.155178,0.67
135,0.143482,0.66
136,0.211518,0.98
137,0.235731,0.99
138,0.185943,0.87
139,0.202863,0.98
140,0.19484,0.86
141,0.185041,0.89
142,0.272516,0.91
143,0.188436,0.86
144,0.169717,0.89
145,0.18811,0.95
146,0.247798,0.88
147,0.184391,0.97
148,0.142791,0.77
149,0.159379,0.89
150,0.189675,0.73
151,0.393487,0.99
152,0.222719,0.96
153,0.166471,0.78
154,0.173283,0.86
155,0.575783,1
156,0.184101,0.75
157,0.213873,0.97
158,0.509281,1
159,0.166122,0.92
160,0.264055,1
161,0.204378,0.92
162,0.184888,0.91
163,0.210178,1
164,0.156654,0.76
165,0.157178,0.73
166,0.175625,0.84
167,0.155615,0.74
168,0.143366,0.7
169,0.15357,0.6
170,0.184319,0.95
171,0.186846,0.86
172,0.310521,0.96
173,0.181146,0.95
174,0.217644,0.98
175,0.248546,0.98
176,0.161775,0.79
177,0.254601,0.99
178,0.276781,0.98
179,0.185035,0.87
180,0.213056,0.96
181,0.136124,0.65
182,0.163028,0.74
183,0.214313,0.93
184,0.192767,0.96
185,0.183442,0.81
186,0.234903,0.99
187,0.201252,0.93
188,0.153485,0.71
189,0.164056,0.9
190,0.175013,0.8
191,0.30982,1
192,0.139308,0.71
193,0.208558,0.9
194,0.166261,0.83
195,0.159521,0.76
196,0.170542,0.83
197,0.269895,0.97
198,0.304837,0.99
199,0.15306,0.64
200,0.187528,0.91
201,0.201692,0.87
202,0.181112,0.9
203,0.156535,0.68
204,0.160046,0.78
205,0.190881,0.87
206,0.220687,0.86
207,0.15023,0.62
208,0.177867,0.72
209,0.180252,0.79
210,0.180439,0.79
211,0.167603,0.83
212,0.125127,0.46
213,0.167081,0.92
214,0.225939,0.98
215,0.170012,0.85
216,0.198563,0.94
217,0.175868,0.82
218,0.216206,0.93
219,0.226417,0.94
220,0.210707,0.93
221,0.342947,0.99
222,0.222598,0.98
223,0.138404,0.72
224,0.158585,0.81
225,0.228858,0.98
226,0.168233,0.84
227,0.388292,1
228,0.179561,0.91
229,0.165297,0.83
230,0.195557,0.94
231,0.161832,0.76
232,0.184324,0.92
233,0.148245,0.76
234,0.187837,0.85
235,0.147734,0.72
236,0.184495,0.83
237,0.156941,0.7
238,0.170373,0.72
239,0.250512,0.99
240,0.164051,0.79
241,0.325231,0.94
242,0.15567,0.58
243,0.399697,0.99
244,0.192613,0.89
245,0.138865,0.65
246,0.139521,0.74
247,0.504601,0.95
248,0.18135,0.84
249,0.152156,0.68
250,0.217964,0.99
251,0.201874,0.99
252,0.175945,0.74
253,0.2488,0.99
254,0.249029,0.98
255,0.188927,0.89
256,0.164692,0.8
257,0.172267,0.97
258,0.202173,0.92
259,0.214942,0.98
260,0.161571,0.92
261,0.130974,0.75
262,0.225792,0.99
263,0.201712,0.89
264,0.165817,0.75
265,0.133103,0.75
266,0.569037,1
267,0.295371,0.99
268,0.175892,0.86
269,0.145915,0.55
270,0.19139,0.77
271,0.174095,0.84
272,0.232107,0.99
273,0.21422,0.9
274,0.172012,0.85
275,0.173994,0.93
276,0.209943,0.93
277,0.161857,0.75
278,0.214689,1
279,0.219086,0.96
280,0.194881,0.82
281,0.167064,0.74
282,0.148216,0.65
283,0.208783,0.95
284,0.150085,0.69
285,0.166702,0.83
286,0.146845,0.64
287,0.245731,0.99
288,0.154122,0.8
289,0.207707,0.98
290,0.238566,0.98
291,0.161126,0.76
292,0.17438,0.77
293,0.166979,0.82
294,0.155658,0.67
295,0.182656,0.94
296,0.188588,0.85
297,0.21756,0.92
298,0.451778,1
299,0.1749,0.89
300,0.185412,0.86
301,0.129391,0.46
302,0.164386,0.73
303,0.168712,0.78
304,0.180958,0.86
305,0.174885,0.73
306,0.193005,0.89
307,0.230449,0.97
308,0.211472,0.93
309,0.147518,0.64
310,0.168798,0.76
311,0.201467,0.83
312,0.203905,0.93
313,0.178762,0.79
314,0.170391,0.88
315,0.177641,0.84
316,0.151236,0.52
317,0.197637,0.92
318,0.194606,0.93
319,0.11718,0.34
320,0.185286,0.91
321,0.151505,0.81
322,0.206606,0.91
323,0.233237,0.99
324,0.180455,0.78
325,0.24162,0.98
326,0.222482,0.96
327,0.119579,0.21
328,0.187209,0.91
329,0.361738,1
330,0.173075,0.71
331,0.156742,0.6
332,0.229022,0.94
333,0.183889,0.87
334,0.177046,0.92
335,0.325492,1
336,0.171211,0.83
337,0.163624,0.78
338,0.192288,0.97
339,0.161294,0.83
340,0.292837,0.99
341,0.21512,0.95
342,0.202199,0.95
343,0.155973,0.74
344,0.186518,0.89
345,0.219535,0.88
346,0.248304,0.98
347,0.309772,1
348,0.165076,0.82
349,0.21769,0.95
350,0.198727,0.85
351,0.198362,0.92
352,0.338507,1
353,0.178281,0.89
354,0.165909,0.74
355,0.200837,0.89
356,0.163862,0.83
357,0.149792,0.6
358,0.247207,1
359,0.160014,0.77
360,0.262773,0.97
361,0.176642,0.81
362,0.179368,0.79
363,0.186704,0.91
364,0.174205,0.78
365,0.174904,0.81
366,0.237588,0.93
367,0.215248,0.93
368,0.224239,0.98
369,0.185276,0.89
370,0.134423,0.55
371,0.161879,0.64
372,0.174924,0.83
373,0.162026,0.79
374,0.14653,0.69
375,0.206775,0.92
376,0.205702,0.91
377,0.298708,1
378,0.240723,1
379,0.216269,0.95
380,0.21118,0.98
381,0.259445,1
382,0.181661,0.78
383,0.180487,0.98
384,0.185068,0.95
385,0.162734,0.73
386,0.139029,0.7
387,0.190303,0.88
388,0.160687,0.78
389,0.20163,0.94
390,0.172451,0.87
391,0.155811,0.8
392,0.176101,0.87
393,0.159212,0.73
394,0.174436,0.89
395,0.141687,0.69
396,0.255897,1
397,0.172283,0.83
398,0.205637,0.95
399,0.166359,0.93
400,0.162624,0.61
401,0.21885,0.91
402,0.186645,0.92
403,0.15266,0.78
404,0.217346,1
405,0.175878,0.86
406,0.153367,0.73
407,0.180011,0.87
408,0.654745,0.98
409,0.175469,0.81
410,0.198624,0.94
411,0.199459,0.89
412,0.157078,0.84
413,0.211642,0.88
414,0.174443,0.89
415,0.222158,0.95
416,0.218599,0.88
417,0.167848,0.76
418,0.204043,0.95
419,0.198765,0.92
420,0.235765,0.89
421,0.173641,0.75
422,0.216769,0.98
423,0.168752,0.68
424,0.255321,0.99
425,0.245513,0.97
426,0.156145,0.73
427,0.206745,0.97
428,0.212485,0.97
429,0.231045,0.97
430,0.302407,0.97
431,0.24611,0.93
432,0.195459,0.89
433,0.175909,0.87
434,0.178821,0.82
435,0.21873,0.91
436,0.183818,0.82
437,0.16731,0.89
438,0.228927,0.89
439,0.169783,0.83
440,0.159573,0.73
441,0.244427,0.97
442,0.148611,0.71
443,0.23849,0.99
444,0.47384,0.99
445,0.156945,0.86
446,0.195699,0.87
447,0.158011,0.74
448,0.214425,0.96
449,0.188813,0.86
450,0.170436,0.8
451,0.286501,1
452,0.241095,0.98
453,0.161196,0.58
454,0.227805,0.98
455,0.194201,0.93
456,0.200411,0.9
457,0.207944,0.97
458,0.165617,0.88
459,0.195491,0.96
460,0.202205,0.94
461,0.209241,0.91
462,0.195048,0.89
463,0.223164,0.98
464,0.227413,0.97
465,0.187025,0.91
466,0.202631,0.91
467,0.173052,0.85
468,0.15333,0.77
469,0.187088,0.89
470,0.237268,0.98
471,0.204532,0.94
472,0.137348,0.78
473,0.1658,0.8
474,0.277826,0.99
475,0.241771,1
476,0.176317,0.8
477,0.254758,0.96
478,0.163203,0.69
479,0.196188,0.93
480,0.198061,1
481,0.142628,0.61
482,0.209795,0.98
483,0.161646,0.78
484,0.172047,0.93
485,0.158922,0.77
486,0.186915,0.92
487,0.296043,1
488,0.153614,0.7
489,0.214308,0.98
490,0.181925,0.97
491,0.216404,0.96
492,0.195226,0.99
493,0.285193,0.98
494,0.200135,0.97
495,0.147054,0.72
496,0.177753,0.94
497,0.201561,0.98
498,0.165412,0.8
499,0.177938,0.88
500,0.170639,0.78
501,0.16182,0.75
502,0.180967,0.98
503,0.252611,0.98
504,0.202999,0.88
505,0.187197,0.88
506,0.19172,0.88
507,0.164956,0.79
508,0.180738,0.81
509,0.172645,0.84
510,0.199325,0.86
511,0.999418,1
512,0.239184,1
513,0.213438,0.97
514,0.157692,0.58
515,0.162079,0.74
516,0.200563,0.97
517,0.224748,0.99
518,0.226474,0.93
519,0.214353,0.96
520,0.134474,0.72
521,0.160097,0.88
522,0.195109,0.95
523,0.275191,0.99
524,0.204844,0.94
525,0.211555,0.94
526,0.171466,0.78
527,0.180663,0.83
528,0.192094,0.93
529,0.173979,0.88
530,0.312636,0.96
531,0.208934,0.97
532,0.137459,0.67
533,0.266398,0.98
534,0.14553,0.45
535,0.180314,0.88
536,0.187124,0.84
537,0.17323,0.9
538,0.22292,0.95
539,0.283444,1
540,0.235421,0.98
541,0.178752,0.81
542,0.208874,0.97
543,0.195369,0.96
544,0.165652,0.79
545,0.203443,0.97
546,0.23584,0.98
547,0.619283,1
548,0.165897,0.92
549,0.165916,0.82
550,0.166817,0.82
551,0.191453,0.81
552,0.120519,0.44
553,0.161087,0.82
554,0.148229,0.82
555,0.321218,0.98
556,0.190654,0.94
557,0.167955,0.69
558,0.168983,0.9
559,0.557481,1
560,0.521736,1
561,0.170048,0.9
562,0.192762,0.89
563,0.192667,0.95
564,0.160059,0.72
565,0.189003,0.97
566,0.203373,0.9
567,0.236003,0.98
568,0.176194,0.89
569,0.183665,0.95
570,0.123645,0.52
571,0.158373,0.72
572,0.202984,0.88
573,0.170784,0.92
574,0.172063,0.83
575,0.190461,0.87
576,0.150634,0.53
577,0.180926,0.82
578,0.165279,0.6
579,0.164416,0.63
580,0.151725,0.76
581,0.21035,0.91
582,0.182237,0.88
583,0.204083,0.95
584,0.179226,0.88
585,0.186436,0.98
586,0.156086,0.73
587,0.168578,0.77
588,0.163668,0.86
589,0.197623,0.86
590,0.159818,0.81
591,0.139673,0.43
592,0.168218,0.63
593,0.346447,0.99
594,0.17076,0.84
595,0.180812,0.78
596,0.155727,0.73
597,0.202753,0.94
598,0.194912,0.89
599,0.244415,0.98
600,0.249024,1
601,0.211397,0.88
602,0.170152,0.73
603,0.255536,0.99
604,0.211255,0.98
605,0.303031,1
606,0.219709,0.94
607,0.204597,0.95
608,0.191891,0.84
609,0.198205,0.94
610,0.64275,1
611,1.45137,1
612,0.194239,0.96
613,0.190045,0.96
614,0.148947,0.61
615,0.169589,0.81
616,0.188259,0.9
617,0.253127,0.99
618,0.17813,0.88
619,0.134863,0.71
620,0.156805,0.69
621,0.22757,0.93
622,0.158831,0.83
623,0.185772,0.95
624,0.189743,0.85
625,0.172563,0.79
626,0.303248,0.99
627,0.160042,0.83
628,0.187728,0.84
629,0.225746,1
630,0.148972,0.62
631,0.21746,0.99
632,0.374724,0.95
633,0.218882,0.95
634,0.187441,0.86
635,0.149671,0.64
636,0.264153,0.96
637,0.166696,0.73
638,0.215911,0.94
639,0.186795,0.83
640,0.191804,0.83
641,0.171574,0.84
642,0.164779,0.79
643,0.23327,0.8
644,0.185574,0.88
645,0.2542,0.99
646,0.198326,0.9
647,0.259806,0.99
648,0.217661,0.98
649,0.183371,0.75
650,0.131493,0.56
651,0.22254,0.97
652,0.230446,0.98
653,0.203417,0.91
654,0.210777,0.97
655,0.267151,1
656,0.16476,0.88
657,0.17148,0.8
658,0.21848,0.96
659,0.166635,0.88
660,0.199385,0.97
661,0.178395,0.9
662,0.352085,1
663,0.194046,0.92
664,0.179911,0.8
665,0.129157,0.62
666,0.169184,0.89
667,0.160187,0.66
668,0.224589,0.95
669,0.218039,0.99
670,0.546738,0.98
671,0.210827,0.99
672,0.20415,0.91
673,0.140141,0.6
674,0.181425,0.84
675,0.177986,0.82
676,0.143725,0.89
677,0.176203,0.86
678,0.200907,0.98
679,0.153724,0.76
680,0.153401,0.77
681,0.132659,0.41
682,0.180584,0.84
683,0.161131,0.78
684,0.137036,0.57
685,0.198176,0.92
686,0.192875,0.91
687,0.153818,0.7
688,0.189837,0.8
689,0.158202,0.72
690,0.164625,0.75
691,0.1625,0.76
692,0.445777,1
693,0.186148,0.88
694,0.20758,0.93
695,0.193473,0.94
696,0.25367,0.98
697,0.182497,0.89
698,0.140967,0.45
699,0.191723,0.83
700,0.166551,0.77
701,0.177539,0.72
702,0.753345,1
703,0.2202,0.93
704,0.166916,0.75
705,0.188168,0.84
706,0.235509,0.9
707,0.194921,0.89
708,0.216087,0.92
709,0.235517,0.99
710,0.191376,0.9
711,0.245409,0.99
712,0.207633,0.97
713,0.216925,0.94
714,0.203104,0.89
715,0.134172,0.45
716,0.207269,0.91
717,0.23402,0.91
718,0.186011,0.89
719,0.200384,0.95
720,0.183094,0.88
721,0.136332,0.4
722,0.182392,0.83
723,0.191852,0.85
724,0.210517,0.95
725,0.193319,0.79
726,0.260892,0.99
727,0.19064,0.86
728,0.185426,0.88
729,0.232186,0.95
730,0.14501,0.8
731,0.17549,0.88
732,0.170823,0.91
733,0.168793,0.96
734,0.202455,0.83
735,0.208589,0.98
736,0.182469,0.89
737,0.214811,0.98
738,0.250268,1
739,0.211537,0.96
740,0.134834,0.63
741,0.178061,0.82
742,0.206086,0.9
743,0.171981,0.96
744,0.192418,0.96
745,0.244752,0.98
746,0.195117,0.79
747,0.176637,0.74
748,0.204764,0.99
749,0.190207,0.9
750,0.164557,0.69
751,0.172854,0.84
752,0.341711,0.97
753,0.235934,0.99
754,0.14194,0.5
755,0.214302,0.99
756,0.249744,0.99
757,0.336672,0.96
758,0.176058,0.88
759,0.259668,1
760,0.18652,0.88
761,0.282401,0.98
762,0.162383,0.74
763,0.168987,0.76
764,0.165592,0.79
765,0.165231,0.7
766,0.175072,0.79
767,0.211359,0.94
768,0.259138,0.99
769,0.172873,0.78
770,0.146502,0.43
771,0.288818,0.98
772,0.132053,0.38
773,0.21542,0.97
774,0.212154,0.88
775,0.190679,0.82
776,0.173195,0.84
777,0.161079,0.78
778,0.174495,0.9
779,0.173177,0.84
780,0.254148,0.99
781,0.253398,0.97
782,0.19103,0.95
783,0.146008,0.8
784,0.210305,0.94
785,0.174546,0.77
786,0.181764,0.9
787,0.262174,0.98
788,0.205882,0.93
789,0.19888,0.84
790,0.201674,0.95
791,0.190852,0.92
792,0.150278,0.71
793,0.181206,0.74
794,0.161184,0.68
795,0.175045,0.87
796,0.244785,1
797,0.258336,0.98
798,0.174326,0.89
799,0.199729,0.9
800,0.188832,0.96
801,0.168409,0.8
802,0.210949,0.9
803,0.173437,0.85
804,0.144135,0.62
805,0.231284,0.97
806,0.161706,0.73
807,1.08505,1
808,0.23227,1
809,0.217604,0.85
810,0.189411,0.78
811,0.167646,0.72
812,0.190596,0.82
813,0.230942,0.98
814,0.220661,0.95
815,0.599938,1
816,0.190963,0.92
817,0.23154,0.92
818,0.199201,0.94
819,0.181552,0.9
820,0.149644,0.66
821,0.171075,0.74
822,0.202177,0.98
823,0.162258,0.85
824,0.14611,0.7
825,0.153391,0.9
826,0.142472,0.75
827,0.216869,0.98
828,0.211946,0.99
829,0.146282,0.65
830,0.155843,0.64
831,0.176989,0.89
832,0.265759,0.94
833,0.150667,0.59
834,0.155502,0.72
835,0.165849,0.69
836,0.304428,0.98
837,0.240426,0.97
838,0.206178,0.96
839,0.16145,0.78
840,0.210407,0.95
841,0.213728,0.97
842,0.161861,0.84
843,0.368077,1
844,0.357951,0.99
845,0.224773,0.92
846,0.156057,0.84
847,0.156918,0.58
848,0.202929,0.91
849,0.142586,0.5
850,0.173072,0.81
851,0.187241,0.84
852,0.2311,0.99
853,0.174201,0.94
854,0.181605,0.81
855,0.357808,1
856,0.186533,0.87
857,0.254681,0.98
858,0.305647,0.96
859,0.180172,0.93
860,0.153881,0.71
861,0.307853,0.99
862,0.135627,0.55
863,0.34556,0.99
864,0.280952,0.97
865,0.232659,0.99
866,0.179217,0.9
867,0.254734,1
868,0.132495,0.5
869,0.198906,0.91
870,0.231659,0.95
871,0.212819,0.95
872,0.26552,0.99
873,0.210585,0.93
874,0.185035,0.9
875,0.337832,0.99
876,1.43711,1
877,0.296377,1
878,0.19951,0.94
879,0.213675,0.99
880,0.150954,0.77
881,0.239925,0.97
882,0.129877,0.72
883,0.164435,0.71
884,0.198368,0.84
885,0.230377,0.98
886,0.197003,0.95
887,0.201062,0.92
888,0.151163,0.62
889,0.15058,0.75
890,0.189514,0.85
891,0.18915,0.95
892,0.169785,0.75
893,0.308523,0.99
894,0.177966,0.87
895,0.143552,0.61
896,0.212491,0.94
897,0.289186,0.96
898,0.17477,0.85
899,0.193139,0.85
900,0.20185,0.97
901,0.193696,0.9
902,0.203642,0.91
903,0.256415,0.97
904,0.198745,0.86
905,0.148068,0.78
906,0.230461,0.94
907,0.203112,0.92
908,0.242249,0.99
909,0.21762,0.95
910,0.210046,1
911,0.168486,0.78
912,0.208982,0.9
913,0.174652,0.69
914,0.228913,0.98
915,0.158888,0.63
916,0.163435,0.65
917,0.227645,0.98
918,0.151186,0.82
919,0.193805,0.92
920,0.193521,0.92
921,0.173841,0.92
922,0.167259,0.77
923,0.297038,1
924,0.204901,0.96
925,0.136449,0.59
926,0.209944,0.97
927,0.181459,0.9
928,0.143319,0.64
929,0.212211,0.93
930,0.155662,0.78
931,0.173253,0.89
932,0.240098,0.97
933,0.217578,0.95
934,0.194696,0.88
935,0.226174,0.9
936,0.176811,0.86
937,0.195324,0.76
938,0.161165,0.84
939,0.218545,0.98
940,0.166361,0.85
941,0.201992,0.9
942,0.165696,0.92
943,0.189664,0.87
944,0.197208,0.93
945,0.220538,0.94
946,0.168054,0.89
947,0.167918,0.76
948,0.179143,0.96
949,0.17504,0.81
950,0.211697,0.98
951,0.212828,0.95
952,0.197042,0.9
953,0.160873,0.8
954,0.237982,0.97
955,0.186094,0.89
956,0.14508,0.52
957,0.197625,0.9
958,0.200742,0.96
959,0.190708,0.9
960,0.182367,0.91
961,0.185453,0.88
962,0.143064,0.64
963,0.170381,0.88
964,0.194235,0.93
965,0.208862,0.94
966,0.179656,0.79
967,0.240741,1
968,0.154833,0.68
969,0.1364,0.42
970,0.221914,0.98
971,0.203618,0.82
972,0.258319,0.96
973,0.194252,0.82
974,0.142805,0.44
975,0.362803,1
976,0.160045,0.79
977,0.201038,0.89
978,0.138537,0.72
979,0.177616,0.81
980,0.16628,0.77
981,0.150707,0.6
982,0.308,0.99
983,0.204031,0.95
984,0.222053,0.93
985,0.189497,0.83
986,0.162181,0.84
987,0.195042,0.93
988,0.175183,0.75
989,0.22885,0.94
990,0.18632,0.78
991,0.198506,0.91
992,0.15396,0.81
993,0.270659,1
994,0.173788,0.79
995,0.160236,0.75
996,0.180806,0.88
997,0.215988,0.95
998,0.204961,0.85
999,0.132743,0.32
1000,0.224763,0.97
1001,0.204305,0.97
1002,0.188376,0.96
1003,0.179473,0.82
1004,0.192593,0.86
1005,0.204803,0.9
1006,0.214025,0.9
1007,0.34761,1
1008,0.152595,0.67
1009,0.307013,1
1010,0.176537,0.84
1011,0.264018,0.98
1012,0.262397,0.99
1013,0.218899,0.94
1014,0.164732,0.7
1015,0.139153,0.7
1016,0.232942,0.97
1017,0.200677,0.88
1018,0.177178,0.87
1019,0.272866,1
1020,0.216004,0.92
1021,0.158453,0.73
1022,0.491543,0.99
1023,0.227458,0.98
1024,0.20794,0.93
1025,0.232814,0.93
1026,0.276696,0.97
1027,0.184863,0.91
1028,0.252044,1
1029,0.211475,0.96
1030,0.226845,0.92
1031,0.206524,0.98
1032,0.179308,0.9
1033,0.168151,0.9
1034,0.213353,0.8
1035,0.23625,0.96
1036,0.174221,0.86
1037,0.154773,0.81
1038,0.158672,0.67
1039,0.144086,0.64
1040,0.167031,0.77
1041,0.215145,0.96
1042,0.222729,0.94
1043,0.210705,0.95
1044,0.282924,1
1045,0.154992,0.78
1046,0.201036,0.9
1047,0.181305,0.84
1048,0.22556,0.98
1049,0.212011,0.98
1050,0.200184,0.9
1051,0.169164,0.87
1052,0.237711,1
1053,0.179871,0.95
1054,0.151522,0.64
1055,0.191586,0.97
1056,0.191146,0.93
1057,0.184794,0.89
1058,0.23488,0.95
1059,0.175237,0.87
1060,0.21045,0.96
1061,0.169353,0.81
1062,0.20031,0.97
1063,0.188099,0.95
1064,0.303479,1
1065,0.203948,0.91
1066,0.144828,0.8
1067,0.163245,0.67
1068,0.211733,0.91
1069,0.211889,0.93
1070,0.384035,1
1071,0.17373,0.88
1072,0.302856,0.94
1073,0.217195,0.99
1074,0.195114,0.85
1075,0.186833,0.93
1076,0.157266,0.66
1077,0.16539,0.81
1078,0.20195,0.85
1079,0.173986,0.89
1080,0.213866,0.98
1081,0.239991,0.94
1082,0.191731,0.89
1083,0.174339,0.76
1084,0.152323,0.65
1085,0.244023,0.99
1086,0.175554,0.79
1087,2.07787,1
1088,0.205922,0.96
1089,0.168233,0.84
1090,0.230494,0.96
1091,0.220048,0.96
1092,0.237263,0.95
1093,0.145443,0.74
1094,0.147538,0.57
1095,0.175841,0.88
1096,0.18829,0.9
1097,0.16725,0.81
1098,0.228497,0.99
1099,0.155753,0.61
1100,0.15566,0.77
1101,0.136721,0.52
1102,0.176657,0.85
1103,0.170895,0.8
1104,0.197658,0.92
1105,0.188301,0.71
1106,0.216959,0.96
1107,0.626605,1
1108,0.186379,0.98
1109,0.171024,0.89
1110,0.181329,0.87
1111,0.189809,0.87
1112,0.171935,0.93
1113,0.187164,0.74
1114,0.155491,0.65
1115,0.185745,0.88
1116,0.231431,0.98
1117,0.147784,0.67
1118,0.791923,1
1119,0.134925,0.55
1120,0.189969,0.91
1121,0.169785,0.81
1122,0.156181,0.59
1123,0.181197,0.87
1124,0.350259,1
1125,0.204169,0.87
1126,0.235654,0.98
1127,0.394526,1
1128,0.213127,0.91
1129,0.142699,0.8
1130,0.153668,0.72
1131,0.21203,0.92
1132,0.289779,1
1133,0.174519,0.84
1134,0.206188,0.92
1135,0.231729,0.96
1136,0.1815,0.81
1137,0.1992,0.91
1138,0.169589,0.8
1139,0.199208,0.9
1140,0.125973,0.68
1141,0.158975,0.92
1142,0.272283,0.96
1143,0.251619,0.99
1144,0.179351,0.72
1145,0.250386,0.95
1146,0.142765,0.41
1147,0.202985,0.91
1148,0.177634,0.88
1149,0.194091,0.93
1150,0.183304,0.76
1151,0.279394,1
1152,0.176289,0.95
1153,0.242047,0.99
1154,0.170789,0.77
1155,0.207732,0.91
1156,0.156478,0.67
1157,0.213594,0.95
1158,0.236434,0.96
1159,0.194039,0.97
1160,0.167602,0.7
1161,0.171238,0.8
1162,0.163833,0.8
1163,0.170877,0.87
1164,0.265606,0.98
1165,0.153919,0.7
1166,0.197707,0.92
1167,0.169686,0.78
1168,0.192045,0.91
1169,0.220235,0.97
1170,0.16212,0.67
1171,0.208843,0.94
1172,0.174614,0.96
1173,0.22638,0.98
1174,0.203903,0.94
1175,0.203607,0.86
1176,0.288168,1
1177,0.189291,0.94
1178,0.19626,0.89
1179,0.191955,0.89
1180,0.206085,0.94
1181,0.158337,0.76
1182,0.171114,0.77
1183,0.243686,0.99
1184,0.20903,0.97
1185,0.1434,0.73
1186,0.263054,0.99
1187,0.304693,1
1188,0.173962,0.94
1189,0.173446,0.83
1190,0.191759,0.93
1191,0.201687,0.88
1192,0.174153,0.87
1193,0.167906,0.76
1194,0.110498,0.18
1195,0.238051,0.98
1196,0.228231,0.99
1197,0.159847,0.88
1198,0.367328,0.99
1199,0.19299,0.94
1200,0.145471,0.53
1201,0.211841,0.71
1202,0.154268,0.74
1203,0.16731,0.64
1204,0.211992,0.87
1205,0.162137,0.81
1206,0.15625,0.72
1207,0.169577,0.88
1208,0.180861,0.94
1209,0.208944,0.94
1210,0.260655,0.99
1211,0.153131,0.84
1212,0.14596,0.75
1213,0.201581,0.82
1214,0.162234,0.81
1215,0.160105,0.69
1216,0.214224,0.95
1217,0.221025,0.96
1218,0.205149,0.86
1219,0.150874,0.85
1220,0.210403,0.99
1221,0.235429,1
1222,0.123478,0.39
1223,0.221547,0.96
1224,0.224268,0.94
1225,0.394674,1
1226,0.241371,1
1227,0.141662,0.41
1228,0.205311,0.93
1229,0.19195,0.83
1230,0.139806,0.63
1231,0.141226,0.52
1232,0.179949,0.88
1233,0.147715,0.8
1234,0.140257,0.7
1235,0.178024,0.92
1236,0.164244,0.78
1237,0.175204,0.77
1238,0.201737,0.91
1239,0.158479,0.68
1240,0.271934,0.95
1241,0.156567,0.77
1242,0.201218,0.9
1243,0.160982,0.72
1244,0.165102,0.75
1245,0.219445,0.97
1246,0.140383,0.68
1247,0.147196,0.78
1248,0.217275,1
1249,0.126004,0.47
1250,0.209002,0.98
1251,0.242489,1
1252,0.159851,0.82
1253,0.151065,0.55
1254,0.217836,0.96
1255,0.206463,0.92
1256,0.182366,0.91
1257,0.176005,0.92
1258,0.185595,0.9
1259,0.187087,0.94
1260,0.19845,0.96
1261,0.161869,0.74
1262,0.213803,0.95
1263,0.198815,0.95
1264,0.204012,0.95
1265,0.17016,0.74
1266,0.164656,0.89
1267,0.175212,0.87
1268,0.413484,1
1269,0.177191,0.9
1270,0.157559,0.7
1271,0.219887,0.99
1272,0.240144,0.99
1273,0.188739,0.93
1274,0.172506,0.9
1275,0.145106,0.7
1276,0.15044,0.49
1277,0.171397,0.84
1278,0.147604,0.76
1279,0.172142,0.87
1280,0.140786,0.56
1281,0.160137,0.79
1282,0.156439,0.81
1283,0.163743,0.63
1284,0.156317,0.51
1285,0.181077,0.87
1286,0.204341,0.93
1287,0.186709,0.96
1288,0.192021,0.91
1289,0.179244,0.86
1290,0.224075,0.95
1291,0.169088,0.73
1292,0.182267,0.92
1293,0.145977,0.78
1294,0.201555,0.98
1295,0.171183,0.87
1296,0.22302,0.97
1297,0.184429,0.78
1298,0.161712,0.75
1299,0.35939,1
1300,0.263532,1
1301,0.181418,0.96
1302,0.143122,0.72
1303,0.204444,0.97
1304,0.276326,1
1305,0.176459,0.75
1306,0.204057,0.88
1307,0.213323,0.94
1308,0.180289,0.86
1309,0.188566,0.91
1310,0.170115,0.91
1311,0.220798,1
1312,0.167112,0.81
1313,0.158192,0.78
1314,0.219433,0.97
1315,0.197403,0.86
1316,0.131399,0.49
1317,0.158669,0.82
1318,0.176613,0.86
1319,0.148607,0.65
1320,0.161077,0.81
1321,0.201276,0.86
1322,0.187353,0.93
1323,0.161484,0.81
1324,0.142569,0.57
1325,0.13658,0.75
1326,0.127491,0.46
1327,0.161074,0.86
1328,0.144344,0.7
1329,0.128811,0.54
1330,0.170677,0.8
1331,0.217617,0.88
1332,0.215929,0.89
1333,0.22371,0.96
1334,0.195858,0.91
1335,0.160263,0.85
1336,0.153473,0.64
1337,0.156624,0.83
1338,0.200984,0.89
1339,0.188031,0.88
1340,0.143265,0.6
1341,0.190158,0.9
1342,0.206724,0.88
1343,0.212215,0.96
1344,0.183498,0.94
1345,0.203681,1
1346,0.187526,0.89
1347,0.152275,0.49
1348,0.147335,0.65
1349,0.205424,0.98
1350,0.215806,0.97
1351,0.212163,0.98
1352,0.16013,0.59
1353,0.171262,0.7
1354,0.167209,0.71
1355,0.190776,0.89
1356,0.152013,0.78
1357,0.187013,0.87
1358,0.333025,1
1359,0.158104,0.48
1360,0.207152,0.94
1361,0.181224,0.99
1362,0.226861,0.96
1363,0.121613,0.65
1364,0.187335,0.88
1365,0.1781,0.94
1366,0.267494,1
1367,0.215014,0.93
1368,0.186783,0.89
1369,0.229564,0.85
1370,0.15228,0.77
1371,0.203782,0.95
1372,0.23228,0.99
1373,0.162598,0.68
1374,0.197449,0.97
1375,0.128812,0.51
1376,0.171973,0.81
1377,0.176834,0.94
1378,0.231179,0.97
1379,0.199833,0.96
1380,0.16531,0.64
1381,0.153282,0.74
1382,0.173818,0.86
1383,0.351933,0.99
1384,0.150631,0.69
1385,0.201475,0.94
1386,0.276541,1
1387,0.168877,0.78
1388,0.179632,0.89
1389,0.325383,1
1390,0.18135,0.86
1391,0.190777,0.88
1392,0.224315,0.98
1393,0.251443,0.99
1394,0.175307,0.93
1395,0.168,0.87
1396,0.220665,0.97
1397,0.215872,0.9
1398,0.279599,1
1399,0.215105,0.93
1400,0.153639,0.75
1401,0.142999,0.69
1402,0.179108,0.77
1403,0.178264,0.84
1404,0.196623,0.87
1405,0.155447,0.85
1406,0.172891,0.68
1407,0.196088,0.86
1408,0.182942,0.91
1409,0.254358,0.98
1410,0.203042,0.94
1411,0.191307,0.93
1412,0.181822,0.83
1413,0.212191,0.93
1414,0.327862,1
1415,0.185881,0.87
1416,0.164436,0.67
1417,0.13644,0.57
1418,0.137478,0.78
1419,0.154044,0.58
1420,0.185244,0.86
1421,0.155729,0.87
1422,0.248978,1
1423,0.161565,0.74
1424,0.2298,0.94
1425,0.22713,0.97
1426,0.179755,0.84
1427,0.250959,0.99
1428,0.168748,0.89
1429,0.204998,0.95
1430,0.166568,0.78
1431,0.132379,0.7
1432,0.221781,0.95
1433,0.132844,0.4
1434,0.164663,0.78
1435,0.222254,0.98
1436,0.185355,0.83
1437,0.191655,0.84
1438,0.195325,0.95
1439,0.207555,0.92
1440,0.151755,0.77
1441,0.161686,0.76
1442,0.240204,0.99
1443,0.161553,0.82
1444,0.184197,0.91
1445,0.195363,0.86
1446,0.151266,0.87
1447,0.150635,0.85
1448,0.18947,0.84
1449,0.155547,0.74
1450,0.194607,0.96
1451,0.229149,0.94
1452,0.224362,0.98
1453,0.244566,0.99
1454,0.159254,0.82
1455,0.230575,0.96
1456,0.174935,0.8
1457,0.18257,0.92
1458,0.223101,0.91
1459,0.180578,0.97
1460,0.165121,0.71
1461,0.248219,0.98
1462,0.153872,0.88
1463,0.165465,0.84
1464,0.315772,1
1465,0.228005,0.98
1466,0.307876,1
1467,0.177593,0.87
1468,0.203511,0.96
1469,0.195575,0.74
1470,0.20148,0.89
1471,0.237648,0.98
1472,0.177258,0.85
1473,0.188086,0.89
1474,0.127204,0.58
1475,0.492495,0.99
1476,0.189349,0.87
1477,0.119428,0.45
1478,0.198413,0.97
1479,0.214613,0.92
1480,0.158273,0.79
1481,0.163852,0.79
1482,0.154545,0.86
1483,0.263973,0.99
1484,0.203033,1
1485,0.208155,0.92
1486,0.137656,0.68
1487,0.17828,0.85
1488,0.223964,0.93
1489,0.154259,0.8
1490,0.132833,0.75
1491,0.350806,1
1492,0.188862,0.97
1493,0.207527,1
1494,0.379476,1
1495,0.168008,0.87
1496,0.177514,0.84
1497,0.155457,0.72
1498,0.158826,0.69
1499,0.167606,0.77
1500,0.155242,0.72
1501,0.152319,0.71
1502,0.231842,0.99
1503,0.162597,0.82
1504,0.1889,0.93
1505,0.284027,1
1506,0.292591,1
1507,0.160629,0.82
1508,0.208592,0.96
1509,0.73068,0.99
1510,0.208538,0.9
1511,0.219738,0.98
1512,0.212903,0.96
1513,0.217233,0.95
1514,0.197403,0.92
1515,0.170052,0.84
1516,0.156034,0.63
1517,0.213661,0.99
1518,0.172592,0.8
1519,0.149359,0.64
1520,0.184867,0.9
1521,0.193959,0.95
1522,0.167871,0.83
1523,0.172885,0.91
1524,0.204577,0.95
1525,0.146916,0.63
1526,0.177257,0.91
1527,0.216649,1
1528,0.178148,0.78
1529,0.190217,0.81
1530,0.174614,0.75
1531,0.131947,0.49
1532,0.190966,0.89
1533,0.163627,0.69
1534,0.147553,0.81
1535,0.200023,0.96
1536,0.353169,1
1537,0.215988,0.91
1538,0.561402,0.99
1539,0.151001,0.69
1540,0.445464,1
1541,0.185686,0.85
1542,0.284009,0.98
1543,0.198978,0.87
1544,0.22535,0.97
1545,0.184101,0.89
1546,0.170131,0.77
1547,0.190091,0.87
1548,0.21745,0.95
1549,0.143947,0.68
1550,0.146455,0.63
1551,0.166442,0.73
1552,0.210492,0.95
1553,0.227119,0.9
1554,0.189654,0.92
1555,0.181193,0.94
1556,0.142034,0.62
1557,0.208352,0.96
1558,0.184396,0.92
1559,0.128657,0.64
1560,0.184885,0.85
1561,0.229689,0.97
1562,0.213564,0.95
1563,0.166978,0.94
1564,0.18658,0.89
1565,0.138435,0.66
1566,0.259585,0.96
1567,0.15337,0.64
1568,0.231864,0.98
1569,0.170961,0.92
1570,0.15386,0.8
1571,0.189307,0.76
1572,0.236439,0.97
1573,0.195884,0.92
1574,0.16402,0.81
1575,0.164943,0.78
1576,0.161805,0.85
1577,0.236402,0.96
1578,0.186137,0.93
1579,0.133562,0.58
1580,0.147414,0.65
1581,0.234713,0.99
1582,0.162033,0.78
1583,0.24622,0.96
1584,0.182737,0.89
1585,0.23689,0.96
1586,0.200317,0.95
1587,0.123147,0.68
1588,0.211415,0.97
1589,0.185034,0.88
1590,0.186392,0.81
1591,0.166301,0.85
1592,0.16097,0.73
1593,0.247497,1
1594,0.364991,1
1595,0.214093,0.97
1596,0.193696,0.97
1597,0.288981,0.96
1598,0.178527,0.96
1599,0.234939,0.99
1600,0.133021,0.38
1601,0.409856,1
1602,0.159381,0.81
1603,0.251935,0.95
1604,0.169966,0.82
1605,0.158494,0.68
1606,0.202861,0.94
1607,0.185123,0.96
1608,0.197755,0.9
1609,0.340145,0.97
1610,0.134302,0.63
1611,0.168811,0.85
1612,0.163844,0.82
1613,0.17287,0.73
1614,0.225874,0.95
1615,0.166725,0.87
1616,0.270115,0.98
1617,0.23172,0.95
1618,0.141298,0.62
1619,0.195027,0.9
1620,0.147571,0.69
1621,0.194289,0.95
1622,0.138925,0.73
1623,0.17611,0.85
1624,0.190339,0.91
1625,0.196938,0.84
1626,0.176745,0.79
1627,0.152533,0.51
1628,0.148445,0.81
1629,0.220381,1
1630,0.174639,0.64
1631,0.156469,0.71
1632,0.191546,0.94
1633,0.204672,0.75
1634,0.16622,0.76
1635,0.262933,0.99
1636,0.192087,0.78
1637,0.205244,0.97
1638,0.225611,1
1639,0.281447,0.99
1640,0.21217,0.89
1641,0.185725,0.94
1642,0.177285,0.87
1643,0.146192,0.76
1644,0.202535,0.92
1645,0.276278,0.99
1646,0.168676,0.84
1647,0.206259,0.9
1648,0.168844,0.9
1649,0.177829,0.85
1650,0.265615,0.99
1651,0.210083,0.97
1652,0.167304,0.84
1653,0.19994,0.9
1654,0.155029,0.91
1655,0.12917,0.53
1656,0.189277,0.87
1657,0.253665,0.98
1658,0.175692,0.82
1659,0.178401,0.86
1660,0.171275,0.77
1661,0.543193,1
1662,0.133289,0.62
1663,0.142256,0.74
1664,0.177235,0.8
1665,0.26261,1
1666,0.256545,0.99
1667,0.151799,0.79
1668,0.176516,0.94
1669,0.140905,0.62
1670,0.287709,0.99
1671,0.201747,0.94
1672,0.139652,0.7
1673,0.188355,0.95
1674,0.174445,0.88
1675,0.140795,0.63
1676,0.195582,0.94
1677,0.166604,0.86
1678,0.191187,0.94
1679,0.175078,0.78
1680,0.256548,0.94
1681,0.217977,0.96
1682,0.145904,0.72
1683,0.143601,0.81
1684,0.191169,0.95
1685,0.350928,0.97
1686,0.200177,0.97
1687,0.225322,0.94
1688,0.163041,0.8
1689,0.181563,0.94
1690,0.172616,0.7
1691,0.179455,0.87
1692,0.170323,0.82
1693,0.157437,0.84
1694,0.209229,0.98
1695,0.17418,0.92
1696,0.325481,1
1697,0.249803,0.99
1698,0.276929,0.99
1699,0.148303,0.59
1700,0.18239,0.74
1701,0.220795,0.98
1702,0.195418,0.95
1703,0.293658,1
1704,0.209712,0.97
1705,0.234417,0.97
1706,0.20823,0.97
1707,0.194499,0.94
1708,0.199113,0.86
1709,0.241363,0.97
1710,0.255893,0.99
1711,0.162255,0.73
1712,0.164295,0.82
1713,0.145062,0.43
1714,0.165466,0.82
1715,0.224251,0.98
1716,0.18243,0.78
1717,0.146964,0.69
1718,0.202063,0.96
1719,0.246146,0.96
1720,0.137212,0.45
1721,0.152604,0.72
1722,0.161241,0.9
1723,0.214392,0.98
1724,0.196838,0.9
1725,0.173575,0.86
1726,0.174009,0.74
1727,0.350322,0.99
1728,0.177215,0.82
1729,0.240126,0.98
1730,0.214867,0.98
1731,0.173226,0.83
1732,0.1795,0.85
1733,0.177326,0.95
1734,0.159024,0.77
1735,0.181769,0.8
1736,0.246161,0.99
1737,0.15162,0.55
1738,0.180508,0.81
1739,0.224179,0.98
1740,0.233238,0.95
1741,0.152173,0.6
1742,0.161587,0.66
1743,0.162083,0.75
1744,0.22975,0.95
1745,0.16799,0.86
1746,0.155216,0.62
1747,0.218116,1
1748,0.152717,0.66
1749,0.147442,0.52
1750,0.261667,1
1751,0.18078,0.83
1752,0.163903,0.87
1753,0.173769,0.89
1754,0.128292,0.47
1755,0.138795,0.54
1756,0.175406,0.94
1757,0.175239,0.85
1758,0.148457,0.76
1759,0.169937,0.7
1760,0.167169,0.89
1761,0.191811,0.83
1762,0.15578,0.63
1763,0.175055,0.87
1764,0.228306,0.96
1765,0.235927,0.98
1766,0.183009,0.89
1767,0.183687,0.9
1768,0.182913,0.89
1769,0.181588,0.8
1770,0.21226,0.92
1771,0.15089,0.64
1772,0.138243,0.68
1773,0.193137,0.93
1774,0.211721,0.98
1775,0.205266,0.99
1776,0.228139,0.99
1777,0.145864,0.64
1778,0.19642,0.93
1779,0.181705,0.83
1780,0.192094,0.76
1781,0.233185,0.99
1782,0.170419,0.85
1783,0.180522,0.92
1784,0.175709,0.84
1785,0.173638,0.89
1786,0.205389,0.93
1787,0.26248,0.96
1788,0.194619,0.91
1789,0.18804,0.93
1790,0.182702,0.86
1791,0.190484,0.86
1792,0.174816,0.7
1793,0.214294,0.96
1794,0.184443,0.87
1795,0.175994,0.92
1796,0.171323,0.88
1797,0.220836,1
1798,0.171006,0.8
1799,0.180596,0.94
1800,0.185109,0.97
1801,0.306581,0.98
1802,0.166713,0.71
1803,0.249786,0.97
1804,0.159624,0.68
1805,0.195577,0.86
1806,0.190441,0.8
1807,0.161847,0.77
1808,0.20143,0.87
1809,0.148175,0.58
1810,0.217158,0.87
1811,0.160354,0.87
1812,0.177341,0.81
1813,0.187357,0.82
1814,0.245024,0.99
1815,0.138516,0.8
1816,0.150091,0.76
1817,0.142699,0.67
1818,0.181397,0.95
1819,0.617565,1
1820,0.153025,0.75
1821,0.2531,0.99
1822,0.140005,0.74
1823,0.184536,0.87
1824,0.227808,0.99
1825,0.185117,0.88
1826,0.419368,1
1827,0.169161,0.78
1828,0.144832,0.61
1829,0.165077,0.83
1830,0.223836,0.93
1831,0.400639,1
1832,0.147396,0.46
1833,0.380798,0.99
1834,0.143346,0.71
1835,0.191059,0.9
1836,0.137842,0.65
1837,0.138144,0.55
1838,0.136601,0.37
1839,0.175866,0.86
1840,0.205332,0.97
1841,0.191332,0.93
1842,0.24933,0.99
1843,0.171,0.8
1844,0.163811,0.72
1845,0.585966,1
1846,0.189448,0.9
1847,0.155745,0.85
1848,0.208386,0.94
1849,0.208443,0.95
1850,0.191965,0.75
1851,0.225215,0.94
1852,0.188478,0.85
1853,0.151224,0.6
1854,0.190046,0.89
1855,0.188212,0.94
1856,0.179182,0.74
1857,0.200796,0.95
1858,0.216637,0.98
1859,0.167605,0.88
1860,0.216042,0.98
1861,0.146128,0.62
1862,0.183146,0.86
1863,0.193801,0.97
1864,0.271231,1
1865,0.184827,0.93
1866,0.19053,0.96
1867,0.250618,0.97
1868,0.156113,0.79
1869,0.152698,0.72
1870,0.265069,0.97
1871,0.193353,0.88
1872,0.214782,0.96
1873,0.163411,0.89
1874,0.184994,0.92
1875,0.135263,0.67
1876,0.235097,1
1877,0.180996,0.91
1878,0.158091,0.75
1879,0.413768,0.99
1880,0.203496,0.92
1881,0.209928,0.93
1882,0.189283,0.72
1883,0.186679,0.85
1884,0.162349,0.74
1885,0.238162,0.97
1886,0.179304,0.8
1887,0.29284,1
1888,0.164455,0.85
1889,0.163277,0.8
1890,0.216852,0.99
1891,0.224901,0.96
1892,0.186059,0.82
1893,0.14174,0.61
1894,0.159899,0.81
1895,0.162183,0.89
1896,0.266372,1
1897,0.202249,0.92
1898,0.162745,0.73
1899,0.210608,0.99
1900,0.165418,0.81
1901,0.172261,0.85
1902,0.215407,0.96
1903,0.167877,0.87
1904,0.188058,0.98
1905,0.193764,0.95
1906,0.13738,0.73
1907,0.240264,0.97
1908,0.166929,0.71
1909,0.174109,0.89
1910,0.181869,0.83
1911,0.154346,0.76
1912,0.238979,0.94
1913,0.189024,0.9
1914,0.162563,0.58
1915,0.214462,0.96
1916,0.172889,0.83
1917,0.166911,0.8
1918,0.198843,0.93
1919,0.169205,0.83
1920,0.200793,0.95
1921,0.22428,0.98
1922,0.304646,0.91
1923,0.251599,0.99
1924,0.158297,0.59
1925,0.210889,0.95
1926,0.153049,0.73
1927,0.184848,0.93
1928,0.282666,1
1929,0.159016,0.77
1930,0.194745,0.97
1931,0.18811,0.91
1932,0.197331,0.9
1933,0.193813,0.87
1934,0.19687,0.94
1935,0.193898,0.86
1936,0.186449,0.87
1937,0.237579,0.99
1938,0.138997,0.57
1939,0.231095,0.92
1940,0.15131,0.69
1941,0.218938,0.92
1942,0.187381,0.9
1943,0.215503,0.97
1944,0.210395,0.99
1945,0.174886,0.82
1946,0.189701,0.81
1947,0.201306,0.95
1948,0.187229,0.85
1949,0.275203,0.99
1950,0.166167,0.62
1951,0.186626,0.89
1952,0.20144,0.97
1953,0.183416,0.75
1954,0.155178,0.75
1955,0.16312,0.81
1956,0.244603,0.96
1957,0.211195,0.95
1958,0.155195,0.76
1959,0.207975,0.95
1960,0.271879,1
1961,0.154347,0.75
1962,0.214009,0.97
1963,0.181572,0.86
1964,0.154627,0.7
1965,0.155378,0.73
1966,0.149861,0.57
1967,0.189412,0.99
1968,0.170268,0.62
1969,0.182964,0.85
1970,0.226657,0.92
1971,0.21318,0.91
1972,0.255716,0.99
1973,0.182778,0.86
1974,0.196064,0.97
1975,0.158565,0.59
1976,0.175262,0.81
1977,0.217764,0.97
1978,0.199535,0.88
1979,0.154974,0.73
1980,0.196353,0.9
1981,0.168188,0.85
1982,0.171756,0.76
1983,0.176306,0.92
1984,0.175934,0.83
1985,0.270058,1
1986,0.355605,1
1987,0.196051,0.91
1988,0.158117,0.89
1989,0.196593,0.86
1990,0.193447,0.96
1991,0.181941,0.87
1992,0.179234,0.77
1993,0.19879,0.88
1994,0.18236,0.78
1995,0.198579,0.98
1996,0.224457,0.98
1997,0.150762,0.86
1998,0.172606,0.87
1999,0.172492,0.87
2000,0.432833,1
2001,0.150133,0.74
2002,0.196001,0.85
2003,0.165568,0.75
2004,0.33671,1
2005,0.18421,0.93
2006,0.157578,0.79
2007,0.24731,1
2008,0.215965,0.97
2009,0.213778,0.94
2010,0.265497,0.99
2011,0.2097,0.92
2012,0.229718,0.98
2013,0.193161,0.89
2014,0.168996,0.81
2015,0.252228,0.97
2016,0.204543,0.97
2017,0.226365,0.96
2018,0.271546,0.99
2019,0.219468,0.97
2020,0.198846,0.91
2021,0.16138,0.74
2022,0.13652,0.71
2023,0.161344,0.73
2024,0.294084,0.99
2025,0.204173,0.94
2026,0.168372,0.75
2027,0.204575,0.96
2028,0.186972,0.85
2029,0.127831,0.78
2030,0.312994,0.99
2031,0.149432,0.66
2032,0.156495,0.55
2033,0.190294,0.87
2034,0.14559,0.69
2035,0.19944,0.9
2036,0.200907,0.81
2037,0.15294,0.71
2038,0.237054,0.98
2039,0.200505,0.85
2040,0.159776,0.77
2041,0.2007,0.95
2042,0.155523,0.79
2043,0.165007,0.88
2044,0.138899,0.66
2045,0.186516,0.89
2046,0.155616,0.63
2047,0.154694,0.8
2048,0.160541,0.8
2049,0.261592,0.95
2050,0.172863,0.88
2051,0.191664,0.94
2052,0.238709,0.98
2053,0.172156,0.82
2054,0.140604,0.66
2055,0.167692,0.73
2056,0.175007,0.91
2057,0.147809,0.66
2058,0.164815,0.84
2059,0.155026,0.72
2060,0.165214,0.82
2061,0.234772,0.88
2062,0.162884,0.87
2063,0.142064,0.62
2064,0.190065,0.97
2065,0.213564,0.92
2066,0.193535,0.95
2067,0.20696,0.9
2068,0.206797,0.97
2069,0.179876,0.7
2070,0.158594,0.81
2071,0.162991,0.68
2072,0.168943,0.76
2073,0.412705,1
2074,0.16851,0.79
2075,0.258482,1
2076,0.24327,1
2077,0.185416,0.85
2078,0.231756,0.98
2079,0.357907,0.99
2080,0.150095,0.66
2081,0.133012,0.6
2082,0.126479,0.51
2083,0.198491,0.93
2084,0.208924,1
2085,0.262286,1
2086,0.269336,0.97
2087,0.222291,0.9
2088,0.153319,0.83
2089,0.157336,0.7
2090,0.191372,0.97
2091,0.195678,0.92
2092,0.246967,1
2093,0.153038,0.75
2094,0.167485,0.89
2095,0.174273,0.77
2096,0.213268,0.96
2097,0.179405,0.92
2098,0.172461,0.75
2099,0.188019,0.97
2100,0.186005,0.84
2101,0.188198,0.82
2102,0.174513,0.77
2103,0.31281,1
2104,0.185691,0.84
2105,0.209416,0.94
2106,0.1579,0.57
2107,0.209238,0.91
2108,0.171911,0.86
2109,0.17352,0.83
2110,0.199431,0.89
2111,0.25645,0.98
2112,0.30814,0.99
2113,0.174916,0.88
2114,0.212527,0.91
2115,0.183153,0.91
2116,0.319065,1
2117,0.18667,0.87
2118,0.224965,0.97
2119,0.170546,0.78
2120,0.212879,0.96
2121,0.260603,0.93
2122,0.159463,0.67
2123,0.230331,0.97
2124,0.224643,0.95
2125,0.214547,0.96
2126,0.144332,0.49
2127,0.125595,0.65
2128,0.232296,1
2129,0.145909,0.56
2130,0.186886,0.83
2131,0.141302,0.65
2132,0.21314,0.95
2133,0.176369,0.74
2134,0.201801,0.93
2135,0.179927,0.9
2136,0.194661,0.93
2137,0.22526,0.98
2138,0.176449,0.87
2139,0.188911,0.91
2140,0.241171,1
2141,0.232086,0.98
2142,0.191359,0.89
2143,0.193213,0.94
2144,0.180365,0.92
2145,0.177471,0.87
2146,0.197703,0.95
2147,0.143926,0.3
2148,0.14401,0.62
2149,0.209801,0.88
2150,0.191805,0.97
2151,0.15761,0.86
2152,0.144061,0.76
2153,0.197259,0.88
2154,0.194047,0.97
2155,0.146963,0.68
2156,0.19385,0.95
2157,0.148791,0.57
2158,0.156361,0.87
2159,0.171094,0.85
2160,0.174574,0.82
2161,0.149804,0.77
2162,0.147129,0.57
2163,0.147337,0.6
2164,0.145451,0.6
2165,0.235934,0.95
2166,0.182103,0.87
2167,0.194004,0.87
2168,0.176772,0.94
2169,0.170712,0.8
2170,0.149058,0.79
2171,0.169284,0.88
2172,0.205771,0.92
2173,0.267217,0.97
2174,0.252982,0.99
2175,0.179202,0.85
2176,0.199247,0.95
2177,0.214171,0.95
2178,0.140737,0.77
2179,0.161455,0.77
2180,0.250046,0.99
2181,0.244409,1
2182,0.16316,0.72
2183,0.194883,0.89
2184,0.152225,0.47
2185,0.185843,0.78
2186,0.171282,0.85
2187,0.172444,0.85
2188,0.244648,0.98
2189,0.17508,0.85
2190,0.150845,0.71
2191,0.158152,0.84
2192,0.22895,0.96
2193,0.148638,0.58
2194,0.227145,0.98
2195,0.274125,1
2196,0.150081,0.64
2197,0.210752,0.94
2198,0.140144,0.68
2199,0.256614,1
2200,0.185604,0.86
2201,0.223267,0.93
2202,0.217966,0.9
2203,0.194602,0.89
2204,0.18281,0.96
2205,0.173219,0.83
2206,0.180096,0.9
2207,0.175975,0.87
2208,0.162406,0.79
2209,0.137113,0.52
2210,0.163322,0.84
2211,0.164149,0.79
2212,0.14088,0.58
2213,0.235764,0.95
2214,0.168085,0.83
2215,0.199622,0.92
2216,0.181162,0.81
2217,0.165678,0.7
2218,0.158024,0.75
2219,0.159859,0.72
2220,0.169061,0.89
2221,0.173541,0.81
2222,0.164239,0.87
2223,0.18332,0.92
2224,0.16776,0.77
2225,0.203089,0.88
2226,0.160494,0.68
2227,0.186989,0.96
2228,0.1667,0.92
2229,0.165517,0.84
2230,0.204505,0.91
2231,0.206154,0.96
2232,0.154112,0.62
2233,0.241688,1
2234,0.206949,0.96
2235,0.220314,0.96
2236,0.18668,0.87
2237,0.221197,0.99
2238,0.282403,0.99
2239,0.165163,0.93
2240,0.198897,0.97
2241,0.164187,0.73
2242,0.132107,0.58
2243,0.177013,0.7
2244,0.240093,1
2245,0.192939,0.92
2246,0.200787,0.93
2247,0.153069,0.68
2248,0.183735,0.75
2249,0.206972,0.99
2250,0.154179,0.83
2251,0.223206,0.96
2252,0.202148,0.91
2253,0.178765,0.79
2254,0.204986,1
2255,0.182641,0.87
2256,0.167997,0.88
2257,0.157418,0.8
2258,0.188793,0.89
2259,0.162471,0.92
2260,0.207277,0.84
2261,0.148832,0.7
2262,0.194294,0.95
2263,0.169974,0.84
2264,0.189687,0.92
2265,0.385422,1
2266,0.180779,0.89
2267,0.215807,0.98
2268,0.182042,0.98
2269,0.295379,0.97
2270,0.192072,0.87
2271,0.364879,0.87
2272,0.165583,0.83
2273,0.117019,0.66
2274,0.176146,0.81
2275,0.207534,0.96
2276,0.190035,0.91
2277,0.159036,0.65
2278,0.178785,0.94
2279,0.263936,1
2280,0.366239,0.99
2281,0.186306,0.76
2282,0.252429,0.98
2283,0.273745,0.99
2284,0.15427,0.74
2285,0.204268,0.92
2286,0.166659,0.84
2287,0.204102,0.94
2288,0.47253,1
2289,0.198856,0.95
2290,0.237333,0.99
2291,0.214649,0.97
2292,0.168073,0.77
2293,0.203295,0.93
2294,0.202193,0.98
2295,0.258681,1
2296,0.206495,0.92
2297,0.156087,0.84
2298,0.188438,0.94
2299,0.15312,0.6
2300,0.171862,0.92
2301,0.164579,0.81
2302,0.457649,0.99
2303,0.190887,0.87
2304,0.201728,0.94
2305,0.168692,0.87
2306,0.170298,0.82
2307,0.202965,0.86
2308,0.161808,0.89
2309,0.164075,0.81
2310,0.223238,0.95
2311,0.180427,0.91
2312,0.167788,0.64
2313,0.178231,0.88
2314,0.16684,0.8
2315,0.133543,0.69
2316,0.187259,0.89
2317,0.145583,0.63
2318,0.521421,1
2319,0.182115,0.93
2320,0.154499,0.69
2321,0.156584,0.83
2322,0.188732,0.84
2323,0.204526,0.97
2324,0.156357,0.64
2325,0.180356,0.83
2326,0.169841,0.76
2327,0.191591,0.92
2328,0.179715,0.73
2329,0.162536,0.64
2330,0.17402,0.78
2331,0.194282,0.89
2332,0.204472,0.91
2333,0.219134,0.95
2334,0.175976,0.89
2335,0.148002,0.69
2336,0.154257,0.78
2337,0.15426,0.69
2338,0.199268,0.95
2339,0.124525,0.86
2340,0.213647,0.97
2341,0.203582,0.88
2342,0.16622,0.89
2343,0.169039,0.78
2344,0.218766,0.96
2345,0.189859,0.89
2346,0.211445,0.94
2347,0.225414,0.95
2348,0.157318,0.73
2349,0.205755,0.96
2350,0.180237,0.79
2351,0.191765,0.87
2352,0.247302,0.99
2353,0.168349,0.79
2354,0.18295,0.76
2355,0.173493,0.86
2356,0.12941,0.68
2357,0.176503,0.86
2358,0.146563,0.61
2359,0.13881,0.58
2360,0.1491,0.65
2361,0.185943,0.86
2362,0.240402,0.96
2363,0.211202,0.95
2364,0.21321,0.96
2365,0.207329,0.91
2366,0.2101,0.96
2367,0.179549,0.94
2368,0.180006,0.9
2369,0.132509,0.36
2370,0.28957,0.99
2371,0.177514,0.88
2372,0.144282,0.72
2373,0.178842,0.76
2374,0.223954,0.94
2375,0.325318,0.98
2376,0.16546,0.81
2377,0.15903,0.77
2378,0.221682,0.97
2379,0.171115,0.81
2380,0.207009,0.88
2381,0.172157,0.86
2382,0.190589,0.9
2383,1.1874,1
2384,0.179577,0.85
2385,0.296604,0.98
2386,0.16646,0.89
2387,0.165649,0.62
2388,0.156695,0.74
2389,0.155731,0.77
2390,0.235854,1
2391,0.175185,0.85
2392,0.333986,0.99
2393,0.190843,0.98
2394,0.170169,0.8
2395,0.127062,0.55
2396,0.261562,1
2397,0.302322,0.98
2398,0.163702,0.83
2399,0.293874,1
2400,0.167774,0.66
2401,0.154702,0.87
2402,0.159525,0.69
2403,0.158688,0.91
2404,0.178431,0.94
2405,0.252079,0.98
2406,0.262237,0.99
2407,0.19123,0.88
2408,0.168658,0.77
2409,0.291482,1
2410,0.206815,0.93
2411,0.253229,0.99
2412,0.313492,0.99
2413,0.180486,0.78
2414,0.252217,0.96
2415,0.148881,0.75
2416,0.138167,0.48
2417,0.170508,0.78
2418,0.155523,0.83
2419,0.169173,0.75
2420,0.258905,0.97
2421,0.159623,0.67
2422,0.169706,0.63
2423,0.21295,0.93
2424,0.185827,0.91
2425,0.16335,0.82
2426,0.171317,0.9
2427,0.185946,0.93
2428,0.165701,0.78
2429,0.523853,1
2430,0.17276,0.86
2431,0.227673,0.98
2432,0.156472,0.79
2433,0.227316,0.96
2434,0.176019,0.88
2435,0.213555,0.91
2436,0.270408,0.98
2437,0.233083,0.99
2438,0.168748,0.76
2439,0.139448,0.58
2440,0.167467,0.87
2441,0.190395,0.92
2442,0.195398,0.91
2443,0.169967,0.77
2444,0.14721,0.71
2445,0.178897,0.83
2446,0.216022,0.93
2447,0.229982,0.98
2448,0.38832,1
2449,0.151283,0.74
2450,0.173421,0.91
2451,0.137584,0.6
2452,0.202853,0.96
2453,0.194993,0.99
2454,0.262443,0.99
2455,0.185914,0.92
2456,0.170107,0.66
2457,0.176368,0.89
2458,0.195671,0.98
2459,0.162603,0.79
2460,0.486211,1
2461,0.2038,0.97
2462,0.143564,0.7
2463,0.17735,0.88
2464,0.148265,0.66
2465,0.260555,0.99
2466,0.163495,0.83
2467,0.213088,0.94
2468,0.168557,0.85
2469,0.159405,0.7
2470,0.175546,0.89
2471,0.262064,1
2472,0.185367,0.85
2473,0.127539,0.41
2474,0.191695,0.9
2475,0.198168,0.9
2476,0.235489,0.99
2477,0.230627,0.99
2478,0.181823,0.87
2479,0.237619,0.94
2480,0.177577,0.9
2481,0.149673,0.75
2482,0.143758,0.58
2483,0.23149,0.99
2484,0.211963,0.96
2485,0.175149,0.81
2486,0.289851,1
2487,0.165345,0.72
2488,0.18283,0.89
2489,0.221168,0.92
2490,0.199288,0.93
2491,0.166749,0.57
2492,0.196124,0.91
2493,0.240332,0.97
2494,0.202774,0.92
2495,0.203384,0.97
2496,0.161118,0.75
2497,0.203872,0.98
2498,0.179714,0.94
2499,0.158992,0.85
2500,0.145122,0.61
2501,0.234953,0.99
2502,0.190628,0.95
2503,0.326116,1
2504,0.191041,0.9
2505,0.18309,0.88
2506,0.201713,0.93
2507,0.175689,0.91
2508,0.168064,0.92
2509,0.135463,0.55
2510,0.209161,0.98
2511,0.193991,0.93
2512,0.183972,0.88
2513,0.144299,0.53
2514,0.189573,0.9
2515,0.251047,0.98
2516,0.19733,0.97
2517,0.376595,1
2518,0.27643,1
2519,0.413887,1
2520,0.343278,1
2521,0.160565,0.81
2522,0.151125,0.77
2523,0.167654,0.88
2524,0.159264,0.83
2525,0.137824,0.71
2526,0.256194,0.96
2527,0.190759,0.94
2528,0.158397,0.83
2529,0.17592,0.9
2530,0.197427,1
2531,0.148827,0.61
2532,0.229286,0.96
2533,0.152966,0.51
2534,0.163972,0.8
2535,0.182533,0.89
2536,0.279333,1
2537,0.184954,0.94
2538,0.181694,0.89
2539,0.275458,0.92
2540,0.140683,0.67
2541,0.531694,1
2542,0.192856,0.89
2543,0.203781,0.91
2544,0.176343,0.83
2545,0.258016,0.96
2546,0.129501,0.5
2547,0.161787,0.67
2548,0.168882,0.83
2549,0.161579,0.77
2550,0.175378,0.79
2551,0.15438,0.69
2552,0.194684,0.87
2553,0.167358,0.79
2554,0.223982,0.96
2555,0.183682,0.83
2556,0.173503,0.72
2557,0.212829,0.89
2558,0.141102,0.47
2559,0.16236,0.71
2560,0.170461,0.74
2561,0.177981,0.93
2562,0.198288,0.96
2563,0.152973,0.58
2564,0.186313,0.79
2565,0.257514,0.99
2566,0.14801,0.6
2567,0.302862,1
2568,0.19136,0.71
2569,0.221054,0.98
2570,0.230395,0.99
2571,0.270956,0.98
2572,0.130049,0.71
2573,0.139524,0.74
2574,0.302739,1
2575,0.156772,0.74
2576,0.174199,0.83
2577,0.150178,0.67
2578,0.142467,0.56
2579,0.198038,0.91
2580,0.341821,0.97
2581,0.220122,1
2582,0.224856,0.98
2583,0.20893,0.95
2584,0.952867,1
2585,0.182927,0.95
2586,0.174345,0.81
2587,0.180055,0.86
2588,0.168076,0.87
2589,0.204719,0.96
2590,0.244331,0.99
2591,0.292976,1
2592,0.142712,0.69
2593,0.332624,1
2594,0.197441,0.96
2595,2.24691,1
2596,0.231596,0.94
2597,0.209858,0.92
2598,0.175832,0.94
2599,0.144127,0.47
2600,0.194128,0.94
2601,0.139417,0.69
2602,0.281648,1
2603,0.192483,0.91
2604,0.210064,0.98
2605,0.154095,0.59
2606,0.165832,0.77
2607,0.217131,0.96
2608,0.141473,0.63
2609,0.142521,0.52
2610,0.191324,0.91
2611,0.174766,0.86
2612,0.21068,0.97
2613,0.183056,0.83
2614,0.158013,0.74
2615,0.164322,0.85
2616,0.134812,0.68
2617,0.211556,0.94
2618,0.398053,1
2619,0.138987,0.83
2620,0.275088,1
2621,0.168454,0.84
2622,0.172459,0.83
2623,0.226135,0.92
2624,0.178219,0.94
2625,0.212376,0.98
2626,0.194073,0.88
2627,0.265655,0.98
2628,0.269203,0.96
2629,0.151363,0.76
2630,3.00152,0.99
2631,0.205017,0.87
2632,0.182967,0.88
2633,0.240003,0.97
2634,0.23044,0.97
2635,0.167851,0.84
2636,0.247316,1
2637,0.246605,0.93
2638,0.194203,0.83
2639,0.163779,0.74
2640,0.19784,0.96
2641,0.156591,0.73
2642,0.183723,0.76
2643,0.163495,0.62
2644,0.257454,1
2645,0.184254,0.84
2646,0.197842,0.84
2647,0.379625,0.99
2648,0.170226,0.78
2649,0.173016,0.88
2650,0.243547,0.86
2651,0.163146,0.83
2652,0.163806,0.8
2653,0.172869,0.71
2654,0.171758,0.7
2655,0.167212,0.73
2656,0.222645,0.94
2657,0.286628,1
2658,0.173787,0.84
2659,0.155014,0.8
2660,0.203333,0.93
2661,0.185391,0.95
2662,0.197329,0.9
2663,0.217036,0.98
2664,0.172814,0.74
2665,0.186936,0.89
2666,0.226514,0.89
2667,0.208957,0.97
2668,0.155268,0.75
2669,0.229459,0.96
2670,0.176897,0.9
2671,0.15755,0.7
2672,0.214026,0.96
2673,0.166715,0.83
2674,0.161626,0.7
2675,0.135935,0.55
2676,0.174078,0.81
2677,0.187335,0.9
2678,0.193915,0.88
2679,0.200495,0.88
2680,0.214412,0.94
2681,0.200144,0.94
2682,0.139222,0.58
2683,0.293315,0.98
2684,0.284967,1
2685,0.182129,0.93
2686,0.173764,0.82
2687,0.165353,0.79
2688,0.179195,0.84
2689,0.146935,0.46
2690,0.283248,1
2691,0.165446,0.9
2692,0.170795,0.78
2693,0.208703,0.96
2694,0.211092,0.91
2695,0.210661,0.9
2696,0.206995,0.96
2697,0.164246,0.78
2698,0.130826,0.54
2699,0.164586,0.93
2700,0.156989,0.73
2701,0.150301,0.61
2702,0.161723,0.82
2703,0.223057,1
2704,0.484547,0.98
2705,0.208275,0.95
2706,0.218438,0.96
2707,0.22905,1
2708,0.180232,0.84
2709,0.199923,0.88
2710,0.294247,0.88
2711,0.157194,0.68
2712,0.175034,0.83
2713,0.212109,0.93
2714,0.17703,0.79
2715,0.164477,0.91
2716,0.161889,0.82
2717,0.227468,0.96
2718,0.211431,0.94
2719,0.24258,0.96
2720,0.146655,0.6
2721,0.165452,0.76
2722,0.224016,0.99
2723,0.157706,0.78
2724,0.174547,0.89
2725,0.16679,0.75
2726,0.238854,0.98
2727,0.194332,0.94
2728,0.193116,0.86
2729,0.154573,0.69
2730,0.18815,0.95
2731,0.310877,1
2732,0.142797,0.73
2733,0.184551,0.97
2734,0.177266,0.73
2735,0.24539,0.98
2736,0.172812,0.7
2737,0.169201,0.85
2738,0.18126,0.9
2739,0.19114,0.95
2740,0.184039,0.84
2741,0.196092,0.9
2742,0.397365,1
2743,0.174076,0.83
2744,0.240523,1
2745,0.207595,0.88
2746,0.198326,0.89
2747,0.158039,0.68
2748,0.171669,0.76
2749,0.233653,0.9
2750,0.186579,0.91
2751,0.157984,0.75
2752,0.158206,0.75
2753,0.215566,0.95
2754,0.237991,0.98
2755,0.148954,0.68
2756,0.20403,0.95
2757,0.180564,0.9
2758,0.180186,0.87
2759,0.169403,0.78
2760,0.170202,0.85
2761,0.210602,0.96
2762,0.148689,0.54
2763,0.227148,0.95
2764,0.159718,0.67
2765,0.160256,0.81
2766,0.326667,1
2767,0.207307,0.97
2768,0.259701,0.99
2769,0.212278,0.96
2770,0.171373,0.85
2771,0.185758,0.92
2772,0.176464,0.84
2773,0.187535,0.84
2774,0.143389,0.63
2775,0.156273,0.61
2776,0.242776,1
2777,0.140066,0.84
2778,0.180021,0.76
2779,0.156797,0.84
2780,0.151629,0.58
2781,0.214681,0.93
2782,0.158485,0.67
2783,0.246125,1
2784,0.226466,0.98
2785,0.174671,0.91
2786,0.176737,0.88
2787,0.234643,1
2788,0.163874,0.8
2789,0.182444,0.9
2790,0.130159,0.61
2791,0.333312,0.99
2792,0.290004,1
2793,0.204493,0.91
2794,0.183898,0.8
2795,0.212536,0.96
2796,0.158433,0.82
2797,0.214779,0.94
2798,0.154912,0.77
2799,0.209593,0.98
2800,0.188951,0.91
2801,0.268963,0.98
2802,0.155368,0.75
2803,0.191417,0.89
2804,0.202309,0.97
2805,0.18342,0.93
2806,0.22457,0.95
2807,0.186878,0.98
2808,0.179691,0.86
2809,0.197147,0.95
2810,0.151205,0.72
2811,0.166043,0.83
2812,0.15065,0.77
2813,0.187997,0.94
2814,0.231171,1
2815,0.137408,0.72
2816,0.160387,0.79
2817,0.238014,0.9
2818,0.14478,0.67
2819,0.211652,0.89
2820,0.233159,0.99
2821,0.25726,1
2822,0.170769,0.93
2823,0.246917,0.93
2824,0.205224,0.93
2825,0.222219,0.88
2826,0.164615,0.74
2827,0.180165,0.85
2828,0.185912,0.82
2829,0.215146,0.95
2830,0.143949,0.62
2831,0.148803,0.56
2832,0.150264,0.56
2833,0.201011,0.85
2834,0.165436,0.83
2835,0.165425,0.87
2836,0.205377,0.94
2837,0.21177,0.91
2838,0.292885,1
2839,0.21766,0.94
2840,0.2236,0.99
2841,0.239704,0.98
2842,0.174018,0.74
2843,0.166645,0.72
2844,0.216944,0.94
2845,0.202733,0.91
2846,0.182417,0.86
2847,0.254897,0.93
2848,0.24592,0.96
2849,0.149678,0.67
2850,0.193558,0.96
2851,0.175517,0.65
2852,0.205072,0.85
2853,0.198599,0.92
2854,0.180547,0.92
2855,0.195266,0.92
2856,0.206273,0.92
2857,0.129812,0.68
2858,0.194341,0.96
2859,0.212602,1
2860,0.191614,0.93
2861,0.229955,0.94
2862,0.228505,1
2863,0.17619,0.86
2864,0.258544,0.99
2865,0.197493,0.87
2866,0.142117,0.7
2867,0.175631,0.85
2868,0.473952,1
2869,0.127569,0.69
2870,0.179549,0.84
2871,0.178664,0.83
2872,0.184324,0.86
2873,0.190321,0.9
2874,0.168546,0.85
2875,0.139496,0.54
2876,0.138782,0.64
2877,0.172194,0.8
2878,0.230135,0.97
2879,0.162989,0.83
2880,0.267182,0.95
2881,0.184135,0.85
2882,0.151285,0.62
2883,0.166445,0.9
2884,0.173828,0.83
2885,0.189438,0.91
2886,0.217838,0.94
2887,0.144514,0.79
2888,1.04455,1
2889,0.184166,0.86
2890,0.205,0.99
2891,0.201455,0.88
2892,0.159009,0.73
2893,0.190992,0.86
2894,0.227796,0.96
2895,0.167351,0.75
2896,0.26169,1
2897,0.188572,0.93
2898,0.160239,0.8
2899,0.240158,0.98
2900,0.192586,0.94
2901,0.226825,0.99
2902,0.218279,0.91
2903,0.201184,0.96
2904,0.239951,0.98
2905,0.193627,0.9
2906,0.181609,0.95
2907,0.13938,0.75
2908,0.139262,0.72
2909,0.195913,0.98
2910,0.32827,0.99
2911,0.268253,0.99
2912,0.189754,0.92
2913,0.367747,0.98
2914,0.182176,0.57
2915,0.194019,0.92
2916,0.227907,0.95
2917,0.168673,0.83
2918,0.18085,0.91
2919,0.333282,1
2920,0.321652,0.92
2921,0.180645,0.81
2922,0.254223,0.97
2923,0.224074,0.9
2924,0.158845,0.75
2925,0.187255,0.89
2926,0.171889,0.83
2927,0.198527,0.97
2928,0.183611,0.85
2929,0.263171,0.97
2930,0.209599,0.96
2931,0.187919,0.82
2932,0.147561,0.77
2933,0.247183,0.99
2934,0.160264,0.83
2935,0.172158,0.69
2936,0.182755,0.88
2937,0.185211,0.98
2938,0.180151,0.84
2939,0.178941,0.88
2940,0.993178,1
2941,0.19793,0.95
2942,0.160485,0.83
2943,0.140604,0.76
2944,0.176214,0.84
2945,0.226574,0.94
2946,0.227969,0.95
2947,0.162748,0.88
2948,0.183148,0.87
2949,0.172537,0.89
2950,0.161947,0.74
2951,0.260919,0.97
2952,0.16674,0.9
2953,0.190437,0.86
2954,0.230136,0.97
2955,0.23465,0.91
2956,0.232019,0.99
2957,0.195892,0.82
2958,0.30989,1
2959,0.154346,0.84
2960,0.186528,0.85
2961,0.153898,0.75
2962,0.15239,0.74
2963,0.180352,0.92
2964,0.264861,0.98
2965,0.17167,0.88
2966,0.211154,0.98
2967,0.140527,0.57
2968,0.193864,0.88
2969,0.207869,0.96
2970,0.227623,0.96
2971,0.170814,0.95
2972,0.207948,0.93
2973,0.143955,0.58
2974,0.176131,0.87
2975,0.129423,0.5
2976,0.135927,0.63
2977,0.245125,0.99
2978,0.246748,0.99
2979,0.152216,0.75
2980,0.183952,0.89
2981,0.230238,0.96
2982,0.191088,0.9
2983,0.271782,1
2984,0.170268,0.67
2985,0.181068,0.84
2986,0.191289,0.89
2987,0.167816,0.86
2988,0.208309,0.95
2989,0.158623,0.56
2990,0.173292,0.79
2991,0.21127,0.96
2992,0.269877,0.97
2993,0.262169,1
2994,0.234022,1
2995,0.237036,0.98
2996,0.157176,0.87
2997,0.232235,0.98
2998,0.225945,0.98
2999,0.174792,0.8
3000,0.182923,0.94
3001,0.259055,0.98
3002,0.137955,0.65
3003,0.232116,0.98
3004,0.1337,0.52
3005,0.153135,0.58
3006,0.182821,0.92
3007,0.185004,0.8
3008,0.179548,0.86
3009,0.226857,0.96
3010,0.201963,0.95
3011,0.129402,0.46
3012,0.153088,0.59
3013,0.16386,0.75
3014,0.228971,1
3015,0.276729,1
3016,0.229299,0.98
3017,0.180382,0.85
3018,0.194613,0.9
3019,0.215621,0.99
3020,0.147932,0.57
3021,0.20085,0.9
3022,0.197631,0.89
3023,0.172398,0.88
3024,0.145997,0.61
3025,0.201015,0.95
3026,0.176903,0.92
3027,0.215097,0.97
3028,0.199847,0.84
3029,0.241681,0.98
3030,0.199526,0.98
3031,0.167762,0.84
3032,0.235932,0.99
3033,0.175816,0.9
3034,0.138341,0.51
3035,0.213663,0.98
3036,0.153794,0.75
3037,0.275166,0.99
3038,0.136659,0.68
3039,0.186479,0.93
3040,0.175739,0.83
3041,0.199367,0.9
3042,0.202784,0.94
3043,0.189259,0.93
3044,0.194815,0.85
3045,0.176412,0.86
3046,0.172031,0.84
3047,0.260326,1
3048,0.17722,0.82
3049,0.175862,0.92
3050,0.16144,0.74
3051,0.205003,0.94
3052,0.161737,0.73
3053,0.321775,1
3054,0.171771,0.77
3055,0.200906,0.94
3056,0.224384,0.95
3057,0.156165,0.82
3058,0.147483,0.72
3059,0.204222,0.93
3060,0.208787,0.93
3061,0.162867,0.83
3062,0.180835,0.92
3063,0.159887,0.85
3064,0.156645,0.71
3065,0.190395,0.95
3066,0.162245,0.8
3067,0.247193,0.99
3068,0.182461,0.87
3069,0.187758,0.89
3070,0.194407,0.84
3071,0.191569,0.92
3072,0.21189,0.95
3073,0.221953,0.88
3074,0.250985,0.94
3075,0.342474,1
3076,0.150033,0.63
3077,0.175972,0.92
3078,0.1517,0.82
3079,0.167796,0.73
3080,0.170244,0.8
3081,0.162729,0.68
3082,0.176392,0.81
3083,0.181409,0.73
3084,0.189322,0.8
3085,0.146925,0.68
3086,0.193835,0.85
3087,0.188719,0.9
3088,0.140946,0.56
3089,0.171152,0.85
3090,0.282719,1
3091,0.189332,0.99
3092,0.199523,0.89
3093,0.162129,0.65
3094,0.169022,0.8
3095,0.233774,0.97
3096,0.29486,0.91
3097,0.152796,0.78
3098,0.202176,0.93
3099,0.193388,0.96
3100,0.196258,0.89
3101,0.230928,1
3102,0.199215,0.83
3103,0.130918,0.58
3104,0.252644,0.96
3105,0.1741,0.73
3106,0.19903,0.88
3107,0.18785,0.92
3108,0.170537,0.83
3109,0.150455,0.78
3110,0.197256,0.9
3111,0.204834,0.87
3112,0.224503,0.99
3113,0.177486,0.91
3114,0.149228,0.76
3115,0.219547,0.97
3116,0.152071,0.87
3117,0.160543,0.72
3118,0.15103,0.81
3119,0.156736,0.72
3120,0.204303,0.95
3121,0.19327,0.91
3122,0.18012,0.89
3123,0.331436,1
3124,0.175347,0.84
3125,0.163721,0.64
3126,0.248115,1
3127,0.157765,0.77
3128,0.172153,0.88
3129,0.185586,0.86
3130,0.222001,0.97
3131,0.154298,0.64
3132,0.160872,0.78
3133,0.181837,0.86
3134,0.162009,0.95
3135,0.237244,0.99
3136,0.180972,0.85
3137,0.189828,0.83
3138,0.175431,0.77
3139,0.192748,0.94
3140,0.164151,0.71
3141,0.157544,0.77
3142,0.246466,1
3143,0.155521,0.75
3144,0.208983,0.89
3145,0.210118,0.97
3146,0.225289,1
3147,0.195702,0.91
3148,0.171613,0.65
3149,0.15175,0.55
3150,0.189092,0.85
3151,0.205228,0.96
3152,0.150698,0.6
3153,0.151161,0.91
3154,0.398559,1
3155,0.160669,0.74
3156,0.216211,0.98
3157,0.155484,0.86
3158,0.195989,0.91
3159,0.210104,0.95
3160,0.22376,0.99
3161,0.182521,0.92
3162,0.291685,0.98
3163,0.192835,0.91
3164,0.144594,0.59
3165,0.144482,0.69
3166,0.172342,0.85
3167,0.233971,0.97
3168,0.220992,0.94
3169,0.188002,0.84
3170,0.173698,0.89
3171,0.14846,0.8
3172,0.167326,0.74
3173,0.171195,0.7
3174,0.218238,0.94
3175,0.323094,0.98
3176,0.114432,0.46
3177,0.164175,0.9
3178,0.195434,0.87
3179,0.219741,0.91
3180,0.138233,0.66
3181,0.291621,0.99
3182,0.181245,0.97
3183,0.163174,0.71
3184,0.199125,0.98
3185,0.156848,0.83
3186,0.151551,0.87
3187,0.170136,0.88
3188,0.168464,0.92
3189,0.182767,0.87
3190,0.219597,0.99
3191,0.177797,0.77
3192,0.182218,0.71
3193,0.14264,0.48
3194,0.157301,0.83
3195,0.205776,0.93
3196,0.198718,0.98
3197,0.16057,0.74
3198,0.299493,1
3199,0.192337,0.87
3200,0.328007,1
3201,0.185546,0.95
3202,0.188847,0.84
3203,0.261854,1
3204,0.247143,1
3205,0.214419,0.97
3206,0.221016,0.94
3207,0.212535,0.97
3208,0.202283,0.98
3209,0.14834,0.76
3210,0.20959,0.97
3211,0.158815,0.63
3212,0.193285,0.8
3213,0.155733,0.68
3214,0.177524,0.84
3215,0.243275,0.99
3216,0.275622,0.97
3217,0.236798,0.94
3218,0.227254,0.86
3219,0.223974,0.94
3220,0.242837,0.96
3221,0.165298,0.81
3222,0.187254,0.93
3223,0.194234,0.86
3224,0.148885,0.7
3225,0.211665,0.96
3226,0.160111,0.81
3227,0.257675,1
3228,0.317803,0.99
3229,0.244558,0.99
3230,0.174615,0.82
3231,0.210263,0.94
3232,0.225542,0.99
3233,0.31482,1
3234,0.189581,0.93
3235,0.151629,0.64
3236,0.227724,0.99
3237,0.161153,0.71
3238,0.197255,0.89
3239,0.235257,0.97
3240,0.188015,0.83
3241,0.195848,0.94
3242,0.188359,0.91
3243,0.163174,0.91
3244,0.209059,0.98
3245,0.180873,0.83
3246,0.270383,1
3247,0.199736,0.96
3248,0.16033,0.68
3249,0.152539,0.71
3250,0.246986,0.98
3251,0.16317,0.83
3252,0.155527,0.76
3253,0.243146,0.99
3254,0.161865,0.76
3255,0.17356,0.66
3256,0.213825,0.99
3257,0.155834,0.76
3258,0.162532,0.84
3259,0.173104,0.84
3260,0.276894,1
3261,0.195353,0.89
3262,0.170418,0.85
3263,0.15134,0.68
3264,0.181833,0.85
3265,0.173789,0.8
3266,0.266192,1
3267,0.181941,0.86
3268,0.198383,0.98
3269,0.221089,1
3270,0.190829,0.85
3271,0.165073,0.75
3272,0.23146,0.98
3273,0.210868,0.96
3274,0.14805,0.7
3275,0.893676,1
3276,0.165957,0.93
3277,0.155411,0.56
3278,0.248354,0.97
3279,0.170433,0.9
3280,0.139776,0.63
3281,0.158359,0.57
3282,0.137025,0.69
3283,0.162676,0.66
3284,0.15018,0.68
3285,0.171071,0.82
3286,0.191434,0.85
3287,0.216754,0.96
3288,0.301996,1
3289,1.07375,1
3290,0.206891,0.95
3291,0.178001,0.77
3292,0.154928,0.75
3293,0.235091,0.96
3294,0.300351,1
3295,0.258471,0.99
3296,0.18709,0.88
3297,0.171496,0.87
3298,0.212469,0.94
3299,0.184619,0.96
3300,0.215336,0.95
3301,0.249075,0.98
3302,0.175495,0.86
3303,0.219511,0.97
3304,0.15525,0.94
3305,0.163526,0.86
3306,0.236453,0.86
3307,0.169956,0.89
3308,0.197068,0.94
3309,0.178199,0.82
3310,0.226338,0.96
3311,0.212503,0.94
3312,0.183418,0.66
3313,0.209392,0.95
3314,0.157629,0.65
3315,0.205557,0.96
3316,0.146491,0.79
3317,0.217391,0.98
3318,0.163824,0.86
3319,0.28248,1
3320,0.170386,0.82
3321,0.187207,0.91
3322,0.209211,0.92
3323,0.199979,0.95
3324,0.184287,0.87
3325,0.22751,1
3326,0.183791,0.92
3327,0.156152,0.68
3328,0.198477,0.89
3329,0.224972,0.98
3330,0.201171,0.79
3331,0.178991,0.86
3332,0.201585,0.92
3333,0.204158,0.89
3334,0.170814,0.74
3335,0.21127,0.98
3336,0.152057,0.69
3337,0.161576,0.69
3338,0.201319,0.94
3339,0.134502,0.76
3340,0.22315,0.97
3341,0.179054,0.89
3342,0.156061,0.77
3343,0.196529,0.93
3344,0.162661,0.89
3345,0.186362,0.91
3346,0.181129,0.83
3347,0.192641,0.89
3348,0.150118,0.64
3349,0.19747,0.95
3350,0.3081,1
3351,0.156889,0.85
3352,0.16585,0.85
3353,0.249811,0.98
3354,0.192046,0.94
3355,0.167345,0.77
3356,0.347565,1
3357,0.193891,0.86
3358,0.361641,1
3359,0.18872,0.95
3360,0.165966,0.74
3361,0.174062,0.74
3362,0.160971,0.87
3363,0.239371,0.96
3364,0.187145,0.86
3365,0.183128,0.92
3366,0.193123,1
3367,0.209518,0.97
3368,0.188099,0.88
3369,0.192568,0.91
3370,0.178242,0.87
3371,0.241332,1
3372,0.215602,0.92
3373,0.179382,0.91
3374,0.288376,0.99
3375,0.160198,0.73
3376,0.221499,0.96
3377,0.203962,0.97
3378,0.209012,0.96
3379,0.212985,0.97
3380,0.199543,0.98
3381,0.197015,0.95
3382,0.153314,0.64
3383,0.179067,0.81
3384,0.191615,0.89
3385,0.211091,0.93
3386,0.199142,0.96
3387,0.172835,0.83
3388,0.209598,0.93
3389,0.178208,0.87
3390,0.203171,0.92
3391,0.223778,0.92
3392,0.171676,0.82
3393,0.160426,0.67
3394,0.340241,1
3395,0.168347,0.71
3396,0.174462,0.87
3397,0.181733,0.85
3398,0.194641,0.94
3399,0.191068,0.94
3400,0.125265,0.64
3401,0.205805,0.95
3402,0.175196,0.88
3403,0.205573,0.92
3404,0.160355,0.71
3405,0.150324,0.58
3406,0.186552,0.87
3407,0.171246,0.71
3408,0.1494,0.66
3409,0.166442,0.9
3410,0.146753,0.49
3411,0.158412,0.67
3412,0.171954,0.85
3413,0.164184,0.75
3414,0.18764,0.75
3415,0.23301,1
3416,0.179149,0.84
3417,0.153537,0.72
3418,0.167064,0.81
3419,0.185844,0.83
3420,0.169717,0.8
3421,0.209563,0.98
3422,0.188339,0.92
3423,0.176082,0.86
3424,0.236441,0.97
3425,0.164157,0.79
3426,0.179692,0.93
3427,0.19454,0.82
3428,0.249959,0.98
3429,0.184121,0.9
3430,0.233063,0.98
3431,0.157295,0.79
3432,0.200064,0.92
3433,0.205217,0.91
3434,0.195384,0.85
3435,0.185677,0.91
3436,0.176465,0.88
3437,0.225504,0.96
3438,0.190998,0.89
3439,0.240044,0.99
3440,0.174726,0.88
3441,0.16879,0.87
3442,0.178315,0.82
3443,0.219544,0.96
3444,0.180689,0.83
3445,0.196934,0.92
3446,0.211617,0.97
3447,0.195358,0.95
3448,0.174217,0.79
3449,0.144513,0.72
3450,0.262147,1
3451,0.308055,1
3452,0.40026,1
3453,0.228464,0.98
3454,0.165653,0.85
3455,0.181164,0.74
3456,0.336209,0.99
3457,0.16253,0.71
3458,0.174877,0.9
3459,0.227471,1
3460,0.182039,0.82
3461,0.18204,0.79
3462,0.180794,0.62
3463,0.2136,0.98
3464,0.230334,0.98
3465,0.172631,0.7
3466,0.230702,0.97
3467,0.189745,0.86
3468,0.197891,0.86
3469,0.22862,0.93
3470,0.254652,0.97
3471,0.335691,0.99
3472,0.202179,0.96
3473,0.183133,0.91
3474,0.244302,0.97
3475,0.153794,0.7
3476,0.175552,0.91
3477,0.208773,0.96
3478,0.161647,0.85
3479,0.244358,0.97
3480,0.174459,0.95
3481,0.15233,0.8
3482,0.209759,0.94
3483,0.171137,0.8
3484,0.29095,0.98
3485,0.223203,0.94
3486,0.185686,0.95
3487,0.152482,0.77
3488,0.181661,0.93
3489,0.22943,0.95
3490,0.216706,0.97
3491,0.19694,0.95
3492,0.161055,0.78
3493,0.202894,0.72
3494,0.208818,0.96
3495,0.145261,0.64
3496,0.210814,0.97
3497,0.165873,0.83
3498,0.201042,0.91
3499,0.196879,0.86
3500,0.15291,0.85
3501,0.218441,0.98
3502,0.216078,0.97
3503,0.167888,0.79
3504,0.163993,0.72
3505,0.164134,0.8
3506,0.19731,0.91
3507,0.212494,0.96
3508,0.205911,0.87
3509,0.170429,0.75
3510,0.190077,0.8
3511,0.182784,0.79
3512,0.231991,0.97
3513,0.224745,0.99
3514,0.138862,0.66
3515,0.174094,0.78
3516,0.144044,0.69
3517,0.190161,0.83
3518,0.243728,0.97
3519,0.177275,0.81
3520,0.231846,0.98
3521,0.17312,0.8
3522,0.185269,0.85
3523,0.238489,0.97
3524,0.193814,0.93
3525,0.170829,0.78
3526,0.22855,0.97
3527,0.181921,0.88
3528,0.162731,0.77
3529,0.216111,0.95
3530,0.165724,0.89
3531,0.174286,0.84
3532,0.179379,0.95
3533,0.210473,0.92
3534,0.202701,0.98
3535,0.17815,0.87
3536,0.156857,0.72
3537,0.186749,0.97
3538,0.251621,0.98
3539,0.15579,0.8
3540,0.156589,0.89
3541,0.142919,0.73
3542,0.299383,0.99
3543,0.243695,0.98
3544,0.223526,1
3545,0.375627,1
3546,0.156409,0.79
3547,0.203144,0.9
3548,0.176579,0.96
3549,0.177388,0.88
3550,0.244743,0.99
3551,0.50139,1
3552,0.201544,0.97
3553,0.238022,0.96
3554,0.160363,0.69
3555,0.248359,0.98
3556,0.162612,0.65
3557,0.303069,0.98
3558,0.205212,0.96
3559,0.237022,0.96
3560,0.184788,0.85
3561,0.209599,0.91
3562,0.217512,0.96
3563,0.204568,0.98
3564,0.192139,0.97
3565,0.181475,0.91
3566,0.198745,0.97
3567,0.146042,0.65
3568,0.211145,0.99
3569,0.20824,0.97
3570,0.177624,0.71
3571,0.173764,0.78
3572,0.255123,0.99
3573,0.161813,0.98
3574,0.187518,0.91
3575,0.165082,0.82
3576,0.430319,1
3577,0.147415,0.62
3578,0.184486,0.92
3579,0.162434,0.75
3580,0.154372,0.66
3581,0.359527,0.99
3582,0.168757,0.84
3583,0.140074,0.54
3584,0.169968,0.82
3585,0.146524,0.6
3586,0.20679,0.93
3587,0.173718,0.89
3588,0.166914,0.81
3589,0.130696,0.59
3590,0.637831,1
3591,0.215397,0.96
3592,0.192365,0.98
3593,0.219321,0.98
3594,0.193685,0.99
3595,0.18612,0.93
3596,0.247792,0.99
3597,0.142237,0.6
3598,0.260094,0.98
3599,0.164873,0.68
3600,0.301281,1
3601,0.163966,0.67
3602,0.157081,0.75
3603,0.149018,0.75
3604,0.222459,0.93
3605,0.191531,0.81
3606,1.27647,1
3607,0.184427,0.75
3608,0.137049,0.71
3609,0.190995,0.94
3610,0.178887,0.93
3611,0.150781,0.59
3612,0.183092,0.87
3613,0.199405,0.98
3614,0.149053,0.61
3615,0.200322,0.91
3616,0.199462,0.79
3617,0.199122,0.93
3618,0.257183,0.98
3619,0.156213,0.78
3620,0.162976,0.74
3621,0.249365,1
3622,0.189669,0.89
3623,0.18315,0.91
3624,0.173437,0.69
3625,0.182972,0.9
3626,0.169715,0.9
3627,0.176876,0.83
3628,0.15099,0.67
3629,0.149108,0.7
3630,0.254818,0.99
3631,0.202397,0.96
3632,0.163874,0.74
3633,0.194161,0.88
3634,0.242346,0.98
3635,0.195653,0.9
3636,0.267875,0.99
3637,0.164883,0.79
3638,0.221466,0.86
3639,0.207645,0.98
3640,0.179534,0.87
3641,0.190692,0.84
3642,0.174329,0.89
3643,0.206342,0.9
3644,1.48015,1
3645,0.169991,0.85
3646,0.149742,0.67
3647,0.240147,0.85
3648,0.160127,0.53
3649,0.130494,0.6
3650,0.13095,0.29
3651,0.179255,0.81
3652,0.161006,0.88
3653,0.220908,0.95
3654,0.239003,0.98
3655,0.188973,0.86
3656,0.158931,0.87
3657,0.162282,0.73
3658,0.179886,0.96
3659,0.171572,0.72
3660,0.182341,0.92
3661,0.333114,1
3662,0.176474,0.9
3663,0.201846,0.87
3664,0.169898,0.78
3665,0.184607,0.85
3666,0.201623,0.95
3667,0.155673,0.72
3668,0.194728,0.96
3669,0.142994,0.77
3670,0.18376,0.82
3671,0.253398,0.99
3672,0.178583,0.86
3673,0.191414,0.96
3674,0.16256,0.82
3675,0.17392,0.86
3676,0.202655,0.88
3677,0.161457,0.93
3678,0.218744,0.96
3679,0.169474,0.9
3680,0.134579,0.56
3681,0.167647,0.85
3682,0.136548,0.63
3683,0.17892,0.86
3684,0.192404,0.93
3685,0.15062,0.59
3686,0.166078,0.91
3687,0.214782,0.94
3688,0.173665,0.74
3689,0.217672,0.9
3690,0.268437,0.97
3691,0.14188,0.54
3692,0.151723,0.48
3693,0.188502,0.92
3694,0.130912,0.58
3695,0.159871,0.59
3696,0.188912,0.92
3697,0.202442,0.89
3698,0.19413,0.95
3699,0.13477,0.48
3700,0.175601,0.88
3701,0.192763,0.92
3702,0.139564,0.73
3703,0.153431,0.71
3704,0.154371,0.74
3705,0.275628,1
3706,0.197099,0.94
3707,0.184757,0.83
3708,0.197015,0.94
3709,0.207031,0.92
3710,0.140832,0.59
3711,0.208883,0.99
3712,0.171584,0.88
3713,0.236042,0.92
3714,0.145385,0.62
3715,0.142925,0.65
3716,0.162051,0.76
3717,0.216098,0.77
3718,0.141612,0.77
3719,0.145893,0.73
3720,0.114733,0.42
3721,0.249202,0.99
3722,0.163807,0.77
3723,0.179672,0.9
3724,0.163298,0.71
3725,0.186873,0.92
3726,0.323142,1
3727,0.144079,0.68
3728,0.179817,0.9
3729,1.05718,1
3730,0.209922,0.97
3731,0.172536,0.72
3732,0.310126,0.97
3733,0.19098,0.87
3734,0.217645,0.93
3735,0.136016,0.77
3736,0.188115,0.91
3737,0.151147,0.84
3738,0.190749,0.8
3739,0.172183,0.7
3740,0.207827,0.99
3741,0.297742,1
3742,0.192119,0.84
3743,0.222453,0.94
3744,0.16347,0.78
3745,0.177802,0.71
3746,0.164033,0.75
3747,0.159208,0.88
3748,0.155446,0.79
3749,0.205112,0.95
3750,0.166513,0.67
3751,0.135166,0.58
3752,0.153627,0.55
3753,0.171382,0.75
3754,0.182809,0.93
3755,0.17935,0.87
3756,0.154804,0.59
3757,0.191697,0.85
3758,0.281623,0.99
3759,0.17331,0.73
3760,0.215368,0.92
3761,0.183574,0.85
3762,0.203419,0.92
3763,0.166167,0.88
3764,0.18722,0.91
3765,0.168212,0.89
3766,0.291177,1
3767,0.1716,0.85
3768,0.192776,0.9
3769,0.214373,0.96
3770,0.113414,0.5
3771,0.20313,0.97
3772,0.177703,0.86
3773,0.227608,0.98
3774,0.189855,0.8
3775,0.202344,0.87
3776,0.183972,0.89
3777,0.23461,0.95
3778,0.524375,1
3779,0.166957,0.85
3780,0.434439,1
3781,0.255987,1
3782,0.188018,0.89
3783,0.165104,0.8
3784,0.163032,0.93
3785,0.176828,0.9
3786,0.177691,0.83
3787,0.162715,0.82
3788,0.381507,1
3789,0.184431,0.85
3790,0.209792,0.95
3791,0.195985,0.87
3792,0.208791,1
3793,0.183929,0.83
3794,0.197857,0.96
3795,0.231788,0.96
3796,0.190542,0.87
3797,0.135539,0.79
3798,0.183001,0.83
3799,0.143858,0.72
3800,0.222788,0.99
3801,0.216229,0.94
3802,0.168278,0.65
3803,0.216497,0.94
3804,0.171403,0.89
3805,0.2246,0.97
3806,0.161737,0.67
3807,0.158573,0.89
3808,0.178477,0.87
3809,0.167287,0.79
3810,0.899311,1
3811,0.262049,0.99
3812,0.153864,0.77
3813,0.202039,0.93
3814,0.27069,0.99
3815,0.253964,1
3816,0.231862,0.97
3817,0.190307,0.88
3818,0.240475,1
3819,0.220086,0.96
3820,0.28441,1
3821,0.201458,0.96
3822,0.263953,0.99
3823,0.207073,0.96
3824,0.167838,0.92
3825,0.185705,0.97
3826,0.205006,0.89
3827,0.316148,1
3828,0.191527,0.94
3829,0.188666,0.96
3830,0.189228,0.94
3831,0.176025,0.84
3832,0.202392,0.95
3833,0.213997,1
3834,0.150343,0.6
3835,0.211332,0.93
3836,0.276043,1
3837,0.190667,0.91
3838,0.240613,0.96
3839,0.219949,0.9
3840,0.164452,0.81
3841,0.182849,0.8
3842,0.192181,0.89
3843,0.163598,0.9
3844,0.197612,0.91
3845,0.198788,0.99
3846,0.147516,0.75
3847,0.173729,0.83
3848,0.181566,0.78
3849,0.170825,0.86
3850,0.148988,0.67
3851,0.192524,0.92
3852,0.131124,0.54
3853,0.182149,0.85
3854,0.196904,0.91
3855,0.185989,0.85
3856,0.180289,0.83
3857,0.191675,0.85
3858,0.214473,0.95
3859,0.141962,0.67
3860,0.170114,0.82
3861,0.216966,0.99
3862,0.15061,0.8
3863,0.287129,0.99
3864,0.133984,0.44
3865,0.128529,0.32
3866,0.142609,0.65
3867,0.157876,0.67
3868,0.256189,0.97
3869,0.191623,0.92
3870,0.145993,0.7
3871,0.456113,1
3872,0.175782,0.75
3873,0.173987,0.83
3874,0.144794,0.63
3875,0.14242,0.61
3876,0.160842,0.78
3877,0.178939,0.95
3878,0.114133,0.43
3879,0.238024,0.98
3880,0.169482,0.93
3881,0.132829,0.72
3882,0.176668,0.96
3883,0.136023,0.76
3884,0.165403,0.77
3885,0.251295,0.98
3886,0.134134,0.64
3887,0.224129,0.99
3888,0.175976,0.75
3889,0.182934,0.84
3890,0.212258,0.91
3891,0.171219,0.77
3892,0.184675,0.79
3893,0.169644,0.76
3894,0.175983,0.8
3895,0.251585,0.99
3896,0.208616,0.92
3897,0.193769,0.86
3898,0.151057,0.84
3899,0.18834,0.92
3900,0.312651,1
3901,0.172153,0.73
3902,0.180721,0.84
3903,0.167964,0.66
3904,0.15962,0.71
3905,0.145938,0.79
3906,0.197027,0.85
3907,0.204052,0.95
3908,0.150978,0.68
3909,0.223379,0.99
3910,0.170678,0.81
3911,0.230078,0.97
3912,0.116293,0.67
3913,0.142766,0.65
3914,0.202655,0.94
3915,0.267749,1
3916,0.198423,0.92
3917,0.20581,0.92
3918,0.191728,0.86
3919,0.176234,0.84
3920,0.121582,0.43
3921,0.169222,0.82
3922,0.173221,0.83
3923,0.165079,0.8
3924,0.166937,0.72
3925,0.193015,0.96
3926,0.190417,0.84
3927,0.159168,0.75
3928,0.155174,0.79
3929,0.202971,0.93
3930,0.221044,0.96
3931,0.157369,0.52
3932,0.166483,0.81
3933,0.174342,0.87
3934,0.178989,0.9
3935,0.298608,0.98
3936,0.171197,0.84
3937,0.150344,0.78
3938,0.234175,0.98
3939,0.199384,0.91
3940,0.197019,0.87
3941,0.192804,0.85
3942,0.204263,0.95
3943,0.180368,0.9
3944,0.188915,0.88
3945,0.170937,0.87
3946,0.247845,1
3947,0.161841,0.78
3948,0.167248,0.69
3949,0.16048,0.82
3950,0.161343,0.81
3951,0.240798,0.98
3952,0.183259,0.85
3953,0.178081,0.94
3954,0.234117,0.98
3955,0.158102,0.75
3956,0.191242,0.89
3957,0.215827,0.98
3958,0.202945,0.95
3959,0.146318,0.66
3960,0.133136,0.61
3961,0.147127,0.8
3962,0.155293,0.82
3963,0.157777,0.62
3964,0.182232,0.9
3965,0.16582,0.82
3966,0.16002,0.8
3967,0.177304,0.97
3968,1.11607,1
3969,0.242401,0.98
3970,0.192173,0.93
3971,0.133665,0.64
3972,0.162979,0.91
3973,0.20357,0.9
3974,0.168798,0.88
3975,0.193818,0.88
3976,0.235154,0.91
3977,0.154565,0.93
3978,0.16313,0.81
3979,0.209615,0.97
3980,0.195353,0.97
3981,0.218327,0.95
3982,0.21248,0.96
3983,0.180897,0.93
3984,0.164989,0.85
3985,0.201288,0.97
3986,0.149221,0.64
3987,0.288631,1
3988,0.24772,0.98
3989,0.279127,1
3990,0.20179,0.91
3991,0.144516,0.7
3992,0.157183,0.84
3993,0.182882,0.95
3994,0.184179,0.96
3995,0.16227,0.75
3996,0.192805,0.94
3997,0.194302,0.94
3998,0.208213,0.95
3999,0.185186,0.86
4000,0.162972,0.88
4001,0.334082,1
4002,0.164618,0.73
4003,0.193419,0.92
4004,0.162355,0.79
4005,0.17594,0.84
4006,0.148467,0.71
4007,0.211168,0.95
4008,0.177414,0.78
4009,0.221439,0.99
4010,0.154335,0.66
4011,0.184073,0.93
4012,0.14259,0.52
4013,0.209974,0.99
4014,0.15512,0.71
4015,0.211077,0.97
4016,0.200137,0.93
4017,0.154037,0.79
4018,0.13559,0.62
4019,0.185011,0.94
4020,0.205907,0.92
4021,0.217716,0.99
4022,0.183125,0.88
4023,0.187622,0.92
4024,0.147034,0.65
4025,0.198609,0.89
4026,0.197782,0.89
4027,0.186965,0.92
4028,0.355209,1
4029,0.196643,0.97
4030,0.199884,0.92
4031,0.315815,1
4032,0.173896,0.84
4033,0.242555,0.94
4034,0.164348,0.75
4035,0.241684,1
4036,0.20529,0.97
4037,0.174757,0.82
4038,0.199262,0.91
4039,0.184345,0.83
4040,0.185772,0.97
4041,0.157256,0.81
4042,0.171721,0.88
4043,0.146468,0.65
4044,0.194624,0.9
4045,0.19557,0.9
4046,0.209663,0.87
4047,0.220642,0.95
4048,0.270851,1
4049,0.190042,0.95
4050,0.212954,0.87
4051,0.234975,0.87
4052,0.182591,0.94
4053,0.17525,0.73
4054,0.138406,0.7
4055,0.176926,0.9
4056,0.175734,0.89
4057,0.168006,0.86
4058,0.244075,0.99
4059,0.133123,0.42
4060,0.163827,0.88
4061,0.179331,0.83
4062,0.131318,0.58
4063,0.249431,0.95
4064,0.250018,0.99
4065,0.221967,0.88
4066,0.159074,0.84
4067,0.224995,0.94
4068,0.242028,0.97
4069,0.190419,0.93
4070,0.199107,0.92
4071,0.189366,0.83
4072,0.189365,0.97
4073,0.180194,0.92
4074,0.226636,0.97
4075,0.163963,0.74
4076,0.147597,0.79
4077,0.160032,0.67
4078,0.515038,1
4079,0.236449,0.96
4080,0.184697,0.98
4081,0.198687,0.84
4082,0.212344,0.93
4083,0.199257,0.86
4084,0.247198,1
4085,0.248336,0.99
4086,0.149215,0.77
4087,0.134175,0.73
4088,0.146526,0.84
4089,0.245617,1
4090,0.201555,0.96
4091,0.231063,0.97
4092,0.557274,1
4093,0.160796,0.9
4094,0.185169,0.96
4095,0.147121,0.77
4096,0.190224,0.96
4097,0.188332,0.91
4098,0.187112,0.84
4099,0.241069,0.98
4100,0.236083,0.87
4101,0.143973,0.63
4102,0.157225,0.79
4103,0.177759,0.79
4104,0.325449,0.99
4105,0.178043,0.85
4106,0.20771,0.94
4107,0.174844,0.68
4108,0.314472,1
4109,0.46723,1
4110,0.221148,0.94
4111,0.193488,0.83
4112,0.189236,0.8
4113,0.136743,0.58
4114,0.140362,0.63
4115,0.153118,0.79
4116,0.160112,0.69
4117,0.218157,0.94
4118,0.1942,0.9
4119,0.193519,0.9
4120,0.219323,0.86
4121,0.178446,0.75
4122,0.168086,0.92
4123,0.143092,0.79
4124,0.242292,0.97
4125,0.147797,0.83
4126,0.180381,0.79
4127,0.144234,0.69
4128,0.172691,0.88
4129,0.170393,0.84
4130,0.161469,0.84
4131,0.139164,0.54
4132,0.199964,0.83
4133,0.190336,0.95
4134,0.316022,1
4135,0.22767,0.98
4136,0.206157,0.85
4137,0.150687,0.78
4138,0.163938,0.81
4139,0.168931,0.62
4140,0.214897,0.99
4141,0.157499,0.83
4142,0.151858,0.83
4143,0.225808,0.97
4144,0.214141,0.89
4145,0.215544,0.97
4146,0.204297,0.82
4147,0.167147,0.77
4148,0.326996,1
4149,0.213584,0.96
4150,0.241091,0.97
4151,0.172699,0.95
4152,0.189797,0.92
4153,0.210715,0.99
4154,0.164175,0.88
4155,0.176638,0.9
4156,0.193037,0.95
4157,0.158918,0.53
4158,0.161773,0.89
4159,0.208458,0.91
4160,0.241936,0.95
4161,0.160693,0.81
4162,0.155003,0.79
4163,0.165405,0.68
4164,0.18578,0.93
4165,0.211561,0.89
4166,0.294692,1
4167,0.21192,0.91
4168,0.194397,0.99
4169,0.189139,0.9
4170,0.311808,0.99
4171,0.226797,0.88
4172,0.180419,0.92
4173,0.154611,0.74
4174,0.185493,0.89
4175,0.201716,0.99
4176,0.154203,0.65
4177,0.145083,0.76
4178,0.168558,0.81
4179,0.197876,0.89
4180,0.154058,0.73
4181,0.174715,0.81
4182,0.245288,0.99
4183,0.187495,0.97
4184,0.210622,0.94
4185,0.134876,0.36
4186,0.20132,0.91
4187,0.139189,0.76
4188,0.124134,0.54
4189,0.163932,0.8
4190,0.206112,0.94
4191,0.185385,0.94
4192,0.2059,0.82
4193,0.213293,0.95
4194,0.182697,0.85
4195,0.176551,0.79
4196,0.132384,0.4
4197,0.177936,0.85
4198,0.166029,0.87
4199,0.171352,0.84
4200,0.152664,0.71
4201,0.201273,0.95
4202,0.484032,1
4203,0.164308,0.78
4204,0.41186,1
4205,0.128129,0.51
4206,0.156511,0.74
4207,0.177311,0.91
4208,0.214053,0.96
4209,0.178716,0.91
4210,0.186831,0.9
4211,0.142486,0.72
4212,0.215566,0.91
4213,0.199195,0.93
4214,0.180478,0.83
4215,0.159463,0.71
4216,0.149986,0.64
4217,0.185116,0.86
4218,0.182355,0.84
4219,0.206887,0.95
4220,0.226332,0.97
4221,0.15248,0.8
4222,0.237984,0.98
4223,0.172172,0.92
4224,0.15072,0.69
4225,0.160928,0.83
4226,0.175253,0.83
4227,0.163057,0.71
4228,0.170001,0.82
4229,0.179402,0.93
4230,0.15279,0.68
4231,0.19279,0.92
4232,0.174454,0.83
4233,0.181553,0.83
4234,0.194521,0.85
4235,0.175405,0.8
4236,0.149918,0.68
4237,0.203418,0.93
4238,0.174174,0.86
4239,0.1798,0.8
4240,0.17287,0.89
4241,0.213531,0.9
4242,0.172534,0.69
4243,0.174269,0.76
4244,0.234991,1
4245,0.273888,0.99
4246,0.229339,0.99
4247,0.159043,0.75
4248,0.187202,0.97
4249,0.16977,0.83
4250,0.199631,0.98
4251,0.219014,0.98
4252,0.169641,0.72
4253,0.170666,0.72
4254,0.189047,0.9
4255,0.201664,0.96
4256,0.500167,1
4257,0.174204,0.72
4258,0.170547,0.8
4259,0.213737,0.98
4260,0.126597,0.67
4261,0.213774,0.91
4262,0.194559,0.95
4263,0.128471,0.77
4264,0.178255,0.9
4265,0.189311,0.93
4266,0.137629,0.7
4267,0.170982,0.8
4268,0.173694,0.87
4269,0.157201,0.82
4270,0.320031,1
4271,0.16286,0.81
4272,0.197575,0.92
4273,0.146681,0.56
4274,0.212599,0.95
4275,0.13917,0.39
4276,0.155332,0.68
4277,0.168056,0.85
4278,0.16596,0.92
4279,0.154351,0.6
4280,0.171541,0.9
4281,0.561497,1
4282,0.902374,0.99
4283,0.171415,0.86
4284,0.155528,0.52
4285,0.224079,0.94
4286,0.225078,1
4287,0.176864,0.95
4288,0.183109,0.84
4289,0.166154,0.83
4290,0.266574,1
4291,0.197358,0.93
4292,0.138893,0.55
4293,0.427955,1
4294,0.167196,0.85
4295,0.198462,0.91
4296,0.205509,0.91
4297,0.201975,0.96
4298,0.184209,0.91
4299,0.155142,0.7
4300,0.391403,1
4301,0.28847,1
4302,0.195106,0.9
4303,0.22966,0.99
4304,0.172429,0.74
4305,0.196643,0.85
4306,0.170058,0.86
4307,0.200614,0.9
4308,0.183203,0.87
4309,0.164315,0.77
4310,0.191558,0.99
4311,0.180744,0.8
4312,0.148412,0.64
4313,0.181306,0.87
4314,1.08614,1
4315,0.235937,0.97
4316,0.183525,0.87
4317,0.148296,0.7
4318,0.238745,0.98
4319,0.159525,0.69
4320,0.182375,0.88
4321,0.194889,0.87
4322,0.171675,0.79
4323,0.165508,0.76
4324,0.162921,0.74
4325,0.199621,0.9
4326,0.234235,0.97
4327,0.216819,0.91
4328,0.135346,0.48
4329,0.178731,0.86
4330,0.182845,0.78
4331,0.226682,0.98
4332,0.176016,0.8
4333,0.177534,0.75
4334,0.192173,0.92
4335,0.158303,0.78
4336,0.175342,0.92
4337,0.213039,0.97
4338,0.172406,0.84
4339,0.157605,0.87
4340,0.234282,0.99
4341,0.147611,0.69
4342,0.220648,0.94
4343,0.157527,0.6
4344,0.255138,1
4345,0.203837,0.91
4346,0.207686,0.94
4347,0.165407,0.74
4348,0.191864,0.9
4349,0.178851,0.82
4350,0.149395,0.73
4351,0.199644,0.92
4352,0.205349,0.96
4353,0.151601,0.73
4354,0.313772,1
4355,0.225703,0.94
4356,0.194703,0.91
4357,0.194096,0.87
4358,0.203168,0.85
4359,0.233616,0.94
4360,0.284962,1
4361,0.196137,0.97
4362,0.199648,0.83
4363,0.195824,0.89
4364,0.183093,0.86
4365,0.211467,0.96
4366,0.176293,0.81
4367,0.201778,0.99
4368,0.2268,0.92
4369,0.294979,0.99
4370,0.226268,0.99
4371,0.161883,0.89
4372,0.160735,0.76
4373,0.180809,0.89
4374,0.206226,0.91
4375,0.159495,0.77
4376,0.202725,0.91
4377,0.119164,0.15
4378,0.201237,0.95
4379,0.161853,0.81
4380,0.212547,0.99
4381,0.278806,1
4382,0.163687,0.85
4383,0.631112,1
4384,0.1765,0.82
4385,0.172969,0.85
4386,0.204228,0.88
4387,0.157895,0.77
4388,0.184458,0.83
4389,0.17344,0.79
4390,0.183281,0.96
4391,0.378051,1
4392,0.210543,0.99
4393,0.172472,0.77
4394,0.151495,0.57
4395,0.177968,0.84
4396,0.192983,0.94
4397,0.171154,0.74
4398,0.21218,0.89
4399,0.158221,0.69
4400,0.196746,0.91
4401,0.17524,0.72
4402,0.212238,0.93
4403,0.180454,0.9
4404,0.155077,0.79
4405,0.207961,0.95
4406,0.155903,0.81
4407,0.276111,1
4408,0.21784,0.97
4409,0.184222,0.88
4410,0.133392,0.45
4411,0.25871,0.99
4412,0.178877,0.84
4413,0.167663,0.89
4414,0.142654,0.62
4415,0.389356,1
4416,0.18562,0.94
4417,0.201812,0.96
4418,0.149157,0.51
4419,0.163374,0.92
4420,0.181577,0.89
4421,0.163438,0.73
4422,0.177835,0.86
4423,0.143302,0.53
4424,0.171163,0.86
4425,0.175248,0.82
4426,0.209528,0.89
4427,0.176563,0.78
4428,0.203044,0.92
4429,0.144559,0.62
4430,0.211937,0.94
4431,0.207294,0.97
4432,0.171992,0.82
4433,0.191439,0.95
4434,0.207102,0.95
4435,0.113086,0.23
4436,0.19236,0.89
4437,0.338892,1
4438,0.197326,0.96
4439,0.15133,0.72
4440,0.221368,0.98
4441,0.184225,0.85
4442,0.214373,0.97
4443,0.167549,0.74
4444,0.177772,0.77
4445,0.206931,0.96
4446,0.421707,0.97
4447,0.142421,0.66
4448,0.194314,0.87
4449,0.143323,0.6
4450,0.173287,0.79
4451,0.179744,0.89
4452,0.167047,0.78
4453,0.174624,0.91
4454,0.178141,0.81
4455,0.201689,0.86
4456,0.196066,0.85
4457,0.36947,1
4458,0.185302,0.95
4459,0.212691,0.93
4460,0.183827,0.86
4461,0.234218,0.97
4462,0.150937,0.8
4463,0.231883,0.97
4464,0.154619,0.51
4465,0.262723,1
4466,0.138525,0.68
4467,0.158929,0.84
4468,0.147842,0.73
4469,0.154557,0.76
4470,0.337939,0.99
4471,0.197782,0.93
4472,0.162798,0.63
4473,0.207423,0.98
4474,0.178887,0.95
4475,0.17212,0.88
4476,0.2382,0.96
4477,0.161996,0.76
4478,0.146721,0.62
4479,0.148856,0.82
4480,0.207113,0.94
4481,0.166732,0.81
4482,0.186389,0.92
4483,0.19987,0.94
4484,0.187507,0.89
4485,0.143559,0.73
4486,0.189251,0.95
4487,0.143058,0.69
4488,0.186176,0.89
4489,0.159261,0.72
4490,0.187033,0.89
4491,0.254348,0.98
4492,0.199085,0.92
4493,0.250351,0.97
4494,0.18415,0.78
4495,0.216427,0.95
4496,0.630617,1
4497,0.197524,0.8
4498,0.253624,0.99
4499,0.161776,0.96
4500,0.122409,0.47
4501,0.195499,0.93
4502,0.224651,0.94
4503,0.167014,0.7
4504,0.132303,0.63
4505,0.278021,0.99
4506,0.189013,0.89
4507,0.185971,0.96
4508,0.198364,0.94
4509,0.179805,0.82
4510,0.175439,0.75
4511,0.175633,0.83
4512,0.232834,0.96
4513,0.182796,0.92
4514,0.251383,0.98
4515,0.173535,0.84
4516,0.173449,0.82
4517,0.194209,0.89
4518,0.321266,0.92
4519,0.153233,0.71
4520,0.161346,0.92
4521,0.165498,0.82
4522,0.168354,0.79
4523,0.190979,0.89
4524,0.147342,0.75
4525,0.18448,0.88
4526,0.137827,0.49
4527,0.172229,0.76
4528,0.152061,0.83
4529,0.167111,0.88
4530,0.161324,0.77
4531,0.19715,0.94
4532,0.167489,0.77
4533,0.212196,0.92
4534,0.179188,0.83
4535,0.179803,0.87
4536,0.187256,0.9
4537,0.186955,0.9
4538,0.163369,0.68
4539,0.178192,0.85
4540,0.194696,0.87
4541,0.166983,0.77
4542,0.176615,0.88
4543,0.160618,0.81
4544,0.186868,0.87
4545,0.242222,0.9
4546,0.195645,1
4547,0.164963,0.71
4548,0.311258,0.96
4549,0.224671,0.96
4550,0.188553,0.85
4551,0.186164,0.94
4552,0.237193,0.96
4553,0.210683,0.96
4554,0.147098,0.67
4555,0.170935,0.82
4556,0.166742,0.64
4557,0.147035,0.6
4558,0.177251,0.87
4559,0.219859,0.97
4560,0.191435,0.85
4561,0.155166,0.76
4562,0.18421,0.87
4563,0.165585,0.87
4564,0.238851,0.99
4565,0.279236,1
4566,0.158955,0.71
4567,0.218638,1
4568,0.182623,0.91
4569,0.19109,0.86
4570,0.233281,0.98
4571,0.226348,0.98
4572,0.18457,0.96
4573,0.187882,0.87
4574,0.144658,0.69
4575,0.167505,0.87
4576,0.26631,0.97
4577,0.153965,0.68
4578,0.194165,0.96
4579,0.183888,0.83
4580,0.214145,0.96
4581,0.192396,0.92
4582,0.232703,0.98
4583,0.220573,0.97
4584,0.183107,0.9
4585,0.170844,0.71
4586,0.24891,0.99
4587,0.132269,0.42
4588,0.174744,0.85
4589,0.24944,1
4590,0.208354,0.96
4591,0.160561,0.8
4592,0.156867,0.71
4593,0.149714,0.63
4594,0.191278,0.9
4595,0.384446,1
4596,0.144441,0.63
4597,0.169762,0.63
4598,0.190445,0.94
4599,0.412916,1
4600,0.2117,0.97
4601,0.191788,0.9
4602,0.217195,0.97
4603,0.143856,0.62
4604,0.19216,0.92
4605,0.189081,0.84
4606,0.180549,0.78
4607,0.228009,0.94
4608,0.290638,1
4609,0.173165,0.96
4610,0.363895,0.93
4611,0.169342,0.82
4612,0.176962,0.93
4613,0.276612,1
4614,0.188773,0.9
4615,0.14523,0.55
4616,0.135259,0.53
4617,0.221291,0.97
4618,0.151879,0.77
4619,0.202593,0.95
4620,0.245014,1
4621,0.201736,0.94
4622,0.204408,0.93
4623,0.209845,0.99
4624,0.200268,0.96
4625,0.156225,0.83
4626,0.158559,0.74
4627,0.190741,0.88
4628,0.180803,0.94
4629,0.264505,0.98
4630,0.169986,0.76
4631,0.187966,0.89
4632,0.154793,0.75
4633,0.198861,0.95
4634,0.171329,0.97
4635,0.219719,0.99
4636,0.152995,0.78
4637,0.164809,0.72
4638,0.237967,0.94
4639,0.237958,0.99
4640,0.169969,0.88
4641,0.151976,0.68
4642,0.283841,1
4643,0.347152,0.95
4644,0.210766,1
4645,0.213846,0.9
4646,0.224041,0.93
4647,0.190803,0.89
4648,0.153601,0.79
4649,0.188455,0.9
4650,0.203356,0.98
4651,0.262173,0.99
4652,0.211689,0.99
4653,0.17294,0.9
4654,0.161273,0.89
4655,0.188056,0.87
4656,0.223006,0.89
4657,0.227083,0.99
4658,0.1444,0.67
4659,0.19409,1
4660,0.134955,0.5
4661,0.182858,0.91
4662,0.571492,1
4663,0.186203,0.92
4664,0.185314,0.89
4665,0.204936,0.93
4666,0.167149,0.84
4667,0.180877,0.96
4668,0.168373,0.88
4669,0.225251,0.98
4670,0.175322,0.74
4671,0.149225,0.65
4672,0.854995,1
4673,0.188766,0.91
4674,0.153396,0.88
4675,0.153288,0.67
4676,0.162024,0.74
4677,0.143934,0.49
4678,0.166937,0.79
4679,0.199495,0.87
4680,0.182297,0.77
4681,0.174842,0.87
4682,0.165955,0.91
4683,0.280082,0.99
4684,0.286357,0.99
4685,0.189275,0.97
4686,0.155881,0.79
4687,0.587423,1
4688,0.175022,0.82
4689,0.20646,0.93
4690,0.241837,1
4691,0.151711,0.91
4692,0.161577,0.85
4693,0.174272,0.92
4694,0.265136,1
4695,0.197054,0.92
4696,0.162814,0.86
4697,0.175072,0.81
4698,0.1665,0.83
4699,0.166026,0.87
4700,0.200161,0.85
4701,0.381457,0.97
4702,0.15703,0.67
4703,0.215065,0.96
4704,0.13859,0.49
4705,0.133089,0.56
4706,0.142936,0.76
4707,0.229604,0.97
4708,0.167348,0.87
4709,0.166491,0.81
4710,0.173971,0.92
4711,0.188696,0.93
4712,0.159975,0.85
4713,0.267347,0.98
4714,0.186671,0.84
4715,0.219889,0.98
4716,0.301607,1
4717,0.162183,0.82
4718,0.18714,0.76
4719,0.208899,0.92
4720,0.169829,0.82
4721,0.151075,0.67
4722,0.150929,0.69
4723,0.191925,0.92
4724,0.152979,0.71
4725,0.232963,0.96
4726,0.14575,0.64
4727,0.167652,0.81
4728,0.128944,0.46
4729,0.145548,0.65
4730,0.148446,0.58
4731,0.153006,0.66
4732,0.168118,0.81
4733,0.148357,0.69
4734,0.193631,0.93
4735,0.166225,0.86
4736,0.171134,0.7
4737,0.163052,0.66
4738,0.234922,0.91
4739,0.184818,0.83
4740,0.226708,0.95
4741,0.216964,0.9
4742,0.15655,0.73
4743,0.172373,0.73
4744,0.162361,0.82
4745,0.224369,0.96
4746,0.185315,0.86
4747,0.258355,0.99
4748,0.189282,0.95
4749,0.229508,0.99
4750,0.141959,0.8
4751,0.340625,0.99
4752,0.216738,0.89
4753,0.210567,0.92
4754,0.201514,0.88
4755,0.240782,0.92
4756,0.185583,0.9
4757,0.985577,1
4758,0.188521,0.8
4759,0.169568,0.82
4760,0.157276,0.73
4761,0.206377,0.93
4762,0.244325,1
4763,0.24185,1
4764,0.154104,0.73
4765,0.169219,0.79
4766,0.162055,0.87
4767,0.179434,0.83
4768,0.186077,0.92
4769,0.224945,0.96
4770,0.146775,0.69
4771,0.153951,0.62
4772,0.161972,0.72
4773,0.16557,0.71
4774,0.28957,1
4775,0.166324,0.76
4776,0.328064,0.98
4777,0.155741,0.64
4778,0.169557,0.67
4779,0.231571,0.97
4780,0.168614,0.74
4781,0.20587,0.96
4782,0.152018,0.75
4783,0.159617,0.83
4784,0.198614,0.92
4785,0.199511,0.94
4786,0.142129,0.58
4787,0.173851,0.9
4788,0.151832,0.69
4789,0.372166,1
4790,0.186638,0.93
4791,0.169306,0.83
4792,0.345318,1
4793,0.20424,0.93
4794,0.185004,0.87
4795,0.17308,0.88
4796,0.136218,0.74
4797,0.18411,0.88
4798,0.176997,0.75
4799,0.179943,0.87
4800,0.266574,0.99
4801,0.233255,0.99
4802,0.201232,0.95
4803,0.183845,0.88
4804,0.175218,0.68
4805,0.220761,0.94
4806,0.294464,0.99
4807,0.165636,0.81
4808,0.171893,0.73
4809,0.225578,0.95
4810,0.168631,0.83
4811,0.151179,0.78
4812,0.147066,0.79
4813,0.257245,0.98
4814,0.188931,0.84
4815,0.179885,0.9
4816,0.14822,0.68
4817,0.225505,0.98
4818,0.171572,0.8
4819,0.208352,0.87
4820,0.267631,0.98
4821,0.195784,0.87
4822,0.180764,0.92
4823,0.233383,0.98
4824,0.194233,0.83
4825,0.175849,0.84
4826,0.148721,0.67
4827,0.20866,0.94
4828,0.235209,0.75
4829,0.161557,0.63
4830,0.166769,0.75
4831,0.220175,0.96
4832,0.212904,0.86
4833,0.195285,0.9
4834,0.324459,0.99
4835,0.213575,0.96
4836,0.223152,0.95
4837,0.164824,0.77
4838,0.175904,0.78
4839,0.188908,0.89
4840,0.160104,0.83
4841,0.204177,0.89
4842,0.187809,0.91
4843,0.174193,0.87
4844,0.20811,0.95
4845,0.217629,0.98
4846,0.171684,0.89
4847,1.83454,1
4848,0.167113,0.86
4849,0.219152,0.96
4850,0.155304,0.75
4851,0.162892,0.86
4852,0.162394,0.78
4853,0.218577,0.97
4854,0.190429,0.88
4855,0.160969,0.81
4856,0.252197,1
4857,0.188043,0.85
4858,0.225393,0.96
4859,0.155318,0.82
4860,0.171029,0.86
4861,0.18044,0.87
4862,0.132053,0.68
4863,0.192685,0.79
4864,0.216826,0.93
4865,0.167462,0.76
4866,0.153391,0.83
4867,0.222202,1
4868,0.721191,1
4869,0.169478,0.84
4870,0.130886,0.65
4871,0.182155,0.89
4872,0.158823,0.7
4873,0.198126,0.91
4874,0.187283,0.76
4875,0.134058,0.43
4876,0.160418,0.83
4877,0.142825,0.64
4878,0.183164,0.81
4879,0.17161,0.88
4880,0.164912,0.88
4881,0.372301,1
4882,0.247611,0.99
4883,0.210649,0.87
4884,0.306141,0.85
4885,0.195552,0.87
4886,0.181956,0.79
4887,0.195374,0.95
4888,0.173757,0.75
4889,1.08153,1
4890,0.16227,0.86
4891,0.161501,0.9
4892,0.17087,0.87
4893,0.211918,0.99
4894,0.148518,0.58
4895,0.162335,0.86
4896,0.137806,0.65
4897,0.195078,0.96
4898,0.18403,0.88
4899,0.169022,0.78
4900,0.168109,0.8
4901,0.169879,0.88
4902,0.321527,1
4903,0.223707,0.94
4904,0.186511,0.85
4905,0.144219,0.75
4906,0.234319,0.98
4907,0.18612,0.87
4908,0.194671,0.82
4909,0.149889,0.57
4910,0.246404,0.98
4911,0.178151,0.86
4912,0.118983,0.44
4913,0.226739,0.96
4914,0.17453,0.89
4915,0.140802,0.7
4916,0.159132,0.82
4917,0.235224,0.98
4918,0.26645,0.99
4919,0.32047,0.99
4920,0.153971,0.82
4921,0.167433,0.95
4922,0.176638,0.88
4923,0.186118,0.95
4924,0.21476,0.96
4925,0.149016,0.6
4926,0.184786,0.8
4927,0.180818,0.86
4928,0.232709,0.94
4929,0.188978,0.88
4930,0.269559,1
4931,0.191256,0.95
4932,0.339378,1
4933,0.205613,0.98
4934,0.158133,0.89
4935,0.163336,0.78
4936,0.3004,1
4937,0.263128,0.96
4938,0.155727,0.73
4939,0.183802,0.87
4940,0.138936,0.55
4941,0.192619,0.95
4942,0.176647,0.87
4943,0.146787,0.61
4944,0.215546,0.95
4945,0.151649,0.71
4946,0.155426,0.79
4947,0.18375,0.91
4948,0.227865,0.98
4949,0.211273,0.89
4950,0.243175,1
4951,0.153633,0.63
4952,0.190727,0.83
4953,0.165253,0.74
4954,0.167996,0.87
4955,0.305694,0.99
4956,0.196488,0.87
4957,0.14777,0.74
4958,0.1822,0.94
4959,0.165868,0.73
4960,0.186729,0.85
4961,0.948212,1
4962,0.227658,0.92
4963,0.277569,0.98
4964,0.282665,0.91
4965,0.262932,0.99
4966,0.346559,1
4967,0.131314,0.67
4968,0.17546,0.91
4969,0.300713,0.95
4970,0.242392,0.98
4971,0.148687,0.54
4972,0.180632,0.82
4973,0.248555,0.98
4974,0.247387,1
4975,0.163001,0.67
4976,0.178838,0.8
4977,0.19692,0.92
4978,0.148158,0.76
4979,0.167539,0.79
4980,0.244852,1
4981,0.197491,0.93
4982,0.175783,0.81
4983,0.230359,0.98
4984,0.269536,1
4985,0.197623,0.91
4986,0.186252,0.86
4987,0.195855,0.87
4988,0.210633,0.96
4989,0.1928,0.99
4990,0.293756,0.96
4991,0.161021,0.81
4992,0.25488,0.99
4993,0.217596,0.91
4994,0.185428,0.84
4995,0.187343,0.74
4996,0.166115,0.8
4997,0.178186,0.93
4998,0.139124,0.57
4999,0.163697,0.78
5000,0.148369,0.54
5001,0.182224,0.84
5002,0.245273,1
5003,0.1967,0.85
5004,0.173551,0.56
5005,0.1705,0.83
5006,0.179459,0.8
5007,0.17837,0.9
5008,0.172566,0.81
5009,0.182182,0.79
5010,0.15456,0.74
5011,0.193017,0.88
5012,0.276375,0.98
5013,0.217861,0.8
5014,0.15058,0.83
5015,0.215865,0.96
5016,0.147004,0.7
5017,0.205844,0.96
5018,0.256553,0.99
5019,0.450521,0.98
5020,0.163383,0.88
5021,0.191574,0.88
5022,0.133733,0.51
5023,0.164857,0.79
5024,0.861554,1
5025,0.51956,1
5026,0.167223,0.82
5027,0.155416,0.74
5028,0.20247,0.94
5029,0.163794,0.82
5030,0.220964,0.96
5031,0.214225,1
5032,0.203447,0.94
5033,0.175534,0.89
5034,0.14658,0.74
5035,0.2062,0.94
5036,0.13648,0.8
5037,0.180817,0.89
5038,0.209413,0.98
5039,0.245004,0.95
5040,0.230265,1
5041,0.146364,0.75
5042,0.281591,1
5043,0.187347,0.97
5044,0.141033,0.73
5045,0.213549,0.85
5046,0.150652,0.73
5047,0.187903,0.84
5048,0.172081,0.81
5049,0.203816,0.95
5050,0.226978,1
5051,0.169551,0.91
5052,0.579988,1
5053,0.168591,0.65
5054,0.20609,0.93
5055,0.186799,0.87
5056,0.16903,0.67
5057,0.172153,0.86
5058,0.192644,0.91
5059,0.182349,0.89
5060,0.218714,0.94
5061,0.12489,0.5
5062,0.135543,0.64
5063,0.189813,0.84
5064,0.179056,0.71
5065,0.151617,0.78
5066,0.165738,0.69
5067,0.198075,0.87
5068,0.151265,0.76
5069,0.256029,0.98
5070,0.16866,0.73
5071,0.150088,0.72
5072,0.204124,0.96
5073,0.228325,1
5074,0.129781,0.66
5075,0.17372,0.8
5076,0.15848,0.88
5077,0.274401,0.98
5078,0.207733,0.89
5079,0.194827,0.95
5080,0.173533,0.82
5081,0.168109,0.84
5082,0.19294,0.89
5083,0.179483,0.91
5084,0.169262,0.69
5085,0.170429,0.91
5086,0.232087,0.96
5087,0.339176,1
5088,0.146539,0.79
5089,0.193276,0.95
5090,0.161003,0.83
5091,0.160303,0.81
5092,0.19975,0.86
5093,0.15193,0.54
5094,0.233597,1
5095,0.143565,0.71
5096,0.211431,0.99
5097,0.159245,0.86
5098,0.209104,0.98
5099,0.198849,0.79
5100,0.171374,0.77
5101,0.319089,1
5102,0.212689,0.91
5103,0.22535,0.89
5104,0.24012,0.99
5105,0.204472,0.97
5106,0.252105,0.99
5107,0.16972,0.88
5108,0.167694,0.77
5109,0.165132,0.76
5110,0.194021,0.96
5111,0.149409,0.78
5112,0.243402,0.99
5113,0.23963,0.99
5114,0.205602,0.97
5115,0.169953,0.84
5116,1.50816,1
5117,0.332655,1
5118,0.161207,0.8
5119,0.161774,0.64
5120,0.286989,1
5121,0.171049,0.87
5122,0.170582,0.91
5123,0.159665,0.58
5124,0.147051,0.76
5125,0.190403,0.89
5126,0.179289,0.9
5127,0.221282,0.91
5128,0.190901,0.94
5129,0.240665,0.98
5130,0.157431,0.74
5131,0.178708,0.92
5132,0.167794,0.76
5133,0.149561,0.77
5134,0.164965,0.69
5135,0.192211,0.93
5136,0.199387,0.97
5137,0.491837,1
5138,0.203277,0.86
5139,0.203156,0.92
5140,0.179335,0.85
5141,2.237,1
5142,0.190273,0.87
5143,0.201848,0.98
5144,0.252577,0.98
5145,0.179142,0.8
5146,0.321887,1
5147,0.268894,1
5148,0.197395,0.94
5149,0.183597,0.85
5150,0.191019,0.88
5151,0.202789,0.98
5152,0.237325,0.95
5153,0.174404,0.86
5154,0.223473,0.94
5155,0.22113,1
5156,0.23767,1
5157,0.167266,0.78
5158,0.138382,0.73
5159,0.232498,0.94
5160,0.269669,0.99
5161,0.151922,0.57
5162,0.190972,0.93
5163,0.206554,0.94
5164,0.187706,0.97
5165,0.215583,0.91
5166,0.209146,0.96
5167,0.167784,0.81
5168,0.217395,0.97
5169,0.225983,0.99
5170,0.197708,0.93
5171,0.185966,0.88
5172,0.199644,0.94
5173,0.153528,0.63
5174,0.220754,0.93
5175,0.172106,0.76
5176,0.190854,0.82
5177,0.186064,0.87
5178,0.173564,0.89
5179,0.201063,0.99
5180,0.149469,0.87
5181,0.289452,0.95
5182,0.221299,0.95
5183,0.224157,0.99
5184,0.188675,0.92
5185,0.257966,0.98
5186,0.170856,0.84
5187,0.124488,0.3
5188,0.225497,0.98
5189,0.166141,0.79
5190,0.168844,0.84
5191,0.158308,0.79
5192,0.193536,0.87
5193,0.150722,0.75
5194,0.165172,0.8
5195,0.154863,0.72
5196,0.137836,0.7
5197,0.151747,0.59
5198,0.229957,0.98
5199,0.16086,0.64
5200,0.285998,1
5201,0.207573,0.92
5202,0.190676,0.82
5203,0.158745,0.75
5204,0.199441,0.99
5205,0.190163,0.95
5206,0.151261,0.74
5207,0.164657,0.73
5208,0.140248,0.65
5209,0.136766,0.52
5210,0.166388,0.74
5211,0.141514,0.62
5212,0.149594,0.77
5213,0.272666,0.98
5214,0.181469,0.8
5215,0.194207,0.96
5216,0.187274,0.92
5217,0.170596,0.8
5218,0.149249,0.72
5219,0.221002,1
5220,0.146684,0.65
5221,0.151776,0.76
5222,0.174509,0.86
5223,0.178271,0.83
5224,0.18725,0.93
5225,0.20569,0.96
5226,0.182858,0.85
5227,0.438001,1
5228,0.170486,0.92
5229,0.191797,0.92
5230,0.205108,0.96
5231,0.336659,0.99
5232,0.170987,0.84
5233,0.204451,0.97
5234,0.236483,1
5235,0.175417,0.85
5236,0.247493,0.98
5237,0.185391,0.9
5238,0.194522,0.87
5239,0.154331,0.71
5240,0.194821,0.92
5241,0.238266,0.96
5242,0.175966,0.81
5243,0.256272,0.97
5244,0.148501,0.61
5245,0.211887,0.92
5246,0.185599,0.96
5247,0.212414,0.98
5248,0.161704,0.83
5249,0.322206,0.99
5250,0.182199,0.9
5251,0.160773,0.75
5252,0.173045,0.9
5253,0.199578,0.86
5254,0.242739,0.97
5255,0.162475,0.79
5256,0.214347,0.9
5257,0.155954,0.76
5258,0.24837,1
5259,0.179793,0.93
5260,0.136787,0.44
5261,0.173168,0.78
5262,0.162272,0.75
5263,0.16376,0.87
5264,0.152108,0.71
5265,0.18734,0.73
5266,0.194486,0.92
5267,0.190057,0.95
5268,0.247792,0.98
5269,0.158315,0.61
5270,0.174625,0.61
5271,0.519223,1
5272,0.189323,0.93
5273,0.573161,1
5274,0.18584,0.82
5275,0.224938,0.92
5276,0.150171,0.59
5277,0.275278,0.98
5278,0.162472,0.64
5279,0.149612,0.64
5280,0.191719,0.99
5281,0.184061,0.89
5282,0.310151,0.99
5283,0.180195,0.82
5284,0.159451,0.64
5285,0.179384,0.86
5286,0.187445,0.97
5287,0.135835,0.44
5288,0.195903,0.94
5289,0.215589,0.95
5290,0.142951,0.76
5291,0.281567,0.99
5292,0.214105,0.89
5293,0.172572,0.87
5294,0.23502,1
5295,0.523511,1
5296,0.230355,0.99
5297,0.140108,0.53
5298,0.23108,0.94
5299,0.175996,0.87
5300,0.193892,0.92
5301,0.149834,0.83
5302,0.198815,0.98
5303,0.182919,0.8
5304,0.139962,0.65
5305,0.185749,0.89
5306,0.159573,0.81
5307,0.225478,0.95
5308,0.220618,0.95
5309,0.162489,0.75
5310,0.193166,0.97
5311,0.173099,0.69
5312,0.172412,0.85
5313,0.261441,1
5314,0.168302,0.64
5315,0.162196,0.81
5316,0.164836,0.93
5317,0.181695,0.84
5318,0.204836,0.97
5319,0.152118,0.71
5320,0.188777,0.86
5321,0.161625,0.81
5322,0.21712,0.95
5323,0.244243,1
5324,0.182325,0.71
5325,0.160566,0.75
5326,0.169957,0.65
5327,0.177934,0.85
5328,0.19985,0.91
5329,0.237127,0.99
5330,0.368372,0.99
5331,0.238487,0.95
5332,0.188835,0.71
5333,0.189583,0.89
5334,0.219309,0.96
5335,0.165693,0.73
5336,0.20862,0.9
5337,0.198538,0.96
5338,0.151977,0.65
5339,0.171723,0.67
5340,0.369018,1
5341,0.299074,0.99
5342,0.135797,0.62
5343,0.162851,0.74
5344,0.180143,0.84
5345,0.172137,0.84
5346,0.172795,0.81
5347,0.230892,0.95
5348,0.160048,0.95
5349,0.317262,0.99
5350,0.14531,0.66
5351,0.153795,0.78
5352,0.173141,0.77
5353,0.163385,0.67
5354,0.187208,0.96
5355,0.157274,0.73
5356,0.165915,0.84
5357,0.180011,0.85
5358,0.176848,0.93
5359,0.206027,0.9
5360,0.179637,0.89
5361,0.207929,0.92
5362,0.179897,0.95
5363,0.140365,0.62
5364,0.174745,0.9
5365,0.266783,0.99
5366,0.194832,0.85
5367,0.15767,0.7
5368,0.280474,0.99
5369,0.200152,1
5370,0.165792,0.77
5371,0.456954,0.99
5372,0.240796,1
5373,0.185063,0.84
5374,0.268346,1
5375,0.236805,0.95
5376,0.171733,0.89
5377,0.237392,0.98
5378,0.148955,0.68
5379,0.189199,0.9
5380,0.335931,1
5381,0.159514,0.62
5382,0.133541,0.4
5383,0.226129,0.98
5384,0.195234,0.91
5385,0.147698,0.56
5386,0.175676,0.82
5387,0.136801,0.44
5388,0.25778,0.99
5389,0.224115,0.99
5390,0.291051,0.99
5391,0.228666,0.99
5392,0.297663,0.99
5393,0.176885,0.81
5394,0.208638,0.91
5395,0.19862,0.93
5396,0.20405,0.86
5397,0.163067,0.75
5398,0.148519,0.71
5399,0.49622,1
5400,0.14253,0.61
5401,0.122778,0.61
5402,0.165827,0.77
5403,0.20541,0.99
5404,0.20052,0.89
5405,0.318211,0.99
5406,0.169935,0.87
5407,0.159605,0.84
5408,0.207589,0.97
5409,0.198631,0.89
5410,0.187661,0.89
5411,0.181122,0.87
5412,0.207825,0.99
5413,0.187849,0.87
5414,0.214009,0.96
5415,0.158741,0.86
5416,0.220886,0.99
5417,0.155677,0.73
5418,0.199686,0.97
5419,0.15473,0.78
5420,0.208344,0.9
5421,0.202607,0.91
5422,0.229228,1
5423,0.146145,0.8
5424,0.227343,0.98
5425,0.204367,0.98
5426,0.175441,0.78
5427,0.191716,0.9
5428,0.170668,0.81
5429,0.18089,0.85
5430,0.181369,0.75
5431,0.185056,0.81
5432,0.223558,0.99
5433,0.197956,0.93
5434,0.201331,0.82
5435,0.142782,0.7
5436,0.165841,0.74
5437,0.172003,0.84
5438,0.177034,0.85
5439,0.208852,0.97
5440,0.178715,0.96
5441,0.167129,0.73
5442,0.203552,0.96
5443,0.168067,0.74
5444,0.173592,0.92
5445,0.217179,0.98
5446,0.171945,0.83
5447,0.187054,0.91
5448,0.404423,0.99
5449,0.167354,0.76
5450,0.188907,0.92
5451,0.154432,0.71
5452,0.270331,0.96
5453,0.153226,0.74
5454,1.83252,1
5455,0.195129,0.94
5456,0.240375,0.97
5457,0.18361,0.74
5458,0.179357,0.88
5459,0.135061,0.51
5460,0.219211,0.96
5461,0.220591,0.94
5462,0.235881,0.99
5463,0.128734,0.46
5464,0.150982,0.7
5465,0.201236,0.99
5466,0.195826,0.89
5467,0.194572,0.89
5468,0.138167,0.6
5469,0.225922,0.94
5470,0.164909,0.78
5471,0.203571,0.89
5472,0.155194,0.88
5473,0.194906,0.9
5474,0.171566,0.82
5475,0.202055,0.93
5476,0.334424,1
5477,0.163907,0.75
5478,0.159855,0.55
5479,0.184288,0.91
5480,0.190346,0.88
5481,0.181997,0.89
5482,0.193932,0.84
5483,0.152823,0.73
5484,0.215965,0.92
5485,0.213495,0.91
5486,0.231479,1
5487,0.287542,1
5488,0.178158,0.86
5489,0.13517,0.64
5490,0.223346,0.92
5491,0.268198,0.94
5492,0.273585,1
5493,0.197026,0.98
5494,0.188101,0.92
5495,0.555813,1
5496,0.144677,0.66
5497,0.175104,0.78
5498,0.164909,0.67
5499,0.163608,0.74
5500,0.179944,0.84
5501,0.24689,1
5502,0.262813,0.98
5503,0.16513,0.77
5504,0.244987,1
5505,0.197018,0.92
5506,0.164027,0.75
5507,0.220119,0.87
5508,0.221314,0.97
5509,0.177188,0.9
5510,0.180007,0.89
5511,0.248293,0.96
5512,0.229047,0.97
5513,0.216731,0.94
5514,0.149011,0.5
5515,0.277446,1
5516,0.189538,0.82
5517,0.251841,0.99
5518,0.223891,0.93
5519,0.22024,1
5520,0.231687,1
5521,0.16179,0.79
5522,0.177736,0.95
5523,0.149834,0.7
5524,0.191431,0.91
5525,0.178842,0.95
5526,0.23942,0.88
5527,0.169574,0.85
5528,0.147041,0.67
5529,0.188503,0.84
5530,0.17058,0.83
5531,0.196833,0.93
5532,0.1857,0.79
5533,0.183239,0.96
5534,0.153183,0.72
5535,0.184772,0.86
5536,0.180705,0.89
5537,0.254205,0.98
5538,0.162417,0.89
5539,0.192857,0.81
5540,0.147724,0.77
5541,0.219574,0.99
5542,0.160299,0.91
5543,0.159998,0.76
5544,0.193573,0.95
5545,0.384656,1
5546,0.160497,0.69
5547,0.167895,0.89
5548,0.168563,0.78
5549,0.151738,0.76
5550,0.225625,0.95
5551,0.200417,0.91
5552,0.228504,0.96
5553,0.155688,0.76
5554,0.177647,0.93
5555,0.199827,0.81
5556,0.171025,0.89
5557,0.193549,0.91
5558,0.227348,0.95
5559,0.157521,0.77
5560,0.176678,0.78
5561,0.182266,0.91
5562,0.267438,1
5563,0.174189,0.84
5564,0.161825,0.74
5565,0.286539,0.99
5566,0.173537,0.94
5567,0.855386,1
5568,0.165926,0.82
5569,0.528635,0.99
5570,0.179651,0.82
5571,0.296442,0.99
5572,0.359408,0.93
5573,0.185143,0.88
5574,0.199071,0.86
5575,0.201782,0.89
5576,0.204717,0.89
5577,0.19045,0.9
5578,0.220377,0.96
5579,0.208083,0.98
5580,0.152436,0.63
5581,0.169288,0.85
5582,0.175937,0.78
5583,0.182115,0.83
5584,0.276445,0.94
5585,0.186938,0.9
5586,0.198672,0.89
5587,0.145909,0.56
5588,0.217297,0.98
5589,0.174342,0.94
5590,0.223723,0.94
5591,0.202344,0.98
5592,0.17479,0.73
5593,0.548135,1
5594,0.197283,0.89
5595,0.144616,0.68
5596,0.162916,0.84
5597,0.22584,0.99
5598,0.198414,0.95
5599,0.203831,0.93
5600,0.149518,0.63
5601,0.228809,0.96
5602,0.163163,0.82
5603,0.181772,0.83
5604,0.284668,0.99
5605,0.245557,1
5606,0.22837,0.97
5607,0.173271,0.82
5608,0.228842,0.98
5609,0.167888,0.73
5610,0.155493,0.62
5611,0.23517,0.99
5612,0.267775,0.92
5613,0.183386,0.93
5614,0.182,0.83
5615,0.187802,0.92
5616,0.138571,0.48
5617,0.131743,0.55
5618,0.411663,1
5619,0.169601,0.91
5620,0.190637,0.88
5621,0.197436,0.96
5622,0.125079,0.66
5623,0.174108,0.88
5624,0.20687,0.94
5625,0.289143,1
5626,0.164412,0.79
5627,0.289766,0.74
5628,0.205138,0.96
5629,0.196367,0.9
5630,0.327162,0.99
5631,0.283646,1
5632,0.236334,0.98
5633,0.15126,0.8
5634,0.160367,0.82
5635,0.177877,0.94
5636,0.177178,0.77
5637,0.143908,0.7
5638,0.190225,0.94
5639,0.20095,0.97
5640,0.232744,0.96
5641,0.181382,0.92
5642,0.159773,0.85
5643,0.175143,0.85
5644,0.165066,0.7
5645,0.134876,0.53
5646,0.238517,0.96
5647,0.189871,0.93
5648,0.179936,0.77
5649,0.137193,0.46
5650,0.189752,0.98
5651,0.214014,0.9
5652,0.191305,0.92
5653,0.163026,0.79
5654,0.216746,0.94
5655,0.174725,0.85
5656,0.164439,0.81
5657,0.16751,0.72
5658,0.187236,0.93
5659,0.207278,0.95
5660,0.150453,0.6
5661,0.177972,0.79
5662,0.202384,0.84
5663,0.165431,0.77
5664,0.160849,0.63
5665,0.219297,0.96
5666,0.165906,0.84
5667,0.177029,0.86
5668,0.234586,0.97
5669,0.183439,0.87
5670,0.190112,0.88
5671,0.484559,0.99
5672,0.216831,0.92
5673,0.223281,0.87
5674,0.20171,0.9
5675,0.196733,0.88
5676,0.195834,0.84
5677,0.196038,0.94
5678,0.144546,0.44
5679,0.19241,0.96
5680,0.345889,0.99
5681,0.176567,0.83
5682,0.195605,0.95
5683,0.168816,0.7
5684,0.168538,0.86
5685,0.326454,1
5686,0.203754,0.9
5687,0.192716,0.9
5688,0.327407,0.99
5689,0.132741,0.49
5690,0.154505,0.91
5691,0.186368,0.92
5692,0.182096,0.93
5693,0.201678,0.89
5694,0.146263,0.59
5695,0.151352,0.85
5696,0.198238,0.93
5697,0.18364,0.91
5698,0.196323,0.93
5699,0.184715,0.94
5700,0.19584,0.85
5701,0.144559,0.68
5702,0.347941,0.99
5703,0.202726,0.92
5704,0.395345,1
5705,0.210874,0.94
5706,0.164532,0.73
5707,0.202916,0.9
5708,0.17211,0.92
5709,0.177419,0.77
5710,0.211852,0.95
5711,0.206543,0.95
5712,0.199764,0.94
5713,0.222017,1
5714,0.164716,0.72
5715,0.229792,1
5716,0.176291,0.83
5717,0.206516,1
5718,0.183138,0.79
5719,0.15753,0.83
5720,0.178122,0.9
5721,0.130569,0.47
5722,0.190711,0.93
5723,0.149162,0.57
5724,0.168592,0.84
5725,0.197971,0.96
5726,0.176223,0.85
5727,0.321234,0.97
5728,0.235509,0.99
5729,0.179837,0.69
5730,0.150819,0.61
5731,0.163948,0.77
5732,0.139287,0.47
5733,0.30396,0.99
5734,0.24015,1
5735,0.192646,0.92
5736,0.21175,0.96
5737,0.558795,1
5738,0.186268,0.85
5739,0.127929,0.66
5740,0.178209,0.87
5741,0.144305,0.86
5742,0.175835,0.84
5743,0.185153,0.86
5744,0.194014,0.85
5745,0.26284,0.99
5746,0.225484,0.96
5747,0.180921,0.75
5748,0.163955,0.88
5749,0.191654,0.92
5750,0.146647,0.52
5751,0.20643,0.95
5752,0.155024,0.74
5753,0.220438,0.86
5754,0.630189,0.99
5755,0.253244,0.99
5756,0.149313,0.67
5757,0.33301,1
5758,0.154517,0.75
5759,0.198905,0.9
5760,0.174732,0.85
5761,0.234639,0.96
5762,0.139851,0.66
5763,0.193536,0.9
5764,0.157428,0.81
5765,0.14416,0.7
5766,0.435678,1
5767,0.179313,0.85
5768,0.208575,0.98
5769,0.151758,0.56
5770,0.175494,0.89
5771,0.225487,0.95
5772,0.156729,0.78
5773,0.174553,0.86
5774,0.186532,0.91
5775,0.182884,0.87
5776,0.176912,0.8
5777,0.421697,1
5778,0.186681,0.89
5779,0.24059,1
5780,0.179912,0.95
5781,0.213598,0.91
5782,0.165465,0.81
5783,0.178851,0.87
5784,0.251906,0.99
5785,0.152852,0.52
5786,0.241272,0.94
5787,0.17292,0.78
5788,0.135579,0.61
5789,0.277622,0.99
5790,0.162221,0.77
5791,0.209425,0.96
5792,0.158745,0.78
5793,0.151823,0.6
5794,0.177308,0.8
5795,0.203024,0.94
5796,0.217414,0.98
5797,0.178865,0.9
5798,0.1878,0.88
5799,0.1573,0.8
5800,0.140073,0.63
5801,0.217293,0.96
5802,0.159891,0.76
5803,0.19211,0.92
5804,0.17573,0.8
5805,0.26931,0.99
5806,0.179913,0.83
5807,0.179107,0.82
5808,0.352165,1
5809,0.200261,0.96
5810,0.179779,0.85
5811,0.19092,0.88
5812,0.166453,0.85
5813,0.200446,0.96
5814,0.166709,0.79
5815,0.242111,1
5816,0.191267,0.87
5817,0.177962,0.87
5818,0.153046,0.73
5819,0.171581,0.88
5820,0.156995,0.78
5821,0.200499,0.91
5822,0.203198,0.88
5823,0.169987,0.82
5824,0.213097,0.94
5825,0.220256,0.97
5826,0.329599,1
5827,0.455878,1
5828,0.153451,0.59
5829,0.239034,0.99
5830,0.184816,0.89
5831,0.217902,0.92
5832,0.22285,0.98
5833,0.166816,0.67
5834,0.142102,0.55
5835,0.258592,1
5836,0.159652,0.67
5837,0.173681,0.78
5838,0.177233,0.9
5839,0.295753,1
5840,0.222332,0.97
5841,0.263454,0.99
5842,0.207567,0.91
5843,0.235182,0.99
5844,0.165229,0.77
5845,0.193844,0.89
5846,0.172956,0.95
5847,0.162132,0.76
5848,0.209675,0.95
5849,0.170756,0.76
5850,0.153376,0.63
5851,0.242814,0.96
5852,0.130348,0.51
5853,0.151984,0.68
5854,0.170148,0.88
5855,0.217148,0.94
5856,0.174897,0.81
5857,0.187899,0.87
5858,0.125941,0.39
5859,0.285058,1
5860,0.246851,1
5861,0.175295,0.85
5862,0.154044,0.67
5863,0.347808,0.99
5864,0.186033,0.86
5865,0.213594,0.91
5866,0.192978,0.92
5867,0.213374,0.91
5868,0.186219,0.88
5869,0.167017,0.8
5870,0.191214,0.97
5871,0.190021,0.93
5872,0.200403,0.93
5873,0.17961,0.85
5874,0.178417,0.86
5875,0.21507,0.98
5876,0.187632,0.92
5877,0.212786,0.96
5878,0.181311,0.89
5879,0.277745,0.98
5880,0.19095,0.85
5881,0.16071,0.67
5882,0.187784,0.87
5883,0.192534,0.93
5884,0.161236,0.71
5885,0.148099,0.67
5886,0.162071,0.77
5887,0.155165,0.66
5888,0.146542,0.63
5889,0.257516,0.99
5890,0.365413,0.99
5891,0.162944,0.88
5892,0.195521,0.81
5893,0.187545,0.93
5894,0.181233,0.97
5895,0.23186,1
5896,0.208424,0.94
5897,0.197156,0.82
5898,0.185621,0.93
5899,0.172131,0.87
5900,0.184011,0.85
5901,0.203209,0.95
5902,0.161829,0.74
5903,0.153384,0.66
5904,0.176958,0.89
5905,0.134024,0.61
5906,0.190969,0.9
5907,0.165187,0.88
5908,0.20853,0.95
5909,0.159033,0.8
5910,0.28101,1
5911,0.160412,0.66
5912,0.326305,0.99
5913,1.09726,1
5914,0.167719,0.71
5915,0.289633,0.99
5916,0.181323,0.87
5917,0.201312,0.99
5918,0.184983,0.79
5919,0.178719,0.89
5920,0.201732,0.99
5921,0.151833,0.6
5922,0.198262,0.88
5923,0.169983,0.69
5924,0.204268,1
5925,0.172022,0.9
5926,0.203965,0.93
5927,0.216046,0.86
5928,0.184592,0.93
5929,0.157416,0.76
5930,0.320812,0.99
5931,0.280294,1
5932,0.163608,0.8
5933,0.175811,0.91
5934,0.166549,0.74
5935,0.156936,0.71
5936,0.208983,0.96
5937,0.204164,0.99
5938,0.181816,0.8
5939,0.204116,0.89
5940,0.218552,0.95
5941,0.181863,0.98
5942,0.229887,1
5943,0.214125,1
5944,0.280595,0.98
5945,0.175854,0.73
5946,0.167365,0.93
5947,0.176291,0.8
5948,0.199885,0.95
5949,0.194385,0.87
5950,0.171958,0.76
5951,0.157856,0.91
5952,0.179771,0.92
5953,0.165795,0.82
5954,0.162465,0.69
5955,0.160625,0.83
5956,0.266588,0.99
5957,0.204979,0.98
5958,0.144413,0.78
5959,0.183127,0.9
5960,0.334444,0.99
5961,0.277098,1
5962,0.201318,0.89
5963,0.159973,0.65
5964,0.181256,0.86
5965,0.169938,0.87
5966,0.274278,1
5967,0.186893,0.93
5968,0.342769,1
5969,0.171643,0.83
5970,0.231893,0.99
5971,0.193795,0.91
5972,0.324129,1
5973,0.151552,0.82
5974,0.265631,0.97
5975,0.213141,0.95
5976,0.175657,0.93
5977,0.212047,0.97
5978,0.161811,0.75
5979,0.207019,0.97
5980,0.148148,0.58
5981,0.218969,0.9
5982,0.144244,0.66
5983,0.1671,0.8
5984,0.207381,0.94
5985,0.182923,0.89
5986,0.181967,0.83
5987,0.18261,0.88
5988,0.133206,0.6
5989,0.284614,0.97
5990,0.223654,0.99
5991,0.402068,1
5992,0.193057,0.89
5993,0.19172,0.94
5994,0.150797,0.65
5995,0.178653,0.67
5996,0.212627,0.95
5997,0.180227,0.75
5998,0.176251,0.86
5999,0.19411,0.89
6000,0.195468,0.97
6001,0.165616,0.88
6002,0.310462,1
6003,0.171282,0.8
6004,0.161972,0.69
6005,0.228932,0.93
6006,0.150311,0.76
6007,0.203851,0.94
6008,0.158582,0.62
6009,0.161415,0.73
6010,0.164876,0.97
6011,0.208603,0.98
6012,0.194812,0.86
6013,0.138398,0.7
6014,0.198573,0.97
6015,0.179311,0.94
6016,0.178123,0.74
6017,0.18003,0.93
6018,0.181706,0.89
6019,0.188825,0.79
6020,0.555609,1
6021,0.168376,0.86
6022,0.197528,0.96
6023,0.187714,0.87
6024,0.234127,0.91
6025,0.176163,0.8
6026,0.164777,0.64
6027,0.166802,0.79
6028,0.184764,0.78
6029,0.192562,0.92
6030,0.191793,0.9
6031,0.213066,0.96
6032,0.17706,0.92
6033,0.195172,0.95
6034,0.53636,1
6035,0.167573,0.88
6036,0.202469,0.87
6037,0.20327,0.91
6038,0.189167,0.89
6039,0.22209,0.97
6040,0.196008,0.91
6041,0.21923,0.94
6042,0.163268,0.87
6043,0.181841,0.96
6044,0.220248,0.94
6045,0.18287,0.92
6046,0.182203,0.79
6047,0.272997,0.99
6048,0.140417,0.68
6049,0.180915,0.88
6050,0.187986,0.87
6051,0.176493,0.74
6052,0.229113,1
6053,0.156979,0.67
6054,0.147852,0.63
6055,0.243726,1
6056,0.204881,0.99
6057,0.208024,0.81
6058,0.204019,0.98
6059,0.156035,0.74
6060,0.194924,0.94
6061,0.161506,0.59
6062,0.203535,0.88
6063,0.161844,0.66
6064,0.161396,0.75
6065,0.158388,0.65
6066,0.237863,0.98
6067,0.193165,0.94
6068,0.416212,1
6069,0.189917,0.9
6070,0.134116,0.9
6071,0.13746,0.48
6072,0.14501,0.63
6073,0.160914,0.73
6074,0.21447,0.97
6075,0.163364,0.83
6076,0.210626,0.98
6077,0.192237,0.88
6078,0.165734,0.73
6079,0.375325,1
6080,0.14046,0.61
6081,0.214547,0.92
6082,0.149795,0.86
6083,0.191544,0.8
6084,0.150252,0.68
6085,0.200543,0.87
6086,0.24024,0.98
6087,0.159159,0.71
6088,0.307787,1
6089,0.186092,0.93
6090,0.149816,0.54
6091,0.24087,0.97
6092,0.150698,0.79
6093,0.202229,0.93
6094,0.248695,1
6095,0.213821,0.97
6096,0.304699,1
6097,0.168647,0.8
6098,0.208643,0.95
6099,0.191307,0.79
6100,0.174337,0.87
6101,0.212376,0.93
6102,0.223996,0.93
6103,0.126783,0.62
6104,0.206947,0.9
6105,0.174031,0.76
6106,1.24048,1
6107,0.189234,0.97
6108,0.177072,0.86
6109,0.179488,0.76
6110,0.197578,0.91
6111,0.162199,0.79
6112,0.158483,0.8
6113,0.144947,0.62
6114,0.132821,0.44
6115,0.190967,0.96
6116,0.156319,0.73
6117,0.263158,1
6118,0.269774,1
6119,0.186984,0.66
6120,0.177443,0.93
6121,0.15473,0.66
6122,0.204385,0.98
6123,0.208124,0.82
6124,0.316926,0.99
6125,0.143765,0.58
6126,0.172778,0.95
6127,0.187211,0.83
6128,0.172072,0.82
6129,0.193678,0.88
6130,0.178742,0.72
6131,0.200865,0.88
6132,0.176528,0.82
6133,0.214869,0.93
6134,1.20111,1
6135,0.2161,0.97
6136,0.184685,0.87
6137,0.199201,0.91
6138,0.201083,0.91
6139,0.345135,1
6140,0.1468,0.74
6141,0.183538,0.8
6142,0.16476,0.78
6143,0.165011,0.74
6144,0.198838,0.9
6145,0.178981,0.9
6146,0.164664,0.88
6147,0.161793,0.84
6148,0.153293,0.76
6149,0.171628,0.74
6150,0.530473,1
6151,0.163013,0.72
6152,0.460459,0.98
6153,0.185166,0.91
6154,0.255751,0.97
6155,0.260274,0.99
6156,0.27476,0.98
6157,0.138307,0.47
6158,0.170319,0.74
6159,0.205156,0.91
6160,0.161926,0.81
6161,0.253682,0.99
6162,0.169792,0.7
6163,0.420501,1
6164,0.136673,0.74
6165,0.153561,0.76
6166,0.206144,0.88
6167,0.189597,0.91
6168,0.221653,0.96
6169,0.205019,0.95
6170,0.204249,0.95
6171,0.233931,0.97
6172,0.204489,0.94
6173,0.389354,1
6174,0.173834,0.82
6175,0.137972,0.49
6176,0.145172,0.71
6177,0.138957,0.63
6178,0.207254,0.99
6179,0.208133,0.93
6180,0.187791,0.86
6181,0.206776,0.9
6182,0.163834,0.82
6183,0.202691,0.87
6184,0.163455,0.78
6185,0.167689,0.74
6186,0.164489,0.85
6187,0.20274,0.9
6188,0.175835,0.85
6189,0.215303,0.97
6190,0.289258,1
6191,0.176149,0.93
6192,0.21255,0.91
6193,0.197105,0.9
6194,0.214679,0.97
6195,0.172392,0.81
6196,0.166218,0.86
6197,0.194146,0.91
6198,0.198723,0.85
6199,0.166442,0.78
6200,0.19267,0.8
6201,0.293907,1
6202,0.172055,0.78
6203,0.151671,0.73
6204,0.220998,0.99
6205,0.244794,0.95
6206,0.150462,0.62
6207,0.166836,0.75
6208,0.290532,0.97
6209,0.315557,0.99
6210,0.189545,0.86
6211,0.13414,0.87
6212,0.266309,0.99
6213,0.180522,0.76
6214,0.276786,0.99
6215,0.183477,0.87
6216,0.177613,0.83
6217,0.239054,1
6218,0.278857,1
6219,0.253009,0.97
6220,0.179328,0.91
6221,0.160892,0.74
6222,0.13635,0.64
6223,0.142041,0.37
6224,0.362321,1
6225,0.191079,0.85
6226,0.163933,0.67
6227,0.174032,0.72
6228,0.248113,0.95
6229,0.236279,0.98
6230,0.195732,0.96
6231,0.162323,0.8
6232,0.213491,0.92
6233,0.197646,0.96
6234,0.24579,1
6235,0.144145,0.51
6236,0.222863,0.93
6237,0.215447,0.93
6238,0.177198,0.91
6239,0.187699,0.8
6240,0.176178,0.88
6241,0.130585,0.49
6242,0.262181,0.99
6243,0.18732,0.87
6244,0.24841,0.92
6245,0.155089,0.66
6246,0.212546,0.92
6247,0.23852,0.98
6248,0.139282,0.7
6249,0.226285,0.94
6250,0.150178,0.68
6251,0.189653,0.93
6252,0.154023,0.79
6253,0.191197,0.91
6254,0.164737,0.78
6255,0.187566,0.95
6256,0.2205,0.94
6257,0.179534,0.85
6258,0.212894,0.82
6259,0.196124,0.94
6260,0.197684,0.89
6261,0.236594,0.98
6262,0.145041,0.5
6263,0.133703,0.83
6264,0.177638,0.85
6265,0.159786,0.84
6266,0.195585,0.93
6267,0.182502,0.92
6268,0.132003,0.59
6269,0.198681,0.89
6270,0.207437,0.95
6271,0.204687,0.87
6272,0.20048,0.93
6273,0.193628,0.82
6274,0.175442,0.89
6275,0.137898,0.63
6276,0.161286,0.74
6277,0.190389,0.89
6278,0.343346,1
6279,0.13275,0.73
6280,0.194328,0.87
6281,0.298399,1
6282,0.183989,0.98
6283,0.173592,0.68
6284,0.180587,0.82
6285,0.18588,0.91
6286,0.222205,0.92
6287,0.208724,0.93
6288,0.180374,0.83
6289,0.149873,0.63
6290,0.167735,0.8
6291,0.203256,0.98
6292,0.2014,0.85
6293,0.205391,0.94
6294,0.282663,1
6295,0.170669,0.82
6296,0.168002,0.82
6297,0.192407,0.96
6298,0.160477,0.75
6299,0.233187,0.97
6300,0.166318,0.88
6301,0.218365,0.98
6302,0.160763,0.86
6303,0.254474,0.99
6304,0.180089,0.84
6305,0.157451,0.7
6306,0.148164,0.77
6307,0.196137,0.94
6308,0.196101,0.95
6309,0.200038,0.93
6310,0.175801,0.8
6311,0.128628,0.49
6312,0.220624,0.93
6313,0.179253,0.89
6314,0.227134,0.97
6315,0.143836,0.66
6316,0.191014,0.95
6317,0.246603,0.96
6318,0.199578,0.9
6319,0.144469,0.64
6320,0.162823,0.86
6321,0.160926,0.7
6322,0.178442,0.97
6323,0.159231,0.64
6324,0.193557,0.94
6325,0.206614,0.93
6326,0.14229,0.82
6327,0.18377,0.92
6328,0.260234,1
6329,0.200632,0.97
6330,0.177519,0.71
6331,0.140949,0.53
6332,0.139571,0.33
6333,0.149419,0.65
6334,0.184409,0.86
6335,0.213179,0.94
6336,0.214507,0.96
6337,0.182597,0.84
6338,0.21052,0.91
6339,0.139138,0.69
6340,0.217129,0.87
6341,0.24167,1
6342,0.257393,1
6343,0.174669,0.76
6344,0.229114,0.97
6345,0.139296,0.63
6346,0.197266,0.92
6347,0.211099,0.96
6348,0.155726,0.73
6349,0.179191,0.87
6350,0.154303,0.86
6351,0.194113,0.99
6352,0.182958,0.92
6353,0.155199,0.71
6354,0.240151,0.97
6355,0.154044,0.73
6356,0.291092,0.99
6357,0.165742,0.91
6358,0.150037,0.68
6359,0.228235,1
6360,0.181476,0.96
6361,0.225667,0.99
6362,0.204771,0.97
6363,0.142288,0.62
6364,0.187502,0.8
6365,0.154178,0.73
6366,0.334821,1
6367,0.214073,0.98
6368,0.191518,0.93
6369,0.198883,0.98
6370,0.190129,0.87
6371,0.135912,0.64
6372,0.211173,0.88
6373,0.178729,0.89
6374,0.192036,0.97
6375,0.184531,0.88
6376,0.149048,0.84
6377,0.265442,0.98
6378,0.160093,0.73
6379,0.236888,0.98
6380,0.202984,0.92
6381,0.154383,0.84
6382,0.161148,0.79
6383,0.155574,0.58
6384,0.167619,0.92
6385,0.167966,0.68
6386,0.219445,0.95
6387,0.132058,0.41
6388,0.253635,0.99
6389,0.231558,0.99
6390,0.641252,1
6391,0.21912,0.92
6392,0.238228,0.92
6393,0.223369,0.97
6394,0.23639,1
6395,0.183312,0.86
6396,0.15919,0.84
6397,0.216698,0.97
6398,0.153988,0.71
6399,0.140977,0.56
6400,0.155633,0.69
6401,0.471359,1
6402,0.171292,0.85
6403,0.211747,0.96
6404,0.218689,0.97
6405,0.186639,0.8
6406,0.146255,0.67
6407,0.195053,0.98
6408,0.13304,0.33
6409,0.18494,0.9
6410,0.246633,0.99
6411,0.169782,0.89
6412,0.196223,0.94
6413,0.211193,0.97
6414,0.194952,0.86
6415,0.199024,0.88
6416,0.182114,0.83
6417,0.242615,0.97
6418,0.209535,0.91
6419,1.89007,1
6420,0.195343,0.95
6421,0.220418,0.92
6422,0.249687,0.93
6423,0.190633,0.82
6424,0.203012,0.97
6425,0.140122,0.82
6426,0.152199,0.6
6427,0.211679,0.93
6428,0.19252,0.93
6429,0.161784,0.79
6430,0.155004,0.8
6431,0.162833,0.8
6432,0.205879,0.95
6433,0.200843,0.95
6434,0.234835,0.94
6435,0.149114,0.61
6436,0.179575,0.87
6437,0.234898,0.97
6438,0.158005,0.78
6439,0.141072,0.51
6440,0.187621,0.88
6441,0.181473,0.89
6442,0.135357,0.61
6443,0.181644,0.83
6444,0.25209,0.97
6445,0.132829,0.5
6446,0.167074,0.75
6447,1.19583,1
6448,0.189598,0.86
6449,0.188088,0.88
6450,0.268763,0.98
6451,0.226257,0.95
6452,0.218149,0.95
6453,0.194988,0.88
6454,0.163995,0.76
6455,0.192179,0.92
6456,0.300904,0.97
6457,0.20343,0.94
6458,0.205977,0.97
6459,0.254522,0.99
6460,0.463902,1
6461,0.166742,0.73
6462,0.201284,0.97
6463,0.215094,0.9
6464,0.19159,0.82
6465,0.167711,0.79
6466,0.241749,1
6467,0.191361,0.98
6468,0.178646,0.86
6469,0.151811,0.64
6470,0.23493,0.99
6471,0.334698,1
6472,0.170428,0.76
6473,0.338566,0.95
6474,0.158493,0.66
6475,0.190255,0.91
6476,0.151,0.66
6477,0.246088,0.94
6478,0.156648,0.77
6479,0.172307,0.88
6480,0.203391,0.92
6481,0.197283,0.97
6482,0.151601,0.74
6483,0.351695,1
6484,0.181527,0.94
6485,0.168414,0.78
6486,0.159226,0.65
6487,0.159497,0.8
6488,0.190953,0.96
6489,0.148332,0.82
6490,0.178019,0.88
6491,0.180509,0.88
6492,0.169487,0.96
6493,0.198736,0.89
6494,0.170448,0.82
6495,0.226385,0.99
6496,0.171937,0.78
6497,0.143415,0.6
6498,0.171865,0.88
6499,0.139073,0.57
6500,0.17503,0.96
6501,0.152821,0.8
6502,0.253324,0.99
6503,0.243753,0.96
6504,0.161088,0.77
6505,0.217958,0.94
6506,0.189316,0.89
6507,0.272404,0.99
6508,0.14829,0.71
6509,0.222289,0.96
6510,0.212714,0.97
6511,0.191275,0.99
6512,0.220459,0.99
6513,0.148736,0.72
6514,0.219217,0.94
6515,0.212616,0.99
6516,0.153078,0.72
6517,0.166288,0.92
6518,0.159656,0.92
6519,0.170757,0.78
6520,0.216046,0.95
6521,0.170359,0.84
6522,0.145894,0.66
6523,0.221795,0.93
6524,0.1817,0.96
6525,0.18629,0.81
6526,3.39575,1
6527,0.0990146,0.42
6528,0.157551,0.91
6529,0.155536,0.6
6530,0.134317,0.5
6531,0.154878,0.59
6532,0.196086,0.95
6533,0.194928,0.99
6534,0.174058,0.83
6535,0.150713,0.68
6536,0.168048,0.87
6537,0.191473,0.88
6538,0.146658,0.59
6539,0.177918,0.87
6540,0.19449,0.96
6541,0.335619,1
6542,0.193287,0.92
6543,0.168694,0.78
6544,0.145711,0.75
6545,0.233035,0.98
6546,0.190132,0.83
6547,0.137669,0.61
6548,0.196842,0.95
6549,0.137162,0.43
6550,0.250288,0.97
6551,0.18673,0.86
6552,0.182139,0.93
6553,0.259562,0.99
6554,0.208575,0.97
6555,0.16435,0.77
6556,0.328686,1
6557,0.144812,0.68
6558,0.203335,0.94
6559,0.204514,0.92
6560,0.183734,0.86
6561,0.211873,0.97
6562,0.188043,0.88
6563,0.188549,0.82
6564,0.192828,0.82
6565,0.143391,0.62
6566,0.201859,0.97
6567,0.176002,0.84
6568,0.178519,0.83
6569,0.254416,0.99
6570,0.185882,0.95
6571,0.210351,0.94
6572,0.142306,0.74
6573,0.196079,0.94
6574,0.17097,0.8
6575,0.163507,0.86
6576,0.158915,0.49
6577,0.170417,0.66
6578,0.242699,0.98
6579,0.166154,0.82
6580,0.162597,0.88
6581,0.216662,0.94
6582,0.152611,0.65
6583,0.193934,0.89
6584,0.187992,0.78
6585,0.155135,0.86
6586,0.183148,0.87
6587,0.168684,0.91
6588,0.166818,0.86
6589,0.166163,0.83
6590,0.216274,0.94
6591,0.21069,0.99
6592,0.194344,0.93
6593,0.235213,0.93
6594,0.151935,0.6
6595,0.185008,0.85
6596,0.142597,0.71
6597,0.323088,0.99
6598,0.163354,0.91
6599,0.174926,0.84
6600,0.190687,0.85
6601,0.260209,1
6602,0.163347,0.89
6603,0.159409,0.89
6604,0.175143,0.81
6605,0.236848,0.95
6606,0.196366,0.89
6607,0.159342,0.67
6608,0.125695,0.57
6609,0.166413,0.86
6610,0.187246,0.92
6611,0.167878,0.9
6612,0.17701,0.86
6613,0.199969,0.88
6614,0.265216,0.99
6615,0.160429,0.82
6616,0.163326,0.86
6617,0.272972,0.99
6618,0.142187,0.8
6619,0.187071,0.82
6620,0.182682,0.87
6621,0.192675,0.95
6622,0.193628,0.94
6623,0.168482,0.79
6624,0.203362,0.97
6625,0.307489,1
6626,0.235488,1
6627,0.176291,0.91
6628,0.205521,0.94
6629,0.184663,0.86
6630,0.24641,0.98
6631,0.156875,0.76
6632,0.16105,0.86
6633,0.138089,0.47
6634,0.25985,0.97
6635,0.208477,0.97
6636,0.188088,0.96
6637,0.176188,0.85
6638,0.287313,0.99
6639,0.180367,0.98
6640,0.187115,0.93
6641,0.18501,0.97
6642,0.154115,0.83
6643,0.218302,0.98
6644,0.365108,1
6645,0.164101,0.86
6646,0.157996,0.85
6647,0.164816,0.88
6648,0.157076,0.88
6649,0.159733,0.78
6650,0.161195,0.68
6651,0.199424,0.85
6652,0.146895,0.47
6653,0.200678,0.9
6654,0.215477,0.92
6655,0.168354,0.8
6656,0.218887,0.99
6657,0.181261,0.97
6658,0.226377,0.99
6659,0.164744,0.78
6660,0.18141,0.83
6661,0.14337,0.64
6662,0.226424,0.97
6663,0.197676,0.89
6664,0.188411,0.94
6665,0.153459,0.85
6666,0.161719,0.8
6667,0.156121,0.92
6668,0.257667,1
6669,0.158667,0.78
6670,0.155962,0.8
6671,0.148702,0.63
6672,0.302542,0.99
6673,0.236059,0.99
6674,0.157333,0.74
6675,0.144006,0.62
6676,0.189098,0.96
6677,0.192547,0.97
6678,0.182772,0.93
6679,0.28985,0.99
6680,0.194606,0.93
6681,0.162284,0.72
6682,0.152326,0.73
6683,0.196064,0.97
6684,0.200121,0.93
6685,0.516796,1
6686,0.406462,1
6687,0.181412,0.89
6688,0.177167,0.88
6689,0.285712,0.99
6690,0.277782,0.99
6691,0.210779,0.92
6692,0.20175,0.93
6693,0.153027,0.52
6694,0.188772,0.97
6695,0.179007,0.77
6696,0.1468,0.64
6697,0.169827,0.81
6698,0.213103,0.94
6699,0.18083,0.88
6700,0.544461,0.98
6701,0.174449,0.82
6702,0.163046,0.87
6703,0.188797,0.87
6704,0.142934,0.52
6705,0.248058,0.98
6706,0.169348,0.83
6707,0.203266,0.93
6708,0.182718,0.89
6709,0.194482,0.92
6710,0.253667,0.99
6711,0.15444,0.71
6712,0.363029,0.97
6713,0.132398,0.59
6714,0.163404,0.87
6715,0.254739,1
6716,0.260606,0.98
6717,0.159746,0.8
6718,0.146236,0.55
6719,0.171986,0.67
6720,0.181917,0.8
6721,0.206184,0.96
6722,0.177938,0.88
6723,0.169564,0.85
6724,0.175966,0.93
6725,0.193622,0.93
6726,0.144585,0.66
6727,0.235412,0.96
6728,0.215383,0.96
6729,0.191097,0.87
6730,0.205626,0.98
6731,0.144344,0.7
6732,0.165343,0.77
6733,0.167798,0.78
6734,0.211815,0.98
6735,0.368652,0.98
6736,0.211378,0.97
6737,0.153242,0.55
6738,0.20392,0.95
6739,0.20204,0.86
6740,0.863771,1
6741,0.22527,0.96
6742,0.19091,0.89
6743,0.190615,0.85
6744,0.240451,0.97
6745,0.167554,0.82
6746,0.161787,0.82
6747,0.16589,0.76
6748,0.168111,0.83
6749,0.209133,0.92
6750,0.309607,1
6751,0.186419,0.85
6752,0.154264,0.7
6753,0.271634,0.99
6754,0.18766,0.93
6755,0.198791,0.94
6756,0.134056,0.54
6757,0.201948,0.98
6758,0.20685,0.95
6759,0.189841,0.81
6760,0.208297,0.99
6761,0.195842,0.96
6762,0.191855,0.91
6763,0.131398,0.63
6764,0.180203,0.86
6765,0.194038,0.85
6766,0.181525,0.94
6767,0.183924,0.81
6768,0.15567,0.81
6769,0.207399,0.94
6770,0.313905,1
6771,0.187562,0.89
6772,0.197334,0.91
6773,0.137818,0.76
6774,0.182715,0.86
6775,0.236735,1
6776,0.166165,0.87
6777,0.142739,0.61
6778,0.176699,0.9
6779,0.215392,0.93
6780,0.214126,0.96
6781,0.153418,0.95
6782,0.147862,0.76
6783,0.213018,0.97
6784,0.141837,0.73
6785,0.226437,0.96
6786,0.304684,0.79
6787,0.208924,0.93
6788,0.237717,0.99
6789,0.218156,0.98
6790,0.29793,0.97
6791,0.186736,0.87
6792,0.154532,0.72
6793,0.19127,0.92
6794,0.286467,0.99
6795,0.157881,0.6
6796,0.156141,0.79
6797,0.189047,0.83
6798,0.153328,0.77
6799,0.284853,1
6800,0.163223,0.86
6801,0.217999,0.95
6802,0.169158,0.68
6803,0.153845,0.45
6804,0.215847,0.94
6805,0.137125,0.5
6806,0.220108,0.94
6807,0.218955,0.94
6808,0.169948,0.9
6809,0.36252,1
6810,0.147116,0.85
6811,0.148066,0.61
6812,0.216856,0.98
6813,0.15759,0.58
6814,0.17354,0.77
6815,0.271809,1
6816,0.195956,0.94
6817,0.270848,1
6818,0.298531,1
6819,0.145686,0.55
6820,0.248428,0.99
6821,0.197117,0.81
6822,0.190481,0.91
6823,0.189912,0.83
6824,0.16749,0.79
6825,0.209533,0.93
6826,0.216337,0.99
6827,0.318449,1
6828,0.147648,0.75
6829,0.199764,0.93
6830,0.187408,0.87
6831,0.170972,0.85
6832,0.199826,0.95
6833,0.17452,0.91
6834,0.264404,0.98
6835,0.158379,0.67
6836,0.136538,0.35
6837,0.173486,0.82
6838,0.192603,0.94
6839,0.18922,0.86
6840,0.157907,0.81
6841,0.16464,0.79
6842,0.214124,0.9
6843,0.170446,0.84
6844,0.185666,0.93
6845,0.359196,0.81
6846,0.199844,0.93
6847,0.181899,0.91
6848,0.197529,0.98
6849,0.177268,0.78
6850,0.962365,1
6851,0.187948,0.79
6852,0.153775,0.76
6853,0.2084,0.95
6854,0.298747,0.98
6855,0.222013,0.99
6856,0.16139,0.81
6857,0.218592,0.97
6858,0.184169,0.95
6859,0.273444,1
6860,0.18404,0.84
6861,0.174276,0.77
6862,0.186647,0.87
6863,0.201668,0.94
6864,0.199362,1
6865,0.13898,0.43
6866,0.177853,0.91
6867,0.159387,0.81
6868,0.197047,0.92
6869,0.218873,0.98
6870,0.179098,0.93
6871,0.130637,0.61
6872,0.166817,0.81
6873,0.215617,0.91
6874,0.145527,0.63
6875,0.173973,0.88
6876,0.13582,0.4
6877,0.190775,0.94
6878,0.211043,0.95
6879,0.209342,0.92
6880,0.150087,0.71
6881,0.174843,0.86
6882,0.320618,1
6883,0.210844,1
6884,0.12833,0.42
6885,0.176181,0.78
6886,0.171343,0.86
6887,0.217694,0.97
6888,0.180538,0.85
6889,0.214727,0.96
6890,0.245587,1
6891,0.144477,0.65
6892,0.181245,0.89
6893,0.207676,0.95
6894,0.250081,0.99
6895,0.381028,1
6896,0.176097,0.91
6897,0.189699,0.83
6898,0.195233,0.97
6899,0.199319,0.97
6900,0.177119,0.91
6901,0.179369,0.91
6902,0.232764,0.98
6903,0.185322,0.76
6904,0.316725,1
6905,0.219533,0.94
6906,0.165992,0.82
6907,0.227785,0.97
6908,0.25616,1
6909,0.17663,0.87
6910,0.191201,0.97
6911,0.201358,0.91
6912,0.170065,0.7
6913,0.236555,0.95
6914,0.196922,0.95
6915,0.211102,0.92
6916,0.187197,0.77
6917,0.17773,0.9
6918,0.195492,0.94
6919,0.155707,0.82
6920,0.210441,0.97
6921,0.220971,1
6922,0.180845,0.95
6923,0.186848,0.84
6924,0.162419,0.88
6925,0.211695,0.96
6926,0.131107,0.66
6927,0.20662,0.96
6928,0.199217,0.95
6929,0.216662,0.92
6930,0.175707,0.85
6931,0.162531,0.78
6932,0.240376,0.97
6933,0.216056,1
6934,0.160889,0.79
6935,0.164426,0.71
6936,0.269146,0.97
6937,0.161895,0.79
6938,0.169028,0.78
6939,0.134509,0.54
6940,0.221598,0.88
6941,0.197412,0.88
6942,0.192073,0.85
6943,0.163591,0.72
6944,0.176953,0.83
6945,0.204348,0.93
6946,0.189228,0.9
6947,0.158134,0.73
6948,0.155248,0.77
6949,0.170415,0.9
6950,0.17635,0.91
6951,0.213191,0.94
6952,0.161841,0.67
6953,0.175722,0.85
6954,0.293726,0.99
6955,0.163371,0.81
6956,0.145711,0.67
6957,0.15274,0.64
6958,0.442033,1
6959,0.22752,0.96
6960,0.132825,0.36
6961,0.146471,0.66
6962,0.125188,0.47
6963,0.18862,0.95
6964,0.167114,0.89
6965,0.185496,0.89
6966,0.186773,0.71
6967,0.227666,0.96
6968,0.161188,0.81
6969,0.148553,0.76
6970,0.168137,0.81
6971,0.263463,1
6972,0.193099,0.92
6973,0.149129,0.67
6974,0.193291,0.95
6975,0.200023,0.92
6976,0.194925,0.89
6977,0.156196,0.51
6978,0.201914,0.91
6979,0.121183,0.49
6980,0.14745,0.63
6981,0.189741,0.89
6982,0.211652,0.97
6983,0.151437,0.76
6984,0.14521,0.66
6985,0.172699,0.8
6986,0.165051,0.86
6987,0.164865,0.74
6988,0.165487,0.85
6989,0.139155,0.67
6990,0.200958,0.98
6991,0.30249,1
6992,0.301581,0.98
6993,0.184674,0.91
6994,0.189578,0.89
6995,0.142696,0.54
6996,0.129394,0.2
6997,0.205988,0.98
6998,0.179989,0.85
6999,0.202543,0.96
7000,0.157012,0.62
7001,0.214101,0.95
7002,0.126508,0.53
7003,0.172145,0.83
7004,0.14677,0.69
7005,0.245319,0.97
7006,0.166774,0.81
7007,0.140639,0.62
7008,0.200568,0.85
7009,0.185171,0.76
7010,0.177354,0.82
7011,0.26113,0.99
7012,0.224057,0.98
7013,0.168945,0.91
7014,0.167026,0.76
7015,0.200688,0.97
7016,0.180131,0.74
7017,0.175338,0.7
7018,0.183989,0.89
7019,0.166532,0.69
7020,0.195333,0.97
7021,0.211436,0.91
7022,0.16383,0.73
7023,0.160752,0.76
7024,0.181764,0.88
7025,0.239245,0.99
7026,0.151386,0.73
7027,0.201682,0.94
7028,0.269083,1
7029,0.148166,0.52
7030,0.209232,0.96
7031,0.243107,0.85
7032,0.207312,0.99
7033,0.197261,0.92
7034,0.195393,0.96
7035,0.165741,0.58
7036,0.137798,0.68
7037,0.199488,0.88
7038,0.184347,0.9
7039,0.186022,0.87
7040,0.153531,0.72
7041,0.228519,0.96
7042,0.136273,0.53
7043,0.156909,0.68
7044,0.14025,0.88
7045,0.162925,0.76
7046,0.213898,1
7047,0.187393,0.92
7048,0.15597,0.69
7049,0.190075,0.98
7050,0.231965,1
7051,0.23338,0.96
7052,0.197763,0.9
7053,0.157524,0.72
7054,0.249448,0.99
7055,0.119091,0.44
7056,0.162771,0.78
7057,0.19537,0.9
7058,0.324405,1
7059,0.256929,0.97
7060,0.147504,0.55
7061,0.246876,1
7062,0.196264,0.94
7063,0.225934,0.98
7064,0.157142,0.52
7065,0.152835,0.7
7066,0.150608,0.8
7067,0.227787,0.97
7068,0.153677,0.82
7069,0.175396,0.74
7070,0.164484,0.84
7071,0.191496,0.89
7072,0.246914,1
7073,0.266348,0.97
7074,0.206532,0.91
7075,0.192934,0.96
7076,0.174995,0.79
7077,0.238469,0.97
7078,0.2381,0.98
7079,0.242889,0.96
7080,0.161367,0.78
7081,0.197302,0.91
7082,0.204044,0.97
7083,0.169801,0.81
7084,0.204679,0.97
7085,0.223396,0.92
7086,0.154505,0.76
7087,0.282158,0.96
7088,0.163059,0.63
7089,0.228001,0.92
7090,0.192896,0.95
7091,0.816935,1
7092,0.944584,1
7093,0.211989,0.92
7094,0.263441,1
7095,0.157634,0.85
7096,0.166961,0.75
7097,0.163083,0.77
7098,0.219042,0.85
7099,0.164908,0.89
7100,0.204118,0.87
7101,0.155345,0.73
7102,0.211418,0.94
7103,0.302035,1
7104,0.152111,0.76
7105,0.156025,0.64
7106,0.177512,0.81
7107,0.140563,0.64
7108,0.234393,0.95
7109,0.159934,0.83
7110,0.22232,0.97
7111,0.231885,0.99
7112,0.139173,0.53
7113,0.199532,0.85
7114,0.313078,0.98
7115,0.139524,0.55
7116,0.168009,0.69
7117,0.220388,0.98
7118,0.458026,0.99
7119,0.208257,0.97
7120,0.174497,0.88
7121,0.168165,0.73
7122,0.155861,0.63
7123,0.14865,0.72
7124,0.131035,0.59
7125,0.326242,1
7126,0.19662,0.92
7127,0.243933,0.95
7128,0.220898,0.91
7129,0.170387,0.76
7130,0.16608,0.71
7131,0.151501,0.64
7132,0.175111,0.86
7133,0.195026,0.96
7134,0.20544,0.94
7135,0.162096,0.81
7136,0.140617,0.46
7137,0.162747,0.8
7138,0.218871,0.94
7139,0.183619,0.85
7140,0.339537,1
7141,0.163403,0.74
7142,0.181187,0.88
7143,0.160762,0.83
7144,0.181381,0.87
7145,0.143758,0.68
7146,0.190833,0.92
7147,0.18178,0.93
7148,0.25756,0.98
7149,0.202289,0.91
7150,0.198818,0.91
7151,0.264094,1
7152,0.171535,0.88
7153,0.208567,1
7154,0.239596,0.98
7155,0.145898,0.7
7156,0.17766,0.94
7157,0.159683,0.87
7158,0.225972,0.97
7159,0.173112,0.72
7160,0.206131,0.97
7161,0.216645,0.97
7162,0.163878,0.78
7163,0.21566,0.95
7164,0.156077,0.65
7165,0.228061,0.96
7166,0.207431,0.99
7167,0.195248,0.91
7168,0.295631,0.98
7169,0.255015,0.99
7170,0.190675,0.91
7171,0.289471,0.99
7172,0.200496,0.94
7173,0.191725,0.96
7174,0.187355,0.97
7175,0.202275,0.93
7176,0.16982,0.79
7177,0.150355,0.87
7178,0.28282,0.98
7179,0.200322,0.89
7180,0.181148,0.98
7181,0.222035,0.98
7182,0.172451,0.8
7183,0.198273,0.94
7184,0.143308,0.5
7185,0.25772,1
7186,0.188559,0.88
7187,0.157327,0.69
7188,0.239573,0.96
7189,0.221603,0.97
7190,0.195126,0.96
7191,0.148032,0.71
7192,0.295736,0.99
7193,0.140072,0.55
7194,0.188052,0.91
7195,0.18349,0.81
7196,0.301787,1
7197,0.180977,0.89
7198,0.133151,0.43
7199,0.170278,0.82
7200,0.157108,0.8
7201,0.221297,0.97
7202,0.194624,0.93
7203,0.200398,0.92
7204,0.16389,0.72
7205,0.179086,0.87
7206,0.218357,0.99
7207,0.283723,1
7208,0.151791,0.8
7209,0.260895,0.91
7210,0.125872,0.59
7211,0.214027,0.97
7212,0.303902,1
7213,0.190698,0.77
7214,0.2322,0.94
7215,0.20181,0.96
7216,0.142513,0.58
7217,0.190381,0.82
7218,0.184572,0.85
7219,0.186136,0.88
7220,0.189584,0.97
7221,0.14302,0.57
7222,0.24678,0.98
7223,0.175783,0.87
7224,0.1365,0.71
7225,2.46914,0.98
7226,0.322974,1
7227,0.179027,0.82
7228,0.178414,0.91
7229,0.163361,0.76
7230,0.184782,0.93
7231,0.244099,1
7232,1.45883,1
7233,0.154431,0.86
7234,0.160867,0.81
7235,0.150476,0.81
7236,0.209832,0.94
7237,0.169832,0.89
7238,0.178274,0.89
7239,0.186247,0.89
7240,0.135062,0.58
7241,0.209352,0.9
7242,0.209935,0.99
7243,0.169728,0.91
7244,0.307645,1
7245,0.224844,0.94
7246,0.297719,0.99
7247,0.155271,0.68
7248,0.191203,0.91
7249,0.179668,0.84
7250,0.257519,1
7251,0.230546,0.96
7252,0.14759,0.63
7253,0.182836,0.87
7254,0.182144,0.85
7255,0.1851,0.94
7256,0.186764,0.95
7257,0.171705,0.75
7258,0.171536,0.77
7259,0.158065,0.61
7260,0.220837,0.98
7261,0.168659,0.67
7262,0.139848,0.78
7263,0.154572,0.74
7264,0.211748,0.86
7265,0.180125,0.84
7266,0.200131,0.97
7267,0.208278,0.87
7268,0.149185,0.68
7269,0.166239,0.72
7270,0.157209,0.75
7271,0.254661,0.97
7272,0.21764,0.97
7273,0.159172,0.8
7274,0.208909,0.97
7275,0.18163,0.91
7276,0.176222,0.9
7277,0.2114,0.96
7278,0.140635,0.67
7279,0.303626,0.99
7280,0.183885,0.9
7281,0.163826,0.82
7282,0.212051,0.94
7283,0.309425,0.99
7284,0.217075,0.88
7285,0.166237,0.75
7286,0.154591,0.81
7287,0.283671,1
7288,0.381726,1
7289,0.17341,0.91
7290,0.16851,0.78
7291,0.288578,0.96
7292,0.166341,0.82
7293,0.206899,0.86
7294,0.210237,0.96
7295,0.283285,0.99
7296,0.183818,0.94
7297,0.249371,0.99
7298,0.147096,0.57
7299,0.200604,0.93
7300,0.166039,0.82
7301,0.257474,0.96
7302,1.19238,0.97
7303,0.189378,0.9
7304,0.183799,0.86
7305,0.159655,0.89
7306,0.212207,0.92
7307,0.188653,0.93
7308,0.170608,0.84
7309,0.180823,0.8
7310,0.156423,0.73
7311,0.187208,0.84
7312,0.166512,0.89
7313,0.167896,0.87
7314,0.190696,0.87
7315,0.196649,0.99
7316,0.15371,0.71
7317,0.209608,0.81
7318,0.214115,0.98
7319,0.189984,0.91
7320,0.18206,0.89
7321,0.213915,0.93
7322,0.275306,0.99
7323,0.286049,0.98
7324,0.190484,0.92
7325,1.26374,1
7326,0.226331,0.94
7327,0.238038,0.99
7328,0.152653,0.68
7329,0.168542,0.76
7330,0.229735,0.97
7331,0.270124,1
7332,0.310408,1
7333,0.206829,0.98
7334,0.167501,0.73
7335,0.205692,0.97
7336,0.157802,0.65
7337,0.250838,0.96
7338,0.171982,0.86
7339,0.245441,0.97
7340,0.179971,0.72
7341,0.204492,0.97
7342,0.151807,0.78
7343,0.161697,0.9
7344,0.227071,0.99
7345,0.168844,0.93
7346,0.241382,0.94
7347,0.208932,0.96
7348,0.16536,0.75
7349,0.403986,1
7350,0.153928,0.79
7351,0.473215,1
7352,0.521606,1
7353,0.180227,0.87
7354,0.212853,0.93
7355,0.22323,0.98
7356,0.18825,0.93
7357,0.241128,0.96
7358,0.145101,0.63
7359,0.177233,0.97
7360,0.181148,0.96
7361,0.220684,0.95
7362,0.187529,0.94
7363,0.183212,0.82
7364,0.221394,0.98
7365,0.30542,1
7366,0.187981,0.93
7367,0.176969,0.83
7368,0.199935,0.94
7369,0.156486,0.76
7370,0.22211,0.99
7371,0.214969,0.92
7372,0.19921,0.98
7373,0.196071,0.84
7374,0.187775,0.85
7375,0.222138,0.95
7376,0.24612,1
7377,0.239771,0.98
7378,0.230791,0.99
7379,0.188829,0.77
7380,0.205351,0.87
7381,0.211224,0.97
7382,0.176731,0.85
7383,0.424721,1
7384,0.186831,0.8
7385,0.165786,0.87
7386,0.187242,0.8
7387,0.166417,0.83
7388,0.165863,0.88
7389,0.228502,0.88
7390,0.234555,0.99
7391,0.152742,0.7
7392,0.191472,0.87
7393,0.743158,0.96
7394,0.172609,0.86
7395,0.187228,0.92
7396,0.211441,0.99
7397,0.189248,0.8
7398,0.181514,0.84
7399,0.175927,0.84
7400,0.274475,0.98
7401,0.188643,0.92
7402,0.19666,0.87
7403,0.189167,0.77
7404,0.137758,0.73
7405,0.213939,0.94
7406,0.198474,0.94
7407,0.127989,0.39
7408,0.270362,0.98
7409,0.178315,0.82
7410,0.195638,0.92
7411,0.194343,0.79
7412,0.25906,0.97
7413,0.203023,0.94
7414,0.235286,0.99
7415,0.215533,0.93
7416,0.220974,0.97
7417,0.229112,0.99
7418,0.209986,0.9
7419,0.262946,0.99
7420,0.189255,0.84
7421,0.150029,0.74
7422,0.2299,0.99
7423,0.196069,0.99
7424,0.163535,0.78
7425,0.230445,0.98
7426,0.140839,0.67
7427,0.205261,0.9
7428,0.16787,0.78
7429,0.193269,0.91
7430,0.191035,0.9
7431,0.187653,0.92
7432,0.257954,1
7433,0.206908,0.95
7434,0.40042,0.99
7435,0.192246,1
7436,0.248047,1
7437,0.16213,0.7
7438,0.129593,0.41
7439,0.129818,0.58
7440,0.174701,0.87
7441,0.172336,0.78
7442,0.130143,0.63
7443,0.15943,0.73
7444,0.182031,0.9
7445,0.360577,1
7446,0.189632,0.91
7447,0.181842,0.8
7448,0.272063,1
7449,0.1685,0.81
7450,0.215701,0.9
7451,0.195015,0.84
7452,0.163863,0.75
7453,0.194012,0.98
7454,0.148687,0.68
7455,0.212373,0.98
7456,0.244584,0.96
7457,0.182333,0.88
7458,0.161202,0.71
7459,0.16732,0.81
7460,0.192231,0.92
7461,0.22491,0.97
7462,0.123592,0.64
7463,0.229057,0.95
7464,0.161663,0.77
7465,0.132836,0.42
7466,0.209898,0.97
7467,0.234999,0.99
7468,0.179685,0.9
7469,0.229268,0.94
7470,0.395082,1
7471,0.300824,1
7472,0.178999,0.8
7473,0.255425,0.98
7474,0.189767,0.91
7475,0.806766,1
7476,0.191677,0.89
7477,0.187351,0.8
7478,0.202843,0.89
7479,0.168386,0.85
7480,0.14873,0.78
7481,0.298281,1
7482,0.186799,0.94
7483,0.153649,0.84
7484,0.186903,0.87
7485,0.173935,0.74
7486,0.186187,0.93
7487,0.376058,0.98
7488,0.123394,0.53
7489,0.196122,0.96
7490,0.192667,0.83
7491,0.287959,0.99
7492,0.288738,1
7493,0.123564,0.61
7494,0.144599,0.56
7495,0.19627,0.83
7496,0.22142,0.96
7497,0.170465,0.79
7498,0.323043,0.99
7499,0.181901,0.8
7500,0.185555,0.9
7501,0.208585,0.98
7502,0.144221,0.68
7503,0.226645,0.97
7504,0.230287,0.96
7505,0.255993,0.99
7506,0.169649,0.79
7507,0.1982,0.85
7508,0.132121,0.6
7509,0.198755,0.93
7510,0.154173,0.67
7511,0.245622,1
7512,0.193658,0.92
7513,0.185193,0.81
7514,0.149374,0.75
7515,0.21201,0.96
7516,0.195869,0.87
7517,0.227218,0.95
7518,0.177673,0.91
7519,0.245725,0.97
7520,0.264284,1
7521,0.187419,0.9
7522,0.143365,0.49
7523,0.206639,0.96
7524,0.257194,0.98
7525,0.198731,0.98
7526,0.388215,1
7527,0.266948,1
7528,0.21989,0.88
7529,0.167318,0.9
7530,0.211863,0.9
7531,0.141819,0.56
7532,0.19449,0.72
7533,0.217589,0.99
7534,0.229172,0.93
7535,0.143709,0.48
7536,0.163355,0.76
7537,0.266568,1
7538,0.135515,0.53
7539,0.185615,0.95
7540,0.148322,0.7
7541,0.181956,0.9
7542,0.181119,0.87
7543,0.221005,0.99
7544,0.216428,0.96
7545,0.244882,0.98
7546,0.203078,0.97
7547,0.256226,0.98
7548,0.18547,0.93
7549,0.149682,0.7
7550,0.151771,0.75
7551,0.182944,0.86
7552,0.204532,0.96
7553,0.169481,0.83
7554,0.2012,0.94
7555,0.197859,0.97
7556,0.271738,0.98
7557,0.15717,0.86
7558,0.21379,0.92
7559,0.16638,0.8
7560,0.153701,0.78
7561,0.164959,0.83
7562,0.201421,0.96
7563,0.168786,0.81
7564,0.189609,0.88
7565,0.202833,0.93
7566,0.185079,0.81
7567,0.233827,0.98
7568,0.212192,0.84
7569,0.211498,1
7570,0.171767,0.92
7571,0.175591,0.65
7572,0.19849,0.94
7573,0.179159,0.78
7574,0.167589,0.73
7575,0.189139,0.93
7576,0.167134,0.83
7577,0.232234,0.98
7578,0.197628,0.94
7579,0.223767,0.98
7580,0.14759,0.47
7581,0.151401,0.71
7582,0.220169,0.98
7583,0.197244,0.97
7584,0.145854,0.47
7585,0.173514,0.83
7586,0.1495,0.73
7587,0.177799,0.82
7588,0.239414,0.99
7589,0.242879,0.98
7590,0.265904,1
7591,0.176606,0.76
7592,0.164532,0.72
7593,0.181951,0.86
7594,0.218278,0.97
7595,0.155051,0.74
7596,0.155734,0.81
7597,0.188985,0.85
7598,0.185733,0.93
7599,0.217653,0.98
7600,0.184625,0.81
7601,0.188271,0.87
7602,0.187742,0.91
7603,0.153544,0.63
7604,0.189206,0.92
7605,0.434201,1
7606,0.150229,0.78
7607,0.143119,0.72
7608,0.348404,1
7609,0.183011,0.85
7610,0.183643,0.79
7611,0.157456,0.66
7612,0.155471,0.81
7613,0.201987,0.9
7614,0.277162,1
7615,0.205905,1
7616,0.168028,0.9
7617,0.16302,0.69
7618,0.173907,0.88
7619,0.165628,0.39
7620,0.165761,0.69
7621,0.166613,0.8
7622,0.203432,0.93
7623,0.211507,0.96
7624,0.162253,0.87
7625,0.199129,0.93
7626,0.157806,0.78
7627,0.211567,0.89
7628,0.179258,0.9
7629,0.158826,0.85
7630,0.209188,0.95
7631,0.148763,0.77
7632,0.16721,0.86
7633,0.995013,1
7634,0.217927,0.98
7635,0.218722,0.93
7636,0.142864,0.52
7637,0.176991,0.97
7638,0.178123,0.81
7639,0.149125,0.78
7640,0.25221,1
7641,0.199025,0.95
7642,0.278792,0.99
7643,0.148762,0.62
7644,0.143318,0.92
7645,0.174705,0.94
7646,0.333745,1
7647,0.31834,0.99
7648,0.342855,1
7649,0.176002,0.8
7650,0.247582,0.96
7651,0.181647,0.93
7652,0.187808,0.77
7653,0.235095,0.97
7654,0.163158,0.82
7655,0.174771,0.88
7656,0.169507,0.71
7657,0.183305,0.89
7658,0.146202,0.58
7659,0.142785,0.66
7660,0.165768,0.83
7661,0.242178,1
7662,0.127306,0.46
7663,0.151479,0.73
7664,0.186779,0.86
7665,0.170905,0.88
7666,0.202141,0.91
7667,0.17821,0.88
7668,0.276416,0.98
7669,0.155392,0.73
7670,0.156825,0.78
7671,0.287736,1
7672,0.19578,0.84
7673,0.205346,0.93
7674,0.185574,0.88
7675,0.177568,0.85
7676,0.188518,0.9
7677,0.204446,0.91
7678,0.235572,0.94
7679,0.185697,0.88
7680,0.141586,0.74
7681,0.146729,0.71
7682,0.18412,0.8
7683,0.24762,1
7684,0.290427,0.99
7685,0.185948,0.86
7686,0.163588,0.72
7687,0.272292,0.99
7688,0.160707,0.73
7689,0.179891,0.87
7690,0.195089,0.9
7691,0.158088,0.82
7692,0.17174,0.96
7693,0.193001,0.93
7694,0.755151,1
7695,0.185455,0.91
7696,0.268057,0.99
7697,0.341236,1
7698,0.183934,0.88
7699,0.183934,0.86
7700,0.237664,1
7701,0.144041,0.66
7702,0.202038,0.91
7703,0.137732,0.77
7704,0.170198,0.9
7705,0.176517,0.9
7706,0.205701,0.99
7707,0.181879,0.8
7708,0.20679,0.87
7709,0.201448,0.98
7710,0.174277,0.93
7711,0.184412,0.92
7712,0.2108,0.89
7713,0.186897,0.84
7714,0.218941,0.96
7715,0.17468,0.91
7716,0.292554,0.98
7717,0.18898,0.92
7718,0.197351,0.83
7719,0.177063,0.92
7720,0.168067,0.78
7721,0.173565,0.84
7722,0.225146,0.91
7723,0.197727,0.91
7724,0.199376,0.86
7725,0.16111,0.77
7726,0.196534,0.91
7727,0.21189,0.89
7728,0.226089,0.96
7729,0.16791,0.88
7730,0.217889,0.94
7731,0.214241,0.96
7732,0.224929,0.97
7733,0.190077,0.95
7734,0.216258,0.96
7735,0.145981,0.52
7736,0.208613,0.92
7737,0.157552,0.71
7738,0.185818,0.82
7739,0.218237,0.99
7740,0.233876,0.97
7741,0.169716,0.83
7742,0.193881,0.94
7743,0.190698,0.94
7744,0.194062,0.87
7745,0.168152,0.88
7746,0.14772,0.71
7747,0.214084,0.87
7748,0.202201,0.96
7749,0.213098,0.95
7750,0.183915,0.93
7751,0.173605,0.7
7752,0.199922,0.88
7753,0.19795,0.95
7754,0.201546,0.93
7755,0.206301,0.99
7756,0.166123,0.72
7757,0.1641,0.86
7758,0.179907,0.93
7759,0.175696,0.87
7760,0.232374,0.89
7761,0.260256,0.99
7762,0.139264,0.68
7763,0.18409,0.96
7764,0.327846,0.96
7765,0.211106,0.95
7766,0.29837,1
7767,1.46207,1
7768,0.166503,0.66
7769,0.177247,0.85
7770,0.167581,0.81
7771,0.15052,0.5
7772,0.16399,0.76
7773,0.173132,0.91
7774,0.152285,0.71
7775,0.201837,0.93
7776,0.189194,0.91
7777,0.171107,0.76
7778,0.180307,0.86
7779,0.1795,0.86
7780,0.240309,0.95
7781,0.159527,0.82
7782,0.165898,0.85
7783,0.162908,0.67
7784,0.200136,0.95
7785,0.211819,0.92
7786,0.207102,0.98
7787,0.297683,1
7788,0.13693,0.55
7789,0.222908,0.96
7790,0.175687,0.83
7791,0.141109,0.63
7792,0.174053,0.8
7793,0.183783,0.79
7794,0.237672,0.97
7795,0.122499,0.49
7796,0.281061,0.97
7797,0.215769,0.97
7798,0.223075,0.93
7799,0.192586,0.87
7800,0.148864,0.75
7801,0.168674,0.88
7802,0.196545,0.88
7803,0.170346,0.88
7804,0.176123,0.88
7805,0.159633,0.82
7806,0.132268,0.48
7807,0.235724,0.99
7808,0.16941,0.66
7809,0.168454,0.92
7810,0.220872,0.95
7811,0.487256,1
7812,0.428653,1
7813,0.168627,0.88
7814,0.217435,0.9
7815,0.266517,1
7816,0.254291,0.99
7817,0.207942,0.91
7818,1.35872,1
7819,0.170675,0.91
7820,0.251346,0.99
7821,0.162351,0.58
7822,0.19697,0.91
7823,0.189223,0.97
7824,0.160018,0.83
7825,0.25862,1
7826,0.214504,0.95
7827,0.14791,0.75
7828,0.286138,1
7829,0.170561,0.8
7830,0.175783,0.78
7831,0.196126,0.95
7832,0.144769,0.6
7833,0.211763,0.99
7834,0.175276,0.77
7835,0.188445,0.89
7836,0.261718,0.97
7837,0.182043,0.91
7838,0.1632,0.71
7839,0.306621,1
7840,0.164076,0.7
7841,0.164191,0.73
7842,0.238062,0.97
7843,0.169305,0.8
7844,0.284059,0.99
7845,0.224862,0.98
7846,0.156786,0.8
7847,0.18996,0.75
7848,0.146703,0.63
7849,0.193372,0.97
7850,0.18232,0.93
7851,0.205808,0.97
7852,0.213129,0.95
7853,0.984788,0.96
7854,0.149735,0.73
7855,0.256266,0.98
7856,0.20358,0.97
7857,0.126354,0.41
7858,0.259333,0.98
7859,0.176369,0.95
7860,0.207256,0.97
7861,0.180753,0.89
7862,0.141181,0.67
7863,0.211556,0.99
7864,0.177379,0.77
7865,0.213007,0.99
7866,0.224975,0.91
7867,0.234753,0.97
7868,0.263718,0.97
7869,0.284873,1
7870,0.229863,0.99
7871,0.21418,0.96
7872,0.199896,0.89
7873,0.19369,0.84
7874,0.178314,0.88
7875,0.181149,0.77
7876,0.415911,0.99
7877,0.308959,1
7878,0.155611,0.76
7879,0.17546,0.8
7880,0.178526,0.72
7881,0.175314,0.88
7882,0.145431,0.6
7883,0.246809,1
7884,0.204783,0.87
7885,0.183277,0.95
7886,0.161612,0.84
7887,0.141871,0.72
7888,0.148974,0.66
7889,0.249263,0.96
7890,0.194138,0.89
7891,0.201774,0.88
7892,0.184496,0.77
7893,0.20452,0.94
7894,0.149866,0.71
7895,0.234908,0.99
7896,0.172616,0.94
7897,0.159602,0.91
7898,0.174006,0.75
7899,0.173235,0.81
7900,0.173152,0.84
7901,0.37327,0.99
7902,0.150701,0.6
7903,0.298018,0.99
7904,0.195135,0.98
7905,0.253675,1
7906,0.163681,0.8
7907,0.183366,0.9
7908,0.166376,0.77
7909,0.2891,1
7910,0.164267,0.71
7911,0.223775,0.98
7912,0.211208,0.93
7913,0.207484,0.78
7914,0.149926,0.58
7915,0.160275,0.87
7916,0.266972,1
7917,0.240274,0.99
7918,0.168686,0.89
7919,0.153268,0.71
7920,0.168003,0.84
7921,0.247888,1
7922,0.203437,0.89
7923,0.148481,0.59
7924,0.189373,0.96
7925,0.154231,0.77
7926,0.165266,0.8
7927,0.206817,0.94
7928,0.176472,0.91
7929,0.218183,0.97
7930,0.129117,0.73
7931,0.187724,0.95
7932,0.246462,0.98
7933,0.211111,0.9
7934,0.22888,0.98
7935,0.239767,1
7936,0.155859,0.65
7937,0.180261,0.9
7938,0.200235,0.97
7939,0.223771,0.96
7940,0.190955,0.94
7941,0.153194,0.63
7942,0.144678,0.63
7943,0.216525,0.97
7944,0.896384,1
7945,0.188431,0.69
7946,0.174093,0.77
7947,0.127047,0.47
7948,0.159711,0.7
7949,0.470398,1
7950,0.219623,0.98
7951,0.14979,0.74
7952,0.209529,0.96
7953,0.113728,0.45
7954,0.196306,0.91
7955,0.171032,0.87
7956,0.194126,0.83
7957,0.177042,0.73
7958,0.297852,0.98
7959,0.198779,0.93
7960,0.183691,0.78
7961,0.159556,0.8
7962,0.208165,0.84
7963,0.191446,0.88
7964,0.165916,0.81
7965,0.179915,0.87
7966,1.09029,1
7967,0.142426,0.74
7968,0.327329,1
7969,0.296935,0.98
7970,0.158736,0.61
7971,0.145717,0.73
7972,0.139137,0.68
7973,0.174217,0.76
7974,0.170989,0.61
7975,0.193686,0.9
7976,0.255369,0.98
7977,0.195086,0.89
7978,0.180708,0.81
7979,0.456706,1
7980,0.166825,0.81
7981,0.212469,0.94
7982,0.235767,0.99
7983,0.183254,0.91
7984,0.184491,0.83
7985,0.18883,0.88
7986,0.230867,0.96
7987,0.148286,0.67
7988,0.467693,1
7989,0.195316,0.94
7990,0.176427,0.8
7991,0.17891,0.82
7992,0.185986,0.9
7993,0.164031,0.76
7994,0.182812,0.85
7995,0.156139,0.8
7996,0.171048,0.96
7997,0.189735,0.89
7998,0.163223,0.79
7999,0.179652,0.88
8000,0.143525,0.55
8001,0.197568,0.9
8002,0.201273,0.91
8003,0.179903,0.92
8004,0.145758,0.62
8005,0.237548,0.94
8006,0.308517,1
8007,0.165918,0.79
8008,0.178668,0.83
8009,0.156632,0.73
8010,0.176554,0.86
8011,0.156405,0.76
8012,0.198172,0.96
8013,0.259513,1
8014,0.174837,0.91
8015,0.148222,0.87
8016,0.149865,0.77
8017,0.158504,0.71
8018,0.210921,0.97
8019,0.165968,0.81
8020,0.248659,0.97
8021,0.235291,0.92
8022,0.349502,1
8023,0.166543,0.88
8024,0.163277,0.82
8025,0.18646,0.94
8026,0.227723,0.95
8027,0.159315,0.87
8028,0.197332,0.95
8029,0.206445,0.94
8030,0.191129,0.97
8031,0.164854,0.8
8032,0.211693,0.97
8033,0.167887,0.78
8034,0.231748,0.99
8035,0.182343,0.8
8036,0.239642,0.97
8037,0.521364,0.98
8038,0.176575,0.9
8039,0.145039,0.68
8040,0.177661,0.7
8041,0.158399,0.75
8042,0.263551,1
8043,0.215735,0.99
8044,0.169164,0.79
8045,0.169567,0.9
8046,0.204254,0.89
8047,0.192258,0.85
8048,0.150896,0.65
8049,0.148332,0.72
8050,0.204239,0.89
8051,0.172028,0.91
8052,0.216046,0.98
8053,0.318154,1
8054,0.170773,0.83
8055,0.166573,0.8
8056,0.234755,0.99
8057,0.155375,0.64
8058,0.259358,0.96
8059,0.340126,1
8060,0.175223,0.76
8061,0.207446,0.95
8062,0.148495,0.78
8063,0.162827,0.86
8064,0.315337,1
8065,0.282334,0.97
8066,0.174019,0.9
8067,0.16753,0.88
8068,0.225721,0.97
8069,0.171947,0.79
8070,0.218931,0.85
8071,0.205508,0.98
8072,0.311088,0.93
8073,0.211707,0.97
8074,0.177583,0.9
8075,0.147738,0.68
8076,0.161946,0.76
8077,0.177116,0.88
8078,0.17336,0.77
8079,0.23407,0.97
8080,0.146694,0.74
8081,0.192874,0.95
8082,0.18939,0.94
8083,0.207968,0.93
8084,0.238469,0.9
8085,0.38475,1
8086,0.192652,0.94
8087,0.195711,0.92
8088,0.171716,0.91
8089,0.155351,0.76
8090,0.22902,0.99
8091,0.213352,0.95
8092,0.195487,0.78
8093,0.169154,0.87
8094,0.174449,0.88
8095,0.177468,0.86
8096,0.154743,0.85
8097,0.178784,0.9
8098,0.214648,0.91
8099,0.217847,0.96
8100,0.200831,0.95
8101,0.177674,0.95
8102,0.207492,0.94
8103,0.206283,0.91
8104,0.184172,0.79
8105,0.18946,0.99
8106,0.222228,0.97
8107,0.132489,0.74
8108,0.184977,0.81
8109,0.157145,0.78
8110,0.15702,0.69
8111,0.169899,0.9
8112,0.223191,0.97
8113,0.565618,1
8114,0.17401,0.85
8115,0.181236,0.96
8116,0.165087,0.67
8117,0.23444,0.96
8118,0.469961,1
8119,0.251172,0.98
8120,0.231887,0.98
8121,0.144553,0.67
8122,0.321661,0.99
8123,0.165519,0.72
8124,0.173271,0.96
8125,0.221008,0.98
8126,0.161978,0.74
8127,0.209474,0.93
8128,0.261867,0.97
8129,0.182557,0.91
8130,0.294425,1
8131,0.347118,1
8132,0.193881,0.96
8133,0.164682,0.85
8134,0.13437,0.59
8135,0.192058,0.72
8136,0.236994,0.93
8137,0.156078,0.78
8138,0.194679,0.86
8139,0.16702,0.77
8140,0.172691,0.86
8141,0.147771,0.68
8142,0.227279,0.98
8143,0.23791,0.98
8144,0.185692,0.96
8145,0.164103,0.86
8146,0.193137,0.98
8147,0.176209,0.73
8148,0.172762,0.91
8149,0.15521,0.66
8150,0.199441,0.98
8151,0.147046,0.67
8152,0.160505,0.62
8153,0.189434,0.95
8154,0.176901,0.73
8155,0.212195,0.94
8156,0.185719,0.91
8157,0.141332,0.65
8158,0.192317,0.9
8159,0.230919,1
8160,0.177028,0.8
8161,0.160945,0.84
8162,0.172659,0.87
8163,0.163129,0.77
8164,0.156268,0.76
8165,0.271826,1
8166,0.169275,0.86
8167,0.171991,0.86
8168,0.221256,0.9
8169,0.157879,0.86
8170,0.234428,0.99
8171,0.172524,0.79
8172,0.287447,1
8173,0.248016,0.99
8174,0.228242,0.98
8175,0.162667,0.85
8176,0.152033,0.56
8177,0.150075,0.53
8178,0.205081,0.89
8179,0.202977,0.9
8180,0.192732,0.92
8181,0.214098,0.93
8182,0.204339,0.93
8183,0.155984,0.57
8184,0.809809,1
8185,0.172634,0.78
8186,0.210619,0.99
8187,0.159999,0.83
8188,0.155817,0.8
8189,0.203265,0.96
8190,0.246134,0.99
8191,0.236582,0.96
8192,0.187369,0.88
8193,0.142321,0.69
8194,0.134252,0.49
8195,0.186654,0.88
8196,0.301679,1
8197,0.217941,0.96
8198,0.196758,0.94
8199,0.206296,0.96
8200,0.164792,0.72
8201,0.191427,0.93
8202,0.169216,0.74
8203,0.187059,0.96
8204,0.193448,0.68
8205,0.181879,0.86
8206,0.272068,0.98
8207,0.158769,0.66
8208,0.228083,0.98
8209,0.159863,0.75
8210,0.192699,0.83
8211,0.146952,0.58
8212,0.189725,0.94
8213,0.160505,0.81
8214,0.294709,0.99
8215,0.200306,0.89
8216,0.158705,0.58
8217,0.15886,0.73
8218,0.155035,0.71
8219,0.256784,0.98
8220,0.252418,0.97
8221,0.14233,0.46
8222,0.20724,0.93
8223,0.154032,0.79
8224,0.162895,0.78
8225,0.672128,1
8226,0.184302,0.97
8227,0.200646,0.96
8228,0.162552,0.72
8229,0.212468,0.87
8230,0.21894,0.88
8231,0.224815,0.96
8232,0.209975,0.96
8233,0.181562,0.88
8234,0.147789,0.5
8235,0.265501,1
8236,0.181151,0.89
8237,0.140879,0.69
8238,0.179227,0.8
8239,0.151472,0.59
8240,0.169951,0.93
8241,0.239409,0.84
8242,0.328164,1
8243,0.204194,0.96
8244,0.142531,0.64
8245,0.182171,0.87
8246,0.180285,0.88
8247,0.16439,0.78
8248,0.199552,0.93
8249,0.188689,0.73
8250,0.232415,0.98
8251,0.289581,0.96
8252,0.181543,0.84
8253,0.224704,0.94
8254,0.197102,0.87
8255,0.168631,0.81
8256,0.15777,0.74
8257,0.151043,0.76
8258,0.242832,1
8259,0.152769,0.76
8260,0.182372,0.89
8261,0.173641,0.89
8262,0.240013,0.95
8263,0.224985,0.97
8264,0.149602,0.81
8265,0.178274,0.86
8266,0.141205,0.66
8267,0.212489,0.9
8268,0.165747,0.88
8269,0.152227,0.67
8270,0.140059,0.53
8271,0.260431,0.86
8272,0.169483,0.83
8273,0.192961,0.92
8274,0.207905,0.96
8275,0.186706,0.96
8276,0.191648,0.82
8277,0.225463,1
8278,0.149321,0.64
8279,0.173625,0.88
8280,0.197946,0.94
8281,0.146492,0.74
8282,0.170142,0.84
8283,0.173424,0.84
8284,0.248997,1
8285,0.159089,0.78
8286,0.224361,0.9
8287,0.177566,0.95
8288,0.164444,0.81
8289,0.322076,1
8290,0.170393,0.84
8291,0.162327,0.74
8292,0.177234,0.73
8293,0.165485,0.85
8294,0.134899,0.79
8295,0.168601,0.88
8296,0.186091,0.93
8297,0.172282,0.94
8298,0.142333,0.72
8299,0.217736,0.97
8300,0.198343,0.94
8301,0.200875,0.88
8302,0.166533,0.72
8303,0.15817,0.67
8304,0.197714,0.94
8305,0.185014,0.92
8306,0.186563,0.8
8307,0.209617,0.88
8308,0.145083,0.76
8309,0.240011,0.97
8310,0.220076,0.95
8311,0.220957,0.91
8312,0.169633,0.76
8313,0.165768,0.76
8314,0.171993,0.86
8315,0.219156,0.94
8316,0.23921,0.96
8317,0.21275,0.9
8318,0.200909,0.9
8319,0.136044,0.63
8320,0.149261,0.73
8321,0.184159,0.7
8322,1.8815,1
8323,0.212467,0.97
8324,0.171074,0.79
8325,0.170491,0.73
8326,0.178486,0.9
8327,0.185234,0.85
8328,0.207396,0.89
8329,0.18416,0.85
8330,0.227723,0.96
8331,0.190485,0.87
8332,0.143059,0.51
8333,0.151844,0.58
8334,0.190824,0.94
8335,0.141041,0.55
8336,0.241543,0.9
8337,0.200351,0.87
8338,0.269776,0.99
8339,0.192435,0.93
8340,0.347827,1
8341,0.168761,0.87
8342,0.170569,0.84
8343,0.169517,0.88
8344,0.213795,0.92
8345,0.160966,0.69
8346,0.131275,0.48
8347,0.20308,0.92
8348,0.155034,0.8
8349,0.254632,0.98
8350,0.175349,0.89
8351,0.130882,0.77
8352,0.18301,0.85
8353,0.212223,1
8354,0.182496,0.86
8355,0.199171,0.96
8356,0.17038,0.8
8357,0.140259,0.74
8358,0.161164,0.72
8359,0.167498,0.88
8360,0.164769,0.64
8361,0.261508,0.97
8362,0.210941,0.92
8363,0.181609,0.91
8364,0.160835,0.63
8365,0.136116,0.46
8366,0.19604,0.98
8367,0.261926,0.97
8368,0.160742,0.87
8369,0.219148,0.95
8370,0.166407,0.87
8371,0.131212,0.41
8372,0.193279,0.9
8373,0.238023,0.98
8374,0.406741,1
8375,0.157462,0.64
8376,2.77624,1
8377,0.220896,0.9
8378,0.174875,0.85
8379,0.19003,0.86
8380,0.166853,0.78
8381,0.176852,0.76
8382,0.15606,0.86
8383,0.181971,0.89
8384,0.186182,0.88
8385,0.172049,0.9
8386,0.240134,0.84
8387,0.306999,0.99
8388,0.221848,0.97
8389,0.179987,0.87
8390,0.135221,0.52
8391,0.181149,0.8
8392,0.228151,1
8393,0.198525,0.89
8394,0.173692,0.8
8395,0.36923,0.99
8396,0.437357,1
8397,0.15647,0.76
8398,0.183479,0.96
8399,0.177458,0.73
8400,0.265589,1
8401,0.184281,0.89
8402,0.196874,0.91
8403,0.263448,1
8404,0.215474,0.96
8405,0.156937,0.81
8406,0.204942,0.92
8407,0.334536,0.99
8408,0.178876,0.87
8409,0.425919,0.97
8410,0.147507,0.43
8411,0.161544,0.89
8412,0.130125,0.7
8413,0.221372,0.94
8414,0.236439,0.99
8415,0.17039,0.89
8416,0.170103,0.91
8417,0.208155,0.9
8418,0.175617,0.79
8419,0.195003,0.83
8420,0.192083,0.93
8421,0.176092,0.84
8422,0.175433,0.67
8423,0.151837,0.61
8424,0.206053,0.82
8425,0.195064,0.89
8426,0.19036,0.81
8427,0.206187,0.99
8428,0.195506,0.88
8429,0.35819,0.99
8430,0.191624,0.89
8431,0.197907,0.91
8432,0.193318,0.84
8433,0.159297,0.72
8434,0.172449,0.93
8435,0.145175,0.63
8436,0.199493,0.9
8437,0.140885,0.45
8438,0.162378,0.72
8439,0.199804,1
8440,0.218881,0.96
8441,0.277633,0.95
8442,0.163652,0.77
8443,0.253837,1
8444,0.200559,0.95
8445,0.352117,1
8446,0.163021,0.8
8447,0.18451,0.9
8448,0.150272,0.61
8449,0.184202,0.91
8450,0.159096,0.64
8451,0.140583,0.53
8452,0.166083,0.86
8453,0.455863,0.99
8454,0.17034,0.78
8455,0.19508,0.94
8456,0.138157,0.5
8457,0.220348,0.95
8458,0.19491,0.89
8459,0.193759,0.92
8460,0.201393,0.96
8461,0.177648,0.84
8462,0.182343,0.73
8463,0.226778,1
8464,0.245575,0.98
8465,0.141035,0.72
8466,0.192314,0.87
8467,0.18656,0.91
8468,0.195486,0.94
8469,0.129026,0.55
8470,0.168086,0.62
8471,0.194516,0.93
8472,0.190963,0.9
8473,0.194012,0.91
8474,0.217683,0.87
8475,0.189982,0.91
8476,0.210628,0.95
8477,0.175207,0.85
8478,0.256582,0.98
8479,0.163132,0.76
8480,0.16408,0.84
8481,0.138972,0.67
8482,0.179705,0.91
8483,0.174747,0.89
8484,0.168079,0.85
8485,0.184856,0.93
8486,0.175442,0.86
8487,0.215967,0.86
8488,0.222169,0.94
8489,0.152367,0.67
8490,0.155214,0.67
8491,0.217512,0.99
8492,0.210019,0.91
8493,0.184033,0.91
8494,0.176387,0.75
8495,0.153578,0.66
8496,0.246706,0.99
8497,0.178394,0.86
8498,0.281323,0.99
8499,0.197099,0.92
8500,0.207358,0.94
8501,0.184075,0.95
8502,0.135088,0.5
8503,0.165192,0.75
8504,0.199704,0.93
8505,0.174968,0.86
8506,0.227515,0.98
8507,0.277148,0.96
8508,0.250026,0.98
8509,0.196309,0.94
8510,0.132403,0.61
8511,0.207288,0.94
8512,0.169097,0.89
8513,0.156174,0.74
8514,0.176906,0.83
8515,0.283227,0.98
8516,0.169785,0.83
8517,0.142911,0.32
8518,0.1708,0.86
8519,0.200879,0.95
8520,0.208067,0.95
8521,0.228451,0.99
8522,0.194407,0.91
8523,0.173909,0.82
8524,0.2149,0.94
8525,0.174911,0.86
8526,0.180411,0.81
8527,0.138416,0.52
8528,0.211931,0.9
8529,0.189584,0.67
8530,0.196,0.91
8531,0.319981,0.98
8532,0.165547,0.82
8533,0.19467,0.87
8534,0.172286,0.68
8535,0.220591,0.94
8536,0.175689,0.92
8537,0.205853,0.9
8538,0.139079,0.65
8539,0.205044,0.9
8540,0.16903,0.76
8541,0.227811,0.98
8542,0.251575,0.99
8543,0.230693,0.94
8544,0.174515,0.89
8545,0.173564,0.82
8546,0.153176,0.66
8547,0.175544,0.83
8548,0.452059,1
8549,0.396079,1
8550,0.211014,0.91
8551,0.169956,0.82
8552,0.198095,0.97
8553,0.159709,0.76
8554,0.319221,1
8555,0.193861,0.87
8556,0.236566,0.95
8557,0.197726,0.97
8558,1.10365,1
8559,0.217144,0.98
8560,0.174022,0.93
8561,0.177656,0.88
8562,0.182573,0.89
8563,0.201896,0.88
8564,0.143967,0.67
8565,0.21707,0.95
8566,0.246579,1
8567,0.143048,0.71
8568,0.192416,0.96
8569,0.186677,0.91
8570,0.177646,0.94
8571,0.161819,0.71
8572,0.182722,0.76
8573,0.153397,0.8
8574,0.136238,0.57
8575,0.207611,0.99
8576,0.225244,0.97
8577,0.182774,0.83
8578,0.216182,0.97
8579,0.212796,0.99
8580,0.164673,0.76
8581,0.162011,0.71
8582,0.224383,0.99
8583,0.125348,0.63
8584,0.209495,0.9
8585,0.181511,0.87
8586,0.218306,0.93
8587,0.383984,1
8588,0.192181,0.92
8589,0.179027,0.91
8590,0.197144,0.93
8591,0.21189,0.93
8592,0.16364,0.88
8593,0.187002,0.92
8594,0.203215,0.94
8595,0.23159,0.98
8596,0.212701,0.98
8597,0.166754,0.76
8598,0.199932,0.96
8599,0.367272,0.97
8600,0.38082,1
8601,0.144849,0.59
8602,0.169868,0.83
8603,0.199235,0.82
8604,0.182157,0.79
8605,0.171563,0.79
8606,0.165475,0.76
8607,0.164251,0.8
8608,0.174276,0.87
8609,0.143107,0.61
8610,0.22091,0.92
8611,0.175382,0.86
8612,0.165735,0.84
8613,0.142065,0.65
8614,0.18888,0.85
8615,0.23268,0.92
8616,0.15883,0.71
8617,0.191572,0.95
8618,0.222105,0.89
8619,0.301164,0.98
8620,0.183914,0.89
8621,0.545715,1
8622,0.198729,0.93
8623,0.181813,0.88
8624,0.222331,0.96
8625,0.207116,0.98
8626,0.233072,0.97
8627,0.384511,1
8628,0.252694,0.99
8629,0.172805,0.82
8630,0.203734,0.94
8631,0.196619,0.95
8632,0.169631,0.84
8633,0.148098,0.69
8634,0.180748,0.72
8635,0.210593,0.9
8636,0.185338,0.99
8637,0.156829,0.65
8638,0.316368,1
8639,0.326039,1
8640,0.237376,1
8641,0.188092,0.87
8642,0.318723,1
8643,0.228941,0.87
8644,0.159582,0.81
8645,0.17438,0.82
8646,0.207025,0.98
8647,0.172621,0.77
8648,0.181797,0.9
8649,0.247871,0.98
8650,0.175174,0.88
8651,0.170915,0.77
8652,0.16634,0.79
8653,0.153073,0.76
8654,0.274719,0.97
8655,0.179036,0.87
8656,0.189684,0.94
8657,0.187105,0.91
8658,0.143218,0.86
8659,0.136732,0.62
8660,0.17467,0.82
8661,0.194205,0.89
8662,0.168832,0.81
8663,0.18704,0.87
8664,0.165257,0.75
8665,0.162652,0.76
8666,0.153641,0.66
8667,0.166829,0.68
8668,0.241352,0.99
8669,0.360928,1
8670,0.199744,0.96
8671,0.158699,0.76
8672,0.191506,0.89
8673,0.209016,0.96
8674,0.173109,0.92
8675,0.138937,0.6
8676,0.190005,0.87
8677,0.159999,0.87
8678,0.140015,0.55
8679,0.135304,0.62
8680,0.174133,0.82
8681,0.16185,0.74
8682,0.192449,0.94
8683,0.162898,0.7
8684,0.201431,0.93
8685,0.225581,1
8686,0.218746,0.98
8687,0.221454,0.99
8688,0.136433,0.66
8689,0.152585,0.7
8690,0.19408,0.93
8691,0.207493,0.99
8692,0.168971,0.79
8693,0.282065,1
8694,0.164787,0.8
8695,0.162069,0.81
8696,0.141195,0.61
8697,0.241232,0.94
8698,0.174012,0.82
8699,0.22121,0.98
8700,0.223272,0.93
8701,0.163467,0.74
8702,0.223289,0.97
8703,0.224586,0.97
8704,0.2351,0.99
8705,0.271921,0.96
8706,0.143192,0.64
8707,0.192811,0.91
8708,0.192147,0.91
8709,0.235285,0.97
8710,0.249777,0.98
8711,0.193797,0.93
8712,0.235447,1
8713,0.151872,0.55
8714,0.172701,0.82
8715,0.152527,0.76
8716,0.247138,0.97
8717,0.207834,0.9
8718,0.151207,0.67
8719,0.188508,0.93
8720,0.247835,1
8721,0.238015,0.99
8722,0.199897,0.94
8723,0.206216,0.94
8724,0.338572,1
8725,0.170851,0.88
8726,0.195638,0.95
8727,0.16501,0.77
8728,0.143095,0.61
8729,0.197599,0.92
8730,0.18019,0.93
8731,0.175113,0.96
8732,0.211543,0.97
8733,0.151668,0.74
8734,0.141048,0.66
8735,0.20547,0.95
8736,0.262744,1
8737,0.210398,0.9
8738,0.179017,0.94
8739,0.354503,1
8740,0.138332,0.52
8741,0.122252,0.31
8742,0.189571,0.83
8743,0.139125,0.68
8744,0.170944,0.87
8745,0.191374,0.94
8746,0.232633,0.97
8747,0.196314,0.98
8748,0.213178,0.93
8749,0.211488,0.96
8750,0.182913,0.93
8751,0.237361,0.98
8752,0.290153,1
8753,0.430462,0.97
8754,0.198583,0.96
8755,0.344819,1
8756,0.170975,0.85
8757,0.167549,0.79
8758,0.16438,0.83
8759,0.189061,0.97
8760,0.212528,0.96
8761,0.189837,0.87
8762,0.246758,0.96
8763,0.214105,1
8764,0.229248,1
8765,0.168008,0.85
8766,0.181608,0.83
8767,0.176628,0.81
8768,0.200562,0.95
8769,0.181584,0.89
8770,0.161326,0.67
8771,0.357843,1
8772,0.220514,0.98
8773,0.196255,0.96
8774,0.184557,0.98
8775,0.209927,0.95
8776,0.17838,0.8
8777,0.16725,0.75
8778,0.138898,0.71
8779,0.155559,0.66
8780,0.18155,0.96
8781,0.14788,0.67
8782,0.177603,0.81
8783,0.288506,0.98
8784,0.187696,0.89
8785,0.222742,0.91
8786,0.341906,1
8787,0.598945,1
8788,0.1735,0.86
8789,0.202127,0.95
8790,0.207065,0.91
8791,0.212912,0.92
8792,0.728647,1
8793,0.170864,0.88
8794,0.198785,0.87
8795,0.220065,0.96
8796,0.215258,0.97
8797,0.165183,0.91
8798,0.144009,0.58
8799,0.149562,0.63
8800,0.150789,0.74
8801,0.187783,0.88
8802,0.173334,0.84
8803,0.167301,0.78
8804,0.20158,0.89
8805,0.190122,0.88
8806,0.189022,0.84
8807,0.160193,0.79
8808,0.169017,0.88
8809,0.212376,0.97
8810,0.193153,0.91
8811,0.185739,0.89
8812,0.181129,0.88
8813,0.153283,0.72
8814,0.147722,0.62
8815,0.179421,0.69
8816,0.20717,1
8817,0.137514,0.57
8818,0.264044,0.99
8819,0.183442,0.96
8820,0.163223,0.84
8821,0.195055,0.92
8822,0.242905,0.99
8823,0.175374,0.89
8824,0.198736,0.96
8825,0.176692,0.91
8826,0.143272,0.6
8827,0.178402,0.89
8828,0.174272,0.85
8829,0.163033,0.67
8830,0.184863,0.86
8831,0.157594,0.73
8832,0.17088,0.87
8833,0.15013,0.8
8834,0.266027,1
8835,0.163157,0.77
8836,0.180559,0.85
8837,0.182779,0.89
8838,0.218376,0.91
8839,0.197073,0.87
8840,0.170176,0.82
8841,0.170991,0.9
8842,0.220721,1
8843,0.19323,0.97
8844,0.189136,0.89
8845,0.180783,0.82
8846,0.18765,0.92
8847,0.165672,0.75
8848,0.232235,1
8849,0.179953,0.79
8850,0.177709,0.87
8851,0.198789,0.97
8852,0.252867,0.97
8853,0.197149,0.91
8854,0.206526,0.94
8855,0.121726,0.38
8856,0.162307,0.62
8857,0.128314,0.48
8858,0.144991,0.58
8859,0.168343,0.87
8860,0.171478,0.8
8861,0.182043,0.82
8862,0.235418,0.97
8863,0.189983,0.9
8864,0.218657,0.98
8865,0.169411,0.8
8866,0.180704,0.95
8867,0.207184,0.94
8868,0.208932,1
8869,0.198293,0.96
8870,0.18163,0.74
8871,0.201551,0.9
8872,0.178009,0.74
8873,0.175013,0.77
8874,0.190538,0.95
8875,0.1825,0.93
8876,0.462624,1
8877,0.155337,0.8
8878,0.19432,0.9
8879,0.302846,0.97
8880,0.201934,0.86
8881,0.228181,0.96
8882,0.253543,0.99
8883,0.18982,0.9
8884,0.174929,0.84
8885,0.164289,0.82
8886,0.18442,0.92
8887,0.163635,0.75
8888,0.217712,0.98
8889,0.294297,0.98
8890,0.180581,0.85
8891,0.175621,0.77
8892,0.188564,0.98
8893,0.15389,0.74
8894,0.168238,0.85
8895,0.178515,0.77
8896,0.188416,0.97
8897,0.206146,0.92
8898,1.03579,0.99
8899,0.136621,0.6
8900,0.176899,0.69
8901,0.220509,0.96
8902,0.583738,1
8903,0.212794,0.95
8904,0.208579,0.94
8905,0.129379,0.64
8906,0.233154,0.97
8907,0.247982,0.98
8908,0.152627,0.72
8909,0.200137,0.94
8910,0.235674,1
8911,0.213847,0.95
8912,0.210198,1
8913,0.285538,1
8914,0.198649,0.91
8915,0.163132,0.77
8916,0.162078,0.92
8917,0.184344,0.8
8918,0.144357,0.69
8919,0.229471,0.96
8920,0.19122,0.88
8921,0.167396,0.9
8922,0.155246,0.63
8923,0.150924,0.8
8924,0.161924,0.69
8925,0.165228,0.71
8926,0.175657,0.82
8927,0.174696,0.77
8928,0.37064,1
8929,0.310475,1
8930,0.259039,1
8931,0.322379,1
8932,0.161459,0.72
8933,0.1719,0.85
8934,0.180085,0.95
8935,0.179635,0.9
8936,0.143845,0.72
8937,0.157709,0.8
8938,0.179473,0.84
8939,0.168084,0.91
8940,0.16923,0.68
8941,0.132238,0.56
8942,0.205199,0.98
8943,0.174022,0.83
8944,0.184808,0.87
8945,0.157484,0.86
8946,0.226145,0.96
8947,0.183903,0.9
8948,0.175092,0.96
8949,0.182769,0.87
8950,0.21133,0.86
8951,0.193838,0.94
8952,0.179158,0.96
8953,0.16226,0.74
8954,0.166629,0.76
8955,0.135996,0.56
8956,0.193319,0.91
8957,0.172617,0.86
8958,0.155868,0.77
8959,0.216957,0.95
8960,0.228006,1
8961,0.163477,0.72
8962,0.155877,0.63
8963,0.16902,0.9
8964,0.181543,0.83
8965,0.169075,0.75
8966,0.157529,0.86
8967,0.190414,0.89
8968,0.179173,0.91
8969,0.215299,0.92
8970,0.226234,0.99
8971,0.246134,0.9
8972,0.226861,0.98
8973,0.258177,1
8974,0.177474,0.82
8975,0.169571,0.81
8976,0.179993,0.88
8977,0.176902,0.79
8978,0.456769,1
8979,0.257496,0.96
8980,0.1784,0.93
8981,0.220775,0.97
8982,0.140764,0.73
8983,0.21674,0.99
8984,0.162768,0.78
8985,0.167522,0.82
8986,0.159558,0.81
8987,0.143841,0.69
8988,0.147384,0.86
8989,0.193771,0.9
8990,0.166095,0.83
8991,0.1908,0.81
8992,0.145625,0.42
8993,0.265582,0.97
8994,0.197897,0.99
8995,0.271292,0.99
8996,0.268913,1
8997,0.274775,0.98
8998,0.204587,0.95
8999,0.189498,0.91
9000,0.190268,0.94
9001,0.189137,0.9
9002,0.187269,0.88
9003,0.177586,0.74
9004,0.172758,0.86
9005,0.218353,0.95
9006,0.169864,0.82
9007,0.172895,0.82
9008,0.235393,0.97
9009,0.166811,0.84
9010,0.200299,0.96
9011,0.222312,0.96
9012,0.15365,0.82
9013,0.167498,0.82
9014,0.239385,0.99
9015,0.200459,0.93
9016,0.180229,0.91
9017,0.188183,0.81
9018,0.242163,0.96
9019,0.169494,0.79
9020,0.153718,0.69
9021,0.186334,0.89
9022,0.178423,0.83
9023,0.215478,0.77
9024,0.201391,0.89
9025,0.165852,0.74
9026,0.172198,0.8
9027,0.213048,0.95
9028,0.14986,0.64
9029,0.168602,0.83
9030,0.209685,0.86
9031,0.156645,0.64
9032,0.161928,0.78
9033,0.15659,0.72
9034,0.18987,0.95
9035,0.361945,1
9036,0.228676,0.99
9037,0.182888,0.86
9038,0.150527,0.59
9039,0.200504,0.87
9040,0.173104,0.69
9041,0.208946,0.96
9042,0.194996,0.88
9043,0.134331,0.46
9044,0.147318,0.66
9045,0.150039,0.69
9046,0.459476,1
9047,0.149677,0.47
9048,0.155501,0.63
9049,0.144371,0.55
9050,0.199517,0.89
9051,0.189963,0.89
9052,0.229494,0.98
9053,0.162328,0.71
9054,0.201788,0.93
9055,0.279272,0.95
9056,0.234964,0.96
9057,0.189189,0.89
9058,0.168363,0.87
9059,0.204919,0.98
9060,0.176518,0.86
9061,0.162507,0.75
9062,0.158446,0.75
9063,0.161323,0.7
9064,0.205112,0.96
9065,0.206887,0.95
9066,0.194075,0.81
9067,0.403814,0.98
9068,0.134612,0.81
9069,0.157222,0.82
9070,0.179463,0.82
9071,0.299876,1
9072,0.145907,0.58
9073,0.156543,0.65
9074,0.172355,0.85
9075,0.238575,0.96
9076,0.134034,0.55
9077,0.264351,1
9078,0.163389,0.9
9079,0.179168,0.96
9080,0.222308,0.98
9081,0.219729,0.97
9082,0.154329,0.63
9083,0.178543,0.93
9084,0.239387,0.85
9085,0.371695,1
9086,0.16961,0.78
9087,0.170782,0.77
9088,0.145917,0.66
9089,0.20684,0.97
9090,0.153242,0.56
9091,0.214078,0.89
9092,0.171918,0.8
9093,0.191133,0.94
9094,0.155487,0.65
9095,0.187671,0.94
9096,0.143528,0.7
9097,0.186896,0.8
9098,0.235037,0.89
9099,0.187007,0.81
9100,0.173452,0.73
9101,0.18278,0.83
9102,0.305206,1
9103,0.180047,0.87
9104,0.142385,0.59
9105,0.30088,0.53
9106,0.141678,0.74
9107,0.153,0.66
9108,0.232397,0.98
9109,0.179617,0.9
9110,0.171684,0.97
9111,0.22496,0.98
9112,0.201262,0.97
9113,0.245982,0.99
9114,0.147686,0.64
9115,0.168852,0.81
9116,0.29814,1
9117,0.181123,0.88
9118,0.219517,0.94
9119,0.182534,0.76
9120,0.172906,0.85
9121,0.184202,0.91
9122,0.1656,0.8
9123,0.191144,0.92
9124,0.382895,0.99
9125,0.151844,0.76
9126,0.160489,0.82
9127,0.168132,0.89
9128,0.258833,0.96
9129,0.212661,0.92
9130,0.240426,0.99
9131,0.164569,0.81
9132,0.277821,1
9133,0.351054,0.97
9134,0.241554,1
9135,0.185147,0.89
9136,0.230038,0.91
9137,0.279338,0.98
9138,0.144229,0.51
9139,0.210903,0.95
9140,0.226522,0.97
9141,0.152615,0.66
9142,0.14658,0.62
9143,0.164561,0.81
9144,2.0367,1
9145,0.172864,0.8
9146,0.212647,0.92
9147,0.123792,0.38
9148,0.164912,0.78
9149,0.216136,0.92
9150,0.159502,0.75
9151,0.187944,0.86
9152,0.202652,0.96
9153,0.173104,0.85
9154,0.210909,0.93
9155,0.189922,0.94
9156,0.179915,0.93
9157,0.167765,0.91
9158,0.185834,0.84
9159,0.199208,0.94
9160,0.237358,0.98
9161,0.181775,0.75
9162,0.209096,0.98
9163,0.176558,0.77
9164,0.181369,0.76
9165,0.232504,1
9166,0.145227,0.73
9167,0.194569,0.99
9168,0.154133,0.7
9169,0.28446,0.98
9170,0.17909,0.89
9171,0.219081,0.96
9172,0.218492,0.96
9173,0.127819,0.53
9174,0.184529,0.93
9175,0.18034,0.89
9176,0.223545,0.91
9177,0.243957,0.98
9178,0.16188,0.72
9179,0.181027,0.92
9180,0.172879,0.72
9181,0.176618,0.56
9182,0.180167,0.92
9183,0.138931,0.61
9184,0.213812,0.95
9185,0.22387,0.9
9186,0.299572,1
9187,0.137797,0.57
9188,0.174117,0.91
9189,0.203656,0.96
9190,0.225082,0.93
9191,0.285306,0.99
9192,0.202553,0.97
9193,0.161378,0.79
9194,0.193172,0.92
9195,0.215545,0.85
9196,0.188786,0.93
9197,0.235637,0.95
9198,0.17512,0.81
9199,0.215005,0.95
9200,0.166223,0.79
9201,0.276552,0.99
9202,0.248873,0.96
9203,0.20034,0.95
9204,0.202989,0.89
9205,0.146999,0.51
9206,0.166019,0.68
9207,0.182595,0.81
9208,0.223076,0.96
9209,0.666301,0.96
9210,0.206859,0.97
9211,0.263384,0.99
9212,0.190068,0.88
9213,0.160397,0.82
9214,0.177983,0.86
9215,0.208488,0.93
9216,0.216845,0.92
9217,0.204601,0.9
9218,0.152082,0.7
9219,0.156505,0.58
9220,0.185046,0.87
9221,0.185608,0.7
9222,0.221596,1
9223,0.301018,0.99
9224,0.164616,0.84
9225,0.14661,0.56
9226,0.166199,0.85
9227,0.197085,0.79
9228,0.116262,0.32
9229,0.170416,0.88
9230,0.241121,0.98
9231,0.167292,0.83
9232,0.206306,0.9
9233,0.218859,0.98
9234,0.270864,1
9235,0.145002,0.72
9236,0.220454,0.89
9237,0.220149,0.99
9238,0.235632,0.97
9239,0.206717,0.93
9240,0.14229,0.72
9241,0.183081,0.83
9242,0.212305,0.98
9243,0.176608,0.92
9244,0.198045,0.97
9245,0.341786,0.97
9246,0.204731,0.96
9247,0.203154,0.95
9248,0.460252,1
9249,0.285883,0.99
9250,0.200378,0.94
9251,0.169582,0.9
9252,0.26203,1
9253,0.292418,1
9254,0.176251,0.89
9255,0.176618,0.77
9256,0.193594,0.79
9257,0.185376,0.96
9258,0.16779,0.63
9259,0.191158,0.86
9260,0.135408,0.47
9261,0.186304,0.81
9262,0.170062,0.89
9263,0.229819,0.99
9264,0.207255,0.94
9265,0.209534,0.98
9266,0.171108,0.74
9267,0.14229,0.5
9268,0.234562,1
9269,0.19113,0.94
9270,0.211214,0.99
9271,0.141247,0.72
9272,0.460927,1
9273,0.313246,1
9274,0.163073,0.67
9275,0.121125,0.67
9276,0.167642,0.7
9277,0.201718,0.94
9278,0.256444,0.99
9279,0.178405,0.67
9280,0.173876,0.85
9281,0.140451,0.62
9282,0.210952,0.96
9283,0.188599,0.92
9284,0.447251,1
9285,0.255396,0.99
9286,0.229066,0.99
9287,0.180542,0.95
9288,0.182853,0.84
9289,0.617957,1
9290,0.252244,0.96
9291,0.173672,0.8
9292,0.277446,0.99
9293,0.191513,0.9
9294,0.492094,1
9295,0.18248,0.86
9296,0.198663,0.91
9297,0.156392,0.86
9298,0.177752,0.88
9299,0.149571,0.6
9300,0.188558,0.86
9301,0.584936,1
9302,0.232011,0.99
9303,0.161594,0.75
9304,0.170764,0.76
9305,0.16408,0.88
9306,0.151479,0.75
9307,0.223705,1
9308,0.242817,0.96
9309,0.164571,0.83
9310,0.18874,0.9
9311,0.207157,0.92
9312,0.181505,0.93
9313,0.173208,0.84
9314,0.225152,0.95
9315,0.185423,0.94
9316,0.169485,0.75
9317,0.133939,0.81
9318,0.378756,1
9319,0.171939,0.9
9320,0.187807,0.91
9321,0.750914,1
9322,0.302659,1
9323,0.188607,0.95
9324,0.190775,0.81
9325,0.179839,0.94
9326,0.199506,0.87
9327,0.198351,0.92
9328,0.182769,0.85
9329,0.202872,0.98
9330,0.169442,0.8
9331,0.206703,0.96
9332,0.211056,0.92
9333,0.204733,0.96
9334,0.221853,0.96
9335,0.196213,0.83
9336,0.190981,0.91
9337,0.175955,0.78
9338,0.169232,0.95
9339,0.19255,0.93
9340,0.235913,0.98
9341,0.214066,0.87
9342,0.227615,0.94
9343,0.164381,0.87
9344,0.211925,0.86
9345,0.161748,0.72
9346,0.192928,0.91
9347,0.307018,1
9348,0.25075,0.99
9349,0.240659,0.99
9350,0.122931,0.44
9351,0.161908,0.85
9352,0.211855,1
9353,0.190101,0.89
9354,0.215259,0.96
9355,0.218705,0.98
9356,0.173768,0.91
9357,0.187748,0.97
9358,0.202141,0.89
9359,0.218331,0.98
9360,0.16119,0.82
9361,0.189553,0.91
9362,0.211348,0.99
9363,0.184942,0.9
9364,0.179823,0.83
9365,0.178281,0.76
9366,0.185441,0.89
9367,0.158252,0.65
9368,0.1867,0.75
9369,0.180444,0.87
9370,0.175341,0.86
9371,0.34057,1
9372,0.187232,0.86
9373,0.22294,0.95
9374,0.198162,0.88
9375,0.209674,0.91
9376,0.195694,0.93
9377,0.173237,0.7
9378,0.223825,0.99
9379,0.346047,0.98
9380,0.269351,0.96
9381,0.231344,1
9382,0.166419,0.9
9383,0.165655,0.64
9384,0.249702,0.99
9385,0.169109,0.75
9386,0.186975,0.84
9387,0.180623,0.86
9388,0.242787,0.99
9389,0.217625,0.96
9390,0.125579,0.43
9391,0.184837,0.93
9392,0.175421,0.91
9393,0.203111,0.92
9394,0.245917,1
9395,0.201974,0.94
9396,0.173001,0.73
9397,0.225114,1
9398,0.160186,0.86
9399,0.202094,0.99
9400,0.142156,0.58
9401,0.148865,0.55
9402,0.270889,1
9403,0.235985,0.99
9404,0.222206,1
9405,0.220888,0.95
9406,0.168093,0.88
9407,0.220774,0.97
9408,0.168171,0.86
9409,0.167397,0.88
9410,0.139461,0.74
9411,0.170945,0.78
9412,0.166923,0.9
9413,0.209082,0.92
9414,0.20958,0.98
9415,0.288699,0.96
9416,0.230222,0.98
9417,0.207164,0.91
9418,0.209556,0.99
9419,0.196721,0.9
9420,0.177576,0.85
9421,0.177207,0.81
9422,0.236378,0.99
9423,0.108786,0.43
9424,0.250323,0.98
9425,0.195325,0.9
9426,0.298133,0.99
9427,0.154676,0.64
9428,0.193124,0.97
9429,0.204297,0.94
9430,0.161411,0.68
9431,0.150567,0.47
9432,0.169387,0.73
9433,0.188216,0.84
9434,0.235363,1
9435,0.209972,0.97
9436,0.173983,0.79
9437,0.232201,0.93
9438,0.176891,0.74
9439,0.235831,0.98
9440,0.183227,0.96
9441,0.140367,0.57
9442,0.177307,0.85
9443,0.17342,0.83
9444,0.168889,0.88
9445,0.158156,0.75
9446,0.162124,0.79
9447,0.160955,0.88
9448,0.189911,0.78
9449,0.196051,0.97
9450,0.147001,0.8
9451,0.197487,0.93
9452,0.187547,0.91
9453,0.313521,1
9454,0.198689,0.87
9455,0.280136,0.99
9456,0.191717,0.92
9457,0.180127,0.86
9458,0.170917,0.95
9459,0.169827,0.87
9460,0.192964,0.94
9461,0.19277,0.93
9462,0.166346,0.79
9463,0.473777,0.97
9464,0.294765,0.93
9465,0.178072,0.81
9466,0.173786,0.78
9467,0.165682,0.82
9468,0.14305,0.68
9469,0.215265,0.99
9470,0.156313,0.69
9471,0.123719,0.5
9472,0.203685,0.97
9473,0.220412,0.89
9474,0.133853,0.59
9475,0.187835,0.95
9476,0.167554,0.73
9477,0.155057,0.78
9478,0.344493,1
9479,0.211121,0.97
9480,0.224821,1
9481,0.282261,0.93
9482,0.171856,0.88
9483,0.205049,0.96
9484,0.173414,0.93
9485,0.266393,0.99
9486,0.204668,0.88
9487,0.16079,0.84
9488,0.280175,1
9489,0.222739,0.97
9490,0.11962,0.51
9491,0.158363,0.69
9492,0.353438,0.9
9493,0.159897,0.75
9494,0.17005,0.75
9495,0.156735,0.82
9496,0.160336,0.83
9497,0.352104,0.98
9498,0.181468,0.78
9499,0.238079,0.96
9500,0.12323,0.27
9501,0.170184,0.85
9502,0.184363,0.86
9503,0.182393,0.83
9504,0.202908,0.97
9505,0.199766,0.97
9506,0.198326,0.93
9507,0.20477,0.98
9508,0.197118,0.85
9509,0.277815,0.98
9510,0.136052,0.61
9511,0.179388,0.68
9512,0.165982,0.87
9513,0.187375,0.88
9514,0.241315,0.97
9515,0.169593,0.91
9516,0.307187,0.99
9517,0.183166,0.91
9518,0.164051,0.8
9519,0.155793,0.68
9520,0.206998,0.95
9521,0.199914,0.89
9522,0.180373,0.82
9523,0.173834,0.87
9524,0.148024,0.6
9525,0.166304,0.78
9526,0.156701,0.72
9527,0.138966,0.59
9528,0.209515,0.98
9529,0.196274,0.76
9530,0.173994,0.77
9531,0.164305,0.7
9532,0.184627,0.97
9533,0.196206,0.89
9534,0.153685,0.8
9535,0.187548,0.91
9536,0.29142,1
9537,0.184964,0.88
9538,0.198599,0.97
9539,0.206304,0.93
9540,0.231388,0.87
9541,0.19317,0.86
9542,0.278641,0.96
9543,0.421004,1
9544,0.167063,0.8
9545,0.158104,0.62
9546,0.163594,0.82
9547,0.244476,0.97
9548,0.188107,0.99
9549,0.182943,0.91
9550,0.175629,0.89
9551,0.207225,0.88
9552,0.186103,0.87
9553,0.197755,0.94
9554,0.14703,0.76
9555,0.159513,0.63
9556,0.203931,0.95
9557,0.191427,0.87
9558,0.218823,0.98
9559,0.143999,0.49
9560,0.154062,0.68
9561,0.167757,0.9
9562,0.181759,0.86
9563,0.170087,0.8
9564,0.159107,0.84
9565,0.13469,0.46
9566,0.173432,0.81
9567,0.193869,0.92
9568,0.174902,0.92
9569,0.184718,0.93
9570,0.156535,0.85
9571,0.212639,0.96
9572,0.193552,0.86
9573,0.202795,0.88
9574,0.185505,0.89
9575,0.169686,0.85
9576,0.221314,0.98
9577,0.179482,0.88
9578,0.190812,0.93
9579,0.266839,1
9580,0.231239,0.95
9581,0.512353,1
9582,0.164939,0.84
9583,0.186429,0.75
9584,0.207187,0.92
9585,0.167001,0.81
9586,0.207804,0.91
9587,0.165376,0.84
9588,0.150734,0.59
9589,0.217034,0.98
9590,0.144021,0.73
9591,0.161223,0.84
9592,0.187144,0.95
9593,0.17208,0.87
9594,0.148268,0.56
9595,0.156251,0.71
9596,0.212496,0.94
9597,0.203833,0.97
9598,0.185859,0.91
9599,0.218183,0.95
9600,0.176436,0.92
9601,0.24885,0.94
9602,0.182136,0.93
9603,0.359674,1
9604,0.225482,1
9605,0.181649,0.95
9606,0.189513,0.82
9607,0.215973,0.96
9608,0.184251,0.92
9609,0.215276,0.95
9610,0.197376,0.89
9611,0.184387,0.84
9612,0.209598,0.9
9613,0.187351,0.95
9614,0.160465,0.79
9615,0.169167,0.89
9616,0.187224,0.98
9617,0.352568,1
9618,0.191243,0.86
9619,0.156299,0.64
9620,0.16221,0.73
9621,0.133731,0.69
9622,0.190644,0.96
9623,0.214216,0.95
9624,0.203829,0.97
9625,3.4466,1
9626,0.194689,0.96
9627,0.226378,0.93
9628,0.187248,0.89
9629,0.172304,0.82
9630,0.195189,0.72
9631,0.178158,0.8
9632,0.161073,0.72
9633,0.158471,0.8
9634,0.228556,0.99
9635,0.283057,1
9636,0.32616,1
9637,0.213941,0.96
9638,0.16642,0.79
9639,0.172411,0.75
9640,0.182871,0.92
9641,0.205593,0.84
9642,0.195411,0.94
9643,0.228991,0.95
9644,0.1902,0.89
9645,0.145509,0.63
9646,0.21346,0.93
9647,0.330976,0.99
9648,0.191734,0.83
9649,0.187649,0.91
9650,0.177102,0.82
9651,0.222932,0.94
9652,0.208403,0.94
9653,0.189935,0.82
9654,0.184613,0.9
9655,0.180892,0.88
9656,0.247755,1
9657,0.181754,0.89
9658,1.09979,0.99
9659,0.180675,0.88
9660,0.172547,0.77
9661,0.177875,0.71
9662,0.16718,0.93
9663,0.164983,0.78
9664,0.202743,0.98
9665,0.183061,0.9
9666,0.153366,0.79
9667,0.235945,1
9668,0.194111,0.91
9669,0.204716,0.93
9670,0.220722,1
9671,0.206253,0.93
9672,0.168205,0.8
9673,0.170338,0.89
9674,0.135245,0.7
9675,0.203973,0.97
9676,0.156269,0.68
9677,0.297122,1
9678,0.163053,0.76
9679,0.167768,0.82
9680,0.135264,0.49
9681,0.178554,0.93
9682,0.227902,0.89
9683,0.161994,0.72
9684,0.161369,0.71
9685,0.175114,0.89
9686,0.233203,0.99
9687,0.169982,0.84
9688,0.232989,0.99
9689,0.240693,0.94
9690,0.269757,1
9691,0.271497,0.94
9692,0.148431,0.55
9693,0.135389,0.66
9694,0.435976,1
9695,0.165198,0.82
9696,0.220601,0.97
9697,0.215194,0.9
9698,0.150436,0.6
9699,0.205742,0.97
9700,0.192801,0.93
9701,0.22214,0.97
9702,0.242626,1
9703,0.263117,0.94
9704,0.192239,0.91
9705,0.244997,0.98
9706,0.164556,0.64
9707,0.2203,0.92
9708,0.177599,0.87
9709,0.246958,0.98
9710,0.21983,0.99
9711,0.128394,0.47
9712,0.190907,0.85
9713,0.191193,0.92
9714,0.149754,0.74
9715,0.20547,0.8
9716,0.1563,0.75
9717,0.125155,0.42
9718,0.173636,0.89
9719,0.238262,1
9720,0.206498,0.99
9721,0.183561,0.74
9722,0.316845,0.98
9723,0.204269,0.93
9724,0.140984,0.61
9725,0.172384,0.73
9726,0.181188,0.84
9727,0.199058,0.97
9728,0.167621,0.93
9729,0.170333,0.91
9730,0.274166,0.99
9731,0.152976,0.78
9732,0.173945,0.89
9733,0.255979,0.99
9734,0.189064,0.98
9735,0.178483,0.93
9736,0.18152,0.9
9737,0.204624,0.92
9738,0.234635,0.99
9739,0.237696,0.92
9740,0.194888,0.91
9741,0.178794,0.86
9742,0.189192,0.95
9743,0.149492,0.68
9744,0.179303,0.86
9745,0.142589,0.51
9746,0.771324,1
9747,0.181676,0.94
9748,0.273125,0.99
9749,0.173365,0.79
9750,0.199939,0.92
9751,0.19469,0.96
9752,0.240104,0.78
9753,0.177012,0.95
9754,0.164166,0.73
9755,0.175685,0.85
9756,0.167799,0.74
9757,0.158997,0.55
9758,0.174777,0.84
9759,0.191821,0.93
9760,0.224622,0.98
9761,0.243095,1
9762,0.184337,0.9
9763,0.198075,0.9
9764,0.215172,0.96
9765,0.255739,0.94
9766,0.251486,1
9767,0.166741,0.79
9768,0.39737,1
9769,0.235269,0.97
9770,0.17048,0.86
9771,0.426149,1
9772,0.177695,0.87
9773,0.199615,0.8
9774,0.159872,0.8
9775,0.146396,0.66
9776,0.140997,0.56
9777,0.613744,0.99
9778,0.198015,0.92
9779,0.144091,0.53
9780,0.229288,0.96
9781,0.178958,0.88
9782,0.233655,0.96
9783,0.188636,0.85
9784,0.136266,0.51
9785,0.166102,0.88
9786,0.162245,0.76
9787,0.18279,0.9
9788,0.175822,0.81
9789,0.169901,0.68
9790,0.126987,0.5
9791,0.176929,0.84
9792,0.231972,0.94
9793,0.2881,0.99
9794,0.158581,0.81
9795,0.174059,0.69
9796,0.146808,0.62
9797,0.201482,0.87
9798,0.213035,0.96
9799,0.161812,0.73
9800,0.178314,0.86
9801,0.192416,0.96
9802,0.18022,0.91
9803,0.244539,1
9804,0.204128,0.96
9805,0.170793,0.65
9806,0.206396,0.97
9807,0.119591,0.28
9808,0.171199,0.88
9809,0.17168,0.74
9810,0.176554,0.81
9811,0.177281,0.86
9812,0.193252,0.93
9813,0.18202,0.94
9814,0.211195,0.96
9815,0.235336,0.97
9816,0.179447,0.91
9817,0.218311,0.82
9818,0.175388,0.92
9819,0.149252,0.71
9820,0.16818,0.85
9821,0.123552,0.75
9822,0.160149,0.76
9823,0.183184,0.94
9824,0.221245,0.96
9825,0.196617,0.93
9826,0.192014,0.95
9827,0.162683,0.72
9828,0.154602,0.7
9829,0.163588,0.8
9830,0.175677,0.78
9831,0.23219,1
9832,0.182628,0.92
9833,0.142136,0.43
9834,0.203304,0.86
9835,0.179211,0.88
9836,0.205574,0.95
9837,0.152594,0.45
9838,0.175889,0.85
9839,0.176053,0.93
9840,0.223649,0.97
9841,0.168677,0.72
9842,0.174753,0.81
9843,0.153937,0.69
9844,0.17202,0.77
9845,0.157031,0.85
9846,0.149303,0.69
9847,0.15035,0.55
9848,0.189663,0.85
9849,0.171823,0.84
9850,0.160083,0.56
9851,0.160458,0.83
9852,0.191978,0.92
9853,0.169193,0.79
9854,0.208769,0.92
9855,0.16526,0.77
9856,0.19431,0.86
9857,0.183229,0.93
9858,0.137801,0.63
9859,0.150766,0.59
9860,0.164145,0.68
9861,0.171028,0.85
9862,0.172551,0.81
9863,0.174565,0.85
9864,0.17312,0.76
9865,0.147543,0.73
9866,0.286744,1
9867,0.2008,0.97
9868,0.189329,0.82
9869,0.18297,0.94
9870,0.219346,0.99
9871,0.233435,0.97
9872,0.205505,0.87
9873,0.152492,0.78
9874,0.137098,0.59
9875,0.174498,0.85
9876,0.166572,0.83
9877,0.253692,0.98
9878,0.415323,1
9879,0.19864,0.88
9880,0.279778,1
9881,0.192162,0.85
9882,0.142933,0.57
9883,0.198485,0.9
9884,0.153737,0.71
9885,0.204504,0.93
9886,0.191316,0.98
9887,0.150126,0.83
9888,0.176018,0.86
9889,0.185747,0.86
9890,0.184918,0.91
9891,0.198969,0.95
9892,0.185636,0.92
9893,0.176269,0.82
9894,0.152059,0.81
9895,0.196164,0.96
9896,0.183406,0.82
9897,0.210386,0.97
9898,0.317626,1
9899,0.164275,0.81
9900,0.198813,0.93
9901,0.232033,0.98
9902,0.0546288,0.91
9903,0.211798,0.98
9904,0.215409,0.91
9905,0.193116,0.88
9906,0.155295,0.72
9907,0.177645,0.85
9908,0.146328,0.66
9909,0.150416,0.84
9910,0.178699,0.98
9911,0.192389,0.85
9912,0.174583,0.85
9913,0.215754,0.96
9914,0.137485,0.49
9915,0.172447,0.89
9916,0.151701,0.76
9917,0.172791,0.88
9918,0.170627,0.71
9919,0.220895,0.98
9920,0.16136,0.87
9921,0.223067,1
9922,0.134789,0.74
9923,0.259417,1
9924,0.205903,0.9
9925,0.218754,0.95
9926,0.187177,0.95
9927,0.15982,0.73
9928,0.241736,0.96
9929,0.180657,0.87
9930,0.178596,0.87
9931,0.144933,0.56
9932,0.177853,0.97
9933,0.162489,0.91
9934,0.198595,0.88
9935,0.187518,0.81
9936,0.177308,0.73
9937,0.244935,0.96
9938,0.262745,0.98
9939,0.211174,1
9940,0.174026,0.81
9941,0.183126,0.94
9942,0.130244,0.53
9943,0.188316,0.87
9944,0.181572,0.88
9945,0.18543,0.91
9946,0.15562,0.58
9947,0.262053,0.96
9948,0.850652,1
9949,0.14856,0.73
9950,0.17304,0.83
9951,0.176559,0.76
9952,0.200578,0.91
9953,0.344144,0.99
9954,0.173068,0.83
9955,0.141445,0.74
9956,0.162432,0.75
9957,0.13988,0.63
9958,0.158358,0.7
9959,0.134214,0.68
9960,0.18622,0.93
9961,0.171372,0.83
9962,0.145046,0.76
9963,0.200596,0.96
9964,0.160479,0.66
9965,0.194988,0.97
9966,0.155906,0.83
9967,0.166044,0.96
9968,0.151946,0.66
9969,0.177147,0.85
9970,0.197257,0.89
9971,0.175074,0.9
9972,0.324243,1
9973,0.146608,0.56
9974,0.15117,0.8
9975,0.155774,0.71
9976,0.197288,0.92
9977,0.202483,0.94
9978,0.204954,0.9
9979,0.143348,0.73
9980,0.237508,0.97
9981,0.16503,0.82
9982,0.233462,0.93
9983,0.182965,0.77
9984,0.16964,0.88
9985,0.226893,0.96
9986,0.164281,0.7
9987,0.217019,0.97
9988,0.191505,0.8
9989,0.205594,0.93
9990,0.153904,0.69
9991,0.217844,0.96
9992,0.298024,0.99
9993,0.195173,0.91
9994,0.178051,0.87
9995,0.182877,0.87
9996,0.242456,0.99
9997,0.21088,0.99
9998,0.190375,0.9
9999,0.23294,0.97
