QueryID,EF,Latency(ns),Recall
0,2584,6904649,0.99
1,3106,7696678,1
2,1539,3301292,1
3,4403,11223038,0.97
4,3444,8656933,0.98
5,3680,9577229,0.93
6,1539,3223763,1
7,4987,13445350,0.9
8,3444,8246339,0.99
9,2584,6568225,0.92
10,1539,2875358,1
11,4403,11450018,0.96
12,1539,3333309,1
13,1539,3508737,0.98
14,1539,2552123,1
15,1539,2754429,1
16,1539,3104924,1
17,1539,3084492,0.99
18,1539,3739387,0.97
19,1539,2481042,1
20,3130,7353402,0.95
21,1539,3673168,0.98
22,2699,6508919,0.97
23,1539,2617866,1
24,4645,11712408,0.93
25,1539,3727298,0.99
26,1539,2785340,1
27,3621,8718710,0.96
28,1539,3690104,0.93
29,4645,11964779,0.91
30,1539,3603686,0.98
31,3150,7801447,0.97
32,1539,3417587,0.99
33,1539,3538144,1
34,3680,8439092,1
35,2141,4709189,0.99
36,1539,3806992,0.96
37,1539,3379518,1
38,1539,3372815,0.99
39,4645,12166083,0.93
40,2584,6653837,0.89
41,4403,11628607,0.92
42,1539,3510205,1
43,1539,3186538,1
44,1539,3488816,1
45,1539,2948601,1
46,4645,12200829,0.93
47,1539,3514359,1
48,3150,7502221,0.98
49,1539,2885782,1
50,1539,3551471,1
51,1539,2616354,1
52,1539,3370695,0.99
53,1539,3607047,0.97
54,1539,2979936,1
55,2141,5529090,0.92
56,1539,3314602,0.99
57,1539,2509523,1
58,2141,5043833,1
59,3680,9043361,0.97
60,1539,3057441,1
61,1539,3246583,1
62,3150,8111379,0.92
63,1539,2934132,1
64,1539,3284166,0.96
65,4645,11366279,0.99
66,1539,2672563,1
67,1539,3242120,1
68,1539,3063077,1
69,3680,9291681,0.95
70,4645,11921696,0.94
71,1539,1857189,1
72,1539,2890613,0.99
73,1539,2973888,1
74,1539,2712054,0.99
75,1539,3317871,1
76,1539,3376985,1
77,3106,6269122,1
78,3150,8003808,0.98
79,3130,7460144,1
80,3621,8621651,0.99
81,1539,2935723,1
82,3680,9240415,0.94
83,1539,2456135,1
84,1539,3555141,0.99
85,1539,2558023,1
86,1539,3207350,1
87,1539,3363228,1
88,1539,2849172,1
89,3469,8276743,1
90,3680,9165536,0.92
91,1539,2921050,1
92,3150,7617908,0.94
93,1539,3667795,1
94,3106,7438881,0.85
95,1539,3621953,0.97
96,3444,8515798,1
97,1539,3081785,1
98,3621,9084600,0.91
99,1539,3152427,1
100,2584,6670490,0.95
101,4645,12045739,0.94
102,2584,6742129,0.93
103,1539,3585416,1
104,3106,7432823,0.94
105,3130,7926112,1
106,3106,7368044,0.99
107,1539,3219878,1
108,1539,3564578,1
109,1539,2981375,0.99
110,3130,7591695,0.98
111,1539,2472203,1
112,1539,3578051,1
113,3150,8701493,0.95
114,3680,9209966,0.95
115,4645,11870551,0.98
116,3680,8861671,0.97
117,1539,3414865,0.89
118,1539,2290797,1
119,1539,3491602,0.93
120,1539,2838855,1
121,1539,3724743,0.99
122,1539,3547439,0.95
123,4645,12516205,0.96
124,1539,3205858,0.99
125,1539,3124326,0.99
126,3469,8560248,0.97
127,4403,11397418,0.9
128,1539,2413260,1
129,1539,3112300,1
130,1539,2345060,1
131,1539,2684707,1
132,1539,3610847,1
133,1539,2076879,1
134,4403,9640598,0.97
135,3469,8494733,0.96
136,1539,3480668,0.95
137,1539,3853903,0.98
138,1539,2757543,1
139,4645,11837033,0.97
140,1539,2994470,1
141,1539,2559273,1
142,1539,3482893,1
143,1539,2242979,1
144,1539,3272512,0.94
145,4645,11856407,0.94
146,1539,3565992,0.98
147,1539,2618739,1
148,1539,3449221,1
149,1539,3312388,1
150,1539,2124365,1
151,1539,2916114,0.99
152,1539,3467978,1
153,2141,5373434,0.97
154,1539,3523111,0.97
155,1539,3380210,1
156,3150,7907102,0.99
157,1539,2975960,1
158,1539,3303257,0.97
159,3469,8017104,1
160,1539,3080409,1
161,1539,3043859,1
162,1539,3702168,0.96
163,4645,11762570,0.96
164,1539,2381692,1
165,1539,3288810,1
166,1539,3159521,1
167,5000,12212649,0.95
168,4645,12157581,0.94
169,1539,3320728,1
170,1539,3714761,0.94
171,1539,2851059,1
172,4987,12872409,0.84
173,2584,6133694,0.86
174,2584,6453485,0.97
175,1539,3134233,0.97
176,2584,6839183,0.87
177,1539,3807238,0.99
178,1539,3754526,0.99
179,1539,2099971,1
180,1539,3478752,0.96
181,1539,3661777,0.97
182,1539,2357896,1
183,3680,9260578,0.96
184,1539,3132547,1
185,1539,3439069,1
186,3150,7637718,0.95
187,1539,3059019,1
188,1539,3684770,1
189,4645,12023501,0.97
190,2584,6504555,0.91
191,3130,7450626,0.92
192,1539,3200385,1
193,4645,11411466,0.99
194,1539,3176417,0.97
195,1539,3304029,1
196,1539,2936223,1
197,1539,2779655,1
198,4403,11246783,0.93
199,1539,2916625,1
200,3106,7622009,0.93
201,3106,7794194,0.98
202,1539,3313812,1
203,4987,12615012,0.94
204,1539,3271422,1
205,1539,2144738,1
206,1539,3610416,0.98
207,1539,2910571,1
208,3621,8760078,0.96
209,1539,3555669,0.96
210,3469,8178251,0.99
211,1539,3525325,0.97
212,1539,3463099,1
213,1539,2652601,1
214,3469,8460770,0.92
215,1539,3462660,0.98
216,3444,8333565,0.95
217,2141,5028271,0.99
218,1539,2523552,1
219,3621,8556132,0.99
220,1539,3264024,1
221,4987,11573108,1
222,4403,11185525,0.93
223,1539,3482492,1
224,2584,6578993,0.91
225,4645,11845072,0.92
226,1539,2962125,1
227,1539,3166833,0.99
228,3106,7693209,0.91
229,1539,3003741,1
230,1539,3476133,1
231,3469,7832148,0.93
232,2584,6446253,0.97
233,1539,3486869,0.98
234,1539,3666887,0.99
235,3469,8563463,0.99
236,4403,11189556,0.99
237,1539,3312468,1
238,4987,12446167,0.97
239,4987,12876878,0.97
240,4645,10946341,1
241,4645,12107116,0.86
242,1539,3386191,1
243,1539,2539316,1
244,1539,3330628,0.99
245,1539,2521637,1
246,1539,2603093,1
247,1539,3614329,0.92
248,1539,2684066,1
249,1539,3578899,0.98
250,1539,3632862,0.99
251,1539,3042443,1
252,1539,2613699,1
253,4987,12943010,0.97
254,2141,4830416,1
255,1539,3597168,0.99
256,1539,3105845,0.99
257,1539,3467289,0.99
258,1539,3202470,1
259,1539,3393084,1
260,4645,11616186,0.97
261,2584,6377452,0.91
262,3444,7420498,1
263,1539,2649627,1
264,1539,3422342,0.98
265,1539,3006706,1
266,1539,3529525,0.96
267,1539,3056003,0.97
268,1539,3251901,1
269,2584,6539985,0.96
270,3444,7964655,0.99
271,1539,3534855,0.98
272,1539,3085612,1
273,3444,8155705,1
274,3150,7699345,0.89
275,1539,3493685,0.92
276,2141,5131944,0.99
277,1539,3632499,0.95
278,1539,2636276,1
279,1539,3219895,1
280,1539,2686670,1
281,1539,2854977,1
282,1539,3506279,0.99
283,1539,3537132,0.96
284,1539,2999150,1
285,1539,3139841,1
286,4403,11048313,0.98
287,1539,3936900,0.96
288,1539,3350084,1
289,1539,2924577,1
290,1539,2453880,1
291,1539,3675982,0.99
292,3621,8712383,0.95
293,3621,8406207,0.94
294,3150,8450003,0.91
295,1539,3077632,1
296,1539,2536015,1
297,4403,11758519,0.9
298,4987,12755017,0.84
299,1539,3346430,1
300,1539,2708760,1
301,4645,11803802,0.95
302,1539,2360542,1
303,1539,3258430,1
304,3150,7822662,1
305,1539,2597153,1
306,1539,2999260,1
307,1539,3452882,0.99
308,2699,6806185,0.96
309,1539,2623999,1
310,1539,3674507,0.97
311,1539,3117707,1
312,4987,12056384,0.99
313,1539,3069225,1
314,3106,6953783,0.99
315,1539,3553142,1
316,1539,2917326,1
317,1539,3236513,1
318,1539,3730604,0.93
319,4645,11371374,0.96
320,1539,2845782,1
321,1539,2779050,1
322,3680,8881301,0.98
323,1539,3634044,0.98
324,1539,3521498,1
325,4403,10620880,0.95
326,3444,8490641,0.99
327,1539,3207444,1
328,1539,3228355,1
329,1539,2808264,1
330,1539,3061837,1
331,2584,6545067,0.97
332,1539,2602123,1
333,3444,8325601,0.94
334,1539,3074778,1
335,4403,11175504,0.93
336,1539,3280115,1
337,4645,12047049,0.93
338,1539,3629131,0.98
339,1539,3623413,1
340,1539,3479147,1
341,4645,12006261,0.93
342,1539,3610653,0.94
343,2699,6734996,0.94
344,1539,3598310,1
345,3680,8705164,0.96
346,2584,6729747,0.94
347,1539,3210183,1
348,1539,3568327,1
349,1539,3141960,1
350,1539,3095942,1
351,1539,3128732,0.92
352,3469,7862606,0.99
353,1539,3621095,0.97
354,1539,3511030,1
355,4645,12361135,0.92
356,1539,2428049,1
357,1539,3490441,0.99
358,1539,3747758,0.93
359,1539,3357763,1
360,1539,3623452,0.99
361,2141,5002616,0.99
362,1539,3334441,1
363,2141,5186817,0.99
364,1539,3243982,1
365,1539,3016250,1
366,2584,6975760,0.9
367,1539,2020802,1
368,4645,11817711,0.94
369,1539,3661777,1
370,1539,2793544,1
371,1539,3222898,1
372,1539,2542880,1
373,2699,6504431,0.91
374,1539,2082705,1
375,1539,2470485,1
376,3106,8092499,0.85
377,4645,11505017,0.93
378,1539,3680098,0.85
379,2584,6564425,0.93
380,1539,3340801,1
381,4987,12043030,0.98
382,1539,3818460,0.88
383,2699,5991195,0.99
384,3469,8524796,1
385,1539,2501392,1
386,3444,7722208,0.99
387,1539,3057595,1
388,3680,9019224,0.92
389,1539,3722631,0.88
390,1539,3621171,0.99
391,1539,3212894,1
392,4987,13072810,0.94
393,1539,2530746,1
394,1539,2481804,1
395,1539,2738617,1
396,3150,7310297,0.99
397,1539,3373361,1
398,1539,2524726,1
399,1539,2572452,1
400,1539,3517292,1
401,1539,2398425,1
402,1539,2887941,1
403,2699,6179058,0.99
404,3444,8281232,0.94
405,1539,2939831,1
406,1539,2906926,0.98
407,1539,2847261,1
408,3621,8850841,0.95
409,2584,6604093,0.91
410,1539,2864405,1
411,1539,3312303,1
412,4987,12746728,0.96
413,1539,3588900,0.95
414,1539,3638237,0.98
415,4403,10923983,0.92
416,1539,3757836,0.97
417,1539,3244629,1
418,1539,3183631,1
419,4645,11525194,0.98
420,1539,3400916,0.93
421,1539,3670314,0.99
422,1539,3074917,1
423,1539,2731535,1
424,2584,6646398,0.92
425,1539,3736990,0.97
426,1539,2621996,1
427,4987,12863253,0.93
428,1539,3149788,1
429,3621,8505210,0.97
430,1539,3631250,0.97
431,1539,3523054,1
432,1539,3644921,0.97
433,1539,3472309,1
434,3680,9539568,0.93
435,1539,3660588,1
436,1539,3368130,0.99
437,1539,3376393,1
438,1539,2989663,1
439,3106,7691559,0.94
440,1539,3211297,0.99
441,1539,3629807,0.98
442,1539,3913800,0.93
443,1539,3815385,0.94
444,1539,3115991,1
445,1539,3515141,1
446,3621,8851012,0.97
447,4987,12018640,0.95
448,3621,8739251,1
449,4645,12146597,0.95
450,3150,8096455,0.91
451,4403,11609275,0.94
452,1539,3285547,1
453,1539,3441361,0.97
454,3469,8514293,0.95
455,1539,3090967,0.99
456,3621,8667974,0.99
457,3150,6414423,1
458,1539,3686769,0.98
459,1539,3525534,0.96
460,5000,10970428,1
461,3106,8073378,0.94
462,3150,8149457,0.89
463,2584,6586700,0.85
464,1539,3344648,0.99
465,1539,2900325,1
466,4645,11897270,0.96
467,1539,3161860,1
468,1539,3509396,0.99
469,1539,2093227,1
470,4645,11927058,0.94
471,2584,6026213,0.98
472,3150,7851897,0.94
473,3469,8115581,1
474,1539,3365545,0.97
475,3106,7494841,0.93
476,2584,6543419,0.97
477,1539,2162995,1
478,3150,7859531,0.98
479,4403,11118812,0.99
480,3150,8049147,0.96
481,1539,2930445,1
482,4645,11866997,0.9
483,3680,8802697,0.99
484,1539,2744876,1
485,3680,9120776,0.96
486,1539,2882511,1
487,1539,2788674,1
488,4645,11810915,0.97
489,1539,3006087,1
490,1539,3187162,1
491,1539,3721382,0.99
492,4987,12558035,1
493,1539,3404418,1
494,1539,3747794,0.99
495,3106,7879621,0.96
496,1539,3508510,1
497,1539,3256227,1
498,3444,8266989,0.91
499,2699,6623463,0.89
500,1539,2743771,1
501,1539,2732106,1
502,1539,3496474,0.96
503,3130,7756407,0.97
504,1539,3610702,1
505,1539,3539860,0.91
506,3130,7870357,1
507,3680,8935968,0.98
508,4645,10478234,0.98
509,4645,11745347,0.91
510,3106,7765257,0.99
511,3150,7752395,0.99
512,1539,3634272,1
513,1539,3133939,1
514,1539,2959577,1
515,1539,2847448,1
516,2699,6229794,0.99
517,1539,3192225,1
518,4645,11654239,0.97
519,1539,3343859,1
520,4403,10941022,0.93
521,1539,3468232,1
522,1539,3390271,1
523,1539,3714700,0.96
524,1539,3070087,1
525,1539,3449887,1
526,1539,3362898,1
527,1539,2670872,0.98
528,1539,2029323,1
529,1539,3280553,1
530,1539,3445572,1
531,1539,3087652,1
532,3621,8830276,0.95
533,4645,12473815,0.95
534,1539,3275968,1
535,1539,3365283,1
536,1539,2403658,1
537,1539,3622709,0.98
538,1539,3021886,1
539,1539,3517191,1
540,1539,2141583,1
541,3680,8439375,0.97
542,2584,6628769,0.91
543,1539,3744074,0.91
544,1539,3698637,0.98
545,3106,7528772,0.99
546,3621,8639166,1
547,1539,3334852,1
548,1539,2642409,1
549,1539,3456885,0.95
550,4645,11895141,0.95
551,1539,2641413,1
552,3621,8717233,0.95
553,4403,12087568,0.93
554,1539,2540251,1
555,1539,3052579,1
556,1539,3268352,0.98
557,3130,7542795,1
558,1539,2643053,1
559,1539,3666640,0.92
560,1539,3590835,1
561,3469,7077221,1
562,1539,2954188,1
563,1539,3525877,0.97
564,1539,3513573,1
565,1539,3378341,1
566,3130,7466260,0.96
567,1539,2685413,1
568,1539,3381534,0.99
569,1539,3191726,1
570,1539,3376339,0.98
571,1539,2104876,1
572,1539,2888532,1
573,1539,3055420,1
574,1539,3008999,1
575,4403,11180878,0.95
576,1539,3458159,0.97
577,1539,2536772,1
578,4403,10750453,0.92
579,1539,3196962,0.97
580,1539,2901036,1
581,4987,12826170,0.93
582,1539,3814516,1
583,1539,2608025,1
584,1539,3312171,1
585,1539,2787971,1
586,1539,3340692,0.98
587,1539,2984107,1
588,1539,2834975,1
589,1539,3541369,0.99
590,2584,6652985,0.89
591,4645,11452392,0.99
592,1539,3709967,0.97
593,1539,3618958,0.97
594,4645,12370105,0.92
595,1539,2863449,1
596,3621,8928385,0.94
597,1539,3822350,0.94
598,1539,3010737,1
599,1539,2625174,1
600,4987,12228411,0.99
601,4645,12303294,0.95
602,1539,3251144,1
603,3106,6494565,0.99
604,1539,3174971,1
605,4987,13070229,0.95
606,2584,6206539,0.99
607,5000,8702112,1
608,3106,7635761,0.97
609,1539,3230345,0.9
610,1539,2994363,1
611,1539,3661257,0.96
612,3469,8329728,0.97
613,1539,3135213,1
614,1539,3405537,1
615,1539,3566839,0.97
616,1539,3762065,0.94
617,1539,3148616,1
618,3680,9273405,0.99
619,2699,6649545,1
620,3150,7471011,0.97
621,1539,3599237,0.98
622,1539,2813753,1
623,1539,2843197,1
624,2141,5333053,0.9
625,1539,2158300,1
626,3621,8889862,0.97
627,1539,2665068,1
628,1539,3512582,0.99
629,3621,8674160,1
630,3106,7250066,0.98
631,3680,9436579,0.96
632,3469,8439233,0.91
633,1539,3078955,1
634,2141,5185151,1
635,1539,3448319,1
636,1539,3480237,1
637,1539,3546309,0.99
638,3150,7932615,0.94
639,2584,6717603,0.91
640,4403,11345015,0.94
641,1539,2463330,1
642,1539,2678458,1
643,1539,3378117,0.99
644,3150,7922003,0.94
645,1539,3114993,1
646,3150,7695383,1
647,1539,3355822,1
648,3621,8082754,1
649,1539,2084894,1
650,3680,8928987,0.94
651,4403,10926451,0.95
652,1539,2935051,1
653,1539,3654558,0.99
654,1539,2515788,1
655,1539,2389517,1
656,4403,11653270,0.87
657,1539,2380930,1
658,1539,2672783,1
659,2141,5234459,0.99
660,1539,3401306,0.96
661,1539,3516506,0.98
662,1539,3559289,0.97
663,4403,11549462,0.88
664,1539,3740050,0.97
665,1539,3023894,1
666,1539,3613055,0.92
667,2584,6642167,0.89
668,3444,8613272,0.98
669,1539,3744130,1
670,4987,12447164,0.98
671,1539,3669365,0.96
672,1539,2946835,1
673,1539,3382213,1
674,2699,6413193,1
675,4645,12145223,0.93
676,3106,7744992,0.91
677,4403,11496144,0.97
678,1539,3227262,1
679,1539,3412988,1
680,4987,12714855,0.94
681,1539,3712112,0.97
682,2141,5029538,1
683,4403,11396885,0.9
684,3106,7715690,0.91
685,3130,7425570,1
686,1539,3433491,0.99
687,1539,2360889,1
688,1539,2455326,1
689,1539,2814514,0.99
690,1539,3024129,1
691,1539,3656956,0.98
692,4645,10903026,0.97
693,1539,2786121,1
694,1539,3444825,0.99
695,1539,2928746,1
696,4403,10489732,0.96
697,1539,3192836,1
698,1539,3117961,1
699,1539,2346209,1
700,1539,3479525,0.98
701,1539,3350536,0.98
702,3621,8579664,0.97
703,1539,2974240,1
704,1539,2566623,1
705,3150,8168754,0.84
706,3621,9284776,0.99
707,1539,2370237,1
708,1539,3631017,0.98
709,1539,3725428,0.99
710,1539,3418963,1
711,4645,11589922,0.98
712,1539,3081580,1
713,1539,2757554,1
714,1539,2987095,1
715,1539,3548701,0.99
716,1539,3647400,0.99
717,1539,3755629,1
718,2699,6137968,0.98
719,2584,6103008,0.99
720,1539,3276121,1
721,4645,11996427,0.85
722,2584,6381336,1
723,2584,6770396,0.93
724,2141,4968644,0.98
725,1539,3452245,0.98
726,1539,2510877,1
727,1539,3177168,1
728,1539,3415254,1
729,1539,2911692,1
730,3130,7686986,0.96
731,1539,3596277,0.98
732,1539,2818460,1
733,3106,7544997,0.99
734,1539,2302509,1
735,1539,3646753,0.99
736,2699,6432142,1
737,1539,3006029,1
738,1539,2968778,1
739,1539,3209246,1
740,4645,10578663,0.99
741,3621,8862751,0.99
742,1539,2149297,1
743,3150,8243996,0.95
744,3130,7919913,0.96
745,1539,3480376,1
746,1539,2376095,1
747,1539,3148678,1
748,1539,3730876,0.96
749,1539,2661837,1
750,1539,3205528,1
751,1539,3465226,0.97
752,1539,2721080,1
753,3621,8974801,1
754,2584,6165158,0.97
755,1539,3677167,0.96
756,4645,12468642,0.95
757,3106,7773403,0.93
758,1539,3791252,0.89
759,1539,2758618,1
760,1539,2700441,1
761,3130,7761634,0.96
762,1539,3524208,1
763,1539,3001917,1
764,3444,8603002,0.99
765,3150,8044520,0.97
766,3130,8119434,0.96
767,1539,3428113,0.99
768,1539,2864912,1
769,3150,7523849,1
770,1539,2615458,1
771,1539,3270173,1
772,2141,4824718,0.92
773,2584,6417365,0.97
774,3680,9229412,0.88
775,1539,3609173,0.92
776,1539,3411501,0.97
777,4645,11824502,0.93
778,1539,3192614,1
779,3150,8217227,0.9
780,3444,7813335,1
781,1539,3281649,1
782,3469,8107793,0.98
783,2584,6742690,0.86
784,4987,13050555,0.95
785,2699,6441446,0.9
786,3150,7661696,0.97
787,1539,2574811,1
788,1539,2968434,1
789,1539,3887766,0.99
790,2584,6377562,0.97
791,1539,2424832,1
792,1539,2853675,1
793,1539,2485749,1
794,1539,3249580,1
795,3469,8039243,0.97
796,1539,2754439,1
797,2141,4958228,0.95
798,1539,2913780,1
799,1539,3598882,1
800,3150,8260326,0.97
801,1539,2585667,1
802,1539,2981601,1
803,1539,3418952,0.87
804,2699,6410289,0.99
805,1539,3347006,0.99
806,1539,3177006,1
807,3150,7649499,0.98
808,3130,7882199,0.98
809,4645,12333584,0.96
810,4987,12367645,0.97
811,3680,9219681,0.92
812,4403,10723376,0.98
813,1539,3667754,0.92
814,1539,3535265,0.99
815,3150,8066254,0.92
816,1539,3259483,0.99
817,2584,6218814,0.94
818,4645,11817885,0.87
819,2699,6506575,0.96
820,1539,3324274,1
821,1539,2911484,1
822,1539,3500319,0.99
823,1539,3501353,1
824,3621,8925161,0.97
825,2584,6343527,0.96
826,1539,2426924,1
827,1539,3222966,1
828,4403,10753786,0.94
829,1539,2377235,1
830,1539,3406266,1
831,3680,8991017,0.91
832,4645,11835785,0.98
833,3680,8668962,0.96
834,1539,3330391,0.99
835,3130,7680012,0.98
836,1539,3028393,1
837,1539,3086647,1
838,1539,2136776,1
839,4403,11348651,0.98
840,1539,3473584,1
841,1539,2395062,1
842,3444,8055379,1
843,1539,2852535,1
844,1539,2674639,1
845,1539,3571008,0.99
846,1539,3380798,1
847,1539,3378913,0.98
848,1539,2921559,1
849,2584,6531127,0.88
850,1539,3570083,0.9
851,3444,8619385,0.84
852,1539,2194713,1
853,1539,3822811,0.9
854,2141,5214230,0.99
855,1539,3310451,1
856,1539,3856876,1
857,4403,10708848,1
858,1539,3926171,0.95
859,1539,3465054,0.97
860,4403,11219257,0.95
861,1539,3034049,1
862,3130,7644444,0.99
863,1539,3590041,0.93
864,1539,2738561,1
865,4645,12149330,0.99
866,1539,3390108,1
867,1539,3805911,0.98
868,1539,3320464,0.99
869,4645,12207825,0.92
870,3680,9653416,0.94
871,1539,3473507,0.99
872,1539,2480219,1
873,1539,3216395,1
874,1539,3321934,1
875,1539,3326392,1
876,1539,3147255,1
877,4403,11258960,0.94
878,3130,7833933,0.96
879,3680,9053800,0.98
880,3621,8970343,0.97
881,4645,11682032,0.97
882,1539,3406485,0.99
883,1539,3270674,1
884,1539,3712486,0.98
885,2141,5137436,0.95
886,2584,6323846,0.85
887,1539,3489247,1
888,1539,2033058,1
889,1539,3614519,0.98
890,1539,2524816,1
891,1539,2468058,1
892,3130,7996034,0.94
893,1539,3234160,1
894,1539,2985950,1
895,1539,3237916,0.99
896,1539,3115412,1
897,4403,11463304,0.89
898,1539,2840465,1
899,1539,3076233,1
900,1539,3661358,0.96
901,4645,11793147,0.94
902,1539,2804260,1
903,2584,6311937,0.97
904,1539,2429776,1
905,2141,5149351,0.98
906,1539,2364774,0.99
907,1539,2514330,1
908,1539,3149937,0.99
909,1539,2990731,1
910,1539,3629395,0.96
911,1539,2811664,1
912,1539,2060213,1
913,1539,3218188,1
914,1539,3872924,0.93
915,4645,11989868,0.91
916,4645,11688120,0.94
917,1539,2269252,1
918,1539,2259797,1
919,1539,3351375,1
920,3680,9496472,0.97
921,1539,2655989,1
922,2141,5120087,0.91
923,3621,8890284,0.96
924,1539,3531866,0.95
925,1539,2779347,1
926,1539,2862564,1
927,1539,2984613,1
928,1539,2977022,1
929,4403,10643424,1
930,1539,2430439,1
931,4987,12841425,0.96
932,1539,2943822,1
933,1539,3413887,1
934,1539,3189611,1
935,1539,3309546,1
936,1539,3731539,0.95
937,1539,3854011,0.94
938,4645,12426446,0.97
939,1539,3336476,1
940,1539,2653197,1
941,1539,3463918,1
942,1539,3692548,0.98
943,1539,3580780,1
944,3444,8917100,0.94
945,4645,11415484,0.98
946,1539,2955086,1
947,1539,3199345,1
948,1539,3508352,0.97
949,3680,9564608,0.94
950,1539,3135984,1
951,4645,11957192,0.98
952,2141,5301385,0.96
953,4645,12503524,0.94
954,1539,2893365,1
955,1539,3550945,0.94
956,3680,9816459,0.89
957,1539,3211317,1
958,1539,3740645,1
959,4403,11290034,0.98
960,1539,2526246,1
961,1539,3638989,1
962,1539,3640883,0.98
963,1539,3931074,0.94
964,1539,3439430,1
965,3106,7380968,1
966,4403,11312029,0.99
967,4403,11132100,0.91
968,4403,11221399,0.89
969,1539,3551950,0.98
970,4403,11161550,0.84
971,1539,3869227,0.96
972,1539,2749709,1
973,1539,3663753,0.95
974,1539,3271516,1
975,3444,8534963,0.95
976,4403,10528142,0.98
977,2141,5197438,0.96
978,3621,8777578,0.94
979,3469,8196851,1
980,1539,3111361,1
981,1539,3197414,1
982,2584,6525069,0.99
983,1539,3129729,1
984,3469,8578554,0.94
985,1539,3452201,0.91
986,1539,3618915,0.93
987,4987,13109504,0.92
988,3680,9660244,0.87
989,1539,3221011,0.99
990,4403,10808729,0.9
991,1539,3727645,0.93
992,1539,2944956,1
993,1539,3005440,1
994,2584,6749587,0.86
995,4645,12040923,0.91
996,4403,10462779,0.96
997,1539,2849909,1
998,1539,2444588,1
999,1539,3562396,0.98
1000,2584,6599702,0.89
1001,1539,3233565,1
1002,1539,2938350,1
1003,4645,11638018,0.9
1004,1539,3397839,1
1005,2141,4746181,0.98
1006,4645,11849403,0.9
1007,3469,8530183,0.96
1008,1539,3430457,1
1009,4645,10622627,1
1010,1539,2711526,1
1011,1539,2498429,1
1012,1539,3631175,1
1013,1539,3429493,1
1014,2584,6160344,1
1015,1539,3442012,1
1016,4645,11752978,0.9
1017,3150,8135345,0.97
1018,2584,6440913,0.91
1019,1539,3809601,0.95
1020,1539,3152483,1
1021,1539,3486944,0.97
1022,1539,3008020,0.99
1023,4645,12061788,0.95
1024,1539,2388376,1
1025,1539,3493738,1
1026,2584,6350950,0.96
1027,1539,2484727,1
1028,4403,10748179,0.99
1029,4645,11521277,0.98
1030,1539,3031287,1
1031,4403,11212680,0.98
1032,3106,7756547,0.94
1033,1539,3637112,1
1034,3680,9327444,0.94
1035,1539,3852709,0.91
1036,1539,2818500,1
1037,1539,2543898,1
1038,1539,3574224,0.98
1039,3621,8243471,0.99
1040,1539,2786459,1
1041,1539,3619954,0.99
1042,3680,9250126,0.94
1043,1539,2643429,1
1044,3150,7735471,0.97
1045,3469,8296057,1
1046,1539,3017480,1
1047,4645,11296687,0.99
1048,1539,3760054,0.98
1049,1539,3066045,1
1050,2584,6151401,0.97
1051,4987,12522072,0.95
1052,1539,3020356,1
1053,1539,3286471,1
1054,1539,3574246,1
1055,3444,8510978,0.97
1056,3469,7679121,1
1057,3680,9305457,0.96
1058,2584,6303208,0.92
1059,2584,6755914,0.94
1060,3621,8236231,0.98
1061,1539,2328714,1
1062,4645,12378892,0.96
1063,1539,3739168,0.93
1064,3469,8145787,0.97
1065,1539,2590127,1
1066,1539,3198291,1
1067,1539,2665493,1
1068,1539,3514247,1
1069,1539,3621693,0.99
1070,1539,2269511,1
1071,1539,3624077,0.93
1072,1539,3176525,1
1073,1539,3449514,1
1074,3106,8011052,0.93
1075,3680,9544949,0.87
1076,1539,2581141,1
1077,1539,3106957,1
1078,4403,11226469,0.95
1079,1539,2776108,1
1080,4645,11942526,0.97
1081,1539,2224810,1
1082,3150,8235500,0.85
1083,1539,3541770,1
1084,1539,3368969,0.98
1085,2699,7081967,0.92
1086,1539,3258741,1
1087,1539,3413723,1
1088,1539,3441350,0.99
1089,2584,6667381,0.95
1090,1539,3075314,1
1091,1539,3497178,0.98
1092,1539,2104129,1
1093,1539,3632946,0.98
1094,1539,3139855,1
1095,1539,3157911,1
1096,4645,11954382,0.94
1097,3444,7949472,0.99
1098,1539,3389243,0.99
1099,1539,2827847,1
1100,1539,3540922,0.99
1101,1539,3408735,0.99
1102,1539,3620242,1
1103,1539,3328836,1
1104,1539,3223784,0.99
1105,4403,11310732,0.98
1106,1539,3563215,0.92
1107,1539,2966672,1
1108,1539,3125292,1
1109,1539,3396455,0.97
1110,1539,3107868,1
1111,1539,2389095,1
1112,1539,2166262,1
1113,1539,3618104,0.98
1114,1539,3380528,1
1115,1539,2928696,1
1116,1539,3533101,0.99
1117,1539,3708203,0.99
1118,1539,2930591,1
1119,1539,3317375,1
1120,1539,3069011,1
1121,4403,11503439,0.84
1122,1539,3175200,1
1123,2141,5037099,0.97
1124,3621,8270383,0.97
1125,1539,2437097,1
1126,1539,2030302,1
1127,3150,7832715,1
1128,1539,3565877,0.98
1129,3680,8732811,0.94
1130,4403,11363548,0.89
1131,2141,5072223,0.95
1132,1539,3070763,1
1133,1539,3380371,1
1134,3444,8373768,0.97
1135,3130,7898965,0.94
1136,1539,2817468,1
1137,1539,3602179,0.96
1138,2141,5162384,0.99
1139,1539,2801244,1
1140,1539,3711197,0.99
1141,1539,3016182,1
1142,1539,2797771,1
1143,1539,2170973,1
1144,3106,8043475,0.92
1145,1539,3385272,1
1146,5000,13159656,0.79
1147,2584,6984032,0.95
1148,1539,2900340,0.99
1149,4403,11319696,0.93
1150,1539,2588229,1
1151,3444,8478489,0.94
1152,3621,8953896,0.97
1153,1539,3236675,1
1154,1539,2757872,1
1155,4987,12153424,0.98
1156,1539,3835694,1
1157,1539,3379339,1
1158,1539,2155286,1
1159,1539,3557038,0.97
1160,1539,2791189,1
1161,1539,3337013,1
1162,1539,3488636,1
1163,4987,12695617,0.95
1164,1539,2885357,1
1165,4645,11980342,0.91
1166,4645,11399887,0.93
1167,1539,3439774,1
1168,1539,3169504,1
1169,2141,5034648,0.9
1170,1539,3266492,1
1171,2699,6673106,0.95
1172,3621,8826197,0.97
1173,1539,2630751,1
1174,3150,8092997,0.94
1175,1539,3520269,0.98
1176,1539,3236451,0.98
1177,1539,3462299,0.98
1178,1539,3265303,1
1179,4645,11951823,0.96
1180,1539,2967685,1
1181,1539,3543066,1
1182,4645,11465411,0.98
1183,4645,12115382,0.87
1184,1539,3294471,0.97
1185,1539,3360206,0.99
1186,4645,11640203,0.94
1187,1539,3627747,0.97
1188,4645,12035762,0.95
1189,1539,3307430,0.99
1190,1539,3109194,1
1191,2141,4496109,1
1192,1539,3315429,1
1193,1539,3389767,0.95
1194,1539,2940419,0.99
1195,1539,3532219,0.92
1196,1539,2153150,1
1197,3444,7868347,0.98
1198,3680,9277999,0.96
1199,1539,3192292,1
1200,1539,3448824,0.99
1201,2584,5981325,0.99
1202,4403,11354580,0.91
1203,1539,2733144,1
1204,1539,3075128,1
1205,1539,3378945,1
1206,4987,11917081,0.99
1207,4645,11737906,0.92
1208,2699,6461860,0.97
1209,1539,3702187,0.99
1210,1539,3497763,0.96
1211,2699,6421264,0.99
1212,2141,5318306,0.97
1213,1539,3572059,0.94
1214,1539,3587801,0.97
1215,4403,10898910,0.94
1216,1539,3128488,1
1217,1539,3281686,1
1218,4645,10914765,1
1219,1539,3781451,0.94
1220,3621,8445120,0.94
1221,1539,3075829,1
1222,1539,3314602,1
1223,1539,3496937,0.99
1224,4645,11478354,0.99
1225,1539,2564004,1
1226,1539,3362602,1
1227,1539,3198765,1
1228,1539,3455435,0.99
1229,1539,2813521,1
1230,1539,2120219,1
1231,2699,6115962,0.99
1232,3444,8555264,0.89
1233,1539,3193196,1
1234,1539,2350691,1
1235,4645,11725848,0.98
1236,2699,6217469,0.99
1237,1539,3217408,1
1238,1539,3511489,1
1239,3680,8994820,0.97
1240,4645,10391851,0.99
1241,3680,9334040,0.92
1242,1539,3527758,0.94
1243,5000,13117930,0.94
1244,3444,7685590,1
1245,1539,3611730,0.99
1246,3150,7596765,0.98
1247,2699,6469178,0.89
1248,1539,3057413,1
1249,1539,3350662,1
1250,3469,7845505,0.99
1251,1539,3268347,1
1252,4645,11732991,0.91
1253,1539,2199130,1
1254,4403,11559937,0.89
1255,1539,2092730,1
1256,1539,3071478,1
1257,4645,11748714,0.98
1258,1539,2594166,1
1259,1539,3765166,0.97
1260,3469,8781535,0.97
1261,1539,3528302,1
1262,1539,3641951,0.94
1263,1539,3347520,1
1264,1539,3914765,0.99
1265,3444,8254034,1
1266,4645,12251893,0.92
1267,3106,7716024,0.98
1268,1539,3470167,0.97
1269,4645,12014959,0.94
1270,3469,8628787,0.97
1271,3680,9531887,0.97
1272,2699,6803902,0.95
1273,1539,2639746,1
1274,3469,7957551,0.98
1275,2584,6476671,0.92
1276,2699,5913849,0.99
1277,2141,4923794,0.99
1278,4645,12084373,0.88
1279,1539,3495900,1
1280,1539,3533369,0.99
1281,4645,11029947,0.86
1282,3621,7904919,1
1283,1539,3785503,1
1284,3106,7741028,0.99
1285,4403,11160418,0.95
1286,1539,2676380,1
1287,3469,8692450,1
1288,1539,3279790,0.99
1289,1539,2909975,1
1290,4987,12748987,0.94
1291,1539,3639694,0.98
1292,3621,8509184,0.94
1293,4403,11369608,0.92
1294,1539,3157999,1
1295,3469,8383704,0.94
1296,1539,3165690,1
1297,3469,7835008,1
1298,3680,9176312,0.95
1299,1539,3253808,0.96
1300,3106,7187666,1
1301,1539,2632801,1
1302,3150,8109766,0.96
1303,1539,3462457,0.98
1304,1539,3634007,0.98
1305,1539,3178276,1
1306,4645,11579327,0.98
1307,3106,7637001,0.99
1308,3150,7986938,0.9
1309,1539,2717459,1
1310,3130,7622329,1
1311,1539,2557042,1
1312,4987,13123874,0.91
1313,1539,2821342,1
1314,1539,2351064,1
1315,1539,3550736,0.99
1316,4645,10907523,1
1317,1539,3354791,1
1318,1539,3558013,0.98
1319,5000,12374465,0.95
1320,4645,11529787,0.92
1321,1539,3514473,1
1322,1539,3466264,1
1323,1539,3285863,0.99
1324,4987,12396564,0.93
1325,1539,3557684,0.98
1326,1539,3665439,1
1327,1539,3586174,0.99
1328,1539,3152363,1
1329,1539,3753609,0.98
1330,4403,10993833,0.98
1331,1539,2922573,1
1332,1539,3737200,0.87
1333,4403,11534337,0.95
1334,1539,2227952,1
1335,1539,2671135,1
1336,1539,3457501,0.98
1337,3150,7674732,0.97
1338,1539,3101854,1
1339,1539,3059075,1
1340,1539,3958757,0.95
1341,1539,3173881,1
1342,1539,3221178,1
1343,2699,6195066,0.98
1344,3469,7786245,1
1345,1539,2594495,1
1346,1539,3478400,1
1347,3680,9049149,0.98
1348,1539,2897192,1
1349,1539,3419867,1
1350,3680,9473702,0.94
1351,1539,2612357,1
1352,1539,3082894,1
1353,3106,7852780,0.88
1354,1539,2744718,0.99
1355,4403,11151321,0.99
1356,3621,9011122,0.92
1357,1539,3361242,0.96
1358,1539,2853829,1
1359,1539,3389653,0.98
1360,1539,3630936,1
1361,1539,3145512,1
1362,1539,3495774,0.97
1363,3680,8893957,0.93
1364,1539,3331343,1
1365,4645,12385221,0.9
1366,3680,9079890,0.98
1367,1539,3085728,0.99
1368,4987,13218630,0.86
1369,1539,3356830,1
1370,4645,11955780,0.91
1371,1539,3491948,0.98
1372,3106,7695028,0.95
1373,1539,2921004,1
1374,4403,11187280,0.94
1375,1539,3733652,0.99
1376,1539,3279955,0.98
1377,1539,3597604,0.98
1378,1539,3504369,0.92
1379,1539,2934245,1
1380,1539,3328925,0.99
1381,4403,11039536,0.91
1382,1539,3517247,0.99
1383,2699,6720769,0.98
1384,1539,2138487,1
1385,1539,3344765,1
1386,1539,3656384,1
1387,1539,3348846,0.99
1388,1539,3072701,0.98
1389,1539,3196441,1
1390,4987,12268020,0.98
1391,1539,3430047,1
1392,2584,6489735,0.97
1393,1539,2934310,1
1394,3680,9083935,0.9
1395,1539,2463326,1
1396,1539,3431781,1
1397,1539,2681905,1
1398,2141,5010365,0.98
1399,1539,3198576,1
1400,1539,3092298,0.99
1401,3621,8585900,0.96
1402,1539,3795253,0.97
1403,1539,3205109,1
1404,4645,12124066,0.88
1405,3469,8620448,0.97
1406,1539,3342493,0.99
1407,1539,3251194,0.99
1408,1539,2195748,1
1409,1539,3184471,1
1410,3150,7843044,0.96
1411,1539,3690114,0.98
1412,1539,2957911,1
1413,1539,3604036,0.99
1414,4403,10763997,0.95
1415,2584,6413760,0.9
1416,4645,11625911,0.96
1417,1539,3155811,1
1418,3444,8261520,0.98
1419,1539,2491313,1
1420,4645,10812378,0.99
1421,3680,9020729,0.92
1422,1539,2926203,1
1423,1539,2862685,1
1424,1539,2772344,1
1425,1539,2951314,1
1426,1539,3508399,0.98
1427,3106,7102118,0.96
1428,1539,2982044,1
1429,3680,9215497,0.92
1430,1539,3306182,0.99
1431,1539,2674929,1
1432,1539,2727728,1
1433,4987,12784122,0.98
1434,1539,3534024,0.97
1435,1539,2977897,1
1436,1539,2837246,1
1437,1539,3590029,0.99
1438,1539,3685493,0.98
1439,1539,3447670,0.99
1440,4645,12066213,0.9
1441,4987,12565289,0.97
1442,1539,3514499,1
1443,1539,3489139,0.97
1444,1539,3388456,1
1445,1539,3546130,0.99
1446,1539,3741553,0.97
1447,3150,7968950,0.95
1448,1539,3669140,0.96
1449,1539,3131328,1
1450,2141,5220435,0.98
1451,1539,3466058,0.99
1452,1539,3327069,1
1453,1539,2911756,1
1454,1539,3771632,0.94
1455,1539,3744758,0.99
1456,1539,2883175,1
1457,3150,7579362,1
1458,1539,2628385,0.99
1459,1539,3175831,0.97
1460,3680,9464131,0.83
1461,1539,3263169,0.99
1462,4403,10991318,0.95
1463,1539,2719113,1
1464,1539,2897039,1
1465,3130,7550439,0.99
1466,1539,3557903,0.99
1467,2584,6751882,0.85
1468,1539,2690444,1
1469,4645,12029945,0.94
1470,4645,11368246,0.93
1471,1539,3272755,1
1472,4403,11086632,0.96
1473,1539,3074601,0.99
1474,2141,4965622,0.97
1475,1539,3430745,1
1476,1539,2391317,1
1477,1539,3492331,0.97
1478,3150,7216624,0.96
1479,1539,3189401,1
1480,1539,3611887,0.96
1481,1539,3625032,0.93
1482,1539,3218568,1
1483,1539,3511497,0.98
1484,3680,9528460,0.97
1485,4645,11980102,0.97
1486,1539,3704081,0.99
1487,1539,3440160,1
1488,1539,3524361,0.99
1489,1539,3669432,0.93
1490,4645,11269538,0.9
1491,1539,3326551,1
1492,1539,3852229,0.97
1493,1539,3491538,1
1494,1539,3005438,0.99
1495,1539,2966967,1
1496,1539,3646792,0.98
1497,1539,3750970,0.96
1498,1539,3147065,1
1499,3130,7063707,0.9
1500,1539,3152442,1
1501,3680,9459816,0.86
1502,1539,3298544,1
1503,1539,3050590,0.98
1504,4987,12710372,0.9
1505,1539,3541084,1
1506,1539,3195403,0.99
1507,4403,10912838,0.98
1508,5000,13402686,0.95
1509,2584,6511229,0.94
1510,1539,3259913,0.99
1511,1539,3476848,1
1512,1539,2921791,1
1513,1539,2397327,1
1514,1539,3403641,0.98
1515,1539,3610706,0.99
1516,1539,2471827,1
1517,3469,8333218,0.98
1518,1539,3465232,0.97
1519,2141,4949387,1
1520,1539,3591928,1
1521,1539,2734794,1
1522,2141,4655865,0.99
1523,4403,10871117,0.92
1524,1539,3060004,1
1525,4645,11986300,0.97
1526,1539,3554305,0.99
1527,3106,7772316,0.94
1528,1539,2423559,1
1529,1539,3536036,1
1530,4403,10712518,0.96
1531,1539,3289191,1
1532,1539,3400091,1
1533,1539,2884952,1
1534,1539,3337357,0.97
1535,1539,3379454,0.99
1536,3680,9011196,0.98
1537,4645,12137279,0.96
1538,1539,2917773,1
1539,3150,7889089,0.89
1540,1539,3258291,1
1541,2584,6492828,0.94
1542,1539,2996696,1
1543,1539,3575555,0.98
1544,1539,3192857,1
1545,1539,2669565,1
1546,1539,3257689,0.99
1547,1539,3400014,0.99
1548,1539,2838038,1
1549,3469,8230719,0.95
1550,1539,3084762,0.99
1551,1539,3919091,0.94
1552,2584,6368752,0.99
1553,3680,9464384,0.83
1554,3444,8520105,0.97
1555,1539,2877731,1
1556,1539,3168897,1
1557,1539,3716255,1
1558,4645,12121777,0.95
1559,4403,10318504,1
1560,4645,11998289,0.92
1561,1539,3258508,0.98
1562,1539,3102149,0.99
1563,4645,11860664,0.95
1564,1539,2265520,1
1565,4645,12041922,0.93
1566,3469,7500621,1
1567,1539,3062844,1
1568,1539,2400760,1
1569,1539,3525727,0.96
1570,1539,3406414,1
1571,1539,2800469,1
1572,2584,6610090,0.9
1573,1539,3435076,0.99
1574,1539,3059139,1
1575,1539,3144198,1
1576,1539,3574379,0.98
1577,1539,3335739,1
1578,1539,3251971,1
1579,1539,3577860,0.99
1580,1539,3826321,1
1581,1539,3399035,1
1582,1539,3430062,0.99
1583,1539,2050990,1
1584,1539,3233356,0.99
1585,1539,2871354,1
1586,1539,2706327,1
1587,1539,3713368,1
1588,1539,3642392,0.99
1589,3680,8175350,0.97
1590,3150,7607468,0.99
1591,1539,3128770,1
1592,1539,3156333,0.98
1593,1539,3298115,1
1594,4645,12242346,0.91
1595,1539,3153953,1
1596,1539,3146568,1
1597,2699,6594303,1
1598,3469,8254478,0.98
1599,4645,11549146,0.96
1600,1539,3403852,0.98
1601,1539,3549159,0.97
1602,1539,2620793,1
1603,1539,3192961,0.99
1604,2141,5341784,1
1605,3621,8683477,1
1606,1539,3418034,1
1607,4645,11894750,0.95
1608,3680,9469528,0.93
1609,1539,2279067,1
1610,3106,7533587,0.95
1611,1539,2267726,1
1612,1539,2868062,1
1613,1539,3539565,0.97
1614,1539,3626676,0.98
1615,1539,2378270,1
1616,1539,3187900,1
1617,1539,3866232,0.94
1618,1539,2546953,1
1619,3680,9342750,0.94
1620,1539,3053675,1
1621,3106,7925730,0.92
1622,1539,3615788,0.96
1623,4645,11423445,0.95
1624,3106,7565307,0.95
1625,1539,2516304,1
1626,1539,3493148,1
1627,3621,7903300,1
1628,3150,8024277,0.82
1629,1539,3572700,0.97
1630,1539,3049319,1
1631,1539,3679881,1
1632,1539,2750623,1
1633,4645,11800456,0.92
1634,1539,3068217,1
1635,4987,12666060,0.95
1636,1539,3320089,0.96
1637,1539,3292932,1
1638,1539,3221169,1
1639,3469,8681338,0.99
1640,1539,3284552,1
1641,3150,7974826,0.95
1642,1539,3105621,1
1643,1539,3394743,0.99
1644,1539,3194815,1
1645,1539,3113515,1
1646,1539,3601531,1
1647,1539,3356089,0.97
1648,1539,2762433,1
1649,1539,3761506,0.94
1650,1539,2324637,1
1651,1539,3384906,1
1652,1539,3131120,1
1653,1539,2159118,1
1654,4645,10138588,1
1655,1539,3061029,1
1656,1539,3135819,1
1657,3621,8653305,0.93
1658,2584,6577600,0.92
1659,2699,6882007,0.95
1660,4645,11892985,1
1661,3150,8191617,0.94
1662,1539,2264512,1
1663,4403,11243877,0.94
1664,1539,3460198,0.97
1665,1539,3151436,1
1666,1539,2319476,1
1667,1539,3651505,1
1668,1539,3443102,1
1669,1539,3579208,0.97
1670,4645,11903441,0.92
1671,1539,3118300,1
1672,1539,3517837,1
1673,4403,11361433,0.95
1674,4403,11029456,1
1675,1539,3311628,0.96
1676,1539,3019956,0.95
1677,1539,3380767,1
1678,1539,2931229,0.99
1679,1539,2802875,1
1680,1539,3018802,1
1681,3621,9034217,0.98
1682,3106,6546382,1
1683,3150,7878101,0.97
1684,4403,11093894,1
1685,3444,7465626,0.99
1686,1539,3482639,0.99
1687,1539,3312972,0.96
1688,3680,9211507,0.94
1689,4987,12352380,0.94
1690,1539,2970193,1
1691,1539,3780944,0.98
1692,3469,7565528,0.94
1693,1539,3305586,1
1694,3130,7656526,0.99
1695,3444,9039898,0.95
1696,2699,6405160,0.99
1697,1539,3418903,0.96
1698,1539,3262233,0.99
1699,1539,3527319,1
1700,2141,5208509,0.94
1701,1539,2864588,1
1702,3680,9691740,0.94
1703,4645,11922114,0.93
1704,1539,2697782,1
1705,1539,3409222,1
1706,3469,7625834,0.98
1707,3680,9717182,0.92
1708,1539,3378899,1
1709,1539,3695123,0.87
1710,1539,3761084,1
1711,4645,12576960,0.89
1712,1539,2488921,1
1713,3621,8154748,1
1714,1539,3297837,1
1715,3130,7645990,0.95
1716,3106,7795248,1
1717,1539,2928972,1
1718,4645,11639614,1
1719,1539,3443104,1
1720,1539,3273158,1
1721,1539,3001545,1
1722,1539,3185273,1
1723,4645,11425280,0.97
1724,1539,3231000,1
1725,1539,3494653,1
1726,4987,13169876,0.92
1727,1539,3039551,1
1728,4403,11679872,0.9
1729,1539,3328158,1
1730,4403,11245720,0.93
1731,1539,2955044,1
1732,1539,2660891,1
1733,1539,3605623,1
1734,1539,3105741,1
1735,1539,3273667,0.99
1736,4645,12071480,0.88
1737,4403,11184795,0.99
1738,3444,8647631,0.99
1739,1539,2944529,1
1740,3621,8790707,1
1741,3444,8099315,0.95
1742,1539,2498784,1
1743,4645,11840698,0.94
1744,4403,9839346,0.97
1745,1539,3460039,1
1746,1539,3320179,0.97
1747,1539,2563291,1
1748,3130,6669014,0.99
1749,1539,3384195,1
1750,3106,7509666,0.98
1751,2584,6707341,0.94
1752,1539,3606201,0.99
1753,3469,8403043,0.98
1754,2584,6310086,0.94
1755,1539,2461231,1
1756,4645,11402217,0.96
1757,1539,3698915,0.96
1758,1539,3281129,1
1759,1539,2902636,1
1760,1539,3941119,0.95
1761,1539,3788904,0.88
1762,3106,7340980,0.99
1763,1539,3349941,1
1764,1539,2155159,1
1765,1539,3085173,1
1766,1539,3176702,1
1767,1539,2508697,1
1768,2141,4898556,0.98
1769,4403,10822613,0.99
1770,1539,3255478,0.97
1771,3150,7939913,0.96
1772,1539,3205102,1
1773,1539,3119571,1
1774,4403,10773273,0.95
1775,4645,11217704,0.99
1776,1539,3449774,1
1777,1539,3134959,1
1778,3469,8757985,0.88
1779,1539,3721661,0.99
1780,1539,3496790,0.97
1781,4645,11969386,0.93
1782,1539,3592704,0.94
1783,1539,3321938,1
1784,1539,3193679,0.99
1785,2699,6444624,0.97
1786,1539,3164757,1
1787,3680,9584733,0.89
1788,1539,2922507,1
1789,1539,3641627,0.97
1790,4645,12011682,0.89
1791,3680,9253925,0.98
1792,1539,3530592,1
1793,3444,8138442,0.98
1794,3444,8058933,0.93
1795,3680,8904223,0.98
1796,1539,3103595,1
1797,1539,2522893,1
1798,1539,3681880,0.96
1799,4403,10638997,0.99
1800,1539,3273707,0.99
1801,3150,8117893,0.91
1802,3150,7732253,0.9
1803,1539,2497087,1
1804,1539,2894815,1
1805,1539,3017056,1
1806,1539,3307232,0.97
1807,1539,3257174,0.99
1808,1539,3222804,1
1809,1539,3162430,1
1810,4645,11609627,0.9
1811,3150,8013655,0.9
1812,3106,7910286,0.9
1813,1539,2972590,1
1814,1539,2268782,1
1815,4645,12053779,0.85
1816,1539,3593768,1
1817,2584,6582411,0.96
1818,1539,2988605,1
1819,1539,3406015,1
1820,4403,11078832,0.94
1821,1539,3410416,1
1822,3150,8088126,0.87
1823,1539,2975159,1
1824,1539,3519975,0.99
1825,1539,3411372,0.98
1826,4403,10900976,1
1827,3106,7155346,1
1828,4403,10681014,0.97
1829,3130,8021221,0.98
1830,3469,8507737,0.92
1831,1539,3004828,1
1832,1539,3554618,1
1833,4645,10404855,1
1834,1539,3496026,1
1835,1539,3056451,1
1836,1539,2614572,1
1837,1539,2439372,1
1838,1539,3598128,0.99
1839,1539,3748490,0.98
1840,1539,3514905,0.99
1841,1539,3304518,1
1842,1539,3753608,0.96
1843,2584,6308738,0.92
1844,1539,3450346,0.98
1845,4645,11658946,0.93
1846,4403,11407948,0.98
1847,4645,12197018,0.92
1848,1539,3202291,1
1849,3106,7429216,1
1850,1539,2654635,1
1851,1539,3637077,0.91
1852,1539,3388814,1
1853,1539,2576347,1
1854,1539,1810693,1
1855,1539,3406349,1
1856,1539,3426487,1
1857,5000,13243414,0.97
1858,1539,3529167,0.98
1859,1539,2682113,1
1860,1539,3505346,0.98
1861,1539,3234171,1
1862,4987,13322092,0.93
1863,1539,2702236,1
1864,4987,12893753,0.96
1865,1539,3457477,0.97
1866,2699,6527602,1
1867,3150,8429782,0.91
1868,1539,2919847,1
1869,3444,8633085,0.95
1870,1539,3252324,1
1871,3680,9497689,0.97
1872,4645,12286813,0.92
1873,1539,3384077,1
1874,2141,5107294,0.99
1875,1539,2953506,1
1876,3621,8650758,0.99
1877,3680,9723344,0.86
1878,1539,3257290,0.98
1879,1539,2621329,1
1880,2584,6722697,0.89
1881,4645,12230250,0.93
1882,4645,12202185,0.91
1883,3106,8389408,0.95
1884,4645,12195800,0.97
1885,1539,2779498,1
1886,1539,3652391,0.99
1887,4645,11832943,0.98
1888,4403,10822673,0.95
1889,1539,3234459,1
1890,1539,3208698,1
1891,2584,6678845,0.98
1892,4403,11362145,0.94
1893,1539,3124025,1
1894,1539,3320225,1
1895,1539,2691943,1
1896,4645,11261968,0.99
1897,3444,7949616,0.99
1898,1539,3387063,1
1899,1539,3415629,1
1900,4403,11653186,0.99
1901,1539,3302026,1
1902,1539,3814254,0.94
1903,1539,2941368,1
1904,1539,3436732,1
1905,3621,8847350,1
1906,4645,11948547,0.9
1907,1539,2763525,1
1908,1539,3889083,1
1909,2141,5558689,0.93
1910,3621,8479255,1
1911,1539,2966593,1
1912,1539,3215318,1
1913,1539,3284438,0.99
1914,2584,6436891,0.89
1915,3680,9538455,0.97
1916,4645,11174974,0.95
1917,1539,3523500,1
1918,4645,11996930,0.95
1919,4987,13002881,0.94
1920,1539,3021948,1
1921,4645,11116201,1
1922,3444,7868833,1
1923,4645,11416394,0.96
1924,1539,2512000,1
1925,1539,3061917,1
1926,4987,12543142,0.92
1927,3680,9211738,0.92
1928,1539,2996616,0.99
1929,1539,2922542,1
1930,3106,7844402,0.89
1931,1539,3286088,0.99
1932,4645,11591377,0.96
1933,1539,3290714,1
1934,4645,12095659,0.93
1935,3130,7727575,0.97
1936,4645,12340714,0.95
1937,3469,7944677,1
1938,3150,8133250,0.95
1939,1539,3481850,1
1940,1539,3432924,0.97
1941,1539,3551097,0.99
1942,1539,3113549,0.99
1943,1539,2854707,1
1944,1539,2883971,1
1945,1539,3266191,1
1946,1539,3259440,0.98
1947,1539,2158426,1
1948,1539,3110862,1
1949,1539,2927656,1
1950,1539,2969207,1
1951,3106,7715957,0.97
1952,1539,3206641,0.99
1953,1539,3241982,0.95
1954,1539,2565967,1
1955,1539,3061376,1
1956,1539,3207461,1
1957,1539,2628208,1
1958,1539,2894482,1
1959,1539,2016107,1
1960,1539,2181761,1
1961,1539,3302014,1
1962,1539,3433838,0.99
1963,2141,5056981,1
1964,1539,3603491,0.96
1965,1539,3429946,1
1966,4645,11620550,0.95
1967,3150,7769733,0.98
1968,1539,3605992,0.99
1969,1539,3457457,0.99
1970,1539,3461515,0.96
1971,1539,2352332,1
1972,1539,3572188,0.96
1973,4645,12214654,0.88
1974,4645,11730826,0.99
1975,1539,3412030,1
1976,3680,9110346,0.96
1977,1539,3974820,0.93
1978,1539,2662355,1
1979,1539,3569740,0.98
1980,1539,3681078,0.85
1981,1539,3407888,0.98
1982,1539,2622155,1
1983,3150,8183602,0.86
1984,3444,8098161,0.96
1985,1539,2988250,1
1986,1539,3405606,1
1987,1539,2944789,1
1988,1539,3767110,1
1989,1539,2816921,1
1990,1539,3660937,0.92
1991,1539,2784900,1
1992,3680,9280868,0.93
1993,3621,9159942,0.92
1994,2699,6119514,0.97
1995,3680,9105145,0.98
1996,1539,3249827,1
1997,3621,8539584,1
1998,3150,7644031,0.99
1999,2584,6310716,1
2000,1539,2763135,1
2001,2699,6045829,0.99
2002,1539,3421679,1
2003,1539,2731917,1
2004,2699,6001156,0.97
2005,3106,7278270,1
2006,1539,3154780,1
2007,1539,3596103,0.98
2008,1539,2893545,1
2009,1539,2358764,1
2010,1539,2650860,1
2011,2141,4995322,0.98
2012,1539,3067680,1
2013,1539,3639446,0.97
2014,1539,3120602,1
2015,1539,3514886,0.99
2016,1539,3770037,0.92
2017,1539,3634453,0.98
2018,1539,2941582,0.98
2019,1539,3555849,0.97
2020,1539,3295077,0.99
2021,1539,2524121,1
2022,2584,6405152,0.85
2023,3444,8182259,1
2024,1539,3386073,1
2025,1539,2871802,1
2026,2584,6284764,0.98
2027,4403,11141608,0.95
2028,1539,3663839,1
2029,4403,10823613,0.85
2030,3621,8800483,0.98
2031,2584,5931619,1
2032,4987,12676548,0.92
2033,3130,7814734,0.96
2034,3444,8025472,0.98
2035,1539,2707603,1
2036,2699,6196962,1
2037,1539,3736307,1
2038,1539,3310697,1
2039,1539,3491609,1
2040,4403,10749758,0.95
2041,1539,3188265,1
2042,4645,11904407,0.98
2043,3469,8340894,1
2044,3680,9006455,0.94
2045,3150,8159967,0.97
2046,4645,11959112,0.94
2047,1539,3726692,0.94
2048,1539,3506192,1
2049,2584,6315572,1
2050,3150,7888891,0.91
2051,1539,2472302,1
2052,3469,8333556,0.98
2053,1539,2737244,1
2054,1539,3590974,1
2055,1539,3692160,0.94
2056,4987,12652763,0.99
2057,2699,6572275,0.95
2058,1539,3389675,1
2059,1539,3708800,1
2060,4403,11413192,0.95
2061,1539,3229748,0.99
2062,1539,3630448,1
2063,1539,3453496,0.99
2064,4645,11718554,0.81
2065,1539,3239369,1
2066,4403,10455052,0.98
2067,1539,3019572,1
2068,1539,3736403,0.94
2069,1539,2565609,1
2070,4403,11451878,0.98
2071,1539,3562439,0.99
2072,2699,6252058,0.97
2073,4987,11762379,1
2074,1539,3400535,0.99
2075,1539,3309529,0.99
2076,2584,6322876,0.98
2077,1539,2701289,1
2078,4645,10588508,1
2079,3106,8057713,0.97
2080,1539,3200395,0.97
2081,3680,9616198,0.87
2082,1539,3230211,1
2083,2584,6388784,0.95
2084,1539,2981916,0.98
2085,4403,11272630,0.88
2086,2141,5007566,0.98
2087,1539,3507556,1
2088,3621,8653763,0.98
2089,2141,4812787,0.93
2090,1539,2250402,1
2091,1539,2678956,1
2092,3130,7845980,0.98
2093,1539,2900568,1
2094,4403,11350713,0.95
2095,4645,11775177,0.92
2096,1539,3452921,0.99
2097,2584,6030699,1
2098,1539,3684865,1
2099,1539,3243445,1
2100,2584,6714173,0.91
2101,1539,3930097,0.98
2102,3106,7665025,0.91
2103,1539,1975148,1
2104,1539,3215711,1
2105,3680,8942039,0.98
2106,3621,9116375,0.94
2107,1539,3418391,0.98
2108,1539,2942699,1
2109,1539,3207231,1
2110,1539,3553602,0.95
2111,1539,2442594,1
2112,3469,8149719,0.97
2113,3444,7746716,1
2114,1539,2995179,1
2115,1539,3240599,1
2116,1539,2956015,1
2117,1539,3606126,0.99
2118,1539,2272025,1
2119,1539,2900967,1
2120,3621,8722158,0.95
2121,3680,9449061,0.92
2122,1539,2877289,1
2123,2699,6334973,0.97
2124,1539,3043969,1
2125,1539,3568163,1
2126,4403,11393171,0.99
2127,1539,2637653,1
2128,1539,3693809,0.99
2129,4403,11264931,0.94
2130,4645,11974145,0.92
2131,1539,3692494,0.94
2132,4645,11644729,0.98
2133,4645,11789282,0.92
2134,1539,3593934,0.97
2135,1539,2947419,1
2136,1539,2973195,1
2137,4645,11441945,1
2138,1539,3464110,0.96
2139,1539,3175046,0.99
2140,3621,8742716,0.98
2141,1539,3564345,0.98
2142,4645,12012282,0.91
2143,4645,11310467,0.98
2144,1539,3137996,1
2145,1539,3740089,0.97
2146,1539,2446059,1
2147,3106,7497743,0.99
2148,1539,2341288,1
2149,1539,3642930,0.93
2150,2584,6399238,0.95
2151,1539,3534772,1
2152,1539,2301702,1
2153,1539,3349255,1
2154,1539,2382111,1
2155,4987,12041235,0.97
2156,2699,6070845,0.96
2157,2584,6380163,0.9
2158,3680,8989232,0.97
2159,3680,9333663,0.88
2160,1539,3006910,1
2161,1539,2430493,1
2162,1539,3587981,0.96
2163,1539,3404707,0.98
2164,1539,2819753,1
2165,2584,6535395,0.92
2166,2584,6605868,1
2167,3680,9360821,0.94
2168,1539,3325483,1
2169,1539,2761627,1
2170,2584,6494621,0.98
2171,4645,11544536,0.99
2172,1539,2541906,1
2173,1539,3822117,1
2174,1539,3447507,1
2175,2584,6710865,0.92
2176,3680,9426169,0.92
2177,1539,3730334,0.99
2178,1539,3513892,1
2179,1539,2785626,1
2180,4987,12875125,0.95
2181,3106,7966168,0.92
2182,1539,2618264,1
2183,1539,2980586,1
2184,4645,11786164,0.88
2185,4645,12068994,0.91
2186,1539,3679801,0.96
2187,4645,11904051,0.9
2188,2141,4953550,0.95
2189,1539,3015781,1
2190,3680,8981184,0.95
2191,1539,3636956,0.99
2192,1539,3689859,0.99
2193,1539,3673695,1
2194,1539,3487229,0.99
2195,1539,3283522,1
2196,1539,3070963,1
2197,1539,3345612,0.97
2198,4403,11692497,0.87
2199,4987,12467139,0.91
2200,4645,11913398,0.91
2201,1539,3608820,0.98
2202,2584,6239649,0.97
2203,1539,2452706,1
2204,3130,7228855,0.95
2205,1539,3483231,1
2206,1539,3165983,1
2207,3444,6694269,1
2208,1539,3914164,1
2209,4645,11749923,0.97
2210,1539,3447005,1
2211,1539,2183964,1
2212,1539,3269773,0.98
2213,1539,2130637,1
2214,5000,12098839,0.99
2215,4645,11973883,0.94
2216,3130,7738185,0.95
2217,3680,8807226,1
2218,1539,2865891,1
2219,1539,2987077,1
2220,1539,3561748,0.95
2221,1539,3025097,1
2222,1539,3475478,1
2223,1539,3267183,0.99
2224,1539,2538933,1
2225,1539,2274063,1
2226,1539,3030845,1
2227,1539,2927926,1
2228,1539,3341701,1
2229,1539,3763732,0.97
2230,2141,5148473,0.86
2231,1539,3531598,0.99
2232,1539,3127119,1
2233,1539,3200709,1
2234,1539,3470898,0.98
2235,1539,3033670,1
2236,1539,2646039,1
2237,4403,10677148,1
2238,1539,2565084,1
2239,1539,3300664,0.99
2240,4403,10794679,0.99
2241,3150,7901146,0.87
2242,1539,3721080,0.97
2243,1539,3897771,0.98
2244,1539,2582878,1
2245,5000,12776126,0.95
2246,1539,3061105,1
2247,1539,3469403,1
2248,1539,2462255,1
2249,4645,11660158,0.96
2250,2141,5103702,0.95
2251,1539,3215213,0.98
2252,1539,3393946,0.97
2253,1539,3517135,1
2254,1539,2405846,1
2255,4645,11709029,0.93
2256,1539,3357390,1
2257,4987,11375431,0.99
2258,1539,3394007,1
2259,5000,13186515,0.94
2260,1539,3109352,1
2261,1539,3572841,0.94
2262,1539,3618298,0.99
2263,3680,9542980,0.92
2264,1539,2347031,1
2265,1539,3447795,1
2266,1539,3674890,0.99
2267,3150,7839785,0.93
2268,1539,3297026,1
2269,1539,3127969,1
2270,3621,9003170,0.94
2271,1539,2960787,1
2272,1539,2859405,1
2273,1539,2671489,1
2274,1539,3374847,0.99
2275,1539,3259294,0.99
2276,3621,9001977,1
2277,4645,11818813,0.96
2278,3469,8455190,0.98
2279,3680,9355498,0.93
2280,1539,3456123,0.98
2281,1539,3376223,0.99
2282,1539,3456251,1
2283,1539,3103189,0.98
2284,1539,3509031,0.98
2285,1539,3334191,0.99
2286,1539,3416826,0.96
2287,1539,2564977,1
2288,1539,3633798,1
2289,1539,2486020,1
2290,3469,8173770,0.98
2291,1539,2677674,1
2292,4645,12092066,0.97
2293,3150,7471534,1
2294,3621,8878587,0.95
2295,4645,11507510,0.98
2296,3680,8787765,1
2297,3106,7768329,0.98
2298,1539,3486373,1
2299,3680,9021641,0.93
2300,3621,7994232,1
2301,4645,12033169,0.91
2302,1539,2665598,1
2303,1539,2801624,0.99
2304,3680,9680346,0.9
2305,1539,3643768,0.99
2306,1539,3365978,1
2307,4645,12014023,0.94
2308,4403,11260651,0.99
2309,1539,3315276,1
2310,1539,3631976,1
2311,1539,2406787,1
2312,4645,11994342,0.95
2313,1539,3257115,1
2314,3106,7639568,0.98
2315,1539,3034591,1
2316,4987,12689210,0.97
2317,1539,3086969,1
2318,4403,11078356,0.94
2319,1539,3097804,1
2320,2141,5300305,1
2321,1539,3435737,1
2322,4645,11665277,0.92
2323,1539,3487934,1
2324,1539,3129996,1
2325,1539,2250395,1
2326,4987,13011803,0.95
2327,4645,12022317,0.94
2328,4645,11311115,0.97
2329,1539,3053628,1
2330,4645,11340976,0.99
2331,3680,9656415,0.9
2332,3150,8101857,0.92
2333,1539,3207953,0.98
2334,1539,3462756,0.99
2335,1539,2317889,1
2336,1539,3357720,0.98
2337,3469,7643940,0.97
2338,1539,3528752,0.99
2339,3621,8598268,0.99
2340,1539,3622001,0.92
2341,1539,3350179,0.99
2342,1539,3393893,1
2343,4987,11567029,0.99
2344,5000,13006542,0.92
2345,1539,2661155,1
2346,1539,2507448,1
2347,1539,3652172,0.98
2348,4403,10858030,0.94
2349,1539,3525653,0.99
2350,4645,11893492,0.93
2351,1539,2319423,1
2352,1539,3227659,0.99
2353,1539,2803006,1
2354,1539,3357400,1
2355,2584,6377122,0.93
2356,1539,2863021,1
2357,1539,3385992,1
2358,3444,8227490,1
2359,1539,3418060,1
2360,2584,6372190,1
2361,1539,3542322,0.99
2362,1539,2946203,1
2363,3680,9400350,0.93
2364,1539,3200279,0.99
2365,1539,2975403,1
2366,4645,11702335,0.9
2367,2584,6643553,0.9
2368,1539,3257370,1
2369,3130,7357986,0.97
2370,3106,7699380,0.96
2371,1539,3187629,0.99
2372,1539,3386660,0.98
2373,1539,3153888,0.99
2374,4645,11708677,1
2375,1539,3833503,0.96
2376,3150,7464878,0.98
2377,1539,3555022,0.99
2378,1539,3750968,0.96
2379,4403,11071248,0.98
2380,1539,3065719,1
2381,4645,12157649,0.87
2382,4403,11280888,0.93
2383,3444,8554505,0.91
2384,1539,3704944,0.93
2385,1539,2371936,1
2386,1539,3616856,0.95
2387,1539,3118024,1
2388,1539,3284980,1
2389,4645,11732960,0.96
2390,1539,3463479,0.98
2391,2141,5151408,1
2392,1539,3291629,0.99
2393,1539,3136219,0.99
2394,1539,3294608,1
2395,1539,3213399,1
2396,1539,3200523,0.99
2397,1539,3630469,0.98
2398,2699,6421245,0.99
2399,1539,3454775,0.98
2400,3150,6692457,0.98
2401,3621,9211152,0.93
2402,1539,3661911,0.95
2403,1539,2728623,1
2404,1539,3376075,1
2405,1539,3320354,1
2406,1539,3523139,1
2407,1539,3622220,0.98
2408,3150,8055429,0.91
2409,1539,3590412,0.95
2410,1539,3001024,1
2411,3130,7924642,0.99
2412,1539,2835135,1
2413,3150,8037226,0.94
2414,4987,12903673,0.92
2415,4987,12242881,0.91
2416,1539,3658001,0.99
2417,1539,2386898,1
2418,1539,1925761,1
2419,1539,2806660,1
2420,1539,3624452,0.95
2421,1539,3233698,1
2422,4645,11740233,0.95
2423,3106,7237638,0.97
2424,1539,2822340,1
2425,3130,7676043,0.91
2426,1539,2489774,1
2427,3130,7822248,0.89
2428,2699,6399516,0.99
2429,1539,3557771,0.96
2430,1539,3129871,1
2431,3469,8659305,1
2432,2699,5960746,0.99
2433,4403,11336133,0.89
2434,3444,8132306,0.98
2435,4645,11683190,0.92
2436,1539,3176245,1
2437,3130,7645113,0.92
2438,1539,3136254,1
2439,1539,2761595,1
2440,1539,3355775,1
2441,1539,2517555,1
2442,1539,3171183,1
2443,3150,8163372,0.85
2444,1539,2791952,1
2445,2584,6765344,0.96
2446,2699,6040392,1
2447,1539,3285526,1
2448,1539,3657837,0.92
2449,3444,7692539,0.97
2450,2584,6565980,0.95
2451,1539,2505255,1
2452,1539,2949857,1
2453,3130,7270374,0.99
2454,1539,3748939,0.99
2455,1539,3418731,0.93
2456,1539,2702364,1
2457,3621,8743386,0.92
2458,4987,12797852,0.9
2459,1539,3316625,0.96
2460,1539,3702696,0.97
2461,1539,3269517,1
2462,1539,3716177,0.95
2463,1539,3566122,1
2464,2141,4945583,0.96
2465,1539,3170940,1
2466,1539,3054298,1
2467,1539,2214967,1
2468,4645,12245727,0.9
2469,4403,10393768,1
2470,3130,7159691,0.97
2471,1539,3231529,1
2472,4645,11913010,0.96
2473,2141,5242056,1
2474,4403,11270494,0.94
2475,1539,2502831,1
2476,1539,2718460,1
2477,1539,3523876,0.96
2478,1539,3461950,1
2479,1539,3281346,0.97
2480,2584,6682321,0.94
2481,1539,3253945,1
2482,3444,8124124,0.93
2483,1539,3073171,1
2484,1539,3360190,0.99
2485,1539,2616569,1
2486,4645,11740601,0.96
2487,1539,3173328,1
2488,4645,11871008,0.93
2489,1539,3341314,0.99
2490,1539,2722086,1
2491,1539,3274520,1
2492,1539,2352393,1
2493,1539,3246121,1
2494,1539,3388772,0.99
2495,2584,6825994,0.86
2496,1539,3113540,1
2497,4403,11093400,0.94
2498,1539,3140629,1
2499,1539,3874001,0.95
2500,1539,3535322,0.98
2501,3444,8006538,0.98
2502,1539,2534231,1
2503,2699,6145830,0.91
2504,1539,3605428,1
2505,1539,2279483,1
2506,2141,4957586,1
2507,1539,3206226,1
2508,4645,11760367,0.92
2509,1539,3470567,0.99
2510,1539,3585226,0.98
2511,1539,3103966,0.99
2512,3444,8261052,0.99
2513,1539,2966749,1
2514,1539,2701894,1
2515,1539,2228474,1
2516,2584,6500135,0.95
2517,4645,11750750,0.97
2518,4645,12031579,0.94
2519,4987,12763131,0.91
2520,1539,3022832,1
2521,1539,3028166,1
2522,2584,6466183,0.96
2523,1539,3006633,1
2524,1539,3518702,1
2525,2699,6294018,0.95
2526,2141,4683884,0.96
2527,3150,8074641,0.94
2528,4645,12183176,0.98
2529,2141,5170847,0.96
2530,3106,7574061,0.96
2531,1539,3364307,1
2532,4403,10951465,1
2533,1539,2541746,1
2534,1539,3342500,1
2535,1539,3422752,0.99
2536,2699,6685581,0.99
2537,2699,6759434,1
2538,1539,3512203,0.98
2539,1539,2829839,1
2540,4645,11626700,0.98
2541,1539,3092372,1
2542,2584,6679708,0.94
2543,1539,3093442,0.99
2544,4403,10832333,0.99
2545,1539,2514042,1
2546,1539,3060768,1
2547,1539,3302013,1
2548,1539,3433939,1
2549,5000,12078016,1
2550,1539,3516402,0.96
2551,1539,2781307,1
2552,1539,2822862,1
2553,3130,7692640,0.94
2554,1539,1956116,1
2555,2141,5135664,0.97
2556,1539,3474023,1
2557,1539,2661027,1
2558,3680,8710182,0.98
2559,1539,3191118,0.98
2560,1539,3764123,0.98
2561,1539,3193874,1
2562,1539,3291674,1
2563,1539,3580139,0.97
2564,4645,12042439,0.86
2565,1539,3443263,1
2566,3150,8075304,0.99
2567,1539,3351391,1
2568,2584,6767671,0.84
2569,4645,11700375,0.95
2570,1539,3728867,0.93
2571,4645,12642989,0.93
2572,4987,11858404,1
2573,1539,3110927,1
2574,4645,11870265,0.97
2575,1539,3512973,0.92
2576,1539,3728287,0.98
2577,1539,2643012,1
2578,1539,3044956,1
2579,2141,5404608,1
2580,3106,7817418,0.91
2581,1539,3804005,0.99
2582,1539,2578257,1
2583,2699,6500983,0.93
2584,1539,3156211,1
2585,3130,7771994,0.93
2586,1539,3337041,1
2587,3444,7760249,1
2588,1539,3148501,1
2589,4645,11617530,0.98
2590,3150,8361912,0.92
2591,3680,10305491,0.9
2592,1539,3383716,1
2593,1539,3551248,0.99
2594,1539,2716650,1
2595,1539,3835338,0.91
2596,3680,8993390,0.92
2597,4403,11764647,0.93
2598,1539,3410841,0.99
2599,1539,3351097,1
2600,4403,11022826,0.94
2601,4403,11522294,0.96
2602,1539,3417736,0.97
2603,1539,3626382,0.98
2604,1539,2549229,1
2605,1539,3807065,0.93
2606,4403,10435656,1
2607,3444,8598428,0.95
2608,1539,3559057,0.99
2609,1539,3029033,1
2610,1539,2958418,1
2611,3150,7820860,0.96
2612,2141,4966053,0.97
2613,1539,3579626,0.99
2614,3106,7151323,0.99
2615,4645,11787747,0.91
2616,4645,12120633,0.89
2617,3130,7756695,0.99
2618,4645,11940088,0.89
2619,1539,2522150,1
2620,4403,10504033,0.99
2621,1539,3273408,0.98
2622,1539,3326850,1
2623,1539,2769593,1
2624,1539,2977558,1
2625,1539,3454088,0.95
2626,1539,2540045,1
2627,1539,2436011,1
2628,1539,2624753,1
2629,1539,3718919,0.96
2630,1539,2976959,1
2631,3680,9410302,0.91
2632,1539,3515125,1
2633,1539,2821140,1
2634,1539,3092634,1
2635,2584,6331811,0.98
2636,1539,3366276,0.97
2637,1539,2756365,1
2638,1539,2344691,1
2639,4987,11795411,0.96
2640,1539,3263807,1
2641,1539,3359734,1
2642,1539,2488962,1
2643,4987,10692484,1
2644,1539,3302781,1
2645,1539,3254749,1
2646,1539,2985439,1
2647,3106,7679311,0.96
2648,1539,2739757,1
2649,1539,3457833,0.98
2650,1539,3433244,1
2651,1539,2822572,1
2652,1539,2916994,1
2653,3680,9552038,0.89
2654,1539,3162814,0.99
2655,1539,2287887,1
2656,1539,3331254,0.98
2657,4403,10978384,0.99
2658,2141,5282192,0.98
2659,1539,2395567,1
2660,1539,3053438,1
2661,4403,10995319,0.94
2662,1539,3609055,0.9
2663,3444,8523368,1
2664,1539,2440479,1
2665,3680,9505832,0.9
2666,1539,3487045,0.99
2667,1539,3008536,1
2668,1539,3253099,0.98
2669,3444,8657608,0.99
2670,1539,3599899,0.97
2671,3469,7782896,0.99
2672,1539,2562973,1
2673,3444,8861749,0.96
2674,1539,2759730,1
2675,3444,8315149,0.99
2676,3680,8864176,0.97
2677,1539,3334136,1
2678,1539,2279421,1
2679,1539,3548987,1
2680,1539,3390980,1
2681,1539,2393563,1
2682,2699,6565627,0.99
2683,3106,8123672,0.87
2684,1539,3666013,1
2685,1539,3428136,0.96
2686,1539,2962702,1
2687,3469,7530033,1
2688,1539,3141957,1
2689,1539,3440763,1
2690,1539,3083636,1
2691,1539,2850197,1
2692,3150,8095587,0.95
2693,1539,3086721,1
2694,1539,2815309,1
2695,1539,3625653,1
2696,1539,3798370,0.84
2697,1539,3211554,1
2698,1539,3387512,0.97
2699,4403,11039459,0.95
2700,4987,12544449,0.97
2701,3469,8427194,0.99
2702,1539,3718100,0.94
2703,4987,12929579,0.98
2704,4645,11834776,0.93
2705,1539,2885604,1
2706,1539,2169499,1
2707,1539,3648151,0.92
2708,1539,3660737,0.97
2709,4645,11667791,0.89
2710,1539,3197428,1
2711,3680,9345178,0.95
2712,1539,3444518,1
2713,1539,2579078,1
2714,1539,2275031,1
2715,1539,2893966,1
2716,1539,2895102,1
2717,4987,12829343,0.89
2718,1539,3008672,1
2719,1539,2780596,1
2720,3621,9173693,0.93
2721,1539,2845345,1
2722,2584,6412932,0.97
2723,1539,3499521,0.97
2724,1539,3240984,0.97
2725,1539,2672127,1
2726,3680,9251703,0.91
2727,2141,5161027,0.98
2728,2141,5170384,0.99
2729,1539,3031154,0.99
2730,1539,2787552,1
2731,1539,2996809,0.97
2732,3621,8612344,0.98
2733,3444,7464026,1
2734,1539,2891977,1
2735,1539,2618496,1
2736,2699,6243672,1
2737,1539,3472740,1
2738,3444,7913704,0.97
2739,1539,3292762,1
2740,1539,3301669,0.99
2741,1539,3526465,0.98
2742,1539,3456468,1
2743,3621,8880551,0.96
2744,1539,3412173,0.98
2745,1539,3571914,0.99
2746,1539,3353451,0.99
2747,2141,5479525,0.81
2748,1539,3040937,1
2749,1539,2924675,1
2750,1539,2679591,1
2751,1539,3195179,0.98
2752,1539,3766192,0.94
2753,3621,8867230,0.97
2754,3150,7878113,0.95
2755,4645,12661464,0.91
2756,1539,3704013,1
2757,3106,8342548,0.98
2758,1539,3699671,1
2759,1539,2536341,1
2760,1539,3050226,1
2761,1539,3505129,1
2762,1539,3638008,0.99
2763,1539,3083774,1
2764,1539,4017800,0.94
2765,1539,3956086,1
2766,1539,2012980,1
2767,1539,3291087,1
2768,4987,13372166,0.91
2769,1539,3662260,1
2770,1539,2902812,1
2771,1539,3702858,0.99
2772,5000,13325938,0.94
2773,4987,13366196,0.9
2774,1539,3402288,0.99
2775,1539,3412561,0.99
2776,2584,6431991,0.97
2777,2699,6826601,0.96
2778,3469,8609998,0.96
2779,1539,2840588,1
2780,3469,8133492,0.96
2781,2584,6569785,0.93
2782,1539,2648562,1
2783,1539,3562565,0.99
2784,1539,3483885,1
2785,1539,3414916,0.99
2786,4645,12329799,0.98
2787,3469,8789394,0.95
2788,1539,3428351,0.97
2789,3150,8086456,0.93
2790,1539,2033821,1
2791,1539,3571323,0.96
2792,2584,6293868,0.93
2793,3621,8636500,0.97
2794,4645,11651981,0.99
2795,3469,8323717,0.97
2796,1539,3682465,0.96
2797,1539,3432770,0.98
2798,1539,3498286,0.97
2799,1539,3422385,1
2800,3469,8355726,0.98
2801,1539,3158446,1
2802,1539,2677454,1
2803,1539,3169657,1
2804,1539,3679686,0.99
2805,1539,3711894,1
2806,1539,3581560,1
2807,1539,3768917,1
2808,1539,2762189,1
2809,1539,2147849,1
2810,3469,8297171,0.98
2811,1539,2992221,1
2812,1539,3538111,0.92
2813,4645,11904660,0.94
2814,2141,5301983,1
2815,1539,3470122,1
2816,1539,2878197,1
2817,2584,6364700,0.95
2818,1539,3296360,1
2819,1539,3463520,1
2820,1539,3367280,1
2821,4987,12383296,0.98
2822,1539,3368821,0.99
2823,3130,7397171,0.98
2824,1539,3531362,0.98
2825,1539,2680586,1
2826,3469,8248389,0.9
2827,1539,3508500,0.99
2828,5000,11048021,1
2829,1539,2639327,1
2830,1539,2488359,1
2831,3444,8471494,0.94
2832,3106,7762348,0.95
2833,1539,3644415,0.99
2834,1539,3253697,0.98
2835,1539,2232342,1
2836,1539,1783008,1
2837,1539,3908599,1
2838,3106,7337587,0.99
2839,3621,8929387,0.91
2840,1539,3227592,1
2841,1539,3332517,0.99
2842,1539,3652715,0.97
2843,1539,3113899,1
2844,1539,3414555,0.99
2845,1539,3260678,1
2846,1539,3285232,1
2847,1539,3239463,1
2848,1539,3148552,0.99
2849,3469,8420112,0.99
2850,4645,11582217,0.98
2851,1539,3425438,1
2852,1539,3591649,0.99
2853,1539,2850307,1
2854,3621,8595170,1
2855,1539,2958063,1
2856,4645,11901044,0.93
2857,1539,2968482,1
2858,2141,5095241,0.94
2859,1539,3302914,1
2860,4645,12010839,0.91
2861,4645,12020023,0.94
2862,1539,3269536,0.99
2863,3106,7562757,0.93
2864,1539,3265474,1
2865,3444,8239434,0.92
2866,2584,6533238,0.94
2867,1539,3022177,1
2868,1539,3570807,0.94
2869,3106,7685643,0.95
2870,3680,8653821,0.98
2871,4645,11408043,0.98
2872,4645,11236333,0.99
2873,1539,2619454,1
2874,2699,6296785,0.92
2875,1539,3626009,1
2876,1539,3219239,1
2877,1539,2707812,1
2878,4403,11073403,0.99
2879,3130,7915137,0.97
2880,2141,5291237,0.88
2881,1539,2847013,1
2882,1539,3757355,1
2883,4987,12904108,0.96
2884,3469,8059845,0.98
2885,4645,12225794,0.92
2886,1539,3699845,1
2887,3680,8734745,0.97
2888,1539,3742362,0.91
2889,1539,3528060,1
2890,1539,3251623,0.99
2891,2699,6355622,1
2892,1539,3190611,0.99
2893,2699,6191910,0.99
2894,3621,8298841,0.99
2895,1539,3784853,1
2896,1539,3260952,1
2897,4645,11864526,0.96
2898,1539,3124603,1
2899,3444,8353291,0.94
2900,1539,3547895,0.94
2901,4403,11117288,0.94
2902,1539,3047357,1
2903,3444,8361739,1
2904,3130,7760899,0.92
2905,2699,6336463,1
2906,1539,3285633,1
2907,1539,2924312,1
2908,4645,11654321,0.97
2909,3680,9166405,0.97
2910,3680,9504090,0.9
2911,1539,3146830,1
2912,1539,3656617,0.98
2913,2699,6368450,0.97
2914,1539,2840123,1
2915,3130,7054742,1
2916,4645,12023513,0.89
2917,1539,2820888,1
2918,1539,3155417,1
2919,3680,9266890,0.97
2920,1539,3699997,0.92
2921,1539,3063002,1
2922,3150,8246624,0.85
2923,1539,2161426,1
2924,1539,3254073,0.99
2925,1539,2925236,0.99
2926,3150,6687833,0.99
2927,1539,3462860,0.99
2928,1539,3315997,1
2929,3621,9051510,0.95
2930,3150,8000722,0.96
2931,1539,3135669,1
2932,4645,11103031,0.97
2933,1539,3715786,0.88
2934,2584,5689965,1
2935,1539,2137039,1
2936,3130,7402373,0.98
2937,1539,3449265,0.98
2938,1539,3578292,1
2939,3130,8263029,0.94
2940,2584,6343798,0.98
2941,1539,3075808,1
2942,1539,3141240,1
2943,1539,3251519,1
2944,1539,3288625,0.97
2945,3444,7967103,0.98
2946,4403,10469008,0.99
2947,1539,3647288,0.99
2948,4987,12727055,0.97
2949,1539,3063991,0.99
2950,4987,13170916,0.9
2951,3444,8452768,0.93
2952,1539,3292952,1
2953,1539,2841166,1
2954,4403,11112213,0.93
2955,1539,2432389,1
2956,4645,11676143,0.89
2957,2584,6695286,0.88
2958,3469,7627576,1
2959,1539,3534419,0.96
2960,4645,12023296,0.94
2961,2584,6628630,0.9
2962,1539,3224532,1
2963,1539,3741375,0.95
2964,4645,11509221,0.93
2965,1539,3209296,1
2966,3444,8375508,0.95
2967,1539,2916951,1
2968,1539,2571421,1
2969,2699,6356584,0.92
2970,1539,3469123,0.99
2971,4645,11418892,0.94
2972,3621,8796120,0.97
2973,2584,6683632,0.91
2974,4645,11846381,0.85
2975,1539,3380749,1
2976,3469,7986803,1
2977,3150,7533924,0.99
2978,1539,3784383,0.97
2979,1539,3404285,1
2980,3130,7132207,0.96
2981,1539,2471796,1
2982,1539,1907326,1
2983,1539,2684635,1
2984,1539,3772338,0.91
2985,1539,2502684,1
2986,1539,2900598,1
2987,1539,2911455,1
2988,3106,7156253,1
2989,1539,3299332,1
2990,1539,3719927,0.97
2991,4645,11977589,0.88
2992,1539,3156756,1
2993,4645,12296159,0.96
2994,1539,3418507,1
2995,4403,10764248,0.97
2996,1539,3344208,1
2997,3130,7789848,0.97
2998,1539,2547448,1
2999,3130,7323748,0.99
3000,1539,2331658,1
3001,1539,3524985,0.99
3002,3680,9119655,0.96
3003,1539,3245617,1
3004,4403,11203398,0.98
3005,1539,2931699,1
3006,1539,2875858,1
3007,1539,3531062,0.98
3008,1539,3366474,0.97
3009,1539,3224177,1
3010,4403,11238733,1
3011,1539,3155747,1
3012,1539,3081303,1
3013,1539,2583248,1
3014,1539,3626332,0.91
3015,4645,12176760,0.91
3016,1539,3486596,1
3017,1539,3221954,1
3018,2141,4915755,0.96
3019,3130,7053163,0.97
3020,3621,8496478,0.99
3021,1539,2965689,1
3022,1539,2689017,0.99
3023,4645,12130661,0.88
3024,4403,10575175,0.98
3025,1539,3496757,1
3026,1539,3056680,1
3027,1539,3556597,1
3028,1539,3762601,0.98
3029,1539,2922132,1
3030,1539,3562143,1
3031,3621,8648987,0.98
3032,4645,11631816,0.96
3033,3621,8911036,0.96
3034,1539,2637066,1
3035,3150,7397822,0.93
3036,1539,2289888,1
3037,1539,3165199,1
3038,1539,3755498,0.92
3039,1539,3035186,0.99
3040,4987,12829457,0.92
3041,1539,2607082,1
3042,1539,3653718,1
3043,3621,8913941,1
3044,2699,5829427,0.99
3045,1539,2937544,1
3046,3444,8125312,0.98
3047,2699,6222205,0.99
3048,1539,3253174,1
3049,1539,3101248,1
3050,2584,6259979,0.93
3051,1539,2927187,1
3052,1539,3636156,0.97
3053,1539,2762112,1
3054,1539,3541155,0.97
3055,1539,2850913,1
3056,4645,12037466,0.96
3057,1539,2898215,1
3058,4645,11600245,0.98
3059,1539,3145673,0.98
3060,3150,8185013,0.95
3061,4645,11777530,0.93
3062,1539,2845284,1
3063,1539,2722913,1
3064,1539,2615069,1
3065,1539,3269080,0.99
3066,1539,2211374,1
3067,3444,8075002,1
3068,1539,3396907,0.97
3069,1539,2484674,1
3070,2141,4849800,1
3071,2141,4587822,0.97
3072,1539,3239631,1
3073,2584,6496990,0.88
3074,4403,11338300,0.94
3075,1539,3382799,1
3076,3444,8288671,1
3077,1539,3627595,1
3078,1539,3687687,1
3079,1539,3667012,0.96
3080,3444,8580296,0.95
3081,3621,8475731,1
3082,4645,12075729,0.91
3083,1539,2905113,1
3084,1539,3624271,1
3085,1539,3248464,1
3086,1539,2829257,1
3087,1539,3095177,1
3088,1539,3033718,1
3089,3444,8452008,0.95
3090,1539,3046904,1
3091,1539,3625173,0.96
3092,4987,11954816,1
3093,3106,7811076,0.99
3094,1539,2768392,1
3095,3621,8663028,0.89
3096,4645,11546617,1
3097,1539,2937534,1
3098,4645,11588446,0.94
3099,3680,9252777,0.98
3100,1539,3822180,0.98
3101,1539,2597536,1
3102,1539,3323705,0.98
3103,1539,3346121,1
3104,4645,11586768,0.94
3105,4403,11569574,0.89
3106,1539,2995288,1
3107,1539,2653232,1
3108,3130,7310416,1
3109,3150,7844265,0.96
3110,1539,3238307,1
3111,4987,12935100,0.91
3112,4645,11743109,0.92
3113,3680,9715283,0.97
3114,2584,6490044,0.94
3115,1539,3019365,0.99
3116,1539,3367160,0.97
3117,3130,7156898,1
3118,1539,2802921,1
3119,3150,7905038,0.97
3120,1539,3272611,0.98
3121,5000,12572359,0.99
3122,1539,3630901,0.96
3123,1539,2570767,1
3124,3106,7142920,0.95
3125,1539,2823203,1
3126,3621,8617442,0.98
3127,1539,2192631,1
3128,4645,11686326,0.92
3129,1539,3375352,1
3130,5000,11744513,0.99
3131,3130,7861211,0.96
3132,1539,3725039,0.96
3133,1539,2548989,1
3134,3621,8817132,0.93
3135,1539,3447130,1
3136,3621,8518993,0.99
3137,1539,3847434,0.91
3138,3680,8841690,1
3139,1539,3579639,0.99
3140,2584,6075398,0.76
3141,1539,3601440,0.99
3142,1539,3673107,0.92
3143,3150,8026763,0.91
3144,4987,12943873,0.92
3145,1539,3272349,1
3146,1539,3706881,1
3147,1539,2055188,1
3148,1539,3287240,1
3149,1539,3353031,0.98
3150,1539,3572215,0.95
3151,3680,9223533,0.92
3152,1539,3166266,1
3153,1539,3300780,1
3154,1539,3300073,1
3155,1539,3387510,0.99
3156,2584,6468710,0.93
3157,1539,2971876,1
3158,2584,6423397,0.95
3159,1539,2671227,1
3160,1539,3774727,0.88
3161,1539,3700552,0.98
3162,4645,11348483,0.98
3163,1539,2795098,1
3164,1539,3616907,1
3165,1539,3845843,0.93
3166,3469,8162671,0.96
3167,1539,3105314,1
3168,1539,2690818,1
3169,2584,5988922,0.91
3170,1539,3321416,1
3171,1539,2015186,1
3172,1539,2864562,1
3173,1539,3604251,1
3174,1539,2707321,1
3175,4645,11875373,0.96
3176,1539,2708680,1
3177,1539,3503430,0.97
3178,3680,8752272,0.98
3179,1539,3176742,1
3180,1539,3357580,0.99
3181,1539,2629519,1
3182,1539,2788767,1
3183,1539,2937184,0.98
3184,1539,3203972,0.99
3185,2584,6772893,0.94
3186,2584,5738150,0.99
3187,1539,3451075,0.99
3188,3621,8295657,0.99
3189,3680,9237841,1
3190,1539,2711965,1
3191,1539,3459029,0.97
3192,2584,6456850,0.91
3193,1539,2622379,1
3194,1539,3704787,1
3195,1539,3525228,0.99
3196,3106,7263652,0.99
3197,4645,12006619,0.96
3198,3106,7569515,0.95
3199,1539,3045189,0.99
3200,1539,3694493,0.9
3201,1539,3184363,1
3202,1539,3647696,0.99
3203,1539,3348933,1
3204,3130,7971465,0.89
3205,1539,2954627,1
3206,2584,5569516,0.94
3207,1539,3713138,1
3208,2699,6300771,0.99
3209,1539,2636239,1
3210,1539,3693986,0.99
3211,1539,3212046,1
3212,1539,3190029,1
3213,3680,9490309,0.97
3214,1539,2172264,1
3215,1539,3580083,1
3216,1539,3702008,0.97
3217,1539,2966588,1
3218,3444,8568321,0.97
3219,1539,3444797,0.98
3220,1539,3465014,1
3221,4645,11504267,0.98
3222,3469,8241616,1
3223,1539,2406899,1
3224,1539,3324678,1
3225,4403,10755798,0.99
3226,1539,3634455,0.93
3227,1539,3618518,0.99
3228,1539,3095494,1
3229,2141,4919345,0.83
3230,1539,2719374,1
3231,3444,8734695,0.95
3232,4403,10633030,1
3233,4403,11288047,0.87
3234,1539,2600305,1
3235,1539,2451090,1
3236,1539,3474277,1
3237,4645,11273402,0.99
3238,1539,2592521,1
3239,1539,3490424,1
3240,3469,8109353,0.98
3241,1539,3014562,1
3242,4403,11385723,0.88
3243,1539,3293116,0.99
3244,1539,3351182,0.95
3245,2584,6701703,0.93
3246,1539,3347214,1
3247,4645,12033706,0.87
3248,1539,3005064,1
3249,1539,2034785,1
3250,1539,2976947,1
3251,4645,11674693,0.99
3252,1539,2378092,1
3253,1539,2849850,0.99
3254,1539,3728520,0.99
3255,1539,3625271,0.93
3256,3106,6999157,1
3257,4645,11653712,0.97
3258,1539,3299099,1
3259,4645,11497703,0.98
3260,1539,3189513,1
3261,1539,2875872,1
3262,1539,3584495,0.99
3263,5000,12849830,0.97
3264,4987,12700174,0.95
3265,4403,11087168,0.97
3266,1539,2760055,1
3267,1539,2698779,1
3268,1539,3467522,1
3269,4645,12075144,0.93
3270,1539,3575011,0.97
3271,1539,2835503,1
3272,1539,2962574,1
3273,3150,8093370,0.9
3274,4987,12898140,0.87
3275,1539,3268400,1
3276,3130,7597881,0.95
3277,1539,3034197,1
3278,4403,11537070,0.89
3279,1539,3498368,0.99
3280,1539,2692559,1
3281,1539,3389834,0.98
3282,3444,8386333,0.96
3283,1539,2509402,1
3284,1539,2832786,1
3285,1539,3383936,1
3286,1539,3268119,1
3287,4403,10019790,1
3288,2584,6367177,0.93
3289,2141,5252058,0.94
3290,1539,2795845,1
3291,1539,3745314,0.93
3292,1539,3087566,1
3293,1539,3422139,1
3294,1539,3453314,0.98
3295,1539,2428624,1
3296,1539,3490368,0.97
3297,1539,3301709,1
3298,3106,7522363,0.95
3299,1539,3291092,0.98
3300,1539,2759293,1
3301,4645,11953512,0.97
3302,1539,2928548,1
3303,1539,2722955,1
3304,1539,2298088,1
3305,1539,2729321,1
3306,1539,3210306,1
3307,1539,3414853,1
3308,1539,2179453,1
3309,1539,3370122,0.98
3310,3150,7987723,0.89
3311,1539,2377623,1
3312,4987,9082666,1
3313,4645,12313794,0.89
3314,1539,3250020,1
3315,1539,3200411,1
3316,1539,1909599,1
3317,1539,3691767,1
3318,1539,3229276,1
3319,1539,2541208,1
3320,1539,3386629,1
3321,2141,5201708,0.87
3322,1539,3545891,0.97
3323,1539,3769715,0.98
3324,3680,9398121,0.95
3325,1539,2570505,1
3326,2699,6510953,0.98
3327,1539,3364412,0.99
3328,1539,3136522,1
3329,1539,3274661,0.96
3330,1539,3169456,1
3331,1539,3305424,0.99
3332,1539,3233213,0.99
3333,1539,2417914,1
3334,1539,3301304,1
3335,1539,3230293,1
3336,4645,11443468,0.98
3337,1539,3397665,1
3338,3680,8977395,0.96
3339,3680,9364934,1
3340,1539,2872139,0.98
3341,3150,7690857,0.96
3342,1539,3371165,1
3343,4403,11272305,0.98
3344,1539,3797052,0.97
3345,1539,2496402,1
3346,4403,11392953,0.96
3347,1539,2472773,1
3348,4645,11673116,0.98
3349,1539,3641159,1
3350,4645,12221103,0.94
3351,1539,3308862,0.99
3352,3106,7497043,0.98
3353,1539,3319966,0.98
3354,3469,8800679,1
3355,1539,3236744,1
3356,1539,3487073,0.98
3357,1539,3258423,1
3358,1539,3546555,0.98
3359,1539,3072515,1
3360,1539,3438030,0.99
3361,1539,3590933,0.98
3362,3150,8017348,0.96
3363,4645,11847778,0.94
3364,1539,3380908,1
3365,3469,8422658,0.99
3366,3444,7955573,1
3367,2699,7133943,0.96
3368,3680,8694627,0.99
3369,1539,3181577,1
3370,3621,7923972,1
3371,3621,7692675,1
3372,1539,3293019,1
3373,1539,3050307,1
3374,4403,10560365,0.97
3375,1539,2968216,1
3376,1539,3212474,1
3377,1539,3590631,0.99
3378,4645,11663667,0.93
3379,1539,3802413,0.94
3380,1539,3483677,1
3381,1539,2589458,1
3382,1539,3766147,0.97
3383,1539,3045008,1
3384,1539,3434711,1
3385,1539,2994539,1
3386,1539,3436022,0.99
3387,1539,3295457,1
3388,1539,2590164,1
3389,3621,6832002,1
3390,1539,3457366,1
3391,1539,3596306,1
3392,1539,3578966,0.98
3393,1539,3681721,0.99
3394,4403,11253685,0.93
3395,1539,3647060,1
3396,4645,7352939,1
3397,3469,8640344,0.92
3398,3680,9681354,0.87
3399,1539,3671682,1
3400,1539,3492039,1
3401,1539,3429407,0.99
3402,2141,5018100,0.91
3403,4645,12026618,0.96
3404,1539,3312635,0.99
3405,4645,11989666,0.93
3406,1539,3346018,1
3407,1539,3693081,0.92
3408,3106,7776262,0.98
3409,1539,2769961,1
3410,1539,3602296,1
3411,4403,11251911,0.95
3412,1539,2158080,1
3413,1539,3192482,1
3414,1539,3242989,0.99
3415,1539,2012517,1
3416,3106,7959346,0.94
3417,1539,3623347,0.95
3418,1539,3412538,1
3419,3621,8804151,1
3420,1539,3414892,0.99
3421,1539,3227851,1
3422,1539,3420241,0.95
3423,1539,3219124,1
3424,1539,3227074,1
3425,1539,2592988,1
3426,1539,2926515,1
3427,4645,12223124,0.93
3428,1539,3129650,1
3429,1539,2443798,1
3430,1539,3149746,1
3431,2141,5227512,0.98
3432,2699,6602682,0.97
3433,4645,11762638,0.92
3434,1539,2438948,1
3435,3469,8907938,0.89
3436,3106,7814945,0.93
3437,1539,3394625,1
3438,1539,2499630,1
3439,1539,3374847,0.99
3440,3444,8001014,1
3441,1539,3073704,1
3442,1539,2921671,1
3443,1539,3340406,1
3444,4645,11766185,0.94
3445,1539,3701556,0.98
3446,1539,2541153,1
3447,3150,8066842,0.96
3448,1539,3060154,1
3449,3680,9269392,0.95
3450,1539,3312687,1
3451,1539,3796905,1
3452,1539,3268890,1
3453,3150,8070317,0.95
3454,3150,7946603,0.99
3455,2141,5102781,0.95
3456,1539,3439283,0.98
3457,1539,2908657,1
3458,1539,3697273,0.99
3459,1539,3142473,1
3460,3621,8858394,0.94
3461,1539,2793457,1
3462,1539,3693488,0.96
3463,1539,3368491,0.97
3464,3130,7667472,0.97
3465,1539,3449476,0.97
3466,1539,3777298,0.9
3467,1539,3074420,1
3468,1539,3581283,0.99
3469,1539,3627393,0.9
3470,1539,3427286,1
3471,1539,3342233,1
3472,1539,3312388,0.99
3473,3680,9342568,0.99
3474,1539,2853221,1
3475,1539,3616394,1
3476,1539,3454617,0.99
3477,2141,5315476,0.96
3478,1539,3462208,0.98
3479,4403,11132944,0.92
3480,3106,7094168,0.99
3481,3130,8042403,0.98
3482,4403,11085311,0.92
3483,4645,12166872,0.94
3484,1539,2982295,1
3485,4403,11007469,0.89
3486,4403,11317087,0.9
3487,1539,3606411,0.99
3488,1539,2840952,1
3489,4987,12694917,0.88
3490,4987,12288421,0.98
3491,3150,8046302,0.98
3492,1539,3053044,1
3493,3150,8056549,0.94
3494,1539,3433816,0.99
3495,4403,11225019,0.96
3496,3150,8061086,0.91
3497,1539,3565598,0.99
3498,3150,7980730,0.94
3499,4403,11117062,0.93
3500,4645,11860489,0.97
3501,1539,3598008,1
3502,1539,3556077,0.9
3503,1539,2422077,1
3504,1539,2789043,1
3505,1539,3083874,1
3506,4645,12241797,0.92
3507,3130,7105427,0.96
3508,1539,3233911,1
3509,3130,7490597,0.95
3510,1539,3423924,0.99
3511,1539,2927041,1
3512,1539,3267424,1
3513,1539,3084581,1
3514,1539,3556072,0.96
3515,1539,2061620,1
3516,4645,11883263,0.94
3517,1539,3381812,0.99
3518,3106,7658297,0.93
3519,1539,3339783,1
3520,4645,11935753,0.96
3521,1539,3253230,1
3522,1539,2920054,1
3523,4645,12427304,0.97
3524,1539,3443131,1
3525,3150,7910767,0.97
3526,1539,3194749,1
3527,1539,2982735,1
3528,1539,3707541,0.95
3529,1539,3196797,1
3530,1539,2467993,1
3531,1539,3338205,0.99
3532,1539,3367427,0.95
3533,3680,9286604,1
3534,3444,8101799,1
3535,1539,2367224,1
3536,1539,3841379,0.94
3537,3680,8867796,0.97
3538,1539,3686034,0.99
3539,1539,3614197,0.95
3540,3444,7513167,0.98
3541,3130,7838125,0.94
3542,3150,8151364,0.97
3543,1539,2623862,1
3544,2141,5209533,1
3545,1539,3472811,0.98
3546,1539,3728005,0.99
3547,1539,3327891,0.99
3548,1539,3724398,0.95
3549,1539,3816268,0.94
3550,4403,10906199,0.96
3551,3680,8843099,0.97
3552,1539,3077917,1
3553,3469,7730541,0.96
3554,1539,2412601,1
3555,1539,3528607,0.99
3556,3444,8296530,0.98
3557,3469,8285592,0.99
3558,1539,2882450,1
3559,3130,7752290,0.97
3560,4645,11326176,0.95
3561,1539,2927891,1
3562,1539,3355512,1
3563,1539,3353250,0.95
3564,2699,6370265,0.93
3565,1539,2590136,1
3566,2699,6497159,1
3567,3680,9552491,0.9
3568,1539,3638304,0.94
3569,2699,6117709,0.97
3570,1539,3144323,0.99
3571,3444,8476775,0.99
3572,1539,2922778,1
3573,1539,3670171,0.98
3574,1539,2485365,1
3575,1539,3373281,1
3576,1539,3182133,1
3577,1539,3590967,0.99
3578,1539,2786413,1
3579,1539,2535756,1
3580,4403,11110498,0.86
3581,4645,11660848,0.98
3582,1539,3451944,1
3583,1539,3592156,0.99
3584,3106,7702132,0.98
3585,1539,3493178,0.98
3586,1539,3543089,1
3587,1539,3707786,0.99
3588,3130,7587185,0.99
3589,1539,3066128,1
3590,3106,7951759,0.99
3591,1539,3106540,1
3592,1539,3119083,1
3593,1539,2579024,1
3594,1539,2736505,1
3595,4645,12406817,0.91
3596,4987,12676290,0.97
3597,1539,3662581,0.98
3598,1539,3622122,0.92
3599,1539,2884834,0.99
3600,3444,7930300,0.97
3601,1539,2715136,1
3602,3130,7538278,0.91
3603,1539,3462124,1
3604,1539,2605969,1
3605,2584,6626415,0.89
3606,4403,10777856,0.95
3607,2584,6495357,0.98
3608,1539,3649676,0.96
3609,1539,2427765,1
3610,2584,5660105,1
3611,1539,3293000,1
3612,1539,3154357,1
3613,3469,7800696,1
3614,5000,12378010,1
3615,4645,12019492,0.94
3616,1539,2452306,1
3617,1539,3625441,0.9
3618,1539,3462653,0.99
3619,1539,3763103,0.89
3620,1539,3513375,0.94
3621,1539,3683447,0.98
3622,3621,8869607,0.89
3623,1539,2616742,1
3624,1539,3452267,1
3625,1539,3096622,1
3626,4403,10423794,0.99
3627,4987,11777834,1
3628,1539,3559340,0.89
3629,4403,11391387,0.9
3630,1539,3095054,1
3631,1539,3238843,0.99
3632,1539,2786560,1
3633,1539,3601901,0.98
3634,4987,13121266,0.89
3635,4645,11284178,1
3636,1539,3254925,1
3637,1539,3600038,0.95
3638,1539,2344543,1
3639,1539,3067242,1
3640,3444,8302453,0.99
3641,1539,3457550,1
3642,1539,3014164,1
3643,1539,3229024,0.99
3644,1539,3773293,0.99
3645,3444,7324098,0.99
3646,4645,11907879,0.95
3647,1539,3456872,1
3648,3444,7858409,0.99
3649,1539,3142793,0.99
3650,1539,3083131,1
3651,1539,3201987,1
3652,1539,2795749,1
3653,1539,3039502,1
3654,3680,8999852,0.96
3655,1539,2488460,1
3656,1539,3543196,0.98
3657,3130,7945378,1
3658,2584,6565648,0.88
3659,1539,3101693,1
3660,4403,11579273,0.94
3661,1539,3654064,0.94
3662,1539,2895257,1
3663,3469,7406439,0.99
3664,1539,3139310,1
3665,4987,13089044,0.84
3666,3130,7611323,0.97
3667,4645,11870861,1
3668,1539,3313671,0.99
3669,4645,12177442,0.95
3670,1539,3362303,1
3671,1539,3144921,1
3672,3106,7907248,0.97
3673,1539,3487557,1
3674,1539,3246470,0.99
3675,1539,3267397,1
3676,1539,3089539,1
3677,1539,3605271,1
3678,1539,3812018,0.88
3679,1539,3768559,0.95
3680,4403,10071478,0.98
3681,1539,1978128,1
3682,1539,3134252,1
3683,4403,10762523,0.96
3684,4645,11119116,1
3685,1539,3438756,1
3686,1539,3397166,1
3687,1539,2954684,1
3688,1539,2377029,1
3689,1539,3111663,1
3690,4987,13109352,0.9
3691,3680,9067726,0.98
3692,3130,7701874,0.93
3693,1539,3674263,0.96
3694,4987,13046538,0.94
3695,3621,8964744,0.97
3696,2699,6024206,1
3697,4403,12006472,0.94
3698,4645,11445915,0.91
3699,1539,3224619,1
3700,1539,3578027,0.97
3701,3469,8516973,0.99
3702,5000,11120877,1
3703,1539,2084539,1
3704,1539,3495042,0.98
3705,1539,2233802,1
3706,4645,11407142,0.94
3707,4645,12490778,0.83
3708,1539,3515890,1
3709,1539,2997830,1
3710,2141,4855380,1
3711,1539,3502261,0.99
3712,1539,3637716,0.99
3713,4403,11250605,0.92
3714,1539,3487181,1
3715,1539,3507505,0.97
3716,1539,2466453,1
3717,2141,5114634,0.93
3718,1539,3303761,0.99
3719,1539,2874506,1
3720,3680,9454186,0.85
3721,1539,3637811,0.98
3722,3680,9277322,0.92
3723,1539,3608690,1
3724,1539,3494110,1
3725,1539,3016113,1
3726,1539,3741698,1
3727,4645,12105595,0.93
3728,1539,3519663,0.91
3729,1539,3240759,1
3730,1539,3346737,0.99
3731,4645,12142172,0.91
3732,1539,3607876,0.91
3733,4645,11573766,0.97
3734,4987,13108331,0.94
3735,1539,3482344,1
3736,3130,7905763,0.88
3737,3621,9090604,0.91
3738,3621,8847728,0.99
3739,1539,2886498,1
3740,1539,3537559,0.95
3741,2584,6407267,0.91
3742,1539,2624443,1
3743,1539,3351205,1
3744,1539,3263206,1
3745,1539,3642910,1
3746,1539,2076408,1
3747,1539,3460698,0.99
3748,3150,8349935,0.91
3749,3150,8045725,0.99
3750,1539,3471407,0.95
3751,3680,9493224,0.89
3752,1539,3706389,1
3753,4403,10455601,1
3754,1539,3052517,1
3755,1539,2300710,1
3756,2141,5312247,0.89
3757,1539,2277740,1
3758,1539,3276307,1
3759,3150,7677166,0.98
3760,1539,3485842,0.96
3761,1539,2342203,1
3762,3150,7225041,1
3763,1539,3229000,0.99
3764,1539,3111270,1
3765,3106,7707211,0.88
3766,1539,3716928,0.98
3767,1539,3708700,0.98
3768,1539,3435815,0.98
3769,1539,3167130,1
3770,3680,9122091,1
3771,4403,11381758,0.98
3772,3106,7870328,0.94
3773,1539,3468002,0.99
3774,3130,7745841,0.91
3775,1539,3526275,0.94
3776,1539,3148709,0.98
3777,2141,5209180,0.94
3778,1539,2947140,1
3779,1539,3686479,0.99
3780,1539,3119253,1
3781,1539,2899265,1
3782,4403,11079538,0.94
3783,5000,12689901,0.93
3784,2699,5874234,1
3785,1539,2894425,1
3786,1539,3280501,1
3787,1539,2901785,1
3788,4645,11639683,0.93
3789,1539,3455004,1
3790,1539,2969527,1
3791,4645,11809872,0.96
3792,3106,7405628,0.97
3793,1539,3483410,0.98
3794,1539,2999783,1
3795,1539,3461642,0.98
3796,1539,3393101,1
3797,3150,7833409,0.99
3798,3130,7228094,1
3799,1539,3711291,0.99
3800,1539,2516382,1
3801,3680,9187095,0.97
3802,1539,2996035,1
3803,1539,2360362,1
3804,4987,12637790,0.95
3805,3469,8417042,0.98
3806,1539,2844422,1
3807,1539,2836123,1
3808,1539,3028311,1
3809,1539,3771691,1
3810,4645,11741465,0.94
3811,2141,5129317,0.99
3812,1539,3682346,0.93
3813,1539,3271423,0.94
3814,1539,3462753,0.99
3815,2584,6602810,0.94
3816,1539,3661148,0.94
3817,1539,2875952,1
3818,4987,12613442,0.95
3819,1539,3527355,0.98
3820,1539,3412374,0.94
3821,1539,3395060,0.99
3822,1539,2945585,1
3823,1539,3211286,0.99
3824,1539,3618656,0.94
3825,1539,3368461,0.99
3826,1539,3749196,0.97
3827,1539,2899379,1
3828,1539,3174666,1
3829,4403,11342339,0.93
3830,4645,10325086,1
3831,1539,3126886,1
3832,3469,8371730,0.95
3833,3106,7271000,1
3834,1539,3608544,1
3835,2699,6428664,0.98
3836,3680,9528714,0.98
3837,1539,3244937,1
3838,4645,11913192,0.97
3839,1539,3605531,1
3840,1539,3624836,0.92
3841,3621,9136065,0.93
3842,1539,3005729,1
3843,1539,3473181,0.98
3844,4987,13199274,0.9
3845,1539,3521904,0.95
3846,3130,7651236,0.99
3847,1539,3475125,1
3848,1539,3514586,0.99
3849,1539,3136521,1
3850,1539,3536534,0.96
3851,4645,9536788,1
3852,1539,2656556,1
3853,1539,3444215,0.88
3854,4645,11214359,0.97
3855,2584,6185927,0.99
3856,4987,12298323,0.97
3857,1539,2626125,1
3858,1539,2887359,1
3859,1539,2840771,1
3860,3130,7758313,0.95
3861,2584,6565757,0.98
3862,1539,3089036,1
3863,1539,2783877,1
3864,2584,6610788,0.91
3865,1539,3452787,0.98
3866,4645,11361125,0.98
3867,3444,8349925,0.99
3868,4403,10957834,0.97
3869,3469,8787529,0.93
3870,1539,3057474,1
3871,1539,3921468,0.96
3872,3130,7719690,0.98
3873,4987,13100060,0.91
3874,4645,11921521,0.97
3875,1539,3466193,0.95
3876,4645,11840008,0.98
3877,3106,7581686,0.9
3878,1539,3318241,0.97
3879,1539,2658239,1
3880,4645,12156476,0.9
3881,1539,3245534,1
3882,4645,11686678,0.94
3883,3106,7270857,0.99
3884,3444,8793762,0.97
3885,1539,2721205,1
3886,2584,6429807,0.99
3887,3130,7144495,0.96
3888,4645,11805120,0.94
3889,1539,3163791,1
3890,1539,2985805,1
3891,1539,2945403,1
3892,1539,3396109,1
3893,1539,3406312,1
3894,4645,11907966,0.97
3895,1539,2704572,1
3896,1539,3311987,1
3897,1539,3516080,1
3898,3444,8943420,0.94
3899,1539,3336481,0.99
3900,1539,2866744,0.99
3901,1539,3506204,1
3902,1539,3051832,1
3903,3680,9374197,0.95
3904,4645,11982465,1
3905,1539,3342205,0.97
3906,1539,3283382,1
3907,3130,7664166,0.92
3908,1539,3161620,1
3909,1539,3591815,1
3910,3444,8545924,0.91
3911,3680,9288412,0.96
3912,1539,3498794,1
3913,4403,11511616,0.86
3914,3680,9431251,0.93
3915,4987,12939132,0.87
3916,1539,2914528,1
3917,4645,10792095,1
3918,2584,6745841,0.95
3919,1539,3464808,1
3920,3444,8361703,1
3921,1539,3539056,1
3922,1539,3407080,0.98
3923,1539,3032733,1
3924,4645,11861102,0.94
3925,1539,2171690,1
3926,4403,11627720,0.95
3927,1539,3748056,0.94
3928,3150,8011701,0.96
3929,1539,3317521,0.98
3930,1539,3086942,0.99
3931,1539,3109486,1
3932,1539,3388985,0.97
3933,1539,3627022,0.98
3934,1539,2363697,1
3935,1539,3434090,1
3936,2584,6507287,0.95
3937,1539,2784977,1
3938,4403,11213902,0.98
3939,3106,7354955,0.99
3940,1539,3255850,1
3941,4645,12027622,0.93
3942,1539,2383692,1
3943,1539,1879221,1
3944,1539,2528105,1
3945,4403,10517610,0.99
3946,4403,10573671,1
3947,1539,3712833,0.95
3948,1539,3523266,1
3949,1539,2810206,1
3950,1539,3027353,1
3951,4645,11936230,0.98
3952,1539,3547959,1
3953,1539,2625797,1
3954,3680,9358828,0.91
3955,1539,2308347,1
3956,3130,7930672,0.85
3957,1539,3570427,0.99
3958,1539,2845500,1
3959,3106,7222762,0.91
3960,3106,7737650,0.97
3961,1539,3418455,0.96
3962,2141,5067159,0.92
3963,1539,3098148,1
3964,2699,6709566,0.99
3965,1539,3132935,1
3966,1539,2421018,1
3967,1539,3812863,0.92
3968,3444,8530794,0.99
3969,3621,9051543,0.97
3970,3469,8171765,1
3971,2699,6643719,0.94
3972,1539,3472185,0.99
3973,2141,5188037,1
3974,1539,3632746,0.97
3975,1539,3086116,1
3976,4645,12044804,0.98
3977,1539,3238244,1
3978,2584,6544086,0.94
3979,2699,5986037,0.98
3980,1539,2783014,1
3981,1539,2680446,1
3982,2699,6545857,0.96
3983,1539,3283303,1
3984,4645,11240922,0.95
3985,4645,12021543,0.99
3986,1539,2413299,1
3987,1539,3294048,1
3988,3150,7702022,0.99
3989,1539,3288775,0.99
3990,1539,2516106,1
3991,4645,12277464,0.93
3992,1539,3459327,0.89
3993,5000,11363751,0.99
3994,1539,3687202,0.93
3995,1539,2145285,1
3996,1539,2510780,1
3997,1539,2656425,1
3998,1539,3600126,0.95
3999,1539,2559779,1
4000,1539,2796943,1
4001,4645,12344278,0.96
4002,1539,3524787,1
4003,1539,3328097,1
4004,1539,3111008,1
4005,4645,11951443,0.93
4006,1539,3443966,1
4007,1539,3368233,0.98
4008,3680,8641269,0.98
4009,5000,12449947,0.92
4010,1539,2986664,1
4011,4645,11682836,0.92
4012,1539,3297397,1
4013,1539,2968635,1
4014,2699,6772036,1
4015,1539,3403450,0.99
4016,4645,11745714,0.96
4017,1539,2821898,1
4018,1539,3302758,0.99
4019,1539,3056482,1
4020,3469,8627574,0.91
4021,1539,3821559,0.96
4022,2141,4756726,1
4023,1539,3024062,1
4024,1539,2555741,1
4025,1539,2560777,1
4026,1539,2421817,1
4027,1539,3007840,1
4028,1539,3456864,0.99
4029,3150,8118127,0.84
4030,1539,3039430,1
4031,2699,6521357,0.93
4032,4645,11072599,0.93
4033,1539,3028967,1
4034,1539,3393960,0.98
4035,1539,3490459,1
4036,4403,10023832,0.97
4037,1539,3146872,1
4038,2584,6381904,0.9
4039,1539,2731262,1
4040,4645,12134154,0.95
4041,1539,3625598,1
4042,4645,11558992,0.92
4043,3150,7624916,1
4044,1539,3396263,1
4045,1539,2683506,1
4046,2141,4984552,0.97
4047,1539,3035948,1
4048,1539,3469547,1
4049,1539,3069467,1
4050,3680,8907138,0.94
4051,1539,3197179,1
4052,1539,2108483,1
4053,4987,12763580,0.95
4054,1539,3565024,1
4055,1539,3339949,1
4056,4403,11241024,0.94
4057,1539,3735536,0.99
4058,1539,2734487,1
4059,1539,3398044,0.99
4060,4403,10200007,0.99
4061,1539,3518942,1
4062,1539,3225929,1
4063,4403,10660400,0.98
4064,1539,3700971,0.99
4065,1539,3167687,1
4066,4403,11135651,0.98
4067,1539,3524917,0.98
4068,1539,3262245,1
4069,3680,8818552,0.96
4070,3106,7295295,0.94
4071,1539,2907520,1
4072,4987,12915617,0.89
4073,4645,11851414,0.97
4074,4987,12582755,0.94
4075,1539,3762096,0.94
4076,1539,3460156,0.98
4077,3130,8023425,0.93
4078,4645,11840048,0.94
4079,1539,3940206,0.87
4080,1539,3627669,0.98
4081,1539,3409000,1
4082,1539,3451237,1
4083,1539,3322367,0.99
4084,1539,3174376,0.99
4085,1539,3216410,1
4086,3680,9459434,0.87
4087,1539,3480917,1
4088,4645,11388170,0.98
4089,3680,9440307,0.88
4090,1539,3042610,1
4091,4645,11742782,0.99
4092,3444,8239251,1
4093,3130,7721613,0.98
4094,3621,9081877,0.98
4095,3444,8221835,0.94
4096,1539,3953696,0.9
4097,1539,3232689,0.96
4098,1539,3820540,0.93
4099,1539,2295169,1
4100,4403,10519369,1
4101,1539,2938331,1
4102,1539,3523157,1
4103,1539,3828987,0.95
4104,1539,3211869,0.99
4105,3106,6729205,1
4106,1539,2819473,1
4107,1539,3603894,1
4108,1539,2896863,1
4109,3469,8951631,0.93
4110,1539,3625265,0.98
4111,1539,2192075,1
4112,3621,8778887,0.95
4113,4645,12086347,0.93
4114,1539,3002872,1
4115,1539,3260804,1
4116,1539,2496647,1
4117,1539,1644379,1
4118,3444,8641491,0.95
4119,2141,5183312,0.95
4120,3680,9358371,0.85
4121,3621,9059589,1
4122,1539,2569383,1
4123,1539,3283626,0.97
4124,1539,2172757,1
4125,2141,4676327,0.97
4126,2584,6411147,0.98
4127,3106,7851858,0.96
4128,1539,2871500,1
4129,1539,3518658,0.98
4130,1539,3393530,0.98
4131,3106,7304475,0.99
4132,1539,2343730,1
4133,1539,3399831,1
4134,3444,8242473,1
4135,3680,9183600,0.96
4136,4645,11847284,0.94
4137,1539,3272627,1
4138,1539,3326976,1
4139,1539,3340174,1
4140,3680,9403245,0.94
4141,1539,2819669,1
4142,1539,3009107,1
4143,3150,7681714,0.97
4144,1539,2804057,1
4145,1539,3094089,1
4146,1539,3145711,1
4147,3106,7078416,1
4148,4403,11450388,0.98
4149,1539,2587268,1
4150,3150,7983364,0.97
4151,1539,3453128,0.96
4152,1539,3133836,1
4153,1539,2436040,1
4154,1539,3544747,1
4155,1539,2211948,1
4156,1539,3283691,0.99
4157,1539,3304450,0.99
4158,1539,3255606,0.99
4159,1539,3533931,1
4160,1539,3386914,1
4161,4403,11178081,0.96
4162,3106,8135017,0.96
4163,3621,8621162,0.93
4164,1539,2274505,1
4165,1539,2964148,0.99
4166,3444,7517608,0.96
4167,5000,12817439,0.95
4168,1539,3337835,1
4169,1539,3538672,0.99
4170,4403,11011387,0.95
4171,3469,8500329,0.98
4172,3106,7420386,0.99
4173,1539,3117971,1
4174,1539,2898186,1
4175,4645,11828544,0.98
4176,1539,3223721,1
4177,4645,11905452,0.88
4178,1539,3663135,1
4179,4403,6120548,1
4180,1539,3522116,1
4181,1539,2686356,1
4182,1539,2909987,1
4183,1539,3131667,1
4184,3150,7940477,0.93
4185,1539,3491436,0.88
4186,1539,3831190,1
4187,1539,3192099,1
4188,1539,3515508,1
4189,4645,11689840,0.99
4190,2584,6305806,0.98
4191,1539,3044128,0.98
4192,4645,12212277,0.98
4193,1539,3158936,1
4194,1539,3094350,1
4195,1539,3526504,1
4196,4645,11213442,1
4197,1539,3192387,0.96
4198,1539,3571357,0.92
4199,1539,3268269,1
4200,3680,8913132,0.95
4201,1539,3357578,0.99
4202,1539,3271326,1
4203,1539,3021422,1
4204,1539,3543491,0.93
4205,1539,2355671,1
4206,4645,11894315,0.94
4207,1539,3477664,1
4208,3680,9274393,0.94
4209,1539,3927736,0.93
4210,3621,8938060,0.94
4211,1539,3556017,0.99
4212,3130,7685635,0.93
4213,3680,8176768,0.99
4214,1539,3536811,0.98
4215,4645,11880996,0.88
4216,1539,2759898,1
4217,3680,9374590,0.97
4218,1539,3571783,1
4219,4987,12805155,1
4220,1539,2485979,1
4221,3680,9210405,0.92
4222,1539,2572047,1
4223,1539,2654300,1
4224,1539,3392807,1
4225,1539,3282198,0.97
4226,3130,7838571,0.95
4227,3150,8330788,0.96
4228,4645,11943504,0.91
4229,1539,3076304,1
4230,3469,8435100,0.99
4231,3680,8826582,1
4232,1539,3100376,1
4233,2584,6268514,0.99
4234,1539,3536618,1
4235,1539,2611703,1
4236,4645,11640372,0.93
4237,1539,2489190,1
4238,3130,7291230,0.94
4239,4645,11882353,0.93
4240,1539,3749650,0.98
4241,4645,11353655,0.99
4242,1539,2843097,1
4243,1539,3003082,1
4244,1539,3274310,1
4245,1539,3439506,0.99
4246,3150,7752932,0.95
4247,3106,7691090,0.9
4248,1539,3157391,0.98
4249,2699,6139574,0.94
4250,1539,3787639,0.94
4251,4645,11552056,0.95
4252,1539,3451700,0.99
4253,1539,3087691,0.99
4254,3150,6353226,1
4255,1539,3255661,0.97
4256,3444,7748810,0.98
4257,3680,9236990,0.89
4258,2699,5706143,1
4259,1539,3367583,0.99
4260,1539,2830996,1
4261,3469,8371460,0.98
4262,4645,11858773,0.97
4263,1539,3448567,1
4264,3621,8389863,0.99
4265,3469,8146484,0.99
4266,1539,3631295,0.99
4267,1539,3385584,0.97
4268,1539,3344022,1
4269,1539,2891846,1
4270,1539,2688274,1
4271,3130,7755540,0.99
4272,1539,3410104,0.98
4273,3444,8287185,0.99
4274,1539,3260072,1
4275,4645,11542163,0.96
4276,3106,7607652,0.97
4277,2699,5992621,1
4278,1539,3147121,1
4279,3444,8678173,1
4280,4645,11671378,0.96
4281,1539,3597917,0.94
4282,1539,2681369,1
4283,1539,2887255,1
4284,1539,3455075,0.99
4285,1539,3878913,0.89
4286,1539,2685765,1
4287,3469,8304322,0.97
4288,3130,7260879,1
4289,1539,2768562,1
4290,3621,8350035,1
4291,1539,2604802,1
4292,1539,3362740,1
4293,1539,2591676,1
4294,1539,3113584,1
4295,1539,2527155,1
4296,1539,3433466,0.97
4297,1539,3094995,1
4298,2699,6174069,1
4299,1539,2800957,1
4300,3621,8777622,0.99
4301,2141,5367636,0.98
4302,1539,3226796,1
4303,1539,3396866,1
4304,1539,3156250,1
4305,4403,11231805,0.94
4306,1539,2630088,1
4307,1539,2626333,1
4308,4987,13084913,0.93
4309,4403,11421710,0.93
4310,1539,3241975,0.99
4311,3106,7744785,0.97
4312,1539,3340902,0.99
4313,1539,3005829,1
4314,1539,3338069,0.99
4315,1539,2185582,1
4316,3150,8124574,0.89
4317,3621,8767646,0.98
4318,1539,3689582,1
4319,2141,5233449,0.98
4320,1539,2593777,1
4321,4645,12016119,0.91
4322,1539,3154429,1
4323,1539,3331548,1
4324,3444,8338915,1
4325,1539,3225936,1
4326,1539,2790136,1
4327,3106,7803735,0.97
4328,1539,3374366,1
4329,1539,3342542,1
4330,1539,2997583,0.99
4331,4645,11179284,0.97
4332,4645,12054279,0.92
4333,3621,8970936,0.97
4334,4403,10780205,0.93
4335,2584,6521702,0.94
4336,1539,3191845,0.99
4337,1539,2936166,1
4338,1539,2306488,1
4339,1539,3012257,1
4340,4403,10714277,0.98
4341,1539,3793675,0.96
4342,4645,11606905,0.92
4343,1539,3593481,0.99
4344,1539,3405674,1
4345,1539,3386913,0.99
4346,4645,12210059,0.9
4347,1539,2803724,1
4348,1539,3264182,1
4349,1539,2681677,1
4350,1539,3544576,0.96
4351,2584,6573321,0.94
4352,1539,3398290,0.96
4353,1539,3187942,1
4354,1539,2913504,1
4355,1539,2501258,1
4356,4645,11681868,0.96
4357,4645,11851455,0.94
4358,1539,2905065,1
4359,1539,3584697,0.99
4360,2699,6531367,0.94
4361,4403,11204737,0.93
4362,4645,11586265,0.85
4363,1539,2342228,1
4364,1539,2985584,1
4365,1539,3732725,0.97
4366,1539,2558891,1
4367,4645,10925045,1
4368,1539,3159633,1
4369,5000,9740336,1
4370,1539,3162324,0.97
4371,3444,7965239,0.98
4372,4645,11972561,0.9
4373,1539,3186616,1
4374,1539,3130625,0.98
4375,1539,3825323,0.99
4376,3106,8066456,0.94
4377,4645,12234142,0.87
4378,1539,3123351,1
4379,1539,2200288,1
4380,3621,8936321,0.95
4381,2584,6840593,0.93
4382,5000,13533862,0.84
4383,1539,3154378,1
4384,1539,3248298,1
4385,1539,3128591,1
4386,3469,7788361,0.96
4387,1539,3375239,0.99
4388,1539,2939410,1
4389,1539,3348308,0.99
4390,1539,3355442,1
4391,1539,3138596,0.99
4392,1539,2682195,1
4393,2141,5430109,0.96
4394,1539,3738674,1
4395,4645,11822196,0.94
4396,2699,6598052,0.98
4397,1539,2301577,1
4398,2584,6523850,0.99
4399,1539,2342010,1
4400,4645,11961770,0.96
4401,3680,9096587,0.97
4402,1539,3663700,0.99
4403,3106,7579010,1
4404,1539,3382403,1
4405,3106,7767712,1
4406,1539,2364688,1
4407,1539,3701321,0.97
4408,1539,2314379,1
4409,1539,2303613,1
4410,1539,3575524,0.94
4411,1539,3041654,1
4412,2141,5546730,0.97
4413,1539,3480209,0.98
4414,4645,12185280,0.92
4415,1539,2832719,1
4416,1539,3318599,0.97
4417,1539,3323651,1
4418,1539,3668917,0.96
4419,1539,2552246,1
4420,1539,2132925,1
4421,1539,3374516,1
4422,2584,6591757,0.87
4423,3680,9483186,0.93
4424,1539,3322496,1
4425,2584,6444563,0.98
4426,1539,2995702,1
4427,2584,6607878,0.99
4428,3106,7528804,1
4429,3150,8105773,0.92
4430,1539,2703522,1
4431,1539,2252788,1
4432,1539,3852783,0.96
4433,1539,2577354,1
4434,1539,3457582,1
4435,1539,3435528,0.98
4436,3150,7655528,0.99
4437,1539,2302018,1
4438,1539,2527132,1
4439,1539,2869955,1
4440,1539,2808178,1
4441,1539,3605746,0.95
4442,2584,6749491,0.99
4443,1539,3563909,0.98
4444,3680,9086785,0.93
4445,1539,3500910,1
4446,1539,3453903,1
4447,1539,2743971,1
4448,1539,3376256,0.98
4449,1539,3121135,1
4450,4645,11336141,0.98
4451,1539,2662387,1
4452,4403,11436162,0.93
4453,3444,8649111,0.99
4454,4645,11620827,0.96
4455,5000,13342984,0.89
4456,1539,2889965,1
4457,3680,9257051,0.89
4458,2141,5170146,1
4459,3444,8267066,0.97
4460,1539,2998106,1
4461,1539,3726092,0.99
4462,1539,3635500,0.99
4463,1539,2854919,1
4464,1539,3237583,1
4465,1539,3889224,0.98
4466,3680,9275137,0.94
4467,1539,3488782,0.96
4468,1539,2610617,1
4469,1539,3434353,0.99
4470,1539,2864114,1
4471,1539,3289489,1
4472,1539,2973166,1
4473,1539,3168464,0.99
4474,1539,3101381,1
4475,3130,8225195,0.98
4476,1539,3160554,1
4477,1539,3310384,0.99
4478,3106,7720033,0.96
4479,1539,3159053,0.99
4480,1539,2724505,1
4481,2584,6319174,0.96
4482,1539,3612954,1
4483,1539,3263344,1
4484,1539,3144358,1
4485,1539,2774456,1
4486,1539,3065891,1
4487,1539,3409834,0.97
4488,1539,3569809,1
4489,1539,3078103,1
4490,3106,7742423,0.93
4491,1539,2496355,1
4492,1539,3606330,0.96
4493,1539,3513394,0.98
4494,1539,2906352,1
4495,1539,3619046,0.94
4496,1539,2689265,1
4497,1539,2890946,1
4498,1539,3443929,1
4499,1539,3418550,0.99
4500,1539,3201398,1
4501,1539,2890352,1
4502,3130,7441963,0.91
4503,1539,3352160,1
4504,3680,8581076,0.98
4505,1539,2103542,1
4506,1539,3243584,1
4507,1539,2853054,1
4508,1539,3699437,0.97
4509,1539,3234830,1
4510,1539,3264129,1
4511,2584,6711836,0.97
4512,1539,2552762,1
4513,4645,11854192,0.93
4514,1539,3600564,0.99
4515,1539,2650846,1
4516,3150,8089916,0.91
4517,1539,2565245,1
4518,4403,11258222,1
4519,1539,2670890,1
4520,2699,6473174,0.84
4521,1539,3512351,0.99
4522,1539,2797574,1
4523,4645,12141714,0.94
4524,1539,3544739,0.95
4525,1539,3567239,0.99
4526,4403,10869580,0.92
4527,3469,8461092,1
4528,1539,3725475,0.99
4529,1539,2746131,1
4530,2699,6632656,1
4531,1539,2745244,1
4532,4645,11362358,0.95
4533,1539,3601798,0.94
4534,1539,2687038,1
4535,4987,12148399,1
4536,1539,3199613,0.99
4537,2141,5416347,0.98
4538,3621,8737227,0.98
4539,1539,3377634,1
4540,1539,3399340,1
4541,3106,7171533,0.97
4542,3106,7770462,0.96
4543,1539,2223346,1
4544,1539,3192178,1
4545,1539,2279224,1
4546,1539,3429226,0.97
4547,1539,3293916,1
4548,1539,2669092,1
4549,1539,3577469,0.99
4550,1539,2199647,1
4551,1539,2477779,1
4552,2584,6506249,0.96
4553,1539,3230852,1
4554,4987,12702900,0.98
4555,1539,3350828,0.99
4556,1539,3240844,1
4557,1539,3704905,1
4558,1539,3095024,1
4559,4645,11973122,0.85
4560,1539,3752920,0.99
4561,1539,3817043,0.95
4562,1539,3649617,0.97
4563,1539,3099152,1
4564,1539,3751457,0.95
4565,1539,3338987,0.99
4566,1539,3374129,0.97
4567,2584,6347907,0.95
4568,1539,3683934,1
4569,3469,8646823,0.98
4570,1539,3613388,0.98
4571,3680,9431669,0.83
4572,2699,6453363,0.99
4573,1539,3069687,1
4574,2699,6594189,0.97
4575,3444,8372902,1
4576,1539,2896817,1
4577,1539,2157190,1
4578,1539,2849012,1
4579,2584,6538326,0.98
4580,1539,2507324,1
4581,1539,3208512,0.99
4582,1539,3455695,1
4583,1539,3601797,0.92
4584,1539,2882789,1
4585,1539,3000061,1
4586,1539,3530360,0.97
4587,1539,3688066,0.94
4588,4645,12088171,0.87
4589,4645,11669514,0.95
4590,2141,5156738,0.97
4591,4645,12068817,0.95
4592,3621,8981188,0.98
4593,1539,3614008,1
4594,1539,3720803,0.94
4595,2141,5163461,0.99
4596,1539,2596505,1
4597,1539,2950971,1
4598,1539,3122100,1
4599,2584,6521866,0.83
4600,1539,3422974,1
4601,3444,8477993,0.99
4602,1539,3108262,1
4603,4403,11251663,1
4604,1539,2938543,1
4605,1539,3449116,0.98
4606,1539,3491868,0.96
4607,1539,2781994,1
4608,5000,12944313,0.91
4609,2584,6295822,0.95
4610,4403,11338870,0.97
4611,1539,3572975,1
4612,4645,11785883,0.99
4613,1539,2644012,1
4614,3680,8546316,1
4615,1539,2842142,1
4616,3130,7494294,0.99
4617,4645,11662987,0.99
4618,3106,7642477,0.98
4619,4645,12283291,0.96
4620,1539,3170938,1
4621,1539,3743688,0.92
4622,1539,2562823,1
4623,1539,2706021,1
4624,1539,3628655,0.81
4625,1539,3418896,0.99
4626,1539,2533445,1
4627,4987,13329522,0.86
4628,2584,6449833,0.91
4629,3680,9728397,0.89
4630,1539,3257876,1
4631,1539,2410056,1
4632,1539,3800601,1
4633,4645,12014949,0.98
4634,4403,11352073,0.92
4635,1539,3222425,0.99
4636,1539,3261992,1
4637,1539,2906856,1
4638,4987,12923383,0.94
4639,4645,12721810,0.86
4640,1539,3087302,0.98
4641,3150,7815341,0.92
4642,1539,3413473,0.96
4643,1539,3101457,1
4644,4645,11915523,0.96
4645,1539,3359477,0.99
4646,1539,3689369,0.98
4647,1539,3235107,0.99
4648,1539,2307050,1
4649,1539,3370775,1
4650,1539,3688531,0.99
4651,1539,3633263,0.99
4652,3621,8718205,0.96
4653,1539,3579947,1
4654,1539,3211638,1
4655,1539,2916207,1
4656,1539,2811820,1
4657,3106,7160980,0.99
4658,3621,9140432,0.95
4659,1539,3765402,0.91
4660,1539,3683562,0.96
4661,1539,2642444,1
4662,1539,3742351,0.91
4663,1539,3265891,1
4664,4403,11510453,0.89
4665,1539,1993363,1
4666,1539,3253431,0.97
4667,1539,3568045,1
4668,1539,3583978,0.97
4669,3680,9348031,0.95
4670,1539,3270594,1
4671,1539,3651617,0.95
4672,1539,2826915,1
4673,1539,2449379,1
4674,3621,8750030,0.96
4675,1539,2931829,1
4676,1539,3616948,1
4677,1539,2680934,1
4678,4987,12688234,0.98
4679,1539,3421575,0.99
4680,4403,11003545,0.93
4681,1539,3636122,0.99
4682,3621,8929778,0.94
4683,1539,3250106,0.99
4684,1539,3560709,1
4685,1539,2910858,1
4686,1539,3315073,1
4687,1539,3192955,1
4688,1539,3477091,1
4689,3469,7791444,1
4690,1539,3479234,1
4691,1539,3713320,0.96
4692,3106,6658255,0.95
4693,2699,6378828,0.98
4694,1539,2804232,1
4695,1539,3444936,1
4696,1539,2806123,1
4697,3469,8248861,0.97
4698,4987,13010826,0.92
4699,1539,3164423,1
4700,2699,6438728,0.99
4701,3469,8975057,0.93
4702,4403,10425466,1
4703,3469,8222126,0.97
4704,2584,6723486,0.76
4705,1539,3320550,1
4706,1539,2544583,1
4707,1539,3522733,0.93
4708,3130,7386124,1
4709,1539,3435369,0.98
4710,4403,10906651,0.96
4711,3150,8010217,0.87
4712,1539,3461181,1
4713,4403,11087685,0.97
4714,2141,5182790,0.97
4715,1539,2362161,1
4716,1539,3073408,1
4717,1539,2733177,1
4718,1539,3971708,0.81
4719,4645,12173283,0.95
4720,1539,3421236,0.99
4721,1539,3076381,1
4722,1539,2328905,1
4723,1539,3577643,1
4724,1539,3727792,1
4725,2584,6758354,0.77
4726,1539,2067126,1
4727,1539,2365900,1
4728,1539,2769240,1
4729,1539,3708734,0.94
4730,1539,2798272,1
4731,4403,11542860,0.98
4732,1539,3516258,1
4733,1539,3102459,1
4734,3680,9274558,0.98
4735,2141,5211948,0.99
4736,1539,2761866,1
4737,1539,3182170,1
4738,3444,8579860,0.95
4739,1539,2317390,1
4740,3680,8638428,0.95
4741,1539,3454076,0.99
4742,4987,12486668,0.99
4743,1539,3131846,1
4744,3469,8209360,1
4745,1539,3582826,1
4746,3444,8314015,0.95
4747,1539,2990041,1
4748,3621,8442210,0.99
4749,3106,7769774,0.96
4750,1539,3425018,0.95
4751,1539,3467911,1
4752,2584,6622818,0.89
4753,4987,12271517,0.98
4754,1539,2983461,1
4755,3150,7510564,1
4756,1539,3295409,0.97
4757,1539,2482550,1
4758,2584,6667239,0.93
4759,1539,3108193,1
4760,1539,3762897,0.91
4761,1539,3578121,0.99
4762,1539,3108411,1
4763,1539,2532959,1
4764,1539,3257021,0.99
4765,1539,3484266,1
4766,1539,3410897,0.98
4767,1539,2858671,1
4768,1539,3022248,1
4769,2584,6533174,0.98
4770,3106,7657859,0.94
4771,1539,2560337,1
4772,1539,3003801,1
4773,4645,11452193,0.98
4774,1539,3621368,0.98
4775,1539,3401841,0.99
4776,1539,3471141,0.98
4777,2584,6491307,0.85
4778,1539,3295939,1
4779,1539,3668206,0.99
4780,3106,7652442,0.93
4781,1539,3463904,1
4782,1539,3655805,1
4783,1539,3337089,0.99
4784,4645,11817169,0.93
4785,4645,11312600,0.97
4786,1539,3500245,1
4787,1539,3319939,1
4788,1539,2952854,1
4789,3680,9300910,0.94
4790,3150,7772588,0.98
4791,1539,3101787,1
4792,4645,11778620,0.97
4793,1539,2540211,1
4794,1539,2570260,1
4795,3444,8154932,0.97
4796,1539,3051438,1
4797,1539,2612822,1
4798,1539,3470169,0.98
4799,1539,3237703,1
4800,4645,11209494,0.98
4801,1539,2960126,1
4802,1539,3308651,1
4803,3444,8447876,1
4804,1539,2791820,1
4805,1539,2491631,1
4806,2699,6605393,0.95
4807,1539,3633638,0.91
4808,1539,3614601,0.98
4809,1539,3241445,1
4810,1539,3520069,0.99
4811,1539,3464826,0.95
4812,1539,3696082,0.87
4813,1539,3170468,1
4814,1539,3222092,1
4815,1539,3174234,1
4816,1539,2587149,1
4817,1539,2717059,1
4818,4645,11839425,0.88
4819,1539,3550622,0.99
4820,1539,3032224,1
4821,4645,11861169,0.9
4822,1539,1952577,1
4823,2141,5049736,0.96
4824,1539,3379585,1
4825,1539,3307540,1
4826,1539,2541740,1
4827,1539,2361992,1
4828,3444,8270406,0.96
4829,1539,3597177,0.95
4830,1539,3598934,1
4831,1539,3676004,1
4832,4645,12246341,0.83
4833,3130,7169301,0.99
4834,1539,3654752,1
4835,3680,9016730,0.97
4836,1539,3628180,0.96
4837,1539,3517848,0.94
4838,1539,2258191,1
4839,1539,2943500,1
4840,1539,3436903,1
4841,1539,3072185,1
4842,4645,11729657,0.9
4843,1539,3054422,1
4844,4403,11471417,0.88
4845,4645,12126932,0.93
4846,1539,2671613,1
4847,1539,3557522,0.99
4848,1539,3342807,1
4849,4987,13118432,0.95
4850,1539,3099026,1
4851,1539,3177722,0.99
4852,1539,3081092,1
4853,1539,3186351,1
4854,3444,8455004,0.99
4855,1539,2683827,1
4856,1539,3363734,1
4857,1539,3200284,1
4858,4403,11154353,0.91
4859,3621,8978178,0.99
4860,1539,2521539,1
4861,1539,3505467,0.99
4862,1539,2858647,1
4863,4403,10754890,1
4864,4645,10602467,0.95
4865,1539,3831914,0.97
4866,1539,3646202,0.97
4867,1539,3497712,1
4868,1539,3566246,1
4869,3680,8790024,0.99
4870,1539,3135412,1
4871,3621,9402518,0.94
4872,1539,2465458,1
4873,1539,3035665,1
4874,3106,7534883,0.99
4875,1539,2586275,1
4876,1539,3540500,0.99
4877,1539,3528365,0.99
4878,1539,3467886,0.98
4879,3106,7729272,0.96
4880,3444,8178280,0.96
4881,4403,10914647,0.97
4882,1539,2967740,1
4883,1539,2776199,1
4884,1539,2582151,1
4885,1539,3675441,0.98
4886,1539,3251785,1
4887,1539,2815101,1
4888,3106,7638050,0.99
4889,1539,2411426,1
4890,1539,3693845,0.98
4891,1539,3355479,1
4892,1539,3442704,1
4893,1539,3356422,0.99
4894,1539,3426379,1
4895,1539,3503211,1
4896,3106,7836784,0.96
4897,1539,2196363,1
4898,1539,3134672,1
4899,1539,3602255,1
4900,1539,3379527,1
4901,1539,3445551,0.99
4902,1539,3456336,1
4903,1539,2969909,1
4904,3106,7638978,0.85
4905,1539,3516754,1
4906,1539,2874340,1
4907,3680,8892353,0.99
4908,1539,2756427,1
4909,1539,2513288,1
4910,2584,6414136,1
4911,1539,2232350,1
4912,3444,8540248,0.96
4913,1539,3170903,1
4914,1539,3156904,1
4915,1539,2568527,1
4916,4987,13029288,0.83
4917,1539,3489577,1
4918,3621,9405460,0.93
4919,1539,3595017,1
4920,1539,3636473,1
4921,1539,3447425,0.98
4922,4645,11821633,0.89
4923,3106,7469084,1
4924,1539,3125117,1
4925,1539,3207432,1
4926,3106,6771054,0.98
4927,3444,8125484,0.99
4928,3150,7577442,0.99
4929,1539,2128884,1
4930,1539,3187186,1
4931,4645,11454916,0.99
4932,5000,12930416,0.94
4933,4987,12774290,0.94
4934,3469,6944504,0.99
4935,1539,2804390,1
4936,1539,3164162,1
4937,1539,3137981,0.98
4938,2584,6362615,0.96
4939,1539,3453931,0.99
4940,1539,3792273,0.89
4941,1539,3549256,0.98
4942,4987,13092419,0.94
4943,4987,12818626,0.91
4944,1539,3260447,1
4945,4645,11697395,0.96
4946,1539,3776495,0.98
4947,1539,3558815,0.99
4948,1539,2921212,1
4949,1539,3187131,1
4950,1539,2858885,1
4951,1539,3701266,0.94
4952,4645,12008908,0.95
4953,3106,7120165,0.97
4954,4403,11374396,0.97
4955,1539,2518183,1
4956,1539,3357045,1
4957,4645,11789721,0.97
4958,1539,3386740,0.98
4959,1539,3046417,1
4960,4987,12081365,0.98
4961,3150,7829924,0.98
4962,1539,3495492,0.97
4963,1539,3028700,1
4964,1539,3460462,0.96
4965,1539,3293458,1
4966,1539,3065968,1
4967,2584,6194567,0.98
4968,1539,3517987,0.99
4969,1539,2525485,1
4970,1539,3246340,0.99
4971,1539,3034094,1
4972,1539,3518917,1
4973,1539,3236790,1
4974,1539,3481906,1
4975,1539,3771192,0.99
4976,4403,10875868,0.99
4977,4645,11531291,0.95
4978,1539,2704618,1
4979,3621,8945732,0.97
4980,1539,3689007,0.93
4981,1539,3004704,1
4982,1539,3395447,1
4983,1539,2017121,1
4984,3444,7314885,1
4985,3680,9474513,0.96
4986,1539,2265599,1
4987,1539,3572034,0.97
4988,1539,2350114,1
4989,1539,3270084,1
4990,1539,3383312,1
4991,4645,11853581,0.98
4992,1539,2559996,1
4993,1539,3501504,1
4994,4645,11735839,0.92
4995,1539,2234950,1
4996,1539,2952566,1
4997,1539,3591838,1
4998,1539,3378407,1
4999,3444,8647167,0.99
5000,3680,9433601,0.94
5001,1539,2174315,1
5002,3621,8723769,0.98
5003,1539,3763418,0.98
5004,1539,3370313,0.99
5005,1539,3467091,1
5006,1539,3296981,1
5007,1539,2846157,1
5008,3469,7839182,0.98
5009,1539,3691656,0.95
5010,4645,11355061,0.95
5011,4645,12220133,0.86
5012,4645,11410729,0.96
5013,1539,2522967,1
5014,3106,7919435,0.8
5015,3150,8146015,0.92
5016,3621,9339234,0.97
5017,1539,3128460,0.99
5018,1539,2817365,1
5019,3106,7543544,0.98
5020,1539,3343636,1
5021,4645,11745007,0.97
5022,4987,12879662,0.95
5023,1539,3190673,0.87
5024,1539,3777162,0.98
5025,1539,3122356,1
5026,3130,7612799,0.96
5027,2141,5223732,0.98
5028,3150,8124803,0.96
5029,1539,3181431,1
5030,1539,3746564,0.99
5031,2584,6486763,0.95
5032,1539,3500397,1
5033,1539,2960558,1
5034,1539,2445921,1
5035,1539,3813488,0.96
5036,1539,3159918,1
5037,1539,3558005,1
5038,1539,3648744,0.99
5039,1539,2547038,1
5040,1539,2539350,1
5041,1539,3104637,1
5042,1539,3168307,0.99
5043,1539,3394338,1
5044,4403,10506659,0.99
5045,1539,2716487,1
5046,1539,3725239,0.98
5047,1539,2636414,1
5048,1539,3292348,0.96
5049,1539,3487886,1
5050,3621,8636150,0.99
5051,3444,8182679,0.98
5052,1539,3488553,1
5053,1539,2362115,1
5054,1539,3618011,0.99
5055,1539,3666074,1
5056,1539,3006384,0.99
5057,1539,2968471,1
5058,3469,8411126,0.96
5059,1539,3932925,0.97
5060,1539,3658869,0.99
5061,1539,3444819,0.96
5062,1539,3364201,1
5063,3680,9550365,0.93
5064,1539,2422715,1
5065,1539,3114752,1
5066,1539,2858583,1
5067,3621,8838339,0.94
5068,1539,3377662,1
5069,1539,3944432,0.94
5070,3621,8387631,0.99
5071,4987,12727382,0.94
5072,3150,7447737,0.99
5073,1539,3697839,1
5074,1539,3726408,0.93
5075,3444,8934193,0.88
5076,1539,3635713,0.99
5077,1539,3515281,0.98
5078,1539,3332495,1
5079,1539,3253624,1
5080,3150,7833946,0.91
5081,1539,2508552,1
5082,1539,2622312,1
5083,4645,11842688,0.98
5084,4645,10805377,0.96
5085,1539,2197375,1
5086,1539,2702212,1
5087,1539,3377039,1
5088,1539,2444422,1
5089,1539,3477992,1
5090,1539,2893376,1
5091,1539,2534984,1
5092,1539,2802192,1
5093,4645,12085303,0.91
5094,1539,3034879,1
5095,1539,3433647,1
5096,1539,3388972,0.99
5097,1539,3738841,0.97
5098,1539,3524723,1
5099,1539,3575546,0.97
5100,3130,7226022,0.98
5101,2584,6357663,0.93
5102,1539,3474259,0.98
5103,1539,3442500,0.98
5104,3469,8238910,1
5105,3150,7731557,0.95
5106,1539,3271452,1
5107,4403,10996957,0.94
5108,1539,3322824,1
5109,1539,2740910,0.99
5110,1539,1917237,1
5111,1539,3001144,1
5112,1539,2687253,1
5113,1539,3059925,1
5114,3130,6917345,1
5115,4645,11680500,0.83
5116,1539,2306198,1
5117,1539,2238826,1
5118,4645,11372457,0.98
5119,1539,2633627,1
5120,1539,3508978,0.99
5121,1539,3404087,0.99
5122,1539,3760148,0.98
5123,1539,2863872,1
5124,3680,9142731,0.95
5125,4645,11966353,0.92
5126,1539,3395068,1
5127,1539,3339926,1
5128,1539,3319193,1
5129,4645,11609012,0.95
5130,1539,3498697,1
5131,4403,11370031,0.94
5132,1539,2991464,1
5133,1539,3779764,0.94
5134,1539,3437449,0.99
5135,1539,3047562,1
5136,3621,8959657,0.97
5137,3150,8194501,0.97
5138,1539,3317006,0.97
5139,1539,2964070,1
5140,1539,3054629,1
5141,2584,6780084,0.93
5142,1539,3538529,0.95
5143,1539,2431556,1
5144,1539,3377624,0.97
5145,4403,11185486,0.97
5146,1539,3380584,1
5147,1539,3500767,0.93
5148,1539,3727371,0.96
5149,1539,3114495,1
5150,2699,6273751,0.99
5151,1539,2851693,1
5152,1539,3244793,0.98
5153,4645,11454792,0.96
5154,4403,11156539,0.9
5155,1539,3533475,1
5156,1539,3558725,0.97
5157,3106,7775269,0.97
5158,2584,6765512,0.87
5159,1539,2767365,1
5160,1539,3352347,0.99
5161,1539,2299039,1
5162,4403,11373249,0.9
5163,4403,10908915,0.99
5164,1539,3370778,1
5165,1539,3232515,0.96
5166,3150,7849470,0.92
5167,1539,3194035,1
5168,1539,2958177,1
5169,1539,3500182,0.94
5170,4645,11633467,0.97
5171,1539,3370716,1
5172,1539,3491383,0.99
5173,3680,9652270,0.78
5174,3150,7512822,0.97
5175,3621,8474954,0.99
5176,1539,3512689,0.99
5177,1539,3175746,1
5178,1539,3150237,1
5179,1539,3445749,1
5180,1539,3163896,1
5181,1539,2759581,1
5182,1539,3176130,1
5183,1539,3373164,1
5184,1539,2947808,1
5185,4645,11399250,0.98
5186,1539,3250405,1
5187,1539,2736767,1
5188,4645,11777469,0.87
5189,1539,2616755,1
5190,1539,3474581,0.99
5191,1539,3075166,1
5192,1539,2297871,1
5193,1539,2976052,0.98
5194,1539,2246944,1
5195,1539,3084363,1
5196,1539,2307338,1
5197,1539,2483782,1
5198,1539,2459086,1
5199,4645,11821106,0.94
5200,1539,3436334,1
5201,4645,11030680,0.96
5202,2699,6698605,0.99
5203,4645,12334186,0.95
5204,1539,3655105,0.96
5205,1539,3156393,0.99
5206,3150,7761548,0.99
5207,1539,2727160,1
5208,3130,7756535,0.98
5209,1539,3559658,1
5210,3150,7670265,0.98
5211,1539,2480899,1
5212,1539,2690904,1
5213,1539,2407275,1
5214,1539,3531386,1
5215,1539,3137298,0.97
5216,1539,2813260,1
5217,1539,3553775,0.96
5218,1539,3518370,0.9
5219,1539,3744215,0.92
5220,1539,2666276,1
5221,1539,3810320,0.98
5222,3150,7896548,0.99
5223,1539,2569852,1
5224,1539,2979664,1
5225,1539,3489334,0.99
5226,1539,3222887,1
5227,4645,12114714,0.9
5228,2699,6292696,0.99
5229,1539,3579573,1
5230,1539,2999455,1
5231,1539,2988354,1
5232,3150,7833840,1
5233,1539,3209878,0.98
5234,2699,6331247,0.99
5235,1539,3309590,1
5236,1539,3208259,0.96
5237,3444,7568831,1
5238,1539,2543760,1
5239,1539,3413896,1
5240,1539,3000251,1
5241,1539,3732723,0.86
5242,1539,3052709,1
5243,3621,8873834,1
5244,2584,6673953,0.93
5245,1539,3392873,0.99
5246,3150,7899926,0.96
5247,1539,3120431,1
5248,1539,3317910,1
5249,1539,2839809,1
5250,1539,3135413,1
5251,1539,3247281,0.99
5252,3130,7625039,0.99
5253,3106,7197805,1
5254,1539,2259651,1
5255,1539,3528467,0.98
5256,3444,7920356,1
5257,1539,2331100,1
5258,1539,3454584,0.98
5259,1539,3362479,1
5260,1539,3236391,1
5261,1539,3308114,1
5262,1539,3322047,0.99
5263,4645,12022699,0.88
5264,1539,3595858,0.96
5265,1539,2099474,1
5266,1539,2880976,1
5267,1539,3543651,1
5268,4403,11348344,0.85
5269,1539,3490595,1
5270,1539,3202950,1
5271,3680,8988474,0.94
5272,3130,7547007,0.92
5273,1539,3735886,0.98
5274,1539,2630620,1
5275,1539,3020748,1
5276,1539,2475717,1
5277,1539,3326396,1
5278,3469,8003559,0.99
5279,4645,11690424,0.98
5280,1539,3064626,1
5281,1539,3282213,1
5282,4645,12072035,0.92
5283,1539,2851182,1
5284,4645,11751459,0.9
5285,4987,12323550,0.95
5286,1539,3339728,1
5287,3130,7655146,0.98
5288,4645,11803302,0.99
5289,3469,7951412,1
5290,1539,3065472,1
5291,1539,3514183,1
5292,4645,11387212,0.99
5293,3680,9508556,0.95
5294,4987,11994690,0.99
5295,3621,9233484,0.87
5296,1539,3560872,0.98
5297,1539,3041313,1
5298,1539,3434658,0.98
5299,3106,7475508,0.97
5300,1539,2690390,1
5301,4403,11189185,0.95
5302,1539,3694069,0.99
5303,4987,13060326,0.96
5304,2699,6322090,0.98
5305,1539,3276505,1
5306,1539,3192223,1
5307,4403,11486240,0.97
5308,1539,2160745,1
5309,1539,2765720,1
5310,1539,2859830,1
5311,3130,7392390,0.99
5312,4987,12707364,0.91
5313,1539,2178444,1
5314,1539,3435008,0.99
5315,5000,13472073,0.97
5316,1539,3312388,0.99
5317,3130,7592648,0.91
5318,3150,7820671,0.95
5319,1539,3208866,0.99
5320,2699,6227690,0.99
5321,1539,3395843,1
5322,1539,3339373,0.98
5323,1539,3352375,1
5324,1539,2582733,1
5325,1539,3371699,1
5326,1539,3460202,0.99
5327,1539,3337595,0.99
5328,2699,6796540,0.92
5329,1539,3230343,0.99
5330,1539,3040121,1
5331,2584,5970073,0.96
5332,4403,10982803,0.97
5333,3680,8962409,1
5334,1539,2017240,1
5335,1539,2990877,1
5336,3680,8960313,0.96
5337,4987,12691911,0.97
5338,1539,2362373,1
5339,1539,3408285,0.98
5340,4403,11239989,0.96
5341,1539,2821785,1
5342,3106,7523946,0.94
5343,3621,9313230,0.93
5344,1539,3382196,1
5345,1539,2936876,1
5346,4403,11078037,0.96
5347,1539,2527347,1
5348,1539,3599305,0.99
5349,1539,2980966,1
5350,1539,2521776,0.99
5351,3469,7515605,0.98
5352,1539,3384348,0.99
5353,1539,3765722,0.95
5354,1539,3439318,1
5355,1539,3366185,1
5356,1539,3759607,0.98
5357,1539,2504567,1
5358,1539,2058326,1
5359,1539,2781823,1
5360,1539,3698048,0.94
5361,1539,3127540,1
5362,1539,2813909,1
5363,3130,7762496,0.91
5364,1539,3383381,0.98
5365,1539,3294873,1
5366,1539,3206918,0.98
5367,1539,3459559,0.99
5368,1539,3440575,1
5369,3621,8669311,1
5370,3106,7503903,0.89
5371,1539,3062898,1
5372,1539,3130405,1
5373,1539,3225305,1
5374,1539,3816449,0.93
5375,1539,2894205,1
5376,1539,3293896,0.99
5377,1539,3702395,0.98
5378,4645,12171971,0.87
5379,1539,2842168,1
5380,2141,5262737,0.95
5381,1539,3722019,0.95
5382,2699,6565537,1
5383,1539,3106530,1
5384,4987,12206190,0.96
5385,1539,3931772,0.91
5386,1539,2316507,1
5387,4987,12656488,0.95
5388,3621,8676661,0.98
5389,4645,12126505,0.87
5390,3444,8672823,0.86
5391,1539,2602011,1
5392,3680,9229040,0.95
5393,1539,3645038,1
5394,1539,3560716,0.99
5395,1539,3305417,1
5396,1539,2836397,1
5397,1539,3908822,0.93
5398,3130,7681997,0.91
5399,1539,3746223,1
5400,1539,3102386,1
5401,1539,3175102,0.98
5402,4645,11776056,0.98
5403,1539,3478251,1
5404,4403,11224929,0.97
5405,1539,2269377,1
5406,1539,2721162,1
5407,4645,12173679,0.99
5408,3469,8406350,1
5409,4987,12930466,0.97
5410,1539,3623206,1
5411,3444,7862398,0.96
5412,1539,3740218,0.97
5413,1539,2822680,1
5414,4645,11554139,0.94
5415,4645,9539404,0.99
5416,4403,10941286,0.98
5417,1539,3635452,1
5418,1539,3655919,0.99
5419,3469,7994752,1
5420,4645,11130936,0.99
5421,1539,3563054,0.96
5422,1539,3343692,0.98
5423,1539,3450510,1
5424,1539,3417615,0.99
5425,1539,3497174,1
5426,1539,3581834,0.98
5427,5000,12810764,0.99
5428,2699,5858491,0.99
5429,1539,2687739,0.99
5430,1539,3612432,0.96
5431,3106,7553120,1
5432,3106,7430122,0.93
5433,1539,3452787,1
5434,2699,6374999,1
5435,1539,3716372,0.96
5436,1539,2880769,1
5437,3621,8990273,1
5438,3444,8213128,0.97
5439,1539,3268032,1
5440,1539,3326001,1
5441,4403,10837438,0.95
5442,1539,3531077,0.97
5443,1539,2914581,1
5444,1539,2853438,0.99
5445,3130,7344406,1
5446,1539,3306044,0.93
5447,1539,3239934,1
5448,3469,8239870,0.99
5449,1539,2990789,1
5450,1539,3354076,0.99
5451,4645,11275633,1
5452,1539,3498852,0.95
5453,1539,3630597,0.99
5454,2584,6682506,0.94
5455,1539,2970952,1
5456,1539,2574921,1
5457,3106,7445429,0.96
5458,1539,3429656,0.99
5459,1539,2980906,1
5460,4645,11542729,0.96
5461,3680,9092500,0.98
5462,1539,3799178,0.88
5463,1539,2738965,1
5464,1539,3508858,0.99
5465,1539,3518893,0.99
5466,3621,8878955,0.98
5467,2584,6315949,0.99
5468,1539,2700327,1
5469,3130,7226145,0.94
5470,1539,3683296,0.93
5471,1539,3255692,1
5472,1539,2798953,1
5473,1539,3266005,1
5474,1539,3532483,0.99
5475,1539,2503281,1
5476,1539,3645137,0.94
5477,1539,3692429,0.85
5478,1539,3451354,0.98
5479,1539,3137473,1
5480,1539,3232538,1
5481,2699,6148102,1
5482,1539,3174950,1
5483,1539,3464706,1
5484,4403,11230967,0.87
5485,3469,8442393,0.98
5486,1539,3295726,1
5487,4987,12865642,0.95
5488,4403,10857748,0.96
5489,1539,3319914,0.99
5490,1539,2098014,1
5491,2699,6181565,1
5492,1539,3552266,1
5493,1539,2709642,1
5494,1539,3582132,0.91
5495,1539,3549670,0.96
5496,1539,3336044,1
5497,1539,3888536,0.99
5498,1539,3236578,1
5499,4645,12339773,0.97
5500,3150,8066204,0.91
5501,3130,7851203,0.95
5502,1539,3435893,0.98
5503,4987,12542256,0.9
5504,1539,2857648,1
5505,2699,6472918,0.99
5506,4645,12249237,0.99
5507,1539,2418590,1
5508,1539,3040514,1
5509,3621,8908396,0.99
5510,1539,3189285,1
5511,1539,3303226,1
5512,1539,3480104,1
5513,3680,9387137,0.87
5514,1539,3158653,1
5515,1539,2618023,1
5516,3130,7654796,0.95
5517,1539,2823782,1
5518,3469,8569576,0.98
5519,1539,3744367,0.94
5520,1539,3084102,1
5521,1539,3241913,0.99
5522,4987,12482317,0.98
5523,1539,3317510,1
5524,3680,9212003,0.96
5525,1539,3699641,1
5526,1539,3290817,1
5527,3621,8419548,0.99
5528,1539,2955259,1
5529,1539,3712241,0.98
5530,1539,3435415,1
5531,1539,3596891,0.99
5532,4645,12174286,0.94
5533,1539,3117275,1
5534,1539,3042513,1
5535,1539,3341720,1
5536,4645,12023287,0.87
5537,1539,2837800,1
5538,1539,3077122,0.99
5539,4645,11765069,0.97
5540,1539,3263001,1
5541,1539,3504366,0.97
5542,5000,12807640,0.93
5543,3106,7731399,1
5544,1539,3664258,0.98
5545,3150,7833604,0.91
5546,1539,2572806,1
5547,1539,3511710,1
5548,4645,11862626,0.95
5549,1539,3011616,0.99
5550,1539,3034652,1
5551,1539,3659694,1
5552,1539,3690649,1
5553,1539,3461307,1
5554,4403,10810780,0.94
5555,1539,3280202,1
5556,1539,3358818,1
5557,1539,3035563,1
5558,1539,3605225,0.98
5559,1539,3227419,1
5560,4987,12486850,0.98
5561,2584,6379618,0.96
5562,1539,3601208,0.99
5563,3469,7799818,1
5564,1539,3576323,0.98
5565,1539,3306839,1
5566,2699,6662553,0.99
5567,1539,3076875,1
5568,1539,3603642,0.91
5569,2584,6151804,0.98
5570,4645,12038864,0.98
5571,1539,3534318,1
5572,1539,3610627,1
5573,4645,11833609,0.97
5574,1539,3574656,1
5575,4645,11713118,0.92
5576,1539,2786746,1
5577,1539,2571531,1
5578,1539,2806551,1
5579,3469,8905548,0.99
5580,1539,3368055,1
5581,4403,11655640,0.97
5582,1539,3178948,0.97
5583,1539,3475667,0.99
5584,1539,3090321,1
5585,3106,7367983,0.97
5586,1539,2193505,1
5587,4403,11343339,0.93
5588,4645,11765770,0.97
5589,2584,6370323,0.99
5590,1539,3300764,1
5591,1539,3858076,0.84
5592,1539,3474824,0.84
5593,1539,2435419,1
5594,1539,3004018,1
5595,4403,11077068,0.95
5596,1539,3140068,1
5597,1539,2962767,0.98
5598,1539,3282857,1
5599,1539,2995092,1
5600,4645,9611175,1
5601,4403,11264287,0.93
5602,1539,3094565,1
5603,1539,3732771,0.97
5604,3444,8441402,0.99
5605,1539,3415877,1
5606,1539,2635639,1
5607,1539,2863775,1
5608,4987,12252945,0.99
5609,1539,3360317,1
5610,1539,3299187,1
5611,2584,6556269,0.9
5612,3469,8977672,1
5613,1539,3883135,0.89
5614,2699,6883108,0.94
5615,1539,3632112,0.97
5616,1539,2989112,1
5617,4403,10908655,1
5618,1539,3771331,0.92
5619,3150,8247725,0.91
5620,3469,8648247,0.99
5621,1539,3606093,0.97
5622,1539,3391299,0.98
5623,1539,3124422,1
5624,3130,7906530,0.96
5625,1539,2674946,1
5626,4645,12168139,0.84
5627,1539,3004531,0.99
5628,1539,3260648,1
5629,3621,8866313,0.98
5630,1539,3163649,1
5631,4987,13009782,0.91
5632,1539,2836890,1
5633,3469,8154075,0.99
5634,3150,7574808,1
5635,1539,2637823,1
5636,1539,2363667,1
5637,3150,6639129,0.98
5638,3469,7613168,0.99
5639,3680,9352212,0.98
5640,4645,11624009,0.92
5641,1539,2813543,1
5642,3106,7840895,0.91
5643,1539,3374135,1
5644,1539,2141066,1
5645,3680,9347721,0.95
5646,3621,8076149,0.94
5647,1539,3362658,1
5648,4645,11654135,1
5649,1539,2352110,1
5650,3150,8098660,0.81
5651,1539,3230172,1
5652,2699,6688392,0.95
5653,4645,12181150,0.88
5654,1539,3578873,1
5655,5000,12596601,0.96
5656,1539,3092738,1
5657,4645,11640201,0.96
5658,1539,3446186,0.99
5659,1539,3455431,1
5660,1539,3612752,0.96
5661,3106,7854717,0.93
5662,3130,7839113,1
5663,1539,2482435,1
5664,1539,3645893,0.99
5665,1539,3597338,0.97
5666,4645,11603525,0.97
5667,3130,7214326,0.91
5668,1539,3582650,1
5669,5000,12605836,0.92
5670,3469,8437883,0.98
5671,1539,3475869,1
5672,3106,7694038,0.93
5673,1539,2377336,1
5674,3130,7711877,0.97
5675,3150,7978351,0.87
5676,1539,3552224,1
5677,1539,2826132,1
5678,4403,11410852,0.92
5679,3621,8743234,0.94
5680,1539,2838045,1
5681,1539,3275315,1
5682,3130,7774877,0.96
5683,4645,11806869,0.95
5684,1539,3808594,0.94
5685,1539,3315242,1
5686,3444,7927403,0.98
5687,1539,3257209,1
5688,1539,3446508,0.97
5689,3150,8060353,0.93
5690,4403,10605545,0.95
5691,1539,3049776,1
5692,1539,2806250,1
5693,3106,7791065,0.97
5694,3130,7832687,0.99
5695,4403,10865902,0.96
5696,3444,7840481,0.97
5697,3444,7819676,0.99
5698,1539,2986248,0.99
5699,2584,6744459,0.86
5700,1539,3284819,1
5701,1539,3706750,0.91
5702,1539,2591488,1
5703,3680,9392883,0.95
5704,1539,3244720,1
5705,1539,2497811,1
5706,3680,9428566,0.94
5707,1539,3486839,0.99
5708,3621,8553719,0.99
5709,1539,2774986,1
5710,1539,2891629,1
5711,1539,3604637,0.94
5712,3680,9240037,0.94
5713,1539,3720458,0.99
5714,1539,3328484,0.99
5715,3444,7744424,0.98
5716,3621,9020566,0.98
5717,1539,2581054,1
5718,1539,2643504,0.99
5719,1539,3008556,1
5720,4403,11128363,0.96
5721,3680,8367766,0.99
5722,4987,12475705,0.94
5723,3680,9073836,0.96
5724,1539,3793611,0.92
5725,1539,3634270,0.95
5726,1539,3228776,0.96
5727,3469,8322470,0.99
5728,3150,7129071,0.96
5729,2141,5286100,0.97
5730,1539,3627841,1
5731,4645,11651064,0.93
5732,1539,3028310,1
5733,1539,3477295,0.98
5734,2699,6276541,0.95
5735,1539,3631255,0.98
5736,1539,3452137,0.97
5737,1539,2752700,0.99
5738,4987,12329036,0.96
5739,3621,9200504,0.98
5740,1539,2515504,1
5741,2141,4901856,1
5742,1539,2477217,1
5743,4403,11173218,0.98
5744,4403,10870226,1
5745,3680,9931274,0.85
5746,2141,5014521,1
5747,1539,3536656,0.99
5748,1539,3269242,1
5749,1539,3447063,0.99
5750,1539,3622913,1
5751,1539,3134516,1
5752,3150,7995331,0.92
5753,1539,3089846,1
5754,3106,7663914,0.98
5755,1539,3340352,0.99
5756,3130,7858705,0.97
5757,3444,8163923,0.99
5758,4987,12347002,0.92
5759,1539,3517704,1
5760,1539,3352623,0.99
5761,1539,3057146,1
5762,1539,3304268,1
5763,4645,11656629,0.87
5764,1539,2947974,1
5765,1539,4028267,0.97
5766,4403,10889610,0.98
5767,1539,3818488,0.94
5768,1539,3044802,1
5769,3130,6981545,0.99
5770,1539,3202781,1
5771,1539,2979667,1
5772,1539,3389368,1
5773,3680,9079952,0.97
5774,1539,2702320,1
5775,1539,3380390,0.99
5776,1539,3489886,1
5777,1539,2605768,1
5778,3130,7495198,0.96
5779,1539,3247859,1
5780,4987,13118874,0.91
5781,1539,2220892,1
5782,1539,2781658,1
5783,1539,3439235,0.99
5784,3106,7640903,0.97
5785,5000,12405982,0.99
5786,1539,3303812,1
5787,1539,3539022,0.98
5788,1539,3581792,0.99
5789,3680,8839816,0.98
5790,1539,3022266,1
5791,1539,2788890,1
5792,3621,8976806,0.94
5793,1539,3273751,1
5794,1539,2390850,1
5795,1539,2596572,1
5796,1539,3182709,1
5797,1539,3465884,1
5798,1539,3450954,0.97
5799,1539,3178929,0.99
5800,1539,2275150,1
5801,1539,3246517,1
5802,1539,3603985,0.94
5803,1539,3220779,1
5804,1539,2736032,1
5805,1539,3439957,0.98
5806,3444,7877551,0.99
5807,3680,9038666,0.99
5808,4645,11984169,0.98
5809,1539,3105832,1
5810,1539,3191189,1
5811,4645,10883520,0.95
5812,1539,3359747,1
5813,1539,3383291,1
5814,1539,3747784,0.98
5815,1539,2963924,1
5816,1539,2610351,1
5817,1539,3068817,1
5818,4987,12566870,0.97
5819,4645,11969289,0.92
5820,1539,3387457,1
5821,1539,3255089,1
5822,1539,2959039,1
5823,1539,3593596,1
5824,1539,3126308,1
5825,5000,12274351,0.98
5826,2141,5326268,0.94
5827,1539,3415748,0.98
5828,1539,3825989,0.97
5829,1539,3036343,1
5830,4987,12237977,0.95
5831,1539,3535983,0.99
5832,4987,12760671,0.92
5833,3621,8860361,0.96
5834,1539,3039500,1
5835,3130,7704378,0.96
5836,4403,11373471,0.98
5837,2699,6798595,0.98
5838,2584,6651518,0.97
5839,1539,3706678,0.9
5840,3150,7529572,1
5841,1539,2680470,1
5842,1539,2625711,1
5843,1539,2545824,1
5844,4403,10762200,0.91
5845,1539,3558427,0.96
5846,1539,3372455,1
5847,1539,3008496,1
5848,1539,3851426,0.97
5849,2584,6519235,0.88
5850,1539,3397367,1
5851,1539,3241206,0.99
5852,3469,7943480,1
5853,4645,11781228,0.95
5854,3680,9155479,0.98
5855,1539,2605825,1
5856,1539,2706370,0.99
5857,1539,3330429,0.99
5858,1539,2924224,1
5859,1539,2869462,1
5860,1539,2607773,1
5861,4645,12101415,0.94
5862,4645,11672411,0.93
5863,1539,2841816,1
5864,4403,10908850,0.98
5865,2584,6734277,0.95
5866,1539,2864469,1
5867,1539,2417184,1
5868,3621,8035923,1
5869,1539,3481100,0.93
5870,1539,3416989,0.99
5871,1539,3087418,1
5872,4645,11803765,0.92
5873,3621,8619748,0.99
5874,3106,7753071,0.94
5875,1539,2164322,1
5876,1539,3342437,0.99
5877,2141,5355360,0.99
5878,1539,2576301,1
5879,3469,8348184,0.96
5880,4987,13150156,0.93
5881,1539,2572292,1
5882,1539,3673783,0.98
5883,1539,2624469,1
5884,3150,7984584,0.9
5885,2584,6245467,1
5886,1539,3304870,1
5887,3469,8183791,0.99
5888,1539,3113851,1
5889,1539,3189114,1
5890,1539,3353168,1
5891,1539,2236474,1
5892,1539,3318055,1
5893,3106,7415758,0.93
5894,1539,3293730,1
5895,1539,2615443,1
5896,1539,3530496,0.87
5897,1539,2775582,1
5898,1539,3687797,0.98
5899,1539,3488805,1
5900,1539,2227573,1
5901,3150,8225164,0.83
5902,1539,3208785,0.99
5903,1539,3367328,1
5904,1539,2369738,1
5905,4403,10675821,0.99
5906,1539,3334774,1
5907,1539,3136478,1
5908,1539,3440607,0.98
5909,3469,7995728,1
5910,1539,2681284,1
5911,1539,3168960,1
5912,1539,2964854,1
5913,4987,13136240,0.85
5914,4645,12049027,0.94
5915,3680,9179141,0.94
5916,3150,7460223,0.92
5917,2141,5097767,0.97
5918,1539,3558627,0.98
5919,1539,3779437,0.99
5920,2584,6533533,0.92
5921,1539,3565641,0.89
5922,1539,2863238,1
5923,3621,8373967,0.94
5924,1539,3101624,1
5925,1539,3639842,0.97
5926,1539,3266172,1
5927,1539,3270493,1
5928,1539,2471758,1
5929,4403,10996453,1
5930,1539,2756136,1
5931,1539,3368727,1
5932,1539,2178378,1
5933,2699,6729675,0.98
5934,2584,6414763,0.91
5935,3621,8263853,0.99
5936,4645,12306922,0.95
5937,1539,3183204,1
5938,1539,3068184,1
5939,1539,3527499,1
5940,1539,3759303,1
5941,3106,7110391,1
5942,3444,8714266,0.98
5943,1539,3112588,0.99
5944,1539,2371337,1
5945,4645,12127263,0.94
5946,3469,7906294,1
5947,1539,3539600,0.97
5948,1539,3656901,1
5949,1539,2815810,1
5950,1539,3163256,1
5951,1539,3143399,1
5952,1539,3338132,1
5953,4987,12942437,0.93
5954,3444,8497869,0.98
5955,1539,3177671,1
5956,2584,6477524,0.94
5957,3680,9294487,0.97
5958,3444,8063498,1
5959,2584,6495372,0.9
5960,3680,8703381,1
5961,1539,3262769,1
5962,1539,3248393,1
5963,1539,3652956,0.97
5964,1539,3202916,1
5965,1539,3615583,1
5966,1539,3205287,1
5967,2141,5201024,0.99
5968,4645,11718236,0.97
5969,1539,2709581,1
5970,1539,3814523,0.85
5971,1539,3385035,0.98
5972,1539,3259777,1
5973,2699,6080878,0.98
5974,2584,6438942,0.95
5975,1539,3740706,0.98
5976,1539,3725905,0.92
5977,1539,3363285,1
5978,1539,3326113,1
5979,1539,2642012,1
5980,1539,3128608,1
5981,1539,2736216,1
5982,4645,12026816,0.98
5983,1539,3278369,0.99
5984,1539,3151282,1
5985,1539,3312340,1
5986,1539,2444563,1
5987,1539,2851432,1
5988,1539,3554082,1
5989,1539,2307913,1
5990,4403,10928956,0.95
5991,3621,8824967,0.99
5992,1539,2805532,1
5993,1539,3108830,1
5994,1539,2829165,1
5995,1539,3207646,1
5996,2141,4956425,0.99
5997,2699,6433106,0.94
5998,1539,3518930,1
5999,1539,3213358,0.99
6000,1539,3461281,0.95
6001,3150,8321917,1
6002,1539,2556885,1
6003,1539,3178525,1
6004,2584,6215308,0.97
6005,1539,2338255,1
6006,1539,3509843,1
6007,4987,12766663,0.98
6008,1539,2733937,1
6009,1539,3721655,0.98
6010,4403,10994519,0.98
6011,1539,3186016,0.99
6012,1539,2539827,1
6013,1539,2621358,1
6014,3150,7990167,0.94
6015,1539,3288896,1
6016,1539,3781793,0.95
6017,4987,13113531,0.95
6018,2584,6405727,0.99
6019,2699,6595495,0.99
6020,1539,2651585,1
6021,3130,7835385,1
6022,2584,6567661,0.85
6023,1539,3235120,1
6024,3150,7705288,0.95
6025,1539,2177337,1
6026,1539,3297608,0.99
6027,1539,3257792,1
6028,3621,8347123,0.97
6029,1539,3340404,1
6030,1539,3702449,0.89
6031,1539,3848123,0.94
6032,1539,3207144,1
6033,1539,3035790,1
6034,4403,11121764,0.92
6035,1539,3500187,0.98
6036,1539,3102771,0.99
6037,4403,11128727,0.98
6038,1539,3353620,1
6039,1539,3654742,0.97
6040,1539,3402214,1
6041,1539,3487397,0.98
6042,1539,3235452,1
6043,3150,7796160,0.99
6044,1539,3589288,1
6045,1539,2429420,1
6046,1539,2241762,1
6047,1539,3071535,1
6048,1539,3486669,1
6049,1539,2217676,1
6050,4645,11848188,0.94
6051,1539,3434727,1
6052,1539,3060663,1
6053,1539,3767030,0.97
6054,3621,8931088,0.99
6055,4645,11768906,0.93
6056,1539,2412308,1
6057,1539,3220160,1
6058,1539,3244121,1
6059,1539,2735328,1
6060,4645,12149563,0.94
6061,1539,3664583,0.95
6062,3621,8598635,0.97
6063,1539,3352558,1
6064,1539,3766082,0.96
6065,2699,6478477,0.93
6066,1539,2078009,1
6067,3680,9321669,0.94
6068,3444,8187536,0.91
6069,1539,3326733,0.98
6070,1539,3515943,0.97
6071,1539,3696954,0.94
6072,1539,2648745,1
6073,1539,3772048,0.99
6074,1539,2891479,1
6075,4645,11522537,0.92
6076,1539,2351772,1
6077,1539,3187984,1
6078,4403,11205222,0.92
6079,1539,3432659,0.94
6080,1539,3092608,1
6081,1539,3004298,1
6082,3444,8498834,0.99
6083,1539,3623551,0.99
6084,3150,8036282,0.96
6085,4987,12710932,0.97
6086,1539,3418495,1
6087,3680,8455665,1
6088,1539,3381915,0.99
6089,1539,2755035,1
6090,1539,2071120,1
6091,1539,3451192,0.99
6092,1539,3350155,1
6093,1539,3240813,0.99
6094,2141,5041013,0.97
6095,4403,10940674,0.97
6096,1539,3208717,1
6097,1539,3583499,0.97
6098,1539,3088282,0.98
6099,1539,2430269,1
6100,4987,12906976,0.94
6101,1539,2305658,1
6102,3150,7694556,0.9
6103,4645,10979448,0.99
6104,1539,3045147,0.99
6105,1539,2204239,1
6106,1539,3636863,0.99
6107,1539,3389803,0.98
6108,1539,2808796,1
6109,3150,7722381,1
6110,3680,9226072,0.94
6111,1539,3909290,0.96
6112,3150,7279229,0.99
6113,1539,2687634,1
6114,1539,3676530,0.97
6115,1539,2927178,1
6116,3680,9718077,0.92
6117,1539,3603268,0.97
6118,1539,3610770,0.96
6119,3130,7672143,0.99
6120,1539,3603259,0.99
6121,1539,3465977,1
6122,1539,3632017,0.93
6123,3621,8680771,0.97
6124,3130,7445387,0.95
6125,1539,3172269,1
6126,1539,3724054,0.91
6127,1539,3106592,0.99
6128,1539,3102003,1
6129,1539,3353760,1
6130,1539,3179509,1
6131,4645,11635045,0.96
6132,1539,3352124,0.99
6133,4645,11713901,0.99
6134,1539,3800468,0.94
6135,1539,2945835,1
6136,2141,5133468,1
6137,4987,12007214,0.97
6138,1539,2657121,1
6139,1539,3586616,1
6140,1539,3567610,0.99
6141,1539,2972163,1
6142,1539,3491300,1
6143,4645,11787720,0.97
6144,4645,12068636,0.91
6145,1539,3795218,0.99
6146,1539,3705980,0.97
6147,1539,3321731,1
6148,1539,2837736,0.99
6149,1539,3305222,0.99
6150,1539,3382348,1
6151,3621,8655459,1
6152,1539,2941327,1
6153,4403,10117577,0.99
6154,2141,5319464,0.94
6155,1539,3084135,1
6156,1539,3279468,0.97
6157,1539,3209832,0.98
6158,1539,2897852,1
6159,1539,3215545,0.99
6160,1539,2350611,1
6161,1539,2724622,1
6162,4403,11101766,0.92
6163,2584,6607609,0.87
6164,3130,7450535,0.98
6165,1539,3295330,1
6166,4403,11185571,0.94
6167,3680,9130187,0.97
6168,1539,3611789,0.99
6169,1539,2460804,1
6170,1539,3685015,0.98
6171,1539,2659129,1
6172,4403,11188695,0.96
6173,1539,3583798,0.96
6174,1539,3251798,1
6175,1539,3276665,0.99
6176,1539,3176478,1
6177,1539,3124482,1
6178,1539,3212275,1
6179,4645,12262725,0.94
6180,4645,11816246,0.94
6181,3130,7903793,0.92
6182,1539,2618734,1
6183,3621,8721098,0.96
6184,4645,11230726,0.96
6185,1539,3310936,1
6186,4987,12977599,1
6187,1539,2125555,1
6188,3130,7289257,0.99
6189,1539,3019170,0.99
6190,1539,3533676,1
6191,1539,3458863,1
6192,3106,7453191,0.97
6193,1539,2407104,1
6194,1539,3025843,1
6195,4645,11943723,0.88
6196,1539,3548561,0.98
6197,4403,9486702,1
6198,1539,3051423,1
6199,1539,3324324,0.99
6200,4645,12064379,0.97
6201,4645,11801959,0.95
6202,4403,10771809,0.99
6203,1539,3257715,0.97
6204,1539,2974582,1
6205,1539,3134154,1
6206,3680,9582536,0.97
6207,1539,3643664,0.95
6208,1539,2100610,1
6209,3621,7575026,0.99
6210,1539,3441908,0.99
6211,1539,3496030,1
6212,3469,8254417,0.97
6213,3150,7854339,0.97
6214,1539,3408602,0.99
6215,1539,3618695,0.98
6216,1539,3507276,0.98
6217,1539,3131266,1
6218,1539,2682107,1
6219,1539,3490706,0.99
6220,1539,3336559,1
6221,2141,5244870,0.94
6222,1539,3374762,0.98
6223,1539,3622379,0.94
6224,3150,7572256,0.97
6225,1539,3486618,1
6226,1539,3413741,0.97
6227,1539,3929565,1
6228,1539,3456056,0.97
6229,1539,3411202,0.99
6230,3444,8643207,0.96
6231,1539,3055827,0.99
6232,3680,9501658,0.91
6233,4645,12224202,0.92
6234,2141,5041313,1
6235,3621,8278188,1
6236,4403,11395708,0.94
6237,1539,3137610,1
6238,1539,3859346,0.98
6239,3130,7335197,0.97
6240,1539,3573487,0.95
6241,3680,9635715,0.94
6242,1539,2960435,1
6243,1539,3365780,1
6244,1539,3380667,0.95
6245,1539,3273185,0.98
6246,3621,8860216,0.95
6247,1539,3266122,1
6248,4645,11754434,0.98
6249,1539,3416010,0.97
6250,1539,3385999,0.99
6251,1539,2615583,1
6252,4403,10811141,1
6253,3106,7754289,1
6254,1539,2752705,1
6255,1539,3604558,0.95
6256,1539,2894335,1
6257,1539,3237676,0.99
6258,1539,2972379,1
6259,1539,2970288,1
6260,3150,7873957,0.91
6261,1539,3344226,1
6262,2699,6240672,0.99
6263,1539,2768888,1
6264,3680,9367637,0.91
6265,1539,2983415,1
6266,4645,11138092,0.99
6267,3106,8085009,0.98
6268,1539,3636437,0.99
6269,3621,8362498,0.97
6270,1539,2324489,1
6271,1539,3639608,0.99
6272,4645,11027485,0.94
6273,1539,3594902,1
6274,1539,3496861,0.99
6275,1539,2156266,1
6276,1539,3810911,0.99
6277,1539,3670164,0.94
6278,3150,7499396,0.98
6279,1539,2594148,1
6280,2699,6482805,0.99
6281,1539,3187530,1
6282,1539,3569752,0.98
6283,3150,8042797,0.94
6284,1539,3765379,1
6285,1539,3517282,1
6286,2141,5322900,0.95
6287,1539,2890968,1
6288,1539,3511783,1
6289,1539,2303971,1
6290,1539,3252278,0.9
6291,3680,8745073,0.97
6292,4645,11111622,0.99
6293,3150,8123105,0.96
6294,1539,2769485,1
6295,1539,3646195,0.95
6296,3469,8653050,0.98
6297,1539,3447592,0.99
6298,4403,10734346,0.89
6299,1539,3077123,1
6300,1539,2790005,1
6301,1539,2728844,1
6302,1539,3582200,1
6303,1539,2280219,1
6304,1539,3454556,1
6305,1539,3652549,1
6306,1539,3136245,1
6307,1539,3061290,0.98
6308,2584,6614516,0.81
6309,1539,3445441,0.96
6310,1539,2847424,1
6311,1539,3192366,1
6312,1539,3162374,1
6313,1539,3330772,0.99
6314,1539,2513004,1
6315,1539,3252927,1
6316,1539,3258071,1
6317,1539,3070119,1
6318,1539,2992172,1
6319,1539,3785672,0.91
6320,4403,11362893,0.95
6321,1539,3136927,1
6322,2584,6846749,0.84
6323,1539,3220636,1
6324,1539,3573626,0.91
6325,2699,6601723,0.99
6326,3150,8244468,0.84
6327,1539,3719991,0.95
6328,3106,7696701,1
6329,3444,8755958,0.98
6330,2141,5287746,1
6331,1539,3296558,0.99
6332,1539,2973266,1
6333,4403,10891362,0.85
6334,1539,2772739,1
6335,1539,3763496,0.96
6336,1539,2921168,1
6337,1539,3608329,1
6338,3621,8923320,0.96
6339,4403,11839330,0.97
6340,3621,8829685,0.97
6341,4645,11817020,0.99
6342,1539,3042321,1
6343,1539,3557614,0.96
6344,3680,9808923,0.89
6345,3444,8475321,0.91
6346,3469,8409472,0.93
6347,1539,3508945,1
6348,1539,3598516,1
6349,1539,2392448,1
6350,4403,10964525,0.96
6351,1539,2821189,1
6352,1539,2792117,1
6353,1539,3390730,0.99
6354,1539,3209418,0.97
6355,2699,6358751,0.99
6356,4645,11617335,0.98
6357,3150,7516323,0.89
6358,1539,2682224,1
6359,1539,3584081,1
6360,1539,3272451,1
6361,1539,3510178,0.99
6362,2584,6406601,0.93
6363,4403,11422480,0.94
6364,4645,10907515,1
6365,4645,12053635,0.93
6366,2141,5009377,0.98
6367,1539,3458929,1
6368,3106,7741743,0.94
6369,1539,2765500,1
6370,1539,3099024,1
6371,1539,2397873,1
6372,4987,11468503,0.98
6373,1539,2640211,1
6374,3680,9113546,0.82
6375,1539,2992040,0.99
6376,1539,3256352,1
6377,1539,3308450,0.95
6378,5000,12731106,0.92
6379,1539,3380529,1
6380,4645,11694170,0.94
6381,1539,2971730,1
6382,1539,2627358,1
6383,3469,8786183,0.99
6384,1539,3649530,1
6385,1539,3343091,0.99
6386,1539,3562821,0.98
6387,1539,2370445,1
6388,1539,3434133,0.97
6389,1539,3667153,1
6390,2699,6507550,0.99
6391,1539,3010439,1
6392,4645,11156218,0.99
6393,1539,3154203,1
6394,2141,5245395,0.98
6395,1539,3278037,1
6396,1539,3620515,1
6397,1539,2701284,1
6398,1539,3333562,1
6399,1539,2782327,1
6400,1539,3660098,0.97
6401,2141,5231300,0.95
6402,1539,3058437,1
6403,1539,3089376,1
6404,2584,6518327,0.91
6405,1539,3141819,1
6406,1539,3080033,0.98
6407,3130,7074597,0.94
6408,1539,2984470,1
6409,3469,8251272,0.98
6410,1539,2355790,1
6411,4645,12318808,0.97
6412,1539,3726905,0.99
6413,3444,7913816,0.98
6414,4645,11802424,0.93
6415,3106,7552929,0.93
6416,3130,7646342,0.98
6417,1539,2528866,1
6418,1539,2466713,1
6419,1539,3019132,1
6420,3150,7315684,0.98
6421,1539,3644496,1
6422,1539,3460140,1
6423,3621,8698279,1
6424,1539,3619975,0.97
6425,3680,9193161,0.92
6426,1539,3071398,0.97
6427,1539,3190176,1
6428,1539,3240451,1
6429,1539,3585910,0.99
6430,1539,3515670,1
6431,1539,2502895,1
6432,1539,3502005,0.99
6433,1539,3509341,0.98
6434,2584,6552110,0.9
6435,1539,2491272,1
6436,1539,3469672,0.99
6437,1539,2964729,1
6438,1539,3558223,0.96
6439,1539,3445186,1
6440,2699,6540317,0.93
6441,1539,3916312,0.98
6442,1539,3377699,0.99
6443,4403,11260633,0.92
6444,1539,3226885,0.98
6445,1539,3604155,0.99
6446,1539,2963146,1
6447,1539,3201701,1
6448,1539,3550926,0.98
6449,2699,6504891,1
6450,3106,7491453,1
6451,1539,3320196,0.97
6452,1539,2712477,1
6453,4403,10456367,0.99
6454,3130,7848185,1
6455,1539,2523865,1
6456,1539,2861560,1
6457,1539,3390333,0.99
6458,3106,7578725,0.96
6459,1539,2867534,1
6460,3444,7789141,0.94
6461,1539,3640614,0.99
6462,1539,3433548,1
6463,1539,3796577,1
6464,1539,1910885,1
6465,3469,7899094,0.97
6466,1539,2014848,1
6467,1539,3558181,0.97
6468,1539,2513829,1
6469,1539,3136998,1
6470,3680,9239960,0.93
6471,1539,2967657,1
6472,4645,11848675,0.91
6473,1539,2860742,1
6474,1539,3086269,1
6475,4403,11072517,0.95
6476,4645,11894536,0.98
6477,4403,10996851,0.98
6478,1539,3400766,1
6479,4645,11674548,0.95
6480,1539,3499575,1
6481,3469,8048941,1
6482,3444,8170615,0.98
6483,4645,12090595,0.92
6484,1539,3464152,0.92
6485,1539,3219056,1
6486,1539,2863122,1
6487,1539,2425420,1
6488,4987,12999806,0.95
6489,3680,8302106,1
6490,1539,3494399,1
6491,3469,8821874,0.95
6492,1539,3737522,0.88
6493,1539,2753849,1
6494,3150,8160971,0.89
6495,1539,3639636,0.99
6496,3150,7475494,1
6497,3621,8852419,0.98
6498,1539,2672221,1
6499,1539,3520593,1
6500,3444,8456551,0.93
6501,2584,6303466,0.95
6502,1539,2561393,1
6503,2584,6647540,0.97
6504,4403,10876210,0.95
6505,1539,3229371,0.99
6506,1539,3293102,0.96
6507,1539,2954494,1
6508,3444,7930104,0.99
6509,3680,9457106,0.87
6510,1539,3021807,1
6511,1539,3633415,0.99
6512,4645,11942522,0.93
6513,1539,3087532,1
6514,1539,2571134,1
6515,1539,3029470,1
6516,3680,9084973,0.99
6517,4987,11785959,0.98
6518,2699,6351613,0.98
6519,3106,7376246,1
6520,1539,2777878,1
6521,1539,3372444,0.95
6522,1539,3435579,1
6523,4645,11968868,0.98
6524,1539,3201453,1
6525,3469,8615691,0.96
6526,1539,3253038,1
6527,3106,7816993,0.96
6528,1539,3738646,0.96
6529,1539,3078896,1
6530,4645,11736266,1
6531,3621,8492253,0.97
6532,1539,3388466,0.99
6533,1539,3708801,0.95
6534,1539,3191248,1
6535,3680,8992434,0.96
6536,1539,3250408,0.99
6537,2141,4962983,0.86
6538,4403,11074163,0.88
6539,1539,3657246,0.97
6540,1539,2935436,1
6541,1539,2994022,1
6542,4645,11698278,0.97
6543,4987,12634937,0.98
6544,3106,7760472,0.92
6545,1539,3182765,1
6546,1539,2729915,1
6547,1539,2096036,1
6548,1539,2440153,1
6549,4403,10691758,1
6550,3106,6886011,1
6551,1539,3228031,1
6552,1539,2355498,1
6553,1539,3381831,0.99
6554,2584,6589158,0.85
6555,3680,8982998,0.99
6556,1539,2782533,1
6557,1539,2833246,1
6558,1539,3585950,0.99
6559,1539,3534499,0.97
6560,3106,7839375,0.89
6561,4645,12250887,0.88
6562,2584,6343733,0.97
6563,1539,3187569,1
6564,1539,3098916,1
6565,4645,11572906,0.98
6566,1539,2019466,1
6567,1539,2514336,1
6568,4987,12777787,0.84
6569,1539,3218521,1
6570,2141,4744000,1
6571,2141,5031859,0.96
6572,1539,3718101,1
6573,1539,3655090,0.93
6574,1539,2577847,1
6575,2584,6361148,0.92
6576,3680,8625209,1
6577,1539,2365117,1
6578,1539,2870609,1
6579,1539,3369691,1
6580,4645,12024768,0.89
6581,4403,10982901,0.96
6582,2699,6273862,0.98
6583,1539,3488460,1
6584,4645,12100187,0.91
6585,4645,12081841,0.94
6586,2699,6811812,1
6587,2699,6482466,0.96
6588,1539,2868471,1
6589,1539,3968345,1
6590,1539,3016561,1
6591,3444,8238559,0.97
6592,1539,3210414,1
6593,1539,3061451,1
6594,1539,3617604,0.92
6595,1539,3030163,1
6596,1539,2975925,1
6597,4987,12987510,0.95
6598,4645,11903825,0.93
6599,1539,2596490,1
6600,2584,6458017,0.88
6601,1539,3222498,1
6602,1539,2763278,1
6603,3106,7499433,1
6604,1539,3019334,1
6605,3150,7876895,0.91
6606,4403,11382232,0.9
6607,4645,11763482,0.87
6608,1539,3600225,0.98
6609,2584,6614280,0.95
6610,1539,3552278,0.99
6611,1539,3651777,0.96
6612,2699,6526379,0.95
6613,1539,2978571,1
6614,1539,3530867,1
6615,1539,3205589,0.99
6616,3621,8511252,0.96
6617,1539,3124741,1
6618,1539,2810104,1
6619,1539,2957903,1
6620,4645,11718048,0.93
6621,3469,8880079,1
6622,4645,11753903,0.95
6623,3130,7867034,0.89
6624,1539,2992143,1
6625,4403,10954531,0.96
6626,1539,3231052,1
6627,1539,2917964,1
6628,1539,3517407,0.97
6629,4987,13061353,0.91
6630,1539,3739008,0.99
6631,1539,3185456,1
6632,1539,2395095,1
6633,1539,3440911,1
6634,1539,2528299,1
6635,5000,12687405,0.93
6636,1539,3150897,0.99
6637,1539,3412892,1
6638,1539,3582001,0.94
6639,1539,3283392,1
6640,3621,8820247,0.97
6641,1539,2951553,1
6642,1539,2243518,1
6643,4403,11170876,0.94
6644,1539,3405511,1
6645,1539,2581936,1
6646,1539,3090174,1
6647,2141,5096355,0.97
6648,1539,3621405,0.95
6649,1539,3614620,0.96
6650,1539,3450092,0.96
6651,1539,3592955,0.98
6652,3130,7188068,0.97
6653,1539,3146843,0.99
6654,1539,3567596,0.99
6655,3150,7947551,0.98
6656,4645,11265704,0.96
6657,1539,3466246,1
6658,1539,3502305,0.99
6659,4403,11139911,0.94
6660,1539,3400067,0.98
6661,2141,4901420,0.98
6662,1539,3645827,0.93
6663,3444,8462212,0.93
6664,4645,11139474,0.95
6665,1539,3258872,1
6666,4645,11396127,0.97
6667,1539,3603499,0.99
6668,3106,7184568,1
6669,1539,3524010,0.96
6670,1539,3412546,1
6671,1539,2129794,1
6672,1539,3139701,1
6673,1539,3198406,1
6674,4645,11238761,1
6675,1539,3573784,1
6676,1539,3341761,0.99
6677,1539,3220761,1
6678,1539,3337845,1
6679,4403,11338390,0.97
6680,4645,11487608,0.98
6681,3130,7939182,0.98
6682,4645,10270907,1
6683,3444,7817184,0.98
6684,1539,3471068,0.99
6685,1539,3325421,1
6686,1539,3427608,1
6687,1539,3570914,1
6688,1539,3155125,1
6689,1539,3038014,1
6690,1539,3107819,1
6691,4645,11591097,0.97
6692,1539,3057700,0.97
6693,1539,2343889,1
6694,1539,2298705,1
6695,1539,3202063,0.99
6696,1539,2877797,1
6697,2584,6984061,0.91
6698,2699,6379243,1
6699,1539,2208412,1
6700,4403,11276713,0.93
6701,1539,3638162,1
6702,1539,3439774,1
6703,2699,6430502,0.93
6704,1539,3492584,0.98
6705,2699,6638458,0.98
6706,1539,3245051,1
6707,1539,2931373,0.99
6708,3469,8448436,0.97
6709,1539,2963106,1
6710,4987,12813224,0.96
6711,3106,7921630,0.9
6712,1539,3062451,1
6713,1539,3250887,0.98
6714,1539,3104099,0.97
6715,1539,3236779,1
6716,1539,2855776,1
6717,1539,3597248,1
6718,1539,3066861,1
6719,1539,2748853,1
6720,1539,3505142,1
6721,1539,3099456,1
6722,1539,3045653,1
6723,1539,3481879,0.99
6724,1539,3283560,1
6725,1539,3807009,0.84
6726,1539,3451424,1
6727,1539,2480646,1
6728,4403,11240992,0.98
6729,3106,7193522,0.99
6730,4403,11145222,0.96
6731,3680,9543940,0.91
6732,4645,11789673,0.95
6733,1539,3140123,1
6734,1539,2713025,1
6735,1539,3102589,1
6736,4403,11245138,0.9
6737,1539,3540816,1
6738,3444,8185220,0.97
6739,1539,3020811,0.99
6740,1539,3584063,0.94
6741,1539,2851745,1
6742,3444,8369147,0.99
6743,3444,7688095,0.98
6744,1539,3109624,1
6745,4403,10973515,0.82
6746,1539,2952219,1
6747,1539,3037412,1
6748,1539,3554940,0.97
6749,2584,6541395,0.94
6750,2584,6282438,0.95
6751,1539,2964211,1
6752,3444,7922704,0.96
6753,3150,7478759,0.98
6754,1539,3122717,1
6755,4645,12146994,0.87
6756,3106,7500483,1
6757,1539,2746192,1
6758,1539,3301488,1
6759,3680,9650858,0.89
6760,4645,12006701,0.91
6761,1539,2978991,1
6762,1539,2926757,1
6763,1539,3312898,0.99
6764,3621,9338362,0.94
6765,4645,11516443,0.98
6766,4403,9829551,0.99
6767,1539,2355645,1
6768,1539,3766445,0.97
6769,1539,3064192,1
6770,3469,8737063,0.98
6771,1539,3275956,1
6772,4645,11875633,0.88
6773,4403,10778099,0.91
6774,1539,3217635,1
6775,1539,3005342,1
6776,3106,7219798,0.97
6777,1539,3040045,1
6778,3106,7852778,0.97
6779,1539,3409614,1
6780,1539,3690096,1
6781,3680,9626080,0.97
6782,3106,7729218,0.97
6783,1539,2419219,1
6784,2584,6850515,0.89
6785,1539,2381951,1
6786,2699,6663127,0.95
6787,1539,2905413,1
6788,3150,7883164,1
6789,1539,3704436,0.98
6790,1539,3659705,0.99
6791,3150,7978062,0.94
6792,3150,8282678,0.94
6793,3444,8435139,0.94
6794,1539,2518962,1
6795,1539,3374862,1
6796,1539,3506637,0.99
6797,3150,7973807,0.91
6798,1539,3485227,0.99
6799,1539,3105420,1
6800,1539,3609426,1
6801,1539,2973333,1
6802,1539,2880738,1
6803,1539,2870201,1
6804,1539,3487812,1
6805,1539,2082158,1
6806,4645,11634382,0.97
6807,1539,3332418,1
6808,1539,3610555,1
6809,4987,12920436,0.92
6810,2584,6290109,1
6811,2699,6794982,0.97
6812,3680,9376364,0.96
6813,1539,3282845,0.99
6814,3106,7390367,0.96
6815,2699,6483668,1
6816,4987,12634639,0.87
6817,1539,3411479,0.99
6818,3621,8594818,0.98
6819,1539,3531091,0.99
6820,1539,3456134,0.96
6821,2584,6592597,0.91
6822,1539,2744837,1
6823,3106,7223490,0.97
6824,3150,8127399,0.95
6825,4403,10896528,1
6826,1539,3691703,0.97
6827,1539,3501881,0.96
6828,1539,3111676,1
6829,3680,9269646,0.94
6830,1539,2719712,1
6831,3469,8250775,1
6832,4987,13157153,0.92
6833,1539,3409051,1
6834,4403,10732390,0.96
6835,3680,9050530,0.94
6836,1539,3646886,0.97
6837,1539,2933579,1
6838,1539,2801993,1
6839,1539,2106298,1
6840,3444,8606283,0.95
6841,1539,2695997,1
6842,2584,6001780,1
6843,3150,7873305,0.96
6844,1539,3316865,1
6845,1539,3497848,1
6846,1539,3420366,0.95
6847,2699,6055814,1
6848,4645,11770752,0.96
6849,1539,3058770,1
6850,1539,3019960,0.99
6851,1539,3385868,1
6852,1539,3879486,0.93
6853,1539,2823343,1
6854,2584,6709676,0.96
6855,1539,3626404,0.97
6856,3150,7810730,0.96
6857,1539,2827901,1
6858,1539,3565477,1
6859,1539,3200020,0.99
6860,2699,6386047,1
6861,3680,9818407,0.98
6862,3469,7989518,0.95
6863,1539,2982384,1
6864,1539,3224415,1
6865,4645,11886502,0.94
6866,1539,2725286,1
6867,1539,2882476,1
6868,3150,7812785,0.99
6869,4645,11902410,0.99
6870,3680,9383358,0.87
6871,4987,12427629,0.94
6872,3130,7882180,0.98
6873,1539,2954595,1
6874,1539,3294620,1
6875,1539,3034788,1
6876,1539,2032924,1
6877,4645,11621611,0.96
6878,3130,7642704,0.97
6879,1539,3375609,0.98
6880,4645,11446824,0.99
6881,1539,3451137,0.98
6882,1539,2944552,1
6883,1539,3047399,1
6884,1539,2914548,1
6885,1539,3500950,1
6886,1539,3444469,0.99
6887,1539,2605786,1
6888,1539,2710881,1
6889,4645,11788512,0.99
6890,1539,2545511,1
6891,1539,3645280,0.98
6892,2141,4820542,0.99
6893,3130,7943611,0.95
6894,4645,12023369,0.86
6895,1539,3533749,1
6896,1539,2993156,1
6897,1539,3488893,1
6898,1539,2942934,1
6899,1539,3178508,1
6900,4645,11751632,0.97
6901,1539,2683062,1
6902,4645,11911262,0.89
6903,4645,12056053,0.98
6904,3106,7924306,0.95
6905,1539,3834575,0.93
6906,4403,11290660,0.95
6907,1539,3004645,1
6908,1539,3651796,0.93
6909,1539,3081135,1
6910,4987,13075248,0.95
6911,1539,3426661,0.96
6912,1539,2275350,1
6913,2141,4968170,1
6914,1539,3296556,1
6915,1539,3015638,1
6916,1539,3636559,1
6917,1539,3623619,0.96
6918,1539,3069546,1
6919,1539,2944800,1
6920,1539,2430289,1
6921,1539,2352994,1
6922,1539,3566123,0.98
6923,3130,7999241,0.91
6924,1539,2471607,1
6925,1539,2964480,1
6926,1539,3355192,0.99
6927,1539,2923218,0.99
6928,1539,2685420,0.87
6929,1539,3813220,0.95
6930,4645,11982119,0.95
6931,4403,10889658,0.98
6932,3106,7379886,0.98
6933,1539,3727581,1
6934,3106,7104025,0.99
6935,1539,2871011,0.99
6936,1539,2804277,1
6937,3150,7963711,0.96
6938,1539,3094026,0.99
6939,1539,2274944,1
6940,1539,2392913,1
6941,1539,3645642,0.98
6942,1539,3427154,0.98
6943,1539,3998642,0.95
6944,3106,7837041,0.98
6945,1539,2290496,1
6946,3469,8166006,1
6947,1539,3018382,1
6948,1539,2577433,1
6949,1539,3538325,0.98
6950,3106,7524596,0.94
6951,1539,3386946,1
6952,1539,2557601,1
6953,4403,11715947,0.96
6954,3621,8747347,0.95
6955,1539,2196896,1
6956,1539,3528010,0.99
6957,1539,3676873,0.94
6958,1539,3010789,1
6959,3469,8758339,0.97
6960,1539,3011400,1
6961,1539,1876390,1
6962,1539,3505683,1
6963,1539,3652156,0.99
6964,1539,3338545,1
6965,1539,3782051,0.92
6966,3106,7872861,0.88
6967,3469,8718566,0.94
6968,4645,8969431,1
6969,1539,3132296,1
6970,1539,3646051,0.92
6971,1539,2386304,1
6972,3130,7428426,0.98
6973,3469,8667289,0.99
6974,1539,2949508,0.99
6975,1539,3213638,1
6976,1539,3159154,0.99
6977,1539,3878741,0.93
6978,1539,2768554,1
6979,3680,8650379,0.97
6980,1539,3357161,0.99
6981,1539,2880575,1
6982,1539,3494974,1
6983,1539,3547070,0.99
6984,1539,3112949,1
6985,1539,3567995,0.99
6986,1539,2148905,1
6987,3444,8419584,0.99
6988,1539,3612875,0.98
6989,1539,3331781,1
6990,1539,3627185,0.97
6991,1539,2721385,1
6992,1539,2913238,0.99
6993,1539,3251643,1
6994,3621,7818840,0.99
6995,1539,3016039,1
6996,1539,2839086,1
6997,1539,2780030,1
6998,2584,6284954,0.93
6999,1539,3022200,1
7000,1539,3624571,0.93
7001,1539,3103501,0.98
7002,4645,12032777,0.92
7003,1539,2740534,1
7004,1539,2885680,1
7005,4645,12219246,0.91
7006,4987,12742707,0.91
7007,3680,9025204,0.99
7008,1539,2998620,1
7009,1539,3790204,0.98
7010,3150,8092982,0.89
7011,1539,3404144,0.96
7012,3130,7994900,0.92
7013,1539,3913563,0.95
7014,4403,10792608,0.98
7015,1539,2662765,1
7016,3680,8791139,0.93
7017,1539,3220388,1
7018,3130,6855369,0.99
7019,1539,2447241,1
7020,4645,11872826,0.94
7021,1539,3404571,1
7022,1539,3766842,0.94
7023,1539,3093631,1
7024,4645,12355516,0.91
7025,1539,2865879,1
7026,1539,3162561,1
7027,1539,2984130,1
7028,4987,11861207,0.98
7029,1539,2925100,1
7030,1539,2584858,1
7031,3469,8672743,1
7032,4403,11468090,0.93
7033,2699,6718751,0.94
7034,1539,3730025,0.98
7035,1539,3299814,1
7036,1539,2615438,1
7037,1539,2933867,0.99
7038,1539,3606331,0.98
7039,4645,11996381,0.97
7040,3130,7293724,0.99
7041,1539,3626715,0.96
7042,1539,3362655,1
7043,4403,10900855,0.98
7044,2141,4908103,1
7045,1539,3456519,0.97
7046,1539,2213116,1
7047,3621,8654785,1
7048,4645,11788556,0.97
7049,1539,3195469,1
7050,4403,11044709,0.92
7051,1539,2864501,1
7052,1539,3563319,1
7053,1539,3148963,1
7054,1539,2923816,1
7055,2141,4938033,0.93
7056,1539,2500816,1
7057,3680,9003274,0.99
7058,1539,3144244,1
7059,3680,9516426,0.88
7060,1539,3306300,0.99
7061,3130,7671464,1
7062,1539,2893415,1
7063,1539,3125308,1
7064,4987,12484473,1
7065,4645,11150677,0.98
7066,1539,3293751,0.89
7067,1539,3121796,1
7068,3680,9001476,0.95
7069,3621,8213856,0.98
7070,1539,3200362,0.98
7071,1539,2767042,1
7072,1539,3440815,1
7073,1539,2938897,1
7074,1539,3639710,0.99
7075,1539,3088173,1
7076,1539,3421683,1
7077,1539,3359020,1
7078,1539,3469663,0.98
7079,1539,2420712,1
7080,1539,3460803,0.92
7081,1539,3377063,0.98
7082,1539,3724993,0.95
7083,1539,3393915,1
7084,2584,6710705,0.94
7085,1539,3430101,1
7086,1539,2998566,1
7087,4645,12161312,0.95
7088,1539,3761078,0.94
7089,1539,2451796,1
7090,1539,3576603,0.92
7091,1539,2802658,1
7092,1539,3342231,0.98
7093,3680,8814949,1
7094,3150,7874228,0.92
7095,1539,2653731,1
7096,4403,11123826,0.96
7097,1539,3527916,1
7098,1539,2914343,1
7099,1539,2865807,1
7100,4403,11026432,0.92
7101,1539,2363296,1
7102,2584,6609647,0.96
7103,1539,3559236,1
7104,1539,3408675,0.99
7105,1539,2511305,1
7106,4645,11289171,1
7107,1539,3450988,1
7108,3150,7867894,0.91
7109,1539,3060128,0.99
7110,1539,3332997,1
7111,1539,3745048,0.99
7112,3106,7260090,1
7113,5000,12753712,0.95
7114,4645,11741890,0.98
7115,2584,6639135,0.94
7116,1539,3379492,0.99
7117,4645,12474422,0.89
7118,1539,3112265,1
7119,1539,3373079,0.99
7120,1539,3383811,1
7121,1539,3600715,0.99
7122,1539,2336338,1
7123,4645,11714111,0.99
7124,1539,3113916,1
7125,4645,11524902,1
7126,2699,6468934,0.97
7127,1539,3024969,1
7128,4645,12119889,0.93
7129,1539,3490687,0.98
7130,4645,11612755,0.95
7131,1539,3053252,0.99
7132,4645,11678721,0.97
7133,1539,3716033,0.94
7134,3444,7902337,0.96
7135,2699,6719942,1
7136,3680,9006208,0.92
7137,1539,3486674,0.97
7138,3150,8294952,0.95
7139,5000,12501414,0.96
7140,4403,11124554,0.89
7141,2141,5369132,0.98
7142,1539,3147005,1
7143,1539,3387575,0.94
7144,1539,3058982,1
7145,1539,3190691,1
7146,1539,3769846,1
7147,1539,3887990,0.99
7148,3150,7834018,0.94
7149,1539,3527275,0.95
7150,1539,3426502,1
7151,1539,3527153,1
7152,3130,7609546,0.97
7153,1539,2876873,1
7154,1539,3524702,0.99
7155,1539,3491102,0.96
7156,1539,3494479,0.97
7157,1539,3151896,0.99
7158,3621,8758948,1
7159,1539,2779856,1
7160,1539,3363297,0.99
7161,3106,7694619,0.9
7162,1539,3570003,0.99
7163,4645,11634544,0.92
7164,1539,3202795,1
7165,3106,7870096,0.92
7166,1539,3511057,0.95
7167,4645,11551858,0.93
7168,1539,2474337,1
7169,3621,9064595,0.96
7170,1539,3374025,0.99
7171,4645,12151556,0.95
7172,4403,10498653,0.98
7173,1539,3114866,0.99
7174,1539,3602575,0.99
7175,3150,7975180,0.96
7176,3469,7985314,0.99
7177,2141,4841321,0.96
7178,1539,3413571,1
7179,1539,2841178,1
7180,4645,12061813,0.95
7181,3106,7421342,0.99
7182,1539,3203868,1
7183,1539,3694125,0.96
7184,1539,3503465,1
7185,1539,2849015,1
7186,4403,10456963,1
7187,4403,11091268,0.93
7188,1539,2541381,1
7189,1539,2926373,1
7190,1539,3375470,1
7191,3150,7668778,0.97
7192,1539,1892857,1
7193,4645,11879257,0.91
7194,1539,2141418,1
7195,2141,5036819,1
7196,2584,6374038,0.98
7197,1539,2900331,1
7198,3106,7580749,0.98
7199,1539,3440178,1
7200,1539,3263479,1
7201,1539,3302116,1
7202,1539,3618210,0.95
7203,1539,3231270,1
7204,3680,9226221,1
7205,4987,12157019,0.86
7206,1539,3101579,0.99
7207,1539,2503412,1
7208,4645,12188434,0.92
7209,1539,3762689,0.9
7210,3106,8043952,0.87
7211,3469,8102521,0.95
7212,4987,12999912,0.95
7213,3130,7616061,0.96
7214,1539,2441961,1
7215,1539,3590071,1
7216,1539,3408717,1
7217,1539,2911600,1
7218,1539,2474892,1
7219,4403,10358329,1
7220,3130,7505732,0.98
7221,1539,3263209,0.99
7222,1539,2983111,1
7223,1539,2969538,1
7224,3621,9022422,0.96
7225,3106,8138319,0.94
7226,1539,3030411,1
7227,4403,10642803,1
7228,1539,3402665,1
7229,1539,2750125,1
7230,1539,3042076,1
7231,1539,3028199,1
7232,1539,2857496,1
7233,1539,3500260,1
7234,3444,8082627,1
7235,4645,10761203,0.96
7236,2699,6262709,0.89
7237,1539,3163085,1
7238,3130,7893146,0.94
7239,1539,2115522,1
7240,1539,3539628,1
7241,1539,3142646,1
7242,1539,3830655,0.94
7243,1539,3417467,0.99
7244,1539,3141888,1
7245,1539,2699817,1
7246,1539,3197231,1
7247,3469,8603823,0.92
7248,1539,3044340,1
7249,1539,3270987,1
7250,3680,8915289,0.9
7251,1539,3553094,0.98
7252,1539,3664158,0.96
7253,3444,8486575,0.97
7254,1539,2917318,1
7255,4987,13107627,0.93
7256,1539,3440459,0.98
7257,3106,7589516,0.99
7258,4403,10660517,0.92
7259,1539,2499866,1
7260,2141,5265261,0.99
7261,1539,3987481,0.91
7262,1539,3313753,1
7263,1539,2995090,1
7264,3680,9246210,0.96
7265,3444,8656197,0.97
7266,1539,3632382,0.98
7267,1539,3849803,0.99
7268,1539,3654580,1
7269,5000,13315932,0.93
7270,3621,9284288,0.94
7271,3130,8022205,0.97
7272,2699,6063869,1
7273,3444,8147902,0.97
7274,1539,3555529,0.95
7275,3444,8124629,1
7276,1539,3278177,1
7277,3680,9565046,0.97
7278,1539,2780251,0.99
7279,1539,3513672,1
7280,2141,5374414,0.99
7281,1539,3794744,0.99
7282,1539,2923911,1
7283,3106,8028812,1
7284,1539,2097796,1
7285,4403,11102150,0.94
7286,1539,3778207,1
7287,1539,2251559,1
7288,1539,2872159,1
7289,2699,6882798,0.95
7290,3680,9361523,0.98
7291,3621,9377601,0.97
7292,1539,2368861,1
7293,1539,3408589,0.98
7294,1539,3715804,0.96
7295,1539,2860137,1
7296,1539,2228976,1
7297,1539,3125580,1
7298,4403,10518008,0.99
7299,1539,3068597,1
7300,1539,3487423,0.99
7301,3106,7868981,0.95
7302,1539,3046244,1
7303,5000,12894566,0.92
7304,1539,2977510,1
7305,1539,2805157,1
7306,3150,7513431,0.99
7307,1539,3651331,0.97
7308,1539,2962908,1
7309,1539,3378962,1
7310,4403,11207836,0.92
7311,1539,3544631,0.99
7312,3150,8063268,0.95
7313,1539,2726832,1
7314,1539,2975176,1
7315,1539,2270988,1
7316,1539,3535543,0.99
7317,1539,3150795,1
7318,3469,8135877,0.97
7319,2699,5308799,1
7320,1539,3477633,0.95
7321,1539,3316330,0.99
7322,1539,3667940,0.98
7323,1539,3125380,1
7324,3621,9007393,0.94
7325,4645,11728731,0.98
7326,3621,9342078,0.97
7327,1539,2557531,1
7328,1539,3208288,1
7329,1539,3604418,0.96
7330,1539,3632807,0.98
7331,1539,3208875,1
7332,4987,12909064,0.94
7333,1539,3080133,1
7334,1539,3451790,0.98
7335,1539,2771930,1
7336,2141,5188075,0.93
7337,1539,3069492,0.99
7338,1539,3510496,0.97
7339,1539,3220427,1
7340,4645,11880726,0.98
7341,2141,5161009,1
7342,1539,3308591,1
7343,3150,8027089,0.95
7344,1539,2557886,1
7345,4403,10929842,0.89
7346,3150,7827894,0.98
7347,1539,2870855,1
7348,1539,3517987,1
7349,1539,3073148,0.99
7350,1539,2696868,1
7351,1539,2986107,1
7352,1539,3242406,0.97
7353,1539,3773776,0.99
7354,2141,5206870,0.98
7355,1539,2620234,1
7356,1539,3027893,1
7357,1539,2702254,1
7358,1539,2764981,1
7359,4645,10723339,1
7360,3680,8922849,0.98
7361,2699,6318564,0.98
7362,1539,3524407,0.99
7363,1539,3260761,1
7364,3444,8354114,0.96
7365,1539,3198910,0.99
7366,4403,9993904,0.99
7367,1539,2986214,1
7368,1539,3469963,1
7369,4403,10916639,0.95
7370,3106,7363066,1
7371,4645,11443128,0.9
7372,4403,10119297,0.98
7373,1539,2189772,1
7374,1539,3499657,1
7375,3444,8135212,0.98
7376,1539,2858094,1
7377,1539,2562106,1
7378,4987,12924238,0.9
7379,5000,12076505,0.95
7380,3680,9146611,0.96
7381,1539,3760321,0.95
7382,3621,8542683,1
7383,4987,13006989,0.93
7384,4403,11410682,0.9
7385,4645,12042669,0.96
7386,2584,6491618,0.89
7387,3680,9409200,0.93
7388,1539,2879481,1
7389,1539,2404833,1
7390,1539,3353787,1
7391,1539,2096402,1
7392,3621,8384162,0.89
7393,3150,7899419,0.92
7394,2141,5035072,0.99
7395,3680,9374354,0.88
7396,1539,2279771,1
7397,1539,3796990,0.96
7398,1539,2287679,1
7399,1539,2538513,1
7400,4987,13150750,0.89
7401,2699,6707584,0.99
7402,1539,3450928,0.95
7403,1539,2725073,1
7404,1539,2876472,0.99
7405,4987,12216354,0.93
7406,1539,2822063,1
7407,1539,3353169,1
7408,1539,3072619,1
7409,1539,3485468,1
7410,3621,8311374,1
7411,1539,2372998,1
7412,1539,3541774,0.98
7413,1539,2806362,1
7414,1539,3518272,0.96
7415,4403,10780057,0.96
7416,2141,5051276,1
7417,1539,2747550,1
7418,1539,3311167,1
7419,4403,10883883,0.98
7420,3621,8838179,0.96
7421,4645,12014280,0.98
7422,1539,3646102,0.96
7423,1539,2659925,1
7424,2584,6610802,0.94
7425,4645,11121041,1
7426,1539,3284208,0.99
7427,3680,9519869,0.94
7428,3150,7971313,0.93
7429,2141,5123156,0.95
7430,1539,3734414,0.93
7431,4403,10665546,0.96
7432,1539,3312304,1
7433,1539,3438693,1
7434,1539,2770312,1
7435,3621,9355820,0.96
7436,1539,2919747,1
7437,1539,2730949,1
7438,1539,3166462,0.98
7439,2584,6677116,0.88
7440,2584,6487275,0.92
7441,1539,3693328,0.97
7442,1539,3099940,1
7443,1539,2749823,1
7444,1539,3243747,1
7445,4987,13521622,0.92
7446,3150,7937946,0.95
7447,3444,8374894,0.98
7448,3150,7919565,0.93
7449,2584,6621883,0.93
7450,1539,3002272,1
7451,3469,8230663,0.97
7452,1539,3327541,0.98
7453,1539,3567374,0.94
7454,3150,8458087,0.81
7455,4645,13215320,0.92
7456,3150,7654913,0.98
7457,3106,7761157,0.95
7458,1539,3470817,0.99
7459,1539,3255080,1
7460,4987,13154861,0.94
7461,1539,3806362,0.96
7462,4645,12070686,0.93
7463,1539,3518814,0.98
7464,4403,11486240,0.92
7465,1539,2788604,1
7466,4403,11302910,0.88
7467,1539,3678844,1
7468,1539,3713264,0.94
7469,1539,3181003,1
7470,1539,2276038,1
7471,3130,7854528,0.93
7472,3130,7690030,1
7473,3680,8961481,0.91
7474,1539,2215248,1
7475,3680,8929703,0.96
7476,1539,3462321,0.99
7477,1539,3688996,0.95
7478,1539,3015156,1
7479,1539,2745589,1
7480,4403,11521889,0.97
7481,1539,3217611,1
7482,1539,3383471,1
7483,4645,11917043,0.95
7484,3150,7824991,0.95
7485,3680,9224100,0.91
7486,1539,3603592,0.98
7487,1539,3031860,0.99
7488,1539,2877483,0.99
7489,2699,6460722,0.94
7490,1539,2948491,1
7491,1539,3477717,1
7492,4645,11779021,0.86
7493,4987,12831564,0.92
7494,1539,3289545,0.99
7495,1539,3258229,1
7496,1539,3423622,0.96
7497,1539,3058226,1
7498,1539,2869857,1
7499,3106,7393310,0.9
7500,1539,3593396,0.99
7501,3621,8447512,0.96
7502,1539,2577503,1
7503,1539,3341727,0.99
7504,1539,3314552,1
7505,4987,12795132,0.98
7506,1539,3606537,0.94
7507,4987,12649289,0.95
7508,3680,9388742,0.91
7509,4987,12786983,0.88
7510,3106,7690514,0.98
7511,1539,2502503,1
7512,1539,3400820,0.99
7513,3469,8002558,0.98
7514,4987,11637236,1
7515,1539,3369016,0.97
7516,1539,2776214,1
7517,1539,3378588,1
7518,3106,7766385,0.97
7519,2584,6592376,0.95
7520,1539,3391636,0.99
7521,3680,9428693,0.97
7522,1539,3692003,0.89
7523,1539,2655349,1
7524,1539,3271053,1
7525,3106,7661016,0.96
7526,1539,2993138,0.99
7527,2141,5475344,0.98
7528,3130,7230093,0.95
7529,1539,2627244,1
7530,1539,3048586,0.99
7531,1539,2953856,1
7532,1539,2914506,1
7533,1539,2724552,1
7534,4403,10860068,0.95
7535,4645,11851144,0.95
7536,3444,8408902,0.98
7537,1539,2394435,1
7538,4403,11067547,0.96
7539,1539,3667303,0.97
7540,1539,3409870,1
7541,2141,5386261,0.97
7542,4645,11909847,0.97
7543,1539,3094437,1
7544,1539,3135316,1
7545,1539,2978341,1
7546,1539,3490847,1
7547,2141,5332160,1
7548,1539,3653287,0.96
7549,1539,3433512,0.99
7550,1539,3722811,0.92
7551,4987,8547137,1
7552,1539,3165631,1
7553,1539,3644229,1
7554,1539,3587512,0.98
7555,3680,8978952,0.97
7556,4645,12204111,0.96
7557,3130,7456318,0.97
7558,2141,4956981,1
7559,4645,11892278,0.95
7560,1539,3065090,1
7561,3621,8727300,0.96
7562,1539,3476177,0.99
7563,1539,3411774,0.99
7564,1539,2691213,1
7565,1539,3171314,0.99
7566,3106,8115448,0.95
7567,3444,8601678,0.99
7568,1539,2183919,1
7569,2141,4908783,1
7570,1539,3010499,1
7571,1539,3643901,1
7572,3469,8195900,0.99
7573,1539,2514247,1
7574,4403,11305489,0.97
7575,1539,3180217,0.99
7576,1539,3364103,1
7577,3106,7618059,0.96
7578,1539,3158491,0.95
7579,1539,2576720,1
7580,1539,3329545,1
7581,1539,3519442,1
7582,3130,7669794,0.96
7583,3621,8901097,0.91
7584,1539,3042015,1
7585,1539,2894407,1
7586,3444,8224530,0.99
7587,4403,11319567,0.92
7588,1539,2744309,1
7589,1539,2400733,1
7590,1539,3244324,1
7591,3444,8283866,0.99
7592,2141,5150164,0.94
7593,1539,3173832,1
7594,3680,9636027,0.99
7595,4645,11600592,0.94
7596,4403,10735393,0.97
7597,1539,3239198,1
7598,3444,8287157,0.98
7599,1539,3657308,0.99
7600,1539,3297555,0.99
7601,1539,3440073,0.99
7602,3150,7775776,0.96
7603,4645,11812490,0.95
7604,1539,3306022,0.99
7605,1539,3537719,0.98
7606,4987,12745068,0.99
7607,4645,11044782,0.99
7608,1539,3353750,1
7609,2699,6768500,0.99
7610,4645,11612644,0.98
7611,4645,11967164,0.95
7612,1539,3797246,0.99
7613,1539,2292370,1
7614,1539,3565167,0.99
7615,1539,2564008,1
7616,4645,11739882,0.94
7617,1539,3463891,1
7618,1539,2834713,1
7619,1539,2901705,1
7620,1539,3377584,1
7621,1539,2095187,1
7622,1539,3622944,0.93
7623,1539,3686745,0.98
7624,1539,3090331,1
7625,3150,7985116,0.88
7626,1539,3190866,1
7627,1539,3713867,0.99
7628,4645,12049829,0.92
7629,2699,6493031,1
7630,4403,11519826,0.92
7631,3680,9779746,0.84
7632,1539,3798252,1
7633,4645,11797413,0.92
7634,3130,7941635,0.96
7635,1539,3417400,1
7636,1539,3617522,0.98
7637,1539,3443273,1
7638,1539,3278501,0.99
7639,2584,6524423,0.95
7640,1539,3020207,1
7641,3106,7565935,1
7642,1539,2959918,1
7643,1539,3684486,1
7644,1539,3540677,0.99
7645,1539,3409865,0.99
7646,1539,2431141,1
7647,2141,5217050,0.97
7648,1539,3469120,1
7649,1539,3424987,1
7650,3469,8328566,0.97
7651,1539,2496786,1
7652,1539,3511065,0.91
7653,1539,3350805,0.98
7654,1539,3393179,0.99
7655,1539,3165518,1
7656,1539,3360034,1
7657,1539,2150212,1
7658,4403,11380092,0.99
7659,1539,3745521,0.99
7660,4645,12216430,0.84
7661,1539,2883849,1
7662,4987,12805762,0.98
7663,4645,12028009,0.95
7664,1539,3595442,0.99
7665,4645,11861469,0.95
7666,3130,7677243,0.85
7667,1539,3509601,0.94
7668,1539,3442953,1
7669,1539,3458903,1
7670,4645,11947380,0.92
7671,4645,11252423,0.98
7672,1539,3431827,0.99
7673,1539,2976421,1
7674,3444,8074412,0.97
7675,1539,3323769,1
7676,3150,7888304,0.89
7677,2699,6671661,0.94
7678,3680,8436449,1
7679,1539,2845566,1
7680,1539,3185659,1
7681,1539,3123505,1
7682,1539,3402555,0.98
7683,1539,3128249,1
7684,3150,7132883,0.95
7685,1539,3624398,0.97
7686,3130,7726646,0.99
7687,2699,6492181,1
7688,3150,7963336,0.97
7689,1539,3470729,0.97
7690,1539,3273436,1
7691,1539,3345184,1
7692,1539,3311089,1
7693,1539,3135967,1
7694,4645,12100029,0.94
7695,4645,12168778,0.94
7696,1539,3278454,0.99
7697,1539,3440384,0.99
7698,1539,2417439,1
7699,3150,7207370,0.93
7700,1539,3166075,1
7701,1539,3351948,1
7702,1539,2635796,1
7703,4645,11592855,1
7704,3680,9415060,0.99
7705,1539,2926083,1
7706,1539,3665343,0.97
7707,1539,3824509,0.99
7708,1539,3431045,0.99
7709,1539,3208721,1
7710,2141,5265614,0.99
7711,4403,10231969,0.97
7712,3469,8578106,0.98
7713,1539,3082267,1
7714,4645,12015932,0.91
7715,2584,6501039,0.99
7716,3680,8728345,0.99
7717,4987,12788200,1
7718,1539,2567770,1
7719,1539,3222476,0.98
7720,1539,3665774,0.94
7721,1539,2963363,1
7722,1539,3584750,0.98
7723,1539,3256646,1
7724,1539,2552336,1
7725,4645,11320175,1
7726,1539,3090083,0.96
7727,1539,2329179,1
7728,1539,2945202,1
7729,1539,3174402,1
7730,1539,2747605,1
7731,1539,2317969,1
7732,1539,2737854,1
7733,3106,7290540,0.97
7734,1539,3603030,1
7735,3469,8046909,0.95
7736,1539,3225906,0.99
7737,1539,2936702,1
7738,4645,11709858,0.99
7739,1539,3529969,0.96
7740,1539,3326837,1
7741,3444,8650019,0.95
7742,2584,6663155,0.86
7743,1539,2641064,1
7744,1539,3767379,0.87
7745,1539,3061390,1
7746,4645,11725325,0.96
7747,1539,3521129,1
7748,4987,13038988,0.89
7749,1539,3221041,1
7750,1539,3278468,0.98
7751,4403,11078593,0.99
7752,1539,2413968,1
7753,1539,3585220,0.99
7754,1539,2967702,1
7755,1539,3200834,1
7756,4645,12141354,0.93
7757,1539,3300465,1
7758,1539,3145761,1
7759,1539,2893970,1
7760,1539,2904545,1
7761,4645,11862932,0.92
7762,3444,7729377,0.99
7763,1539,3730748,0.96
7764,1539,3314240,1
7765,3106,7372048,0.99
7766,1539,3205461,1
7767,1539,3409178,1
7768,1539,3129419,1
7769,1539,2817843,1
7770,1539,2834325,1
7771,1539,2610417,1
7772,1539,3758514,0.99
7773,1539,3422588,1
7774,1539,2811102,1
7775,4987,12062993,0.98
7776,1539,3424173,1
7777,4645,12023583,0.94
7778,3680,8929238,0.96
7779,1539,2053408,1
7780,4403,11262372,0.98
7781,2584,6575005,0.91
7782,1539,2983304,1
7783,2699,6663887,0.97
7784,3680,9284439,0.94
7785,1539,3088483,0.97
7786,4645,12140411,0.9
7787,4645,12085774,0.93
7788,4987,12274188,0.97
7789,1539,3843704,0.95
7790,3130,7713934,0.96
7791,4403,11040762,0.94
7792,1539,3434651,0.99
7793,2699,7182305,0.99
7794,1539,3572685,1
7795,1539,3230399,1
7796,1539,3738700,0.9
7797,1539,3784450,0.93
7798,4645,10800756,0.98
7799,4645,11687712,0.96
7800,1539,2360652,1
7801,1539,3194124,1
7802,1539,3549284,0.99
7803,4645,12327975,0.93
7804,1539,3298650,0.97
7805,1539,3409343,1
7806,1539,3820797,0.99
7807,4645,12083891,0.86
7808,1539,3350674,0.99
7809,1539,3545360,0.95
7810,4403,10764487,0.95
7811,1539,2474855,1
7812,1539,2726418,1
7813,4645,11566496,0.96
7814,1539,2258698,1
7815,1539,3564229,0.95
7816,1539,3262677,1
7817,4645,12002274,0.92
7818,2584,6566920,0.93
7819,3469,7606500,0.96
7820,4987,12991703,0.86
7821,3469,7313363,0.99
7822,4645,12155806,0.95
7823,1539,2466444,1
7824,4987,13037528,0.92
7825,1539,3065429,1
7826,1539,3755336,0.97
7827,4645,12106794,0.95
7828,1539,3110224,1
7829,3150,7701260,0.96
7830,1539,3487982,0.94
7831,1539,2625912,1
7832,4403,11039126,0.99
7833,3469,8264905,0.94
7834,1539,3548254,0.97
7835,3150,7722810,0.96
7836,1539,3251282,0.99
7837,1539,3265146,1
7838,1539,3059392,1
7839,2584,6648963,0.94
7840,1539,2596192,1
7841,3150,7570217,0.95
7842,1539,3265873,1
7843,2584,6398704,0.91
7844,1539,3535494,0.99
7845,3621,8828957,0.95
7846,1539,2935362,1
7847,1539,3324453,0.98
7848,3106,7850575,0.94
7849,2141,5135342,0.96
7850,4645,11761133,0.98
7851,4403,11460197,0.94
7852,1539,3591335,0.99
7853,1539,2516079,1
7854,1539,3041243,1
7855,1539,3008713,1
7856,2141,5124008,0.88
7857,1539,2969938,1
7858,1539,3133455,1
7859,1539,3406406,0.96
7860,3444,8437897,1
7861,3150,7987746,0.93
7862,4403,11462838,0.87
7863,2699,6486285,0.96
7864,4645,12243225,0.86
7865,1539,3284261,1
7866,1539,3923245,0.96
7867,3621,8630971,0.99
7868,5000,13133816,0.88
7869,2584,6297885,0.94
7870,1539,3398197,0.95
7871,2699,6365229,1
7872,1539,3567913,0.99
7873,1539,3032958,1
7874,1539,2652774,1
7875,1539,3658965,0.99
7876,4987,13079454,0.88
7877,1539,3564703,1
7878,1539,2680918,1
7879,1539,3140495,1
7880,1539,3395131,0.99
7881,4645,11843689,0.97
7882,3106,7684299,0.92
7883,3469,8060911,0.96
7884,1539,2502150,1
7885,3469,8608501,1
7886,3150,7509038,0.97
7887,1539,3431998,1
7888,1539,3355325,0.99
7889,3444,7970990,0.97
7890,1539,3737356,0.88
7891,4645,11664207,0.96
7892,1539,3145987,0.99
7893,1539,3426719,1
7894,1539,2703100,1
7895,1539,2826350,1
7896,1539,3620499,1
7897,1539,3380886,0.99
7898,4987,12893936,0.87
7899,4645,11586078,0.95
7900,4645,11713777,0.92
7901,1539,3048068,1
7902,1539,3475665,0.99
7903,3680,8475540,0.95
7904,1539,3089400,1
7905,3469,8017727,1
7906,2584,6642821,0.92
7907,1539,3384235,0.99
7908,1539,2520913,1
7909,4645,11913483,0.97
7910,1539,3204651,1
7911,1539,3432501,0.99
7912,1539,3069362,1
7913,3150,7398058,0.99
7914,3130,7555310,0.95
7915,5000,13261456,0.94
7916,4645,11734122,0.99
7917,3150,7277437,0.99
7918,1539,3286077,0.99
7919,1539,3419181,1
7920,3150,8123746,0.9
7921,4403,11439570,0.9
7922,1539,3217582,1
7923,1539,3170877,1
7924,1539,2256363,1
7925,1539,3468462,0.95
7926,4403,11395071,0.95
7927,1539,3380236,0.98
7928,4645,11611781,0.99
7929,4403,10979265,0.99
7930,1539,3205024,1
7931,1539,3180199,1
7932,1539,2274390,1
7933,1539,2401535,1
7934,1539,2631921,1
7935,1539,3018655,1
7936,1539,3848994,0.9
7937,4987,12504417,0.95
7938,1539,2949244,1
7939,1539,3776109,0.92
7940,1539,3562762,0.99
7941,1539,3075423,1
7942,1539,3279840,1
7943,3469,8816547,0.99
7944,1539,3289237,1
7945,1539,3520010,0.99
7946,4403,11010039,0.98
7947,4403,11607299,0.98
7948,1539,2491629,1
7949,1539,3137424,1
7950,4645,12102246,0.97
7951,1539,3323040,1
7952,2584,6171135,0.98
7953,1539,3537924,1
7954,3680,9127438,0.97
7955,4645,11641248,1
7956,3130,7553479,0.93
7957,4987,12574365,0.97
7958,1539,3127554,1
7959,1539,3155503,1
7960,1539,3474553,1
7961,1539,3231531,1
7962,2584,6497675,0.99
7963,4645,12216955,0.94
7964,1539,3828854,1
7965,3150,8033316,0.96
7966,4645,11704401,0.89
7967,1539,3468192,1
7968,4645,12463501,0.86
7969,4987,12317168,0.96
7970,1539,3576905,1
7971,1539,2504294,1
7972,1539,3620185,1
7973,3469,8773200,0.94
7974,1539,2964693,1
7975,1539,2426631,1
7976,3680,9368711,0.97
7977,1539,3458403,0.99
7978,3150,8238678,0.79
7979,4645,11972293,0.9
7980,1539,2699818,0.99
7981,1539,3325094,1
7982,3150,7853251,0.96
7983,1539,2630551,1
7984,1539,3656597,0.98
7985,3469,8206260,0.94
7986,1539,3452787,1
7987,1539,3450600,0.98
7988,1539,3640295,0.97
7989,1539,3364535,0.99
7990,1539,3007688,1
7991,1539,3313911,1
7992,3130,7649509,0.95
7993,1539,2069907,1
7994,1539,3521121,1
7995,1539,2194036,1
7996,1539,3279637,1
7997,1539,2703586,1
7998,5000,13309501,0.89
7999,4403,10054719,0.95
8000,4403,10652241,1
8001,3469,8687423,0.98
8002,1539,3564712,0.99
8003,1539,2633945,0.98
8004,1539,3368381,1
8005,1539,3932623,1
8006,1539,3468038,1
8007,5000,13276913,0.94
8008,1539,3466856,0.94
8009,2699,6011661,0.97
8010,2141,5036368,0.98
8011,1539,2628740,1
8012,1539,3029061,1
8013,3130,6780979,0.97
8014,1539,3394522,1
8015,1539,3182492,1
8016,3680,9581118,0.96
8017,1539,2772502,0.99
8018,3444,8383955,0.99
8019,1539,2816715,1
8020,1539,3780148,0.97
8021,4403,11265425,0.96
8022,1539,2610268,1
8023,4645,12088325,0.93
8024,3680,9517683,0.94
8025,1539,2733093,1
8026,3106,7731154,0.99
8027,1539,3269993,0.99
8028,1539,3572461,1
8029,3106,8199355,0.97
8030,1539,3195035,1
8031,4403,10801828,0.99
8032,1539,2741744,1
8033,1539,3398912,1
8034,1539,3499384,1
8035,5000,11515410,0.98
8036,1539,2773653,1
8037,2699,6777255,1
8038,4645,11944633,0.94
8039,1539,3618321,0.97
8040,2584,6772479,0.9
8041,3680,9259673,0.95
8042,1539,3496079,0.99
8043,3680,9553817,0.93
8044,1539,2659810,1
8045,2584,6631579,0.87
8046,1539,3578415,0.84
8047,1539,2855186,0.98
8048,1539,3332541,0.99
8049,2141,5274171,0.97
8050,1539,3206504,0.99
8051,1539,3496909,1
8052,3150,7880316,0.94
8053,4987,12435240,0.99
8054,1539,3265509,1
8055,1539,3111373,1
8056,1539,3496847,0.98
8057,3130,7846414,0.99
8058,1539,2974565,1
8059,1539,2951141,1
8060,1539,3424552,1
8061,4987,13165663,0.91
8062,1539,2665879,1
8063,1539,3711849,0.9
8064,1539,2817915,1
8065,1539,3417810,1
8066,1539,3025679,1
8067,4645,11814540,0.98
8068,1539,3503883,0.95
8069,1539,2912396,1
8070,1539,2697639,1
8071,4987,12806209,0.93
8072,1539,3601627,0.96
8073,4403,11004602,0.96
8074,1539,3453446,0.98
8075,1539,3029171,1
8076,4987,11832524,0.92
8077,4645,11796871,0.99
8078,4403,10258416,0.97
8079,4645,11758352,0.97
8080,4645,11340402,0.99
8081,1539,3062741,1
8082,3680,8020769,0.97
8083,1539,3243999,1
8084,1539,2968543,0.99
8085,1539,3201127,1
8086,1539,2622048,1
8087,1539,2716525,1
8088,1539,2568512,1
8089,1539,3579263,0.96
8090,4645,11782608,0.85
8091,1539,3538498,0.98
8092,4645,11818619,0.97
8093,3444,8707429,0.92
8094,1539,3714334,1
8095,1539,3255010,1
8096,3444,8010950,0.98
8097,2584,5786493,0.99
8098,1539,3213078,0.96
8099,1539,3615525,1
8100,1539,2359686,1
8101,1539,2059949,1
8102,1539,3501260,0.97
8103,3106,7727014,0.95
8104,1539,3444457,0.97
8105,2584,6736905,0.92
8106,3680,9295347,0.92
8107,3106,7330193,0.91
8108,1539,3077206,1
8109,1539,2477366,1
8110,4645,11697594,0.98
8111,3680,9279385,0.92
8112,1539,3182338,1
8113,1539,2266073,1
8114,3469,8652230,0.99
8115,3621,8337095,0.99
8116,1539,3728277,0.98
8117,1539,3434237,1
8118,1539,3151617,1
8119,4645,11649405,0.91
8120,1539,3099425,0.96
8121,4645,12382017,0.93
8122,4645,11577961,0.98
8123,4645,11960108,0.9
8124,1539,3656986,0.99
8125,1539,3380787,1
8126,1539,3633214,0.94
8127,4987,12482002,0.93
8128,4403,11230091,0.93
8129,1539,3098051,1
8130,4645,11784620,0.94
8131,1539,3165308,1
8132,3444,8940855,0.99
8133,1539,3078584,1
8134,1539,2993780,1
8135,3469,8594005,0.97
8136,1539,3204548,1
8137,5000,13002741,0.98
8138,4645,11877260,0.95
8139,3106,7753708,1
8140,1539,3318388,0.99
8141,1539,3253121,1
8142,1539,3007195,1
8143,1539,2625130,1
8144,4987,12843545,0.96
8145,4645,11660373,0.97
8146,2584,6431670,0.93
8147,1539,3078713,1
8148,4403,11093198,0.96
8149,1539,3154271,1
8150,1539,3564273,0.99
8151,3680,9719910,0.87
8152,4645,11879640,0.9
8153,3680,9455167,0.91
8154,1539,3212580,0.99
8155,1539,2281644,1
8156,1539,2706652,1
8157,1539,3739665,0.98
8158,3680,9461551,0.92
8159,2584,6091852,1
8160,1539,3523059,1
8161,1539,2855418,1
8162,1539,3540168,0.98
8163,1539,3514794,1
8164,1539,3305400,1
8165,1539,2855926,1
8166,1539,3633842,0.99
8167,3680,9216260,0.93
8168,1539,3096937,1
8169,4645,12097310,0.88
8170,1539,3614360,0.9
8171,1539,3114724,1
8172,3621,8771849,1
8173,4403,11141644,0.91
8174,1539,3528063,1
8175,1539,2619427,1
8176,2141,4908578,0.96
8177,3444,8522694,0.99
8178,1539,3146757,1
8179,1539,2965457,1
8180,4645,11717814,0.97
8181,1539,3614643,0.95
8182,1539,3053094,1
8183,4645,11969071,0.94
8184,1539,3644020,0.97
8185,1539,3619593,0.88
8186,4403,10763897,0.98
8187,1539,3147090,1
8188,1539,2806221,1
8189,1539,2648601,1
8190,1539,3638452,1
8191,4645,11783115,1
8192,1539,3152071,1
8193,1539,3347725,1
8194,1539,3512743,1
8195,1539,3495842,1
8196,1539,2822240,0.99
8197,1539,2911357,1
8198,1539,3701735,1
8199,4645,11842594,0.92
8200,1539,3260741,0.96
8201,3106,7854043,0.96
8202,1539,3031150,1
8203,1539,2763961,1
8204,1539,2537124,1
8205,4403,11194331,0.97
8206,4987,12745186,0.96
8207,4403,10629869,0.98
8208,4403,11534421,0.95
8209,1539,2495327,1
8210,1539,3200907,1
8211,1539,3469229,1
8212,1539,3521575,0.95
8213,2584,6835827,0.98
8214,2141,5048451,1
8215,3130,7765736,0.94
8216,1539,3103940,1
8217,3444,7969997,1
8218,2699,6371623,1
8219,2584,6604462,0.94
8220,1539,2994175,1
8221,3469,8027485,0.97
8222,4645,12050582,0.95
8223,1539,2787334,1
8224,1539,2914584,1
8225,4987,12530349,0.94
8226,1539,2815027,1
8227,3680,9660226,0.9
8228,1539,3196786,1
8229,1539,3055978,1
8230,3680,9387594,0.96
8231,1539,3177762,1
8232,1539,2927164,1
8233,1539,3653223,0.93
8234,1539,3629461,0.99
8235,4645,11116147,0.99
8236,1539,3202931,1
8237,1539,3550833,0.99
8238,1539,3422209,1
8239,1539,3140797,0.99
8240,3106,7284741,0.99
8241,1539,3857471,1
8242,3106,7727575,0.97
8243,1539,3300581,1
8244,1539,3316408,1
8245,1539,3136525,1
8246,4403,10906649,0.96
8247,4645,11723649,0.95
8248,3469,8435560,1
8249,1539,3775847,0.9
8250,3106,7642922,1
8251,1539,3480477,0.99
8252,1539,2886181,1
8253,1539,3675833,0.98
8254,4645,11735864,0.94
8255,3469,8312965,0.98
8256,4645,11703607,0.96
8257,2584,6180656,0.98
8258,1539,3172500,1
8259,4403,11547799,0.88
8260,1539,3063138,1
8261,3680,8786099,0.99
8262,4645,10354140,1
8263,1539,2952272,0.99
8264,1539,2890071,1
8265,1539,3509728,0.99
8266,1539,3333042,0.96
8267,1539,2762540,1
8268,1539,2616349,1
8269,1539,3438056,0.97
8270,1539,3629746,1
8271,1539,3503991,0.91
8272,2699,6358246,0.94
8273,4645,11559887,0.94
8274,4987,12653967,0.95
8275,4645,11424334,0.99
8276,1539,3446922,1
8277,1539,3469830,1
8278,1539,2931931,1
8279,1539,3067151,0.99
8280,1539,2041441,1
8281,1539,2782338,1
8282,1539,2671330,1
8283,1539,3656450,0.99
8284,1539,2767892,1
8285,3106,7938128,0.94
8286,1539,3342124,0.99
8287,1539,3463169,0.99
8288,1539,3648821,1
8289,1539,3510816,1
8290,1539,3149227,1
8291,4645,11893157,0.95
8292,1539,2605074,1
8293,1539,3485783,1
8294,1539,3421032,0.93
8295,1539,3723111,1
8296,1539,3234779,0.97
8297,1539,3312259,1
8298,1539,3677760,1
8299,1539,3386773,1
8300,1539,3207600,1
8301,3130,7020705,0.99
8302,2584,6236482,0.99
8303,4645,11710482,0.94
8304,1539,3466828,1
8305,4987,13427844,0.92
8306,4645,11912474,0.9
8307,5000,12974884,0.94
8308,3130,8088587,1
8309,3150,8028395,0.91
8310,3621,8986597,0.93
8311,1539,3215978,1
8312,4987,11857371,1
8313,3106,7571338,0.91
8314,1539,2992003,0.97
8315,1539,2862495,1
8316,1539,3528591,0.99
8317,1539,2036098,1
8318,1539,2310126,1
8319,3680,9339621,0.93
8320,3444,8491030,0.95
8321,1539,3525080,0.99
8322,3130,7487748,0.98
8323,4645,11341383,0.89
8324,1539,3334829,0.99
8325,1539,3341670,0.98
8326,1539,3428549,1
8327,4403,11396121,0.94
8328,1539,2835194,1
8329,3444,8517642,0.98
8330,1539,3114734,1
8331,2141,5119094,1
8332,3621,8435483,0.97
8333,1539,3257856,1
8334,1539,2461370,1
8335,4645,11878643,0.96
8336,1539,3315297,1
8337,1539,3522959,0.97
8338,4403,11068030,0.95
8339,3150,7959407,0.89
8340,1539,3461429,0.97
8341,1539,2534237,1
8342,1539,3399742,0.99
8343,1539,3466385,0.94
8344,1539,2610940,1
8345,1539,3284074,1
8346,3621,8832025,0.97
8347,3469,9034477,0.96
8348,3130,8028439,0.75
8349,1539,3231593,1
8350,2699,6253154,0.99
8351,1539,2998234,1
8352,1539,3168183,1
8353,1539,3557850,1
8354,1539,3724278,1
8355,3444,8348101,0.93
8356,3150,7816142,0.96
8357,1539,3081394,1
8358,1539,3528669,0.99
8359,1539,3701275,1
8360,1539,3444146,0.99
8361,1539,3496789,0.96
8362,1539,3510662,0.95
8363,2141,5005197,1
8364,4987,12886023,0.85
8365,1539,3533838,0.97
8366,1539,3462580,1
8367,1539,3150387,0.99
8368,1539,2930419,1
8369,3469,8033461,1
8370,1539,2949392,1
8371,1539,2778215,1
8372,3150,8004425,0.94
8373,1539,1967541,1
8374,1539,2780622,1
8375,1539,2905695,1
8376,4645,11250247,1
8377,1539,2328980,1
8378,1539,3800062,0.98
8379,4645,11982316,0.92
8380,1539,3195138,0.99
8381,4645,10867145,1
8382,1539,2959781,1
8383,3444,7846865,0.99
8384,3106,7794728,0.9
8385,1539,3672456,0.92
8386,1539,3270906,1
8387,1539,1960951,1
8388,1539,3429642,1
8389,3680,8765850,0.95
8390,1539,3011848,1
8391,4645,11119894,0.99
8392,3106,7732881,0.92
8393,1539,3087285,0.99
8394,1539,2932503,1
8395,1539,3806406,0.96
8396,1539,2789160,1
8397,4987,12244589,0.98
8398,1539,2197100,1
8399,1539,3305642,1
8400,3680,9351365,0.97
8401,1539,2232201,1
8402,1539,3341976,0.99
8403,2584,6852276,0.88
8404,2699,6613240,0.96
8405,3621,8776810,1
8406,3621,8215161,0.99
8407,1539,3799189,1
8408,1539,3196258,0.99
8409,1539,2990473,1
8410,3150,8251317,0.91
8411,2141,5415167,0.82
8412,1539,2521568,1
8413,3106,7814092,0.99
8414,4645,12313043,0.92
8415,1539,3450718,0.99
8416,4987,13016606,0.97
8417,4645,11379031,0.97
8418,1539,3240263,1
8419,1539,3165732,1
8420,1539,3084260,1
8421,3469,8068060,0.96
8422,1539,3464759,1
8423,1539,3288203,1
8424,1539,3478702,1
8425,3106,7318588,1
8426,3469,8276153,0.96
8427,2699,5931730,0.99
8428,1539,3283484,1
8429,4645,11494045,0.89
8430,1539,3163361,1
8431,1539,3779689,0.99
8432,1539,3379443,0.95
8433,3130,6902279,0.99
8434,1539,3044189,1
8435,1539,3636828,0.98
8436,1539,3208907,1
8437,3106,7392276,0.95
8438,3130,7620775,0.93
8439,1539,2627203,1
8440,1539,2627647,1
8441,3130,8031616,0.98
8442,1539,2548047,1
8443,1539,3085280,0.99
8444,1539,2530356,1
8445,3106,7594749,0.98
8446,1539,3663591,1
8447,1539,3603996,0.95
8448,1539,2145893,1
8449,1539,3590072,0.99
8450,3106,7549476,0.99
8451,1539,3509166,0.98
8452,4403,11361674,0.92
8453,1539,3693164,0.99
8454,1539,3491575,0.99
8455,1539,2509895,1
8456,3444,7793394,0.96
8457,3150,7752895,0.91
8458,1539,2736658,1
8459,1539,3751985,0.96
8460,1539,3379073,0.99
8461,1539,2577304,1
8462,1539,3383243,0.95
8463,4645,11781098,0.91
8464,1539,3320500,0.98
8465,3621,9021740,0.98
8466,1539,2395564,1
8467,1539,3052191,1
8468,1539,2744604,1
8469,1539,3585476,0.99
8470,1539,3345602,1
8471,1539,3709623,0.99
8472,4987,12778483,0.96
8473,4403,10346030,1
8474,4987,12383009,0.98
8475,1539,2893399,1
8476,4987,12799138,0.99
8477,3469,8061436,0.98
8478,1539,3725298,0.98
8479,1539,2513108,1
8480,4403,11074124,0.99
8481,1539,2053996,1
8482,1539,3657012,0.99
8483,1539,3483350,1
8484,3469,7566862,0.99
8485,1539,3663695,0.95
8486,1539,3357111,0.96
8487,3150,7671754,0.95
8488,1539,3723937,0.99
8489,1539,2318360,1
8490,2584,6601418,0.92
8491,1539,2175154,1
8492,1539,3188056,1
8493,1539,3614021,1
8494,3106,7547603,0.98
8495,2584,6652700,1
8496,4645,11946566,0.96
8497,1539,3072475,1
8498,1539,3001371,1
8499,1539,2936555,1
8500,1539,3745198,1
8501,3621,8550027,0.94
8502,1539,3024156,1
8503,1539,2490089,1
8504,1539,3270122,1
8505,1539,3662091,0.94
8506,1539,3397705,0.98
8507,4645,12004989,0.94
8508,4987,12219966,0.95
8509,4645,11584495,0.93
8510,1539,3367194,0.96
8511,1539,3493597,1
8512,3130,7702934,1
8513,1539,3149997,1
8514,1539,2700904,1
8515,4645,11849190,0.97
8516,1539,3567685,0.94
8517,1539,3489459,1
8518,4645,12063150,0.82
8519,1539,3253186,0.99
8520,2141,4849398,0.98
8521,1539,3270411,1
8522,1539,3445838,0.99
8523,1539,2874277,1
8524,1539,2861353,1
8525,1539,3505755,1
8526,1539,3677495,0.89
8527,1539,3838175,0.96
8528,4645,11113707,0.98
8529,1539,2802115,1
8530,1539,2945507,1
8531,1539,2802649,1
8532,4403,11310194,0.84
8533,1539,3221682,1
8534,2141,5052468,0.96
8535,1539,3666502,0.99
8536,3150,7707821,0.97
8537,1539,3164573,1
8538,1539,2717074,1
8539,2584,6249639,0.95
8540,1539,2854353,1
8541,4645,11527054,1
8542,4645,8036056,1
8543,1539,3756041,0.97
8544,2584,6509403,0.95
8545,1539,3350328,1
8546,4645,11377225,0.97
8547,1539,3360951,0.97
8548,1539,3559366,0.96
8549,2584,6609352,0.81
8550,1539,2972806,1
8551,1539,3585547,1
8552,1539,3416907,1
8553,3469,8296621,0.98
8554,2699,6634734,0.98
8555,1539,3302528,1
8556,2141,5152211,0.98
8557,3621,8498097,0.99
8558,1539,3207950,0.99
8559,1539,1837921,1
8560,1539,3557371,0.99
8561,1539,2194888,1
8562,1539,2912101,1
8563,1539,3036308,1
8564,1539,3250070,1
8565,1539,3402377,1
8566,1539,3083227,1
8567,1539,2994179,1
8568,4645,12439803,0.92
8569,1539,3205157,0.99
8570,1539,2604435,1
8571,1539,3044650,1
8572,1539,2862938,1
8573,3150,8205179,0.89
8574,4987,13203724,0.89
8575,3444,8050143,0.99
8576,3150,8137277,0.82
8577,3680,9300502,0.91
8578,3150,7236145,0.99
8579,1539,2734878,0.99
8580,1539,2278910,1
8581,1539,3438026,1
8582,1539,2925134,1
8583,1539,3607032,0.96
8584,3150,7990814,0.97
8585,1539,3888491,0.89
8586,1539,3447247,0.96
8587,1539,2977360,1
8588,1539,3757860,0.94
8589,3150,7782132,0.96
8590,1539,3270253,1
8591,1539,3394493,0.95
8592,1539,2440999,1
8593,1539,2197152,1
8594,1539,2302053,1
8595,1539,2769605,1
8596,1539,3542934,0.97
8597,2141,5218904,1
8598,1539,3362121,1
8599,1539,3199240,1
8600,1539,2873646,1
8601,3469,8328832,0.99
8602,1539,3172030,1
8603,2584,6310674,0.96
8604,4645,10227765,0.98
8605,1539,2884013,0.99
8606,3444,8328884,0.93
8607,3680,8972876,0.96
8608,1539,3578137,0.9
8609,1539,3184966,1
8610,2584,6667010,0.99
8611,4645,11283101,0.97
8612,1539,3012387,1
8613,1539,2917925,1
8614,1539,2454166,1
8615,3621,8064335,0.96
8616,3150,7898754,0.92
8617,2141,5097237,0.99
8618,3621,8601379,0.99
8619,2584,6568840,0.76
8620,4645,11998343,0.88
8621,1539,2130454,1
8622,3150,8002434,0.92
8623,1539,2809213,1
8624,1539,3464793,0.99
8625,1539,3468568,1
8626,1539,3029536,1
8627,4645,12104997,0.96
8628,1539,3239685,1
8629,1539,3499541,0.99
8630,1539,2553401,1
8631,3621,9133660,0.92
8632,1539,2425694,1
8633,1539,3169714,1
8634,1539,2583873,1
8635,1539,3705769,0.96
8636,1539,3094571,1
8637,1539,2689661,1
8638,3621,9156976,0.95
8639,1539,2948680,1
8640,1539,3372759,1
8641,1539,3328019,0.99
8642,4645,12097876,0.94
8643,1539,2748052,1
8644,1539,3026054,1
8645,1539,3539686,0.97
8646,1539,2457889,1
8647,1539,3091218,1
8648,1539,2989001,1
8649,1539,3780411,0.98
8650,1539,3028072,1
8651,1539,3151337,1
8652,1539,3661356,0.93
8653,4645,12275511,0.96
8654,3130,7860745,0.95
8655,2141,5186891,0.99
8656,4645,11835583,0.96
8657,3444,8606057,0.9
8658,1539,3020873,1
8659,4645,11847895,0.94
8660,1539,3490357,1
8661,2584,6907502,0.92
8662,1539,3546649,0.99
8663,1539,2838799,1
8664,1539,2839003,1
8665,1539,2943535,1
8666,1539,2978528,1
8667,1539,3491487,0.94
8668,3469,8295513,0.99
8669,4645,11639062,0.99
8670,4987,12602394,0.93
8671,1539,3646700,0.97
8672,3150,7600289,0.98
8673,1539,2830316,1
8674,4645,12144315,0.93
8675,4403,10859661,0.96
8676,1539,2592688,1
8677,4645,10415728,0.94
8678,1539,3669102,0.93
8679,1539,3153234,1
8680,3106,7525028,0.87
8681,1539,3451018,0.99
8682,4645,11939772,0.9
8683,1539,3242066,1
8684,5000,12195221,0.97
8685,4645,11961751,0.92
8686,2584,6555876,0.82
8687,1539,2293890,1
8688,2141,4917165,1
8689,1539,3684401,1
8690,1539,3621780,0.94
8691,1539,3081472,1
8692,1539,3137094,1
8693,1539,3366315,0.99
8694,3130,7771691,0.9
8695,4645,11455977,0.98
8696,3150,8025151,0.92
8697,1539,3249031,0.98
8698,4403,11217198,0.91
8699,1539,3128919,0.96
8700,1539,2863070,1
8701,1539,3266770,1
8702,1539,3092067,0.99
8703,1539,2912451,1
8704,2141,5226490,0.96
8705,1539,3281000,1
8706,1539,2486310,1
8707,5000,12482750,0.98
8708,4645,12184228,0.95
8709,1539,2271909,1
8710,4403,11271704,0.96
8711,1539,3667804,0.96
8712,1539,3008242,1
8713,1539,3464911,0.99
8714,1539,2306456,1
8715,3150,8051460,0.94
8716,3130,8220078,0.86
8717,4645,12060125,0.93
8718,1539,3301990,0.98
8719,3444,8160434,0.99
8720,4645,11373884,0.99
8721,1539,3208030,1
8722,1539,2886766,1
8723,1539,2437013,1
8724,4987,11435789,0.95
8725,3130,7734630,1
8726,1539,3243631,1
8727,1539,3522214,1
8728,1539,2181778,1
8729,1539,2450666,1
8730,1539,2649413,1
8731,1539,3431739,1
8732,1539,3728010,0.97
8733,1539,3136931,1
8734,1539,3002006,1
8735,3106,7768361,0.89
8736,2584,6114828,0.96
8737,4645,11508617,0.96
8738,1539,2110022,1
8739,1539,3726029,0.94
8740,4645,11804844,0.92
8741,3469,8512466,0.87
8742,4987,12408960,0.9
8743,3444,8022720,0.97
8744,4403,10478514,1
8745,1539,3921569,0.94
8746,1539,3339780,1
8747,3150,7917937,0.95
8748,1539,2133730,1
8749,3444,8140397,0.99
8750,1539,3223677,1
8751,1539,3578210,0.96
8752,3150,7967348,0.86
8753,3469,8411385,0.99
8754,1539,2715209,1
8755,1539,2638949,1
8756,4645,11636128,0.94
8757,1539,3180502,1
8758,1539,3322900,1
8759,1539,3570709,1
8760,1539,3242404,0.99
8761,4645,11687783,0.87
8762,2584,5743194,0.94
8763,1539,3694715,0.98
8764,1539,2837922,1
8765,1539,2657079,1
8766,1539,3358299,1
8767,1539,2962898,1
8768,1539,3126749,0.99
8769,1539,3676437,0.99
8770,2584,6443582,0.97
8771,1539,3118247,1
8772,1539,2921115,1
8773,1539,2814497,1
8774,1539,3509066,0.96
8775,2584,6627489,0.92
8776,1539,3379916,1
8777,1539,3729105,0.95
8778,1539,3199990,1
8779,1539,3706120,0.95
8780,3150,8069619,0.93
8781,2699,6448240,0.97
8782,1539,3272134,1
8783,1539,2817410,1
8784,1539,2655486,1
8785,1539,2873451,0.99
8786,3444,8637793,0.94
8787,3621,7858490,1
8788,1539,3320303,1
8789,3621,8135520,0.99
8790,1539,2900253,1
8791,1539,3389365,1
8792,1539,2894269,1
8793,1539,3059723,1
8794,3150,8253508,0.84
8795,1539,2432508,1
8796,1539,3095260,1
8797,1539,2956908,1
8798,1539,3337852,1
8799,1539,3495668,0.99
8800,1539,3602340,0.99
8801,1539,3415061,1
8802,1539,2864293,1
8803,1539,2463450,1
8804,3130,7341374,1
8805,3444,6899018,1
8806,2584,6276121,0.95
8807,1539,3439793,1
8808,3621,8566433,0.98
8809,1539,3670478,0.95
8810,1539,2927541,0.97
8811,1539,2868888,1
8812,4645,11950033,0.96
8813,4645,12057072,0.93
8814,2584,6240357,0.95
8815,1539,3293058,1
8816,4403,10291352,1
8817,1539,3662987,1
8818,4645,11867794,0.96
8819,1539,2643596,1
8820,1539,3160750,0.99
8821,2699,6529204,0.98
8822,1539,2692697,1
8823,2584,6737593,0.95
8824,1539,3480173,1
8825,1539,3468916,1
8826,3150,7381382,0.98
8827,2699,6668909,0.98
8828,2141,5298575,0.98
8829,1539,3005895,1
8830,1539,2796751,1
8831,1539,3755251,0.97
8832,1539,3394841,1
8833,3150,7620743,0.99
8834,5000,12130655,1
8835,1539,3442321,1
8836,1539,2926571,1
8837,1539,3624696,0.98
8838,1539,3462815,1
8839,4403,11441795,0.94
8840,3106,7615892,0.93
8841,1539,3063118,1
8842,1539,3281651,0.99
8843,1539,3412245,1
8844,1539,2294125,1
8845,1539,2855604,1
8846,3130,7767693,0.96
8847,3150,7815892,0.99
8848,3680,9401625,0.87
8849,4403,11306421,0.87
8850,4403,8771380,1
8851,1539,3907956,0.94
8852,3150,8276614,0.86
8853,3106,7865308,0.9
8854,1539,3543798,0.99
8855,4645,12198520,0.92
8856,3150,8035680,0.96
8857,3106,7439480,0.95
8858,1539,2838812,1
8859,3469,8466023,1
8860,1539,3178087,0.9
8861,1539,3830292,0.94
8862,1539,3265872,1
8863,4645,11835993,0.98
8864,4645,11902869,0.92
8865,1539,3448088,1
8866,1539,2884097,1
8867,1539,3331603,1
8868,1539,3235696,1
8869,1539,2982164,1
8870,1539,3461857,1
8871,1539,2871850,1
8872,1539,3477510,0.99
8873,1539,3612541,1
8874,4403,10866453,0.98
8875,4645,11718492,1
8876,3680,9236475,0.98
8877,1539,2657421,1
8878,1539,3213467,1
8879,1539,2828217,1
8880,1539,3493767,1
8881,3130,7985793,0.91
8882,1539,2902440,1
8883,1539,3000686,1
8884,4645,12119312,0.98
8885,1539,3468514,1
8886,3469,8478001,0.98
8887,1539,2349719,1
8888,4645,12085034,0.99
8889,1539,3210301,1
8890,1539,3160728,1
8891,1539,3216542,1
8892,4403,11463800,0.88
8893,1539,2197047,1
8894,1539,3647405,0.96
8895,1539,2929346,1
8896,3680,8960681,0.99
8897,1539,3445098,1
8898,1539,3210553,1
8899,3680,9512278,0.95
8900,4645,12010467,0.88
8901,1539,3639611,1
8902,1539,2936714,1
8903,2141,5038235,0.99
8904,1539,3508016,0.99
8905,1539,2603599,1
8906,3150,8002588,0.85
8907,4645,11718705,0.96
8908,4987,12666837,0.95
8909,1539,3598721,0.97
8910,2584,6579457,0.95
8911,1539,3778170,0.97
8912,1539,3579266,0.93
8913,2584,6633192,0.9
8914,3130,7744869,0.95
8915,3106,6522855,1
8916,1539,3063568,1
8917,3150,7445084,0.96
8918,1539,3373538,0.97
8919,1539,2956600,1
8920,1539,3492874,0.98
8921,1539,3602816,0.96
8922,4987,12957816,0.9
8923,2584,6225856,0.99
8924,1539,2908744,1
8925,3469,8202630,0.98
8926,1539,3579218,1
8927,1539,2889606,1
8928,3106,7921365,0.86
8929,1539,3028505,1
8930,1539,2792062,1
8931,4645,11730120,0.93
8932,3621,8745264,0.98
8933,1539,2592519,1
8934,1539,2844234,1
8935,1539,3501894,1
8936,1539,3270507,1
8937,1539,3130528,1
8938,1539,3560336,1
8939,1539,3343051,0.99
8940,3130,7565725,0.99
8941,4645,11108988,0.96
8942,1539,3147896,1
8943,1539,2809660,1
8944,2699,6216917,0.92
8945,3444,8386823,0.96
8946,1539,3046109,0.99
8947,1539,3234366,1
8948,1539,2987344,1
8949,3130,7480691,1
8950,1539,3268464,1
8951,1539,3104216,1
8952,4645,11861184,0.88
8953,1539,3783716,0.91
8954,1539,3291590,1
8955,1539,3510993,0.97
8956,1539,3711932,0.99
8957,1539,3443374,0.97
8958,2584,6406602,0.93
8959,1539,3615705,1
8960,1539,2400305,0.99
8961,3150,7973185,0.95
8962,1539,2546246,1
8963,1539,3253200,1
8964,4645,11962684,0.95
8965,1539,2320667,1
8966,1539,3193676,1
8967,3130,7523664,0.96
8968,1539,3402553,1
8969,1539,2666305,1
8970,2584,6392834,0.96
8971,1539,2127075,1
8972,1539,3030338,1
8973,1539,3626485,0.96
8974,1539,3588323,0.99
8975,1539,2959721,1
8976,2584,6286666,1
8977,1539,3455316,0.98
8978,3469,8518906,1
8979,1539,2322045,1
8980,3469,8612124,0.96
8981,1539,2614364,1
8982,4645,11615119,0.99
8983,3130,7816717,0.96
8984,3130,7735162,0.94
8985,1539,2985068,0.99
8986,1539,3503981,0.97
8987,1539,2816415,1
8988,2584,6393385,0.86
8989,1539,2521525,1
8990,1539,3405528,1
8991,3130,8039233,0.98
8992,1539,3218041,0.98
8993,4987,12816755,0.96
8994,1539,3462008,0.99
8995,3106,7624362,0.99
8996,1539,2771742,1
8997,4645,11949801,0.95
8998,4645,12147922,0.91
8999,1539,3000686,1
9000,4645,11591975,0.99
9001,3444,8844312,0.96
9002,1539,3099005,1
9003,3469,8450230,0.96
9004,1539,3462169,0.98
9005,1539,3642410,0.98
9006,2699,5747294,1
9007,1539,3405009,0.99
9008,4645,11073819,0.95
9009,3150,8061935,0.98
9010,1539,3215723,1
9011,3106,7842905,0.96
9012,1539,3050599,1
9013,1539,2997187,1
9014,1539,3280550,1
9015,4645,11809892,0.89
9016,1539,3585639,0.97
9017,1539,2562120,1
9018,1539,3538047,0.97
9019,4403,11074147,0.96
9020,4645,11792031,0.92
9021,1539,3304640,0.98
9022,3130,7188291,0.99
9023,1539,3171415,1
9024,1539,2807963,1
9025,1539,3382846,1
9026,1539,2370655,1
9027,3680,9026391,0.98
9028,1539,3489965,0.98
9029,1539,2869864,1
9030,2584,6519260,0.93
9031,1539,3265983,1
9032,1539,2634708,1
9033,4987,13074124,0.85
9034,1539,3154245,1
9035,3150,7860286,0.95
9036,3150,7639503,0.96
9037,3680,9221130,0.96
9038,1539,3560562,1
9039,3680,8823901,1
9040,1539,3504121,1
9041,1539,3774065,0.97
9042,4987,13504806,0.94
9043,1539,3361795,1
9044,2141,4791341,1
9045,1539,3512055,0.92
9046,3150,6781085,0.99
9047,1539,3630798,1
9048,4645,12244002,0.92
9049,1539,3094223,1
9050,1539,2881752,1
9051,1539,3411605,0.99
9052,1539,3744969,0.94
9053,3444,8257694,0.98
9054,4987,12227761,0.99
9055,3130,7491361,1
9056,2584,5884301,0.98
9057,1539,2880834,1
9058,3130,8013341,0.94
9059,1539,2834640,1
9060,1539,2853087,1
9061,1539,3684568,1
9062,1539,3028910,1
9063,1539,2311518,1
9064,3680,9493124,0.95
9065,4403,11750792,0.96
9066,1539,3185558,1
9067,1539,3237708,1
9068,1539,3728523,0.98
9069,4645,12826654,0.95
9070,3621,8943064,1
9071,4987,13140023,0.82
9072,1539,3252441,1
9073,4403,12426730,0.92
9074,1539,3342123,1
9075,1539,3419618,1
9076,1539,2895817,1
9077,1539,2622359,1
9078,1539,3764453,0.86
9079,1539,2944604,1
9080,4403,11630056,0.93
9081,3621,8150156,0.96
9082,1539,3524940,0.98
9083,1539,3899090,0.97
9084,3621,8799483,0.98
9085,1539,3582621,1
9086,1539,3344225,0.98
9087,1539,2498447,1
9088,1539,3297598,0.97
9089,2584,6773359,0.9
9090,1539,2961574,1
9091,1539,3223432,1
9092,1539,3256466,1
9093,1539,3354981,1
9094,1539,2409076,1
9095,1539,3255362,0.98
9096,2584,6073948,0.98
9097,3150,8335556,0.94
9098,1539,3609459,0.99
9099,1539,3443437,1
9100,4645,11742168,0.94
9101,1539,3440399,0.98
9102,2141,4760445,0.98
9103,1539,3512835,0.94
9104,3680,9222738,0.98
9105,1539,3538778,1
9106,4403,11077742,0.91
9107,1539,2703324,1
9108,1539,2901356,0.99
9109,3621,8864183,0.91
9110,1539,3560981,0.99
9111,1539,3607675,0.97
9112,1539,3271176,1
9113,1539,3377907,0.97
9114,1539,2484283,1
9115,3444,8424175,0.98
9116,1539,2920301,1
9117,1539,3557048,0.98
9118,1539,3140605,1
9119,1539,2800792,1
9120,4645,12141098,0.97
9121,4645,11852458,0.91
9122,1539,3293622,1
9123,3130,7503494,0.98
9124,1539,2185780,1
9125,1539,2250472,1
9126,1539,2998255,1
9127,1539,3362321,0.99
9128,1539,3229291,1
9129,4645,11887638,0.95
9130,1539,3632698,0.99
9131,1539,2866873,1
9132,1539,2225837,1
9133,1539,2843620,1
9134,1539,3248623,0.99
9135,1539,3167661,1
9136,3621,8497968,0.95
9137,4645,12084970,0.95
9138,3444,8640006,0.95
9139,3130,7373656,0.99
9140,4403,11324795,0.86
9141,1539,3498030,1
9142,1539,2713057,1
9143,1539,1983210,1
9144,1539,3425562,1
9145,1539,3932330,0.99
9146,4645,11306047,0.88
9147,3106,7565267,0.97
9148,1539,3524090,0.99
9149,1539,3087359,0.99
9150,1539,3245343,0.99
9151,3680,9220021,0.94
9152,3621,9081665,0.9
9153,1539,3494816,0.99
9154,3680,8916281,0.96
9155,1539,2385629,1
9156,4645,11957707,0.91
9157,4645,11736730,0.98
9158,1539,2796146,1
9159,3680,9074729,0.97
9160,1539,3576489,0.96
9161,3680,9558042,0.9
9162,1539,3370306,1
9163,1539,3365779,1
9164,1539,3919911,0.94
9165,1539,3510583,1
9166,3444,8632648,0.97
9167,1539,3549350,1
9168,4645,12061831,0.9
9169,1539,2999073,1
9170,3130,7768224,0.97
9171,4645,10966722,1
9172,1539,2753593,1
9173,1539,3306141,1
9174,4645,11782845,0.98
9175,1539,3002782,1
9176,1539,2868264,1
9177,3150,7846997,0.93
9178,3106,7227344,0.95
9179,3469,8349819,0.96
9180,1539,2271931,1
9181,1539,3047212,1
9182,1539,3525271,0.98
9183,1539,3226958,1
9184,1539,3679496,0.99
9185,1539,3030385,1
9186,1539,3532557,0.94
9187,1539,2445930,1
9188,1539,3683895,0.93
9189,1539,3462685,0.98
9190,3444,8324817,0.99
9191,1539,3243505,1
9192,1539,3214004,0.98
9193,3680,9318278,0.99
9194,1539,3010203,1
9195,4645,12236502,0.91
9196,4987,12449222,0.93
9197,4403,11146622,0.97
9198,1539,3540762,0.99
9199,1539,3190538,0.99
9200,1539,2783458,1
9201,4645,11715583,0.95
9202,1539,3555952,0.99
9203,2584,6637590,0.96
9204,1539,3634844,0.99
9205,2141,5172881,0.98
9206,1539,2217408,1
9207,1539,2419889,1
9208,4645,12083125,0.96
9209,1539,2816374,1
9210,1539,3122243,0.99
9211,4403,11303974,0.9
9212,1539,3648896,0.97
9213,3680,8260014,0.95
9214,3106,7381638,1
9215,1539,3007974,1
9216,3106,7757553,0.88
9217,1539,2571633,1
9218,2699,6401071,0.96
9219,1539,2601491,1
9220,1539,3781544,0.99
9221,1539,3351061,0.99
9222,1539,3347779,1
9223,1539,3219083,1
9224,1539,3225728,1
9225,1539,2769994,0.98
9226,3106,7186911,0.99
9227,1539,3872021,0.9
9228,1539,3306082,1
9229,3150,7955402,0.96
9230,1539,3688087,0.99
9231,3680,9579316,0.95
9232,1539,2915133,1
9233,1539,3404355,0.97
9234,1539,3603052,0.95
9235,1539,2625983,1
9236,1539,2530833,1
9237,4403,11622194,0.88
9238,4645,11545559,1
9239,2699,6334080,0.99
9240,2141,5335381,0.89
9241,1539,3495240,1
9242,1539,3775744,0.85
9243,1539,2965529,1
9244,4645,11804433,0.96
9245,1539,3375590,1
9246,1539,3003348,1
9247,1539,3711884,0.99
9248,3150,7905595,0.96
9249,1539,3275865,0.99
9250,1539,3230490,1
9251,1539,3100764,1
9252,4645,11849674,0.93
9253,1539,2117647,1
9254,1539,3481483,1
9255,1539,3116765,1
9256,1539,2993504,1
9257,4987,13636634,0.9
9258,1539,3307785,0.99
9259,2584,6419007,0.97
9260,1539,2992467,1
9261,1539,3888693,0.92
9262,1539,3173126,1
9263,1539,3456539,0.98
9264,1539,3030605,1
9265,1539,2903902,1
9266,3621,8229440,1
9267,1539,3378048,0.99
9268,4645,10896778,1
9269,4403,10121664,0.97
9270,1539,2070187,1
9271,1539,3573272,1
9272,1539,1921462,1
9273,1539,3669852,0.97
9274,1539,3675312,0.99
9275,4403,11218363,0.96
9276,1539,2830622,0.99
9277,4645,11663337,0.99
9278,1539,3103505,0.99
9279,1539,3369428,1
9280,1539,2927230,1
9281,2141,4807443,0.94
9282,1539,3089649,1
9283,1539,4013839,1
9284,2141,5097425,1
9285,1539,2958474,1
9286,1539,3368996,1
9287,2141,5082679,0.97
9288,1539,3588726,0.98
9289,1539,3474200,0.98
9290,1539,2248625,1
9291,3106,7986540,0.99
9292,1539,3642826,0.98
9293,1539,2217783,1
9294,3680,9521443,0.91
9295,4645,11623706,0.94
9296,3130,7819152,0.97
9297,1539,3379021,1
9298,1539,2959551,1
9299,2584,6785793,0.88
9300,3130,7940059,0.98
9301,1539,3303857,1
9302,1539,2601660,1
9303,1539,3150447,0.99
9304,1539,3312507,0.96
9305,1539,2769163,1
9306,1539,3061949,1
9307,2141,5061503,0.99
9308,1539,3182628,1
9309,1539,3878767,0.97
9310,4645,11518954,0.96
9311,1539,3368529,1
9312,3469,8213002,0.98
9313,1539,3451117,0.96
9314,4645,11989599,0.93
9315,1539,3388701,0.97
9316,1539,3316539,0.99
9317,4645,12169346,0.94
9318,3621,8230710,1
9319,4645,12324447,0.96
9320,1539,3112900,1
9321,1539,2850113,1
9322,2584,6439444,0.99
9323,3680,9250828,0.98
9324,1539,2972645,1
9325,4403,11237054,0.94
9326,2699,6651360,0.96
9327,1539,3129462,1
9328,2584,6562301,0.94
9329,3106,7634659,0.97
9330,2141,5370420,0.9
9331,4645,11934298,0.91
9332,1539,3540767,0.96
9333,4403,11013879,0.91
9334,3106,8056148,0.92
9335,3106,7854903,0.94
9336,1539,2688667,1
9337,1539,2754624,1
9338,1539,2333619,1
9339,3106,7778010,0.99
9340,1539,2840769,1
9341,4645,11439812,0.95
9342,4645,10676542,0.98
9343,1539,3504724,0.98
9344,3680,9122858,0.94
9345,3106,7564266,0.99
9346,3130,7811677,0.93
9347,3621,8848906,0.99
9348,1539,3360912,0.94
9349,3130,7029036,1
9350,1539,2779223,1
9351,1539,3292230,1
9352,1539,3769719,0.95
9353,1539,3168521,0.99
9354,3680,9549470,0.92
9355,1539,3554379,0.99
9356,1539,3584306,1
9357,1539,3364214,0.99
9358,1539,2642490,1
9359,1539,2363897,1
9360,4403,11419268,0.93
9361,1539,3535753,0.97
9362,1539,3341041,0.99
9363,3130,7863965,0.91
9364,1539,2373161,1
9365,1539,3532689,0.97
9366,4403,11137324,0.96
9367,1539,2890260,1
9368,1539,2951769,1
9369,1539,3239651,1
9370,1539,3478125,0.97
9371,1539,2790434,1
9372,1539,3635580,0.97
9373,1539,3618530,1
9374,1539,3429265,0.99
9375,1539,3399490,1
9376,1539,3653175,0.97
9377,1539,3798227,0.98
9378,2584,6543234,0.87
9379,1539,2424923,1
9380,1539,2438241,1
9381,1539,3135278,1
9382,2584,6326528,0.98
9383,1539,3465947,0.98
9384,1539,2950091,1
9385,1539,3744881,0.94
9386,1539,3406514,1
9387,3130,7728751,0.97
9388,1539,3020719,1
9389,1539,3346614,0.94
9390,1539,2530898,1
9391,1539,2860627,1
9392,1539,3006669,0.98
9393,4645,11808821,0.94
9394,1539,3100537,1
9395,1539,2628077,1
9396,1539,3462772,0.95
9397,4645,11879069,0.93
9398,1539,3591407,0.99
9399,1539,2651826,1
9400,1539,2829053,1
9401,1539,3064399,1
9402,1539,3299185,1
9403,1539,3733466,0.99
9404,3621,8118703,1
9405,1539,3590695,0.99
9406,1539,3068231,0.99
9407,1539,2914351,1
9408,4403,11019614,0.98
9409,1539,2816784,1
9410,2699,6064090,0.98
9411,3130,7905653,0.96
9412,1539,3509888,1
9413,1539,2343895,1
9414,4403,11287320,0.94
9415,4987,12689125,1
9416,1539,3287070,1
9417,4403,11132356,0.95
9418,1539,3075662,1
9419,1539,3557735,0.98
9420,2584,6266833,0.97
9421,4987,13424255,0.93
9422,3150,7990466,0.95
9423,3621,8906581,0.94
9424,3469,8379579,0.99
9425,2141,5165146,0.91
9426,1539,2927285,1
9427,1539,2872621,1
9428,1539,3562195,0.99
9429,1539,3679985,0.91
9430,1539,3330939,1
9431,1539,3507026,1
9432,1539,2998135,1
9433,4645,11730386,0.96
9434,4645,11925274,0.93
9435,3130,7026257,0.97
9436,1539,3298137,0.99
9437,1539,2590258,1
9438,3680,9336195,0.93
9439,1539,2986141,1
9440,1539,3084218,1
9441,1539,3020140,1
9442,1539,3525155,0.97
9443,4645,12051483,0.92
9444,1539,3419222,1
9445,1539,3277379,0.99
9446,1539,3092245,1
9447,3150,7767664,0.93
9448,3469,8451509,0.97
9449,1539,3623449,0.99
9450,1539,3324838,0.97
9451,1539,2917163,1
9452,4987,13114346,0.95
9453,1539,2201438,1
9454,1539,3284769,1
9455,1539,2890496,1
9456,1539,3598248,1
9457,1539,3567663,1
9458,4645,11876837,0.9
9459,1539,3174111,1
9460,1539,2490600,1
9461,4403,10589819,0.97
9462,1539,3311014,1
9463,1539,3654339,0.97
9464,1539,3499106,1
9465,3106,7870801,0.95
9466,1539,3180685,1
9467,1539,3489259,1
9468,1539,3776292,0.97
9469,4645,11970152,0.94
9470,2699,6584155,1
9471,1539,3367199,0.95
9472,1539,3767586,0.87
9473,4645,12177235,0.98
9474,3106,6893968,0.99
9475,3469,8047895,0.99
9476,4645,11780570,0.94
9477,1539,3606083,0.99
9478,1539,2197634,1
9479,4645,12066801,0.96
9480,3680,9349469,0.99
9481,1539,3573041,0.96
9482,1539,3201140,0.99
9483,1539,3696035,0.98
9484,2584,6233325,0.99
9485,1539,2785653,1
9486,4987,12956906,0.94
9487,1539,3143559,1
9488,3621,8036759,0.99
9489,3106,7532270,0.91
9490,1539,3293541,1
9491,1539,2583325,1
9492,1539,3596460,0.95
9493,4645,12335284,0.94
9494,1539,2759915,1
9495,3130,7514400,0.98
9496,1539,2465225,1
9497,1539,3205378,1
9498,1539,2978070,1
9499,3150,7712819,0.91
9500,1539,2489502,1
9501,3621,8641610,0.99
9502,1539,3005181,1
9503,3621,9374151,0.94
9504,4645,12135624,0.95
9505,1539,2072728,1
9506,1539,2879031,1
9507,4645,11681554,0.99
9508,3106,7823875,0.93
9509,1539,3110783,1
9510,1539,3362830,1
9511,1539,3041715,1
9512,3621,8680164,0.97
9513,1539,3577291,1
9514,3106,7828500,0.91
9515,1539,2781510,1
9516,1539,3220021,1
9517,1539,3395513,1
9518,1539,2515993,1
9519,1539,3056589,0.99
9520,1539,2742100,1
9521,1539,2149586,1
9522,3469,8194556,0.97
9523,1539,2827327,1
9524,1539,3221391,0.99
9525,1539,2421501,1
9526,3150,8221392,0.88
9527,3150,8078921,0.84
9528,1539,3657999,0.99
9529,4645,11712051,0.95
9530,1539,3581979,0.97
9531,1539,3305254,1
9532,2584,6631911,0.98
9533,1539,2960843,1
9534,1539,3690417,0.97
9535,1539,2201017,1
9536,2141,5127079,1
9537,3130,7558299,0.97
9538,1539,3769153,0.98
9539,1539,3022890,1
9540,1539,3147722,0.99
9541,1539,3478301,0.97
9542,3444,8667873,0.99
9543,1539,3017847,1
9544,1539,2936399,1
9545,1539,2841126,1
9546,4987,12704325,0.96
9547,4645,10726874,1
9548,1539,2987982,1
9549,4403,10897445,0.98
9550,4645,11974580,0.93
9551,2141,5314757,0.95
9552,1539,3797989,0.97
9553,1539,3328985,0.98
9554,1539,3157059,1
9555,1539,3507941,0.99
9556,1539,2740768,1
9557,1539,3512448,0.97
9558,1539,3379009,1
9559,4987,12285300,0.98
9560,1539,2273057,1
9561,1539,3804681,1
9562,3444,8400073,0.99
9563,2584,6777338,0.88
9564,4645,11292960,0.99
9565,3469,7661540,0.97
9566,1539,3637240,0.98
9567,3150,8107292,0.9
9568,1539,3032537,1
9569,1539,3436278,1
9570,4645,10787324,0.95
9571,3106,7670955,0.98
9572,1539,2827325,1
9573,1539,3206872,1
9574,1539,2986227,1
9575,1539,2627464,1
9576,3106,8225212,0.97
9577,1539,2905293,1
9578,1539,3472491,0.99
9579,1539,3774278,0.82
9580,1539,3376789,1
9581,1539,2969784,1
9582,1539,2403807,1
9583,2584,6538356,0.98
9584,3444,8325855,0.97
9585,1539,3002352,1
9586,1539,3025242,1
9587,2141,4674447,0.99
9588,3130,7514727,1
9589,3469,8285705,0.95
9590,4645,11916925,0.98
9591,1539,2380364,1
9592,3680,8516995,1
9593,1539,2616423,1
9594,3150,7983324,0.98
9595,2141,5586488,0.84
9596,1539,3219506,1
9597,1539,2624173,1
9598,1539,3434908,1
9599,1539,2820589,1
9600,1539,3575881,0.94
9601,3680,9545542,0.91
9602,1539,3549773,1
9603,4645,11553508,0.95
9604,1539,2577950,1
9605,2141,5143821,0.95
9606,1539,2693939,1
9607,2141,5237248,0.96
9608,1539,3066035,1
9609,1539,3485266,0.95
9610,4645,12138921,0.9
9611,1539,2521087,1
9612,1539,2941784,1
9613,1539,2571069,1
9614,1539,2547498,1
9615,3444,8143898,1
9616,1539,3576803,0.87
9617,1539,2611942,1
9618,1539,2643463,1
9619,4645,11516121,1
9620,1539,3731425,0.99
9621,1539,3406211,0.98
9622,4645,11876122,0.96
9623,1539,2509940,1
9624,1539,3107115,1
9625,1539,3624529,0.95
9626,1539,3414918,1
9627,1539,3807628,1
9628,1539,3075885,1
9629,1539,3184410,1
9630,1539,3000616,0.99
9631,1539,3241349,1
9632,1539,3427567,0.98
9633,1539,2939983,1
9634,3106,7118858,0.97
9635,1539,3172867,1
9636,1539,2332327,1
9637,1539,3609887,0.96
9638,1539,3592637,0.99
9639,1539,3032361,1
9640,1539,3145199,1
9641,3621,7790626,0.99
9642,1539,3683204,0.97
9643,3106,7749360,0.96
9644,1539,3521782,0.99
9645,1539,2987771,1
9646,2699,6456649,0.97
9647,1539,3723206,0.93
9648,1539,3606378,1
9649,1539,2934318,1
9650,4645,11854919,0.97
9651,1539,2948403,0.99
9652,1539,2831232,1
9653,1539,2875614,1
9654,1539,3276167,1
9655,3130,7679496,0.89
9656,1539,2167350,1
9657,3150,8220062,0.93
9658,1539,3186748,0.98
9659,1539,3693503,0.95
9660,2584,6656942,0.94
9661,1539,3317391,0.99
9662,1539,3247166,1
9663,1539,3880963,0.97
9664,2699,6270676,0.97
9665,1539,2843478,1
9666,4645,11430341,0.92
9667,2141,5428068,0.94
9668,2141,5018531,0.97
9669,1539,3072015,1
9670,4403,11030019,0.97
9671,1539,2897526,0.99
9672,2584,6551638,0.86
9673,1539,2496000,1
9674,1539,2322067,1
9675,1539,3081009,1
9676,1539,3186248,1
9677,4645,11799489,0.96
9678,1539,2918557,1
9679,1539,3263247,0.99
9680,1539,3048276,1
9681,1539,3564137,0.97
9682,3150,7919821,0.93
9683,4645,11892908,0.87
9684,1539,3437705,0.99
9685,4645,11549024,0.97
9686,1539,3438118,0.99
9687,4987,12353669,0.97
9688,1539,3032694,1
9689,4645,12000332,0.87
9690,4987,12623530,0.95
9691,1539,3502446,1
9692,1539,2952810,1
9693,1539,2278019,1
9694,1539,3555701,0.99
9695,1539,2904672,1
9696,1539,2958255,1
9697,3444,8262084,1
9698,4645,11127301,1
9699,4403,11363432,0.94
9700,1539,3396665,0.99
9701,2584,6069253,0.92
9702,1539,3458866,0.98
9703,1539,3496378,0.99
9704,1539,3575564,1
9705,4403,10868994,0.98
9706,1539,3384514,1
9707,4645,11086632,1
9708,1539,2871015,1
9709,1539,3702934,0.98
9710,1539,2377643,1
9711,1539,2742263,1
9712,1539,2020678,1
9713,1539,3529180,1
9714,1539,2437538,1
9715,3680,8831894,1
9716,1539,3321085,0.99
9717,1539,3791094,0.99
9718,1539,2729158,1
9719,3621,8590976,0.98
9720,1539,2322883,1
9721,4645,11892954,0.99
9722,1539,3772441,0.94
9723,1539,2997166,1
9724,3444,8649419,0.93
9725,4645,11784988,0.95
9726,4403,11119543,0.94
9727,1539,3756113,0.96
9728,1539,3491396,0.99
9729,1539,2717914,1
9730,1539,2630075,1
9731,3130,7663657,0.93
9732,1539,2503890,1
9733,1539,2326087,1
9734,1539,2151812,1
9735,1539,3345499,1
9736,1539,3600002,1
9737,3106,7683937,0.92
9738,1539,3198490,1
9739,1539,3221045,1
9740,1539,3033825,1
9741,1539,3576014,0.96
9742,1539,2876290,1
9743,1539,2015616,1
9744,3680,9351336,0.89
9745,3469,7679391,0.98
9746,4403,10962674,0.92
9747,1539,3710371,1
9748,1539,2961262,1
9749,1539,3759291,0.99
9750,1539,3407017,0.97
9751,1539,2824930,1
9752,4645,12170485,0.83
9753,1539,2969576,0.99
9754,3106,7848929,0.97
9755,2699,6039876,0.96
9756,1539,3514279,1
9757,2699,6569535,0.99
9758,1539,3244033,1
9759,1539,2733024,0.99
9760,1539,2958819,1
9761,1539,3693071,0.87
9762,1539,2149070,1
9763,3130,7324118,0.99
9764,3444,7990765,1
9765,1539,3179256,1
9766,1539,3617216,0.99
9767,4645,11240480,1
9768,3621,8701732,0.95
9769,4987,13206346,0.98
9770,4987,12563481,0.99
9771,1539,2483224,1
9772,1539,3487746,1
9773,1539,2840321,1
9774,3469,8174794,0.92
9775,1539,2079241,1
9776,1539,2508362,1
9777,1539,2833178,1
9778,1539,2628212,1
9779,1539,3528997,0.96
9780,1539,2667874,1
9781,2699,6536366,0.98
9782,4987,10745805,0.99
9783,1539,2978212,1
9784,1539,3116483,1
9785,1539,3111363,1
9786,4645,12018635,0.88
9787,1539,3311280,1
9788,1539,2912687,0.99
9789,1539,2660438,1
9790,1539,3601457,0.96
9791,1539,3685207,0.98
9792,1539,2797043,1
9793,1539,2535625,1
9794,1539,3367133,1
9795,1539,2456035,1
9796,2699,6704906,0.98
9797,2584,6415434,0.93
9798,2584,6690019,0.9
9799,4645,11955759,0.97
9800,1539,3510517,0.99
9801,1539,3263546,0.95
9802,3469,7749093,0.97
9803,1539,3611534,0.99
9804,1539,2389482,1
9805,3621,9203326,0.9
9806,1539,3698697,1
9807,1539,3592846,0.97
9808,1539,3880411,0.94
9809,2699,5766447,0.99
9810,1539,3912457,0.94
9811,1539,3070859,1
9812,1539,3233635,1
9813,1539,2683159,1
9814,1539,3797305,0.92
9815,3106,7052808,0.99
9816,3680,9503445,0.87
9817,1539,3627684,0.98
9818,3444,8670898,0.96
9819,2699,6513576,0.98
9820,3130,7753390,0.98
9821,1539,3108379,1
9822,1539,3577054,0.91
9823,3130,7606603,0.96
9824,1539,2772732,1
9825,1539,2717751,1
9826,4403,11132815,0.95
9827,1539,3009684,1
9828,1539,3642448,0.97
9829,2699,6648503,0.93
9830,1539,3648998,0.96
9831,1539,2435146,1
9832,4403,11548379,0.87
9833,1539,3679413,0.99
9834,3469,8660443,0.97
9835,1539,3637554,1
9836,3150,7759354,0.94
9837,4403,11170597,0.94
9838,1539,3074274,1
9839,4645,11926631,0.98
9840,1539,3054076,1
9841,1539,3212076,1
9842,1539,3632398,1
9843,2141,4968483,0.98
9844,1539,3033747,1
9845,4645,11361877,0.99
9846,3106,7607304,0.94
9847,1539,3498249,1
9848,4403,11140148,0.98
9849,1539,2878374,1
9850,1539,2753651,1
9851,3444,8931485,0.91
9852,1539,2442435,1
9853,4403,9497577,0.93
9854,1539,3710572,1
9855,1539,3406898,0.96
9856,1539,2582063,1
9857,2584,6556777,0.84
9858,1539,3171288,1
9859,1539,2763262,1
9860,3106,7389406,0.97
9861,1539,2984081,1
9862,1539,3018959,1
9863,3106,7331292,0.98
9864,1539,3263973,1
9865,1539,1887120,1
9866,4645,10808577,0.93
9867,4645,11830735,0.97
9868,1539,2327668,1
9869,1539,3626661,0.95
9870,1539,3090290,1
9871,1539,3178284,1
9872,1539,3264595,1
9873,4645,11747722,0.87
9874,3444,8736167,0.97
9875,1539,3235289,1
9876,1539,3340091,0.99
9877,1539,3468569,1
9878,1539,3127977,1
9879,1539,3318093,1
9880,4645,11352051,1
9881,4403,11269166,0.95
9882,4987,12990979,0.98
9883,1539,3410578,0.97
9884,1539,3432307,1
9885,1539,2945100,1
9886,2141,4968214,0.97
9887,1539,3445912,1
9888,3621,8631546,1
9889,3150,7996546,0.91
9890,1539,3480494,1
9891,1539,3730074,1
9892,1539,2492154,1
9893,3150,7794567,0.94
9894,1539,3070768,0.99
9895,1539,3430211,0.98
9896,1539,3694261,0.94
9897,4645,12095036,0.96
9898,1539,2645296,1
9899,3130,7893034,0.92
9900,3469,8262218,0.98
9901,1539,3350785,1
9902,1539,3065398,1
9903,1539,3217126,1
9904,1539,3962533,0.99
9905,1539,3036952,1
9906,1539,3375272,0.98
9907,1539,2985917,1
9908,1539,3077756,1
9909,3469,8070528,1
9910,3150,8031133,0.92
9911,3469,8475143,0.93
9912,1539,3589068,0.96
9913,1539,3726183,0.86
9914,3150,8176878,0.96
9915,3621,8835438,0.98
9916,1539,3648894,0.97
9917,4645,11863064,0.94
9918,1539,3648435,0.95
9919,1539,3181733,1
9920,1539,2986825,1
9921,1539,3205506,0.99
9922,4645,12017422,0.91
9923,1539,3437400,1
9924,1539,3076749,1
9925,1539,2786013,1
9926,1539,3543140,0.96
9927,3444,8150071,0.98
9928,1539,3518643,0.99
9929,1539,3636052,0.9
9930,2141,4975764,0.98
9931,1539,3194872,1
9932,1539,3502856,0.96
9933,1539,3955005,0.96
9934,1539,2842478,1
9935,1539,2857905,1
9936,1539,3728262,1
9937,1539,3606929,0.99
9938,1539,3058501,1
9939,1539,3683869,0.99
9940,4403,11357085,0.94
9941,1539,3441574,1
9942,1539,2615366,1
9943,4645,11014741,0.99
9944,2584,6415186,0.97
9945,5000,13224571,0.9
9946,1539,2677496,1
9947,1539,3509937,0.97
9948,1539,2690585,1
9949,3130,7668195,0.97
9950,1539,2306440,1
9951,1539,3575001,1
9952,1539,3378283,1
9953,1539,2655800,1
9954,1539,3312082,1
9955,1539,3540293,1
9956,1539,3161524,1
9957,1539,3508723,1
9958,1539,2807457,1
9959,3130,7810443,0.92
9960,3680,9297868,0.99
9961,1539,2959292,1
9962,3680,9599908,0.93
9963,2584,6192872,0.98
9964,1539,2843412,1
9965,1539,3430275,0.98
9966,3130,7446870,0.99
9967,3680,8839668,0.98
9968,3130,7446917,0.98
9969,4645,11637567,0.92
9970,1539,3359819,1
9971,4987,12633849,0.99
9972,1539,2993971,1
9973,1539,2944890,1
9974,1539,3559036,0.98
9975,1539,2843646,1
9976,1539,3878514,0.94
9977,1539,2670556,1
9978,1539,3193531,1
9979,1539,2953294,1
9980,1539,2931422,1
9981,1539,3173008,1
9982,1539,3523448,1
9983,1539,2708061,1
9984,1539,2368645,1
9985,1539,3437694,1
9986,1539,3169017,1
9987,4645,10824702,1
9988,1539,3864321,0.84
9989,1539,3662759,0.98
9990,2584,5988142,0.97
9991,1539,3275670,0.98
9992,3444,7963817,1
9993,1539,2849064,1
9994,1539,3229352,1
9995,4403,11400857,0.99
9996,1539,3709137,0.96
9997,1539,2923459,1
9998,4403,11397364,0.94
9999,1539,3408573,1
