query_id,cv,recall
0,0.115419,0.34
1,0.13167,0.78
2,0.124689,0.79
3,0.113038,0.2
4,0.121025,0.64
5,0.105976,0.38
6,0.152101,0.92
7,0.103186,0.13
8,0.136338,0.75
9,0.112126,0.51
10,0.237342,0.99
11,0.114402,0.34
12,0.149284,0.85
13,0.142296,0.8
14,0.299569,1
15,0.171967,0.97
16,0.28804,1
17,0.154949,0.95
18,0.145162,0.74
19,0.157352,0.86
20,0.125451,0.55
21,0.116602,0.65
22,0.114318,0.55
23,0.303694,0.98
24,0.112556,0.3
25,0.146448,0.76
26,0.173428,0.78
27,0.123314,0.46
28,0.130131,0.69
29,0.102844,0.3
30,0.143052,0.79
31,0.132015,0.73
32,0.174205,0.78
33,0.176831,0.83
34,0.15871,0.71
35,0.143987,0.65
36,0.131364,0.69
37,0.159026,0.84
38,0.170413,0.9
39,0.109565,0.29
40,0.105165,0.32
41,0.103333,0.26
42,0.156454,0.9
43,0.220205,0.92
44,0.161896,0.74
45,0.166939,0.91
46,0.102169,0.21
47,0.133615,0.79
48,0.109586,0.09
49,0.316027,1
50,0.18643,0.96
51,0.198736,0.93
52,0.124162,0.72
53,0.129177,0.71
54,0.143362,0.87
55,0.131309,0.58
56,0.120593,0.69
57,0.189426,0.9
58,0.117781,0.63
59,0.101356,0.45
60,0.179919,0.96
61,0.17585,0.87
62,0.110759,0.37
63,0.185084,1
64,0.124947,0.77
65,0.13408,0.4
66,0.30823,0.99
67,0.148183,0.75
68,0.168346,0.89
69,0.103281,0.18
70,0.114752,0.35
71,0.310237,1
72,0.122349,0.7
73,0.159779,0.92
74,0.134366,0.74
75,0.202816,1
76,0.1578,0.8
77,0.1271,0.65
78,0.0893158,0.43
79,0.122279,0.51
80,0.133097,0.57
81,0.209467,0.97
82,0.100857,0.23
83,0.310332,1
84,0.138014,0.68
85,0.243046,0.97
86,0.159307,0.95
87,0.191321,0.99
88,0.157196,0.98
89,0.150919,0.75
90,0.121328,0.38
91,0.155301,0.96
92,0.133147,0.49
93,0.15848,0.87
94,0.0950917,0.08
95,0.154638,0.77
96,0.150355,0.74
97,0.166721,0.98
98,0.121942,0.43
99,0.159283,0.82
100,0.128242,0.49
101,0.0951984,0.13
102,0.125855,0.52
103,0.145579,0.78
104,0.111161,0.31
105,0.154561,0.61
106,0.131215,0.63
107,0.151967,0.85
108,0.192057,0.96
109,0.136856,0.67
110,0.117461,0.54
111,0.220986,1
112,0.131135,0.57
113,0.11956,0.4
114,0.108726,0.39
115,0.11326,0.34
116,0.114348,0.46
117,0.119683,0.6
118,0.220023,1
119,0.109809,0.57
120,0.219438,1
121,0.150186,0.86
122,0.107544,0.46
123,0.106904,0.21
124,0.125465,0.66
125,0.128579,0.72
126,0.126973,0.62
127,0.103837,0.24
128,0.231817,0.95
129,0.171118,0.84
130,0.482249,1
131,0.182614,0.98
132,0.172294,0.89
133,0.280281,1
134,0.120826,0.54
135,0.136752,0.67
136,0.146766,0.85
137,0.13701,0.79
138,0.184746,0.96
139,0.119621,0.39
140,0.164307,0.92
141,0.185156,0.96
142,0.142011,0.94
143,0.17477,0.96
144,0.129392,0.7
145,0.0992573,0.3
146,0.118202,0.71
147,0.179371,0.95
148,0.155356,0.89
149,0.158753,0.77
150,0.199906,0.98
151,0.153425,0.84
152,0.154601,0.84
153,0.126912,0.75
154,0.128715,0.57
155,0.213126,0.99
156,0.140008,0.53
157,0.139102,0.85
158,0.137895,0.62
159,0.103903,0.73
160,0.156542,0.95
161,0.218121,0.97
162,0.130176,0.75
163,0.121063,0.29
164,0.242325,1
165,0.162101,0.97
166,0.158347,0.82
167,0.102565,0.26
168,0.0945415,0.22
169,0.126151,0.77
170,0.132348,0.73
171,0.152568,0.9
172,0.0943011,0.08
173,0.111613,0.39
174,0.102119,0.42
175,0.146086,0.79
176,0.110964,0.23
177,0.138918,0.67
178,0.1506,0.81
179,0.599418,1
180,0.125748,0.61
181,0.14322,0.75
182,0.285807,1
183,0.113687,0.41
184,0.182349,0.9
185,0.158136,0.74
186,0.112341,0.53
187,0.193335,0.93
188,0.12656,0.61
189,0.104596,0.13
190,0.117462,0.43
191,0.122584,0.58
192,0.151398,0.89
193,0.128434,0.45
194,0.139249,0.64
195,0.243068,0.96
196,0.158946,0.96
197,0.261502,1
198,0.110225,0.18
199,0.142637,0.91
200,0.112081,0.36
201,0.127991,0.43
202,0.170233,0.61
203,0.109591,0.31
204,0.150618,0.86
205,0.282237,1
206,0.147247,0.85
207,0.124396,0.98
208,0.120012,0.35
209,0.15333,0.78
210,0.110175,0.45
211,0.129823,0.76
212,0.143455,0.79
213,0.202967,0.93
214,0.120668,0.52
215,0.133257,0.65
216,0.131446,0.61
217,0.119015,0.51
218,0.193448,0.95
219,0.127728,0.56
220,0.16638,0.96
221,0.132997,0.56
222,0.117114,0.36
223,0.168854,0.94
224,0.112543,0.34
225,0.101476,0.2
226,0.259137,0.89
227,0.157889,0.89
228,0.111887,0.36
229,0.204725,0.98
230,0.153048,0.86
231,0.105386,0.28
232,0.119732,0.5
233,0.137074,0.8
234,0.128003,0.45
235,0.123525,0.59
236,0.119567,0.4
237,0.153882,0.84
238,0.11405,0.4
239,0.102576,0.25
240,0.142435,0.47
241,0.10241,0.14
242,0.201498,1
243,0.213111,0.95
244,0.135952,0.79
245,0.27483,0.95
246,0.216454,0.97
247,0.12756,0.7
248,0.290534,0.99
249,0.148187,0.72
250,0.136161,0.64
251,0.182175,0.94
252,0.0979575,0.61
253,0.104424,0.07
254,0.152368,0.82
255,0.160976,0.89
256,0.136267,0.7
257,0.126558,0.66
258,0.147585,0.68
259,0.141216,0.88
260,0.127917,0.46
261,0.114378,0.32
262,0.129524,0.51
263,0.246027,0.99
264,0.121989,0.57
265,0.155248,0.94
266,0.0890663,0.77
267,0.153401,0.82
268,0.174978,0.88
269,0.130106,0.54
270,0.116205,0.46
271,0.133385,0.69
272,0.161159,0.73
273,0.13378,0.69
274,0.119816,0.3
275,0.12026,0.67
276,0.156458,0.77
277,0.120848,0.62
278,0.228109,0.98
279,0.140849,0.8
280,0.146461,0.92
281,0.177335,0.94
282,0.100132,0.86
283,0.145137,0.71
284,0.226936,0.99
285,0.135349,0.74
286,0.117211,0.5
287,0.123895,0.63
288,0.177698,0.92
289,0.403689,1
290,0.185707,0.95
291,0.1426,0.77
292,0.11764,0.32
293,0.112537,0.51
294,0.120526,0.39
295,0.15132,0.92
296,0.28512,0.94
297,0.0955991,0.42
298,0.105817,0.12
299,0.13711,0.83
300,0.184506,0.98
301,0.106848,0.26
302,0.180315,1
303,0.219467,0.93
304,0.135046,0.48
305,0.21005,0.95
306,0.203813,0.99
307,0.152415,0.96
308,0.123837,0.55
309,0.236515,1
310,0.126521,0.63
311,0.164788,0.87
312,0.124378,0.59
313,0.172303,0.93
314,0.139564,0.82
315,0.150812,0.93
316,0.176527,0.9
317,0.176734,0.92
318,0.13318,0.63
319,0.111712,0.29
320,0.24649,0.98
321,0.210987,1
322,0.115654,0.45
323,0.129119,0.72
324,0.166748,0.98
325,0.107809,0.27
326,0.113569,0.52
327,0.190334,0.96
328,0.14933,0.85
329,0.216465,1
330,0.152941,0.89
331,0.12323,0.43
332,0.186639,0.96
333,0.13332,0.49
334,0.186997,0.78
335,0.107348,0.29
336,0.159096,0.9
337,0.0969038,0.12
338,0.151836,0.83
339,0.175156,0.81
340,0.142704,0.77
341,0.0994544,0.2
342,0.12834,0.67
343,0.13143,0.7
344,0.14069,0.74
345,0.114843,0.32
346,0.120802,0.45
347,0.217399,0.98
348,0.138026,0.76
349,0.18904,0.95
350,0.161694,0.9
351,0.121752,0.63
352,0.117349,0.49
353,0.133603,0.69
354,0.169257,0.86
355,0.109298,0.17
356,0.256993,0.96
357,0.152091,0.79
358,0.140757,0.71
359,0.175155,0.99
360,0.131352,0.6
361,0.119741,0.58
362,0.145771,0.89
363,0.121646,0.66
364,0.142852,0.83
365,0.168077,0.93
366,0.100045,0.4
367,0.222313,1
368,0.102113,0.36
369,0.159605,0.91
370,0.165728,0.98
371,0.183668,0.96
372,0.179177,0.98
373,0.123584,0.61
374,0.259617,0.98
375,0.177796,0.98
376,0.0990393,0.43
377,0.122364,0.55
378,0.113145,0.53
379,0.109294,0.56
380,0.237251,0.99
381,0.139678,0.53
382,0.128652,0.64
383,0.134669,0.58
384,0.130473,0.61
385,0.171342,0.98
386,0.125103,0.46
387,0.202378,0.97
388,0.117796,0.27
389,0.125188,0.56
390,0.150661,0.88
391,0.210865,1
392,0.106149,0.19
393,0.194882,0.95
394,0.302606,1
395,0.169156,0.84
396,0.122772,0.48
397,0.198337,0.93
398,0.209755,0.99
399,0.272789,1
400,0.166354,0.84
401,0.168141,0.99
402,0.183756,0.97
403,0.136319,0.83
404,0.118252,0.55
405,0.154846,0.96
406,0.151286,0.85
407,0.222076,0.99
408,0.121563,0.51
409,0.107072,0.38
410,0.215906,1
411,0.169025,0.85
412,0.108137,0.28
413,0.135887,0.75
414,0.174742,0.9
415,0.0889779,0.04
416,0.150411,0.79
417,0.174428,0.98
418,0.165676,1
419,0.129107,0.49
420,0.116697,0.59
421,0.138468,0.75
422,0.157896,0.86
423,0.212197,1
424,0.126104,0.55
425,0.136459,0.68
426,0.215613,0.99
427,0.099448,0.22
428,0.155264,0.8
429,0.117652,0.37
430,0.139839,0.82
431,0.130944,0.67
432,0.130782,0.68
433,0.139526,0.88
434,0.109285,0.4
435,0.153536,0.94
436,0.121217,0.72
437,0.157392,0.92
438,0.147121,0.88
439,0.100429,0.27
440,0.169391,0.97
441,0.135272,0.79
442,0.141324,0.72
443,0.129533,0.59
444,0.191795,0.99
445,0.180351,0.91
446,0.121161,0.46
447,0.120731,0.37
448,0.141992,0.49
449,0.0992916,0.21
450,0.117723,0.4
451,0.122452,0.47
452,0.188458,0.86
453,0.128614,0.89
454,0.116388,0.4
455,0.142419,0.76
456,0.131333,0.57
457,0.150284,0.94
458,0.149394,0.68
459,0.131339,0.67
460,0.141838,0.82
461,0.110246,0.27
462,0.106765,0.22
463,0.102837,0.29
464,0.142755,0.83
465,0.341418,1
466,0.105805,0.13
467,0.156721,0.86
468,0.165648,0.77
469,0.30705,0.99
470,0.110827,0.24
471,0.114867,0.53
472,0.111258,0.35
473,0.125819,0.54
474,0.132186,0.8
475,0.116068,0.39
476,0.115349,0.45
477,0.243878,1
478,0.1145,0.44
479,0.109502,0.34
480,0.120134,0.39
481,0.111835,0.98
482,0.108464,0.2
483,0.132616,0.57
484,0.269977,1
485,0.110764,0.32
486,0.273122,0.96
487,0.196145,0.94
488,0.110512,0.28
489,0.374475,0.99
490,0.25916,0.99
491,0.127606,0.67
492,0.107817,0.35
493,0.184915,0.96
494,0.13489,0.75
495,0.10978,0.36
496,0.16573,0.92
497,0.131267,0.79
498,0.1116,0.39
499,0.117425,0.48
500,0.158163,0.96
501,0.164964,0.96
502,0.152394,0.78
503,0.133571,0.66
504,0.152217,0.91
505,0.133951,0.4
506,0.109787,0.44
507,0.111538,0.35
508,0.121331,0.55
509,0.113307,0.37
510,0.13034,0.53
511,0.129467,0.48
512,0.162264,0.84
513,0.200807,0.89
514,0.201253,1
515,0.175906,0.93
516,0.124146,0.6
517,0.133835,0.8
518,0.115202,0.27
519,0.192298,0.97
520,0.109483,0.23
521,0.0892312,1
522,0.177969,0.98
523,0.12701,0.71
524,0.216198,0.91
525,0.167592,0.9
526,0.172035,0.89
527,0.150151,0.89
528,0.238515,1
529,0.136528,0.64
530,0.15958,0.89
531,0.130791,0.77
532,0.122217,0.49
533,0.108504,0.15
534,0.151455,0.92
535,0.175391,0.9
536,0.20119,0.99
537,0.141313,0.86
538,0.142729,0.91
539,0.178148,0.88
540,0.310033,1
541,0.130404,0.47
542,0.132147,0.55
543,0.10944,0.5
544,0.132797,0.6
545,0.139852,0.65
546,0.126875,0.62
547,0.165828,0.91
548,0.285172,0.99
549,0.132362,0.63
550,0.0990111,0.2
551,0.251002,1
552,0.114945,0.37
553,0.102475,0.29
554,0.177323,0.97
555,0.185371,0.98
556,0.139773,0.65
557,0.115084,0.57
558,0.139936,0.84
559,0.126559,0.61
560,0.14568,0.76
561,0.165269,0.93
562,0.158686,0.85
563,0.154414,0.78
564,0.162314,0.95
565,0.168941,0.91
566,0.141741,0.61
567,0.14882,0.93
568,0.126775,0.75
569,0.188011,0.86
570,0.14239,0.8
571,0.716344,1
572,0.159542,0.89
573,0.159703,0.91
574,0.166955,0.92
575,0.106222,0.24
576,0.129498,0.67
577,0.38305,0.99
578,0.11312,0.34
579,0.118002,0.64
580,0.229459,0.94
581,0.10538,0.21
582,0.103399,0.02
583,0.193301,0.85
584,0.151048,0.85
585,0.154621,0.9
586,0.154424,0.89
587,0.168526,0.92
588,0.278811,0.97
589,0.164129,0.92
590,0.119471,0.19
591,0.117751,0.64
592,0.136626,0.75
593,0.140856,0.71
594,0.103169,0.21
595,0.207751,1
596,0.123068,0.53
597,0.138577,0.58
598,0.163383,0.94
599,0.193014,0.99
600,0.115072,0.46
601,0.0976899,0.27
602,0.137436,0.91
603,0.113152,0.56
604,0.226199,0.92
605,0.126196,0.39
606,0.131208,0.68
607,0.149822,0.91
608,0.100747,0.57
609,0.116457,0.5
610,0.197752,0.99
611,0.127157,0.74
612,0.126638,0.5
613,0.151025,0.89
614,0.154474,0.93
615,0.0972975,0.64
616,0.124771,0.54
617,0.142636,0.85
618,0.124895,0.6
619,0.149907,0.75
620,0.114144,0.44
621,0.128153,0.63
622,0.171551,0.93
623,0.203884,0.99
624,0.124682,0.53
625,0.221578,1
626,0.118094,0.6
627,0.204322,0.98
628,0.127481,0.71
629,0.147156,0.83
630,0.144535,0.74
631,0.113108,0.38
632,0.116682,0.44
633,0.153162,0.94
634,0.152683,0.75
635,0.166089,0.86
636,0.176941,0.85
637,0.194152,0.95
638,0.110724,0.3
639,0.0951538,0.43
640,0.114004,0.39
641,0.218108,0.98
642,0.185208,0.94
643,0.160245,0.94
644,0.118949,0.4
645,0.184739,0.91
646,0.139448,0.65
647,0.183168,0.91
648,0.140799,0.56
649,0.230941,0.99
650,0.124169,0.58
651,0.110841,0.27
652,0.208106,0.98
653,0.12991,0.79
654,0.190699,0.95
655,0.194463,0.98
656,0.114729,0.29
657,0.200771,0.98
658,0.215286,1
659,0.13554,0.59
660,0.147757,0.75
661,0.12796,0.7
662,0.139469,0.7
663,0.106336,0.22
664,0.140272,0.68
665,0.188407,0.81
666,0.142249,0.84
667,0.106942,0.36
668,0.138321,0.62
669,0.186748,0.91
670,0.127502,0.37
671,0.131553,0.45
672,0.136047,0.69
673,0.161892,0.85
674,0.124321,0.66
675,0.100732,0.22
676,0.106283,0.43
677,0.100945,0.18
678,0.162915,0.84
679,0.220727,0.96
680,0.098039,0.26
681,0.134303,0.58
682,0.143374,0.76
683,0.0947069,0.22
684,0.113017,0.47
685,0.152018,0.74
686,0.141937,0.87
687,0.16913,0.98
688,0.344615,0.99
689,0.16564,0.9
690,0.156123,0.97
691,0.149129,0.88
692,0.106961,0.51
693,0.262885,1
694,0.137372,0.79
695,0.180655,0.98
696,0.109792,0.24
697,0.162718,0.93
698,0.171072,0.85
699,0.170938,0.94
700,0.133352,0.65
701,0.118629,0.57
702,0.113918,0.47
703,0.155209,0.88
704,0.198651,0.93
705,0.103816,0.23
706,0.136601,0.66
707,0.258455,0.98
708,0.14366,0.84
709,0.134924,0.59
710,0.146359,0.83
711,0.114645,0.41
712,0.150863,0.9
713,0.207482,0.98
714,0.181293,0.96
715,0.135761,0.81
716,0.146178,0.65
717,0.167893,0.9
718,0.146943,0.66
719,0.133282,0.66
720,0.223461,0.96
721,0.0903569,0.08
722,0.119307,0.59
723,0.113564,0.39
724,0.129593,0.69
725,0.129264,0.77
726,0.2018,1
727,0.147839,0.83
728,0.160218,0.75
729,0.227982,0.99
730,0.126036,0.49
731,0.154096,0.79
732,0.239508,0.96
733,0.128201,0.55
734,0.197632,0.96
735,0.143114,0.79
736,0.149177,0.67
737,0.193385,0.92
738,0.150767,0.86
739,0.154339,0.95
740,0.129219,0.67
741,0.12848,0.64
742,0.27801,0.99
743,0.113628,0.31
744,0.115079,0.58
745,0.137845,0.7
746,0.171341,0.96
747,0.194849,0.98
748,0.129859,0.68
749,0.255281,0.99
750,0.152361,0.93
751,0.145549,0.84
752,0.204717,0.89
753,0.135034,0.65
754,0.123623,0.59
755,0.143746,0.69
756,0.109088,0.17
757,0.118715,0.32
758,0.109549,0.5
759,0.146054,0.85
760,0.298134,0.99
761,0.110316,0.46
762,0.139806,0.67
763,0.207438,0.98
764,0.109093,0.5
765,0.108967,0.33
766,0.0962048,0.49
767,0.143461,0.86
768,0.200566,1
769,0.132464,0.49
770,0.335854,0.99
771,0.131236,0.85
772,0.121832,0.54
773,0.135437,0.24
774,0.109148,0.24
775,0.10867,0.58
776,0.120706,0.71
777,0.0989135,0.29
778,0.146857,0.89
779,0.112989,0.35
780,0.148887,0.67
781,0.160812,0.8
782,0.116616,0.67
783,0.127603,0.48
784,0.110701,0.3
785,0.106816,0.44
786,0.113028,0.34
787,0.136774,0.92
788,0.150785,0.93
789,0.165789,0.77
790,0.111625,0.46
791,0.233932,0.98
792,0.159559,0.94
793,0.187485,0.88
794,0.13993,0.67
795,0.12587,0.51
796,0.140445,0.93
797,0.105915,0.47
798,0.185012,0.96
799,0.148058,0.81
800,0.115527,0.36
801,0.23977,1
802,0.147876,0.77
803,0.112428,0.32
804,0.141833,0.79
805,0.14966,0.89
806,0.1757,0.92
807,0.116271,0.54
808,0.129273,0.59
809,0.106905,0.2
810,0.117967,0.62
811,0.111063,0.28
812,0.120638,0.41
813,0.111859,0.49
814,0.13961,0.72
815,0.116933,0.28
816,0.148133,0.72
817,0.130079,0.45
818,0.0978457,0.12
819,0.116588,0.44
820,0.163589,0.9
821,0.153323,0.98
822,0.145576,0.59
823,0.132102,0.73
824,0.13806,0.54
825,0.116723,0.42
826,0.200687,0.98
827,0.199454,0.97
828,0.109349,0.3
829,0.189115,0.99
830,0.162674,0.87
831,0.110518,0.31
832,0.122706,0.56
833,0.112714,0.34
834,0.151211,0.74
835,0.119632,0.29
836,0.207841,0.9
837,0.179012,0.98
838,0.254135,0.97
839,0.10434,0.5
840,0.165836,0.9
841,0.207846,1
842,0.146787,0.81
843,0.160873,0.95
844,0.257238,0.99
845,0.132541,0.82
846,0.127227,0.78
847,0.133979,0.77
848,0.212691,0.95
849,0.0985469,0.31
850,0.135322,0.68
851,0.0975323,0.42
852,0.216153,1
853,0.124943,0.47
854,0.142332,0.65
855,0.134432,0.69
856,0.143709,0.8
857,0.122519,0.48
858,0.128737,0.72
859,0.161007,0.7
860,0.114626,0.36
861,0.165884,0.88
862,0.137177,0.71
863,0.139,0.68
864,0.2238,0.98
865,0.112037,0.19
866,0.144357,0.83
867,0.144016,0.53
868,0.141468,0.84
869,0.109878,0.2
870,0.11584,0.42
871,0.154148,0.88
872,0.178559,0.9
873,0.137725,0.8
874,0.108826,0.59
875,0.176876,0.96
876,0.171677,0.88
877,0.114201,0.28
878,0.124151,0.55
879,0.129102,0.46
880,0.11406,0.39
881,0.107314,0.52
882,0.141044,0.88
883,0.119746,0.78
884,0.161991,0.97
885,0.106438,0.61
886,0.0996135,0.3
887,0.165515,0.89
888,0.253937,0.98
889,0.136579,0.84
890,0.182125,0.89
891,0.206858,0.99
892,0.124197,0.51
893,0.172881,0.99
894,0.173537,0.98
895,0.156109,0.84
896,0.196134,0.97
897,0.0927075,0.19
898,0.21456,1
899,0.154699,0.88
900,0.138584,0.67
901,0.101884,0.18
902,0.153552,0.93
903,0.116699,0.5
904,0.167434,0.99
905,0.139942,0.79
906,0.171978,0.9
907,0.235696,0.99
908,0.158526,0.75
909,0.118284,0.62
910,0.135947,0.62
911,0.190426,1
912,0.326034,0.99
913,0.155206,0.94
914,0.122938,0.62
915,0.10984,0.21
916,0.106492,0.19
917,0.241409,0.96
918,0.19284,0.97
919,0.163792,0.86
920,0.111973,0.39
921,0.157648,0.94
922,0.125261,0.48
923,0.116113,0.47
924,0.125172,0.69
925,0.239462,0.99
926,0.150798,0.83
927,0.175503,0.59
928,0.157713,0.95
929,0.128653,0.35
930,0.179165,0.94
931,0.104723,0.22
932,0.138433,0.77
933,0.145015,0.93
934,0.176407,0.9
935,0.131354,0.67
936,0.11778,0.63
937,0.137987,0.7
938,0.102359,0.19
939,0.155666,0.88
940,0.19396,0.97
941,0.210997,0.93
942,0.134863,0.79
943,0.160859,0.86
944,0.128646,0.52
945,0.121807,0.47
946,0.162343,0.98
947,0.190648,0.95
948,0.137739,0.74
949,0.112099,0.28
950,0.20498,0.97
951,0.114382,0.48
952,0.130567,0.64
953,0.100734,0.46
954,0.307136,1
955,0.119221,0.52
956,0.0960073,0.25
957,0.164641,0.91
958,0.163485,0.82
959,0.125096,0.5
960,0.251328,1
961,0.143945,0.81
962,0.121214,0.75
963,0.124616,0.6
964,0.145505,0.87
965,0.134006,0.63
966,0.115249,0.39
967,0.109265,0.35
968,0.0985255,0.17
969,0.136053,0.67
970,0.09847,0.13
971,0.121185,0.74
972,0.138751,0.86
973,0.126291,0.7
974,0.240001,0.95
975,0.11915,0.62
976,0.112972,0.44
977,0.124919,0.59
978,0.121357,0.55
979,0.129818,0.63
980,0.202792,0.98
981,0.255958,0.98
982,0.12406,0.56
983,0.202818,0.94
984,0.0979911,0.52
985,0.10902,0.47
986,0.111591,0.58
987,0.107031,0.19
988,0.108747,0.21
989,0.129246,0.75
990,0.109215,0.25
991,0.129178,0.62
992,0.206154,0.97
993,0.20321,0.9
994,0.108404,0.22
995,0.114638,0.15
996,0.120021,0.35
997,0.244856,0.99
998,0.225197,0.99
999,0.141306,0.72
1000,0.104602,0.29
1001,0.146667,0.77
1002,0.238961,0.98
1003,0.0977358,0.14
1004,0.180326,0.89
1005,0.12448,0.64
1006,0.100464,0.17
1007,0.116657,0.36
1008,0.165227,0.79
1009,0.167353,0.88
1010,0.241318,1
1011,0.215961,0.9
1012,0.141393,0.81
1013,0.169102,0.82
1014,0.148439,0.77
1015,0.323397,1
1016,0.106042,0.24
1017,0.126173,0.43
1018,0.107999,0.32
1019,0.145045,0.81
1020,0.189425,0.94
1021,0.144666,0.76
1022,0.193396,0.93
1023,0.102714,0.15
1024,0.297063,0.99
1025,0.158688,0.93
1026,0.114184,0.48
1027,0.24204,1
1028,0.118905,0.41
1029,0.112346,0.35
1030,0.177918,0.97
1031,0.125083,0.24
1032,0.108012,0.43
1033,0.155527,0.93
1034,0.113458,0.39
1035,0.118828,0.5
1036,0.17948,0.92
1037,0.289888,0.99
1038,0.126482,0.63
1039,0.106507,0.65
1040,0.146165,0.86
1041,0.134375,0.82
1042,0.113395,0.4
1043,0.181545,0.96
1044,0.111032,0.41
1045,0.125768,0.68
1046,0.251625,1
1047,0.13505,0.49
1048,0.143716,0.77
1049,0.204458,0.99
1050,0.123811,0.54
1051,0.111893,0.31
1052,0.161808,0.92
1053,0.16854,0.97
1054,0.146362,0.69
1055,0.12269,0.43
1056,0.149361,0.68
1057,0.110295,0.42
1058,0.118681,0.44
1059,0.11382,0.35
1060,0.11071,0.51
1061,0.214114,1
1062,0.120406,0.34
1063,0.123153,0.61
1064,0.12125,0.55
1065,0.266536,0.97
1066,0.165937,0.93
1067,0.156914,0.91
1068,0.15099,0.87
1069,0.175024,0.83
1070,0.261587,0.99
1071,0.121961,0.67
1072,0.150507,0.87
1073,0.12973,0.72
1074,0.115027,0.39
1075,0.10502,0.31
1076,0.236377,0.88
1077,0.16956,0.92
1078,0.116066,0.2
1079,0.162789,0.96
1080,0.107952,0.25
1081,0.223424,0.97
1082,0.0965995,0.29
1083,0.173749,0.98
1084,0.113462,0.54
1085,0.128807,0.43
1086,0.231688,0.97
1087,0.111694,0.58
1088,0.162392,0.95
1089,0.112442,0.38
1090,0.1537,0.93
1091,0.136282,0.83
1092,0.201079,1
1093,0.1401,0.68
1094,0.173698,0.96
1095,0.214119,0.96
1096,0.101558,0.22
1097,0.133513,0.61
1098,0.146314,0.79
1099,0.197573,0.94
1100,0.123248,0.77
1101,0.138133,0.79
1102,0.126107,0.63
1103,0.160808,0.82
1104,0.152212,0.72
1105,0.107506,0.29
1106,0.118316,0.63
1107,0.178373,0.95
1108,0.188524,0.96
1109,0.131877,0.62
1110,0.157957,0.98
1111,0.482051,1
1112,0.241298,0.99
1113,0.149035,0.32
1114,0.139575,0.87
1115,0.168305,0.95
1116,0.167691,0.92
1117,0.126918,0.67
1118,0.150338,0.88
1119,0.222038,0.99
1120,0.173594,0.92
1121,0.107675,0.34
1122,0.153289,0.85
1123,0.136988,0.67
1124,0.101161,0.47
1125,0.210378,0.99
1126,0.312599,1
1127,0.127358,0.56
1128,0.123352,0.66
1129,0.104538,0.34
1130,0.102982,0.26
1131,0.110836,0.5
1132,0.161431,0.93
1133,0.147794,0.88
1134,0.124273,0.51
1135,0.126117,0.57
1136,0.334013,1
1137,0.127337,0.68
1138,0.132533,0.73
1139,0.15802,0.91
1140,0.143938,0.85
1141,0.19134,0.92
1142,0.182049,0.95
1143,0.2078,1
1144,0.119077,0.46
1145,0.151025,0.88
1146,0.101277,0.21
1147,0.117245,0.35
1148,0.166849,0.86
1149,0.100849,0.26
1150,0.197468,0.98
1151,0.111271,0.51
1152,0.114224,0.52
1153,0.165391,0.93
1154,0.184182,0.96
1155,0.10861,0.27
1156,0.144794,0.85
1157,0.139749,0.74
1158,0.277068,0.98
1159,0.141666,0.89
1160,0.178423,0.91
1161,0.138882,0.83
1162,0.155977,0.89
1163,0.10945,0.28
1164,0.154197,0.86
1165,0.0999653,0.32
1166,0.106921,0.21
1167,0.155296,0.9
1168,0.159026,0.93
1169,0.118084,0.42
1170,0.160271,0.94
1171,0.120715,0.42
1172,0.128908,0.41
1173,0.172796,0.99
1174,0.11246,0.42
1175,0.13919,0.65
1176,0.138826,0.76
1177,0.138109,0.8
1178,0.203564,0.96
1179,0.108448,0.27
1180,0.253909,0.98
1181,0.170298,0.88
1182,0.124619,0.43
1183,0.107445,0.23
1184,0.135711,0.79
1185,0.173482,0.94
1186,0.112071,0.32
1187,0.117558,0.56
1188,0.106824,0.33
1189,0.138821,0.78
1190,0.194317,0.99
1191,0.138018,0.84
1192,0.160968,0.89
1193,0.134982,0.75
1194,0.136354,0.92
1195,0.124221,0.69
1196,0.283126,0.99
1197,0.105514,0.49
1198,0.111562,0.33
1199,0.143132,0.76
1200,0.170736,0.84
1201,0.131677,0.75
1202,0.103548,0.24
1203,0.24006,0.98
1204,0.144388,0.92
1205,0.19597,0.94
1206,0.138648,0.68
1207,0.0989588,0.09
1208,0.117951,0.64
1209,0.145892,0.83
1210,0.120063,0.66
1211,0.150358,0.85
1212,0.144228,0.79
1213,0.13222,0.53
1214,0.165935,0.92
1215,0.104833,0.33
1216,0.145923,0.88
1217,0.17319,0.92
1218,0.148316,0.85
1219,0.125134,0.56
1220,0.0983438,0.41
1221,0.139737,0.77
1222,0.171236,0.92
1223,0.161294,0.93
1224,0.108453,0.32
1225,0.169907,0.91
1226,0.190198,0.96
1227,0.145377,0.85
1228,0.141416,0.88
1229,0.218519,0.99
1230,0.229121,0.99
1231,0.14263,0.6
1232,0.115931,0.42
1233,0.256704,0.99
1234,0.212498,1
1235,0.115446,0.36
1236,0.130179,0.76
1237,0.182208,0.93
1238,0.158388,0.83
1239,0.119681,0.36
1240,0.122494,0.65
1241,0.108295,0.35
1242,0.138132,0.66
1243,0.105305,0.14
1244,0.146479,0.62
1245,0.129916,0.69
1246,0.126573,0.57
1247,0.107889,0.45
1248,0.250635,1
1249,0.175436,0.81
1250,0.113936,0.57
1251,0.139433,0.79
1252,0.0999748,0.34
1253,0.249195,0.99
1254,0.10637,0.21
1255,0.170572,0.94
1256,0.144482,0.77
1257,0.11296,0.34
1258,0.103401,0.93
1259,0.141825,0.57
1260,0.103167,0.57
1261,0.197779,0.99
1262,0.124809,0.67
1263,0.175357,0.91
1264,0.166883,0.78
1265,0.149845,0.78
1266,0.0973775,0.23
1267,0.125767,0.59
1268,0.149964,0.66
1269,0.103397,0.24
1270,0.124524,0.59
1271,0.120011,0.43
1272,0.109377,0.63
1273,0.195029,0.99
1274,0.140977,0.64
1275,0.102867,0.34
1276,0.158859,0.86
1277,0.168948,0.86
1278,0.105398,0.13
1279,0.150103,0.82
1280,0.148063,0.73
1281,0.104885,0.16
1282,0.162572,0.64
1283,0.176922,0.99
1284,0.133827,0.52
1285,0.113962,0.46
1286,0.210336,0.96
1287,0.145427,0.8
1288,0.154158,0.94
1289,0.207912,0.9
1290,0.103826,0.31
1291,0.140299,0.81
1292,0.100012,0.46
1293,0.110765,0.36
1294,0.181319,0.93
1295,0.115387,0.41
1296,0.132582,0.78
1297,0.152275,0.77
1298,0.107153,0.41
1299,0.137455,0.68
1300,0.113083,0.45
1301,0.261217,1
1302,0.13893,0.58
1303,0.138989,0.59
1304,0.1345,0.68
1305,0.175021,0.93
1306,0.114081,0.47
1307,0.127557,0.52
1308,0.108162,0.23
1309,0.202435,0.99
1310,0.145538,0.82
1311,0.208342,0.99
1312,0.0976398,0.07
1313,0.213976,0.94
1314,0.27288,0.97
1315,0.162953,0.88
1316,0.130349,0.63
1317,0.150206,0.85
1318,0.120179,0.57
1319,0.105056,0.18
1320,0.0963665,0.34
1321,0.126082,0.71
1322,0.162542,0.92
1323,0.142246,0.88
1324,0.107605,0.32
1325,0.139638,0.78
1326,0.151573,0.79
1327,0.124058,0.52
1328,0.148824,0.81
1329,0.151123,0.87
1330,0.122732,0.49
1331,0.196539,0.99
1332,0.130292,0.54
1333,0.11011,0.35
1334,0.221601,1
1335,0.185997,0.93
1336,0.136988,0.76
1337,0.122195,0.4
1338,0.211555,0.98
1339,0.216292,0.94
1340,0.145084,0.71
1341,0.167691,0.97
1342,0.151293,0.79
1343,0.136872,0.82
1344,0.14902,0.72
1345,0.221194,0.99
1346,0.184915,0.97
1347,0.117733,0.47
1348,0.183437,0.96
1349,0.172465,0.95
1350,0.109983,0.27
1351,0.189807,0.97
1352,0.283799,0.97
1353,0.114492,0.32
1354,0.154427,0.94
1355,0.115929,0.24
1356,0.113938,0.39
1357,0.11422,0.57
1358,0.184063,0.8
1359,0.129402,0.58
1360,0.154702,0.82
1361,0.148363,0.88
1362,0.127338,0.61
1363,0.0999606,0.35
1364,0.138596,0.8
1365,0.100557,0.06
1366,0.108384,0.64
1367,0.157138,0.96
1368,0.094539,0.18
1369,0.151055,0.92
1370,0.0958709,0.08
1371,0.159256,0.89
1372,0.115148,0.55
1373,0.162178,0.74
1374,0.102626,0.32
1375,0.124178,0.76
1376,0.14598,0.68
1377,0.14663,0.81
1378,0.12264,0.55
1379,0.171883,0.94
1380,0.127766,0.84
1381,0.108615,0.48
1382,0.129606,0.58
1383,0.138219,0.51
1384,0.25481,1
1385,0.164536,0.82
1386,0.162219,0.79
1387,0.132985,0.76
1388,0.139825,0.67
1389,0.164335,0.94
1390,0.122569,0.32
1391,0.15049,0.87
1392,0.11475,0.43
1393,0.162373,0.92
1394,0.105257,0.17
1395,0.192873,0.99
1396,0.155116,0.85
1397,0.188366,0.94
1398,0.106054,0.44
1399,0.165281,0.91
1400,0.181322,0.9
1401,0.108642,0.38
1402,0.141111,0.67
1403,0.162014,0.94
1404,0.106807,0.22
1405,0.125255,0.67
1406,0.148841,0.81
1407,0.166914,0.85
1408,0.174843,0.98
1409,0.179326,0.95
1410,0.104671,0.48
1411,0.145918,0.79
1412,0.171324,0.91
1413,0.148525,0.85
1414,0.11486,0.4
1415,0.109232,0.38
1416,0.11901,0.36
1417,0.184151,0.8
1418,0.138319,0.58
1419,0.237848,0.98
1420,0.139677,0.71
1421,0.106897,0.26
1422,0.145805,0.92
1423,0.249621,1
1424,0.159083,0.81
1425,0.184838,0.96
1426,0.121279,0.78
1427,0.129003,0.45
1428,0.147306,0.89
1429,0.116501,0.35
1430,0.144644,0.79
1431,0.213065,0.98
1432,0.261157,0.88
1433,0.109005,0.23
1434,0.136741,0.79
1435,0.209545,0.84
1436,0.233878,1
1437,0.134491,0.61
1438,0.136305,0.8
1439,0.13923,0.73
1440,0.0977893,0.18
1441,0.107791,0.08
1442,0.15261,0.8
1443,0.126004,0.74
1444,0.188021,0.96
1445,0.145946,0.7
1446,0.130278,0.64
1447,0.119766,0.41
1448,0.131315,0.65
1449,0.185346,0.99
1450,0.135877,0.73
1451,0.128429,0.76
1452,0.155547,0.9
1453,0.161536,0.89
1454,0.124673,0.58
1455,0.173622,0.83
1456,0.218043,0.96
1457,0.13441,0.68
1458,0.19179,0.9
1459,0.145842,0.78
1460,0.102985,0.19
1461,0.156284,0.81
1462,0.123223,0.49
1463,0.220557,1
1464,0.188778,0.96
1465,0.131946,0.61
1466,0.15457,0.76
1467,0.100597,0.22
1468,0.161242,0.97
1469,0.100491,0.14
1470,0.100189,0.17
1471,0.155773,0.93
1472,0.0943234,0.26
1473,0.155234,0.74
1474,0.15002,0.65
1475,0.169198,0.93
1476,0.17654,0.97
1477,0.150949,0.84
1478,0.107078,0.8
1479,0.182748,0.9
1480,0.123658,0.55
1481,0.122497,0.47
1482,0.222602,0.99
1483,0.120991,0.59
1484,0.114617,0.41
1485,0.116579,0.48
1486,0.15117,0.83
1487,0.1678,0.78
1488,0.121598,0.6
1489,0.127947,0.68
1490,0.0949543,0.3
1491,0.150899,0.86
1492,0.129469,0.59
1493,0.134939,0.72
1494,0.19475,0.83
1495,0.438834,1
1496,0.13113,0.78
1497,0.126813,0.62
1498,0.160464,0.79
1499,0.110466,0.25
1500,0.176113,0.94
1501,0.0992139,0.16
1502,0.122471,0.73
1503,0.137885,0.78
1504,0.104703,0.25
1505,0.157881,0.83
1506,0.129877,0.79
1507,0.107561,0.32
1508,0.102242,0.21
1509,0.113277,0.4
1510,0.126221,0.76
1511,0.181394,0.85
1512,0.246141,0.99
1513,0.245191,0.97
1514,0.140798,0.82
1515,0.153885,0.68
1516,0.208922,0.97
1517,0.125389,0.49
1518,0.12217,0.66
1519,0.137391,0.72
1520,0.161606,0.84
1521,0.177036,0.93
1522,0.136618,0.57
1523,0.113352,0.43
1524,0.16318,0.9
1525,0.110353,0.2
1526,0.130343,0.62
1527,0.113985,0.43
1528,0.164383,0.94
1529,0.176006,0.95
1530,0.112435,0.39
1531,0.174825,0.68
1532,0.172906,0.86
1533,0.125888,0.78
1534,0.118545,0.58
1535,0.146144,0.82
1536,0.122811,0.39
1537,0.101613,0.24
1538,0.176609,0.91
1539,0.109524,0.36
1540,0.245788,1
1541,0.113804,0.47
1542,0.198829,0.92
1543,0.150038,0.79
1544,0.170266,0.8
1545,0.16233,0.95
1546,0.145802,0.76
1547,0.147222,0.6
1548,0.182106,0.93
1549,0.122987,0.55
1550,0.127004,0.84
1551,0.120731,0.75
1552,0.126784,0.58
1553,0.105243,0.25
1554,0.113708,0.71
1555,0.208967,0.97
1556,0.159624,0.96
1557,0.181425,0.95
1558,0.105437,0.22
1559,0.132349,0.65
1560,0.102411,0.15
1561,0.11652,0.88
1562,0.17175,0.88
1563,0.091678,0.14
1564,0.167467,0.85
1565,0.0997065,0.17
1566,0.134043,0.68
1567,0.134231,0.84
1568,0.227568,0.99
1569,0.148551,0.78
1570,0.138784,0.61
1571,0.256478,1
1572,0.121678,0.38
1573,0.158313,0.73
1574,0.161092,0.96
1575,0.175684,0.97
1576,0.142118,0.75
1577,0.195912,1
1578,0.147109,0.71
1579,0.128715,0.7
1580,0.122714,0.63
1581,0.154571,0.91
1582,0.177118,0.9
1583,0.299166,1
1584,0.142101,0.88
1585,0.14264,0.93
1586,0.190164,0.92
1587,0.178407,0.98
1588,0.149484,0.92
1589,0.11474,0.49
1590,0.121009,0.56
1591,0.15565,0.8
1592,0.132437,0.76
1593,0.189072,0.92
1594,0.103654,0.3
1595,0.13139,0.79
1596,0.130291,0.76
1597,0.131479,0.68
1598,0.11707,0.47
1599,0.110223,0.31
1600,0.151183,0.86
1601,0.12895,0.51
1602,0.155767,0.88
1603,0.157729,0.92
1604,0.134518,0.62
1605,0.110361,0.5
1606,0.216046,1
1607,0.103664,0.3
1608,0.116375,0.26
1609,0.216541,0.99
1610,0.120268,0.47
1611,0.24164,0.99
1612,0.175383,1
1613,0.146728,0.73
1614,0.132284,0.65
1615,0.19874,0.98
1616,0.16988,0.94
1617,0.143344,0.66
1618,0.188431,0.99
1619,0.105777,0.24
1620,0.137843,0.88
1621,0.106262,0.27
1622,0.133609,0.78
1623,0.122051,0.25
1624,0.107124,0.46
1625,0.192412,0.99
1626,0.209456,1
1627,0.159299,0.91
1628,0.108016,0.38
1629,0.14355,0.84
1630,0.18357,0.9
1631,0.160606,0.88
1632,0.194963,0.99
1633,0.0985202,0.35
1634,0.181091,0.95
1635,0.125216,0.49
1636,0.133875,0.77
1637,0.188294,0.95
1638,0.1928,0.88
1639,0.130499,0.6
1640,0.206831,0.99
1641,0.136316,0.35
1642,0.161389,0.88
1643,0.123342,0.68
1644,0.134904,0.77
1645,0.206222,0.98
1646,0.123321,0.66
1647,0.138615,0.58
1648,0.22642,0.99
1649,0.127149,0.48
1650,0.223147,0.99
1651,0.201282,0.97
1652,0.189527,0.99
1653,0.170257,0.93
1654,0.127197,0.79
1655,0.272752,0.99
1656,0.155885,0.84
1657,0.120907,0.39
1658,0.107946,0.31
1659,0.142167,0.65
1660,0.113447,0.29
1661,0.121418,0.48
1662,0.271277,0.96
1663,0.102236,0.35
1664,0.131854,0.67
1665,0.232732,0.97
1666,0.293561,0.99
1667,0.157292,0.88
1668,0.153865,0.85
1669,0.121025,0.65
1670,0.109857,0.27
1671,0.14256,0.82
1672,0.130502,0.72
1673,0.103137,0.32
1674,0.105936,0.6
1675,0.116388,0.58
1676,0.117366,0.58
1677,0.12749,0.86
1678,0.178062,0.75
1679,0.155124,0.92
1680,0.20772,0.97
1681,0.128614,0.65
1682,0.10427,0.94
1683,0.108346,0.4
1684,0.120046,0.51
1685,0.123211,0.58
1686,0.185663,0.98
1687,0.13677,0.87
1688,0.105991,0.29
1689,0.0956628,0.25
1690,0.155207,0.87
1691,0.149333,0.83
1692,0.112219,0.55
1693,0.1905,1
1694,0.12076,0.52
1695,0.129269,0.47
1696,0.156987,0.74
1697,0.130213,0.69
1698,0.150198,0.92
1699,0.270392,1
1700,0.121855,0.57
1701,0.151236,0.77
1702,0.121109,0.37
1703,0.103762,0.27
1704,0.215741,1
1705,0.157,0.89
1706,0.113656,0.57
1707,0.118473,0.38
1708,0.168961,0.93
1709,0.117925,0.67
1710,0.168459,0.92
1711,0.099736,0.16
1712,0.221669,0.99
1713,0.154703,0.7
1714,0.153588,0.83
1715,0.125791,0.57
1716,0.120213,0.48
1717,0.177573,0.95
1718,0.120719,0.33
1719,0.141764,0.86
1720,0.192583,0.97
1721,0.161532,0.92
1722,0.19673,1
1723,0.11898,0.46
1724,0.157333,0.91
1725,0.165003,0.84
1726,0.103802,0.21
1727,0.185381,0.98
1728,0.100956,0.16
1729,0.133136,0.76
1730,0.113403,0.22
1731,0.162349,0.94
1732,0.19724,0.99
1733,0.142653,0.82
1734,0.147643,0.87
1735,0.15917,0.75
1736,0.0967694,0.22
1737,0.115966,0.46
1738,0.157911,0.74
1739,0.187313,0.82
1740,0.133785,0.63
1741,0.104114,0.49
1742,0.224568,0.97
1743,0.113391,0.27
1744,0.115692,0.56
1745,0.133176,0.78
1746,0.134298,0.83
1747,0.242613,0.99
1748,0.137397,0.76
1749,0.176453,0.95
1750,0.124216,0.44
1751,0.116094,0.51
1752,0.143506,0.8
1753,0.145034,0.77
1754,0.114071,0.47
1755,0.248016,1
1756,0.113293,0.44
1757,0.136926,0.68
1758,0.163272,0.92
1759,0.196671,0.95
1760,0.150442,0.72
1761,0.0980024,0.5
1762,0.120684,0.51
1763,0.121981,0.67
1764,0.172845,0.93
1765,0.12709,0.81
1766,0.183385,0.92
1767,0.169777,0.98
1768,0.135424,0.6
1769,0.111951,0.35
1770,0.142458,0.8
1771,0.121273,0.47
1772,0.148804,0.9
1773,0.200444,0.89
1774,0.124352,0.39
1775,0.124368,0.49
1776,0.163098,0.82
1777,0.182336,0.92
1778,0.133327,0.61
1779,0.149426,0.73
1780,0.136843,0.84
1781,0.100761,0.21
1782,0.109492,0.49
1783,0.129196,0.86
1784,0.13363,0.77
1785,0.123645,0.57
1786,0.15626,0.95
1787,0.109001,0.18
1788,0.166828,0.98
1789,0.11755,0.58
1790,0.105073,0.16
1791,0.117204,0.38
1792,0.146289,0.76
1793,0.124019,0.48
1794,0.111476,0.39
1795,0.129668,0.54
1796,0.198903,0.95
1797,0.236014,1
1798,0.115026,0.41
1799,0.144433,0.53
1800,0.136049,0.86
1801,0.109702,0.31
1802,0.11281,0.28
1803,0.227859,0.96
1804,0.1485,0.91
1805,0.160341,0.93
1806,0.118401,0.48
1807,0.157393,0.8
1808,0.139594,0.67
1809,0.138219,0.73
1810,0.103098,0.14
1811,0.11075,0.27
1812,0.122182,0.44
1813,0.197478,0.93
1814,0.327214,1
1815,0.099616,0.14
1816,0.172921,0.92
1817,0.109615,0.41
1818,0.191524,0.9
1819,0.201589,0.99
1820,0.1108,0.36
1821,0.158177,0.95
1822,0.109897,0.27
1823,0.215383,0.97
1824,0.155863,0.87
1825,0.149824,0.81
1826,0.131428,0.6
1827,0.134122,0.58
1828,0.107085,0.29
1829,0.136198,0.61
1830,0.116791,0.41
1831,0.231654,0.99
1832,0.136559,0.78
1833,0.145117,0.73
1834,0.158746,0.84
1835,0.197347,0.94
1836,0.183905,1
1837,0.221032,0.98
1838,0.136593,0.72
1839,0.142934,0.78
1840,0.131768,0.71
1841,0.141141,0.8
1842,0.133014,0.75
1843,0.116095,0.49
1844,0.153208,0.86
1845,0.107903,0.23
1846,0.117779,0.47
1847,0.115407,0.23
1848,0.244213,0.99
1849,0.133961,0.56
1850,0.192079,0.94
1851,0.122611,0.48
1852,0.141111,0.73
1853,0.196654,0.97
1854,0.370515,1
1855,0.136862,0.81
1856,0.134143,0.75
1857,0.113009,0.35
1858,0.178111,0.83
1859,0.176349,0.97
1860,0.151259,0.93
1861,0.146273,0.69
1862,0.106603,0.22
1863,0.141527,0.91
1864,0.107453,0.21
1865,0.110011,0.57
1866,0.147418,0.81
1867,0.112677,0.45
1868,0.167825,0.99
1869,0.1066,0.42
1870,0.173526,0.8
1871,0.106481,0.35
1872,0.102842,0.14
1873,0.200477,0.94
1874,0.144623,0.66
1875,0.168831,0.95
1876,0.138704,0.58
1877,0.10055,0.23
1878,0.128231,0.79
1879,0.308495,0.97
1880,0.121014,0.33
1881,0.110429,0.29
1882,0.0981282,0.3
1883,0.118195,0.37
1884,0.115917,0.24
1885,0.219601,0.99
1886,0.134067,0.68
1887,0.115502,0.49
1888,0.121941,0.43
1889,0.153681,0.9
1890,0.16502,0.83
1891,0.117466,0.35
1892,0.0955331,0.24
1893,0.174281,0.97
1894,0.177205,0.91
1895,0.176469,0.96
1896,0.129823,0.53
1897,0.127967,0.59
1898,0.149495,0.87
1899,0.162277,0.95
1900,0.107175,0.35
1901,0.151941,0.9
1902,0.127003,0.61
1903,0.162117,0.84
1904,0.176794,0.92
1905,0.118943,0.57
1906,0.09984,0.21
1907,0.170756,0.92
1908,0.199676,0.97
1909,0.130918,0.65
1910,0.12743,0.46
1911,0.209554,0.96
1912,0.23904,0.94
1913,0.158687,0.91
1914,0.126736,0.4
1915,0.122067,0.59
1916,0.120299,0.4
1917,0.195036,0.94
1918,0.110598,0.25
1919,0.104429,0.08
1920,0.208712,0.97
1921,0.150768,0.75
1922,0.132727,0.71
1923,0.122769,0.44
1924,0.151378,0.98
1925,0.182494,0.95
1926,0.103351,0.25
1927,0.109312,0.28
1928,0.18085,0.97
1929,0.144486,0.81
1930,0.111087,0.35
1931,0.139673,0.84
1932,0.109353,0.37
1933,0.156591,0.83
1934,0.102875,0.22
1935,0.117402,0.59
1936,0.110513,0.23
1937,0.143555,0.63
1938,0.109768,0.4
1939,0.175875,0.84
1940,0.116496,0.62
1941,0.139231,0.71
1942,0.156075,0.69
1943,0.146132,0.92
1944,0.176112,0.95
1945,0.183809,0.92
1946,0.132566,0.83
1947,0.206946,1
1948,0.143737,0.84
1949,0.181471,0.91
1950,0.146002,0.8
1951,0.12019,0.5
1952,0.136775,0.82
1953,0.132121,0.6
1954,0.208364,0.98
1955,0.134714,0.87
1956,0.185099,0.88
1957,0.163048,0.93
1958,0.222389,0.97
1959,0.212293,0.99
1960,0.212223,0.99
1961,0.173773,0.94
1962,0.170458,0.85
1963,0.141669,0.71
1964,0.133983,0.74
1965,0.131651,0.71
1966,0.112367,0.33
1967,0.127356,0.46
1968,0.139382,0.76
1969,0.163115,0.88
1970,0.106758,0.71
1971,0.224847,0.98
1972,0.136401,0.76
1973,0.0980066,0.26
1974,0.136639,0.45
1975,0.130193,0.67
1976,0.107809,0.33
1977,0.117278,0.52
1978,0.253558,1
1979,0.147579,0.8
1980,0.122969,0.54
1981,0.119351,0.45
1982,0.191113,0.98
1983,0.102778,0.35
1984,0.113217,0.53
1985,0.143326,0.88
1986,0.140076,0.95
1987,0.244891,0.99
1988,0.155079,0.85
1989,0.156804,0.92
1990,0.113014,0.45
1991,0.144986,0.88
1992,0.101314,0.24
1993,0.120287,0.5
1994,0.144566,0.61
1995,0.129893,0.48
1996,0.15806,0.94
1997,0.130498,0.61
1998,0.11215,0.49
1999,0.122936,0.48
2000,0.171694,0.93
2001,0.117998,0.66
2002,0.16981,0.96
2003,0.159474,0.91
2004,0.115097,0.48
2005,0.129909,0.53
2006,0.152713,0.78
2007,0.144392,0.8
2008,0.253166,1
2009,0.175934,0.97
2010,0.153346,0.95
2011,0.160496,0.68
2012,0.151901,0.95
2013,0.118367,0.6
2014,0.214402,0.94
2015,0.143262,0.77
2016,0.123894,0.59
2017,0.147541,0.75
2018,0.137624,0.88
2019,0.125726,0.51
2020,0.173038,0.94
2021,0.209104,0.87
2022,0.10659,0.16
2023,0.144469,0.83
2024,0.220111,0.91
2025,0.23988,0.98
2026,0.131036,0.43
2027,0.105586,0.26
2028,0.15828,0.92
2029,0.108286,0.2
2030,0.128324,0.45
2031,0.119482,0.69
2032,0.0986372,0.21
2033,0.103891,0.44
2034,0.132309,0.64
2035,0.161561,0.96
2036,0.154173,0.77
2037,0.189958,1
2038,0.154635,0.85
2039,0.168297,0.94
2040,0.112943,0.25
2041,0.130438,0.65
2042,0.106807,0.2
2043,0.133688,0.58
2044,0.112358,0.29
2045,0.109908,0.5
2046,0.101415,0.07
2047,0.113954,0.53
2048,0.197806,1
2049,0.13761,0.6
2050,0.10136,0.35
2051,0.448889,1
2052,0.127837,0.62
2053,0.158039,0.96
2054,0.137823,0.7
2055,0.147631,0.62
2056,0.109218,0.25
2057,0.129611,0.63
2058,0.172791,0.8
2059,0.181017,0.9
2060,0.108916,0.29
2061,0.139822,0.87
2062,0.101915,0.89
2063,0.141973,0.8
2064,0.0945674,0.25
2065,0.152647,0.8
2066,0.112909,0.37
2067,0.21852,0.99
2068,0.109452,0.41
2069,0.19142,0.99
2070,0.128798,0.41
2071,0.191566,0.81
2072,0.120343,0.64
2073,0.117047,0.59
2074,0.138102,0.76
2075,0.121353,0.77
2076,0.130493,0.51
2077,0.208008,0.97
2078,0.130065,0.63
2079,0.110309,0.18
2080,0.158656,0.89
2081,0.103788,0.23
2082,0.176315,0.86
2083,0.120626,0.53
2084,0.142731,0.88
2085,0.108634,0.21
2086,0.136851,0.75
2087,0.169027,0.76
2088,0.134292,0.59
2089,0.12558,0.59
2090,0.261221,1
2091,0.170491,0.98
2092,0.118145,0.28
2093,0.221287,0.99
2094,0.115396,0.38
2095,0.117389,0.19
2096,0.141329,0.75
2097,0.124379,0.61
2098,0.145391,0.74
2099,0.130605,0.69
2100,0.119062,0.51
2101,0.150865,0.85
2102,0.0948711,0.4
2103,0.320546,1
2104,0.176598,0.8
2105,0.127109,0.38
2106,0.099733,0.41
2107,0.120193,0.65
2108,0.165951,0.89
2109,0.1714,0.9
2110,0.115632,0.59
2111,0.166695,0.98
2112,0.138574,0.65
2113,0.14595,0.82
2114,0.153551,0.83
2115,0.255529,0.95
2116,0.175359,0.84
2117,0.134834,0.72
2118,0.474812,1
2119,0.188401,0.9
2120,0.0952134,0.44
2121,0.097538,0.28
2122,0.308505,1
2123,0.115507,0.62
2124,0.233479,0.98
2125,0.136284,0.79
2126,0.123979,0.32
2127,0.329803,1
2128,0.140552,0.69
2129,0.0997835,0.29
2130,0.0986615,0.19
2131,0.104239,0.49
2132,0.10861,0.27
2133,0.103111,0.21
2134,0.127082,0.67
2135,0.179446,0.96
2136,0.206185,0.99
2137,0.110883,0.41
2138,0.126039,0.73
2139,0.172726,0.92
2140,0.128065,0.45
2141,0.128974,0.84
2142,0.0968003,0.3
2143,0.108811,0.67
2144,0.18469,0.98
2145,0.171352,0.91
2146,0.191321,0.9
2147,0.127998,0.6
2148,0.295338,1
2149,0.12307,0.68
2150,0.115208,0.39
2151,0.15786,0.92
2152,0.256862,0.87
2153,0.181978,0.96
2154,0.2634,1
2155,0.0958074,0.64
2156,0.112629,0.35
2157,0.115268,0.39
2158,0.118989,0.52
2159,0.104143,0.21
2160,0.210287,0.93
2161,0.257142,0.95
2162,0.146359,0.64
2163,0.1231,0.84
2164,0.1924,0.95
2165,0.112005,0.27
2166,0.127698,0.48
2167,0.109621,0.29
2168,0.363866,1
2169,0.240705,0.97
2170,0.124398,0.61
2171,0.121574,0.54
2172,0.214089,0.98
2173,0.151627,0.82
2174,0.255264,0.99
2175,0.120163,0.37
2176,0.1139,0.23
2177,0.157027,0.86
2178,0.14089,0.8
2179,0.221338,0.99
2180,0.11049,0.23
2181,0.123187,0.4
2182,0.187104,0.98
2183,0.147687,0.94
2184,0.105685,0.35
2185,0.0971807,0.12
2186,0.127132,0.71
2187,0.106821,0.25
2188,0.113085,0.52
2189,0.208366,0.98
2190,0.141638,0.65
2191,0.115611,0.52
2192,0.161021,0.89
2193,0.164002,0.91
2194,0.143477,0.81
2195,0.160047,0.87
2196,0.181674,1
2197,0.12745,0.75
2198,0.117048,0.28
2199,0.10319,0.07
2200,0.078205,0
2201,0.141614,0.66
2202,0.126813,0.6
2203,0.218801,1
2204,0.13086,0.47
2205,0.162204,0.92
2206,0.169399,0.96
2207,0.148303,0.83
2208,0.143071,0.98
2209,0.120068,0.49
2210,0.167934,0.86
2211,0.228666,0.99
2212,0.132425,0.8
2213,0.314068,1
2214,0.125475,0.58
2215,0.109724,0.38
2216,0.11778,0.46
2217,0.131263,0.53
2218,0.152602,0.96
2219,0.157043,0.96
2220,0.139628,0.73
2221,0.148953,0.88
2222,0.157961,0.85
2223,0.14935,0.88
2224,0.252678,0.99
2225,0.20584,0.98
2226,0.168837,0.93
2227,0.195642,0.96
2228,0.150011,0.78
2229,0.128452,0.58
2230,0.108099,0.38
2231,0.17006,0.92
2232,0.177519,0.94
2233,0.299029,0.99
2234,0.133294,0.79
2235,0.169555,0.83
2236,0.174532,0.94
2237,0.126426,0.47
2238,0.182647,0.92
2239,0.109065,0.86
2240,0.1266,0.45
2241,0.101057,0.15
2242,0.116448,0.54
2243,0.139982,0.68
2244,0.299181,0.99
2245,0.108605,0.22
2246,0.200394,0.95
2247,0.160523,0.89
2248,0.175292,0.97
2249,0.107603,0.32
2250,0.118878,0.51
2251,0.158069,0.84
2252,0.130525,0.57
2253,0.124099,0.7
2254,0.214584,0.98
2255,0.102948,0.26
2256,0.177193,0.95
2257,0.115187,0.46
2258,0.131136,0.69
2259,0.110375,0.2
2260,0.179156,0.71
2261,0.118336,0.62
2262,0.168894,0.84
2263,0.114117,0.3
2264,0.408101,1
2265,0.153984,0.77
2266,0.129978,0.7
2267,0.103448,0.49
2268,0.199482,0.99
2269,0.101106,0.93
2270,0.117986,0.48
2271,0.154273,0.93
2272,0.254892,0.99
2273,0.259792,0.99
2274,0.136401,0.78
2275,0.128774,0.83
2276,0.157391,0.82
2277,0.122547,0.27
2278,0.130119,0.66
2279,0.113301,0.3
2280,0.165475,0.75
2281,0.14644,0.81
2282,0.151299,0.86
2283,0.156893,0.77
2284,0.125997,0.74
2285,0.12726,0.72
2286,0.134637,0.75
2287,0.211252,0.97
2288,0.146991,0.85
2289,0.286395,1
2290,0.134925,0.63
2291,0.25819,0.99
2292,0.117186,0.4
2293,0.12727,0.59
2294,0.112487,0.5
2295,0.126027,0.5
2296,0.122237,0.35
2297,0.113835,0.5
2298,0.193316,0.98
2299,0.107864,0.17
2300,0.142213,0.59
2301,0.106691,0.33
2302,0.174593,0.93
2303,0.138083,0.87
2304,0.100892,0.21
2305,0.125485,0.64
2306,0.166608,0.99
2307,0.102607,0.27
2308,0.106164,0.26
2309,0.2013,0.99
2310,0.163083,0.8
2311,0.211387,0.98
2312,0.110702,0.39
2313,0.185528,0.99
2314,0.117148,0.57
2315,0.30554,0.99
2316,0.114093,0.43
2317,0.229961,0.91
2318,0.112838,0.35
2319,0.314776,1
2320,0.147901,0.73
2321,0.147863,0.82
2322,0.0953332,0.21
2323,0.193557,0.96
2324,0.149913,0.73
2325,0.19713,0.94
2326,0.100467,0.15
2327,0.107804,0.47
2328,0.108578,0.36
2329,0.176198,0.93
2330,0.126483,0.48
2331,0.111518,0.17
2332,0.0989405,0.28
2333,0.156578,0.81
2334,0.136686,0.79
2335,0.191906,0.95
2336,0.126885,0.66
2337,0.129086,0.6
2338,0.154426,0.92
2339,0.125487,0.59
2340,0.126294,0.61
2341,0.136513,0.84
2342,0.168571,0.91
2343,0.138796,0.71
2344,0.108305,0.32
2345,0.240812,1
2346,0.185441,1
2347,0.128909,0.74
2348,0.100962,0.25
2349,0.154874,0.91
2350,0.107144,0.32
2351,0.470309,1
2352,0.153893,0.91
2353,0.172905,0.84
2354,0.148328,0.85
2355,0.112315,0.45
2356,0.175904,0.9
2357,0.161279,0.94
2358,0.132429,0.63
2359,0.153004,0.88
2360,0.119818,0.53
2361,0.155188,0.75
2362,0.213076,0.99
2363,0.0964732,0.22
2364,0.135882,0.83
2365,0.148662,0.89
2366,0.100412,0.19
2367,0.101444,0.19
2368,0.181661,0.99
2369,0.116692,0.46
2370,0.125235,0.43
2371,0.173811,0.97
2372,0.15104,0.82
2373,0.160123,0.87
2374,0.130699,0.35
2375,0.129672,0.62
2376,0.128454,0.5
2377,0.119318,0.6
2378,0.140587,0.66
2379,0.111867,0.64
2380,0.143442,0.85
2381,0.0946828,0.15
2382,0.0994362,0.33
2383,0.111431,0.37
2384,0.121581,0.42
2385,0.209246,0.95
2386,0.136591,0.68
2387,0.150516,0.79
2388,0.138431,0.91
2389,0.111428,0.39
2390,0.142336,0.76
2391,0.135705,0.74
2392,0.114185,0.69
2393,0.129105,0.77
2394,0.173719,1
2395,0.157649,0.8
2396,0.159324,0.9
2397,0.13189,0.67
2398,0.159749,0.67
2399,0.128028,0.74
2400,0.128767,0.85
2401,0.117658,0.44
2402,0.142087,0.55
2403,0.170039,0.89
2404,0.126931,0.77
2405,0.127337,0.76
2406,0.178502,0.89
2407,0.156482,0.87
2408,0.117871,0.37
2409,0.13286,0.64
2410,0.193907,0.97
2411,0.135043,0.67
2412,0.139064,0.93
2413,0.10488,0.34
2414,0.10679,0.2
2415,0.090844,0.37
2416,0.161006,0.9
2417,0.216923,0.92
2418,0.32448,1
2419,0.174742,0.95
2420,0.129125,0.62
2421,0.216636,0.97
2422,0.119177,0.49
2423,0.123953,0.48
2424,0.156246,0.84
2425,0.107575,0.32
2426,0.226982,0.97
2427,0.0940006,0.59
2428,0.130639,0.55
2429,0.113907,0.65
2430,0.192844,0.93
2431,0.123752,0.58
2432,0.13557,0.75
2433,0.0987885,0.31
2434,0.122812,0.58
2435,0.105751,0.28
2436,0.137759,0.8
2437,0.114638,0.45
2438,0.254727,1
2439,0.324174,1
2440,0.200808,0.97
2441,0.104764,0.99
2442,0.163352,0.94
2443,0.109069,0.29
2444,0.298148,1
2445,0.134088,0.4
2446,0.148561,0.69
2447,0.16629,0.92
2448,0.137074,0.63
2449,0.109539,0.56
2450,0.110909,0.44
2451,0.218413,0.94
2452,0.145615,0.81
2453,0.124629,0.62
2454,0.159652,0.91
2455,0.104025,0.32
2456,0.145266,0.91
2457,0.100404,0.32
2458,0.0989632,0.2
2459,0.132081,0.74
2460,0.144233,0.8
2461,0.181275,0.88
2462,0.129766,0.63
2463,0.149006,0.8
2464,0.112834,0.59
2465,0.236066,0.99
2466,0.180054,0.94
2467,0.199074,0.99
2468,0.0952247,0.12
2469,0.121378,0.32
2470,0.125202,0.5
2471,0.130916,0.84
2472,0.109807,0.22
2473,0.164142,0.92
2474,0.107278,0.23
2475,0.187559,0.99
2476,0.163731,0.77
2477,0.126828,0.64
2478,0.12862,0.71
2479,0.156347,0.72
2480,0.117602,0.36
2481,0.150946,0.93
2482,0.11558,0.41
2483,0.16885,0.72
2484,0.133402,0.82
2485,0.24396,1
2486,0.120877,0.3
2487,0.185431,0.96
2488,0.101775,0.25
2489,0.128247,0.68
2490,0.18396,0.99
2491,0.169308,0.92
2492,0.287526,0.99
2493,0.154906,0.9
2494,0.170801,0.88
2495,0.0959426,0.35
2496,0.219036,1
2497,0.107352,0.21
2498,0.126306,0.7
2499,0.138312,0.7
2500,0.140441,0.78
2501,0.128193,0.76
2502,0.239785,1
2503,0.100866,0.51
2504,0.133618,0.8
2505,0.274783,0.99
2506,0.153641,0.81
2507,0.238425,0.97
2508,0.114476,0.35
2509,0.144446,0.74
2510,0.17093,0.82
2511,0.164679,0.88
2512,0.11964,0.58
2513,0.147235,0.86
2514,0.257755,0.99
2515,0.239539,0.98
2516,0.112076,0.42
2517,0.120641,0.4
2518,0.10158,0.17
2519,0.0930742,0.13
2520,0.155761,0.91
2521,0.158585,0.83
2522,0.112524,0.34
2523,0.182629,1
2524,0.154232,0.71
2525,0.123003,0.53
2526,0.137887,0.51
2527,0.120922,0.43
2528,0.134392,0.45
2529,0.107247,0.59
2530,0.126,0.53
2531,0.140913,0.84
2532,0.110663,0.35
2533,0.184717,0.93
2534,0.139235,0.82
2535,0.112161,0.52
2536,0.123455,0.54
2537,0.150657,0.75
2538,0.13084,0.69
2539,0.222165,0.98
2540,0.116671,0.28
2541,0.169389,0.95
2542,0.110969,0.38
2543,0.152035,0.9
2544,0.130897,0.39
2545,0.252755,1
2546,0.20075,0.97
2547,0.166557,0.83
2548,0.134948,0.78
2549,0.136575,0.68
2550,0.108044,0.6
2551,0.188264,0.99
2552,0.157601,0.9
2553,0.113016,0.38
2554,0.233548,0.99
2555,0.128291,0.76
2556,0.149232,0.89
2557,0.186761,0.96
2558,0.112749,0.36
2559,0.129714,0.64
2560,0.158308,0.84
2561,0.164985,0.97
2562,0.212593,0.97
2563,0.131716,0.74
2564,0.104494,0.17
2565,0.32754,1
2566,0.130919,0.63
2567,0.154151,0.88
2568,0.105775,0.22
2569,0.109506,0.26
2570,0.120685,0.49
2571,0.113049,0.21
2572,0.140615,0.82
2573,0.170695,0.92
2574,0.114726,0.26
2575,0.126807,0.58
2576,0.137246,0.69
2577,0.290894,1
2578,0.30672,0.99
2579,0.145152,0.85
2580,0.125855,0.43
2581,0.138527,0.69
2582,0.204646,0.91
2583,0.113164,0.43
2584,0.174104,0.97
2585,0.100845,0.47
2586,0.164002,0.95
2587,0.151106,0.8
2588,0.152902,0.88
2589,0.109542,0.31
2590,0.116491,0.3
2591,0.100024,0.21
2592,0.193775,0.96
2593,0.104013,0.59
2594,0.160719,0.95
2595,0.127653,0.6
2596,0.123626,0.28
2597,0.117975,0.32
2598,0.163057,0.76
2599,0.173956,0.9
2600,0.105975,0.29
2601,0.100725,0.15
2602,0.126421,0.64
2603,0.144963,0.91
2604,0.23184,0.97
2605,0.101727,0.65
2606,0.159166,0.76
2607,0.120345,0.46
2608,0.140686,0.76
2609,0.170329,0.96
2610,0.237219,0.97
2611,0.1202,0.43
2612,0.142825,0.75
2613,0.135213,0.81
2614,0.146945,0.84
2615,0.0997916,0.2
2616,0.102139,0.2
2617,0.112206,0.53
2618,0.111992,0.16
2619,0.192125,0.93
2620,0.120307,0.39
2621,0.151197,0.89
2622,0.175583,0.93
2623,0.236296,0.97
2624,0.16572,0.95
2625,0.132943,0.66
2626,0.225039,0.99
2627,0.185257,0.95
2628,0.220353,0.99
2629,0.112512,0.74
2630,0.172849,0.98
2631,0.107555,0.3
2632,0.154148,0.8
2633,0.171491,0.69
2634,0.154999,0.81
2635,0.122481,0.42
2636,0.116679,0.57
2637,0.181001,0.89
2638,0.358435,1
2639,0.0964559,0.23
2640,0.156666,0.92
2641,0.147905,0.7
2642,0.143378,0.76
2643,0.132595,0.74
2644,0.125266,0.8
2645,0.257231,0.98
2646,0.227014,0.89
2647,0.119215,0.4
2648,0.169611,0.98
2649,0.155436,0.76
2650,0.190332,0.95
2651,0.234155,0.98
2652,0.175023,0.93
2653,0.100443,0.25
2654,0.163374,0.83
2655,0.195847,0.94
2656,0.157683,0.83
2657,0.134777,0.42
2658,0.125013,0.49
2659,0.210381,0.98
2660,0.175751,0.97
2661,0.105425,0.27
2662,0.13891,0.66
2663,0.142223,0.78
2664,0.194879,0.99
2665,0.107792,0.27
2666,0.146829,0.82
2667,0.1623,0.96
2668,0.140324,0.77
2669,0.134428,0.5
2670,0.123159,0.68
2671,0.153784,0.69
2672,0.194812,0.95
2673,0.117769,0.44
2674,0.153035,0.96
2675,0.138207,0.72
2676,0.121259,0.39
2677,0.182217,0.98
2678,0.212143,0.94
2679,0.128519,0.74
2680,0.164074,0.79
2681,0.345106,0.99
2682,0.132907,0.63
2683,0.102837,0.31
2684,0.190831,0.97
2685,0.103851,0.89
2686,0.274173,1
2687,0.130966,0.55
2688,0.141832,0.95
2689,0.155453,0.86
2690,0.18073,0.92
2691,0.182449,0.92
2692,0.106916,0.29
2693,0.224085,0.98
2694,0.163111,0.98
2695,0.147094,0.87
2696,0.130689,0.62
2697,0.163234,0.88
2698,0.137506,0.8
2699,0.106581,0.17
2700,0.119435,0.43
2701,0.134218,0.61
2702,0.127102,0.5
2703,0.111634,0.41
2704,0.112018,0.24
2705,0.174605,0.94
2706,0.242798,0.98
2707,0.139034,0.74
2708,0.141885,0.81
2709,0.106518,0.17
2710,0.203136,0.97
2711,0.100687,0.34
2712,0.104974,0.84
2713,0.167661,0.85
2714,0.171526,0.99
2715,0.184441,0.83
2716,0.157336,0.88
2717,0.100815,0.12
2718,0.1574,0.94
2719,0.184659,0.96
2720,0.118362,0.34
2721,0.195341,0.97
2722,0.11828,0.39
2723,0.121146,0.69
2724,0.136035,0.74
2725,0.138285,0.84
2726,0.114317,0.5
2727,0.13349,0.58
2728,0.123805,0.53
2729,0.167374,0.84
2730,0.174107,0.98
2731,0.136646,0.84
2732,0.135143,0.7
2733,0.120027,0.6
2734,0.155087,0.82
2735,0.156997,0.91
2736,0.148536,0.75
2737,0.150125,0.87
2738,0.109258,0.69
2739,0.13823,0.78
2740,0.14236,0.8
2741,0.141617,0.75
2742,0.183029,0.96
2743,0.119759,0.48
2744,0.139799,0.79
2745,0.18009,0.9
2746,0.163552,0.92
2747,0.108778,0.57
2748,0.235319,1
2749,0.220535,0.96
2750,0.19166,0.94
2751,0.126923,0.83
2752,0.127987,0.72
2753,0.127757,0.43
2754,0.117492,0.48
2755,0.105829,0.18
2756,0.153993,0.86
2757,0.136395,0.61
2758,0.159603,0.93
2759,0.195357,0.96
2760,0.18342,0.98
2761,0.149929,0.77
2762,0.16706,0.84
2763,0.23318,0.94
2764,0.134771,0.67
2765,0.140791,0.66
2766,0.212826,0.98
2767,0.162753,0.88
2768,0.0964126,0.12
2769,0.144542,0.72
2770,0.209896,0.95
2771,0.123789,0.57
2772,0.120224,0.26
2773,0.105627,0.18
2774,0.130521,0.79
2775,0.140764,0.83
2776,0.132968,0.68
2777,0.132576,0.53
2778,0.114081,0.34
2779,0.20206,0.99
2780,0.11298,0.42
2781,0.110027,0.42
2782,0.161857,0.94
2783,0.129132,0.7
2784,0.170521,0.89
2785,0.11575,0.74
2786,0.106581,0.17
2787,0.130859,0.58
2788,0.133627,0.76
2789,0.124711,0.44
2790,0.258289,1
2791,0.145376,0.79
2792,0.124753,0.48
2793,0.124837,0.45
2794,0.120645,0.57
2795,0.118086,0.43
2796,0.144374,0.73
2797,0.140297,0.84
2798,0.115286,0.61
2799,0.173225,0.88
2800,0.132978,0.56
2801,0.18323,0.79
2802,0.182191,0.96
2803,0.142224,0.79
2804,0.171186,0.86
2805,0.147249,0.75
2806,0.130904,0.79
2807,0.161772,0.87
2808,0.162447,0.94
2809,0.686605,1
2810,0.113115,0.65
2811,0.191717,0.98
2812,0.126244,0.58
2813,0.108242,0.31
2814,0.149587,0.79
2815,0.181428,0.94
2816,0.205281,0.97
2817,0.127822,0.55
2818,0.209486,0.97
2819,0.178811,0.89
2820,0.152086,0.77
2821,0.104813,0.32
2822,0.146068,0.81
2823,0.123142,0.55
2824,0.154876,0.85
2825,0.151247,0.85
2826,0.12197,0.42
2827,0.133875,0.79
2828,0.0868504,0.99
2829,0.208467,1
2830,0.266318,1
2831,0.118978,0.48
2832,0.1355,0.53
2833,0.141076,0.72
2834,0.14021,0.78
2835,0.451434,1
2836,0.33076,0.97
2837,0.164357,0.9
2838,0.122121,0.64
2839,0.103419,0.5
2840,0.147147,0.85
2841,0.151539,0.73
2842,0.148132,0.77
2843,0.166598,0.92
2844,0.124972,0.6
2845,0.15005,0.89
2846,0.215928,0.97
2847,0.137008,0.8
2848,0.156187,0.9
2849,0.131405,0.6
2850,0.114858,0.32
2851,0.156606,0.86
2852,0.139172,0.73
2853,0.197059,0.97
2854,0.14394,0.77
2855,0.205619,0.97
2856,0.104883,0.26
2857,0.159971,0.89
2858,0.118998,0.54
2859,0.231877,1
2860,0.0981921,0.18
2861,0.108518,0.21
2862,0.157962,0.83
2863,0.105881,0.27
2864,0.199409,0.9
2865,0.125778,0.47
2866,0.112825,0.43
2867,0.212736,0.95
2868,0.135287,0.73
2869,0.119891,0.51
2870,0.107527,0.42
2871,0.102455,0.31
2872,0.119811,0.37
2873,0.288377,1
2874,0.109199,0.37
2875,0.14505,0.88
2876,0.25417,0.99
2877,0.439953,1
2878,0.11503,0.32
2879,0.116341,0.39
2880,0.121352,0.42
2881,0.180057,0.96
2882,0.158533,0.77
2883,0.112963,0.29
2884,0.116887,0.54
2885,0.0930903,0.13
2886,0.15429,0.88
2887,0.111484,0.4
2888,0.11212,0.49
2889,0.176427,0.93
2890,0.158325,0.86
2891,0.153963,0.82
2892,0.163144,0.9
2893,0.120171,0.48
2894,0.14656,0.84
2895,0.127875,0.69
2896,0.147869,0.9
2897,0.117965,0.36
2898,0.159597,0.69
2899,0.109334,0.46
2900,0.124081,0.63
2901,0.109049,0.33
2902,0.141335,0.9
2903,0.125887,0.55
2904,0.119861,0.44
2905,0.151168,0.82
2906,0.15947,0.9
2907,0.189277,0.98
2908,0.111338,0.24
2909,0.125546,0.51
2910,0.110657,0.2
2911,0.214715,1
2912,0.12957,0.74
2913,0.112562,0.42
2914,0.173277,0.94
2915,0.128751,0.67
2916,0.0983856,0.13
2917,0.174103,0.88
2918,0.191974,0.98
2919,0.111371,0.26
2920,0.127055,0.62
2921,0.164394,0.91
2922,0.110864,0.29
2923,0.219338,0.98
2924,0.125547,0.75
2925,0.136248,0.87
2926,0.124682,0.63
2927,0.135379,0.76
2928,0.157408,0.89
2929,0.106976,0.45
2930,0.117035,0.33
2931,0.227084,1
2932,0.117661,0.45
2933,0.114854,0.4
2934,0.137441,0.81
2935,0.206862,0.99
2936,0.118329,0.51
2937,0.127382,0.59
2938,0.147663,0.87
2939,0.126597,0.45
2940,0.134642,0.61
2941,0.160284,0.88
2942,0.137129,0.8
2943,0.147567,0.87
2944,0.132469,0.65
2945,0.124817,0.58
2946,0.115918,0.38
2947,0.190376,0.94
2948,0.121054,0.22
2949,0.143829,0.93
2950,0.100819,0.11
2951,0.128912,0.56
2952,0.189401,0.99
2953,0.20574,0.99
2954,0.104365,0.27
2955,0.316158,0.95
2956,0.0984845,0.31
2957,0.10628,0.31
2958,0.132339,0.51
2959,0.0979458,0.84
2960,0.10642,0.31
2961,0.104156,0.31
2962,0.16338,0.79
2963,0.151543,0.74
2964,0.105771,0.2
2965,0.296463,1
2966,0.132098,0.43
2967,0.153694,0.89
2968,0.332604,1
2969,0.110547,0.44
2970,0.13186,0.59
2971,0.117736,0.23
2972,0.107567,0.57
2973,0.110073,0.46
2974,0.0928876,0.19
2975,0.157138,0.96
2976,0.163571,0.84
2977,0.137501,0.6
2978,0.131641,0.5
2979,0.180951,0.98
2980,0.107324,0.4
2981,0.227828,1
2982,0.197213,0.99
2983,0.162184,0.91
2984,0.131165,0.54
2985,0.261021,0.91
2986,0.178121,0.88
2987,0.194844,0.99
2988,0.116934,0.45
2989,0.125018,0.67
2990,0.128273,0.6
2991,0.105385,0.31
2992,0.213459,0.99
2993,0.115965,0.25
2994,0.15606,0.81
2995,0.103323,0.36
2996,0.16252,0.87
2997,0.114634,0.33
2998,0.217398,0.98
2999,0.117817,0.61
3000,0.214521,0.98
3001,0.172486,0.93
3002,0.114531,0.36
3003,0.195119,0.97
3004,0.127876,0.49
3005,0.129392,0.73
3006,0.173826,0.99
3007,0.141785,0.82
3008,0.130351,0.67
3009,0.127527,0.79
3010,0.114488,0.44
3011,0.198394,0.95
3012,0.15918,0.81
3013,0.187558,0.96
3014,0.119367,0.52
3015,0.107318,0.13
3016,0.183623,0.96
3017,0.151476,0.88
3018,0.128028,0.62
3019,0.116584,0.29
3020,0.117175,0.55
3021,0.149219,0.88
3022,0.128874,0.83
3023,0.0863839,0.21
3024,0.107747,0.52
3025,0.185372,0.96
3026,0.139381,0.89
3027,0.131831,0.55
3028,0.145733,0.68
3029,0.271337,1
3030,0.152802,0.75
3031,0.136674,0.76
3032,0.104215,0.28
3033,0.108315,0.5
3034,0.158139,0.92
3035,0.0986887,0.28
3036,0.182057,0.98
3037,0.130928,0.8
3038,0.123262,0.53
3039,0.144233,0.89
3040,0.103054,0.24
3041,0.143298,0.95
3042,0.179809,0.93
3043,0.125014,0.53
3044,0.125265,0.56
3045,0.203372,0.99
3046,0.124328,0.64
3047,0.120589,0.6
3048,0.182657,0.96
3049,0.159346,0.93
3050,0.113822,0.38
3051,0.175239,0.93
3052,0.0987406,0.71
3053,0.129893,0.75
3054,0.125104,0.58
3055,0.184174,0.98
3056,0.109786,0.41
3057,0.180747,0.94
3058,0.114376,0.43
3059,0.166821,0.96
3060,0.119754,0.35
3061,0.101068,0.24
3062,0.180403,0.83
3063,0.194261,0.9
3064,0.260436,1
3065,0.144126,0.86
3066,0.221345,0.98
3067,0.14554,0.63
3068,0.122458,0.72
3069,0.167312,0.97
3070,0.153062,0.79
3071,0.121991,0.68
3072,0.234177,1
3073,0.110932,0.39
3074,0.0980211,0.19
3075,0.195037,0.98
3076,0.121335,0.58
3077,0.135291,0.77
3078,0.161134,0.91
3079,0.123702,0.75
3080,0.119789,0.47
3081,0.140653,0.76
3082,0.110484,0.25
3083,0.190707,0.91
3084,0.165435,0.8
3085,0.128541,0.76
3086,0.245164,0.98
3087,0.140631,0.91
3088,0.148542,0.83
3089,0.121401,0.57
3090,0.182036,0.99
3091,0.151336,0.8
3092,0.144793,0.87
3093,0.139994,0.63
3094,0.163595,0.96
3095,0.105649,0.13
3096,0.10807,0.22
3097,0.203444,1
3098,0.111,0.31
3099,0.100097,0.69
3100,0.122248,0.65
3101,0.206371,0.98
3102,0.163751,0.93
3103,0.145055,0.85
3104,0.110905,0.32
3105,0.0978363,0.3
3106,0.140187,0.96
3107,0.191741,0.89
3108,0.141206,0.77
3109,0.11602,0.44
3110,0.184971,0.95
3111,0.104136,0.16
3112,0.102485,0.23
3113,0.102902,0.34
3114,0.100739,0.29
3115,0.149821,0.87
3116,0.133477,0.7
3117,0.14047,0.76
3118,0.145538,0.89
3119,0.128836,0.56
3120,0.122914,0.6
3121,0.104585,0.32
3122,0.128887,0.6
3123,0.311052,1
3124,0.121911,0.67
3125,0.1829,0.96
3126,0.122118,0.63
3127,0.232505,1
3128,0.111755,0.29
3129,0.145683,0.92
3130,0.155987,0.77
3131,0.116696,0.33
3132,0.140792,0.76
3133,0.182885,0.98
3134,0.111337,0.37
3135,0.175948,0.98
3136,0.109271,0.52
3137,0.130015,0.57
3138,0.124728,0.52
3139,0.111602,0.43
3140,0.105834,0.26
3141,0.167915,0.89
3142,0.112839,0.55
3143,0.112431,0.42
3144,0.0992633,0.2
3145,0.156641,0.85
3146,0.164347,0.9
3147,0.25444,1
3148,0.178364,0.97
3149,0.145847,0.84
3150,0.135143,0.71
3151,0.0944078,0.17
3152,0.160664,0.83
3153,0.178257,0.96
3154,0.166386,0.96
3155,0.157895,0.89
3156,0.104279,0.37
3157,0.205025,0.95
3158,0.128469,0.37
3159,0.274146,1
3160,0.116525,0.59
3161,0.134981,0.76
3162,0.124072,0.39
3163,0.182518,0.94
3164,0.143048,0.83
3165,0.129486,0.74
3166,0.11183,0.47
3167,0.185951,0.93
3168,0.184465,0.98
3169,0.124467,0.4
3170,0.178181,0.92
3171,0.0857538,1
3172,0.161424,0.93
3173,0.16596,0.87
3174,0.220155,0.99
3175,0.118358,0.35
3176,0.244024,0.98
3177,0.124042,0.65
3178,0.125089,0.54
3179,0.163662,0.96
3180,0.145209,0.69
3181,0.212826,0.94
3182,0.199552,1
3183,0.12877,0.8
3184,0.179702,0.91
3185,0.125887,0.47
3186,0.142584,0.69
3187,0.130635,0.77
3188,0.137337,0.51
3189,0.125166,0.44
3190,0.19768,0.99
3191,0.130485,0.68
3192,0.116516,0.46
3193,0.255809,1
3194,0.164998,0.94
3195,0.135236,0.69
3196,0.138223,0.64
3197,0.110497,0.15
3198,0.113169,0.36
3199,0.135361,0.7
3200,0.115248,0.51
3201,0.196238,0.91
3202,0.137474,0.68
3203,0.169756,0.87
3204,0.102325,0.38
3205,0.150714,0.93
3206,0.108896,0.39
3207,0.102697,0.91
3208,0.143728,0.76
3209,0.181266,0.94
3210,0.136361,0.63
3211,0.192266,0.97
3212,0.161641,0.83
3213,0.114474,0.35
3214,0.266498,1
3215,0.150883,0.84
3216,0.150509,0.73
3217,0.159102,0.99
3218,0.141302,0.65
3219,0.161873,0.92
3220,0.158865,0.86
3221,0.100209,0.41
3222,0.136728,0.6
3223,0.229954,1
3224,0.178009,0.94
3225,0.0978396,0.6
3226,0.122136,0.71
3227,0.166671,0.89
3228,0.214927,1
3229,0.116445,0.5
3230,0.19564,0.93
3231,0.113447,0.75
3232,0.116419,0.43
3233,0.111051,0.2
3234,0.199993,0.99
3235,0.226644,0.94
3236,0.132341,0.73
3237,0.122878,0.38
3238,0.170703,1
3239,0.134947,0.57
3240,0.136752,0.76
3241,0.151271,0.86
3242,0.101445,0.24
3243,0.126238,0.85
3244,0.116261,0.64
3245,0.123763,0.44
3246,0.198617,0.97
3247,0.105186,0.13
3248,0.190861,0.91
3249,0.24321,0.99
3250,0.213423,0.89
3251,0.107791,0.43
3252,0.235487,0.99
3253,0.149115,0.73
3254,0.162878,0.86
3255,0.135076,0.71
3256,0.151565,0.79
3257,0.130112,0.58
3258,0.13102,0.78
3259,0.108435,0.31
3260,0.179858,0.95
3261,0.187863,0.99
3262,0.151312,0.84
3263,0.105774,0.28
3264,0.113621,0.36
3265,0.108205,0.28
3266,0.191609,0.99
3267,0.242132,1
3268,0.16774,0.89
3269,0.103764,0.52
3270,0.148323,0.75
3271,0.193515,1
3272,0.232091,0.99
3273,0.103352,0.41
3274,0.0951602,0.12
3275,0.164411,0.95
3276,0.118977,0.5
3277,0.215973,1
3278,0.0991573,0.15
3279,0.151856,0.83
3280,0.158764,0.89
3281,0.151698,0.92
3282,0.114778,0.39
3283,0.19087,0.98
3284,0.20928,0.99
3285,0.195065,0.97
3286,0.204693,0.98
3287,0.126404,0.43
3288,0.132104,0.47
3289,0.12261,0.55
3290,0.188393,0.93
3291,0.124897,0.54
3292,0.179355,0.95
3293,0.131467,0.76
3294,0.147078,0.81
3295,0.166736,0.92
3296,0.146565,0.7
3297,0.156278,0.81
3298,0.110288,0.42
3299,0.158851,0.82
3300,0.159903,0.88
3301,0.113422,0.26
3302,0.245931,1
3303,0.165742,0.96
3304,0.225464,0.97
3305,0.221363,1
3306,0.154751,0.86
3307,0.14523,0.72
3308,0.247008,0.97
3309,0.12685,0.73
3310,0.112054,0.34
3311,0.19361,0.92
3312,0.223362,0.97
3313,0.0955442,0.14
3314,0.146407,0.92
3315,0.228753,0.98
3316,0.284867,1
3317,0.210677,0.94
3318,0.173734,0.96
3319,0.204236,1
3320,0.191488,0.96
3321,0.101139,0.56
3322,0.122745,0.78
3323,0.155751,0.83
3324,0.114526,0.39
3325,0.243188,1
3326,0.127313,0.64
3327,0.171997,0.86
3328,0.168385,0.98
3329,0.159572,0.7
3330,0.181108,0.91
3331,0.169756,0.77
3332,0.152183,0.84
3333,0.184197,0.9
3334,0.165826,0.92
3335,0.208956,1
3336,0.114201,0.21
3337,0.171994,0.86
3338,0.12374,0.64
3339,0.138972,0.57
3340,0.155691,0.86
3341,0.109504,0.52
3342,0.162029,0.89
3343,0.108187,0.25
3344,0.144337,0.87
3345,0.250699,1
3346,0.110383,0.2
3347,0.205939,1
3348,0.106752,0.34
3349,0.157398,0.87
3350,0.100181,0.05
3351,0.137249,0.76
3352,0.11425,0.49
3353,0.145163,0.77
3354,0.133518,0.57
3355,0.18612,0.93
3356,0.137064,0.84
3357,0.123915,0.71
3358,0.138812,0.7
3359,0.198198,0.93
3360,0.158391,0.81
3361,0.115364,0.54
3362,0.107333,0.35
3363,0.111454,0.22
3364,0.163905,0.83
3365,0.128408,0.61
3366,0.133513,0.58
3367,0.0975944,0.68
3368,0.105344,0.48
3369,0.181755,0.98
3370,0.147152,0.68
3371,0.123915,0.6
3372,0.198482,0.98
3373,0.149456,0.88
3374,0.113936,0.28
3375,0.188215,0.86
3376,0.170607,0.88
3377,0.144094,0.74
3378,0.109854,0.34
3379,0.125585,0.57
3380,0.146737,0.85
3381,0.186431,0.96
3382,0.119258,0.7
3383,0.150034,0.85
3384,0.155037,0.82
3385,0.137022,0.91
3386,0.124111,0.64
3387,0.172618,0.94
3388,0.23096,0.99
3389,0.110059,0.94
3390,0.152887,0.87
3391,0.152703,0.82
3392,0.142429,0.77
3393,0.149432,0.69
3394,0.107482,0.44
3395,0.194936,0.93
3396,0.297683,1
3397,0.11924,0.5
3398,0.100334,0.31
3399,0.159087,0.86
3400,0.22377,0.97
3401,0.169439,0.98
3402,0.114881,0.56
3403,0.107983,0.24
3404,0.129785,0.77
3405,0.118192,0.26
3406,0.155595,0.77
3407,0.126484,0.74
3408,0.138205,0.54
3409,0.172945,0.97
3410,0.17753,0.9
3411,0.109331,0.38
3412,0.588497,1
3413,0.155757,0.91
3414,0.188403,0.99
3415,0.238941,0.99
3416,0.118606,0.51
3417,0.126734,0.65
3418,0.140413,0.89
3419,0.121837,0.58
3420,0.136484,0.81
3421,0.144208,0.69
3422,0.132683,0.57
3423,0.170396,0.9
3424,0.132389,0.82
3425,0.264384,1
3426,0.167459,0.96
3427,0.100573,0.16
3428,0.187321,0.91
3429,0.366529,0.99
3430,0.153396,0.87
3431,0.135787,0.72
3432,0.128559,0.43
3433,0.0986645,0.31
3434,0.21385,0.97
3435,0.128605,0.58
3436,0.121562,0.46
3437,0.0886341,0.85
3438,0.225322,0.99
3439,0.125189,0.69
3440,0.194464,0.96
3441,0.149193,0.88
3442,0.207055,0.99
3443,0.141917,0.8
3444,0.105927,0.29
3445,0.126968,0.74
3446,0.211926,0.92
3447,0.116021,0.41
3448,0.184292,1
3449,0.114268,0.31
3450,0.141623,0.93
3451,0.19057,0.9
3452,0.191857,0.94
3453,0.10345,0.36
3454,0.136955,0.62
3455,0.135491,0.63
3456,0.141693,0.77
3457,0.217527,1
3458,0.147622,0.72
3459,0.240481,0.99
3460,0.11909,0.43
3461,0.156231,0.85
3462,0.117835,0.49
3463,0.138609,0.78
3464,0.108436,0.38
3465,0.119707,0.58
3466,0.125287,0.57
3467,0.202307,0.92
3468,0.125658,0.68
3469,0.113876,0.45
3470,0.15753,0.78
3471,0.14915,0.89
3472,0.128937,0.68
3473,0.126713,0.53
3474,0.146912,0.85
3475,0.14111,0.87
3476,0.144932,0.67
3477,0.130738,0.53
3478,0.140038,0.85
3479,0.102239,0.23
3480,0.142523,0.76
3481,0.138226,0.56
3482,0.114555,0.35
3483,0.0964123,0.12
3484,0.159669,0.91
3485,0.106327,0.17
3486,0.102544,0.17
3487,0.131061,0.56
3488,0.162444,0.89
3489,0.101305,0.26
3490,0.110943,0.3
3491,0.116075,0.59
3492,0.176163,0.98
3493,0.108391,0.32
3494,0.161891,0.87
3495,0.119946,0.3
3496,0.122749,0.52
3497,0.130178,0.74
3498,0.117771,0.45
3499,0.0948862,0.18
3500,0.112661,0.25
3501,0.166652,0.8
3502,0.127441,0.63
3503,0.284087,1
3504,0.172476,0.9
3505,0.191911,0.99
3506,0.111693,0.21
3507,0.103025,0.46
3508,0.180499,0.96
3509,0.104849,0.3
3510,0.165288,0.88
3511,0.213557,0.99
3512,0.16491,0.94
3513,0.157048,0.89
3514,0.134489,0.5
3515,0.1804,0.98
3516,0.108171,0.23
3517,0.139787,0.84
3518,0.115939,0.46
3519,0.175685,0.87
3520,0.111285,0.25
3521,0.145603,0.88
3522,0.183453,0.82
3523,0.106262,0.17
3524,0.120815,0.74
3525,0.113937,0.36
3526,0.162522,0.81
3527,0.208912,0.92
3528,0.132205,0.73
3529,0.195632,0.93
3530,0.144464,0.89
3531,0.144899,0.85
3532,0.131833,0.5
3533,0.132925,0.54
3534,0.141403,0.61
3535,0.230458,0.93
3536,0.124384,0.53
3537,0.108897,0.36
3538,0.149574,0.83
3539,0.133859,0.66
3540,0.116174,0.48
3541,0.106542,0.3
3542,0.110211,0.27
3543,0.184637,0.82
3544,0.142967,0.72
3545,0.137271,0.91
3546,0.158486,0.93
3547,0.182142,0.9
3548,0.116674,0.52
3549,0.140944,0.72
3550,0.0976014,0.23
3551,0.123477,0.52
3552,0.184852,0.95
3553,0.110033,0.43
3554,0.197134,0.9
3555,0.164137,0.72
3556,0.139875,0.59
3557,0.128814,0.56
3558,0.156828,0.93
3559,0.105624,0.68
3560,0.108875,0.29
3561,0.208813,0.95
3562,0.175974,0.98
3563,0.121281,0.62
3564,0.111431,0.46
3565,0.187561,0.99
3566,0.130284,0.74
3567,0.0989077,0.23
3568,0.14642,0.7
3569,0.113258,0.36
3570,0.134695,0.75
3571,0.13491,0.72
3572,0.182072,0.98
3573,0.151354,0.83
3574,0.227647,1
3575,0.149746,0.92
3576,0.125187,0.83
3577,0.151022,0.84
3578,0.187098,0.98
3579,0.236845,0.98
3580,0.102885,0.23
3581,0.115701,0.41
3582,0.165169,0.91
3583,0.135519,0.7
3584,0.115027,0.46
3585,0.119388,0.48
3586,0.157796,0.82
3587,0.184873,0.92
3588,0.113501,0.61
3589,0.174575,0.99
3590,0.106841,0.55
3591,0.180012,0.87
3592,0.174576,0.94
3593,0.290187,1
3594,0.221609,0.99
3595,0.104876,0.16
3596,0.109659,0.36
3597,0.151064,0.75
3598,0.125222,0.66
3599,0.148269,0.76
3600,0.124234,0.72
3601,0.176387,0.95
3602,0.0987975,0.35
3603,0.155869,0.81
3604,0.285329,0.99
3605,0.107326,0.36
3606,0.119703,0.4
3607,0.126746,0.63
3608,0.129235,0.64
3609,0.229527,0.98
3610,0.152218,0.79
3611,0.138448,0.83
3612,0.149027,0.88
3613,0.159613,0.74
3614,0.124997,0.44
3615,0.111004,0.31
3616,0.336192,0.99
3617,0.123491,0.43
3618,0.131033,0.72
3619,0.127033,0.49
3620,0.144051,0.7
3621,0.13125,0.65
3622,0.10961,0.27
3623,0.150699,0.87
3624,0.174,0.93
3625,0.18101,0.92
3626,0.122966,0.41
3627,0.118888,0.61
3628,0.105273,0.33
3629,0.117573,0.36
3630,0.160338,0.96
3631,0.134345,0.87
3632,0.129476,0.73
3633,0.119368,0.52
3634,0.0936109,0.14
3635,0.137104,0.52
3636,0.162152,0.85
3637,0.159522,0.86
3638,0.173813,0.98
3639,0.180771,0.98
3640,0.113948,0.46
3641,0.143338,0.92
3642,0.158278,0.94
3643,0.183723,0.69
3644,0.151665,0.82
3645,0.142767,0.53
3646,0.100518,0.14
3647,0.174167,0.99
3648,0.13295,0.68
3649,0.139596,0.78
3650,0.182136,0.9
3651,0.164306,0.9
3652,0.18603,0.93
3653,0.302068,0.97
3654,0.101067,0.32
3655,0.367298,1
3656,0.139548,0.65
3657,0.144498,0.73
3658,0.107314,0.32
3659,0.133668,0.72
3660,0.109176,0.34
3661,0.127277,0.6
3662,0.156628,0.77
3663,0.118628,0.55
3664,0.15236,0.88
3665,0.0936335,0.09
3666,0.12138,0.45
3667,0.119263,0.35
3668,0.148787,0.77
3669,0.112914,0.26
3670,0.181837,0.74
3671,0.184519,1
3672,0.117137,0.36
3673,0.177039,0.91
3674,0.15464,0.78
3675,0.151012,0.9
3676,0.166758,0.87
3677,0.159612,0.85
3678,0.122332,0.47
3679,0.141447,0.62
3680,0.113696,0.53
3681,0.468354,1
3682,0.172451,0.99
3683,0.111826,0.5
3684,0.142115,0.69
3685,0.192151,0.94
3686,0.190713,0.98
3687,0.2664,0.99
3688,0.180512,0.98
3689,0.279175,0.97
3690,0.0946646,0.17
3691,0.113227,0.32
3692,0.126284,0.55
3693,0.129015,0.7
3694,0.101723,0.25
3695,0.127848,0.39
3696,0.138486,0.69
3697,0.10916,0.3
3698,0.097952,0.05
3699,0.149468,0.87
3700,0.103959,0.79
3701,0.115499,0.36
3702,0.103051,0.83
3703,0.294793,1
3704,0.137113,0.75
3705,0.24345,0.98
3706,0.10819,0.21
3707,0.0916835,0.14
3708,0.118684,0.55
3709,0.13798,0.89
3710,0.184413,0.8
3711,0.168118,0.84
3712,0.145346,0.79
3713,0.105133,0.12
3714,0.135877,0.77
3715,0.136448,0.69
3716,0.19035,1
3717,0.11478,0.3
3718,0.137986,0.73
3719,0.119864,0.7
3720,0.104281,0.25
3721,0.14022,0.84
3722,0.114569,0.36
3723,0.162899,0.84
3724,0.149849,0.84
3725,0.148964,0.87
3726,0.143987,0.79
3727,0.110336,0.27
3728,0.14408,0.68
3729,0.154092,0.93
3730,0.127792,0.84
3731,0.101534,0.21
3732,0.136469,0.61
3733,0.119489,0.45
3734,0.1067,0.21
3735,0.129951,0.79
3736,0.118861,0.27
3737,0.123453,0.54
3738,0.137182,0.61
3739,0.195088,0.98
3740,0.128765,0.61
3741,0.11396,0.5
3742,0.18688,0.99
3743,0.162216,0.96
3744,0.130602,0.81
3745,0.155464,0.92
3746,0.246267,1
3747,0.158762,0.88
3748,0.111809,0.39
3749,0.125601,0.64
3750,0.113148,0.57
3751,0.0937651,0.25
3752,0.141265,0.76
3753,0.160579,0.76
3754,0.153794,0.83
3755,0.258362,0.98
3756,0.111465,0.49
3757,0.2558,0.99
3758,0.175359,0.92
3759,0.126168,0.5
3760,0.136442,0.63
3761,0.2332,1
3762,0.11939,0.56
3763,0.137877,0.89
3764,0.184687,0.91
3765,0.113842,0.26
3766,0.127663,0.69
3767,0.134562,0.76
3768,0.11474,0.85
3769,0.356252,0.99
3770,0.117444,0.32
3771,0.129657,0.47
3772,0.119157,0.41
3773,0.136984,0.75
3774,0.108042,0.45
3775,0.132743,0.76
3776,0.131858,0.6
3777,0.111954,0.56
3778,0.162816,0.94
3779,0.168342,0.93
3780,0.177326,0.95
3781,0.312251,0.99
3782,0.109002,0.22
3783,0.110037,0.13
3784,0.149342,0.58
3785,0.177249,0.95
3786,0.201807,0.98
3787,0.178921,0.96
3788,0.111299,0.22
3789,0.145931,0.97
3790,0.136087,0.78
3791,0.111457,0.18
3792,0.126699,0.59
3793,0.136173,0.72
3794,0.191694,0.97
3795,0.148696,0.74
3796,0.116147,0.6
3797,0.124189,0.47
3798,0.157109,0.74
3799,0.145307,0.84
3800,0.213319,0.97
3801,0.123432,0.47
3802,0.162577,0.98
3803,0.305556,1
3804,0.108219,0.31
3805,0.120328,0.56
3806,0.20823,0.97
3807,0.203718,0.95
3808,0.203995,0.99
3809,0.153531,0.78
3810,0.0986652,0.3
3811,0.11691,0.68
3812,0.131754,0.66
3813,0.125898,0.76
3814,0.151905,0.86
3815,0.0976198,0.38
3816,0.120523,0.57
3817,0.207104,0.99
3818,0.0982699,0.18
3819,0.162137,0.66
3820,0.129875,0.7
3821,0.148404,0.88
3822,0.18121,0.82
3823,0.169523,0.94
3824,0.13583,0.79
3825,0.167278,0.81
3826,0.150751,0.8
3827,0.177297,0.86
3828,0.215134,0.98
3829,0.100153,0.24
3830,0.132859,0.4
3831,0.160787,0.95
3832,0.119242,0.62
3833,0.122735,0.54
3834,0.181999,0.94
3835,0.127214,0.63
3836,0.110638,0.4
3837,0.193912,0.91
3838,0.117221,0.33
3839,0.144014,0.83
3840,0.103901,0.48
3841,0.115536,0.36
3842,0.139582,0.76
3843,0.127779,0.76
3844,0.104758,0.14
3845,0.1356,0.59
3846,0.129276,0.61
3847,0.164719,0.94
3848,0.135603,0.59
3849,0.232495,1
3850,0.0990056,0.61
3851,0.164957,0.72
3852,0.137968,0.85
3853,0.10427,0.53
3854,0.111696,0.25
3855,0.16937,0.73
3856,0.104684,0.28
3857,0.157017,0.96
3858,0.163294,0.97
3859,0.141189,0.82
3860,0.119825,0.43
3861,0.105694,0.68
3862,0.18893,0.99
3863,0.212591,0.97
3864,0.109533,0.28
3865,0.142488,0.73
3866,0.121258,0.36
3867,0.137147,0.64
3868,0.112975,0.34
3869,0.118399,0.48
3870,0.15825,0.86
3871,0.13117,0.77
3872,0.120331,0.53
3873,0.0914103,0.21
3874,0.101975,0.29
3875,0.12379,0.47
3876,0.10835,0.32
3877,0.10807,0.49
3878,0.116186,0.59
3879,0.185734,0.99
3880,0.0919634,0.09
3881,0.142144,0.76
3882,0.100358,0.28
3883,0.152473,0.53
3884,0.133173,0.56
3885,0.158713,0.94
3886,0.130815,0.5
3887,0.116783,0.52
3888,0.108234,0.24
3889,0.14649,0.91
3890,0.165848,0.97
3891,0.156768,0.96
3892,0.138348,0.68
3893,0.173252,0.94
3894,0.106106,0.39
3895,0.206397,0.98
3896,0.185158,0.96
3897,0.157066,0.79
3898,0.124068,0.43
3899,0.130328,0.79
3900,0.174469,0.86
3901,0.148885,0.83
3902,0.151704,0.89
3903,0.115376,0.35
3904,0.123868,0.43
3905,0.129795,0.73
3906,0.196504,0.94
3907,0.103599,0.32
3908,0.159317,0.97
3909,0.131812,0.76
3910,0.118322,0.46
3911,0.113466,0.41
3912,0.130621,0.68
3913,0.096795,0.08
3914,0.115386,0.35
3915,0.102152,0.25
3916,0.150283,0.9
3917,0.115239,0.77
3918,0.123882,0.78
3919,0.141758,0.75
3920,0.137449,0.6
3921,0.153176,0.88
3922,0.160588,0.79
3923,0.158546,0.9
3924,0.106928,0.34
3925,0.196772,1
3926,0.102535,0.19
3927,0.132574,0.77
3928,0.125762,0.42
3929,0.138649,0.77
3930,0.14294,0.85
3931,0.230826,0.97
3932,0.144165,0.87
3933,0.138912,0.73
3934,0.252124,0.98
3935,0.157916,0.92
3936,0.120094,0.54
3937,0.193477,0.84
3938,0.128102,0.41
3939,0.114676,0.47
3940,0.162039,0.83
3941,0.101685,0.18
3942,0.238704,0.98
3943,0.246922,1
3944,0.207848,1
3945,0.141343,0.52
3946,0.125727,0.32
3947,0.115516,0.61
3948,0.15642,0.7
3949,0.20646,0.99
3950,0.16444,0.91
3951,0.106733,0.19
3952,0.192934,0.97
3953,0.201061,0.96
3954,0.103648,0.27
3955,0.159636,0.87
3956,0.0988668,0.23
3957,0.147678,0.65
3958,0.200028,0.96
3959,0.112992,0.44
3960,0.120723,0.52
3961,0.147966,0.65
3962,0.115351,0.47
3963,0.175399,0.95
3964,0.118638,0.53
3965,0.157182,0.87
3966,0.239161,0.99
3967,0.135923,0.63
3968,0.152289,0.72
3969,0.135433,0.54
3970,0.135859,0.62
3971,0.123739,0.52
3972,0.15478,0.92
3973,0.136589,0.58
3974,0.13105,0.66
3975,0.142787,0.77
3976,0.11429,0.35
3977,0.139185,0.7
3978,0.123929,0.4
3979,0.117363,0.63
3980,0.269717,1
3981,0.181482,0.97
3982,0.121351,0.61
3983,0.189336,0.97
3984,0.123804,0.48
3985,0.109746,0.4
3986,0.233083,0.98
3987,0.16207,0.89
3988,0.110955,0.48
3989,0.153891,0.92
3990,0.207679,0.94
3991,0.100433,0.25
3992,0.115578,0.49
3993,0.129158,0.57
3994,0.129779,0.74
3995,0.288678,0.99
3996,0.178639,0.95
3997,0.153597,0.85
3998,0.121486,0.57
3999,0.202807,0.92
4000,0.225988,0.97
4001,0.115267,0.35
4002,0.144037,0.86
4003,0.191643,0.9
4004,0.189119,0.94
4005,0.101226,0.12
4006,0.146176,0.86
4007,0.129102,0.7
4008,0.129305,0.49
4009,0.110866,0.16
4010,0.138973,0.86
4011,0.110078,0.23
4012,0.235313,0.98
4013,0.14313,0.86
4014,0.158188,0.68
4015,0.128443,0.77
4016,0.11024,0.43
4017,0.17929,0.92
4018,0.146788,0.7
4019,0.189494,0.99
4020,0.116551,0.47
4021,0.125917,0.73
4022,0.115561,0.6
4023,0.155788,0.98
4024,0.344991,1
4025,0.213731,1
4026,0.184912,0.96
4027,0.199049,0.95
4028,0.127594,0.71
4029,0.106557,0.15
4030,0.185789,0.96
4031,0.123197,0.54
4032,0.119525,0.22
4033,0.144427,0.94
4034,0.140194,0.82
4035,0.143229,0.84
4036,0.132489,0.45
4037,0.166191,0.87
4038,0.109331,0.26
4039,0.148427,0.91
4040,0.104314,0.11
4041,0.140863,0.75
4042,0.102304,0.31
4043,0.139674,0.76
4044,0.170612,0.95
4045,0.219146,0.96
4046,0.126721,0.68
4047,0.18055,0.97
4048,0.18597,0.93
4049,0.218126,0.93
4050,0.120212,0.37
4051,0.14161,0.79
4052,0.333535,1
4053,0.110609,0.25
4054,0.140726,0.78
4055,0.166606,0.95
4056,0.109141,0.23
4057,0.136098,0.73
4058,0.172349,0.95
4059,0.122357,0.65
4060,0.121026,0.31
4061,0.143989,0.72
4062,0.169278,0.79
4063,0.0989697,0.07
4064,0.131228,0.82
4065,0.171496,0.96
4066,0.115984,0.43
4067,0.142326,0.79
4068,0.13513,0.85
4069,0.119295,0.44
4070,0.108707,0.26
4071,0.152432,0.95
4072,0.103905,0.17
4073,0.121448,0.39
4074,0.104374,0.21
4075,0.125331,0.53
4076,0.131208,0.69
4077,0.126653,0.48
4078,0.105493,0.34
4079,0.135665,0.65
4080,0.16074,0.91
4081,0.217892,0.99
4082,0.165878,0.77
4083,0.122113,0.79
4084,0.143604,0.82
4085,0.215154,0.99
4086,0.109701,0.41
4087,0.120031,0.69
4088,0.108264,0.16
4089,0.110075,0.23
4090,0.146951,0.88
4091,0.117136,0.43
4092,0.13836,0.7
4093,0.125357,0.65
4094,0.129713,0.7
4095,0.109207,0.47
4096,0.119077,0.52
4097,0.154366,0.75
4098,0.125486,0.61
4099,0.25852,1
4100,0.129205,0.5
4101,0.133952,0.93
4102,0.148652,0.74
4103,0.143027,0.58
4104,0.132075,0.8
4105,0.174572,0.9
4106,0.172946,0.98
4107,0.156001,0.87
4108,0.242479,0.96
4109,0.138454,0.53
4110,0.147446,0.82
4111,0.355734,1
4112,0.128862,0.55
4113,0.113738,0.18
4114,0.193573,0.96
4115,0.26521,0.99
4116,0.13668,1
4117,0.378217,1
4118,0.121252,0.46
4119,0.11936,0.56
4120,0.0946518,0.24
4121,0.135893,0.69
4122,0.347916,1
4123,0.136243,0.72
4124,0.196507,1
4125,0.112395,0.64
4126,0.114982,0.69
4127,0.120445,0.53
4128,0.157723,0.9
4129,0.147085,0.77
4130,0.124206,0.68
4131,0.125002,0.57
4132,0.299163,1
4133,0.13317,0.78
4134,0.129461,0.68
4135,0.118453,0.36
4136,0.114207,0.3
4137,0.158714,0.9
4138,0.16251,0.96
4139,0.165317,0.9
4140,0.111256,0.21
4141,0.249943,1
4142,0.170051,0.85
4143,0.113699,0.28
4144,0.161976,0.97
4145,0.15959,0.92
4146,0.210576,0.9
4147,0.120467,0.65
4148,0.117781,0.39
4149,0.195519,0.97
4150,0.122958,0.43
4151,0.115962,0.45
4152,0.16925,0.95
4153,0.172106,0.9
4154,0.163178,0.88
4155,0.219075,0.96
4156,0.116875,0.75
4157,0.12805,0.69
4158,0.133805,0.66
4159,0.146683,0.78
4160,0.197587,0.85
4161,0.119092,0.42
4162,0.130372,0.59
4163,0.106698,0.29
4164,0.428776,0.98
4165,0.136241,0.88
4166,0.12911,0.63
4167,0.134067,0.55
4168,0.176311,0.95
4169,0.137873,0.75
4170,0.110625,0.39
4171,0.129736,0.72
4172,0.119123,0.54
4173,0.132454,0.68
4174,0.261161,0.98
4175,0.130159,0.3
4176,0.272485,0.99
4177,0.0996028,0.13
4178,0.123931,0.54
4179,0.245693,1
4180,0.174376,0.94
4181,0.22953,0.95
4182,0.177421,0.89
4183,0.143446,0.82
4184,0.116864,0.45
4185,0.112694,0.49
4186,0.140132,0.67
4187,0.191681,0.97
4188,0.144602,0.75
4189,0.112885,0.48
4190,0.150886,0.66
4191,0.153142,0.82
4192,0.103726,0.13
4193,0.133082,0.8
4194,0.146606,0.91
4195,0.16372,0.95
4196,0.110588,0.36
4197,0.128656,0.84
4198,0.102572,0.65
4199,0.136776,0.86
4200,0.106664,0.4
4201,0.136441,0.59
4202,0.123516,0.68
4203,0.176379,0.94
4204,0.111198,0.59
4205,0.238828,0.97
4206,0.103782,0.11
4207,0.22044,1
4208,0.125396,0.44
4209,0.128886,0.63
4210,0.110248,0.5
4211,0.184774,0.84
4212,0.113171,0.45
4213,0.122787,0.29
4214,0.143069,0.73
4215,0.103512,0.18
4216,0.163657,0.91
4217,0.116076,0.36
4218,0.174537,0.88
4219,0.118715,0.22
4220,0.222812,0.98
4221,0.108622,0.41
4222,0.205982,0.92
4223,0.172371,0.82
4224,0.165263,0.79
4225,0.122645,0.74
4226,0.117982,0.41
4227,0.104355,0.45
4228,0.0965594,0.23
4229,0.151868,0.89
4230,0.127448,0.61
4231,0.119321,0.35
4232,0.180436,0.93
4233,0.120628,0.41
4234,0.172486,0.89
4235,0.203428,0.96
4236,0.101352,0.26
4237,0.196038,0.96
4238,0.108445,0.44
4239,0.10459,0.33
4240,0.143976,0.64
4241,0.123873,0.35
4242,0.168853,0.96
4243,0.168888,0.96
4244,0.174233,0.96
4245,0.136217,0.88
4246,0.123145,0.53
4247,0.116118,0.31
4248,0.122975,0.81
4249,0.122491,0.51
4250,0.133284,0.69
4251,0.100821,0.14
4252,0.128363,0.74
4253,0.156014,0.9
4254,0.164353,0.9
4255,0.137473,0.63
4256,0.116349,0.55
4257,0.113049,0.31
4258,0.157418,0.69
4259,0.13497,0.63
4260,0.141107,0.88
4261,0.122241,0.42
4262,0.108497,0.4
4263,0.179024,0.97
4264,0.107994,0.53
4265,0.15592,0.8
4266,0.156349,0.7
4267,0.105108,0.48
4268,0.172354,0.93
4269,0.162732,0.93
4270,0.247337,1
4271,0.138606,0.7
4272,0.128231,0.74
4273,0.116407,0.47
4274,0.118586,0.72
4275,0.108144,0.23
4276,0.108678,0.46
4277,0.136138,0.64
4278,0.132894,0.74
4279,0.123821,0.71
4280,0.113289,0.32
4281,0.122792,0.57
4282,0.208312,0.95
4283,0.176165,0.98
4284,0.160177,0.82
4285,0.111956,0.38
4286,0.156294,0.96
4287,0.119741,0.51
4288,0.135143,0.73
4289,0.150227,0.96
4290,0.106007,0.49
4291,0.224814,0.97
4292,0.133532,0.85
4293,0.173182,0.96
4294,0.141527,0.71
4295,0.186874,0.97
4296,0.139233,0.86
4297,0.189506,0.96
4298,0.139071,0.83
4299,0.214782,0.98
4300,0.133346,0.63
4301,0.130726,0.64
4302,0.17257,0.71
4303,0.127113,0.73
4304,0.167566,0.92
4305,0.103914,0.15
4306,0.237641,0.97
4307,0.148182,0.96
4308,0.110036,0.26
4309,0.111674,0.3
4310,0.172004,0.86
4311,0.125095,0.65
4312,0.119847,0.75
4313,0.198614,1
4314,0.141803,0.86
4315,0.393739,0.99
4316,0.10291,0.13
4317,0.124112,0.42
4318,0.155147,0.8
4319,0.155895,0.73
4320,0.197083,0.99
4321,0.10164,0.24
4322,0.316592,0.99
4323,0.154275,0.96
4324,0.144846,0.65
4325,0.0934569,0.92
4326,0.159672,0.95
4327,0.132283,0.51
4328,0.168482,0.62
4329,0.167604,0.77
4330,0.136812,0.61
4331,0.115202,0.43
4332,0.101267,0.2
4333,0.132836,0.53
4334,0.104817,0.27
4335,0.117256,0.39
4336,0.169287,0.85
4337,0.173393,0.89
4338,0.246583,0.97
4339,0.183097,0.99
4340,0.110697,0.58
4341,0.115056,0.38
4342,0.119534,0.43
4343,0.125368,0.61
4344,0.188829,0.87
4345,0.116312,0.62
4346,0.104074,0.08
4347,0.251573,0.94
4348,0.120441,0.68
4349,0.1796,1
4350,0.119016,0.7
4351,0.12835,0.53
4352,0.133401,0.81
4353,0.143163,0.86
4354,0.155959,0.76
4355,0.335533,1
4356,0.105297,0.21
4357,0.114578,0.34
4358,0.215562,1
4359,0.174943,0.88
4360,0.136288,0.59
4361,0.108738,0.16
4362,0.10223,0.3
4363,0.310828,0.97
4364,0.152871,0.87
4365,0.131623,0.73
4366,0.176771,0.99
4367,0.139168,0.73
4368,0.142924,0.8
4369,0.134315,0.82
4370,0.114603,0.62
4371,0.143022,0.63
4372,0.10368,0.19
4373,0.196493,0.96
4374,0.151949,0.82
4375,0.15455,0.72
4376,0.0999537,0.13
4377,0.100844,0.16
4378,0.177296,0.89
4379,0.252552,1
4380,0.111943,0.33
4381,0.114075,0.51
4382,0.0972207,0.15
4383,0.215783,0.96
4384,0.159406,0.78
4385,0.166666,0.91
4386,0.114335,0.56
4387,0.162785,0.95
4388,0.140278,0.9
4389,0.120228,0.72
4390,0.149246,0.82
4391,0.175193,0.93
4392,0.215882,0.94
4393,0.127007,0.6
4394,0.14102,0.81
4395,0.102445,0.26
4396,0.141485,0.58
4397,0.223946,1
4398,0.125117,0.51
4399,0.186126,1
4400,0.105953,0.36
4401,0.139769,0.75
4402,0.146787,0.81
4403,0.12601,0.42
4404,0.126101,0.68
4405,0.136394,0.67
4406,0.268232,0.99
4407,0.127211,0.54
4408,0.344109,0.99
4409,0.185517,0.99
4410,0.112886,0.44
4411,0.224131,1
4412,0.12981,0.59
4413,0.130539,0.75
4414,0.103002,0.16
4415,0.168142,0.77
4416,0.134574,0.8
4417,0.215253,0.99
4418,0.133517,0.67
4419,0.315368,1
4420,0.482544,1
4421,0.157782,0.94
4422,0.111934,0.44
4423,0.108881,0.29
4424,0.159881,0.82
4425,0.126268,0.57
4426,0.272871,1
4427,0.145876,0.62
4428,0.138877,0.53
4429,0.111769,0.41
4430,0.37336,1
4431,0.183836,0.99
4432,0.141532,0.62
4433,0.233353,0.99
4434,0.162176,0.84
4435,0.155053,0.91
4436,0.124471,0.49
4437,0.193193,0.97
4438,0.179107,0.99
4439,0.181996,0.86
4440,0.236968,0.93
4441,0.132494,0.7
4442,0.153811,0.81
4443,0.11844,0.7
4444,0.101455,0.47
4445,0.167058,0.87
4446,0.142488,0.89
4447,0.179338,0.96
4448,0.132608,0.68
4449,0.200941,0.97
4450,0.117657,0.33
4451,0.318064,0.99
4452,0.101571,0.18
4453,0.119052,0.46
4454,0.114814,0.27
4455,0.113277,0.22
4456,0.20687,0.93
4457,0.101065,0.23
4458,0.15458,0.68
4459,0.130247,0.62
4460,0.167869,0.97
4461,0.147703,0.79
4462,0.129348,0.77
4463,0.185087,0.98
4464,0.133368,0.77
4465,0.14516,0.8
4466,0.102428,0.28
4467,0.121616,0.66
4468,0.252813,0.91
4469,0.164834,0.9
4470,0.153724,0.92
4471,0.163202,0.87
4472,0.15075,0.8
4473,0.119613,0.65
4474,0.190793,0.93
4475,0.131846,0.64
4476,0.125909,0.8
4477,0.141078,0.82
4478,0.134956,0.61
4479,0.149911,0.85
4480,0.28276,0.99
4481,0.127203,0.54
4482,0.206777,0.98
4483,0.207342,1
4484,0.223323,0.92
4485,0.206559,0.97
4486,0.158642,0.82
4487,0.139795,0.64
4488,0.135794,0.82
4489,0.157136,0.94
4490,0.120837,0.43
4491,0.312886,1
4492,0.124673,0.58
4493,0.126256,0.61
4494,0.182916,0.96
4495,0.125936,0.61
4496,0.257048,0.99
4497,0.137379,0.9
4498,0.143904,0.77
4499,0.139114,0.76
4500,0.149046,0.81
4501,0.17209,0.96
4502,0.111816,0.46
4503,0.191768,0.97
4504,0.114187,0.53
4505,0.157852,0.97
4506,0.143176,0.78
4507,0.171241,0.97
4508,0.136517,0.75
4509,0.167528,0.89
4510,0.12868,0.78
4511,0.128013,0.34
4512,0.193622,1
4513,0.115524,0.26
4514,0.121393,0.68
4515,0.214889,0.98
4516,0.111407,0.24
4517,0.172461,0.84
4518,0.136135,0.59
4519,0.185658,0.99
4520,0.100166,0.18
4521,0.158126,0.84
4522,0.174145,0.87
4523,0.0981878,0.29
4524,0.126226,0.64
4525,0.143939,0.76
4526,0.106205,0.21
4527,0.122254,0.73
4528,0.130508,0.71
4529,0.178065,0.96
4530,0.130274,0.74
4531,0.172804,0.97
4532,0.123407,0.49
4533,0.130319,0.72
4534,0.257038,1
4535,0.123238,0.41
4536,0.153207,0.79
4537,0.142217,0.78
4538,0.120283,0.59
4539,0.193614,0.93
4540,0.168407,0.94
4541,0.100712,0.39
4542,0.118302,0.34
4543,0.372815,1
4544,0.131108,0.65
4545,0.194621,0.96
4546,0.131936,0.69
4547,0.162653,0.94
4548,0.202477,0.94
4549,0.125785,0.56
4550,0.184856,1
4551,0.211974,0.98
4552,0.12421,0.58
4553,0.154126,0.87
4554,0.116514,0.37
4555,0.140813,0.83
4556,0.138854,0.69
4557,0.149462,0.89
4558,0.159499,0.9
4559,0.104918,0.18
4560,0.153082,0.87
4561,0.123422,0.49
4562,0.129787,0.57
4563,0.182257,0.89
4564,0.12486,0.57
4565,0.141255,0.79
4566,0.0956896,0.8
4567,0.125528,0.4
4568,0.156816,0.83
4569,0.108693,0.63
4570,0.151525,0.86
4571,0.105958,0.18
4572,0.127788,0.61
4573,0.149944,0.9
4574,0.120683,0.56
4575,0.131734,0.64
4576,0.165861,0.95
4577,0.273286,1
4578,0.185219,0.97
4579,0.134698,0.62
4580,0.173945,0.85
4581,0.145906,0.75
4582,0.175609,0.91
4583,0.126897,0.54
4584,0.175035,0.99
4585,0.155759,0.86
4586,0.133292,0.76
4587,0.126352,0.69
4588,0.0957088,0.21
4589,0.126912,0.28
4590,0.0951756,0.86
4591,0.11221,0.24
4592,0.120684,0.49
4593,0.106828,0.7
4594,0.148982,0.71
4595,0.138893,0.7
4596,0.206688,0.99
4597,0.146742,0.92
4598,0.227552,0.96
4599,0.100059,0.26
4600,0.13632,0.75
4601,0.136087,0.66
4602,0.174306,0.91
4603,0.11873,0.29
4604,0.176751,0.98
4605,0.136214,0.81
4606,0.116165,0.69
4607,0.164881,0.92
4608,0.102525,0.19
4609,0.108976,0.34
4610,0.114971,0.31
4611,0.175384,0.83
4612,0.110336,0.43
4613,0.176109,0.94
4614,0.122624,0.45
4615,0.231755,1
4616,0.119455,0.3
4617,0.0989666,0.18
4618,0.10733,0.37
4619,0.11738,0.21
4620,0.139614,0.71
4621,0.135044,0.7
4622,0.168829,0.88
4623,0.228892,0.98
4624,0.113496,0.49
4625,0.140107,0.78
4626,0.173995,0.94
4627,0.0983574,0.13
4628,0.12231,0.5
4629,0.108996,0.22
4630,0.140715,0.82
4631,0.195622,0.98
4632,0.167979,0.84
4633,0.10715,0.15
4634,0.106184,0.22
4635,0.140966,0.89
4636,0.186557,0.83
4637,0.141673,0.89
4638,0.105273,0.16
4639,0.0979363,0.2
4640,0.161706,0.81
4641,0.111796,0.38
4642,0.119057,0.66
4643,0.144959,0.88
4644,0.0944063,0.24
4645,0.117276,0.66
4646,0.155009,0.87
4647,0.200129,0.95
4648,0.188278,0.99
4649,0.219866,0.97
4650,0.147113,0.63
4651,0.12647,0.68
4652,0.108878,0.39
4653,0.167186,0.96
4654,0.171382,0.89
4655,0.18034,0.96
4656,0.1884,0.97
4657,0.123164,0.28
4658,0.124695,0.38
4659,0.121878,0.51
4660,0.107912,0.35
4661,0.161634,0.99
4662,0.123859,0.72
4663,0.161004,0.82
4664,0.10251,0.12
4665,0.276255,1
4666,0.12218,0.68
4667,0.177422,0.94
4668,0.130558,0.66
4669,0.104549,0.42
4670,0.186341,0.98
4671,0.143309,0.61
4672,0.164697,0.88
4673,0.181165,0.97
4674,0.101911,0.17
4675,0.185211,0.86
4676,0.200288,0.99
4677,0.206528,0.97
4678,0.0974358,0.5
4679,0.148243,0.78
4680,0.112108,0.34
4681,0.160343,0.78
4682,0.12633,0.43
4683,0.17153,0.9
4684,0.160009,0.86
4685,0.132863,0.84
4686,0.153417,0.73
4687,0.176145,0.95
4688,0.187979,0.94
4689,0.145622,0.59
4690,0.127334,0.72
4691,0.129627,0.62
4692,0.100205,0.33
4693,0.135813,0.57
4694,0.175003,0.98
4695,0.167478,0.86
4696,0.272137,0.96
4697,0.122132,0.62
4698,0.0925123,0.13
4699,0.139488,0.84
4700,0.15147,0.83
4701,0.109454,0.41
4702,0.130641,0.56
4703,0.140353,0.59
4704,0.0956298,0.25
4705,0.225283,1
4706,0.395897,1
4707,0.115429,0.49
4708,0.135502,0.64
4709,0.143566,0.68
4710,0.107076,0.59
4711,0.101401,0.26
4712,0.131578,0.68
4713,0.138234,0.61
4714,0.121457,0.48
4715,0.194405,0.97
4716,0.182879,0.96
4717,0.171378,0.95
4718,0.128373,0.42
4719,0.110895,0.31
4720,0.136122,0.72
4721,0.195645,0.88
4722,0.252161,0.92
4723,0.167367,0.95
4724,0.144144,0.72
4725,0.091727,0.15
4726,0.202698,1
4727,0.216001,0.97
4728,0.177623,0.95
4729,0.127805,0.73
4730,0.210959,0.91
4731,0.118544,0.43
4732,0.151187,0.91
4733,0.209772,0.89
4734,0.121678,0.32
4735,0.126993,0.68
4736,0.203652,0.98
4737,0.142439,0.79
4738,0.107148,0.39
4739,0.417304,0.96
4740,0.113899,0.36
4741,0.182684,0.95
4742,0.119439,0.37
4743,0.172348,0.89
4744,0.146348,0.77
4745,0.202065,0.99
4746,0.107227,0.44
4747,0.24659,0.98
4748,0.140443,0.61
4749,0.128915,0.55
4750,0.13886,0.83
4751,0.125219,0.59
4752,0.104823,0.39
4753,0.125501,0.51
4754,0.220957,0.99
4755,0.125427,0.48
4756,0.149946,0.87
4757,0.182613,0.9
4758,0.12884,0.53
4759,0.142621,0.89
4760,0.119921,0.59
4761,0.161018,0.9
4762,0.158146,0.88
4763,0.292547,1
4764,0.182091,0.87
4765,0.128755,0.72
4766,0.157127,0.81
4767,0.169799,0.97
4768,0.24588,1
4769,0.13639,0.53
4770,0.106463,0.54
4771,0.201903,0.98
4772,0.170086,0.94
4773,0.129158,0.31
4774,0.134239,0.65
4775,0.140138,0.78
4776,0.147415,0.7
4777,0.105721,0.41
4778,0.135914,0.82
4779,0.145759,0.71
4780,0.103769,0.32
4781,0.121032,0.57
4782,0.136445,0.81
4783,0.13642,0.77
4784,0.109121,0.37
4785,0.113093,0.37
4786,0.140527,0.87
4787,0.156074,0.89
4788,0.159329,0.92
4789,0.115478,0.33
4790,0.122908,0.48
4791,0.162617,0.86
4792,0.118222,0.32
4793,0.247286,0.9
4794,0.160138,0.95
4795,0.124346,0.49
4796,0.188999,0.95
4797,0.227808,0.99
4798,0.157512,0.86
4799,0.176681,0.97
4800,0.114112,0.3
4801,0.154728,0.88
4802,0.15191,0.83
4803,0.149565,0.63
4804,0.233982,1
4805,0.187788,0.98
4806,0.135692,0.7
4807,0.116212,0.61
4808,0.151191,0.74
4809,0.174993,0.92
4810,0.127562,0.73
4811,0.115472,0.59
4812,0.108628,0.39
4813,0.200363,0.99
4814,0.156683,0.85
4815,0.175337,0.88
4816,0.204278,1
4817,0.20363,1
4818,0.101337,0.26
4819,0.131106,0.76
4820,0.173235,0.96
4821,0.104447,0.2
4822,0.21685,0.98
4823,0.141747,0.62
4824,0.147362,0.9
4825,0.189255,0.96
4826,0.208353,0.93
4827,0.219039,0.99
4828,0.0995917,0.24
4829,0.121328,0.63
4830,0.220563,1
4831,0.147385,0.7
4832,0.101475,0.15
4833,0.134336,0.48
4834,0.162301,0.89
4835,0.128078,0.51
4836,0.129783,0.65
4837,0.119223,0.47
4838,0.205609,0.98
4839,0.156231,0.93
4840,0.134446,0.66
4841,0.138236,0.65
4842,0.103929,0.38
4843,0.143561,0.88
4844,0.099686,0.2
4845,0.0993855,0.15
4846,0.201984,1
4847,0.151119,0.84
4848,0.214053,0.99
4849,0.105712,0.11
4850,0.171829,0.95
4851,0.127262,0.68
4852,0.157221,0.86
4853,0.195956,0.96
4854,0.140084,0.7
4855,0.17068,0.95
4856,0.177272,0.99
4857,0.122849,0.72
4858,0.110007,0.19
4859,0.126213,0.64
4860,0.326547,1
4861,0.174974,0.92
4862,0.238586,0.99
4863,0.122677,0.51
4864,0.0989439,0.28
4865,0.141851,0.7
4866,0.159188,0.79
4867,0.159708,0.91
4868,0.145814,0.78
4869,0.131719,0.58
4870,0.140829,0.84
4871,0.120098,0.47
4872,0.192432,1
4873,0.141747,0.6
4874,0.125169,0.53
4875,0.192496,0.99
4876,0.138099,0.69
4877,0.132182,0.75
4878,0.135109,0.7
4879,0.126699,0.47
4880,0.0892041,0.52
4881,0.102465,0.25
4882,0.185002,0.94
4883,0.211382,0.97
4884,0.217693,0.95
4885,0.144905,0.87
4886,0.163358,0.92
4887,0.195073,0.92
4888,0.131495,0.5
4889,0.210771,0.93
4890,0.133408,0.72
4891,0.16532,0.8
4892,0.147422,0.79
4893,0.145646,0.68
4894,0.164277,0.87
4895,0.154694,0.91
4896,0.126109,0.58
4897,0.551284,1
4898,0.166479,0.93
4899,0.136541,0.84
4900,0.175511,0.93
4901,0.133067,0.81
4902,0.153989,0.92
4903,0.149578,0.85
4904,0.104536,0.25
4905,0.13813,0.8
4906,0.145962,0.92
4907,0.130326,0.72
4908,0.151096,0.89
4909,0.173034,0.91
4910,0.126039,0.56
4911,0.221253,1
4912,0.12014,0.57
4913,0.239503,0.98
4914,0.196255,1
4915,0.102989,0.95
4916,0.102816,0.15
4917,0.15297,0.88
4918,0.117478,0.43
4919,0.162225,0.87
4920,0.156931,0.78
4921,0.130498,0.69
4922,0.0993804,0.23
4923,0.133577,0.77
4924,0.161644,0.97
4925,0.184863,0.88
4926,0.121846,0.73
4927,0.120152,0.59
4928,0.127083,0.59
4929,0.218753,0.99
4930,0.141287,0.88
4931,0.110722,0.27
4932,0.107326,0.26
4933,0.0941608,0.11
4934,0.1326,0.81
4935,0.245414,0.97
4936,0.217074,0.98
4937,0.162765,0.7
4938,0.117588,0.47
4939,0.139154,0.77
4940,0.114183,0.48
4941,0.144437,0.86
4942,0.112722,0.1
4943,0.107732,0.27
4944,0.220334,0.97
4945,0.10383,0.33
4946,0.136524,0.72
4947,0.175862,0.81
4948,0.147681,0.79
4949,0.158563,0.84
4950,0.213202,0.99
4951,0.136053,0.69
4952,0.105971,0.15
4953,0.150997,0.64
4954,0.120728,0.45
4955,0.212623,1
4956,0.120596,0.73
4957,0.116796,0.43
4958,0.14028,0.77
4959,0.185541,0.96
4960,0.1206,0.36
4961,0.117655,0.46
4962,0.141081,0.75
4963,0.1586,0.63
4964,0.116107,0.5
4965,0.16015,0.95
4966,0.192042,1
4967,0.1192,0.52
4968,0.138227,0.78
4969,0.24614,0.99
4970,0.135024,0.77
4971,0.230779,1
4972,0.145957,0.81
4973,0.103731,1
4974,0.148202,0.78
4975,0.125241,0.6
4976,0.128771,0.48
4977,0.122202,0.38
4978,0.212882,0.97
4979,0.139733,0.62
4980,0.129714,0.67
4981,0.182782,0.95
4982,0.172161,0.9
4983,0.262938,1
4984,0.147493,0.76
4985,0.112495,0.28
4986,0.266457,0.98
4987,0.141213,0.78
4988,0.198777,1
4989,0.164351,0.76
4990,0.253788,1
4991,0.117365,0.36
4992,0.190462,0.85
4993,0.159065,0.8
4994,0.101428,0.25
4995,0.289179,1
4996,0.177932,0.98
4997,0.171911,0.93
4998,0.150944,0.91
4999,0.132433,0.5
5000,0.0973424,0.29
5001,0.417718,1
5002,0.108545,0.44
5003,0.126303,0.69
5004,0.164816,0.9
5005,0.136405,0.82
5006,0.130828,0.59
5007,0.249721,0.99
5008,0.113981,0.41
5009,0.11586,0.54
5010,0.111885,0.37
5011,0.09847,0.18
5012,0.107401,0.16
5013,0.233096,0.98
5014,0.106045,0.2
5015,0.128253,0.46
5016,0.124003,0.46
5017,0.140623,0.83
5018,0.16322,0.94
5019,0.12556,0.45
5020,0.136175,0.74
5021,0.113184,0.48
5022,0.11861,0.29
5023,0.123058,0.45
5024,0.140082,0.76
5025,0.198262,0.99
5026,0.125876,0.6
5027,0.146458,0.63
5028,0.115257,0.37
5029,0.147228,0.87
5030,0.132176,0.71
5031,0.117754,0.54
5032,0.162412,0.82
5033,0.166532,0.79
5034,0.392309,0.99
5035,0.120418,0.56
5036,0.165304,0.92
5037,0.15476,0.9
5038,0.139923,0.83
5039,0.151747,0.88
5040,0.151107,0.91
5041,0.288525,0.99
5042,0.120794,0.68
5043,0.175459,0.86
5044,0.116181,0.42
5045,0.205324,1
5046,0.136719,0.64
5047,0.17605,0.99
5048,0.142352,0.77
5049,0.155536,0.81
5050,0.125509,0.69
5051,0.142065,0.62
5052,0.172544,0.94
5053,0.238692,0.97
5054,0.160479,0.85
5055,0.158021,0.86
5056,0.135451,0.58
5057,0.187074,0.87
5058,0.11292,0.49
5059,0.129295,0.66
5060,0.126756,0.69
5061,0.133384,0.6
5062,0.167632,0.9
5063,0.121143,0.37
5064,0.22219,1
5065,0.193825,0.92
5066,0.166222,0.9
5067,0.119296,0.55
5068,0.143775,0.81
5069,0.101152,0.81
5070,0.115371,0.39
5071,0.106161,0.16
5072,0.107462,0.41
5073,0.137493,0.8
5074,0.117739,0.49
5075,0.123368,0.41
5076,0.142017,0.87
5077,0.119799,0.63
5078,0.154455,0.87
5079,0.198946,0.95
5080,0.105532,0.38
5081,0.208608,1
5082,0.151216,0.95
5083,0.123841,0.53
5084,0.119471,0.5
5085,0.209658,0.97
5086,0.201036,0.96
5087,0.205831,0.95
5088,0.246542,1
5089,0.197539,0.97
5090,0.16683,0.98
5091,0.258606,1
5092,0.179246,0.87
5093,0.100358,0.26
5094,0.137426,0.83
5095,0.144816,0.75
5096,0.141409,0.6
5097,0.145092,0.75
5098,0.18526,0.98
5099,0.128975,0.81
5100,0.133692,0.59
5101,0.126511,0.34
5102,0.120373,0.59
5103,0.143821,0.71
5104,0.166967,0.86
5105,0.107016,0.44
5106,0.160932,0.81
5107,0.0983109,0.19
5108,0.178983,0.87
5109,0.167537,0.96
5110,0.272186,1
5111,0.165722,0.97
5112,0.204408,0.99
5113,0.180318,0.9
5114,0.146903,0.82
5115,0.100535,0.23
5116,0.234119,0.98
5117,0.193099,0.96
5118,0.118377,0.51
5119,0.197012,0.96
5120,0.149237,0.85
5121,0.138908,0.69
5122,0.158366,0.83
5123,0.137286,0.78
5124,0.110005,0.35
5125,0.106254,0.2
5126,0.149881,0.8
5127,0.137451,0.81
5128,0.16821,0.88
5129,0.103935,0.24
5130,0.136938,0.79
5131,0.11242,0.14
5132,0.145959,0.79
5133,0.141283,0.73
5134,0.145452,0.82
5135,0.180319,0.97
5136,0.128117,0.54
5137,0.10848,0.31
5138,0.122672,0.68
5139,0.175511,0.96
5140,0.180745,0.99
5141,0.117473,0.33
5142,0.129182,0.63
5143,0.306329,1
5144,0.142036,0.81
5145,0.104799,0.21
5146,0.174407,0.92
5147,0.102466,0.69
5148,0.146214,0.71
5149,0.144949,0.84
5150,0.127334,0.61
5151,0.158142,0.89
5152,0.133478,0.78
5153,0.1069,0.25
5154,0.102832,0.32
5155,0.146962,0.82
5156,0.140603,0.68
5157,0.127968,0.5
5158,0.114783,0.4
5159,0.269565,0.98
5160,0.120818,0.7
5161,0.233303,1
5162,0.102305,0.12
5163,0.129736,0.42
5164,0.143254,0.91
5165,0.123712,0.64
5166,0.121715,0.51
5167,0.186381,0.97
5168,0.131328,0.87
5169,0.13764,0.79
5170,0.1065,0.31
5171,0.125967,0.73
5172,0.137995,0.76
5173,0.0925569,0.08
5174,0.123017,0.65
5175,0.133368,0.57
5176,0.127931,0.73
5177,0.189675,0.89
5178,0.169042,0.95
5179,0.168967,0.88
5180,0.14105,0.93
5181,0.148882,0.87
5182,0.239827,0.99
5183,0.178872,0.94
5184,0.214222,0.99
5185,0.120515,0.49
5186,0.180062,0.97
5187,0.243035,0.97
5188,0.108322,0.16
5189,0.190759,0.99
5190,0.163848,0.79
5191,0.173598,0.94
5192,0.239853,0.93
5193,0.126286,0.78
5194,0.30501,1
5195,0.168182,0.97
5196,0.186093,0.97
5197,0.172169,0.95
5198,0.329384,0.99
5199,0.102664,0.19
5200,0.165178,0.87
5201,0.109487,0.23
5202,0.130799,0.59
5203,0.125036,0.34
5204,0.141423,0.71
5205,0.136579,0.86
5206,0.117438,0.46
5207,0.226272,1
5208,0.117769,0.41
5209,0.175528,0.92
5210,0.138176,0.71
5211,0.221421,0.99
5212,0.224304,0.99
5213,0.291644,1
5214,0.193044,0.96
5215,0.16856,0.82
5216,0.16015,0.94
5217,0.140213,0.78
5218,0.122144,0.37
5219,0.121523,0.6
5220,0.161356,0.99
5221,0.148086,0.83
5222,0.121945,0.61
5223,0.184811,0.92
5224,0.21375,0.98
5225,0.15465,0.74
5226,0.176145,0.96
5227,0.10204,0.18
5228,0.129088,0.69
5229,0.153938,0.83
5230,0.257732,0.99
5231,0.169272,0.8
5232,0.120433,0.45
5233,0.139386,0.88
5234,0.117807,0.58
5235,0.147091,0.86
5236,0.107176,0.66
5237,0.165146,0.85
5238,0.22784,0.98
5239,0.185545,0.92
5240,0.156912,0.96
5241,0.121494,0.53
5242,0.174352,0.99
5243,0.129472,0.52
5244,0.106219,0.24
5245,0.154074,0.93
5246,0.10106,0.38
5247,0.144621,0.83
5248,0.138273,0.77
5249,0.23135,0.99
5250,0.161431,0.91
5251,0.154676,0.82
5252,0.136464,0.62
5253,0.114942,0.56
5254,0.160379,0.96
5255,0.125744,0.66
5256,0.135766,0.62
5257,0.206926,0.98
5258,0.13328,0.77
5259,0.12877,0.73
5260,0.133812,0.83
5261,0.196243,0.82
5262,0.139089,0.83
5263,0.0976174,0.11
5264,0.118538,0.62
5265,0.252784,1
5266,0.153709,0.82
5267,0.151035,0.8
5268,0.0997291,0.19
5269,0.171794,0.98
5270,0.182698,0.97
5271,0.116536,0.48
5272,0.12085,0.38
5273,0.131492,0.69
5274,0.184257,0.87
5275,0.207989,0.99
5276,0.181444,0.98
5277,0.138017,0.76
5278,0.138241,0.82
5279,0.110053,0.31
5280,0.169477,0.89
5281,0.220702,0.96
5282,0.113862,0.05
5283,0.214986,0.99
5284,0.0938676,0.16
5285,0.100802,0.46
5286,0.175928,0.84
5287,0.131787,0.63
5288,0.114385,0.33
5289,0.170088,0.88
5290,0.145883,0.82
5291,0.183874,0.98
5292,0.115648,0.41
5293,0.105694,0.21
5294,0.143236,0.64
5295,0.0880251,0.01
5296,0.146533,0.7
5297,0.19773,0.99
5298,0.111906,0.86
5299,0.125449,0.52
5300,0.194066,0.97
5301,0.120888,0.29
5302,0.12889,0.65
5303,0.110849,0.16
5304,0.139403,0.78
5305,0.135549,0.88
5306,0.134728,0.65
5307,0.118508,0.43
5308,0.299272,1
5309,0.27057,0.99
5310,0.263215,0.99
5311,0.172238,0.81
5312,0.102151,0.23
5313,0.258855,0.96
5314,0.120687,0.62
5315,0.123253,0.42
5316,0.157782,0.71
5317,0.113473,0.34
5318,0.120541,0.41
5319,0.134933,0.78
5320,0.130391,0.58
5321,0.198123,0.98
5322,0.15347,0.6
5323,0.127333,0.77
5324,0.220266,0.91
5325,0.218657,0.96
5326,0.132871,0.58
5327,0.115972,0.81
5328,0.100179,0.57
5329,0.13871,0.82
5330,0.19988,0.99
5331,0.124818,0.41
5332,0.119769,0.36
5333,0.147888,0.8
5334,0.251703,1
5335,0.179903,0.97
5336,0.115253,0.55
5337,0.108369,0.23
5338,0.196747,0.98
5339,0.135323,0.65
5340,0.117483,0.32
5341,0.204974,0.9
5342,0.11368,0.42
5343,0.0957866,0.44
5344,0.129865,0.75
5345,0.159124,0.96
5346,0.100521,0.32
5347,0.190674,0.99
5348,0.166063,0.67
5349,0.198885,0.95
5350,0.205098,0.97
5351,0.120915,0.6
5352,0.147128,0.81
5353,0.143201,0.54
5354,0.147477,0.84
5355,0.157999,0.87
5356,0.158295,0.76
5357,0.18876,0.96
5358,0.202645,0.99
5359,0.219552,0.98
5360,0.130594,0.67
5361,0.204982,0.98
5362,0.192973,0.97
5363,0.111146,0.32
5364,0.125757,0.82
5365,0.164229,0.89
5366,0.160077,0.77
5367,0.139661,0.8
5368,0.226121,1
5369,0.124419,0.49
5370,0.137706,0.47
5371,0.1729,0.96
5372,0.176911,0.93
5373,0.154806,0.94
5374,0.127813,0.57
5375,0.235171,1
5376,0.160495,0.79
5377,0.140816,0.84
5378,0.0927447,0.2
5379,0.211746,0.96
5380,0.127205,0.61
5381,0.157862,0.85
5382,0.119811,0.56
5383,0.170708,0.93
5384,0.114179,0.4
5385,0.101676,0.61
5386,0.273386,0.97
5387,0.107172,0.3
5388,0.130177,0.51
5389,0.0966754,0.15
5390,0.113271,0.46
5391,0.178045,0.88
5392,0.120754,0.45
5393,0.166496,0.9
5394,0.122666,0.59
5395,0.137675,0.84
5396,0.150935,0.92
5397,0.127575,0.59
5398,0.103964,0.44
5399,0.150625,0.81
5400,0.149404,0.78
5401,0.136983,0.72
5402,0.124185,0.32
5403,0.19532,0.99
5404,0.112169,0.4
5405,0.238223,0.97
5406,0.269823,0.96
5407,0.118633,0.25
5408,0.129389,0.66
5409,0.113481,0.28
5410,0.127199,0.6
5411,0.11687,0.53
5412,0.14802,0.81
5413,0.3018,1
5414,0.120301,0.34
5415,0.11282,0.78
5416,0.10769,0.65
5417,0.128105,0.71
5418,0.134761,0.75
5419,0.152009,0.81
5420,0.114464,0.38
5421,0.120504,0.52
5422,0.110207,0.53
5423,0.150666,0.88
5424,0.135718,0.62
5425,0.162091,0.69
5426,0.121254,0.59
5427,0.108405,0.3
5428,0.146249,0.74
5429,0.131993,0.74
5430,0.104988,0.77
5431,0.143022,0.71
5432,0.115486,0.39
5433,0.169117,0.86
5434,0.150477,0.67
5435,0.137771,0.7
5436,0.225361,0.99
5437,0.151086,0.8
5438,0.118274,0.41
5439,0.144052,0.86
5440,0.184168,0.94
5441,0.0992267,0.21
5442,0.127275,0.69
5443,0.236887,0.99
5444,0.167798,0.95
5445,0.140936,0.69
5446,0.114596,0.57
5447,0.189094,0.98
5448,0.149571,0.78
5449,0.228614,0.99
5450,0.163291,0.86
5451,0.116462,0.39
5452,0.125729,0.64
5453,0.162816,0.77
5454,0.128405,0.43
5455,0.155672,0.97
5456,0.22141,0.98
5457,0.110041,0.36
5458,0.136573,0.83
5459,0.178896,0.99
5460,0.093393,0.11
5461,0.113189,0.42
5462,0.141644,0.66
5463,0.226505,1
5464,0.113929,0.57
5465,0.165445,0.9
5466,0.134929,0.73
5467,0.114166,0.49
5468,0.260348,0.97
5469,0.111492,0.43
5470,0.126201,0.59
5471,0.192079,1
5472,0.285751,1
5473,0.151275,0.88
5474,0.142313,0.71
5475,0.191048,0.95
5476,0.116986,0.54
5477,0.127479,0.56
5478,0.126788,0.67
5479,0.203981,0.95
5480,0.135715,0.89
5481,0.122035,0.63
5482,0.119147,0.96
5483,0.158835,0.78
5484,0.106136,0.18
5485,0.130974,0.68
5486,0.17519,0.83
5487,0.100941,0.11
5488,0.118709,0.48
5489,0.160076,0.71
5490,0.74646,1
5491,0.131518,0.71
5492,0.18146,0.97
5493,0.169405,0.99
5494,0.134392,0.7
5495,0.118874,0.58
5496,0.134273,0.77
5497,0.190608,0.95
5498,0.164125,0.96
5499,0.124696,0.34
5500,0.11205,0.38
5501,0.124515,0.43
5502,0.143413,0.63
5503,0.109609,0.34
5504,0.16399,0.98
5505,0.136096,0.51
5506,0.0958794,0.26
5507,0.236231,1
5508,0.157065,0.88
5509,0.128596,0.79
5510,0.194183,0.96
5511,0.177744,0.96
5512,0.137301,0.77
5513,0.104771,0.23
5514,0.200948,0.98
5515,0.156139,0.94
5516,0.10618,0.43
5517,0.206341,0.99
5518,0.140235,0.53
5519,0.120466,0.51
5520,0.183929,0.82
5521,0.159585,0.84
5522,0.108419,0.18
5523,0.185154,0.94
5524,0.107731,0.29
5525,0.142756,0.8
5526,0.176471,0.92
5527,0.121398,0.62
5528,0.17778,1
5529,0.127278,0.61
5530,0.126455,0.77
5531,0.143822,0.87
5532,0.0961507,0.04
5533,0.169951,0.92
5534,0.182497,0.76
5535,0.163679,0.9
5536,0.105445,0.24
5537,0.194008,0.95
5538,0.151725,0.79
5539,0.0984505,0.2
5540,0.185664,0.97
5541,0.153075,0.77
5542,0.102549,0.27
5543,0.112353,0.45
5544,0.124051,0.74
5545,0.107165,0.36
5546,0.171106,0.94
5547,0.156662,0.97
5548,0.105568,0.24
5549,0.133562,0.85
5550,0.222051,1
5551,0.160318,0.81
5552,0.182372,0.91
5553,0.144585,0.75
5554,0.106235,0.24
5555,0.169619,0.94
5556,0.166812,0.92
5557,0.202684,0.93
5558,0.134693,0.71
5559,0.139619,0.83
5560,0.100804,0.12
5561,0.112422,0.38
5562,0.155817,0.83
5563,0.147491,0.79
5564,0.132785,0.77
5565,0.153987,0.73
5566,0.151594,0.75
5567,0.191823,0.98
5568,0.116728,0.6
5569,0.113573,0.44
5570,0.118546,0.24
5571,0.151644,0.82
5572,0.152299,0.84
5573,0.110061,0.34
5574,0.097476,0.9
5575,0.103664,0.22
5576,0.217309,1
5577,0.191865,0.99
5578,0.172781,0.97
5579,0.149243,0.87
5580,0.161122,0.86
5581,0.120692,0.43
5582,0.156017,0.79
5583,0.125331,0.69
5584,0.18528,0.98
5585,0.120716,0.46
5586,0.257362,1
5587,0.0983659,0.28
5588,0.118176,0.38
5589,0.118841,0.61
5590,0.178502,1
5591,0.134446,0.55
5592,0.117984,0.55
5593,0.197923,0.95
5594,0.165661,0.97
5595,0.118831,0.42
5596,0.138407,0.87
5597,0.138319,0.75
5598,0.134373,0.83
5599,0.136197,0.88
5600,0.121442,0.46
5601,0.11524,0.18
5602,0.181393,0.89
5603,0.148935,0.63
5604,0.115174,0.52
5605,0.136788,0.75
5606,0.310371,1
5607,0.173729,0.88
5608,0.126004,0.56
5609,0.162309,0.86
5610,0.139308,0.86
5611,0.110139,0.36
5612,0.141838,0.74
5613,0.111152,0.56
5614,0.121564,0.54
5615,0.118441,0.67
5616,0.174541,0.91
5617,0.122541,0.49
5618,0.136213,0.68
5619,0.111907,0.38
5620,0.138222,0.62
5621,0.163628,0.76
5622,0.14313,0.83
5623,0.213929,0.98
5624,0.123458,0.59
5625,0.212415,1
5626,0.104331,0.11
5627,0.156948,0.97
5628,0.162258,0.92
5629,0.111222,0.6
5630,0.147806,0.81
5631,0.101978,0.15
5632,0.199756,0.94
5633,0.14704,0.61
5634,0.160604,0.66
5635,0.168518,0.94
5636,0.197126,0.97
5637,0.108551,0.85
5638,0.133834,0.78
5639,0.125929,0.43
5640,0.0989252,0.2
5641,0.187089,0.89
5642,0.111259,0.37
5643,0.151884,0.87
5644,0.217357,0.97
5645,0.106863,0.15
5646,0.116434,0.33
5647,0.120386,0.7
5648,0.163996,0.99
5649,0.192875,0.99
5650,0.101126,0.13
5651,0.132708,0.83
5652,0.132199,0.73
5653,0.0999074,0.18
5654,0.174571,0.9
5655,0.123629,0.44
5656,0.221731,0.94
5657,0.109306,0.24
5658,0.121456,0.69
5659,0.171248,0.93
5660,0.127425,0.63
5661,0.111221,0.54
5662,0.167957,0.92
5663,0.199111,0.98
5664,0.155002,0.67
5665,0.133791,0.76
5666,0.110774,0.44
5667,0.104489,0.29
5668,0.168625,0.96
5669,0.102601,0.26
5670,0.13208,0.63
5671,0.125641,0.8
5672,0.12118,0.29
5673,0.176065,1
5674,0.0979221,0.45
5675,0.107524,0.33
5676,0.162361,0.86
5677,0.143213,0.89
5678,0.11061,0.12
5679,0.114314,0.56
5680,0.396097,1
5681,0.15801,0.82
5682,0.11247,0.41
5683,0.10856,0.25
5684,0.125935,0.64
5685,0.26104,1
5686,0.122885,0.53
5687,0.141311,0.75
5688,0.1447,0.68
5689,0.109901,0.4
5690,0.12008,0.5
5691,0.14416,0.89
5692,0.185955,0.98
5693,0.109692,0.32
5694,0.122635,0.44
5695,0.0993807,0.19
5696,0.101966,0.34
5697,0.133319,0.67
5698,0.179017,0.87
5699,0.105019,0.18
5700,0.143735,0.87
5701,0.129455,0.58
5702,0.192999,0.88
5703,0.12641,0.51
5704,0.164875,0.95
5705,0.251008,1
5706,0.110962,0.49
5707,0.137033,0.81
5708,0.120179,0.6
5709,0.196792,0.99
5710,0.153399,0.95
5711,0.128921,0.64
5712,0.104568,0.14
5713,0.130758,0.68
5714,0.164815,0.89
5715,0.115669,0.53
5716,0.119137,0.42
5717,0.21812,0.9
5718,0.171915,0.95
5719,0.163132,0.96
5720,0.117474,0.34
5721,0.111144,0.61
5722,0.108829,0.2
5723,0.109047,0.25
5724,0.136483,0.7
5725,0.122185,0.77
5726,0.1297,0.77
5727,0.126235,0.68
5728,0.128602,0.67
5729,0.131527,0.7
5730,0.191131,1
5731,0.0997313,0.25
5732,0.13834,0.91
5733,0.140256,0.75
5734,0.113028,0.41
5735,0.137355,0.77
5736,0.137275,0.66
5737,0.152602,0.86
5738,0.115366,0.31
5739,0.138114,0.68
5740,0.16342,0.96
5741,0.142712,0.79
5742,0.191109,1
5743,0.12404,0.31
5744,0.125391,0.5
5745,0.102558,0.24
5746,0.156208,0.91
5747,0.150177,0.78
5748,0.127858,0.67
5749,0.153799,0.89
5750,0.124896,0.68
5751,0.233737,0.93
5752,0.114701,0.33
5753,0.173633,0.85
5754,0.120864,0.48
5755,0.126983,0.71
5756,0.128232,0.67
5757,0.121627,0.61
5758,0.11211,0.28
5759,0.159624,0.8
5760,0.155379,0.87
5761,0.16945,0.86
5762,0.184982,0.88
5763,0.0999382,0.17
5764,0.144571,0.96
5765,0.172018,0.88
5766,0.102504,0.37
5767,0.135926,0.6
5768,0.235089,0.98
5769,0.120857,0.6
5770,0.137211,0.79
5771,0.211373,1
5772,0.1938,0.95
5773,0.113003,0.33
5774,0.197861,0.99
5775,0.129263,0.75
5776,0.131781,0.81
5777,0.233563,1
5778,0.132292,0.57
5779,0.159418,0.94
5780,0.0962832,0.12
5781,0.222876,1
5782,0.230615,0.85
5783,0.155969,0.73
5784,0.114494,0.35
5785,0.135911,0.46
5786,0.170984,0.99
5787,0.145548,0.85
5788,0.146429,0.84
5789,0.117362,0.49
5790,0.204002,0.95
5791,0.184126,0.94
5792,0.121033,0.49
5793,0.1763,0.94
5794,0.224663,0.99
5795,0.163732,0.93
5796,0.17376,0.9
5797,0.123483,0.61
5798,0.121968,0.77
5799,0.138943,0.9
5800,0.261015,0.99
5801,0.260753,0.97
5802,0.136796,0.75
5803,0.193944,0.82
5804,0.163901,0.88
5805,0.13013,0.78
5806,0.141393,0.56
5807,0.128381,0.39
5808,0.123938,0.33
5809,0.267687,1
5810,0.204051,0.93
5811,0.102991,0.54
5812,0.167895,0.93
5813,0.162041,0.93
5814,0.145735,0.72
5815,0.180763,0.81
5816,0.191804,0.95
5817,0.220086,1
5818,0.101003,0.3
5819,0.105833,0.2
5820,0.170305,0.99
5821,0.180862,0.95
5822,0.154607,0.96
5823,0.149817,0.8
5824,0.165441,0.91
5825,0.106967,0.3
5826,0.136737,0.62
5827,0.155055,0.84
5828,0.135625,0.64
5829,0.181245,0.95
5830,0.125034,0.49
5831,0.132221,0.79
5832,0.109569,0.31
5833,0.109652,0.43
5834,0.256846,0.97
5835,0.135749,0.63
5836,0.112027,0.41
5837,0.136978,0.62
5838,0.13742,0.48
5839,0.12027,0.6
5840,0.123533,0.5
5841,0.184875,1
5842,0.226225,0.94
5843,0.17951,0.96
5844,0.105967,0.35
5845,0.126455,0.55
5846,0.177939,0.88
5847,0.167888,0.94
5848,0.134175,0.59
5849,0.106898,0.32
5850,0.153732,0.84
5851,0.119423,0.7
5852,0.140059,0.7
5853,0.100859,0.14
5854,0.117969,0.35
5855,0.184038,0.96
5856,0.142184,0.95
5857,0.137944,0.7
5858,0.190189,0.95
5859,0.269477,1
5860,0.156355,0.83
5861,0.100664,0.24
5862,0.108064,0.38
5863,0.226096,0.93
5864,0.113034,0.32
5865,0.103055,0.56
5866,0.246457,0.97
5867,0.244896,1
5868,0.128788,0.57
5869,0.119422,0.66
5870,0.157821,0.89
5871,0.205511,1
5872,0.108614,0.26
5873,0.116654,0.48
5874,0.121513,0.47
5875,0.232242,1
5876,0.131739,0.61
5877,0.145179,0.66
5878,0.22191,0.96
5879,0.118365,0.4
5880,0.102388,0.12
5881,0.203321,0.98
5882,0.140214,0.78
5883,0.22586,0.96
5884,0.108994,0.34
5885,0.141213,0.7
5886,0.143508,0.81
5887,0.109391,0.25
5888,0.191855,0.99
5889,0.153771,0.75
5890,0.196157,0.95
5891,0.308824,0.95
5892,0.183776,1
5893,0.0943506,0.38
5894,0.170395,0.96
5895,0.182535,0.98
5896,0.111188,0.5
5897,0.183794,0.98
5898,0.158998,0.82
5899,0.150933,0.89
5900,0.238307,1
5901,0.101481,0.2
5902,0.139335,0.53
5903,0.151812,0.95
5904,0.175409,0.97
5905,0.113459,0.36
5906,0.206965,0.99
5907,0.131064,0.74
5908,0.126802,0.56
5909,0.122793,0.55
5910,0.16002,0.96
5911,0.161499,0.96
5912,0.151221,0.79
5913,0.0976932,0.2
5914,0.100389,0.18
5915,0.11719,0.34
5916,0.114212,0.37
5917,0.118906,0.64
5918,0.138119,0.82
5919,0.144792,0.72
5920,0.107999,0.32
5921,0.109789,0.51
5922,0.243441,0.93
5923,0.110232,0.44
5924,0.161514,0.91
5925,0.132851,0.68
5926,0.196923,0.97
5927,0.143923,0.67
5928,0.215412,0.98
5929,0.119939,0.38
5930,0.221308,0.94
5931,0.185615,0.94
5932,0.272987,1
5933,0.132161,0.71
5934,0.113011,0.17
5935,0.139296,0.73
5936,0.105612,0.14
5937,0.237494,1
5938,0.16464,0.97
5939,0.19412,0.95
5940,0.174821,0.89
5941,0.132928,0.63
5942,0.12385,0.45
5943,0.142138,0.71
5944,0.361624,0.99
5945,0.102654,0.16
5946,0.137031,0.74
5947,0.129325,0.65
5948,0.186569,0.96
5949,0.190843,0.99
5950,0.227426,0.93
5951,0.138038,0.85
5952,0.150578,0.92
5953,0.0950515,0.23
5954,0.12845,0.58
5955,0.151175,0.81
5956,0.107714,0.32
5957,0.113288,0.38
5958,0.125343,0.65
5959,0.131111,0.57
5960,0.122704,0.59
5961,0.136549,0.76
5962,0.196922,0.93
5963,0.130843,0.73
5964,0.139619,0.85
5965,0.166923,0.89
5966,0.186621,0.94
5967,0.154666,0.81
5968,0.124283,0.18
5969,0.294114,1
5970,0.117996,0.43
5971,0.130244,0.81
5972,0.195847,0.97
5973,0.124271,0.55
5974,0.114245,0.45
5975,0.128966,0.66
5976,0.124566,0.53
5977,0.187707,0.95
5978,0.164887,0.93
5979,0.178285,0.93
5980,0.155199,0.93
5981,0.208672,0.93
5982,0.10842,0.32
5983,0.194927,0.93
5984,0.197978,0.96
5985,0.181302,0.85
5986,0.189741,0.95
5987,0.298688,0.98
5988,0.196496,0.99
5989,0.211152,0.98
5990,0.109988,0.32
5991,0.135989,0.52
5992,0.187425,1
5993,0.172802,0.91
5994,0.157262,0.92
5995,0.13225,0.79
5996,0.120028,0.56
5997,0.118843,0.56
5998,0.14284,0.77
5999,0.142857,0.87
6000,0.128833,0.62
6001,0.13921,0.66
6002,0.289209,0.99
6003,0.149807,0.94
6004,0.12402,0.39
6005,0.167065,0.98
6006,0.1656,0.83
6007,0.11418,0.36
6008,0.180161,0.98
6009,0.121355,0.44
6010,0.106685,0.16
6011,0.151033,0.83
6012,0.193074,0.91
6013,0.198832,0.95
6014,0.114738,0.34
6015,0.188281,0.94
6016,0.130142,0.74
6017,0.11162,0.19
6018,0.130153,0.52
6019,0.103456,0.42
6020,0.168122,0.97
6021,0.119479,0.59
6022,0.107962,0.26
6023,0.131198,0.87
6024,0.113047,0.28
6025,0.213659,0.95
6026,0.163223,0.95
6027,0.119889,0.75
6028,0.123581,0.56
6029,0.138753,0.72
6030,0.114058,0.54
6031,0.126507,0.54
6032,0.183224,0.91
6033,0.334239,1
6034,0.0992611,0.14
6035,0.127219,0.59
6036,0.136703,0.79
6037,0.118687,0.16
6038,0.151228,0.92
6039,0.126195,0.66
6040,0.168337,0.96
6041,0.122822,0.58
6042,0.136241,0.75
6043,0.12185,0.56
6044,0.131674,0.71
6045,0.153118,0.82
6046,0.229268,0.99
6047,0.182783,0.98
6048,0.177546,0.91
6049,0.26746,0.98
6050,0.0946149,0.36
6051,0.149105,0.88
6052,0.18747,0.95
6053,0.125004,0.55
6054,0.130131,0.77
6055,0.110403,0.16
6056,0.192689,0.99
6057,0.14543,0.97
6058,0.158544,0.92
6059,0.189292,0.99
6060,0.0997082,0.08
6061,0.119628,0.56
6062,0.130639,0.44
6063,0.126993,0.77
6064,0.115009,0.49
6065,0.107929,0.42
6066,0.229232,0.99
6067,0.108163,0.44
6068,0.104654,0.26
6069,0.152487,0.95
6070,0.12557,0.64
6071,0.139792,0.73
6072,0.20026,0.99
6073,0.144886,0.42
6074,0.166174,0.9
6075,0.111797,0.32
6076,0.19976,0.99
6077,0.168611,0.95
6078,0.12801,0.31
6079,0.113058,0.57
6080,0.121863,0.61
6081,0.196984,0.95
6082,0.131601,0.54
6083,0.148929,0.86
6084,0.104047,0.26
6085,0.121172,0.38
6086,0.125864,0.74
6087,0.138128,0.69
6088,0.161156,0.82
6089,0.174129,0.9
6090,0.175151,0.94
6091,0.177644,0.91
6092,0.126148,0.76
6093,0.140013,0.83
6094,0.129728,0.73
6095,0.111008,0.2
6096,0.14341,0.78
6097,0.133936,0.78
6098,0.157791,0.77
6099,0.170397,0.93
6100,0.103823,0.17
6101,0.243765,1
6102,0.114806,0.37
6103,0.122961,0.16
6104,0.13526,0.91
6105,0.19331,0.99
6106,0.148422,0.85
6107,0.142184,0.7
6108,0.163554,0.99
6109,0.110843,0.58
6110,0.118672,0.51
6111,0.176828,0.87
6112,0.142767,0.45
6113,0.197586,0.93
6114,0.161023,0.89
6115,0.204674,0.96
6116,0.103046,0.32
6117,0.134713,0.64
6118,0.133859,0.76
6119,0.129264,0.65
6120,0.131913,0.66
6121,0.139877,0.62
6122,0.127856,0.6
6123,0.135718,0.52
6124,0.121827,0.48
6125,0.168865,0.95
6126,0.128496,0.63
6127,0.127794,0.66
6128,0.142577,0.81
6129,0.17677,0.84
6130,0.161696,0.92
6131,0.134907,0.47
6132,0.143484,0.93
6133,0.113637,0.34
6134,0.113783,0.48
6135,0.189169,0.96
6136,0.147225,0.76
6137,0.104861,0.32
6138,0.147897,0.97
6139,0.231081,1
6140,0.118457,0.58
6141,0.161607,0.84
6142,0.143207,0.78
6143,0.116433,0.25
6144,0.104725,0.19
6145,0.14025,0.77
6146,0.129299,0.51
6147,0.148708,0.83
6148,0.15392,0.78
6149,0.134262,0.65
6150,0.141614,0.84
6151,0.113426,0.5
6152,0.194815,0.96
6153,0.116816,0.55
6154,0.13214,0.64
6155,0.166391,0.97
6156,0.113485,0.91
6157,0.146048,0.73
6158,0.254967,0.98
6159,0.139775,0.85
6160,0.169777,0.98
6161,0.210168,0.99
6162,0.10723,0.29
6163,0.102142,0.23
6164,0.111302,0.47
6165,0.172486,0.93
6166,0.118873,0.3
6167,0.109559,0.58
6168,0.140444,0.68
6169,0.276207,1
6170,0.128512,0.66
6171,0.203579,0.97
6172,0.117128,0.33
6173,0.128171,0.44
6174,0.159792,0.9
6175,0.153162,0.72
6176,0.221197,0.97
6177,0.158014,0.86
6178,0.141328,0.93
6179,0.105427,0.19
6180,0.114457,0.33
6181,0.104875,0.41
6182,0.180149,1
6183,0.132707,0.54
6184,0.105602,0.32
6185,0.141032,0.81
6186,0.111794,0.27
6187,0.234461,0.94
6188,0.127532,0.52
6189,0.13646,0.85
6190,0.169938,0.85
6191,0.156748,0.9
6192,0.121067,0.38
6193,0.344994,1
6194,0.158027,0.9
6195,0.11543,0.15
6196,0.141518,0.67
6197,0.107517,0.97
6198,0.182254,0.84
6199,0.161845,0.95
6200,0.100378,0.14
6201,0.107988,0.31
6202,0.151168,0.86
6203,0.131602,0.66
6204,0.147271,0.88
6205,0.161255,0.98
6206,0.117233,0.39
6207,0.101835,0.39
6208,0.250839,1
6209,0.123764,0.44
6210,0.12478,0.68
6211,0.144124,0.8
6212,0.134945,0.61
6213,0.120747,0.43
6214,0.131313,0.76
6215,0.145246,0.76
6216,0.141253,0.55
6217,0.193739,0.93
6218,0.261011,1
6219,0.152844,0.85
6220,0.145321,0.89
6221,0.139889,0.69
6222,0.135078,0.87
6223,0.13488,0.67
6224,0.111876,0.36
6225,0.162875,0.88
6226,0.128545,0.69
6227,0.179523,0.93
6228,0.139842,0.82
6229,0.128626,0.78
6230,0.125603,0.68
6231,0.169807,0.88
6232,0.108906,0.34
6233,0.106293,0.12
6234,0.129444,0.56
6235,0.139683,0.62
6236,0.105333,0.26
6237,0.154481,0.94
6238,0.140716,0.72
6239,0.119336,0.56
6240,0.138036,0.79
6241,0.106063,0.32
6242,0.172824,0.93
6243,0.149264,0.73
6244,0.161839,0.67
6245,0.128356,0.82
6246,0.114293,0.38
6247,0.162863,0.96
6248,0.11802,0.37
6249,0.128312,0.8
6250,0.175814,0.91
6251,0.184094,0.99
6252,0.132556,0.52
6253,0.127179,0.61
6254,0.168573,0.98
6255,0.134888,0.73
6256,0.228476,0.94
6257,0.148406,0.8
6258,0.162236,0.93
6259,0.139026,0.79
6260,0.108165,0.26
6261,0.13741,0.73
6262,0.164465,0.77
6263,0.218153,1
6264,0.0996294,0.22
6265,0.172579,0.96
6266,0.105295,0.2
6267,0.120329,0.53
6268,0.15885,0.9
6269,0.117446,0.69
6270,0.197339,0.96
6271,0.167656,0.94
6272,0.105597,0.32
6273,0.164971,0.88
6274,0.132716,0.8
6275,0.286288,1
6276,0.151966,0.79
6277,0.139493,0.79
6278,0.125649,0.57
6279,0.227195,0.99
6280,0.149837,0.77
6281,0.179421,0.96
6282,0.15015,0.81
6283,0.102442,0.44
6284,0.15341,0.8
6285,0.159846,0.9
6286,0.146936,0.68
6287,0.142212,0.82
6288,0.137249,0.79
6289,0.1877,0.97
6290,0.126434,0.61
6291,0.121336,0.37
6292,0.110254,0.43
6293,0.120391,0.53
6294,0.176138,0.94
6295,0.130998,0.71
6296,0.137003,0.68
6297,0.163029,0.78
6298,0.10556,0.19
6299,0.171347,0.92
6300,0.15108,0.92
6301,0.152787,0.97
6302,0.152303,0.88
6303,0.192533,0.98
6304,0.150224,0.75
6305,0.12276,0.57
6306,0.149623,0.92
6307,0.127294,0.84
6308,0.109381,0.28
6309,0.15478,0.67
6310,0.152542,0.94
6311,0.195386,0.97
6312,0.189171,0.96
6313,0.129078,0.87
6314,0.169127,0.95
6315,0.168203,0.9
6316,0.168684,0.94
6317,0.196046,0.87
6318,0.18324,0.93
6319,0.141889,0.67
6320,0.101065,0.3
6321,0.17914,0.9
6322,0.108228,0.31
6323,0.145168,0.74
6324,0.119833,0.63
6325,0.137396,0.7
6326,0.102058,0.28
6327,0.132347,0.68
6328,0.141997,0.55
6329,0.124078,0.55
6330,0.157606,0.74
6331,0.110468,0.62
6332,0.187611,0.98
6333,0.119806,0.36
6334,0.33995,1
6335,0.122837,0.7
6336,0.186628,0.74
6337,0.232118,0.99
6338,0.128348,0.42
6339,0.118175,0.5
6340,0.109186,0.39
6341,0.121127,0.36
6342,0.214126,0.99
6343,0.135518,0.53
6344,0.101449,0.16
6345,0.113882,0.36
6346,0.0926769,0.43
6347,0.150707,0.85
6348,0.176989,0.92
6349,0.244565,1
6350,0.111827,0.42
6351,0.191063,1
6352,0.144237,0.72
6353,0.131242,0.79
6354,0.124546,0.66
6355,0.130702,0.73
6356,0.112684,0.38
6357,0.109127,0.35
6358,0.211706,1
6359,0.153079,0.93
6360,0.170441,0.74
6361,0.161305,0.88
6362,0.122025,0.44
6363,0.117846,0.23
6364,0.0875898,0.05
6365,0.104605,0.27
6366,0.116249,0.49
6367,0.159998,0.92
6368,0.114604,0.4
6369,0.197677,0.92
6370,0.209727,1
6371,0.197407,0.93
6372,0.10929,0.47
6373,0.257786,0.99
6374,0.102014,0.29
6375,0.138101,0.9
6376,0.162453,0.92
6377,0.12964,0.79
6378,0.110829,0.28
6379,0.129949,0.66
6380,0.0993189,0.22
6381,0.231456,0.97
6382,0.203065,0.98
6383,0.138591,0.56
6384,0.177492,0.87
6385,0.161171,0.79
6386,0.131615,0.72
6387,0.242273,0.99
6388,0.127225,0.57
6389,0.152906,0.67
6390,0.137114,0.72
6391,0.197255,0.99
6392,0.131556,0.94
6393,0.23524,0.97
6394,0.111878,0.59
6395,0.156022,0.89
6396,0.148302,0.87
6397,0.218709,0.99
6398,0.139833,0.84
6399,0.188,0.96
6400,0.147574,0.86
6401,0.142146,0.62
6402,0.154435,0.81
6403,0.164528,0.95
6404,0.102409,0.25
6405,0.263838,1
6406,0.168374,0.94
6407,0.0901402,0.36
6408,0.179435,0.81
6409,0.125734,0.57
6410,0.471229,1
6411,0.108201,0.21
6412,0.151876,0.85
6413,0.105935,0.41
6414,0.103707,0.26
6415,0.126364,0.36
6416,0.111006,0.53
6417,0.174511,0.87
6418,0.276375,1
6419,0.191259,0.96
6420,0.131082,0.53
6421,0.178233,0.96
6422,0.164605,0.91
6423,0.145689,0.64
6424,0.121668,0.68
6425,0.10563,0.36
6426,0.132152,0.7
6427,0.174878,0.95
6428,0.159131,0.9
6429,0.126774,0.75
6430,0.176293,0.88
6431,0.25453,0.97
6432,0.154884,0.79
6433,0.144366,0.81
6434,0.117138,0.48
6435,0.216444,1
6436,0.154675,0.68
6437,0.152808,0.84
6438,0.123798,0.74
6439,0.141535,0.8
6440,0.151539,0.48
6441,0.134193,0.7
6442,0.143412,0.91
6443,0.107032,0.2
6444,0.138973,0.83
6445,0.130748,0.61
6446,0.148654,0.94
6447,0.161178,0.86
6448,0.145033,0.86
6449,0.150554,0.82
6450,0.141314,0.68
6451,0.121397,0.62
6452,0.188681,0.94
6453,0.129556,0.58
6454,0.110694,0.69
6455,0.312369,0.98
6456,0.182474,0.94
6457,0.136633,0.61
6458,0.0988417,0.26
6459,0.172194,0.99
6460,0.0919878,0.69
6461,0.131805,0.74
6462,0.182968,0.96
6463,0.172435,0.94
6464,0.265407,1
6465,0.117429,0.57
6466,0.317137,0.99
6467,0.117477,0.63
6468,0.180433,0.97
6469,0.248269,1
6470,0.117722,0.49
6471,0.16576,0.92
6472,0.100803,0.11
6473,0.175934,0.84
6474,0.185535,0.97
6475,0.112235,0.4
6476,0.115674,0.34
6477,0.114377,0.41
6478,0.152246,0.86
6479,0.100437,0.39
6480,0.152006,0.79
6481,0.142129,0.74
6482,0.128768,0.45
6483,0.109817,0.28
6484,0.127366,0.54
6485,0.166371,0.81
6486,0.17172,0.78
6487,0.202438,0.99
6488,0.109243,0.13
6489,0.140151,0.76
6490,0.162998,0.93
6491,0.117619,0.45
6492,0.125018,0.55
6493,0.120162,0.94
6494,0.119362,0.27
6495,0.116956,0.61
6496,0.13772,0.62
6497,0.132587,0.46
6498,0.179152,0.89
6499,0.165079,0.95
6500,0.112865,0.38
6501,0.11791,0.48
6502,0.267301,1
6503,0.12343,0.54
6504,0.105481,0.32
6505,0.143634,0.86
6506,0.0957479,0.86
6507,0.127738,0.89
6508,0.147892,0.7
6509,0.0998983,0.18
6510,0.211693,0.96
6511,0.129047,0.74
6512,0.108683,0.22
6513,0.0901817,0.98
6514,0.204063,1
6515,0.181019,0.98
6516,0.112669,0.43
6517,0.119909,0.38
6518,0.130684,0.6
6519,0.103168,0.42
6520,0.194568,0.99
6521,0.110557,0.52
6522,0.119864,0.57
6523,0.109333,0.18
6524,0.215426,0.97
6525,0.106354,0.58
6526,0.206874,0.84
6527,0.122697,0.61
6528,0.117539,0.52
6529,0.134246,0.76
6530,0.124622,0.51
6531,0.11834,0.46
6532,0.133209,0.92
6533,0.122423,0.47
6534,0.152941,0.9
6535,0.11352,0.33
6536,0.146725,0.88
6537,0.109153,0.26
6538,0.106364,0.2
6539,0.144352,0.69
6540,0.229683,0.99
6541,0.139127,0.85
6542,0.121268,0.51
6543,0.108759,0.29
6544,0.115865,0.47
6545,0.14586,0.78
6546,0.161779,0.97
6547,0.211956,0.99
6548,0.170055,0.99
6549,0.116639,0.48
6550,0.117596,0.69
6551,0.153903,0.84
6552,0.203097,1
6553,0.133764,0.73
6554,0.11768,0.42
6555,0.14027,0.56
6556,0.309673,1
6557,0.146,0.87
6558,0.158476,0.91
6559,0.151168,0.77
6560,0.108721,0.43
6561,0.107251,0.18
6562,0.108854,0.27
6563,0.16957,0.97
6564,0.17719,0.95
6565,0.128952,0.51
6566,0.217423,0.99
6567,0.205976,0.99
6568,0.102972,0.3
6569,0.177345,0.93
6570,0.149681,0.67
6571,0.127645,0.55
6572,0.19238,0.99
6573,0.132243,0.69
6574,0.235061,0.96
6575,0.100452,0.4
6576,0.144897,0.65
6577,0.195679,0.91
6578,0.175313,0.96
6579,0.151529,0.85
6580,0.113773,0.18
6581,0.10457,0.46
6582,0.133782,0.59
6583,0.158696,0.88
6584,0.10443,0.28
6585,0.104581,0.22
6586,0.149644,0.69
6587,0.121286,0.53
6588,0.152904,0.91
6589,0.155137,0.95
6590,0.147105,0.95
6591,0.135939,0.75
6592,0.141038,0.83
6593,0.16936,0.99
6594,0.118561,0.42
6595,0.269059,0.96
6596,0.152442,0.9
6597,0.100299,0.12
6598,0.0969563,0.24
6599,0.163027,0.8
6600,0.121707,0.27
6601,0.168658,0.85
6602,0.156081,0.97
6603,0.141653,0.8
6604,0.154728,0.93
6605,0.111905,0.32
6606,0.0919818,0.26
6607,0.106104,0.23
6608,0.163762,0.94
6609,0.115358,0.26
6610,0.157383,0.87
6611,0.147252,0.83
6612,0.132088,0.55
6613,0.198655,0.97
6614,0.166079,0.87
6615,0.124977,0.73
6616,0.115335,0.35
6617,0.140349,0.88
6618,0.284255,1
6619,0.371148,1
6620,0.103276,0.24
6621,0.132608,0.7
6622,0.109908,0.17
6623,0.105635,0.33
6624,0.161139,0.86
6625,0.113635,0.4
6626,0.196074,0.94
6627,0.179371,0.97
6628,0.113653,0.72
6629,0.0950124,0.15
6630,0.137952,0.79
6631,0.283113,0.98
6632,0.176059,0.96
6633,0.150233,0.82
6634,0.207417,0.96
6635,0.124134,0.42
6636,0.147137,0.9
6637,0.156707,0.94
6638,0.116418,0.64
6639,0.29058,1
6640,0.147632,0.44
6641,0.159102,0.85
6642,0.243802,0.98
6643,0.100789,0.19
6644,0.165113,0.74
6645,0.179583,0.97
6646,0.188784,1
6647,0.120294,0.48
6648,0.112384,0.48
6649,0.137814,0.82
6650,0.132803,0.59
6651,0.115116,0.58
6652,0.117086,0.58
6653,0.128033,0.8
6654,0.168623,0.92
6655,0.128304,0.41
6656,0.105311,0.26
6657,0.175848,0.73
6658,0.153592,0.92
6659,0.105246,0.16
6660,0.118824,0.55
6661,0.113197,0.46
6662,0.122274,0.56
6663,0.111377,0.28
6664,0.108827,0.74
6665,0.177439,0.86
6666,0.105754,0.42
6667,0.126042,0.63
6668,0.152024,0.65
6669,0.113975,0.51
6670,0.17482,0.96
6671,0.247941,0.95
6672,0.228235,1
6673,0.263725,1
6674,0.127448,0.61
6675,0.126918,0.77
6676,0.121892,0.66
6677,0.233727,0.99
6678,0.152532,1
6679,0.110757,0.29
6680,0.103873,0.24
6681,0.118648,0.56
6682,0.150292,0.78
6683,0.112925,0.43
6684,0.135653,0.83
6685,0.132083,0.81
6686,0.149507,0.83
6687,0.184956,0.95
6688,0.170381,0.87
6689,0.178205,0.91
6690,0.178062,0.98
6691,0.117672,0.34
6692,0.123313,0.73
6693,0.181568,0.95
6694,0.192722,0.96
6695,0.123207,0.6
6696,0.155956,0.93
6697,0.109245,0.27
6698,0.141698,0.84
6699,0.367722,1
6700,0.105561,0.27
6701,0.13943,0.75
6702,0.126835,0.7
6703,0.118375,0.54
6704,0.134853,0.6
6705,0.123413,0.51
6706,0.188498,0.96
6707,0.166438,0.79
6708,0.117702,0.56
6709,0.156757,0.91
6710,0.0998666,0.12
6711,0.102791,0.4
6712,0.162777,0.87
6713,0.137253,0.85
6714,0.144186,0.75
6715,0.151713,0.86
6716,0.158525,0.98
6717,0.133127,0.75
6718,0.163972,0.75
6719,0.172702,0.98
6720,0.164982,0.68
6721,0.178237,0.88
6722,0.151592,0.86
6723,0.15504,0.8
6724,0.155834,0.85
6725,0.135267,0.57
6726,0.110503,0.83
6727,0.197621,0.99
6728,0.114628,0.51
6729,0.141653,0.72
6730,0.108506,0.41
6731,0.106906,0.35
6732,0.107023,0.2
6733,0.194189,0.98
6734,0.169188,0.96
6735,0.331518,1
6736,0.11423,0.21
6737,0.206932,0.93
6738,0.107354,0.44
6739,0.166515,0.92
6740,0.114606,0.42
6741,0.16652,0.94
6742,0.131775,0.64
6743,0.105366,0.42
6744,0.30657,1
6745,0.100777,0.17
6746,0.210044,0.94
6747,0.213296,0.98
6748,0.149116,0.76
6749,0.114151,0.46
6750,0.129254,0.65
6751,0.154851,0.96
6752,0.116209,0.48
6753,0.0946559,0.61
6754,0.254509,1
6755,0.100353,0.13
6756,0.124516,0.49
6757,0.160508,0.93
6758,0.206493,0.99
6759,0.110816,0.25
6760,0.0954349,0.15
6761,0.17458,0.97
6762,0.204999,0.95
6763,0.136706,0.77
6764,0.127034,0.47
6765,0.115179,0.42
6766,0.108743,0.74
6767,0.180959,0.91
6768,0.114833,0.46
6769,0.219527,1
6770,0.133016,0.74
6771,0.203158,0.98
6772,0.111087,0.12
6773,0.108687,0.27
6774,0.205292,0.93
6775,0.167966,0.94
6776,0.121405,0.31
6777,0.183594,0.97
6778,0.127649,0.49
6779,0.205512,0.92
6780,0.118431,0.95
6781,0.116891,0.46
6782,0.127166,0.42
6783,0.191415,0.95
6784,0.124111,0.38
6785,0.184356,0.94
6786,0.130582,0.63
6787,0.245019,0.99
6788,0.144095,0.77
6789,0.127543,0.64
6790,0.115082,0.56
6791,0.10857,0.2
6792,0.119082,0.38
6793,0.117416,0.45
6794,0.178734,0.95
6795,0.191622,0.95
6796,0.130087,0.76
6797,0.110794,0.36
6798,0.138185,0.85
6799,0.165359,0.87
6800,0.149754,0.65
6801,0.177639,0.96
6802,0.190134,0.96
6803,0.207067,0.86
6804,0.133203,0.79
6805,0.273776,0.96
6806,0.121027,0.45
6807,0.120032,0.53
6808,0.203584,0.98
6809,0.101842,0.17
6810,0.136306,0.59
6811,0.0966896,0.66
6812,0.113433,0.39
6813,0.146406,0.68
6814,0.115595,0.53
6815,0.132992,0.75
6816,0.103987,0.2
6817,0.144625,0.79
6818,0.124638,0.65
6819,0.145279,0.78
6820,0.119196,0.64
6821,0.102726,0.31
6822,0.224769,0.97
6823,0.121082,0.54
6824,0.102227,0.29
6825,0.11364,0.32
6826,0.120471,0.63
6827,0.135566,0.64
6828,0.220122,0.99
6829,0.107007,0.42
6830,0.167576,0.92
6831,0.122741,0.64
6832,0.107662,0.24
6833,0.134054,0.8
6834,0.123294,0.36
6835,0.112776,0.35
6836,0.133829,0.69
6837,0.153475,0.95
6838,0.262269,1
6839,0.189705,0.99
6840,0.105067,0.49
6841,0.258642,0.98
6842,0.138586,0.54
6843,0.12444,0.57
6844,0.155376,0.79
6845,0.148148,0.77
6846,0.132118,0.54
6847,0.146325,0.61
6848,0.112027,0.25
6849,0.181983,0.94
6850,0.134487,0.71
6851,0.194698,0.99
6852,0.118123,0.49
6853,0.140947,0.92
6854,0.121427,0.53
6855,0.124854,0.69
6856,0.124151,0.48
6857,0.159951,0.97
6858,0.175183,0.98
6859,0.15414,0.97
6860,0.125003,0.63
6861,0.1101,0.37
6862,0.129556,0.71
6863,0.182597,0.87
6864,0.166352,0.93
6865,0.109735,0.38
6866,0.433413,1
6867,0.247444,1
6868,0.138706,0.53
6869,0.0980161,0.15
6870,0.100293,0.24
6871,0.103323,0.34
6872,0.119014,0.52
6873,0.156079,0.96
6874,0.147729,0.83
6875,0.179341,0.95
6876,0.205083,0.98
6877,0.100022,0.19
6878,0.125442,0.7
6879,0.120135,0.48
6880,0.111677,0.22
6881,0.12619,0.66
6882,0.180199,0.98
6883,0.147724,0.73
6884,0.213113,1
6885,0.150756,0.86
6886,0.171912,0.79
6887,0.214491,0.98
6888,0.17025,0.98
6889,0.118057,0.31
6890,0.21897,0.97
6891,0.142382,0.78
6892,0.150579,0.78
6893,0.110009,0.44
6894,0.0972623,0.2
6895,0.158393,0.88
6896,0.199819,1
6897,0.125674,0.54
6898,0.137244,0.88
6899,0.167463,0.9
6900,0.108058,0.41
6901,0.169749,0.89
6902,0.105092,0.23
6903,0.116369,0.29
6904,0.113047,0.41
6905,0.13317,0.62
6906,0.10259,0.28
6907,0.15613,0.85
6908,0.129054,0.66
6909,0.176909,0.95
6910,0.100414,0.25
6911,0.134582,0.56
6912,0.220782,0.95
6913,0.173878,0.87
6914,0.174934,0.91
6915,0.158311,0.87
6916,0.133905,0.59
6917,0.141457,0.71
6918,0.19012,0.99
6919,0.145289,0.86
6920,0.231144,0.96
6921,0.182226,0.93
6922,0.157015,0.87
6923,0.113033,0.42
6924,0.179219,0.98
6925,0.172062,0.94
6926,0.142449,0.79
6927,0.147893,0.76
6928,0.121515,0.43
6929,0.127442,0.61
6930,0.096915,0.22
6931,0.117522,0.36
6932,0.139978,0.6
6933,0.113667,0.69
6934,0.118357,0.67
6935,0.147439,0.79
6936,0.139842,0.66
6937,0.136959,0.76
6938,0.167394,0.87
6939,0.203129,0.91
6940,0.194412,0.89
6941,0.124032,0.48
6942,0.122128,0.69
6943,0.111097,0.69
6944,0.142128,0.67
6945,0.382707,0.98
6946,0.14983,0.67
6947,0.208942,0.94
6948,0.304111,1
6949,0.126562,0.66
6950,0.113451,0.41
6951,0.133097,0.74
6952,0.22626,1
6953,0.101334,0.29
6954,0.116419,0.52
6955,0.261829,1
6956,0.145573,0.78
6957,0.121203,0.59
6958,0.2331,1
6959,0.120134,0.43
6960,0.163532,0.92
6961,0.246774,1
6962,0.142614,0.85
6963,0.125967,0.6
6964,0.159218,0.89
6965,0.126684,0.65
6966,0.0990805,0.32
6967,0.124611,0.57
6968,0.146435,0.94
6969,0.149061,0.87
6970,0.123076,0.59
6971,0.221478,0.97
6972,0.124121,0.51
6973,0.150373,0.7
6974,0.169169,0.97
6975,0.150358,0.89
6976,0.13258,0.85
6977,0.137074,0.72
6978,0.178228,0.92
6979,0.111308,0.55
6980,0.139388,0.7
6981,0.177285,0.99
6982,0.150564,0.85
6983,0.142638,0.82
6984,0.200318,0.88
6985,0.1465,0.73
6986,0.267111,1
6987,0.15114,0.79
6988,0.148525,0.83
6989,0.12065,0.6
6990,0.121718,0.61
6991,0.237679,0.98
6992,0.158737,0.81
6993,0.207595,0.85
6994,0.135406,0.5
6995,0.263881,0.97
6996,0.284505,0.99
6997,0.234773,1
6998,0.10621,0.74
6999,0.271654,0.99
7000,0.112351,0.68
7001,0.155596,0.87
7002,0.116478,0.27
7003,0.183772,0.96
7004,0.198257,0.99
7005,0.0991213,0.24
7006,0.109781,0.34
7007,0.118588,0.51
7008,0.147691,0.91
7009,0.155793,0.89
7010,0.107666,0.26
7011,0.114163,0.69
7012,0.0975241,0.37
7013,0.13615,0.59
7014,0.110027,0.44
7015,0.199323,0.87
7016,0.108841,0.32
7017,0.215536,0.99
7018,0.130716,0.65
7019,0.196433,0.96
7020,0.111318,0.29
7021,0.190225,0.94
7022,0.126099,0.54
7023,0.290262,1
7024,0.0967455,0.12
7025,0.201406,0.98
7026,0.241683,0.97
7027,0.255414,1
7028,0.132795,0.62
7029,0.207376,0.94
7030,0.217973,0.89
7031,0.160333,0.84
7032,0.105181,0.19
7033,0.124745,0.62
7034,0.159442,0.87
7035,0.162951,0.78
7036,0.186596,0.99
7037,0.17024,0.86
7038,0.15692,0.89
7039,0.104451,0.36
7040,0.12531,0.56
7041,0.125841,0.68
7042,0.180147,0.94
7043,0.129662,0.51
7044,0.146595,0.82
7045,0.141581,0.69
7046,0.235074,0.94
7047,0.129521,0.68
7048,0.116547,0.46
7049,0.134043,0.79
7050,0.101954,0.17
7051,0.136327,0.85
7052,0.176465,0.96
7053,0.173896,0.87
7054,0.183618,0.82
7055,0.117601,0.34
7056,0.196673,0.95
7057,0.126951,0.63
7058,0.134393,0.74
7059,0.0920986,0.06
7060,0.146951,0.82
7061,0.134887,0.35
7062,0.179797,0.95
7063,0.223847,0.97
7064,0.122202,0.55
7065,0.148764,0.55
7066,0.137491,0.67
7067,0.186727,0.98
7068,0.110465,0.41
7069,0.124314,0.6
7070,0.147591,0.86
7071,0.145606,0.86
7072,0.180251,0.74
7073,0.148351,0.93
7074,0.144433,0.83
7075,0.117022,0.99
7076,0.142,0.8
7077,0.160676,0.92
7078,0.160745,0.95
7079,0.191162,0.99
7080,0.115987,0.5
7081,0.144229,0.74
7082,0.123263,0.54
7083,0.161222,0.95
7084,0.114048,0.46
7085,0.166385,0.84
7086,0.1733,0.96
7087,0.097691,0.17
7088,0.115709,0.49
7089,0.191461,0.98
7090,0.129799,0.62
7091,0.241854,0.99
7092,0.120629,0.68
7093,0.11781,0.45
7094,0.105588,0.36
7095,0.161064,0.96
7096,0.105014,0.23
7097,0.158847,0.91
7098,0.192447,1
7099,0.1819,0.98
7100,0.103045,0.19
7101,0.193499,0.98
7102,0.131319,0.4
7103,0.165094,0.88
7104,0.162664,0.87
7105,0.17012,0.94
7106,0.129203,0.59
7107,0.20451,0.84
7108,0.107461,0.28
7109,0.140291,0.82
7110,0.143406,0.88
7111,0.145646,0.67
7112,0.129689,0.67
7113,0.13002,0.56
7114,0.11166,0.25
7115,0.127009,0.68
7116,0.130793,0.78
7117,0.103986,0.29
7118,0.229863,0.99
7119,0.152505,0.75
7120,0.173388,0.89
7121,0.14129,0.81
7122,0.173229,0.98
7123,0.100819,0.22
7124,0.139185,0.72
7125,0.117919,0.39
7126,0.119644,0.53
7127,0.156918,0.94
7128,0.105488,0.12
7129,0.15259,0.76
7130,0.0959888,0.3
7131,0.142052,0.82
7132,0.10993,0.29
7133,0.135191,0.7
7134,0.119109,0.47
7135,0.111619,0.57
7136,0.11593,0.33
7137,0.150732,0.88
7138,0.11021,0.38
7139,0.103764,0.32
7140,0.105716,0.22
7141,0.133259,0.64
7142,0.173864,0.96
7143,0.125471,0.67
7144,0.135502,0.89
7145,0.181881,0.97
7146,0.147543,0.84
7147,0.172038,0.79
7148,0.102954,0.29
7149,0.124644,0.64
7150,0.145134,0.77
7151,0.159024,0.85
7152,0.122748,0.49
7153,0.217721,0.99
7154,0.174808,0.96
7155,0.117771,0.64
7156,0.132915,0.71
7157,0.169745,0.95
7158,0.139775,0.72
7159,0.212067,0.97
7160,0.131014,0.6
7161,0.112816,0.3
7162,0.132144,0.78
7163,0.104451,0.26
7164,0.140815,0.76
7165,0.111304,0.22
7166,0.138241,0.65
7167,0.103385,0.18
7168,0.209594,1
7169,0.125522,0.59
7170,0.182605,0.93
7171,0.121013,0.26
7172,0.118037,0.46
7173,0.132583,0.9
7174,0.141448,0.78
7175,0.114409,0.38
7176,0.141014,0.67
7177,0.136228,0.53
7178,0.153627,0.95
7179,0.205479,0.87
7180,0.0959162,0.27
7181,0.131556,0.74
7182,0.190035,0.89
7183,0.129412,0.7
7184,0.151199,0.78
7185,0.124093,0.87
7186,0.129961,0.4
7187,0.113521,0.33
7188,0.18625,0.95
7189,0.154776,0.95
7190,0.132261,0.66
7191,0.119353,0.53
7192,0.430006,1
7193,0.0999986,0.17
7194,0.228007,1
7195,0.163042,0.81
7196,0.135702,0.55
7197,0.229286,0.99
7198,0.14102,0.71
7199,0.175079,0.88
7200,0.208133,0.99
7201,0.141689,0.87
7202,0.131758,0.75
7203,0.161539,0.91
7204,0.120604,0.43
7205,0.101187,0.17
7206,0.130703,0.82
7207,0.444187,1
7208,0.0921055,0.39
7209,0.120199,0.55
7210,0.0996533,0.43
7211,0.110151,0.43
7212,0.103309,0.23
7213,0.115232,0.6
7214,0.218339,0.96
7215,0.142859,0.62
7216,0.164441,0.85
7217,0.147036,0.93
7218,0.238872,0.99
7219,0.142106,0.76
7220,0.126433,0.45
7221,0.146714,0.68
7222,0.14688,0.71
7223,0.271897,0.98
7224,0.118872,0.46
7225,0.11953,0.49
7226,0.162629,0.85
7227,0.13076,0.64
7228,0.133398,0.74
7229,0.233318,1
7230,0.149329,0.92
7231,0.163355,0.82
7232,0.156248,0.96
7233,0.130775,0.64
7234,0.104659,0.66
7235,0.119755,0.4
7236,0.113038,0.46
7237,0.150491,0.72
7238,0.101353,0.15
7239,0.184,1
7240,0.179547,0.98
7241,0.233964,0.99
7242,0.154118,0.79
7243,0.13377,0.62
7244,0.169634,0.9
7245,0.414607,1
7246,0.205896,0.96
7247,0.121794,0.38
7248,0.1556,0.76
7249,0.199753,0.95
7250,0.100125,0.49
7251,0.11523,0.76
7252,0.133317,0.67
7253,0.112077,0.3
7254,0.230731,1
7255,0.107159,0.29
7256,0.125077,0.7
7257,0.138138,0.6
7258,0.116025,0.36
7259,0.251378,0.97
7260,0.145924,0.67
7261,0.139339,0.75
7262,0.15799,0.89
7263,0.155258,0.95
7264,0.126228,0.54
7265,0.108397,0.41
7266,0.119322,0.53
7267,0.119802,0.67
7268,0.167926,0.91
7269,0.115046,0.19
7270,0.104262,0.48
7271,0.110512,0.28
7272,0.14417,0.85
7273,0.12544,0.57
7274,0.131646,0.71
7275,0.145894,0.69
7276,0.177984,0.97
7277,0.108737,0.24
7278,0.221804,0.96
7279,0.161472,0.95
7280,0.153932,0.72
7281,0.14943,0.86
7282,0.244789,0.99
7283,0.113073,0.49
7284,0.200226,1
7285,0.115832,0.32
7286,0.151589,0.84
7287,0.307026,1
7288,0.173063,0.87
7289,0.159819,0.77
7290,0.109896,0.34
7291,0.100367,0.74
7292,0.227018,1
7293,0.162589,0.95
7294,0.140108,0.75
7295,0.171274,0.96
7296,0.218918,0.93
7297,0.162701,0.87
7298,0.128514,0.65
7299,0.129294,0.79
7300,0.162515,0.92
7301,0.117416,0.44
7302,0.190374,0.99
7303,0.104394,0.22
7304,0.148699,0.86
7305,0.160429,0.93
7306,0.124208,0.46
7307,0.140261,0.75
7308,0.209693,0.99
7309,0.12752,0.63
7310,0.0999585,0.23
7311,0.137176,0.83
7312,0.107499,0.39
7313,0.27211,0.98
7314,0.226214,0.99
7315,0.258977,1
7316,0.148551,0.84
7317,0.251167,1
7318,0.110821,0.41
7319,0.177584,0.89
7320,0.108093,0.59
7321,0.134462,0.73
7322,0.138776,0.78
7323,0.176504,0.94
7324,0.0972978,0.5
7325,0.136841,0.44
7326,0.131533,0.53
7327,0.183132,0.99
7328,0.164685,0.81
7329,0.127713,0.76
7330,0.175125,0.87
7331,0.134834,0.84
7332,0.102863,0.19
7333,0.161226,0.87
7334,0.141556,0.83
7335,0.175626,0.99
7336,0.120038,0.57
7337,0.123923,0.65
7338,0.150029,0.82
7339,0.147122,0.98
7340,0.107914,0.28
7341,0.13029,0.67
7342,0.12294,0.69
7343,0.117055,0.43
7344,0.23069,0.98
7345,0.107009,0.42
7346,0.109266,0.29
7347,0.179955,0.92
7348,0.158631,0.98
7349,0.163855,0.92
7350,0.165001,0.92
7351,0.166075,0.98
7352,0.118454,0.69
7353,0.154566,0.81
7354,0.106118,0.56
7355,0.22335,0.95
7356,0.196662,0.99
7357,0.16461,0.97
7358,0.155471,0.89
7359,0.15299,0.74
7360,0.12186,0.73
7361,0.143994,0.68
7362,0.10058,0.9
7363,0.129648,0.87
7364,0.109178,0.51
7365,0.137223,0.78
7366,0.112823,0.53
7367,0.227571,1
7368,0.18992,0.92
7369,0.109233,0.34
7370,0.131988,0.75
7371,0.104518,0.37
7372,0.118936,0.56
7373,0.240294,1
7374,0.180112,0.94
7375,0.138502,0.72
7376,0.163962,0.95
7377,0.198748,0.97
7378,0.102641,0.22
7379,0.108312,0.37
7380,0.112913,0.38
7381,0.125264,0.64
7382,0.13297,0.68
7383,0.104386,0.23
7384,0.111922,0.17
7385,0.1171,0.34
7386,0.108756,0.42
7387,0.114506,0.37
7388,0.148293,0.94
7389,0.233408,0.97
7390,0.184239,0.98
7391,0.192641,0.97
7392,0.101549,0.37
7393,0.11674,0.36
7394,0.165786,0.89
7395,0.104911,0.23
7396,0.356532,0.95
7397,0.129576,0.68
7398,0.190361,0.98
7399,0.31173,1
7400,0.104744,0.12
7401,0.131458,0.52
7402,0.125497,0.61
7403,0.217534,0.99
7404,0.163568,0.86
7405,0.102539,0.26
7406,0.170136,0.88
7407,0.118423,0.72
7408,0.174479,0.95
7409,0.143611,0.72
7410,0.136417,0.75
7411,0.178849,0.98
7412,0.137869,0.75
7413,0.159438,0.94
7414,0.13984,0.7
7415,0.132082,0.34
7416,0.149117,0.75
7417,0.245974,0.97
7418,0.132135,0.76
7419,0.121206,0.46
7420,0.121792,0.34
7421,0.10121,0.16
7422,0.123415,0.71
7423,0.170287,0.85
7424,0.108413,0.41
7425,0.133973,0.78
7426,0.129341,0.83
7427,0.125774,0.46
7428,0.112313,0.37
7429,0.121291,0.59
7430,0.138277,0.64
7431,0.115634,0.34
7432,0.171283,0.92
7433,0.15882,0.9
7434,0.181797,0.96
7435,0.121883,0.32
7436,0.138151,0.94
7437,0.161394,0.96
7438,0.14621,0.78
7439,0.0965003,0.35
7440,0.116484,0.29
7441,0.115741,0.55
7442,0.154738,0.9
7443,0.152236,0.88
7444,0.195289,0.87
7445,0.100885,0.18
7446,0.111542,0.37
7447,0.11026,0.34
7448,0.117559,0.48
7449,0.106559,0.33
7450,0.175408,0.99
7451,0.136685,0.6
7452,0.167989,0.78
7453,0.118061,0.51
7454,0.103551,0.22
7455,0.103108,0.23
7456,0.124108,0.55
7457,0.118214,0.41
7458,0.143249,0.59
7459,0.213663,1
7460,0.106356,0.3
7461,0.115986,0.65
7462,0.102444,0.15
7463,0.130877,0.64
7464,0.105024,0.2
7465,0.156478,0.95
7466,0.10026,0.23
7467,0.15218,0.92
7468,0.126514,0.56
7469,0.172775,0.9
7470,0.594065,1
7471,0.121162,0.57
7472,0.154147,0.81
7473,0.0998691,0.26
7474,0.221849,0.98
7475,0.109325,0.3
7476,0.124457,0.66
7477,0.121567,0.51
7478,0.142227,0.79
7479,0.247387,1
7480,0.101372,0.24
7481,0.214667,1
7482,0.155964,0.84
7483,0.109321,0.31
7484,0.103777,0.29
7485,0.106949,0.3
7486,0.156661,0.72
7487,0.160222,0.88
7488,0.161989,0.91
7489,0.134795,0.72
7490,0.178779,0.94
7491,0.116994,0.55
7492,0.098919,0.12
7493,0.103638,0.15
7494,0.128572,0.58
7495,0.122097,0.65
7496,0.132561,0.68
7497,0.160437,0.91
7498,0.155857,0.8
7499,0.101415,0.31
7500,0.126253,0.57
7501,0.127561,0.54
7502,0.219238,1
7503,0.132932,0.72
7504,0.136502,0.7
7505,0.112315,0.34
7506,0.130278,0.68
7507,0.105927,0.23
7508,0.104208,0.19
7509,0.0985747,0.24
7510,0.109935,0.3
7511,0.200353,0.92
7512,0.1711,0.9
7513,0.128596,0.68
7514,0.131318,0.63
7515,0.140575,0.78
7516,0.158571,0.91
7517,0.152742,0.93
7518,0.112731,0.48
7519,0.120364,0.5
7520,0.145892,0.77
7521,0.127402,0.47
7522,0.111907,0.49
7523,0.11348,0.99
7524,0.132265,0.77
7525,0.132862,0.64
7526,0.14417,0.91
7527,0.144383,0.63
7528,0.10934,0.35
7529,0.168211,0.9
7530,0.116851,0.7
7531,0.176048,0.97
7532,0.184676,0.94
7533,0.154197,0.93
7534,0.0974471,0.41
7535,0.107498,0.24
7536,0.121069,0.69
7537,0.285382,0.97
7538,0.123716,0.55
7539,0.107555,0.75
7540,0.150371,0.85
7541,0.122452,0.47
7542,0.105734,0.31
7543,0.196686,0.87
7544,0.152405,0.86
7545,0.163151,0.97
7546,0.130951,0.69
7547,0.13602,0.69
7548,0.133211,0.59
7549,0.147685,0.85
7550,0.104642,0.63
7551,0.157339,0.97
7552,0.162568,0.9
7553,0.163642,0.91
7554,0.142958,0.71
7555,0.100902,0.43
7556,0.10399,0.29
7557,0.12386,0.63
7558,0.124929,0.58
7559,0.107198,0.22
7560,0.158084,0.96
7561,0.102034,0.14
7562,0.115529,0.6
7563,0.146447,0.83
7564,0.180165,1
7565,0.135475,0.82
7566,0.136557,0.56
7567,0.130238,0.56
7568,0.186855,0.96
7569,0.129369,0.67
7570,0.172568,0.87
7571,0.108259,0.9
7572,0.117558,0.51
7573,0.198346,0.99
7574,0.102153,0.28
7575,0.122977,0.76
7576,0.174916,0.95
7577,0.11879,0.38
7578,0.103332,0.53
7579,0.27586,1
7580,0.123055,0.79
7581,0.168696,0.97
7582,0.128547,0.53
7583,0.109113,0.33
7584,0.160476,0.96
7585,0.131626,0.91
7586,0.153058,0.85
7587,0.102827,0.3
7588,0.172079,0.94
7589,0.215096,1
7590,0.16869,0.9
7591,0.125916,0.48
7592,0.116066,0.37
7593,0.160408,0.86
7594,0.127084,0.42
7595,0.106182,0.27
7596,0.106415,0.41
7597,0.169001,0.96
7598,0.137176,0.61
7599,0.152476,0.81
7600,0.132437,0.85
7601,0.125831,0.6
7602,0.117905,0.5
7603,0.109096,0.29
7604,0.131742,0.83
7605,0.139099,0.63
7606,0.113751,0.55
7607,0.129761,0.28
7608,0.204864,1
7609,0.138924,0.79
7610,0.119541,0.44
7611,0.123644,0.23
7612,0.158287,0.89
7613,0.198035,0.98
7614,0.131004,0.76
7615,0.196866,0.99
7616,0.120118,0.34
7617,0.166338,0.83
7618,0.258855,0.99
7619,0.16668,0.91
7620,0.188621,0.8
7621,0.264418,1
7622,0.117249,0.54
7623,0.134957,0.77
7624,0.137133,0.88
7625,0.107621,0.22
7626,0.150511,0.89
7627,0.150696,0.79
7628,0.104635,0.12
7629,0.128309,0.56
7630,0.103604,0.25
7631,0.104376,0.23
7632,0.147232,0.82
7633,0.0977269,0.2
7634,0.134627,0.7
7635,0.196203,0.98
7636,0.13298,0.79
7637,0.179456,0.97
7638,0.142483,0.76
7639,0.11742,0.56
7640,0.201442,0.9
7641,0.126831,0.63
7642,0.176981,0.84
7643,0.141251,0.83
7644,0.156378,0.85
7645,0.103641,0.97
7646,0.170858,0.98
7647,0.112523,0.54
7648,0.141318,0.87
7649,0.144928,0.89
7650,0.118086,0.57
7651,0.219917,0.97
7652,0.128605,0.62
7653,0.131501,0.73
7654,0.148714,0.86
7655,0.176628,0.95
7656,0.208985,0.94
7657,0.202142,1
7658,0.111954,0.43
7659,0.139432,0.81
7660,0.0904574,0.15
7661,0.182015,1
7662,0.107247,0.2
7663,0.104569,0.19
7664,0.12211,0.63
7665,0.113858,0.37
7666,0.109553,0.33
7667,0.12414,0.63
7668,0.193318,0.98
7669,0.152485,0.89
7670,0.10877,0.24
7671,0.096217,0.21
7672,0.14527,0.85
7673,0.198403,0.93
7674,0.121823,0.62
7675,0.168845,0.81
7676,0.1001,0.41
7677,0.118956,0.57
7678,0.11066,0.8
7679,0.138924,0.93
7680,0.157503,0.83
7681,0.161025,0.91
7682,0.162774,0.83
7683,0.157985,0.98
7684,0.115669,0.54
7685,0.138491,0.77
7686,0.12281,0.54
7687,0.138067,0.64
7688,0.123123,0.57
7689,0.128341,0.73
7690,0.163446,0.86
7691,0.175566,0.97
7692,0.163999,0.93
7693,0.196932,1
7694,0.100081,0.18
7695,0.105096,0.34
7696,0.135735,0.74
7697,0.14633,0.81
7698,0.196407,0.96
7699,0.106381,0.48
7700,0.178399,0.9
7701,0.149642,0.75
7702,0.196547,0.96
7703,0.124453,0.68
7704,0.122808,0.46
7705,0.190576,0.94
7706,0.12984,0.71
7707,0.14028,0.8
7708,0.122136,0.71
7709,0.164344,0.9
7710,0.133856,0.63
7711,0.122408,0.56
7712,0.122769,0.6
7713,0.156025,0.88
7714,0.103751,0.26
7715,0.134601,0.71
7716,0.128898,0.55
7717,0.111884,0.22
7718,0.183152,0.95
7719,0.127736,0.84
7720,0.123496,0.63
7721,0.164924,0.98
7722,0.116994,0.55
7723,0.136601,0.77
7724,0.162533,0.94
7725,0.12658,0.46
7726,0.137846,0.84
7727,0.166721,0.94
7728,0.235015,0.97
7729,0.233834,1
7730,0.1511,0.95
7731,0.2619,1
7732,0.146291,0.9
7733,0.131272,0.75
7734,0.159052,0.77
7735,0.111861,0.59
7736,0.156215,0.9
7737,0.287219,0.98
7738,0.12252,0.49
7739,0.149841,0.76
7740,0.134799,0.83
7741,0.13399,0.61
7742,0.111213,0.39
7743,0.20297,1
7744,0.115239,0.49
7745,0.205914,0.87
7746,0.103546,0.27
7747,0.142424,0.72
7748,0.104582,0.13
7749,0.150521,0.87
7750,0.136099,0.91
7751,0.117138,0.4
7752,0.210327,0.98
7753,0.131836,0.61
7754,0.178,0.85
7755,0.136476,0.82
7756,0.100748,0.21
7757,0.165276,0.95
7758,0.152048,0.85
7759,0.1097,0.96
7760,0.130027,0.85
7761,0.106219,0.21
7762,0.114362,0.53
7763,0.124338,0.72
7764,0.194811,0.9
7765,0.134545,0.58
7766,0.159908,0.93
7767,0.158972,0.82
7768,0.175978,0.87
7769,0.166211,0.85
7770,0.17841,0.95
7771,0.221624,0.92
7772,0.150239,0.8
7773,0.151872,0.92
7774,0.182261,0.96
7775,0.118058,0.25
7776,0.146368,0.88
7777,0.107545,0.18
7778,0.118716,0.49
7779,0.214241,0.99
7780,0.107371,0.23
7781,0.111351,0.29
7782,0.184321,0.85
7783,0.127019,0.68
7784,0.119365,0.27
7785,0.114092,0.47
7786,0.106072,0.22
7787,0.103685,0.27
7788,0.116088,0.55
7789,0.141199,0.7
7790,0.113754,0.43
7791,0.115365,0.19
7792,0.151784,0.83
7793,0.114952,0.5
7794,0.141808,0.73
7795,0.14899,0.79
7796,0.113327,0.53
7797,0.13573,0.62
7798,0.119336,0.55
7799,0.096084,0.1
7800,0.248788,1
7801,0.151098,0.74
7802,0.144084,0.76
7803,0.105757,0.26
7804,0.131295,0.71
7805,0.17603,0.9
7806,0.151277,0.84
7807,0.105627,0.09
7808,0.191456,0.96
7809,0.12069,0.66
7810,0.106018,0.32
7811,0.33234,0.99
7812,0.163725,0.93
7813,0.125432,0.32
7814,0.236511,0.96
7815,0.111837,0.46
7816,0.137895,0.64
7817,0.112703,0.29
7818,0.114345,0.33
7819,0.117127,0.41
7820,0.100359,0.2
7821,0.148177,0.62
7822,0.117088,0.19
7823,0.152096,0.87
7824,0.108059,0.18
7825,0.174738,0.98
7826,0.122924,0.51
7827,0.0998921,0.16
7828,0.257548,0.99
7829,0.117846,0.33
7830,0.128119,0.53
7831,0.238948,0.99
7832,0.116335,0.31
7833,0.110311,0.44
7834,0.141319,0.75
7835,0.135551,0.41
7836,0.127629,0.78
7837,0.155749,0.86
7838,0.20532,0.97
7839,0.114516,0.3
7840,0.200064,0.98
7841,0.131182,0.29
7842,0.169682,0.97
7843,0.119151,0.36
7844,0.15319,0.84
7845,0.133004,0.56
7846,0.157985,0.95
7847,0.148325,0.7
7848,0.118642,0.38
7849,0.123832,0.56
7850,0.11682,0.38
7851,0.109263,0.33
7852,0.103576,0.83
7853,0.477439,1
7854,0.173716,0.95
7855,0.190892,0.94
7856,0.106435,0.47
7857,0.20743,0.97
7858,0.144729,0.7
7859,0.148735,0.74
7860,0.149167,0.8
7861,0.112963,0.43
7862,0.104571,0.13
7863,0.134105,0.6
7864,0.117218,0.24
7865,0.148329,0.8
7866,0.125095,0.62
7867,0.133085,0.54
7868,0.0973126,0.15
7869,0.102054,0.32
7870,0.12181,0.69
7871,0.152231,0.67
7872,0.147072,0.82
7873,0.101899,0.87
7874,0.239317,0.99
7875,0.144724,0.76
7876,0.100074,0.11
7877,0.143619,0.75
7878,0.185863,0.94
7879,0.134765,0.72
7880,0.146933,0.71
7881,0.0985976,0.23
7882,0.121484,0.54
7883,0.116269,0.49
7884,0.232228,0.98
7885,0.137233,0.66
7886,0.124485,0.63
7887,0.146269,0.9
7888,0.131299,0.72
7889,0.118946,0.47
7890,0.125043,0.62
7891,0.103208,0.36
7892,0.148957,0.86
7893,0.157936,0.78
7894,0.224615,1
7895,0.183353,0.98
7896,0.149751,0.92
7897,0.138626,0.83
7898,0.103935,0.14
7899,0.106663,0.26
7900,0.104544,0.19
7901,0.134688,0.88
7902,0.132307,0.7
7903,0.111902,0.3
7904,0.269328,0.99
7905,0.12814,0.51
7906,0.11423,0.29
7907,0.141739,0.87
7908,0.198946,0.99
7909,0.112349,0.3
7910,0.149614,0.9
7911,0.131993,0.76
7912,0.140429,0.82
7913,0.127793,0.55
7914,0.109893,0.45
7915,0.0948455,0.16
7916,0.128221,0.45
7917,0.141705,0.51
7918,0.186966,0.91
7919,0.173151,0.89
7920,0.0945556,0.31
7921,0.115533,0.28
7922,0.159472,0.86
7923,0.183343,0.96
7924,0.20144,0.97
7925,0.137294,0.64
7926,0.108241,0.19
7927,0.139926,0.69
7928,0.138149,0.63
7929,0.112281,0.34
7930,0.209869,0.96
7931,0.163024,0.94
7932,0.179609,0.91
7933,0.171331,0.9
7934,0.220538,0.98
7935,0.247958,0.98
7936,0.129557,0.58
7937,0.109102,0.31
7938,0.151624,0.92
7939,0.140163,0.67
7940,0.165466,0.86
7941,0.180293,0.97
7942,0.14756,0.84
7943,0.134916,0.63
7944,0.162724,0.97
7945,0.16355,0.93
7946,0.10518,0.29
7947,0.118801,0.28
7948,0.250536,0.98
7949,0.166633,0.95
7950,0.105577,0.33
7951,0.162641,0.94
7952,0.133516,0.55
7953,0.154618,0.76
7954,0.109805,0.44
7955,0.121606,0.33
7956,0.116188,0.46
7957,0.118817,0.36
7958,0.195135,0.94
7959,0.153014,0.77
7960,0.137317,0.84
7961,0.180357,0.94
7962,0.121985,0.54
7963,0.111857,0.24
7964,0.171156,0.94
7965,0.111535,0.45
7966,0.105756,0.26
7967,0.191078,0.91
7968,0.0988437,0.17
7969,0.108515,0.43
7970,0.146727,0.73
7971,0.188435,0.97
7972,0.15749,0.82
7973,0.137724,0.51
7974,0.221281,1
7975,0.261436,0.97
7976,0.123191,0.47
7977,0.131014,0.73
7978,0.0975244,0.17
7979,0.105903,0.21
7980,0.144558,0.79
7981,0.126281,0.7
7982,0.124668,0.6
7983,0.197661,0.95
7984,0.126449,0.7
7985,0.119184,0.54
7986,0.177719,0.93
7987,0.12613,0.74
7988,0.134646,0.71
7989,0.122557,0.6
7990,0.131687,0.81
7991,0.120473,0.6
7992,0.12325,0.5
7993,0.264294,0.98
7994,0.135004,0.79
7995,0.30909,1
7996,0.192238,0.98
7997,0.152384,0.8
7998,0.0954869,0.07
7999,0.0910791,0.26
8000,0.130588,0.54
8001,0.137827,0.74
8002,0.122882,0.71
8003,0.169981,0.85
8004,0.165351,0.9
8005,0.162397,0.9
8006,0.154899,0.73
8007,0.102996,0.13
8008,0.137273,0.67
8009,0.13631,0.72
8010,0.140054,0.67
8011,0.284114,1
8012,0.210048,1
8013,0.126967,0.7
8014,0.139383,0.69
8015,0.192926,0.97
8016,0.113981,0.33
8017,0.173561,0.97
8018,0.1229,0.56
8019,0.214947,1
8020,0.150723,0.84
8021,0.107794,0.14
8022,0.34211,0.97
8023,0.104068,0.22
8024,0.107495,0.68
8025,0.171334,0.95
8026,0.121441,0.52
8027,0.147355,0.88
8028,0.176687,0.93
8029,0.125094,0.39
8030,0.285803,1
8031,0.111197,0.38
8032,0.183448,0.98
8033,0.152363,0.81
8034,0.198539,0.98
8035,0.108564,0.56
8036,0.161659,0.87
8037,0.148619,0.63
8038,0.104132,0.18
8039,0.131994,0.7
8040,0.126491,0.4
8041,0.122036,0.52
8042,0.121946,0.6
8043,0.101453,0.14
8044,0.185426,0.94
8045,0.111415,0.27
8046,0.106058,0.41
8047,0.095641,0.85
8048,0.142689,0.78
8049,0.126205,0.57
8050,0.124106,0.74
8051,0.147027,0.87
8052,0.111639,0.35
8053,0.11577,0.34
8054,0.178634,0.98
8055,0.173806,0.96
8056,0.122932,0.64
8057,0.123609,0.61
8058,0.160735,0.84
8059,0.18406,0.99
8060,0.176176,0.92
8061,0.0997637,0.1
8062,0.211359,0.94
8063,0.125318,0.57
8064,0.155728,0.88
8065,0.1833,0.97
8066,0.227026,0.98
8067,0.11264,0.31
8068,0.146505,0.77
8069,0.176217,0.96
8070,0.217752,0.96
8071,0.107462,0.12
8072,0.1302,0.73
8073,0.125175,0.36
8074,0.144357,0.83
8075,0.150326,0.85
8076,0.10555,0.41
8077,0.115176,0.3
8078,0.128645,0.39
8079,0.110069,0.32
8080,0.120272,0.48
8081,0.183248,0.9
8082,0.115692,0.58
8083,0.202427,0.99
8084,0.177241,0.91
8085,0.147551,0.88
8086,0.172908,0.97
8087,0.173296,0.97
8088,0.267887,0.97
8089,0.138492,0.78
8090,0.107422,0.17
8091,0.123812,0.65
8092,0.115615,0.42
8093,0.121905,0.27
8094,0.189229,0.97
8095,0.149789,0.83
8096,0.134654,0.63
8097,0.120853,0.68
8098,0.127493,0.71
8099,0.160575,0.9
8100,0.175135,0.93
8101,0.812076,1
8102,0.118362,0.76
8103,0.125228,0.43
8104,0.124007,0.6
8105,0.119544,0.48
8106,0.107989,0.23
8107,0.104207,0.05
8108,0.16285,0.94
8109,0.17134,0.99
8110,0.108236,0.32
8111,0.0975894,0.36
8112,0.147531,0.81
8113,0.183205,0.99
8114,0.137273,0.68
8115,0.131393,0.67
8116,0.128575,0.62
8117,0.132984,0.75
8118,0.159677,0.89
8119,0.108004,0.33
8120,0.145998,0.81
8121,0.108553,0.33
8122,0.11381,0.4
8123,0.102568,0.22
8124,0.122776,0.55
8125,0.161487,0.91
8126,0.13976,0.69
8127,0.115073,0.35
8128,0.109356,0.32
8129,0.235584,0.99
8130,0.10542,0.26
8131,0.163454,0.9
8132,0.117414,0.77
8133,0.18965,0.89
8134,0.149756,0.81
8135,0.117816,0.53
8136,0.146886,0.9
8137,0.114184,0.27
8138,0.0966641,0.23
8139,0.13068,0.46
8140,0.159502,0.95
8141,0.175469,0.98
8142,0.176128,0.94
8143,0.180485,0.97
8144,0.10638,0.27
8145,0.114681,0.25
8146,0.119139,0.45
8147,0.319508,1
8148,0.105627,0.27
8149,0.131396,0.8
8150,0.158437,0.81
8151,0.110848,0.18
8152,0.106693,0.2
8153,0.107022,0.38
8154,0.127906,0.66
8155,0.4003,1
8156,0.217274,0.97
8157,0.126918,0.64
8158,0.113749,0.41
8159,0.150671,0.74
8160,0.144148,0.89
8161,0.16754,0.95
8162,0.135041,0.83
8163,0.141531,0.88
8164,0.149521,0.78
8165,0.232966,0.98
8166,0.140926,0.77
8167,0.107164,0.4
8168,0.177555,0.9
8169,0.111474,0.26
8170,0.118387,0.51
8171,0.231865,0.99
8172,0.140533,0.77
8173,0.104711,0.2
8174,0.163335,0.77
8175,0.327656,0.99
8176,0.120508,0.64
8177,0.122557,0.53
8178,0.149542,0.78
8179,0.182595,0.97
8180,0.110005,0.37
8181,0.137569,0.69
8182,0.15557,0.89
8183,0.109778,0.32
8184,0.126129,0.65
8185,0.116099,0.49
8186,0.106766,0.24
8187,0.139393,0.75
8188,0.157503,0.93
8189,0.204528,0.92
8190,0.143855,0.74
8191,0.134855,0.57
8192,0.125925,0.72
8193,0.178424,0.88
8194,0.153687,0.71
8195,0.171138,0.94
8196,0.171574,0.92
8197,0.193887,0.98
8198,0.178806,0.88
8199,0.108784,0.26
8200,0.136473,0.72
8201,0.118594,0.45
8202,0.198672,0.99
8203,0.262505,0.97
8204,0.215059,0.99
8205,0.0988438,0.31
8206,0.111537,0.36
8207,0.129864,0.47
8208,0.0967949,0.24
8209,0.161992,0.88
8210,0.192968,0.84
8211,0.155738,0.85
8212,0.134784,0.75
8213,0.123536,0.48
8214,0.132732,0.62
8215,0.123865,0.36
8216,0.188707,0.94
8217,0.134436,0.61
8218,0.114864,0.52
8219,0.111073,0.47
8220,0.249319,0.99
8221,0.139806,0.65
8222,0.112751,0.29
8223,0.269818,1
8224,0.198485,0.84
8225,0.123982,0.3
8226,0.197057,0.98
8227,0.097441,0.22
8228,0.138252,0.8
8229,0.181978,0.89
8230,0.10437,0.34
8231,0.163414,0.92
8232,0.200765,0.99
8233,0.137589,0.5
8234,0.126274,0.73
8235,0.133777,0.58
8236,0.148794,0.93
8237,0.134747,0.66
8238,0.165665,0.82
8239,0.14836,0.74
8240,0.12952,0.76
8241,0.137481,0.95
8242,0.14528,0.69
8243,0.166834,0.95
8244,0.175365,0.93
8245,0.164459,0.94
8246,0.113,0.33
8247,0.0961961,0.18
8248,0.109365,0.56
8249,0.133523,0.59
8250,0.118589,0.41
8251,0.178885,0.81
8252,0.189334,0.99
8253,0.141098,0.75
8254,0.107158,0.2
8255,0.128954,0.65
8256,0.104351,0.37
8257,0.128528,0.56
8258,0.155664,0.9
8259,0.1074,0.2
8260,0.193501,0.86
8261,0.116709,0.38
8262,0.149741,0.72
8263,0.165906,0.87
8264,0.16241,0.9
8265,0.147085,0.81
8266,0.14339,0.6
8267,0.182614,0.94
8268,0.184306,0.97
8269,0.163745,0.72
8270,0.183686,0.86
8271,0.111594,0.43
8272,0.117557,0.41
8273,0.10691,0.29
8274,0.109515,0.24
8275,0.125129,0.44
8276,0.156777,0.83
8277,0.144528,0.76
8278,0.145085,0.77
8279,0.164034,0.94
8280,0.258495,1
8281,0.166995,0.97
8282,0.204773,0.98
8283,0.141706,0.72
8284,0.184935,0.96
8285,0.114257,0.49
8286,0.138876,0.88
8287,0.149362,0.67
8288,0.16362,0.87
8289,0.192259,0.96
8290,0.165018,0.89
8291,0.102914,0.18
8292,0.220048,0.98
8293,0.155439,0.86
8294,0.117882,0.55
8295,0.183675,0.96
8296,0.120285,0.8
8297,0.166441,0.93
8298,0.138756,0.66
8299,0.138976,0.77
8300,0.139859,0.79
8301,0.138533,0.65
8302,0.135897,0.65
8303,0.109271,0.21
8304,0.175463,0.97
8305,0.0965191,0.12
8306,0.0989588,0.14
8307,0.0962802,0.09
8308,0.14328,0.65
8309,0.11098,0.41
8310,0.116755,0.42
8311,0.172618,0.88
8312,0.154083,0.87
8313,0.108728,0.34
8314,0.149642,0.66
8315,0.202589,1
8316,0.149236,0.92
8317,0.203677,1
8318,0.216577,1
8319,0.100534,0.14
8320,0.114557,0.41
8321,0.173258,0.82
8322,0.12195,0.6
8323,0.0968601,0.29
8324,0.124768,0.67
8325,0.162706,0.86
8326,0.161951,0.8
8327,0.108586,0.31
8328,0.257379,0.98
8329,0.14643,0.67
8330,0.152979,0.87
8331,0.155977,0.88
8332,0.112619,0.41
8333,0.185641,0.98
8334,0.182923,0.96
8335,0.124867,0.39
8336,0.185296,0.83
8337,0.14128,0.72
8338,0.113266,0.37
8339,0.0994728,0.29
8340,0.137272,0.73
8341,0.239408,1
8342,0.137147,0.75
8343,0.108737,0.6
8344,0.210915,0.97
8345,0.178612,0.93
8346,0.13261,0.52
8347,0.166101,0.72
8348,0.100948,0.23
8349,0.179582,0.87
8350,0.134364,0.72
8351,0.160039,0.87
8352,0.256052,1
8353,0.167007,0.9
8354,0.163923,0.9
8355,0.107046,0.35
8356,0.123364,0.53
8357,0.160075,0.93
8358,0.118993,0.63
8359,0.193101,1
8360,0.147069,0.84
8361,0.115172,0.45
8362,0.119514,0.66
8363,0.137226,0.76
8364,0.105334,0.16
8365,0.0981213,0.85
8366,0.174322,0.91
8367,0.198933,0.93
8368,0.174004,0.98
8369,0.141624,0.8
8370,0.198978,0.96
8371,0.127609,0.89
8372,0.114127,0.4
8373,0.207432,0.97
8374,0.212922,1
8375,0.167828,0.96
8376,0.130173,0.47
8377,0.248206,1
8378,0.152831,0.7
8379,0.110906,0.25
8380,0.146032,0.89
8381,0.121052,0.52
8382,0.140876,0.89
8383,0.143357,0.57
8384,0.117322,0.47
8385,0.113527,0.57
8386,0.164503,0.77
8387,0.271714,1
8388,0.172301,0.93
8389,0.10785,0.57
8390,0.181154,0.96
8391,0.110569,0.36
8392,0.104516,0.37
8393,0.143219,0.71
8394,0.142986,0.82
8395,0.0938674,0.57
8396,0.257195,1
8397,0.117729,0.53
8398,0.198183,0.98
8399,0.173565,1
8400,0.113722,0.43
8401,0.48752,1
8402,0.134219,0.79
8403,0.10578,0.33
8404,0.117178,0.43
8405,0.148982,0.66
8406,0.116893,0.47
8407,0.160919,0.82
8408,0.109539,0.51
8409,0.204854,0.85
8410,0.0999233,0.34
8411,0.114528,0.41
8412,0.211081,0.97
8413,0.120388,0.52
8414,0.109097,0.21
8415,0.132652,0.84
8416,0.10298,0.22
8417,0.105385,0.41
8418,0.13028,0.8
8419,0.237986,0.99
8420,0.165838,0.94
8421,0.113638,0.45
8422,0.124403,0.61
8423,0.183176,0.99
8424,0.157253,0.84
8425,0.135832,0.77
8426,0.129555,0.57
8427,0.120487,0.47
8428,0.169602,0.99
8429,0.106994,0.12
8430,0.186496,0.93
8431,0.158027,0.85
8432,0.124496,0.65
8433,0.120489,0.6
8434,0.200077,0.93
8435,0.164533,0.85
8436,0.173094,0.83
8437,0.111049,0.49
8438,0.130346,0.58
8439,0.37422,0.99
8440,0.211288,0.86
8441,0.128751,0.49
8442,0.169137,0.9
8443,0.147478,0.83
8444,0.285218,0.99
8445,0.116952,0.45
8446,0.176884,0.94
8447,0.137681,0.79
8448,0.188039,0.98
8449,0.128297,0.63
8450,0.13476,0.63
8451,0.166027,0.9
8452,0.107422,0.21
8453,0.141737,0.79
8454,0.140161,0.8
8455,0.189655,1
8456,0.130557,0.57
8457,0.116782,0.42
8458,0.19475,0.99
8459,0.116467,0.65
8460,0.146599,0.86
8461,0.213859,0.98
8462,0.120915,0.67
8463,0.104683,0.31
8464,0.133418,0.78
8465,0.127984,0.5
8466,0.212238,1
8467,0.19131,0.8
8468,0.194414,0.94
8469,0.152985,0.87
8470,0.169029,0.82
8471,0.146645,0.75
8472,0.108973,0.24
8473,0.181866,0.84
8474,0.123293,0.26
8475,0.211117,0.98
8476,0.119643,0.3
8477,0.138235,0.79
8478,0.133378,0.6
8479,0.184299,1
8480,0.117751,0.36
8481,0.231084,1
8482,0.149081,0.72
8483,0.151682,0.76
8484,0.148173,0.82
8485,0.119438,0.63
8486,0.132432,0.82
8487,0.111636,0.52
8488,0.132564,0.69
8489,0.498793,1
8490,0.112249,0.45
8491,0.236017,0.95
8492,0.211116,0.97
8493,0.129617,0.68
8494,0.128745,0.68
8495,0.137308,0.65
8496,0.106062,0.15
8497,0.181189,0.96
8498,0.169323,0.86
8499,0.192533,0.95
8500,0.164023,0.85
8501,0.115138,0.4
8502,0.142105,0.6
8503,0.178548,0.88
8504,0.158908,0.7
8505,0.132211,0.7
8506,0.13983,0.83
8507,0.0986426,0.1
8508,0.102243,0.28
8509,0.109207,0.16
8510,0.120152,0.68
8511,0.166228,0.89
8512,0.121442,0.58
8513,0.218754,0.98
8514,0.188797,0.94
8515,0.124691,0.4
8516,0.131184,0.6
8517,0.141588,0.72
8518,0.097513,0.13
8519,0.147276,0.76
8520,0.13965,0.72
8521,0.142988,0.83
8522,0.170727,0.83
8523,0.145762,0.93
8524,0.181901,0.97
8525,0.156281,0.88
8526,0.118667,0.48
8527,0.135511,0.71
8528,0.123609,0.48
8529,0.417099,1
8530,0.245592,0.99
8531,0.188641,0.96
8532,0.103464,0.17
8533,0.187931,0.92
8534,0.120416,0.46
8535,0.132019,0.61
8536,0.118031,0.48
8537,0.161094,0.72
8538,0.175233,0.96
8539,0.107552,0.19
8540,0.132318,0.79
8541,0.120213,0.5
8542,0.222831,1
8543,0.157233,0.94
8544,0.115636,0.38
8545,0.198595,0.95
8546,0.133393,0.51
8547,0.120128,0.56
8548,0.118997,0.56
8549,0.102263,0.24
8550,0.156906,0.96
8551,0.150722,0.81
8552,0.129242,0.78
8553,0.132284,0.63
8554,0.132676,0.63
8555,0.182655,0.94
8556,0.122141,0.6
8557,0.125318,0.59
8558,0.169683,0.95
8559,0.411094,1
8560,0.142825,0.83
8561,0.194258,0.98
8562,0.206911,0.96
8563,0.176764,0.9
8564,0.168067,0.82
8565,0.179714,0.99
8566,0.147662,0.9
8567,0.209107,0.99
8568,0.105658,0.14
8569,0.148149,0.78
8570,0.200353,0.98
8571,0.172587,0.95
8572,0.144366,0.83
8573,0.0982178,0.35
8574,0.108959,0.15
8575,0.137365,0.7
8576,0.112269,0.31
8577,0.107428,0.3
8578,0.129979,0.71
8579,0.139039,0.69
8580,0.225031,0.94
8581,0.158863,0.81
8582,0.163082,0.98
8583,0.145615,0.72
8584,0.116402,0.35
8585,0.12491,0.57
8586,0.131363,0.62
8587,0.147423,0.71
8588,0.140704,0.73
8589,0.122812,0.46
8590,0.126854,0.83
8591,0.113636,0.69
8592,0.228369,0.99
8593,0.169916,0.98
8594,0.158316,0.97
8595,0.186773,0.89
8596,0.133389,0.73
8597,0.15158,0.69
8598,0.175067,1
8599,0.185183,0.97
8600,0.15327,0.95
8601,0.125586,0.62
8602,0.194815,1
8603,0.124644,0.55
8604,0.116178,0.56
8605,0.173314,0.93
8606,0.11743,0.42
8607,0.12798,0.52
8608,0.120277,0.57
8609,0.160015,0.85
8610,0.134653,0.52
8611,0.100396,0.65
8612,0.222632,0.98
8613,0.167329,0.87
8614,0.231816,0.99
8615,0.112259,0.54
8616,0.11071,0.38
8617,0.1176,0.58
8618,0.143354,0.66
8619,0.0960098,0.28
8620,0.104687,0.24
8621,0.566434,1
8622,0.110734,0.38
8623,0.165168,0.94
8624,0.155797,0.95
8625,0.169163,0.94
8626,0.156165,0.89
8627,0.101042,0.2
8628,0.203899,0.98
8629,0.153772,0.84
8630,0.302494,1
8631,0.136081,0.45
8632,0.210396,1
8633,0.216129,0.95
8634,0.193886,0.94
8635,0.13071,0.69
8636,0.199123,0.99
8637,0.184021,0.97
8638,0.131745,0.58
8639,0.24984,0.98
8640,0.140632,0.87
8641,0.139813,0.88
8642,0.100809,0.15
8643,0.176608,0.93
8644,0.154517,0.92
8645,0.141167,0.62
8646,0.148556,0.94
8647,0.104779,1
8648,0.209813,1
8649,0.135622,0.72
8650,0.146235,0.84
8651,0.162471,0.91
8652,0.124053,0.65
8653,0.109738,0.31
8654,0.116964,0.54
8655,0.127734,0.59
8656,0.108696,0.17
8657,0.110231,0.31
8658,0.199428,0.9
8659,0.10403,0.1
8660,0.163527,0.94
8661,0.122338,0.59
8662,0.154842,0.86
8663,0.13011,0.93
8664,0.161592,0.97
8665,0.195963,0.86
8666,0.21993,1
8667,0.127373,0.61
8668,0.142279,0.67
8669,0.133981,0.47
8670,0.104936,0.21
8671,0.136703,0.69
8672,0.124849,0.43
8673,0.213366,0.94
8674,0.10449,0.15
8675,0.129462,0.59
8676,0.141624,0.87
8677,0.116059,0.4
8678,0.142862,0.71
8679,0.156853,0.92
8680,0.125059,0.38
8681,0.164647,0.76
8682,0.103299,0.2
8683,0.152828,0.91
8684,0.125756,0.56
8685,0.107952,0.14
8686,0.101665,0.33
8687,0.199515,1
8688,0.146769,0.79
8689,0.160693,0.94
8690,0.134819,0.71
8691,0.185296,0.94
8692,0.145585,0.8
8693,0.144696,0.73
8694,0.1024,0.36
8695,0.104556,0.49
8696,0.108257,0.34
8697,0.128787,0.63
8698,0.11262,0.3
8699,0.142373,0.81
8700,0.200814,1
8701,0.159871,0.93
8702,0.134983,0.72
8703,0.155432,0.97
8704,0.134725,0.69
8705,0.133256,0.9
8706,0.209894,0.95
8707,0.112363,0.25
8708,0.100991,0.17
8709,0.221405,0.96
8710,0.113022,0.26
8711,0.117419,0.55
8712,0.161122,0.88
8713,0.163479,0.88
8714,0.242943,0.99
8715,0.10995,0.31
8716,0.120148,0.45
8717,0.115139,0.34
8718,0.135144,0.63
8719,0.122292,0.58
8720,0.130189,0.45
8721,0.142568,0.81
8722,0.129153,0.83
8723,0.231151,0.99
8724,0.10345,0.47
8725,0.149962,0.65
8726,0.216385,0.9
8727,0.162153,0.91
8728,0.208945,1
8729,0.164221,0.95
8730,0.194135,0.91
8731,0.200543,0.94
8732,0.1288,0.68
8733,0.174568,0.97
8734,0.150304,0.91
8735,0.101479,0.32
8736,0.131584,0.59
8737,0.112462,0.21
8738,0.303417,1
8739,0.133972,0.67
8740,0.105311,0.19
8741,0.108199,0.36
8742,0.116555,0.29
8743,0.110178,0.46
8744,0.133941,0.6
8745,0.144058,0.73
8746,0.153308,0.85
8747,0.11565,0.3
8748,0.25396,1
8749,0.130634,0.54
8750,0.150811,0.88
8751,0.125491,0.62
8752,0.0902002,0.37
8753,0.109959,0.59
8754,0.30225,1
8755,0.213011,1
8756,0.121003,0.35
8757,0.159002,0.83
8758,0.139284,0.82
8759,0.165043,0.88
8760,0.148789,0.75
8761,0.0915247,0.09
8762,0.119414,0.59
8763,0.139568,0.66
8764,0.173043,0.98
8765,0.231744,0.94
8766,0.179065,0.99
8767,0.150312,0.95
8768,0.131546,0.79
8769,0.141794,0.82
8770,0.129762,0.47
8771,0.175811,0.96
8772,0.117792,0.97
8773,0.174154,1
8774,0.13804,0.78
8775,0.113642,0.38
8776,0.122429,0.76
8777,0.137255,0.79
8778,0.142373,0.89
8779,0.152259,0.79
8780,0.126218,0.43
8781,0.121284,0.57
8782,0.193704,0.97
8783,0.176247,0.91
8784,0.244975,0.97
8785,0.15813,0.94
8786,0.101991,0.5
8787,0.136716,0.85
8788,0.160122,0.78
8789,0.110807,0.48
8790,0.191166,0.95
8791,0.170722,0.87
8792,0.221711,0.9
8793,0.173806,0.96
8794,0.10908,0.22
8795,0.147545,0.98
8796,0.249088,1
8797,0.180253,0.93
8798,0.179281,0.91
8799,0.169462,0.89
8800,0.130096,0.53
8801,0.133094,0.84
8802,0.163049,0.87
8803,0.163772,0.96
8804,0.151731,0.93
8805,0.167118,0.89
8806,0.112199,0.42
8807,0.214748,0.97
8808,0.146623,0.78
8809,0.136439,0.74
8810,0.121985,0.65
8811,0.222435,0.99
8812,0.103755,0.17
8813,0.10646,0.15
8814,0.113749,0.46
8815,0.163743,0.91
8816,0.15259,0.56
8817,0.157836,0.89
8818,0.108626,0.3
8819,0.173849,0.99
8820,0.131491,0.74
8821,0.134782,0.73
8822,0.197221,1
8823,0.131144,0.45
8824,0.174733,0.9
8825,0.145281,0.82
8826,0.136583,0.49
8827,0.129797,0.67
8828,0.132538,0.71
8829,0.153342,0.92
8830,0.203932,0.99
8831,0.129264,0.76
8832,0.187413,0.9
8833,0.135344,0.55
8834,0.119021,0.43
8835,0.133055,0.87
8836,0.191952,0.98
8837,0.115821,0.56
8838,0.135193,0.74
8839,0.126363,0.51
8840,0.114324,0.4
8841,0.243933,0.97
8842,0.141108,0.79
8843,0.148194,0.87
8844,0.230202,0.93
8845,0.191472,0.92
8846,0.120626,0.5
8847,0.135826,0.49
8848,0.0968125,0.17
8849,0.0957622,0.16
8850,0.155951,0.93
8851,0.117659,0.5
8852,0.11433,0.34
8853,0.106954,0.31
8854,0.131446,0.7
8855,0.1067,0.23
8856,0.121561,0.38
8857,0.0965312,0.57
8858,0.203007,0.93
8859,0.154323,0.86
8860,0.119396,0.72
8861,0.133131,0.71
8862,0.188621,0.99
8863,0.109819,0.41
8864,0.11062,0.19
8865,0.170104,0.98
8866,0.171686,0.95
8867,0.136487,0.87
8868,0.133208,0.71
8869,0.172404,0.97
8870,0.142558,0.86
8871,0.223588,0.98
8872,0.148997,0.76
8873,0.167031,0.86
8874,0.128208,0.45
8875,0.153536,0.8
8876,0.121589,0.57
8877,0.202308,1
8878,0.184271,0.96
8879,0.294811,0.98
8880,0.159833,0.88
8881,0.111971,0.33
8882,0.157508,0.98
8883,0.179685,0.98
8884,0.123331,0.4
8885,0.15638,0.9
8886,0.125946,0.67
8887,0.173466,0.95
8888,0.11146,0.2
8889,0.148269,0.85
8890,0.132449,0.82
8891,0.169404,0.91
8892,0.10448,0.31
8893,0.255786,0.98
8894,0.123995,0.54
8895,0.155649,0.74
8896,0.124409,0.52
8897,0.158419,0.82
8898,0.179129,0.98
8899,0.109046,0.45
8900,0.102166,0.21
8901,0.134135,0.73
8902,0.190284,0.98
8903,0.149405,0.75
8904,0.133144,0.77
8905,0.182979,0.92
8906,0.0944194,0.16
8907,0.105336,0.31
8908,0.10844,0.22
8909,0.123792,0.69
8910,0.117858,0.57
8911,0.132584,0.67
8912,0.130988,0.68
8913,0.111297,0.33
8914,0.118523,0.43
8915,0.145995,0.87
8916,0.199169,0.98
8917,0.116233,0.49
8918,0.138778,0.84
8919,0.244258,0.97
8920,0.107875,0.42
8921,0.150935,0.83
8922,0.105885,0.15
8923,0.121851,0.44
8924,0.169172,0.96
8925,0.120463,0.61
8926,0.155061,0.87
8927,0.173078,0.92
8928,0.11393,0.3
8929,0.15599,0.79
8930,0.177812,0.95
8931,0.100524,0.34
8932,0.145138,0.67
8933,0.25994,0.99
8934,0.208102,1
8935,0.16288,0.87
8936,0.17232,0.9
8937,0.234694,0.99
8938,0.171788,0.94
8939,0.13927,0.72
8940,0.126929,0.54
8941,0.122028,0.48
8942,0.30236,0.99
8943,0.295164,0.99
8944,0.120784,0.46
8945,0.0930754,0.5
8946,0.130196,0.78
8947,0.164975,0.85
8948,0.158181,0.85
8949,0.120353,0.55
8950,0.200786,0.99
8951,0.129926,0.74
8952,0.107051,0.28
8953,0.135639,0.7
8954,0.151673,0.88
8955,0.124613,0.69
8956,0.135883,0.69
8957,0.149854,0.76
8958,0.112854,0.47
8959,0.141008,0.73
8960,0.166025,0.95
8961,0.11304,0.34
8962,0.205905,0.97
8963,0.153704,0.91
8964,0.112533,0.37
8965,0.239228,1
8966,0.141464,0.87
8967,0.127221,0.53
8968,0.156036,0.9
8969,0.198153,0.91
8970,0.116541,0.42
8971,0.307387,0.99
8972,0.16019,0.95
8973,0.141706,0.7
8974,0.144818,0.66
8975,0.204728,0.96
8976,0.157475,0.8
8977,0.143022,0.66
8978,0.141776,0.7
8979,0.236656,0.99
8980,0.106714,0.42
8981,0.299998,0.99
8982,0.123556,0.43
8983,0.113362,0.51
8984,0.131229,0.59
8985,0.148164,0.9
8986,0.143832,0.81
8987,0.239776,1
8988,0.111773,0.27
8989,0.182839,0.97
8990,0.208199,0.95
8991,0.135347,0.72
8992,0.139164,0.84
8993,0.102529,0.27
8994,0.160616,0.73
8995,0.128861,0.58
8996,0.168897,0.96
8997,0.100112,0.11
8998,0.106484,0.29
8999,0.190057,0.93
9000,0.121068,0.27
9001,0.124287,0.57
9002,0.198289,0.98
9003,0.119027,0.47
9004,0.138021,0.74
9005,0.145186,0.91
9006,0.136245,0.68
9007,0.146586,0.82
9008,0.11251,0.25
9009,0.112995,0.54
9010,0.125845,0.72
9011,0.103979,0.38
9012,0.141692,0.88
9013,0.148227,0.89
9014,0.181375,0.92
9015,0.094145,0.15
9016,0.149751,0.73
9017,0.208649,0.98
9018,0.15521,0.88
9019,0.121689,0.21
9020,0.0940097,0.14
9021,0.1358,0.75
9022,0.127068,0.75
9023,0.232011,1
9024,0.225243,0.99
9025,0.222673,1
9026,0.212616,0.93
9027,0.10812,0.42
9028,0.138043,0.7
9029,0.175652,0.95
9030,0.109151,0.67
9031,0.144264,0.77
9032,0.149799,0.92
9033,0.0989684,0.17
9034,0.238556,0.93
9035,0.124774,0.45
9036,0.112267,0.44
9037,0.108,0.33
9038,0.164081,0.92
9039,0.153647,0.73
9040,0.142793,0.84
9041,0.13824,0.67
9042,0.101963,0.07
9043,0.20155,0.98
9044,0.146616,0.74
9045,0.0973816,0.76
9046,0.141325,0.84
9047,0.153681,0.89
9048,0.111814,0.35
9049,0.213236,0.99
9050,0.178718,0.95
9051,0.112467,0.54
9052,0.133985,0.66
9053,0.120247,0.43
9054,0.113969,0.41
9055,0.119648,0.52
9056,0.128696,0.44
9057,0.180753,0.95
9058,0.114842,0.41
9059,0.183193,0.96
9060,0.219982,1
9061,0.175211,0.93
9062,0.214423,0.98
9063,0.382892,1
9064,0.115059,0.35
9065,0.103282,0.41
9066,0.157216,0.9
9067,0.177226,0.95
9068,0.135084,0.74
9069,0.115458,0.33
9070,0.133484,0.59
9071,0.0911992,0.09
9072,0.154045,0.94
9073,0.105365,0.25
9074,0.22997,1
9075,0.184639,0.85
9076,0.166032,0.88
9077,0.174467,0.97
9078,0.123489,0.61
9079,0.160105,0.78
9080,0.0995681,0.29
9081,0.120344,0.52
9082,0.160103,0.86
9083,0.128636,0.43
9084,0.121459,0.51
9085,0.162207,0.86
9086,0.159271,0.92
9087,0.196049,0.98
9088,0.127399,0.91
9089,0.118655,0.29
9090,0.332485,1
9091,0.235733,0.99
9092,0.171113,0.95
9093,0.175201,0.88
9094,0.276589,1
9095,0.144997,0.52
9096,0.116339,0.45
9097,0.116635,0.48
9098,0.135332,0.6
9099,0.160023,0.76
9100,0.110426,0.31
9101,0.134751,0.49
9102,0.136357,0.52
9103,0.128646,0.68
9104,0.117201,0.42
9105,0.130667,0.57
9106,0.116883,0.35
9107,0.287587,1
9108,0.159193,0.98
9109,0.111306,0.24
9110,0.135069,0.61
9111,0.123655,0.61
9112,0.161529,0.94
9113,0.139849,0.49
9114,0.243685,0.99
9115,0.118962,0.55
9116,0.205235,0.97
9117,0.134902,0.66
9118,0.119302,0.62
9119,0.181941,0.77
9120,0.113923,0.2
9121,0.106503,0.17
9122,0.143435,0.81
9123,0.116171,0.5
9124,0.324313,1
9125,0.234766,0.92
9126,0.13307,0.74
9127,0.159373,0.81
9128,0.210811,1
9129,0.111929,0.27
9130,0.141243,0.88
9131,0.187045,1
9132,0.249094,1
9133,0.138105,0.9
9134,0.157625,0.72
9135,0.169223,0.93
9136,0.114333,0.46
9137,0.103368,0.22
9138,0.118004,0.42
9139,0.120862,0.6
9140,0.099645,0.13
9141,0.158619,0.82
9142,0.190371,0.96
9143,0.189181,0.97
9144,0.157078,0.9
9145,0.153431,0.82
9146,0.110347,0.31
9147,0.12945,0.61
9148,0.142367,0.74
9149,0.178393,0.89
9150,0.140951,0.51
9151,0.112166,0.41
9152,0.099042,0.38
9153,0.150296,0.78
9154,0.121918,0.49
9155,0.223444,1
9156,0.0994093,0.18
9157,0.10751,0.27
9158,0.15825,0.92
9159,0.118712,0.52
9160,0.113592,0.48
9161,0.102333,0.21
9162,0.143622,0.77
9163,0.151603,0.76
9164,0.121296,0.71
9165,0.153237,0.92
9166,0.126575,0.67
9167,0.140455,0.55
9168,0.102261,0.19
9169,0.165617,0.99
9170,0.11333,0.48
9171,0.127339,0.33
9172,0.145082,0.75
9173,0.132769,0.85
9174,0.108651,0.43
9175,0.208458,0.95
9176,0.170112,0.88
9177,0.107967,0.16
9178,0.117665,0.56
9179,0.125164,0.45
9180,0.215419,0.99
9181,0.162869,0.89
9182,0.152031,0.72
9183,0.177283,0.94
9184,0.135454,0.79
9185,0.178758,0.98
9186,0.133018,0.66
9187,0.243885,1
9188,0.117958,0.46
9189,0.120717,0.46
9190,0.127093,0.51
9191,0.163271,0.93
9192,0.149152,0.83
9193,0.120979,0.45
9194,0.151433,0.85
9195,0.0986589,0.19
9196,0.10914,0.31
9197,0.103321,0.17
9198,0.154314,0.85
9199,0.174968,0.89
9200,0.168444,0.94
9201,0.121706,0.31
9202,0.151198,0.79
9203,0.131375,0.59
9204,0.138655,0.64
9205,0.139944,0.7
9206,0.273819,0.97
9207,0.18697,0.95
9208,0.116353,0.18
9209,0.470152,1
9210,0.141945,0.85
9211,0.105796,0.2
9212,0.145893,0.59
9213,0.131805,0.41
9214,0.13975,0.65
9215,0.189478,0.96
9216,0.107522,0.35
9217,0.180769,0.95
9218,0.13247,0.54
9219,0.190923,0.89
9220,0.135937,0.71
9221,0.148704,0.8
9222,0.180409,0.92
9223,0.13432,0.82
9224,0.188811,0.98
9225,0.138108,0.73
9226,0.150659,0.76
9227,0.114641,0.39
9228,0.204756,0.89
9229,0.118432,0.5
9230,0.137144,0.69
9231,0.110437,0.39
9232,0.169633,0.88
9233,0.127553,0.67
9234,0.145052,0.77
9235,0.204379,0.97
9236,0.201067,0.99
9237,0.102763,0.19
9238,0.118401,0.33
9239,0.125143,0.57
9240,0.117123,0.5
9241,0.116978,0.52
9242,0.120566,0.57
9243,0.14606,0.76
9244,0.111126,0.36
9245,0.158708,0.9
9246,0.169207,1
9247,0.152778,0.78
9248,0.110069,0.4
9249,0.131912,0.71
9250,0.248499,0.99
9251,0.150605,0.92
9252,0.111198,0.32
9253,0.240619,0.97
9254,0.159499,0.91
9255,0.152282,0.76
9256,0.183347,0.91
9257,0.103846,0.1
9258,0.154015,0.85
9259,0.110016,0.4
9260,0.163101,0.92
9261,0.145653,0.74
9262,0.181269,0.98
9263,0.1407,0.59
9264,0.14262,0.88
9265,0.177144,0.97
9266,0.155629,0.81
9267,0.14021,0.79
9268,0.127237,0.56
9269,0.133552,0.72
9270,0.234676,1
9271,0.143727,0.83
9272,0.307364,0.99
9273,0.111138,0.59
9274,0.150398,0.76
9275,0.0980798,0.24
9276,0.174217,0.89
9277,0.118796,0.36
9278,0.127166,0.58
9279,0.174994,0.92
9280,0.158434,0.95
9281,0.116056,0.62
9282,0.135552,0.76
9283,0.175407,0.99
9284,0.14158,0.66
9285,0.158637,0.96
9286,0.2054,0.99
9287,0.138107,0.64
9288,0.105704,0.57
9289,0.143603,0.78
9290,0.242254,0.97
9291,0.116182,0.46
9292,0.117134,0.62
9293,0.24581,0.99
9294,0.0974622,0.34
9295,0.107159,0.31
9296,0.121537,0.58
9297,0.159747,0.84
9298,0.190521,0.93
9299,0.114765,0.34
9300,0.136673,0.49
9301,0.173938,0.92
9302,0.176748,0.95
9303,0.134132,0.8
9304,0.159465,0.81
9305,0.161349,0.82
9306,0.184394,0.92
9307,0.129582,0.59
9308,0.149973,0.84
9309,0.136763,0.76
9310,0.126354,0.5
9311,0.138065,0.86
9312,0.122176,0.57
9313,0.155555,0.7
9314,0.0997003,0.23
9315,0.124187,0.76
9316,0.134555,0.8
9317,0.104925,0.27
9318,0.13475,0.59
9319,0.106429,0.35
9320,0.162722,0.92
9321,0.20628,0.95
9322,0.134689,0.62
9323,0.132387,0.41
9324,0.190342,0.97
9325,0.106176,0.23
9326,0.1449,0.58
9327,0.140838,0.87
9328,0.115853,0.36
9329,0.134016,0.55
9330,0.118314,0.36
9331,0.114867,0.27
9332,0.128134,0.62
9333,0.0975643,0.3
9334,0.0994003,0.45
9335,0.109622,0.39
9336,0.176634,0.97
9337,0.202732,0.99
9338,0.219846,0.99
9339,0.13638,0.53
9340,0.162942,0.91
9341,0.111533,0.26
9342,0.112998,0.54
9343,0.137458,0.64
9344,0.120338,0.32
9345,0.124071,0.51
9346,0.117873,0.36
9347,0.129005,0.72
9348,0.115684,0.7
9349,0.144281,0.73
9350,0.205347,0.98
9351,0.157769,0.87
9352,0.136925,0.7
9353,0.170678,0.92
9354,0.114718,0.31
9355,0.131166,0.77
9356,0.138425,0.71
9357,0.134121,0.71
9358,0.185561,0.97
9359,0.187139,0.97
9360,0.111287,0.31
9361,0.134824,0.79
9362,0.143338,0.83
9363,0.103102,0.45
9364,0.225095,0.92
9365,0.128111,0.65
9366,0.111049,0.19
9367,0.325912,0.97
9368,0.150669,0.84
9369,0.152909,0.87
9370,0.144897,0.55
9371,0.194836,0.99
9372,0.14156,0.89
9373,0.152329,0.86
9374,0.180106,0.9
9375,0.127312,0.8
9376,0.140417,0.76
9377,0.116118,0.86
9378,0.122299,0.5
9379,0.220983,1
9380,0.197568,0.94
9381,0.248978,0.99
9382,0.133413,0.69
9383,0.142152,0.74
9384,0.237683,0.97
9385,0.128681,0.57
9386,0.166145,0.94
9387,0.121549,0.52
9388,0.166002,0.97
9389,0.133362,0.78
9390,0.205673,1
9391,0.237889,1
9392,0.15937,0.81
9393,0.10952,0.19
9394,0.184161,0.97
9395,0.226217,1
9396,0.116666,0.63
9397,0.10782,0.25
9398,0.144519,0.86
9399,0.208158,1
9400,0.16161,0.96
9401,0.183016,0.98
9402,0.175808,0.93
9403,0.113093,0.54
9404,0.17285,0.98
9405,0.142001,0.71
9406,0.194576,0.92
9407,0.190105,0.97
9408,0.112484,0.37
9409,0.175537,1
9410,0.127692,0.78
9411,0.132688,0.53
9412,0.158969,0.87
9413,0.205984,0.98
9414,0.112539,0.26
9415,0.131981,0.42
9416,0.173867,0.92
9417,0.100821,0.17
9418,0.226796,1
9419,0.138305,0.84
9420,0.130931,0.53
9421,0.111146,0.31
9422,0.118311,0.51
9423,0.111686,0.54
9424,0.120349,0.52
9425,0.129108,0.55
9426,0.231514,0.97
9427,0.190811,0.88
9428,0.128582,0.67
9429,0.130889,0.63
9430,0.161373,0.83
9431,0.160903,0.83
9432,0.178874,0.86
9433,0.115783,0.24
9434,0.0976186,0.12
9435,0.109868,0.49
9436,0.136287,0.75
9437,0.197927,0.99
9438,0.114758,0.46
9439,0.151565,0.98
9440,0.193044,0.97
9441,0.233632,0.9
9442,0.151807,0.82
9443,0.103546,0.26
9444,0.190161,0.98
9445,0.156325,0.75
9446,0.163062,0.89
9447,0.105743,0.24
9448,0.116785,0.53
9449,0.154581,0.89
9450,0.141491,0.78
9451,0.163676,0.87
9452,0.100956,0.13
9453,0.234289,0.99
9454,0.192983,0.96
9455,0.180275,0.95
9456,0.161554,0.97
9457,0.172209,0.79
9458,0.0949171,0.19
9459,0.179389,0.95
9460,0.187593,0.98
9461,0.126395,0.5
9462,0.146689,0.86
9463,0.119971,0.52
9464,0.168474,0.88
9465,0.116906,0.46
9466,0.164637,0.98
9467,0.173995,0.89
9468,0.142864,0.8
9469,0.113776,0.24
9470,0.134232,0.77
9471,0.130138,0.79
9472,0.115639,0.48
9473,0.129734,0.3
9474,0.121653,0.64
9475,0.105045,0.54
9476,0.103825,0.17
9477,0.145516,0.76
9478,0.260748,0.98
9479,0.102367,0.17
9480,0.12473,0.37
9481,0.130199,0.62
9482,0.135016,0.75
9483,0.129853,0.71
9484,0.150145,0.63
9485,0.24397,0.95
9486,0.100007,0.19
9487,0.183091,0.98
9488,0.131863,0.51
9489,0.108648,0.47
9490,0.166854,0.84
9491,0.184991,0.95
9492,0.136325,0.7
9493,0.107541,0.17
9494,0.239144,0.99
9495,0.118243,0.57
9496,0.209391,1
9497,0.152842,0.93
9498,0.140618,0.73
9499,0.109012,0.38
9500,0.136586,0.86
9501,0.126122,0.49
9502,0.1412,0.88
9503,0.117116,0.45
9504,0.112412,0.18
9505,0.830498,1
9506,0.272575,0.96
9507,0.12345,0.47
9508,0.117899,0.36
9509,0.187599,0.98
9510,0.194588,0.94
9511,0.161617,0.82
9512,0.124477,0.57
9513,0.137911,0.71
9514,0.111807,0.37
9515,0.170456,0.88
9516,0.197002,1
9517,0.20438,0.98
9518,0.207306,0.91
9519,0.159193,0.9
9520,0.21653,0.89
9521,0.510405,1
9522,0.111331,0.47
9523,0.256606,0.97
9524,0.134162,0.64
9525,0.174213,0.99
9526,0.116491,0.42
9527,0.104939,0.25
9528,0.149492,0.83
9529,0.111726,0.22
9530,0.14723,0.82
9531,0.148166,0.75
9532,0.106023,0.41
9533,0.274438,0.99
9534,0.111073,0.47
9535,0.284066,0.99
9536,0.146682,0.79
9537,0.116724,0.45
9538,0.130816,0.73
9539,0.226745,0.94
9540,0.155552,0.91
9541,0.144524,0.71
9542,0.118086,0.5
9543,0.172384,0.93
9544,0.272505,0.99
9545,0.227127,0.98
9546,0.112038,0.37
9547,0.148484,0.95
9548,0.157526,0.93
9549,0.118477,0.39
9550,0.111401,0.26
9551,0.13478,0.47
9552,0.125733,0.6
9553,0.1522,0.81
9554,0.154746,0.88
9555,0.136446,0.77
9556,0.189222,0.99
9557,0.127369,0.52
9558,0.157216,0.85
9559,0.117182,0.37
9560,0.271373,1
9561,0.154086,0.83
9562,0.138947,0.74
9563,0.116385,0.34
9564,0.10518,0.89
9565,0.112229,0.53
9566,0.127347,0.7
9567,0.120931,0.38
9568,0.192708,0.96
9569,0.209199,0.9
9570,0.0965862,0.1
9571,0.118023,0.5
9572,0.139266,0.88
9573,0.172295,0.92
9574,0.194762,1
9575,0.24587,0.96
9576,0.112748,0.14
9577,0.21244,0.98
9578,0.167007,0.94
9579,0.112026,0.41
9580,0.143783,0.82
9581,0.164908,0.94
9582,0.204382,1
9583,0.128231,0.51
9584,0.118832,0.49
9585,0.202347,0.91
9586,0.184243,0.97
9587,0.143881,0.82
9588,0.156043,0.8
9589,0.123251,0.61
9590,0.102942,0.15
9591,0.243028,0.97
9592,0.146286,0.82
9593,0.19045,0.9
9594,0.114249,0.35
9595,0.110653,0.44
9596,0.150772,0.9
9597,0.300841,1
9598,0.170528,0.89
9599,0.179275,0.92
9600,0.132515,0.78
9601,0.107721,0.3
9602,0.159947,0.9
9603,0.119756,0.31
9604,0.314141,0.99
9605,0.111789,0.43
9606,0.184638,0.99
9607,0.142098,0.65
9608,0.167136,0.9
9609,0.139133,0.71
9610,0.104233,0.22
9611,0.317087,0.99
9612,0.178835,0.82
9613,0.292298,1
9614,0.33697,0.98
9615,0.144152,0.73
9616,0.115445,0.48
9617,0.181137,0.76
9618,0.199787,0.98
9619,0.127219,0.42
9620,0.100746,0.6
9621,0.142311,0.64
9622,0.11237,0.3
9623,0.262713,0.98
9624,0.196184,0.97
9625,0.12963,0.68
9626,0.153314,0.89
9627,0.132645,0.72
9628,0.132574,0.8
9629,0.130847,0.71
9630,0.168514,0.84
9631,0.156245,0.88
9632,0.125453,0.65
9633,0.185447,0.95
9634,0.112325,0.41
9635,0.207125,0.95
9636,0.218093,0.95
9637,0.135191,0.74
9638,0.133319,0.75
9639,0.22809,0.99
9640,0.122156,0.71
9641,0.11509,0.68
9642,0.142959,0.78
9643,0.118012,0.33
9644,0.162072,0.91
9645,0.154953,0.88
9646,0.127942,0.63
9647,0.142431,0.76
9648,0.145176,0.83
9649,0.167692,0.86
9650,0.0990238,0.25
9651,0.122614,0.8
9652,0.193776,0.98
9653,0.216866,0.9
9654,0.158526,0.96
9655,0.106905,0.35
9656,0.206151,0.96
9657,0.105672,0.23
9658,0.135905,0.81
9659,0.142109,0.68
9660,0.110847,0.39
9661,0.157984,0.81
9662,0.19995,0.92
9663,0.153236,0.79
9664,0.136263,0.66
9665,0.172625,0.72
9666,0.106903,0.18
9667,0.130614,0.63
9668,0.133341,0.21
9669,0.160362,0.93
9670,0.108713,0.43
9671,0.165151,0.82
9672,0.0958506,0.41
9673,0.226389,0.98
9674,0.272229,0.98
9675,0.21811,0.99
9676,0.183425,0.99
9677,0.120191,0.38
9678,0.128738,0.94
9679,0.1646,0.57
9680,0.156573,0.95
9681,0.127867,0.64
9682,0.103899,0.42
9683,0.0929566,0.16
9684,0.129723,0.76
9685,0.110877,0.44
9686,0.138491,0.81
9687,0.11936,0.35
9688,0.206386,0.95
9689,0.0928467,0.15
9690,0.11747,0.32
9691,0.182706,0.89
9692,0.141467,0.89
9693,0.508258,0.98
9694,0.151441,0.89
9695,0.164067,0.94
9696,0.206736,0.97
9697,0.134081,0.67
9698,0.149641,0.62
9699,0.112263,0.25
9700,0.144188,0.77
9701,0.0989156,0.28
9702,0.136711,0.72
9703,0.141581,0.78
9704,0.13987,0.76
9705,0.117622,0.49
9706,0.160348,0.89
9707,0.121935,0.68
9708,0.159601,0.94
9709,0.111107,0.45
9710,0.231363,0.99
9711,0.1657,0.95
9712,0.203448,0.98
9713,0.214318,0.99
9714,0.198873,0.97
9715,0.129976,0.6
9716,0.112849,0.7
9717,0.164822,0.85
9718,0.173067,0.96
9719,0.116364,0.58
9720,0.226799,0.98
9721,0.112271,0.35
9722,0.118066,0.58
9723,0.204292,0.97
9724,0.108231,0.37
9725,0.113384,0.47
9726,0.11325,0.26
9727,0.14788,0.77
9728,0.12072,0.58
9729,0.174035,0.97
9730,0.227464,0.9
9731,0.113445,0.51
9732,0.195333,0.9
9733,0.214855,1
9734,0.242311,1
9735,0.173631,0.92
9736,0.15986,0.9
9737,0.111846,0.32
9738,0.191258,0.94
9739,0.194421,0.97
9740,0.133749,0.86
9741,0.132487,0.68
9742,0.182096,0.97
9743,0.245018,0.99
9744,0.0978482,0.15
9745,0.109232,0.43
9746,0.103317,0.18
9747,0.130051,0.71
9748,0.168738,0.94
9749,0.150919,0.84
9750,0.111584,0.59
9751,0.169614,0.9
9752,0.0912942,0.1
9753,0.114496,0.53
9754,0.141107,0.43
9755,0.125601,0.55
9756,0.158539,0.94
9757,0.139562,0.77
9758,0.157684,0.93
9759,0.128197,0.65
9760,0.185935,0.98
9761,0.117087,0.58
9762,0.230145,1
9763,0.134511,0.66
9764,0.113326,0.49
9765,0.1355,0.73
9766,0.158367,0.93
9767,0.141641,0.53
9768,0.100053,0.45
9769,0.113545,0.23
9770,0.130177,0.4
9771,0.252586,1
9772,0.173049,0.82
9773,0.170862,0.93
9774,0.111528,0.45
9775,0.281888,0.98
9776,0.182753,0.97
9777,0.163994,0.96
9778,0.17658,0.87
9779,0.124007,0.75
9780,0.18042,0.99
9781,0.135792,0.62
9782,0.111262,0.64
9783,0.153716,0.93
9784,0.16452,0.92
9785,0.161363,0.85
9786,0.112273,0.22
9787,0.165053,0.87
9788,0.139292,0.78
9789,0.133392,0.87
9790,0.1355,0.67
9791,0.125024,0.62
9792,0.155458,0.9
9793,0.149224,0.78
9794,0.237785,0.97
9795,0.208771,0.95
9796,0.134602,0.62
9797,0.122824,0.41
9798,0.0995465,0.15
9799,0.0966717,0.23
9800,0.144849,0.79
9801,0.118272,0.69
9802,0.114466,0.45
9803,0.137792,0.78
9804,0.264107,0.99
9805,0.109186,0.27
9806,0.148011,0.8
9807,0.115281,0.57
9808,0.123769,0.63
9809,0.147543,0.87
9810,0.137876,0.66
9811,0.169586,0.96
9812,0.148733,0.85
9813,0.204298,0.97
9814,0.118202,0.4
9815,0.154482,0.64
9816,0.106233,0.25
9817,0.146417,0.77
9818,0.137816,0.71
9819,0.138004,0.72
9820,0.122615,0.52
9821,0.178479,0.95
9822,0.123755,0.54
9823,0.121847,0.41
9824,0.221782,1
9825,0.327387,1
9826,0.114419,0.4
9827,0.15327,0.95
9828,0.137369,0.75
9829,0.115767,0.43
9830,0.130415,0.73
9831,0.227709,0.99
9832,0.107944,0.22
9833,0.158406,0.79
9834,0.116529,0.32
9835,0.14758,0.85
9836,0.108679,0.39
9837,0.117852,0.4
9838,0.172289,0.95
9839,0.112838,0.22
9840,0.198113,0.88
9841,0.203334,0.96
9842,0.149866,0.82
9843,0.128575,0.59
9844,0.191735,0.93
9845,0.107699,0.71
9846,0.108916,0.45
9847,0.131529,0.75
9848,0.110411,0.45
9849,0.165704,0.91
9850,0.147773,0.94
9851,0.12394,0.52
9852,0.2747,0.98
9853,0.113086,0.4
9854,0.173191,0.92
9855,0.147228,0.75
9856,0.296604,0.99
9857,0.113473,0.3
9858,0.234832,0.95
9859,0.270791,0.95
9860,0.113307,0.49
9861,0.173,0.97
9862,0.192358,0.92
9863,0.118038,0.56
9864,0.163084,0.93
9865,0.203152,0.99
9866,0.113198,0.33
9867,0.103043,0.16
9868,0.336143,1
9869,0.143455,0.67
9870,0.138645,0.75
9871,0.165055,0.94
9872,0.141029,0.73
9873,0.10023,0.22
9874,0.117959,0.54
9875,0.172036,0.94
9876,0.142531,0.78
9877,0.138506,0.89
9878,0.121948,0.68
9879,0.223129,1
9880,0.127002,0.42
9881,0.104111,0.2
9882,0.114726,0.28
9883,0.137589,0.83
9884,0.177655,0.92
9885,0.179548,0.98
9886,0.102151,0.45
9887,0.122475,0.67
9888,0.132983,0.65
9889,0.112173,0.44
9890,0.125033,0.67
9891,0.141329,0.74
9892,0.162985,0.92
9893,0.11143,0.25
9894,0.162428,0.9
9895,0.145165,0.94
9896,0.134292,0.65
9897,0.115495,0.42
9898,0.170674,0.92
9899,0.114229,0.33
9900,0.114972,0.58
9901,0.142243,0.72
9902,0.133458,0.7
9903,0.166569,0.92
9904,0.152528,0.81
9905,0.189525,1
9906,0.131662,0.86
9907,0.173263,0.98
9908,0.146136,0.86
9909,0.13841,0.73
9910,0.108706,0.45
9911,0.108538,0.42
9912,0.137265,0.7
9913,0.12331,0.47
9914,0.107307,0.43
9915,0.153503,0.68
9916,0.134062,0.66
9917,0.112571,0.3
9918,0.129275,0.61
9919,0.17196,0.95
9920,0.200963,0.97
9921,0.195045,0.74
9922,0.120586,0.34
9923,0.137033,0.87
9924,0.172604,0.88
9925,0.17287,0.96
9926,0.141986,0.86
9927,0.130804,0.58
9928,0.1505,0.92
9929,0.128295,0.65
9930,0.112552,0.61
9931,0.157132,0.88
9932,0.119899,0.62
9933,0.131055,0.65
9934,0.373455,1
9935,0.242116,1
9936,0.183748,0.98
9937,0.149891,0.73
9938,0.200949,0.99
9939,0.12806,0.57
9940,0.0987485,0.21
9941,0.127968,0.7
9942,0.241006,1
9943,0.138499,0.61
9944,0.118861,0.47
9945,0.105841,0.16
9946,0.205786,0.99
9947,0.144543,0.73
9948,0.1609,0.97
9949,0.127599,0.51
9950,0.208678,0.99
9951,0.1798,0.98
9952,0.191735,0.93
9953,0.142073,0.92
9954,0.173844,0.97
9955,0.133194,0.74
9956,0.197118,0.98
9957,0.152257,0.8
9958,0.206083,0.96
9959,0.100881,0.56
9960,0.143398,0.8
9961,0.171315,0.98
9962,0.11738,0.37
9963,0.122846,0.49
9964,0.25194,1
9965,0.134453,0.71
9966,0.124432,0.4
9967,0.112546,0.4
9968,0.127141,0.65
9969,0.105135,0.32
9970,0.180672,0.78
9971,0.12416,0.32
9972,0.182374,0.92
9973,0.148642,0.7
9974,0.145893,0.84
9975,0.149998,0.92
9976,0.145359,0.73
9977,0.155329,0.96
9978,0.166749,0.97
9979,0.167011,0.92
9980,0.248445,1
9981,0.19003,0.96
9982,0.167298,0.9
9983,0.181596,1
9984,0.158257,0.98
9985,0.161331,0.91
9986,0.169596,0.86
9987,0.172375,0.86
9988,0.116158,0.47
9989,0.144496,0.92
9990,0.129045,0.63
9991,0.127677,0.75
9992,0.140016,0.8
9993,0.176104,0.91
9994,0.165709,0.99
9995,0.126668,0.41
9996,0.145245,0.75
9997,0.159665,0.93
9998,0.104357,0.23
9999,0.136973,0.73
