QueryID,EF,Latency(ns),Recall
0,100,463667,0.85
1,100,543513,0.8
2,100,477590,0.88
3,100,516860,0.8
4,100,511846,0.92
5,100,602423,0.87
6,100,572949,0.79
7,100,557003,0.97
8,100,482649,0.96
9,100,582497,0.76
10,100,499366,0.91
11,100,638947,0.67
12,100,510315,0.84
13,100,497246,0.98
14,100,489096,0.98
15,100,548549,0.78
16,100,363199,0.99
17,100,539583,0.95
18,100,511116,0.99
19,100,542687,0.5
20,100,476355,0.95
21,100,377247,0.89
22,100,481825,0.95
23,100,466503,1
24,100,560908,0.87
25,100,558848,0.81
26,100,563873,0.93
27,100,576590,0.96
28,100,577231,0.72
29,100,481110,0.92
30,100,529890,0.97
31,100,520841,0.57
32,100,428863,0.95
33,100,516679,0.97
34,100,448662,0.96
35,100,437652,0.99
36,100,539135,0.67
37,100,470625,0.96
38,100,495829,0.95
39,100,360483,1
40,100,459988,0.99
41,100,376039,0.99
42,100,433922,1
43,100,457487,0.97
44,100,536688,0.91
45,100,505755,0.95
46,100,395257,0.98
47,100,501013,0.87
48,100,368468,1
49,100,380123,0.92
50,100,425906,0.98
51,100,513960,0.83
52,100,478862,0.86
53,100,589401,0.8
54,100,572353,0.94
55,100,518111,0.95
56,100,601100,0.65
57,100,365135,1
58,100,500707,0.97
59,100,429334,0.97
60,100,496809,0.93
61,100,444745,0.95
62,100,517465,0.89
63,100,480253,0.87
64,100,578440,0.39
65,100,528461,0.92
66,100,598962,1
67,100,542295,0.85
68,100,538788,0.84
69,100,515090,0.96
70,100,815518,0.7
71,100,421494,0.93
72,100,530297,0.88
73,100,462962,0.99
74,100,448141,0.8
75,100,410443,0.99
76,100,557978,0.87
77,100,451041,0.99
78,100,486951,0.95
79,100,495109,0.91
80,100,545508,0.71
81,100,442907,0.98
82,100,475661,0.97
83,100,535522,0.84
84,100,526021,0.85
85,100,463423,0.99
86,100,360330,0.96
87,100,592647,0.77
88,100,507168,0.85
89,100,364966,0.69
90,100,473700,0.98
91,100,511570,0.87
92,100,497683,0.95
93,100,366160,1
94,100,333679,1
95,100,489852,0.88
96,100,507959,0.88
97,100,454635,0.97
98,100,534284,0.88
99,100,450438,0.96
100,100,410837,1
101,100,518233,0.88
102,100,467144,1
103,100,503711,0.79
104,100,484448,0.87
105,100,529086,0.91
106,100,512028,0.99
107,100,424747,0.98
108,100,472137,0.97
109,100,517878,0.91
110,100,506166,0.88
111,100,399152,0.83
112,100,461991,0.89
113,100,482004,0.96
114,100,541759,0.76
115,100,693523,0.89
116,100,466018,0.84
117,100,490567,0.96
118,100,727961,0.66
119,100,341493,0.89
120,100,514605,0.97
121,100,467948,0.98
122,100,435719,0.81
123,100,428040,0.98
124,100,477148,0.95
125,100,484747,0.96
126,100,572410,0.71
127,100,495484,0.98
128,100,351726,0.87
129,100,501054,0.87
130,100,476281,0.99
131,100,522762,0.7
132,100,379894,0.99
133,100,377689,1
134,100,433562,0.99
135,100,495840,0.95
136,100,420938,0.95
137,100,356892,0.73
138,100,467445,1
139,100,478378,0.96
140,100,521634,0.65
141,100,411725,0.95
142,100,545172,0.66
143,100,369106,1
144,100,441164,0.97
145,100,369461,1
146,100,532861,0.92
147,100,498670,0.84
148,100,493026,0.53
149,100,449776,0.97
150,100,539787,0.85
151,100,372209,0.68
152,100,469164,0.95
153,100,475529,0.95
154,100,383338,0.97
155,100,492681,0.94
156,100,418650,0.93
157,100,505644,0.81
158,100,410646,1
159,100,532278,0.86
160,100,442035,0.76
161,100,545535,0.89
162,100,490185,0.83
163,100,463794,0.91
164,100,479880,0.96
165,100,463194,0.96
166,100,495409,0.88
167,100,436828,0.98
168,100,511387,0.87
169,100,375240,0.98
170,100,536637,0.88
171,100,453118,1
172,100,495262,0.82
173,100,491585,0.93
174,100,473911,0.83
175,100,516601,0.88
176,100,504534,0.89
177,100,560320,0.5
178,100,477349,0.77
179,100,503087,0.82
180,100,608792,0.55
181,100,492506,0.94
182,100,519014,0.91
183,100,547912,0.79
184,100,468519,0.99
185,100,523497,0.87
186,100,350245,0.99
187,100,275771,0.99
188,100,390872,0.99
189,100,494503,0.95
190,100,467257,0.89
191,100,509736,0.83
192,100,482817,0.98
193,100,394885,0.97
194,100,473366,0.89
195,100,548067,0.6
196,100,271734,0.99
197,100,375164,0.9
198,100,322820,1
199,100,410493,0.98
200,100,398391,1
201,100,405845,1
202,100,454403,0.95
203,100,408611,0.98
204,100,437498,0.98
205,100,388154,1
206,100,489450,0.8
207,100,513428,0.96
208,100,548208,0.51
209,100,371765,1
210,100,362589,0.98
211,100,439556,0.99
212,100,415463,0.99
213,100,562467,0.76
214,100,440324,0.97
215,100,496086,0.94
216,100,399835,0.78
217,100,535493,0.81
218,100,430008,0.99
219,100,378870,0.8
220,100,603717,0.74
221,100,490250,0.94
222,100,460826,0.99
223,100,356226,0.96
224,100,598310,0.7
225,100,491213,0.85
226,100,426200,1
227,100,556121,0.91
228,100,591244,0.68
229,100,527221,0.52
230,100,544969,0.81
231,100,471163,0.92
232,100,470147,0.94
233,100,425423,1
234,100,602226,0.59
235,100,526886,0.86
236,100,427743,0.93
237,100,421963,0.99
238,100,512786,0.91
239,100,549779,0.87
240,100,377535,0.98
241,100,476915,0.94
242,100,458360,0.97
243,100,525362,0.99
244,100,577983,0.83
245,100,565416,0.47
246,100,418691,1
247,100,505905,0.95
248,100,446317,0.95
249,100,390581,0.99
250,100,343911,0.98
251,100,355258,0.61
252,100,428848,0.95
253,100,395268,1
254,100,512122,0.87
255,100,465246,0.77
256,100,430384,1
257,100,457718,0.96
258,100,534075,0.87
259,100,400116,0.98
260,100,476225,0.94
261,100,416431,0.94
262,100,280232,1
263,100,500092,0.94
264,100,417421,1
265,100,521581,0.68
266,100,566889,0.71
267,100,461760,0.85
268,100,463710,0.94
269,100,548408,0.84
270,100,433097,0.98
271,100,546709,0.87
272,100,447755,0.89
273,100,457968,0.88
274,100,396340,1
275,100,531039,0.57
276,100,474932,0.92
277,100,409385,0.99
278,100,474230,0.98
279,100,557090,0.77
280,100,527912,0.83
281,100,497532,0.94
282,100,500414,0.96
283,100,531310,0.97
284,100,525244,0.9
285,100,392031,0.81
286,100,548146,0.85
287,100,568339,0.76
288,100,523296,0.9
289,100,466105,0.95
290,100,302081,0.91
291,100,548536,0.62
292,100,457670,0.95
293,100,429687,0.97
294,100,448601,0.94
295,100,438043,0.99
296,100,358197,1
297,100,405110,0.85
298,100,386667,0.77
299,100,450895,0.99
300,100,375757,0.99
301,100,473822,0.93
302,100,500809,0.97
303,100,380164,1
304,100,564404,0.95
305,100,368913,0.99
306,100,518131,0.67
307,100,449006,0.97
308,100,502140,0.95
309,100,477427,0.97
310,100,560522,0.64
311,100,480870,0.94
312,100,483842,0.92
313,100,549486,0.56
314,100,464765,0.96
315,100,416527,0.89
316,100,515932,0.96
317,100,379281,0.97
318,100,351406,0.98
319,100,362828,1
320,100,457535,0.99
321,100,439959,1
322,100,448958,0.96
323,100,468270,0.96
324,100,586206,0.72
325,100,401346,0.99
326,100,453624,0.96
327,100,395136,0.97
328,100,529856,0.98
329,100,550686,0.55
330,100,431928,0.95
331,100,403837,0.93
332,100,513730,0.83
333,100,444012,0.99
334,100,509411,0.95
335,100,506319,0.95
336,100,413659,0.82
337,100,558825,0.64
338,100,398501,0.98
339,100,550636,0.95
340,100,450295,0.93
341,100,432840,0.94
342,100,521713,0.67
343,100,546328,0.89
344,100,509057,0.98
345,100,571065,0.53
346,100,511431,0.77
347,100,495673,0.68
348,100,565243,0.69
349,100,339907,0.98
350,100,548060,0.74
351,100,411567,0.97
352,100,530947,0.87
353,100,382404,1
354,100,443254,0.98
355,100,501082,0.95
356,100,355720,0.99
357,100,453641,0.97
358,100,450728,0.99
359,100,492938,0.93
360,100,335591,1
361,100,515696,0.92
362,100,349175,0.98
363,100,466661,0.98
364,100,513111,0.91
365,100,509693,0.96
366,100,504245,0.82
367,100,488759,0.96
368,100,454072,0.89
369,100,441186,0.98
370,100,483634,0.68
371,100,582891,0.73
372,100,463145,0.82
373,100,558911,0.89
374,100,491618,0.97
375,100,468211,1
376,100,464552,0.97
377,100,573325,0.72
378,100,539316,0.49
379,100,379185,0.98
380,100,578557,0.67
381,100,403976,0.99
382,100,359146,0.83
383,100,357431,0.9
384,100,488320,1
385,100,387206,1
386,100,530629,0.85
387,100,585594,0.67
388,100,577303,0.74
389,100,492446,0.89
390,100,317556,1
391,100,500567,0.85
392,100,496244,0.83
393,100,514439,0.78
394,100,359209,1
395,100,565744,0.88
396,100,563281,0.9
397,100,586759,0.72
398,100,570201,0.96
399,100,618123,0.68
400,100,470710,0.98
401,100,477803,0.92
402,100,473277,0.94
403,100,451586,0.99
404,100,415687,1
405,100,608141,0.49
406,100,518303,0.78
407,100,487488,0.97
408,100,445795,1
409,100,426266,1
410,100,370339,1
411,100,441764,1
412,100,466256,0.96
413,100,440437,0.95
414,100,446273,1
415,100,322877,1
416,100,383784,0.98
417,100,596684,0.95
418,100,425075,0.62
419,100,533116,0.85
420,100,568798,0.93
421,100,401164,0.94
422,100,392715,0.97
423,100,405861,0.94
424,100,432225,0.95
425,100,432157,0.96
426,100,493638,0.65
427,100,526149,0.78
428,100,323094,0.98
429,100,477182,0.97
430,100,468460,0.94
431,100,435524,0.96
432,100,488633,0.93
433,100,409882,1
434,100,385088,0.97
435,100,490471,0.94
436,100,426848,0.92
437,100,457638,0.96
438,100,461919,0.96
439,100,554630,0.67
440,100,426743,0.97
441,100,502151,0.67
442,100,518252,0.74
443,100,493459,0.92
444,100,449522,0.91
445,100,430963,0.86
446,100,483506,0.93
447,100,559721,0.7
448,100,399597,0.98
449,100,487387,0.95
450,100,538853,0.68
451,100,539511,0.78
452,100,597731,0.21
453,100,611219,0.82
454,100,453724,0.96
455,100,430962,0.95
456,100,448431,0.99
457,100,491994,0.74
458,100,498177,0.93
459,100,496610,0.96
460,100,478779,0.7
461,100,494990,0.9
462,100,497279,0.96
463,100,524656,0.93
464,100,439678,0.96
465,100,486163,0.93
466,100,483314,0.99
467,100,378926,1
468,100,535170,0.91
469,100,501127,0.92
470,100,466976,0.92
471,100,508184,0.82
472,100,479079,0.51
473,100,541099,0.62
474,100,454814,0.97
475,100,547143,0.43
476,100,410961,0.98
477,100,431178,0.97
478,100,444897,0.97
479,100,545815,0.68
480,100,438689,0.93
481,100,468013,0.95
482,100,401469,0.98
483,100,447747,0.89
484,100,454487,0.99
485,100,334743,0.95
486,100,560972,0.78
487,100,494733,0.88
488,100,400446,0.7
489,100,430393,0.78
490,100,463670,0.97
491,100,371829,1
492,100,359931,1
493,100,424508,0.91
494,100,514605,0.8
495,100,546281,0.8
496,100,508111,0.91
497,100,459369,0.9
498,100,573247,0.81
499,100,476524,0.96
500,100,384324,0.88
501,100,550829,0.64
502,100,363378,0.97
503,100,472464,0.98
504,100,539521,0.65
505,100,495985,0.9
506,100,447563,0.97
507,100,474745,0.46
508,100,524470,0.85
509,100,497017,0.54
510,100,472777,0.89
511,100,513860,0.86
512,100,393163,0.97
513,100,508535,0.94
514,100,402473,0.77
515,100,573358,0.77
516,100,467731,0.98
517,100,469203,0.64
518,100,383988,0.96
519,100,512192,0.85
520,100,526753,0.87
521,100,420748,1
522,100,504819,0.94
523,100,392008,0.99
524,100,469402,0.98
525,100,431540,0.89
526,100,456187,0.97
527,100,558527,0.81
528,100,409525,0.99
529,100,377048,0.97
530,100,481955,0.65
531,100,651713,0.54
532,100,485684,0.91
533,100,511163,0.88
534,100,524779,0.8
535,100,563797,0.86
536,100,516169,0.82
537,100,530399,0.89
538,100,420216,0.92
539,100,560844,0.74
540,100,472389,0.79
541,100,466598,0.92
542,100,357367,0.99
543,100,416477,1
544,100,520369,0.84
545,100,543326,0.88
546,100,273932,1
547,100,514138,0.85
548,100,422943,0.79
549,100,424270,0.94
550,100,302737,0.93
551,100,363224,0.99
552,100,420572,0.95
553,100,484050,0.72
554,100,449589,0.96
555,100,488463,0.89
556,100,534043,0.75
557,100,506262,0.89
558,100,356597,0.97
559,100,547002,0.91
560,100,513264,0.92
561,100,517402,0.85
562,100,524102,0.72
563,100,470664,0.9
564,100,440773,0.94
565,100,484211,0.64
566,100,497877,0.78
567,100,510462,0.79
568,100,470935,0.97
569,100,538459,0.79
570,100,415548,0.94
571,100,438243,0.98
572,100,446904,0.92
573,100,471270,0.93
574,100,476639,0.88
575,100,281872,1
576,100,589594,0.69
577,100,546023,0.86
578,100,458644,0.87
579,100,516437,0.33
580,100,519548,0.61
581,100,587799,0.75
582,100,412776,0.91
583,100,536431,0.92
584,100,431460,0.95
585,100,507341,0.82
586,100,473725,0.94
587,100,437345,0.75
588,100,393541,1
589,100,486144,0.89
590,100,465456,0.88
591,100,435955,0.88
592,100,524514,0.82
593,100,479843,0.89
594,100,485320,0.86
595,100,350304,0.99
596,100,516793,0.75
597,100,597619,0.93
598,100,482410,0.79
599,100,475584,0.85
600,100,589675,0.62
601,100,492288,0.66
602,100,592171,0.71
603,100,473719,0.87
604,100,491434,0.93
605,100,467696,0.91
606,100,496515,0.97
607,100,489014,0.72
608,100,422004,0.88
609,100,396598,0.92
610,100,462551,0.89
611,100,444246,0.9
612,100,442468,0.95
613,100,416103,0.97
614,100,564957,0.77
615,100,513117,0.75
616,100,529475,0.8
617,100,436541,0.97
618,100,496238,0.78
619,100,517905,0.68
620,100,447531,0.97
621,100,421087,0.94
622,100,483587,0.72
623,100,509025,0.9
624,100,489452,0.87
625,100,381499,1
626,100,529935,0.73
627,100,378088,0.98
628,100,443218,0.9
629,100,448345,0.93
630,100,454173,0.85
631,100,584778,0.83
632,100,410533,0.99
633,100,482727,0.8
634,100,338786,0.99
635,100,403298,0.86
636,100,539104,0.68
637,100,452404,0.98
638,100,528080,0.71
639,100,468575,0.74
640,100,475729,0.86
641,100,545296,0.76
642,100,408495,0.94
643,100,415793,0.84
644,100,418403,0.96
645,100,470146,0.89
646,100,552351,0.87
647,100,468522,0.94
648,100,413894,0.94
649,100,483191,0.95
650,100,458721,0.89
651,100,478466,0.83
652,100,355796,0.99
653,100,404580,0.99
654,100,517929,0.7
655,100,501746,0.78
656,100,506298,0.66
657,100,321993,1
658,100,532638,0.84
659,100,565623,0.77
660,100,465226,0.87
661,100,485917,0.87
662,100,501995,0.71
663,100,562099,0.77
664,100,533784,0.63
665,100,457349,0.97
666,100,504948,0.91
667,100,513831,0.88
668,100,494258,0.8
669,100,425131,1
670,100,555502,0.57
671,100,461034,0.93
672,100,579904,0.59
673,100,487260,0.71
674,100,601376,0.48
675,100,593105,0.57
676,100,466460,0.82
677,100,482442,0.47
678,100,349767,0.98
679,100,485546,0.76
680,100,484537,0.81
681,100,381500,0.91
682,100,632887,0.95
683,100,431740,0.99
684,100,474536,0.84
685,100,322365,0.96
686,100,474180,0.93
687,100,401088,0.56
688,100,466180,0.94
689,100,472283,0.99
690,100,510256,0.76
691,100,419961,0.75
692,100,337711,1
693,100,495295,0.87
694,100,575177,0.72
695,100,264175,1
696,100,541922,0.71
697,100,511031,0.92
698,100,425720,0.95
699,100,396429,0.94
700,100,621669,0.5
701,100,428826,0.97
702,100,508817,0.88
703,100,537050,0.95
704,100,490647,0.92
705,100,522283,0.81
706,100,569023,0.56
707,100,404990,0.45
708,100,427699,0.99
709,100,465995,0.86
710,100,475667,0.55
711,100,407038,0.73
712,100,566764,0.85
713,100,361436,0.96
714,100,442005,0.9
715,100,560736,0.85
716,100,466268,0.98
717,100,371819,0.84
718,100,528164,0.69
719,100,338945,0.98
720,100,462524,0.96
721,100,436919,1
722,100,571175,0.44
723,100,352432,0.96
724,100,364687,0.89
725,100,564601,0.85
726,100,477754,0.99
727,100,568331,0.78
728,100,448406,0.96
729,100,545580,0.82
730,100,472286,0.99
731,100,449124,1
732,100,429017,0.96
733,100,359571,0.88
734,100,558631,0.56
735,100,470423,0.95
736,100,333618,1
737,100,482185,0.91
738,100,481486,0.63
739,100,572311,0.76
740,100,393995,0.94
741,100,461130,0.94
742,100,470412,0.76
743,100,492811,0.9
744,100,500797,0.85
745,100,380200,0.92
746,100,444840,0.93
747,100,500172,0.91
748,100,360962,0.84
749,100,366389,1
750,100,464858,0.88
751,100,448009,1
752,100,401646,0.81
753,100,470116,0.95
754,100,470783,0.75
755,100,411063,0.98
756,100,492176,0.78
757,100,552528,0.96
758,100,421129,0.95
759,100,502380,0.89
760,100,454758,0.98
761,100,446347,0.54
762,100,466447,0.87
763,100,541949,0.91
764,100,469387,0.9
765,100,519871,0.86
766,100,468936,0.9
767,100,492615,0.66
768,100,397406,0.9
769,100,540660,0.69
770,100,308132,0.94
771,100,428797,0.96
772,100,567138,0.73
773,100,431810,1
774,100,590576,0.6
775,100,437430,0.83
776,100,525454,0.83
777,100,420997,0.82
778,100,528508,0.87
779,100,405301,1
780,100,336557,0.99
781,100,489577,0.91
782,100,542126,0.75
783,100,364870,0.89
784,100,416660,0.98
785,100,392197,0.99
786,100,459421,0.87
787,100,523605,0.89
788,100,627722,0.84
789,100,426990,0.96
790,100,449486,0.98
791,100,554865,0.69
792,100,481487,0.95
793,100,495191,0.97
794,100,613723,0.91
795,100,507794,0.82
796,100,567310,0.8
797,100,528113,0.79
798,100,456047,0.98
799,100,434511,0.93
800,100,463452,1
801,100,505727,0.88
802,100,483976,0.91
803,100,465203,0.88
804,100,505494,0.88
805,100,341461,1
806,100,378172,0.92
807,100,380347,0.99
808,100,430101,0.97
809,100,252415,1
810,100,404234,0.8
811,100,352139,0.54
812,100,427757,0.73
813,100,411255,0.95
814,100,406286,1
815,100,541788,0.69
816,100,473416,0.83
817,100,408894,0.92
818,100,361422,1
819,100,461071,0.96
820,100,507226,0.91
821,100,411062,0.93
822,100,517374,0.77
823,100,479101,0.86
824,100,458108,0.96
825,100,403458,0.98
826,100,455728,0.93
827,100,532130,0.68
828,100,466353,0.94
829,100,488630,0.93
830,100,452242,0.94
831,100,518080,0.7
832,100,371532,0.79
833,100,532543,0.65
834,100,475006,0.92
835,100,463353,0.33
836,100,389854,0.64
837,100,452106,0.95
838,100,548725,0.88
839,100,442545,0.81
840,100,502704,0.42
841,100,545653,0.76
842,100,417497,0.96
843,100,435662,0.98
844,100,485408,0.82
845,100,461198,0.7
846,100,548722,0.72
847,100,474813,0.95
848,100,464228,0.81
849,100,407939,1
850,100,484601,0.75
851,100,423526,0.95
852,100,343855,0.99
853,100,514129,0.8
854,100,292786,0.76
855,100,452481,0.81
856,100,515175,0.93
857,100,348813,1
858,100,422225,0.63
859,100,537872,0.9
860,100,472479,0.95
861,100,461164,0.91
862,100,378083,0.48
863,100,440561,0.91
864,100,370531,0.61
865,100,545136,0.5
866,100,468487,0.92
867,100,454859,0.82
868,100,516737,0.71
869,100,445832,0.82
870,100,295772,0.76
871,100,548684,0.95
872,100,501027,0.5
873,100,467954,0.93
874,100,511986,0.33
875,100,516082,0.9
876,100,504623,0.86
877,100,514258,0.92
878,100,378058,0.81
879,100,545792,0.85
880,100,395818,0.85
881,100,432823,1
882,100,585747,0.82
883,100,495768,0.67
884,100,490255,0.98
885,100,556310,0.66
886,100,434344,0.89
887,100,308026,0.47
888,100,488045,0.56
889,100,529531,0.85
890,100,453942,0.93
891,100,472784,0.96
892,100,429229,0.46
893,100,470903,0.85
894,100,349249,0.78
895,100,452958,0.96
896,100,417174,0.9
897,100,487272,0.82
898,100,446850,0.99
899,100,524592,0.91
900,100,387170,0.84
901,100,429884,0.98
902,100,478710,0.97
903,100,430195,0.98
904,100,504215,0.93
905,100,482233,0.86
906,100,452679,0.83
907,100,531296,0.55
908,100,444472,0.86
909,100,487882,0.91
910,100,517594,0.83
911,100,439090,0.96
912,100,500266,0.9
913,100,558036,0.8
914,100,525699,0.81
915,100,469801,0.99
916,100,418565,0.99
917,100,465248,0.66
918,100,607277,0.75
919,100,461989,0.86
920,100,490639,0.84
921,100,440581,0.98
922,100,532848,0.83
923,100,380221,0.58
924,100,517666,0.97
925,100,495936,0.82
926,100,510636,0.8
927,100,483326,0.92
928,100,475325,0.96
929,100,411451,0.96
930,100,343966,0.99
931,100,480302,0.87
932,100,366000,1
933,100,496449,0.84
934,100,527075,0.78
935,100,483941,0.92
936,100,491496,0.72
937,100,472070,0.96
938,100,364585,0.94
939,100,504224,0.85
940,100,480196,0.78
941,100,405614,0.96
942,100,584099,0.88
943,100,496818,0.88
944,100,443821,0.76
945,100,545307,0.77
946,100,454557,0.88
947,100,559774,0.86
948,100,428263,0.94
949,100,392542,0.81
950,100,414282,1
951,100,544629,0.67
952,100,368274,0.69
953,100,509753,0.77
954,100,531045,0.79
955,100,543755,0.74
956,100,510106,0.83
957,100,446381,0.97
958,100,529817,0.73
959,100,199178,0.95
960,100,482266,0.69
961,100,445360,0.94
962,100,546032,1
963,100,482278,0.96
964,100,505377,0.93
965,100,430877,0.89
966,100,469770,0.59
967,100,520720,0.85
968,100,504518,0.81
969,100,489682,0.51
970,100,429346,1
971,100,397502,0.98
972,100,413720,0.98
973,100,546753,0.73
974,100,486934,0.8
975,100,493561,0.76
976,100,417965,0.86
977,100,431823,0.95
978,100,463975,0.86
979,100,500865,0.9
980,100,519981,0.7
981,100,477710,0.79
982,100,458676,0.98
983,100,492344,0.69
984,100,382165,1
985,100,331916,0.73
986,100,503870,0.87
987,100,462996,0.83
988,100,380214,0.78
989,100,369227,0.98
990,100,464530,0.84
991,100,501641,0.67
992,100,344060,0.86
993,100,401401,0.92
994,100,529598,0.67
995,100,421753,0.98
996,100,444849,0.87
997,100,426201,0.69
998,100,522713,0.93
999,100,360457,0.88
0,200,813640,0.94
1,200,992808,0.91
2,200,874092,0.94
3,200,957521,0.89
4,200,942064,0.97
5,200,1089259,0.94
6,200,1024721,0.88
7,200,880156,0.99
8,200,873533,1
9,200,1013160,0.95
10,200,912431,0.94
11,200,1024459,0.76
12,200,971615,0.93
13,200,909072,1
14,200,876127,0.99
15,200,981816,0.84
16,200,669666,1
17,200,980002,0.99
18,200,894179,1
19,200,1036611,0.56
20,200,850495,0.98
21,200,670689,0.96
22,200,864240,0.99
23,200,793617,1
24,200,962379,0.92
25,200,1057649,0.92
26,200,895399,0.97
27,200,1001238,1
28,200,1020540,0.88
29,200,904631,0.97
30,200,943191,0.98
31,200,980892,0.67
32,200,769113,0.99
33,200,911443,1
34,200,811486,1
35,200,757926,1
36,200,1014620,0.81
37,200,823670,0.99
38,200,911408,0.97
39,200,617346,1
40,200,815979,1
41,200,659471,1
42,200,741767,1
43,200,810929,1
44,200,992543,0.95
45,200,870715,1
46,200,716847,0.99
47,200,926232,0.96
48,200,639971,1
49,200,680764,0.99
50,200,779407,1
51,200,952389,0.92
52,200,928613,0.98
53,200,1005209,0.88
54,200,1022881,0.97
55,200,934609,0.99
56,200,1032145,0.8
57,200,582287,1
58,200,841693,0.99
59,200,765066,1
60,200,926842,0.98
61,200,805734,0.97
62,200,954706,0.96
63,200,889052,0.93
64,200,1062866,0.55
65,200,957560,0.94
66,200,968217,1
67,200,929418,0.89
68,200,974777,0.91
69,200,904374,0.98
70,200,1117895,0.79
71,200,803658,0.98
72,200,994629,0.93
73,200,832093,1
74,200,772896,0.92
75,200,766019,1
76,200,955851,0.97
77,200,722429,1
78,200,830272,0.99
79,200,897740,0.96
80,200,913094,0.82
81,200,790188,0.99
82,200,830781,0.99
83,200,991621,0.94
84,200,929906,0.95
85,200,825748,1
86,200,594594,0.98
87,200,1046994,0.93
88,200,913705,0.93
89,200,616139,0.8
90,200,822701,1
91,200,889230,0.96
92,200,942218,0.99
93,200,606333,1
94,200,559753,1
95,200,878133,0.88
96,200,916876,0.95
97,200,867574,1
98,200,925706,0.96
99,200,837723,1
100,200,783039,1
101,200,991390,0.95
102,200,845726,1
103,200,953878,0.93
104,200,859594,0.98
105,200,970184,0.98
106,200,819354,1
107,200,766188,0.99
108,200,803887,0.98
109,200,948232,0.95
110,200,930714,0.98
111,200,699616,0.93
112,200,828437,0.97
113,200,872863,0.98
114,200,1022327,0.9
115,200,907916,0.92
116,200,812133,0.94
117,200,904633,0.98
118,200,1158137,0.77
119,200,672337,0.96
120,200,958004,1
121,200,849286,0.99
122,200,787569,0.92
123,200,763843,0.99
124,200,837123,1
125,200,909221,1
126,200,1067899,0.82
127,200,817308,0.99
128,200,657923,0.95
129,200,937860,0.95
130,200,851005,1
131,200,956259,0.79
132,200,652836,1
133,200,676665,1
134,200,733305,1
135,200,889689,1
136,200,694309,1
137,200,606711,0.81
138,200,814998,1
139,200,825487,0.98
140,200,1022302,0.83
141,200,676155,0.99
142,200,939166,0.79
143,200,650733,1
144,200,753850,1
145,200,593485,1
146,200,957310,0.97
147,200,913380,0.94
148,200,950564,0.67
149,200,805564,1
150,200,946315,0.95
151,200,714183,0.8
152,200,880608,0.98
153,200,836252,1
154,200,728761,0.98
155,200,942741,0.95
156,200,829745,0.96
157,200,975332,0.93
158,200,702506,1
159,200,981419,0.97
160,200,771258,0.97
161,200,962150,0.98
162,200,928195,0.92
163,200,873996,0.97
164,200,873541,0.99
165,200,868396,0.99
166,200,864996,0.97
167,200,762388,1
168,200,976398,0.94
169,200,599601,0.98
170,200,1013462,0.95
171,200,745582,1
172,200,911018,0.87
173,200,894495,0.97
174,200,867023,0.92
175,200,927289,0.96
176,200,901856,0.95
177,200,1087201,0.88
178,200,831344,0.89
179,200,916926,0.96
180,200,1107166,0.73
181,200,892845,0.98
182,200,911371,0.97
183,200,950716,0.9
184,200,824828,1
185,200,926235,0.95
186,200,606926,1
187,200,430611,1
188,200,731110,0.99
189,200,928837,0.99
190,200,830723,0.97
191,200,910743,0.94
192,200,845368,1
193,200,662026,1
194,200,790863,0.99
195,200,1009875,0.72
196,200,445192,1
197,200,751631,0.95
198,200,551544,1
199,200,786444,0.98
200,200,683529,1
201,200,694285,1
202,200,748503,0.99
203,200,702017,1
204,200,759054,0.99
205,200,701892,1
206,200,861792,0.84
207,200,913588,0.99
208,200,1045257,0.75
209,200,661709,1
210,200,619275,1
211,200,755205,1
212,200,774925,1
213,200,1002038,0.86
214,200,820284,0.98
215,200,894518,0.99
216,200,659529,0.88
217,200,1000452,0.92
218,200,742805,1
219,200,708218,0.93
220,200,1109448,0.86
221,200,884530,1
222,200,831254,1
223,200,652655,0.98
224,200,994253,0.8
225,200,859885,0.95
226,200,761185,1
227,200,1013884,1
228,200,1101129,0.8
229,200,985437,0.69
230,200,972577,0.89
231,200,859181,1
232,200,831608,0.97
233,200,725888,1
234,200,1059209,0.71
235,200,985212,0.93
236,200,798932,0.99
237,200,711094,1
238,200,896178,0.98
239,200,1006925,0.96
240,200,636777,1
241,200,850999,1
242,200,789878,1
243,200,925262,0.99
244,200,1029259,0.9
245,200,1047939,0.66
246,200,714022,1
247,200,870261,0.99
248,200,854274,0.97
249,200,626530,1
250,200,570782,1
251,200,607614,0.74
252,200,833610,0.98
253,200,692579,1
254,200,936367,0.95
255,200,793434,0.89
256,200,742841,1
257,200,832664,1
258,200,927543,0.94
259,200,682971,1
260,200,863894,0.96
261,200,738181,1
262,200,465954,1
263,200,913125,0.98
264,200,773434,1
265,200,934643,0.81
266,200,1054703,0.87
267,200,863156,0.9
268,200,792068,0.98
269,200,1018997,0.97
270,200,765619,0.99
271,200,998157,0.94
272,200,810367,0.93
273,200,870142,0.95
274,200,710909,1
275,200,953983,0.67
276,200,866166,0.97
277,200,683618,1
278,200,761451,1
279,200,985883,0.88
280,200,953742,0.97
281,200,805491,0.99
282,200,872832,0.98
283,200,941119,1
284,200,969271,0.97
285,200,672343,0.9
286,200,923863,0.91
287,200,1061891,0.92
288,200,951721,0.94
289,200,826132,0.99
290,200,620189,0.96
291,200,1062400,0.78
292,200,807974,1
293,200,772207,1
294,200,811566,0.98
295,200,740489,1
296,200,608617,1
297,200,710849,0.93
298,200,714248,0.88
299,200,793425,1
300,200,636614,1
301,200,879322,0.96
302,200,903717,1
303,200,648736,1
304,200,983151,0.99
305,200,620036,0.99
306,200,1020843,0.83
307,200,765648,0.99
308,200,869482,0.99
309,200,894237,1
310,200,1002475,0.81
311,200,847980,0.98
312,200,890526,0.99
313,200,1032092,0.68
314,200,866430,0.97
315,200,768925,0.95
316,200,935631,0.99
317,200,637091,0.99
318,200,586629,1
319,200,593126,1
320,200,762871,0.99
321,200,756041,1
322,200,727546,1
323,200,842217,1
324,200,1044133,0.86
325,200,715854,1
326,200,801033,0.98
327,200,660478,1
328,200,896707,1
329,200,995794,0.69
330,200,722069,0.99
331,200,723373,1
332,200,936403,0.94
333,200,790197,1
334,200,898822,0.98
335,200,934921,0.99
336,200,696787,0.88
337,200,1004848,0.83
338,200,667416,1
339,200,994854,0.98
340,200,854601,0.94
341,200,725003,0.98
342,200,970215,0.83
343,200,1003623,0.94
344,200,800485,0.99
345,200,1063787,0.74
346,200,977426,0.9
347,200,888781,0.75
348,200,1020198,0.89
349,200,629730,1
350,200,1012532,0.94
351,200,729226,1
352,200,975684,0.93
353,200,718887,1
354,200,748067,0.99
355,200,856069,0.99
356,200,587932,1
357,200,795803,0.98
358,200,799668,0.99
359,200,875688,0.99
360,200,575108,1
361,200,911576,0.98
362,200,562706,0.99
363,200,804605,1
364,200,927656,0.97
365,200,925028,0.99
366,200,872032,0.86
367,200,897393,1
368,200,767792,0.99
369,200,765095,0.99
370,200,840156,0.84
371,200,1077260,0.89
372,200,869315,0.88
373,200,989606,0.91
374,200,837759,0.99
375,200,825201,1
376,200,819339,0.99
377,200,1029287,0.86
378,200,1035654,0.69
379,200,618895,0.98
380,200,1023943,0.79
381,200,652717,1
382,200,636332,0.92
383,200,621399,0.97
384,200,853583,1
385,200,636457,1
386,200,984900,0.93
387,200,1073883,0.77
388,200,1039785,0.92
389,200,888000,0.96
390,200,600389,1
391,200,888821,0.98
392,200,914381,0.93
393,200,941182,0.89
394,200,584760,1
395,200,1036587,0.94
396,200,1047637,0.95
397,200,1052378,0.83
398,200,950597,0.98
399,200,985041,0.82
400,200,827663,0.99
401,200,892057,0.96
402,200,866850,0.99
403,200,786215,1
404,200,737652,1
405,200,1038453,0.6
406,200,946702,0.84
407,200,850824,1
408,200,775252,1
409,200,752230,1
410,200,612347,1
411,200,771313,1
412,200,826370,0.99
413,200,833885,0.99
414,200,774243,1
415,200,594465,1
416,200,649474,1
417,200,999613,0.98
418,200,734977,0.77
419,200,947832,0.92
420,200,1020071,0.99
421,200,756874,0.97
422,200,688884,1
423,200,687844,0.97
424,200,774044,0.99
425,200,740157,0.99
426,200,854399,0.77
427,200,972715,0.93
428,200,653540,0.99
429,200,837804,1
430,200,858437,0.99
431,200,700414,1
432,200,876827,0.99
433,200,649942,1
434,200,664077,1
435,200,859794,0.98
436,200,756365,1
437,200,797913,1
438,200,823955,0.99
439,200,995983,0.79
440,200,722906,1
441,200,905918,0.85
442,200,977450,0.77
443,200,898956,0.97
444,200,800844,0.96
445,200,829072,0.87
446,200,842439,0.98
447,200,1052141,0.87
448,200,682393,0.99
449,200,829147,0.97
450,200,982121,0.82
451,200,1028868,0.9
452,200,1010424,0.36
453,200,993284,0.91
454,200,769522,1
455,200,695472,0.96
456,200,790137,1
457,200,936086,0.79
458,200,909307,0.98
459,200,901888,1
460,200,803327,0.8
461,200,925588,0.95
462,200,864024,0.99
463,200,921401,0.98
464,200,792748,0.99
465,200,913290,0.97
466,200,803704,1
467,200,665637,1
468,200,994381,0.95
469,200,908055,0.98
470,200,884328,0.99
471,200,889573,0.91
472,200,836267,0.61
473,200,1020401,0.81
474,200,822597,0.99
475,200,1019143,0.6
476,200,755553,1
477,200,719099,0.99
478,200,767799,1
479,200,991152,0.77
480,200,791643,0.98
481,200,854289,0.99
482,200,728054,1
483,200,863958,0.95
484,200,797400,1
485,200,600051,1
486,200,1037302,0.93
487,200,857852,0.96
488,200,765218,0.84
489,200,720302,0.88
490,200,767216,0.99
491,200,636907,1
492,200,628306,1
493,200,828408,0.98
494,200,927375,0.92
495,200,967219,0.88
496,200,904233,0.98
497,200,846090,0.96
498,200,1037068,0.94
499,200,843935,1
500,200,662867,1
501,200,1015452,0.76
502,200,675473,1
503,200,849008,0.99
504,200,1053739,0.82
505,200,897273,0.99
506,200,786617,0.99
507,200,832429,0.51
508,200,916198,0.94
509,200,962915,0.74
510,200,851001,0.93
511,200,922972,0.92
512,200,648826,1
513,200,910978,0.97
514,200,720630,0.87
515,200,1062158,0.86
516,200,829633,1
517,200,907999,0.75
518,200,717672,0.99
519,200,946956,0.93
520,200,952183,0.91
521,200,663042,1
522,200,925705,0.98
523,200,648386,1
524,200,863244,1
525,200,763308,0.96
526,200,852905,1
527,200,931552,0.89
528,200,684071,0.99
529,200,687510,0.99
530,200,934501,0.82
531,200,1132646,0.82
532,200,900971,0.96
533,200,915634,0.95
534,200,981147,0.94
535,200,986295,0.93
536,200,935157,0.92
537,200,952676,0.96
538,200,739657,0.97
539,200,1007780,0.88
540,200,809731,0.94
541,200,821257,1
542,200,644706,0.99
543,200,786636,1
544,200,933089,0.89
545,200,986277,0.97
546,200,521719,1
547,200,947846,0.93
548,200,764869,0.86
549,200,725885,1
550,200,631463,0.99
551,200,594661,1
552,200,774881,0.97
553,200,886331,0.87
554,200,822257,0.97
555,200,912984,0.96
556,200,965462,0.87
557,200,906241,0.94
558,200,664875,1
559,200,1009369,0.94
560,200,919957,0.98
561,200,861391,0.92
562,200,982947,0.88
563,200,815683,0.96
564,200,787441,0.98
565,200,910400,0.81
566,200,918025,0.86
567,200,930345,0.91
568,200,814766,0.98
569,200,946501,0.87
570,200,728240,0.98
571,200,821398,1
572,200,736475,0.99
573,200,895096,0.98
574,200,867768,0.96
575,200,487842,1
576,200,1018539,0.8
577,200,972436,0.96
578,200,828703,0.95
579,200,984889,0.55
580,200,965017,0.73
581,200,1064625,0.84
582,200,734969,0.97
583,200,959834,0.97
584,200,767875,0.98
585,200,934028,0.87
586,200,894450,1
587,200,840177,0.91
588,200,765978,1
589,200,883711,0.97
590,200,867482,0.97
591,200,867652,0.93
592,200,946442,0.93
593,200,844108,0.95
594,200,913811,0.99
595,200,580423,1
596,200,870105,0.92
597,200,953459,0.97
598,200,904751,0.87
599,200,857230,0.97
600,200,1070677,0.73
601,200,884788,0.73
602,200,1003133,0.87
603,200,822016,0.95
604,200,874407,1
605,200,790769,0.98
606,200,882242,1
607,200,937367,0.88
608,200,797600,0.94
609,200,747393,0.99
610,200,779793,0.98
611,200,789566,0.97
612,200,815566,0.96
613,200,737943,0.98
614,200,987160,0.87
615,200,942056,0.84
616,200,963486,0.9
617,200,771104,1
618,200,875460,0.81
619,200,976817,0.78
620,200,814777,1
621,200,745538,0.96
622,200,855106,0.88
623,200,922916,0.97
624,200,935887,0.96
625,200,622290,1
626,200,952782,0.82
627,200,609931,0.99
628,200,780513,0.98
629,200,744820,0.99
630,200,824561,0.91
631,200,1038436,0.96
632,200,674636,1
633,200,815159,0.9
634,200,559230,0.99
635,200,725036,0.86
636,200,951838,0.84
637,200,830552,1
638,200,966248,0.78
639,200,918848,0.85
640,200,818571,0.97
641,200,976647,0.91
642,200,719674,0.99
643,200,713343,0.89
644,200,723416,0.97
645,200,886427,0.94
646,200,978061,0.97
647,200,893395,0.97
648,200,708132,1
649,200,850712,0.99
650,200,844615,0.98
651,200,860162,0.94
652,200,592266,1
653,200,671613,1
654,200,935602,0.87
655,200,932134,0.89
656,200,722486,0.69
657,200,535877,1
658,200,973598,0.94
659,200,1028533,0.87
660,200,846402,0.96
661,200,851914,0.98
662,200,914380,0.84
663,200,956448,0.89
664,200,1055019,0.82
665,200,865741,1
666,200,899850,0.97
667,200,847739,0.98
668,200,950868,0.92
669,200,709972,1
670,200,982349,0.7
671,200,840267,0.99
672,200,1027122,0.75
673,200,895237,0.86
674,200,968160,0.65
675,200,1053858,0.79
676,200,805037,0.91
677,200,902814,0.6
678,200,559551,0.99
679,200,896177,0.88
680,200,876658,0.88
681,200,667772,0.95
682,200,924854,1
683,200,754237,0.99
684,200,833323,0.92
685,200,570384,0.98
686,200,787553,1
687,200,700169,0.74
688,200,826383,0.99
689,200,844213,1
690,200,993672,0.88
691,200,773866,0.9
692,200,543266,1
693,200,916853,0.96
694,200,1045110,0.84
695,200,403561,1
696,200,867076,0.76
697,200,904648,0.97
698,200,729081,0.98
699,200,726769,0.99
700,200,1118492,0.67
701,200,764291,1
702,200,900132,0.96
703,200,913721,0.96
704,200,930389,0.96
705,200,963682,0.88
706,200,1033794,0.7
707,200,824303,0.57
708,200,837658,1
709,200,809488,0.96
710,200,829355,0.62
711,200,699215,0.87
712,200,992393,0.94
713,200,576669,1
714,200,787244,0.96
715,200,982819,0.93
716,200,853546,1
717,200,643644,0.91
718,200,962555,0.86
719,200,550014,1
720,200,817640,0.99
721,200,743366,1
722,200,949649,0.53
723,200,618231,1
724,200,699329,0.97
725,200,974421,0.89
726,200,782065,1
727,200,960698,0.83
728,200,791719,1
729,200,970003,0.96
730,200,876004,1
731,200,851193,1
732,200,762662,1
733,200,617301,0.89
734,200,1012456,0.72
735,200,860837,0.98
736,200,578208,1
737,200,915116,0.96
738,200,884219,0.68
739,200,1049781,0.84
740,200,695657,0.98
741,200,829856,0.97
742,200,805446,0.83
743,200,852509,0.98
744,200,928776,0.91
745,200,624775,0.93
746,200,795243,0.98
747,200,859827,0.96
748,200,629094,0.94
749,200,629800,1
750,200,842741,1
751,200,803062,1
752,200,730801,0.92
753,200,865128,0.99
754,200,845405,0.83
755,200,713518,1
756,200,929154,0.88
757,200,973282,0.99
758,200,692494,0.99
759,200,865858,0.94
760,200,822810,1
761,200,892361,0.75
762,200,883041,0.97
763,200,910975,0.98
764,200,854386,0.96
765,200,935038,0.94
766,200,896260,0.95
767,200,936067,0.79
768,200,684234,0.95
769,200,966671,0.86
770,200,526391,0.95
771,200,811241,0.99
772,200,982731,0.85
773,200,794736,1
774,200,1001355,0.7
775,200,815017,0.87
776,200,959867,0.89
777,200,776191,0.9
778,200,975474,0.97
779,200,776116,1
780,200,633852,0.99
781,200,884626,0.97
782,200,1013061,0.88
783,200,620041,0.93
784,200,733085,1
785,200,625638,1
786,200,811954,0.92
787,200,942569,0.99
788,200,1076610,0.92
789,200,747170,0.99
790,200,723683,1
791,200,1024937,0.78
792,200,853310,0.99
793,200,920125,1
794,200,934219,0.92
795,200,910844,0.93
796,200,995712,0.88
797,200,959144,0.9
798,200,816107,0.99
799,200,781953,0.99
800,200,846862,1
801,200,898326,0.93
802,200,874170,0.95
803,200,889200,0.94
804,200,890363,0.95
805,200,610824,1
806,200,608169,0.98
807,200,623736,1
808,200,740850,0.99
809,200,388762,1
810,200,748256,0.89
811,200,636231,0.65
812,200,796181,0.8
813,200,753405,1
814,200,723593,1
815,200,976561,0.8
816,200,844912,0.9
817,200,723418,0.98
818,200,624281,1
819,200,805296,0.96
820,200,938228,0.94
821,200,707323,1
822,200,974615,0.89
823,200,886830,0.95
824,200,819152,0.98
825,200,706599,1
826,200,786164,0.98
827,200,1008808,0.81
828,200,857341,0.97
829,200,883002,0.96
830,200,762299,0.98
831,200,994188,0.79
832,200,712907,0.86
833,200,980686,0.83
834,200,810782,0.99
835,200,912337,0.79
836,200,653468,0.72
837,200,815558,0.99
838,200,976914,0.94
839,200,825981,0.88
840,200,951310,0.58
841,200,958015,0.83
842,200,773279,1
843,200,747824,1
844,200,898569,0.91
845,200,845649,0.87
846,200,947285,0.78
847,200,879001,1
848,200,826330,0.9
849,200,716652,1
850,200,877070,0.88
851,200,733855,1
852,200,637120,1
853,200,956749,0.89
854,200,496588,0.92
855,200,706527,0.92
856,200,969641,0.97
857,200,678816,1
858,200,854623,0.83
859,200,957696,0.96
860,200,843871,0.99
861,200,771952,0.96
862,200,664465,0.6
863,200,736649,1
864,200,669309,0.77
865,200,1034004,0.65
866,200,814724,0.97
867,200,797885,0.9
868,200,950079,0.88
869,200,831886,0.93
870,200,596666,0.86
871,200,930470,0.99
872,200,904599,0.66
873,200,798511,0.98
874,200,940575,0.5
875,200,934908,0.95
876,200,935047,0.94
877,200,941693,0.94
878,200,679348,0.93
879,200,963051,0.9
880,200,792789,0.89
881,200,826061,1
882,200,984415,0.9
883,200,882692,0.77
884,200,895572,1
885,200,1020506,0.77
886,200,758760,0.97
887,200,568181,0.58
888,200,833763,0.69
889,200,966536,0.94
890,200,778423,0.98
891,200,866099,0.98
892,200,888483,0.72
893,200,851877,0.91
894,200,632995,0.82
895,200,755445,1
896,200,708812,0.98
897,200,859383,0.95
898,200,793018,1
899,200,884606,0.95
900,200,772568,0.9
901,200,734367,1
902,200,806801,1
903,200,733145,1
904,200,929675,0.97
905,200,876888,0.92
906,200,810012,0.89
907,200,1026380,0.72
908,200,787828,0.98
909,200,892670,0.98
910,200,919712,0.9
911,200,739077,0.98
912,200,924173,0.98
913,200,949204,0.88
914,200,959002,0.89
915,200,850924,1
916,200,736020,1
917,200,859461,0.73
918,200,804203,0.82
919,200,873165,0.97
920,200,905735,0.94
921,200,740565,0.99
922,200,982223,0.95
923,200,603462,0.63
924,200,844102,0.97
925,200,933593,0.95
926,200,935122,0.86
927,200,826571,0.99
928,200,831655,1
929,200,687715,0.98
930,200,545188,0.99
931,200,854911,0.91
932,200,595455,1
933,200,917941,0.93
934,200,973652,0.91
935,200,899878,0.98
936,200,930968,0.9
937,200,838912,0.99
938,200,632173,0.98
939,200,906788,0.93
940,200,973275,0.93
941,200,751083,0.97
942,200,1028038,0.95
943,200,895723,0.97
944,200,758616,0.85
945,200,1009365,0.86
946,200,823519,0.95
947,200,969772,0.97
948,200,730228,0.97
949,200,735158,0.97
950,200,725811,1
951,200,990195,0.82
952,200,669587,0.86
953,200,911807,0.89
954,200,978712,0.88
955,200,955250,0.81
956,200,856964,0.91
957,200,735202,1
958,200,982101,0.87
959,200,450720,1
960,200,900763,0.77
961,200,843785,0.99
962,200,805532,1
963,200,872059,0.98
964,200,870631,0.98
965,200,779222,0.98
966,200,833588,0.74
967,200,965990,0.93
968,200,933942,0.89
969,200,893774,0.6
970,200,726163,1
971,200,666136,1
972,200,707453,0.98
973,200,924146,0.87
974,200,863330,0.94
975,200,894553,0.82
976,200,735727,0.89
977,200,729760,1
978,200,773753,0.99
979,200,864295,0.97
980,200,953817,0.84
981,200,892435,0.92
982,200,808634,1
983,200,932918,0.76
984,200,698665,1
985,200,645590,0.87
986,200,906828,0.96
987,200,802833,0.95
988,200,659815,0.88
989,200,648308,1
990,200,931632,0.94
991,200,910955,0.79
992,200,681261,0.91
993,200,677126,0.99
994,200,991939,0.79
995,200,681837,0.99
996,200,869657,0.94
997,200,820976,0.88
998,200,883006,0.97
999,200,670777,0.99
0,300,1139845,0.95
1,300,1377966,0.91
2,300,1247671,1
3,300,1407741,0.94
4,300,1324074,0.97
5,300,1583965,0.97
6,300,1508847,0.94
7,300,1251454,0.99
8,300,1227671,1
9,300,1430455,0.97
10,300,1334330,0.95
11,300,1475686,0.84
12,300,1391952,0.97
13,300,1311188,1
14,300,1250837,0.99
15,300,1438604,0.89
16,300,933430,1
17,300,1412735,0.99
18,300,1252567,1
19,300,1495354,0.67
20,300,1212005,1
21,300,943158,0.98
22,300,1229357,0.99
23,300,1079489,1
24,300,1384781,0.94
25,300,1520112,0.94
26,300,1174731,0.99
27,300,1422300,1
28,300,1443968,0.92
29,300,1268477,0.99
30,300,1355651,0.98
31,300,1420720,0.76
32,300,1073145,1
33,300,1262032,1
34,300,1115492,1
35,300,1045447,1
36,300,1426362,0.86
37,300,1169349,1
38,300,1299893,0.99
39,300,882032,1
40,300,1158096,1
41,300,912812,1
42,300,1012699,1
43,300,1168314,1
44,300,1432447,0.96
45,300,1201933,1
46,300,990732,1
47,300,1345740,0.97
48,300,894099,1
49,300,988862,0.99
50,300,1094576,1
51,300,1382027,0.96
52,300,1364762,1
53,300,1394227,0.93
54,300,1450167,0.99
55,300,1323453,0.99
56,300,1455811,0.84
57,300,749777,1
58,300,1210551,1
59,300,1057047,1
60,300,1333832,0.99
61,300,1162132,0.98
62,300,1345362,0.98
63,300,1313165,0.96
64,300,1506016,0.66
65,300,1380398,0.94
66,300,1302473,1
67,300,1318123,0.92
68,300,1418499,0.95
69,300,1309647,0.99
70,300,1577065,0.88
71,300,1190280,1
72,300,1417169,0.97
73,300,1176988,1
74,300,1070059,0.95
75,300,1125520,1
76,300,1346908,0.98
77,300,973444,1
78,300,1141081,1
79,300,1256563,0.98
80,300,1341770,0.91
81,300,1120634,1
82,300,1142506,0.99
83,300,1427785,0.98
84,300,1275269,0.98
85,300,1156264,1
86,300,812403,0.98
87,300,1462641,0.96
88,300,1261740,0.97
89,300,793827,0.86
90,300,1159761,1
91,300,1180096,0.98
92,300,1357180,1
93,300,805889,1
94,300,758359,1
95,300,1265467,0.92
96,300,1344673,0.97
97,300,1254413,1
98,300,1269002,0.98
99,300,1197260,1
100,300,1136379,1
101,300,1432683,0.99
102,300,1230669,1
103,300,1362367,0.98
104,300,1222042,0.98
105,300,1368502,1
106,300,1119574,1
107,300,1095590,1
108,300,1137912,0.99
109,300,1346316,0.97
110,300,1311368,0.99
111,300,979587,0.94
112,300,1164136,0.98
113,300,1222133,0.98
114,300,1439357,0.96
115,300,1247600,0.94
116,300,1124831,0.94
117,300,1280741,0.99
118,300,1553021,0.8
119,300,1036184,0.97
120,300,1370204,1
121,300,1195859,1
122,300,1160563,0.95
123,300,1097961,1
124,300,1189117,1
125,300,1328858,1
126,300,1505474,0.87
127,300,1102352,1
128,300,953307,0.99
129,300,1390170,0.99
130,300,1192705,1
131,300,1382148,0.88
132,300,895228,1
133,300,964882,1
134,300,1031832,1
135,300,1226538,1
136,300,926408,1
137,300,823630,0.86
138,300,1113426,1
139,300,1144780,0.99
140,300,1430104,0.91
141,300,915985,1
142,300,1304005,0.85
143,300,892511,1
144,300,1041466,1
145,300,800380,1
146,300,1365713,0.98
147,300,1317353,0.98
148,300,1341645,0.75
149,300,1142372,1
150,300,1305971,0.99
151,300,1006083,0.86
152,300,1258874,1
153,300,1172550,1
154,300,1059874,0.99
155,300,1368927,0.96
156,300,1273682,0.96
157,300,1383638,0.97
158,300,966738,1
159,300,1405259,0.98
160,300,1081486,0.99
161,300,1350352,1
162,300,1326300,0.94
163,300,1262329,0.98
164,300,1230417,0.99
165,300,1272900,1
166,300,1219265,0.99
167,300,1049071,1
168,300,1411123,0.96
169,300,795604,0.98
170,300,1464414,0.99
171,300,1061060,1
172,300,1313715,0.9
173,300,1245051,1
174,300,1243296,0.96
175,300,1362817,0.99
176,300,1275309,0.96
177,300,1401390,0.92
178,300,1199677,0.93
179,300,1309584,0.96
180,300,1549705,0.83
181,300,1281092,0.98
182,300,1261751,0.99
183,300,1351484,0.94
184,300,1176636,1
185,300,1323945,0.98
186,300,796166,1
187,300,580926,1
188,300,1018328,1
189,300,1336792,0.99
190,300,1181648,0.99
191,300,1283087,0.96
192,300,1139280,1
193,300,906066,1
194,300,1055146,0.99
195,300,1464370,0.8
196,300,614553,1
197,300,1083541,0.99
198,300,777424,1
199,300,1113814,0.99
200,300,933898,1
201,300,971157,1
202,300,1035868,1
203,300,922957,1
204,300,1091249,0.99
205,300,994824,1
206,300,1239454,0.88
207,300,1251452,1
208,300,1428420,0.8
209,300,920268,1
210,300,849905,1
211,300,1048264,1
212,300,1100136,1
213,300,1466582,0.92
214,300,1183532,1
215,300,1225747,0.99
216,300,875880,0.92
217,300,1444000,0.95
218,300,1041797,1
219,300,985581,0.96
220,300,1560045,0.92
221,300,1258334,1
222,300,1161285,1
223,300,943557,0.99
224,300,1423513,0.81
225,300,1231896,0.96
226,300,1094920,1
227,300,1447838,1
228,300,1549461,0.88
229,300,1389558,0.77
230,300,1379346,0.96
231,300,1179867,1
232,300,1180907,0.97
233,300,987736,1
234,300,1517316,0.79
235,300,1463053,0.97
236,300,1124464,0.99
237,300,987795,1
238,300,1262107,1
239,300,1426236,0.99
240,300,846259,1
241,300,1156573,1
242,300,1062447,1
243,300,1274298,1
244,300,1404743,0.93
245,300,1531212,0.82
246,300,1012816,1
247,300,1190978,0.99
248,300,1268675,1
249,300,862192,1
250,300,768539,1
251,300,859872,0.78
252,300,1214504,1
253,300,974295,1
254,300,1306782,0.96
255,300,1094710,0.95
256,300,1043824,1
257,300,1175551,1
258,300,1286989,0.98
259,300,916789,1
260,300,1234149,0.98
261,300,1041106,1
262,300,613623,1
263,300,1286949,1
264,300,1109329,1
265,300,1304491,0.87
266,300,1514008,0.92
267,300,1277351,0.93
268,300,1082762,1
269,300,1485947,0.97
270,300,1110869,0.99
271,300,1423650,0.98
272,300,1157309,0.96
273,300,1254732,0.98
274,300,978958,1
275,300,1340866,0.81
276,300,1208599,0.97
277,300,919103,1
278,300,1045422,1
279,300,1388479,0.9
280,300,1361700,0.97
281,300,1132089,0.99
282,300,1199740,1
283,300,1346128,1
284,300,1377206,1
285,300,959491,0.96
286,300,1300901,0.93
287,300,1511468,0.95
288,300,1378217,0.98
289,300,1177730,1
290,300,885942,0.99
291,300,1489402,0.82
292,300,1164744,1
293,300,1082018,1
294,300,1133193,0.98
295,300,1016707,1
296,300,833261,1
297,300,991261,0.95
298,300,1014972,0.9
299,300,1102491,1
300,300,855046,1
301,300,1274109,0.98
302,300,1279818,1
303,300,901128,1
304,300,1400539,1
305,300,835479,1
306,300,1510146,0.91
307,300,1085651,1
308,300,1208297,0.99
309,300,1285861,1
310,300,1435401,0.83
311,300,1190460,0.99
312,300,1236770,0.99
313,300,1508749,0.8
314,300,1304067,1
315,300,1079987,0.97
316,300,1307762,1
317,300,861549,0.99
318,300,834541,1
319,300,789363,1
320,300,1022061,0.99
321,300,1032456,1
322,300,957544,1
323,300,1211419,1
324,300,1473156,0.92
325,300,1038388,1
326,300,1113808,0.99
327,300,886876,1
328,300,1236756,1
329,300,1479803,0.73
330,300,955749,1
331,300,1011781,1
332,300,1331923,0.96
333,300,1143628,1
334,300,1259300,0.99
335,300,1357637,1
336,300,923804,0.91
337,300,1418320,0.89
338,300,933871,1
339,300,1395310,0.99
340,300,1218034,0.99
341,300,1005817,1
342,300,1405825,0.91
343,300,1412510,1
344,300,1077555,1
345,300,1550474,0.85
346,300,1358416,0.94
347,300,1270183,0.82
348,300,1453711,0.96
349,300,893046,1
350,300,1441973,0.97
351,300,997861,1
352,300,1384974,0.96
353,300,1010148,1
354,300,983772,1
355,300,1202696,1
356,300,794754,1
357,300,1098136,1
358,300,1124103,0.99
359,300,1241965,0.99
360,300,817371,1
361,300,1254728,0.99
362,300,736874,0.99
363,300,1090928,1
364,300,1350156,0.97
365,300,1293733,1
366,300,1242681,0.86
367,300,1287839,1
368,300,1008621,0.99
369,300,1067969,0.99
370,300,1162417,0.89
371,300,1561885,0.93
372,300,1230733,0.93
373,300,1388185,0.95
374,300,1183145,1
375,300,1161639,1
376,300,1192167,1
377,300,1457708,0.91
378,300,1496601,0.75
379,300,832067,0.99
380,300,1453156,0.86
381,300,877671,1
382,300,867133,0.97
383,300,866688,1
384,300,1214076,1
385,300,899108,1
386,300,1425850,0.94
387,300,1510128,0.85
388,300,1492283,0.95
389,300,1284313,0.98
390,300,868666,1
391,300,1236381,0.99
392,300,1297698,0.95
393,300,1357973,0.94
394,300,807515,1
395,300,1442866,0.97
396,300,1471297,0.98
397,300,1476413,0.84
398,300,1298501,0.98
399,300,1311846,0.88
400,300,1137675,1
401,300,1251091,0.99
402,300,1220128,0.99
403,300,1134630,1
404,300,1043389,1
405,300,1522395,0.69
406,300,1292230,0.87
407,300,1203018,1
408,300,1055906,1
409,300,1083808,1
410,300,849561,1
411,300,1073103,1
412,300,1145761,1
413,300,1195455,0.99
414,300,1072072,1
415,300,836063,1
416,300,917114,1
417,300,1349083,0.99
418,300,1001561,0.84
419,300,1321952,0.99
420,300,1436781,0.99
421,300,1063092,1
422,300,917054,1
423,300,968995,0.99
424,300,1128475,0.99
425,300,1015040,0.99
426,300,1233313,0.82
427,300,1373310,0.96
428,300,968547,0.99
429,300,1125405,1
430,300,1169882,1
431,300,899870,1
432,300,1278368,1
433,300,848018,1
434,300,907134,1
435,300,1188622,0.99
436,300,1029313,1
437,300,1103339,1
438,300,1155164,1
439,300,1408993,0.91
440,300,1015482,1
441,300,1274578,0.89
442,300,1378233,0.82
443,300,1232718,0.99
444,300,1114848,0.99
445,300,1238247,0.89
446,300,1174990,0.99
447,300,1496662,0.9
448,300,948412,1
449,300,1163629,0.99
450,300,1399501,0.87
451,300,1498212,0.93
452,300,1455946,0.47
453,300,1322818,0.94
454,300,1027122,1
455,300,935718,0.98
456,300,1133061,1
457,300,1381505,0.89
458,300,1305216,0.99
459,300,1295142,1
460,300,1133987,0.87
461,300,1279062,0.98
462,300,1214805,1
463,300,1297096,0.99
464,300,1130979,0.99
465,300,1308433,0.97
466,300,1081247,1
467,300,918208,1
468,300,1397451,0.97
469,300,1283462,0.99
470,300,1268862,1
471,300,1291651,0.95
472,300,1178654,0.65
473,300,1489537,0.87
474,300,1152311,0.99
475,300,1496712,0.68
476,300,1081246,1
477,300,972571,1
478,300,1068074,1
479,300,1414469,0.87
480,300,1122282,0.98
481,300,1204222,1
482,300,1029345,1
483,300,1295972,0.95
484,300,1110549,1
485,300,841465,1
486,300,1456740,0.98
487,300,1188619,0.98
488,300,1100680,0.87
489,300,1025606,0.93
490,300,1020477,0.99
491,300,893267,1
492,300,872905,1
493,300,1199757,1
494,300,1318366,0.93
495,300,1401781,0.94
496,300,1289398,1
497,300,1220792,0.99
498,300,1437716,0.94
499,300,1149339,1
500,300,932960,1
501,300,1452270,0.83
502,300,995512,1
503,300,1195332,1
504,300,1532678,0.87
505,300,1280384,1
506,300,1058597,1
507,300,1179250,0.55
508,300,1263098,0.96
509,300,1380878,0.8
510,300,1218556,0.97
511,300,1297740,0.98
512,300,862197,1
513,300,1322332,0.98
514,300,1007309,0.88
515,300,1488602,0.93
516,300,1178850,1
517,300,1279140,0.84
518,300,1038879,1
519,300,1303999,0.95
520,300,1359450,0.95
521,300,875059,1
522,300,1298729,0.99
523,300,885675,1
524,300,1192100,1
525,300,1019808,0.97
526,300,1230976,1
527,300,1285711,0.95
528,300,948265,0.99
529,300,947154,1
530,300,1332227,0.87
531,300,1562572,0.91
532,300,1294681,0.97
533,300,1289659,0.98
534,300,1406361,0.98
535,300,1413971,0.97
536,300,1308942,0.97
537,300,1360550,0.96
538,300,1042649,0.98
539,300,1402242,0.95
540,300,1120450,0.98
541,300,1123939,1
542,300,931959,0.99
543,300,1151123,1
544,300,1339097,0.97
545,300,1408096,0.98
546,300,703187,1
547,300,1376896,0.97
548,300,1118160,0.87
549,300,988969,1
550,300,860222,0.99
551,300,847237,1
552,300,1111988,0.99
553,300,1282834,0.92
554,300,1123777,0.98
555,300,1317908,0.97
556,300,1343009,0.91
557,300,1356174,0.94
558,300,956423,1
559,300,1421979,0.97
560,300,1310499,1
561,300,1275624,0.95
562,300,1389523,0.92
563,300,1176938,0.97
564,300,1087343,0.98
565,300,1298313,0.89
566,300,1282129,0.9
567,300,1312913,0.94
568,300,1135044,0.99
569,300,1328501,0.92
570,300,1009803,1
571,300,1155457,1
572,300,979066,1
573,300,1288855,0.99
574,300,1204044,0.96
575,300,668380,1
576,300,1465009,0.89
577,300,1329005,0.99
578,300,1141631,0.97
579,300,1420767,0.62
580,300,1359694,0.8
581,300,1505887,0.94
582,300,1035258,0.97
583,300,1367376,0.99
584,300,1102990,1
585,300,1277011,0.88
586,300,1242276,1
587,300,1197895,0.95
588,300,1118928,1
589,300,1291003,0.99
590,300,1237210,0.97
591,300,1276766,0.94
592,300,1345132,0.97
593,300,1213738,0.99
594,300,1307868,0.99
595,300,783823,1
596,300,1242042,0.98
597,300,1268176,0.97
598,300,1274789,0.92
599,300,1203973,0.98
600,300,1505971,0.78
601,300,1281380,0.81
602,300,1440322,0.94
603,300,1181316,0.98
604,300,1230401,1
605,300,1102857,1
606,300,1255201,1
607,300,1358118,0.92
608,300,1093956,0.98
609,300,1076037,1
610,300,1056897,0.99
611,300,1173950,1
612,300,1127160,0.99
613,300,1063970,0.99
614,300,1388301,0.93
615,300,1329712,0.88
616,300,1376952,0.91
617,300,1082470,1
618,300,1290708,0.86
619,300,1386194,0.81
620,300,1143923,1
621,300,1020376,0.97
622,300,1203972,0.92
623,300,1324332,0.97
624,300,1366377,1
625,300,848220,1
626,300,1365816,0.9
627,300,803811,1
628,300,1084800,0.99
629,300,1026868,0.99
630,300,1162076,0.91
631,300,1487069,0.99
632,300,915560,1
633,300,1158877,0.93
634,300,737262,1
635,300,1179096,0.86
636,300,1349412,0.9
637,300,1210660,1
638,300,1335754,0.79
639,300,1339748,0.88
640,300,1114127,0.97
641,300,1367026,0.98
642,300,995095,1
643,300,1018463,0.94
644,300,1036387,0.97
645,300,1279195,0.96
646,300,1363503,0.98
647,300,1265816,0.98
648,300,1008793,1
649,300,1253547,0.99
650,300,1189994,0.99
651,300,1189730,0.98
652,300,820603,1
653,300,920795,1
654,300,1342306,0.92
655,300,1391032,0.92
656,300,993020,0.71
657,300,769333,1
658,300,1398317,0.95
659,300,1463270,0.9
660,300,1212347,0.99
661,300,1164756,0.99
662,300,1288214,0.9
663,300,1360314,0.93
664,300,1492537,0.87
665,300,1289166,1
666,300,1289468,0.98
667,300,1189274,0.99
668,300,1400981,0.99
669,300,963989,1
670,300,1421250,0.78
671,300,1189250,0.99
672,300,1484606,0.8
673,300,1324401,0.87
674,300,1393188,0.74
675,300,1504067,0.87
676,300,1108714,0.97
677,300,1313634,0.69
678,300,745943,1
679,300,1339653,0.9
680,300,1253751,0.94
681,300,955093,0.97
682,300,1180123,1
683,300,1022150,1
684,300,1175298,0.93
685,300,771145,0.99
686,300,1081859,1
687,300,948117,0.79
688,300,1187550,0.99
689,300,1172675,1
690,300,1380940,0.93
691,300,1141105,0.9
692,300,739985,1
693,300,1328088,0.97
694,300,1456713,0.87
695,300,528667,1
696,300,1202516,0.8
697,300,1253951,1
698,300,1029483,1
699,300,1036023,0.99
700,300,1564527,0.76
701,300,1079219,1
702,300,1277192,0.97
703,300,1268887,0.96
704,300,1346240,0.99
705,300,1383620,0.95
706,300,1490665,0.81
707,300,1226674,0.71
708,300,1180216,1
709,300,1132109,0.97
710,300,1228371,0.65
711,300,992565,0.89
712,300,1376160,0.97
713,300,792210,1
714,300,1126999,0.98
715,300,1395146,0.95
716,300,1205221,1
717,300,854129,0.91
718,300,1401972,0.91
719,300,737682,1
720,300,1143787,1
721,300,1046101,1
722,300,1347227,0.58
723,300,844996,1
724,300,979970,0.98
725,300,1363515,0.98
726,300,1084152,1
727,300,1334243,0.87
728,300,1136125,1
729,300,1400500,0.98
730,300,1273091,1
731,300,1271096,1
732,300,1058421,1
733,300,855729,0.94
734,300,1466422,0.84
735,300,1208557,1
736,300,837531,1
737,300,1318616,0.99
738,300,1223679,0.69
739,300,1526457,0.91
740,300,992946,0.99
741,300,1165883,0.97
742,300,1144990,0.88
743,300,1173436,0.99
744,300,1344943,0.95
745,300,854395,0.93
746,300,1125001,0.98
747,300,1227019,1
748,300,858034,0.96
749,300,906205,1
750,300,1177905,1
751,300,1118655,1
752,300,1092047,0.95
753,300,1230569,1
754,300,1196471,0.85
755,300,997836,1
756,300,1339285,0.93
757,300,1368711,1
758,300,958373,1
759,300,1220897,0.97
760,300,1157619,1
761,300,1269649,0.76
762,300,1309971,0.97
763,300,1272883,0.98
764,300,1210882,0.97
765,300,1325854,0.96
766,300,1348697,0.98
767,300,1371329,0.85
768,300,874605,0.97
769,300,1353204,0.9
770,300,850788,0.99
771,300,1199877,0.99
772,300,1393565,0.94
773,300,1125939,1
774,300,1391253,0.72
775,300,1123777,0.9
776,300,1374922,0.94
777,300,1150479,0.92
778,300,1432276,1
779,300,1126313,1
780,300,949823,1
781,300,1255079,0.99
782,300,1441645,0.91
783,300,870943,0.95
784,300,1083734,1
785,300,819797,1
786,300,1139037,0.99
787,300,1355671,1
788,300,1528081,0.95
789,300,1035165,1
790,300,987786,1
791,300,1475469,0.84
792,300,1208028,0.99
793,300,1335297,1
794,300,1260419,0.96
795,300,1330197,0.96
796,300,1390965,0.96
797,300,1382473,0.94
798,300,1167510,0.99
799,300,1117089,0.99
800,300,1202589,1
801,300,1284839,0.98
802,300,1219706,0.95
803,300,1315154,0.96
804,300,1249266,0.99
805,300,879334,1
806,300,788605,1
807,300,825954,1
808,300,1011979,1
809,300,504799,1
810,300,1077766,0.94
811,300,908711,0.73
812,300,1210713,0.85
813,300,1065348,1
814,300,1001513,1
815,300,1393867,0.89
816,300,1202316,0.91
817,300,1000975,0.99
818,300,848270,1
819,300,1154068,0.98
820,300,1307353,0.99
821,300,952263,1
822,300,1421331,0.94
823,300,1248900,0.99
824,300,1149508,0.99
825,300,980328,1
826,300,1093709,1
827,300,1391468,0.88
828,300,1195408,0.98
829,300,1266985,0.99
830,300,1055314,1
831,300,1399498,0.83
832,300,1087513,0.9
833,300,1424404,0.89
834,300,1109915,1
835,300,1158418,0.82
836,300,893339,0.77
837,300,1179843,1
838,300,1363225,0.96
839,300,1218628,0.91
840,300,1320897,0.62
841,300,1383466,0.93
842,300,1099512,1
843,300,1030988,1
844,300,1289156,0.95
845,300,1171210,0.91
846,300,1375906,0.82
847,300,1236169,1
848,300,1149235,0.94
849,300,1007879,1
850,300,1229207,0.92
851,300,1020892,1
852,300,900287,1
853,300,1377811,0.96
854,300,675508,0.93
855,300,954755,0.95
856,300,1393946,0.98
857,300,1020841,1
858,300,1234265,0.86
859,300,1384990,0.97
860,300,1166059,0.99
861,300,1086879,0.97
862,300,938580,0.63
863,300,1012978,1
864,300,914504,0.84
865,300,1486372,0.77
866,300,1157996,1
867,300,1095480,0.96
868,300,1356060,0.92
869,300,1175957,0.96
870,300,922024,0.91
871,300,1294979,1
872,300,1288833,0.76
873,300,1090429,1
874,300,1326559,0.54
875,300,1357690,0.96
876,300,1353581,0.97
877,300,1369381,0.96
878,300,949932,0.98
879,300,1397959,0.94
880,300,1167557,0.94
881,300,1175375,1
882,300,1408199,0.93
883,300,1253597,0.8
884,300,1300477,1
885,300,1482536,0.87
886,300,1048261,0.98
887,300,805188,0.64
888,300,1218606,0.7
889,300,1399795,0.95
890,300,1099456,0.98
891,300,1196894,1
892,300,1134892,0.74
893,300,1212063,0.91
894,300,925510,0.84
895,300,1037454,1
896,300,969837,1
897,300,1232066,0.96
898,300,1123861,1
899,300,1190435,0.97
900,300,1133679,0.92
901,300,1050362,1
902,300,1106254,1
903,300,996793,1
904,300,1340930,0.99
905,300,1234668,0.94
906,300,1176318,0.89
907,300,1469277,0.81
908,300,1103146,1
909,300,1272879,1
910,300,1307906,0.93
911,300,1086845,0.98
912,300,1327000,0.99
913,300,1314682,0.95
914,300,1368156,0.93
915,300,1192420,1
916,300,1037487,1
917,300,1242319,0.73
918,300,1119080,0.85
919,300,1258248,0.97
920,300,1271173,0.98
921,300,979348,0.99
922,300,1339675,0.96
923,300,852534,0.68
924,300,1126697,1
925,300,1327391,0.99
926,300,1341990,0.91
927,300,1143141,0.99
928,300,1168981,1
929,300,920246,1
930,300,738159,0.99
931,300,1188457,0.95
932,300,801149,1
933,300,1289671,0.96
934,300,1374428,0.96
935,300,1254056,1
936,300,1340920,0.94
937,300,1187014,0.99
938,300,869071,1
939,300,1309739,0.94
940,300,1405277,0.94
941,300,1108805,1
942,300,1427679,0.96
943,300,1332094,0.97
944,300,1036470,0.89
945,300,1483039,0.9
946,300,1158670,0.98
947,300,1372762,0.99
948,300,1003507,0.98
949,300,1043023,0.99
950,300,1057571,1
951,300,1446468,0.92
952,300,920571,0.9
953,300,1316951,0.95
954,300,1383682,0.9
955,300,1334666,0.88
956,300,1181492,0.93
957,300,990874,1
958,300,1436742,0.91
959,300,773491,1
960,300,1301542,0.82
961,300,1232094,1
962,300,1012235,1
963,300,1206325,1
964,300,1200472,0.99
965,300,1092340,0.99
966,300,1176919,0.79
967,300,1390382,0.97
968,300,1314808,0.94
969,300,1292610,0.72
970,300,977039,1
971,300,940731,1
972,300,1034841,0.98
973,300,1311500,0.9
974,300,1226322,0.97
975,300,1255891,0.85
976,300,1089253,0.9
977,300,997099,1
978,300,1047454,0.99
979,300,1219024,1
980,300,1365982,0.9
981,300,1288894,0.94
982,300,1105747,1
983,300,1344380,0.8
984,300,1042720,1
985,300,930861,0.92
986,300,1298679,0.98
987,300,1111495,0.99
988,300,943315,0.93
989,300,930400,1
990,300,1310514,0.98
991,300,1217682,0.83
992,300,943034,0.94
993,300,908709,0.99
994,300,1434343,0.88
995,300,897748,0.99
996,300,1279615,0.96
997,300,1161603,0.91
998,300,1225012,0.98
999,300,936490,0.99
0,400,1429567,0.95
1,400,1807566,0.94
2,400,1599555,1
3,400,1840407,0.94
4,400,1688840,0.97
5,400,2031527,0.98
6,400,1976198,0.97
7,400,1601564,0.99
8,400,1579715,1
9,400,1820734,0.99
10,400,1749293,0.96
11,400,1914902,0.9
12,400,1819313,0.98
13,400,1710479,1
14,400,1610364,1
15,400,1860147,0.9
16,400,1148548,1
17,400,1807504,0.99
18,400,1593844,1
19,400,1949026,0.73
20,400,1536882,1
21,400,1195462,0.99
22,400,1587685,0.99
23,400,1352367,1
24,400,1775890,0.97
25,400,1985435,0.97
26,400,1421351,0.99
27,400,1838531,1
28,400,1851070,0.94
29,400,1643167,1
30,400,1737043,0.98
31,400,1847662,0.83
32,400,1347844,1
33,400,1623450,1
34,400,1418640,1
35,400,1325840,1
36,400,1894486,0.91
37,400,1473762,1
38,400,1688170,0.99
39,400,1161733,1
40,400,1483648,1
41,400,1127880,1
42,400,1302770,1
43,400,1517232,1
44,400,1855751,0.98
45,400,1493747,1
46,400,1253104,1
47,400,1726351,0.98
48,400,1175396,1
49,400,1335488,0.99
50,400,1392646,1
51,400,1755309,0.97
52,400,1776961,1
53,400,1781731,0.96
54,400,1864063,1
55,400,1716401,0.99
56,400,1886817,0.9
57,400,902079,1
58,400,1580628,1
59,400,1331211,1
60,400,1726377,0.99
61,400,1509106,1
62,400,1725554,0.98
63,400,1698112,0.97
64,400,1938022,0.71
65,400,1813117,0.97
66,400,1631664,1
67,400,1686534,0.96
68,400,1853820,0.98
69,400,1673157,1
70,400,2015268,0.9
71,400,1573300,1
72,400,1845274,0.99
73,400,1511627,1
74,400,1320302,0.97
75,400,1423153,1
76,400,1735540,0.98
77,400,1227469,1
78,400,1452858,1
79,400,1593831,1
80,400,1696449,0.93
81,400,1426312,1
82,400,1427437,0.99
83,400,1856965,0.98
84,400,1606717,0.99
85,400,1489403,1
86,400,1032399,0.99
87,400,1863216,0.96
88,400,1586564,0.97
89,400,975607,0.89
90,400,1474533,1
91,400,1482778,0.99
92,400,1761375,1
93,400,999921,1
94,400,943796,1
95,400,1655138,0.98
96,400,1772323,0.99
97,400,1615409,1
98,400,1634514,0.99
99,400,1552250,1
100,400,1504109,1
101,400,1836638,0.99
102,400,1604299,1
103,400,1774789,0.98
104,400,1611051,1
105,400,1758853,1
106,400,1413021,1
107,400,1389518,1
108,400,1452733,1
109,400,1768101,0.97
110,400,1675215,0.99
111,400,1228706,0.94
112,400,1505667,1
113,400,1591153,0.99
114,400,1860258,0.99
115,400,1680123,0.97
116,400,1395518,0.95
117,400,1647725,0.99
118,400,1934205,0.82
119,400,1443072,0.97
120,400,1780858,1
121,400,1534598,1
122,400,1531189,0.95
123,400,1436438,1
124,400,1523244,1
125,400,1727767,1
126,400,1940719,0.9
127,400,1368417,1
128,400,1162032,0.99
129,400,1796721,0.99
130,400,1534855,1
131,400,1753169,0.89
132,400,1116143,1
133,400,1274239,1
134,400,1300837,1
135,400,1553033,1
136,400,1164990,1
137,400,1035232,0.9
138,400,1428882,1
139,400,1456165,0.99
140,400,1874599,0.92
141,400,1133644,1
142,400,1664530,0.91
143,400,1117303,1
144,400,1326331,1
145,400,988153,1
146,400,1765280,0.98
147,400,1706673,0.99
148,400,1733092,0.8
149,400,1473671,1
150,400,1678598,0.99
151,400,1274459,0.88
152,400,1627696,1
153,400,1497134,1
154,400,1373949,0.99
155,400,1794470,0.96
156,400,1709935,0.98
157,400,1793958,0.99
158,400,1194758,1
159,400,1803970,0.99
160,400,1390091,1
161,400,1725593,1
162,400,1710741,0.97
163,400,1643329,0.98
164,400,1591183,0.99
165,400,1659321,1
166,400,1526599,1
167,400,1306928,1
168,400,1843933,0.99
169,400,982195,0.99
170,400,1923431,0.99
171,400,1346660,1
172,400,1711282,0.93
173,400,1578959,1
174,400,1591178,0.96
175,400,1778274,0.99
176,400,1659416,0.98
177,400,1814899,0.95
178,400,1528142,0.94
179,400,1680106,0.98
180,400,1986585,0.88
181,400,1678554,0.99
182,400,1620976,0.99
183,400,1723009,0.96
184,400,1527551,1
185,400,1696149,0.98
186,400,983373,1
187,400,717789,1
188,400,1314089,1
189,400,1750739,0.99
190,400,1527433,1
191,400,1621248,0.99
192,400,1443512,1
193,400,1129814,1
194,400,1305132,0.99
195,400,1883631,0.86
196,400,806151,1
197,400,1456036,0.99
198,400,1009014,1
199,400,1461230,0.99
200,400,1190646,1
201,400,1250703,1
202,400,1311607,1
203,400,1137577,1
204,400,1399842,0.99
205,400,1291637,1
206,400,1553772,0.89
207,400,1585143,1
208,400,1882159,0.85
209,400,1187638,1
210,400,1060498,1
211,400,1352274,1
212,400,1479631,1
213,400,1893450,0.96
214,400,1519476,1
215,400,1528526,0.99
216,400,1083031,0.95
217,400,1905994,0.99
218,400,1300438,1
219,400,1228645,0.96
220,400,1987108,0.93
221,400,1620313,1
222,400,1501410,1
223,400,1188081,0.99
224,400,1870459,0.81
225,400,1601677,1
226,400,1420927,1
227,400,1836448,1
228,400,1962008,0.9
229,400,1771233,0.81
230,400,1786193,0.98
231,400,1494591,1
232,400,1513777,0.98
233,400,1241352,1
234,400,1964883,0.88
235,400,1887052,0.98
236,400,1402483,1
237,400,1263904,1
238,400,1596085,1
239,400,1835800,1
240,400,1093836,1
241,400,1441943,1
242,400,1339849,1
243,400,1591019,1
244,400,1797695,0.98
245,400,1986452,0.85
246,400,1304147,1
247,400,1519905,1
248,400,1659835,1
249,400,1115273,1
250,400,991947,1
251,400,1087560,0.83
252,400,1587035,1
253,400,1218021,1
254,400,1680373,0.96
255,400,1424989,0.97
256,400,1287011,1
257,400,1485787,1
258,400,1638310,0.98
259,400,1137318,1
260,400,1591195,0.99
261,400,1371322,1
262,400,761945,1
263,400,1649020,1
264,400,1450112,1
265,400,1672905,0.9
266,400,1961548,0.93
267,400,1685711,0.98
268,400,1327517,1
269,400,1937060,0.98
270,400,1478049,1
271,400,1811027,0.98
272,400,1490866,0.99
273,400,1635424,1
274,400,1237538,1
275,400,1681316,0.84
276,400,1579367,0.99
277,400,1167786,1
278,400,1311102,1
279,400,1786206,0.94
280,400,1748735,0.99
281,400,1480923,1
282,400,1497742,1
283,400,1736082,1
284,400,1780998,1
285,400,1209142,0.98
286,400,1691847,0.94
287,400,1895616,0.96
288,400,1765861,1
289,400,1484891,1
290,400,1093956,1
291,400,1920108,0.89
292,400,1492174,1
293,400,1442013,1
294,400,1466806,0.99
295,400,1266788,1
296,400,1019719,1
297,400,1266423,0.95
298,400,1278410,0.93
299,400,1444962,1
300,400,1111961,1
301,400,1653990,0.99
302,400,1647075,1
303,400,1168354,1
304,400,1812085,1
305,400,1032332,1
306,400,1970692,0.92
307,400,1371687,1
308,400,1502771,0.99
309,400,1642395,1
310,400,1871083,0.88
311,400,1488382,0.99
312,400,1587036,0.99
313,400,1965782,0.9
314,400,1682372,1
315,400,1374808,1
316,400,1660136,1
317,400,1046578,1
318,400,1066125,1
319,400,957850,1
320,400,1268462,0.99
321,400,1294854,1
322,400,1186339,1
323,400,1556305,1
324,400,1858063,0.93
325,400,1387888,1
326,400,1371077,1
327,400,1093364,1
328,400,1522291,1
329,400,1945448,0.82
330,400,1179342,1
331,400,1246529,1
332,400,1684760,0.98
333,400,1496664,1
334,400,1619176,0.99
335,400,1765156,1
336,400,1161547,0.93
337,400,1848626,0.9
338,400,1196941,1
339,400,1785724,0.99
340,400,1596034,1
341,400,1225615,1
342,400,1805349,0.94
343,400,1851393,1
344,400,1323011,1
345,400,1986234,0.87
346,400,1732797,0.95
347,400,1638838,0.85
348,400,1906986,0.99
349,400,1139635,1
350,400,1844508,0.99
351,400,1279052,1
352,400,1788174,0.98
353,400,1305586,1
354,400,1212161,1
355,400,1546997,1
356,400,980662,1
357,400,1358918,1
358,400,1457100,0.99
359,400,1563546,0.99
360,400,1102950,1
361,400,1601864,0.99
362,400,916945,1
363,400,1325133,1
364,400,1738139,0.99
365,400,1654117,1
366,400,1639521,0.88
367,400,1700525,1
368,400,1214755,0.99
369,400,1365774,1
370,400,1467171,0.91
371,400,1983350,0.95
372,400,1648321,0.93
373,400,1771674,0.97
374,400,1487129,1
375,400,1504236,1
376,400,1513876,1
377,400,1869423,0.95
378,400,1965183,0.8
379,400,1024585,1
380,400,1845852,0.91
381,400,1079214,1
382,400,1099935,0.99
383,400,1077067,1
384,400,1557766,1
385,400,1105015,1
386,400,1827704,0.95
387,400,1936883,0.92
388,400,1920578,0.97
389,400,1676197,0.98
390,400,1164595,1
391,400,1561247,1
392,400,1674476,0.95
393,400,1750372,0.96
394,400,993396,1
395,400,1847618,0.98
396,400,1861226,0.99
397,400,1913152,0.89
398,400,1712823,0.99
399,400,1602969,0.91
400,400,1453520,1
401,400,1610372,1
402,400,1551466,1
403,400,1471451,1
404,400,1318420,1
405,400,1984055,0.73
406,400,1650006,0.87
407,400,1531460,1
408,400,1318349,1
409,400,1376497,1
410,400,1063082,1
411,400,1368572,1
412,400,1466522,1
413,400,1573769,1
414,400,1354260,1
415,400,1070530,1
416,400,1181010,1
417,400,1678139,1
418,400,1243394,0.88
419,400,1683415,1
420,400,1841525,1
421,400,1329609,1
422,400,1148131,1
423,400,1220485,0.99
424,400,1454500,1
425,400,1255427,0.99
426,400,1597304,0.85
427,400,1787963,0.97
428,400,1227258,0.99
429,400,1372069,1
430,400,1479269,1
431,400,1112992,1
432,400,1606534,1
433,400,1069539,1
434,400,1122722,1
435,400,1497121,1
436,400,1306070,1
437,400,1450648,1
438,400,1443178,1
439,400,1830603,0.91
440,400,1275826,1
441,400,1649981,0.92
442,400,1707088,0.84
443,400,1571344,1
444,400,1407893,1
445,400,1545950,0.91
446,400,1460368,0.99
447,400,1901676,0.92
448,400,1159698,1
449,400,1478183,1
450,400,1769105,0.96
451,400,1924532,0.94
452,400,1907114,0.62
453,400,1724492,0.95
454,400,1278458,1
455,400,1139707,0.99
456,400,1463714,1
457,400,1772983,0.9
458,400,1654599,1
459,400,1674737,1
460,400,1435220,0.89
461,400,1647080,0.99
462,400,1550079,1
463,400,1656848,0.99
464,400,1450381,0.99
465,400,1674590,0.98
466,400,1380150,1
467,400,1217420,1
468,400,1771514,0.98
469,400,1627245,0.99
470,400,1628252,1
471,400,1687593,0.96
472,400,1502523,0.69
473,400,1937751,0.91
474,400,1487212,1
475,400,1949050,0.77
476,400,1375133,1
477,400,1239827,1
478,400,1358615,1
479,400,1838984,0.92
480,400,1404388,0.99
481,400,1544095,1
482,400,1317211,1
483,400,1690114,0.95
484,400,1420479,1
485,400,1086900,1
486,400,1855787,0.99
487,400,1479209,0.99
488,400,1494522,0.96
489,400,1302958,0.96
490,400,1284678,0.99
491,400,1132696,1
492,400,1108138,1
493,400,1551530,1
494,400,1717864,0.97
495,400,1800746,0.96
496,400,1670267,1
497,400,1575295,0.99
498,400,1799603,0.96
499,400,1449527,1
500,400,1148522,1
501,400,1886895,0.86
502,400,1294431,1
503,400,1520758,1
504,400,1981409,0.9
505,400,1649134,1
506,400,1313163,1
507,400,1505582,0.6
508,400,1612906,0.99
509,400,1798123,0.84
510,400,1574594,0.97
511,400,1640835,1
512,400,1061760,1
513,400,1747556,0.98
514,400,1332386,0.9
515,400,1919776,0.96
516,400,1500955,1
517,400,1611549,0.86
518,400,1342724,1
519,400,1692901,0.96
520,400,1776542,0.96
521,400,1079309,1
522,400,1681541,1
523,400,1093215,1
524,400,1514311,1
525,400,1283034,1
526,400,1582855,1
527,400,1610807,0.98
528,400,1164164,0.99
529,400,1196998,1
530,400,1716739,0.89
531,400,1981102,0.92
532,400,1655738,0.98
533,400,1679165,0.99
534,400,1827591,0.99
535,400,1801719,0.97
536,400,1698011,0.97
537,400,1740812,0.99
538,400,1309495,0.99
539,400,1800781,0.97
540,400,1393534,0.98
541,400,1402315,1
542,400,1202240,0.99
543,400,1506961,1
544,400,1726198,0.98
545,400,1807572,0.99
546,400,894037,1
547,400,1810228,0.97
548,400,1468658,0.9
549,400,1242914,1
550,400,1112584,1
551,400,1061774,1
552,400,1411159,0.99
553,400,1685847,0.93
554,400,1441301,0.99
555,400,1691241,0.99
556,400,1754186,0.95
557,400,1756001,0.95
558,400,1263996,1
559,400,1807276,0.98
560,400,1727315,1
561,400,1647051,0.97
562,400,1816119,0.98
563,400,1512900,0.98
564,400,1360230,0.98
565,400,1679351,0.91
566,400,1642825,0.92
567,400,1714340,0.94
568,400,1437538,0.99
569,400,1700567,0.96
570,400,1288974,1
571,400,1464185,1
572,400,1183567,1
573,400,1679663,0.99
574,400,1549197,0.96
575,400,861712,1
576,400,1877664,0.93
577,400,1681647,1
578,400,1458776,0.99
579,400,1803671,0.65
580,400,1747775,0.82
581,400,1930596,0.96
582,400,1347688,0.97
583,400,1759937,1
584,400,1413886,1
585,400,1639439,0.89
586,400,1605444,1
587,400,1583605,0.96
588,400,1504009,1
589,400,1664018,0.99
590,400,1584271,0.99
591,400,1678682,0.97
592,400,1720679,0.98
593,400,1552017,0.99
594,400,1710020,1
595,400,972255,1
596,400,1548804,0.99
597,400,1550069,0.97
598,400,1649641,0.94
599,400,1532409,0.98
600,400,1924151,0.83
601,400,1618006,0.83
602,400,1835604,0.95
603,400,1485416,1
604,400,1562447,1
605,400,1389162,1
606,400,1584291,1
607,400,1766429,0.93
608,400,1384326,0.99
609,400,1387222,1
610,400,1292542,1
611,400,1503282,1
612,400,1415445,0.99
613,400,1361742,1
614,400,1772802,0.94
615,400,1730782,0.92
616,400,1780890,0.95
617,400,1426125,1
618,400,1650799,0.86
619,400,1799396,0.84
620,400,1468879,1
621,400,1321111,0.97
622,400,1519634,0.95
623,400,1717754,0.98
624,400,1774061,1
625,400,1068971,1
626,400,1751141,0.93
627,400,970326,1
628,400,1378657,0.99
629,400,1269922,0.99
630,400,1492669,0.91
631,400,1910042,1
632,400,1133324,1
633,400,1498850,0.96
634,400,897488,1
635,400,1641233,0.87
636,400,1739661,0.93
637,400,1574679,1
638,400,1843480,0.97
639,400,1752282,0.95
640,400,1388618,0.99
641,400,1711893,0.98
642,400,1262039,1
643,400,1332381,0.95
644,400,1329580,1
645,400,1681303,0.96
646,400,1720987,0.98
647,400,1625382,0.98
648,400,1278732,1
649,400,1624374,0.99
650,400,1516868,0.99
651,400,1502383,0.99
652,400,1053886,1
653,400,1173789,1
654,400,1724197,0.94
655,400,1795462,0.93
656,400,1334686,0.77
657,400,1037149,1
658,400,1827209,0.97
659,400,1861576,0.91
660,400,1560491,0.99
661,400,1488464,0.99
662,400,1659195,0.91
663,400,1734719,0.97
664,400,1958818,0.9
665,400,1681805,1
666,400,1682737,0.99
667,400,1525086,0.99
668,400,1797323,1
669,400,1197661,1
670,400,1866961,0.79
671,400,1558317,1
672,400,1893430,0.8
673,400,1713781,0.89
674,400,1784198,0.75
675,400,1933699,0.91
676,400,1417450,0.97
677,400,1680372,0.74
678,400,958199,1
679,400,1764108,0.93
680,400,1632954,0.96
681,400,1238398,0.99
682,400,1395750,1
683,400,1288870,1
684,400,1544517,0.95
685,400,974604,1
686,400,1354949,1
687,400,1156475,0.82
688,400,1511452,0.99
689,400,1496773,1
690,400,1778979,0.94
691,400,1472777,0.92
692,400,927316,1
693,400,1741980,0.98
694,400,1915662,0.93
695,400,731751,1
696,400,1526314,0.82
697,400,1645743,1
698,400,1301418,1
699,400,1337791,0.99
700,400,2026533,0.79
701,400,1400364,1
702,400,1613001,0.99
703,400,1583809,0.96
704,400,1737407,1
705,400,1768080,0.98
706,400,1926516,0.83
707,400,1624461,0.76
708,400,1490165,1
709,400,1426597,0.98
710,400,1577273,0.75
711,400,1270429,0.9
712,400,1779827,0.98
713,400,992741,1
714,400,1432200,0.98
715,400,1797533,0.99
716,400,1540706,1
717,400,1048196,0.94
718,400,1834411,0.94
719,400,958437,1
720,400,1489299,1
721,400,1344764,1
722,400,1718763,0.63
723,400,1084154,1
724,400,1216432,0.99
725,400,1716315,0.98
726,400,1444531,1
727,400,1751893,0.88
728,400,1492544,1
729,400,1816152,0.98
730,400,1643797,1
731,400,1679496,1
732,400,1319042,1
733,400,1087962,0.96
734,400,1901386,0.88
735,400,1559501,1
736,400,1074984,1
737,400,1710861,0.99
738,400,1570683,0.75
739,400,1953222,0.93
740,400,1264319,0.99
741,400,1494355,0.98
742,400,1490214,0.93
743,400,1483667,0.99
744,400,1746736,0.97
745,400,1076484,0.96
746,400,1456027,0.98
747,400,1555086,1
748,400,1059900,0.97
749,400,1185936,1
750,400,1522251,1
751,400,1427384,1
752,400,1414039,0.98
753,400,1599276,1
754,400,1545401,0.86
755,400,1251918,1
756,400,1712265,0.97
757,400,1779074,1
758,400,1218292,1
759,400,1554741,0.99
760,400,1465043,1
761,400,1673258,0.77
762,400,1723023,0.98
763,400,1623152,0.99
764,400,1564703,0.97
765,400,1697325,0.99
766,400,1759192,1
767,400,1771664,0.88
768,400,1106836,0.97
769,400,1741833,0.94
770,400,1153410,0.99
771,400,1587895,1
772,400,1796617,0.95
773,400,1465716,1
774,400,1737560,0.76
775,400,1383420,0.91
776,400,1807621,0.97
777,400,1547554,0.93
778,400,1864376,1
779,400,1445541,1
780,400,1199352,1
781,400,1576872,1
782,400,1833265,0.97
783,400,1121910,0.95
784,400,1439975,1
785,400,984390,1
786,400,1445919,1
787,400,1719173,1
788,400,1933664,0.96
789,400,1304706,1
790,400,1202319,1
791,400,1908802,0.9
792,400,1561245,1
793,400,1757833,1
794,400,1643740,0.96
795,400,1712821,0.98
796,400,1778996,0.97
797,400,1802183,0.96
798,400,1510078,1
799,400,1447504,1
800,400,1535018,1
801,400,1667884,1
802,400,1541885,0.95
803,400,1687536,1
804,400,1597457,1
805,400,1151598,1
806,400,948350,1
807,400,1019845,1
808,400,1275751,1
809,400,684678,1
810,400,1344438,0.95
811,400,1173955,0.78
812,400,1548684,0.89
813,400,1348752,1
814,400,1267497,1
815,400,1779979,0.91
816,400,1596754,0.93
817,400,1292061,0.99
818,400,1078007,1
819,400,1486300,1
820,400,1667122,1
821,400,1179202,1
822,400,1850084,0.95
823,400,1599802,0.99
824,400,1458330,0.99
825,400,1232183,1
826,400,1366862,1
827,400,1772699,0.88
828,400,1556579,0.98
829,400,1661579,1
830,400,1326349,1
831,400,1785395,0.88
832,400,1433227,0.9
833,400,1837446,0.9
834,400,1383908,1
835,400,1508020,0.87
836,400,1109809,0.79
837,400,1558884,1
838,400,1711985,0.99
839,400,1559695,0.93
840,400,1736188,0.75
841,400,1743378,0.94
842,400,1416961,1
843,400,1304900,1
844,400,1659190,0.96
845,400,1523654,0.92
846,400,1779789,0.88
847,400,1614247,1
848,400,1456805,0.95
849,400,1305402,1
850,400,1589861,0.94
851,400,1278411,1
852,400,1162828,1
853,400,1791638,0.97
854,400,820702,0.94
855,400,1153107,0.95
856,400,1820013,0.99
857,400,1372301,1
858,400,1649360,0.91
859,400,1760256,0.98
860,400,1462252,1
861,400,1386909,0.99
862,400,1173287,0.72
863,400,1273320,1
864,400,1160690,0.86
865,400,1906737,0.87
866,400,1474937,1
867,400,1395915,0.96
868,400,1768811,0.93
869,400,1525542,0.98
870,400,1223022,0.93
871,400,1630443,1
872,400,1707673,0.78
873,400,1355396,1
874,400,1728358,0.58
875,400,1742868,0.98
876,400,1735210,0.99
877,400,1768912,0.99
878,400,1180604,1
879,400,1849002,0.94
880,400,1483926,0.97
881,400,1579074,1
882,400,1842657,0.95
883,400,1579611,0.82
884,400,1710057,1
885,400,1960278,0.91
886,400,1340535,0.99
887,400,1039797,0.67
888,400,1549364,0.73
889,400,1779724,0.97
890,400,1391599,0.98
891,400,1541561,1
892,400,1507072,0.82
893,400,1558461,0.91
894,400,1151965,0.85
895,400,1323346,1
896,400,1217524,1
897,400,1629419,0.97
898,400,1445489,1
899,400,1481606,0.97
900,400,1478307,0.92
901,400,1358439,1
902,400,1385331,1
903,400,1258959,1
904,400,1741334,0.99
905,400,1607860,0.94
906,400,1482962,0.91
907,400,1893159,0.88
908,400,1396779,1
909,400,1659498,1
910,400,1708087,0.97
911,400,1410288,0.98
912,400,1732092,1
913,400,1668255,0.96
914,400,1756750,0.95
915,400,1509157,1
916,400,1320712,1
917,400,1591042,0.78
918,400,1381003,0.88
919,400,1624514,0.99
920,400,1679494,0.99
921,400,1242116,0.99
922,400,1720826,0.97
923,400,1102747,0.73
924,400,1357980,1
925,400,1725441,1
926,400,1716231,0.92
927,400,1441097,1
928,400,1478060,1
929,400,1155001,1
930,400,901674,1
931,400,1534470,0.96
932,400,978330,1
933,400,1658567,0.98
934,400,1758811,0.99
935,400,1607392,1
936,400,1701918,0.99
937,400,1496693,0.99
938,400,1094180,1
939,400,1621000,0.94
940,400,1820729,0.96
941,400,1430749,1
942,400,1793999,0.97
943,400,1726345,0.97
944,400,1300267,0.9
945,400,1932140,0.9
946,400,1448556,1
947,400,1779243,1
948,400,1270844,0.98
949,400,1346085,0.99
950,400,1376940,1
951,400,1858918,0.92
952,400,1176206,0.93
953,400,1715307,0.97
954,400,1814708,0.96
955,400,1688004,0.9
956,400,1464010,0.95
957,400,1215625,1
958,400,1863487,0.92
959,400,1167767,1
960,400,1686069,0.87
961,400,1607069,1
962,400,1219247,1
963,400,1531409,1
964,400,1529929,1
965,400,1397108,1
966,400,1489237,0.81
967,400,1775944,0.98
968,400,1672814,0.96
969,400,1682592,0.76
970,400,1208563,1
971,400,1233934,1
972,400,1369462,1
973,400,1660021,0.96
974,400,1559733,0.97
975,400,1577916,0.87
976,400,1378641,0.93
977,400,1234880,1
978,400,1278852,0.99
979,400,1518278,1
980,400,1787928,0.91
981,400,1698471,0.96
982,400,1385804,1
983,400,1749445,0.81
984,400,1433082,1
985,400,1197900,0.94
986,400,1682502,1
987,400,1381258,0.99
988,400,1185832,0.96
989,400,1178547,1
990,400,1683144,0.98
991,400,1554266,0.85
992,400,1201292,0.96
993,400,1144987,0.99
994,400,1858537,0.92
995,400,1118829,1
996,400,1663230,0.98
997,400,1518795,0.95
998,400,1595209,0.98
999,400,1206142,0.99
0,500,1706273,0.95
1,500,2213573,0.94
2,500,1940862,1
3,500,2274192,0.94
4,500,2073459,1
5,500,2440473,0.98
6,500,2407180,0.97
7,500,1979036,1
8,500,1925873,1
9,500,2223493,0.99
10,500,2174819,0.96
11,500,2357407,0.92
12,500,2214118,0.98
13,500,2098732,1
14,500,1972281,1
15,500,2291231,0.94
16,500,1345556,1
17,500,2177032,0.99
18,500,1917140,1
19,500,2388483,0.82
20,500,1890291,1
21,500,1397307,0.99
22,500,1947892,0.99
23,500,1631515,1
24,500,2191822,0.99
25,500,2441360,0.98
26,500,1651549,0.99
27,500,2238748,1
28,500,2240448,0.96
29,500,1991686,1
30,500,2103467,0.98
31,500,2273068,0.86
32,500,1636041,1
33,500,1956597,1
34,500,1718394,1
35,500,1566730,1
36,500,2321052,0.93
37,500,1796289,1
38,500,2097497,1
39,500,1414056,1
40,500,1800607,1
41,500,1351251,1
42,500,1547854,1
43,500,1877763,1
44,500,2271782,0.98
45,500,1782422,1
46,500,1503372,1
47,500,2119026,0.99
48,500,1454078,1
49,500,1674294,1
50,500,1675622,1
51,500,2142602,0.97
52,500,2184977,1
53,500,2138780,0.96
54,500,2296687,1
55,500,2083440,0.99
56,500,2273577,0.93
57,500,1051323,1
58,500,1920242,1
59,500,1608612,1
60,500,2105631,0.99
61,500,1872893,1
62,500,2094214,0.99
63,500,2108471,0.98
64,500,2341301,0.78
65,500,2227447,0.98
66,500,1946818,1
67,500,2037972,0.97
68,500,2265801,0.99
69,500,2042274,1
70,500,2437308,0.93
71,500,1918323,1
72,500,2266694,1
73,500,1846630,1
74,500,1538502,1
75,500,1739357,1
76,500,2108483,0.99
77,500,1480625,1
78,500,1755343,1
79,500,1913217,1
80,500,2076963,0.94
81,500,1723568,1
82,500,1711449,1
83,500,2252681,0.98
84,500,1932944,0.99
85,500,1791919,1
86,500,1225940,0.99
87,500,2234573,0.97
88,500,1925552,0.98
89,500,1134045,0.92
90,500,1768374,1
91,500,1774165,0.99
92,500,2135952,1
93,500,1209474,1
94,500,1155204,1
95,500,2006370,0.99
96,500,2191827,0.99
97,500,1971471,1
98,500,2005618,0.99
99,500,1901594,1
100,500,1844519,1
101,500,2212241,1
102,500,1977656,1
103,500,2169412,0.99
104,500,1980828,1
105,500,2130374,1
106,500,1679236,1
107,500,1697541,1
108,500,1750260,1
109,500,2161253,0.98
110,500,2016723,0.99
111,500,1439849,0.96
112,500,1859144,1
113,500,1908797,1
114,500,2253105,0.99
115,500,2084443,0.98
116,500,1702273,0.96
117,500,2005135,0.99
118,500,2332789,0.82
119,500,1774927,0.97
120,500,2178991,1
121,500,1878205,1
122,500,1867721,0.96
123,500,1754971,1
124,500,1859784,1
125,500,2121126,1
126,500,2380826,0.91
127,500,1628000,1
128,500,1357096,0.99
129,500,2214557,1
130,500,1882253,1
131,500,2154995,0.91
132,500,1335846,1
133,500,1569243,1
134,500,1563383,1
135,500,1882993,1
136,500,1385805,1
137,500,1239517,0.9
138,500,1759462,1
139,500,1741031,0.99
140,500,2316557,0.92
141,500,1364956,1
142,500,2025530,0.92
143,500,1352690,1
144,500,1622694,1
145,500,1162616,1
146,500,2153970,1
147,500,2074477,0.99
148,500,2144669,0.83
149,500,1789996,1
150,500,2029598,1
151,500,1540192,0.9
152,500,1962344,1
153,500,1807817,1
154,500,1680481,0.99
155,500,2202046,0.96
156,500,2146590,0.98
157,500,2188000,1
158,500,1406838,1
159,500,2202285,0.99
160,500,1679365,1
161,500,2098572,1
162,500,2108554,0.99
163,500,1996372,0.99
164,500,1908101,1
165,500,2003253,1
166,500,1849453,1
167,500,1550738,1
168,500,2240479,0.99
169,500,1163549,1
170,500,2349488,0.99
171,500,1618057,1
172,500,2124246,0.94
173,500,1904726,1
174,500,1947787,0.96
175,500,2152267,0.99
176,500,2021680,0.98
177,500,2162451,0.98
178,500,1853347,0.97
179,500,2059438,0.99
180,500,2385911,0.91
181,500,2068961,0.99
182,500,1947366,0.99
183,500,2075036,0.97
184,500,1841467,1
185,500,2028214,0.98
186,500,1162868,1
187,500,864341,1
188,500,1591030,1
189,500,2146272,0.99
190,500,1836668,1
191,500,1950086,0.99
192,500,1723363,1
193,500,1364102,1
194,500,1538866,0.99
195,500,2329153,0.9
196,500,993737,1
197,500,1771985,0.99
198,500,1252610,1
199,500,1816591,0.99
200,500,1431050,1
201,500,1526617,1
202,500,1609100,1
203,500,1349839,1
204,500,1727894,0.99
205,500,1604573,1
206,500,1864805,0.9
207,500,1909419,1
208,500,2367479,0.87
209,500,1471060,1
210,500,1286527,1
211,500,1615357,1
212,500,1858550,1
213,500,2319544,0.98
214,500,1871006,1
215,500,1859226,0.99
216,500,1272689,0.95
217,500,2379537,0.99
218,500,1552746,1
219,500,1446721,0.98
220,500,2386043,0.95
221,500,1967325,1
222,500,1838797,1
223,500,1404843,1
224,500,2289349,0.81
225,500,1988475,1
226,500,1774038,1
227,500,2211102,1
228,500,2360578,0.93
229,500,2138557,0.85
230,500,2166193,0.98
231,500,1784236,1
232,500,1858827,0.98
233,500,1489882,1
234,500,2348361,0.9
235,500,2363904,0.98
236,500,1660655,1
237,500,1545090,1
238,500,1893447,1
239,500,2200555,1
240,500,1310362,1
241,500,1711338,1
242,500,1584378,1
243,500,1922620,1
244,500,2164870,0.98
245,500,2433561,0.89
246,500,1590206,1
247,500,1825683,1
248,500,2047043,1
249,500,1323023,1
250,500,1197591,1
251,500,1303082,0.84
252,500,1925569,1
253,500,1483273,1
254,500,2034574,0.98
255,500,1718803,0.97
256,500,1582621,1
257,500,1798971,1
258,500,2008181,1
259,500,1363823,1
260,500,1943418,0.99
261,500,1695142,1
262,500,919485,1
263,500,2014860,1
264,500,1799755,1
265,500,2024783,0.93
266,500,2365266,0.94
267,500,2048923,0.99
268,500,1576268,1
269,500,2387362,0.99
270,500,1811346,1
271,500,2188132,1
272,500,1813582,0.99
273,500,2004652,1
274,500,1482039,1
275,500,2043879,0.85
276,500,1911144,0.99
277,500,1395233,1
278,500,1554112,1
279,500,2110644,0.95
280,500,2124561,1
281,500,1798283,1
282,500,1822048,1
283,500,2124697,1
284,500,2165826,1
285,500,1471894,0.98
286,500,2044780,0.94
287,500,2286926,0.98
288,500,2147711,1
289,500,1823635,1
290,500,1304886,1
291,500,2343924,0.91
292,500,1833642,1
293,500,1763225,1
294,500,1787929,0.99
295,500,1506240,1
296,500,1210361,1
297,500,1533589,0.96
298,500,1545174,0.94
299,500,1787324,1
300,500,1347779,1
301,500,2021414,0.99
302,500,1990622,1
303,500,1418324,1
304,500,2215184,1
305,500,1225585,1
306,500,2437156,0.92
307,500,1621167,1
308,500,1782903,0.99
309,500,2023943,1
310,500,2315202,0.91
311,500,1788836,0.99
312,500,1926620,0.99
313,500,2379401,0.93
314,500,2078309,1
315,500,1605514,1
316,500,2014258,1
317,500,1261738,1
318,500,1295424,1
319,500,1149343,1
320,500,1473121,0.99
321,500,1512728,1
322,500,1394184,1
323,500,1854710,1
324,500,2216951,0.95
325,500,1716302,1
326,500,1630656,1
327,500,1304301,1
328,500,1780016,1
329,500,2422154,0.85
330,500,1386038,1
331,500,1491862,1
332,500,2030289,0.98
333,500,1821250,1
334,500,1961101,0.99
335,500,2172352,1
336,500,1372651,0.94
337,500,2273911,0.95
338,500,1407283,1
339,500,2184260,0.99
340,500,1932664,1
341,500,1450103,1
342,500,2229911,0.95
343,500,2283087,1
344,500,1558782,1
345,500,2390645,0.9
346,500,2084329,0.95
347,500,1985313,0.88
348,500,2291931,0.99
349,500,1378452,1
350,500,2199380,0.99
351,500,1578901,1
352,500,2146012,0.99
353,500,1571771,1
354,500,1443018,1
355,500,1861521,1
356,500,1182136,1
357,500,1614929,1
358,500,1774337,0.99
359,500,1878135,1
360,500,1377701,1
361,500,1917486,0.99
362,500,1123414,1
363,500,1556704,1
364,500,2097661,1
365,500,2003359,1
366,500,1978952,0.9
367,500,2108062,1
368,500,1422685,0.99
369,500,1647290,1
370,500,1789107,0.93
371,500,2426094,0.97
372,500,1980046,0.93
373,500,2154722,0.98
374,500,1765837,1
375,500,1847725,1
376,500,1829769,1
377,500,2239215,0.97
378,500,2405695,0.83
379,500,1197006,1
380,500,2232435,0.94
381,500,1267688,1
382,500,1307333,0.99
383,500,1266886,1
384,500,1874716,1
385,500,1312150,1
386,500,2186577,0.96
387,500,2377447,0.95
388,500,2319485,0.98
389,500,2048541,0.99
390,500,1413659,1
391,500,1896399,1
392,500,2027565,0.97
393,500,2136803,0.97
394,500,1191293,1
395,500,2247810,1
396,500,2282857,1
397,500,2329836,0.91
398,500,2038144,0.99
399,500,1871409,0.93
400,500,1754289,1
401,500,1994677,1
402,500,1845084,1
403,500,1814451,1
404,500,1564455,1
405,500,2431543,0.75
406,500,1988955,0.88
407,500,1856257,1
408,500,1584081,1
409,500,1648010,1
410,500,1279555,1
411,500,1668486,1
412,500,1756525,1
413,500,1929374,1
414,500,1650518,1
415,500,1308641,1
416,500,1431512,1
417,500,1978056,1
418,500,1492247,0.88
419,500,2008790,1
420,500,2205670,1
421,500,1614304,1
422,500,1355552,1
423,500,1468743,0.99
424,500,1756647,1
425,500,1474320,0.99
426,500,1916904,0.87
427,500,2210176,0.99
428,500,1460182,0.99
429,500,1625023,1
430,500,1739475,1
431,500,1294782,1
432,500,1949157,1
433,500,1269969,1
434,500,1336180,1
435,500,1796891,1
436,500,1560185,1
437,500,1747956,1
438,500,1715220,1
439,500,2231022,0.92
440,500,1530936,1
441,500,1975918,0.94
442,500,2036867,0.87
443,500,1908778,1
444,500,1693261,1
445,500,1902519,0.92
446,500,1737840,1
447,500,2331066,0.93
448,500,1368564,1
449,500,1775203,1
450,500,2148305,0.98
451,500,2353461,0.95
452,500,2348952,0.7
453,500,2105147,0.96
454,500,1515751,1
455,500,1323324,1
456,500,1775989,1
457,500,2131342,0.9
458,500,1990653,1
459,500,2034604,1
460,500,1719230,0.91
461,500,2020049,0.99
462,500,1877512,1
463,500,2002495,0.99
464,500,1798098,0.99
465,500,2012038,0.99
466,500,1635382,1
467,500,1474717,1
468,500,2173798,0.98
469,500,1935795,0.99
470,500,2021219,1
471,500,2087708,0.97
472,500,1823555,0.7
473,500,2377003,0.91
474,500,1807195,1
475,500,2411378,0.8
476,500,1712884,1
477,500,1486454,1
478,500,1627779,1
479,500,2229256,0.94
480,500,1676893,0.99
481,500,1893986,1
482,500,1586861,1
483,500,2068123,0.97
484,500,1726570,1
485,500,1366711,1
486,500,2255003,0.99
487,500,1786187,1
488,500,1824673,0.96
489,500,1567333,0.96
490,500,1523914,0.99
491,500,1369494,1
492,500,1362647,1
493,500,1891189,1
494,500,2064423,0.98
495,500,2178350,0.97
496,500,2026330,1
497,500,1943751,0.99
498,500,2163248,0.97
499,500,1723108,1
500,500,1372800,1
501,500,2302717,0.9
502,500,1562369,1
503,500,1834146,1
504,500,2469475,0.91
505,500,2023361,1
506,500,1514900,1
507,500,1867321,0.67
508,500,1958658,0.99
509,500,2219588,0.88
510,500,1896452,0.97
511,500,1974818,1
512,500,1257238,1
513,500,2125580,0.99
514,500,1603407,0.91
515,500,2345795,0.97
516,500,1830204,1
517,500,1990452,0.9
518,500,1620904,1
519,500,2060683,0.96
520,500,2158884,0.97
521,500,1240056,1
522,500,2053196,1
523,500,1309859,1
524,500,1852121,1
525,500,1553596,1
526,500,1934847,1
527,500,1907646,0.99
528,500,1395746,1
529,500,1431729,1
530,500,2055015,0.89
531,500,2382717,0.95
532,500,2021488,0.99
533,500,2034161,0.99
534,500,2215481,0.99
535,500,2169069,0.98
536,500,2042186,0.99
537,500,2126560,0.99
538,500,1555452,1
539,500,2178503,0.97
540,500,1675156,0.99
541,500,1668604,1
542,500,1453483,0.99
543,500,1862681,1
544,500,2078991,0.99
545,500,2204462,1
546,500,1084809,1
547,500,2224751,0.99
548,500,1764648,0.92
549,500,1517741,1
550,500,1331701,1
551,500,1302530,1
552,500,1668380,0.99
553,500,2066109,0.94
554,500,1730321,0.99
555,500,2058075,0.99
556,500,2128695,0.97
557,500,2159180,0.97
558,500,1555301,1
559,500,2203605,0.98
560,500,2109962,1
561,500,2017466,0.98
562,500,2201178,1
563,500,1840221,0.99
564,500,1622756,0.98
565,500,2027333,0.94
566,500,2020669,0.93
567,500,2079229,0.96
568,500,1742722,1
569,500,2051192,0.97
570,500,1511318,1
571,500,1775364,1
572,500,1399746,1
573,500,2054345,0.99
574,500,1860149,0.97
575,500,1052434,1
576,500,2259185,0.93
577,500,2009032,1
578,500,1721245,0.99
579,500,2202142,0.7
580,500,2095560,0.84
581,500,2365771,0.99
582,500,1655669,0.97
583,500,2134906,1
584,500,1724503,1
585,500,1961629,0.89
586,500,1964558,1
587,500,1966311,0.96
588,500,1846906,1
589,500,2050127,0.99
590,500,1943792,1
591,500,2060377,0.97
592,500,2086967,0.98
593,500,1872661,1
594,500,2100040,1
595,500,1158852,1
596,500,1850161,0.99
597,500,1826412,0.97
598,500,1983683,0.96
599,500,1838346,1
600,500,2353363,0.86
601,500,1952029,0.83
602,500,2241466,0.97
603,500,1801791,1
604,500,1888624,1
605,500,1650686,1
606,500,1931640,1
607,500,2180708,0.95
608,500,1665936,0.99
609,500,1668106,1
610,500,1536184,1
611,500,1829972,1
612,500,1703296,1
613,500,1648942,1
614,500,2169232,0.94
615,500,2131142,0.93
616,500,2162760,0.97
617,500,1751566,1
618,500,2001236,0.87
619,500,2237625,0.86
620,500,1801702,1
621,500,1628321,0.98
622,500,1846679,0.98
623,500,2102919,0.99
624,500,2166596,1
625,500,1267004,1
626,500,2132248,0.96
627,500,1146999,1
628,500,1668889,0.99
629,500,1482791,0.99
630,500,1834336,0.92
631,500,2330562,1
632,500,1315688,1
633,500,1852534,0.99
634,500,1052248,1
635,500,2143971,0.9
636,500,2135359,0.94
637,500,1913524,1
638,500,2095027,0.98
639,500,2157357,0.97
640,500,1662246,0.99
641,500,2053849,0.98
642,500,1531238,1
643,500,1704228,0.96
644,500,1615351,1
645,500,2065004,0.97
646,500,2079262,0.98
647,500,1985806,0.98
648,500,1502542,1
649,500,2020837,1
650,500,1835783,0.99
651,500,1826114,1
652,500,1315032,1
653,500,1405662,1
654,500,2074057,0.97
655,500,2202661,0.96
656,500,1643747,0.85
657,500,1351401,1
658,500,2235484,0.99
659,500,2319799,0.92
660,500,1892202,0.99
661,500,1778891,1
662,500,2005122,0.96
663,500,2108894,0.97
664,500,2384803,0.94
665,500,2072800,1
666,500,2054046,1
667,500,1853419,1
668,500,2187234,1
669,500,1421965,1
670,500,2299709,0.84
671,500,1922767,1
672,500,2310711,0.86
673,500,2104083,0.92
674,500,2151165,0.8
675,500,2366476,0.91
676,500,1726174,0.97
677,500,2011851,0.77
678,500,1230735,1
679,500,2176417,0.95
680,500,2004859,0.97
681,500,1467704,0.99
682,500,1603248,1
683,500,1505063,1
684,500,1902895,0.95
685,500,1193047,1
686,500,1604047,1
687,500,1373407,0.84
688,500,1826377,0.99
689,500,1793590,1
690,500,2166215,0.97
691,500,1811775,0.93
692,500,1146722,1
693,500,2115017,1
694,500,2358937,0.96
695,500,996741,1
696,500,1898403,0.85
697,500,2000418,1
698,500,1565220,1
699,500,1648501,0.99
700,500,2468437,0.82
701,500,1700732,1
702,500,1934566,0.99
703,500,1912572,0.96
704,500,2134082,1
705,500,2128632,0.98
706,500,2349167,0.85
707,500,1981137,0.76
708,500,1803218,1
709,500,1703682,0.98
710,500,1943214,0.78
711,500,1602424,0.9
712,500,2135788,1
713,500,1151626,1
714,500,1774445,0.98
715,500,2163869,0.99
716,500,1855782,1
717,500,1247648,0.96
718,500,2246148,0.97
719,500,1187649,1
720,500,1817801,1
721,500,1632821,1
722,500,2111640,0.67
723,500,1295524,1
724,500,1433159,1
725,500,2084341,0.98
726,500,1781505,1
727,500,2144901,0.89
728,500,1857273,1
729,500,2213698,0.99
730,500,1979539,1
731,500,2046868,1
732,500,1546210,1
733,500,1314145,0.97
734,500,2342656,0.89
735,500,1919992,1
736,500,1307195,1
737,500,2083259,0.99
738,500,1891083,0.77
739,500,2372244,0.94
740,500,1551718,0.99
741,500,1808618,0.99
742,500,1828242,0.95
743,500,1763602,0.99
744,500,2171975,0.99
745,500,1298901,0.96
746,500,1781672,0.98
747,500,1850251,1
748,500,1261852,0.97
749,500,1467689,1
750,500,1821634,1
751,500,1735985,1
752,500,1744626,1
753,500,1963777,1
754,500,1921261,0.86
755,500,1497508,1
756,500,2076905,0.98
757,500,2157144,1
758,500,1464116,1
759,500,1895429,0.99
760,500,1789344,1
761,500,2032591,0.78
762,500,2145481,0.98
763,500,1913310,0.99
764,500,1938187,0.97
765,500,2041712,1
766,500,2161597,1
767,500,2137837,0.91
768,500,1303154,0.98
769,500,2141730,0.97
770,500,1425518,0.99
771,500,1959371,1
772,500,2191462,0.96
773,500,1762849,1
774,500,2119800,0.78
775,500,1683624,0.93
776,500,2216583,0.97
777,500,1885242,0.94
778,500,2241441,1
779,500,1757795,1
780,500,1423957,1
781,500,1893805,1
782,500,2236898,0.99
783,500,1377970,0.95
784,500,1787125,1
785,500,1153062,1
786,500,1747364,1
787,500,2090583,1
788,500,2320412,0.97
789,500,1537660,1
790,500,1430102,1
791,500,2331292,0.92
792,500,1903952,1
793,500,2158149,1
794,500,2039126,0.98
795,500,2095276,0.98
796,500,2143049,0.98
797,500,2183205,0.96
798,500,1822286,1
799,500,1813001,1
800,500,1888091,1
801,500,2016534,1
802,500,1854718,0.95
803,500,2059334,1
804,500,1924883,1
805,500,1411782,1
806,500,1115119,1
807,500,1196987,1
808,500,1542062,1
809,500,885425,1
810,500,1639705,0.98
811,500,1370207,0.81
812,500,1898150,0.89
813,500,1602505,1
814,500,1545900,1
815,500,2167276,0.95
816,500,1949792,0.93
817,500,1582221,0.99
818,500,1293331,1
819,500,1799237,1
820,500,1987255,1
821,500,1439556,1
822,500,2252763,0.95
823,500,1941854,0.99
824,500,1791261,0.99
825,500,1496144,1
826,500,1631045,1
827,500,2166179,0.91
828,500,1902308,0.99
829,500,2022860,1
830,500,1625935,1
831,500,2166234,0.9
832,500,1771356,0.9
833,500,2283020,0.93
834,500,1630133,1
835,500,1842642,0.91
836,500,1310520,0.86
837,500,1923271,1
838,500,2092666,0.99
839,500,1880985,0.93
840,500,2175061,0.78
841,500,2116830,0.95
842,500,1726797,1
843,500,1568961,1
844,500,2041449,0.96
845,500,1850809,0.94
846,500,2204931,0.92
847,500,1938446,1
848,500,1783257,0.96
849,500,1594247,1
850,500,1930764,0.96
851,500,1541245,1
852,500,1421215,1
853,500,2190696,0.97
854,500,975600,0.94
855,500,1381177,0.96
856,500,2210220,1
857,500,1658408,1
858,500,2100549,0.92
859,500,2110782,1
860,500,1764604,1
861,500,1661797,0.99
862,500,1412976,0.74
863,500,1520530,1
864,500,1402099,0.9
865,500,2365862,0.91
866,500,1789008,1
867,500,1720992,0.97
868,500,2128431,0.95
869,500,1861427,0.98
870,500,1491384,0.95
871,500,1954101,1
872,500,2071012,0.83
873,500,1608176,1
874,500,2125626,0.64
875,500,2134566,0.99
876,500,2119734,0.99
877,500,2167099,0.99
878,500,1375195,1
879,500,2255253,0.97
880,500,1809414,0.99
881,500,1952741,1
882,500,2274358,0.96
883,500,1941294,0.84
884,500,2069058,1
885,500,2412958,0.93
886,500,1618513,0.99
887,500,1245253,0.69
888,500,1939266,0.74
889,500,2131215,0.97
890,500,1684731,1
891,500,1860037,1
892,500,1810173,0.85
893,500,1890273,0.91
894,500,1451616,0.87
895,500,1620207,1
896,500,1462385,1
897,500,1986270,0.97
898,500,1735670,1
899,500,1772864,0.98
900,500,1798889,0.93
901,500,1647520,1
902,500,1672310,1
903,500,1464342,1
904,500,2130497,0.99
905,500,1977871,0.94
906,500,1776506,0.91
907,500,2312730,0.89
908,500,1681497,1
909,500,2034740,1
910,500,2064877,0.98
911,500,1735468,0.99
912,500,2144522,1
913,500,2026930,0.96
914,500,2155359,0.95
915,500,1831009,1
916,500,1636907,1
917,500,1936328,0.79
918,500,1731966,0.9
919,500,1987087,0.99
920,500,2058161,1
921,500,1436462,0.99
922,500,2086750,0.97
923,500,1341176,0.75
924,500,1599682,1
925,500,2125969,1
926,500,2087814,0.94
927,500,1767134,1
928,500,1771722,1
929,500,1382311,1
930,500,1093706,1
931,500,1879429,0.97
932,500,1136715,1
933,500,1994066,0.99
934,500,2130053,0.99
935,500,1938674,1
936,500,2101147,0.99
937,500,1775075,0.99
938,500,1327811,1
939,500,1963658,0.94
940,500,2244191,0.99
941,500,1720795,1
942,500,2191250,0.98
943,500,2145182,0.99
944,500,1536933,0.92
945,500,2391435,0.93
946,500,1734492,1
947,500,2134594,1
948,500,1519823,0.98
949,500,1640337,0.99
950,500,1678681,1
951,500,2273019,0.93
952,500,1405525,0.94
953,500,2078404,1
954,500,2223926,0.96
955,500,2048539,0.93
956,500,1806448,0.95
957,500,1430819,1
958,500,2284413,0.94
959,500,1535627,1
960,500,2033073,0.92
961,500,1982427,1
962,500,1403381,1
963,500,1865357,1
964,500,1839444,1
965,500,1639800,1
966,500,1837724,0.83
967,500,2176718,0.98
968,500,2009758,0.97
969,500,2051049,0.79
970,500,1451909,1
971,500,1502796,1
972,500,1742118,1
973,500,1980084,0.97
974,500,1959797,0.97
975,500,1852972,0.87
976,500,1685733,0.94
977,500,1489676,1
978,500,1485790,1
979,500,1822069,1
980,500,2189867,0.93
981,500,2080390,0.97
982,500,1651996,1
983,500,2173241,0.84
984,500,1805065,1
985,500,1443876,0.94
986,500,2031754,1
987,500,1655989,0.99
988,500,1404451,0.97
989,500,1427106,1
990,500,2047241,0.98
991,500,1890065,0.87
992,500,1462773,0.96
993,500,1397531,1
994,500,2267915,0.93
995,500,1323447,1
996,500,2034632,0.99
997,500,1832905,0.98
998,500,1926484,0.98
999,500,1469539,0.99
0,600,1979269,0.95
1,600,2582995,0.95
2,600,2290562,1
3,600,2703980,0.94
4,600,2427847,1
5,600,2831593,0.98
6,600,2873453,0.98
7,600,2333977,1
8,600,2246797,1
9,600,2624279,0.99
10,600,2583105,0.97
11,600,2779922,0.93
12,600,2626369,0.98
13,600,2476926,1
14,600,2320926,1
15,600,2724764,0.95
16,600,1534869,1
17,600,2568830,0.99
18,600,2247943,1
19,600,2816137,0.83
20,600,2205510,1
21,600,1632303,0.99
22,600,2276502,1
23,600,1950701,1
24,600,2609402,0.99
25,600,2852886,0.98
26,600,1882973,0.99
27,600,2628729,1
28,600,2589253,0.98
29,600,2328376,1
30,600,2467829,0.98
31,600,2690565,0.88
32,600,1914452,1
33,600,2289015,1
34,600,1991010,1
35,600,1843560,1
36,600,2745022,0.94
37,600,2125625,1
38,600,2455409,1
39,600,1707479,1
40,600,2119069,1
41,600,1548308,1
42,600,1794812,1
43,600,2232194,1
44,600,2722352,0.99
45,600,2061799,1
46,600,1758677,1
47,600,2481960,0.99
48,600,1721092,1
49,600,2053533,1
50,600,1964296,1
51,600,2505073,0.97
52,600,2583706,1
53,600,2512103,0.97
54,600,2697001,1
55,600,2461416,0.99
56,600,2614296,0.94
57,600,1286952,1
58,600,2286722,1
59,600,1869417,1
60,600,2473963,0.99
61,600,2225084,1
62,600,2443675,0.99
63,600,2507149,0.98
64,600,2748747,0.8
65,600,2667614,0.99
66,600,2229313,1
67,600,2412759,0.97
68,600,2659055,1
69,600,2424225,1
70,600,2878846,0.95
71,600,2257456,1
72,600,2697507,1
73,600,2186718,1
74,600,1793484,1
75,600,2035552,1
76,600,2462750,0.99
77,600,1738006,1
78,600,2034776,1
79,600,2233996,1
80,600,2436499,0.95
81,600,2022373,1
82,600,1984339,1
83,600,2646528,0.98
84,600,2253386,0.99
85,600,2092731,1
86,600,1464025,0.99
87,600,2572983,0.97
88,600,2220925,0.98
89,600,1331611,0.92
90,600,2066254,1
91,600,2072228,0.99
92,600,2552644,1
93,600,1406539,1
94,600,1400777,1
95,600,2379705,0.99
96,600,2642556,0.99
97,600,2315375,1
98,600,2325656,0.99
99,600,2253038,1
100,600,2147669,1
101,600,2573022,1
102,600,2323787,1
103,600,2544562,0.99
104,600,2350993,1
105,600,2499251,1
106,600,1955880,1
107,600,2004140,1
108,600,2040410,1
109,600,2546915,0.99
110,600,2379503,0.99
111,600,1688726,0.96
112,600,2201138,1
113,600,2254174,1
114,600,2638320,0.99
115,600,2509176,0.98
116,600,1974585,0.96
117,600,2374560,0.99
118,600,2692949,0.84
119,600,2173067,0.97
120,600,2575826,1
121,600,2223637,1
122,600,2193664,0.97
123,600,2048063,1
124,600,2156630,1
125,600,2478240,1
126,600,2813766,0.94
127,600,1907891,1
128,600,1581445,1
129,600,2639262,1
130,600,2202912,1
131,600,2506404,0.93
132,600,1566975,1
133,600,1862436,1
134,600,1854005,1
135,600,2191647,1
136,600,1617499,1
137,600,1440579,0.91
138,600,2079932,1
139,600,2030122,0.99
140,600,2736049,0.93
141,600,1584568,1
142,600,2381245,0.94
143,600,1601497,1
144,600,1914975,1
145,600,1342050,1
146,600,2544081,1
147,600,2453507,0.99
148,600,2571871,0.85
149,600,2107440,1
150,600,2365299,1
151,600,1757790,0.9
152,600,2336091,1
153,600,2083891,1
154,600,1978015,0.99
155,600,2610615,0.97
156,600,2598330,0.98
157,600,2590119,1
158,600,1617428,1
159,600,2582411,0.99
160,600,1953960,1
161,600,2453907,1
162,600,2495765,1
163,600,2348524,0.99
164,600,2218609,1
165,600,2351395,1
166,600,2164844,1
167,600,1789379,1
168,600,2604893,0.99
169,600,1332906,1
170,600,2791474,0.99
171,600,1869285,1
172,600,2516445,0.94
173,600,2223020,1
174,600,2317621,0.97
175,600,2541226,0.99
176,600,2381043,0.99
177,600,2524207,0.99
178,600,2139663,0.97
179,600,2416016,0.99
180,600,2768495,0.92
181,600,2461001,0.99
182,600,2288951,0.99
183,600,2408110,0.97
184,600,2172782,1
185,600,2365864,0.99
186,600,1337425,1
187,600,1020497,1
188,600,1906716,1
189,600,2528308,1
190,600,2165418,1
191,600,2280842,0.99
192,600,1999502,1
193,600,1597102,1
194,600,1774729,0.99
195,600,2737342,0.92
196,600,1176054,1
197,600,2098032,0.99
198,600,1470883,1
199,600,2163028,0.99
200,600,1665314,1
201,600,1766376,1
202,600,1856384,1
203,600,1550998,1
204,600,2019539,0.99
205,600,1960093,1
206,600,2205165,0.9
207,600,2215642,1
208,600,2817971,0.88
209,600,1733065,1
210,600,1485618,1
211,600,1894861,1
212,600,2207539,1
213,600,2725147,0.98
214,600,2202278,1
215,600,2160180,0.99
216,600,1437828,0.96
217,600,2780378,1
218,600,1799943,1
219,600,1662268,0.98
220,600,2796698,0.99
221,600,2307419,1
222,600,2157117,1
223,600,1632504,1
224,600,2715043,0.82
225,600,2316401,1
226,600,2166928,1
227,600,2588991,1
228,600,2710640,0.94
229,600,2528730,0.87
230,600,2546127,0.98
231,600,2069462,1
232,600,2215319,0.98
233,600,1736736,1
234,600,2762814,0.93
235,600,2782414,0.99
236,600,1908651,1
237,600,1812109,1
238,600,2216234,1
239,600,2564173,1
240,600,1501799,1
241,600,1958719,1
242,600,1834693,1
243,600,2222450,1
244,600,2551128,0.98
245,600,2888230,0.92
246,600,1843683,1
247,600,2123277,1
248,600,2422159,1
249,600,1597508,1
250,600,1390219,1
251,600,1539336,0.88
252,600,2265023,1
253,600,1745849,1
254,600,2379338,0.98
255,600,2065230,0.98
256,600,1838093,1
257,600,2143026,1
258,600,2328067,1
259,600,1569090,1
260,600,2273899,0.99
261,600,2027415,1
262,600,1093815,1
263,600,2356489,1
264,600,2155887,1
265,600,2371922,0.95
266,600,2789193,0.95
267,600,2430660,0.99
268,600,1855750,1
269,600,2809990,1
270,600,2170784,1
271,600,2550096,1
272,600,2135874,0.99
273,600,2361984,1
274,600,1694516,1
275,600,2342720,0.87
276,600,2243603,0.99
277,600,1624214,1
278,600,1803197,1
279,600,2486939,0.97
280,600,2468148,1
281,600,2106124,1
282,600,2119890,1
283,600,2516797,1
284,600,2539657,1
285,600,1716074,0.98
286,600,2424890,0.95
287,600,2658059,0.98
288,600,2547162,1
289,600,2143269,1
290,600,1514075,1
291,600,2742706,0.93
292,600,2155606,1
293,600,2101374,1
294,600,2054261,0.99
295,600,1787863,1
296,600,1412250,1
297,600,1752274,0.97
298,600,1833456,0.94
299,600,2080848,1
300,600,1572222,1
301,600,2393323,0.99
302,600,2337877,1
303,600,1680501,1
304,600,2617113,1
305,600,1448750,1
306,600,2883164,0.94
307,600,1899615,1
308,600,2046332,1
309,600,2386996,1
310,600,2712156,0.92
311,600,2093336,1
312,600,2261829,0.99
313,600,2839604,0.94
314,600,2454937,1
315,600,1854153,1
316,600,2363923,1
317,600,1447654,1
318,600,1524982,1
319,600,1335125,1
320,600,1670018,0.99
321,600,1752365,1
322,600,1597498,1
323,600,2188852,1
324,600,2568002,0.96
325,600,2079164,1
326,600,1876073,1
327,600,1497732,1
328,600,2052282,1
329,600,2805535,0.86
330,600,1607292,1
331,600,1726728,1
332,600,2365819,0.99
333,600,2154437,1
334,600,2298682,1
335,600,2563088,1
336,600,1576821,0.94
337,600,2670622,0.96
338,600,1664931,1
339,600,2550864,0.99
340,600,2255942,1
341,600,1670147,1
342,600,2643415,0.98
343,600,2672381,1
344,600,1805028,1
345,600,2803478,0.92
346,600,2447207,0.96
347,600,2310708,0.91
348,600,2698433,1
349,600,1606590,1
350,600,2583222,1
351,600,1865596,1
352,600,2550452,0.99
353,600,1830417,1
354,600,1655601,1
355,600,2184420,1
356,600,1389316,1
357,600,1880827,1
358,600,2076607,0.99
359,600,2178079,1
360,600,1654164,1
361,600,2217958,1
362,600,1348706,1
363,600,1781527,1
364,600,2475899,1
365,600,2338671,1
366,600,2351783,0.91
367,600,2501011,1
368,600,1612424,0.99
369,600,1935616,1
370,600,2100048,0.94
371,600,2827680,0.98
372,600,2329629,0.94
373,600,2537308,0.99
374,600,2005450,1
375,600,2196174,1
376,600,2117330,1
377,600,2615824,0.98
378,600,2846404,0.86
379,600,1375739,1
380,600,2613033,0.97
381,600,1498203,1
382,600,1503183,1
383,600,1482465,1
384,600,2210663,1
385,600,1505606,1
386,600,2579505,0.97
387,600,2769423,0.95
388,600,2725923,0.98
389,600,2399768,0.99
390,600,1670356,1
391,600,2201430,1
392,600,2386239,0.99
393,600,2552253,0.97
394,600,1361382,1
395,600,2644237,1
396,600,2701439,1
397,600,2707873,0.92
398,600,2387337,0.99
399,600,2127942,0.96
400,600,2027292,1
401,600,2345216,1
402,600,2168646,1
403,600,2133284,1
404,600,1805337,1
405,600,2872107,0.76
406,600,2329486,0.89
407,600,2179318,1
408,600,1831989,1
409,600,1940555,1
410,600,1491221,1
411,600,1986591,1
412,600,2054495,1
413,600,2270751,1
414,600,1897902,1
415,600,1558249,1
416,600,1684669,1
417,600,2244802,1
418,600,1765321,0.89
419,600,2341765,1
420,600,2567896,1
421,600,1875081,1
422,600,1559899,1
423,600,1738386,0.99
424,600,2052039,1
425,600,1684226,0.99
426,600,2246646,0.89
427,600,2600311,0.99
428,600,1690128,0.99
429,600,1845769,1
430,600,2025839,1
431,600,1490766,1
432,600,2302628,1
433,600,1494675,1
434,600,1578446,1
435,600,2101329,1
436,600,1802605,1
437,600,2069300,1
438,600,1997767,1
439,600,2620641,0.94
440,600,1786984,1
441,600,2345038,0.95
442,600,2372952,0.88
443,600,2219946,1
444,600,1998311,1
445,600,2209981,0.94
446,600,2020838,1
447,600,2725843,0.93
448,600,1587174,1
449,600,2052089,1
450,600,2513787,0.98
451,600,2761726,0.96
452,600,2767237,0.72
453,600,2475425,0.96
454,600,1751864,1
455,600,1525083,1
456,600,2079938,1
457,600,2500181,0.9
458,600,2328203,1
459,600,2388270,1
460,600,1988907,0.91
461,600,2395318,0.99
462,600,2201390,1
463,600,2366785,0.99
464,600,2105890,0.99
465,600,2341391,0.99
466,600,1906046,1
467,600,1736272,1
468,600,2533163,0.98
469,600,2257979,1
470,600,2380437,1
471,600,2475286,0.97
472,600,2159371,0.7
473,600,2791314,0.92
474,600,2099874,1
475,600,2864902,0.83
476,600,2010705,1
477,600,1742049,1
478,600,1901831,1
479,600,2602262,0.96
480,600,1942048,0.99
481,600,2254098,1
482,600,1852547,1
483,600,2423958,0.98
484,600,2051382,1
485,600,1616067,1
486,600,2624403,0.99
487,600,2006479,1
488,600,2125934,0.98
489,600,1883663,0.99
490,600,1774824,0.99
491,600,1585042,1
492,600,1575563,1
493,600,2259614,1
494,600,2397196,0.99
495,600,2568510,0.97
496,600,2369935,1
497,600,2298997,0.99
498,600,2507039,0.98
499,600,2024892,1
500,600,1565057,1
501,600,2723342,0.92
502,600,1858788,1
503,600,2142742,1
504,600,2874583,0.93
505,600,2402406,1
506,600,1744208,1
507,600,2215153,0.73
508,600,2319230,1
509,600,2629979,0.9
510,600,2217727,0.97
511,600,2262099,1
512,600,1454179,1
513,600,2499104,0.99
514,600,1937508,0.92
515,600,2738342,0.99
516,600,2158791,1
517,600,2321367,0.91
518,600,1894225,1
519,600,2406937,0.97
520,600,2534403,1
521,600,1423583,1
522,600,2418937,1
523,600,1508389,1
524,600,2167755,1
525,600,1808339,1
526,600,2230749,1
527,600,2229362,0.99
528,600,1627055,1
529,600,1657506,1
530,600,2401743,0.89
531,600,2757881,0.95
532,600,2376592,0.99
533,600,2393784,1
534,600,2604050,1
535,600,2505075,0.99
536,600,2387758,0.99
537,600,2474534,0.99
538,600,1797051,1
539,600,2531650,0.98
540,600,1929329,1
541,600,1951228,1
542,600,1686406,0.99
543,600,2190388,1
544,600,2431968,0.99
545,600,2592224,1
546,600,1269851,1
547,600,2603944,0.99
548,600,2040414,0.94
549,600,1780364,1
550,600,1550319,1
551,600,1508485,1
552,600,1971719,0.99
553,600,2434116,0.96
554,600,2006458,0.99
555,600,2410503,0.99
556,600,2472342,0.98
557,600,2556345,0.98
558,600,1845901,1
559,600,2556634,0.99
560,600,2485156,1
561,600,2382248,0.98
562,600,2578478,1
563,600,2183160,0.99
564,600,1907961,0.98
565,600,2398969,0.96
566,600,2389564,0.93
567,600,2472361,0.96
568,600,1998724,1
569,600,2398846,0.98
570,600,1720338,1
571,600,2043094,1
572,600,1599123,1
573,600,2391522,0.99
574,600,2180948,0.98
575,600,1227482,1
576,600,2638503,0.96
577,600,2319725,1
578,600,1992055,0.99
579,600,2571495,0.75
580,600,2450781,0.84
581,600,2740985,1
582,600,1943888,0.97
583,600,2490235,1
584,600,2025842,1
585,600,2262651,0.91
586,600,2305900,1
587,600,2390178,0.97
588,600,2192540,1
589,600,2403905,0.99
590,600,2265052,1
591,600,2460525,0.98
592,600,2443757,0.98
593,600,2225435,1
594,600,2493909,1
595,600,1330219,1
596,600,2119669,0.99
597,600,2112410,0.97
598,600,2298140,0.96
599,600,2134224,1
600,600,2763655,0.88
601,600,2286850,0.83
602,600,2594426,0.98
603,600,2097083,1
604,600,2150458,1
605,600,1925799,1
606,600,2269187,1
607,600,2579152,0.96
608,600,1945979,0.99
609,600,1962219,1
610,600,1765133,1
611,600,2128864,1
612,600,2006390,1
613,600,1928230,1
614,600,2525258,0.96
615,600,2501413,0.94
616,600,2520004,0.98
617,600,2083690,1
618,600,2364537,0.87
619,600,2640610,0.87
620,600,2123831,1
621,600,1884056,0.98
622,600,2154903,0.98
623,600,2456551,0.99
624,600,2536244,1
625,600,1450882,1
626,600,2487237,0.98
627,600,1330305,1
628,600,1954248,0.99
629,600,1675659,0.99
630,600,2180767,0.94
631,600,2751313,1
632,600,1519826,1
633,600,2189573,0.99
634,600,1224017,1
635,600,2805073,0.94
636,600,2496337,0.95
637,600,2240382,1
638,600,2459946,0.98
639,600,2552863,0.98
640,600,1960044,0.99
641,600,2416792,0.98
642,600,1820752,1
643,600,2009997,0.96
644,600,1905255,1
645,600,2426601,0.98
646,600,2426683,0.99
647,600,2338366,0.98
648,600,1757858,1
649,600,2410983,1
650,600,2112270,0.99
651,600,2124868,1
652,600,1526607,1
653,600,1648883,1
654,600,2430839,0.98
655,600,2596467,0.96
656,600,1988548,0.87
657,600,1685042,1
658,600,2630199,0.99
659,600,2726243,0.92
660,600,2202026,1
661,600,2041012,1
662,600,2348281,0.97
663,600,2461086,0.98
664,600,2805931,0.96
665,600,2458920,1
666,600,2429901,1
667,600,2194164,1
668,600,2564606,1
669,600,1648477,1
670,600,2707246,0.86
671,600,2243446,1
672,600,2712475,0.88
673,600,2482878,0.94
674,600,2532325,0.82
675,600,2776692,0.91
676,600,2019717,0.97
677,600,2365283,0.79
678,600,1485807,1
679,600,2588636,0.96
680,600,2328246,0.97
681,600,1676645,0.99
682,600,1796250,1
683,600,1726115,1
684,600,2268124,0.95
685,600,1384201,1
686,600,1856544,1
687,600,1587111,0.84
688,600,2131104,0.99
689,600,2071544,1
690,600,2543163,0.97
691,600,2132792,0.93
692,600,1350592,1
693,600,2499387,1
694,600,2783981,0.96
695,600,1241884,1
696,600,2266262,0.87
697,600,2360224,1
698,600,1814277,1
699,600,1920472,0.99
700,600,2892801,0.86
701,600,1983861,1
702,600,2245020,0.99
703,600,2230995,0.97
704,600,2518583,1
705,600,2493107,0.99
706,600,2760708,0.87
707,600,2325496,0.8
708,600,2123916,1
709,600,1969442,0.98
710,600,2318480,0.84
711,600,1953209,0.91
712,600,2488298,1
713,600,1303928,1
714,600,2117216,0.98
715,600,2518069,1
716,600,2172469,1
717,600,1415534,0.96
718,600,2641317,0.97
719,600,1494768,1
720,600,2164139,1
721,600,1878287,1
722,600,2439543,0.72
723,600,1523696,1
724,600,1616608,1
725,600,2422286,0.98
726,600,2124417,1
727,600,2541360,0.9
728,600,2221201,1
729,600,2600367,0.99
730,600,2375059,1
731,600,2418665,1
732,600,1781583,1
733,600,1508834,0.98
734,600,2767103,0.9
735,600,2251272,1
736,600,1534412,1
737,600,2460757,0.99
738,600,2200018,0.8
739,600,2782126,0.95
740,600,1831463,0.99
741,600,2142316,0.99
742,600,2130884,0.97
743,600,2040216,0.99
744,600,2545456,0.99
745,600,1488275,0.97
746,600,2080095,0.99
747,600,2145691,1
748,600,1466534,0.97
749,600,1749485,1
750,600,2127992,1
751,600,2036826,1
752,600,2051757,1
753,600,2311228,1
754,600,2232507,0.88
755,600,1744969,1
756,600,2416105,0.99
757,600,2512863,1
758,600,1730758,1
759,600,2277901,0.99
760,600,2054156,1
761,600,2384608,0.79
762,600,2554043,0.98
763,600,2214319,0.99
764,600,2272661,0.98
765,600,2389575,1
766,600,2540565,1
767,600,2523551,0.93
768,600,1478174,0.98
769,600,2525889,0.98
770,600,1670724,0.99
771,600,2338677,1
772,600,2578595,1
773,600,2071866,1
774,600,2493112,0.81
775,600,1984261,0.94
776,600,2642545,0.97
777,600,2202170,0.95
778,600,2616086,1
779,600,2053329,1
780,600,1662152,1
781,600,2203707,1
782,600,2623603,1
783,600,1578306,0.96
784,600,2145239,1
785,600,1287490,1
786,600,2039656,1
787,600,2460765,1
788,600,2725744,0.98
789,600,1800908,1
790,600,1650219,1
791,600,2770105,0.95
792,600,2232916,1
793,600,2539691,1
794,600,2380441,0.98
795,600,2488407,0.99
796,600,2498820,0.99
797,600,2526591,0.98
798,600,2150966,1
799,600,2123927,1
800,600,2234010,1
801,600,2391239,1
802,600,2143703,0.95
803,600,2418622,1
804,600,2232166,1
805,600,1667170,1
806,600,1220724,1
807,600,1381615,1
808,600,1787666,1
809,600,1088947,1
810,600,1933438,0.99
811,600,1593960,0.81
812,600,2266246,0.91
813,600,1879747,1
814,600,1794553,1
815,600,2544345,0.99
816,600,2259939,0.94
817,600,1871317,1
818,600,1515431,1
819,600,2076779,1
820,600,2299901,1
821,600,1683895,1
822,600,2645606,0.96
823,600,2312301,0.99
824,600,2121516,0.99
825,600,1743752,1
826,600,1885324,1
827,600,2522709,0.94
828,600,2222022,0.99
829,600,2391854,1
830,600,1861355,1
831,600,2566403,0.91
832,600,2068599,0.91
833,600,2666567,0.94
834,600,1884418,1
835,600,2155868,0.91
836,600,1514543,0.87
837,600,2272579,1
838,600,2457908,0.99
839,600,2157094,0.93
840,600,2561227,0.8
841,600,2502190,0.96
842,600,2004029,1
843,600,1826271,1
844,600,2409856,0.98
845,600,2145704,0.97
846,600,2619702,0.94
847,600,2285054,1
848,600,2100360,0.96
849,600,1893279,1
850,600,2282263,0.97
851,600,1807858,1
852,600,1648345,1
853,600,2571953,0.98
854,600,1120988,0.94
855,600,1579612,0.97
856,600,2625207,1
857,600,1969578,1
858,600,2441400,0.93
859,600,2477189,1
860,600,2036071,1
861,600,1918918,1
862,600,1615154,0.76
863,600,1766040,1
864,600,1622364,0.93
865,600,2766900,0.94
866,600,2097745,1
867,600,2041494,0.97
868,600,2514831,0.97
869,600,2211791,0.98
870,600,1762031,0.96
871,600,2276922,1
872,600,2446788,0.86
873,600,1840104,1
874,600,2519297,0.66
875,600,2514785,1
876,600,2487453,1
877,600,2542688,1
878,600,1572479,1
879,600,2653906,0.97
880,600,2147771,1
881,600,2346776,1
882,600,2653521,0.96
883,600,2301159,0.86
884,600,2470421,1
885,600,2853150,0.95
886,600,1895547,0.99
887,600,1493954,0.72
888,600,2257166,0.75
889,600,2489942,0.98
890,600,1969423,1
891,600,2193779,1
892,600,2107089,0.86
893,600,2219519,0.91
894,600,1738513,0.88
895,600,1932891,1
896,600,1696826,1
897,600,2359178,0.98
898,600,2058806,1
899,600,2050468,1
900,600,2144719,0.96
901,600,1949031,1
902,600,1968043,1
903,600,1675454,1
904,600,2502577,0.99
905,600,2370353,0.96
906,600,2086806,0.92
907,600,2700824,0.92
908,600,1934657,1
909,600,2407132,1
910,600,2411488,1
911,600,2051979,0.99
912,600,2504646,1
913,600,2396624,0.97
914,600,2520095,0.96
915,600,2137179,1
916,600,1900505,1
917,600,2297355,0.81
918,600,2083336,0.91
919,600,2365651,0.99
920,600,2413338,1
921,600,1684699,1
922,600,2459211,0.97
923,600,1587832,0.78
924,600,1824191,1
925,600,2496267,1
926,600,2438219,0.95
927,600,2058207,1
928,600,2057045,1
929,600,1595952,1
930,600,1255163,1
931,600,2179571,0.99
932,600,1317676,1
933,600,2334449,1
934,600,2491056,0.99
935,600,2283095,1
936,600,2414147,0.99
937,600,2065364,0.99
938,600,1560648,1
939,600,2287188,0.96
940,600,2658429,0.99
941,600,2010202,1
942,600,2537848,0.98
943,600,2543568,0.99
944,600,1740029,0.93
945,600,2849585,0.93
946,600,2000327,1
947,600,2488280,1
948,600,1757843,0.99
949,600,1927148,1
950,600,1999788,1
951,600,2684497,0.95
952,600,1625933,0.96
953,600,2435233,1
954,600,2604028,0.96
955,600,2402389,0.94
956,600,2135982,0.96
957,600,1620067,1
958,600,2704051,0.96
959,600,1867112,1
960,600,2395339,0.94
961,600,2356868,1
962,600,1584109,1
963,600,2201691,1
964,600,2146186,1
965,600,1898181,1
966,600,2143283,0.85
967,600,2581226,0.99
968,600,2383875,0.98
969,600,2431966,0.83
970,600,1680251,1
971,600,1813129,1
972,600,2012370,1
973,600,2288306,0.97
974,600,2338514,0.98
975,600,2126822,0.87
976,600,2003905,0.94
977,600,1703362,1
978,600,1721003,1
979,600,2112965,1
980,600,2603375,0.94
981,600,2470419,0.97
982,600,1936628,1
983,600,2537798,0.85
984,600,2202155,1
985,600,1680363,0.94
986,600,2356605,1
987,600,1937613,0.99
988,600,1574756,0.98
989,600,1694483,1
990,600,2401902,0.98
991,600,2207863,0.88
992,600,1720285,0.96
993,600,1618929,1
994,600,2668029,0.94
995,600,1531752,1
996,600,2385851,0.99
997,600,2173032,0.98
998,600,2303967,0.99
999,600,1712641,0.99
0,700,2218831,0.95
1,700,2969436,0.96
2,700,2613591,1
3,700,3124519,0.94
4,700,2763409,1
5,700,3195245,0.98
6,700,3281323,0.98
7,700,2679174,1
8,700,2571272,1
9,700,3002784,0.99
10,700,2992086,0.97
11,700,3191617,0.94
12,700,2983978,0.99
13,700,2832245,1
14,700,2682133,1
15,700,3100799,0.96
16,700,1707890,1
17,700,2911783,1
18,700,2579452,1
19,700,3249609,0.84
20,700,2501143,1
21,700,1840566,0.99
22,700,2633610,1
23,700,2271976,1
24,700,2990585,0.99
25,700,3286659,0.98
26,700,2167736,0.99
27,700,3019718,1
28,700,2964487,0.98
29,700,2628407,1
30,700,2816639,0.99
31,700,3086323,0.9
32,700,2125202,1
33,700,2605404,1
34,700,2253242,1
35,700,2082315,1
36,700,3171387,0.94
37,700,2423311,1
38,700,2844437,1
39,700,2005051,1
40,700,2431314,1
41,700,1749878,1
42,700,2038181,1
43,700,2550933,1
44,700,3123090,0.99
45,700,2340900,1
46,700,1978800,1
47,700,2808959,1
48,700,2006636,1
49,700,2397829,1
50,700,2246832,1
51,700,2848600,0.99
52,700,2950003,1
53,700,2849891,0.98
54,700,3089269,1
55,700,2808057,1
56,700,2982286,0.94
57,700,1512985,1
58,700,2620150,1
59,700,2094058,1
60,700,2828611,0.99
61,700,2567966,1
62,700,2796328,0.99
63,700,2923177,0.98
64,700,3109663,0.84
65,700,3048759,1
66,700,2538534,1
67,700,2750142,0.97
68,700,3043277,1
69,700,2803878,1
70,700,3291085,0.96
71,700,2596407,1
72,700,3091953,1
73,700,2522872,1
74,700,2031929,1
75,700,2331175,1
76,700,2835076,0.99
77,700,1985792,1
78,700,2318971,1
79,700,2529525,1
80,700,2790039,0.96
81,700,2323964,1
82,700,2221244,1
83,700,3029702,0.98
84,700,2547571,0.99
85,700,2378880,1
86,700,1681512,0.99
87,700,2900338,0.99
88,700,2512599,1
89,700,1494165,0.92
90,700,2324379,1
91,700,2378427,0.99
92,700,2910842,1
93,700,1599450,1
94,700,1640335,1
95,700,2724262,0.99
96,700,3071308,0.99
97,700,2668465,1
98,700,2635135,0.99
99,700,2568147,1
100,700,2479920,1
101,700,2942796,1
102,700,2671515,1
103,700,2926045,0.99
104,700,2696378,1
105,700,2857042,1
106,700,2242757,1
107,700,2287403,1
108,700,2344181,1
109,700,2904446,0.99
110,700,2727511,0.99
111,700,1904077,0.96
112,700,2533153,1
113,700,2577091,1
114,700,3025057,1
115,700,2878983,0.99
116,700,2203986,0.96
117,700,2742388,0.99
118,700,3026173,0.86
119,700,2504054,0.97
120,700,2975304,1
121,700,2542604,1
122,700,2506744,0.97
123,700,2392837,1
124,700,2489677,1
125,700,2872241,1
126,700,3254273,0.95
127,700,2169309,1
128,700,1801059,1
129,700,3006888,1
130,700,2512889,1
131,700,2859963,0.93
132,700,1762410,1
133,700,2148291,1
134,700,2105853,1
135,700,2473353,1
136,700,1808051,1
137,700,1626962,0.91
138,700,2448443,1
139,700,2299508,1
140,700,3141112,0.95
141,700,1807039,1
142,700,2709619,0.95
143,700,1822377,1
144,700,2195148,1
145,700,1559786,1
146,700,2914725,1
147,700,2826229,0.99
148,700,2957034,0.87
149,700,2410050,1
150,700,2648308,1
151,700,1993827,0.9
152,700,2628462,1
153,700,2371196,1
154,700,2254319,0.99
155,700,3016752,0.97
156,700,3020699,0.98
157,700,2979621,1
158,700,1836292,1
159,700,2938209,1
160,700,2230812,1
161,700,2791265,1
162,700,2873111,1
163,700,2710598,0.99
164,700,2527262,1
165,700,2682417,1
166,700,2462771,1
167,700,2039464,1
168,700,2987686,0.99
169,700,1478124,1
170,700,3232634,0.99
171,700,2117006,1
172,700,2909634,0.95
173,700,2554664,1
174,700,2660258,0.97
175,700,2946001,0.99
176,700,2717176,0.99
177,700,2861144,0.99
178,700,2438569,0.97
179,700,2764116,0.99
180,700,3160990,0.94
181,700,2853139,0.99
182,700,2648977,0.99
183,700,2733989,0.97
184,700,2498563,1
185,700,2694246,0.99
186,700,1517241,1
187,700,1225610,1
188,700,2199957,1
189,700,2889355,1
190,700,2508173,1
191,700,2626443,0.99
192,700,2281047,1
193,700,1802348,1
194,700,2023551,0.99
195,700,3158540,0.93
196,700,1407447,1
197,700,2417569,0.99
198,700,1728963,1
199,700,2539992,0.99
200,700,1906423,1
201,700,2003828,1
202,700,2115995,1
203,700,1727478,1
204,700,2357477,0.99
205,700,2247310,1
206,700,2503504,0.92
207,700,2513838,1
208,700,3259799,0.88
209,700,1993256,1
210,700,1680300,1
211,700,2159822,1
212,700,2529918,1
213,700,3134701,0.99
214,700,2541262,1
215,700,2455831,0.99
216,700,1603887,0.97
217,700,3232709,1
218,700,2042784,1
219,700,1859879,0.98
220,700,3195427,0.99
221,700,2676440,1
222,700,2456014,1
223,700,1827985,1
224,700,3104802,0.83
225,700,2671936,1
226,700,2518705,1
227,700,2932371,1
228,700,3068106,0.96
229,700,2913201,0.91
230,700,2932879,0.98
231,700,2321414,1
232,700,2504008,0.98
233,700,1967873,1
234,700,3150597,0.94
235,700,3194948,1
236,700,2137691,1
237,700,2076078,1
238,700,2506981,1
239,700,2912852,1
240,700,1711982,1
241,700,2202815,1
242,700,2066102,1
243,700,2530934,1
244,700,2921250,0.98
245,700,3334149,0.93
246,700,2094946,1
247,700,2402292,1
248,700,2790738,1
249,700,1884505,1
250,700,1568455,1
251,700,1726442,0.88
252,700,2582082,1
253,700,1994475,1
254,700,2719575,1
255,700,2317644,0.98
256,700,2087100,1
257,700,2416755,1
258,700,2655266,1
259,700,1748584,1
260,700,2615339,0.99
261,700,2352629,1
262,700,1253948,1
263,700,2663969,1
264,700,2504037,1
265,700,2677780,0.97
266,700,3201737,0.96
267,700,2781684,0.99
268,700,2084985,1
269,700,3256949,1
270,700,2470769,1
271,700,2893449,1
272,700,2456454,1
273,700,2727277,1
274,700,1900533,1
275,700,2666834,0.89
276,700,2558283,1
277,700,1849585,1
278,700,2038792,1
279,700,2786464,0.98
280,700,2832935,1
281,700,2421596,1
282,700,2408527,1
283,700,2906058,1
284,700,2905381,1
285,700,1955791,0.98
286,700,2780454,0.95
287,700,3021906,0.98
288,700,2903983,1
289,700,2464219,1
290,700,1725405,1
291,700,3148372,0.94
292,700,2471436,1
293,700,2433945,1
294,700,2331943,0.99
295,700,1990164,1
296,700,1600999,1
297,700,1967867,0.97
298,700,2063548,0.95
299,700,2363645,1
300,700,1782330,1
301,700,2705028,0.99
302,700,2683070,1
303,700,1933948,1
304,700,2998422,1
305,700,1644400,1
306,700,3317059,0.94
307,700,2153157,1
308,700,2318320,1
309,700,2739088,1
310,700,3123643,0.92
311,700,2374828,1
312,700,2563601,0.99
313,700,3253769,0.94
314,700,2826133,1
315,700,2074989,1
316,700,2674615,1
317,700,1662081,1
318,700,1713336,1
319,700,1532566,1
320,700,1857160,1
321,700,1997197,1
322,700,1785545,1
323,700,2517872,1
324,700,2899286,0.98
325,700,2435233,1
326,700,2138505,1
327,700,1697503,1
328,700,2293276,1
329,700,3217401,0.87
330,700,1789074,1
331,700,1960789,1
332,700,2695378,0.99
333,700,2478999,1
334,700,2641637,1
335,700,2970131,1
336,700,1747519,0.94
337,700,3085042,0.97
338,700,1875946,1
339,700,2920553,0.99
340,700,2573150,1
341,700,1871830,1
342,700,3028497,0.99
343,700,3066853,1
344,700,2008221,1
345,700,3166071,0.94
346,700,2804734,0.97
347,700,2613013,0.93
348,700,3121001,1
349,700,1811721,1
350,700,2942193,1
351,700,2146362,1
352,700,2932435,0.99
353,700,2082097,1
354,700,1867534,1
355,700,2481083,1
356,700,1580991,1
357,700,2137540,1
358,700,2380139,0.99
359,700,2473857,1
360,700,1894056,1
361,700,2526022,1
362,700,1507559,1
363,700,1994216,1
364,700,2845365,1
365,700,2673842,1
366,700,2715578,0.92
367,700,2912872,1
368,700,1801129,0.99
369,700,2225538,1
370,700,2429525,0.95
371,700,3249060,0.98
372,700,2644454,0.95
373,700,2900079,0.99
374,700,2263183,1
375,700,2496568,1
376,700,2425916,1
377,700,2972697,0.99
378,700,3279409,0.88
379,700,1540852,1
380,700,2949201,0.97
381,700,1722308,1
382,700,1689540,1
383,700,1659092,1
384,700,2532370,1
385,700,1719255,1
386,700,2939777,0.99
387,700,3145289,0.95
388,700,3125080,0.99
389,700,2747100,0.99
390,700,1907597,1
391,700,2478528,1
392,700,2739194,0.99
393,700,2897165,0.99
394,700,1566897,1
395,700,3028225,1
396,700,3091801,1
397,700,3116771,0.95
398,700,2706920,0.99
399,700,2393293,0.97
400,700,2306312,1
401,700,2701908,1
402,700,2454825,1
403,700,2462633,1
404,700,2049908,1
405,700,3312742,0.86
406,700,2640603,0.91
407,700,2511246,1
408,700,2094984,1
409,700,2195252,1
410,700,1689282,1
411,700,2260566,1
412,700,2319952,1
413,700,2638412,1
414,700,2189115,1
415,700,1790365,1
416,700,1933920,1
417,700,2547388,1
418,700,1973388,0.89
419,700,2643782,1
420,700,2940568,1
421,700,2118487,1
422,700,1778431,1
423,700,2031683,0.99
424,700,2329445,1
425,700,1909971,1
426,700,2546599,0.89
427,700,3003216,1
428,700,1904329,0.99
429,700,2049834,1
430,700,2321710,1
431,700,1671551,1
432,700,2626063,1
433,700,1741605,1
434,700,1773849,1
435,700,2374233,1
436,700,2027785,1
437,700,2401241,1
438,700,2250814,1
439,700,3020868,0.95
440,700,2014931,1
441,700,2699662,0.98
442,700,2672222,0.89
443,700,2501802,1
444,700,2293219,1
445,700,2481671,0.94
446,700,2290585,1
447,700,3140597,0.96
448,700,1785383,1
449,700,2319466,1
450,700,2868677,0.99
451,700,3172201,0.98
452,700,3232769,0.76
453,700,2861152,0.96
454,700,1988775,1
455,700,1736357,1
456,700,2370214,1
457,700,2882479,0.92
458,700,2660068,1
459,700,2710173,1
460,700,2264839,0.92
461,700,2766345,0.99
462,700,2516164,1
463,700,2673104,0.99
464,700,2435981,0.99
465,700,2648969,1
466,700,2145835,1
467,700,1998294,1
468,700,2894885,0.99
469,700,2582292,1
470,700,2721887,1
471,700,2865528,0.98
472,700,2451824,0.72
473,700,3180216,0.95
474,700,2410299,1
475,700,3314301,0.84
476,700,2325071,1
477,700,1956581,1
478,700,2179825,1
479,700,2979326,0.96
480,700,2212072,0.99
481,700,2608746,1
482,700,2134369,1
483,700,2800626,0.99
484,700,2346272,1
485,700,1880652,1
486,700,2978585,1
487,700,2243670,1
488,700,2464367,0.99
489,700,2139985,0.99
490,700,2003888,0.99
491,700,1767221,1
492,700,1808153,1
493,700,2612433,1
494,700,2730714,0.99
495,700,2948546,0.97
496,700,2723638,1
497,700,2658759,0.99
498,700,2826717,0.98
499,700,2315170,1
500,700,1794706,1
501,700,3092275,0.93
502,700,2148865,1
503,700,2412619,1
504,700,3337203,0.93
505,700,2720194,1
506,700,1965772,1
507,700,2522234,0.76
508,700,2646754,1
509,700,3036018,0.91
510,700,2511569,0.98
511,700,2551690,1
512,700,1635724,1
513,700,2882582,0.99
514,700,2194086,0.93
515,700,3142909,0.99
516,700,2464079,1
517,700,2647733,0.92
518,700,2174491,1
519,700,2780132,0.98
520,700,2881278,1
521,700,1576702,1
522,700,2764068,1
523,700,1688154,1
524,700,2487829,1
525,700,2057976,1
526,700,2567120,1
527,700,2509708,1
528,700,1829336,1
529,700,1870808,1
530,700,2732984,0.9
531,700,3127970,0.96
532,700,2709730,0.99
533,700,2758255,1
534,700,2995418,1
535,700,2855390,0.99
536,700,2692204,0.99
537,700,2835276,0.99
538,700,2053636,1
539,700,2879034,0.98
540,700,2174655,1
541,700,2221611,1
542,700,1912989,0.99
543,700,2531330,1
544,700,2847051,1
545,700,2978128,1
546,700,1466836,1
547,700,2989729,0.99
548,700,2345695,0.96
549,700,2027399,1
550,700,1748782,1
551,700,1739090,1
552,700,2255531,0.99
553,700,2755600,0.96
554,700,2304657,0.99
555,700,2768773,1
556,700,2844465,0.98
557,700,2943964,0.98
558,700,2152249,1
559,700,2916760,0.99
560,700,2856099,1
561,700,2735713,0.98
562,700,2964904,1
563,700,2511955,0.99
564,700,2173263,0.98
565,700,2762904,0.96
566,700,2773004,0.93
567,700,2834037,0.96
568,700,2283653,1
569,700,2737734,0.99
570,700,1936816,1
571,700,2336476,1
572,700,1777070,1
573,700,2740692,0.99
574,700,2479791,0.98
575,700,1402776,1
576,700,2994649,0.98
577,700,2642053,1
578,700,2241160,0.99
579,700,2934021,0.78
580,700,2792611,0.84
581,700,3129857,1
582,700,2276002,0.98
583,700,2847261,1
584,700,2320993,1
585,700,2574949,0.92
586,700,2640860,1
587,700,2817179,0.98
588,700,2541869,1
589,700,2770827,1
590,700,2587952,1
591,700,2833515,0.98
592,700,2802222,1
593,700,2597323,1
594,700,2851587,1
595,700,1510239,1
596,700,2410115,1
597,700,2409655,0.98
598,700,2626945,0.97
599,700,2441846,1
600,700,3174989,0.89
601,700,2581468,0.84
602,700,2961389,0.98
603,700,2367131,1
604,700,2438817,1
605,700,2168287,1
606,700,2593494,1
607,700,2982592,0.97
608,700,2245923,0.99
609,700,2256993,1
610,700,1977129,1
611,700,2422104,1
612,700,2324893,1
613,700,2210140,1
614,700,2867579,0.96
615,700,2890026,0.95
616,700,2872647,0.98
617,700,2409901,1
618,700,2704283,0.87
619,700,3025012,0.9
620,700,2449547,1
621,700,2158701,0.98
622,700,2444125,0.98
623,700,2834149,1
624,700,2937633,1
625,700,1669543,1
626,700,2851592,1
627,700,1515040,1
628,700,2243923,0.99
629,700,1868605,0.99
630,700,2504938,0.94
631,700,3149408,1
632,700,1706391,1
633,700,2521128,0.99
634,700,1407114,1
635,700,3181012,0.95
636,700,2870666,0.96
637,700,2562482,1
638,700,2791487,0.99
639,700,2967309,0.98
640,700,2204564,0.99
641,700,2736574,0.98
642,700,2052600,1
643,700,2340727,0.97
644,700,2205525,1
645,700,2789119,0.98
646,700,2772353,1
647,700,2709866,0.98
648,700,1977170,1
649,700,2767152,1
650,700,2396308,0.99
651,700,2414533,1
652,700,1793434,1
653,700,1917758,1
654,700,2771539,0.99
655,700,2933765,0.96
656,700,2314210,0.9
657,700,2019542,1
658,700,3012258,1
659,700,3089503,0.93
660,700,2525997,1
661,700,2309288,1
662,700,2656675,0.97
663,700,2832969,0.98
664,700,3234926,0.98
665,700,2827902,1
666,700,2788033,1
667,700,2507077,1
668,700,2925952,1
669,700,1860905,1
670,700,3133042,0.86
671,700,2587635,1
672,700,3133431,0.91
673,700,2853487,0.96
674,700,2905266,0.84
675,700,3157593,0.91
676,700,2293794,0.97
677,700,2665536,0.8
678,700,1760624,1
679,700,2986178,0.96
680,700,2651260,0.97
681,700,1904810,0.99
682,700,1974560,1
683,700,1944043,1
684,700,2603108,0.97
685,700,1562656,1
686,700,2081971,1
687,700,1772953,0.85
688,700,2462275,0.99
689,700,2342307,1
690,700,2914084,0.98
691,700,2424681,0.93
692,700,1552463,1
693,700,2859294,1
694,700,3179016,0.96
695,700,1467138,1
696,700,2613696,0.89
697,700,2703559,1
698,700,2075188,1
699,700,2244341,0.99
700,700,3323124,0.86
701,700,2260505,1
702,700,2543346,0.99
703,700,2532164,0.97
704,700,2885134,1
705,700,2846837,0.99
706,700,3170116,0.89
707,700,2681071,0.8
708,700,2424762,1
709,700,2212248,0.98
710,700,2647779,0.85
711,700,2253328,0.91
712,700,2837843,1
713,700,1460991,1
714,700,2414497,0.98
715,700,2882159,1
716,700,2442077,1
717,700,1601458,0.96
718,700,3047718,0.97
719,700,1801691,1
720,700,2494588,1
721,700,2144071,1
722,700,2827746,0.73
723,700,1726352,1
724,700,1791226,1
725,700,2791201,0.98
726,700,2450081,1
727,700,2913924,0.9
728,700,2545405,1
729,700,2980729,0.99
730,700,2745465,1
731,700,2763668,1
732,700,2009684,1
733,700,1696416,0.98
734,700,3196116,0.91
735,700,2597440,1
736,700,1772044,1
737,700,2800991,0.99
738,700,2494302,0.82
739,700,3179633,0.97
740,700,2067386,0.99
741,700,2452994,0.99
742,700,2440900,0.99
743,700,2307045,0.99
744,700,2895666,0.99
745,700,1679795,0.97
746,700,2382362,0.99
747,700,2427137,1
748,700,1656152,0.97
749,700,2042109,1
750,700,2436567,1
751,700,2322453,1
752,700,2360098,1
753,700,2682970,1
754,700,2602781,0.92
755,700,1999064,1
756,700,2780426,0.99
757,700,2860402,1
758,700,2007184,1
759,700,2547325,0.99
760,700,2353380,1
761,700,2701135,0.8
762,700,2962599,0.98
763,700,2488275,0.99
764,700,2602580,0.98
765,700,2757874,1
766,700,2930266,1
767,700,2865288,0.93
768,700,1636786,0.98
769,700,2855913,0.98
770,700,1896678,0.99
771,700,2723149,1
772,700,2936136,1
773,700,2402659,1
774,700,2862546,0.85
775,700,2297010,0.94
776,700,3007504,0.98
777,700,2528768,0.95
778,700,2995346,1
779,700,2365122,1
780,700,1886117,1
781,700,2496851,1
782,700,2981907,1
783,700,1848628,0.99
784,700,2473912,1
785,700,1418292,1
786,700,2360959,1
787,700,2828960,1
788,700,3110174,0.98
789,700,2043363,1
790,700,1854751,1
791,700,3147427,0.97
792,700,2564549,1
793,700,2934375,1
794,700,2717368,0.99
795,700,2871329,0.99
796,700,2836091,0.99
797,700,2896142,0.99
798,700,2468051,1
799,700,2451654,1
800,700,2554849,1
801,700,2717800,1
802,700,2398708,0.95
803,700,2775417,1
804,700,2551601,1
805,700,1933388,1
806,700,1345041,1
807,700,1569405,1
808,700,2022328,1
809,700,1281205,1
810,700,2221018,0.99
811,700,1808149,0.82
812,700,2609052,0.91
813,700,2120653,1
814,700,2071607,1
815,700,2930140,0.99
816,700,2611769,0.94
817,700,2139381,1
818,700,1761553,1
819,700,2375808,1
820,700,2595389,1
821,700,1891361,1
822,700,3207570,0.97
823,700,2654061,0.99
824,700,2407292,0.99
825,700,2003947,1
826,700,2138743,1
827,700,2897804,0.94
828,700,2564529,1
829,700,2761540,1
830,700,2085986,1
831,700,3016094,0.93
832,700,2392397,0.93
833,700,3081579,0.95
834,700,2115481,1
835,700,2499617,0.91
836,700,1709151,0.9
837,700,2609569,1
838,700,2807079,0.99
839,700,2435014,0.94
840,700,2955337,0.8
841,700,2863053,0.96
842,700,2314393,1
843,700,2075476,1
844,700,2743816,0.98
845,700,2455817,0.97
846,700,3036336,0.95
847,700,2596789,1
848,700,2445855,0.97
849,700,2211848,1
850,700,2611445,0.97
851,700,2081217,1
852,700,1919568,1
853,700,2949153,0.98
854,700,1241490,0.94
855,700,1822273,0.97
856,700,3012266,1
857,700,2253360,1
858,700,2803434,0.93
859,700,2849029,1
860,700,2293395,1
861,700,2181894,1
862,700,1815832,0.79
863,700,2053325,1
864,700,1902705,0.93
865,700,3187361,0.95
866,700,2402644,1
867,700,2410863,0.97
868,700,2883420,0.99
869,700,2565299,0.98
870,700,2092096,0.98
871,700,2578962,1
872,700,2803115,0.88
873,700,2076718,1
874,700,2912755,0.7
875,700,2875335,1
876,700,2859210,1
877,700,2892706,1
878,700,1752062,1
879,700,3067049,0.97
880,700,2431962,1
881,700,2721195,1
882,700,3019137,0.96
883,700,2648595,0.86
884,700,2858152,1
885,700,3273594,0.96
886,700,2163347,1
887,700,1719516,0.73
888,700,2584548,0.78
889,700,2840219,1
890,700,2267996,1
891,700,2498297,1
892,700,2402700,0.87
893,700,2514262,0.92
894,700,2047456,0.88
895,700,2241382,1
896,700,1924446,1
897,700,2723890,0.98
898,700,2374366,1
899,700,2333734,1
900,700,2461957,0.96
901,700,2236622,1
902,700,2222771,1
903,700,1903298,1
904,700,2861300,1
905,700,2736079,0.97
906,700,2376313,0.92
907,700,3083661,0.95
908,700,2167541,1
909,700,2751778,1
910,700,2773030,1
911,700,2387552,0.99
912,700,2881838,1
913,700,2750320,0.98
914,700,2903494,0.98
915,700,2443829,1
916,700,2170347,1
917,700,2623342,0.82
918,700,2372769,0.91
919,700,2716355,1
920,700,2760597,1
921,700,1913890,1
922,700,2783186,0.97
923,700,1830634,0.8
924,700,2064697,1
925,700,2869334,1
926,700,2783252,0.97
927,700,2370629,1
928,700,2312222,1
929,700,1847245,1
930,700,1397451,1
931,700,2502174,0.99
932,700,1469526,1
933,700,2639346,1
934,700,2862472,0.99
935,700,2625806,1
936,700,2745365,0.99
937,700,2334408,1
938,700,1811293,1
939,700,2575162,0.96
940,700,3038740,0.99
941,700,2272512,1
942,700,2939780,0.98
943,700,2896614,0.99
944,700,1940614,0.94
945,700,3253334,0.94
946,700,2265002,1
947,700,2838411,1
948,700,1988928,0.99
949,700,2195460,1
950,700,2328187,1
951,700,3062457,0.96
952,700,1845733,0.97
953,700,2831559,1
954,700,3002100,0.97
955,700,2773243,0.95
956,700,2447421,0.97
957,700,1804004,1
958,700,3129672,0.98
959,700,2183256,1
960,700,2750478,0.95
961,700,2715756,1
962,700,1739343,1
963,700,2531689,1
964,700,2428178,1
965,700,2105368,1
966,700,2466528,0.87
967,700,2969894,0.99
968,700,2697519,0.99
969,700,2805864,0.86
970,700,1894093,1
971,700,2100735,1
972,700,2360643,1
973,700,2601111,0.98
974,700,2714725,0.98
975,700,2350321,0.87
976,700,2323132,0.94
977,700,1932829,1
978,700,1918510,1
979,700,2386541,1
980,700,2936836,0.94
981,700,2821483,0.97
982,700,2181345,1
983,700,2882227,0.87
984,700,2598883,1
985,700,1884299,0.94
986,700,2678243,1
987,700,2188795,1
988,700,1777479,0.98
989,700,1922571,1
990,700,2782815,0.99
991,700,2498913,0.9
992,700,1935868,0.96
993,700,1838747,1
994,700,3064533,0.94
995,700,1704653,1
996,700,2717397,0.99
997,700,2496455,0.98
998,700,2655710,0.99
999,700,1986217,0.99
0,800,2453198,0.95
1,800,3336841,0.97
2,800,2952594,1
3,800,3510706,0.94
4,800,3084297,1
5,800,3547099,0.98
6,800,3751747,0.99
7,800,3045969,1
8,800,2902981,1
9,800,3354375,0.99
10,800,3403062,0.97
11,800,3587425,0.94
12,800,3377938,0.99
13,800,3199887,1
14,800,2994611,1
15,800,3484169,0.97
16,800,1862138,1
17,800,3279938,1
18,800,2898146,1
19,800,3657891,0.87
20,800,2814462,1
21,800,2086500,1
22,800,2946906,1
23,800,2578966,1
24,800,3395097,0.99
25,800,3700401,0.98
26,800,2512403,1
27,800,3429744,1
28,800,3333292,0.98
29,800,2940777,1
30,800,3180527,0.99
31,800,3457520,0.92
32,800,2395097,1
33,800,2937434,1
34,800,2541346,1
35,800,2310966,1
36,800,3580878,0.96
37,800,2719170,1
38,800,3241551,1
39,800,2272187,1
40,800,2744534,1
41,800,1931952,1
42,800,2289340,1
43,800,2855937,1
44,800,3526147,0.99
45,800,2591748,1
46,800,2209430,1
47,800,3165082,1
48,800,2282631,1
49,800,2737047,1
50,800,2537494,1
51,800,3196283,0.99
52,800,3324355,1
53,800,3194055,0.98
54,800,3464846,1
55,800,3153760,1
56,800,3317715,0.94
57,800,1768065,1
58,800,2984838,1
59,800,2306510,1
60,800,3167040,0.99
61,800,2917682,1
62,800,3165588,1
63,800,3304992,0.99
64,800,3473446,0.86
65,800,3467292,1
66,800,2840501,1
67,800,3067704,0.97
68,800,3440125,1
69,800,3160945,1
70,800,3680719,0.97
71,800,2919305,1
72,800,3496406,1
73,800,2841389,1
74,800,2228362,1
75,800,2642381,1
76,800,3189693,0.99
77,800,2275856,1
78,800,2585478,1
79,800,2846164,1
80,800,3123811,0.96
81,800,2594071,1
82,800,2454396,1
83,800,3433630,0.98
84,800,2863560,0.99
85,800,2649295,1
86,800,1903732,0.99
87,800,3247960,0.99
88,800,2795623,1
89,800,1666084,0.93
90,800,2619032,1
91,800,2676996,0.99
92,800,3304903,1
93,800,1807117,1
94,800,1859215,1
95,800,3055489,0.99
96,800,3501357,0.99
97,800,2991650,1
98,800,2974568,0.99
99,800,2906963,1
100,800,2813996,1
101,800,3284342,1
102,800,3053168,1
103,800,3288716,0.99
104,800,3035400,1
105,800,3247087,1
106,800,2525627,1
107,800,2559875,1
108,800,2642242,1
109,800,3264398,0.99
110,800,3084946,1
111,800,2111448,0.96
112,800,2855917,1
113,800,2896960,1
114,800,3415414,1
115,800,3268192,1
116,800,2465277,0.96
117,800,3069930,0.99
118,800,3426139,0.87
119,800,2829849,0.97
120,800,3361519,1
121,800,2852649,1
122,800,2819782,0.97
123,800,2689542,1
124,800,2775472,1
125,800,3227314,1
126,800,3658542,0.96
127,800,2435401,1
128,800,1995293,1
129,800,3397740,1
130,800,2850212,1
131,800,3189866,0.93
132,800,1960921,1
133,800,2462355,1
134,800,2352473,1
135,800,2767460,1
136,800,2037380,1
137,800,1820604,0.91
138,800,2757380,1
139,800,2579923,1
140,800,3558665,0.95
141,800,2000794,1
142,800,3027284,0.96
143,800,2036500,1
144,800,2493771,1
145,800,1767651,1
146,800,3287620,1
147,800,3201684,0.99
148,800,3344162,0.87
149,800,2702566,1
150,800,2957999,1
151,800,2201162,0.91
152,800,2946193,1
153,800,2629832,1
154,800,2535439,0.99
155,800,3425223,0.97
156,800,3426639,0.98
157,800,3366516,1
158,800,2072064,1
159,800,3282868,1
160,800,2499192,1
161,800,3129543,1
162,800,3239668,1
163,800,3078562,0.99
164,800,2811758,1
165,800,3009219,1
166,800,2803349,1
167,800,2288811,1
168,800,3368370,0.99
169,800,1625265,1
170,800,3654309,1
171,800,2386743,1
172,800,3314378,0.95
173,800,2838973,1
174,800,2992363,0.97
175,800,3352346,0.99
176,800,3042801,0.99
177,800,3231270,0.99
178,800,2768323,0.98
179,800,3078705,0.99
180,800,3522887,0.95
181,800,3216095,0.99
182,800,2960116,0.99
183,800,3041568,0.97
184,800,2837848,1
185,800,3029490,0.99
186,800,1676865,1
187,800,1413630,1
188,800,2499149,1
189,800,3250784,1
190,800,2830928,1
191,800,2931305,1
192,800,2555796,1
193,800,2018458,1
194,800,2226721,0.99
195,800,3567764,0.93
196,800,1630293,1
197,800,2723216,0.99
198,800,1987179,1
199,800,2907178,0.99
200,800,2106509,1
201,800,2223694,1
202,800,2372968,1
203,800,1944804,1
204,800,2703364,0.99
205,800,2543672,1
206,800,2828924,0.92
207,800,2810237,1
208,800,3697960,0.91
209,800,2263039,1
210,800,1865410,1
211,800,2436831,1
212,800,2868259,1
213,800,3534336,1
214,800,2891148,1
215,800,2723266,0.99
216,800,1774154,0.97
217,800,3631870,1
218,800,2298960,1
219,800,2088891,0.98
220,800,3538013,0.99
221,800,3078563,1
222,800,2788966,1
223,800,1984831,1
224,800,3434592,0.83
225,800,3020588,1
226,800,2912939,1
227,800,3324402,1
228,800,3427680,0.97
229,800,3264869,0.93
230,800,3320261,0.99
231,800,2577169,1
232,800,2846365,0.98
233,800,2213937,1
234,800,3510673,0.96
235,800,3622922,1
236,800,2368769,1
237,800,2317036,1
238,800,2808761,1
239,800,3281920,1
240,800,1933395,1
241,800,2456094,1
242,800,2303590,1
243,800,2812973,1
244,800,3271919,0.98
245,800,3742611,0.94
246,800,2339127,1
247,800,2678508,1
248,800,3191119,1
249,800,2202584,1
250,800,1742703,1
251,800,1907882,0.9
252,800,2914243,1
253,800,2225692,1
254,800,3080396,1
255,800,2600591,0.98
256,800,2334918,1
257,800,2738356,1
258,800,2990948,1
259,800,1931115,1
260,800,2954778,0.99
261,800,2708085,1
262,800,1460667,1
263,800,2984032,1
264,800,2854828,1
265,800,3019027,0.97
266,800,3594582,0.97
267,800,3182277,0.99
268,800,2321183,1
269,800,3673813,1
270,800,2786442,1
271,800,3244976,1
272,800,2758406,1
273,800,3068496,1
274,800,2101831,1
275,800,2972608,0.9
276,800,2831505,1
277,800,2077042,1
278,800,2282549,1
279,800,3116377,0.98
280,800,3189192,1
281,800,2717828,1
282,800,2715563,1
283,800,3300471,1
284,800,3252973,1
285,800,2184586,0.98
286,800,3154509,0.95
287,800,3381790,0.98
288,800,3290363,1
289,800,2781451,1
290,800,1899874,1
291,800,3553720,0.94
292,800,2791049,1
293,800,2762297,1
294,800,2580389,1
295,800,2211778,1
296,800,1782529,1
297,800,2179968,0.98
298,800,2348705,0.96
299,800,2637675,1
300,800,2005880,1
301,800,3033110,0.99
302,800,3032427,1
303,800,2191513,1
304,800,3350285,1
305,800,1841170,1
306,800,3782599,0.96
307,800,2436213,1
308,800,2568607,1
309,800,3073057,1
310,800,3532550,0.95
311,800,2674204,1
312,800,2924252,0.99
313,800,3657247,0.94
314,800,3196574,1
315,800,2305490,1
316,800,2988348,1
317,800,1885260,1
318,800,1968312,1
319,800,1708159,1
320,800,2025352,1
321,800,2239537,1
322,800,1977506,1
323,800,2830490,1
324,800,3216040,0.98
325,800,2790103,1
326,800,2414805,1
327,800,1887073,1
328,800,2544061,1
329,800,3634335,0.89
330,800,1982023,1
331,800,2173909,1
332,800,3020825,0.99
333,800,2778898,1
334,800,2955660,1
335,800,3342985,1
336,800,1920708,0.95
337,800,3497736,0.98
338,800,2080424,1
339,800,3265804,0.99
340,800,2883652,1
341,800,2069492,1
342,800,3409729,0.99
343,800,3452770,1
344,800,2198091,1
345,800,3528461,0.95
346,800,3144099,0.97
347,800,2975896,0.93
348,800,3527892,1
349,800,2023118,1
350,800,3287091,1
351,800,2428580,1
352,800,3285472,0.99
353,800,2333135,1
354,800,2081612,1
355,800,2766720,1
356,800,1780178,1
357,800,2367815,1
358,800,2673373,1
359,800,2788419,1
360,800,2124215,1
361,800,2809795,1
362,800,1710398,1
363,800,2224624,1
364,800,3176189,1
365,800,2982356,1
366,800,3055418,0.92
367,800,3269951,1
368,800,1986974,1
369,800,2446178,1
370,800,2724608,0.96
371,800,3645784,0.98
372,800,2964852,0.97
373,800,3282614,0.99
374,800,2521717,1
375,800,2823825,1
376,800,2722543,1
377,800,3331844,0.99
378,800,3716092,0.89
379,800,1700441,1
380,800,3302458,0.97
381,800,1974926,1
382,800,1867531,1
383,800,1854399,1
384,800,2845351,1
385,800,1915559,1
386,800,3277149,0.99
387,800,3529781,0.96
388,800,3489792,1
389,800,3123217,0.99
390,800,2149127,1
391,800,2833917,1
392,800,3083934,0.99
393,800,3265164,0.99
394,800,1765959,1
395,800,3385213,1
396,800,3478303,1
397,800,3517571,0.97
398,800,3018069,0.99
399,800,2633058,0.97
400,800,2584103,1
401,800,3007722,1
402,800,2735188,1
403,800,2760661,1
404,800,2265707,1
405,800,3735862,0.88
406,800,2945798,0.91
407,800,2849152,1
408,800,2328038,1
409,800,2466880,1
410,800,1875487,1
411,800,2558568,1
412,800,2579254,1
413,800,2958491,1
414,800,2456933,1
415,800,1989129,1
416,800,2162361,1
417,800,2802274,1
418,800,2172144,0.91
419,800,2919795,1
420,800,3301396,1
421,800,2377290,1
422,800,1987618,1
423,800,2307365,0.99
424,800,2610950,1
425,800,2128088,1
426,800,2888571,0.9
427,800,3377045,1
428,800,2106616,0.99
429,800,2257549,1
430,800,2605816,1
431,800,1852248,1
432,800,2954144,1
433,800,1986316,1
434,800,1958140,1
435,800,2654837,1
436,800,2227289,1
437,800,2700283,1
438,800,2507713,1
439,800,3368616,0.95
440,800,2236347,1
441,800,3020513,0.99
442,800,2968577,0.91
443,800,2824640,1
444,800,2537043,1
445,800,2769338,0.94
446,800,2568235,1
447,800,3548552,0.97
448,800,1985729,1
449,800,2573288,1
450,800,3207325,0.99
451,800,3564021,0.98
452,800,3672436,0.77
453,800,3212463,0.96
454,800,2170726,1
455,800,1914804,1
456,800,2662967,1
457,800,3243422,0.94
458,800,3008091,1
459,800,3060123,1
460,800,2554301,0.92
461,800,3112549,1
462,800,2852926,1
463,800,2984627,1
464,800,2720155,0.99
465,800,2979518,1
466,800,2389983,1
467,800,2260148,1
468,800,3290351,0.99
469,800,2906327,1
470,800,3046733,1
471,800,3225424,0.98
472,800,2741022,0.73
473,800,3606873,0.96
474,800,2717217,1
475,800,3732464,0.84
476,800,2621157,1
477,800,2224428,1
478,800,2448250,1
479,800,3333529,0.98
480,800,2492768,0.99
481,800,2938474,1
482,800,2418688,1
483,800,3183496,0.99
484,800,2628282,1
485,800,2156938,1
486,800,3345258,1
487,800,2511256,1
488,800,2769263,0.99
489,800,2428335,0.99
490,800,2232251,0.99
491,800,1970532,1
492,800,2058347,1
493,800,2944750,1
494,800,3075051,0.99
495,800,3333172,0.99
496,800,3052751,1
497,800,3023543,0.99
498,800,3130607,0.98
499,800,2598896,1
500,800,1972768,1
501,800,3476042,0.93
502,800,2443372,1
503,800,2716507,1
504,800,3747916,0.93
505,800,3071108,1
506,800,2218915,1
507,800,2863836,0.78
508,800,2984870,1
509,800,3423025,0.91
510,800,2825542,0.98
511,800,2832533,1
512,800,1801558,1
513,800,3258657,0.99
514,800,2440749,0.93
515,800,3530858,0.99
516,800,2781949,1
517,800,2958671,0.92
518,800,2421503,1
519,800,3149933,0.98
520,800,3243163,1
521,800,1729892,1
522,800,3116417,1
523,800,1855833,1
524,800,2811663,1
525,800,2332583,1
526,800,2877479,1
527,800,2820073,1
528,800,2031485,1
529,800,2068199,1
530,800,3040194,0.9
531,800,3511775,0.96
532,800,3061256,0.99
533,800,3081864,1
534,800,3352110,1
535,800,3203596,1
536,800,3009636,0.99
537,800,3180007,0.99
538,800,2286529,1
539,800,3214539,0.99
540,800,2456166,1
541,800,2524161,1
542,800,2122440,1
543,800,2871011,1
544,800,3213134,1
545,800,3312792,1
546,800,1658897,1
547,800,3367370,0.99
548,800,2624906,0.96
549,800,2297934,1
550,800,1927105,1
551,800,1975283,1
552,800,2550478,0.99
553,800,3096861,0.97
554,800,2597390,0.99
555,800,3096690,1
556,800,3174836,0.98
557,800,3317205,0.98
558,800,2464428,1
559,800,3277561,0.99
560,800,3206100,1
561,800,3064503,0.99
562,800,3328706,1
563,800,2845342,0.99
564,800,2430645,0.98
565,800,3097137,0.96
566,800,3142477,0.96
567,800,3169321,0.96
568,800,2557406,1
569,800,3058689,1
570,800,2131598,1
571,800,2600253,1
572,800,1945444,1
573,800,3060194,0.99
574,800,2785630,0.98
575,800,1620297,1
576,800,3340869,0.98
577,800,2951669,1
578,800,2495066,0.99
579,800,3271511,0.82
580,800,3128917,0.84
581,800,3504698,1
582,800,2579751,0.98
583,800,3190639,1
584,800,2634125,1
585,800,2876384,0.92
586,800,2977775,1
587,800,3200259,0.98
588,800,2893729,1
589,800,3127133,1
590,800,2858543,1
591,800,3160884,0.98
592,800,3137441,1
593,800,2949896,1
594,800,3242703,1
595,800,1690108,1
596,800,2697969,1
597,800,2727905,0.99
598,800,2946951,0.97
599,800,2702626,1
600,800,3580905,0.9
601,800,2858503,0.85
602,800,3318623,0.98
603,800,2650426,1
604,800,2719735,1
605,800,2454127,1
606,800,2929864,1
607,800,3393547,0.97
608,800,2525998,0.99
609,800,2549456,1
610,800,2205010,1
611,800,2713198,1
612,800,2614834,1
613,800,2469864,1
614,800,3242659,0.98
615,800,3294391,0.96
616,800,3231937,0.99
617,800,2748074,1
618,800,3012105,0.87
619,800,3412450,0.92
620,800,2760637,1
621,800,2463632,0.98
622,800,2752223,0.98
623,800,3187586,1
624,800,3320358,1
625,800,1862733,1
626,800,3198920,1
627,800,1685782,1
628,800,2513602,0.99
629,800,2074107,0.99
630,800,2829733,0.94
631,800,3568027,1
632,800,1893024,1
633,800,2839274,1
634,800,1562607,1
635,800,3633084,0.95
636,800,3246152,0.96
637,800,2907772,1
638,800,3169096,0.99
639,800,3365521,0.98
640,800,2486804,0.99
641,800,3070823,0.98
642,800,2328794,1
643,800,2691470,0.98
644,800,2476691,1
645,800,3179751,0.98
646,800,3112752,1
647,800,3057671,0.98
648,800,2233118,1
649,800,3122821,1
650,800,2679012,0.99
651,800,2739756,1
652,800,2049147,1
653,800,2180663,1
654,800,3124900,1
655,800,3299592,0.98
656,800,2626874,0.9
657,800,2353495,1
658,800,3395908,1
659,800,3501675,0.97
660,800,2826432,1
661,800,2560656,1
662,800,2968874,0.97
663,800,3174272,0.98
664,800,3629877,0.99
665,800,3178244,1
666,800,3153454,1
667,800,2837155,1
668,800,3304449,1
669,800,2069213,1
670,800,3556437,0.89
671,800,2929009,1
672,800,3504810,0.92
673,800,3228813,0.96
674,800,3235816,0.86
675,800,3583326,0.92
676,800,2579910,0.97
677,800,2988066,0.82
678,800,2068233,1
679,800,3399076,0.96
680,800,3001368,0.99
681,800,2126212,0.99
682,800,2167172,1
683,800,2151378,1
684,800,2945612,0.98
685,800,1763025,1
686,800,2329942,1
687,800,1930442,0.85
688,800,2755862,0.99
689,800,2607404,1
690,800,3309452,0.98
691,800,2737473,0.95
692,800,1779578,1
693,800,3200881,1
694,800,3617280,0.97
695,800,1680634,1
696,800,2902548,0.9
697,800,3077538,1
698,800,2330699,1
699,800,2538034,0.99
700,800,3732680,0.87
701,800,2549621,1
702,800,2846566,1
703,800,2809964,0.97
704,800,3244584,1
705,800,3190536,0.99
706,800,3568370,0.9
707,800,3010673,0.81
708,800,2735129,1
709,800,2484853,0.98
710,800,2975193,0.86
711,800,2600900,0.92
712,800,3196648,1
713,800,1612722,1
714,800,2743916,0.98
715,800,3220421,1
716,800,2733826,1
717,800,1771728,0.97
718,800,3461143,0.97
719,800,2079684,1
720,800,2816345,1
721,800,2393618,1
722,800,3156227,0.73
723,800,1948596,1
724,800,1983139,1
725,800,3165652,0.98
726,800,2810852,1
727,800,3283883,0.9
728,800,2876498,1
729,800,3338859,1
730,800,3058925,1
731,800,3117963,1
732,800,2221311,1
733,800,1888320,0.98
734,800,3600749,0.94
735,800,2924057,1
736,800,2028683,1
737,800,3151057,0.99
738,800,2764478,0.83
739,800,3565192,0.98
740,800,2298132,0.99
741,800,2766411,1
742,800,2758864,0.99
743,800,2568470,0.99
744,800,3269386,0.99
745,800,1851158,0.97
746,800,2698085,1
747,800,2692255,1
748,800,1826601,0.97
749,800,2316185,1
750,800,2723388,1
751,800,2599383,1
752,800,2628640,1
753,800,3045454,1
754,800,2886790,0.92
755,800,2216204,1
756,800,3135813,0.99
757,800,3252234,1
758,800,2272063,1
759,800,2849223,0.99
760,800,2627895,1
761,800,3049695,0.8
762,800,3342794,0.98
763,800,2768078,0.99
764,800,2944089,0.99
765,800,3120564,1
766,800,3268698,1
767,800,3226572,0.93
768,800,1803845,0.99
769,800,3217938,0.99
770,800,2134410,0.99
771,800,3129014,1
772,800,3314406,1
773,800,2695761,1
774,800,3253496,0.87
775,800,2597161,0.94
776,800,3374838,0.98
777,800,2864090,0.95
778,800,3334563,1
779,800,2660113,1
780,800,2143583,1
781,800,2777372,1
782,800,3343295,1
783,800,2069191,0.99
784,800,2784815,1
785,800,1572432,1
786,800,2653748,1
787,800,3160266,1
788,800,3463265,0.98
789,800,2295060,1
790,800,2072078,1
791,800,3545130,0.97
792,800,2904733,1
793,800,3292057,1
794,800,3089736,0.99
795,800,3251036,0.99
796,800,3161440,1
797,800,3261902,0.99
798,800,2796703,1
799,800,2763088,1
800,800,2869685,1
801,800,3059594,1
802,800,2685068,0.95
803,800,3129460,1
804,800,2853176,1
805,800,2163006,1
806,800,1445169,1
807,800,1753663,1
808,800,2245669,1
809,800,1498291,1
810,800,2456209,0.99
811,800,2026176,0.83
812,800,2916582,0.91
813,800,2367625,1
814,800,2339258,1
815,800,3301625,0.99
816,800,2927870,0.95
817,800,2396568,1
818,800,2003926,1
819,800,2661531,1
820,800,2895427,1
821,800,2147094,1
822,800,3423190,0.97
823,800,2967512,0.99
824,800,2681943,0.99
825,800,2272070,1
826,800,2364149,1
827,800,3235645,0.94
828,800,2896783,1
829,800,3132056,1
830,800,2325722,1
831,800,3351235,0.93
832,800,2708576,0.93
833,800,3467683,0.96
834,800,2343778,1
835,800,2865277,0.93
836,800,1901914,0.9
837,800,2958187,1
838,800,3117081,0.99
839,800,2676015,0.94
840,800,3341710,0.83
841,800,3211472,0.96
842,800,2596366,1
843,800,2319868,1
844,800,3080955,0.99
845,800,2756924,0.97
846,800,3426947,0.97
847,800,2911000,1
848,800,2757107,0.98
849,800,2521475,1
850,800,2916207,0.97
851,800,2349120,1
852,800,2158432,1
853,800,3301049,0.98
854,800,1364097,0.94
855,800,2035022,0.97
856,800,3410748,1
857,800,2533539,1
858,800,3169452,0.93
859,800,3166584,1
860,800,2547396,1
861,800,2424819,1
862,800,2022378,0.79
863,800,2269739,1
864,800,2097181,0.93
865,800,3606331,0.97
866,800,2698740,1
867,800,2715523,0.97
868,800,3223725,0.99
869,800,2910742,0.98
870,800,2362920,0.98
871,800,2873577,1
872,800,3139175,0.9
873,800,2293621,1
874,800,3243531,0.73
875,800,3246743,1
876,800,3202343,1
877,800,3221662,1
878,800,1930231,1
879,800,3450688,0.98
880,800,2736859,1
881,800,3095300,1
882,800,3387319,0.97
883,800,3012005,0.86
884,800,3222751,1
885,800,3708327,0.97
886,800,2436082,1
887,800,1935706,0.75
888,800,2914145,0.8
889,800,3175903,1
890,800,2532263,1
891,800,2808954,1
892,800,2728533,0.91
893,800,2812621,0.92
894,800,2352159,0.88
895,800,2538719,1
896,800,2124487,1
897,800,3072616,0.98
898,800,2674714,1
899,800,2601300,1
900,800,2769137,0.97
901,800,2520362,1
902,800,2508696,1
903,800,2142972,1
904,800,3212930,1
905,800,3080159,0.98
906,800,2637109,0.93
907,800,3447242,0.95
908,800,2387436,1
909,800,3106020,1
910,800,3108229,1
911,800,2698830,0.99
912,800,3239985,1
913,800,3061878,0.98
914,800,3261324,0.98
915,800,2746829,1
916,800,2450941,1
917,800,2914730,0.85
918,800,2680778,0.92
919,800,3033641,1
920,800,3103667,1
921,800,2166269,1
922,800,3146040,0.97
923,800,2085211,0.83
924,800,2286013,1
925,800,3217397,1
926,800,3138321,0.97
927,800,2656778,1
928,800,2616754,1
929,800,2090288,1
930,800,1533045,1
931,800,2824647,0.99
932,800,1613152,1
933,800,2938485,1
934,800,3225489,0.99
935,800,2934728,1
936,800,3101494,0.99
937,800,2592991,1
938,800,2060832,1
939,800,2881151,0.97
940,800,3410538,0.99
941,800,2532081,1
942,800,3285793,0.98
943,800,3259090,1
944,800,2137828,0.95
945,800,3661928,0.94
946,800,2532907,1
947,800,3189411,1
948,800,2241143,0.99
949,800,2479414,1
950,800,2638766,1
951,800,3458266,0.96
952,800,2027282,0.97
953,800,3193865,1
954,800,3381834,0.97
955,800,3114332,0.95
956,800,2755374,0.97
957,800,1967680,1
958,800,3530873,0.98
959,800,2470334,1
960,800,3076966,0.95
961,800,3058747,1
962,800,1918249,1
963,800,2846453,1
964,800,2704949,1
965,800,2355710,1
966,800,2762944,0.88
967,800,3368283,0.99
968,800,3038543,0.99
969,800,3174103,0.87
970,800,2112695,1
971,800,2409463,1
972,800,2680083,1
973,800,2894060,0.98
974,800,3105041,0.99
975,800,2617225,0.88
976,800,2643838,0.94
977,800,2171837,1
978,800,2105622,1
979,800,2641948,1
980,800,3301722,0.94
981,800,3183594,0.97
982,800,2436935,1
983,800,3251860,0.87
984,800,2990497,1
985,800,2134213,0.94
986,800,2988683,1
987,800,2475323,1
988,800,1962015,0.98
989,800,2143527,1
990,800,3126919,0.99
991,800,2816732,0.91
992,800,2165029,0.96
993,800,2070067,1
994,800,3463608,0.94
995,800,1904424,1
996,800,3042273,0.99
997,800,2806913,0.98
998,800,3020451,0.99
999,800,2241304,0.99
0,1000,2979237,0.95
1,1000,4054188,0.98
2,1000,3615663,1
3,1000,4348534,0.95
4,1000,3755591,1
5,1000,4218493,1
6,1000,4584972,1
7,1000,3724264,1
8,1000,3537977,1
9,1000,4061434,0.99
10,1000,4254415,0.97
11,1000,4383220,0.94
12,1000,4122009,0.99
13,1000,3914423,1
14,1000,3666225,1
15,1000,4290125,0.99
16,1000,2167992,1
17,1000,4020833,1
18,1000,3509464,1
19,1000,4488787,0.89
20,1000,3430946,1
21,1000,2496861,1
22,1000,3590758,1
23,1000,3225397,1
24,1000,4183644,0.99
25,1000,4557099,0.98
26,1000,3228405,1
27,1000,4165520,1
28,1000,3996791,0.99
29,1000,3536216,1
30,1000,3820755,0.99
31,1000,4253540,0.95
32,1000,2933776,1
33,1000,3587019,1
34,1000,3062466,1
35,1000,2756961,1
36,1000,4394677,0.97
37,1000,3298070,1
38,1000,4034968,1
39,1000,2865191,1
40,1000,3352361,1
41,1000,2327804,1
42,1000,2740613,1
43,1000,3476501,1
44,1000,4301808,0.99
45,1000,3144848,1
46,1000,2659612,1
47,1000,3816475,1
48,1000,2852936,1
49,1000,3376179,1
50,1000,3076203,1
51,1000,3870346,0.99
52,1000,4078988,1
53,1000,3851247,0.98
54,1000,4251427,1
55,1000,3844303,1
56,1000,4003373,0.97
57,1000,2195217,1
58,1000,3709928,1
59,1000,2744295,1
60,1000,3844526,1
61,1000,3603159,1
62,1000,3825679,1
63,1000,4089195,0.99
64,1000,4198731,0.89
65,1000,4251639,1
66,1000,3465083,1
67,1000,3746208,0.98
68,1000,4201342,1
69,1000,3853128,1
70,1000,4450062,0.99
71,1000,3559766,1
72,1000,4260973,1
73,1000,3499749,1
74,1000,2627798,1
75,1000,3253047,1
76,1000,3891213,0.99
77,1000,2856292,1
78,1000,3113357,1
79,1000,3397283,1
80,1000,3893131,0.97
81,1000,3163302,1
82,1000,2960216,1
83,1000,4193607,0.99
84,1000,3504911,0.99
85,1000,3239497,1
86,1000,2302816,0.99
87,1000,3886067,1
88,1000,3388283,1
89,1000,1974432,0.93
90,1000,3119749,1
91,1000,3208067,0.99
92,1000,4018886,1
93,1000,2181000,1
94,1000,2380201,1
95,1000,3705002,0.99
96,1000,4347611,0.99
97,1000,3694552,1
98,1000,3659250,0.99
99,1000,3583353,1
100,1000,3415186,1
101,1000,3967198,1
102,1000,3761515,1
103,1000,3992680,0.99
104,1000,3764188,1
105,1000,4028570,1
106,1000,3067745,1
107,1000,3085706,1
108,1000,3233009,1
109,1000,3972511,1
110,1000,3799162,1
111,1000,2520038,0.98
112,1000,3521661,1
113,1000,3530106,1
114,1000,4118192,1
115,1000,3958876,1
116,1000,2944899,0.97
117,1000,3770043,1
118,1000,4204351,0.88
119,1000,3491081,0.98
120,1000,4106553,1
121,1000,3484005,1
122,1000,3412285,0.97
123,1000,3265450,1
124,1000,3334899,1
125,1000,3990674,1
126,1000,4490833,0.96
127,1000,2916046,1
128,1000,2390956,1
129,1000,4165697,1
130,1000,3462004,1
131,1000,3870214,0.94
132,1000,2377350,1
133,1000,3003265,1
134,1000,2903085,1
135,1000,3298652,1
136,1000,2460241,1
137,1000,2155358,0.93
138,1000,3429942,1
139,1000,3123060,1
140,1000,4386255,0.97
141,1000,2461450,1
142,1000,3646138,0.99
143,1000,2479089,1
144,1000,3044476,1
145,1000,2126939,1
146,1000,4040778,1
147,1000,3895070,1
148,1000,4070516,0.87
149,1000,3234112,1
150,1000,3538496,1
151,1000,2609069,0.93
152,1000,3593054,1
153,1000,3201058,1
154,1000,3087464,1
155,1000,4248008,0.97
156,1000,4219339,0.99
157,1000,4086983,1
158,1000,2504151,1
159,1000,3983666,1
160,1000,3008004,1
161,1000,3759846,1
162,1000,3948426,1
163,1000,3775444,0.99
164,1000,3413974,1
165,1000,3680042,1
166,1000,3384217,1
167,1000,2728455,1
168,1000,4078347,0.99
169,1000,1928764,1
170,1000,4487140,1
171,1000,2910725,1
172,1000,4059697,0.95
173,1000,3467344,1
174,1000,3727992,0.97
175,1000,4135192,0.99
176,1000,3699744,1
177,1000,3891624,0.99
178,1000,3312661,0.98
179,1000,3733907,0.99
180,1000,4203586,0.97
181,1000,3963842,0.99
182,1000,3643189,0.99
183,1000,3647756,0.97
184,1000,3507184,1
185,1000,3651899,1
186,1000,2004947,1
187,1000,1802009,1
188,1000,3059164,1
189,1000,3943758,1
190,1000,3438024,1
191,1000,3543584,1
192,1000,3089180,1
193,1000,2401776,1
194,1000,2627434,0.99
195,1000,4369069,0.95
196,1000,2055546,1
197,1000,3315314,0.99
198,1000,2450033,1
199,1000,3628363,0.99
200,1000,2513690,1
201,1000,2692488,1
202,1000,2860384,1
203,1000,2319795,1
204,1000,3331253,0.99
205,1000,3106192,1
206,1000,3416303,0.92
207,1000,3385129,1
208,1000,4463025,0.92
209,1000,2771783,1
210,1000,2262431,1
211,1000,2965684,1
212,1000,3503883,1
213,1000,4302689,1
214,1000,3583322,1
215,1000,3224708,0.99
216,1000,2095150,0.97
217,1000,4453736,1
218,1000,2777872,1
219,1000,2477348,0.98
220,1000,4256735,1
221,1000,3774104,1
222,1000,3400777,1
223,1000,2350280,1
224,1000,4159223,0.86
225,1000,3645948,1
226,1000,3716508,1
227,1000,3992241,1
228,1000,4128448,0.97
229,1000,3949401,0.93
230,1000,4022688,0.99
231,1000,3068213,1
232,1000,3461570,0.98
233,1000,2626045,1
234,1000,4197118,0.96
235,1000,4392419,1
236,1000,2852766,1
237,1000,2781168,1
238,1000,3401581,1
239,1000,3940322,1
240,1000,2352705,1
241,1000,2926782,1
242,1000,2734257,1
243,1000,3331518,1
244,1000,3990329,0.98
245,1000,4549433,0.95
246,1000,2825330,1
247,1000,3155741,1
248,1000,3957730,1
249,1000,2814535,1
250,1000,2116385,1
251,1000,2320526,0.9
252,1000,3549424,1
253,1000,2716124,1
254,1000,3757555,1
255,1000,3091179,0.98
256,1000,2832920,1
257,1000,3334121,1
258,1000,3661352,1
259,1000,2276053,1
260,1000,3629458,0.99
261,1000,3356675,1
262,1000,1900155,1
263,1000,3606036,1
264,1000,3552325,1
265,1000,3655086,0.97
266,1000,4445989,0.98
267,1000,3956649,0.99
268,1000,2767880,1
269,1000,4473259,1
270,1000,3410702,1
271,1000,3898514,1
272,1000,3327940,1
273,1000,3770653,1
274,1000,2488939,1
275,1000,3598550,0.92
276,1000,3408748,1
277,1000,2527997,1
278,1000,2751709,1
279,1000,3728999,0.99
280,1000,3892417,1
281,1000,3367396,1
282,1000,3283305,1
283,1000,3986257,1
284,1000,3956909,1
285,1000,2624722,0.98
286,1000,3792528,0.95
287,1000,4063448,0.98
288,1000,3984855,1
289,1000,3410975,1
290,1000,2279385,1
291,1000,4287925,0.96
292,1000,3449104,1
293,1000,3438635,1
294,1000,3079082,1
295,1000,2597163,1
296,1000,2162102,1
297,1000,2602895,0.98
298,1000,2796902,0.98
299,1000,3235739,1
300,1000,2464903,1
301,1000,3701914,0.99
302,1000,3695338,1
303,1000,2667859,1
304,1000,4057689,1
305,1000,2289855,1
306,1000,4639341,0.97
307,1000,2913476,1
308,1000,3057811,1
309,1000,3752536,1
310,1000,4317728,0.98
311,1000,3220383,1
312,1000,3546858,0.99
313,1000,4467688,0.95
314,1000,3957556,1
315,1000,2726018,1
316,1000,3610851,1
317,1000,2289992,1
318,1000,2420037,1
319,1000,2087100,1
320,1000,2341574,1
321,1000,2736069,1
322,1000,2362296,1
323,1000,3389394,1
324,1000,3879991,0.98
325,1000,3501711,1
326,1000,2959305,1
327,1000,2257126,1
328,1000,3021907,1
329,1000,4407556,0.92
330,1000,2378183,1
331,1000,2581170,1
332,1000,3596986,0.99
333,1000,3388799,1
334,1000,3588984,1
335,1000,4066914,1
336,1000,2235658,0.95
337,1000,4309651,0.98
338,1000,2460660,1
339,1000,3963248,0.99
340,1000,3490764,1
341,1000,2436426,1
342,1000,4157158,0.99
343,1000,4186689,1
344,1000,2642692,1
345,1000,4237897,0.98
346,1000,3799787,0.98
347,1000,3567987,0.93
348,1000,4325726,1
349,1000,2429621,1
350,1000,3959855,1
351,1000,2982639,1
352,1000,3979033,0.99
353,1000,2817776,1
354,1000,2469057,1
355,1000,3377175,1
356,1000,2217408,1
357,1000,2850963,1
358,1000,3264435,1
359,1000,3353263,1
360,1000,2607406,1
361,1000,3374267,1
362,1000,2124941,1
363,1000,2651499,1
364,1000,3845029,1
365,1000,3649500,1
366,1000,3741780,0.97
367,1000,4020916,1
368,1000,2320602,1
369,1000,2990737,1
370,1000,3313261,0.98
371,1000,4389407,0.99
372,1000,3616834,0.98
373,1000,3927174,0.99
374,1000,3004400,1
375,1000,3450396,1
376,1000,3349830,1
377,1000,4031651,0.99
378,1000,4585756,0.92
379,1000,1991812,1
380,1000,3934639,0.99
381,1000,2425440,1
382,1000,2216233,1
383,1000,2226684,1
384,1000,3431298,1
385,1000,2331787,1
386,1000,3961482,0.99
387,1000,4290190,0.96
388,1000,4211662,1
389,1000,3793148,0.99
390,1000,2569920,1
391,1000,3418254,1
392,1000,3776522,1
393,1000,4020454,1
394,1000,2145224,1
395,1000,4122795,1
396,1000,4230522,1
397,1000,4272227,0.97
398,1000,3675899,0.99
399,1000,3132748,0.97
400,1000,3068015,1
401,1000,3658488,1
402,1000,3296802,1
403,1000,3381721,1
404,1000,2739642,1
405,1000,4566011,0.91
406,1000,3502352,0.91
407,1000,3477052,1
408,1000,2771111,1
409,1000,3010713,1
410,1000,2230270,1
411,1000,3099101,1
412,1000,3100256,1
413,1000,3680977,1
414,1000,2991291,1
415,1000,2397173,1
416,1000,2636292,1
417,1000,3357073,1
418,1000,2539544,0.91
419,1000,3490440,1
420,1000,3978271,1
421,1000,2834418,1
422,1000,2386592,1
423,1000,2810622,0.99
424,1000,3177721,1
425,1000,2549352,1
426,1000,3590552,0.93
427,1000,4103478,1
428,1000,2503117,0.99
429,1000,2655500,1
430,1000,3126550,1
431,1000,2200849,1
432,1000,3630110,1
433,1000,2541946,1
434,1000,2348922,1
435,1000,3202385,1
436,1000,2634474,1
437,1000,3363423,1
438,1000,2993645,1
439,1000,4162355,0.95
440,1000,2665791,1
441,1000,3670521,0.99
442,1000,3551652,0.91
443,1000,3364846,1
444,1000,3057437,1
445,1000,3325137,0.95
446,1000,3122240,1
447,1000,4341599,0.97
448,1000,2349833,1
449,1000,3063830,1
450,1000,3836056,0.99
451,1000,4321348,0.98
452,1000,4526343,0.82
453,1000,3901038,0.98
454,1000,2628184,1
455,1000,2253151,1
456,1000,3253731,1
457,1000,3966017,0.94
458,1000,3677012,1
459,1000,3672379,1
460,1000,3041710,0.92
461,1000,3790765,1
462,1000,3463153,1
463,1000,3609564,1
464,1000,3350119,0.99
465,1000,3578719,1
466,1000,2876273,1
467,1000,2800655,1
468,1000,4014799,1
469,1000,3543319,1
470,1000,3716188,1
471,1000,3954838,0.98
472,1000,3294048,0.75
473,1000,4395282,0.96
474,1000,3319505,1
475,1000,4618482,0.88
476,1000,3241663,1
477,1000,2653007,1
478,1000,2966207,1
479,1000,4002038,0.98
480,1000,3002828,0.99
481,1000,3586068,1
482,1000,2992571,1
483,1000,3869828,0.99
484,1000,3157443,1
485,1000,2678279,1
486,1000,4029331,1
487,1000,2983190,1
488,1000,3340221,0.99
489,1000,2935360,0.99
490,1000,2679908,0.99
491,1000,2347489,1
492,1000,2522005,1
493,1000,3620705,1
494,1000,3707347,0.99
495,1000,4086415,1
496,1000,3720298,1
497,1000,3735423,1
498,1000,3746716,0.99
499,1000,3146890,1
500,1000,2374833,1
501,1000,4182880,0.96
502,1000,2999095,1
503,1000,3365130,1
504,1000,4578387,0.95
505,1000,3719022,1
506,1000,2605232,1
507,1000,3481142,0.8
508,1000,3628208,1
509,1000,4233516,0.94
510,1000,3411399,1
511,1000,3395103,1
512,1000,2183089,1
513,1000,3946616,1
514,1000,2975463,0.94
515,1000,4310574,0.99
516,1000,3383811,1
517,1000,3595752,0.93
518,1000,3002504,1
519,1000,3854912,0.98
520,1000,3921397,1
521,1000,2056988,1
522,1000,3790782,1
523,1000,2199591,1
524,1000,3428169,1
525,1000,2862477,1
526,1000,3516020,1
527,1000,3422039,1
528,1000,2472440,1
529,1000,2486712,1
530,1000,3674433,0.91
531,1000,4273589,0.97
532,1000,3695850,1
533,1000,3769202,1
534,1000,4096165,1
535,1000,3881217,1
536,1000,3668514,0.99
537,1000,3869752,0.99
538,1000,2765859,1
539,1000,3879958,1
540,1000,3001055,1
541,1000,3077979,1
542,1000,2540235,1
543,1000,3546103,1
544,1000,3937584,1
545,1000,4061960,1
546,1000,2114893,1
547,1000,4096031,0.99
548,1000,3138137,0.98
549,1000,2816403,1
550,1000,2280667,1
551,1000,2413540,1
552,1000,3101274,0.99
553,1000,3768855,0.97
554,1000,3138473,1
555,1000,3771205,1
556,1000,3844577,1
557,1000,4097225,0.99
558,1000,3059200,1
559,1000,3987531,0.99
560,1000,3901280,1
561,1000,3742291,0.99
562,1000,4063417,1
563,1000,3462490,1
564,1000,2902938,0.98
565,1000,3783408,0.97
566,1000,3792049,0.97
567,1000,3863741,0.97
568,1000,3071205,1
569,1000,3673406,1
570,1000,2536122,1
571,1000,3183879,1
572,1000,2276276,1
573,1000,3727595,1
574,1000,3396535,0.98
575,1000,1988474,1
576,1000,4048569,1
577,1000,3530485,1
578,1000,2979634,0.99
579,1000,3981445,0.88
580,1000,3755061,0.86
581,1000,4239686,1
582,1000,3251943,0.98
583,1000,3907355,1
584,1000,3257362,1
585,1000,3485515,0.92
586,1000,3621304,1
587,1000,4014989,0.98
588,1000,3583321,1
589,1000,3817917,1
590,1000,3457846,1
591,1000,3884792,0.99
592,1000,3800552,1
593,1000,3610918,1
594,1000,3946794,1
595,1000,2009088,1
596,1000,3208909,1
597,1000,3303969,0.99
598,1000,3541864,0.97
599,1000,3231560,1
600,1000,4366963,0.93
601,1000,3492892,0.85
602,1000,3963939,0.98
603,1000,3202405,1
604,1000,3218177,1
605,1000,2964776,1
606,1000,3587415,1
607,1000,4161658,0.98
608,1000,3052517,0.99
609,1000,3095859,1
610,1000,2655005,1
611,1000,3279933,1
612,1000,3207147,1
613,1000,3009195,1
614,1000,3896836,0.99
615,1000,4049891,0.99
616,1000,3908114,1
617,1000,3382932,1
618,1000,3579698,0.87
619,1000,4128562,0.95
620,1000,3399320,1
621,1000,3050878,0.98
622,1000,3293310,0.98
623,1000,3879437,1
624,1000,4013621,1
625,1000,2237530,1
626,1000,3882044,1
627,1000,2040112,1
628,1000,3060138,0.99
629,1000,2448656,0.99
630,1000,3506648,0.95
631,1000,4333165,1
632,1000,2261050,1
633,1000,3427507,1
634,1000,1842723,1
635,1000,4567195,0.98
636,1000,3930266,0.98
637,1000,3557748,1
638,1000,3829868,0.99
639,1000,4091628,0.98
640,1000,3030975,0.99
641,1000,3686063,0.98
642,1000,2826008,1
643,1000,3373331,0.99
644,1000,3039166,1
645,1000,3899495,0.98
646,1000,3796661,1
647,1000,3745775,0.98
648,1000,2658313,1
649,1000,3838974,1
650,1000,3259353,1
651,1000,3372334,1
652,1000,2532537,1
653,1000,2723428,1
654,1000,3725638,1
655,1000,4002204,0.98
656,1000,3264740,0.91
657,1000,2993292,1
658,1000,4178733,1
659,1000,4275345,0.98
660,1000,3413773,1
661,1000,3136533,1
662,1000,3632566,0.98
663,1000,3897457,0.99
664,1000,4426078,0.99
665,1000,3886772,1
666,1000,3797839,1
667,1000,3405130,1
668,1000,4000290,1
669,1000,2497978,1
670,1000,4364927,0.91
671,1000,3601274,1
672,1000,4282010,0.94
673,1000,3927938,0.97
674,1000,3987067,0.88
675,1000,4311347,0.96
676,1000,3119563,0.98
677,1000,3637283,0.86
678,1000,2625474,1
679,1000,4141805,0.98
680,1000,3654093,0.99
681,1000,2585342,1
682,1000,2665703,1
683,1000,2531299,1
684,1000,3628916,0.98
685,1000,2146891,1
686,1000,2776460,1
687,1000,2261896,0.85
688,1000,3381204,0.99
689,1000,3123564,1
690,1000,4037013,0.98
691,1000,3342695,0.96
692,1000,2208362,1
693,1000,3835551,1
694,1000,4337024,0.99
695,1000,2130533,1
696,1000,3527454,0.9
697,1000,3789418,1
698,1000,2832514,1
699,1000,3074694,0.99
700,1000,4588503,0.89
701,1000,3099006,1
702,1000,3444096,1
703,1000,3406715,0.97
704,1000,3940038,1
705,1000,3881194,1
706,1000,4342493,0.92
707,1000,3627919,0.81
708,1000,3334761,1
709,1000,2972461,0.98
710,1000,3589525,0.86
711,1000,3184192,0.94
712,1000,3874496,1
713,1000,1897558,1
714,1000,3367381,0.98
715,1000,3925874,1
716,1000,3265015,1
717,1000,2120607,0.97
718,1000,4213843,0.98
719,1000,2657569,1
720,1000,3388216,1
721,1000,2893391,1
722,1000,3866019,0.78
723,1000,2374968,1
724,1000,2318838,1
725,1000,3860048,0.98
726,1000,3480035,1
727,1000,4031093,0.91
728,1000,3554300,1
729,1000,4067325,1
730,1000,3771569,1
731,1000,3829797,1
732,1000,2637636,1
733,1000,2284972,0.98
734,1000,4419585,0.96
735,1000,3568498,1
736,1000,2596884,1
737,1000,3843754,0.99
738,1000,3338279,0.88
739,1000,4345037,0.99
740,1000,2803102,0.99
741,1000,3415950,1
742,1000,3346385,0.99
743,1000,3041136,0.99
744,1000,4013337,0.99
745,1000,2168703,0.97
746,1000,3287949,1
747,1000,3245383,1
748,1000,2175397,0.97
749,1000,2880835,1
750,1000,3325325,1
751,1000,3197689,1
752,1000,3227582,1
753,1000,3733742,1
754,1000,3456043,0.92
755,1000,2698793,1
756,1000,3805218,0.99
757,1000,3992234,1
758,1000,2836474,1
759,1000,3415660,1
760,1000,3230922,1
761,1000,3657260,0.83
762,1000,4107528,0.99
763,1000,3309022,0.99
764,1000,3605103,0.99
765,1000,3801687,1
766,1000,3968219,1
767,1000,3908494,0.94
768,1000,2137174,0.99
769,1000,3876820,1
770,1000,2661649,0.99
771,1000,3892106,1
772,1000,4052605,1
773,1000,3329749,1
774,1000,3984969,0.89
775,1000,3165408,0.95
776,1000,4098026,0.99
777,1000,3502201,0.96
778,1000,4050281,1
779,1000,3224045,1
780,1000,2553195,1
781,1000,3359144,1
782,1000,4068738,1
783,1000,2529654,1
784,1000,3379641,1
785,1000,1833953,1
786,1000,3214580,1
787,1000,3876254,1
788,1000,4205797,0.98
789,1000,2778196,1
790,1000,2500188,1
791,1000,4343897,0.97
792,1000,3601153,1
793,1000,4001346,1
794,1000,3794988,0.99
795,1000,3926897,0.99
796,1000,3779036,1
797,1000,3932995,1
798,1000,3422405,1
799,1000,3369742,1
800,1000,3490737,1
801,1000,3747150,1
802,1000,3205755,0.97
803,1000,3826146,1
804,1000,3428963,1
805,1000,2646500,1
806,1000,1626052,1
807,1000,2154117,1
808,1000,2688505,1
809,1000,1935790,1
810,1000,2986059,1
811,1000,2434814,0.85
812,1000,3519283,0.92
813,1000,2854954,1
814,1000,2859743,1
815,1000,4001689,0.99
816,1000,3613092,0.98
817,1000,2889730,1
818,1000,2425748,1
819,1000,3224213,1
820,1000,3501101,1
821,1000,2568575,1
822,1000,4231587,0.98
823,1000,3584911,0.99
824,1000,3300283,0.99
825,1000,2835418,1
826,1000,2830453,1
827,1000,3905854,0.95
828,1000,3543055,1
829,1000,3830796,1
830,1000,2930312,1
831,1000,4107118,0.96
832,1000,3297955,0.93
833,1000,4257046,0.96
834,1000,2804264,1
835,1000,3546966,0.93
836,1000,2270165,0.93
837,1000,3689301,1
838,1000,3808327,0.99
839,1000,3272448,0.94
840,1000,4117177,0.86
841,1000,3944011,0.97
842,1000,3170710,1
843,1000,2810781,1
844,1000,3746174,1
845,1000,3344703,0.98
846,1000,4201573,0.99
847,1000,3537656,1
848,1000,3368886,0.98
849,1000,3127643,1
850,1000,3584687,0.98
851,1000,2916263,1
852,1000,2617331,1
853,1000,3999475,0.99
854,1000,1574260,0.94
855,1000,2423838,0.97
856,1000,4156401,1
857,1000,3064928,1
858,1000,3894702,0.94
859,1000,3816141,1
860,1000,3043098,1
861,1000,2945699,1
862,1000,2357607,0.81
863,1000,2741905,1
864,1000,2554417,0.94
865,1000,4411614,0.98
866,1000,3277657,1
867,1000,3364462,0.97
868,1000,3913481,1
869,1000,3610602,0.98
870,1000,2874190,0.98
871,1000,3453130,1
872,1000,3851076,0.92
873,1000,2743274,1
874,1000,3939860,0.74
875,1000,3937933,1
876,1000,3878734,1
877,1000,3922244,1
878,1000,2266239,1
879,1000,4240938,0.98
880,1000,3306663,1
881,1000,3815412,1
882,1000,4061222,0.97
883,1000,3670282,0.89
884,1000,3942972,1
885,1000,4540896,0.98
886,1000,2973104,1
887,1000,2307054,0.79
888,1000,3602976,0.82
889,1000,3810349,1
890,1000,3068478,1
891,1000,3465322,1
892,1000,3382920,0.91
893,1000,3379148,0.92
894,1000,2973659,0.88
895,1000,3136380,1
896,1000,2591014,1
897,1000,3754034,0.98
898,1000,3279390,1
899,1000,3111177,1
900,1000,3268076,0.97
901,1000,3112815,1
902,1000,3060104,1
903,1000,2555109,1
904,1000,3931900,1
905,1000,3789936,0.99
906,1000,3160849,0.93
907,1000,4223930,0.95
908,1000,2817855,1
909,1000,3800563,1
910,1000,3825259,1
911,1000,3313603,0.99
912,1000,3965336,1
913,1000,3724565,0.99
914,1000,3984241,0.99
915,1000,3359399,1
916,1000,2963274,1
917,1000,3533203,0.86
918,1000,3322064,0.92
919,1000,3678085,1
920,1000,3752593,1
921,1000,2628988,1
922,1000,3813487,0.97
923,1000,2590639,0.84
924,1000,2728998,1
925,1000,3936593,1
926,1000,3818325,0.97
927,1000,3291469,1
928,1000,3116871,1
929,1000,2560670,1
930,1000,1794926,1
931,1000,3455558,1
932,1000,1938384,1
933,1000,3530968,1
934,1000,3901313,0.99
935,1000,3567089,1
936,1000,3755332,0.99
937,1000,3126280,1
938,1000,2552599,1
939,1000,3440422,0.97
940,1000,4137070,0.99
941,1000,3066559,1
942,1000,4081791,0.98
943,1000,4009169,1
944,1000,2535794,0.95
945,1000,4488074,0.97
946,1000,3034818,1
947,1000,3834228,1
948,1000,2710538,0.99
949,1000,3102287,1
950,1000,3195618,1
951,1000,4179600,0.99
952,1000,2455758,0.97
953,1000,3882251,1
954,1000,4152896,0.98
955,1000,3832395,0.98
956,1000,3318317,0.98
957,1000,2350898,1
958,1000,4338215,0.99
959,1000,3074245,1
960,1000,3755276,0.95
961,1000,3792212,1
962,1000,2309326,1
963,1000,3536716,1
964,1000,3221922,1
965,1000,2794470,1
966,1000,3356517,0.89
967,1000,4127369,0.99
968,1000,3711212,0.99
969,1000,3870304,0.89
970,1000,2533023,1
971,1000,3025296,1
972,1000,3330831,1
973,1000,3457637,0.98
974,1000,3800947,1
975,1000,3180556,0.91
976,1000,3223836,0.96
977,1000,2647807,1
978,1000,2478770,1
979,1000,3161713,1
980,1000,3993168,0.94
981,1000,3930571,0.97
982,1000,2907132,1
983,1000,3948400,0.88
984,1000,3743802,1
985,1000,2532909,0.96
986,1000,3588403,1
987,1000,2952851,1
988,1000,2281611,0.99
989,1000,2583574,1
990,1000,3755844,0.99
991,1000,3421599,0.91
992,1000,2599387,0.96
993,1000,2534678,1
994,1000,4212870,0.96
995,1000,2288785,1
996,1000,3672981,1
997,1000,3452052,0.98
998,1000,3696943,0.99
999,1000,2792623,0.99
0,1200,3486385,0.95
1,1200,4809674,0.98
2,1200,4252042,1
3,1200,5159658,0.95
4,1200,4384776,1
5,1200,4883656,1
6,1200,5382746,1
7,1200,4412747,1
8,1200,4184550,1
9,1200,4749210,0.99
10,1200,5061542,0.98
11,1200,5195851,0.95
12,1200,4819025,0.99
13,1200,4605459,1
14,1200,4316613,1
15,1200,5098985,0.99
16,1200,2475111,1
17,1200,4758799,1
18,1200,4120199,1
19,1200,5301836,0.93
20,1200,4032630,1
21,1200,2917651,1
22,1200,4197830,1
23,1200,3806331,1
24,1200,4963736,0.99
25,1200,5364978,0.98
26,1200,3922547,1
27,1200,4906807,1
28,1200,4643042,0.99
29,1200,4110868,1
30,1200,4446723,0.99
31,1200,4983855,0.97
32,1200,3431193,1
33,1200,4238113,1
34,1200,3599839,1
35,1200,3221876,1
36,1200,5176718,0.97
37,1200,3841480,1
38,1200,4792691,1
39,1200,3429404,1
40,1200,3943061,1
41,1200,2682859,1
42,1200,3196612,1
43,1200,4063196,1
44,1200,5059203,1
45,1200,3644409,1
46,1200,3104190,1
47,1200,4460526,1
48,1200,3360155,1
49,1200,4035883,1
50,1200,3621596,1
51,1200,4577075,1
52,1200,4791294,1
53,1200,4484023,0.98
54,1200,4978206,1
55,1200,4494943,1
56,1200,4621505,0.98
57,1200,2589768,1
58,1200,4465054,1
59,1200,3166802,1
60,1200,4524093,1
61,1200,4289789,1
62,1200,4492768,1
63,1200,4863904,0.99
64,1200,4866617,0.92
65,1200,5041179,1
66,1200,4061905,1
67,1200,4410322,1
68,1200,4949515,1
69,1200,4516854,1
70,1200,5169888,0.99
71,1200,4160070,1
72,1200,5037129,1
73,1200,4105324,1
74,1200,3034870,1
75,1200,3847116,1
76,1200,4566901,0.99
77,1200,3459354,1
78,1200,3623251,1
79,1200,3963666,1
80,1200,4616783,0.98
81,1200,3712725,1
82,1200,3399847,1
83,1200,4891282,0.99
84,1200,4064832,0.99
85,1200,3787209,1
86,1200,2721552,0.99
87,1200,4491205,1
88,1200,3938007,1
89,1200,2243694,0.94
90,1200,3626926,1
91,1200,3791721,1
92,1200,4740933,1
93,1200,2531200,1
94,1200,2952389,1
95,1200,4331517,0.99
96,1200,5156546,1
97,1200,4382040,1
98,1200,4321456,0.99
99,1200,4227243,1
100,1200,4036858,1
101,1200,4597988,1
102,1200,4453038,1
103,1200,4671120,0.99
104,1200,4444286,1
105,1200,4753758,1
106,1200,3581481,1
107,1200,3599018,1
108,1200,3777949,1
109,1200,4615562,1
110,1200,4528629,1
111,1200,2885650,0.98
112,1200,4133022,1
113,1200,4134433,1
114,1200,4838706,1
115,1200,4617982,1
116,1200,3435643,0.97
117,1200,4504075,1
118,1200,4905347,0.91
119,1200,4175229,0.98
120,1200,4827615,1
121,1200,4121420,1
122,1200,4008315,0.98
123,1200,3854509,1
124,1200,3889877,1
125,1200,4693242,1
126,1200,5258995,0.96
127,1200,3402211,1
128,1200,2775061,1
129,1200,4913366,1
130,1200,4070738,1
131,1200,4535848,0.94
132,1200,2773127,1
133,1200,3549038,1
134,1200,3441928,1
135,1200,3847398,1
136,1200,2880238,1
137,1200,2458538,0.93
138,1200,4087950,1
139,1200,3664305,1
140,1200,5175501,0.97
141,1200,2930152,1
142,1200,4281521,1
143,1200,2912643,1
144,1200,3530817,1
145,1200,2483523,1
146,1200,4727346,1
147,1200,4587184,1
148,1200,4838907,0.9
149,1200,3745050,1
150,1200,4113090,1
151,1200,3033633,0.94
152,1200,4236520,1
153,1200,3739107,1
154,1200,3619405,1
155,1200,5038199,0.97
156,1200,5001238,0.99
157,1200,4824655,1
158,1200,2940083,1
159,1200,4638992,1
160,1200,3558152,1
161,1200,4349983,1
162,1200,4653587,1
163,1200,4480686,0.99
164,1200,4011758,1
165,1200,4273906,1
166,1200,3965886,1
167,1200,3173354,1
168,1200,4819298,0.99
169,1200,2224911,1
170,1200,5321265,1
171,1200,3434763,1
172,1200,4815517,0.95
173,1200,4088495,1
174,1200,4383421,0.98
175,1200,4841927,1
176,1200,4362795,1
177,1200,4561281,0.99
178,1200,3900905,0.99
179,1200,4391559,1
180,1200,4887635,0.98
181,1200,4712041,1
182,1200,4315443,1
183,1200,4252255,0.98
184,1200,4179362,1
185,1200,4259597,1
186,1200,2312005,1
187,1200,2198642,1
188,1200,3601165,1
189,1200,4674095,1
190,1200,4072743,1
191,1200,4149111,1
192,1200,3593103,1
193,1200,2779039,1
194,1200,3004307,0.99
195,1200,5169567,0.95
196,1200,2511366,1
197,1200,3880686,0.99
198,1200,2899853,1
199,1200,4390710,0.99
200,1200,2916666,1
201,1200,3167965,1
202,1200,3337918,1
203,1200,2681755,1
204,1200,3931391,1
205,1200,3675077,1
206,1200,3980100,0.92
207,1200,3946679,1
208,1200,5220365,0.93
209,1200,3303513,1
210,1200,2665181,1
211,1200,3476437,1
212,1200,4125761,1
213,1200,5068529,1
214,1200,4251025,1
215,1200,3760069,0.99
216,1200,2422092,0.97
217,1200,5256902,1
218,1200,3268759,1
219,1200,2839616,0.99
220,1200,4933088,1
221,1200,4453868,1
222,1200,4039301,1
223,1200,2714128,1
224,1200,4850755,0.88
225,1200,4323156,1
226,1200,4489461,1
227,1200,4662829,1
228,1200,4765176,0.98
229,1200,4640185,0.96
230,1200,4726081,0.99
231,1200,3548575,1
232,1200,4085559,0.98
233,1200,3040708,1
234,1200,4864785,0.97
235,1200,5182750,1
236,1200,3273560,1
237,1200,3207562,1
238,1200,3950735,1
239,1200,4590011,1
240,1200,2759573,1
241,1200,3403554,1
242,1200,3149370,1
243,1200,3845842,1
244,1200,4663900,0.98
245,1200,5355259,0.95
246,1200,3320801,1
247,1200,3619895,1
248,1200,4684492,1
249,1200,3393746,1
250,1200,2518167,1
251,1200,2693907,0.9
252,1200,4198133,1
253,1200,3164858,1
254,1200,4455136,1
255,1200,3653448,0.98
256,1200,3346594,1
257,1200,3943384,1
258,1200,4301446,1
259,1200,2636068,1
260,1200,4217717,0.99
261,1200,4060713,1
262,1200,2365014,1
263,1200,4208918,1
264,1200,4202023,1
265,1200,4284055,0.97
266,1200,5245363,0.98
267,1200,4735257,1
268,1200,3171487,1
269,1200,5298231,1
270,1200,4011754,1
271,1200,4538005,1
272,1200,3874796,1
273,1200,4439706,1
274,1200,2881206,1
275,1200,4186507,0.94
276,1200,3940247,1
277,1200,3012453,1
278,1200,3253315,1
279,1200,4317982,0.99
280,1200,4578372,1
281,1200,3989915,1
282,1200,3845689,1
283,1200,4713892,1
284,1200,4634032,1
285,1200,3033648,0.98
286,1200,4493485,0.95
287,1200,4722104,1
288,1200,4675691,1
289,1200,4061202,1
290,1200,2653850,1
291,1200,5008814,0.98
292,1200,4082705,1
293,1200,4110867,1
294,1200,3577517,1
295,1200,2988369,1
296,1200,2543709,1
297,1200,3004968,0.99
298,1200,3207651,0.98
299,1200,3812593,1
300,1200,2889630,1
301,1200,4351273,0.99
302,1200,4332012,1
303,1200,3145584,1
304,1200,4738368,1
305,1200,2722202,1
306,1200,5495994,0.98
307,1200,3428906,1
308,1200,3556124,1
309,1200,4456596,1
310,1200,5098663,0.98
311,1200,3770497,1
312,1200,4183060,0.99
313,1200,5287386,0.96
314,1200,4624160,1
315,1200,3139352,1
316,1200,4232895,1
317,1200,2651005,1
318,1200,2859947,1
319,1200,2445808,1
320,1200,2639499,1
321,1200,3216080,1
322,1200,2707303,1
323,1200,3975622,1
324,1200,4494845,0.99
325,1200,4180832,1
326,1200,3480236,1
327,1200,2629674,1
328,1200,3481297,1
329,1200,5162292,0.94
330,1200,2752638,1
331,1200,2986510,1
332,1200,4160901,1
333,1200,3997968,1
334,1200,4192453,1
335,1200,4802803,1
336,1200,2537677,0.96
337,1200,5102701,0.98
338,1200,2830624,1
339,1200,4634662,0.99
340,1200,4084321,1
341,1200,2822301,1
342,1200,4897622,0.99
343,1200,4940466,1
344,1200,3105061,1
345,1200,4929562,0.99
346,1200,4432765,0.98
347,1200,4218053,0.95
348,1200,5134513,1
349,1200,2792355,1
350,1200,4623852,1
351,1200,3491377,1
352,1200,4614379,0.99
353,1200,3323994,1
354,1200,2892059,1
355,1200,3932268,1
356,1200,2593065,1
357,1200,3283879,1
358,1200,3865848,1
359,1200,3904776,1
360,1200,3093352,1
361,1200,3895241,1
362,1200,2546659,1
363,1200,3035508,1
364,1200,4501101,1
365,1200,4264644,1
366,1200,4372474,0.97
367,1200,4767857,1
368,1200,2670506,1
369,1200,3544333,1
370,1200,3910270,0.98
371,1200,5120017,1
372,1200,4258461,0.98
373,1200,4594278,0.99
374,1200,3465550,1
375,1200,4085035,1
376,1200,3937132,1
377,1200,4671601,0.99
378,1200,5406388,0.96
379,1200,2251243,1
380,1200,4577936,1
381,1200,2986242,1
382,1200,2516315,1
383,1200,2563315,1
384,1200,4013996,1
385,1200,2704222,1
386,1200,4604504,0.99
387,1200,5011928,0.96
388,1200,4973590,1
389,1200,4496046,0.99
390,1200,3041274,1
391,1200,4035305,1
392,1200,4430362,1
393,1200,4761130,1
394,1200,2548187,1
395,1200,4801918,1
396,1200,4952824,1
397,1200,5018727,0.97
398,1200,4313974,0.99
399,1200,3568968,0.98
400,1200,3552666,1
401,1200,4313200,1
402,1200,3799672,1
403,1200,3975128,1
404,1200,3194836,1
405,1200,5348898,0.92
406,1200,4069569,0.91
407,1200,4102054,1
408,1200,3247039,1
409,1200,3529473,1
410,1200,2557131,1
411,1200,3618522,1
412,1200,3601050,1
413,1200,4349774,1
414,1200,3479984,1
415,1200,2802906,1
416,1200,3104125,1
417,1200,3830819,1
418,1200,2889366,0.91
419,1200,4039647,1
420,1200,4636091,1
421,1200,3322823,1
422,1200,2775793,1
423,1200,3388794,0.99
424,1200,3718842,1
425,1200,2949762,1
426,1200,4238249,0.93
427,1200,4836700,1
428,1200,2863570,1
429,1200,3047180,1
430,1200,3653472,1
431,1200,2547633,1
432,1200,4287601,1
433,1200,3100856,1
434,1200,2708345,1
435,1200,3697822,1
436,1200,3020024,1
437,1200,4028309,1
438,1200,3426615,1
439,1200,4898024,0.96
440,1200,3121203,1
441,1200,4308912,0.99
442,1200,4123274,0.92
443,1200,3890685,1
444,1200,3555394,1
445,1200,3849412,0.96
446,1200,3643481,1
447,1200,5070057,0.97
448,1200,2715129,1
449,1200,3601059,1
450,1200,4443148,0.99
451,1200,5070669,0.99
452,1200,5409070,0.83
453,1200,4562754,0.98
454,1200,3020629,1
455,1200,2574069,1
456,1200,3847826,1
457,1200,4647622,0.94
458,1200,4304785,1
459,1200,4304210,1
460,1200,3547873,0.94
461,1200,4479315,1
462,1200,4045448,1
463,1200,4171407,1
464,1200,3988275,0.99
465,1200,4145414,1
466,1200,3359844,1
467,1200,3281346,1
468,1200,4733690,1
469,1200,4136275,1
470,1200,4355524,1
471,1200,4676485,0.99
472,1200,3916504,0.78
473,1200,5162580,0.96
474,1200,3920995,1
475,1200,5438478,0.9
476,1200,3821992,1
477,1200,3039363,1
478,1200,3421626,1
479,1200,4656182,0.98
480,1200,3478974,0.99
481,1200,4208430,1
482,1200,3504917,1
483,1200,4554371,0.99
484,1200,3758245,1
485,1200,3204237,1
486,1200,4649931,1
487,1200,3428172,1
488,1200,3921312,0.99
489,1200,3475837,1
490,1200,3169259,0.99
491,1200,2737655,1
492,1200,2962138,1
493,1200,4306273,1
494,1200,4321592,0.99
495,1200,4796826,1
496,1200,4315415,1
497,1200,4411794,1
498,1200,4332750,0.99
499,1200,3631675,1
500,1200,2701190,1
501,1200,4866013,0.97
502,1200,3534425,1
503,1200,3943064,1
504,1200,5404883,0.98
505,1200,4373312,1
506,1200,3055582,1
507,1200,4143633,0.82
508,1200,4241461,1
509,1200,4970218,0.94
510,1200,3995899,1
511,1200,3919266,1
512,1200,2548025,1
513,1200,4623466,1
514,1200,3445446,0.94
515,1200,5059062,1
516,1200,4004914,1
517,1200,4200024,0.94
518,1200,3516856,1
519,1200,4506489,0.99
520,1200,4541266,1
521,1200,2352855,1
522,1200,4474870,1
523,1200,2568962,1
524,1200,4037977,1
525,1200,3385487,1
526,1200,4125475,1
527,1200,4013280,1
528,1200,2893034,1
529,1200,2875564,1
530,1200,4275801,0.92
531,1200,5046738,0.98
532,1200,4346463,1
533,1200,4465558,1
534,1200,4824072,1
535,1200,4536024,1
536,1200,4323164,0.99
537,1200,4519975,0.99
538,1200,3206150,1
539,1200,4517377,1
540,1200,3501785,1
541,1200,3665990,1
542,1200,2984599,1
543,1200,4206085,1
544,1200,4674408,1
545,1200,4731518,1
546,1200,2552234,1
547,1200,4923078,0.99
548,1200,3647831,0.99
549,1200,3359481,1
550,1200,2590798,1
551,1200,2816321,1
552,1200,3656223,0.99
553,1200,4404448,0.97
554,1200,3688627,1
555,1200,4470150,1
556,1200,4507136,1
557,1200,4855351,0.99
558,1200,3682288,1
559,1200,4637485,1
560,1200,4577792,1
561,1200,4418455,0.99
562,1200,4695270,1
563,1200,4156575,1
564,1200,3414120,0.98
565,1200,4406300,0.97
566,1200,4467882,0.97
567,1200,4524680,0.97
568,1200,3542559,1
569,1200,4208674,1
570,1200,2943755,1
571,1200,3660365,1
572,1200,2584568,1
573,1200,4295438,1
574,1200,4007959,0.98
575,1200,2312006,1
576,1200,4701801,1
577,1200,4086963,1
578,1200,3426251,1
579,1200,4670757,0.89
580,1200,4317296,0.91
581,1200,4952813,1
582,1200,3917789,0.98
583,1200,4575240,1
584,1200,3837195,1
585,1200,4030069,0.92
586,1200,4214967,1
587,1200,4783253,0.98
588,1200,4264560,1
589,1200,4473892,1
590,1200,4078223,1
591,1200,4552049,0.99
592,1200,4499357,1
593,1200,4253943,1
594,1200,4635945,1
595,1200,2346198,1
596,1200,3737219,1
597,1200,3906895,0.99
598,1200,4137860,0.98
599,1200,3722520,1
600,1200,5131703,0.96
601,1200,4095142,0.85
602,1200,4622455,0.98
603,1200,3756079,1
604,1200,3685702,1
605,1200,3501655,1
606,1200,4240636,1
607,1200,4951461,0.99
608,1200,3592043,0.99
609,1200,3620439,1
610,1200,3078732,1
611,1200,3887105,1
612,1200,3851291,1
613,1200,3497658,1
614,1200,4529357,1
615,1200,4756353,1
616,1200,4575793,1
617,1200,4009350,1
618,1200,4181563,0.87
619,1200,4843181,0.95
620,1200,4045938,1
621,1200,3613495,0.99
622,1200,3852572,0.98
623,1200,4575264,1
624,1200,4742668,1
625,1200,2630275,1
626,1200,4557597,1
627,1200,2402399,1
628,1200,3599462,0.99
629,1200,2841890,0.99
630,1200,4162087,0.95
631,1200,5118411,1
632,1200,2613122,1
633,1200,3993260,1
634,1200,2112958,1
635,1200,5484495,0.98
636,1200,4618221,0.98
637,1200,4231904,1
638,1200,4492374,1
639,1200,4835750,0.99
640,1200,3531919,1
641,1200,4247551,1
642,1200,3320940,1
643,1200,4078093,0.99
644,1200,3587696,1
645,1200,4625250,0.98
646,1200,4414639,1
647,1200,4432244,0.98
648,1200,3088700,1
649,1200,4553442,1
650,1200,3809121,1
651,1200,3966193,1
652,1200,3032757,1
653,1200,3267940,1
654,1200,4331311,1
655,1200,4717805,0.98
656,1200,3897638,0.93
657,1200,3641142,1
658,1200,4915659,1
659,1200,5040300,0.98
660,1200,3960284,1
661,1200,3638056,1
662,1200,4262722,0.99
663,1200,4601149,0.99
664,1200,5197811,0.99
665,1200,4583946,1
666,1200,4501560,1
667,1200,4011383,1
668,1200,4668548,1
669,1200,2911858,1
670,1200,5202137,0.93
671,1200,4263757,1
672,1200,5007531,0.95
673,1200,4666685,0.99
674,1200,4654748,0.89
675,1200,5036013,0.97
676,1200,3700593,0.99
677,1200,4256753,0.86
678,1200,3253409,1
679,1200,4918952,0.98
680,1200,4273589,0.99
681,1200,2944646,1
682,1200,3138224,1
683,1200,2956099,1
684,1200,4320399,0.98
685,1200,2496427,1
686,1200,3233126,1
687,1200,2586280,0.87
688,1200,4041247,0.99
689,1200,3655017,1
690,1200,4749382,0.98
691,1200,3912559,0.97
692,1200,2670513,1
693,1200,4496319,1
694,1200,5085474,0.99
695,1200,2591393,1
696,1200,4185412,0.9
697,1200,4494115,1
698,1200,3345852,1
699,1200,3666056,0.99
700,1200,5412052,0.91
701,1200,3632786,1
702,1200,3998991,1
703,1200,3973272,0.97
704,1200,4644268,1
705,1200,4572769,1
706,1200,5097134,0.93
707,1200,4258885,0.83
708,1200,3907556,1
709,1200,3438723,0.98
710,1200,4208174,0.86
711,1200,3749247,0.94
712,1200,4520318,1
713,1200,2210064,1
714,1200,3952004,0.98
715,1200,4628446,1
716,1200,3790447,1
717,1200,2431194,0.97
718,1200,4907188,0.99
719,1200,3265703,1
720,1200,3976387,1
721,1200,3366317,1
722,1200,4575538,0.82
723,1200,2777766,1
724,1200,2718776,1
725,1200,4569718,0.99
726,1200,4131195,1
727,1200,4703650,0.91
728,1200,4193168,1
729,1200,4749726,1
730,1200,4466117,1
731,1200,4476020,1
732,1200,3054592,1
733,1200,2647720,0.98
734,1200,5234295,0.96
735,1200,4214411,1
736,1200,3137533,1
737,1200,4550217,0.99
738,1200,3924835,0.88
739,1200,5069497,0.99
740,1200,3368475,0.99
741,1200,4027921,1
742,1200,3903739,1
743,1200,3600278,1
744,1200,4718785,0.99
745,1200,2481301,0.97
746,1200,3846287,1
747,1200,3759049,1
748,1200,2505424,0.97
749,1200,3424361,1
750,1200,3893739,1
751,1200,3794067,1
752,1200,3833449,1
753,1200,4409211,1
754,1200,4038266,0.92
755,1200,3174532,1
756,1200,4442888,0.99
757,1200,4719044,1
758,1200,3389521,1
759,1200,4025397,1
760,1200,3830642,1
761,1200,4303083,0.84
762,1200,4868989,0.99
763,1200,3806474,1
764,1200,4237676,0.99
765,1200,4495553,1
766,1200,4640175,1
767,1200,4588946,0.96
768,1200,2447789,1
769,1200,4467341,1
770,1200,3145600,0.99
771,1200,4647340,1
772,1200,4756771,1
773,1200,3919297,1
774,1200,4669925,0.9
775,1200,3777966,0.96
776,1200,4823180,0.99
777,1200,4039457,0.96
778,1200,4736831,1
779,1200,3811605,1
780,1200,2942315,1
781,1200,3913899,1
782,1200,4768280,1
783,1200,2980743,1
784,1200,4003729,1
785,1200,2084172,1
786,1200,3733582,1
787,1200,4552737,1
788,1200,4968414,0.98
789,1200,3260816,1
790,1200,2916256,1
791,1200,5123114,0.98
792,1200,4234949,1
793,1200,4701248,1
794,1200,4474115,1
795,1200,4620285,1
796,1200,4381080,1
797,1200,4611438,1
798,1200,4034489,1
799,1200,3981578,1
800,1200,4064194,1
801,1200,4450336,1
802,1200,3743524,0.97
803,1200,4485100,1
804,1200,4004251,1
805,1200,3164631,1
806,1200,1845506,1
807,1200,2571144,1
808,1200,3112209,1
809,1200,2398206,1
810,1200,3500675,1
811,1200,2791957,0.85
812,1200,4102087,0.93
813,1200,3350800,1
814,1200,3395316,1
815,1200,4680605,0.99
816,1200,4277395,0.98
817,1200,3425035,1
818,1200,2878389,1
819,1200,3732730,1
820,1200,4049205,1
821,1200,3037642,1
822,1200,5002252,0.98
823,1200,4189162,0.99
824,1200,3861732,0.99
825,1200,3361377,1
826,1200,3274207,1
827,1200,4501926,0.96
828,1200,4188705,1
829,1200,4478367,1
830,1200,3292870,1
831,1200,4814501,0.97
832,1200,3866644,0.93
833,1200,5003405,0.97
834,1200,3231206,1
835,1200,4172858,0.96
836,1200,2635122,0.93
837,1200,4348408,1
838,1200,4465974,1
839,1200,3792209,0.95
840,1200,4814604,0.87
841,1200,4570687,0.98
842,1200,3721221,1
843,1200,3284926,1
844,1200,4394400,1
845,1200,3943525,0.98
846,1200,4959171,0.99
847,1200,4120909,1
848,1200,3997804,0.98
849,1200,3687432,1
850,1200,4166761,1
851,1200,3470362,1
852,1200,3006521,1
853,1200,4659155,0.99
854,1200,1761280,0.94
855,1200,2799777,0.97
856,1200,4876699,1
857,1200,3623485,1
858,1200,4541832,0.94
859,1200,4429557,1
860,1200,3502810,1
861,1200,3422033,1
862,1200,2716737,0.83
863,1200,3205233,1
864,1200,2959269,0.94
865,1200,5170665,0.98
866,1200,3850865,1
867,1200,3976682,0.97
868,1200,4609257,1
869,1200,4287194,0.98
870,1200,3414774,0.98
871,1200,4005508,1
872,1200,4523577,0.94
873,1200,3178571,1
874,1200,4641926,0.75
875,1200,4626402,1
876,1200,4520414,1
877,1200,4561275,1
878,1200,2579262,1
879,1200,5010506,0.99
880,1200,3873708,1
881,1200,4502340,1
882,1200,4722579,0.98
883,1200,4353217,0.92
884,1200,4633337,1
885,1200,5312680,0.98
886,1200,3523886,1
887,1200,2720489,0.81
888,1200,4239316,0.85
889,1200,4431979,1
890,1200,3558458,1
891,1200,4082182,1
892,1200,4012842,0.94
893,1200,3910863,0.93
894,1200,3520018,0.89
895,1200,3735554,1
896,1200,3039315,1
897,1200,4373569,0.99
898,1200,3898534,1
899,1200,3632316,1
900,1200,3800939,0.98
901,1200,3706118,1
902,1200,3575468,1
903,1200,2954020,1
904,1200,4625768,1
905,1200,4487682,0.99
906,1200,3681239,0.94
907,1200,4966532,0.95
908,1200,3273082,1
909,1200,4464089,1
910,1200,4490461,1
911,1200,3950608,0.99
912,1200,4647414,1
913,1200,4349624,1
914,1200,4682204,0.99
915,1200,3924284,1
916,1200,3465701,1
917,1200,4133812,0.87
918,1200,3945805,0.92
919,1200,4306157,1
920,1200,4423899,1
921,1200,3114239,1
922,1200,4466956,0.98
923,1200,3085471,0.84
924,1200,3175072,1
925,1200,4634179,1
926,1200,4457342,0.98
927,1200,3875180,1
928,1200,3603165,1
929,1200,3012248,1
930,1200,2035076,1
931,1200,4069425,1
932,1200,2232611,1
933,1200,4056014,1
934,1200,4588018,0.99
935,1200,4167920,1
936,1200,4380764,0.99
937,1200,3617415,1
938,1200,3042793,1
939,1200,3932293,0.97
940,1200,4814907,0.99
941,1200,3558566,1
942,1200,4790062,0.99
943,1200,4740642,1
944,1200,2897448,0.96
945,1200,5276509,0.98
946,1200,3529273,1
947,1200,4466197,1
948,1200,3216884,0.99
949,1200,3650224,1
950,1200,3750603,1
951,1200,4857424,1
952,1200,2805930,0.98
953,1200,4558545,1
954,1200,4925339,0.98
955,1200,4520272,0.99
956,1200,3886277,0.98
957,1200,2720607,1
958,1200,5095506,0.99
959,1200,3689426,1
960,1200,4405041,0.95
961,1200,4497332,1
962,1200,2696981,1
963,1200,4144632,1
964,1200,3753388,1
965,1200,3210826,1
966,1200,3934327,0.92
967,1200,4895165,1
968,1200,4348570,0.99
969,1200,4568229,0.9
970,1200,2933161,1
971,1200,3667593,1
972,1200,3942260,1
973,1200,4042285,0.98
974,1200,4472793,1
975,1200,3748901,0.92
976,1200,3839192,0.96
977,1200,3105699,1
978,1200,2801652,1
979,1200,3690129,1
980,1200,4699521,0.94
981,1200,4666622,0.97
982,1200,3345624,1
983,1200,4649835,0.9
984,1200,4575608,1
985,1200,2971917,0.96
986,1200,4201637,1
987,1200,3426192,1
988,1200,2641900,0.99
989,1200,3055868,1
990,1200,4423063,0.99
991,1200,4101032,0.91
992,1200,2979989,0.96
993,1200,3016197,1
994,1200,4952648,0.98
995,1200,2647898,1
996,1200,4296941,1
997,1200,4030438,0.98
998,1200,4328207,0.99
999,1200,3301499,1
