QueryID,EF,Latency(ns),Recall
0,100,390403,0.68
1,100,310596,0.95
2,100,353219,0.85
3,100,239281,1
4,100,416205,0.49
5,100,289038,0.93
6,100,306437,1
7,100,372395,0.88
8,100,324105,0.97
9,100,348563,0.91
10,100,470021,0.75
11,100,335705,0.97
12,100,360727,0.89
13,100,381194,0.9
14,100,291398,0.92
15,100,379891,0.83
16,100,381452,0.87
17,100,336356,0.98
18,100,277144,1
19,100,384071,0.84
20,100,400517,0.71
21,100,442030,0.91
22,100,374342,0.91
23,100,421344,0.71
24,100,397848,0.83
25,100,365634,0.87
26,100,360172,0.91
27,100,396941,0.91
28,100,370268,0.88
29,100,352100,0.94
30,100,421510,0.7
31,100,359325,0.73
32,100,347472,0.88
33,100,425573,0.73
34,100,412115,0.75
35,100,401320,0.72
36,100,364634,0.88
37,100,321469,0.95
38,100,355135,0.97
39,100,371426,0.91
40,100,307024,0.92
41,100,254739,1
42,100,363399,1
43,100,283882,1
44,100,334085,0.88
45,100,323857,0.99
46,100,334728,1
47,100,365379,0.83
48,100,340741,0.97
49,100,352208,0.89
50,100,277359,1
51,100,307575,0.93
52,100,407710,0.65
53,100,300523,0.98
54,100,289864,1
55,100,319114,0.96
56,100,359941,0.77
57,100,315386,0.99
58,100,375925,0.74
59,100,406444,0.66
60,100,409931,0.86
61,100,401530,0.71
62,100,329589,0.96
63,100,323122,0.96
64,100,342485,0.89
65,100,388345,0.77
66,100,334146,0.91
67,100,275876,0.97
68,100,389203,0.84
69,100,376259,0.92
70,100,499716,0.64
71,100,404643,0.81
72,100,290784,0.99
73,100,367615,0.93
74,100,317104,0.97
75,100,350975,0.91
76,100,415735,0.61
77,100,329126,0.95
78,100,283619,0.91
79,100,316413,0.97
80,100,342611,0.86
81,100,429896,0.54
82,100,394564,0.87
83,100,434648,0.61
84,100,340117,0.93
85,100,402707,0.81
86,100,246583,1
87,100,420402,0.66
88,100,369358,0.84
89,100,363596,0.79
90,100,326515,0.9
91,100,281471,0.97
92,100,356824,0.94
93,100,389292,0.8
94,100,353757,0.94
95,100,330082,0.78
96,100,334320,0.95
97,100,279360,0.97
98,100,404715,0.8
99,100,384342,0.91
100,100,412520,0.64
101,100,219435,0.99
102,100,360252,0.93
103,100,396767,0.71
104,100,383134,0.62
105,100,359708,0.9
106,100,310640,1
107,100,390943,0.72
108,100,340277,0.98
109,100,448433,0.53
110,100,334702,0.99
111,100,249563,1
112,100,395387,0.64
113,100,315247,0.96
114,100,338765,0.95
115,100,341510,0.98
116,100,344158,0.91
117,100,422913,0.76
118,100,394263,0.77
119,100,395254,0.76
120,100,395809,0.8
121,100,397010,0.84
122,100,295762,0.99
123,100,385568,0.8
124,100,290030,1
125,100,393453,0.77
126,100,353434,0.88
127,100,369772,0.87
128,100,361251,0.88
129,100,373267,0.81
130,100,318179,0.99
131,100,344932,0.92
132,100,404801,0.87
133,100,306966,0.99
134,100,377845,0.78
135,100,467905,0.43
136,100,292588,0.99
137,100,396889,0.82
138,100,369015,0.83
139,100,376484,0.92
140,100,249061,1
141,100,360445,0.94
142,100,292266,0.9
143,100,389965,0.85
144,100,361656,0.8
145,100,338897,0.94
146,100,382829,0.8
147,100,405464,0.76
148,100,403353,0.87
149,100,238753,1
150,100,359988,0.85
151,100,307430,0.77
152,100,396232,0.89
153,100,416261,0.73
154,100,279553,0.9
155,100,298909,0.95
156,100,399700,0.71
157,100,335331,0.97
158,100,341251,0.87
159,100,359109,0.94
160,100,361937,0.91
161,100,414585,0.74
162,100,400088,0.77
163,100,234996,1
164,100,404859,0.74
165,100,390904,0.67
166,100,408503,0.87
167,100,416900,0.64
168,100,410201,0.84
169,100,305706,1
170,100,359434,0.98
171,100,349685,1
172,100,336785,0.93
173,100,400230,0.73
174,100,318837,0.96
175,100,339344,0.97
176,100,374758,0.9
177,100,394804,0.83
178,100,377605,0.88
179,100,348229,0.93
180,100,347064,1
181,100,409596,0.95
182,100,382120,0.81
183,100,312900,0.97
184,100,381723,0.91
185,100,377993,0.78
186,100,389338,0.88
187,100,374946,0.97
188,100,341344,0.98
189,100,338611,0.92
190,100,378151,0.88
191,100,370638,0.78
192,100,390300,0.78
193,100,336889,0.98
194,100,335868,0.94
195,100,455800,0.75
196,100,377033,0.66
197,100,332990,0.94
198,100,383253,0.73
199,100,494244,0.87
200,100,391963,0.88
201,100,416115,0.69
202,100,409361,0.71
203,100,375977,0.86
204,100,365064,0.88
205,100,362919,0.74
206,100,378641,0.71
207,100,365777,0.84
208,100,368227,0.89
209,100,254796,0.89
210,100,371510,0.7
211,100,395709,0.84
212,100,460888,0.61
213,100,346347,0.91
214,100,357598,0.87
215,100,339009,0.94
216,100,332513,0.93
217,100,299802,0.96
218,100,346528,0.92
219,100,399323,0.72
220,100,358310,0.94
221,100,406877,0.71
222,100,438005,0.73
223,100,425264,0.66
224,100,323091,0.96
225,100,414559,0.72
226,100,376597,0.87
227,100,398787,0.72
228,100,399877,0.76
229,100,375481,0.85
230,100,388227,0.8
231,100,317991,0.9
232,100,421564,0.71
233,100,386581,0.83
234,100,374118,0.89
235,100,370497,0.84
236,100,374755,0.82
237,100,319061,1
238,100,367410,0.9
239,100,291577,1
240,100,344644,0.95
241,100,309339,0.91
242,100,239675,1
243,100,372171,0.91
244,100,326179,1
245,100,312802,0.96
246,100,347440,0.9
247,100,329379,0.89
248,100,338211,0.92
249,100,214235,1
250,100,422313,0.79
251,100,360599,0.86
252,100,349057,0.85
253,100,424559,0.5
254,100,408196,0.82
255,100,415050,0.63
256,100,292357,0.97
257,100,360604,0.93
258,100,402870,0.76
259,100,349919,0.89
260,100,400925,0.63
261,100,377792,0.8
262,100,401905,0.85
263,100,248861,0.98
264,100,432336,0.54
265,100,298134,0.96
266,100,297258,0.81
267,100,291646,1
268,100,289101,0.99
269,100,292927,1
270,100,270271,0.99
271,100,426569,0.85
272,100,322680,0.96
273,100,343997,0.96
274,100,365886,0.91
275,100,353567,0.82
276,100,360560,0.92
277,100,339783,0.87
278,100,297255,0.98
279,100,413914,0.58
280,100,391881,0.88
281,100,378415,0.85
282,100,325338,0.98
283,100,267107,0.99
284,100,314897,0.94
285,100,327584,0.93
286,100,442002,0.44
287,100,365432,0.78
288,100,377959,0.87
289,100,331985,0.89
290,100,361222,0.88
291,100,308684,0.96
292,100,353904,0.98
293,100,234288,1
294,100,362917,0.82
295,100,360126,0.94
296,100,301454,0.96
297,100,424201,0.71
298,100,293061,1
299,100,346872,0.95
300,100,362138,0.77
301,100,354571,0.87
302,100,381765,0.77
303,100,371647,0.9
304,100,384410,0.88
305,100,400801,0.84
306,100,467403,0.83
307,100,326884,0.91
308,100,385151,0.86
309,100,366903,0.89
310,100,342066,0.95
311,100,375835,0.91
312,100,401465,0.86
313,100,292683,0.95
314,100,394907,0.85
315,100,388050,0.9
316,100,397698,0.81
317,100,356489,0.9
318,100,344241,0.87
319,100,360706,0.87
320,100,401840,0.75
321,100,407353,0.72
322,100,370773,0.82
323,100,407798,0.68
324,100,365902,0.95
325,100,417178,0.62
326,100,339307,0.88
327,100,315123,0.84
328,100,341273,0.9
329,100,392381,0.94
330,100,282007,0.99
331,100,294758,0.98
332,100,374973,0.92
333,100,362996,0.9
334,100,435323,0.59
335,100,392811,0.71
336,100,315293,0.99
337,100,364525,0.84
338,100,392176,0.95
339,100,361831,0.95
340,100,300035,0.97
341,100,343828,0.87
342,100,414871,0.77
343,100,405195,0.92
344,100,370881,0.97
345,100,343249,0.96
346,100,386609,0.84
347,100,294075,0.98
348,100,365423,0.94
349,100,351179,0.91
350,100,353407,0.99
351,100,236893,1
352,100,405031,0.85
353,100,368228,0.97
354,100,415528,0.69
355,100,391816,0.65
356,100,419526,0.65
357,100,274352,1
358,100,236452,0.95
359,100,280543,0.99
360,100,352417,0.96
361,100,324625,0.94
362,100,360376,0.92
363,100,389387,0.78
364,100,417102,0.66
365,100,347795,0.81
366,100,395431,0.86
367,100,371658,0.93
368,100,360328,0.87
369,100,335249,0.93
370,100,390792,0.6
371,100,345532,0.88
372,100,332249,0.92
373,100,379452,0.89
374,100,396947,0.69
375,100,341351,0.95
376,100,418460,0.75
377,100,326303,0.99
378,100,353621,0.92
379,100,391765,0.93
380,100,362124,0.93
381,100,385124,0.71
382,100,404828,0.82
383,100,362456,0.98
384,100,345328,0.85
385,100,360943,0.84
386,100,306072,1
387,100,321889,1
388,100,401708,0.74
389,100,318387,0.96
390,100,370674,0.96
391,100,325080,0.99
392,100,315024,0.98
393,100,351622,0.94
394,100,410394,0.95
395,100,376999,0.85
396,100,413432,0.86
397,100,388393,0.85
398,100,283387,1
399,100,394583,0.72
400,100,395386,0.76
401,100,364633,0.91
402,100,395052,0.81
403,100,340222,0.87
404,100,357967,0.94
405,100,364528,0.94
406,100,384056,0.86
407,100,395048,0.73
408,100,297601,0.9
409,100,266572,0.99
410,100,387572,0.74
411,100,410760,0.65
412,100,402499,0.77
413,100,395526,0.89
414,100,290715,0.98
415,100,381361,0.91
416,100,325045,0.99
417,100,316008,1
418,100,326440,0.94
419,100,303067,0.94
420,100,333692,0.89
421,100,393852,0.8
422,100,291295,1
423,100,178798,0.99
424,100,376532,0.72
425,100,262317,1
426,100,381380,0.8
427,100,367148,0.95
428,100,376397,0.84
429,100,357722,0.92
430,100,235669,0.92
431,100,331621,0.94
432,100,410055,0.78
433,100,299868,1
434,100,234501,1
435,100,411135,0.86
436,100,273181,1
437,100,357843,0.96
438,100,381152,0.89
439,100,320678,0.91
440,100,433121,0.72
441,100,302328,0.95
442,100,314502,0.98
443,100,430286,0.81
444,100,346278,0.86
445,100,344200,0.81
446,100,391236,0.89
447,100,309675,0.96
448,100,390567,0.91
449,100,286969,0.99
450,100,363941,0.82
451,100,469586,0.65
452,100,389003,0.86
453,100,340874,0.96
454,100,411309,0.83
455,100,359823,0.94
456,100,351367,0.89
457,100,420789,0.65
458,100,297394,0.97
459,100,357483,0.97
460,100,397297,0.85
461,100,368783,0.93
462,100,342429,0.9
463,100,362286,0.85
464,100,232555,0.94
465,100,413299,0.6
466,100,389215,0.69
467,100,315208,0.98
468,100,327975,0.96
469,100,378887,0.85
470,100,362795,0.95
471,100,377532,0.65
472,100,406059,0.81
473,100,349889,0.91
474,100,402074,0.78
475,100,449483,0.73
476,100,406837,0.71
477,100,407273,0.74
478,100,379131,0.92
479,100,413422,0.8
480,100,286894,1
481,100,350037,0.94
482,100,324626,0.94
483,100,352073,0.97
484,100,199871,1
485,100,403460,0.92
486,100,381149,0.94
487,100,357291,0.93
488,100,311481,0.99
489,100,387980,0.85
490,100,430948,0.6
491,100,369873,0.91
492,100,314002,0.98
493,100,246311,1
494,100,363204,0.85
495,100,344390,0.96
496,100,386851,0.85
497,100,333142,0.96
498,100,381999,0.88
499,100,334206,1
500,100,345886,0.89
501,100,412128,0.64
502,100,343405,0.97
503,100,433627,0.72
504,100,304983,0.89
505,100,318003,0.94
506,100,409976,0.73
507,100,330222,0.89
508,100,402598,0.76
509,100,342260,0.94
510,100,328227,0.98
511,100,403747,0.71
512,100,370993,0.82
513,100,392625,0.87
514,100,446638,0.7
515,100,360887,0.83
516,100,313646,0.99
517,100,399320,0.67
518,100,412346,0.78
519,100,378025,0.84
520,100,274637,0.99
521,100,367070,0.75
522,100,374031,0.88
523,100,406433,0.88
524,100,391940,0.61
525,100,413468,0.7
526,100,309290,0.96
527,100,367346,0.94
528,100,365694,0.87
529,100,360769,0.92
530,100,367499,0.94
531,100,345210,0.9
532,100,414853,0.76
533,100,330236,0.94
534,100,287341,1
535,100,288790,0.97
536,100,281973,0.99
537,100,409518,0.75
538,100,391374,0.86
539,100,386046,0.92
540,100,384487,0.88
541,100,408148,0.85
542,100,396816,0.83
543,100,315245,0.96
544,100,337677,0.96
545,100,311266,0.95
546,100,387196,0.85
547,100,334501,0.97
548,100,300573,0.99
549,100,377525,0.98
550,100,377595,0.86
551,100,325588,0.82
552,100,437592,0.68
553,100,399225,0.79
554,100,293524,0.98
555,100,386531,0.89
556,100,400637,0.8
557,100,357164,0.9
558,100,401109,0.71
559,100,328112,0.95
560,100,378367,0.82
561,100,384644,0.73
562,100,367090,0.97
563,100,373460,0.73
564,100,280106,0.96
565,100,417853,0.68
566,100,364198,0.91
567,100,364769,0.94
568,100,364295,0.84
569,100,322760,0.93
570,100,449637,0.74
571,100,398405,0.83
572,100,323027,0.98
573,100,399679,0.75
574,100,382806,0.8
575,100,413407,0.79
576,100,368244,0.89
577,100,351287,1
578,100,379368,0.82
579,100,381722,0.87
580,100,419422,0.83
581,100,369097,0.87
582,100,422860,0.66
583,100,371312,0.94
584,100,302442,0.99
585,100,391970,0.91
586,100,403532,0.82
587,100,370944,0.95
588,100,311976,0.98
589,100,364688,0.84
590,100,382961,0.9
591,100,408569,0.86
592,100,400540,0.76
593,100,329415,0.94
594,100,305760,1
595,100,254708,1
596,100,348360,0.98
597,100,421356,0.74
598,100,378470,0.72
599,100,313211,0.98
600,100,401632,0.85
601,100,254527,1
602,100,341032,0.92
603,100,350800,0.84
604,100,364709,0.88
605,100,355407,0.83
606,100,392142,0.72
607,100,261920,0.98
608,100,404561,0.74
609,100,385076,0.77
610,100,403849,0.67
611,100,347656,0.98
612,100,389430,0.69
613,100,427806,0.75
614,100,419402,0.73
615,100,366650,0.87
616,100,430981,0.7
617,100,306942,0.94
618,100,401946,0.71
619,100,335506,0.84
620,100,357887,0.95
621,100,268855,1
622,100,392528,0.77
623,100,474763,0.78
624,100,326810,0.97
625,100,426148,0.72
626,100,367600,0.94
627,100,280082,0.99
628,100,360478,0.94
629,100,305533,0.98
630,100,414397,0.62
631,100,370425,0.78
632,100,376295,0.88
633,100,408862,0.62
634,100,312464,0.98
635,100,363476,0.91
636,100,361985,0.96
637,100,356335,0.77
638,100,375056,0.81
639,100,409818,0.8
640,100,303827,1
641,100,394778,0.82
642,100,417034,0.56
643,100,403231,0.78
644,100,341376,0.94
645,100,312584,0.97
646,100,169773,1
647,100,438888,0.85
648,100,262597,0.98
649,100,389997,0.78
650,100,326752,0.94
651,100,372444,0.84
652,100,334538,0.92
653,100,344411,0.98
654,100,394908,0.8
655,100,428570,0.45
656,100,418496,0.63
657,100,378899,0.71
658,100,373347,0.74
659,100,347994,0.98
660,100,345755,0.84
661,100,429060,0.49
662,100,334532,0.96
663,100,320689,1
664,100,358260,0.71
665,100,236203,0.99
666,100,298500,1
667,100,362635,0.87
668,100,152299,1
669,100,392306,0.82
670,100,377396,0.78
671,100,332150,0.92
672,100,373846,0.77
673,100,390777,0.71
674,100,365505,0.93
675,100,379683,0.82
676,100,384122,0.87
677,100,419849,0.67
678,100,258449,1
679,100,342991,0.71
680,100,334742,0.97
681,100,375955,0.86
682,100,367771,0.7
683,100,355202,0.94
684,100,337617,0.85
685,100,339482,0.92
686,100,315065,0.55
687,100,398250,0.85
688,100,368035,0.95
689,100,294107,0.99
690,100,393256,0.69
691,100,393605,0.79
692,100,384706,0.84
693,100,287840,1
694,100,365676,0.84
695,100,324746,0.83
696,100,396402,0.45
697,100,280164,0.93
698,100,397432,0.82
699,100,371338,0.89
700,100,362059,0.94
701,100,397237,0.84
702,100,451726,0.41
703,100,265977,0.99
704,100,369254,0.87
705,100,410035,0.62
706,100,394630,0.9
707,100,324480,0.96
708,100,339820,0.83
709,100,272907,1
710,100,394785,0.85
711,100,371054,0.86
712,100,336127,0.92
713,100,185377,1
714,100,431002,0.7
715,100,333561,0.96
716,100,341601,0.94
717,100,421551,0.76
718,100,395946,0.71
719,100,395565,0.75
720,100,387892,0.76
721,100,385388,0.89
722,100,406316,0.7
723,100,368812,0.74
724,100,310674,0.96
725,100,417567,0.75
726,100,393607,0.74
727,100,374386,0.93
728,100,327589,0.99
729,100,402608,0.76
730,100,342023,0.91
731,100,371873,0.94
732,100,365917,0.84
733,100,397288,0.63
734,100,259840,0.99
735,100,375312,0.92
736,100,353864,0.95
737,100,413620,0.65
738,100,295342,1
739,100,402568,0.71
740,100,305427,0.98
741,100,351481,0.97
742,100,375257,0.64
743,100,356032,0.93
744,100,326929,0.95
745,100,385704,0.72
746,100,338583,0.9
747,100,333491,0.98
748,100,406099,0.88
749,100,232686,1
750,100,265605,0.99
751,100,369533,0.93
752,100,203653,0.98
753,100,400618,0.65
754,100,443511,0.83
755,100,436853,0.57
756,100,351970,0.89
757,100,369655,0.9
758,100,296155,0.97
759,100,423568,0.64
760,100,351685,0.96
761,100,413412,0.83
762,100,390977,0.87
763,100,388319,0.8
764,100,405113,0.79
765,100,410342,0.83
766,100,390491,0.91
767,100,394238,0.74
768,100,379319,0.88
769,100,414201,0.89
770,100,303034,0.95
771,100,430191,0.72
772,100,360239,0.81
773,100,368407,0.89
774,100,480116,0.68
775,100,324131,0.98
776,100,354605,0.98
777,100,272864,0.98
778,100,360185,0.83
779,100,309439,0.97
780,100,423784,0.72
781,100,422032,0.7
782,100,367576,0.88
783,100,347459,0.96
784,100,290558,0.95
785,100,315569,0.97
786,100,327264,0.93
787,100,369237,0.92
788,100,313312,0.99
789,100,386118,0.79
790,100,366098,0.91
791,100,304329,0.88
792,100,396210,0.75
793,100,401117,0.79
794,100,400233,0.83
795,100,361828,0.96
796,100,386992,0.71
797,100,395692,0.83
798,100,382719,0.81
799,100,362652,0.83
800,100,382824,0.79
801,100,391905,0.96
802,100,291793,0.97
803,100,354714,0.85
804,100,294679,0.98
805,100,366608,0.92
806,100,423094,0.61
807,100,338472,0.9
808,100,334129,0.87
809,100,332397,0.96
810,100,408907,0.74
811,100,438490,0.73
812,100,346400,0.98
813,100,377373,0.86
814,100,390866,0.82
815,100,293176,0.99
816,100,354395,0.93
817,100,368710,0.91
818,100,411974,0.73
819,100,409565,0.76
820,100,351054,0.95
821,100,400525,0.69
822,100,348135,0.79
823,100,308023,1
824,100,374035,0.77
825,100,428156,0.71
826,100,343392,0.95
827,100,356575,0.92
828,100,365212,0.89
829,100,377072,0.89
830,100,329657,0.98
831,100,397567,0.7
832,100,363952,0.87
833,100,374453,0.76
834,100,411295,0.8
835,100,312859,0.95
836,100,368791,0.87
837,100,325631,0.95
838,100,388340,0.81
839,100,293784,0.9
840,100,293578,0.97
841,100,372644,0.91
842,100,369217,0.84
843,100,378816,0.79
844,100,370746,0.9
845,100,296901,0.99
846,100,207351,0.98
847,100,411767,0.67
848,100,364906,0.91
849,100,228356,1
850,100,180125,1
851,100,410046,0.92
852,100,356930,0.91
853,100,359526,0.93
854,100,315393,0.98
855,100,414256,0.69
856,100,422448,0.81
857,100,411806,0.85
858,100,352463,0.92
859,100,405392,0.62
860,100,391341,0.65
861,100,410247,0.64
862,100,383578,0.96
863,100,361454,0.93
864,100,377784,0.83
865,100,316555,0.93
866,100,417532,0.7
867,100,379360,0.86
868,100,369559,0.91
869,100,365125,0.94
870,100,305925,0.98
871,100,362444,0.86
872,100,367920,0.84
873,100,289139,1
874,100,413651,0.8
875,100,335349,0.92
876,100,365063,0.89
877,100,341709,0.9
878,100,294525,0.99
879,100,304876,1
880,100,378237,0.82
881,100,314470,0.97
882,100,352963,0.92
883,100,323221,0.9
884,100,292841,0.97
885,100,351336,0.83
886,100,337691,0.99
887,100,365516,0.89
888,100,370717,0.9
889,100,386815,0.69
890,100,297591,0.96
891,100,399157,0.63
892,100,387798,0.86
893,100,302892,0.99
894,100,313638,0.98
895,100,336699,0.97
896,100,315516,0.95
897,100,402149,0.62
898,100,365245,0.85
899,100,325708,0.97
900,100,356321,0.88
901,100,408589,0.83
902,100,336602,0.95
903,100,375692,0.88
904,100,364208,0.88
905,100,345245,0.83
906,100,412262,0.69
907,100,316636,0.93
908,100,337130,0.9
909,100,382409,0.87
910,100,380802,0.45
911,100,457578,0.42
912,100,410737,0.85
913,100,360653,0.94
914,100,317988,0.96
915,100,346664,0.91
916,100,333052,0.9
917,100,419187,0.58
918,100,401190,0.67
919,100,421093,0.91
920,100,376994,0.86
921,100,403465,0.86
922,100,298336,0.97
923,100,344315,0.89
924,100,382373,0.88
925,100,237246,0.99
926,100,382052,0.74
927,100,411119,0.52
928,100,331690,0.98
929,100,341725,0.98
930,100,369677,0.8
931,100,347299,0.92
932,100,410304,0.88
933,100,387180,0.77
934,100,425853,0.87
935,100,375878,0.78
936,100,321271,0.96
937,100,389568,0.76
938,100,363543,0.96
939,100,390310,0.75
940,100,414491,0.82
941,100,361224,0.96
942,100,402272,0.8
943,100,296869,0.99
944,100,378519,0.86
945,100,394723,0.62
946,100,348368,0.92
947,100,357394,0.9
948,100,396169,0.71
949,100,368007,0.89
950,100,301690,1
951,100,417045,0.84
952,100,356018,0.91
953,100,356921,0.93
954,100,358706,0.9
955,100,326418,0.99
956,100,351774,0.93
957,100,337477,0.97
958,100,408860,0.8
959,100,394457,0.74
960,100,390634,0.79
961,100,396746,0.78
962,100,399615,0.76
963,100,387726,0.81
964,100,411786,0.72
965,100,337616,0.95
966,100,368598,0.77
967,100,356804,0.78
968,100,354367,0.86
969,100,432144,0.83
970,100,427887,0.82
971,100,369138,0.72
972,100,327236,0.94
973,100,343687,0.95
974,100,385900,0.89
975,100,396757,0.86
976,100,293858,0.99
977,100,384494,0.9
978,100,420552,0.62
979,100,363839,0.92
980,100,389499,0.66
981,100,384100,0.83
982,100,274916,0.99
983,100,342377,0.95
984,100,250538,1
985,100,399288,0.85
986,100,408855,0.7
987,100,329056,0.91
988,100,319140,0.88
989,100,341463,0.9
990,100,430741,0.78
991,100,396939,0.77
992,100,382653,0.87
993,100,423263,0.89
994,100,383058,0.91
995,100,407959,0.6
996,100,393238,0.7
997,100,385868,0.69
998,100,404032,0.86
999,100,404853,0.79
0,200,715662,0.83
1,200,596907,1
2,200,661027,0.96
3,200,434345,1
4,200,809152,0.69
5,200,528008,0.97
6,200,549070,1
7,200,710361,0.95
8,200,601945,1
9,200,639057,0.98
10,200,810854,0.81
11,200,639617,1
12,200,696236,0.96
13,200,726169,0.96
14,200,539409,0.99
15,200,690558,0.88
16,200,715744,0.99
17,200,612252,1
18,200,509122,1
19,200,713825,0.94
20,200,733549,0.93
21,200,752357,0.96
22,200,727834,0.98
23,200,771443,0.83
24,200,747777,0.92
25,200,690019,0.96
26,200,674415,0.99
27,200,744971,0.96
28,200,692149,0.95
29,200,662248,0.97
30,200,800535,0.82
31,200,685824,0.84
32,200,666851,0.94
33,200,801231,0.87
34,200,752363,0.88
35,200,744096,0.86
36,200,695815,0.92
37,200,589395,0.99
38,200,662247,1
39,200,682051,0.94
40,200,552960,0.98
41,200,482063,1
42,200,661420,1
43,200,547529,1
44,200,637861,0.98
45,200,583552,0.99
46,200,619116,1
47,200,696716,0.96
48,200,597923,1
49,200,658600,0.96
50,200,501170,1
51,200,569525,0.98
52,200,773312,0.79
53,200,551759,1
54,200,524720,1
55,200,587586,1
56,200,682469,0.9
57,200,571266,1
58,200,728132,0.91
59,200,778108,0.76
60,200,757631,0.93
61,200,767092,0.87
62,200,593857,0.99
63,200,588401,1
64,200,650128,0.96
65,200,751046,0.94
66,200,626395,0.96
67,200,483804,1
68,200,718181,0.97
69,200,685498,1
70,200,805501,0.78
71,200,756264,0.93
72,200,527989,0.99
73,200,685076,0.98
74,200,593361,1
75,200,659457,0.98
76,200,775618,0.76
77,200,611182,0.98
78,200,490709,1
79,200,570404,0.99
80,200,641020,0.93
81,200,789631,0.72
82,200,727385,0.95
83,200,789477,0.73
84,200,643731,0.99
85,200,746242,0.95
86,200,413120,1
87,200,737986,0.78
88,200,703406,0.94
89,200,708755,0.88
90,200,583282,0.99
91,200,503694,1
92,200,669655,0.99
93,200,717316,0.93
94,200,658467,0.98
95,200,602045,0.96
96,200,620377,0.99
97,200,505186,0.99
98,200,741254,0.92
99,200,685942,0.98
100,200,775996,0.82
101,200,370561,1
102,200,666975,0.98
103,200,766569,0.83
104,200,671775,0.77
105,200,680543,0.98
106,200,586396,1
107,200,754379,0.85
108,200,628697,1
109,200,791572,0.75
110,200,611467,1
111,200,446235,1
112,200,700135,0.83
113,200,608453,0.99
114,200,633976,1
115,200,619646,1
116,200,651164,0.98
117,200,807113,0.87
118,200,745575,0.92
119,200,732774,0.89
120,200,757701,0.89
121,200,728170,0.96
122,200,532651,1
123,200,705500,0.93
124,200,523097,1
125,200,743638,0.88
126,200,676422,0.99
127,200,682418,0.95
128,200,688263,0.99
129,200,704522,0.89
130,200,552855,1
131,200,642254,0.99
132,200,748209,0.93
133,200,561380,1
134,200,708131,0.92
135,200,814155,0.61
136,200,510299,1
137,200,751284,0.9
138,200,685756,0.88
139,200,688100,0.99
140,200,428487,1
141,200,654232,0.99
142,200,540353,0.99
143,200,726345,0.95
144,200,706252,0.95
145,200,652894,0.99
146,200,735728,0.92
147,200,756772,0.81
148,200,727424,0.99
149,200,439442,1
150,200,695516,0.98
151,200,539856,0.94
152,200,742161,0.95
153,200,730091,0.9
154,200,491661,0.96
155,200,543618,0.99
156,200,755896,0.89
157,200,634463,0.99
158,200,629990,0.94
159,200,668979,1
160,200,668477,0.96
161,200,788653,0.8
162,200,763048,0.91
163,200,449992,1
164,200,758003,0.9
165,200,758040,0.81
166,200,742993,0.97
167,200,792981,0.8
168,200,767421,0.97
169,200,557021,1
170,200,673953,1
171,200,631306,1
172,200,623415,0.99
173,200,761723,0.85
174,200,540899,0.98
175,200,644518,1
176,200,683946,0.97
177,200,748945,0.94
178,200,718366,0.95
179,200,644130,0.99
180,200,650053,1
181,200,768202,0.96
182,200,709306,0.89
183,200,554019,1
184,200,711741,0.96
185,200,696693,0.88
186,200,745590,0.97
187,200,669356,0.97
188,200,640442,0.99
189,200,629617,0.98
190,200,711606,0.97
191,200,682374,0.88
192,200,747866,0.9
193,200,613794,1
194,200,637717,0.95
195,200,849250,0.85
196,200,725978,0.91
197,200,628934,0.99
198,200,737820,0.87
199,200,868203,0.93
200,200,744643,0.97
201,200,759920,0.86
202,200,783473,0.82
203,200,698022,0.95
204,200,676087,0.98
205,200,677555,0.9
206,200,722491,0.82
207,200,713880,0.92
208,200,694823,0.97
209,200,418779,0.98
210,200,688268,0.85
211,200,751967,0.95
212,200,830309,0.77
213,200,646293,0.97
214,200,653821,0.96
215,200,627754,0.98
216,200,612570,0.99
217,200,559017,0.98
218,200,640752,0.99
219,200,743531,0.84
220,200,659496,0.97
221,200,739273,0.86
222,200,760208,0.9
223,200,772060,0.76
224,200,617757,0.99
225,200,763413,0.84
226,200,702150,0.95
227,200,751909,0.86
228,200,746719,0.89
229,200,698715,0.95
230,200,727091,0.93
231,200,568131,0.99
232,200,749008,0.89
233,200,698390,0.94
234,200,692834,0.98
235,200,698172,0.94
236,200,723006,0.87
237,200,621962,1
238,200,690169,0.99
239,200,533070,1
240,200,654998,0.98
241,200,559582,0.98
242,200,423060,1
243,200,719963,0.95
244,200,597840,1
245,200,581327,0.98
246,200,653387,0.95
247,200,613204,0.98
248,200,609027,0.98
249,200,386742,1
250,200,767087,0.82
251,200,678291,0.99
252,200,652209,0.98
253,200,754493,0.74
254,200,762970,0.98
255,200,796581,0.77
256,200,534631,1
257,200,659149,0.97
258,200,745184,0.88
259,200,653009,0.97
260,200,762099,0.79
261,200,713330,0.88
262,200,724812,0.95
263,200,462407,1
264,200,827491,0.7
265,200,564288,0.99
266,200,563438,0.88
267,200,537572,1
268,200,543036,1
269,200,537780,1
270,200,487987,1
271,200,795916,0.94
272,200,611546,1
273,200,645446,0.97
274,200,677437,0.97
275,200,676916,0.96
276,200,667534,0.98
277,200,657517,0.98
278,200,564278,1
279,200,752533,0.84
280,200,731814,0.96
281,200,714460,0.96
282,200,587444,1
283,200,503033,1
284,200,595302,0.98
285,200,626576,1
286,200,824220,0.75
287,200,697340,0.87
288,200,705604,0.92
289,200,618599,0.99
290,200,683801,0.97
291,200,546815,0.99
292,200,670055,1
293,200,408983,1
294,200,702052,0.95
295,200,647832,0.96
296,200,566868,0.99
297,200,800673,0.84
298,200,541397,1
299,200,645664,0.99
300,200,690195,0.87
301,200,657601,0.91
302,200,744975,0.92
303,200,705447,0.97
304,200,724415,0.96
305,200,748859,0.93
306,200,821657,0.96
307,200,632518,0.99
308,200,720101,0.94
309,200,688564,0.94
310,200,638248,0.99
311,200,687107,0.96
312,200,738266,0.95
313,200,554747,0.98
314,200,704110,0.94
315,200,731726,0.97
316,200,742680,0.9
317,200,656490,0.98
318,200,646497,0.93
319,200,674530,0.96
320,200,771778,0.87
321,200,756384,0.81
322,200,693442,0.94
323,200,786589,0.86
324,200,690573,0.99
325,200,792387,0.8
326,200,648903,0.98
327,200,599211,0.96
328,200,637162,0.97
329,200,727729,1
330,200,537057,1
331,200,559062,1
332,200,675735,0.96
333,200,696780,0.96
334,200,787463,0.78
335,200,762481,0.87
336,200,578989,1
337,200,694635,0.94
338,200,698045,0.99
339,200,667032,0.99
340,200,536277,1
341,200,627519,1
342,200,762432,0.9
343,200,713286,0.97
344,200,681168,0.99
345,200,656491,0.98
346,200,709978,0.95
347,200,552067,0.99
348,200,657887,0.99
349,200,659255,0.98
350,200,672522,1
351,200,452663,1
352,200,719923,0.94
353,200,668748,0.99
354,200,751800,0.88
355,200,750866,0.78
356,200,801944,0.8
357,200,514709,1
358,200,411416,0.98
359,200,532565,1
360,200,624951,1
361,200,575160,0.99
362,200,679901,0.98
363,200,719368,0.93
364,200,761035,0.82
365,200,669138,0.95
366,200,711276,0.97
367,200,713832,0.99
368,200,685610,0.98
369,200,624190,1
370,200,778865,0.76
371,200,644326,0.97
372,200,603921,1
373,200,706228,1
374,200,738029,0.8
375,200,648616,0.97
376,200,750918,0.91
377,200,602595,0.99
378,200,665639,0.98
379,200,711209,0.99
380,200,655006,0.96
381,200,728153,0.82
382,200,754427,0.88
383,200,682738,1
384,200,648594,0.96
385,200,690958,0.92
386,200,574303,1
387,200,592666,1
388,200,743989,0.9
389,200,577886,0.98
390,200,705586,0.99
391,200,613609,1
392,200,587883,0.99
393,200,661631,1
394,200,692347,0.98
395,200,728990,0.96
396,200,755789,0.96
397,200,730098,0.92
398,200,511360,1
399,200,748679,0.87
400,200,750321,0.93
401,200,682060,0.95
402,200,758389,0.89
403,200,652750,0.95
404,200,669708,0.98
405,200,675468,0.98
406,200,718580,0.97
407,200,734033,0.87
408,200,519214,0.98
409,200,492446,1
410,200,752137,0.89
411,200,766205,0.88
412,200,750349,0.91
413,200,719361,0.96
414,200,545057,1
415,200,703117,0.96
416,200,586510,1
417,200,588484,1
418,200,619450,0.99
419,200,591913,1
420,200,639028,0.98
421,200,738519,0.96
422,200,528514,1
423,200,358952,1
424,200,725214,0.85
425,200,458085,1
426,200,727674,0.95
427,200,697982,0.98
428,200,698205,0.96
429,200,659767,1
430,200,405359,0.99
431,200,600598,1
432,200,770102,0.89
433,200,557825,1
434,200,407914,1
435,200,744596,0.94
436,200,480073,1
437,200,679577,1
438,200,714054,0.93
439,200,624363,1
440,200,799794,0.85
441,200,554753,1
442,200,589150,1
443,200,762249,0.91
444,200,656619,0.95
445,200,605862,0.9
446,200,665387,0.97
447,200,566297,0.99
448,200,731488,0.97
449,200,504743,1
450,200,705720,0.91
451,200,810578,0.79
452,200,732540,0.98
453,200,611103,0.98
454,200,737999,0.94
455,200,685516,0.98
456,200,660834,0.99
457,200,780180,0.89
458,200,526389,0.99
459,200,670224,1
460,200,733633,0.96
461,200,689703,0.98
462,200,650430,0.99
463,200,712817,0.97
464,200,401439,0.98
465,200,772595,0.79
466,200,728388,0.82
467,200,571175,0.99
468,200,617166,1
469,200,736688,0.97
470,200,660429,0.99
471,200,726218,0.8
472,200,760512,0.91
473,200,648125,0.96
474,200,759363,0.86
475,200,792593,0.91
476,200,777575,0.86
477,200,752335,0.85
478,200,722090,0.99
479,200,746733,0.89
480,200,569391,1
481,200,671085,1
482,200,587848,1
483,200,657031,0.99
484,200,352354,1
485,200,747127,0.95
486,200,697213,0.99
487,200,661333,0.98
488,200,574710,1
489,200,711986,0.95
490,200,779851,0.78
491,200,705456,0.97
492,200,566007,1
493,200,440821,1
494,200,680096,0.94
495,200,625074,0.99
496,200,723170,0.94
497,200,630651,1
498,200,701189,0.97
499,200,622467,1
500,200,630500,0.96
501,200,799874,0.85
502,200,617445,1
503,200,772238,0.92
504,200,565157,0.96
505,200,580556,0.98
506,200,768719,0.86
507,200,603417,0.95
508,200,749383,0.87
509,200,628256,1
510,200,600604,1
511,200,748739,0.84
512,200,696483,0.95
513,200,734094,0.93
514,200,835350,0.79
515,200,679321,0.96
516,200,569317,1
517,200,758593,0.81
518,200,774399,0.95
519,200,721023,0.96
520,200,490126,0.99
521,200,699958,0.88
522,200,702817,0.96
523,200,736074,0.98
524,200,739969,0.74
525,200,742684,0.8
526,200,562335,0.99
527,200,697050,1
528,200,687500,0.92
529,200,674438,0.98
530,200,685474,0.98
531,200,653209,0.99
532,200,755733,0.91
533,200,631204,0.98
534,200,505647,1
535,200,492349,1
536,200,505786,1
537,200,760480,0.91
538,200,740040,0.95
539,200,702870,0.98
540,200,701980,0.97
541,200,783259,0.97
542,200,734173,0.91
543,200,569783,0.98
544,200,655768,0.99
545,200,583459,0.99
546,200,731314,0.96
547,200,624982,1
548,200,573374,1
549,200,686642,1
550,200,709897,0.94
551,200,636028,0.96
552,200,810918,0.88
553,200,761570,0.95
554,200,549646,0.99
555,200,748372,0.96
556,200,758337,0.93
557,200,665788,0.97
558,200,773580,0.9
559,200,636930,0.99
560,200,718879,0.94
561,200,734939,0.93
562,200,681204,0.98
563,200,730735,0.86
564,200,519754,1
565,200,786239,0.91
566,200,698922,0.99
567,200,669548,0.97
568,200,696810,0.92
569,200,604397,0.99
570,200,828526,0.86
571,200,755862,0.89
572,200,621041,1
573,200,778133,0.92
574,200,708468,0.9
575,200,693858,0.88
576,200,697219,0.98
577,200,651903,1
578,200,717851,0.89
579,200,719381,0.96
580,200,755217,0.96
581,200,701516,0.97
582,200,747924,0.83
583,200,698691,0.99
584,200,583488,1
585,200,734060,0.97
586,200,748028,0.92
587,200,670715,0.99
588,200,595501,0.99
589,200,672985,0.91
590,200,722547,0.96
591,200,770299,0.92
592,200,726447,0.94
593,200,612979,0.98
594,200,582394,1
595,200,453006,1
596,200,634743,0.99
597,200,785327,0.87
598,200,708656,0.91
599,200,569585,1
600,200,728325,0.94
601,200,454784,1
602,200,628624,0.98
603,200,676803,0.95
604,200,674476,0.93
605,200,665458,0.95
606,200,728177,0.86
607,200,468393,0.99
608,200,744953,0.89
609,200,706651,0.91
610,200,786040,0.79
611,200,650938,1
612,200,758847,0.89
613,200,767535,0.89
614,200,781250,0.86
615,200,691382,0.95
616,200,810693,0.83
617,200,581248,0.99
618,200,753049,0.88
619,200,632424,0.93
620,200,667406,0.99
621,200,484766,1
622,200,752282,0.92
623,200,811438,0.89
624,200,613496,1
625,200,786423,0.8
626,200,698560,0.98
627,200,527905,0.99
628,200,686693,0.97
629,200,575870,1
630,200,771820,0.81
631,200,682645,0.86
632,200,690188,0.97
633,200,747700,0.77
634,200,585778,0.98
635,200,706775,0.97
636,200,646779,1
637,200,647986,0.89
638,200,718824,0.92
639,200,746247,0.93
640,200,520910,1
641,200,754819,0.96
642,200,805973,0.72
643,200,727824,0.92
644,200,626531,0.98
645,200,581466,1
646,200,284225,1
647,200,776507,0.92
648,200,468944,0.99
649,200,715465,0.9
650,200,625202,1
651,200,685795,0.96
652,200,642575,0.95
653,200,643260,1
654,200,737006,0.89
655,200,787717,0.6
656,200,796377,0.81
657,200,705631,0.9
658,200,719406,0.85
659,200,657830,1
660,200,652249,0.92
661,200,781825,0.64
662,200,634710,1
663,200,614684,1
664,200,701740,0.85
665,200,435077,1
666,200,541021,1
667,200,664543,0.95
668,200,246396,1
669,200,727641,0.93
670,200,698362,0.92
671,200,604383,0.98
672,200,723317,0.95
673,200,713847,0.93
674,200,689192,0.99
675,200,724533,0.92
676,200,711611,0.95
677,200,758206,0.82
678,200,466901,1
679,200,637701,0.83
680,200,607263,1
681,200,705269,0.97
682,200,656840,0.85
683,200,663112,0.98
684,200,644159,0.92
685,200,654118,0.98
686,200,568383,0.8
687,200,704788,0.94
688,200,679786,1
689,200,524452,0.99
690,200,766921,0.85
691,200,713463,0.92
692,200,745291,0.94
693,200,505811,1
694,200,659238,0.93
695,200,606259,0.94
696,200,805888,0.7
697,200,500572,1
698,200,719412,0.92
699,200,713214,0.99
700,200,661611,0.98
701,200,760071,0.95
702,200,808194,0.56
703,200,504866,1
704,200,704996,0.97
705,200,758098,0.77
706,200,728517,0.97
707,200,598119,0.99
708,200,638319,0.94
709,200,498943,1
710,200,749159,0.95
711,200,686944,0.98
712,200,610946,0.98
713,200,326453,1
714,200,749677,0.84
715,200,642927,0.97
716,200,608402,1
717,200,767538,0.94
718,200,753385,0.85
719,200,725520,0.84
720,200,700755,0.88
721,200,736268,0.96
722,200,777531,0.86
723,200,709244,0.94
724,200,612781,1
725,200,765509,0.91
726,200,756868,0.91
727,200,702395,0.98
728,200,624889,1
729,200,729823,0.89
730,200,640118,0.95
731,200,691785,0.97
732,200,702377,0.94
733,200,745380,0.77
734,200,480912,1
735,200,713935,0.98
736,200,636492,0.98
737,200,774774,0.87
738,200,521264,1
739,200,772626,0.88
740,200,544846,1
741,200,644410,1
742,200,722163,0.84
743,200,655999,0.97
744,200,592637,0.99
745,200,746357,0.87
746,200,635698,0.99
747,200,637717,1
748,200,770346,0.95
749,200,422475,1
750,200,471934,1
751,200,682326,0.99
752,200,372888,1
753,200,742503,0.86
754,200,770125,0.91
755,200,796789,0.76
756,200,635278,0.98
757,200,684796,0.99
758,200,528990,1
759,200,776416,0.82
760,200,659480,0.99
761,200,781216,0.95
762,200,718230,0.95
763,200,732328,0.97
764,200,739655,0.93
765,200,750737,0.91
766,200,706146,0.97
767,200,737932,0.87
768,200,700753,0.95
769,200,741055,0.94
770,200,577468,0.99
771,200,766327,0.88
772,200,661505,0.87
773,200,674351,0.98
774,200,818045,0.76
775,200,604327,1
776,200,647453,1
777,200,511800,0.99
778,200,675100,0.89
779,200,584545,0.99
780,200,795539,0.83
781,200,795063,0.82
782,200,717036,0.96
783,200,626773,1
784,200,536054,0.99
785,200,566156,1
786,200,618723,0.99
787,200,682252,0.97
788,200,577081,0.99
789,200,739751,0.89
790,200,668056,0.97
791,200,551658,0.95
792,200,717495,0.91
793,200,746102,0.91
794,200,754866,0.98
795,200,674802,1
796,200,755479,0.9
797,200,732321,0.93
798,200,722970,0.95
799,200,717223,0.93
800,200,698337,0.9
801,200,721461,0.99
802,200,571847,1
803,200,678223,0.96
804,200,531200,0.99
805,200,688861,0.99
806,200,759466,0.81
807,200,596135,0.93
808,200,617409,0.96
809,200,604300,0.99
810,200,766121,0.85
811,200,784026,0.87
812,200,621850,1
813,200,686962,0.95
814,200,740299,0.93
815,200,536902,1
816,200,644154,0.99
817,200,644090,0.96
818,200,824290,0.85
819,200,741875,0.91
820,200,657460,0.98
821,200,762408,0.86
822,200,675016,0.93
823,200,564588,1
824,200,722335,0.86
825,200,802064,0.88
826,200,626646,0.99
827,200,679264,0.96
828,200,671685,0.95
829,200,713937,0.93
830,200,631556,1
831,200,768847,0.83
832,200,694982,0.98
833,200,702545,0.93
834,200,748434,0.9
835,200,585615,0.98
836,200,707793,0.92
837,200,605114,1
838,200,735128,0.92
839,200,515224,0.99
840,200,536018,0.98
841,200,687819,0.98
842,200,692818,0.95
843,200,743103,0.88
844,200,685613,0.97
845,200,549279,1
846,200,357807,1
847,200,781026,0.86
848,200,697997,0.99
849,200,407269,1
850,200,304495,1
851,200,743824,0.95
852,200,665246,0.96
853,200,680464,0.98
854,200,614125,1
855,200,778020,0.83
856,200,772650,0.9
857,200,759365,0.92
858,200,643574,0.96
859,200,773705,0.81
860,200,757253,0.84
861,200,741906,0.74
862,200,719468,1
863,200,663326,0.99
864,200,688880,0.91
865,200,608168,0.97
866,200,776556,0.86
867,200,704604,0.95
868,200,688118,0.98
869,200,670682,0.99
870,200,568825,1
871,200,692815,0.96
872,200,697116,0.95
873,200,521235,1
874,200,753106,0.94
875,200,629910,0.97
876,200,670503,0.96
877,200,669890,0.98
878,200,561190,1
879,200,564535,1
880,200,728865,0.92
881,200,581111,1
882,200,660015,0.99
883,200,610685,0.97
884,200,516947,1
885,200,671759,0.94
886,200,627769,1
887,200,686148,0.94
888,200,714118,0.97
889,200,738070,0.85
890,200,542105,1
891,200,768528,0.84
892,200,715123,0.97
893,200,539065,1
894,200,587389,1
895,200,637715,1
896,200,571552,0.99
897,200,772833,0.82
898,200,681529,0.94
899,200,601217,1
900,200,707331,0.96
901,200,783495,0.94
902,200,608439,0.99
903,200,710870,0.98
904,200,686435,0.99
905,200,660223,0.93
906,200,767299,0.79
907,200,596798,0.97
908,200,630078,0.99
909,200,715923,0.97
910,200,725464,0.71
911,200,811627,0.57
912,200,717962,0.94
913,200,677229,0.95
914,200,608393,1
915,200,639142,0.98
916,200,617913,1
917,200,787226,0.81
918,200,739636,0.79
919,200,767713,0.94
920,200,696292,0.92
921,200,739972,0.94
922,200,550136,1
923,200,647514,0.98
924,200,713812,0.93
925,200,421068,1
926,200,709323,0.88
927,200,800169,0.74
928,200,602334,0.99
929,200,652800,1
930,200,690767,0.9
931,200,638637,0.97
932,200,717374,0.93
933,200,733745,0.89
934,200,761093,0.95
935,200,744461,0.87
936,200,597562,1
937,200,740686,0.93
938,200,684229,0.98
939,200,761070,0.89
940,200,768076,0.93
941,200,678627,0.98
942,200,785914,0.92
943,200,544078,1
944,200,713313,0.99
945,200,765134,0.79
946,200,621202,0.98
947,200,683412,0.97
948,200,746780,0.91
949,200,700290,0.95
950,200,534995,1
951,200,773473,0.92
952,200,685179,0.97
953,200,636013,1
954,200,676871,0.94
955,200,592765,1
956,200,667377,0.99
957,200,634736,0.98
958,200,732792,0.91
959,200,728665,0.88
960,200,733494,0.92
961,200,743250,0.94
962,200,747582,0.9
963,200,736880,0.93
964,200,751052,0.85
965,200,614373,0.99
966,200,691519,0.9
967,200,688618,0.94
968,200,669985,0.92
969,200,775628,0.94
970,200,768496,0.95
971,200,706885,0.88
972,200,586071,0.98
973,200,647010,0.99
974,200,713228,0.94
975,200,721065,0.94
976,200,550516,1
977,200,698573,0.98
978,200,780420,0.87
979,200,678111,0.95
980,200,731631,0.83
981,200,750517,0.91
982,200,484817,1
983,200,645380,0.99
984,200,447835,1
985,200,755558,0.97
986,200,762166,0.85
987,200,614768,0.98
988,200,642957,0.94
989,200,635432,0.96
990,200,780643,0.9
991,200,713995,0.9
992,200,704514,0.96
993,200,710096,0.95
994,200,706578,0.96
995,200,765824,0.82
996,200,739967,0.86
997,200,748341,0.89
998,200,750230,0.92
999,200,747677,0.86
0,300,1067717,0.93
1,300,885482,1
2,300,964032,0.97
3,300,608924,1
4,300,1153054,0.79
5,300,768880,0.99
6,300,772666,1
7,300,1031743,0.99
8,300,878298,1
9,300,927492,0.99
10,300,1173150,0.89
11,300,920163,1
12,300,1026010,0.98
13,300,1044693,0.96
14,300,791636,1
15,300,1012944,0.92
16,300,1043964,1
17,300,863242,1
18,300,739807,1
19,300,1028839,0.97
20,300,1070716,0.95
21,300,1050876,0.99
22,300,1074154,0.99
23,300,1108609,0.91
24,300,1076023,0.97
25,300,1009252,0.99
26,300,973931,1
27,300,1059218,0.99
28,300,1012288,0.96
29,300,959797,0.98
30,300,1143797,0.91
31,300,979362,0.93
32,300,974436,0.95
33,300,1161195,0.91
34,300,1095869,0.95
35,300,1090163,0.93
36,300,1008471,0.97
37,300,853971,1
38,300,954992,1
39,300,991736,0.98
40,300,787511,1
41,300,692520,1
42,300,955587,1
43,300,798011,1
44,300,922559,0.99
45,300,850547,0.99
46,300,889533,1
47,300,1014406,0.99
48,300,878232,1
49,300,987608,0.99
50,300,713213,1
51,300,823118,0.99
52,300,1123876,0.91
53,300,816866,1
54,300,741347,1
55,300,851912,1
56,300,983543,0.98
57,300,817105,1
58,300,1072053,0.97
59,300,1134608,0.89
60,300,1098026,0.94
61,300,1139775,0.94
62,300,875560,1
63,300,848530,1
64,300,953176,0.98
65,300,1122022,0.98
66,300,934957,0.98
67,300,723466,1
68,300,1040643,0.99
69,300,1008821,1
70,300,1187816,0.84
71,300,1096306,0.96
72,300,761408,0.99
73,300,1014846,0.98
74,300,870120,1
75,300,972468,0.99
76,300,1152911,0.79
77,300,889685,0.99
78,300,669997,1
79,300,809057,0.99
80,300,959804,0.98
81,300,1180295,0.84
82,300,1048034,0.99
83,300,1150072,0.8
84,300,944254,0.99
85,300,1087407,0.96
86,300,568657,1
87,300,1115961,0.87
88,300,1023829,0.98
89,300,1049141,0.92
90,300,841759,1
91,300,711877,1
92,300,976984,0.99
93,300,1057606,0.96
94,300,964004,1
95,300,870637,0.96
96,300,908040,0.99
97,300,742126,1
98,300,1085791,0.98
99,300,1012512,0.99
100,300,1132652,0.89
101,300,519051,1
102,300,978266,1
103,300,1123785,0.87
104,300,910381,0.82
105,300,997190,0.99
106,300,848256,1
107,300,1104505,0.88
108,300,913500,1
109,300,1165685,0.85
110,300,901745,1
111,300,634286,1
112,300,1029771,0.92
113,300,866260,1
114,300,918811,1
115,300,885009,1
116,300,938726,1
117,300,1181781,0.92
118,300,1074804,0.95
119,300,1071901,0.92
120,300,1097630,0.94
121,300,1072524,0.99
122,300,761073,1
123,300,1025591,0.96
124,300,753864,1
125,300,1088403,0.96
126,300,980047,0.99
127,300,1011334,0.96
128,300,1001602,1
129,300,1037433,0.93
130,300,780730,1
131,300,923395,1
132,300,1076895,0.95
133,300,816540,1
134,300,1034641,0.98
135,300,1210463,0.71
136,300,742340,1
137,300,1089102,0.95
138,300,974964,0.93
139,300,988097,1
140,300,610259,1
141,300,967047,0.99
142,300,755959,1
143,300,1068566,0.97
144,300,1038263,0.99
145,300,954984,1
146,300,1090982,0.95
147,300,1122666,0.91
148,300,1055107,0.99
149,300,635732,1
150,300,1019243,0.99
151,300,778524,0.96
152,300,1086205,0.99
153,300,1068039,0.93
154,300,704703,0.98
155,300,788981,0.99
156,300,1108535,0.94
157,300,942116,1
158,300,936855,0.96
159,300,964940,1
160,300,986376,0.98
161,300,1162953,0.88
162,300,1102111,0.94
163,300,663048,1
164,300,1122527,0.94
165,300,1117619,0.89
166,300,1093652,0.98
167,300,1155447,0.86
168,300,1085665,0.98
169,300,807528,1
170,300,967621,1
171,300,914122,1
172,300,919381,1
173,300,1119490,0.87
174,300,771603,1
175,300,934984,1
176,300,1002151,0.98
177,300,1089855,0.96
178,300,1059739,0.97
179,300,939930,1
180,300,942738,1
181,300,1119295,0.99
182,300,1036458,0.93
183,300,793740,1
184,300,1023291,0.98
185,300,1005691,0.93
186,300,1103119,0.98
187,300,963747,0.98
188,300,920139,0.99
189,300,902251,0.98
190,300,1029512,1
191,300,993121,0.96
192,300,1080817,0.96
193,300,898299,1
194,300,931651,0.99
195,300,1190768,0.93
196,300,1072294,0.96
197,300,928413,0.99
198,300,1085498,0.93
199,300,1219661,0.98
200,300,1103230,0.98
201,300,1090144,0.93
202,300,1136279,0.9
203,300,1017520,0.99
204,300,995957,0.99
205,300,951969,0.95
206,300,1067655,0.88
207,300,1054583,0.96
208,300,999198,0.99
209,300,560887,0.99
210,300,982230,0.91
211,300,1098982,0.97
212,300,1205281,0.85
213,300,936548,0.99
214,300,936477,0.97
215,300,927620,1
216,300,878581,0.99
217,300,814628,1
218,300,930882,0.99
219,300,1097368,0.9
220,300,959559,0.98
221,300,1064689,0.9
222,300,1106480,0.94
223,300,1143648,0.85
224,300,900944,1
225,300,1112799,0.91
226,300,1016853,0.99
227,300,1110592,0.94
228,300,1087491,0.93
229,300,991683,0.97
230,300,1042633,0.97
231,300,800775,1
232,300,1088083,0.93
233,300,1014224,0.99
234,300,1018407,1
235,300,1011722,0.95
236,300,1054130,0.93
237,300,910368,1
238,300,1010959,0.99
239,300,774888,1
240,300,947425,0.99
241,300,812242,1
242,300,612320,1
243,300,1043146,0.97
244,300,862265,1
245,300,847864,1
246,300,959565,0.96
247,300,890412,1
248,300,906171,1
249,300,552095,1
250,300,1118370,0.88
251,300,977529,1
252,300,945477,0.98
253,300,1099027,0.82
254,300,1110458,0.99
255,300,1166781,0.85
256,300,772971,1
257,300,943591,0.97
258,300,1071239,0.95
259,300,956355,0.99
260,300,1102363,0.91
261,300,1041939,0.94
262,300,1046944,0.98
263,300,651279,1
264,300,1200930,0.78
265,300,815681,0.99
266,300,820980,0.92
267,300,794842,1
268,300,790250,1
269,300,801233,1
270,300,701279,1
271,300,1127256,0.98
272,300,888145,1
273,300,939261,0.98
274,300,968803,0.98
275,300,998301,0.98
276,300,979290,0.99
277,300,964627,0.99
278,300,828238,1
279,300,1077155,0.91
280,300,1058332,0.99
281,300,1038743,0.96
282,300,855692,1
283,300,719444,1
284,300,880104,0.98
285,300,925358,1
286,300,1215047,0.89
287,300,1034560,0.93
288,300,1004870,0.94
289,300,909575,1
290,300,997396,0.99
291,300,781355,1
292,300,979260,1
293,300,594777,1
294,300,1013916,0.99
295,300,941314,0.99
296,300,796788,0.99
297,300,1164899,0.95
298,300,784447,1
299,300,923722,0.99
300,300,1012428,0.92
301,300,963068,0.97
302,300,1102566,0.95
303,300,1040187,0.99
304,300,1059108,0.99
305,300,1103858,0.96
306,300,1159471,0.98
307,300,912571,0.99
308,300,1046668,0.95
309,300,1019789,0.99
310,300,917028,0.99
311,300,997114,0.97
312,300,1067475,0.98
313,300,809852,1
314,300,1027499,0.98
315,300,1054419,0.99
316,300,1100313,0.94
317,300,948217,1
318,300,952828,0.96
319,300,1001293,0.98
320,300,1106613,0.94
321,300,1089175,0.91
322,300,1018544,0.97
323,300,1129147,0.92
324,300,1006510,0.99
325,300,1151031,0.89
326,300,937426,0.99
327,300,882567,0.99
328,300,927014,0.99
329,300,1061207,1
330,300,794539,1
331,300,806366,1
332,300,973615,0.98
333,300,1029954,0.97
334,300,1150890,0.84
335,300,1115545,0.95
336,300,857421,1
337,300,1021447,0.98
338,300,1005768,0.99
339,300,974900,0.99
340,300,750610,1
341,300,905296,1
342,300,1120302,0.93
343,300,1024601,0.99
344,300,991060,1
345,300,971949,1
346,300,1040671,0.97
347,300,818409,1
348,300,941833,1
349,300,943703,0.99
350,300,1008055,1
351,300,656746,1
352,300,1057738,0.97
353,300,975658,1
354,300,1088455,0.91
355,300,1078991,0.86
356,300,1124740,0.94
357,300,740820,1
358,300,569375,0.99
359,300,763246,1
360,300,896951,1
361,300,808957,1
362,300,992057,0.98
363,300,1032041,0.94
364,300,1114862,0.88
365,300,967805,1
366,300,1030165,1
367,300,1058480,1
368,300,997285,0.99
369,300,886396,1
370,300,1142165,0.83
371,300,940077,0.99
372,300,881202,1
373,300,1020190,1
374,300,1071932,0.9
375,300,959702,0.98
376,300,1122872,0.94
377,300,865843,1
378,300,977594,0.98
379,300,1033275,0.99
380,300,958302,0.98
381,300,1069110,0.86
382,300,1094456,0.96
383,300,984617,1
384,300,926312,0.99
385,300,1008103,0.95
386,300,849064,1
387,300,859097,1
388,300,1094187,0.96
389,300,839690,0.99
390,300,1009371,0.99
391,300,895915,1
392,300,870419,1
393,300,958389,1
394,300,976115,1
395,300,1076706,0.98
396,300,1088798,0.99
397,300,1067187,0.97
398,300,724151,1
399,300,1123630,0.91
400,300,1062637,0.96
401,300,1005723,0.97
402,300,1113577,0.94
403,300,961927,0.98
404,300,981273,1
405,300,993871,0.99
406,300,1046381,0.98
407,300,1089802,0.91
408,300,732644,1
409,300,727277,1
410,300,1077738,0.94
411,300,1131881,0.95
412,300,1088015,0.95
413,300,1038326,0.98
414,300,782307,1
415,300,1030430,0.98
416,300,850934,1
417,300,856554,1
418,300,887480,1
419,300,872953,1
420,300,939228,0.99
421,300,1064676,0.99
422,300,749426,1
423,300,502769,1
424,300,1074296,0.87
425,300,631178,1
426,300,1084637,0.98
427,300,1011652,1
428,300,1028922,0.98
429,300,944104,1
430,300,582719,1
431,300,875190,1
432,300,1128366,0.95
433,300,784234,1
434,300,581860,1
435,300,1079341,0.97
436,300,663019,1
437,300,994125,1
438,300,1044055,0.95
439,300,915551,1
440,300,1135064,0.89
441,300,813856,1
442,300,868668,1
443,300,1093901,0.98
444,300,963356,0.96
445,300,856650,0.95
446,300,952032,0.98
447,300,826706,1
448,300,1067037,0.99
449,300,732947,1
450,300,1043641,0.96
451,300,1191660,0.85
452,300,1060677,0.98
453,300,879167,0.99
454,300,1074768,0.95
455,300,1006401,0.98
456,300,956295,1
457,300,1113950,0.96
458,300,760586,1
459,300,974147,1
460,300,1070688,0.97
461,300,999258,0.99
462,300,931857,1
463,300,1050812,0.97
464,300,564487,1
465,300,1109603,0.85
466,300,1073387,0.87
467,300,835195,0.99
468,300,906446,1
469,300,1070295,0.98
470,300,957874,1
471,300,1068146,0.89
472,300,1114892,0.95
473,300,942752,0.97
474,300,1103126,0.95
475,300,1159859,0.98
476,300,1145528,0.95
477,300,1082170,0.92
478,300,1041448,1
479,300,1091662,0.92
480,300,830696,1
481,300,971634,1
482,300,851210,1
483,300,968014,1
484,300,513981,1
485,300,1105143,0.99
486,300,1001435,0.99
487,300,978037,0.99
488,300,824402,1
489,300,1036683,0.99
490,300,1153679,0.85
491,300,1049238,0.99
492,300,790308,1
493,300,629706,1
494,300,968629,0.97
495,300,916888,1
496,300,1069510,0.97
497,300,912121,1
498,300,1012520,0.98
499,300,922449,1
500,300,927605,0.98
501,300,1194811,0.92
502,300,901676,1
503,300,1117212,0.97
504,300,843310,1
505,300,830710,0.99
506,300,1112620,0.88
507,300,866414,0.98
508,300,1064676,0.94
509,300,911479,1
510,300,887518,1
511,300,1087750,0.89
512,300,1014690,0.97
513,300,1079551,0.98
514,300,1195460,0.89
515,300,984998,0.98
516,300,813326,1
517,300,1101679,0.92
518,300,1119791,0.97
519,300,1058910,0.98
520,300,701967,1
521,300,1025895,0.94
522,300,1023613,1
523,300,1051796,0.98
524,300,1078052,0.78
525,300,1110320,0.91
526,300,821466,1
527,300,1017643,1
528,300,1003948,0.96
529,300,975017,0.99
530,300,1006829,0.99
531,300,945477,1
532,300,1114510,0.97
533,300,933652,0.98
534,300,727053,1
535,300,720320,1
536,300,741131,1
537,300,1091917,0.95
538,300,1053840,0.96
539,300,1007062,0.98
540,300,995998,0.97
541,300,1102752,0.98
542,300,1056983,0.96
543,300,826780,1
544,300,974292,0.99
545,300,833559,1
546,300,1053053,0.98
547,300,925077,1
548,300,823955,1
549,300,995398,1
550,300,1034068,0.98
551,300,907912,0.97
552,300,1164408,0.93
553,300,1120087,0.97
554,300,788528,0.99
555,300,1074719,0.99
556,300,1090073,0.98
557,300,962512,0.97
558,300,1133607,0.95
559,300,920748,0.99
560,300,1052877,0.99
561,300,1068272,0.96
562,300,972125,0.99
563,300,1081264,0.95
564,300,757587,1
565,300,1127773,0.96
566,300,991554,0.99
567,300,992700,1
568,300,1026924,0.96
569,300,866959,1
570,300,1210652,0.95
571,300,1114329,0.97
572,300,899810,1
573,300,1130686,0.96
574,300,1037611,0.92
575,300,1018616,0.93
576,300,1029676,0.99
577,300,944091,1
578,300,1033762,0.97
579,300,1026875,0.98
580,300,1069037,0.99
581,300,1028849,0.98
582,300,1091400,0.93
583,300,1020942,0.99
584,300,859057,1
585,300,1075124,0.98
586,300,1093009,0.94
587,300,970195,0.99
588,300,884249,0.99
589,300,956387,0.96
590,300,1059420,1
591,300,1081477,0.97
592,300,1065631,0.97
593,300,870460,1
594,300,862626,1
595,300,630159,1
596,300,927348,0.99
597,300,1123057,0.91
598,300,1045473,0.96
599,300,831287,1
600,300,1078847,0.99
601,300,645924,1
602,300,918563,1
603,300,993016,0.97
604,300,972857,0.96
605,300,965178,1
606,300,1073611,0.9
607,300,656465,0.99
608,300,1068549,0.94
609,300,1029099,0.96
610,300,1139404,0.81
611,300,929319,1
612,300,1097889,0.94
613,300,1114859,0.94
614,300,1119956,0.93
615,300,1018687,0.98
616,300,1170545,0.89
617,300,848467,1
618,300,1115709,0.95
619,300,938166,0.96
620,300,974100,1
621,300,700859,1
622,300,1083073,0.95
623,300,1157902,0.96
624,300,893779,1
625,300,1130942,0.9
626,300,999290,1
627,300,759088,0.99
628,300,1001925,0.99
629,300,846176,1
630,300,1116717,0.86
631,300,1002431,0.9
632,300,1010233,0.99
633,300,1094742,0.84
634,300,856620,1
635,300,1028995,1
636,300,933393,1
637,300,900973,0.94
638,300,1045170,0.94
639,300,1076656,0.96
640,300,743943,1
641,300,1105429,0.98
642,300,1191119,0.84
643,300,1073532,0.98
644,300,912410,0.98
645,300,843938,1
646,300,391813,1
647,300,1113442,0.96
648,300,683974,1
649,300,1044779,0.94
650,300,912665,1
651,300,1015669,0.98
652,300,930114,0.96
653,300,943336,1
654,300,1075526,0.93
655,300,1168652,0.67
656,300,1149693,0.9
657,300,1047800,0.95
658,300,1065540,0.95
659,300,961482,1
660,300,938549,0.92
661,300,1146911,0.78
662,300,927173,1
663,300,894291,1
664,300,1036007,0.91
665,300,617010,1
666,300,761437,1
667,300,962882,0.99
668,300,335838,1
669,300,1070936,0.96
670,300,1014844,0.96
671,300,853317,1
672,300,1071555,0.98
673,300,1016972,0.98
674,300,1008490,1
675,300,1070423,0.94
676,300,1059316,0.99
677,300,1078833,0.86
678,300,692110,1
679,300,906755,0.89
680,300,884591,1
681,300,1037649,0.98
682,300,937817,0.9
683,300,964391,0.99
684,300,946247,0.98
685,300,946392,1
686,300,810546,0.9
687,300,1002710,0.99
688,300,981514,1
689,300,751665,0.99
690,300,1128645,0.87
691,300,1042044,0.98
692,300,1077604,0.97
693,300,720212,1
694,300,944849,0.96
695,300,845238,0.97
696,300,1169795,0.78
697,300,728549,1
698,300,1044032,0.94
699,300,1036814,0.99
700,300,975113,0.99
701,300,1093275,0.99
702,300,1192080,0.69
703,300,717161,1
704,300,1019067,0.99
705,300,1078230,0.88
706,300,1021947,0.98
707,300,838487,0.99
708,300,930542,0.97
709,300,736633,1
710,300,1087469,0.99
711,300,992434,1
712,300,888806,0.98
713,300,447708,1
714,300,1102482,0.89
715,300,934721,1
716,300,858151,1
717,300,1117504,0.96
718,300,1103697,0.92
719,300,1047586,0.89
720,300,1005551,0.93
721,300,1066962,0.99
722,300,1134321,0.93
723,300,1020952,0.99
724,300,895941,1
725,300,1097931,0.95
726,300,1103063,0.91
727,300,1015332,1
728,300,930993,1
729,300,1081273,0.95
730,300,936666,1
731,300,1009306,0.99
732,300,1053273,0.96
733,300,1115915,0.85
734,300,676068,1
735,300,1029249,0.98
736,300,918394,0.98
737,300,1132963,0.96
738,300,740773,1
739,300,1121742,0.91
740,300,773882,1
741,300,945388,1
742,300,1057113,0.88
743,300,969948,1
744,300,860873,1
745,300,1095286,0.9
746,300,931699,1
747,300,926069,1
748,300,1108799,0.97
749,300,604445,1
750,300,658342,1
751,300,962010,1
752,300,509247,1
753,300,1086995,0.91
754,300,1090726,0.97
755,300,1136327,0.8
756,300,905054,0.99
757,300,999615,0.99
758,300,763949,1
759,300,1126003,0.86
760,300,961220,1
761,300,1094375,0.97
762,300,1059427,0.99
763,300,1055487,0.99
764,300,1068094,0.97
765,300,1084728,0.95
766,300,1034153,1
767,300,1068179,0.92
768,300,993248,0.97
769,300,1069479,0.98
770,300,868792,0.99
771,300,1123938,0.95
772,300,989977,0.91
773,300,976758,0.99
774,300,1160672,0.89
775,300,879918,1
776,300,956244,1
777,300,736134,1
778,300,979050,0.95
779,300,839008,1
780,300,1144055,0.86
781,300,1188777,0.91
782,300,1066443,0.98
783,300,912965,1
784,300,772038,1
785,300,793786,1
786,300,892456,0.99
787,300,993475,0.97
788,300,826852,0.99
789,300,1093656,0.92
790,300,972291,0.98
791,300,789509,0.97
792,300,1033664,0.95
793,300,1092208,0.95
794,300,1108411,0.98
795,300,977364,1
796,300,1095333,0.94
797,300,1081105,0.96
798,300,1058048,0.97
799,300,1059862,0.95
800,300,1020726,0.96
801,300,1027187,0.99
802,300,835472,1
803,300,985245,0.99
804,300,783084,0.99
805,300,980715,1
806,300,1103522,0.87
807,300,826022,0.97
808,300,883065,0.98
809,300,873276,0.99
810,300,1119952,0.9
811,300,1113073,0.9
812,300,907923,1
813,300,1002437,1
814,300,1066764,0.95
815,300,768824,1
816,300,921454,1
817,300,919068,0.98
818,300,1130563,0.91
819,300,1092617,0.96
820,300,975250,0.99
821,300,1116848,0.91
822,300,995364,0.98
823,300,812139,1
824,300,1059016,0.94
825,300,1170192,0.92
826,300,899238,1
827,300,997740,0.97
828,300,977300,1
829,300,1051111,0.95
830,300,927988,1
831,300,1126805,0.88
832,300,1024528,0.98
833,300,1016440,0.97
834,300,1092893,0.93
835,300,846251,0.99
836,300,1025323,0.98
837,300,875118,1
838,300,1079584,0.94
839,300,720523,0.99
840,300,773102,1
841,300,1003883,0.98
842,300,995927,0.97
843,300,1092395,0.91
844,300,1010282,0.97
845,300,801299,1
846,300,495127,1
847,300,1143691,0.92
848,300,1020679,1
849,300,588606,1
850,300,428455,1
851,300,1060360,0.96
852,300,976955,0.98
853,300,976000,0.99
854,300,878634,1
855,300,1122301,0.86
856,300,1105018,0.98
857,300,1120460,0.98
858,300,919892,0.99
859,300,1140821,0.88
860,300,1097720,0.89
861,300,1076091,0.83
862,300,1043205,1
863,300,960723,1
864,300,1017103,0.95
865,300,905409,1
866,300,1103319,0.91
867,300,1034184,0.97
868,300,991969,0.98
869,300,981150,1
870,300,818305,1
871,300,1011195,0.98
872,300,1034201,0.99
873,300,746758,1
874,300,1108840,0.97
875,300,903463,0.99
876,300,971628,0.99
877,300,971962,1
878,300,832444,1
879,300,798204,1
880,300,1041405,0.94
881,300,839211,1
882,300,945588,0.99
883,300,860645,0.99
884,300,725116,1
885,300,1001693,1
886,300,935395,1
887,300,1002334,0.95
888,300,1041788,0.97
889,300,1095161,0.94
890,300,793012,1
891,300,1136927,0.88
892,300,1027287,0.99
893,300,757644,1
894,300,868143,1
895,300,939438,1
896,300,821010,1
897,300,1128109,0.91
898,300,1004643,0.95
899,300,860517,1
900,300,997002,0.98
901,300,1130907,0.97
902,300,856548,0.99
903,300,1015620,1
904,300,968666,0.99
905,300,960653,0.97
906,300,1115754,0.87
907,300,879189,1
908,300,894049,0.99
909,300,1046859,1
910,300,1067388,0.75
911,300,1188822,0.68
912,300,1047789,0.98
913,300,969211,0.99
914,300,883023,1
915,300,925800,0.99
916,300,877294,1
917,300,1141108,0.86
918,300,1074116,0.88
919,300,1099163,0.96
920,300,1024620,0.98
921,300,1081989,0.97
922,300,784807,1
923,300,922722,0.99
924,300,1044322,0.98
925,300,618782,1
926,300,1038099,0.97
927,300,1179373,0.85
928,300,876194,1
929,300,957553,1
930,300,1024793,0.93
931,300,923377,0.99
932,300,1024037,0.94
933,300,1090868,0.99
934,300,1106195,0.97
935,300,1096659,0.95
936,300,836667,1
937,300,1077216,0.96
938,300,998220,1
939,300,1116247,0.96
940,300,1122575,0.98
941,300,979864,0.99
942,300,1144198,0.95
943,300,809050,1
944,300,1052967,1
945,300,1098049,0.83
946,300,887830,1
947,300,992071,1
948,300,1103119,0.94
949,300,1013047,0.97
950,300,773097,1
951,300,1118305,0.96
952,300,1019805,1
953,300,936003,1
954,300,1002518,0.98
955,300,860315,1
956,300,975887,1
957,300,932776,1
958,300,1069253,0.97
959,300,1108160,0.94
960,300,1065540,0.94
961,300,1079943,0.95
962,300,1088066,0.97
963,300,1071967,0.95
964,300,1097444,0.94
965,300,890326,1
966,300,1016668,0.96
967,300,1004671,0.97
968,300,964473,0.95
969,300,1118094,0.98
970,300,1132744,0.96
971,300,1034997,0.95
972,300,831389,0.99
973,300,951994,1
974,300,1044029,0.95
975,300,1044359,0.97
976,300,778836,1
977,300,1009108,1
978,300,1143047,0.92
979,300,997110,0.97
980,300,1081137,0.88
981,300,1115915,0.94
982,300,682985,1
983,300,948797,1
984,300,639197,1
985,300,1091713,0.99
986,300,1122260,0.91
987,300,900478,0.99
988,300,963866,0.99
989,300,919650,0.98
990,300,1122507,0.95
991,300,1035592,0.92
992,300,1029073,1
993,300,1060070,0.98
994,300,1031369,0.99
995,300,1122214,0.9
996,300,1081374,0.94
997,300,1112894,0.92
998,300,1069296,0.98
999,300,1111787,0.93
0,400,1426927,0.94
1,400,1171658,1
2,400,1251406,0.97
3,400,785667,1
4,400,1529931,0.84
5,400,1008440,1
6,400,993793,1
7,400,1346236,0.99
8,400,1145390,1
9,400,1199343,1
10,400,1541939,0.93
11,400,1212668,1
12,400,1326074,0.99
13,400,1379808,0.97
14,400,1024771,1
15,400,1314085,0.95
16,400,1363484,1
17,400,1124996,1
18,400,961011,1
19,400,1333376,0.99
20,400,1390055,0.98
21,400,1334734,0.99
22,400,1424313,1
23,400,1468073,0.92
24,400,1376395,0.99
25,400,1313718,0.99
26,400,1274644,1
27,400,1383653,1
28,400,1302170,1
29,400,1261285,0.99
30,400,1482756,0.95
31,400,1285531,0.97
32,400,1286949,0.99
33,400,1538960,0.93
34,400,1411477,0.96
35,400,1430716,0.94
36,400,1313478,0.99
37,400,1121217,1
38,400,1262150,1
39,400,1277504,0.99
40,400,1013575,1
41,400,907611,1
42,400,1242963,1
43,400,1048497,1
44,400,1182958,0.99
45,400,1108331,0.99
46,400,1175770,1
47,400,1342125,0.99
48,400,1153003,1
49,400,1277432,0.99
50,400,921545,1
51,400,1070611,1
52,400,1493565,0.92
53,400,1063520,1
54,400,974826,1
55,400,1094573,1
56,400,1270830,0.99
57,400,1058031,1
58,400,1385267,0.98
59,400,1483567,0.9
60,400,1427122,0.97
61,400,1490332,0.94
62,400,1138761,1
63,400,1112124,1
64,400,1254876,0.98
65,400,1435562,0.98
66,400,1238634,0.99
67,400,941216,1
68,400,1376535,1
69,400,1303527,1
70,400,1542255,0.89
71,400,1435746,0.99
72,400,978792,1
73,400,1316203,0.99
74,400,1134231,1
75,400,1254461,0.99
76,400,1533685,0.86
77,400,1149422,0.99
78,400,844030,1
79,400,1050165,1
80,400,1262751,0.98
81,400,1528633,0.86
82,400,1361262,0.99
83,400,1522940,0.87
84,400,1255654,0.99
85,400,1409253,0.98
86,400,728961,1
87,400,1456426,0.93
88,400,1339448,0.98
89,400,1380219,0.95
90,400,1083156,1
91,400,913155,1
92,400,1268234,0.99
93,400,1388747,0.96
94,400,1242018,1
95,400,1116630,0.98
96,400,1184307,1
97,400,964390,1
98,400,1423051,0.99
99,400,1327770,0.99
100,400,1487519,0.92
101,400,663161,1
102,400,1293171,1
103,400,1471901,0.89
104,400,1183492,0.89
105,400,1298557,1
106,400,1110976,1
107,400,1437733,0.95
108,400,1202297,1
109,400,1532032,0.93
110,400,1199455,1
111,400,820142,1
112,400,1352893,0.93
113,400,1134820,1
114,400,1177985,1
115,400,1152040,1
116,400,1227430,1
117,400,1553541,0.95
118,400,1403717,0.97
119,400,1400624,0.94
120,400,1441047,0.97
121,400,1413588,1
122,400,964397,1
123,400,1346702,0.98
124,400,966187,1
125,400,1425546,0.98
126,400,1281341,0.99
127,400,1336293,0.99
128,400,1319764,1
129,400,1344938,0.99
130,400,999411,1
131,400,1189627,1
132,400,1393709,0.97
133,400,1047212,1
134,400,1359858,0.99
135,400,1555482,0.79
136,400,955828,1
137,400,1430933,0.97
138,400,1272597,0.97
139,400,1297508,1
140,400,802577,1
141,400,1251284,1
142,400,970607,1
143,400,1388702,0.99
144,400,1346407,0.99
145,400,1252167,1
146,400,1417342,0.96
147,400,1460969,0.93
148,400,1377363,0.99
149,400,834314,1
150,400,1329460,0.99
151,400,991173,0.98
152,400,1405222,1
153,400,1424046,0.98
154,400,917380,0.98
155,400,1025678,1
156,400,1444905,0.97
157,400,1235133,1
158,400,1223844,0.98
159,400,1238488,1
160,400,1292694,0.98
161,400,1516065,0.93
162,400,1448774,0.97
163,400,873563,1
164,400,1442880,0.96
165,400,1460659,0.93
166,400,1453773,1
167,400,1513249,0.92
168,400,1420900,0.99
169,400,1058742,1
170,400,1266541,1
171,400,1180976,1
172,400,1195028,1
173,400,1464386,0.91
174,400,1001866,1
175,400,1229843,1
176,400,1301778,0.98
177,400,1411255,0.98
178,400,1400271,0.98
179,400,1245291,1
180,400,1230259,1
181,400,1476519,0.99
182,400,1358685,0.95
183,400,1026530,1
184,400,1333761,1
185,400,1321484,0.96
186,400,1433922,0.98
187,400,1266628,1
188,400,1197514,0.99
189,400,1178882,0.99
190,400,1348031,1
191,400,1289025,0.97
192,400,1422684,0.97
193,400,1195060,1
194,400,1220482,1
195,400,1551914,0.93
196,400,1391285,0.98
197,400,1217123,0.99
198,400,1410175,0.96
199,400,1544803,1
200,400,1439296,0.98
201,400,1426532,0.95
202,400,1496037,0.92
203,400,1325321,0.99
204,400,1294566,1
205,400,1234593,0.97
206,400,1433572,0.93
207,400,1374879,0.98
208,400,1321260,0.99
209,400,702109,0.99
210,400,1296048,0.94
211,400,1430975,0.99
212,400,1583032,0.9
213,400,1219204,0.99
214,400,1227370,0.97
215,400,1204723,1
216,400,1131899,1
217,400,1065395,1
218,400,1190007,0.99
219,400,1432136,0.98
220,400,1235379,0.98
221,400,1414753,0.94
222,400,1471682,0.97
223,400,1480395,0.89
224,400,1181775,1
225,400,1444660,0.96
226,400,1332115,0.99
227,400,1456453,0.97
228,400,1424351,0.95
229,400,1293123,0.98
230,400,1355461,1
231,400,1026286,1
232,400,1422345,0.94
233,400,1329342,0.99
234,400,1330161,1
235,400,1322030,0.98
236,400,1373639,0.95
237,400,1195037,1
238,400,1323273,0.99
239,400,1008121,1
240,400,1242379,1
241,400,1042604,0.99
242,400,797763,1
243,400,1366422,0.97
244,400,1120827,1
245,400,1090771,1
246,400,1252962,0.98
247,400,1169208,1
248,400,1171610,1
249,400,720560,1
250,400,1476808,0.93
251,400,1271162,1
252,400,1218285,0.98
253,400,1442478,0.86
254,400,1445502,1
255,400,1541559,0.89
256,400,986502,1
257,400,1240120,0.99
258,400,1405979,0.97
259,400,1253961,0.99
260,400,1423403,0.93
261,400,1371253,0.96
262,400,1381904,0.98
263,400,834779,1
264,400,1580168,0.82
265,400,1058267,0.99
266,400,1029809,0.92
267,400,1041398,1
268,400,1049529,1
269,400,1034798,1
270,400,905481,1
271,400,1467118,1
272,400,1159775,1
273,400,1217505,0.98
274,400,1249125,0.98
275,400,1331719,1
276,400,1277507,1
277,400,1236508,1
278,400,1102169,1
279,400,1384114,0.96
280,400,1388337,0.99
281,400,1345989,1
282,400,1114781,1
283,400,938234,1
284,400,1163438,0.98
285,400,1211844,1
286,400,1598102,0.94
287,400,1350160,0.97
288,400,1330383,0.96
289,400,1198708,1
290,400,1305436,0.99
291,400,1041852,1
292,400,1266040,1
293,400,778586,1
294,400,1341602,0.99
295,400,1237656,1
296,400,1033749,0.99
297,400,1517437,0.95
298,400,1023893,1
299,400,1205952,0.99
300,400,1330615,0.96
301,400,1254759,0.99
302,400,1431733,0.99
303,400,1359949,1
304,400,1376376,1
305,400,1441734,0.97
306,400,1481237,0.99
307,400,1183074,0.99
308,400,1363739,0.98
309,400,1361182,1
310,400,1203228,0.99
311,400,1293499,0.99
312,400,1400869,0.98
313,400,1046072,1
314,400,1331590,1
315,400,1374358,1
316,400,1447848,0.96
317,400,1239477,1
318,400,1225529,0.97
319,400,1310654,0.99
320,400,1442686,0.94
321,400,1422537,0.91
322,400,1320452,0.98
323,400,1464296,0.95
324,400,1312570,1
325,400,1493962,0.93
326,400,1218157,1
327,400,1146628,1
328,400,1213931,1
329,400,1367888,1
330,400,1044091,1
331,400,1066910,1
332,400,1266434,1
333,400,1348206,1
334,400,1496051,0.85
335,400,1448837,0.96
336,400,1137160,1
337,400,1344555,0.98
338,400,1303993,0.99
339,400,1262490,1
340,400,976416,1
341,400,1189878,1
342,400,1451694,0.95
343,400,1320486,0.99
344,400,1295036,1
345,400,1277326,1
346,400,1341556,1
347,400,1098238,1
348,400,1225028,1
349,400,1232260,0.99
350,400,1301508,1
351,400,855462,1
352,400,1366499,0.99
353,400,1286986,1
354,400,1407045,0.95
355,400,1418950,0.9
356,400,1466275,0.95
357,400,976967,1
358,400,718426,0.99
359,400,949505,1
360,400,1176024,1
361,400,1040009,1
362,400,1309004,0.98
363,400,1339153,0.99
364,400,1442097,0.93
365,400,1239522,1
366,400,1344798,1
367,400,1369475,1
368,400,1314467,0.99
369,400,1180189,1
370,400,1501468,0.86
371,400,1216975,0.99
372,400,1139156,1
373,400,1325230,1
374,400,1390097,0.96
375,400,1266814,0.99
376,400,1475919,0.96
377,400,1132871,1
378,400,1280286,0.98
379,400,1315531,0.99
380,400,1260239,1
381,400,1418028,0.89
382,400,1421617,0.97
383,400,1264436,1
384,400,1209607,0.99
385,400,1315095,0.95
386,400,1109000,1
387,400,1124522,1
388,400,1444871,0.98
389,400,1091839,1
390,400,1335253,1
391,400,1166095,1
392,400,1125545,1
393,400,1249882,1
394,400,1253399,1
395,400,1410508,0.98
396,400,1426005,1
397,400,1400172,0.98
398,400,939146,1
399,400,1474106,0.96
400,400,1389184,0.98
401,400,1311610,0.98
402,400,1459671,0.96
403,400,1244116,0.99
404,400,1292620,1
405,400,1308531,0.99
406,400,1357694,0.99
407,400,1432126,0.92
408,400,944055,1
409,400,958284,1
410,400,1421850,0.97
411,400,1483540,0.97
412,400,1413771,0.98
413,400,1354093,0.98
414,400,1002111,1
415,400,1353325,0.98
416,400,1116019,1
417,400,1113536,1
418,400,1165107,1
419,400,1155975,1
420,400,1220683,1
421,400,1390740,0.99
422,400,982811,1
423,400,656732,1
424,400,1409945,0.9
425,400,824075,1
426,400,1424934,0.98
427,400,1328050,1
428,400,1329429,0.98
429,400,1225233,1
430,400,744847,1
431,400,1145805,1
432,400,1467840,0.96
433,400,1034387,1
434,400,749596,1
435,400,1407751,0.99
436,400,850041,1
437,400,1296480,1
438,400,1354545,0.97
439,400,1212794,1
440,400,1492728,0.92
441,400,1052535,1
442,400,1116729,1
443,400,1446236,0.99
444,400,1269428,0.98
445,400,1107847,0.96
446,400,1254622,0.99
447,400,1083557,1
448,400,1388363,0.99
449,400,960365,1
450,400,1375615,0.97
451,400,1560778,0.9
452,400,1367301,1
453,400,1143297,0.99
454,400,1395739,0.95
455,400,1315866,0.98
456,400,1241625,1
457,400,1455321,1
458,400,990659,1
459,400,1282775,1
460,400,1385286,0.99
461,400,1316397,0.99
462,400,1197379,1
463,400,1367080,0.99
464,400,736908,1
465,400,1459016,0.88
466,400,1409013,0.89
467,400,1099813,1
468,400,1188344,1
469,400,1390838,0.98
470,400,1256581,1
471,400,1399799,0.93
472,400,1466325,0.96
473,400,1243153,0.98
474,400,1438241,0.96
475,400,1513746,0.98
476,400,1497577,0.98
477,400,1412304,0.98
478,400,1351561,1
479,400,1446078,0.95
480,400,1103354,1
481,400,1281669,1
482,400,1115705,1
483,400,1262050,1
484,400,649945,1
485,400,1450526,1
486,400,1298123,0.99
487,400,1281877,1
488,400,1051445,1
489,400,1340076,0.99
490,400,1506019,0.88
491,400,1380813,1
492,400,1023996,1
493,400,810256,1
494,400,1250291,0.97
495,400,1219211,1
496,400,1401382,1
497,400,1188202,1
498,400,1331120,1
499,400,1203871,1
500,400,1193778,0.99
501,400,1511972,0.93
502,400,1159296,1
503,400,1469304,0.99
504,400,1106544,1
505,400,1081464,1
506,400,1455675,0.9
507,400,1093887,0.98
508,400,1377146,0.96
509,400,1199895,1
510,400,1156677,1
511,400,1417431,0.91
512,400,1324820,0.98
513,400,1411922,0.99
514,400,1551487,0.93
515,400,1279891,0.99
516,400,1032956,1
517,400,1464481,0.94
518,400,1443747,0.99
519,400,1385624,1
520,400,922949,1
521,400,1345388,0.97
522,400,1339496,1
523,400,1375007,0.99
524,400,1418929,0.87
525,400,1429136,0.96
526,400,1078496,1
527,400,1324953,1
528,400,1326204,0.97
529,400,1275913,0.99
530,400,1309993,1
531,400,1229180,1
532,400,1442774,0.99
533,400,1227476,0.99
534,400,931695,1
535,400,914881,1
536,400,998380,1
537,400,1434796,0.96
538,400,1374163,0.97
539,400,1325855,0.99
540,400,1292009,0.99
541,400,1463704,0.98
542,400,1378278,0.99
543,400,1079250,1
544,400,1278424,1
545,400,1095419,1
546,400,1367973,0.99
547,400,1185989,1
548,400,1080676,1
549,400,1313128,1
550,400,1368490,0.99
551,400,1180806,0.98
552,400,1518392,0.94
553,400,1465184,0.98
554,400,1032030,1
555,400,1399784,0.99
556,400,1434618,0.99
557,400,1287870,0.98
558,400,1484467,0.96
559,400,1175866,0.99
560,400,1386635,1
561,400,1401491,0.97
562,400,1273386,0.99
563,400,1426544,0.98
564,400,997847,1
565,400,1480370,0.98
566,400,1286500,0.99
567,400,1287869,1
568,400,1343044,0.97
569,400,1120845,1
570,400,1557778,0.97
571,400,1451118,0.99
572,400,1175409,1
573,400,1484550,0.96
574,400,1358928,0.94
575,400,1351083,0.97
576,400,1355718,0.99
577,400,1217458,1
578,400,1353181,0.98
579,400,1349250,0.99
580,400,1390079,0.99
581,400,1342133,1
582,400,1406585,0.94
583,400,1335354,1
584,400,1128786,1
585,400,1412802,0.98
586,400,1413314,0.95
587,400,1277641,1
588,400,1167781,0.99
589,400,1259690,0.98
590,400,1381452,1
591,400,1429786,0.99
592,400,1377884,0.98
593,400,1131238,1
594,400,1100150,1
595,400,797427,1
596,400,1213412,0.99
597,400,1497083,0.95
598,400,1343454,0.98
599,400,1080634,1
600,400,1416915,0.99
601,400,837526,1
602,400,1227981,1
603,400,1298959,0.98
604,400,1296877,0.97
605,400,1257483,1
606,400,1412267,0.93
607,400,817926,1
608,400,1400544,0.97
609,400,1346633,0.96
610,400,1496504,0.91
611,400,1218042,1
612,400,1447102,0.95
613,400,1454379,0.96
614,400,1449242,0.97
615,400,1334062,0.99
616,400,1522412,0.92
617,400,1101988,1
618,400,1452962,0.96
619,400,1224747,0.96
620,400,1293093,1
621,400,920573,1
622,400,1410300,0.96
623,400,1504673,0.97
624,400,1146601,1
625,400,1493373,0.95
626,400,1295626,1
627,400,981710,1
628,400,1316439,1
629,400,1109560,1
630,400,1495295,0.93
631,400,1324206,0.93
632,400,1331446,0.99
633,400,1444549,0.89
634,400,1118300,1
635,400,1335646,1
636,400,1207994,1
637,400,1151598,0.98
638,400,1374101,0.97
639,400,1393538,0.96
640,400,967128,1
641,400,1449790,0.99
642,400,1565595,0.86
643,400,1404094,1
644,400,1189172,0.99
645,400,1102350,1
646,400,500788,1
647,400,1424373,0.97
648,400,899223,1
649,400,1384216,0.99
650,400,1198438,1
651,400,1310527,1
652,400,1204597,0.98
653,400,1244647,1
654,400,1407688,0.96
655,400,1544502,0.73
656,400,1507016,0.93
657,400,1350401,0.97
658,400,1402444,0.99
659,400,1241280,1
660,400,1217794,0.94
661,400,1522774,0.88
662,400,1204516,1
663,400,1153333,1
664,400,1377603,0.95
665,400,811539,1
666,400,1007291,1
667,400,1248749,1
668,400,405516,1
669,400,1409050,0.99
670,400,1326799,0.97
671,400,1135437,1
672,400,1404108,0.99
673,400,1333383,0.99
674,400,1322844,1
675,400,1394784,0.97
676,400,1361716,0.99
677,400,1426960,0.89
678,400,912122,1
679,400,1163353,0.96
680,400,1138416,1
681,400,1348031,1
682,400,1197441,0.94
683,400,1263729,0.99
684,400,1238687,1
685,400,1241367,1
686,400,1053493,0.94
687,400,1297913,0.99
688,400,1284103,1
689,400,956829,0.99
690,400,1482127,0.91
691,400,1372771,0.98
692,400,1409310,0.99
693,400,926600,1
694,400,1232599,0.98
695,400,1072561,0.99
696,400,1531965,0.84
697,400,932543,1
698,400,1363967,0.96
699,400,1363267,1
700,400,1274746,0.99
701,400,1422402,1
702,400,1569366,0.75
703,400,934513,1
704,400,1340608,0.99
705,400,1411547,0.91
706,400,1343813,1
707,400,1085035,1
708,400,1203465,1
709,400,959530,1
710,400,1401922,1
711,400,1296122,1
712,400,1143482,0.99
713,400,577130,1
714,400,1438635,0.92
715,400,1219182,1
716,400,1116614,1
717,400,1473151,0.99
718,400,1446767,0.96
719,400,1391023,0.94
720,400,1299263,0.98
721,400,1377408,1
722,400,1496014,0.95
723,400,1340057,1
724,400,1170033,1
725,400,1428266,0.96
726,400,1453497,0.96
727,400,1333418,1
728,400,1229600,1
729,400,1401894,0.99
730,400,1201450,1
731,400,1317972,1
732,400,1400444,0.98
733,400,1466573,0.89
734,400,881077,1
735,400,1330190,0.99
736,400,1183299,1
737,400,1474864,0.96
738,400,949267,1
739,400,1450172,0.97
740,400,1001542,1
741,400,1253470,1
742,400,1390724,0.94
743,400,1266277,1
744,400,1100194,1
745,400,1446856,0.93
746,400,1211643,1
747,400,1221023,1
748,400,1470419,0.99
749,400,773859,1
750,400,851580,1
751,400,1255347,1
752,400,649845,1
753,400,1405753,0.91
754,400,1403135,0.97
755,400,1499481,0.86
756,400,1192232,1
757,400,1303620,0.99
758,400,1000104,1
759,400,1477666,0.91
760,400,1264014,1
761,400,1436517,0.98
762,400,1401319,0.99
763,400,1373507,1
764,400,1394411,0.98
765,400,1420890,0.97
766,400,1339422,1
767,400,1395732,0.96
768,400,1301281,0.99
769,400,1393926,0.99
770,400,1125377,1
771,400,1471526,0.97
772,400,1328658,0.93
773,400,1286894,1
774,400,1496147,0.91
775,400,1159292,1
776,400,1256326,1
777,400,952365,1
778,400,1284267,0.96
779,400,1090602,1
780,400,1500783,0.89
781,400,1541112,0.94
782,400,1377736,0.98
783,400,1197908,1
784,400,980436,1
785,400,1021624,1
786,400,1146073,0.99
787,400,1314009,0.99
788,400,1080192,0.99
789,400,1435461,0.95
790,400,1281374,0.99
791,400,1012935,0.99
792,400,1332252,0.96
793,400,1424958,0.99
794,400,1446903,0.98
795,400,1271000,1
796,400,1437183,0.97
797,400,1417236,0.99
798,400,1376054,0.98
799,400,1391663,0.96
800,400,1334186,0.97
801,400,1332288,1
802,400,1061218,1
803,400,1291212,0.99
804,400,1040526,0.99
805,400,1280305,1
806,400,1445422,0.94
807,400,1039833,0.99
808,400,1137224,0.99
809,400,1142320,1
810,400,1464721,0.93
811,400,1445748,0.97
812,400,1173131,1
813,400,1321725,1
814,400,1384233,1
815,400,995225,1
816,400,1208134,1
817,400,1202667,0.99
818,400,1480032,0.95
819,400,1403183,0.99
820,400,1271433,1
821,400,1475096,0.94
822,400,1308783,0.99
823,400,1045079,1
824,400,1394762,0.96
825,400,1540191,0.96
826,400,1176509,1
827,400,1307159,1
828,400,1280677,1
829,400,1371583,0.96
830,400,1220726,1
831,400,1495529,0.94
832,400,1331892,1
833,400,1348522,0.98
834,400,1430004,0.99
835,400,1100223,1
836,400,1349420,1
837,400,1140465,1
838,400,1429384,0.94
839,400,898547,0.99
840,400,1006060,1
841,400,1331915,0.99
842,400,1307073,0.98
843,400,1433692,0.95
844,400,1318801,0.99
845,400,1047879,1
846,400,634957,1
847,400,1492288,0.95
848,400,1336683,1
849,400,777014,1
850,400,560329,1
851,400,1384004,0.97
852,400,1265857,0.99
853,400,1275978,1
854,400,1155584,1
855,400,1469607,0.9
856,400,1419938,0.99
857,400,1465881,0.98
858,400,1201982,0.99
859,400,1510660,0.93
860,400,1428854,0.93
861,400,1413635,0.9
862,400,1354178,1
863,400,1248389,1
864,400,1326105,0.96
865,400,1191620,1
866,400,1452837,0.93
867,400,1352021,0.98
868,400,1309563,0.99
869,400,1289593,1
870,400,1056549,1
871,400,1328077,0.99
872,400,1351989,0.99
873,400,983462,1
874,400,1447305,0.97
875,400,1161846,0.99
876,400,1267638,1
877,400,1289249,1
878,400,1091038,1
879,400,1048310,1
880,400,1350841,0.95
881,400,1079865,1
882,400,1227360,0.99
883,400,1118046,1
884,400,922370,1
885,400,1311380,1
886,400,1234028,1
887,400,1341963,0.98
888,400,1358546,0.99
889,400,1458061,0.98
890,400,1022690,1
891,400,1501438,0.94
892,400,1327219,1
893,400,974624,1
894,400,1152506,1
895,400,1233115,1
896,400,1049880,1
897,400,1454473,0.94
898,400,1307479,0.98
899,400,1126270,1
900,400,1311626,0.99
901,400,1473725,0.98
902,400,1112654,1
903,400,1332066,1
904,400,1246957,1
905,400,1238205,0.99
906,400,1455367,0.92
907,400,1141651,1
908,400,1165382,1
909,400,1367842,1
910,400,1413757,0.79
911,400,1577514,0.74
912,400,1365023,0.98
913,400,1276450,1
914,400,1141462,1
915,400,1191169,1
916,400,1149529,1
917,400,1491788,0.92
918,400,1426633,0.91
919,400,1439717,0.99
920,400,1334389,0.99
921,400,1411695,1
922,400,1007359,1
923,400,1191841,1
924,400,1361025,0.99
925,400,794844,1
926,400,1365940,0.99
927,400,1538376,0.89
928,400,1150024,1
929,400,1250117,1
930,400,1341278,0.95
931,400,1202845,0.99
932,400,1338412,0.95
933,400,1433655,1
934,400,1451607,0.99
935,400,1423872,0.97
936,400,1091707,1
937,400,1405063,0.98
938,400,1284353,1
939,400,1455500,0.97
940,400,1451776,0.99
941,400,1279580,1
942,400,1491484,0.98
943,400,1057154,1
944,400,1380351,1
945,400,1468607,0.88
946,400,1147456,1
947,400,1293324,1
948,400,1443327,0.98
949,400,1348594,0.98
950,400,1014337,1
951,400,1462669,0.98
952,400,1340004,1
953,400,1222899,1
954,400,1316394,0.99
955,400,1127875,1
956,400,1290216,1
957,400,1215758,1
958,400,1392023,1
959,400,1446425,0.97
960,400,1378931,0.98
961,400,1420143,0.95
962,400,1434690,0.99
963,400,1407446,0.98
964,400,1437926,0.95
965,400,1156977,1
966,400,1347993,0.99
967,400,1312218,0.97
968,400,1276910,0.97
969,400,1464688,0.99
970,400,1477708,0.98
971,400,1364475,0.97
972,400,1062606,0.99
973,400,1228932,1
974,400,1368142,1
975,400,1362026,0.97
976,400,1016337,1
977,400,1313010,1
978,400,1511402,0.94
979,400,1287788,0.98
980,400,1407279,0.9
981,400,1454170,0.96
982,400,868801,1
983,400,1265110,1
984,400,830656,1
985,400,1402188,0.99
986,400,1465884,0.95
987,400,1174518,0.99
988,400,1299382,1
989,400,1201721,0.99
990,400,1486079,0.97
991,400,1373496,0.93
992,400,1334638,1
993,400,1395736,0.99
994,400,1364301,1
995,400,1477600,0.93
996,400,1424387,0.95
997,400,1464117,0.97
998,400,1397557,0.99
999,400,1465847,0.96
0,500,1769469,0.95
1,500,1418053,1
2,500,1551116,0.97
3,500,974988,1
4,500,1910535,0.89
5,500,1251191,1
6,500,1191542,1
7,500,1671495,0.99
8,500,1411149,1
9,500,1471369,1
10,500,1913201,0.94
11,500,1477230,1
12,500,1630382,1
13,500,1706238,0.97
14,500,1262396,1
15,500,1629646,0.96
16,500,1698418,1
17,500,1403030,1
18,500,1191344,1
19,500,1641426,1
20,500,1698768,0.99
21,500,1627422,0.99
22,500,1778043,1
23,500,1815939,0.92
24,500,1692265,0.99
25,500,1635098,0.99
26,500,1575516,1
27,500,1716349,1
28,500,1620439,1
29,500,1532915,1
30,500,1838090,0.96
31,500,1575230,0.98
32,500,1574921,0.99
33,500,1910115,0.95
34,500,1751139,0.96
35,500,1768163,0.94
36,500,1626593,1
37,500,1407433,1
38,500,1540339,1
39,500,1576376,1
40,500,1228987,1
41,500,1119908,1
42,500,1514699,1
43,500,1297457,1
44,500,1447723,0.99
45,500,1360645,1
46,500,1437658,1
47,500,1655230,0.99
48,500,1433362,1
49,500,1589075,0.99
50,500,1120039,1
51,500,1311685,1
52,500,1830814,0.94
53,500,1296460,1
54,500,1216657,1
55,500,1337602,1
56,500,1554144,0.99
57,500,1307466,1
58,500,1697161,0.99
59,500,1840075,0.94
60,500,1759316,0.98
61,500,1826415,0.95
62,500,1407715,1
63,500,1357538,1
64,500,1556151,0.98
65,500,1764528,0.99
66,500,1533761,1
67,500,1168489,1
68,500,1687751,1
69,500,1618315,1
70,500,1907603,0.9
71,500,1794874,0.99
72,500,1201704,1
73,500,1617623,1
74,500,1388710,1
75,500,1542188,0.99
76,500,1893582,0.9
77,500,1414589,0.99
78,500,1013163,1
79,500,1284433,1
80,500,1566513,0.99
81,500,1909077,0.89
82,500,1674205,1
83,500,1788959,0.89
84,500,1553387,0.99
85,500,1741498,0.99
86,500,870124,1
87,500,1811727,0.95
88,500,1649252,0.98
89,500,1722374,0.99
90,500,1330616,1
91,500,1109129,1
92,500,1570042,1
93,500,1741418,0.98
94,500,1534604,1
95,500,1375257,0.98
96,500,1454372,1
97,500,1175112,1
98,500,1766522,0.99
99,500,1626681,0.99
100,500,1833463,0.93
101,500,794440,1
102,500,1617173,1
103,500,1817880,0.9
104,500,1411131,0.89
105,500,1598844,1
106,500,1365981,1
107,500,1775495,0.98
108,500,1487771,1
109,500,1885830,0.96
110,500,1517080,1
111,500,1011912,1
112,500,1641306,0.95
113,500,1402637,1
114,500,1450286,1
115,500,1433523,1
116,500,1515070,1
117,500,1893822,0.98
118,500,1738164,0.97
119,500,1727045,0.94
120,500,1782644,0.98
121,500,1745615,1
122,500,1192896,1
123,500,1673300,0.98
124,500,1174329,1
125,500,1757143,1
126,500,1614775,1
127,500,1648121,1
128,500,1625490,1
129,500,1667207,0.99
130,500,1221755,1
131,500,1441751,1
132,500,1725155,0.97
133,500,1285047,1
134,500,1675451,0.99
135,500,1913408,0.84
136,500,1187414,1
137,500,1751201,0.99
138,500,1571361,0.98
139,500,1608828,1
140,500,987334,1
141,500,1532909,1
142,500,1187308,1
143,500,1697121,0.99
144,500,1663078,0.99
145,500,1521790,1
146,500,1757687,0.97
147,500,1802195,0.96
148,500,1697741,1
149,500,1029427,1
150,500,1624769,0.99
151,500,1215718,0.98
152,500,1745277,1
153,500,1752404,0.99
154,500,1105486,0.98
155,500,1279668,1
156,500,1778737,0.98
157,500,1525291,1
158,500,1494911,0.99
159,500,1498391,1
160,500,1609471,1
161,500,1864606,0.96
162,500,1787499,1
163,500,1086496,1
164,500,1784226,0.98
165,500,1820052,0.94
166,500,1784116,1
167,500,1873280,0.93
168,500,1723384,1
169,500,1308722,1
170,500,1569681,1
171,500,1439368,1
172,500,1459935,1
173,500,1815793,0.94
174,500,1222295,1
175,500,1521950,1
176,500,1614463,0.99
177,500,1729385,0.99
178,500,1725706,1
179,500,1519792,1
180,500,1526926,1
181,500,1798534,0.99
182,500,1679086,0.98
183,500,1255939,1
184,500,1625523,1
185,500,1629704,0.97
186,500,1773554,0.99
187,500,1557456,1
188,500,1477591,0.99
189,500,1429692,0.99
190,500,1654229,1
191,500,1591899,0.97
192,500,1735671,0.98
193,500,1462708,1
194,500,1500428,1
195,500,1890357,0.95
196,500,1715084,0.98
197,500,1510223,0.99
198,500,1746123,0.99
199,500,1879988,1
200,500,1754862,0.99
201,500,1757174,0.98
202,500,1855117,0.95
203,500,1633515,1
204,500,1609673,1
205,500,1536152,0.99
206,500,1784675,0.95
207,500,1698130,0.98
208,500,1634139,0.99
209,500,838494,0.99
210,500,1593306,0.96
211,500,1764246,0.99
212,500,1959662,0.9
213,500,1498980,1
214,500,1511722,0.97
215,500,1477096,1
216,500,1394490,1
217,500,1312399,1
218,500,1453942,0.99
219,500,1778576,0.98
220,500,1522879,1
221,500,1746853,0.95
222,500,1814172,0.97
223,500,1835392,0.91
224,500,1463098,1
225,500,1776286,0.97
226,500,1633323,0.99
227,500,1792501,0.98
228,500,1754742,0.97
229,500,1594054,0.99
230,500,1668762,1
231,500,1253093,1
232,500,1743225,0.96
233,500,1656128,1
234,500,1636475,1
235,500,1627456,0.98
236,500,1696040,0.98
237,500,1472210,1
238,500,1620999,1
239,500,1265345,1
240,500,1535865,1
241,500,1269189,1
242,500,969011,1
243,500,1698355,0.97
244,500,1378229,1
245,500,1344681,1
246,500,1537376,0.99
247,500,1444172,1
248,500,1453504,1
249,500,861199,1
250,500,1812276,0.97
251,500,1579422,1
252,500,1512842,1
253,500,1792743,0.88
254,500,1780358,1
255,500,1902735,0.91
256,500,1213770,1
257,500,1541470,1
258,500,1737454,0.98
259,500,1537303,0.99
260,500,1725218,0.96
261,500,1694466,0.97
262,500,1700778,0.99
263,500,1011184,1
264,500,1979335,0.87
265,500,1306321,0.99
266,500,1228508,0.92
267,500,1275677,1
268,500,1304542,1
269,500,1269586,1
270,500,1109254,1
271,500,1800206,1
272,500,1423478,1
273,500,1506786,0.99
274,500,1534105,0.99
275,500,1624907,1
276,500,1584196,1
277,500,1531146,1
278,500,1350402,1
279,500,1745167,0.99
280,500,1721060,1
281,500,1652310,1
282,500,1362796,1
283,500,1162897,1
284,500,1457307,0.99
285,500,1496741,1
286,500,1963339,0.96
287,500,1678094,0.99
288,500,1643455,0.98
289,500,1490704,1
290,500,1598091,1
291,500,1302003,1
292,500,1572399,1
293,500,953982,1
294,500,1670925,1
295,500,1545508,1
296,500,1256507,0.99
297,500,1871019,0.97
298,500,1271194,1
299,500,1458798,0.99
300,500,1646312,0.97
301,500,1553527,0.99
302,500,1764876,0.99
303,500,1668843,1
304,500,1701860,1
305,500,1777907,0.98
306,500,1789286,0.99
307,500,1456995,0.99
308,500,1694264,0.99
309,500,1679459,1
310,500,1461817,1
311,500,1591792,0.99
312,500,1711134,0.99
313,500,1277296,1
314,500,1651972,1
315,500,1689751,1
316,500,1783541,0.99
317,500,1523628,1
318,500,1510105,0.98
319,500,1611401,1
320,500,1780351,0.96
321,500,1775594,0.93
322,500,1608664,0.98
323,500,1784289,0.96
324,500,1601717,1
325,500,1855512,0.94
326,500,1502410,1
327,500,1411415,1
328,500,1480764,1
329,500,1686838,1
330,500,1272755,1
331,500,1332033,1
332,500,1553677,1
333,500,1668425,1
334,500,1830808,0.89
335,500,1793483,0.96
336,500,1412321,1
337,500,1647786,0.98
338,500,1596255,0.99
339,500,1543356,1
340,500,1188632,1
341,500,1446686,1
342,500,1802078,0.96
343,500,1611009,1
344,500,1609030,1
345,500,1569613,1
346,500,1665001,1
347,500,1377291,1
348,500,1484768,1
349,500,1511319,0.99
350,500,1609547,1
351,500,1048549,1
352,500,1673444,1
353,500,1562518,1
354,500,1744456,0.97
355,500,1741945,0.95
356,500,1828502,0.95
357,500,1217251,1
358,500,850693,0.99
359,500,1134295,1
360,500,1444459,1
361,500,1271778,1
362,500,1621149,0.99
363,500,1665241,0.99
364,500,1784155,0.96
365,500,1530832,1
366,500,1643648,1
367,500,1692709,1
368,500,1614766,0.99
369,500,1443194,1
370,500,1869934,0.91
371,500,1489631,0.99
372,500,1407805,1
373,500,1642869,1
374,500,1710115,0.98
375,500,1578473,0.99
376,500,1802144,0.97
377,500,1394583,1
378,500,1577653,1
379,500,1612089,1
380,500,1565588,1
381,500,1752654,0.91
382,500,1774985,0.99
383,500,1557933,1
384,500,1468878,0.99
385,500,1624408,0.98
386,500,1364326,1
387,500,1367658,1
388,500,1804747,0.98
389,500,1326981,1
390,500,1639460,1
391,500,1438425,1
392,500,1379307,1
393,500,1536426,1
394,500,1543325,1
395,500,1740228,1
396,500,1770537,1
397,500,1722152,0.99
398,500,1166569,1
399,500,1817968,0.96
400,500,1712204,0.99
401,500,1617273,0.99
402,500,1793427,0.97
403,500,1520102,0.99
404,500,1612736,1
405,500,1616748,0.99
406,500,1663870,1
407,500,1783304,0.94
408,500,1160471,1
409,500,1177949,1
410,500,1758742,0.97
411,500,1829092,0.99
412,500,1715538,1
413,500,1651590,0.99
414,500,1240155,1
415,500,1684466,0.99
416,500,1373621,1
417,500,1369810,1
418,500,1434732,1
419,500,1430752,1
420,500,1505803,1
421,500,1704099,0.99
422,500,1210510,1
423,500,817530,1
424,500,1749796,0.95
425,500,986513,1
426,500,1743330,0.99
427,500,1638727,1
428,500,1636578,0.98
429,500,1505135,1
430,500,896903,1
431,500,1398786,1
432,500,1817696,0.97
433,500,1283692,1
434,500,909860,1
435,500,1725511,0.99
436,500,1021406,1
437,500,1598739,1
438,500,1655785,0.99
439,500,1490590,1
440,500,1863977,0.95
441,500,1286954,1
442,500,1373952,1
443,500,1791993,0.99
444,500,1575814,0.99
445,500,1313041,0.98
446,500,1530999,1
447,500,1327718,1
448,500,1723970,1
449,500,1177724,1
450,500,1698959,0.99
451,500,1915332,0.94
452,500,1691175,1
453,500,1396378,0.99
454,500,1720529,0.98
455,500,1618230,0.99
456,500,1541460,1
457,500,1802378,1
458,500,1203607,1
459,500,1598131,1
460,500,1712721,1
461,500,1625400,0.99
462,500,1488762,1
463,500,1692987,0.99
464,500,918669,1
465,500,1775783,0.88
466,500,1756590,0.91
467,500,1340717,1
468,500,1462450,1
469,500,1732726,0.98
470,500,1537491,1
471,500,1725820,0.95
472,500,1805316,0.97
473,500,1514502,0.99
474,500,1775009,0.99
475,500,1858933,0.99
476,500,1846688,1
477,500,1742927,0.98
478,500,1669014,1
479,500,1766137,0.96
480,500,1380921,1
481,500,1585361,1
482,500,1359305,1
483,500,1568985,1
484,500,796681,1
485,500,1774979,1
486,500,1600185,0.99
487,500,1591647,1
488,500,1296413,1
489,500,1635005,1
490,500,1859068,0.9
491,500,1710953,1
492,500,1250847,1
493,500,982109,1
494,500,1564583,0.98
495,500,1485761,1
496,500,1737358,1
497,500,1471170,1
498,500,1619590,1
499,500,1505341,1
500,500,1467968,0.99
501,500,1872279,0.95
502,500,1428540,1
503,500,1817960,0.99
504,500,1376649,1
505,500,1311551,1
506,500,1821862,0.95
507,500,1333919,0.99
508,500,1686012,0.99
509,500,1480219,1
510,500,1432458,1
511,500,1732296,0.91
512,500,1627150,0.99
513,500,1731899,0.99
514,500,1894046,0.94
515,500,1561596,0.99
516,500,1284250,1
517,500,1799562,0.97
518,500,1791654,0.99
519,500,1742348,1
520,500,1132112,1
521,500,1643412,0.98
522,500,1667376,1
523,500,1695960,1
524,500,1734631,0.9
525,500,1769823,0.99
526,500,1322237,1
527,500,1624440,1
528,500,1672328,0.98
529,500,1582201,1
530,500,1614925,1
531,500,1504249,1
532,500,1765142,0.99
533,500,1505568,1
534,500,1167206,1
535,500,1106659,1
536,500,1257162,1
537,500,1753657,0.97
538,500,1707990,0.97
539,500,1629051,0.99
540,500,1597419,1
541,500,1804956,0.98
542,500,1694302,1
543,500,1342775,1
544,500,1591168,1
545,500,1331218,1
546,500,1684232,0.99
547,500,1467648,1
548,500,1324993,1
549,500,1613544,1
550,500,1695601,0.99
551,500,1447914,0.99
552,500,1887940,0.97
553,500,1811686,0.99
554,500,1244042,1
555,500,1725717,0.99
556,500,1770334,1
557,500,1570904,0.98
558,500,1834256,0.98
559,500,1467730,1
560,500,1707223,1
561,500,1747529,0.97
562,500,1558807,1
563,500,1764200,0.98
564,500,1234853,1
565,500,1821838,0.98
566,500,1581239,1
567,500,1598762,1
568,500,1644513,0.99
569,500,1374368,1
570,500,1892289,0.98
571,500,1787277,0.99
572,500,1451446,1
573,500,1844385,0.99
574,500,1688569,0.99
575,500,1664572,0.98
576,500,1694234,1
577,500,1489396,1
578,500,1661901,0.99
579,500,1678048,1
580,500,1700703,0.99
581,500,1663229,1
582,500,1719413,0.97
583,500,1657098,1
584,500,1376765,1
585,500,1729537,0.99
586,500,1760031,0.96
587,500,1568013,1
588,500,1459140,1
589,500,1558380,0.99
590,500,1712061,1
591,500,1756224,0.99
592,500,1712517,0.99
593,500,1394196,1
594,500,1355789,1
595,500,956078,1
596,500,1519640,0.99
597,500,1850855,0.97
598,500,1667974,0.99
599,500,1321790,1
600,500,1757928,1
601,500,1037412,1
602,500,1495632,1
603,500,1586324,0.98
604,500,1625045,0.99
605,500,1519298,1
606,500,1749155,0.96
607,500,990148,1
608,500,1720062,0.98
609,500,1657679,0.96
610,500,1859742,0.92
611,500,1487569,1
612,500,1779529,0.96
613,500,1803750,0.98
614,500,1787283,0.99
615,500,1648229,0.99
616,500,1878511,0.95
617,500,1369461,1
618,500,1796752,0.98
619,500,1507259,0.98
620,500,1604950,1
621,500,1131148,1
622,500,1715595,0.99
623,500,1860180,0.98
624,500,1398221,1
625,500,1847037,0.96
626,500,1584258,1
627,500,1204614,1
628,500,1639246,1
629,500,1376623,1
630,500,1831861,0.96
631,500,1617660,0.93
632,500,1629727,1
633,500,1788797,0.92
634,500,1374603,1
635,500,1646115,1
636,500,1485030,1
637,500,1411920,0.98
638,500,1695722,0.98
639,500,1721011,0.98
640,500,1175911,1
641,500,1778338,1
642,500,1934730,0.9
643,500,1744896,1
644,500,1449644,1
645,500,1349219,1
646,500,611716,1
647,500,1752484,0.97
648,500,1088559,1
649,500,1675942,1
650,500,1492296,1
651,500,1627256,1
652,500,1492255,0.98
653,500,1535377,1
654,500,1730228,0.97
655,500,1913439,0.78
656,500,1847493,0.96
657,500,1680611,0.98
658,500,1727034,0.99
659,500,1536367,1
660,500,1491713,0.97
661,500,1874265,0.91
662,500,1475354,1
663,500,1427511,1
664,500,1712826,0.98
665,500,994356,1
666,500,1225281,0.99
667,500,1543470,1
668,500,483523,1
669,500,1740740,0.99
670,500,1653625,0.98
671,500,1377291,1
672,500,1716155,0.99
673,500,1652168,0.99
674,500,1613076,1
675,500,1734475,1
676,500,1679365,0.99
677,500,1774660,0.92
678,500,1129272,1
679,500,1394601,0.98
680,500,1390305,1
681,500,1666176,1
682,500,1439419,0.95
683,500,1543560,1
684,500,1532950,1
685,500,1530696,1
686,500,1270276,0.94
687,500,1590588,0.99
688,500,1586474,1
689,500,1172805,0.99
690,500,1828835,0.93
691,500,1686610,0.99
692,500,1724442,1
693,500,1136367,1
694,500,1486977,0.99
695,500,1296572,0.99
696,500,1899529,0.87
697,500,1138263,1
698,500,1689216,0.97
699,500,1691333,1
700,500,1583748,0.99
701,500,1766801,1
702,500,1913696,0.86
703,500,1155826,1
704,500,1655230,1
705,500,1727473,0.93
706,500,1649239,1
707,500,1322525,1
708,500,1488366,1
709,500,1188628,1
710,500,1720961,1
711,500,1603201,1
712,500,1389893,0.99
713,500,701945,1
714,500,1769448,0.95
715,500,1515136,1
716,500,1368157,1
717,500,1805611,1
718,500,1782489,0.97
719,500,1711720,0.94
720,500,1597652,1
721,500,1709264,1
722,500,1854351,0.97
723,500,1655984,1
724,500,1442228,1
725,500,1764703,0.97
726,500,1810708,0.98
727,500,1649297,1
728,500,1529706,1
729,500,1732140,1
730,500,1489689,1
731,500,1621901,1
732,500,1745975,0.98
733,500,1814544,0.92
734,500,1067921,1
735,500,1630951,0.99
736,500,1464940,1
737,500,1801450,0.99
738,500,1167231,1
739,500,1813313,0.98
740,500,1219179,1
741,500,1529983,1
742,500,1718603,0.94
743,500,1565881,1
744,500,1349976,1
745,500,1817709,0.96
746,500,1495193,1
747,500,1508231,1
748,500,1801772,0.99
749,500,954360,1
750,500,1062120,1
751,500,1517659,1
752,500,789477,1
753,500,1754418,0.93
754,500,1712113,0.97
755,500,1838116,0.89
756,500,1457283,1
757,500,1626436,0.99
758,500,1223262,1
759,500,1791941,0.94
760,500,1567359,1
761,500,1755560,0.98
762,500,1714273,1
763,500,1715179,1
764,500,1716220,0.99
765,500,1764065,0.98
766,500,1666397,1
767,500,1728890,0.96
768,500,1593799,1
769,500,1714412,0.99
770,500,1386461,1
771,500,1810500,1
772,500,1662284,0.97
773,500,1592178,1
774,500,1803603,0.92
775,500,1430055,1
776,500,1560466,1
777,500,1174970,1
778,500,1561699,0.98
779,500,1346076,1
780,500,1859806,0.91
781,500,1914528,0.96
782,500,1720687,0.99
783,500,1495611,1
784,500,1211348,1
785,500,1271685,1
786,500,1407360,0.99
787,500,1625331,1
788,500,1309498,0.99
789,500,1761111,0.95
790,500,1588226,0.99
791,500,1210410,0.99
792,500,1669910,0.98
793,500,1762711,0.99
794,500,1774415,0.99
795,500,1584677,1
796,500,1759991,0.97
797,500,1756932,0.99
798,500,1699527,0.98
799,500,1709346,0.98
800,500,1641066,1
801,500,1644005,1
802,500,1316885,1
803,500,1584558,1
804,500,1270375,0.99
805,500,1576776,1
806,500,1780403,0.95
807,500,1263942,1
808,500,1395381,0.99
809,500,1402295,1
810,500,1818193,0.97
811,500,1759385,0.97
812,500,1427415,1
813,500,1625007,1
814,500,1705440,1
815,500,1221484,1
816,500,1468391,1
817,500,1515599,1
818,500,1814029,0.96
819,500,1725645,0.99
820,500,1583992,1
821,500,1806087,0.97
822,500,1632338,1
823,500,1278010,1
824,500,1713562,0.96
825,500,1896671,0.98
826,500,1451982,1
827,500,1633050,1
828,500,1587452,1
829,500,1686273,0.98
830,500,1510924,1
831,500,1832887,0.98
832,500,1660244,1
833,500,1673184,0.99
834,500,1782345,1
835,500,1343205,1
836,500,1637559,1
837,500,1398966,1
838,500,1782806,0.96
839,500,1056082,0.99
840,500,1248563,1
841,500,1656577,0.99
842,500,1629580,0.99
843,500,1770476,0.96
844,500,1641701,0.99
845,500,1277675,1
846,500,767361,1
847,500,1845324,0.96
848,500,1651933,1
849,500,951658,1
850,500,708064,1
851,500,1690452,0.99
852,500,1536992,1
853,500,1552922,1
854,500,1430956,1
855,500,1804987,0.92
856,500,1757434,1
857,500,1813043,0.99
858,500,1480275,0.99
859,500,1883060,0.95
860,500,1777983,0.96
861,500,1762116,0.94
862,500,1660368,1
863,500,1548501,1
864,500,1624945,0.97
865,500,1462050,1
866,500,1805837,0.96
867,500,1667875,1
868,500,1603040,1
869,500,1596748,1
870,500,1297577,1
871,500,1655403,1
872,500,1670119,1
873,500,1215590,1
874,500,1791940,0.98
875,500,1438314,1
876,500,1571436,1
877,500,1581174,1
878,500,1338531,1
879,500,1287007,1
880,500,1680097,0.98
881,500,1328335,1
882,500,1536005,1
883,500,1360759,1
884,500,1096745,1
885,500,1620055,1
886,500,1526813,1
887,500,1651910,0.98
888,500,1648388,0.99
889,500,1823768,0.99
890,500,1247714,1
891,500,1859532,0.95
892,500,1615425,1
893,500,1197900,1
894,500,1441393,1
895,500,1537931,1
896,500,1289408,1
897,500,1785308,0.95
898,500,1609099,1
899,500,1399384,1
900,500,1619389,0.99
901,500,1821821,0.99
902,500,1369239,1
903,500,1639166,1
904,500,1524010,1
905,500,1521397,0.99
906,500,1793787,0.95
907,500,1429898,1
908,500,1428813,1
909,500,1695898,1
910,500,1765371,0.82
911,500,1973685,0.78
912,500,1680388,0.99
913,500,1568499,1
914,500,1387895,1
915,500,1459870,1
916,500,1400004,1
917,500,1851065,0.95
918,500,1771424,0.96
919,500,1759998,0.99
920,500,1639094,0.99
921,500,1728087,1
922,500,1236042,1
923,500,1459502,1
924,500,1697179,1
925,500,996291,1
926,500,1680141,0.99
927,500,1906077,0.91
928,500,1412458,1
929,500,1533974,1
930,500,1667666,0.98
931,500,1482473,1
932,500,1641975,0.98
933,500,1760352,1
934,500,1794297,0.99
935,500,1761923,0.97
936,500,1340802,1
937,500,1741940,0.98
938,500,1585127,1
939,500,1790754,0.98
940,500,1780512,0.99
941,500,1580608,1
942,500,1845040,0.99
943,500,1302847,1
944,500,1702220,1
945,500,1825227,0.9
946,500,1397806,1
947,500,1600933,1
948,500,1804032,0.99
949,500,1658919,0.99
950,500,1250500,1
951,500,1808783,0.99
952,500,1657765,1
953,500,1503002,1
954,500,1611592,1
955,500,1399619,1
956,500,1588001,1
957,500,1501844,1
958,500,1710748,1
959,500,1794348,0.99
960,500,1703829,0.98
961,500,1750543,0.97
962,500,1751664,0.99
963,500,1736005,0.98
964,500,1778201,0.95
965,500,1429339,1
966,500,1658917,0.99
967,500,1633863,0.99
968,500,1571629,0.97
969,500,1786725,0.99
970,500,1808016,0.98
971,500,1698915,0.98
972,500,1279429,0.99
973,500,1529416,1
974,500,1675596,1
975,500,1679868,0.97
976,500,1266497,1
977,500,1606257,1
978,500,1851056,0.98
979,500,1588276,0.98
980,500,1759994,0.93
981,500,1810714,0.97
982,500,1055953,1
983,500,1561369,1
984,500,1013799,1
985,500,1721683,0.99
986,500,1819091,0.97
987,500,1451763,1
988,500,1641895,1
989,500,1470368,1
990,500,1820209,0.98
991,500,1695667,0.95
992,500,1629702,1
993,500,1722110,0.99
994,500,1677057,1
995,500,1821556,0.96
996,500,1763087,0.97
997,500,1792174,0.99
998,500,1717417,0.99
999,500,1803420,0.97
0,600,2081881,0.96
1,600,1684714,1
2,600,1843936,0.98
3,600,1161069,1
4,600,2261114,0.91
5,600,1458142,1
6,600,1423877,1
7,600,1983947,0.99
8,600,1670542,1
9,600,1763311,1
10,600,2271708,0.96
11,600,1766527,1
12,600,1962731,1
13,600,2023818,0.98
14,600,1492370,1
15,600,1952016,0.97
16,600,2017986,1
17,600,1678102,1
18,600,1416695,1
19,600,1947026,1
20,600,2005031,0.99
21,600,1906748,0.99
22,600,2122861,1
23,600,2152645,0.94
24,600,2015075,0.99
25,600,1952260,1
26,600,1869478,1
27,600,2044191,1
28,600,1921562,1
29,600,1815196,1
30,600,2177722,0.97
31,600,1870963,0.98
32,600,1885489,0.99
33,600,2266097,0.97
34,600,2077385,0.98
35,600,2100026,0.96
36,600,1911727,1
37,600,1662819,1
38,600,1836688,1
39,600,1877720,1
40,600,1462787,1
41,600,1324770,1
42,600,1796462,1
43,600,1532631,1
44,600,1715364,1
45,600,1610957,1
46,600,1717564,1
47,600,1971028,0.99
48,600,1689245,1
49,600,1894153,1
50,600,1319557,1
51,600,1550700,1
52,600,2185302,0.95
53,600,1529716,1
54,600,1440775,1
55,600,1576536,1
56,600,1869732,0.99
57,600,1548601,1
58,600,2034344,0.99
59,600,2174982,0.97
60,600,2083995,1
61,600,2153962,0.97
62,600,1667568,1
63,600,1620069,1
64,600,1844210,0.99
65,600,2109158,0.99
66,600,1831063,1
67,600,1367955,1
68,600,2001724,1
69,600,1902680,1
70,600,2270167,0.91
71,600,2132396,0.99
72,600,1422252,1
73,600,1911051,1
74,600,1648369,1
75,600,1846135,0.99
76,600,2243388,0.93
77,600,1671074,1
78,600,1179674,1
79,600,1519116,1
80,600,1848496,0.99
81,600,2278208,0.92
82,600,1970957,1
83,600,2132466,0.91
84,600,1858087,0.99
85,600,2054471,0.99
86,600,1027260,1
87,600,2145542,0.95
88,600,1980861,0.98
89,600,2053771,0.99
90,600,1557248,1
91,600,1305624,1
92,600,1873354,1
93,600,2070634,0.99
94,600,1820340,1
95,600,1618656,0.99
96,600,1731511,1
97,600,1401761,1
98,600,2085015,0.99
99,600,1928842,0.99
100,600,2170313,0.95
101,600,921952,1
102,600,1925319,1
103,600,2146204,0.93
104,600,1660063,0.92
105,600,1910732,1
106,600,1612072,1
107,600,2109059,0.99
108,600,1763275,1
109,600,2242544,0.96
110,600,1842159,1
111,600,1195360,1
112,600,1950362,0.97
113,600,1657251,1
114,600,1711309,1
115,600,1715720,1
116,600,1790795,1
117,600,2261502,0.98
118,600,2072184,0.99
119,600,2059863,0.94
120,600,2115841,0.99
121,600,2084949,1
122,600,1435482,1
123,600,1979954,1
124,600,1375067,1
125,600,2069201,1
126,600,1920672,1
127,600,1976036,1
128,600,1927913,1
129,600,1985648,1
130,600,1438851,1
131,600,1714843,1
132,600,2038273,0.97
133,600,1544720,1
134,600,1993568,0.99
135,600,2297245,0.87
136,600,1406884,1
137,600,2087217,0.99
138,600,1877427,0.98
139,600,1908893,1
140,600,1172028,1
141,600,1827208,1
142,600,1381490,1
143,600,2018151,0.99
144,600,1981509,0.99
145,600,1829554,1
146,600,2109629,0.97
147,600,2144478,0.96
148,600,2012494,1
149,600,1224491,1
150,600,1934743,1
151,600,1445803,0.99
152,600,2038509,1
153,600,2089425,0.99
154,600,1289536,0.99
155,600,1516784,1
156,600,2130554,0.98
157,600,1819622,1
158,600,1771533,0.99
159,600,1781508,1
160,600,1911940,1
161,600,2210912,0.96
162,600,2104817,1
163,600,1299732,1
164,600,2114004,0.98
165,600,2170855,0.95
166,600,2118009,1
167,600,2222141,0.94
168,600,2041722,1
169,600,1539824,1
170,600,1862297,1
171,600,1705392,1
172,600,1729511,1
173,600,2170271,0.96
174,600,1449757,1
175,600,1818254,1
176,600,1914335,0.99
177,600,2032614,1
178,600,2052922,1
179,600,1809822,1
180,600,1836229,1
181,600,2142148,0.99
182,600,1989379,0.98
183,600,1481345,1
184,600,1944636,1
185,600,1916117,0.98
186,600,2115877,0.99
187,600,1833809,1
188,600,1773355,1
189,600,1703068,1
190,600,1950128,1
191,600,1889079,0.98
192,600,2059550,0.98
193,600,1747186,1
194,600,1792106,1
195,600,2236411,0.96
196,600,2031482,0.98
197,600,1792691,0.99
198,600,2077747,1
199,600,2212754,1
200,600,2083101,0.99
201,600,2080217,1
202,600,2194544,0.97
203,600,1947369,1
204,600,1900906,1
205,600,1824450,0.99
206,600,2126263,0.96
207,600,2024688,0.99
208,600,1942857,0.99
209,600,965660,1
210,600,1886321,0.98
211,600,2097619,0.99
212,600,2315563,0.91
213,600,1790233,1
214,600,1799004,0.98
215,600,1778321,1
216,600,1653226,1
217,600,1559057,1
218,600,1705378,0.99
219,600,2095018,0.98
220,600,1801431,1
221,600,2060960,0.96
222,600,2146554,0.98
223,600,2186982,0.93
224,600,1730511,1
225,600,2116205,0.97
226,600,1926868,0.99
227,600,2134714,0.98
228,600,2103131,0.99
229,600,1878644,0.99
230,600,2012802,1
231,600,1468500,1
232,600,2073799,0.96
233,600,1965104,1
234,600,1947582,1
235,600,1914538,0.99
236,600,2000473,0.98
237,600,1752629,1
238,600,1922222,1
239,600,1487521,1
240,600,1810472,1
241,600,1499539,0.99
242,600,1149175,1
243,600,2025712,0.97
244,600,1616520,1
245,600,1590680,1
246,600,1840769,1
247,600,1686705,1
248,600,1710500,1
249,600,1009360,1
250,600,2155353,0.98
251,600,1887172,1
252,600,1795382,1
253,600,2122178,0.9
254,600,2118396,1
255,600,2256237,0.92
256,600,1443142,1
257,600,1836424,1
258,600,2070582,0.98
259,600,1838556,1
260,600,1999224,0.96
261,600,2016944,0.97
262,600,1995468,0.99
263,600,1210952,1
264,600,2294169,0.9
265,600,1548407,1
266,600,1427059,0.92
267,600,1521749,1
268,600,1556875,1
269,600,1499968,1
270,600,1313537,1
271,600,2112543,1
272,600,1696118,1
273,600,1812254,0.99
274,600,1807760,0.99
275,600,1924301,1
276,600,1891704,1
277,600,1809152,1
278,600,1607186,1
279,600,2083180,0.99
280,600,2051908,1
281,600,1964492,1
282,600,1611435,1
283,600,1399325,1
284,600,1737340,1
285,600,1791332,1
286,600,2338298,0.98
287,600,2007847,0.99
288,600,1946165,0.99
289,600,1769174,1
290,600,1912064,1
291,600,1544207,1
292,600,1881740,1
293,600,1147806,1
294,600,1988385,1
295,600,1828873,1
296,600,1481410,0.99
297,600,2218149,0.99
298,600,1507489,1
299,600,1744816,0.99
300,600,1955943,0.98
301,600,1831409,0.99
302,600,2095752,0.99
303,600,1985948,1
304,600,2006844,1
305,600,2122034,0.99
306,600,2094020,0.99
307,600,1732138,1
308,600,2007817,1
309,600,1981454,1
310,600,1741321,1
311,600,1899597,0.99
312,600,2030927,0.99
313,600,1496442,1
314,600,1950235,1
315,600,2022220,1
316,600,2118685,0.99
317,600,1815261,1
318,600,1796832,0.99
319,600,1926463,1
320,600,2117170,0.99
321,600,2095727,0.94
322,600,1905773,0.98
323,600,2121808,0.97
324,600,1900034,1
325,600,2210562,0.97
326,600,1787315,1
327,600,1670718,1
328,600,1751357,1
329,600,1983126,1
330,600,1520019,1
331,600,1587247,1
332,600,1826814,1
333,600,1967545,1
334,600,2162157,0.89
335,600,2132786,0.98
336,600,1695941,1
337,600,1979640,0.99
338,600,1898745,0.99
339,600,1850952,1
340,600,1399481,1
341,600,1738910,1
342,600,2135986,0.96
343,600,1898670,1
344,600,1896706,1
345,600,1879862,1
346,600,1961559,1
347,600,1635286,1
348,600,1774994,1
349,600,1791803,1
350,600,1912663,1
351,600,1239101,1
352,600,1983462,1
353,600,1845987,1
354,600,2082067,0.97
355,600,2078374,0.97
356,600,2166058,0.95
357,600,1452889,1
358,600,1003216,1
359,600,1325594,1
360,600,1696466,1
361,600,1484870,1
362,600,1939606,1
363,600,1979191,1
364,600,2129655,0.96
365,600,1807096,1
366,600,1947655,1
367,600,2028667,1
368,600,1932429,0.99
369,600,1718184,1
370,600,2239004,0.93
371,600,1765268,1
372,600,1682504,1
373,600,1943658,1
374,600,2026680,0.99
375,600,1886919,0.99
376,600,2149637,0.98
377,600,1647895,1
378,600,1862064,1
379,600,1903822,0.99
380,600,1868321,0.99
381,600,2092667,0.94
382,600,2105161,1
383,600,1849721,1
384,600,1752880,0.99
385,600,1939043,0.98
386,600,1631129,1
387,600,1624525,1
388,600,2142537,0.99
389,600,1572968,1
390,600,1941608,1
391,600,1705654,1
392,600,1626715,1
393,600,1836773,1
394,600,1833812,1
395,600,2071391,1
396,600,2100825,1
397,600,2052298,0.99
398,600,1398513,1
399,600,2167772,0.96
400,600,2053066,0.99
401,600,1946133,1
402,600,2129786,0.97
403,600,1802516,1
404,600,1914599,1
405,600,1928280,1
406,600,1963874,1
407,600,2112557,0.95
408,600,1376867,1
409,600,1405019,1
410,600,2084200,1
411,600,2164685,0.99
412,600,2016006,1
413,600,1963708,0.99
414,600,1448996,1
415,600,1994950,0.99
416,600,1648295,1
417,600,1621643,1
418,600,1683387,1
419,600,1710979,1
420,600,1783701,1
421,600,1999957,0.99
422,600,1436465,1
423,600,979462,1
424,600,2072616,0.97
425,600,1155736,1
426,600,2083682,0.99
427,600,1967669,1
428,600,1961268,0.98
429,600,1798580,1
430,600,1054120,1
431,600,1673135,1
432,600,2146830,0.98
433,600,1517105,1
434,600,1071412,1
435,600,2060771,1
436,600,1205131,1
437,600,1905926,1
438,600,1998145,1
439,600,1786449,1
440,600,2190211,0.95
441,600,1530059,1
442,600,1638093,1
443,600,2115794,1
444,600,1883976,0.99
445,600,1548631,1
446,600,1827279,1
447,600,1573002,1
448,600,2037917,1
449,600,1419993,1
450,600,2037177,1
451,600,2252015,0.95
452,600,2021881,1
453,600,1639573,0.99
454,600,2052124,0.99
455,600,1928374,0.99
456,600,1815301,1
457,600,2139226,1
458,600,1426928,1
459,600,1897950,1
460,600,2021619,1
461,600,1929267,0.99
462,600,1757185,1
463,600,2004734,0.99
464,600,1107964,1
465,600,2110274,0.92
466,600,2088527,0.93
467,600,1594200,1
468,600,1748372,1
469,600,2041234,0.98
470,600,1830161,1
471,600,2028846,0.96
472,600,2141104,0.98
473,600,1799032,0.99
474,600,2106081,0.99
475,600,2202661,0.99
476,600,2197172,1
477,600,2071762,0.99
478,600,1950425,1
479,600,2093432,0.98
480,600,1649538,1
481,600,1872883,1
482,600,1579844,1
483,600,1863618,1
484,600,946595,1
485,600,2098726,1
486,600,1902286,1
487,600,1901997,1
488,600,1536401,1
489,600,1939731,1
490,600,2219123,0.93
491,600,2025079,1
492,600,1461201,1
493,600,1164991,1
494,600,1867562,0.99
495,600,1765636,1
496,600,2059734,1
497,600,1749388,1
498,600,1934705,1
499,600,1781017,1
500,600,1741847,0.99
501,600,2210115,0.97
502,600,1714029,1
503,600,2152247,0.99
504,600,1631343,1
505,600,1538219,1
506,600,2171738,0.96
507,600,1564290,0.99
508,600,1992744,0.99
509,600,1746781,1
510,600,1715963,1
511,600,2053669,0.93
512,600,1931390,0.99
513,600,2069588,0.99
514,600,2240881,0.95
515,600,1851168,0.99
516,600,1512043,1
517,600,2145719,0.97
518,600,2121999,1
519,600,2061480,1
520,600,1361537,1
521,600,1960263,0.98
522,600,1961808,1
523,600,1998850,1
524,600,2044108,0.92
525,600,2116558,0.99
526,600,1582078,1
527,600,1947227,1
528,600,2010523,0.99
529,600,1887004,1
530,600,1901522,1
531,600,1796250,1
532,600,2079599,0.99
533,600,1812903,1
534,600,1372828,1
535,600,1307919,1
536,600,1521297,1
537,600,2066665,0.97
538,600,2026916,0.99
539,600,1911968,0.99
540,600,1896624,1
541,600,2128225,0.98
542,600,2005231,1
543,600,1589730,1
544,600,1899345,1
545,600,1569070,1
546,600,1999123,1
547,600,1748565,1
548,600,1582566,1
549,600,1921485,1
550,600,2027195,1
551,600,1710927,0.99
552,600,2227595,0.97
553,600,2167675,0.99
554,600,1470316,1
555,600,2052248,1
556,600,2121684,1
557,600,1870953,0.99
558,600,2181699,1
559,600,1736396,1
560,600,2035040,1
561,600,2064334,0.97
562,600,1867403,1
563,600,2095236,0.98
564,600,1451540,1
565,600,2171343,0.99
566,600,1873109,1
567,600,1921773,1
568,600,1952356,0.99
569,600,1621644,1
570,600,2229880,0.98
571,600,2104764,0.99
572,600,1725983,1
573,600,2193681,0.99
574,600,1995263,0.99
575,600,1985106,0.98
576,600,2023739,1
577,600,1777070,1
578,600,1965025,0.99
579,600,1998627,1
580,600,2001342,1
581,600,1979599,1
582,600,2044501,0.98
583,600,1969014,1
584,600,1637505,1
585,600,2041292,0.99
586,600,2066545,0.97
587,600,1872591,1
588,600,1739698,1
589,600,1831824,1
590,600,2024907,1
591,600,2066287,1
592,600,2028917,0.99
593,600,1660683,1
594,600,1627271,1
595,600,1118727,1
596,600,1793013,0.99
597,600,2191859,0.98
598,600,1965488,0.99
599,600,1552966,1
600,600,2099537,1
601,600,1224326,1
602,600,1789408,1
603,600,1876846,0.98
604,600,1927141,0.99
605,600,1798867,1
606,600,2058224,0.98
607,600,1151577,1
608,600,2043139,0.99
609,600,1977344,0.97
610,600,2226822,0.95
611,600,1773858,1
612,600,2097352,0.97
613,600,2136380,0.98
614,600,2123941,0.99
615,600,1963073,0.99
616,600,2221660,0.96
617,600,1618466,1
618,600,2130261,0.99
619,600,1802304,0.99
620,600,1921443,1
621,600,1334887,1
622,600,2057946,1
623,600,2222980,0.99
624,600,1644150,1
625,600,2211242,0.99
626,600,1869423,1
627,600,1426776,1
628,600,1953968,1
629,600,1632374,1
630,600,2228227,0.96
631,600,1925698,0.95
632,600,1950415,1
633,600,2126795,0.93
634,600,1653313,1
635,600,1965831,1
636,600,1740388,1
637,600,1647338,0.98
638,600,2015182,0.99
639,600,2027710,1
640,600,1385511,1
641,600,2111364,1
642,600,2291432,0.91
643,600,2071954,1
644,600,1732332,1
645,600,1590534,1
646,600,723195,1
647,600,2059012,0.98
648,600,1286664,1
649,600,1992927,1
650,600,1788160,1
651,600,1926497,1
652,600,1745457,0.98
653,600,1823358,1
654,600,2068535,0.97
655,600,2297771,0.82
656,600,2176097,0.97
657,600,2003757,0.98
658,600,2053864,0.99
659,600,1842680,1
660,600,1777756,0.98
661,600,2226410,0.92
662,600,1760525,1
663,600,1711389,1
664,600,2067262,0.98
665,600,1178372,1
666,600,1460971,1
667,600,1828424,1
668,600,570777,1
669,600,2070642,0.99
670,600,1953601,1
671,600,1636773,1
672,600,2055324,0.99
673,600,1954541,0.99
674,600,1898061,1
675,600,2046604,1
676,600,1990098,0.99
677,600,2122939,0.95
678,600,1331078,1
679,600,1648614,0.99
680,600,1656287,1
681,600,1975676,1
682,600,1695847,0.95
683,600,1825690,1
684,600,1835465,1
685,600,1816098,1
686,600,1525157,0.96
687,600,1878001,0.99
688,600,1861323,1
689,600,1378308,1
690,600,2201581,0.94
691,600,2007900,1
692,600,2028111,1
693,600,1341364,1
694,600,1740750,0.99
695,600,1531906,0.99
696,600,2236928,0.88
697,600,1353389,1
698,600,2010559,0.98
699,600,1988276,1
700,600,1891152,1
701,600,2077811,1
702,600,2293643,0.88
703,600,1367691,1
704,600,1964623,1
705,600,2045896,0.97
706,600,1948035,1
707,600,1541800,1
708,600,1786302,1
709,600,1404159,1
710,600,2022551,1
711,600,1904565,1
712,600,1642927,0.99
713,600,845223,1
714,600,2080098,0.97
715,600,1813992,1
716,600,1614345,1
717,600,2134720,1
718,600,2118955,0.98
719,600,2048273,0.99
720,600,1881870,1
721,600,2039481,1
722,600,2194666,0.98
723,600,1982520,1
724,600,1701326,1
725,600,2087809,0.98
726,600,2148488,0.99
727,600,1956949,1
728,600,1839264,1
729,600,2048152,1
730,600,1771208,1
731,600,1915508,1
732,600,2058683,0.98
733,600,2154555,0.96
734,600,1266231,1
735,600,1928438,0.99
736,600,1719134,1
737,600,2162157,0.99
738,600,1382159,1
739,600,2133331,1
740,600,1439396,1
741,600,1821563,1
742,600,2050625,0.94
743,600,1883664,1
744,600,1613122,1
745,600,2148900,0.97
746,600,1773205,1
747,600,1769869,1
748,600,2144005,0.99
749,600,1126754,1
750,600,1267312,1
751,600,1810318,1
752,600,926776,1
753,600,2077889,0.95
754,600,2028959,0.98
755,600,2185377,0.91
756,600,1724720,1
757,600,1936012,0.99
758,600,1454294,1
759,600,2123181,0.97
760,600,1849045,1
761,600,2072145,0.99
762,600,2038600,1
763,600,2023720,1
764,600,2028913,0.99
765,600,2080679,0.99
766,600,1964268,1
767,600,2040321,0.96
768,600,1883326,1
769,600,2028361,0.99
770,600,1648815,1
771,600,2155691,1
772,600,1962080,0.97
773,600,1896370,1
774,600,2118340,0.94
775,600,1703249,1
776,600,1858794,1
777,600,1388101,1
778,600,1866966,0.99
779,600,1591924,1
780,600,2209685,0.95
781,600,2252371,0.96
782,600,2041312,1
783,600,1775010,1
784,600,1412382,1
785,600,1502487,1
786,600,1653003,1
787,600,1927624,1
788,600,1556068,1
789,600,2100915,0.96
790,600,1879576,0.99
791,600,1418555,1
792,600,1954632,1
793,600,2095010,0.99
794,600,2106593,1
795,600,1868386,1
796,600,2094741,0.99
797,600,2075587,0.99
798,600,2017637,0.99
799,600,2019100,0.98
800,600,1937457,1
801,600,1954435,1
802,600,1555196,1
803,600,1891983,1
804,600,1515008,1
805,600,1858197,1
806,600,2076775,0.95
807,600,1458803,1
808,600,1657825,0.99
809,600,1671899,1
810,600,2174754,0.97
811,600,2091404,0.97
812,600,1683549,1
813,600,1930239,1
814,600,2027958,1
815,600,1460051,1
816,600,1719435,1
817,600,1784810,1
818,600,2161067,0.98
819,600,2039048,1
820,600,1878640,1
821,600,2166453,0.98
822,600,1947282,1
823,600,1511602,1
824,600,2051153,0.98
825,600,2245952,0.98
826,600,1725122,1
827,600,1948683,1
828,600,1884044,1
829,600,2007216,0.99
830,600,1792736,1
831,600,2180072,0.98
832,600,1982644,1
833,600,1981316,0.99
834,600,2119848,1
835,600,1595338,1
836,600,1957818,1
837,600,1635404,1
838,600,2122758,0.97
839,600,1201914,1
840,600,1471823,1
841,600,1968565,0.99
842,600,1936027,0.99
843,600,2113181,0.97
844,600,1938278,0.99
845,600,1509934,1
846,600,895741,1
847,600,2187436,0.98
848,600,1957821,1
849,600,1131304,1
850,600,843691,1
851,600,2009829,0.99
852,600,1842321,1
853,600,1835397,1
854,600,1702854,1
855,600,2137177,0.94
856,600,2073748,1
857,600,2162040,0.99
858,600,1774850,0.99
859,600,2235772,0.97
860,600,2115826,0.96
861,600,2086738,0.95
862,600,2071116,1
863,600,1818415,1
864,600,1955407,0.97
865,600,1734299,1
866,600,2130586,0.98
867,600,1989303,1
868,600,1910452,1
869,600,1890186,1
870,600,1526411,1
871,600,1970576,1
872,600,2000170,1
873,600,1450798,1
874,600,2119406,0.98
875,600,1704883,1
876,600,1871716,1
877,600,1892604,1
878,600,1601389,1
879,600,1522907,1
880,600,2008960,0.99
881,600,1544395,1
882,600,1832216,1
883,600,1606172,1
884,600,1283752,1
885,600,1934726,1
886,600,1823241,1
887,600,1961686,0.98
888,600,1955023,1
889,600,2164301,0.99
890,600,1486522,1
891,600,2207440,0.96
892,600,1903538,1
893,600,1421843,1
894,600,1704806,1
895,600,1864723,1
896,600,1525193,1
897,600,2103243,0.95
898,600,1929189,1
899,600,1655550,1
900,600,1916881,0.99
901,600,2161892,0.99
902,600,1605381,1
903,600,1951500,1
904,600,1810337,1
905,600,1795766,1
906,600,2119376,0.97
907,600,1690872,1
908,600,1684334,1
909,600,2021648,1
910,600,2136615,0.84
911,600,2332391,0.81
912,600,1986400,1
913,600,1861219,1
914,600,1642947,1
915,600,1741909,1
916,600,1668871,1
917,600,2183730,0.98
918,600,2109429,0.97
919,600,2083969,0.99
920,600,1952991,1
921,600,2044241,1
922,600,1447846,1
923,600,1711074,1
924,600,2014046,1
925,600,1196123,1
926,600,1989867,1
927,600,2253640,0.95
928,600,1690903,1
929,600,1817559,1
930,600,1967897,0.98
931,600,1768677,1
932,600,1916898,0.98
933,600,2098241,1
934,600,2119295,1
935,600,2115639,0.97
936,600,1605848,1
937,600,2087102,0.99
938,600,1881945,1
939,600,2114732,0.99
940,600,2116783,1
941,600,1889873,1
942,600,2162462,1
943,600,1543149,1
944,600,2010576,1
945,600,2178088,0.92
946,600,1640500,1
947,600,1904690,1
948,600,2145811,0.99
949,600,1981707,1
950,600,1499985,1
951,600,2169739,1
952,600,1982625,1
953,600,1804323,1
954,600,1900638,1
955,600,1658540,1
956,600,1895940,1
957,600,1789007,1
958,600,2022144,1
959,600,2128051,1
960,600,2015332,0.98
961,600,2051550,0.98
962,600,2084484,1
963,600,2046137,0.98
964,600,2125393,0.95
965,600,1689461,1
966,600,1975557,1
967,600,1959791,1
968,600,1866511,0.98
969,600,2117772,0.99
970,600,2159839,0.98
971,600,2027053,0.98
972,600,1494514,1
973,600,1816897,1
974,600,1997630,1
975,600,1994536,0.99
976,600,1515277,1
977,600,1899417,1
978,600,2199124,0.99
979,600,1885815,0.99
980,600,2090835,0.95
981,600,2128202,1
982,600,1240568,1
983,600,1853786,1
984,600,1208943,1
985,600,2031464,0.99
986,600,2189872,0.97
987,600,1727711,1
988,600,1979521,1
989,600,1735398,1
990,600,2162544,0.98
991,600,1999885,0.95
992,600,1952319,1
993,600,2049112,1
994,600,1997926,1
995,600,2151066,0.97
996,600,2091777,0.99
997,600,2141173,1
998,600,2050435,0.99
999,600,2144014,0.97
0,700,2416653,0.97
1,700,1954536,1
2,700,2129999,0.98
3,700,1347418,1
4,700,2632540,0.93
5,700,1665197,1
6,700,1645244,1
7,700,2289713,1
8,700,1922287,1
9,700,2042507,1
10,700,2617094,0.97
11,700,2036507,1
12,700,2273561,1
13,700,2339269,0.98
14,700,1720518,1
15,700,2279388,0.98
16,700,2335912,1
17,700,1955305,1
18,700,1636242,1
19,700,2265184,1
20,700,2322600,0.99
21,700,2183607,0.99
22,700,2446631,1
23,700,2501875,0.96
24,700,2305750,0.99
25,700,2262080,1
26,700,2173902,1
27,700,2356116,1
28,700,2232989,1
29,700,2099516,1
30,700,2501438,0.98
31,700,2147306,0.99
32,700,2167348,1
33,700,2621286,0.98
34,700,2389539,0.98
35,700,2435509,0.97
36,700,2213015,1
37,700,1941635,1
38,700,2104965,1
39,700,2193201,1
40,700,1691453,1
41,700,1529299,1
42,700,2101584,1
43,700,1774361,1
44,700,1954118,1
45,700,1854560,1
46,700,1971741,1
47,700,2279387,0.99
48,700,1938859,1
49,700,2200421,1
50,700,1491193,1
51,700,1785334,1
52,700,2535272,0.95
53,700,1777450,1
54,700,1670062,1
55,700,1811394,1
56,700,2158414,1
57,700,1806311,1
58,700,2353707,0.99
59,700,2521414,0.98
60,700,2405275,1
61,700,2477967,0.99
62,700,1936453,1
63,700,1850263,1
64,700,2127139,1
65,700,2442976,0.99
66,700,2116902,1
67,700,1587769,1
68,700,2322823,1
69,700,2212160,1
70,700,2620747,0.94
71,700,2461635,1
72,700,1642791,1
73,700,2205066,1
74,700,1903544,1
75,700,2130297,0.99
76,700,2600203,0.94
77,700,1942862,1
78,700,1323876,1
79,700,1741217,1
80,700,2138006,0.99
81,700,2625977,0.94
82,700,2295541,1
83,700,2425288,0.91
84,700,2151772,0.99
85,700,2390577,0.99
86,700,1176890,1
87,700,2477555,0.96
88,700,2283759,0.98
89,700,2383410,0.99
90,700,1768837,1
91,700,1499985,1
92,700,2158024,1
93,700,2392253,1
94,700,2102423,1
95,700,1842332,0.99
96,700,1987052,1
97,700,1607168,1
98,700,2429663,1
99,700,2234585,0.99
100,700,2523736,0.98
101,700,1051099,1
102,700,2231783,1
103,700,2473122,0.93
104,700,1877961,0.93
105,700,2210429,1
106,700,1869799,1
107,700,2417387,0.99
108,700,2034909,1
109,700,2584946,0.98
110,700,2146606,1
111,700,1382801,1
112,700,2238932,0.99
113,700,1912408,1
114,700,1965829,1
115,700,1971125,1
116,700,2062070,1
117,700,2625481,0.98
118,700,2398211,1
119,700,2380975,0.95
120,700,2443934,0.99
121,700,2411331,1
122,700,1640479,1
123,700,2300323,1
124,700,1580563,1
125,700,2383567,1
126,700,2212962,1
127,700,2267220,1
128,700,2202187,1
129,700,2294763,1
130,700,1659708,1
131,700,1968653,1
132,700,2356421,0.98
133,700,1772448,1
134,700,2289155,0.99
135,700,2635578,0.91
136,700,1633597,1
137,700,2411125,0.99
138,700,2169435,0.98
139,700,2186684,1
140,700,1359614,1
141,700,2111057,1
142,700,1589394,1
143,700,2328539,0.99
144,700,2287542,0.99
145,700,2104935,1
146,700,2435354,0.97
147,700,2501941,0.96
148,700,2321613,1
149,700,1430523,1
150,700,2227216,1
151,700,1672192,0.99
152,700,2368093,1
153,700,2411414,0.99
154,700,1465562,0.99
155,700,1756455,1
156,700,2434543,0.99
157,700,2098726,1
158,700,2034888,0.99
159,700,2037350,1
160,700,2206110,1
161,700,2566210,0.97
162,700,2440774,1
163,700,1504625,1
164,700,2450144,0.98
165,700,2505983,0.96
166,700,2452138,1
167,700,2570751,0.95
168,700,2360331,1
169,700,1775370,1
170,700,2153666,1
171,700,1979835,1
172,700,1987919,1
173,700,2510405,0.96
174,700,1651038,1
175,700,2102615,1
176,700,2202263,0.99
177,700,2364058,1
178,700,2352085,1
179,700,2100014,1
180,700,2114472,1
181,700,2486908,1
182,700,2328437,0.98
183,700,1697387,1
184,700,2263374,1
185,700,2197577,0.99
186,700,2431526,1
187,700,2123787,1
188,700,2072782,1
189,700,1976978,1
190,700,2271519,1
191,700,2156637,0.99
192,700,2397770,1
193,700,2021556,1
194,700,2080154,1
195,700,2585106,0.97
196,700,2334256,0.98
197,700,2079057,1
198,700,2398258,1
199,700,2520616,1
200,700,2418966,0.99
201,700,2385649,1
202,700,2545555,0.98
203,700,2253859,1
204,700,2207124,1
205,700,2090520,0.99
206,700,2459661,0.96
207,700,2357588,0.99
208,700,2250734,0.99
209,700,1100363,1
210,700,2160717,0.98
211,700,2421298,1
212,700,2682600,0.94
213,700,2077113,1
214,700,2085576,0.99
215,700,2053021,1
216,700,1903445,1
217,700,1794265,1
218,700,1961675,0.99
219,700,2426492,0.98
220,700,2081291,1
221,700,2378001,0.97
222,700,2493043,0.98
223,700,2537470,0.94
224,700,2004696,1
225,700,2456251,0.98
226,700,2231894,1
227,700,2475690,0.99
228,700,2422756,0.99
229,700,2175240,0.99
230,700,2329121,1
231,700,1688371,1
232,700,2406105,0.96
233,700,2269923,1
234,700,2244140,1
235,700,2223991,1
236,700,2288554,0.98
237,700,2030930,1
238,700,2238529,1
239,700,1722504,1
240,700,2093924,1
241,700,1723444,0.99
242,700,1334106,1
243,700,2332422,1
244,700,1857049,1
245,700,1835700,1
246,700,2122803,1
247,700,1954766,1
248,700,1982038,1
249,700,1161274,1
250,700,2484092,0.99
251,700,2178884,1
252,700,2068065,1
253,700,2467965,0.92
254,700,2453257,1
255,700,2619078,0.95
256,700,1673606,1
257,700,2108387,1
258,700,2384628,1
259,700,2126033,1
260,700,2281930,0.96
261,700,2328144,0.99
262,700,2311833,0.99
263,700,1411163,1
264,700,2656123,0.92
265,700,1808984,1
266,700,1606202,0.92
267,700,1762694,1
268,700,1819464,1
269,700,1740236,1
270,700,1501900,1
271,700,2435902,1
272,700,1982897,1
273,700,2113748,1
274,700,2084190,0.99
275,700,2238584,1
276,700,2183803,1
277,700,2092990,1
278,700,1857651,1
279,700,2399262,0.99
280,700,2377809,1
281,700,2271260,1
282,700,1855915,1
283,700,1616831,1
284,700,2026764,1
285,700,2075759,1
286,700,2703678,0.98
287,700,2314333,0.99
288,700,2276958,1
289,700,2034438,1
290,700,2207361,1
291,700,1809033,1
292,700,2172554,1
293,700,1304323,1
294,700,2300099,1
295,700,2115074,1
296,700,1721873,0.99
297,700,2555133,0.99
298,700,1743691,1
299,700,2016593,1
300,700,2265378,1
301,700,2121244,0.99
302,700,2439939,0.99
303,700,2282502,1
304,700,2313238,1
305,700,2442378,0.99
306,700,2398014,0.99
307,700,2010142,1
308,700,2318802,1
309,700,2308412,1
310,700,2027505,1
311,700,2191465,0.99
312,700,2358338,0.99
313,700,1710533,1
314,700,2251428,1
315,700,2341742,1
316,700,2452464,0.99
317,700,2078983,1
318,700,2105406,0.99
319,700,2228535,1
320,700,2458015,1
321,700,2421521,0.96
322,700,2202786,0.98
323,700,2451502,0.98
324,700,2204901,1
325,700,2560356,0.97
326,700,2079688,1
327,700,1922145,1
328,700,2020354,1
329,700,2282722,1
330,700,1767579,1
331,700,1861791,1
332,700,2111962,1
333,700,2274979,1
334,700,2519301,0.93
335,700,2463476,1
336,700,1958159,1
337,700,2281007,1
338,700,2200408,0.99
339,700,2128819,1
340,700,1587282,1
341,700,2028551,1
342,700,2482501,0.98
343,700,2205493,1
344,700,2200222,1
345,700,2185525,1
346,700,2272920,1
347,700,1903739,1
348,700,2048227,1
349,700,2075622,1
350,700,2210022,1
351,700,1423335,1
352,700,2299701,1
353,700,2138300,1
354,700,2388416,0.98
355,700,2397663,0.97
356,700,2504225,0.96
357,700,1696359,1
358,700,1147543,1
359,700,1521070,1
360,700,1965278,1
361,700,1697468,1
362,700,2241563,1
363,700,2278597,1
364,700,2443941,0.97
365,700,2075773,1
366,700,2267499,1
367,700,2338744,1
368,700,2221994,1
369,700,1980218,1
370,700,2593776,0.96
371,700,2033147,1
372,700,1951638,1
373,700,2231265,1
374,700,2341863,0.99
375,700,2196235,0.99
376,700,2494344,0.98
377,700,1912207,1
378,700,2152955,1
379,700,2193223,0.99
380,700,2152470,1
381,700,2430936,0.94
382,700,2428007,1
383,700,2117887,1
384,700,2019584,1
385,700,2242720,0.98
386,700,1902146,1
387,700,1894225,1
388,700,2484678,0.99
389,700,1804953,1
390,700,2255608,1
391,700,1966477,1
392,700,1885884,1
393,700,2099774,1
394,700,2122911,1
395,700,2389921,1
396,700,2432611,1
397,700,2370466,0.99
398,700,1606036,1
399,700,2493250,0.97
400,700,2379820,0.99
401,700,2249984,1
402,700,2474179,0.99
403,700,2078332,1
404,700,2219213,1
405,700,2209374,1
406,700,2259601,1
407,700,2445723,0.97
408,700,1590037,1
409,700,1644579,1
410,700,2408371,1
411,700,2506037,0.99
412,700,2335888,1
413,700,2260971,1
414,700,1663656,1
415,700,2313900,0.99
416,700,1921025,1
417,700,1890312,1
418,700,1931794,1
419,700,1993980,1
420,700,2065424,1
421,700,2291755,0.99
422,700,1650613,1
423,700,1159080,1
424,700,2409075,0.97
425,700,1303066,1
426,700,2417350,0.99
427,700,2262161,1
428,700,2277952,0.98
429,700,2086399,1
430,700,1196569,1
431,700,1924085,1
432,700,2482498,0.98
433,700,1752203,1
434,700,1233071,1
435,700,2386120,1
436,700,1399413,1
437,700,2206230,1
438,700,2304916,1
439,700,2069048,1
440,700,2545084,0.96
441,700,1746394,1
442,700,1900111,1
443,700,2438145,1
444,700,2214196,1
445,700,1765569,1
446,700,2106999,1
447,700,1815441,1
448,700,2350030,1
449,700,1647069,1
450,700,2360702,1
451,700,2587203,0.96
452,700,2329119,1
453,700,1893391,0.99
454,700,2367306,1
455,700,2219765,0.99
456,700,2102226,1
457,700,2474645,1
458,700,1652253,1
459,700,2206302,1
460,700,2355012,1
461,700,2211741,0.99
462,700,2034036,1
463,700,2330674,1
464,700,1300730,1
465,700,2426171,0.94
466,700,2428544,0.94
467,700,1843460,1
468,700,2030462,1
469,700,2376209,0.99
470,700,2123106,1
471,700,2339690,0.98
472,700,2462045,0.98
473,700,2075558,1
474,700,2426922,1
475,700,2528000,1
476,700,2537684,1
477,700,2416611,0.99
478,700,2270770,1
479,700,2424915,0.99
480,700,1920225,1
481,700,2174296,1
482,700,1824351,1
483,700,2136329,1
484,700,1102614,1
485,700,2424345,1
486,700,2187374,1
487,700,2189441,1
488,700,1772537,1
489,700,2248859,1
490,700,2576658,0.96
491,700,2326906,1
492,700,1668429,1
493,700,1343460,1
494,700,2152372,0.99
495,700,2039088,1
496,700,2365190,1
497,700,2030141,1
498,700,2250613,1
499,700,2059476,1
500,700,2013167,1
501,700,2546514,0.99
502,700,1971242,1
503,700,2508294,0.99
504,700,1890039,1
505,700,1765006,1
506,700,2516105,0.98
507,700,1795891,1
508,700,2292380,0.99
509,700,2040672,1
510,700,1971216,1
511,700,2374800,0.95
512,700,2243162,1
513,700,2393674,1
514,700,2590662,0.96
515,700,2151251,1
516,700,1733447,1
517,700,2474139,0.97
518,700,2439883,1
519,700,2371506,1
520,700,1564844,1
521,700,2248973,0.99
522,700,2277306,1
523,700,2311229,1
524,700,2346629,0.94
525,700,2430469,1
526,700,1833006,1
527,700,2238507,1
528,700,2330148,1
529,700,2163465,1
530,700,2199020,1
531,700,2057433,1
532,700,2423922,0.99
533,700,2091896,1
534,700,1589489,1
535,700,1499932,1
536,700,1782863,1
537,700,2394989,0.98
538,700,2337395,1
539,700,2204101,0.99
540,700,2168779,1
541,700,2461969,0.98
542,700,2310219,1
543,700,1840790,1
544,700,2199858,1
545,700,1819218,1
546,700,2312319,1
547,700,2025328,1
548,700,1819385,1
549,700,2230459,1
550,700,2332999,1
551,700,1988196,0.99
552,700,2557313,0.99
553,700,2505143,0.99
554,700,1688019,1
555,700,2363653,1
556,700,2441660,1
557,700,2166896,0.99
558,700,2532787,1
559,700,2014736,1
560,700,2340841,1
561,700,2389552,0.98
562,700,2163073,1
563,700,2407247,0.99
564,700,1672217,1
565,700,2500849,0.99
566,700,2161511,1
567,700,2214649,1
568,700,2245511,0.99
569,700,1870145,1
570,700,2560773,0.99
571,700,2435308,0.99
572,700,2007969,1
573,700,2528981,0.99
574,700,2315665,0.99
575,700,2293656,0.99
576,700,2349555,1
577,700,2053835,1
578,700,2280055,1
579,700,2313532,1
580,700,2316556,1
581,700,2285670,1
582,700,2372565,0.98
583,700,2270823,1
584,700,1874019,1
585,700,2356712,0.99
586,700,2403879,0.99
587,700,2170908,1
588,700,2037488,1
589,700,2114252,1
590,700,2365095,1
591,700,2386601,1
592,700,2330669,0.99
593,700,1919688,1
594,700,1873024,1
595,700,1276352,1
596,700,2053582,0.99
597,700,2526104,0.98
598,700,2271500,0.99
599,700,1791666,1
600,700,2412352,1
601,700,1413506,1
602,700,2073649,1
603,700,2157465,0.99
604,700,2246469,1
605,700,2064561,1
606,700,2386631,1
607,700,1309306,1
608,700,2366835,0.99
609,700,2288912,0.99
610,700,2565071,0.98
611,700,2052024,1
612,700,2426234,0.98
613,700,2466207,0.98
614,700,2448185,0.99
615,700,2253353,0.99
616,700,2596431,0.98
617,700,1853227,1
618,700,2463431,0.99
619,700,2074153,0.99
620,700,2216183,1
621,700,1530110,1
622,700,2384443,1
623,700,2558878,0.99
624,700,1891307,1
625,700,2553018,0.99
626,700,2178579,1
627,700,1639406,1
628,700,2279274,1
629,700,1902442,1
630,700,2528415,0.98
631,700,2238868,0.98
632,700,2253939,1
633,700,2469088,0.94
634,700,1895434,1
635,700,2274827,1
636,700,1991037,1
637,700,1881396,0.99
638,700,2343356,1
639,700,2333252,1
640,700,1594750,1
641,700,2457959,1
642,700,2654220,0.94
643,700,2390867,1
644,700,1998716,1
645,700,1859087,1
646,700,856069,1
647,700,2359500,0.99
648,700,1477565,1
649,700,2295425,1
650,700,2075004,1
651,700,2233232,1
652,700,2031781,0.99
653,700,2127039,1
654,700,2393361,0.97
655,700,2660915,0.85
656,700,2504958,0.98
657,700,2325421,0.99
658,700,2374334,0.99
659,700,2129483,1
660,700,2038591,0.99
661,700,2586503,0.95
662,700,2027536,1
663,700,1994711,1
664,700,2373172,0.98
665,700,1368448,1
666,700,1678661,0.99
667,700,2112906,1
668,700,651178,1
669,700,2398084,0.99
670,700,2268560,1
671,700,1893006,1
672,700,2395495,0.99
673,700,2253899,0.99
674,700,2195603,1
675,700,2342742,1
676,700,2296757,0.99
677,700,2451687,0.96
678,700,1544416,1
679,700,1897888,0.99
680,700,1922590,1
681,700,2289877,1
682,700,1932691,0.95
683,700,2100831,1
684,700,2124590,1
685,700,2089937,1
686,700,1761412,0.97
687,700,2147280,0.99
688,700,2156254,1
689,700,1577743,0.99
690,700,2569958,0.94
691,700,2311651,1
692,700,2357733,1
693,700,1541468,1
694,700,2003555,0.99
695,700,1776289,0.99
696,700,2573204,0.88
697,700,1577054,1
698,700,2317599,0.98
699,700,2301052,1
700,700,2195233,1
701,700,2399326,1
702,700,2653838,0.92
703,700,1583585,1
704,700,2258576,1
705,700,2364951,0.97
706,700,2239850,1
707,700,1763249,1
708,700,2057925,1
709,700,1633421,1
710,700,2326700,1
711,700,2198551,1
712,700,1903123,0.99
713,700,982566,1
714,700,2405542,1
715,700,2081319,1
716,700,1859331,1
717,700,2451038,1
718,700,2469432,0.99
719,700,2368265,0.99
720,700,2157424,1
721,700,2365695,1
722,700,2544128,0.98
723,700,2297256,1
724,700,1970961,1
725,700,2427625,0.98
726,700,2489220,1
727,700,2265712,1
728,700,2136923,1
729,700,2368819,1
730,700,2061302,1
731,700,2211722,1
732,700,2382708,0.99
733,700,2487319,0.98
734,700,1447732,1
735,700,2232710,0.99
736,700,1990867,1
737,700,2497159,0.99
738,700,1609560,1
739,700,2469192,1
740,700,1636064,1
741,700,2103606,1
742,700,2380771,0.95
743,700,2191126,1
744,700,1865085,1
745,700,2500172,0.99
746,700,2052251,1
747,700,2069524,1
748,700,2470053,0.99
749,700,1311391,1
750,700,1454899,1
751,700,2088413,1
752,700,1047518,1
753,700,2429512,0.96
754,700,2322267,0.99
755,700,2508956,0.93
756,700,1989016,1
757,700,2243932,0.99
758,700,1667921,1
759,700,2444026,0.97
760,700,2154215,1
761,700,2407110,0.99
762,700,2378956,1
763,700,2336384,1
764,700,2344684,0.99
765,700,2414349,0.99
766,700,2263477,1
767,700,2368876,0.98
768,700,2164949,1
769,700,2349760,1
770,700,1908971,1
771,700,2498522,1
772,700,2279999,0.97
773,700,2188227,1
774,700,2430740,0.95
775,700,1957864,1
776,700,2152649,1
777,700,1606717,1
778,700,2171413,0.99
779,700,1821090,1
780,700,2552668,0.97
781,700,2595270,0.96
782,700,2360763,1
783,700,2044097,1
784,700,1611633,1
785,700,1721394,1
786,700,1902173,1
787,700,2218330,1
788,700,1800646,0.99
789,700,2422992,0.96
790,700,2176350,0.99
791,700,1625744,1
792,700,2272025,1
793,700,2438848,1
794,700,2425209,0.99
795,700,2174048,1
796,700,2418921,1
797,700,2411209,0.99
798,700,2329034,1
799,700,2339071,0.98
800,700,2220682,1
801,700,2269814,1
802,700,1806950,1
803,700,2191940,1
804,700,1761254,1
805,700,2159465,1
806,700,2393157,0.95
807,700,1654117,1
808,700,1919992,0.99
809,700,1940442,1
810,700,2521989,0.99
811,700,2404674,0.98
812,700,1937487,1
813,700,2238286,1
814,700,2347526,1
815,700,1679621,1
816,700,1987094,1
817,700,2078443,1
818,700,2491612,0.98
819,700,2371196,1
820,700,2164109,1
821,700,2521914,0.99
822,700,2256435,1
823,700,1748796,1
824,700,2365696,0.98
825,700,2596710,0.98
826,700,1980413,1
827,700,2246596,1
828,700,2169061,1
829,700,2310284,1
830,700,2080429,1
831,700,2517070,0.98
832,700,2300677,1
833,700,2292216,0.99
834,700,2437347,1
835,700,1843308,1
836,700,2251512,1
837,700,1884287,1
838,700,2446823,0.99
839,700,1344668,0.99
840,700,1708100,1
841,700,2274081,0.99
842,700,2237613,0.99
843,700,2447492,0.98
844,700,2245041,0.99
845,700,1741213,1
846,700,1024793,1
847,700,2511691,0.98
848,700,2242274,1
849,700,1307924,1
850,700,977074,1
851,700,2314801,1
852,700,2133212,1
853,700,2119110,1
854,700,1989336,1
855,700,2472300,0.96
856,700,2371145,1
857,700,2479936,0.99
858,700,2049509,0.99
859,700,2573516,0.98
860,700,2432184,0.99
861,700,2413029,0.95
862,700,2264746,1
863,700,2102139,1
864,700,2230410,0.99
865,700,1998312,1
866,700,2472566,0.98
867,700,2298310,1
868,700,2208093,1
869,700,2202824,1
870,700,1764075,1
871,700,2283121,1
872,700,2303559,1
873,700,1675247,1
874,700,2440833,0.99
875,700,1958858,1
876,700,2181516,1
877,700,2200056,1
878,700,1859750,1
879,700,1749616,1
880,700,2341277,0.99
881,700,1807540,1
882,700,2115034,1
883,700,1853733,1
884,700,1473044,1
885,700,2246817,1
886,700,2106221,1
887,700,2283494,0.99
888,700,2253428,1
889,700,2495807,0.99
890,700,1708918,1
891,700,2552285,0.97
892,700,2190003,1
893,700,1623938,1
894,700,1988459,1
895,700,2134605,1
896,700,1770242,1
897,700,2417210,0.96
898,700,2230489,1
899,700,1919780,1
900,700,2217774,0.99
901,700,2487582,1
902,700,1841495,1
903,700,2258863,1
904,700,2072723,1
905,700,2070501,1
906,700,2450895,0.98
907,700,1944356,1
908,700,1938119,1
909,700,2349654,1
910,700,2453229,0.86
911,700,2698628,0.83
912,700,2312305,1
913,700,2161323,1
914,700,1894380,1
915,700,2005361,1
916,700,1920538,1
917,700,2538669,0.98
918,700,2457146,0.98
919,700,2399212,0.99
920,700,2242995,1
921,700,2341664,1
922,700,1662451,1
923,700,1962948,1
924,700,2319657,1
925,700,1378194,1
926,700,2296228,1
927,700,2615574,0.96
928,700,1956761,1
929,700,2112634,1
930,700,2263508,0.98
931,700,2035405,1
932,700,2185844,0.98
933,700,2405809,1
934,700,2448072,1
935,700,2454764,0.99
936,700,1853272,1
937,700,2420213,0.99
938,700,2173531,1
939,700,2431668,0.99
940,700,2448508,1
941,700,2176293,1
942,700,2502795,1
943,700,1787027,1
944,700,2312274,1
945,700,2530460,0.95
946,700,1874190,1
947,700,2196445,1
948,700,2494120,1
949,700,2286972,1
950,700,1742431,1
951,700,2522918,1
952,700,2301259,1
953,700,2049456,1
954,700,2217800,1
955,700,1912645,1
956,700,2175706,1
957,700,2060118,1
958,700,2329093,1
959,700,2463241,1
960,700,2326474,0.99
961,700,2367085,0.98
962,700,2407658,1
963,700,2356822,0.99
964,700,2440690,0.96
965,700,1949055,1
966,700,2277998,1
967,700,2269222,1
968,700,2155213,0.99
969,700,2423422,0.99
970,700,2484242,0.98
971,700,2345949,0.98
972,700,1690188,1
973,700,2101588,1
974,700,2330988,1
975,700,2300603,0.99
976,700,1735750,1
977,700,2200251,1
978,700,2530002,0.99
979,700,2194432,0.99
980,700,2417367,0.97
981,700,2475924,1
982,700,1422531,1
983,700,2152763,1
984,700,1389913,1
985,700,2342869,0.99
986,700,2511925,0.97
987,700,1997591,1
988,700,2291784,1
989,700,1977173,1
990,700,2490526,0.98
991,700,2293931,0.95
992,700,2247281,1
993,700,2372248,1
994,700,2302378,1
995,700,2488220,0.98
996,700,2401998,1
997,700,2483031,1
998,700,2357091,1
999,700,2464771,0.98
