QueryID,EF,Latency(ns),Recall
0,1092,12502214,0.968
1,1092,12928132,0.973
2,1092,18091987,0.913
3,1092,13624438,0.955
4,1092,18199247,0.99
5,1092,31707592,0.946
6,1092,19324246,0.891
7,1092,26471976,0.918
8,1092,21238733,0.868
9,1092,14992524,0.947
10,1092,13302560,0.991
11,1092,19230734,0.964
12,1092,15873645,0.936
13,1092,16311560,0.962
14,1092,8705242,0.993
15,1092,19365911,0.981
16,1092,10255004,0.994
17,1092,10201761,0.991
18,1092,8177778,0.998
19,1092,11448614,0.986
20,1092,8481023,0.999
21,1092,14592992,0.972
22,1092,18335624,0.925
23,1092,11278405,0.997
24,1092,12669254,0.985
25,1092,21652548,0.96
26,1092,10594464,0.999
27,1092,15781756,0.961
28,1092,11130417,0.991
29,1092,13107570,0.959
30,1092,25969079,0.898
31,1092,11812065,0.995
32,1092,12385280,0.996
33,1092,7239093,0.999
34,1092,21790791,0.972
35,1092,18917250,0.854
36,1092,15090358,0.994
37,1092,16558110,0.95
38,1092,14489584,0.958
39,1092,8565499,0.993
40,1092,18875058,0.85
41,1092,14237646,0.973
42,1092,13361013,0.976
43,1092,65436143,0.944
44,1092,12349934,0.987
45,1092,19862221,0.971
46,1092,11841864,0.983
47,1092,40727300,0.901
48,1092,17550960,0.883
49,1092,11716506,0.996
50,1092,22539978,0.978
51,1092,14983491,0.969
52,1092,9871302,0.978
53,1092,15421670,0.964
54,1092,13522516,0.982
55,1092,13235721,0.997
56,1092,19352390,0.919
57,1092,11385097,0.98
58,1092,9322531,0.99
59,1092,8489191,0.997
60,1092,41270321,0.939
61,1092,49005463,0.79
62,1092,21655710,0.98
63,1092,13382986,0.994
64,1092,11902873,0.957
65,1092,8637385,0.998
66,1092,12578769,0.984
67,1092,12377774,0.993
68,1092,26013247,0.828
69,1092,30359534,0.99
70,1092,27951432,0.995
71,1092,8631211,1
72,1092,21447609,0.977
73,1092,15941301,0.964
74,1092,13073392,0.946
75,1092,7567938,0.999
76,1092,7797932,0.997
77,1092,12349931,0.991
78,1092,23258156,0.951
79,1092,15924580,0.973
80,1092,13694134,0.961
81,1092,13076319,0.976
82,1092,46142570,0.915
83,1092,40193130,0.897
84,1092,18401959,0.999
85,1092,21743189,0.995
86,1092,10993232,0.998
87,1092,11120577,0.996
88,1092,20325418,0.922
89,1092,14974724,0.796
90,1092,13503897,0.983
91,1092,16090856,0.975
92,1092,17127873,0.954
93,1092,8270602,0.999
94,1092,14348956,0.982
95,1092,14091426,0.99
96,1092,20857635,0.97
97,1092,9075861,0.995
98,1092,27329623,0.893
99,1092,25425636,0.941
100,1092,9862629,0.985
101,1092,15251103,0.978
102,1092,14880882,0.967
103,1092,41535814,0.949
104,1092,8813021,0.989
105,1092,18773650,0.982
106,1092,13664896,0.976
107,1092,17892837,0.886
108,1092,11542774,0.999
109,1092,18921894,0.95
110,1092,11686707,0.976
111,1092,17518698,0.998
112,1092,13481975,0.974
113,1092,41413478,0.972
114,1092,27401925,0.996
115,1092,12101140,0.997
116,1092,34569769,0.885
117,1092,13071599,0.991
118,1092,12851439,0.928
119,1092,8797902,0.991
120,1092,6153701,0.999
121,1092,15863869,0.947
122,1092,11394546,0.987
123,1092,61258857,0.953
124,1092,11452154,0.997
125,1092,10896271,0.981
126,1092,8336991,0.998
127,1092,7746983,0.994
128,1092,45154809,0.882
129,1092,9003721,0.993
130,1092,6432074,1
131,1092,14429114,0.946
132,1092,17912546,0.865
133,1092,22626958,0.993
134,1092,12636888,0.989
135,1092,16174755,0.949
136,1092,14775318,0.995
137,1092,8536122,0.998
138,1092,16644209,0.989
139,1092,14468438,0.978
140,1092,12508829,0.995
141,1092,12598146,0.969
142,1092,9858677,0.997
143,1092,17020390,0.768
144,1092,22555500,0.957
145,1092,19723669,0.945
146,1092,7283459,1
147,1092,12305231,0.991
148,1092,18621158,0.912
149,1092,12378875,0.914
150,1092,12885704,0.99
151,1092,17823343,0.898
152,1092,12948821,0.981
153,1092,15814586,0.964
154,1092,16177710,0.981
155,1092,18074959,0.939
156,1092,38126572,0.98
157,1092,10313330,0.993
158,1092,41726957,0.978
159,1092,22661800,0.945
160,1092,10875132,0.99
161,1092,23103718,0.975
162,1092,14052366,0.99
163,1092,63053203,0.98
164,1092,9996910,0.997
165,1092,42886321,0.908
166,1092,14527115,0.893
167,1092,29536664,0.987
168,1092,25027873,0.918
169,1092,20228764,0.985
170,1092,16965882,0.942
171,1092,17033623,0.967
172,1092,14291369,0.982
173,1092,17982924,0.895
174,1092,17727526,0.932
175,1092,36717791,0.954
176,1092,21676885,0.992
177,1092,21098518,0.943
178,1092,15794709,0.992
179,1092,17780588,0.983
180,1092,29786482,0.879
181,1092,7414130,0.998
182,1092,9902893,0.996
183,1092,17658416,0.895
184,1092,10865050,0.999
185,1092,6731401,0.998
186,1092,16295185,0.963
187,1092,12385168,0.989
188,1092,14600756,0.979
189,1092,12768447,0.984
190,1092,27297311,0.939
191,1092,17504717,0.952
192,1092,5352989,1
193,1092,15398402,0.968
194,1092,17554988,0.922
195,1092,11544586,0.989
196,1092,16100002,0.956
197,1092,9725073,0.992
198,1092,13158582,0.945
199,1092,20209986,0.88
200,1092,15185435,0.989
201,1092,12546544,0.979
202,1092,7179281,0.999
203,1092,11240241,0.991
204,1092,21204401,0.991
205,1092,12902633,0.979
206,1092,15919331,0.957
207,1092,49593118,0.836
208,1092,12415340,0.993
209,1092,11030103,0.995
210,1092,12022338,0.983
211,1092,30556513,0.973
212,1092,13638378,0.964
213,1092,70080110,0.877
214,1092,24019617,0.94
215,1092,20922751,0.995
216,1092,11423868,0.996
217,1092,16358397,0.974
218,1092,71123134,0.895
219,1092,17932894,0.908
220,1092,31927797,0.885
221,1092,12634082,0.989
222,1092,14275974,0.941
223,1092,8447218,0.998
224,1092,23287698,0.901
225,1092,16253693,0.946
226,1092,32915851,0.905
227,1092,14538270,0.985
228,1092,5917459,0.998
229,1092,12818065,0.989
230,1092,8273703,0.994
231,1092,17899962,0.922
232,1092,16109719,0.987
233,1092,21569827,0.977
234,1092,25205548,0.985
235,1092,11300570,0.99
236,1092,6003107,1
237,1092,10765168,0.989
238,1092,35161059,0.945
239,1092,7771062,0.999
240,1092,9325246,0.985
241,1092,20537267,0.875
242,1092,18248761,0.964
243,1092,10302995,0.997
244,1092,13980814,0.943
245,1092,28713319,0.977
246,1092,13543953,0.993
247,1092,9606153,0.993
248,1092,18699361,0.943
249,1092,8788766,0.992
250,1092,16071754,0.987
251,1092,14513205,0.997
252,1092,10676740,0.999
253,1092,24078680,0.982
254,1092,16299220,0.961
255,1092,13621623,0.989
256,1092,8314395,0.999
257,1092,11509385,0.993
258,1092,16943676,0.983
259,1092,16751608,0.97
260,1092,8760621,0.996
261,1092,11424785,0.993
262,1092,43524636,0.984
263,1092,15616855,0.96
264,1092,36980054,0.856
265,1092,12717202,0.977
266,1092,15347418,0.965
267,1092,14980055,0.887
268,1092,40197489,0.862
269,1092,9423492,0.999
270,1092,14586535,0.973
271,1092,27714394,0.907
272,1092,13438043,0.98
273,1092,9617787,0.988
274,1092,15446954,0.979
275,1092,13991282,0.998
276,1092,6608148,1
277,1092,48091584,0.995
278,1092,15295382,0.956
279,1092,16893481,0.995
280,1092,9870339,0.992
281,1092,18183790,0.936
282,1092,23499651,0.982
283,1092,11332426,0.994
284,1092,12588846,0.989
285,1092,41005646,0.88
286,1092,8200820,0.999
287,1092,11955327,0.989
288,1092,15747801,0.914
289,1092,8712544,0.996
290,1092,8350920,0.998
291,1092,11753134,0.961
292,1092,26589518,0.947
293,1092,16210348,0.986
294,1092,27273930,0.986
295,1092,24653537,0.956
296,1092,15941834,0.959
297,1092,16300172,0.947
298,1092,11730474,0.989
299,1092,14165973,0.978
300,1092,32393714,0.928
301,1092,9204322,0.994
302,1092,37981403,0.948
303,1092,18048034,0.849
304,1092,11975047,0.985
305,1092,11423360,0.919
306,1092,26107334,0.994
307,1092,11001603,0.997
308,1092,11171294,0.99
309,1092,16491962,0.965
310,1092,7963301,0.998
311,1092,12882963,0.954
312,1092,28133617,0.981
313,1092,14461758,0.966
314,1092,12631784,0.988
315,1092,33295006,0.966
316,1092,8346021,1
317,1092,17031822,0.923
318,1092,24081065,0.954
319,1092,16948027,0.961
320,1092,19941581,0.944
321,1092,21303530,0.971
322,1092,7217984,1
323,1092,7979495,0.999
324,1092,7727382,0.995
325,1092,26196380,0.887
326,1092,15153787,0.947
327,1092,12307275,0.974
328,1092,17671004,0.956
329,1092,15714431,0.974
330,1092,10573668,0.993
331,1092,17180685,0.91
332,1092,12250232,0.989
333,1092,8713189,0.978
334,1092,12586043,0.99
335,1092,6224523,1
336,1092,11306485,0.993
337,1092,29688902,0.967
338,1092,12371186,0.994
339,1092,12027280,0.993
340,1092,14344373,0.964
341,1092,15428006,0.947
342,1092,8363090,0.994
343,1092,13844565,0.959
344,1092,16458775,0.974
345,1092,11271382,0.991
346,1092,14268421,0.935
347,1092,10719365,0.963
348,1092,7870182,0.996
349,1092,11609447,0.979
350,1092,9489050,0.976
351,1092,10616646,0.991
352,1092,9765190,0.995
353,1092,12057051,0.984
354,1092,37481173,0.953
355,1092,18436752,1
356,1092,25577430,0.948
357,1092,21186865,0.971
358,1092,19698121,0.806
359,1092,8392860,0.994
360,1092,33651504,0.95
361,1092,23337952,0.976
362,1092,8996243,0.998
363,1092,16625229,0.943
364,1092,51991514,0.967
365,1092,13737008,0.967
366,1092,14202526,0.907
367,1092,14997385,0.975
368,1092,19786032,0.882
369,1092,9163054,0.991
370,1092,18915976,0.857
371,1092,43678165,0.91
372,1092,27154870,0.958
373,1092,10235831,0.996
374,1092,20588129,0.772
375,1092,19322931,0.994
376,1092,25788314,0.89
377,1092,21105791,0.785
378,1092,14041230,0.967
379,1092,16305438,0.781
380,1092,22456357,0.997
381,1092,41776085,0.992
382,1092,17367460,0.956
383,1092,18250807,0.848
384,1092,7311676,1
385,1092,11613118,0.982
386,1092,14516982,0.945
387,1092,16654429,0.97
388,1092,14447875,0.979
389,1092,29941247,0.922
390,1092,13243398,0.99
391,1092,21850585,0.994
392,1092,19160334,0.82
393,1092,10921008,0.993
394,1092,18011016,0.967
395,1092,48718154,0.912
396,1092,9390535,0.97
397,1092,10358959,0.992
398,1092,53735140,0.88
399,1092,12440223,0.973
400,1092,10499943,0.991
401,1092,16610418,0.944
402,1092,10320023,0.984
403,1092,16326114,0.944
404,1092,8577233,0.989
405,1092,33503999,0.871
406,1092,30246747,0.931
407,1092,11166061,0.994
408,1092,18898402,0.963
409,1092,14623772,0.972
410,1092,8053726,1
411,1092,11879997,0.999
412,1092,35378815,0.98
413,1092,11175034,0.97
414,1092,18186341,0.887
415,1092,13337605,0.981
416,1092,19111946,0.937
417,1092,9452361,0.982
418,1092,11228397,0.988
419,1092,16192360,0.925
420,1092,13196916,0.999
421,1092,11988420,0.995
422,1092,12109131,0.983
423,1092,10170306,0.994
424,1092,12330651,0.984
425,1092,14930138,0.976
426,1092,10489546,0.997
427,1092,12054952,0.995
428,1092,28848217,0.922
429,1092,23781739,0.945
430,1092,27554677,0.988
431,1092,17936575,0.919
432,1092,7631745,0.999
433,1092,19397055,0.992
434,1092,6016310,1
435,1092,63530152,0.883
436,1092,16933517,0.981
437,1092,51050334,0.897
438,1092,17057394,0.922
439,1092,11116173,0.992
440,1092,7807118,0.999
441,1092,12876024,0.98
442,1092,13335036,0.99
443,1092,16105708,0.95
444,1092,14377947,0.974
445,1092,24190935,0.971
446,1092,16179071,0.934
447,1092,11548842,0.985
448,1092,13889854,0.982
449,1092,16854375,0.912
450,1092,10364483,0.98
451,1092,24313843,0.987
452,1092,10039694,1
453,1092,11978390,0.994
454,1092,11202867,0.988
455,1092,15617240,0.974
456,1092,11812865,0.993
457,1092,14406936,0.97
458,1092,12876602,0.977
459,1092,16884947,0.897
460,1092,18696396,0.89
461,1092,22764526,0.939
462,1092,16699878,0.917
463,1092,9258429,0.999
464,1092,16422648,0.962
465,1092,8619433,0.991
466,1092,10442516,0.996
467,1092,11285046,0.994
468,1092,6324796,0.999
469,1092,13835069,0.972
470,1092,18720881,0.936
471,1092,7223187,1
472,1092,15329106,0.961
473,1092,18626855,0.92
474,1092,17277643,0.93
475,1092,13822932,0.994
476,1092,14268686,0.991
477,1092,14320724,0.971
478,1092,18600062,0.898
479,1092,14175649,0.999
480,1092,18979919,0.874
481,1092,15873455,0.962
482,1092,10578027,0.997
483,1092,10882332,0.996
484,1092,7761842,1
485,1092,21247368,0.929
486,1092,9880332,0.988
487,1092,17592225,0.95
488,1092,59625680,0.99
489,1092,24177572,0.967
490,1092,16732487,0.904
491,1092,19462751,0.832
492,1092,10397313,0.994
493,1092,16691697,0.96
494,1092,34152832,0.966
495,1092,13764363,0.975
496,1092,10615213,0.975
497,1092,56715638,0.893
498,1092,8554846,0.993
499,1092,6695021,1
500,1092,15187712,0.964
501,1092,10021870,0.989
502,1092,18158178,0.99
503,1092,6576339,1
504,1092,14985039,0.968
505,1092,19055768,0.948
506,1092,8706245,1
507,1092,14651215,0.969
508,1092,15178115,0.984
509,1092,16226610,1
510,1092,9227652,0.989
511,1092,39065435,0.935
512,1092,14749087,0.966
513,1092,16532038,0.948
514,1092,17683187,0.996
515,1092,22625246,0.947
516,1092,8312384,0.996
517,1092,17753270,0.928
518,1092,10149878,0.989
519,1092,26603379,0.987
520,1092,10245122,0.996
521,1092,21115449,0.977
522,1092,8562673,0.995
523,1092,9692030,0.997
524,1092,7675345,0.998
525,1092,16591602,0.915
526,1092,10955766,0.954
527,1092,11752481,0.987
528,1092,9319916,0.994
529,1092,12792825,0.966
530,1092,9046611,0.997
531,1092,13779788,0.99
532,1092,13835809,0.995
533,1092,13128704,0.993
534,1092,26425132,0.975
535,1092,16282065,0.917
536,1092,9855037,0.996
537,1092,11797397,0.97
538,1092,7283861,1
539,1092,11447164,0.996
540,1092,16551902,0.956
541,1092,11147966,0.999
542,1092,15800206,0.97
543,1092,37856730,0.981
544,1092,10041883,0.987
545,1092,28823360,0.939
546,1092,29461887,0.998
547,1092,5105408,1
548,1092,9285236,0.992
549,1092,26280361,0.996
550,1092,28244770,0.975
551,1092,12261848,0.976
552,1092,57157300,0.913
553,1092,16676847,0.928
554,1092,16625317,0.99
555,1092,15259799,0.981
556,1092,16192661,0.928
557,1092,15541732,0.938
558,1092,44461012,0.931
559,1092,12354950,0.964
560,1092,18535145,0.967
561,1092,9939083,0.999
562,1092,10657470,0.984
563,1092,18564346,0.998
564,1092,17780276,0.956
565,1092,18623393,0.98
566,1092,8488115,1
567,1092,25855250,0.976
568,1092,11771272,0.989
569,1092,35819995,0.881
570,1092,7992381,0.996
571,1092,16528047,0.931
572,1092,13625988,0.99
573,1092,12591791,0.994
574,1092,13964896,0.973
575,1092,12941544,0.983
576,1092,16332953,0.978
577,1092,13280372,0.983
578,1092,20885027,0.982
579,1092,30195828,0.942
580,1092,10040068,1
581,1092,24628255,0.997
582,1092,9199471,0.994
583,1092,19075610,0.959
584,1092,9429053,0.995
585,1092,20190821,0.975
586,1092,36311463,0.84
587,1092,8892202,0.999
588,1092,16438920,0.965
589,1092,17063053,0.995
590,1092,9723161,0.999
591,1092,18653140,0.862
592,1092,17579280,0.884
593,1092,13656870,0.966
594,1092,17525518,0.896
595,1092,14202834,0.931
596,1092,8434550,0.999
597,1092,13976844,0.967
598,1092,23674099,0.983
599,1092,16954322,0.948
600,1092,9649205,0.995
601,1092,12963460,0.974
602,1092,39376217,0.925
603,1092,36864087,0.937
604,1092,12137039,0.989
605,1092,24207957,0.944
606,1092,12004789,0.984
607,1092,18462588,0.943
608,1092,50320805,0.928
609,1092,11972472,0.976
610,1092,13519874,1
611,1092,14822976,0.973
612,1092,26961150,0.994
613,1092,9693976,0.992
614,1092,20064377,0.807
615,1092,17013899,0.944
616,1092,13611606,0.983
617,1092,11165647,0.991
618,1092,19815475,0.979
619,1092,14101983,0.957
620,1092,16182800,0.954
621,1092,8236190,0.997
622,1092,15034351,0.977
623,1092,12225676,0.952
624,1092,21481473,0.915
625,1092,10503768,0.991
626,1092,69248730,0.896
627,1092,12123045,0.992
628,1092,16869071,0.931
629,1092,34949116,0.815
630,1092,20063086,0.922
631,1092,12224649,0.983
632,1092,13494409,0.996
633,1092,19758344,1
634,1092,10557882,0.996
635,1092,11655870,0.999
636,1092,23616154,0.919
637,1092,39008766,0.88
638,1092,28113240,0.889
639,1092,15038138,0.986
640,1092,15725804,0.905
641,1092,12965735,0.993
642,1092,15274277,0.973
643,1092,18528369,0.855
644,1092,7658942,1
645,1092,8017507,0.997
646,1092,41269858,0.964
647,1092,16977347,0.939
648,1092,18168641,0.824
649,1092,38152152,0.946
650,1092,12850437,0.987
651,1092,7927053,0.998
652,1092,28953799,0.967
653,1092,23287858,0.957
654,1092,15739654,0.987
655,1092,18574411,0.937
656,1092,9599461,0.992
657,1092,12250289,0.987
658,1092,10783024,0.998
659,1092,24982892,0.898
660,1092,11582519,0.986
661,1092,11685203,0.992
662,1092,14101175,0.946
663,1092,8161882,1
664,1092,9346920,0.996
665,1092,14427698,0.954
666,1092,18182624,0.986
667,1092,13230355,0.989
668,1092,21325305,0.992
669,1092,19883826,0.976
670,1092,9655559,0.996
671,1092,22205980,0.954
672,1092,15481475,0.993
673,1092,12423803,0.993
674,1092,18970814,0.911
675,1092,10105277,0.998
676,1092,15070627,0.987
677,1092,58511891,0.971
678,1092,29056915,0.861
679,1092,24000119,0.989
680,1092,13680004,0.978
681,1092,10961278,0.994
682,1092,9988451,0.993
683,1092,10848372,0.984
684,1092,39224278,0.991
685,1092,11542018,0.994
686,1092,9676321,0.989
687,1092,11277268,0.994
688,1092,44281080,0.933
689,1092,17668649,0.932
690,1092,6998273,0.999
691,1092,27101135,0.968
692,1092,7681521,1
693,1092,30348434,0.863
694,1092,11619556,0.992
695,1092,22028852,0.965
696,1092,39710874,0.965
697,1092,36190981,0.981
698,1092,13152555,0.982
699,1092,11219523,0.996
700,1092,13524907,0.982
701,1092,29319561,0.942
702,1092,32263198,0.966
703,1092,13856681,0.998
704,1092,14491144,0.991
705,1092,52583045,0.934
706,1092,11155071,0.997
707,1092,11307332,0.999
708,1092,16460309,0.874
709,1092,15833759,0.966
710,1092,17603941,0.93
711,1092,14999706,0.967
712,1092,9613683,0.994
713,1092,19964083,0.925
714,1092,12788076,0.999
715,1092,69703102,0.94
716,1092,6711882,0.999
717,1092,10476114,0.998
718,1092,13138606,1
719,1092,24913514,0.984
720,1092,19395445,0.987
721,1092,11748444,0.991
722,1092,10155188,0.996
723,1092,11719815,0.98
724,1092,15386079,0.967
725,1092,11170943,0.992
726,1092,15349874,0.909
727,1092,10472592,0.987
728,1092,14625681,0.943
729,1092,10731595,0.997
730,1092,17271965,0.948
731,1092,18090482,0.964
732,1092,7270651,1
733,1092,8416751,0.999
734,1092,28639751,0.977
735,1092,15296468,0.97
736,1092,24065935,0.962
737,1092,39870249,0.803
738,1092,9450385,0.986
739,1092,14404117,0.969
740,1092,17282967,0.969
741,1092,13168149,0.985
742,1092,9405081,0.989
743,1092,15313605,0.977
744,1092,26635761,0.93
745,1092,9730220,0.995
746,1092,18982725,0.795
747,1092,14221206,0.993
748,1092,30713427,0.957
749,1092,11408361,0.991
750,1092,10054133,0.999
751,1092,10832075,0.996
752,1092,9208186,0.996
753,1092,8909969,1
754,1092,11253909,0.988
755,1092,13246667,0.989
756,1092,30506537,0.956
757,1092,10086629,0.985
758,1092,15010378,0.96
759,1092,26795076,0.997
760,1092,14718758,0.878
761,1092,19932601,0.863
762,1092,11098819,0.995
763,1092,10989543,0.992
764,1092,11324713,0.994
765,1092,19014310,0.977
766,1092,19374787,0.913
767,1092,13888533,0.975
768,1092,30673688,0.952
769,1092,11760736,0.986
770,1092,15088684,0.97
771,1092,25368959,0.888
772,1092,26151256,0.958
773,1092,7961325,1
774,1092,10150904,0.992
775,1092,21835059,0.971
776,1092,17702775,0.916
777,1092,10059820,0.994
778,1092,10919025,0.999
779,1092,18793486,0.932
780,1092,13460568,0.991
781,1092,15979892,0.972
782,1092,38865542,0.973
783,1092,10607953,0.993
784,1092,54221064,0.856
785,1092,24519393,0.817
786,1092,13244795,0.977
787,1092,11401300,0.987
788,1092,9741892,1
789,1092,16594195,0.874
790,1092,18062054,0.881
791,1092,16093987,0.996
792,1092,17127108,0.912
793,1092,12900536,0.991
794,1092,20805972,0.929
795,1092,16934265,0.947
796,1092,14287236,0.959
797,1092,9006663,0.995
798,1092,13272515,0.991
799,1092,17614528,0.913
800,1092,13279675,0.998
801,1092,14985371,0.982
802,1092,14720080,0.972
803,1092,15435750,0.953
804,1092,17544715,0.993
805,1092,6559359,0.997
806,1092,21863951,0.909
807,1092,16222570,0.903
808,1092,11228540,0.989
809,1092,22188691,0.988
810,1092,31969224,0.97
811,1092,19789866,0.993
812,1092,40430835,0.985
813,1092,13899621,0.997
814,1092,12186414,0.96
815,1092,14868643,0.96
816,1092,10589159,0.984
817,1092,38294775,0.974
818,1092,16890558,0.922
819,1092,14263947,0.972
820,1092,11484367,0.982
821,1092,11659798,0.997
822,1092,15901380,0.965
823,1092,9396705,0.99
824,1092,21240739,0.985
825,1092,10551705,0.996
826,1092,39774368,0.889
827,1092,31699442,0.96
828,1092,11493073,0.983
829,1092,25707869,0.958
830,1092,16197093,0.99
831,1092,15246763,0.97
832,1092,14665986,0.998
833,1092,11633737,0.997
834,1092,16286039,0.97
835,1092,8505182,1
836,1092,11245060,0.989
837,1092,10529494,0.978
838,1092,23147453,0.987
839,1092,17783607,0.989
840,1092,11365566,0.978
841,1092,31163457,0.99
842,1092,8527601,0.992
843,1092,13706221,0.981
844,1092,30953255,0.939
845,1092,24594888,0.946
846,1092,12491718,0.967
847,1092,10734912,0.997
848,1092,10457551,0.983
849,1092,13506884,0.983
850,1092,14405024,0.967
851,1092,5981168,0.999
852,1092,13995726,0.99
853,1092,11697260,0.994
854,1092,17136184,0.906
855,1092,27132082,0.997
856,1092,15472734,0.975
857,1092,12946607,0.961
858,1092,15777933,0.94
859,1092,27274389,0.971
860,1092,6852538,1
861,1092,19711815,0.993
862,1092,9519490,0.999
863,1092,14300587,0.991
864,1092,16904309,0.985
865,1092,11925844,0.98
866,1092,26262753,0.986
867,1092,11600016,0.984
868,1092,19078846,0.858
869,1092,33565180,0.923
870,1092,15231008,0.952
871,1092,9932997,0.996
872,1092,12659450,0.97
873,1092,13625958,0.962
874,1092,14905081,0.969
875,1092,29206870,0.932
876,1092,34931647,0.965
877,1092,9014150,1
878,1092,10874273,0.968
879,1092,14974073,0.992
880,1092,12897075,0.983
881,1092,14957331,0.966
882,1092,18808061,0.979
883,1092,27333413,0.909
884,1092,14680244,0.99
885,1092,8299576,0.999
886,1092,16644767,0.937
887,1092,18291782,0.97
888,1092,12493815,0.996
889,1092,8981639,0.991
890,1092,31084767,0.929
891,1092,15161403,0.945
892,1092,14188567,0.979
893,1092,12091636,0.967
894,1092,20401670,0.933
895,1092,24465759,0.975
896,1092,15246540,0.957
897,1092,11692718,0.994
898,1092,12387004,0.997
899,1092,12189829,0.988
900,1092,13102588,0.984
901,1092,10557044,0.995
902,1092,17072182,0.932
903,1092,13983490,0.99
904,1092,10639617,0.992
905,1092,10387900,1
906,1092,42507598,0.901
907,1092,5274807,0.999
908,1092,10334637,0.995
909,1092,27096803,0.984
910,1092,9177806,0.997
911,1092,8634138,0.994
912,1092,47144923,0.966
913,1092,10231189,0.996
914,1092,27181029,0.992
915,1092,11443478,0.993
916,1092,8919409,0.99
917,1092,9860586,0.997
918,1092,19080844,0.983
919,1092,16032337,0.978
920,1092,9003739,0.991
921,1092,14299162,0.97
922,1092,14232581,0.979
923,1092,6835261,0.999
924,1092,23234388,0.972
925,1092,16679009,0.99
926,1092,14058378,0.985
927,1092,29711383,0.929
928,1092,14755015,0.985
929,1092,21643231,0.93
930,1092,20698081,0.992
931,1092,13024965,0.987
932,1092,11662621,0.99
933,1092,54612976,0.932
934,1092,9526722,0.991
935,1092,7885852,1
936,1092,15641114,0.973
937,1092,6581070,1
938,1092,16401690,0.939
939,1092,22262088,0.927
940,1092,16273218,0.992
941,1092,11993426,0.985
942,1092,11612576,0.983
943,1092,26425660,0.974
944,1092,14326505,0.962
945,1092,20891733,0.988
946,1092,14349590,0.985
947,1092,42564248,0.922
948,1092,29256895,0.991
949,1092,14081769,0.989
950,1092,8110138,0.995
951,1092,40795818,0.962
952,1092,12474542,0.99
953,1092,8755227,0.999
954,1092,17886372,0.787
955,1092,11478408,0.986
956,1092,14752934,0.984
957,1092,13718244,0.959
958,1092,23456357,0.99
959,1092,12039542,0.986
960,1092,16454086,0.978
961,1092,11838336,0.986
962,1092,16239121,0.942
963,1092,44957837,0.866
964,1092,17258424,0.922
965,1092,15511117,0.992
966,1092,11331477,0.99
967,1092,11301299,0.943
968,1092,11434992,0.97
969,1092,23025575,0.997
970,1092,11038247,0.979
971,1092,24126326,0.985
972,1092,18096305,0.972
973,1092,15614656,0.957
974,1092,21246997,0.999
975,1092,56917849,0.908
976,1092,22836492,0.976
977,1092,28600191,0.862
978,1092,27248765,0.953
979,1092,16559920,0.972
980,1092,24096418,0.976
981,1092,18566281,0.905
982,1092,12767890,0.989
983,1092,9700857,0.993
984,1092,16678741,0.949
985,1092,9699933,0.994
986,1092,11719569,0.992
987,1092,24648921,0.962
988,1092,11034474,0.991
989,1092,32930615,0.956
990,1092,14752343,0.985
991,1092,26723595,0.884
992,1092,18591254,0.951
993,1092,20059190,0.971
994,1092,12777680,0.974
995,1092,17574971,0.97
996,1092,10277116,0.998
997,1092,18247320,0.967
998,1092,35507406,0.988
999,1092,9616566,0.997
1000,1092,13502345,0.983
1001,1092,7862024,0.999
1002,1092,11296284,0.996
1003,1092,17333124,0.99
1004,1092,11955626,0.995
1005,1092,9413024,0.999
1006,1092,9838845,0.989
1007,1092,10291255,0.994
1008,1092,38770799,0.972
1009,1092,8888412,0.998
1010,1092,15882833,0.948
1011,1092,18356434,1
1012,1092,8569341,0.999
1013,1092,11341855,0.995
1014,1092,18769440,0.912
1015,1092,18477477,0.874
1016,1092,15975330,0.86
1017,1092,16789101,0.983
1018,1092,16300398,0.947
1019,1092,17674049,0.986
1020,1092,22677239,0.936
1021,1092,11273231,0.998
1022,1092,7403884,0.999
1023,1092,35196057,0.999
1024,1092,25035604,0.959
1025,1092,12656020,0.971
1026,1092,13725998,0.985
1027,1092,7859230,0.998
1028,1092,10419441,0.995
1029,1092,28028958,0.986
1030,1092,12287163,0.988
1031,1092,18334822,0.901
1032,1092,13208573,0.98
1033,1092,11089622,1
1034,1092,13112871,0.99
1035,1092,12339177,0.996
1036,1092,32204420,0.967
1037,1092,34629098,0.946
1038,1092,19899405,0.937
1039,1092,18800171,0.959
1040,1092,8297527,0.998
1041,1092,10883164,0.996
1042,1092,10558250,0.987
1043,1092,11556254,0.985
1044,1092,19891335,0.874
1045,1092,10043490,0.99
1046,1092,15142384,0.96
1047,1092,14730830,0.925
1048,1092,10890498,0.992
1049,1092,15602292,0.976
1050,1092,28297841,0.927
1051,1092,32411803,0.97
1052,1092,16636990,0.947
1053,1092,13715271,0.98
1054,1092,17296335,0.998
1055,1092,16856680,0.986
1056,1092,10197665,0.996
1057,1092,27825701,0.988
1058,1092,8190307,1
1059,1092,14168946,0.987
1060,1092,8691456,0.998
1061,1092,15441336,0.953
1062,1092,14600975,0.985
1063,1092,18223064,0.964
1064,1092,15653012,0.945
1065,1092,15697705,0.93
1066,1092,13133622,0.994
1067,1092,21004387,0.977
1068,1092,29257331,0.922
1069,1092,12323013,0.951
1070,1092,26470687,0.866
1071,1092,10403518,0.998
1072,1092,10080925,0.997
1073,1092,16644724,0.97
1074,1092,14916151,0.999
1075,1092,14074894,0.978
1076,1092,38260227,0.902
1077,1092,18043221,0.827
1078,1092,7960848,1
1079,1092,22658208,0.921
1080,1092,8366456,0.994
1081,1092,15134642,0.998
1082,1092,31858035,0.978
1083,1092,47609124,0.992
1084,1092,12282399,0.99
1085,1092,6400288,1
1086,1092,13734463,0.959
1087,1092,9339795,0.997
1088,1092,13952860,0.955
1089,1092,8138263,0.997
1090,1092,41314273,0.923
1091,1092,8229029,0.998
1092,1092,7309332,1
1093,1092,34890023,0.986
1094,1092,45724524,0.954
1095,1092,26277402,0.997
1096,1092,10615744,0.983
1097,1092,11742293,0.987
1098,1092,12587207,0.979
1099,1092,16177443,0.953
1100,1092,11981898,0.985
1101,1092,8275215,0.997
1102,1092,24950676,0.929
1103,1092,12182838,0.996
1104,1092,13163281,0.848
1105,1092,18069692,0.972
1106,1092,5908964,1
1107,1092,35291474,0.944
1108,1092,15100564,0.983
1109,1092,47851297,0.925
1110,1092,28128319,0.968
1111,1092,16905818,0.964
1112,1092,14821974,0.946
1113,1092,14137734,0.988
1114,1092,14976958,0.975
1115,1092,36342531,0.934
1116,1092,13956519,0.981
1117,1092,12764799,0.976
1118,1092,31899744,0.956
1119,1092,13550634,0.982
1120,1092,12580429,0.992
1121,1092,10470751,0.959
1122,1092,10891410,0.992
1123,1092,10677451,0.981
1124,1092,16212496,0.914
1125,1092,15123535,0.961
1126,1092,16455077,0.995
1127,1092,15108533,0.963
1128,1092,10371494,0.99
1129,1092,10576368,0.982
1130,1092,51711316,0.878
1131,1092,7770750,0.999
1132,1092,13434363,0.982
1133,1092,11570037,0.98
1134,1092,11830224,0.995
1135,1092,7837935,0.998
1136,1092,10107473,0.991
1137,1092,14614083,0.947
1138,1092,15553216,0.948
1139,1092,17962041,0.983
1140,1092,17950754,0.946
1141,1092,13034008,0.99
1142,1092,10968008,0.991
1143,1092,24380629,0.935
1144,1092,15527387,0.922
1145,1092,12413633,0.99
1146,1092,17070188,0.979
1147,1092,14186599,0.973
1148,1092,33808991,0.991
1149,1092,14516019,0.996
1150,1092,10408900,0.987
1151,1092,8429298,0.998
1152,1092,10163282,0.993
1153,1092,17062708,0.926
1154,1092,19101924,0.999
1155,1092,5262330,0.999
1156,1092,17713257,0.932
1157,1092,12173509,0.992
1158,1092,11295374,0.977
1159,1092,13199863,0.997
1160,1092,9841904,0.993
1161,1092,43144014,0.912
1162,1092,11735776,0.978
1163,1092,20527844,0.933
1164,1092,13373994,0.935
1165,1092,21159284,0.857
1166,1092,20636148,0.979
1167,1092,12466055,0.989
1168,1092,12682569,0.987
1169,1092,16447000,0.987
1170,1092,10866288,0.997
1171,1092,10131975,0.989
1172,1092,8596514,0.989
1173,1092,13353573,0.98
1174,1092,20910980,0.836
1175,1092,10602107,0.998
1176,1092,18233990,0.892
1177,1092,10690492,0.998
1178,1092,17998573,0.873
1179,1092,8451015,0.996
1180,1092,8979001,1
1181,1092,12511308,0.981
1182,1092,21587196,0.95
1183,1092,15167863,0.973
1184,1092,14636129,0.958
1185,1092,28397142,0.917
1186,1092,14226411,0.943
1187,1092,15572390,0.971
1188,1092,17259747,0.947
1189,1092,12319926,0.995
1190,1092,14991973,0.992
1191,1092,19761275,0.954
1192,1092,13271534,0.99
1193,1092,11556017,0.996
1194,1092,10499978,0.992
1195,1092,42197021,0.948
1196,1092,13846561,0.978
1197,1092,27792206,0.862
1198,1092,10241627,0.991
1199,1092,12415525,0.989
1200,1092,18658334,0.996
1201,1092,5343935,0.999
1202,1092,21805986,0.969
1203,1092,17924583,0.995
1204,1092,11954998,0.993
1205,1092,33380196,0.925
1206,1092,14559203,0.965
1207,1092,10623320,0.987
1208,1092,9487702,0.993
1209,1092,25315321,0.881
1210,1092,11248964,0.987
1211,1092,30561187,0.996
1212,1092,23436443,0.935
1213,1092,17542630,0.998
1214,1092,55008487,0.888
1215,1092,19026389,0.853
1216,1092,17862237,0.958
1217,1092,12663589,0.967
1218,1092,15140587,0.975
1219,1092,17168239,0.956
1220,1092,17987876,0.953
1221,1092,11312959,0.995
1222,1092,13505790,0.928
1223,1092,37521678,0.875
1224,1092,40107194,0.918
1225,1092,12661769,0.977
1226,1092,11316158,0.998
1227,1092,35526640,0.87
1228,1092,9791225,0.99
1229,1092,25207537,0.898
1230,1092,17446629,0.815
1231,1092,14249450,0.987
1232,1092,15947474,0.971
1233,1092,11680639,0.997
1234,1092,10227338,0.995
1235,1092,13366432,0.996
1236,1092,17521472,0.971
1237,1092,16645743,0.932
1238,1092,38783963,0.984
1239,1092,12207437,0.989
1240,1092,26862838,0.923
1241,1092,23175486,0.99
1242,1092,16275116,0.987
1243,1092,11058406,1
1244,1092,10577634,0.995
1245,1092,11591475,0.993
1246,1092,22931231,0.99
1247,1092,12802328,0.988
1248,1092,6161306,0.995
1249,1092,14841567,0.951
1250,1092,8385049,0.972
1251,1092,9024075,0.992
1252,1092,13328615,0.974
1253,1092,8010656,0.997
1254,1092,17787166,0.958
1255,1092,10461957,0.993
1256,1092,58288786,0.861
1257,1092,24048881,0.851
1258,1092,14822868,0.984
1259,1092,6584160,1
1260,1092,29378488,0.995
1261,1092,8438966,1
1262,1092,14362699,0.966
1263,1092,18634352,0.949
1264,1092,14415771,0.991
1265,1092,16629742,0.871
1266,1092,19020619,0.887
1267,1092,14498219,0.989
1268,1092,15441936,0.961
1269,1092,14161491,0.958
1270,1092,8945365,0.993
1271,1092,11843249,0.98
1272,1092,26205059,0.906
1273,1092,12493850,0.981
1274,1092,7384305,0.995
1275,1092,24631758,0.968
1276,1092,30824385,0.981
1277,1092,13249986,0.972
1278,1092,17642903,0.893
1279,1092,13450232,0.984
1280,1092,16575542,0.957
1281,1092,12492026,0.965
1282,1092,14717915,0.975
1283,1092,17748453,0.971
1284,1092,10686692,0.989
1285,1092,18316504,0.811
1286,1092,10851055,0.996
1287,1092,45798923,0.994
1288,1092,9639988,0.999
1289,1092,16147230,0.939
1290,1092,10458697,0.991
1291,1092,15500155,0.949
1292,1092,10294842,0.995
1293,1092,10713421,0.994
1294,1092,9444983,0.997
1295,1092,9056190,0.994
1296,1092,33125001,0.977
1297,1092,9449005,0.996
1298,1092,10093682,0.992
1299,1092,9523700,0.998
1300,1092,8456725,0.981
1301,1092,17884118,0.838
1302,1092,12987235,0.986
1303,1092,10953438,0.986
1304,1092,12549451,0.981
1305,1092,6312606,0.999
1306,1092,10269802,0.997
1307,1092,11149368,0.986
1308,1092,12772483,0.981
1309,1092,12772101,0.993
1310,1092,9088011,0.999
1311,1092,10815804,0.991
1312,1092,13943728,0.961
1313,1092,13905867,0.996
1314,1092,11064585,0.995
1315,1092,11669286,0.994
1316,1092,8242372,0.994
1317,1092,16507526,0.955
1318,1092,11267084,0.988
1319,1092,12916601,0.988
1320,1092,31749784,0.983
1321,1092,7243155,0.999
1322,1092,17894158,0.964
1323,1092,19205429,0.959
1324,1092,14919483,0.976
1325,1092,40884318,0.869
1326,1092,6067632,1
1327,1092,59876871,0.972
1328,1092,13608410,0.984
1329,1092,12734485,0.995
1330,1092,11915879,0.99
1331,1092,14390043,0.981
1332,1092,11647578,0.975
1333,1092,9534950,0.989
1334,1092,9029642,0.999
1335,1092,10341561,0.989
1336,1092,12867946,0.986
1337,1092,14741868,0.957
1338,1092,17229185,0.976
1339,1092,7833902,1
1340,1092,17596641,0.974
1341,1092,11364679,0.994
1342,1092,18071089,0.957
1343,1092,12851215,0.98
1344,1092,17817697,0.9
1345,1092,14166154,0.971
1346,1092,7227720,1
1347,1092,42555103,0.909
1348,1092,21993055,0.926
1349,1092,13124606,0.987
1350,1092,23542292,0.943
1351,1092,16874456,0.974
1352,1092,9095959,0.998
1353,1092,12818509,0.987
1354,1092,14171705,0.989
1355,1092,11572562,0.972
1356,1092,6668238,1
1357,1092,9991175,0.995
1358,1092,9020342,1
1359,1092,17333490,0.898
1360,1092,19920651,0.946
1361,1092,10607528,0.986
1362,1092,9990917,0.999
1363,1092,18815929,0.968
1364,1092,15050889,0.975
1365,1092,14493911,0.986
1366,1092,7539618,0.998
1367,1092,9944841,0.998
1368,1092,10134842,0.971
1369,1092,9284837,0.995
1370,1092,19562335,0.963
1371,1092,16368740,0.982
1372,1092,20256583,0.994
1373,1092,14072434,0.969
1374,1092,21471226,0.95
1375,1092,9035084,0.995
1376,1092,9420304,0.998
1377,1092,12697445,0.989
1378,1092,7911250,0.996
1379,1092,18458200,0.989
1380,1092,13919083,0.979
1381,1092,17354225,0.935
1382,1092,16679979,0.963
1383,1092,42184739,0.811
1384,1092,9858237,0.999
1385,1092,13108930,0.991
1386,1092,41022519,0.866
1387,1092,33716047,0.971
1388,1092,18641040,0.981
1389,1092,26102222,0.979
1390,1092,14295750,0.898
1391,1092,12835645,0.981
1392,1092,27218421,0.931
1393,1092,11560480,0.984
1394,1092,13416662,0.975
1395,1092,16727922,0.996
1396,1092,8927975,0.999
1397,1092,18382130,0.901
1398,1092,13387533,0.946
1399,1092,35705193,0.842
1400,1092,17157594,0.911
1401,1092,12915096,0.985
1402,1092,11570414,0.977
1403,1092,30413458,0.963
1404,1092,7345678,1
1405,1092,53348829,0.936
1406,1092,19719217,0.978
1407,1092,15877018,0.968
1408,1092,11839532,0.99
1409,1092,8872060,0.997
1410,1092,6135773,1
1411,1092,22731492,0.974
1412,1092,31225870,0.944
1413,1092,15479873,0.953
1414,1092,12134750,0.982
1415,1092,12293952,0.989
1416,1092,13853673,0.989
1417,1092,15531240,0.965
1418,1092,12046529,0.979
1419,1092,36325586,0.886
1420,1092,39188732,0.944
1421,1092,30392656,0.984
1422,1092,10787988,0.988
1423,1092,14228134,0.985
1424,1092,17403036,0.981
1425,1092,25618412,0.87
1426,1092,10875121,0.996
1427,1092,9313707,0.997
1428,1092,11167827,0.987
1429,1092,21596804,0.977
1430,1092,9727816,0.996
1431,1092,11769191,0.989
1432,1092,8956902,0.999
1433,1092,16183902,0.953
1434,1092,16701416,0.966
1435,1092,29656318,0.972
1436,1092,17509031,0.941
1437,1092,16790603,0.991
1438,1092,56483025,0.978
1439,1092,19102095,0.934
1440,1092,13074407,0.994
1441,1092,15181750,0.96
1442,1092,12544663,0.99
1443,1092,33317711,0.809
1444,1092,12311909,0.992
1445,1092,9334200,0.992
1446,1092,12517309,0.967
1447,1092,13345665,0.971
1448,1092,11948012,0.988
1449,1092,15736978,0.991
1450,1092,13781367,0.995
1451,1092,23231744,0.989
1452,1092,65885625,0.957
1453,1092,23247741,0.953
1454,1092,18291400,0.99
1455,1092,20128911,0.969
1456,1092,9318143,0.988
1457,1092,18866624,0.888
1458,1092,12346449,0.991
1459,1092,13569159,0.997
1460,1092,8106247,0.996
1461,1092,24397953,0.96
1462,1092,27312572,0.903
1463,1092,21263690,0.981
1464,1092,11926416,0.99
1465,1092,16578064,0.927
1466,1092,12127101,0.984
1467,1092,12461172,0.974
1468,1092,23188487,0.963
1469,1092,10919227,0.998
1470,1092,21107048,0.999
1471,1092,10041873,0.987
1472,1092,17660957,0.97
1473,1092,9431650,0.999
1474,1092,9534882,0.986
1475,1092,30403203,0.979
1476,1092,17328467,0.998
1477,1092,8331490,0.998
1478,1092,46527032,0.923
1479,1092,37672626,0.957
1480,1092,7718327,0.997
1481,1092,7163148,0.998
1482,1092,18018399,0.986
1483,1092,8590467,1
1484,1092,11843241,0.994
1485,1092,12566698,0.992
1486,1092,15635537,0.995
1487,1092,12742715,0.988
1488,1092,8453129,0.998
1489,1092,12829642,0.99
1490,1092,15988189,0.999
1491,1092,14063271,0.978
1492,1092,56361058,0.874
1493,1092,9100343,0.986
1494,1092,12360989,0.996
1495,1092,7332256,0.996
1496,1092,14315491,0.962
1497,1092,22480330,0.776
1498,1092,29430182,0.97
1499,1092,11365044,0.995
1500,1092,14644796,0.981
1501,1092,15292050,0.984
1502,1092,14671253,0.985
1503,1092,35796743,0.981
1504,1092,12117601,0.992
1505,1092,13025863,0.972
1506,1092,7184881,0.999
1507,1092,8144565,0.987
1508,1092,13640991,0.994
1509,1092,10991907,0.998
1510,1092,9092878,0.999
1511,1092,12697287,0.988
1512,1092,4977343,1
1513,1092,17584327,0.977
1514,1092,22568364,0.982
1515,1092,25843597,0.964
1516,1092,16327621,0.951
1517,1092,10642372,0.992
1518,1092,8188639,0.996
1519,1092,42475813,0.903
1520,1092,13122854,0.98
1521,1092,18924040,0.834
1522,1092,26901632,0.852
1523,1092,15811001,0.978
1524,1092,37395822,0.947
1525,1092,7821650,1
1526,1092,25901635,0.96
1527,1092,14733779,0.984
1528,1092,15657620,0.987
1529,1092,8227424,0.989
1530,1092,21204475,0.991
1531,1092,16612600,0.918
1532,1092,68673758,0.874
1533,1092,27832816,0.949
1534,1092,13307611,0.978
1535,1092,10677089,0.995
1536,1092,31392458,0.979
1537,1092,11451312,0.99
1538,1092,12144872,0.995
1539,1092,10603841,0.999
1540,1092,13131625,0.988
1541,1092,12229685,0.961
1542,1092,12074204,0.994
1543,1092,16619181,0.982
1544,1092,29809256,0.944
1545,1092,20538033,0.991
1546,1092,10615634,0.995
1547,1092,11466220,0.992
1548,1092,61816878,0.955
1549,1092,14213982,0.974
1550,1092,11573221,1
1551,1092,11626141,0.994
1552,1092,16140192,0.951
1553,1092,21311156,0.895
1554,1092,9795108,0.998
1555,1092,28575100,0.903
1556,1092,21603125,0.967
1557,1092,33660084,0.87
1558,1092,15619547,0.929
1559,1092,11399900,0.99
1560,1092,21358185,0.968
1561,1092,14545529,0.845
1562,1092,13871803,0.98
1563,1092,9778089,0.999
1564,1092,8109020,0.999
1565,1092,9107793,0.999
1566,1092,8597951,1
1567,1092,9125374,0.999
1568,1092,7831899,0.996
1569,1092,9925381,0.998
1570,1092,9917653,0.996
1571,1092,12430387,0.999
1572,1092,64675657,0.903
1573,1092,13836740,0.972
1574,1092,11652298,0.994
1575,1092,8225992,0.98
1576,1092,15998725,0.964
1577,1092,25334108,0.797
1578,1092,40352172,0.851
1579,1092,10709540,0.971
1580,1092,12001650,0.988
1581,1092,24568821,0.91
1582,1092,42702701,0.858
1583,1092,15568082,0.974
1584,1092,7823239,1
1585,1092,40213201,0.976
1586,1092,18406070,0.952
1587,1092,8852295,0.999
1588,1092,38354042,0.934
1589,1092,18045986,0.972
1590,1092,8799364,0.995
1591,1092,55237762,0.966
1592,1092,22843417,0.913
1593,1092,10389611,0.996
1594,1092,12474127,0.983
1595,1092,8357777,0.986
1596,1092,16293112,0.958
1597,1092,11105039,0.985
1598,1092,17709950,0.959
1599,1092,12073475,0.839
1600,1092,34274599,0.976
1601,1092,14719558,0.986
1602,1092,20203581,0.99
1603,1092,12424249,0.992
1604,1092,6552498,1
1605,1092,50092135,0.972
1606,1092,11309553,0.998
1607,1092,17934127,0.867
1608,1092,42348688,0.943
1609,1092,12286977,0.989
1610,1092,11427635,0.984
1611,1092,22120526,0.976
1612,1092,10301346,0.998
1613,1092,10979089,0.991
1614,1092,11597910,0.998
1615,1092,9073031,0.999
1616,1092,8466263,0.998
1617,1092,16893092,0.994
1618,1092,23323614,0.917
1619,1092,10727163,0.992
1620,1092,10926746,0.987
1621,1092,9776242,0.997
1622,1092,9602454,0.99
1623,1092,13425588,0.976
1624,1092,9751748,0.999
1625,1092,17089925,0.957
1626,1092,20468057,0.989
1627,1092,8173673,0.999
1628,1092,14910005,0.967
1629,1092,13762955,0.947
1630,1092,17678328,0.998
1631,1092,15394366,0.985
1632,1092,9835355,0.987
1633,1092,10214689,0.968
1634,1092,6937788,1
1635,1092,10521203,0.997
1636,1092,12910903,0.986
1637,1092,15083593,0.919
1638,1092,10599902,0.981
1639,1092,26212761,0.913
1640,1092,11483833,0.988
1641,1092,15558116,0.935
1642,1092,17021206,0.886
1643,1092,8787833,0.996
1644,1092,13846684,0.977
1645,1092,15097608,0.977
1646,1092,10931326,0.987
1647,1092,9400014,0.996
1648,1092,16499322,0.926
1649,1092,14233229,0.975
1650,1092,19005704,0.897
1651,1092,17740379,0.97
1652,1092,19057443,0.969
1653,1092,17776169,0.999
1654,1092,16333882,0.878
1655,1092,9504129,0.987
1656,1092,11066801,0.994
1657,1092,19671492,0.98
1658,1092,20825601,0.993
1659,1092,8592681,0.993
1660,1092,6260379,1
1661,1092,13105519,0.985
1662,1092,7366588,0.999
1663,1092,19245372,0.994
1664,1092,18655970,0.927
1665,1092,17283755,0.947
1666,1092,11476056,0.986
1667,1092,10447646,0.984
1668,1092,12283496,0.978
1669,1092,14878495,0.971
1670,1092,15711191,0.964
1671,1092,12893461,0.966
1672,1092,36111834,0.897
1673,1092,20261618,0.892
1674,1092,17097510,0.943
1675,1092,12259761,0.99
1676,1092,9388813,0.991
1677,1092,9069863,0.985
1678,1092,16710161,0.94
1679,1092,12804972,0.985
1680,1092,9435568,0.987
1681,1092,10505459,0.999
1682,1092,13108850,0.97
1683,1092,30581734,0.987
1684,1092,17867443,0.947
1685,1092,16484928,0.986
1686,1092,12097543,0.996
1687,1092,9158579,0.998
1688,1092,12104577,0.993
1689,1092,38080238,0.927
1690,1092,9059699,0.998
1691,1092,7832975,0.998
1692,1092,23347154,0.966
1693,1092,13595944,0.99
1694,1092,12535071,0.982
1695,1092,14171390,0.937
1696,1092,17762057,0.939
1697,1092,18896940,0.838
1698,1092,7502153,1
1699,1092,23329944,0.907
1700,1092,10605676,0.992
1701,1092,12000518,0.989
1702,1092,15485445,0.985
1703,1092,10195319,0.993
1704,1092,13787986,0.958
1705,1092,11489515,0.992
1706,1092,17494359,0.995
1707,1092,9116049,0.994
1708,1092,9291648,0.999
1709,1092,10757692,0.994
1710,1092,16994394,0.941
1711,1092,14416007,0.992
1712,1092,8293592,0.997
1713,1092,17822525,0.899
1714,1092,17596028,0.936
1715,1092,8617572,0.999
1716,1092,16357427,0.987
1717,1092,18118171,0.915
1718,1092,7972073,0.999
1719,1092,20654101,0.969
1720,1092,13554873,0.958
1721,1092,11161109,0.996
1722,1092,16860390,0.932
1723,1092,10056711,0.994
1724,1092,12406823,0.987
1725,1092,6954031,1
1726,1092,8642804,0.999
1727,1092,14512818,0.991
1728,1092,13604478,0.984
1729,1092,13109718,0.989
1730,1092,9329000,0.995
1731,1092,12583653,0.978
1732,1092,23574099,0.899
1733,1092,10765604,0.994
1734,1092,12078289,0.995
1735,1092,12747415,0.998
1736,1092,17245789,0.933
1737,1092,19691364,0.908
1738,1092,29838067,1
1739,1092,19366800,0.995
1740,1092,18926707,0.906
1741,1092,15415257,0.961
1742,1092,37057827,0.967
1743,1092,8673289,0.999
1744,1092,13585543,0.985
1745,1092,16713952,0.912
1746,1092,11323666,0.999
1747,1092,11031442,0.981
1748,1092,15596030,0.934
1749,1092,13980845,0.99
1750,1092,14529611,0.979
1751,1092,11606415,0.989
1752,1092,17120326,0.853
1753,1092,14425282,0.938
1754,1092,11864326,0.989
1755,1092,13259164,0.982
1756,1092,26117775,0.966
1757,1092,64021371,0.936
1758,1092,40499699,0.929
1759,1092,7511280,0.998
1760,1092,9620569,0.997
1761,1092,64332443,0.969
1762,1092,13985360,0.977
1763,1092,11606125,0.995
1764,1092,8411827,0.991
1765,1092,13875159,0.975
1766,1092,8214572,0.998
1767,1092,5547381,0.998
1768,1092,7990439,0.997
1769,1092,10276727,0.998
1770,1092,29857634,0.955
1771,1092,9306347,0.993
1772,1092,27204099,0.927
1773,1092,20558529,0.969
1774,1092,8706950,0.999
1775,1092,7855122,1
1776,1092,8032363,0.999
1777,1092,17613522,0.881
1778,1092,9819087,0.993
1779,1092,8576374,0.997
1780,1092,38930663,0.953
1781,1092,16352047,0.969
1782,1092,8631744,1
1783,1092,15382653,0.986
1784,1092,10590448,0.997
1785,1092,16054783,0.936
1786,1092,17922069,0.902
1787,1092,17965046,0.914
1788,1092,12342625,0.985
1789,1092,15002281,0.959
1790,1092,20285001,0.896
1791,1092,38695384,0.96
1792,1092,10270965,0.957
1793,1092,16392084,0.952
1794,1092,12476675,0.982
1795,1092,37865002,0.889
1796,1092,15001970,0.968
1797,1092,10754972,0.998
1798,1092,9901944,0.999
1799,1092,11423099,0.996
1800,1092,16062143,0.953
1801,1092,15285942,0.935
1802,1092,21105923,1
1803,1092,11404175,0.994
1804,1092,12731286,0.995
1805,1092,16596462,0.885
1806,1092,17082069,0.993
1807,1092,13801323,0.942
1808,1092,10672967,0.992
1809,1092,10359773,0.926
1810,1092,19112757,0.877
1811,1092,9359281,0.999
1812,1092,11890280,0.997
1813,1092,16656922,0.851
1814,1092,12319570,0.994
1815,1092,12401800,0.962
1816,1092,12656410,0.987
1817,1092,17009092,0.908
1818,1092,10565632,0.987
1819,1092,35275174,0.976
1820,1092,10713271,0.984
1821,1092,20945966,0.768
1822,1092,18666495,0.912
1823,1092,18479266,0.856
1824,1092,15878579,0.959
1825,1092,18238239,0.927
1826,1092,6778682,0.996
1827,1092,21911237,0.946
1828,1092,15573383,0.982
1829,1092,13446197,0.985
1830,1092,13856363,0.977
1831,1092,13732164,0.95
1832,1092,14561245,0.943
1833,1092,14378567,0.973
1834,1092,12913892,0.986
1835,1092,25696325,0.963
1836,1092,24636217,0.97
1837,1092,11020571,0.976
1838,1092,9866106,0.996
1839,1092,11935154,0.992
1840,1092,15091108,0.96
1841,1092,6520830,0.998
1842,1092,41720869,0.903
1843,1092,11033417,0.983
1844,1092,14049345,0.974
1845,1092,28538432,0.996
1846,1092,18681022,0.867
1847,1092,15253820,0.935
1848,1092,11592644,0.991
1849,1092,14282632,0.948
1850,1092,19018549,0.972
1851,1092,16640656,0.88
1852,1092,12492523,0.977
1853,1092,18654195,0.938
1854,1092,6512029,0.997
1855,1092,9387657,0.999
1856,1092,19824262,1
1857,1092,27409653,0.999
1858,1092,13655156,0.94
1859,1092,8763002,0.994
1860,1092,22276910,0.993
1861,1092,11023967,0.994
1862,1092,11723816,0.962
1863,1092,16113564,0.986
1864,1092,29107438,0.918
1865,1092,14273236,0.97
1866,1092,13289651,0.97
1867,1092,21630735,0.966
1868,1092,13914426,0.989
1869,1092,5621723,1
1870,1092,15521021,0.949
1871,1092,12016208,0.991
1872,1092,22528586,0.995
1873,1092,11300343,0.992
1874,1092,15721255,0.942
1875,1092,10923028,0.993
1876,1092,42006880,0.945
1877,1092,7158763,1
1878,1092,18089830,0.931
1879,1092,10201264,0.992
1880,1092,12452613,0.993
1881,1092,15673897,0.946
1882,1092,19301809,0.999
1883,1092,20488079,0.981
1884,1092,17586442,0.886
1885,1092,9775884,0.995
1886,1092,15358679,0.931
1887,1092,20035242,0.975
1888,1092,14239210,0.943
1889,1092,15780196,0.973
1890,1092,16561336,0.94
1891,1092,36494903,0.916
1892,1092,14697527,0.949
1893,1092,19249258,0.941
1894,1092,16276757,0.935
1895,1092,16107806,0.916
1896,1092,20968112,0.946
1897,1092,7703679,0.995
1898,1092,13378437,0.984
1899,1092,18181787,0.982
1900,1092,11299007,0.987
1901,1092,12989932,0.983
1902,1092,46122534,0.965
1903,1092,13092380,0.963
1904,1092,18832168,0.774
1905,1092,15021213,0.973
1906,1092,13479946,0.993
1907,1092,16585255,0.937
1908,1092,14199435,0.995
1909,1092,8337663,0.998
1910,1092,14457717,0.981
1911,1092,11088054,0.987
1912,1092,11803913,0.995
1913,1092,9438630,0.986
1914,1092,12310911,0.987
1915,1092,17904537,0.996
1916,1092,24650444,0.935
1917,1092,15786856,0.975
1918,1092,14055406,0.972
1919,1092,17777787,0.997
1920,1092,11829454,0.989
1921,1092,20181431,0.972
1922,1092,13493088,0.977
1923,1092,9680770,0.987
1924,1092,14025991,0.981
1925,1092,13624569,0.981
1926,1092,13285224,0.977
1927,1092,17488465,0.944
1928,1092,32963977,0.992
1929,1092,13012332,0.991
1930,1092,9835537,0.999
1931,1092,19833779,0.974
1932,1092,18088216,0.93
1933,1092,18101027,0.843
1934,1092,8537798,0.993
1935,1092,13897629,0.972
1936,1092,51747732,0.915
1937,1092,26137455,0.995
1938,1092,37188673,0.963
1939,1092,12684435,0.957
1940,1092,13016085,0.992
1941,1092,6769262,0.999
1942,1092,24700836,0.977
1943,1092,21677121,0.969
1944,1092,19033896,0.961
1945,1092,7551892,1
1946,1092,18102503,0.937
1947,1092,16593679,0.982
1948,1092,13560581,0.978
1949,1092,11094890,0.99
1950,1092,10746460,0.995
1951,1092,11962416,0.997
1952,1092,11221488,0.994
1953,1092,24833636,0.954
1954,1092,15362592,0.975
1955,1092,10166178,0.998
1956,1092,8982707,0.992
1957,1092,45597311,0.948
1958,1092,11472700,0.97
1959,1092,16917322,0.97
1960,1092,22789341,0.991
1961,1092,13499987,0.975
1962,1092,37495056,0.896
1963,1092,6816562,0.998
1964,1092,10725265,0.991
1965,1092,16287574,0.969
1966,1092,18883406,0.951
1967,1092,18209645,0.969
1968,1092,14463115,0.988
1969,1092,16125452,0.948
1970,1092,18000085,0.985
1971,1092,8975120,1
1972,1092,14136831,1
1973,1092,14678798,0.985
1974,1092,9394479,0.991
1975,1092,7995154,0.998
1976,1092,12993427,0.985
1977,1092,22240199,0.923
1978,1092,28753978,0.894
1979,1092,18205043,0.879
1980,1092,10106885,0.997
1981,1092,11487707,0.989
1982,1092,59118579,0.978
1983,1092,34192886,0.836
1984,1092,13782941,0.983
1985,1092,18096718,0.998
1986,1092,11248317,0.992
1987,1092,10103534,0.998
1988,1092,8141947,0.999
1989,1092,11246064,0.996
1990,1092,18436595,0.98
1991,1092,18585738,0.891
1992,1092,10491666,0.993
1993,1092,20339552,0.843
1994,1092,15982763,0.985
1995,1092,13378103,0.995
1996,1092,12443567,0.982
1997,1092,15143820,0.974
1998,1092,11120015,0.993
1999,1092,14921047,0.947
2000,1092,12230371,0.998
2001,1092,61815344,0.981
2002,1092,12452451,0.986
2003,1092,12390122,0.986
2004,1092,16049493,0.952
2005,1092,10720063,0.996
2006,1092,9172204,0.999
2007,1092,18095027,0.864
2008,1092,11258419,0.979
2009,1092,29810092,0.936
2010,1092,9255220,0.992
2011,1092,10408934,0.987
2012,1092,7629224,0.997
2013,1092,17101734,0.996
2014,1092,12737737,0.993
2015,1092,30306617,0.981
2016,1092,22190572,0.888
2017,1092,11638747,0.991
2018,1092,8753762,0.996
2019,1092,11918750,0.993
2020,1092,15695277,0.978
2021,1092,13565705,0.945
2022,1092,19234070,0.955
2023,1092,11265149,0.991
2024,1092,11363974,0.994
2025,1092,9720640,1
2026,1092,10762849,0.98
2027,1092,6794690,0.999
2028,1092,7374795,1
2029,1092,7565483,0.999
2030,1092,21419766,0.964
2031,1092,9139963,0.992
2032,1092,14277799,0.978
2033,1092,10099326,0.998
2034,1092,16706545,0.903
2035,1092,29730388,0.879
2036,1092,21240468,0.936
2037,1092,9789537,0.995
2038,1092,17205575,0.927
2039,1092,11640364,0.976
2040,1092,10611759,0.995
2041,1092,12831831,0.931
2042,1092,14249151,0.986
2043,1092,17830619,0.924
2044,1092,9878144,0.998
2045,1092,22052684,0.953
2046,1092,25447581,0.996
2047,1092,23819357,0.961
2048,1092,64194054,0.898
2049,1092,12692931,0.983
2050,1092,15292000,0.99
2051,1092,15719920,0.98
2052,1092,12159415,0.983
2053,1092,11279454,0.98
2054,1092,13879437,0.99
2055,1092,15748424,0.977
2056,1092,12565781,0.984
2057,1092,9465977,0.995
2058,1092,10729444,0.996
2059,1092,12466492,0.994
2060,1092,17982755,0.906
2061,1092,20873285,0.975
2062,1092,18378179,0.905
2063,1092,9851114,1
2064,1092,13136264,0.994
2065,1092,8303925,0.997
2066,1092,15718860,0.957
2067,1092,19510757,0.96
2068,1092,14932633,0.984
2069,1092,14267018,0.975
2070,1092,11018989,0.996
2071,1092,14890174,0.979
2072,1092,15684622,0.928
2073,1092,37212953,0.849
2074,1092,15725149,0.944
2075,1092,15581441,0.979
2076,1092,8405845,0.999
2077,1092,10714727,0.992
2078,1092,7630408,0.999
2079,1092,15977418,0.968
2080,1092,14559837,0.965
2081,1092,12801978,0.925
2082,1092,15164352,0.95
2083,1092,11529429,0.99
2084,1092,14049841,0.973
2085,1092,13242837,0.95
2086,1092,11206741,0.991
2087,1092,10203824,0.996
2088,1092,19195879,0.998
2089,1092,8674346,0.99
2090,1092,16721284,0.932
2091,1092,7010746,0.997
2092,1092,44141446,0.898
2093,1092,11354671,0.998
2094,1092,34312770,0.969
2095,1092,16477145,0.95
2096,1092,20108490,0.94
2097,1092,26128601,0.892
2098,1092,29965973,0.918
2099,1092,12955147,0.976
2100,1092,45666585,0.889
2101,1092,17836963,0.919
2102,1092,22702849,0.994
2103,1092,9200143,0.994
2104,1092,10402395,0.999
2105,1092,17699785,1
2106,1092,38257577,0.897
2107,1092,11798246,0.999
2108,1092,15621882,0.981
2109,1092,41645198,0.956
2110,1092,16868943,0.99
2111,1092,18760558,0.928
2112,1092,13706616,0.982
2113,1092,16439834,0.934
2114,1092,9852037,0.996
2115,1092,11085195,0.987
2116,1092,14297378,0.995
2117,1092,11315158,0.97
2118,1092,7586922,1
2119,1092,10565631,0.99
2120,1092,26366059,0.936
2121,1092,17622488,0.875
2122,1092,8455209,0.995
2123,1092,11114278,0.961
2124,1092,14470684,1
2125,1092,10007765,0.995
2126,1092,38287884,0.98
2127,1092,9415497,0.998
2128,1092,8424489,0.999
2129,1092,10547578,0.99
2130,1092,9897346,0.996
2131,1092,15338061,0.967
2132,1092,17907314,1
2133,1092,25327075,0.694
2134,1092,25143171,0.956
2135,1092,11127029,1
2136,1092,12172850,0.975
2137,1092,23502395,0.991
2138,1092,30513576,0.76
2139,1092,18430564,0.939
2140,1092,11009554,0.995
2141,1092,22065582,0.875
2142,1092,17948495,0.935
2143,1092,9975485,0.998
2144,1092,8491308,0.992
2145,1092,13896089,0.988
2146,1092,19320565,0.839
2147,1092,49566777,0.97
2148,1092,14398806,0.958
2149,1092,15314011,0.979
2150,1092,18571591,0.945
2151,1092,9587215,1
2152,1092,18351265,0.95
2153,1092,18190417,0.876
2154,1092,15036147,0.963
2155,1092,21795564,0.955
2156,1092,10809734,0.996
2157,1092,10494729,0.975
2158,1092,10553605,1
2159,1092,16371594,0.95
2160,1092,10837149,0.995
2161,1092,8965280,0.995
2162,1092,10993337,0.992
2163,1092,8106439,0.999
2164,1092,13022481,0.981
2165,1092,17847083,0.94
2166,1092,14721412,0.924
2167,1092,9018474,0.999
2168,1092,60023390,0.892
2169,1092,7356640,0.995
2170,1092,10648257,0.998
2171,1092,11203449,0.995
2172,1092,8691553,0.998
2173,1092,7536776,0.999
2174,1092,13450156,1
2175,1092,11742976,0.986
2176,1092,13719011,0.952
2177,1092,12858104,0.973
2178,1092,20884279,0.993
2179,1092,13446400,0.982
2180,1092,11165999,0.997
2181,1092,55684296,0.902
2182,1092,15805055,0.926
2183,1092,8660268,0.996
2184,1092,16920019,0.956
2185,1092,13373269,0.97
2186,1092,10631832,0.988
2187,1092,9083478,0.998
2188,1092,12429969,0.963
2189,1092,12775453,0.963
2190,1092,23603245,0.979
2191,1092,10375527,0.999
2192,1092,13676326,0.974
2193,1092,12106751,0.997
2194,1092,9835588,0.997
2195,1092,15464159,1
2196,1092,15368425,0.95
2197,1092,10772049,0.985
2198,1092,14153290,0.952
2199,1092,72865364,0.936
2200,1092,11609437,0.996
2201,1092,21340148,0.873
2202,1092,45605065,0.982
2203,1092,29557437,0.805
2204,1092,9506216,0.995
2205,1092,40015903,0.81
2206,1092,16457163,0.988
2207,1092,7551254,1
2208,1092,10133558,0.988
2209,1092,24403677,0.929
2210,1092,10253982,0.989
2211,1092,10742931,0.996
2212,1092,16007479,0.972
2213,1092,15221947,0.945
2214,1092,16864679,0.967
2215,1092,7922582,0.999
2216,1092,14467718,0.952
2217,1092,10672658,0.994
2218,1092,10953719,0.987
2219,1092,13595841,0.998
2220,1092,7730246,1
2221,1092,19502112,0.989
2222,1092,14588702,0.957
2223,1092,9800078,1
2224,1092,20403947,0.912
2225,1092,6319765,0.999
2226,1092,15285497,0.973
2227,1092,8725457,0.993
2228,1092,42636580,0.952
2229,1092,18126199,0.869
2230,1092,11993529,0.994
2231,1092,12586411,0.989
2232,1092,12107289,0.988
2233,1092,11709279,0.968
2234,1092,12027409,0.973
2235,1092,10826943,0.994
2236,1092,14610290,0.952
2237,1092,13191064,0.996
2238,1092,17863235,0.931
2239,1092,9439556,0.996
2240,1092,10538653,0.998
2241,1092,19184474,0.976
2242,1092,7595536,1
2243,1092,16919637,0.983
2244,1092,15597191,0.88
2245,1092,22141541,0.901
2246,1092,19000202,0.985
2247,1092,16121383,0.934
2248,1092,25171339,0.98
2249,1092,15523353,0.999
2250,1092,15355079,0.977
2251,1092,17063787,0.922
2252,1092,42005181,0.941
2253,1092,13634301,0.95
2254,1092,40491633,0.975
2255,1092,8296231,0.992
2256,1092,38928344,0.942
2257,1092,18194509,0.983
2258,1092,14859982,0.992
2259,1092,9594007,0.996
2260,1092,10721702,0.994
2261,1092,8867157,0.998
2262,1092,9511936,1
2263,1092,19447131,0.923
2264,1092,6037112,1
2265,1092,7693371,0.984
2266,1092,17293533,0.931
2267,1092,10866846,0.999
2268,1092,8851024,0.998
2269,1092,8068704,0.998
2270,1092,16040660,0.941
2271,1092,23274627,0.968
2272,1092,8842053,0.999
2273,1092,36053564,0.889
2274,1092,34734570,0.968
2275,1092,22414219,0.929
2276,1092,11771268,0.98
2277,1092,59186454,0.876
2278,1092,11998351,0.989
2279,1092,11539982,0.992
2280,1092,6366474,0.996
2281,1092,13136916,0.983
2282,1092,20030629,0.979
2283,1092,26235198,0.971
2284,1092,11491926,0.98
2285,1092,14434812,0.939
2286,1092,16578538,0.965
2287,1092,13205030,0.981
2288,1092,10586597,0.991
2289,1092,13409913,0.964
2290,1092,8317972,0.999
2291,1092,10917629,0.984
2292,1092,12556255,0.981
2293,1092,13848763,0.99
2294,1092,8998803,0.996
2295,1092,36655691,0.971
2296,1092,50486534,0.934
2297,1092,10155396,0.995
2298,1092,9488372,0.987
2299,1092,14790646,0.998
2300,1092,11667927,0.989
2301,1092,14800370,0.875
2302,1092,14023635,0.984
2303,1092,17556600,0.929
2304,1092,18854623,0.944
2305,1092,9800869,0.988
2306,1092,10059199,0.998
2307,1092,31398909,0.964
2308,1092,11908874,0.982
2309,1092,36336258,0.915
2310,1092,11935066,0.999
2311,1092,12282382,0.984
2312,1092,10637961,0.987
2313,1092,18339387,0.948
2314,1092,11108148,0.995
2315,1092,12640397,0.992
2316,1092,16249732,0.92
2317,1092,16587907,0.981
2318,1092,13538278,0.971
2319,1092,9055327,0.99
2320,1092,13575685,0.98
2321,1092,11663316,0.983
2322,1092,19991594,0.962
2323,1092,16443572,0.96
2324,1092,27164869,0.751
2325,1092,13939605,0.968
2326,1092,14378543,0.965
2327,1092,15045353,0.94
2328,1092,10875883,0.999
2329,1092,16336207,0.982
2330,1092,8705918,0.997
2331,1092,14846775,0.974
2332,1092,8680910,0.987
2333,1092,33846524,0.968
2334,1092,14930343,0.981
2335,1092,11801718,0.994
2336,1092,8264105,0.99
2337,1092,16960339,0.974
2338,1092,12364540,0.99
2339,1092,16602822,0.947
2340,1092,9147415,1
2341,1092,12962189,0.999
2342,1092,16327634,0.977
2343,1092,14188019,0.964
2344,1092,16550281,0.953
2345,1092,17585749,0.895
2346,1092,11058719,0.994
2347,1092,8978829,0.995
2348,1092,8716147,1
2349,1092,11761146,0.987
2350,1092,16401065,0.927
2351,1092,15173583,0.863
2352,1092,40908329,0.857
2353,1092,15919007,0.879
2354,1092,8766559,0.993
2355,1092,72524501,0.932
2356,1092,10817290,0.997
2357,1092,61690835,0.934
2358,1092,15694714,0.966
2359,1092,11795278,0.983
2360,1092,15312571,0.994
2361,1092,33738774,0.874
2362,1092,11599114,0.992
2363,1092,5519016,1
2364,1092,15195092,0.976
2365,1092,13439410,0.984
2366,1092,12031154,0.895
2367,1092,6773143,1
2368,1092,9369474,0.993
2369,1092,13242819,0.989
2370,1092,12290911,0.985
2371,1092,9513403,0.994
2372,1092,24877887,0.949
2373,1092,13411898,0.961
2374,1092,10238841,0.996
2375,1092,15775951,0.971
2376,1092,11459024,0.986
2377,1092,12323103,0.989
2378,1092,12767740,0.998
2379,1092,43281148,0.955
2380,1092,10856028,0.994
2381,1092,14734525,0.973
2382,1092,16496982,0.935
2383,1092,16235565,0.919
2384,1092,23911068,0.926
2385,1092,9827584,0.987
2386,1092,16490966,0.973
2387,1092,15273336,0.937
2388,1092,21903118,0.966
2389,1092,39204302,0.915
2390,1092,17674783,0.982
2391,1092,14652335,0.956
2392,1092,39215424,0.962
2393,1092,15333948,0.944
2394,1092,13301692,0.969
2395,1092,15150255,0.973
2396,1092,36658385,0.887
2397,1092,20529018,0.875
2398,1092,18803362,0.916
2399,1092,12596150,0.971
2400,1092,20630831,0.966
2401,1092,14199116,0.967
2402,1092,11263552,0.994
2403,1092,12047805,0.988
2404,1092,40002446,0.904
2405,1092,24579558,0.897
2406,1092,29904580,0.945
2407,1092,12453870,0.975
2408,1092,15553043,0.961
2409,1092,15472455,0.993
2410,1092,8995331,0.998
2411,1092,19136760,0.913
2412,1092,9607222,0.993
2413,1092,17955520,0.867
2414,1092,12846943,0.986
2415,1092,23915467,0.885
2416,1092,15358170,0.99
2417,1092,17776129,0.906
2418,1092,9347082,0.997
2419,1092,15176494,0.98
2420,1092,11374690,0.988
2421,1092,12935667,0.976
2422,1092,8794788,1
2423,1092,18558429,0.945
2424,1092,22511576,0.878
2425,1092,12658873,0.976
2426,1092,9099012,0.997
2427,1092,21913846,0.938
2428,1092,14111569,0.994
2429,1092,29028660,0.978
2430,1092,9954813,0.987
2431,1092,19841340,0.939
2432,1092,6970970,1
2433,1092,11630518,0.983
2434,1092,14156127,0.985
2435,1092,15398553,0.985
2436,1092,15792425,0.987
2437,1092,17011257,0.928
2438,1092,13973454,1
2439,1092,13480511,0.987
2440,1092,8575715,0.993
2441,1092,54674937,0.981
2442,1092,8772599,0.997
2443,1092,8044064,1
2444,1092,18322385,0.974
2445,1092,42569547,0.968
2446,1092,13371803,0.972
2447,1092,15004969,0.957
2448,1092,15954281,0.95
2449,1092,16432117,0.97
2450,1092,9329548,0.994
2451,1092,14820054,0.952
2452,1092,13055462,0.994
2453,1092,12000698,0.988
2454,1092,12124282,0.993
2455,1092,7141664,1
2456,1092,13781914,0.967
2457,1092,11623303,0.993
2458,1092,16829380,0.865
2459,1092,13120224,0.991
2460,1092,20977654,0.94
2461,1092,34963241,0.953
2462,1092,8571701,0.964
2463,1092,57889512,0.919
2464,1092,9294061,0.998
2465,1092,12761371,0.96
2466,1092,17558497,1
2467,1092,20061419,0.99
2468,1092,13855047,0.906
2469,1092,11660345,0.992
2470,1092,17915407,0.963
2471,1092,13824247,0.986
2472,1092,14971665,0.895
2473,1092,18799703,0.961
2474,1092,13111402,0.952
2475,1092,7871910,1
2476,1092,16248430,0.97
2477,1092,15944109,0.935
2478,1092,11006403,0.994
2479,1092,28428025,0.927
2480,1092,21214357,0.91
2481,1092,13748551,0.989
2482,1092,15205883,0.991
2483,1092,8809970,0.999
2484,1092,9307537,0.999
2485,1092,8511518,1
2486,1092,12912326,0.991
2487,1092,8993281,0.996
2488,1092,11953198,0.992
2489,1092,14712957,0.98
2490,1092,16095575,0.927
2491,1092,8759459,0.998
2492,1092,8237830,0.993
2493,1092,12656754,0.95
2494,1092,11274878,0.98
2495,1092,8879122,0.992
2496,1092,10056281,0.999
2497,1092,11585301,1
2498,1092,24468446,0.966
2499,1092,9468688,0.997
2500,1092,20881898,0.902
2501,1092,7560639,0.991
2502,1092,12303157,0.98
2503,1092,9901711,0.993
2504,1092,16202880,0.944
2505,1092,15847377,0.947
2506,1092,22143550,0.978
2507,1092,13630802,0.973
2508,1092,14926908,0.986
2509,1092,14904227,0.983
2510,1092,7767892,0.998
2511,1092,14941053,0.972
2512,1092,10628743,0.997
2513,1092,7994390,1
2514,1092,14858739,0.973
2515,1092,61440386,0.848
2516,1092,27346272,0.964
2517,1092,37301518,0.871
2518,1092,12884949,0.968
2519,1092,11186928,0.984
2520,1092,15808712,0.985
2521,1092,27002721,0.955
2522,1092,12065901,0.998
2523,1092,9193370,0.998
2524,1092,23725361,0.992
2525,1092,15893178,0.908
2526,1092,25937707,1
2527,1092,9863058,0.987
2528,1092,7541144,0.999
2529,1092,24568100,0.905
2530,1092,13296869,0.984
2531,1092,8925204,0.994
2532,1092,19169977,1
2533,1092,12701853,0.98
2534,1092,13184795,0.989
2535,1092,22334009,0.947
2536,1092,22784439,0.993
2537,1092,12105283,0.972
2538,1092,24649383,0.856
2539,1092,15698969,0.934
2540,1092,16102125,0.986
2541,1092,21912635,0.948
2542,1092,42882722,0.872
2543,1092,9482214,0.997
2544,1092,53467237,0.831
2545,1092,9134391,0.983
2546,1092,16457647,0.996
2547,1092,24887738,0.964
2548,1092,40766910,0.871
2549,1092,25444859,0.988
2550,1092,56858652,0.993
2551,1092,15849731,0.973
2552,1092,19040783,0.832
2553,1092,25999723,0.94
2554,1092,13796182,0.978
2555,1092,6761082,0.998
2556,1092,11725946,0.971
2557,1092,13079967,0.996
2558,1092,20367442,0.978
2559,1092,17646592,0.892
2560,1092,13972005,0.976
2561,1092,9854401,0.998
2562,1092,12231335,0.991
2563,1092,7246342,1
2564,1092,18643680,0.905
2565,1092,25354678,0.965
2566,1092,16747860,0.948
2567,1092,10510048,0.976
2568,1092,12326932,0.985
2569,1092,10377881,0.993
2570,1092,12444175,0.972
2571,1092,16816632,0.972
2572,1092,14921444,0.986
2573,1092,6791163,0.999
2574,1092,45061841,0.939
2575,1092,11397618,0.989
2576,1092,8778335,0.992
2577,1092,14905347,0.972
2578,1092,11095198,0.966
2579,1092,15268672,0.953
2580,1092,8789902,0.997
2581,1092,12238266,0.987
2582,1092,14476650,0.975
2583,1092,11529202,0.99
2584,1092,10671550,0.992
2585,1092,22860730,0.959
2586,1092,14529284,0.973
2587,1092,12313596,0.99
2588,1092,13241334,0.99
2589,1092,8378583,0.999
2590,1092,11423997,0.997
2591,1092,18683200,0.938
2592,1092,16401963,0.996
2593,1092,6278243,0.999
2594,1092,13895634,0.989
2595,1092,14238942,0.967
2596,1092,12174569,0.994
2597,1092,17681500,0.982
2598,1092,52253096,0.978
2599,1092,9283135,0.999
2600,1092,11570921,0.982
2601,1092,16725137,0.965
2602,1092,11453532,0.984
2603,1092,10656272,0.995
2604,1092,8682281,0.995
2605,1092,10106949,1
2606,1092,7491925,1
2607,1092,12882939,0.978
2608,1092,14382698,0.981
2609,1092,25468480,0.929
2610,1092,13546149,0.984
2611,1092,8622741,0.997
2612,1092,14948524,0.944
2613,1092,10876824,0.992
2614,1092,18867285,0.92
2615,1092,16164660,0.962
2616,1092,17070341,0.957
2617,1092,31279822,0.989
2618,1092,15897424,0.978
2619,1092,15979724,0.973
2620,1092,23875241,0.922
2621,1092,54810227,0.908
2622,1092,13634447,0.987
2623,1092,19226998,0.844
2624,1092,8822896,0.976
2625,1092,15685886,0.969
2626,1092,17625877,0.883
2627,1092,6964032,0.999
2628,1092,58559874,0.931
2629,1092,15717448,0.858
2630,1092,12273863,0.987
2631,1092,17377858,0.948
2632,1092,20007546,0.926
2633,1092,12606891,0.991
2634,1092,15729018,0.93
2635,1092,47122965,0.901
2636,1092,9973333,0.996
2637,1092,13323940,0.975
2638,1092,43710372,0.983
2639,1092,12850971,0.985
2640,1092,18219416,0.947
2641,1092,13022327,0.983
2642,1092,22669870,0.872
2643,1092,18764271,0.96
2644,1092,18085163,0.953
2645,1092,20410714,0.863
2646,1092,18797078,0.928
2647,1092,10600672,0.997
2648,1092,15068687,0.973
2649,1092,10519494,0.997
2650,1092,36181319,0.946
2651,1092,16760094,0.942
2652,1092,38664701,0.899
2653,1092,15983281,0.926
2654,1092,63569894,0.795
2655,1092,7095765,0.995
2656,1092,18625732,0.967
2657,1092,6803789,0.999
2658,1092,39201520,0.968
2659,1092,9606419,0.997
2660,1092,8319812,0.998
2661,1092,11278177,0.989
2662,1092,13349298,0.977
2663,1092,6704517,0.998
2664,1092,16020661,0.971
2665,1092,19025127,0.946
2666,1092,10982667,0.992
2667,1092,38981712,0.894
2668,1092,13072574,0.986
2669,1092,12965871,0.988
2670,1092,15098444,0.962
2671,1092,20951937,0.833
2672,1092,40957256,0.892
2673,1092,12918385,0.959
2674,1092,21859208,0.673
2675,1092,12809136,0.969
2676,1092,10392611,0.998
2677,1092,44672814,0.963
2678,1092,9961032,0.999
2679,1092,11034960,0.905
2680,1092,14325689,0.977
2681,1092,14577255,0.957
2682,1092,8395126,1
2683,1092,12799608,0.985
2684,1092,11820352,0.987
2685,1092,19189958,0.896
2686,1092,10196574,0.994
2687,1092,14898190,0.98
2688,1092,19053819,0.894
2689,1092,14178047,0.958
2690,1092,13291765,0.965
2691,1092,10817057,0.977
2692,1092,12616867,0.978
2693,1092,7894189,1
2694,1092,19788319,0.971
2695,1092,9997272,0.996
2696,1092,20876993,0.997
2697,1092,11438036,0.999
2698,1092,6626816,1
2699,1092,13032296,0.959
2700,1092,15340615,0.98
2701,1092,15503242,0.97
2702,1092,10084858,0.999
2703,1092,28267356,0.815
2704,1092,26282026,0.912
2705,1092,6850630,0.999
2706,1092,17372080,0.934
2707,1092,59218802,0.973
2708,1092,20750445,0.877
2709,1092,13518489,0.954
2710,1092,19709770,0.995
2711,1092,19531509,0.967
2712,1092,38749562,0.978
2713,1092,14909208,0.999
2714,1092,11259814,0.991
2715,1092,15563999,0.961
2716,1092,20233513,0.954
2717,1092,14493431,0.999
2718,1092,17392482,0.895
2719,1092,12780129,0.972
2720,1092,12826285,0.98
2721,1092,24443299,0.86
2722,1092,17641849,0.973
2723,1092,5936099,0.999
2724,1092,14200362,0.986
2725,1092,15386831,0.963
2726,1092,12841629,0.975
2727,1092,12321943,0.982
2728,1092,9542466,0.985
2729,1092,15507850,0.955
2730,1092,20711519,0.813
2731,1092,11748473,0.99
2732,1092,11873521,0.988
2733,1092,11403174,0.989
2734,1092,10799160,0.991
2735,1092,13242990,0.994
2736,1092,9766558,0.998
2737,1092,7935941,0.997
2738,1092,9983943,0.987
2739,1092,10337756,0.996
2740,1092,14241373,0.979
2741,1092,29666250,0.95
2742,1092,16928935,0.943
2743,1092,20585154,0.986
2744,1092,12643133,0.988
2745,1092,10480297,0.988
2746,1092,11520373,0.985
2747,1092,14831502,0.972
2748,1092,15562319,0.981
2749,1092,6292852,0.998
2750,1092,16135365,0.984
2751,1092,17397338,0.913
2752,1092,7494680,1
2753,1092,21661238,0.987
2754,1092,17572844,0.896
2755,1092,7530084,1
2756,1092,13773953,0.983
2757,1092,21475649,0.846
2758,1092,7729273,0.996
2759,1092,14990514,0.88
2760,1092,9996907,0.995
2761,1092,14005148,0.988
2762,1092,9953431,0.997
2763,1092,10285644,0.995
2764,1092,48444976,0.945
2765,1092,10112210,0.869
2766,1092,10675074,0.993
2767,1092,10244113,0.998
2768,1092,13700697,0.971
2769,1092,9336685,0.998
2770,1092,8492205,0.999
2771,1092,14767443,0.963
2772,1092,6364979,0.996
2773,1092,10450443,0.996
2774,1092,23453284,0.949
2775,1092,11876319,0.974
2776,1092,16219616,0.997
2777,1092,40739756,0.918
2778,1092,55996106,0.958
2779,1092,16155903,0.95
2780,1092,61976324,0.932
2781,1092,8612841,0.994
2782,1092,15780906,0.979
2783,1092,15260285,0.974
2784,1092,12275030,0.989
2785,1092,16628926,0.943
2786,1092,35139140,0.919
2787,1092,17152902,0.93
2788,1092,10530722,0.998
2789,1092,13058992,0.992
2790,1092,12017451,0.97
2791,1092,13266870,0.994
2792,1092,16126432,0.986
2793,1092,24660246,0.978
2794,1092,22165665,0.938
2795,1092,9889108,0.995
2796,1092,48706505,0.822
2797,1092,10153628,0.969
2798,1092,19119753,0.974
2799,1092,11182306,0.989
2800,1092,14342143,0.981
2801,1092,40020010,0.95
2802,1092,13695163,0.982
2803,1092,11975608,0.994
2804,1092,8538155,0.997
2805,1092,13033222,0.988
2806,1092,16053733,0.998
2807,1092,7258973,0.999
2808,1092,18393388,0.972
2809,1092,8468793,1
2810,1092,23007471,0.958
2811,1092,7117565,1
2812,1092,20382717,0.966
2813,1092,12907880,0.976
2814,1092,11547922,0.998
2815,1092,6964608,0.998
2816,1092,23565781,0.971
2817,1092,10809082,0.994
2818,1092,40421656,0.976
2819,1092,14323617,0.931
2820,1092,9370024,0.996
2821,1092,16644853,0.962
2822,1092,8784472,0.996
2823,1092,13912246,0.972
2824,1092,7128443,0.998
2825,1092,41808696,0.865
2826,1092,37226759,0.977
2827,1092,17157850,0.965
2828,1092,10341229,0.997
2829,1092,18862279,0.991
2830,1092,18575058,0.82
2831,1092,10468400,0.997
2832,1092,11655624,0.993
2833,1092,20826209,0.986
2834,1092,12588191,0.998
2835,1092,19729844,0.918
2836,1092,14160914,0.978
2837,1092,17492800,0.955
2838,1092,14698763,0.868
2839,1092,12625134,0.994
2840,1092,14129432,0.979
2841,1092,28209666,0.975
2842,1092,30434109,0.896
2843,1092,11850932,0.995
2844,1092,19863250,0.914
2845,1092,12293950,0.991
2846,1092,18957825,0.991
2847,1092,10283909,0.995
2848,1092,9511642,0.99
2849,1092,33084902,0.964
2850,1092,15173304,0.975
2851,1092,8796465,0.993
2852,1092,12830863,0.992
2853,1092,13407305,0.982
2854,1092,19335740,0.867
2855,1092,15712907,0.962
2856,1092,16076566,0.944
2857,1092,7316525,0.999
2858,1092,8694650,0.974
2859,1092,9045177,0.997
2860,1092,12627911,0.995
2861,1092,21526948,0.962
2862,1092,10853584,0.997
2863,1092,15459757,0.92
2864,1092,4966212,0.995
2865,1092,10523202,0.967
2866,1092,15780416,0.956
2867,1092,13359654,0.986
2868,1092,17859308,0.938
2869,1092,18525023,0.959
2870,1092,17237906,0.894
2871,1092,6472739,0.998
2872,1092,10679436,0.98
2873,1092,50990184,0.9
2874,1092,16148310,0.978
2875,1092,63433038,0.917
2876,1092,7064125,0.999
2877,1092,10164856,0.997
2878,1092,9808111,0.987
2879,1092,13293139,0.993
2880,1092,17181121,0.899
2881,1092,19731800,0.901
2882,1092,8670623,1
2883,1092,13167724,0.964
2884,1092,8710807,1
2885,1092,14122304,0.999
2886,1092,12791146,0.991
2887,1092,64392585,0.885
2888,1092,10354994,0.996
2889,1092,9959029,0.912
2890,1092,8898181,0.997
2891,1092,15828553,0.943
2892,1092,5635135,1
2893,1092,54575613,0.991
2894,1092,16115317,0.974
2895,1092,44480603,0.963
2896,1092,16591112,0.983
2897,1092,15912609,0.948
2898,1092,10339614,0.967
2899,1092,30682090,0.992
2900,1092,9119816,0.993
2901,1092,54095801,0.916
2902,1092,11663922,0.997
2903,1092,10790397,0.992
2904,1092,16736910,0.919
2905,1092,55146439,0.795
2906,1092,13290643,0.989
2907,1092,39817589,0.959
2908,1092,7687891,0.999
2909,1092,22996843,0.979
2910,1092,37032889,0.969
2911,1092,35114508,0.933
2912,1092,51877875,0.897
2913,1092,14281560,0.955
2914,1092,14221940,0.996
2915,1092,10953551,0.959
2916,1092,11150871,0.993
2917,1092,14391103,0.936
2918,1092,17811375,0.928
2919,1092,11967076,0.994
2920,1092,20883291,0.935
2921,1092,13213968,0.915
2922,1092,13243792,0.994
2923,1092,12609009,0.955
2924,1092,11127110,0.992
2925,1092,9641160,0.991
2926,1092,23053989,0.888
2927,1092,8249651,0.998
2928,1092,20872071,0.989
2929,1092,29935510,0.996
2930,1092,6804371,0.995
2931,1092,18182224,0.891
2932,1092,16008882,0.96
2933,1092,10692800,0.994
2934,1092,11848905,0.991
2935,1092,17548023,0.936
2936,1092,12794976,0.98
2937,1092,12894712,0.991
2938,1092,9727720,0.995
2939,1092,11846240,0.988
2940,1092,23144713,0.979
2941,1092,8515101,0.996
2942,1092,15203331,0.987
2943,1092,13423649,0.983
2944,1092,18513165,0.949
2945,1092,13409990,0.966
2946,1092,11107057,0.987
2947,1092,16864173,0.952
2948,1092,12623450,0.966
2949,1092,23876839,0.999
2950,1092,49971003,0.947
2951,1092,12169616,0.958
2952,1092,19659969,0.835
2953,1092,18682397,0.849
2954,1092,14281708,0.974
2955,1092,13969391,0.933
2956,1092,9871860,0.992
2957,1092,11519945,0.992
2958,1092,10189542,0.997
2959,1092,23432064,0.891
2960,1092,13288954,0.986
2961,1092,25189021,0.981
2962,1092,12896755,0.983
2963,1092,12762381,0.975
2964,1092,13352700,0.978
2965,1092,25150720,0.923
2966,1092,12735456,0.969
2967,1092,8509633,0.996
2968,1092,13218778,0.965
2969,1092,27780980,0.938
2970,1092,19122319,0.954
2971,1092,8238707,0.999
2972,1092,39764603,0.875
2973,1092,10760433,0.993
2974,1092,23295233,0.94
2975,1092,6097523,0.998
2976,1092,67104489,0.796
2977,1092,5879999,1
2978,1092,10840549,0.988
2979,1092,31274965,0.98
2980,1092,13736380,0.972
2981,1092,24117942,0.964
2982,1092,9512172,0.998
2983,1092,8205047,0.999
2984,1092,26393586,0.838
2985,1092,22187872,0.958
2986,1092,8760071,0.994
2987,1092,9720158,0.978
2988,1092,11884211,0.987
2989,1092,36324534,0.957
2990,1092,22049710,0.941
2991,1092,22770004,0.95
2992,1092,9021032,0.999
2993,1092,9406905,0.994
2994,1092,10320020,0.996
2995,1092,12702275,0.981
2996,1092,19933342,0.941
2997,1092,15672881,0.981
2998,1092,17632034,0.928
2999,1092,15039479,0.907
3000,1092,24728193,0.974
3001,1092,9658390,0.997
3002,1092,25362914,0.946
3003,1092,14558039,0.999
3004,1092,40890592,0.961
3005,1092,24272518,0.952
3006,1092,12376871,0.991
3007,1092,18629079,0.927
3008,1092,8679843,0.994
3009,1092,12693787,0.993
3010,1092,10131039,0.998
3011,1092,10379570,0.979
3012,1092,13241505,0.993
3013,1092,10286319,0.988
3014,1092,8543219,0.995
3015,1092,70557817,0.915
3016,1092,17005188,0.98
3017,1092,28004232,0.843
3018,1092,11529450,0.99
3019,1092,7913137,1
3020,1092,34652297,0.802
3021,1092,21780139,0.882
3022,1092,17214548,0.982
3023,1092,13005842,0.972
3024,1092,18317313,0.866
3025,1092,10442837,0.907
3026,1092,20290701,0.985
3027,1092,10390809,0.989
3028,1092,14289967,0.947
3029,1092,13206746,0.981
3030,1092,9828491,0.998
3031,1092,12194972,0.988
3032,1092,13175881,0.968
3033,1092,13453462,0.973
3034,1092,11659749,0.996
3035,1092,19076884,0.911
3036,1092,13241031,0.964
3037,1092,8159579,0.997
3038,1092,34722259,0.934
3039,1092,7954713,0.996
3040,1092,15352307,0.952
3041,1092,13021601,0.975
3042,1092,11295129,0.986
3043,1092,11602934,0.981
3044,1092,14112243,0.972
3045,1092,18068940,0.926
3046,1092,12752963,0.993
3047,1092,28434092,0.899
3048,1092,17797638,0.822
3049,1092,11509507,0.998
3050,1092,14949926,0.947
3051,1092,28672666,0.997
3052,1092,10029921,0.994
3053,1092,10467005,0.99
3054,1092,11213878,0.996
3055,1092,15461855,0.973
3056,1092,9199472,1
3057,1092,11073261,0.998
3058,1092,14243568,0.986
3059,1092,11370720,0.993
3060,1092,13465092,0.99
3061,1092,8681117,0.999
3062,1092,28996987,0.979
3063,1092,32358420,0.991
3064,1092,14948053,0.991
3065,1092,16463967,0.868
3066,1092,13212107,0.984
3067,1092,21216633,0.993
3068,1092,9635193,0.999
3069,1092,8776896,0.993
3070,1092,12619174,0.978
3071,1092,10528868,0.995
3072,1092,46519770,0.897
3073,1092,21601956,0.952
3074,1092,10121282,0.997
3075,1092,13514163,0.965
3076,1092,13645418,0.965
3077,1092,7914551,0.991
3078,1092,43953975,0.94
3079,1092,13404701,0.976
3080,1092,10842730,0.996
3081,1092,15360123,0.954
3082,1092,12755086,0.995
3083,1092,18942032,0.983
3084,1092,8728971,0.997
3085,1092,28951194,0.867
3086,1092,16198476,0.972
3087,1092,13697403,0.983
3088,1092,10664370,1
3089,1092,14128654,0.954
3090,1092,10339235,0.996
3091,1092,13171829,0.986
3092,1092,16965823,0.984
3093,1092,24692702,0.983
3094,1092,13151697,0.961
3095,1092,7681536,0.997
3096,1092,13175420,0.996
3097,1092,16569388,0.969
3098,1092,39242415,0.871
3099,1092,13759262,0.989
3100,1092,15983643,0.967
3101,1092,7447178,0.998
3102,1092,11556771,0.99
3103,1092,7423992,0.999
3104,1092,21155500,0.959
3105,1092,8627420,0.995
3106,1092,12100197,0.991
3107,1092,26937787,0.967
3108,1092,10249866,0.997
3109,1092,21853998,0.998
3110,1092,26766486,0.994
3111,1092,38042997,0.958
3112,1092,25527881,0.951
3113,1092,14371687,0.997
3114,1092,13196598,0.981
3115,1092,23109424,0.977
3116,1092,7880512,0.998
3117,1092,13484309,0.973
3118,1092,13863916,0.986
3119,1092,10348093,0.985
3120,1092,9477106,0.998
3121,1092,12144199,1
3122,1092,16204332,0.947
3123,1092,13777638,0.961
3124,1092,12263807,0.987
3125,1092,27719793,0.876
3126,1092,15188220,0.983
3127,1092,6016731,0.992
3128,1092,8975146,0.999
3129,1092,16354827,0.973
3130,1092,8524905,0.998
3131,1092,12074563,0.992
3132,1092,22473128,0.978
3133,1092,8095179,0.999
3134,1092,25119719,0.966
3135,1092,11901460,0.988
3136,1092,10850327,0.99
3137,1092,12467533,0.956
3138,1092,44313368,0.827
3139,1092,11565960,0.986
3140,1092,9999058,1
3141,1092,18854020,0.883
3142,1092,11388386,0.998
3143,1092,16638491,0.921
3144,1092,12492497,0.98
3145,1092,12256258,0.959
3146,1092,23931213,0.955
3147,1092,41560737,0.914
3148,1092,17079023,0.983
3149,1092,17589382,0.925
3150,1092,9950321,0.989
3151,1092,16534383,0.968
3152,1092,15009951,0.968
3153,1092,13004370,0.993
3154,1092,23231870,0.988
3155,1092,12782775,0.968
3156,1092,15331111,0.973
3157,1092,15506133,0.956
3158,1092,20856897,0.984
3159,1092,17699096,0.882
3160,1092,17268391,0.902
3161,1092,36907953,0.899
3162,1092,28323790,0.972
3163,1092,8913743,0.999
3164,1092,33627308,0.838
3165,1092,8999231,0.998
3166,1092,25351435,0.989
3167,1092,13015302,0.994
3168,1092,16293579,0.993
3169,1092,10271517,0.994
3170,1092,17683789,0.938
3171,1092,15386322,0.996
3172,1092,17568022,0.916
3173,1092,13190513,0.992
3174,1092,15990392,0.94
3175,1092,14656506,0.97
3176,1092,12344444,0.983
3177,1092,10644986,0.958
3178,1092,8262366,0.999
3179,1092,14371896,0.998
3180,1092,18096162,0.954
3181,1092,17013936,0.96
3182,1092,11346065,0.992
3183,1092,13218007,0.974
3184,1092,15115527,0.968
3185,1092,13936215,0.953
3186,1092,39688671,0.955
3187,1092,11737518,0.99
3188,1092,13648453,0.972
3189,1092,9557443,0.995
3190,1092,13745525,0.994
3191,1092,14065291,0.974
3192,1092,10120723,0.992
3193,1092,23814577,0.997
3194,1092,9741281,0.993
3195,1092,7020329,1
3196,1092,17204176,0.888
3197,1092,16753928,0.972
3198,1092,15039898,0.936
3199,1092,23409711,0.895
3200,1092,19403416,0.948
3201,1092,11006338,0.992
3202,1092,9303993,0.998
3203,1092,23095880,0.997
3204,1092,17545428,0.934
3205,1092,48455446,0.954
3206,1092,14960425,0.973
3207,1092,10517125,0.999
3208,1092,13373222,0.978
3209,1092,7889080,0.999
3210,1092,9320393,0.997
3211,1092,9407216,0.998
3212,1092,15116981,0.946
3213,1092,16793086,0.957
3214,1092,16673654,0.915
3215,1092,11170644,0.978
3216,1092,11116433,0.992
3217,1092,36097782,0.942
3218,1092,10152457,0.997
3219,1092,12212799,0.986
3220,1092,18414780,0.964
3221,1092,15816104,0.951
3222,1092,21257019,0.943
3223,1092,11119888,1
3224,1092,10493630,1
3225,1092,12796052,0.99
3226,1092,11172086,0.977
3227,1092,16043227,0.99
3228,1092,8230425,0.999
3229,1092,8890505,0.997
3230,1092,32744774,0.87
3231,1092,10357833,0.995
3232,1092,29608559,0.952
3233,1092,14568968,0.973
3234,1092,13006816,0.998
3235,1092,16914285,0.906
3236,1092,16215644,0.967
3237,1092,16339351,0.974
3238,1092,12252035,0.983
3239,1092,15549660,0.896
3240,1092,15854236,0.963
3241,1092,8126267,0.957
3242,1092,17135648,0.955
3243,1092,15897686,0.999
3244,1092,20015307,0.98
3245,1092,17080698,0.977
3246,1092,14792254,0.976
3247,1092,15770911,0.951
3248,1092,11173687,0.99
3249,1092,14668272,0.978
3250,1092,10588398,0.998
3251,1092,14045521,0.987
3252,1092,31230785,0.946
3253,1092,17451708,0.931
3254,1092,15263554,0.945
3255,1092,16733511,0.984
3256,1092,13641621,0.972
3257,1092,11713123,0.994
3258,1092,9244675,0.995
3259,1092,28916303,0.886
3260,1092,19851914,0.942
3261,1092,11582003,0.997
3262,1092,15604118,0.954
3263,1092,25664818,0.947
3264,1092,20230332,0.972
3265,1092,7744567,0.998
3266,1092,18206571,0.865
3267,1092,11792989,0.962
3268,1092,23074545,0.995
3269,1092,13220473,0.968
3270,1092,5789333,1
3271,1092,13351192,0.982
3272,1092,15014931,0.969
3273,1092,8237527,0.999
3274,1092,14075082,0.984
3275,1092,10436348,0.987
3276,1092,17757550,0.951
3277,1092,11360105,0.984
3278,1092,28016654,0.97
3279,1092,7341860,0.999
3280,1092,33272552,0.971
3281,1092,38836865,0.943
3282,1092,10790617,0.998
3283,1092,17737586,0.86
3284,1092,11577395,0.967
3285,1092,12912734,0.979
3286,1092,16769123,0.929
3287,1092,7525952,0.999
3288,1092,13725680,0.999
3289,1092,34205959,0.89
3290,1092,14868459,0.979
3291,1092,8273203,0.991
3292,1092,21353342,0.973
3293,1092,12543675,0.988
3294,1092,14206410,0.995
3295,1092,13944418,0.987
3296,1092,10099670,0.999
3297,1092,29953907,0.899
3298,1092,17605396,0.99
3299,1092,12821307,0.998
3300,1092,19001093,0.992
3301,1092,9997694,0.994
3302,1092,8628690,0.997
3303,1092,39223071,0.928
3304,1092,14303279,0.965
3305,1092,10196727,0.995
3306,1092,20420309,0.989
3307,1092,31323299,0.848
3308,1092,25047134,0.925
3309,1092,9365796,1
3310,1092,6696507,0.999
3311,1092,13331249,0.979
3312,1092,27014702,0.816
3313,1092,20185562,0.976
3314,1092,15895658,0.941
3315,1092,17025707,0.962
3316,1092,13562709,0.946
3317,1092,12450790,0.991
3318,1092,12142935,0.983
3319,1092,27218097,0.98
3320,1092,13541586,0.976
3321,1092,12747879,0.991
3322,1092,36008429,0.88
3323,1092,26987097,0.95
3324,1092,9841493,0.997
3325,1092,14530467,0.989
3326,1092,14674046,0.96
3327,1092,12235908,0.993
3328,1092,15344528,0.937
3329,1092,13865453,0.99
3330,1092,12654709,0.987
3331,1092,16113798,0.972
3332,1092,15625338,1
3333,1092,46287815,0.865
3334,1092,12337356,0.987
3335,1092,11668166,0.985
3336,1092,13307714,0.986
3337,1092,15970590,0.918
3338,1092,53597985,0.824
3339,1092,13339073,0.968
3340,1092,14211197,0.967
3341,1092,19218652,0.922
3342,1092,9460789,0.992
3343,1092,8337544,0.998
3344,1092,13124465,0.961
3345,1092,15359224,0.914
3346,1092,8938130,0.99
3347,1092,8656675,0.999
3348,1092,11361991,0.988
3349,1092,13710425,0.982
3350,1092,16581037,0.969
3351,1092,11212349,0.981
3352,1092,15530646,0.947
3353,1092,15921811,0.733
3354,1092,14425020,0.972
3355,1092,9869086,0.998
3356,1092,10853013,0.992
3357,1092,15288175,0.969
3358,1092,15799097,0.98
3359,1092,8862291,0.999
3360,1092,33537283,0.953
3361,1092,31669178,0.964
3362,1092,8433933,0.997
3363,1092,6496737,0.999
3364,1092,17128736,0.996
3365,1092,19234316,0.991
3366,1092,16903799,0.903
3367,1092,19275256,0.953
3368,1092,11475556,0.994
3369,1092,20944018,0.902
3370,1092,10180065,0.99
3371,1092,10743859,0.988
3372,1092,27819747,0.989
3373,1092,14304766,0.968
3374,1092,26594864,0.908
3375,1092,17572232,0.985
3376,1092,11542904,0.99
3377,1092,18279175,0.963
3378,1092,12859918,0.995
3379,1092,14278212,0.978
3380,1092,8622076,0.999
3381,1092,15233342,0.998
3382,1092,9581524,0.996
3383,1092,16241066,0.985
3384,1092,8729012,1
3385,1092,9726152,0.999
3386,1092,8621356,0.996
3387,1092,12067980,0.988
3388,1092,13741508,0.969
3389,1092,17000622,0.994
3390,1092,48534679,0.886
3391,1092,24209908,0.992
3392,1092,27302480,0.753
3393,1092,21698333,0.973
3394,1092,16770838,0.982
3395,1092,59193985,0.972
3396,1092,12145537,0.986
3397,1092,15787753,0.935
3398,1092,20574187,0.989
3399,1092,16063189,0.84
3400,1092,6236098,1
3401,1092,15797544,0.984
3402,1092,10585324,0.999
3403,1092,15351801,0.995
3404,1092,14462316,0.974
3405,1092,11757371,0.987
3406,1092,7053983,0.998
3407,1092,8283372,0.999
3408,1092,8233958,0.992
3409,1092,9000238,0.985
3410,1092,16104547,0.962
3411,1092,10473668,0.999
3412,1092,15124894,0.997
3413,1092,9677319,0.998
3414,1092,15402006,0.969
3415,1092,24159907,0.949
3416,1092,19940537,0.948
3417,1092,10047597,0.999
3418,1092,14122571,0.982
3419,1092,27836053,0.987
3420,1092,12147619,0.966
3421,1092,21450352,0.918
3422,1092,17929846,0.852
3423,1092,9277799,1
3424,1092,10253490,0.997
3425,1092,11668102,0.996
3426,1092,10779620,0.994
3427,1092,17674445,0.904
3428,1092,26684841,0.935
3429,1092,21115853,0.978
3430,1092,6054871,0.99
3431,1092,15180345,0.964
3432,1092,9999160,0.985
3433,1092,11628416,0.982
3434,1092,18657137,0.933
3435,1092,8544149,0.996
3436,1092,16315061,0.958
3437,1092,31682678,0.884
3438,1092,8015316,0.999
3439,1092,15046903,0.969
3440,1092,15165578,0.957
3441,1092,22557213,0.904
3442,1092,13232170,0.973
3443,1092,28723853,0.907
3444,1092,33977480,1
3445,1092,8540842,0.993
3446,1092,17155750,0.977
3447,1092,10331777,0.989
3448,1092,12040600,0.998
3449,1092,19687472,0.995
3450,1092,28485475,0.884
3451,1092,13738985,0.987
3452,1092,17151313,0.998
3453,1092,14764315,0.968
3454,1092,15412159,0.987
3455,1092,9121639,0.992
3456,1092,15580695,0.992
3457,1092,8572792,0.999
3458,1092,13871112,0.974
3459,1092,19972111,0.886
3460,1092,16130372,0.911
3461,1092,10107234,0.997
3462,1092,11941575,0.996
3463,1092,16228452,0.936
3464,1092,14394131,0.874
3465,1092,8862836,0.994
3466,1092,16353227,0.955
3467,1092,19802012,0.97
3468,1092,10067108,0.996
3469,1092,18506431,0.993
3470,1092,7887148,0.999
3471,1092,19748691,0.983
3472,1092,13914433,0.96
3473,1092,31305321,0.941
3474,1092,14746993,0.963
3475,1092,4872181,1
3476,1092,14588236,0.983
3477,1092,14162847,0.988
3478,1092,9284865,0.999
3479,1092,13472188,0.998
3480,1092,7175617,0.993
3481,1092,6757641,0.998
3482,1092,15681160,0.964
3483,1092,14768648,0.953
3484,1092,12268984,0.967
3485,1092,10890793,0.979
3486,1092,11065823,0.991
3487,1092,12543072,0.921
3488,1092,10701575,0.976
3489,1092,10171006,0.982
3490,1092,13154417,0.989
3491,1092,12777445,0.977
3492,1092,10647560,0.99
3493,1092,20390062,0.936
3494,1092,11922737,0.995
3495,1092,14522742,0.916
3496,1092,57160718,0.893
3497,1092,16916834,0.991
3498,1092,32675365,0.956
3499,1092,10603017,0.985
3500,1092,13898163,0.972
3501,1092,13934450,0.977
3502,1092,39555889,0.946
3503,1092,16597437,0.94
3504,1092,18033112,0.973
3505,1092,12820177,0.979
3506,1092,21108353,0.962
3507,1092,12846607,0.993
3508,1092,14801833,1
3509,1092,9700526,0.996
3510,1092,8618588,1
3511,1092,18469863,0.924
3512,1092,14445615,0.987
3513,1092,34899341,0.984
3514,1092,10308400,0.991
3515,1092,16490385,0.94
3516,1092,36627489,0.98
3517,1092,5993905,0.998
3518,1092,7871933,0.997
3519,1092,72833172,0.924
3520,1092,8485011,0.999
3521,1092,13992655,0.995
3522,1092,12638052,0.951
3523,1092,10402323,0.981
3524,1092,8180787,0.99
3525,1092,14078343,0.959
3526,1092,35348779,0.855
3527,1092,18658958,0.978
3528,1092,30160178,0.989
3529,1092,7924097,0.997
3530,1092,13223754,0.967
3531,1092,14157561,0.988
3532,1092,10388544,0.985
3533,1092,38877779,0.959
3534,1092,11357874,0.997
3535,1092,17221859,0.995
3536,1092,26839370,0.992
3537,1092,12310032,0.978
3538,1092,10680919,0.998
3539,1092,35638618,0.976
3540,1092,16141136,0.939
3541,1092,12089617,0.986
3542,1092,8100907,0.992
3543,1092,15063891,0.979
3544,1092,11794825,0.988
3545,1092,15121395,0.941
3546,1092,16643857,0.932
3547,1092,9590198,0.993
3548,1092,9445019,0.999
3549,1092,14895996,0.976
3550,1092,8257373,1
3551,1092,18620293,0.97
3552,1092,7875031,0.998
3553,1092,13866782,0.985
3554,1092,15692685,0.97
3555,1092,7582217,0.997
3556,1092,7487371,0.998
3557,1092,34601645,0.938
3558,1092,24033328,0.947
3559,1092,12172665,0.989
3560,1092,15990263,0.954
3561,1092,10163013,0.995
3562,1092,16518517,0.969
3563,1092,10907244,0.997
3564,1092,8993153,0.999
3565,1092,12261800,0.975
3566,1092,16921790,0.986
3567,1092,47550819,0.955
3568,1092,17684385,0.915
3569,1092,16011364,0.97
3570,1092,9871094,0.996
3571,1092,7584776,0.996
3572,1092,12542889,0.988
3573,1092,18764213,0.984
3574,1092,11094221,0.991
3575,1092,15333482,0.88
3576,1092,8991050,0.997
3577,1092,28421215,0.966
3578,1092,11944771,0.991
3579,1092,13147835,0.992
3580,1092,10174824,0.991
3581,1092,11264533,0.983
3582,1092,14892987,0.949
3583,1092,29817136,0.985
3584,1092,20881876,0.972
3585,1092,10755019,0.989
3586,1092,19059554,0.996
3587,1092,10891332,0.984
3588,1092,13451212,0.994
3589,1092,26921250,0.983
3590,1092,39304224,0.948
3591,1092,12007858,0.991
3592,1092,15477143,0.974
3593,1092,54542139,0.973
3594,1092,16160870,0.99
3595,1092,15450708,0.967
3596,1092,8748338,0.997
3597,1092,15479074,0.981
3598,1092,19317164,0.969
3599,1092,5810964,1
3600,1092,14010840,0.985
3601,1092,8595979,1
3602,1092,13751901,0.971
3603,1092,13566829,0.952
3604,1092,16452733,0.944
3605,1092,12596900,0.984
3606,1092,12408968,0.977
3607,1092,45770153,0.87
3608,1092,10246985,0.994
3609,1092,13021325,0.978
3610,1092,33631359,0.858
3611,1092,14381988,0.974
3612,1092,11679403,0.989
3613,1092,12260495,0.982
3614,1092,12993332,0.992
3615,1092,15374004,0.944
3616,1092,33662792,0.887
3617,1092,9757450,0.997
3618,1092,7469413,0.999
3619,1092,11033464,0.997
3620,1092,10191945,0.989
3621,1092,13291158,0.984
3622,1092,9170980,0.998
3623,1092,10184815,0.992
3624,1092,14589966,0.976
3625,1092,12929652,0.991
3626,1092,11140557,0.995
3627,1092,9224362,1
3628,1092,14165648,0.968
3629,1092,21103957,0.98
3630,1092,9810102,0.971
3631,1092,8441118,0.995
3632,1092,17174556,0.945
3633,1092,13567742,0.974
3634,1092,35648494,0.991
3635,1092,16848671,0.889
3636,1092,12673216,0.966
3637,1092,49556160,0.96
3638,1092,22174826,0.941
3639,1092,13417797,0.978
3640,1092,12427446,0.988
3641,1092,13004732,0.987
3642,1092,21222286,0.957
3643,1092,24043038,0.926
3644,1092,5422474,1
3645,1092,11642071,0.993
3646,1092,9148920,0.996
3647,1092,12615940,0.985
3648,1092,22082125,0.999
3649,1092,31270594,0.957
3650,1092,27461921,0.971
3651,1092,12459348,0.986
3652,1092,11416282,0.995
3653,1092,44015224,0.996
3654,1092,9071387,0.998
3655,1092,13096346,0.995
3656,1092,12055201,0.939
3657,1092,12938077,0.994
3658,1092,9416872,0.994
3659,1092,12411034,0.987
3660,1092,13967137,0.965
3661,1092,12902877,0.972
3662,1092,10629674,0.998
3663,1092,7083727,0.999
3664,1092,17802695,0.928
3665,1092,18338272,0.872
3666,1092,13420320,0.99
3667,1092,40127492,0.984
3668,1092,15887424,0.997
3669,1092,22507246,0.993
3670,1092,10020407,0.992
3671,1092,9404993,0.994
3672,1092,9362350,0.999
3673,1092,8924015,0.999
3674,1092,10731268,0.996
3675,1092,29342726,0.878
3676,1092,55823993,0.929
3677,1092,58402523,0.99
3678,1092,10594103,0.994
3679,1092,13503601,0.942
3680,1092,16711305,0.999
3681,1092,36258258,0.97
3682,1092,64052034,0.943
3683,1092,16536697,0.902
3684,1092,6713964,0.999
3685,1092,9583259,0.984
3686,1092,12061814,0.988
3687,1092,15458828,0.923
3688,1092,12363367,0.991
3689,1092,14047480,0.962
3690,1092,10527803,0.989
3691,1092,14740236,1
3692,1092,61603190,0.897
3693,1092,14515934,0.984
3694,1092,48208011,0.987
3695,1092,9613036,0.995
3696,1092,15748625,0.966
3697,1092,15355056,0.958
3698,1092,13022364,0.985
3699,1092,12655263,0.986
3700,1092,7524174,0.998
3701,1092,11756676,0.991
3702,1092,10738536,0.997
3703,1092,20646856,0.933
3704,1092,14530115,0.923
3705,1092,20081670,0.939
3706,1092,12409416,0.986
3707,1092,12156354,0.995
3708,1092,9981843,0.999
3709,1092,16410450,0.96
3710,1092,16314357,0.971
3711,1092,10310174,0.999
3712,1092,13037487,0.983
3713,1092,33609824,0.987
3714,1092,11990512,0.993
3715,1092,6559033,0.995
3716,1092,17178243,0.854
3717,1092,34817504,0.929
3718,1092,21298757,0.961
3719,1092,15488546,0.967
3720,1092,24356837,0.986
3721,1092,39667242,0.908
3722,1092,17915425,0.941
3723,1092,17463117,0.992
3724,1092,9614374,0.992
3725,1092,9530036,0.992
3726,1092,8489823,0.998
3727,1092,26840223,0.968
3728,1092,12368469,0.981
3729,1092,14334184,0.952
3730,1092,18254424,0.903
3731,1092,12649400,0.973
3732,1092,12390105,0.987
3733,1092,17328995,0.942
3734,1092,7798020,0.997
3735,1092,10006930,1
3736,1092,16916340,0.958
3737,1092,12783131,0.979
3738,1092,38889873,0.994
3739,1092,32106914,0.965
3740,1092,24607284,0.924
3741,1092,15404333,0.952
3742,1092,39019380,0.952
3743,1092,10810449,0.992
3744,1092,25083411,0.944
3745,1092,29390322,0.922
3746,1092,17614480,0.906
3747,1092,34542932,0.949
3748,1092,13202833,0.979
3749,1092,13959388,0.933
3750,1092,9813232,0.995
3751,1092,36739613,0.966
3752,1092,15285536,0.965
3753,1092,13132131,0.987
3754,1092,19934634,0.919
3755,1092,19017323,0.929
3756,1092,8695519,0.997
3757,1092,15872660,0.965
3758,1092,14666727,0.988
3759,1092,17647424,0.908
3760,1092,13901610,0.988
3761,1092,41178243,0.893
3762,1092,62238466,0.923
3763,1092,12171005,0.989
3764,1092,41716823,0.831
3765,1092,11046051,0.989
3766,1092,13755273,0.991
3767,1092,10879979,0.998
3768,1092,30399456,0.895
3769,1092,16266068,0.964
3770,1092,10832485,0.988
3771,1092,13206771,0.995
3772,1092,11507546,0.987
3773,1092,7550517,0.999
3774,1092,25510084,0.968
3775,1092,15184614,0.899
3776,1092,18746307,0.984
3777,1092,12996100,0.965
3778,1092,15840650,0.895
3779,1092,34674417,0.857
3780,1092,19672872,0.945
3781,1092,14183175,0.987
3782,1092,33222481,0.988
3783,1092,11180382,0.994
3784,1092,54501786,0.931
3785,1092,11000457,0.984
3786,1092,12190458,0.998
3787,1092,13418294,0.99
3788,1092,15406601,0.941
3789,1092,18043426,0.969
3790,1092,26556690,0.896
3791,1092,10221686,0.997
3792,1092,12771542,0.976
3793,1092,12218847,0.963
3794,1092,9218333,0.994
3795,1092,17461337,0.929
3796,1092,10162903,0.997
3797,1092,11855288,0.985
3798,1092,14239968,0.962
3799,1092,13470430,0.965
3800,1092,15523735,0.996
3801,1092,11765905,0.988
3802,1092,12543362,0.997
3803,1092,29332258,0.9
3804,1092,21372372,0.951
3805,1092,11385606,0.991
3806,1092,10951806,0.997
3807,1092,16910146,0.965
3808,1092,12324650,0.996
3809,1092,18403506,0.934
3810,1092,17163608,0.97
3811,1092,14426595,0.984
3812,1092,13205062,0.99
3813,1092,11208513,0.986
3814,1092,24556786,0.939
3815,1092,8696784,0.997
3816,1092,13127714,0.983
3817,1092,24501133,0.976
3818,1092,8663792,0.997
3819,1092,8202842,0.997
3820,1092,11012873,0.996
3821,1092,12021871,0.993
3822,1092,16828868,0.981
3823,1092,17075039,0.98
3824,1092,10110942,0.997
3825,1092,14706228,0.941
3826,1092,12304276,0.967
3827,1092,12179835,0.985
3828,1092,23346144,0.919
3829,1092,11554604,0.967
3830,1092,22376662,0.96
3831,1092,12589236,0.983
3832,1092,12329769,0.979
3833,1092,11204281,0.983
3834,1092,14912384,0.979
3835,1092,25410084,0.989
3836,1092,19131192,0.873
3837,1092,14670341,0.958
3838,1092,17590534,0.877
3839,1092,17609850,0.966
3840,1092,17487717,0.921
3841,1092,9700320,0.991
3842,1092,14705335,0.97
3843,1092,10475520,0.998
3844,1092,22901665,0.996
3845,1092,13746960,0.976
3846,1092,10041430,0.994
3847,1092,10846834,0.994
3848,1092,39348541,0.875
3849,1092,24788235,0.867
3850,1092,17194962,0.975
3851,1092,23508319,0.986
3852,1092,20112048,0.996
3853,1092,9167570,0.984
3854,1092,17341096,0.899
3855,1092,15362993,0.98
3856,1092,12530266,0.966
3857,1092,15213258,0.95
3858,1092,12916864,0.987
3859,1092,14024596,0.985
3860,1092,10605064,0.996
3861,1092,18273462,0.967
3862,1092,16169148,0.922
3863,1092,9017755,0.999
3864,1092,27132595,0.966
3865,1092,12671408,0.949
3866,1092,11264935,0.996
3867,1092,26257538,0.987
3868,1092,37533288,0.958
3869,1092,20550861,0.93
3870,1092,9357097,0.996
3871,1092,44052080,0.864
3872,1092,29911994,0.91
3873,1092,24952408,0.935
3874,1092,18443535,0.934
3875,1092,8152063,0.997
3876,1092,19224488,0.964
3877,1092,17873542,0.797
3878,1092,9522713,0.999
3879,1092,31901461,0.838
3880,1092,27654014,0.951
3881,1092,13414075,0.984
3882,1092,8980898,0.997
3883,1092,21051652,0.93
3884,1092,13856171,0.994
3885,1092,16353258,0.968
3886,1092,8626181,0.997
3887,1092,15248734,0.987
3888,1092,32897260,0.861
3889,1092,43961131,0.914
3890,1092,11691254,0.992
3891,1092,19053410,0.922
3892,1092,14243743,0.976
3893,1092,8406955,0.998
3894,1092,8185454,0.995
3895,1092,14192404,0.979
3896,1092,15424892,0.985
3897,1092,14476944,0.996
3898,1092,16367082,0.995
3899,1092,22369637,0.967
3900,1092,10119537,0.994
3901,1092,15280755,0.978
3902,1092,12282500,0.982
3903,1092,8404156,0.998
3904,1092,14674004,0.976
3905,1092,17898890,0.908
3906,1092,8446771,0.998
3907,1092,8697112,0.998
3908,1092,18069525,0.82
3909,1092,17854110,0.963
3910,1092,9442942,0.999
3911,1092,8288204,0.998
3912,1092,12743176,0.993
3913,1092,11167287,0.997
3914,1092,14924620,0.973
3915,1092,11513894,0.987
3916,1092,8721592,0.999
3917,1092,17887116,0.979
3918,1092,12257915,0.993
3919,1092,11322023,0.982
3920,1092,9498884,1
3921,1092,27109978,0.949
3922,1092,16487791,0.953
3923,1092,9637703,0.995
3924,1092,18387300,0.917
3925,1092,16300470,0.958
3926,1092,19408222,0.954
3927,1092,18481099,0.993
3928,1092,29100955,0.867
3929,1092,24128158,0.993
3930,1092,15470978,0.978
3931,1092,19243866,0.966
3932,1092,11025765,0.968
3933,1092,15239519,0.983
3934,1092,20606499,0.984
3935,1092,12893142,0.955
3936,1092,14605038,0.986
3937,1092,10120725,0.993
3938,1092,21483643,0.965
3939,1092,15261504,0.997
3940,1092,13210655,0.967
3941,1092,8966999,0.996
3942,1092,11031630,0.993
3943,1092,18425939,0.913
3944,1092,16303683,0.949
3945,1092,22878678,0.989
3946,1092,14392577,0.932
3947,1092,20473788,0.961
3948,1092,10945235,0.989
3949,1092,21850278,0.974
3950,1092,13421489,0.981
3951,1092,13654269,0.966
3952,1092,7594550,1
3953,1092,7998055,0.998
3954,1092,11662822,0.997
3955,1092,16834088,0.962
3956,1092,26272566,0.852
3957,1092,12981849,0.983
3958,1092,15440080,0.962
3959,1092,16404025,0.958
3960,1092,20465622,0.876
3961,1092,17047586,0.957
3962,1092,16836243,0.965
3963,1092,19978254,0.846
3964,1092,14999777,0.988
3965,1092,6610924,0.999
3966,1092,14912763,0.983
3967,1092,11338665,0.951
3968,1092,12989858,0.994
3969,1092,10330969,0.987
3970,1092,8955296,0.996
3971,1092,25219593,0.982
3972,1092,8065146,1
3973,1092,12529373,0.986
3974,1092,7306200,0.999
3975,1092,35037169,0.925
3976,1092,15299859,0.956
3977,1092,12860643,0.97
3978,1092,26340240,0.952
3979,1092,17127467,0.947
3980,1092,18153105,0.883
3981,1092,11386716,0.99
3982,1092,14623773,0.95
3983,1092,21119246,0.96
3984,1092,16888787,0.991
3985,1092,15978935,0.977
3986,1092,32491687,0.922
3987,1092,13753341,0.986
3988,1092,12001559,0.984
3989,1092,19640474,0.977
3990,1092,13967344,0.972
3991,1092,19154095,0.981
3992,1092,24183799,0.997
3993,1092,13390681,0.987
3994,1092,29903065,0.984
3995,1092,9269955,0.998
3996,1092,16440078,0.958
3997,1092,21483264,0.981
3998,1092,9130234,0.993
3999,1092,13006019,0.984
4000,1092,7897456,1
4001,1092,9864293,0.998
4002,1092,8698404,0.996
4003,1092,21795177,0.919
4004,1092,15777882,0.918
4005,1092,11069353,0.996
4006,1092,10011238,0.998
4007,1092,11834241,0.995
4008,1092,9922519,0.992
4009,1092,10972535,0.995
4010,1092,9644903,0.998
4011,1092,17426751,0.919
4012,1092,12144962,0.992
4013,1092,68785267,0.908
4014,1092,19242766,0.992
4015,1092,7863404,1
4016,1092,12536272,0.981
4017,1092,14473602,0.972
4018,1092,23853376,0.984
4019,1092,13521531,0.96
4020,1092,15293738,0.931
4021,1092,9598343,0.987
4022,1092,13640154,0.976
4023,1092,40772296,0.923
4024,1092,11579742,0.979
4025,1092,11642289,0.977
4026,1092,51827295,0.986
4027,1092,23702946,0.877
4028,1092,13665733,0.977
4029,1092,26137544,0.917
4030,1092,22550679,0.95
4031,1092,27730454,0.97
4032,1092,37481366,0.975
4033,1092,9298185,0.999
4034,1092,15413537,0.979
4035,1092,14078807,0.968
4036,1092,15628635,0.984
4037,1092,8730935,0.999
4038,1092,20972747,0.955
4039,1092,8926781,0.992
4040,1092,35623075,0.907
4041,1092,17351317,0.958
4042,1092,14557364,0.987
4043,1092,11657036,0.998
4044,1092,40422651,0.908
4045,1092,25240998,0.919
4046,1092,12930899,0.977
4047,1092,22891788,0.869
4048,1092,9794715,0.987
4049,1092,16786495,0.956
4050,1092,11012684,0.997
4051,1092,11176702,0.988
4052,1092,15266631,0.983
4053,1092,8656561,0.999
4054,1092,8642337,0.997
4055,1092,12078766,0.991
4056,1092,30751622,0.99
4057,1092,15547886,1
4058,1092,15053029,0.98
4059,1092,18610224,0.948
4060,1092,20545192,0.955
4061,1092,26390980,0.937
4062,1092,8381245,0.998
4063,1092,9297743,0.999
4064,1092,22810123,0.986
4065,1092,15003795,0.97
4066,1092,27072113,0.971
4067,1092,18679046,0.978
4068,1092,13134570,0.945
4069,1092,10995965,0.997
4070,1092,10452153,0.983
4071,1092,18935692,0.903
4072,1092,11041083,0.989
4073,1092,12248503,0.991
4074,1092,10083424,0.992
4075,1092,46608848,0.876
4076,1092,13165423,0.994
4077,1092,11663292,0.988
4078,1092,15288048,0.966
4079,1092,18478091,0.96
4080,1092,11139381,0.983
4081,1092,14100206,0.918
4082,1092,15501950,0.962
4083,1092,14865537,0.981
4084,1092,32468802,0.981
4085,1092,10621164,0.976
4086,1092,17522567,0.92
4087,1092,23607977,0.989
4088,1092,13780491,0.99
4089,1092,12265992,0.995
4090,1092,51817777,0.903
4091,1092,48351256,0.904
4092,1092,12557497,0.985
4093,1092,16866222,0.85
4094,1092,18274335,0.937
4095,1092,21159046,0.987
4096,1092,21553249,0.844
4097,1092,16969017,0.973
4098,1092,16525956,0.934
4099,1092,7568019,1
4100,1092,11057640,0.988
4101,1092,17583445,0.952
4102,1092,12631937,0.984
4103,1092,30237410,0.942
4104,1092,14776373,0.953
4105,1092,12716292,0.979
4106,1092,10026006,0.994
4107,1092,13919841,0.987
4108,1092,10621278,0.996
4109,1092,16958362,0.992
4110,1092,13449640,0.99
4111,1092,51099933,0.918
4112,1092,6622274,1
4113,1092,39060934,0.973
4114,1092,9834938,0.987
4115,1092,12456238,0.968
4116,1092,17005267,0.96
4117,1092,25216515,0.964
4118,1092,21613012,0.972
4119,1092,8997329,0.999
4120,1092,10427058,0.992
4121,1092,16587807,0.942
4122,1092,11199454,0.994
4123,1092,15090237,0.963
4124,1092,12061200,0.975
4125,1092,13004473,0.983
4126,1092,15018618,0.975
4127,1092,16149768,0.974
4128,1092,9043939,0.981
4129,1092,18472634,0.886
4130,1092,38852325,0.982
4131,1092,15769414,0.987
4132,1092,13342304,0.995
4133,1092,10281887,0.998
4134,1092,11314646,0.993
4135,1092,14271628,0.975
4136,1092,17224572,0.908
4137,1092,53431489,0.909
4138,1092,10147632,0.999
4139,1092,14533809,0.988
4140,1092,23194780,0.917
4141,1092,13097428,0.99
4142,1092,15393690,0.995
4143,1092,22108022,0.976
4144,1092,16965727,0.983
4145,1092,16621511,0.981
4146,1092,20154763,0.982
4147,1092,17652503,0.858
4148,1092,14178268,0.979
4149,1092,14216685,0.948
4150,1092,14537972,0.974
4151,1092,29037795,0.808
4152,1092,9640445,0.992
4153,1092,17353514,0.964
4154,1092,12398976,0.992
4155,1092,60734940,0.943
4156,1092,16994116,0.92
4157,1092,23005189,0.977
4158,1092,18181262,0.888
4159,1092,7689303,0.999
4160,1092,16801116,0.988
4161,1092,32768251,0.999
4162,1092,15196253,0.952
4163,1092,13492836,0.951
4164,1092,30834751,0.988
4165,1092,13633040,0.989
4166,1092,11603999,0.997
4167,1092,14852631,0.953
4168,1092,8550659,1
4169,1092,10832865,0.991
4170,1092,26212377,0.982
4171,1092,13012180,0.992
4172,1092,8193687,0.996
4173,1092,9179188,0.993
4174,1092,13201149,0.944
4175,1092,13932938,0.947
4176,1092,10772326,0.997
4177,1092,11501950,0.992
4178,1092,10430876,0.989
4179,1092,18816100,0.919
4180,1092,13274857,0.984
4181,1092,13404372,0.98
4182,1092,12673659,0.991
4183,1092,10866133,0.943
4184,1092,24640566,0.947
4185,1092,14105500,0.974
4186,1092,47007184,0.987
4187,1092,19073205,0.972
4188,1092,35034178,0.935
4189,1092,20923900,0.986
4190,1092,19601518,0.964
4191,1092,10878491,0.981
4192,1092,16689405,0.982
4193,1092,36650165,0.955
4194,1092,10471172,1
4195,1092,12637934,0.986
4196,1092,11252494,0.997
4197,1092,19559410,0.876
4198,1092,14062341,0.965
4199,1092,20475518,0.984
4200,1092,30620324,0.951
4201,1092,14508461,0.996
4202,1092,29244397,0.945
4203,1092,15108596,0.971
4204,1092,26486547,0.96
4205,1092,14948540,0.957
4206,1092,21844642,0.902
4207,1092,14366764,0.984
4208,1092,16873400,0.966
4209,1092,26841529,0.987
4210,1092,17982677,0.955
4211,1092,8191705,0.999
4212,1092,14764658,0.947
4213,1092,25357868,0.993
4214,1092,10820854,0.991
4215,1092,15821177,0.948
4216,1092,16357220,0.962
4217,1092,24811631,0.924
4218,1092,12147766,0.993
4219,1092,20997852,0.953
4220,1092,17805419,0.97
4221,1092,8856936,0.997
4222,1092,14690797,0.979
4223,1092,14743800,0.991
4224,1092,9631840,0.999
4225,1092,16878542,0.994
4226,1092,12986616,0.976
4227,1092,13486933,0.957
4228,1092,13396877,0.962
4229,1092,15146600,0.969
4230,1092,11110814,0.997
4231,1092,7304100,0.991
4232,1092,20988226,0.992
4233,1092,8725866,0.99
4234,1092,27721646,0.912
4235,1092,15936799,0.915
4236,1092,17061285,0.913
4237,1092,12186915,0.975
4238,1092,14396075,0.981
4239,1092,17743086,0.98
4240,1092,62134933,0.954
4241,1092,60334176,0.945
4242,1092,13330682,0.98
4243,1092,13123412,0.961
4244,1092,12363390,0.993
4245,1092,8408769,0.996
4246,1092,15418297,0.975
4247,1092,28857487,0.912
4248,1092,7796655,1
4249,1092,25513241,0.9
4250,1092,8223683,0.994
4251,1092,25416905,0.921
4252,1092,12537897,0.981
4253,1092,11836966,0.995
4254,1092,17659152,0.932
4255,1092,50210289,0.855
4256,1092,12640434,0.974
4257,1092,22628749,0.874
4258,1092,9425903,0.995
4259,1092,12207284,0.998
4260,1092,12708546,0.988
4261,1092,10938507,0.986
4262,1092,14640780,0.973
4263,1092,11318408,0.997
4264,1092,14806623,0.975
4265,1092,13370177,0.993
4266,1092,15648068,0.942
4267,1092,28431406,0.946
4268,1092,6658020,1
4269,1092,7877856,0.995
4270,1092,18367215,0.919
4271,1092,27383902,0.974
4272,1092,16630540,0.973
4273,1092,24861812,0.974
4274,1092,6297748,0.999
4275,1092,12167298,0.988
4276,1092,23835470,0.95
4277,1092,14379027,0.942
4278,1092,25857491,0.985
4279,1092,9284778,0.997
4280,1092,11444726,0.99
4281,1092,11030935,0.974
4282,1092,38140874,0.958
4283,1092,16288796,0.946
4284,1092,9677413,0.997
4285,1092,11986987,0.995
4286,1092,45380108,0.868
4287,1092,19406811,0.88
4288,1092,26477772,0.907
4289,1092,14197520,0.957
4290,1092,16202958,0.869
4291,1092,63572033,0.846
4292,1092,20229110,0.981
4293,1092,19080523,0.976
4294,1092,38688800,0.965
4295,1092,22387371,0.945
4296,1092,33607694,0.951
4297,1092,40600827,0.99
4298,1092,14012919,0.979
4299,1092,11775580,0.994
4300,1092,12307125,0.997
4301,1092,12304400,0.996
4302,1092,52867777,0.952
4303,1092,14130858,0.978
4304,1092,11409339,0.973
4305,1092,28323893,0.97
4306,1092,19037163,0.812
4307,1092,19415651,0.971
4308,1092,14651480,0.972
4309,1092,16134716,0.945
4310,1092,10857363,0.996
4311,1092,12432637,0.985
4312,1092,8179053,0.997
4313,1092,12801746,0.975
4314,1092,30484600,0.989
4315,1092,13190172,0.989
4316,1092,10405663,0.998
4317,1092,16496753,0.919
4318,1092,10090716,0.992
4319,1092,10921910,0.989
4320,1092,33004237,0.99
4321,1092,13640216,0.999
4322,1092,13678429,0.98
4323,1092,15155547,0.978
4324,1092,11139166,0.999
4325,1092,20626877,0.886
4326,1092,13822865,0.965
4327,1092,17813799,0.99
4328,1092,12050452,0.979
4329,1092,42484624,0.958
4330,1092,14744182,0.898
4331,1092,24244578,0.948
4332,1092,13514503,0.978
4333,1092,15846027,0.976
4334,1092,13023452,0.947
4335,1092,24410024,1
4336,1092,11545016,0.99
4337,1092,16277303,0.955
4338,1092,17084047,0.974
4339,1092,15460770,0.949
4340,1092,11760360,0.983
4341,1092,34399249,0.967
4342,1092,11652807,0.972
4343,1092,8988763,0.995
4344,1092,17338358,0.963
4345,1092,10919077,0.998
4346,1092,14321308,0.975
4347,1092,6659825,0.999
4348,1092,14348931,0.995
4349,1092,8059969,0.997
4350,1092,18355386,0.982
4351,1092,10640322,0.994
4352,1092,17835184,0.938
4353,1092,18857942,0.952
4354,1092,11633811,0.99
4355,1092,16533857,0.902
4356,1092,16881148,0.944
4357,1092,17068179,0.971
4358,1092,12307388,0.996
4359,1092,11789916,0.974
4360,1092,7739030,0.995
4361,1092,25273637,0.969
4362,1092,12803913,0.998
4363,1092,34332383,0.949
4364,1092,16125307,0.922
4365,1092,8501854,0.998
4366,1092,8067729,0.998
4367,1092,17148622,0.969
4368,1092,33182938,0.99
4369,1092,10617084,0.994
4370,1092,16288160,0.973
4371,1092,6427222,1
4372,1092,7386113,0.991
4373,1092,12427862,0.99
4374,1092,19241048,0.769
4375,1092,7134426,0.999
4376,1092,6955460,0.995
4377,1092,18963702,0.957
4378,1092,11991287,0.969
4379,1092,14950746,0.986
4380,1092,15409082,0.974
4381,1092,14590942,0.98
4382,1092,7780875,0.991
4383,1092,12213023,0.972
4384,1092,14299214,0.962
4385,1092,10429779,0.991
4386,1092,9591301,1
4387,1092,8660971,0.998
4388,1092,16958875,0.931
4389,1092,27274692,0.981
4390,1092,14386806,0.97
4391,1092,31912948,0.94
4392,1092,11478839,0.979
4393,1092,10277004,0.994
4394,1092,23514599,0.848
4395,1092,17402036,0.986
4396,1092,16107102,1
4397,1092,11150099,0.999
4398,1092,15486909,0.979
4399,1092,13321419,0.99
4400,1092,11449053,0.994
4401,1092,20739026,0.699
4402,1092,16198131,0.979
4403,1092,14732841,0.994
4404,1092,18334893,0.915
4405,1092,9972347,0.99
4406,1092,14878855,0.988
4407,1092,15348332,0.962
4408,1092,15653595,0.922
4409,1092,34297445,0.851
4410,1092,17391986,0.932
4411,1092,11300626,0.994
4412,1092,17553123,0.918
4413,1092,11854663,0.974
4414,1092,18168966,0.848
4415,1092,16365256,0.951
4416,1092,10737197,0.993
4417,1092,13112447,0.955
4418,1092,28898434,0.941
4419,1092,12367840,0.998
4420,1092,8004007,0.997
4421,1092,9056411,0.999
4422,1092,13157409,0.975
4423,1092,11734401,0.981
4424,1092,16114280,0.966
4425,1092,11018329,0.994
4426,1092,31424309,0.9
4427,1092,24767089,0.951
4428,1092,12187450,0.975
4429,1092,16477794,0.977
4430,1092,10650095,0.993
4431,1092,14956119,0.974
4432,1092,8610468,0.995
4433,1092,13306905,0.984
4434,1092,12375155,0.97
4435,1092,9230107,0.996
4436,1092,11571529,0.984
4437,1092,27532567,0.974
4438,1092,18103850,0.818
4439,1092,17067616,0.984
4440,1092,44676655,0.921
4441,1092,17736561,0.948
4442,1092,12541618,0.992
4443,1092,34045636,0.983
4444,1092,13446517,0.968
4445,1092,9644996,0.998
4446,1092,15010466,0.964
4447,1092,18350643,0.911
4448,1092,19001325,0.993
4449,1092,9456754,0.988
4450,1092,8596894,0.988
4451,1092,26794839,0.907
4452,1092,13673106,0.948
4453,1092,28927099,0.989
4454,1092,11575140,0.995
4455,1092,15385578,0.98
4456,1092,12698855,0.996
4457,1092,10646329,0.981
4458,1092,15819217,0.977
4459,1092,8388866,0.994
4460,1092,12221958,0.998
4461,1092,17428029,0.993
4462,1092,13472058,0.968
4463,1092,8379568,0.999
4464,1092,9655815,0.997
4465,1092,11657539,0.994
4466,1092,12889279,0.983
4467,1092,13167222,0.953
4468,1092,12487289,0.98
4469,1092,7673872,1
4470,1092,20938104,0.983
4471,1092,14198229,0.986
4472,1092,9027902,0.999
4473,1092,17885365,0.979
4474,1092,12554471,1
4475,1092,11165168,0.996
4476,1092,14489216,0.995
4477,1092,14498949,0.957
4478,1092,13408076,0.976
4479,1092,15498700,0.951
4480,1092,15314618,0.978
4481,1092,26106293,0.787
4482,1092,13836097,0.982
4483,1092,19888048,0.854
4484,1092,13375063,0.99
4485,1092,10845000,0.994
4486,1092,13581914,0.977
4487,1092,12094645,0.995
4488,1092,10440899,0.995
4489,1092,25201568,0.99
4490,1092,13216854,0.99
4491,1092,14954943,0.989
4492,1092,13875805,0.947
4493,1092,14603420,0.985
4494,1092,25670072,0.872
4495,1092,12519004,0.993
4496,1092,18862355,0.843
4497,1092,9115071,0.989
4498,1092,30997412,0.795
4499,1092,10569432,0.996
4500,1092,14275318,0.882
4501,1092,9392560,0.994
4502,1092,11242234,0.994
4503,1092,21442066,0.951
4504,1092,14462296,0.973
4505,1092,26256176,0.974
4506,1092,13615561,0.997
4507,1092,12461548,0.979
4508,1092,14762096,0.994
4509,1092,17273542,0.963
4510,1092,13534133,0.953
4511,1092,13166743,0.921
4512,1092,17611187,0.733
4513,1092,13051138,0.997
4514,1092,15582933,0.979
4515,1092,11989158,0.993
4516,1092,28458033,0.978
4517,1092,10072132,0.998
4518,1092,13216403,0.965
4519,1092,13541591,0.993
4520,1092,9695204,0.997
4521,1092,53960268,0.903
4522,1092,10410969,0.993
4523,1092,13336412,0.971
4524,1092,29573550,0.985
4525,1092,48681170,0.913
4526,1092,12125762,0.996
4527,1092,32530672,0.997
4528,1092,12773570,0.994
4529,1092,24045778,0.918
4530,1092,41663338,0.951
4531,1092,11153734,0.987
4532,1092,10577384,0.993
4533,1092,18291104,0.867
4534,1092,9370391,0.99
4535,1092,11867514,0.989
4536,1092,19393348,0.967
4537,1092,11866091,0.993
4538,1092,24621198,0.971
4539,1092,32450815,0.943
4540,1092,15566404,0.996
4541,1092,9745190,0.998
4542,1092,8760805,0.999
4543,1092,16606805,0.915
4544,1092,14950209,0.96
4545,1092,12170480,0.994
4546,1092,10527149,0.993
4547,1092,14302157,0.976
4548,1092,17587204,0.901
4549,1092,10715374,0.983
4550,1092,19675683,0.992
4551,1092,11325133,0.986
4552,1092,13735280,0.94
4553,1092,23041576,0.95
4554,1092,17044450,0.969
4555,1092,6129132,0.999
4556,1092,12879372,0.979
4557,1092,19603418,0.995
4558,1092,20318479,0.882
4559,1092,14504422,0.983
4560,1092,24740266,0.922
4561,1092,16055549,0.982
4562,1092,62032959,0.942
4563,1092,24050363,0.964
4564,1092,10732654,0.986
4565,1092,48790225,0.776
4566,1092,14036167,0.98
4567,1092,14532921,0.987
4568,1092,18705241,0.942
4569,1092,10486101,0.993
4570,1092,13954317,0.941
4571,1092,12010089,0.957
4572,1092,7508497,0.999
4573,1092,11957747,0.979
4574,1092,19638768,0.932
4575,1092,9683073,0.996
4576,1092,8000147,0.997
4577,1092,9141483,0.998
4578,1092,8326209,0.995
4579,1092,23711702,0.989
4580,1092,17175531,0.929
4581,1092,13962953,0.945
4582,1092,68539099,0.83
4583,1092,12549554,0.999
4584,1092,28594448,0.88
4585,1092,19237464,1
4586,1092,12710802,0.99
4587,1092,26733273,0.992
4588,1092,10499090,0.988
4589,1092,19911050,0.989
4590,1092,7403724,0.997
4591,1092,16452651,0.947
4592,1092,11631483,0.993
4593,1092,14140167,0.983
4594,1092,14144676,0.959
4595,1092,15408436,0.992
4596,1092,18888906,0.907
4597,1092,15819475,0.979
4598,1092,12591403,0.987
4599,1092,10832949,0.996
4600,1092,17349031,0.96
4601,1092,12299412,0.997
4602,1092,17995683,0.865
4603,1092,25504512,0.967
4604,1092,17978427,0.991
4605,1092,13428862,0.978
4606,1092,14073105,0.982
4607,1092,18462068,0.957
4608,1092,12832245,0.99
4609,1092,10897847,0.979
4610,1092,6335472,1
4611,1092,24916690,0.982
4612,1092,15279424,0.916
4613,1092,37288651,0.955
4614,1092,12778499,0.979
4615,1092,60399000,0.976
4616,1092,9872373,0.982
4617,1092,7879769,0.999
4618,1092,11349241,0.982
4619,1092,13477269,0.996
4620,1092,16195618,0.976
4621,1092,10442146,0.992
4622,1092,11154823,0.993
4623,1092,11296373,0.981
4624,1092,10514288,0.999
4625,1092,14555284,0.889
4626,1092,11277455,0.994
4627,1092,9907587,0.997
4628,1092,26000051,0.979
4629,1092,12337022,0.984
4630,1092,18990155,0.985
4631,1092,15212391,0.904
4632,1092,16575747,0.977
4633,1092,13090803,0.983
4634,1092,12911876,0.99
4635,1092,11830746,0.99
4636,1092,23960037,0.987
4637,1092,7718801,0.997
4638,1092,12884352,0.978
4639,1092,9740717,0.988
4640,1092,10604846,0.997
4641,1092,22195778,0.944
4642,1092,12407767,0.995
4643,1092,8270295,0.995
4644,1092,15475946,0.922
4645,1092,37707914,0.955
4646,1092,10433462,0.996
4647,1092,11400327,0.999
4648,1092,10815993,0.997
4649,1092,19757390,1
4650,1092,19036252,0.842
4651,1092,17302440,0.892
4652,1092,19848797,0.997
4653,1092,13720043,0.975
4654,1092,16178954,0.995
4655,1092,11533026,0.992
4656,1092,9906782,0.995
4657,1092,25212202,0.898
4658,1092,12472916,0.972
4659,1092,18233110,0.944
4660,1092,7514946,0.992
4661,1092,40900436,0.948
4662,1092,11045133,0.993
4663,1092,10774369,0.985
4664,1092,17276941,0.896
4665,1092,10812880,0.998
4666,1092,18664489,0.893
4667,1092,9719372,0.985
4668,1092,15444743,0.937
4669,1092,16366995,0.951
4670,1092,8740735,0.995
4671,1092,17749741,0.966
4672,1092,15271676,0.967
4673,1092,15045515,0.936
4674,1092,25318799,0.993
4675,1092,8712193,0.996
4676,1092,12660424,0.993
4677,1092,19159234,0.912
4678,1092,15567843,0.943
4679,1092,16673071,0.847
4680,1092,6278864,1
4681,1092,14508454,0.973
4682,1092,16182429,0.951
4683,1092,7413003,0.993
4684,1092,29975330,0.932
4685,1092,18629133,0.979
4686,1092,18855016,0.967
4687,1092,41096444,0.965
4688,1092,17703390,0.992
4689,1092,24528010,0.967
4690,1092,9204279,0.987
4691,1092,11661123,0.999
4692,1092,32353722,0.97
4693,1092,16042535,0.922
4694,1092,8887483,1
4695,1092,13271650,0.986
4696,1092,19710648,0.972
4697,1092,11009413,0.987
4698,1092,8554847,0.996
4699,1092,13224748,0.99
4700,1092,55051766,0.985
4701,1092,18083746,0.966
4702,1092,18645531,0.877
4703,1092,15602977,0.997
4704,1092,14589359,0.954
4705,1092,23558188,0.927
4706,1092,9577615,1
4707,1092,8725850,0.993
4708,1092,9111601,1
4709,1092,11887820,0.993
4710,1092,36378518,0.983
4711,1092,13269176,0.976
4712,1092,15884636,0.959
4713,1092,8296994,0.995
4714,1092,49277914,0.966
4715,1092,13628873,0.967
4716,1092,7390017,1
4717,1092,14142145,0.999
4718,1092,10613966,0.997
4719,1092,30053076,0.948
4720,1092,10379964,0.994
4721,1092,13668799,0.988
4722,1092,10937771,0.998
4723,1092,23878622,0.974
4724,1092,29288614,0.96
4725,1092,10582823,0.996
4726,1092,14271116,0.975
4727,1092,9093471,0.995
4728,1092,41765054,0.927
4729,1092,16036239,0.966
4730,1092,13015382,0.977
4731,1092,16553777,0.959
4732,1092,38195307,0.955
4733,1092,14673990,0.98
4734,1092,18370468,0.802
4735,1092,14815962,0.976
4736,1092,17134704,0.821
4737,1092,13747358,0.968
4738,1092,17449836,0.935
4739,1092,9650249,0.999
4740,1092,14666433,0.971
4741,1092,12041281,0.981
4742,1092,15733386,0.939
4743,1092,46361244,0.915
4744,1092,14796566,0.937
4745,1092,8547172,0.999
4746,1092,9351517,0.994
4747,1092,17504131,0.935
4748,1092,14580048,0.983
4749,1092,43933423,0.901
4750,1092,10835167,0.999
4751,1092,5771604,1
4752,1092,11581581,0.978
4753,1092,6758685,0.999
4754,1092,16971840,0.899
4755,1092,15360175,0.961
4756,1092,14358535,0.975
4757,1092,21112455,0.843
4758,1092,9610880,0.987
4759,1092,18622766,0.984
4760,1092,6501470,0.997
4761,1092,17312511,0.894
4762,1092,11122784,0.985
4763,1092,13892596,0.986
4764,1092,9762334,0.996
4765,1092,20210492,0.976
4766,1092,8726219,0.986
4767,1092,17383368,0.976
4768,1092,11807501,0.996
4769,1092,14282088,0.98
4770,1092,12868637,0.991
4771,1092,28677145,0.968
4772,1092,14032152,0.958
4773,1092,7309612,0.999
4774,1092,42680497,0.903
4775,1092,11033054,0.998
4776,1092,40805862,0.957
4777,1092,24975925,0.912
4778,1092,38374033,0.986
4779,1092,10837499,0.986
4780,1092,13935432,0.995
4781,1092,12274400,0.961
4782,1092,14413577,0.937
4783,1092,25571435,0.856
4784,1092,10276034,0.996
4785,1092,40254766,0.978
4786,1092,9169911,0.965
4787,1092,6483882,1
4788,1092,50618145,0.984
4789,1092,14452380,0.979
4790,1092,12004343,0.996
4791,1092,25372605,0.956
4792,1092,11556610,0.996
4793,1092,19500079,0.937
4794,1092,14703494,0.978
4795,1092,22460019,0.999
4796,1092,9771551,0.996
4797,1092,18298425,0.995
4798,1092,12560557,0.973
4799,1092,13947194,0.988
4800,1092,24536717,0.951
4801,1092,31491329,0.901
4802,1092,19412494,0.992
4803,1092,7580884,0.999
4804,1092,10975199,0.998
4805,1092,18454594,0.933
4806,1092,27094398,0.979
4807,1092,13807699,0.957
4808,1092,18540742,0.954
4809,1092,10938498,0.996
4810,1092,12663401,0.974
4811,1092,25472425,0.927
4812,1092,14743151,0.985
4813,1092,10208131,0.997
4814,1092,13314136,0.987
4815,1092,15686167,0.974
4816,1092,42155927,0.978
4817,1092,10460412,0.996
4818,1092,9780215,0.993
4819,1092,12511263,0.968
4820,1092,13639262,0.974
4821,1092,21222722,0.984
4822,1092,9466713,0.988
4823,1092,12525256,0.991
4824,1092,8686671,0.998
4825,1092,11063267,0.991
4826,1092,14282904,0.971
4827,1092,13915460,0.979
4828,1092,16573763,0.932
4829,1092,13446628,0.954
4830,1092,11878724,0.989
4831,1092,41773132,0.891
4832,1092,28009969,0.958
4833,1092,13409771,0.969
4834,1092,11873930,0.978
4835,1092,17509396,0.978
4836,1092,9300379,0.996
4837,1092,16721191,0.941
4838,1092,57848219,0.952
4839,1092,10138219,0.996
4840,1092,10991444,0.992
4841,1092,14250602,0.984
4842,1092,9461386,0.984
4843,1092,16706395,0.99
4844,1092,12417597,0.987
4845,1092,29691671,0.977
4846,1092,14038243,0.988
4847,1092,4814184,1
4848,1092,14278770,0.92
4849,1092,38717820,0.987
4850,1092,9536703,0.998
4851,1092,18652988,0.925
4852,1092,13491245,0.992
4853,1092,20140688,0.79
4854,1092,28736328,0.964
4855,1092,13048117,0.933
4856,1092,14175540,0.987
4857,1092,8788983,1
4858,1092,64748152,0.807
4859,1092,6165748,1
4860,1092,18733516,0.901
4861,1092,25686462,0.984
4862,1092,11488624,0.995
4863,1092,8694800,0.998
4864,1092,23024796,0.878
4865,1092,18473606,0.997
4866,1092,12480171,0.992
4867,1092,13336852,0.964
4868,1092,11213032,0.984
4869,1092,9335355,0.99
4870,1092,9539650,0.989
4871,1092,11041526,0.979
4872,1092,14103370,0.962
4873,1092,14301580,0.965
4874,1092,14357963,0.986
4875,1092,13056705,0.992
4876,1092,13690238,0.995
4877,1092,8506174,0.998
4878,1092,7162830,0.999
4879,1092,39113015,0.963
4880,1092,10519948,0.993
4881,1092,28137295,0.959
4882,1092,16025395,0.984
4883,1092,23767384,0.776
4884,1092,6690032,1
4885,1092,8358896,0.984
4886,1092,29440968,0.947
4887,1092,14678609,0.975
4888,1092,11760696,0.997
4889,1092,45120288,0.979
4890,1092,8869900,0.999
4891,1092,14896826,0.897
4892,1092,12974872,0.992
4893,1092,14275721,0.958
4894,1092,15163939,0.951
4895,1092,21012479,0.994
4896,1092,41972991,0.806
4897,1092,14093298,0.989
4898,1092,16805298,0.908
4899,1092,20638416,0.984
4900,1092,25640532,0.943
4901,1092,17008506,0.933
4902,1092,13651259,0.989
4903,1092,12803163,0.995
4904,1092,14111731,0.985
4905,1092,22094892,0.994
4906,1092,7893516,0.999
4907,1092,9687554,0.996
4908,1092,20176597,0.996
4909,1092,8927809,0.996
4910,1092,11558113,0.997
4911,1092,21889127,0.936
4912,1092,19587125,0.986
4913,1092,9969313,0.986
4914,1092,10525860,0.997
4915,1092,9112906,0.998
4916,1092,49604758,0.89
4917,1092,13566802,0.978
4918,1092,17255160,0.946
4919,1092,9994769,0.997
4920,1092,8350641,1
4921,1092,14909001,0.935
4922,1092,13654905,0.974
4923,1092,16602595,0.992
4924,1092,5979217,1
4925,1092,9111579,0.989
4926,1092,16605741,0.929
4927,1092,28748150,0.792
4928,1092,15351323,0.951
4929,1092,16541805,0.976
4930,1092,13087851,0.992
4931,1092,75868746,0.778
4932,1092,9408076,0.998
4933,1092,8780216,0.999
4934,1092,8611612,0.985
4935,1092,26802044,0.862
4936,1092,13974052,0.965
4937,1092,8244686,0.989
4938,1092,10161025,0.994
4939,1092,12964348,0.99
4940,1092,17024190,0.92
4941,1092,12957183,0.966
4942,1092,28586313,0.981
4943,1092,9991535,0.999
4944,1092,9064958,0.998
4945,1092,6775155,1
4946,1092,15069144,0.994
4947,1092,14368379,0.975
4948,1092,14032675,0.941
4949,1092,11526278,0.999
4950,1092,15624436,0.996
4951,1092,18928267,0.978
4952,1092,37359917,0.968
4953,1092,30626262,0.942
4954,1092,13551393,0.985
4955,1092,18032751,0.941
4956,1092,33530814,0.926
4957,1092,15209831,0.977
4958,1092,13814701,0.99
4959,1092,8059917,0.989
4960,1092,21561150,0.897
4961,1092,11424680,0.997
4962,1092,14603626,0.969
4963,1092,14576315,0.989
4964,1092,15626023,0.965
4965,1092,8436070,1
4966,1092,8851078,0.998
4967,1092,18630660,0.895
4968,1092,57023637,0.874
4969,1092,13034553,0.982
4970,1092,11996975,0.968
4971,1092,12693499,0.982
4972,1092,11111165,0.998
4973,1092,18785648,0.952
4974,1092,9916998,0.999
4975,1092,10681764,0.992
4976,1092,11905789,0.997
4977,1092,68929240,0.902
4978,1092,13420178,0.968
4979,1092,15502191,0.947
4980,1092,12669776,0.939
4981,1092,21569105,0.957
4982,1092,9943611,0.988
4983,1092,12843978,0.996
4984,1092,16406294,0.965
4985,1092,13720121,0.99
4986,1092,15723777,0.958
4987,1092,17356461,0.984
4988,1092,14414083,0.965
4989,1092,18312600,0.987
4990,1092,15778630,0.977
4991,1092,13777328,0.983
4992,1092,21076598,0.998
4993,1092,18100194,0.988
4994,1092,10773885,0.996
4995,1092,9449896,0.993
4996,1092,14178273,0.979
4997,1092,11519009,0.975
4998,1092,14521869,0.954
4999,1092,12040272,0.992
5000,1092,12488428,0.972
5001,1092,11649952,0.992
5002,1092,14007507,0.972
5003,1092,40457778,0.958
5004,1092,15209027,0.928
5005,1092,12506016,0.999
5006,1092,14924854,0.985
5007,1092,10964861,0.995
5008,1092,13975397,0.944
5009,1092,15544183,0.995
5010,1092,34741881,0.944
5011,1092,24266954,0.997
5012,1092,10698215,0.969
5013,1092,17370750,0.931
5014,1092,16486540,0.961
5015,1092,11258664,0.989
5016,1092,14703817,0.97
5017,1092,35402724,0.993
5018,1092,40502159,0.94
5019,1092,14879111,0.949
5020,1092,15616855,0.954
5021,1092,10342048,0.998
5022,1092,6489276,0.999
5023,1092,14791453,0.99
5024,1092,8977985,0.997
5025,1092,22793427,0.934
5026,1092,12302470,0.968
5027,1092,12592066,0.988
5028,1092,25947352,0.975
5029,1092,12584494,0.99
5030,1092,26380767,0.974
5031,1092,9267139,0.994
5032,1092,16890111,0.906
5033,1092,45956801,0.835
5034,1092,35787250,0.988
5035,1092,10282700,0.995
5036,1092,9702004,0.995
5037,1092,7177219,1
5038,1092,10957404,0.972
5039,1092,13441013,0.976
5040,1092,15162837,0.955
5041,1092,11787496,0.986
5042,1092,32616322,0.904
5043,1092,13235706,0.95
5044,1092,13698453,0.98
5045,1092,16271807,0.915
5046,1092,10426709,0.998
5047,1092,16434869,0.953
5048,1092,64688282,0.941
5049,1092,9938504,0.973
5050,1092,24345969,0.945
5051,1092,15704745,0.963
5052,1092,10652747,0.997
5053,1092,5902667,0.999
5054,1092,10826042,0.998
5055,1092,13019754,0.993
5056,1092,10566200,0.982
5057,1092,11615038,0.996
5058,1092,16696197,0.93
5059,1092,12271393,0.991
5060,1092,37515911,0.981
5061,1092,14116608,0.899
5062,1092,19845291,0.937
5063,1092,9450903,0.999
5064,1092,15249603,0.972
5065,1092,17791735,0.927
5066,1092,11195299,0.99
5067,1092,10033290,0.995
5068,1092,29838463,0.94
5069,1092,22533128,0.636
5070,1092,18123131,0.898
5071,1092,10440573,0.997
5072,1092,23143901,0.991
5073,1092,18092323,0.928
5074,1092,16951749,0.918
5075,1092,12116567,0.995
5076,1092,17484554,0.94
5077,1092,13096586,0.985
5078,1092,14116988,0.992
5079,1092,13365860,0.967
5080,1092,21155741,0.965
5081,1092,17045466,0.942
5082,1092,10663771,0.985
5083,1092,20097349,0.954
5084,1092,6979001,1
5085,1092,9344472,0.995
5086,1092,12319099,0.913
5087,1092,14609064,0.962
5088,1092,13724153,0.967
5089,1092,13740181,0.959
5090,1092,13786808,0.984
5091,1092,14917474,0.948
5092,1092,17459232,0.975
5093,1092,11114009,0.95
5094,1092,12647462,0.975
5095,1092,18487598,0.984
5096,1092,16712599,0.953
5097,1092,9564379,0.997
5098,1092,12295048,0.994
5099,1092,19663113,0.962
5100,1092,7193940,0.999
5101,1092,13312596,0.926
5102,1092,18189612,0.93
5103,1092,8450984,0.999
5104,1092,21671030,0.921
5105,1092,8027899,0.997
5106,1092,6362501,0.997
5107,1092,15504877,0.957
5108,1092,16773356,0.919
5109,1092,11796489,0.972
5110,1092,11350084,0.998
5111,1092,15082561,0.986
5112,1092,8510336,0.998
5113,1092,19688843,0.963
5114,1092,10007703,0.994
5115,1092,24184496,0.906
5116,1092,14698172,0.981
5117,1092,19705640,0.862
5118,1092,15662083,0.981
5119,1092,16458108,0.948
5120,1092,18570256,0.87
5121,1092,19543029,0.977
5122,1092,12739011,0.97
5123,1092,12727397,0.982
5124,1092,17069482,0.956
5125,1092,10421232,0.976
5126,1092,11260859,0.989
5127,1092,18403003,0.926
5128,1092,23173916,0.967
5129,1092,20124388,0.999
5130,1092,13972885,0.954
5131,1092,8502385,0.996
5132,1092,15919731,0.974
5133,1092,11444907,0.997
5134,1092,31404104,0.962
5135,1092,8931564,0.998
5136,1092,32840231,0.956
5137,1092,11129679,0.989
5138,1092,17486369,0.951
5139,1092,10725627,0.996
5140,1092,22828843,0.975
5141,1092,20739819,0.796
5142,1092,13929624,0.914
5143,1092,18265913,0.881
5144,1092,17033848,0.99
5145,1092,15241932,0.876
5146,1092,12579454,0.958
5147,1092,17576198,0.997
5148,1092,16863924,0.979
5149,1092,53912361,0.985
5150,1092,10499675,0.982
5151,1092,14005796,0.97
5152,1092,24231082,0.895
5153,1092,13695450,0.941
5154,1092,11504006,0.992
5155,1092,14985324,0.95
5156,1092,12044072,0.986
5157,1092,10761681,0.966
5158,1092,11236056,0.992
5159,1092,9933068,0.996
5160,1092,25604284,0.836
5161,1092,13096065,0.971
5162,1092,8456133,1
5163,1092,11973608,0.967
5164,1092,12713191,0.985
5165,1092,30044045,0.877
5166,1092,8984114,0.999
5167,1092,11782630,0.948
5168,1092,22123850,0.968
5169,1092,12521333,0.983
5170,1092,19739263,0.913
5171,1092,40478609,0.889
5172,1092,14490094,0.963
5173,1092,27058218,0.943
5174,1092,28960040,0.851
5175,1092,11707665,0.992
5176,1092,12664453,0.985
5177,1092,14831073,0.963
5178,1092,18478982,0.96
5179,1092,12257831,0.983
5180,1092,16979385,0.996
5181,1092,14621575,0.99
5182,1092,8821854,1
5183,1092,13659248,0.988
5184,1092,9904597,0.998
5185,1092,57865883,0.907
5186,1092,12310832,0.991
5187,1092,14450769,0.976
5188,1092,12902500,0.988
5189,1092,20120438,0.967
5190,1092,13024016,0.992
5191,1092,21768984,0.945
5192,1092,17541602,0.933
5193,1092,9956669,0.993
5194,1092,22824468,0.917
5195,1092,11814302,0.987
5196,1092,21811286,0.989
5197,1092,17300627,0.984
5198,1092,15176707,0.99
5199,1092,15942667,0.933
5200,1092,14201523,0.982
5201,1092,14301409,0.941
5202,1092,11756083,0.982
5203,1092,12372803,0.973
5204,1092,13453275,0.982
5205,1092,13410090,0.997
5206,1092,11918380,0.999
5207,1092,10366606,0.983
5208,1092,11476186,0.993
5209,1092,14140801,0.969
5210,1092,13575520,0.969
5211,1092,11958951,0.978
5212,1092,9451052,0.99
5213,1092,6202025,0.998
5214,1092,9210389,0.995
5215,1092,10008155,0.99
5216,1092,4915575,1
5217,1092,19350744,0.81
5218,1092,6004910,0.999
5219,1092,18718316,0.976
5220,1092,14507468,1
5221,1092,6729607,1
5222,1092,14442002,0.97
5223,1092,12404687,0.995
5224,1092,17326335,0.929
5225,1092,28092999,0.943
5226,1092,9729628,0.993
5227,1092,14408964,0.968
5228,1092,16259061,0.995
5229,1092,7603371,0.984
5230,1092,10339554,0.991
5231,1092,14663336,0.956
5232,1092,20564339,0.948
5233,1092,9277305,0.999
5234,1092,22340920,0.948
5235,1092,12162678,0.972
5236,1092,37566867,0.936
5237,1092,13423995,0.972
5238,1092,12462546,0.993
5239,1092,15220949,0.952
5240,1092,29438367,0.949
5241,1092,16611128,0.95
5242,1092,7518411,1
5243,1092,10075029,0.999
5244,1092,12662961,0.968
5245,1092,43561280,0.877
5246,1092,28311530,0.985
5247,1092,43686179,0.889
5248,1092,28230373,0.92
5249,1092,25541910,0.99
5250,1092,10050550,0.996
5251,1092,15934072,0.969
5252,1092,13419889,0.988
5253,1092,12597155,0.934
5254,1092,8361317,0.996
5255,1092,12543541,0.98
5256,1092,25902501,0.878
5257,1092,11897146,0.987
5258,1092,17568666,0.929
5259,1092,11484936,0.99
5260,1092,8897355,0.999
5261,1092,17635815,0.845
5262,1092,7931640,0.999
5263,1092,9217236,0.998
5264,1092,30485201,0.926
5265,1092,17448724,0.981
5266,1092,15923510,0.989
5267,1092,19427851,0.918
5268,1092,12871783,0.983
5269,1092,11867019,0.993
5270,1092,16593983,0.946
5271,1092,14837030,0.965
5272,1092,11036477,0.991
5273,1092,14332737,0.988
5274,1092,16361955,0.953
5275,1092,8304967,0.996
5276,1092,10182995,1
5277,1092,13253041,0.984
5278,1092,39689209,0.944
5279,1092,7776804,0.986
5280,1092,14732429,0.983
5281,1092,23139472,0.956
5282,1092,28017547,0.981
5283,1092,17531881,0.995
5284,1092,10585075,0.996
5285,1092,9686723,0.985
5286,1092,12788137,0.882
5287,1092,11895303,0.993
5288,1092,8545264,0.999
5289,1092,18523493,0.9
5290,1092,7534356,0.999
5291,1092,11106842,0.992
5292,1092,5136008,0.999
5293,1092,13337502,0.983
5294,1092,14664430,0.971
5295,1092,11988334,0.991
5296,1092,22034805,0.946
5297,1092,12130186,0.986
5298,1092,41355441,0.934
5299,1092,10465079,0.996
5300,1092,11458208,0.976
5301,1092,12140515,0.996
5302,1092,10729800,0.977
5303,1092,16397607,0.938
5304,1092,5548498,0.998
5305,1092,38752917,0.954
5306,1092,13876460,0.954
5307,1092,12908588,0.98
5308,1092,19605309,0.911
5309,1092,21871152,0.991
5310,1092,16794450,0.923
5311,1092,7771238,0.996
5312,1092,12245719,0.989
5313,1092,54209575,0.944
5314,1092,21193558,0.848
5315,1092,53949717,0.954
5316,1092,16562910,0.947
5317,1092,11140039,0.986
5318,1092,8571426,0.999
5319,1092,14822380,0.97
5320,1092,9376906,0.993
5321,1092,17476701,0.938
5322,1092,26735362,0.953
5323,1092,31298426,0.908
5324,1092,8979805,0.99
5325,1092,18681383,0.852
5326,1092,12827725,0.955
5327,1092,21756291,0.847
5328,1092,31412051,0.899
5329,1092,19952488,0.954
5330,1092,11781224,0.989
5331,1092,48154104,0.975
5332,1092,17616862,0.897
5333,1092,15827535,0.979
5334,1092,11298855,0.986
5335,1092,21249218,0.957
5336,1092,16365230,0.985
5337,1092,17713841,0.925
5338,1092,12027600,0.992
5339,1092,8272677,0.995
5340,1092,17163299,0.93
5341,1092,8091693,0.999
5342,1092,12474399,0.974
5343,1092,24533956,0.813
5344,1092,14179943,0.972
5345,1092,11219090,0.994
5346,1092,16528991,0.95
5347,1092,12113444,0.998
5348,1092,13572061,0.97
5349,1092,14898353,0.988
5350,1092,21121446,0.787
5351,1092,9840753,0.994
5352,1092,13262228,0.988
5353,1092,16906911,0.944
5354,1092,22642356,0.976
5355,1092,41881106,0.785
5356,1092,27164126,0.994
5357,1092,29559264,0.942
5358,1092,22268203,0.987
5359,1092,10964263,0.98
5360,1092,23351310,0.978
5361,1092,6360033,0.998
5362,1092,36803291,0.984
5363,1092,17474435,0.915
5364,1092,11120010,1
5365,1092,7743030,0.997
5366,1092,15527076,0.877
5367,1092,7300211,1
5368,1092,33616586,0.993
5369,1092,11585652,0.994
5370,1092,8059337,0.997
5371,1092,15573639,0.912
5372,1092,15136160,0.986
5373,1092,14258417,0.958
5374,1092,28719574,0.994
5375,1092,15814967,0.955
5376,1092,71059836,0.803
5377,1092,19069515,0.979
5378,1092,7924492,0.997
5379,1092,22928866,0.912
5380,1092,29015048,0.947
5381,1092,7454929,0.999
5382,1092,26827122,0.965
5383,1092,21913709,0.848
5384,1092,11902363,0.985
5385,1092,21643040,0.938
5386,1092,17341542,0.914
5387,1092,7144412,0.999
5388,1092,9252428,0.999
5389,1092,17539772,0.983
5390,1092,12261774,0.99
5391,1092,10754300,0.998
5392,1092,26117925,0.913
5393,1092,14899559,0.993
5394,1092,13952659,0.979
5395,1092,21649364,0.96
5396,1092,19248673,0.989
5397,1092,16794530,0.904
5398,1092,11331949,0.998
5399,1092,12086681,0.992
5400,1092,11298904,0.987
5401,1092,13068943,0.986
5402,1092,12888516,0.983
5403,1092,6709574,1
5404,1092,16240997,0.978
5405,1092,14410794,0.99
5406,1092,20694951,0.93
5407,1092,6766096,0.998
5408,1092,39263624,0.991
5409,1092,15619722,0.991
5410,1092,31688753,0.87
5411,1092,12714259,0.989
5412,1092,16486389,0.948
5413,1092,16001499,0.951
5414,1092,9307216,1
5415,1092,12139270,0.978
5416,1092,11500161,0.998
5417,1092,9791890,1
5418,1092,16165451,0.889
5419,1092,30477900,0.938
5420,1092,23313357,0.949
5421,1092,11034031,0.984
5422,1092,64856554,0.911
5423,1092,8902765,0.987
5424,1092,14075399,0.991
5425,1092,12527363,0.975
5426,1092,12503749,0.974
5427,1092,8755318,0.994
5428,1092,10313606,0.989
5429,1092,8697455,0.999
5430,1092,10707381,0.994
5431,1092,28899375,0.962
5432,1092,14276382,0.99
5433,1092,12354244,0.991
5434,1092,30740198,0.996
5435,1092,14855241,0.961
5436,1092,7734265,0.994
5437,1092,22792262,0.932
5438,1092,17551954,0.939
5439,1092,16762440,0.924
5440,1092,7452583,0.997
5441,1092,10257205,0.995
5442,1092,25026403,0.965
5443,1092,11368702,0.99
5444,1092,18752653,0.919
5445,1092,8198962,1
5446,1092,10730848,0.988
5447,1092,16130532,0.965
5448,1092,17288549,0.953
5449,1092,11017180,0.993
5450,1092,15134688,0.93
5451,1092,10853418,0.998
5452,1092,15360097,0.949
5453,1092,25326193,0.955
5454,1092,11347756,0.987
5455,1092,19286791,0.791
5456,1092,21025423,0.975
5457,1092,10442179,0.998
5458,1092,11716150,0.989
5459,1092,20815678,0.836
5460,1092,20333118,0.998
5461,1092,18862424,0.909
5462,1092,20450087,0.869
5463,1092,12180501,0.991
5464,1092,10588256,0.989
5465,1092,18174383,0.851
5466,1092,7490177,1
5467,1092,9578176,0.996
5468,1092,8771031,0.99
5469,1092,12466387,0.994
5470,1092,8478928,0.998
5471,1092,15959095,0.96
5472,1092,15179232,0.983
5473,1092,12216596,0.982
5474,1092,59038540,0.946
5475,1092,33139002,0.972
5476,1092,13205669,0.992
5477,1092,26627889,0.958
5478,1092,9737050,1
5479,1092,6123758,0.999
5480,1092,16809946,0.996
5481,1092,25605870,0.916
5482,1092,12671656,0.975
5483,1092,12506450,0.987
5484,1092,22643018,0.874
5485,1092,9070328,1
5486,1092,14715812,0.954
5487,1092,13049720,0.96
5488,1092,23050263,0.951
5489,1092,33035669,0.918
5490,1092,16392746,0.931
5491,1092,16878318,0.96
5492,1092,15370279,0.969
5493,1092,9314139,0.998
5494,1092,12175496,0.988
5495,1092,43522216,0.953
5496,1092,42125299,0.961
5497,1092,9895927,0.997
5498,1092,15905828,0.975
5499,1092,41595606,0.87
5500,1092,14525226,0.986
5501,1092,6167272,0.997
5502,1092,14408081,0.967
5503,1092,12968083,0.982
5504,1092,58414163,0.82
5505,1092,16128160,0.95
5506,1092,30089975,0.896
5507,1092,11387569,0.999
5508,1092,12224975,0.967
5509,1092,13414823,0.987
5510,1092,11864609,0.988
5511,1092,12627003,0.983
5512,1092,12047865,0.989
5513,1092,11812453,0.988
5514,1092,10461735,0.998
5515,1092,11469959,0.982
5516,1092,9518604,0.996
5517,1092,13230451,0.981
5518,1092,15453263,0.939
5519,1092,22700869,0.9
5520,1092,12311969,0.998
5521,1092,14995795,0.961
5522,1092,9433310,0.99
5523,1092,19344689,0.952
5524,1092,16717407,0.963
5525,1092,12660169,0.993
5526,1092,14487132,0.987
5527,1092,29646984,0.814
5528,1092,15191640,0.918
5529,1092,11541429,0.976
5530,1092,15848286,0.921
5531,1092,12805937,0.998
5532,1092,12734224,0.991
5533,1092,35634979,0.996
5534,1092,11405614,0.998
5535,1092,9278638,0.999
5536,1092,6900058,0.996
5537,1092,13801606,0.986
5538,1092,33559004,0.964
5539,1092,14908668,0.994
5540,1092,11854391,0.995
5541,1092,12562164,0.956
5542,1092,25021450,0.909
5543,1092,54054441,0.978
5544,1092,11174161,0.992
5545,1092,11834411,0.989
5546,1092,9663044,1
5547,1092,13230099,0.974
5548,1092,50895190,0.877
5549,1092,14041824,0.95
5550,1092,13144894,0.972
5551,1092,16323537,0.936
5552,1092,34727551,0.805
5553,1092,13958011,0.953
5554,1092,17650568,0.91
5555,1092,8993628,0.994
5556,1092,12618771,0.993
5557,1092,13509132,0.991
5558,1092,30196294,0.956
5559,1092,13773906,0.98
5560,1092,10506915,0.997
5561,1092,19914930,0.897
5562,1092,12247156,0.983
5563,1092,13110530,0.967
5564,1092,10678494,0.99
5565,1092,18285625,0.918
5566,1092,10571729,0.984
5567,1092,7793386,0.999
5568,1092,12930008,0.974
5569,1092,25403534,0.995
5570,1092,9851536,0.986
5571,1092,11033875,0.998
5572,1092,56192099,0.854
5573,1092,17358116,0.932
5574,1092,38141017,0.94
5575,1092,28218154,0.919
5576,1092,13201561,0.986
5577,1092,9866489,0.997
5578,1092,12992219,0.992
5579,1092,16394552,0.976
5580,1092,12806463,0.992
5581,1092,11151319,0.998
5582,1092,13566210,0.968
5583,1092,16946188,0.977
5584,1092,11689009,0.994
5585,1092,6781712,0.994
5586,1092,22147555,0.975
5587,1092,13131539,0.976
5588,1092,13275634,0.993
5589,1092,18366929,0.934
5590,1092,43258071,0.891
5591,1092,20849544,0.858
5592,1092,37452137,0.993
5593,1092,15005334,0.9
5594,1092,11670816,0.995
5595,1092,7409118,0.999
5596,1092,29837144,0.766
5597,1092,13305044,0.965
5598,1092,6165269,1
5599,1092,9516397,0.999
5600,1092,8746507,0.977
5601,1092,17235233,0.843
5602,1092,6471464,1
5603,1092,9612980,0.988
5604,1092,30224597,0.912
5605,1092,37549772,0.97
5606,1092,9370710,0.999
5607,1092,7850988,0.999
5608,1092,17032079,0.943
5609,1092,12224870,0.975
5610,1092,24372132,0.944
5611,1092,14151685,0.985
5612,1092,28446618,0.965
5613,1092,6358195,1
5614,1092,9568255,0.994
5615,1092,33772642,0.94
5616,1092,24656965,0.924
5617,1092,15641822,0.947
5618,1092,14788856,0.962
5619,1092,16664537,0.916
5620,1092,16527796,0.97
5621,1092,21104276,0.963
5622,1092,18312511,0.881
5623,1092,13061128,0.99
5624,1092,7723813,0.998
5625,1092,12314699,0.991
5626,1092,30200397,0.951
5627,1092,9072588,0.994
5628,1092,9083821,0.999
5629,1092,19460973,0.962
5630,1092,11238523,0.99
5631,1092,27897705,0.911
5632,1092,12189938,0.998
5633,1092,16922961,0.914
5634,1092,31732779,0.967
5635,1092,20433683,0.973
5636,1092,25470010,0.951
5637,1092,12214319,0.991
5638,1092,16736141,0.942
5639,1092,30159450,0.972
5640,1092,18718607,0.854
5641,1092,13791945,0.995
5642,1092,42609504,0.893
5643,1092,22231235,0.918
5644,1092,16076417,0.918
5645,1092,24665200,0.786
5646,1092,10129612,0.998
5647,1092,14467157,0.964
5648,1092,16484823,0.947
5649,1092,18334788,0.976
5650,1092,17706441,0.966
5651,1092,22127837,0.982
5652,1092,9718224,0.996
5653,1092,12779809,0.988
5654,1092,33966883,0.978
5655,1092,28208223,0.99
5656,1092,15498986,0.987
5657,1092,22405610,0.962
5658,1092,13837914,0.94
5659,1092,55604344,0.904
5660,1092,13806747,0.993
5661,1092,14084746,0.965
5662,1092,14079137,0.942
5663,1092,18482515,0.985
5664,1092,16755198,0.999
5665,1092,11117322,0.991
5666,1092,10411419,0.989
5667,1092,9665053,0.998
5668,1092,12797968,0.981
5669,1092,21343306,0.974
5670,1092,14316181,0.987
5671,1092,7530680,0.99
5672,1092,10849117,0.984
5673,1092,16689764,0.984
5674,1092,7493490,0.998
5675,1092,13036792,0.974
5676,1092,21463830,0.962
5677,1092,67003301,0.875
5678,1092,11064634,0.997
5679,1092,18697853,0.781
5680,1092,11417778,0.993
5681,1092,12062445,0.987
5682,1092,8016463,0.999
5683,1092,16512529,0.995
5684,1092,10761651,0.996
5685,1092,10251810,0.992
5686,1092,16882671,0.99
5687,1092,9492788,0.998
5688,1092,11535825,0.964
5689,1092,30146896,0.947
5690,1092,17177808,0.922
5691,1092,8957214,0.994
5692,1092,11040821,0.978
5693,1092,24021716,0.916
5694,1092,12183022,0.997
5695,1092,8228795,0.998
5696,1092,13528560,0.947
5697,1092,16702763,0.913
5698,1092,18619680,0.876
5699,1092,22939622,0.799
5700,1092,17561262,0.941
5701,1092,13137681,0.991
5702,1092,9661628,0.999
5703,1092,22387344,0.938
5704,1092,6192513,0.999
5705,1092,36951720,0.815
5706,1092,26155072,0.936
5707,1092,14446651,0.945
5708,1092,20829112,0.997
5709,1092,7896139,1
5710,1092,9431129,0.989
5711,1092,13731198,0.975
5712,1092,17854335,0.922
5713,1092,14256633,0.98
5714,1092,10043706,0.989
5715,1092,5141700,1
5716,1092,10310173,0.994
5717,1092,18337880,0.927
5718,1092,14134382,0.978
5719,1092,20192500,0.98
5720,1092,6169972,1
5721,1092,10378535,0.997
5722,1092,11555018,0.989
5723,1092,12729830,0.998
5724,1092,18955812,0.973
5725,1092,14082078,0.973
5726,1092,46052084,0.93
5727,1092,17489749,0.977
5728,1092,55836849,0.953
5729,1092,14439500,0.979
5730,1092,62219952,0.861
5731,1092,13382123,0.99
5732,1092,11795716,0.993
5733,1092,11174135,0.992
5734,1092,15590129,0.959
5735,1092,9763675,0.998
5736,1092,12700663,0.996
5737,1092,17103075,0.964
5738,1092,12799229,0.963
5739,1092,17211892,0.991
5740,1092,17527507,0.9
5741,1092,26902065,0.934
5742,1092,22227571,0.952
5743,1092,9518165,0.993
5744,1092,7946710,0.999
5745,1092,20030473,0.957
5746,1092,12874209,0.967
5747,1092,15726884,0.944
5748,1092,11732434,0.979
5749,1092,9187139,0.996
5750,1092,15392276,0.969
5751,1092,17384631,0.926
5752,1092,10761542,0.996
5753,1092,31134717,0.962
5754,1092,53122941,0.989
5755,1092,14146583,0.984
5756,1092,16288736,0.97
5757,1092,44074667,0.904
5758,1092,14314733,0.978
5759,1092,14549533,0.966
5760,1092,14420205,0.919
5761,1092,11942615,0.983
5762,1092,5899400,1
5763,1092,15396159,0.932
5764,1092,15291824,0.877
5765,1092,11740961,0.99
5766,1092,12420303,0.981
5767,1092,13079550,0.966
5768,1092,11771105,0.991
5769,1092,9585586,0.996
5770,1092,13694983,0.95
5771,1092,12651390,0.994
5772,1092,20585315,0.959
5773,1092,9445426,0.996
5774,1092,12987914,0.982
5775,1092,18991402,0.977
5776,1092,13023377,0.972
5777,1092,15762227,0.99
5778,1092,9015872,0.996
5779,1092,11124973,0.962
5780,1092,11098028,0.991
5781,1092,14718644,0.977
5782,1092,14959725,0.867
5783,1092,13339135,0.901
5784,1092,14016374,0.981
5785,1092,15723653,0.952
5786,1092,5039645,1
5787,1092,6963549,0.999
5788,1092,13291013,0.981
5789,1092,11948981,0.998
5790,1092,18899405,0.897
5791,1092,14651550,0.98
5792,1092,14744428,0.99
5793,1092,11510760,0.994
5794,1092,15177726,0.997
5795,1092,18475102,0.759
5796,1092,21505401,0.973
5797,1092,14594332,0.952
5798,1092,19296003,0.971
5799,1092,10585814,0.992
5800,1092,18256878,0.862
5801,1092,10615524,0.963
5802,1092,18941015,0.853
5803,1092,25157468,0.928
5804,1092,22955099,0.953
5805,1092,18657204,0.985
5806,1092,10582564,0.995
5807,1092,18131604,0.98
5808,1092,11214277,0.995
5809,1092,13177145,0.995
5810,1092,22904685,0.978
5811,1092,13994789,0.971
5812,1092,20934991,0.904
5813,1092,15111291,0.993
5814,1092,11121173,0.985
5815,1092,10199531,0.996
5816,1092,23761472,0.881
5817,1092,9289985,0.998
5818,1092,9077767,0.994
5819,1092,30982506,0.989
5820,1092,16324818,0.997
5821,1092,16465604,0.95
5822,1092,23382171,0.963
5823,1092,9973234,1
5824,1092,28797514,0.935
5825,1092,16219470,0.765
5826,1092,15961188,0.996
5827,1092,68812648,0.815
5828,1092,13505864,0.986
5829,1092,8015640,0.997
5830,1092,11513094,0.998
5831,1092,29980729,0.794
5832,1092,56587827,0.879
5833,1092,16959818,0.995
5834,1092,12858080,0.991
5835,1092,9686192,0.998
5836,1092,32613956,0.972
5837,1092,13723368,0.943
5838,1092,16883195,0.947
5839,1092,8116233,0.999
5840,1092,49097541,0.86
5841,1092,47577925,0.812
5842,1092,15231628,0.963
5843,1092,11605405,0.991
5844,1092,15826073,0.974
5845,1092,13409787,0.956
5846,1092,29006920,0.955
5847,1092,7440413,0.999
5848,1092,15678075,0.963
5849,1092,13689107,0.979
5850,1092,9396220,1
5851,1092,10941549,0.988
5852,1092,13496243,0.982
5853,1092,16678079,0.988
5854,1092,7576309,0.998
5855,1092,24187396,0.994
5856,1092,15638432,0.915
5857,1092,28895924,0.958
5858,1092,11268672,0.997
5859,1092,15549142,0.941
5860,1092,11539739,0.988
5861,1092,10472963,0.995
5862,1092,14232080,0.988
5863,1092,10907054,0.985
5864,1092,11437657,0.987
5865,1092,5280551,1
5866,1092,16161318,0.976
5867,1092,11686785,0.968
5868,1092,12825803,0.993
5869,1092,7690508,0.999
5870,1092,11037726,0.996
5871,1092,23986394,0.947
5872,1092,13415478,0.984
5873,1092,17570361,0.894
5874,1092,14013891,0.967
5875,1092,10022150,0.982
5876,1092,18438450,0.945
5877,1092,8086980,0.997
5878,1092,9004967,0.993
5879,1092,16969881,0.988
5880,1092,16334161,0.953
5881,1092,13647060,0.947
5882,1092,12678705,0.987
5883,1092,14514301,0.981
5884,1092,21557844,1
5885,1092,17644745,0.938
5886,1092,14215824,0.976
5887,1092,33851110,0.974
5888,1092,12048994,0.987
5889,1092,19084426,0.825
5890,1092,20389790,0.901
5891,1092,13491421,0.954
5892,1092,12464992,0.999
5893,1092,23421216,0.956
5894,1092,21812260,0.883
5895,1092,12026071,0.983
5896,1092,12405713,0.971
5897,1092,28481409,0.963
5898,1092,9345348,0.999
5899,1092,49980428,0.957
5900,1092,9787265,0.994
5901,1092,12972449,0.994
5902,1092,13734220,0.983
5903,1092,7430877,0.986
5904,1092,11246075,0.994
5905,1092,11244526,0.992
5906,1092,18803959,0.914
5907,1092,13897066,0.984
5908,1092,22821878,0.978
5909,1092,12945509,0.977
5910,1092,39088639,0.98
5911,1092,10471250,0.984
5912,1092,40888676,0.94
5913,1092,15259721,0.99
5914,1092,10832811,0.983
5915,1092,14799814,0.993
5916,1092,6061836,0.999
5917,1092,17044857,0.959
5918,1092,12151519,0.988
5919,1092,11849324,0.993
5920,1092,11079730,0.998
5921,1092,12391308,0.994
5922,1092,11989639,0.971
5923,1092,13155405,0.947
5924,1092,44165400,0.951
5925,1092,9121898,1
5926,1092,18863530,0.883
5927,1092,16627959,0.991
5928,1092,14679907,1
5929,1092,22282188,0.983
5930,1092,16599800,0.94
5931,1092,13273521,0.986
5932,1092,12282830,0.975
5933,1092,17768599,0.906
5934,1092,7170231,1
5935,1092,11271383,0.976
5936,1092,12565665,0.987
5937,1092,9266875,0.998
5938,1092,10290496,0.983
5939,1092,24574933,0.965
5940,1092,9565742,0.998
5941,1092,22117886,0.991
5942,1092,25967801,0.974
5943,1092,13270714,0.972
5944,1092,11830262,0.992
5945,1092,10601810,0.997
5946,1092,14302892,0.981
5947,1092,8080300,0.998
5948,1092,12024988,0.986
5949,1092,11568750,0.992
5950,1092,10404309,0.979
5951,1092,10900338,0.996
5952,1092,9063477,0.999
5953,1092,41291219,0.957
5954,1092,8849856,0.998
5955,1092,53460997,0.902
5956,1092,9655288,0.997
5957,1092,34094069,0.872
5958,1092,22708166,0.838
5959,1092,28526349,0.969
5960,1092,12104606,0.996
5961,1092,11912577,0.984
5962,1092,13921634,0.976
5963,1092,11651014,0.981
5964,1092,37574443,0.912
5965,1092,17426955,0.948
5966,1092,14497595,0.966
5967,1092,12020589,0.966
5968,1092,16771856,0.989
5969,1092,18052056,0.901
5970,1092,26795985,0.892
5971,1092,10627239,0.998
5972,1092,16471989,0.967
5973,1092,9924270,0.989
5974,1092,69884961,0.9
5975,1092,19360746,0.917
5976,1092,11751783,0.993
5977,1092,23135709,0.917
5978,1092,25875414,0.991
5979,1092,13554787,0.953
5980,1092,9005406,0.993
5981,1092,16594528,0.942
5982,1092,5249393,1
5983,1092,19548409,0.988
5984,1092,16705278,0.995
5985,1092,15720427,0.972
5986,1092,13512865,0.992
5987,1092,10437190,0.999
5988,1092,15683621,0.977
5989,1092,7715334,1
5990,1092,9181572,0.99
5991,1092,25563295,0.847
5992,1092,12647354,0.996
5993,1092,19502483,0.824
5994,1092,9396112,0.981
5995,1092,33148554,0.924
5996,1092,34686704,0.986
5997,1092,23408843,0.922
5998,1092,9799941,0.998
5999,1092,24591341,0.986
6000,1092,10056557,0.994
6001,1092,22073059,0.975
6002,1092,13491704,0.959
6003,1092,9686245,0.994
6004,1092,18906412,0.95
6005,1092,16812932,0.78
6006,1092,10107984,0.997
6007,1092,9702072,0.988
6008,1092,11579867,0.999
6009,1092,17448175,0.976
6010,1092,14670650,0.944
6011,1092,11612521,0.992
6012,1092,15647651,0.969
6013,1092,10311350,0.99
6014,1092,21576257,0.997
6015,1092,25539830,0.875
6016,1092,11864047,0.995
6017,1092,33468767,0.856
6018,1092,15017941,0.947
6019,1092,44041615,0.912
6020,1092,16993055,0.925
6021,1092,17472161,0.991
6022,1092,15190808,0.972
6023,1092,17603106,0.997
6024,1092,8397850,0.997
6025,1092,11706856,0.988
6026,1092,12462106,0.998
6027,1092,37810651,0.98
6028,1092,9680477,0.998
6029,1092,20080763,0.916
6030,1092,10870667,0.998
6031,1092,13161685,0.969
6032,1092,8482764,0.992
6033,1092,14876495,0.976
6034,1092,16170179,0.993
6035,1092,31245035,0.941
6036,1092,16847626,0.981
6037,1092,19517729,0.978
6038,1092,15714629,0.908
6039,1092,13078077,0.984
6040,1092,8881277,0.993
6041,1092,13635340,0.95
6042,1092,10650707,0.991
6043,1092,14513389,0.979
6044,1092,10389227,0.995
6045,1092,26220291,0.889
6046,1092,41238675,0.893
6047,1092,9724589,0.998
6048,1092,11969000,0.995
6049,1092,7576850,0.985
6050,1092,11968704,0.99
6051,1092,20316508,0.957
6052,1092,29928617,0.984
6053,1092,8111278,0.999
6054,1092,10559430,0.996
6055,1092,25676149,0.946
6056,1092,10827373,0.998
6057,1092,30236572,0.892
6058,1092,14521990,0.966
6059,1092,12549555,0.986
6060,1092,13431194,0.992
6061,1092,8806226,0.987
6062,1092,14035532,0.948
6063,1092,21722141,0.988
6064,1092,11700969,0.996
6065,1092,11664927,0.988
6066,1092,11484441,0.996
6067,1092,20664070,0.936
6068,1092,12994397,0.98
6069,1092,12501128,0.99
6070,1092,12436638,0.998
6071,1092,15865952,0.96
6072,1092,13461313,0.987
6073,1092,13013282,0.987
6074,1092,15941288,0.974
6075,1092,11433156,0.943
6076,1092,14849738,0.982
6077,1092,10807742,0.994
6078,1092,15167489,0.999
6079,1092,15265646,0.979
6080,1092,12578235,0.979
6081,1092,10587349,0.989
6082,1092,15867026,0.979
6083,1092,42572272,0.954
6084,1092,9483391,1
6085,1092,20338416,0.991
6086,1092,14301075,0.948
6087,1092,10021148,1
6088,1092,10400226,0.997
6089,1092,14832971,0.964
6090,1092,10567248,0.995
6091,1092,9061795,0.998
6092,1092,18259009,0.874
6093,1092,45185690,0.881
6094,1092,14847858,0.986
6095,1092,13404499,0.98
6096,1092,17283474,0.951
6097,1092,10298901,0.996
6098,1092,9534029,0.985
6099,1092,25585019,0.949
6100,1092,17725250,0.999
6101,1092,27019237,0.894
6102,1092,13299365,0.953
6103,1092,12618596,0.986
6104,1092,12226279,0.989
6105,1092,15471026,0.957
6106,1092,13576562,0.985
6107,1092,8723603,0.996
6108,1092,12539249,0.986
6109,1092,21054633,0.95
6110,1092,13181261,0.987
6111,1092,33989353,0.903
6112,1092,11543057,0.982
6113,1092,13373116,0.957
6114,1092,10382093,0.998
6115,1092,9798944,0.996
6116,1092,15917713,0.945
6117,1092,17447211,0.981
6118,1092,23526457,0.941
6119,1092,8374343,0.999
6120,1092,11203240,0.993
6121,1092,8129305,0.998
6122,1092,10213781,0.997
6123,1092,12770664,0.989
6124,1092,20504091,0.796
6125,1092,16652653,0.961
6126,1092,17492896,0.928
6127,1092,21346445,0.891
6128,1092,14859774,0.928
6129,1092,14318361,0.983
6130,1092,30766508,0.984
6131,1092,16346768,0.974
6132,1092,9090226,0.989
6133,1092,10199656,1
6134,1092,36350795,0.949
6135,1092,17939876,0.936
6136,1092,10772728,0.993
6137,1092,18260289,0.949
6138,1092,26689966,0.971
6139,1092,12447366,0.97
6140,1092,20787590,0.887
6141,1092,19705662,0.934
6142,1092,10884182,0.995
6143,1092,9584273,0.999
6144,1092,14878908,0.975
6145,1092,23144498,0.944
6146,1092,8116400,0.997
6147,1092,17471042,0.992
6148,1092,18718073,0.99
6149,1092,16507782,0.975
6150,1092,12294154,0.991
6151,1092,6948485,0.998
6152,1092,31707108,0.879
6153,1092,17126711,0.998
6154,1092,27955278,0.983
6155,1092,29473181,0.943
6156,1092,18290925,0.996
6157,1092,51606600,0.989
6158,1092,15711804,0.979
6159,1092,31205917,0.902
6160,1092,12041362,0.987
6161,1092,11013609,0.999
6162,1092,12464101,0.997
6163,1092,21038067,0.976
6164,1092,12285436,0.987
6165,1092,14733388,0.982
6166,1092,15175695,0.988
6167,1092,11381786,0.977
6168,1092,16613949,0.901
6169,1092,12863078,0.991
6170,1092,25249456,0.972
6171,1092,12817696,0.99
6172,1092,18264618,0.972
6173,1092,24372004,0.997
6174,1092,8377956,0.996
6175,1092,60912538,0.897
6176,1092,11642149,0.996
6177,1092,9909675,0.988
6178,1092,12256889,0.99
6179,1092,25642059,0.941
6180,1092,13458037,0.981
6181,1092,27070520,0.903
6182,1092,12194801,0.99
6183,1092,6494945,1
6184,1092,11661877,0.992
6185,1092,41708247,0.943
6186,1092,21239365,0.98
6187,1092,9011253,0.997
6188,1092,12399395,0.991
6189,1092,13909474,0.944
6190,1092,13397488,0.99
6191,1092,11992628,0.987
6192,1092,8704292,0.999
6193,1092,36714487,0.995
6194,1092,11557145,0.976
6195,1092,14267921,0.964
6196,1092,14122917,0.914
6197,1092,16647663,0.966
6198,1092,9779610,0.998
6199,1092,16286794,0.96
6200,1092,11916457,0.97
6201,1092,8320367,1
6202,1092,11572465,0.974
6203,1092,14613023,0.974
6204,1092,14623837,0.982
6205,1092,11510313,0.929
6206,1092,35554642,0.981
6207,1092,14461232,0.988
6208,1092,15140790,0.947
6209,1092,10656098,0.997
6210,1092,18738277,0.96
6211,1092,15831951,0.979
6212,1092,26712284,0.963
6213,1092,7800105,0.976
6214,1092,8263245,1
6215,1092,11430296,0.995
6216,1092,9733927,1
6217,1092,14562495,0.941
6218,1092,12295580,0.991
6219,1092,7574116,1
6220,1092,13787321,0.978
6221,1092,31849081,0.932
6222,1092,12011819,0.965
6223,1092,7494829,0.999
6224,1092,16218310,0.926
6225,1092,9057920,0.994
6226,1092,16173383,0.947
6227,1092,15074208,0.936
6228,1092,10865487,0.985
6229,1092,17769840,0.992
6230,1092,14050974,0.965
6231,1092,18882885,0.906
6232,1092,13769622,0.987
6233,1092,9196526,0.996
6234,1092,11733266,0.998
6235,1092,13667350,0.962
6236,1092,11511829,0.951
6237,1092,8384403,0.994
6238,1092,14417792,0.962
6239,1092,12917220,0.996
6240,1092,7938590,0.999
6241,1092,10021326,0.985
6242,1092,16797623,0.952
6243,1092,10015695,0.992
6244,1092,12911928,0.946
6245,1092,14039422,0.986
6246,1092,9876249,0.987
6247,1092,22004885,0.998
6248,1092,8826975,0.996
6249,1092,13088182,0.996
6250,1092,13030987,0.939
6251,1092,18655392,0.814
6252,1092,7900971,0.999
6253,1092,13478695,0.971
6254,1092,9944125,0.995
6255,1092,12877287,0.985
6256,1092,15096067,0.949
6257,1092,8743222,0.998
6258,1092,11195440,0.933
6259,1092,26794796,0.983
6260,1092,7052201,0.999
6261,1092,13588897,0.982
6262,1092,13895166,0.976
6263,1092,32900820,0.835
6264,1092,32980869,0.94
6265,1092,8356327,0.999
6266,1092,10494908,0.998
6267,1092,18102894,0.949
6268,1092,16683996,0.979
6269,1092,62739421,0.849
6270,1092,9106515,0.999
6271,1092,13141360,0.998
6272,1092,13768977,0.966
6273,1092,19496205,0.771
6274,1092,9972073,0.992
6275,1092,15317841,0.97
6276,1092,17808525,0.833
6277,1092,7885736,0.999
6278,1092,41140804,0.777
6279,1092,20664481,0.99
6280,1092,12053132,0.991
6281,1092,9620239,0.997
6282,1092,10747603,0.99
6283,1092,28157853,0.881
6284,1092,10485428,0.995
6285,1092,11134157,0.994
6286,1092,20784040,0.867
6287,1092,9664675,0.991
6288,1092,15906879,0.939
6289,1092,15158102,0.974
6290,1092,14790051,0.956
6291,1092,18903099,0.853
6292,1092,13752251,0.994
6293,1092,28890435,0.98
6294,1092,11331094,0.989
6295,1092,10598503,0.98
6296,1092,11832842,0.997
6297,1092,13597389,0.977
6298,1092,9047666,0.988
6299,1092,13573918,0.981
6300,1092,15132060,0.97
6301,1092,12121286,0.982
6302,1092,16593649,0.945
6303,1092,11864261,0.986
6304,1092,16700138,0.972
6305,1092,9855284,0.995
6306,1092,11795706,0.975
6307,1092,20068884,0.989
6308,1092,10673337,0.966
6309,1092,10572199,0.999
6310,1092,12096528,0.997
6311,1092,6484262,1
6312,1092,35811740,0.925
6313,1092,12965403,0.973
6314,1092,67337468,0.891
6315,1092,11953649,0.982
6316,1092,17390880,0.906
6317,1092,15843928,0.953
6318,1092,11148771,0.987
6319,1092,32460792,0.894
6320,1092,12115526,0.987
6321,1092,18919830,0.991
6322,1092,19990031,0.96
6323,1092,21079844,0.96
6324,1092,12431135,0.997
6325,1092,32207309,0.796
6326,1092,40442380,0.954
6327,1092,16089988,0.967
6328,1092,22444138,0.926
6329,1092,13096462,0.992
6330,1092,12499929,0.985
6331,1092,15427332,0.985
6332,1092,16191676,0.992
6333,1092,17338218,0.867
6334,1092,12824862,0.968
6335,1092,14197219,0.996
6336,1092,15114835,0.975
6337,1092,20933165,0.974
6338,1092,23422366,0.962
6339,1092,32659157,0.945
6340,1092,16977508,0.938
6341,1092,13425362,0.994
6342,1092,17230183,0.948
6343,1092,20672752,0.957
6344,1092,19135647,0.979
6345,1092,17909660,0.97
6346,1092,20634273,0.902
6347,1092,11367539,0.975
6348,1092,12469295,0.984
6349,1092,8824858,0.997
6350,1092,14801610,0.931
6351,1092,12698666,0.976
6352,1092,16320924,0.96
6353,1092,10844721,0.991
6354,1092,14066672,0.972
6355,1092,8391438,0.99
6356,1092,19512633,0.961
6357,1092,16672217,0.973
6358,1092,13788052,0.998
6359,1092,7974376,0.999
6360,1092,29829640,0.981
6361,1092,17818808,0.976
6362,1092,15075210,0.961
6363,1092,14719208,0.978
6364,1092,9880935,0.999
6365,1092,8609034,0.996
6366,1092,66892204,0.919
6367,1092,17284964,0.916
6368,1092,6251498,1
6369,1092,39026441,0.946
6370,1092,33692425,0.985
6371,1092,11147270,0.986
6372,1092,12749912,0.994
6373,1092,18284389,0.872
6374,1092,13765656,0.976
6375,1092,9640148,0.996
6376,1092,21003395,0.99
6377,1092,11264422,0.994
6378,1092,14057378,0.976
6379,1092,27896204,0.971
6380,1092,19226129,0.761
6381,1092,10312371,0.981
6382,1092,9431581,0.995
6383,1092,30744325,0.998
6384,1092,9072122,0.999
6385,1092,22614303,0.904
6386,1092,31450611,1
6387,1092,12708751,0.987
6388,1092,10228223,0.978
6389,1092,26586945,0.937
6390,1092,8313919,0.994
6391,1092,59958686,0.994
6392,1092,11697910,0.996
6393,1092,11729459,0.998
6394,1092,10570631,0.998
6395,1092,54144552,0.981
6396,1092,14924023,0.941
6397,1092,6751361,1
6398,1092,11671364,0.992
6399,1092,22160053,0.994
6400,1092,16441143,0.956
6401,1092,12000816,0.968
6402,1092,13777985,0.96
6403,1092,9795328,0.996
6404,1092,12925752,0.995
6405,1092,18950492,0.879
6406,1092,22973265,0.881
6407,1092,13581706,0.99
6408,1092,31926113,0.932
6409,1092,16043081,0.977
6410,1092,12187506,0.983
6411,1092,11237842,0.986
6412,1092,13230751,0.985
6413,1092,21721771,0.959
6414,1092,26143079,0.975
6415,1092,7610700,0.999
6416,1092,17743657,0.933
6417,1092,14455541,0.993
6418,1092,25009068,0.787
6419,1092,13241130,0.97
6420,1092,12628645,0.982
6421,1092,9360016,0.993
6422,1092,12774967,0.973
6423,1092,12026886,0.985
6424,1092,12478008,0.956
6425,1092,7972264,0.997
6426,1092,12652967,0.991
6427,1092,12599379,0.968
6428,1092,16249164,0.902
6429,1092,25149330,0.95
6430,1092,8423564,1
6431,1092,14019283,0.986
6432,1092,11724645,0.986
6433,1092,11447286,0.961
6434,1092,19841648,0.887
6435,1092,13297698,0.976
6436,1092,11553450,0.987
6437,1092,15596430,0.972
6438,1092,13436493,0.958
6439,1092,11528638,0.99
6440,1092,8569110,0.983
6441,1092,19426538,0.972
6442,1092,11446163,0.992
6443,1092,11522407,0.992
6444,1092,16347336,0.967
6445,1092,12165448,0.975
6446,1092,19580768,0.904
6447,1092,9412676,0.995
6448,1092,14664493,0.975
6449,1092,9168544,0.995
6450,1092,19733972,0.839
6451,1092,30641941,0.937
6452,1092,12532491,0.983
6453,1092,26891351,0.946
6454,1092,11624723,0.985
6455,1092,33833350,0.976
6456,1092,26229651,0.973
6457,1092,22939221,0.762
6458,1092,24969611,0.993
6459,1092,16405368,0.939
6460,1092,24132826,0.946
6461,1092,14352835,0.986
6462,1092,11017082,0.994
6463,1092,15068934,0.961
6464,1092,36035141,0.866
6465,1092,14158837,0.952
6466,1092,20650303,0.964
6467,1092,8870372,0.998
6468,1092,9140329,0.995
6469,1092,16372273,0.975
6470,1092,15370773,0.983
6471,1092,11672004,0.984
6472,1092,12900165,0.976
6473,1092,16128945,0.994
6474,1092,21796460,0.962
6475,1092,14345338,0.982
6476,1092,17846592,0.912
6477,1092,11543178,0.994
6478,1092,6127288,0.998
6479,1092,14488692,0.971
6480,1092,34750464,0.94
6481,1092,14650622,0.97
6482,1092,11163367,0.99
6483,1092,9433755,0.986
6484,1092,7508031,1
6485,1092,7249765,0.998
6486,1092,8953849,0.996
6487,1092,11104586,0.998
6488,1092,12528010,0.976
6489,1092,13882281,0.972
6490,1092,15106669,0.969
6491,1092,12688237,0.972
6492,1092,8036917,0.992
6493,1092,9962510,0.981
6494,1092,16669171,0.965
6495,1092,14949017,0.89
6496,1092,9955965,0.999
6497,1092,9258766,0.994
6498,1092,11026000,0.99
6499,1092,9700738,0.999
6500,1092,11891578,0.992
6501,1092,35273014,0.986
6502,1092,17904514,0.994
6503,1092,41369687,0.884
6504,1092,9905887,0.999
6505,1092,21106539,0.99
6506,1092,15679358,0.975
6507,1092,13306756,0.994
6508,1092,14658015,0.972
6509,1092,12969948,0.982
6510,1092,13818703,0.957
6511,1092,10479105,0.964
6512,1092,13533995,0.979
6513,1092,35525443,0.999
6514,1092,14683035,0.964
6515,1092,20989860,0.921
6516,1092,23026706,0.88
6517,1092,8615133,0.997
6518,1092,22330953,0.858
6519,1092,13435906,0.98
6520,1092,12015197,0.994
6521,1092,10488093,0.986
6522,1092,11790270,1
6523,1092,12819730,0.99
6524,1092,18596358,0.943
6525,1092,8227081,0.999
6526,1092,13066658,0.992
6527,1092,32109438,0.849
6528,1092,26605037,0.837
6529,1092,11453232,0.992
6530,1092,15994870,0.997
6531,1092,11626833,0.997
6532,1092,15723381,0.94
6533,1092,14287750,0.993
6534,1092,8584879,0.998
6535,1092,12748191,0.984
6536,1092,14405690,0.971
6537,1092,11475872,0.972
6538,1092,8045729,0.994
6539,1092,46284238,0.894
6540,1092,13612976,0.989
6541,1092,10442677,0.992
6542,1092,21099657,0.751
6543,1092,11582821,0.996
6544,1092,13201352,0.982
6545,1092,16413652,0.95
6546,1092,17052989,0.86
6547,1092,29242009,0.91
6548,1092,12393486,0.978
6549,1092,14493383,0.884
6550,1092,16857854,0.989
6551,1092,19737754,0.779
6552,1092,10944975,0.946
6553,1092,12323558,0.991
6554,1092,22172515,0.992
6555,1092,11158509,0.994
6556,1092,11119025,0.955
6557,1092,14296567,0.972
6558,1092,14887399,0.97
6559,1092,8771398,0.997
6560,1092,9764984,0.988
6561,1092,20917613,0.785
6562,1092,13923647,0.992
6563,1092,8589180,0.997
6564,1092,12174094,0.999
6565,1092,12212401,0.92
6566,1092,10910667,0.987
6567,1092,13811581,0.98
6568,1092,39294211,0.963
6569,1092,12792633,0.99
6570,1092,11242903,0.986
6571,1092,12299970,0.994
6572,1092,17486245,0.931
6573,1092,19822647,0.979
6574,1092,12342419,0.984
6575,1092,13502297,0.971
6576,1092,10135456,0.986
6577,1092,6826627,1
6578,1092,15774268,0.995
6579,1092,16997134,0.898
6580,1092,21903831,0.99
6581,1092,15907557,0.908
6582,1092,14973815,0.954
6583,1092,13340834,0.971
6584,1092,17603186,0.978
6585,1092,19210545,0.993
6586,1092,10409940,0.998
6587,1092,12134242,0.995
6588,1092,14428726,0.97
6589,1092,28709685,0.917
6590,1092,8795479,0.997
6591,1092,29005090,0.967
6592,1092,13276818,0.977
6593,1092,19238303,0.887
6594,1092,16500661,0.95
6595,1092,11767788,0.987
6596,1092,11835411,0.944
6597,1092,15094649,0.989
6598,1092,15330980,0.971
6599,1092,15689216,0.959
6600,1092,25492226,0.86
6601,1092,13659760,0.958
6602,1092,12462650,0.979
6603,1092,19082926,0.907
6604,1092,15553259,0.969
6605,1092,8177155,0.996
6606,1092,17874954,0.953
6607,1092,12193965,0.915
6608,1092,10976267,0.992
6609,1092,24463210,0.945
6610,1092,14284193,0.942
6611,1092,16054921,0.971
6612,1092,10655976,0.989
6613,1092,13116279,0.958
6614,1092,16147410,0.968
6615,1092,13310129,0.996
6616,1092,14928509,0.988
6617,1092,13087804,0.981
6618,1092,14921904,0.96
6619,1092,16659804,0.923
6620,1092,10655481,0.987
6621,1092,14958768,0.964
6622,1092,40508944,0.934
6623,1092,24128177,0.956
6624,1092,10896607,0.995
6625,1092,7771173,0.999
6626,1092,16819393,0.985
6627,1092,13462065,0.974
6628,1092,24311925,0.893
6629,1092,12589846,0.993
6630,1092,18395597,0.936
6631,1092,24104231,0.954
6632,1092,18050170,0.999
6633,1092,15436791,0.952
6634,1092,10159605,0.995
6635,1092,15398921,0.99
6636,1092,11048696,0.99
6637,1092,12563633,0.963
6638,1092,17362273,0.995
6639,1092,8803878,0.993
6640,1092,11666920,0.997
6641,1092,16496778,0.99
6642,1092,9626752,0.993
6643,1092,7221128,0.999
6644,1092,24121788,0.967
6645,1092,15545027,0.917
6646,1092,26800591,0.994
6647,1092,11096713,0.983
6648,1092,9655050,0.994
6649,1092,16845812,0.958
6650,1092,13134542,0.989
6651,1092,10431436,0.992
6652,1092,16246294,0.98
6653,1092,13486437,0.992
6654,1092,9205070,0.998
6655,1092,33579913,0.929
6656,1092,8866933,1
6657,1092,18390719,0.733
6658,1092,13888781,0.894
6659,1092,15869974,0.986
6660,1092,10364635,0.98
6661,1092,40741035,0.87
6662,1092,16130559,0.981
6663,1092,26513520,0.942
6664,1092,10717833,0.983
6665,1092,15553879,0.971
6666,1092,28436165,0.87
6667,1092,9970888,1
6668,1092,20706454,0.917
6669,1092,15241048,0.976
6670,1092,7472374,0.999
6671,1092,26923768,0.919
6672,1092,14616707,0.944
6673,1092,26406477,0.821
6674,1092,34651817,0.844
6675,1092,18766654,0.997
6676,1092,12764003,0.987
6677,1092,8332844,0.998
6678,1092,28575062,0.935
6679,1092,10681392,0.996
6680,1092,10823453,0.979
6681,1092,14016871,0.929
6682,1092,37613488,0.963
6683,1092,14713311,0.984
6684,1092,28680103,0.939
6685,1092,15961918,0.934
6686,1092,16039493,0.921
6687,1092,10356515,0.99
6688,1092,40242367,0.953
6689,1092,34080122,0.773
6690,1092,14609259,0.926
6691,1092,11546657,0.966
6692,1092,25086557,0.994
6693,1092,14877768,0.987
6694,1092,21497287,0.974
6695,1092,19524069,0.787
6696,1092,17752666,0.972
6697,1092,15765171,0.974
6698,1092,25728284,0.949
6699,1092,22240571,0.995
6700,1092,15998200,0.943
6701,1092,16866867,0.974
6702,1092,13217939,0.987
6703,1092,10705812,1
6704,1092,11949340,0.981
6705,1092,37728684,0.924
6706,1092,14706806,0.962
6707,1092,11676769,0.975
6708,1092,16279284,0.959
6709,1092,11486436,0.989
6710,1092,12684115,0.994
6711,1092,21575894,0.991
6712,1092,10573819,0.999
6713,1092,13165980,0.994
6714,1092,22334311,0.952
6715,1092,16574170,0.991
6716,1092,72903702,0.928
6717,1092,25292206,0.917
6718,1092,12547344,0.987
6719,1092,17913431,0.826
6720,1092,24381965,0.96
6721,1092,24524906,0.984
6722,1092,25492806,0.953
6723,1092,10412368,0.984
6724,1092,26791485,0.965
6725,1092,10805473,0.995
6726,1092,18701466,0.914
6727,1092,11383822,0.991
6728,1092,9549862,0.99
6729,1092,11448528,0.988
6730,1092,17700104,0.978
6731,1092,10172585,0.998
6732,1092,43092513,0.943
6733,1092,20824177,0.976
6734,1092,12578248,0.993
6735,1092,12628811,0.968
6736,1092,9864740,0.985
6737,1092,20602184,0.97
6738,1092,10899982,0.994
6739,1092,16552468,0.905
6740,1092,17357098,0.945
6741,1092,8272165,0.998
6742,1092,17297242,0.973
6743,1092,10366726,0.994
6744,1092,8431283,0.989
6745,1092,49242827,0.968
6746,1092,14791156,0.926
6747,1092,12584185,0.985
6748,1092,14768337,0.994
6749,1092,5058194,0.999
6750,1092,13071853,0.986
6751,1092,30299247,0.897
6752,1092,11605796,0.998
6753,1092,17225276,0.816
6754,1092,26981438,0.812
6755,1092,12653273,0.998
6756,1092,8698296,0.997
6757,1092,7082186,0.996
6758,1092,31994979,0.962
6759,1092,10985149,0.994
6760,1092,42158294,0.868
6761,1092,15118161,0.939
6762,1092,14250598,0.985
6763,1092,15116523,0.965
6764,1092,13103594,0.983
6765,1092,13281501,0.967
6766,1092,11804181,0.992
6767,1092,13089549,0.992
6768,1092,13872960,0.986
6769,1092,12630631,0.995
6770,1092,9474000,0.996
6771,1092,8143840,0.997
6772,1092,19330406,0.932
6773,1092,21753711,0.911
6774,1092,15887920,0.854
6775,1092,16590544,0.909
6776,1092,25669728,0.924
6777,1092,8489698,0.998
6778,1092,11770310,0.998
6779,1092,14580598,0.982
6780,1092,25928096,0.887
6781,1092,16131015,0.881
6782,1092,9026456,1
6783,1092,12371699,0.98
6784,1092,14041915,0.977
6785,1092,14498548,0.96
6786,1092,10093454,0.996
6787,1092,24329579,0.992
6788,1092,38928639,0.738
6789,1092,41298263,0.954
6790,1092,9099649,1
6791,1092,14242759,0.981
6792,1092,34471087,0.839
6793,1092,18002548,0.974
6794,1092,13732484,0.946
6795,1092,21260694,0.74
6796,1092,24510998,0.987
6797,1092,42178226,0.995
6798,1092,14744183,0.965
6799,1092,12338755,0.992
6800,1092,11886901,0.992
6801,1092,16543906,0.997
6802,1092,14737170,0.978
6803,1092,12318627,0.998
6804,1092,11359827,0.984
6805,1092,8995864,0.997
6806,1092,12889445,0.989
6807,1092,11456765,1
6808,1092,9832072,0.994
6809,1092,46367471,0.967
6810,1092,12557588,0.97
6811,1092,10391740,0.992
6812,1092,12145894,0.99
6813,1092,15154232,0.985
6814,1092,45076812,0.883
6815,1092,15661096,0.951
6816,1092,11368729,0.993
6817,1092,13244086,0.958
6818,1092,9868337,0.999
6819,1092,11186290,0.998
6820,1092,21350769,0.907
6821,1092,12826022,0.946
6822,1092,10808060,0.972
6823,1092,9413656,0.998
6824,1092,11239296,0.989
6825,1092,38488783,0.958
6826,1092,29712916,0.896
6827,1092,10086970,0.989
6828,1092,16925287,0.93
6829,1092,20474166,0.953
6830,1092,11820152,0.985
6831,1092,5702635,0.998
6832,1092,9987433,0.998
6833,1092,12017488,0.981
6834,1092,16983494,0.983
6835,1092,5781313,1
6836,1092,12916924,0.989
6837,1092,22956820,0.99
6838,1092,29419026,0.966
6839,1092,18156530,0.994
6840,1092,15233875,0.991
6841,1092,19659183,0.973
6842,1092,9715060,0.997
6843,1092,12386006,0.919
6844,1092,13704249,0.985
6845,1092,47813780,0.842
6846,1092,13015366,0.989
6847,1092,19465409,0.926
6848,1092,18462471,0.943
6849,1092,12174368,0.993
6850,1092,11976475,0.982
6851,1092,14877791,0.947
6852,1092,5796181,1
6853,1092,11946967,0.983
6854,1092,7946304,0.998
6855,1092,10212353,0.987
6856,1092,9723634,0.986
6857,1092,18638419,0.814
6858,1092,17126147,0.961
6859,1092,16060691,0.994
6860,1092,9825566,0.998
6861,1092,28217691,0.864
6862,1092,9153993,0.981
6863,1092,11503128,0.997
6864,1092,9379631,0.998
6865,1092,15989299,0.962
6866,1092,33221673,0.964
6867,1092,18306202,0.975
6868,1092,11714876,0.99
6869,1092,9564138,0.997
6870,1092,12359510,0.991
6871,1092,10897092,0.997
6872,1092,14348654,0.966
6873,1092,12040482,0.982
6874,1092,8997316,0.999
6875,1092,16674249,0.904
6876,1092,20634846,0.998
6877,1092,14391487,0.984
6878,1092,14109614,0.934
6879,1092,13940243,0.992
6880,1092,9691935,0.993
6881,1092,8064180,0.998
6882,1092,25630180,0.981
6883,1092,10083580,0.99
6884,1092,9121665,0.999
6885,1092,10573413,0.994
6886,1092,18696543,0.958
6887,1092,17646505,0.916
6888,1092,8701497,0.994
6889,1092,17506456,0.957
6890,1092,14546374,0.98
6891,1092,20283174,0.951
6892,1092,14303715,0.981
6893,1092,18111781,0.908
6894,1092,11975137,0.985
6895,1092,10422038,0.99
6896,1092,13753878,0.981
6897,1092,10241163,0.994
6898,1092,15814659,0.938
6899,1092,19171840,0.942
6900,1092,13861332,0.986
6901,1092,7510790,0.993
6902,1092,40821523,0.944
6903,1092,14527427,0.969
6904,1092,15815756,0.972
6905,1092,28922146,0.915
6906,1092,46293805,0.948
6907,1092,21976159,0.926
6908,1092,12964997,0.976
6909,1092,26079959,0.933
6910,1092,10313738,0.99
6911,1092,9776143,0.997
6912,1092,9422060,0.996
6913,1092,11538379,0.998
6914,1092,16988557,0.848
6915,1092,42001064,0.931
6916,1092,21257538,0.95
6917,1092,8669288,0.995
6918,1092,10615898,0.992
6919,1092,46739188,0.949
6920,1092,19810953,0.984
6921,1092,24382343,0.991
6922,1092,24199114,0.855
6923,1092,8191667,0.994
6924,1092,31277886,0.995
6925,1092,14593044,0.966
6926,1092,9422573,0.994
6927,1092,28743356,0.909
6928,1092,13262262,0.978
6929,1092,9085296,0.999
6930,1092,9291534,0.997
6931,1092,11830684,0.975
6932,1092,11975416,0.989
6933,1092,12365581,0.987
6934,1092,8500691,0.996
6935,1092,10880979,0.998
6936,1092,12946622,0.993
6937,1092,8748605,0.997
6938,1092,9118382,0.997
6939,1092,15208895,0.958
6940,1092,20509457,0.984
6941,1092,14455769,0.986
6942,1092,10392636,0.988
6943,1092,20700955,0.908
6944,1092,10533452,0.999
6945,1092,19689403,0.953
6946,1092,26068720,0.977
6947,1092,16188599,0.937
6948,1092,21427480,0.831
6949,1092,33995546,0.998
6950,1092,10208567,0.991
6951,1092,8923787,0.999
6952,1092,9503995,1
6953,1092,13613279,0.973
6954,1092,34666812,0.873
6955,1092,14369308,0.983
6956,1092,8887209,1
6957,1092,15875062,0.957
6958,1092,17916886,0.994
6959,1092,25287721,0.965
6960,1092,12425799,0.996
6961,1092,10986361,0.993
6962,1092,14828878,0.956
6963,1092,17871374,0.858
6964,1092,9193008,0.998
6965,1092,11317599,0.987
6966,1092,23540050,0.796
6967,1092,7097630,1
6968,1092,10683231,0.999
6969,1092,32572099,0.902
6970,1092,9990570,0.993
6971,1092,6167791,0.999
6972,1092,10465854,0.996
6973,1092,13510351,0.94
6974,1092,12227174,0.987
6975,1092,32692859,0.917
6976,1092,13637723,0.988
6977,1092,8061513,0.998
6978,1092,16556681,0.97
6979,1092,7564068,0.999
